game_id,game_date,team,points,fgm,fga,fg2m,fg2a,fg3m,fg3a,ftm,fta,oreb,dreb,treb,ast,stl,blk,tov,pf,pf_drawn,blk_against,poss,pace
USPORTS_20260308_07zs,,Acadia,76,29,63,18,35,11,28,7,10,4,23,27,16,4,2,17,20,0,0,79.4,77.1
USPORTS_20260308_07zs,,Laval,85,29,75,20,44,9,31,18,22,13,25,38,15,10,2,8,15,0,0,74.9,77.1
USPORTS_20260308_jm0x,,Toronto Metropolitan,81,32,72,25,49,7,23,10,13,8,28,36,10,7,4,16,18,0,0,83.3,81.0
USPORTS_20260308_jm0x,,Victoria,85,28,62,18,33,10,29,19,27,7,25,32,17,9,4,12,16,0,0,78.6,81.0
USPORTS_20260308_twon,,Carleton,78,26,73,14,41,12,32,14,21,16,24,40,11,8,2,8,23,0,0,70.6,72.3
USPORTS_20260308_twon,,Bishop's,75,27,62,18,35,9,27,12,20,11,25,36,14,3,2,15,24,0,0,74.0,72.3
USPORTS_20251002_zb5v,2025-10-02,Waterloo,55,21,68,18,44,3,24,10,20,9,30,39,5,11,3,12,18,0,0,78.7,76.4
USPORTS_20251002_zb5v,2025-10-02,Saskatchewan,59,20,61,16,46,4,15,15,23,13,36,49,8,9,2,17,18,0,0,74.9,76.8
USPORTS_20251002_efi6,2025-10-02,Winnipeg,83,29,59,23,34,6,25,19,24,11,21,32,16,13,3,11,12,0,0,68.8,71.1
USPORTS_20251002_efi6,2025-10-02,Regina,62,24,54,21,34,3,20,11,17,7,19,26,10,10,4,20,16,0,0,73.5,71.1
USPORTS_20251003_el0h,2025-10-03,UNBC,61,25,58,16,31,9,27,2,4,3,22,25,14,7,4,18,12,0,0,74.2,74.0
USPORTS_20251003_el0h,2025-10-03,Dalhousie,78,31,73,25,51,6,22,10,13,14,27,41,20,11,3,14,11,0,0,75.2,74.7
USPORTS_20251003_7qp7,2025-10-03,Thompson Rivers,65,20,67,11,31,9,36,16,28,15,19,34,14,9,0,10,23,0,0,72.2,73.4
USPORTS_20251003_7qp7,2025-10-03,Brock,83,26,50,13,29,13,21,18,24,8,29,37,18,1,5,21,24,0,0,74.0,72.7
USPORTS_20251003_3mby,2025-10-03,Brandon,82,33,70,21,37,12,33,4,10,15,22,37,15,7,0,15,25,0,0,73.4,78.0
USPORTS_20251003_3mby,2025-10-03,Regina,87,28,62,18,34,10,28,21,30,11,22,33,14,9,6,18,15,0,0,81.1,78.4
USPORTS_20251004_3tie,2025-10-04,UFV,88,29,66,20,47,9,19,21,26,11,29,40,19,7,7,15,22,0,0,79.6,81.2
USPORTS_20251004_3tie,2025-10-04,Saskatchewan,77,25,60,17,40,8,20,19,26,3,23,26,19,11,4,14,23,0,0,81.9,81.2
USPORTS_20251004_yj1y,2025-10-04,UBCO,82,26,60,15,36,11,24,19,25,11,35,46,11,8,1,34,19,0,0,92.5,94.4
USPORTS_20251004_yj1y,2025-10-04,York,89,34,86,27,57,7,29,14,27,19,21,40,12,21,2,17,20,0,0,95.3,93.4
USPORTS_20251004_1vn8,2025-10-04,Cape Breton,44,16,41,14,30,2,11,10,23,5,14,19,16,8,4,19,12,0,0,65.8,117.6
USPORTS_20251004_1vn8,2025-10-04,UQAM,85,30,81,20,49,10,32,15,22,10,26,36,14,18,2,25,28,0,0,92.9,70.6
USPORTS_20251004_euln,2025-10-04,Victoria,95,35,78,20,41,15,37,10,11,6,18,24,22,20,4,7,15,0,0,82.2,81.2
USPORTS_20251004_euln,2025-10-04,Dalhousie,64,23,54,16,36,7,18,11,15,7,30,37,12,5,1,29,11,0,0,80.3,81.2
USPORTS_20251004_da01,2025-10-04,Laurier,44,19,68,17,38,2,30,4,10,6,25,31,7,7,1,12,22,0,0,77.1,79.7
USPORTS_20251004_da01,2025-10-04,Brock,69,24,68,16,38,8,30,13,21,11,37,48,11,4,6,17,13,0,0,79.9,78.5
USPORTS_20251005_d3rk,2025-10-05,Thompson Rivers,71,23,61,13,29,10,32,15,19,7,13,20,13,7,1,15,19,0,0,75.7,74.5
USPORTS_20251005_d3rk,2025-10-05,Laurier,86,31,55,22,36,9,19,15,18,5,26,31,16,9,2,19,19,0,0,74.8,75.3
USPORTS_20251005_nf25,2025-10-05,Mount Royal,74,31,63,25,43,6,20,6,9,7,22,29,12,11,3,15,23,0,0,72.4,71.6
USPORTS_20251005_nf25,2025-10-05,Dalhousie,65,22,66,19,40,3,26,18,25,18,18,36,15,6,4,15,15,0,0,70.8,72.7
USPORTS_20251009_sr7m,2025-10-09,UBCO,68,24,62,15,32,9,30,11,19,11,17,28,14,8,2,12,15,0,0,70.6,69.8
USPORTS_20251009_sr7m,2025-10-09,Manitoba,79,29,65,18,34,11,31,10,13,13,27,40,18,5,1,15,19,0,0,69.0,69.8
USPORTS_20251009_e8s3,2025-10-09,Lakehead,69,26,68,19,46,7,22,10,11,11,23,34,14,8,1,21,16,0,0,78.9,79.1
USPORTS_20251009_e8s3,2025-10-09,Winnipeg,84,34,74,26,44,8,30,8,13,13,22,35,15,10,2,15,13,0,0,79.3,79.1
USPORTS_20251010_ybi3,2025-10-10,UBCO,63,27,61,24,46,3,15,6,8,7,25,32,13,9,4,25,24,0,0,79.7,79.7
USPORTS_20251010_ybi3,2025-10-10,Winnipeg,73,25,71,21,45,4,26,19,25,19,19,38,12,15,1,19,18,0,0,79.7,79.7
USPORTS_20251010_5ozs,2025-10-10,Dalhousie,79,26,58,17,31,9,27,18,26,8,22,30,17,5,3,23,20,0,0,82.3,81.2
USPORTS_20251010_5ozs,2025-10-10,Toronto Metropolitan,91,34,70,26,45,8,25,15,25,11,19,30,14,14,3,12,18,0,0,80.2,83.3
USPORTS_20251010_k8ew,2025-10-10,Regina,74,23,55,12,25,11,30,17,24,5,20,25,13,3,3,17,20,0,0,77.0,77.2
USPORTS_20251010_k8ew,2025-10-10,Laurier,91,31,64,20,31,11,33,18,21,7,26,33,10,9,1,11,18,0,0,75.1,76.1
USPORTS_20251011_qvft,2025-10-11,Regina,69,28,62,21,40,7,22,6,9,8,19,27,9,6,1,15,11,0,0,71.6,71.3
USPORTS_20251011_qvft,2025-10-11,Toronto Metropolitan,94,34,75,18,40,16,35,10,18,19,23,42,20,6,2,10,13,0,0,71.0,70.9
USPORTS_20251011_g1lw,2025-10-11,Toronto,88,33,70,28,45,5,25,17,27,15,30,45,20,8,4,26,29,0,0,88.1,90.3
USPORTS_20251011_g1lw,2025-10-11,UQAM,99,34,76,26,50,8,26,23,35,15,15,30,17,20,2,16,21,0,0,92.4,90.3
USPORTS_20251011_ct3x,2025-10-11,UBCO,84,31,77,23,47,8,30,14,22,13,19,32,14,12,0,16,20,0,0,88.1,85.2
USPORTS_20251011_ct3x,2025-10-11,Lakehead,100,37,79,29,50,8,29,18,21,20,31,51,20,9,2,17,20,0,0,82.2,85.2
USPORTS_20251011_hvie,2025-10-11,Dalhousie,77,28,66,19,38,9,28,12,16,13,27,40,2,5,0,12,19,0,0,69.5,69.0
USPORTS_20251011_hvie,2025-10-11,Laurier,69,24,58,18,28,6,30,15,22,9,21,30,6,9,3,10,15,0,0,68.6,68.7
USPORTS_20251012_svqt,2025-10-12,Dalhousie,75,26,69,17,40,9,29,14,21,9,22,31,17,12,3,13,14,0,0,79.4,78.3
USPORTS_20251012_svqt,2025-10-12,McMaster,67,25,54,19,37,6,17,11,16,7,26,33,11,11,8,22,21,0,0,75.5,76.7
USPORTS_20251016_9m6o,2025-10-16,Lethbridge,62,21,61,18,41,3,20,17,28,9,19,28,8,6,3,17,20,0,0,80.7,81.8
USPORTS_20251016_9m6o,2025-10-16,UFV,73,25,60,21,42,4,18,19,29,10,31,41,11,10,4,19,22,0,0,78.8,79.8
USPORTS_20251016_3m5q,2025-10-16,Ontario Tech,72,29,69,23,44,6,25,8,14,7,22,29,7,11,1,10,15,0,0,77.7,79.1
USPORTS_20251016_3m5q,2025-10-16,Waterloo,85,29,62,17,34,12,28,15,18,10,33,43,10,7,1,20,11,0,0,78.9,78.3
USPORTS_20251016_g4rj,2025-10-16,Concordia,67,25,58,20,40,5,18,12,20,5,25,30,11,6,2,15,18,0,0,76.4,78.0
USPORTS_20251016_g4rj,2025-10-16,Victoria,95,33,67,21,35,12,32,17,19,4,28,32,21,11,2,10,18,0,0,80.3,78.8
USPORTS_20251017_x4lv,2025-10-17,Regina,92,32,60,21,36,11,24,17,22,9,19,28,17,7,3,20,16,0,0,80.1,80.2
USPORTS_20251017_x4lv,2025-10-17,UFV,95,36,67,29,42,7,25,16,21,8,19,27,23,16,0,14,18,0,0,80.4,80.2
USPORTS_20251017_ipix,2025-10-17,Lethbridge,72,23,59,12,25,11,34,15,22,2,24,26,15,11,1,18,26,0,0,84.5,85.5
USPORTS_20251017_ipix,2025-10-17,UBC,77,28,58,23,40,5,18,16,29,7,33,40,11,10,2,23,22,0,0,86.5,85.5
USPORTS_20251017_wans,2025-10-17,York,75,27,69,20,48,7,21,14,21,13,28,41,13,8,5,21,25,0,0,84.3,85.8
USPORTS_20251017_wans,2025-10-17,Guelph,80,28,69,24,56,4,13,20,32,9,26,35,15,16,4,15,15,0,0,87.4,85.4
USPORTS_20251017_k3ug,2025-10-17,UNBC,27,11,33,10,26,1,7,4,6,8,17,25,8,1,0,11,11,0,0,38.1,61.1
USPORTS_20251017_k3ug,2025-10-17,Winnipeg,36,16,29,14,22,2,7,2,5,6,14,20,8,4,2,4,3,0,0,31.6,87.1
USPORTS_20251017_ye62,2025-10-17,McGill,80,29,68,18,39,11,29,11,16,9,16,25,13,9,0,14,27,0,0,79.2,79.7
USPORTS_20251017_ye62,2025-10-17,Toronto,100,30,57,25,40,5,17,35,43,7,29,36,13,7,2,14,15,0,0,81.1,81.0
USPORTS_20251018_fsn8,2025-10-18,Alberta,80,29,67,22,37,7,30,15,19,15,26,41,11,12,1,8,10,0,0,61.6,64.2
USPORTS_20251018_fsn8,2025-10-18,Waterloo,60,24,60,12,24,12,36,0,2,5,13,18,13,3,0,14,16,0,0,68.7,65.1
USPORTS_20251018_4art,2025-10-18,McGill,78,26,57,24,43,2,14,24,30,9,25,34,8,9,3,9,14,0,0,69.6,70.9
USPORTS_20251018_4art,2025-10-18,Laurier,69,26,69,19,40,7,29,10,16,14,22,36,13,5,1,12,24,0,0,71.5,69.8
USPORTS_20251018_7wo7,2025-10-18,Algoma,45,16,49,13,32,3,17,10,14,6,16,22,8,9,1,23,19,0,0,68.1,50.1
USPORTS_20251018_7wo7,2025-10-18,Winnipeg,39,15,25,13,20,2,5,7,7,11,15,26,2,3,0,6,5,0,0,29.7,111.1
USPORTS_20251018_94v5,2025-10-18,Calgary,78,27,68,21,41,6,27,18,25,13,25,38,8,10,3,13,17,0,0,77.0,78.7
USPORTS_20251018_94v5,2025-10-18,Victoria,91,30,64,15,29,15,35,16,19,8,25,33,17,8,7,16,19,0,0,79.5,78.3
USPORTS_20251022_f4a8,2025-10-22,Acadia,76,30,66,23,45,7,21,9,13,9,15,24,15,6,0,16,27,0,0,77.5,74.0
USPORTS_20251022_f4a8,2025-10-22,Dalhousie,81,25,54,20,41,5,13,26,36,13,25,38,16,11,5,15,16,0,0,70.4,75.1
USPORTS_20251024_chk2,2025-10-24,StFX,99,39,87,37,71,2,16,19,28,12,34,46,10,9,7,18,29,0,0,104.5,83.1
USPORTS_20251024_chk2,2025-10-24,Memorial,95,32,85,21,40,11,45,20,37,17,36,53,16,6,2,21,19,0,0,103.4,86.2
USPORTS_20251024_9338,2025-10-24,UPEI,70,26,68,15,34,11,34,7,9,10,25,35,19,5,2,11,16,0,0,72.0,73.3
USPORTS_20251024_9338,2025-10-24,UNB,85,32,73,22,47,10,26,11,19,12,31,43,14,7,2,9,12,0,0,76.1,74.1
USPORTS_20251024_jrjy,2025-10-24,Laurier,91,35,83,21,39,14,44,7,10,16,32,48,23,13,0,11,17,0,0,79.7,80.2
USPORTS_20251024_jrjy,2025-10-24,Algoma,52,17,61,10,30,7,31,11,16,6,28,34,11,8,2,20,15,0,0,80.6,80.2
USPORTS_20251024_okh4,2025-10-24,Windsor,76,28,68,22,42,6,26,14,20,7,32,39,18,6,3,13,19,0,0,82.1,71.3
USPORTS_20251024_okh4,2025-10-24,Nipissing,71,25,74,16,43,9,31,12,16,11,32,43,19,5,5,10,17,0,0,77.6,71.0
USPORTS_20251024_ll02,2025-10-24,Ottawa,83,35,74,29,49,6,25,7,10,12,24,36,11,7,1,12,14,0,0,76.1,78.0
USPORTS_20251024_ll02,2025-10-24,Guelph,87,35,75,25,46,10,29,7,11,11,23,34,20,5,2,12,8,0,0,78.4,77.2
USPORTS_20251024_b09p,2025-10-24,Queen's,88,35,70,28,50,7,20,11,14,3,18,21,19,4,1,9,13,0,0,82.0,82.6
USPORTS_20251024_b09p,2025-10-24,Lakehead,111,46,81,34,46,12,35,7,9,12,32,44,28,4,2,14,13,0,0,84.0,83.0
USPORTS_20251024_ab0e,2025-10-24,Toronto,61,22,67,18,41,4,26,13,25,15,24,39,9,15,1,21,23,0,0,80.9,79.5
USPORTS_20251024_ab0e,2025-10-24,Brock,57,20,60,12,27,8,33,9,17,11,25,36,12,8,2,24,23,0,0,78.0,79.5
USPORTS_20251024_q9ct,2025-10-24,Toronto Metropolitan,78,30,72,23,50,7,22,11,17,12,21,33,8,8,2,7,14,0,0,72.7,71.3
USPORTS_20251024_q9ct,2025-10-24,McMaster,72,28,70,19,38,9,32,7,9,14,27,41,7,6,3,14,21,0,0,70.0,71.7
USPORTS_20251024_oqca,2025-10-24,Thompson Rivers,76,25,64,23,45,2,19,24,36,20,26,46,7,11,3,15,16,0,0,73.4,72.0
USPORTS_20251024_oqca,2025-10-24,UBCO,57,20,61,13,34,7,27,10,12,10,19,29,13,8,5,18,24,0,0,72.1,72.4
USPORTS_20251024_5tym,2025-10-24,Mount Royal,69,21,66,17,48,4,18,23,32,14,19,33,8,9,2,10,25,0,0,74.4,73.1
USPORTS_20251024_5tym,2025-10-24,Alberta,77,26,57,17,30,9,27,16,25,11,29,40,17,3,4,16,23,0,0,71.8,73.1
USPORTS_20251024_s4jy,2025-10-24,Calgary,92,30,62,26,41,4,21,28,34,7,29,36,9,6,1,11,21,0,0,80.7,79.2
USPORTS_20251024_s4jy,2025-10-24,Lethbridge,87,30,70,21,38,9,32,18,30,15,26,41,14,5,1,9,19,0,0,77.6,79.2
USPORTS_20251024_s9ww,2025-10-24,MacEwan,82,32,71,24,53,8,18,10,13,9,22,31,19,10,0,11,23,0,0,76.3,74.8
USPORTS_20251024_s9ww,2025-10-24,Saskatchewan,80,30,72,24,51,6,21,14,28,15,24,39,16,9,2,11,16,0,0,77.1,77.1
USPORTS_20251024_viae,2025-10-24,UFV,69,25,78,19,52,6,26,13,20,14,26,40,7,10,5,11,14,0,0,80.9,81.9
USPORTS_20251024_viae,2025-10-24,UBC,85,32,68,20,40,12,28,9,14,6,33,39,30,6,12,16,19,0,0,82.9,81.9
USPORTS_20251024_r1di,2025-10-24,Trinity Western,91,30,65,20,37,10,28,21,28,10,22,32,14,8,4,12,24,0,0,77.2,78.3
USPORTS_20251024_r1di,2025-10-24,Victoria,98,34,67,24,47,10,20,20,23,11,21,32,18,9,2,14,24,0,0,79.4,79.1
USPORTS_20251025_v334,2025-10-25,UPEI,52,20,63,16,46,4,17,8,11,10,31,41,14,5,0,24,15,0,0,78.7,80.4
USPORTS_20251025_v334,2025-10-25,UNB,70,27,65,23,49,4,16,12,17,8,25,33,15,11,3,18,13,0,0,82.1,82.5
USPORTS_20251025_ifv9,2025-10-25,Laurier,87,35,70,25,40,10,30,7,11,17,27,44,18,13,1,10,12,0,0,66.1,69.2
USPORTS_20251025_ifv9,2025-10-25,Algoma,60,22,59,12,26,10,33,6,10,7,17,24,14,4,0,17,12,0,0,72.2,69.2
USPORTS_20251025_mt61,2025-10-25,Cape Breton,79,32,62,28,46,4,16,11,15,9,25,34,18,7,3,19,15,0,0,78.3,77.6
USPORTS_20251025_mt61,2025-10-25,Saint Mary's,77,27,67,18,38,9,29,14,18,11,22,33,19,11,2,15,14,0,0,76.8,78.0
USPORTS_20251025_6lor,2025-10-25,Western,103,40,66,35,51,5,15,18,25,12,18,30,25,11,1,9,13,0,0,72.6,72.1
USPORTS_20251025_6lor,2025-10-25,Nipissing,92,33,63,15,25,18,38,8,8,9,13,22,30,5,5,15,19,0,0,70.8,71.4
USPORTS_20251025_lu8r,2025-10-25,StFX,88,28,71,18,38,10,33,22,32,19,27,46,14,8,2,9,22,0,0,74.2,77.1
USPORTS_20251025_lu8r,2025-10-25,Memorial,84,29,69,13,35,16,34,10,24,10,25,35,19,7,2,12,23,0,0,80.0,77.1
USPORTS_20251025_ek19,2025-10-25,Dalhousie,55,22,76,18,50,4,26,7,17,13,30,43,16,3,1,12,13,0,0,75.7,79.0
USPORTS_20251025_ek19,2025-10-25,Acadia,89,32,77,20,49,12,28,13,18,8,25,33,25,8,3,6,13,0,0,80.8,77.5
USPORTS_20251025_hw56,2025-10-25,Ontario Tech,77,31,74,24,45,7,29,8,12,9,26,35,19,9,8,10,27,0,0,78.9,80.8
USPORTS_20251025_hw56,2025-10-25,Lakehead,83,27,67,21,40,6,27,23,31,9,31,40,18,6,5,13,14,0,0,82.6,80.4
USPORTS_20251025_ws8q,2025-10-25,Toronto,66,22,69,16,41,6,28,16,25,17,20,37,4,8,0,15,19,0,0,75.1,75.7
USPORTS_20251025_ws8q,2025-10-25,McMaster,75,27,53,21,33,6,20,15,20,7,26,33,9,8,6,21,23,0,0,75.6,75.4
USPORTS_20251025_df7h,2025-10-25,Carleton,68,26,63,18,43,8,20,8,11,16,28,44,11,1,4,19,20,0,0,70.2,72.1
USPORTS_20251025_df7h,2025-10-25,Guelph,58,20,58,20,45,0,13,18,24,9,22,31,4,11,5,14,14,0,0,72.7,71.4
USPORTS_20251025_vb5p,2025-10-25,Waterloo,65,20,62,12,33,8,29,17,22,7,19,26,7,4,1,19,16,0,0,80.8,79.0
USPORTS_20251025_vb5p,2025-10-25,York,62,27,61,22,38,5,23,3,10,3,25,28,13,9,5,16,20,0,0,76.4,78.6
USPORTS_20251025_hjwz,2025-10-25,Toronto Metropolitan,62,23,60,17,31,6,29,10,14,8,18,26,13,7,7,12,14,0,0,67.9,65.5
USPORTS_20251025_hjwz,2025-10-25,Brock,71,27,77,18,37,9,40,8,9,20,23,43,12,4,2,11,16,0,0,63.8,66.2
USPORTS_20251025_0w41,2025-10-25,Victoria,84,27,55,23,42,4,13,26,35,8,31,39,12,7,4,16,15,0,0,77.5,79.5
USPORTS_20251025_0w41,2025-10-25,UFV,76,30,66,24,52,6,14,10,18,3,19,22,18,11,1,11,24,0,0,81.5,79.5
USPORTS_20251025_khe8,2025-10-25,MacEwan,73,26,57,18,34,8,23,13,17,12,18,30,8,9,1,20,12,0,0,71.2,71.7
USPORTS_20251025_khe8,2025-10-25,Saskatchewan,88,35,65,25,45,10,20,8,12,12,18,30,17,15,2,17,16,0,0,74.4,72.8
USPORTS_20251025_c4el,2025-10-25,Calgary,83,27,57,19,36,8,21,21,31,7,26,33,5,7,1,16,19,0,0,79.6,77.8
USPORTS_20251025_c4el,2025-10-25,Lethbridge,80,27,63,19,38,8,25,18,21,6,25,31,11,9,1,11,24,0,0,76.0,77.8
USPORTS_20251025_e0sg,2025-10-25,Mount Royal,81,29,66,23,44,6,22,17,27,16,22,38,10,7,3,11,20,0,0,72.6,72.0
USPORTS_20251025_e0sg,2025-10-25,Alberta,84,27,69,15,35,12,34,18,21,16,23,39,13,3,2,12,18,0,0,71.3,72.0
USPORTS_20251025_f6u6,2025-10-25,UBC,93,34,73,20,41,14,32,11,12,14,37,51,18,6,2,14,17,0,0,76.9,80.0
USPORTS_20251025_f6u6,2025-10-25,Trinity Western,82,32,78,18,41,14,37,4,14,13,24,37,23,7,1,11,15,0,0,82.4,80.0
USPORTS_20251026_3u9p,2025-10-26,Cape Breton,79,29,67,22,53,7,14,14,22,8,28,36,20,12,4,17,17,0,0,83.2,79.2
USPORTS_20251026_3u9p,2025-10-26,Saint Mary's,74,28,68,19,40,9,28,9,15,11,23,34,17,7,5,15,16,0,0,77.5,80.8
USPORTS_20251026_d01h,2025-10-26,UBCO,73,26,67,20,42,6,25,15,18,12,27,39,6,18,1,23,27,0,0,82.4,84.1
USPORTS_20251026_d01h,2025-10-26,UNBC,71,23,58,13,28,10,30,15,36,16,22,38,12,13,2,25,19,0,0,84.9,84.1
USPORTS_20251026_rvjb,2025-10-26,Brandon,74,20,60,10,41,10,19,24,28,6,22,28,13,11,2,18,21,0,0,83.6,83.8
USPORTS_20251026_rvjb,2025-10-26,Winnipeg,80,28,69,21,45,7,24,17,26,12,32,44,18,9,5,19,21,0,0,84.0,83.8
USPORTS_20251029_tg9e,2025-10-29,Dalhousie,74,28,70,20,52,8,18,10,15,13,34,47,12,9,3,20,12,0,0,82.7,85.2
USPORTS_20251029_tg9e,2025-10-29,StFX,75,25,79,15,38,10,41,15,19,16,29,45,20,12,1,18,17,0,0,86.9,84.4
USPORTS_20251031_15ou,2025-10-31,Memorial,39,13,72,11,49,2,23,11,19,12,29,41,11,4,1,12,14,0,0,76.6,78.1
USPORTS_20251031_15ou,2025-10-31,Acadia,61,22,73,13,46,9,27,8,16,9,36,45,17,11,8,14,15,0,0,81.1,77.3
USPORTS_20251031_udwc,2025-10-31,Lakehead,80,25,70,14,38,11,32,19,27,10,20,30,11,9,1,16,16,0,0,87.6,87.8
USPORTS_20251031_udwc,2025-10-31,Toronto Metropolitan,99,43,72,36,53,7,19,6,11,8,37,45,20,7,3,20,23,0,0,88.0,87.4
USPORTS_20251031_2zge,2025-10-31,UNB,77,30,78,21,48,9,30,8,10,10,40,50,12,5,2,26,19,0,0,94.9,85.2
USPORTS_20251031_2zge,2025-10-31,Cape Breton,83,29,78,20,51,9,27,16,27,5,28,33,13,18,4,11,12,0,0,95.1,83.3
USPORTS_20251031_vqsd,2025-10-31,Saint Mary's,90,34,79,29,60,5,19,17,28,10,33,43,9,15,4,16,26,0,0,97.5,79.1
USPORTS_20251031_vqsd,2025-10-31,UPEI,95,33,85,26,59,7,26,22,32,20,39,59,14,7,3,23,22,0,0,101.1,79.7
USPORTS_20251031_jnju,2025-10-31,Waterloo,75,30,69,25,49,5,20,10,12,10,19,29,4,9,2,10,8,0,0,72.7,70.0
USPORTS_20251031_jnju,2025-10-31,Laurier,77,31,70,20,37,11,33,4,6,17,26,43,15,6,1,15,16,0,0,67.9,70.0
USPORTS_20251031_vwxh,2025-10-31,Algoma,56,19,60,11,35,8,25,10,12,8,16,24,6,2,3,23,27,0,0,79.3,79.0
USPORTS_20251031_vwxh,2025-10-31,Guelph,87,30,63,26,46,4,17,23,35,17,31,48,6,12,5,17,18,0,0,77.2,79.4
USPORTS_20251031_u68k,2025-10-31,Queen's,112,47,78,40,64,7,14,11,20,10,17,27,12,9,1,10,24,0,0,85.7,84.7
USPORTS_20251031_u68k,2025-10-31,Windsor,101,35,60,27,41,8,19,23,33,7,20,27,13,7,2,17,19,0,0,83.7,84.7
USPORTS_20251031_fyus,2025-10-31,McMaster,76,29,64,18,30,11,34,7,13,5,30,35,17,9,5,22,24,0,0,86.0,83.8
USPORTS_20251031_fyus,2025-10-31,York,90,30,69,18,40,12,29,18,27,8,28,36,12,18,3,12,16,0,0,84.1,85.5
USPORTS_20251031_elgu,2025-10-31,Nipissing,57,17,56,9,33,8,23,15,20,11,13,24,6,4,4,17,15,0,0,70.0,67.1
USPORTS_20251031_elgu,2025-10-31,Carleton,77,29,71,20,46,9,25,10,17,22,28,50,19,8,3,14,19,0,0,64.2,67.1
USPORTS_20251031_3qm1,2025-10-31,Winnipeg,88,31,65,20,37,11,28,15,27,13,35,48,18,7,2,17,19,0,0,79.1,79.1
USPORTS_20251031_3qm1,2025-10-31,MacEwan,60,21,62,18,47,3,15,15,28,8,19,27,5,6,0,13,16,0,0,79.2,79.1
USPORTS_20251031_q8i9,2025-10-31,Manitoba,78,30,67,21,41,9,26,9,17,9,29,38,12,11,3,9,19,0,0,73.0,71.7
USPORTS_20251031_q8i9,2025-10-31,Regina,62,19,55,12,28,7,27,17,22,8,25,33,14,2,1,14,14,0,0,70.4,71.7
USPORTS_20251031_5m5f,2025-10-31,Brandon,85,31,67,21,42,10,25,13,18,6,23,29,15,12,2,19,25,0,0,86.9,85.6
USPORTS_20251031_5m5f,2025-10-31,Lethbridge,77,25,60,20,39,5,21,22,29,9,27,36,10,5,4,22,18,0,0,84.2,85.6
USPORTS_20251031_1wgd,2025-10-31,Saskatchewan,62,24,66,19,46,5,20,9,14,13,21,34,8,3,3,14,20,0,0,69.5,71.7
USPORTS_20251031_1wgd,2025-10-31,Mount Royal,78,27,63,23,51,4,12,20,27,7,22,29,7,6,3,8,14,0,0,73.2,71.7
USPORTS_20251031_5knm,2025-10-31,Thompson Rivers,85,31,70,21,48,10,22,13,20,14,25,39,21,8,2,9,14,0,0,71.1,71.4
USPORTS_20251031_5knm,2025-10-31,UBC,74,25,60,16,35,9,25,15,20,8,21,29,17,6,5,12,19,0,0,71.7,71.4
USPORTS_20251031_2m61,2025-10-31,UBCO,71,25,76,15,48,10,28,11,15,14,19,33,14,6,0,17,14,0,0,83.3,82.2
USPORTS_20251031_2m61,2025-10-31,Victoria,103,42,74,34,47,8,27,11,19,12,33,45,31,9,3,12,16,0,0,81.1,82.2
USPORTS_20251031_i134,2025-10-31,UFV,81,27,73,20,49,7,24,20,24,14,31,45,11,4,4,9,13,0,0,77.2,78.3
USPORTS_20251031_i134,2025-10-31,Trinity Western,83,34,78,24,42,10,36,5,9,9,31,40,20,5,11,8,13,0,0,79.4,78.3
USPORTS_20251031_8lut,2025-10-31,Alberta,77,31,73,22,48,9,25,6,12,14,23,37,11,8,2,16,16,0,0,77.7,78.5
USPORTS_20251031_8lut,2025-10-31,UNBC,78,28,60,18,31,10,29,12,19,6,24,30,21,11,3,18,17,0,0,79.3,78.9
USPORTS_20251101_oys1,2025-11-01,Memorial,88,33,76,24,52,9,24,13,19,15,22,37,20,3,2,12,21,0,0,76.6,78.6
USPORTS_20251101_oys1,2025-11-01,Acadia,96,31,75,18,43,13,32,21,31,10,20,30,27,9,4,5,18,0,0,78.9,79.0
USPORTS_20251101_km8n,2025-11-01,Saint Mary's,96,32,75,23,47,9,28,23,30,10,25,35,14,13,4,11,24,0,0,89.0,80.7
USPORTS_20251101_km8n,2025-11-01,UPEI,93,32,75,24,51,8,24,21,33,16,35,51,14,5,2,21,23,0,0,92.6,81.0
USPORTS_20251101_6k04,2025-11-01,UNB,90,34,69,19,29,15,40,7,10,12,33,45,20,7,4,16,18,0,0,74.9,77.9
USPORTS_20251101_6k04,2025-11-01,Cape Breton,71,23,67,18,42,5,25,20,25,8,19,27,7,8,1,12,14,0,0,80.8,77.9
USPORTS_20251101_zziz,2025-11-01,Lakehead,77,24,70,13,38,11,32,18,20,9,17,26,13,7,2,12,14,0,0,79.4,78.4
USPORTS_20251101_zziz,2025-11-01,Toronto,89,37,64,27,41,10,23,5,9,6,30,36,15,5,3,17,18,0,0,77.4,78.4
USPORTS_20251101_bfus,2025-11-01,Winnipeg,70,24,63,20,31,4,32,18,30,13,23,36,10,6,2,15,19,0,0,76.5,78.2
USPORTS_20251101_bfus,2025-11-01,MacEwan,79,29,73,23,53,6,20,15,21,16,24,40,9,10,2,17,23,0,0,79.9,78.2
USPORTS_20251101_p9eh,2025-11-01,Queen's,71,28,66,20,39,8,27,7,10,9,20,29,22,7,2,22,9,0,0,81.3,78.5
USPORTS_20251101_p9eh,2025-11-01,Western,107,42,77,25,47,17,30,6,8,13,24,37,37,16,2,10,10,0,0,75.8,78.5
USPORTS_20251101_zd9u,2025-11-01,StFX,83,30,68,26,48,4,20,19,30,16,29,45,19,4,4,13,16,0,0,78.7,78.0
USPORTS_20251101_zd9u,2025-11-01,Dalhousie,74,26,62,20,41,6,21,16,24,8,26,34,16,9,2,13,22,0,0,77.2,76.1
USPORTS_20251101_rmyh,2025-11-01,Waterloo,75,27,67,20,36,7,31,14,20,10,22,32,14,7,2,15,14,0,0,79.5,78.3
USPORTS_20251101_rmyh,2025-11-01,Guelph,102,39,69,29,50,10,19,14,19,9,28,37,24,8,5,9,20,0,0,77.0,77.9
USPORTS_20251101_1oni,2025-11-01,Nipissing,63,25,68,16,32,9,36,4,11,4,28,32,13,4,4,13,20,0,0,81.5,82.8
USPORTS_20251101_1oni,2025-11-01,Ottawa,106,38,80,22,38,16,42,14,20,8,38,46,20,9,3,7,13,0,0,85.8,83.6
USPORTS_20251101_p4mk,2025-11-01,Laurentian,61,20,59,12,35,8,24,13,20,11,25,36,4,5,3,14,20,0,0,69.4,66.2
USPORTS_20251101_p4mk,2025-11-01,Carleton,51,16,67,9,23,7,44,12,21,20,26,46,9,6,2,11,19,0,0,63.0,66.2
USPORTS_20251101_02ga,2025-11-01,Brock,81,29,70,17,34,12,36,11,15,16,28,44,14,2,0,10,15,0,0,68.6,68.8
USPORTS_20251101_02ga,2025-11-01,McMaster,75,28,66,16,21,12,45,7,11,5,23,28,18,7,5,5,15,0,0,69.7,69.1
USPORTS_20251101_9lme,2025-11-01,Brandon,72,25,71,18,43,7,28,15,21,9,24,33,6,7,1,12,25,0,0,82.8,81.3
USPORTS_20251101_9lme,2025-11-01,Lethbridge,85,32,64,27,50,5,14,16,24,7,38,45,17,3,1,13,18,0,0,79.8,81.3
USPORTS_20251101_6fmm,2025-11-01,Manitoba,72,23,62,18,36,5,26,21,35,13,29,42,7,7,3,12,16,0,0,76.5,76.8
USPORTS_20251101_6fmm,2025-11-01,Regina,77,28,62,19,35,9,27,12,15,4,29,33,14,6,1,13,23,0,0,77.2,76.8
USPORTS_20251101_nq6q,2025-11-01,Saskatchewan,78,29,58,22,38,7,20,13,18,12,23,35,9,5,3,22,19,0,0,75.5,76.2
USPORTS_20251101_nq6q,2025-11-01,Mount Royal,83,30,59,24,43,6,16,17,24,9,18,27,10,10,3,16,19,0,0,76.8,76.2
USPORTS_20251101_xuam,2025-11-01,UFV,86,32,71,25,49,7,22,15,19,13,22,35,14,6,5,13,16,0,0,76.4,77.0
USPORTS_20251101_xuam,2025-11-01,Trinity Western,79,30,65,21,37,9,28,10,13,8,21,29,19,5,9,16,17,0,0,76.7,77.0
USPORTS_20251101_se72,2025-11-01,Thompson Rivers,73,21,56,15,33,6,23,25,30,4,27,31,7,10,5,13,23,0,0,77.4,77.9
USPORTS_20251101_se72,2025-11-01,UBC,68,21,68,15,39,6,29,20,31,18,27,45,9,9,2,17,26,0,0,78.5,77.9
USPORTS_20251101_4tgx,2025-11-01,UBCO,62,25,63,20,42,5,21,7,13,10,19,29,10,3,1,14,14,0,0,72.3,71.9
USPORTS_20251101_4tgx,2025-11-01,Victoria,95,36,72,26,40,10,32,13,14,12,29,41,24,5,4,9,17,0,0,72.2,72.6
USPORTS_20251101_kvri,2025-11-01,Alberta,74,28,65,21,40,7,25,11,19,13,32,45,15,6,1,21,22,0,0,78.3,70.6
USPORTS_20251101_kvri,2025-11-01,UNBC,67,23,68,15,30,8,38,13,25,12,19,31,17,13,1,14,17,0,0,79.9,70.9
USPORTS_20251102_q0k8,2025-11-02,Toronto Metropolitan,101,43,83,31,58,12,25,3,8,12,32,44,21,9,7,15,17,0,0,83.2,81.3
USPORTS_20251102_q0k8,2025-11-02,Toronto,60,22,70,15,41,7,29,9,13,9,16,25,12,7,6,15,8,0,0,79.4,81.3
USPORTS_20251105_5xyh,2025-11-05,Acadia,86,30,75,22,51,8,24,18,29,11,26,37,19,10,1,17,19,0,0,94.0,91.6
USPORTS_20251105_5xyh,2025-11-05,StFX,85,29,85,23,56,6,29,21,30,20,38,58,21,7,3,19,25,0,0,91.1,92.5
USPORTS_20251105_eb8f,2025-11-05,McMaster,63,24,65,17,39,7,26,8,10,10,19,29,12,8,6,21,19,0,0,77.9,82.0
USPORTS_20251105_eb8f,2025-11-05,Toronto Metropolitan,100,38,72,26,45,12,27,12,21,12,25,37,21,15,5,19,18,0,0,86.2,82.0
USPORTS_20251106_fx1y,2025-11-06,Ottawa,99,38,73,24,42,14,31,9,12,9,29,38,17,9,1,8,10,0,0,75.7,73.0
USPORTS_20251106_fx1y,2025-11-06,Ontario Tech,64,27,66,21,39,6,27,4,7,8,23,31,10,8,3,11,10,0,0,71.1,73.0
USPORTS_20251106_6c83,2025-11-06,Laval,76,27,67,21,42,6,25,16,20,15,29,44,6,9,1,17,10,0,0,73.3,76.3
USPORTS_20251106_6c83,2025-11-06,Bishop's,88,34,73,21,38,13,35,7,8,8,18,26,18,13,5,11,16,0,0,78.5,76.3
USPORTS_20251106_meya,2025-11-06,Concordia,62,21,67,14,42,7,25,13,25,13,34,47,13,10,5,17,19,0,0,80.8,81.2
USPORTS_20251106_meya,2025-11-06,UQAM,66,24,69,15,39,9,30,9,15,9,32,41,18,13,2,16,21,0,0,81.5,81.2
USPORTS_20251106_0ol0,2025-11-06,Saskatchewan,70,26,56,16,33,10,23,8,8,3,28,31,14,9,2,25,14,0,0,81.0,81.0
USPORTS_20251106_0ol0,2025-11-06,Manitoba,81,30,67,22,38,8,29,13,18,7,24,31,19,14,4,14,12,0,0,81.0,81.0
USPORTS_20251107_dvi3,2025-11-07,Dalhousie,72,27,65,21,42,6,23,12,20,13,26,39,11,6,3,20,18,0,0,77.8,78.2
USPORTS_20251107_dvi3,2025-11-07,Memorial,84,30,67,20,42,10,25,14,22,11,20,31,16,13,3,13,20,0,0,77.9,78.2
USPORTS_20251107_dp4b,2025-11-07,UPEI,65,23,74,15,46,8,28,11,15,16,21,37,13,9,1,14,19,0,0,75.2,74.7
USPORTS_20251107_dp4b,2025-11-07,Cape Breton,84,28,57,19,38,9,19,19,29,8,29,37,11,9,5,13,16,0,0,74.2,74.7
USPORTS_20251107_p9nd,2025-11-07,Saint Mary's,55,23,76,17,56,6,20,3,8,13,24,37,16,5,0,12,17,0,0,77.1,76.1
USPORTS_20251107_p9nd,2025-11-07,UNB,91,34,72,23,38,11,34,12,19,16,38,54,22,7,4,11,13,0,0,75.1,75.3
USPORTS_20251107_d921,2025-11-07,StFX,83,32,70,27,49,5,21,14,25,16,19,35,15,11,4,16,18,0,0,79.4,82.1
USPORTS_20251107_d921,2025-11-07,Acadia,92,35,68,30,50,5,18,17,23,10,21,31,19,6,4,18,24,0,0,83.9,81.3
USPORTS_20251107_ibdh,2025-11-07,Ottawa,100,38,77,26,41,12,36,12,17,12,27,39,22,10,2,14,14,0,0,84.9,81.3
USPORTS_20251107_ibdh,2025-11-07,Queen's,82,32,69,25,43,7,26,11,16,10,25,35,15,8,1,14,14,0,0,79.3,82.6
USPORTS_20251107_je2b,2025-11-07,Nipissing,57,22,51,13,29,9,22,4,7,5,34,39,4,4,1,10,16,0,0,58.3,75.0
USPORTS_20251107_je2b,2025-11-07,Waterloo,54,18,61,16,39,2,22,16,29,8,22,30,3,7,0,8,7,0,0,73.0,65.3
USPORTS_20251107_h1ce,2025-11-07,Algoma,61,20,61,13,29,7,32,14,19,5,23,28,17,6,0,16,20,0,0,79.4,78.6
USPORTS_20251107_h1ce,2025-11-07,Western,87,31,63,24,41,7,22,18,26,9,32,41,23,12,5,13,14,0,0,77.8,78.2
USPORTS_20251107_10jw,2025-11-07,Guelph,91,37,75,26,52,11,23,6,14,17,19,36,10,8,1,12,24,0,0,75.4,74.1
USPORTS_20251107_10jw,2025-11-07,Windsor,93,31,56,26,41,5,15,26,34,10,22,32,5,6,2,11,16,0,0,72.7,74.1
USPORTS_20251107_9rkr,2025-11-07,Brock,81,28,62,20,42,8,20,17,27,12,22,34,10,5,1,8,22,0,0,65.7,65.3
USPORTS_20251107_9rkr,2025-11-07,Toronto,71,22,57,13,33,9,24,18,20,9,15,24,11,4,4,10,21,0,0,64.9,65.3
USPORTS_20251107_uq4k,2025-11-07,York,71,31,79,27,54,4,25,5,8,11,30,41,10,15,4,14,19,0,0,82.0,84.0
USPORTS_20251107_uq4k,2025-11-07,Lakehead,73,28,74,22,50,6,24,11,18,13,28,41,24,11,8,18,9,0,0,85.0,84.0
USPORTS_20251107_e9f1,2025-11-07,Mount Royal,65,22,59,16,40,6,19,15,23,11,23,34,13,7,4,17,14,0,0,73.3,73.2
USPORTS_20251107_e9f1,2025-11-07,Winnipeg,66,27,62,22,42,5,20,7,13,10,23,33,15,7,7,16,17,0,0,72.4,73.2
USPORTS_20251107_xk2b,2025-11-07,Saskatchewan,80,31,63,23,40,8,23,10,16,7,28,35,15,11,0,14,21,0,0,77.0,79.0
USPORTS_20251107_xk2b,2025-11-07,Manitoba,87,31,65,18,42,13,23,12,27,12,27,39,22,10,1,15,16,0,0,81.0,79.0
USPORTS_20251107_umee,2025-11-07,Lethbridge,70,26,72,20,47,6,25,12,20,9,30,39,11,8,4,12,16,0,0,82.7,80.4
USPORTS_20251107_umee,2025-11-07,Regina,65,24,64,19,43,5,21,12,18,9,35,44,11,9,7,16,20,0,0,78.0,80.4
USPORTS_20251107_ojt8,2025-11-07,Calgary,86,32,69,26,49,6,20,16,28,9,26,35,11,9,3,10,18,0,0,82.6,83.5
USPORTS_20251107_ojt8,2025-11-07,Brandon,92,33,65,22,40,11,25,15,22,7,32,39,21,7,1,17,21,0,0,84.4,83.5
USPORTS_20251107_bexk,2025-11-07,Thompson Rivers,69,24,66,19,43,5,23,16,25,13,21,34,6,16,4,17,18,0,0,76.8,76.1
USPORTS_20251107_bexk,2025-11-07,MacEwan,47,18,48,16,34,2,14,9,15,6,21,27,6,6,1,28,23,0,0,75.5,76.1
USPORTS_20251107_5e00,2025-11-07,Victoria,87,25,74,12,31,13,43,24,28,11,27,38,22,7,4,10,22,0,0,83.5,83.8
USPORTS_20251107_5e00,2025-11-07,UBC,93,34,77,27,53,7,24,18,26,15,34,49,10,7,4,12,22,0,0,84.0,83.8
USPORTS_20251107_gsyy,2025-11-07,UBCO,69,23,74,15,39,8,35,15,20,12,23,35,16,6,1,12,13,0,0,80.9,82.0
USPORTS_20251107_gsyy,2025-11-07,UFV,97,39,81,32,53,7,28,12,14,14,35,49,32,4,8,13,20,0,0,83.2,82.0
USPORTS_20251107_zekj,2025-11-07,Trinity Western,65,26,70,17,39,9,31,4,6,10,25,35,17,9,7,12,11,0,0,72.9,74.1
USPORTS_20251107_zekj,2025-11-07,UNBC,75,27,64,11,31,16,33,5,9,6,30,36,26,6,1,15,7,0,0,75.3,73.7
USPORTS_20251108_45pw,2025-11-08,Saint Mary's,82,29,71,17,43,12,28,12,20,8,25,33,17,9,4,19,27,0,0,90.0,79.8
USPORTS_20251108_45pw,2025-11-08,UNB,88,28,68,20,38,8,30,24,35,12,33,45,19,8,4,20,17,0,0,89.5,80.2
USPORTS_20251108_25n9,2025-11-08,UPEI,74,25,71,18,49,7,22,17,25,13,26,39,15,9,1,19,20,0,0,86.1,85.2
USPORTS_20251108_25n9,2025-11-08,Cape Breton,84,29,65,23,47,6,18,20,24,6,30,36,11,10,5,16,20,0,0,84.3,85.2
USPORTS_20251108_ytme,2025-11-08,Bishop's,78,27,69,21,45,6,24,18,28,12,33,45,11,7,1,15,23,0,0,80.9,81.7
USPORTS_20251108_ytme,2025-11-08,Concordia,72,23,63,13,39,10,24,16,25,7,23,30,13,8,1,16,19,0,0,82.5,81.7
USPORTS_20251108_b1u4,2025-11-08,Mount Royal,77,32,65,26,49,6,16,7,7,8,21,29,14,9,2,15,18,0,0,72.6,73.4
USPORTS_20251108_b1u4,2025-11-08,Winnipeg,76,28,64,21,38,7,26,13,15,11,19,30,18,7,3,16,10,0,0,73.4,73.4
USPORTS_20251108_mrb3,2025-11-08,Dalhousie,87,31,74,20,40,11,34,14,16,12,22,34,14,7,0,11,13,0,0,76.7,76.2
USPORTS_20251108_mrb3,2025-11-08,Memorial,99,36,62,20,32,16,30,11,17,4,24,28,21,8,5,12,17,0,0,77.2,77.3
USPORTS_20251108_fdy3,2025-11-08,Thompson Rivers,65,22,67,14,39,8,28,13,18,18,17,35,11,12,3,14,20,0,0,66.1,68.6
USPORTS_20251108_fdy3,2025-11-08,MacEwan,64,23,58,14,34,9,24,9,18,14,20,34,11,6,1,22,20,0,0,71.0,68.6
USPORTS_20251108_m0ji,2025-11-08,Algoma,41,13,55,9,35,4,20,11,13,6,22,28,3,6,0,20,18,0,0,73.2,68.7
USPORTS_20251108_m0ji,2025-11-08,Windsor,72,24,55,15,29,9,26,15,24,11,30,41,12,11,2,9,16,0,0,63.5,68.4
USPORTS_20251108_hpe3,2025-11-08,Carleton,86,29,67,20,38,9,29,19,25,18,33,51,18,4,1,19,19,0,0,77.2,79.6
USPORTS_20251108_hpe3,2025-11-08,Queen's,78,28,66,18,40,10,26,12,15,3,19,22,19,8,5,12,22,0,0,81.2,79.2
USPORTS_20251108_sof9,2025-11-08,Guelph,79,33,72,28,52,5,20,8,22,14,21,35,21,5,3,11,17,0,0,78.8,76.8
USPORTS_20251108_sof9,2025-11-08,Western,93,36,72,31,54,5,18,16,21,14,28,42,29,7,5,9,17,0,0,74.8,76.4
USPORTS_20251108_5kxh,2025-11-08,Nipissing,57,20,64,13,33,7,31,10,16,10,17,27,9,7,2,16,21,0,0,75.3,71.7
USPORTS_20251108_5kxh,2025-11-08,Laurier,93,33,72,19,33,14,39,13,19,18,30,48,16,7,0,10,17,0,0,68.9,72.1
USPORTS_20251108_ze6c,2025-11-08,McMaster,83,34,77,28,47,6,30,9,16,13,22,35,12,7,4,14,21,0,0,83.5,80.7
USPORTS_20251108_ze6c,2025-11-08,Toronto,93,33,69,19,35,14,34,13,16,10,28,38,19,9,5,14,17,0,0,78.0,80.7
USPORTS_20251108_23rx,2025-11-08,York,70,29,74,25,47,4,27,8,11,15,26,41,16,13,1,20,22,0,0,82.0,82.3
USPORTS_20251108_23rx,2025-11-08,Lakehead,88,32,72,22,36,10,36,14,23,12,28,40,29,12,2,14,15,0,0,82.6,81.9
USPORTS_20251108_oy3b,2025-11-08,McGill,41,15,58,9,34,6,24,5,5,6,17,23,11,5,2,19,26,0,0,70.6,71.6
USPORTS_20251108_oy3b,2025-11-08,Laval,83,24,63,16,41,8,22,27,39,21,26,47,11,7,4,14,13,0,0,71.1,71.6
USPORTS_20251108_vnf2,2025-11-08,Lethbridge,84,28,66,19,43,9,23,19,22,10,27,37,12,4,3,16,21,0,0,80.4,82.4
USPORTS_20251108_vnf2,2025-11-08,Regina,105,37,68,23,42,14,26,17,25,3,26,29,17,6,5,8,19,0,0,83.7,82.4
USPORTS_20251108_j5pi,2025-11-08,Calgary,82,28,64,21,41,7,23,19,24,10,38,48,21,8,2,22,16,0,0,85.2,86.0
USPORTS_20251108_j5pi,2025-11-08,Brandon,67,25,68,20,42,5,26,12,14,4,24,28,22,13,2,17,19,0,0,86.8,86.0
USPORTS_20251108_shyn,2025-11-08,UBCO,70,26,70,15,35,11,35,7,7,8,18,26,17,12,5,20,11,0,0,83.9,84.4
USPORTS_20251108_shyn,2025-11-08,UBC,100,41,81,31,51,10,30,8,12,18,33,51,29,14,3,20,13,0,0,84.9,84.4
USPORTS_20251108_6ctv,2025-11-08,Trinity Western,65,24,63,11,26,13,37,4,8,6,38,44,17,3,8,18,14,0,0,77.4,77.9
USPORTS_20251108_6ctv,2025-11-08,UNBC,64,25,73,22,58,3,15,11,16,10,29,39,21,11,2,9,10,0,0,78.3,78.2
USPORTS_20251109_cnqc,2025-11-09,Carleton,72,28,62,16,40,12,22,4,10,10,25,35,12,8,2,14,16,0,0,69.4,69.2
USPORTS_20251109_cnqc,2025-11-09,Ontario Tech,53,20,56,16,34,4,22,9,14,6,23,29,7,8,5,13,11,0,0,67.7,68.5
USPORTS_20251109_vdaw,2025-11-09,Brock,82,25,58,14,32,11,26,21,27,6,22,28,16,5,2,14,29,0,0,76.6,74.7
USPORTS_20251109_vdaw,2025-11-09,Toronto Metropolitan,76,24,57,17,30,7,27,21,32,11,23,34,14,7,6,15,26,0,0,74.3,75.4
USPORTS_20251113_6416,2025-11-13,UQAM,85,34,65,28,48,6,17,11,15,12,16,28,18,12,0,16,13,0,0,75.5,74.7
USPORTS_20251113_6416,2025-11-13,McGill,74,29,64,21,36,8,28,8,11,12,21,33,16,7,2,21,15,0,0,73.8,74.7
USPORTS_20251114_lx13,2025-11-14,Dalhousie,74,27,69,21,46,6,23,14,23,17,27,44,16,7,1,13,16,0,0,73.0,73.3
USPORTS_20251114_lx13,2025-11-14,Saint Mary's,71,24,62,18,34,6,28,17,21,7,23,30,10,13,2,10,22,0,0,72.9,74.1
USPORTS_20251114_gxky,2025-11-14,UNB,69,21,61,17,39,4,22,23,36,10,27,37,10,6,3,13,17,0,0,78.9,81.2
USPORTS_20251114_gxky,2025-11-14,Acadia,73,29,79,20,55,9,24,6,14,13,29,42,23,8,2,15,24,0,0,82.8,80.8
USPORTS_20251114_qjuf,2025-11-14,Cape Breton,95,33,66,18,35,15,31,14,20,6,35,41,21,11,4,21,21,0,0,89.4,93.5
USPORTS_20251114_qjuf,2025-11-14,StFX,96,33,76,22,54,11,22,19,30,8,27,35,23,8,1,16,17,0,0,96.6,93.5
USPORTS_20251114_y1a5,2025-11-14,Western,65,26,67,25,54,1,13,12,17,9,28,37,14,13,3,18,9,0,0,82.9,81.1
USPORTS_20251114_y1a5,2025-11-14,McMaster,63,26,69,22,44,4,25,7,13,13,32,45,15,13,8,20,20,0,0,80.1,81.1
USPORTS_20251114_z88k,2025-11-14,Windsor,75,22,67,11,31,11,36,20,26,11,23,34,14,13,3,8,16,0,0,74.1,76.9
USPORTS_20251114_z88k,2025-11-14,Brock,77,28,66,19,43,9,23,12,20,12,32,44,14,7,2,18,20,0,0,78.9,76.9
USPORTS_20251114_bom7,2025-11-14,Ontario Tech,68,26,68,16,38,10,30,6,16,11,29,40,14,4,3,12,11,0,0,74.7,71.0
USPORTS_20251114_bom7,2025-11-14,Nipissing,71,27,59,18,40,9,19,8,14,4,29,33,19,8,6,7,16,0,0,68.0,71.7
USPORTS_20251114_y4d5,2025-11-14,Queen's,76,27,64,19,38,8,26,14,18,6,23,29,13,7,4,17,13,0,0,81.3,80.1
USPORTS_20251114_y4d5,2025-11-14,Laurentian,86,31,68,16,31,15,37,9,14,10,25,35,19,14,3,16,17,0,0,78.2,80.5
USPORTS_20251114_c1zx,2025-11-14,Lakehead,84,32,77,24,52,8,25,12,17,16,28,44,14,11,3,18,18,0,0,85.0,85.4
USPORTS_20251114_c1zx,2025-11-14,Guelph,83,33,76,23,57,10,19,7,15,12,28,40,15,11,4,17,17,0,0,85.8,87.1
USPORTS_20251114_gimm,2025-11-14,Laurier,73,28,58,18,32,10,26,7,13,4,15,19,10,7,3,8,20,0,0,67.1,67.6
USPORTS_20251114_gimm,2025-11-14,Carleton,97,32,70,14,38,18,32,15,19,18,24,42,19,6,2,14,17,0,0,70.2,68.7
USPORTS_20251114_4uus,2025-11-14,Toronto,92,33,69,23,45,10,24,16,17,10,23,33,14,6,0,14,19,0,0,78.4,77.2
USPORTS_20251114_4uus,2025-11-14,York,78,27,68,24,47,3,21,21,28,14,22,36,8,9,1,13,16,0,0,76.7,81.2
USPORTS_20251114_yr3k,2025-11-14,Waterloo,77,29,65,19,41,10,24,9,11,8,24,32,8,7,0,16,24,0,0,77.5,79.0
USPORTS_20251114_yr3k,2025-11-14,Ottawa,75,26,64,21,43,5,21,18,33,9,29,38,13,8,2,13,16,0,0,80.4,79.8
USPORTS_20251114_7tvk,2025-11-14,UNBC,74,28,71,20,39,8,32,10,17,17,29,46,19,2,3,19,18,0,0,77.9,78.3
USPORTS_20251114_7tvk,2025-11-14,UBCO,86,28,63,16,36,12,27,18,23,6,23,29,18,11,4,12,13,0,0,78.7,78.3
USPORTS_20251114_skef,2025-11-14,Manitoba,71,26,63,19,33,7,30,12,24,11,28,39,10,6,1,23,27,0,0,84.5,83.1
USPORTS_20251114_skef,2025-11-14,Lethbridge,87,27,59,18,37,9,22,24,33,7,25,32,12,6,0,15,22,0,0,81.7,83.1
USPORTS_20251114_yqz4,2025-11-14,Brandon,89,33,68,22,36,11,32,12,14,6,22,28,16,8,4,15,14,0,0,82.6,82.9
USPORTS_20251114_yqz4,2025-11-14,Alberta,92,36,73,27,42,9,31,11,16,13,28,41,19,9,4,18,15,0,0,83.3,82.9
USPORTS_20251114_z4hv,2025-11-14,UFV,79,26,69,22,49,4,20,23,36,12,24,36,10,8,4,18,24,0,0,88.7,88.4
USPORTS_20251114_z4hv,2025-11-14,Calgary,105,37,74,28,44,9,30,22,32,13,27,40,23,14,5,14,24,0,0,88.2,88.4
USPORTS_20251114_7ob3,2025-11-14,MacEwan,60,20,58,17,41,3,17,17,21,8,30,38,4,2,3,20,18,0,0,78.9,79.8
USPORTS_20251114_7ob3,2025-11-14,Mount Royal,84,33,80,27,63,6,17,12,20,18,31,49,9,10,3,10,23,0,0,79.9,79.8
USPORTS_20251114_fot6,2025-11-14,Trinity Western,51,20,54,13,29,7,25,4,6,4,35,39,13,5,4,20,18,0,0,71.8,75.3
USPORTS_20251114_fot6,2025-11-14,Thompson Rivers,70,21,72,8,31,13,41,15,19,14,26,40,15,10,6,14,12,0,0,78.8,75.3
USPORTS_20251114_2y1t,2025-11-14,Regina,53,20,64,16,36,4,28,9,15,8,23,31,7,15,9,19,21,0,0,81.0,83.6
USPORTS_20251114_2y1t,2025-11-14,Victoria,101,34,71,20,41,14,30,19,25,14,36,50,22,11,2,20,17,0,0,87.0,84.5
USPORTS_20251115_6mai,2025-11-15,Bishop's,98,38,65,24,35,14,30,8,20,10,23,33,26,9,0,9,20,0,0,72.1,73.1
USPORTS_20251115_6mai,2025-11-15,McGill,80,30,61,22,38,8,23,12,21,10,17,27,14,5,0,14,20,0,0,74.2,73.1
USPORTS_20251115_9izy,2025-11-15,Laurier,64,23,70,16,33,7,37,11,16,13,22,35,10,4,2,13,16,0,0,75.2,74.5
USPORTS_20251115_9izy,2025-11-15,Ottawa,102,36,69,19,37,17,32,13,21,11,31,42,19,8,9,8,13,0,0,74.5,74.5
USPORTS_20251115_gbmf,2025-11-15,Queen's,90,33,71,25,45,8,26,16,21,9,20,29,16,7,3,8,13,0,0,77.5,71.9
USPORTS_20251115_gbmf,2025-11-15,Nipissing,87,30,59,16,28,14,31,13,15,9,25,34,19,3,3,11,22,0,0,67.0,72.2
USPORTS_20251115_xdfg,2025-11-15,UNB,66,27,73,24,54,3,19,9,12,14,18,32,10,12,1,10,14,0,0,71.9,72.7
USPORTS_20251115_xdfg,2025-11-15,Dalhousie,74,29,64,24,41,5,23,11,20,11,28,39,20,5,5,15,12,0,0,73.6,73.5
USPORTS_20251115_xq6k,2025-11-15,UPEI,70,27,73,23,52,4,21,12,23,16,23,39,17,13,4,14,20,0,0,79.2,79.9
USPORTS_20251115_xq6k,2025-11-15,Acadia,67,26,63,23,47,3,16,12,24,11,28,39,18,9,2,19,19,0,0,79.8,79.5
USPORTS_20251115_flxk,2025-11-15,UNBC,79,27,61,16,35,11,26,14,25,8,23,31,14,9,7,14,22,0,0,78.3,79.5
USPORTS_20251115_flxk,2025-11-15,UBCO,82,27,70,18,44,9,26,19,25,14,30,44,13,9,2,17,24,0,0,80.6,79.1
USPORTS_20251115_ejx2,2025-11-15,Windsor,95,32,65,25,45,7,20,24,32,4,32,36,9,9,2,14,19,0,0,87.6,85.7
USPORTS_20251115_ejx2,2025-11-15,McMaster,82,33,74,29,51,4,23,12,20,12,22,34,15,7,4,12,25,0,0,82.8,86.5
USPORTS_20251115_4oao,2025-11-15,York,61,22,76,18,44,4,32,13,17,17,24,41,5,10,4,18,15,0,0,82.2,81.7
USPORTS_20251115_4oao,2025-11-15,Toronto Metropolitan,87,34,73,28,52,6,21,13,21,15,34,49,16,10,6,15,15,0,0,81.2,81.3
USPORTS_20251115_63fn,2025-11-15,Western,80,32,71,23,46,9,25,7,13,9,34,43,17,11,2,16,18,0,0,81.0,80.1
USPORTS_20251115_63fn,2025-11-15,Brock,51,19,66,12,34,7,32,6,14,12,23,35,10,5,4,21,21,0,0,80.0,82.2
USPORTS_20251115_45j2,2025-11-15,Guelph,86,31,74,22,46,9,28,15,23,12,37,49,12,5,4,8,15,0,0,78.0,79.2
USPORTS_20251115_45j2,2025-11-15,Toronto,68,24,71,18,43,6,28,14,19,8,27,35,9,6,4,10,19,0,0,80.4,79.2
USPORTS_20251115_wbsd,2025-11-15,Waterloo,49,14,56,5,23,9,33,12,17,5,14,19,4,7,0,13,13,0,0,71.1,71.2
USPORTS_20251115_wbsd,2025-11-15,Carleton,93,35,62,26,44,9,18,14,17,9,37,46,14,9,3,13,16,0,0,71.2,71.2
USPORTS_20251115_yk35,2025-11-15,Concordia,57,24,71,19,51,5,20,4,10,13,17,30,6,5,2,11,13,0,0,71.9,70.3
USPORTS_20251115_yk35,2025-11-15,Laval,76,30,65,26,51,4,14,12,14,12,32,44,12,5,10,13,14,0,0,68.7,69.9
USPORTS_20251115_zx67,2025-11-15,Ontario Tech,75,30,57,24,36,6,21,9,13,7,24,31,12,5,3,16,19,0,0,70.3,68.6
USPORTS_20251115_zx67,2025-11-15,Laurentian,72,26,67,18,44,8,23,12,16,16,17,33,18,6,1,11,17,0,0,67.5,68.2
USPORTS_20251115_ap6o,2025-11-15,UFV,73,28,72,24,51,4,21,13,24,13,33,46,12,9,3,16,17,0,0,84.0,83.0
USPORTS_20251115_ap6o,2025-11-15,Calgary,54,19,67,16,38,3,29,13,20,12,29,41,7,8,8,20,21,0,0,82.1,83.0
USPORTS_20251115_cx9x,2025-11-15,Brandon,81,29,59,16,31,13,28,10,12,1,22,23,14,11,2,21,23,0,0,84.2,84.1
USPORTS_20251115_cx9x,2025-11-15,Alberta,89,32,68,23,45,9,23,16,24,15,28,43,14,8,3,21,12,0,0,83.9,84.1
USPORTS_20251115_u2tw,2025-11-15,Manitoba,74,24,64,15,34,9,30,17,21,10,27,37,12,12,5,12,19,0,0,74.5,76.0
USPORTS_20251115_u2tw,2025-11-15,Lethbridge,69,23,62,16,39,7,23,16,16,7,30,37,7,1,5,17,21,0,0,77.4,76.0
USPORTS_20251115_audp,2025-11-15,MacEwan,48,18,72,15,52,3,20,9,18,17,29,46,6,13,2,16,19,0,0,78.7,79.9
USPORTS_20251115_audp,2025-11-15,Mount Royal,69,28,76,21,56,7,20,6,12,20,40,60,8,4,5,20,16,0,0,80.3,79.9
USPORTS_20251115_rgtf,2025-11-15,Trinity Western,66,24,54,12,22,12,32,6,7,5,26,31,16,2,5,17,15,0,0,68.5,70.3
USPORTS_20251115_rgtf,2025-11-15,Thompson Rivers,81,30,70,19,37,11,33,10,19,17,24,41,18,8,2,10,9,0,0,71.4,70.3
USPORTS_20251115_7p6m,2025-11-15,Regina,81,32,65,23,39,9,26,8,14,8,25,33,13,8,0,13,19,0,0,75.3,76.4
USPORTS_20251115_7p6m,2025-11-15,Victoria,76,25,58,18,29,7,29,19,25,6,24,30,11,8,1,16,16,0,0,78.2,76.7
USPORTS_20251116_3efc,2025-11-16,Lakehead,87,37,83,30,49,7,34,6,11,14,33,47,14,12,1,9,14,0,0,78.7,77.6
USPORTS_20251116_3efc,2025-11-16,Algoma,59,21,62,14,32,7,30,10,12,6,24,30,12,7,2,16,15,0,0,76.5,77.6
USPORTS_20251119_3q5p,2025-11-19,Laurentian,82,33,72,19,40,14,32,2,4,11,22,33,20,6,0,7,10,0,0,67.6,65.2
USPORTS_20251119_3q5p,2025-11-19,Nipissing,71,29,61,19,32,10,29,3,3,5,24,29,22,3,5,8,10,0,0,64.0,65.8
USPORTS_20251119_ktbm,2025-11-19,McMaster,75,29,64,25,43,4,21,13,18,8,24,32,16,11,11,26,15,0,0,87.9,88.2
USPORTS_20251119_ktbm,2025-11-19,Guelph,100,38,70,26,47,12,23,12,12,5,22,27,22,16,2,19,17,0,0,88.4,88.2
USPORTS_20251120_cqz9,2025-11-20,UQAM,75,26,75,16,49,10,26,13,23,9,27,36,10,9,3,5,17,0,0,80.7,81.0
USPORTS_20251120_cqz9,2025-11-20,Laval,86,34,76,23,47,11,29,7,11,13,41,54,19,2,4,15,18,0,0,81.2,80.6
USPORTS_20251120_fsgs,2025-11-20,McGill,62,23,50,19,38,4,12,12,20,5,27,32,17,6,4,17,20,0,0,70.0,70.5
USPORTS_20251120_fsgs,2025-11-20,Concordia,68,24,70,12,31,12,39,8,15,13,20,33,17,7,3,11,18,0,0,71.6,72.3
USPORTS_20251121_140n,2025-11-21,UNB,84,32,77,23,46,9,31,11,22,16,33,49,11,7,2,12,13,0,0,82.6,80.8
USPORTS_20251121_140n,2025-11-21,Memorial,72,25,70,14,38,11,32,11,16,8,32,40,17,2,2,13,22,0,0,80.6,81.2
USPORTS_20251121_fym2,2025-11-21,UPEI,81,31,62,23,44,8,18,11,23,10,27,37,29,1,0,14,13,0,0,75.1,72.2
USPORTS_20251121_fym2,2025-11-21,Dalhousie,70,27,70,22,54,5,16,11,15,8,20,28,22,8,3,4,18,0,0,70.1,73.3
USPORTS_20251121_muzz,2025-11-21,Cape Breton,77,28,59,21,38,7,21,14,23,9,30,39,19,11,4,28,20,0,0,86.1,85.6
USPORTS_20251121_muzz,2025-11-21,Acadia,72,24,63,18,38,6,25,18,23,7,18,25,14,18,2,20,22,0,0,85.2,85.2
USPORTS_20251121_8b9p,2025-11-21,StFX,86,33,66,24,42,9,24,11,13,11,24,35,13,4,3,19,18,0,0,78.2,78.5
USPORTS_20251121_8b9p,2025-11-21,Saint Mary's,100,30,71,18,41,12,30,28,31,11,20,31,14,15,1,8,14,0,0,78.9,78.9
USPORTS_20251121_2d9g,2025-11-21,York,80,29,72,24,42,5,30,17,22,11,24,35,12,5,2,13,20,0,0,82.3,88.5
USPORTS_20251121_2d9g,2025-11-21,Nipissing,102,37,66,22,36,15,30,13,18,4,30,34,28,5,1,11,17,0,0,80.5,83.1
USPORTS_20251121_2cqu,2025-11-21,Laurier,52,19,64,12,36,7,28,7,11,11,22,33,11,8,1,19,19,0,0,73.9,73.5
USPORTS_20251121_2cqu,2025-11-21,Ontario Tech,65,23,53,19,40,4,13,15,24,8,27,35,9,10,4,18,10,0,0,73.0,74.2
USPORTS_20251121_j911,2025-11-21,Waterloo,64,24,66,17,38,7,28,9,15,10,19,29,11,8,2,17,20,0,0,76.8,77.0
USPORTS_20251121_j911,2025-11-21,Queen's,93,38,75,31,53,7,22,10,12,16,25,41,21,9,3,15,17,0,0,77.2,77.4
USPORTS_20251121_q1xc,2025-11-21,Toronto,83,31,72,24,42,7,30,14,18,13,44,57,19,9,4,14,16,0,0,78.1,81.7
USPORTS_20251121_q1xc,2025-11-21,Algoma,54,19,75,13,37,6,38,10,19,10,23,33,9,11,1,13,13,0,0,85.3,81.7
USPORTS_20251121_bv8q,2025-11-21,Regina,74,27,65,21,37,6,28,14,20,5,22,27,16,6,4,16,10,0,0,84.5,84.7
USPORTS_20251121_bv8q,2025-11-21,Brandon,94,37,70,26,40,11,30,9,10,11,33,44,31,12,1,18,19,0,0,80.6,84.7
USPORTS_20251121_4ybx,2025-11-21,UBC,86,30,61,24,35,6,26,20,29,11,32,43,12,7,1,21,16,0,0,83.0,83.0
USPORTS_20251121_4ybx,2025-11-21,Saskatchewan,82,31,71,21,46,10,25,10,15,4,20,24,13,11,1,11,23,0,0,83.8,83.0
USPORTS_20251121_620g,2025-11-21,Alberta,80,27,68,17,28,10,40,16,19,17,27,44,15,4,1,20,19,0,0,75.6,76.4
USPORTS_20251121_620g,2025-11-21,MacEwan,69,24,68,18,39,6,29,15,24,12,19,31,6,10,0,13,19,0,0,77.1,76.4
USPORTS_20251121_z63h,2025-11-21,Lethbridge,80,28,55,24,37,4,18,20,30,8,25,33,6,2,3,16,21,0,0,76.5,76.3
USPORTS_20251121_z63h,2025-11-21,Mount Royal,82,32,68,25,50,7,18,11,18,11,22,33,6,4,1,12,26,0,0,76.2,76.3
USPORTS_20251121_fm9s,2025-11-21,Winnipeg,80,29,71,19,38,10,33,12,22,19,23,42,16,9,1,19,20,0,0,79.4,78.0
USPORTS_20251121_fm9s,2025-11-21,Calgary,78,26,62,17,41,9,21,17,27,12,23,35,22,10,6,16,18,0,0,76.7,78.0
USPORTS_20251121_zf0x,2025-11-21,Victoria,71,27,65,21,39,6,26,11,12,14,28,42,10,18,1,17,13,0,0,71.0,73.2
USPORTS_20251121_zf0x,2025-11-21,Thompson Rivers,58,22,61,15,34,7,27,7,9,12,21,33,5,12,3,23,16,0,0,75.4,73.2
USPORTS_20251121_1c4m,2025-11-21,UBCO,62,26,81,20,46,6,35,4,10,14,23,37,11,10,9,16,12,0,0,86.1,85.1
USPORTS_20251121_1c4m,2025-11-21,Trinity Western,105,37,78,19,37,18,41,13,19,15,40,55,24,14,7,15,12,0,0,84.0,85.1
USPORTS_20251121_o1ai,2025-11-21,UNBC,60,23,63,20,45,3,18,11,20,12,30,42,16,2,1,22,21,0,0,80.6,80.8
USPORTS_20251121_o1ai,2025-11-21,UFV,89,30,68,23,50,7,18,22,32,10,27,37,24,14,3,9,16,0,0,80.9,80.8
USPORTS_20251122_b40f,2025-11-22,Brock,67,24,59,19,43,5,16,14,19,12,31,43,11,7,4,16,25,0,0,68.4,71.5
USPORTS_20251122_b40f,2025-11-22,Guelph,61,19,58,12,32,7,26,16,22,6,18,24,5,8,7,13,21,0,0,73.9,70.8
USPORTS_20251122_myg8,2025-11-22,Bishop's,65,24,68,21,42,3,26,14,27,14,23,37,9,12,1,22,21,0,0,86.6,94.2
USPORTS_20251122_myg8,2025-11-22,UQAM,82,29,74,22,51,7,23,17,29,18,29,47,14,11,1,24,24,0,0,89.6,88.1
USPORTS_20251122_rmgw,2025-11-22,Laurier,97,38,82,27,47,11,35,10,13,19,35,54,21,7,0,23,21,0,0,87.8,90.3
USPORTS_20251122_rmgw,2025-11-22,Queen's,100,40,88,30,61,10,27,10,20,13,20,33,25,11,6,9,8,0,0,91.9,89.4
USPORTS_20251122_v17t,2025-11-22,Western,80,30,64,24,45,6,19,14,20,13,28,41,11,9,0,8,21,0,0,67.7,68.2
USPORTS_20251122_v17t,2025-11-22,Windsor,74,26,76,17,35,9,41,13,17,20,23,43,12,8,0,9,20,0,0,70.2,68.6
USPORTS_20251122_f5se,2025-11-22,Laval,69,27,55,20,31,7,24,8,14,7,27,34,15,6,1,11,13,0,0,63.4,63.8
USPORTS_20251122_f5se,2025-11-22,McGill,67,26,57,18,30,8,27,7,13,5,17,22,10,3,1,6,17,0,0,63.5,63.5
USPORTS_20251122_qhdc,2025-11-22,UNB,79,25,62,14,30,11,32,18,27,7,23,30,8,3,0,13,16,0,0,79.2,76.6
USPORTS_20251122_qhdc,2025-11-22,Memorial,111,39,71,22,41,17,30,16,22,12,29,41,28,8,0,5,21,0,0,73.9,81.4
USPORTS_20251122_vcsu,2025-11-22,UPEI,74,23,58,18,41,5,17,23,29,6,25,31,15,6,2,18,17,0,0,82.2,81.7
USPORTS_20251122_vcsu,2025-11-22,StFX,92,38,75,35,64,3,11,13,21,11,28,39,26,11,3,10,16,0,0,82.1,82.6
USPORTS_20251122_cog3,2025-11-22,Cape Breton,71,24,60,17,30,7,30,16,28,8,23,31,19,8,3,11,19,0,0,75.6,73.9
USPORTS_20251122_cog3,2025-11-22,Dalhousie,78,28,67,20,47,8,20,14,16,10,32,42,17,5,2,13,19,0,0,74.4,76.9
USPORTS_20251122_atvc,2025-11-22,Acadia,82,27,69,15,36,12,33,16,23,15,26,41,19,10,1,12,18,0,0,74.7,76.1
USPORTS_20251122_atvc,2025-11-22,Saint Mary's,67,21,62,13,27,8,35,17,27,10,26,36,12,6,1,15,19,0,0,76.7,75.7
USPORTS_20251122_booh,2025-11-22,Alberta,87,31,73,20,41,11,32,14,25,19,27,46,11,5,4,15,18,0,0,77.7,77.9
USPORTS_20251122_booh,2025-11-22,MacEwan,71,27,69,23,47,4,22,13,20,10,21,31,9,6,2,11,20,0,0,76.7,77.9
USPORTS_20251122_qwzy,2025-11-22,Toronto Metropolitan,99,33,71,19,38,14,33,19,33,18,33,51,28,17,2,17,16,0,0,82.7,82.1
USPORTS_20251122_qwzy,2025-11-22,Algoma,46,15,59,9,25,6,34,10,13,5,19,24,10,10,2,23,26,0,0,81.5,82.1
USPORTS_20251122_mppy,2025-11-22,Carleton,83,32,79,24,55,8,24,11,17,25,31,56,15,6,1,15,18,0,0,71.5,72.5
USPORTS_20251122_mppy,2025-11-22,Ottawa,64,25,67,17,38,8,29,6,13,11,17,28,11,10,4,11,15,0,0,71.9,72.8
USPORTS_20251122_wazn,2025-11-22,Waterloo,63,24,63,18,38,6,25,9,16,7,22,29,10,10,1,12,15,0,0,74.1,71.7
USPORTS_20251122_wazn,2025-11-22,Ontario Tech,68,26,58,20,36,6,22,10,18,10,30,40,9,6,2,14,18,0,0,69.2,72.4
USPORTS_20251122_t1rv,2025-11-22,York,60,22,59,16,33,6,26,10,18,9,20,29,9,5,5,11,16,0,0,68.8,68.2
USPORTS_20251122_t1rv,2025-11-22,Laurentian,72,28,75,19,46,9,29,7,10,22,30,52,16,8,1,16,15,0,0,69.1,69.3
USPORTS_20251122_wt02,2025-11-22,UBC,83,33,63,26,41,7,22,10,14,6,28,34,16,10,0,15,16,0,0,75.8,73.7
USPORTS_20251122_wt02,2025-11-22,Saskatchewan,52,19,56,16,37,3,19,11,12,6,17,23,13,6,1,18,15,0,0,72.3,73.3
USPORTS_20251122_yvyu,2025-11-22,Regina,62,22,66,15,32,7,34,11,19,6,28,33,13,7,3,17,15,0,0,84.8,83.6
USPORTS_20251122_yvyu,2025-11-22,Brandon,77,29,62,19,33,10,29,9,11,4,37,41,24,9,3,20,18,0,0,82.4,83.6
USPORTS_20251122_mwyq,2025-11-22,Winnipeg,78,28,69,20,46,8,23,14,23,12,30,42,16,5,1,8,17,0,0,72.9,74.5
USPORTS_20251122_mwyq,2025-11-22,Calgary,61,26,69,22,50,4,19,5,13,8,25,33,13,6,4,11,17,0,0,76.0,74.5
USPORTS_20251122_xa4p,2025-11-22,Lethbridge,68,24,58,15,31,9,27,11,15,7,22,29,10,6,3,23,21,0,0,79.1,75.2
USPORTS_20251122_xa4p,2025-11-22,Mount Royal,69,25,63,20,48,5,15,14,23,14,23,37,5,12,3,14,20,0,0,71.3,75.2
USPORTS_20251122_0d8q,2025-11-22,UBCO,53,19,65,14,41,5,24,10,12,7,15,22,5,10,1,11,16,0,0,72.9,74.5
USPORTS_20251122_0d8q,2025-11-22,Trinity Western,88,31,59,16,24,15,35,11,18,9,34,43,14,7,6,19,15,0,0,74.7,74.5
USPORTS_20251122_86n0,2025-11-22,UNBC,71,29,66,21,37,8,29,5,8,5,22,27,25,9,6,18,14,0,0,81.9,83.8
USPORTS_20251122_86n0,2025-11-22,UFV,95,37,73,30,50,7,23,14,16,7,30,37,30,12,3,15,13,0,0,85.7,83.8
USPORTS_20251122_s7mv,2025-11-22,Victoria,90,31,59,20,32,11,27,17,22,9,24,33,14,16,5,15,14,0,0,74.7,76.4
USPORTS_20251122_s7mv,2025-11-22,Thompson Rivers,74,28,55,22,36,6,19,12,16,5,21,26,13,11,4,21,21,0,0,78.1,76.4
USPORTS_20251126_k2zk,2025-11-26,Brock,77,25,52,21,35,4,17,23,27,10,35,45,5,4,1,15,25,0,0,68.2,74.0
USPORTS_20251126_k2zk,2025-11-26,York,64,19,65,16,40,3,25,23,29,6,17,23,5,8,1,10,23,0,0,80.6,74.0
USPORTS_20251126_177y,2025-11-26,Saint Mary's,55,20,65,16,45,4,20,11,13,7,24,31,10,14,1,14,7,0,0,76.9,76.4
USPORTS_20251126_177y,2025-11-26,Dalhousie,86,35,77,23,49,12,28,4,7,18,36,54,26,9,5,15,10,0,0,75.8,76.7
USPORTS_20251126_x9c1,2025-11-26,Guelph,75,29,70,23,51,6,19,11,15,8,20,28,10,15,6,12,18,0,0,79.6,77.3
USPORTS_20251126_x9c1,2025-11-26,Laurier,78,28,67,20,41,8,26,14,16,14,31,45,10,6,3,19,17,0,0,75.9,78.1
USPORTS_20251127_xbo6,2025-11-27,Laval,69,23,62,20,45,3,17,20,23,10,14,24,10,8,0,14,14,0,0,73.8,78.0
USPORTS_20251127_xbo6,2025-11-27,Bishop's,107,44,70,33,44,11,26,8,10,8,24,32,25,8,8,14,21,0,0,78.3,76.1
USPORTS_20251127_c6fg,2025-11-27,UQAM,74,28,68,26,54,2,14,16,25,8,22,30,8,16,1,18,20,0,0,88.4,88.2
USPORTS_20251127_c6fg,2025-11-27,Concordia,84,31,62,22,36,9,26,13,19,10,32,42,21,8,4,27,21,0,0,87.0,87.7
USPORTS_20251128_44xx,2025-11-28,Queen's,94,39,75,28,49,11,26,5,7,10,33,43,20,7,2,7,13,0,0,73.0,75.0
USPORTS_20251128_44xx,2025-11-28,Ontario Tech,68,27,74,22,48,5,26,9,12,12,22,34,15,3,5,11,11,0,0,76.9,75.0
USPORTS_20251128_d2c0,2025-11-28,Memorial,61,26,64,23,42,3,22,6,13,10,26,36,5,10,2,24,18,0,0,81.0,80.6
USPORTS_20251128_d2c0,2025-11-28,UPEI,74,28,67,24,45,4,22,14,22,11,22,33,10,16,5,16,17,0,0,80.3,80.2
USPORTS_20251128_f76g,2025-11-28,Guelph,69,25,58,20,43,5,15,14,16,7,35,42,6,9,3,23,25,0,0,79.5,76.7
USPORTS_20251128_f76g,2025-11-28,Waterloo,50,15,63,10,35,5,28,15,30,15,22,37,3,13,2,13,20,0,0,73.8,75.2
USPORTS_20251128_doet,2025-11-28,Nipissing,66,25,64,22,44,3,20,13,17,6,21,27,2,8,0,11,13,0,0,75.3,75.1
USPORTS_20251128_doet,2025-11-28,Toronto,82,31,72,19,41,12,31,8,11,12,29,41,14,6,2,14,13,0,0,74.9,75.1
USPORTS_20251128_ig2r,2025-11-28,Laurentian,65,25,76,17,43,8,33,7,13,16,27,43,14,12,3,17,19,0,0,77.9,69.5
USPORTS_20251128_ig2r,2025-11-28,Toronto Metropolitan,72,26,69,17,39,9,30,11,25,16,26,42,13,11,10,17,15,0,0,79.9,70.5
USPORTS_20251128_aill,2025-11-28,Carleton,89,37,84,26,52,11,32,4,5,15,27,42,16,9,1,6,18,0,0,73.3,69.8
USPORTS_20251128_aill,2025-11-28,Windsor,46,16,56,14,35,2,21,12,16,7,25,32,3,4,1,12,8,0,0,66.2,70.1
USPORTS_20251128_l3bo,2025-11-28,Lakehead,102,34,79,21,45,13,34,21,31,18,27,45,16,4,3,10,18,0,0,83.4,74.2
USPORTS_20251128_l3bo,2025-11-28,Laurier,104,38,83,24,46,14,37,14,15,11,27,38,13,6,2,8,23,0,0,83.7,74.6
USPORTS_20251128_0xvu,2025-11-28,Ottawa,70,26,68,13,30,13,38,5,10,10,21,31,20,10,3,15,18,0,0,76.9,75.1
USPORTS_20251128_0xvu,2025-11-28,Western,73,28,72,24,53,4,19,13,18,15,33,48,21,8,4,13,13,0,0,73.3,75.5
USPORTS_20251128_fvem,2025-11-28,Algoma,81,29,65,23,41,6,24,17,25,11,31,42,8,8,2,23,22,0,0,86.9,87.9
USPORTS_20251128_fvem,2025-11-28,York,87,31,82,23,55,8,27,17,25,12,24,36,16,17,6,12,23,0,0,89.8,88.8
USPORTS_20251128_ol78,2025-11-28,UBC,79,28,69,23,42,5,27,18,27,15,29,44,11,8,3,18,13,0,0,84.3,82.3
USPORTS_20251128_ol78,2025-11-28,UBCO,64,24,72,15,33,9,39,7,14,13,30,43,12,12,6,19,25,0,0,81.3,82.8
USPORTS_20251128_9pnf,2025-11-28,Calgary,75,27,61,13,33,14,28,7,10,7,25,32,18,7,3,19,15,0,0,76.7,77.2
USPORTS_20251128_9pnf,2025-11-28,Manitoba,73,28,63,23,41,5,22,12,16,6,26,32,18,10,2,15,14,0,0,77.8,77.2
USPORTS_20251128_30if,2025-11-28,Brandon,99,35,74,22,38,13,36,16,21,11,20,31,26,15,3,15,22,0,0,86.2,78.5
USPORTS_20251128_30if,2025-11-28,Saskatchewan,102,36,72,28,47,8,25,22,28,11,27,38,21,12,3,19,15,0,0,89.7,77.5
USPORTS_20251128_dkp0,2025-11-28,Mount Royal,50,18,66,15,53,3,13,11,21,21,27,48,5,10,0,24,19,0,0,75.8,77.7
USPORTS_20251128_dkp0,2025-11-28,Regina,68,23,66,14,34,9,32,13,20,13,25,38,14,15,2,19,19,0,0,78.8,77.7
USPORTS_20251128_emat,2025-11-28,Alberta,71,28,64,22,39,6,25,9,15,16,23,39,13,4,2,15,17,0,0,69.4,70.4
USPORTS_20251128_emat,2025-11-28,Winnipeg,81,32,67,26,39,6,28,11,14,9,22,31,24,7,0,8,14,0,0,70.6,70.4
USPORTS_20251128_u8ds,2025-11-28,Lethbridge,77,25,55,19,36,6,19,21,24,5,27,32,14,6,6,11,16,0,0,71.4,72.2
USPORTS_20251128_u8ds,2025-11-28,Trinity Western,70,25,63,18,35,7,28,13,20,11,26,37,16,6,9,13,21,0,0,73.0,72.2
USPORTS_20251128_a2xn,2025-11-28,Victoria,76,32,73,26,47,6,26,6,16,17,27,44,16,14,1,17,10,0,0,78.9,78.2
USPORTS_20251128_a2xn,2025-11-28,UNBC,55,22,58,17,34,5,24,6,10,8,24,32,16,9,3,24,17,0,0,77.6,79.0
USPORTS_20251128_kc9u,2025-11-28,Thompson Rivers,66,24,69,16,40,8,29,10,13,12,24,36,14,6,3,11,22,0,0,72.0,72.5
USPORTS_20251128_kc9u,2025-11-28,UFV,72,21,49,15,34,6,15,24,34,6,30,36,18,6,5,15,14,0,0,73.0,72.5
USPORTS_20251129_me4l,2025-11-29,Memorial,83,32,75,23,47,9,28,10,22,12,34,46,9,4,3,8,19,0,0,80.9,81.2
USPORTS_20251129_me4l,2025-11-29,UPEI,81,25,66,15,40,10,26,21,32,6,35,41,14,6,4,8,19,0,0,81.5,81.6
USPORTS_20251129_nxvg,2025-11-29,McGill,66,26,63,22,38,4,25,10,15,14,20,34,12,8,0,20,19,0,0,74.2,74.7
USPORTS_20251129_nxvg,2025-11-29,UQAM,82,28,63,18,33,10,30,16,24,14,22,36,18,11,2,17,17,0,0,75.1,74.3
USPORTS_20251129_0sjt,2025-11-29,Laurentian,83,34,72,27,45,7,27,8,12,13,26,39,12,2,0,11,14,0,0,71.8,69.6
USPORTS_20251129_0sjt,2025-11-29,Toronto,74,24,62,13,33,11,29,15,18,8,19,27,14,7,1,7,13,0,0,67.4,69.6
USPORTS_20251129_6ap5,2025-11-29,Ottawa,60,25,74,21,43,4,31,6,10,11,30,41,5,11,1,10,28,0,0,75.6,75.3
USPORTS_20251129_6ap5,2025-11-29,Windsor,65,20,52,15,29,5,23,20,35,9,34,43,5,6,0,14,15,0,0,73.5,74.2
USPORTS_20251129_4cmd,2025-11-29,McMaster,68,26,78,18,46,8,32,8,12,16,28,44,15,10,5,15,18,0,0,79.7,82.1
USPORTS_20251129_4cmd,2025-11-29,Queen's,93,33,75,21,41,12,34,15,19,10,32,42,25,7,6,13,13,0,0,84.5,82.5
USPORTS_20251129_lbdd,2025-11-29,Alberta,81,29,59,22,41,7,18,16,25,9,20,29,14,10,2,16,18,0,0,75.7,73.7
USPORTS_20251129_lbdd,2025-11-29,Winnipeg,76,26,54,16,27,10,27,14,21,8,19,27,18,7,2,17,19,0,0,71.7,73.7
USPORTS_20251129_6n43,2025-11-29,StFX,86,34,77,29,60,5,17,13,15,11,40,51,15,6,1,15,18,0,0,84.5,84.5
USPORTS_20251129_6n43,2025-11-29,Cape Breton,68,25,86,16,49,9,37,9,14,16,25,41,10,9,3,11,12,0,0,84.5,84.5
USPORTS_20251129_bthw,2025-11-29,Acadia,77,31,75,21,43,10,32,5,9,19,26,45,26,7,1,15,19,0,0,72.7,74.0
USPORTS_20251129_bthw,2025-11-29,UNB,58,22,56,16,27,6,29,8,15,9,23,32,13,6,3,22,12,0,0,75.2,72.9
USPORTS_20251129_tse5,2025-11-29,Calgary,59,22,66,14,38,8,28,7,12,6,28,34,13,6,5,9,15,0,0,73.0,72.5
USPORTS_20251129_tse5,2025-11-29,Manitoba,66,23,64,12,34,11,30,9,15,9,33,42,18,2,3,12,17,0,0,71.9,72.5
USPORTS_20251129_q9e5,2025-11-29,UBC,99,32,69,19,37,13,32,22,29,15,23,38,16,12,0,20,18,0,0,85.7,85.5
USPORTS_20251129_q9e5,2025-11-29,UBCO,89,31,62,18,27,13,35,14,21,7,22,29,16,9,0,21,22,0,0,84.5,85.1
USPORTS_20251129_dvum,2025-11-29,Nipissing,59,23,64,17,37,6,27,7,12,5,26,31,9,6,4,15,10,0,0,79.2,77.4
USPORTS_20251129_dvum,2025-11-29,Toronto Metropolitan,95,38,77,23,44,15,33,4,7,12,38,50,23,10,6,8,15,0,0,74.9,77.0
USPORTS_20251129_k7vj,2025-11-29,Carleton,82,32,75,19,40,13,35,5,6,18,24,42,24,7,2,12,20,0,0,66.0,66.3
USPORTS_20251129_k7vj,2025-11-29,Western,71,26,61,20,38,6,23,13,18,10,17,27,23,11,3,10,12,0,0,67.9,66.9
USPORTS_20251129_h69x,2025-11-29,Lakehead,79,33,80,25,51,8,29,5,6,13,34,47,11,7,3,9,8,0,0,74.0,73.4
USPORTS_20251129_h69x,2025-11-29,Waterloo,53,23,64,17,42,6,22,1,2,5,24,29,10,4,1,15,8,0,0,74.3,77.2
USPORTS_20251129_oepu,2025-11-29,Algoma,61,23,67,12,31,11,36,4,7,3,23,26,14,8,1,15,17,0,0,81.6,79.4
USPORTS_20251129_oepu,2025-11-29,Brock,75,28,79,19,38,9,41,10,15,21,38,59,17,7,1,16,13,0,0,75.6,78.6
USPORTS_20251129_g8e6,2025-11-29,Concordia,73,27,62,22,44,5,18,14,21,6,26,32,15,3,0,15,26,0,0,79.4,80.0
USPORTS_20251129_g8e6,2025-11-29,Bishop's,86,30,72,24,46,6,26,20,37,17,27,44,17,5,5,10,16,0,0,80.5,80.0
USPORTS_20251129_ys76,2025-11-29,Brandon,85,36,73,30,50,6,23,7,10,6,33,39,15,10,1,7,19,0,0,76.5,77.4
USPORTS_20251129_ys76,2025-11-29,Saskatchewan,62,25,64,22,44,3,20,9,20,7,24,31,11,2,0,12,15,0,0,77.5,76.2
USPORTS_20251129_8ck5,2025-11-29,Mount Royal,78,27,75,19,51,8,24,16,24,21,20,41,13,6,1,13,18,0,0,74.6,75.0
USPORTS_20251129_8ck5,2025-11-29,Regina,76,28,62,22,38,6,24,14,20,6,24,30,22,5,5,13,19,0,0,75.4,75.0
USPORTS_20251129_tg19,2025-11-29,Thompson Rivers,68,25,74,20,48,5,26,13,17,16,18,34,19,11,3,12,17,0,0,75.6,73.4
USPORTS_20251129_tg19,2025-11-29,UFV,72,26,50,21,35,5,15,15,18,4,31,35,23,6,7,18,17,0,0,71.3,73.4
USPORTS_20251129_7qup,2025-11-29,Lethbridge,64,24,77,20,55,4,22,12,13,15,26,41,14,7,4,9,14,0,0,74.0,76.7
USPORTS_20251129_7qup,2025-11-29,Trinity Western,87,33,63,22,39,11,24,10,14,2,33,35,22,5,8,11,12,0,0,77.9,76.7
USPORTS_20251129_y8gk,2025-11-29,Victoria,98,37,70,27,43,10,27,14,17,10,25,35,27,12,2,10,23,0,0,75.7,77.0
USPORTS_20251129_y8gk,2025-11-29,UNBC,71,23,54,15,34,8,20,17,23,3,20,23,14,6,1,17,19,0,0,77.6,76.3
USPORTS_20251130_dixj,2025-11-30,McMaster,59,24,77,18,49,6,28,5,5,15,24,39,14,6,3,10,14,0,0,70.3,72.1
USPORTS_20251130_dixj,2025-11-30,Ontario Tech,76,26,61,15,36,11,25,13,19,8,30,38,21,5,7,14,9,0,0,74.0,71.8
USPORTS_20251205_ccd7,2025-12-05,Winnipeg,76,26,67,17,42,9,25,15,17,9,27,36,17,15,6,25,15,0,0,86.3,76.4
USPORTS_20251205_ccd7,2025-12-05,Manitoba,71,28,72,22,48,6,24,9,16,12,21,33,14,16,6,21,19,0,0,85.6,76.4
USPORTS_20251205_0dni,2025-12-05,UNBC,69,26,59,19,34,7,25,10,19,6,21,27,6,7,5,21,21,0,0,82.6,83.5
USPORTS_20251205_0dni,2025-12-05,Thompson Rivers,90,33,64,24,48,9,16,15,25,10,31,41,13,13,5,20,18,0,0,84.3,83.5
USPORTS_20260104_klh8,2026-01-04,UNBC,59,22,55,15,29,7,26,8,16,9,16,25,9,5,5,23,10,0,0,74.8,74.9
USPORTS_20260104_klh8,2026-01-04,Toronto Metropolitan,104,43,78,31,46,12,32,6,9,15,22,37,23,14,4,12,15,0,0,75.8,75.3
USPORTS_20260107_a315,2026-01-07,Windsor,70,23,73,14,41,9,32,15,19,14,20,34,23,8,1,20,10,0,0,82.6,82.0
USPORTS_20260107_a315,2026-01-07,Western,92,37,70,25,40,12,30,6,9,9,26,35,31,15,11,16,16,0,0,79.0,80.8
USPORTS_20260107_47zo,2026-01-07,Laurier,76,25,77,14,38,11,39,15,23,15,18,33,11,7,0,15,14,0,0,84.4,81.0
USPORTS_20260107_47zo,2026-01-07,Toronto Metropolitan,81,34,76,30,48,4,28,9,14,18,32,50,16,8,5,18,18,0,0,77.7,81.0
USPORTS_20260108_fndw,2026-01-08,Manitoba,86,29,71,18,38,11,33,17,21,11,26,37,13,3,0,18,22,0,0,83.7,84.8
USPORTS_20260108_fndw,2026-01-08,Mount Royal,77,27,69,21,45,6,24,17,24,9,23,32,7,6,1,17,22,0,0,85.0,84.8
USPORTS_20260108_7smq,2026-01-08,Bishop's,82,30,70,21,42,9,28,13,25,10,31,41,20,3,1,11,18,0,0,80.4,77.6
USPORTS_20260108_7smq,2026-01-08,McGill,68,21,64,14,33,7,31,19,23,5,27,32,18,5,2,7,23,0,0,74.7,77.6
USPORTS_20260109_dctx,2026-01-09,Memorial,69,24,66,17,36,7,30,14,22,5,22,27,12,6,0,17,25,0,0,86.6,85.8
USPORTS_20260109_dctx,2026-01-09,StFX,98,36,70,29,47,7,23,19,31,13,32,45,17,9,2,14,20,0,0,84.1,87.6
USPORTS_20260109_005u,2026-01-09,Saint Mary's,65,25,70,13,41,12,29,3,16,11,24,35,15,13,2,18,20,0,0,82.4,81.6
USPORTS_20260109_005u,2026-01-09,Acadia,77,29,71,23,46,6,25,13,23,13,31,44,25,9,4,17,17,0,0,82.3,82.4
USPORTS_20260109_r0my,2026-01-09,Cape Breton,62,24,77,22,52,2,25,12,17,18,28,46,12,7,5,21,19,0,0,84.6,82.8
USPORTS_20260109_r0my,2026-01-09,UNB,72,26,68,18,35,8,33,12,17,11,31,42,17,10,5,19,22,0,0,81.8,82.8
USPORTS_20260109_15ji,2026-01-09,Dalhousie,51,22,60,19,43,3,17,4,7,13,22,35,8,8,5,25,16,0,0,73.8,75.5
USPORTS_20260109_15ji,2026-01-09,UPEI,67,25,62,21,40,4,22,13,20,14,24,38,9,12,4,21,12,0,0,76.4,74.7
USPORTS_20260109_45a1,2026-01-09,Nipissing,56,21,62,14,26,7,36,7,12,8,27,35,9,4,0,13,21,0,0,71.0,71.5
USPORTS_20260109_45a1,2026-01-09,Brock,70,26,70,18,40,8,30,10,26,16,30,46,16,8,1,8,15,0,0,71.9,72.6
USPORTS_20260109_sfg7,2026-01-09,Western,90,39,63,34,48,5,15,7,13,9,29,38,24,12,7,22,17,0,0,81.5,85.0
USPORTS_20260109_sfg7,2026-01-09,Guelph,82,29,75,18,46,11,29,13,20,10,16,26,21,15,5,19,12,0,0,90.2,85.0
USPORTS_20260109_233y,2026-01-09,Ontario Tech,61,24,64,21,41,3,23,10,16,14,21,35,12,7,3,13,14,0,0,69.1,69.7
USPORTS_20260109_233y,2026-01-09,Ottawa,72,30,64,26,43,4,21,8,12,9,26,35,16,9,3,12,16,0,0,70.4,69.7
USPORTS_20260109_pv2g,2026-01-09,Queen's,72,24,67,17,39,7,28,17,29,9,21,30,5,8,4,11,18,0,0,78.6,77.9
USPORTS_20260109_pv2g,2026-01-09,Carleton,84,31,75,25,53,6,22,16,22,19,25,44,13,7,4,15,22,0,0,77.3,77.9
USPORTS_20260109_f1ew,2026-01-09,Lakehead,69,22,64,18,41,4,23,21,27,12,24,36,8,6,2,13,18,0,0,76.0,75.1
USPORTS_20260109_f1ew,2026-01-09,McMaster,71,27,66,19,40,8,26,9,15,11,30,41,15,8,8,14,24,0,0,73.5,74.4
USPORTS_20260109_llmr,2026-01-09,York,80,31,80,24,56,7,24,11,18,18,20,38,15,10,2,14,23,0,0,80.5,79.4
USPORTS_20260109_llmr,2026-01-09,Toronto,89,32,72,22,42,10,30,15,19,13,26,39,16,10,3,14,14,0,0,77.5,79.0
USPORTS_20260109_m5hz,2026-01-09,Waterloo,91,36,68,26,42,10,26,9,17,14,34,48,17,7,2,14,11,0,0,74.0,73.2
USPORTS_20260109_m5hz,2026-01-09,Algoma,56,20,62,14,37,6,25,10,14,6,17,23,10,9,1,11,20,0,0,72.4,73.2
USPORTS_20260109_c18u,2026-01-09,UQAM,62,25,71,22,50,3,21,9,17,8,26,34,7,14,1,15,26,0,0,84.1,84.9
USPORTS_20260109_c18u,2026-01-09,Laval,75,26,63,23,42,3,21,20,30,13,34,47,11,7,6,21,13,0,0,84.0,88.5
USPORTS_20260109_4xl5,2026-01-09,Winnipeg,86,29,63,23,42,6,21,22,41,17,28,45,23,8,4,15,16,0,0,78.4,80.4
USPORTS_20260109_4xl5,2026-01-09,Brandon,78,28,64,22,44,6,20,16,19,7,18,25,16,9,0,17,24,0,0,81.7,80.4
USPORTS_20260109_v17b,2026-01-09,Manitoba,88,32,65,22,37,10,28,14,19,7,27,34,19,9,3,16,16,0,0,81.1,83.4
USPORTS_20260109_v17b,2026-01-09,Mount Royal,72,27,64,22,46,5,18,13,16,4,23,27,5,7,0,19,17,0,0,84.9,83.4
USPORTS_20260109_akyk,2026-01-09,Regina,71,26,69,19,39,7,30,12,16,7,21,28,12,10,4,18,16,0,0,85.3,86.0
USPORTS_20260109_akyk,2026-01-09,Calgary,97,39,76,30,53,9,23,10,18,16,30,46,22,12,5,19,14,0,0,85.8,86.0
USPORTS_20260109_18v4,2026-01-09,MacEwan,82,31,71,23,50,8,21,12,19,13,19,32,10,8,1,17,28,0,0,80.5,80.3
USPORTS_20260109_18v4,2026-01-09,Lethbridge,97,29,57,15,33,14,24,25,37,7,22,29,16,5,4,15,16,0,0,80.2,80.3
USPORTS_20260109_pijn,2026-01-09,Saskatchewan,60,22,58,19,40,3,18,13,23,11,24,35,12,9,1,18,22,0,0,75.0,73.8
USPORTS_20260109_pijn,2026-01-09,Alberta,89,29,61,14,26,15,35,16,23,9,27,36,24,12,1,16,20,0,0,77.8,73.8
USPORTS_20260109_8z0q,2026-01-09,UBCO,72,29,65,22,37,7,28,7,18,8,25,33,11,6,2,14,23,0,0,78.8,79.5
USPORTS_20260109_8z0q,2026-01-09,Thompson Rivers,95,33,65,27,44,6,21,23,31,11,30,41,14,11,1,12,18,0,0,80.2,79.5
USPORTS_20260109_6bfj,2026-01-09,Trinity Western,56,21,71,15,34,6,37,8,13,12,29,41,11,6,3,17,19,0,0,79.1,81.3
USPORTS_20260109_6bfj,2026-01-09,UBC,86,35,84,27,52,8,32,8,14,16,32,48,19,13,1,12,16,0,0,83.5,81.3
USPORTS_20260109_0sao,2026-01-09,UFV,81,34,74,31,53,3,21,10,14,10,25,35,14,7,4,11,22,0,0,78.2,80.0
USPORTS_20260109_0sao,2026-01-09,Victoria,90,31,68,23,41,8,27,20,32,10,23,33,15,4,2,11,11,0,0,81.8,81.6
USPORTS_20260110_nnmu,2026-01-10,Memorial,66,24,66,20,39,4,27,14,24,8,27,35,11,7,2,18,24,0,0,84.6,82.2
USPORTS_20260110_nnmu,2026-01-10,StFX,76,25,68,20,36,5,32,21,26,9,28,37,7,10,5,11,20,0,0,78.9,80.9
USPORTS_20260110_vzve,2026-01-10,Cape Breton,75,26,68,21,48,5,20,18,31,17,35,52,20,7,3,25,20,0,0,88.5,87.8
USPORTS_20260110_vzve,2026-01-10,UNB,76,26,76,19,46,7,30,17,24,13,25,38,13,11,2,15,26,0,0,87.1,88.2
USPORTS_20260110_eq65,2026-01-10,Lakehead,89,33,76,19,37,14,39,9,13,14,29,43,15,10,5,17,15,0,0,82.6,80.5
USPORTS_20260110_eq65,2026-01-10,McMaster,62,20,55,14,36,6,19,16,21,4,26,30,6,12,5,17,22,0,0,76.7,79.7
USPORTS_20260110_wtpy,2026-01-10,Queen's,80,32,70,23,42,9,28,7,11,6,30,36,14,2,4,14,16,0,0,81.9,81.2
USPORTS_20260110_wtpy,2026-01-10,Ottawa,88,36,84,27,62,9,22,7,10,16,29,45,17,9,4,10,12,0,0,80.5,80.0
USPORTS_20260110_1j7l,2026-01-10,Laurentian,64,24,73,19,39,5,34,11,20,15,23,38,9,6,4,10,15,0,0,75.4,76.0
USPORTS_20260110_1j7l,2026-01-10,Brock,71,23,64,11,28,12,36,13,16,7,33,40,12,5,0,15,18,0,0,75.8,75.6
USPORTS_20260110_glov,2026-01-10,Toronto Metropolitan,87,32,63,26,49,6,14,17,28,16,23,39,10,9,3,15,22,0,0,73.2,73.8
USPORTS_20260110_glov,2026-01-10,York,71,27,58,21,37,6,21,11,20,7,15,22,9,8,2,16,25,0,0,75.1,73.8
USPORTS_20260110_8hn3,2026-01-10,Ontario Tech,67,20,59,11,31,9,28,18,23,9,22,31,5,7,6,11,13,0,0,69.1,68.6
USPORTS_20260110_8hn3,2026-01-10,Carleton,59,21,61,15,40,6,21,11,12,12,25,37,10,8,4,17,21,0,0,68.2,68.6
USPORTS_20260110_hv3d,2026-01-10,Waterloo,86,31,61,21,33,10,28,14,21,10,37,47,13,5,2,16,18,0,0,75.5,77.1
USPORTS_20260110_hv3d,2026-01-10,Algoma,55,16,64,8,32,8,32,15,22,6,20,26,8,9,3,13,20,0,0,79.5,77.1
USPORTS_20260110_gbra,2026-01-10,Windsor,79,27,76,20,52,7,24,18,28,18,30,48,17,5,2,11,21,0,0,80.1,79.8
USPORTS_20260110_gbra,2026-01-10,Guelph,91,32,68,17,36,15,32,12,18,4,31,35,17,11,8,9,21,0,0,80.4,80.6
USPORTS_20260110_c1cl,2026-01-10,McGill,72,26,61,16,33,10,28,10,21,12,23,35,18,3,1,14,25,0,0,72.7,71.7
USPORTS_20260110_c1cl,2026-01-10,Bishop's,83,27,67,20,43,7,24,22,34,14,27,41,17,6,1,5,21,0,0,70.8,71.7
USPORTS_20260110_ep8i,2026-01-10,Winnipeg,96,34,75,21,42,13,33,15,21,13,25,38,22,12,3,16,19,0,0,85.6,82.7
USPORTS_20260110_ep8i,2026-01-10,Brandon,79,31,63,25,48,6,15,11,16,8,26,34,23,7,1,18,19,0,0,79.7,82.7
USPORTS_20260110_72xl,2026-01-10,Regina,83,31,70,26,44,5,26,16,24,16,22,38,11,6,0,9,20,0,0,71.5,73.5
USPORTS_20260110_72xl,2026-01-10,Calgary,90,33,68,26,40,7,28,17,26,13,21,34,18,7,4,10,15,0,0,75.5,73.5
USPORTS_20260110_av96,2026-01-10,MacEwan,64,20,64,14,39,6,25,18,21,2,32,34,7,4,3,10,21,0,0,80.8,80.1
USPORTS_20260110_av96,2026-01-10,Lethbridge,67,22,67,16,41,6,26,17,25,8,37,45,10,5,2,11,16,0,0,79.4,80.1
USPORTS_20260110_21kq,2026-01-10,Saskatchewan,71,27,60,22,39,5,21,12,17,12,29,41,10,6,2,14,17,0,0,68.6,67.7
USPORTS_20260110_21kq,2026-01-10,Alberta,57,21,69,15,36,6,33,9,15,15,21,36,13,13,3,8,17,0,0,66.1,67.7
USPORTS_20260110_6efm,2026-01-10,UBCO,82,28,56,21,32,7,24,19,26,11,18,29,8,9,2,25,27,0,0,80.2,78.1
USPORTS_20260110_6efm,2026-01-10,Thompson Rivers,86,29,59,27,42,2,17,26,30,11,16,27,9,11,3,16,25,0,0,76.0,78.1
USPORTS_20260110_bg3a,2026-01-10,Trinity Western,66,23,75,12,34,11,41,9,14,14,23,37,17,11,1,17,20,0,0,81.6,83.0
USPORTS_20260110_bg3a,2026-01-10,UBC,91,31,66,20,39,11,27,18,26,11,33,44,23,10,5,19,21,0,0,84.3,83.0
USPORTS_20260110_cfrm,2026-01-10,UFV,73,26,68,18,46,8,22,13,17,11,32,43,13,9,4,18,21,0,0,80.1,81.4
USPORTS_20260110_cfrm,2026-01-10,Victoria,83,30,72,21,42,9,30,14,17,10,26,36,17,10,1,14,14,0,0,82.8,81.0
USPORTS_20260115_umg9,2026-01-15,Laval,60,21,68,15,43,6,25,12,16,17,28,45,12,5,4,22,13,0,0,77.2,77.5
USPORTS_20260115_umg9,2026-01-15,UQAM,86,32,77,21,47,11,30,11,16,13,26,39,20,12,5,9,20,0,0,77.8,77.1
USPORTS_20260115_fyp5,2026-01-15,Concordia,80,32,58,28,43,4,15,12,14,3,21,24,17,10,1,12,23,0,0,72.8,73.8
USPORTS_20260115_fyp5,2026-01-15,McGill,63,25,53,22,39,3,14,10,21,5,22,27,13,3,2,19,14,0,0,75.5,74.2
USPORTS_20260115_dw3h,2026-01-15,UFV,84,33,64,29,47,4,17,14,20,11,25,36,12,9,7,14,17,0,0,75.4,74.0
USPORTS_20260115_dw3h,2026-01-15,Thompson Rivers,79,28,56,17,33,11,23,12,22,5,21,26,14,9,0,12,20,0,0,72.7,74.0
USPORTS_20260115_7tvh,2026-01-15,UBC,88,28,63,21,49,7,14,25,28,11,26,37,20,11,2,19,22,0,0,81.0,80.9
USPORTS_20260115_7tvh,2026-01-15,UNBC,74,25,62,20,28,5,34,19,25,9,20,29,16,13,1,18,22,0,0,80.8,83.4
USPORTS_20260116_jrw7,2026-01-16,Calgary,84,31,70,27,50,4,20,18,29,9,31,40,16,14,8,16,21,0,0,90.0,90.9
USPORTS_20260116_jrw7,2026-01-16,MacEwan,93,31,70,19,45,12,25,19,26,7,34,41,21,6,1,18,24,0,0,91.8,90.9
USPORTS_20260116_j0ty,2026-01-16,Acadia,82,30,77,22,44,8,33,14,20,14,29,43,18,9,3,13,25,0,0,83.8,83.9
USPORTS_20260116_j0ty,2026-01-16,Memorial,85,33,72,27,47,6,25,13,23,11,33,44,11,8,0,15,19,0,0,85.6,84.7
USPORTS_20260116_86h9,2026-01-16,Dalhousie,76,23,69,17,42,6,27,24,26,8,21,29,12,9,3,11,14,0,0,79.5,80.3
USPORTS_20260116_86h9,2026-01-16,StFX,90,36,80,31,58,5,22,13,21,15,25,40,22,5,5,13,20,0,0,82.6,81.1
USPORTS_20260116_7zzt,2026-01-16,UNB,82,29,57,22,36,7,21,17,21,7,32,39,13,11,6,14,16,0,0,72.2,76.3
USPORTS_20260116_7zzt,2026-01-16,UPEI,64,26,68,20,47,6,21,6,13,12,19,31,13,7,0,19,20,0,0,80.5,77.5
USPORTS_20260116_t9fh,2026-01-16,Windsor,85,32,62,23,38,9,24,12,16,7,22,29,12,7,1,6,17,0,0,68.0,68.8
USPORTS_20260116_t9fh,2026-01-16,Waterloo,80,31,62,24,40,7,22,11,16,11,25,36,14,4,2,11,18,0,0,69.0,68.5
USPORTS_20260116_vnm8,2026-01-16,Guelph,72,28,67,21,37,7,30,9,14,10,28,38,8,7,6,20,19,0,0,80.5,81.2
USPORTS_20260116_vnm8,2026-01-16,Queen's,94,36,82,28,52,8,30,14,16,16,23,39,19,14,2,10,15,0,0,81.1,80.4
USPORTS_20260116_yr5t,2026-01-16,McMaster,69,27,67,19,38,8,29,7,13,14,28,42,12,11,8,15,19,0,0,71.5,74.7
USPORTS_20260116_yr5t,2026-01-16,Laurentian,77,26,68,16,40,10,28,15,18,12,23,35,18,8,2,14,15,0,0,76.4,73.6
USPORTS_20260116_jfvq,2026-01-16,York,61,21,66,17,48,4,18,15,23,8,29,37,8,13,4,13,20,0,0,79.9,77.9
USPORTS_20260116_jfvq,2026-01-16,Ontario Tech,57,18,62,14,36,4,26,17,26,10,34,44,7,7,6,16,19,0,0,77.4,79.1
USPORTS_20260116_j1xj,2026-01-16,Toronto Metropolitan,80,29,70,20,47,9,23,13,20,13,25,38,9,3,2,7,24,0,0,71.9,72.4
USPORTS_20260116_j1xj,2026-01-16,Ottawa,87,30,66,25,48,5,18,22,27,9,28,37,9,4,4,6,17,0,0,73.7,72.1
USPORTS_20260116_wg8d,2026-01-16,Western,103,37,81,29,53,8,28,21,35,13,38,51,17,11,3,20,17,0,0,101.1,82.3
USPORTS_20260116_wg8d,2026-01-16,Laurier,96,30,85,13,33,17,52,19,25,12,27,39,22,12,3,22,26,0,0,103.9,81.7
USPORTS_20260116_h66t,2026-01-16,Toronto,50,14,55,11,40,3,15,19,25,9,23,32,3,3,2,20,11,0,0,74.4,73.0
USPORTS_20260116_h66t,2026-01-16,Carleton,80,33,74,28,50,5,24,9,11,16,25,41,8,7,3,13,22,0,0,73.8,74.1
USPORTS_20260116_14lc,2026-01-16,Algoma,72,24,57,12,29,12,28,12,25,9,22,31,15,3,2,15,19,0,0,74.4,71.8
USPORTS_20260116_14lc,2026-01-16,Nipissing,81,26,59,17,34,9,25,20,31,11,28,39,12,7,1,9,24,0,0,69.9,71.8
USPORTS_20260116_hzn8,2026-01-16,Mount Royal,90,34,73,29,55,5,18,17,27,14,32,46,12,10,1,13,16,0,0,84.3,85.9
USPORTS_20260116_hzn8,2026-01-16,UBCO,73,28,72,17,33,11,39,6,9,7,29,36,15,10,3,20,21,0,0,87.5,85.9
USPORTS_20260116_ryg3,2026-01-16,Regina,64,28,65,28,56,0,9,8,12,5,24,29,13,5,2,13,14,0,0,77.8,77.1
USPORTS_20260116_ryg3,2026-01-16,Winnipeg,90,36,72,25,44,11,28,7,9,8,31,39,29,10,4,10,19,0,0,76.3,74.8
USPORTS_20260116_yr99,2026-01-16,Manitoba,85,28,60,17,27,11,33,18,24,6,26,32,19,5,3,11,16,0,0,74.5,73.9
USPORTS_20260116_yr99,2026-01-16,Alberta,79,30,66,19,29,11,37,8,10,8,23,31,18,5,2,12,21,0,0,73.3,73.9
USPORTS_20260116_egtw,2026-01-16,Saskatchewan,80,31,68,24,46,7,22,11,19,9,27,36,13,5,0,14,25,0,0,79.9,78.0
USPORTS_20260116_egtw,2026-01-16,Lethbridge,75,24,61,19,40,5,21,22,28,7,25,32,14,7,4,11,18,0,0,76.2,78.0
USPORTS_20260116_x6q2,2026-01-16,Victoria,90,32,72,15,35,17,37,9,12,9,34,43,25,7,1,9,10,0,0,75.9,74.7
USPORTS_20260116_x6q2,2026-01-16,Trinity Western,67,24,66,14,39,10,27,9,10,8,28,36,12,6,6,11,13,0,0,72.8,74.7
USPORTS_20260117_6o52,2026-01-17,UNB,70,20,52,10,28,10,24,20,23,5,30,35,10,5,3,14,12,0,0,70.8,71.6
USPORTS_20260117_6o52,2026-01-17,UPEI,68,26,65,17,39,9,26,7,13,6,27,33,18,7,2,8,20,0,0,71.8,71.3
USPORTS_20260117_zslo,2026-01-17,McGill,68,22,55,15,33,7,22,17,22,10,28,38,9,3,1,16,22,0,0,69.3,71.3
USPORTS_20260117_zslo,2026-01-17,Concordia,72,27,64,22,42,5,22,13,22,10,21,31,17,10,2,10,17,0,0,73.3,71.6
USPORTS_20260117_ehah,2026-01-17,Toronto,80,28,63,17,39,11,24,13,18,5,29,34,14,7,3,12,14,0,0,77.2,78.1
USPORTS_20260117_ehah,2026-01-17,Ottawa,77,31,72,24,43,7,29,8,14,10,28,38,19,7,3,12,14,0,0,78.9,77.7
USPORTS_20260117_i69i,2026-01-17,McMaster,70,25,58,18,38,7,20,13,16,8,30,38,18,4,6,20,22,0,0,76.2,75.3
USPORTS_20260117_i69i,2026-01-17,Nipissing,75,21,66,11,29,10,37,23,30,13,24,37,19,13,6,9,17,0,0,73.6,74.9
USPORTS_20260117_rxr3,2026-01-17,York,73,27,75,17,40,10,35,9,19,8,31,39,15,7,3,22,19,0,0,96.4,94.8
USPORTS_20260117_rxr3,2026-01-17,Queen's,101,36,80,23,45,13,35,16,24,10,38,48,26,11,1,15,19,0,0,94.1,96.2
USPORTS_20260117_34jc,2026-01-17,Bishop's,79,31,70,24,38,7,32,10,15,9,24,33,14,7,3,14,16,0,0,80.4,77.0
USPORTS_20260117_34jc,2026-01-17,Laval,79,30,68,21,47,9,21,10,15,10,28,38,11,8,1,11,21,0,0,73.6,78.6
USPORTS_20260117_um4g,2026-01-17,Regina,67,24,50,18,31,6,19,13,15,4,25,29,17,9,5,23,17,0,0,75.1,77.3
USPORTS_20260117_um4g,2026-01-17,Winnipeg,91,33,72,23,48,10,24,15,18,12,21,33,23,14,3,13,14,0,0,79.4,77.3
USPORTS_20260117_9v3c,2026-01-17,Acadia,101,34,68,23,36,11,32,22,25,12,29,41,20,7,1,13,18,0,0,78.8,79.3
USPORTS_20260117_9v3c,2026-01-17,Memorial,88,30,65,16,27,14,38,14,22,5,21,26,26,10,1,9,24,0,0,78.2,78.5
USPORTS_20260117_4bg5,2026-01-17,Saint Mary's,74,25,78,14,44,11,34,13,23,8,28,36,15,7,1,11,19,0,0,88.6,95.5
USPORTS_20260117_4bg5,2026-01-17,StFX,96,38,84,30,67,8,17,12,23,15,35,50,24,4,5,13,20,0,0,90.0,90.2
USPORTS_20260117_7i2b,2026-01-17,Dalhousie,61,23,74,18,53,5,21,10,15,12,31,43,10,3,3,2,21,0,0,67.7,67.6
USPORTS_20260117_7i2b,2026-01-17,Cape Breton,72,24,67,17,49,7,18,17,29,14,32,46,13,6,5,2,15,0,0,67.4,67.6
USPORTS_20260117_uc35,2026-01-17,Calgary,80,29,66,23,43,6,23,16,20,10,31,41,14,10,1,20,15,0,0,83.8,84.1
USPORTS_20260117_uc35,2026-01-17,MacEwan,69,26,63,23,46,3,17,14,20,6,26,32,8,14,2,19,16,0,0,84.4,84.1
USPORTS_20260117_zzo2,2026-01-17,Guelph,57,20,59,14,39,6,20,11,13,11,21,32,8,15,0,25,15,0,0,75.8,72.7
USPORTS_20260117_zzo2,2026-01-17,Ontario Tech,48,18,52,15,38,3,14,9,11,10,22,32,6,15,7,26,19,0,0,71.1,73.5
USPORTS_20260117_42nz,2026-01-17,Toronto Metropolitan,65,22,64,15,38,7,26,14,17,8,25,33,5,7,3,11,16,0,0,72.5,72.2
USPORTS_20260117_42nz,2026-01-17,Carleton,77,30,67,22,45,8,22,9,16,14,28,42,14,6,2,12,20,0,0,71.8,72.2
USPORTS_20260117_cwcf,2026-01-17,Windsor,86,32,66,25,43,7,23,15,29,11,24,35,17,7,4,7,15,0,0,73.6,74.4
USPORTS_20260117_cwcf,2026-01-17,Laurier,78,27,68,14,30,13,38,11,14,8,22,30,13,5,0,12,23,0,0,75.2,74.4
USPORTS_20260117_r6i7,2026-01-17,Western,74,31,66,28,50,3,16,9,14,11,22,33,12,8,0,10,14,0,0,69.7,71.2
USPORTS_20260117_r6i7,2026-01-17,Waterloo,82,32,59,18,31,14,28,4,7,5,22,27,24,6,1,16,16,0,0,72.7,70.8
USPORTS_20260117_f890,2026-01-17,Algoma,76,25,57,14,29,11,28,15,24,5,27,32,12,4,3,16,18,0,0,77.2,75.8
USPORTS_20260117_f890,2026-01-17,Laurentian,71,24,81,17,54,7,27,16,21,26,22,48,11,8,4,14,21,0,0,74.3,75.4
USPORTS_20260117_qe96,2026-01-17,Mount Royal,91,36,81,27,52,9,29,10,20,21,29,50,15,7,6,11,25,0,0,78.3,79.9
USPORTS_20260117_qe96,2026-01-17,UBCO,73,24,68,17,44,7,24,18,21,12,24,36,12,6,3,18,20,0,0,81.5,79.9
USPORTS_20260117_u6em,2026-01-17,Saskatchewan,81,31,62,26,46,5,16,14,24,6,27,33,8,9,1,13,24,0,0,79.5,80.1
USPORTS_20260117_u6em,2026-01-17,Lethbridge,77,23,64,16,42,7,22,24,28,11,27,38,10,9,0,17,19,0,0,80.6,80.1
USPORTS_20260117_5ioz,2026-01-17,Manitoba,66,21,61,14,25,7,36,17,25,14,18,32,13,9,3,20,17,0,0,76.2,72.8
USPORTS_20260117_5ioz,2026-01-17,Alberta,88,31,57,17,32,14,25,12,15,9,24,33,15,9,1,15,24,0,0,69.3,72.8
USPORTS_20260117_tas1,2026-01-17,Victoria,72,29,76,21,43,8,33,6,7,14,26,40,17,10,3,8,11,0,0,70.7,70.1
USPORTS_20260117_tas1,2026-01-17,Trinity Western,63,25,62,15,31,10,31,3,4,9,29,38,17,2,7,16,11,0,0,69.6,70.1
USPORTS_20260117_bwev,2026-01-17,UBC,85,30,62,21,40,9,22,16,24,10,23,33,18,14,5,21,22,0,0,83.5,83.8
USPORTS_20260117_bwev,2026-01-17,Thompson Rivers,72,24,60,14,35,10,25,14,21,12,24,36,13,9,1,28,24,0,0,84.0,83.8
USPORTS_20260117_zkqr,2026-01-17,UFV,81,28,70,25,49,3,21,22,29,14,30,44,21,9,4,12,17,0,0,77.3,79.5
USPORTS_20260117_zkqr,2026-01-17,UNBC,71,27,69,22,42,5,27,12,16,7,22,29,23,8,2,15,22,0,0,82.5,79.1
USPORTS_20260118_149b,2026-01-18,Brock,84,29,76,19,43,10,33,16,24,15,27,42,19,5,0,13,28,0,0,84.2,74.2
USPORTS_20260118_149b,2026-01-18,Lakehead,80,25,65,16,30,9,35,21,29,11,34,45,20,9,5,16,22,0,0,81.4,73.2
USPORTS_20260119_si8f,2026-01-19,Brock,56,19,65,15,38,4,27,14,23,15,24,39,17,4,0,7,22,0,0,66.1,66.8
USPORTS_20260119_si8f,2026-01-19,Lakehead,74,25,54,16,24,9,30,15,23,7,31,38,25,5,1,9,23,0,0,66.1,66.1
USPORTS_20260121_i7pt,2026-01-21,StFX,86,29,60,22,43,7,17,21,33,7,20,27,11,8,1,13,21,0,0,79.2,78.5
USPORTS_20260121_i7pt,2026-01-21,Dalhousie,76,25,62,20,42,5,20,21,27,13,21,34,12,7,2,18,20,0,0,76.3,77.0
USPORTS_20260121_bw3v,2026-01-21,Laurier,70,27,67,16,41,11,26,5,9,11,25,36,12,6,3,24,17,0,0,83.5,34.8
USPORTS_20260121_bw3v,2026-01-21,Guelph,95,35,74,27,52,8,22,17,21,9,30,39,12,17,7,11,16,0,0,83.2,33.4
USPORTS_20260122_ezvb,2026-01-22,Bishop's,86,32,76,19,44,13,32,9,15,13,36,49,24,12,3,22,17,0,0,88.5,88.2
USPORTS_20260122_ezvb,2026-01-22,UQAM,62,19,67,11,33,8,34,16,23,9,25,34,11,12,5,21,17,0,0,87.8,88.2
USPORTS_20260122_4jeu,2026-01-22,Concordia,66,23,61,16,38,7,23,13,20,6,17,23,7,8,3,9,16,0,0,71.4,70.6
USPORTS_20260122_4jeu,2026-01-22,Laval,83,33,66,27,46,6,20,11,15,11,27,38,8,5,5,11,17,0,0,69.7,70.6
USPORTS_20260122_qe6k,2026-01-22,UNBC,79,31,69,21,47,10,22,7,11,9,31,40,11,5,3,28,18,0,0,90.8,87.2
USPORTS_20260122_qe6k,2026-01-22,Victoria,86,30,72,24,44,6,28,20,22,7,24,31,16,21,5,12,12,0,0,85.4,87.2
USPORTS_20260122_enw4,2026-01-22,Thompson Rivers,70,26,66,17,35,9,31,9,11,5,25,30,15,8,5,11,24,0,0,75.7,74.3
USPORTS_20260122_enw4,2026-01-22,Trinity Western,80,26,58,12,31,14,27,14,24,10,30,40,20,5,7,14,11,0,0,72.8,74.3
USPORTS_20260123_9xs9,2026-01-23,Algoma,44,14,66,8,28,6,38,10,15,9,24,33,12,6,3,18,12,0,0,79.5,78.1
USPORTS_20260123_9xs9,2026-01-23,Queen's,91,33,80,19,40,14,40,11,13,19,36,55,23,11,2,14,11,0,0,77.5,78.1
USPORTS_20260123_tbt0,2026-01-23,UBC,87,33,74,27,54,6,20,15,20,10,19,29,21,11,1,10,19,0,0,79.5,78.4
USPORTS_20260123_tbt0,2026-01-23,UFV,91,32,64,21,38,11,26,16,21,9,23,32,23,8,6,15,25,0,0,77.2,78.4
USPORTS_20260123_pwsf,2026-01-23,UPEI,75,27,71,20,54,7,17,14,19,14,26,40,14,1,1,15,16,0,0,77.9,73.8
USPORTS_20260123_pwsf,2026-01-23,Saint Mary's,81,29,68,21,49,8,19,15,21,10,26,36,13,10,5,4,20,0,0,69.6,73.8
USPORTS_20260123_c7z9,2026-01-23,Memorial,79,28,67,17,28,11,39,12,19,4,23,27,10,10,1,16,17,0,0,87.1,86.6
USPORTS_20260123_c7z9,2026-01-23,Cape Breton,100,38,82,27,54,11,28,13,16,17,35,52,19,6,0,17,15,0,0,86.0,86.6
USPORTS_20260123_yoyj,2026-01-23,Ontario Tech,62,21,56,17,31,4,25,16,24,6,25,31,6,5,3,13,19,0,0,72.5,70.7
USPORTS_20260123_yoyj,2026-01-23,Brock,71,22,56,13,26,9,30,18,22,6,26,32,15,8,0,11,18,0,0,69.6,71.4
USPORTS_20260123_hdif,2026-01-23,Nipissing,86,29,69,15,38,14,31,14,22,8,16,24,26,11,2,6,24,0,0,76.1,76.5
USPORTS_20260123_hdif,2026-01-23,Lakehead,84,31,66,25,40,6,26,16,23,13,32,45,28,3,5,16,18,0,0,75.3,75.7
USPORTS_20260123_k4mz,2026-01-23,Carleton,82,28,63,19,42,9,21,17,24,12,31,43,10,6,2,8,25,0,0,67.1,70.6
USPORTS_20260123_k4mz,2026-01-23,York,59,19,58,12,28,7,30,14,26,7,19,26,7,6,5,11,23,0,0,72.8,70.6
USPORTS_20260123_at83,2026-01-23,Ottawa,84,31,71,21,44,10,27,12,19,9,30,39,17,8,4,7,13,0,0,76.5,73.3
USPORTS_20260123_at83,2026-01-23,McMaster,57,24,70,17,42,7,28,2,8,15,30,45,14,6,6,16,18,0,0,73.1,74.1
USPORTS_20260123_t13z,2026-01-23,Toronto,70,27,74,22,44,5,30,11,19,15,31,46,18,7,1,10,14,0,0,75.6,73.7
USPORTS_20260123_t13z,2026-01-23,Western,71,26,68,17,37,9,31,10,14,12,30,42,23,7,7,11,14,0,0,72.6,75.2
USPORTS_20260123_3sv1,2026-01-23,Toronto Metropolitan,93,34,72,20,36,14,36,11,18,20,17,37,16,13,0,10,23,0,0,68.5,69.2
USPORTS_20260123_3sv1,2026-01-23,Windsor,69,22,50,14,25,8,25,17,26,8,18,26,9,3,1,18,15,0,0,69.9,71.3
USPORTS_20260123_rljo,2026-01-23,MacEwan,64,22,67,15,44,7,23,13,21,12,19,31,18,10,4,16,11,0,0,78.8,78.3
USPORTS_20260123_rljo,2026-01-23,Manitoba,95,36,68,23,38,13,30,10,15,10,31,41,25,12,4,15,16,0,0,77.8,78.3
USPORTS_20260123_6guz,2026-01-23,Alberta,64,22,63,15,40,7,23,13,18,11,29,40,10,7,4,14,17,0,0,72.2,72.9
USPORTS_20260123_6guz,2026-01-23,Regina,68,22,63,11,36,11,27,13,16,9,27,36,11,8,7,14,15,0,0,73.6,72.9
USPORTS_20260123_a5jc,2026-01-23,Lethbridge,47,15,61,13,45,2,16,15,18,12,25,37,9,6,1,15,14,0,0,68.8,70.9
USPORTS_20260123_a5jc,2026-01-23,Winnipeg,77,30,67,24,44,6,23,11,15,9,27,36,23,9,6,10,17,0,0,73.1,70.9
USPORTS_20260123_nzlf,2026-01-23,Calgary,85,29,65,22,42,7,23,20,32,13,31,44,14,12,2,8,16,0,0,75.4,76.5
USPORTS_20260123_nzlf,2026-01-23,Saskatchewan,66,23,64,15,38,8,26,12,17,9,30,39,11,6,4,16,23,0,0,77.6,76.5
USPORTS_20260123_58ci,2026-01-23,Brandon,75,28,74,19,40,9,34,10,14,7,37,44,8,7,1,17,24,0,0,89.3,88.5
USPORTS_20260123_58ci,2026-01-23,Mount Royal,79,28,75,26,56,2,19,21,35,14,37,51,5,9,2,11,17,0,0,87.6,88.5
USPORTS_20260124_4me6,2026-01-24,Memorial,91,34,73,25,42,9,31,14,25,10,34,44,16,8,1,17,24,0,0,89.1,90.1
USPORTS_20260124_4me6,2026-01-24,Cape Breton,82,26,70,17,40,9,30,21,34,9,25,34,11,13,1,16,24,0,0,91.1,90.1
USPORTS_20260124_dve0,2026-01-24,UPEI,74,28,69,24,51,4,18,14,22,11,32,43,12,7,3,7,20,0,0,73.6,75.4
USPORTS_20260124_dve0,2026-01-24,Saint Mary's,64,21,63,18,43,3,20,19,24,5,29,34,7,6,1,9,20,0,0,76.5,77.8
USPORTS_20260124_1ele,2026-01-24,Laurier,88,31,60,17,32,14,28,12,16,7,22,29,9,4,2,14,18,0,0,72.7,71.9
USPORTS_20260124_1ele,2026-01-24,Waterloo,81,30,66,22,41,8,25,13,18,12,19,31,16,6,2,10,16,0,0,70.3,71.5
USPORTS_20260124_xapd,2026-01-24,Laval,80,27,58,16,29,11,29,15,22,9,29,38,13,5,7,17,14,0,0,72.7,72.7
USPORTS_20260124_xapd,2026-01-24,Concordia,67,26,65,18,39,8,26,7,15,11,16,27,13,9,1,14,19,0,0,74.1,73.1
USPORTS_20260124_bhrd,2026-01-24,Toronto,68,26,66,22,46,4,20,12,16,12,22,34,7,7,0,15,23,0,0,73.8,75.4
USPORTS_20260124_bhrd,2026-01-24,Windsor,77,26,60,21,41,5,19,20,29,15,24,39,11,4,5,19,14,0,0,77.0,76.2
USPORTS_20260124_n6s5,2026-01-24,Lethbridge,62,24,59,18,41,6,18,8,11,5,26,31,13,1,2,20,16,0,0,78.2,80.1
USPORTS_20260124_n6s5,2026-01-24,Winnipeg,102,41,74,27,43,14,31,6,11,6,28,34,26,12,1,9,16,0,0,81.2,80.1
USPORTS_20260124_b81l,2026-01-24,StFX,82,32,82,26,63,6,19,12,24,21,29,50,21,9,7,12,20,0,0,80.7,79.9
USPORTS_20260124_b81l,2026-01-24,Acadia,79,31,77,23,49,8,28,9,15,13,26,39,22,7,2,10,21,0,0,78.4,80.3
USPORTS_20260124_ipxl,2026-01-24,Dalhousie,72,26,75,16,47,10,28,10,15,12,26,38,25,11,0,18,26,0,0,84.6,85.6
USPORTS_20260124_ipxl,2026-01-24,UNB,81,27,68,19,35,8,33,19,31,12,30,42,14,11,9,17,18,0,0,84.8,84.7
USPORTS_20260124_9p26,2026-01-24,Carleton,82,30,78,21,39,9,39,13,19,20,30,50,11,7,4,11,15,0,0,72.9,72.7
USPORTS_20260124_9p26,2026-01-24,McMaster,60,22,62,18,39,4,23,12,17,8,22,30,11,5,5,12,21,0,0,72.5,74.9
USPORTS_20260124_k8mj,2026-01-24,Laurentian,60,25,74,23,53,2,21,8,10,16,22,38,16,6,1,14,21,0,0,70.9,71.8
USPORTS_20260124_k8mj,2026-01-24,Lakehead,87,31,65,19,34,12,31,13,24,10,23,33,29,7,3,10,14,0,0,74.2,72.5
USPORTS_20260124_t5g2,2026-01-24,Queen's,100,38,62,23,33,15,29,9,10,4,18,22,23,8,0,9,15,0,0,70.3,70.1
USPORTS_20260124_t5g2,2026-01-24,Brock,82,29,63,10,22,19,41,5,7,9,16,25,22,6,1,16,10,0,0,70.0,71.5
USPORTS_20260124_k48u,2026-01-24,Algoma,88,26,63,16,36,10,27,26,30,13,21,34,13,7,2,12,21,0,0,72.6,71.6
USPORTS_20260124_k48u,2026-01-24,Ontario Tech,83,30,66,25,44,5,22,18,25,15,20,35,12,10,4,11,22,0,0,72.0,72.3
USPORTS_20260124_fe75,2026-01-24,Toronto Metropolitan,85,33,72,23,42,10,30,9,13,11,32,43,30,12,1,19,15,0,0,83.2,81.4
USPORTS_20260124_fe75,2026-01-24,Western,59,23,64,19,31,4,33,9,19,8,23,31,21,13,9,16,13,0,0,79.6,80.6
USPORTS_20260124_rhfs,2026-01-24,Ottawa,74,30,67,22,43,8,24,6,15,4,26,30,13,4,5,14,22,0,0,82.5,78.0
USPORTS_20260124_rhfs,2026-01-24,York,66,25,62,21,44,4,18,12,23,6,27,33,9,6,3,8,20,0,0,72.7,77.6
USPORTS_20260124_uzvc,2026-01-24,UQAM,60,21,60,15,39,6,21,12,15,4,24,28,10,9,2,17,21,0,0,79.1,81.2
USPORTS_20260124_uzvc,2026-01-24,Bishop's,96,33,73,18,39,15,34,15,19,13,33,46,21,9,2,17,13,0,0,83.3,81.2
USPORTS_20260124_w3le,2026-01-24,MacEwan,71,25,62,18,38,7,24,14,18,8,16,24,11,11,1,14,16,0,0,75.1,74.6
USPORTS_20260124_w3le,2026-01-24,Manitoba,96,35,68,20,35,15,33,11,17,14,28,42,26,4,3,15,17,0,0,74.0,74.6
USPORTS_20260124_xlz4,2026-01-24,Alberta,98,38,66,28,44,10,22,12,18,9,26,35,15,10,1,11,15,0,0,74.5,76.6
USPORTS_20260124_xlz4,2026-01-24,Regina,69,25,61,15,32,10,29,9,12,5,17,22,12,1,2,17,17,0,0,77.1,76.6
USPORTS_20260124_gpr6,2026-01-24,Calgary,95,33,62,26,47,7,15,22,29,10,28,38,20,9,7,18,16,0,0,82.4,82.8
USPORTS_20260124_gpr6,2026-01-24,Saskatchewan,74,27,69,21,46,6,23,14,20,10,20,30,11,12,2,18,22,0,0,84.0,83.2
USPORTS_20260124_uk3q,2026-01-24,Brandon,71,27,73,17,40,10,33,7,8,11,20,31,10,8,1,13,18,0,0,76.3,75.1
USPORTS_20260124_uk3q,2026-01-24,Mount Royal,77,27,72,18,44,9,28,14,18,23,30,53,11,5,2,19,9,0,0,73.2,75.1
USPORTS_20260124_ivnk,2026-01-24,UBC,79,25,66,16,39,9,27,20,28,12,28,40,17,6,4,10,17,0,0,74.5,76.6
USPORTS_20260124_ivnk,2026-01-24,UFV,90,33,75,23,49,10,26,14,18,13,26,39,22,9,7,10,18,0,0,78.7,76.6
USPORTS_20260124_nqz0,2026-01-24,UNBC,65,22,67,13,38,9,29,12,18,8,21,29,17,8,2,12,11,0,0,78.2,78.4
USPORTS_20260124_nqz0,2026-01-24,Trinity Western,102,38,71,23,38,15,33,11,14,9,36,45,22,7,4,12,12,0,0,78.6,78.4
USPORTS_20260124_e3z2,2026-01-24,Thompson Rivers,63,26,63,21,40,5,23,6,7,7,23,30,11,5,2,16,11,0,0,73.1,72.3
USPORTS_20260124_e3z2,2026-01-24,Victoria,88,35,68,24,40,11,28,7,9,6,24,30,18,8,1,6,15,0,0,70.7,71.9
USPORTS_20260128_gzzd,2026-01-28,York,71,23,62,15,30,8,32,17,25,8,27,35,14,4,2,14,20,0,0,78.2,76.8
USPORTS_20260128_gzzd,2026-01-28,Brock,83,28,74,18,42,10,32,17,23,13,30,43,21,5,2,8,18,0,0,76.1,77.6
USPORTS_20260128_9jpe,2026-01-28,Acadia,89,29,56,20,35,9,21,22,29,6,24,30,14,13,4,14,20,0,0,76.3,76.7
USPORTS_20260128_9jpe,2026-01-28,Dalhousie,80,28,64,17,35,11,29,13,23,10,21,31,17,9,3,15,24,0,0,77.8,79.0
USPORTS_20260128_7mv3,2026-01-28,Nipissing,74,25,55,16,30,9,25,15,18,7,19,26,10,9,0,15,18,0,0,70.4,72.0
USPORTS_20260128_7mv3,2026-01-28,Laurentian,83,26,63,16,32,10,31,21,25,11,23,34,11,9,2,14,14,0,0,73.5,73.1
USPORTS_20260129_92sk,2026-01-29,Ottawa,92,37,74,30,53,7,21,11,14,16,32,48,23,17,2,16,14,0,0,77.5,80.3
USPORTS_20260129_92sk,2026-01-29,Algoma,55,18,66,13,35,5,31,14,18,13,18,31,10,12,4,24,15,0,0,83.1,80.3
USPORTS_20260129_7fom,2026-01-29,McGill,87,28,53,19,31,9,22,22,30,7,31,38,19,7,3,23,22,0,0,80.3,83.0
USPORTS_20260129_7fom,2026-01-29,UQAM,75,24,66,15,39,9,27,18,27,8,14,22,18,13,1,17,27,0,0,85.7,83.0
USPORTS_20260129_xhr7,2026-01-29,Concordia,58,23,63,15,37,8,26,4,6,9,24,33,12,5,0,15,14,0,0,69.6,69.2
USPORTS_20260129_xhr7,2026-01-29,Bishop's,75,27,66,16,34,11,32,10,13,12,26,38,17,7,6,11,11,0,0,68.8,69.2
USPORTS_20260129_0ek4,2026-01-29,Regina,72,25,64,19,40,6,24,16,21,10,25,35,11,11,2,19,15,0,0,81.3,80.1
USPORTS_20260129_0ek4,2026-01-29,Saskatchewan,66,26,63,24,51,2,12,12,17,10,28,38,18,13,3,19,16,0,0,78.2,79.7
USPORTS_20260129_vkjz,2026-01-29,Winnipeg,85,32,74,26,55,6,19,15,20,16,22,38,15,7,5,13,14,0,0,77.8,78.4
USPORTS_20260129_vkjz,2026-01-29,Manitoba,90,35,68,24,36,11,32,9,19,12,24,36,18,8,8,15,18,0,0,78.9,78.4
USPORTS_20260130_z0te,2026-01-30,Saint Mary's,87,30,73,16,31,14,42,13,20,13,27,40,25,6,0,15,21,0,0,82.6,82.8
USPORTS_20260130_z0te,2026-01-30,Cape Breton,74,24,59,20,34,4,25,22,31,8,29,37,14,7,1,19,15,0,0,83.1,82.8
USPORTS_20260130_md92,2026-01-30,Queen's,75,30,67,23,41,7,26,8,13,5,29,34,8,3,1,14,14,0,0,81.1,79.4
USPORTS_20260130_md92,2026-01-30,Toronto Metropolitan,68,28,76,26,49,2,27,10,17,18,30,48,11,7,2,14,13,0,0,77.8,79.4
USPORTS_20260130_im9u,2026-01-30,Laurier,93,31,61,14,27,17,34,14,18,6,24,30,25,8,0,17,13,0,0,79.3,79.8
USPORTS_20260130_im9u,2026-01-30,Western,92,37,69,29,45,8,24,10,14,6,23,29,32,11,8,12,14,0,0,80.3,79.4
USPORTS_20260130_tnlw,2026-01-30,Ontario Tech,60,23,65,21,45,2,20,12,23,13,25,38,5,3,4,11,11,0,0,73.7,72.3
USPORTS_20260130_tnlw,2026-01-30,Toronto,68,29,76,23,54,6,22,4,5,13,34,47,9,6,4,10,23,0,0,71.0,72.3
USPORTS_20260130_424y,2026-01-30,York,96,32,64,26,47,6,17,26,39,9,20,29,17,13,4,18,20,0,0,90.8,87.9
USPORTS_20260130_424y,2026-01-30,McMaster,83,26,61,17,31,9,30,22,30,12,28,40,11,10,3,23,30,0,0,83.2,89.2
USPORTS_20260130_48tk,2026-01-30,Lakehead,64,18,55,11,21,7,34,21,27,4,29,33,9,2,3,11,16,0,0,73.2,73.3
USPORTS_20260130_48tk,2026-01-30,Carleton,71,28,75,25,56,3,19,12,20,14,30,44,6,5,1,6,18,0,0,73.4,73.3
USPORTS_20260130_msa0,2026-01-30,Waterloo,82,31,65,25,48,6,17,14,19,8,31,39,7,10,0,8,17,0,0,72.5,73.0
USPORTS_20260130_msa0,2026-01-30,Windsor,69,27,68,21,45,6,23,9,14,11,25,36,2,6,3,10,17,0,0,72.7,74.9
USPORTS_20260130_3w2x,2026-01-30,Guelph,88,35,74,25,45,10,29,8,13,12,21,33,16,12,5,11,20,0,0,76.0,75.7
USPORTS_20260130_3w2x,2026-01-30,Nipissing,66,23,55,19,39,4,16,16,25,9,22,31,7,6,3,19,20,0,0,74.7,78.5
USPORTS_20260130_3nob,2026-01-30,MacEwan,89,36,81,30,62,6,19,11,13,9,24,33,25,10,0,15,19,0,0,90.3,86.8
USPORTS_20260130_3nob,2026-01-30,Brandon,100,35,64,20,29,15,35,15,22,5,29,34,28,9,3,15,17,0,0,83.3,86.8
USPORTS_20260130_i11x,2026-01-30,Alberta,79,27,77,15,38,12,39,13,21,17,18,35,18,10,1,12,22,0,0,78.0,78.3
USPORTS_20260130_i11x,2026-01-30,Calgary,85,27,56,21,36,6,20,25,32,8,28,36,13,7,2,18,17,0,0,78.5,78.3
USPORTS_20260130_w9t2,2026-01-30,Victoria,106,41,67,24,35,17,32,7,9,7,31,38,32,8,5,14,18,0,0,77.2,77.0
USPORTS_20260130_w9t2,2026-01-30,UBCO,57,20,66,17,39,3,27,14,18,8,18,26,8,11,2,13,14,0,0,76.8,76.6
USPORTS_20260130_ivaj,2026-01-30,UNBC,57,17,63,11,31,6,32,17,21,6,24,30,6,6,0,15,20,0,0,80.0,81.0
USPORTS_20260130_ivaj,2026-01-30,UBC,82,31,67,25,44,6,23,14,20,12,35,47,18,9,4,19,20,0,0,82.0,81.0
USPORTS_20260130_5to7,2026-01-30,Trinity Western,90,33,71,17,40,16,31,8,12,11,23,34,24,6,3,14,13,0,0,78.5,75.7
USPORTS_20260130_5to7,2026-01-30,UFV,88,32,73,24,48,8,25,16,20,16,27,43,28,10,6,9,18,0,0,72.8,75.7
USPORTS_20260131_h2lb,2026-01-31,Saint Mary's,75,28,71,19,40,9,31,10,13,7,26,33,9,8,0,10,20,0,0,78.5,75.0
USPORTS_20260131_h2lb,2026-01-31,Cape Breton,90,31,77,25,49,6,28,22,25,19,32,51,14,7,4,8,12,0,0,75.2,76.1
USPORTS_20260131_c0pv,2026-01-31,Manitoba,79,32,71,25,46,7,25,8,10,14,26,40,15,9,5,20,18,0,0,80.0,79.3
USPORTS_20260131_c0pv,2026-01-31,Winnipeg,91,33,70,22,44,11,26,14,16,8,24,32,24,11,3,10,12,0,0,77.7,79.3
USPORTS_20260131_6630,2026-01-31,Queen's,85,34,74,23,35,11,39,6,7,7,22,29,17,6,1,10,14,0,0,78.0,74.8
USPORTS_20260131_6630,2026-01-31,Toronto,82,31,67,20,32,11,35,9,12,12,26,38,19,7,5,13,12,0,0,71.7,74.8
USPORTS_20260131_wflm,2026-01-31,Guelph,65,27,69,25,54,2,15,9,21,10,15,25,8,11,4,10,12,0,0,78.0,73.9
USPORTS_20260131_wflm,2026-01-31,Laurentian,76,30,66,24,46,6,20,10,14,17,34,51,14,5,2,18,19,0,0,69.7,73.5
USPORTS_20260131_bjgr,2026-01-31,Laurier,81,30,72,17,34,13,38,8,12,9,17,26,13,9,0,7,11,0,0,74.4,73.3
USPORTS_20260131_bjgr,2026-01-31,Windsor,101,41,66,31,44,10,22,9,13,8,32,40,15,6,3,9,15,0,0,72.2,72.9
USPORTS_20260131_o2ft,2026-01-31,Laval,72,27,64,24,45,3,19,15,18,8,29,37,10,7,6,14,12,0,0,75.4,73.1
USPORTS_20260131_o2ft,2026-01-31,McGill,60,26,69,19,47,7,22,1,4,9,22,31,16,5,1,11,20,0,0,70.9,73.1
USPORTS_20260131_7xi2,2026-01-31,UNB,76,26,90,21,62,5,28,19,22,18,19,37,7,7,2,10,10,0,0,85.0,82.9
USPORTS_20260131_7xi2,2026-01-31,StFX,103,42,83,32,55,10,28,9,11,12,32,44,22,5,4,10,17,0,0,80.9,82.5
USPORTS_20260131_kldu,2026-01-31,Acadia,76,28,59,17,39,11,20,9,12,6,23,29,13,6,4,19,21,0,0,75.3,73.8
USPORTS_20260131_kldu,2026-01-31,UPEI,87,32,73,26,46,6,27,17,20,15,19,34,18,8,4,10,16,0,0,74.5,74.9
USPORTS_20260131_hzvz,2026-01-31,McMaster,71,26,64,18,38,8,26,11,14,10,16,26,13,7,6,16,18,0,0,74.5,34.9
USPORTS_20260131_hzvz,2026-01-31,Brock,89,33,70,25,44,8,26,15,16,11,25,36,19,11,3,11,15,0,0,71.9,42.2
USPORTS_20260131_6jrt,2026-01-31,Waterloo,74,28,66,19,38,9,28,9,14,7,26,33,20,8,0,22,19,0,0,86.9,83.2
USPORTS_20260131_6jrt,2026-01-31,Western,85,29,59,24,42,5,17,22,31,6,32,38,22,17,13,12,15,0,0,78.6,81.5
USPORTS_20260131_fw3s,2026-01-31,Lakehead,87,32,71,23,42,9,29,14,20,14,27,41,13,7,5,17,14,0,0,81.4,43.7
USPORTS_20260131_fw3s,2026-01-31,Ottawa,89,34,73,27,53,7,20,14,21,9,24,33,13,9,5,8,15,0,0,79.8,42.3
USPORTS_20260131_02gc,2026-01-31,Ontario Tech,71,28,68,24,48,4,20,11,17,13,26,39,13,2,4,12,13,0,0,73.2,73.5
USPORTS_20260131_02gc,2026-01-31,Toronto Metropolitan,73,28,67,24,44,4,23,13,19,10,26,36,11,7,6,10,18,0,0,73.8,73.9
USPORTS_20260131_pj84,2026-01-31,UQAM,60,19,65,14,42,5,23,17,25,7,25,32,7,8,4,16,23,0,0,84.3,80.1
USPORTS_20260131_pj84,2026-01-31,Concordia,64,22,55,18,40,4,15,16,29,9,38,47,14,8,5,19,22,0,0,77.4,82.5
USPORTS_20260131_1qwo,2026-01-31,MacEwan,84,30,66,23,44,7,22,17,25,5,24,29,19,7,3,15,12,0,0,86.5,84.2
USPORTS_20260131_1qwo,2026-01-31,Brandon,96,40,79,29,53,11,26,5,9,15,30,45,30,9,1,15,19,0,0,81.9,84.2
USPORTS_20260131_fkyf,2026-01-31,Alberta,79,25,74,16,46,9,28,20,29,18,28,46,21,6,1,12,15,0,0,78.2,78.7
USPORTS_20260131_fkyf,2026-01-31,Calgary,70,23,63,15,34,8,29,16,20,8,28,36,19,9,7,16,22,0,0,78.3,78.7
USPORTS_20260131_gcye,2026-01-31,UNBC,84,30,68,14,33,16,35,8,12,11,19,30,24,5,1,20,10,0,0,78.4,77.6
USPORTS_20260131_gcye,2026-01-31,UBC,104,39,78,26,51,13,27,13,17,17,19,36,27,13,4,11,16,0,0,76.8,77.6
USPORTS_20260131_db0h,2026-01-31,Trinity Western,80,25,52,11,21,14,31,16,25,7,34,41,19,15,8,30,15,0,0,85.5,86.6
USPORTS_20260131_db0h,2026-01-31,UBCO,69,25,74,16,45,9,29,10,16,14,20,34,15,17,1,22,20,0,0,87.7,86.6
USPORTS_20260201_q9et,2026-02-01,Carleton,91,38,81,28,53,10,28,5,8,16,33,49,25,8,1,8,9,0,0,73.1,74.1
USPORTS_20260201_q9et,2026-02-01,Algoma,61,22,61,11,28,11,33,6,8,2,22,24,18,5,7,13,11,0,0,75.1,74.1
USPORTS_20260203_76ki,2026-02-03,Saskatchewan,58,20,62,16,45,4,17,14,21,16,24,40,7,6,2,19,24,0,0,73.1,73.8
USPORTS_20260203_76ki,2026-02-03,Regina,79,27,62,22,42,5,20,20,24,10,26,36,15,8,3,13,19,0,0,74.5,73.8
USPORTS_20260204_iddl,2026-02-04,Laurier,103,41,80,30,50,11,30,10,11,14,21,35,14,7,2,9,11,0,0,78.5,75.4
USPORTS_20260204_iddl,2026-02-04,McMaster,82,32,64,20,35,12,29,6,8,8,24,32,20,5,3,15,18,0,0,73.1,75.0
USPORTS_20260205_ozuu,2026-02-05,Laval,66,25,70,20,44,5,26,11,13,16,26,42,9,6,2,17,19,0,0,73.5,74.3
USPORTS_20260205_ozuu,2026-02-05,Concordia,63,22,65,16,41,6,24,13,18,9,24,33,12,6,1,14,18,0,0,75.1,73.9
USPORTS_20260205_7sv1,2026-02-05,McGill,53,19,66,12,33,7,33,8,13,11,20,31,12,5,0,11,10,0,0,68.9,69.9
USPORTS_20260205_7sv1,2026-02-05,Bishop's,87,36,69,26,41,10,28,5,8,11,29,40,14,8,2,11,14,0,0,71.0,70.3
USPORTS_20260206_f62y,2026-02-06,Memorial,70,26,63,18,43,8,20,10,16,10,24,34,12,7,1,22,17,0,0,80.4,77.9
USPORTS_20260206_f62y,2026-02-06,Dalhousie,86,31,75,21,46,10,29,14,17,15,24,39,21,16,6,11,19,0,0,75.4,78.3
USPORTS_20260206_b7so,2026-02-06,UNB,94,30,72,17,32,13,40,21,23,11,36,47,12,5,5,16,20,0,0,83.6,74.6
USPORTS_20260206_b7so,2026-02-06,Saint Mary's,87,29,76,16,40,13,36,16,23,9,23,32,17,9,2,9,22,0,0,85.1,76.0
USPORTS_20260206_bwjh,2026-02-06,Cape Breton,88,27,65,20,48,7,17,27,34,9,21,30,6,11,4,15,22,0,0,85.1,86.9
USPORTS_20260206_bwjh,2026-02-06,UPEI,100,32,77,17,45,15,32,21,25,15,28,43,24,4,5,20,25,0,0,87.9,86.1
USPORTS_20260206_039z,2026-02-06,Acadia,71,27,77,18,47,9,30,8,10,12,12,24,13,7,0,10,15,0,0,76.1,72.6
USPORTS_20260206_039z,2026-02-06,StFX,101,37,69,25,42,12,27,15,19,16,30,46,22,5,3,12,14,0,0,69.8,74.4
USPORTS_20260206_8nhp,2026-02-06,Ottawa,73,27,63,21,40,6,23,13,19,6,33,39,7,9,1,13,13,0,0,76.9,75.8
USPORTS_20260206_8nhp,2026-02-06,Carleton,52,17,67,11,38,6,29,12,13,13,25,38,7,12,3,17,19,0,0,74.6,75.8
USPORTS_20260206_bzbm,2026-02-06,Nipissing,69,28,79,18,42,10,37,3,3,18,17,35,13,5,2,19,15,0,0,79.3,78.1
USPORTS_20260206_bzbm,2026-02-06,Queen's,111,41,69,23,32,18,37,11,13,7,31,38,30,9,4,11,15,0,0,77.0,78.5
USPORTS_20260206_4jbm,2026-02-06,Toronto Metropolitan,79,29,68,20,41,9,27,12,19,14,21,35,14,6,6,12,17,0,0,73.0,72.8
USPORTS_20260206_4jbm,2026-02-06,Guelph,67,22,60,17,39,5,21,18,24,8,24,32,8,6,6,14,20,0,0,73.3,72.4
USPORTS_20260206_hzhi,2026-02-06,Toronto,76,26,63,20,42,6,21,18,25,12,25,37,3,5,2,12,20,0,0,72.0,74.4
USPORTS_20260206_hzhi,2026-02-06,Waterloo,86,33,66,26,40,7,26,13,19,5,22,27,9,10,2,9,22,0,0,77.5,76.3
USPORTS_20260206_btwf,2026-02-06,Western,95,40,69,30,44,10,25,5,7,8,25,33,24,10,0,11,16,0,0,73.9,75.7
USPORTS_20260206_btwf,2026-02-06,York,68,23,67,19,39,4,28,18,22,13,19,32,9,8,2,14,13,0,0,74.6,73.5
USPORTS_20260206_j16k,2026-02-06,McMaster,97,37,76,28,47,9,29,14,21,17,27,44,25,10,8,7,12,0,0,73.6,74.3
USPORTS_20260206_j16k,2026-02-06,Algoma,73,29,69,17,33,12,36,3,6,10,21,31,22,5,4,15,17,0,0,75.1,74.3
USPORTS_20260206_u5xo,2026-02-06,Windsor,54,22,63,17,39,5,24,5,9,11,25,36,18,3,0,16,16,0,0,71.5,71.9
USPORTS_20260206_u5xo,2026-02-06,Lakehead,87,32,67,19,36,13,31,10,14,8,31,39,30,5,3,9,12,0,0,73.1,72.3
USPORTS_20260206_5tuq,2026-02-06,Laurentian,49,18,80,16,56,2,24,11,15,17,19,36,3,12,0,6,21,0,0,71.7,71.0
USPORTS_20260206_5tuq,2026-02-06,Ontario Tech,64,24,49,19,31,5,18,11,21,7,37,44,11,4,7,20,18,0,0,71.0,74.7
USPORTS_20260206_xo7t,2026-02-06,Winnipeg,96,35,76,29,52,6,24,20,28,15,20,35,19,13,2,8,18,0,0,80.3,79.0
USPORTS_20260206_xo7t,2026-02-06,Saskatchewan,83,33,58,27,39,6,19,11,18,5,26,31,16,6,4,18,21,0,0,78.6,79.4
USPORTS_20260206_j5sz,2026-02-06,Brandon,76,27,71,19,43,8,28,14,19,8,25,33,14,10,1,13,15,0,0,82.9,82.5
USPORTS_20260206_j5sz,2026-02-06,Manitoba,89,34,74,27,44,7,30,14,16,11,32,43,20,6,2,14,17,0,0,82.0,82.5
USPORTS_20260206_0qhb,2026-02-06,Regina,89,31,60,20,36,11,24,16,20,8,29,37,21,10,7,25,21,0,0,84.3,83.1
USPORTS_20260206_0qhb,2026-02-06,MacEwan,71,25,71,22,51,3,20,18,27,14,18,32,7,13,2,15,20,0,0,81.9,83.1
USPORTS_20260206_qwmg,2026-02-06,Thompson Rivers,77,31,71,22,53,9,18,6,7,8,29,37,18,12,1,11,10,0,0,76.1,75.1
USPORTS_20260206_qwmg,2026-02-06,UNBC,60,23,57,14,31,9,26,5,10,5,30,35,20,7,4,18,10,0,0,74.0,74.0
USPORTS_20260206_krxc,2026-02-06,Lethbridge,69,27,61,18,32,9,29,6,6,7,18,25,12,2,0,14,14,0,0,69.7,67.8
USPORTS_20260206_krxc,2026-02-06,Alberta,86,32,67,21,41,11,26,11,15,13,25,38,19,10,1,8,17,0,0,65.9,67.8
USPORTS_20260206_qgg2,2026-02-06,Mount Royal,75,28,75,24,54,4,21,15,21,12,23,35,8,10,1,9,21,0,0,79.5,80.4
USPORTS_20260206_qgg2,2026-02-06,Calgary,90,33,64,23,40,10,24,14,22,9,32,41,17,4,5,17,15,0,0,81.4,80.4
USPORTS_20260206_qhfg,2026-02-06,UFV,91,36,65,26,46,10,19,9,16,11,28,39,19,8,0,20,17,0,0,80.3,78.7
USPORTS_20260206_qhfg,2026-02-06,UBCO,85,27,64,14,30,13,34,18,22,9,18,27,15,11,0,13,18,0,0,77.1,79.1
USPORTS_20260206_ps69,2026-02-06,UBC,85,28,72,17,41,11,31,18,24,11,33,44,14,11,0,17,16,0,0,86.3,85.6
USPORTS_20260206_ps69,2026-02-06,Victoria,76,25,75,15,40,10,35,16,22,14,28,42,12,7,8,17,18,0,0,85.7,85.6
USPORTS_20260207_28q1,2026-02-07,Memorial,76,24,51,16,37,8,14,20,31,4,20,24,15,8,3,18,20,0,0,78.5,78.2
USPORTS_20260207_28q1,2026-02-07,Dalhousie,99,36,73,23,37,13,36,14,19,16,24,40,27,9,0,15,20,0,0,78.8,77.9
USPORTS_20260207_h1hi,2026-02-07,Cape Breton,85,26,71,20,51,6,20,27,39,15,32,47,10,15,3,16,20,0,0,88.1,90.5
USPORTS_20260207_h1hi,2026-02-07,UPEI,73,26,70,21,48,5,22,16,21,10,30,40,16,10,3,24,28,0,0,92.0,90.5
USPORTS_20260207_3qsk,2026-02-07,UNB,87,29,71,19,43,10,28,19,28,14,39,53,18,4,3,13,15,0,0,81.0,71.7
USPORTS_20260207_3qsk,2026-02-07,Saint Mary's,83,30,85,19,44,11,41,12,16,15,27,42,15,6,5,6,22,0,0,81.7,72.3
USPORTS_20260207_0493,2026-02-07,Concordia,91,29,56,14,28,15,28,18,28,11,27,38,25,7,4,13,12,0,0,69.5,65.7
USPORTS_20260207_0493,2026-02-07,McGill,41,15,54,11,30,4,24,7,10,7,16,23,7,7,0,14,22,0,0,63.8,66.0
USPORTS_20260207_t21h,2026-02-07,Laval,95,30,64,19,37,11,27,24,39,12,29,41,16,9,2,16,25,0,0,82.1,83.6
USPORTS_20260207_t21h,2026-02-07,UQAM,80,28,68,15,35,13,33,11,25,10,17,27,21,5,0,17,30,0,0,85.0,83.6
USPORTS_20260207_pqi7,2026-02-07,Toronto Metropolitan,80,29,59,23,45,6,14,16,25,9,33,42,9,16,1,16,19,0,0,74.9,76.5
USPORTS_20260207_pqi7,2026-02-07,Waterloo,37,15,59,11,34,4,25,3,11,12,17,29,6,7,1,26,19,0,0,77.3,75.7
USPORTS_20260207_pfac,2026-02-07,Regina,85,35,67,27,44,8,23,7,11,8,39,47,18,15,6,20,18,0,0,83.3,83.7
USPORTS_20260207_pfac,2026-02-07,MacEwan,54,18,61,15,43,3,18,15,21,6,24,30,9,11,4,20,11,0,0,84.1,83.7
USPORTS_20260207_stsm,2026-02-07,Western,80,32,80,23,50,9,30,7,10,16,26,42,25,12,4,15,21,0,0,81.1,83.1
USPORTS_20260207_stsm,2026-02-07,Lakehead,85,30,68,19,38,11,30,14,19,9,29,38,28,10,5,20,14,0,0,85.9,83.1
USPORTS_20260207_4t9s,2026-02-07,Toronto,85,26,71,20,46,6,25,27,38,22,22,44,9,5,0,6,15,0,0,71.7,71.2
USPORTS_20260207_4t9s,2026-02-07,Laurier,76,26,65,15,25,11,40,13,17,10,26,36,17,5,2,12,27,0,0,71.4,70.8
USPORTS_20260207_46dq,2026-02-07,Laurentian,69,25,68,19,36,6,32,13,18,18,36,54,12,5,2,25,20,0,0,80.7,82.0
USPORTS_20260207_46dq,2026-02-07,Queen's,77,26,70,17,40,9,30,16,24,7,23,30,19,11,2,12,13,0,0,84.9,82.8
USPORTS_20260207_pwpq,2026-02-07,Nipissing,77,22,71,13,40,9,31,24,25,12,25,37,8,6,0,12,22,0,0,80.3,78.0
USPORTS_20260207_pwpq,2026-02-07,Ontario Tech,83,29,64,25,47,4,17,21,32,14,34,48,12,7,4,11,18,0,0,75.6,78.0
USPORTS_20260207_tzlm,2026-02-07,Windsor,71,26,63,14,38,12,25,7,7,4,33,37,11,5,3,15,19,0,0,75.4,74.5
USPORTS_20260207_tzlm,2026-02-07,York,56,19,70,16,52,3,18,15,23,14,24,38,6,7,3,12,14,0,0,75.9,74.5
USPORTS_20260207_jk6v,2026-02-07,Brock,62,24,64,15,40,9,24,5,11,16,22,38,9,3,1,13,10,0,0,65.1,64.4
USPORTS_20260207_jk6v,2026-02-07,Ottawa,90,33,72,15,30,18,42,6,8,14,25,39,20,6,4,5,10,0,0,64.3,65.4
USPORTS_20260207_r2c1,2026-02-07,Winnipeg,80,31,68,23,47,8,21,10,13,9,29,38,10,5,3,8,13,0,0,72.1,73.3
USPORTS_20260207_r2c1,2026-02-07,Saskatchewan,76,31,71,23,44,8,27,6,10,10,28,38,16,6,4,10,16,0,0,74.4,73.3
USPORTS_20260207_1wx7,2026-02-07,Brandon,65,25,71,14,33,11,38,4,12,10,21,31,8,10,3,15,11,0,0,80.3,79.0
USPORTS_20260207_1wx7,2026-02-07,Manitoba,87,32,64,21,36,11,28,12,18,9,35,44,21,8,4,16,13,0,0,77.6,79.0
USPORTS_20260207_6s18,2026-02-07,Mount Royal,100,32,74,19,44,13,30,23,34,15,27,42,11,11,1,15,24,0,0,84.1,86.4
USPORTS_20260207_6s18,2026-02-07,Calgary,91,34,67,28,48,6,19,17,27,8,19,27,13,11,4,17,23,0,0,87.8,86.4
USPORTS_20260207_cdoi,2026-02-07,Lethbridge,75,24,56,12,26,12,30,15,16,3,24,27,12,5,3,11,20,0,0,70.5,71.4
USPORTS_20260207_cdoi,2026-02-07,Alberta,72,24,65,16,35,8,30,16,23,15,26,41,11,6,4,14,18,0,0,72.2,71.4
USPORTS_20260207_hpsv,2026-02-07,UFV,82,28,71,22,48,6,23,20,25,20,20,40,16,12,0,13,18,0,0,72.6,72.0
USPORTS_20260207_hpsv,2026-02-07,UBCO,79,24,57,11,24,13,33,18,19,9,21,30,20,4,2,17,27,0,0,71.4,72.0
USPORTS_20260207_j98b,2026-02-07,UBC,85,31,64,23,41,8,23,15,20,7,30,37,20,4,3,16,19,0,0,80.6,79.9
USPORTS_20260207_j98b,2026-02-07,Victoria,93,31,69,19,38,12,31,19,27,8,23,31,18,11,0,7,15,0,0,79.3,80.7
USPORTS_20260207_ej8v,2026-02-07,Thompson Rivers,78,30,70,19,42,11,28,7,12,7,27,34,19,9,4,11,14,0,0,78.4,78.0
USPORTS_20260207_ej8v,2026-02-07,UNBC,76,28,68,21,47,7,21,13,19,11,31,42,16,5,6,12,11,0,0,76.0,76.8
USPORTS_20260208_n8aa,2026-02-08,Algoma,47,16,54,13,36,3,18,12,17,7,23,30,3,3,5,19,24,0,0,72.1,72.9
USPORTS_20260208_n8aa,2026-02-08,Guelph,99,34,76,23,46,11,30,20,29,22,27,49,16,12,1,7,21,0,0,73.8,73.3
USPORTS_20260208_za1a,2026-02-08,Brock,84,31,75,22,44,9,31,13,22,15,36,51,10,15,3,23,25,0,0,90.9,73.4
USPORTS_20260208_za1a,2026-02-08,Carleton,79,28,80,19,45,9,35,14,31,19,27,46,11,14,2,19,22,0,0,93.4,73.7
USPORTS_20260211_lfpk,2026-02-11,Toronto,66,23,69,17,42,6,27,14,20,14,27,41,8,7,3,20,11,0,0,81.8,79.9
USPORTS_20260211_lfpk,2026-02-11,Toronto Metropolitan,82,32,78,26,55,6,23,12,15,15,29,44,19,13,5,11,17,0,0,78.0,79.9
USPORTS_20260211_wpze,2026-02-11,McMaster,69,25,58,19,39,6,19,13,22,6,26,32,8,2,6,16,18,0,0,77.3,77.6
USPORTS_20260211_wpze,2026-02-11,Waterloo,84,33,72,26,52,7,20,11,13,6,27,33,9,8,2,8,14,0,0,77.9,78.0
USPORTS_20260212_o1no,2026-02-12,Dalhousie,58,19,61,13,38,6,23,14,27,13,13,26,12,8,2,17,15,0,0,73.2,72.6
USPORTS_20260212_o1no,2026-02-12,Acadia,88,32,54,22,37,10,17,14,19,5,22,27,21,12,3,17,20,0,0,72.8,73.0
USPORTS_20260212_42rg,2026-02-12,Bishop's,72,29,66,23,43,6,23,8,11,12,27,39,15,11,1,21,19,0,0,77.4,78.7
USPORTS_20260212_42rg,2026-02-12,Concordia,56,22,61,20,40,2,21,10,19,9,21,30,10,12,3,21,13,0,0,79.9,78.3
USPORTS_20260212_lrp3,2026-02-12,Brandon,68,24,65,15,34,9,31,11,13,5,15,20,15,16,0,18,18,0,0,82.6,81.7
USPORTS_20260212_lrp3,2026-02-12,Manitoba,79,27,62,24,40,3,22,22,29,14,31,45,9,9,2,24,15,0,0,80.7,81.7
USPORTS_20260213_fwqe,2026-02-13,Regina,67,26,65,23,39,3,26,12,16,9,21,30,12,11,7,15,21,0,0,75.7,75.0
USPORTS_20260213_fwqe,2026-02-13,UFV,73,24,61,19,46,5,15,20,26,10,24,34,10,10,3,14,18,0,0,73.7,75.0
USPORTS_20260213_g952,2026-02-13,Calgary,70,23,63,14,36,9,27,15,21,13,28,41,15,15,5,23,13,0,0,80.2,80.4
USPORTS_20260213_g952,2026-02-13,Thompson Rivers,66,24,58,17,38,7,20,11,16,5,24,29,14,16,2,21,14,0,0,80.5,80.4
USPORTS_20260213_evqr,2026-02-13,Manitoba,69,26,78,21,42,5,36,12,24,17,19,36,8,18,2,15,27,0,0,81.0,81.6
USPORTS_20260213_evqr,2026-02-13,UBC,77,25,62,20,39,5,23,22,28,16,25,41,12,8,3,26,24,0,0,82.2,81.6
USPORTS_20260213_ygzn,2026-02-13,StFX,86,30,77,27,62,3,15,23,29,12,35,47,8,11,5,13,29,0,0,89.3,90.5
USPORTS_20260213_ygzn,2026-02-13,UPEI,78,25,65,21,47,4,18,24,36,5,33,38,13,6,3,17,23,0,0,92.5,91.4
USPORTS_20260213_j0il,2026-02-13,Carleton,71,26,69,20,34,6,35,13,21,17,20,37,11,10,3,14,20,0,0,72.7,72.0
USPORTS_20260213_j0il,2026-02-13,Laurentian,73,25,60,13,35,12,25,11,13,8,23,31,14,4,5,17,19,0,0,72.0,72.4
USPORTS_20260213_km5l,2026-02-13,Algoma,54,18,57,13,30,5,27,13,17,6,21,27,16,6,1,21,21,0,0,77.7,72.8
USPORTS_20260213_km5l,2026-02-13,Western,80,28,70,25,46,3,24,21,31,23,26,49,18,12,8,7,22,0,0,67.1,71.7
USPORTS_20260213_pnzv,2026-02-13,Guelph,82,33,62,27,46,6,16,10,18,12,38,50,4,7,5,22,29,0,0,78.6,81.5
USPORTS_20260213_pnzv,2026-02-13,York,78,29,72,24,53,5,19,15,33,12,16,28,6,17,2,8,20,0,0,83.5,81.0
USPORTS_20260213_eri8,2026-02-13,Ontario Tech,83,30,79,20,49,10,30,13,19,15,30,45,14,13,4,16,20,0,0,86.3,88.1
USPORTS_20260213_eri8,2026-02-13,Queen's,91,30,67,23,46,7,21,24,30,8,31,39,16,5,6,18,12,0,0,89.9,88.5
USPORTS_20260213_6okx,2026-02-13,Brock,93,34,65,19,34,15,31,10,12,10,17,27,9,8,3,11,15,0,0,70.6,70.9
USPORTS_20260213_6okx,2026-02-13,Laurier,91,32,55,15,24,17,31,10,15,4,21,25,19,6,1,15,10,0,0,71.9,70.5
USPORTS_20260213_9l55,2026-02-13,Ottawa,104,39,66,31,46,8,20,18,23,6,28,34,20,11,2,11,16,0,0,80.7,81.7
USPORTS_20260213_9l55,2026-02-13,Nipissing,93,35,73,25,45,10,28,13,19,10,21,31,20,6,2,12,19,0,0,82.7,81.3
USPORTS_20260213_ug6f,2026-02-13,Trinity Western,76,28,65,17,32,11,33,9,14,10,21,31,15,9,3,9,21,0,0,69.2,70.8
USPORTS_20260213_ug6f,2026-02-13,Mount Royal,68,24,60,19,37,5,23,15,23,10,26,36,10,6,4,14,18,0,0,71.7,70.4
USPORTS_20260214_v9i6,2026-02-14,McGill,46,14,54,9,32,5,22,13,18,5,11,16,5,4,1,18,26,0,0,74.1,72.2
USPORTS_20260214_v9i6,2026-02-14,Laval,89,24,51,16,30,8,21,33,38,11,32,43,10,7,8,17,19,0,0,70.3,72.2
USPORTS_20260214_69wj,2026-02-14,Calgary,69,27,71,20,44,7,27,8,11,9,24,33,14,14,6,15,13,0,0,81.2,80.8
USPORTS_20260214_69wj,2026-02-14,Winnipeg,82,33,74,25,45,8,29,8,14,16,35,51,26,12,6,17,12,0,0,79.6,80.8
USPORTS_20260214_y6ly,2026-02-14,UFV,66,20,65,15,36,5,29,21,24,6,26,32,8,11,2,14,21,0,0,82.5,83.1
USPORTS_20260214_y6ly,2026-02-14,Alberta,80,30,66,21,40,9,26,11,14,9,35,44,14,10,2,19,18,0,0,81.3,83.1
USPORTS_20260214_hqub,2026-02-14,Carleton,99,37,74,24,39,13,35,12,14,12,36,48,26,4,2,10,23,0,0,76.2,74.4
USPORTS_20260214_hqub,2026-02-14,Nipissing,60,19,58,13,30,6,28,16,27,3,22,25,16,5,2,6,16,0,0,72.7,74.8
USPORTS_20260214_605x,2026-02-14,Saint Mary's,83,30,73,19,31,11,42,12,17,10,30,40,12,3,1,15,22,0,0,85.3,80.0
USPORTS_20260214_605x,2026-02-14,Memorial,89,34,67,28,44,6,23,15,29,8,35,43,26,15,2,4,19,0,0,76.3,81.2
USPORTS_20260214_jpqq,2026-02-14,StFX,88,34,83,28,66,6,17,14,21,21,27,48,18,9,3,9,27,0,0,76.2,75.7
USPORTS_20260214_jpqq,2026-02-14,UNB,76,24,72,16,37,8,35,20,35,25,23,48,17,4,10,14,20,0,0,76.7,75.7
USPORTS_20260214_mon6,2026-02-14,Acadia,68,26,78,17,42,9,36,7,13,14,19,33,16,10,3,16,18,0,0,84.1,81.3
USPORTS_20260214_mon6,2026-02-14,Cape Breton,87,31,67,22,40,9,27,16,22,11,36,47,16,10,5,16,16,0,0,78.6,81.3
USPORTS_20260214_3rfk,2026-02-14,Algoma,69,28,69,23,47,5,22,8,12,10,20,30,13,10,2,9,20,0,0,72.0,73.0
USPORTS_20260214_3rfk,2026-02-14,Windsor,79,26,62,17,32,9,30,18,26,12,29,41,18,7,3,15,15,0,0,74.0,73.8
USPORTS_20260214_ztzy,2026-02-14,Brock,77,26,57,15,30,11,27,14,16,10,19,29,13,6,3,17,19,0,0,69.6,67.0
USPORTS_20260214_ztzy,2026-02-14,Waterloo,76,27,58,17,33,10,25,12,20,11,19,30,14,7,1,11,18,0,0,65.6,68.0
USPORTS_20260214_xvmp,2026-02-14,Lakehead,79,28,74,23,46,5,28,18,22,15,35,50,15,4,2,14,20,0,0,77.7,79.6
USPORTS_20260214_xvmp,2026-02-14,Toronto Metropolitan,81,34,85,29,57,5,28,8,16,18,22,40,19,6,4,8,22,0,0,81.5,79.6
USPORTS_20260214_xmek,2026-02-14,Ottawa,70,27,69,22,47,5,22,11,17,15,30,45,12,6,6,8,11,0,0,66.7,65.5
USPORTS_20260214_xmek,2026-02-14,Laurentian,56,20,62,17,41,3,21,13,13,9,23,32,7,1,0,7,19,0,0,64.3,64.9
USPORTS_20260214_gj4m,2026-02-14,York,76,29,72,21,37,8,35,10,16,9,25,34,11,9,2,12,21,0,0,81.4,78.7
USPORTS_20260214_gj4m,2026-02-14,Laurier,89,26,61,15,31,11,30,26,31,10,34,44,11,7,0,12,17,0,0,75.9,78.7
USPORTS_20260214_wdn8,2026-02-14,UQAM,80,29,62,22,40,7,22,15,28,10,24,34,10,7,0,21,15,0,0,86.3,86.4
USPORTS_20260214_wdn8,2026-02-14,Bishop's,96,38,77,26,34,12,43,8,12,12,29,41,23,9,3,19,23,0,0,87.4,86.8
USPORTS_20260214_cw91,2026-02-14,Trinity Western,67,24,66,14,32,10,34,9,12,6,28,34,9,5,0,11,17,0,0,75.0,75.5
USPORTS_20260214_cw91,2026-02-14,Victoria,95,33,69,16,36,17,33,12,17,8,31,39,19,6,3,8,18,0,0,75.9,74.7
USPORTS_20260215_ba9q,2026-02-15,Saint Mary's,59,20,62,12,36,8,26,11,12,6,28,34,11,4,1,15,12,0,0,75.7,74.5
USPORTS_20260215_ba9q,2026-02-15,Memorial,83,32,67,20,36,12,31,7,13,6,35,41,31,11,2,8,15,0,0,74.1,74.9
USPORTS_20260215_9eci,2026-02-15,Lakehead,80,25,59,15,35,10,24,20,23,5,23,28,6,6,2,15,15,0,0,77.1,77.0
USPORTS_20260215_9eci,2026-02-15,Toronto,90,34,69,23,41,11,28,11,15,7,21,28,16,10,6,10,21,0,0,76.9,77.0
USPORTS_20260218_lsvh,2026-02-18,Toronto,99,42,85,33,59,9,26,6,10,18,40,58,17,3,4,16,21,0,0,85.2,78.5
USPORTS_20260218_lsvh,2026-02-18,Queen's,96,36,90,22,50,14,40,10,20,11,23,34,24,8,4,5,14,0,0,91.3,78.1
USPORTS_20260218_4o4f,2026-02-18,Laurier,69,25,62,17,40,8,22,11,12,8,22,30,8,7,1,18,12,0,0,76.0,74.1
USPORTS_20260218_4o4f,2026-02-18,Ottawa,87,33,73,21,45,12,28,9,11,13,26,39,22,10,3,11,10,0,0,72.9,75.2
USPORTS_20260218_hx68,2026-02-18,Windsor,76,29,59,22,40,7,19,11,12,5,26,31,8,5,4,16,22,0,0,74.3,76.5
USPORTS_20260218_hx68,2026-02-18,Guelph,82,31,69,23,47,8,22,12,24,8,22,30,12,8,7,8,15,0,0,78.0,75.8
USPORTS_20260219_xciy,2026-02-19,UQAM,82,33,66,26,46,7,20,9,12,8,31,39,21,8,0,13,16,0,0,75.2,75.7
USPORTS_20260219_xciy,2026-02-19,McGill,68,25,60,15,28,10,32,8,15,4,23,27,13,4,1,14,19,0,0,76.3,75.7
USPORTS_20260220_0ois,2026-02-20,Cape Breton,59,21,61,18,43,3,18,14,21,5,27,32,8,14,4,14,17,0,0,78.9,79.5
USPORTS_20260220_0ois,2026-02-20,UPEI,66,29,70,27,51,2,19,6,10,12,35,47,14,10,2,20,18,0,0,80.9,80.3
USPORTS_20260220_mn4j,2026-02-20,Memorial,65,22,63,16,37,6,26,15,21,5,25,30,12,9,1,18,24,0,0,84.6,87.0
USPORTS_20260220_mn4j,2026-02-20,Acadia,90,34,77,26,49,8,28,14,25,14,34,48,22,8,3,17,19,0,0,88.5,87.4
USPORTS_20260220_8dul,2026-02-20,Alberta,74,30,71,24,51,6,20,8,15,15,19,34,13,7,0,9,19,0,0,70.9,72.8
USPORTS_20260220_8dul,2026-02-20,Victoria,97,34,61,24,32,10,29,19,28,9,27,36,15,7,5,10,16,0,0,74.0,71.8
USPORTS_20260221_pbya,2026-02-21,UPEI,77,29,74,26,57,3,17,16,26,13,28,41,14,10,1,10,16,0,0,80.5,82.6
USPORTS_20260221_pbya,2026-02-21,StFX,62,26,65,23,47,3,18,7,9,4,29,33,12,5,4,20,23,0,0,83.7,82.1
USPORTS_20260221_vmy2,2026-02-21,Toronto,87,33,73,24,41,9,32,12,14,17,24,41,14,3,0,9,18,0,0,68.5,67.8
USPORTS_20260221_vmy2,2026-02-21,Western,76,29,64,25,46,4,18,14,19,9,20,29,14,9,2,5,11,0,0,67.1,70.3
USPORTS_20260221_l93f,2026-02-21,Bishop's,62,25,61,16,35,9,26,3,7,3,23,26,14,7,3,18,15,0,0,78.2,74.3
USPORTS_20260221_l93f,2026-02-21,Laval,75,28,68,18,40,10,28,9,12,10,27,37,10,14,9,10,14,0,0,70.3,74.3
USPORTS_20260221_vcud,2026-02-21,Concordia,92,30,67,16,32,14,35,18,23,5,28,33,30,6,3,11,25,0,0,82.5,82.3
USPORTS_20260221_vcud,2026-02-21,UQAM,82,27,56,22,34,5,22,23,34,4,30,34,20,6,3,15,21,0,0,82.1,82.3
USPORTS_20260221_y5yn,2026-02-21,Guelph,75,26,73,20,52,6,21,17,31,15,23,38,10,9,4,18,18,0,0,87.9,77.3
USPORTS_20260221_y5yn,2026-02-21,Toronto Metropolitan,82,30,68,23,51,7,17,15,27,12,30,42,13,14,11,20,23,0,0,85.9,77.3
USPORTS_20260221_d5wc,2026-02-21,Ottawa,68,24,59,17,37,7,22,13,23,7,23,30,16,7,3,11,15,0,0,71.9,70.5
USPORTS_20260221_d5wc,2026-02-21,Brock,69,27,67,22,52,5,15,10,14,13,25,38,16,8,3,12,20,0,0,69.7,70.5
USPORTS_20260221_g82f,2026-02-21,Acadia,78,28,67,18,37,10,30,12,17,11,25,36,17,5,2,13,21,0,0,74.0,72.3
USPORTS_20260221_g82f,2026-02-21,UNB,69,20,70,14,32,6,38,23,29,19,23,42,9,7,6,11,17,0,0,70.7,72.3
USPORTS_20260221_g9re,2026-02-21,UBC,92,36,75,25,49,11,26,9,16,12,31,43,21,9,4,19,21,0,0,88.5,78.2
USPORTS_20260221_g9re,2026-02-21,Winnipeg,89,33,90,21,52,12,38,11,15,19,28,47,26,10,2,14,18,0,0,87.4,78.2
USPORTS_20260222_giry,2026-02-22,UPEI,74,25,60,19,42,6,18,18,34,11,29,40,16,9,2,13,15,0,0,77.9,77.5
USPORTS_20260222_giry,2026-02-22,Acadia,84,31,73,21,42,10,31,12,14,10,30,40,15,10,2,11,22,0,0,78.6,79.1
USPORTS_20260225_ss6r,2026-02-25,UQAM,63,19,61,14,41,5,20,20,24,5,27,32,9,6,2,16,15,0,0,81.5,79.5
USPORTS_20260225_ss6r,2026-02-25,Bishop's,93,33,68,15,32,18,36,9,15,10,32,42,19,8,5,13,20,0,0,77.5,79.5
USPORTS_20260225_8njt,2026-02-25,Toronto,65,24,59,20,47,4,12,13,15,9,23,32,5,3,2,18,17,0,0,72.7,72.1
USPORTS_20260225_8njt,2026-02-25,Carleton,80,31,75,25,49,6,26,12,20,19,22,41,12,8,3,9,14,0,0,71.5,72.1
USPORTS_20260225_g8yr,2026-02-25,Brock,64,25,67,18,42,7,25,7,13,10,19,29,10,5,1,11,14,0,0,70.9,69.9
USPORTS_20260225_g8yr,2026-02-25,Toronto Metropolitan,77,32,63,24,37,8,26,5,7,11,25,36,20,7,8,15,12,0,0,68.9,69.9
USPORTS_20260225_kx6b,2026-02-25,Concordia,72,29,83,19,51,10,32,4,7,11,32,43,14,3,4,9,29,0,0,82.4,73.3
USPORTS_20260225_kx6b,2026-02-25,Laval,83,25,66,17,37,8,29,25,44,7,39,46,11,3,4,5,18,0,0,82.5,73.3
USPORTS_20260227_byl4,2026-02-27,UBC,74,27,68,23,52,4,16,16,24,12,30,42,15,12,1,19,22,0,0,83.7,83.3
USPORTS_20260227_byl4,2026-02-27,Victoria,89,31,69,22,38,9,31,18,22,10,26,36,13,11,3,16,18,0,0,84.5,83.3
USPORTS_20260228_7gza,2026-02-28,Carleton,56,20,65,15,44,5,21,11,18,18,25,43,5,10,6,21,18,0,0,72.8,74.1
USPORTS_20260228_7gza,2026-02-28,Toronto Metropolitan,66,27,69,23,47,4,22,8,15,14,23,37,9,13,9,16,20,0,0,75.5,74.1
USPORTS_20260228_imq3,2026-02-28,Laval,81,29,63,21,41,8,22,15,17,8,25,33,13,4,2,14,12,0,0,75.4,73.6
USPORTS_20260228_imq3,2026-02-28,Bishop's,78,30,63,22,39,8,24,10,15,6,24,30,14,9,1,9,19,0,0,71.8,73.6
USPORTS_20260306_vv0t,2026-03-06,UBC,91,31,75,24,48,7,27,22,26,12,30,42,15,11,3,16,18,0,0,87.2,85.7
USPORTS_20260306_vv0t,2026-03-06,Toronto Metropolitan,97,35,80,18,40,17,40,10,11,13,25,38,26,7,4,14,22,0,0,84.3,85.7
USPORTS_20260306_t4um,2026-03-06,Carleton,85,28,60,16,32,12,28,17,22,6,26,32,17,9,2,14,19,0,0,76.3,75.8
USPORTS_20260306_t4um,2026-03-06,Laval,69,22,73,12,36,10,37,15,19,14,22,36,9,7,5,13,21,0,0,75.3,75.4
USPORTS_20260306_xwi0,2026-03-06,Victoria,100,33,69,20,44,13,25,21,28,10,30,40,23,5,8,14,15,0,0,84.0,84.7
USPORTS_20260306_xwi0,2026-03-06,Calgary,86,34,82,25,59,9,23,9,12,8,24,32,16,9,4,9,20,0,0,85.5,84.7
USPORTS_20260306_3kbl,2026-03-06,Bishop's,98,32,87,20,44,12,43,22,29,21,27,48,15,8,1,9,18,0,0,83.0,84.1
USPORTS_20260306_3kbl,2026-03-06,Acadia,85,32,74,20,40,12,34,9,17,9,27,36,15,3,4,15,26,0,0,85.2,84.1
USPORTS_20260307_6zqq,2026-03-07,UBC,75,22,59,16,36,6,23,25,32,5,22,27,16,10,2,17,23,0,0,83.7,83.8
USPORTS_20260307_6zqq,2026-03-07,Laval,83,24,68,16,33,8,35,27,33,12,26,38,16,12,3,18,24,0,0,83.9,83.8
USPORTS_20260307_z95v,2026-03-07,Acadia,88,33,77,20,45,13,32,9,18,11,33,44,19,11,2,17,25,0,0,89.3,89.2
USPORTS_20260307_z95v,2026-03-07,Calgary,77,27,70,21,44,6,26,17,28,12,30,42,15,12,4,19,15,0,0,89.1,89.2
USPORTS_20260307_2ug5,2026-03-07,Carleton,58,20,70,15,41,5,29,13,21,18,28,46,10,9,2,14,18,0,0,72.3,73.5
USPORTS_20260307_2ug5,2026-03-07,Toronto Metropolitan,52,18,55,13,34,5,21,11,15,3,28,31,9,8,5,17,23,0,0,74.8,73.5
USPORTS_20260307_6jem,2026-03-07,Bishop's,66,25,75,17,46,8,29,8,11,15,30,45,10,6,1,9,18,0,0,70.6,73.3
USPORTS_20260307_6jem,2026-03-07,Victoria,65,20,62,14,40,6,22,19,21,4,29,33,11,5,3,10,14,0,0,76.0,73.3
