game_id,game_date,period,home_team,away_team,home_lineup,away_lineup,start_time,end_time,duration,possessions,home_possessions,away_possessions,home_score,away_score,home_score_end,away_score_end,home_points,away_points,home_fga,home_fgm,home_fg3a,home_fg3m,home_fta,home_ftm,home_oreb,home_dreb,home_ast,home_stl,home_blk,home_tov,home_pf,away_fga,away_fgm,away_fg3a,away_fg3m,away_fta,away_ftm,away_oreb,away_dreb,away_ast,away_stl,away_blk,away_tov,away_pf,home_rim_att,home_rim_made,home_otd_2pt_att,home_otd_2pt_made,home_otd_3pt_att,home_otd_3pt_made,away_rim_att,away_rim_made,away_otd_2pt_att,away_otd_2pt_made,away_otd_3pt_att,away_otd_3pt_made,home_pass_to,home_dribble_to,home_defense_to,home_misc_to,away_pass_to,away_dribble_to,away_defense_to,away_misc_to,home_second_chance_pts,home_fast_break_pts,home_pts_off_tov,away_second_chance_pts,away_fast_break_pts,away_pts_off_tov
2756924,2025-10-05,1,Vëllaznimi,Bashkimi,"A. Bedra,A. Koshi,J. Ismajli,R. Dahsyla,Z. Ried","I. Cousins,J. Palokaj,K. Anderson,L. Zeqiri,T. Brickerstaff",0,303,303,11.01,10.3,11.71,0,0,15,20,15,20,10,5,8,4,1,1,2,2,3,0,0,2,4,12,9,1,0,3,2,2,3,4,2,0,0,1,0,0,0,0,0,0,0,0,0,0,0,0,0,0,0,0,0,0,0,0,0,0,0,0,0,0
2756924,2025-10-05,1,Vëllaznimi,Bashkimi,"A. Bedra,A. Koshi,J. Ismajli,R. Dahsyla,Z. Ried","D. Lake,I. Cousins,J. Palokaj,K. Anderson,L. Zeqiri",303,433,130,3.4,3.79,3.0,15,20,19,24,4,4,7,2,4,0,0,0,3,0,0,1,0,0,1,2,2,0,0,0,0,0,2,1,0,1,1,1,0,0,0,0,0,0,0,0,0,0,0,0,0,0,0,0,0,0,0,0,0,0,0,0,0,0
2756924,2025-10-05,1,Vëllaznimi,Bashkimi,"A. Bedra,A. Koshi,E. Cingu,J. Ismajli,Z. Ried","D. Lake,I. Cousins,J. Bailey,J. Palokaj,V. Bunjaku",433,471,38,1.44,1.0,1.88,19,24,19,24,0,0,1,0,1,0,0,0,0,2,0,0,1,0,0,1,0,0,0,2,0,0,1,0,0,0,0,1,0,0,0,0,0,0,0,0,0,0,0,0,0,0,0,0,0,0,0,0,0,0,0,0,0,0
2756924,2025-10-05,1,Vëllaznimi,Bashkimi,"A. Bedra,A. Koshi,E. Cingu,J. Ismajli,Z. Ried","A. Morina,D. Lake,J. Bailey,J. Palokaj,V. Bunjaku",471,600,129,3.94,3.88,4.0,19,24,23,26,4,2,2,2,0,0,2,0,0,2,0,0,0,1,0,3,1,0,0,0,0,0,1,1,0,0,1,1,0,0,0,0,0,0,0,0,0,0,0,0,0,0,0,0,0,0,0,0,0,0,0,0,0,0
2756924,2025-10-05,2,Vëllaznimi,Bashkimi,"A. Bedra,A. Koshi,E. Cingu,J. Ismajli,Z. Ried","A. Morina,D. Lake,J. Bailey,K. Anderson,V. Bunjaku",600,653,53,1.72,1.0,2.44,23,26,23,28,0,2,0,0,0,0,0,0,0,1,0,0,0,1,1,1,1,0,0,1,0,0,0,1,0,0,1,0,0,0,0,0,0,0,0,0,0,0,0,0,0,0,0,0,0,0,0,0,0,0,0,0,0,0
2756924,2025-10-05,2,Vëllaznimi,Bashkimi,"A. Koshi,E. Cingu,J. Ismajli,U. Ahmeti,Z. Ried","A. Morina,D. Lake,J. Bailey,K. Anderson,V. Bunjaku",653,729,76,2.5,3.0,2.0,23,28,26,28,3,0,2,1,2,1,0,0,0,2,1,0,0,1,2,2,0,2,0,0,0,0,1,0,1,0,0,0,0,0,0,0,0,0,0,0,0,0,0,0,0,0,0,0,0,0,0,0,0,0,0,0,0,0
2756924,2025-10-05,2,Vëllaznimi,Bashkimi,"A. Koshi,E. Cingu,J. Ismajli,U. Ahmeti,Z. Ried","A. Morina,J. Bailey,K. Anderson,T. Brickerstaff,V. Bunjaku",729,820,91,2.46,1.93,3.0,26,28,26,30,0,2,3,0,2,0,0,0,1,1,0,1,0,0,0,2,1,1,0,0,0,0,2,1,0,0,1,0,0,0,0,0,0,0,0,0,0,0,0,0,0,0,0,0,0,0,0,0,0,0,0,0,0,0
2756924,2025-10-05,2,Vëllaznimi,Bashkimi,"A. Koshi,E. Cingu,J. Ismajli,U. Ahmeti,Z. Ried","J. Bailey,K. Anderson,L. Zeqiri,T. Brickerstaff,V. Bunjaku",820,902,82,3.5,4.0,3.0,26,30,28,32,2,2,3,1,1,0,0,0,0,1,0,1,0,1,1,2,1,0,0,0,0,0,2,0,1,0,1,0,0,0,0,0,0,0,0,0,0,0,0,0,0,0,0,0,0,0,0,0,0,0,0,0,0,0
2756924,2025-10-05,2,Vëllaznimi,Bashkimi,"A. Koshi,E. Cingu,J. Ismajli,U. Ahmeti,Z. Ried","I. Cousins,K. Anderson,L. Zeqiri,T. Brickerstaff,V. Bunjaku",902,942,40,0.48,0.1,0.86,28,32,28,34,0,2,0,0,0,0,0,0,0,0,0,0,0,0,0,3,1,0,0,0,0,2,0,0,0,0,0,1,0,0,0,0,0,0,0,0,0,0,0,0,0,0,0,0,0,0,0,0,0,0,0,0,0,0
2756924,2025-10-05,2,Vëllaznimi,Bashkimi,"A. Koshi,E. Cingu,J. Ismajli,U. Ahmeti,Z. Ried","I. Cousins,J. Palokaj,K. Anderson,L. Zeqiri,T. Brickerstaff",942,1013,71,2.4,2.88,1.93,28,34,30,38,2,4,2,0,2,0,2,2,0,0,0,0,0,0,1,3,2,1,0,0,0,1,2,1,0,0,0,0,0,0,0,0,0,0,0,0,0,0,0,0,0,0,0,0,0,0,0,0,0,0,0,0,0,0
2756924,2025-10-05,2,Vëllaznimi,Bashkimi,"A. Bedra,A. Koshi,J. Ismajli,R. Dahsyla,Z. Ried","I. Cousins,J. Palokaj,K. Anderson,L. Zeqiri,T. Brickerstaff",1013,1053,40,1.66,1.44,1.88,30,38,33,41,3,3,1,1,0,0,1,1,0,0,0,0,0,0,1,1,1,0,0,2,1,0,0,0,0,0,0,1,0,0,0,0,0,0,0,0,0,0,0,0,0,0,0,0,0,0,0,0,0,0,0,0,0,0
2756924,2025-10-05,2,Vëllaznimi,Bashkimi,"A. Bedra,A. Koshi,J. Ismajli,R. Dahsyla,Z. Ried","D. Lake,I. Cousins,J. Palokaj,K. Anderson,L. Zeqiri",1053,1160,107,5.22,5.0,5.44,33,41,35,45,2,4,3,1,1,0,0,0,0,1,0,1,0,2,0,2,2,0,0,1,0,0,2,1,1,0,3,1,0,0,0,0,0,0,0,0,0,0,0,0,0,0,0,0,0,0,0,0,0,0,0,0,0,0
2756924,2025-10-05,2,Vëllaznimi,Bashkimi,"A. Bedra,A. Koshi,J. Ismajli,R. Dahsyla,Z. Ried","D. Lake,I. Cousins,J. Palokaj,L. Zeqiri,V. Bunjaku",1160,1200,40,0.96,1.0,0.93,35,45,35,47,0,2,1,0,1,0,0,0,0,0,0,0,0,0,0,2,1,1,0,0,0,1,0,0,0,0,0,0,0,0,0,0,0,0,0,0,0,0,0,0,0,0,0,0,0,0,0,0,0,0,0,0,0,0
2756924,2025-10-05,3,Vëllaznimi,Bashkimi,"A. Bedra,A. Koshi,J. Ismajli,U. Ahmeti,Z. Ried","D. Lake,I. Cousins,J. Bailey,J. Palokaj,V. Bunjaku",1200,1222,22,1.0,1.0,1.0,35,47,35,49,0,2,1,0,0,0,0,0,0,0,0,0,0,0,0,1,1,0,0,0,0,0,1,1,0,0,0,0,0,0,0,0,0,0,0,0,0,0,0,0,0,0,0,0,0,0,0,0,0,0,0,0,0,0
2756924,2025-10-05,3,Vëllaznimi,Bashkimi,"A. Bedra,A. Koshi,J. Ismajli,R. Dahsyla,U. Ahmeti","D. Lake,I. Cousins,J. Bailey,J. Palokaj,V. Bunjaku",1222,1392,170,4.39,4.93,3.86,35,49,38,55,3,6,6,1,4,1,0,0,1,0,1,0,0,0,2,5,3,1,0,0,0,2,4,1,0,0,1,0,0,0,0,0,0,0,0,0,0,0,0,0,0,0,0,0,0,0,0,0,0,0,0,0,0,0
2756924,2025-10-05,3,Vëllaznimi,Bashkimi,"A. Bedra,A. Koshi,J. Ismajli,R. Dahsyla,Z. Ried","D. Lake,I. Cousins,J. Bailey,J. Palokaj,V. Bunjaku",1392,1428,36,1.0,1.0,1.0,38,55,38,57,0,2,1,0,0,0,0,0,0,0,0,0,0,0,1,1,1,0,0,0,0,0,1,0,0,0,0,0,0,0,0,0,0,0,0,0,0,0,0,0,0,0,0,0,0,0,0,0,0,0,0,0,0,0
2756924,2025-10-05,3,Vëllaznimi,Bashkimi,"A. Bedra,A. Koshi,J. Ismajli,R. Dahsyla,Z. Ried","D. Lake,J. Bailey,J. Palokaj,M. Ismaili,V. Bunjaku",1428,1572,144,4.72,4.44,5.0,38,57,47,63,9,6,3,3,2,2,1,1,0,1,2,1,0,1,0,4,3,0,0,0,0,0,0,2,1,0,1,1,0,0,0,0,0,0,0,0,0,0,0,0,0,0,0,0,0,0,0,0,0,0,0,0,0,0
2756924,2025-10-05,3,Vëllaznimi,Bashkimi,"A. Bedra,A. Koshi,J. Ismajli,R. Dahsyla,Z. Ried","J. Bailey,J. Palokaj,K. Anderson,M. Ismaili,T. Brickerstaff",1572,1627,55,1.0,1.0,1.0,47,63,49,66,2,3,1,1,0,0,0,0,0,0,1,0,0,0,0,1,1,1,1,0,0,0,0,1,0,0,0,0,0,0,0,0,0,0,0,0,0,0,0,0,0,0,0,0,0,0,0,0,0,0,0,0,0,0
2756924,2025-10-05,3,Vëllaznimi,Bashkimi,"A. Bedra,E. Cingu,J. Ismajli,R. Dahsyla,Z. Ried","J. Palokaj,K. Anderson,L. Zeqiri,M. Ismaili,T. Brickerstaff",1627,1678,51,3.5,4.0,3.0,49,66,49,70,0,4,3,0,0,0,0,0,0,1,0,0,0,1,1,3,2,0,0,0,0,0,2,0,0,0,0,1,0,0,0,0,0,0,0,0,0,0,0,0,0,0,0,0,0,0,0,0,0,0,0,0,0,0
2756924,2025-10-05,3,Vëllaznimi,Bashkimi,"A. Bedra,E. Cingu,J. Ismajli,R. Dahsyla,Z. Ried","A. Morina,K. Anderson,L. Zeqiri,M. Ismaili,T. Brickerstaff",1678,1778,100,4.35,4.37,4.32,49,70,54,76,5,6,4,2,0,0,1,1,1,1,0,0,0,1,2,3,2,1,0,3,2,0,1,2,1,1,0,1,0,0,0,0,0,0,0,0,0,0,0,0,0,0,0,0,0,0,0,0,0,0,0,0,0,0
2756924,2025-10-05,3,Vëllaznimi,Bashkimi,"A. Bedra,A. Koshi,E. Cingu,R. Dahsyla,Z. Ried","A. Morina,K. Anderson,L. Zeqiri,M. Ismaili,T. Brickerstaff",1778,1800,22,1.0,1.0,1.0,54,76,57,76,3,0,1,1,1,1,0,0,0,0,1,0,0,0,0,1,0,0,0,0,0,0,0,0,0,0,0,1,0,0,0,0,0,0,0,0,0,0,0,0,0,0,0,0,0,0,0,0,0,0,0,0,0,0
2756924,2025-10-05,4,Vëllaznimi,Bashkimi,"A. Bedra,A. Koshi,E. Cingu,R. Dahsyla,Z. Ried","A. Morina,I. Cousins,K. Anderson,L. Zeqiri,T. Brickerstaff",1800,1996,196,4.96,4.93,5.0,57,76,62,86,5,10,6,2,5,1,0,0,1,0,1,0,0,0,2,5,5,0,0,0,0,0,3,2,0,0,0,0,0,0,0,0,0,0,0,0,0,0,0,0,0,0,0,0,0,0,0,0,0,0,0,0,0,0
2756924,2025-10-05,4,Vëllaznimi,Bashkimi,"A. Koshi,J. Ismajli,R. Dahsyla,U. Ahmeti,Z. Ried","A. Morina,I. Cousins,L. Zeqiri,T. Brickerstaff,V. Bunjaku",1996,2090,94,2.96,2.0,3.93,62,86,62,88,0,2,1,0,0,0,0,0,0,1,0,0,0,1,1,3,1,2,0,0,0,1,1,1,1,0,2,2,0,0,0,0,0,0,0,0,0,0,0,0,0,0,0,0,0,0,0,0,0,0,0,0,0,0
2756924,2025-10-05,4,Vëllaznimi,Bashkimi,"A. Koshi,J. Ismajli,R. Dahsyla,U. Ahmeti,Z. Ried","A. Morina,J. Bailey,T. Brickerstaff,V. Bunjaku,V. Gjeçaj",2090,2140,50,2.0,2.0,2.0,62,88,62,92,0,4,1,0,0,0,0,0,0,0,0,0,0,1,0,2,2,0,0,0,0,0,1,1,1,0,0,1,0,0,0,0,0,0,0,0,0,0,0,0,0,0,0,0,0,0,0,0,0,0,0,0,0,0
2756924,2025-10-05,4,Vëllaznimi,Bashkimi,"A. Koshi,E. Cingu,J. Ismajli,R. Dahsyla,Z. Ried","A. Morina,J. Bailey,T. Brickerstaff,V. Bunjaku,V. Gjeçaj",2140,2163,23,0.94,0.88,1.0,62,92,64,92,2,0,0,0,0,0,2,2,0,1,0,0,0,0,0,1,0,1,0,0,0,0,0,0,0,0,0,0,0,0,0,0,0,0,0,0,0,0,0,0,0,0,0,0,0,0,0,0,0,0,0,0,0,0
2756924,2025-10-05,4,Vëllaznimi,Bashkimi,"A. Koshi,E. Cingu,J. Ismajli,R. Dahsyla,Z. Ried","D. Lake,J. Bailey,J. Palokaj,V. Bunjaku,V. Gjeçaj",2163,2226,63,2.0,2.0,2.0,64,92,66,95,2,3,2,1,1,0,0,0,0,1,0,0,0,0,0,2,1,2,1,0,0,0,1,1,0,0,0,1,0,0,0,0,0,0,0,0,0,0,0,0,0,0,0,0,0,0,0,0,0,0,0,0,0,0
2756924,2025-10-05,4,Vëllaznimi,Bashkimi,"A. Koshi,E. Cingu,J. Ismajli,R. Dahsyla,Z. Ried","B. Bytyqi,D. Lake,J. Bailey,T. Brickerstaff,V. Bunjaku",2226,2234,8,0.1,0.1,0.1,66,95,66,95,0,0,0,0,0,0,0,0,0,0,0,0,0,0,0,0,0,0,0,0,0,0,0,0,0,0,0,0,0,0,0,0,0,0,0,0,0,0,0,0,0,0,0,0,0,0,0,0,0,0,0,0,0,0
2756924,2025-10-05,4,Vëllaznimi,Bashkimi,"A. Bedra,A. Koshi,R. Dahsyla,U. Ahmeti,Z. Ried","B. Bytyqi,D. Lake,J. Bailey,T. Brickerstaff,V. Bunjaku",2234,2268,34,1.5,2.0,1.0,66,95,66,97,0,2,2,0,1,0,0,0,0,0,0,0,0,0,1,1,1,0,0,0,0,0,2,1,0,0,0,0,0,0,0,0,0,0,0,0,0,0,0,0,0,0,0,0,0,0,0,0,0,0,0,0,0,0
2756924,2025-10-05,4,Vëllaznimi,Bashkimi,"A. Bedra,A. Koshi,E. Cingu,U. Ahmeti,Z. Ried","B. Bytyqi,D. Lake,J. Bailey,T. Brickerstaff,V. Bunjaku",2268,2322,54,2.0,2.0,2.0,66,97,69,101,3,4,1,1,1,1,0,0,0,0,1,0,0,1,1,2,2,0,0,0,0,0,0,1,1,0,0,0,0,0,0,0,0,0,0,0,0,0,0,0,0,0,0,0,0,0,0,0,0,0,0,0,0,0
2756924,2025-10-05,4,Vëllaznimi,Bashkimi,"A. Koshi,E. Cingu,O. Dylazeka,U. Ahmeti,Z. Ried","B. Bytyqi,D. Lake,J. Bailey,T. Brickerstaff,V. Bunjaku",2322,2363,41,0.94,1.0,0.88,69,101,69,102,0,1,1,0,1,0,0,0,0,0,0,0,0,0,0,0,0,0,0,2,1,0,1,0,0,0,0,0,0,0,0,0,0,0,0,0,0,0,0,0,0,0,0,0,0,0,0,0,0,0,0,0,0,0
2756924,2025-10-05,4,Vëllaznimi,Bashkimi,"A. Koshi,E. Cingu,O. Dylazeka,U. Ahmeti,Z. Ried","B. Bytyqi,D. Lake,J. Bailey,J. Palokaj,V. Bunjaku",2363,2375,12,1.46,1.0,1.93,69,102,69,106,0,4,1,0,0,0,0,0,0,0,0,0,0,0,0,3,2,1,0,0,0,1,1,1,0,0,0,0,0,0,0,0,0,0,0,0,0,0,0,0,0,0,0,0,0,0,0,0,0,0,0,0,0,0
2755529,2025-10-05,1,Trepça,GO+ Peja,"C. Brown,C. Russell,J. Payne,M. Tmusic,S. Jones","A. Herndon,D. Berisha,J. Johnson,M. Mala,T. Green",0,266,266,8.56,8.32,8.81,0,0,10,13,10,13,5,4,1,1,3,1,0,3,4,0,0,2,6,7,3,0,0,8,7,2,2,5,2,0,0,3,0,0,0,0,0,0,0,0,0,0,0,0,0,0,0,0,0,0,0,0,0,0,0,0,0,0
2755529,2025-10-05,1,Trepça,GO+ Peja,"B. Tuna,C. Brown,C. Russell,J. Payne,S. Jones","A. Herndon,D. Berisha,J. Johnson,M. Mala,T. Green",266,366,100,3.93,3.93,3.93,10,13,15,16,5,3,5,2,3,1,0,0,1,1,0,1,1,0,0,3,1,2,1,0,0,1,2,1,0,0,2,0,0,0,0,0,0,0,0,0,0,0,0,0,0,0,0,0,0,0,0,0,0,0,0,0,0,0
2755529,2025-10-05,1,Trepça,GO+ Peja,"A. Arslanagic,B. Tuna,C. Russell,J. Payne,M. Amzil","C. Edwards,J. Johnson,M. Armstread,M. Mala,T. Green",366,377,11,0.1,0.1,0.1,15,16,15,16,0,0,0,0,0,0,0,0,0,0,0,0,0,0,0,0,0,0,0,0,0,0,0,0,0,0,0,0,0,0,0,0,0,0,0,0,0,0,0,0,0,0,0,0,0,0,0,0,0,0,0,0,0,0
2755529,2025-10-05,1,Trepça,GO+ Peja,"A. Arslanagic,B. Tuna,C. Russell,D. Kapiti,M. Amzil","C. Edwards,J. Johnson,M. Armstread,M. Mala,T. Green",377,439,62,3.0,3.0,3.0,15,16,17,21,2,5,3,1,2,0,0,0,0,1,1,0,0,0,0,3,2,2,1,0,0,0,2,1,0,0,0,0,0,0,0,0,0,0,0,0,0,0,0,0,0,0,0,0,0,0,0,0,0,0,0,0,0,0
2755529,2025-10-05,1,Trepça,GO+ Peja,"A. Arslanagic,B. Tuna,D. Kapiti,J. Payne,M. Amzil","C. Edwards,J. Johnson,M. Armstread,M. Mala,T. Green",439,570,131,3.96,3.93,4.0,17,21,19,25,2,4,4,1,1,0,0,0,1,2,1,0,0,1,0,4,2,2,0,0,0,0,2,1,1,0,0,1,0,0,0,0,0,0,0,0,0,0,0,0,0,0,0,0,0,0,0,0,0,0,0,0,0,0
2755529,2025-10-05,1,Trepça,GO+ Peja,"A. Arslanagic,B. Tuna,D. Kapiti,J. Payne,M. Amzil","A. Hajdari,A. Herndon,C. Edwards,J. Johnson,M. Armstread",570,600,30,1.0,1.0,1.0,19,25,21,25,2,0,1,1,0,0,0,0,0,0,0,0,0,0,0,1,0,1,0,0,0,0,0,0,0,0,0,0,0,0,0,0,0,0,0,0,0,0,0,0,0,0,0,0,0,0,0,0,0,0,0,0,0,0
2755529,2025-10-05,2,Trepça,GO+ Peja,"A. Arslanagic,B. Tuna,D. Kapiti,J. Payne,S. Jones","A. Hajdari,A. Herndon,C. Edwards,D. Berisha,M. Armstread",600,643,43,2.5,2.0,3.0,21,25,23,27,2,2,2,1,0,0,0,0,0,0,0,0,0,0,0,1,1,0,0,0,0,0,1,0,0,0,2,1,0,0,0,0,0,0,0,0,0,0,0,0,0,0,0,0,0,0,0,0,0,0,0,0,0,0
2755529,2025-10-05,2,Trepça,GO+ Peja,"A. Arslanagic,D. Hajrizi,D. Kapiti,J. Payne,S. Jones","A. Hajdari,A. Herndon,C. Edwards,D. Berisha,M. Armstread",643,676,33,0.52,0.1,0.93,23,27,23,27,0,0,0,0,0,0,0,0,0,1,0,0,0,0,0,2,0,1,0,0,0,1,0,0,0,0,0,1,0,0,0,0,0,0,0,0,0,0,0,0,0,0,0,0,0,0,0,0,0,0,0,0,0,0
2755529,2025-10-05,2,Trepça,GO+ Peja,"A. Arslanagic,D. Hajrizi,D. Kapiti,J. Payne,S. Jones","A. Hajdari,C. Edwards,D. Berisha,M. Armstread,T. Green",676,700,24,0.55,1.0,0.1,23,27,23,27,0,0,1,0,0,0,0,0,0,0,0,0,0,0,1,0,0,0,0,0,0,0,1,0,0,0,0,0,0,0,0,0,0,0,0,0,0,0,0,0,0,0,0,0,0,0,0,0,0,0,0,0,0,0
2755529,2025-10-05,2,Trepça,GO+ Peja,"C. Brown,D. Hajrizi,J. Payne,M. Tmusic,S. Jones","C. Edwards,D. Berisha,J. Johnson,M. Armstread,T. Green",700,881,181,5.0,5.0,5.0,23,28,31,36,8,8,5,3,4,2,0,0,0,2,3,0,0,0,1,5,3,4,2,0,0,0,2,3,0,0,0,0,0,0,0,0,0,0,0,0,0,0,0,0,0,0,0,0,0,0,0,0,0,0,0,0,0,0
2755529,2025-10-05,2,Trepça,GO+ Peja,"C. Brown,C. Russell,D. Hajrizi,J. Payne,M. Tmusic","C. Edwards,D. Berisha,J. Johnson,M. Armstread,T. Green",881,908,27,0.55,0.1,1.0,31,36,31,36,0,0,0,0,0,0,0,0,0,1,0,0,0,0,0,1,0,1,0,0,0,0,0,0,0,0,0,1,0,0,0,0,0,0,0,0,0,0,0,0,0,0,0,0,0,0,0,0,0,0,0,0,0,0
2755529,2025-10-05,2,Trepça,GO+ Peja,"C. Brown,C. Russell,D. Hajrizi,J. Payne,M. Tmusic","C. Edwards,J. Johnson,M. Armstread,M. Mala,T. Green",908,937,29,0.91,0.88,0.93,31,36,33,36,2,0,0,0,0,0,2,2,0,1,1,0,0,0,0,2,0,1,0,0,0,1,0,0,0,0,0,1,0,0,0,0,0,0,0,0,0,0,0,0,0,0,0,0,0,0,0,0,0,0,0,0,0,0
2755529,2025-10-05,2,Trepça,GO+ Peja,"A. Arslanagic,C. Brown,C. Russell,D. Hajrizi,M. Tmusic","A. Herndon,J. Johnson,M. Armstread,M. Mala,T. Green",937,1099,162,4.5,5.0,4.0,33,36,35,42,2,6,4,1,2,0,0,0,0,2,0,0,0,1,1,4,2,3,2,0,0,0,3,2,0,1,0,0,0,0,0,0,0,0,0,0,0,0,0,0,0,0,0,0,0,0,0,0,0,0,0,0,0,0
2755529,2025-10-05,2,Trepça,GO+ Peja,"C. Brown,C. Russell,J. Payne,M. Tmusic,S. Jones","A. Herndon,J. Johnson,M. Armstread,M. Mala,T. Green",1099,1120,21,0.52,0.1,0.93,35,42,35,44,0,2,0,0,0,0,0,0,0,0,0,0,0,0,1,2,1,1,0,0,0,1,0,0,0,0,0,0,0,0,0,0,0,0,0,0,0,0,0,0,0,0,0,0,0,0,0,0,0,0,0,0,0,0
2755529,2025-10-05,2,Trepça,GO+ Peja,"C. Brown,C. Russell,J. Payne,M. Tmusic,S. Jones","C. Edwards,J. Johnson,M. Armstread,M. Mala,T. Green",1120,1200,80,3.16,2.88,3.44,35,44,39,47,4,3,2,1,1,1,2,1,0,1,1,0,0,0,0,3,1,1,0,1,1,0,1,0,0,1,0,1,0,0,0,0,0,0,0,0,0,0,0,0,0,0,0,0,0,0,0,0,0,0,0,0,0,0
2755529,2025-10-05,3,Trepça,GO+ Peja,"B. Tuna,C. Brown,J. Payne,M. Tmusic,S. Jones","A. Herndon,D. Berisha,J. Johnson,M. Mala,T. Green",1200,1351,151,4.39,4.79,4.0,39,47,48,52,9,5,8,4,3,1,0,0,3,2,2,0,0,0,0,4,2,2,1,0,0,0,1,2,0,0,0,0,0,0,0,0,0,0,0,0,0,0,0,0,0,0,0,0,0,0,0,0,0,0,0,0,0,0
2755529,2025-10-05,3,Trepça,GO+ Peja,"A. Arslanagic,B. Tuna,C. Brown,M. Tmusic,S. Jones","A. Herndon,D. Berisha,J. Johnson,M. Mala,T. Green",1351,1431,80,1.93,1.86,2.0,48,52,51,52,3,0,4,1,2,1,0,0,2,2,1,0,0,0,1,2,0,0,0,0,0,0,1,0,0,0,0,0,0,0,0,0,0,0,0,0,0,0,0,0,0,0,0,0,0,0,0,0,0,0,0,0,0,0
2755529,2025-10-05,3,Trepça,GO+ Peja,"A. Arslanagic,B. Tuna,C. Brown,M. Tmusic,S. Jones","C. Edwards,D. Berisha,J. Johnson,M. Armstread,T. Green",1431,1449,18,0.55,0.1,1.0,51,52,51,54,0,2,0,0,0,0,0,0,0,0,0,0,0,0,1,1,1,0,0,0,0,0,0,0,0,0,0,0,0,0,0,0,0,0,0,0,0,0,0,0,0,0,0,0,0,0,0,0,0,0,0,0,0,0
2755529,2025-10-05,3,Trepça,GO+ Peja,"A. Arslanagic,C. Brown,C. Russell,M. Tmusic,S. Jones","C. Edwards,D. Berisha,J. Johnson,M. Armstread,T. Green",1449,1537,88,2.68,2.93,2.44,51,54,53,58,2,4,4,1,2,0,0,0,1,0,1,0,0,0,2,1,1,1,1,1,1,0,2,1,0,0,1,0,0,0,0,0,0,0,0,0,0,0,0,0,0,0,0,0,0,0,0,0,0,0,0,0,0,0
2755529,2025-10-05,3,Trepça,GO+ Peja,"A. Arslanagic,B. Tuna,C. Brown,C. Russell,S. Jones","C. Edwards,D. Berisha,J. Johnson,M. Armstread,T. Green",1537,1651,114,3.72,3.0,4.44,53,58,53,63,0,5,2,0,0,0,0,0,0,3,0,0,0,1,1,4,2,2,1,1,0,0,2,1,0,1,0,1,0,0,0,0,0,0,0,0,0,0,0,0,0,0,0,0,0,0,0,0,0,0,0,0,0,0
2755529,2025-10-05,3,Trepça,GO+ Peja,"A. Arslanagic,B. Tuna,C. Brown,C. Russell,D. Hajrizi","A. Hajdari,A. Herndon,C. Edwards,J. Johnson,M. Armstread",1651,1653,2,0.49,0.88,0.1,53,63,54,63,1,0,0,0,0,0,2,1,0,0,0,0,0,0,0,0,0,0,0,0,0,0,1,0,0,0,0,0,0,0,0,0,0,0,0,0,0,0,0,0,0,0,0,0,0,0,0,0,0,0,0,0,0,0
2755529,2025-10-05,3,Trepça,GO+ Peja,"B. Tuna,C. Russell,D. Hajrizi,D. Kapiti,J. Payne","A. Hajdari,A. Herndon,C. Edwards,J. Johnson,M. Armstread",1653,1734,81,2.46,2.0,2.93,54,63,59,63,5,0,2,2,1,1,0,0,0,2,0,0,1,0,0,3,0,0,0,0,0,1,0,0,0,0,1,0,0,0,0,0,0,0,0,0,0,0,0,0,0,0,0,0,0,0,0,0,0,0,0,0,0,0
2755529,2025-10-05,3,Trepça,GO+ Peja,"B. Tuna,C. Russell,D. Hajrizi,D. Kapiti,J. Payne","A. Hajdari,A. Herndon,C. Edwards,D. Berisha,M. Armstread",1734,1800,66,1.46,1.93,1.0,59,63,62,65,3,2,3,1,3,1,0,0,1,0,1,0,0,0,0,1,1,0,0,0,0,0,1,0,0,0,0,0,0,0,0,0,0,0,0,0,0,0,0,0,0,0,0,0,0,0,0,0,0,0,0,0,0,0
2755529,2025-10-05,4,Trepça,GO+ Peja,"B. Tuna,C. Russell,D. Hajrizi,D. Kapiti,J. Payne","C. Edwards,D. Berisha,J. Johnson,M. Armstread,T. Green",1800,1900,100,2.93,3.0,2.86,62,65,64,69,2,4,3,1,2,0,0,0,0,1,0,0,1,0,0,5,2,1,0,0,0,2,2,1,0,0,0,0,0,0,0,0,0,0,0,0,0,0,0,0,0,0,0,0,0,0,0,0,0,0,0,0,0,0
2755529,2025-10-05,4,Trepça,GO+ Peja,"C. Russell,D. Hajrizi,D. Kapiti,J. Payne,M. Tmusic","C. Edwards,D. Berisha,J. Johnson,M. Armstread,T. Green",1900,1913,13,0.55,0.1,1.0,64,69,64,71,0,2,0,0,0,0,0,0,0,0,0,0,0,0,0,1,1,0,0,0,0,0,0,1,0,0,0,0,0,0,0,0,0,0,0,0,0,0,0,0,0,0,0,0,0,0,0,0,0,0,0,0,0,0
2755529,2025-10-05,4,Trepça,GO+ Peja,"C. Russell,D. Kapiti,J. Payne,M. Tmusic,S. Jones","A. Herndon,C. Edwards,D. Berisha,J. Johnson,M. Armstread",1913,2002,89,2.5,3.0,2.0,64,71,66,73,2,2,3,1,1,0,0,0,0,1,1,0,0,0,0,2,1,0,0,0,0,0,1,1,0,0,0,0,0,0,0,0,0,0,0,0,0,0,0,0,0,0,0,0,0,0,0,0,0,0,0,0,0,0
2755529,2025-10-05,4,Trepça,GO+ Peja,"C. Russell,D. Kapiti,J. Payne,M. Tmusic,S. Jones","A. Herndon,C. Edwards,J. Johnson,M. Armstread,M. Mala",2002,2098,96,1.88,2.84,0.93,66,73,71,73,5,0,4,2,3,1,1,0,3,1,0,0,0,0,1,2,0,1,0,0,0,1,1,0,0,0,0,3,0,0,0,0,0,0,0,0,0,0,0,0,0,0,0,0,0,0,0,0,0,0,0,0,0,0
2755529,2025-10-05,4,Trepça,GO+ Peja,"C. Russell,D. Kapiti,J. Payne,M. Tmusic,S. Jones","C. Edwards,J. Johnson,M. Armstread,M. Mala,T. Green",2098,2128,30,0.96,0.93,1.0,71,73,71,73,0,0,1,0,0,0,0,0,1,1,0,0,0,1,0,1,0,0,0,0,0,0,0,0,0,1,0,0,0,0,0,0,0,0,0,0,0,0,0,0,0,0,0,0,0,0,0,0,0,0,0,0,0,0
2755529,2025-10-05,4,Trepça,GO+ Peja,"C. Russell,D. Kapiti,J. Payne,M. Tmusic,S. Jones","C. Edwards,D. Berisha,J. Johnson,M. Armstread,T. Green",2128,2219,91,1.46,0.93,2.0,71,73,73,75,2,2,2,1,0,0,0,0,1,1,0,0,0,0,0,2,1,0,0,0,0,0,0,1,0,0,0,2,0,0,0,0,0,0,0,0,0,0,0,0,0,0,0,0,0,0,0,0,0,0,0,0,0,0
2755529,2025-10-05,4,Trepça,GO+ Peja,"C. Brown,C. Russell,J. Payne,M. Tmusic,S. Jones","C. Edwards,D. Berisha,J. Johnson,M. Armstread,T. Green",2219,2298,79,2.4,2.81,2.0,73,75,75,78,2,3,2,0,1,0,2,2,1,1,0,0,0,1,0,2,1,1,1,0,0,0,1,1,0,0,0,0,0,0,0,0,0,0,0,0,0,0,0,0,0,0,0,0,0,0,0,0,0,0,0,0,0,0
2755529,2025-10-05,4,Trepça,GO+ Peja,"C. Brown,C. Russell,J. Payne,M. Tmusic,S. Jones","A. Herndon,D. Berisha,J. Johnson,M. Armstread,T. Green",2298,2354,56,1.94,1.88,2.0,75,78,80,84,5,6,1,1,1,1,2,2,0,0,0,0,0,0,0,2,2,2,2,0,0,0,0,1,0,0,0,1,0,0,0,0,0,0,0,0,0,0,0,0,0,0,0,0,0,0,0,0,0,0,0,0,0,0
2755529,2025-10-05,4,Trepça,GO+ Peja,"A. Arslanagic,B. Tuna,D. Kapiti,J. Payne,M. Tmusic","A. Herndon,D. Berisha,J. Johnson,M. Armstread,T. Green",2354,2381,27,0.52,0.1,0.93,80,84,80,86,0,2,0,0,0,0,0,0,0,0,0,0,0,0,0,2,1,0,0,0,0,1,0,1,0,0,0,0,0,0,0,0,0,0,0,0,0,0,0,0,0,0,0,0,0,0,0,0,0,0,0,0,0,0
2755529,2025-10-05,4,Trepça,GO+ Peja,"C. Russell,D. Kapiti,J. Payne,M. Tmusic,S. Jones","C. Edwards,D. Berisha,J. Johnson,M. Armstread,T. Green",2381,2392,11,0.52,0.93,0.1,80,86,80,86,0,0,2,0,1,0,0,0,1,0,0,0,0,0,0,0,0,0,0,0,0,0,1,0,0,0,0,0,0,0,0,0,0,0,0,0,0,0,0,0,0,0,0,0,0,0,0,0,0,0,0,0,0,0
2755526,2025-10-04,1,Golden Eagle Ylli,Sigal Prishtina,"B. Huffman,E. Kastrati,G. Morina,L. Basic,T. Allen","A. Azemi,D. Burns,K. Kramer,L. Autrey,M. Janjeva",0,312,312,8.8,9.0,8.6,0,0,5,7,5,7,7,2,5,1,0,0,0,3,1,0,0,2,3,10,3,2,0,2,1,4,5,3,0,1,2,3,0,0,0,0,0,0,0,0,0,0,0,0,0,0,0,0,0,0,0,0,0,0,0,0,0,0
2755526,2025-10-04,1,Golden Eagle Ylli,Sigal Prishtina,"E. Kastrati,G. Morina,L. Basic,L. Shoshi,T. Allen","A. Azemi,D. Burns,K. Kramer,L. Autrey,M. Janjeva",312,433,121,3.46,3.0,3.93,5,7,9,9,4,2,3,2,0,0,0,0,0,3,1,0,1,0,0,5,1,1,0,0,0,1,1,1,0,0,0,2,0,0,0,0,0,0,0,0,0,0,0,0,0,0,0,0,0,0,0,0,0,0,0,0,0,0
2755526,2025-10-04,1,Golden Eagle Ylli,Sigal Prishtina,"E. Kastrati,J. Reece,L. Basic,L. Shoshi,T. Allen","A. Azemi,A. Bailey,D. Polloshka,L. Autrey,V. Kakruki",433,524,91,2.38,2.88,1.88,9,9,12,12,3,3,2,1,0,0,2,1,0,0,1,0,0,0,2,1,1,0,0,2,1,0,1,0,0,0,0,0,0,0,0,0,0,0,0,0,0,0,0,0,0,0,0,0,0,0,0,0,0,0,0,0,0,0
2755526,2025-10-04,1,Golden Eagle Ylli,Sigal Prishtina,"E. Kastrati,J. Reece,L. Shoshi,L. Thomas,T. Allen","A. Azemi,A. Bailey,D. Polloshka,L. Autrey,V. Kakruki",524,728,204,7.4,7.0,7.81,12,12,14,24,2,12,4,1,2,0,0,0,0,0,1,0,1,3,0,6,5,0,0,2,2,1,3,4,2,0,2,0,0,0,0,0,0,0,0,0,0,0,0,0,0,0,0,0,0,0,0,0,0,0,0,0,0,0
2755526,2025-10-04,2,Golden Eagle Ylli,Sigal Prishtina,"E. Kastrati,J. Reece,L. Basic,L. Shoshi,T. Allen","A. Azemi,A. Bailey,D. Polloshka,L. Autrey,V. Kakruki",728,790,62,1.46,1.93,1.0,14,24,18,24,4,0,3,2,1,0,0,0,1,0,2,1,0,0,1,0,0,0,0,0,0,0,0,0,0,0,1,0,0,0,0,0,0,0,0,0,0,0,0,0,0,0,0,0,0,0,0,0,0,0,0,0,0,0
2755526,2025-10-04,2,Golden Eagle Ylli,Sigal Prishtina,"A. Qallaku,E. Kastrati,J. Reece,L. Basic,L. Shoshi","A. Azemi,A. Bailey,D. Polloshka,L. Autrey,V. Kakruki",790,819,29,1.0,1.0,1.0,18,24,18,26,0,2,1,0,1,0,0,0,0,0,0,0,0,0,0,1,1,0,0,0,0,0,1,1,0,0,0,0,0,0,0,0,0,0,0,0,0,0,0,0,0,0,0,0,0,0,0,0,0,0,0,0,0,0
2755526,2025-10-04,2,Golden Eagle Ylli,Sigal Prishtina,"A. Qallaku,B. Huffman,E. Kastrati,J. Reece,L. Basic","A. Bailey,D. Burns,D. Polloshka,L. Autrey,V. Kakruki",819,887,68,1.9,1.88,1.93,18,28,18,32,0,4,0,0,0,0,2,0,0,0,0,0,0,1,0,3,2,1,0,0,0,1,1,2,1,0,0,2,0,0,0,0,0,0,0,0,0,0,0,0,0,0,0,0,0,0,0,0,0,0,0,0,0,0
2755526,2025-10-04,2,Golden Eagle Ylli,Sigal Prishtina,"A. Qallaku,B. Huffman,G. Morina,L. Basic,T. Allen","A. Azemi,A. Bailey,D. Polloshka,L. Autrey,M. Janjeva",887,919,32,0.88,0.88,0.88,18,32,19,33,1,1,0,0,0,0,2,1,0,0,1,0,0,0,1,0,0,0,0,2,1,0,1,0,0,0,0,1,0,0,0,0,0,0,0,0,0,0,0,0,0,0,0,0,0,0,0,0,0,0,0,0,0,0
2755526,2025-10-04,2,Golden Eagle Ylli,Sigal Prishtina,"A. Qallaku,G. Morina,L. Basic,L. Shoshi,T. Allen","A. Azemi,A. Bailey,D. Polloshka,L. Autrey,M. Janjeva",919,1176,257,8.56,9.13,8.0,19,33,32,35,13,2,7,4,2,1,5,4,1,5,3,1,0,1,0,6,1,2,0,0,0,0,2,1,0,0,2,2,0,0,0,0,0,0,0,0,0,0,0,0,0,0,0,0,0,0,0,0,0,0,0,0,0,0
2755526,2025-10-04,2,Golden Eagle Ylli,Sigal Prishtina,"A. Qallaku,E. Kastrati,J. Reece,L. Basic,T. Allen","A. Azemi,A. Bailey,D. Polloshka,L. Autrey,M. Janjeva",1176,1192,16,0.1,0.1,0.1,32,35,32,35,0,0,0,0,0,0,0,0,0,0,0,0,0,0,1,0,0,0,0,0,0,0,0,0,0,0,0,0,0,0,0,0,0,0,0,0,0,0,0,0,0,0,0,0,0,0,0,0,0,0,0,0,0,0
2755526,2025-10-04,2,Golden Eagle Ylli,Sigal Prishtina,"A. Qallaku,E. Kastrati,J. Reece,L. Basic,T. Allen","A. Azemi,A. Bailey,D. Burns,D. Polloshka,L. Autrey",1192,1200,8,0.55,0.1,1.0,32,35,32,37,0,2,0,0,0,0,0,0,0,0,0,0,0,0,0,1,1,0,0,0,0,0,0,0,0,0,0,0,0,0,0,0,0,0,0,0,0,0,0,0,0,0,0,0,0,0,0,0,0,0,0,0,0,0
2755526,2025-10-04,3,Golden Eagle Ylli,Sigal Prishtina,"E. Kastrati,G. Morina,L. Basic,L. Shoshi,T. Allen","A. Azemi,D. Burns,K. Kramer,L. Autrey,M. Janjeva",1200,1376,176,4.39,4.86,3.93,32,37,35,46,3,9,5,1,2,1,0,0,2,0,0,0,0,2,1,5,4,1,1,0,0,1,2,3,2,0,0,1,0,0,0,0,0,0,0,0,0,0,0,0,0,0,0,0,0,0,0,0,0,0,0,0,0,0
2755526,2025-10-04,3,Golden Eagle Ylli,Sigal Prishtina,"E. Kastrati,J. Reece,L. Basic,L. Shoshi,T. Allen","A. Azemi,D. Burns,K. Kramer,L. Autrey,M. Janjeva",1376,1511,135,4.93,3.86,6.0,35,46,41,48,6,2,5,3,1,0,0,0,2,2,1,1,0,1,0,3,1,1,0,0,0,0,0,0,1,1,3,2,0,0,0,0,0,0,0,0,0,0,0,0,0,0,0,0,0,0,0,0,0,0,0,0,0,0
2755526,2025-10-04,3,Golden Eagle Ylli,Sigal Prishtina,"E. Kastrati,J. Reece,L. Basic,L. Shoshi,T. Allen","A. Azemi,D. Burns,L. Autrey,M. Janjeva,V. Kakruki",1511,1570,59,1.4,1.88,0.93,41,48,42,51,1,3,1,0,1,0,2,1,0,0,0,0,0,0,1,2,1,1,1,0,0,1,2,1,0,0,0,1,0,0,0,0,0,0,0,0,0,0,0,0,0,0,0,0,0,0,0,0,0,0,0,0,0,0
2755526,2025-10-04,3,Golden Eagle Ylli,Sigal Prishtina,"E. Kastrati,G. Morina,J. Reece,L. Basic,T. Allen","A. Azemi,D. Burns,L. Autrey,M. Janjeva,V. Kakruki",1570,1600,30,1.5,1.0,2.0,42,51,42,55,0,4,0,0,0,0,0,0,0,0,0,0,0,1,0,2,2,0,0,0,0,0,0,1,1,0,0,0,0,0,0,0,0,0,0,0,0,0,0,0,0,0,0,0,0,0,0,0,0,0,0,0,0,0
2755526,2025-10-04,3,Golden Eagle Ylli,Sigal Prishtina,"E. Kastrati,G. Morina,J. Reece,L. Basic,T. Allen","A. Azemi,A. Bailey,D. Polloshka,L. Autrey,V. Kakruki",1600,1681,81,2.5,3.0,2.0,42,55,47,60,5,5,3,2,2,1,0,0,0,0,0,0,0,0,0,2,2,1,1,0,0,0,1,2,0,0,0,0,0,0,0,0,0,0,0,0,0,0,0,0,0,0,0,0,0,0,0,0,0,0,0,0,0,0
2755526,2025-10-04,3,Golden Eagle Ylli,Sigal Prishtina,"E. Kastrati,G. Morina,J. Reece,L. Thomas,T. Allen","A. Azemi,A. Bailey,D. Polloshka,L. Autrey,V. Kakruki",1681,1714,33,0.94,0.88,1.0,47,60,49,62,2,2,0,0,0,0,2,2,0,0,0,0,0,0,0,1,1,0,0,0,0,0,0,0,0,0,0,1,0,0,0,0,0,0,0,0,0,0,0,0,0,0,0,0,0,0,0,0,0,0,0,0,0,0
2755526,2025-10-04,3,Golden Eagle Ylli,Sigal Prishtina,"A. Qallaku,E. Kastrati,J. Reece,L. Thomas,T. Allen","A. Azemi,A. Bailey,D. Polloshka,L. Autrey,V. Kakruki",1714,1783,69,1.9,1.81,2.0,49,62,51,64,2,2,2,0,0,0,2,2,1,1,0,0,0,0,1,2,1,0,0,0,0,0,1,1,0,1,0,1,0,0,0,0,0,0,0,0,0,0,0,0,0,0,0,0,0,0,0,0,0,0,0,0,0,0
2755526,2025-10-04,3,Golden Eagle Ylli,Sigal Prishtina,"A. Qallaku,A. Shala,E. Kastrati,J. Reece,L. Thomas","A. Azemi,A. Bailey,D. Polloshka,L. Autrey,V. Kakruki",1783,1800,17,0.55,0.1,1.0,51,64,51,64,0,0,0,0,0,0,0,0,0,1,0,0,0,0,0,1,0,0,0,0,0,0,0,0,0,0,0,0,0,0,0,0,0,0,0,0,0,0,0,0,0,0,0,0,0,0,0,0,0,0,0,0,0,0
2755526,2025-10-04,4,Golden Eagle Ylli,Sigal Prishtina,"B. Huffman,E. Kastrati,G. Morina,J. Reece,L. Thomas","A. Azemi,A. Bailey,D. Burns,D. Polloshka,V. Kakruki",1800,1810,10,0.1,0.1,0.1,51,64,51,64,0,0,0,0,0,0,0,0,0,0,0,0,0,0,0,0,0,0,0,0,0,0,0,0,0,0,0,0,0,0,0,0,0,0,0,0,0,0,0,0,0,0,0,0,0,0,0,0,0,0,0,0,0,0
2755526,2025-10-04,4,Golden Eagle Ylli,Sigal Prishtina,"B. Huffman,E. Kastrati,G. Morina,L. Thomas,T. Allen","A. Azemi,A. Bailey,D. Burns,D. Polloshka,V. Kakruki",1810,1844,34,1.44,1.0,1.88,51,64,51,67,0,3,1,0,0,0,0,0,0,0,0,0,0,0,3,1,1,1,1,2,0,1,1,1,0,0,0,0,0,0,0,0,0,0,0,0,0,0,0,0,0,0,0,0,0,0,0,0,0,0,0,0,0,0
2755526,2025-10-04,4,Golden Eagle Ylli,Sigal Prishtina,"E. Kastrati,G. Morina,L. Shoshi,L. Thomas,T. Allen","A. Azemi,A. Bailey,D. Burns,D. Polloshka,V. Kakruki",1844,2026,182,4.65,4.44,4.86,51,67,59,69,8,2,3,3,1,1,1,1,0,4,2,0,0,1,1,7,1,5,0,0,0,2,0,0,0,0,0,2,0,0,0,0,0,0,0,0,0,0,0,0,0,0,0,0,0,0,0,0,0,0,0,0,0,0
2755526,2025-10-04,4,Golden Eagle Ylli,Sigal Prishtina,"E. Kastrati,G. Morina,L. Shoshi,L. Thomas,T. Allen","A. Azemi,A. Bailey,D. Polloshka,L. Autrey,V. Kakruki",2026,2083,57,0.93,0.86,1.0,59,69,59,69,0,0,3,0,2,0,0,0,2,0,0,1,0,0,0,0,0,0,0,0,0,0,1,0,0,0,1,0,0,0,0,0,0,0,0,0,0,0,0,0,0,0,0,0,0,0,0,0,0,0,0,0,0,0
2755526,2025-10-04,4,Golden Eagle Ylli,Sigal Prishtina,"E. Kastrati,G. Morina,L. Basic,L. Shoshi,L. Thomas","A. Azemi,A. Bailey,D. Polloshka,L. Autrey,V. Kakruki",2083,2115,32,2.0,3.0,1.0,59,69,59,71,0,2,0,0,0,0,0,0,0,0,0,0,0,3,2,1,1,0,0,0,0,0,0,1,1,0,0,0,0,0,0,0,0,0,0,0,0,0,0,0,0,0,0,0,0,0,0,0,0,0,0,0,0,0
2755526,2025-10-04,4,Golden Eagle Ylli,Sigal Prishtina,"E. Kastrati,J. Reece,L. Shoshi,L. Thomas,T. Allen","A. Azemi,A. Bailey,D. Polloshka,L. Autrey,V. Kakruki",2115,2179,64,1.88,2.0,1.76,59,71,64,74,5,3,2,2,1,1,0,0,0,0,0,0,0,0,1,0,0,0,0,4,3,0,0,0,0,0,0,0,0,0,0,0,0,0,0,0,0,0,0,0,0,0,0,0,0,0,0,0,0,0,0,0,0,0
2755526,2025-10-04,4,Golden Eagle Ylli,Sigal Prishtina,"E. Kastrati,J. Reece,L. Shoshi,L. Thomas,T. Allen","A. Azemi,A. Bailey,D. Polloshka,L. Autrey,M. Janjeva",2179,2274,95,2.96,3.0,2.93,64,74,66,74,2,0,2,1,1,0,0,0,0,2,0,0,0,1,0,3,0,3,0,0,0,1,1,0,1,0,1,1,0,0,0,0,0,0,0,0,0,0,0,0,0,0,0,0,0,0,0,0,0,0,0,0,0,0
2755526,2025-10-04,4,Golden Eagle Ylli,Sigal Prishtina,"E. Kastrati,J. Reece,L. Shoshi,L. Thomas,T. Allen","A. Bailey,D. Burns,D. Polloshka,L. Autrey,M. Janjeva",2274,2308,34,1.44,1.0,1.88,66,74,69,78,3,4,1,1,1,1,0,0,0,0,1,0,0,0,1,1,1,0,0,2,2,0,0,0,0,0,0,0,0,0,0,0,0,0,0,0,0,0,0,0,0,0,0,0,0,0,0,0,0,0,0,0,0,0
2755526,2025-10-04,4,Golden Eagle Ylli,Sigal Prishtina,"E. Kastrati,G. Morina,L. Shoshi,L. Thomas,T. Allen","A. Bailey,D. Burns,D. Polloshka,L. Autrey,M. Janjeva",2308,2315,7,0.55,1.0,0.1,69,78,71,78,2,0,1,1,0,0,0,0,0,0,0,0,0,0,0,0,0,0,0,0,0,0,0,0,0,0,0,1,0,0,0,0,0,0,0,0,0,0,0,0,0,0,0,0,0,0,0,0,0,0,0,0,0,0
2755526,2025-10-04,4,Golden Eagle Ylli,Sigal Prishtina,"E. Kastrati,J. Reece,L. Shoshi,L. Thomas,T. Allen","A. Bailey,D. Burns,D. Polloshka,L. Autrey,M. Janjeva",2315,2389,74,2.16,2.32,2.0,71,78,76,78,5,0,1,1,1,1,3,2,0,1,2,0,0,0,1,1,0,0,0,0,0,0,0,0,0,0,1,1,0,0,0,0,0,0,0,0,0,0,0,0,0,0,0,0,0,0,0,0,0,0,0,0,0,0
2755526,2025-10-04,4,Golden Eagle Ylli,Sigal Prishtina,"E. Kastrati,G. Morina,L. Shoshi,L. Thomas,T. Allen","A. Bailey,D. Burns,D. Polloshka,L. Autrey,M. Janjeva",2389,2400,11,0.94,1.0,0.88,76,78,76,78,0,0,1,0,0,0,0,0,0,1,0,0,0,0,0,0,0,0,0,2,0,0,1,0,0,0,0,0,0,0,0,0,0,0,0,0,0,0,0,0,0,0,0,0,0,0,0,0,0,0,0,0,0,0
2755528,2025-10-05,1,Bora,Rahoveci 029,"A. Mekic,G. Singleton,R. Memedi,R. Ukaj,T. Jackson","B. Rexha,F. Rugova,I. Umipig,K. Pullian,P. Weeks",0,159,159,5.58,5.0,6.17,0,0,7,8,7,8,3,3,1,1,0,0,0,2,2,0,0,2,3,6,4,0,0,2,0,1,0,1,1,0,0,0,0,0,0,0,0,0,0,0,0,0,0,0,0,0,0,0,0,0,0,0,0,0,0,0,0,0
2755528,2025-10-05,1,Bora,Rahoveci 029,"A. Mekic,G. Singleton,J. Zeqiri,R. Memedi,T. Jackson","A. Berisha,B. Rexha,F. Rugova,I. Umipig,P. Weeks",159,342,183,8.62,9.93,7.32,7,8,15,16,8,8,7,4,3,0,0,0,1,2,2,2,0,4,2,4,3,1,0,3,2,0,2,1,1,0,2,2,0,0,0,0,0,0,0,0,0,0,0,0,0,0,0,0,0,0,0,0,0,0,0,0,0,0
2755528,2025-10-05,1,Bora,Rahoveci 029,"A. Mekic,G. Singleton,J. Zeqiri,R. Memedi,S. Jules","A. Berisha,F. Rugova,I. Umipig,P. Weeks,V. Ejupi",342,545,203,6.43,6.0,6.86,15,16,18,26,3,10,6,1,3,1,0,0,0,2,1,1,0,0,0,8,4,3,2,0,0,2,5,1,0,0,1,2,0,0,0,0,0,0,0,0,0,0,0,0,0,0,0,0,0,0,0,0,0,0,0,0,0,0
2755528,2025-10-05,1,Bora,Rahoveci 029,"A. Mekic,G. Singleton,G. Zeqiri,S. Jules,T. Jackson","A. Berisha,F. Rugova,K. Pullian,P. Weeks,V. Ejupi",545,553,8,0.1,0.1,0.1,18,26,18,26,0,0,0,0,0,0,0,0,0,0,0,0,0,0,0,0,0,0,0,0,0,0,0,0,0,0,0,0,0,0,0,0,0,0,0,0,0,0,0,0,0,0,0,0,0,0,0,0,0,0,0,0,0,0
2755528,2025-10-05,1,Bora,Rahoveci 029,"G. Singleton,G. Zeqiri,R. Memedi,S. Jules,T. Jackson","A. Berisha,F. Rugova,K. Pullian,P. Weeks,V. Ejupi",553,600,47,2.0,2.0,2.0,18,26,20,28,2,2,2,1,1,0,0,0,0,1,1,0,0,0,0,2,1,1,0,0,0,0,1,0,0,0,0,0,0,0,0,0,0,0,0,0,0,0,0,0,0,0,0,0,0,0,0,0,0,0,0,0,0,0
2755528,2025-10-05,2,Bora,Rahoveci 029,"A. Mekic,G. Zeqiri,R. Memedi,S. Jules,T. Jackson","A. Berisha,E. Ross,F. Rugova,K. Pullian,V. Ejupi",600,705,105,3.4,3.88,2.93,20,28,26,32,6,4,3,2,0,0,2,2,0,1,2,0,0,0,0,4,2,2,0,0,0,1,1,0,0,0,0,2,0,0,0,0,0,0,0,0,0,0,0,0,0,0,0,0,0,0,0,0,0,0,0,0,0,0
2755528,2025-10-05,2,Bora,Rahoveci 029,"A. Mekic,G. Zeqiri,R. Memedi,S. Jules,T. Jackson","A. Berisha,E. Ross,K. Pullian,P. Weeks,V. Ejupi",705,719,14,1.23,0.44,2.01,26,32,26,34,0,2,0,0,0,0,1,0,0,1,0,0,0,0,1,3,1,0,0,1,0,2,1,0,0,0,0,0,0,0,0,0,0,0,0,0,0,0,0,0,0,0,0,0,0,0,0,0,0,0,0,0,0,0
2755528,2025-10-05,2,Bora,Rahoveci 029,"A. Mekic,G. Zeqiri,R. Memedi,S. Jules,T. Jackson","A. Berisha,I. Umipig,K. Pullian,P. Weeks,V. Ejupi",719,780,61,2.0,2.0,2.0,26,34,26,39,0,5,1,0,0,0,0,0,0,0,0,0,0,1,0,2,2,1,1,0,0,0,1,0,1,1,0,0,0,0,0,0,0,0,0,0,0,0,0,0,0,0,0,0,0,0,0,0,0,0,0,0,0,0
2755528,2025-10-05,2,Bora,Rahoveci 029,"A. Mekic,G. Singleton,R. Memedi,R. Ukaj,S. Jules","A. Berisha,I. Umipig,K. Pullian,P. Weeks,V. Ejupi",780,811,31,1.0,1.0,1.0,26,39,26,39,0,0,1,0,1,0,0,0,0,0,0,1,0,0,0,0,0,0,0,0,0,0,1,0,0,0,1,1,0,0,0,0,0,0,0,0,0,0,0,0,0,0,0,0,0,0,0,0,0,0,0,0,0,0
2755528,2025-10-05,2,Bora,Rahoveci 029,"A. Mekic,G. Singleton,R. Memedi,R. Ukaj,S. Jules","E. Peci,I. Umipig,K. Pullian,P. Weeks,V. Ejupi",811,944,133,3.43,3.86,3.0,26,39,32,39,6,0,6,3,2,0,0,0,2,2,2,1,0,0,1,2,0,0,0,0,0,0,1,0,0,0,1,2,0,0,0,0,0,0,0,0,0,0,0,0,0,0,0,0,0,0,0,0,0,0,0,0,0,0
2755528,2025-10-05,2,Bora,Rahoveci 029,"A. Mekic,G. Singleton,R. Memedi,R. Ukaj,S. Jules","B. Rexha,F. Rugova,I. Umipig,K. Pullian,P. Weeks",944,1003,59,1.96,2.0,1.93,33,39,33,43,0,4,2,0,1,0,0,0,0,0,0,0,0,0,0,3,2,0,0,0,0,1,2,0,0,0,0,0,0,0,0,0,0,0,0,0,0,0,0,0,0,0,0,0,0,0,0,0,0,0,0,0,0,0
2755528,2025-10-05,2,Bora,Rahoveci 029,"A. Mekic,G. Singleton,J. Zeqiri,R. Memedi,T. Jackson","B. Rexha,F. Rugova,I. Umipig,K. Pullian,P. Weeks",1003,1112,109,4.4,3.88,4.93,33,43,35,49,2,6,1,0,0,0,2,2,0,1,0,0,0,2,0,5,3,0,0,0,0,1,1,1,2,0,1,1,0,0,0,0,0,0,0,0,0,0,0,0,0,0,0,0,0,0,0,0,0,0,0,0,0,0
2755528,2025-10-05,2,Bora,Rahoveci 029,"G. Singleton,J. Zeqiri,O. Kurtaj,R. Memedi,T. Jackson","B. Rexha,F. Rugova,I. Umipig,K. Pullian,P. Weeks",1112,1200,88,2.69,3.0,2.37,35,49,35,54,0,5,3,0,1,0,0,0,0,0,0,0,0,0,2,3,2,0,0,1,1,1,2,1,0,0,0,0,0,0,0,0,0,0,0,0,0,0,0,0,0,0,0,0,0,0,0,0,0,0,0,0,0,0
2755528,2025-10-05,3,Bora,Rahoveci 029,"A. Mekic,G. Singleton,J. Zeqiri,R. Memedi,T. Jackson","B. Rexha,F. Rugova,I. Umipig,K. Pullian,P. Weeks",1200,1486,286,9.14,8.88,9.4,35,54,49,66,14,12,7,5,3,2,2,2,0,3,2,0,0,1,5,7,4,2,1,5,3,1,2,1,1,0,1,1,0,0,0,0,0,0,0,0,0,0,0,0,0,0,0,0,0,0,0,0,0,0,0,0,0,0
2755528,2025-10-05,3,Bora,Rahoveci 029,"A. Mekic,G. Singleton,J. Zeqiri,O. Kurtaj,S. Jules","B. Rexha,F. Rugova,I. Umipig,K. Pullian,P. Weeks",1486,1713,227,7.33,6.86,7.81,49,66,55,74,6,8,6,3,2,0,0,0,2,3,1,0,0,3,0,7,3,3,0,2,2,1,1,2,2,0,1,0,0,0,0,0,0,0,0,0,0,0,0,0,0,0,0,0,0,0,0,0,0,0,0,0,0,0
2755528,2025-10-05,3,Bora,Rahoveci 029,"A. Mekic,G. Singleton,J. Zeqiri,O. Kurtaj,T. Jackson","B. Rexha,F. Rugova,I. Umipig,K. Pullian,P. Weeks",1713,1948,235,7.44,7.88,7.0,55,74,61,79,6,5,5,2,3,1,2,1,0,2,2,3,0,2,0,4,2,3,1,0,0,0,3,2,0,0,3,1,0,0,0,0,0,0,0,0,0,0,0,0,0,0,0,0,0,0,0,0,0,0,0,0,0,0
2755528,2025-10-05,4,Bora,Rahoveci 029,"A. Mekic,O. Kurtaj,R. Memedi,R. Ukaj,T. Jackson","B. Rexha,F. Rugova,I. Umipig,K. Pullian,P. Weeks",1948,2044,96,3.22,3.0,3.44,61,79,66,83,5,4,3,2,1,1,0,0,0,2,1,0,0,0,1,3,2,1,0,1,0,0,1,0,0,0,0,0,0,0,0,0,0,0,0,0,0,0,0,0,0,0,0,0,0,0,0,0,0,0,0,0,0,0
2755528,2025-10-05,4,Bora,Rahoveci 029,"G. Singleton,O. Kurtaj,R. Memedi,R. Ukaj,S. Jules","B. Rexha,F. Rugova,I. Umipig,K. Pullian,P. Weeks",2044,2111,67,1.72,2.44,1.0,66,83,69,85,3,2,1,1,1,1,1,0,1,0,1,0,0,1,1,1,1,0,0,0,0,0,0,1,0,0,0,1,0,0,0,0,0,0,0,0,0,0,0,0,0,0,0,0,0,0,0,0,0,0,0,0,0,0
2755528,2025-10-05,4,Bora,Rahoveci 029,"A. Mekic,G. Singleton,R. Memedi,R. Ukaj,S. Jules","B. Rexha,F. Rugova,I. Umipig,K. Pullian,P. Weeks",2111,2150,39,1.4,0.93,1.88,69,85,72,85,3,0,2,1,2,1,0,0,1,1,1,1,0,0,0,0,0,0,0,2,0,0,0,0,0,0,1,1,0,0,0,0,0,0,0,0,0,0,0,0,0,0,0,0,0,0,0,0,0,0,0,0,0,0
2755528,2025-10-05,4,Bora,Rahoveci 029,"A. Mekic,G. Singleton,R. Memedi,R. Ukaj,S. Jules","A. Berisha,B. Rexha,F. Rugova,I. Umipig,P. Weeks",2150,2272,122,5.05,4.88,5.22,72,85,78,89,6,4,2,2,0,0,2,2,0,3,1,0,1,2,4,4,2,0,0,4,0,1,0,2,0,0,0,0,0,0,0,0,0,0,0,0,0,0,0,0,0,0,0,0,0,0,0,0,0,0,0,0,0,0
2755528,2025-10-05,4,Bora,Rahoveci 029,"A. Mekic,G. Singleton,J. Zeqiri,R. Memedi,S. Jules","A. Berisha,B. Rexha,F. Rugova,I. Umipig,P. Weeks",2272,2293,21,0.85,1.25,0.44,78,89,81,90,3,1,1,0,1,0,3,3,1,0,0,0,0,0,0,0,0,0,0,1,1,0,0,0,0,0,0,2,0,0,0,0,0,0,0,0,0,0,0,0,0,0,0,0,0,0,0,0,0,0,0,0,0,0
2755528,2025-10-05,4,Bora,Rahoveci 029,"A. Mekic,G. Singleton,J. Zeqiri,R. Memedi,S. Jules","B. Rexha,F. Rugova,I. Umipig,K. Pullian,P. Weeks",2293,2391,98,3.88,3.88,3.88,81,90,84,95,3,5,3,1,1,0,2,1,0,1,1,0,1,0,1,3,2,0,0,2,1,0,3,2,0,1,0,1,0,0,0,0,0,0,0,0,0,0,0,0,0,0,0,0,0,0,0,0,0,0,0,0,0,0
2766994,2025-10-19,1,Bashkimi,Rahoveci 029,"D. Lake,I. Cousins,J. Baily,J. Palokaj,V. Bunjaku","B. Rexha,F. Rugova,I. Umipig,K. Pullian,P. Weekes",0,334,334,10.34,9.88,10.79,0,0,18,12,18,12,9,7,4,3,2,1,0,4,6,0,1,0,2,13,6,2,0,0,0,3,2,4,0,0,1,2,0,0,0,0,0,0,0,0,0,0,0,0,0,0,0,0,0,0,0,0,0,0,0,0,0,0
2766994,2025-10-19,1,Bashkimi,Rahoveci 029,"D. Lake,I. Cousins,J. Baily,J. Palokaj,V. Bunjaku","F. Rugova,H. Durguti,I. Umipig,K. Pullian,P. Weekes",334,349,15,0.1,0.1,0.1,18,12,18,12,0,0,0,0,0,0,0,0,0,0,0,0,0,0,0,0,0,0,0,0,0,0,0,0,0,0,0,1,0,0,0,0,0,0,0,0,0,0,0,0,0,0,0,0,0,0,0,0,0,0,0,0,0,0
2766994,2025-10-19,1,Bashkimi,Rahoveci 029,"I. Cousins,J. Baily,J. Palokaj,T. Bickerstaff,V. Bunjaku","F. Rugova,H. Durguti,I. Umipig,K. Pullian,P. Weekes",349,389,40,2.16,2.32,2.0,18,12,21,14,3,2,1,0,0,0,3,3,0,1,0,0,0,0,1,2,1,0,0,0,0,0,1,0,0,0,0,0,0,0,0,0,0,0,0,0,0,0,0,0,0,0,0,0,0,0,0,0,0,0,0,0,0,0
2766994,2025-10-19,1,Bashkimi,Rahoveci 029,"I. Cousins,J. Baily,J. Palokaj,T. Bickerstaff,V. Bunjaku","F. Rugova,I. Umipig,K. Pullian,P. Weekes,V. Ejupi",389,406,17,0.55,1.0,0.1,21,14,23,14,2,0,1,1,0,0,0,0,0,0,0,0,0,0,1,0,0,0,0,0,0,0,0,0,0,0,0,0,0,0,0,0,0,0,0,0,0,0,0,0,0,0,0,0,0,0,0,0,0,0,0,0,0,0
2766994,2025-10-19,1,Bashkimi,Rahoveci 029,"J. Palokaj,K. Anderson,L. Zeqiri,T. Bickerstaff,V. Bunjaku","F. Rugova,I. Umipig,K. Pullian,P. Weekes,V. Ejupi",406,440,34,2.0,2.0,2.0,23,14,25,14,2,0,1,1,0,0,0,0,0,1,1,1,0,1,0,1,0,0,0,0,0,0,0,0,1,0,1,1,0,0,0,0,0,0,0,0,0,0,0,0,0,0,0,0,0,0,0,0,0,0,0,0,0,0
2766994,2025-10-19,1,Bashkimi,Rahoveci 029,"I. Cousins,J. Palokaj,K. Anderson,L. Zeqiri,T. Bickerstaff","A. Berisha,F. Rugova,I. Umipig,P. Weekes,V. Ejupi",440,473,33,0.27,0.44,0.1,25,14,25,14,0,0,0,0,0,0,1,0,0,0,0,0,0,0,0,2,0,1,0,0,0,2,1,0,0,0,0,0,0,0,0,0,0,0,0,0,0,0,0,0,0,0,0,0,0,0,0,0,0,0,0,0,0,0
2766994,2025-10-19,1,Bashkimi,Rahoveci 029,"I. Cousins,J. Palokaj,K. Anderson,L. Zeqiri,T. Bickerstaff","A. Berisha,E. Ross,F. Rugova,I. Umipig,P. Weekes",473,600,127,3.92,3.84,4.0,25,14,30,22,5,8,5,2,1,0,1,1,1,0,0,0,0,0,0,3,3,2,2,0,0,0,1,1,0,0,1,1,0,0,0,0,0,0,0,0,0,0,0,0,0,0,0,0,0,0,0,0,0,0,0,0,0,0
2766994,2025-10-19,2,Bashkimi,Rahoveci 029,"I. Cousins,J. Palokaj,K. Anderson,L. Zeqiri,T. Bickerstaff","B. Rexha,E. Ross,F. Rugova,I. Umipig,K. Pullian",600,621,21,0.1,0.1,0.1,30,22,30,22,0,0,3,0,0,0,0,0,3,0,0,0,0,0,0,0,0,0,0,0,0,0,0,0,0,0,0,0,0,0,0,0,0,0,0,0,0,0,0,0,0,0,0,0,0,0,0,0,0,0,0,0,0,0
2766994,2025-10-19,2,Bashkimi,Rahoveci 029,"A. Morina,D. Lake,I. Cousins,K. Anderson,L. Zeqiri","B. Rexha,E. Ross,F. Rugova,I. Umipig,K. Pullian",621,698,77,3.66,3.88,3.44,30,22,34,25,4,3,1,1,1,1,2,1,1,2,1,0,0,2,1,3,1,1,0,1,1,0,0,0,1,0,0,1,0,0,0,0,0,0,0,0,0,0,0,0,0,0,0,0,0,0,0,0,0,0,0,0,0,0
2766994,2025-10-19,2,Bashkimi,Rahoveci 029,"A. Morina,D. Lake,J. Baily,K. Anderson,L. Zeqiri","B. Rexha,E. Ross,F. Rugova,I. Umipig,K. Pullian",698,729,31,2.0,2.0,2.0,34,25,34,27,0,2,0,0,0,0,0,0,0,1,0,0,0,2,0,2,1,0,0,0,0,0,0,1,1,0,0,0,0,0,0,0,0,0,0,0,0,0,0,0,0,0,0,0,0,0,0,0,0,0,0,0,0,0
2766994,2025-10-19,2,Bashkimi,Rahoveci 029,"A. Morina,D. Lake,J. Baily,K. Anderson,L. Zeqiri","B. Rexha,F. Rugova,I. Umipig,K. Pullian,P. Weekes",729,796,67,1.46,2.0,0.93,34,27,34,27,0,0,0,0,0,0,0,0,0,0,0,0,0,2,2,1,0,0,0,0,0,1,0,0,2,0,1,0,0,0,0,0,0,0,0,0,0,0,0,0,0,0,0,0,0,0,0,0,0,0,0,0,0,0
2766994,2025-10-19,2,Bashkimi,Rahoveci 029,"D. Lake,J. Baily,J. Palokaj,K. Anderson,L. Zeqiri","B. Rexha,F. Rugova,I. Umipig,K. Pullian,P. Weekes",796,860,64,3.4,3.93,2.88,34,27,36,29,2,2,3,1,1,0,0,0,1,1,0,1,0,2,1,1,1,0,0,2,0,0,1,1,0,0,1,0,0,0,0,0,0,0,0,0,0,0,0,0,0,0,0,0,0,0,0,0,0,0,0,0,0,0
2766994,2025-10-19,2,Bashkimi,Rahoveci 029,"D. Lake,J. Baily,J. Palokaj,K. Anderson,M. Ismaili","B. Rexha,F. Rugova,I. Umipig,K. Pullian,P. Weekes",860,1015,155,4.5,4.0,5.0,36,29,42,39,6,10,3,3,0,0,0,0,0,1,1,0,0,1,0,5,4,3,2,0,0,0,0,2,0,0,0,1,0,0,0,0,0,0,0,0,0,0,0,0,0,0,0,0,0,0,0,0,0,0,0,0,0,0
2766994,2025-10-19,2,Bashkimi,Rahoveci 029,"D. Lake,I. Cousins,J. Palokaj,L. Zeqiri,V. Bunjaku","B. Rexha,F. Rugova,I. Umipig,K. Pullian,P. Weekes",1015,1048,33,0.96,0.93,1.0,42,39,44,39,2,0,2,1,0,0,0,0,1,1,0,0,1,0,0,1,0,0,0,0,0,0,0,0,0,0,0,0,0,0,0,0,0,0,0,0,0,0,0,0,0,0,0,0,0,0,0,0,0,0,0,0,0,0
2766994,2025-10-19,2,Bashkimi,Rahoveci 029,"D. Lake,I. Cousins,J. Palokaj,L. Zeqiri,V. Bunjaku","B. Rexha,I. Umipig,K. Pullian,K. Ujkani,P. Weekes",1048,1125,77,1.83,1.93,1.74,44,39,46,41,2,2,2,1,1,0,0,0,1,1,1,0,0,1,1,3,0,1,0,2,2,2,0,0,1,0,0,1,0,0,0,0,0,0,0,0,0,0,0,0,0,0,0,0,0,0,0,0,0,0,0,0,0,0
2766994,2025-10-19,2,Bashkimi,Rahoveci 029,"D. Lake,I. Cousins,J. Palokaj,L. Zeqiri,V. Bunjaku","B. Rexha,E. Peci,I. Umipig,K. Ujkani,P. Weekes",1125,1200,75,1.9,1.88,1.93,46,41,50,44,4,3,1,1,0,0,2,2,0,0,0,0,1,0,0,2,1,1,1,0,0,1,0,1,0,0,1,2,0,0,0,0,0,0,0,0,0,0,0,0,0,0,0,0,0,0,0,0,0,0,0,0,0,0
2766994,2025-10-19,3,Bashkimi,Rahoveci 029,"D. Lake,I. Cousins,J. Palokaj,K. Anderson,L. Zeqiri","B. Rexha,F. Rugova,I. Umipig,K. Pullian,P. Weekes",1200,1365,165,5.34,4.93,5.76,50,44,52,47,2,3,6,1,3,0,0,0,1,3,0,1,0,0,3,2,0,1,0,4,3,0,4,0,0,0,2,0,0,0,0,0,0,0,0,0,0,0,0,0,0,0,0,0,0,0,0,0,0,0,0,0,0,0
2766994,2025-10-19,3,Bashkimi,Rahoveci 029,"I. Cousins,J. Palokaj,K. Anderson,L. Zeqiri,T. Bickerstaff","B. Rexha,F. Rugova,I. Umipig,K. Pullian,P. Weekes",1365,1504,139,4.31,4.74,3.88,52,47,55,52,3,5,6,1,3,0,2,1,2,2,0,0,0,0,1,3,1,3,1,2,2,0,3,1,0,0,0,3,0,0,0,0,0,0,0,0,0,0,0,0,0,0,0,0,0,0,0,0,0,0,0,0,0,0
2766994,2025-10-19,3,Bashkimi,Rahoveci 029,"I. Cousins,J. Palokaj,L. Zeqiri,T. Bickerstaff,V. Bunjaku","B. Rexha,F. Rugova,I. Umipig,K. Pullian,P. Weekes",1504,1624,120,3.23,3.45,3.0,55,52,60,56,5,4,4,2,3,1,2,0,2,1,2,0,0,0,1,3,2,1,0,0,0,0,1,1,0,0,0,2,0,0,0,0,0,0,0,0,0,0,0,0,0,0,0,0,0,0,0,0,0,0,0,0,0,0
2766994,2025-10-19,3,Bashkimi,Rahoveci 029,"I. Cousins,J. Baily,J. Palokaj,T. Bickerstaff,V. Bunjaku","B. Rexha,F. Rugova,I. Umipig,K. Pullian,P. Weekes",1624,1720,96,2.74,2.6,2.88,60,56,62,60,2,4,6,0,1,0,2,2,4,2,0,0,0,0,0,2,1,2,1,2,1,0,2,1,0,1,0,1,0,0,0,0,0,0,0,0,0,0,0,0,0,0,0,0,0,0,0,0,0,0,0,0,0,0
2766994,2025-10-19,3,Bashkimi,Rahoveci 029,"D. Lake,I. Cousins,J. Baily,J. Palokaj,V. Bunjaku","B. Rexha,F. Rugova,I. Umipig,K. Pullian,P. Weekes",1720,1915,195,3.96,4.0,3.93,62,60,66,63,4,3,4,2,0,0,0,0,0,2,1,0,1,0,2,4,1,2,1,0,0,1,2,0,0,0,1,0,0,0,0,0,0,0,0,0,0,0,0,0,0,0,0,0,0,0,0,0,0,0,0,0,0,0
2766994,2025-10-19,4,Bashkimi,Rahoveci 029,"D. Lake,J. Baily,K. Anderson,L. Zeqiri,M. Ismaili","B. Rexha,F. Rugova,I. Umipig,K. Pullian,P. Weekes",1915,1943,28,1.0,1.0,1.0,66,64,66,67,0,3,1,0,0,0,0,0,0,0,0,0,0,0,0,1,1,1,1,0,0,0,1,0,0,0,0,0,0,0,0,0,0,0,0,0,0,0,0,0,0,0,0,0,0,0,0,0,0,0,0,0,0,0
2766994,2025-10-19,4,Bashkimi,Rahoveci 029,"D. Lake,I. Cousins,J. Palokaj,K. Anderson,L. Zeqiri","B. Rexha,F. Rugova,I. Umipig,K. Pullian,P. Weekes",1943,2013,70,3.5,3.0,4.0,66,67,69,69,3,2,2,1,2,1,0,0,0,0,1,1,0,1,1,1,1,0,0,0,0,0,1,1,1,0,3,2,0,0,0,0,0,0,0,0,0,0,0,0,0,0,0,0,0,0,0,0,0,0,0,0,0,0
2766994,2025-10-19,4,Bashkimi,Rahoveci 029,"D. Lake,I. Cousins,J. Palokaj,L. Zeqiri,V. Bunjaku","B. Rexha,F. Rugova,I. Umipig,K. Pullian,P. Weekes",2013,2388,375,10.54,10.34,10.74,69,69,82,74,13,5,12,4,4,1,4,4,6,6,3,1,2,3,4,13,1,3,0,7,3,8,2,1,1,1,2,3,0,0,0,0,0,0,0,0,0,0,0,0,0,0,0,0,0,0,0,0,0,0,0,0,0,0
2766681,2025-10-20,1,Sigal Prishtina,Bora,"A. Azemi,A. Bailey,D. Burns,D. Lekndreaj,K. Kramer","A. Mekic,G. Singleton,J. Zeqiri,R. Memed,T. Jackson",0,338,338,10.89,10.81,10.98,0,0,20,7,20,7,9,8,3,3,2,1,2,4,4,3,1,2,4,7,2,1,1,4,2,2,0,2,1,0,4,1,0,0,0,0,0,0,0,0,0,0,0,0,0,0,0,0,0,0,0,0,0,0,0,0,0,0
2766681,2025-10-20,1,Sigal Prishtina,Bora,"A. Azemi,D. Lekndreaj,D. Polloshka,K. Kramer,M. Janjeva","A. Mekic,G. Singleton,J. Zeqiri,R. Memed,S. Jules",338,373,35,1.0,1.0,1.0,20,7,23,7,3,0,1,1,1,1,0,0,0,0,1,1,0,0,0,0,0,0,0,0,0,0,0,0,0,0,1,1,0,0,0,0,0,0,0,0,0,0,0,0,0,0,0,0,0,0,0,0,0,0,0,0,0,0
2766681,2025-10-20,1,Sigal Prishtina,Bora,"A. Azemi,D. Burns,D. Polloshka,M. Janjeva,V. Kakruki","A. Mekic,G. Singleton,R. Memed,R. Ukaj,S. Jules",373,414,41,1.46,1.0,1.93,24,7,26,10,2,3,1,1,0,0,0,0,0,0,1,0,0,0,0,2,1,1,1,0,0,1,0,1,0,0,1,0,0,0,0,0,0,0,0,0,0,0,0,0,0,0,0,0,0,0,0,0,0,0,0,0,0,0
2766681,2025-10-20,1,Sigal Prishtina,Bora,"A. Azemi,D. Burns,D. Polloshka,M. Janjeva,V. Kakruki","A. Hot,G. Singleton,R. Memed,R. Ukaj,S. Jules",414,457,43,1.44,2.0,0.88,26,10,29,11,3,1,1,1,1,1,0,0,0,0,1,0,0,1,1,0,0,0,0,2,1,0,0,1,0,0,0,0,0,0,0,0,0,0,0,0,0,0,0,0,0,0,0,0,0,0,0,0,0,0,0,0,0,0
2766681,2025-10-20,1,Sigal Prishtina,Bora,"B. Istrefi,D. Burns,D. Polloshka,M. Janjeva,V. Kakruki","A. Hot,G. Singleton,R. Memed,R. Ukaj,S. Jules",457,474,17,0.55,0.1,1.0,29,11,29,11,0,0,0,0,0,0,0,0,0,0,0,1,0,0,0,0,0,0,0,0,0,0,0,0,0,0,1,1,0,0,0,0,0,0,0,0,0,0,0,0,0,0,0,0,0,0,0,0,0,0,0,0,0,0
2766681,2025-10-20,1,Sigal Prishtina,Bora,"B. Istrefi,D. Burns,D. Polloshka,M. Janjeva,V. Kakruki","A. Mekic,G. Singleton,R. Memed,R. Ukaj,S. Jules",474,597,123,4.34,4.81,3.88,29,11,36,14,7,3,5,3,2,1,2,0,1,1,2,1,0,0,1,2,1,0,0,2,1,0,1,1,0,0,1,1,0,0,0,0,0,0,0,0,0,0,0,0,0,0,0,0,0,0,0,0,0,0,0,0,0,0
2766681,2025-10-20,1,Sigal Prishtina,Bora,"B. Istrefi,D. Burns,D. Polloshka,M. Janjeva,V. Kakruki","A. Mekic,O. Kurtaj,R. Memed,R. Ukaj,S. Jules",597,706,109,3.44,4.0,2.88,36,14,36,16,0,2,4,0,2,0,0,0,0,0,0,0,0,0,2,0,0,0,0,2,2,0,4,1,0,0,2,1,0,0,0,0,0,0,0,0,0,0,0,0,0,0,0,0,0,0,0,0,0,0,0,0,0,0
2766681,2025-10-20,2,Sigal Prishtina,Bora,"B. Istrefi,D. Burns,D. Haxhosaj,D. Polloshka,M. Janjeva","A. Mekic,O. Kurtaj,R. Memed,R. Ukaj,S. Jules",706,785,79,2.17,2.45,1.88,36,16,40,17,4,1,3,1,2,1,2,1,2,1,1,0,0,0,1,1,0,1,0,2,1,0,1,0,0,0,0,1,0,0,0,0,0,0,0,0,0,0,0,0,0,0,0,0,0,0,0,0,0,0,0,0,0,0
2766681,2025-10-20,2,Sigal Prishtina,Bora,"B. Istrefi,D. Burns,D. Haxhosaj,D. Polloshka,M. Janjeva","G. Singleton,O. Kurtaj,R. Memed,S. Jules,T. Jackson",785,849,64,1.43,2.0,0.86,40,17,45,20,5,3,2,2,1,1,0,0,0,0,2,0,2,0,1,3,1,1,1,0,0,2,0,1,0,0,0,0,0,0,0,0,0,0,0,0,0,0,0,0,0,0,0,0,0,0,0,0,0,0,0,0,0,0
2766681,2025-10-20,2,Sigal Prishtina,Bora,"A. Azemi,D. Burns,D. Haxhosaj,D. Lekndreaj,M. Janjeva","G. Singleton,O. Kurtaj,R. Memed,S. Jules,T. Jackson",849,865,16,0.49,0.1,0.88,45,20,45,22,0,2,0,0,0,0,0,0,0,0,0,0,0,0,0,0,0,0,0,2,2,0,0,0,0,0,0,0,0,0,0,0,0,0,0,0,0,0,0,0,0,0,0,0,0,0,0,0,0,0,0,0,0,0
2766681,2025-10-20,2,Sigal Prishtina,Bora,"A. Azemi,D. Burns,D. Haxhosaj,D. Lekndreaj,M. Janjeva","G. Singleton,O. Kurtaj,R. Memed,R. Ukaj,T. Jackson",865,892,27,1.44,1.88,1.0,45,22,46,25,1,3,1,0,0,0,2,1,0,0,1,0,0,0,0,1,1,1,1,0,0,0,1,1,0,0,0,1,0,0,0,0,0,0,0,0,0,0,0,0,0,0,0,0,0,0,0,0,0,0,0,0,0,0
2766681,2025-10-20,2,Sigal Prishtina,Bora,"A. Azemi,A. Bailey,D. Burns,D. Haxhosaj,D. Lekndreaj","G. Singleton,O. Kurtaj,R. Memed,R. Ukaj,T. Jackson",892,983,91,2.46,2.0,2.93,46,25,46,25,0,0,0,0,0,0,0,0,0,3,0,0,1,2,0,4,0,0,0,0,0,1,0,0,0,0,0,1,0,0,0,0,0,0,0,0,0,0,0,0,0,0,0,0,0,0,0,0,0,0,0,0,0,0
2766681,2025-10-20,2,Sigal Prishtina,Bora,"A. Azemi,A. Bailey,D. Burns,D. Haxhosaj,D. Lekndreaj","A. Mekic,O. Kurtaj,R. Memed,R. Ukaj,T. Jackson",983,1056,73,2.96,3.0,2.93,46,25,46,27,0,2,2,0,2,0,0,0,0,0,0,1,0,1,0,2,1,0,0,0,0,1,2,0,0,0,2,0,0,0,0,0,0,0,0,0,0,0,0,0,0,0,0,0,0,0,0,0,0,0,0,0,0,0
2766681,2025-10-20,2,Sigal Prishtina,Bora,"A. Azemi,A. Bailey,D. Haxhosaj,D. Lekndreaj,D. Polloshka","A. Mekic,O. Kurtaj,R. Memed,R. Ukaj,T. Jackson",1056,1119,63,1.5,2.0,1.0,46,27,46,27,0,0,2,0,0,0,0,0,0,0,0,1,0,0,0,0,0,0,0,0,0,0,2,0,0,0,1,0,0,0,0,0,0,0,0,0,0,0,0,0,0,0,0,0,0,0,0,0,0,0,0,0,0,0
2766681,2025-10-20,2,Sigal Prishtina,Bora,"A. Azemi,A. Bailey,D. Haxhosaj,D. Lekndreaj,D. Polloshka","A. Mekic,G. Zeqiri,O. Kurtaj,R. Ukaj,T. Jackson",1119,1171,52,2.44,1.88,3.0,46,27,50,31,4,4,1,1,0,0,2,2,0,0,1,1,0,0,0,2,2,0,0,0,0,0,0,1,0,0,1,1,0,0,0,0,0,0,0,0,0,0,0,0,0,0,0,0,0,0,0,0,0,0,0,0,0,0
2766681,2025-10-20,2,Sigal Prishtina,Bora,"A. Azemi,A. Bailey,D. Haxhosaj,D. Lekndreaj,D. Polloshka","A. Mekic,G. Zeqiri,O. Kurtaj,R. Ukaj,S. Jules",1171,1200,29,1.5,2.0,1.0,50,31,53,33,3,2,1,1,1,1,0,0,0,0,1,0,0,1,0,1,1,0,0,0,0,0,0,0,0,0,0,0,0,0,0,0,0,0,0,0,0,0,0,0,0,0,0,0,0,0,0,0,0,0,0,0,0,0
2766681,2025-10-20,3,Sigal Prishtina,Bora,"A. Azemi,A. Bailey,D. Burns,D. Lekndreaj,K. Kramer","A. Mekic,G. Singleton,R. Memed,R. Ukaj,T. Jackson",1200,1503,303,10.27,10.74,9.79,53,33,64,44,11,11,11,4,4,1,2,2,2,3,3,2,0,1,1,11,5,4,1,0,0,3,5,3,1,0,2,2,0,0,0,0,0,0,0,0,0,0,0,0,0,0,0,0,0,0,0,0,0,0,0,0,0,0
2766681,2025-10-20,3,Sigal Prishtina,Bora,"A. Azemi,A. Bailey,D. Burns,D. Lekndreaj,K. Kramer","A. Mekic,G. Singleton,J. Zeqiri,R. Memed,S. Jules",1503,1577,74,2.44,2.88,2.0,64,44,70,44,6,0,2,2,0,0,2,2,0,1,2,1,0,0,0,1,0,1,0,0,0,0,0,0,0,0,1,1,0,0,0,0,0,0,0,0,0,0,0,0,0,0,0,0,0,0,0,0,0,0,0,0,0,0
2766681,2025-10-20,3,Sigal Prishtina,Bora,"A. Azemi,A. Bailey,D. Lekndreaj,D. Polloshka,K. Kramer","A. Mekic,G. Singleton,J. Zeqiri,R. Memed,S. Jules",1577,1684,107,3.0,3.0,3.0,70,44,75,47,5,3,3,2,1,1,0,0,0,2,1,0,0,0,1,3,1,3,1,0,0,0,1,1,0,1,0,0,0,0,0,0,0,0,0,0,0,0,0,0,0,0,0,0,0,0,0,0,0,0,0,0,0,0
2766681,2025-10-20,3,Sigal Prishtina,Bora,"A. Azemi,A. Bailey,B. Istrefi,D. Polloshka,K. Kramer","A. Mekic,J. Zeqiri,O. Kurtaj,R. Memed,S. Jules",1684,1758,74,2.46,1.93,3.0,75,49,77,49,2,0,3,1,0,0,0,0,1,2,1,1,0,0,0,2,0,1,0,0,0,0,1,0,0,1,1,0,0,0,0,0,0,0,0,0,0,0,0,0,0,0,0,0,0,0,0,0,0,0,0,0,0,0
2766681,2025-10-20,3,Sigal Prishtina,Bora,"A. Azemi,B. Istrefi,D. Polloshka,K. Kramer,M. Janjeva","A. Mekic,J. Zeqiri,O. Kurtaj,R. Memed,S. Jules",1758,1767,9,0.49,0.88,0.1,77,49,78,49,1,0,0,0,0,0,2,1,0,0,1,0,0,0,0,0,0,0,0,0,0,0,0,0,0,0,0,1,0,0,0,0,0,0,0,0,0,0,0,0,0,0,0,0,0,0,0,0,0,0,0,0,0,0
2766681,2025-10-20,3,Sigal Prishtina,Bora,"A. Azemi,B. Istrefi,D. Polloshka,M. Janjeva,V. Kakruki","A. Mekic,J. Zeqiri,O. Kurtaj,R. Memed,S. Jules",1767,1800,33,1.0,1.0,1.0,78,49,78,51,0,2,0,0,0,0,0,0,0,0,0,0,0,1,0,1,1,0,0,0,0,0,0,0,1,0,0,0,0,0,0,0,0,0,0,0,0,0,0,0,0,0,0,0,0,0,0,0,0,0,0,0,0,0
2766681,2025-10-20,4,Sigal Prishtina,Bora,"A. Azemi,B. Istrefi,D. Polloshka,M. Janjeva,V. Kakruki","G. Singleton,J. Zeqiri,O. Kurtaj,R. Memed,S. Jules",1800,1914,114,2.31,2.0,2.62,78,51,78,56,0,5,1,0,1,0,0,0,0,0,0,0,0,1,4,3,1,2,0,4,3,2,1,1,0,0,0,0,0,0,0,0,0,0,0,0,0,0,0,0,0,0,0,0,0,0,0,0,0,0,0,0,0,0
2766681,2025-10-20,4,Sigal Prishtina,Bora,"B. Istrefi,D. Burns,D. Polloshka,M. Janjeva,V. Kakruki","A. Mekic,G. Singleton,J. Zeqiri,O. Kurtaj,S. Jules",1914,1971,57,0.96,0.93,1.0,78,56,80,58,2,2,2,1,0,0,0,0,1,0,1,0,0,0,0,1,1,0,0,0,0,0,0,1,0,0,0,0,0,0,0,0,0,0,0,0,0,0,0,0,0,0,0,0,0,0,0,0,0,0,0,0,0,0
2766681,2025-10-20,4,Sigal Prishtina,Bora,"B. Istrefi,D. Burns,D. Polloshka,M. Janjeva,V. Kakruki","A. Mekic,G. Singleton,G. Zeqiri,J. Zeqiri,S. Jules",1971,1993,22,0.55,1.0,0.1,80,58,82,58,2,0,1,1,0,0,0,0,0,0,0,0,0,0,1,0,0,0,0,0,0,0,0,0,0,0,0,0,0,0,0,0,0,0,0,0,0,0,0,0,0,0,0,0,0,0,0,0,0,0,0,0,0,0
2766681,2025-10-20,4,Sigal Prishtina,Bora,"B. Istrefi,D. Burns,D. Polloshka,M. Janjeva,V. Kakruki","A. Mekic,G. Singleton,G. Zeqiri,J. Zeqiri,T. Jackson",1993,2047,54,1.37,0.86,1.88,82,58,84,60,2,2,3,1,1,0,0,0,2,1,0,0,0,0,0,1,0,1,0,2,2,0,0,0,0,0,0,0,0,0,0,0,0,0,0,0,0,0,0,0,0,0,0,0,0,0,0,0,0,0,0,0,0,0
2766681,2025-10-20,4,Sigal Prishtina,Bora,"B. Istrefi,D. Haxhosaj,D. Polloshka,M. Janjeva,V. Kakruki","A. Mekic,G. Singleton,G. Zeqiri,J. Zeqiri,T. Jackson",2047,2126,79,3.0,3.0,3.0,84,60,86,63,2,3,2,1,1,0,0,0,0,2,1,0,0,1,0,3,1,3,1,0,0,0,1,0,1,0,0,1,0,0,0,0,0,0,0,0,0,0,0,0,0,0,0,0,0,0,0,0,0,0,0,0,0,0
2766681,2025-10-20,4,Sigal Prishtina,Bora,"A. Azemi,B. Istrefi,D. Haxhosaj,L. Zeneli,M. Janjeva","A. Mekic,G. Singleton,R. Memed,R. Ukaj,T. Jackson",2126,2223,97,4.86,5.0,4.71,87,63,89,66,2,3,3,1,0,0,0,0,0,2,0,1,0,2,3,3,0,2,0,6,3,3,2,0,1,0,1,1,0,0,0,0,0,0,0,0,0,0,0,0,0,0,0,0,0,0,0,0,0,0,0,0,0,0
2766681,2025-10-20,4,Sigal Prishtina,Bora,"A. Azemi,A. Ibishi,B. Istrefi,D. Haxhosaj,L. Zeneli","A. Mekic,G. Singleton,R. Memed,R. Ukaj,T. Jackson",2223,2360,137,5.03,3.88,6.18,89,66,92,77,3,11,2,1,0,0,2,1,0,0,1,0,0,1,3,7,5,0,0,3,1,4,1,3,1,1,0,1,0,0,0,0,0,0,0,0,0,0,0,0,0,0,0,0,0,0,0,0,0,0,0,0,0,0
2766681,2025-10-20,4,Sigal Prishtina,Bora,"A. Azemi,A. Ibishi,D. Haxhosaj,D. Polloshka,L. Zeneli","A. Mekic,G. Singleton,R. Memed,R. Ukaj,T. Jackson",2360,2394,34,1.31,0.86,1.76,92,77,94,81,2,4,3,1,0,0,0,0,2,0,0,0,0,0,1,0,0,0,0,4,4,0,0,0,0,0,0,0,0,0,0,0,0,0,0,0,0,0,0,0,0,0,0,0,0,0,0,0,0,0,0,0,0,0
2766993,2025-10-19,1,GO+Peja,Golden Eagle Ylli,"A. Herndon,D. Berisha,J. Johnson,M. Mala,T. Green","A. Çallakaj,J. Reece,L. Shoshi,L. Thomas,T. Allen",0,146,146,3.89,3.93,3.86,0,0,7,2,7,2,5,3,3,1,0,0,1,3,2,0,0,0,1,6,1,2,0,0,0,2,1,0,0,0,0,0,0,0,0,0,0,0,0,0,0,0,0,0,0,0,0,0,0,0,0,0,0,0,0,0,0,0
2766993,2025-10-19,1,GO+Peja,Golden Eagle Ylli,"A. Herndon,D. Berisha,J. Johnson,M. Mala,T. Green","A. Çallakaj,G. Morina,J. Reece,L. Thomas,T. Allen",146,177,31,0.72,1.0,0.44,7,2,10,2,3,0,1,1,1,1,0,0,0,1,1,0,0,0,1,0,0,0,0,1,0,0,0,0,0,0,0,0,0,0,0,0,0,0,0,0,0,0,0,0,0,0,0,0,0,0,0,0,0,0,0,0,0,0
2766993,2025-10-19,1,GO+Peja,Golden Eagle Ylli,"A. Herndon,D. Berisha,J. Johnson,M. Armstead,T. Green","A. Çallakaj,G. Morina,J. Reece,L. Thomas,T. Allen",177,247,70,2.5,2.0,3.0,10,2,12,4,2,2,2,1,1,0,0,0,0,1,0,0,0,0,0,2,1,0,0,0,0,0,1,0,0,0,1,1,0,0,0,0,0,0,0,0,0,0,0,0,0,0,0,0,0,0,0,0,0,0,0,0,0,0
2766993,2025-10-19,1,GO+Peja,Golden Eagle Ylli,"C. Edwards,D. Berisha,J. Johnson,M. Armstead,T. Green","A. Çallakaj,G. Morina,J. Reece,L. Thomas,T. Allen",247,314,67,2.44,3.0,1.88,12,4,14,4,2,0,1,1,0,0,0,0,0,2,1,0,0,2,1,1,0,1,0,2,0,0,0,0,2,0,0,0,0,0,0,0,0,0,0,0,0,0,0,0,0,0,0,0,0,0,0,0,0,0,0,0,0,0
2766993,2025-10-19,1,GO+Peja,Golden Eagle Ylli,"A. Hajdari,C. Edwards,J. Johnson,M. Armstead,S. Flatten","A. Çallakaj,B. Huffman,G. Morina,L. Thomas,T. Allen",314,417,103,3.94,4.0,3.88,14,4,16,7,2,3,4,1,3,0,0,0,0,1,1,1,0,0,1,2,1,0,0,2,1,0,3,1,0,0,1,1,0,0,0,0,0,0,0,0,0,0,0,0,0,0,0,0,0,0,0,0,0,0,0,0,0,0
2766993,2025-10-19,1,GO+Peja,Golden Eagle Ylli,"A. Hajdari,C. Edwards,M. Armstead,S. Flatten,T. Green","A. Çallakaj,B. Huffman,G. Morina,L. Basic,T. Allen",417,421,4,0.1,0.1,0.1,16,7,16,7,0,0,0,0,0,0,0,0,0,0,0,0,0,0,1,0,0,0,0,0,0,0,0,0,0,0,0,0,0,0,0,0,0,0,0,0,0,0,0,0,0,0,0,0,0,0,0,0,0,0,0,0,0,0
2766993,2025-10-19,1,GO+Peja,Golden Eagle Ylli,"A. Hajdari,C. Edwards,M. Armstead,S. Flatten,T. Green","A. Çallakaj,G. Morina,J. Reece,L. Basic,T. Allen",421,466,45,1.94,2.0,1.88,16,7,16,9,0,2,2,0,2,0,0,0,0,0,0,1,0,0,1,0,0,0,0,2,2,0,2,1,0,0,1,0,0,0,0,0,0,0,0,0,0,0,0,0,0,0,0,0,0,0,0,0,0,0,0,0,0,0
2766993,2025-10-19,1,GO+Peja,Golden Eagle Ylli,"A. Hajdari,A. Herndon,C. Edwards,M. Armstead,S. Flatten","A. Çallakaj,G. Morina,J. Reece,L. Basic,T. Allen",466,501,35,1.4,1.0,1.81,16,9,19,11,3,2,1,1,1,1,0,0,0,1,0,0,1,0,0,2,0,0,0,2,2,1,0,0,0,0,0,1,0,0,0,0,0,0,0,0,0,0,0,0,0,0,0,0,0,0,0,0,0,0,0,0,0,0
2766993,2025-10-19,1,GO+Peja,Golden Eagle Ylli,"A. Hajdari,A. Herndon,C. Edwards,M. Armstead,S. Flatten","A. Çallakaj,B. Huffman,G. Morina,L. Basic,T. Allen",501,600,99,3.0,3.0,3.0,19,11,19,13,0,2,3,0,2,0,0,0,0,2,0,0,0,0,0,3,1,2,0,0,0,0,3,0,0,0,0,1,0,0,0,0,0,0,0,0,0,0,0,0,0,0,0,0,0,0,0,0,0,0,0,0,0,0
2766993,2025-10-19,2,GO+Peja,Golden Eagle Ylli,"A. Herndon,C. Edwards,D. Berisha,M. Mala,S. Flatten","A. Çallakaj,B. Huffman,G. Morina,L. Basic,T. Allen",600,710,110,4.04,4.08,4.0,21,13,23,18,2,5,4,1,1,0,2,0,1,2,0,0,0,0,2,4,2,3,1,0,0,0,3,1,0,1,0,1,0,0,0,0,0,0,0,0,0,0,0,0,0,0,0,0,0,0,0,0,0,0,0,0,0,0
2766993,2025-10-19,2,GO+Peja,Golden Eagle Ylli,"A. Herndon,D. Berisha,J. Johnson,M. Mala,S. Flatten","A. Çallakaj,B. Huffman,G. Morina,L. Basic,T. Allen",710,734,24,0.88,0.88,0.88,23,18,23,20,0,2,0,0,0,0,2,0,0,0,0,0,0,0,1,0,0,0,0,2,2,0,1,1,0,0,0,1,0,0,0,0,0,0,0,0,0,0,0,0,0,0,0,0,0,0,0,0,0,0,0,0,0,0
2766993,2025-10-19,2,GO+Peja,Golden Eagle Ylli,"A. Herndon,D. Berisha,J. Johnson,M. Mala,T. Green","A. Shala,A. Çallakaj,B. Huffman,L. Basic,T. Allen",734,799,65,2.94,3.0,2.88,23,20,27,21,4,1,3,2,1,0,0,0,0,3,1,0,1,0,0,2,0,1,0,2,1,0,1,1,0,0,0,0,0,0,0,0,0,0,0,0,0,0,0,0,0,0,0,0,0,0,0,0,0,0,0,0,0,0
2766993,2025-10-19,2,GO+Peja,Golden Eagle Ylli,"A. Herndon,D. Berisha,J. Johnson,M. Mala,T. Green","A. Çallakaj,B. Huffman,G. Morina,L. Basic,L. Thomas",799,820,21,1.5,2.0,1.0,27,21,27,21,0,0,0,0,0,0,0,0,0,1,0,0,0,2,1,1,0,1,0,0,0,0,0,0,0,0,0,0,0,0,0,0,0,0,0,0,0,0,0,0,0,0,0,0,0,0,0,0,0,0,0,0,0,0
2766993,2025-10-19,2,GO+Peja,Golden Eagle Ylli,"A. Herndon,C. Edwards,D. Berisha,J. Johnson,M. Mala","A. Çallakaj,B. Huffman,G. Morina,L. Basic,L. Thomas",820,878,58,1.96,1.0,2.93,27,21,27,24,0,3,1,0,1,0,0,0,0,0,0,0,0,0,0,2,1,1,1,0,0,1,1,1,0,0,2,1,0,0,0,0,0,0,0,0,0,0,0,0,0,0,0,0,0,0,0,0,0,0,0,0,0,0
2766993,2025-10-19,2,GO+Peja,Golden Eagle Ylli,"A. Herndon,C. Edwards,D. Berisha,J. Johnson,M. Armstead","A. Çallakaj,G. Morina,J. Reece,L. Basic,L. Thomas",878,1066,188,5.46,6.0,4.93,27,24,31,31,4,7,5,2,1,0,0,0,0,1,0,1,1,1,2,5,3,1,1,0,0,1,3,2,1,0,1,0,0,0,0,0,0,0,0,0,0,0,0,0,0,0,0,0,0,0,0,0,0,0,0,0,0,0
2766993,2025-10-19,2,GO+Peja,Golden Eagle Ylli,"A. Hajdari,A. Herndon,J. Johnson,M. Armstead,S. Flatten","A. Çallakaj,G. Morina,J. Reece,L. Thomas,T. Allen",1066,1110,44,1.87,1.86,1.88,31,31,31,33,0,2,3,0,2,0,0,0,2,1,0,0,0,1,0,1,0,0,0,2,2,0,1,1,0,1,0,0,0,0,0,0,0,0,0,0,0,0,0,0,0,0,0,0,0,0,0,0,0,0,0,0,0,0
2766993,2025-10-19,2,GO+Peja,Golden Eagle Ylli,"A. Hajdari,A. Herndon,J. Johnson,M. Mala,S. Flatten","A. Çallakaj,G. Morina,J. Reece,L. Thomas,T. Allen",1110,1174,64,2.22,2.44,2.0,31,33,35,37,4,4,2,2,0,0,1,0,0,0,1,0,0,0,0,2,2,0,0,0,0,0,1,1,0,0,0,1,0,0,0,0,0,0,0,0,0,0,0,0,0,0,0,0,0,0,0,0,0,0,0,0,0,0
2766993,2025-10-19,2,GO+Peja,Golden Eagle Ylli,"A. Hajdari,A. Herndon,J. Johnson,M. Mala,S. Flatten","A. Çallakaj,G. Morina,L. Basic,L. Thomas,T. Allen",1174,1200,26,0.55,0.1,1.0,35,37,35,40,0,3,0,0,0,0,0,0,0,0,0,0,0,0,0,1,1,1,1,0,0,0,0,1,0,0,0,0,0,0,0,0,0,0,0,0,0,0,0,0,0,0,0,0,0,0,0,0,0,0,0,0,0,0
2766993,2025-10-19,3,GO+Peja,Golden Eagle Ylli,"A. Herndon,D. Berisha,J. Johnson,M. Mala,T. Green","A. Çallakaj,B. Huffman,G. Morina,L. Thomas,T. Allen",1200,1383,183,5.04,4.93,5.15,35,40,41,42,6,2,6,2,5,2,0,0,1,2,1,0,0,0,1,7,1,3,0,0,0,3,3,0,0,1,2,1,0,0,0,0,0,0,0,0,0,0,0,0,0,0,0,0,0,0,0,0,0,0,0,0,0,0
2766993,2025-10-19,3,GO+Peja,Golden Eagle Ylli,"C. Edwards,D. Berisha,J. Johnson,M. Mala,T. Green","A. Çallakaj,B. Huffman,G. Morina,L. Thomas,T. Allen",1383,1463,80,1.9,1.81,2.0,41,42,43,47,2,5,2,0,1,0,2,2,1,0,0,0,0,0,0,2,2,1,1,0,0,0,1,1,0,0,0,1,0,0,0,0,0,0,0,0,0,0,0,0,0,0,0,0,0,0,0,0,0,0,0,0,0,0
2766993,2025-10-19,3,GO+Peja,Golden Eagle Ylli,"C. Edwards,D. Berisha,J. Johnson,M. Mala,T. Green","A. Çallakaj,G. Morina,J. Reece,L. Thomas,T. Allen",1463,1539,76,2.44,2.88,2.0,43,47,46,51,3,4,1,1,0,0,2,1,0,0,0,0,0,1,1,2,2,0,0,0,0,0,0,1,0,0,0,0,0,0,0,0,0,0,0,0,0,0,0,0,0,0,0,0,0,0,0,0,0,0,0,0,0,0
2766993,2025-10-19,3,GO+Peja,Golden Eagle Ylli,"A. Herndon,J. Johnson,M. Armstead,M. Mala,S. Flatten","A. Gashi,A. Çallakaj,J. Reece,L. Thomas,T. Allen",1539,1673,134,4.43,3.93,4.93,46,51,52,56,6,5,5,2,2,2,0,0,1,3,2,0,0,0,0,6,2,4,1,0,0,1,2,0,0,0,0,1,0,0,0,0,0,0,0,0,0,0,0,0,0,0,0,0,0,0,0,0,0,0,0,0,0,0
2766993,2025-10-19,3,GO+Peja,Golden Eagle Ylli,"A. Hajdari,A. Herndon,J. Johnson,M. Armstead,S. Flatten","A. Shala,A. Çallakaj,J. Reece,L. Basic,T. Allen",1673,1737,64,2.4,2.81,2.0,52,56,55,56,3,0,2,1,1,0,2,1,1,0,1,2,0,1,0,0,0,0,0,0,0,0,0,0,1,0,2,1,0,0,0,0,0,0,0,0,0,0,0,0,0,0,0,0,0,0,0,0,0,0,0,0,0,0
2766993,2025-10-19,3,GO+Peja,Golden Eagle Ylli,"A. Hajdari,A. Herndon,J. Johnson,M. Armstead,S. Flatten","A. Çallakaj,B. Huffman,G. Morina,L. Basic,T. Allen",1737,1800,63,1.44,1.0,1.88,55,56,58,59,3,3,1,1,1,1,0,0,0,1,0,0,0,0,1,1,1,0,0,2,1,0,0,2,0,0,0,0,0,0,0,0,0,0,0,0,0,0,0,0,0,0,0,0,0,0,0,0,0,0,0,0,0,0
2766993,2025-10-19,4,GO+Peja,Golden Eagle Ylli,"A. Hajdari,A. Herndon,M. Armstead,S. Flatten,T. Green","A. Çallakaj,B. Huffman,G. Morina,L. Basic,T. Allen",1800,1894,94,2.43,2.0,2.86,58,59,61,63,3,4,1,1,1,1,0,0,0,1,0,0,0,1,0,5,2,2,0,0,0,2,0,1,1,0,0,0,0,0,0,0,0,0,0,0,0,0,0,0,0,0,0,0,0,0,0,0,0,0,0,0,0,0
2766993,2025-10-19,4,GO+Peja,Golden Eagle Ylli,"A. Hajdari,C. Edwards,M. Armstead,S. Flatten,T. Green","A. Çallakaj,B. Huffman,G. Morina,L. Basic,T. Allen",1894,1982,88,1.84,1.88,1.81,61,63,62,65,1,2,1,0,0,0,2,1,0,1,1,0,0,0,2,2,0,2,0,2,2,1,1,0,0,0,0,1,0,0,0,0,0,0,0,0,0,0,0,0,0,0,0,0,0,0,0,0,0,0,0,0,0,0
2766993,2025-10-19,4,GO+Peja,Golden Eagle Ylli,"A. Herndon,M. Armstead,M. Mala,S. Flatten,T. Green","A. Çallakaj,G. Morina,J. Reece,L. Basic,T. Allen",1982,2046,64,2.0,2.0,2.0,62,65,64,65,2,0,1,1,0,0,0,0,0,2,0,0,0,1,0,2,0,0,0,0,0,0,0,0,0,0,0,1,0,0,0,0,0,0,0,0,0,0,0,0,0,0,0,0,0,0,0,0,0,0,0,0,0,0
2766993,2025-10-19,4,GO+Peja,Golden Eagle Ylli,"A. Herndon,J. Johnson,M. Armstead,M. Mala,T. Green","A. Çallakaj,B. Huffman,G. Morina,L. Thomas,T. Allen",2046,2111,65,2.46,2.93,2.0,64,65,68,65,4,0,4,2,1,0,0,0,1,0,1,2,0,0,1,0,0,0,0,0,0,0,1,0,0,0,2,0,0,0,0,0,0,0,0,0,0,0,0,0,0,0,0,0,0,0,0,0,0,0,0,0,0,0
2766993,2025-10-19,4,GO+Peja,Golden Eagle Ylli,"A. Herndon,J. Johnson,M. Armstead,M. Mala,T. Green","A. Çallakaj,G. Morina,J. Reece,L. Thomas,T. Allen",2111,2153,42,0.96,1.0,0.93,68,65,68,65,0,0,1,0,0,0,0,0,0,1,0,0,0,0,1,2,0,0,0,0,0,1,1,0,0,0,0,0,0,0,0,0,0,0,0,0,0,0,0,0,0,0,0,0,0,0,0,0,0,0,0,0,0,0
2766993,2025-10-19,4,GO+Peja,Golden Eagle Ylli,"C. Edwards,J. Johnson,M. Armstead,M. Mala,T. Green","A. Çallakaj,G. Morina,J. Reece,L. Thomas,T. Allen",2153,2211,58,2.0,2.0,2.0,68,65,70,68,2,3,1,1,0,0,0,0,0,0,1,1,0,1,0,1,1,1,1,0,0,0,0,0,0,0,1,0,0,0,0,0,0,0,0,0,0,0,0,0,0,0,0,0,0,0,0,0,0,0,0,0,0,0
2766993,2025-10-19,4,GO+Peja,Golden Eagle Ylli,"C. Edwards,J. Johnson,M. Armstead,M. Mala,T. Green","A. Çallakaj,G. Morina,J. Reece,L. Basic,T. Allen",2211,2249,38,0.55,0.1,1.0,70,68,70,68,0,0,0,0,0,0,0,0,0,1,0,0,0,0,0,1,0,0,0,0,0,0,0,0,0,0,0,1,0,0,0,0,0,0,0,0,0,0,0,0,0,0,0,0,0,0,0,0,0,0,0,0,0,0
2766993,2025-10-19,4,GO+Peja,Golden Eagle Ylli,"A. Herndon,D. Berisha,J. Johnson,M. Armstead,T. Green","A. Çallakaj,G. Morina,J. Reece,L. Basic,L. Thomas",2249,2277,28,0.55,0.1,1.0,72,68,72,68,0,0,0,0,0,0,0,0,0,0,0,0,0,0,0,0,0,0,0,0,0,0,0,0,0,0,1,1,0,0,0,0,0,0,0,0,0,0,0,0,0,0,0,0,0,0,0,0,0,0,0,0,0,0
2766993,2025-10-19,4,GO+Peja,Golden Eagle Ylli,"A. Herndon,D. Berisha,J. Johnson,M. Armstead,T. Green","A. Çallakaj,B. Huffman,G. Morina,L. Thomas,T. Allen",2277,2361,84,2.9,2.93,2.88,72,68,75,71,3,3,4,1,3,1,0,0,1,1,1,1,0,0,1,1,1,0,0,2,1,0,2,1,0,0,1,1,0,0,0,0,0,0,0,0,0,0,0,0,0,0,0,0,0,0,0,0,0,0,0,0,0,0
2766993,2025-10-19,4,GO+Peja,Golden Eagle Ylli,"A. Herndon,D. Berisha,J. Johnson,M. Armstead,T. Green","A. Çallakaj,G. Morina,L. Basic,L. Thomas,T. Allen",2361,2370,9,0.94,0.88,1.0,75,71,76,71,1,0,0,0,0,0,2,1,0,1,0,0,1,0,0,1,0,0,0,0,0,0,0,0,0,0,0,0,0,0,0,0,0,0,0,0,0,0,0,0,0,0,0,0,0,0,0,0,0,0,0,0,0,0
2766680,2025-10-19,1,Vëllaznimi,Trepça,"J. Ismajli,M. Warrick,R. Dahsyla,Y. Anei,Z. Ried","A. Arslanagic,D. Kapiti,J. Payne,M. Amzil,M. Tmusic",0,133,133,4.62,4.88,4.37,0,0,9,6,9,6,3,3,1,1,2,2,0,0,2,2,0,1,3,3,2,1,1,1,1,1,0,2,0,0,2,1,0,0,0,0,0,0,0,0,0,0,0,0,0,0,0,0,0,0,0,0,0,0,0,0,0,0
2766680,2025-10-19,1,Vëllaznimi,Trepça,"J. Ismajli,M. Warrick,R. Dahsyla,Y. Anei,Z. Ried","B. Tuna,D. Kapiti,J. Payne,M. Amzil,M. Tmusic",133,348,215,6.4,5.88,6.93,9,6,15,18,6,12,4,2,0,0,2,2,0,1,0,0,0,1,0,7,5,2,2,0,0,1,2,5,0,0,1,2,0,0,0,0,0,0,0,0,0,0,0,0,0,0,0,0,0,0,0,0,0,0,0,0,0,0
2766680,2025-10-19,1,Vëllaznimi,Trepça,"J. Ismajli,M. Warrick,R. Dahsyla,Y. Anei,Z. Ried","B. Tuna,J. Payne,M. Amzil,M. Tmusic,S. Jones",348,412,64,2.0,2.0,2.0,15,18,15,22,0,4,1,0,1,0,0,0,0,0,0,0,0,1,0,2,2,0,0,0,0,0,1,1,1,0,0,1,0,0,0,0,0,0,0,0,0,0,0,0,0,0,0,0,0,0,0,0,0,0,0,0,0,0
2766680,2025-10-19,1,Vëllaznimi,Trepça,"A. Koshi,M. Warrick,R. Dahsyla,Y. Anei,Z. Ried","A. Arslanagic,B. Tuna,D. Hajrizi,M. Tmusic,S. Jones",412,433,21,0.49,0.88,0.1,15,22,16,22,1,0,0,0,0,0,2,1,0,0,1,0,0,0,2,0,0,0,0,0,0,0,0,0,0,0,0,0,0,0,0,0,0,0,0,0,0,0,0,0,0,0,0,0,0,0,0,0,0,0,0,0,0,0
2766680,2025-10-19,1,Vëllaznimi,Trepça,"A. Koshi,L. Colimerio,M. Warrick,R. Dahsyla,Z. Ried","A. Arslanagic,B. Tuna,D. Hajrizi,M. Tmusic,S. Jones",433,510,77,2.88,2.0,3.76,16,22,16,30,0,8,1,0,1,0,0,0,0,0,0,0,0,1,1,2,2,0,0,4,4,0,1,0,0,0,0,1,0,0,0,0,0,0,0,0,0,0,0,0,0,0,0,0,0,0,0,0,0,0,0,0,0,0
2766680,2025-10-19,1,Vëllaznimi,Trepça,"A. Koshi,J. Ismajli,L. Colimerio,R. Dahsyla,Z. Ried","A. Arslanagic,B. Tuna,D. Hajrizi,M. Tmusic,S. Jones",510,627,117,4.38,5.32,3.44,16,30,20,35,4,5,3,1,1,0,3,2,0,0,1,1,0,1,2,2,2,0,0,1,1,0,3,1,0,0,1,1,0,0,0,0,0,0,0,0,0,0,0,0,0,0,0,0,0,0,0,0,0,0,0,0,0,0
2766680,2025-10-19,2,Vëllaznimi,Trepça,"A. Koshi,J. Ismajli,L. Colimerio,R. Dahsyla,Z. Ried","A. Arslanagic,B. Tuna,D. Hajrizi,J. Payne,S. Jones",627,702,75,2.46,2.0,2.93,20,35,24,38,4,3,2,2,0,0,0,0,0,1,0,0,0,0,0,3,1,1,1,0,0,1,0,0,0,0,1,0,0,0,0,0,0,0,0,0,0,0,0,0,0,0,0,0,0,0,0,0,0,0,0,0,0,0
2766680,2025-10-19,2,Vëllaznimi,Trepça,"A. Koshi,J. Ismajli,L. Colimerio,R. Dahsyla,Z. Ried","A. Arslanagic,B. Tuna,J. Payne,M. Amzil,S. Jones",702,815,113,2.96,3.0,2.93,24,38,24,44,0,6,2,0,1,0,0,0,0,0,0,0,0,1,0,4,3,1,0,0,0,1,2,2,1,0,0,1,0,0,0,0,0,0,0,0,0,0,0,0,0,0,0,0,0,0,0,0,0,0,0,0,0,0
2766680,2025-10-19,2,Vëllaznimi,Trepça,"A. Koshi,J. Ismajli,L. Colimerio,R. Dahsyla,Y. Anei","A. Arslanagic,D. Kapiti,J. Payne,M. Amzil,M. Tmusic",815,818,3,0.1,0.1,0.1,24,44,24,44,0,0,0,0,0,0,0,0,0,0,0,0,0,0,0,0,0,0,0,0,0,0,0,0,0,0,0,0,0,0,0,0,0,0,0,0,0,0,0,0,0,0,0,0,0,0,0,0,0,0,0,0,0,0
2766680,2025-10-19,2,Vëllaznimi,Trepça,"A. Koshi,J. Ismajli,L. Colimerio,M. Warrick,Y. Anei","A. Arslanagic,D. Kapiti,J. Payne,M. Amzil,M. Tmusic",818,889,71,2.5,3.0,2.0,24,44,24,47,0,3,1,0,0,0,0,0,0,1,0,0,0,2,0,2,1,2,1,0,0,0,1,0,0,0,0,1,0,0,0,0,0,0,0,0,0,0,0,0,0,0,0,0,0,0,0,0,0,0,0,0,0,0
2766680,2025-10-19,2,Vëllaznimi,Trepça,"A. Bedra,J. Ismajli,L. Colimerio,M. Warrick,Y. Anei","A. Arslanagic,D. Kapiti,J. Payne,M. Amzil,M. Tmusic",889,1008,119,3.18,2.93,3.44,24,47,32,54,8,7,4,3,2,2,0,0,1,1,3,0,0,0,1,3,3,1,1,1,0,0,0,3,0,0,0,2,0,0,0,0,0,0,0,0,0,0,0,0,0,0,0,0,0,0,0,0,0,0,0,0,0,0
2766680,2025-10-19,2,Vëllaznimi,Trepça,"A. Bedra,J. Ismajli,L. Colimerio,M. Warrick,Y. Anei","B. Tuna,D. Kapiti,J. Payne,M. Amzil,M. Tmusic",1008,1126,118,4.12,4.32,3.93,32,54,40,61,8,7,2,2,1,1,3,3,0,1,0,0,0,1,1,5,3,1,1,0,0,1,0,1,0,0,0,1,0,0,0,0,0,0,0,0,0,0,0,0,0,0,0,0,0,0,0,0,0,0,0,0,0,0
2766680,2025-10-19,2,Vëllaznimi,Trepça,"A. Bedra,L. Colimerio,M. Warrick,R. Dahsyla,Z. Ried","B. Tuna,D. Kapiti,J. Payne,M. Amzil,M. Tmusic",1126,1200,74,2.14,1.88,2.4,40,61,42,61,2,0,1,1,0,0,2,0,0,1,0,1,0,0,1,3,0,1,0,0,0,1,1,0,0,0,1,1,0,0,0,0,0,0,0,0,0,0,0,0,0,0,0,0,0,0,0,0,0,0,0,0,0,0
2766680,2025-10-19,3,Vëllaznimi,Trepça,"J. Ismajli,M. Warrick,R. Dahsyla,Y. Anei,Z. Ried","A. Arslanagic,B. Tuna,D. Hajrizi,J. Payne,S. Jones",1200,1319,119,3.12,3.44,2.79,42,61,48,67,6,6,2,2,1,1,1,1,0,1,1,0,1,1,2,6,2,2,2,0,0,3,0,2,0,0,0,1,0,0,0,0,0,0,0,0,0,0,0,0,0,0,0,0,0,0,0,0,0,0,0,0,0,0
2766680,2025-10-19,3,Vëllaznimi,Trepça,"J. Ismajli,L. Colimerio,M. Warrick,R. Dahsyla,Z. Ried","A. Arslanagic,B. Tuna,D. Hajrizi,J. Payne,S. Jones",1319,1359,40,1.4,0.93,1.88,48,67,48,71,0,4,1,0,0,0,0,0,1,0,0,0,0,1,0,1,1,0,0,2,2,0,0,1,0,0,0,1,0,0,0,0,0,0,0,0,0,0,0,0,0,0,0,0,0,0,0,0,0,0,0,0,0,0
2766680,2025-10-19,3,Vëllaznimi,Trepça,"A. Koshi,L. Colimerio,M. Warrick,R. Dahsyla,Z. Ried","A. Arslanagic,B. Tuna,D. Hajrizi,J. Payne,S. Jones",1359,1478,119,4.2,4.0,4.39,48,71,50,75,2,4,2,1,0,0,0,0,0,1,0,0,0,2,1,5,2,2,0,0,0,1,1,0,2,0,1,1,0,0,0,0,0,0,0,0,0,0,0,0,0,0,0,0,0,0,0,0,0,0,0,0,0,0
2766680,2025-10-19,3,Vëllaznimi,Trepça,"A. Koshi,L. Colimerio,M. Warrick,R. Dahsyla,Z. Ried","A. Arslanagic,D. Hajrizi,J. Payne,M. Tmusic,S. Jones",1478,1530,52,1.0,1.0,1.0,50,75,52,75,2,0,1,1,0,0,0,0,0,0,0,0,0,0,0,0,0,0,0,0,0,0,0,0,0,0,1,1,0,0,0,0,0,0,0,0,0,0,0,0,0,0,0,0,0,0,0,0,0,0,0,0,0,0
2766680,2025-10-19,3,Vëllaznimi,Trepça,"A. Koshi,L. Colimerio,M. Warrick,R. Dahsyla,Z. Ried","A. Arslanagic,D. Hajrizi,D. Kapiti,J. Payne,M. Tmusic",1530,1571,41,1.44,1.88,1.0,52,75,54,75,2,0,1,0,1,0,2,2,0,0,0,0,0,0,1,0,0,0,0,0,0,0,1,0,0,0,1,0,0,0,0,0,0,0,0,0,0,0,0,0,0,0,0,0,0,0,0,0,0,0,0,0,0,0
2766680,2025-10-19,3,Vëllaznimi,Trepça,"A. Koshi,L. Colimerio,M. Warrick,R. Dahsyla,Z. Ried","B. Tuna,D. Kapiti,J. Payne,M. Amzil,M. Tmusic",1571,1680,109,2.87,2.93,2.81,54,75,54,79,0,4,4,0,0,0,0,0,1,0,0,1,0,0,2,2,1,1,0,2,2,1,3,0,0,0,1,0,0,0,0,0,0,0,0,0,0,0,0,0,0,0,0,0,0,0,0,0,0,0,0,0,0,0
2766680,2025-10-19,3,Vëllaznimi,Trepça,"A. Koshi,J. Ismajli,L. Colimerio,M. Warrick,Z. Ried","A. Arslanagic,B. Tuna,D. Kapiti,M. Amzil,M. Tmusic",1680,1911,231,7.78,8.88,6.69,54,81,63,87,9,6,5,3,1,1,2,2,0,2,0,1,1,3,3,4,1,2,1,4,3,1,2,2,0,0,2,1,0,0,0,0,0,0,0,0,0,0,0,0,0,0,0,0,0,0,0,0,0,0,0,0,0,0
2766680,2025-10-19,4,Vëllaznimi,Trepça,"A. Koshi,J. Ismajli,L. Colimerio,M. Warrick,R. Dahsyla","A. Arslanagic,B. Tuna,D. Kapiti,M. Amzil,M. Tmusic",1911,2025,114,3.0,3.0,3.0,63,87,69,92,6,5,2,2,2,2,0,0,0,1,1,0,0,1,0,3,2,2,1,0,0,0,0,1,0,0,0,0,0,0,0,0,0,0,0,0,0,0,0,0,0,0,0,0,0,0,0,0,0,0,0,0,0,0
2766680,2025-10-19,4,Vëllaznimi,Trepça,"A. Bedra,J. Ismajli,L. Colimerio,M. Warrick,R. Dahsyla","A. Arslanagic,B. Tuna,D. Kapiti,M. Amzil,M. Tmusic",2025,2079,54,0.96,1.0,0.93,69,92,72,94,3,2,1,1,1,1,0,0,0,0,1,0,0,0,0,2,1,1,0,0,0,1,0,0,0,0,0,2,0,0,0,0,0,0,0,0,0,0,0,0,0,0,0,0,0,0,0,0,0,0,0,0,0,0
2766680,2025-10-19,4,Vëllaznimi,Trepça,"A. Bedra,J. Ismajli,M. Warrick,R. Dahsyla,Z. Ried","A. Arslanagic,B. Tuna,D. Kapiti,M. Amzil,M. Tmusic",2079,2081,2,0.49,0.88,0.1,72,94,72,94,0,0,0,0,0,0,2,0,0,0,0,0,0,0,0,0,0,0,0,0,0,0,1,0,0,0,0,0,0,0,0,0,0,0,0,0,0,0,0,0,0,0,0,0,0,0,0,0,0,0,0,0,0,0
2766680,2025-10-19,4,Vëllaznimi,Trepça,"A. Bedra,J. Ismajli,M. Warrick,R. Dahsyla,Z. Ried","A. Arslanagic,D. Kapiti,J. Payne,M. Amzil,M. Tmusic",2081,2088,7,0.1,0.1,0.1,72,94,72,94,0,0,0,0,0,0,0,0,0,0,0,0,0,0,1,0,0,0,0,0,0,0,0,0,0,0,0,0,0,0,0,0,0,0,0,0,0,0,0,0,0,0,0,0,0,0,0,0,0,0,0,0,0,0
2766680,2025-10-19,4,Vëllaznimi,Trepça,"A. Bedra,J. Ismajli,M. Warrick,R. Dahsyla,Z. Ried","A. Gashi,J. Payne,M. Amzil,M. Tmusic,S. Jones",2088,2169,81,2.94,3.0,2.88,72,94,76,97,4,3,3,2,1,0,0,0,0,1,0,0,0,0,1,2,1,0,0,2,1,0,1,0,0,0,0,1,0,0,0,0,0,0,0,0,0,0,0,0,0,0,0,0,0,0,0,0,0,0,0,0,0,0
2766680,2025-10-19,4,Vëllaznimi,Trepça,"A. Bedra,A. Koshi,M. Warrick,R. Dahsyla,Z. Ried","A. Gashi,J. Payne,M. Amzil,M. Tmusic,S. Jones",2169,2251,82,2.78,2.64,2.93,76,97,76,99,0,2,3,0,3,0,1,0,1,0,0,0,0,0,0,2,1,1,0,0,0,1,3,0,0,0,2,1,0,0,0,0,0,0,0,0,0,0,0,0,0,0,0,0,0,0,0,0,0,0,0,0,0,0
2766680,2025-10-19,4,Vëllaznimi,Trepça,"A. Bedra,A. Koshi,M. Warrick,R. Dahsyla,Z. Ried","A. Gashi,B. Zekiqi,J. Payne,M. Amzil,S. Jones",2251,2343,92,2.87,2.81,2.93,76,99,83,103,7,4,3,2,1,1,2,2,1,0,1,1,0,0,0,3,2,1,0,0,0,1,0,1,0,0,1,1,0,0,0,0,0,0,0,0,0,0,0,0,0,0,0,0,0,0,0,0,0,0,0,0,0,0
2766680,2025-10-19,4,Vëllaznimi,Trepça,"A. Bedra,E. Cingu,M. Warrick,R. Dahsyla,Z. Ried","A. Gashi,B. Zekiqi,J. Payne,M. Amzil,S. Jones",2343,2375,32,1.44,1.88,1.0,83,103,83,103,0,0,1,0,1,0,2,0,0,1,0,0,0,0,1,1,0,0,0,0,0,0,2,0,0,0,0,0,0,0,0,0,0,0,0,0,0,0,0,0,0,0,0,0,0,0,0,0,0,0,0,0,0,0
2766680,2025-10-19,4,Vëllaznimi,Trepça,"A. Bedra,E. Cingu,M. Warrick,U. Ahmeti,Z. Ried","A. Gashi,B. Zekiqi,D. Kapiti,J. Payne,M. Amzil",2375,2399,24,0.91,0.93,0.88,83,103,85,105,2,2,2,1,0,0,0,0,1,0,0,0,0,0,0,0,0,0,0,2,2,0,0,1,0,1,0,0,0,0,0,0,0,0,0,0,0,0,0,0,0,0,0,0,0,0,0,0,0,0,0,0,0,0
2769300,2025-10-26,1,Trepça,Bashkimi,"C. Brown,C. Rusell,D. Hajrizi,J. Payne,M. Tmusic","D. Lake,I. Cousins,J. Palokaj,K. Anderson,L. Zeqiri",0,151,151,4.15,3.93,4.37,0,0,9,3,9,3,5,4,2,1,0,0,1,3,2,0,0,0,1,5,1,1,0,1,1,1,0,0,0,0,0,1,0,0,0,0,0,0,0,0,0,0,0,0,0,0,0,0,0,0,0,0,0,0,0,0,0,0
2769300,2025-10-26,1,Trepça,Bashkimi,"C. Brown,C. Rusell,D. Hajrizi,J. Payne,M. Tmusic","D. Lake,J. Baily,J. Palokaj,K. Anderson,L. Zeqiri",151,301,150,3.4,3.81,3.0,9,3,9,8,0,5,4,0,3,0,2,0,1,0,0,1,0,0,0,2,2,1,1,0,0,0,3,2,0,0,1,2,0,0,0,0,0,0,0,0,0,0,0,0,0,0,0,0,0,0,0,0,0,0,0,0,0,0
2769300,2025-10-26,1,Trepça,Bashkimi,"C. Brown,C. Rusell,D. Hajrizi,J. Payne,M. Tmusic","D. Lake,J. Baily,K. Anderson,L. Zeqiri,V. Bunjaku",301,360,59,2.62,3.25,2.0,9,8,11,11,2,3,3,0,1,0,3,2,1,1,1,0,0,0,1,2,1,1,1,0,0,0,2,1,0,0,0,0,0,0,0,0,0,0,0,0,0,0,0,0,0,0,0,0,0,0,0,0,0,0,0,0,0,0
2769300,2025-10-26,1,Trepça,Bashkimi,"C. Brown,D. Hajrizi,J. Payne,M. Amzil,M. Tmusic","D. Lake,J. Baily,K. Anderson,L. Zeqiri,V. Bunjaku",360,396,36,0.9,0.81,1.0,11,11,13,13,2,2,1,0,1,0,2,2,1,0,0,0,0,0,0,1,1,0,0,0,0,0,0,1,0,0,0,1,0,0,0,0,0,0,0,0,0,0,0,0,0,0,0,0,0,0,0,0,0,0,0,0,0,0
2769300,2025-10-26,1,Trepça,Bashkimi,"D. Hajrizi,D. Kapiti,J. Payne,M. Amzil,M. Tmusic","J. Baily,K. Anderson,L. Zeqiri,T. Bickerstaff,V. Bunjaku",396,415,19,0.1,0.1,0.1,13,13,13,13,0,0,0,0,0,0,0,0,0,0,0,0,0,0,1,0,0,0,0,0,0,0,0,0,0,0,0,0,0,0,0,0,0,0,0,0,0,0,0,0,0,0,0,0,0,0,0,0,0,0,0,0,0,0
2769300,2025-10-26,1,Trepça,Bashkimi,"A. Arslanagic,D. Hajrizi,D. Kapiti,J. Payne,M. Amzil","J. Baily,K. Anderson,L. Zeqiri,T. Bickerstaff,V. Bunjaku",415,475,60,2.5,1.76,3.25,13,13,14,17,1,4,0,0,0,0,4,1,0,0,0,0,0,0,1,2,1,1,0,3,2,2,1,1,0,0,1,2,0,0,0,0,0,0,0,0,0,0,0,0,0,0,0,0,0,0,0,0,0,0,0,0,0,0
2769300,2025-10-26,1,Trepça,Bashkimi,"A. Arslanagic,D. Hajrizi,D. Kapiti,J. Payne,M. Amzil","I. Cousins,J. Baily,L. Zeqiri,T. Bickerstaff,V. Bunjaku",475,600,125,3.46,2.93,4.0,14,17,18,19,4,2,4,2,0,0,0,0,1,1,1,1,0,0,0,2,1,0,0,0,0,0,1,1,0,0,2,0,0,0,0,0,0,0,0,0,0,0,0,0,0,0,0,0,0,0,0,0,0,0,0,0,0,0
2769300,2025-10-26,2,Trepça,Bashkimi,"A. Arslanagic,C. Rusell,D. Kapiti,M. Amzil,M. Tmusic","I. Cousins,J. Baily,L. Zeqiri,T. Bickerstaff,V. Bunjaku",600,695,95,3.0,3.0,3.0,18,19,18,27,0,8,2,0,1,0,0,0,0,0,0,0,0,1,0,3,3,2,2,0,0,0,2,3,1,0,0,0,0,0,0,0,0,0,0,0,0,0,0,0,0,0,0,0,0,0,0,0,0,0,0,0,0,0
2769300,2025-10-26,2,Trepça,Bashkimi,"A. Arslanagic,C. Brown,C. Rusell,D. Hajrizi,M. Tmusic","I. Cousins,J. Baily,L. Zeqiri,T. Bickerstaff,V. Bunjaku",695,731,36,1.46,1.0,1.93,18,27,18,31,0,4,0,0,0,0,0,0,0,0,0,0,0,1,1,3,2,1,0,0,0,1,0,0,1,0,0,0,0,0,0,0,0,0,0,0,0,0,0,0,0,0,0,0,0,0,0,0,0,0,0,0,0,0
2769300,2025-10-26,2,Trepça,Bashkimi,"C. Brown,C. Rusell,D. Hajrizi,J. Payne,M. Tmusic","I. Cousins,J. Baily,L. Zeqiri,T. Bickerstaff,V. Bunjaku",731,865,134,5.33,4.93,5.73,18,31,22,40,4,9,5,2,0,0,0,0,1,2,1,0,0,1,0,6,4,2,1,1,0,1,2,2,1,0,0,0,0,0,0,0,0,0,0,0,0,0,0,0,0,0,0,0,0,0,0,0,0,0,0,0,0,0
2769300,2025-10-26,2,Trepça,Bashkimi,"C. Brown,D. Hajrizi,J. Payne,M. Amzil,M. Tmusic","I. Cousins,J. Palokaj,K. Anderson,L. Zeqiri,T. Bickerstaff",865,955,90,2.0,2.0,2.0,22,40,24,43,2,3,2,1,0,0,0,0,0,1,0,0,0,0,0,2,1,1,1,0,0,0,1,1,0,0,0,2,0,0,0,0,0,0,0,0,0,0,0,0,0,0,0,0,0,0,0,0,0,0,0,0,0,0
2769300,2025-10-26,2,Trepça,Bashkimi,"C. Brown,D. Hajrizi,J. Payne,M. Amzil,M. Tmusic","D. Lake,I. Cousins,J. Palokaj,K. Anderson,M. Ismaili",955,996,41,0.9,0.79,1.0,26,43,28,43,2,0,4,1,0,0,0,0,3,1,0,0,0,0,0,1,0,0,0,0,0,0,0,0,0,0,0,2,0,0,0,0,0,0,0,0,0,0,0,0,0,0,0,0,0,0,0,0,0,0,0,0,0,0
2769300,2025-10-26,2,Trepça,Bashkimi,"C. Brown,D. Hajrizi,J. Payne,M. Amzil,M. Tmusic","J. Baily,J. Palokaj,K. Anderson,T. Bickerstaff,V. Bunjaku",996,1083,87,2.49,3.17,1.81,28,43,31,45,3,2,3,1,2,0,2,1,1,1,0,0,0,0,2,2,0,0,0,2,2,1,2,0,0,0,0,1,0,0,0,0,0,0,0,0,0,0,0,0,0,0,0,0,0,0,0,0,0,0,0,0,0,0
2769300,2025-10-26,2,Trepça,Bashkimi,"D. Hajrizi,D. Kapiti,J. Payne,M. Amzil,M. Tmusic","J. Baily,J. Palokaj,K. Anderson,T. Bickerstaff,V. Bunjaku",1083,1187,104,3.12,2.88,3.37,31,45,36,50,5,5,2,2,1,1,2,0,0,1,1,0,0,0,1,4,2,0,0,1,1,1,1,0,0,0,0,1,0,0,0,0,0,0,0,0,0,0,0,0,0,0,0,0,0,0,0,0,0,0,0,0,0,0
2769300,2025-10-26,2,Trepça,Bashkimi,"D. Hajrizi,D. Kapiti,J. Payne,M. Amzil,M. Tmusic","I. Cousins,J. Baily,J. Palokaj,K. Anderson,V. Bunjaku",1187,1200,13,0.55,0.1,1.0,36,50,36,52,0,2,0,0,0,0,0,0,0,0,0,0,0,0,0,1,1,0,0,0,0,0,0,0,0,0,0,0,0,0,0,0,0,0,0,0,0,0,0,0,0,0,0,0,0,0,0,0,0,0,0,0,0,0
2769300,2025-10-26,3,Trepça,Bashkimi,"A. Arslanagic,C. Brown,D. Hajrizi,J. Payne,M. Tmusic","I. Cousins,J. Baily,J. Palokaj,T. Bickerstaff,V. Bunjaku",1200,1276,76,1.96,2.0,1.93,36,52,36,52,0,0,2,0,1,0,0,0,0,2,0,0,0,0,0,3,0,1,0,0,0,1,2,0,0,0,0,1,0,0,0,0,0,0,0,0,0,0,0,0,0,0,0,0,0,0,0,0,0,0,0,0,0,0
2769300,2025-10-26,3,Trepça,Bashkimi,"A. Arslanagic,C. Brown,C. Rusell,D. Hajrizi,M. Tmusic","I. Cousins,J. Baily,J. Palokaj,T. Bickerstaff,V. Bunjaku",1276,1361,85,3.44,2.88,4.0,36,52,44,54,8,2,2,2,2,2,2,2,0,1,2,0,0,0,0,2,1,0,0,0,0,0,0,1,0,0,2,1,0,0,0,0,0,0,0,0,0,0,0,0,0,0,0,0,0,0,0,0,0,0,0,0,0,0
2769300,2025-10-26,3,Trepça,Bashkimi,"A. Arslanagic,C. Brown,C. Rusell,D. Hajrizi,M. Tmusic","I. Cousins,J. Palokaj,K. Anderson,L. Zeqiri,T. Bickerstaff",1361,1472,111,3.44,3.88,3.0,44,54,47,57,3,3,3,1,1,1,2,0,0,1,1,0,0,0,2,2,1,1,1,0,0,0,3,0,0,0,1,1,0,0,0,0,0,0,0,0,0,0,0,0,0,0,0,0,0,0,0,0,0,0,0,0,0,0
2769300,2025-10-26,3,Trepça,Bashkimi,"C. Brown,C. Rusell,D. Hajrizi,J. Payne,M. Tmusic","I. Cousins,J. Palokaj,K. Anderson,L. Zeqiri,T. Bickerstaff",1472,1607,135,3.96,4.0,3.93,47,57,47,64,0,7,4,0,1,0,0,0,0,1,0,0,0,0,2,5,3,1,1,0,0,1,4,2,0,0,0,0,0,0,0,0,0,0,0,0,0,0,0,0,0,0,0,0,0,0,0,0,0,0,0,0,0,0
2769300,2025-10-26,3,Trepça,Bashkimi,"A. Arslanagic,C. Rusell,D. Hajrizi,D. Kapiti,J. Payne","I. Cousins,J. Palokaj,K. Anderson,L. Zeqiri,T. Bickerstaff",1607,1637,30,0.52,0.1,0.93,47,64,47,64,0,0,0,0,0,0,0,0,0,0,0,0,0,0,0,1,0,1,0,0,0,1,0,0,0,0,1,1,0,0,0,0,0,0,0,0,0,0,0,0,0,0,0,0,0,0,0,0,0,0,0,0,0,0
2769300,2025-10-26,3,Trepça,Bashkimi,"A. Arslanagic,D. Kapiti,J. Payne,M. Amzil,M. Tmusic","I. Cousins,J. Palokaj,K. Anderson,T. Bickerstaff,V. Bunjaku",1637,1780,143,5.12,5.31,4.93,47,64,53,70,6,6,7,3,2,0,2,0,3,1,0,0,0,0,0,5,3,0,0,0,0,1,2,0,0,0,1,1,0,0,0,0,0,0,0,0,0,0,0,0,0,0,0,0,0,0,0,0,0,0,0,0,0,0
2769300,2025-10-26,3,Trepça,Bashkimi,"A. Arslanagic,D. Kapiti,J. Payne,M. Amzil,M. Tmusic","D. Lake,I. Cousins,J. Palokaj,K. Anderson,V. Bunjaku",1780,1848,68,1.46,1.93,1.0,53,70,58,70,5,0,3,2,2,1,0,0,1,0,1,0,0,0,1,0,0,0,0,0,0,0,0,0,0,0,1,1,0,0,0,0,0,0,0,0,0,0,0,0,0,0,0,0,0,0,0,0,0,0,0,0,0,0
2769300,2025-10-26,4,Trepça,Bashkimi,"A. Arslanagic,D. Kapiti,J. Payne,M. Amzil,M. Tmusic","D. Lake,I. Cousins,K. Anderson,L. Zeqiri,V. Bunjaku",1848,1916,68,1.46,2.0,0.93,58,70,60,72,2,2,2,1,1,0,0,0,0,0,1,0,0,0,2,2,1,0,0,0,0,1,1,0,0,0,0,0,0,0,0,0,0,0,0,0,0,0,0,0,0,0,0,0,0,0,0,0,0,0,0,0,0,0
2769300,2025-10-26,4,Trepça,Bashkimi,"A. Arslanagic,C. Brown,D. Hajrizi,J. Payne,M. Tmusic","D. Lake,I. Cousins,K. Anderson,L. Zeqiri,V. Bunjaku",1916,1933,17,1.16,1.32,1.0,60,72,61,72,1,0,0,0,0,0,3,1,0,1,0,0,0,0,0,1,0,1,0,0,0,0,0,0,0,0,0,1,0,0,0,0,0,0,0,0,0,0,0,0,0,0,0,0,0,0,0,0,0,0,0,0,0,0
2769300,2025-10-26,4,Trepça,Bashkimi,"A. Arslanagic,C. Brown,D. Hajrizi,J. Payne,M. Tmusic","D. Lake,J. Baily,K. Anderson,L. Zeqiri,V. Bunjaku",1933,1985,52,1.96,0.93,3.0,61,72,63,74,2,2,2,1,0,0,0,0,1,0,0,0,0,0,0,1,1,0,0,0,0,0,0,1,0,0,2,1,0,0,0,0,0,0,0,0,0,0,0,0,0,0,0,0,0,0,0,0,0,0,0,0,0,0
2769300,2025-10-26,4,Trepça,Bashkimi,"A. Arslanagic,C. Brown,D. Hajrizi,J. Payne,M. Tmusic","J. Baily,K. Anderson,L. Zeqiri,T. Bickerstaff,V. Bunjaku",1985,2081,96,2.96,3.0,2.93,63,74,67,79,4,5,3,2,0,0,0,0,0,1,1,0,0,0,0,4,2,1,1,0,0,1,1,2,0,0,0,0,0,0,0,0,0,0,0,0,0,0,0,0,0,0,0,0,0,0,0,0,0,0,0,0,0,0
2769300,2025-10-26,4,Trepça,Bashkimi,"A. Arslanagic,C. Brown,D. Hajrizi,J. Payne,M. Tmusic","J. Baily,J. Palokaj,K. Anderson,L. Zeqiri,T. Bickerstaff",2081,2213,132,3.96,3.93,4.0,67,79,71,85,4,6,5,2,2,0,0,0,1,1,0,0,0,0,0,4,3,1,0,0,0,0,2,2,0,0,0,2,0,0,0,0,0,0,0,0,0,0,0,0,0,0,0,0,0,0,0,0,0,0,0,0,0,0
2769300,2025-10-26,4,Trepça,Bashkimi,"A. Arslanagic,C. Rusell,D. Hajrizi,D. Kapiti,J. Payne","I. Cousins,J. Palokaj,K. Anderson,L. Zeqiri,T. Bickerstaff",2213,2258,45,1.5,1.0,2.0,73,85,73,89,0,4,1,0,0,0,0,0,0,0,0,0,0,0,0,2,2,0,0,0,0,0,1,1,0,0,0,1,0,0,0,0,0,0,0,0,0,0,0,0,0,0,0,0,0,0,0,0,0,0,0,0,0,0
2769300,2025-10-26,4,Trepça,Bashkimi,"A. Arslanagic,C. Rusell,D. Kapiti,M. Amzil,M. Tmusic","I. Cousins,J. Palokaj,K. Anderson,T. Bickerstaff,V. Bunjaku",2258,2398,140,5.67,5.88,5.45,73,89,79,93,6,4,5,2,2,0,2,2,0,2,2,1,0,0,1,5,1,1,0,2,2,1,3,1,0,0,1,0,0,0,0,0,0,0,0,0,0,0,0,0,0,0,0,0,0,0,0,0,0,0,0,0,0,0
2769301,2025-10-26,1,Golden Eagle Ylli,Vëllaznimi,"A. Çallakaj,B. Huffman,G. Morina,L. Thomas,T. Allen","J. Ismajli,M. Warrick,R. Dahsyla,Y. Anei,Z. Reid",0,405,405,12.03,12.28,11.79,0,0,19,6,19,6,11,8,2,2,2,1,2,7,4,0,1,2,2,13,3,3,0,0,0,3,2,1,2,0,2,3,0,0,0,0,0,0,0,0,0,0,0,0,0,0,0,0,0,0,0,0,0,0,0,0,0,0
2769301,2025-10-26,1,Golden Eagle Ylli,Vëllaznimi,"A. Çallakaj,B. Huffman,G. Morina,L. Thomas,T. Allen","J. Ismajli,L. Colimerio,M. Warrick,R. Dahsyla,Z. Reid",405,439,34,1.0,1.0,1.0,19,6,22,9,3,3,1,1,1,1,0,0,0,0,1,0,0,0,1,1,1,1,1,0,0,0,0,1,0,0,0,0,0,0,0,0,0,0,0,0,0,0,0,0,0,0,0,0,0,0,0,0,0,0,0,0,0,0
2769301,2025-10-26,1,Golden Eagle Ylli,Vëllaznimi,"A. Çallakaj,G. Morina,L. Shoshi,L. Thomas,T. Allen","A. Koshi,J. Ismajli,L. Colimerio,M. Warrick,Z. Reid",439,517,78,2.5,2.0,3.0,22,9,22,12,0,3,0,0,0,0,0,0,0,1,0,1,0,2,1,2,1,2,1,0,0,0,0,1,2,0,1,1,0,0,0,0,0,0,0,0,0,0,0,0,0,0,0,0,0,0,0,0,0,0,0,0,0,0
2769301,2025-10-26,1,Golden Eagle Ylli,Vëllaznimi,"A. Çallakaj,G. Morina,L. Basic,L. Shoshi,T. Allen","A. Koshi,J. Ismajli,L. Colimerio,M. Warrick,Z. Reid",517,548,31,0.94,0.88,1.0,22,12,24,12,2,0,0,0,0,0,2,2,0,1,0,0,0,0,0,1,0,1,0,0,0,0,0,0,0,0,0,1,0,0,0,0,0,0,0,0,0,0,0,0,0,0,0,0,0,0,0,0,0,0,0,0,0,0
2769301,2025-10-26,1,Golden Eagle Ylli,Vëllaznimi,"A. Çallakaj,G. Morina,L. Basic,L. Shoshi,T. Allen","A. Koshi,D. Dedushaj,J. Ismajli,L. Colimerio,Z. Reid",548,600,52,1.88,2.76,1.0,24,12,25,12,1,0,1,0,1,0,4,1,0,0,1,1,0,0,0,0,0,0,0,0,0,0,2,0,0,0,1,1,0,0,0,0,0,0,0,0,0,0,0,0,0,0,0,0,0,0,0,0,0,0,0,0,0,0
2769301,2025-10-26,2,Golden Eagle Ylli,Vëllaznimi,"G. Morina,L. Basic,L. Shoshi,L. Thomas,T. Allen","A. Koshi,D. Dedushaj,J. Ismajli,L. Colimerio,Z. Reid",600,698,98,3.5,4.0,3.0,25,12,27,14,2,2,3,1,0,0,0,0,0,2,1,0,1,1,1,3,1,0,0,0,0,0,2,0,1,0,0,1,0,0,0,0,0,0,0,0,0,0,0,0,0,0,0,0,0,0,0,0,0,0,0,0,0,0
2769301,2025-10-26,2,Golden Eagle Ylli,Vëllaznimi,"G. Morina,L. Basic,L. Shoshi,L. Thomas,T. Allen","A. Koshi,D. Dedushaj,L. Colimerio,M. Warrick,Y. Anei",698,733,35,1.0,1.0,1.0,27,14,27,16,0,2,0,0,0,0,0,0,0,0,0,0,0,1,1,1,1,0,0,0,0,0,0,0,1,0,0,0,0,0,0,0,0,0,0,0,0,0,0,0,0,0,0,0,0,0,0,0,0,0,0,0,0,0
2769301,2025-10-26,2,Golden Eagle Ylli,Vëllaznimi,"A. Çallakaj,J. Reece,L. Basic,L. Shoshi,L. Thomas","A. Koshi,L. Colimerio,M. Warrick,R. Dahsyla,Y. Anei",733,772,39,0.94,1.0,0.88,27,16,29,18,2,2,1,1,0,0,0,0,0,0,1,0,0,0,2,0,0,0,0,2,2,0,0,0,0,0,0,0,0,0,0,0,0,0,0,0,0,0,0,0,0,0,0,0,0,0,0,0,0,0,0,0,0,0
2769301,2025-10-26,2,Golden Eagle Ylli,Vëllaznimi,"A. Çallakaj,G. Morina,J. Reece,L. Basic,L. Thomas","A. Koshi,L. Colimerio,M. Warrick,R. Dahsyla,Y. Anei",772,853,81,3.44,3.0,3.88,29,18,29,25,0,7,2,0,1,0,0,0,0,0,0,0,0,1,0,2,2,1,1,2,2,0,2,1,1,0,1,0,0,0,0,0,0,0,0,0,0,0,0,0,0,0,0,0,0,0,0,0,0,0,0,0,0,0
2769301,2025-10-26,2,Golden Eagle Ylli,Vëllaznimi,"A. Çallakaj,B. Huffman,G. Morina,L. Basic,L. Thomas","A. Koshi,L. Colimerio,M. Warrick,R. Dahsyla,Y. Anei",853,889,36,1.17,1.34,1.0,29,25,29,27,0,2,1,0,1,0,2,0,1,0,0,0,0,0,0,1,1,0,0,0,0,0,1,1,0,0,0,2,0,0,0,0,0,0,0,0,0,0,0,0,0,0,0,0,0,0,0,0,0,0,0,0,0,0
2769301,2025-10-26,2,Golden Eagle Ylli,Vëllaznimi,"A. Çallakaj,B. Huffman,G. Morina,L. Thomas,T. Allen","A. Koshi,M. Warrick,R. Dahsyla,Y. Anei,Z. Reid",889,1084,195,6.67,7.64,5.69,29,27,38,32,9,5,8,3,2,1,3,2,3,2,1,0,0,1,2,4,1,4,1,4,2,1,3,1,0,1,1,2,0,0,0,0,0,0,0,0,0,0,0,0,0,0,0,0,0,0,0,0,0,0,0,0,0,0
2769301,2025-10-26,2,Golden Eagle Ylli,Vëllaznimi,"A. Çallakaj,B. Huffman,G. Morina,L. Thomas,T. Allen","A. Koshi,J. Ismajli,M. Warrick,Y. Anei,Z. Reid",1084,1099,15,0.49,0.1,0.88,38,32,38,34,0,2,0,0,0,0,0,0,0,0,0,0,0,0,1,0,0,0,0,2,2,0,0,0,0,0,0,0,0,0,0,0,0,0,0,0,0,0,0,0,0,0,0,0,0,0,0,0,0,0,0,0,0,0
2769301,2025-10-26,2,Golden Eagle Ylli,Vëllaznimi,"A. Çallakaj,B. Huffman,G. Morina,L. Basic,T. Allen","A. Koshi,D. Dedushaj,J. Ismajli,M. Warrick,Z. Reid",1099,1200,101,3.46,3.0,3.93,38,34,40,39,2,5,3,1,1,0,0,0,0,0,1,0,0,0,0,3,2,2,1,0,0,1,2,0,0,0,2,1,0,0,0,0,0,0,0,0,0,0,0,0,0,0,0,0,0,0,0,0,0,0,0,0,0,0
2769301,2025-10-26,3,Golden Eagle Ylli,Vëllaznimi,"A. Çallakaj,B. Huffman,G. Morina,L. Thomas,T. Allen","A. Koshi,J. Ismajli,M. Warrick,Y. Anei,Z. Reid",1200,1359,159,4.4,3.93,4.88,40,39,47,45,7,6,5,3,1,1,0,0,1,2,2,0,1,0,2,4,2,0,0,2,2,0,1,0,0,0,0,2,0,0,0,0,0,0,0,0,0,0,0,0,0,0,0,0,0,0,0,0,0,0,0,0,0,0
2769301,2025-10-26,3,Golden Eagle Ylli,Vëllaznimi,"A. Gashi,A. Çallakaj,B. Huffman,L. Thomas,T. Allen","A. Koshi,J. Ismajli,M. Warrick,Y. Anei,Z. Reid",1359,1444,85,1.87,1.74,2.0,47,45,49,47,2,2,3,0,2,0,2,2,2,1,0,0,0,0,1,2,1,0,0,0,0,0,1,0,0,0,0,4,0,0,0,0,0,0,0,0,0,0,0,0,0,0,0,0,0,0,0,0,0,0,0,0,0,0
2769301,2025-10-26,3,Golden Eagle Ylli,Vëllaznimi,"A. Gashi,A. Çallakaj,B. Huffman,L. Thomas,T. Allen","A. Koshi,J. Ismajli,L. Colimerio,M. Warrick,Z. Reid",1444,1451,7,0.49,0.88,0.1,49,47,50,47,1,0,0,0,0,0,2,1,0,0,0,0,0,0,1,0,0,0,0,0,0,0,1,0,0,0,0,0,0,0,0,0,0,0,0,0,0,0,0,0,0,0,0,0,0,0,0,0,0,0,0,0,0,0
2769301,2025-10-26,3,Golden Eagle Ylli,Vëllaznimi,"A. Gashi,A. Çallakaj,L. Basic,L. Shoshi,T. Allen","A. Koshi,J. Ismajli,L. Colimerio,M. Warrick,Z. Reid",1451,1523,72,2.98,3.08,2.88,50,47,51,49,1,2,3,0,1,0,2,1,1,1,0,0,0,0,0,1,0,1,0,2,2,0,3,0,0,0,1,1,0,0,0,0,0,0,0,0,0,0,0,0,0,0,0,0,0,0,0,0,0,0,0,0,0,0
2769301,2025-10-26,3,Golden Eagle Ylli,Vëllaznimi,"A. Gashi,A. Çallakaj,L. Basic,L. Shoshi,T. Allen","A. Koshi,J. Ismajli,L. Colimerio,M. Warrick,R. Dahsyla",1523,1637,114,2.9,2.79,3.0,51,49,53,52,2,3,6,1,2,0,0,0,3,1,0,1,0,0,1,2,1,1,1,0,0,0,2,1,0,0,1,0,0,0,0,0,0,0,0,0,0,0,0,0,0,0,0,0,0,0,0,0,0,0,0,0,0,0
2769301,2025-10-26,3,Golden Eagle Ylli,Vëllaznimi,"A. Gashi,A. Çallakaj,G. Morina,L. Basic,T. Allen","A. Koshi,J. Ismajli,L. Colimerio,M. Warrick,R. Dahsyla",1637,1671,34,2.14,2.0,2.27,53,52,53,52,0,0,0,0,0,0,0,0,0,2,0,0,1,2,1,3,0,1,0,2,0,2,0,0,2,0,0,0,0,0,0,0,0,0,0,0,0,0,0,0,0,0,0,0,0,0,0,0,0,0,0,0,0,0
2769301,2025-10-26,3,Golden Eagle Ylli,Vëllaznimi,"G. Morina,L. Basic,L. Shoshi,L. Thomas,T. Allen","J. Ismajli,L. Colimerio,M. Warrick,R. Dahsyla,Z. Reid",1671,1762,91,2.94,3.0,2.88,53,52,58,58,5,6,3,2,1,1,0,0,0,1,1,0,0,0,1,2,2,1,1,2,1,0,1,1,0,0,0,0,0,0,0,0,0,0,0,0,0,0,0,0,0,0,0,0,0,0,0,0,0,0,0,0,0,0
2769301,2025-10-26,3,Golden Eagle Ylli,Vëllaznimi,"A. Çallakaj,G. Morina,L. Basic,L. Thomas,T. Allen","J. Ismajli,L. Colimerio,M. Warrick,R. Dahsyla,Z. Reid",1762,1800,38,1.4,0.93,1.88,58,58,60,63,2,5,2,1,0,0,0,0,1,0,0,0,0,0,0,1,1,1,1,2,2,0,0,0,0,0,0,0,0,0,0,0,0,0,0,0,0,0,0,0,0,0,0,0,0,0,0,0,0,0,0,0,0,0
2769301,2025-10-26,4,Golden Eagle Ylli,Vëllaznimi,"A. Çallakaj,B. Huffman,G. Morina,L. Thomas,T. Allen","J. Ismajli,L. Colimerio,M. Warrick,R. Dahsyla,Z. Reid",1800,1994,194,5.5,6.0,5.0,60,63,70,66,10,3,6,4,4,2,0,0,0,4,4,0,0,0,1,5,1,3,1,0,0,0,2,1,0,0,0,1,0,0,0,0,0,0,0,0,0,0,0,0,0,0,0,0,0,0,0,0,0,0,0,0,0,0
2769301,2025-10-26,4,Golden Eagle Ylli,Vëllaznimi,"A. Çallakaj,B. Huffman,G. Morina,L. Thomas,T. Allen","A. Koshi,J. Ismajli,L. Colimerio,M. Warrick,Z. Reid",1994,2008,14,0.1,0.1,0.1,70,66,70,66,0,0,0,0,0,0,0,0,0,0,0,0,0,0,2,0,0,0,0,0,0,0,0,0,0,0,0,0,0,0,0,0,0,0,0,0,0,0,0,0,0,0,0,0,0,0,0,0,0,0,0,0,0,0
2769301,2025-10-26,4,Golden Eagle Ylli,Vëllaznimi,"A. Çallakaj,G. Morina,J. Reece,L. Thomas,T. Allen","A. Koshi,J. Ismajli,L. Colimerio,M. Warrick,Z. Reid",2008,2133,125,3.94,4.0,3.88,70,66,77,67,7,1,4,3,2,1,0,0,0,2,1,1,0,0,1,2,0,2,0,2,1,0,1,0,0,0,1,1,0,0,0,0,0,0,0,0,0,0,0,0,0,0,0,0,0,0,0,0,0,0,0,0,0,0
2769301,2025-10-26,4,Golden Eagle Ylli,Vëllaznimi,"A. Çallakaj,G. Morina,J. Reece,L. Thomas,T. Allen","A. Koshi,J. Ismajli,L. Colimerio,M. Warrick,R. Dahsyla",2133,2207,74,1.72,1.44,2.0,77,67,77,67,0,0,1,0,1,0,1,0,0,1,0,1,0,0,0,1,0,0,0,0,0,0,2,0,0,0,1,1,0,0,0,0,0,0,0,0,0,0,0,0,0,0,0,0,0,0,0,0,0,0,0,0,0,0
2769301,2025-10-26,4,Golden Eagle Ylli,Vëllaznimi,"A. Çallakaj,G. Morina,J. Reece,L. Thomas,T. Allen","J. Ismajli,L. Colimerio,M. Warrick,R. Dahsyla,Z. Reid",2207,2341,134,6.0,6.0,6.0,77,67,80,78,3,11,1,1,1,1,0,0,0,1,0,0,0,5,0,6,5,1,1,0,0,0,0,2,4,0,0,0,0,0,0,0,0,0,0,0,0,0,0,0,0,0,0,0,0,0,0,0,0,0,0,0,0,0
2769301,2025-10-26,4,Golden Eagle Ylli,Vëllaznimi,"A. Çallakaj,G. Morina,L. Basic,L. Thomas,T. Allen","J. Ismajli,L. Colimerio,M. Warrick,R. Dahsyla,Z. Reid",2341,2395,54,2.29,2.64,1.93,80,78,83,80,3,2,0,0,0,0,6,3,0,0,0,1,0,0,1,2,1,1,0,0,0,1,2,0,0,0,1,3,0,0,0,0,0,0,0,0,0,0,0,0,0,0,0,0,0,0,0,0,0,0,0,0,0,0
2769301,2025-10-26,4,Golden Eagle Ylli,Vëllaznimi,"A. Gashi,A. Çallakaj,L. Basic,L. Thomas,T. Allen","J. Ismajli,L. Colimerio,M. Warrick,R. Dahsyla,Z. Reid",2395,2400,5,0.94,0.88,1.0,83,82,84,82,1,0,0,0,0,0,2,1,0,0,0,0,0,0,0,1,0,1,0,0,0,0,0,0,0,0,0,1,0,0,0,0,0,0,0,0,0,0,0,0,0,0,0,0,0,0,0,0,0,0,0,0,0,0
2769298,2025-10-25,1,Bora,GO+Peja,"A. Mekic,G. Singleton,J. Zeqiri,R. Memed,S. Jules","A. Herndon,D. Berisha,J. Johnson,M. Mala,T. Green",0,250,250,9.9,10.0,9.81,0,0,11,9,11,9,6,5,1,1,0,0,0,3,3,2,0,4,3,7,3,4,1,2,2,1,1,2,1,0,3,1,0,0,0,0,0,0,0,0,0,0,0,0,0,0,0,0,0,0,0,0,0,0,0,0,0,0
2769298,2025-10-25,1,Bora,GO+Peja,"A. Mekic,G. Singleton,J. Zeqiri,R. Memed,S. Jules","A. Herndon,J. Johnson,M. Armstead,M. Mala,T. Green",250,306,56,2.16,2.0,2.32,11,9,11,14,0,5,1,0,0,0,0,0,0,0,0,0,0,1,1,1,1,0,0,3,3,0,1,1,1,1,0,1,0,0,0,0,0,0,0,0,0,0,0,0,0,0,0,0,0,0,0,0,0,0,0,0,0,0
2769298,2025-10-25,1,Bora,GO+Peja,"A. Mekic,G. Singleton,J. Zeqiri,R. Memed,T. Jackson","A. Herndon,J. Johnson,M. Armstead,M. Mala,T. Green",306,327,21,1.0,1.0,1.0,11,14,11,16,0,2,0,0,0,0,0,0,0,0,0,0,0,1,0,1,1,0,0,0,0,0,0,1,0,0,0,0,0,0,0,0,0,0,0,0,0,0,0,0,0,0,0,0,0,0,0,0,0,0,0,0,0,0
2769298,2025-10-25,1,Bora,GO+Peja,"A. Mekic,G. Singleton,R. Memed,R. Ukaj,T. Jackson","A. Herndon,J. Johnson,M. Armstead,M. Mala,T. Green",327,434,107,3.0,3.0,3.0,11,16,15,22,4,6,2,2,0,0,0,0,0,1,1,0,0,1,0,3,2,3,2,0,0,0,0,1,0,0,0,1,0,0,0,0,0,0,0,0,0,0,0,0,0,0,0,0,0,0,0,0,0,0,0,0,0,0
2769298,2025-10-25,1,Bora,GO+Peja,"A. Mekic,G. Singleton,R. Memed,R. Ukaj,T. Jackson","J. Johnson,M. Armstead,M. Mala,S. Flateen,T. Green",434,447,13,1.0,1.0,1.0,15,22,15,24,0,2,1,0,0,0,0,0,0,0,0,0,0,0,1,1,1,0,0,0,0,0,1,0,0,0,0,0,0,0,0,0,0,0,0,0,0,0,0,0,0,0,0,0,0,0,0,0,0,0,0,0,0,0
2769298,2025-10-25,1,Bora,GO+Peja,"D. Taylor,G. Singleton,J. Zeqiri,R. Ukaj,T. Jackson","J. Johnson,M. Armstead,M. Mala,S. Flateen,T. Green",447,536,89,4.43,5.08,3.79,15,24,15,30,0,6,3,0,2,0,2,0,1,1,0,0,0,2,2,3,2,0,0,3,2,1,3,0,0,0,0,1,0,0,0,0,0,0,0,0,0,0,0,0,0,0,0,0,0,0,0,0,0,0,0,0,0,0
2769298,2025-10-25,1,Bora,GO+Peja,"D. Taylor,G. Singleton,J. Zeqiri,R. Ukaj,T. Jackson","C. Edwards,J. Johnson,M. Armstead,M. Mala,S. Flateen",536,549,13,0.1,0.1,0.1,15,30,15,30,0,0,0,0,0,0,0,0,0,0,0,0,0,0,0,0,0,0,0,0,0,0,0,0,0,0,0,0,0,0,0,0,0,0,0,0,0,0,0,0,0,0,0,0,0,0,0,0,0,0,0,0,0,0
2769298,2025-10-25,1,Bora,GO+Peja,"D. Taylor,G. Singleton,J. Zeqiri,R. Ukaj,T. Jackson","A. Hajdari,C. Edwards,J. Johnson,M. Armstead,S. Flateen",549,600,51,2.0,2.0,2.0,15,30,17,30,2,0,2,1,0,0,0,0,0,2,1,0,0,0,0,2,0,2,0,0,0,0,1,0,0,0,0,0,0,0,0,0,0,0,0,0,0,0,0,0,0,0,0,0,0,0,0,0,0,0,0,0,0,0
2769298,2025-10-25,2,Bora,GO+Peja,"A. Mekic,D. Taylor,J. Zeqiri,R. Ukaj,S. Jules","A. Hajdari,C. Edwards,D. Berisha,M. Armstead,S. Flateen",600,659,59,2.22,2.44,2.0,17,30,19,30,2,0,1,1,0,0,1,0,0,0,0,1,0,1,0,0,0,0,0,0,0,0,1,0,1,0,2,2,0,0,0,0,0,0,0,0,0,0,0,0,0,0,0,0,0,0,0,0,0,0,0,0,0,0
2769298,2025-10-25,2,Bora,GO+Peja,"A. Mekic,D. Taylor,J. Zeqiri,R. Ukaj,S. Jules","C. Edwards,D. Berisha,J. Johnson,M. Armstead,T. Green",659,750,91,5.0,5.0,5.0,21,30,26,32,5,2,3,2,2,1,0,0,0,3,1,1,1,2,0,4,1,1,0,0,0,0,1,1,2,0,1,0,0,0,0,0,0,0,0,0,0,0,0,0,0,0,0,0,0,0,0,0,0,0,0,0,0,0
2769298,2025-10-25,2,Bora,GO+Peja,"A. Mekic,D. Taylor,J. Zeqiri,R. Ukaj,S. Jules","A. Herndon,D. Berisha,J. Johnson,M. Armstead,T. Green",750,823,73,1.5,1.0,2.0,26,32,28,35,2,3,1,1,0,0,0,0,0,1,0,0,0,0,1,2,1,1,1,0,0,0,0,1,0,0,0,0,0,0,0,0,0,0,0,0,0,0,0,0,0,0,0,0,0,0,0,0,0,0,0,0,0,0
2769298,2025-10-25,2,Bora,GO+Peja,"A. Mekic,G. Singleton,J. Zeqiri,R. Memed,S. Jules","A. Herndon,D. Berisha,J. Johnson,M. Armstead,T. Green",823,945,122,5.89,5.86,5.93,28,35,34,42,6,7,7,2,5,2,0,0,2,3,2,0,0,1,0,7,3,3,1,0,0,1,3,2,0,0,0,0,0,0,0,0,0,0,0,0,0,0,0,0,0,0,0,0,0,0,0,0,0,0,0,0,0,0
2769298,2025-10-25,2,Bora,GO+Peja,"A. Mekic,D. Taylor,G. Singleton,R. Memed,S. Jules","A. Herndon,C. Edwards,D. Berisha,J. Johnson,M. Mala",945,972,27,1.0,1.0,1.0,34,42,37,42,3,0,1,1,1,1,0,0,0,1,1,0,0,0,0,1,0,1,0,0,0,0,0,0,0,0,0,0,0,0,0,0,0,0,0,0,0,0,0,0,0,0,0,0,0,0,0,0,0,0,0,0,0,0
2769298,2025-10-25,2,Bora,GO+Peja,"A. Mekic,D. Taylor,G. Singleton,R. Memed,S. Jules","C. Edwards,D. Berisha,J. Johnson,M. Mala,S. Flateen",972,1014,42,1.5,2.0,1.0,37,42,39,42,2,0,1,1,0,0,0,0,0,0,0,1,0,1,0,0,0,0,0,0,0,0,0,0,0,0,1,0,0,0,0,0,0,0,0,0,0,0,0,0,0,0,0,0,0,0,0,0,0,0,0,0,0,0
2769298,2025-10-25,2,Bora,GO+Peja,"A. Mekic,D. Taylor,G. Singleton,R. Memed,S. Jules","C. Edwards,J. Johnson,M. Armstead,M. Mala,S. Flateen",1014,1085,71,2.88,2.88,2.88,39,42,44,46,5,4,2,2,0,0,2,1,0,0,1,1,0,0,1,1,1,0,0,2,2,0,0,1,0,0,1,1,0,0,0,0,0,0,0,0,0,0,0,0,0,0,0,0,0,0,0,0,0,0,0,0,0,0
2769298,2025-10-25,2,Bora,GO+Peja,"A. Mekic,G. Singleton,J. Zeqiri,R. Memed,S. Jules","C. Edwards,J. Johnson,M. Armstead,M. Mala,S. Flateen",1085,1132,47,1.72,1.0,2.44,44,46,46,51,2,5,1,1,0,0,0,0,0,0,0,0,0,0,1,2,2,0,0,1,1,0,0,2,0,0,0,0,0,0,0,0,0,0,0,0,0,0,0,0,0,0,0,0,0,0,0,0,0,0,0,0,0,0
2769298,2025-10-25,2,Bora,GO+Peja,"A. Mekic,G. Singleton,R. Memed,R. Ukaj,S. Jules","C. Edwards,J. Johnson,M. Armstead,M. Mala,S. Flateen",1132,1153,21,0.55,1.0,0.1,46,51,49,51,3,0,1,1,1,1,0,0,0,0,1,0,0,0,0,0,0,0,0,0,0,0,0,0,0,0,0,0,0,0,0,0,0,0,0,0,0,0,0,0,0,0,0,0,0,0,0,0,0,0,0,0,0,0
2769298,2025-10-25,2,Bora,GO+Peja,"A. Mekic,G. Singleton,R. Memed,R. Ukaj,T. Jackson","C. Edwards,J. Johnson,M. Armstead,M. Mala,S. Flateen",1153,1200,47,0.55,0.1,1.0,49,51,49,54,0,3,3,0,3,0,0,0,2,0,0,0,0,0,0,1,1,1,1,0,0,0,0,1,0,0,0,0,0,0,0,0,0,0,0,0,0,0,0,0,0,0,0,0,0,0,0,0,0,0,0,0,0,0
2769298,2025-10-25,3,Bora,GO+Peja,"A. Mekic,G. Singleton,R. Memed,R. Ukaj,T. Jackson","A. Herndon,D. Berisha,J. Johnson,M. Mala,T. Green",1200,1381,181,5.65,5.0,6.3,49,54,54,62,5,8,4,2,2,1,0,0,0,2,1,1,0,1,1,7,3,3,1,1,1,2,2,3,0,0,1,1,0,0,0,0,0,0,0,0,0,0,0,0,0,0,0,0,0,0,0,0,0,0,0,0,0,0
2769298,2025-10-25,3,Bora,GO+Peja,"A. Mekic,G. Singleton,R. Memed,R. Ukaj,T. Jackson","A. Herndon,D. Berisha,J. Johnson,M. Armstead,T. Green",1381,1465,84,1.87,1.93,1.81,54,62,58,64,4,2,3,2,0,0,0,0,1,1,1,0,0,0,2,2,0,1,0,2,2,1,0,0,0,0,0,0,0,0,0,0,0,0,0,0,0,0,0,0,0,0,0,0,0,0,0,0,0,0,0,0,0,0
2769298,2025-10-25,3,Bora,GO+Peja,"A. Mekic,G. Singleton,R. Memed,R. Ukaj,T. Jackson","C. Edwards,D. Berisha,J. Johnson,M. Armstead,T. Green",1465,1516,51,2.94,3.0,2.88,58,64,62,65,4,1,3,2,1,0,0,0,0,1,0,2,0,0,1,0,0,0,0,2,1,0,1,0,0,0,2,1,0,0,0,0,0,0,0,0,0,0,0,0,0,0,0,0,0,0,0,0,0,0,0,0,0,0
2769298,2025-10-25,3,Bora,GO+Peja,"A. Mekic,G. Singleton,R. Memed,R. Ukaj,T. Jackson","C. Edwards,M. Armstead,M. Mala,S. Flateen,T. Green",1516,1606,90,3.95,3.91,4.0,62,65,69,67,7,2,4,3,2,1,1,0,1,1,2,1,0,0,0,2,1,0,0,0,0,0,1,1,0,0,2,0,0,0,0,0,0,0,0,0,0,0,0,0,0,0,0,0,0,0,0,0,0,0,0,0,0,0
2769298,2025-10-25,3,Bora,GO+Peja,"A. Mekic,G. Singleton,R. Memed,R. Ukaj,T. Jackson","A. Herndon,M. Armstead,M. Mala,S. Flateen,T. Green",1606,1637,31,0.55,1.0,0.1,69,67,69,67,0,0,1,0,1,0,0,0,0,0,0,0,0,0,1,0,0,0,0,0,0,0,1,0,0,0,0,0,0,0,0,0,0,0,0,0,0,0,0,0,0,0,0,0,0,0,0,0,0,0,0,0,0,0
2769298,2025-10-25,3,Bora,GO+Peja,"A. Mekic,D. Taylor,J. Zeqiri,R. Memed,S. Jules","A. Herndon,J. Johnson,M. Armstead,M. Mala,S. Flateen",1637,1750,113,2.94,3.0,2.88,69,67,71,72,2,5,3,1,2,0,0,0,0,1,0,0,0,0,1,2,1,1,1,2,2,0,2,2,0,0,0,1,0,0,0,0,0,0,0,0,0,0,0,0,0,0,0,0,0,0,0,0,0,0,0,0,0,0
2769298,2025-10-25,3,Bora,GO+Peja,"D. Taylor,G. Singleton,J. Zeqiri,R. Memed,S. Jules","A. Herndon,J. Johnson,M. Armstead,M. Mala,S. Flateen",1750,1857,107,4.38,4.0,4.76,71,72,73,78,2,6,3,1,2,0,0,0,0,1,0,0,0,1,1,3,1,2,0,4,4,0,2,2,0,0,0,2,0,0,0,0,0,0,0,0,0,0,0,0,0,0,0,0,0,0,0,0,0,0,0,0,0,0
2769298,2025-10-25,4,Bora,GO+Peja,"D. Taylor,G. Singleton,J. Zeqiri,R. Memed,S. Jules","J. Johnson,M. Armstead,M. Mala,S. Flateen,T. Green",1857,2005,148,4.43,4.86,4.0,73,78,79,80,6,2,6,3,2,0,0,0,2,3,2,0,1,1,1,4,1,2,0,0,0,0,1,0,1,1,0,1,0,0,0,0,0,0,0,0,0,0,0,0,0,0,0,0,0,0,0,0,0,0,0,0,0,0
2769298,2025-10-25,4,Bora,GO+Peja,"A. Mekic,G. Singleton,J. Zeqiri,R. Memed,S. Jules","D. Berisha,J. Johnson,M. Armstead,S. Flateen,T. Green",2005,2059,54,1.46,0.93,2.0,79,80,81,80,2,0,2,1,0,0,0,0,1,1,0,1,0,0,0,1,0,1,0,0,0,0,0,0,0,0,1,1,0,0,0,0,0,0,0,0,0,0,0,0,0,0,0,0,0,0,0,0,0,0,0,0,0,0
2769298,2025-10-25,4,Bora,GO+Peja,"A. Mekic,G. Singleton,J. Zeqiri,R. Memed,S. Jules","A. Herndon,D. Berisha,J. Johnson,M. Armstead,T. Green",2059,2399,340,10.43,10.62,10.23,81,80,94,96,13,16,11,4,6,1,4,4,2,1,1,1,0,0,5,7,4,3,3,6,5,3,5,4,0,1,3,1,0,0,0,0,0,0,0,0,0,0,0,0,0,0,0,0,0,0,0,0,0,0,0,0,0,0
2769299,2025-10-25,1,Rahoveci 029,Sigal Prishtina,"B. Rexha,F. Rugova,I. Umipig,K. Pullian,P. Weekes","A. Azemi,A. Bailey,D. Burns,D. Lekndreaj,K. Kramer",0,297,297,9.31,8.81,9.81,0,0,5,11,5,11,7,1,4,1,2,2,1,3,1,1,0,2,1,8,4,4,1,2,2,1,5,2,1,1,2,1,0,0,0,0,0,0,0,0,0,0,0,0,0,0,0,0,0,0,0,0,0,0,0,0,0,0
2769299,2025-10-25,1,Rahoveci 029,Sigal Prishtina,"B. Rexha,F. Rugova,I. Umipig,J. Jones,P. Weekes","A. Azemi,A. Bailey,D. Burns,D. Lekndreaj,K. Kramer",297,506,209,5.63,5.81,5.45,5,11,17,17,12,6,6,4,3,2,2,2,1,1,3,2,1,0,2,4,2,2,1,2,1,2,1,2,0,0,2,2,0,0,0,0,0,0,0,0,0,0,0,0,0,0,0,0,0,0,0,0,0,0,0,0,0,0
2769299,2025-10-25,1,Rahoveci 029,Sigal Prishtina,"F. Rugova,I. Umipig,J. Jones,P. Weekes,V. Ejupi","A. Azemi,A. Bailey,D. Lekndreaj,L. Autrey,V. Kakruki",506,528,22,0.55,0.1,1.0,17,17,17,17,0,0,0,0,0,0,0,0,0,0,0,0,0,0,0,0,0,0,0,0,0,0,0,0,0,0,1,1,0,0,0,0,0,0,0,0,0,0,0,0,0,0,0,0,0,0,0,0,0,0,0,0,0,0
2769299,2025-10-25,1,Rahoveci 029,Sigal Prishtina,"F. Rugova,I. Umipig,J. Jones,P. Weekes,V. Ejupi","A. Azemi,D. Lekndreaj,L. Autrey,M. Janjeva,V. Kakruki",528,600,72,2.84,2.76,2.93,17,17,22,21,5,4,1,1,0,0,4,3,0,1,2,0,0,0,0,4,2,1,0,0,0,1,0,1,0,0,0,2,0,0,0,0,0,0,0,0,0,0,0,0,0,0,0,0,0,0,0,0,0,0,0,0,0,0
2769299,2025-10-25,2,Rahoveci 029,Sigal Prishtina,"F. Rugova,I. Umipig,J. Jones,P. Weekes,V. Ejupi","A. Azemi,D. Burns,L. Autrey,M. Janjeva,V. Kakruki",600,702,102,2.9,2.93,2.88,22,21,24,25,2,4,3,1,1,0,0,0,1,0,0,1,0,1,1,1,1,0,0,2,2,0,1,1,1,0,1,0,0,0,0,0,0,0,0,0,0,0,0,0,0,0,0,0,0,0,0,0,0,0,0,0,0,0
2769299,2025-10-25,2,Rahoveci 029,Sigal Prishtina,"F. Rugova,I. Umipig,K. Pullian,P. Weekes,V. Ejupi","A. Azemi,D. Burns,L. Autrey,M. Janjeva,V. Kakruki",702,781,79,3.0,4.0,2.0,24,25,29,28,5,3,2,2,1,1,0,0,0,1,1,0,0,2,1,2,1,2,1,0,0,0,0,1,0,0,0,0,0,0,0,0,0,0,0,0,0,0,0,0,0,0,0,0,0,0,0,0,0,0,0,0,0,0
2769299,2025-10-25,2,Rahoveci 029,Sigal Prishtina,"B. Rexha,I. Umipig,K. Pullian,P. Weekes,V. Ejupi","D. Burns,D. Polloshka,L. Autrey,M. Janjeva,V. Kakruki",781,824,43,1.5,1.0,2.0,29,28,29,28,0,0,1,0,0,0,0,0,0,2,0,0,1,0,0,2,0,0,0,0,0,0,1,0,0,0,0,0,0,0,0,0,0,0,0,0,0,0,0,0,0,0,0,0,0,0,0,0,0,0,0,0,0,0
2769299,2025-10-25,2,Rahoveci 029,Sigal Prishtina,"B. Rexha,I. Umipig,K. Pullian,P. Weekes,V. Ejupi","D. Burns,D. Haxhosaj,D. Polloshka,L. Autrey,M. Janjeva",824,916,92,2.46,2.93,2.0,29,28,29,31,0,3,3,0,1,0,0,0,1,1,0,0,0,1,0,2,1,1,1,0,0,0,2,1,0,0,0,1,0,0,0,0,0,0,0,0,0,0,0,0,0,0,0,0,0,0,0,0,0,0,0,0,0,0
2769299,2025-10-25,2,Rahoveci 029,Sigal Prishtina,"A. Berisha,B. Rexha,I. Umipig,K. Pullian,P. Weekes","D. Burns,D. Haxhosaj,D. Polloshka,L. Autrey,M. Janjeva",916,940,24,0.55,0.1,1.0,29,31,29,31,0,0,0,0,0,0,0,0,0,1,0,0,0,0,0,1,0,1,0,0,0,0,0,0,0,0,0,0,0,0,0,0,0,0,0,0,0,0,0,0,0,0,0,0,0,0,0,0,0,0,0,0,0,0
2769299,2025-10-25,2,Rahoveci 029,Sigal Prishtina,"A. Berisha,B. Rexha,I. Umipig,J. Jones,K. Pullian","D. Burns,D. Haxhosaj,D. Polloshka,L. Autrey,M. Janjeva",940,993,53,1.5,2.0,1.0,29,31,32,34,3,3,2,1,2,1,0,0,0,0,0,0,0,0,0,1,1,1,1,0,0,0,1,1,0,0,0,0,0,0,0,0,0,0,0,0,0,0,0,0,0,0,0,0,0,0,0,0,0,0,0,0,0,0
2769299,2025-10-25,2,Rahoveci 029,Sigal Prishtina,"A. Berisha,F. Rugova,I. Umipig,J. Jones,K. Pullian","D. Burns,D. Haxhosaj,D. Polloshka,L. Autrey,M. Janjeva",993,1050,57,1.84,1.81,1.88,32,34,33,35,1,1,1,0,1,0,2,1,1,2,0,0,0,1,1,1,0,0,0,2,1,0,0,1,0,0,0,1,0,0,0,0,0,0,0,0,0,0,0,0,0,0,0,0,0,0,0,0,0,0,0,0,0,0
2769299,2025-10-25,2,Rahoveci 029,Sigal Prishtina,"E. Peci,F. Rugova,I. Umipig,J. Jones,P. Weekes","D. Burns,D. Haxhosaj,D. Polloshka,K. Kramer,L. Autrey",1050,1123,73,1.5,1.0,2.0,33,35,33,37,0,2,1,0,0,0,0,0,0,1,0,0,0,0,0,2,1,0,0,0,0,0,1,1,0,0,0,1,0,0,0,0,0,0,0,0,0,0,0,0,0,0,0,0,0,0,0,0,0,0,0,0,0,0
2769299,2025-10-25,2,Rahoveci 029,Sigal Prishtina,"E. Peci,F. Rugova,I. Umipig,J. Jones,P. Weekes","A. Azemi,D. Haxhosaj,D. Polloshka,K. Kramer,L. Autrey",1123,1200,77,1.96,2.0,1.93,33,37,33,41,0,4,1,0,0,0,0,0,0,0,0,0,0,1,1,3,2,1,0,0,0,1,1,1,1,0,0,0,0,0,0,0,0,0,0,0,0,0,0,0,0,0,0,0,0,0,0,0,0,0,0,0,0,0
2769299,2025-10-25,3,Rahoveci 029,Sigal Prishtina,"B. Rexha,I. Umipig,K. Pullian,P. Weekes,V. Ejupi","A. Azemi,A. Bailey,D. Burns,D. Lekndreaj,K. Kramer",1200,1328,128,3.81,3.88,3.74,33,41,35,48,2,7,2,0,2,0,2,2,0,1,0,0,0,1,1,5,2,3,1,2,2,2,2,2,0,0,0,1,0,0,0,0,0,0,0,0,0,0,0,0,0,0,0,0,0,0,0,0,0,0,0,0,0,0
2769299,2025-10-25,3,Rahoveci 029,Sigal Prishtina,"A. Berisha,F. Rugova,I. Umipig,J. Jones,P. Weekes","A. Azemi,A. Bailey,D. Burns,D. Lekndreaj,K. Kramer",1328,1623,295,10.75,9.74,11.76,35,48,44,51,9,3,10,3,5,1,2,2,2,4,3,2,0,1,4,3,0,1,0,4,3,0,5,2,1,0,7,3,0,0,0,0,0,0,0,0,0,0,0,0,0,0,0,0,0,0,0,0,0,0,0,0,0,0
2769299,2025-10-25,3,Rahoveci 029,Sigal Prishtina,"A. Berisha,F. Rugova,I. Umipig,J. Jones,P. Weekes","D. Burns,D. Lekndreaj,K. Kramer,L. Autrey,M. Janjeva",1623,1737,114,1.9,1.86,1.93,44,51,49,55,5,4,4,2,1,1,0,0,2,0,1,0,0,0,0,3,2,1,0,0,0,1,0,0,0,2,0,1,0,0,0,0,0,0,0,0,0,0,0,0,0,0,0,0,0,0,0,0,0,0,0,0,0,0
2769299,2025-10-25,3,Rahoveci 029,Sigal Prishtina,"A. Berisha,F. Rugova,I. Umipig,J. Jones,P. Weekes","D. Burns,D. Polloshka,K. Kramer,L. Autrey,M. Janjeva",1737,1887,150,4.49,5.05,3.93,49,55,50,57,1,2,6,0,4,0,2,1,2,1,0,2,0,0,1,3,1,0,0,0,0,1,5,1,0,0,2,0,0,0,0,0,0,0,0,0,0,0,0,0,0,0,0,0,0,0,0,0,0,0,0,0,0,0
2769299,2025-10-25,4,Rahoveci 029,Sigal Prishtina,"A. Berisha,F. Rugova,I. Umipig,K. Pullian,P. Weekes","A. Azemi,D. Polloshka,K. Kramer,L. Autrey,M. Janjeva",1887,1933,46,0.96,0.93,1.0,50,57,50,59,0,2,2,0,2,0,0,0,1,0,0,0,0,0,0,1,1,0,0,0,0,0,1,1,0,0,0,0,0,0,0,0,0,0,0,0,0,0,0,0,0,0,0,0,0,0,0,0,0,0,0,0,0,0
2769299,2025-10-25,4,Rahoveci 029,Sigal Prishtina,"B. Rexha,F. Rugova,I. Umipig,K. Pullian,P. Weekes","A. Azemi,D. Polloshka,K. Kramer,L. Autrey,M. Janjeva",1933,2007,74,2.62,2.44,2.81,50,59,55,61,5,2,2,2,0,0,1,1,0,2,2,0,0,0,1,3,0,2,0,2,2,1,0,0,0,0,0,2,0,0,0,0,0,0,0,0,0,0,0,0,0,0,0,0,0,0,0,0,0,0,0,0,0,0
2769299,2025-10-25,4,Rahoveci 029,Sigal Prishtina,"B. Rexha,F. Rugova,I. Umipig,K. Pullian,P. Weekes","A. Azemi,D. Polloshka,L. Autrey,M. Janjeva,V. Kakruki",2007,2061,54,2.0,2.0,2.0,55,61,57,64,2,3,2,1,0,0,0,0,0,0,1,0,0,0,0,1,1,1,1,0,0,0,1,1,0,0,1,0,0,0,0,0,0,0,0,0,0,0,0,0,0,0,0,0,0,0,0,0,0,0,0,0,0,0
2769299,2025-10-25,4,Rahoveci 029,Sigal Prishtina,"B. Rexha,F. Rugova,I. Umipig,J. Jones,P. Weekes","A. Azemi,D. Polloshka,L. Autrey,M. Janjeva,V. Kakruki",2061,2215,154,4.19,4.0,4.37,57,64,64,69,7,5,4,3,1,1,0,0,0,1,3,0,0,0,1,4,2,1,0,1,1,1,1,0,0,0,1,0,0,0,0,0,0,0,0,0,0,0,0,0,0,0,0,0,0,0,0,0,0,0,0,0,0,0
2769299,2025-10-25,4,Rahoveci 029,Sigal Prishtina,"B. Rexha,F. Rugova,I. Umipig,J. Jones,P. Weekes","A. Azemi,A. Bailey,D. Polloshka,K. Kramer,L. Autrey",2215,2235,20,0.55,1.0,0.1,64,69,64,69,0,0,0,0,0,0,0,0,0,0,0,0,0,1,1,0,0,0,0,0,0,0,0,0,1,0,0,0,0,0,0,0,0,0,0,0,0,0,0,0,0,0,0,0,0,0,0,0,0,0,0,0,0,0
2769299,2025-10-25,4,Rahoveci 029,Sigal Prishtina,"A. Berisha,B. Rexha,I. Umipig,J. Jones,P. Weekes","A. Azemi,A. Bailey,D. Polloshka,K. Kramer,L. Autrey",2235,2308,73,0.87,0.86,0.88,64,69,64,71,0,2,3,0,1,0,0,0,2,0,0,0,0,0,2,0,0,0,0,2,2,0,1,0,0,2,0,0,0,0,0,0,0,0,0,0,0,0,0,0,0,0,0,0,0,0,0,0,0,0,0,0,0,0
2769299,2025-10-25,4,Rahoveci 029,Sigal Prishtina,"A. Berisha,B. Rexha,I. Umipig,K. Pullian,P. Weekes","A. Azemi,A. Bailey,D. Burns,D. Polloshka,K. Kramer",2308,2321,13,1.0,1.0,1.0,64,73,64,73,0,0,1,0,1,0,0,0,0,0,0,0,0,0,0,0,0,0,0,0,0,0,1,0,0,0,1,0,0,0,0,0,0,0,0,0,0,0,0,0,0,0,0,0,0,0,0,0,0,0,0,0,0,0
2769299,2025-10-25,4,Rahoveci 029,Sigal Prishtina,"A. Berisha,B. Rexha,I. Umipig,K. Pullian,P. Weekes","A. Azemi,A. Bailey,D. Burns,D. Polloshka,L. Autrey",2321,2392,71,3.38,4.0,2.76,64,73,68,77,4,4,3,2,1,0,0,0,0,1,1,0,0,1,2,1,1,0,0,4,2,0,1,1,0,0,0,0,0,0,0,0,0,0,0,0,0,0,0,0,0,0,0,0,0,0,0,0,0,0,0,0,0,0
2773339,2025-11-01,1,Bashkimi,Sigal Prishtina,"D. Lake,I. Cousins,J. Palokaj,K. Anderson,L. Zeqiri","A. Azemi,D. Burns,D. Haxhosaj,K. Kramer,L. Autrey",0,257,257,9.17,9.25,9.1,0,0,15,8,15,8,9,6,1,0,3,3,1,4,2,1,0,0,2,8,3,2,1,2,1,2,2,1,0,1,2,2,0,0,0,0,0,0,0,0,0,0,0,0,0,0,0,0,0,0,0,0,0,0,0,0,0,0
2773339,2025-11-01,1,Bashkimi,Sigal Prishtina,"D. Lake,I. Cousins,J. Palokaj,K. Anderson,L. Zeqiri","A. Azemi,A. Bailey,D. Burns,L. Autrey,V. Kakruki",257,374,117,2.43,2.86,2.0,15,8,17,10,2,2,4,1,2,0,0,0,2,0,0,1,0,1,1,1,1,0,0,0,0,0,1,1,0,0,1,1,0,0,0,0,0,0,0,0,0,0,0,0,0,0,0,0,0,0,0,0,0,0,0,0,0,0
2773339,2025-11-01,1,Bashkimi,Sigal Prishtina,"D. Lake,I. Cousins,J. Baily,J. Palokaj,V. Bunjaku","A. Azemi,A. Bailey,D. Burns,L. Autrey,V. Kakruki",374,442,68,1.94,1.88,2.0,17,10,18,15,1,5,1,0,1,0,2,1,0,0,1,0,0,0,0,2,2,1,1,0,0,0,1,1,0,0,0,1,0,0,0,0,0,0,0,0,0,0,0,0,0,0,0,0,0,0,0,0,0,0,0,0,0,0
2773339,2025-11-01,1,Bashkimi,Sigal Prishtina,"I. Cousins,J. Baily,J. Palokaj,T. Bickerstaff,V. Bunjaku","A. Azemi,A. Bailey,D. Burns,L. Autrey,V. Kakruki",442,547,105,3.94,3.88,4.0,18,15,21,19,3,4,1,1,0,0,2,1,0,0,0,2,0,2,0,2,2,0,0,0,0,0,0,1,2,0,2,1,0,0,0,0,0,0,0,0,0,0,0,0,0,0,0,0,0,0,0,0,0,0,0,0,0,0
2773339,2025-11-01,1,Bashkimi,Sigal Prishtina,"J. Baily,J. Palokaj,K. Anderson,T. Bickerstaff,V. Bunjaku","A. Azemi,A. Bailey,D. Lekndreaj,L. Autrey,V. Kakruki",547,600,53,1.44,0.88,2.0,21,19,22,19,1,0,0,0,0,0,2,1,0,1,0,0,0,0,1,2,0,1,0,0,0,0,0,0,0,0,0,1,0,0,0,0,0,0,0,0,0,0,0,0,0,0,0,0,0,0,0,0,0,0,0,0,0,0
2773339,2025-11-01,2,Bashkimi,Sigal Prishtina,"J. Baily,K. Anderson,L. Zeqiri,T. Bickerstaff,V. Bunjaku","A. Azemi,A. Bailey,D. Lekndreaj,L. Autrey,V. Kakruki",600,701,101,2.9,2.88,2.93,22,19,29,24,7,5,2,2,1,1,2,2,0,1,2,0,0,0,1,4,2,2,1,0,0,1,0,1,0,0,0,1,0,0,0,0,0,0,0,0,0,0,0,0,0,0,0,0,0,0,0,0,0,0,0,0,0,0
2773339,2025-11-01,2,Bashkimi,Sigal Prishtina,"J. Baily,K. Anderson,L. Zeqiri,T. Bickerstaff,V. Bunjaku","A. Bailey,D. Burns,D. Lekndreaj,D. Polloshka,V. Kakruki",701,723,22,0.55,1.0,0.1,29,25,29,25,0,0,1,0,1,0,0,0,0,0,0,0,0,0,1,0,0,0,0,0,0,0,1,0,0,0,0,0,0,0,0,0,0,0,0,0,0,0,0,0,0,0,0,0,0,0,0,0,0,0,0,0,0,0
2773339,2025-11-01,2,Bashkimi,Sigal Prishtina,"D. Lake,J. Baily,K. Anderson,L. Zeqiri,V. Bunjaku","A. Bailey,D. Burns,D. Lekndreaj,D. Polloshka,K. Kramer",723,790,67,1.96,2.0,1.93,29,25,34,27,5,2,2,2,1,1,0,0,0,0,1,0,0,0,0,2,1,1,0,0,0,1,0,0,0,0,1,0,0,0,0,0,0,0,0,0,0,0,0,0,0,0,0,0,0,0,0,0,0,0,0,0,0,0
2773339,2025-11-01,2,Bashkimi,Sigal Prishtina,"D. Lake,I. Cousins,J. Baily,L. Zeqiri,V. Bunjaku","A. Bailey,D. Burns,D. Lekndreaj,D. Polloshka,K. Kramer",790,980,190,4.85,4.72,4.99,34,27,38,28,4,1,8,2,2,0,0,0,4,5,0,0,0,1,3,5,0,4,0,2,1,1,2,1,1,0,0,2,0,0,0,0,0,0,0,0,0,0,0,0,0,0,0,0,0,0,0,0,0,0,0,0,0,0
2773339,2025-11-01,2,Bashkimi,Sigal Prishtina,"I. Cousins,J. Baily,L. Zeqiri,T. Bickerstaff,V. Bunjaku","A. Azemi,A. Bailey,D. Burns,D. Lekndreaj,D. Polloshka",980,1026,46,1.94,2.0,1.88,38,28,42,30,4,2,2,2,0,0,0,0,0,1,1,0,0,0,0,1,1,0,0,2,0,0,0,1,0,0,0,1,0,0,0,0,0,0,0,0,0,0,0,0,0,0,0,0,0,0,0,0,0,0,0,0,0,0
2773339,2025-11-01,2,Bashkimi,Sigal Prishtina,"I. Cousins,J. Palokaj,K. Anderson,L. Zeqiri,T. Bickerstaff","A. Azemi,A. Bailey,D. Burns,D. Lekndreaj,L. Autrey",1026,1082,56,2.16,2.32,2.0,42,30,47,32,5,2,1,1,0,0,3,3,0,0,0,1,0,0,0,1,1,0,0,0,0,0,0,0,0,0,1,1,0,0,0,0,0,0,0,0,0,0,0,0,0,0,0,0,0,0,0,0,0,0,0,0,0,0
2773339,2025-11-01,2,Bashkimi,Sigal Prishtina,"I. Cousins,J. Palokaj,L. Zeqiri,T. Bickerstaff,V. Bunjaku","A. Azemi,A. Bailey,D. Lekndreaj,K. Kramer,L. Autrey",1082,1146,64,2.43,1.93,2.93,47,32,47,34,0,2,1,0,0,0,0,0,1,1,0,1,0,2,0,3,1,1,0,0,0,1,0,0,2,0,1,0,0,0,0,0,0,0,0,0,0,0,0,0,0,0,0,0,0,0,0,0,0,0,0,0,0,0
2773339,2025-11-01,2,Bashkimi,Sigal Prishtina,"I. Cousins,J. Baily,J. Palokaj,T. Bickerstaff,V. Bunjaku","A. Azemi,A. Bailey,D. Lekndreaj,K. Kramer,L. Autrey",1146,1187,41,0.94,1.0,0.88,47,34,49,36,2,2,1,1,0,0,0,0,0,0,0,0,0,0,1,0,0,0,0,2,2,0,0,0,0,0,0,0,0,0,0,0,0,0,0,0,0,0,0,0,0,0,0,0,0,0,0,0,0,0,0,0,0,0
2773339,2025-11-01,2,Bashkimi,Sigal Prishtina,"I. Cousins,J. Baily,J. Palokaj,K. Anderson,V. Bunjaku","A. Azemi,A. Bailey,D. Lekndreaj,L. Autrey,V. Kakruki",1187,1200,13,0.55,1.0,0.1,49,36,51,36,2,0,1,1,0,0,0,0,0,0,1,0,0,0,0,0,0,0,0,0,0,0,0,0,0,0,0,0,0,0,0,0,0,0,0,0,0,0,0,0,0,0,0,0,0,0,0,0,0,0,0,0,0,0
2773339,2025-11-01,3,Bashkimi,Sigal Prishtina,"D. Lake,I. Cousins,J. Palokaj,K. Anderson,L. Zeqiri","A. Azemi,A. Bailey,D. Burns,L. Autrey,V. Kakruki",1200,1403,203,7.37,7.81,6.93,51,36,59,46,8,10,4,3,1,1,2,1,1,1,3,1,1,4,1,6,4,2,2,0,0,1,0,3,1,1,2,1,0,0,0,0,0,0,0,0,0,0,0,0,0,0,0,0,0,0,0,0,0,0,0,0,0,0
2773339,2025-11-01,3,Bashkimi,Sigal Prishtina,"I. Cousins,J. Palokaj,K. Anderson,L. Zeqiri,T. Bickerstaff","A. Azemi,A. Bailey,D. Burns,L. Autrey,V. Kakruki",1403,1573,170,5.9,5.88,5.93,59,46,66,52,7,6,5,3,2,0,2,1,0,2,3,1,0,0,1,6,3,1,0,0,0,1,2,0,0,0,1,1,0,0,0,0,0,0,0,0,0,0,0,0,0,0,0,0,0,0,0,0,0,0,0,0,0,0
2773339,2025-11-01,3,Bashkimi,Sigal Prishtina,"I. Cousins,J. Baily,J. Palokaj,T. Bickerstaff,V. Bunjaku","A. Azemi,A. Bailey,D. Burns,L. Autrey,V. Kakruki",1573,1687,114,3.16,3.44,2.88,66,52,71,59,5,7,3,2,2,1,1,0,0,0,0,0,0,0,3,2,2,1,1,2,2,0,1,1,0,0,0,1,0,0,0,0,0,0,0,0,0,0,0,0,0,0,0,0,0,0,0,0,0,0,0,0,0,0
2773339,2025-11-01,3,Bashkimi,Sigal Prishtina,"I. Cousins,J. Baily,J. Palokaj,T. Bickerstaff,V. Bunjaku","A. Azemi,A. Bailey,D. Haxhosaj,D. Lekndreaj,L. Autrey",1687,1711,24,0.49,0.88,0.1,71,60,72,60,1,0,0,0,0,0,2,1,0,0,1,0,0,0,1,0,0,0,0,0,0,0,1,0,0,0,0,2,0,0,0,0,0,0,0,0,0,0,0,0,0,0,0,0,0,0,0,0,0,0,0,0,0,0
2773339,2025-11-01,3,Bashkimi,Sigal Prishtina,"J. Baily,K. Anderson,L. Zeqiri,T. Bickerstaff,V. Bunjaku","A. Azemi,A. Bailey,D. Haxhosaj,D. Lekndreaj,L. Autrey",1711,1778,67,3.6,1.88,5.32,72,60,76,66,4,6,1,1,0,0,2,2,0,0,1,0,0,0,1,2,2,1,1,3,1,1,0,1,0,0,2,2,0,0,0,0,0,0,0,0,0,0,0,0,0,0,0,0,0,0,0,0,0,0,0,0,0,0
2773339,2025-11-01,3,Bashkimi,Sigal Prishtina,"I. Cousins,J. Baily,K. Anderson,L. Zeqiri,V. Bunjaku","A. Azemi,A. Bailey,D. Haxhosaj,D. Lekndreaj,L. Autrey",1778,1853,75,2.44,2.88,2.0,76,66,81,72,5,6,2,2,0,0,2,1,0,0,1,0,0,0,2,2,2,2,2,0,0,0,0,2,0,0,0,0,0,0,0,0,0,0,0,0,0,0,0,0,0,0,0,0,0,0,0,0,0,0,0,0,0,0
2773339,2025-11-01,4,Bashkimi,Sigal Prishtina,"I. Cousins,J. Palokaj,K. Anderson,L. Zeqiri,T. Bickerstaff","A. Azemi,A. Bailey,D. Haxhosaj,D. Lekndreaj,L. Autrey",1853,1854,1,0.1,0.1,0.1,81,72,81,72,0,0,0,0,0,0,0,0,0,0,0,0,0,0,0,0,0,0,0,0,0,0,0,0,0,0,0,1,0,0,0,0,0,0,0,0,0,0,0,0,0,0,0,0,0,0,0,0,0,0,0,0,0,0
2773339,2025-11-01,4,Bashkimi,Sigal Prishtina,"I. Cousins,J. Palokaj,K. Anderson,L. Zeqiri,T. Bickerstaff","A. Azemi,A. Bailey,D. Lekndreaj,L. Autrey,V. Kakruki",1854,2001,147,4.94,4.88,5.0,81,72,89,78,8,6,3,3,1,1,2,1,0,0,3,2,0,1,0,3,3,0,0,0,0,0,0,3,1,0,2,0,0,0,0,0,0,0,0,0,0,0,0,0,0,0,0,0,0,0,0,0,0,0,0,0,0,0
2773339,2025-11-01,4,Bashkimi,Sigal Prishtina,"D. Lake,I. Cousins,J. Palokaj,K. Anderson,L. Zeqiri","A. Azemi,A. Bailey,D. Burns,L. Autrey,V. Kakruki",2001,2132,131,4.0,5.0,3.0,89,78,92,80,3,2,2,1,2,1,0,0,0,2,1,0,0,3,2,3,1,0,0,0,0,0,1,0,0,0,0,0,0,0,0,0,0,0,0,0,0,0,0,0,0,0,0,0,0,0,0,0,0,0,0,0,0,0
2773339,2025-11-01,4,Bashkimi,Sigal Prishtina,"D. Lake,I. Cousins,J. Palokaj,K. Anderson,V. Bunjaku","A. Azemi,A. Bailey,D. Burns,L. Autrey,V. Kakruki",2132,2250,118,5.44,5.0,5.88,92,80,97,82,5,2,3,2,1,1,0,0,0,3,2,1,0,2,1,4,1,1,0,2,0,0,1,1,1,0,1,0,0,0,0,0,0,0,0,0,0,0,0,0,0,0,0,0,0,0,0,0,0,0,0,0,0,0
2773339,2025-11-01,4,Bashkimi,Sigal Prishtina,"D. Lake,I. Cousins,J. Palokaj,K. Anderson,V. Bunjaku","A. Azemi,A. Bailey,B. Istrefi,D. Burns,D. Lekndreaj",2250,2288,38,1.46,2.0,0.93,97,82,97,85,0,3,0,0,0,0,0,0,0,0,0,0,0,2,1,2,1,2,1,0,0,1,0,1,0,0,0,0,0,0,0,0,0,0,0,0,0,0,0,0,0,0,0,0,0,0,0,0,0,0,0,0,0,0
2773339,2025-11-01,4,Bashkimi,Sigal Prishtina,"I. Cousins,J. Palokaj,K. Anderson,T. Bickerstaff,V. Bunjaku","A. Azemi,A. Bailey,B. Istrefi,D. Burns,D. Lekndreaj",2288,2393,105,5.4,4.93,5.88,97,85,106,88,9,3,6,4,1,1,0,0,1,2,1,1,0,0,2,2,1,1,1,2,0,0,1,1,0,1,3,1,0,0,0,0,0,0,0,0,0,0,0,0,0,0,0,0,0,0,0,0,0,0,0,0,0,0
2773340,2025-11-02,1,GO+Peja,Rahoveci 029,"A. Herndon,D. Berisha,J. Johnson,M. Mala,T. Green","B. Rexha,F. Rugova,I. Umipig,K. Pullian,P. Weekes",0,211,211,7.5,8.0,7.0,0,0,6,2,6,2,5,2,4,2,0,0,0,6,1,0,0,3,0,7,1,5,0,0,0,0,3,0,2,0,0,2,0,0,0,0,0,0,0,0,0,0,0,0,0,0,0,0,0,0,0,0,0,0,0,0,0,0
2773340,2025-11-02,1,GO+Peja,Rahoveci 029,"A. Herndon,D. Berisha,J. Johnson,M. Mala,T. Green","B. Rexha,F. Rugova,I. Umipig,J. Roche,K. Pullian",211,325,114,4.0,4.0,4.0,6,2,9,8,3,6,2,1,2,1,0,0,0,0,1,1,0,2,1,3,3,0,0,0,0,0,1,3,1,0,1,0,0,0,0,0,0,0,0,0,0,0,0,0,0,0,0,0,0,0,0,0,0,0,0,0,0,0
2773340,2025-11-02,1,GO+Peja,Rahoveci 029,"A. Herndon,C. Edwards,D. Berisha,J. Johnson,M. Mala","F. Rugova,I. Umipig,J. Roche,K. Pullian,V. Ejupi",325,356,31,1.87,1.86,1.88,9,8,9,9,0,1,3,0,1,0,0,0,2,1,0,1,0,1,0,0,0,0,0,2,1,0,1,0,0,0,1,0,0,0,0,0,0,0,0,0,0,0,0,0,0,0,0,0,0,0,0,0,0,0,0,0,0,0
2773340,2025-11-02,1,GO+Peja,Rahoveci 029,"A. Hajdari,A. Herndon,C. Edwards,J. Johnson,M. Mala","F. Rugova,I. Umipig,J. Jones,J. Roche,V. Ejupi",356,419,63,1.43,1.0,1.86,9,9,11,11,2,2,1,1,0,0,0,0,0,0,1,0,0,0,1,3,1,1,0,0,0,2,0,0,0,0,1,0,0,0,0,0,0,0,0,0,0,0,0,0,0,0,0,0,0,0,0,0,0,0,0,0,0,0
2773340,2025-11-02,1,GO+Peja,Rahoveci 029,"A. Hajdari,C. Edwards,J. Johnson,M. Mala,T. Green","F. Rugova,I. Umipig,J. Jones,J. Roche,V. Ejupi",419,454,35,1.44,1.44,1.44,11,11,14,13,3,2,1,1,0,0,1,1,0,1,0,0,0,0,0,1,1,0,0,1,0,0,0,1,0,0,0,2,0,0,0,0,0,0,0,0,0,0,0,0,0,0,0,0,0,0,0,0,0,0,0,0,0,0
2773340,2025-11-02,1,GO+Peja,Rahoveci 029,"A. Hajdari,C. Edwards,J. Johnson,M. Mala,T. Green","F. Rugova,I. Umipig,J. Roche,P. Weekes,V. Ejupi",454,480,26,0.55,1.0,0.1,14,13,17,13,3,0,1,1,1,1,0,0,0,0,1,0,0,0,1,0,0,0,0,0,0,0,0,0,0,0,0,0,0,0,0,0,0,0,0,0,0,0,0,0,0,0,0,0,0,0,0,0,0,0,0,0,0,0
2773340,2025-11-02,1,GO+Peja,Rahoveci 029,"A. Hajdari,A. Herndon,J. Johnson,M. Armstead,T. Green","F. Rugova,I. Umipig,J. Roche,P. Weekes,V. Ejupi",480,572,92,3.58,3.17,4.0,17,13,20,16,3,3,3,1,0,0,2,1,1,2,0,0,0,0,1,3,1,1,1,0,0,0,2,0,0,0,1,1,0,0,0,0,0,0,0,0,0,0,0,0,0,0,0,0,0,0,0,0,0,0,0,0,0,0
2773340,2025-11-02,1,GO+Peja,Rahoveci 029,"A. Hajdari,A. Herndon,D. Morris,M. Armstead,T. Green","F. Rugova,I. Umipig,J. Roche,K. Pullian,V. Ejupi",572,741,169,4.46,3.93,5.0,20,16,27,21,7,5,4,3,2,1,0,0,1,1,1,1,0,1,1,4,2,2,1,0,0,0,0,0,0,0,1,1,0,0,0,0,0,0,0,0,0,0,0,0,0,0,0,0,0,0,0,0,0,0,0,0,0,0
2773340,2025-11-02,2,GO+Peja,Rahoveci 029,"A. Hajdari,A. Herndon,D. Morris,M. Armstead,T. Green","E. Peci,F. Rugova,I. Umipig,J. Roche,K. Pullian",741,763,22,0.94,0.88,1.0,27,21,29,21,2,0,0,0,0,0,2,2,0,1,0,0,0,0,0,1,0,0,0,0,0,0,0,0,0,0,0,1,0,0,0,0,0,0,0,0,0,0,0,0,0,0,0,0,0,0,0,0,0,0,0,0,0,0
2773340,2025-11-02,2,GO+Peja,Rahoveci 029,"A. Hajdari,A. Herndon,D. Morris,M. Armstead,T. Green","E. Peci,F. Rugova,I. Umipig,J. Jones,J. Roche",763,805,42,0.93,0.93,0.93,29,21,31,21,2,0,2,1,0,0,0,0,1,1,1,0,0,0,0,2,0,1,0,0,0,1,0,0,0,0,0,0,0,0,0,0,0,0,0,0,0,0,0,0,0,0,0,0,0,0,0,0,0,0,0,0,0,0
2773340,2025-11-02,2,GO+Peja,Rahoveci 029,"A. Herndon,D. Berisha,D. Morris,M. Armstead,T. Green","E. Peci,F. Rugova,I. Umipig,J. Jones,J. Roche",805,825,20,0.1,0.1,0.1,31,21,31,21,0,0,0,0,0,0,0,0,0,0,0,0,0,0,0,0,0,0,0,0,0,0,0,0,0,0,0,1,0,0,0,0,0,0,0,0,0,0,0,0,0,0,0,0,0,0,0,0,0,0,0,0,0,0
2773340,2025-11-02,2,GO+Peja,Rahoveci 029,"A. Herndon,D. Berisha,J. Johnson,M. Armstead,T. Green","E. Peci,F. Rugova,I. Umipig,J. Jones,J. Roche",825,869,44,1.5,2.0,1.0,31,21,31,24,0,3,1,0,0,0,0,0,0,0,0,0,0,1,1,1,1,1,1,0,0,0,1,0,1,0,0,0,0,0,0,0,0,0,0,0,0,0,0,0,0,0,0,0,0,0,0,0,0,0,0,0,0,0
2773340,2025-11-02,2,GO+Peja,Rahoveci 029,"C. Edwards,D. Berisha,J. Johnson,M. Armstead,T. Green","E. Peci,F. Rugova,I. Umipig,J. Jones,J. Roche",869,885,16,0.78,0.1,1.45,31,24,31,25,0,1,0,0,0,0,0,0,0,1,0,0,0,0,0,2,0,1,0,2,1,2,0,1,0,0,0,0,0,0,0,0,0,0,0,0,0,0,0,0,0,0,0,0,0,0,0,0,0,0,0,0,0,0
2773340,2025-11-02,2,GO+Peja,Rahoveci 029,"C. Edwards,D. Berisha,J. Johnson,M. Armstead,T. Green","E. Peci,F. Rugova,I. Umipig,J. Jones,P. Weekes",885,946,61,2.0,2.0,2.0,31,25,33,29,2,4,2,1,0,0,0,0,0,0,0,0,0,0,0,2,2,0,0,0,0,0,1,1,0,0,0,1,0,0,0,0,0,0,0,0,0,0,0,0,0,0,0,0,0,0,0,0,0,0,0,0,0,0
2773340,2025-11-02,2,GO+Peja,Rahoveci 029,"C. Edwards,D. Berisha,J. Johnson,M. Mala,T. Green","E. Peci,F. Rugova,I. Umipig,J. Jones,P. Weekes",946,1103,157,3.4,3.79,3.0,33,29,42,34,9,5,7,4,1,1,0,0,3,1,3,0,0,0,1,3,2,1,1,0,0,0,0,1,0,0,0,0,0,0,0,0,0,0,0,0,0,0,0,0,0,0,0,0,0,0,0,0,0,0,0,0,0,0
2773340,2025-11-02,2,GO+Peja,Rahoveci 029,"C. Edwards,D. Berisha,J. Johnson,M. Mala,T. Green","E. Peci,F. Rugova,I. Umipig,J. Jones,J. Roche",1103,1157,54,1.96,2.0,1.93,42,34,46,34,4,0,2,2,0,0,0,0,0,1,2,1,0,0,1,2,0,1,0,0,0,1,0,0,0,0,1,0,0,0,0,0,0,0,0,0,0,0,0,0,0,0,0,0,0,0,0,0,0,0,0,0,0,0
2773340,2025-11-02,2,GO+Peja,Rahoveci 029,"A. Hajdari,C. Edwards,D. Berisha,J. Johnson,T. Green","B. Rexha,E. Peci,I. Umipig,J. Jones,J. Roche",1157,1200,43,1.46,1.0,1.93,46,34,48,37,2,3,1,1,0,0,0,0,0,1,1,0,0,0,0,3,1,2,1,0,0,1,0,0,0,0,0,0,0,0,0,0,0,0,0,0,0,0,0,0,0,0,0,0,0,0,0,0,0,0,0,0,0,0
2773340,2025-11-02,3,GO+Peja,Rahoveci 029,"C. Edwards,D. Berisha,J. Johnson,M. Mala,T. Green","B. Rexha,F. Rugova,I. Umipig,J. Roche,K. Pullian",1200,1269,69,2.12,2.25,2.0,48,37,51,37,3,0,2,0,2,0,3,3,1,1,0,0,0,0,0,1,0,0,0,0,0,0,1,0,0,0,1,1,0,0,0,0,0,0,0,0,0,0,0,0,0,0,0,0,0,0,0,0,0,0,0,0,0,0
2773340,2025-11-02,3,GO+Peja,Rahoveci 029,"C. Edwards,D. Berisha,J. Johnson,M. Mala,T. Green","B. Rexha,I. Umipig,J. Roche,K. Pullian,K. Ujkani",1269,1447,178,5.4,4.81,6.0,51,37,55,47,4,10,3,1,1,0,2,2,1,1,0,0,0,2,0,6,5,1,0,0,0,0,1,1,2,0,0,2,0,0,0,0,0,0,0,0,0,0,0,0,0,0,0,0,0,0,0,0,0,0,0,0,0,0
2773340,2025-11-02,3,GO+Peja,Rahoveci 029,"A. Herndon,D. Berisha,J. Johnson,M. Mala,T. Green","B. Rexha,I. Umipig,J. Roche,K. Pullian,K. Ujkani",1447,1525,78,2.87,3.0,2.74,55,47,55,53,0,6,2,0,1,0,0,0,0,0,0,0,1,1,1,4,2,1,1,2,1,2,2,1,0,0,0,1,0,0,0,0,0,0,0,0,0,0,0,0,0,0,0,0,0,0,0,0,0,0,0,0,0,0
2773340,2025-11-02,3,GO+Peja,Rahoveci 029,"A. Hajdari,A. Herndon,D. Morris,M. Armstead,T. Green","B. Rexha,I. Umipig,J. Roche,K. Pullian,K. Ujkani",1525,1725,200,5.64,5.84,5.44,55,53,59,56,4,3,5,2,0,0,1,0,2,2,0,0,0,2,3,3,1,2,0,1,1,0,2,0,1,1,2,2,0,0,0,0,0,0,0,0,0,0,0,0,0,0,0,0,0,0,0,0,0,0,0,0,0,0
2773340,2025-11-02,3,GO+Peja,Rahoveci 029,"A. Hajdari,A. Herndon,C. Edwards,D. Morris,M. Armstead","B. Rexha,F. Rugova,I. Umipig,J. Jones,P. Weekes",1725,1800,75,3.0,2.0,4.0,60,56,66,56,6,0,2,2,2,2,0,0,0,1,1,0,0,0,0,2,0,1,0,0,0,0,0,0,0,0,2,1,0,0,0,0,0,0,0,0,0,0,0,0,0,0,0,0,0,0,0,0,0,0,0,0,0,0
2773340,2025-11-02,4,GO+Peja,Rahoveci 029,"A. Hajdari,A. Herndon,C. Edwards,D. Morris,M. Armstead","F. Rugova,I. Umipig,J. Roche,K. Pullian,V. Ejupi",1800,1935,135,4.46,5.0,3.93,66,56,73,58,7,2,3,3,1,1,0,0,0,2,2,1,0,2,1,4,1,2,0,0,0,1,0,0,0,0,1,2,0,0,0,0,0,0,0,0,0,0,0,0,0,0,0,0,0,0,0,0,0,0,0,0,0,0
2773340,2025-11-02,4,GO+Peja,Rahoveci 029,"A. Hajdari,C. Edwards,D. Morris,M. Armstead,T. Green","F. Rugova,I. Umipig,J. Jones,J. Roche,V. Ejupi",1935,2043,108,4.46,3.93,5.0,73,58,77,62,4,4,5,2,1,0,0,0,1,1,1,1,0,0,1,3,2,0,0,0,0,0,2,1,0,0,2,1,0,0,0,0,0,0,0,0,0,0,0,0,0,0,0,0,0,0,0,0,0,0,0,0,0,0
2773340,2025-11-02,4,GO+Peja,Rahoveci 029,"C. Edwards,D. Berisha,D. Morris,M. Armstead,T. Green","F. Rugova,H. Durguti,I. Umipig,J. Jones,J. Roche",2043,2107,64,2.46,3.0,1.93,77,62,79,65,2,3,1,1,0,0,0,0,0,0,1,1,0,2,0,2,1,2,1,0,0,1,0,1,0,0,1,0,0,0,0,0,0,0,0,0,0,0,0,0,0,0,0,0,0,0,0,0,0,0,0,0,0,0
2773340,2025-11-02,4,GO+Peja,Rahoveci 029,"C. Edwards,D. Berisha,J. Johnson,M. Armstead,T. Green","F. Rugova,H. Durguti,I. Umipig,J. Roche,K. Pullian",2107,2204,97,2.59,2.0,3.18,79,65,79,68,0,3,1,0,0,0,0,0,0,2,0,0,0,1,3,4,0,2,0,3,3,2,1,0,0,0,0,1,0,0,0,0,0,0,0,0,0,0,0,0,0,0,0,0,0,0,0,0,0,0,0,0,0,0
2773340,2025-11-02,4,GO+Peja,Rahoveci 029,"A. Herndon,D. Berisha,J. Johnson,M. Armstead,T. Green","F. Rugova,H. Durguti,I. Umipig,J. Roche,K. Pullian",2204,2339,135,3.99,4.17,3.81,79,68,84,74,5,6,4,2,1,0,2,1,1,1,2,0,1,0,1,4,2,1,1,2,1,1,2,0,0,0,0,2,0,0,0,0,0,0,0,0,0,0,0,0,0,0,0,0,0,0,0,0,0,0,0,0,0,0
2773340,2025-11-02,4,GO+Peja,Rahoveci 029,"A. Herndon,J. Johnson,M. Armstead,M. Mala,T. Green","F. Rugova,H. Durguti,I. Umipig,J. Roche,K. Pullian",2339,2399,60,2.94,2.88,3.0,84,74,87,79,3,5,2,1,1,0,2,1,0,0,1,0,0,0,0,3,2,2,1,0,0,0,2,1,0,0,0,0,0,0,0,0,0,0,0,0,0,0,0,0,0,0,0,0,0,0,0,0,0,0,0,0,0,0
2773342,2025-11-02,1,Vëllaznimi,Bora,"A. Koshi,J. Ismajli,L. Colimerio,M. Warrick,Y. Anei","A. Mekic,G. Singleton,J. Zeqiri,R. Memedi,S. Jules",0,356,356,9.26,9.72,8.81,0,0,7,4,7,4,13,3,8,1,0,0,4,5,2,1,0,1,3,7,1,3,1,2,1,1,6,1,0,0,2,2,0,0,0,0,0,0,0,0,0,0,0,0,0,0,0,0,0,0,0,0,0,0,0,0,0,0
2773342,2025-11-02,1,Vëllaznimi,Bora,"A. Koshi,M. Warrick,R. Dahsyla,Y. Anei,Z. Reid","A. Mekic,G. Singleton,J. Zeqiri,R. Memedi,S. Jules",356,447,91,2.62,2.37,2.88,7,4,10,7,3,3,3,1,1,0,1,1,1,1,0,0,0,0,0,2,1,1,0,2,1,0,1,1,0,0,0,1,0,0,0,0,0,0,0,0,0,0,0,0,0,0,0,0,0,0,0,0,0,0,0,0,0,0
2773342,2025-11-02,1,Vëllaznimi,Bora,"A. Koshi,M. Warrick,R. Dahsyla,Y. Anei,Z. Reid","A. Mekic,D. Taylor,J. Zeqiri,O. Kurtaj,T. Jackson",447,493,46,2.88,2.88,2.88,10,7,13,11,3,4,2,1,1,0,2,1,0,0,0,1,0,0,1,1,1,0,0,2,2,0,2,1,0,0,1,0,0,0,0,0,0,0,0,0,0,0,0,0,0,0,0,0,0,0,0,0,0,0,0,0,0,0
2773342,2025-11-02,1,Vëllaznimi,Bora,"A. Koshi,J. Ismajli,K. Ezeagu,R. Dahsyla,Z. Reid","A. Mekic,D. Taylor,J. Zeqiri,O. Kurtaj,T. Jackson",493,679,186,4.72,5.44,4.0,13,11,21,21,8,10,4,3,1,1,1,1,0,0,0,0,0,1,1,4,4,2,2,0,0,0,1,3,1,0,0,1,0,0,0,0,0,0,0,0,0,0,0,0,0,0,0,0,0,0,0,0,0,0,0,0,0,0
2773342,2025-11-02,2,Vëllaznimi,Bora,"J. Ismajli,K. Ezeagu,L. Colimerio,R. Dahsyla,Z. Reid","A. Mekic,D. Taylor,J. Zeqiri,O. Kurtaj,T. Jackson",679,740,61,2.72,2.0,3.44,21,21,23,25,2,4,2,1,0,0,0,0,0,2,1,0,0,0,1,3,2,0,0,1,0,0,1,0,0,0,0,1,0,0,0,0,0,0,0,0,0,0,0,0,0,0,0,0,0,0,0,0,0,0,0,0,0,0
2773342,2025-11-02,2,Vëllaznimi,Bora,"J. Ismajli,L. Colimerio,R. Dahsyla,Y. Anei,Z. Reid","A. Mekic,D. Taylor,J. Zeqiri,O. Kurtaj,T. Jackson",740,776,36,0.55,1.0,0.1,23,25,25,25,2,0,1,1,0,0,0,0,0,0,1,0,0,0,1,1,0,1,0,0,0,1,0,0,0,0,0,0,0,0,0,0,0,0,0,0,0,0,0,0,0,0,0,0,0,0,0,0,0,0,0,0,0,0
2773342,2025-11-02,2,Vëllaznimi,Bora,"J. Ismajli,L. Colimerio,M. Warrick,R. Dahsyla,Y. Anei","D. Taylor,G. Singleton,J. Zeqiri,O. Kurtaj,T. Jackson",776,827,51,1.94,2.0,1.88,25,25,27,26,2,1,2,1,0,0,0,0,0,1,1,0,0,0,0,1,0,1,0,2,1,0,1,0,0,1,0,0,0,0,0,0,0,0,0,0,0,0,0,0,0,0,0,0,0,0,0,0,0,0,0,0,0,0
2773342,2025-11-02,2,Vëllaznimi,Bora,"A. Koshi,L. Colimerio,M. Warrick,R. Dahsyla,Y. Anei","D. Taylor,G. Singleton,J. Zeqiri,O. Kurtaj,T. Jackson",827,903,76,1.46,1.0,1.93,27,26,30,28,3,2,1,1,1,1,0,0,0,0,0,0,0,0,1,2,1,1,0,0,0,1,0,1,0,0,1,0,0,0,0,0,0,0,0,0,0,0,0,0,0,0,0,0,0,0,0,0,0,0,0,0,0,0
2773342,2025-11-02,2,Vëllaznimi,Bora,"L. Colimerio,M. Warrick,R. Dahsyla,S. Zekiqi,Y. Anei","G. Singleton,O. Kurtaj,R. Memedi,S. Jules,T. Jackson",903,955,52,1.44,2.0,0.88,30,28,32,30,2,2,1,1,0,0,0,0,0,0,0,0,0,1,1,0,0,0,0,2,2,0,0,0,0,0,0,0,0,0,0,0,0,0,0,0,0,0,0,0,0,0,0,0,0,0,0,0,0,0,0,0,0,0
2773342,2025-11-02,2,Vëllaznimi,Bora,"A. Bedra,L. Colimerio,M. Warrick,S. Zekiqi,Y. Anei","G. Singleton,O. Kurtaj,R. Memedi,S. Jules,T. Jackson",955,1006,51,1.0,1.0,1.0,32,30,32,33,0,3,1,0,0,0,0,0,0,0,0,0,0,0,1,1,1,1,1,0,0,0,1,1,0,0,0,0,0,0,0,0,0,0,0,0,0,0,0,0,0,0,0,0,0,0,0,0,0,0,0,0,0,0
2773342,2025-11-02,2,Vëllaznimi,Bora,"A. Bedra,M. Warrick,S. Zekiqi,Y. Anei,Z. Reid","G. Singleton,O. Kurtaj,R. Memedi,S. Jules,T. Jackson",1006,1043,37,2.67,3.0,2.34,32,33,34,35,2,2,1,1,0,0,0,0,0,1,1,0,0,2,2,2,1,1,0,2,0,1,0,0,0,0,0,0,0,0,0,0,0,0,0,0,0,0,0,0,0,0,0,0,0,0,0,0,0,0,0,0,0,0
2773342,2025-11-02,2,Vëllaznimi,Bora,"J. Ismajli,M. Warrick,S. Zekiqi,Y. Anei,Z. Reid","G. Singleton,O. Kurtaj,R. Memedi,S. Jules,T. Jackson",1043,1197,154,4.47,3.88,5.06,34,35,37,44,3,9,2,1,1,0,2,1,0,0,0,0,0,1,2,5,3,1,0,5,3,2,1,2,0,0,0,3,0,0,0,0,0,0,0,0,0,0,0,0,0,0,0,0,0,0,0,0,0,0,0,0,0,0
2773342,2025-11-02,2,Vëllaznimi,Bora,"J. Ismajli,M. Warrick,S. Zekiqi,Y. Anei,Z. Reid","A. Mekic,G. Singleton,O. Kurtaj,R. Memedi,S. Jules",1197,1200,3,0.1,0.1,0.1,37,44,37,44,0,0,2,0,1,0,0,0,1,0,0,0,0,0,0,0,0,0,0,0,0,0,0,0,0,0,0,0,0,0,0,0,0,0,0,0,0,0,0,0,0,0,0,0,0,0,0,0,0,0,0,0,0,0
2773342,2025-11-02,3,Vëllaznimi,Bora,"A. Koshi,L. Colimerio,M. Warrick,R. Dahsyla,Z. Reid","A. Mekic,G. Singleton,J. Zeqiri,R. Memedi,S. Jules",1200,1366,166,5.31,5.37,5.25,37,44,43,52,6,8,5,2,2,1,1,1,1,1,2,0,0,1,2,5,3,0,0,3,2,1,2,3,1,1,0,3,0,0,0,0,0,0,0,0,0,0,0,0,0,0,0,0,0,0,0,0,0,0,0,0,0,0
2773342,2025-11-02,3,Vëllaznimi,Bora,"A. Koshi,M. Warrick,R. Dahsyla,Y. Anei,Z. Reid","A. Mekic,G. Singleton,J. Zeqiri,R. Memedi,S. Jules",1366,1392,26,1.5,1.0,2.0,43,52,46,52,3,0,1,1,1,1,0,0,0,0,1,0,0,0,0,0,0,0,0,0,0,0,0,0,0,0,2,1,0,0,0,0,0,0,0,0,0,0,0,0,0,0,0,0,0,0,0,0,0,0,0,0,0,0
2773342,2025-11-02,3,Vëllaznimi,Bora,"A. Koshi,M. Warrick,R. Dahsyla,Y. Anei,Z. Reid","A. Mekic,G. Singleton,J. Zeqiri,O. Kurtaj,S. Jules",1392,1554,162,3.9,3.93,3.88,46,52,50,56,4,4,4,2,0,0,0,0,1,1,1,1,0,1,1,2,1,1,0,2,2,0,1,2,1,0,1,1,0,0,0,0,0,0,0,0,0,0,0,0,0,0,0,0,0,0,0,0,0,0,0,0,0,0
2773342,2025-11-02,3,Vëllaznimi,Bora,"A. Koshi,M. Warrick,R. Dahsyla,Y. Anei,Z. Reid","A. Mekic,D. Taylor,J. Zeqiri,O. Kurtaj,T. Jackson",1554,1597,43,2.38,2.76,2.0,50,56,53,56,3,0,0,0,0,0,4,3,0,1,0,1,0,1,1,1,0,1,0,0,0,0,0,0,0,0,1,1,0,0,0,0,0,0,0,0,0,0,0,0,0,0,0,0,0,0,0,0,0,0,0,0,0,0
2773342,2025-11-02,3,Vëllaznimi,Bora,"A. Koshi,M. Warrick,R. Dahsyla,Y. Anei,Z. Reid","A. Mekic,D. Taylor,J. Zeqiri,R. Memedi,T. Jackson",1597,1614,17,1.05,0.1,2.0,53,56,53,56,0,0,0,0,0,0,0,0,0,0,0,0,0,0,0,0,0,0,0,0,0,0,0,0,0,0,2,1,0,0,0,0,0,0,0,0,0,0,0,0,0,0,0,0,0,0,0,0,0,0,0,0,0,0
2773342,2025-11-02,3,Vëllaznimi,Bora,"A. Koshi,M. Warrick,R. Dahsyla,Y. Anei,Z. Reid","D. Taylor,G. Singleton,J. Zeqiri,R. Memedi,T. Jackson",1614,1650,36,0.55,1.0,0.1,53,56,55,56,2,0,1,1,0,0,0,0,0,0,1,0,0,0,1,0,0,0,0,0,0,0,0,0,0,0,0,0,0,0,0,0,0,0,0,0,0,0,0,0,0,0,0,0,0,0,0,0,0,0,0,0,0,0
2773342,2025-11-02,3,Vëllaznimi,Bora,"J. Ismajli,M. Warrick,R. Dahsyla,Y. Anei,Z. Reid","D. Taylor,G. Singleton,J. Zeqiri,R. Memedi,T. Jackson",1650,1904,254,7.97,6.88,9.05,55,56,67,69,12,13,4,4,2,2,2,2,0,2,1,1,1,2,4,10,4,3,1,6,4,5,0,3,0,0,1,1,0,0,0,0,0,0,0,0,0,0,0,0,0,0,0,0,0,0,0,0,0,0,0,0,0,0
2773342,2025-11-02,4,Vëllaznimi,Bora,"J. Ismajli,M. Warrick,R. Dahsyla,Y. Anei,Z. Reid","G. Singleton,O. Kurtaj,R. Memedi,S. Jules,T. Jackson",1904,1936,32,1.22,1.0,1.44,67,69,69,70,2,1,1,1,0,0,0,0,0,0,1,0,0,0,0,0,0,0,0,1,1,0,0,0,0,0,1,0,0,0,0,0,0,0,0,0,0,0,0,0,0,0,0,0,0,0,0,0,0,0,0,0,0,0
2773342,2025-11-02,4,Vëllaznimi,Bora,"J. Ismajli,M. Warrick,R. Dahsyla,Y. Anei,Z. Reid","A. Mekic,O. Kurtaj,R. Memedi,S. Jules,T. Jackson",1936,2037,101,3.0,3.0,3.0,69,70,75,70,6,0,3,3,0,0,0,0,0,3,2,0,1,0,1,3,0,2,0,0,0,0,0,0,0,0,0,2,0,0,0,0,0,0,0,0,0,0,0,0,0,0,0,0,0,0,0,0,0,0,0,0,0,0
2773342,2025-11-02,4,Vëllaznimi,Bora,"J. Ismajli,M. Warrick,R. Dahsyla,Y. Anei,Z. Reid","A. Mekic,G. Singleton,J. Zeqiri,R. Memedi,S. Jules",2037,2071,34,0.55,1.0,0.1,75,70,75,70,0,0,1,0,1,0,0,0,0,0,0,0,0,0,1,0,0,0,0,0,0,0,1,0,0,0,0,0,0,0,0,0,0,0,0,0,0,0,0,0,0,0,0,0,0,0,0,0,0,0,0,0,0,0
2773342,2025-11-02,4,Vëllaznimi,Bora,"A. Koshi,L. Colimerio,M. Warrick,R. Dahsyla,Y. Anei","A. Mekic,G. Singleton,J. Zeqiri,R. Memedi,S. Jules",2071,2120,49,1.69,1.44,1.93,75,70,78,70,3,0,1,1,0,0,1,1,0,1,0,1,0,0,0,2,0,0,0,0,0,1,0,0,0,0,1,2,0,0,0,0,0,0,0,0,0,0,0,0,0,0,0,0,0,0,0,0,0,0,0,0,0,0
2773342,2025-11-02,4,Vëllaznimi,Bora,"A. Koshi,L. Colimerio,M. Warrick,R. Dahsyla,Z. Reid","A. Mekic,G. Singleton,J. Zeqiri,R. Memedi,S. Jules",2120,2210,90,3.29,3.57,3.0,78,70,86,70,8,0,2,1,1,0,6,6,1,2,0,0,0,0,0,2,0,0,0,0,0,0,0,0,0,0,1,2,0,0,0,0,0,0,0,0,0,0,0,0,0,0,0,0,0,0,0,0,0,0,0,0,0,0
2773342,2025-11-02,4,Vëllaznimi,Bora,"A. Koshi,M. Warrick,R. Dahsyla,Y. Anei,Z. Reid","A. Mekic,D. Taylor,O. Kurtaj,R. Memedi,S. Jules",2210,2330,120,5.4,5.0,5.81,86,70,90,77,4,7,3,2,0,0,0,0,0,3,2,0,0,2,1,6,2,3,1,2,2,1,1,1,0,0,0,0,0,0,0,0,0,0,0,0,0,0,0,0,0,0,0,0,0,0,0,0,0,0,0,0,0,0
2773342,2025-11-02,4,Vëllaznimi,Bora,"A. Koshi,M. Warrick,R. Dahsyla,Y. Anei,Z. Reid","D. Taylor,G. Singleton,O. Kurtaj,R. Memedi,S. Jules",2330,2366,36,1.0,1.0,1.0,90,77,90,77,0,0,1,0,0,0,0,0,0,1,0,0,0,0,1,1,0,1,0,0,0,0,1,0,0,0,0,0,0,0,0,0,0,0,0,0,0,0,0,0,0,0,0,0,0,0,0,0,0,0,0,0,0,0
2773342,2025-11-02,4,Vëllaznimi,Bora,"A. Koshi,L. Colimerio,M. Warrick,R. Dahsyla,Z. Reid","D. Taylor,G. Singleton,O. Kurtaj,R. Memedi,S. Jules",2366,2388,22,1.44,1.0,1.88,90,77,90,79,0,2,0,0,0,0,0,0,0,1,0,0,0,1,0,1,0,1,0,2,2,0,0,0,1,0,0,0,0,0,0,0,0,0,0,0,0,0,0,0,0,0,0,0,0,0,0,0,0,0,0,0,0,0
2773341,2025-11-01,1,Trepça,Golden Eagle Ylli,"A. Arslanagic,C. Brown,D. Hajrizi,J. Payne,S. Jones","A. Çallakaj,B. Huffman,G. Morina,L. Thomas,T. Allen",0,322,322,10.22,10.57,9.88,0,0,12,12,12,12,12,5,2,2,1,0,2,3,2,0,0,0,2,8,5,2,0,2,2,0,6,3,0,0,1,2,0,0,0,0,0,0,0,0,0,0,0,0,0,0,0,0,0,0,0,0,0,0,0,0,0,0
2773341,2025-11-01,1,Trepça,Golden Eagle Ylli,"A. Arslanagic,D. Hajrizi,J. Payne,M. Amzil,S. Jones","A. Çallakaj,B. Huffman,G. Morina,L. Thomas,T. Allen",322,375,53,2.0,2.0,2.0,12,12,14,12,2,0,2,1,1,0,0,0,0,1,0,1,0,0,0,1,0,0,0,0,0,0,1,0,0,0,1,0,0,0,0,0,0,0,0,0,0,0,0,0,0,0,0,0,0,0,0,0,0,0,0,0,0,0
2773341,2025-11-01,1,Trepça,Golden Eagle Ylli,"A. Arslanagic,C. Rusell,D. Hajrizi,M. Amzil,S. Jones","A. Çallakaj,B. Huffman,G. Morina,L. Basic,T. Allen",375,429,54,1.96,2.0,1.93,14,12,16,12,2,0,2,1,1,0,0,0,0,0,1,2,1,0,0,1,0,0,0,0,0,1,1,0,0,0,2,0,0,0,0,0,0,0,0,0,0,0,0,0,0,0,0,0,0,0,0,0,0,0,0,0,0,0
2773341,2025-11-01,1,Trepça,Golden Eagle Ylli,"A. Arslanagic,C. Rusell,D. Hajrizi,M. Amzil,S. Jones","A. Çallakaj,J. Reece,L. Basic,L. Shoshi,T. Allen",429,521,92,2.96,2.93,3.0,16,12,18,14,2,2,3,1,2,0,0,0,1,1,1,1,0,1,1,2,1,1,0,0,0,0,1,1,1,0,1,0,0,0,0,0,0,0,0,0,0,0,0,0,0,0,0,0,0,0,0,0,0,0,0,0,0,0
2773341,2025-11-01,1,Trepça,Golden Eagle Ylli,"B. Tuna,C. Rusell,J. Payne,M. Amzil,S. Jones","A. Çallakaj,J. Reece,L. Basic,L. Shoshi,T. Allen",521,588,67,2.44,2.0,2.88,18,14,20,18,2,4,1,1,0,0,0,0,0,1,0,0,0,1,0,2,1,2,1,2,1,0,0,1,0,0,0,1,0,0,0,0,0,0,0,0,0,0,0,0,0,0,0,0,0,0,0,0,0,0,0,0,0,0
2773341,2025-11-01,1,Trepça,Golden Eagle Ylli,"B. Tuna,C. Rusell,J. Payne,M. Amzil,S. Jones","A. Çallakaj,G. Morina,J. Reece,L. Basic,T. Allen",588,600,12,0.1,0.1,0.1,20,18,20,18,0,0,0,0,0,0,0,0,0,0,0,0,0,0,0,2,0,1,0,0,0,1,0,0,0,0,0,0,0,0,0,0,0,0,0,0,0,0,0,0,0,0,0,0,0,0,0,0,0,0,0,0,0,0
2773341,2025-11-01,2,Trepça,Golden Eagle Ylli,"B. Tuna,C. Rusell,D. Kapiti,J. Payne,M. Amzil","A. Çallakaj,J. Reece,L. Basic,L. Shoshi,T. Allen",600,675,75,2.0,2.0,2.0,20,18,22,20,2,2,1,1,0,0,0,0,0,0,0,1,0,1,0,1,1,0,0,0,0,0,0,0,0,0,1,2,0,0,0,0,0,0,0,0,0,0,0,0,0,0,0,0,0,0,0,0,0,0,0,0,0,0
2773341,2025-11-01,2,Trepça,Golden Eagle Ylli,"B. Tuna,C. Rusell,D. Kapiti,J. Payne,M. Amzil","A. Çallakaj,J. Reece,L. Shoshi,L. Thomas,T. Allen",675,749,74,1.96,2.0,1.93,22,20,22,24,0,4,1,0,0,0,0,0,0,0,0,0,1,1,1,3,2,0,0,0,0,1,1,1,1,0,0,1,0,0,0,0,0,0,0,0,0,0,0,0,0,0,0,0,0,0,0,0,0,0,0,0,0,0
2773341,2025-11-01,2,Trepça,Golden Eagle Ylli,"C. Rusell,D. Hajrizi,J. Payne,M. Amzil,S. Jones","A. Çallakaj,J. Reece,L. Shoshi,L. Thomas,T. Allen",749,825,76,2.5,3.0,2.0,22,24,22,26,0,2,3,0,2,0,0,0,0,1,0,0,0,0,1,2,1,1,0,0,0,0,3,0,0,0,0,0,0,0,0,0,0,0,0,0,0,0,0,0,0,0,0,0,0,0,0,0,0,0,0,0,0,0
2773341,2025-11-01,2,Trepça,Golden Eagle Ylli,"A. Arslanagic,D. Hajrizi,J. Payne,M. Amzil,S. Jones","A. Shala,J. Reece,L. Shoshi,L. Thomas,T. Allen",825,899,74,1.34,1.69,1.0,22,27,25,27,3,0,1,0,0,0,4,3,1,0,0,1,0,0,0,0,0,0,0,0,0,0,0,0,0,0,1,3,0,0,0,0,0,0,0,0,0,0,0,0,0,0,0,0,0,0,0,0,0,0,0,0,0,0
2773341,2025-11-01,2,Trepça,Golden Eagle Ylli,"A. Arslanagic,D. Hajrizi,J. Payne,M. Amzil,S. Jones","A. Çallakaj,J. Reece,L. Shoshi,L. Thomas,T. Allen",899,962,63,1.94,1.88,2.0,25,27,27,29,2,2,1,0,0,0,2,2,0,1,0,0,0,0,1,2,1,1,0,0,0,0,1,0,0,0,0,1,0,0,0,0,0,0,0,0,0,0,0,0,0,0,0,0,0,0,0,0,0,0,0,0,0,0
2773341,2025-11-01,2,Trepça,Golden Eagle Ylli,"A. Arslanagic,C. Brown,D. Hajrizi,J. Payne,S. Jones","A. Çallakaj,J. Reece,L. Shoshi,L. Thomas,T. Allen",962,976,14,0.49,0.1,0.88,27,29,27,31,0,2,0,0,0,0,0,0,0,0,0,0,0,0,1,0,0,0,0,2,2,0,0,0,0,0,0,0,0,0,0,0,0,0,0,0,0,0,0,0,0,0,0,0,0,0,0,0,0,0,0,0,0,0
2773341,2025-11-01,2,Trepça,Golden Eagle Ylli,"A. Arslanagic,C. Brown,D. Hajrizi,J. Payne,S. Jones","A. Shala,A. Çallakaj,J. Reece,L. Shoshi,L. Thomas",976,1080,104,3.5,4.0,3.0,27,31,27,38,0,7,0,0,0,0,0,0,0,0,0,0,0,4,0,3,3,1,1,0,0,0,0,2,2,0,0,0,0,0,0,0,0,0,0,0,0,0,0,0,0,0,0,0,0,0,0,0,0,0,0,0,0,0
2773341,2025-11-01,2,Trepça,Golden Eagle Ylli,"B. Tuna,C. Brown,C. Rusell,D. Hajrizi,J. Payne","A. Çallakaj,J. Reece,L. Shoshi,L. Thomas,T. Allen",1080,1177,97,2.5,2.0,3.0,27,38,30,40,3,2,2,1,2,1,0,0,0,2,1,0,0,0,0,3,1,2,0,0,0,0,1,0,0,0,0,0,0,0,0,0,0,0,0,0,0,0,0,0,0,0,0,0,0,0,0,0,0,0,0,0,0,0
2773341,2025-11-01,2,Trepça,Golden Eagle Ylli,"B. Tuna,C. Brown,C. Rusell,D. Hajrizi,J. Payne","A. Shala,A. Çallakaj,J. Reece,L. Shoshi,T. Allen",1177,1200,23,1.0,1.0,1.0,30,40,30,40,0,0,1,0,0,0,0,0,0,0,0,0,0,0,0,1,0,1,0,0,0,0,1,0,0,0,0,0,0,0,0,0,0,0,0,0,0,0,0,0,0,0,0,0,0,0,0,0,0,0,0,0,0,0
2773341,2025-11-01,3,Trepça,Golden Eagle Ylli,"A. Arslanagic,C. Brown,D. Hajrizi,J. Payne,S. Jones","A. Çallakaj,B. Huffman,G. Morina,L. Thomas,T. Allen",1200,1458,258,8.0,8.0,8.0,30,40,37,44,7,4,5,3,1,1,0,0,0,5,2,1,0,3,2,7,2,2,0,0,0,0,2,1,0,1,1,2,0,0,0,0,0,0,0,0,0,0,0,0,0,0,0,0,0,0,0,0,0,0,0,0,0,0
2773341,2025-11-01,3,Trepça,Golden Eagle Ylli,"A. Arslanagic,B. Tuna,C. Brown,D. Hajrizi,J. Payne","A. Çallakaj,B. Huffman,G. Morina,L. Thomas,T. Allen",1458,1523,65,1.46,1.93,1.0,37,44,39,47,2,3,2,1,1,0,0,0,1,0,1,0,0,1,1,1,1,1,1,0,0,0,0,1,0,0,0,0,0,0,0,0,0,0,0,0,0,0,0,0,0,0,0,0,0,0,0,0,0,0,0,0,0,0
2773341,2025-11-01,3,Trepça,Golden Eagle Ylli,"A. Arslanagic,B. Tuna,C. Rusell,D. Hajrizi,D. Kapiti","A. Çallakaj,B. Huffman,G. Morina,L. Thomas,T. Allen",1523,1538,15,0.49,0.1,0.88,39,47,39,48,0,1,0,0,0,0,0,0,0,0,0,0,0,0,1,0,0,0,0,2,1,0,0,0,0,0,0,0,0,0,0,0,0,0,0,0,0,0,0,0,0,0,0,0,0,0,0,0,0,0,0,0,0,0
2773341,2025-11-01,3,Trepça,Golden Eagle Ylli,"A. Arslanagic,B. Tuna,C. Rusell,D. Kapiti,M. Amzil","A. Çallakaj,B. Huffman,G. Morina,L. Thomas,T. Allen",1538,1618,80,1.41,1.93,0.88,39,48,41,49,2,1,3,1,0,0,0,0,1,0,0,0,0,0,1,0,0,0,0,2,1,0,1,1,0,0,0,0,0,0,0,0,0,0,0,0,0,0,0,0,0,0,0,0,0,0,0,0,0,0,0,0,0,0
2773341,2025-11-01,3,Trepça,Golden Eagle Ylli,"A. Arslanagic,B. Tuna,D. Kapiti,J. Payne,M. Amzil","A. Çallakaj,B. Huffman,G. Morina,L. Thomas,T. Allen",1618,1699,81,3.5,3.0,4.0,41,49,41,51,0,2,2,0,2,0,0,0,0,2,0,0,0,1,0,3,1,2,0,0,0,0,2,1,0,0,1,0,0,0,0,0,0,0,0,0,0,0,0,0,0,0,0,0,0,0,0,0,0,0,0,0,0,0
2773341,2025-11-01,3,Trepça,Golden Eagle Ylli,"A. Arslanagic,B. Tuna,D. Kapiti,J. Payne,M. Amzil","A. Çallakaj,G. Morina,L. Shoshi,L. Thomas,T. Allen",1699,1731,32,0.55,1.0,0.1,41,51,43,51,2,0,1,1,0,0,0,0,0,0,0,0,0,0,1,0,0,0,0,0,0,0,0,0,0,0,0,0,0,0,0,0,0,0,0,0,0,0,0,0,0,0,0,0,0,0,0,0,0,0,0,0,0,0
2773341,2025-11-01,3,Trepça,Golden Eagle Ylli,"A. Arslanagic,B. Tuna,D. Kapiti,J. Payne,M. Amzil","A. Çallakaj,J. Reece,L. Basic,L. Shoshi,T. Allen",1731,1893,162,4.17,4.45,3.88,43,53,46,53,3,0,5,1,2,0,2,1,1,2,1,1,0,0,2,1,0,1,0,2,0,0,2,0,0,1,2,2,0,0,0,0,0,0,0,0,0,0,0,0,0,0,0,0,0,0,0,0,0,0,0,0,0,0
2773341,2025-11-01,4,Trepça,Golden Eagle Ylli,"B. Tuna,C. Rusell,D. Kapiti,J. Payne,M. Amzil","A. Çallakaj,J. Reece,L. Basic,L. Shoshi,T. Allen",1893,1925,32,0.94,0.88,1.0,46,53,48,53,2,0,0,0,0,0,2,2,0,1,0,0,0,0,0,1,0,1,0,0,0,0,0,0,0,0,0,1,0,0,0,0,0,0,0,0,0,0,0,0,0,0,0,0,0,0,0,0,0,0,0,0,0,0
2773341,2025-11-01,4,Trepça,Golden Eagle Ylli,"B. Tuna,C. Rusell,D. Kapiti,J. Payne,M. Amzil","A. Çallakaj,J. Reece,L. Shoshi,L. Thomas,T. Allen",1925,1967,42,1.0,1.0,1.0,48,53,48,53,0,0,1,0,0,0,0,0,0,1,0,0,0,0,2,1,0,0,0,0,0,0,1,0,0,0,0,1,0,0,0,0,0,0,0,0,0,0,0,0,0,0,0,0,0,0,0,0,0,0,0,0,0,0
2773341,2025-11-01,4,Trepça,Golden Eagle Ylli,"B. Tuna,C. Rusell,D. Kapiti,J. Payne,M. Amzil","A. Çallakaj,G. Morina,L. Shoshi,L. Thomas,T. Allen",1967,2053,86,2.5,3.0,2.0,48,53,52,55,4,2,3,2,1,0,0,0,0,1,0,0,0,0,0,2,1,0,0,0,0,0,1,1,0,0,0,0,0,0,0,0,0,0,0,0,0,0,0,0,0,0,0,0,0,0,0,0,0,0,0,0,0,0
2773341,2025-11-01,4,Trepça,Golden Eagle Ylli,"B. Tuna,C. Rusell,D. Kapiti,J. Payne,M. Amzil","A. Çallakaj,B. Huffman,G. Morina,L. Thomas,T. Allen",2053,2209,156,4.96,4.0,5.93,52,55,58,59,6,4,3,2,2,2,0,0,0,1,1,0,1,1,0,4,2,1,0,0,0,1,1,1,1,0,3,2,0,0,0,0,0,0,0,0,0,0,0,0,0,0,0,0,0,0,0,0,0,0,0,0,0,0
2773341,2025-11-01,4,Trepça,Golden Eagle Ylli,"B. Tuna,C. Rusell,D. Kapiti,J. Payne,M. Amzil","A. Çallakaj,G. Morina,J. Reece,L. Basic,T. Allen",2209,2241,32,0.55,1.0,0.1,58,59,61,59,3,0,1,1,1,1,0,0,0,0,0,0,0,0,2,0,0,0,0,0,0,0,0,0,0,0,0,0,0,0,0,0,0,0,0,0,0,0,0,0,0,0,0,0,0,0,0,0,0,0,0,0,0,0
2773341,2025-11-01,4,Trepça,Golden Eagle Ylli,"B. Tuna,C. Rusell,D. Kapiti,J. Payne,M. Amzil","A. Çallakaj,J. Reece,L. Basic,L. Shoshi,T. Allen",2241,2322,81,1.37,0.86,1.88,61,59,63,63,2,4,3,1,0,0,0,0,2,1,0,0,0,0,0,1,1,1,1,2,1,0,0,0,0,0,0,1,0,0,0,0,0,0,0,0,0,0,0,0,0,0,0,0,0,0,0,0,0,0,0,0,0,0
2773341,2025-11-01,4,Trepça,Golden Eagle Ylli,"B. Tuna,C. Rusell,D. Kapiti,J. Payne,M. Amzil","A. Çallakaj,G. Morina,L. Shoshi,L. Thomas,T. Allen",2322,2332,10,0.1,0.1,0.1,65,63,65,63,0,0,0,0,0,0,0,0,0,0,0,0,0,0,1,0,0,0,0,0,0,0,0,0,0,0,0,0,0,0,0,0,0,0,0,0,0,0,0,0,0,0,0,0,0,0,0,0,0,0,0,0,0,0
2773341,2025-11-01,4,Trepça,Golden Eagle Ylli,"B. Tuna,C. Rusell,D. Kapiti,J. Payne,M. Amzil","A. Çallakaj,J. Reece,L. Shoshi,L. Thomas,T. Allen",2332,2400,68,2.38,1.88,2.88,65,63,67,65,2,2,1,0,1,0,2,2,0,1,0,0,0,0,0,2,0,2,0,2,2,0,1,0,0,0,0,1,0,0,0,0,0,0,0,0,0,0,0,0,0,0,0,0,0,0,0,0,0,0,0,0,0,0
2776569,2025-11-09,1,Golden Eagle Ylli,Bashkimi,"A. Çallakaj,B. Huffman,G. Morina,L. Thomas,T. Allen","D. Lake,I. Cousins,J. Bailey,J. Palokaj,V. Bunjaku",0,242,242,7.75,7.3,8.21,0,0,5,5,5,5,7,2,1,0,1,1,2,3,0,0,1,2,1,7,2,2,0,2,1,3,3,1,1,2,3,1,0,0,0,0,0,0,0,0,0,0,0,0,0,0,0,0,0,0,0,0,0,0,0,0,0,0
2776569,2025-11-09,1,Golden Eagle Ylli,Bashkimi,"A. Çallakaj,G. Morina,L. Shoshi,L. Thomas,T. Allen","D. Lake,I. Cousins,J. Bailey,J. Palokaj,V. Bunjaku",242,306,64,1.5,2.0,1.0,5,5,7,8,2,3,2,1,1,0,0,0,0,0,0,0,0,0,1,1,1,1,1,0,0,0,1,1,0,0,0,0,0,0,0,0,0,0,0,0,0,0,0,0,0,0,0,0,0,0,0,0,0,0,0,0,0,0
2776569,2025-11-09,1,Golden Eagle Ylli,Bashkimi,"A. Çallakaj,G. Morina,L. Basic,L. Shoshi,T. Allen","D. Lake,I. Cousins,J. Bailey,J. Palokaj,V. Bunjaku",306,327,21,0.94,1.0,0.88,7,8,7,10,0,2,1,0,0,0,0,0,0,0,0,0,0,0,1,0,0,0,0,2,2,0,1,1,0,1,0,0,0,0,0,0,0,0,0,0,0,0,0,0,0,0,0,0,0,0,0,0,0,0,0,0,0,0
2776569,2025-11-09,1,Golden Eagle Ylli,Bashkimi,"A. Çallakaj,G. Morina,L. Basic,L. Shoshi,T. Allen","D. Lake,I. Cousins,J. Palokaj,K. Anderson,M. Ismaili",327,416,89,2.5,2.0,3.0,7,10,9,10,2,0,2,1,0,0,0,0,0,2,0,1,0,0,1,2,0,0,0,0,0,0,1,0,0,0,1,1,0,0,0,0,0,0,0,0,0,0,0,0,0,0,0,0,0,0,0,0,0,0,0,0,0,0
2776569,2025-11-09,1,Golden Eagle Ylli,Bashkimi,"A. Çallakaj,G. Morina,L. Basic,L. Shoshi,T. Allen","I. Cousins,J. Palokaj,K. Anderson,M. Ismaili,T. Bickerstaff",416,500,84,2.96,2.93,3.0,9,10,9,10,0,0,4,0,1,0,0,0,1,3,0,0,0,0,0,3,0,1,0,0,0,0,3,0,0,0,0,2,0,0,0,0,0,0,0,0,0,0,0,0,0,0,0,0,0,0,0,0,0,0,0,0,0,0
2776569,2025-11-09,1,Golden Eagle Ylli,Bashkimi,"A. Çallakaj,G. Morina,L. Basic,L. Shoshi,T. Allen","J. Bailey,J. Palokaj,K. Anderson,M. Ismaili,T. Bickerstaff",500,569,69,2.5,3.0,2.0,9,10,12,14,3,4,2,1,2,1,0,0,0,0,1,0,0,1,0,2,2,0,0,0,0,0,1,1,0,0,0,0,0,0,0,0,0,0,0,0,0,0,0,0,0,0,0,0,0,0,0,0,0,0,0,0,0,0
2776569,2025-11-09,1,Golden Eagle Ylli,Bashkimi,"A. Çallakaj,G. Morina,L. Basic,L. Shoshi,L. Thomas","J. Bailey,K. Anderson,M. Ismaili,T. Bickerstaff,V. Bunjaku",569,583,14,0.1,0.1,0.1,12,14,12,14,0,0,0,0,0,0,0,0,0,0,0,0,0,0,1,1,0,1,0,0,0,1,0,0,0,0,0,0,0,0,0,0,0,0,0,0,0,0,0,0,0,0,0,0,0,0,0,0,0,0,0,0,0,0
2776569,2025-11-09,1,Golden Eagle Ylli,Bashkimi,"A. Çallakaj,B. Huffman,G. Morina,L. Basic,L. Thomas","J. Bailey,K. Anderson,M. Ismaili,T. Bickerstaff,V. Bunjaku",583,609,26,1.44,2.0,0.88,12,14,12,16,0,2,1,0,1,0,0,0,0,0,0,0,0,1,0,0,0,0,0,2,2,0,0,0,0,0,0,0,0,0,0,0,0,0,0,0,0,0,0,0,0,0,0,0,0,0,0,0,0,0,0,0,0,0
2776569,2025-11-09,2,Golden Eagle Ylli,Bashkimi,"A. Çallakaj,B. Huffman,G. Morina,L. Basic,T. Allen","J. Bailey,K. Anderson,M. Ismaili,T. Bickerstaff,V. Bunjaku",609,654,45,0.93,0.86,1.0,12,16,14,16,2,0,3,1,0,0,0,0,2,1,0,0,0,0,0,1,0,1,0,0,0,0,0,0,0,0,0,2,0,0,0,0,0,0,0,0,0,0,0,0,0,0,0,0,0,0,0,0,0,0,0,0,0,0
2776569,2025-11-09,2,Golden Eagle Ylli,Bashkimi,"A. Çallakaj,B. Huffman,G. Morina,L. Basic,T. Allen","D. Lake,J. Bailey,J. Palokaj,K. Anderson,V. Bunjaku",654,719,65,2.19,2.44,1.93,14,16,16,16,2,0,1,1,0,0,1,0,0,1,0,0,1,1,1,2,0,0,0,0,0,1,1,0,0,0,1,0,0,0,0,0,0,0,0,0,0,0,0,0,0,0,0,0,0,0,0,0,0,0,0,0,0,0
2776569,2025-11-09,2,Golden Eagle Ylli,Bashkimi,"A. Çallakaj,J. Reece,L. Basic,L. Shoshi,T. Allen","D. Lake,J. Bailey,J. Palokaj,K. Anderson,V. Bunjaku",719,737,18,0.94,1.0,0.88,16,16,16,16,0,0,1,0,0,0,0,0,0,1,0,0,0,0,0,0,0,0,0,2,0,0,1,0,0,0,0,0,0,0,0,0,0,0,0,0,0,0,0,0,0,0,0,0,0,0,0,0,0,0,0,0,0,0
2776569,2025-11-09,2,Golden Eagle Ylli,Bashkimi,"A. Çallakaj,J. Reece,L. Basic,L. Shoshi,T. Allen","A. Morina,D. Lake,J. Bailey,J. Palokaj,K. Anderson",737,857,120,3.5,3.0,4.0,16,16,18,21,2,5,2,1,1,0,0,0,0,1,1,1,0,1,2,3,2,1,1,0,0,0,1,2,1,0,1,1,0,0,0,0,0,0,0,0,0,0,0,0,0,0,0,0,0,0,0,0,0,0,0,0,0,0
2776569,2025-11-09,2,Golden Eagle Ylli,Bashkimi,"A. Çallakaj,J. Reece,L. Shoshi,L. Thomas,T. Allen","A. Morina,D. Lake,I. Cousins,J. Palokaj,K. Anderson",857,970,113,2.4,2.86,1.93,18,21,20,23,2,2,5,1,1,0,0,0,2,1,1,0,0,0,1,3,1,1,0,0,0,1,2,1,0,1,0,1,0,0,0,0,0,0,0,0,0,0,0,0,0,0,0,0,0,0,0,0,0,0,0,0,0,0
2776569,2025-11-09,2,Golden Eagle Ylli,Bashkimi,"A. Çallakaj,J. Reece,L. Shoshi,L. Thomas,T. Allen","A. Morina,I. Cousins,J. Palokaj,K. Anderson,T. Bickerstaff",970,976,6,1.41,0.88,1.93,20,23,21,27,1,4,0,0,0,0,2,1,0,0,0,0,0,0,0,3,2,0,0,0,0,1,0,1,0,0,0,1,0,0,0,0,0,0,0,0,0,0,0,0,0,0,0,0,0,0,0,0,0,0,0,0,0,0
2776569,2025-11-09,2,Golden Eagle Ylli,Bashkimi,"A. Çallakaj,B. Huffman,J. Reece,L. Thomas,T. Allen","A. Morina,I. Cousins,J. Palokaj,K. Anderson,T. Bickerstaff",976,997,21,0.91,0.93,0.88,21,27,21,29,0,2,2,0,0,0,0,0,1,0,0,0,0,0,1,0,0,0,0,2,2,0,1,0,0,0,0,1,0,0,0,0,0,0,0,0,0,0,0,0,0,0,0,0,0,0,0,0,0,0,0,0,0,0
2776569,2025-11-09,2,Golden Eagle Ylli,Bashkimi,"A. Çallakaj,B. Huffman,J. Reece,L. Basic,T. Allen","A. Morina,I. Cousins,J. Palokaj,K. Anderson,T. Bickerstaff",997,1047,50,0.49,0.88,0.1,21,29,23,29,2,0,0,0,0,0,2,2,0,0,0,0,0,0,0,0,0,0,0,0,0,0,0,0,0,0,0,0,0,0,0,0,0,0,0,0,0,0,0,0,0,0,0,0,0,0,0,0,0,0,0,0,0,0
2776569,2025-11-09,2,Golden Eagle Ylli,Bashkimi,"A. Çallakaj,J. Reece,L. Basic,L. Shoshi,T. Allen","A. Morina,I. Cousins,J. Palokaj,K. Anderson,T. Bickerstaff",1047,1114,67,1.5,1.0,2.0,23,29,26,29,3,0,1,1,1,1,0,0,0,1,1,1,0,0,0,1,0,0,0,0,0,0,0,0,0,0,1,1,0,0,0,0,0,0,0,0,0,0,0,0,0,0,0,0,0,0,0,0,0,0,0,0,0,0
2776569,2025-11-09,2,Golden Eagle Ylli,Bashkimi,"A. Çallakaj,J. Reece,L. Basic,L. Shoshi,T. Allen","J. Bailey,J. Palokaj,K. Anderson,T. Bickerstaff,V. Bunjaku",1114,1200,86,1.94,1.88,2.0,26,29,27,33,1,4,1,0,0,0,2,1,0,0,0,0,0,0,0,2,2,0,0,0,0,0,2,0,0,0,0,0,0,0,0,0,0,0,0,0,0,0,0,0,0,0,0,0,0,0,0,0,0,0,0,0,0,0
2776569,2025-11-09,3,Golden Eagle Ylli,Bashkimi,"A. Çallakaj,B. Huffman,G. Morina,L. Thomas,T. Allen","A. Morina,D. Lake,J. Bailey,J. Palokaj,K. Anderson",1200,1273,73,2.72,2.44,3.0,27,33,28,40,1,7,1,0,0,0,1,1,0,0,0,0,0,1,0,3,3,1,1,0,0,0,1,0,1,0,0,1,0,0,0,0,0,0,0,0,0,0,0,0,0,0,0,0,0,0,0,0,0,0,0,0,0,0
2776569,2025-11-09,3,Golden Eagle Ylli,Bashkimi,"A. Çallakaj,J. Reece,L. Shoshi,L. Thomas,T. Allen","A. Morina,D. Lake,J. Bailey,J. Palokaj,K. Anderson",1273,1479,206,5.78,5.74,5.81,28,40,32,47,4,7,6,1,1,0,2,2,2,2,2,1,1,1,1,5,2,3,1,2,2,1,3,2,1,2,1,3,0,0,0,0,0,0,0,0,0,0,0,0,0,0,0,0,0,0,0,0,0,0,0,0,0,0
2776569,2025-11-09,3,Golden Eagle Ylli,Bashkimi,"A. Çallakaj,G. Morina,J. Reece,L. Basic,T. Allen","A. Morina,I. Cousins,J. Palokaj,K. Anderson,T. Bickerstaff",1479,1554,75,2.94,2.88,3.0,32,47,33,49,1,2,1,0,1,0,2,1,0,1,0,0,0,1,0,2,1,1,0,0,0,0,2,0,1,0,1,0,0,0,0,0,0,0,0,0,0,0,0,0,0,0,0,0,0,0,0,0,0,0,0,0,0,0
2776569,2025-11-09,3,Golden Eagle Ylli,Bashkimi,"A. Çallakaj,B. Huffman,G. Morina,L. Basic,T. Allen","A. Morina,I. Cousins,J. Palokaj,T. Bickerstaff,V. Bunjaku",1554,1584,30,1.0,1.0,1.0,33,49,33,51,0,2,0,0,0,0,0,0,0,0,0,0,0,1,0,1,1,0,0,0,0,0,0,1,1,0,0,1,0,0,0,0,0,0,0,0,0,0,0,0,0,0,0,0,0,0,0,0,0,0,0,0,0,0
2776569,2025-11-09,3,Golden Eagle Ylli,Bashkimi,"A. Çallakaj,B. Huffman,G. Morina,L. Thomas,T. Allen","A. Morina,I. Cousins,J. Bailey,T. Bickerstaff,V. Bunjaku",1584,1747,163,4.89,4.86,4.93,35,51,39,51,4,0,6,2,4,0,0,0,2,3,1,1,1,1,0,4,0,1,0,0,0,1,2,0,0,0,2,0,0,0,0,0,0,0,0,0,0,0,0,0,0,0,0,0,0,0,0,0,0,0,0,0,0,0
2776569,2025-11-09,3,Golden Eagle Ylli,Bashkimi,"A. Çallakaj,B. Huffman,G. Morina,L. Thomas,T. Allen","A. Morina,J. Bailey,K. Anderson,T. Bickerstaff,V. Bunjaku",1747,1784,37,0.94,0.88,1.0,39,51,41,53,2,2,0,0,0,0,2,2,0,0,0,0,0,0,0,1,1,0,0,0,0,0,0,0,0,0,0,1,0,0,0,0,0,0,0,0,0,0,0,0,0,0,0,0,0,0,0,0,0,0,0,0,0,0
2776569,2025-11-09,3,Golden Eagle Ylli,Bashkimi,"A. Shala,G. Morina,J. Reece,L. Basic,T. Allen","A. Morina,J. Bailey,K. Anderson,T. Bickerstaff,V. Bunjaku",1784,1800,16,0.55,0.1,1.0,41,53,41,53,0,0,0,0,0,0,0,0,0,1,0,0,0,0,1,1,0,0,0,0,0,0,0,0,0,0,0,0,0,0,0,0,0,0,0,0,0,0,0,0,0,0,0,0,0,0,0,0,0,0,0,0,0,0
2776569,2025-11-09,4,Golden Eagle Ylli,Bashkimi,"G. Morina,L. Basic,L. Shoshi,L. Thomas,T. Allen","J. Bailey,J. Palokaj,K. Anderson,T. Bickerstaff,V. Bunjaku",1800,1906,106,3.44,3.88,3.0,41,53,47,53,6,0,2,2,1,1,2,1,0,3,2,0,0,1,1,3,0,1,0,0,0,0,0,0,1,0,0,1,0,0,0,0,0,0,0,0,0,0,0,0,0,0,0,0,0,0,0,0,0,0,0,0,0,0
2776569,2025-11-09,4,Golden Eagle Ylli,Bashkimi,"G. Morina,L. Basic,L. Shoshi,L. Thomas,T. Allen","I. Cousins,J. Palokaj,K. Anderson,T. Bickerstaff,V. Bunjaku",1906,1937,31,0.55,0.1,1.0,47,53,47,53,0,0,0,0,0,0,0,0,0,1,0,0,0,0,0,1,0,0,0,0,0,0,0,0,0,0,0,1,0,0,0,0,0,0,0,0,0,0,0,0,0,0,0,0,0,0,0,0,0,0,0,0,0,0
2776569,2025-11-09,4,Golden Eagle Ylli,Bashkimi,"G. Morina,L. Basic,L. Shoshi,L. Thomas,T. Allen","D. Lake,I. Cousins,J. Palokaj,K. Anderson,V. Bunjaku",1937,1969,32,1.72,2.44,1.0,47,53,50,53,3,0,1,1,0,0,1,1,0,0,1,0,0,1,1,0,0,0,0,0,0,0,0,0,1,0,1,0,0,0,0,0,0,0,0,0,0,0,0,0,0,0,0,0,0,0,0,0,0,0,0,0,0,0
2776569,2025-11-09,4,Golden Eagle Ylli,Bashkimi,"G. Morina,L. Basic,L. Shoshi,L. Thomas,T. Allen","A. Morina,D. Lake,I. Cousins,K. Anderson,V. Bunjaku",1969,2095,126,3.23,3.0,3.46,50,53,53,58,3,5,2,1,1,1,0,0,0,1,0,0,1,1,1,6,2,0,0,2,1,4,1,2,0,0,0,0,0,0,0,0,0,0,0,0,0,0,0,0,0,0,0,0,0,0,0,0,0,0,0,0,0,0
2776569,2025-11-09,4,Golden Eagle Ylli,Bashkimi,"G. Morina,L. Basic,L. Shoshi,L. Thomas,T. Allen","A. Morina,D. Lake,I. Cousins,J. Palokaj,K. Anderson",2095,2190,95,4.09,3.93,4.25,53,58,55,66,2,8,3,1,1,0,0,0,1,0,1,0,0,2,4,4,3,1,1,3,1,2,1,1,0,0,0,0,0,0,0,0,0,0,0,0,0,0,0,0,0,0,0,0,0,0,0,0,0,0,0,0,0,0
2776569,2025-11-09,4,Golden Eagle Ylli,Bashkimi,"A. Çallakaj,L. Basic,L. Shoshi,L. Thomas,T. Allen","A. Morina,D. Lake,I. Cousins,J. Palokaj,K. Anderson",2190,2214,24,1.38,0.88,1.88,55,66,57,68,2,2,0,0,0,0,2,2,0,0,0,1,0,0,0,0,0,0,0,2,2,0,0,0,0,0,1,2,0,0,0,0,0,0,0,0,0,0,0,0,0,0,0,0,0,0,0,0,0,0,0,0,0,0
2776569,2025-11-09,4,Golden Eagle Ylli,Bashkimi,"A. Çallakaj,L. Basic,L. Shoshi,L. Thomas,T. Allen","A. Morina,D. Lake,J. Bailey,J. Palokaj,K. Anderson",2214,2249,35,1.0,1.0,1.0,57,68,59,68,2,0,1,1,0,0,0,0,0,0,0,0,0,0,0,0,0,0,0,0,0,0,0,0,0,0,1,0,0,0,0,0,0,0,0,0,0,0,0,0,0,0,0,0,0,0,0,0,0,0,0,0,0,0
2776569,2025-11-09,4,Golden Eagle Ylli,Bashkimi,"A. Çallakaj,L. Basic,L. Shoshi,L. Thomas,T. Allen","A. Morina,D. Lake,I. Cousins,J. Bailey,J. Palokaj",2249,2337,88,2.33,2.81,1.86,59,68,61,70,2,2,3,0,3,0,2,2,1,1,0,0,0,0,0,4,1,1,0,0,0,2,2,0,0,0,0,1,0,0,0,0,0,0,0,0,0,0,0,0,0,0,0,0,0,0,0,0,0,0,0,0,0,0
2776569,2025-11-09,4,Golden Eagle Ylli,Bashkimi,"A. Çallakaj,L. Basic,L. Shoshi,L. Thomas,T. Allen","A. Morina,D. Lake,I. Cousins,J. Palokaj,K. Anderson",2337,2363,26,1.4,0.93,1.88,61,70,61,74,0,4,2,0,0,0,0,0,1,0,0,0,0,0,1,1,1,0,0,2,2,0,1,1,0,0,0,0,0,0,0,0,0,0,0,0,0,0,0,0,0,0,0,0,0,0,0,0,0,0,0,0,0,0
2776569,2025-11-09,4,Golden Eagle Ylli,Bashkimi,"A. Çallakaj,L. Basic,L. Shoshi,L. Thomas,T. Allen","A. Morina,D. Lake,I. Cousins,J. Bailey,J. Palokaj",2363,2396,33,1.5,2.0,1.0,61,74,64,74,3,0,1,1,1,1,0,0,0,1,1,0,0,1,0,1,0,1,0,0,0,0,0,0,1,0,0,0,0,0,0,0,0,0,0,0,0,0,0,0,0,0,0,0,0,0,0,0,0,0,0,0,0,0
2776568,2025-12-16,1,Bora,Trepça,"A. Hot,A. Mekic,J. Zeqiri,R. Memedi,S. Jules","B. Tuna,D. Hajrizi,J. Payne,M. Tmusic,S. Jones",0,428,428,13.73,13.71,13.74,0,0,17,10,17,10,10,7,4,2,3,1,2,7,3,1,1,4,2,13,4,6,1,2,1,2,2,3,3,0,2,3,0,0,0,0,0,0,0,0,0,0,0,0,0,0,0,0,0,0,0,0,0,0,0,0,0,0
2776568,2025-12-16,1,Bora,Trepça,"A. Mekic,G. Zeqiri,R. Memedi,S. Jules,Y. Pllana","A. Arslanagic,B. Tuna,D. Hajrizi,D. Kapiti,M. Tmusic",428,486,58,1.5,2.0,1.0,17,10,19,12,2,2,1,1,0,0,0,0,0,0,1,0,0,1,0,1,1,0,0,0,0,0,0,0,0,0,0,0,0,0,0,0,0,0,0,0,0,0,0,0,0,0,0,0,0,0,0,0,0,0,0,0,0,0
2776568,2025-12-16,1,Bora,Trepça,"G. Zeqiri,J. Zeqiri,R. Memedi,S. Jules,Y. Pllana","A. Arslanagic,B. Zekiqi,D. Hajrizi,D. Kapiti,J. Payne",486,506,20,0.1,0.1,0.1,19,12,19,12,0,0,0,0,0,0,0,0,0,0,0,0,0,0,2,0,0,0,0,0,0,0,0,0,0,0,0,0,0,0,0,0,0,0,0,0,0,0,0,0,0,0,0,0,0,0,0,0,0,0,0,0,0,0
2776568,2025-12-16,1,Bora,Trepça,"G. Zeqiri,H. Lebovci,J. Zeqiri,R. Memedi,Y. Pllana","A. Arslanagic,B. Zekiqi,D. Kapiti,J. Payne,M. Amzil",506,533,27,1.5,2.0,1.0,19,12,19,14,0,2,0,0,0,0,0,0,0,0,0,0,0,2,1,1,1,0,0,0,0,0,0,1,0,0,0,0,0,0,0,0,0,0,0,0,0,0,0,0,0,0,0,0,0,0,0,0,0,0,0,0,0,0
2776568,2025-12-16,1,Bora,Trepça,"G. Zeqiri,H. Lebovci,R. Memedi,S. Jules,Y. Pllana","A. Arslanagic,B. Zekiqi,D. Kapiti,J. Payne,M. Amzil",533,550,17,0.1,0.1,0.1,19,14,19,14,0,0,0,0,0,0,0,0,0,0,0,0,0,0,1,0,0,0,0,0,0,0,0,0,0,0,0,0,0,0,0,0,0,0,0,0,0,0,0,0,0,0,0,0,0,0,0,0,0,0,0,0,0,0
2776568,2025-12-16,1,Bora,Trepça,"A. Hot,A. Mekic,G. Zeqiri,H. Lebovci,S. Jules","A. Arslanagic,D. Kapiti,J. Payne,M. Amzil,M. Tmusic",550,600,50,1.44,1.0,1.88,19,14,21,16,2,2,1,1,0,0,0,0,0,1,1,0,0,0,0,1,1,0,0,2,0,0,0,0,0,0,0,0,0,0,0,0,0,0,0,0,0,0,0,0,0,0,0,0,0,0,0,0,0,0,0,0,0,0
2776568,2025-12-16,2,Bora,Trepça,"A. Hot,A. Mekic,G. Zeqiri,R. Memedi,S. Jules","A. Arslanagic,D. Kapiti,J. Payne,M. Amzil,M. Tmusic",600,757,157,3.9,3.93,3.88,21,16,25,22,4,6,4,2,0,0,0,0,1,1,0,0,0,1,1,3,2,0,0,2,2,0,1,2,1,1,0,3,0,0,0,0,0,0,0,0,0,0,0,0,0,0,0,0,0,0,0,0,0,0,0,0,0,0
2776568,2025-12-16,2,Bora,Trepça,"A. Hot,A. Mekic,J. Zeqiri,S. Jules,Y. Pllana","A. Arslanagic,J. Payne,M. Amzil,M. Tmusic,S. Jones",757,804,47,1.46,2.0,0.93,25,22,25,22,0,0,1,0,1,0,0,0,0,1,0,0,1,1,0,2,0,1,0,0,0,1,1,0,1,0,0,0,0,0,0,0,0,0,0,0,0,0,0,0,0,0,0,0,0,0,0,0,0,0,0,0,0,0
2776568,2025-12-16,2,Bora,Trepça,"A. Mekic,G. Zeqiri,J. Zeqiri,S. Jules,Y. Pllana","A. Arslanagic,D. Hajrizi,J. Payne,M. Tmusic,S. Jones",804,812,8,0.55,0.1,1.0,25,22,25,24,0,2,0,0,0,0,0,0,0,0,0,0,0,0,0,1,1,0,0,0,0,0,0,0,0,0,0,0,0,0,0,0,0,0,0,0,0,0,0,0,0,0,0,0,0,0,0,0,0,0,0,0,0,0
2776568,2025-12-16,2,Bora,Trepça,"A. Hot,A. Mekic,G. Zeqiri,J. Zeqiri,S. Jules","A. Arslanagic,D. Hajrizi,J. Payne,M. Tmusic,S. Jones",812,902,90,2.0,2.0,2.0,25,24,25,30,0,6,2,0,0,0,0,0,0,0,0,0,0,0,0,2,2,2,2,0,0,0,2,2,0,0,0,1,0,0,0,0,0,0,0,0,0,0,0,0,0,0,0,0,0,0,0,0,0,0,0,0,0,0
2776568,2025-12-16,2,Bora,Trepça,"A. Hot,A. Mekic,J. Zeqiri,R. Memedi,S. Jules","A. Arslanagic,D. Hajrizi,J. Payne,M. Tmusic,S. Jones",902,941,39,1.67,2.34,1.0,25,30,28,33,3,3,2,1,0,0,2,1,1,0,1,0,0,0,0,1,1,1,1,0,0,0,1,0,0,0,0,0,0,0,0,0,0,0,0,0,0,0,0,0,0,0,0,0,0,0,0,0,0,0,0,0,0,0
2776568,2025-12-16,2,Bora,Trepça,"A. Hot,H. Lebovci,R. Memedi,S. Jules,Y. Pllana","A. Arslanagic,D. Hajrizi,J. Payne,M. Tmusic,S. Jones",941,960,19,1.05,0.1,2.0,28,33,28,33,0,0,0,0,0,0,0,0,0,0,0,0,0,0,0,0,0,0,0,0,0,0,0,0,0,0,2,1,0,0,0,0,0,0,0,0,0,0,0,0,0,0,0,0,0,0,0,0,0,0,0,0,0,0
2776568,2025-12-16,2,Bora,Trepça,"A. Hot,G. Zeqiri,H. Lebovci,R. Memedi,S. Jules","A. Arslanagic,D. Hajrizi,J. Payne,M. Tmusic,S. Jones",960,1013,53,2.0,2.0,2.0,28,33,31,33,3,0,2,1,1,1,0,0,0,2,1,0,0,0,0,2,0,2,0,0,0,0,1,0,0,0,0,0,0,0,0,0,0,0,0,0,0,0,0,0,0,0,0,0,0,0,0,0,0,0,0,0,0,0
2776568,2025-12-16,2,Bora,Trepça,"A. Hot,A. Mekic,G. Zeqiri,R. Memedi,S. Jules","B. Tuna,D. Hajrizi,J. Payne,M. Tmusic,S. Jones",1013,1092,79,1.43,1.86,1.0,31,33,33,35,2,2,4,1,3,0,0,0,2,0,0,0,0,0,1,1,1,0,0,0,0,0,1,0,0,0,0,0,0,0,0,0,0,0,0,0,0,0,0,0,0,0,0,0,0,0,0,0,0,0,0,0,0,0
2776568,2025-12-16,2,Bora,Trepça,"A. Hot,A. Mekic,J. Zeqiri,R. Memedi,S. Jules","B. Tuna,D. Hajrizi,J. Payne,M. Tmusic,S. Jones",1092,1294,202,5.6,5.21,5.99,33,35,38,47,5,12,7,2,1,0,2,1,3,0,0,0,0,0,4,7,4,3,1,5,3,2,3,5,0,0,0,1,0,0,0,0,0,0,0,0,0,0,0,0,0,0,0,0,0,0,0,0,0,0,0,0,0,0
2776568,2025-12-16,3,Bora,Trepça,"A. Hot,A. Mekic,G. Zeqiri,J. Zeqiri,S. Jules","B. Tuna,D. Hajrizi,J. Payne,M. Tmusic,S. Jones",1294,1317,23,1.0,1.0,1.0,38,47,38,49,0,2,0,0,0,0,0,0,0,0,0,0,0,1,0,1,1,0,0,0,0,0,0,1,1,0,0,0,0,0,0,0,0,0,0,0,0,0,0,0,0,0,0,0,0,0,0,0,0,0,0,0,0,0
2776568,2025-12-16,3,Bora,Trepça,"A. Hot,A. Mekic,G. Zeqiri,R. Memedi,S. Jules","B. Tuna,D. Hajrizi,J. Payne,M. Tmusic,S. Jones",1317,1337,20,1.05,2.0,0.1,38,49,38,49,0,0,0,0,0,0,0,0,0,0,0,0,0,2,1,0,0,0,0,0,0,0,0,0,0,0,0,0,0,0,0,0,0,0,0,0,0,0,0,0,0,0,0,0,0,0,0,0,0,0,0,0,0,0
2776568,2025-12-16,3,Bora,Trepça,"A. Hot,A. Mekic,R. Memedi,S. Jules,Y. Pllana","B. Tuna,D. Hajrizi,J. Payne,M. Tmusic,S. Jones",1337,1367,30,1.0,1.0,1.0,38,49,38,51,0,2,0,0,0,0,0,0,0,0,0,0,0,1,0,1,1,0,0,0,0,0,0,1,0,0,0,0,0,0,0,0,0,0,0,0,0,0,0,0,0,0,0,0,0,0,0,0,0,0,0,0,0,0
2776568,2025-12-16,3,Bora,Trepça,"A. Hot,A. Mekic,J. Zeqiri,S. Jules,Y. Pllana","B. Tuna,D. Hajrizi,J. Payne,M. Tmusic,S. Jones",1367,1496,129,6.0,6.0,6.0,38,51,40,58,2,7,3,1,1,0,0,0,0,1,0,1,0,3,1,4,3,1,1,0,0,0,2,2,1,0,2,1,0,0,0,0,0,0,0,0,0,0,0,0,0,0,0,0,0,0,0,0,0,0,0,0,0,0
2776568,2025-12-16,3,Bora,Trepça,"A. Hot,A. Mekic,G. Zeqiri,H. Lebovci,J. Zeqiri","B. Tuna,D. Hajrizi,J. Payne,M. Tmusic,S. Jones",1496,1546,50,2.38,2.0,2.76,40,58,42,62,2,4,1,1,0,0,0,0,0,1,0,0,0,1,2,1,0,0,0,4,4,0,0,0,1,0,0,0,0,0,0,0,0,0,0,0,0,0,0,0,0,0,0,0,0,0,0,0,0,0,0,0,0,0
2776568,2025-12-16,3,Bora,Trepça,"A. Hot,A. Mekic,G. Zeqiri,J. Zeqiri,S. Jules","B. Tuna,D. Hajrizi,J. Payne,M. Tmusic,S. Jones",1546,1674,128,3.87,3.86,3.88,42,62,44,70,2,8,4,1,3,0,0,0,2,1,0,0,0,2,1,3,2,3,2,2,2,0,1,2,1,0,0,1,0,0,0,0,0,0,0,0,0,0,0,0,0,0,0,0,0,0,0,0,0,0,0,0,0,0
2776568,2025-12-16,3,Bora,Trepça,"A. Mekic,G. Zeqiri,J. Zeqiri,R. Memedi,S. Jules","B. Tuna,D. Hajrizi,J. Payne,M. Tmusic,S. Jones",1674,1712,38,1.0,1.0,1.0,44,70,44,73,0,3,1,0,1,0,0,0,0,0,0,0,0,0,0,1,1,1,1,0,0,0,1,1,0,0,0,1,0,0,0,0,0,0,0,0,0,0,0,0,0,0,0,0,0,0,0,0,0,0,0,0,0,0
2776568,2025-12-16,3,Bora,Trepça,"A. Mekic,J. Zeqiri,R. Memedi,R. Sylejmani,S. Jules","B. Tuna,D. Hajrizi,D. Kapiti,J. Payne,M. Tmusic",1712,1719,7,0.49,0.88,0.1,44,73,45,73,1,0,0,0,0,0,2,1,0,0,0,0,0,0,1,0,0,0,0,0,0,0,0,0,0,0,0,0,0,0,0,0,0,0,0,0,0,0,0,0,0,0,0,0,0,0,0,0,0,0,0,0,0,0
2776568,2025-12-16,3,Bora,Trepça,"A. Mekic,H. Lebovci,R. Memedi,R. Sylejmani,S. Jules","A. Arslanagic,B. Tuna,D. Kapiti,J. Payne,M. Amzil",1719,1756,37,1.5,2.0,1.0,45,75,45,77,0,2,1,0,0,0,0,0,0,0,0,0,0,1,0,1,1,0,0,0,0,0,1,1,1,0,0,0,0,0,0,0,0,0,0,0,0,0,0,0,0,0,0,0,0,0,0,0,0,0,0,0,0,0
2776568,2025-12-16,3,Bora,Trepça,"A. Mekic,G. Zeqiri,R. Memedi,R. Sylejmani,S. Jules","A. Arslanagic,B. Tuna,D. Kapiti,J. Payne,M. Amzil",1756,1800,44,1.5,1.0,2.0,45,77,47,77,2,0,1,1,0,0,0,0,0,0,1,2,0,0,0,0,0,0,0,0,0,0,0,0,0,0,2,0,0,0,0,0,0,0,0,0,0,0,0,0,0,0,0,0,0,0,0,0,0,0,0,0,0,0
2776568,2025-12-16,4,Bora,Trepça,"A. Hot,A. Mekic,G. Zeqiri,R. Memedi,S. Jules","A. Arslanagic,B. Tuna,D. Kapiti,M. Amzil,M. Tmusic",1800,1937,137,2.93,2.86,3.0,47,77,52,77,5,0,5,2,1,1,0,0,2,1,1,0,0,0,0,1,0,1,0,0,0,0,1,0,0,0,2,2,0,0,0,0,0,0,0,0,0,0,0,0,0,0,0,0,0,0,0,0,0,0,0,0,0,0
2776568,2025-12-16,4,Bora,Trepça,"A. Hot,A. Mekic,J. Zeqiri,R. Memedi,S. Jules","A. Arslanagic,D. Kapiti,J. Payne,M. Amzil,M. Tmusic",1937,2013,76,2.43,2.86,2.0,52,77,59,79,7,2,5,3,1,1,0,0,2,1,1,0,0,0,0,2,1,0,0,0,0,0,0,0,0,1,0,0,0,0,0,0,0,0,0,0,0,0,0,0,0,0,0,0,0,0,0,0,0,0,0,0,0,0
2776568,2025-12-16,4,Bora,Trepça,"A. Hot,A. Mekic,G. Zeqiri,J. Zeqiri,S. Jules","B. Tuna,D. Kapiti,J. Payne,M. Amzil,M. Tmusic",2013,2081,68,2.94,2.88,3.0,59,79,60,81,1,2,2,0,0,0,2,1,0,2,0,0,0,0,0,3,1,2,0,0,0,0,2,1,0,0,0,1,0,0,0,0,0,0,0,0,0,0,0,0,0,0,0,0,0,0,0,0,0,0,0,0,0,0
2776568,2025-12-16,4,Bora,Trepça,"A. Hot,J. Zeqiri,R. Memedi,R. Sylejmani,S. Jules","B. Tuna,D. Kapiti,J. Payne,M. Amzil,M. Tmusic",2081,2100,19,0.1,0.1,0.1,60,81,60,81,0,0,0,0,0,0,0,0,0,0,0,0,0,0,1,1,0,1,0,0,0,1,0,0,0,0,0,0,0,0,0,0,0,0,0,0,0,0,0,0,0,0,0,0,0,0,0,0,0,0,0,0,0,0
2776568,2025-12-16,4,Bora,Trepça,"G. Zeqiri,J. Zeqiri,R. Memedi,R. Sylejmani,S. Jules","B. Tuna,D. Kapiti,J. Payne,M. Amzil,M. Tmusic",2100,2146,46,1.5,1.0,2.0,60,81,62,86,2,5,1,1,0,0,0,0,0,0,1,0,0,0,0,2,2,1,1,0,0,0,0,2,0,0,0,1,0,0,0,0,0,0,0,0,0,0,0,0,0,0,0,0,0,0,0,0,0,0,0,0,0,0
2776568,2025-12-16,4,Bora,Trepça,"A. Hot,A. Mekic,J. Zeqiri,R. Memedi,S. Jules","B. Tuna,D. Kapiti,J. Payne,M. Amzil,M. Tmusic",2146,2188,42,1.44,1.88,1.0,62,86,66,86,4,0,1,1,0,0,2,2,0,1,1,0,0,0,1,1,0,1,0,0,0,0,0,0,0,0,0,1,0,0,0,0,0,0,0,0,0,0,0,0,0,0,0,0,0,0,0,0,0,0,0,0,0,0
2776568,2025-12-16,4,Bora,Trepça,"A. Hot,A. Mekic,G. Zeqiri,J. Zeqiri,R. Memedi","B. Tuna,D. Kapiti,J. Payne,M. Amzil,M. Tmusic",2188,2215,27,1.22,1.0,1.44,66,86,68,87,2,1,1,1,0,0,0,0,0,1,1,0,0,0,1,1,0,1,0,1,1,0,0,0,0,0,0,0,0,0,0,0,0,0,0,0,0,0,0,0,0,0,0,0,0,0,0,0,0,0,0,0,0,0
2776568,2025-12-16,4,Bora,Trepça,"A. Hot,A. Mekic,G. Zeqiri,J. Zeqiri,R. Memedi","B. Zekiqi,D. Kapiti,J. Payne,M. Amzil,M. Tmusic",2215,2262,47,1.0,1.0,1.0,68,87,68,87,0,0,1,0,1,0,0,0,0,1,0,0,0,0,1,1,0,1,0,0,0,0,1,0,0,0,0,0,0,0,0,0,0,0,0,0,0,0,0,0,0,0,0,0,0,0,0,0,0,0,0,0,0,0
2776568,2025-12-16,4,Bora,Trepça,"A. Mekic,G. Zeqiri,J. Zeqiri,R. Memedi,R. Sylejmani","B. Zekiqi,D. Kapiti,J. Payne,M. Amzil,M. Tmusic",2262,2341,79,1.96,2.0,1.93,68,87,70,89,2,2,2,1,1,0,0,0,0,0,1,0,0,0,1,2,1,0,0,0,0,1,1,0,0,0,1,0,0,0,0,0,0,0,0,0,0,0,0,0,0,0,0,0,0,0,0,0,0,0,0,0,0,0
2776568,2025-12-16,4,Bora,Trepça,"G. Zeqiri,H. Lebovci,J. Zeqiri,R. Sylejmani,Y. Pllana","A. Gashi,B. Zekiqi,J. Payne,M. Amzil,V. Haliti",2341,2400,59,2.3,1.72,2.88,70,89,72,90,2,1,5,1,1,0,0,0,4,2,0,0,1,1,0,2,0,0,0,2,1,0,0,0,1,0,0,0,0,0,0,0,0,0,0,0,0,0,0,0,0,0,0,0,0,0,0,0,0,0,0,0,0,0
2776575,2025-11-10,1,Rahoveci 029,Vëllaznimi,"F. Rugova,I. Umipig,J. Roche,P. Weekes,V. Ejupi","A. Koshi,J. Ismajli,L. Colimerio,M. Warrick,Y. Anei",0,228,228,8.04,8.08,8.0,0,0,5,9,5,9,5,2,0,0,2,1,1,3,1,0,1,3,2,7,4,2,1,0,0,0,3,3,3,1,1,1,0,0,0,0,0,0,0,0,0,0,0,0,0,0,0,0,0,0,0,0,0,0,0,0,0,0
2776575,2025-11-10,1,Rahoveci 029,Vëllaznimi,"B. Rexha,F. Rugova,I. Umipig,J. Roche,P. Weekes","A. Koshi,J. Ismajli,L. Colimerio,M. Warrick,Y. Anei",228,266,38,0.55,1.0,0.1,5,9,7,9,2,0,1,1,0,0,0,0,0,0,1,0,0,0,1,1,0,1,0,0,0,1,0,0,0,0,0,0,0,0,0,0,0,0,0,0,0,0,0,0,0,0,0,0,0,0,0,0,0,0,0,0,0,0
2776575,2025-11-10,1,Rahoveci 029,Vëllaznimi,"B. Rexha,F. Rugova,I. Umipig,J. Roche,K. Pullian","A. Koshi,J. Ismajli,L. Colimerio,M. Warrick,Y. Anei",266,355,89,2.86,2.0,3.73,7,9,10,13,3,4,2,1,1,1,0,0,0,2,0,0,0,0,1,4,2,0,0,1,0,1,1,0,0,1,0,1,0,0,0,0,0,0,0,0,0,0,0,0,0,0,0,0,0,0,0,0,0,0,0,0,0,0
2776575,2025-11-10,1,Rahoveci 029,Vëllaznimi,"B. Rexha,F. Rugova,I. Umipig,J. Roche,K. Pullian","A. Koshi,J. Ismajli,K. Ezeagu,M. Warrick,Z. Reid",355,423,68,2.46,3.0,1.93,10,13,10,15,0,2,3,0,2,0,0,0,0,0,0,1,0,0,1,2,1,0,0,0,0,1,3,0,0,1,1,0,0,0,0,0,0,0,0,0,0,0,0,0,0,0,0,0,0,0,0,0,0,0,0,0,0,0
2776575,2025-11-10,1,Rahoveci 029,Vëllaznimi,"B. Rexha,F. Rugova,I. Umipig,K. Pullian,P. Weekes","A. Koshi,K. Ezeagu,M. Warrick,R. Dahsyla,Z. Reid",423,587,164,4.4,3.93,4.88,10,15,18,21,8,6,5,3,4,2,0,0,1,2,2,0,0,0,0,4,2,1,0,2,2,0,1,0,0,0,0,0,0,0,0,0,0,0,0,0,0,0,0,0,0,0,0,0,0,0,0,0,0,0,0,0,0,0
2776575,2025-11-10,1,Rahoveci 029,Vëllaznimi,"B. Rexha,F. Rugova,I. Umipig,K. Pullian,P. Weekes","J. Ismajli,K. Ezeagu,R. Dahsyla,S. Zekiqi,Z. Reid",587,600,13,0.55,1.0,0.1,19,21,22,21,3,0,1,1,1,1,0,0,0,0,0,0,0,0,0,0,0,0,0,0,0,0,0,0,0,0,0,0,0,0,0,0,0,0,0,0,0,0,0,0,0,0,0,0,0,0,0,0,0,0,0,0,0,0
2776575,2025-11-10,2,Rahoveci 029,Vëllaznimi,"B. Rexha,E. Peci,F. Rugova,K. Pullian,P. Weekes","J. Ismajli,K. Ezeagu,R. Dahsyla,S. Zekiqi,Z. Reid",600,616,16,0.1,0.1,0.1,22,21,22,21,0,0,0,0,0,0,0,0,0,0,0,0,0,0,1,0,0,0,0,0,0,0,0,0,0,0,0,0,0,0,0,0,0,0,0,0,0,0,0,0,0,0,0,0,0,0,0,0,0,0,0,0,0,0
2776575,2025-11-10,2,Rahoveci 029,Vëllaznimi,"B. Rexha,E. Peci,F. Rugova,J. Roche,K. Pullian","J. Ismajli,K. Ezeagu,R. Dahsyla,S. Zekiqi,Z. Reid",616,793,177,6.52,6.0,7.05,22,21,29,23,7,2,5,3,2,1,0,0,0,5,0,0,1,1,0,7,1,4,0,2,0,2,2,0,1,0,1,1,0,0,0,0,0,0,0,0,0,0,0,0,0,0,0,0,0,0,0,0,0,0,0,0,0,0
2776575,2025-11-10,2,Rahoveci 029,Vëllaznimi,"B. Rexha,E. Peci,F. Rugova,J. Roche,K. Pullian","K. Ezeagu,L. Colimerio,M. Warrick,R. Dahsyla,S. Zekiqi",793,862,69,2.94,3.0,2.88,29,23,29,25,0,2,1,0,0,0,0,0,0,1,0,0,0,2,1,1,0,0,0,2,2,0,1,0,2,1,1,1,0,0,0,0,0,0,0,0,0,0,0,0,0,0,0,0,0,0,0,0,0,0,0,0,0,0
2776575,2025-11-10,2,Rahoveci 029,Vëllaznimi,"F. Rugova,J. Jones,J. Roche,K. Pullian,V. Ejupi","K. Ezeagu,L. Colimerio,M. Warrick,R. Dahsyla,S. Zekiqi",862,896,34,1.5,2.0,1.0,29,25,29,28,0,3,2,0,1,0,0,0,0,0,0,0,0,0,1,1,1,1,1,0,0,0,2,0,0,0,0,0,0,0,0,0,0,0,0,0,0,0,0,0,0,0,0,0,0,0,0,0,0,0,0,0,0,0
2776575,2025-11-10,2,Rahoveci 029,Vëllaznimi,"F. Rugova,I. Umipig,J. Jones,J. Roche,V. Ejupi","L. Colimerio,M. Warrick,R. Dahsyla,S. Zekiqi,Y. Anei",896,983,87,2.43,1.93,2.93,29,28,31,30,2,2,3,1,1,0,0,0,1,1,1,1,0,0,0,3,1,1,0,0,0,1,1,0,0,0,1,1,0,0,0,0,0,0,0,0,0,0,0,0,0,0,0,0,0,0,0,0,0,0,0,0,0,0
2776575,2025-11-10,2,Rahoveci 029,Vëllaznimi,"F. Rugova,I. Umipig,J. Jones,J. Roche,V. Ejupi","A. Koshi,L. Colimerio,M. Warrick,R. Dahsyla,Y. Anei",983,1038,55,2.44,2.88,2.0,31,30,33,32,2,2,1,0,0,0,2,2,0,1,0,0,0,1,0,2,1,0,0,0,0,0,1,1,0,0,0,0,0,0,0,0,0,0,0,0,0,0,0,0,0,0,0,0,0,0,0,0,0,0,0,0,0,0
2776575,2025-11-10,2,Rahoveci 029,Vëllaznimi,"F. Rugova,I. Umipig,J. Jones,J. Roche,V. Ejupi","A. Koshi,K. Ezeagu,L. Colimerio,M. Warrick,R. Dahsyla",1038,1070,32,0.55,0.1,1.0,33,32,33,32,0,0,1,0,1,0,0,0,1,0,0,1,0,0,0,0,0,0,0,0,0,0,0,0,0,0,1,0,0,0,0,0,0,0,0,0,0,0,0,0,0,0,0,0,0,0,0,0,0,0,0,0,0,0
2776575,2025-11-10,2,Rahoveci 029,Vëllaznimi,"F. Rugova,I. Umipig,J. Roche,K. Pullian,V. Ejupi","A. Koshi,K. Ezeagu,L. Colimerio,M. Warrick,R. Dahsyla",1070,1123,53,1.0,1.0,1.0,33,32,33,34,0,2,0,0,0,0,0,0,0,0,0,0,0,1,0,1,1,0,0,0,0,0,0,1,0,0,0,1,0,0,0,0,0,0,0,0,0,0,0,0,0,0,0,0,0,0,0,0,0,0,0,0,0,0
2776575,2025-11-10,2,Rahoveci 029,Vëllaznimi,"F. Rugova,I. Umipig,J. Roche,K. Pullian,V. Ejupi","A. Koshi,L. Colimerio,M. Warrick,R. Dahsyla,Z. Reid",1123,1200,77,2.72,3.44,2.0,33,34,39,38,6,4,3,2,2,1,1,1,0,0,2,0,0,0,1,2,2,0,0,0,0,0,0,0,0,0,0,1,0,0,0,0,0,0,0,0,0,0,0,0,0,0,0,0,0,0,0,0,0,0,0,0,0,0
2776575,2025-11-10,3,Rahoveci 029,Vëllaznimi,"E. Peci,F. Rugova,I. Umipig,K. Pullian,P. Weekes","A. Koshi,J. Ismajli,L. Colimerio,M. Warrick,Y. Anei",1200,1437,237,5.94,7.02,4.86,39,38,51,42,12,4,10,6,1,0,1,0,4,2,3,0,0,0,1,6,2,1,0,0,0,2,1,1,0,1,1,1,0,0,0,0,0,0,0,0,0,0,0,0,0,0,0,0,0,0,0,0,0,0,0,0,0,0
2776575,2025-11-10,3,Rahoveci 029,Vëllaznimi,"E. Peci,F. Rugova,I. Umipig,K. Pullian,P. Weekes","A. Koshi,J. Ismajli,L. Colimerio,Y. Anei,Z. Reid",1437,1492,55,2.0,2.0,2.0,51,42,51,42,0,0,2,0,0,0,0,0,0,1,0,1,0,0,1,1,0,0,0,0,0,0,2,0,0,0,1,0,0,0,0,0,0,0,0,0,0,0,0,0,0,0,0,0,0,0,0,0,0,0,0,0,0,0
2776575,2025-11-10,3,Rahoveci 029,Vëllaznimi,"E. Peci,F. Rugova,I. Umipig,J. Roche,K. Pullian","J. Ismajli,L. Colimerio,R. Dahsyla,Y. Anei,Z. Reid",1492,1572,80,2.84,2.88,2.81,51,42,55,44,4,2,2,1,1,0,2,2,0,1,0,1,0,0,3,2,0,0,0,2,2,1,1,0,0,0,1,1,0,0,0,0,0,0,0,0,0,0,0,0,0,0,0,0,0,0,0,0,0,0,0,0,0,0
2776575,2025-11-10,3,Rahoveci 029,Vëllaznimi,"E. Peci,F. Rugova,I. Umipig,J. Roche,K. Pullian","J. Ismajli,L. Colimerio,M. Warrick,R. Dahsyla,Z. Reid",1572,1689,117,3.31,2.86,3.76,55,44,57,50,2,6,5,1,2,0,0,0,2,1,1,0,0,0,1,2,2,0,0,4,2,0,2,0,0,1,0,2,0,0,0,0,0,0,0,0,0,0,0,0,0,0,0,0,0,0,0,0,0,0,0,0,0,0
2776575,2025-11-10,3,Rahoveci 029,Vëllaznimi,"E. Peci,F. Rugova,I. Umipig,K. Pullian,P. Weekes","J. Ismajli,L. Colimerio,M. Warrick,R. Dahsyla,Z. Reid",1689,1912,223,6.6,6.43,6.76,57,50,64,61,7,11,9,3,3,1,0,0,2,2,1,0,0,0,2,5,3,3,2,4,3,0,3,3,0,0,0,1,0,0,0,0,0,0,0,0,0,0,0,0,0,0,0,0,0,0,0,0,0,0,0,0,0,0
2776575,2025-11-10,4,Rahoveci 029,Vëllaznimi,"E. Peci,F. Rugova,I. Umipig,K. Pullian,P. Weekes","J. Ismajli,M. Warrick,R. Dahsyla,Y. Anei,Z. Reid",1912,1952,40,1.0,1.0,1.0,64,61,64,61,0,0,1,0,1,0,0,0,0,1,0,0,0,0,0,1,0,1,0,0,0,0,1,0,0,0,0,1,0,0,0,0,0,0,0,0,0,0,0,0,0,0,0,0,0,0,0,0,0,0,0,0,0,0
2776575,2025-11-10,4,Rahoveci 029,Vëllaznimi,"E. Peci,F. Rugova,I. Umipig,K. Pullian,P. Weekes","A. Koshi,M. Warrick,R. Dahsyla,Y. Anei,Z. Reid",1952,2156,204,6.31,6.88,5.74,64,61,69,66,5,5,5,2,2,0,2,1,0,3,0,1,1,1,3,6,1,2,1,2,2,2,3,1,1,0,1,0,0,0,0,0,0,0,0,0,0,0,0,0,0,0,0,0,0,0,0,0,0,0,0,0,0,0
2776575,2025-11-10,4,Rahoveci 029,Vëllaznimi,"E. Peci,F. Rugova,I. Umipig,K. Pullian,P. Weekes","A. Koshi,L. Colimerio,M. Warrick,R. Dahsyla,Y. Anei",2156,2257,101,3.94,4.0,3.88,69,66,74,70,5,4,4,2,1,1,0,0,0,1,0,1,0,0,1,2,1,0,0,2,2,0,2,1,0,1,1,0,0,0,0,0,0,0,0,0,0,0,0,0,0,0,0,0,0,0,0,0,0,0,0,0,0,0
2776575,2025-11-10,4,Rahoveci 029,Vëllaznimi,"E. Peci,F. Rugova,I. Umipig,J. Roche,K. Pullian","A. Koshi,L. Colimerio,M. Warrick,R. Dahsyla,Y. Anei",2257,2399,142,4.84,4.93,4.76,74,70,81,79,7,9,5,3,3,1,0,0,1,0,2,1,0,1,2,2,2,1,1,4,4,0,1,0,0,0,1,1,0,0,0,0,0,0,0,0,0,0,0,0,0,0,0,0,0,0,0,0,0,0,0,0,0,0
2776575,2025-11-10,4,Rahoveci 029,Vëllaznimi,"E. Peci,I. Umipig,J. Roche,K. Pullian,K. Ujkani","A. Koshi,L. Colimerio,M. Warrick,R. Dahsyla,Y. Anei",2399,2400,1,0.77,0.1,1.44,81,79,81,80,0,1,0,0,0,0,0,0,0,0,0,0,0,0,0,1,0,1,0,1,1,0,0,0,0,0,0,0,0,0,0,0,0,0,0,0,0,0,0,0,0,0,0,0,0,0,0,0,0,0,0,0,0,0
2776567,2025-11-09,1,Sigal Prishtina,GO+Peja,"A. Azemi,A. Bailey,D. Burns,L. Autrey,V. Kakruki","A. Herndon,D. Berisha,J. Johnson,M. Mala,T. Green",0,304,304,9.15,9.44,8.86,0,0,11,8,11,8,7,5,2,0,1,1,0,3,3,0,0,2,1,9,4,3,0,0,0,2,2,1,0,0,2,1,0,0,0,0,0,0,0,0,0,0,0,0,0,0,0,0,0,0,0,0,0,0,0,0,0,0
2776567,2025-11-09,1,Sigal Prishtina,GO+Peja,"A. Azemi,A. Bailey,D. Burns,L. Autrey,V. Kakruki","C. Edwards,D. Berisha,J. Johnson,M. Mala,T. Green",304,373,69,2.0,2.0,2.0,11,8,16,10,5,2,2,2,1,1,0,0,0,0,1,0,0,0,1,1,1,0,0,0,0,0,0,0,0,0,1,0,0,0,0,0,0,0,0,0,0,0,0,0,0,0,0,0,0,0,0,0,0,0,0,0,0,0
2776567,2025-11-09,1,Sigal Prishtina,GO+Peja,"A. Azemi,A. Bailey,D. Lekndreaj,K. Kramer,L. Autrey","A. Hajdari,C. Edwards,J. Johnson,M. Mala,T. Green",373,523,150,5.4,4.93,5.88,16,10,19,21,3,11,6,1,4,1,0,0,1,2,1,0,0,0,1,5,4,3,2,2,1,0,4,4,0,0,0,1,0,0,0,0,0,0,0,0,0,0,0,0,0,0,0,0,0,0,0,0,0,0,0,0,0,0
2776567,2025-11-09,1,Sigal Prishtina,GO+Peja,"A. Bailey,D. Burns,D. Lekndreaj,D. Polloshka,K. Kramer","A. Hajdari,C. Edwards,M. Armstead,S. Flatten,T. Green",523,600,77,2.31,2.88,1.74,19,21,20,24,1,3,1,0,0,0,2,1,0,0,0,0,0,1,1,3,1,1,0,2,1,2,2,1,1,0,0,1,0,0,0,0,0,0,0,0,0,0,0,0,0,0,0,0,0,0,0,0,0,0,0,0,0,0
2776567,2025-11-09,2,Sigal Prishtina,GO+Peja,"A. Bailey,D. Burns,D. Lekndreaj,D. Polloshka,K. Kramer","C. Edwards,D. Berisha,M. Armstead,S. Flatten,T. Green",600,731,131,3.9,3.88,3.93,20,24,24,31,4,7,3,1,1,0,2,2,0,1,1,0,1,0,1,5,3,2,1,0,0,1,2,2,0,0,0,1,0,0,0,0,0,0,0,0,0,0,0,0,0,0,0,0,0,0,0,0,0,0,0,0,0,0
2776567,2025-11-09,2,Sigal Prishtina,GO+Peja,"A. Bailey,D. Burns,D. Lekndreaj,D. Polloshka,V. Kakruki","A. Herndon,C. Edwards,D. Berisha,M. Armstead,S. Flatten",731,874,143,4.08,4.0,4.17,24,31,28,37,4,6,4,2,1,0,0,0,0,2,1,0,0,0,1,4,2,3,1,2,1,1,2,1,0,1,0,2,0,0,0,0,0,0,0,0,0,0,0,0,0,0,0,0,0,0,0,0,0,0,0,0,0,0
2776567,2025-11-09,2,Sigal Prishtina,GO+Peja,"A. Azemi,D. Burns,D. Haxhosaj,L. Autrey,V. Kakruki","A. Herndon,D. Berisha,M. Armstead,S. Flatten,T. Green",874,933,59,2.0,2.0,2.0,28,37,30,37,2,0,2,1,1,0,0,0,0,1,1,1,0,0,0,1,0,1,0,0,0,0,1,0,0,0,1,0,0,0,0,0,0,0,0,0,0,0,0,0,0,0,0,0,0,0,0,0,0,0,0,0,0,0
2776567,2025-11-09,2,Sigal Prishtina,GO+Peja,"A. Azemi,D. Burns,D. Haxhosaj,L. Autrey,V. Kakruki","A. Herndon,D. Berisha,J. Johnson,M. Mala,T. Green",933,969,36,0.94,1.0,0.88,30,37,32,38,2,1,1,1,0,0,0,0,0,0,1,0,0,0,1,0,0,0,0,2,1,0,0,1,0,0,0,0,0,0,0,0,0,0,0,0,0,0,0,0,0,0,0,0,0,0,0,0,0,0,0,0,0,0
2776567,2025-11-09,2,Sigal Prishtina,GO+Peja,"A. Azemi,D. Burns,D. Haxhosaj,L. Autrey,V. Kakruki","C. Edwards,D. Berisha,J. Johnson,M. Mala,T. Green",969,1032,63,1.44,1.88,1.0,32,38,37,41,5,3,1,1,1,1,2,2,0,0,1,0,0,0,1,1,1,1,1,0,0,0,0,1,0,0,0,1,0,0,0,0,0,0,0,0,0,0,0,0,0,0,0,0,0,0,0,0,0,0,0,0,0,0
2776567,2025-11-09,2,Sigal Prishtina,GO+Peja,"A. Azemi,D. Burns,D. Haxhosaj,L. Autrey,V. Kakruki","A. Hajdari,C. Edwards,J. Johnson,M. Mala,T. Green",1032,1076,44,1.9,1.93,1.88,37,41,37,45,0,4,1,0,0,0,0,0,1,0,0,0,0,2,2,1,1,0,0,2,2,0,0,0,0,0,0,0,0,0,0,0,0,0,0,0,0,0,0,0,0,0,0,0,0,0,0,0,0,0,0,0,0,0
2776567,2025-11-09,2,Sigal Prishtina,GO+Peja,"A. Azemi,A. Bailey,D. Burns,D. Haxhosaj,L. Autrey","A. Hajdari,C. Edwards,J. Johnson,M. Mala,T. Green",1076,1102,26,1.0,1.0,1.0,37,45,39,45,2,0,1,1,0,0,0,0,0,0,0,0,0,0,0,0,0,0,0,0,0,0,0,0,0,0,1,1,0,0,0,0,0,0,0,0,0,0,0,0,0,0,0,0,0,0,0,0,0,0,0,0,0,0
2776567,2025-11-09,2,Sigal Prishtina,GO+Peja,"A. Azemi,A. Bailey,D. Burns,D. Haxhosaj,L. Autrey","C. Edwards,M. Armstead,M. Mala,S. Flatten,T. Green",1102,1200,98,2.5,3.25,1.74,39,45,44,48,5,3,3,1,2,1,3,2,1,0,1,0,1,0,1,3,1,1,0,2,1,1,1,2,0,0,0,1,0,0,0,0,0,0,0,0,0,0,0,0,0,0,0,0,0,0,0,0,0,0,0,0,0,0
2776567,2025-11-09,3,Sigal Prishtina,GO+Peja,"A. Azemi,A. Bailey,D. Burns,D. Haxhosaj,L. Autrey","C. Edwards,D. Berisha,J. Johnson,M. Mala,T. Green",1200,1371,171,6.5,6.0,7.0,44,48,51,56,7,8,5,3,2,1,0,0,0,3,2,0,0,1,0,6,3,2,2,0,0,0,2,3,1,0,1,1,0,0,0,0,0,0,0,0,0,0,0,0,0,0,0,0,0,0,0,0,0,0,0,0,0,0
2776567,2025-11-09,3,Sigal Prishtina,GO+Peja,"A. Azemi,A. Bailey,D. Burns,L. Autrey,V. Kakruki","C. Edwards,D. Berisha,J. Johnson,M. Mala,T. Green",1371,1456,85,3.0,3.0,3.0,51,56,51,60,0,4,1,0,1,0,0,0,0,0,0,0,0,2,0,2,2,0,0,0,0,0,1,2,1,0,1,1,0,0,0,0,0,0,0,0,0,0,0,0,0,0,0,0,0,0,0,0,0,0,0,0,0,0
2776567,2025-11-09,3,Sigal Prishtina,GO+Peja,"A. Azemi,A. Bailey,D. Burns,L. Autrey,V. Kakruki","A. Herndon,D. Berisha,J. Johnson,M. Mala,T. Green",1456,1596,140,3.94,4.0,3.88,51,60,55,62,4,2,3,2,0,0,0,0,0,1,2,1,0,1,1,1,1,0,0,2,0,0,1,0,0,0,2,1,0,0,0,0,0,0,0,0,0,0,0,0,0,0,0,0,0,0,0,0,0,0,0,0,0,0
2776567,2025-11-09,3,Sigal Prishtina,GO+Peja,"A. Azemi,A. Bailey,D. Burns,L. Autrey,V. Kakruki","A. Hajdari,J. Johnson,M. Armstead,S. Flatten,T. Green",1596,1665,69,2.88,2.76,3.0,55,62,56,68,1,6,1,0,0,0,4,1,0,0,0,1,0,0,0,2,2,2,2,0,0,0,3,1,0,0,1,1,0,0,0,0,0,0,0,0,0,0,0,0,0,0,0,0,0,0,0,0,0,0,0,0,0,0
2776567,2025-11-09,3,Sigal Prishtina,GO+Peja,"A. Azemi,A. Bailey,D. Burns,D. Lekndreaj,L. Autrey","A. Hajdari,J. Johnson,M. Armstead,S. Flatten,T. Green",1665,1719,54,2.4,2.81,2.0,56,68,63,70,7,2,3,2,2,1,2,2,1,0,0,1,0,0,0,1,1,0,0,0,0,0,0,0,0,0,1,1,0,0,0,0,0,0,0,0,0,0,0,0,0,0,0,0,0,0,0,0,0,0,0,0,0,0
2776567,2025-11-09,3,Sigal Prishtina,GO+Peja,"A. Azemi,A. Bailey,D. Burns,D. Lekndreaj,L. Autrey","A. Hajdari,M. Armstead,M. Mala,S. Flatten,T. Green",1719,1800,81,3.44,2.88,4.0,63,70,64,70,1,0,2,0,1,0,2,1,0,2,1,0,0,0,0,2,0,2,0,0,0,0,2,0,0,0,2,2,0,0,0,0,0,0,0,0,0,0,0,0,0,0,0,0,0,0,0,0,0,0,0,0,0,0
2776567,2025-11-09,4,Sigal Prishtina,GO+Peja,"A. Azemi,A. Bailey,D. Lekndreaj,D. Polloshka,L. Autrey","A. Hajdari,C. Edwards,M. Armstead,M. Mala,S. Flatten",1800,1892,92,2.5,3.0,2.0,64,70,66,70,2,0,2,1,1,0,0,0,0,2,0,0,0,1,2,2,0,1,0,0,0,0,1,0,1,0,0,1,0,0,0,0,0,0,0,0,0,0,0,0,0,0,0,0,0,0,0,0,0,0,0,0,0,0
2776567,2025-11-09,4,Sigal Prishtina,GO+Peja,"A. Azemi,A. Bailey,D. Lekndreaj,D. Polloshka,L. Autrey","C. Edwards,M. Armstead,M. Mala,S. Flatten,T. Green",1892,1983,91,2.4,3.0,1.81,66,70,68,72,2,2,2,1,0,0,0,0,0,1,1,0,0,1,3,2,0,1,0,2,2,1,0,1,0,0,0,2,0,0,0,0,0,0,0,0,0,0,0,0,0,0,0,0,0,0,0,0,0,0,0,0,0,0
2776567,2025-11-09,4,Sigal Prishtina,GO+Peja,"A. Azemi,A. Bailey,D. Lekndreaj,D. Polloshka,L. Autrey","C. Edwards,D. Berisha,M. Armstead,S. Flatten,T. Green",1983,2069,86,3.5,2.93,4.08,68,72,70,77,2,5,3,1,1,0,0,0,1,1,0,0,0,1,2,1,0,0,0,7,5,0,1,0,0,0,0,1,0,0,0,0,0,0,0,0,0,0,0,0,0,0,0,0,0,0,0,0,0,0,0,0,0,0
2776567,2025-11-09,4,Sigal Prishtina,GO+Peja,"A. Bailey,D. Burns,D. Lekndreaj,D. Polloshka,L. Autrey","C. Edwards,D. Berisha,M. Armstead,S. Flatten,T. Green",2069,2170,101,2.46,2.93,2.0,70,77,75,79,5,2,4,2,2,1,0,0,1,0,1,1,0,0,1,1,1,0,0,0,0,0,1,1,0,1,1,0,0,0,0,0,0,0,0,0,0,0,0,0,0,0,0,0,0,0,0,0,0,0,0,0,0,0
2776567,2025-11-09,4,Sigal Prishtina,GO+Peja,"A. Bailey,D. Burns,D. Lekndreaj,D. Polloshka,L. Autrey","D. Berisha,J. Johnson,M. Armstead,S. Flatten,T. Green",2170,2284,114,4.71,5.67,3.76,75,79,81,88,6,9,2,1,0,0,5,4,1,0,1,0,0,2,3,2,2,1,1,4,4,0,1,1,0,0,0,3,0,0,0,0,0,0,0,0,0,0,0,0,0,0,0,0,0,0,0,0,0,0,0,0,0,0
2776567,2025-11-09,4,Sigal Prishtina,GO+Peja,"A. Azemi,A. Bailey,D. Burns,D. Polloshka,L. Autrey","D. Berisha,J. Johnson,M. Armstead,S. Flatten,T. Green",2284,2319,35,1.44,1.0,1.88,81,88,81,90,0,2,0,0,0,0,0,0,0,1,0,0,0,1,0,1,0,0,0,2,2,0,0,0,0,0,0,1,0,0,0,0,0,0,0,0,0,0,0,0,0,0,0,0,0,0,0,0,0,0,0,0,0,0
2776567,2025-11-09,4,Sigal Prishtina,GO+Peja,"A. Azemi,A. Bailey,D. Burns,D. Polloshka,L. Autrey","C. Edwards,D. Berisha,M. Armstead,S. Flatten,T. Green",2319,2368,49,3.38,2.88,3.88,81,90,85,91,4,1,1,1,0,0,2,2,0,1,0,0,0,1,1,1,0,1,0,2,1,0,0,1,1,0,2,1,0,0,0,0,0,0,0,0,0,0,0,0,0,0,0,0,0,0,0,0,0,0,0,0,0,0
2776567,2025-11-09,4,Sigal Prishtina,GO+Peja,"A. Azemi,A. Bailey,D. Burns,D. Polloshka,L. Autrey","D. Berisha,M. Armstead,M. Mala,S. Flatten,T. Green",2368,2391,23,1.5,2.0,1.0,85,91,88,93,3,2,2,1,2,1,0,0,0,0,1,0,0,0,1,1,1,0,0,0,0,0,1,1,0,0,0,0,0,0,0,0,0,0,0,0,0,0,0,0,0,0,0,0,0,0,0,0,0,0,0,0,0,0
2776567,2025-11-09,4,Sigal Prishtina,GO+Peja,"A. Azemi,A. Bailey,D. Burns,D. Polloshka,V. Kakruki","D. Berisha,M. Armstead,M. Mala,S. Flatten,T. Green",2391,2396,5,0.94,1.0,0.88,88,93,90,95,2,2,1,1,0,0,0,0,0,0,0,0,0,0,0,0,0,0,0,2,2,0,0,0,0,0,0,0,0,0,0,0,0,0,0,0,0,0,0,0,0,0,0,0,0,0,0,0,0,0,0,0,0,0
2779677,2025-11-15,1,Bashkimi,GO+Peja,"D. Lake,I. Cousins,J. Bailey,L. Zeqiri,V. Bunjaku","A. Herndon,D. Berisha,J. Johnson,M. Mala,T. Green",0,240,240,8.37,8.74,8.0,0,0,10,8,10,8,7,4,1,0,2,2,2,3,3,1,1,3,0,6,3,3,2,0,0,0,1,2,1,0,2,1,0,0,0,0,0,0,0,0,0,0,0,0,0,0,0,0,0,0,0,0,0,0,0,0,0,0
2779677,2025-11-15,1,Bashkimi,GO+Peja,"D. Lake,I. Cousins,J. Bailey,L. Zeqiri,V. Bunjaku","C. Edwards,D. Berisha,J. Johnson,M. Mala,T. Green",240,338,98,2.96,3.0,2.93,10,8,14,10,4,2,2,2,0,0,0,0,0,1,1,1,1,1,1,3,1,1,0,0,0,1,0,1,0,0,1,0,0,0,0,0,0,0,0,0,0,0,0,0,0,0,0,0,0,0,0,0,0,0,0,0,0,0
2779677,2025-11-15,1,Bashkimi,GO+Peja,"D. Lake,I. Cousins,J. Bailey,L. Zeqiri,V. Bunjaku","C. Edwards,J. Johnson,M. Armstead,M. Mala,T. Green",338,359,21,0.1,0.1,0.1,14,10,14,10,0,0,0,0,0,0,0,0,0,0,0,0,0,0,1,0,0,0,0,0,0,0,0,0,0,0,0,0,0,0,0,0,0,0,0,0,0,0,0,0,0,0,0,0,0,0,0,0,0,0,0,0,0,0
2779677,2025-11-15,1,Bashkimi,GO+Peja,"D. Lake,I. Cousins,J. Palokaj,K. Anderson,L. Zeqiri","C. Edwards,J. Johnson,M. Armstead,M. Mala,T. Green",359,423,64,2.94,3.0,2.88,14,10,19,11,5,1,3,2,1,1,0,0,0,1,2,1,0,0,0,1,0,1,0,2,1,0,1,0,0,0,1,0,0,0,0,0,0,0,0,0,0,0,0,0,0,0,0,0,0,0,0,0,0,0,0,0,0,0
2779677,2025-11-15,1,Bashkimi,GO+Peja,"I. Cousins,J. Palokaj,K. Anderson,L. Zeqiri,T. Bickerstaff","C. Edwards,M. Armstead,M. Mala,S. Flatten,T. Green",423,487,64,1.43,0.93,1.93,19,11,21,16,2,5,2,1,0,0,0,0,1,0,0,0,0,0,0,3,2,1,1,0,0,1,0,0,0,0,0,1,0,0,0,0,0,0,0,0,0,0,0,0,0,0,0,0,0,0,0,0,0,0,0,0,0,0
2779677,2025-11-15,1,Bashkimi,GO+Peja,"I. Cousins,J. Palokaj,K. Anderson,L. Zeqiri,T. Bickerstaff","A. Hajdari,C. Edwards,M. Armstead,S. Flatten,T. Green",487,507,20,0.55,1.0,0.1,21,16,21,16,0,0,1,0,1,0,0,0,0,0,0,0,0,0,1,0,0,0,0,0,0,0,1,0,0,0,0,0,0,0,0,0,0,0,0,0,0,0,0,0,0,0,0,0,0,0,0,0,0,0,0,0,0,0
2779677,2025-11-15,1,Bashkimi,GO+Peja,"J. Bailey,J. Palokaj,K. Anderson,M. Janjeva,T. Bickerstaff","A. Hajdari,C. Edwards,M. Armstead,S. Flatten,T. Green",507,599,92,3.88,3.44,4.32,21,16,26,19,5,3,3,2,1,1,1,0,0,2,1,0,0,0,0,2,0,1,0,3,3,0,2,1,0,0,1,2,0,0,0,0,0,0,0,0,0,0,0,0,0,0,0,0,0,0,0,0,0,0,0,0,0,0
2779677,2025-11-15,1,Bashkimi,GO+Peja,"J. Bailey,J. Palokaj,K. Anderson,L. Zeqiri,T. Bickerstaff","A. Hajdari,C. Edwards,M. Armstead,S. Flatten,T. Green",599,600,1,0.55,1.0,0.1,26,19,26,19,0,0,1,0,1,0,0,0,0,0,0,0,0,0,0,0,0,0,0,0,0,0,0,0,0,0,0,0,0,0,0,0,0,0,0,0,0,0,0,0,0,0,0,0,0,0,0,0,0,0,0,0,0,0
2779677,2025-11-15,2,Bashkimi,GO+Peja,"J. Bailey,J. Palokaj,K. Anderson,M. Janjeva,T. Bickerstaff","A. Hajdari,C. Edwards,J. Johnson,M. Armstead,S. Flatten",600,652,52,0.96,1.0,0.93,26,19,28,19,2,0,1,1,0,0,0,0,0,1,1,0,0,0,1,2,0,2,0,0,0,1,0,0,0,0,0,0,0,0,0,0,0,0,0,0,0,0,0,0,0,0,0,0,0,0,0,0,0,0,0,0,0,0
2779677,2025-11-15,2,Bashkimi,GO+Peja,"J. Bailey,J. Palokaj,K. Anderson,T. Bickerstaff,V. Bunjaku","A. Hajdari,C. Edwards,J. Johnson,M. Armstead,S. Flatten",652,700,48,2.0,2.0,2.0,28,19,32,21,4,2,2,2,0,0,0,0,0,0,2,1,0,0,1,1,1,0,0,0,0,0,0,1,0,0,1,0,0,0,0,0,0,0,0,0,0,0,0,0,0,0,0,0,0,0,0,0,0,0,0,0,0,0
2779677,2025-11-15,2,Bashkimi,GO+Peja,"J. Bailey,J. Palokaj,K. Anderson,T. Bickerstaff,V. Bunjaku","C. Edwards,J. Johnson,M. Armstead,M. Mala,S. Flatten",700,727,27,0.55,0.1,1.0,32,21,32,23,0,2,0,0,0,0,0,0,0,0,0,0,0,0,0,1,1,0,0,0,0,0,0,0,0,0,0,1,0,0,0,0,0,0,0,0,0,0,0,0,0,0,0,0,0,0,0,0,0,0,0,0,0,0
2779677,2025-11-15,2,Bashkimi,GO+Peja,"J. Bailey,J. Palokaj,K. Anderson,T. Bickerstaff,V. Bunjaku","A. Herndon,J. Johnson,M. Armstead,M. Mala,S. Flatten",727,740,13,0.55,1.0,0.1,32,23,32,23,0,0,1,0,0,0,0,0,0,0,0,0,0,0,1,0,0,0,0,0,0,0,1,0,0,0,0,0,0,0,0,0,0,0,0,0,0,0,0,0,0,0,0,0,0,0,0,0,0,0,0,0,0,0
2779677,2025-11-15,2,Bashkimi,GO+Peja,"I. Cousins,K. Anderson,L. Zeqiri,T. Bickerstaff,V. Bunjaku","A. Herndon,J. Johnson,M. Armstead,M. Mala,S. Flatten",740,767,27,0.49,0.1,0.88,32,23,32,23,0,0,1,0,0,0,0,0,1,1,0,0,0,0,1,0,0,0,0,2,0,0,0,0,0,1,0,0,0,0,0,0,0,0,0,0,0,0,0,0,0,0,0,0,0,0,0,0,0,0,0,0,0,0
2779677,2025-11-15,2,Bashkimi,GO+Peja,"A. Morina,D. Lake,I. Cousins,K. Anderson,L. Zeqiri","A. Herndon,J. Johnson,M. Armstead,M. Mala,S. Flatten",767,811,44,2.5,3.0,2.0,32,23,36,23,4,0,3,2,0,0,0,0,0,1,2,1,0,0,0,1,0,1,0,0,0,0,1,0,0,0,1,0,0,0,0,0,0,0,0,0,0,0,0,0,0,0,0,0,0,0,0,0,0,0,0,0,0,0
2779677,2025-11-15,2,Bashkimi,GO+Peja,"A. Morina,D. Lake,I. Cousins,K. Anderson,L. Zeqiri","A. Herndon,D. Berisha,J. Johnson,M. Armstead,T. Green",811,866,55,1.94,2.0,1.88,36,23,36,23,0,0,2,0,1,0,0,0,0,1,0,1,0,0,2,0,0,0,0,2,0,0,2,0,0,0,1,0,0,0,0,0,0,0,0,0,0,0,0,0,0,0,0,0,0,0,0,0,0,0,0,0,0,0
2779677,2025-11-15,2,Bashkimi,GO+Peja,"A. Morina,D. Lake,I. Cousins,K. Anderson,L. Zeqiri","C. Edwards,D. Berisha,J. Johnson,M. Armstead,T. Green",866,905,39,1.38,1.0,1.76,36,23,36,26,0,3,1,0,1,0,0,0,0,0,0,0,0,0,1,0,0,0,0,4,3,0,1,0,0,0,0,1,0,0,0,0,0,0,0,0,0,0,0,0,0,0,0,0,0,0,0,0,0,0,0,0,0,0
2779677,2025-11-15,2,Bashkimi,GO+Peja,"I. Cousins,J. Palokaj,K. Anderson,L. Zeqiri,T. Bickerstaff","C. Edwards,D. Berisha,J. Johnson,M. Armstead,T. Green",905,1056,151,4.46,4.93,4.0,36,26,41,30,5,4,6,2,2,1,0,0,1,2,1,0,0,0,1,4,2,0,0,0,0,0,3,0,0,0,0,0,0,0,0,0,0,0,0,0,0,0,0,0,0,0,0,0,0,0,0,0,0,0,0,0,0,0
2779677,2025-11-15,2,Bashkimi,GO+Peja,"J. Bailey,J. Palokaj,K. Anderson,L. Zeqiri,T. Bickerstaff","C. Edwards,D. Berisha,J. Johnson,M. Armstead,T. Green",1056,1200,144,4.37,3.86,4.88,41,30,43,35,2,5,6,1,2,0,0,0,2,2,0,1,0,0,0,3,2,1,0,2,1,0,3,1,0,0,1,0,0,0,0,0,0,0,0,0,0,0,0,0,0,0,0,0,0,0,0,0,0,0,0,0,0,0
2779677,2025-11-15,3,Bashkimi,GO+Peja,"D. Lake,J. Bailey,J. Palokaj,K. Anderson,M. Ismaili","A. Herndon,D. Berisha,J. Johnson,M. Mala,T. Green",1200,1285,85,2.44,3.0,1.88,43,35,45,37,2,2,3,1,2,0,0,0,0,1,0,0,0,0,2,1,0,1,0,2,2,0,2,0,0,0,0,0,0,0,0,0,0,0,0,0,0,0,0,0,0,0,0,0,0,0,0,0,0,0,0,0,0,0
2779677,2025-11-15,3,Bashkimi,GO+Peja,"D. Lake,I. Cousins,K. Anderson,L. Zeqiri,M. Ismaili","A. Herndon,D. Berisha,J. Johnson,M. Mala,T. Green",1285,1353,68,2.4,1.81,3.0,45,37,47,42,2,5,2,0,1,0,2,2,1,0,0,1,0,0,1,2,2,1,1,0,0,0,1,1,0,0,1,1,0,0,0,0,0,0,0,0,0,0,0,0,0,0,0,0,0,0,0,0,0,0,0,0,0,0
2779677,2025-11-15,3,Bashkimi,GO+Peja,"I. Cousins,K. Anderson,L. Zeqiri,M. Ismaili,T. Bickerstaff","A. Herndon,D. Berisha,J. Johnson,M. Mala,T. Green",1353,1463,110,3.22,3.0,3.44,47,42,49,46,2,4,3,1,2,0,0,0,0,2,1,0,0,0,0,3,1,2,1,1,1,0,2,1,0,0,0,2,0,0,0,0,0,0,0,0,0,0,0,0,0,0,0,0,0,0,0,0,0,0,0,0,0,0
2779677,2025-11-15,3,Bashkimi,GO+Peja,"I. Cousins,K. Anderson,L. Zeqiri,T. Bickerstaff,V. Bunjaku","C. Edwards,D. Berisha,J. Johnson,M. Mala,T. Green",1463,1572,109,4.08,4.17,4.0,49,46,53,51,4,5,4,2,1,0,2,0,1,2,1,0,0,0,0,4,2,1,1,0,0,0,2,1,0,0,0,2,0,0,0,0,0,0,0,0,0,0,0,0,0,0,0,0,0,0,0,0,0,0,0,0,0,0
2779677,2025-11-15,3,Bashkimi,GO+Peja,"I. Cousins,K. Anderson,L. Zeqiri,T. Bickerstaff,V. Bunjaku","C. Edwards,D. Berisha,J. Johnson,M. Armstead,T. Green",1572,1645,73,2.44,2.88,2.0,53,51,55,55,2,4,2,0,0,0,2,2,0,0,0,0,0,0,0,2,2,0,0,0,0,0,2,1,0,0,0,0,0,0,0,0,0,0,0,0,0,0,0,0,0,0,0,0,0,0,0,0,0,0,0,0,0,0
2779677,2025-11-15,3,Bashkimi,GO+Peja,"I. Cousins,K. Anderson,L. Zeqiri,T. Bickerstaff,V. Bunjaku","A. Hajdari,C. Edwards,J. Johnson,M. Armstead,T. Green",1645,1660,15,0.55,0.1,1.0,55,55,55,55,0,0,0,0,0,0,0,0,0,1,0,0,0,0,0,1,0,0,0,0,0,0,0,0,0,0,0,0,0,0,0,0,0,0,0,0,0,0,0,0,0,0,0,0,0,0,0,0,0,0,0,0,0,0
2779677,2025-11-15,3,Bashkimi,GO+Peja,"I. Cousins,K. Anderson,M. Janjeva,T. Bickerstaff,V. Bunjaku","A. Hajdari,C. Edwards,J. Johnson,M. Armstead,T. Green",1660,1690,30,0.55,1.0,0.1,55,55,57,55,2,0,1,1,0,0,0,0,0,0,1,0,0,0,1,0,0,0,0,0,0,0,0,0,0,0,0,0,0,0,0,0,0,0,0,0,0,0,0,0,0,0,0,0,0,0,0,0,0,0,0,0,0,0
2779677,2025-11-15,3,Bashkimi,GO+Peja,"I. Cousins,K. Anderson,M. Janjeva,T. Bickerstaff,V. Bunjaku","A. Hajdari,C. Edwards,J. Johnson,M. Armstead,S. Flatten",1690,1937,247,9.37,8.93,9.81,57,55,67,66,10,11,9,5,2,0,0,0,1,3,1,2,0,1,1,8,4,3,1,2,2,1,3,2,1,0,2,1,0,0,0,0,0,0,0,0,0,0,0,0,0,0,0,0,0,0,0,0,0,0,0,0,0,0
2779677,2025-11-15,4,Bashkimi,GO+Peja,"D. Lake,I. Cousins,K. Anderson,L. Zeqiri,V. Bunjaku","A. Hajdari,C. Edwards,M. Armstead,S. Flatten,T. Green",1937,2069,132,4.3,4.73,3.88,67,66,69,71,2,5,3,1,0,0,1,0,1,2,0,0,0,2,1,3,2,0,0,2,1,0,2,2,2,0,0,2,0,0,0,0,0,0,0,0,0,0,0,0,0,0,0,0,0,0,0,0,0,0,0,0,0,0
2779677,2025-11-15,4,Bashkimi,GO+Peja,"D. Lake,I. Cousins,K. Anderson,L. Zeqiri,V. Bunjaku","A. Hajdari,A. Herndon,M. Armstead,S. Flatten,T. Green",2069,2114,45,1.44,1.88,1.0,69,71,71,71,2,0,1,0,1,0,2,2,0,1,0,0,0,0,1,1,0,0,0,0,0,0,1,0,0,0,0,0,0,0,0,0,0,0,0,0,0,0,0,0,0,0,0,0,0,0,0,0,0,0,0,0,0,0
2779677,2025-11-15,4,Bashkimi,GO+Peja,"D. Lake,I. Cousins,J. Palokaj,K. Anderson,L. Zeqiri","A. Hajdari,A. Herndon,M. Armstead,S. Flatten,T. Green",2114,2131,17,0.55,0.1,1.0,71,71,71,71,0,0,1,0,0,0,0,0,1,1,0,0,0,0,0,1,0,0,0,0,0,0,0,0,0,0,0,1,0,0,0,0,0,0,0,0,0,0,0,0,0,0,0,0,0,0,0,0,0,0,0,0,0,0
2779677,2025-11-15,4,Bashkimi,GO+Peja,"D. Lake,I. Cousins,J. Palokaj,K. Anderson,L. Zeqiri","A. Herndon,D. Berisha,J. Johnson,M. Armstead,T. Green",2131,2211,80,2.0,2.0,2.0,71,71,76,71,5,0,2,2,1,1,0,0,0,1,1,0,0,0,0,1,0,0,0,0,0,0,0,0,0,0,1,0,0,0,0,0,0,0,0,0,0,0,0,0,0,0,0,0,0,0,0,0,0,0,0,0,0,0
2779677,2025-11-15,4,Bashkimi,GO+Peja,"D. Lake,I. Cousins,J. Palokaj,K. Anderson,L. Zeqiri","C. Edwards,D. Berisha,J. Johnson,M. Armstead,T. Green",2211,2333,122,3.46,3.93,3.0,76,71,79,74,3,3,5,1,3,1,0,0,1,1,1,0,0,0,0,2,1,2,1,0,0,0,3,1,0,1,1,0,0,0,0,0,0,0,0,0,0,0,0,0,0,0,0,0,0,0,0,0,0,0,0,0,0,0
2779677,2025-11-15,4,Bashkimi,GO+Peja,"I. Cousins,J. Palokaj,K. Anderson,L. Zeqiri,T. Bickerstaff","C. Edwards,D. Berisha,J. Johnson,M. Armstead,T. Green",2333,2398,65,2.28,1.76,2.81,79,74,83,79,4,5,0,0,0,0,4,4,0,0,0,0,0,0,2,2,1,1,1,2,2,1,0,0,0,0,1,2,0,0,0,0,0,0,0,0,0,0,0,0,0,0,0,0,0,0,0,0,0,0,0,0,0,0
2779679,2025-11-16,1,Vëllaznimi,Sigal Prishtina,"J. Ismajli,L. Colimerio,M. Warrick,S. Zekiqi,Y. Anei","A. Azemi,A. Bailey,D. Lekndreaj,K. Kramer,L. Autrey",0,131,131,4.37,3.74,5.0,0,0,2,2,2,2,5,0,0,0,2,2,2,2,0,0,0,0,0,3,1,1,0,0,0,0,3,0,0,1,2,2,0,0,0,0,0,0,0,0,0,0,0,0,0,0,0,0,0,0,0,0,0,0,0,0,0,0
2779679,2025-11-16,1,Vëllaznimi,Sigal Prishtina,"J. Ismajli,L. Colimerio,M. Warrick,S. Zekiqi,Y. Anei","A. Azemi,A. Bailey,D. Burns,D. Lekndreaj,K. Kramer",131,382,251,7.96,8.0,7.93,2,2,11,11,9,9,5,4,1,1,0,0,0,2,2,2,1,3,1,7,4,3,1,0,0,1,1,3,2,1,2,2,0,0,0,0,0,0,0,0,0,0,0,0,0,0,0,0,0,0,0,0,0,0,0,0,0,0
2779679,2025-11-16,1,Vëllaznimi,Sigal Prishtina,"A. Koshi,L. Colimerio,M. Warrick,S. Zekiqi,Y. Anei","A. Azemi,A. Bailey,D. Burns,D. Lekndreaj,K. Kramer",382,441,59,2.4,2.88,1.93,11,11,12,15,1,4,0,0,0,0,2,1,0,0,0,0,0,2,0,3,2,0,0,0,0,1,0,0,1,0,0,1,0,0,0,0,0,0,0,0,0,0,0,0,0,0,0,0,0,0,0,0,0,0,0,0,0,0
2779679,2025-11-16,1,Vëllaznimi,Sigal Prishtina,"A. Koshi,R. Dahsyla,S. Zekiqi,Y. Anei,Z. Ride","A. Azemi,A. Bailey,D. Burns,D. Lekndreaj,K. Kramer",441,507,66,1.5,1.0,2.0,12,15,15,15,3,0,1,1,1,1,0,0,0,2,1,0,0,0,2,2,0,1,0,0,0,0,0,0,0,0,0,1,0,0,0,0,0,0,0,0,0,0,0,0,0,0,0,0,0,0,0,0,0,0,0,0,0,0
2779679,2025-11-16,1,Vëllaznimi,Sigal Prishtina,"A. Koshi,R. Dahsyla,S. Zekiqi,Y. Anei,Z. Ride","A. Azemi,A. Bailey,D. Burns,D. Lekndreaj,V. Kakruki",507,575,68,2.44,2.88,2.0,15,15,21,17,6,2,2,2,1,1,2,1,0,1,1,0,0,0,1,2,1,0,0,0,0,0,1,1,0,0,0,0,0,0,0,0,0,0,0,0,0,0,0,0,0,0,0,0,0,0,0,0,0,0,0,0,0,0
2779679,2025-11-16,1,Vëllaznimi,Sigal Prishtina,"A. Koshi,K. Ezeagu,M. Warrick,R. Dahsyla,Z. Ride","A. Azemi,A. Bailey,D. Lekndreaj,D. Polloshka,V. Kakruki",575,675,100,3.4,3.0,3.79,21,17,21,20,0,3,1,0,0,0,0,0,0,0,0,1,0,2,0,4,1,2,1,0,0,2,1,1,2,0,3,3,0,0,0,0,0,0,0,0,0,0,0,0,0,0,0,0,0,0,0,0,0,0,0,0,0,0
2779679,2025-11-16,2,Vëllaznimi,Sigal Prishtina,"A. Koshi,K. Ezeagu,L. Colimerio,M. Warrick,R. Dahsyla","A. Azemi,A. Bailey,D. Lekndreaj,D. Polloshka,V. Kakruki",675,738,63,2.5,2.0,3.0,21,20,23,23,2,3,2,1,0,0,0,0,0,0,0,0,0,0,0,1,1,1,1,0,0,0,1,0,0,0,2,1,0,0,0,0,0,0,0,0,0,0,0,0,0,0,0,0,0,0,0,0,0,0,0,0,0,0
2779679,2025-11-16,2,Vëllaznimi,Sigal Prishtina,"A. Koshi,L. Colimerio,M. Warrick,R. Dahsyla,Y. Anei","A. Azemi,A. Bailey,D. Burns,D. Polloshka,V. Kakruki",738,919,181,5.4,5.93,4.88,23,23,33,28,10,5,6,4,2,2,0,0,1,2,2,1,0,1,1,3,1,2,1,2,2,0,1,2,0,1,1,0,0,0,0,0,0,0,0,0,0,0,0,0,0,0,0,0,0,0,0,0,0,0,0,0,0,0
2779679,2025-11-16,2,Vëllaznimi,Sigal Prishtina,"A. Koshi,J. Ismajli,L. Colimerio,S. Zekiqi,Y. Anei","A. Azemi,A. Bailey,D. Burns,D. Polloshka,V. Kakruki",919,963,44,1.44,0.88,2.0,33,28,33,30,0,2,0,0,0,0,2,0,0,1,0,0,0,0,1,2,1,1,0,0,0,0,1,0,0,0,0,1,0,0,0,0,0,0,0,0,0,0,0,0,0,0,0,0,0,0,0,0,0,0,0,0,0,0
2779679,2025-11-16,2,Vëllaznimi,Sigal Prishtina,"A. Koshi,J. Ismajli,L. Colimerio,S. Zekiqi,Y. Anei","A. Azemi,A. Bailey,D. Burns,D. Haxhosaj,D. Polloshka",963,977,14,0.72,1.0,0.44,33,30,33,31,0,1,1,0,0,0,0,0,0,0,0,0,0,0,1,0,0,0,0,1,1,0,1,0,0,0,0,0,0,0,0,0,0,0,0,0,0,0,0,0,0,0,0,0,0,0,0,0,0,0,0,0,0,0
2779679,2025-11-16,2,Vëllaznimi,Sigal Prishtina,"J. Ismajli,L. Colimerio,S. Zekiqi,Y. Anei,Z. Ride","A. Azemi,A. Bailey,D. Burns,D. Haxhosaj,D. Polloshka",977,1020,43,1.44,1.0,1.88,33,31,33,34,0,3,1,0,1,0,0,0,0,1,0,0,0,0,0,1,1,0,0,2,1,0,1,1,0,0,0,0,0,0,0,0,0,0,0,0,0,0,0,0,0,0,0,0,0,0,0,0,0,0,0,0,0,0
2779679,2025-11-16,2,Vëllaznimi,Sigal Prishtina,"M. Warrick,R. Dahsyla,S. Zekiqi,Y. Anei,Z. Ride","A. Azemi,A. Bailey,D. Burns,D. Haxhosaj,D. Polloshka",1020,1198,178,5.02,5.17,4.88,33,34,37,44,4,10,4,2,1,0,2,0,1,1,0,0,0,1,2,4,4,1,1,2,1,0,2,4,1,0,0,1,0,0,0,0,0,0,0,0,0,0,0,0,0,0,0,0,0,0,0,0,0,0,0,0,0,0
2779679,2025-11-16,2,Vëllaznimi,Sigal Prishtina,"M. Warrick,R. Dahsyla,S. Zekiqi,Y. Anei,Z. Ride","A. Azemi,D. Haxhosaj,D. Lekndreaj,D. Polloshka,K. Kramer",1198,1200,2,1.0,1.0,1.0,37,44,37,44,0,0,0,0,0,0,0,0,0,0,0,0,0,1,0,1,0,1,0,0,0,0,0,0,0,0,0,0,0,0,0,0,0,0,0,0,0,0,0,0,0,0,0,0,0,0,0,0,0,0,0,0,0,0
2779679,2025-11-16,3,Vëllaznimi,Sigal Prishtina,"A. Koshi,M. Warrick,S. Zekiqi,Y. Anei,Z. Ride","A. Azemi,A. Bailey,D. Burns,D. Haxhosaj,D. Polloshka",1200,1388,188,4.53,3.76,5.3,37,44,40,53,3,9,1,0,0,0,4,3,0,0,0,0,0,1,3,6,4,1,0,1,1,2,2,1,0,0,1,2,0,0,0,0,0,0,0,0,0,0,0,0,0,0,0,0,0,0,0,0,0,0,0,0,0,0
2779679,2025-11-16,3,Vëllaznimi,Sigal Prishtina,"A. Koshi,L. Colimerio,M. Warrick,R. Dahsyla,Z. Ride","A. Azemi,A. Bailey,D. Burns,D. Haxhosaj,D. Polloshka",1388,1545,157,3.94,3.88,3.99,40,53,46,60,6,7,2,2,1,1,2,1,0,1,3,0,1,1,2,5,1,1,0,5,5,3,1,0,0,0,0,1,0,0,0,0,0,0,0,0,0,0,0,0,0,0,0,0,0,0,0,0,0,0,0,0,0,0
2779679,2025-11-16,3,Vëllaznimi,Sigal Prishtina,"A. Koshi,L. Colimerio,M. Warrick,R. Dahsyla,Z. Ride","D. Burns,D. Haxhosaj,D. Lekndreaj,D. Polloshka,K. Kramer",1545,1670,125,4.04,4.28,3.81,46,60,53,64,7,4,5,2,2,2,2,1,2,0,2,1,0,0,1,2,1,0,0,2,2,1,2,0,0,0,2,2,0,0,0,0,0,0,0,0,0,0,0,0,0,0,0,0,0,0,0,0,0,0,0,0,0,0
2779679,2025-11-16,3,Vëllaznimi,Sigal Prishtina,"A. Koshi,L. Colimerio,M. Warrick,R. Dahsyla,Z. Ride","A. Bailey,D. Burns,D. Lekndreaj,D. Polloshka,K. Kramer",1670,1763,93,1.96,1.93,2.0,53,64,58,69,5,5,3,2,2,1,0,0,1,0,1,0,0,0,0,2,2,1,1,0,0,0,0,1,0,0,0,0,0,0,0,0,0,0,0,0,0,0,0,0,0,0,0,0,0,0,0,0,0,0,0,0,0,0
2779679,2025-11-16,3,Vëllaznimi,Sigal Prishtina,"A. Koshi,L. Colimerio,M. Warrick,R. Dahsyla,Z. Ride","A. Azemi,A. Bailey,D. Burns,D. Lekndreaj,K. Kramer",1763,1868,105,2.4,2.88,1.93,58,69,62,71,4,2,2,1,1,0,2,2,0,0,1,1,0,0,1,2,1,1,0,0,0,1,0,0,0,0,1,1,0,0,0,0,0,0,0,0,0,0,0,0,0,0,0,0,0,0,0,0,0,0,0,0,0,0
2779679,2025-11-16,4,Vëllaznimi,Sigal Prishtina,"A. Koshi,J. Ismajli,L. Colimerio,M. Warrick,Z. Ride","A. Azemi,A. Bailey,D. Burns,D. Lekndreaj,K. Kramer",1868,1876,8,1.05,0.1,2.0,62,71,62,71,0,0,0,0,0,0,0,0,0,0,0,0,0,0,0,0,0,0,0,0,0,0,0,0,0,0,2,1,0,0,0,0,0,0,0,0,0,0,0,0,0,0,0,0,0,0,0,0,0,0,0,0,0,0
2779679,2025-11-16,4,Vëllaznimi,Sigal Prishtina,"A. Koshi,J. Ismajli,L. Colimerio,M. Warrick,Z. Ride","A. Azemi,A. Bailey,D. Lekndreaj,D. Polloshka,K. Kramer",1876,1914,38,0.94,1.0,0.88,62,71,62,73,0,2,1,0,0,0,0,0,0,0,0,0,0,0,1,0,0,0,0,2,2,0,1,0,0,0,0,0,0,0,0,0,0,0,0,0,0,0,0,0,0,0,0,0,0,0,0,0,0,0,0,0,0,0
2779679,2025-11-16,4,Vëllaznimi,Sigal Prishtina,"J. Ismajli,L. Colimerio,M. Warrick,R. Dahsyla,Z. Ride","A. Azemi,A. Bailey,D. Lekndreaj,D. Polloshka,K. Kramer",1914,1980,66,2.0,2.0,2.0,62,73,62,78,0,5,2,0,1,0,0,0,0,0,0,0,0,0,0,2,2,1,1,0,0,0,2,2,0,0,0,0,0,0,0,0,0,0,0,0,0,0,0,0,0,0,0,0,0,0,0,0,0,0,0,0,0,0
2779679,2025-11-16,4,Vëllaznimi,Sigal Prishtina,"J. Ismajli,L. Colimerio,M. Warrick,R. Dahsyla,Y. Anei","A. Azemi,A. Bailey,D. Lekndreaj,D. Polloshka,K. Kramer",1980,2101,121,3.5,4.0,3.0,62,78,69,78,7,0,4,3,1,1,0,0,0,3,1,0,0,0,2,3,0,1,0,0,0,0,1,0,0,0,0,1,0,0,0,0,0,0,0,0,0,0,0,0,0,0,0,0,0,0,0,0,0,0,0,0,0,0
2779679,2025-11-16,4,Vëllaznimi,Sigal Prishtina,"J. Ismajli,L. Colimerio,M. Warrick,R. Dahsyla,Y. Anei","A. Azemi,A. Bailey,D. Burns,D. Haxhosaj,D. Lekndreaj",2101,2145,44,1.5,1.0,2.0,69,78,69,82,0,4,0,0,0,0,0,0,0,0,0,0,0,1,0,2,2,0,0,0,0,0,0,1,1,0,0,1,0,0,0,0,0,0,0,0,0,0,0,0,0,0,0,0,0,0,0,0,0,0,0,0,0,0
2779679,2025-11-16,4,Vëllaznimi,Sigal Prishtina,"J. Ismajli,L. Colimerio,M. Warrick,R. Dahsyla,Z. Ride","A. Azemi,A. Bailey,D. Burns,D. Haxhosaj,D. Lekndreaj",2145,2166,21,0.52,0.93,0.1,69,82,69,82,0,0,2,0,0,0,0,0,1,0,0,0,0,0,1,0,0,0,0,0,0,0,1,0,0,1,0,1,0,0,0,0,0,0,0,0,0,0,0,0,0,0,0,0,0,0,0,0,0,0,0,0,0,0
2779679,2025-11-16,4,Vëllaznimi,Sigal Prishtina,"J. Ismajli,L. Colimerio,M. Warrick,S. Zekiqi,Z. Ride","A. Azemi,A. Bailey,D. Burns,D. Haxhosaj,D. Lekndreaj",2166,2177,11,0.49,0.1,0.88,69,82,69,84,0,2,0,0,0,0,0,0,0,0,0,0,0,0,0,0,0,0,0,2,2,0,0,0,0,0,0,1,0,0,0,0,0,0,0,0,0,0,0,0,0,0,0,0,0,0,0,0,0,0,0,0,0,0
2779679,2025-11-16,4,Vëllaznimi,Sigal Prishtina,"J. Ismajli,L. Colimerio,M. Warrick,S. Zekiqi,Z. Ride","A. Azemi,A. Bailey,D. Haxhosaj,D. Lekndreaj,D. Polloshka",2177,2391,214,9.52,10.01,9.04,69,84,86,91,17,7,6,4,4,2,7,7,1,2,3,2,0,2,3,4,1,2,0,6,5,2,1,0,2,0,4,2,0,0,0,0,0,0,0,0,0,0,0,0,0,0,0,0,0,0,0,0,0,0,0,0,0,0
2779678,2025-11-16,1,Trepça,Rahoveci 029,"C. Brown,D. Hajrizi,J. Payne,M. Amzil,M. Tmusic","B. Rexha,F. Rugova,I. Umipig,K. Pullian,P. Weekes",0,306,306,9.46,9.93,9.0,0,0,12,8,12,8,9,5,3,2,0,0,1,5,3,0,0,2,1,9,4,3,0,0,0,0,3,3,1,0,0,0,0,0,0,0,0,0,0,0,0,0,0,0,0,0,0,0,0,0,0,0,0,0,0,0,0,0
2779678,2025-11-16,1,Trepça,Rahoveci 029,"A. Arslanagic,C. Brown,D. Hajrizi,J. Payne,M. Tmusic","B. Rexha,F. Rugova,I. Umipig,K. Pullian,P. Weekes",306,378,72,2.0,2.0,2.0,12,8,15,8,3,0,1,1,1,1,0,0,0,2,1,0,0,1,1,2,0,1,0,0,0,0,0,0,1,0,0,0,0,0,0,0,0,0,0,0,0,0,0,0,0,0,0,0,0,0,0,0,0,0,0,0,0,0
2779678,2025-11-16,1,Trepça,Rahoveci 029,"A. Arslanagic,D. Hajrizi,D. Kapiti,J. Payne,M. Tmusic","B. Rexha,F. Rugova,I. Umipig,J. Roche,K. Pullian",378,496,118,4.96,4.0,5.93,15,8,18,13,3,5,4,1,2,1,0,0,0,2,1,0,0,0,0,5,2,3,1,0,0,1,3,0,0,1,2,2,0,0,0,0,0,0,0,0,0,0,0,0,0,0,0,0,0,0,0,0,0,0,0,0,0,0
2779678,2025-11-16,1,Trepça,Rahoveci 029,"A. Arslanagic,D. Hajrizi,D. Kapiti,M. Amzil,M. Tmusic","B. Rexha,E. Peci,I. Umipig,J. Roche,V. Ejupi",496,499,3,0.49,0.88,0.1,18,13,19,13,1,0,0,0,0,0,2,1,1,0,0,0,0,0,0,0,0,0,0,0,0,0,0,0,0,0,0,0,0,0,0,0,0,0,0,0,0,0,0,0,0,0,0,0,0,0,0,0,0,0,0,0,0,0
2779678,2025-11-16,1,Trepça,Rahoveci 029,"A. Arslanagic,D. Hajrizi,D. Kapiti,J. Payne,M. Amzil","B. Rexha,E. Peci,I. Umipig,J. Roche,V. Ejupi",499,506,7,0.49,0.88,0.1,19,13,21,13,2,0,0,0,0,0,2,2,0,0,0,0,0,0,0,0,0,0,0,0,0,0,0,0,0,0,0,1,0,0,0,0,0,0,0,0,0,0,0,0,0,0,0,0,0,0,0,0,0,0,0,0,0,0
2779678,2025-11-16,1,Trepça,Rahoveci 029,"A. Arslanagic,D. Hajrizi,D. Kapiti,M. Amzil,M. Tmusic","E. Peci,I. Umipig,J. Jones,J. Roche,V. Ejupi",506,600,94,3.96,4.0,3.93,21,13,21,16,0,3,1,0,1,0,0,0,0,0,0,1,0,3,0,2,1,2,1,0,0,1,0,0,2,0,3,1,0,0,0,0,0,0,0,0,0,0,0,0,0,0,0,0,0,0,0,0,0,0,0,0,0,0
2779678,2025-11-16,2,Trepça,Rahoveci 029,"A. Arslanagic,C. Brown,D. Hajrizi,M. Amzil,M. Tmusic","E. Peci,F. Rugova,I. Umipig,J. Roche,K. Pullian",600,659,59,0.93,0.86,1.0,21,16,21,18,0,2,3,0,0,0,0,0,2,0,0,0,0,0,1,1,1,0,0,0,0,0,1,1,0,0,0,0,0,0,0,0,0,0,0,0,0,0,0,0,0,0,0,0,0,0,0,0,0,0,0,0,0,0
2779678,2025-11-16,2,Trepça,Rahoveci 029,"A. Arslanagic,B. Tuna,C. Brown,M. Amzil,M. Tmusic","E. Peci,F. Rugova,I. Umipig,J. Roche,K. Pullian",659,721,62,3.9,4.0,3.81,21,18,23,21,2,3,1,1,0,0,0,0,0,1,1,1,0,3,0,3,1,1,0,2,1,1,0,0,2,0,1,0,0,0,0,0,0,0,0,0,0,0,0,0,0,0,0,0,0,0,0,0,0,0,0,0,0,0
2779678,2025-11-16,2,Trepça,Rahoveci 029,"B. Tuna,C. Brown,J. Payne,M. Amzil,M. Tmusic","E. Peci,F. Rugova,I. Umipig,J. Roche,K. Pullian",721,788,67,1.46,1.0,1.93,23,21,25,24,2,3,1,1,0,0,0,0,0,1,0,0,0,0,0,3,1,2,1,0,0,1,0,1,0,0,0,0,0,0,0,0,0,0,0,0,0,0,0,0,0,0,0,0,0,0,0,0,0,0,0,0,0,0
2779678,2025-11-16,2,Trepça,Rahoveci 029,"B. Tuna,C. Brown,D. Hajrizi,J. Payne,M. Tmusic","E. Peci,F. Rugova,I. Umipig,J. Roche,K. Pullian",788,811,23,1.0,1.0,1.0,25,24,28,24,3,0,1,1,1,1,0,0,0,0,0,0,0,0,1,0,0,0,0,0,0,0,0,0,0,0,1,0,0,0,0,0,0,0,0,0,0,0,0,0,0,0,0,0,0,0,0,0,0,0,0,0,0,0
2779678,2025-11-16,2,Trepça,Rahoveci 029,"B. Tuna,D. Hajrizi,D. Kapiti,J. Payne,M. Tmusic","E. Peci,F. Rugova,I. Umipig,J. Roche,K. Pullian",811,872,61,1.96,3.0,0.93,28,24,28,26,0,2,1,0,0,0,0,0,0,0,0,0,0,2,2,2,1,1,0,0,0,1,1,0,0,0,0,0,0,0,0,0,0,0,0,0,0,0,0,0,0,0,0,0,0,0,0,0,0,0,0,0,0,0
2779678,2025-11-16,2,Trepça,Rahoveci 029,"B. Tuna,D. Hajrizi,D. Kapiti,J. Payne,M. Tmusic","B. Rexha,F. Rugova,I. Umipig,J. Roche,K. Pullian",872,926,54,1.46,0.93,2.0,28,26,30,26,2,0,2,1,1,0,0,0,1,0,1,0,0,0,0,0,0,0,0,0,0,0,0,0,0,0,2,4,0,0,0,0,0,0,0,0,0,0,0,0,0,0,0,0,0,0,0,0,0,0,0,0,0,0
2779678,2025-11-16,2,Trepça,Rahoveci 029,"B. Tuna,D. Hajrizi,D. Kapiti,J. Payne,M. Tmusic","B. Rexha,F. Rugova,I. Umipig,K. Pullian,P. Weekes",926,1014,88,2.38,2.77,2.0,30,26,30,29,0,3,5,0,1,0,1,0,3,1,0,0,0,0,0,2,1,1,1,0,0,0,3,1,0,0,0,0,0,0,0,0,0,0,0,0,0,0,0,0,0,0,0,0,0,0,0,0,0,0,0,0,0,0
2779678,2025-11-16,2,Trepça,Rahoveci 029,"B. Zekiqi,D. Hajrizi,D. Kapiti,J. Payne,M. Tmusic","B. Rexha,F. Rugova,I. Umipig,K. Pullian,P. Weekes",1014,1073,59,2.0,2.0,2.0,30,29,33,29,3,0,1,1,1,1,0,0,0,2,1,0,0,1,0,2,0,1,0,0,0,0,0,0,0,0,0,0,0,0,0,0,0,0,0,0,0,0,0,0,0,0,0,0,0,0,0,0,0,0,0,0,0,0
2779678,2025-11-16,2,Trepça,Rahoveci 029,"B. Zekiqi,D. Hajrizi,D. Kapiti,J. Payne,M. Tmusic","B. Rexha,F. Rugova,I. Umipig,J. Roche,K. Pullian",1073,1095,22,0.1,0.1,0.1,33,29,33,29,0,0,0,0,0,0,0,0,0,0,0,0,0,0,1,1,0,0,0,0,0,1,0,0,0,0,0,0,0,0,0,0,0,0,0,0,0,0,0,0,0,0,0,0,0,0,0,0,0,0,0,0,0,0
2779678,2025-11-16,2,Trepça,Rahoveci 029,"B. Zekiqi,D. Kapiti,J. Payne,M. Amzil,M. Tmusic","B. Rexha,E. Peci,I. Umipig,J. Roche,K. Pullian",1095,1200,105,3.94,4.0,3.88,33,29,35,36,2,7,2,1,1,0,0,0,0,1,0,0,0,2,0,3,2,2,1,2,2,0,0,0,1,0,0,0,0,0,0,0,0,0,0,0,0,0,0,0,0,0,0,0,0,0,0,0,0,0,0,0,0,0
2779678,2025-11-16,3,Trepça,Rahoveci 029,"A. Arslanagic,D. Kapiti,J. Payne,M. Amzil,M. Tmusic","B. Rexha,E. Peci,I. Umipig,J. Roche,K. Pullian",1200,1298,98,2.9,2.88,2.93,35,36,37,38,2,2,2,0,2,0,2,2,0,1,0,1,0,0,2,3,1,1,0,0,0,1,2,0,0,0,1,1,0,0,0,0,0,0,0,0,0,0,0,0,0,0,0,0,0,0,0,0,0,0,0,0,0,0
2779678,2025-11-16,3,Trepça,Rahoveci 029,"A. Arslanagic,C. Brown,D. Hajrizi,J. Payne,M. Tmusic","B. Rexha,E. Peci,I. Umipig,J. Roche,K. Pullian",1298,1402,104,3.84,3.81,3.88,37,38,44,40,7,2,4,3,0,0,2,1,1,3,2,0,0,0,0,3,0,1,0,2,2,0,0,0,0,0,0,1,0,0,0,0,0,0,0,0,0,0,0,0,0,0,0,0,0,0,0,0,0,0,0,0,0,0
2779678,2025-11-16,3,Trepça,Rahoveci 029,"A. Arslanagic,C. Brown,D. Hajrizi,J. Payne,M. Tmusic","E. Peci,F. Rugova,I. Umipig,J. Roche,K. Pullian",1402,1493,91,1.93,2.0,1.86,44,40,49,43,5,3,2,2,1,1,0,0,0,1,1,0,1,0,0,4,1,3,1,0,0,2,0,1,0,0,0,1,0,0,0,0,0,0,0,0,0,0,0,0,0,0,0,0,0,0,0,0,0,0,0,0,0,0
2779678,2025-11-16,3,Trepça,Rahoveci 029,"A. Arslanagic,C. Brown,D. Hajrizi,J. Payne,M. Tmusic","F. Rugova,I. Umipig,J. Roche,K. Pullian,V. Ejupi",1493,1538,45,1.22,1.44,1.0,49,43,51,43,2,0,1,1,0,0,1,0,0,0,1,0,0,0,1,0,0,0,0,0,0,0,1,0,0,0,1,0,0,0,0,0,0,0,0,0,0,0,0,0,0,0,0,0,0,0,0,0,0,0,0,0,0,0
2779678,2025-11-16,3,Trepça,Rahoveci 029,"A. Arslanagic,C. Brown,D. Hajrizi,J. Payne,M. Tmusic","B. Rexha,I. Umipig,J. Roche,K. Pullian,V. Ejupi",1538,1657,119,4.3,4.0,4.61,51,43,58,50,7,7,4,3,1,1,0,0,0,2,3,0,0,0,1,4,2,1,1,3,2,1,1,1,0,0,0,0,0,0,0,0,0,0,0,0,0,0,0,0,0,0,0,0,0,0,0,0,0,0,0,0,0,0
2779678,2025-11-16,3,Trepça,Rahoveci 029,"A. Arslanagic,D. Hajrizi,D. Kapiti,J. Payne,M. Tmusic","I. Umipig,J. Roche,K. Pullian,K. Ujkani,V. Ejupi",1657,1781,124,4.44,3.88,5.0,58,50,60,61,2,11,3,0,1,0,2,2,0,1,1,0,0,0,0,5,4,4,3,0,0,0,3,0,0,0,0,2,0,0,0,0,0,0,0,0,0,0,0,0,0,0,0,0,0,0,0,0,0,0,0,0,0,0
2779678,2025-11-16,3,Trepça,Rahoveci 029,"A. Arslanagic,B. Tuna,D. Hajrizi,D. Kapiti,J. Payne","I. Umipig,J. Roche,K. Pullian,K. Ujkani,V. Ejupi",1781,1800,19,1.44,1.88,1.0,60,61,65,61,5,0,1,1,1,1,2,2,0,1,0,0,0,0,0,1,0,0,0,0,0,0,0,0,0,0,0,0,0,0,0,0,0,0,0,0,0,0,0,0,0,0,0,0,0,0,0,0,0,0,0,0,0,0
2779678,2025-11-16,4,Trepça,Rahoveci 029,"A. Arslanagic,B. Tuna,C. Brown,D. Hajrizi,J. Payne","I. Umipig,K. Pullian,K. Ujkani,P. Weekes,V. Ejupi",1800,1925,125,5.5,6.0,5.0,65,61,74,61,9,0,6,4,1,1,0,0,0,2,4,2,0,0,1,2,0,0,0,0,0,0,2,0,0,0,3,0,0,0,0,0,0,0,0,0,0,0,0,0,0,0,0,0,0,0,0,0,0,0,0,0,0,0
2779678,2025-11-16,4,Trepça,Rahoveci 029,"A. Arslanagic,B. Tuna,D. Hajrizi,D. Kapiti,J. Payne","I. Umipig,J. Roche,K. Ujkani,P. Weekes,V. Ejupi",1925,1944,19,0.1,0.1,0.1,74,61,74,61,0,0,0,0,0,0,0,0,0,0,0,0,0,0,0,0,0,0,0,0,0,0,0,0,0,0,0,0,0,0,0,0,0,0,0,0,0,0,0,0,0,0,0,0,0,0,0,0,0,0,0,0,0,0
2779678,2025-11-16,4,Trepça,Rahoveci 029,"A. Arslanagic,B. Tuna,D. Hajrizi,D. Kapiti,J. Payne","I. Umipig,J. Jones,J. Roche,K. Ujkani,V. Ejupi",1944,1980,36,2.72,3.44,2.0,74,61,76,63,2,2,1,1,0,0,1,0,0,1,0,0,0,2,1,2,1,0,0,0,0,0,1,0,0,0,0,1,0,0,0,0,0,0,0,0,0,0,0,0,0,0,0,0,0,0,0,0,0,0,0,0,0,0
2779678,2025-11-16,4,Trepça,Rahoveci 029,"A. Arslanagic,B. Tuna,C. Brown,D. Hajrizi,J. Payne","H. Durguti,I. Umipig,J. Jones,J. Roche,K. Ujkani",1980,2085,105,2.36,1.93,2.79,76,63,78,65,2,2,3,1,1,0,0,0,1,1,0,0,0,0,0,5,1,2,0,0,0,3,1,0,0,0,1,1,0,0,0,0,0,0,0,0,0,0,0,0,0,0,0,0,0,0,0,0,0,0,0,0,0,0
2779678,2025-11-16,4,Trepça,Rahoveci 029,"A. Arslanagic,B. Tuna,C. Brown,D. Hajrizi,J. Payne","H. Durguti,I. Umipig,J. Roche,K. Pullian,K. Ujkani",2085,2185,100,3.66,3.88,3.44,78,65,86,71,8,6,3,2,3,2,2,2,0,1,3,0,0,0,2,3,2,1,1,1,1,0,1,1,0,0,0,0,0,0,0,0,0,0,0,0,0,0,0,0,0,0,0,0,0,0,0,0,0,0,0,0,0,0
2779678,2025-11-16,4,Trepça,Rahoveci 029,"A. Arslanagic,B. Tuna,C. Brown,D. Hajrizi,J. Payne","H. Durguti,I. Umipig,K. Pullian,K. Ujkani,P. Weekes",2185,2230,45,2.0,2.0,2.0,86,71,88,71,2,0,1,1,0,0,0,0,0,2,1,0,0,1,1,2,0,2,0,0,0,0,0,0,1,0,0,0,0,0,0,0,0,0,0,0,0,0,0,0,0,0,0,0,0,0,0,0,0,0,0,0,0,0
2779678,2025-11-16,4,Trepça,Rahoveci 029,"A. Arslanagic,C. Brown,D. Hajrizi,J. Payne,M. Tmusic","H. Durguti,I. Umipig,K. Pullian,K. Ujkani,P. Weekes",2230,2262,32,0.9,1.0,0.81,88,71,90,73,2,2,1,1,0,0,0,0,0,0,0,0,0,0,0,1,0,0,0,2,2,1,0,0,0,0,0,0,0,0,0,0,0,0,0,0,0,0,0,0,0,0,0,0,0,0,0,0,0,0,0,0,0,0
2779678,2025-11-16,4,Trepça,Rahoveci 029,"A. Arslanagic,D. Kapiti,J. Payne,M. Tmusic,V. Haliti","H. Durguti,I. Umipig,K. Pullian,K. Ujkani,P. Weekes",2262,2347,85,1.93,1.93,1.93,90,73,90,76,0,3,3,0,1,0,0,0,1,0,0,1,0,0,0,2,1,2,1,0,0,1,2,1,0,0,1,0,0,0,0,0,0,0,0,0,0,0,0,0,0,0,0,0,0,0,0,0,0,0,0,0,0,0
2779678,2025-11-16,4,Trepça,Rahoveci 029,"A. Arslanagic,A. Gashi,D. Kapiti,J. Payne,V. Haliti","H. Durguti,I. Umipig,K. Pullian,K. Ujkani,P. Weekes",2347,2388,41,2.0,2.0,2.0,90,76,92,78,2,2,1,1,0,0,0,0,0,1,0,0,0,1,0,2,1,1,0,0,0,0,0,1,1,0,0,0,0,0,0,0,0,0,0,0,0,0,0,0,0,0,0,0,0,0,0,0,0,0,0,0,0,0
2779676,2025-11-15,1,Golden Eagle Ylli,Bora,"A. Çallakaj,B. Huffman,G. Morina,L. Thomas,T. Allen","A. Hot,A. Mekic,J. Zeqiri,T. Cheese,T. Jackson",0,202,202,5.43,5.93,4.93,0,0,7,2,7,2,6,3,2,1,0,0,1,4,2,0,0,1,1,6,1,1,0,0,0,1,2,1,1,0,0,2,0,0,0,0,0,0,0,0,0,0,0,0,0,0,0,0,0,0,0,0,0,0,0,0,0,0
2779676,2025-11-15,1,Golden Eagle Ylli,Bora,"A. Çallakaj,B. Huffman,G. Morina,L. Thomas,T. Allen","A. Hot,A. Mekic,J. Zeqiri,S. Jules,T. Cheese",202,242,40,0.93,1.0,0.86,7,2,7,2,0,0,1,0,0,0,0,0,0,1,0,0,1,0,0,3,0,0,0,0,0,2,1,0,0,0,0,0,0,0,0,0,0,0,0,0,0,0,0,0,0,0,0,0,0,0,0,0,0,0,0,0,0,0
2779676,2025-11-15,1,Golden Eagle Ylli,Bora,"A. Çallakaj,B. Huffman,G. Morina,L. Thomas,T. Allen","A. Hot,A. Mekic,G. Singleton,J. Zeqiri,S. Jules",242,275,33,0.55,0.1,1.0,7,2,7,5,0,3,0,0,0,0,0,0,0,0,0,0,0,0,0,1,1,1,1,0,0,0,0,1,0,0,0,1,0,0,0,0,0,0,0,0,0,0,0,0,0,0,0,0,0,0,0,0,0,0,0,0,0,0
2779676,2025-11-15,1,Golden Eagle Ylli,Bora,"A. Çallakaj,B. Huffman,G. Morina,L. Thomas,T. Allen","A. Hot,A. Mekic,G. Singleton,O. Kurtaj,S. Jules",275,350,75,1.87,2.0,1.74,7,5,11,7,4,2,2,2,0,0,0,0,0,1,2,0,1,0,1,3,0,1,0,2,2,2,0,0,0,0,0,0,0,0,0,0,0,0,0,0,0,0,0,0,0,0,0,0,0,0,0,0,0,0,0,0,0,0
2779676,2025-11-15,1,Golden Eagle Ylli,Bora,"A. Çallakaj,B. Huffman,G. Morina,L. Thomas,T. Allen","A. Mekic,G. Singleton,G. Zeqiri,O. Kurtaj,S. Jules",350,435,85,3.0,3.0,3.0,11,7,13,11,2,4,2,1,1,0,0,0,0,1,1,0,0,1,1,3,2,0,0,0,0,0,1,2,1,0,0,1,0,0,0,0,0,0,0,0,0,0,0,0,0,0,0,0,0,0,0,0,0,0,0,0,0,0
2779676,2025-11-15,1,Golden Eagle Ylli,Bora,"E. Kastrati,G. Morina,L. Shoshi,T. Allen,T. Allen","G. Singleton,G. Zeqiri,J. Zeqiri,S. Jules,T. Cheese",435,484,49,1.12,0.93,1.32,13,11,13,13,0,2,2,0,0,0,0,0,1,0,0,0,0,0,1,0,0,0,0,3,2,0,1,1,0,0,0,1,0,0,0,0,0,0,0,0,0,0,0,0,0,0,0,0,0,0,0,0,0,0,0,0,0,0
2779676,2025-11-15,1,Golden Eagle Ylli,Bora,"E. Kastrati,J. Reece,L. Shoshi,T. Allen,T. Allen","G. Singleton,G. Zeqiri,J. Zeqiri,S. Jules,T. Cheese",484,527,43,2.44,2.88,2.0,13,13,14,16,1,3,0,0,0,0,2,1,0,1,0,0,0,2,0,2,1,2,1,0,0,0,1,0,0,0,0,0,0,0,0,0,0,0,0,0,0,0,0,0,0,0,0,0,0,0,0,0,0,0,0,0,0,0
2779676,2025-11-15,1,Golden Eagle Ylli,Bora,"E. Kastrati,J. Reece,L. Shoshi,T. Allen,T. Allen","A. Hot,G. Singleton,J. Zeqiri,S. Jules,T. Cheese",527,633,106,2.83,1.93,3.74,14,16,16,22,2,6,2,1,0,0,0,0,1,1,0,0,0,1,1,5,2,1,0,2,2,2,0,1,1,0,0,0,0,0,0,0,0,0,0,0,0,0,0,0,0,0,0,0,0,0,0,0,0,0,0,0,0,0
2779676,2025-11-15,2,Golden Eagle Ylli,Bora,"E. Kastrati,J. Reece,L. Shoshi,L. Thomas,T. Allen","A. Hot,G. Singleton,J. Zeqiri,S. Jules,T. Cheese",633,687,54,1.0,1.0,1.0,16,22,18,24,2,2,1,1,0,0,0,0,0,0,1,0,0,0,0,1,1,0,0,0,0,0,0,1,0,0,0,1,0,0,0,0,0,0,0,0,0,0,0,0,0,0,0,0,0,0,0,0,0,0,0,0,0,0
2779676,2025-11-15,2,Golden Eagle Ylli,Bora,"A. Çallakaj,J. Reece,L. Shoshi,L. Thomas,T. Allen","A. Hot,G. Singleton,J. Zeqiri,S. Jules,T. Cheese",687,729,42,0.94,0.88,1.0,18,24,19,24,1,0,0,0,0,0,2,1,0,1,0,0,0,0,1,1,0,0,0,0,0,0,0,0,0,0,0,1,0,0,0,0,0,0,0,0,0,0,0,0,0,0,0,0,0,0,0,0,0,0,0,0,0,0
2779676,2025-11-15,2,Golden Eagle Ylli,Bora,"A. Çallakaj,J. Reece,L. Shoshi,L. Thomas,T. Allen","A. Hot,A. Mekic,J. Zeqiri,T. Cheese,T. Jackson",729,759,30,1.44,1.88,1.0,19,24,20,27,1,3,0,0,0,0,2,1,0,0,0,0,0,1,1,1,1,1,1,0,0,0,0,0,1,0,0,0,0,0,0,0,0,0,0,0,0,0,0,0,0,0,0,0,0,0,0,0,0,0,0,0,0,0
2779676,2025-11-15,2,Golden Eagle Ylli,Bora,"A. Çallakaj,B. Huffman,G. Morina,L. Thomas,T. Allen","A. Hot,A. Mekic,J. Zeqiri,T. Cheese,T. Jackson",759,779,20,0.55,0.1,1.0,20,27,20,27,0,0,0,0,0,0,0,0,0,1,0,0,0,0,0,1,0,0,0,0,0,0,0,0,0,0,0,1,0,0,0,0,0,0,0,0,0,0,0,0,0,0,0,0,0,0,0,0,0,0,0,0,0,0
2779676,2025-11-15,2,Golden Eagle Ylli,Bora,"A. Çallakaj,B. Huffman,G. Morina,L. Thomas,T. Allen","A. Hot,A. Mekic,J. Zeqiri,O. Kurtaj,T. Jackson",779,865,86,2.4,2.88,1.93,20,27,21,30,1,3,1,0,0,0,2,1,0,1,1,0,0,1,1,3,1,3,1,0,0,1,1,1,1,0,0,1,0,0,0,0,0,0,0,0,0,0,0,0,0,0,0,0,0,0,0,0,0,0,0,0,0,0
2779676,2025-11-15,2,Golden Eagle Ylli,Bora,"B. Huffman,E. Kastrati,G. Morina,L. Thomas,T. Allen","A. Mekic,G. Singleton,J. Zeqiri,O. Kurtaj,S. Jules",865,921,56,1.34,1.69,1.0,21,31,24,33,3,2,1,0,1,0,4,3,1,0,0,0,0,0,0,1,1,0,0,0,0,0,0,1,0,0,0,2,0,0,0,0,0,0,0,0,0,0,0,0,0,0,0,0,0,0,0,0,0,0,0,0,0,0
2779676,2025-11-15,2,Golden Eagle Ylli,Bora,"A. Çallakaj,B. Huffman,E. Kastrati,L. Thomas,T. Allen","A. Mekic,G. Singleton,J. Zeqiri,O. Kurtaj,S. Jules",921,945,24,1.0,1.0,1.0,24,33,24,33,0,0,0,0,0,0,0,0,0,1,0,0,1,1,0,1,0,0,0,0,0,0,0,0,0,0,0,0,0,0,0,0,0,0,0,0,0,0,0,0,0,0,0,0,0,0,0,0,0,0,0,0,0,0
2779676,2025-11-15,2,Golden Eagle Ylli,Bora,"A. Çallakaj,B. Huffman,E. Kastrati,L. Thomas,T. Allen","A. Hot,A. Mekic,J. Zeqiri,O. Kurtaj,S. Jules",945,1076,131,4.96,4.93,5.0,24,33,28,33,4,0,5,2,1,0,0,0,1,1,1,4,0,1,0,1,0,0,0,0,0,0,2,0,1,0,4,0,0,0,0,0,0,0,0,0,0,0,0,0,0,0,0,0,0,0,0,0,0,0,0,0,0,0
2779676,2025-11-15,2,Golden Eagle Ylli,Bora,"A. Çallakaj,B. Huffman,E. Kastrati,L. Thomas,T. Allen","A. Hot,A. Mekic,J. Zeqiri,T. Cheese,T. Jackson",1076,1124,48,1.5,1.0,2.0,28,33,28,33,0,0,0,0,0,0,0,0,0,1,0,0,0,1,0,1,0,1,0,0,0,0,0,0,1,0,1,1,0,0,0,0,0,0,0,0,0,0,0,0,0,0,0,0,0,0,0,0,0,0,0,0,0,0
2779676,2025-11-15,2,Golden Eagle Ylli,Bora,"E. Kastrati,J. Reece,L. Shoshi,L. Thomas,T. Allen","A. Hot,A. Mekic,J. Zeqiri,S. Jules,T. Cheese",1124,1144,20,0.45,0.1,0.81,30,33,30,35,0,2,0,0,0,0,0,0,0,0,0,0,0,0,1,1,0,0,0,2,2,1,0,0,0,0,0,0,0,0,0,0,0,0,0,0,0,0,0,0,0,0,0,0,0,0,0,0,0,0,0,0,0,0
2779676,2025-11-15,2,Golden Eagle Ylli,Bora,"E. Kastrati,J. Reece,L. Shoshi,L. Thomas,T. Allen","A. Mekic,J. Zeqiri,O. Kurtaj,S. Jules,T. Cheese",1144,1200,56,1.44,2.0,0.88,30,35,30,37,0,2,2,0,1,0,0,0,0,0,0,0,0,0,1,0,0,0,0,2,2,0,2,0,0,0,0,0,0,0,0,0,0,0,0,0,0,0,0,0,0,0,0,0,0,0,0,0,0,0,0,0,0,0
2779676,2025-11-15,3,Golden Eagle Ylli,Bora,"A. Çallakaj,B. Huffman,E. Kastrati,G. Morina,L. Thomas","A. Hot,A. Mekic,J. Zeqiri,S. Jules,T. Cheese",1200,1339,139,4.96,5.0,4.93,30,37,30,41,0,4,2,0,0,0,0,0,0,2,0,1,0,3,0,5,2,3,0,0,0,1,2,1,1,0,1,2,0,0,0,0,0,0,0,0,0,0,0,0,0,0,0,0,0,0,0,0,0,0,0,0,0,0
2779676,2025-11-15,3,Golden Eagle Ylli,Bora,"A. Çallakaj,B. Huffman,G. Morina,L. Thomas,T. Allen","A. Hot,A. Mekic,J. Zeqiri,S. Jules,T. Cheese",1339,1409,70,1.93,2.0,1.86,30,41,30,43,0,2,1,0,0,0,0,0,0,1,0,0,0,1,0,4,1,1,0,0,0,2,1,0,1,0,0,1,0,0,0,0,0,0,0,0,0,0,0,0,0,0,0,0,0,0,0,0,0,0,0,0,0,0
2779676,2025-11-15,3,Golden Eagle Ylli,Bora,"A. Çallakaj,G. Morina,L. Shoshi,L. Thomas,T. Allen","G. Singleton,J. Zeqiri,O. Kurtaj,S. Jules,T. Cheese",1409,1434,25,0.55,1.0,0.1,30,43,30,43,0,0,1,0,0,0,0,0,0,0,0,0,0,0,1,0,0,0,0,0,0,0,1,0,0,0,0,0,0,0,0,0,0,0,0,0,0,0,0,0,0,0,0,0,0,0,0,0,0,0,0,0,0,0
2779676,2025-11-15,3,Golden Eagle Ylli,Bora,"A. Çallakaj,E. Kastrati,G. Morina,L. Shoshi,T. Allen","G. Singleton,J. Zeqiri,O. Kurtaj,S. Jules,T. Cheese",1434,1531,97,3.4,3.0,3.81,30,43,37,47,7,4,3,3,1,1,0,0,0,2,1,0,0,0,0,4,1,1,0,2,2,1,0,0,0,0,0,1,0,0,0,0,0,0,0,0,0,0,0,0,0,0,0,0,0,0,0,0,0,0,0,0,0,0
2779676,2025-11-15,3,Golden Eagle Ylli,Bora,"A. Çallakaj,E. Kastrati,G. Morina,L. Shoshi,T. Allen","A. Hot,A. Mekic,G. Singleton,O. Kurtaj,S. Jules",1531,1605,74,1.46,2.0,0.93,37,47,37,47,0,0,2,0,0,0,0,0,0,1,0,0,0,0,1,2,0,1,0,0,0,1,2,0,0,0,0,0,0,0,0,0,0,0,0,0,0,0,0,0,0,0,0,0,0,0,0,0,0,0,0,0,0,0
2779676,2025-11-15,3,Golden Eagle Ylli,Bora,"A. Çallakaj,E. Kastrati,G. Morina,L. Shoshi,T. Allen","A. Hot,A. Mekic,G. Singleton,O. Kurtaj,T. Jackson",1605,1692,87,2.87,2.74,3.0,37,47,42,53,5,6,4,1,1,1,2,2,2,1,0,0,0,0,1,3,2,3,2,0,0,0,1,2,0,0,0,1,0,0,0,0,0,0,0,0,0,0,0,0,0,0,0,0,0,0,0,0,0,0,0,0,0,0
2779676,2025-11-15,3,Golden Eagle Ylli,Bora,"A. Çallakaj,G. Morina,L. Shoshi,T. Allen,T. Allen","A. Hot,A. Mekic,G. Singleton,O. Kurtaj,S. Jules",1692,1734,42,0.55,0.1,1.0,42,53,42,55,0,2,2,0,1,0,0,0,2,0,0,0,0,0,0,1,1,0,0,0,0,0,0,0,0,0,0,1,0,0,0,0,0,0,0,0,0,0,0,0,0,0,0,0,0,0,0,0,0,0,0,0,0,0
2779676,2025-11-15,3,Golden Eagle Ylli,Bora,"A. Çallakaj,B. Huffman,E. Kastrati,T. Allen,T. Allen","A. Hot,G. Singleton,J. Zeqiri,S. Jules,T. Cheese",1734,1800,66,1.94,1.44,2.44,43,55,46,60,3,5,1,1,0,0,1,1,0,0,1,0,0,0,1,2,2,0,0,1,1,0,0,0,0,0,0,1,0,0,0,0,0,0,0,0,0,0,0,0,0,0,0,0,0,0,0,0,0,0,0,0,0,0
2779676,2025-11-15,4,Golden Eagle Ylli,Bora,"A. Çallakaj,E. Kastrati,J. Reece,T. Allen,T. Allen","A. Hot,G. Singleton,J. Zeqiri,S. Jules,T. Cheese",1800,1891,91,2.99,3.05,2.93,46,60,48,64,2,4,2,0,1,0,4,2,1,0,0,1,0,0,0,3,2,1,0,0,0,1,2,2,0,1,1,4,0,0,0,0,0,0,0,0,0,0,0,0,0,0,0,0,0,0,0,0,0,0,0,0,0,0
2779676,2025-11-15,4,Golden Eagle Ylli,Bora,"A. Çallakaj,E. Kastrati,J. Reece,T. Allen,T. Allen","G. Singleton,J. Zeqiri,O. Kurtaj,S. Jules,T. Cheese",1891,1944,53,1.37,1.81,0.93,48,64,50,64,2,0,2,0,1,0,2,2,1,0,0,1,1,0,1,1,0,0,0,0,0,1,1,0,0,0,1,1,0,0,0,0,0,0,0,0,0,0,0,0,0,0,0,0,0,0,0,0,0,0,0,0,0,0
2779676,2025-11-15,4,Golden Eagle Ylli,Bora,"A. Çallakaj,E. Kastrati,J. Reece,T. Allen,T. Allen","A. Hot,G. Singleton,J. Zeqiri,S. Jules,T. Cheese",1944,1997,53,2.0,2.0,2.0,50,64,52,64,2,0,2,1,1,0,0,0,0,0,0,0,0,0,1,0,0,0,0,0,0,0,1,0,0,0,2,1,0,0,0,0,0,0,0,0,0,0,0,0,0,0,0,0,0,0,0,0,0,0,0,0,0,0
2779676,2025-11-15,4,Golden Eagle Ylli,Bora,"A. Çallakaj,E. Kastrati,J. Reece,T. Allen,T. Allen","A. Hot,A. Mekic,G. Singleton,J. Zeqiri,S. Jules",1997,2094,97,2.02,2.25,1.79,52,64,54,66,2,2,2,0,2,0,3,2,1,1,0,0,2,0,1,5,1,1,0,0,0,3,1,1,0,0,0,1,0,0,0,0,0,0,0,0,0,0,0,0,0,0,0,0,0,0,0,0,0,0,0,0,0,0
2779676,2025-11-15,4,Golden Eagle Ylli,Bora,"A. Çallakaj,E. Kastrati,J. Reece,T. Allen,T. Allen","A. Hot,A. Mekic,J. Zeqiri,S. Jules,T. Cheese",2094,2164,70,1.93,1.93,1.93,54,66,56,66,2,0,3,1,0,0,0,0,1,0,0,1,0,0,1,1,0,0,0,0,0,1,1,0,0,0,2,0,0,0,0,0,0,0,0,0,0,0,0,0,0,0,0,0,0,0,0,0,0,0,0,0,0,0
2779676,2025-11-15,4,Golden Eagle Ylli,Bora,"A. Çallakaj,E. Kastrati,J. Reece,T. Allen,T. Allen","A. Mekic,J. Zeqiri,O. Kurtaj,S. Jules,T. Cheese",2164,2282,118,2.9,3.0,2.81,56,66,59,72,3,6,3,1,1,1,0,0,0,0,0,0,0,0,2,3,2,1,0,2,2,1,2,2,0,0,0,0,0,0,0,0,0,0,0,0,0,0,0,0,0,0,0,0,0,0,0,0,0,0,0,0,0,0
2779676,2025-11-15,4,Golden Eagle Ylli,Bora,"E. Kastrati,G. Morina,J. Reece,T. Allen,T. Allen","A. Mekic,J. Zeqiri,O. Kurtaj,S. Jules,T. Cheese",2282,2306,24,1.44,1.0,1.88,59,72,62,74,3,2,1,1,1,1,0,0,0,0,1,1,0,0,0,0,0,0,0,2,2,0,0,1,0,0,1,1,0,0,0,0,0,0,0,0,0,0,0,0,0,0,0,0,0,0,0,0,0,0,0,0,0,0
2779676,2025-11-15,4,Golden Eagle Ylli,Bora,"E. Kastrati,G. Morina,J. Reece,T. Allen,T. Allen","A. Hot,J. Zeqiri,O. Kurtaj,S. Jules,T. Cheese",2306,2399,93,4.79,4.69,4.88,62,74,70,78,8,4,3,2,0,0,4,4,1,2,1,0,1,1,1,4,1,0,0,2,2,0,0,0,1,0,0,1,0,0,0,0,0,0,0,0,0,0,0,0,0,0,0,0,0,0,0,0,0,0,0,0,0,0
2782431,2025-11-23,1,Bora,Bashkimi,"A. Hot,A. Mekic,G. Singleton,J. Zeqiri,S. Jules","D. Lake,I. Cousins,J. Palokaj,K. Anderson,L. Zeqiri",0,200,200,6.79,7.58,6.0,0,0,4,10,4,10,6,2,1,0,1,0,1,2,1,0,0,2,1,6,4,3,2,0,0,0,4,4,1,0,0,1,0,0,0,0,0,0,0,0,0,0,0,0,0,0,0,0,0,0,0,0,0,0,0,0,0,0
2782431,2025-11-23,1,Bora,Bashkimi,"A. Hot,A. Mekic,G. Singleton,O. Kurtaj,S. Jules","D. Lake,I. Cousins,J. Palokaj,K. Anderson,L. Zeqiri",200,211,11,0.55,0.1,1.0,4,10,4,13,0,3,0,0,0,0,0,0,0,0,0,0,0,0,0,1,1,1,1,0,0,0,0,0,0,0,0,0,0,0,0,0,0,0,0,0,0,0,0,0,0,0,0,0,0,0,0,0,0,0,0,0,0,0
2782431,2025-11-23,1,Bora,Bashkimi,"A. Hot,A. Mekic,O. Kurtaj,S. Jules,T. Chese","D. Lake,I. Cousins,J. Palokaj,K. Anderson,L. Zeqiri",211,303,92,1.96,1.93,2.0,4,13,4,15,0,2,2,0,0,0,0,0,1,1,0,0,0,1,0,2,1,1,0,0,0,0,1,0,0,0,0,2,0,0,0,0,0,0,0,0,0,0,0,0,0,0,0,0,0,0,0,0,0,0,0,0,0,0
2782431,2025-11-23,1,Bora,Bashkimi,"A. Hot,A. Mekic,O. Kurtaj,T. Chese,T. Jackson","D. Lake,I. Cousins,K. Anderson,L. Zeqiri,V. Bunjaku",303,313,10,1.16,0.88,1.44,4,15,6,18,2,3,0,0,0,0,2,2,0,0,0,0,0,0,1,1,1,0,0,1,1,0,0,1,0,0,0,0,0,0,0,0,0,0,0,0,0,0,0,0,0,0,0,0,0,0,0,0,0,0,0,0,0,0
2782431,2025-11-23,1,Bora,Bashkimi,"A. Mekic,J. Zeqiri,O. Kurtaj,T. Chese,T. Jackson","D. Lake,I. Cousins,K. Anderson,L. Zeqiri,V. Bunjaku",313,370,57,2.0,2.0,2.0,6,18,6,20,0,2,1,0,0,0,0,0,0,0,0,0,0,1,0,1,1,0,0,0,0,0,1,1,1,0,1,0,0,0,0,0,0,0,0,0,0,0,0,0,0,0,0,0,0,0,0,0,0,0,0,0,0,0
2782431,2025-11-23,1,Bora,Bashkimi,"A. Mekic,G. Zeqiri,J. Zeqiri,T. Chese,T. Jackson","D. Lake,I. Cousins,K. Anderson,L. Zeqiri,V. Bunjaku",370,425,55,1.46,1.93,1.0,6,20,8,20,2,0,3,1,2,0,0,0,1,0,0,1,0,0,0,0,0,0,0,0,0,0,1,0,0,0,1,1,0,0,0,0,0,0,0,0,0,0,0,0,0,0,0,0,0,0,0,0,0,0,0,0,0,0
2782431,2025-11-23,1,Bora,Bashkimi,"G. Singleton,G. Zeqiri,J. Zeqiri,T. Chese,T. Jackson","D. Lake,I. Cousins,J. Baily,M. Janjeva,V. Bunjaku",425,478,53,1.19,1.37,1.0,8,20,9,22,1,2,2,0,1,0,1,1,1,0,0,0,0,0,1,1,1,0,0,0,0,0,1,1,0,0,0,0,0,0,0,0,0,0,0,0,0,0,0,0,0,0,0,0,0,0,0,0,0,0,0,0,0,0
2782431,2025-11-23,1,Bora,Bashkimi,"G. Singleton,G. Zeqiri,J. Zeqiri,T. Chese,T. Jackson","I. Cousins,J. Baily,M. Janjeva,T. Bickerstaff,V. Bunjaku",478,517,39,0.96,1.0,0.93,9,22,9,24,0,2,1,0,1,0,0,0,0,0,0,0,0,0,1,2,1,1,0,0,0,1,1,1,0,0,0,0,0,0,0,0,0,0,0,0,0,0,0,0,0,0,0,0,0,0,0,0,0,0,0,0,0,0
2782431,2025-11-23,1,Bora,Bashkimi,"G. Singleton,G. Zeqiri,J. Zeqiri,T. Chese,T. Jackson","J. Baily,J. Palokaj,M. Janjeva,T. Bickerstaff,V. Bunjaku",517,600,83,3.88,4.0,3.76,9,24,14,27,5,3,3,2,2,1,0,0,0,1,2,2,0,1,2,0,0,0,0,4,3,0,0,0,1,0,2,0,0,0,0,0,0,0,0,0,0,0,0,0,0,0,0,0,0,0,0,0,0,0,0,0,0,0
2782431,2025-11-23,2,Bora,Bashkimi,"A. Hot,A. Mekic,G. Singleton,J. Zeqiri,T. Jackson","J. Baily,J. Palokaj,K. Anderson,M. Janjeva,T. Bickerstaff",600,686,86,2.72,2.0,3.44,14,27,17,33,3,6,1,1,1,1,0,0,0,1,0,0,0,1,1,3,2,2,1,1,1,0,0,0,1,0,0,1,0,0,0,0,0,0,0,0,0,0,0,0,0,0,0,0,0,0,0,0,0,0,0,0,0,0
2782431,2025-11-23,2,Bora,Bashkimi,"A. Hot,A. Mekic,G. Singleton,J. Zeqiri,T. Jackson","I. Cousins,J. Palokaj,K. Anderson,M. Janjeva,T. Bickerstaff",686,712,26,0.55,1.0,0.1,17,33,19,33,2,0,1,1,0,0,0,0,0,0,1,0,0,0,1,0,0,0,0,0,0,0,0,0,0,0,0,0,0,0,0,0,0,0,0,0,0,0,0,0,0,0,0,0,0,0,0,0,0,0,0,0,0,0
2782431,2025-11-23,2,Bora,Bashkimi,"A. Hot,A. Mekic,G. Singleton,J. Zeqiri,S. Jules","I. Cousins,J. Palokaj,K. Anderson,L. Zeqiri,T. Bickerstaff",712,745,33,0.94,1.0,0.88,19,33,19,34,0,1,1,0,0,0,0,0,0,0,0,0,0,0,0,0,0,0,0,2,1,0,1,1,0,0,0,0,0,0,0,0,0,0,0,0,0,0,0,0,0,0,0,0,0,0,0,0,0,0,0,0,0,0
2782431,2025-11-23,2,Bora,Bashkimi,"A. Hot,A. Mekic,J. Zeqiri,S. Jules,T. Chese","I. Cousins,J. Palokaj,K. Anderson,L. Zeqiri,T. Bickerstaff",745,809,64,2.0,2.0,2.0,19,34,24,34,5,0,2,2,1,1,0,0,0,2,2,0,0,0,0,2,0,1,0,0,0,0,0,0,0,0,0,0,0,0,0,0,0,0,0,0,0,0,0,0,0,0,0,0,0,0,0,0,0,0,0,0,0,0
2782431,2025-11-23,2,Bora,Bashkimi,"A. Hot,A. Mekic,J. Zeqiri,S. Jules,T. Chese","D. Lake,I. Cousins,J. Palokaj,K. Anderson,L. Zeqiri",809,878,69,1.5,1.0,2.0,24,34,26,37,2,3,1,1,0,0,0,0,0,1,1,0,0,0,0,2,1,2,1,0,0,0,0,1,0,0,0,1,0,0,0,0,0,0,0,0,0,0,0,0,0,0,0,0,0,0,0,0,0,0,0,0,0,0
2782431,2025-11-23,2,Bora,Bashkimi,"A. Hot,A. Mekic,O. Kurtaj,S. Jules,T. Chese","D. Lake,I. Cousins,J. Palokaj,K. Anderson,L. Zeqiri",878,945,67,2.0,2.0,2.0,26,37,29,39,3,2,1,1,1,1,0,0,0,0,0,1,0,1,1,1,1,0,0,0,0,0,0,0,1,0,1,1,0,0,0,0,0,0,0,0,0,0,0,0,0,0,0,0,0,0,0,0,0,0,0,0,0,0
2782431,2025-11-23,2,Bora,Bashkimi,"A. Hot,A. Mekic,O. Kurtaj,S. Jules,T. Chese","D. Lake,I. Cousins,J. Palokaj,L. Zeqiri,V. Bunjaku",945,1002,57,1.9,1.93,1.88,29,39,31,42,2,3,2,1,0,0,0,0,1,0,0,0,0,1,1,1,1,0,0,2,1,0,0,1,1,0,0,0,0,0,0,0,0,0,0,0,0,0,0,0,0,0,0,0,0,0,0,0,0,0,0,0,0,0
2782431,2025-11-23,2,Bora,Bashkimi,"A. Hot,A. Mekic,J. Zeqiri,S. Jules,T. Chese","D. Lake,I. Cousins,J. Palokaj,L. Zeqiri,V. Bunjaku",1002,1016,14,0.1,0.1,0.1,31,42,31,42,0,0,0,0,0,0,0,0,0,0,0,0,0,0,0,0,0,0,0,0,0,0,0,0,0,0,0,1,0,0,0,0,0,0,0,0,0,0,0,0,0,0,0,0,0,0,0,0,0,0,0,0,0,0
2782431,2025-11-23,2,Bora,Bashkimi,"A. Hot,A. Mekic,J. Zeqiri,S. Jules,T. Chese","D. Lake,I. Cousins,J. Baily,L. Zeqiri,V. Bunjaku",1016,1043,27,1.44,1.88,1.0,31,42,32,42,1,0,0,0,0,0,2,1,0,1,0,0,0,1,0,1,0,1,0,0,0,0,0,0,0,0,0,0,0,0,0,0,0,0,0,0,0,0,0,0,0,0,0,0,0,0,0,0,0,0,0,0,0,0
2782431,2025-11-23,2,Bora,Bashkimi,"A. Hot,G. Singleton,J. Zeqiri,S. Jules,T. Chese","D. Lake,I. Cousins,J. Baily,L. Zeqiri,V. Bunjaku",1043,1145,102,2.96,3.0,2.93,32,42,35,44,3,2,2,1,2,1,0,0,0,2,0,0,0,1,0,4,1,1,0,0,0,1,1,0,1,0,0,0,0,0,0,0,0,0,0,0,0,0,0,0,0,0,0,0,0,0,0,0,0,0,0,0,0,0
2782431,2025-11-23,2,Bora,Bashkimi,"G. Singleton,J. Zeqiri,O. Kurtaj,S. Jules,T. Chese","D. Lake,J. Baily,K. Anderson,M. Janjeva,V. Bunjaku",1145,1200,55,2.44,2.0,2.88,35,44,35,45,0,1,1,0,0,0,0,0,0,1,0,0,0,1,1,2,0,1,0,2,1,0,1,0,1,0,0,0,0,0,0,0,0,0,0,0,0,0,0,0,0,0,0,0,0,0,0,0,0,0,0,0,0,0
2782431,2025-11-23,3,Bora,Bashkimi,"A. Hot,A. Mekic,J. Zeqiri,S. Jules,T. Chese","D. Lake,I. Cousins,J. Palokaj,K. Anderson,L. Zeqiri",1200,1276,76,2.46,3.0,1.93,35,45,37,47,2,2,3,1,0,0,0,0,0,0,1,1,1,0,4,2,1,0,0,0,0,1,2,0,0,0,1,0,0,0,0,0,0,0,0,0,0,0,0,0,0,0,0,0,0,0,0,0,0,0,0,0,0,0
2782431,2025-11-23,3,Bora,Bashkimi,"A. Hot,A. Mekic,G. Singleton,J. Zeqiri,S. Jules","D. Lake,I. Cousins,J. Palokaj,K. Anderson,L. Zeqiri",1276,1412,136,4.31,3.81,4.81,37,47,43,52,6,5,4,2,1,0,2,2,1,2,1,1,1,0,0,4,1,2,1,2,2,1,1,1,0,0,1,2,0,0,0,0,0,0,0,0,0,0,0,0,0,0,0,0,0,0,0,0,0,0,0,0,0,0
2782431,2025-11-23,3,Bora,Bashkimi,"A. Hot,A. Mekic,G. Singleton,J. Zeqiri,S. Jules","I. Cousins,J. Palokaj,K. Anderson,M. Janjeva,T. Bickerstaff",1412,1444,32,1.44,1.88,1.0,43,52,44,52,1,0,0,0,0,0,2,1,0,1,0,0,0,1,0,1,0,0,0,0,0,0,1,0,0,0,0,0,0,0,0,0,0,0,0,0,0,0,0,0,0,0,0,0,0,0,0,0,0,0,0,0,0,0
2782431,2025-11-23,3,Bora,Bashkimi,"A. Mekic,G. Singleton,G. Zeqiri,J. Zeqiri,S. Jules","I. Cousins,J. Palokaj,K. Anderson,M. Janjeva,T. Bickerstaff",1444,1503,59,1.46,1.0,1.93,44,52,44,55,0,3,1,0,0,0,0,0,0,1,0,0,1,0,0,3,1,1,1,0,0,1,1,1,0,0,0,1,0,0,0,0,0,0,0,0,0,0,0,0,0,0,0,0,0,0,0,0,0,0,0,0,0,0
2782431,2025-11-23,3,Bora,Bashkimi,"A. Hot,A. Mekic,G. Zeqiri,T. Chese,T. Jackson","J. Baily,J. Palokaj,K. Anderson,M. Janjeva,T. Bickerstaff",1503,1622,119,3.94,4.0,3.88,44,55,48,59,4,4,4,2,1,0,0,0,0,2,1,0,0,0,1,3,1,1,0,2,2,0,2,2,0,0,0,1,0,0,0,0,0,0,0,0,0,0,0,0,0,0,0,0,0,0,0,0,0,0,0,0,0,0
2782431,2025-11-23,3,Bora,Bashkimi,"A. Hot,A. Mekic,G. Zeqiri,J. Zeqiri,T. Chese","J. Baily,J. Palokaj,M. Janjeva,T. Bickerstaff,V. Bunjaku",1622,1667,45,1.94,1.88,2.0,48,59,50,61,2,2,1,0,1,0,2,2,0,1,0,0,0,0,0,2,1,1,0,0,0,0,1,1,0,0,0,1,0,0,0,0,0,0,0,0,0,0,0,0,0,0,0,0,0,0,0,0,0,0,0,0,0,0
2782431,2025-11-23,3,Bora,Bashkimi,"A. Mekic,G. Singleton,G. Zeqiri,J. Zeqiri,T. Chese","I. Cousins,J. Baily,J. Palokaj,T. Bickerstaff,V. Bunjaku",1667,1748,81,2.46,2.93,2.0,50,61,50,63,0,2,3,0,1,0,0,0,1,1,0,0,0,1,1,2,1,0,0,0,0,0,2,1,0,0,0,0,0,0,0,0,0,0,0,0,0,0,0,0,0,0,0,0,0,0,0,0,0,0,0,0,0,0
2782431,2025-11-23,3,Bora,Bashkimi,"G. Singleton,J. Zeqiri,O. Kurtaj,S. Jules,T. Chese","I. Cousins,J. Baily,L. Zeqiri,T. Bickerstaff,V. Bunjaku",1748,1793,45,2.94,2.0,3.88,50,63,50,64,0,1,2,0,1,0,0,0,0,1,0,0,0,0,0,0,0,0,0,2,1,0,2,0,0,0,3,1,0,0,0,0,0,0,0,0,0,0,0,0,0,0,0,0,0,0,0,0,0,0,0,0,0,0
2782431,2025-11-23,3,Bora,Bashkimi,"G. Singleton,G. Zeqiri,O. Kurtaj,S. Jules,T. Chese","I. Cousins,J. Baily,L. Zeqiri,T. Bickerstaff,V. Bunjaku",1793,1800,7,0.55,1.0,0.1,50,64,50,64,0,0,1,0,1,0,0,0,0,0,0,0,0,0,0,0,0,0,0,0,0,0,0,0,0,0,0,0,0,0,0,0,0,0,0,0,0,0,0,0,0,0,0,0,0,0,0,0,0,0,0,0,0,0
2782431,2025-11-23,4,Bora,Bashkimi,"A. Hot,A. Mekic,O. Kurtaj,S. Jules,T. Jackson","I. Cousins,J. Baily,L. Zeqiri,T. Bickerstaff,V. Bunjaku",1800,1899,99,3.0,3.0,3.0,50,64,52,66,2,2,2,1,0,0,0,0,0,1,0,1,0,1,0,2,1,1,0,0,0,0,1,0,1,0,1,0,0,0,0,0,0,0,0,0,0,0,0,0,0,0,0,0,0,0,0,0,0,0,0,0,0,0
2782431,2025-11-23,4,Bora,Bashkimi,"A. Hot,O. Kurtaj,S. Jules,T. Chese,T. Jackson","I. Cousins,J. Baily,L. Zeqiri,T. Bickerstaff,V. Bunjaku",1899,1961,62,2.0,2.0,2.0,52,66,52,68,0,2,1,0,1,0,0,0,0,1,0,0,0,1,0,2,1,1,0,0,0,0,1,0,0,0,0,0,0,0,0,0,0,0,0,0,0,0,0,0,0,0,0,0,0,0,0,0,0,0,0,0,0,0
2782431,2025-11-23,4,Bora,Bashkimi,"A. Mekic,J. Zeqiri,O. Kurtaj,S. Jules,T. Chese","I. Cousins,J. Baily,L. Zeqiri,T. Bickerstaff,V. Bunjaku",1961,2005,44,2.22,2.44,2.0,52,68,56,68,4,0,2,2,0,0,1,0,0,0,1,2,0,0,0,0,0,0,0,0,0,0,1,0,0,0,2,1,0,0,0,0,0,0,0,0,0,0,0,0,0,0,0,0,0,0,0,0,0,0,0,0,0,0
2782431,2025-11-23,4,Bora,Bashkimi,"A. Mekic,J. Zeqiri,O. Kurtaj,S. Jules,T. Chese","D. Lake,I. Cousins,J. Palokaj,K. Anderson,L. Zeqiri",2005,2108,103,2.93,2.93,2.93,56,68,58,73,2,5,3,1,0,0,0,0,1,1,0,0,0,1,2,4,2,1,1,0,0,1,1,1,1,0,0,1,0,0,0,0,0,0,0,0,0,0,0,0,0,0,0,0,0,0,0,0,0,0,0,0,0,0
2782431,2025-11-23,4,Bora,Bashkimi,"A. Hot,J. Zeqiri,O. Kurtaj,S. Jules,T. Chese","D. Lake,I. Cousins,J. Palokaj,K. Anderson,L. Zeqiri",2108,2120,12,0.77,0.1,1.44,58,73,58,77,0,4,0,0,0,0,0,0,0,0,0,0,0,0,0,1,1,1,1,1,1,0,0,1,0,0,0,0,0,0,0,0,0,0,0,0,0,0,0,0,0,0,0,0,0,0,0,0,0,0,0,0,0,0
2782431,2025-11-23,4,Bora,Bashkimi,"A. Hot,A. Mekic,O. Kurtaj,S. Jules,T. Chese","D. Lake,I. Cousins,J. Palokaj,K. Anderson,L. Zeqiri",2120,2177,57,2.0,2.0,2.0,58,77,61,79,3,2,1,1,1,1,0,0,0,0,0,1,0,1,0,1,1,0,0,0,0,0,0,1,1,0,1,0,0,0,0,0,0,0,0,0,0,0,0,0,0,0,0,0,0,0,0,0,0,0,0,0,0,0
2782431,2025-11-23,4,Bora,Bashkimi,"A. Hot,A. Mekic,O. Kurtaj,T. Chese,T. Jackson","D. Lake,I. Cousins,J. Palokaj,K. Anderson,L. Zeqiri",2177,2218,41,2.0,2.0,2.0,61,79,61,79,0,0,2,0,1,0,0,0,0,0,0,0,0,0,1,0,0,0,0,0,0,0,2,0,0,0,2,1,0,0,0,0,0,0,0,0,0,0,0,0,0,0,0,0,0,0,0,0,0,0,0,0,0,0
2782431,2025-11-23,4,Bora,Bashkimi,"A. Hot,A. Mekic,G. Zeqiri,O. Kurtaj,T. Jackson","D. Lake,I. Cousins,K. Anderson,M. Janjeva,V. Bunjaku",2218,2281,63,1.4,1.0,1.81,61,79,64,82,3,3,1,1,1,1,0,0,0,0,1,0,0,0,2,2,1,1,0,2,1,1,0,1,0,0,0,0,0,0,0,0,0,0,0,0,0,0,0,0,0,0,0,0,0,0,0,0,0,0,0,0,0,0
2782431,2025-11-23,4,Bora,Bashkimi,"A. Hot,A. Mekic,O. Kurtaj,T. Jackson,Y. Pllana","D. Lake,J. Baily,M. Janjeva,T. Bickerstaff,V. Bunjaku",2281,2333,52,0.96,0.93,1.0,64,84,66,87,2,3,2,1,0,0,0,0,1,0,0,0,0,0,0,1,1,1,1,0,0,0,0,0,0,0,0,0,0,0,0,0,0,0,0,0,0,0,0,0,0,0,0,0,0,0,0,0,0,0,0,0,0,0
2782431,2025-11-23,4,Bora,Bashkimi,"A. Mekic,G. Zeqiri,O. Kurtaj,T. Jackson,Y. Pllana","D. Lake,J. Baily,M. Janjeva,T. Bickerstaff,V. Bunjaku",2333,2364,31,0.93,1.0,0.86,66,87,66,89,0,2,1,0,0,0,0,0,0,0,0,0,0,0,1,3,1,0,0,0,0,2,1,0,0,0,0,0,0,0,0,0,0,0,0,0,0,0,0,0,0,0,0,0,0,0,0,0,0,0,0,0,0,0
2782431,2025-11-23,4,Bora,Bashkimi,"A. Mekic,G. Zeqiri,R. Sylejmani,T. Jackson,Y. Pllana","D. Lake,J. Baily,M. Janjeva,T. Bickerstaff,V. Bunjaku",2364,2372,8,0.5,0.1,0.9,66,89,66,89,0,0,0,0,0,0,0,0,0,1,0,0,0,0,0,1,0,1,0,1,0,1,0,0,0,0,0,0,0,0,0,0,0,0,0,0,0,0,0,0,0,0,0,0,0,0,0,0,0,0,0,0,0,0
2782431,2025-11-23,4,Bora,Bashkimi,"A. Mekic,G. Zeqiri,J. Zeqiri,R. Sylejmani,T. Jackson","D. Lake,J. Baily,M. Janjeva,T. Bickerstaff,V. Bunjaku",2372,2381,9,0.55,1.0,0.1,66,89,68,89,2,0,1,1,0,0,0,0,0,0,0,0,0,0,0,0,0,0,0,0,0,0,0,0,0,0,0,1,0,0,0,0,0,0,0,0,0,0,0,0,0,0,0,0,0,0,0,0,0,0,0,0,0,0
2782428,2025-11-22,1,Rahoveci 029,Golden Eagle Ylli,"B. Rexha,F. Rugova,I. Umipig,J. Roche,K. Pullian","B. Huffman,E. Kastrati,G. Morina,L. Thomas,T. Allen",0,158,158,5.33,5.93,4.74,0,0,9,1,9,1,7,4,1,1,0,0,1,3,2,1,0,0,1,5,0,2,0,2,1,2,2,0,0,1,1,0,0,0,0,0,0,0,0,0,0,0,0,0,0,0,0,0,0,0,0,0,0,0,0,0,0,0
2782428,2025-11-22,1,Rahoveci 029,Golden Eagle Ylli,"B. Rexha,F. Rugova,I. Umipig,J. Roche,K. Pullian","E. Kastrati,G. Morina,L. Shoshi,L. Thomas,T. Allen",158,404,246,7.48,7.02,7.93,9,1,15,13,6,12,7,3,3,0,2,0,1,1,1,0,0,0,1,7,5,2,2,0,0,1,4,3,0,0,2,1,0,0,0,0,0,0,0,0,0,0,0,0,0,0,0,0,0,0,0,0,0,0,0,0,0,0
2782428,2025-11-22,1,Rahoveci 029,Golden Eagle Ylli,"F. Rugova,I. Umipig,J. Roche,K. Pullian,V. Ejupi","E. Kastrati,J. Reece,L. Shoshi,L. Thomas,T. Allen",404,494,90,3.0,3.0,3.0,15,13,15,17,0,4,2,0,1,0,0,0,0,1,0,0,0,1,0,3,2,0,0,0,0,0,2,1,1,0,0,1,0,0,0,0,0,0,0,0,0,0,0,0,0,0,0,0,0,0,0,0,0,0,0,0,0,0
2782428,2025-11-22,1,Rahoveci 029,Golden Eagle Ylli,"E. Peci,F. Rugova,I. Umipig,J. Roche,V. Ejupi","A. Scott,E. Kastrati,J. Reece,L. Shoshi,T. Allen",494,600,106,3.46,4.0,2.93,15,17,24,19,9,2,4,4,1,1,0,0,0,1,2,0,0,0,0,3,1,1,0,0,0,1,0,0,0,0,1,2,0,0,0,0,0,0,0,0,0,0,0,0,0,0,0,0,0,0,0,0,0,0,0,0,0,0
2782428,2025-11-22,2,Rahoveci 029,Golden Eagle Ylli,"E. Peci,F. Rugova,I. Umipig,J. Roche,V. Ejupi","A. Scott,A. Çallakaj,J. Reece,L. Shoshi,T. Allen",600,688,88,2.12,1.86,2.37,24,19,24,24,0,5,4,0,2,0,0,0,2,0,0,0,0,0,1,3,2,0,0,1,1,1,2,1,0,0,0,1,0,0,0,0,0,0,0,0,0,0,0,0,0,0,0,0,0,0,0,0,0,0,0,0,0,0
2782428,2025-11-22,2,Rahoveci 029,Golden Eagle Ylli,"F. Rugova,I. Umipig,J. Roche,K. Pullian,V. Ejupi","A. Scott,A. Çallakaj,J. Reece,L. Shoshi,L. Thomas",688,786,98,3.46,4.05,2.88,24,24,27,26,3,2,4,0,1,0,4,3,2,2,1,0,0,0,1,2,1,1,0,2,0,0,3,1,0,2,0,2,0,0,0,0,0,0,0,0,0,0,0,0,0,0,0,0,0,0,0,0,0,0,0,0,0,0
2782428,2025-11-22,2,Rahoveci 029,Golden Eagle Ylli,"F. Rugova,I. Umipig,K. Pullian,K. Ujkani,V. Ejupi","A. Çallakaj,J. Reece,L. Shoshi,L. Thomas,T. Allen",786,844,58,1.0,1.0,1.0,27,26,29,28,2,2,1,1,0,0,0,0,0,0,1,0,0,0,1,1,1,0,0,0,0,0,0,1,0,0,0,0,0,0,0,0,0,0,0,0,0,0,0,0,0,0,0,0,0,0,0,0,0,0,0,0,0,0
2782428,2025-11-22,2,Rahoveci 029,Golden Eagle Ylli,"F. Rugova,I. Umipig,K. Pullian,K. Ujkani,V. Ejupi","E. Kastrati,J. Reece,L. Shoshi,L. Thomas,T. Allen",844,878,34,1.44,1.0,1.88,29,28,29,32,0,4,1,0,0,0,0,0,0,0,0,0,0,0,2,1,1,0,0,2,2,0,1,1,0,0,0,0,0,0,0,0,0,0,0,0,0,0,0,0,0,0,0,0,0,0,0,0,0,0,0,0,0,0
2782428,2025-11-22,2,Rahoveci 029,Golden Eagle Ylli,"F. Rugova,I. Umipig,J. Roche,K. Pullian,V. Ejupi","E. Kastrati,J. Reece,L. Shoshi,L. Thomas,T. Allen",878,1056,178,5.12,4.81,5.44,29,32,33,43,4,11,5,1,3,0,2,2,1,0,1,0,0,0,0,5,5,0,0,1,1,0,3,3,0,1,0,2,0,0,0,0,0,0,0,0,0,0,0,0,0,0,0,0,0,0,0,0,0,0,0,0,0,0
2782428,2025-11-22,2,Rahoveci 029,Golden Eagle Ylli,"B. Rexha,H. Durguti,I. Umipig,J. Roche,V. Ejupi","B. Huffman,E. Kastrati,G. Morina,L. Thomas,T. Allen",1056,1200,144,5.38,5.0,5.76,34,43,41,49,7,6,5,3,3,1,0,0,0,2,2,0,0,0,2,4,1,1,0,4,4,0,2,0,0,0,0,0,0,0,0,0,0,0,0,0,0,0,0,0,0,0,0,0,0,0,0,0,0,0,0,0,0,0
2782428,2025-11-22,3,Rahoveci 029,Golden Eagle Ylli,"F. Rugova,H. Durguti,I. Umipig,J. Roche,K. Pullian","A. Scott,G. Morina,L. Shoshi,L. Thomas,T. Allen",1200,1463,263,6.57,5.93,7.21,41,49,53,52,12,3,7,5,3,2,0,0,1,3,5,1,0,0,2,6,1,3,0,2,1,3,1,0,0,0,3,1,0,0,0,0,0,0,0,0,0,0,0,0,0,0,0,0,0,0,0,0,0,0,0,0,0,0
2782428,2025-11-22,3,Rahoveci 029,Golden Eagle Ylli,"F. Rugova,H. Durguti,I. Umipig,K. Pullian,K. Ujkani","A. Scott,E. Kastrati,J. Reece,L. Shoshi,T. Allen",1463,1495,32,1.44,1.88,1.0,53,52,54,52,1,0,1,0,1,0,2,1,0,1,0,0,0,0,1,1,0,0,0,0,0,0,2,0,0,0,0,0,0,0,0,0,0,0,0,0,0,0,0,0,0,0,0,0,0,0,0,0,0,0,0,0,0,0
2782428,2025-11-22,3,Rahoveci 029,Golden Eagle Ylli,"F. Rugova,H. Durguti,I. Umipig,K. Pullian,K. Ujkani","A. Scott,E. Kastrati,G. Morina,J. Reece,T. Allen",1495,1608,113,2.87,2.81,2.93,54,52,57,55,3,3,3,1,0,0,2,1,1,1,1,1,0,0,0,3,1,2,1,0,0,1,1,1,0,0,1,1,0,0,0,0,0,0,0,0,0,0,0,0,0,0,0,0,0,0,0,0,0,0,0,0,0,0
2782428,2025-11-22,3,Rahoveci 029,Golden Eagle Ylli,"F. Rugova,H. Durguti,I. Umipig,K. Pullian,K. Ujkani","A. Scott,B. Huffman,E. Kastrati,G. Morina,T. Allen",1608,1663,55,1.44,1.0,1.88,57,55,60,59,3,4,1,1,1,1,0,0,0,0,1,0,0,0,1,1,1,0,0,2,2,0,0,2,0,0,0,1,0,0,0,0,0,0,0,0,0,0,0,0,0,0,0,0,0,0,0,0,0,0,0,0,0,0
2782428,2025-11-22,3,Rahoveci 029,Golden Eagle Ylli,"F. Rugova,H. Durguti,I. Umipig,K. Pullian,K. Ujkani","A. Scott,B. Huffman,E. Kastrati,G. Morina,L. Thomas",1663,1800,137,4.39,5.0,3.79,60,59,65,59,5,0,4,2,3,1,0,0,0,2,1,1,0,1,0,5,0,1,0,0,0,3,2,0,1,0,2,1,0,0,0,0,0,0,0,0,0,0,0,0,0,0,0,0,0,0,0,0,0,0,0,0,0,0
2782428,2025-11-22,4,Rahoveci 029,Golden Eagle Ylli,"F. Rugova,H. Durguti,I. Umipig,K. Pullian,K. Ujkani","E. Kastrati,J. Reece,L. Shoshi,L. Thomas,T. Allen",1800,1901,101,4.88,4.88,4.88,65,59,69,60,4,1,3,2,0,0,2,0,0,1,0,2,0,1,1,2,0,1,0,2,1,0,2,0,0,0,2,1,0,0,0,0,0,0,0,0,0,0,0,0,0,0,0,0,0,0,0,0,0,0,0,0,0,0
2782428,2025-11-22,4,Rahoveci 029,Golden Eagle Ylli,"F. Rugova,H. Durguti,I. Umipig,J. Roche,K. Ujkani","E. Kastrati,J. Reece,L. Shoshi,L. Thomas,T. Allen",1901,1952,51,1.5,1.0,2.0,69,60,69,63,0,3,1,0,1,0,0,0,0,1,0,0,0,0,0,2,1,1,1,0,0,0,1,1,0,0,0,1,0,0,0,0,0,0,0,0,0,0,0,0,0,0,0,0,0,0,0,0,0,0,0,0,0,0
2782428,2025-11-22,4,Rahoveci 029,Golden Eagle Ylli,"F. Rugova,I. Umipig,J. Roche,K. Pullian,K. Ujkani","A. Scott,E. Kastrati,J. Reece,L. Shoshi,T. Allen",1952,2143,191,5.36,5.93,4.79,69,63,78,66,9,3,6,4,3,1,0,0,1,3,2,1,1,1,2,7,1,4,1,0,0,3,1,1,0,0,1,0,0,0,0,0,0,0,0,0,0,0,0,0,0,0,0,0,0,0,0,0,0,0,0,0,0,0
2782428,2025-11-22,4,Rahoveci 029,Golden Eagle Ylli,"F. Rugova,I. Umipig,J. Roche,K. Pullian,K. Ujkani","A. Scott,A. Çallakaj,G. Morina,L. Shoshi,T. Allen",2143,2322,179,4.46,4.93,4.0,78,68,84,73,6,5,6,2,5,2,0,0,1,2,2,0,0,0,0,4,2,2,1,0,0,0,3,2,0,1,0,0,0,0,0,0,0,0,0,0,0,0,0,0,0,0,0,0,0,0,0,0,0,0,0,0,0,0
2782428,2025-11-22,4,Rahoveci 029,Golden Eagle Ylli,"F. Rugova,I. Umipig,J. Roche,K. Pullian,K. Ujkani","A. Çallakaj,G. Morina,L. Shoshi,L. Thomas,T. Allen",2322,2385,63,2.44,1.88,3.0,84,73,85,77,1,4,1,0,1,0,2,1,0,1,1,0,0,0,0,3,2,1,0,0,0,0,1,2,0,0,0,2,0,0,0,0,0,0,0,0,0,0,0,0,0,0,0,0,0,0,0,0,0,0,0,0,0,0
2782430,2025-11-23,1,Sigal Prishtina,Trepça,"A. Azemi,A. Bailey,D. Burns,D. Lekndreaj,K. Kramer","B. Tuna,C. Brown,J. Payne,M. Amzil,M. Tmusic",0,267,267,7.33,7.86,6.81,0,0,8,10,8,10,10,3,6,2,0,0,2,1,3,1,1,0,2,6,4,1,1,2,1,1,5,2,0,0,1,2,0,0,0,0,0,0,0,0,0,0,0,0,0,0,0,0,0,0,0,0,0,0,0,0,0,0
2782430,2025-11-23,1,Sigal Prishtina,Trepça,"A. Azemi,A. Bailey,D. Burns,D. Lekndreaj,K. Kramer","C. Brown,D. Hajrizi,J. Payne,M. Amzil,M. Tmusic",267,392,125,3.94,4.0,3.88,8,10,11,17,3,7,4,1,1,1,0,0,0,1,1,0,0,0,1,3,2,2,1,2,2,0,3,1,0,0,0,1,0,0,0,0,0,0,0,0,0,0,0,0,0,0,0,0,0,0,0,0,0,0,0,0,0,0
2782430,2025-11-23,1,Sigal Prishtina,Trepça,"A. Bailey,D. Burns,D. Lekndreaj,E. Williams Jr,V. Kakruki","A. Arslanagic,D. Hajrizi,D. Kapiti,J. Payne,M. Amzil",392,570,178,6.46,6.93,6.0,11,17,15,24,4,7,4,2,0,0,0,0,1,3,1,0,0,4,1,6,3,3,1,0,0,0,1,2,0,0,0,0,0,0,0,0,0,0,0,0,0,0,0,0,0,0,0,0,0,0,0,0,0,0,0,0,0,0
2782430,2025-11-23,1,Sigal Prishtina,Trepça,"A. Bailey,D. Burns,D. Lekndreaj,E. Williams Jr,V. Kakruki","A. Arslanagic,D. Hajrizi,D. Kapiti,J. Payne,M. Tmusic",570,599,29,1.0,1.0,1.0,15,24,15,24,0,0,0,0,0,0,0,0,0,1,0,0,0,1,0,1,0,0,0,0,0,0,0,0,0,0,0,0,0,0,0,0,0,0,0,0,0,0,0,0,0,0,0,0,0,0,0,0,0,0,0,0,0,0
2782430,2025-11-23,1,Sigal Prishtina,Trepça,"A. Bailey,D. Burns,D. Lekndreaj,E. Williams Jr,V. Kakruki","A. Arslanagic,D. Kapiti,J. Payne,M. Amzil,M. Tmusic",599,600,1,0.55,0.1,1.0,15,24,15,24,0,0,0,0,0,0,0,0,0,0,0,0,0,0,0,1,0,1,0,0,0,0,0,0,0,0,0,0,0,0,0,0,0,0,0,0,0,0,0,0,0,0,0,0,0,0,0,0,0,0,0,0,0,0
2782430,2025-11-23,2,Sigal Prishtina,Trepça,"A. Azemi,A. Bailey,D. Burns,E. Williams Jr,V. Kakruki","A. Arslanagic,C. Brown,D. Hajrizi,M. Amzil,M. Tmusic",600,723,123,3.5,3.0,4.0,15,24,17,31,2,7,3,1,2,0,0,0,0,1,0,0,0,0,1,4,3,2,1,0,0,0,2,2,0,0,0,1,0,0,0,0,0,0,0,0,0,0,0,0,0,0,0,0,0,0,0,0,0,0,0,0,0,0
2782430,2025-11-23,2,Sigal Prishtina,Trepça,"A. Azemi,A. Bailey,D. Burns,D. Haxhosaj,E. Williams Jr","A. Arslanagic,C. Brown,D. Hajrizi,M. Amzil,M. Tmusic",723,881,158,4.9,5.0,4.81,17,31,24,40,7,9,4,3,2,1,0,0,0,1,2,0,0,1,1,5,3,1,1,2,2,1,1,2,1,0,0,0,0,0,0,0,0,0,0,0,0,0,0,0,0,0,0,0,0,0,0,0,0,0,0,0,0,0
2782430,2025-11-23,2,Sigal Prishtina,Trepça,"A. Azemi,A. Bailey,D. Haxhosaj,D. Polloshka,E. Williams Jr","A. Arslanagic,C. Brown,D. Hajrizi,M. Amzil,M. Tmusic",881,930,49,0.96,1.0,0.93,24,40,24,42,0,2,0,0,0,0,0,0,0,0,0,0,0,1,0,2,1,0,0,0,0,1,0,0,0,0,0,1,0,0,0,0,0,0,0,0,0,0,0,0,0,0,0,0,0,0,0,0,0,0,0,0,0,0
2782430,2025-11-23,2,Sigal Prishtina,Trepça,"A. Azemi,A. Bailey,D. Polloshka,E. Williams Jr,K. Kramer","A. Arslanagic,C. Brown,D. Hajrizi,M. Amzil,M. Tmusic",930,953,23,0.94,0.88,1.0,24,42,26,42,2,0,0,0,0,0,2,2,0,1,0,0,0,0,0,1,0,1,0,0,0,0,0,0,0,0,0,0,0,0,0,0,0,0,0,0,0,0,0,0,0,0,0,0,0,0,0,0,0,0,0,0,0,0
2782430,2025-11-23,2,Sigal Prishtina,Trepça,"A. Azemi,A. Bailey,D. Polloshka,E. Williams Jr,K. Kramer","C. Brown,D. Hajrizi,J. Payne,M. Amzil,M. Tmusic",953,1022,69,1.5,2.0,1.0,26,42,26,44,0,2,2,0,1,0,0,0,0,0,0,0,0,0,1,1,1,0,0,0,0,0,2,1,0,0,0,0,0,0,0,0,0,0,0,0,0,0,0,0,0,0,0,0,0,0,0,0,0,0,0,0,0,0
2782430,2025-11-23,2,Sigal Prishtina,Trepça,"A. Azemi,A. Bailey,D. Burns,D. Polloshka,K. Kramer","C. Brown,D. Hajrizi,J. Payne,M. Amzil,M. Tmusic",1022,1082,60,1.94,1.88,2.0,26,44,27,46,1,2,1,0,0,0,2,1,0,0,1,1,0,0,1,1,1,0,0,0,0,0,2,0,0,0,1,1,0,0,0,0,0,0,0,0,0,0,0,0,0,0,0,0,0,0,0,0,0,0,0,0,0,0
2782430,2025-11-23,2,Sigal Prishtina,Trepça,"A. Azemi,A. Bailey,D. Burns,D. Lekndreaj,K. Kramer","C. Brown,D. Hajrizi,J. Payne,M. Amzil,M. Tmusic",1082,1161,79,1.96,2.0,1.93,27,46,30,46,3,0,2,1,1,1,0,0,0,0,1,0,0,0,0,1,0,0,0,0,0,1,1,0,0,0,2,0,0,0,0,0,0,0,0,0,0,0,0,0,0,0,0,0,0,0,0,0,0,0,0,0,0,0
2782430,2025-11-23,2,Sigal Prishtina,Trepça,"A. Azemi,A. Bailey,D. Burns,D. Lekndreaj,E. Williams Jr","C. Brown,D. Hajrizi,J. Payne,M. Amzil,M. Tmusic",1161,1200,39,1.46,1.0,1.93,30,46,32,48,2,2,1,1,0,0,0,0,0,1,1,0,0,0,0,3,1,0,0,0,0,1,0,1,0,0,0,0,0,0,0,0,0,0,0,0,0,0,0,0,0,0,0,0,0,0,0,0,0,0,0,0,0,0
2782430,2025-11-23,3,Sigal Prishtina,Trepça,"A. Azemi,A. Bailey,D. Burns,D. Lekndreaj,K. Kramer","B. Tuna,C. Brown,J. Payne,M. Amzil,M. Tmusic",1200,1322,122,4.22,4.0,4.44,32,48,34,53,2,5,2,1,0,0,0,0,0,2,0,0,0,2,2,4,2,1,0,1,1,0,1,1,0,0,0,0,0,0,0,0,0,0,0,0,0,0,0,0,0,0,0,0,0,0,0,0,0,0,0,0,0,0
2782430,2025-11-23,3,Sigal Prishtina,Trepça,"A. Azemi,A. Bailey,D. Burns,D. Lekndreaj,V. Kakruki","B. Tuna,C. Brown,J. Payne,M. Amzil,M. Tmusic",1322,1427,105,2.93,2.93,2.93,34,53,36,55,2,2,3,1,1,0,0,0,1,0,1,1,0,1,0,2,1,1,0,0,0,1,1,0,1,1,2,0,0,0,0,0,0,0,0,0,0,0,0,0,0,0,0,0,0,0,0,0,0,0,0,0,0,0
2782430,2025-11-23,3,Sigal Prishtina,Trepça,"A. Bailey,D. Burns,D. Lekndreaj,E. Williams Jr,V. Kakruki","B. Tuna,C. Brown,J. Payne,M. Amzil,M. Tmusic",1427,1487,60,1.0,1.0,1.0,36,55,39,55,3,0,1,1,1,1,0,0,0,0,0,0,0,0,0,0,0,0,0,0,0,0,0,0,0,0,1,1,0,0,0,0,0,0,0,0,0,0,0,0,0,0,0,0,0,0,0,0,0,0,0,0,0,0
2782430,2025-11-23,3,Sigal Prishtina,Trepça,"A. Bailey,D. Burns,D. Lekndreaj,E. Williams Jr,V. Kakruki","C. Brown,D. Hajrizi,J. Payne,M. Amzil,M. Tmusic",1487,1493,6,0.1,0.1,0.1,39,55,39,55,0,0,0,0,0,0,0,0,0,0,0,0,0,0,0,0,0,0,0,0,0,0,0,0,0,0,0,1,0,0,0,0,0,0,0,0,0,0,0,0,0,0,0,0,0,0,0,0,0,0,0,0,0,0
2782430,2025-11-23,3,Sigal Prishtina,Trepça,"A. Bailey,D. Burns,D. Haxhosaj,D. Lekndreaj,E. Williams Jr","C. Brown,D. Hajrizi,J. Payne,M. Amzil,M. Tmusic",1493,1584,91,3.94,4.88,3.0,39,55,44,58,5,3,1,1,1,1,2,2,0,2,0,0,0,3,1,3,1,2,1,0,0,0,0,1,0,0,0,0,0,0,0,0,0,0,0,0,0,0,0,0,0,0,0,0,0,0,0,0,0,0,0,0,0,0
2782430,2025-11-23,3,Sigal Prishtina,Trepça,"A. Bailey,D. Burns,D. Haxhosaj,D. Lekndreaj,E. Williams Jr","A. Arslanagic,D. Hajrizi,D. Kapiti,J. Payne,M. Amzil",1584,1639,55,2.72,2.44,3.0,44,58,49,58,5,0,2,2,0,0,1,1,0,1,1,0,0,0,1,1,0,1,0,0,0,0,0,0,0,0,2,2,0,0,0,0,0,0,0,0,0,0,0,0,0,0,0,0,0,0,0,0,0,0,0,0,0,0
2782430,2025-11-23,3,Sigal Prishtina,Trepça,"A. Bailey,D. Burns,D. Haxhosaj,D. Lekndreaj,E. Williams Jr","A. Arslanagic,D. Hajrizi,D. Kapiti,M. Amzil,M. Tmusic",1639,1678,39,1.44,1.0,1.88,49,58,49,59,0,1,0,0,0,0,0,0,0,0,0,0,0,1,0,0,0,0,0,2,1,0,0,0,0,0,1,0,0,0,0,0,0,0,0,0,0,0,0,0,0,0,0,0,0,0,0,0,0,0,0,0,0,0
2782430,2025-11-23,3,Sigal Prishtina,Trepça,"A. Bailey,D. Burns,D. Haxhosaj,D. Lekndreaj,E. Williams Jr","A. Arslanagic,C. Brown,D. Hajrizi,M. Amzil,M. Tmusic",1678,1729,51,0.93,1.0,0.86,49,59,49,61,0,2,1,0,1,0,0,0,0,0,0,0,1,0,0,3,1,0,0,0,0,2,1,0,0,0,0,0,0,0,0,0,0,0,0,0,0,0,0,0,0,0,0,0,0,0,0,0,0,0,0,0,0,0
2782430,2025-11-23,3,Sigal Prishtina,Trepça,"A. Bailey,D. Burns,D. Haxhosaj,D. Lekndreaj,E. Williams Jr","A. Arslanagic,C. Brown,D. Hajrizi,J. Payne,M. Tmusic",1729,1879,150,4.85,4.32,5.37,49,61,54,62,5,1,7,2,2,1,0,0,2,2,1,2,1,0,0,3,0,1,0,1,1,1,2,0,0,0,3,2,0,0,0,0,0,0,0,0,0,0,0,0,0,0,0,0,0,0,0,0,0,0,0,0,0,0
2782430,2025-11-23,4,Sigal Prishtina,Trepça,"A. Bailey,D. Burns,D. Haxhosaj,D. Lekndreaj,E. Williams Jr","A. Arslanagic,C. Brown,D. Hajrizi,M. Amzil,M. Tmusic",1879,1899,20,0.72,1.34,0.1,54,62,54,62,0,0,1,0,1,0,2,0,1,0,0,0,0,0,0,0,0,0,0,0,0,0,1,0,0,0,0,1,0,0,0,0,0,0,0,0,0,0,0,0,0,0,0,0,0,0,0,0,0,0,0,0,0,0
2782430,2025-11-23,4,Sigal Prishtina,Trepça,"A. Bailey,D. Burns,D. Haxhosaj,D. Lekndreaj,E. Williams Jr","A. Arslanagic,B. Tuna,C. Brown,M. Amzil,M. Tmusic",1899,2059,160,4.8,3.88,5.71,54,62,61,67,7,5,3,2,1,1,2,2,0,2,1,0,0,0,3,5,2,2,0,3,1,2,1,0,0,1,1,3,0,0,0,0,0,0,0,0,0,0,0,0,0,0,0,0,0,0,0,0,0,0,0,0,0,0
2782430,2025-11-23,4,Sigal Prishtina,Trepça,"A. Bailey,D. Burns,D. Haxhosaj,D. Lekndreaj,E. Williams Jr","A. Arslanagic,B. Tuna,C. Brown,D. Hajrizi,M. Amzil",2059,2086,27,1.84,1.76,1.93,61,67,65,69,4,2,0,0,0,0,4,4,0,0,0,0,0,0,0,2,1,1,0,0,0,1,0,0,0,0,1,1,0,0,0,0,0,0,0,0,0,0,0,0,0,0,0,0,0,0,0,0,0,0,0,0,0,0
2782430,2025-11-23,4,Sigal Prishtina,Trepça,"A. Bailey,D. Burns,D. Haxhosaj,D. Lekndreaj,E. Williams Jr","A. Arslanagic,C. Brown,D. Hajrizi,M. Amzil,M. Tmusic",2086,2188,102,2.94,3.0,2.88,65,69,67,70,2,1,3,1,2,0,0,0,0,1,0,0,0,0,1,1,0,1,0,2,1,0,2,0,0,0,1,0,0,0,0,0,0,0,0,0,0,0,0,0,0,0,0,0,0,0,0,0,0,0,0,0,0,0
2782430,2025-11-23,4,Sigal Prishtina,Trepça,"A. Bailey,D. Burns,D. Haxhosaj,D. Lekndreaj,E. Williams Jr","C. Brown,D. Hajrizi,J. Payne,M. Amzil,M. Tmusic",2188,2400,212,8.88,8.67,9.08,67,70,75,80,8,10,10,3,5,0,2,2,3,0,1,2,0,1,3,2,2,1,1,7,5,0,4,0,0,0,4,2,0,0,0,0,0,0,0,0,0,0,0,0,0,0,0,0,0,0,0,0,0,0,0,0,0,0
2782429,2025-11-22,1,GO+Peja,Vëllaznimi,"D. Berisha,J. Johnson,M. Mala,S. Flatten,T. Green","A. Koshi,J. Hellems,M. Warrick,R. Dahsyla,Y. Anei",0,248,248,9.31,9.69,8.93,0,0,14,6,14,6,6,4,4,3,4,3,1,4,3,1,0,3,2,8,3,2,0,0,0,1,1,2,2,0,2,3,0,0,0,0,0,0,0,0,0,0,0,0,0,0,0,0,0,0,0,0,0,0,0,0,0,0
2782429,2025-11-22,1,GO+Peja,Vëllaznimi,"D. Berisha,J. Johnson,M. Mala,S. Flatten,T. Green","A. Koshi,J. Hellems,M. Warrick,R. Dahsyla,Z. Reid",248,355,107,1.9,2.0,1.81,14,6,17,9,3,3,1,1,1,1,0,0,0,0,1,0,0,1,2,2,1,1,0,2,1,1,0,2,0,0,0,1,0,0,0,0,0,0,0,0,0,0,0,0,0,0,0,0,0,0,0,0,0,0,0,0,0,0
2782429,2025-11-22,1,GO+Peja,Vëllaznimi,"A. Hajdari,D. Morris,M. Mala,S. Flatten,T. Green","A. Koshi,J. Hellems,J. Ismajli,L. Colimerio,Z. Reid",355,388,33,0.55,1.0,0.1,17,10,17,10,0,0,0,0,0,0,0,0,0,0,0,0,0,1,1,0,0,0,0,0,0,0,0,0,1,0,0,0,0,0,0,0,0,0,0,0,0,0,0,0,0,0,0,0,0,0,0,0,0,0,0,0,0,0
2782429,2025-11-22,1,GO+Peja,Vëllaznimi,"A. Hajdari,C. Edwards,D. Morris,M. Mala,S. Flatten","A. Koshi,J. Hellems,J. Ismajli,L. Colimerio,Z. Reid",388,491,103,3.84,2.81,4.88,17,10,24,14,7,4,3,2,1,1,2,2,1,1,1,0,1,0,0,2,1,0,0,2,2,0,0,0,0,0,2,3,0,0,0,0,0,0,0,0,0,0,0,0,0,0,0,0,0,0,0,0,0,0,0,0,0,0
2782429,2025-11-22,1,GO+Peja,Vëllaznimi,"A. Hajdari,C. Edwards,D. Morris,M. Mala,S. Flatten","J. Ismajli,L. Colimerio,M. Warrick,R. Dahsyla,Z. Reid",491,600,109,3.31,3.88,2.74,24,14,26,15,2,1,3,0,2,0,2,2,0,2,0,0,0,0,1,4,0,2,0,2,1,2,2,0,0,0,0,0,0,0,0,0,0,0,0,0,0,0,0,0,0,0,0,0,0,0,0,0,0,0,0,0,0,0
2782429,2025-11-22,2,GO+Peja,Vëllaznimi,"A. Hajdari,C. Edwards,D. Morris,M. Armstead,T. Green","J. Ismajli,L. Colimerio,M. Warrick,R. Dahsyla,Z. Reid",600,720,120,3.46,3.93,3.0,26,15,30,19,4,4,4,2,1,0,0,0,1,1,0,0,0,1,3,3,2,0,0,0,0,0,1,0,1,0,0,1,0,0,0,0,0,0,0,0,0,0,0,0,0,0,0,0,0,0,0,0,0,0,0,0,0,0
2782429,2025-11-22,2,GO+Peja,Vëllaznimi,"A. Hajdari,C. Edwards,D. Morris,M. Armstead,T. Green","J. Ismajli,M. Warrick,R. Dahsyla,Y. Anei,Z. Reid",720,722,2,0.27,0.44,0.1,30,19,30,19,0,0,0,0,0,0,1,0,0,0,1,0,0,0,1,0,0,0,0,0,0,0,1,0,0,0,0,0,0,0,0,0,0,0,0,0,0,0,0,0,0,0,0,0,0,0,0,0,0,0,0,0,0,0
2782429,2025-11-22,2,GO+Peja,Vëllaznimi,"A. Hajdari,C. Edwards,M. Armstead,S. Flatten,T. Green","J. Ismajli,M. Warrick,R. Dahsyla,Y. Anei,Z. Reid",722,873,151,3.93,4.0,3.86,30,19,38,26,8,7,4,3,3,2,0,0,0,0,3,0,0,0,1,5,3,1,1,0,0,2,1,1,0,0,1,0,0,0,0,0,0,0,0,0,0,0,0,0,0,0,0,0,0,0,0,0,0,0,0,0,0,0
2782429,2025-11-22,2,GO+Peja,Vëllaznimi,"C. Edwards,D. Berisha,M. Armstead,S. Flatten,T. Green","A. Koshi,J. Hellems,J. Ismajli,M. Warrick,Y. Anei",873,896,23,1.4,1.0,1.81,38,26,38,28,0,2,0,0,0,0,0,0,0,0,0,0,0,1,0,1,0,0,0,2,2,1,0,1,1,0,1,0,0,0,0,0,0,0,0,0,0,0,0,0,0,0,0,0,0,0,0,0,0,0,0,0,0,0
2782429,2025-11-22,2,GO+Peja,Vëllaznimi,"D. Berisha,J. Johnson,M. Armstead,S. Flatten,T. Green","A. Koshi,J. Hellems,J. Ismajli,M. Warrick,Y. Anei",896,932,36,0.94,1.0,0.88,38,28,40,30,2,2,1,1,0,0,0,0,0,0,0,0,0,0,1,0,0,0,0,2,2,0,0,0,0,0,0,0,0,0,0,0,0,0,0,0,0,0,0,0,0,0,0,0,0,0,0,0,0,0,0,0,0,0
2782429,2025-11-22,2,GO+Peja,Vëllaznimi,"D. Berisha,J. Johnson,M. Armstead,S. Flatten,T. Green","A. Bedra,A. Koshi,J. Hellems,M. Warrick,Y. Anei",932,977,45,0.94,0.88,1.0,40,30,41,30,1,0,0,0,0,0,2,1,0,0,1,0,0,0,0,0,0,0,0,0,0,0,0,0,0,0,1,3,0,0,0,0,0,0,0,0,0,0,0,0,0,0,0,0,0,0,0,0,0,0,0,0,0,0
2782429,2025-11-22,2,GO+Peja,Vëllaznimi,"D. Berisha,J. Johnson,M. Armstead,S. Flatten,T. Green","A. Koshi,J. Hellems,M. Warrick,R. Dahsyla,Z. Reid",977,1135,158,5.9,6.81,5.0,41,30,47,33,6,3,5,2,3,0,2,2,1,4,0,0,0,2,2,5,1,4,1,0,0,0,2,1,0,0,0,1,0,0,0,0,0,0,0,0,0,0,0,0,0,0,0,0,0,0,0,0,0,0,0,0,0,0
2782429,2025-11-22,2,GO+Peja,Vëllaznimi,"D. Berisha,M. Armstead,M. Mala,S. Flatten,T. Green","A. Koshi,L. Colimerio,M. Warrick,R. Dahsyla,Z. Reid",1135,1200,65,3.0,3.0,3.0,47,34,49,36,2,2,2,1,1,0,0,0,0,1,1,1,1,1,0,2,1,0,0,0,0,0,0,0,0,0,1,0,0,0,0,0,0,0,0,0,0,0,0,0,0,0,0,0,0,0,0,0,0,0,0,0,0,0
2782429,2025-11-22,3,GO+Peja,Vëllaznimi,"D. Berisha,J. Johnson,M. Mala,S. Flatten,T. Green","A. Koshi,J. Hellems,M. Warrick,R. Dahsyla,Z. Reid",1200,1379,179,4.96,4.93,5.0,49,36,56,38,7,2,6,3,2,1,0,0,1,3,1,1,0,0,2,4,1,2,0,0,0,0,2,1,0,0,1,2,0,0,0,0,0,0,0,0,0,0,0,0,0,0,0,0,0,0,0,0,0,0,0,0,0,0
2782429,2025-11-22,3,GO+Peja,Vëllaznimi,"C. Edwards,D. Berisha,J. Johnson,M. Mala,S. Flatten","A. Koshi,J. Hellems,J. Ismajli,M. Warrick,Z. Reid",1379,1460,81,3.5,3.0,4.0,56,38,58,45,2,7,2,1,0,0,0,0,0,1,1,0,0,1,0,4,3,2,1,0,0,0,1,0,1,0,0,0,0,0,0,0,0,0,0,0,0,0,0,0,0,0,0,0,0,0,0,0,0,0,0,0,0,0
2782429,2025-11-22,3,GO+Peja,Vëllaznimi,"C. Edwards,D. Berisha,J. Johnson,M. Mala,S. Flatten","A. Koshi,J. Ismajli,M. Warrick,Y. Anei,Z. Reid",1460,1673,213,5.39,5.93,4.86,58,45,65,53,7,8,7,3,4,1,0,0,1,1,2,0,1,0,3,7,4,2,0,0,0,2,3,1,0,0,0,1,0,0,0,0,0,0,0,0,0,0,0,0,0,0,0,0,0,0,0,0,0,0,0,0,0,0
2782429,2025-11-22,3,GO+Peja,Vëllaznimi,"A. Hajdari,C. Edwards,D. Morris,M. Armstead,S. Flatten","A. Koshi,J. Hellems,M. Warrick,R. Dahsyla,Y. Anei",1673,1703,30,1.94,2.0,1.88,65,53,65,54,0,1,1,0,1,0,0,0,0,2,0,0,0,1,0,1,0,0,0,2,1,0,1,1,0,0,0,1,0,0,0,0,0,0,0,0,0,0,0,0,0,0,0,0,0,0,0,0,0,0,0,0,0,0
2782429,2025-11-22,3,GO+Peja,Vëllaznimi,"A. Hajdari,C. Edwards,D. Morris,M. Armstead,S. Flatten","A. Koshi,J. Hellems,L. Colimerio,M. Warrick,R. Dahsyla",1703,1800,97,2.59,1.74,3.44,65,54,70,59,5,5,3,1,3,1,2,2,1,1,1,0,0,0,1,3,2,1,0,1,1,0,0,0,0,0,0,1,0,0,0,0,0,0,0,0,0,0,0,0,0,0,0,0,0,0,0,0,0,0,0,0,0,0
2782429,2025-11-22,4,GO+Peja,Vëllaznimi,"A. Hajdari,C. Edwards,D. Morris,M. Armstead,T. Green","A. Koshi,J. Hellems,L. Colimerio,R. Dahsyla,Z. Reid",1800,1890,90,2.89,2.86,2.93,70,59,72,63,2,4,3,1,1,0,0,0,2,0,0,0,0,2,0,3,2,0,0,0,0,1,0,0,1,0,1,0,0,0,0,0,0,0,0,0,0,0,0,0,0,0,0,0,0,0,0,0,0,0,0,0,0,0
2782429,2025-11-22,4,GO+Peja,Vëllaznimi,"C. Edwards,J. Johnson,M. Armstead,M. Mala,T. Green","A. Koshi,J. Hellems,L. Colimerio,R. Dahsyla,Z. Reid",1890,1932,42,1.0,1.0,1.0,72,63,72,63,0,0,0,0,0,0,0,0,0,0,0,0,0,1,0,0,0,0,0,0,0,0,0,0,0,0,1,1,0,0,0,0,0,0,0,0,0,0,0,0,0,0,0,0,0,0,0,0,0,0,0,0,0,0
2782429,2025-11-22,4,GO+Peja,Vëllaznimi,"J. Johnson,M. Armstead,M. Mala,S. Flatten,T. Green","A. Koshi,J. Hellems,L. Colimerio,R. Dahsyla,Z. Reid",1932,2061,129,3.39,3.93,2.86,72,63,77,65,5,2,4,2,1,1,0,0,1,2,1,0,0,1,0,5,1,2,0,0,0,2,1,0,1,1,0,0,0,0,0,0,0,0,0,0,0,0,0,0,0,0,0,0,0,0,0,0,0,0,0,0,0,0
2782429,2025-11-22,4,GO+Peja,Vëllaznimi,"J. Johnson,M. Armstead,M. Mala,S. Flatten,T. Green","J. Hellems,J. Ismajli,M. Warrick,R. Dahsyla,Z. Reid",2061,2270,209,4.32,4.0,4.65,77,65,82,72,5,7,4,2,2,1,0,0,0,2,2,0,0,0,2,10,3,4,1,0,0,5,2,0,0,0,0,1,0,0,0,0,0,0,0,0,0,0,0,0,0,0,0,0,0,0,0,0,0,0,0,0,0,0
2782429,2025-11-22,4,GO+Peja,Vëllaznimi,"J. Johnson,M. Armstead,M. Mala,S. Flatten,T. Green","A. Koshi,J. Hellems,M. Warrick,R. Dahsyla,Z. Reid",2270,2278,8,0.1,0.1,0.1,82,72,82,72,0,0,0,0,0,0,0,0,0,0,0,0,0,0,0,0,0,0,0,0,0,0,0,0,0,0,0,1,0,0,0,0,0,0,0,0,0,0,0,0,0,0,0,0,0,0,0,0,0,0,0,0,0,0
2782429,2025-11-22,4,GO+Peja,Vëllaznimi,"D. Berisha,J. Johnson,M. Armstead,S. Flatten,T. Green","A. Koshi,J. Hellems,M. Warrick,R. Dahsyla,Z. Reid",2278,2391,113,3.36,3.72,3.0,82,72,86,75,4,3,4,1,1,0,3,2,2,2,0,0,0,0,1,3,1,2,1,0,0,0,2,0,0,0,0,2,0,0,0,0,0,0,0,0,0,0,0,0,0,0,0,0,0,0,0,0,0,0,0,0,0,0
2787580,2025-12-04,1,Bashkimi,Vëllaznimi,"D. Lake,I. Cousins,K. Anderson,L. Zeqiri,M. Ismaili","J. Hellems,M. Warrick,R. Dahsyla,S. Zekiqi,Y. Anei",0,272,272,9.46,9.93,9.0,0,0,3,4,3,4,9,1,3,0,2,1,1,5,0,0,1,1,4,7,2,3,0,0,0,0,8,0,1,2,2,1,0,0,0,0,0,0,0,0,0,0,0,0,0,0,0,0,0,0,0,0,0,0,0,0,0,0
2787580,2025-12-04,1,Bashkimi,Vëllaznimi,"D. Lake,I. Cousins,K. Anderson,M. Ismaili,M. Janjeva","J. Hellems,M. Warrick,R. Dahsyla,S. Zekiqi,Y. Anei",272,338,66,2.46,2.0,2.93,3,4,3,8,0,4,2,0,2,0,0,0,0,1,0,0,0,0,0,4,2,0,0,0,0,1,2,0,0,0,0,0,0,0,0,0,0,0,0,0,0,0,0,0,0,0,0,0,0,0,0,0,0,0,0,0,0,0
2787580,2025-12-04,1,Bashkimi,Vëllaznimi,"I. Cousins,J. Baily,M. Janjeva,T. Bickerstaff,V. Bunjaku","A. Koshi,J. Hellems,M. Warrick,R. Dahsyla,Y. Anei",338,472,134,4.44,5.0,3.88,3,8,9,9,6,1,4,3,1,0,0,0,0,3,3,1,0,1,2,2,0,1,0,2,1,0,1,0,1,0,1,2,0,0,0,0,0,0,0,0,0,0,0,0,0,0,0,0,0,0,0,0,0,0,0,0,0,0
2787580,2025-12-04,1,Bashkimi,Vëllaznimi,"J. Baily,K. Anderson,M. Janjeva,T. Bickerstaff,V. Bunjaku","A. Koshi,J. Hellems,M. Warrick,R. Dahsyla,Y. Anei",472,491,19,1.38,1.0,1.76,9,9,9,13,0,4,1,0,0,0,0,0,0,0,0,0,0,0,1,0,0,0,0,4,4,0,1,0,0,1,0,0,0,0,0,0,0,0,0,0,0,0,0,0,0,0,0,0,0,0,0,0,0,0,0,0,0,0
2787580,2025-12-04,1,Bashkimi,Vëllaznimi,"J. Baily,K. Anderson,L. Zeqiri,T. Bickerstaff,V. Bunjaku","A. Koshi,M. Warrick,R. Dahsyla,Y. Anei,Z. Reid",491,499,8,0.1,0.1,0.1,9,13,9,13,0,0,0,0,0,0,0,0,0,0,0,0,0,0,0,0,0,0,0,0,0,0,0,0,0,0,0,1,0,0,0,0,0,0,0,0,0,0,0,0,0,0,0,0,0,0,0,0,0,0,0,0,0,0
2787580,2025-12-04,1,Bashkimi,Vëllaznimi,"J. Baily,K. Anderson,L. Zeqiri,T. Bickerstaff,V. Bunjaku","A. Koshi,J. Ismajli,M. Warrick,Y. Anei,Z. Reid",499,551,52,2.0,2.0,2.0,9,13,12,13,3,0,2,1,1,1,0,0,0,2,1,0,0,0,0,2,0,0,0,0,0,0,1,0,0,1,0,1,0,0,0,0,0,0,0,0,0,0,0,0,0,0,0,0,0,0,0,0,0,0,0,0,0,0
2787580,2025-12-04,1,Bashkimi,Vëllaznimi,"J. Baily,K. Anderson,L. Zeqiri,T. Bickerstaff,V. Bunjaku","A. Koshi,J. Ismajli,L. Colimerio,M. Warrick,Z. Reid",551,566,15,0.49,0.88,0.1,12,13,13,13,1,0,0,0,0,0,2,1,0,0,0,0,0,0,1,0,0,0,0,0,0,0,0,0,0,0,0,0,0,0,0,0,0,0,0,0,0,0,0,0,0,0,0,0,0,0,0,0,0,0,0,0,0,0
2787580,2025-12-04,1,Bashkimi,Vëllaznimi,"I. Cousins,K. Anderson,L. Zeqiri,T. Bickerstaff,V. Bunjaku","A. Koshi,J. Hellems,J. Ismajli,L. Colimerio,Z. Reid",566,649,83,2.5,3.0,2.0,13,15,15,17,2,2,2,1,0,0,0,0,0,1,0,0,0,1,1,2,1,0,0,0,0,0,1,0,1,0,0,0,0,0,0,0,0,0,0,0,0,0,0,0,0,0,0,0,0,0,0,0,0,0,0,0,0,0
2787580,2025-12-04,2,Bashkimi,Vëllaznimi,"D. Lake,I. Cousins,K. Anderson,L. Zeqiri,V. Bunjaku","A. Koshi,J. Hellems,J. Ismajli,L. Colimerio,Z. Reid",649,732,83,2.4,2.0,2.81,15,17,15,24,0,7,0,0,0,0,0,0,0,0,0,0,0,2,1,3,2,2,1,2,2,1,0,2,1,0,0,2,0,0,0,0,0,0,0,0,0,0,0,0,0,0,0,0,0,0,0,0,0,0,0,0,0,0
2787580,2025-12-04,2,Bashkimi,Vëllaznimi,"D. Lake,J. Baily,K. Anderson,L. Zeqiri,M. Ismaili","A. Koshi,J. Hellems,J. Ismajli,L. Colimerio,Z. Reid",732,775,43,0.94,0.88,1.0,15,24,16,24,1,0,0,0,0,0,2,1,0,1,1,0,0,0,0,1,0,1,0,0,0,0,0,0,0,0,0,2,0,0,0,0,0,0,0,0,0,0,0,0,0,0,0,0,0,0,0,0,0,0,0,0,0,0
2787580,2025-12-04,2,Bashkimi,Vëllaznimi,"D. Lake,J. Baily,K. Anderson,L. Zeqiri,M. Ismaili","A. Koshi,J. Hellems,L. Colimerio,R. Dahsyla,Z. Reid",775,810,35,1.22,1.0,1.44,16,24,16,26,0,2,1,0,1,0,0,0,0,0,0,0,0,0,2,1,1,0,0,1,0,1,1,1,0,0,0,0,0,0,0,0,0,0,0,0,0,0,0,0,0,0,0,0,0,0,0,0,0,0,0,0,0,0
2787580,2025-12-04,2,Bashkimi,Vëllaznimi,"D. Lake,I. Cousins,K. Anderson,L. Zeqiri,M. Ismaili","A. Koshi,J. Hellems,L. Colimerio,R. Dahsyla,Z. Reid",810,840,30,0.96,1.0,0.93,16,26,16,26,0,0,0,0,0,0,0,0,0,0,0,0,0,1,0,1,0,1,0,0,0,1,0,0,0,0,1,0,0,0,0,0,0,0,0,0,0,0,0,0,0,0,0,0,0,0,0,0,0,0,0,0,0,0
2787580,2025-12-04,2,Bashkimi,Vëllaznimi,"D. Lake,I. Cousins,K. Anderson,L. Zeqiri,M. Ismaili","A. Koshi,M. Warrick,R. Dahsyla,Y. Anei,Z. Reid",840,959,119,4.0,4.0,4.0,16,26,22,28,6,2,4,3,0,0,0,0,0,3,3,0,0,0,0,4,1,2,0,0,0,0,1,1,0,1,0,0,0,0,0,0,0,0,0,0,0,0,0,0,0,0,0,0,0,0,0,0,0,0,0,0,0,0
2787580,2025-12-04,2,Bashkimi,Vëllaznimi,"I. Cousins,K. Anderson,L. Zeqiri,M. Ismaili,T. Bickerstaff","J. Hellems,M. Warrick,R. Dahsyla,S. Zekiqi,Z. Reid",959,1015,56,2.4,1.93,2.88,22,28,24,30,2,2,2,1,0,0,0,0,1,2,0,0,1,1,1,2,0,1,0,2,2,0,0,0,0,0,0,0,0,0,0,0,0,0,0,0,0,0,0,0,0,0,0,0,0,0,0,0,0,0,0,0,0,0
2787580,2025-12-04,2,Bashkimi,Vëllaznimi,"I. Cousins,K. Anderson,L. Zeqiri,T. Bickerstaff,V. Bunjaku","J. Hellems,M. Warrick,R. Dahsyla,S. Zekiqi,Z. Reid",1015,1120,105,2.94,2.88,3.0,24,30,28,35,4,5,2,1,1,0,2,2,0,0,1,0,0,0,0,2,2,1,1,0,0,0,1,1,0,0,1,2,0,0,0,0,0,0,0,0,0,0,0,0,0,0,0,0,0,0,0,0,0,0,0,0,0,0
2787580,2025-12-04,2,Bashkimi,Vëllaznimi,"I. Cousins,K. Anderson,M. Janjeva,T. Bickerstaff,V. Bunjaku","J. Hellems,M. Warrick,R. Dahsyla,S. Zekiqi,Z. Reid",1120,1200,80,4.52,4.88,4.17,28,35,31,41,3,6,4,1,1,0,2,1,0,2,0,0,1,0,1,4,2,2,1,2,1,1,3,1,0,0,0,0,0,0,0,0,0,0,0,0,0,0,0,0,0,0,0,0,0,0,0,0,0,0,0,0,0,0
2787580,2025-12-04,3,Bashkimi,Vëllaznimi,"D. Lake,J. Baily,K. Anderson,L. Zeqiri,V. Bunjaku","J. Hellems,M. Warrick,R. Dahsyla,S. Zekiqi,Z. Reid",1200,1321,121,2.45,3.17,1.74,31,41,33,46,2,5,3,1,1,0,2,0,1,0,1,0,0,0,2,3,1,3,1,2,2,2,2,2,0,0,0,1,0,0,0,0,0,0,0,0,0,0,0,0,0,0,0,0,0,0,0,0,0,0,0,0,0,0
2787580,2025-12-04,3,Bashkimi,Vëllaznimi,"D. Lake,I. Cousins,K. Anderson,L. Zeqiri,V. Bunjaku","J. Hellems,M. Warrick,R. Dahsyla,S. Zekiqi,Z. Reid",1321,1431,110,4.0,4.0,4.0,33,46,39,46,6,0,3,2,3,2,0,0,0,4,2,0,0,1,1,4,0,3,0,0,0,0,1,0,0,0,0,0,0,0,0,0,0,0,0,0,0,0,0,0,0,0,0,0,0,0,0,0,0,0,0,0,0,0
2787580,2025-12-04,3,Bashkimi,Vëllaznimi,"D. Lake,I. Cousins,K. Anderson,L. Zeqiri,V. Bunjaku","A. Koshi,J. Hellems,L. Colimerio,M. Warrick,R. Dahsyla",1431,1487,56,1.9,1.93,1.88,39,46,42,48,3,2,2,1,1,1,0,0,1,0,0,0,0,1,0,0,0,0,0,2,2,0,0,0,0,0,1,1,0,0,0,0,0,0,0,0,0,0,0,0,0,0,0,0,0,0,0,0,0,0,0,0,0,0
2787580,2025-12-04,3,Bashkimi,Vëllaznimi,"D. Lake,I. Cousins,K. Anderson,L. Zeqiri,V. Bunjaku","A. Koshi,J. Hellems,J. Ismajli,L. Colimerio,M. Warrick",1487,1572,85,3.68,3.44,3.93,42,48,50,50,8,2,3,3,1,1,1,1,0,0,0,2,0,0,0,2,1,0,0,0,0,1,0,1,0,0,3,2,0,0,0,0,0,0,0,0,0,0,0,0,0,0,0,0,0,0,0,0,0,0,0,0,0,0
2787580,2025-12-04,3,Bashkimi,Vëllaznimi,"D. Lake,I. Cousins,K. Anderson,L. Zeqiri,V. Bunjaku","A. Koshi,J. Ismajli,L. Colimerio,M. Warrick,Z. Reid",1572,1675,103,3.0,3.0,3.0,50,50,52,54,2,4,3,1,2,0,0,0,0,1,0,0,0,0,0,3,2,1,0,0,0,0,2,1,0,0,0,0,0,0,0,0,0,0,0,0,0,0,0,0,0,0,0,0,0,0,0,0,0,0,0,0,0,0
2787580,2025-12-04,3,Bashkimi,Vëllaznimi,"I. Cousins,J. Baily,L. Zeqiri,T. Bickerstaff,V. Bunjaku","A. Koshi,J. Ismajli,L. Colimerio,M. Warrick,Z. Reid",1675,1698,23,0.55,1.0,0.1,52,54,52,54,0,0,1,0,0,0,0,0,0,0,0,0,0,0,0,0,0,0,0,0,0,0,1,0,0,0,0,0,0,0,0,0,0,0,0,0,0,0,0,0,0,0,0,0,0,0,0,0,0,0,0,0,0,0
2787580,2025-12-04,3,Bashkimi,Vëllaznimi,"I. Cousins,J. Baily,L. Zeqiri,T. Bickerstaff,V. Bunjaku","A. Koshi,J. Hellems,J. Ismajli,L. Colimerio,Z. Reid",1698,1724,26,0.55,0.1,1.0,52,54,52,56,0,2,0,0,0,0,0,0,0,0,0,0,0,0,0,1,1,0,0,0,0,0,0,0,0,0,0,1,0,0,0,0,0,0,0,0,0,0,0,0,0,0,0,0,0,0,0,0,0,0,0,0,0,0
2787580,2025-12-04,3,Bashkimi,Vëllaznimi,"I. Cousins,J. Baily,M. Janjeva,T. Bickerstaff,V. Bunjaku","A. Koshi,J. Hellems,J. Ismajli,L. Colimerio,Z. Reid",1724,1757,33,1.44,1.88,1.0,52,56,53,56,1,0,0,0,0,0,2,1,0,1,0,0,0,1,1,1,0,0,0,0,0,0,1,0,1,0,0,0,0,0,0,0,0,0,0,0,0,0,0,0,0,0,0,0,0,0,0,0,0,0,0,0,0,0
2787580,2025-12-04,3,Bashkimi,Vëllaznimi,"I. Cousins,J. Baily,M. Janjeva,T. Bickerstaff,V. Bunjaku","A. Koshi,J. Hellems,L. Colimerio,R. Dahsyla,Z. Reid",1757,1872,115,3.71,2.74,4.69,53,56,54,60,1,4,4,0,1,0,2,1,2,0,0,1,0,0,2,1,0,1,0,4,4,1,2,2,0,0,3,3,0,0,0,0,0,0,0,0,0,0,0,0,0,0,0,0,0,0,0,0,0,0,0,0,0,0
2787580,2025-12-04,4,Bashkimi,Vëllaznimi,"I. Cousins,K. Anderson,L. Zeqiri,T. Bickerstaff,V. Bunjaku","A. Koshi,J. Hellems,L. Colimerio,R. Dahsyla,Z. Reid",1872,1991,119,3.93,3.0,4.86,54,60,56,62,2,2,2,1,1,0,0,0,0,1,1,1,0,1,3,4,1,0,0,0,0,2,1,0,0,0,3,1,0,0,0,0,0,0,0,0,0,0,0,0,0,0,0,0,0,0,0,0,0,0,0,0,0,0
2787580,2025-12-04,4,Bashkimi,Vëllaznimi,"I. Cousins,K. Anderson,L. Zeqiri,T. Bickerstaff,V. Bunjaku","A. Koshi,J. Hellems,L. Colimerio,M. Warrick,R. Dahsyla",1991,2044,53,1.94,2.44,1.44,56,62,58,63,2,1,2,1,0,0,1,0,0,1,0,0,0,0,1,1,0,0,0,1,1,0,2,0,0,0,0,1,0,0,0,0,0,0,0,0,0,0,0,0,0,0,0,0,0,0,0,0,0,0,0,0,0,0
2787580,2025-12-04,4,Bashkimi,Vëllaznimi,"D. Lake,I. Cousins,K. Anderson,L. Zeqiri,V. Bunjaku","A. Koshi,J. Hellems,L. Colimerio,M. Warrick,R. Dahsyla",2044,2119,75,4.04,4.32,3.76,58,63,64,64,6,1,2,2,0,0,3,2,0,2,1,0,0,1,1,1,0,0,0,4,1,0,1,0,1,0,1,2,0,0,0,0,0,0,0,0,0,0,0,0,0,0,0,0,0,0,0,0,0,0,0,0,0,0
2787580,2025-12-04,4,Bashkimi,Vëllaznimi,"D. Lake,I. Cousins,K. Anderson,L. Zeqiri,V. Bunjaku","A. Koshi,J. Hellems,L. Colimerio,R. Dahsyla,Z. Reid",2119,2154,35,0.55,0.1,1.0,64,64,64,66,0,2,1,0,0,0,0,0,1,0,0,0,0,0,0,1,1,0,0,0,0,0,0,0,0,0,0,1,0,0,0,0,0,0,0,0,0,0,0,0,0,0,0,0,0,0,0,0,0,0,0,0,0,0
2787580,2025-12-04,4,Bashkimi,Vëllaznimi,"D. Lake,I. Cousins,K. Anderson,L. Zeqiri,V. Bunjaku","A. Koshi,J. Hellems,M. Warrick,R. Dahsyla,Z. Reid",2154,2286,132,4.08,4.17,4.0,64,66,66,68,2,2,3,1,1,0,2,0,1,2,0,0,0,1,0,3,1,1,0,0,0,0,2,1,1,0,1,0,0,0,0,0,0,0,0,0,0,0,0,0,0,0,0,0,0,0,0,0,0,0,0,0,0,0
2787580,2025-12-04,4,Bashkimi,Vëllaznimi,"I. Cousins,K. Anderson,L. Zeqiri,T. Bickerstaff,V. Bunjaku","A. Koshi,J. Hellems,M. Warrick,R. Dahsyla,Z. Reid",2286,2400,114,4.24,4.72,3.76,66,68,70,74,4,6,8,2,5,0,0,0,4,0,1,1,0,1,2,1,1,1,1,4,3,0,2,0,0,2,1,0,0,0,0,0,0,0,0,0,0,0,0,0,0,0,0,0,0,0,0,0,0,0,0,0,0,0
2787581,2025-12-04,1,GO+Peja,Trepça,"A. Herndon,D. Berisha,J. Johnson,M. Mala,T. Green","B. Tuna,C. Brown,J. Payne,M. Amzil,M. Tmusic",0,243,243,6.95,7.3,6.6,0,0,5,7,5,7,8,2,3,0,1,1,2,2,1,1,0,1,2,9,3,2,0,2,1,4,4,0,1,0,1,2,0,0,0,0,0,0,0,0,0,0,0,0,0,0,0,0,0,0,0,0,0,0,0,0,0,0
2787581,2025-12-04,1,GO+Peja,Trepça,"C. Edwards,D. Berisha,J. Johnson,M. Mala,T. Green","B. Tuna,C. Brown,J. Payne,M. Amzil,M. Tmusic",243,340,97,5.4,5.0,5.81,5,7,8,10,3,3,4,1,3,1,0,0,0,1,1,2,0,1,0,3,1,0,0,2,1,1,3,1,0,0,3,1,0,0,0,0,0,0,0,0,0,0,0,0,0,0,0,0,0,0,0,0,0,0,0,0,0,0
2787581,2025-12-04,1,GO+Peja,Trepça,"C. Edwards,D. Berisha,J. Johnson,M. Mala,T. Green","C. Brown,D. Hajrizi,J. Payne,M. Tmusic,S. Henry",340,371,31,0.55,1.0,0.1,8,10,10,10,2,0,1,1,0,0,0,0,0,0,1,0,0,0,1,0,0,0,0,0,0,0,0,0,0,0,0,0,0,0,0,0,0,0,0,0,0,0,0,0,0,0,0,0,0,0,0,0,0,0,0,0,0,0
2787581,2025-12-04,1,GO+Peja,Trepça,"A. Hajdari,C. Edwards,D. Berisha,J. Johnson,S. Flatten","D. Hajrizi,D. Kapiti,J. Payne,M. Tmusic,S. Henry",371,449,78,2.5,3.0,2.0,10,12,15,15,5,3,2,2,1,1,0,0,0,1,1,0,0,1,1,2,1,1,1,0,0,0,0,1,0,0,0,1,0,0,0,0,0,0,0,0,0,0,0,0,0,0,0,0,0,0,0,0,0,0,0,0,0,0
2787581,2025-12-04,1,GO+Peja,Trepça,"A. Hajdari,C. Edwards,D. Berisha,J. Johnson,S. Flatten","A. Arslanagic,D. Hajrizi,D. Kapiti,J. Payne,S. Henry",449,473,24,1.5,1.0,2.0,15,15,15,19,0,4,0,0,0,0,0,0,0,0,0,0,0,1,0,2,2,0,0,0,0,0,0,0,1,0,0,0,0,0,0,0,0,0,0,0,0,0,0,0,0,0,0,0,0,0,0,0,0,0,0,0,0,0
2787581,2025-12-04,1,GO+Peja,Trepça,"A. Hajdari,C. Edwards,J. Johnson,M. Armstead,S. Flatten","A. Arslanagic,D. Hajrizi,D. Kapiti,J. Payne,S. Henry",473,506,33,1.38,1.76,1.0,15,19,18,21,3,2,0,0,0,0,4,3,1,0,0,0,0,0,1,1,1,0,0,0,0,0,0,0,0,0,0,2,0,0,0,0,0,0,0,0,0,0,0,0,0,0,0,0,0,0,0,0,0,0,0,0,0,0
2787581,2025-12-04,1,GO+Peja,Trepça,"A. Hajdari,C. Edwards,M. Armstead,S. Flatten,T. Green","A. Arslanagic,C. Brown,D. Hajrizi,M. Tmusic,S. Henry",506,725,219,5.12,5.0,5.23,18,21,20,32,2,11,5,1,2,0,0,0,0,1,0,0,0,0,1,8,4,3,2,1,1,3,4,3,0,0,0,0,0,0,0,0,0,0,0,0,0,0,0,0,0,0,0,0,0,0,0,0,0,0,0,0,0,0
2787581,2025-12-04,2,GO+Peja,Trepça,"A. Herndon,M. Armstead,M. Mala,S. Flatten,T. Green","A. Arslanagic,C. Brown,D. Hajrizi,M. Tmusic,S. Henry",725,779,54,1.5,1.0,2.0,20,32,20,38,0,6,1,0,1,0,0,0,0,0,0,0,0,0,0,2,2,2,2,0,0,0,1,2,0,0,0,1,0,0,0,0,0,0,0,0,0,0,0,0,0,0,0,0,0,0,0,0,0,0,0,0,0,0
2787581,2025-12-04,2,GO+Peja,Trepça,"A. Herndon,D. Berisha,J. Johnson,M. Mala,T. Green","A. Arslanagic,C. Brown,D. Hajrizi,J. Payne,M. Tmusic",779,793,14,0.49,0.88,0.1,20,38,20,38,0,0,0,0,0,0,2,0,0,0,0,0,0,0,1,0,0,0,0,0,0,0,1,0,0,0,0,1,0,0,0,0,0,0,0,0,0,0,0,0,0,0,0,0,0,0,0,0,0,0,0,0,0,0
2787581,2025-12-04,2,GO+Peja,Trepça,"D. Berisha,J. Johnson,M. Mala,S. Flatten,T. Green","A. Arslanagic,C. Brown,D. Hajrizi,J. Payne,M. Tmusic",793,828,35,1.0,1.0,1.0,20,38,22,38,2,0,1,1,0,0,0,0,0,1,0,0,0,0,0,1,0,1,0,0,0,0,0,0,0,0,0,1,0,0,0,0,0,0,0,0,0,0,0,0,0,0,0,0,0,0,0,0,0,0,0,0,0,0
2787581,2025-12-04,2,GO+Peja,Trepça,"D. Berisha,J. Johnson,M. Mala,S. Flatten,T. Green","B. Tuna,C. Brown,J. Payne,M. Amzil,M. Tmusic",828,851,23,1.22,1.44,1.0,22,38,26,38,4,0,1,1,1,1,1,1,0,0,1,1,0,0,0,0,0,0,0,0,0,0,0,0,0,0,1,0,0,0,0,0,0,0,0,0,0,0,0,0,0,0,0,0,0,0,0,0,0,0,0,0,0,0
2787581,2025-12-04,2,GO+Peja,Trepça,"D. Berisha,J. Johnson,M. Mala,S. Flatten,T. Green","B. Tuna,D. Kapiti,J. Payne,M. Amzil,S. Henry",851,945,94,2.4,2.0,2.79,26,38,26,42,0,4,1,0,0,0,0,0,0,0,0,0,0,1,1,5,2,3,0,0,0,3,1,0,1,1,1,0,0,0,0,0,0,0,0,0,0,0,0,0,0,0,0,0,0,0,0,0,0,0,0,0,0,0
2787581,2025-12-04,2,GO+Peja,Trepça,"C. Edwards,D. Berisha,J. Johnson,M. Mala,T. Green","B. Tuna,D. Kapiti,J. Payne,M. Amzil,S. Henry",945,980,35,1.37,1.81,0.93,26,42,27,42,1,0,1,0,1,0,2,1,1,1,0,0,0,1,0,2,0,0,0,0,0,1,0,0,0,0,0,2,0,0,0,0,0,0,0,0,0,0,0,0,0,0,0,0,0,0,0,0,0,0,0,0,0,0
2787581,2025-12-04,2,GO+Peja,Trepça,"C. Edwards,D. Berisha,J. Johnson,M. Mala,T. Green","B. Tuna,C. Brown,D. Hajrizi,J. Payne,S. Henry",980,1008,28,0.55,0.1,1.0,27,42,27,42,0,0,1,0,0,0,0,0,1,1,0,0,0,0,0,1,0,0,0,0,0,0,0,0,0,0,0,0,0,0,0,0,0,0,0,0,0,0,0,0,0,0,0,0,0,0,0,0,0,0,0,0,0,0
2787581,2025-12-04,2,GO+Peja,Trepça,"C. Edwards,D. Berisha,J. Johnson,M. Mala,T. Green","A. Arslanagic,B. Tuna,C. Brown,D. Hajrizi,J. Payne",1008,1057,49,1.0,1.0,1.0,27,42,27,44,0,2,1,0,1,0,0,0,0,0,0,0,0,0,1,1,1,0,0,0,0,0,1,0,0,0,0,1,0,0,0,0,0,0,0,0,0,0,0,0,0,0,0,0,0,0,0,0,0,0,0,0,0,0
2787581,2025-12-04,2,GO+Peja,Trepça,"C. Edwards,D. Berisha,J. Johnson,M. Mala,T. Green","A. Arslanagic,C. Brown,D. Hajrizi,J. Payne,M. Tmusic",1057,1114,57,4.6,6.2,3.0,27,44,35,44,8,0,3,3,0,0,5,2,2,0,1,2,0,1,0,0,0,0,0,0,0,0,1,0,1,0,3,2,0,0,0,0,0,0,0,0,0,0,0,0,0,0,0,0,0,0,0,0,0,0,0,0,0,0
2787581,2025-12-04,2,GO+Peja,Trepça,"C. Edwards,D. Berisha,J. Johnson,M. Mala,T. Green","C. Brown,D. Hajrizi,J. Payne,M. Tmusic,S. Henry",1114,1200,86,2.14,1.88,2.4,35,44,39,46,4,2,1,1,1,1,2,1,0,1,1,0,0,0,0,4,1,3,0,0,0,1,0,1,0,0,0,1,0,0,0,0,0,0,0,0,0,0,0,0,0,0,0,0,0,0,0,0,0,0,0,0,0,0
2787581,2025-12-04,3,GO+Peja,Trepça,"A. Herndon,D. Berisha,J. Johnson,M. Mala,T. Green","C. Brown,D. Hajrizi,J. Payne,M. Tmusic,S. Henry",1200,1421,221,6.87,6.93,6.81,39,46,45,56,6,10,8,3,3,0,0,0,1,2,3,1,0,0,1,6,3,4,2,2,2,1,4,2,0,1,1,1,0,0,0,0,0,0,0,0,0,0,0,0,0,0,0,0,0,0,0,0,0,0,0,0,0,0
2787581,2025-12-04,3,GO+Peja,Trepça,"A. Hajdari,A. Herndon,J. Johnson,M. Mala,T. Green","A. Arslanagic,B. Tuna,C. Brown,D. Hajrizi,J. Payne",1421,1451,30,0.55,1.0,0.1,45,56,48,56,3,0,1,1,1,1,0,0,0,0,0,0,0,0,1,0,0,0,0,0,0,0,0,0,0,0,0,1,0,0,0,0,0,0,0,0,0,0,0,0,0,0,0,0,0,0,0,0,0,0,0,0,0,0
2787581,2025-12-04,3,GO+Peja,Trepça,"A. Hajdari,A. Herndon,J. Johnson,M. Mala,T. Green","A. Arslanagic,B. Tuna,C. Brown,D. Hajrizi,S. Henry",1451,1484,33,1.44,1.0,1.88,48,56,50,57,2,1,1,1,0,0,0,0,0,1,0,0,0,0,0,1,0,0,0,2,1,0,0,1,0,0,0,1,0,0,0,0,0,0,0,0,0,0,0,0,0,0,0,0,0,0,0,0,0,0,0,0,0,0
2787581,2025-12-04,3,GO+Peja,Trepça,"A. Hajdari,C. Edwards,J. Johnson,M. Mala,T. Green","A. Arslanagic,B. Tuna,D. Kapiti,M. Amzil,S. Henry",1484,1551,67,1.46,2.0,0.93,50,57,52,57,2,0,2,1,1,0,0,0,0,0,1,0,1,0,1,1,0,0,0,0,0,1,1,0,0,0,1,0,0,0,0,0,0,0,0,0,0,0,0,0,0,0,0,0,0,0,0,0,0,0,0,0,0,0
2787581,2025-12-04,3,GO+Peja,Trepça,"A. Hajdari,C. Edwards,J. Johnson,M. Mala,T. Green","A. Arslanagic,D. Kapiti,M. Amzil,M. Tmusic,S. Henry",1551,1607,56,2.0,2.0,2.0,52,57,52,59,0,2,2,0,0,0,0,0,0,1,0,0,0,0,1,2,1,1,0,0,0,0,2,1,0,1,0,0,0,0,0,0,0,0,0,0,0,0,0,0,0,0,0,0,0,0,0,0,0,0,0,0,0,0
2787581,2025-12-04,3,GO+Peja,Trepça,"A. Hajdari,C. Edwards,M. Mala,S. Flatten,T. Green","A. Arslanagic,D. Kapiti,M. Amzil,M. Tmusic,S. Henry",1607,1704,97,3.84,3.81,3.88,52,59,55,62,3,3,2,1,0,0,2,1,1,1,0,0,0,2,1,2,1,1,1,2,0,0,0,1,0,0,1,1,0,0,0,0,0,0,0,0,0,0,0,0,0,0,0,0,0,0,0,0,0,0,0,0,0,0
2787581,2025-12-04,3,GO+Peja,Trepça,"A. Hajdari,C. Edwards,D. Berisha,J. Johnson,S. Flatten","D. Kapiti,J. Payne,M. Amzil,M. Tmusic,S. Henry",1704,1766,62,1.94,1.88,2.0,55,62,60,64,5,2,1,1,1,1,2,2,0,1,1,0,0,0,0,2,1,0,0,0,0,0,0,1,0,0,0,1,0,0,0,0,0,0,0,0,0,0,0,0,0,0,0,0,0,0,0,0,0,0,0,0,0,0
2787581,2025-12-04,3,GO+Peja,Trepça,"A. Hajdari,C. Edwards,D. Berisha,J. Johnson,S. Flatten","D. Hajrizi,D. Kapiti,J. Payne,M. Tmusic,S. Henry",1766,1800,34,1.94,1.88,2.0,60,64,62,64,2,0,1,0,1,0,2,2,0,2,0,0,0,0,0,2,0,1,0,0,0,0,0,0,0,0,0,1,0,0,0,0,0,0,0,0,0,0,0,0,0,0,0,0,0,0,0,0,0,0,0,0,0,0
2787581,2025-12-04,4,GO+Peja,Trepça,"A. Hajdari,C. Edwards,D. Berisha,J. Johnson,S. Flatten","B. Tuna,C. Brown,D. Hajrizi,J. Payne,M. Tmusic",1800,1985,185,4.11,4.43,3.79,62,64,62,67,0,3,6,0,2,0,0,0,2,3,0,0,0,1,1,7,1,5,1,0,0,3,3,1,0,1,0,0,0,0,0,0,0,0,0,0,0,0,0,0,0,0,0,0,0,0,0,0,0,0,0,0,0,0
2787581,2025-12-04,4,GO+Peja,Trepça,"A. Hajdari,C. Edwards,D. Berisha,J. Johnson,S. Flatten","C. Brown,D. Hajrizi,J. Payne,M. Tmusic,S. Henry",1985,2005,20,1.5,2.0,1.0,62,67,62,67,0,0,0,0,0,0,0,0,0,0,0,0,0,2,1,0,0,0,0,0,0,0,0,0,0,0,1,0,0,0,0,0,0,0,0,0,0,0,0,0,0,0,0,0,0,0,0,0,0,0,0,0,0,0
2787581,2025-12-04,4,GO+Peja,Trepça,"A. Hajdari,A. Herndon,D. Berisha,J. Johnson,T. Green","C. Brown,D. Hajrizi,J. Payne,M. Tmusic,S. Henry",2005,2043,38,0.52,0.1,0.93,62,67,62,67,0,0,0,0,0,0,0,0,0,1,0,0,1,0,0,2,0,0,0,0,0,1,0,0,0,0,0,1,0,0,0,0,0,0,0,0,0,0,0,0,0,0,0,0,0,0,0,0,0,0,0,0,0,0
2787581,2025-12-04,4,GO+Peja,Trepça,"A. Herndon,D. Berisha,J. Johnson,M. Mala,T. Green","C. Brown,D. Hajrizi,J. Payne,M. Tmusic,S. Henry",2043,2250,207,5.51,6.08,4.93,62,67,64,77,2,10,5,0,1,0,4,2,3,1,0,0,0,2,1,6,4,4,2,0,0,1,3,1,0,0,0,2,0,0,0,0,0,0,0,0,0,0,0,0,0,0,0,0,0,0,0,0,0,0,0,0,0,0
2787581,2025-12-04,4,GO+Peja,Trepça,"D. Berisha,J. Johnson,M. Mala,S. Flatten,T. Green","C. Brown,D. Hajrizi,J. Payne,M. Tmusic,S. Henry",2250,2265,15,0.1,0.1,0.1,64,77,64,77,0,0,0,0,0,0,0,0,0,0,0,0,0,0,0,0,0,0,0,0,0,0,0,0,0,0,0,1,0,0,0,0,0,0,0,0,0,0,0,0,0,0,0,0,0,0,0,0,0,0,0,0,0,0
2787581,2025-12-04,4,GO+Peja,Trepça,"D. Berisha,J. Johnson,M. Mala,S. Flatten,T. Green","B. Tuna,C. Brown,D. Hajrizi,J. Payne,S. Henry",2265,2393,128,3.84,3.88,3.81,64,77,67,82,3,5,3,1,2,0,2,1,0,0,1,1,0,0,2,3,2,0,0,2,1,1,2,0,0,0,1,0,0,0,0,0,0,0,0,0,0,0,0,0,0,0,0,0,0,0,0,0,0,0,0,0,0,0
2787578,2025-12-03,1,Sigal Prishtina,Golden Eagle Ylli,"A. Azemi,A. Bailey,D. Burns,D. Haxhosaj,T. Vissariou","A. Scott,E. Kastrati,L. Basic,L. Shoshi,T. Allen",0,298,298,7.96,7.93,8.0,0,0,11,3,11,3,9,5,4,1,0,0,1,4,3,1,0,0,1,5,1,3,1,0,0,0,3,0,0,0,3,2,0,0,0,0,0,0,0,0,0,0,0,0,0,0,0,0,0,0,0,0,0,0,0,0,0,0
2787578,2025-12-03,1,Sigal Prishtina,Golden Eagle Ylli,"A. Azemi,A. Bailey,D. Burns,D. Haxhosaj,T. Vissariou","B. Huffman,E. Kastrati,G. Morina,L. Basic,T. Allen",298,416,118,3.83,3.93,3.73,11,3,11,5,0,2,3,0,2,0,0,0,1,2,0,0,0,2,1,3,1,0,0,1,0,1,2,1,1,0,1,0,0,0,0,0,0,0,0,0,0,0,0,0,0,0,0,0,0,0,0,0,0,0,0,0,0,0
2787578,2025-12-03,1,Sigal Prishtina,Golden Eagle Ylli,"A. Azemi,A. Bailey,D. Burns,D. Haxhosaj,T. Vissariou","A. Scott,A. Çallakaj,B. Huffman,G. Morina,T. Allen",416,451,35,1.44,1.0,1.88,11,5,11,5,0,0,1,0,0,0,0,0,0,1,0,0,0,0,1,0,0,0,0,2,0,0,1,0,0,1,1,0,0,0,0,0,0,0,0,0,0,0,0,0,0,0,0,0,0,0,0,0,0,0,0,0,0,0
2787578,2025-12-03,1,Sigal Prishtina,Golden Eagle Ylli,"A. Azemi,A. Bailey,D. Burns,D. Haxhosaj,L. Autrey","A. Scott,A. Çallakaj,B. Huffman,G. Morina,T. Allen",451,516,65,2.0,2.0,2.0,11,5,14,7,3,2,2,1,2,1,0,0,0,0,1,1,0,0,0,1,1,0,0,0,0,0,1,0,0,0,1,1,0,0,0,0,0,0,0,0,0,0,0,0,0,0,0,0,0,0,0,0,0,0,0,0,0,0
2787578,2025-12-03,1,Sigal Prishtina,Golden Eagle Ylli,"A. Azemi,A. Bailey,D. Burns,D. Haxhosaj,L. Autrey","A. Scott,A. Çallakaj,G. Morina,J. Reece,T. Allen",516,600,84,3.44,3.88,3.0,14,7,19,10,5,3,3,2,1,0,2,1,0,1,1,1,0,0,0,2,1,1,1,0,0,0,1,0,0,0,1,0,0,0,0,0,0,0,0,0,0,0,0,0,0,0,0,0,0,0,0,0,0,0,0,0,0,0
2787578,2025-12-03,2,Sigal Prishtina,Golden Eagle Ylli,"A. Azemi,A. Bailey,D. Polloshka,K. Kramer,L. Autrey","A. Scott,A. Çallakaj,G. Morina,J. Reece,T. Allen",600,698,98,3.84,3.81,3.88,19,10,23,19,4,9,2,1,0,0,2,2,1,0,0,0,0,2,1,3,3,1,1,2,2,0,0,1,2,0,0,1,0,0,0,0,0,0,0,0,0,0,0,0,0,0,0,0,0,0,0,0,0,0,0,0,0,0
2787578,2025-12-03,2,Sigal Prishtina,Golden Eagle Ylli,"D. Burns,D. Haxhosaj,D. Polloshka,K. Kramer,L. Autrey","A. Scott,A. Çallakaj,G. Morina,J. Reece,T. Allen",698,852,154,4.39,3.93,4.86,23,19,33,27,10,8,5,4,3,2,0,0,1,1,2,0,0,0,1,7,4,2,0,0,0,2,0,1,0,0,0,0,0,0,0,0,0,0,0,0,0,0,0,0,0,0,0,0,0,0,0,0,0,0,0,0,0,0
2787578,2025-12-03,2,Sigal Prishtina,Golden Eagle Ylli,"D. Burns,D. Haxhosaj,D. Polloshka,K. Kramer,L. Autrey","A. Scott,A. Çallakaj,G. Morina,J. Reece,L. Basic",852,873,21,0.72,1.0,0.44,33,27,33,27,0,0,0,0,0,0,0,0,0,1,0,0,0,1,1,0,0,0,0,1,0,0,0,0,1,0,0,0,0,0,0,0,0,0,0,0,0,0,0,0,0,0,0,0,0,0,0,0,0,0,0,0,0,0
2787578,2025-12-03,2,Sigal Prishtina,Golden Eagle Ylli,"A. Azemi,D. Haxhosaj,D. Polloshka,K. Kramer,L. Autrey","A. Scott,A. Çallakaj,E. Kastrati,J. Reece,L. Basic",873,988,115,3.0,3.0,3.0,33,27,38,35,5,8,2,2,1,1,0,0,0,0,1,0,0,1,0,3,3,2,2,0,0,0,0,3,0,0,0,0,0,0,0,0,0,0,0,0,0,0,0,0,0,0,0,0,0,0,0,0,0,0,0,0,0,0
2787578,2025-12-03,2,Sigal Prishtina,Golden Eagle Ylli,"A. Azemi,A. Bailey,D. Burns,D. Haxhosaj,L. Autrey","A. Scott,A. Çallakaj,E. Kastrati,J. Reece,L. Basic",988,1002,14,0.1,0.1,0.1,38,35,38,35,0,0,0,0,0,0,0,0,0,0,0,0,0,0,1,0,0,0,0,0,0,0,0,0,0,0,0,0,0,0,0,0,0,0,0,0,0,0,0,0,0,0,0,0,0,0,0,0,0,0,0,0,0,0
2787578,2025-12-03,2,Sigal Prishtina,Golden Eagle Ylli,"A. Azemi,A. Bailey,D. Burns,D. Haxhosaj,L. Autrey","A. Çallakaj,B. Huffman,E. Kastrati,J. Reece,L. Basic",1002,1051,49,1.44,1.0,1.88,38,35,38,40,0,5,1,0,0,0,0,0,0,0,0,0,0,0,0,1,1,1,1,2,2,0,1,1,0,0,0,0,0,0,0,0,0,0,0,0,0,0,0,0,0,0,0,0,0,0,0,0,0,0,0,0,0,0
2787578,2025-12-03,2,Sigal Prishtina,Golden Eagle Ylli,"A. Azemi,A. Bailey,D. Burns,D. Haxhosaj,L. Autrey","A. Gashi,B. Huffman,E. Kastrati,J. Reece,L. Basic",1051,1152,101,1.74,1.6,1.88,38,40,40,43,2,3,4,0,0,0,2,2,4,0,0,0,0,1,1,1,1,0,0,2,1,0,0,2,1,0,0,3,0,0,0,0,0,0,0,0,0,0,0,0,0,0,0,0,0,0,0,0,0,0,0,0,0,0
2787578,2025-12-03,2,Sigal Prishtina,Golden Eagle Ylli,"A. Azemi,A. Bailey,D. Burns,D. Haxhosaj,L. Autrey","A. Gashi,E. Kastrati,J. Reece,L. Basic,T. Allen",1152,1170,18,0.49,0.88,0.1,40,43,41,43,1,0,0,0,0,0,2,1,0,0,1,0,0,0,1,0,0,0,0,0,0,0,1,0,0,0,0,0,0,0,0,0,0,0,0,0,0,0,0,0,0,0,0,0,0,0,0,0,0,0,0,0,0,0
2787578,2025-12-03,2,Sigal Prishtina,Golden Eagle Ylli,"A. Azemi,A. Bailey,B. Istrefi,D. Burns,L. Autrey","A. Gashi,E. Kastrati,J. Reece,L. Basic,T. Allen",1170,1200,30,1.44,1.0,1.88,41,43,41,46,0,3,1,0,0,0,0,0,0,0,0,0,0,0,0,1,1,0,0,2,1,0,1,2,0,0,0,0,0,0,0,0,0,0,0,0,0,0,0,0,0,0,0,0,0,0,0,0,0,0,0,0,0,0
2787578,2025-12-03,3,Sigal Prishtina,Golden Eagle Ylli,"A. Azemi,A. Bailey,D. Burns,D. Haxhosaj,T. Vissariou","A. Scott,E. Kastrati,L. Basic,L. Shoshi,T. Allen",1200,1566,366,12.29,11.69,12.88,41,46,56,62,15,16,8,4,5,4,4,3,1,4,4,1,0,3,3,10,6,6,2,2,2,0,3,5,2,0,2,3,0,0,0,0,0,0,0,0,0,0,0,0,0,0,0,0,0,0,0,0,0,0,0,0,0,0
2787578,2025-12-03,3,Sigal Prishtina,Golden Eagle Ylli,"A. Azemi,A. Bailey,D. Burns,D. Haxhosaj,L. Autrey","A. Scott,E. Kastrati,L. Basic,L. Shoshi,T. Allen",1566,1640,74,1.96,1.93,2.0,56,62,58,64,2,2,3,1,1,0,0,0,1,0,1,1,0,0,0,1,1,0,0,0,0,0,1,0,0,0,1,1,0,0,0,0,0,0,0,0,0,0,0,0,0,0,0,0,0,0,0,0,0,0,0,0,0,0
2787578,2025-12-03,3,Sigal Prishtina,Golden Eagle Ylli,"A. Azemi,A. Bailey,D. Burns,D. Haxhosaj,L. Autrey","A. Scott,E. Kastrati,G. Morina,J. Reece,T. Allen",1640,1706,66,1.94,1.88,2.0,58,64,62,69,4,5,1,1,1,1,2,1,0,0,1,0,0,0,0,2,2,1,1,0,0,0,1,2,0,0,0,1,0,0,0,0,0,0,0,0,0,0,0,0,0,0,0,0,0,0,0,0,0,0,0,0,0,0
2787578,2025-12-03,3,Sigal Prishtina,Golden Eagle Ylli,"A. Azemi,A. Bailey,D. Burns,D. Haxhosaj,L. Autrey","A. Scott,A. Çallakaj,G. Morina,J. Reece,T. Allen",1706,1755,49,2.9,2.88,2.93,62,69,69,69,7,0,2,2,1,1,2,2,0,0,1,2,0,0,0,1,0,1,0,0,0,1,0,0,0,0,3,0,0,0,0,0,0,0,0,0,0,0,0,0,0,0,0,0,0,0,0,0,0,0,0,0,0,0
2787578,2025-12-03,3,Sigal Prishtina,Golden Eagle Ylli,"A. Azemi,A. Bailey,B. Istrefi,D. Burns,L. Autrey","A. Scott,A. Çallakaj,G. Morina,J. Reece,L. Basic",1755,1794,39,0.55,1.0,0.1,69,69,69,69,0,0,1,0,0,0,0,0,0,0,0,0,0,0,1,0,0,0,0,0,0,0,1,0,0,0,0,0,0,0,0,0,0,0,0,0,0,0,0,0,0,0,0,0,0,0,0,0,0,0,0,0,0,0
2787578,2025-12-03,3,Sigal Prishtina,Golden Eagle Ylli,"A. Azemi,B. Istrefi,D. Burns,K. Kramer,L. Autrey","A. Scott,A. Çallakaj,G. Morina,J. Reece,L. Basic",1794,1800,6,0.55,0.1,1.0,69,69,69,72,0,3,0,0,0,0,0,0,0,0,0,0,0,0,0,1,1,1,1,0,0,0,0,1,0,0,0,0,0,0,0,0,0,0,0,0,0,0,0,0,0,0,0,0,0,0,0,0,0,0,0,0,0,0
2787578,2025-12-03,4,Sigal Prishtina,Golden Eagle Ylli,"A. Azemi,A. Bailey,B. Istrefi,D. Burns,L. Autrey","A. Scott,A. Çallakaj,G. Morina,J. Reece,L. Basic",1800,1919,119,3.4,2.93,3.88,69,72,69,78,0,6,2,0,0,0,0,0,1,0,0,1,0,2,1,2,2,0,0,2,2,0,1,2,2,0,1,1,0,0,0,0,0,0,0,0,0,0,0,0,0,0,0,0,0,0,0,0,0,0,0,0,0,0
2787578,2025-12-03,4,Sigal Prishtina,Golden Eagle Ylli,"A. Azemi,A. Bailey,D. Burns,D. Haxhosaj,L. Autrey","A. Scott,A. Çallakaj,G. Morina,J. Reece,L. Basic",1919,1921,2,0.1,0.1,0.1,69,78,69,78,0,0,0,0,0,0,0,0,0,0,0,0,0,0,0,0,0,0,0,0,0,0,0,0,0,0,0,1,0,0,0,0,0,0,0,0,0,0,0,0,0,0,0,0,0,0,0,0,0,0,0,0,0,0
2787578,2025-12-03,4,Sigal Prishtina,Golden Eagle Ylli,"A. Azemi,A. Bailey,D. Burns,D. Haxhosaj,L. Autrey","A. Çallakaj,B. Huffman,G. Morina,J. Reece,L. Basic",1921,2112,191,5.87,5.93,5.81,69,78,71,84,2,6,7,1,2,0,0,0,1,1,0,1,0,0,1,4,2,1,1,2,1,1,5,1,0,1,2,2,0,0,0,0,0,0,0,0,0,0,0,0,0,0,0,0,0,0,0,0,0,0,0,0,0,0
2787578,2025-12-03,4,Sigal Prishtina,Golden Eagle Ylli,"A. Azemi,A. Bailey,D. Burns,D. Haxhosaj,L. Autrey","A. Çallakaj,B. Huffman,E. Kastrati,J. Reece,L. Basic",2112,2157,45,1.22,1.0,1.44,71,84,73,88,2,4,1,1,0,0,0,0,0,0,0,0,0,0,1,1,1,1,1,1,1,0,0,1,0,0,0,1,0,0,0,0,0,0,0,0,0,0,0,0,0,0,0,0,0,0,0,0,0,0,0,0,0,0
2787578,2025-12-03,4,Sigal Prishtina,Golden Eagle Ylli,"A. Azemi,A. Bailey,D. Burns,D. Haxhosaj,L. Autrey","A. Çallakaj,E. Kastrati,J. Reece,L. Basic,L. Shoshi",2157,2207,50,2.44,2.88,2.0,73,88,74,90,1,2,1,0,1,0,2,1,0,0,0,1,0,1,1,1,1,0,0,0,0,0,2,1,1,0,1,0,0,0,0,0,0,0,0,0,0,0,0,0,0,0,0,0,0,0,0,0,0,0,0,0,0,0
2787578,2025-12-03,4,Sigal Prishtina,Golden Eagle Ylli,"A. Azemi,A. Bailey,D. Burns,D. Haxhosaj,L. Autrey","E. Kastrati,J. Reece,L. Basic,L. Shoshi,T. Allen",2207,2277,70,2.0,2.0,2.0,74,90,80,90,6,0,2,2,2,2,0,0,0,2,2,0,0,0,0,2,0,1,0,0,0,0,0,0,0,0,0,0,0,0,0,0,0,0,0,0,0,0,0,0,0,0,0,0,0,0,0,0,0,0,0,0,0,0
2787578,2025-12-03,4,Sigal Prishtina,Golden Eagle Ylli,"A. Azemi,A. Bailey,D. Burns,D. Haxhosaj,L. Autrey","A. Scott,E. Kastrati,L. Basic,L. Shoshi,T. Allen",2277,2384,107,5.3,5.73,4.88,80,90,88,96,8,6,5,3,4,2,1,0,1,1,2,0,0,1,1,3,2,0,0,2,2,0,2,2,0,0,1,1,0,0,0,0,0,0,0,0,0,0,0,0,0,0,0,0,0,0,0,0,0,0,0,0,0,0
2787579,2025-12-03,1,Rahoveci 029,Bora,"B. Rexha,F. Rugova,I. Umipig,J. Roche,K. Pullian","A. Hot,A. Hunter,A. Mekic,J. Zeqiri,S. Jules",0,235,235,7.37,6.93,7.81,0,0,6,11,6,11,7,3,1,0,0,0,1,0,1,2,1,1,1,5,4,1,1,2,2,1,3,4,1,0,3,1,0,0,0,0,0,0,0,0,0,0,0,0,0,0,0,0,0,0,0,0,0,0,0,0,0,0
2787579,2025-12-03,1,Rahoveci 029,Bora,"B. Rexha,F. Rugova,I. Umipig,J. Roche,K. Pullian","A. Hot,A. Hunter,J. Zeqiri,S. Jules,T. Cheese",235,250,15,0.1,0.1,0.1,6,11,6,11,0,0,0,0,0,0,0,0,0,0,0,0,0,0,0,0,0,0,0,0,0,0,0,0,0,0,0,1,0,0,0,0,0,0,0,0,0,0,0,0,0,0,0,0,0,0,0,0,0,0,0,0,0,0
2787579,2025-12-03,1,Rahoveci 029,Bora,"B. Rexha,F. Rugova,I. Umipig,J. Roche,K. Pullian","A. Hot,A. Hunter,C. Payton Jr,J. Zeqiri,T. Cheese",250,295,45,1.5,2.0,1.0,6,11,6,11,0,0,1,0,1,0,0,0,0,1,0,0,0,1,0,1,0,0,0,0,0,0,1,0,1,0,0,0,0,0,0,0,0,0,0,0,0,0,0,0,0,0,0,0,0,0,0,0,0,0,0,0,0,0
2787579,2025-12-03,1,Rahoveci 029,Bora,"A. Patty,F. Rugova,I. Umipig,K. Pullian,V. Ejupi","A. Hot,A. Hunter,C. Payton Jr,R. Ukaj,T. Cheese",295,357,62,1.46,0.93,2.0,6,11,8,14,2,3,2,1,1,0,0,0,1,1,0,0,0,0,0,2,1,1,1,0,0,0,0,1,0,1,0,0,0,0,0,0,0,0,0,0,0,0,0,0,0,0,0,0,0,0,0,0,0,0,0,0,0,0
2787579,2025-12-03,1,Rahoveci 029,Bora,"A. Patty,F. Rugova,I. Umipig,K. Pullian,V. Ejupi","A. Hunter,C. Payton Jr,G. Zeqiri,R. Ukaj,T. Cheese",357,400,43,2.0,2.0,2.0,8,14,8,14,0,0,1,0,0,0,0,0,0,2,0,0,0,1,0,2,0,2,0,0,0,0,1,0,1,0,0,0,0,0,0,0,0,0,0,0,0,0,0,0,0,0,0,0,0,0,0,0,0,0,0,0,0,0
2787579,2025-12-03,1,Rahoveci 029,Bora,"A. Patty,F. Rugova,I. Umipig,K. Pullian,V. Ejupi","A. Mekic,C. Payton Jr,G. Zeqiri,R. Ukaj,T. Cheese",400,425,25,0.94,1.0,0.88,8,14,8,16,0,2,0,0,0,0,0,0,0,0,0,0,0,1,1,0,0,0,0,2,2,0,0,0,1,0,0,0,0,0,0,0,0,0,0,0,0,0,0,0,0,0,0,0,0,0,0,0,0,0,0,0,0,0
2787579,2025-12-03,1,Rahoveci 029,Bora,"A. Patty,F. Rugova,I. Umipig,J. Roche,V. Ejupi","A. Mekic,C. Payton Jr,G. Zeqiri,R. Ukaj,T. Cheese",425,531,106,2.96,3.0,2.93,8,16,10,18,2,2,2,1,0,0,0,0,0,1,0,1,0,1,0,3,1,1,0,0,0,1,1,0,1,0,1,1,0,0,0,0,0,0,0,0,0,0,0,0,0,0,0,0,0,0,0,0,0,0,0,0,0,0
2787579,2025-12-03,1,Rahoveci 029,Bora,"F. Rugova,H. Durguti,I. Umipig,J. Roche,K. Pullian","A. Hot,A. Mekic,J. Zeqiri,S. Jules,T. Cheese",531,589,58,2.44,2.88,2.0,10,18,11,20,1,2,0,0,0,0,2,1,0,0,0,1,0,2,0,1,1,0,0,0,0,0,1,1,1,0,1,1,0,0,0,0,0,0,0,0,0,0,0,0,0,0,0,0,0,0,0,0,0,0,0,0,0,0
2787579,2025-12-03,1,Rahoveci 029,Bora,"F. Rugova,H. Durguti,I. Umipig,J. Roche,K. Pullian","A. Hot,A. Hunter,A. Mekic,J. Zeqiri,T. Cheese",589,600,11,0.55,0.1,1.0,11,20,11,23,0,3,0,0,0,0,0,0,0,0,0,0,0,0,1,1,1,1,1,0,0,0,0,0,0,0,0,0,0,0,0,0,0,0,0,0,0,0,0,0,0,0,0,0,0,0,0,0,0,0,0,0,0,0
2787579,2025-12-03,2,Rahoveci 029,Bora,"F. Rugova,H. Durguti,I. Umipig,J. Roche,K. Pullian","A. Hot,A. Mekic,J. Zeqiri,S. Jules,T. Cheese",600,701,101,2.87,2.81,2.93,11,23,18,27,7,4,3,2,2,1,2,2,1,1,3,0,0,0,0,4,2,0,0,0,0,1,0,1,0,0,0,2,0,0,0,0,0,0,0,0,0,0,0,0,0,0,0,0,0,0,0,0,0,0,0,0,0,0
2787579,2025-12-03,2,Rahoveci 029,Bora,"F. Rugova,H. Durguti,I. Umipig,J. Roche,K. Pullian","A. Hot,A. Hunter,A. Mekic,C. Payton Jr,J. Zeqiri",701,732,31,1.44,1.88,1.0,18,27,22,27,4,0,1,1,1,1,2,1,0,0,2,1,0,0,0,0,0,0,0,0,0,0,0,0,0,0,1,0,0,0,0,0,0,0,0,0,0,0,0,0,0,0,0,0,0,0,0,0,0,0,0,0,0,0
2787579,2025-12-03,2,Rahoveci 029,Bora,"F. Rugova,H. Durguti,I. Umipig,J. Roche,K. Pullian","A. Hunter,A. Mekic,C. Payton Jr,J. Zeqiri,R. Ukaj",732,841,109,4.0,4.0,4.0,22,27,24,31,2,4,3,1,0,0,0,0,0,1,0,1,0,1,0,3,2,1,0,0,0,0,2,1,0,0,1,2,0,0,0,0,0,0,0,0,0,0,0,0,0,0,0,0,0,0,0,0,0,0,0,0,0,0
2787579,2025-12-03,2,Rahoveci 029,Bora,"A. Patty,B. Rexha,F. Rugova,I. Umipig,K. Pullian","A. Hunter,A. Mekic,C. Payton Jr,J. Zeqiri,R. Ukaj",841,916,75,3.0,3.0,3.0,24,31,27,33,3,2,2,1,2,1,0,0,0,2,0,0,0,1,1,3,1,1,0,0,0,0,1,1,0,0,0,0,0,0,0,0,0,0,0,0,0,0,0,0,0,0,0,0,0,0,0,0,0,0,0,0,0,0
2787579,2025-12-03,2,Rahoveci 029,Bora,"A. Patty,B. Rexha,F. Rugova,I. Umipig,K. Pullian","A. Hot,A. Hunter,A. Mekic,C. Payton Jr,J. Zeqiri",916,979,63,2.22,2.0,2.44,27,33,29,38,2,5,1,1,0,0,0,0,0,0,0,0,0,1,1,2,2,0,0,1,1,0,0,2,1,0,0,0,0,0,0,0,0,0,0,0,0,0,0,0,0,0,0,0,0,0,0,0,0,0,0,0,0,0
2787579,2025-12-03,2,Rahoveci 029,Bora,"A. Berisha,A. Patty,B. Rexha,I. Umipig,K. Pullian","A. Hot,A. Hunter,A. Mekic,C. Payton Jr,R. Ukaj",979,1016,37,0.96,1.0,0.93,29,38,29,41,0,3,1,0,0,0,0,0,0,0,0,0,0,0,1,2,1,2,1,0,0,1,1,1,0,1,0,0,0,0,0,0,0,0,0,0,0,0,0,0,0,0,0,0,0,0,0,0,0,0,0,0,0,0
2787579,2025-12-03,2,Rahoveci 029,Bora,"A. Berisha,A. Patty,I. Umipig,K. Pullian,K. Ujkani","A. Hot,A. Hunter,A. Mekic,C. Payton Jr,R. Ukaj",1016,1058,42,1.5,1.0,2.0,29,41,29,44,0,3,1,0,0,0,0,0,0,0,0,0,0,0,1,1,1,1,1,0,0,0,1,1,0,0,1,0,0,0,0,0,0,0,0,0,0,0,0,0,0,0,0,0,0,0,0,0,0,0,0,0,0,0
2787579,2025-12-03,2,Rahoveci 029,Bora,"A. Berisha,A. Patty,I. Umipig,K. Pullian,K. Ujkani","A. Hunter,A. Mekic,J. Zeqiri,R. Ukaj,S. Jules",1058,1125,67,1.37,1.74,1.0,29,44,33,46,4,2,3,1,1,1,2,1,2,0,0,0,0,0,0,1,1,0,0,0,0,0,0,0,0,0,0,1,0,0,0,0,0,0,0,0,0,0,0,0,0,0,0,0,0,0,0,0,0,0,0,0,0,0
2787579,2025-12-03,2,Rahoveci 029,Bora,"H. Durguti,I. Umipig,J. Roche,K. Pullian,K. Ujkani","A. Hunter,A. Mekic,J. Zeqiri,R. Ukaj,S. Jules",1125,1139,14,0.1,0.1,0.1,33,46,33,46,0,0,0,0,0,0,0,0,0,0,0,0,0,0,1,0,0,0,0,0,0,0,0,0,0,0,0,0,0,0,0,0,0,0,0,0,0,0,0,0,0,0,0,0,0,0,0,0,0,0,0,0,0,0
2787579,2025-12-03,2,Rahoveci 029,Bora,"E. Peci,H. Durguti,I. Umipig,J. Roche,K. Ujkani","A. Hunter,A. Mekic,G. Zeqiri,R. Ukaj,S. Jules",1139,1200,61,1.73,2.45,1.0,33,48,37,48,4,0,3,1,2,1,2,1,2,1,0,0,0,0,0,1,0,1,0,0,0,0,1,0,0,0,0,1,0,0,0,0,0,0,0,0,0,0,0,0,0,0,0,0,0,0,0,0,0,0,0,0,0,0
2787579,2025-12-03,3,Rahoveci 029,Bora,"A. Patty,F. Rugova,H. Durguti,I. Umipig,J. Roche","A. Hot,A. Mekic,J. Zeqiri,S. Jules,T. Cheese",1200,1408,208,6.73,6.16,7.3,37,48,43,59,6,11,9,2,2,1,1,1,4,3,0,0,0,1,2,9,4,3,2,1,1,2,3,4,1,1,0,2,0,0,0,0,0,0,0,0,0,0,0,0,0,0,0,0,0,0,0,0,0,0,0,0,0,0
2787579,2025-12-03,3,Rahoveci 029,Bora,"F. Rugova,H. Durguti,I. Umipig,J. Roche,K. Pullian","A. Hot,A. Hunter,A. Mekic,C. Payton Jr,J. Zeqiri",1408,1488,80,2.06,2.0,2.11,43,59,48,62,5,3,2,2,1,1,0,0,0,1,2,0,0,0,1,4,0,1,0,3,3,3,0,1,0,0,0,1,0,0,0,0,0,0,0,0,0,0,0,0,0,0,0,0,0,0,0,0,0,0,0,0,0,0
2787579,2025-12-03,3,Rahoveci 029,Bora,"F. Rugova,H. Durguti,I. Umipig,J. Roche,K. Pullian","A. Hot,A. Hunter,A. Mekic,C. Payton Jr,R. Ukaj",1488,1602,114,2.9,2.79,3.0,48,62,50,65,2,3,6,1,2,0,0,0,3,0,0,0,0,0,0,1,1,1,1,0,0,0,2,1,0,0,2,0,0,0,0,0,0,0,0,0,0,0,0,0,0,0,0,0,0,0,0,0,0,0,0,0,0,0
2787579,2025-12-03,3,Rahoveci 029,Bora,"F. Rugova,H. Durguti,I. Umipig,J. Roche,K. Pullian","A. Hunter,A. Mekic,J. Zeqiri,R. Ukaj,S. Jules",1602,1660,58,2.0,2.0,2.0,50,65,50,65,0,0,2,0,1,0,0,0,0,1,0,0,0,0,0,1,0,0,0,0,0,0,2,0,0,0,1,1,0,0,0,0,0,0,0,0,0,0,0,0,0,0,0,0,0,0,0,0,0,0,0,0,0,0
2787579,2025-12-03,3,Rahoveci 029,Bora,"F. Rugova,H. Durguti,I. Umipig,J. Roche,K. Pullian","A. Hunter,J. Zeqiri,R. Ukaj,S. Jules,T. Cheese",1660,1768,108,2.43,2.86,2.0,50,65,53,67,3,2,5,1,3,1,0,0,2,1,0,0,0,0,0,2,1,0,0,0,0,0,2,0,0,1,0,0,0,0,0,0,0,0,0,0,0,0,0,0,0,0,0,0,0,0,0,0,0,0,0,0,0,0
2787579,2025-12-03,3,Rahoveci 029,Bora,"F. Rugova,H. Durguti,I. Umipig,J. Roche,K. Pullian","A. Hot,A. Hunter,J. Zeqiri,S. Jules,T. Cheese",1768,1785,17,0.49,0.1,0.88,53,67,53,69,0,2,0,0,0,0,0,0,0,0,0,0,0,0,1,0,0,0,0,2,2,0,0,0,0,0,0,0,0,0,0,0,0,0,0,0,0,0,0,0,0,0,0,0,0,0,0,0,0,0,0,0,0,0
2787579,2025-12-03,3,Rahoveci 029,Bora,"F. Rugova,H. Durguti,I. Umipig,J. Roche,K. Pullian","A. Hot,A. Hunter,R. Ukaj,S. Jules,T. Cheese",1785,1800,15,1.0,1.0,1.0,53,69,53,69,0,0,1,0,1,0,0,0,0,0,0,0,0,0,0,1,0,1,0,0,0,0,1,0,0,0,0,0,0,0,0,0,0,0,0,0,0,0,0,0,0,0,0,0,0,0,0,0,0,0,0,0,0,0
2787579,2025-12-03,4,Rahoveci 029,Bora,"B. Rexha,F. Rugova,I. Umipig,J. Roche,K. Pullian","A. Hot,A. Hunter,R. Ukaj,S. Jules,T. Cheese",1800,1872,72,1.96,1.93,2.0,53,69,56,69,3,0,2,1,2,1,0,0,1,1,0,0,0,1,0,1,0,0,0,0,0,0,0,0,1,0,1,0,0,0,0,0,0,0,0,0,0,0,0,0,0,0,0,0,0,0,0,0,0,0,0,0,0,0
2787579,2025-12-03,4,Rahoveci 029,Bora,"B. Rexha,F. Rugova,I. Umipig,J. Roche,K. Pullian","A. Hot,A. Hunter,J. Zeqiri,S. Jules,T. Cheese",1872,1889,17,0.55,1.0,0.1,56,69,56,69,0,0,0,0,0,0,0,0,0,0,0,0,0,1,0,0,0,0,0,0,0,0,0,0,1,0,0,0,0,0,0,0,0,0,0,0,0,0,0,0,0,0,0,0,0,0,0,0,0,0,0,0,0,0
2787579,2025-12-03,4,Rahoveci 029,Bora,"A. Patty,B. Rexha,F. Rugova,I. Umipig,K. Pullian","A. Hot,A. Hunter,J. Zeqiri,S. Jules,T. Cheese",1889,1916,27,0.77,0.1,1.44,56,69,56,70,0,1,0,0,0,0,0,0,0,1,0,0,1,0,1,1,0,0,0,1,1,0,0,0,0,0,0,1,0,0,0,0,0,0,0,0,0,0,0,0,0,0,0,0,0,0,0,0,0,0,0,0,0,0
2787579,2025-12-03,4,Rahoveci 029,Bora,"A. Patty,B. Rexha,F. Rugova,I. Umipig,K. Pullian","A. Hot,A. Hunter,A. Mekic,J. Zeqiri,S. Jules",1916,1922,6,0.55,1.0,0.1,56,70,56,70,0,0,0,0,0,0,0,0,0,0,0,0,0,1,0,0,0,0,0,0,0,0,0,0,0,0,0,1,0,0,0,0,0,0,0,0,0,0,0,0,0,0,0,0,0,0,0,0,0,0,0,0,0,0
2787579,2025-12-03,4,Rahoveci 029,Bora,"A. Patty,B. Rexha,E. Peci,F. Rugova,I. Umipig","A. Hot,A. Hunter,A. Mekic,J. Zeqiri,S. Jules",1922,2052,130,2.4,1.93,2.88,56,70,56,73,0,3,3,0,2,0,0,0,1,2,0,0,0,0,1,2,1,2,1,2,0,0,2,1,0,0,0,1,0,0,0,0,0,0,0,0,0,0,0,0,0,0,0,0,0,0,0,0,0,0,0,0,0,0
2787579,2025-12-03,4,Rahoveci 029,Bora,"A. Patty,E. Peci,F. Rugova,I. Umipig,J. Roche","A. Hot,A. Hunter,A. Mekic,C. Payton Jr,J. Zeqiri",2052,2072,20,0.1,0.1,0.1,56,73,56,73,0,0,1,0,0,0,0,0,1,0,0,0,0,0,0,0,0,0,0,0,0,0,0,0,0,0,0,1,0,0,0,0,0,0,0,0,0,0,0,0,0,0,0,0,0,0,0,0,0,0,0,0,0,0
2787579,2025-12-03,4,Rahoveci 029,Bora,"A. Patty,F. Rugova,H. Durguti,I. Umipig,J. Roche","A. Hot,A. Hunter,A. Mekic,C. Payton Jr,R. Ukaj",2072,2136,64,0.89,0.86,0.93,56,73,58,76,2,3,3,1,2,0,0,0,2,0,0,0,0,0,1,2,1,2,1,0,0,1,0,1,0,0,0,0,0,0,0,0,0,0,0,0,0,0,0,0,0,0,0,0,0,0,0,0,0,0,0,0,0,0
2787579,2025-12-03,4,Rahoveci 029,Bora,"H. Durguti,I. Umipig,J. Roche,K. Pullian,K. Ujkani","A. Hunter,A. Mekic,C. Payton Jr,J. Zeqiri,R. Ukaj",2136,2171,35,1.4,1.88,0.93,58,76,59,76,1,0,0,0,0,0,2,1,0,1,1,0,1,1,0,2,0,0,0,0,0,1,0,0,1,0,0,1,0,0,0,0,0,0,0,0,0,0,0,0,0,0,0,0,0,0,0,0,0,0,0,0,0,0
2787579,2025-12-03,4,Rahoveci 029,Bora,"H. Durguti,I. Umipig,J. Roche,K. Pullian,K. Ujkani","A. Hot,A. Hunter,A. Mekic,C. Payton Jr,J. Zeqiri",2171,2221,50,1.0,1.0,1.0,59,76,59,76,0,0,0,0,0,0,0,0,0,1,0,0,0,1,0,1,0,1,0,0,0,0,0,0,1,0,0,0,0,0,0,0,0,0,0,0,0,0,0,0,0,0,0,0,0,0,0,0,0,0,0,0,0,0
2787579,2025-12-03,4,Rahoveci 029,Bora,"H. Durguti,I. Umipig,J. Roche,K. Pullian,K. Ujkani","A. Hot,A. Hunter,A. Mekic,J. Zeqiri,S. Jules",2221,2396,175,5.96,6.0,5.93,59,76,65,85,6,9,5,3,2,0,0,0,0,2,2,0,0,1,0,7,4,3,1,0,0,1,2,2,1,0,0,0,0,0,0,0,0,0,0,0,0,0,0,0,0,0,0,0,0,0,0,0,0,0,0,0,0,0
2788820,2025-12-06,1,Rahoveci 029,Bashkimi,"A. Berisha,A. Patty,F. Rugova,J. Roche,K. Pullian","D. Lake,J. Baily,K. Anderson,L. Zeqiri,V. Bunjaku",0,175,175,5.89,5.93,5.86,0,0,4,11,4,11,5,2,2,0,0,0,1,0,0,2,0,2,2,6,4,3,3,0,0,2,2,2,2,0,2,0,0,0,0,0,0,0,0,0,0,0,0,0,0,0,0,0,0,0,0,0,0,0,0,0,0,0
2788820,2025-12-06,1,Rahoveci 029,Bashkimi,"A. Berisha,A. Patty,E. Peci,F. Rugova,J. Roche","D. Lake,J. Baily,K. Anderson,L. Zeqiri,V. Bunjaku",175,321,146,3.83,4.0,3.66,4,11,6,11,2,0,3,1,1,0,0,0,0,4,0,0,0,1,0,5,0,4,0,1,0,2,2,0,0,0,0,0,0,0,0,0,0,0,0,0,0,0,0,0,0,0,0,0,0,0,0,0,0,0,0,0,0,0
2788820,2025-12-06,1,Rahoveci 029,Bashkimi,"A. Patty,E. Peci,F. Rugova,J. Roche,K. Pullian","D. Lake,J. Baily,K. Anderson,L. Zeqiri,V. Bunjaku",321,439,118,3.5,3.0,4.0,6,11,11,14,5,3,3,2,1,1,0,0,0,1,1,1,0,0,0,2,1,2,1,0,0,0,1,1,0,0,2,0,0,0,0,0,0,0,0,0,0,0,0,0,0,0,0,0,0,0,0,0,0,0,0,0,0,0
2788820,2025-12-06,1,Rahoveci 029,Bashkimi,"A. Patty,B. Rexha,E. Peci,F. Rugova,K. Pullian","K. Anderson,L. Zeqiri,M. Janjeva,T. Bickerstaff,V. Bunjaku",439,456,17,1.0,1.0,1.0,11,14,11,14,0,0,0,0,0,0,0,0,0,0,0,0,0,1,1,0,0,0,0,0,0,0,0,0,1,0,1,0,0,0,0,0,0,0,0,0,0,0,0,0,0,0,0,0,0,0,0,0,0,0,0,0,0,0
2788820,2025-12-06,1,Rahoveci 029,Bashkimi,"A. Patty,B. Rexha,F. Rugova,H. Durguti,K. Pullian","K. Anderson,L. Zeqiri,M. Janjeva,T. Bickerstaff,V. Bunjaku",456,599,143,4.0,4.0,4.0,11,14,19,17,8,3,4,3,2,2,0,0,0,2,3,1,0,0,0,3,1,3,1,0,0,0,1,1,0,0,1,2,0,0,0,0,0,0,0,0,0,0,0,0,0,0,0,0,0,0,0,0,0,0,0,0,0,0
2788820,2025-12-06,1,Rahoveci 029,Bashkimi,"A. Patty,B. Rexha,F. Rugova,H. Durguti,K. Pullian","J. Baily,K. Anderson,L. Zeqiri,M. Janjeva,T. Bickerstaff",599,600,1,0.1,0.1,0.1,19,17,19,17,0,0,1,0,1,0,0,0,1,0,0,0,0,0,0,0,0,0,0,0,0,0,0,0,0,0,0,0,0,0,0,0,0,0,0,0,0,0,0,0,0,0,0,0,0,0,0,0,0,0,0,0,0,0
2788820,2025-12-06,2,Rahoveci 029,Bashkimi,"B. Rexha,F. Rugova,H. Durguti,J. Roche,K. Pullian","J. Baily,K. Anderson,M. Janjeva,T. Bickerstaff,V. Bunjaku",600,664,64,0.96,1.0,0.93,19,17,19,17,0,0,0,0,0,0,0,0,0,1,0,0,0,1,1,2,0,1,0,0,0,1,0,0,0,0,0,1,0,0,0,0,0,0,0,0,0,0,0,0,0,0,0,0,0,0,0,0,0,0,0,0,0,0
2788820,2025-12-06,2,Rahoveci 029,Bashkimi,"B. Rexha,F. Rugova,H. Durguti,J. Roche,K. Pullian","J. Baily,K. Anderson,M. Ismaili,M. Janjeva,T. Bickerstaff",664,684,20,1.4,0.93,1.88,19,17,19,18,0,1,1,0,1,0,0,0,1,0,0,0,0,1,0,0,0,0,0,2,1,1,0,1,0,0,1,0,0,0,0,0,0,0,0,0,0,0,0,0,0,0,0,0,0,0,0,0,0,0,0,0,0,0
2788820,2025-12-06,2,Rahoveci 029,Bashkimi,"B. Rexha,F. Rugova,H. Durguti,J. Roche,K. Pullian","D. Lake,J. Baily,K. Anderson,M. Ismaili,M. Janjeva",684,709,25,1.16,1.0,1.32,19,18,21,20,2,2,1,1,0,0,0,0,0,0,0,0,0,0,1,0,0,0,0,3,2,0,0,0,0,0,0,1,0,0,0,0,0,0,0,0,0,0,0,0,0,0,0,0,0,0,0,0,0,0,0,0,0,0
2788820,2025-12-06,2,Rahoveci 029,Bashkimi,"B. Rexha,F. Rugova,H. Durguti,J. Roche,K. Pullian","D. Lake,J. Baily,K. Anderson,L. Zeqiri,M. Ismaili",709,822,113,2.54,2.09,3.0,21,20,25,20,4,0,7,1,5,1,1,1,5,2,1,1,1,0,0,2,0,1,0,0,0,0,1,0,0,0,1,1,0,0,0,0,0,0,0,0,0,0,0,0,0,0,0,0,0,0,0,0,0,0,0,0,0,0
2788820,2025-12-06,2,Rahoveci 029,Bashkimi,"B. Rexha,F. Rugova,H. Durguti,J. Roche,K. Pullian","D. Lake,J. Baily,K. Anderson,L. Zeqiri,V. Bunjaku",822,844,22,1.44,1.0,1.88,25,20,27,21,2,1,1,1,0,0,0,0,0,0,1,0,0,0,1,0,0,0,0,2,1,1,0,1,0,0,1,0,0,0,0,0,0,0,0,0,0,0,0,0,0,0,0,0,0,0,0,0,0,0,0,0,0,0
2788820,2025-12-06,2,Rahoveci 029,Bashkimi,"A. Patty,F. Rugova,J. Roche,K. Pullian,V. Ejupi","D. Lake,J. Baily,K. Anderson,L. Zeqiri,V. Bunjaku",844,1043,199,6.61,7.32,5.9,27,21,36,26,9,5,5,3,1,0,3,3,0,4,1,0,0,1,3,5,1,2,0,4,3,1,2,1,0,0,0,2,0,0,0,0,0,0,0,0,0,0,0,0,0,0,0,0,0,0,0,0,0,0,0,0,0,0
2788820,2025-12-06,2,Rahoveci 029,Bashkimi,"A. Patty,F. Rugova,H. Durguti,K. Pullian,V. Ejupi","D. Lake,K. Anderson,L. Zeqiri,M. Ismaili,V. Bunjaku",1043,1112,69,3.19,2.0,4.37,36,26,36,31,0,5,2,0,1,0,0,0,0,0,0,0,0,0,1,3,2,0,0,1,1,1,2,0,0,0,2,1,0,0,0,0,0,0,0,0,0,0,0,0,0,0,0,0,0,0,0,0,0,0,0,0,0,0
2788820,2025-12-06,2,Rahoveci 029,Bashkimi,"A. Patty,B. Rexha,F. Rugova,H. Durguti,K. Pullian","D. Lake,K. Anderson,L. Zeqiri,M. Ismaili,V. Bunjaku",1112,1200,88,2.4,2.81,2.0,36,31,40,34,4,3,3,1,0,0,2,2,1,1,1,0,0,0,0,2,1,1,1,0,0,0,1,1,0,1,0,1,0,0,0,0,0,0,0,0,0,0,0,0,0,0,0,0,0,0,0,0,0,0,0,0,0,0
2788820,2025-12-06,3,Rahoveci 029,Bashkimi,"A. Patty,F. Rugova,H. Durguti,J. Roche,K. Pullian","J. Baily,K. Anderson,M. Janjeva,T. Bickerstaff,V. Bunjaku",1200,1547,347,11.27,11.65,10.89,40,34,48,43,8,9,14,4,2,0,0,0,5,6,3,0,0,3,3,11,4,3,0,4,1,2,5,1,2,1,0,2,0,0,0,0,0,0,0,0,0,0,0,0,0,0,0,0,0,0,0,0,0,0,0,0,0,0
2788820,2025-12-06,3,Rahoveci 029,Bashkimi,"A. Patty,F. Rugova,H. Durguti,J. Roche,K. Pullian","D. Lake,J. Baily,K. Anderson,M. Janjeva,V. Bunjaku",1547,1607,60,2.5,2.0,3.0,48,43,48,46,0,3,0,0,0,0,0,0,0,0,0,0,0,2,1,1,1,1,1,0,0,0,0,1,0,0,2,2,0,0,0,0,0,0,0,0,0,0,0,0,0,0,0,0,0,0,0,0,0,0,0,0,0,0
2788820,2025-12-06,3,Rahoveci 029,Bashkimi,"A. Patty,B. Rexha,H. Durguti,J. Roche,K. Pullian","D. Lake,J. Baily,K. Anderson,M. Janjeva,V. Bunjaku",1607,1640,33,1.46,1.93,1.0,48,46,48,48,0,2,2,0,0,0,0,0,1,0,0,0,0,1,0,1,1,0,0,0,0,0,1,1,0,0,0,0,0,0,0,0,0,0,0,0,0,0,0,0,0,0,0,0,0,0,0,0,0,0,0,0,0,0
2788820,2025-12-06,3,Rahoveci 029,Bashkimi,"A. Berisha,A. Patty,B. Rexha,J. Roche,K. Pullian","D. Lake,J. Baily,K. Anderson,M. Janjeva,V. Bunjaku",1640,1700,60,2.0,2.0,2.0,48,48,51,48,3,0,1,1,1,1,0,0,0,1,1,1,0,1,0,1,0,0,0,0,0,0,0,0,0,0,1,0,0,0,0,0,0,0,0,0,0,0,0,0,0,0,0,0,0,0,0,0,0,0,0,0,0,0
2788820,2025-12-06,3,Rahoveci 029,Bashkimi,"A. Berisha,A. Patty,B. Rexha,J. Roche,K. Pullian","D. Lake,J. Baily,K. Anderson,M. Ismaili,M. Janjeva",1700,1764,64,2.0,2.0,2.0,51,48,51,50,0,2,1,0,1,0,0,0,0,0,0,0,0,1,1,1,1,0,0,0,0,0,1,0,0,0,1,0,0,0,0,0,0,0,0,0,0,0,0,0,0,0,0,0,0,0,0,0,0,0,0,0,0,0
2788820,2025-12-06,3,Rahoveci 029,Bashkimi,"A. Berisha,A. Patty,B. Rexha,E. Peci,J. Roche","D. Lake,J. Baily,K. Anderson,M. Ismaili,M. Janjeva",1764,1799,35,1.38,1.0,1.76,51,50,51,54,0,4,1,0,0,0,0,0,0,0,0,0,0,0,1,0,0,0,0,4,4,0,1,0,0,0,0,0,0,0,0,0,0,0,0,0,0,0,0,0,0,0,0,0,0,0,0,0,0,0,0,0,0,0
2788820,2025-12-06,3,Rahoveci 029,Bashkimi,"A. Berisha,A. Patty,B. Rexha,E. Peci,J. Roche","D. Lake,J. Baily,L. Zeqiri,M. Ismaili,M. Janjeva",1799,1800,1,0.1,0.1,0.1,51,54,51,54,0,0,0,0,0,0,0,0,0,0,0,0,0,0,0,0,0,0,0,0,0,0,0,0,0,0,0,0,0,0,0,0,0,0,0,0,0,0,0,0,0,0,0,0,0,0,0,0,0,0,0,0,0,0
2788820,2025-12-06,4,Rahoveci 029,Bashkimi,"A. Patty,B. Rexha,F. Rugova,J. Roche,K. Pullian","D. Lake,J. Baily,K. Anderson,M. Ismaili,M. Janjeva",1800,1858,58,1.46,0.93,2.0,51,54,54,54,3,0,2,1,1,1,0,0,1,0,1,0,0,0,0,0,0,0,0,0,0,0,0,0,0,0,2,1,0,0,0,0,0,0,0,0,0,0,0,0,0,0,0,0,0,0,0,0,0,0,0,0,0,0
2788820,2025-12-06,4,Rahoveci 029,Bashkimi,"A. Patty,B. Rexha,F. Rugova,J. Roche,K. Pullian","D. Lake,J. Baily,K. Anderson,L. Zeqiri,V. Bunjaku",1858,2031,173,7.02,8.05,6.0,54,54,63,59,9,5,7,3,2,1,4,2,2,4,1,0,0,1,1,6,2,3,1,0,0,0,3,2,1,0,0,2,0,0,0,0,0,0,0,0,0,0,0,0,0,0,0,0,0,0,0,0,0,0,0,0,0,0
2788820,2025-12-06,4,Rahoveci 029,Bashkimi,"A. Patty,B. Rexha,F. Rugova,J. Roche,K. Pullian","J. Baily,K. Anderson,L. Zeqiri,T. Bickerstaff,V. Bunjaku",2031,2246,215,5.09,5.0,5.18,63,59,65,65,2,6,5,1,0,0,0,0,0,3,0,0,0,0,4,6,1,5,1,3,3,2,4,1,0,2,0,1,0,0,0,0,0,0,0,0,0,0,0,0,0,0,0,0,0,0,0,0,0,0,0,0,0,0
2788820,2025-12-06,4,Rahoveci 029,Bashkimi,"A. Patty,B. Rexha,H. Durguti,J. Roche,K. Pullian","J. Baily,K. Anderson,L. Zeqiri,T. Bickerstaff,V. Bunjaku",2246,2369,123,4.5,3.69,5.32,65,65,74,72,9,7,3,2,2,1,4,4,1,0,1,1,0,0,0,2,2,0,0,3,3,0,0,2,0,0,2,3,0,0,0,0,0,0,0,0,0,0,0,0,0,0,0,0,0,0,0,0,0,0,0,0,0,0
2788820,2025-12-06,4,Rahoveci 029,Bashkimi,"A. Patty,B. Rexha,H. Durguti,J. Roche,K. Pullian","J. Baily,K. Anderson,L. Zeqiri,M. Janjeva,T. Bickerstaff",2369,2399,30,2.61,2.64,2.57,74,72,77,72,3,0,0,0,0,0,6,3,0,2,0,0,1,0,0,4,0,4,0,0,0,1,3,0,0,0,0,2,0,0,0,0,0,0,0,0,0,0,0,0,0,0,0,0,0,0,0,0,0,0,0,0,0,0
2788821,2025-12-06,1,Bora,Sigal Prishtina,"A. Hot,A. Hunter,A. Mekic,C. Payton,J. Zeqiri","A. Azemi,D. Burns,D. Haxhosaj,K. Kramer,T. Vissarious",0,244,244,7.3,7.0,7.61,0,0,9,2,9,2,6,4,3,1,0,0,0,5,1,1,1,1,2,7,1,3,0,1,0,2,2,1,0,0,2,1,0,0,0,0,0,0,0,0,0,0,0,0,0,0,0,0,0,0,0,0,0,0,0,0,0,0
2788821,2025-12-06,1,Bora,Sigal Prishtina,"A. Hot,A. Hunter,C. Payton,J. Zeqiri,R. Ukaj","A. Azemi,D. Burns,D. Haxhosaj,K. Kramer,T. Vissarious",244,293,49,0.96,0.93,1.0,9,2,9,4,0,2,2,0,1,0,0,0,1,0,0,0,0,0,0,1,1,0,0,0,0,0,1,0,0,1,0,0,0,0,0,0,0,0,0,0,0,0,0,0,0,0,0,0,0,0,0,0,0,0,0,0,0,0
2788821,2025-12-06,1,Bora,Sigal Prishtina,"A. Hot,A. Hunter,C. Payton,R. Ukaj,S. Jules","A. Azemi,D. Burns,D. Haxhosaj,K. Kramer,T. Vissarious",293,330,37,1.5,2.0,1.0,9,4,14,4,5,0,2,2,1,1,0,0,0,1,2,0,0,0,0,1,0,0,0,0,0,0,0,0,0,0,0,0,0,0,0,0,0,0,0,0,0,0,0,0,0,0,0,0,0,0,0,0,0,0,0,0,0,0
2788821,2025-12-06,1,Bora,Sigal Prishtina,"A. Hot,C. Payton,R. Ukaj,S. Jules,T. Cheese","A. Azemi,D. Burns,D. Haxhosaj,K. Kramer,T. Vissarious",330,347,17,0.55,0.1,1.0,14,4,14,4,0,0,0,0,0,0,0,0,0,0,0,0,0,0,0,0,0,0,0,0,0,0,0,0,0,0,1,0,0,0,0,0,0,0,0,0,0,0,0,0,0,0,0,0,0,0,0,0,0,0,0,0,0,0
2788821,2025-12-06,1,Bora,Sigal Prishtina,"A. Hot,C. Payton,R. Ukaj,S. Jules,T. Cheese","D. Burns,D. Haxhosaj,D. Polloshka,K. Kramer,T. Vissarious",347,357,10,0.1,0.1,0.1,14,4,14,4,0,0,0,0,0,0,0,0,0,0,0,0,0,0,0,0,0,0,0,0,0,0,0,0,0,0,0,1,0,0,0,0,0,0,0,0,0,0,0,0,0,0,0,0,0,0,0,0,0,0,0,0,0,0
2788821,2025-12-06,1,Bora,Sigal Prishtina,"C. Payton,G. Zeqiri,R. Ukaj,S. Jules,T. Cheese","D. Burns,D. Haxhosaj,D. Polloshka,K. Kramer,T. Vissarious",357,438,81,1.96,1.93,2.0,14,4,18,6,4,2,3,2,1,0,0,0,1,0,0,0,0,0,0,1,1,0,0,0,0,0,0,1,0,0,1,0,0,0,0,0,0,0,0,0,0,0,0,0,0,0,0,0,0,0,0,0,0,0,0,0,0,0
2788821,2025-12-06,1,Bora,Sigal Prishtina,"C. Payton,G. Zeqiri,R. Ukaj,S. Jules,T. Cheese","A. Bailey,D. Burns,D. Haxhosaj,D. Polloshka,T. Vissarious",438,454,16,0.55,1.0,0.1,18,6,20,6,2,0,1,1,0,0,0,0,0,0,0,0,0,0,0,0,0,0,0,0,0,0,0,0,0,0,0,1,0,0,0,0,0,0,0,0,0,0,0,0,0,0,0,0,0,0,0,0,0,0,0,0,0,0
2788821,2025-12-06,1,Bora,Sigal Prishtina,"G. Zeqiri,J. Zeqiri,R. Ukaj,S. Jules,T. Cheese","A. Bailey,D. Burns,D. Haxhosaj,D. Polloshka,T. Vissarious",454,484,30,1.16,1.44,0.88,20,6,21,6,1,0,0,0,0,0,1,1,0,1,0,0,0,1,1,0,0,0,0,2,0,0,0,0,0,0,0,0,0,0,0,0,0,0,0,0,0,0,0,0,0,0,0,0,0,0,0,0,0,0,0,0,0,0
2788821,2025-12-06,1,Bora,Sigal Prishtina,"A. Hot,J. Zeqiri,R. Ukaj,S. Jules,T. Cheese","A. Bailey,D. Burns,D. Haxhosaj,D. Polloshka,T. Vissarious",484,493,9,1.5,2.0,1.0,21,6,21,6,0,0,0,0,0,0,0,0,0,0,0,1,0,2,1,0,0,0,0,0,0,0,0,0,0,0,1,0,0,0,0,0,0,0,0,0,0,0,0,0,0,0,0,0,0,0,0,0,0,0,0,0,0,0
2788821,2025-12-06,1,Bora,Sigal Prishtina,"A. Hot,A. Mekic,J. Zeqiri,S. Jules,T. Cheese","A. Bailey,D. Burns,D. Haxhosaj,D. Polloshka,T. Vissarious",493,594,101,2.4,1.93,2.88,21,6,23,12,2,6,3,1,1,0,0,0,1,1,1,0,0,0,1,2,2,1,1,2,1,0,1,0,0,0,0,1,0,0,0,0,0,0,0,0,0,0,0,0,0,0,0,0,0,0,0,0,0,0,0,0,0,0
2788821,2025-12-06,1,Bora,Sigal Prishtina,"A. Hot,A. Mekic,J. Zeqiri,S. Jules,T. Cheese","A. Bailey,B. Istrefi,D. Burns,D. Polloshka,T. Vissarious",594,600,6,0.55,1.0,0.1,23,12,25,12,2,0,1,1,0,0,0,0,0,0,1,0,0,0,0,0,0,0,0,0,0,0,0,0,0,0,0,0,0,0,0,0,0,0,0,0,0,0,0,0,0,0,0,0,0,0,0,0,0,0,0,0,0,0
2788821,2025-12-06,2,Bora,Sigal Prishtina,"A. Hot,A. Hunter,A. Mekic,J. Zeqiri,S. Jules","A. Azemi,A. Bailey,B. Istrefi,D. Burns,D. Polloshka",600,639,39,1.0,1.0,1.0,25,12,25,14,0,2,0,0,0,0,0,0,0,0,0,0,0,1,1,1,1,0,0,0,0,0,0,1,1,0,0,0,0,0,0,0,0,0,0,0,0,0,0,0,0,0,0,0,0,0,0,0,0,0,0,0,0,0
2788821,2025-12-06,2,Bora,Sigal Prishtina,"A. Hot,A. Hunter,C. Payton,J. Zeqiri,S. Jules","A. Azemi,A. Bailey,B. Istrefi,D. Burns,D. Polloshka",639,689,50,1.94,1.88,2.0,25,14,28,14,3,0,1,1,0,0,2,1,0,1,2,0,0,0,0,1,0,1,0,0,0,0,1,0,0,0,1,1,0,0,0,0,0,0,0,0,0,0,0,0,0,0,0,0,0,0,0,0,0,0,0,0,0,0
2788821,2025-12-06,2,Bora,Sigal Prishtina,"A. Hot,A. Hunter,C. Payton,J. Zeqiri,S. Jules","A. Azemi,A. Bailey,B. Istrefi,D. Burns,K. Kramer",689,718,29,1.5,2.0,1.0,28,14,28,17,0,3,0,0,0,0,0,0,0,0,0,0,0,2,1,1,1,1,1,0,0,0,0,0,0,0,0,0,0,0,0,0,0,0,0,0,0,0,0,0,0,0,0,0,0,0,0,0,0,0,0,0,0,0
2788821,2025-12-06,2,Bora,Sigal Prishtina,"A. Hot,A. Hunter,J. Zeqiri,R. Ukaj,S. Jules","A. Azemi,A. Bailey,B. Istrefi,D. Burns,K. Kramer",718,730,12,0.1,0.1,0.1,28,17,28,17,0,0,0,0,0,0,0,0,0,0,0,0,0,0,1,0,0,0,0,0,0,0,0,0,0,0,0,0,0,0,0,0,0,0,0,0,0,0,0,0,0,0,0,0,0,0,0,0,0,0,0,0,0,0
2788821,2025-12-06,2,Bora,Sigal Prishtina,"A. Hot,A. Hunter,A. Mekic,R. Ukaj,S. Jules","A. Azemi,A. Bailey,B. Istrefi,D. Burns,K. Kramer",730,754,24,0.52,0.1,0.93,28,17,28,17,0,0,0,0,0,0,0,0,0,0,0,0,0,0,0,1,0,1,0,0,0,1,0,0,0,0,1,0,0,0,0,0,0,0,0,0,0,0,0,0,0,0,0,0,0,0,0,0,0,0,0,0,0,0
2788821,2025-12-06,2,Bora,Sigal Prishtina,"A. Hot,A. Mekic,C. Payton,R. Ukaj,S. Jules","A. Azemi,A. Bailey,B. Istrefi,D. Burns,K. Kramer",754,826,72,2.0,2.0,2.0,28,17,28,22,0,5,2,0,0,0,0,0,0,0,0,0,0,0,0,2,2,1,1,0,0,0,2,0,0,1,0,1,0,0,0,0,0,0,0,0,0,0,0,0,0,0,0,0,0,0,0,0,0,0,0,0,0,0
2788821,2025-12-06,2,Bora,Sigal Prishtina,"A. Hot,A. Mekic,C. Payton,G. Zeqiri,S. Jules","A. Azemi,A. Bailey,B. Istrefi,D. Burns,K. Kramer",826,863,37,0.96,0.93,1.0,28,22,28,22,0,0,2,0,1,0,0,0,1,1,0,0,0,0,1,1,0,1,0,0,0,0,1,0,0,1,0,0,0,0,0,0,0,0,0,0,0,0,0,0,0,0,0,0,0,0,0,0,0,0,0,0,0,0
2788821,2025-12-06,2,Bora,Sigal Prishtina,"A. Hot,A. Hunter,A. Mekic,C. Payton,G. Zeqiri","A. Azemi,A. Bailey,B. Istrefi,D. Burns,K. Kramer",863,938,75,3.0,3.0,3.0,28,22,34,22,6,0,2,2,2,2,0,0,0,0,0,2,0,1,0,0,0,0,0,0,0,0,0,0,1,0,3,1,0,0,0,0,0,0,0,0,0,0,0,0,0,0,0,0,0,0,0,0,0,0,0,0,0,0
2788821,2025-12-06,2,Bora,Sigal Prishtina,"A. Hot,A. Hunter,A. Mekic,C. Payton,G. Zeqiri","A. Azemi,A. Bailey,D. Burns,D. Haxhosaj,K. Kramer",938,987,49,1.5,2.0,1.0,34,22,37,22,3,0,1,1,1,1,0,0,0,0,0,1,0,1,0,0,0,0,0,0,0,0,0,0,0,0,1,0,0,0,0,0,0,0,0,0,0,0,0,0,0,0,0,0,0,0,0,0,0,0,0,0,0,0
2788821,2025-12-06,2,Bora,Sigal Prishtina,"A. Hunter,A. Mekic,C. Payton,G. Zeqiri,R. Ukaj","A. Azemi,A. Bailey,D. Burns,D. Haxhosaj,K. Kramer",987,1017,30,0.1,0.1,0.1,37,22,37,22,0,0,0,0,0,0,0,0,0,0,0,0,0,0,1,0,0,0,0,0,0,0,0,0,0,0,0,0,0,0,0,0,0,0,0,0,0,0,0,0,0,0,0,0,0,0,0,0,0,0,0,0,0,0
2788821,2025-12-06,2,Bora,Sigal Prishtina,"A. Hunter,A. Mekic,C. Payton,G. Zeqiri,R. Ukaj","A. Azemi,A. Bailey,D. Burns,D. Haxhosaj,D. Polloshka",1017,1142,125,3.83,3.33,4.32,37,22,40,28,3,6,3,1,1,0,4,1,2,2,0,0,0,0,0,3,1,2,1,3,3,0,1,1,0,0,0,3,0,0,0,0,0,0,0,0,0,0,0,0,0,0,0,0,0,0,0,0,0,0,0,0,0,0
2788821,2025-12-06,2,Bora,Sigal Prishtina,"A. Hot,A. Hunter,A. Mekic,C. Payton,R. Ukaj","A. Bailey,D. Burns,D. Haxhosaj,D. Polloshka,T. Vissarious",1142,1144,2,1.5,2.0,1.0,40,28,42,28,2,0,2,1,0,0,0,0,0,1,0,0,1,0,0,1,0,0,0,0,0,0,1,0,0,0,0,0,0,0,0,0,0,0,0,0,0,0,0,0,0,0,0,0,0,0,0,0,0,0,0,0,0,0
2788821,2025-12-06,2,Bora,Sigal Prishtina,"A. Hot,A. Hunter,C. Payton,R. Ukaj,S. Jules","A. Bailey,D. Burns,D. Haxhosaj,D. Polloshka,T. Vissarious",1144,1200,56,2.16,2.32,2.0,42,28,43,30,1,2,1,0,1,0,3,1,0,1,0,0,0,0,0,2,1,0,0,0,0,0,0,0,0,0,0,2,0,0,0,0,0,0,0,0,0,0,0,0,0,0,0,0,0,0,0,0,0,0,0,0,0,0
2788821,2025-12-06,3,Bora,Sigal Prishtina,"A. Hot,A. Hunter,A. Mekic,C. Payton,J. Zeqiri","A. Azemi,A. Bailey,B. Istrefi,D. Burns,D. Haxhosaj",1200,1299,99,2.5,3.0,2.0,43,30,46,33,3,3,1,1,1,1,0,0,0,1,1,0,0,2,1,2,1,2,1,0,0,0,0,1,1,0,0,0,0,0,0,0,0,0,0,0,0,0,0,0,0,0,0,0,0,0,0,0,0,0,0,0,0,0
2788821,2025-12-06,3,Bora,Sigal Prishtina,"A. Hot,A. Hunter,A. Mekic,J. Zeqiri,S. Jules","A. Azemi,A. Bailey,B. Istrefi,D. Burns,D. Haxhosaj",1299,1336,37,0.96,0.93,1.0,46,33,46,36,0,3,2,0,0,0,0,0,1,0,0,0,0,0,0,1,1,1,1,0,0,0,1,1,0,1,0,0,0,0,0,0,0,0,0,0,0,0,0,0,0,0,0,0,0,0,0,0,0,0,0,0,0,0
2788821,2025-12-06,3,Bora,Sigal Prishtina,"A. Hot,A. Hunter,A. Mekic,J. Zeqiri,S. Jules","A. Azemi,A. Bailey,D. Burns,D. Haxhosaj,K. Kramer",1336,1380,44,1.46,1.0,1.93,46,36,46,39,0,3,1,0,0,0,0,0,0,0,0,0,0,0,1,2,1,1,1,0,0,1,1,0,0,1,1,0,0,0,0,0,0,0,0,0,0,0,0,0,0,0,0,0,0,0,0,0,0,0,0,0,0,0
2788821,2025-12-06,3,Bora,Sigal Prishtina,"A. Hot,A. Hunter,A. Mekic,R. Ukaj,S. Jules","A. Azemi,A. Bailey,D. Burns,D. Haxhosaj,K. Kramer",1380,1450,70,1.46,2.0,0.93,46,39,48,41,2,2,2,1,1,0,0,0,0,0,1,0,0,0,1,2,1,0,0,0,0,1,1,0,0,0,0,0,0,0,0,0,0,0,0,0,0,0,0,0,0,0,0,0,0,0,0,0,0,0,0,0,0,0
2788821,2025-12-06,3,Bora,Sigal Prishtina,"A. Hot,A. Mekic,C. Payton,R. Ukaj,S. Jules","A. Azemi,A. Bailey,D. Burns,D. Haxhosaj,K. Kramer",1450,1454,4,0.1,0.1,0.1,48,41,48,41,0,0,0,0,0,0,0,0,0,0,0,0,0,0,0,0,0,0,0,0,0,0,0,0,0,0,0,0,0,0,0,0,0,0,0,0,0,0,0,0,0,0,0,0,0,0,0,0,0,0,0,0,0,0
2788821,2025-12-06,3,Bora,Sigal Prishtina,"A. Hot,A. Mekic,R. Ukaj,S. Jules,T. Cheese","A. Azemi,A. Bailey,D. Burns,D. Haxhosaj,K. Kramer",1454,1469,15,1.0,1.0,1.0,48,41,48,43,0,2,1,0,0,0,0,0,0,0,0,0,0,0,0,1,1,0,0,0,0,0,1,0,0,0,0,0,0,0,0,0,0,0,0,0,0,0,0,0,0,0,0,0,0,0,0,0,0,0,0,0,0,0
2788821,2025-12-06,3,Bora,Sigal Prishtina,"A. Hot,A. Hunter,A. Mekic,R. Ukaj,T. Cheese","A. Azemi,A. Bailey,D. Burns,D. Haxhosaj,K. Kramer",1469,1494,25,1.0,1.0,1.0,48,43,51,43,3,0,1,1,1,1,0,0,0,1,1,0,0,0,0,1,0,1,0,0,0,0,0,0,0,0,0,0,0,0,0,0,0,0,0,0,0,0,0,0,0,0,0,0,0,0,0,0,0,0,0,0,0,0
2788821,2025-12-06,3,Bora,Sigal Prishtina,"A. Hot,A. Hunter,R. Ukaj,S. Jules,T. Cheese","A. Azemi,A. Bailey,D. Burns,D. Haxhosaj,K. Kramer",1494,1573,79,1.72,1.44,2.0,51,43,52,47,1,4,0,0,0,0,1,1,0,0,0,0,0,1,0,2,2,0,0,0,0,0,0,0,0,0,0,1,0,0,0,0,0,0,0,0,0,0,0,0,0,0,0,0,0,0,0,0,0,0,0,0,0,0
2788821,2025-12-06,3,Bora,Sigal Prishtina,"A. Hot,A. Hunter,J. Zeqiri,S. Jules,T. Cheese","A. Azemi,A. Bailey,D. Burns,D. Haxhosaj,K. Kramer",1573,1608,35,0.55,1.0,0.1,52,47,52,47,0,0,1,0,1,0,0,0,0,0,0,0,0,0,0,0,0,0,0,0,0,0,1,0,0,0,0,0,0,0,0,0,0,0,0,0,0,0,0,0,0,0,0,0,0,0,0,0,0,0,0,0,0,0
2788821,2025-12-06,3,Bora,Sigal Prishtina,"A. Hot,A. Hunter,C. Payton,J. Zeqiri,T. Cheese","A. Azemi,A. Bailey,D. Burns,D. Haxhosaj,K. Kramer",1608,1703,95,2.87,2.93,2.81,52,47,57,48,5,1,4,2,3,1,0,0,1,2,2,0,0,0,2,3,0,3,0,2,1,1,1,0,0,0,0,1,0,0,0,0,0,0,0,0,0,0,0,0,0,0,0,0,0,0,0,0,0,0,0,0,0,0
2788821,2025-12-06,3,Bora,Sigal Prishtina,"A. Hunter,A. Mekic,C. Payton,J. Zeqiri,T. Cheese","A. Azemi,A. Bailey,D. Burns,D. Haxhosaj,K. Kramer",1703,1707,4,0.27,0.44,0.1,57,48,57,48,0,0,0,0,0,0,1,0,0,0,0,0,0,0,0,0,0,0,0,0,0,0,1,0,0,0,0,0,0,0,0,0,0,0,0,0,0,0,0,0,0,0,0,0,0,0,0,0,0,0,0,0,0,0
2788821,2025-12-06,3,Bora,Sigal Prishtina,"A. Mekic,C. Payton,G. Zeqiri,J. Zeqiri,T. Cheese","A. Azemi,A. Bailey,D. Burns,D. Haxhosaj,K. Kramer",1707,1747,40,1.0,1.0,1.0,57,48,57,48,0,0,0,0,0,0,0,0,0,1,0,0,0,1,1,1,0,0,0,0,0,0,0,0,0,0,0,0,0,0,0,0,0,0,0,0,0,0,0,0,0,0,0,0,0,0,0,0,0,0,0,0,0,0
2788821,2025-12-06,3,Bora,Sigal Prishtina,"A. Mekic,C. Payton,G. Zeqiri,J. Zeqiri,S. Jules","A. Azemi,A. Bailey,D. Burns,D. Haxhosaj,K. Kramer",1747,1753,6,0.49,0.1,0.88,57,48,57,48,0,0,0,0,0,0,0,0,0,0,0,0,0,0,0,0,0,0,0,2,0,1,0,0,0,0,0,0,0,0,0,0,0,0,0,0,0,0,0,0,0,0,0,0,0,0,0,0,0,0,0,0,0,0
2788821,2025-12-06,3,Bora,Sigal Prishtina,"A. Hunter,A. Mekic,C. Payton,G. Zeqiri,J. Zeqiri","A. Azemi,A. Bailey,D. Burns,D. Haxhosaj,K. Kramer",1753,1800,47,1.5,1.0,2.0,57,48,60,50,3,2,1,1,1,1,0,0,0,0,1,0,0,0,0,2,1,0,0,0,0,0,0,0,0,0,0,0,0,0,0,0,0,0,0,0,0,0,0,0,0,0,0,0,0,0,0,0,0,0,0,0,0,0
2788821,2025-12-06,4,Bora,Sigal Prishtina,"A. Hunter,A. Mekic,C. Payton,G. Zeqiri,J. Zeqiri","A. Azemi,A. Bailey,D. Burns,D. Polloshka,K. Kramer",1800,1868,68,1.66,1.0,2.32,60,50,63,54,3,4,1,1,1,1,0,0,0,0,0,0,0,0,1,1,1,0,0,3,2,0,0,1,0,0,0,0,0,0,0,0,0,0,0,0,0,0,0,0,0,0,0,0,0,0,0,0,0,0,0,0,0,0
2788821,2025-12-06,4,Bora,Sigal Prishtina,"A. Hunter,A. Mekic,G. Zeqiri,J. Zeqiri,S. Jules","A. Azemi,A. Bailey,D. Burns,D. Polloshka,K. Kramer",1868,2012,144,4.21,4.76,3.67,63,54,70,60,7,6,3,2,1,0,4,3,0,1,2,0,0,0,2,6,2,3,1,2,1,3,2,1,0,0,0,3,0,0,0,0,0,0,0,0,0,0,0,0,0,0,0,0,0,0,0,0,0,0,0,0,0,0
2788821,2025-12-06,4,Bora,Sigal Prishtina,"A. Hot,A. Hunter,A. Mekic,J. Zeqiri,S. Jules","A. Azemi,A. Bailey,D. Burns,D. Polloshka,K. Kramer",2012,2091,79,1.72,2.0,1.44,70,60,74,63,4,3,2,2,0,0,0,0,0,0,2,0,0,0,1,1,1,0,0,1,1,0,0,1,0,0,0,0,0,0,0,0,0,0,0,0,0,0,0,0,0,0,0,0,0,0,0,0,0,0,0,0,0,0
2788821,2025-12-06,4,Bora,Sigal Prishtina,"A. Hot,A. Hunter,A. Mekic,R. Ukaj,S. Jules","A. Azemi,A. Bailey,D. Burns,D. Polloshka,K. Kramer",2091,2128,37,1.0,1.0,1.0,74,63,74,63,0,0,1,0,1,0,0,0,0,1,0,0,0,0,0,1,0,1,0,0,0,0,1,0,0,0,0,0,0,0,0,0,0,0,0,0,0,0,0,0,0,0,0,0,0,0,0,0,0,0,0,0,0,0
2788821,2025-12-06,4,Bora,Sigal Prishtina,"A. Hunter,A. Mekic,R. Ukaj,S. Jules,T. Cheese","A. Azemi,A. Bailey,D. Burns,D. Polloshka,K. Kramer",2128,2156,28,0.55,0.1,1.0,74,63,74,65,0,2,0,0,0,0,0,0,0,0,0,0,0,0,0,1,1,0,0,0,0,0,0,0,0,0,0,0,0,0,0,0,0,0,0,0,0,0,0,0,0,0,0,0,0,0,0,0,0,0,0,0,0,0
2788821,2025-12-06,4,Bora,Sigal Prishtina,"A. Hot,A. Hunter,R. Ukaj,S. Jules,T. Cheese","A. Azemi,A. Bailey,D. Burns,D. Polloshka,K. Kramer",2156,2250,94,1.5,2.0,1.0,74,65,78,67,4,2,2,2,0,0,0,0,0,0,2,0,0,0,1,1,1,0,0,0,0,0,0,0,0,0,0,1,0,0,0,0,0,0,0,0,0,0,0,0,0,0,0,0,0,0,0,0,0,0,0,0,0,0
2788821,2025-12-06,4,Bora,Sigal Prishtina,"A. Hot,A. Hunter,J. Zeqiri,S. Jules,T. Cheese","A. Azemi,A. Bailey,D. Burns,D. Polloshka,K. Kramer",2250,2300,50,2.38,1.88,2.88,78,67,80,69,2,2,1,1,0,0,2,0,0,2,1,0,0,0,0,2,0,2,0,2,2,0,1,0,0,0,0,2,0,0,0,0,0,0,0,0,0,0,0,0,0,0,0,0,0,0,0,0,0,0,0,0,0,0
2788821,2025-12-06,4,Bora,Sigal Prishtina,"A. Hot,A. Mekic,J. Zeqiri,S. Jules,T. Cheese","A. Azemi,A. Bailey,D. Burns,D. Polloshka,K. Kramer",2300,2304,4,0.1,0.1,0.1,82,69,82,69,0,0,0,0,0,0,0,0,0,0,0,0,0,0,0,0,0,0,0,0,0,0,0,0,0,0,0,0,0,0,0,0,0,0,0,0,0,0,0,0,0,0,0,0,0,0,0,0,0,0,0,0,0,0
2788821,2025-12-06,4,Bora,Sigal Prishtina,"A. Hot,A. Mekic,J. Zeqiri,S. Jules,T. Cheese","A. Azemi,D. Burns,D. Haxhosaj,D. Polloshka,K. Kramer",2304,2313,9,0.55,0.1,1.0,82,69,82,71,0,2,0,0,0,0,0,0,0,0,0,0,0,0,0,1,1,0,0,0,0,0,0,0,0,0,0,0,0,0,0,0,0,0,0,0,0,0,0,0,0,0,0,0,0,0,0,0,0,0,0,0,0,0
2788821,2025-12-06,4,Bora,Sigal Prishtina,"A. Hot,A. Hunter,A. Mekic,J. Zeqiri,S. Jules","A. Azemi,A. Bailey,D. Burns,D. Haxhosaj,D. Polloshka",2313,2371,58,3.12,2.81,3.44,82,71,84,78,2,7,2,0,2,0,2,2,1,0,0,0,0,1,1,3,3,0,0,1,1,0,1,0,1,0,0,1,0,0,0,0,0,0,0,0,0,0,0,0,0,0,0,0,0,0,0,0,0,0,0,0,0,0
2788821,2025-12-06,4,Bora,Sigal Prishtina,"A. Hot,A. Hunter,A. Mekic,J. Zeqiri,S. Jules","A. Azemi,D. Burns,D. Haxhosaj,D. Polloshka,K. Kramer",2371,2393,22,1.4,1.81,1.0,84,78,86,78,2,0,2,0,1,0,2,2,1,0,1,1,0,0,0,0,0,0,0,0,0,0,1,0,0,1,1,2,0,0,0,0,0,0,0,0,0,0,0,0,0,0,0,0,0,0,0,0,0,0,0,0,0,0
2788821,2025-12-06,4,Bora,Sigal Prishtina,"G. Zeqiri,J. Zeqiri,R. Ukaj,S. Jules,Y. Pllana","A. Azemi,A. Bailey,D. Burns,D. Haxhosaj,K. Kramer",2393,2398,5,0.1,0.1,0.1,88,78,88,78,0,0,0,0,0,0,0,0,0,0,0,0,0,0,0,2,0,1,0,0,0,1,0,0,0,0,0,0,0,0,0,0,0,0,0,0,0,0,0,0,0,0,0,0,0,0,0,0,0,0,0,0,0,0
2788830,2025-12-07,1,Golden Eagle Ylli,GO+Peja,"A. Scott,E. Kastrati,L. Shoshi,L. Thomas,T. Allen","A. Hajdari,D. Berisha,J. Johnson,S. Flatten,T. Green",0,317,317,10.91,10.0,11.81,0,0,11,10,11,10,9,5,3,1,0,0,0,4,2,1,0,1,2,9,4,4,0,2,2,1,4,3,0,0,3,1,0,0,0,0,0,0,0,0,0,0,0,0,0,0,0,0,0,0,0,0,0,0,0,0,0,0
2788830,2025-12-07,1,Golden Eagle Ylli,GO+Peja,"A. Scott,E. Kastrati,L. Shoshi,L. Thomas,T. Allen","D. Berisha,J. Johnson,M. Mala,S. Flatten,T. Green",317,342,25,0.55,1.0,0.1,11,10,11,10,0,0,1,0,0,0,0,0,0,0,0,0,0,0,2,1,0,1,0,0,0,1,1,0,0,0,0,0,0,0,0,0,0,0,0,0,0,0,0,0,0,0,0,0,0,0,0,0,0,0,0,0,0,0
2788830,2025-12-07,1,Golden Eagle Ylli,GO+Peja,"E. Kastrati,G. Morina,J. Reece,L. Thomas,T. Allen","D. Berisha,J. Johnson,M. Mala,S. Flatten,T. Green",342,366,24,1.0,1.0,1.0,11,10,13,10,2,0,1,1,0,0,0,0,0,1,1,0,0,0,0,1,0,1,0,0,0,0,0,0,0,0,0,0,0,0,0,0,0,0,0,0,0,0,0,0,0,0,0,0,0,0,0,0,0,0,0,0,0,0
2788830,2025-12-07,1,Golden Eagle Ylli,GO+Peja,"E. Kastrati,G. Morina,J. Reece,L. Thomas,T. Allen","A. Hajdari,C. Edwards,D. Berisha,J. Johnson,T. Green",366,491,125,4.43,5.0,3.86,13,10,13,16,0,6,3,0,2,0,0,0,0,1,0,0,0,2,1,6,3,1,0,0,0,2,3,0,0,0,0,0,0,0,0,0,0,0,0,0,0,0,0,0,0,0,0,0,0,0,0,0,0,0,0,0,0,0
2788830,2025-12-07,1,Golden Eagle Ylli,GO+Peja,"A. Scott,A. Çallakaj,G. Morina,J. Reece,L. Thomas","A. Hajdari,A. Herndon,C. Edwards,J. Johnson,S. Nila",491,544,53,0.96,0.93,1.0,13,16,13,16,0,0,1,0,1,0,0,0,1,0,0,0,0,1,0,0,0,0,0,0,0,0,0,0,0,0,1,2,0,0,0,0,0,0,0,0,0,0,0,0,0,0,0,0,0,0,0,0,0,0,0,0,0,0
2788830,2025-12-07,1,Golden Eagle Ylli,GO+Peja,"A. Scott,A. Çallakaj,B. Huffman,G. Morina,J. Reece","A. Hajdari,A. Herndon,C. Edwards,J. Johnson,M. Mala",544,600,56,1.5,1.0,2.0,13,16,13,18,0,2,1,0,0,0,0,0,0,1,0,0,0,0,0,2,1,1,0,0,0,0,1,0,0,0,0,0,0,0,0,0,0,0,0,0,0,0,0,0,0,0,0,0,0,0,0,0,0,0,0,0,0,0
2788830,2025-12-07,2,Golden Eagle Ylli,GO+Peja,"A. Scott,A. Çallakaj,B. Huffman,G. Morina,J. Reece","A. Hajdari,A. Herndon,C. Edwards,M. Mala,S. Flatten",600,809,209,5.83,5.67,6.0,13,18,21,24,8,6,6,3,1,0,2,2,1,3,1,0,1,2,0,6,3,2,0,0,0,0,0,2,1,0,0,2,0,0,0,0,0,0,0,0,0,0,0,0,0,0,0,0,0,0,0,0,0,0,0,0,0,0
2788830,2025-12-07,2,Golden Eagle Ylli,GO+Peja,"A. Scott,A. Çallakaj,B. Huffman,E. Kastrati,J. Reece","A. Hajdari,C. Edwards,D. Berisha,S. Flatten,T. Green",809,871,62,2.96,2.93,3.0,21,24,21,26,0,2,4,0,0,0,0,0,1,1,0,0,0,0,0,2,1,1,0,0,0,0,3,1,0,0,1,0,0,0,0,0,0,0,0,0,0,0,0,0,0,0,0,0,0,0,0,0,0,0,0,0,0,0
2788830,2025-12-07,2,Golden Eagle Ylli,GO+Peja,"A. Çallakaj,B. Huffman,E. Kastrati,L. Thomas,T. Allen","C. Edwards,D. Berisha,M. Mala,S. Flatten,T. Green",871,972,101,2.46,2.93,2.0,21,26,24,29,3,3,3,1,3,1,0,0,1,1,1,0,0,1,1,2,1,2,1,0,0,0,1,1,0,0,0,1,0,0,0,0,0,0,0,0,0,0,0,0,0,0,0,0,0,0,0,0,0,0,0,0,0,0
2788830,2025-12-07,2,Golden Eagle Ylli,GO+Peja,"A. Çallakaj,E. Kastrati,L. Shoshi,L. Thomas,T. Allen","C. Edwards,D. Berisha,J. Johnson,M. Mala,S. Flatten",972,1008,36,1.0,1.0,1.0,24,29,27,31,3,2,1,1,1,1,0,0,0,0,0,0,0,0,0,1,1,0,0,0,0,0,0,0,0,0,0,2,0,0,0,0,0,0,0,0,0,0,0,0,0,0,0,0,0,0,0,0,0,0,0,0,0,0
2788830,2025-12-07,2,Golden Eagle Ylli,GO+Peja,"A. Scott,E. Kastrati,L. Shoshi,L. Thomas,T. Allen","A. Herndon,D. Berisha,J. Johnson,M. Mala,S. Flatten",1008,1195,187,5.93,5.93,5.93,28,31,37,44,9,13,6,4,2,1,0,0,1,0,1,1,1,1,0,6,5,3,3,0,0,1,1,4,0,0,1,0,0,0,0,0,0,0,0,0,0,0,0,0,0,0,0,0,0,0,0,0,0,0,0,0,0,0
2788830,2025-12-07,2,Golden Eagle Ylli,GO+Peja,"A. Gashi,A. Scott,L. Shoshi,L. Thomas,T. Allen","A. Herndon,D. Berisha,J. Johnson,M. Mala,S. Flatten",1195,1200,5,0.55,0.1,1.0,37,44,37,44,0,0,0,0,0,0,0,0,0,0,0,1,0,0,0,0,0,0,0,0,0,0,0,0,0,0,1,0,0,0,0,0,0,0,0,0,0,0,0,0,0,0,0,0,0,0,0,0,0,0,0,0,0,0
2788830,2025-12-07,3,Golden Eagle Ylli,GO+Peja,"A. Scott,E. Kastrati,L. Shoshi,L. Thomas,T. Allen","A. Hajdari,D. Berisha,J. Johnson,S. Flatten,T. Green",1200,1438,238,7.46,6.93,8.0,37,44,44,46,7,2,6,3,2,1,0,0,1,4,2,3,0,2,1,5,1,4,0,0,0,0,2,1,1,0,3,1,0,0,0,0,0,0,0,0,0,0,0,0,0,0,0,0,0,0,0,0,0,0,0,0,0,0
2788830,2025-12-07,3,Golden Eagle Ylli,GO+Peja,"A. Scott,E. Kastrati,L. Shoshi,L. Thomas,T. Allen","A. Hajdari,C. Edwards,J. Johnson,M. Mala,T. Green",1438,1594,156,5.0,6.0,4.0,44,46,47,51,3,5,4,1,2,1,0,0,0,1,1,1,0,2,1,3,2,2,1,0,0,0,3,2,0,0,1,0,0,0,0,0,0,0,0,0,0,0,0,0,0,0,0,0,0,0,0,0,0,0,0,0,0,0
2788830,2025-12-07,3,Golden Eagle Ylli,GO+Peja,"A. Çallakaj,B. Huffman,E. Kastrati,L. Thomas,T. Allen","A. Hajdari,C. Edwards,J. Johnson,M. Mala,T. Green",1594,1672,78,1.43,1.0,1.86,47,51,49,53,2,2,1,1,0,0,0,0,0,1,1,0,0,0,0,4,1,2,0,0,0,2,0,0,0,0,0,1,0,0,0,0,0,0,0,0,0,0,0,0,0,0,0,0,0,0,0,0,0,0,0,0,0,0
2788830,2025-12-07,3,Golden Eagle Ylli,GO+Peja,"A. Çallakaj,B. Huffman,E. Kastrati,L. Thomas,T. Allen","A. Herndon,C. Edwards,D. Berisha,J. Johnson,M. Mala",1672,1738,66,1.72,2.0,1.44,49,53,51,56,2,3,2,1,0,0,0,0,0,0,1,0,0,0,2,1,1,0,0,1,1,0,1,0,0,0,0,0,0,0,0,0,0,0,0,0,0,0,0,0,0,0,0,0,0,0,0,0,0,0,0,0,0,0
2788830,2025-12-07,3,Golden Eagle Ylli,GO+Peja,"A. Çallakaj,B. Huffman,G. Morina,L. Thomas,T. Allen","A. Herndon,C. Edwards,D. Berisha,J. Johnson,M. Mala",1738,1800,62,2.44,2.0,2.88,51,56,51,60,0,4,0,0,0,0,0,0,0,1,0,0,0,2,0,2,1,1,0,2,2,0,0,1,2,0,0,1,0,0,0,0,0,0,0,0,0,0,0,0,0,0,0,0,0,0,0,0,0,0,0,0,0,0
2788830,2025-12-07,4,Golden Eagle Ylli,GO+Peja,"A. Scott,A. Çallakaj,B. Huffman,G. Morina,J. Reece","A. Herndon,C. Edwards,D. Berisha,J. Johnson,M. Mala",1800,1925,125,4.91,5.37,4.44,51,60,52,66,1,6,5,0,1,0,1,1,1,2,0,0,0,1,3,4,2,2,1,1,1,0,4,1,1,0,0,2,0,0,0,0,0,0,0,0,0,0,0,0,0,0,0,0,0,0,0,0,0,0,0,0,0,0
2788830,2025-12-07,4,Golden Eagle Ylli,GO+Peja,"A. Scott,A. Çallakaj,G. Morina,J. Reece,T. Allen","A. Herndon,C. Edwards,D. Berisha,J. Johnson,M. Mala",1925,1997,72,2.46,1.93,3.0,52,66,52,68,0,2,3,0,2,0,0,0,1,2,0,0,0,0,0,3,1,2,0,0,0,0,2,0,0,0,0,0,0,0,0,0,0,0,0,0,0,0,0,0,0,0,0,0,0,0,0,0,0,0,0,0,0,0
2788830,2025-12-07,4,Golden Eagle Ylli,GO+Peja,"A. Çallakaj,E. Kastrati,J. Reece,L. Thomas,T. Allen","D. Berisha,J. Johnson,M. Mala,S. Flatten,T. Green",1997,2080,83,2.5,3.0,2.0,52,68,55,71,3,3,3,1,2,1,0,0,0,1,1,0,0,0,1,2,1,2,1,0,0,0,2,1,0,0,0,0,0,0,0,0,0,0,0,0,0,0,0,0,0,0,0,0,0,0,0,0,0,0,0,0,0,0
2788830,2025-12-07,4,Golden Eagle Ylli,GO+Peja,"A. Scott,A. Çallakaj,E. Kastrati,J. Reece,T. Allen","D. Berisha,J. Johnson,M. Mala,S. Flatten,T. Green",2080,2190,110,2.43,2.0,2.86,55,71,55,75,0,4,2,0,2,0,0,0,0,1,0,0,0,0,0,5,2,1,0,0,0,2,2,0,0,0,0,1,0,0,0,0,0,0,0,0,0,0,0,0,0,0,0,0,0,0,0,0,0,0,0,0,0,0
2788830,2025-12-07,4,Golden Eagle Ylli,GO+Peja,"A. Scott,A. Çallakaj,E. Kastrati,G. Morina,T. Allen","D. Berisha,J. Johnson,M. Mala,S. Flatten,T. Green",2190,2296,106,4.0,4.0,4.0,55,75,57,82,2,7,4,1,1,0,0,0,0,1,0,0,0,0,0,4,3,1,1,0,0,0,3,1,0,0,0,0,0,0,0,0,0,0,0,0,0,0,0,0,0,0,0,0,0,0,0,0,0,0,0,0,0,0
2788830,2025-12-07,4,Golden Eagle Ylli,GO+Peja,"A. Gashi,A. Scott,A. Çallakaj,E. Kastrati,T. Allen","A. Hajdari,J. Johnson,M. Mala,S. Flatten,T. Green",2296,2324,28,1.0,1.0,1.0,57,82,57,82,0,0,1,0,0,0,0,0,0,1,0,0,0,0,0,1,0,1,0,0,0,0,1,0,0,0,0,1,0,0,0,0,0,0,0,0,0,0,0,0,0,0,0,0,0,0,0,0,0,0,0,0,0,0
2788830,2025-12-07,4,Golden Eagle Ylli,GO+Peja,"A. Gashi,A. Scott,A. Çallakaj,E. Kastrati,T. Allen","A. Hajdari,C. Edwards,M. Mala,S. Flatten,S. Nila",2324,2331,7,0.55,1.0,0.1,57,82,59,82,2,0,1,1,0,0,0,0,0,0,1,0,0,0,0,0,0,0,0,0,0,0,0,0,0,0,0,0,0,0,0,0,0,0,0,0,0,0,0,0,0,0,0,0,0,0,0,0,0,0,0,0,0,0
2788830,2025-12-07,4,Golden Eagle Ylli,GO+Peja,"A. Gashi,A. Scott,A. Shala,A. Çallakaj,T. Allen","C. Edwards,E. Hasanaj,O. Sallabegolli,S. Flatten,S. Nila",2331,2372,41,1.5,1.0,2.0,59,82,61,82,2,0,1,1,0,0,0,0,0,1,0,1,0,0,0,1,0,1,0,0,0,0,0,0,0,0,1,0,0,0,0,0,0,0,0,0,0,0,0,0,0,0,0,0,0,0,0,0,0,0,0,0,0,0
2788830,2025-12-07,4,Golden Eagle Ylli,GO+Peja,"A. Gashi,A. Scott,A. Shala,A. Çallakaj,S. Ahmeti","E. Hasanaj,O. Sallabegolli,S. Flatten,S. Llapi,S. Nila",2372,2389,17,0.94,0.88,1.0,61,82,63,82,2,0,0,0,0,0,2,2,0,1,0,0,0,0,0,1,0,1,0,0,0,0,0,0,0,0,0,1,0,0,0,0,0,0,0,0,0,0,0,0,0,0,0,0,0,0,0,0,0,0,0,0,0,0
2788829,2025-12-07,1,Trepça,Vëllaznimi,"C. Brown,D. Hajrizi,J. Payne,M. Tmusic,S. Henry","J. Hellems,M. Warrick,R. Dahsyla,S. Zekiqi,Z. Reid",0,206,206,5.96,5.93,6.0,0,0,6,8,6,8,5,3,1,0,0,0,1,1,2,1,0,2,3,5,4,0,0,0,0,0,1,2,2,0,1,0,0,0,0,0,0,0,0,0,0,0,0,0,0,0,0,0,0,0,0,0,0,0,0,0,0,0
2788829,2025-12-07,1,Trepça,Vëllaznimi,"B. Tuna,C. Brown,D. Hajrizi,J. Payne,S. Henry","J. Hellems,M. Warrick,R. Dahsyla,S. Zekiqi,Z. Reid",206,285,79,3.56,3.0,4.13,6,8,9,15,3,7,1,1,1,1,0,0,0,0,1,1,0,2,2,2,1,1,0,5,5,1,0,0,1,0,1,0,0,0,0,0,0,0,0,0,0,0,0,0,0,0,0,0,0,0,0,0,0,0,0,0,0,0
2788829,2025-12-07,1,Trepça,Vëllaznimi,"B. Tuna,D. Kapiti,J. Payne,M. Amzil,S. Henry","J. Hellems,M. Warrick,R. Dahsyla,S. Zekiqi,Z. Reid",285,451,166,4.46,4.93,4.0,9,15,11,19,2,4,5,1,3,0,0,0,1,2,0,0,0,1,1,4,2,1,0,0,0,0,3,0,1,0,0,2,0,0,0,0,0,0,0,0,0,0,0,0,0,0,0,0,0,0,0,0,0,0,0,0,0,0
2788829,2025-12-07,1,Trepça,Vëllaznimi,"A. Arslanagic,B. Tuna,D. Kapiti,J. Payne,M. Amzil","A. Koshi,J. Hellems,L. Colimerio,M. Warrick,R. Dahsyla",451,476,25,0.94,1.0,0.88,11,19,11,21,0,2,1,0,0,0,0,0,0,0,0,0,0,0,1,0,0,0,0,2,2,0,1,0,0,0,0,0,0,0,0,0,0,0,0,0,0,0,0,0,0,0,0,0,0,0,0,0,0,0,0,0,0,0
2788829,2025-12-07,1,Trepça,Vëllaznimi,"A. Arslanagic,B. Tuna,D. Hajrizi,D. Kapiti,J. Payne","A. Koshi,J. Hellems,J. Ismajli,L. Colimerio,M. Warrick",476,593,117,2.96,3.0,2.93,11,23,17,31,6,8,3,2,3,2,0,0,0,0,1,0,0,0,0,4,3,3,2,0,0,1,1,2,0,0,0,1,0,0,0,0,0,0,0,0,0,0,0,0,0,0,0,0,0,0,0,0,0,0,0,0,0,0
2788829,2025-12-07,1,Trepça,Vëllaznimi,"A. Arslanagic,D. Hajrizi,D. Kapiti,J. Payne,M. Tmusic","A. Koshi,J. Hellems,J. Ismajli,L. Colimerio,Z. Reid",593,600,7,1.0,1.0,1.0,17,31,19,31,2,0,1,1,0,0,0,0,0,0,1,0,0,0,0,1,0,1,0,0,0,0,0,0,0,0,0,0,0,0,0,0,0,0,0,0,0,0,0,0,0,0,0,0,0,0,0,0,0,0,0,0,0,0
2788829,2025-12-07,2,Trepça,Vëllaznimi,"A. Arslanagic,C. Brown,D. Hajrizi,J. Payne,M. Tmusic","A. Koshi,J. Hellems,J. Ismajli,L. Colimerio,Z. Reid",600,720,120,4.5,5.0,4.0,19,31,29,33,10,2,5,4,2,2,0,0,0,1,3,1,0,0,1,2,1,1,0,0,0,0,1,0,0,0,2,1,0,0,0,0,0,0,0,0,0,0,0,0,0,0,0,0,0,0,0,0,0,0,0,0,0,0
2788829,2025-12-07,2,Trepça,Vëllaznimi,"A. Arslanagic,B. Tuna,C. Brown,D. Hajrizi,J. Payne","A. Koshi,J. Hellems,M. Warrick,S. Zekiqi,Z. Reid",720,821,101,2.44,1.88,3.0,29,33,34,39,5,6,1,1,1,1,2,2,0,1,1,0,0,0,1,3,2,2,2,0,0,0,0,2,0,0,0,2,0,0,0,0,0,0,0,0,0,0,0,0,0,0,0,0,0,0,0,0,0,0,0,0,0,0
2788829,2025-12-07,2,Trepça,Vëllaznimi,"A. Arslanagic,B. Tuna,C. Brown,D. Kapiti,S. Henry","A. Koshi,J. Hellems,M. Warrick,S. Zekiqi,Z. Reid",821,831,10,0.1,0.1,0.1,34,39,34,39,0,0,0,0,0,0,0,0,0,0,0,0,0,0,0,0,0,0,0,0,0,0,0,0,0,0,0,1,0,0,0,0,0,0,0,0,0,0,0,0,0,0,0,0,0,0,0,0,0,0,0,0,0,0
2788829,2025-12-07,2,Trepça,Vëllaznimi,"A. Arslanagic,B. Tuna,C. Brown,D. Kapiti,S. Henry","J. Hellems,M. Warrick,R. Dahsyla,S. Zekiqi,Z. Reid",831,869,38,2.44,2.88,2.0,34,39,38,39,4,0,1,1,0,0,2,2,0,1,1,1,0,1,0,1,0,0,0,0,0,0,0,0,1,0,1,1,0,0,0,0,0,0,0,0,0,0,0,0,0,0,0,0,0,0,0,0,0,0,0,0,0,0
2788829,2025-12-07,2,Trepça,Vëllaznimi,"A. Arslanagic,B. Tuna,C. Brown,D. Kapiti,S. Henry","L. Colimerio,M. Warrick,R. Dahsyla,S. Zekiqi,Z. Reid",869,933,64,0.93,1.0,0.86,38,39,38,41,0,2,0,0,0,0,0,0,0,0,0,0,0,1,0,3,1,1,0,0,0,2,0,0,0,0,0,0,0,0,0,0,0,0,0,0,0,0,0,0,0,0,0,0,0,0,0,0,0,0,0,0,0,0
2788829,2025-12-07,2,Trepça,Vëllaznimi,"B. Tuna,C. Brown,D. Kapiti,J. Payne,S. Henry","L. Colimerio,M. Warrick,R. Dahsyla,S. Zekiqi,Z. Reid",933,1084,151,3.9,3.93,3.88,38,41,46,45,8,4,5,3,4,2,0,0,1,2,2,0,0,0,2,3,1,2,0,2,2,0,1,0,0,0,0,0,0,0,0,0,0,0,0,0,0,0,0,0,0,0,0,0,0,0,0,0,0,0,0,0,0,0
2788829,2025-12-07,2,Trepça,Vëllaznimi,"B. Tuna,C. Brown,D. Kapiti,J. Payne,S. Henry","J. Hellems,M. Warrick,R. Dahsyla,S. Zekiqi,Z. Reid",1084,1324,240,6.33,5.81,6.84,46,45,55,48,9,3,5,3,2,1,2,2,1,6,0,0,0,1,2,6,0,2,0,4,3,1,1,0,1,0,0,2,0,0,0,0,0,0,0,0,0,0,0,0,0,0,0,0,0,0,0,0,0,0,0,0,0,0
2788829,2025-12-07,3,Trepça,Vëllaznimi,"B. Tuna,C. Brown,D. Kapiti,J. Payne,M. Tmusic","J. Hellems,M. Warrick,R. Dahsyla,S. Zekiqi,Z. Reid",1324,1397,73,2.44,2.88,2.0,55,48,59,48,4,0,1,1,1,1,2,1,0,2,1,0,0,1,0,2,0,1,0,0,0,0,0,0,0,0,0,0,0,0,0,0,0,0,0,0,0,0,0,0,0,0,0,0,0,0,0,0,0,0,0,0,0,0
2788829,2025-12-07,3,Trepça,Vëllaznimi,"B. Tuna,D. Kapiti,J. Payne,M. Amzil,M. Tmusic","J. Hellems,M. Warrick,R. Dahsyla,S. Zekiqi,Z. Reid",1397,1518,121,5.43,5.93,4.93,59,48,65,52,6,4,5,2,2,2,0,0,1,2,1,1,1,2,1,5,2,1,0,0,0,1,2,0,0,0,1,0,0,0,0,0,0,0,0,0,0,0,0,0,0,0,0,0,0,0,0,0,0,0,0,0,0,0
2788829,2025-12-07,3,Trepça,Vëllaznimi,"B. Tuna,C. Brown,D. Hajrizi,J. Payne,M. Tmusic","J. Hellems,M. Warrick,R. Dahsyla,S. Zekiqi,Z. Reid",1518,1584,66,1.46,1.0,1.93,65,52,67,54,2,2,1,1,0,0,0,0,0,1,0,0,0,0,0,3,1,2,0,0,0,1,0,0,0,0,0,1,0,0,0,0,0,0,0,0,0,0,0,0,0,0,0,0,0,0,0,0,0,0,0,0,0,0
2788829,2025-12-07,3,Trepça,Vëllaznimi,"C. Brown,D. Hajrizi,J. Payne,M. Tmusic,S. Henry","J. Hellems,M. Warrick,R. Dahsyla,S. Zekiqi,Z. Reid",1584,1649,65,2.44,2.88,2.0,67,54,71,56,4,2,1,1,0,0,2,2,0,1,1,0,0,1,0,2,1,0,0,0,0,0,0,0,0,0,0,1,0,0,0,0,0,0,0,0,0,0,0,0,0,0,0,0,0,0,0,0,0,0,0,0,0,0
2788829,2025-12-07,3,Trepça,Vëllaznimi,"C. Brown,D. Hajrizi,J. Payne,M. Tmusic,S. Henry","J. Hellems,L. Colimerio,M. Warrick,R. Dahsyla,S. Zekiqi",1649,1689,40,0.55,0.1,1.0,71,56,71,56,0,0,0,0,0,0,0,0,0,1,0,0,0,0,0,1,0,1,0,0,0,0,0,0,0,0,0,1,0,0,0,0,0,0,0,0,0,0,0,0,0,0,0,0,0,0,0,0,0,0,0,0,0,0
2788829,2025-12-07,3,Trepça,Vëllaznimi,"A. Arslanagic,C. Brown,D. Hajrizi,M. Tmusic,S. Henry","J. Hellems,L. Colimerio,M. Warrick,R. Dahsyla,S. Zekiqi",1689,1761,72,2.5,3.0,2.0,71,56,71,59,0,3,3,0,3,0,0,0,0,1,0,0,1,0,1,2,1,1,1,0,0,0,3,0,0,0,0,0,0,0,0,0,0,0,0,0,0,0,0,0,0,0,0,0,0,0,0,0,0,0,0,0,0,0
2788829,2025-12-07,3,Trepça,Vëllaznimi,"A. Arslanagic,D. Hajrizi,D. Kapiti,M. Tmusic,S. Henry","A. Koshi,J. Hellems,L. Colimerio,M. Warrick,R. Dahsyla",1761,1926,165,5.43,4.86,6.0,71,59,71,62,0,3,6,0,5,0,0,0,2,2,0,1,0,1,0,4,1,2,1,0,0,0,4,1,0,0,2,2,0,0,0,0,0,0,0,0,0,0,0,0,0,0,0,0,0,0,0,0,0,0,0,0,0,0
2788829,2025-12-07,4,Trepça,Vëllaznimi,"A. Arslanagic,D. Kapiti,M. Amzil,M. Tmusic,S. Henry","A. Koshi,L. Colimerio,M. Warrick,S. Zekiqi,Z. Reid",1926,2016,90,2.66,3.31,2.0,71,62,73,62,2,0,5,1,1,0,2,0,3,2,0,0,0,0,0,2,0,1,0,0,0,0,2,0,0,0,0,0,0,0,0,0,0,0,0,0,0,0,0,0,0,0,0,0,0,0,0,0,0,0,0,0,0,0
2788829,2025-12-07,4,Trepça,Vëllaznimi,"A. Arslanagic,D. Kapiti,J. Payne,M. Amzil,M. Tmusic","A. Koshi,L. Colimerio,M. Warrick,S. Zekiqi,Z. Reid",2016,2117,101,2.5,2.0,3.0,73,62,73,68,0,6,2,0,2,0,0,0,0,1,0,0,1,0,0,3,2,2,2,0,0,0,2,0,0,0,0,1,0,0,0,0,0,0,0,0,0,0,0,0,0,0,0,0,0,0,0,0,0,0,0,0,0,0
2788829,2025-12-07,4,Trepça,Vëllaznimi,"D. Hajrizi,D. Kapiti,J. Payne,M. Tmusic,S. Henry","A. Koshi,L. Colimerio,M. Warrick,S. Zekiqi,Z. Reid",2117,2174,57,1.72,2.0,1.44,73,68,76,70,3,2,2,1,1,1,0,0,0,1,1,0,0,0,1,1,1,0,0,1,0,0,1,1,0,0,0,0,0,0,0,0,0,0,0,0,0,0,0,0,0,0,0,0,0,0,0,0,0,0,0,0,0,0
2788829,2025-12-07,4,Trepça,Vëllaznimi,"D. Hajrizi,D. Kapiti,J. Payne,M. Tmusic,S. Henry","A. Koshi,J. Hellems,M. Warrick,S. Zekiqi,Z. Reid",2174,2343,169,5.02,5.05,5.0,76,70,81,81,5,11,3,1,1,0,4,3,1,1,1,0,0,1,2,5,4,4,3,0,0,0,2,2,0,0,0,2,0,0,0,0,0,0,0,0,0,0,0,0,0,0,0,0,0,0,0,0,0,0,0,0,0,0
2788829,2025-12-07,4,Trepça,Vëllaznimi,"D. Kapiti,J. Payne,M. Amzil,M. Tmusic,S. Henry","A. Koshi,J. Hellems,M. Warrick,S. Zekiqi,Z. Reid",2343,2400,57,1.4,0.79,2.0,81,81,83,85,2,4,4,1,2,0,0,0,3,0,0,0,0,0,0,2,2,0,0,0,0,0,0,0,0,0,0,0,0,0,0,0,0,0,0,0,0,0,0,0,0,0,0,0,0,0,0,0,0,0,0,0,0,0
2790538,2025-12-10,1,Bashkimi,Trepça,"D. Lake,K. Anderson,L. Zeqiri,T. Bickerstaff,V. Bunjaku","C. Brown,D. Hajrizi,J. Payne,M. Tmusic,S. Henry",0,361,361,9.91,9.86,9.95,0,0,18,3,18,3,12,8,4,2,0,0,2,8,5,1,0,0,3,10,1,5,1,2,0,2,2,1,0,1,1,3,0,0,0,0,0,0,0,0,0,0,0,0,0,0,0,0,0,0,0,0,0,0,0,0,0,0
2790538,2025-12-10,1,Bashkimi,Trepça,"D. Lake,K. Anderson,L. Zeqiri,T. Bickerstaff,V. Bunjaku","B. Tuna,C. Brown,D. Hajrizi,J. Payne,S. Henry",361,396,35,0.9,1.0,0.81,18,3,18,4,0,1,1,0,0,0,0,0,0,0,0,0,1,0,0,1,0,0,0,2,1,1,1,0,0,0,0,0,0,0,0,0,0,0,0,0,0,0,0,0,0,0,0,0,0,0,0,0,0,0,0,0,0,0
2790538,2025-12-10,1,Bashkimi,Trepça,"K. Anderson,L. Zeqiri,M. Janjeva,T. Bickerstaff,V. Bunjaku","B. Tuna,C. Brown,D. Kapiti,J. Payne,S. Henry",396,435,39,0.55,0.1,1.0,18,4,18,6,0,2,1,0,1,0,0,0,1,0,0,0,0,0,0,1,1,0,0,0,0,0,0,0,0,0,0,0,0,0,0,0,0,0,0,0,0,0,0,0,0,0,0,0,0,0,0,0,0,0,0,0,0,0
2790538,2025-12-10,1,Bashkimi,Trepça,"K. Anderson,L. Zeqiri,M. Janjeva,T. Bickerstaff,V. Bunjaku","A. Arslanagic,B. Tuna,C. Brown,D. Kapiti,J. Payne",435,463,28,0.55,1.0,0.1,18,6,18,6,0,0,1,0,1,0,0,0,0,0,0,0,0,0,1,0,0,0,0,0,0,0,1,0,0,0,0,0,0,0,0,0,0,0,0,0,0,0,0,0,0,0,0,0,0,0,0,0,0,0,0,0,0,0
2790538,2025-12-10,1,Bashkimi,Trepça,"K. Anderson,L. Zeqiri,M. Janjeva,T. Bickerstaff,V. Bunjaku","A. Arslanagic,B. Tuna,D. Kapiti,J. Payne,M. Amzil",463,486,23,0.52,0.1,0.93,18,6,18,6,0,0,0,0,0,0,0,0,0,1,0,0,1,0,0,2,0,0,0,0,0,1,0,0,0,0,0,0,0,0,0,0,0,0,0,0,0,0,0,0,0,0,0,0,0,0,0,0,0,0,0,0,0,0
2790538,2025-12-10,1,Bashkimi,Trepça,"B. Bytyqi,K. Anderson,L. Zeqiri,M. Janjeva,T. Bickerstaff","A. Arslanagic,B. Tuna,D. Kapiti,J. Payne,M. Amzil",486,556,70,2.94,3.0,2.88,18,6,22,8,4,2,2,2,0,0,0,0,0,0,1,1,0,1,1,0,0,0,0,2,2,0,0,0,0,0,2,0,0,0,0,0,0,0,0,0,0,0,0,0,0,0,0,0,0,0,0,0,0,0,0,0,0,0
2790538,2025-12-10,1,Bashkimi,Trepça,"B. Bytyqi,K. Anderson,M. Ismaili,M. Janjeva,T. Bickerstaff","A. Arslanagic,B. Tuna,D. Kapiti,J. Payne,M. Amzil",556,600,44,1.7,1.4,2.01,22,8,22,10,0,2,3,0,1,0,0,0,1,1,0,0,1,0,1,3,1,1,0,1,0,2,1,0,0,0,0,1,0,0,0,0,0,0,0,0,0,0,0,0,0,0,0,0,0,0,0,0,0,0,0,0,0,0
2790538,2025-12-10,2,Bashkimi,Trepça,"D. Lake,K. Anderson,L. Zeqiri,T. Bickerstaff,V. Bunjaku","A. Arslanagic,D. Kapiti,M. Amzil,M. Tmusic,S. Henry",600,797,197,6.96,6.93,7.0,22,10,28,17,6,7,7,3,0,0,0,0,1,3,2,1,1,1,2,6,3,2,1,0,0,0,3,3,1,0,1,2,0,0,0,0,0,0,0,0,0,0,0,0,0,0,0,0,0,0,0,0,0,0,0,0,0,0
2790538,2025-12-10,2,Bashkimi,Trepça,"D. Lake,K. Anderson,L. Zeqiri,M. Janjeva,T. Bickerstaff","C. Brown,D. Hajrizi,J. Payne,M. Tmusic,S. Henry",797,835,38,1.95,2.9,1.0,28,18,30,18,2,0,2,1,0,0,1,0,1,0,0,1,0,1,0,0,0,0,0,0,0,0,1,0,0,0,1,1,0,0,0,0,0,0,0,0,0,0,0,0,0,0,0,0,0,0,0,0,0,0,0,0,0,0
2790538,2025-12-10,2,Bashkimi,Trepça,"K. Anderson,L. Zeqiri,M. Ismaili,M. Janjeva,T. Bickerstaff","C. Brown,D. Hajrizi,J. Payne,M. Tmusic,S. Henry",835,897,62,2.0,2.0,2.0,30,18,34,18,4,0,2,2,0,0,0,0,0,1,1,1,0,0,0,1,0,0,0,0,0,0,0,0,0,0,1,0,0,0,0,0,0,0,0,0,0,0,0,0,0,0,0,0,0,0,0,0,0,0,0,0,0,0
2790538,2025-12-10,2,Bashkimi,Trepça,"K. Anderson,L. Zeqiri,M. Ismaili,M. Janjeva,T. Bickerstaff","B. Tuna,C. Brown,D. Hajrizi,J. Payne,S. Henry",897,947,50,1.9,1.93,1.88,34,18,34,19,0,1,1,0,1,0,0,0,1,1,0,0,0,2,3,0,0,0,0,2,1,0,0,1,0,0,1,1,0,0,0,0,0,0,0,0,0,0,0,0,0,0,0,0,0,0,0,0,0,0,0,0,0,0
2790538,2025-12-10,2,Bashkimi,Trepça,"K. Anderson,L. Zeqiri,M. Ismaili,M. Janjeva,T. Bickerstaff","C. Brown,D. Hajrizi,J. Payne,M. Tmusic,S. Henry",947,1155,208,6.83,6.88,6.79,34,19,34,25,0,6,4,0,2,0,2,0,0,1,0,1,0,2,1,7,3,3,0,0,0,3,5,1,0,0,3,2,0,0,0,0,0,0,0,0,0,0,0,0,0,0,0,0,0,0,0,0,0,0,0,0,0,0
2790538,2025-12-10,2,Bashkimi,Trepça,"K. Anderson,L. Zeqiri,M. Janjeva,T. Bickerstaff,V. Gjecaj","C. Brown,D. Hajrizi,J. Payne,M. Tmusic,S. Henry",1155,1200,45,1.72,2.0,1.44,34,25,36,28,2,3,2,1,0,0,0,0,0,0,1,0,0,0,1,1,1,0,0,1,1,0,1,0,0,0,0,0,0,0,0,0,0,0,0,0,0,0,0,0,0,0,0,0,0,0,0,0,0,0,0,0,0,0
2790538,2025-12-10,3,Bashkimi,Trepça,"D. Lake,K. Anderson,L. Zeqiri,M. Janjeva,T. Bickerstaff","C. Brown,D. Hajrizi,J. Payne,M. Tmusic,S. Henry",1200,1465,265,6.36,5.72,7.0,36,28,40,39,4,11,9,2,3,0,0,0,4,3,1,0,0,1,0,7,4,5,3,0,0,0,3,4,0,1,0,2,0,0,0,0,0,0,0,0,0,0,0,0,0,0,0,0,0,0,0,0,0,0,0,0,0,0
2790538,2025-12-10,3,Bashkimi,Trepça,"D. Lake,K. Anderson,L. Zeqiri,M. Ismaili,T. Bickerstaff","D. Hajrizi,D. Kapiti,J. Payne,M. Tmusic,S. Henry",1465,1576,111,3.83,3.88,3.79,40,39,44,44,4,5,2,1,0,0,2,2,0,2,1,0,0,1,0,7,2,3,1,0,0,3,1,1,0,0,0,2,0,0,0,0,0,0,0,0,0,0,0,0,0,0,0,0,0,0,0,0,0,0,0,0,0,0
2790538,2025-12-10,3,Bashkimi,Trepça,"D. Lake,K. Anderson,L. Zeqiri,M. Ismaili,T. Bickerstaff","A. Arslanagic,D. Hajrizi,D. Kapiti,M. Tmusic,S. Henry",1576,1677,101,2.5,3.0,2.0,44,44,46,47,2,3,3,1,0,0,0,0,0,1,0,0,0,0,0,2,1,1,1,0,0,0,2,1,0,0,0,0,0,0,0,0,0,0,0,0,0,0,0,0,0,0,0,0,0,0,0,0,0,0,0,0,0,0
2790538,2025-12-10,3,Bashkimi,Trepça,"D. Lake,K. Anderson,L. Zeqiri,M. Ismaili,M. Janjeva","A. Arslanagic,D. Kapiti,M. Amzil,M. Tmusic,S. Henry",1677,1794,117,2.56,3.3,1.81,46,47,50,48,4,1,4,2,1,0,1,0,3,1,0,0,0,1,2,2,0,1,0,2,1,1,0,1,0,0,0,1,0,0,0,0,0,0,0,0,0,0,0,0,0,0,0,0,0,0,0,0,0,0,0,0,0,0
2790538,2025-12-10,3,Bashkimi,Trepça,"D. Lake,K. Anderson,M. Ismaili,M. Janjeva,T. Bickerstaff","A. Arslanagic,D. Hajrizi,M. Amzil,M. Tmusic,S. Henry",1794,1800,6,0.55,0.1,1.0,50,48,50,48,0,0,0,0,0,0,0,0,0,0,0,0,0,0,1,1,0,1,0,0,0,0,0,0,0,0,0,0,0,0,0,0,0,0,0,0,0,0,0,0,0,0,0,0,0,0,0,0,0,0,0,0,0,0
2790538,2025-12-10,4,Bashkimi,Trepça,"D. Lake,K. Anderson,M. Ismaili,M. Janjeva,T. Bickerstaff","A. Arslanagic,C. Brown,D. Hajrizi,J. Payne,M. Tmusic",1800,1887,87,1.96,2.0,1.93,50,48,53,53,3,5,2,1,2,1,0,0,0,0,1,0,1,0,1,3,2,1,1,0,0,1,1,0,0,0,0,0,0,0,0,0,0,0,0,0,0,0,0,0,0,0,0,0,0,0,0,0,0,0,0,0,0,0
2790538,2025-12-10,4,Bashkimi,Trepça,"D. Lake,K. Anderson,L. Zeqiri,M. Janjeva,T. Bickerstaff","A. Arslanagic,C. Brown,D. Hajrizi,J. Payne,M. Tmusic",1887,1939,52,0.45,0.1,0.79,53,53,53,53,0,0,1,0,0,0,0,0,1,1,0,0,0,0,1,4,0,2,0,0,0,3,0,0,0,0,0,1,0,0,0,0,0,0,0,0,0,0,0,0,0,0,0,0,0,0,0,0,0,0,0,0,0,0
2790538,2025-12-10,4,Bashkimi,Trepça,"D. Lake,K. Anderson,L. Zeqiri,M. Janjeva,T. Bickerstaff","B. Tuna,C. Brown,D. Hajrizi,J. Payne,S. Henry",1939,1999,60,2.46,3.0,1.93,53,53,53,58,0,5,1,0,0,0,0,0,0,0,0,0,0,2,0,3,2,1,1,0,0,1,0,1,0,1,0,0,0,0,0,0,0,0,0,0,0,0,0,0,0,0,0,0,0,0,0,0,0,0,0,0,0,0
2790538,2025-12-10,4,Bashkimi,Trepça,"D. Lake,K. Anderson,L. Zeqiri,M. Ismaili,T. Bickerstaff","B. Tuna,C. Brown,D. Hajrizi,J. Payne,S. Henry",1999,2147,148,3.15,2.86,3.44,53,58,57,62,4,4,5,2,1,0,0,0,2,2,0,0,0,0,3,3,2,1,0,1,0,0,1,0,0,0,0,2,0,0,0,0,0,0,0,0,0,0,0,0,0,0,0,0,0,0,0,0,0,0,0,0,0,0
2790538,2025-12-10,4,Bashkimi,Trepça,"D. Lake,K. Anderson,L. Zeqiri,M. Janjeva,T. Bickerstaff","B. Tuna,C. Brown,D. Hajrizi,J. Payne,S. Henry",2147,2245,98,3.38,3.76,3.0,57,62,62,67,5,5,2,1,0,0,4,3,0,0,1,1,0,0,0,2,2,1,1,0,0,0,2,1,0,0,1,2,0,0,0,0,0,0,0,0,0,0,0,0,0,0,0,0,0,0,0,0,0,0,0,0,0,0
2790538,2025-12-10,4,Bashkimi,Trepça,"D. Lake,K. Anderson,L. Zeqiri,M. Janjeva,T. Bickerstaff","C. Brown,D. Hajrizi,J. Payne,M. Tmusic,S. Henry",2245,2383,138,3.93,4.0,3.86,62,67,64,71,2,4,4,1,1,0,0,0,0,2,1,0,1,0,0,6,2,1,0,0,0,2,3,0,0,0,0,0,0,0,0,0,0,0,0,0,0,0,0,0,0,0,0,0,0,0,0,0,0,0,0,0,0,0
2790539,2025-12-10,1,Vëllaznimi,Golden Eagle Ylli,"A. Koshi,J. Hellems,R. Dahsyla,S. Zekiqi,Z. Reid","A. Scott,A. Çallakaj,B. Huffman,J. Reece,L. Shoshi",0,42,42,0.55,1.0,0.1,0,0,0,0,0,0,0,0,0,0,0,0,0,0,0,0,0,1,0,0,0,0,0,0,0,0,0,0,0,0,0,0,0,0,0,0,0,0,0,0,0,0,0,0,0,0,0,0,0,0,0,0,0,0,0,0,0,0
2790539,2025-12-10,1,Vëllaznimi,Golden Eagle Ylli,"A. Koshi,J. Hellems,R. Dahsyla,S. Zekiqi,Z. Reid","A. Scott,A. Çallakaj,B. Huffman,E. Kastrati,L. Shoshi",42,158,116,5.96,5.93,6.0,0,0,2,8,2,8,6,1,3,0,0,0,1,2,0,1,0,1,2,5,3,4,2,0,0,0,4,3,0,0,1,0,0,0,0,0,0,0,0,0,0,0,0,0,0,0,0,0,0,0,0,0,0,0,0,0,0,0
2790539,2025-12-10,1,Vëllaznimi,Golden Eagle Ylli,"A. Koshi,J. Hellems,R. Dahsyla,S. Zekiqi,Z. Reid","A. Scott,A. Çallakaj,E. Kastrati,G. Morina,L. Shoshi",158,253,95,1.46,0.93,2.0,2,8,4,10,2,2,2,1,1,0,0,0,1,0,1,0,0,0,0,1,1,0,0,0,0,0,0,0,0,0,1,1,0,0,0,0,0,0,0,0,0,0,0,0,0,0,0,0,0,0,0,0,0,0,0,0,0,0
2790539,2025-12-10,1,Vëllaznimi,Golden Eagle Ylli,"J. Hellems,R. Dahsyla,S. Zekiqi,T. Todd,Z. Reid","A. Scott,A. Çallakaj,E. Kastrati,G. Morina,L. Shoshi",253,338,85,3.44,3.88,3.0,4,10,9,13,5,3,2,1,1,1,2,2,0,1,1,0,0,1,0,2,1,1,1,0,0,0,1,0,0,0,1,0,0,0,0,0,0,0,0,0,0,0,0,0,0,0,0,0,0,0,0,0,0,0,0,0,0,0
2790539,2025-12-10,1,Vëllaznimi,Golden Eagle Ylli,"J. Hellems,R. Dahsyla,S. Zekiqi,T. Todd,Z. Reid","A. Scott,A. Çallakaj,B. Huffman,E. Kastrati,G. Morina",338,447,109,3.0,3.0,3.0,9,13,11,15,2,2,3,1,1,0,0,0,0,1,0,0,0,0,1,2,1,1,0,0,0,0,2,1,0,0,1,0,0,0,0,0,0,0,0,0,0,0,0,0,0,0,0,0,0,0,0,0,0,0,0,0,0,0
2790539,2025-12-10,1,Vëllaznimi,Golden Eagle Ylli,"J. Hellems,R. Dahsyla,S. Zekiqi,T. Todd,Z. Reid","A. Scott,B. Huffman,E. Kastrati,G. Morina,J. Reece",447,488,41,1.44,1.0,1.88,11,15,14,16,3,1,1,1,1,1,0,0,0,0,1,1,0,0,0,0,0,0,0,2,1,0,0,1,0,0,1,1,0,0,0,0,0,0,0,0,0,0,0,0,0,0,0,0,0,0,0,0,0,0,0,0,0,0
2790539,2025-12-10,1,Vëllaznimi,Golden Eagle Ylli,"A. Koshi,J. Hellems,L. Colimerio,R. Dahsyla,T. Todd","A. Scott,B. Huffman,E. Kastrati,G. Morina,J. Reece",488,554,66,1.37,1.88,0.86,14,16,17,18,3,2,1,1,0,0,2,1,0,0,1,0,1,0,2,3,1,1,0,0,0,3,0,1,0,0,0,0,0,0,0,0,0,0,0,0,0,0,0,0,0,0,0,0,0,0,0,0,0,0,0,0,0,0
2790539,2025-12-10,1,Vëllaznimi,Golden Eagle Ylli,"A. Koshi,J. Hellems,L. Colimerio,R. Dahsyla,Z. Reid","A. Çallakaj,B. Huffman,E. Kastrati,G. Morina,J. Reece",554,594,40,1.84,0.93,2.76,17,18,17,20,0,2,2,0,1,0,0,0,1,1,0,0,0,0,1,1,0,1,0,4,2,0,1,0,0,0,0,0,0,0,0,0,0,0,0,0,0,0,0,0,0,0,0,0,0,0,0,0,0,0,0,0,0,0
2790539,2025-12-10,1,Vëllaznimi,Golden Eagle Ylli,"A. Koshi,J. Hellems,L. Colimerio,R. Dahsyla,Z. Reid","A. Gashi,A. Çallakaj,E. Kastrati,G. Morina,J. Reece",594,600,6,0.55,1.0,0.1,17,20,19,20,2,0,1,1,0,0,0,0,0,0,1,0,0,0,0,0,0,0,0,0,0,0,0,0,0,0,0,0,0,0,0,0,0,0,0,0,0,0,0,0,0,0,0,0,0,0,0,0,0,0,0,0,0,0
2790539,2025-12-10,2,Vëllaznimi,Golden Eagle Ylli,"A. Koshi,J. Hellems,J. Ismajli,L. Colimerio,Z. Reid","A. Çallakaj,B. Huffman,E. Kastrati,G. Morina,J. Reece",600,731,131,5.19,4.0,6.37,19,20,25,25,6,5,4,2,2,2,0,0,0,1,2,1,0,0,1,4,2,0,0,1,1,1,2,0,0,0,3,2,0,0,0,0,0,0,0,0,0,0,0,0,0,0,0,0,0,0,0,0,0,0,0,0,0,0
2790539,2025-12-10,2,Vëllaznimi,Golden Eagle Ylli,"A. Koshi,J. Hellems,J. Ismajli,L. Colimerio,Z. Reid","A. Scott,A. Çallakaj,B. Huffman,G. Morina,J. Reece",731,788,57,0.93,0.93,0.93,25,25,25,27,0,2,2,0,1,0,0,0,1,0,0,0,1,0,0,2,1,0,0,0,0,1,1,0,0,0,0,1,0,0,0,0,0,0,0,0,0,0,0,0,0,0,0,0,0,0,0,0,0,0,0,0,0,0
2790539,2025-12-10,2,Vëllaznimi,Golden Eagle Ylli,"A. Koshi,J. Hellems,J. Ismajli,L. Colimerio,Z. Reid","A. Scott,A. Çallakaj,G. Morina,J. Reece,L. Shoshi",788,818,30,0.52,0.93,0.1,25,27,27,27,2,0,2,1,1,0,0,0,1,0,0,0,0,0,1,0,0,0,0,0,0,0,0,0,0,0,0,0,0,0,0,0,0,0,0,0,0,0,0,0,0,0,0,0,0,0,0,0,0,0,0,0,0,0
2790539,2025-12-10,2,Vëllaznimi,Golden Eagle Ylli,"A. Koshi,L. Colimerio,S. Zekiqi,T. Todd,Z. Reid","A. Scott,A. Çallakaj,G. Morina,J. Reece,L. Shoshi",818,870,52,1.44,1.0,1.88,27,27,27,29,0,2,1,0,0,0,0,0,0,1,0,0,0,0,0,1,0,1,0,2,2,0,1,0,0,0,0,1,0,0,0,0,0,0,0,0,0,0,0,0,0,0,0,0,0,0,0,0,0,0,0,0,0,0
2790539,2025-12-10,2,Vëllaznimi,Golden Eagle Ylli,"A. Koshi,L. Colimerio,S. Zekiqi,T. Todd,Z. Reid","A. Scott,E. Kastrati,G. Morina,J. Reece,L. Shoshi",870,890,20,0.49,0.88,0.1,27,29,29,29,2,0,0,0,0,0,2,2,0,0,1,0,0,0,1,0,0,0,0,0,0,0,0,0,0,0,0,0,0,0,0,0,0,0,0,0,0,0,0,0,0,0,0,0,0,0,0,0,0,0,0,0,0,0
2790539,2025-12-10,2,Vëllaznimi,Golden Eagle Ylli,"L. Colimerio,R. Dahsyla,S. Zekiqi,T. Todd,Z. Reid","A. Scott,E. Kastrati,G. Morina,J. Reece,L. Shoshi",890,1010,120,4.66,4.0,5.32,29,29,31,35,2,6,3,1,2,0,0,0,0,3,0,0,0,1,0,4,1,3,1,3,3,0,2,0,0,0,0,0,0,0,0,0,0,0,0,0,0,0,0,0,0,0,0,0,0,0,0,0,0,0,0,0,0,0
2790539,2025-12-10,2,Vëllaznimi,Golden Eagle Ylli,"J. Hellems,L. Colimerio,R. Dahsyla,S. Zekiqi,Z. Reid","A. Gashi,A. Scott,E. Kastrati,G. Morina,L. Shoshi",1010,1072,62,1.96,2.0,1.93,31,35,33,35,2,0,1,1,0,0,0,0,0,1,1,1,0,1,1,2,0,0,0,0,0,1,0,0,1,0,1,0,0,0,0,0,0,0,0,0,0,0,0,0,0,0,0,0,0,0,0,0,0,0,0,0,0,0
2790539,2025-12-10,2,Vëllaznimi,Golden Eagle Ylli,"A. Koshi,J. Hellems,R. Dahsyla,S. Zekiqi,Z. Reid","A. Gashi,A. Scott,E. Kastrati,G. Morina,L. Shoshi",1072,1174,102,2.77,2.88,2.67,33,35,36,39,3,4,2,1,1,0,2,1,0,1,0,0,0,0,1,5,1,1,0,2,2,3,2,0,0,0,0,1,0,0,0,0,0,0,0,0,0,0,0,0,0,0,0,0,0,0,0,0,0,0,0,0,0,0
2790539,2025-12-10,2,Vëllaznimi,Golden Eagle Ylli,"J. Hellems,R. Dahsyla,S. Zekiqi,T. Todd,Z. Reid","A. Gashi,A. Çallakaj,E. Kastrati,G. Morina,L. Shoshi",1174,1200,26,1.0,1.0,1.0,36,39,36,41,0,2,1,0,1,0,0,0,0,0,0,0,0,0,0,1,1,0,0,0,0,0,1,1,0,0,0,0,0,0,0,0,0,0,0,0,0,0,0,0,0,0,0,0,0,0,0,0,0,0,0,0,0,0
2790539,2025-12-10,3,Vëllaznimi,Golden Eagle Ylli,"J. Hellems,R. Dahsyla,S. Zekiqi,T. Todd,Z. Reid","A. Scott,A. Çallakaj,B. Huffman,E. Kastrati,L. Shoshi",1200,1512,312,8.96,8.93,9.0,36,41,40,50,4,9,9,2,3,0,0,0,1,1,0,1,0,1,1,5,4,1,1,0,0,0,6,2,1,1,4,1,0,0,0,0,0,0,0,0,0,0,0,0,0,0,0,0,0,0,0,0,0,0,0,0,0,0
2790539,2025-12-10,3,Vëllaznimi,Golden Eagle Ylli,"J. Hellems,L. Colimerio,R. Dahsyla,S. Zekiqi,T. Todd","A. Scott,A. Çallakaj,B. Huffman,E. Kastrati,J. Reece",1512,1640,128,4.37,4.74,4.0,40,50,42,53,2,3,3,0,2,0,2,2,2,1,0,1,1,3,0,2,1,1,1,0,0,0,1,1,1,0,2,1,0,0,0,0,0,0,0,0,0,0,0,0,0,0,0,0,0,0,0,0,0,0,0,0,0,0
2790539,2025-12-10,3,Vëllaznimi,Golden Eagle Ylli,"A. Koshi,J. Hellems,L. Colimerio,R. Dahsyla,S. Zekiqi","A. Scott,A. Çallakaj,E. Kastrati,G. Morina,J. Reece",1640,1677,37,1.5,1.0,2.0,42,53,42,57,0,4,0,0,0,0,0,0,0,0,0,0,0,1,0,2,2,0,0,0,0,0,0,1,1,0,0,0,0,0,0,0,0,0,0,0,0,0,0,0,0,0,0,0,0,0,0,0,0,0,0,0,0,0
2790539,2025-12-10,3,Vëllaznimi,Golden Eagle Ylli,"A. Koshi,J. Hellems,L. Colimerio,R. Dahsyla,Z. Reid","A. Scott,A. Çallakaj,E. Kastrati,G. Morina,J. Reece",1677,1728,51,1.0,1.0,1.0,42,57,42,60,0,3,1,0,1,0,0,0,0,0,0,0,0,0,0,1,1,1,1,0,0,0,1,0,0,0,0,1,0,0,0,0,0,0,0,0,0,0,0,0,0,0,0,0,0,0,0,0,0,0,0,0,0,0
2790539,2025-12-10,3,Vëllaznimi,Golden Eagle Ylli,"A. Koshi,J. Hellems,L. Colimerio,R. Dahsyla,Z. Reid","A. Gashi,A. Çallakaj,E. Kastrati,G. Morina,J. Reece",1728,1800,72,2.94,2.88,3.0,42,60,46,60,4,0,1,1,0,0,2,2,0,1,1,2,0,1,1,1,0,0,0,0,0,0,0,0,1,0,2,1,0,0,0,0,0,0,0,0,0,0,0,0,0,0,0,0,0,0,0,0,0,0,0,0,0,0
2790539,2025-12-10,4,Vëllaznimi,Golden Eagle Ylli,"A. Koshi,J. Hellems,L. Colimerio,R. Dahsyla,Z. Reid","A. Gashi,A. Scott,A. Çallakaj,G. Morina,J. Reece",1800,1889,89,2.43,3.0,1.86,46,60,48,62,2,2,1,1,0,0,0,0,0,0,0,1,0,2,1,3,1,2,0,0,0,2,0,1,2,0,1,0,0,0,0,0,0,0,0,0,0,0,0,0,0,0,0,0,0,0,0,0,0,0,0,0,0,0
2790539,2025-12-10,4,Vëllaznimi,Golden Eagle Ylli,"A. Koshi,J. Hellems,L. Colimerio,R. Dahsyla,Z. Reid","A. Scott,A. Çallakaj,G. Morina,J. Reece,L. Shoshi",1889,1949,60,1.94,2.0,1.88,48,62,50,66,2,4,2,1,0,0,0,0,0,1,1,0,0,0,1,1,1,1,1,2,1,0,1,1,0,0,0,0,0,0,0,0,0,0,0,0,0,0,0,0,0,0,0,0,0,0,0,0,0,0,0,0,0,0
2790539,2025-12-10,4,Vëllaznimi,Golden Eagle Ylli,"A. Koshi,J. Hellems,L. Colimerio,R. Dahsyla,T. Todd","A. Scott,A. Çallakaj,G. Morina,J. Reece,L. Shoshi",1949,1992,43,1.46,1.0,1.93,50,66,52,66,2,0,1,1,0,0,0,0,0,1,1,1,1,0,0,2,0,1,0,0,0,1,0,0,0,0,1,1,0,0,0,0,0,0,0,0,0,0,0,0,0,0,0,0,0,0,0,0,0,0,0,0,0,0
2790539,2025-12-10,4,Vëllaznimi,Golden Eagle Ylli,"A. Koshi,J. Hellems,L. Colimerio,R. Dahsyla,T. Todd","A. Scott,A. Çallakaj,E. Kastrati,G. Morina,L. Shoshi",1992,2096,104,2.46,2.93,2.0,52,66,57,66,5,0,4,2,3,1,0,0,1,2,1,0,0,0,1,2,0,0,0,0,0,0,1,0,0,0,0,0,0,0,0,0,0,0,0,0,0,0,0,0,0,0,0,0,0,0,0,0,0,0,0,0,0,0
2790539,2025-12-10,4,Vëllaznimi,Golden Eagle Ylli,"J. Hellems,L. Colimerio,R. Dahsyla,S. Zekiqi,T. Todd","A. Scott,A. Çallakaj,B. Huffman,E. Kastrati,L. Shoshi",2096,2143,47,2.0,1.0,3.0,57,66,60,66,3,0,1,1,1,1,0,0,0,0,1,0,0,0,0,0,0,0,0,0,0,0,0,0,0,0,3,2,0,0,0,0,0,0,0,0,0,0,0,0,0,0,0,0,0,0,0,0,0,0,0,0,0,0
2790539,2025-12-10,4,Vëllaznimi,Golden Eagle Ylli,"J. Hellems,L. Colimerio,R. Dahsyla,S. Zekiqi,T. Todd","A. Scott,A. Çallakaj,B. Huffman,E. Kastrati,G. Morina",2143,2214,71,1.96,2.0,1.93,60,66,60,68,0,2,2,0,1,0,0,0,0,0,0,0,0,0,1,2,1,1,0,0,0,1,2,0,0,0,1,0,0,0,0,0,0,0,0,0,0,0,0,0,0,0,0,0,0,0,0,0,0,0,0,0,0,0
2790539,2025-12-10,4,Vëllaznimi,Golden Eagle Ylli,"J. Hellems,R. Dahsyla,S. Zekiqi,T. Todd,Z. Reid","A. Scott,A. Çallakaj,B. Huffman,E. Kastrati,G. Morina",2214,2318,104,4.3,4.61,4.0,60,68,63,68,3,0,3,1,2,0,3,1,1,1,1,2,0,1,0,1,0,1,0,0,0,0,2,0,1,0,3,2,0,0,0,0,0,0,0,0,0,0,0,0,0,0,0,0,0,0,0,0,0,0,0,0,0,0
2790539,2025-12-10,4,Vëllaznimi,Golden Eagle Ylli,"J. Hellems,R. Dahsyla,S. Zekiqi,T. Todd,Z. Reid","A. Scott,A. Çallakaj,E. Kastrati,G. Morina,L. Shoshi",2318,2395,77,4.07,3.86,4.28,63,68,66,71,3,3,6,1,1,1,0,0,2,2,0,0,0,0,3,1,0,0,0,6,3,1,3,0,0,2,1,0,0,0,0,0,0,0,0,0,0,0,0,0,0,0,0,0,0,0,0,0,0,0,0,0,0,0
2790540,2025-12-11,1,GO+Peja,Bora,"A. Hhajdari,J. Johnson,M. Mala,S. Flatten,T. Green","A. Hot,A. Hunter,A. Mekic,J. Zeqiri,S. Jules",0,259,259,7.39,7.0,7.79,0,0,7,14,7,14,7,3,2,1,0,0,0,2,2,0,1,0,1,10,5,6,4,0,0,3,4,5,0,1,1,1,0,0,0,0,0,0,0,0,0,0,0,0,0,0,0,0,0,0,0,0,0,0,0,0,0,0
2790540,2025-12-11,1,GO+Peja,Bora,"A. Hhajdari,J. Johnson,M. Mala,S. Flatten,T. Green","A. Hot,A. Hunter,A. Mekic,G. Zeqiri,S. Jules",259,289,30,1.5,1.0,2.0,7,14,7,14,0,0,1,0,1,0,0,0,0,0,0,0,0,0,0,0,0,0,0,0,0,0,1,0,0,0,2,1,0,0,0,0,0,0,0,0,0,0,0,0,0,0,0,0,0,0,0,0,0,0,0,0,0,0
2790540,2025-12-11,1,GO+Peja,Bora,"A. Hhajdari,J. Johnson,M. Mala,S. Flatten,T. Green","A. Hot,A. Hunter,A. Mekic,C. Payton Jr,G. Zeqiri",289,349,60,1.5,2.0,1.0,7,14,10,14,3,0,1,1,1,1,0,0,0,1,0,0,0,1,0,1,0,1,0,0,0,0,0,0,0,0,0,0,0,0,0,0,0,0,0,0,0,0,0,0,0,0,0,0,0,0,0,0,0,0,0,0,0,0
2790540,2025-12-11,1,GO+Peja,Bora,"C. Edwards,D. Berisha,J. Johnson,M. Mala,S. Flatten","A. Mekic,C. Payton Jr,G. Zeqiri,J. Zeqiri,T. Cheese",349,384,35,1.44,1.0,1.88,10,14,10,18,0,4,0,0,0,0,0,0,0,0,0,0,0,1,1,1,1,0,0,2,2,0,0,1,1,0,0,1,0,0,0,0,0,0,0,0,0,0,0,0,0,0,0,0,0,0,0,0,0,0,0,0,0,0
2790540,2025-12-11,1,GO+Peja,Bora,"C. Edwards,D. Berisha,J. Johnson,M. Mala,S. Flatten","A. Hunter,C. Payton Jr,G. Zeqiri,J. Zeqiri,T. Cheese",384,427,43,1.0,1.0,1.0,10,18,10,21,0,3,1,0,0,0,0,0,0,0,0,0,0,0,1,1,1,1,1,0,0,0,1,1,0,0,0,0,0,0,0,0,0,0,0,0,0,0,0,0,0,0,0,0,0,0,0,0,0,0,0,0,0,0
2790540,2025-12-11,1,GO+Peja,Bora,"A. Herndon,C. Edwards,D. Berisha,J. Johnson,M. Mala","A. Hunter,C. Payton Jr,G. Zeqiri,J. Zeqiri,T. Cheese",427,547,120,3.43,3.86,3.0,10,21,13,28,3,7,5,1,3,1,0,0,2,0,1,0,0,1,0,3,3,1,1,0,0,0,2,2,1,1,0,0,0,0,0,0,0,0,0,0,0,0,0,0,0,0,0,0,0,0,0,0,0,0,0,0,0,0
2790540,2025-12-11,1,GO+Peja,Bora,"A. Herndon,C. Edwards,D. Berisha,J. Johnson,M. Mala","A. Hot,A. Hunter,C. Payton Jr,J. Zeqiri,T. Cheese",547,600,53,1.94,1.88,2.0,13,28,15,30,2,2,1,0,0,0,2,2,0,1,0,0,0,0,0,2,1,1,0,0,0,0,1,0,0,0,0,1,0,0,0,0,0,0,0,0,0,0,0,0,0,0,0,0,0,0,0,0,0,0,0,0,0,0
2790540,2025-12-11,2,GO+Peja,Bora,"C. Edwards,D. Berisha,M. Mala,S. Flatten,T. Green","A. Hot,A. Hunter,C. Payton Jr,J. Zeqiri,T. Cheese",600,719,119,3.19,3.0,3.37,15,30,20,35,5,5,3,2,2,1,0,0,0,0,1,0,0,0,1,3,2,1,0,1,1,1,1,1,0,0,1,0,0,0,0,0,0,0,0,0,0,0,0,0,0,0,0,0,0,0,0,0,0,0,0,0,0,0
2790540,2025-12-11,2,GO+Peja,Bora,"A. Hhajdari,C. Edwards,M. Mala,S. Flatten,T. Green","A. Hot,A. Hunter,J. Zeqiri,S. Jules,T. Cheese",719,769,50,1.17,1.34,1.0,20,35,21,35,1,0,1,0,1,0,2,1,1,1,1,0,1,0,0,1,0,0,0,0,0,0,1,0,0,0,0,2,0,0,0,0,0,0,0,0,0,0,0,0,0,0,0,0,0,0,0,0,0,0,0,0,0,0
2790540,2025-12-11,2,GO+Peja,Bora,"A. Hhajdari,C. Edwards,M. Mala,S. Flatten,T. Green","A. Hot,A. Hunter,A. Mekic,J. Zeqiri,S. Jules",769,801,32,0.96,0.93,1.0,21,35,21,37,0,2,2,0,0,0,0,0,1,0,0,0,0,0,0,1,1,0,0,0,0,0,1,1,0,0,0,0,0,0,0,0,0,0,0,0,0,0,0,0,0,0,0,0,0,0,0,0,0,0,0,0,0,0
2790540,2025-12-11,2,GO+Peja,Bora,"A. Hhajdari,C. Edwards,M. Mala,S. Flatten,T. Green","A. Hot,A. Mekic,G. Zeqiri,J. Zeqiri,S. Jules",801,851,50,1.0,1.0,1.0,21,37,23,37,2,0,1,1,0,0,0,0,0,1,1,0,0,0,0,1,0,0,0,0,0,0,0,0,0,0,0,1,0,0,0,0,0,0,0,0,0,0,0,0,0,0,0,0,0,0,0,0,0,0,0,0,0,0
2790540,2025-12-11,2,GO+Peja,Bora,"A. Hhajdari,J. Johnson,M. Mala,S. Flatten,T. Green","A. Hot,A. Mekic,C. Payton Jr,G. Zeqiri,S. Jules",851,963,112,3.72,4.44,3.0,23,37,31,37,8,0,4,3,2,1,1,1,0,3,2,0,0,0,1,3,0,1,0,0,0,0,1,0,0,0,0,1,0,0,0,0,0,0,0,0,0,0,0,0,0,0,0,0,0,0,0,0,0,0,0,0,0,0
2790540,2025-12-11,2,GO+Peja,Bora,"A. Herndon,A. Hhajdari,J. Johnson,M. Mala,S. Flatten","A. Hot,A. Mekic,J. Zeqiri,S. Jules,T. Cheese",963,983,20,1.0,1.0,1.0,31,37,34,37,3,0,1,1,1,1,0,0,0,1,1,0,0,0,0,1,0,0,0,0,0,0,0,0,0,0,0,0,0,0,0,0,0,0,0,0,0,0,0,0,0,0,0,0,0,0,0,0,0,0,0,0,0,0
2790540,2025-12-11,2,GO+Peja,Bora,"A. Herndon,A. Hhajdari,J. Johnson,M. Mala,S. Flatten","A. Hot,A. Hunter,J. Zeqiri,S. Jules,T. Cheese",983,1052,69,2.0,2.0,2.0,34,37,37,40,3,3,2,1,2,1,0,0,0,1,1,0,0,0,1,2,1,1,1,0,0,0,1,1,0,0,0,0,0,0,0,0,0,0,0,0,0,0,0,0,0,0,0,0,0,0,0,0,0,0,0,0,0,0
2790540,2025-12-11,2,GO+Peja,Bora,"A. Herndon,A. Hhajdari,J. Johnson,M. Mala,S. Flatten","A. Hot,A. Hunter,A. Mekic,J. Zeqiri,S. Jules",1052,1152,100,3.5,2.93,4.08,37,40,40,43,3,3,3,1,2,1,0,0,1,3,0,0,0,1,0,4,1,2,0,2,1,1,1,2,1,1,0,0,0,0,0,0,0,0,0,0,0,0,0,0,0,0,0,0,0,0,0,0,0,0,0,0,0,0
2790540,2025-12-11,2,GO+Peja,Bora,"A. Hhajdari,J. Johnson,M. Mala,S. Flatten,T. Green","A. Hot,A. Hunter,A. Mekic,J. Zeqiri,S. Jules",1152,1166,14,0.1,0.1,0.1,40,43,40,43,0,0,0,0,0,0,0,0,0,0,0,0,0,0,0,0,0,0,0,0,0,0,0,0,0,0,0,1,0,0,0,0,0,0,0,0,0,0,0,0,0,0,0,0,0,0,0,0,0,0,0,0,0,0
2790540,2025-12-11,2,GO+Peja,Bora,"A. Hhajdari,J. Johnson,M. Mala,S. Flatten,T. Green","A. Hot,A. Hunter,A. Mekic,J. Zeqiri,T. Cheese",1166,1200,34,1.44,1.88,1.0,40,43,41,43,1,0,1,0,1,0,2,1,0,1,0,0,0,0,0,1,0,1,0,0,0,0,1,0,0,0,0,0,0,0,0,0,0,0,0,0,0,0,0,0,0,0,0,0,0,0,0,0,0,0,0,0,0,0
2790540,2025-12-11,3,GO+Peja,Bora,"A. Hhajdari,J. Johnson,M. Mala,S. Flatten,T. Green","A. Hot,A. Hunter,J. Zeqiri,S. Jules,T. Cheese",1200,1466,266,7.87,7.74,8.0,41,43,47,51,6,8,6,2,1,0,2,2,2,5,1,0,0,3,2,8,3,4,2,0,0,0,2,2,0,0,0,2,0,0,0,0,0,0,0,0,0,0,0,0,0,0,0,0,0,0,0,0,0,0,0,0,0,0
2790540,2025-12-11,3,GO+Peja,Bora,"D. Berisha,J. Johnson,M. Mala,S. Flatten,T. Green","A. Hunter,A. Mekic,G. Zeqiri,J. Zeqiri,S. Jules",1466,1525,59,2.08,2.17,2.0,47,51,47,57,0,6,2,0,1,0,2,0,1,0,0,0,0,0,0,2,2,2,2,0,0,0,2,1,0,0,0,0,0,0,0,0,0,0,0,0,0,0,0,0,0,0,0,0,0,0,0,0,0,0,0,0,0,0
2790540,2025-12-11,3,GO+Peja,Bora,"C. Edwards,D. Berisha,J. Johnson,M. Mala,S. Flatten","A. Hunter,A. Mekic,G. Zeqiri,J. Zeqiri,S. Jules",1525,1564,39,1.0,1.0,1.0,47,57,47,57,0,0,1,0,0,0,0,0,0,1,0,0,0,0,0,1,0,0,0,0,0,0,1,0,0,0,0,1,0,0,0,0,0,0,0,0,0,0,0,0,0,0,0,0,0,0,0,0,0,0,0,0,0,0
2790540,2025-12-11,3,GO+Peja,Bora,"A. Hhajdari,C. Edwards,D. Berisha,J. Johnson,S. Flatten","A. Hunter,A. Mekic,C. Payton Jr,G. Zeqiri,J. Zeqiri",1564,1684,120,3.09,2.86,3.32,47,57,49,60,2,3,4,1,3,0,0,0,2,2,0,0,0,1,2,2,0,0,0,3,3,0,1,0,1,0,0,1,0,0,0,0,0,0,0,0,0,0,0,0,0,0,0,0,0,0,0,0,0,0,0,0,0,0
2790540,2025-12-11,3,GO+Peja,Bora,"A. Hhajdari,C. Edwards,D. Berisha,J. Johnson,T. Green","A. Hunter,A. Mekic,C. Payton Jr,G. Zeqiri,J. Zeqiri",1684,1764,80,2.88,2.88,2.88,49,60,53,67,4,7,2,1,0,0,2,2,0,0,0,0,0,0,1,2,2,1,1,2,2,0,1,2,0,0,0,1,0,0,0,0,0,0,0,0,0,0,0,0,0,0,0,0,0,0,0,0,0,0,0,0,0,0
2790540,2025-12-11,3,GO+Peja,Bora,"A. Hhajdari,C. Edwards,D. Berisha,J. Johnson,T. Green","A. Mekic,C. Payton Jr,G. Zeqiri,J. Zeqiri,T. Cheese",1764,1784,20,0.52,0.93,0.1,53,67,55,67,2,0,2,1,0,0,0,0,1,0,0,0,0,0,0,0,0,0,0,0,0,0,0,0,0,1,0,0,0,0,0,0,0,0,0,0,0,0,0,0,0,0,0,0,0,0,0,0,0,0,0,0,0,0
2790540,2025-12-11,3,GO+Peja,Bora,"A. Hhajdari,C. Edwards,D. Berisha,J. Johnson,T. Green","A. Hunter,A. Mekic,G. Zeqiri,J. Zeqiri,T. Cheese",1784,1800,16,0.55,0.1,1.0,55,67,55,67,0,0,0,0,0,0,0,0,0,1,0,0,0,0,0,1,0,1,0,0,0,0,0,0,0,0,0,0,0,0,0,0,0,0,0,0,0,0,0,0,0,0,0,0,0,0,0,0,0,0,0,0,0,0
2790540,2025-12-11,4,GO+Peja,Bora,"A. Hhajdari,C. Edwards,J. Johnson,M. Mala,T. Green","A. Hunter,A. Mekic,C. Payton Jr,G. Zeqiri,J. Zeqiri",1800,1915,115,2.96,2.93,3.0,55,67,62,67,7,0,4,3,2,1,0,0,1,2,3,1,0,0,0,2,0,1,0,0,0,0,0,0,0,0,1,2,0,0,0,0,0,0,0,0,0,0,0,0,0,0,0,0,0,0,0,0,0,0,0,0,0,0
2790540,2025-12-11,4,GO+Peja,Bora,"A. Hhajdari,C. Edwards,J. Johnson,M. Mala,T. Green","A. Hot,A. Hunter,A. Mekic,J. Zeqiri,S. Jules",1915,2017,102,2.43,2.93,1.93,62,67,66,72,4,5,4,2,1,0,0,0,1,0,0,0,0,0,0,3,2,1,1,0,0,1,1,0,0,0,0,0,0,0,0,0,0,0,0,0,0,0,0,0,0,0,0,0,0,0,0,0,0,0,0,0,0,0
2790540,2025-12-11,4,GO+Peja,Bora,"A. Hhajdari,C. Edwards,J. Johnson,M. Mala,T. Green","A. Hot,A. Hunter,A. Mekic,G. Zeqiri,S. Jules",2017,2063,46,0.94,1.0,0.88,66,72,68,73,2,1,1,1,0,0,0,0,0,1,1,0,0,0,2,0,0,0,0,2,1,0,0,1,0,0,0,0,0,0,0,0,0,0,0,0,0,0,0,0,0,0,0,0,0,0,0,0,0,0,0,0,0,0
2790540,2025-12-11,4,GO+Peja,Bora,"A. Hhajdari,C. Edwards,J. Johnson,M. Mala,S. Flatten","A. Hot,A. Hunter,A. Mekic,G. Zeqiri,S. Jules",2063,2102,39,1.96,1.0,2.93,68,73,68,73,0,0,0,0,0,0,0,0,0,0,0,1,0,1,0,1,0,0,0,0,0,1,0,0,1,0,3,2,0,0,0,0,0,0,0,0,0,0,0,0,0,0,0,0,0,0,0,0,0,0,0,0,0,0
2790540,2025-12-11,4,GO+Peja,Bora,"A. Hhajdari,C. Edwards,J. Johnson,M. Mala,S. Flatten","A. Hot,A. Hunter,A. Mekic,J. Zeqiri,S. Jules",2102,2218,116,2.5,3.0,2.0,70,73,73,75,3,2,3,1,2,1,0,0,0,1,1,0,0,0,2,2,1,0,0,0,0,0,2,0,0,1,0,0,0,0,0,0,0,0,0,0,0,0,0,0,0,0,0,0,0,0,0,0,0,0,0,0,0,0
2790540,2025-12-11,4,GO+Peja,Bora,"A. Hhajdari,J. Johnson,M. Mala,S. Flatten,T. Green","A. Hot,A. Hunter,A. Mekic,J. Zeqiri,T. Cheese",2218,2388,170,4.9,5.0,4.81,73,75,78,80,5,5,4,2,2,1,0,0,0,2,0,0,1,1,1,5,2,0,0,2,1,1,2,1,0,0,0,0,0,0,0,0,0,0,0,0,0,0,0,0,0,0,0,0,0,0,0,0,0,0,0,0,0,0
2790540,2025-12-11,4,GO+Peja,Bora,"A. Hhajdari,J. Johnson,M. Mala,S. Flatten,T. Green","A. Hot,A. Mekic,J. Zeqiri,S. Jules,T. Cheese",2388,2396,8,1.38,1.0,1.76,78,80,81,82,3,2,1,1,1,1,0,0,0,0,1,0,0,0,1,0,0,0,0,4,2,1,0,0,0,0,0,0,0,0,0,0,0,0,0,0,0,0,0,0,0,0,0,0,0,0,0,0,0,0,0,0,0,0
2790541,2025-12-11,1,Sigal Prishtina,Rahoveci 029,"A. Azemi,D. Burns,D. Haxhosaj,K. Kramer,T. Vissariou","B. Rexha,F. Rugova,I. Umipig,J. Roche,K. Pullian",0,414,414,11.4,10.95,11.86,0,0,8,17,8,17,11,2,7,1,4,3,5,3,2,2,1,3,2,12,7,5,3,0,0,2,5,3,3,1,2,2,0,0,0,0,0,0,0,0,0,0,0,0,0,0,0,0,0,0,0,0,0,0,0,0,0,0
2790541,2025-12-11,1,Sigal Prishtina,Rahoveci 029,"A. Azemi,A. Bailey,D. Burns,D. Polloshka,K. Kramer","A. Berisha,F. Rugova,I. Umipig,J. Roche,K. Pullian",414,429,15,0.49,0.88,0.1,8,17,9,17,1,0,0,0,0,0,2,1,0,0,1,0,0,0,0,0,0,0,0,0,0,0,0,0,0,0,0,1,0,0,0,0,0,0,0,0,0,0,0,0,0,0,0,0,0,0,0,0,0,0,0,0,0,0
2790541,2025-12-11,1,Sigal Prishtina,Rahoveci 029,"A. Azemi,A. Bailey,D. Burns,D. Polloshka,K. Kramer","A. Berisha,I. Umipig,J. Roche,K. Pullian,V. Ejupi",429,525,96,2.46,1.93,3.0,9,17,13,17,4,0,3,2,0,0,0,0,1,2,1,0,0,0,0,2,0,1,0,0,0,0,0,0,0,0,1,1,0,0,0,0,0,0,0,0,0,0,0,0,0,0,0,0,0,0,0,0,0,0,0,0,0,0
2790541,2025-12-11,1,Sigal Prishtina,Rahoveci 029,"A. Azemi,A. Bailey,D. Burns,D. Polloshka,K. Kramer","A. Berisha,A. Patty,I. Umipig,K. Pullian,V. Ejupi",525,719,194,3.99,3.99,4.0,13,17,20,23,7,6,8,3,5,1,0,0,3,2,3,0,1,0,0,4,2,3,2,0,0,0,1,0,0,0,0,0,0,0,0,0,0,0,0,0,0,0,0,0,0,0,0,0,0,0,0,0,0,0,0,0,0,0
2790541,2025-12-11,2,Sigal Prishtina,Rahoveci 029,"A. Azemi,A. Bailey,D. Burns,D. Polloshka,K. Kramer","A. Patty,F. Rugova,I. Umipig,J. Roche,V. Ejupi",719,755,36,0.55,1.0,0.1,20,23,22,23,2,0,1,1,0,0,0,0,0,0,0,0,0,0,1,0,0,0,0,0,0,0,0,0,0,0,0,0,0,0,0,0,0,0,0,0,0,0,0,0,0,0,0,0,0,0,0,0,0,0,0,0,0,0
2790541,2025-12-11,2,Sigal Prishtina,Rahoveci 029,"A. Azemi,A. Bailey,D. Burns,D. Polloshka,K. Kramer","A. Patty,B. Rexha,F. Rugova,I. Umipig,J. Roche",755,873,118,3.9,3.93,3.88,22,23,27,26,5,3,5,2,2,1,0,0,1,1,1,1,0,0,0,1,1,0,0,2,1,0,2,1,0,1,2,0,0,0,0,0,0,0,0,0,0,0,0,0,0,0,0,0,0,0,0,0,0,0,0,0,0,0
2790541,2025-12-11,2,Sigal Prishtina,Rahoveci 029,"A. Azemi,A. Bailey,D. Burns,D. Polloshka,K. Kramer","A. Patty,F. Rugova,H. Durguti,I. Umipig,J. Roche",873,921,48,0.96,1.0,0.93,27,26,29,26,2,0,1,1,0,0,0,0,0,0,1,1,0,0,1,1,0,0,0,0,0,1,0,0,0,0,1,0,0,0,0,0,0,0,0,0,0,0,0,0,0,0,0,0,0,0,0,0,0,0,0,0,0,0
2790541,2025-12-11,2,Sigal Prishtina,Rahoveci 029,"A. Azemi,A. Bailey,D. Burns,D. Polloshka,K. Kramer","F. Rugova,H. Durguti,I. Umipig,J. Roche,K. Pullian",921,1056,135,4.4,3.88,4.93,29,26,34,32,5,6,3,1,1,1,2,2,0,2,1,0,0,0,2,6,3,3,0,0,0,1,2,1,0,0,0,1,0,0,0,0,0,0,0,0,0,0,0,0,0,0,0,0,0,0,0,0,0,0,0,0,0,0
2790541,2025-12-11,2,Sigal Prishtina,Rahoveci 029,"A. Azemi,A. Bailey,D. Haxhosaj,D. Polloshka,T. Vissariou","F. Rugova,H. Durguti,I. Umipig,J. Roche,K. Pullian",1056,1110,54,0.94,1.0,0.88,34,32,37,32,3,0,1,1,1,1,0,0,0,1,1,0,0,0,1,0,0,0,0,2,0,0,0,0,0,0,0,1,0,0,0,0,0,0,0,0,0,0,0,0,0,0,0,0,0,0,0,0,0,0,0,0,0,0
2790541,2025-12-11,2,Sigal Prishtina,Rahoveci 029,"A. Bailey,D. Burns,D. Haxhosaj,D. Polloshka,T. Vissariou","F. Rugova,H. Durguti,I. Umipig,J. Roche,K. Pullian",1110,1200,90,3.44,4.0,2.88,37,32,39,38,2,6,4,1,2,0,0,0,0,0,1,0,0,0,1,2,2,0,0,2,2,0,3,2,0,1,0,0,0,0,0,0,0,0,0,0,0,0,0,0,0,0,0,0,0,0,0,0,0,0,0,0,0,0
2790541,2025-12-11,3,Sigal Prishtina,Rahoveci 029,"A. Azemi,A. Bailey,D. Burns,D. Polloshka,K. Kramer","F. Rugova,H. Durguti,I. Umipig,J. Roche,K. Pullian",1200,1383,183,6.08,6.3,5.86,39,38,48,41,9,3,8,4,2,0,1,1,2,4,1,1,0,0,0,7,1,2,1,0,0,2,2,1,0,0,1,2,0,0,0,0,0,0,0,0,0,0,0,0,0,0,0,0,0,0,0,0,0,0,0,0,0,0
2790541,2025-12-11,3,Sigal Prishtina,Rahoveci 029,"A. Azemi,A. Bailey,D. Burns,D. Polloshka,K. Kramer","A. Patty,F. Rugova,H. Durguti,I. Umipig,J. Roche",1383,1545,162,4.0,4.0,4.0,48,41,53,48,5,7,2,2,1,1,0,0,0,1,2,0,1,2,1,4,3,1,1,0,0,0,0,3,1,0,0,0,0,0,0,0,0,0,0,0,0,0,0,0,0,0,0,0,0,0,0,0,0,0,0,0,0,0
2790541,2025-12-11,3,Sigal Prishtina,Rahoveci 029,"A. Azemi,A. Bailey,D. Burns,D. Haxhosaj,K. Kramer","A. Patty,F. Rugova,H. Durguti,I. Umipig,J. Roche",1545,1800,255,6.9,6.5,7.3,53,48,53,58,0,10,7,0,3,0,0,0,2,1,0,1,0,2,2,7,4,3,1,1,1,2,4,4,1,0,2,1,0,0,0,0,0,0,0,0,0,0,0,0,0,0,0,0,0,0,0,0,0,0,0,0,0,0
2790541,2025-12-11,4,Sigal Prishtina,Rahoveci 029,"A. Azemi,A. Bailey,D. Burns,D. Polloshka,K. Kramer","A. Patty,F. Rugova,H. Durguti,I. Umipig,J. Roche",1800,2017,217,5.8,5.86,5.74,53,58,58,64,5,6,6,2,2,1,0,0,2,2,1,1,1,2,2,6,2,1,0,2,2,2,2,2,1,1,1,1,0,0,0,0,0,0,0,0,0,0,0,0,0,0,0,0,0,0,0,0,0,0,0,0,0,0
2790541,2025-12-11,4,Sigal Prishtina,Rahoveci 029,"A. Azemi,A. Bailey,D. Burns,D. Haxhosaj,T. Vissariou","A. Patty,F. Rugova,H. Durguti,I. Umipig,J. Roche",2017,2223,206,5.94,5.88,6.0,58,64,70,70,12,6,5,4,2,2,2,2,0,2,2,1,0,0,1,5,3,1,0,0,0,0,1,2,0,0,1,1,0,0,0,0,0,0,0,0,0,0,0,0,0,0,0,0,0,0,0,0,0,0,0,0,0,0
2790541,2025-12-11,4,Sigal Prishtina,Rahoveci 029,"A. Azemi,A. Bailey,D. Burns,D. Haxhosaj,T. Vissariou","A. Patty,F. Rugova,H. Durguti,I. Umipig,K. Pullian",2223,2399,176,5.5,5.0,6.0,70,70,75,73,5,3,5,2,1,1,0,0,0,3,1,1,0,0,1,4,1,3,1,0,0,0,3,1,0,0,2,2,0,0,0,0,0,0,0,0,0,0,0,0,0,0,0,0,0,0,0,0,0,0,0,0,0,0
2791545,2025-12-14,1,Sigal Prishtina,Bashkimi,"A. Azemi,D. Burns,D. Haxhosaj,K. Kramer,T. Vissariou","D. Lake,I. Cousins,K. Anderson,L. Zeqiri,M. Ismaili",0,228,228,7.76,7.2,8.32,0,0,7,9,7,9,4,1,3,0,5,5,0,3,1,0,1,1,3,5,2,3,2,3,3,0,3,2,1,0,2,3,0,0,0,0,0,0,0,0,0,0,0,0,0,0,0,0,0,0,0,0,0,0,0,0,0,0
2791545,2025-12-14,1,Sigal Prishtina,Bashkimi,"A. Azemi,D. Burns,D. Haxhosaj,K. Kramer,T. Vissariou","D. Lake,I. Nwamu,K. Anderson,L. Zeqiri,M. Ismaili",228,449,221,5.82,5.65,6.0,7,9,11,19,4,10,11,2,2,0,0,0,5,2,0,0,0,0,0,6,4,3,2,0,0,0,4,4,0,0,0,2,0,0,0,0,0,0,0,0,0,0,0,0,0,0,0,0,0,0,0,0,0,0,0,0,0,0
2791545,2025-12-14,1,Sigal Prishtina,Bashkimi,"A. Azemi,A. Bailey,D. Burns,D. Polloshka,K. Kramer","D. Lake,I. Nwamu,K. Anderson,L. Zeqiri,M. Janjeva",449,495,46,1.0,1.0,1.0,12,19,14,19,2,0,1,1,0,0,0,0,0,1,1,0,0,0,1,1,0,0,0,0,0,0,0,0,0,0,0,0,0,0,0,0,0,0,0,0,0,0,0,0,0,0,0,0,0,0,0,0,0,0,0,0,0,0
2791545,2025-12-14,1,Sigal Prishtina,Bashkimi,"A. Azemi,A. Bailey,D. Burns,D. Polloshka,K. Kramer","I. Nwamu,K. Anderson,L. Zeqiri,M. Janjeva,T. Bickerstaff",495,555,60,2.72,2.44,3.0,14,19,16,19,2,0,2,1,0,0,1,0,0,1,0,2,1,0,0,1,0,0,0,0,0,0,2,0,0,0,2,2,0,0,0,0,0,0,0,0,0,0,0,0,0,0,0,0,0,0,0,0,0,0,0,0,0,0
2791545,2025-12-14,1,Sigal Prishtina,Bashkimi,"A. Azemi,A. Bailey,D. Burns,D. Polloshka,K. Kramer","I. Nwamu,K. Anderson,L. Zeqiri,T. Bickerstaff,V. Gjecaj",555,581,26,1.94,2.88,1.0,16,19,17,21,1,2,0,0,0,0,2,1,0,0,0,0,0,2,1,1,1,0,0,0,0,0,1,0,0,0,0,0,0,0,0,0,0,0,0,0,0,0,0,0,0,0,0,0,0,0,0,0,0,0,0,0,0,0
2791545,2025-12-14,1,Sigal Prishtina,Bashkimi,"A. Azemi,A. Bailey,D. Burns,D. Polloshka,K. Kramer","I. Cousins,I. Nwamu,L. Zeqiri,T. Bickerstaff,V. Gjecaj",581,656,75,1.93,1.86,2.0,17,21,21,24,4,3,4,2,2,0,0,0,1,1,1,0,1,0,1,2,1,1,1,0,0,0,0,1,0,0,0,0,0,0,0,0,0,0,0,0,0,0,0,0,0,0,0,0,0,0,0,0,0,0,0,0,0,0
2791545,2025-12-14,2,Sigal Prishtina,Bashkimi,"A. Azemi,A. Bailey,D. Burns,D. Polloshka,K. Kramer","I. Cousins,I. Nwamu,L. Zeqiri,M. Janjeva,T. Bickerstaff",656,714,58,2.44,2.0,2.88,21,24,23,27,2,3,1,1,0,0,0,0,0,1,1,0,0,1,0,1,1,0,0,2,1,0,0,0,1,0,1,1,0,0,0,0,0,0,0,0,0,0,0,0,0,0,0,0,0,0,0,0,0,0,0,0,0,0
2791545,2025-12-14,2,Sigal Prishtina,Bashkimi,"A. Bailey,D. Burns,D. Haxhosaj,D. Polloshka,K. Kramer","I. Cousins,I. Nwamu,M. Ismaili,M. Janjeva,T. Bickerstaff",714,764,50,0.96,0.93,1.0,23,27,25,29,2,2,2,1,1,0,0,0,1,0,0,0,0,0,1,1,1,0,0,0,0,0,0,1,0,0,0,0,0,0,0,0,0,0,0,0,0,0,0,0,0,0,0,0,0,0,0,0,0,0,0,0,0,0
2791545,2025-12-14,2,Sigal Prishtina,Bashkimi,"A. Bailey,D. Burns,D. Haxhosaj,D. Polloshka,K. Kramer","I. Cousins,K. Anderson,M. Ismaili,M. Janjeva,T. Bickerstaff",764,821,57,2.22,2.0,2.44,25,29,25,30,0,1,1,0,1,0,0,0,0,0,0,0,0,1,0,0,0,0,0,1,1,0,1,0,0,0,2,1,0,0,0,0,0,0,0,0,0,0,0,0,0,0,0,0,0,0,0,0,0,0,0,0,0,0
2791545,2025-12-14,2,Sigal Prishtina,Bashkimi,"A. Bailey,D. Burns,D. Haxhosaj,D. Polloshka,K. Kramer","I. Nwamu,K. Anderson,M. Ismaili,M. Janjeva,T. Bickerstaff",821,879,58,1.96,1.93,2.0,25,30,29,30,4,0,3,2,1,0,0,0,1,2,0,0,0,0,0,2,0,0,0,0,0,0,0,0,0,0,0,0,0,0,0,0,0,0,0,0,0,0,0,0,0,0,0,0,0,0,0,0,0,0,0,0,0,0
2791545,2025-12-14,2,Sigal Prishtina,Bashkimi,"A. Bailey,D. Burns,D. Haxhosaj,D. Polloshka,K. Kramer","D. Lake,I. Nwamu,K. Anderson,L. Zeqiri,M. Ismaili",879,1056,177,5.9,5.0,6.81,29,30,35,36,6,6,4,2,2,2,0,0,0,1,2,0,0,1,1,4,2,2,1,2,1,1,2,3,1,1,3,3,0,0,0,0,0,0,0,0,0,0,0,0,0,0,0,0,0,0,0,0,0,0,0,0,0,0
2791545,2025-12-14,2,Sigal Prishtina,Bashkimi,"A. Bailey,D. Burns,D. Haxhosaj,D. Polloshka,T. Vissariou","D. Lake,I. Nwamu,K. Anderson,L. Zeqiri,M. Ismaili",1056,1176,120,3.94,3.88,4.0,35,36,42,39,7,3,3,2,3,2,2,1,0,2,1,1,0,0,1,3,1,2,1,0,0,0,1,0,0,0,1,0,0,0,0,0,0,0,0,0,0,0,0,0,0,0,0,0,0,0,0,0,0,0,0,0,0,0
2791545,2025-12-14,2,Sigal Prishtina,Bashkimi,"A. Azemi,A. Bailey,D. Burns,D. Polloshka,T. Vissariou","I. Nwamu,K. Anderson,M. Ismaili,M. Janjeva,T. Bickerstaff",1176,1200,24,0.1,0.1,0.1,42,39,42,39,0,0,2,0,2,0,0,0,1,0,0,0,0,0,0,0,0,0,0,0,0,0,0,0,0,0,0,0,0,0,0,0,0,0,0,0,0,0,0,0,0,0,0,0,0,0,0,0,0,0,0,0,0,0
2791545,2025-12-14,3,Sigal Prishtina,Bashkimi,"A. Azemi,D. Burns,D. Haxhosaj,K. Kramer,T. Vissariou","D. Lake,I. Cousins,K. Anderson,L. Zeqiri,M. Ismaili",1200,1360,160,5.15,4.86,5.44,42,39,48,48,6,9,6,3,1,0,0,0,2,1,0,0,0,1,1,4,3,2,2,1,1,0,1,2,0,0,1,0,0,0,0,0,0,0,0,0,0,0,0,0,0,0,0,0,0,0,0,0,0,0,0,0,0,0
2791545,2025-12-14,3,Sigal Prishtina,Bashkimi,"A. Azemi,A. Bailey,D. Burns,D. Haxhosaj,K. Kramer","D. Lake,I. Cousins,K. Anderson,L. Zeqiri,M. Janjeva",1360,1568,208,6.65,7.44,5.86,48,48,53,55,5,7,3,2,2,1,1,0,0,2,2,0,0,4,1,7,3,2,1,0,0,2,2,1,1,0,1,4,0,0,0,0,0,0,0,0,0,0,0,0,0,0,0,0,0,0,0,0,0,0,0,0,0,0
2791545,2025-12-14,3,Sigal Prishtina,Bashkimi,"A. Azemi,A. Bailey,D. Burns,D. Haxhosaj,K. Kramer","I. Cousins,K. Anderson,L. Zeqiri,M. Janjeva,T. Bickerstaff",1568,1656,88,2.5,2.0,3.0,53,55,55,55,2,0,1,1,0,0,0,0,0,3,0,0,1,1,1,3,0,0,0,0,0,0,0,0,0,0,0,2,0,0,0,0,0,0,0,0,0,0,0,0,0,0,0,0,0,0,0,0,0,0,0,0,0,0
2791545,2025-12-14,3,Sigal Prishtina,Bashkimi,"A. Azemi,A. Bailey,D. Burns,D. Haxhosaj,K. Kramer","I. Nwamu,K. Anderson,L. Zeqiri,M. Janjeva,T. Bickerstaff",1656,1800,144,5.4,5.88,4.93,55,55,58,57,3,2,4,1,2,1,2,0,0,4,1,0,0,1,1,6,1,3,0,0,0,1,4,0,0,0,0,0,0,0,0,0,0,0,0,0,0,0,0,0,0,0,0,0,0,0,0,0,0,0,0,0,0,0
2791545,2025-12-14,4,Sigal Prishtina,Bashkimi,"A. Bailey,D. Burns,D. Haxhosaj,D. Polloshka,K. Kramer","I. Nwamu,K. Anderson,L. Zeqiri,M. Janjeva,T. Bickerstaff",1800,1865,65,2.0,2.0,2.0,58,57,63,57,5,0,2,2,1,1,0,0,0,1,1,0,0,0,0,1,0,0,0,0,0,0,0,0,0,0,1,0,0,0,0,0,0,0,0,0,0,0,0,0,0,0,0,0,0,0,0,0,0,0,0,0,0,0
2791545,2025-12-14,4,Sigal Prishtina,Bashkimi,"A. Bailey,D. Burns,D. Haxhosaj,D. Polloshka,K. Kramer","D. Lake,I. Nwamu,K. Anderson,L. Zeqiri,M. Janjeva",1865,2013,148,2.36,2.93,1.79,63,57,63,57,0,0,3,0,3,0,0,0,1,2,0,0,1,1,1,5,0,2,0,0,0,3,2,0,0,0,0,0,0,0,0,0,0,0,0,0,0,0,0,0,0,0,0,0,0,0,0,0,0,0,0,0,0,0
2791545,2025-12-14,4,Sigal Prishtina,Bashkimi,"A. Azemi,A. Bailey,D. Burns,D. Polloshka,K. Kramer","D. Lake,I. Nwamu,K. Anderson,M. Ismaili,M. Janjeva",2013,2088,75,1.46,2.0,0.93,63,59,63,61,0,2,2,0,0,0,0,0,0,0,0,0,1,0,0,2,1,0,0,0,0,1,2,0,0,0,0,0,0,0,0,0,0,0,0,0,0,0,0,0,0,0,0,0,0,0,0,0,0,0,0,0,0,0
2791545,2025-12-14,4,Sigal Prishtina,Bashkimi,"A. Azemi,A. Bailey,D. Burns,D. Haxhosaj,K. Kramer","D. Lake,I. Nwamu,K. Anderson,M. Ismaili,M. Janjeva",2088,2249,161,5.69,4.93,6.44,63,61,70,68,7,7,4,3,2,1,0,0,1,2,2,0,0,2,0,4,2,4,2,1,1,0,0,1,1,0,2,1,0,0,0,0,0,0,0,0,0,0,0,0,0,0,0,0,0,0,0,0,0,0,0,0,0,0
2791545,2025-12-14,4,Sigal Prishtina,Bashkimi,"A. Azemi,A. Bailey,D. Burns,D. Haxhosaj,K. Kramer","D. Lake,I. Nwamu,K. Anderson,L. Zeqiri,M. Janjeva",2249,2395,146,4.0,4.0,4.0,70,68,72,70,2,2,3,1,1,0,0,0,0,3,0,0,1,1,3,4,1,2,0,0,0,0,2,1,1,0,0,2,0,0,0,0,0,0,0,0,0,0,0,0,0,0,0,0,0,0,0,0,0,0,0,0,0,0
2791545,2025-12-14,4,Sigal Prishtina,Bashkimi,"A. Bailey,D. Burns,D. Haxhosaj,D. Polloshka,T. Vissariou","D. Lake,I. Nwamu,K. Anderson,L. Zeqiri,M. Janjeva",2395,2400,5,0.55,0.1,1.0,72,70,72,70,0,0,0,0,0,0,0,0,0,1,0,0,0,0,0,1,0,1,0,0,0,0,0,0,0,0,0,0,0,0,0,0,0,0,0,0,0,0,0,0,0,0,0,0,0,0,0,0,0,0,0,0,0,0
2791546,2025-12-14,1,Rahoveci 029,GO+Peja,"B. Rexha,F. Rugova,I. Umipig,J. Roche,K. Pullian","A. Herndon,D. Berisha,J. Johnson,M. Mala,T. Green",0,258,258,7.43,7.86,7.0,0,0,10,8,10,8,8,4,4,2,0,0,2,3,2,0,0,2,2,6,3,4,2,0,0,0,2,2,0,0,1,1,0,0,0,0,0,0,0,0,0,0,0,0,0,0,0,0,0,0,0,0,0,0,0,0,0,0
2791546,2025-12-14,1,Rahoveci 029,GO+Peja,"B. Rexha,F. Rugova,I. Umipig,J. Roche,K. Pullian","A. Herndon,C. Edwards,D. Berisha,J. Johnson,M. Mala",258,411,153,3.44,3.0,3.88,10,8,17,17,7,9,3,3,1,1,0,0,0,0,1,0,0,0,0,3,3,1,1,2,2,0,0,1,0,0,0,2,0,0,0,0,0,0,0,0,0,0,0,0,0,0,0,0,0,0,0,0,0,0,0,0,0,0
2791546,2025-12-14,1,Rahoveci 029,GO+Peja,"A. Patty,B. Rexha,F. Rugova,I. Umipig,K. Pullian","A. Herndon,C. Edwards,D. Berisha,M. Mala,S. Flatten",411,444,33,0.96,0.93,1.0,17,17,20,17,3,0,2,1,2,1,0,0,1,0,1,1,0,0,0,0,0,0,0,0,0,0,0,0,0,0,1,1,0,0,0,0,0,0,0,0,0,0,0,0,0,0,0,0,0,0,0,0,0,0,0,0,0,0
2791546,2025-12-14,1,Rahoveci 029,GO+Peja,"A. Patty,B. Rexha,I. Umipig,K. Pullian,K. Ujkani","A. Hajdari,C. Edwards,J. Johnson,M. Mala,S. Flatten",444,459,15,0.94,1.0,0.88,21,17,21,19,0,2,1,0,0,0,0,0,0,0,0,0,0,0,1,0,0,0,0,2,2,0,1,0,0,0,0,0,0,0,0,0,0,0,0,0,0,0,0,0,0,0,0,0,0,0,0,0,0,0,0,0,0,0
2791546,2025-12-14,1,Rahoveci 029,GO+Peja,"A. Patty,I. Umipig,K. Pullian,K. Ujkani,V. Ejupi","A. Hajdari,C. Edwards,J. Johnson,M. Mala,S. Flatten",459,600,141,5.02,4.88,5.17,21,19,23,24,2,5,4,1,1,0,2,0,0,2,0,0,1,0,1,4,2,2,1,2,0,1,4,1,0,0,1,1,0,0,0,0,0,0,0,0,0,0,0,0,0,0,0,0,0,0,0,0,0,0,0,0,0,0
2791546,2025-12-14,2,Rahoveci 029,GO+Peja,"A. Patty,F. Rugova,I. Umipig,K. Pullian,V. Ejupi","A. Hajdari,C. Edwards,J. Johnson,M. Mala,S. Flatten",600,676,76,1.5,1.0,2.0,23,24,25,24,2,0,1,1,0,0,0,0,0,2,0,0,0,0,1,2,0,1,0,0,0,0,0,0,0,0,0,0,0,0,0,0,0,0,0,0,0,0,0,0,0,0,0,0,0,0,0,0,0,0,0,0,0,0
2791546,2025-12-14,2,Rahoveci 029,GO+Peja,"A. Berisha,A. Patty,F. Rugova,I. Umipig,K. Pullian","A. Hajdari,J. Johnson,M. Mala,S. Flatten,T. Green",676,693,17,0.55,1.0,0.1,25,24,25,24,0,0,1,0,1,0,0,0,0,0,0,0,0,0,1,1,0,1,0,0,0,1,1,0,0,0,0,0,0,0,0,0,0,0,0,0,0,0,0,0,0,0,0,0,0,0,0,0,0,0,0,0,0,0
2791546,2025-12-14,2,Rahoveci 029,GO+Peja,"A. Berisha,F. Rugova,I. Umipig,J. Roche,K. Pullian","A. Hajdari,J. Johnson,M. Mala,S. Flatten,T. Green",693,722,29,1.44,1.0,1.88,25,24,27,24,2,0,1,1,0,0,0,0,0,1,0,0,0,0,0,0,0,0,0,2,0,0,0,0,0,0,1,0,0,0,0,0,0,0,0,0,0,0,0,0,0,0,0,0,0,0,0,0,0,0,0,0,0,0
2791546,2025-12-14,2,Rahoveci 029,GO+Peja,"A. Berisha,F. Rugova,I. Umipig,J. Roche,K. Pullian","A. Hajdari,D. Berisha,J. Johnson,S. Flatten,T. Green",722,743,21,0.55,1.0,0.1,27,24,30,24,3,0,1,1,1,1,0,0,0,0,0,0,0,0,0,0,0,0,0,0,0,0,0,0,0,0,0,0,0,0,0,0,0,0,0,0,0,0,0,0,0,0,0,0,0,0,0,0,0,0,0,0,0,0
2791546,2025-12-14,2,Rahoveci 029,GO+Peja,"A. Berisha,F. Rugova,I. Umipig,J. Roche,K. Pullian","A. Hajdari,A. Herndon,D. Berisha,J. Johnson,T. Green",743,947,204,6.32,6.86,5.79,30,24,33,31,3,7,6,1,5,1,0,0,2,1,1,2,0,3,2,7,3,3,1,0,0,3,3,0,0,0,2,1,0,0,0,0,0,0,0,0,0,0,0,0,0,0,0,0,0,0,0,0,0,0,0,0,0,0
2791546,2025-12-14,2,Rahoveci 029,GO+Peja,"A. Berisha,F. Rugova,I. Umipig,J. Roche,K. Pullian","A. Herndon,D. Berisha,J. Johnson,M. Mala,T. Green",947,1014,67,2.5,2.0,3.0,33,31,33,31,0,0,2,0,0,0,0,0,0,3,0,0,0,0,0,3,0,1,0,0,0,0,2,0,0,1,0,1,0,0,0,0,0,0,0,0,0,0,0,0,0,0,0,0,0,0,0,0,0,0,0,0,0,0
2791546,2025-12-14,2,Rahoveci 029,GO+Peja,"F. Rugova,H. Durguti,I. Umipig,J. Roche,K. Pullian","C. Edwards,D. Berisha,J. Johnson,M. Mala,T. Green",1014,1116,102,3.16,3.32,3.0,33,31,38,37,5,6,2,2,0,0,3,1,0,0,2,0,0,0,0,3,3,0,0,0,0,0,2,2,0,0,0,2,0,0,0,0,0,0,0,0,0,0,0,0,0,0,0,0,0,0,0,0,0,0,0,0,0,0
2791546,2025-12-14,2,Rahoveci 029,GO+Peja,"F. Rugova,H. Durguti,I. Umipig,J. Roche,K. Pullian","A. Herndon,D. Berisha,J. Johnson,M. Mala,T. Green",1116,1200,84,3.64,4.0,3.27,38,37,44,41,6,4,3,2,2,2,0,0,0,1,1,0,0,1,1,4,1,2,0,2,2,1,1,1,1,0,0,0,0,0,0,0,0,0,0,0,0,0,0,0,0,0,0,0,0,0,0,0,0,0,0,0,0,0
2791546,2025-12-14,3,Rahoveci 029,GO+Peja,"B. Rexha,F. Rugova,I. Umipig,J. Roche,K. Pullian","D. Berisha,J. Johnson,M. Mala,S. Flatten,T. Green",1200,1439,239,5.98,5.79,6.17,44,41,54,46,10,5,8,4,4,2,0,0,3,3,2,1,0,1,1,6,2,3,1,2,0,2,1,2,1,0,1,2,0,0,0,0,0,0,0,0,0,0,0,0,0,0,0,0,0,0,0,0,0,0,0,0,0,0
2791546,2025-12-14,3,Rahoveci 029,GO+Peja,"B. Rexha,F. Rugova,I. Umipig,J. Roche,K. Pullian","A. Hajdari,C. Edwards,D. Berisha,J. Johnson,S. Flatten",1439,1534,95,2.64,3.34,1.93,54,46,60,46,6,0,3,2,2,1,2,1,1,2,1,0,1,0,1,3,0,1,0,0,0,1,1,0,0,0,0,0,0,0,0,0,0,0,0,0,0,0,0,0,0,0,0,0,0,0,0,0,0,0,0,0,0,0
2791546,2025-12-14,3,Rahoveci 029,GO+Peja,"B. Rexha,F. Rugova,I. Umipig,J. Roche,K. Pullian","A. Hajdari,A. Herndon,C. Edwards,D. Berisha,J. Johnson",1534,1594,60,2.44,2.0,2.88,60,46,63,50,3,4,2,1,2,1,0,0,0,0,1,0,0,0,0,1,1,0,0,2,2,0,1,0,0,0,1,0,0,0,0,0,0,0,0,0,0,0,0,0,0,0,0,0,0,0,0,0,0,0,0,0,0,0
2791546,2025-12-14,3,Rahoveci 029,GO+Peja,"B. Rexha,F. Rugova,I. Umipig,J. Roche,K. Pullian","A. Hajdari,A. Herndon,C. Edwards,M. Mala,S. Flatten",1594,1737,143,4.04,4.15,3.93,63,50,68,57,5,7,6,2,4,1,0,0,2,0,2,0,0,1,0,4,3,1,1,0,0,1,1,2,0,1,1,2,0,0,0,0,0,0,0,0,0,0,0,0,0,0,0,0,0,0,0,0,0,0,0,0,0,0
2791546,2025-12-14,3,Rahoveci 029,GO+Peja,"B. Rexha,F. Rugova,I. Umipig,J. Roche,K. Pullian","A. Hajdari,C. Edwards,M. Mala,S. Flatten,T. Green",1737,1800,63,2.44,2.88,2.0,68,57,70,57,2,0,2,0,2,0,2,2,0,1,0,1,0,0,0,1,0,0,0,0,0,0,1,0,0,0,1,1,0,0,0,0,0,0,0,0,0,0,0,0,0,0,0,0,0,0,0,0,0,0,0,0,0,0
2791546,2025-12-14,4,Rahoveci 029,GO+Peja,"B. Rexha,F. Rugova,I. Umipig,J. Roche,K. Pullian","A. Hajdari,C. Edwards,J. Johnson,M. Mala,S. Flatten",1800,1881,81,3.0,3.0,3.0,70,57,72,57,2,0,2,1,1,0,0,0,0,2,0,1,0,1,1,2,0,1,0,0,0,0,1,0,1,0,1,1,0,0,0,0,0,0,0,0,0,0,0,0,0,0,0,0,0,0,0,0,0,0,0,0,0,0
2791546,2025-12-14,4,Rahoveci 029,GO+Peja,"B. Rexha,F. Rugova,I. Umipig,J. Roche,K. Pullian","A. Hajdari,A. Herndon,J. Johnson,M. Mala,S. Flatten",1881,2017,136,3.96,3.93,4.0,72,57,74,57,2,0,5,1,3,0,0,0,1,3,0,1,0,0,2,3,0,2,0,0,0,0,3,0,0,0,1,1,0,0,0,0,0,0,0,0,0,0,0,0,0,0,0,0,0,0,0,0,0,0,0,0,0,0
2791546,2025-12-14,4,Rahoveci 029,GO+Peja,"B. Rexha,F. Rugova,I. Umipig,J. Roche,K. Pullian","A. Hajdari,A. Herndon,D. Berisha,J. Johnson,S. Flatten",2017,2030,13,0.77,0.1,1.44,74,57,74,60,0,3,0,0,0,0,0,0,0,0,0,0,0,0,1,1,1,0,0,1,1,0,0,0,0,0,0,0,0,0,0,0,0,0,0,0,0,0,0,0,0,0,0,0,0,0,0,0,0,0,0,0,0,0
2791546,2025-12-14,4,Rahoveci 029,GO+Peja,"A. Berisha,F. Rugova,I. Umipig,J. Roche,K. Pullian","A. Hajdari,A. Herndon,D. Berisha,J. Johnson,S. Flatten",2030,2153,123,2.8,2.86,2.74,74,60,78,65,4,5,5,2,0,0,0,0,2,0,1,0,0,0,1,4,2,0,0,2,1,2,1,0,0,0,0,1,0,0,0,0,0,0,0,0,0,0,0,0,0,0,0,0,0,0,0,0,0,0,0,0,0,0
2791546,2025-12-14,4,Rahoveci 029,GO+Peja,"A. Berisha,F. Rugova,I. Umipig,J. Roche,K. Pullian","A. Hajdari,A. Herndon,C. Edwards,D. Berisha,S. Flatten",2153,2268,115,2.94,3.0,2.88,78,65,81,67,3,2,3,1,2,1,0,0,0,2,0,0,0,0,1,2,1,1,0,2,0,0,2,0,0,0,0,0,0,0,0,0,0,0,0,0,0,0,0,0,0,0,0,0,0,0,0,0,0,0,0,0,0,0
2791546,2025-12-14,4,Rahoveci 029,GO+Peja,"A. Berisha,A. Patty,F. Rugova,J. Roche,K. Pullian","A. Hajdari,A. Herndon,C. Edwards,D. Berisha,S. Flatten",2268,2372,104,2.87,2.86,2.88,81,67,83,71,2,4,5,1,3,0,0,0,2,0,0,1,0,0,1,1,1,1,1,2,1,0,2,1,0,1,1,0,0,0,0,0,0,0,0,0,0,0,0,0,0,0,0,0,0,0,0,0,0,0,0,0,0,0
2791546,2025-12-14,4,Rahoveci 029,GO+Peja,"A. Patty,E. Haxhimurati,F. Rugova,J. Roche,K. Pullian","A. Hajdari,A. Herndon,C. Edwards,D. Berisha,S. Flatten",2372,2382,10,0.55,1.0,0.1,83,71,83,71,0,0,1,0,1,0,0,0,0,0,0,0,0,0,0,0,0,0,0,0,0,0,1,0,0,0,0,0,0,0,0,0,0,0,0,0,0,0,0,0,0,0,0,0,0,0,0,0,0,0,0,0,0,0
2791543,2025-12-13,1,Bora,Vëllaznimi,"A. Hot,A. Hunter,A. Mekic,C. Payton,J. Zeqiri","J. Hellems,R. Dahsyla,S. Zekiqi,T. Todd,Z. Reid",0,231,231,8.0,8.0,8.0,0,0,13,4,13,4,5,5,3,3,0,0,0,2,3,1,0,3,0,4,2,0,0,0,0,0,0,2,3,0,4,2,0,0,0,0,0,0,0,0,0,0,0,0,0,0,0,0,0,0,0,0,0,0,0,0,0,0
2791543,2025-12-13,1,Bora,Vëllaznimi,"A. Hot,A. Hunter,A. Mekic,J. Zeqiri,S. Jules","J. Hellems,R. Dahsyla,S. Zekiqi,T. Todd,Z. Reid",231,280,49,1.44,1.0,1.88,13,4,13,6,0,2,0,0,0,0,0,0,0,1,0,0,0,1,1,1,0,0,0,2,2,0,0,0,0,0,0,0,0,0,0,0,0,0,0,0,0,0,0,0,0,0,0,0,0,0,0,0,0,0,0,0,0,0
2791543,2025-12-13,1,Bora,Vëllaznimi,"A. Hot,A. Mekic,G. Zeqiri,S. Jules,T. Cheese","J. Hellems,R. Dahsyla,S. Zekiqi,T. Todd,Z. Reid",280,319,39,0.93,0.86,1.0,13,6,13,6,0,0,2,0,0,0,0,0,2,0,0,0,0,1,0,0,0,0,0,0,0,0,0,0,0,1,1,0,0,0,0,0,0,0,0,0,0,0,0,0,0,0,0,0,0,0,0,0,0,0,0,0,0,0
2791543,2025-12-13,1,Bora,Vëllaznimi,"A. Mekic,G. Zeqiri,R. Memedi,S. Jules,T. Cheese","J. Hellems,R. Dahsyla,S. Zekiqi,T. Todd,Z. Reid",319,334,15,0.55,1.0,0.1,13,6,13,6,0,0,1,0,0,0,0,0,0,0,0,0,0,0,1,0,0,0,0,0,0,0,1,0,0,0,0,0,0,0,0,0,0,0,0,0,0,0,0,0,0,0,0,0,0,0,0,0,0,0,0,0,0,0
2791543,2025-12-13,1,Bora,Vëllaznimi,"C. Payton,G. Zeqiri,R. Memedi,S. Jules,T. Cheese","J. Hellems,R. Dahsyla,S. Zekiqi,T. Todd,Z. Reid",334,411,77,2.44,2.0,2.88,13,6,15,9,2,3,1,1,0,0,0,0,0,1,1,0,0,1,1,2,1,0,0,2,1,0,0,0,0,0,0,1,0,0,0,0,0,0,0,0,0,0,0,0,0,0,0,0,0,0,0,0,0,0,0,0,0,0
2791543,2025-12-13,1,Bora,Vëllaznimi,"C. Payton,G. Zeqiri,R. Memedi,S. Jules,T. Cheese","A. Koshi,J. Hellems,S. Zekiqi,T. Todd,Z. Reid",411,479,68,1.96,1.93,2.0,15,9,18,11,3,2,3,1,2,1,0,0,1,1,1,0,0,0,1,2,1,0,0,0,0,0,1,0,0,0,0,1,0,0,0,0,0,0,0,0,0,0,0,0,0,0,0,0,0,0,0,0,0,0,0,0,0,0
2791543,2025-12-13,1,Bora,Vëllaznimi,"G. Zeqiri,J. Zeqiri,R. Memedi,S. Jules,T. Cheese","A. Koshi,D. Dedushaj,J. Hellems,T. Todd,Z. Reid",479,495,16,1.16,1.0,1.32,18,11,18,13,0,2,0,0,0,0,0,0,0,1,0,0,0,1,1,0,0,0,0,3,2,0,0,1,1,0,0,0,0,0,0,0,0,0,0,0,0,0,0,0,0,0,0,0,0,0,0,0,0,0,0,0,0,0
2791543,2025-12-13,1,Bora,Vëllaznimi,"A. Hot,J. Zeqiri,R. Memedi,S. Jules,T. Cheese","A. Koshi,D. Dedushaj,L. Colimerio,T. Todd,Z. Reid",495,580,85,3.05,3.22,2.88,18,13,22,15,4,2,2,1,1,0,4,2,1,2,2,0,0,0,1,2,0,1,0,2,2,0,1,0,0,0,0,2,0,0,0,0,0,0,0,0,0,0,0,0,0,0,0,0,0,0,0,0,0,0,0,0,0,0
2791543,2025-12-13,1,Bora,Vëllaznimi,"A. Hot,A. Hunter,J. Zeqiri,R. Memedi,T. Cheese","A. Koshi,D. Dedushaj,L. Colimerio,T. Todd,Z. Reid",580,600,20,0.55,1.0,0.1,22,15,22,15,0,0,1,0,1,0,0,0,0,0,0,0,0,0,0,0,0,0,0,0,0,0,1,0,0,0,0,0,0,0,0,0,0,0,0,0,0,0,0,0,0,0,0,0,0,0,0,0,0,0,0,0,0,0
2791543,2025-12-13,2,Bora,Vëllaznimi,"A. Hot,A. Hunter,J. Zeqiri,S. Jules,T. Cheese","A. Koshi,L. Colimerio,S. Zekiqi,T. Todd,Z. Reid",600,669,69,2.0,2.0,2.0,22,15,25,15,3,0,1,1,1,1,0,0,0,2,1,0,0,1,0,2,0,2,0,0,0,0,0,0,1,0,0,0,0,0,0,0,0,0,0,0,0,0,0,0,0,0,0,0,0,0,0,0,0,0,0,0,0,0
2791543,2025-12-13,2,Bora,Vëllaznimi,"A. Hot,A. Hunter,J. Zeqiri,S. Jules,T. Cheese","A. Koshi,J. Hellems,L. Colimerio,S. Zekiqi,T. Todd",669,746,77,2.46,1.93,3.0,25,15,27,17,2,2,3,1,2,0,0,0,1,2,0,0,0,0,1,3,1,2,0,0,0,0,1,0,0,0,0,1,0,0,0,0,0,0,0,0,0,0,0,0,0,0,0,0,0,0,0,0,0,0,0,0,0,0
2791543,2025-12-13,2,Bora,Vëllaznimi,"A. Hunter,G. Zeqiri,J. Zeqiri,S. Jules,T. Cheese","A. Koshi,J. Hellems,L. Colimerio,S. Zekiqi,T. Todd",746,760,14,0.55,1.0,0.1,27,17,27,17,0,0,1,0,1,0,0,0,0,0,0,0,0,0,1,0,0,0,0,0,0,0,1,0,0,0,0,0,0,0,0,0,0,0,0,0,0,0,0,0,0,0,0,0,0,0,0,0,0,0,0,0,0,0
2791543,2025-12-13,2,Bora,Vëllaznimi,"A. Hunter,G. Zeqiri,J. Zeqiri,S. Jules,T. Cheese","A. Koshi,J. Hellems,L. Colimerio,R. Dahsyla,T. Todd",760,803,43,1.4,0.93,1.88,27,17,27,19,0,2,2,0,1,0,0,0,1,1,0,0,0,0,0,1,0,1,0,2,2,0,1,0,0,0,0,0,0,0,0,0,0,0,0,0,0,0,0,0,0,0,0,0,0,0,0,0,0,0,0,0,0,0
2791543,2025-12-13,2,Bora,Vëllaznimi,"A. Hunter,A. Mekic,G. Zeqiri,J. Zeqiri,S. Jules","A. Koshi,J. Hellems,L. Colimerio,R. Dahsyla,T. Todd",803,821,18,0.55,1.0,0.1,27,19,27,19,0,0,1,0,1,0,0,0,0,0,0,0,0,0,1,0,0,0,0,0,0,0,1,0,0,0,0,0,0,0,0,0,0,0,0,0,0,0,0,0,0,0,0,0,0,0,0,0,0,0,0,0,0,0
2791543,2025-12-13,2,Bora,Vëllaznimi,"A. Hot,A. Hunter,A. Mekic,G. Zeqiri,S. Jules","A. Koshi,J. Hellems,L. Colimerio,R. Dahsyla,T. Todd",821,849,28,1.44,1.0,1.88,27,19,29,23,2,4,1,1,0,0,0,0,0,0,1,0,0,0,1,1,1,1,1,2,1,0,0,1,0,0,0,0,0,0,0,0,0,0,0,0,0,0,0,0,0,0,0,0,0,0,0,0,0,0,0,0,0,0
2791543,2025-12-13,2,Bora,Vëllaznimi,"A. Hot,A. Hunter,C. Payton,G. Zeqiri,S. Jules","A. Koshi,J. Hellems,L. Colimerio,R. Dahsyla,T. Todd",849,900,51,2.46,2.0,2.93,29,23,29,25,0,2,0,0,0,0,0,0,0,2,0,0,0,2,0,4,1,1,0,0,0,1,0,0,2,0,0,1,0,0,0,0,0,0,0,0,0,0,0,0,0,0,0,0,0,0,0,0,0,0,0,0,0,0
2791543,2025-12-13,2,Bora,Vëllaznimi,"A. Hot,A. Hunter,C. Payton,R. Memedi,S. Jules","A. Koshi,J. Hellems,J. Ismajli,L. Colimerio,T. Todd",900,975,75,2.15,1.86,2.44,29,25,29,28,0,3,3,0,2,0,0,0,2,0,0,1,0,1,1,1,1,0,0,1,1,0,1,1,0,0,1,0,0,0,0,0,0,0,0,0,0,0,0,0,0,0,0,0,0,0,0,0,0,0,0,0,0,0
2791543,2025-12-13,2,Bora,Vëllaznimi,"A. Hot,A. Hunter,J. Zeqiri,S. Jules,T. Cheese","A. Koshi,J. Hellems,J. Ismajli,L. Colimerio,T. Todd",975,1032,57,1.22,1.44,1.0,29,28,32,30,3,2,1,1,0,0,1,1,0,0,1,0,0,0,0,1,1,0,0,0,0,0,0,0,0,0,0,3,0,0,0,0,0,0,0,0,0,0,0,0,0,0,0,0,0,0,0,0,0,0,0,0,0,0
2791543,2025-12-13,2,Bora,Vëllaznimi,"A. Hot,A. Hunter,J. Zeqiri,S. Jules,T. Cheese","A. Koshi,J. Hellems,L. Colimerio,S. Zekiqi,Z. Reid",1032,1118,86,3.38,3.88,2.88,32,30,37,33,5,3,3,2,0,0,2,1,0,2,0,0,0,0,1,2,1,0,0,2,1,0,1,1,0,0,0,1,0,0,0,0,0,0,0,0,0,0,0,0,0,0,0,0,0,0,0,0,0,0,0,0,0,0
2791543,2025-12-13,2,Bora,Vëllaznimi,"A. Hot,C. Payton,J. Zeqiri,S. Jules,T. Cheese","A. Koshi,J. Hellems,L. Colimerio,R. Dahsyla,Z. Reid",1118,1164,46,1.67,1.0,2.34,37,33,37,36,0,3,1,0,1,0,0,0,0,1,0,0,0,0,1,2,1,0,0,2,1,1,1,0,0,0,0,0,0,0,0,0,0,0,0,0,0,0,0,0,0,0,0,0,0,0,0,0,0,0,0,0,0,0
2791543,2025-12-13,2,Bora,Vëllaznimi,"A. Hot,A. Hunter,J. Zeqiri,S. Jules,T. Cheese","A. Koshi,J. Hellems,L. Colimerio,R. Dahsyla,Z. Reid",1164,1200,36,1.44,2.0,0.88,37,36,39,37,2,1,2,1,0,0,0,0,0,1,0,0,0,0,1,0,0,0,0,2,1,0,1,1,0,1,0,0,0,0,0,0,0,0,0,0,0,0,0,0,0,0,0,0,0,0,0,0,0,0,0,0,0,0
2791543,2025-12-13,3,Bora,Vëllaznimi,"A. Hot,A. Hunter,A. Mekic,J. Zeqiri,S. Jules","J. Hellems,R. Dahsyla,S. Zekiqi,T. Todd,Z. Reid",1200,1460,260,6.69,7.37,6.0,39,37,52,45,13,8,7,5,4,2,1,1,1,3,3,0,0,1,0,6,3,4,2,0,0,0,1,1,0,0,0,2,0,0,0,0,0,0,0,0,0,0,0,0,0,0,0,0,0,0,0,0,0,0,0,0,0,0
2791543,2025-12-13,3,Bora,Vëllaznimi,"A. Hot,A. Hunter,A. Mekic,J. Zeqiri,S. Jules","J. Hellems,L. Colimerio,R. Dahsyla,S. Zekiqi,T. Todd",1460,1526,66,2.0,2.0,2.0,52,45,54,49,2,4,1,1,0,0,0,0,0,0,1,0,0,1,1,2,2,0,0,0,0,0,0,0,1,0,0,0,0,0,0,0,0,0,0,0,0,0,0,0,0,0,0,0,0,0,0,0,0,0,0,0,0,0
2791543,2025-12-13,3,Bora,Vëllaznimi,"A. Hot,A. Mekic,R. Memedi,S. Jules,T. Cheese","A. Koshi,J. Hellems,L. Colimerio,R. Dahsyla,T. Todd",1526,1596,70,1.9,2.0,1.79,54,49,54,49,0,0,1,0,1,0,0,0,0,0,0,0,0,1,2,3,0,2,0,0,0,3,1,0,1,0,2,0,0,0,0,0,0,0,0,0,0,0,0,0,0,0,0,0,0,0,0,0,0,0,0,0,0,0
2791543,2025-12-13,3,Bora,Vëllaznimi,"A. Hot,C. Payton,R. Memedi,S. Jules,T. Cheese","A. Koshi,J. Hellems,L. Colimerio,R. Dahsyla,T. Todd",1596,1641,45,0.96,1.0,0.93,54,49,54,49,0,0,1,0,1,0,0,0,0,1,0,0,0,0,1,2,0,1,0,0,0,1,1,0,0,0,0,0,0,0,0,0,0,0,0,0,0,0,0,0,0,0,0,0,0,0,0,0,0,0,0,0,0,0
2791543,2025-12-13,3,Bora,Vëllaznimi,"A. Hot,C. Payton,G. Zeqiri,J. Zeqiri,T. Cheese","A. Koshi,J. Hellems,L. Colimerio,R. Dahsyla,T. Todd",1641,1724,83,3.0,3.0,3.0,54,49,56,49,2,0,1,1,0,0,0,0,0,3,0,0,1,2,0,3,0,0,0,0,0,0,0,0,1,0,0,0,0,0,0,0,0,0,0,0,0,0,0,0,0,0,0,0,0,0,0,0,0,0,0,0,0,0
2791543,2025-12-13,3,Bora,Vëllaznimi,"A. Hot,C. Payton,G. Zeqiri,J. Zeqiri,T. Cheese","A. Koshi,L. Colimerio,R. Dahsyla,T. Todd,Z. Reid",1724,1743,19,0.45,0.1,0.81,56,49,56,50,0,1,0,0,0,0,0,0,0,0,0,0,0,0,1,1,0,0,0,2,1,1,0,0,0,0,0,0,0,0,0,0,0,0,0,0,0,0,0,0,0,0,0,0,0,0,0,0,0,0,0,0,0,0
2791543,2025-12-13,3,Bora,Vëllaznimi,"A. Hunter,C. Payton,G. Zeqiri,J. Zeqiri,T. Cheese","A. Koshi,L. Colimerio,R. Dahsyla,T. Todd,Z. Reid",1743,1783,40,0.88,0.88,0.88,56,50,57,52,1,2,0,0,0,0,2,1,0,0,0,0,0,0,1,0,0,0,0,2,2,0,0,0,0,0,0,2,0,0,0,0,0,0,0,0,0,0,0,0,0,0,0,0,0,0,0,0,0,0,0,0,0,0
2791543,2025-12-13,3,Bora,Vëllaznimi,"A. Hunter,C. Payton,G. Zeqiri,R. Memedi,T. Cheese","A. Koshi,L. Colimerio,R. Dahsyla,T. Todd,Z. Reid",1783,1800,17,1.0,1.0,1.0,57,52,59,52,2,0,1,1,0,0,0,0,0,0,0,0,0,0,0,1,0,1,0,0,0,0,0,0,0,0,0,0,0,0,0,0,0,0,0,0,0,0,0,0,0,0,0,0,0,0,0,0,0,0,0,0,0,0
2791543,2025-12-13,4,Bora,Vëllaznimi,"A. Hunter,C. Payton,G. Zeqiri,J. Zeqiri,T. Cheese","A. Koshi,L. Colimerio,S. Zekiqi,T. Todd,Z. Reid",1800,1891,91,3.69,3.37,4.0,59,52,61,57,2,5,4,1,2,0,1,0,1,2,0,0,1,0,0,4,2,1,1,0,0,0,2,1,0,1,0,2,0,0,0,0,0,0,0,0,0,0,0,0,0,0,0,0,0,0,0,0,0,0,0,0,0,0
2791543,2025-12-13,4,Bora,Vëllaznimi,"A. Hot,A. Hunter,A. Mekic,J. Zeqiri,S. Jules","A. Koshi,J. Hellems,L. Colimerio,S. Zekiqi,T. Todd",1891,2082,191,4.93,4.93,4.93,61,57,64,61,3,4,6,1,3,1,0,0,1,2,1,0,1,0,1,5,2,1,0,0,0,1,4,1,0,0,1,0,0,0,0,0,0,0,0,0,0,0,0,0,0,0,0,0,0,0,0,0,0,0,0,0,0,0
2791543,2025-12-13,4,Bora,Vëllaznimi,"A. Hunter,A. Mekic,J. Zeqiri,R. Memedi,T. Cheese","A. Koshi,J. Hellems,L. Colimerio,R. Dahsyla,T. Todd",2082,2119,37,1.0,1.0,1.0,64,61,66,63,2,2,1,1,0,0,0,0,0,0,1,0,0,0,0,1,1,0,0,0,0,0,0,0,0,0,0,1,0,0,0,0,0,0,0,0,0,0,0,0,0,0,0,0,0,0,0,0,0,0,0,0,0,0
2791543,2025-12-13,4,Bora,Vëllaznimi,"A. Hunter,A. Mekic,J. Zeqiri,R. Memedi,T. Cheese","A. Koshi,J. Hellems,L. Colimerio,R. Dahsyla,Z. Reid",2119,2134,15,0.55,1.0,0.1,66,63,66,63,0,0,1,0,0,0,0,0,0,0,0,0,0,0,0,0,0,0,0,0,0,0,1,0,0,0,0,0,0,0,0,0,0,0,0,0,0,0,0,0,0,0,0,0,0,0,0,0,0,0,0,0,0,0
2791543,2025-12-13,4,Bora,Vëllaznimi,"A. Hot,A. Mekic,J. Zeqiri,R. Memedi,T. Cheese","J. Hellems,J. Ismajli,L. Colimerio,R. Dahsyla,Z. Reid",2134,2166,32,1.0,1.0,1.0,66,63,68,63,2,0,1,1,0,0,0,0,0,0,0,1,0,0,0,0,0,0,0,0,0,0,0,0,0,0,1,0,0,0,0,0,0,0,0,0,0,0,0,0,0,0,0,0,0,0,0,0,0,0,0,0,0,0
2791543,2025-12-13,4,Bora,Vëllaznimi,"A. Hot,A. Mekic,J. Zeqiri,R. Memedi,T. Cheese","J. Hellems,R. Dahsyla,S. Zekiqi,T. Todd,Z. Reid",2166,2225,59,0.96,1.0,0.93,68,63,71,63,3,0,1,1,1,1,0,0,0,1,0,0,0,0,2,2,0,1,0,0,0,1,0,0,0,0,0,0,0,0,0,0,0,0,0,0,0,0,0,0,0,0,0,0,0,0,0,0,0,0,0,0,0,0
2791543,2025-12-13,4,Bora,Vëllaznimi,"A. Hot,A. Hunter,J. Zeqiri,R. Memedi,T. Cheese","J. Hellems,R. Dahsyla,S. Zekiqi,T. Todd,Z. Reid",2225,2235,10,0.55,0.1,1.0,71,63,71,63,0,0,0,0,0,0,0,0,0,0,0,0,0,0,0,0,0,0,0,0,0,0,0,0,0,0,1,0,0,0,0,0,0,0,0,0,0,0,0,0,0,0,0,0,0,0,0,0,0,0,0,0,0,0
2791543,2025-12-13,4,Bora,Vëllaznimi,"A. Hot,A. Hunter,J. Zeqiri,R. Memedi,T. Cheese","A. Koshi,J. Hellems,S. Zekiqi,T. Todd,Z. Reid",2235,2245,10,0.1,0.1,0.1,71,63,71,63,0,0,0,0,0,0,0,0,0,0,0,0,0,0,0,0,0,0,0,0,0,0,0,0,0,0,0,1,0,0,0,0,0,0,0,0,0,0,0,0,0,0,0,0,0,0,0,0,0,0,0,0,0,0
2791543,2025-12-13,4,Bora,Vëllaznimi,"A. Hunter,A. Mekic,J. Zeqiri,R. Memedi,T. Cheese","J. Hellems,R. Dahsyla,S. Zekiqi,T. Todd,Z. Reid",2245,2304,59,2.34,1.76,2.93,73,63,76,65,3,2,0,0,0,0,4,3,0,0,0,0,0,0,0,2,1,0,0,0,0,1,0,0,0,0,2,3,0,0,0,0,0,0,0,0,0,0,0,0,0,0,0,0,0,0,0,0,0,0,0,0,0,0
2791543,2025-12-13,4,Bora,Vëllaznimi,"A. Hot,A. Hunter,J. Zeqiri,R. Memedi,T. Cheese","J. Hellems,R. Dahsyla,S. Zekiqi,T. Todd,Z. Reid",2304,2310,6,0.1,0.1,0.1,76,65,76,65,0,0,0,0,0,0,0,0,0,0,0,0,0,0,1,0,0,0,0,0,0,0,0,0,0,0,0,0,0,0,0,0,0,0,0,0,0,0,0,0,0,0,0,0,0,0,0,0,0,0,0,0,0,0
2791543,2025-12-13,4,Bora,Vëllaznimi,"A. Hot,A. Mekic,J. Zeqiri,R. Memedi,T. Cheese","J. Hellems,R. Dahsyla,S. Zekiqi,T. Todd,Z. Reid",2310,2312,2,0.49,0.1,0.88,76,65,76,66,0,1,0,0,0,0,0,0,0,0,0,0,0,0,1,0,0,0,0,2,1,0,0,0,0,0,0,0,0,0,0,0,0,0,0,0,0,0,0,0,0,0,0,0,0,0,0,0,0,0,0,0,0,0
2791543,2025-12-13,4,Bora,Vëllaznimi,"A. Hot,A. Hunter,A. Mekic,J. Zeqiri,T. Cheese","J. Hellems,R. Dahsyla,S. Zekiqi,T. Todd,Z. Reid",2312,2346,34,1.0,1.0,1.0,76,66,78,68,2,2,1,1,0,0,0,0,0,0,0,0,0,0,1,1,1,0,0,0,0,0,0,0,0,0,0,0,0,0,0,0,0,0,0,0,0,0,0,0,0,0,0,0,0,0,0,0,0,0,0,0,0,0
2791543,2025-12-13,4,Bora,Vëllaznimi,"A. Hunter,A. Mekic,J. Zeqiri,R. Memedi,T. Cheese","J. Hellems,R. Dahsyla,S. Zekiqi,T. Todd,Z. Reid",2346,2357,11,0.89,0.88,0.9,78,68,79,68,1,0,0,0,0,0,2,1,0,1,0,0,0,0,0,1,0,0,0,1,0,1,0,0,0,0,0,1,0,0,0,0,0,0,0,0,0,0,0,0,0,0,0,0,0,0,0,0,0,0,0,0,0,0
2791543,2025-12-13,4,Bora,Vëllaznimi,"A. Hunter,A. Mekic,J. Zeqiri,R. Memedi,S. Jules","J. Hellems,R. Dahsyla,S. Zekiqi,T. Todd,Z. Reid",2357,2398,41,1.96,2.0,1.93,79,68,81,68,2,0,2,1,0,0,0,0,0,2,1,0,0,0,0,3,0,2,0,0,0,1,1,0,0,0,0,0,0,0,0,0,0,0,0,0,0,0,0,0,0,0,0,0,0,0,0,0,0,0,0,0,0,0
2791544,2025-12-13,1,Golden Eagle Ylli,Trepça,"A. Scott,A. Çallakaj,B. Huffman,E. Kastrati,L. Shoshi","D. Kapiti,J. Payne,M. Amzil,M. Tmusic,S. Henry",0,258,258,6.77,7.0,6.53,0,0,8,4,8,4,6,4,0,0,0,0,0,5,2,0,1,1,3,11,1,7,0,2,2,5,2,0,0,0,0,1,0,0,0,0,0,0,0,0,0,0,0,0,0,0,0,0,0,0,0,0,0,0,0,0,0,0
2791544,2025-12-13,1,Golden Eagle Ylli,Trepça,"A. Scott,A. Çallakaj,B. Huffman,E. Kastrati,L. Shoshi","D. Kapiti,J. Payne,K. Hasbrouck,M. Amzil,M. Tmusic",258,351,93,2.46,2.0,2.93,8,4,8,7,0,3,2,0,1,0,0,0,0,1,0,1,0,0,0,3,1,2,1,0,0,1,2,1,0,0,1,1,0,0,0,0,0,0,0,0,0,0,0,0,0,0,0,0,0,0,0,0,0,0,0,0,0,0
2791544,2025-12-13,1,Golden Eagle Ylli,Trepça,"A. Scott,A. Çallakaj,B. Huffman,E. Kastrati,L. Shoshi","D. Hajrizi,J. Payne,K. Hasbrouck,M. Tmusic,S. Jones",351,387,36,1.4,1.81,1.0,8,7,10,7,2,0,2,0,2,0,2,2,1,1,0,0,0,0,0,1,0,1,0,0,0,0,1,0,0,0,0,1,0,0,0,0,0,0,0,0,0,0,0,0,0,0,0,0,0,0,0,0,0,0,0,0,0,0
2791544,2025-12-13,1,Golden Eagle Ylli,Trepça,"A. Scott,A. Çallakaj,E. Kastrati,G. Morina,L. Shoshi","D. Hajrizi,J. Payne,K. Hasbrouck,M. Tmusic,S. Jones",387,441,54,2.0,2.0,2.0,10,7,13,10,3,3,2,1,1,1,0,0,0,0,1,1,0,0,1,1,1,1,1,0,0,0,1,1,0,0,1,0,0,0,0,0,0,0,0,0,0,0,0,0,0,0,0,0,0,0,0,0,0,0,0,0,0,0
2791544,2025-12-13,1,Golden Eagle Ylli,Trepça,"A. Scott,E. Kastrati,G. Morina,J. Reece,L. Shoshi","D. Hajrizi,J. Payne,K. Hasbrouck,S. Henry,S. Jones",441,482,41,1.0,1.0,1.0,13,10,15,10,2,0,1,1,0,0,0,0,0,1,0,0,0,0,1,1,0,1,0,0,0,0,0,0,0,0,0,0,0,0,0,0,0,0,0,0,0,0,0,0,0,0,0,0,0,0,0,0,0,0,0,0,0,0
2791544,2025-12-13,1,Golden Eagle Ylli,Trepça,"A. Scott,E. Kastrati,G. Morina,J. Reece,L. Shoshi","A. Arslanagic,D. Hajrizi,K. Hasbrouck,S. Henry,S. Jones",482,600,118,3.37,3.0,3.74,15,10,19,17,4,7,3,2,0,0,0,0,0,1,2,0,0,0,0,5,2,2,1,2,2,2,1,0,0,1,0,0,0,0,0,0,0,0,0,0,0,0,0,0,0,0,0,0,0,0,0,0,0,0,0,0,0,0
2791544,2025-12-13,2,Golden Eagle Ylli,Trepça,"A. Gashi,B. Huffman,E. Kastrati,G. Morina,J. Reece","A. Arslanagic,D. Hajrizi,K. Hasbrouck,S. Henry,S. Jones",600,684,84,2.5,3.0,2.0,19,17,19,19,0,2,2,0,0,0,0,0,0,1,0,0,0,1,1,2,1,1,0,0,0,0,2,0,0,0,0,1,0,0,0,0,0,0,0,0,0,0,0,0,0,0,0,0,0,0,0,0,0,0,0,0,0,0
2791544,2025-12-13,2,Golden Eagle Ylli,Trepça,"A. Gashi,B. Huffman,E. Kastrati,G. Morina,J. Reece","A. Arslanagic,D. Hajrizi,M. Tmusic,S. Henry,S. Jones",684,733,49,1.94,2.0,1.88,19,19,19,24,0,5,1,0,1,0,0,0,0,0,0,0,0,1,0,1,1,1,1,2,2,0,1,1,0,0,0,0,0,0,0,0,0,0,0,0,0,0,0,0,0,0,0,0,0,0,0,0,0,0,0,0,0,0
2791544,2025-12-13,2,Golden Eagle Ylli,Trepça,"A. Scott,B. Huffman,E. Kastrati,G. Morina,J. Reece","A. Arslanagic,D. Hajrizi,M. Tmusic,S. Henry,S. Jones",733,781,48,0.96,1.0,0.93,19,24,19,24,0,0,1,0,1,0,0,0,0,1,0,0,0,0,1,2,0,1,0,0,0,1,1,0,0,0,0,0,0,0,0,0,0,0,0,0,0,0,0,0,0,0,0,0,0,0,0,0,0,0,0,0,0,0
2791544,2025-12-13,2,Golden Eagle Ylli,Trepça,"A. Scott,A. Çallakaj,B. Huffman,G. Morina,J. Reece","D. Hajrizi,J. Payne,M. Tmusic,S. Henry,S. Jones",781,857,76,1.96,1.93,2.0,19,26,23,28,4,2,3,2,0,0,0,0,1,1,1,0,0,0,0,2,1,0,0,0,0,0,0,0,0,0,0,1,0,0,0,0,0,0,0,0,0,0,0,0,0,0,0,0,0,0,0,0,0,0,0,0,0,0
2791544,2025-12-13,2,Golden Eagle Ylli,Trepça,"A. Scott,A. Çallakaj,B. Huffman,G. Morina,J. Reece","J. Payne,M. Amzil,M. Tmusic,S. Henry,S. Jones",857,883,26,1.0,1.0,1.0,23,28,23,31,0,3,0,0,0,0,0,0,0,0,0,0,0,1,0,1,1,1,1,0,0,0,0,0,1,0,0,0,0,0,0,0,0,0,0,0,0,0,0,0,0,0,0,0,0,0,0,0,0,0,0,0,0,0
2791544,2025-12-13,2,Golden Eagle Ylli,Trepça,"A. Scott,A. Çallakaj,B. Huffman,G. Morina,J. Reece","D. Kapiti,J. Payne,M. Amzil,M. Tmusic,S. Henry",883,927,44,2.0,2.0,2.0,23,31,25,37,2,6,1,1,0,0,0,0,0,0,0,0,0,1,0,2,2,2,2,0,0,0,0,2,1,0,0,0,0,0,0,0,0,0,0,0,0,0,0,0,0,0,0,0,0,0,0,0,0,0,0,0,0,0
2791544,2025-12-13,2,Golden Eagle Ylli,Trepça,"A. Scott,A. Çallakaj,B. Huffman,J. Reece,L. Shoshi","D. Kapiti,J. Payne,M. Amzil,M. Tmusic,S. Henry",927,1036,109,3.5,4.0,3.0,25,37,27,40,2,3,1,1,0,0,0,0,0,2,1,0,0,3,0,3,1,2,1,0,0,0,0,1,1,0,0,0,0,0,0,0,0,0,0,0,0,0,0,0,0,0,0,0,0,0,0,0,0,0,0,0,0,0
2791544,2025-12-13,2,Golden Eagle Ylli,Trepça,"A. Scott,A. Çallakaj,B. Huffman,E. Kastrati,L. Shoshi","J. Payne,M. Amzil,M. Tmusic,S. Henry,S. Jones",1036,1078,42,1.46,0.93,2.0,27,40,27,42,0,2,1,0,0,0,0,0,1,1,0,0,0,1,0,2,1,1,0,0,0,0,0,1,1,0,0,1,0,0,0,0,0,0,0,0,0,0,0,0,0,0,0,0,0,0,0,0,0,0,0,0,0,0
2791544,2025-12-13,2,Golden Eagle Ylli,Trepça,"A. Scott,A. Çallakaj,B. Huffman,E. Kastrati,L. Shoshi","J. Payne,K. Hasbrouck,M. Amzil,M. Tmusic,S. Jones",1078,1141,63,3.0,3.0,3.0,27,42,29,47,2,5,2,1,0,0,0,0,0,0,1,0,0,1,0,2,2,1,1,0,0,0,1,2,1,0,1,0,0,0,0,0,0,0,0,0,0,0,0,0,0,0,0,0,0,0,0,0,0,0,0,0,0,0
2791544,2025-12-13,2,Golden Eagle Ylli,Trepça,"A. Scott,A. Çallakaj,E. Kastrati,G. Morina,L. Shoshi","J. Payne,K. Hasbrouck,M. Amzil,M. Tmusic,S. Jones",1141,1182,41,1.5,2.0,1.0,29,47,31,50,2,3,2,1,1,0,0,0,0,0,0,0,0,0,0,1,1,1,1,0,0,0,1,1,0,0,0,0,0,0,0,0,0,0,0,0,0,0,0,0,0,0,0,0,0,0,0,0,0,0,0,0,0,0
2791544,2025-12-13,2,Golden Eagle Ylli,Trepça,"A. Scott,A. Çallakaj,E. Kastrati,G. Morina,J. Reece","J. Payne,K. Hasbrouck,M. Amzil,M. Tmusic,S. Jones",1182,1200,18,1.0,1.0,1.0,31,50,31,52,0,2,1,0,1,0,0,0,0,0,0,0,0,0,0,1,1,0,0,0,0,0,0,0,0,0,0,0,0,0,0,0,0,0,0,0,0,0,0,0,0,0,0,0,0,0,0,0,0,0,0,0,0,0
2791544,2025-12-13,3,Golden Eagle Ylli,Trepça,"A. Scott,A. Çallakaj,B. Huffman,E. Kastrati,L. Shoshi","J. Payne,M. Amzil,M. Tmusic,S. Henry,S. Jones",1200,1376,176,3.96,3.93,4.0,31,52,38,57,7,5,4,3,2,1,0,0,1,1,1,0,0,1,1,3,2,2,1,0,0,0,0,2,1,0,1,3,0,0,0,0,0,0,0,0,0,0,0,0,0,0,0,0,0,0,0,0,0,0,0,0,0,0
2791544,2025-12-13,3,Golden Eagle Ylli,Trepça,"A. Scott,A. Çallakaj,B. Huffman,E. Kastrati,L. Shoshi","D. Hajrizi,J. Payne,M. Amzil,S. Henry,S. Jones",1376,1383,7,0.1,0.1,0.1,38,57,38,57,0,0,0,0,0,0,0,0,0,0,0,0,0,0,0,0,0,0,0,0,0,0,0,0,0,0,0,0,0,0,0,0,0,0,0,0,0,0,0,0,0,0,0,0,0,0,0,0,0,0,0,0,0,0
2791544,2025-12-13,3,Golden Eagle Ylli,Trepça,"A. Scott,A. Çallakaj,B. Huffman,E. Kastrati,L. Shoshi","D. Hajrizi,J. Payne,K. Hasbrouck,S. Henry,S. Jones",1383,1454,71,2.5,2.0,3.0,38,57,41,57,3,0,2,1,2,1,0,0,0,1,0,1,0,0,0,1,0,0,0,0,0,0,1,0,0,0,2,0,0,0,0,0,0,0,0,0,0,0,0,0,0,0,0,0,0,0,0,0,0,0,0,0,0,0
2791544,2025-12-13,3,Golden Eagle Ylli,Trepça,"A. Scott,A. Çallakaj,B. Huffman,E. Kastrati,L. Shoshi","D. Hajrizi,D. Kapiti,J. Payne,K. Hasbrouck,S. Henry",1454,1507,53,1.44,1.88,1.0,41,57,45,59,4,2,1,1,0,0,2,2,0,0,1,0,0,0,0,1,1,0,0,0,0,0,0,0,0,0,0,2,0,0,0,0,0,0,0,0,0,0,0,0,0,0,0,0,0,0,0,0,0,0,0,0,0,0
2791544,2025-12-13,3,Golden Eagle Ylli,Trepça,"A. Scott,A. Çallakaj,E. Kastrati,G. Morina,L. Shoshi","D. Hajrizi,D. Kapiti,J. Payne,K. Hasbrouck,S. Henry",1507,1551,44,1.0,1.0,1.0,45,59,45,59,0,0,1,0,1,0,0,0,0,1,0,0,1,0,2,1,0,0,0,0,0,0,1,0,0,0,0,0,0,0,0,0,0,0,0,0,0,0,0,0,0,0,0,0,0,0,0,0,0,0,0,0,0,0
2791544,2025-12-13,3,Golden Eagle Ylli,Trepça,"A. Scott,A. Çallakaj,G. Morina,J. Reece,L. Shoshi","D. Hajrizi,D. Kapiti,J. Payne,K. Hasbrouck,S. Henry",1551,1713,162,6.1,6.0,6.2,45,59,45,66,0,7,4,0,2,0,0,0,0,1,0,2,0,2,4,2,2,0,0,5,3,0,4,1,0,0,2,0,0,0,0,0,0,0,0,0,0,0,0,0,0,0,0,0,0,0,0,0,0,0,0,0,0,0
2791544,2025-12-13,3,Golden Eagle Ylli,Trepça,"A. Gashi,A. Scott,A. Çallakaj,G. Morina,J. Reece","A. Arslanagic,D. Hajrizi,D. Kapiti,K. Hasbrouck,S. Henry",1713,1800,87,3.22,4.0,2.44,45,68,50,74,5,6,2,2,1,1,0,0,0,0,1,0,0,2,2,2,2,1,1,1,1,0,0,1,0,0,0,0,0,0,0,0,0,0,0,0,0,0,0,0,0,0,0,0,0,0,0,0,0,0,0,0,0,0
2791544,2025-12-13,4,Golden Eagle Ylli,Trepça,"A. Scott,A. Çallakaj,E. Kastrati,G. Morina,J. Reece","A. Arslanagic,D. Hajrizi,D. Kapiti,K. Hasbrouck,M. Tmusic",1800,1877,77,2.5,2.0,3.0,50,74,52,76,2,2,1,1,0,0,0,0,0,1,1,1,0,1,1,2,1,1,0,0,0,0,0,1,1,0,1,1,0,0,0,0,0,0,0,0,0,0,0,0,0,0,0,0,0,0,0,0,0,0,0,0,0,0
2791544,2025-12-13,4,Golden Eagle Ylli,Trepça,"A. Scott,A. Çallakaj,E. Kastrati,G. Morina,J. Reece","A. Arslanagic,D. Hajrizi,D. Kapiti,M. Tmusic,S. Henry",1877,1954,77,2.88,2.76,3.0,52,76,57,81,5,5,1,1,1,1,4,2,0,1,1,0,0,0,0,3,2,1,1,0,0,0,1,1,0,0,0,2,0,0,0,0,0,0,0,0,0,0,0,0,0,0,0,0,0,0,0,0,0,0,0,0,0,0
2791544,2025-12-13,4,Golden Eagle Ylli,Trepça,"A. Scott,A. Çallakaj,E. Kastrati,G. Morina,J. Reece","A. Arslanagic,M. Amzil,M. Tmusic,S. Henry,S. Jones",1954,2014,60,2.5,3.0,2.0,57,81,62,83,5,2,2,2,1,1,0,0,0,0,2,1,0,1,1,1,1,0,0,0,0,0,0,1,1,0,1,0,0,0,0,0,0,0,0,0,0,0,0,0,0,0,0,0,0,0,0,0,0,0,0,0,0,0
2791544,2025-12-13,4,Golden Eagle Ylli,Trepça,"A. Scott,A. Çallakaj,E. Kastrati,G. Morina,J. Reece","J. Payne,M. Amzil,M. Tmusic,S. Henry,S. Jones",2014,2025,11,0.1,0.1,0.1,62,83,62,83,0,0,0,0,0,0,0,0,0,0,0,0,0,0,1,0,0,0,0,0,0,0,0,0,0,0,0,0,0,0,0,0,0,0,0,0,0,0,0,0,0,0,0,0,0,0,0,0,0,0,0,0,0,0
2791544,2025-12-13,4,Golden Eagle Ylli,Trepça,"A. Scott,A. Çallakaj,B. Huffman,G. Morina,J. Reece","J. Payne,M. Amzil,M. Tmusic,S. Henry,S. Jones",2025,2201,176,5.43,4.93,5.93,62,83,64,92,2,9,4,1,1,0,0,0,1,2,0,0,0,2,0,7,4,2,1,0,0,1,2,3,2,1,0,2,0,0,0,0,0,0,0,0,0,0,0,0,0,0,0,0,0,0,0,0,0,0,0,0,0,0
2791544,2025-12-13,4,Golden Eagle Ylli,Trepça,"A. Gashi,A. Scott,B. Huffman,G. Morina,J. Reece","B. Zekiqi,J. Payne,M. Amzil,S. Henry,S. Jones",2201,2212,11,0.49,0.88,0.1,64,92,66,92,2,0,0,0,0,0,2,2,0,0,0,0,0,0,1,0,0,0,0,0,0,0,0,0,0,0,0,0,0,0,0,0,0,0,0,0,0,0,0,0,0,0,0,0,0,0,0,0,0,0,0,0,0,0
2791544,2025-12-13,4,Golden Eagle Ylli,Trepça,"A. Gashi,A. Shala,B. Huffman,G. Morina,J. Reece","B. Zekiqi,J. Payne,M. Amzil,S. Henry,S. Jones",2212,2274,62,2.46,2.0,2.93,66,92,68,94,2,2,1,1,0,0,0,0,0,1,0,1,0,1,0,3,1,0,0,0,0,1,0,1,1,0,1,1,0,0,0,0,0,0,0,0,0,0,0,0,0,0,0,0,0,0,0,0,0,0,0,0,0,0
2791544,2025-12-13,4,Golden Eagle Ylli,Trepça,"A. Gashi,A. Shala,B. Huffman,G. Morina,J. Reece","A. Gashi,B. Zekiqi,J. Payne,M. Amzil,S. Jones",2274,2373,99,3.81,3.88,3.74,68,94,69,98,1,4,3,0,2,0,2,1,0,1,0,0,1,0,1,4,1,2,1,2,1,2,3,1,0,0,1,0,0,0,0,0,0,0,0,0,0,0,0,0,0,0,0,0,0,0,0,0,0,0,0,0,0,0
2791544,2025-12-13,4,Golden Eagle Ylli,Trepça,"A. Gashi,A. Shala,B. Huffman,J. Reece,S. Ahmeti","A. Gashi,B. Zekiqi,E. Asllani,M. Amzil,S. Jones",2373,2398,25,0.1,0.1,0.1,69,98,69,98,0,0,1,0,0,0,0,0,1,0,0,0,0,0,0,0,0,0,0,0,0,0,0,0,0,0,0,0,0,0,0,0,0,0,0,0,0,0,0,0,0,0,0,0,0,0,0,0,0,0,0,0,0,0
2792901,2025-12-18,1,Bashkimi,Golden Eagle Ylli,"I. Cousins,K. Anderson,L. Zeqiri,M. Ismaili,T. Bickerstaff","A. Scott,E. Kastrati,J. Reece,L. Shoshi,T. Allen",0,193,193,5.96,5.93,6.0,0,0,12,7,12,7,7,5,3,2,0,0,1,1,3,0,0,0,1,4,3,2,1,0,0,0,1,2,0,0,2,0,0,0,0,0,0,0,0,0,0,0,0,0,0,0,0,0,0,0,0,0,0,0,0,0,0,0
2792901,2025-12-18,1,Bashkimi,Golden Eagle Ylli,"I. Cousins,K. Anderson,L. Zeqiri,M. Janjeva,T. Bickerstaff","A. Scott,E. Kastrati,J. Reece,L. Shoshi,T. Allen",193,409,216,5.86,5.86,5.86,12,7,22,13,10,6,8,4,5,2,0,0,2,2,3,0,0,0,2,7,3,3,0,0,0,2,2,2,0,0,1,0,0,0,0,0,0,0,0,0,0,0,0,0,0,0,0,0,0,0,0,0,0,0,0,0,0,0
2792901,2025-12-18,1,Bashkimi,Golden Eagle Ylli,"D. Lake,I. Cousins,I. Nwamu,L. Zeqiri,M. Janjeva","A. Scott,E. Kastrati,G. Morina,J. Reece,T. Allen",409,504,95,2.4,2.0,2.81,22,13,24,17,2,4,2,1,0,0,0,0,0,1,1,0,0,0,0,3,1,3,1,2,1,1,1,1,0,1,0,2,0,0,0,0,0,0,0,0,0,0,0,0,0,0,0,0,0,0,0,0,0,0,0,0,0,0
2792901,2025-12-18,1,Bashkimi,Golden Eagle Ylli,"D. Lake,I. Cousins,I. Nwamu,M. Ismaili,M. Janjeva","A. Scott,B. Huffman,E. Kastrati,G. Morina,T. Allen",504,592,88,4.06,3.81,4.32,24,17,28,22,4,5,2,1,1,0,2,2,1,1,0,1,0,2,2,2,1,0,0,3,3,0,0,2,2,0,1,0,0,0,0,0,0,0,0,0,0,0,0,0,0,0,0,0,0,0,0,0,0,0,0,0,0,0
2792901,2025-12-18,1,Bashkimi,Golden Eagle Ylli,"D. Lake,I. Cousins,I. Nwamu,M. Ismaili,M. Janjeva","A. Shala,B. Huffman,E. Kastrati,G. Morina,T. Allen",592,600,8,0.55,1.0,0.1,28,22,28,22,0,0,1,0,1,0,0,0,0,0,0,0,0,0,0,0,0,0,0,0,0,0,0,0,0,0,0,0,0,0,0,0,0,0,0,0,0,0,0,0,0,0,0,0,0,0,0,0,0,0,0,0,0,0
2792901,2025-12-18,2,Bashkimi,Golden Eagle Ylli,"D. Lake,I. Cousins,I. Nwamu,L. Zeqiri,M. Ismaili","A. Shala,B. Huffman,E. Kastrati,G. Morina,T. Allen",600,656,56,1.0,1.0,1.0,28,22,31,24,3,2,1,1,1,1,0,0,0,0,1,0,0,0,0,1,1,0,0,0,0,0,0,1,0,0,0,1,0,0,0,0,0,0,0,0,0,0,0,0,0,0,0,0,0,0,0,0,0,0,0,0,0,0
2792901,2025-12-18,2,Bashkimi,Golden Eagle Ylli,"D. Lake,I. Nwamu,K. Anderson,L. Zeqiri,M. Ismaili","A. Shala,B. Huffman,E. Kastrati,G. Morina,T. Allen",656,704,48,2.0,2.0,2.0,31,24,34,28,3,4,2,1,2,1,0,0,0,0,0,0,0,0,1,2,2,0,0,0,0,0,1,1,0,0,0,0,0,0,0,0,0,0,0,0,0,0,0,0,0,0,0,0,0,0,0,0,0,0,0,0,0,0
2792901,2025-12-18,2,Bashkimi,Golden Eagle Ylli,"I. Nwamu,K. Anderson,L. Zeqiri,M. Janjeva,T. Bickerstaff","A. Shala,B. Huffman,E. Kastrati,G. Morina,T. Allen",704,743,39,1.22,1.0,1.44,34,28,36,29,2,1,1,1,0,0,0,0,0,1,1,0,0,0,0,1,0,0,0,1,1,0,0,0,0,0,0,1,0,0,0,0,0,0,0,0,0,0,0,0,0,0,0,0,0,0,0,0,0,0,0,0,0,0
2792901,2025-12-18,2,Bashkimi,Golden Eagle Ylli,"I. Cousins,K. Anderson,L. Zeqiri,M. Janjeva,T. Bickerstaff","A. Scott,A. Shala,B. Huffman,G. Morina,T. Allen",743,940,197,4.96,5.0,4.93,36,29,43,35,7,6,5,3,2,1,0,0,0,1,3,0,0,0,3,5,3,2,0,0,0,1,2,2,0,0,1,0,0,0,0,0,0,0,0,0,0,0,0,0,0,0,0,0,0,0,0,0,0,0,0,0,0,0
2792901,2025-12-18,2,Bashkimi,Golden Eagle Ylli,"I. Cousins,K. Anderson,L. Zeqiri,M. Janjeva,T. Bickerstaff","A. Scott,B. Huffman,E. Kastrati,G. Morina,L. Shoshi",940,1010,70,1.9,1.93,1.88,43,35,43,39,0,4,2,0,1,0,0,0,1,0,0,0,0,1,1,1,1,0,0,2,2,0,1,0,1,0,0,1,0,0,0,0,0,0,0,0,0,0,0,0,0,0,0,0,0,0,0,0,0,0,0,0,0,0
2792901,2025-12-18,2,Bashkimi,Golden Eagle Ylli,"I. Nwamu,K. Anderson,L. Zeqiri,M. Janjeva,T. Bickerstaff","A. Scott,B. Huffman,E. Kastrati,G. Morina,L. Shoshi",1010,1018,8,0.1,0.1,0.1,43,39,43,39,0,0,0,0,0,0,0,0,0,0,0,0,0,0,0,0,0,0,0,0,0,0,0,0,0,0,0,0,0,0,0,0,0,0,0,0,0,0,0,0,0,0,0,0,0,0,0,0,0,0,0,0,0,0
2792901,2025-12-18,2,Bashkimi,Golden Eagle Ylli,"D. Lake,I. Nwamu,K. Anderson,L. Zeqiri,M. Janjeva","A. Scott,B. Huffman,E. Kastrati,G. Morina,L. Shoshi",1018,1157,139,4.93,4.93,4.93,43,39,49,46,6,7,5,2,5,2,0,0,1,1,2,0,0,1,0,5,3,2,1,0,0,1,2,1,1,0,1,0,0,0,0,0,0,0,0,0,0,0,0,0,0,0,0,0,0,0,0,0,0,0,0,0,0,0
2792901,2025-12-18,2,Bashkimi,Golden Eagle Ylli,"D. Lake,I. Nwamu,K. Anderson,L. Zeqiri,M. Janjeva","A. Gashi,A. Scott,B. Huffman,E. Kastrati,L. Shoshi",1157,1171,14,0.1,0.1,0.1,49,46,49,46,0,0,0,0,0,0,0,0,0,0,0,0,0,0,0,0,0,0,0,0,0,0,0,0,0,0,0,0,0,0,0,0,0,0,0,0,0,0,0,0,0,0,0,0,0,0,0,0,0,0,0,0,0,0
2792901,2025-12-18,2,Bashkimi,Golden Eagle Ylli,"D. Lake,I. Nwamu,K. Anderson,L. Zeqiri,M. Janjeva","A. Gashi,A. Scott,E. Kastrati,G. Morina,L. Shoshi",1171,1181,10,1.05,2.0,0.1,49,46,49,46,0,0,0,0,0,0,0,0,0,0,0,0,0,2,1,0,0,0,0,0,0,0,0,0,0,0,0,1,0,0,0,0,0,0,0,0,0,0,0,0,0,0,0,0,0,0,0,0,0,0,0,0,0,0
2792901,2025-12-18,2,Bashkimi,Golden Eagle Ylli,"I. Cousins,I. Nwamu,L. Zeqiri,M. Janjeva,T. Bickerstaff","A. Gashi,A. Scott,E. Kastrati,G. Morina,L. Shoshi",1181,1200,19,1.0,1.0,1.0,49,46,49,46,0,0,1,0,1,0,0,0,0,1,0,0,0,0,0,1,0,1,0,0,0,0,0,0,0,0,0,0,0,0,0,0,0,0,0,0,0,0,0,0,0,0,0,0,0,0,0,0,0,0,0,0,0,0
2792901,2025-12-18,3,Bashkimi,Golden Eagle Ylli,"I. Nwamu,K. Anderson,L. Zeqiri,M. Janjeva,T. Bickerstaff","A. Scott,E. Kastrati,J. Reece,L. Shoshi,T. Allen",1200,1294,94,3.0,3.0,3.0,49,46,52,51,3,5,1,1,1,1,0,0,0,0,1,0,0,2,0,2,2,1,1,0,0,0,0,1,2,0,1,0,0,0,0,0,0,0,0,0,0,0,0,0,0,0,0,0,0,0,0,0,0,0,0,0,0,0
2792901,2025-12-18,3,Bashkimi,Golden Eagle Ylli,"I. Nwamu,K. Anderson,L. Zeqiri,M. Ismaili,T. Bickerstaff","A. Scott,E. Kastrati,J. Reece,L. Shoshi,T. Allen",1294,1444,150,4.43,4.93,3.93,52,51,58,51,6,0,6,3,2,0,0,0,1,3,3,1,0,0,2,4,0,1,0,0,0,1,2,0,0,0,1,0,0,0,0,0,0,0,0,0,0,0,0,0,0,0,0,0,0,0,0,0,0,0,0,0,0,0
2792901,2025-12-18,3,Bashkimi,Golden Eagle Ylli,"I. Nwamu,K. Anderson,L. Zeqiri,M. Janjeva,T. Bickerstaff","A. Scott,E. Kastrati,J. Reece,L. Shoshi,T. Allen",1444,1458,14,1.0,1.0,1.0,58,51,60,51,2,0,1,1,0,0,0,0,0,1,0,0,0,0,0,1,0,1,0,0,0,0,0,0,0,0,0,1,0,0,0,0,0,0,0,0,0,0,0,0,0,0,0,0,0,0,0,0,0,0,0,0,0,0
2792901,2025-12-18,3,Bashkimi,Golden Eagle Ylli,"I. Nwamu,K. Anderson,L. Zeqiri,M. Janjeva,T. Bickerstaff","A. Scott,B. Huffman,E. Kastrati,L. Shoshi,T. Allen",1458,1504,46,1.22,1.44,1.0,60,51,61,53,1,2,0,0,0,0,1,1,0,0,0,0,0,1,1,1,1,0,0,0,0,0,0,1,1,0,0,0,0,0,0,0,0,0,0,0,0,0,0,0,0,0,0,0,0,0,0,0,0,0,0,0,0,0
2792901,2025-12-18,3,Bashkimi,Golden Eagle Ylli,"D. Lake,I. Nwamu,K. Anderson,L. Zeqiri,M. Janjeva","A. Scott,B. Huffman,E. Kastrati,L. Shoshi,T. Allen",1504,1568,64,2.7,2.0,3.4,61,53,64,55,3,2,2,1,1,1,0,0,0,2,0,0,0,0,1,2,1,1,0,4,0,1,1,0,0,0,0,1,0,0,0,0,0,0,0,0,0,0,0,0,0,0,0,0,0,0,0,0,0,0,0,0,0,0
2792901,2025-12-18,3,Bashkimi,Golden Eagle Ylli,"D. Lake,I. Cousins,K. Anderson,L. Zeqiri,M. Janjeva","A. Scott,B. Huffman,E. Kastrati,L. Shoshi,T. Allen",1568,1610,42,1.0,1.0,1.0,64,55,64,55,0,0,1,0,1,0,0,0,0,1,0,0,0,0,0,1,0,0,0,0,0,0,1,0,0,0,0,1,0,0,0,0,0,0,0,0,0,0,0,0,0,0,0,0,0,0,0,0,0,0,0,0,0,0
2792901,2025-12-18,3,Bashkimi,Golden Eagle Ylli,"D. Lake,I. Cousins,K. Anderson,L. Zeqiri,M. Janjeva","A. Scott,B. Huffman,E. Kastrati,G. Morina,T. Allen",1610,1680,70,2.9,2.93,2.88,64,55,68,57,4,2,4,2,0,0,0,0,1,0,0,2,0,0,1,0,0,0,0,2,2,0,1,0,0,0,2,1,0,0,0,0,0,0,0,0,0,0,0,0,0,0,0,0,0,0,0,0,0,0,0,0,0,0
2792901,2025-12-18,3,Bashkimi,Golden Eagle Ylli,"D. Lake,I. Cousins,I. Nwamu,L. Zeqiri,M. Janjeva","A. Scott,B. Huffman,E. Kastrati,G. Morina,T. Allen",1680,1800,120,2.65,2.93,2.37,68,57,68,60,0,3,2,0,2,0,0,0,1,1,0,0,1,2,1,3,1,1,0,1,1,1,1,0,0,0,0,0,0,0,0,0,0,0,0,0,0,0,0,0,0,0,0,0,0,0,0,0,0,0,0,0,0,0
2792901,2025-12-18,4,Bashkimi,Golden Eagle Ylli,"D. Lake,I. Nwamu,K. Anderson,L. Zeqiri,M. Janjeva","A. Scott,B. Huffman,E. Kastrati,G. Morina,T. Allen",1800,1990,190,5.43,4.86,6.0,68,60,71,67,3,7,5,1,4,1,0,0,2,3,1,0,0,2,0,6,3,2,1,0,0,0,2,2,1,0,0,2,0,0,0,0,0,0,0,0,0,0,0,0,0,0,0,0,0,0,0,0,0,0,0,0,0,0
2792901,2025-12-18,4,Bashkimi,Golden Eagle Ylli,"I. Nwamu,K. Anderson,L. Zeqiri,M. Ismaili,T. Bickerstaff","A. Scott,B. Huffman,E. Kastrati,G. Morina,T. Allen",1990,2025,35,1.46,1.93,1.0,71,67,71,67,0,0,3,0,1,0,0,0,1,0,0,1,0,0,1,0,0,0,0,0,0,0,2,0,0,0,1,0,0,0,0,0,0,0,0,0,0,0,0,0,0,0,0,0,0,0,0,0,0,0,0,0,0,0
2792901,2025-12-18,4,Bashkimi,Golden Eagle Ylli,"I. Cousins,I. Nwamu,L. Zeqiri,M. Ismaili,T. Bickerstaff","A. Scott,B. Huffman,E. Kastrati,G. Morina,T. Allen",2025,2109,84,1.5,1.0,2.0,71,67,74,70,3,3,1,1,1,1,0,0,0,1,1,0,0,0,0,2,1,1,1,0,0,0,0,0,0,0,0,1,0,0,0,0,0,0,0,0,0,0,0,0,0,0,0,0,0,0,0,0,0,0,0,0,0,0
2792901,2025-12-18,4,Bashkimi,Golden Eagle Ylli,"I. Cousins,I. Nwamu,L. Zeqiri,M. Ismaili,T. Bickerstaff","A. Scott,B. Huffman,E. Kastrati,L. Shoshi,T. Allen",2109,2195,86,2.5,3.0,2.0,74,70,74,70,0,0,2,0,0,0,0,0,0,2,0,0,0,1,1,2,0,0,0,0,0,0,2,0,0,0,0,0,0,0,0,0,0,0,0,0,0,0,0,0,0,0,0,0,0,0,0,0,0,0,0,0,0,0
2792901,2025-12-18,4,Bashkimi,Golden Eagle Ylli,"I. Cousins,K. Anderson,L. Zeqiri,M. Ismaili,T. Bickerstaff","A. Scott,B. Huffman,E. Kastrati,L. Shoshi,T. Allen",2195,2270,75,2.16,2.31,2.0,74,70,74,70,0,0,5,0,0,0,2,0,4,0,0,0,0,0,1,0,0,0,0,0,0,0,2,0,0,1,2,1,0,0,0,0,0,0,0,0,0,0,0,0,0,0,0,0,0,0,0,0,0,0,0,0,0,0
2792901,2025-12-18,4,Bashkimi,Golden Eagle Ylli,"D. Lake,I. Cousins,K. Anderson,L. Zeqiri,M. Ismaili","A. Scott,B. Huffman,E. Kastrati,L. Shoshi,T. Allen",2270,2314,44,0.93,1.0,0.86,74,70,74,70,0,0,1,0,0,0,0,0,0,0,0,1,0,0,0,2,0,1,0,0,0,2,1,0,0,1,1,0,0,0,0,0,0,0,0,0,0,0,0,0,0,0,0,0,0,0,0,0,0,0,0,0,0,0
2792901,2025-12-18,4,Bashkimi,Golden Eagle Ylli,"D. Lake,I. Nwamu,K. Anderson,L. Zeqiri,M. Janjeva","A. Scott,B. Huffman,E. Kastrati,L. Shoshi,T. Allen",2314,2379,65,1.4,1.0,1.79,74,70,74,72,0,2,1,0,0,0,0,0,0,0,0,0,0,0,1,4,1,2,0,0,0,2,1,0,0,1,1,0,0,0,0,0,0,0,0,0,0,0,0,0,0,0,0,0,0,0,0,0,0,0,0,0,0,0
2792901,2025-12-18,4,Bashkimi,Golden Eagle Ylli,"D. Lake,I. Nwamu,K. Anderson,L. Zeqiri,M. Janjeva","A. Scott,E. Kastrati,J. Reece,L. Shoshi,T. Allen",2379,2400,21,1.88,1.76,2.0,74,72,78,77,4,5,0,0,0,0,4,4,0,0,0,0,0,0,0,2,2,1,1,0,0,0,0,1,0,0,0,2,0,0,0,0,0,0,0,0,0,0,0,0,0,0,0,0,0,0,0,0,0,0,0,0,0,0
2792898,2025-12-18,1,Trepça,Bora,"D. Hajrizi,J. Payne,M. Tmusic,S. Henry,S. Jones","A. Hot,A. Hunter,C. Payton,J. Zeqiri,T. Cheese",0,292,292,8.5,8.0,9.0,0,0,13,11,13,11,8,6,3,1,0,0,0,3,3,1,1,0,1,8,5,3,1,0,0,0,2,5,0,0,1,2,0,0,0,0,0,0,0,0,0,0,0,0,0,0,0,0,0,0,0,0,0,0,0,0,0,0
2792898,2025-12-18,1,Trepça,Bora,"D. Hajrizi,J. Payne,M. Tmusic,S. Henry,S. Jones","A. Hot,A. Hunter,A. Mekic,C. Payton,R. Memedi",292,372,80,1.46,1.93,1.0,13,11,15,14,2,3,3,1,1,0,0,0,1,0,1,0,0,0,1,1,1,1,1,0,0,0,1,1,0,0,0,1,0,0,0,0,0,0,0,0,0,0,0,0,0,0,0,0,0,0,0,0,0,0,0,0,0,0
2792898,2025-12-18,1,Trepça,Bora,"D. Kapiti,J. Payne,M. Amzil,M. Tmusic,S. Henry","A. Hunter,A. Mekic,G. Zeqiri,R. Memedi,S. Jules",372,404,32,1.44,1.0,1.88,15,14,18,15,3,1,1,1,1,1,0,0,0,1,1,1,0,0,0,0,0,0,0,2,1,0,0,0,0,0,1,1,0,0,0,0,0,0,0,0,0,0,0,0,0,0,0,0,0,0,0,0,0,0,0,0,0,0
2792898,2025-12-18,1,Trepça,Bora,"D. Kapiti,J. Payne,K. Hasbrouck,M. Amzil,M. Tmusic","A. Hunter,A. Mekic,G. Zeqiri,R. Memedi,S. Jules",404,443,39,1.44,1.88,1.0,18,15,21,15,3,0,1,1,0,0,2,1,0,1,0,0,0,0,0,1,0,1,0,0,0,0,0,0,0,0,0,1,0,0,0,0,0,0,0,0,0,0,0,0,0,0,0,0,0,0,0,0,0,0,0,0,0,0
2792898,2025-12-18,1,Trepça,Bora,"D. Kapiti,J. Payne,K. Hasbrouck,M. Amzil,M. Tmusic","A. Hot,A. Mekic,R. Memedi,S. Jules,T. Cheese",443,489,46,1.0,1.0,1.0,21,15,21,15,0,0,0,0,0,0,0,0,0,1,0,0,0,1,1,1,0,0,0,0,0,0,0,0,1,0,0,0,0,0,0,0,0,0,0,0,0,0,0,0,0,0,0,0,0,0,0,0,0,0,0,0,0,0
2792898,2025-12-18,1,Trepça,Bora,"A. Arslanagic,D. Kapiti,K. Hasbrouck,M. Amzil,M. Tmusic","A. Hot,A. Mekic,R. Memedi,S. Jules,T. Cheese",489,600,111,3.94,3.88,4.0,21,15,22,20,1,5,2,0,2,0,2,1,0,2,1,0,0,1,0,4,2,2,1,0,0,0,2,1,1,0,0,1,0,0,0,0,0,0,0,0,0,0,0,0,0,0,0,0,0,0,0,0,0,0,0,0,0,0
2792898,2025-12-18,2,Trepça,Bora,"A. Arslanagic,B. Tuna,D. Kapiti,K. Hasbrouck,M. Amzil","A. Hot,A. Hunter,A. Mekic,C. Payton,J. Zeqiri",600,694,94,2.66,3.32,2.0,22,20,27,25,5,5,2,1,1,1,3,2,0,0,2,0,0,0,1,2,2,1,1,0,0,0,1,1,0,0,0,1,0,0,0,0,0,0,0,0,0,0,0,0,0,0,0,0,0,0,0,0,0,0,0,0,0,0
2792898,2025-12-18,2,Trepça,Bora,"A. Arslanagic,D. Hajrizi,D. Kapiti,K. Hasbrouck,S. Henry","A. Hunter,A. Mekic,C. Payton,J. Zeqiri,R. Memedi",694,736,42,1.22,1.0,1.44,27,25,27,28,0,3,1,0,1,0,0,0,0,0,0,0,0,0,2,1,1,0,0,1,1,0,1,0,0,0,0,0,0,0,0,0,0,0,0,0,0,0,0,0,0,0,0,0,0,0,0,0,0,0,0,0,0,0
2792898,2025-12-18,2,Trepça,Bora,"D. Hajrizi,D. Kapiti,J. Payne,K. Hasbrouck,S. Henry","A. Hunter,A. Mekic,C. Payton,J. Zeqiri,R. Memedi",736,773,37,1.16,1.0,1.32,27,28,27,30,0,2,1,0,1,0,0,0,0,0,0,0,0,0,2,0,0,0,0,3,2,0,1,1,0,0,0,1,0,0,0,0,0,0,0,0,0,0,0,0,0,0,0,0,0,0,0,0,0,0,0,0,0,0
2792898,2025-12-18,2,Trepça,Bora,"D. Hajrizi,J. Payne,K. Hasbrouck,S. Henry,S. Jones","A. Hunter,A. Mekic,C. Payton,J. Zeqiri,R. Memedi",773,810,37,1.44,1.0,1.88,27,30,27,30,0,0,1,0,0,0,0,0,0,2,0,0,0,0,0,1,0,0,0,2,0,0,1,0,0,0,0,1,0,0,0,0,0,0,0,0,0,0,0,0,0,0,0,0,0,0,0,0,0,0,0,0,0,0
2792898,2025-12-18,2,Trepça,Bora,"D. Hajrizi,J. Payne,K. Hasbrouck,S. Henry,S. Jones","A. Hot,A. Mekic,R. Memedi,S. Jules,T. Cheese",810,821,11,0.55,1.0,0.1,27,30,30,30,3,0,1,1,1,1,0,0,0,0,1,0,0,0,0,0,0,0,0,0,0,0,0,0,0,0,0,1,0,0,0,0,0,0,0,0,0,0,0,0,0,0,0,0,0,0,0,0,0,0,0,0,0,0
2792898,2025-12-18,2,Trepça,Bora,"D. Hajrizi,J. Payne,M. Tmusic,S. Henry,S. Jones","A. Hot,A. Mekic,R. Memedi,S. Jules,T. Cheese",821,870,49,2.22,2.44,2.0,30,30,31,30,1,0,1,0,1,0,1,1,0,2,0,0,1,1,0,2,0,1,0,0,0,0,1,0,0,0,0,0,0,0,0,0,0,0,0,0,0,0,0,0,0,0,0,0,0,0,0,0,0,0,0,0,0,0
2792898,2025-12-18,2,Trepça,Bora,"D. Hajrizi,J. Payne,M. Tmusic,S. Henry,S. Jones","A. Hot,A. Hunter,R. Memedi,S. Jules,T. Cheese",870,917,47,0.96,0.93,1.0,31,30,33,30,2,0,2,1,0,0,0,0,1,0,0,0,0,0,1,0,0,0,0,0,0,0,0,0,0,0,1,0,0,0,0,0,0,0,0,0,0,0,0,0,0,0,0,0,0,0,0,0,0,0,0,0,0,0
2792898,2025-12-18,2,Trepça,Bora,"D. Hajrizi,J. Payne,M. Tmusic,S. Henry,S. Jones","A. Hot,A. Hunter,C. Payton,J. Zeqiri,T. Cheese",917,1026,109,3.4,2.76,4.05,33,30,35,35,2,5,1,0,1,0,4,2,0,2,1,0,0,0,1,3,1,1,0,4,3,1,2,0,0,0,0,3,0,0,0,0,0,0,0,0,0,0,0,0,0,0,0,0,0,0,0,0,0,0,0,0,0,0
2792898,2025-12-18,2,Trepça,Bora,"J. Payne,M. Amzil,M. Tmusic,S. Henry,S. Jones","A. Hot,A. Hunter,C. Payton,R. Memedi,T. Cheese",1026,1046,20,0.94,0.88,1.0,37,35,39,35,2,0,0,0,0,0,2,2,0,1,0,0,0,0,0,1,0,0,0,0,0,0,0,0,0,0,0,1,0,0,0,0,0,0,0,0,0,0,0,0,0,0,0,0,0,0,0,0,0,0,0,0,0,0
2792898,2025-12-18,2,Trepça,Bora,"J. Payne,K. Hasbrouck,M. Amzil,M. Tmusic,S. Jones","A. Hot,A. Hunter,R. Memedi,S. Jules,T. Cheese",1046,1079,33,1.19,1.44,0.93,39,35,42,35,3,0,1,1,0,0,1,1,0,1,1,0,0,0,0,2,0,1,0,0,0,1,0,0,0,0,0,1,0,0,0,0,0,0,0,0,0,0,0,0,0,0,0,0,0,0,0,0,0,0,0,0,0,0
2792898,2025-12-18,2,Trepça,Bora,"J. Payne,K. Hasbrouck,M. Amzil,M. Tmusic,S. Jones","A. Hot,A. Hunter,A. Mekic,R. Memedi,S. Jules",1079,1196,117,3.4,2.81,4.0,42,35,47,35,5,0,3,2,1,0,2,1,1,2,1,2,0,0,0,2,0,2,0,0,0,0,0,0,0,0,2,1,0,0,0,0,0,0,0,0,0,0,0,0,0,0,0,0,0,0,0,0,0,0,0,0,0,0
2792898,2025-12-18,2,Trepça,Bora,"J. Payne,K. Hasbrouck,M. Amzil,M. Tmusic,S. Jones","A. Hunter,A. Mekic,G. Zeqiri,R. Memedi,S. Jules",1196,1200,4,0.55,1.0,0.1,47,35,47,35,0,0,0,0,0,0,0,0,0,0,0,0,0,1,0,0,0,0,0,0,0,0,0,0,1,0,0,0,0,0,0,0,0,0,0,0,0,0,0,0,0,0,0,0,0,0,0,0,0,0,0,0,0,0
2792898,2025-12-18,3,Trepça,Bora,"J. Payne,K. Hasbrouck,M. Amzil,M. Tmusic,S. Jones","A. Hot,A. Hunter,C. Payton,R. Memedi,S. Jules",1200,1216,16,1.05,0.1,2.0,47,35,47,35,0,0,0,0,0,0,0,0,0,0,0,0,0,0,0,0,0,0,0,0,0,0,0,0,0,0,2,1,0,0,0,0,0,0,0,0,0,0,0,0,0,0,0,0,0,0,0,0,0,0,0,0,0,0
2792898,2025-12-18,3,Trepça,Bora,"J. Payne,K. Hasbrouck,M. Amzil,M. Tmusic,S. Jones","A. Hot,A. Hunter,A. Mekic,R. Memedi,S. Jules",1216,1408,192,6.4,6.0,6.81,47,35,52,39,5,4,5,2,4,1,0,0,0,3,1,0,1,1,3,5,1,3,0,2,2,1,3,1,1,0,2,2,0,0,0,0,0,0,0,0,0,0,0,0,0,0,0,0,0,0,0,0,0,0,0,0,0,0
2792898,2025-12-18,3,Trepça,Bora,"J. Payne,M. Amzil,M. Tmusic,S. Henry,S. Jones","A. Hunter,G. Zeqiri,J. Zeqiri,S. Jules,T. Cheese",1408,1499,91,3.88,4.76,3.0,52,39,56,42,4,3,1,1,0,0,4,2,0,1,1,1,0,2,1,2,1,1,1,0,0,0,0,1,0,0,1,2,0,0,0,0,0,0,0,0,0,0,0,0,0,0,0,0,0,0,0,0,0,0,0,0,0,0
2792898,2025-12-18,3,Trepça,Bora,"J. Payne,M. Amzil,M. Tmusic,S. Henry,S. Jones","A. Hunter,J. Zeqiri,R. Memedi,S. Jules,T. Cheese",1499,1536,37,1.0,1.0,1.0,56,42,58,42,2,0,1,1,0,0,0,0,0,0,0,0,0,0,0,0,0,0,0,0,0,0,0,0,0,0,1,0,0,0,0,0,0,0,0,0,0,0,0,0,0,0,0,0,0,0,0,0,0,0,0,0,0,0
2792898,2025-12-18,3,Trepça,Bora,"J. Payne,M. Amzil,M. Tmusic,S. Henry,S. Jones","A. Hot,C. Payton,R. Memedi,S. Jules,T. Cheese",1536,1618,82,1.96,2.0,1.93,58,42,60,46,2,4,2,1,0,0,0,0,0,0,0,0,0,0,0,3,2,1,0,0,0,1,1,0,0,0,0,0,0,0,0,0,0,0,0,0,0,0,0,0,0,0,0,0,0,0,0,0,0,0,0,0,0,0
2792898,2025-12-18,3,Trepça,Bora,"D. Kapiti,J. Payne,M. Amzil,M. Tmusic,S. Henry","A. Hot,C. Payton,R. Memedi,S. Jules,T. Cheese",1618,1635,17,0.1,0.1,0.1,60,46,60,46,0,0,0,0,0,0,0,0,0,0,0,0,0,0,1,0,0,0,0,0,0,0,0,0,0,0,0,0,0,0,0,0,0,0,0,0,0,0,0,0,0,0,0,0,0,0,0,0,0,0,0,0,0,0
2792898,2025-12-18,3,Trepça,Bora,"D. Hajrizi,D. Kapiti,J. Payne,M. Tmusic,S. Henry","A. Hot,C. Payton,R. Memedi,S. Jules,T. Cheese",1635,1663,28,1.94,2.0,1.88,60,46,64,48,4,2,2,2,0,0,0,0,0,0,0,1,0,0,0,0,0,0,0,2,2,0,0,0,0,0,1,1,0,0,0,0,0,0,0,0,0,0,0,0,0,0,0,0,0,0,0,0,0,0,0,0,0,0
2792898,2025-12-18,3,Trepça,Bora,"D. Hajrizi,D. Kapiti,J. Payne,M. Tmusic,S. Henry","A. Hot,A. Hunter,C. Payton,J. Zeqiri,T. Cheese",1663,1742,79,2.66,2.32,3.0,64,48,66,53,2,5,1,0,0,0,3,2,0,1,1,0,1,0,0,3,2,1,1,0,0,0,1,1,0,0,0,1,0,0,0,0,0,0,0,0,0,0,0,0,0,0,0,0,0,0,0,0,0,0,0,0,0,0
2792898,2025-12-18,3,Trepça,Bora,"B. Tuna,D. Hajrizi,D. Kapiti,J. Payne,S. Henry","A. Hot,A. Hunter,C. Payton,J. Zeqiri,T. Cheese",1742,1800,58,1.5,2.0,1.0,66,53,68,56,2,3,2,1,1,0,0,0,0,0,0,0,0,0,0,1,1,1,1,0,0,0,1,0,0,0,0,0,0,0,0,0,0,0,0,0,0,0,0,0,0,0,0,0,0,0,0,0,0,0,0,0,0,0
2792898,2025-12-18,4,Trepça,Bora,"D. Hajrizi,D. Kapiti,J. Payne,K. Hasbrouck,S. Henry","A. Hot,A. Hunter,C. Payton,J. Zeqiri,T. Cheese",1800,1896,96,2.44,3.0,1.88,68,56,70,58,2,2,3,1,2,0,0,0,0,1,1,0,0,0,2,1,0,1,0,2,2,0,2,1,0,0,0,0,0,0,0,0,0,0,0,0,0,0,0,0,0,0,0,0,0,0,0,0,0,0,0,0,0,0
2792898,2025-12-18,4,Trepça,Bora,"B. Tuna,D. Hajrizi,D. Kapiti,J. Payne,S. Henry","A. Hot,A. Hunter,C. Payton,J. Zeqiri,T. Cheese",1896,1910,14,1.01,0.1,1.93,70,58,70,58,0,0,0,0,0,0,0,0,0,0,0,0,0,0,0,1,0,0,0,0,0,1,0,0,0,0,2,1,0,0,0,0,0,0,0,0,0,0,0,0,0,0,0,0,0,0,0,0,0,0,0,0,0,0
2792898,2025-12-18,4,Trepça,Bora,"B. Tuna,D. Hajrizi,D. Kapiti,J. Payne,S. Henry","A. Hunter,C. Payton,J. Zeqiri,R. Memedi,T. Cheese",1910,1979,69,1.46,2.0,0.93,70,58,74,60,4,2,2,2,0,0,0,0,0,0,0,0,0,0,0,2,1,0,0,0,0,1,0,0,0,0,0,0,0,0,0,0,0,0,0,0,0,0,0,0,0,0,0,0,0,0,0,0,0,0,0,0,0,0
2792898,2025-12-18,4,Trepça,Bora,"B. Tuna,D. Hajrizi,D. Kapiti,J. Payne,S. Henry","A. Hunter,A. Mekic,J. Zeqiri,R. Memedi,T. Cheese",1979,2096,117,2.46,2.0,2.93,74,60,74,64,0,4,2,0,1,0,0,0,0,0,0,1,0,0,2,3,2,1,0,0,0,1,2,0,0,0,1,1,0,0,0,0,0,0,0,0,0,0,0,0,0,0,0,0,0,0,0,0,0,0,0,0,0,0
2792898,2025-12-18,4,Trepça,Bora,"B. Tuna,D. Hajrizi,D. Kapiti,M. Tmusic,S. Henry","A. Hot,A. Hunter,A. Mekic,R. Memedi,T. Cheese",2096,2165,69,2.0,2.0,2.0,76,64,79,68,3,4,1,1,1,1,0,0,0,0,1,0,0,1,0,2,2,0,0,0,0,0,0,1,0,0,0,0,0,0,0,0,0,0,0,0,0,0,0,0,0,0,0,0,0,0,0,0,0,0,0,0,0,0
2792898,2025-12-18,4,Trepça,Bora,"D. Hajrizi,D. Kapiti,J. Payne,M. Tmusic,S. Henry","A. Hot,A. Hunter,A. Mekic,R. Memedi,T. Cheese",2165,2221,56,3.0,2.0,4.0,79,68,79,68,0,0,1,0,1,0,0,0,0,1,0,1,0,1,0,1,0,1,0,0,0,0,1,0,1,0,3,1,0,0,0,0,0,0,0,0,0,0,0,0,0,0,0,0,0,0,0,0,0,0,0,0,0,0
2792898,2025-12-18,4,Trepça,Bora,"D. Kapiti,J. Payne,K. Hasbrouck,M. Tmusic,S. Henry","A. Hot,A. Hunter,C. Payton,R. Memedi,T. Cheese",2221,2240,19,0.52,0.93,0.1,79,68,81,68,2,0,2,1,0,0,0,0,1,0,0,0,0,0,0,0,0,0,0,0,0,0,0,0,0,0,0,0,0,0,0,0,0,0,0,0,0,0,0,0,0,0,0,0,0,0,0,0,0,0,0,0,0,0
2792898,2025-12-18,4,Trepça,Bora,"D. Kapiti,J. Payne,K. Hasbrouck,M. Tmusic,S. Henry","A. Hot,A. Hunter,A. Mekic,R. Memedi,T. Cheese",2240,2348,108,3.84,3.76,3.93,81,68,82,74,1,6,2,0,0,0,4,1,0,1,0,0,0,0,0,5,3,1,0,0,0,1,3,2,0,0,0,2,0,0,0,0,0,0,0,0,0,0,0,0,0,0,0,0,0,0,0,0,0,0,0,0,0,0
2792898,2025-12-18,4,Trepça,Bora,"D. Kapiti,J. Payne,K. Hasbrouck,M. Tmusic,S. Henry","A. Hot,A. Hunter,C. Payton,R. Memedi,T. Cheese",2348,2394,46,2.5,2.0,3.0,82,74,84,76,2,2,1,1,0,0,0,0,0,1,0,1,0,1,0,2,1,1,0,0,0,0,0,0,1,0,1,0,0,0,0,0,0,0,0,0,0,0,0,0,0,0,0,0,0,0,0,0,0,0,0,0,0,0
2792900,2025-12-17,1,Vëllaznimi,Rahoveci 029,"J. Hellems,R. Dahsyla,S. Zekiqi,T. Todd,Z. Reid","A. Berisha,A. Patty,F. Rugova,J. Roche,K. Pullian",0,280,280,9.18,9.37,9.0,0,0,13,3,13,3,9,5,4,2,1,1,1,4,1,1,0,1,2,5,1,3,1,0,0,0,3,0,1,1,4,1,0,0,0,0,0,0,0,0,0,0,0,0,0,0,0,0,0,0,0,0,0,0,0,0,0,0
2792900,2025-12-17,1,Vëllaznimi,Rahoveci 029,"J. Hellems,R. Dahsyla,S. Zekiqi,T. Todd,Z. Reid","B. Rexha,F. Rugova,J. Johnson,J. Roche,K. Pullian",280,347,67,2.46,1.93,3.0,13,3,16,3,3,0,2,1,2,1,0,0,1,1,1,0,0,1,0,1,0,1,0,0,0,0,0,0,1,1,2,0,0,0,0,0,0,0,0,0,0,0,0,0,0,0,0,0,0,0,0,0,0,0,0,0,0,0
2792900,2025-12-17,1,Vëllaznimi,Rahoveci 029,"A. Koshi,J. Hellems,S. Zekiqi,T. Todd,Z. Reid","B. Rexha,F. Rugova,J. Johnson,J. Roche,K. Pullian",347,397,50,1.4,0.81,2.0,16,3,18,3,2,0,1,0,0,0,2,2,1,0,1,0,0,0,0,1,0,0,0,0,0,0,0,0,0,0,1,1,0,0,0,0,0,0,0,0,0,0,0,0,0,0,0,0,0,0,0,0,0,0,0,0,0,0
2792900,2025-12-17,1,Vëllaznimi,Rahoveci 029,"A. Koshi,J. Hellems,S. Zekiqi,T. Todd,Z. Reid","B. Rexha,J. Johnson,J. Roche,K. Pullian,V. Ejupi",397,470,73,3.0,3.0,3.0,18,3,18,5,0,2,2,0,1,0,0,0,0,2,0,0,0,1,0,3,1,1,0,0,0,0,2,1,1,0,0,1,0,0,0,0,0,0,0,0,0,0,0,0,0,0,0,0,0,0,0,0,0,0,0,0,0,0
2792900,2025-12-17,1,Vëllaznimi,Rahoveci 029,"A. Gordon,A. Koshi,J. Hellems,R. Dahsyla,T. Todd","A. Patty,B. Rexha,J. Roche,K. Pullian,V. Ejupi",470,584,114,3.9,4.81,3.0,18,5,20,9,2,4,2,0,0,0,2,2,1,1,0,0,0,3,1,3,2,0,0,0,0,0,1,2,0,1,0,1,0,0,0,0,0,0,0,0,0,0,0,0,0,0,0,0,0,0,0,0,0,0,0,0,0,0
2792900,2025-12-17,1,Vëllaznimi,Rahoveci 029,"A. Gordon,A. Koshi,L. Colimerio,R. Dahsyla,T. Todd","A. Patty,B. Rexha,J. Roche,K. Pullian,V. Ejupi",584,600,16,0.1,0.1,0.1,20,9,20,9,0,0,0,0,0,0,0,0,0,0,0,0,0,0,1,2,0,1,0,0,0,1,0,0,0,0,0,0,0,0,0,0,0,0,0,0,0,0,0,0,0,0,0,0,0,0,0,0,0,0,0,0,0,0
2792900,2025-12-17,2,Vëllaznimi,Rahoveci 029,"A. Gordon,A. Koshi,L. Colimerio,R. Dahsyla,T. Todd","A. Patty,B. Rexha,F. Rugova,K. Pullian,V. Ejupi",600,675,75,2.5,3.0,2.0,20,9,24,9,4,0,2,2,0,0,0,0,0,0,2,2,0,1,0,0,0,0,0,0,0,0,0,0,0,0,2,1,0,0,0,0,0,0,0,0,0,0,0,0,0,0,0,0,0,0,0,0,0,0,0,0,0,0
2792900,2025-12-17,2,Vëllaznimi,Rahoveci 029,"A. Gordon,A. Koshi,L. Colimerio,R. Dahsyla,T. Todd","A. Patty,B. Rexha,F. Rugova,J. Roche,K. Pullian",675,689,14,0.1,0.1,0.1,24,9,24,9,0,0,0,0,0,0,0,0,0,0,0,0,0,0,1,1,0,1,0,0,0,1,0,0,0,0,0,0,0,0,0,0,0,0,0,0,0,0,0,0,0,0,0,0,0,0,0,0,0,0,0,0,0,0
2792900,2025-12-17,2,Vëllaznimi,Rahoveci 029,"A. Gordon,A. Koshi,L. Colimerio,R. Dahsyla,T. Todd","A. Patty,F. Rugova,H. Durguti,J. Roche,K. Pullian",689,709,20,0.94,1.0,0.88,24,9,24,11,0,2,1,0,0,0,0,0,0,0,0,0,0,0,2,0,0,0,0,2,2,0,1,0,0,0,0,0,0,0,0,0,0,0,0,0,0,0,0,0,0,0,0,0,0,0,0,0,0,0,0,0,0,0
2792900,2025-12-17,2,Vëllaznimi,Rahoveci 029,"A. Koshi,L. Colimerio,R. Dahsyla,S. Zekiqi,T. Todd","A. Patty,F. Rugova,H. Durguti,J. Roche,K. Pullian",709,740,31,1.0,1.0,1.0,24,11,26,11,2,0,1,1,0,0,0,0,0,1,1,0,0,0,0,1,0,0,0,0,0,0,0,0,0,0,0,1,0,0,0,0,0,0,0,0,0,0,0,0,0,0,0,0,0,0,0,0,0,0,0,0,0,0
2792900,2025-12-17,2,Vëllaznimi,Rahoveci 029,"A. Koshi,J. Hellems,L. Colimerio,R. Dahsyla,S. Zekiqi","A. Patty,F. Rugova,H. Durguti,J. Roche,K. Pullian",740,804,64,2.22,2.44,2.0,26,11,29,11,3,0,2,1,1,0,1,1,0,0,0,0,0,0,0,0,0,0,0,0,0,0,1,0,0,0,2,0,0,0,0,0,0,0,0,0,0,0,0,0,0,0,0,0,0,0,0,0,0,0,0,0,0,0
2792900,2025-12-17,2,Vëllaznimi,Rahoveci 029,"A. Koshi,J. Hellems,L. Colimerio,R. Dahsyla,S. Zekiqi","F. Rugova,H. Durguti,J. Johnson,J. Roche,K. Pullian",804,844,40,1.73,1.0,2.45,29,11,31,11,2,0,1,1,0,0,0,0,0,1,1,0,0,0,1,2,0,1,0,2,0,2,0,0,0,0,1,0,0,0,0,0,0,0,0,0,0,0,0,0,0,0,0,0,0,0,0,0,0,0,0,0,0,0
2792900,2025-12-17,2,Vëllaznimi,Rahoveci 029,"A. Koshi,J. Hellems,L. Colimerio,S. Zekiqi,Z. Reid","F. Rugova,H. Durguti,J. Johnson,J. Roche,K. Pullian",844,997,153,4.43,5.0,3.86,31,11,35,21,4,10,3,2,1,0,0,0,0,0,0,0,0,2,0,6,4,3,2,0,0,2,1,3,1,0,0,0,0,0,0,0,0,0,0,0,0,0,0,0,0,0,0,0,0,0,0,0,0,0,0,0,0,0
2792900,2025-12-17,2,Vëllaznimi,Rahoveci 029,"A. Koshi,J. Hellems,L. Colimerio,S. Zekiqi,Z. Reid","A. Berisha,F. Rugova,J. Johnson,J. Roche,K. Pullian",997,1040,43,1.5,1.0,2.0,35,21,38,23,3,2,1,1,1,1,0,0,0,0,1,0,0,0,1,1,1,0,0,0,0,0,0,1,0,0,1,0,0,0,0,0,0,0,0,0,0,0,0,0,0,0,0,0,0,0,0,0,0,0,0,0,0,0
2792900,2025-12-17,2,Vëllaznimi,Rahoveci 029,"A. Koshi,J. Hellems,S. Zekiqi,T. Todd,Z. Reid","A. Berisha,E. Peci,F. Rugova,J. Johnson,J. Roche",1040,1086,46,3.16,2.88,3.44,38,23,44,24,6,1,2,2,0,0,2,2,0,1,0,0,0,0,0,1,0,1,0,1,1,0,0,0,0,0,2,3,0,0,0,0,0,0,0,0,0,0,0,0,0,0,0,0,0,0,0,0,0,0,0,0,0,0
2792900,2025-12-17,2,Vëllaznimi,Rahoveci 029,"A. Koshi,J. Hellems,S. Zekiqi,T. Todd,Z. Reid","A. Berisha,A. Patty,E. Peci,F. Rugova,J. Johnson",1086,1200,114,3.96,3.93,4.0,44,24,46,26,2,2,4,1,2,0,0,0,1,1,0,1,0,1,0,2,1,0,0,0,0,0,2,1,0,1,2,0,0,0,0,0,0,0,0,0,0,0,0,0,0,0,0,0,0,0,0,0,0,0,0,0,0,0
2792900,2025-12-17,3,Vëllaznimi,Rahoveci 029,"J. Hellems,R. Dahsyla,S. Zekiqi,T. Todd,Z. Reid","B. Rexha,F. Rugova,J. Johnson,J. Roche,K. Pullian",1200,1395,195,6.93,7.0,6.86,46,26,51,34,5,8,5,2,4,1,0,0,0,3,1,1,0,2,1,8,3,5,2,0,0,2,3,2,2,0,1,2,0,0,0,0,0,0,0,0,0,0,0,0,0,0,0,0,0,0,0,0,0,0,0,0,0,0
2792900,2025-12-17,3,Vëllaznimi,Rahoveci 029,"J. Hellems,R. Dahsyla,S. Zekiqi,T. Todd,Z. Reid","E. Peci,F. Rugova,J. Roche,K. Pullian,V. Ejupi",1395,1543,148,4.65,5.37,3.93,51,34,56,36,5,2,6,2,2,0,1,1,1,2,1,1,0,0,2,4,1,2,0,0,0,1,3,1,0,0,1,1,0,0,0,0,0,0,0,0,0,0,0,0,0,0,0,0,0,0,0,0,0,0,0,0,0,0
2792900,2025-12-17,3,Vëllaznimi,Rahoveci 029,"J. Hellems,R. Dahsyla,S. Zekiqi,T. Todd,Z. Reid","A. Patty,E. Peci,F. Rugova,K. Pullian,V. Ejupi",1543,1579,36,2.22,2.44,2.0,56,36,59,39,3,3,1,1,0,0,1,1,0,1,0,0,0,1,0,2,1,2,1,0,0,0,0,0,0,0,0,1,0,0,0,0,0,0,0,0,0,0,0,0,0,0,0,0,0,0,0,0,0,0,0,0,0,0
2792900,2025-12-17,3,Vëllaznimi,Rahoveci 029,"A. Koshi,J. Hellems,S. Zekiqi,T. Todd,Z. Reid","A. Patty,E. Peci,F. Rugova,K. Pullian,V. Ejupi",1579,1633,54,1.44,1.0,1.88,59,39,61,44,2,5,1,1,0,0,0,0,0,0,0,0,0,0,1,1,1,1,1,2,2,0,0,2,0,0,0,0,0,0,0,0,0,0,0,0,0,0,0,0,0,0,0,0,0,0,0,0,0,0,0,0,0,0
2792900,2025-12-17,3,Vëllaznimi,Rahoveci 029,"A. Gordon,A. Koshi,J. Hellems,R. Dahsyla,T. Todd","A. Patty,F. Rugova,J. Roche,K. Pullian,V. Ejupi",1633,1697,64,1.46,2.0,0.93,61,44,61,44,0,0,0,0,0,0,0,0,0,0,0,1,0,2,1,1,0,0,0,0,0,1,0,0,0,0,1,0,0,0,0,0,0,0,0,0,0,0,0,0,0,0,0,0,0,0,0,0,0,0,0,0,0,0
2792900,2025-12-17,3,Vëllaznimi,Rahoveci 029,"A. Gordon,A. Koshi,J. Hellems,R. Dahsyla,T. Todd","A. Patty,J. Roche,K. Pullian,K. Ujkani,V. Ejupi",1697,1732,35,1.88,1.88,1.88,61,44,63,45,2,1,1,0,1,0,2,2,0,2,0,0,0,0,0,1,0,0,0,2,1,0,1,0,0,0,0,1,0,0,0,0,0,0,0,0,0,0,0,0,0,0,0,0,0,0,0,0,0,0,0,0,0,0
2792900,2025-12-17,3,Vëllaznimi,Rahoveci 029,"A. Gordon,A. Koshi,J. Hellems,L. Colimerio,R. Dahsyla","A. Patty,J. Roche,K. Pullian,K. Ujkani,V. Ejupi",1732,1790,58,2.46,2.0,2.93,63,45,65,47,2,2,2,1,0,0,0,0,0,1,1,1,1,0,1,3,1,0,0,0,0,1,1,0,0,0,1,0,0,0,0,0,0,0,0,0,0,0,0,0,0,0,0,0,0,0,0,0,0,0,0,0,0,0
2792900,2025-12-17,3,Vëllaznimi,Rahoveci 029,"A. Gordon,A. Koshi,J. Hellems,L. Colimerio,R. Dahsyla","A. Patty,J. Johnson,K. Pullian,K. Ujkani,V. Ejupi",1790,1800,10,0.72,1.0,0.44,65,47,65,48,0,1,1,0,0,0,0,0,0,0,0,0,0,0,0,0,0,0,0,1,1,0,1,0,0,0,0,0,0,0,0,0,0,0,0,0,0,0,0,0,0,0,0,0,0,0,0,0,0,0,0,0,0,0
2792900,2025-12-17,4,Vëllaznimi,Rahoveci 029,"A. Gordon,A. Koshi,J. Hellems,L. Colimerio,R. Dahsyla","A. Berisha,E. Peci,F. Rugova,K. Pullian,K. Ujkani",1800,1875,75,2.5,2.0,3.0,65,48,67,53,2,5,2,1,1,0,0,0,0,0,0,0,0,0,0,2,2,1,1,0,0,0,1,1,0,0,1,0,0,0,0,0,0,0,0,0,0,0,0,0,0,0,0,0,0,0,0,0,0,0,0,0,0,0
2792900,2025-12-17,4,Vëllaznimi,Rahoveci 029,"A. Gordon,A. Koshi,J. Hellems,L. Colimerio,R. Dahsyla","A. Berisha,E. Peci,F. Rugova,J. Roche,K. Pullian",1875,1914,39,1.0,1.0,1.0,67,53,67,53,0,0,1,0,1,0,0,0,0,1,0,0,0,0,0,1,0,1,0,0,0,0,1,0,0,0,0,1,0,0,0,0,0,0,0,0,0,0,0,0,0,0,0,0,0,0,0,0,0,0,0,0,0,0
2792900,2025-12-17,4,Vëllaznimi,Rahoveci 029,"A. Gordon,A. Koshi,J. Hellems,L. Colimerio,R. Dahsyla","A. Berisha,F. Rugova,J. Johnson,J. Roche,K. Pullian",1914,1983,69,1.46,1.93,1.0,67,53,67,53,0,0,1,0,0,0,0,0,1,1,0,0,0,2,1,1,0,1,0,0,0,0,0,0,1,0,0,1,0,0,0,0,0,0,0,0,0,0,0,0,0,0,0,0,0,0,0,0,0,0,0,0,0,0
2792900,2025-12-17,4,Vëllaznimi,Rahoveci 029,"A. Koshi,J. Hellems,L. Colimerio,S. Zekiqi,T. Todd","A. Berisha,F. Rugova,J. Johnson,J. Roche,K. Pullian",1983,1999,16,1.5,1.0,2.0,67,53,69,53,2,0,1,1,0,0,0,0,0,0,0,1,0,0,0,0,0,0,0,0,0,0,0,0,0,0,2,0,0,0,0,0,0,0,0,0,0,0,0,0,0,0,0,0,0,0,0,0,0,0,0,0,0,0
2792900,2025-12-17,4,Vëllaznimi,Rahoveci 029,"A. Koshi,J. Hellems,L. Colimerio,S. Zekiqi,T. Todd","A. Berisha,A. Patty,F. Rugova,J. Johnson,K. Pullian",1999,2039,40,1.5,2.0,1.0,69,53,69,55,0,2,0,0,0,0,0,0,0,0,0,0,0,2,0,1,1,0,0,0,0,0,0,1,1,0,0,0,0,0,0,0,0,0,0,0,0,0,0,0,0,0,0,0,0,0,0,0,0,0,0,0,0,0
2792900,2025-12-17,4,Vëllaznimi,Rahoveci 029,"A. Koshi,L. Colimerio,S. Zekiqi,T. Todd,Z. Reid","A. Berisha,A. Patty,F. Rugova,J. Johnson,K. Pullian",2039,2101,62,1.96,1.93,2.0,69,55,71,57,2,2,2,1,0,0,0,0,1,0,0,0,0,1,1,1,1,0,0,0,0,0,0,1,1,0,1,1,0,0,0,0,0,0,0,0,0,0,0,0,0,0,0,0,0,0,0,0,0,0,0,0,0,0
2792900,2025-12-17,4,Vëllaznimi,Rahoveci 029,"A. Koshi,L. Colimerio,S. Zekiqi,T. Todd,Z. Reid","A. Berisha,F. Rugova,J. Johnson,J. Roche,K. Pullian",2101,2203,102,2.65,2.44,2.86,71,57,73,61,2,4,2,1,0,0,1,0,0,1,1,0,0,0,1,5,2,2,0,0,0,2,2,0,0,0,0,2,0,0,0,0,0,0,0,0,0,0,0,0,0,0,0,0,0,0,0,0,0,0,0,0,0,0
2792900,2025-12-17,4,Vëllaznimi,Rahoveci 029,"A. Koshi,L. Colimerio,S. Zekiqi,T. Todd,Z. Reid","A. Berisha,B. Rexha,J. Johnson,J. Roche,K. Pullian",2203,2240,37,0.94,0.88,1.0,73,61,75,64,2,3,0,0,0,0,2,2,0,0,0,0,0,0,0,1,1,1,1,0,0,0,0,1,0,0,0,1,0,0,0,0,0,0,0,0,0,0,0,0,0,0,0,0,0,0,0,0,0,0,0,0,0,0
2792900,2025-12-17,4,Vëllaznimi,Rahoveci 029,"A. Koshi,J. Hellems,S. Zekiqi,T. Todd,Z. Reid","A. Berisha,B. Rexha,J. Johnson,J. Roche,K. Pullian",2240,2394,154,6.27,6.15,6.39,75,64,77,71,2,7,3,0,1,0,4,2,2,1,0,1,0,3,1,6,3,2,1,0,0,1,2,0,3,1,2,1,0,0,0,0,0,0,0,0,0,0,0,0,0,0,0,0,0,0,0,0,0,0,0,0,0,0
2792899,2025-12-17,1,GO+Peja,Sigal Prishtina,"A. Herndon,D. Berisha,J. Johnson,S. Flatten,S. Llapi","A. Azemi,D. Burns,D. Haxhosaj,K. Kramer,T. Vissariou",0,53,53,1.44,1.88,1.0,0,0,2,0,2,0,1,0,0,0,2,2,0,0,1,0,0,0,0,0,0,0,0,0,0,0,1,0,0,0,1,1,0,0,0,0,0,0,0,0,0,0,0,0,0,0,0,0,0,0,0,0,0,0,0,0,0,0
2792899,2025-12-17,1,GO+Peja,Sigal Prishtina,"A. Herndon,D. Berisha,J. Johnson,S. Flatten,S. Llapi","A. Azemi,D. Burns,D. Polloshka,K. Kramer,T. Vissariou",53,188,135,4.96,4.93,5.0,2,0,11,2,9,2,6,4,1,1,0,0,1,3,4,1,0,0,0,4,1,2,0,0,0,0,1,0,0,1,1,0,0,0,0,0,0,0,0,0,0,0,0,0,0,0,0,0,0,0,0,0,0,0,0,0,0,0
2792899,2025-12-17,1,GO+Peja,Sigal Prishtina,"A. Herndon,D. Berisha,J. Johnson,S. Flatten,S. Llapi","A. Azemi,A. Bailey,D. Burns,D. Polloshka,K. Kramer",188,303,115,3.88,3.88,3.88,11,2,21,8,10,6,3,3,2,2,2,2,0,1,3,0,0,0,1,3,2,2,1,2,1,0,0,3,0,0,0,2,0,0,0,0,0,0,0,0,0,0,0,0,0,0,0,0,0,0,0,0,0,0,0,0,0,0
2792899,2025-12-17,1,GO+Peja,Sigal Prishtina,"A. Herndon,D. Berisha,J. Johnson,M. Mala,S. Flatten","A. Azemi,A. Bailey,D. Burns,D. Polloshka,K. Kramer",303,384,81,3.5,4.0,3.0,21,8,25,10,4,2,2,2,0,0,0,0,0,0,2,2,0,2,1,1,1,0,0,0,0,0,0,1,0,0,2,0,0,0,0,0,0,0,0,0,0,0,0,0,0,0,0,0,0,0,0,0,0,0,0,0,0,0
2792899,2025-12-17,1,GO+Peja,Sigal Prishtina,"A. Hajdari,C. Edwards,J. Johnson,M. Mala,S. Flatten","A. Azemi,A. Bailey,D. Burns,D. Polloshka,K. Kramer",384,506,122,3.44,3.0,3.88,25,10,27,15,2,5,3,1,1,0,0,0,0,0,0,1,0,0,2,2,2,0,0,2,1,0,2,2,0,0,1,1,0,0,0,0,0,0,0,0,0,0,0,0,0,0,0,0,0,0,0,0,0,0,0,0,0,0
2792899,2025-12-17,1,GO+Peja,Sigal Prishtina,"A. Hajdari,C. Edwards,D. Morris,J. Johnson,M. Mala","A. Azemi,A. Bailey,D. Burns,D. Polloshka,K. Kramer",506,545,39,1.88,1.88,1.88,27,15,29,19,2,4,1,0,1,0,2,2,0,0,1,0,0,0,1,1,1,0,0,2,2,0,1,0,0,0,0,0,0,0,0,0,0,0,0,0,0,0,0,0,0,0,0,0,0,0,0,0,0,0,0,0,0,0
2792899,2025-12-17,1,GO+Peja,Sigal Prishtina,"C. Edwards,D. Morris,J. Johnson,M. Mala,S. Llapi","A. Azemi,A. Bailey,A. Morina,D. Burns,D. Haxhosaj",545,583,38,0.55,1.0,0.1,29,19,29,19,0,0,1,0,1,0,0,0,0,0,0,0,0,0,1,1,0,0,0,0,0,1,1,0,0,0,0,0,0,0,0,0,0,0,0,0,0,0,0,0,0,0,0,0,0,0,0,0,0,0,0,0,0,0
2792899,2025-12-17,1,GO+Peja,Sigal Prishtina,"C. Edwards,D. Berisha,D. Morris,J. Johnson,M. Mala","A. Azemi,A. Bailey,A. Morina,D. Burns,D. Haxhosaj",583,600,17,1.88,2.0,1.76,29,19,29,20,0,1,0,0,0,0,0,0,0,2,0,0,0,2,2,0,0,0,0,4,1,0,0,0,0,0,0,0,0,0,0,0,0,0,0,0,0,0,0,0,0,0,0,0,0,0,0,0,0,0,0,0,0,0
2792899,2025-12-17,2,GO+Peja,Sigal Prishtina,"C. Edwards,D. Berisha,D. Morris,M. Mala,S. Flatten","A. Azemi,A. Bailey,A. Morina,D. Burns,D. Haxhosaj",600,652,52,1.0,1.0,1.0,29,20,29,22,0,2,1,0,0,0,0,0,0,0,0,0,0,0,1,1,1,0,0,0,0,0,1,1,0,0,0,0,0,0,0,0,0,0,0,0,0,0,0,0,0,0,0,0,0,0,0,0,0,0,0,0,0,0
2792899,2025-12-17,2,GO+Peja,Sigal Prishtina,"A. Herndon,D. Berisha,D. Morris,M. Mala,S. Flatten","A. Azemi,A. Bailey,A. Morina,D. Burns,D. Haxhosaj",652,690,38,1.5,1.0,2.0,29,22,32,22,3,0,1,1,1,1,0,0,0,2,1,0,0,0,0,2,0,1,0,0,0,0,0,0,0,0,0,1,0,0,0,0,0,0,0,0,0,0,0,0,0,0,0,0,0,0,0,0,0,0,0,0,0,0
2792899,2025-12-17,2,GO+Peja,Sigal Prishtina,"A. Herndon,D. Morris,M. Mala,S. Flatten,S. Llapi","A. Bailey,A. Morina,D. Burns,D. Haxhosaj,T. Vissariou",690,864,174,4.94,4.88,5.0,32,22,37,22,5,0,4,2,1,0,2,1,0,2,2,2,0,0,0,2,0,1,0,0,0,0,3,0,0,0,3,2,0,0,0,0,0,0,0,0,0,0,0,0,0,0,0,0,0,0,0,0,0,0,0,0,0,0
2792899,2025-12-17,2,GO+Peja,Sigal Prishtina,"A. Herndon,J. Johnson,M. Mala,S. Flatten,S. Llapi","A. Bailey,A. Morina,D. Burns,D. Haxhosaj,T. Vissariou",864,901,37,1.0,1.0,1.0,37,22,37,22,0,0,1,0,1,0,0,0,0,0,0,0,0,0,0,0,0,0,0,0,0,0,1,0,0,0,1,0,0,0,0,0,0,0,0,0,0,0,0,0,0,0,0,0,0,0,0,0,0,0,0,0,0,0
2792899,2025-12-17,2,GO+Peja,Sigal Prishtina,"A. Herndon,J. Johnson,M. Mala,S. Flatten,S. Llapi","A. Azemi,A. Bailey,D. Polloshka,K. Kramer,T. Vissariou",901,1032,131,3.54,3.81,3.27,37,22,41,26,4,4,3,1,2,0,2,2,1,2,1,0,0,1,1,4,1,3,1,2,1,2,1,1,1,0,0,2,0,0,0,0,0,0,0,0,0,0,0,0,0,0,0,0,0,0,0,0,0,0,0,0,0,0
2792899,2025-12-17,2,GO+Peja,Sigal Prishtina,"C. Edwards,J. Johnson,M. Mala,S. Flatten,S. Llapi","A. Azemi,A. Bailey,D. Polloshka,K. Kramer,T. Vissariou",1032,1133,101,2.01,2.17,1.86,41,26,41,31,0,5,2,0,0,0,2,0,1,0,0,0,0,0,1,4,2,3,1,0,0,2,2,2,0,0,0,1,0,0,0,0,0,0,0,0,0,0,0,0,0,0,0,0,0,0,0,0,0,0,0,0,0,0
2792899,2025-12-17,2,GO+Peja,Sigal Prishtina,"A. Herndon,J. Johnson,M. Mala,S. Flatten,S. Llapi","A. Azemi,A. Bailey,D. Polloshka,K. Kramer,T. Vissariou",1133,1200,67,2.88,2.88,2.88,41,31,44,32,3,1,2,1,0,0,2,1,0,3,0,0,0,0,0,2,0,1,0,2,1,0,1,1,0,1,0,1,0,0,0,0,0,0,0,0,0,0,0,0,0,0,0,0,0,0,0,0,0,0,0,0,0,0
2792899,2025-12-17,3,GO+Peja,Sigal Prishtina,"A. Herndon,D. Berisha,J. Johnson,S. Flatten,S. Llapi","A. Azemi,A. Bailey,D. Burns,D. Polloshka,K. Kramer",1200,1303,103,2.96,3.0,2.93,44,32,47,36,3,4,2,1,1,1,0,0,0,1,0,0,1,1,0,4,2,1,0,0,0,1,1,1,0,0,0,0,0,0,0,0,0,0,0,0,0,0,0,0,0,0,0,0,0,0,0,0,0,0,0,0,0,0
2792899,2025-12-17,3,GO+Peja,Sigal Prishtina,"A. Hajdari,A. Herndon,D. Berisha,J. Johnson,S. Flatten","A. Azemi,A. Bailey,D. Burns,D. Polloshka,K. Kramer",1303,1491,188,5.89,5.79,6.0,47,36,58,38,11,2,9,5,5,1,0,0,3,2,1,2,0,0,1,3,1,1,0,0,0,0,1,1,0,0,3,1,0,0,0,0,0,0,0,0,0,0,0,0,0,0,0,0,0,0,0,0,0,0,0,0,0,0
2792899,2025-12-17,3,GO+Peja,Sigal Prishtina,"A. Hajdari,A. Herndon,D. Berisha,J. Johnson,S. Flatten","A. Azemi,A. Bailey,D. Burns,D. Polloshka,T. Vissariou",1491,1573,82,1.4,1.0,1.81,58,38,60,42,2,4,1,1,0,0,0,0,0,0,1,0,0,0,1,2,1,1,1,2,1,1,0,1,0,0,0,1,0,0,0,0,0,0,0,0,0,0,0,0,0,0,0,0,0,0,0,0,0,0,0,0,0,0
2792899,2025-12-17,3,GO+Peja,Sigal Prishtina,"A. Hajdari,C. Edwards,D. Berisha,J. Johnson,S. Flatten","A. Azemi,A. Bailey,D. Burns,D. Polloshka,T. Vissariou",1573,1649,76,3.0,3.0,3.0,60,42,68,44,8,2,3,3,2,2,0,0,0,1,2,1,0,0,0,2,1,1,0,0,0,0,0,0,0,0,1,1,0,0,0,0,0,0,0,0,0,0,0,0,0,0,0,0,0,0,0,0,0,0,0,0,0,0
2792899,2025-12-17,3,GO+Peja,Sigal Prishtina,"A. Hajdari,C. Edwards,D. Berisha,J. Johnson,S. Flatten","A. Bailey,A. Morina,D. Burns,D. Polloshka,K. Kramer",1649,1668,19,0.1,0.1,0.1,68,44,68,44,0,0,0,0,0,0,0,0,0,0,0,0,0,0,0,0,0,0,0,0,0,0,0,0,0,0,0,0,0,0,0,0,0,0,0,0,0,0,0,0,0,0,0,0,0,0,0,0,0,0,0,0,0,0
2792899,2025-12-17,3,GO+Peja,Sigal Prishtina,"A. Hajdari,C. Edwards,J. Johnson,M. Mala,S. Flatten","A. Bailey,A. Morina,D. Burns,D. Polloshka,K. Kramer",1668,1703,35,1.44,1.88,1.0,68,44,70,44,2,0,1,0,1,0,2,2,0,0,0,0,0,0,0,0,0,0,0,0,0,0,1,0,0,0,1,1,0,0,0,0,0,0,0,0,0,0,0,0,0,0,0,0,0,0,0,0,0,0,0,0,0,0
2792899,2025-12-17,3,GO+Peja,Sigal Prishtina,"A. Hajdari,C. Edwards,J. Johnson,M. Mala,S. Flatten","A. Bailey,A. Morina,D. Burns,D. Haxhosaj,K. Kramer",1703,1776,73,2.0,2.0,2.0,70,44,74,44,4,0,2,2,0,0,0,0,0,1,2,0,0,0,1,1,0,1,0,0,0,0,0,0,0,0,1,0,0,0,0,0,0,0,0,0,0,0,0,0,0,0,0,0,0,0,0,0,0,0,0,0,0,0
2792899,2025-12-17,3,GO+Peja,Sigal Prishtina,"A. Hajdari,C. Edwards,D. Morris,M. Mala,S. Flatten","A. Bailey,A. Morina,D. Burns,D. Haxhosaj,K. Kramer",1776,1800,24,1.0,1.0,1.0,74,44,76,46,2,2,1,1,0,0,0,0,0,0,1,0,0,0,0,1,1,0,0,0,0,0,0,1,0,0,0,0,0,0,0,0,0,0,0,0,0,0,0,0,0,0,0,0,0,0,0,0,0,0,0,0,0,0
2792899,2025-12-17,4,GO+Peja,Sigal Prishtina,"C. Edwards,D. Berisha,D. Morris,M. Mala,S. Flatten","A. Azemi,A. Bailey,A. Morina,D. Haxhosaj,K. Kramer",1800,1919,119,3.5,4.0,3.0,76,46,78,49,2,3,3,1,1,0,0,0,0,2,1,0,1,1,1,3,1,2,1,0,0,0,2,1,1,0,0,2,0,0,0,0,0,0,0,0,0,0,0,0,0,0,0,0,0,0,0,0,0,0,0,0,0,0
2792899,2025-12-17,4,GO+Peja,Sigal Prishtina,"C. Edwards,D. Berisha,D. Morris,J. Johnson,M. Mala","A. Azemi,A. Bailey,A. Morina,D. Haxhosaj,K. Kramer",1919,2027,108,4.66,4.44,4.88,78,49,83,55,5,6,2,2,0,0,1,1,0,2,0,0,0,2,2,4,2,1,0,2,2,0,0,0,1,0,0,1,0,0,0,0,0,0,0,0,0,0,0,0,0,0,0,0,0,0,0,0,0,0,0,0,0,0
2792899,2025-12-17,4,GO+Peja,Sigal Prishtina,"A. Herndon,D. Berisha,J. Johnson,M. Mala,S. Flatten","A. Azemi,A. Bailey,A. Morina,D. Haxhosaj,K. Kramer",2027,2217,190,4.87,4.86,4.88,83,55,92,62,9,7,7,4,3,1,0,0,2,2,4,0,0,0,1,4,3,2,1,2,0,0,1,3,0,0,0,1,0,0,0,0,0,0,0,0,0,0,0,0,0,0,0,0,0,0,0,0,0,0,0,0,0,0
2792899,2025-12-17,4,GO+Peja,Sigal Prishtina,"A. Herndon,J. Johnson,M. Mala,S. Flatten,S. Nila","A. Azemi,A. Bailey,A. Morina,D. Haxhosaj,K. Kramer",2217,2273,56,2.46,3.0,1.93,92,62,94,62,2,0,2,1,1,0,0,0,0,2,0,0,1,1,0,3,0,1,0,0,0,1,1,0,1,0,0,0,0,0,0,0,0,0,0,0,0,0,0,0,0,0,0,0,0,0,0,0,0,0,0,0,0,0
2792899,2025-12-17,4,GO+Peja,Sigal Prishtina,"A. Herndon,D. Morris,J. Johnson,O. Sallabegolli,S. Nila","A. Ibishi,A. Morina,L. Zeneli,M. Syla,T. Vissariou",2273,2277,4,0.55,0.1,1.0,94,62,94,62,0,0,0,0,0,0,0,0,0,0,0,1,0,0,0,0,0,0,0,0,0,0,0,0,0,0,1,0,0,0,0,0,0,0,0,0,0,0,0,0,0,0,0,0,0,0,0,0,0,0,0,0,0,0
2792899,2025-12-17,4,GO+Peja,Sigal Prishtina,"A. Herndon,D. Morris,E. Hasanaj,O. Sallabegolli,S. Nila","A. Ibishi,A. Morina,L. Zeneli,M. Syla,T. Vissariou",2277,2295,18,0.94,0.88,1.0,94,62,95,62,1,0,0,0,0,0,2,1,0,0,0,0,0,0,0,0,0,0,0,0,0,0,0,0,0,0,1,1,0,0,0,0,0,0,0,0,0,0,0,0,0,0,0,0,0,0,0,0,0,0,0,0,0,0
2792899,2025-12-17,4,GO+Peja,Sigal Prishtina,"D. Morris,E. Hasanaj,O. Sallabegolli,S. Llapi,S. Nila","A. Ibishi,A. Morina,L. Zeneli,M. Syla,T. Vissariou",2295,2399,104,5.06,5.32,4.81,95,62,98,67,3,5,3,1,1,0,3,1,0,1,0,1,0,1,1,4,2,0,0,2,1,1,3,2,0,0,1,1,0,0,0,0,0,0,0,0,0,0,0,0,0,0,0,0,0,0,0,0,0,0,0,0,0,0
2794057,2025-12-21,1,GO+Peja,Bashkimi,"A. Herndon,D. Berisha,J. Johnson,S. Flatten,S. Llapi","I. Cousins,K. Anderson,L. Zeqiri,M. Janjeva,T. Bickerstaff",0,184,184,5.46,5.0,5.93,0,0,2,7,2,7,4,1,2,0,0,0,0,1,1,1,0,1,1,5,3,2,1,0,0,1,3,2,0,0,2,0,0,0,0,0,0,0,0,0,0,0,0,0,0,0,0,0,0,0,0,0,0,0,0,0,0,0
2794057,2025-12-21,1,GO+Peja,Bashkimi,"A. Herndon,D. Berisha,J. Johnson,M. Mala,S. Flatten","I. Cousins,K. Anderson,L. Zeqiri,M. Janjeva,T. Bickerstaff",184,240,56,1.9,1.81,2.0,2,7,4,10,2,3,2,0,1,0,2,2,1,1,1,0,0,0,0,2,1,2,1,0,0,0,1,0,0,0,0,1,0,0,0,0,0,0,0,0,0,0,0,0,0,0,0,0,0,0,0,0,0,0,0,0,0,0
2794057,2025-12-21,1,GO+Peja,Bashkimi,"A. Herndon,D. Berisha,J. Johnson,M. Mala,S. Flatten","I. Cousins,K. Anderson,L. Zeqiri,M. Ismaili,T. Bickerstaff",240,311,71,2.72,3.44,2.0,4,10,9,10,5,0,3,2,1,0,1,1,0,2,1,0,0,0,0,2,0,0,0,0,0,0,1,0,0,0,0,0,0,0,0,0,0,0,0,0,0,0,0,0,0,0,0,0,0,0,0,0,0,0,0,0,0,0
2794057,2025-12-21,1,GO+Peja,Bashkimi,"C. Edwards,D. Berisha,J. Johnson,M. Mala,S. Flatten","I. Cousins,K. Anderson,L. Zeqiri,M. Ismaili,T. Bickerstaff",311,366,55,2.0,2.0,2.0,9,10,9,15,0,5,2,0,2,0,0,0,0,0,0,0,0,0,1,2,2,1,1,0,0,0,2,0,0,0,0,0,0,0,0,0,0,0,0,0,0,0,0,0,0,0,0,0,0,0,0,0,0,0,0,0,0,0
2794057,2025-12-21,1,GO+Peja,Bashkimi,"A. Hajdari,C. Edwards,J. Johnson,M. Mala,S. Flatten","D. Lake,I. Nwamu,K. Anderson,L. Zeqiri,M. Ismaili",366,374,8,0.1,0.1,0.1,9,15,9,15,0,0,0,0,0,0,0,0,0,0,0,0,0,0,1,0,0,0,0,0,0,0,0,0,0,0,0,0,0,0,0,0,0,0,0,0,0,0,0,0,0,0,0,0,0,0,0,0,0,0,0,0,0,0
2794057,2025-12-21,1,GO+Peja,Bashkimi,"A. Hajdari,C. Edwards,M. Mala,S. Flatten,T. Green","D. Lake,I. Nwamu,K. Anderson,L. Zeqiri,M. Ismaili",374,471,97,4.88,4.0,5.76,9,15,11,23,2,8,3,1,2,0,0,0,0,0,0,1,0,1,2,2,2,0,0,4,4,0,2,1,1,0,2,1,0,0,0,0,0,0,0,0,0,0,0,0,0,0,0,0,0,0,0,0,0,0,0,0,0,0
2794057,2025-12-21,1,GO+Peja,Bashkimi,"A. Hajdari,A. Herndon,M. Mala,S. Flatten,T. Green","D. Lake,I. Nwamu,K. Anderson,L. Zeqiri,M. Ismaili",471,492,21,0.49,0.88,0.1,11,23,13,23,2,0,0,0,0,0,2,2,0,0,0,0,0,0,0,0,0,0,0,0,0,0,0,0,0,0,0,1,0,0,0,0,0,0,0,0,0,0,0,0,0,0,0,0,0,0,0,0,0,0,0,0,0,0
2794057,2025-12-21,1,GO+Peja,Bashkimi,"A. Hajdari,A. Herndon,M. Mala,S. Flatten,T. Green","D. Lake,I. Cousins,I. Nwamu,M. Ismaili,M. Janjeva",492,514,22,0.55,0.1,1.0,13,23,13,25,0,2,0,0,0,0,0,0,0,0,0,0,0,0,0,1,1,0,0,0,0,0,0,1,0,0,0,0,0,0,0,0,0,0,0,0,0,0,0,0,0,0,0,0,0,0,0,0,0,0,0,0,0,0
2794057,2025-12-21,1,GO+Peja,Bashkimi,"A. Hajdari,A. Herndon,J. Johnson,M. Mala,T. Green","D. Lake,I. Cousins,I. Nwamu,M. Ismaili,M. Janjeva",514,600,86,2.44,3.0,1.88,13,25,21,27,8,2,3,3,2,2,0,0,0,1,2,0,0,0,1,1,0,0,0,2,2,0,0,0,0,0,0,0,0,0,0,0,0,0,0,0,0,0,0,0,0,0,0,0,0,0,0,0,0,0,0,0,0,0
2794057,2025-12-21,2,GO+Peja,Bashkimi,"A. Hajdari,A. Herndon,J. Johnson,M. Mala,T. Green","D. Lake,I. Cousins,K. Anderson,L. Zeqiri,M. Ismaili",600,702,102,2.96,2.93,3.0,21,27,23,29,2,2,2,1,1,0,0,0,1,1,0,1,0,2,0,2,1,0,0,0,0,0,0,1,0,0,1,2,0,0,0,0,0,0,0,0,0,0,0,0,0,0,0,0,0,0,0,0,0,0,0,0,0,0
2794057,2025-12-21,2,GO+Peja,Bashkimi,"A. Hajdari,A. Herndon,J. Johnson,M. Mala,T. Green","I. Cousins,K. Anderson,L. Zeqiri,M. Ismaili,T. Bickerstaff",702,713,11,0.49,0.88,0.1,23,29,24,29,1,0,0,0,0,0,2,1,0,0,0,0,0,0,1,0,0,0,0,0,0,0,0,0,0,0,0,0,0,0,0,0,0,0,0,0,0,0,0,0,0,0,0,0,0,0,0,0,0,0,0,0,0,0
2794057,2025-12-21,2,GO+Peja,Bashkimi,"A. Hajdari,A. Herndon,D. Berisha,J. Johnson,S. Flatten","I. Cousins,K. Anderson,L. Zeqiri,M. Janjeva,T. Bickerstaff",713,780,67,2.44,2.0,2.88,24,29,24,33,0,4,1,0,1,0,0,0,0,1,0,0,0,1,1,2,1,0,0,2,2,0,1,2,1,1,0,0,0,0,0,0,0,0,0,0,0,0,0,0,0,0,0,0,0,0,0,0,0,0,0,0,0,0
2794057,2025-12-21,2,GO+Peja,Bashkimi,"A. Herndon,D. Berisha,J. Johnson,S. Flatten,S. Llapi","I. Cousins,K. Anderson,L. Zeqiri,M. Janjeva,T. Bickerstaff",780,893,113,2.4,3.0,1.79,24,33,29,37,5,4,2,2,1,1,0,0,0,0,2,0,0,1,2,5,2,2,0,0,0,3,0,1,0,0,0,0,0,0,0,0,0,0,0,0,0,0,0,0,0,0,0,0,0,0,0,0,0,0,0,0,0,0
2794057,2025-12-21,2,GO+Peja,Bashkimi,"A. Herndon,D. Berisha,J. Johnson,S. Flatten,S. Llapi","I. Nwamu,K. Anderson,L. Zeqiri,M. Janjeva,T. Bickerstaff",893,913,20,0.96,0.93,1.0,29,37,31,37,2,0,2,1,1,0,0,0,1,0,0,1,0,0,0,0,0,0,0,0,0,0,0,0,0,0,1,1,0,0,0,0,0,0,0,0,0,0,0,0,0,0,0,0,0,0,0,0,0,0,0,0,0,0
2794057,2025-12-21,2,GO+Peja,Bashkimi,"A. Herndon,D. Berisha,J. Johnson,S. Flatten,S. Llapi","I. Nwamu,K. Anderson,L. Zeqiri,M. Ismaili,T. Bickerstaff",913,923,10,0.1,0.1,0.1,31,37,31,37,0,0,0,0,0,0,0,0,0,0,0,0,0,0,1,0,0,0,0,0,0,0,0,0,0,0,0,0,0,0,0,0,0,0,0,0,0,0,0,0,0,0,0,0,0,0,0,0,0,0,0,0,0,0
2794057,2025-12-21,2,GO+Peja,Bashkimi,"A. Herndon,D. Berisha,M. Mala,S. Flatten,T. Green","I. Nwamu,K. Anderson,L. Zeqiri,M. Ismaili,T. Bickerstaff",923,1059,136,4.34,3.81,4.88,31,37,37,43,6,6,3,2,1,0,2,2,1,1,2,1,0,1,0,3,2,1,0,2,2,0,0,1,0,0,1,1,0,0,0,0,0,0,0,0,0,0,0,0,0,0,0,0,0,0,0,0,0,0,0,0,0,0
2794057,2025-12-21,2,GO+Peja,Bashkimi,"C. Edwards,D. Berisha,M. Mala,S. Flatten,T. Green","I. Nwamu,K. Anderson,L. Zeqiri,M. Ismaili,T. Bickerstaff",1059,1200,141,3.66,4.17,3.15,37,43,42,47,5,4,4,2,1,0,2,1,1,1,2,0,0,0,0,6,2,2,0,0,0,2,2,1,0,0,0,1,0,0,0,0,0,0,0,0,0,0,0,0,0,0,0,0,0,0,0,0,0,0,0,0,0,0
2794057,2025-12-21,3,GO+Peja,Bashkimi,"A. Herndon,D. Berisha,M. Mala,S. Flatten,T. Green","D. Lake,I. Cousins,K. Anderson,L. Zeqiri,M. Janjeva",1200,1364,164,4.9,4.81,5.0,42,47,46,51,4,4,3,1,1,0,2,2,1,1,1,1,0,2,2,3,2,1,0,0,0,0,1,1,1,0,2,1,0,0,0,0,0,0,0,0,0,0,0,0,0,0,0,0,0,0,0,0,0,0,0,0,0,0
2794057,2025-12-21,3,GO+Peja,Bashkimi,"A. Herndon,D. Berisha,M. Mala,S. Flatten,T. Green","I. Nwamu,K. Anderson,L. Zeqiri,M. Janjeva,T. Bickerstaff",1364,1436,72,1.96,1.93,2.0,46,51,50,51,4,0,3,2,1,0,0,0,1,2,0,0,0,0,1,2,0,1,0,0,0,0,0,0,0,0,0,1,0,0,0,0,0,0,0,0,0,0,0,0,0,0,0,0,0,0,0,0,0,0,0,0,0,0
2794057,2025-12-21,3,GO+Peja,Bashkimi,"A. Herndon,D. Berisha,M. Mala,S. Flatten,T. Green","I. Nwamu,K. Anderson,L. Zeqiri,M. Ismaili,T. Bickerstaff",1436,1518,82,2.37,1.81,2.93,50,51,52,54,2,3,2,0,2,0,2,2,1,1,1,0,0,0,0,3,1,3,1,0,0,1,1,1,0,0,1,2,0,0,0,0,0,0,0,0,0,0,0,0,0,0,0,0,0,0,0,0,0,0,0,0,0,0
2794057,2025-12-21,3,GO+Peja,Bashkimi,"C. Edwards,D. Berisha,M. Mala,S. Flatten,T. Green","I. Nwamu,K. Anderson,L. Zeqiri,M. Ismaili,T. Bickerstaff",1518,1558,40,0.55,1.0,0.1,52,54,54,54,2,0,1,1,0,0,0,0,0,0,1,0,0,0,0,0,0,0,0,0,0,0,0,0,0,0,0,0,0,0,0,0,0,0,0,0,0,0,0,0,0,0,0,0,0,0,0,0,0,0,0,0,0,0
2794057,2025-12-21,3,GO+Peja,Bashkimi,"C. Edwards,D. Berisha,M. Mala,S. Flatten,T. Green","I. Cousins,I. Nwamu,K. Anderson,M. Ismaili,T. Bickerstaff",1558,1577,19,1.0,1.0,1.0,54,54,54,54,0,0,1,0,1,0,0,0,0,0,0,0,0,0,0,0,0,0,0,0,0,0,1,0,0,0,1,0,0,0,0,0,0,0,0,0,0,0,0,0,0,0,0,0,0,0,0,0,0,0,0,0,0,0
2794057,2025-12-21,3,GO+Peja,Bashkimi,"C. Edwards,D. Berisha,M. Mala,S. Flatten,T. Green","I. Cousins,I. Nwamu,M. Ismaili,M. Janjeva,T. Bickerstaff",1577,1584,7,0.1,0.1,0.1,54,54,54,54,0,0,0,0,0,0,0,0,0,0,0,0,0,0,0,0,0,0,0,0,0,0,0,0,0,0,0,0,0,0,0,0,0,0,0,0,0,0,0,0,0,0,0,0,0,0,0,0,0,0,0,0,0,0
2794057,2025-12-21,3,GO+Peja,Bashkimi,"C. Edwards,D. Berisha,J. Johnson,M. Mala,T. Green","I. Cousins,I. Nwamu,M. Ismaili,M. Janjeva,T. Bickerstaff",1584,1624,40,0.55,0.1,1.0,54,54,54,54,0,0,0,0,0,0,0,0,0,1,0,0,0,0,0,1,0,1,0,0,0,0,0,0,0,0,0,0,0,0,0,0,0,0,0,0,0,0,0,0,0,0,0,0,0,0,0,0,0,0,0,0,0,0
2794057,2025-12-21,3,GO+Peja,Bashkimi,"A. Hajdari,C. Edwards,D. Berisha,J. Johnson,T. Green","I. Cousins,I. Nwamu,M. Ismaili,M. Janjeva,T. Bickerstaff",1624,1634,10,1.06,2.01,0.1,54,54,56,54,2,0,3,1,0,0,1,0,2,0,0,0,0,0,0,0,0,0,0,0,0,0,1,0,0,0,0,1,0,0,0,0,0,0,0,0,0,0,0,0,0,0,0,0,0,0,0,0,0,0,0,0,0,0
2794057,2025-12-21,3,GO+Peja,Bashkimi,"A. Hajdari,C. Edwards,D. Berisha,J. Johnson,T. Green","D. Lake,I. Cousins,I. Nwamu,M. Ismaili,M. Janjeva",1634,1714,80,4.0,4.0,4.0,56,54,58,56,2,2,3,1,1,0,0,0,0,3,0,0,0,1,0,4,1,2,0,0,0,0,2,0,1,0,0,0,0,0,0,0,0,0,0,0,0,0,0,0,0,0,0,0,0,0,0,0,0,0,0,0,0,0
2794057,2025-12-21,3,GO+Peja,Bashkimi,"A. Hajdari,C. Edwards,J. Johnson,M. Mala,T. Green","D. Lake,I. Cousins,I. Nwamu,L. Zeqiri,M. Ismaili",1714,1935,221,6.0,7.0,5.0,58,56,70,65,12,9,6,5,2,2,0,0,0,1,2,0,0,1,0,5,4,2,1,0,0,0,0,2,0,0,0,0,0,0,0,0,0,0,0,0,0,0,0,0,0,0,0,0,0,0,0,0,0,0,0,0,0,0
2794057,2025-12-21,4,GO+Peja,Bashkimi,"A. Hajdari,C. Edwards,J. Johnson,M. Mala,T. Green","I. Nwamu,K. Anderson,L. Zeqiri,M. Ismaili,T. Bickerstaff",1935,2020,85,2.5,2.0,3.0,70,65,74,68,4,3,2,2,0,0,0,0,0,2,2,0,0,0,0,3,1,2,1,0,0,0,0,0,0,0,0,1,0,0,0,0,0,0,0,0,0,0,0,0,0,0,0,0,0,0,0,0,0,0,0,0,0,0
2794057,2025-12-21,4,GO+Peja,Bashkimi,"A. Hajdari,C. Edwards,J. Johnson,M. Mala,T. Green","I. Cousins,K. Anderson,L. Zeqiri,M. Ismaili,T. Bickerstaff",2020,2038,18,0.96,1.0,0.93,74,68,76,70,2,2,1,1,0,0,0,0,0,0,1,0,0,0,1,2,1,1,0,0,0,1,0,0,0,0,0,0,0,0,0,0,0,0,0,0,0,0,0,0,0,0,0,0,0,0,0,0,0,0,0,0,0,0
2794057,2025-12-21,4,GO+Peja,Bashkimi,"A. Hajdari,C. Edwards,J. Johnson,M. Mala,T. Green","I. Cousins,K. Anderson,L. Zeqiri,M. Ismaili,T. Bickerstaff",2038,2095,57,2.5,3.0,2.0,76,70,78,70,2,0,2,1,0,0,0,0,0,2,0,0,0,1,1,2,0,1,0,0,0,0,1,0,1,0,0,0,0,0,0,0,0,0,0,0,0,0,0,0,0,0,0,0,0,0,0,0,0,0,0,0,0,0
2794057,2025-12-21,4,GO+Peja,Bashkimi,"A. Hajdari,C. Edwards,J. Johnson,M. Mala,T. Green","D. Lake,I. Cousins,K. Anderson,L. Zeqiri,M. Ismaili",2095,2127,32,1.0,1.0,1.0,78,70,78,70,0,0,1,0,1,0,0,0,0,1,0,0,0,0,2,1,0,0,0,0,0,0,1,0,0,0,0,0,0,0,0,0,0,0,0,0,0,0,0,0,0,0,0,0,0,0,0,0,0,0,0,0,0,0
2794057,2025-12-21,4,GO+Peja,Bashkimi,"C. Edwards,D. Berisha,J. Johnson,M. Mala,T. Green","D. Lake,I. Cousins,K. Anderson,L. Zeqiri,M. Ismaili",2127,2227,100,3.38,3.0,3.76,78,70,82,79,4,9,3,2,1,0,0,0,0,0,2,0,0,0,2,2,2,1,1,4,4,0,1,0,0,0,0,0,0,0,0,0,0,0,0,0,0,0,0,0,0,0,0,0,0,0,0,0,0,0,0,0,0,0
2794057,2025-12-21,4,GO+Peja,Bashkimi,"A. Herndon,D. Berisha,M. Mala,S. Flatten,T. Green","D. Lake,I. Cousins,K. Anderson,L. Zeqiri,M. Ismaili",2227,2335,108,2.88,2.88,2.88,82,79,87,82,5,3,1,1,1,1,2,2,0,2,1,0,0,1,0,2,1,1,0,2,1,0,0,1,1,0,0,3,0,0,0,0,0,0,0,0,0,0,0,0,0,0,0,0,0,0,0,0,0,0,0,0,0,0
2794057,2025-12-21,4,GO+Peja,Bashkimi,"A. Herndon,D. Berisha,M. Mala,S. Flatten,T. Green","I. Cousins,I. Nwamu,K. Anderson,L. Zeqiri,M. Ismaili",2335,2398,63,3.38,2.76,4.0,87,82,91,91,4,9,1,1,0,0,4,2,0,1,0,0,0,0,0,4,3,4,3,0,0,0,1,2,0,0,0,2,0,0,0,0,0,0,0,0,0,0,0,0,0,0,0,0,0,0,0,0,0,0,0,0,0,0
2794057,2025-12-21,4,GO+Peja,Bashkimi,"D. Berisha,J. Johnson,M. Mala,S. Flatten,T. Green","I. Cousins,I. Nwamu,K. Anderson,L. Zeqiri,M. Ismaili",2398,2582,184,5.55,6.33,4.76,91,91,100,100,9,9,6,2,2,1,4,4,1,1,2,0,0,0,3,3,3,1,1,4,2,0,2,2,0,1,0,2,0,0,0,0,0,0,0,0,0,0,0,0,0,0,0,0,0,0,0,0,0,0,0,0,0,0
2794057,2025-12-21,5,GO+Peja,Bashkimi,"C. Edwards,D. Berisha,M. Mala,S. Flatten,T. Green","I. Cousins,K. Anderson,L. Zeqiri,M. Ismaili,T. Bickerstaff",2582,2683,101,2.4,2.81,2.0,100,102,102,102,2,0,1,0,0,0,2,2,1,2,0,0,0,2,1,2,0,0,0,0,0,0,0,0,2,0,0,1,0,0,0,0,0,0,0,0,0,0,0,0,0,0,0,0,0,0,0,0,0,0,0,0,0,0
2794057,2025-12-21,5,GO+Peja,Bashkimi,"C. Edwards,D. Berisha,M. Mala,S. Flatten,T. Green","I. Cousins,I. Nwamu,K. Anderson,L. Zeqiri,M. Ismaili",2683,2699,16,0.91,0.93,0.88,102,102,104,104,2,2,2,1,1,0,0,0,1,0,0,0,0,0,0,0,0,0,0,2,2,0,0,0,0,0,0,0,0,0,0,0,0,0,0,0,0,0,0,0,0,0,0,0,0,0,0,0,0,0,0,0,0,0
2794057,2025-12-21,5,GO+Peja,Bashkimi,"A. Hajdari,A. Herndon,M. Mala,S. Flatten,T. Green","I. Nwamu,K. Anderson,L. Zeqiri,M. Ismaili,T. Bickerstaff",2699,2728,29,0.49,0.1,0.88,104,104,104,106,0,2,0,0,0,0,0,0,0,0,0,0,0,0,1,0,0,0,0,2,2,0,0,0,0,0,0,1,0,0,0,0,0,0,0,0,0,0,0,0,0,0,0,0,0,0,0,0,0,0,0,0,0,0
2794057,2025-12-21,6,GO+Peja,Bashkimi,"A. Hajdari,A. Herndon,M. Mala,S. Flatten,T. Green","B. Bytyqi,I. Nwamu,K. Anderson,L. Zeqiri,T. Bickerstaff",2728,2777,49,1.44,1.88,1.0,104,106,105,108,1,2,0,0,0,0,2,1,0,0,0,0,0,1,1,1,1,0,0,0,0,0,0,0,1,0,0,0,0,0,0,0,0,0,0,0,0,0,0,0,0,0,0,0,0,0,0,0,0,0,0,0,0,0
2794057,2025-12-21,6,GO+Peja,Bashkimi,"A. Herndon,D. Berisha,M. Mala,S. Flatten,T. Green","B. Bytyqi,I. Nwamu,K. Anderson,L. Zeqiri,T. Bickerstaff",2777,2948,171,6.38,7.2,5.57,105,108,112,115,7,7,3,1,3,1,5,4,0,1,1,0,1,2,4,3,1,0,0,6,5,1,2,0,0,0,1,3,0,0,0,0,0,0,0,0,0,0,0,0,0,0,0,0,0,0,0,0,0,0,0,0,0,0
2794057,2025-12-21,6,GO+Peja,Bashkimi,"A. Herndon,C. Edwards,D. Berisha,M. Mala,S. Flatten","B. Bytyqi,I. Nwamu,K. Anderson,L. Zeqiri,T. Bickerstaff",2948,2985,37,1.44,1.0,1.88,112,115,114,117,2,2,1,1,0,0,0,0,0,1,0,0,0,0,0,1,0,0,0,2,2,0,0,0,0,0,0,0,0,0,0,0,0,0,0,0,0,0,0,0,0,0,0,0,0,0,0,0,0,0,0,0,0,0
2794057,2025-12-21,6,GO+Peja,Bashkimi,"A. Herndon,C. Edwards,D. Berisha,M. Mala,S. Flatten","B. Bytyqi,I. Cousins,I. Nwamu,L. Zeqiri,T. Bickerstaff",2985,2990,5,0.1,0.1,0.1,114,117,114,117,0,0,0,0,0,0,0,0,0,0,0,0,0,0,0,0,0,0,0,0,0,0,0,0,0,0,0,1,0,0,0,0,0,0,0,0,0,0,0,0,0,0,0,0,0,0,0,0,0,0,0,0,0,0
2794057,2025-12-21,6,GO+Peja,Bashkimi,"A. Herndon,C. Edwards,D. Berisha,M. Mala,S. Flatten","B. Bytyqi,I. Cousins,I. Nwamu,T. Bickerstaff,V. Gjecaj",2990,2996,6,0.99,1.88,0.1,114,117,115,117,1,0,0,0,0,0,2,1,1,0,1,0,0,1,0,0,0,0,0,0,0,0,0,0,0,0,0,0,0,0,0,0,0,0,0,0,0,0,0,0,0,0,0,0,0,0,0,0,0,0,0,0,0,0
2794057,2025-12-21,6,GO+Peja,Bashkimi,"A. Herndon,C. Edwards,D. Berisha,M. Mala,S. Flatten","B. Bytyqi,I. Cousins,I. Nwamu,K. Anderson,V. Gjecaj",2996,3000,4,0.94,1.0,0.88,115,117,118,119,3,2,1,1,1,1,0,0,0,0,1,0,0,0,1,0,0,0,0,2,2,0,0,0,0,0,0,0,0,0,0,0,0,0,0,0,0,0,0,0,0,0,0,0,0,0,0,0,0,0,0,0,0,0
2794055,2025-12-20,1,Sigal Prishtina,Vëllaznimi,"A. Azemi,A. Bailey,D. Burns,D. Polloshka,K. Kramer","J. Hellems,R. Dahsyla,S. Zekiqi,T. Todd,Z. Reid",0,208,208,5.25,5.62,4.88,0,0,14,6,14,6,6,4,4,3,4,3,2,1,2,1,0,0,1,3,2,0,0,2,2,0,0,0,0,0,1,3,0,0,0,0,0,0,0,0,0,0,0,0,0,0,0,0,0,0,0,0,0,0,0,0,0,0
2794055,2025-12-20,1,Sigal Prishtina,Vëllaznimi,"A. Azemi,A. Bailey,D. Burns,D. Polloshka,K. Kramer","A. Koshi,J. Hellems,S. Zekiqi,T. Todd,Z. Reid",208,373,165,5.79,5.76,5.81,14,6,17,10,3,4,1,0,1,0,4,3,0,4,1,0,0,3,1,6,1,4,0,2,2,1,1,0,2,0,0,2,0,0,0,0,0,0,0,0,0,0,0,0,0,0,0,0,0,0,0,0,0,0,0,0,0,0
2794055,2025-12-20,1,Sigal Prishtina,Vëllaznimi,"A. Azemi,A. Bailey,D. Burns,D. Haxhosaj,D. Polloshka","A. Koshi,J. Hellems,S. Zekiqi,T. Todd,Z. Reid",373,515,142,4.4,3.93,4.88,17,10,21,12,4,2,5,2,0,0,0,0,1,2,0,1,0,0,2,2,0,1,0,2,2,0,2,0,0,0,2,0,0,0,0,0,0,0,0,0,0,0,0,0,0,0,0,0,0,0,0,0,0,0,0,0,0,0
2794055,2025-12-20,1,Sigal Prishtina,Vëllaznimi,"A. Azemi,A. Bailey,A. Morina,D. Burns,D. Haxhosaj","A. Gordon,A. Koshi,J. Hellems,S. Zekiqi,T. Todd",515,600,85,3.57,4.0,3.15,21,12,25,12,4,0,4,2,2,0,0,0,0,1,1,2,0,0,0,4,0,1,0,0,0,2,2,0,0,0,2,0,0,0,0,0,0,0,0,0,0,0,0,0,0,0,0,0,0,0,0,0,0,0,0,0,0,0
2794055,2025-12-20,2,Sigal Prishtina,Vëllaznimi,"A. Azemi,A. Bailey,A. Morina,D. Burns,D. Haxhosaj","A. Gordon,A. Koshi,J. Hellems,R. Dahsyla,T. Todd",600,639,39,1.0,1.0,1.0,25,12,25,14,0,2,1,0,1,0,0,0,0,0,0,0,0,0,0,1,1,0,0,0,0,0,1,1,0,0,0,0,0,0,0,0,0,0,0,0,0,0,0,0,0,0,0,0,0,0,0,0,0,0,0,0,0,0
2794055,2025-12-20,2,Sigal Prishtina,Vëllaznimi,"A. Bailey,A. Morina,D. Burns,D. Haxhosaj,T. Vissariou","A. Gordon,A. Koshi,J. Hellems,R. Dahsyla,T. Todd",639,802,163,4.77,4.0,5.55,25,14,30,16,5,2,2,2,1,1,0,0,0,5,1,0,0,2,3,6,1,2,0,1,0,1,0,0,2,0,0,1,0,0,0,0,0,0,0,0,0,0,0,0,0,0,0,0,0,0,0,0,0,0,0,0,0,0
2794055,2025-12-20,2,Sigal Prishtina,Vëllaznimi,"A. Bailey,A. Morina,D. Burns,D. Haxhosaj,T. Vissariou","A. Gordon,A. Koshi,L. Colimerio,R. Dahsyla,T. Todd",802,857,55,2.12,1.93,2.32,30,16,30,21,0,5,3,0,1,0,0,0,1,0,0,0,0,0,2,1,1,0,0,3,3,0,2,0,0,1,0,0,0,0,0,0,0,0,0,0,0,0,0,0,0,0,0,0,0,0,0,0,0,0,0,0,0,0
2794055,2025-12-20,2,Sigal Prishtina,Vëllaznimi,"A. Azemi,A. Bailey,A. Morina,K. Kramer,T. Vissariou","A. Gordon,A. Koshi,L. Colimerio,R. Dahsyla,T. Todd",857,994,137,3.62,4.44,2.81,30,21,38,26,8,5,4,3,1,1,1,1,0,0,1,0,0,0,1,3,2,0,0,2,1,1,1,0,0,0,0,1,0,0,0,0,0,0,0,0,0,0,0,0,0,0,0,0,0,0,0,0,0,0,0,0,0,0
2794055,2025-12-20,2,Sigal Prishtina,Vëllaznimi,"A. Azemi,A. Morina,D. Burns,K. Kramer,T. Vissariou","A. Gordon,A. Koshi,L. Colimerio,R. Dahsyla,T. Todd",994,1048,54,1.46,1.0,1.93,38,26,38,30,0,4,1,0,1,0,0,0,0,0,0,0,0,0,0,3,2,0,0,0,0,1,1,0,0,0,0,1,0,0,0,0,0,0,0,0,0,0,0,0,0,0,0,0,0,0,0,0,0,0,0,0,0,0
2794055,2025-12-20,2,Sigal Prishtina,Vëllaznimi,"A. Azemi,A. Morina,D. Burns,K. Kramer,T. Vissariou","A. Koshi,L. Colimerio,S. Zekiqi,T. Todd,Z. Reid",1048,1086,38,1.44,1.88,1.0,38,30,39,32,1,2,1,0,0,0,2,1,0,0,0,0,0,0,0,1,1,0,0,0,0,0,1,0,0,0,0,1,0,0,0,0,0,0,0,0,0,0,0,0,0,0,0,0,0,0,0,0,0,0,0,0,0,0
2794055,2025-12-20,2,Sigal Prishtina,Vëllaznimi,"A. Azemi,A. Bailey,A. Morina,D. Burns,K. Kramer","A. Koshi,L. Colimerio,S. Zekiqi,T. Todd,Z. Reid",1086,1124,38,1.5,1.0,2.0,39,32,39,32,0,0,1,0,0,0,0,0,0,2,0,0,0,0,0,2,0,1,0,0,0,0,1,0,0,0,0,1,0,0,0,0,0,0,0,0,0,0,0,0,0,0,0,0,0,0,0,0,0,0,0,0,0,0
2794055,2025-12-20,2,Sigal Prishtina,Vëllaznimi,"A. Azemi,A. Bailey,A. Morina,D. Burns,K. Kramer","A. Koshi,J. Hellems,L. Colimerio,S. Zekiqi,Z. Reid",1124,1132,8,0.94,0.88,1.0,39,32,40,32,1,0,0,0,0,0,2,1,0,1,0,0,0,0,0,1,0,1,0,0,0,0,1,0,0,0,0,0,0,0,0,0,0,0,0,0,0,0,0,0,0,0,0,0,0,0,0,0,0,0,0,0,0,0
2794055,2025-12-20,2,Sigal Prishtina,Vëllaznimi,"A. Bailey,A. Morina,D. Burns,D. Polloshka,K. Kramer","A. Gordon,A. Koshi,J. Hellems,S. Zekiqi,Z. Reid",1132,1200,68,1.96,1.93,2.0,40,32,42,34,2,2,2,1,1,0,0,0,1,1,0,0,0,1,0,2,1,0,0,0,0,0,0,1,1,0,0,0,0,0,0,0,0,0,0,0,0,0,0,0,0,0,0,0,0,0,0,0,0,0,0,0,0,0
2794055,2025-12-20,3,Sigal Prishtina,Vëllaznimi,"A. Azemi,A. Bailey,D. Burns,D. Polloshka,K. Kramer","J. Hellems,R. Dahsyla,S. Zekiqi,T. Todd,Z. Reid",1200,1452,252,7.8,7.86,7.74,42,34,49,40,7,6,8,3,3,1,0,0,2,3,1,2,0,2,1,7,2,2,1,2,1,2,3,1,1,0,2,2,0,0,0,0,0,0,0,0,0,0,0,0,0,0,0,0,0,0,0,0,0,0,0,0,0,0
2794055,2025-12-20,3,Sigal Prishtina,Vëllaznimi,"A. Azemi,A. Bailey,D. Burns,D. Polloshka,K. Kramer","A. Gordon,A. Koshi,J. Hellems,R. Dahsyla,Z. Reid",1452,1609,157,3.81,3.88,3.74,49,40,53,43,4,3,2,1,2,1,2,1,0,0,2,0,0,1,3,3,1,2,0,2,1,2,1,1,1,0,2,1,0,0,0,0,0,0,0,0,0,0,0,0,0,0,0,0,0,0,0,0,0,0,0,0,0,0
2794055,2025-12-20,3,Sigal Prishtina,Vëllaznimi,"A. Azemi,A. Bailey,A. Morina,D. Burns,K. Kramer","A. Gordon,A. Koshi,J. Hellems,R. Dahsyla,Z. Reid",1609,1649,40,0.55,1.0,0.1,53,43,56,43,3,0,1,1,1,1,0,0,0,0,1,0,0,0,0,0,0,0,0,0,0,0,0,0,0,0,0,1,0,0,0,0,0,0,0,0,0,0,0,0,0,0,0,0,0,0,0,0,0,0,0,0,0,0
2794055,2025-12-20,3,Sigal Prishtina,Vëllaznimi,"A. Azemi,A. Bailey,A. Morina,D. Burns,D. Haxhosaj","A. Gordon,A. Koshi,J. Hellems,R. Dahsyla,Z. Reid",1649,1734,85,2.43,1.93,2.93,56,43,56,43,0,0,2,0,1,0,0,0,1,1,0,0,0,1,1,2,0,1,0,0,0,1,1,0,1,1,2,1,0,0,0,0,0,0,0,0,0,0,0,0,0,0,0,0,0,0,0,0,0,0,0,0,0,0
2794055,2025-12-20,3,Sigal Prishtina,Vëllaznimi,"A. Azemi,A. Bailey,A. Morina,D. Burns,D. Haxhosaj","A. Gordon,J. Hellems,R. Dahsyla,S. Zekiqi,T. Todd",1734,1773,39,1.82,1.88,1.76,56,43,57,45,1,2,1,0,1,0,2,1,0,1,0,0,0,0,1,0,0,0,0,4,2,0,1,0,0,0,0,1,0,0,0,0,0,0,0,0,0,0,0,0,0,0,0,0,0,0,0,0,0,0,0,0,0,0
2794055,2025-12-20,3,Sigal Prishtina,Vëllaznimi,"A. Azemi,A. Bailey,A. Morina,D. Haxhosaj,T. Vissariou","A. Gordon,J. Hellems,R. Dahsyla,S. Zekiqi,T. Todd",1773,1860,87,2.46,2.0,2.93,57,45,57,47,0,2,0,0,0,0,0,0,0,0,0,0,0,2,1,2,1,0,0,0,0,1,0,0,2,0,2,0,0,0,0,0,0,0,0,0,0,0,0,0,0,0,0,0,0,0,0,0,0,0,0,0,0,0
2794055,2025-12-20,4,Sigal Prishtina,Vëllaznimi,"A. Azemi,A. Bailey,A. Morina,D. Haxhosaj,T. Vissariou","A. Gordon,A. Koshi,J. Hellems,S. Zekiqi,T. Todd",1860,1984,124,3.9,3.93,3.88,57,47,59,50,2,3,4,1,2,0,0,0,1,1,0,0,0,1,2,2,1,0,0,2,1,0,2,1,0,0,1,0,0,0,0,0,0,0,0,0,0,0,0,0,0,0,0,0,0,0,0,0,0,0,0,0,0,0
2794055,2025-12-20,4,Sigal Prishtina,Vëllaznimi,"A. Azemi,A. Bailey,A. Morina,D. Haxhosaj,T. Vissariou","A. Koshi,J. Hellems,S. Zekiqi,T. Todd,Z. Reid",1984,2014,30,0.91,0.93,0.88,59,50,62,51,3,1,2,1,1,1,0,0,1,1,1,0,0,0,0,0,0,0,0,2,1,0,0,0,0,0,0,0,0,0,0,0,0,0,0,0,0,0,0,0,0,0,0,0,0,0,0,0,0,0,0,0,0,0
2794055,2025-12-20,4,Sigal Prishtina,Vëllaznimi,"A. Azemi,A. Bailey,D. Polloshka,K. Kramer,T. Vissariou","A. Koshi,J. Hellems,S. Zekiqi,T. Todd,Z. Reid",2014,2122,108,3.5,3.0,4.0,62,51,67,53,5,2,3,2,2,1,0,0,0,3,2,0,1,0,2,4,1,1,0,0,0,0,1,0,0,0,0,1,0,0,0,0,0,0,0,0,0,0,0,0,0,0,0,0,0,0,0,0,0,0,0,0,0,0
2794055,2025-12-20,4,Sigal Prishtina,Vëllaznimi,"A. Azemi,A. Bailey,D. Polloshka,K. Kramer,T. Vissariou","A. Gordon,A. Koshi,J. Hellems,R. Dahsyla,Z. Reid",2122,2185,63,2.22,3.0,1.44,67,53,70,54,3,1,1,1,1,1,0,0,0,1,0,0,0,2,1,1,0,0,0,1,1,0,0,0,0,0,0,0,0,0,0,0,0,0,0,0,0,0,0,0,0,0,0,0,0,0,0,0,0,0,0,0,0,0
2794055,2025-12-20,4,Sigal Prishtina,Vëllaznimi,"A. Azemi,A. Bailey,D. Haxhosaj,D. Polloshka,T. Vissariou","A. Gordon,A. Koshi,J. Hellems,R. Dahsyla,Z. Reid",2185,2391,206,7.3,6.86,7.74,70,54,74,68,4,14,6,2,2,0,0,0,2,0,2,2,0,3,1,7,5,3,2,2,2,2,2,1,2,0,2,2,0,0,0,0,0,0,0,0,0,0,0,0,0,0,0,0,0,0,0,0,0,0,0,0,0,0
2794056,2025-12-20,1,Rahoveci 029,Trepça,"A. Patty,B. Rexha,H. Durguti,J. Roche,K. Pullian","J. Payne,M. Amzil,M. Tmusic,S. Henry,S. Jones",0,144,144,5.5,5.0,6.0,0,0,0,8,0,8,2,0,1,0,0,0,0,0,0,1,0,3,1,4,4,0,0,0,0,0,2,1,2,0,2,1,0,0,0,0,0,0,0,0,0,0,0,0,0,0,0,0,0,0,0,0,0,0,0,0,0,0
2794056,2025-12-20,1,Rahoveci 029,Trepça,"A. Berisha,A. Patty,B. Rexha,J. Roche,K. Pullian","J. Payne,M. Amzil,M. Tmusic,S. Henry,S. Jones",144,314,170,4.93,4.93,4.93,0,8,2,12,2,4,5,1,3,0,0,0,1,1,0,0,0,1,2,4,2,0,0,0,0,1,3,1,1,1,2,2,0,0,0,0,0,0,0,0,0,0,0,0,0,0,0,0,0,0,0,0,0,0,0,0,0,0
2794056,2025-12-20,1,Rahoveci 029,Trepça,"A. Berisha,A. Patty,B. Rexha,J. Roche,K. Pullian","D. Hajrizi,J. Payne,K. Hasbrouck,S. Henry,S. Jones",314,384,70,2.0,2.0,2.0,2,12,5,15,3,3,2,1,2,1,0,0,0,1,1,0,0,0,0,2,1,1,1,0,0,0,1,0,0,0,0,0,0,0,0,0,0,0,0,0,0,0,0,0,0,0,0,0,0,0,0,0,0,0,0,0,0,0
2794056,2025-12-20,1,Rahoveci 029,Trepça,"A. Berisha,A. Patty,J. Roche,K. Pullian,V. Ejupi","D. Hajrizi,D. Kapiti,J. Payne,K. Hasbrouck,S. Henry",384,413,29,0.55,0.1,1.0,5,15,5,18,0,3,0,0,0,0,0,0,0,0,0,0,0,0,0,1,1,1,1,0,0,0,0,1,0,0,0,0,0,0,0,0,0,0,0,0,0,0,0,0,0,0,0,0,0,0,0,0,0,0,0,0,0,0
2794056,2025-12-20,1,Rahoveci 029,Trepça,"A. Berisha,J. Johnson,J. Roche,K. Pullian,V. Ejupi","D. Hajrizi,D. Kapiti,J. Payne,K. Hasbrouck,S. Henry",413,436,23,1.0,1.0,1.0,5,18,5,20,0,2,1,0,0,0,0,0,0,0,0,0,0,0,0,1,1,0,0,0,0,0,1,1,0,0,0,1,0,0,0,0,0,0,0,0,0,0,0,0,0,0,0,0,0,0,0,0,0,0,0,0,0,0
2794056,2025-12-20,1,Rahoveci 029,Trepça,"A. Berisha,J. Johnson,J. Roche,K. Pullian,V. Ejupi","A. Arslanagic,D. Hajrizi,D. Kapiti,K. Hasbrouck,S. Henry",436,475,39,0.96,0.93,1.0,5,20,7,20,2,0,2,1,1,0,0,0,1,1,1,0,0,0,0,1,0,1,0,0,0,0,0,0,0,0,0,1,0,0,0,0,0,0,0,0,0,0,0,0,0,0,0,0,0,0,0,0,0,0,0,0,0,0
2794056,2025-12-20,1,Rahoveci 029,Trepça,"A. Berisha,J. Johnson,J. Roche,K. Pullian,V. Ejupi","A. Arslanagic,D. Hajrizi,D. Kapiti,K. Hasbrouck,M. Tmusic",475,546,71,2.94,2.88,3.0,7,20,11,28,4,8,1,1,1,1,2,1,0,0,1,0,0,1,1,3,3,2,2,0,0,0,0,2,1,0,0,0,0,0,0,0,0,0,0,0,0,0,0,0,0,0,0,0,0,0,0,0,0,0,0,0,0,0
2794056,2025-12-20,1,Rahoveci 029,Trepça,"A. Berisha,E. Peci,J. Johnson,J. Roche,V. Ejupi","A. Arslanagic,D. Hajrizi,D. Kapiti,K. Hasbrouck,M. Tmusic",546,694,148,5.08,4.72,5.44,11,28,11,35,0,7,6,0,5,0,0,0,1,0,0,1,0,0,1,2,2,2,2,1,1,0,4,2,0,0,3,2,0,0,0,0,0,0,0,0,0,0,0,0,0,0,0,0,0,0,0,0,0,0,0,0,0,0
2794056,2025-12-20,2,Rahoveci 029,Trepça,"A. Berisha,E. Peci,J. Johnson,J. Roche,V. Ejupi","D. Kapiti,J. Payne,K. Hasbrouck,M. Amzil,M. Tmusic",694,717,23,1.0,1.0,1.0,11,35,11,35,0,0,1,0,0,0,0,0,0,0,0,1,0,0,0,0,0,0,0,0,0,0,1,0,0,0,1,1,0,0,0,0,0,0,0,0,0,0,0,0,0,0,0,0,0,0,0,0,0,0,0,0,0,0
2794056,2025-12-20,2,Rahoveci 029,Trepça,"A. Berisha,E. Peci,J. Johnson,J. Roche,V. Ejupi","J. Payne,K. Hasbrouck,M. Amzil,M. Tmusic,S. Jones",717,782,65,2.5,3.0,2.0,11,35,15,35,4,0,2,2,0,0,0,0,0,1,1,1,0,1,0,1,0,1,0,0,0,0,0,0,0,0,1,0,0,0,0,0,0,0,0,0,0,0,0,0,0,0,0,0,0,0,0,0,0,0,0,0,0,0
2794056,2025-12-20,2,Rahoveci 029,Trepça,"E. Peci,J. Johnson,J. Roche,K. Pullian,V. Ejupi","J. Payne,K. Hasbrouck,M. Amzil,M. Tmusic,S. Jones",782,896,114,3.5,3.0,4.0,15,35,17,41,2,6,3,1,2,0,0,0,0,1,1,0,0,0,0,4,3,0,0,0,0,0,2,2,0,0,0,0,0,0,0,0,0,0,0,0,0,0,0,0,0,0,0,0,0,0,0,0,0,0,0,0,0,0
2794056,2025-12-20,2,Rahoveci 029,Trepça,"B. Rexha,E. Peci,J. Roche,K. Pullian,K. Ujkani","D. Hajrizi,J. Payne,K. Hasbrouck,S. Henry,S. Jones",896,939,43,2.72,3.0,2.44,17,41,17,47,0,6,2,0,1,0,0,0,0,0,0,0,0,1,2,2,2,1,1,1,1,0,2,1,0,0,0,1,0,0,0,0,0,0,0,0,0,0,0,0,0,0,0,0,0,0,0,0,0,0,0,0,0,0
2794056,2025-12-20,2,Rahoveci 029,Trepça,"B. Rexha,E. Peci,J. Roche,K. Pullian,K. Ujkani","D. Hajrizi,J. Payne,M. Tmusic,S. Henry,S. Jones",939,1065,126,3.4,3.0,3.81,17,47,21,51,4,4,2,2,0,0,0,0,0,2,0,0,1,1,2,4,1,1,0,2,2,1,0,0,1,0,0,0,0,0,0,0,0,0,0,0,0,0,0,0,0,0,0,0,0,0,0,0,0,0,0,0,0,0
2794056,2025-12-20,2,Rahoveci 029,Trepça,"J. Johnson,J. Roche,K. Pullian,K. Ujkani,V. Ejupi","D. Hajrizi,J. Payne,M. Tmusic,S. Henry,S. Jones",1065,1081,16,0.1,0.1,0.1,21,51,21,51,0,0,0,0,0,0,0,0,0,0,0,0,0,0,0,0,0,0,0,0,0,0,0,0,0,0,0,0,0,0,0,0,0,0,0,0,0,0,0,0,0,0,0,0,0,0,0,0,0,0,0,0,0,0
2794056,2025-12-20,2,Rahoveci 029,Trepça,"A. Patty,J. Johnson,K. Pullian,K. Ujkani,V. Ejupi","D. Hajrizi,J. Payne,M. Tmusic,S. Henry,S. Jones",1081,1152,71,2.5,3.0,2.0,21,51,24,51,3,0,2,1,1,1,0,0,0,1,1,0,0,1,0,1,0,0,0,0,0,0,1,0,0,0,1,0,0,0,0,0,0,0,0,0,0,0,0,0,0,0,0,0,0,0,0,0,0,0,0,0,0,0
2794056,2025-12-20,2,Rahoveci 029,Trepça,"A. Patty,E. Peci,J. Johnson,K. Ujkani,V. Ejupi","D. Hajrizi,J. Payne,M. Tmusic,S. Henry,S. Jones",1152,1200,48,1.5,1.0,2.0,24,51,27,55,3,4,1,1,1,1,0,0,0,0,1,0,0,0,0,2,2,0,0,0,0,0,0,0,0,0,0,0,0,0,0,0,0,0,0,0,0,0,0,0,0,0,0,0,0,0,0,0,0,0,0,0,0,0
2794056,2025-12-20,3,Rahoveci 029,Trepça,"H. Durguti,J. Johnson,J. Roche,K. Pullian,K. Ujkani","D. Kapiti,J. Payne,K. Hasbrouck,M. Amzil,M. Tmusic",1200,1372,172,5.33,4.93,5.74,27,55,29,62,2,7,4,1,2,0,0,0,1,3,0,0,1,2,2,7,2,4,1,2,2,2,2,2,0,0,0,1,0,0,0,0,0,0,0,0,0,0,0,0,0,0,0,0,0,0,0,0,0,0,0,0,0,0
2794056,2025-12-20,3,Rahoveci 029,Trepça,"H. Durguti,J. Johnson,J. Roche,K. Pullian,K. Ujkani","D. Kapiti,K. Hasbrouck,M. Amzil,M. Tmusic,S. Henry",1372,1505,133,5.0,5.0,5.0,29,62,34,64,5,2,4,2,2,1,0,0,0,2,2,1,0,1,3,3,1,1,0,0,0,0,2,1,1,0,2,0,0,0,0,0,0,0,0,0,0,0,0,0,0,0,0,0,0,0,0,0,0,0,0,0,0,0
2794056,2025-12-20,3,Rahoveci 029,Trepça,"B. Rexha,H. Durguti,J. Johnson,J. Roche,K. Ujkani","D. Hajrizi,K. Hasbrouck,M. Tmusic,S. Henry,S. Jones",1505,1614,109,2.89,2.86,2.93,34,65,36,72,2,7,5,1,1,0,0,0,2,0,0,0,0,0,0,4,3,1,1,0,0,1,2,2,0,0,0,0,0,0,0,0,0,0,0,0,0,0,0,0,0,0,0,0,0,0,0,0,0,0,0,0,0,0
2794056,2025-12-20,3,Rahoveci 029,Trepça,"A. Patty,B. Rexha,E. Peci,J. Roche,V. Ejupi","D. Hajrizi,J. Payne,K. Hasbrouck,S. Henry,S. Jones",1614,1698,84,2.5,3.0,2.0,36,72,36,74,0,2,1,0,1,0,0,0,0,0,0,0,0,2,0,1,1,0,0,0,0,0,1,1,2,0,1,0,0,0,0,0,0,0,0,0,0,0,0,0,0,0,0,0,0,0,0,0,0,0,0,0,0,0
2794056,2025-12-20,3,Rahoveci 029,Trepça,"A. Berisha,A. Patty,B. Rexha,J. Roche,V. Ejupi","D. Hajrizi,J. Payne,K. Hasbrouck,S. Henry,S. Jones",1698,1736,38,0.55,0.1,1.0,36,74,36,77,0,3,0,0,0,0,0,0,0,0,0,0,0,0,0,1,1,1,1,0,0,0,0,1,0,0,0,0,0,0,0,0,0,0,0,0,0,0,0,0,0,0,0,0,0,0,0,0,0,0,0,0,0,0
2794056,2025-12-20,3,Rahoveci 029,Trepça,"A. Berisha,A. Patty,B. Rexha,J. Roche,V. Ejupi","A. Gashi,D. Hajrizi,K. Hasbrouck,S. Henry,S. Jones",1736,1800,64,1.87,1.74,2.0,36,77,38,79,2,2,2,0,2,0,2,2,1,1,0,0,0,1,0,2,1,1,0,0,0,0,0,0,1,0,0,1,0,0,0,0,0,0,0,0,0,0,0,0,0,0,0,0,0,0,0,0,0,0,0,0,0,0
2794056,2025-12-20,4,Rahoveci 029,Trepça,"A. Patty,B. Rexha,J. Johnson,K. Pullian,V. Ejupi","A. Gashi,D. Hajrizi,D. Kapiti,M. Tmusic,S. Henry",1800,1924,124,2.93,2.93,2.93,38,79,41,83,3,4,4,1,2,1,0,0,1,1,0,0,1,0,1,4,2,1,0,0,0,1,2,1,0,0,0,0,0,0,0,0,0,0,0,0,0,0,0,0,0,0,0,0,0,0,0,0,0,0,0,0,0,0
2794056,2025-12-20,4,Rahoveci 029,Trepça,"A. Patty,B. Rexha,J. Johnson,K. Pullian,V. Ejupi","A. Gashi,B. Tuna,D. Hajrizi,D. Kapiti,K. Hasbrouck",1924,1975,51,2.19,1.93,2.44,41,83,41,87,0,4,2,0,1,0,0,0,1,1,0,0,0,1,0,2,2,0,0,1,0,0,1,1,1,0,0,0,0,0,0,0,0,0,0,0,0,0,0,0,0,0,0,0,0,0,0,0,0,0,0,0,0,0
2794056,2025-12-20,4,Rahoveci 029,Trepça,"B. Rexha,J. Johnson,J. Roche,K. Pullian,V. Ejupi","A. Gashi,B. Tuna,D. Hajrizi,D. Kapiti,K. Hasbrouck",1975,2028,53,2.0,2.0,2.0,41,87,44,87,3,0,1,1,1,1,0,0,0,1,1,0,0,1,0,1,0,0,0,0,0,0,0,0,1,0,1,0,0,0,0,0,0,0,0,0,0,0,0,0,0,0,0,0,0,0,0,0,0,0,0,0,0,0
2794056,2025-12-20,4,Rahoveci 029,Trepça,"B. Rexha,J. Johnson,J. Roche,K. Pullian,V. Ejupi","A. Gashi,B. Tuna,D. Kapiti,K. Hasbrouck,M. Amzil",2028,2087,59,2.5,3.0,2.0,44,87,46,89,2,2,2,1,1,0,0,0,0,1,1,0,0,1,0,2,1,1,0,0,0,0,1,1,0,0,0,0,0,0,0,0,0,0,0,0,0,0,0,0,0,0,0,0,0,0,0,0,0,0,0,0,0,0
2794056,2025-12-20,4,Rahoveci 029,Trepça,"B. Rexha,H. Durguti,J. Roche,K. Pullian,V. Ejupi","A. Gashi,B. Tuna,D. Kapiti,K. Hasbrouck,M. Amzil",2087,2141,54,1.96,1.93,2.0,46,89,50,93,4,4,3,2,1,0,0,0,1,0,1,0,0,0,0,2,2,0,0,0,0,0,0,0,0,0,0,1,0,0,0,0,0,0,0,0,0,0,0,0,0,0,0,0,0,0,0,0,0,0,0,0,0,0
2794056,2025-12-20,4,Rahoveci 029,Trepça,"B. Rexha,H. Durguti,K. Pullian,K. Ujkani,V. Ejupi","A. Gashi,B. Tuna,D. Kapiti,M. Amzil,M. Tmusic",2141,2240,99,2.34,1.81,2.88,51,93,53,98,2,5,2,0,0,0,2,2,1,0,1,0,0,0,1,2,2,0,0,2,1,0,1,1,0,0,0,2,0,0,0,0,0,0,0,0,0,0,0,0,0,0,0,0,0,0,0,0,0,0,0,0,0,0
2794056,2025-12-20,4,Rahoveci 029,Trepça,"E. Haxhimurati,H. Durguti,K. Pullian,K. Ujkani,V. Ejupi","A. Gashi,B. Tuna,D. Kapiti,E. Asllani,M. Amzil",2240,2398,158,6.3,6.81,5.79,53,98,57,110,4,12,6,1,4,0,2,2,1,0,0,0,0,1,0,9,6,0,0,0,0,3,4,3,1,0,0,0,0,0,0,0,0,0,0,0,0,0,0,0,0,0,0,0,0,0,0,0,0,0,0,0,0,0
2794058,2025-12-21,1,Bora,Golden Eagle Ylli,"A. Hot,A. Hunter,A. Mekic,J. Zeqiri,S. Jules","A. Scott,E. Kastrati,J. Reece,L. Shoshi,T. Allen",0,185,185,4.33,4.67,4.0,0,0,6,4,6,4,7,2,2,0,2,2,3,2,1,0,0,0,2,4,2,2,0,0,0,0,2,1,0,0,0,3,0,0,0,0,0,0,0,0,0,0,0,0,0,0,0,0,0,0,0,0,0,0,0,0,0,0
2794058,2025-12-21,1,Bora,Golden Eagle Ylli,"A. Hot,A. Hunter,A. Mekic,J. Zeqiri,S. Jules","A. Scott,E. Kastrati,G. Morina,J. Reece,T. Allen",185,240,55,2.22,2.44,2.0,6,4,6,6,0,2,0,0,0,0,1,0,0,0,0,1,0,2,0,1,1,0,0,0,0,0,1,1,2,0,1,0,0,0,0,0,0,0,0,0,0,0,0,0,0,0,0,0,0,0,0,0,0,0,0,0,0,0
2794058,2025-12-21,1,Bora,Golden Eagle Ylli,"A. Hot,A. Mekic,R. Memedi,S. Jules,T. Cheese","A. Scott,E. Kastrati,G. Morina,J. Reece,T. Allen",240,291,51,1.0,1.0,1.0,6,6,6,6,0,0,1,0,0,0,0,0,0,0,0,0,0,0,1,0,0,0,0,0,0,0,1,0,0,0,1,0,0,0,0,0,0,0,0,0,0,0,0,0,0,0,0,0,0,0,0,0,0,0,0,0,0,0
2794058,2025-12-21,1,Bora,Golden Eagle Ylli,"A. Hot,A. Mekic,C. Payton,R. Memedi,T. Cheese","A. Scott,E. Kastrati,G. Morina,J. Reece,T. Allen",291,340,49,2.0,2.0,2.0,6,6,6,8,0,2,2,0,1,0,0,0,0,0,0,1,0,0,1,1,1,0,0,0,0,0,2,0,0,0,1,0,0,0,0,0,0,0,0,0,0,0,0,0,0,0,0,0,0,0,0,0,0,0,0,0,0,0
2794058,2025-12-21,1,Bora,Golden Eagle Ylli,"A. Hot,A. Mekic,C. Payton,R. Memedi,T. Cheese","A. Scott,B. Huffman,E. Kastrati,G. Morina,T. Allen",340,460,120,3.94,4.0,3.88,6,8,9,14,3,6,3,1,3,1,0,0,0,2,1,0,0,1,2,3,2,1,1,2,1,0,2,0,1,0,0,0,0,0,0,0,0,0,0,0,0,0,0,0,0,0,0,0,0,0,0,0,0,0,0,0,0,0
2794058,2025-12-21,1,Bora,Golden Eagle Ylli,"A. Hunter,C. Payton,J. Zeqiri,R. Memedi,T. Cheese","A. Scott,B. Huffman,E. Kastrati,G. Morina,T. Allen",460,504,44,0.91,0.93,0.88,9,14,9,15,0,1,2,0,2,0,0,0,1,0,0,0,0,0,1,0,0,0,0,2,1,0,1,0,0,0,0,0,0,0,0,0,0,0,0,0,0,0,0,0,0,0,0,0,0,0,0,0,0,0,0,0,0,0
2794058,2025-12-21,1,Bora,Golden Eagle Ylli,"A. Hot,A. Hunter,J. Zeqiri,S. Jules,T. Cheese","A. Scott,B. Huffman,E. Kastrati,G. Morina,T. Allen",504,658,154,4.96,3.93,6.0,9,16,14,25,5,9,5,2,3,1,0,0,1,0,2,0,0,0,0,4,4,1,1,0,0,0,2,1,0,0,2,1,0,0,0,0,0,0,0,0,0,0,0,0,0,0,0,0,0,0,0,0,0,0,0,0,0,0
2794058,2025-12-21,2,Bora,Golden Eagle Ylli,"A. Hot,A. Hunter,A. Mekic,J. Zeqiri,S. Jules","A. Scott,B. Huffman,E. Kastrati,G. Morina,T. Allen",658,776,118,2.9,2.79,3.0,14,25,14,30,0,5,6,0,4,0,0,0,3,0,0,0,0,0,1,2,2,1,1,0,0,0,3,1,0,0,1,0,0,0,0,0,0,0,0,0,0,0,0,0,0,0,0,0,0,0,0,0,0,0,0,0,0,0
2794058,2025-12-21,2,Bora,Golden Eagle Ylli,"A. Hot,A. Hunter,A. Mekic,R. Memedi,S. Jules","A. Gashi,A. Scott,E. Kastrati,G. Morina,T. Allen",776,901,125,3.46,3.93,3.0,14,30,20,34,6,4,5,3,2,0,0,0,1,1,1,0,0,0,0,3,2,0,0,0,0,0,1,1,0,0,0,1,0,0,0,0,0,0,0,0,0,0,0,0,0,0,0,0,0,0,0,0,0,0,0,0,0,0
2794058,2025-12-21,2,Bora,Golden Eagle Ylli,"A. Hot,A. Hunter,A. Mekic,R. Memedi,S. Jules","A. Gashi,B. Huffman,E. Kastrati,J. Reece,T. Allen",901,964,63,1.72,1.44,2.0,20,34,21,34,1,0,1,0,1,0,1,1,0,2,0,0,0,0,0,2,0,1,0,0,0,0,1,0,0,0,0,1,0,0,0,0,0,0,0,0,0,0,0,0,0,0,0,0,0,0,0,0,0,0,0,0,0,0
2794058,2025-12-21,2,Bora,Golden Eagle Ylli,"A. Hot,A. Hunter,A. Mekic,R. Memedi,S. Jules","A. Gashi,A. Scott,B. Huffman,E. Kastrati,J. Reece",964,1069,105,4.0,4.0,4.0,21,34,24,38,3,4,4,1,2,1,0,0,0,2,1,0,0,0,0,4,2,1,0,0,0,0,3,2,0,1,0,0,0,0,0,0,0,0,0,0,0,0,0,0,0,0,0,0,0,0,0,0,0,0,0,0,0,0
2794058,2025-12-21,2,Bora,Golden Eagle Ylli,"A. Hot,A. Mekic,R. Memedi,S. Jules,T. Cheese","A. Gashi,A. Scott,B. Huffman,E. Kastrati,J. Reece",1069,1103,34,1.0,1.0,1.0,24,38,24,38,0,0,1,0,1,0,0,0,0,1,0,0,0,0,0,1,0,0,0,0,0,0,1,0,0,0,0,1,0,0,0,0,0,0,0,0,0,0,0,0,0,0,0,0,0,0,0,0,0,0,0,0,0,0
2794058,2025-12-21,2,Bora,Golden Eagle Ylli,"A. Hot,A. Mekic,R. Memedi,S. Jules,T. Cheese","A. Gashi,A. Scott,E. Kastrati,J. Reece,T. Allen",1103,1167,64,1.5,2.0,1.0,24,38,24,40,0,2,2,0,2,0,0,0,0,0,0,0,0,0,1,1,1,0,0,0,0,0,2,1,0,0,0,1,0,0,0,0,0,0,0,0,0,0,0,0,0,0,0,0,0,0,0,0,0,0,0,0,0,0
2794058,2025-12-21,2,Bora,Golden Eagle Ylli,"A. Hot,C. Payton,R. Memedi,S. Jules,T. Cheese","A. Gashi,A. Scott,B. Huffman,E. Kastrati,T. Allen",1167,1200,33,1.0,1.0,1.0,24,40,24,42,0,2,1,0,1,0,0,0,0,0,0,0,0,0,0,1,1,0,0,0,0,0,1,0,0,0,0,0,0,0,0,0,0,0,0,0,0,0,0,0,0,0,0,0,0,0,0,0,0,0,0,0,0,0
2794058,2025-12-21,3,Bora,Golden Eagle Ylli,"A. Hot,J. Zeqiri,R. Memedi,S. Jules,T. Cheese","A. Scott,E. Kastrati,G. Morina,J. Reece,T. Allen",1200,1426,226,5.74,5.6,5.88,24,42,32,51,8,9,9,2,2,2,2,2,4,1,3,1,0,0,1,4,3,2,2,2,1,0,3,2,0,1,1,3,0,0,0,0,0,0,0,0,0,0,0,0,0,0,0,0,0,0,0,0,0,0,0,0,0,0
2794058,2025-12-21,3,Bora,Golden Eagle Ylli,"A. Hot,A. Hunter,A. Mekic,R. Memedi,S. Jules","A. Scott,E. Kastrati,G. Morina,J. Reece,T. Allen",1426,1447,21,0.55,1.0,0.1,32,51,32,51,0,0,1,0,0,0,0,0,0,0,0,0,0,0,0,0,0,0,0,0,0,0,1,0,0,0,0,0,0,0,0,0,0,0,0,0,0,0,0,0,0,0,0,0,0,0,0,0,0,0,0,0,0,0
2794058,2025-12-21,3,Bora,Golden Eagle Ylli,"A. Hot,A. Hunter,A. Mekic,C. Payton,R. Memedi","A. Scott,B. Huffman,E. Kastrati,G. Morina,T. Allen",1447,1518,71,1.96,1.93,2.0,32,51,32,54,0,3,2,0,2,0,0,0,1,1,0,0,1,1,0,2,1,1,1,0,0,0,1,1,0,0,0,0,0,0,0,0,0,0,0,0,0,0,0,0,0,0,0,0,0,0,0,0,0,0,0,0,0,0
2794058,2025-12-21,3,Bora,Golden Eagle Ylli,"A. Hunter,A. Mekic,C. Payton,G. Zeqiri,R. Memedi","A. Scott,B. Huffman,E. Kastrati,G. Morina,T. Allen",1518,1575,57,1.5,1.0,2.0,32,54,35,58,3,4,1,1,1,1,0,0,0,0,1,0,0,0,2,2,2,0,0,0,0,0,0,0,0,0,0,0,0,0,0,0,0,0,0,0,0,0,0,0,0,0,0,0,0,0,0,0,0,0,0,0,0,0
2794058,2025-12-21,3,Bora,Golden Eagle Ylli,"A. Hunter,A. Mekic,C. Payton,G. Zeqiri,J. Zeqiri","A. Scott,B. Huffman,E. Kastrati,G. Morina,T. Allen",1575,1800,225,8.16,8.0,8.32,35,58,49,67,14,9,8,6,3,2,0,0,0,1,5,1,0,0,2,3,2,3,2,3,3,0,1,2,0,1,4,1,0,0,0,0,0,0,0,0,0,0,0,0,0,0,0,0,0,0,0,0,0,0,0,0,0,0
2794058,2025-12-21,4,Bora,Golden Eagle Ylli,"A. Hunter,A. Mekic,C. Payton,J. Zeqiri,R. Memedi","A. Scott,E. Kastrati,G. Morina,J. Reece,T. Allen",1800,1859,59,2.0,2.0,2.0,49,67,51,69,2,2,2,1,1,0,0,0,0,0,0,1,0,0,2,1,1,0,0,0,0,0,1,0,0,0,1,1,0,0,0,0,0,0,0,0,0,0,0,0,0,0,0,0,0,0,0,0,0,0,0,0,0,0
2794058,2025-12-21,4,Bora,Golden Eagle Ylli,"A. Hunter,A. Mekic,J. Zeqiri,R. Memedi,S. Jules","A. Scott,E. Kastrati,G. Morina,J. Reece,T. Allen",1859,1881,22,0.52,0.1,0.93,51,69,51,71,0,2,0,0,0,0,0,0,0,0,0,0,0,0,0,2,1,0,0,0,0,1,0,0,0,0,0,0,0,0,0,0,0,0,0,0,0,0,0,0,0,0,0,0,0,0,0,0,0,0,0,0,0,0
2794058,2025-12-21,4,Bora,Golden Eagle Ylli,"A. Hunter,A. Mekic,G. Zeqiri,J. Zeqiri,S. Jules","A. Scott,E. Kastrati,G. Morina,J. Reece,T. Allen",1881,1928,47,0.94,1.0,0.88,51,71,51,72,0,1,1,0,0,0,0,0,0,1,0,0,0,0,1,0,0,0,0,2,1,0,1,0,0,0,0,1,0,0,0,0,0,0,0,0,0,0,0,0,0,0,0,0,0,0,0,0,0,0,0,0,0,0
2794058,2025-12-21,4,Bora,Golden Eagle Ylli,"A. Hunter,A. Mekic,G. Zeqiri,J. Zeqiri,S. Jules","A. Gashi,A. Scott,G. Morina,J. Reece,T. Allen",1928,1947,19,0.77,1.44,0.1,51,72,53,72,2,0,1,1,0,0,1,0,0,0,1,0,0,0,1,0,0,0,0,0,0,0,1,0,0,0,0,1,0,0,0,0,0,0,0,0,0,0,0,0,0,0,0,0,0,0,0,0,0,0,0,0,0,0
2794058,2025-12-21,4,Bora,Golden Eagle Ylli,"A. Hunter,A. Mekic,G. Zeqiri,J. Zeqiri,T. Cheese","A. Gashi,A. Scott,G. Morina,J. Reece,T. Allen",1947,1952,5,0.55,0.1,1.0,53,72,53,74,0,2,0,0,0,0,0,0,0,0,0,0,0,0,0,1,1,0,0,0,0,0,0,1,0,0,0,0,0,0,0,0,0,0,0,0,0,0,0,0,0,0,0,0,0,0,0,0,0,0,0,0,0,0
2794058,2025-12-21,4,Bora,Golden Eagle Ylli,"A. Hot,A. Hunter,A. Mekic,J. Zeqiri,T. Cheese","A. Gashi,A. Scott,G. Morina,J. Reece,T. Allen",1952,2077,125,3.4,3.88,2.93,53,74,59,77,6,3,3,2,1,0,2,2,0,1,1,1,0,0,1,3,1,2,1,0,0,1,1,0,0,0,1,1,0,0,0,0,0,0,0,0,0,0,0,0,0,0,0,0,0,0,0,0,0,0,0,0,0,0
2794058,2025-12-21,4,Bora,Golden Eagle Ylli,"A. Hot,A. Hunter,C. Payton,R. Memedi,T. Cheese","A. Gashi,A. Scott,G. Morina,J. Reece,T. Allen",2077,2165,88,2.87,2.93,2.81,59,77,65,81,6,4,4,2,3,2,0,0,1,1,2,0,0,0,0,3,1,1,0,2,2,1,1,1,0,0,0,0,0,0,0,0,0,0,0,0,0,0,0,0,0,0,0,0,0,0,0,0,0,0,0,0,0,0
2794058,2025-12-21,4,Bora,Golden Eagle Ylli,"A. Hot,A. Hunter,C. Payton,R. Memedi,T. Cheese","A. Scott,B. Huffman,E. Kastrati,G. Morina,T. Allen",2165,2303,138,3.94,3.88,4.0,65,81,69,84,4,3,3,1,1,0,2,2,0,2,1,1,0,0,1,3,1,2,1,0,0,0,2,1,0,0,1,1,0,0,0,0,0,0,0,0,0,0,0,0,0,0,0,0,0,0,0,0,0,0,0,0,0,0
2794058,2025-12-21,4,Bora,Golden Eagle Ylli,"A. Hunter,C. Payton,G. Zeqiri,R. Memedi,T. Cheese","A. Scott,A. Shala,B. Huffman,E. Kastrati,T. Allen",2303,2400,97,2.37,1.86,2.88,69,84,71,86,2,2,4,1,3,0,0,0,2,2,0,0,0,0,0,2,0,0,0,2,2,0,1,0,0,0,0,0,0,0,0,0,0,0,0,0,0,0,0,0,0,0,0,0,0,0,0,0,0,0,0,0,0,0
2800272,2026-01-10,1,Bashkimi,Bora,"D. Lake,I. Cousins,L. Zeqiri,S. Shorter,V. Bunajku","A. Hot,A. Hunter,L. Thomas,R. Memedi,S. Jules",0,218,218,5.46,6.0,4.93,0,0,11,8,11,8,5,5,1,1,0,0,0,1,3,0,0,1,0,6,4,1,0,0,0,1,0,2,0,0,0,2,0,0,0,0,0,0,0,0,0,0,0,0,0,0,0,0,0,0,0,0,0,0,0,0,0,0
2800272,2026-01-10,1,Bashkimi,Bora,"I. Cousins,L. Zeqiri,S. Shorter,T. Bickerstaff,V. Bunajku","A. Hot,A. Hunter,L. Thomas,R. Memedi,S. Jules",218,276,58,1.46,1.0,1.93,11,8,13,10,2,2,1,1,0,0,0,0,0,1,1,0,0,0,0,3,1,1,0,0,0,1,0,1,0,0,0,1,0,0,0,0,0,0,0,0,0,0,0,0,0,0,0,0,0,0,0,0,0,0,0,0,0,0
2800272,2026-01-10,1,Bashkimi,Bora,"I. Cousins,L. Zeqiri,S. Shorter,T. Bickerstaff,V. Bunajku","A. Hot,A. Hunter,R. Ukaj,S. Jules,T. Cheese",276,340,64,2.5,3.0,2.0,13,10,17,10,4,0,3,2,0,0,0,0,0,2,1,0,0,0,0,2,0,2,0,0,0,0,1,0,0,0,0,1,0,0,0,0,0,0,0,0,0,0,0,0,0,0,0,0,0,0,0,0,0,0,0,0,0,0
2800272,2026-01-10,1,Bashkimi,Bora,"I. Cousins,L. Zeqiri,S. Shorter,T. Bickerstaff,V. Bunajku","A. Hunter,G. Zeqiri,R. Ukaj,S. Jules,T. Cheese",340,380,40,1.72,1.44,2.0,17,10,17,12,0,2,0,0,0,0,1,0,0,0,0,1,0,1,1,1,1,0,0,0,0,0,1,0,0,0,1,0,0,0,0,0,0,0,0,0,0,0,0,0,0,0,0,0,0,0,0,0,0,0,0,0,0,0
2800272,2026-01-10,1,Bashkimi,Bora,"I. Cousins,M. Janjeva,S. Shorter,T. Bickerstaff,V. Bunajku","A. Hunter,G. Zeqiri,R. Ukaj,S. Jules,T. Cheese",380,402,22,0.68,0.93,0.44,17,12,17,12,0,0,1,0,0,0,0,0,1,1,0,0,0,1,1,0,0,0,0,1,0,0,0,0,1,0,0,0,0,0,0,0,0,0,0,0,0,0,0,0,0,0,0,0,0,0,0,0,0,0,0,0,0,0
2800272,2026-01-10,1,Bashkimi,Bora,"I. Cousins,M. Janjeva,S. Shorter,T. Bickerstaff,V. Bunajku","G. Zeqiri,L. Thomas,R. Memedi,R. Ukaj,T. Cheese",402,432,30,1.0,1.0,1.0,17,12,17,12,0,0,1,0,0,0,0,0,0,1,0,0,0,0,1,1,0,0,0,0,0,0,1,0,0,0,0,0,0,0,0,0,0,0,0,0,0,0,0,0,0,0,0,0,0,0,0,0,0,0,0,0,0,0
2800272,2026-01-10,1,Bashkimi,Bora,"I. Cousins,I. Nwamu,M. Ismaili,M. Janjeva,T. Bickerstaff","G. Zeqiri,L. Thomas,R. Memedi,R. Ukaj,T. Cheese",432,564,132,4.38,4.0,4.76,17,12,20,18,3,6,3,1,1,1,0,0,0,2,1,0,0,1,1,3,1,3,1,4,3,0,2,1,1,0,0,0,0,0,0,0,0,0,0,0,0,0,0,0,0,0,0,0,0,0,0,0,0,0,0,0,0,0
2800272,2026-01-10,1,Bashkimi,Bora,"I. Nwamu,M. Ismaili,M. Janjeva,S. Shorter,T. Bickerstaff","A. Hot,R. Memedi,R. Ukaj,S. Jules,T. Cheese",564,600,36,1.0,1.0,1.0,20,18,20,18,0,0,0,0,0,0,0,0,0,1,0,0,0,1,0,1,0,1,0,0,0,0,0,0,1,0,0,0,0,0,0,0,0,0,0,0,0,0,0,0,0,0,0,0,0,0,0,0,0,0,0,0,0,0
2800272,2026-01-10,2,Bashkimi,Bora,"I. Nwamu,M. Janjeva,S. Shorter,T. Bickerstaff,V. Bunajku","A. Hot,R. Memedi,R. Ukaj,S. Jules,T. Cheese",600,656,56,1.5,1.0,2.0,20,18,20,18,0,0,1,0,1,0,0,0,0,2,0,0,0,0,0,2,0,2,0,0,0,0,1,0,0,0,0,1,0,0,0,0,0,0,0,0,0,0,0,0,0,0,0,0,0,0,0,0,0,0,0,0,0,0
2800272,2026-01-10,2,Bashkimi,Bora,"I. Nwamu,M. Janjeva,S. Shorter,T. Bickerstaff,V. Bunajku","A. Hot,L. Thomas,R. Memedi,S. Jules,T. Cheese",656,744,88,2.96,2.93,3.0,20,18,23,20,3,2,3,1,2,1,0,0,1,2,1,0,1,1,0,3,1,0,0,0,0,0,1,0,0,0,0,1,0,0,0,0,0,0,0,0,0,0,0,0,0,0,0,0,0,0,0,0,0,0,0,0,0,0
2800272,2026-01-10,2,Bashkimi,Bora,"I. Nwamu,L. Zeqiri,S. Shorter,T. Bickerstaff,V. Bunajku","A. Hot,A. Hunter,L. Thomas,R. Memedi,S. Jules",744,867,123,5.44,5.88,5.0,23,20,31,27,8,7,5,3,1,0,2,2,0,1,1,1,0,0,0,4,3,2,1,0,0,0,2,2,0,1,1,0,0,0,0,0,0,0,0,0,0,0,0,0,0,0,0,0,0,0,0,0,0,0,0,0,0,0
2800272,2026-01-10,2,Bashkimi,Bora,"I. Cousins,I. Nwamu,L. Zeqiri,T. Bickerstaff,V. Bunajku","A. Hot,A. Hunter,L. Thomas,R. Memedi,S. Jules",867,924,57,1.44,1.88,1.0,31,27,36,30,5,3,1,1,1,1,2,2,0,0,1,0,0,0,1,1,1,1,1,0,0,0,0,0,0,0,0,1,0,0,0,0,0,0,0,0,0,0,0,0,0,0,0,0,0,0,0,0,0,0,0,0,0,0
2800272,2026-01-10,2,Bashkimi,Bora,"I. Cousins,I. Nwamu,L. Zeqiri,M. Janjeva,V. Bunajku","A. Hot,A. Hunter,L. Thomas,R. Memedi,T. Cheese",924,936,12,0.1,0.1,0.1,36,30,36,30,0,0,0,0,0,0,0,0,0,0,0,0,0,0,0,0,0,0,0,0,0,0,0,0,0,0,0,0,0,0,0,0,0,0,0,0,0,0,0,0,0,0,0,0,0,0,0,0,0,0,0,0,0,0
2800272,2026-01-10,2,Bashkimi,Bora,"I. Cousins,I. Nwamu,L. Zeqiri,M. Janjeva,S. Shorter","A. Hot,A. Hunter,L. Thomas,R. Memedi,T. Cheese",936,965,29,0.96,1.0,0.93,36,30,38,30,2,0,1,1,0,0,0,0,0,0,1,1,0,0,0,1,0,1,0,0,0,1,0,0,0,0,1,0,0,0,0,0,0,0,0,0,0,0,0,0,0,0,0,0,0,0,0,0,0,0,0,0,0,0
2800272,2026-01-10,2,Bashkimi,Bora,"I. Cousins,I. Nwamu,L. Zeqiri,M. Janjeva,S. Shorter","A. Hunter,L. Thomas,R. Memedi,R. Ukaj,T. Cheese",965,989,24,0.1,0.1,0.1,38,30,38,30,0,0,0,0,0,0,0,0,0,0,0,0,0,0,1,0,0,0,0,0,0,0,0,0,0,0,0,0,0,0,0,0,0,0,0,0,0,0,0,0,0,0,0,0,0,0,0,0,0,0,0,0,0,0
2800272,2026-01-10,2,Bashkimi,Bora,"I. Cousins,I. Nwamu,L. Zeqiri,M. Janjeva,S. Shorter","A. Hunter,R. Memedi,R. Ukaj,S. Jules,T. Cheese",989,1076,87,3.33,2.74,3.93,38,30,40,32,2,2,4,0,1,0,2,2,2,3,0,0,0,0,1,5,1,1,0,0,0,1,2,0,0,1,0,2,0,0,0,0,0,0,0,0,0,0,0,0,0,0,0,0,0,0,0,0,0,0,0,0,0,0
2800272,2026-01-10,2,Bashkimi,Bora,"I. Cousins,M. Janjeva,S. Shorter,T. Bickerstaff,V. Bunajku","A. Hot,A. Hunter,L. Thomas,R. Memedi,T. Cheese",1076,1155,79,1.72,2.0,1.44,41,32,41,35,0,3,2,0,0,0,0,0,0,0,0,0,0,0,3,1,1,0,0,1,1,0,2,0,0,0,0,0,0,0,0,0,0,0,0,0,0,0,0,0,0,0,0,0,0,0,0,0,0,0,0,0,0,0
2800272,2026-01-10,2,Bashkimi,Bora,"I. Cousins,M. Ismaili,M. Janjeva,S. Shorter,T. Bickerstaff","A. Hunter,L. Thomas,R. Memedi,R. Ukaj,T. Cheese",1155,1200,45,1.44,1.0,1.88,41,35,41,40,0,5,1,0,1,0,0,0,0,0,0,0,0,0,0,1,1,1,1,2,2,0,1,1,0,0,0,0,0,0,0,0,0,0,0,0,0,0,0,0,0,0,0,0,0,0,0,0,0,0,0,0,0,0
2800272,2026-01-10,3,Bashkimi,Bora,"I. Cousins,L. Zeqiri,M. Ismaili,S. Shorter,T. Bickerstaff","A. Hot,A. Hunter,L. Thomas,R. Memedi,S. Jules",1200,1411,211,5.58,6.16,5.0,41,40,51,43,10,3,10,4,3,1,1,1,4,4,1,0,0,0,1,5,1,3,1,0,0,0,2,0,0,0,0,2,0,0,0,0,0,0,0,0,0,0,0,0,0,0,0,0,0,0,0,0,0,0,0,0,0,0
2800272,2026-01-10,3,Bashkimi,Bora,"I. Cousins,M. Ismaili,M. Janjeva,S. Shorter,T. Bickerstaff","A. Hunter,L. Thomas,R. Memedi,R. Ukaj,T. Cheese",1411,1508,97,2.5,2.0,3.0,51,43,54,48,3,5,2,1,1,1,0,0,0,1,1,0,0,0,0,3,2,1,1,0,0,0,1,1,0,0,0,2,0,0,0,0,0,0,0,0,0,0,0,0,0,0,0,0,0,0,0,0,0,0,0,0,0,0
2800272,2026-01-10,3,Bashkimi,Bora,"I. Cousins,M. Janjeva,S. Shorter,T. Bickerstaff,V. Bunajku","A. Hunter,R. Memedi,R. Ukaj,S. Jules,T. Cheese",1508,1626,118,4.16,3.88,4.44,54,48,59,58,5,10,3,2,1,1,2,0,0,0,1,0,0,0,2,4,4,1,1,1,1,0,2,2,0,1,0,1,0,0,0,0,0,0,0,0,0,0,0,0,0,0,0,0,0,0,0,0,0,0,0,0,0,0
2800272,2026-01-10,3,Bashkimi,Bora,"I. Cousins,L. Zeqiri,M. Janjeva,S. Shorter,V. Bunajku","A. Hunter,R. Memedi,R. Ukaj,S. Jules,T. Cheese",1626,1721,95,3.09,2.88,3.3,59,58,60,63,1,5,2,0,2,0,2,1,0,1,0,0,0,0,0,5,2,2,0,1,1,2,2,1,0,0,0,1,0,0,0,0,0,0,0,0,0,0,0,0,0,0,0,0,0,0,0,0,0,0,0,0,0,0
2800272,2026-01-10,3,Bashkimi,Bora,"I. Nwamu,L. Zeqiri,M. Janjeva,S. Shorter,V. Bunajku","A. Hunter,R. Memedi,R. Ukaj,S. Jules,T. Cheese",1721,1767,46,1.0,1.0,1.0,60,63,62,65,2,2,1,1,0,0,0,0,0,0,1,0,0,0,0,1,1,0,0,0,0,0,0,0,0,0,0,0,0,0,0,0,0,0,0,0,0,0,0,0,0,0,0,0,0,0,0,0,0,0,0,0,0,0
2800272,2026-01-10,3,Bashkimi,Bora,"I. Cousins,I. Nwamu,L. Zeqiri,M. Janjeva,S. Shorter","A. Hunter,R. Memedi,R. Ukaj,S. Jules,T. Cheese",1767,1800,33,1.5,2.0,1.0,62,65,64,65,2,0,2,1,0,0,0,0,0,0,1,1,0,0,0,0,0,0,0,0,0,0,1,0,0,1,1,0,0,0,0,0,0,0,0,0,0,0,0,0,0,0,0,0,0,0,0,0,0,0,0,0,0,0
2800272,2026-01-10,4,Bashkimi,Bora,"I. Cousins,I. Nwamu,L. Zeqiri,M. Janjeva,S. Shorter","A. Hot,A. Hunter,L. Thomas,R. Ukaj,T. Cheese",1800,1905,105,3.58,3.44,3.73,64,65,70,69,6,4,2,2,1,1,1,1,0,2,1,0,1,1,1,4,2,0,0,1,0,1,0,1,1,0,0,0,0,0,0,0,0,0,0,0,0,0,0,0,0,0,0,0,0,0,0,0,0,0,0,0,0,0
2800272,2026-01-10,4,Bashkimi,Bora,"I. Cousins,I. Nwamu,L. Zeqiri,M. Janjeva,S. Shorter","A. Hot,A. Hunter,R. Ukaj,S. Jules,T. Cheese",1905,1961,56,0.94,0.88,1.0,70,69,72,72,2,3,0,0,0,0,2,2,0,0,1,0,0,0,0,1,1,1,1,0,0,0,0,0,0,0,0,1,0,0,0,0,0,0,0,0,0,0,0,0,0,0,0,0,0,0,0,0,0,0,0,0,0,0
2800272,2026-01-10,4,Bashkimi,Bora,"I. Cousins,I. Nwamu,L. Zeqiri,M. Janjeva,S. Shorter","A. Hot,A. Hunter,R. Memedi,S. Jules,T. Cheese",1961,1984,23,0.96,1.0,0.93,72,72,72,72,0,0,0,0,0,0,0,0,0,1,0,0,0,1,0,2,0,2,0,0,0,1,0,0,0,0,0,0,0,0,0,0,0,0,0,0,0,0,0,0,0,0,0,0,0,0,0,0,0,0,0,0,0,0
2800272,2026-01-10,4,Bashkimi,Bora,"I. Cousins,I. Nwamu,L. Zeqiri,M. Janjeva,S. Shorter","A. Hot,L. Thomas,R. Memedi,S. Jules,T. Cheese",1984,2167,183,5.43,5.0,5.86,72,72,76,76,4,4,5,2,2,0,0,0,0,1,1,1,0,0,1,5,2,2,0,0,0,2,3,0,0,1,3,1,0,0,0,0,0,0,0,0,0,0,0,0,0,0,0,0,0,0,0,0,0,0,0,0,0,0
2800272,2026-01-10,4,Bashkimi,Bora,"I. Nwamu,L. Zeqiri,S. Shorter,T. Bickerstaff,V. Bunajku","A. Hot,A. Hunter,R. Memedi,S. Jules,T. Cheese",2167,2232,65,1.9,1.93,1.88,76,76,78,81,2,5,3,1,0,0,0,0,1,0,0,0,0,0,0,1,1,1,1,2,2,0,1,0,0,1,0,0,0,0,0,0,0,0,0,0,0,0,0,0,0,0,0,0,0,0,0,0,0,0,0,0,0,0
2800272,2026-01-10,4,Bashkimi,Bora,"I. Cousins,L. Zeqiri,S. Shorter,T. Bickerstaff,V. Bunajku","A. Hot,A. Hunter,R. Memedi,S. Jules,T. Cheese",2232,2277,45,1.0,1.0,1.0,78,81,78,81,0,0,1,0,1,0,0,0,0,1,0,0,0,0,1,1,0,1,0,0,0,0,1,0,0,0,0,0,0,0,0,0,0,0,0,0,0,0,0,0,0,0,0,0,0,0,0,0,0,0,0,0,0,0
2800272,2026-01-10,4,Bashkimi,Bora,"I. Cousins,L. Zeqiri,S. Shorter,T. Bickerstaff,V. Bunajku","A. Hot,A. Hunter,L. Thomas,R. Memedi,T. Cheese",2277,2368,91,2.5,2.0,3.0,78,81,81,81,3,0,1,1,1,1,0,0,0,1,1,1,0,1,0,1,0,0,0,0,0,0,0,0,0,0,2,1,0,0,0,0,0,0,0,0,0,0,0,0,0,0,0,0,0,0,0,0,0,0,0,0,0,0
2800272,2026-01-10,4,Bashkimi,Bora,"I. Cousins,L. Zeqiri,S. Shorter,T. Bickerstaff,V. Bunajku","A. Hot,L. Thomas,R. Memedi,S. Jules,T. Cheese",2368,2384,16,0.55,1.0,0.1,81,81,83,81,2,0,1,1,0,0,0,0,0,0,0,0,0,0,0,0,0,0,0,0,0,0,0,0,0,0,0,0,0,0,0,0,0,0,0,0,0,0,0,0,0,0,0,0,0,0,0,0,0,0,0,0,0,0
2800272,2026-01-10,4,Bashkimi,Bora,"I. Cousins,L. Zeqiri,S. Shorter,T. Bickerstaff,V. Bunajku","A. Hot,A. Hunter,L. Thomas,R. Memedi,T. Cheese",2384,2393,9,1.44,1.0,1.88,83,81,83,85,0,4,0,0,0,0,0,0,0,0,0,0,0,1,2,1,1,1,1,2,1,1,0,1,0,0,0,0,0,0,0,0,0,0,0,0,0,0,0,0,0,0,0,0,0,0,0,0,0,0,0,0,0,0
2800271,2026-01-10,1,Golden Eagle Ylli,Rahoveci 029,"A. Scott,B. Huffman,G. Morina,S. Bamforth,T. Allen","B. Rexha,F. Rugova,I. Umipig,J. Roche,K. Pullian",0,351,351,11.73,10.74,12.72,0,0,11,10,11,10,9,4,6,2,2,1,2,5,3,0,0,3,0,13,4,6,2,0,0,4,3,2,2,0,4,2,0,0,0,0,0,0,0,0,0,0,0,0,0,0,0,0,0,0,0,0,0,0,0,0,0,0
2800271,2026-01-10,1,Golden Eagle Ylli,Rahoveci 029,"A. Scott,B. Huffman,G. Morina,S. Bamforth,T. Allen","F. Rugova,I. Umipig,J. Roche,K. Pullian,V. Ejupi",351,385,34,1.0,1.0,1.0,11,10,14,12,3,2,1,1,1,1,0,0,0,0,1,0,0,0,1,1,1,0,0,0,0,0,0,0,0,0,0,0,0,0,0,0,0,0,0,0,0,0,0,0,0,0,0,0,0,0,0,0,0,0,0,0,0,0
2800271,2026-01-10,1,Golden Eagle Ylli,Rahoveci 029,"A. Scott,B. Huffman,G. Morina,S. Bamforth,T. Allen","A. Thomas,F. Rugova,I. Umipig,K. Pullian,V. Ejupi",385,450,65,2.22,2.0,2.44,14,12,16,13,2,1,2,1,0,0,0,0,0,2,1,0,0,0,1,2,0,2,0,1,1,0,1,0,0,0,0,1,0,0,0,0,0,0,0,0,0,0,0,0,0,0,0,0,0,0,0,0,0,0,0,0,0,0
2800271,2026-01-10,1,Golden Eagle Ylli,Rahoveci 029,"A. Scott,B. Huffman,G. Morina,S. Bamforth,T. Allen","A. Thomas,I. Umipig,K. Pullian,K. Ujkani,V. Ejupi",450,571,121,2.93,3.0,2.86,16,13,22,15,6,2,3,3,0,0,0,0,0,1,2,1,0,0,1,4,1,3,0,0,0,2,0,0,0,0,1,1,0,0,0,0,0,0,0,0,0,0,0,0,0,0,0,0,0,0,0,0,0,0,0,0,0,0
2800271,2026-01-10,1,Golden Eagle Ylli,Rahoveci 029,"A. Scott,E. Kastrati,L. Shoshi,S. Bamforth,T. Allen","A. Berisha,A. Thomas,I. Umipig,J. Jonson,K. Ujkani",571,600,29,0.52,0.93,0.1,22,16,22,16,0,0,2,0,1,0,0,0,1,0,0,0,0,0,0,0,0,0,0,0,0,0,1,0,0,0,0,0,0,0,0,0,0,0,0,0,0,0,0,0,0,0,0,0,0,0,0,0,0,0,0,0,0,0
2800271,2026-01-10,2,Golden Eagle Ylli,Rahoveci 029,"D. Hall,E. Kastrati,L. Basic,L. Shoshi,S. Bamforth","A. Berisha,A. Thomas,I. Umipig,J. Jonson,K. Ujkani",600,699,99,4.09,4.88,3.3,22,16,24,20,2,4,2,0,2,0,2,2,0,0,0,2,0,2,1,3,1,1,1,1,1,2,2,1,0,0,2,2,0,0,0,0,0,0,0,0,0,0,0,0,0,0,0,0,0,0,0,0,0,0,0,0,0,0
2800271,2026-01-10,2,Golden Eagle Ylli,Rahoveci 029,"D. Hall,E. Kastrati,L. Basic,L. Shoshi,S. Bamforth","A. Berisha,A. Thomas,J. Jonson,K. Pullian,K. Ujkani",699,728,29,1.44,1.88,1.0,24,20,29,20,5,0,1,1,1,1,2,2,0,1,1,0,0,0,0,1,0,0,0,0,0,0,0,0,0,0,0,1,0,0,0,0,0,0,0,0,0,0,0,0,0,0,0,0,0,0,0,0,0,0,0,0,0,0
2800271,2026-01-10,2,Golden Eagle Ylli,Rahoveci 029,"D. Hall,E. Kastrati,L. Basic,L. Shoshi,T. Allen","A. Berisha,J. Jonson,J. Roche,K. Pullian,K. Ujkani",728,757,29,1.5,1.0,2.0,29,20,29,22,0,2,1,0,0,0,0,0,0,0,0,1,0,0,0,1,1,0,0,0,0,0,1,0,0,0,1,0,0,0,0,0,0,0,0,0,0,0,0,0,0,0,0,0,0,0,0,0,0,0,0,0,0,0
2800271,2026-01-10,2,Golden Eagle Ylli,Rahoveci 029,"D. Hall,E. Kastrati,L. Basic,L. Shoshi,T. Allen","A. Berisha,F. Rugova,J. Jonson,J. Roche,K. Pullian",757,806,49,1.72,2.44,1.0,29,22,35,22,6,0,2,2,2,2,1,0,0,1,2,0,0,0,0,1,0,0,0,0,0,0,1,0,0,0,0,1,0,0,0,0,0,0,0,0,0,0,0,0,0,0,0,0,0,0,0,0,0,0,0,0,0,0
2800271,2026-01-10,2,Golden Eagle Ylli,Rahoveci 029,"D. Hall,E. Kastrati,L. Basic,L. Shoshi,T. Allen","B. Rexha,F. Rugova,I. Umipig,J. Roche,K. Pullian",806,847,41,1.0,1.0,1.0,35,22,37,22,2,0,1,1,0,0,0,0,0,1,1,0,0,0,0,1,0,1,0,0,0,0,0,0,0,0,0,1,0,0,0,0,0,0,0,0,0,0,0,0,0,0,0,0,0,0,0,0,0,0,0,0,0,0
2800271,2026-01-10,2,Golden Eagle Ylli,Rahoveci 029,"D. Hall,E. Kastrati,L. Basic,L. Shoshi,T. Allen","A. Thomas,B. Rexha,F. Rugova,I. Umipig,K. Pullian",847,978,131,4.06,4.13,4.0,37,22,44,25,7,3,3,1,2,0,5,5,1,2,1,0,0,0,2,3,1,2,1,0,0,0,1,1,0,0,1,2,0,0,0,0,0,0,0,0,0,0,0,0,0,0,0,0,0,0,0,0,0,0,0,0,0,0
2800271,2026-01-10,2,Golden Eagle Ylli,Rahoveci 029,"A. Scott,B. Huffman,D. Hall,G. Morina,S. Bamforth","A. Thomas,F. Rugova,I. Umipig,K. Pullian,V. Ejupi",978,1075,97,3.55,3.22,3.88,44,25,48,26,4,1,2,1,0,0,4,2,1,3,1,0,0,0,2,3,0,2,0,2,1,0,1,0,0,0,0,3,0,0,0,0,0,0,0,0,0,0,0,0,0,0,0,0,0,0,0,0,0,0,0,0,0,0
2800271,2026-01-10,2,Golden Eagle Ylli,Rahoveci 029,"A. Scott,B. Huffman,D. Hall,G. Morina,S. Bamforth","F. Rugova,I. Umipig,J. Jonson,J. Roche,V. Ejupi",1075,1165,90,3.17,2.88,3.45,48,26,50,29,2,3,2,0,2,0,2,2,0,1,1,0,0,0,1,3,1,2,1,2,0,2,2,1,0,1,1,0,0,0,0,0,0,0,0,0,0,0,0,0,0,0,0,0,0,0,0,0,0,0,0,0,0,0
2800271,2026-01-10,2,Golden Eagle Ylli,Rahoveci 029,"A. Scott,B. Huffman,E. Kastrati,G. Morina,S. Bamforth","F. Rugova,I. Umipig,J. Jonson,J. Roche,V. Ejupi",1165,1200,35,1.5,2.0,1.0,50,29,53,32,3,3,1,1,1,1,0,0,0,0,1,0,0,1,0,1,1,1,1,0,0,0,0,0,1,0,0,0,0,0,0,0,0,0,0,0,0,0,0,0,0,0,0,0,0,0,0,0,0,0,0,0,0,0
2800271,2026-01-10,3,Golden Eagle Ylli,Rahoveci 029,"A. Scott,B. Huffman,G. Morina,S. Bamforth,T. Allen","F. Rugova,H. Durguti,I. Umipig,J. Jonson,K. Pullian",1200,1476,276,10.68,10.44,10.93,53,32,64,50,11,18,8,5,1,0,1,1,0,2,4,2,0,2,1,10,7,7,4,0,0,1,3,3,2,0,2,1,0,0,0,0,0,0,0,0,0,0,0,0,0,0,0,0,0,0,0,0,0,0,0,0,0,0
2800271,2026-01-10,3,Golden Eagle Ylli,Rahoveci 029,"A. Scott,B. Huffman,E. Kastrati,S. Bamforth,T. Allen","F. Rugova,H. Durguti,I. Umipig,J. Jonson,K. Pullian",1476,1594,118,2.9,3.0,2.79,64,50,68,55,4,5,2,2,0,0,0,0,0,1,2,0,0,1,2,6,2,4,1,0,0,3,0,2,1,0,0,0,0,0,0,0,0,0,0,0,0,0,0,0,0,0,0,0,0,0,0,0,0,0,0,0,0,0
2800271,2026-01-10,3,Golden Eagle Ylli,Rahoveci 029,"A. Scott,E. Kastrati,L. Shoshi,S. Bamforth,T. Allen","F. Rugova,H. Durguti,I. Umipig,J. Jonson,K. Pullian",1594,1705,111,4.15,3.86,4.44,68,55,68,65,0,10,4,0,2,0,0,0,2,1,0,0,0,2,1,4,4,2,2,1,0,0,2,1,0,0,0,2,0,0,0,0,0,0,0,0,0,0,0,0,0,0,0,0,0,0,0,0,0,0,0,0,0,0
2800271,2026-01-10,3,Golden Eagle Ylli,Rahoveci 029,"E. Kastrati,G. Morina,L. Basic,L. Shoshi,S. Bamforth","F. Rugova,H. Durguti,I. Umipig,J. Jonson,K. Pullian",1705,1786,81,1.93,2.0,1.86,68,65,70,65,2,0,2,1,1,0,0,0,0,1,1,0,3,0,0,3,0,2,0,0,0,2,1,0,0,0,1,1,0,0,0,0,0,0,0,0,0,0,0,0,0,0,0,0,0,0,0,0,0,0,0,0,0,0
2800271,2026-01-10,3,Golden Eagle Ylli,Rahoveci 029,"E. Kastrati,G. Morina,L. Basic,L. Shoshi,S. Bamforth","H. Durguti,I. Umipig,J. Jonson,K. Pullian,K. Ujkani",1786,1800,14,1.0,1.0,1.0,70,65,70,65,0,0,1,0,0,0,0,0,0,0,0,0,0,0,0,1,0,1,0,0,0,0,1,0,0,0,0,0,0,0,0,0,0,0,0,0,0,0,0,0,0,0,0,0,0,0,0,0,0,0,0,0,0,0
2800271,2026-01-10,4,Golden Eagle Ylli,Rahoveci 029,"B. Huffman,D. Hall,G. Morina,L. Basic,S. Bamforth","B. Rexha,F. Rugova,I. Umipig,J. Jonson,K. Pullian",1800,1843,43,1.0,1.0,1.0,70,65,70,65,0,0,1,0,0,0,0,0,0,1,0,0,0,0,2,1,0,0,0,0,0,0,1,0,0,1,0,0,0,0,0,0,0,0,0,0,0,0,0,0,0,0,0,0,0,0,0,0,0,0,0,0,0,0
2800271,2026-01-10,4,Golden Eagle Ylli,Rahoveci 029,"D. Hall,G. Morina,L. Basic,L. Shoshi,S. Bamforth","B. Rexha,F. Rugova,I. Umipig,J. Jonson,K. Pullian",1843,2038,195,7.11,7.3,6.93,70,65,76,71,6,6,9,2,4,1,1,1,2,2,1,1,0,0,1,5,2,5,2,0,0,1,5,2,0,0,3,1,0,0,0,0,0,0,0,0,0,0,0,0,0,0,0,0,0,0,0,0,0,0,0,0,0,0
2800271,2026-01-10,4,Golden Eagle Ylli,Rahoveci 029,"A. Scott,E. Kastrati,G. Morina,S. Bamforth,T. Allen","B. Rexha,F. Rugova,I. Umipig,J. Jonson,K. Pullian",2038,2111,73,2.0,2.0,2.0,76,71,78,77,2,6,2,1,0,0,0,0,0,0,1,0,0,0,0,2,2,2,2,0,0,0,1,2,0,0,0,1,0,0,0,0,0,0,0,0,0,0,0,0,0,0,0,0,0,0,0,0,0,0,0,0,0,0
2800271,2026-01-10,4,Golden Eagle Ylli,Rahoveci 029,"A. Scott,B. Huffman,E. Kastrati,S. Bamforth,T. Allen","B. Rexha,F. Rugova,I. Umipig,J. Jonson,K. Pullian",2111,2125,14,0.52,0.93,0.1,78,77,80,77,2,0,2,1,0,0,0,0,1,0,0,0,0,0,0,0,0,0,0,0,0,0,0,0,0,0,0,1,0,0,0,0,0,0,0,0,0,0,0,0,0,0,0,0,0,0,0,0,0,0,0,0,0,0
2800271,2026-01-10,4,Golden Eagle Ylli,Rahoveci 029,"A. Scott,B. Huffman,E. Kastrati,S. Bamforth,T. Allen","F. Rugova,H. Durguti,I. Umipig,J. Jonson,K. Pullian",2125,2350,225,9.01,9.34,8.67,80,77,92,80,12,3,7,5,3,2,2,0,1,5,5,2,0,2,1,9,1,6,0,2,1,3,3,0,2,0,2,1,0,0,0,0,0,0,0,0,0,0,0,0,0,0,0,0,0,0,0,0,0,0,0,0,0,0
2800271,2026-01-10,4,Golden Eagle Ylli,Rahoveci 029,"A. Scott,B. Huffman,E. Kastrati,S. Bamforth,T. Allen","F. Rugova,H. Durguti,J. Jonson,K. Pullian,K. Ujkani",2350,2391,41,2.5,3.0,2.0,92,80,94,80,2,0,3,1,2,0,0,0,0,1,1,1,0,0,0,1,0,1,0,0,0,0,2,0,0,0,1,0,0,0,0,0,0,0,0,0,0,0,0,0,0,0,0,0,0,0,0,0,0,0,0,0,0,0
2800273,2026-01-11,1,Trepça,Sigal Prishtina,"B. Tuna,K. Hasbrouck,M. Amzil,M. Tmusic,S. Jones","A. Morina,D. Burns,D. Haxhosaj,K. Dukes,K. Kramer",0,323,323,8.89,8.93,8.86,0,0,8,8,8,8,10,4,5,0,0,0,1,3,4,1,0,0,2,9,4,4,0,0,0,2,5,1,0,0,2,1,0,0,0,0,0,0,0,0,0,0,0,0,0,0,0,0,0,0,0,0,0,0,0,0,0,0
2800273,2026-01-11,1,Trepça,Sigal Prishtina,"B. Tuna,K. Hasbrouck,M. Amzil,M. Tmusic,S. Jones","A. Bailey,A. Morina,D. Burns,D. Haxhosaj,K. Dukes",323,430,107,3.0,2.74,3.25,8,8,14,11,6,3,4,2,1,0,2,2,2,1,1,0,0,0,1,2,0,1,0,3,3,1,0,0,0,0,1,1,0,0,0,0,0,0,0,0,0,0,0,0,0,0,0,0,0,0,0,0,0,0,0,0,0,0
2800273,2026-01-11,1,Trepça,Sigal Prishtina,"B. Tuna,D. Hajrizi,D. Kapiti,K. Hasbrouck,M. Tmusic","A. Bailey,D. Burns,D. Haxhosaj,D. Polloshka,E. Clarance",430,513,83,1.5,2.0,1.0,14,11,16,11,2,0,2,1,1,0,0,0,0,0,0,1,0,0,1,0,0,0,0,0,0,0,1,0,0,0,1,0,0,0,0,0,0,0,0,0,0,0,0,0,0,0,0,0,0,0,0,0,0,0,0,0,0,0
2800273,2026-01-11,1,Trepça,Sigal Prishtina,"B. Tuna,D. Hajrizi,D. Kapiti,M. Amzil,M. Tmusic","A. Bailey,D. Burns,D. Haxhosaj,D. Polloshka,E. Clarance",513,600,87,1.9,1.79,2.0,16,11,18,13,2,2,4,1,0,0,0,0,3,1,1,0,0,1,0,2,1,0,0,0,0,0,0,0,1,0,0,0,0,0,0,0,0,0,0,0,0,0,0,0,0,0,0,0,0,0,0,0,0,0,0,0,0,0
2800273,2026-01-11,2,Trepça,Sigal Prishtina,"D. Hajrizi,D. Kapiti,K. Hasbrouck,M. Amzil,M. Tmusic","A. Bailey,D. Burns,D. Haxhosaj,D. Polloshka,E. Clarance",600,753,153,5.44,5.0,5.88,18,13,20,19,2,6,3,1,2,0,0,0,0,3,1,0,0,2,2,5,2,1,0,2,2,0,2,2,2,0,0,2,0,0,0,0,0,0,0,0,0,0,0,0,0,0,0,0,0,0,0,0,0,0,0,0,0,0
2800273,2026-01-11,2,Trepça,Sigal Prishtina,"D. Hajrizi,D. Kapiti,K. Hasbrouck,M. Amzil,M. Tmusic","A. Bailey,D. Haxhosaj,D. Polloshka,E. Clarance,K. Dukes",753,766,13,0.55,1.0,0.1,20,19,20,19,0,0,1,0,1,0,0,0,0,0,0,0,0,0,0,0,0,0,0,0,0,0,1,0,0,0,0,0,0,0,0,0,0,0,0,0,0,0,0,0,0,0,0,0,0,0,0,0,0,0,0,0,0,0
2800273,2026-01-11,2,Trepça,Sigal Prishtina,"A. Gashi,D. Hajrizi,D. Kapiti,K. Hasbrouck,M. Amzil","A. Bailey,D. Haxhosaj,D. Polloshka,E. Clarance,K. Dukes",766,810,44,1.5,1.0,2.0,20,19,22,21,2,2,1,1,0,0,0,0,0,1,1,0,0,0,0,2,1,1,0,0,0,0,0,0,0,0,0,0,0,0,0,0,0,0,0,0,0,0,0,0,0,0,0,0,0,0,0,0,0,0,0,0,0,0
2800273,2026-01-11,2,Trepça,Sigal Prishtina,"A. Gashi,B. Tuna,D. Hajrizi,D. Kapiti,K. Hasbrouck","A. Bailey,D. Haxhosaj,D. Polloshka,E. Clarance,K. Dukes",810,835,25,0.49,0.88,0.1,22,21,23,21,1,0,0,0,0,0,2,1,0,0,1,0,0,0,0,0,0,0,0,0,0,0,0,0,0,0,0,2,0,0,0,0,0,0,0,0,0,0,0,0,0,0,0,0,0,0,0,0,0,0,0,0,0,0
2800273,2026-01-11,2,Trepça,Sigal Prishtina,"A. Gashi,B. Tuna,D. Hajrizi,K. Hasbrouck,S. Jones","A. Bailey,D. Haxhosaj,D. Polloshka,E. Clarance,K. Dukes",835,863,28,1.0,1.0,1.0,23,21,26,21,3,0,1,1,1,1,0,0,0,0,1,1,0,0,0,0,0,0,0,0,0,0,0,0,0,0,1,0,0,0,0,0,0,0,0,0,0,0,0,0,0,0,0,0,0,0,0,0,0,0,0,0,0,0
2800273,2026-01-11,2,Trepça,Sigal Prishtina,"A. Gashi,B. Tuna,D. Hajrizi,K. Hasbrouck,S. Jones","A. Bailey,D. Burns,D. Haxhosaj,D. Polloshka,K. Dukes",863,1046,183,6.9,6.88,6.93,26,21,36,26,10,5,4,3,3,2,2,2,0,4,2,0,0,2,0,7,2,5,1,0,0,1,1,0,1,0,1,1,0,0,0,0,0,0,0,0,0,0,0,0,0,0,0,0,0,0,0,0,0,0,0,0,0,0
2800273,2026-01-11,2,Trepça,Sigal Prishtina,"A. Gashi,B. Tuna,D. Hajrizi,K. Hasbrouck,S. Jones","A. Bailey,A. Morina,D. Polloshka,K. Dukes,K. Kramer",1046,1131,85,2.88,2.76,3.0,36,26,41,28,5,2,1,1,0,0,4,3,0,1,1,1,0,0,1,2,1,1,0,0,0,0,1,0,0,0,1,2,0,0,0,0,0,0,0,0,0,0,0,0,0,0,0,0,0,0,0,0,0,0,0,0,0,0
2800273,2026-01-11,2,Trepça,Sigal Prishtina,"A. Gashi,B. Tuna,D. Hajrizi,K. Hasbrouck,S. Jones","A. Morina,D. Burns,D. Polloshka,K. Dukes,K. Kramer",1131,1179,48,0.52,0.1,0.93,41,28,41,30,0,2,2,0,0,0,0,0,2,0,0,0,0,0,0,2,1,0,0,0,0,1,0,0,0,0,0,1,0,0,0,0,0,0,0,0,0,0,0,0,0,0,0,0,0,0,0,0,0,0,0,0,0,0
2800273,2026-01-11,2,Trepça,Sigal Prishtina,"A. Gashi,B. Tuna,D. Kapiti,K. Hasbrouck,M. Tmusic","A. Morina,D. Burns,D. Polloshka,E. Clarance,K. Dukes",1179,1190,11,0.49,0.1,0.88,42,30,42,32,0,2,0,0,0,0,0,0,0,0,0,0,0,0,1,0,0,0,0,2,2,0,0,0,0,0,0,0,0,0,0,0,0,0,0,0,0,0,0,0,0,0,0,0,0,0,0,0,0,0,0,0,0,0
2800273,2026-01-11,2,Trepça,Sigal Prishtina,"B. Tuna,D. Hajrizi,D. Kapiti,K. Hasbrouck,M. Tmusic","A. Morina,D. Polloshka,E. Clarance,K. Dukes,K. Kramer",1190,1200,10,0.55,1.0,0.1,42,32,44,32,2,0,1,1,0,0,0,0,0,0,0,0,0,0,0,0,0,0,0,0,0,0,0,0,0,0,0,0,0,0,0,0,0,0,0,0,0,0,0,0,0,0,0,0,0,0,0,0,0,0,0,0,0,0
2800273,2026-01-11,3,Trepça,Sigal Prishtina,"B. Tuna,D. Hajrizi,K. Hasbrouck,M. Tmusic,S. Jones","A. Bailey,D. Burns,D. Haxhosaj,D. Polloshka,K. Dukes",1200,1308,108,3.16,3.0,3.32,44,32,46,36,2,4,1,1,0,0,0,0,0,1,1,0,0,2,2,2,1,0,0,3,2,0,0,0,1,0,0,1,0,0,0,0,0,0,0,0,0,0,0,0,0,0,0,0,0,0,0,0,0,0,0,0,0,0
2800273,2026-01-11,3,Trepça,Sigal Prishtina,"B. Tuna,K. Hasbrouck,M. Amzil,M. Tmusic,S. Jones","A. Bailey,D. Burns,D. Haxhosaj,D. Polloshka,K. Dukes",1308,1378,70,0.91,0.93,0.88,46,36,49,37,3,1,2,1,2,1,0,0,1,1,1,0,0,0,1,0,0,0,0,2,1,0,0,0,0,0,0,3,0,0,0,0,0,0,0,0,0,0,0,0,0,0,0,0,0,0,0,0,0,0,0,0,0,0
2800273,2026-01-11,3,Trepça,Sigal Prishtina,"B. Tuna,K. Hasbrouck,M. Amzil,M. Tmusic,S. Jones","A. Bailey,D. Haxhosaj,D. Polloshka,E. Clarance,K. Dukes",1378,1460,82,1.93,2.0,1.86,49,37,52,37,3,0,1,1,1,1,0,0,0,1,0,0,0,1,0,3,0,2,0,0,0,2,0,0,1,0,1,0,0,0,0,0,0,0,0,0,0,0,0,0,0,0,0,0,0,0,0,0,0,0,0,0,0,0
2800273,2026-01-11,3,Trepça,Sigal Prishtina,"B. Tuna,D. Kapiti,K. Hasbrouck,M. Amzil,M. Tmusic","A. Bailey,D. Haxhosaj,D. Polloshka,E. Clarance,K. Dukes",1460,1558,98,3.19,4.37,2.0,52,37,58,40,6,3,4,3,1,0,1,0,2,1,3,0,0,1,0,2,1,1,1,0,0,0,0,1,1,0,0,2,0,0,0,0,0,0,0,0,0,0,0,0,0,0,0,0,0,0,0,0,0,0,0,0,0,0
2800273,2026-01-11,3,Trepça,Sigal Prishtina,"B. Tuna,D. Kapiti,K. Hasbrouck,M. Amzil,M. Tmusic","D. Haxhosaj,D. Polloshka,E. Clarance,K. Dukes,K. Kramer",1558,1614,56,2.19,2.44,1.93,58,40,62,40,4,0,2,2,0,0,1,0,0,0,2,2,0,0,1,1,0,1,0,0,0,1,1,0,0,0,2,0,0,0,0,0,0,0,0,0,0,0,0,0,0,0,0,0,0,0,0,0,0,0,0,0,0,0
2800273,2026-01-11,3,Trepça,Sigal Prishtina,"B. Tuna,D. Kapiti,K. Hasbrouck,M. Amzil,M. Tmusic","A. Bailey,A. Morina,D. Polloshka,K. Dukes,K. Kramer",1614,1711,97,2.5,2.0,3.0,62,40,64,40,2,0,2,1,1,0,0,0,0,2,0,1,0,0,0,2,0,0,0,0,0,0,1,0,0,0,1,1,0,0,0,0,0,0,0,0,0,0,0,0,0,0,0,0,0,0,0,0,0,0,0,0,0,0
2800273,2026-01-11,3,Trepça,Sigal Prishtina,"B. Tuna,D. Kapiti,K. Hasbrouck,M. Amzil,M. Tmusic","A. Bailey,A. Morina,D. Burns,D. Polloshka,K. Kramer",1711,1800,89,3.31,3.69,2.93,64,40,71,45,7,5,3,2,1,1,4,2,2,1,2,0,0,0,0,4,2,2,1,0,0,1,0,1,0,1,0,1,0,0,0,0,0,0,0,0,0,0,0,0,0,0,0,0,0,0,0,0,0,0,0,0,0,0
2800273,2026-01-11,4,Trepça,Sigal Prishtina,"A. Gashi,B. Tuna,D. Kapiti,K. Hasbrouck,M. Amzil","A. Bailey,A. Morina,D. Burns,D. Haxhosaj,K. Kramer",1800,1976,176,6.38,6.76,6.0,71,45,80,50,9,5,3,2,2,1,4,4,0,4,3,0,0,2,2,6,2,3,1,0,0,0,1,1,0,0,0,2,0,0,0,0,0,0,0,0,0,0,0,0,0,0,0,0,0,0,0,0,0,0,0,0,0,0
2800273,2026-01-11,4,Trepça,Sigal Prishtina,"A. Gashi,B. Tuna,D. Kapiti,M. Amzil,M. Tmusic","A. Bailey,A. Morina,D. Burns,D. Haxhosaj,K. Kramer",1976,2003,27,1.5,1.0,2.0,80,50,80,50,0,0,1,0,0,0,0,0,0,0,0,1,0,0,0,0,0,0,0,0,0,0,1,0,0,1,2,0,0,0,0,0,0,0,0,0,0,0,0,0,0,0,0,0,0,0,0,0,0,0,0,0,0,0
2800273,2026-01-11,4,Trepça,Sigal Prishtina,"A. Gashi,B. Zekiqi,D. Kapiti,M. Amzil,M. Tmusic","A. Bailey,D. Burns,D. Haxhosaj,D. Polloshka,E. Clarance",2003,2215,212,5.86,6.73,5.0,80,50,90,55,10,5,7,5,2,0,1,0,1,2,5,1,0,0,2,4,2,2,1,0,0,0,2,1,0,0,1,1,0,0,0,0,0,0,0,0,0,0,0,0,0,0,0,0,0,0,0,0,0,0,0,0,0,0
2800273,2026-01-11,4,Trepça,Sigal Prishtina,"A. Gashi,B. Zekiqi,D. Kapiti,M. Tmusic,V. Haliti","A. Bailey,D. Haxhosaj,D. Polloshka,E. Clarance,K. Dukes",2215,2300,85,2.59,1.93,3.25,90,55,90,62,0,7,2,0,1,0,0,0,1,0,0,0,0,1,2,3,2,1,0,3,3,1,1,2,1,1,0,0,0,0,0,0,0,0,0,0,0,0,0,0,0,0,0,0,0,0,0,0,0,0,0,0,0,0
2800273,2026-01-11,4,Trepça,Sigal Prishtina,"A. Gashi,B. Zekiqi,D. Kapiti,E. Asllani,V. Haliti","A. Bailey,D. Polloshka,E. Clarance,K. Dukes,L. Zeneli",2300,2323,23,1.5,2.0,1.0,90,62,92,64,2,2,1,1,0,0,0,0,0,0,0,0,0,1,0,1,1,0,0,0,0,0,0,0,1,0,0,1,0,0,0,0,0,0,0,0,0,0,0,0,0,0,0,0,0,0,0,0,0,0,0,0,0,0
2800273,2026-01-11,4,Trepça,Sigal Prishtina,"A. Gashi,B. Zekiqi,D. Kapiti,E. Asllani,V. Haliti","A. Bailey,E. Clarance,K. Dukes,L. Zeneli,N. Zuka",2323,2348,25,0.72,0.44,1.0,92,64,92,66,0,2,0,0,0,0,1,0,0,0,0,0,0,0,0,1,1,0,0,0,0,0,1,0,0,0,0,1,0,0,0,0,0,0,0,0,0,0,0,0,0,0,0,0,0,0,0,0,0,0,0,0,0,0
2800273,2026-01-11,4,Trepça,Sigal Prishtina,"A. Gashi,B. Zekiqi,D. Kapiti,E. Asllani,V. Haliti","E. Clarance,K. Dukes,L. Loxha,L. Zeneli,N. Zuka",2348,2400,52,1.66,2.45,0.86,92,66,95,69,3,3,3,1,2,0,2,1,2,0,0,0,1,0,0,3,1,2,1,0,0,2,1,1,0,0,0,0,0,0,0,0,0,0,0,0,0,0,0,0,0,0,0,0,0,0,0,0,0,0,0,0,0,0
2800274,2026-01-11,1,Vëllaznimi,Peja,"A. Gordon,A. Koshi,D. Wilson,J. Hellems,R. Dahsyla","J. Johnson,M. Mala,S. Flatten,S. Llapi,T. Green",0,228,228,6.16,6.31,6.0,0,0,4,4,4,4,7,1,2,0,2,2,2,4,2,0,2,1,4,9,1,5,0,4,2,5,3,1,0,0,0,2,0,0,0,0,0,0,0,0,0,0,0,0,0,0,0,0,0,0,0,0,0,0,0,0,0,0
2800274,2026-01-11,1,Vëllaznimi,Peja,"A. Gordon,A. Koshi,D. Wilson,J. Hellems,S. Zekiqi","J. Johnson,M. Mala,S. Flatten,S. Llapi,T. Green",228,316,88,2.46,3.0,1.93,4,4,4,6,0,2,1,0,0,0,0,0,0,1,0,0,0,2,0,3,1,1,0,0,0,1,0,1,0,0,0,1,0,0,0,0,0,0,0,0,0,0,0,0,0,0,0,0,0,0,0,0,0,0,0,0,0,0
2800274,2026-01-11,1,Vëllaznimi,Peja,"A. Koshi,D. Wilson,J. Hellems,S. Zekiqi,Y. Anei","A. Hajdari,C. Edwards,M. Mala,S. Flatten,T. Green",316,409,93,2.4,2.0,2.81,4,6,8,9,4,3,2,2,0,0,0,0,0,0,0,0,0,0,1,2,1,1,0,2,1,1,0,1,0,0,1,0,0,0,0,0,0,0,0,0,0,0,0,0,0,0,0,0,0,0,0,0,0,0,0,0,0,0
2800274,2026-01-11,1,Vëllaznimi,Peja,"A. Koshi,D. Wilson,J. Hellems,S. Zekiqi,Y. Anei","A. Hajdari,C. Edwards,F. Shoshaj,S. Flatten,T. Green",409,446,37,0.52,0.93,0.1,8,9,8,9,0,0,2,0,1,0,0,0,1,0,0,0,0,0,0,1,0,1,0,0,0,1,1,0,0,0,0,0,0,0,0,0,0,0,0,0,0,0,0,0,0,0,0,0,0,0,0,0,0,0,0,0,0,0
2800274,2026-01-11,1,Vëllaznimi,Peja,"A. Rushiti,D. Wilson,J. Hellems,S. Zekiqi,Y. Anei","A. Hajdari,C. Edwards,F. Shoshaj,S. Flatten,T. Green",446,516,70,2.44,2.0,2.88,8,9,12,10,4,1,2,2,0,0,0,0,0,1,1,1,0,0,1,1,0,1,0,2,1,0,0,0,0,0,1,0,0,0,0,0,0,0,0,0,0,0,0,0,0,0,0,0,0,0,0,0,0,0,0,0,0,0
2800274,2026-01-11,1,Vëllaznimi,Peja,"A. Rushiti,J. Hellems,S. Zekiqi,Y. Anei,Z. Reid","A. Hajdari,C. Edwards,D. Morris,F. Shoshaj,T. Green",516,600,84,2.5,3.0,2.0,12,10,16,13,4,3,3,2,0,0,0,0,0,1,1,0,0,0,0,2,1,2,1,0,0,0,1,1,0,0,0,0,0,0,0,0,0,0,0,0,0,0,0,0,0,0,0,0,0,0,0,0,0,0,0,0,0,0
2800274,2026-01-11,2,Vëllaznimi,Peja,"A. Rushiti,J. Hellems,S. Zekiqi,Y. Anei,Z. Reid","D. Morris,M. Mala,S. Flatten,S. Llapi,T. Green",600,609,9,0.55,1.0,0.1,16,13,18,13,2,0,1,1,0,0,0,0,0,0,1,0,0,0,0,0,0,0,0,0,0,0,0,0,0,0,0,1,0,0,0,0,0,0,0,0,0,0,0,0,0,0,0,0,0,0,0,0,0,0,0,0,0,0
2800274,2026-01-11,2,Vëllaznimi,Peja,"A. Rushiti,J. Hellems,S. Zekiqi,Y. Anei,Z. Reid","C. Edwards,D. Morris,M. Mala,S. Flatten,S. Llapi",609,659,50,1.11,1.37,0.86,18,13,21,13,3,0,2,1,1,0,1,1,1,1,0,0,0,0,0,3,0,1,0,0,0,2,0,0,0,0,0,0,0,0,0,0,0,0,0,0,0,0,0,0,0,0,0,0,0,0,0,0,0,0,0,0,0,0
2800274,2026-01-11,2,Vëllaznimi,Peja,"A. Rushiti,J. Hellems,S. Zekiqi,Y. Anei,Z. Reid","A. Hajdari,C. Edwards,D. Morris,M. Mala,S. Flatten",659,725,66,1.5,1.0,2.0,21,13,21,16,0,3,1,0,1,0,0,0,0,0,0,0,0,0,0,1,1,1,1,0,0,0,1,1,0,0,1,2,0,0,0,0,0,0,0,0,0,0,0,0,0,0,0,0,0,0,0,0,0,0,0,0,0,0
2800274,2026-01-11,2,Vëllaznimi,Peja,"A. Rushiti,J. Hellems,S. Zekiqi,Y. Anei,Z. Reid","A. Hajdari,C. Edwards,J. Johnson,M. Mala,S. Flatten",725,741,16,0.55,1.0,0.1,21,16,23,16,2,0,1,1,0,0,0,0,0,0,0,0,0,0,1,0,0,0,0,0,0,0,0,0,0,0,0,0,0,0,0,0,0,0,0,0,0,0,0,0,0,0,0,0,0,0,0,0,0,0,0,0,0,0
2800274,2026-01-11,2,Vëllaznimi,Peja,"A. Rushiti,D. Wilson,S. Zekiqi,Y. Anei,Z. Reid","A. Hajdari,C. Edwards,J. Johnson,M. Mala,S. Flatten",741,819,78,2.37,1.86,2.88,23,16,25,20,2,4,4,1,0,0,0,0,2,1,0,0,1,0,1,2,1,0,0,2,2,0,1,2,0,0,0,1,0,0,0,0,0,0,0,0,0,0,0,0,0,0,0,0,0,0,0,0,0,0,0,0,0,0
2800274,2026-01-11,2,Vëllaznimi,Peja,"A. Gordon,A. Rushiti,D. Wilson,S. Zekiqi,Z. Reid","A. Hajdari,C. Edwards,J. Johnson,M. Mala,S. Flatten",819,906,87,3.46,3.93,3.0,25,20,29,26,4,6,5,2,1,0,0,0,1,0,0,1,0,0,0,2,2,2,2,0,0,0,2,2,0,0,1,0,0,0,0,0,0,0,0,0,0,0,0,0,0,0,0,0,0,0,0,0,0,0,0,0,0,0
2800274,2026-01-11,2,Vëllaznimi,Peja,"A. Gordon,A. Rushiti,D. Wilson,J. Hellems,R. Dahsyla","A. Hajdari,C. Edwards,J. Johnson,M. Mala,T. Green",906,980,74,2.22,2.44,2.0,29,26,32,30,3,4,2,1,1,0,1,1,0,0,0,0,0,0,1,2,2,0,0,0,0,0,1,2,0,0,0,1,0,0,0,0,0,0,0,0,0,0,0,0,0,0,0,0,0,0,0,0,0,0,0,0,0,0
2800274,2026-01-11,2,Vëllaznimi,Peja,"A. Gordon,A. Koshi,D. Wilson,J. Hellems,R. Dahsyla","A. Hajdari,C. Edwards,J. Johnson,M. Mala,T. Green",980,1021,41,1.5,1.0,2.0,32,30,34,32,2,2,1,1,0,0,0,0,0,0,0,0,0,0,0,1,1,0,0,0,0,0,0,1,0,0,1,0,0,0,0,0,0,0,0,0,0,0,0,0,0,0,0,0,0,0,0,0,0,0,0,0,0,0
2800274,2026-01-11,2,Vëllaznimi,Peja,"A. Gordon,A. Koshi,D. Wilson,J. Hellems,R. Dahsyla","A. Hajdari,J. Johnson,M. Mala,S. Llapi,T. Green",1021,1069,48,1.0,1.0,1.0,34,32,34,34,0,2,1,0,0,0,0,0,0,0,0,0,0,0,0,1,1,0,0,0,0,0,1,0,0,0,0,0,0,0,0,0,0,0,0,0,0,0,0,0,0,0,0,0,0,0,0,0,0,0,0,0,0,0
2800274,2026-01-11,2,Vëllaznimi,Peja,"A. Gordon,A. Koshi,D. Wilson,J. Hellems,R. Dahsyla","A. Hajdari,J. Johnson,M. Mala,S. Flatten,T. Green",1069,1427,358,12.21,11.74,12.69,34,34,51,46,17,12,13,7,4,1,2,2,2,4,3,1,0,0,3,8,3,4,2,4,4,1,4,2,0,0,4,3,0,0,0,0,0,0,0,0,0,0,0,0,0,0,0,0,0,0,0,0,0,0,0,0,0,0
2800274,2026-01-11,3,Vëllaznimi,Peja,"A. Koshi,D. Wilson,J. Hellems,R. Dahsyla,Y. Anei","A. Hajdari,C. Edwards,J. Johnson,M. Mala,S. Flatten",1427,1444,17,0.55,1.0,0.1,51,46,53,46,2,0,1,1,0,0,0,0,0,0,0,0,0,0,0,0,0,0,0,0,0,0,0,0,0,0,0,0,0,0,0,0,0,0,0,0,0,0,0,0,0,0,0,0,0,0,0,0,0,0,0,0,0,0
2800274,2026-01-11,3,Vëllaznimi,Peja,"D. Wilson,J. Hellems,R. Dahsyla,S. Zekiqi,Y. Anei","A. Hajdari,C. Edwards,J. Johnson,M. Mala,S. Flatten",1444,1513,69,2.5,2.0,3.0,53,46,58,48,5,2,2,2,1,1,0,0,0,1,0,1,1,0,0,2,1,1,0,0,0,0,0,1,0,0,1,1,0,0,0,0,0,0,0,0,0,0,0,0,0,0,0,0,0,0,0,0,0,0,0,0,0,0
2800274,2026-01-11,3,Vëllaznimi,Peja,"D. Wilson,J. Hellems,R. Dahsyla,S. Zekiqi,Y. Anei","C. Edwards,F. Shoshaj,M. Mala,S. Flatten,T. Green",1513,1610,97,3.44,3.88,3.0,58,48,66,48,8,0,3,3,0,0,2,2,0,1,2,2,0,0,1,1,0,0,0,0,0,0,0,0,0,0,2,0,0,0,0,0,0,0,0,0,0,0,0,0,0,0,0,0,0,0,0,0,0,0,0,0,0,0
2800274,2026-01-11,3,Vëllaznimi,Peja,"A. Rushiti,D. Wilson,J. Hellems,S. Zekiqi,Y. Anei","A. Hajdari,C. Edwards,F. Shoshaj,S. Flatten,T. Green",1610,1632,22,0.94,1.0,0.88,66,48,66,49,0,1,1,0,1,0,0,0,0,1,0,0,0,0,0,0,0,0,0,2,1,0,1,0,0,0,0,0,0,0,0,0,0,0,0,0,0,0,0,0,0,0,0,0,0,0,0,0,0,0,0,0,0,0
2800274,2026-01-11,3,Vëllaznimi,Peja,"A. Rushiti,D. Wilson,J. Hellems,S. Zekiqi,Y. Anei","A. Hajdari,C. Edwards,D. Morris,F. Shoshaj,T. Green",1632,1642,10,0.45,0.1,0.81,66,49,66,50,0,1,0,0,0,0,0,0,0,0,0,0,0,0,1,1,0,0,0,2,1,1,0,0,0,0,0,0,0,0,0,0,0,0,0,0,0,0,0,0,0,0,0,0,0,0,0,0,0,0,0,0,0,0
2800274,2026-01-11,3,Vëllaznimi,Peja,"A. Rushiti,J. Hellems,S. Zekiqi,Y. Anei,Z. Reid","A. Hajdari,C. Edwards,D. Morris,F. Shoshaj,T. Green",1642,1721,79,1.4,1.81,1.0,66,50,70,53,4,3,2,1,1,0,2,2,1,0,0,0,0,0,1,1,1,1,1,0,0,0,0,1,0,0,0,1,0,0,0,0,0,0,0,0,0,0,0,0,0,0,0,0,0,0,0,0,0,0,0,0,0,0
2800274,2026-01-11,3,Vëllaznimi,Peja,"A. Rushiti,J. Hellems,S. Zekiqi,Y. Anei,Z. Reid","A. Hajdari,C. Edwards,D. Morris,S. Llapi,T. Green",1721,1763,42,1.44,1.0,1.88,70,53,70,55,0,2,1,0,0,0,0,0,0,0,0,0,0,0,0,0,0,0,0,2,2,0,1,0,0,0,1,0,0,0,0,0,0,0,0,0,0,0,0,0,0,0,0,0,0,0,0,0,0,0,0,0,0,0
2800274,2026-01-11,3,Vëllaznimi,Peja,"A. Rushiti,J. Hellems,S. Zekiqi,Y. Anei,Z. Reid","C. Edwards,D. Morris,M. Mala,S. Llapi,T. Green",1763,1800,37,1.88,1.88,1.88,70,55,71,57,1,2,1,0,1,0,2,1,0,0,0,0,0,0,1,1,0,1,0,2,2,0,1,0,0,0,0,1,0,0,0,0,0,0,0,0,0,0,0,0,0,0,0,0,0,0,0,0,0,0,0,0,0,0
2800274,2026-01-11,4,Vëllaznimi,Peja,"A. Rushiti,D. Wilson,S. Zekiqi,Y. Anei,Z. Reid","C. Edwards,D. Morris,M. Mala,S. Llapi,T. Green",1800,1882,82,2.96,3.0,2.93,71,57,71,61,0,4,3,0,1,0,0,0,0,1,0,0,0,0,1,4,2,0,0,0,0,1,3,1,0,1,0,0,0,0,0,0,0,0,0,0,0,0,0,0,0,0,0,0,0,0,0,0,0,0,0,0,0,0
2800274,2026-01-11,4,Vëllaznimi,Peja,"A. Gordon,A. Rushiti,D. Wilson,S. Zekiqi,Z. Reid","C. Edwards,D. Morris,M. Mala,S. Llapi,T. Green",1882,1992,110,3.16,3.0,3.32,71,61,75,63,4,2,3,2,0,0,0,0,0,2,0,0,0,0,1,2,0,1,0,3,2,0,1,0,0,0,0,2,0,0,0,0,0,0,0,0,0,0,0,0,0,0,0,0,0,0,0,0,0,0,0,0,0,0
2800274,2026-01-11,4,Vëllaznimi,Peja,"A. Gordon,A. Rushiti,D. Wilson,S. Zekiqi,Z. Reid","J. Johnson,M. Mala,S. Flatten,S. Llapi,T. Green",1992,2020,28,0.49,0.88,0.1,75,63,76,63,1,0,0,0,0,0,2,1,0,0,0,0,0,0,1,0,0,0,0,0,0,0,0,0,0,0,0,1,0,0,0,0,0,0,0,0,0,0,0,0,0,0,0,0,0,0,0,0,0,0,0,0,0,0
2800274,2026-01-11,4,Vëllaznimi,Peja,"A. Gordon,A. Rushiti,D. Wilson,J. Hellems,S. Zekiqi","A. Hajdari,J. Johnson,M. Mala,S. Flatten,T. Green",2020,2092,72,1.96,1.93,2.0,76,65,82,67,6,2,3,2,2,2,0,0,1,1,2,0,0,0,0,2,1,0,0,0,0,0,0,0,0,0,0,0,0,0,0,0,0,0,0,0,0,0,0,0,0,0,0,0,0,0,0,0,0,0,0,0,0,0
2800274,2026-01-11,4,Vëllaznimi,Peja,"A. Gordon,A. Rushiti,D. Wilson,J. Hellems,S. Zekiqi","A. Hajdari,C. Edwards,J. Johnson,M. Mala,S. Flatten",2092,2133,41,2.0,2.0,2.0,82,67,82,71,0,4,1,0,0,0,0,0,0,0,0,0,0,1,1,2,2,0,0,0,0,0,1,1,1,0,0,0,0,0,0,0,0,0,0,0,0,0,0,0,0,0,0,0,0,0,0,0,0,0,0,0,0,0
2800274,2026-01-11,4,Vëllaznimi,Peja,"A. Gordon,D. Wilson,J. Hellems,R. Dahsyla,S. Zekiqi","A. Hajdari,C. Edwards,J. Johnson,M. Mala,S. Flatten",2133,2207,74,2.19,1.93,2.44,82,71,84,74,2,3,2,1,0,0,0,0,1,1,0,0,0,1,0,2,1,1,0,1,1,0,0,0,0,0,0,1,0,0,0,0,0,0,0,0,0,0,0,0,0,0,0,0,0,0,0,0,0,0,0,0,0,0
2800274,2026-01-11,4,Vëllaznimi,Peja,"A. Rushiti,D. Wilson,J. Hellems,R. Dahsyla,Y. Anei","A. Hajdari,C. Edwards,J. Johnson,M. Mala,S. Flatten",2207,2223,16,0.55,1.0,0.1,84,74,86,74,2,0,1,1,0,0,0,0,0,0,1,0,0,0,1,0,0,0,0,0,0,0,0,0,0,0,0,0,0,0,0,0,0,0,0,0,0,0,0,0,0,0,0,0,0,0,0,0,0,0,0,0,0,0
2800274,2026-01-11,4,Vëllaznimi,Peja,"A. Rushiti,D. Wilson,J. Hellems,S. Zekiqi,Y. Anei","A. Hajdari,C. Edwards,J. Johnson,M. Mala,S. Flatten",2223,2314,91,2.9,2.93,2.88,86,74,86,78,0,4,4,0,0,0,0,0,1,1,0,0,0,0,1,2,1,1,0,2,2,0,3,0,0,0,0,0,0,0,0,0,0,0,0,0,0,0,0,0,0,0,0,0,0,0,0,0,0,0,0,0,0,0
2800274,2026-01-11,4,Vëllaznimi,Peja,"A. Koshi,D. Wilson,J. Hellems,S. Zekiqi,Y. Anei","A. Hajdari,C. Edwards,J. Johnson,M. Mala,S. Flatten",2314,2384,70,3.32,2.76,3.88,86,78,90,85,4,7,1,0,0,0,4,4,0,0,0,1,0,0,0,2,2,1,1,2,2,0,1,1,0,0,1,3,0,0,0,0,0,0,0,0,0,0,0,0,0,0,0,0,0,0,0,0,0,0,0,0,0,0
2800274,2026-01-11,4,Vëllaznimi,Peja,"A. Koshi,D. Wilson,J. Hellems,S. Zekiqi,Y. Anei","A. Hajdari,J. Johnson,M. Mala,S. Flatten,T. Green",2384,2390,6,1.38,1.76,1.0,90,85,92,85,2,0,0,0,0,0,4,2,1,0,0,1,0,0,0,0,0,0,0,0,0,0,0,0,0,0,1,2,0,0,0,0,0,0,0,0,0,0,0,0,0,0,0,0,0,0,0,0,0,0,0,0,0,0
2800274,2026-01-11,4,Vëllaznimi,Peja,"A. Koshi,D. Wilson,J. Hellems,S. Zekiqi,Y. Anei","A. Hajdari,J. Johnson,M. Mala,S. Flatten,S. Llapi",2390,2398,8,0.99,1.88,0.1,92,85,94,85,2,0,1,0,1,0,2,2,0,0,0,0,0,0,0,0,0,0,0,0,0,0,0,0,0,0,0,0,0,0,0,0,0,0,0,0,0,0,0,0,0,0,0,0,0,0,0,0,0,0,0,0,0,0
2802052,2026-01-14,1,Vëllaznimi,Bashkimi,"A. Gordon,A. Koshi,D. Wilson,J. Hellems,S. Zekiqi","D. Lake,I. Nwamu,L. Zeqiri,M. Armstead,S. Shorter",0,217,217,6.16,5.88,6.44,0,0,1,10,1,10,3,0,3,0,2,1,0,1,1,0,0,2,2,5,5,0,0,1,0,0,3,5,1,0,1,2,0,0,0,0,0,0,0,0,0,0,0,0,0,0,0,0,0,0,0,0,0,0,0,0,0,0
2802052,2026-01-14,1,Vëllaznimi,Bashkimi,"A. Koshi,D. Wilson,J. Hellems,S. Zekiqi,Y. Anei","D. Lake,I. Nwamu,L. Zeqiri,M. Armstead,S. Shorter",217,301,84,2.5,2.0,3.0,1,10,1,14,0,4,1,0,0,0,0,0,0,1,0,0,0,1,0,3,2,1,0,0,0,0,1,0,1,0,0,0,0,0,0,0,0,0,0,0,0,0,0,0,0,0,0,0,0,0,0,0,0,0,0,0,0,0
2802052,2026-01-14,1,Vëllaznimi,Bashkimi,"A. Koshi,D. Wilson,J. Hellems,S. Zekiqi,Y. Anei","I. Nwamu,L. Zeqiri,M. Armstead,S. Shorter,T. Bickerstaff",301,376,75,2.0,2.0,2.0,1,14,3,16,2,2,2,1,0,0,0,0,0,0,0,1,0,0,0,1,1,0,0,0,0,0,1,0,0,0,1,1,0,0,0,0,0,0,0,0,0,0,0,0,0,0,0,0,0,0,0,0,0,0,0,0,0,0
2802052,2026-01-14,1,Vëllaznimi,Bashkimi,"A. Koshi,D. Wilson,J. Hellems,S. Zekiqi,Y. Anei","I. Cousins,I. Nwamu,L. Zeqiri,M. Armstead,T. Bickerstaff",376,461,85,1.94,1.88,2.0,3,16,7,18,4,2,1,1,1,1,2,1,0,1,1,0,0,0,1,2,1,1,0,0,0,0,0,0,0,0,0,2,0,0,0,0,0,0,0,0,0,0,0,0,0,0,0,0,0,0,0,0,0,0,0,0,0,0
2802052,2026-01-14,1,Vëllaznimi,Bashkimi,"A. Koshi,J. Hellems,S. Zekiqi,T. Todd,Y. Anei","I. Cousins,I. Nwamu,L. Zeqiri,T. Bickerstaff,V. Bunjaku",461,511,50,1.44,1.88,1.0,7,18,9,18,2,0,1,0,0,0,2,2,0,1,0,0,1,0,1,1,0,0,0,0,0,0,1,0,0,0,0,0,0,0,0,0,0,0,0,0,0,0,0,0,0,0,0,0,0,0,0,0,0,0,0,0,0,0
2802052,2026-01-14,1,Vëllaznimi,Bashkimi,"A. Koshi,J. Hellems,S. Zekiqi,T. Todd,Y. Anei","I. Cousins,M. Janjeva,S. Shorter,T. Bickerstaff,V. Bunjaku",511,600,89,2.9,3.0,2.81,9,18,13,22,4,4,3,2,0,0,0,0,0,1,1,0,1,0,0,3,1,0,0,2,2,1,1,1,0,0,0,0,0,0,0,0,0,0,0,0,0,0,0,0,0,0,0,0,0,0,0,0,0,0,0,0,0,0
2802052,2026-01-14,2,Vëllaznimi,Bashkimi,"A. Koshi,J. Hellems,S. Zekiqi,T. Todd,Y. Anei","D. Lake,I. Cousins,M. Janjeva,S. Shorter,V. Bunjaku",600,672,72,0.96,1.0,0.93,13,22,15,24,2,2,1,1,0,0,0,0,0,0,0,0,0,0,0,2,1,1,0,0,0,1,0,1,0,0,0,1,0,0,0,0,0,0,0,0,0,0,0,0,0,0,0,0,0,0,0,0,0,0,0,0,0,0
2802052,2026-01-14,2,Vëllaznimi,Bashkimi,"A. Gordon,A. Rushiti,J. Hellems,S. Zekiqi,T. Todd","D. Lake,I. Nwamu,M. Armstead,M. Janjeva,S. Shorter",672,756,84,2.5,3.0,2.0,15,24,17,26,2,2,2,1,0,0,0,0,0,1,0,0,0,1,1,2,1,0,0,0,0,0,1,0,1,0,0,0,0,0,0,0,0,0,0,0,0,0,0,0,0,0,0,0,0,0,0,0,0,0,0,0,0,0
2802052,2026-01-14,2,Vëllaznimi,Bashkimi,"A. Gordon,A. Rushiti,D. Wilson,J. Hellems,S. Zekiqi","D. Lake,I. Nwamu,L. Zeqiri,M. Armstead,S. Shorter",756,863,107,2.93,2.93,2.93,17,27,21,33,4,6,4,2,1,0,0,0,1,0,1,0,0,0,0,3,2,3,2,0,0,1,1,2,0,0,1,0,0,0,0,0,0,0,0,0,0,0,0,0,0,0,0,0,0,0,0,0,0,0,0,0,0,0
2802052,2026-01-14,2,Vëllaznimi,Bashkimi,"A. Gordon,A. Koshi,A. Rushiti,D. Wilson,T. Todd","I. Nwamu,L. Zeqiri,M. Armstead,S. Shorter,T. Bickerstaff",863,960,97,2.43,2.93,1.93,21,33,26,35,5,2,3,2,1,1,0,0,1,1,1,0,0,1,1,3,1,0,0,0,0,1,0,1,1,0,0,0,0,0,0,0,0,0,0,0,0,0,0,0,0,0,0,0,0,0,0,0,0,0,0,0,0,0
2802052,2026-01-14,2,Vëllaznimi,Bashkimi,"A. Gordon,A. Koshi,A. Rushiti,D. Wilson,T. Todd","I. Cousins,I. Nwamu,L. Zeqiri,M. Armstead,T. Bickerstaff",960,1002,42,1.94,2.0,1.88,26,35,30,35,4,0,2,2,0,0,0,0,0,2,1,0,0,0,0,1,0,0,0,2,0,0,0,0,0,0,0,1,0,0,0,0,0,0,0,0,0,0,0,0,0,0,0,0,0,0,0,0,0,0,0,0,0,0
2802052,2026-01-14,2,Vëllaznimi,Bashkimi,"A. Gordon,A. Koshi,A. Rushiti,D. Wilson,T. Todd","D. Lake,I. Cousins,L. Zeqiri,M. Armstead,V. Bunjaku",1002,1065,63,2.41,2.37,2.44,30,35,31,38,1,3,1,0,1,0,1,1,1,1,0,0,0,2,1,2,1,0,0,1,1,0,0,0,0,0,0,0,0,0,0,0,0,0,0,0,0,0,0,0,0,0,0,0,0,0,0,0,0,0,0,0,0,0
2802052,2026-01-14,2,Vëllaznimi,Bashkimi,"A. Koshi,A. Rushiti,D. Wilson,T. Todd,Y. Anei","D. Lake,I. Cousins,L. Zeqiri,S. Shorter,V. Bunjaku",1065,1080,15,0.55,0.1,1.0,31,38,31,41,0,3,0,0,0,0,0,0,0,0,0,0,0,0,0,1,1,1,1,0,0,0,0,1,0,0,0,0,0,0,0,0,0,0,0,0,0,0,0,0,0,0,0,0,0,0,0,0,0,0,0,0,0,0
2802052,2026-01-14,2,Vëllaznimi,Bashkimi,"A. Koshi,A. Rushiti,J. Hellems,T. Todd,Y. Anei","D. Lake,I. Cousins,L. Zeqiri,S. Shorter,V. Bunjaku",1080,1181,101,2.43,3.0,1.86,31,41,36,43,5,2,3,2,1,1,0,0,0,1,2,0,0,0,1,4,1,0,0,0,0,2,1,0,0,0,0,0,0,0,0,0,0,0,0,0,0,0,0,0,0,0,0,0,0,0,0,0,0,0,0,0,0,0
2802052,2026-01-14,2,Vëllaznimi,Bashkimi,"A. Rushiti,J. Hellems,S. Zekiqi,T. Todd,Y. Anei","D. Lake,I. Cousins,L. Zeqiri,S. Shorter,V. Bunjaku",1181,1185,4,0.1,0.1,0.1,36,43,36,43,0,0,0,0,0,0,0,0,0,0,0,0,0,0,0,0,0,0,0,0,0,0,0,0,0,0,0,0,0,0,0,0,0,0,0,0,0,0,0,0,0,0,0,0,0,0,0,0,0,0,0,0,0,0
2802052,2026-01-14,2,Vëllaznimi,Bashkimi,"A. Rushiti,J. Hellems,S. Zekiqi,T. Todd,Y. Anei","I. Cousins,L. Zeqiri,S. Shorter,T. Bickerstaff,V. Bunjaku",1185,1200,15,0.94,1.0,0.88,36,43,39,43,3,0,1,1,1,1,0,0,0,1,0,0,0,0,1,0,0,0,0,2,0,0,0,0,0,0,0,1,0,0,0,0,0,0,0,0,0,0,0,0,0,0,0,0,0,0,0,0,0,0,0,0,0,0
2802052,2026-01-14,3,Vëllaznimi,Bashkimi,"A. Gordon,A. Koshi,D. Wilson,J. Hellems,S. Zekiqi","D. Lake,I. Nwamu,L. Zeqiri,M. Armstead,S. Shorter",1200,1524,324,8.74,8.86,8.62,39,43,48,50,9,7,10,4,6,1,0,0,2,3,3,1,0,1,4,7,2,2,1,4,2,2,4,1,1,0,2,1,0,0,0,0,0,0,0,0,0,0,0,0,0,0,0,0,0,0,0,0,0,0,0,0,0,0
2802052,2026-01-14,3,Vëllaznimi,Bashkimi,"A. Gordon,A. Koshi,D. Wilson,J. Hellems,S. Zekiqi","D. Lake,I. Cousins,I. Nwamu,L. Zeqiri,M. Armstead",1524,1566,42,1.94,2.0,1.88,48,50,50,51,2,1,2,1,1,0,0,0,0,2,0,0,0,0,1,1,0,1,0,2,1,0,1,0,0,0,0,1,0,0,0,0,0,0,0,0,0,0,0,0,0,0,0,0,0,0,0,0,0,0,0,0,0,0
2802052,2026-01-14,3,Vëllaznimi,Bashkimi,"A. Koshi,D. Wilson,S. Zekiqi,T. Todd,Y. Anei","D. Lake,I. Cousins,I. Nwamu,L. Zeqiri,V. Bunjaku",1566,1633,67,2.44,2.0,2.88,50,51,52,54,2,3,2,1,0,0,0,0,0,1,0,0,0,0,0,1,1,1,1,2,0,0,1,1,0,0,1,0,0,0,0,0,0,0,0,0,0,0,0,0,0,0,0,0,0,0,0,0,0,0,0,0,0,0
2802052,2026-01-14,3,Vëllaznimi,Bashkimi,"A. Koshi,D. Wilson,S. Zekiqi,T. Todd,Y. Anei","I. Cousins,I. Nwamu,L. Zeqiri,M. Janjeva,V. Bunjaku",1633,1709,76,3.19,4.37,2.0,52,54,55,54,3,0,2,1,1,0,1,1,1,2,0,0,0,3,1,2,0,1,0,0,0,0,0,0,0,0,0,3,0,0,0,0,0,0,0,0,0,0,0,0,0,0,0,0,0,0,0,0,0,0,0,0,0,0
2802052,2026-01-14,3,Vëllaznimi,Bashkimi,"A. Koshi,D. Wilson,S. Zekiqi,T. Todd,Y. Anei","D. Lake,I. Cousins,I. Nwamu,M. Janjeva,V. Bunjaku",1709,1729,20,0.94,0.88,1.0,55,54,57,54,2,0,0,0,0,0,2,2,0,0,0,1,0,0,0,0,0,0,0,0,0,0,0,0,0,0,1,1,0,0,0,0,0,0,0,0,0,0,0,0,0,0,0,0,0,0,0,0,0,0,0,0,0,0
2802052,2026-01-14,3,Vëllaznimi,Bashkimi,"A. Gordon,A. Rushiti,D. Wilson,S. Zekiqi,T. Todd","D. Lake,I. Cousins,I. Nwamu,M. Janjeva,V. Bunjaku",1729,1793,64,1.96,2.0,1.93,57,54,59,54,2,0,1,1,0,0,0,0,0,1,1,0,0,1,0,2,0,1,0,0,0,1,0,0,1,0,1,0,0,0,0,0,0,0,0,0,0,0,0,0,0,0,0,0,0,0,0,0,0,0,0,0,0,0
2802052,2026-01-14,3,Vëllaznimi,Bashkimi,"A. Gordon,A. Rushiti,S. Zekiqi,T. Todd,Y. Anei","D. Lake,I. Cousins,I. Nwamu,M. Janjeva,V. Bunjaku",1793,1800,7,0.49,0.1,0.88,59,54,59,54,0,0,0,0,0,0,0,0,0,1,0,0,0,0,1,0,0,0,0,2,0,0,0,0,0,0,0,0,0,0,0,0,0,0,0,0,0,0,0,0,0,0,0,0,0,0,0,0,0,0,0,0,0,0
2802052,2026-01-14,4,Vëllaznimi,Bashkimi,"A. Gordon,A. Koshi,A. Rushiti,T. Todd,Y. Anei","D. Lake,I. Cousins,L. Zeqiri,M. Armstead,S. Shorter",1800,1892,92,2.46,3.0,1.93,59,54,59,56,0,2,2,0,1,0,0,0,0,1,0,0,0,1,0,3,1,2,0,0,0,1,2,0,1,0,0,1,0,0,0,0,0,0,0,0,0,0,0,0,0,0,0,0,0,0,0,0,0,0,0,0,0,0
2802052,2026-01-14,4,Vëllaznimi,Bashkimi,"A. Koshi,D. Wilson,S. Zekiqi,T. Todd,Y. Anei","D. Lake,I. Cousins,L. Zeqiri,M. Armstead,S. Shorter",1892,1976,84,2.5,2.0,3.0,59,56,59,59,0,3,1,0,1,0,0,0,0,1,0,0,0,1,0,2,1,2,1,0,0,0,1,0,0,0,1,1,0,0,0,0,0,0,0,0,0,0,0,0,0,0,0,0,0,0,0,0,0,0,0,0,0,0
2802052,2026-01-14,4,Vëllaznimi,Bashkimi,"A. Gordon,A. Koshi,D. Wilson,J. Hellems,S. Zekiqi","D. Lake,I. Cousins,L. Zeqiri,M. Armstead,S. Shorter",1976,2132,156,5.16,5.32,5.0,59,59,63,67,4,8,3,1,1,0,3,2,0,1,2,0,0,1,0,5,4,1,0,0,0,0,3,2,0,0,0,2,0,0,0,0,0,0,0,0,0,0,0,0,0,0,0,0,0,0,0,0,0,0,0,0,0,0
2802052,2026-01-14,4,Vëllaznimi,Bashkimi,"A. Gordon,A. Rushiti,D. Wilson,J. Hellems,S. Zekiqi","D. Lake,I. Cousins,L. Zeqiri,M. Armstead,S. Shorter",2132,2257,125,3.84,3.93,3.76,63,67,70,72,7,5,4,3,2,1,0,0,1,1,1,0,0,1,3,2,1,1,0,4,3,0,0,0,0,0,0,0,0,0,0,0,0,0,0,0,0,0,0,0,0,0,0,0,0,0,0,0,0,0,0,0,0,0
2802052,2026-01-14,4,Vëllaznimi,Bashkimi,"A. Rushiti,D. Wilson,J. Hellems,S. Zekiqi,Y. Anei","D. Lake,I. Cousins,L. Zeqiri,M. Armstead,S. Shorter",2257,2306,49,0.96,1.0,0.93,70,72,70,74,0,2,1,0,0,0,0,0,0,0,0,0,0,0,1,2,1,1,0,0,0,1,1,1,0,0,0,0,0,0,0,0,0,0,0,0,0,0,0,0,0,0,0,0,0,0,0,0,0,0,0,0,0,0
2802052,2026-01-14,4,Vëllaznimi,Bashkimi,"A. Rushiti,D. Wilson,S. Zekiqi,T. Todd,Y. Anei","D. Lake,I. Cousins,L. Zeqiri,M. Armstead,S. Shorter",2306,2343,37,1.22,1.0,1.44,70,74,70,74,0,0,1,0,0,0,0,0,0,1,0,0,0,0,0,0,0,0,0,1,0,0,1,0,0,1,1,0,0,0,0,0,0,0,0,0,0,0,0,0,0,0,0,0,0,0,0,0,0,0,0,0,0,0
2802052,2026-01-14,4,Vëllaznimi,Bashkimi,"A. Gordon,A. Koshi,D. Wilson,S. Zekiqi,T. Todd","D. Lake,I. Cousins,L. Zeqiri,M. Armstead,S. Shorter",2343,2375,32,1.46,1.93,1.0,70,74,72,77,2,3,3,1,1,0,0,0,1,0,0,0,0,0,0,1,1,1,1,0,0,0,1,0,0,0,0,0,0,0,0,0,0,0,0,0,0,0,0,0,0,0,0,0,0,0,0,0,0,0,0,0,0,0
2802052,2026-01-14,4,Vëllaznimi,Bashkimi,"A. Koshi,D. Wilson,S. Zekiqi,T. Todd,Y. Anei","D. Lake,I. Cousins,L. Zeqiri,M. Armstead,S. Shorter",2375,2398,23,1.44,1.0,1.88,72,77,72,81,0,4,0,0,0,0,0,0,0,0,0,0,0,1,1,1,1,0,0,2,2,0,0,0,0,0,0,0,0,0,0,0,0,0,0,0,0,0,0,0,0,0,0,0,0,0,0,0,0,0,0,0,0,0
2802053,2026-01-15,1,Trepça,GO+Peja,"B. Tuna,K. Hasbrouck,M. Amzil,M. Tmusic,S. Jones","A. Hajdari,A. Herndon,C. Edwards,M. Mala,O. Williams",0,70,70,3.0,2.0,4.0,0,0,0,3,0,3,1,0,0,0,0,0,0,0,0,1,0,1,0,1,1,1,1,0,0,0,1,1,0,0,3,1,0,0,0,0,0,0,0,0,0,0,0,0,0,0,0,0,0,0,0,0,0,0,0,0,0,0
2802053,2026-01-15,1,Trepça,GO+Peja,"B. Tuna,D. Kapiti,K. Hasbrouck,M. Tmusic,S. Jones","A. Hajdari,A. Herndon,C. Edwards,M. Mala,O. Williams",70,223,153,4.46,5.0,3.93,0,3,2,7,2,4,5,1,2,0,0,0,0,1,1,1,1,0,1,4,2,0,0,0,0,1,4,1,0,0,1,1,0,0,0,0,0,0,0,0,0,0,0,0,0,0,0,0,0,0,0,0,0,0,0,0,0,0
2802053,2026-01-15,1,Trepça,GO+Peja,"B. Tuna,D. Kapiti,K. Hasbrouck,M. Tmusic,S. Jones","A. Hajdari,A. Herndon,M. Mala,O. Williams,S. Llapi",223,265,42,1.0,1.0,1.0,2,7,2,7,0,0,1,0,1,0,0,0,0,1,0,0,0,0,0,1,0,0,0,0,0,0,1,0,0,0,0,0,0,0,0,0,0,0,0,0,0,0,0,0,0,0,0,0,0,0,0,0,0,0,0,0,0,0
2802053,2026-01-15,1,Trepça,GO+Peja,"A. Vining,D. Kapiti,K. Hasbrouck,M. Tmusic,S. Jones","A. Herndon,J. Johnson,M. Mala,O. Williams,S. Llapi",265,371,106,3.84,3.76,3.93,2,7,5,9,3,2,2,0,1,0,4,3,0,2,1,1,0,0,0,4,1,1,0,0,0,1,3,0,0,1,1,2,0,0,0,0,0,0,0,0,0,0,0,0,0,0,0,0,0,0,0,0,0,0,0,0,0,0
2802053,2026-01-15,1,Trepça,GO+Peja,"A. Vining,B. Tuna,D. Kapiti,M. Tmusic,S. Jones","A. Herndon,J. Johnson,M. Mala,O. Williams,S. Llapi",371,410,39,1.0,1.0,1.0,5,9,8,12,3,3,1,1,1,1,0,0,0,0,0,0,0,0,1,1,1,1,1,0,0,0,0,0,0,0,0,0,0,0,0,0,0,0,0,0,0,0,0,0,0,0,0,0,0,0,0,0,0,0,0,0,0,0
2802053,2026-01-15,1,Trepça,GO+Peja,"A. Vining,B. Tuna,D. Kapiti,M. Amzil,M. Tmusic","A. Herndon,F. Shoshaj,J. Johnson,M. Mala,S. Llapi",410,489,79,2.43,1.93,2.93,8,12,14,12,6,0,3,2,2,2,0,0,1,1,1,0,0,0,1,2,0,2,0,0,0,1,0,0,0,0,2,1,0,0,0,0,0,0,0,0,0,0,0,0,0,0,0,0,0,0,0,0,0,0,0,0,0,0
2802053,2026-01-15,1,Trepça,GO+Peja,"A. Vining,B. Tuna,D. Kapiti,K. Hasbrouck,M. Amzil","C. Edwards,F. Shoshaj,J. Johnson,M. Mala,O. Williams",489,600,111,3.3,3.79,2.81,14,14,17,18,3,4,4,1,3,1,0,0,2,0,1,0,0,3,2,2,1,0,0,2,2,1,0,1,0,0,1,0,0,0,0,0,0,0,0,0,0,0,0,0,0,0,0,0,0,0,0,0,0,0,0,0,0,0
2802053,2026-01-15,2,Trepça,GO+Peja,"A. Vining,D. Kapiti,K. Hasbrouck,M. Amzil,M. Tmusic","A. Hajdari,A. Herndon,J. Johnson,M. Mala,O. Williams",600,658,58,1.46,1.93,1.0,17,18,19,18,2,0,2,1,0,0,0,0,1,1,1,0,1,1,2,1,0,0,0,0,0,0,0,0,1,0,0,1,0,0,0,0,0,0,0,0,0,0,0,0,0,0,0,0,0,0,0,0,0,0,0,0,0,0
2802053,2026-01-15,2,Trepça,GO+Peja,"B. Tuna,K. Hasbrouck,M. Amzil,M. Tmusic,S. Jones","A. Hajdari,A. Herndon,J. Johnson,M. Mala,O. Williams",658,754,96,3.88,3.88,3.88,19,18,27,23,8,5,3,3,1,1,2,1,0,0,3,2,0,0,0,1,1,1,1,2,2,0,1,2,0,0,2,1,0,0,0,0,0,0,0,0,0,0,0,0,0,0,0,0,0,0,0,0,0,0,0,0,0,0
2802053,2026-01-15,2,Trepça,GO+Peja,"B. Tuna,K. Hasbrouck,M. Amzil,M. Tmusic,S. Jones","A. Hajdari,A. Herndon,C. Edwards,F. Shoshaj,O. Williams",754,939,185,5.37,4.93,5.81,27,23,34,29,7,6,6,3,3,1,0,0,1,3,1,0,0,0,1,6,2,2,1,2,1,1,2,1,0,0,0,0,0,0,0,0,0,0,0,0,0,0,0,0,0,0,0,0,0,0,0,0,0,0,0,0,0,0
2802053,2026-01-15,2,Trepça,GO+Peja,"B. Tuna,K. Hasbrouck,M. Amzil,M. Tmusic,S. Jones","A. Hajdari,A. Herndon,C. Edwards,M. Mala,O. Williams",939,1112,173,4.93,4.86,5.0,34,29,45,35,11,6,6,4,4,3,0,0,2,2,3,0,1,1,0,5,3,0,0,0,0,0,0,1,1,0,0,0,0,0,0,0,0,0,0,0,0,0,0,0,0,0,0,0,0,0,0,0,0,0,0,0,0,0
2802053,2026-01-15,2,Trepça,GO+Peja,"A. Vining,K. Hasbrouck,M. Amzil,M. Tmusic,S. Jones","C. Edwards,F. Shoshaj,J. Johnson,O. Williams,S. Llapi",1112,1200,88,2.54,2.93,2.15,45,35,51,35,6,0,4,3,0,0,0,0,1,1,1,1,0,0,1,4,0,2,0,0,0,2,0,0,0,1,1,0,0,0,0,0,0,0,0,0,0,0,0,0,0,0,0,0,0,0,0,0,0,0,0,0,0,0
2802053,2026-01-15,3,Trepça,GO+Peja,"B. Tuna,K. Hasbrouck,M. Amzil,M. Tmusic,S. Jones","A. Hajdari,A. Herndon,C. Edwards,M. Mala,O. Williams",1200,1326,126,4.46,4.0,4.93,51,35,56,35,5,0,3,2,1,1,0,0,0,3,1,1,2,1,1,4,0,1,0,0,0,1,1,0,1,0,2,1,0,0,0,0,0,0,0,0,0,0,0,0,0,0,0,0,0,0,0,0,0,0,0,0,0,0
2802053,2026-01-15,3,Trepça,GO+Peja,"B. Tuna,K. Hasbrouck,M. Amzil,M. Tmusic,S. Jones","A. Herndon,C. Edwards,F. Shoshaj,M. Mala,O. Williams",1326,1345,19,1.5,2.0,1.0,56,35,56,35,0,0,1,0,0,0,0,0,0,0,0,1,0,1,0,0,0,0,0,0,0,0,1,0,0,1,1,0,0,0,0,0,0,0,0,0,0,0,0,0,0,0,0,0,0,0,0,0,0,0,0,0,0,0
2802053,2026-01-15,3,Trepça,GO+Peja,"A. Vining,B. Tuna,M. Amzil,M. Tmusic,S. Jones","A. Herndon,C. Edwards,F. Shoshaj,M. Mala,O. Williams",1345,1383,38,0.96,1.0,0.93,56,35,56,35,0,0,0,0,0,0,0,0,0,0,0,1,0,1,1,1,0,1,0,0,0,1,0,0,1,0,1,0,0,0,0,0,0,0,0,0,0,0,0,0,0,0,0,0,0,0,0,0,0,0,0,0,0,0
2802053,2026-01-15,3,Trepça,GO+Peja,"A. Vining,B. Tuna,D. Kapiti,K. Hasbrouck,M. Amzil","C. Edwards,F. Shoshaj,J. Johnson,M. Mala,S. Llapi",1383,1471,88,2.64,3.27,2.0,56,37,60,37,4,0,4,1,3,1,2,1,2,2,0,0,0,0,0,2,0,1,0,0,0,0,2,0,0,1,0,1,0,0,0,0,0,0,0,0,0,0,0,0,0,0,0,0,0,0,0,0,0,0,0,0,0,0
2802053,2026-01-15,3,Trepça,GO+Peja,"A. Vining,B. Tuna,D. Kapiti,K. Hasbrouck,M. Amzil","C. Edwards,F. Shoshaj,J. Johnson,O. Williams,S. Llapi",1471,1497,26,0.55,0.1,1.0,60,37,60,37,0,0,0,0,0,0,0,0,0,0,0,0,0,0,0,0,0,0,0,0,0,0,0,0,0,0,1,0,0,0,0,0,0,0,0,0,0,0,0,0,0,0,0,0,0,0,0,0,0,0,0,0,0,0
2802053,2026-01-15,3,Trepça,GO+Peja,"A. Vining,B. Tuna,D. Kapiti,K. Hasbrouck,M. Amzil","A. Herndon,F. Shoshaj,J. Johnson,O. Williams,S. Llapi",1497,1581,84,2.46,3.0,1.93,60,37,67,39,7,2,3,3,1,1,0,0,0,1,2,0,0,0,0,3,1,1,0,0,0,1,0,0,0,0,0,0,0,0,0,0,0,0,0,0,0,0,0,0,0,0,0,0,0,0,0,0,0,0,0,0,0,0
2802053,2026-01-15,3,Trepça,GO+Peja,"A. Vining,B. Tuna,D. Kapiti,K. Hasbrouck,M. Amzil","C. Edwards,F. Shoshaj,J. Johnson,O. Williams,S. Llapi",1581,1623,42,1.0,1.0,1.0,67,39,69,39,2,0,1,1,0,0,0,0,0,1,0,0,0,0,1,1,0,1,0,0,0,0,0,0,0,0,0,0,0,0,0,0,0,0,0,0,0,0,0,0,0,0,0,0,0,0,0,0,0,0,0,0,0,0
2802053,2026-01-15,3,Trepça,GO+Peja,"A. Vining,B. Tuna,D. Kapiti,M. Amzil,M. Tmusic","C. Edwards,F. Shoshaj,J. Johnson,O. Williams,S. Llapi",1623,1695,72,3.44,4.0,2.88,69,39,71,43,2,4,2,1,1,0,0,0,0,1,1,0,0,2,2,2,1,0,0,2,2,0,1,0,0,0,0,1,0,0,0,0,0,0,0,0,0,0,0,0,0,0,0,0,0,0,0,0,0,0,0,0,0,0
2802053,2026-01-15,3,Trepça,GO+Peja,"A. Vining,B. Tuna,B. Zekiqi,D. Kapiti,M. Amzil","A. Herndon,F. Shoshaj,J. Johnson,O. Williams,S. Llapi",1695,1716,21,0.55,1.0,0.1,71,45,71,45,0,0,1,0,0,0,0,0,0,0,0,0,0,0,1,0,0,0,0,0,0,0,1,0,0,0,0,0,0,0,0,0,0,0,0,0,0,0,0,0,0,0,0,0,0,0,0,0,0,0,0,0,0,0
2802053,2026-01-15,3,Trepça,GO+Peja,"A. Vining,B. Zekiqi,D. Kapiti,K. Hasbrouck,M. Amzil","A. Herndon,F. Shoshaj,J. Johnson,O. Williams,S. Llapi",1716,1800,84,2.9,2.93,2.88,71,45,76,46,5,1,4,2,2,1,0,0,1,2,1,0,0,0,0,2,0,2,0,2,1,0,1,0,0,0,0,0,0,0,0,0,0,0,0,0,0,0,0,0,0,0,0,0,0,0,0,0,0,0,0,0,0,0
2802053,2026-01-15,4,Trepça,GO+Peja,"A. Vining,B. Zekiqi,D. Kapiti,M. Amzil,M. Tmusic","A. Herndon,F. Shoshaj,J. Johnson,M. Mala,O. Williams",1800,1874,74,1.96,1.93,2.0,76,46,76,46,0,0,3,0,2,0,0,0,1,2,0,0,0,0,1,2,0,2,0,0,0,0,2,0,0,0,0,1,0,0,0,0,0,0,0,0,0,0,0,0,0,0,0,0,0,0,0,0,0,0,0,0,0,0
2802053,2026-01-15,4,Trepça,GO+Peja,"A. Vining,B. Zekiqi,D. Kapiti,M. Tmusic,S. Jones","A. Herndon,C. Edwards,F. Shoshaj,M. Mala,O. Williams",1874,2072,198,6.0,6.0,6.0,77,46,77,55,0,9,6,0,3,0,0,0,0,2,0,0,0,0,2,6,4,3,1,0,0,0,6,3,0,1,0,0,0,0,0,0,0,0,0,0,0,0,0,0,0,0,0,0,0,0,0,0,0,0,0,0,0,0
2802053,2026-01-15,4,Trepça,GO+Peja,"A. Vining,B. Tuna,D. Kapiti,M. Tmusic,S. Jones","A. Herndon,C. Edwards,F. Shoshaj,M. Mala,O. Williams",2072,2080,8,0.55,0.1,1.0,77,55,77,55,0,0,0,0,0,0,0,0,0,1,0,0,0,0,0,1,0,1,0,0,0,0,0,0,0,0,0,1,0,0,0,0,0,0,0,0,0,0,0,0,0,0,0,0,0,0,0,0,0,0,0,0,0,0
2802053,2026-01-15,4,Trepça,GO+Peja,"A. Vining,B. Tuna,M. Amzil,M. Tmusic,S. Jones","A. Herndon,C. Edwards,F. Shoshaj,M. Mala,O. Williams",2080,2215,135,6.04,7.15,4.93,77,55,87,59,10,4,6,3,3,2,4,2,2,2,2,1,1,1,0,5,2,1,0,0,0,1,2,2,1,0,1,2,0,0,0,0,0,0,0,0,0,0,0,0,0,0,0,0,0,0,0,0,0,0,0,0,0,0
2802053,2026-01-15,4,Trepça,GO+Peja,"A. Gashi,B. Tuna,M. Tmusic,S. Jones,V. Haliti","A. Herndon,C. Edwards,F. Shoshaj,O. Williams,S. Nila",2215,2259,44,1.0,1.0,1.0,87,59,89,59,2,0,1,1,0,0,0,0,0,0,1,1,0,0,1,0,0,0,0,0,0,0,0,0,0,0,1,0,0,0,0,0,0,0,0,0,0,0,0,0,0,0,0,0,0,0,0,0,0,0,0,0,0,0
2802053,2026-01-15,4,Trepça,GO+Peja,"A. Gashi,B. Tuna,D. Kapiti,M. Tmusic,V. Haliti","A. Herndon,C. Edwards,F. Shoshaj,O. Williams,S. Nila",2259,2270,11,0.55,0.1,1.0,89,59,89,59,0,0,0,0,0,0,0,0,0,1,0,0,0,0,0,1,0,1,0,0,0,0,0,0,0,0,0,0,0,0,0,0,0,0,0,0,0,0,0,0,0,0,0,0,0,0,0,0,0,0,0,0,0,0
2802053,2026-01-15,4,Trepça,GO+Peja,"A. Gashi,B. Tuna,D. Kapiti,M. Tmusic,V. Haliti","C. Edwards,F. Shoshaj,O. Williams,S. Llapi,S. Nila",2270,2298,28,0.55,1.0,0.1,89,59,89,59,0,0,1,0,0,0,0,0,0,0,0,0,0,0,1,0,0,0,0,0,0,0,1,0,0,0,0,0,0,0,0,0,0,0,0,0,0,0,0,0,0,0,0,0,0,0,0,0,0,0,0,0,0,0
2802053,2026-01-15,4,Trepça,GO+Peja,"A. Gashi,B. Tuna,D. Kapiti,E. Asllani,V. Haliti","C. Edwards,F. Shoshaj,O. Sallabegolli,S. Llapi,S. Nila",2298,2399,101,4.24,3.6,4.88,89,59,98,61,9,2,7,3,1,1,2,2,4,3,3,1,0,0,0,3,0,2,0,2,2,0,0,0,0,0,1,1,0,0,0,0,0,0,0,0,0,0,0,0,0,0,0,0,0,0,0,0,0,0,0,0,0,0
2802054,2026-01-15,1,Golden Eagle Ylli,Sigal Prishtina,"A. Scott,B. Huffman,G. Morina,S. Bamforth,T. Allen","A. Morina,D. Burns,D. Haxhosaj,K. Dukes,K. Kramer",0,321,321,11.18,10.62,11.74,0,0,14,8,14,8,8,4,4,3,4,3,2,6,3,1,0,3,1,11,3,5,0,2,2,2,2,1,3,0,2,5,0,0,0,0,0,0,0,0,0,0,0,0,0,0,0,0,0,0,0,0,0,0,0,0,0,0
2802054,2026-01-15,1,Golden Eagle Ylli,Sigal Prishtina,"A. Scott,B. Huffman,G. Morina,S. Bamforth,T. Allen","A. Bailey,A. Morina,D. Burns,K. Dukes,V. Kakruki",321,385,64,1.94,1.88,2.0,14,8,15,8,1,0,0,0,0,0,2,1,0,2,0,0,0,1,1,2,0,1,0,0,0,0,1,0,0,0,0,1,0,0,0,0,0,0,0,0,0,0,0,0,0,0,0,0,0,0,0,0,0,0,0,0,0,0
2802054,2026-01-15,1,Golden Eagle Ylli,Sigal Prishtina,"A. Scott,B. Huffman,G. Morina,S. Bamforth,T. Allen","A. Bailey,D. Burns,D. Polloshka,K. Dukes,V. Kakruki",385,408,23,0.94,0.88,1.0,15,8,16,8,1,0,0,0,0,0,2,1,0,1,1,0,0,0,1,1,0,0,0,0,0,0,0,0,0,0,0,1,0,0,0,0,0,0,0,0,0,0,0,0,0,0,0,0,0,0,0,0,0,0,0,0,0,0
2802054,2026-01-15,1,Golden Eagle Ylli,Sigal Prishtina,"A. Scott,G. Morina,L. Shoshi,S. Bamforth,T. Allen","A. Bailey,D. Burns,D. Polloshka,K. Dukes,V. Kakruki",408,495,87,1.75,1.69,1.81,16,8,19,12,3,4,1,0,0,0,4,3,1,0,0,0,0,0,1,2,1,1,0,2,2,1,0,0,0,0,0,2,0,0,0,0,0,0,0,0,0,0,0,0,0,0,0,0,0,0,0,0,0,0,0,0,0,0
2802054,2026-01-15,1,Golden Eagle Ylli,Sigal Prishtina,"E. Kastrati,G. Morina,L. Basic,L. Shoshi,S. Bamforth","A. Bailey,D. Polloshka,E. Clarance,K. Dukes,V. Kakruki",495,600,105,2.83,2.88,2.79,21,12,26,14,5,2,2,1,1,1,2,2,0,2,1,0,0,0,0,6,1,1,0,0,0,3,1,0,0,0,0,1,0,0,0,0,0,0,0,0,0,0,0,0,0,0,0,0,0,0,0,0,0,0,0,0,0,0
2802054,2026-01-15,2,Golden Eagle Ylli,Sigal Prishtina,"E. Kastrati,G. Morina,L. Basic,L. Shoshi,S. Bamforth","A. Bailey,D. Burns,D. Polloshka,E. Clarance,V. Kakruki",600,719,119,4.0,4.0,4.0,26,14,30,18,4,4,4,2,2,0,0,0,0,1,2,1,0,0,3,3,2,1,0,0,0,0,2,1,0,0,1,0,0,0,0,0,0,0,0,0,0,0,0,0,0,0,0,0,0,0,0,0,0,0,0,0,0,0
2802054,2026-01-15,2,Golden Eagle Ylli,Sigal Prishtina,"D. Hall,E. Kastrati,L. Basic,L. Shoshi,T. Allen","A. Bailey,D. Burns,D. Polloshka,E. Clarance,V. Kakruki",719,961,242,8.23,8.0,8.45,30,18,36,32,6,14,6,3,1,0,0,0,0,1,2,0,0,2,1,8,6,1,1,2,1,2,3,2,1,0,1,1,0,0,0,0,0,0,0,0,0,0,0,0,0,0,0,0,0,0,0,0,0,0,0,0,0,0
2802054,2026-01-15,2,Golden Eagle Ylli,Sigal Prishtina,"D. Hall,E. Kastrati,L. Basic,L. Shoshi,T. Allen","A. Bailey,D. Burns,D. Haxhosaj,D. Polloshka,E. Clarance",961,977,16,1.01,1.93,0.1,36,32,36,32,0,0,1,0,0,0,0,0,1,0,0,0,0,2,1,0,0,0,0,0,0,0,0,0,0,0,0,0,0,0,0,0,0,0,0,0,0,0,0,0,0,0,0,0,0,0,0,0,0,0,0,0,0,0
2802054,2026-01-15,2,Golden Eagle Ylli,Sigal Prishtina,"A. Scott,D. Hall,E. Kastrati,L. Shoshi,T. Allen","A. Bailey,D. Burns,D. Haxhosaj,D. Polloshka,E. Clarance",977,1043,66,1.5,1.0,2.0,36,32,38,37,2,5,1,1,0,0,0,0,0,0,1,0,0,0,0,2,2,1,1,0,0,0,0,1,0,0,0,1,0,0,0,0,0,0,0,0,0,0,0,0,0,0,0,0,0,0,0,0,0,0,0,0,0,0
2802054,2026-01-15,2,Golden Eagle Ylli,Sigal Prishtina,"A. Scott,D. Hall,G. Morina,L. Shoshi,T. Allen","A. Bailey,D. Burns,D. Haxhosaj,E. Clarance,J. Ismajli",1043,1081,38,0.94,0.88,1.0,38,37,39,39,1,2,0,0,0,0,2,1,0,0,1,0,0,0,0,1,1,0,0,0,0,0,0,0,0,0,0,2,0,0,0,0,0,0,0,0,0,0,0,0,0,0,0,0,0,0,0,0,0,0,0,0,0,0
2802054,2026-01-15,2,Golden Eagle Ylli,Sigal Prishtina,"A. Scott,D. Hall,G. Morina,L. Shoshi,S. Bamforth","A. Bailey,D. Burns,D. Haxhosaj,E. Clarance,J. Ismajli",1081,1134,53,1.96,2.0,1.93,39,39,39,41,0,2,2,0,2,0,0,0,0,0,0,0,0,0,0,2,1,1,0,0,0,1,2,0,0,0,1,0,0,0,0,0,0,0,0,0,0,0,0,0,0,0,0,0,0,0,0,0,0,0,0,0,0,0
2802054,2026-01-15,2,Golden Eagle Ylli,Sigal Prishtina,"A. Scott,B. Huffman,D. Hall,G. Morina,S. Bamforth","A. Bailey,D. Burns,D. Haxhosaj,E. Clarance,J. Ismajli",1134,1143,9,0.1,0.1,0.1,39,41,39,41,0,0,0,0,0,0,0,0,0,0,0,0,0,0,0,0,0,0,0,0,0,0,0,0,0,0,0,1,0,0,0,0,0,0,0,0,0,0,0,0,0,0,0,0,0,0,0,0,0,0,0,0,0,0
2802054,2026-01-15,2,Golden Eagle Ylli,Sigal Prishtina,"A. Scott,B. Huffman,D. Hall,G. Morina,S. Bamforth","A. Bailey,A. Sinani,D. Burns,D. Haxhosaj,E. Clarance",1143,1200,57,2.62,3.25,2.0,39,41,43,44,4,3,2,1,0,0,3,2,1,0,0,1,0,1,0,1,1,1,1,0,0,0,0,1,0,0,1,1,0,0,0,0,0,0,0,0,0,0,0,0,0,0,0,0,0,0,0,0,0,0,0,0,0,0
2802054,2026-01-15,3,Golden Eagle Ylli,Sigal Prishtina,"A. Scott,B. Huffman,G. Morina,S. Bamforth,T. Allen","A. Bailey,A. Morina,D. Burns,D. Haxhosaj,K. Dukes",1200,1715,515,16.97,17.21,16.74,43,44,63,66,20,22,14,7,4,2,7,4,2,6,4,0,1,2,2,16,8,9,5,2,1,2,6,7,1,1,2,6,0,0,0,0,0,0,0,0,0,0,0,0,0,0,0,0,0,0,0,0,0,0,0,0,0,0
2802054,2026-01-15,3,Golden Eagle Ylli,Sigal Prishtina,"A. Scott,B. Huffman,E. Kastrati,S. Bamforth,T. Allen","A. Bailey,D. Haxhosaj,D. Polloshka,E. Clarance,K. Dukes",1715,1800,85,2.5,3.0,2.0,63,66,66,66,3,0,2,1,2,1,0,0,0,2,0,0,0,1,0,2,0,1,0,0,0,0,1,0,1,0,0,0,0,0,0,0,0,0,0,0,0,0,0,0,0,0,0,0,0,0,0,0,0,0,0,0,0,0
2802054,2026-01-15,4,Golden Eagle Ylli,Sigal Prishtina,"A. Scott,E. Kastrati,L. Shoshi,S. Bamforth,T. Allen","A. Bailey,D. Haxhosaj,D. Polloshka,E. Clarance,K. Dukes",1800,1875,75,2.0,2.0,2.0,66,66,71,66,5,0,2,2,1,1,0,0,0,1,1,0,1,0,0,1,0,0,0,0,0,0,0,0,0,0,1,0,0,0,0,0,0,0,0,0,0,0,0,0,0,0,0,0,0,0,0,0,0,0,0,0,0,0
2802054,2026-01-15,4,Golden Eagle Ylli,Sigal Prishtina,"A. Scott,E. Kastrati,L. Shoshi,S. Bamforth,T. Allen","A. Bailey,D. Polloshka,E. Clarance,K. Dukes,V. Kakruki",1875,2011,136,4.72,4.0,5.44,71,66,74,67,3,1,2,1,2,1,0,0,0,2,0,0,0,2,0,2,0,0,0,1,1,0,1,0,0,0,3,2,0,0,0,0,0,0,0,0,0,0,0,0,0,0,0,0,0,0,0,0,0,0,0,0,0,0
2802054,2026-01-15,4,Golden Eagle Ylli,Sigal Prishtina,"A. Scott,E. Kastrati,L. Shoshi,S. Bamforth,T. Allen","A. Bailey,D. Burns,D. Polloshka,E. Clarance,V. Kakruki",2011,2174,163,4.12,4.44,3.81,74,67,81,74,7,7,4,3,0,0,1,1,0,0,2,0,0,0,3,3,2,2,2,2,1,1,1,0,0,0,1,2,0,0,0,0,0,0,0,0,0,0,0,0,0,0,0,0,0,0,0,0,0,0,0,0,0,0
2802054,2026-01-15,4,Golden Eagle Ylli,Sigal Prishtina,"A. Scott,E. Kastrati,L. Shoshi,S. Bamforth,T. Allen","A. Bailey,D. Burns,D. Haxhosaj,E. Clarance,J. Ismajli",2174,2388,214,8.09,7.81,8.37,81,74,94,82,13,8,7,5,2,1,2,2,1,3,3,0,0,1,2,7,3,2,1,1,1,1,1,0,0,0,2,1,0,0,0,0,0,0,0,0,0,0,0,0,0,0,0,0,0,0,0,0,0,0,0,0,0,0
2802051,2026-01-14,1,Bora,Rahoveci 029,"A. Hot,A. Hunter,L. Thomas,R. Memedi,S. Jules","A. Thomas,F. Rugova,I. Umipig,J. Johnson,V. Ejupi",0,65,65,0.96,1.0,0.93,0,0,0,0,0,0,1,0,0,0,0,0,0,1,0,0,0,0,2,2,0,1,0,0,0,1,1,0,0,0,0,0,0,0,0,0,0,0,0,0,0,0,0,0,0,0,0,0,0,0,0,0,0,0,0,0,0,0
2802051,2026-01-14,1,Bora,Rahoveci 029,"A. Hot,A. Hunter,L. Thomas,R. Memedi,R. Ukaj","A. Thomas,F. Rugova,I. Umipig,J. Johnson,V. Ejupi",65,154,89,3.4,2.93,3.88,0,0,0,7,0,7,3,0,2,0,0,0,1,1,0,0,0,1,2,3,2,1,1,2,2,0,2,2,1,1,0,0,0,0,0,0,0,0,0,0,0,0,0,0,0,0,0,0,0,0,0,0,0,0,0,0,0,0
2802051,2026-01-14,1,Bora,Rahoveci 029,"A. Hot,A. Hunter,L. Thomas,R. Ukaj,T. Cheese","A. Thomas,F. Rugova,I. Umipig,J. Johnson,V. Ejupi",154,304,150,4.61,4.91,4.32,0,7,7,12,7,5,4,3,2,1,1,0,1,1,3,1,0,1,1,2,1,1,1,3,2,0,1,0,0,0,1,4,0,0,0,0,0,0,0,0,0,0,0,0,0,0,0,0,0,0,0,0,0,0,0,0,0,0
2802051,2026-01-14,1,Bora,Rahoveci 029,"A. Hot,A. Hunter,L. Thomas,R. Ukaj,T. Cheese","A. Thomas,B. Rexha,F. Rugova,I. Umipig,J. Johnson",304,382,78,3.4,3.81,3.0,7,12,11,12,4,0,3,1,0,0,2,2,1,3,0,0,1,1,0,3,0,2,0,0,0,0,1,0,0,0,0,0,0,0,0,0,0,0,0,0,0,0,0,0,0,0,0,0,0,0,0,0,0,0,0,0,0,0
2802051,2026-01-14,1,Bora,Rahoveci 029,"A. Hot,L. Thomas,R. Memedi,R. Ukaj,T. Cheese","B. Rexha,F. Rugova,I. Umipig,J. Johnson,J. Roche",382,410,28,1.0,1.0,1.0,11,12,14,12,3,0,1,1,1,1,0,0,0,1,1,0,1,0,0,1,0,0,0,0,0,0,0,0,0,0,0,0,0,0,0,0,0,0,0,0,0,0,0,0,0,0,0,0,0,0,0,0,0,0,0,0,0,0
2802051,2026-01-14,1,Bora,Rahoveci 029,"A. Hot,L. Thomas,R. Memedi,R. Ukaj,T. Cheese","B. Rexha,F. Rugova,I. Umipig,J. Roche,K. Pullian",410,501,91,3.0,3.0,3.0,14,12,16,16,2,4,3,1,2,0,0,0,0,1,0,0,0,0,0,3,2,1,0,0,0,0,2,1,0,0,0,1,0,0,0,0,0,0,0,0,0,0,0,0,0,0,0,0,0,0,0,0,0,0,0,0,0,0
2802051,2026-01-14,1,Bora,Rahoveci 029,"A. Hunter,R. Memedi,R. Ukaj,S. Jules,T. Cheese","B. Rexha,F. Rugova,I. Umipig,J. Roche,K. Pullian",501,704,203,6.04,6.15,5.93,17,16,28,21,11,5,9,5,3,1,0,0,2,2,3,2,0,0,0,5,2,3,1,0,0,1,1,2,0,1,2,0,0,0,0,0,0,0,0,0,0,0,0,0,0,0,0,0,0,0,0,0,0,0,0,0,0,0
2802051,2026-01-14,2,Bora,Rahoveci 029,"A. Hunter,R. Memedi,R. Ukaj,S. Jules,T. Cheese","B. Rexha,F. Rugova,I. Umipig,J. Johnson,K. Pullian",704,770,66,2.0,2.0,2.0,28,21,30,21,2,0,1,1,0,0,0,0,0,2,1,0,1,1,1,2,0,0,0,0,0,0,0,0,1,0,0,0,0,0,0,0,0,0,0,0,0,0,0,0,0,0,0,0,0,0,0,0,0,0,0,0,0,0
2802051,2026-01-14,2,Bora,Rahoveci 029,"A. Hot,A. Hunter,L. Thomas,R. Memedi,S. Jules","F. Rugova,I. Umipig,J. Johnson,K. Pullian,V. Ejupi",770,852,82,2.5,3.0,2.0,30,22,35,22,5,0,2,2,1,1,0,0,0,2,0,0,0,1,2,2,0,1,0,0,0,0,0,0,1,0,0,0,0,0,0,0,0,0,0,0,0,0,0,0,0,0,0,0,0,0,0,0,0,0,0,0,0,0
2802051,2026-01-14,2,Bora,Rahoveci 029,"A. Hot,A. Hunter,R. Memedi,R. Ukaj,S. Jules","F. Rugova,I. Umipig,J. Johnson,K. Pullian,V. Ejupi",852,882,30,1.44,1.0,1.88,35,22,35,27,0,5,1,0,1,0,0,0,0,0,0,0,0,0,0,1,1,1,1,2,2,0,1,1,0,0,0,0,0,0,0,0,0,0,0,0,0,0,0,0,0,0,0,0,0,0,0,0,0,0,0,0,0,0
2802051,2026-01-14,2,Bora,Rahoveci 029,"A. Hot,A. Hunter,R. Memedi,S. Jules,T. Cheese","F. Rugova,I. Umipig,J. Johnson,K. Pullian,V. Ejupi",882,952,70,1.5,2.0,1.0,35,27,41,30,6,3,2,2,2,2,0,0,0,0,2,0,0,0,0,1,1,1,1,0,0,0,0,0,0,0,0,0,0,0,0,0,0,0,0,0,0,0,0,0,0,0,0,0,0,0,0,0,0,0,0,0,0,0
2802051,2026-01-14,2,Bora,Rahoveci 029,"A. Hot,A. Hunter,R. Ukaj,S. Jules,T. Cheese","A. Thomas,F. Rugova,J. Johnson,K. Pullian,V. Ejupi",952,1011,59,1.46,1.0,1.93,41,30,41,33,0,3,1,0,1,0,0,0,0,1,0,0,0,0,1,3,1,3,1,0,0,1,1,1,0,0,0,0,0,0,0,0,0,0,0,0,0,0,0,0,0,0,0,0,0,0,0,0,0,0,0,0,0,0
2802051,2026-01-14,2,Bora,Rahoveci 029,"A. Hot,A. Hunter,L. Thomas,R. Ukaj,T. Cheese","A. Thomas,F. Rugova,J. Johnson,K. Pullian,V. Ejupi",1011,1128,117,3.94,3.88,4.0,41,33,43,35,2,2,3,0,2,0,2,2,0,1,0,1,0,0,0,2,1,0,0,0,0,0,3,1,0,1,2,2,0,0,0,0,0,0,0,0,0,0,0,0,0,0,0,0,0,0,0,0,0,0,0,0,0,0
2802051,2026-01-14,2,Bora,Rahoveci 029,"A. Hot,A. Hunter,L. Thomas,R. Memedi,T. Cheese","A. Thomas,B. Rexha,J. Johnson,K. Pullian,V. Ejupi",1128,1200,72,3.66,4.32,3.0,43,35,49,37,6,2,1,1,1,1,3,3,0,2,1,0,1,2,0,3,1,1,0,0,0,0,0,1,1,0,0,1,0,0,0,0,0,0,0,0,0,0,0,0,0,0,0,0,0,0,0,0,0,0,0,0,0,0
2802051,2026-01-14,3,Bora,Rahoveci 029,"A. Hot,A. Hunter,L. Thomas,R. Memedi,S. Jules","F. Rugova,H. Durguti,I. Umipig,J. Johnson,J. Roche",1200,1262,62,1.44,1.0,1.88,49,37,49,41,0,4,0,0,0,0,0,0,0,0,0,0,0,1,1,1,1,0,0,2,2,0,0,0,0,0,0,0,0,0,0,0,0,0,0,0,0,0,0,0,0,0,0,0,0,0,0,0,0,0,0,0,0,0
2802051,2026-01-14,3,Bora,Rahoveci 029,"A. Hot,A. Hunter,L. Thomas,R. Ukaj,S. Jules","F. Rugova,H. Durguti,I. Umipig,J. Johnson,J. Roche",1262,1360,98,3.0,3.0,3.0,49,41,51,47,2,6,2,1,0,0,0,0,0,0,0,1,0,1,0,2,2,2,2,0,0,0,1,1,0,0,1,1,0,0,0,0,0,0,0,0,0,0,0,0,0,0,0,0,0,0,0,0,0,0,0,0,0,0
2802051,2026-01-14,3,Bora,Rahoveci 029,"A. Hot,A. Hunter,L. Thomas,R. Ukaj,T. Cheese","F. Rugova,H. Durguti,I. Umipig,J. Johnson,J. Roche",1360,1485,125,3.5,4.0,3.0,51,47,53,52,2,5,3,1,0,0,0,0,0,1,0,0,0,1,0,3,2,1,1,0,0,0,2,1,0,0,0,0,0,0,0,0,0,0,0,0,0,0,0,0,0,0,0,0,0,0,0,0,0,0,0,0,0,0
2802051,2026-01-14,3,Bora,Rahoveci 029,"A. Hot,A. Hunter,R. Ukaj,S. Jules,T. Cheese","F. Rugova,H. Durguti,I. Umipig,J. Johnson,J. Roche",1485,1530,45,0.55,0.1,1.0,53,52,53,54,0,2,0,0,0,0,0,0,0,0,0,0,0,0,0,1,1,0,0,0,0,0,0,0,0,0,0,1,0,0,0,0,0,0,0,0,0,0,0,0,0,0,0,0,0,0,0,0,0,0,0,0,0,0
2802051,2026-01-14,3,Bora,Rahoveci 029,"A. Hot,A. Hunter,R. Ukaj,S. Jules,T. Cheese","H. Durguti,I. Umipig,J. Johnson,J. Roche,V. Ejupi",1530,1560,30,0.94,0.88,1.0,53,54,53,57,0,3,0,0,0,0,2,0,0,0,0,0,0,0,1,1,1,1,1,0,0,0,1,1,0,0,0,1,0,0,0,0,0,0,0,0,0,0,0,0,0,0,0,0,0,0,0,0,0,0,0,0,0,0
2802051,2026-01-14,3,Bora,Rahoveci 029,"A. Hot,A. Hunter,R. Memedi,S. Jules,T. Cheese","H. Durguti,I. Umipig,J. Johnson,J. Roche,V. Ejupi",1560,1687,127,3.46,3.93,3.0,53,57,63,61,10,4,5,4,3,2,0,0,1,1,0,0,0,0,1,3,2,0,0,0,0,0,0,0,0,0,0,0,0,0,0,0,0,0,0,0,0,0,0,0,0,0,0,0,0,0,0,0,0,0,0,0,0,0
2802051,2026-01-14,3,Bora,Rahoveci 029,"A. Hot,A. Hunter,L. Thomas,R. Memedi,T. Cheese","H. Durguti,I. Umipig,J. Johnson,J. Roche,V. Ejupi",1687,1739,52,0.93,1.0,0.86,63,61,63,61,0,0,1,0,1,0,0,0,0,0,0,0,1,0,1,2,0,0,0,0,0,1,1,0,0,0,1,1,0,0,0,0,0,0,0,0,0,0,0,0,0,0,0,0,0,0,0,0,0,0,0,0,0,0
2802051,2026-01-14,3,Bora,Rahoveci 029,"A. Hunter,L. Thomas,R. Memedi,R. Ukaj,T. Cheese","H. Durguti,I. Umipig,J. Johnson,J. Roche,V. Ejupi",1739,1800,61,2.94,3.0,2.88,63,61,65,62,2,1,3,1,2,0,0,0,0,2,0,0,0,0,0,2,0,1,0,2,1,0,2,1,0,0,0,0,0,0,0,0,0,0,0,0,0,0,0,0,0,0,0,0,0,0,0,0,0,0,0,0,0,0
2802051,2026-01-14,4,Bora,Rahoveci 029,"A. Hunter,L. Thomas,R. Memedi,R. Ukaj,T. Cheese","F. Rugova,I. Umipig,J. Johnson,J. Roche,V. Ejupi",1800,2006,206,5.83,6.74,4.93,65,62,75,69,10,7,5,3,4,2,2,2,1,1,2,1,0,3,1,5,3,2,1,0,0,1,0,1,0,0,1,2,0,0,0,0,0,0,0,0,0,0,0,0,0,0,0,0,0,0,0,0,0,0,0,0,0,0
2802051,2026-01-14,4,Bora,Rahoveci 029,"A. Hot,R. Memedi,R. Ukaj,S. Jules,T. Cheese","A. Thomas,F. Rugova,I. Umipig,J. Johnson,V. Ejupi",2006,2103,97,2.93,1.93,3.93,75,69,75,69,0,0,3,0,1,0,0,0,1,2,0,0,0,0,1,3,0,3,0,0,0,1,2,0,0,1,2,1,0,0,0,0,0,0,0,0,0,0,0,0,0,0,0,0,0,0,0,0,0,0,0,0,0,0
2802051,2026-01-14,4,Bora,Rahoveci 029,"A. Hot,R. Memedi,R. Ukaj,S. Jules,T. Cheese","A. Thomas,J. Johnson,K. Pullian,K. Ujkani,V. Ejupi",2103,2121,18,0.1,0.1,0.1,75,69,75,69,0,0,0,0,0,0,0,0,0,0,0,0,0,0,0,0,0,0,0,0,0,0,0,0,0,0,0,0,0,0,0,0,0,0,0,0,0,0,0,0,0,0,0,0,0,0,0,0,0,0,0,0,0,0
2802051,2026-01-14,4,Bora,Rahoveci 029,"A. Hot,A. Hunter,L. Thomas,R. Memedi,S. Jules","A. Thomas,J. Johnson,K. Pullian,K. Ujkani,V. Ejupi",2121,2208,87,2.46,2.93,2.0,75,69,77,69,2,0,2,1,1,0,0,0,1,2,0,0,0,2,1,2,0,2,0,0,0,0,0,0,1,0,0,0,0,0,0,0,0,0,0,0,0,0,0,0,0,0,0,0,0,0,0,0,0,0,0,0,0,0
2802051,2026-01-14,4,Bora,Rahoveci 029,"A. Hot,A. Hunter,L. Thomas,R. Ukaj,S. Jules","A. Thomas,B. Rexha,J. Johnson,K. Pullian,K. Ujkani",2208,2240,32,1.5,1.0,2.0,77,69,77,72,0,3,0,0,0,0,0,0,0,1,0,0,0,1,1,2,1,1,1,0,0,0,0,1,0,0,0,0,0,0,0,0,0,0,0,0,0,0,0,0,0,0,0,0,0,0,0,0,0,0,0,0,0,0
2802051,2026-01-14,4,Bora,Rahoveci 029,"A. Hot,A. Hunter,R. Ukaj,S. Jules,T. Cheese","A. Thomas,B. Rexha,J. Johnson,K. Pullian,K. Ujkani",2240,2266,26,0.1,0.1,0.1,77,72,77,72,0,0,1,0,1,0,0,0,1,0,0,0,0,0,0,0,0,0,0,0,0,0,0,0,0,0,0,1,0,0,0,0,0,0,0,0,0,0,0,0,0,0,0,0,0,0,0,0,0,0,0,0,0,0
2802051,2026-01-14,4,Bora,Rahoveci 029,"A. Hot,A. Hunter,R. Memedi,S. Jules,T. Cheese","A. Thomas,B. Rexha,J. Johnson,K. Pullian,K. Ujkani",2266,2302,36,1.5,2.0,1.0,77,72,77,72,0,0,1,0,0,0,0,0,0,1,0,0,0,1,0,1,0,1,0,0,0,0,1,0,0,0,0,0,0,0,0,0,0,0,0,0,0,0,0,0,0,0,0,0,0,0,0,0,0,0,0,0,0,0
2802051,2026-01-14,4,Bora,Rahoveci 029,"A. Hot,A. Hunter,L. Thomas,R. Memedi,S. Jules","A. Thomas,B. Rexha,J. Johnson,K. Pullian,K. Ujkani",2302,2381,79,3.44,2.81,4.08,77,72,79,74,2,2,2,0,1,0,2,2,1,3,0,0,0,1,1,4,1,3,0,2,0,1,1,1,0,0,0,1,0,0,0,0,0,0,0,0,0,0,0,0,0,0,0,0,0,0,0,0,0,0,0,0,0,0
2803054,2026-01-18,1,Bashkimi,Rahoveci 029,"D. Lake,I. Cousins,L. Zeqiri,M. Armstead,S. Shorter","B. Rexha,F. Rugova,I. Umipig,J. Johnson,K. Pullian",0,346,346,13.26,12.32,14.19,0,0,13,11,13,11,8,5,2,0,3,3,0,5,3,2,1,3,1,11,4,8,2,1,1,1,3,3,2,0,4,2,0,0,0,0,0,0,0,0,0,0,0,0,0,0,0,0,0,0,0,0,0,0,0,0,0,0
2803054,2026-01-18,1,Bashkimi,Rahoveci 029,"D. Lake,I. Cousins,I. Nwamu,M. Armstead,M. Janjeva","A. Thomas,F. Rugova,H. Durguti,J. Johnson,K. Pullian",346,376,30,1.0,1.0,1.0,13,11,15,11,2,0,1,1,0,0,0,0,0,1,0,0,0,0,0,1,0,1,0,0,0,0,0,0,0,0,0,1,0,0,0,0,0,0,0,0,0,0,0,0,0,0,0,0,0,0,0,0,0,0,0,0,0,0
2803054,2026-01-18,1,Bashkimi,Rahoveci 029,"I. Cousins,I. Nwamu,M. Armstead,M. Janjeva,T. Bickerstaff","A. Thomas,F. Rugova,H. Durguti,J. Johnson,K. Pullian",376,471,95,3.94,4.0,3.88,15,11,15,15,0,4,1,0,0,0,0,0,0,1,0,0,0,3,1,2,1,1,0,2,2,0,1,0,2,0,1,0,0,0,0,0,0,0,0,0,0,0,0,0,0,0,0,0,0,0,0,0,0,0,0,0,0,0
2803054,2026-01-18,1,Bashkimi,Rahoveci 029,"I. Nwamu,M. Janjeva,S. Shorter,T. Bickerstaff,V. Bunjaku","A. Thomas,F. Rugova,H. Durguti,I. Umipig,K. Pullian",471,538,67,1.43,1.86,1.0,15,15,17,15,2,0,4,1,2,0,0,0,2,1,0,0,0,0,1,1,0,1,0,0,0,0,1,0,0,0,0,0,0,0,0,0,0,0,0,0,0,0,0,0,0,0,0,0,0,0,0,0,0,0,0,0,0,0
2803054,2026-01-18,1,Bashkimi,Rahoveci 029,"I. Nwamu,M. Janjeva,S. Shorter,T. Bickerstaff,V. Bunjaku","A. Thomas,F. Rugova,H. Durguti,I. Umipig,J. Johnson",538,600,62,1.93,2.0,1.86,17,15,19,19,2,4,2,1,1,0,0,0,0,0,0,0,0,0,0,4,2,0,0,0,0,2,1,0,0,0,0,0,0,0,0,0,0,0,0,0,0,0,0,0,0,0,0,0,0,0,0,0,0,0,0,0,0,0
2803054,2026-01-18,2,Bashkimi,Rahoveci 029,"D. Lake,I. Nwamu,L. Zeqiri,S. Shorter,V. Bunjaku","A. Thomas,H. Durguti,I. Umipig,J. Johnson,V. Ejupi",600,725,125,4.0,4.0,4.0,19,19,21,21,2,2,4,1,2,0,0,0,0,3,1,0,0,0,0,4,1,2,0,0,0,0,3,0,0,0,0,2,0,0,0,0,0,0,0,0,0,0,0,0,0,0,0,0,0,0,0,0,0,0,0,0,0,0
2803054,2026-01-18,2,Bashkimi,Rahoveci 029,"D. Lake,I. Nwamu,L. Zeqiri,S. Shorter,V. Bunjaku","A. Thomas,B. Rexha,I. Umipig,J. Johnson,V. Ejupi",725,774,49,0.96,0.93,1.0,21,21,23,21,2,0,2,1,1,0,0,0,1,1,0,0,0,0,0,1,0,1,0,0,0,0,0,0,0,0,0,0,0,0,0,0,0,0,0,0,0,0,0,0,0,0,0,0,0,0,0,0,0,0,0,0,0,0
2803054,2026-01-18,2,Bashkimi,Rahoveci 029,"D. Lake,I. Cousins,L. Zeqiri,S. Shorter,V. Bunjaku","A. Thomas,B. Rexha,I. Umipig,J. Johnson,V. Ejupi",774,804,30,0.52,0.93,0.1,23,21,25,21,2,0,2,1,0,0,0,0,1,0,0,0,0,0,0,0,0,0,0,0,0,0,0,0,0,0,0,0,0,0,0,0,0,0,0,0,0,0,0,0,0,0,0,0,0,0,0,0,0,0,0,0,0,0
2803054,2026-01-18,2,Bashkimi,Rahoveci 029,"D. Lake,I. Cousins,L. Zeqiri,S. Shorter,V. Bunjaku","A. Thomas,B. Rexha,J. Johnson,K. Pullian,V. Ejupi",804,808,4,0.1,0.1,0.1,25,21,25,21,0,0,0,0,0,0,0,0,0,0,0,0,0,0,1,0,0,0,0,0,0,0,0,0,0,0,0,0,0,0,0,0,0,0,0,0,0,0,0,0,0,0,0,0,0,0,0,0,0,0,0,0,0,0
2803054,2026-01-18,2,Bashkimi,Rahoveci 029,"D. Lake,I. Cousins,L. Zeqiri,S. Shorter,V. Bunjaku","A. Thomas,B. Rexha,F. Rugova,J. Johnson,K. Pullian",808,886,78,2.0,2.0,2.0,25,21,25,26,0,5,1,0,1,0,0,0,0,0,0,0,0,1,2,2,2,1,1,0,0,0,1,1,1,0,0,0,0,0,0,0,0,0,0,0,0,0,0,0,0,0,0,0,0,0,0,0,0,0,0,0,0,0
2803054,2026-01-18,2,Bashkimi,Rahoveci 029,"D. Lake,I. Cousins,L. Zeqiri,M. Armstead,S. Shorter","A. Thomas,B. Rexha,F. Rugova,J. Johnson,K. Pullian",886,1015,129,4.5,4.0,5.0,25,26,32,39,7,13,4,3,2,1,0,0,0,0,2,0,0,0,0,5,5,3,3,0,0,0,1,2,0,0,0,0,0,0,0,0,0,0,0,0,0,0,0,0,0,0,0,0,0,0,0,0,0,0,0,0,0,0
2803054,2026-01-18,2,Bashkimi,Rahoveci 029,"D. Lake,I. Nwamu,L. Zeqiri,M. Armstead,M. Ismaili","A. Berisha,A. Thomas,F. Rugova,J. Johnson,K. Pullian",1015,1070,55,2.0,3.0,1.0,32,39,32,39,0,0,1,0,1,0,0,0,0,1,0,0,0,2,1,1,0,1,0,0,0,0,1,0,0,0,0,0,0,0,0,0,0,0,0,0,0,0,0,0,0,0,0,0,0,0,0,0,0,0,0,0,0,0
2803054,2026-01-18,2,Bashkimi,Rahoveci 029,"I. Nwamu,L. Zeqiri,M. Armstead,M. Ismaili,T. Bickerstaff","A. Berisha,A. Thomas,F. Rugova,J. Johnson,K. Pullian",1070,1107,37,0.55,0.1,1.0,32,39,32,39,0,0,0,0,0,0,0,0,0,1,0,0,0,0,0,1,0,0,0,0,0,0,0,0,0,0,0,1,0,0,0,0,0,0,0,0,0,0,0,0,0,0,0,0,0,0,0,0,0,0,0,0,0,0
2803054,2026-01-18,2,Bashkimi,Rahoveci 029,"I. Nwamu,L. Zeqiri,M. Armstead,M. Ismaili,T. Bickerstaff","A. Berisha,A. Thomas,J. Johnson,K. Pullian,K. Ujkani",1107,1159,52,1.72,2.44,1.0,32,39,35,41,3,2,2,1,1,0,1,1,0,0,0,0,0,0,0,1,1,0,0,0,0,0,1,1,0,0,0,2,0,0,0,0,0,0,0,0,0,0,0,0,0,0,0,0,0,0,0,0,0,0,0,0,0,0
2803054,2026-01-18,2,Bashkimi,Rahoveci 029,"I. Nwamu,L. Zeqiri,M. Armstead,M. Ismaili,T. Bickerstaff","A. Berisha,A. Thomas,F. Rugova,J. Johnson,K. Pullian",1159,1200,41,1.94,1.88,2.0,35,41,37,41,2,0,1,1,0,0,2,0,0,1,1,1,0,0,0,1,0,1,0,0,0,0,1,0,0,0,1,1,0,0,0,0,0,0,0,0,0,0,0,0,0,0,0,0,0,0,0,0,0,0,0,0,0,0
2803054,2026-01-18,3,Bashkimi,Rahoveci 029,"D. Lake,I. Nwamu,L. Zeqiri,M. Armstead,S. Shorter","A. Thomas,B. Rexha,F. Rugova,J. Johnson,K. Pullian",1200,1474,274,9.31,9.76,8.86,37,41,50,47,13,6,7,5,1,0,4,3,0,3,2,3,1,1,2,8,3,2,0,0,0,2,2,2,1,0,3,4,0,0,0,0,0,0,0,0,0,0,0,0,0,0,0,0,0,0,0,0,0,0,0,0,0,0
2803054,2026-01-18,3,Bashkimi,Rahoveci 029,"D. Lake,I. Nwamu,L. Zeqiri,M. Armstead,S. Shorter","A. Thomas,F. Rugova,H. Durguti,J. Johnson,K. Pullian",1474,1512,38,0.96,0.93,1.0,50,47,52,47,2,0,2,1,0,0,0,0,1,1,0,0,0,0,0,1,0,1,0,0,0,0,0,0,0,0,0,0,0,0,0,0,0,0,0,0,0,0,0,0,0,0,0,0,0,0,0,0,0,0,0,0,0,0
2803054,2026-01-18,3,Bashkimi,Rahoveci 029,"D. Lake,I. Cousins,I. Nwamu,L. Zeqiri,M. Armstead","A. Thomas,F. Rugova,H. Durguti,J. Johnson,K. Pullian",1512,1560,48,1.0,1.0,1.0,52,47,54,47,2,0,1,1,0,0,0,0,0,1,0,0,0,0,1,1,0,1,0,0,0,0,0,0,0,0,0,0,0,0,0,0,0,0,0,0,0,0,0,0,0,0,0,0,0,0,0,0,0,0,0,0,0,0
2803054,2026-01-18,3,Bashkimi,Rahoveci 029,"D. Lake,I. Cousins,I. Nwamu,L. Zeqiri,V. Bunjaku","A. Thomas,F. Rugova,H. Durguti,J. Johnson,K. Pullian",1560,1619,59,2.0,2.0,2.0,54,47,54,52,0,5,1,0,0,0,0,0,0,0,0,0,0,1,1,2,2,1,1,0,0,0,1,0,0,0,0,0,0,0,0,0,0,0,0,0,0,0,0,0,0,0,0,0,0,0,0,0,0,0,0,0,0,0
2803054,2026-01-18,3,Bashkimi,Rahoveci 029,"I. Cousins,I. Nwamu,L. Zeqiri,T. Bickerstaff,V. Bunjaku","A. Thomas,F. Rugova,H. Durguti,J. Johnson,K. Pullian",1619,1662,43,1.46,1.0,1.93,54,52,57,52,3,0,1,1,1,1,0,0,0,1,1,0,0,0,0,2,0,1,0,0,0,1,0,0,0,0,1,1,0,0,0,0,0,0,0,0,0,0,0,0,0,0,0,0,0,0,0,0,0,0,0,0,0,0
2803054,2026-01-18,3,Bashkimi,Rahoveci 029,"I. Cousins,I. Nwamu,L. Zeqiri,T. Bickerstaff,V. Bunjaku","A. Thomas,B. Rexha,F. Rugova,J. Johnson,K. Pullian",1662,1722,60,1.44,1.88,1.0,57,52,60,55,3,3,1,1,0,0,2,1,0,0,0,0,0,0,0,1,1,1,1,0,0,0,0,1,0,0,0,0,0,0,0,0,0,0,0,0,0,0,0,0,0,0,0,0,0,0,0,0,0,0,0,0,0,0
2803054,2026-01-18,3,Bashkimi,Rahoveci 029,"I. Cousins,I. Nwamu,M. Janjeva,T. Bickerstaff,V. Bunjaku","A. Thomas,B. Rexha,F. Rugova,J. Johnson,K. Pullian",1722,1900,178,4.9,4.88,4.93,60,55,66,57,6,2,4,2,3,1,2,1,0,2,3,1,0,0,1,4,1,2,0,0,0,1,2,1,0,0,2,1,0,0,0,0,0,0,0,0,0,0,0,0,0,0,0,0,0,0,0,0,0,0,0,0,0,0
2803054,2026-01-18,4,Bashkimi,Rahoveci 029,"D. Lake,I. Cousins,I. Nwamu,M. Janjeva,V. Bunjaku","A. Thomas,B. Rexha,F. Rugova,J. Johnson,K. Pullian",1900,1913,13,0.55,0.1,1.0,66,57,66,57,0,0,0,0,0,0,0,0,0,0,0,1,0,0,0,0,0,0,0,0,0,0,0,0,0,0,1,0,0,0,0,0,0,0,0,0,0,0,0,0,0,0,0,0,0,0,0,0,0,0,0,0,0,0
2803054,2026-01-18,4,Bashkimi,Rahoveci 029,"D. Lake,I. Cousins,I. Nwamu,L. Zeqiri,V. Bunjaku","A. Thomas,B. Rexha,F. Rugova,J. Johnson,K. Pullian",1913,1922,9,1.0,1.0,1.0,66,57,68,57,2,0,1,1,0,0,0,0,0,0,1,1,0,0,0,0,0,0,0,0,0,0,0,0,0,0,1,1,0,0,0,0,0,0,0,0,0,0,0,0,0,0,0,0,0,0,0,0,0,0,0,0,0,0
2803054,2026-01-18,4,Bashkimi,Rahoveci 029,"D. Lake,I. Cousins,I. Nwamu,L. Zeqiri,V. Bunjaku","A. Berisha,A. Thomas,B. Rexha,F. Rugova,J. Johnson",1922,1958,36,1.9,2.88,0.93,68,57,71,57,3,0,1,1,0,0,2,1,1,0,0,0,0,1,1,1,0,1,0,0,0,1,0,0,1,0,1,0,0,0,0,0,0,0,0,0,0,0,0,0,0,0,0,0,0,0,0,0,0,0,0,0,0,0
2803054,2026-01-18,4,Bashkimi,Rahoveci 029,"D. Lake,I. Cousins,I. Nwamu,L. Zeqiri,V. Bunjaku","A. Berisha,A. Thomas,B. Rexha,J. Johnson,K. Pullian",1958,1975,17,0.55,0.1,1.0,71,57,71,57,0,0,1,0,0,0,0,0,1,0,0,1,0,0,0,0,0,0,0,0,0,0,0,0,0,1,1,0,0,0,0,0,0,0,0,0,0,0,0,0,0,0,0,0,0,0,0,0,0,0,0,0,0,0
2803054,2026-01-18,4,Bashkimi,Rahoveci 029,"D. Lake,I. Cousins,L. Zeqiri,S. Shorter,V. Bunjaku","A. Berisha,A. Thomas,B. Rexha,J. Johnson,K. Pullian",1975,1999,24,1.5,2.0,1.0,71,57,73,57,2,0,2,1,1,0,0,0,0,1,1,0,0,0,0,1,0,1,0,0,0,0,0,0,0,0,0,1,0,0,0,0,0,0,0,0,0,0,0,0,0,0,0,0,0,0,0,0,0,0,0,0,0,0
2803054,2026-01-18,4,Bashkimi,Rahoveci 029,"D. Lake,I. Cousins,L. Zeqiri,S. Shorter,V. Bunjaku","A. Berisha,A. Thomas,J. Johnson,K. Pullian,V. Ejupi",1999,2111,112,4.0,4.0,4.0,73,57,80,65,7,8,4,3,1,1,0,0,0,0,1,0,0,0,1,4,4,0,0,0,0,0,1,2,0,0,0,0,0,0,0,0,0,0,0,0,0,0,0,0,0,0,0,0,0,0,0,0,0,0,0,0,0,0
2803054,2026-01-18,4,Bashkimi,Rahoveci 029,"D. Lake,I. Cousins,L. Zeqiri,M. Armstead,S. Shorter","A. Berisha,A. Thomas,J. Johnson,K. Pullian,V. Ejupi",2111,2158,47,1.0,1.0,1.0,80,65,82,65,2,0,1,1,0,0,0,0,0,1,1,0,0,0,0,1,0,1,0,0,0,0,0,0,0,0,0,1,0,0,0,0,0,0,0,0,0,0,0,0,0,0,0,0,0,0,0,0,0,0,0,0,0,0
2803054,2026-01-18,4,Bashkimi,Rahoveci 029,"I. Cousins,M. Armstead,M. Janjeva,S. Shorter,T. Bickerstaff","B. Rexha,F. Rugova,J. Johnson,K. Pullian,V. Ejupi",2158,2238,80,2.93,2.86,3.0,82,65,84,67,2,2,4,1,0,0,0,0,2,1,0,1,0,1,0,2,1,1,0,0,0,0,1,1,1,1,1,1,0,0,0,0,0,0,0,0,0,0,0,0,0,0,0,0,0,0,0,0,0,0,0,0,0,0
2803054,2026-01-18,4,Bashkimi,Rahoveci 029,"M. Armstead,M. Janjeva,S. Shorter,T. Bickerstaff,V. Bunjaku","B. Rexha,F. Rugova,H. Durguti,K. Pullian,V. Ejupi",2238,2375,137,5.34,5.76,4.93,84,67,90,70,6,3,2,2,0,0,4,2,0,2,2,1,0,2,0,4,1,4,1,0,0,1,1,1,1,0,2,1,0,0,0,0,0,0,0,0,0,0,0,0,0,0,0,0,0,0,0,0,0,0,0,0,0,0
2803057,2026-01-17,1,Sigal Prishtina,Bora,"D. Burns,D. Haxhosaj,E. Clarance,J. Ismajli,K. Kramer","A. Hot,A. Hunter,L. Thomas,R. Memedi,S. Jules",0,167,167,3.4,4.0,2.79,0,0,2,2,2,2,3,1,2,0,0,0,0,1,1,1,1,1,1,5,1,1,0,0,0,3,2,1,1,0,1,2,0,0,0,0,0,0,0,0,0,0,0,0,0,0,0,0,0,0,0,0,0,0,0,0,0,0
2803057,2026-01-17,1,Sigal Prishtina,Bora,"D. Burns,D. Haxhosaj,E. Clarance,J. Ismajli,K. Kramer","A. Hot,A. Hunter,L. Thomas,R. Ukaj,S. Jules",167,317,150,5.12,4.81,5.44,2,2,3,7,1,5,3,0,1,0,2,1,1,3,0,0,2,2,1,5,2,2,0,1,1,0,2,1,0,0,0,1,0,0,0,0,0,0,0,0,0,0,0,0,0,0,0,0,0,0,0,0,0,0,0,0,0,0
2803057,2026-01-17,1,Sigal Prishtina,Bora,"D. Burns,D. Haxhosaj,E. Clarance,J. Ismajli,K. Kramer","A. Hot,A. Hunter,R. Ukaj,S. Jules,T. Cheese",317,377,60,1.44,1.0,1.88,3,7,5,11,2,4,1,1,0,0,0,0,0,0,0,0,0,0,1,1,1,0,0,2,2,0,0,0,0,0,0,1,0,0,0,0,0,0,0,0,0,0,0,0,0,0,0,0,0,0,0,0,0,0,0,0,0,0
2803057,2026-01-17,1,Sigal Prishtina,Bora,"D. Burns,D. Haxhosaj,E. Clarance,J. Ismajli,K. Kramer","A. Hunter,G. Zeqiri,R. Ukaj,S. Jules,T. Cheese",377,389,12,0.55,1.0,0.1,5,11,5,11,0,0,0,0,0,0,0,0,0,0,0,0,0,1,1,0,0,0,0,0,0,0,0,0,1,0,0,0,0,0,0,0,0,0,0,0,0,0,0,0,0,0,0,0,0,0,0,0,0,0,0,0,0,0
2803057,2026-01-17,1,Sigal Prishtina,Bora,"A. Bailey,D. Burns,D. Haxhosaj,E. Clarance,J. Ismajli","A. Hunter,G. Zeqiri,R. Ukaj,S. Jules,T. Cheese",389,413,24,1.19,1.44,0.93,5,11,9,11,4,0,1,1,1,1,1,1,0,1,1,0,0,0,0,2,0,0,0,0,0,1,0,0,0,0,0,1,0,0,0,0,0,0,0,0,0,0,0,0,0,0,0,0,0,0,0,0,0,0,0,0,0,0
2803057,2026-01-17,1,Sigal Prishtina,Bora,"A. Bailey,D. Burns,D. Haxhosaj,J. Ismajli,K. Dukes","A. Hunter,G. Zeqiri,R. Ukaj,S. Jules,T. Cheese",413,460,47,1.0,1.0,1.0,9,11,11,11,2,0,1,1,0,0,0,0,0,1,1,0,0,0,1,1,0,1,0,0,0,0,0,0,0,0,0,0,0,0,0,0,0,0,0,0,0,0,0,0,0,0,0,0,0,0,0,0,0,0,0,0,0,0
2803057,2026-01-17,1,Sigal Prishtina,Bora,"A. Bailey,D. Burns,D. Haxhosaj,J. Ismajli,K. Dukes","A. Hot,G. Zeqiri,R. Ukaj,S. Jules,T. Cheese",460,549,89,3.58,3.0,4.17,11,11,15,14,4,3,3,2,1,0,0,0,0,2,2,0,0,0,0,3,1,1,0,2,1,1,1,1,0,0,1,0,0,0,0,0,0,0,0,0,0,0,0,0,0,0,0,0,0,0,0,0,0,0,0,0,0,0
2803057,2026-01-17,1,Sigal Prishtina,Bora,"A. Bailey,A. Morina,D. Burns,K. Dukes,V. Kakruki","A. Hot,A. Hunter,G. Zeqiri,L. Thomas,T. Cheese",549,585,36,0.55,1.0,0.1,15,14,15,14,0,0,1,0,0,0,0,0,0,0,0,0,0,0,1,0,0,0,0,0,0,0,1,0,0,1,0,0,0,0,0,0,0,0,0,0,0,0,0,0,0,0,0,0,0,0,0,0,0,0,0,0,0,0
2803057,2026-01-17,1,Sigal Prishtina,Bora,"A. Bailey,A. Morina,D. Polloshka,K. Dukes,V. Kakruki","A. Hot,A. Hunter,G. Zeqiri,L. Thomas,T. Cheese",585,600,15,0.91,0.93,0.88,15,14,17,15,2,1,2,1,0,0,0,0,1,0,0,0,0,0,0,0,0,0,0,2,1,0,0,0,0,1,0,0,0,0,0,0,0,0,0,0,0,0,0,0,0,0,0,0,0,0,0,0,0,0,0,0,0,0
2803057,2026-01-17,2,Sigal Prishtina,Bora,"A. Bailey,A. Morina,D. Polloshka,K. Dukes,V. Kakruki","A. Hot,A. Hunter,L. Thomas,R. Ukaj,T. Cheese",600,678,78,2.62,2.32,2.93,17,15,20,17,3,2,0,0,0,0,3,3,0,0,1,1,1,1,0,2,1,0,0,0,0,1,0,0,1,0,2,2,0,0,0,0,0,0,0,0,0,0,0,0,0,0,0,0,0,0,0,0,0,0,0,0,0,0
2803057,2026-01-17,2,Sigal Prishtina,Bora,"A. Bailey,A. Morina,D. Polloshka,K. Dukes,V. Kakruki","A. Hot,A. Hunter,R. Ukaj,S. Jules,T. Cheese",678,716,38,0.49,0.88,0.1,20,17,21,17,1,0,0,0,0,0,2,1,0,0,1,0,0,0,1,0,0,0,0,0,0,0,1,0,0,0,0,1,0,0,0,0,0,0,0,0,0,0,0,0,0,0,0,0,0,0,0,0,0,0,0,0,0,0
2803057,2026-01-17,2,Sigal Prishtina,Bora,"A. Bailey,A. Morina,D. Polloshka,K. Dukes,V. Kakruki","A. Hot,A. Hunter,R. Memedi,S. Jules,T. Cheese",716,868,152,5.44,5.0,5.88,21,17,25,23,4,6,4,2,2,0,0,0,0,1,0,0,0,1,1,3,2,1,1,2,1,0,2,3,0,0,2,2,0,0,0,0,0,0,0,0,0,0,0,0,0,0,0,0,0,0,0,0,0,0,0,0,0,0
2803057,2026-01-17,2,Sigal Prishtina,Bora,"A. Bailey,D. Burns,D. Polloshka,K. Dukes,V. Kakruki","A. Hot,A. Hunter,R. Memedi,S. Jules,T. Cheese",868,1084,216,6.62,6.3,6.93,25,23,26,31,1,8,6,0,3,0,1,1,2,3,0,0,0,2,0,8,4,4,0,0,0,1,4,3,2,0,0,0,0,0,0,0,0,0,0,0,0,0,0,0,0,0,0,0,0,0,0,0,0,0,0,0,0,0
2803057,2026-01-17,2,Sigal Prishtina,Bora,"A. Bailey,D. Burns,D. Haxhosaj,D. Polloshka,K. Dukes","A. Hot,A. Hunter,R. Memedi,S. Jules,T. Cheese",1084,1179,95,2.5,3.0,2.0,26,31,31,33,5,2,2,2,1,1,0,0,0,1,2,0,0,1,0,2,1,1,0,0,0,0,0,1,1,0,0,0,0,0,0,0,0,0,0,0,0,0,0,0,0,0,0,0,0,0,0,0,0,0,0,0,0,0
2803057,2026-01-17,2,Sigal Prishtina,Bora,"A. Bailey,D. Haxhosaj,E. Clarance,J. Ismajli,K. Dukes","A. Hot,A. Hunter,L. Thomas,R. Memedi,T. Cheese",1179,1194,15,0.1,0.1,0.1,31,33,31,33,0,0,0,0,0,0,0,0,0,0,0,0,0,0,2,0,0,0,0,0,0,0,0,0,0,0,0,0,0,0,0,0,0,0,0,0,0,0,0,0,0,0,0,0,0,0,0,0,0,0,0,0,0,0
2803057,2026-01-17,2,Sigal Prishtina,Bora,"A. Bailey,D. Haxhosaj,E. Clarance,J. Ismajli,K. Kramer","A. Hot,A. Hunter,R. Memedi,S. Jules,T. Cheese",1194,1200,6,0.55,0.1,1.0,31,33,31,33,0,0,0,0,0,0,0,0,0,1,0,0,1,0,0,1,0,0,0,0,0,0,0,0,0,0,0,0,0,0,0,0,0,0,0,0,0,0,0,0,0,0,0,0,0,0,0,0,0,0,0,0,0,0
2803057,2026-01-17,3,Sigal Prishtina,Bora,"D. Burns,D. Haxhosaj,E. Clarance,J. Ismajli,K. Kramer","A. Hot,A. Hunter,L. Thomas,R. Memedi,S. Jules",1200,1404,204,6.56,6.67,6.44,31,33,39,38,8,5,8,3,2,0,2,2,3,3,0,1,0,1,2,5,2,1,0,1,1,0,2,1,1,0,1,1,0,0,0,0,0,0,0,0,0,0,0,0,0,0,0,0,0,0,0,0,0,0,0,0,0,0
2803057,2026-01-17,3,Sigal Prishtina,Bora,"D. Burns,D. Haxhosaj,E. Clarance,J. Ismajli,K. Kramer","A. Hot,A. Hunter,L. Thomas,R. Memedi,T. Cheese",1404,1519,115,3.96,3.93,4.0,39,38,44,42,5,4,3,2,1,1,0,0,1,2,1,0,1,2,1,4,2,0,0,0,0,0,0,1,1,1,0,0,0,0,0,0,0,0,0,0,0,0,0,0,0,0,0,0,0,0,0,0,0,0,0,0,0,0
2803057,2026-01-17,3,Sigal Prishtina,Bora,"D. Burns,D. Haxhosaj,E. Clarance,J. Ismajli,K. Kramer","A. Hot,A. Hunter,R. Memedi,S. Jules,T. Cheese",1519,1563,44,1.0,1.0,1.0,44,42,44,42,0,0,1,0,1,0,0,0,0,1,0,0,0,0,1,1,0,0,0,0,0,0,1,0,0,0,0,0,0,0,0,0,0,0,0,0,0,0,0,0,0,0,0,0,0,0,0,0,0,0,0,0,0,0
2803057,2026-01-17,3,Sigal Prishtina,Bora,"A. Bailey,D. Burns,D. Haxhosaj,E. Clarance,J. Ismajli","A. Hot,A. Hunter,R. Ukaj,S. Jules,T. Cheese",1563,1650,87,1.9,1.88,1.93,44,45,47,45,3,0,1,1,0,0,2,1,0,1,0,0,0,0,0,2,0,2,0,0,0,1,1,0,0,0,1,2,0,0,0,0,0,0,0,0,0,0,0,0,0,0,0,0,0,0,0,0,0,0,0,0,0,0
2803057,2026-01-17,3,Sigal Prishtina,Bora,"A. Bailey,D. Haxhosaj,E. Clarance,J. Ismajli,K. Dukes","A. Hot,L. Thomas,R. Memedi,S. Jules,T. Cheese",1650,1800,150,5.32,5.88,4.76,47,45,50,51,3,6,4,1,1,0,2,1,0,1,0,1,0,1,2,2,1,1,0,4,4,0,2,1,0,0,1,1,0,0,0,0,0,0,0,0,0,0,0,0,0,0,0,0,0,0,0,0,0,0,0,0,0,0
2803057,2026-01-17,4,Sigal Prishtina,Bora,"A. Bailey,D. Haxhosaj,D. Polloshka,E. Clarance,K. Dukes","A. Hot,L. Thomas,R. Memedi,S. Jules,T. Cheese",1800,1932,132,3.24,2.88,3.6,50,51,52,57,2,6,2,0,1,0,2,2,0,1,0,0,0,0,1,7,2,1,0,2,2,4,2,0,0,0,0,1,0,0,0,0,0,0,0,0,0,0,0,0,0,0,0,0,0,0,0,0,0,0,0,0,0,0
2803057,2026-01-17,4,Sigal Prishtina,Bora,"A. Bailey,D. Burns,D. Haxhosaj,D. Polloshka,K. Dukes","A. Hot,L. Thomas,R. Memedi,S. Jules,T. Cheese",1932,1958,26,0.49,0.88,0.1,52,57,54,57,2,0,0,0,0,0,2,2,0,0,0,0,0,0,1,0,0,0,0,0,0,0,0,0,0,0,0,1,0,0,0,0,0,0,0,0,0,0,0,0,0,0,0,0,0,0,0,0,0,0,0,0,0,0
2803057,2026-01-17,4,Sigal Prishtina,Bora,"A. Bailey,D. Burns,D. Haxhosaj,D. Polloshka,K. Dukes","A. Hot,A. Hunter,L. Thomas,R. Memedi,S. Jules",1958,1999,41,1.0,1.0,1.0,54,57,56,59,2,2,1,1,0,0,0,0,0,0,0,0,0,0,1,1,1,0,0,0,0,0,0,1,0,0,0,0,0,0,0,0,0,0,0,0,0,0,0,0,0,0,0,0,0,0,0,0,0,0,0,0,0,0
2803057,2026-01-17,4,Sigal Prishtina,Bora,"A. Bailey,D. Burns,D. Polloshka,K. Dukes,V. Kakruki","A. Hot,A. Hunter,L. Thomas,R. Memedi,S. Jules",1999,2057,58,1.44,1.0,1.88,56,59,56,60,0,1,1,0,1,0,0,0,0,2,0,0,0,0,1,1,0,1,0,2,1,0,1,1,0,0,0,1,0,0,0,0,0,0,0,0,0,0,0,0,0,0,0,0,0,0,0,0,0,0,0,0,0,0
2803057,2026-01-17,4,Sigal Prishtina,Bora,"A. Bailey,D. Burns,D. Polloshka,K. Dukes,V. Kakruki","A. Hot,A. Hunter,L. Thomas,R. Ukaj,S. Jules",2057,2079,22,0.94,1.0,0.88,56,60,56,62,0,2,0,0,0,0,0,0,0,0,0,0,0,1,1,0,0,0,0,2,2,0,0,0,1,0,0,0,0,0,0,0,0,0,0,0,0,0,0,0,0,0,0,0,0,0,0,0,0,0,0,0,0,0
2803057,2026-01-17,4,Sigal Prishtina,Bora,"A. Bailey,D. Burns,D. Polloshka,K. Dukes,V. Kakruki","A. Hunter,L. Thomas,R. Memedi,R. Ukaj,S. Jules",2079,2118,39,1.0,1.0,1.0,56,62,59,62,3,0,1,1,1,1,0,0,0,0,1,0,0,0,0,0,0,0,0,0,0,0,0,0,0,0,1,0,0,0,0,0,0,0,0,0,0,0,0,0,0,0,0,0,0,0,0,0,0,0,0,0,0,0
2803057,2026-01-17,4,Sigal Prishtina,Bora,"A. Bailey,D. Burns,D. Polloshka,K. Dukes,V. Kakruki","A. Hunter,R. Memedi,R. Ukaj,S. Jules,T. Cheese",2118,2170,52,1.0,1.0,1.0,59,62,59,62,0,0,1,0,0,0,0,0,0,1,0,0,0,0,0,1,0,1,0,0,0,0,1,0,0,0,0,1,0,0,0,0,0,0,0,0,0,0,0,0,0,0,0,0,0,0,0,0,0,0,0,0,0,0
2803057,2026-01-17,4,Sigal Prishtina,Bora,"A. Bailey,D. Burns,D. Polloshka,K. Dukes,V. Kakruki","A. Hot,A. Hunter,R. Ukaj,S. Jules,T. Cheese",2170,2268,98,3.46,3.0,3.93,59,62,62,65,3,3,2,1,1,1,0,0,0,1,1,0,0,1,0,3,1,2,1,0,0,1,1,0,0,0,2,1,0,0,0,0,0,0,0,0,0,0,0,0,0,0,0,0,0,0,0,0,0,0,0,0,0,0
2803057,2026-01-17,4,Sigal Prishtina,Bora,"A. Bailey,D. Burns,D. Polloshka,E. Clarance,V. Kakruki","A. Hot,A. Hunter,R. Ukaj,S. Jules,T. Cheese",2268,2285,17,1.0,1.0,1.0,62,65,62,65,0,0,0,0,0,0,0,0,0,0,0,0,0,1,0,0,0,0,0,0,0,0,0,0,0,0,1,0,0,0,0,0,0,0,0,0,0,0,0,0,0,0,0,0,0,0,0,0,0,0,0,0,0,0
2803057,2026-01-17,4,Sigal Prishtina,Bora,"A. Bailey,D. Burns,D. Polloshka,E. Clarance,V. Kakruki","A. Hot,A. Hunter,L. Thomas,R. Ukaj,T. Cheese",2285,2315,30,0.55,1.0,0.1,62,65,62,65,0,0,1,0,1,0,0,0,0,0,0,0,0,0,0,0,0,0,0,0,0,0,1,0,0,0,0,0,0,0,0,0,0,0,0,0,0,0,0,0,0,0,0,0,0,0,0,0,0,0,0,0,0,0
2803057,2026-01-17,4,Sigal Prishtina,Bora,"A. Bailey,D. Burns,D. Polloshka,E. Clarance,V. Kakruki","A. Hot,A. Hunter,R. Ukaj,S. Jules,T. Cheese",2315,2391,76,3.44,3.0,3.88,62,65,64,71,2,6,2,1,1,0,0,0,0,0,0,1,0,1,1,2,2,0,0,2,2,0,1,1,1,0,1,0,0,0,0,0,0,0,0,0,0,0,0,0,0,0,0,0,0,0,0,0,0,0,0,0,0,0
2803057,2026-01-17,4,Sigal Prishtina,Bora,"A. Bailey,D. Burns,D. Polloshka,E. Clarance,V. Kakruki","A. Hot,A. Hunter,L. Thomas,R. Ukaj,S. Jules",2391,2399,8,0.55,1.0,0.1,64,71,66,71,2,0,1,1,0,0,0,0,0,0,0,0,0,0,0,0,0,0,0,0,0,0,0,0,0,0,0,0,0,0,0,0,0,0,0,0,0,0,0,0,0,0,0,0,0,0,0,0,0,0,0,0,0,0
2803056,2026-01-17,1,GO+Peja,Golden Eagle Ylli,"A. Herndon,J. Johnson,M. Mala,S. Flatten,S. Llapi","A. Scott,B. Huffman,G. Morina,S. Bamforth,T. Allen",0,321,321,10.25,10.37,10.13,0,0,17,10,17,10,11,7,3,2,1,1,1,4,5,1,0,0,3,10,4,6,2,2,0,3,3,4,0,0,2,2,0,0,0,0,0,0,0,0,0,0,0,0,0,0,0,0,0,0,0,0,0,0,0,0,0,0
2803056,2026-01-17,1,GO+Peja,Golden Eagle Ylli,"A. Herndon,J. Johnson,M. Mala,S. Flatten,S. Llapi","A. Scott,G. Morina,L. Shoshi,S. Bamforth,T. Allen",321,344,23,0.94,0.88,1.0,17,10,19,12,2,2,0,0,0,0,2,2,0,0,0,0,0,0,0,1,1,0,0,0,0,0,0,0,0,0,0,1,0,0,0,0,0,0,0,0,0,0,0,0,0,0,0,0,0,0,0,0,0,0,0,0,0,0
2803056,2026-01-17,1,GO+Peja,Golden Eagle Ylli,"C. Edwards,J. Johnson,M. Mala,S. Flatten,S. Llapi","A. Scott,G. Morina,L. Shoshi,S. Bamforth,T. Allen",344,380,36,0.96,0.93,1.0,19,12,21,12,2,0,2,1,0,0,0,0,1,1,0,0,0,0,1,1,0,0,0,0,0,0,0,0,0,1,0,0,0,0,0,0,0,0,0,0,0,0,0,0,0,0,0,0,0,0,0,0,0,0,0,0,0,0
2803056,2026-01-17,1,GO+Peja,Golden Eagle Ylli,"A. Hajdari,C. Edwards,J. Johnson,S. Flatten,S. Llapi","A. Scott,G. Morina,L. Shoshi,S. Bamforth,T. Allen",380,561,181,5.93,5.93,5.93,21,12,28,19,7,7,7,3,4,1,0,0,1,2,2,1,0,0,1,6,3,2,1,0,0,1,3,1,0,0,1,0,0,0,0,0,0,0,0,0,0,0,0,0,0,0,0,0,0,0,0,0,0,0,0,0,0,0
2803056,2026-01-17,1,GO+Peja,Golden Eagle Ylli,"A. Hajdari,A. Herndon,C. Edwards,F. Shoshaj,O. Williams","A. Scott,G. Morina,L. Shoshi,S. Bamforth,T. Allen",561,600,39,1.44,1.0,1.88,28,19,30,23,2,4,1,1,0,0,0,0,0,0,0,0,0,0,0,1,1,0,0,2,2,0,0,1,0,0,0,0,0,0,0,0,0,0,0,0,0,0,0,0,0,0,0,0,0,0,0,0,0,0,0,0,0,0
2803056,2026-01-17,2,GO+Peja,Golden Eagle Ylli,"A. Hajdari,A. Herndon,C. Edwards,F. Shoshaj,O. Williams","E. Kastrati,L. Basic,L. Shoshi,S. Bamforth,T. Allen",600,645,45,1.5,2.0,1.0,30,23,30,23,0,0,2,0,1,0,0,0,0,1,0,0,0,0,1,1,0,0,0,0,0,0,2,0,0,0,0,1,0,0,0,0,0,0,0,0,0,0,0,0,0,0,0,0,0,0,0,0,0,0,0,0,0,0
2803056,2026-01-17,2,GO+Peja,Golden Eagle Ylli,"A. Hajdari,C. Edwards,F. Shoshaj,O. Williams,S. Flatten","E. Kastrati,L. Basic,L. Shoshi,S. Bamforth,T. Allen",645,858,213,9.06,8.44,9.69,30,23,39,29,9,6,5,4,2,1,1,0,0,4,4,1,1,3,1,9,3,1,0,1,0,3,2,3,3,0,3,3,0,0,0,0,0,0,0,0,0,0,0,0,0,0,0,0,0,0,0,0,0,0,0,0,0,0
2803056,2026-01-17,2,GO+Peja,Golden Eagle Ylli,"A. Hajdari,C. Edwards,F. Shoshaj,O. Williams,S. Flatten","B. Huffman,D. Hall,E. Kastrati,L. Basic,S. Bamforth",858,870,12,0.55,1.0,0.1,39,29,39,29,0,0,0,0,0,0,0,0,0,0,0,0,0,1,0,0,0,0,0,0,0,0,0,0,1,0,0,0,0,0,0,0,0,0,0,0,0,0,0,0,0,0,0,0,0,0,0,0,0,0,0,0,0,0
2803056,2026-01-17,2,GO+Peja,Golden Eagle Ylli,"A. Hajdari,C. Edwards,M. Mala,O. Williams,S. Flatten","B. Huffman,D. Hall,E. Kastrati,L. Basic,S. Bamforth",870,929,59,2.46,2.0,2.93,39,29,39,36,0,7,2,0,1,0,0,0,0,0,0,0,0,0,0,4,3,1,1,0,0,1,2,2,0,0,0,0,0,0,0,0,0,0,0,0,0,0,0,0,0,0,0,0,0,0,0,0,0,0,0,0,0,0
2803056,2026-01-17,2,GO+Peja,Golden Eagle Ylli,"A. Hajdari,A. Herndon,J. Johnson,M. Mala,S. Flatten","B. Huffman,D. Hall,E. Kastrati,L. Basic,S. Bamforth",929,1197,268,8.93,9.57,8.3,39,36,48,47,9,11,9,3,6,2,3,1,3,4,3,0,0,2,1,10,4,6,2,1,1,2,4,3,1,0,0,2,0,0,0,0,0,0,0,0,0,0,0,0,0,0,0,0,0,0,0,0,0,0,0,0,0,0
2803056,2026-01-17,2,GO+Peja,Golden Eagle Ylli,"A. Hajdari,A. Herndon,C. Edwards,J. Johnson,M. Mala","B. Huffman,D. Hall,E. Kastrati,L. Basic,S. Bamforth",1197,1199,2,0.1,0.1,0.1,48,47,48,47,0,0,0,0,0,0,0,0,0,0,0,0,1,0,1,1,0,0,0,0,0,1,0,0,0,0,0,0,0,0,0,0,0,0,0,0,0,0,0,0,0,0,0,0,0,0,0,0,0,0,0,0,0,0
2803056,2026-01-17,2,GO+Peja,Golden Eagle Ylli,"A. Hajdari,C. Edwards,J. Johnson,M. Mala,S. Flatten","B. Huffman,D. Hall,E. Kastrati,L. Basic,S. Bamforth",1199,1200,1,0.55,0.1,1.0,48,47,48,47,0,0,0,0,0,0,0,0,0,0,0,0,0,0,0,1,0,1,0,0,0,0,0,0,0,0,0,0,0,0,0,0,0,0,0,0,0,0,0,0,0,0,0,0,0,0,0,0,0,0,0,0,0,0
2803056,2026-01-17,3,GO+Peja,Golden Eagle Ylli,"A. Herndon,J. Johnson,M. Mala,S. Flatten,S. Llapi","A. Scott,D. Hall,L. Shoshi,S. Bamforth,T. Allen",1200,1500,300,9.3,9.67,8.93,48,47,55,56,7,9,7,2,3,1,2,2,3,4,2,0,2,5,2,9,4,2,1,0,0,1,2,2,3,2,1,2,0,0,0,0,0,0,0,0,0,0,0,0,0,0,0,0,0,0,0,0,0,0,0,0,0,0
2803056,2026-01-17,3,GO+Peja,Golden Eagle Ylli,"C. Edwards,J. Johnson,M. Mala,S. Flatten,S. Llapi","A. Scott,D. Hall,L. Shoshi,S. Bamforth,T. Allen",1500,1534,34,1.0,1.0,1.0,55,56,55,56,0,0,1,0,0,0,0,0,0,1,0,0,0,0,0,1,0,0,0,0,0,0,1,0,0,0,0,0,0,0,0,0,0,0,0,0,0,0,0,0,0,0,0,0,0,0,0,0,0,0,0,0,0,0
2803056,2026-01-17,3,GO+Peja,Golden Eagle Ylli,"C. Edwards,M. Mala,O. Williams,S. Flatten,S. Llapi","A. Scott,D. Hall,L. Shoshi,S. Bamforth,T. Allen",1534,1588,54,2.46,3.0,1.93,55,56,55,58,0,2,0,0,0,0,0,0,0,1,0,0,0,3,1,3,1,1,0,0,0,1,0,0,1,0,0,0,0,0,0,0,0,0,0,0,0,0,0,0,0,0,0,0,0,0,0,0,0,0,0,0,0,0
2803056,2026-01-17,3,GO+Peja,Golden Eagle Ylli,"A. Hajdari,C. Edwards,M. Mala,O. Williams,S. Flatten","A. Scott,D. Hall,L. Shoshi,S. Bamforth,T. Allen",1588,1800,212,6.63,5.81,7.45,55,58,63,66,8,8,6,3,2,0,2,2,1,2,2,1,0,0,1,7,3,2,1,2,1,1,2,2,0,1,1,3,0,0,0,0,0,0,0,0,0,0,0,0,0,0,0,0,0,0,0,0,0,0,0,0,0,0
2803056,2026-01-17,4,GO+Peja,Golden Eagle Ylli,"A. Hajdari,C. Edwards,M. Mala,O. Williams,S. Flatten","G. Morina,L. Basic,L. Shoshi,S. Bamforth,T. Allen",1800,1824,24,0.55,0.1,1.0,63,66,63,68,0,2,1,0,0,0,0,0,1,0,0,0,0,0,0,1,1,0,0,0,0,0,0,1,0,0,0,1,0,0,0,0,0,0,0,0,0,0,0,0,0,0,0,0,0,0,0,0,0,0,0,0,0,0
2803056,2026-01-17,4,GO+Peja,Golden Eagle Ylli,"A. Hajdari,C. Edwards,M. Mala,O. Williams,S. Flatten","B. Huffman,G. Morina,L. Basic,S. Bamforth,T. Allen",1824,1946,122,4.12,4.32,3.93,63,68,69,72,6,4,3,2,1,0,3,2,0,1,1,1,1,0,0,4,2,0,0,0,0,1,2,0,0,0,1,2,0,0,0,0,0,0,0,0,0,0,0,0,0,0,0,0,0,0,0,0,0,0,0,0,0,0
2803056,2026-01-17,4,GO+Peja,Golden Eagle Ylli,"A. Hajdari,A. Herndon,M. Mala,O. Williams,S. Flatten","B. Huffman,G. Morina,L. Basic,S. Bamforth,T. Allen",1946,1964,18,1.44,1.88,1.0,69,72,73,72,4,0,1,1,0,0,2,2,0,0,0,1,0,0,0,0,0,0,0,0,0,0,0,0,0,0,1,0,0,0,0,0,0,0,0,0,0,0,0,0,0,0,0,0,0,0,0,0,0,0,0,0,0,0
2803056,2026-01-17,4,GO+Peja,Golden Eagle Ylli,"A. Hajdari,A. Herndon,M. Mala,O. Williams,S. Flatten","A. Scott,B. Huffman,G. Morina,L. Basic,S. Bamforth",1964,2063,99,2.94,3.0,2.88,73,72,76,76,3,4,3,1,3,1,0,0,0,0,0,1,0,0,2,1,1,1,1,2,1,0,2,1,0,0,1,1,0,0,0,0,0,0,0,0,0,0,0,0,0,0,0,0,0,0,0,0,0,0,0,0,0,0
2803056,2026-01-17,4,GO+Peja,Golden Eagle Ylli,"A. Hajdari,A. Herndon,O. Williams,S. Flatten,S. Llapi","A. Scott,B. Huffman,G. Morina,L. Basic,S. Bamforth",2063,2126,63,2.0,2.0,2.0,76,76,80,76,4,0,2,2,0,0,0,0,0,2,2,0,0,0,1,2,0,1,0,0,0,0,0,0,0,0,0,0,0,0,0,0,0,0,0,0,0,0,0,0,0,0,0,0,0,0,0,0,0,0,0,0,0,0
2803056,2026-01-17,4,GO+Peja,Golden Eagle Ylli,"A. Herndon,M. Mala,O. Williams,S. Flatten,S. Llapi","A. Scott,G. Morina,L. Basic,L. Shoshi,S. Bamforth",2126,2160,34,0.94,1.0,0.88,80,76,82,77,2,1,1,1,0,0,0,0,0,0,1,0,0,0,0,0,0,0,0,2,1,0,0,1,0,0,0,0,0,0,0,0,0,0,0,0,0,0,0,0,0,0,0,0,0,0,0,0,0,0,0,0,0,0
2803056,2026-01-17,4,GO+Peja,Golden Eagle Ylli,"A. Herndon,M. Mala,O. Williams,S. Flatten,S. Llapi","A. Scott,G. Morina,L. Shoshi,S. Bamforth,T. Allen",2160,2271,111,2.43,1.93,2.93,82,77,82,86,0,9,2,0,2,0,0,0,1,0,0,0,0,1,0,4,3,3,3,0,0,1,1,1,0,0,0,0,0,0,0,0,0,0,0,0,0,0,0,0,0,0,0,0,0,0,0,0,0,0,0,0,0,0
2803056,2026-01-17,4,GO+Peja,Golden Eagle Ylli,"A. Hajdari,C. Edwards,M. Mala,O. Williams,S. Flatten","A. Scott,G. Morina,L. Shoshi,S. Bamforth,T. Allen",2271,2286,15,0.96,0.93,1.0,82,86,82,88,0,2,1,0,1,0,0,0,1,0,0,0,0,1,0,1,1,0,0,0,0,0,0,1,0,0,0,1,0,0,0,0,0,0,0,0,0,0,0,0,0,0,0,0,0,0,0,0,0,0,0,0,0,0
2803056,2026-01-17,4,GO+Peja,Golden Eagle Ylli,"A. Hajdari,A. Herndon,M. Mala,O. Williams,S. Flatten","A. Scott,B. Huffman,G. Morina,S. Bamforth,T. Allen",2286,2375,89,2.9,2.88,2.93,84,88,88,90,4,2,2,1,2,1,2,1,0,2,0,0,1,0,0,4,1,0,0,0,0,1,1,0,0,0,0,1,0,0,0,0,0,0,0,0,0,0,0,0,0,0,0,0,0,0,0,0,0,0,0,0,0,0
2803056,2026-01-17,4,GO+Peja,Golden Eagle Ylli,"A. Hajdari,A. Herndon,M. Mala,O. Williams,S. Flatten","A. Scott,G. Morina,L. Basic,S. Bamforth,T. Allen",2375,2379,4,0.55,0.1,1.0,88,90,88,90,0,0,0,0,0,0,0,0,0,0,0,0,0,0,1,0,0,0,0,0,0,0,0,0,0,0,1,0,0,0,0,0,0,0,0,0,0,0,0,0,0,0,0,0,0,0,0,0,0,0,0,0,0,0
2803056,2026-01-17,4,GO+Peja,Golden Eagle Ylli,"A. Hajdari,A. Herndon,M. Mala,O. Williams,S. Flatten","A. Scott,B. Huffman,G. Morina,S. Bamforth,T. Allen",2379,2390,11,0.72,1.34,0.1,88,90,89,90,1,0,1,0,1,0,2,1,1,0,0,0,0,0,1,0,0,0,0,0,0,0,1,0,0,0,0,1,0,0,0,0,0,0,0,0,0,0,0,0,0,0,0,0,0,0,0,0,0,0,0,0,0,0
2803056,2026-01-17,4,GO+Peja,Golden Eagle Ylli,"A. Hajdari,C. Edwards,M. Mala,O. Williams,S. Flatten","A. Scott,B. Huffman,G. Morina,S. Bamforth,T. Allen",2390,2399,9,0.94,1.0,0.88,89,90,89,90,0,0,1,0,1,0,0,0,0,1,0,0,0,0,0,0,0,0,0,2,0,0,0,0,0,0,0,0,0,0,0,0,0,0,0,0,0,0,0,0,0,0,0,0,0,0,0,0,0,0,0,0,0,0
2803055,2026-01-18,1,Vëllaznimi,Trepça,"A. Gordon,A. Koshi,D. Wilson,J. Hellems,S. Zekiqi","A. Vining,K. Hasbrouck,M. Amzil,M. Tmusic,S. Jones",0,201,201,6.4,6.88,5.93,0,0,1,6,1,6,3,0,1,0,2,1,0,3,0,0,0,3,2,7,3,1,0,0,0,1,3,2,3,0,0,1,0,0,0,0,0,0,0,0,0,0,0,0,0,0,0,0,0,0,0,0,0,0,0,0,0,0
2803055,2026-01-18,1,Vëllaznimi,Trepça,"A. Koshi,D. Wilson,J. Hellems,S. Zekiqi,Y. Anei","A. Vining,K. Hasbrouck,M. Amzil,M. Tmusic,S. Jones",201,300,99,4.66,4.0,5.31,1,6,1,12,0,6,1,0,1,0,0,0,0,2,0,1,0,3,2,6,2,2,1,2,1,3,1,1,2,0,1,2,0,0,0,0,0,0,0,0,0,0,0,0,0,0,0,0,0,0,0,0,0,0,0,0,0,0
2803055,2026-01-18,1,Vëllaznimi,Trepça,"A. Koshi,D. Wilson,J. Hellems,S. Zekiqi,Y. Anei","B. Tuna,K. Hasbrouck,M. Amzil,M. Tmusic,S. Jones",300,324,24,0.55,1.0,0.1,1,12,1,12,0,0,0,0,0,0,0,0,0,0,0,0,0,1,1,0,0,0,0,0,0,0,0,0,0,0,0,0,0,0,0,0,0,0,0,0,0,0,0,0,0,0,0,0,0,0,0,0,0,0,0,0,0,0
2803055,2026-01-18,1,Vëllaznimi,Trepça,"A. Gordon,A. Koshi,D. Wilson,J. Hellems,S. Zekiqi","B. Tuna,K. Hasbrouck,M. Amzil,M. Tmusic,S. Jones",324,403,79,2.44,2.0,2.88,1,12,1,19,0,7,1,0,1,0,0,0,0,0,0,0,0,1,0,2,2,2,2,2,1,0,1,2,0,0,0,0,0,0,0,0,0,0,0,0,0,0,0,0,0,0,0,0,0,0,0,0,0,0,0,0,0,0
2803055,2026-01-18,1,Vëllaznimi,Trepça,"A. Gordon,A. Rushiti,D. Wilson,J. Hellems,S. Zekiqi","B. Tuna,K. Hasbrouck,M. Amzil,M. Tmusic,S. Jones",403,445,42,3.08,4.17,2.0,1,19,2,19,1,0,2,0,0,0,2,1,1,1,0,1,1,2,1,1,0,0,0,0,0,0,2,0,0,1,1,2,0,0,0,0,0,0,0,0,0,0,0,0,0,0,0,0,0,0,0,0,0,0,0,0,0,0
2803055,2026-01-18,1,Vëllaznimi,Trepça,"A. Gordon,A. Rushiti,D. Wilson,J. Hellems,S. Zekiqi","B. Tuna,D. Kapiti,K. Hasbrouck,M. Amzil,M. Tmusic",445,487,42,1.5,1.0,2.0,2,19,2,22,0,3,1,0,0,0,0,0,0,1,0,0,0,0,0,2,1,2,1,0,0,0,1,0,0,0,0,1,0,0,0,0,0,0,0,0,0,0,0,0,0,0,0,0,0,0,0,0,0,0,0,0,0,0
2803055,2026-01-18,1,Vëllaznimi,Trepça,"A. Gordon,A. Rushiti,D. Wilson,J. Hellems,S. Zekiqi","B. Tuna,D. Kapiti,K. Hasbrouck,M. Tmusic,S. Jones",487,512,25,0.49,0.88,0.1,2,22,3,22,1,0,0,0,0,0,2,1,0,0,0,0,0,0,0,0,0,0,0,0,0,0,1,0,0,0,0,0,0,0,0,0,0,0,0,0,0,0,0,0,0,0,0,0,0,0,0,0,0,0,0,0,0,0
2803055,2026-01-18,1,Vëllaznimi,Trepça,"A. Gordon,A. Rushiti,J. Hellems,S. Zekiqi,Z. Reid","A. Vining,B. Tuna,D. Kapiti,M. Tmusic,S. Jones",512,600,88,2.94,2.88,3.0,3,22,11,24,8,2,2,2,2,2,2,2,0,1,0,1,0,0,0,2,1,1,0,0,0,0,0,0,0,0,1,1,0,0,0,0,0,0,0,0,0,0,0,0,0,0,0,0,0,0,0,0,0,0,0,0,0,0
2803055,2026-01-18,2,Vëllaznimi,Trepça,"A. Gordon,A. Rushiti,J. Hellems,S. Zekiqi,Z. Reid","A. Vining,B. Tuna,D. Kapiti,K. Hasbrouck,M. Amzil",600,815,215,6.46,6.0,6.93,11,24,20,33,9,9,5,4,2,1,0,0,0,2,1,1,0,1,0,6,3,6,3,0,0,1,1,3,1,0,2,2,0,0,0,0,0,0,0,0,0,0,0,0,0,0,0,0,0,0,0,0,0,0,0,0,0,0
2803055,2026-01-18,2,Vëllaznimi,Trepça,"A. Gordon,A. Rushiti,D. Wilson,S. Zekiqi,Z. Reid","A. Vining,B. Tuna,D. Kapiti,M. Amzil,M. Tmusic",815,849,34,1.5,2.0,1.0,20,33,20,33,0,0,2,0,1,0,0,0,0,0,0,1,0,0,1,0,0,0,0,0,0,0,2,0,0,0,1,0,0,0,0,0,0,0,0,0,0,0,0,0,0,0,0,0,0,0,0,0,0,0,0,0,0,0
2803055,2026-01-18,2,Vëllaznimi,Trepça,"A. Gordon,A. Koshi,D. Wilson,S. Zekiqi,Z. Reid","A. Vining,B. Tuna,D. Kapiti,M. Amzil,M. Tmusic",849,933,84,2.0,2.0,2.0,20,33,20,33,0,0,1,0,1,0,0,0,0,2,0,0,0,1,0,2,0,1,0,0,0,0,1,0,0,0,0,1,0,0,0,0,0,0,0,0,0,0,0,0,0,0,0,0,0,0,0,0,0,0,0,0,0,0
2803055,2026-01-18,2,Vëllaznimi,Trepça,"A. Gordon,A. Koshi,D. Wilson,S. Zekiqi,Z. Reid","A. Vining,D. Kapiti,K. Hasbrouck,M. Tmusic,S. Jones",933,967,34,0.96,1.0,0.93,20,33,20,33,0,0,0,0,0,0,0,0,0,1,0,0,1,1,1,2,0,1,0,0,0,1,0,0,1,0,0,0,0,0,0,0,0,0,0,0,0,0,0,0,0,0,0,0,0,0,0,0,0,0,0,0,0,0
2803055,2026-01-18,2,Vëllaznimi,Trepça,"A. Bedra,A. Gordon,D. Wilson,J. Hellems,S. Zekiqi","A. Vining,D. Kapiti,K. Hasbrouck,M. Tmusic,S. Jones",967,1037,70,2.44,2.88,2.0,20,33,22,35,2,2,0,0,0,0,2,2,0,1,0,0,0,2,1,2,1,0,0,0,0,0,0,1,0,0,0,2,0,0,0,0,0,0,0,0,0,0,0,0,0,0,0,0,0,0,0,0,0,0,0,0,0,0
2803055,2026-01-18,2,Vëllaznimi,Trepça,"A. Bedra,A. Gordon,D. Wilson,J. Hellems,S. Zekiqi","A. Vining,B. Tuna,K. Hasbrouck,M. Amzil,S. Jones",1037,1106,69,2.94,2.88,3.0,22,35,23,37,1,2,2,0,1,0,2,1,0,2,0,0,0,0,1,3,1,2,0,0,0,0,2,0,0,1,0,1,0,0,0,0,0,0,0,0,0,0,0,0,0,0,0,0,0,0,0,0,0,0,0,0,0,0
2803055,2026-01-18,2,Vëllaznimi,Trepça,"A. Bedra,A. Gordon,J. Hellems,S. Zekiqi,Z. Reid","A. Vining,B. Tuna,K. Hasbrouck,M. Amzil,S. Jones",1106,1144,38,0.49,0.1,0.88,23,37,23,38,0,1,0,0,0,0,0,0,0,0,0,0,0,0,0,0,0,0,0,2,1,0,0,0,0,0,0,0,0,0,0,0,0,0,0,0,0,0,0,0,0,0,0,0,0,0,0,0,0,0,0,0,0,0
2803055,2026-01-18,2,Vëllaznimi,Trepça,"A. Gordon,A. Rushiti,J. Hellems,S. Zekiqi,Z. Reid","A. Gashi,A. Vining,B. Tuna,M. Amzil,S. Jones",1144,1169,25,1.05,2.0,0.1,23,38,23,38,0,0,1,0,1,0,0,0,0,0,0,0,0,1,0,0,0,0,0,0,0,0,0,0,0,0,0,0,0,0,0,0,0,0,0,0,0,0,0,0,0,0,0,0,0,0,0,0,0,0,0,0,0,0
2803055,2026-01-18,2,Vëllaznimi,Trepça,"A. Gordon,A. Rushiti,J. Hellems,S. Zekiqi,Z. Reid","A. Vining,B. Tuna,K. Hasbrouck,M. Tmusic,S. Jones",1169,1200,31,1.0,1.0,1.0,23,38,26,41,3,3,1,1,1,1,0,0,0,0,1,0,0,0,0,1,1,1,1,0,0,0,0,1,0,0,0,0,0,0,0,0,0,0,0,0,0,0,0,0,0,0,0,0,0,0,0,0,0,0,0,0,0,0
2803055,2026-01-18,3,Vëllaznimi,Trepça,"A. Gordon,A. Koshi,D. Wilson,J. Hellems,S. Zekiqi","A. Vining,B. Tuna,D. Kapiti,K. Hasbrouck,M. Amzil",1200,1283,83,0.96,0.93,1.0,26,41,29,44,3,3,2,1,1,1,0,0,1,0,0,0,0,0,1,1,1,1,1,0,0,0,0,0,0,0,0,2,0,0,0,0,0,0,0,0,0,0,0,0,0,0,0,0,0,0,0,0,0,0,0,0,0,0
2803055,2026-01-18,3,Vëllaznimi,Trepça,"A. Gordon,A. Koshi,D. Wilson,J. Hellems,S. Zekiqi","A. Vining,D. Kapiti,K. Hasbrouck,M. Amzil,M. Tmusic",1283,1331,48,2.38,2.76,2.0,29,44,34,46,5,2,1,1,0,0,4,3,0,1,1,0,0,0,0,2,1,0,0,0,0,0,0,0,0,0,0,1,0,0,0,0,0,0,0,0,0,0,0,0,0,0,0,0,0,0,0,0,0,0,0,0,0,0
2803055,2026-01-18,3,Vëllaznimi,Trepça,"A. Gordon,A. Koshi,D. Wilson,J. Hellems,S. Zekiqi","A. Vining,K. Hasbrouck,M. Amzil,M. Tmusic,S. Jones",1331,1346,15,0.1,0.1,0.1,34,46,34,46,0,0,0,0,0,0,0,0,0,0,0,0,0,0,1,0,0,0,0,0,0,0,0,0,0,0,0,0,0,0,0,0,0,0,0,0,0,0,0,0,0,0,0,0,0,0,0,0,0,0,0,0,0,0
2803055,2026-01-18,3,Vëllaznimi,Trepça,"A. Gordon,A. Koshi,D. Wilson,S. Zekiqi,Z. Reid","A. Vining,K. Hasbrouck,M. Amzil,M. Tmusic,S. Jones",1346,1448,102,2.37,1.86,2.88,34,46,34,49,0,3,3,0,2,0,0,0,2,1,0,0,0,1,0,2,1,0,0,2,1,0,1,2,1,0,0,1,0,0,0,0,0,0,0,0,0,0,0,0,0,0,0,0,0,0,0,0,0,0,0,0,0,0
2803055,2026-01-18,3,Vëllaznimi,Trepça,"A. Koshi,D. Wilson,S. Zekiqi,Y. Anei,Z. Reid","B. Tuna,K. Hasbrouck,M. Amzil,M. Tmusic,S. Jones",1448,1521,73,2.46,3.0,1.93,34,49,38,49,4,0,3,2,1,0,0,0,0,2,0,0,1,0,0,3,0,2,0,0,0,1,1,0,0,0,0,0,0,0,0,0,0,0,0,0,0,0,0,0,0,0,0,0,0,0,0,0,0,0,0,0,0,0
2803055,2026-01-18,3,Vëllaznimi,Trepça,"A. Koshi,D. Wilson,S. Zekiqi,Y. Anei,Z. Reid","A. Vining,B. Tuna,M. Amzil,M. Tmusic,S. Jones",1521,1528,7,1.05,0.1,2.0,38,49,38,49,0,0,0,0,0,0,0,0,0,0,0,0,0,0,0,0,0,0,0,0,0,0,0,0,0,0,2,1,0,0,0,0,0,0,0,0,0,0,0,0,0,0,0,0,0,0,0,0,0,0,0,0,0,0
2803055,2026-01-18,3,Vëllaznimi,Trepça,"A. Koshi,J. Hellems,S. Zekiqi,Y. Anei,Z. Reid","A. Vining,B. Tuna,M. Amzil,M. Tmusic,S. Jones",1528,1539,11,0.49,0.88,0.1,38,49,39,49,1,0,0,0,0,0,2,1,0,0,0,0,0,0,0,0,0,0,0,0,0,0,0,0,0,0,0,1,0,0,0,0,0,0,0,0,0,0,0,0,0,0,0,0,0,0,0,0,0,0,0,0,0,0
2803055,2026-01-18,3,Vëllaznimi,Trepça,"A. Koshi,J. Hellems,S. Zekiqi,Y. Anei,Z. Reid","A. Vining,B. Tuna,K. Hasbrouck,M. Amzil,S. Jones",1539,1739,200,7.45,7.64,7.25,39,49,50,59,11,10,4,3,0,0,6,5,0,1,0,1,0,1,4,5,3,2,1,3,3,1,1,1,1,0,2,3,0,0,0,0,0,0,0,0,0,0,0,0,0,0,0,0,0,0,0,0,0,0,0,0,0,0
2803055,2026-01-18,3,Vëllaznimi,Trepça,"A. Koshi,A. Rushiti,D. Wilson,Y. Anei,Z. Reid","A. Gashi,A. Vining,B. Tuna,D. Kapiti,M. Amzil",1739,1800,61,1.41,1.93,0.88,50,61,54,62,4,1,3,2,0,0,0,0,1,0,0,0,0,0,1,0,0,0,0,2,1,0,0,0,0,0,0,0,0,0,0,0,0,0,0,0,0,0,0,0,0,0,0,0,0,0,0,0,0,0,0,0,0,0
2803055,2026-01-18,4,Vëllaznimi,Trepça,"A. Koshi,A. Rushiti,D. Wilson,Y. Anei,Z. Reid","A. Vining,B. Tuna,D. Kapiti,M. Amzil,M. Tmusic",1800,1851,51,2.0,2.0,2.0,54,62,58,62,4,0,2,2,0,0,0,0,0,2,2,0,0,0,0,2,0,0,0,0,0,0,0,0,0,0,0,1,0,0,0,0,0,0,0,0,0,0,0,0,0,0,0,0,0,0,0,0,0,0,0,0,0,0
2803055,2026-01-18,4,Vëllaznimi,Trepça,"A. Koshi,A. Rushiti,D. Wilson,Y. Anei,Z. Reid","A. Vining,B. Tuna,M. Amzil,M. Tmusic,S. Jones",1851,2019,168,5.05,5.17,4.93,58,62,64,67,6,5,4,2,3,1,2,1,1,1,1,0,0,1,4,4,2,3,1,0,0,1,2,1,1,0,2,3,0,0,0,0,0,0,0,0,0,0,0,0,0,0,0,0,0,0,0,0,0,0,0,0,0,0
2803055,2026-01-18,4,Vëllaznimi,Trepça,"A. Koshi,D. Wilson,S. Zekiqi,Y. Anei,Z. Reid","A. Vining,K. Hasbrouck,M. Amzil,M. Tmusic,S. Jones",2019,2066,47,1.0,1.0,1.0,64,67,64,67,0,0,1,0,1,0,0,0,0,1,0,0,0,0,1,1,0,1,0,0,0,0,1,0,0,0,0,0,0,0,0,0,0,0,0,0,0,0,0,0,0,0,0,0,0,0,0,0,0,0,0,0,0,0
2803055,2026-01-18,4,Vëllaznimi,Trepça,"A. Koshi,A. Rushiti,D. Wilson,Y. Anei,Z. Reid","A. Vining,K. Hasbrouck,M. Amzil,M. Tmusic,S. Jones",2066,2067,1,0.49,0.1,0.88,64,67,64,68,0,1,0,0,0,0,0,0,0,1,0,0,0,0,0,0,0,0,0,2,1,0,0,0,0,0,0,0,0,0,0,0,0,0,0,0,0,0,0,0,0,0,0,0,0,0,0,0,0,0,0,0,0,0
2803055,2026-01-18,4,Vëllaznimi,Trepça,"A. Koshi,A. Rushiti,J. Hellems,Y. Anei,Z. Reid","A. Vining,K. Hasbrouck,M. Amzil,M. Tmusic,S. Jones",2067,2104,37,1.0,1.0,1.0,64,68,64,71,0,3,1,0,1,0,0,0,0,0,0,0,0,0,0,1,1,1,1,0,0,0,1,1,0,0,0,1,0,0,0,0,0,0,0,0,0,0,0,0,0,0,0,0,0,0,0,0,0,0,0,0,0,0
2803055,2026-01-18,4,Vëllaznimi,Trepça,"A. Koshi,A. Rushiti,D. Wilson,J. Hellems,Y. Anei","B. Tuna,K. Hasbrouck,M. Amzil,M. Tmusic,S. Jones",2104,2235,131,3.02,2.88,3.17,67,71,71,73,4,2,2,1,1,0,2,2,0,2,0,0,0,0,2,3,1,1,0,2,0,1,1,1,0,0,0,1,0,0,0,0,0,0,0,0,0,0,0,0,0,0,0,0,0,0,0,0,0,0,0,0,0,0
2803055,2026-01-18,4,Vëllaznimi,Trepça,"A. Koshi,A. Rushiti,D. Wilson,Y. Anei,Z. Reid","B. Tuna,K. Hasbrouck,M. Amzil,M. Tmusic,S. Jones",2235,2360,125,4.8,5.0,4.6,71,73,73,77,2,4,2,1,1,0,0,0,0,2,0,0,1,3,2,4,1,2,0,5,2,2,1,0,1,0,0,0,0,0,0,0,0,0,0,0,0,0,0,0,0,0,0,0,0,0,0,0,0,0,0,0,0,0
2803055,2026-01-18,4,Vëllaznimi,Trepça,"A. Gordon,A. Koshi,A. Rushiti,D. Wilson,Z. Reid","B. Tuna,K. Hasbrouck,M. Amzil,M. Tmusic,S. Jones",2360,2399,39,1.4,0.93,1.88,73,77,73,78,0,1,2,0,1,0,0,0,1,2,0,0,0,0,1,1,0,0,0,2,1,0,1,0,0,1,0,0,0,0,0,0,0,0,0,0,0,0,0,0,0,0,0,0,0,0,0,0,0,0,0,0,0,0
2806232,2026-01-25,1,Trepça,Bashkimi,"A. Vining,K. Hasbrouck,M. Amzil,M. Tmusic,S. Jones","D. Lake,I. Cousins,L. Zeqiri,M. Armstead,S. Shorter",0,223,223,6.46,5.93,7.0,0,0,7,7,7,7,6,3,4,1,0,0,1,2,0,1,0,1,0,5,3,2,1,0,0,0,2,2,0,0,2,1,0,0,0,0,0,0,0,0,0,0,0,0,0,0,0,0,0,0,0,0,0,0,0,0,0,0
2806232,2026-01-25,1,Trepça,Bashkimi,"A. Vining,K. Hasbrouck,M. Amzil,M. Tmusic,S. Jones","D. Lake,I. Cousins,L. Zeqiri,S. Shorter,V. Bunjaku",223,333,110,3.44,4.0,2.88,7,7,14,11,7,4,4,3,1,1,0,0,0,1,3,0,0,0,2,2,1,1,0,2,2,0,1,0,0,0,0,1,0,0,0,0,0,0,0,0,0,0,0,0,0,0,0,0,0,0,0,0,0,0,0,0,0,0
2806232,2026-01-25,1,Trepça,Bashkimi,"A. Vining,K. Hasbrouck,M. Amzil,M. Tmusic,S. Jones","D. Lake,I. Cousins,M. Janjeva,S. Shorter,V. Bunjaku",333,427,94,2.72,2.44,3.0,14,11,20,11,6,0,2,2,1,1,1,1,0,0,1,1,0,0,1,0,0,0,0,0,0,0,0,0,0,0,3,2,0,0,0,0,0,0,0,0,0,0,0,0,0,0,0,0,0,0,0,0,0,0,0,0,0,0
2806232,2026-01-25,1,Trepça,Bashkimi,"A. Vining,M. Amzil,M. Tmusic,S. Henry,S. Jones","I. Nwamu,M. Armstead,M. Janjeva,S. Shorter,T. Bickerstaff",427,505,78,1.9,2.0,1.81,20,11,23,15,3,4,2,1,2,1,0,0,0,0,1,0,0,0,0,2,1,0,0,2,2,1,1,1,0,0,0,0,0,0,0,0,0,0,0,0,0,0,0,0,0,0,0,0,0,0,0,0,0,0,0,0,0,0
2806232,2026-01-25,1,Trepça,Bashkimi,"A. Vining,D. Kapiti,M. Amzil,M. Tmusic,S. Henry","I. Nwamu,M. Armstead,M. Janjeva,S. Shorter,T. Bickerstaff",505,577,72,1.46,1.0,1.93,23,15,26,19,3,4,1,1,1,1,0,0,0,0,1,0,0,0,0,3,2,0,0,0,0,1,0,0,0,0,0,1,0,0,0,0,0,0,0,0,0,0,0,0,0,0,0,0,0,0,0,0,0,0,0,0,0,0
2806232,2026-01-25,1,Trepça,Bashkimi,"D. Kapiti,K. Hasbrouck,M. Tmusic,S. Henry,S. Jones","I. Cousins,I. Nwamu,M. Armstead,M. Janjeva,T. Bickerstaff",577,600,23,1.0,1.0,1.0,28,19,28,19,0,0,1,0,0,0,0,0,0,1,0,0,0,0,0,1,0,1,0,0,0,0,0,0,0,0,0,0,0,0,0,0,0,0,0,0,0,0,0,0,0,0,0,0,0,0,0,0,0,0,0,0,0,0
2806232,2026-01-25,2,Trepça,Bashkimi,"A. Vining,D. Kapiti,K. Hasbrouck,S. Henry,S. Jones","I. Cousins,I. Nwamu,M. Armstead,M. Janjeva,T. Bickerstaff",600,642,42,2.44,2.88,2.0,28,19,30,23,2,4,0,0,0,0,2,2,0,0,0,0,0,2,0,2,2,0,0,0,0,0,0,1,1,0,0,1,0,0,0,0,0,0,0,0,0,0,0,0,0,0,0,0,0,0,0,0,0,0,0,0,0,0
2806232,2026-01-25,2,Trepça,Bashkimi,"A. Vining,D. Kapiti,K. Hasbrouck,S. Henry,S. Jones","I. Cousins,I. Nwamu,L. Zeqiri,M. Armstead,T. Bickerstaff",642,691,49,1.94,1.0,2.88,30,23,30,27,0,4,1,0,1,0,0,0,0,0,0,0,0,0,2,2,2,0,0,2,0,0,1,0,0,0,0,0,0,0,0,0,0,0,0,0,0,0,0,0,0,0,0,0,0,0,0,0,0,0,0,0,0,0
2806232,2026-01-25,2,Trepça,Bashkimi,"A. Vining,K. Hasbrouck,M. Amzil,M. Tmusic,S. Jones","I. Cousins,I. Nwamu,L. Zeqiri,M. Armstead,T. Bickerstaff",691,754,63,2.72,3.0,2.44,30,27,37,31,7,4,3,3,1,1,0,0,0,0,1,0,0,0,0,1,1,1,1,1,1,0,0,1,0,0,1,0,0,0,0,0,0,0,0,0,0,0,0,0,0,0,0,0,0,0,0,0,0,0,0,0,0,0
2806232,2026-01-25,2,Trepça,Bashkimi,"A. Vining,K. Hasbrouck,M. Amzil,M. Tmusic,S. Jones","D. Lake,I. Cousins,I. Nwamu,L. Zeqiri,V. Bunjaku",754,858,104,3.46,3.0,3.93,37,31,41,33,4,2,3,2,1,0,0,0,0,3,1,0,0,0,1,5,1,1,0,0,0,1,1,0,0,0,0,1,0,0,0,0,0,0,0,0,0,0,0,0,0,0,0,0,0,0,0,0,0,0,0,0,0,0
2806232,2026-01-25,2,Trepça,Bashkimi,"A. Vining,K. Hasbrouck,M. Amzil,M. Tmusic,S. Jones","D. Lake,I. Nwamu,L. Zeqiri,S. Shorter,V. Bunjaku",858,869,11,0.49,0.88,0.1,41,33,42,33,1,0,0,0,0,0,2,1,0,0,0,0,0,0,1,0,0,0,0,0,0,0,0,0,0,0,0,0,0,0,0,0,0,0,0,0,0,0,0,0,0,0,0,0,0,0,0,0,0,0,0,0,0,0
2806232,2026-01-25,2,Trepça,Bashkimi,"A. Vining,B. Tuna,K. Hasbrouck,M. Amzil,S. Jones","D. Lake,I. Nwamu,L. Zeqiri,S. Shorter,V. Bunjaku",869,885,16,0.49,0.1,0.88,42,33,42,35,0,2,0,0,0,0,0,0,0,0,0,0,0,0,0,0,0,0,0,2,2,0,0,0,0,0,0,1,0,0,0,0,0,0,0,0,0,0,0,0,0,0,0,0,0,0,0,0,0,0,0,0,0,0
2806232,2026-01-25,2,Trepça,Bashkimi,"A. Vining,B. Tuna,K. Hasbrouck,M. Amzil,S. Jones","D. Lake,I. Nwamu,M. Janjeva,S. Shorter,V. Bunjaku",885,914,29,1.94,1.88,2.0,42,35,45,35,3,0,1,1,0,0,2,1,0,0,1,1,0,0,0,0,0,0,0,0,0,0,1,0,0,0,2,0,0,0,0,0,0,0,0,0,0,0,0,0,0,0,0,0,0,0,0,0,0,0,0,0,0,0
2806232,2026-01-25,2,Trepça,Bashkimi,"A. Vining,B. Tuna,K. Hasbrouck,M. Amzil,S. Jones","D. Lake,I. Nwamu,M. Armstead,M. Janjeva,S. Shorter",914,927,13,0.1,0.1,0.1,45,35,45,35,0,0,0,0,0,0,0,0,0,0,0,0,0,0,0,0,0,0,0,0,0,0,0,0,0,0,0,0,0,0,0,0,0,0,0,0,0,0,0,0,0,0,0,0,0,0,0,0,0,0,0,0,0,0
2806232,2026-01-25,2,Trepça,Bashkimi,"B. Tuna,K. Hasbrouck,M. Amzil,M. Tmusic,S. Jones","D. Lake,I. Nwamu,M. Armstead,M. Janjeva,S. Shorter",927,973,46,1.0,1.0,1.0,45,35,45,35,0,0,1,0,0,0,0,0,0,1,0,0,0,0,0,1,0,1,0,0,0,0,1,0,0,0,0,1,0,0,0,0,0,0,0,0,0,0,0,0,0,0,0,0,0,0,0,0,0,0,0,0,0,0
2806232,2026-01-25,2,Trepça,Bashkimi,"B. Tuna,M. Amzil,M. Tmusic,S. Henry,S. Jones","D. Lake,I. Nwamu,M. Armstead,M. Ismaili,S. Shorter",973,1080,107,3.4,3.93,2.88,45,35,45,37,0,2,3,0,2,0,0,0,1,1,0,0,0,2,3,1,0,1,0,2,2,0,2,0,2,0,1,0,0,0,0,0,0,0,0,0,0,0,0,0,0,0,0,0,0,0,0,0,0,0,0,0,0,0
2806232,2026-01-25,2,Trepça,Bashkimi,"A. Vining,B. Tuna,K. Hasbrouck,M. Amzil,S. Jones","D. Lake,I. Nwamu,M. Armstead,M. Ismaili,S. Shorter",1080,1197,117,5.66,4.81,6.52,45,37,47,42,2,5,5,0,4,0,2,2,1,2,0,2,0,0,2,1,0,1,0,8,5,0,4,0,0,0,2,1,0,0,0,0,0,0,0,0,0,0,0,0,0,0,0,0,0,0,0,0,0,0,0,0,0,0
2806232,2026-01-25,2,Trepça,Bashkimi,"A. Vining,B. Tuna,K. Hasbrouck,M. Amzil,S. Jones","I. Cousins,I. Nwamu,M. Armstead,M. Ismaili,S. Shorter",1197,1200,3,0.94,1.0,0.88,47,42,47,44,0,2,1,0,1,0,0,0,0,0,0,0,0,0,0,0,0,0,0,2,2,0,0,0,0,0,0,0,0,0,0,0,0,0,0,0,0,0,0,0,0,0,0,0,0,0,0,0,0,0,0,0,0,0
2806232,2026-01-25,3,Trepça,Bashkimi,"A. Vining,D. Kapiti,K. Hasbrouck,M. Amzil,M. Tmusic","D. Lake,I. Cousins,L. Zeqiri,M. Armstead,S. Shorter",1200,1281,81,3.17,2.34,4.0,47,44,51,46,4,2,2,1,1,1,2,1,1,0,2,0,0,0,0,1,1,0,0,0,0,0,1,0,0,0,3,3,0,0,0,0,0,0,0,0,0,0,0,0,0,0,0,0,0,0,0,0,0,0,0,0,0,0
2806232,2026-01-25,3,Trepça,Bashkimi,"A. Vining,D. Kapiti,K. Hasbrouck,M. Amzil,M. Tmusic","D. Lake,I. Cousins,L. Zeqiri,S. Shorter,V. Bunjaku",1281,1314,33,1.0,1.0,1.0,51,46,51,46,0,0,1,0,0,0,0,0,0,1,0,0,0,0,0,1,0,0,0,0,0,0,1,0,0,0,0,1,0,0,0,0,0,0,0,0,0,0,0,0,0,0,0,0,0,0,0,0,0,0,0,0,0,0
2806232,2026-01-25,3,Trepça,Bashkimi,"A. Vining,D. Kapiti,K. Hasbrouck,M. Amzil,M. Tmusic","I. Cousins,L. Zeqiri,S. Shorter,T. Bickerstaff,V. Bunjaku",1314,1443,129,4.08,5.28,2.88,51,46,53,51,2,5,4,1,2,0,2,0,2,0,1,0,0,2,2,1,1,1,1,2,2,0,2,1,0,0,1,1,0,0,0,0,0,0,0,0,0,0,0,0,0,0,0,0,0,0,0,0,0,0,0,0,0,0
2806232,2026-01-25,3,Trepça,Bashkimi,"A. Vining,K. Hasbrouck,M. Amzil,M. Tmusic,S. Jones","I. Cousins,L. Zeqiri,S. Shorter,T. Bickerstaff,V. Bunjaku",1443,1540,97,2.94,2.88,3.0,53,51,57,54,4,3,1,1,1,1,2,1,0,2,1,0,0,1,0,3,1,2,1,0,0,0,1,1,0,0,0,1,0,0,0,0,0,0,0,0,0,0,0,0,0,0,0,0,0,0,0,0,0,0,0,0,0,0
2806232,2026-01-25,3,Trepça,Bashkimi,"A. Vining,K. Hasbrouck,M. Amzil,M. Tmusic,S. Jones","I. Cousins,I. Nwamu,M. Janjeva,T. Bickerstaff,V. Bunjaku",1540,1616,76,2.46,2.0,2.93,57,54,63,59,6,5,2,2,2,2,0,0,0,0,0,1,0,0,0,3,2,1,1,0,0,1,0,2,0,0,1,1,0,0,0,0,0,0,0,0,0,0,0,0,0,0,0,0,0,0,0,0,0,0,0,0,0,0
2806232,2026-01-25,3,Trepça,Bashkimi,"A. Vining,K. Hasbrouck,M. Amzil,M. Tmusic,S. Jones","I. Nwamu,M. Ismaili,M. Janjeva,S. Shorter,T. Bickerstaff",1616,1628,12,0.49,0.88,0.1,63,59,63,59,0,0,0,0,0,0,2,0,0,0,0,0,0,0,1,0,0,0,0,0,0,0,1,0,0,0,0,0,0,0,0,0,0,0,0,0,0,0,0,0,0,0,0,0,0,0,0,0,0,0,0,0,0,0
2806232,2026-01-25,3,Trepça,Bashkimi,"A. Vining,B. Tuna,D. Kapiti,K. Hasbrouck,M. Tmusic","I. Nwamu,M. Ismaili,M. Janjeva,S. Shorter,T. Bickerstaff",1628,1645,17,1.16,1.44,0.88,63,59,66,60,3,1,1,1,0,0,1,1,0,0,1,0,0,0,0,0,0,0,0,2,1,0,0,0,0,0,0,1,0,0,0,0,0,0,0,0,0,0,0,0,0,0,0,0,0,0,0,0,0,0,0,0,0,0
2806232,2026-01-25,3,Trepça,Bashkimi,"A. Vining,B. Tuna,D. Kapiti,K. Hasbrouck,M. Tmusic","I. Nwamu,M. Armstead,M. Ismaili,S. Shorter,T. Bickerstaff",1645,1679,34,2.44,1.88,3.0,66,60,71,60,5,0,1,1,1,1,2,2,0,0,1,1,0,0,0,0,0,0,0,0,0,0,0,0,0,0,3,2,0,0,0,0,0,0,0,0,0,0,0,0,0,0,0,0,0,0,0,0,0,0,0,0,0,0
2806232,2026-01-25,3,Trepça,Bashkimi,"A. Vining,B. Tuna,D. Kapiti,K. Hasbrouck,M. Amzil","D. Lake,I. Nwamu,L. Zeqiri,M. Armstead,S. Shorter",1679,1696,17,0.1,0.1,0.1,71,60,71,60,0,0,0,0,0,0,0,0,0,0,0,0,0,0,1,0,0,0,0,0,0,0,0,0,0,0,0,0,0,0,0,0,0,0,0,0,0,0,0,0,0,0,0,0,0,0,0,0,0,0,0,0,0,0
2806232,2026-01-25,3,Trepça,Bashkimi,"B. Tuna,D. Kapiti,K. Hasbrouck,M. Amzil,M. Tmusic","D. Lake,I. Cousins,L. Zeqiri,M. Armstead,S. Shorter",1696,1784,88,2.76,2.44,3.08,71,60,73,61,2,1,2,1,1,0,1,0,0,3,1,0,0,0,1,3,0,1,0,2,1,1,2,1,0,0,0,1,0,0,0,0,0,0,0,0,0,0,0,0,0,0,0,0,0,0,0,0,0,0,0,0,0,0
2806232,2026-01-25,3,Trepça,Bashkimi,"B. Tuna,D. Kapiti,K. Hasbrouck,M. Amzil,M. Tmusic","D. Lake,I. Cousins,M. Armstead,M. Ismaili,S. Shorter",1784,1838,54,1.5,2.0,1.0,73,61,73,64,0,3,2,0,1,0,0,0,0,0,0,0,0,0,1,1,1,1,1,0,0,0,2,1,0,0,0,0,0,0,0,0,0,0,0,0,0,0,0,0,0,0,0,0,0,0,0,0,0,0,0,0,0,0
2806232,2026-01-25,4,Trepça,Bashkimi,"A. Vining,B. Tuna,D. Kapiti,K. Hasbrouck,M. Amzil","D. Lake,I. Cousins,M. Armstead,M. Ismaili,S. Shorter",1838,1965,127,3.36,3.93,2.79,73,64,77,66,4,2,4,2,2,0,0,0,1,1,2,1,0,1,1,5,1,2,0,0,0,3,1,0,1,0,1,1,0,0,0,0,0,0,0,0,0,0,0,0,0,0,0,0,0,0,0,0,0,0,0,0,0,0
2806232,2026-01-25,4,Trepça,Bashkimi,"A. Vining,B. Tuna,D. Kapiti,M. Amzil,M. Tmusic","D. Lake,I. Cousins,M. Armstead,M. Ismaili,S. Shorter",1965,1990,25,0.55,0.1,1.0,77,66,77,66,0,0,0,0,0,0,0,0,0,1,0,0,0,0,0,1,0,0,0,0,0,0,0,0,0,0,0,1,0,0,0,0,0,0,0,0,0,0,0,0,0,0,0,0,0,0,0,0,0,0,0,0,0,0
2806232,2026-01-25,4,Trepça,Bashkimi,"A. Vining,B. Tuna,D. Kapiti,M. Amzil,M. Tmusic","D. Lake,I. Cousins,I. Nwamu,M. Armstead,M. Ismaili",1990,2050,60,2.94,2.88,3.0,77,66,79,69,2,3,1,0,1,0,2,2,0,2,0,0,0,1,0,3,1,2,1,0,0,0,1,1,1,0,0,0,0,0,0,0,0,0,0,0,0,0,0,0,0,0,0,0,0,0,0,0,0,0,0,0,0,0
2806232,2026-01-25,4,Trepça,Bashkimi,"A. Vining,B. Tuna,M. Amzil,M. Tmusic,S. Jones","D. Lake,I. Cousins,I. Nwamu,M. Armstead,M. Ismaili",2050,2175,125,4.5,5.0,4.0,79,69,86,76,7,7,4,3,1,1,0,0,0,0,1,1,0,1,0,3,3,1,1,0,0,0,1,2,0,0,1,0,0,0,0,0,0,0,0,0,0,0,0,0,0,0,0,0,0,0,0,0,0,0,0,0,0,0
2806232,2026-01-25,4,Trepça,Bashkimi,"A. Vining,K. Hasbrouck,M. Amzil,M. Tmusic,S. Jones","I. Cousins,I. Nwamu,L. Zeqiri,M. Armstead,T. Bickerstaff",2175,2312,137,3.43,3.0,3.86,86,76,88,79,2,3,2,1,1,0,0,0,0,2,0,0,0,1,0,5,1,3,1,0,0,2,1,1,0,0,1,2,0,0,0,0,0,0,0,0,0,0,0,0,0,0,0,0,0,0,0,0,0,0,0,0,0,0
2806232,2026-01-25,4,Trepça,Bashkimi,"A. Vining,K. Hasbrouck,M. Amzil,M. Tmusic,S. Jones","I. Cousins,L. Zeqiri,S. Shorter,T. Bickerstaff,V. Bunjaku",2312,2400,88,3.33,3.88,2.79,88,79,90,81,2,2,2,0,0,0,2,2,0,0,0,1,0,1,0,4,1,1,0,0,0,2,2,0,0,0,2,1,0,0,0,0,0,0,0,0,0,0,0,0,0,0,0,0,0,0,0,0,0,0,0,0,0,0
2806233,2026-01-25,1,Golden Eagle Ylli,Vëllaznimi,"A. Scott,B. Huffman,E. Kastrati,G. Morina,S. Bamforth","A. Koshi,D. Wilson,J. Hellems,S. Zekiqi,Y. Anei",0,213,213,8.31,7.86,8.76,0,0,4,11,4,11,8,2,1,0,0,0,2,3,1,0,0,2,2,6,3,4,2,4,3,0,4,2,1,1,1,0,0,0,0,0,0,0,0,0,0,0,0,0,0,0,0,0,0,0,0,0,0,0,0,0,0,0
2806233,2026-01-25,1,Golden Eagle Ylli,Vëllaznimi,"A. Scott,E. Kastrati,G. Morina,L. Shoshi,S. Bamforth","A. Koshi,D. Wilson,J. Hellems,S. Zekiqi,Y. Anei",213,236,23,0.55,0.1,1.0,4,11,4,13,0,2,0,0,0,0,0,0,0,0,0,0,0,0,0,1,1,0,0,0,0,0,0,1,0,0,0,1,0,0,0,0,0,0,0,0,0,0,0,0,0,0,0,0,0,0,0,0,0,0,0,0,0,0
2806233,2026-01-25,1,Golden Eagle Ylli,Vëllaznimi,"A. Scott,E. Kastrati,G. Morina,L. Shoshi,S. Bamforth","A. Gordon,A. Koshi,D. Wilson,J. Hellems,S. Zekiqi",236,295,59,2.0,2.0,2.0,4,13,6,15,2,2,1,1,0,0,0,0,0,0,1,1,0,1,0,1,1,0,0,0,0,0,0,0,1,0,1,1,0,0,0,0,0,0,0,0,0,0,0,0,0,0,0,0,0,0,0,0,0,0,0,0,0,0
2806233,2026-01-25,1,Golden Eagle Ylli,Vëllaznimi,"A. Gashi,A. Scott,E. Kastrati,L. Shoshi,S. Bamforth","A. Gordon,A. Koshi,D. Wilson,J. Hellems,S. Zekiqi",295,406,111,3.38,4.0,2.76,6,15,11,19,5,4,3,2,2,1,0,0,0,1,2,0,0,1,2,1,0,1,0,4,4,0,1,0,0,0,0,0,0,0,0,0,0,0,0,0,0,0,0,0,0,0,0,0,0,0,0,0,0,0,0,0,0,0
2806233,2026-01-25,1,Golden Eagle Ylli,Vëllaznimi,"A. Gashi,E. Kastrati,L. Basic,L. Shoshi,S. Bamforth","A. Gordon,A. Koshi,D. Wilson,J. Hellems,S. Zekiqi",406,439,33,2.0,1.0,3.0,11,19,14,19,3,0,1,1,1,1,0,0,0,0,1,0,0,0,0,0,0,0,0,0,0,0,0,0,0,0,3,1,0,0,0,0,0,0,0,0,0,0,0,0,0,0,0,0,0,0,0,0,0,0,0,0,0,0
2806233,2026-01-25,1,Golden Eagle Ylli,Vëllaznimi,"A. Gashi,E. Kastrati,L. Basic,L. Shoshi,S. Bamforth","A. Gordon,A. Rushiti,D. Wilson,J. Hellems,S. Zekiqi",439,535,96,2.22,2.0,2.44,14,19,19,22,5,3,2,2,1,1,0,0,0,1,2,0,0,0,1,2,1,0,0,1,1,0,0,0,0,0,0,2,0,0,0,0,0,0,0,0,0,0,0,0,0,0,0,0,0,0,0,0,0,0,0,0,0,0
2806233,2026-01-25,1,Golden Eagle Ylli,Vëllaznimi,"E. Kastrati,G. Morina,L. Basic,L. Shoshi,S. Bamforth","A. Gordon,A. Rushiti,J. Hellems,S. Zekiqi,Z. Reid",535,600,65,2.46,1.93,3.0,21,22,21,22,0,0,2,0,2,0,0,0,1,1,0,1,0,1,0,2,0,1,0,0,0,0,1,0,0,0,1,0,0,0,0,0,0,0,0,0,0,0,0,0,0,0,0,0,0,0,0,0,0,0,0,0,0,0
2806233,2026-01-25,2,Golden Eagle Ylli,Vëllaznimi,"A. Scott,A. Çallakaj,E. Kastrati,G. Morina,L. Shoshi","A. Gordon,A. Rushiti,D. Wilson,S. Zekiqi,Z. Reid",600,657,57,1.15,1.37,0.93,21,22,24,22,3,0,2,1,0,0,1,1,1,1,1,0,0,0,0,2,0,0,0,0,0,1,0,0,0,1,0,1,0,0,0,0,0,0,0,0,0,0,0,0,0,0,0,0,0,0,0,0,0,0,0,0,0,0
2806233,2026-01-25,2,Golden Eagle Ylli,Vëllaznimi,"A. Scott,A. Çallakaj,E. Kastrati,G. Morina,L. Shoshi","A. Rushiti,D. Wilson,S. Zekiqi,Y. Anei,Z. Reid",657,699,42,1.46,2.0,0.93,24,22,24,22,0,0,2,0,0,0,0,0,0,1,0,0,0,0,0,2,0,2,0,0,0,1,2,0,0,0,0,0,0,0,0,0,0,0,0,0,0,0,0,0,0,0,0,0,0,0,0,0,0,0,0,0,0,0
2806233,2026-01-25,2,Golden Eagle Ylli,Vëllaznimi,"A. Scott,A. Çallakaj,B. Huffman,E. Kastrati,G. Morina","A. Rushiti,D. Wilson,S. Zekiqi,Y. Anei,Z. Reid",699,738,39,0.52,0.1,0.93,24,22,24,25,0,3,0,0,0,0,0,0,0,0,0,0,0,0,0,2,1,1,1,0,0,1,0,1,0,0,0,0,0,0,0,0,0,0,0,0,0,0,0,0,0,0,0,0,0,0,0,0,0,0,0,0,0,0
2806233,2026-01-25,2,Golden Eagle Ylli,Vëllaznimi,"A. Scott,A. Çallakaj,B. Huffman,E. Kastrati,G. Morina","A. Koshi,A. Rushiti,D. Wilson,Y. Anei,Z. Reid",738,898,160,5.22,5.44,5.0,24,25,31,31,7,6,3,3,0,0,1,1,0,3,2,0,0,2,2,5,2,2,2,0,0,0,0,2,0,0,0,2,0,0,0,0,0,0,0,0,0,0,0,0,0,0,0,0,0,0,0,0,0,0,0,0,0,0
2806233,2026-01-25,2,Golden Eagle Ylli,Vëllaznimi,"A. Scott,A. Çallakaj,B. Huffman,G. Morina,S. Bamforth","A. Koshi,A. Rushiti,J. Hellems,Y. Anei,Z. Reid",898,982,84,3.4,3.88,2.93,31,31,35,35,4,4,2,1,1,0,2,2,0,0,0,1,0,1,3,3,2,1,0,0,0,1,1,0,1,0,1,0,0,0,0,0,0,0,0,0,0,0,0,0,0,0,0,0,0,0,0,0,0,0,0,0,0,0
2806233,2026-01-25,2,Golden Eagle Ylli,Vëllaznimi,"A. Gashi,A. Scott,E. Kastrati,L. Shoshi,S. Bamforth","A. Koshi,A. Rushiti,J. Hellems,Y. Anei,Z. Reid",982,1043,61,2.26,1.88,2.64,35,35,36,40,1,5,1,0,1,0,2,1,0,0,0,0,0,0,2,0,0,0,0,6,5,0,2,0,0,0,0,1,0,0,0,0,0,0,0,0,0,0,0,0,0,0,0,0,0,0,0,0,0,0,0,0,0,0
2806233,2026-01-25,2,Golden Eagle Ylli,Vëllaznimi,"A. Scott,A. Çallakaj,E. Kastrati,L. Shoshi,S. Bamforth","A. Koshi,A. Rushiti,J. Hellems,Y. Anei,Z. Reid",1043,1103,60,1.4,2.0,0.81,36,40,36,42,0,2,1,0,1,0,0,0,0,0,0,0,0,1,2,1,0,0,0,2,2,1,1,0,1,0,0,0,0,0,0,0,0,0,0,0,0,0,0,0,0,0,0,0,0,0,0,0,0,0,0,0,0,0
2806233,2026-01-25,2,Golden Eagle Ylli,Vëllaznimi,"A. Scott,E. Kastrati,G. Morina,L. Basic,L. Shoshi","A. Gordon,A. Koshi,A. Rushiti,J. Hellems,Z. Reid",1103,1163,60,1.67,2.0,1.34,36,44,38,44,2,0,2,1,1,0,0,0,0,1,0,0,0,0,2,1,0,1,0,2,0,1,1,0,0,0,0,0,0,0,0,0,0,0,0,0,0,0,0,0,0,0,0,0,0,0,0,0,0,0,0,0,0,0
2806233,2026-01-25,2,Golden Eagle Ylli,Vëllaznimi,"A. Scott,B. Huffman,E. Kastrati,G. Morina,L. Basic","A. Gordon,A. Koshi,A. Rushiti,J. Hellems,Z. Reid",1163,1195,32,1.16,1.0,1.32,38,44,40,46,2,2,1,1,0,0,0,0,0,0,1,0,0,0,0,0,0,0,0,3,2,0,0,0,0,0,0,0,0,0,0,0,0,0,0,0,0,0,0,0,0,0,0,0,0,0,0,0,0,0,0,0,0,0
2806233,2026-01-25,2,Golden Eagle Ylli,Vëllaznimi,"A. Shala,E. Kastrati,G. Morina,L. Basic,S. Ahmeti","A. Gordon,A. Koshi,A. Rushiti,J. Hellems,Z. Reid",1195,1200,5,0.55,0.1,1.0,40,46,40,46,0,0,0,0,0,0,0,0,0,0,0,0,0,0,0,1,0,1,0,0,0,0,0,0,0,0,0,0,0,0,0,0,0,0,0,0,0,0,0,0,0,0,0,0,0,0,0,0,0,0,0,0,0,0
2806233,2026-01-25,3,Golden Eagle Ylli,Vëllaznimi,"A. Gashi,A. Scott,E. Kastrati,L. Shoshi,S. Bamforth","A. Koshi,D. Wilson,J. Hellems,S. Zekiqi,Y. Anei",1200,1402,202,6.72,6.44,7.0,40,46,49,49,9,3,5,4,1,0,1,1,0,6,3,0,0,1,0,7,1,3,1,0,0,0,1,1,1,0,0,3,0,0,0,0,0,0,0,0,0,0,0,0,0,0,0,0,0,0,0,0,0,0,0,0,0,0
2806233,2026-01-25,3,Golden Eagle Ylli,Vëllaznimi,"A. Gashi,A. Scott,B. Huffman,E. Kastrati,S. Bamforth","A. Gordon,A. Koshi,D. Wilson,J. Hellems,S. Zekiqi",1402,1455,53,2.12,2.37,1.88,49,49,52,51,3,2,3,1,2,0,1,1,1,1,0,0,0,0,1,1,0,1,0,2,2,0,1,0,0,0,0,1,0,0,0,0,0,0,0,0,0,0,0,0,0,0,0,0,0,0,0,0,0,0,0,0,0,0
2806233,2026-01-25,3,Golden Eagle Ylli,Vëllaznimi,"A. Scott,B. Huffman,E. Kastrati,G. Morina,S. Bamforth","A. Gordon,A. Koshi,D. Wilson,J. Hellems,S. Zekiqi",1455,1505,50,1.22,1.0,1.44,52,51,54,53,2,2,1,1,0,0,0,0,0,1,1,0,0,0,2,1,1,0,0,1,0,0,0,1,0,0,0,1,0,0,0,0,0,0,0,0,0,0,0,0,0,0,0,0,0,0,0,0,0,0,0,0,0,0
2806233,2026-01-25,3,Golden Eagle Ylli,Vëllaznimi,"B. Huffman,E. Kastrati,G. Morina,L. Basic,S. Bamforth","A. Gordon,A. Koshi,D. Wilson,J. Hellems,S. Zekiqi",1505,1548,43,1.44,1.88,1.0,54,53,56,55,2,2,0,0,0,0,2,2,0,0,1,0,0,1,0,1,1,0,0,0,0,0,0,1,0,0,0,0,0,0,0,0,0,0,0,0,0,0,0,0,0,0,0,0,0,0,0,0,0,0,0,0,0,0
2806233,2026-01-25,3,Golden Eagle Ylli,Vëllaznimi,"B. Huffman,E. Kastrati,G. Morina,L. Basic,S. Bamforth","A. Gordon,A. Koshi,D. Wilson,S. Zekiqi,Z. Reid",1548,1638,90,3.05,3.17,2.93,56,55,58,55,2,0,3,1,1,0,2,0,1,2,0,0,2,0,0,3,0,1,0,0,0,1,2,0,0,0,1,1,0,0,0,0,0,0,0,0,0,0,0,0,0,0,0,0,0,0,0,0,0,0,0,0,0,0
2806233,2026-01-25,3,Golden Eagle Ylli,Vëllaznimi,"B. Huffman,E. Kastrati,G. Morina,L. Basic,S. Bamforth","A. Koshi,D. Wilson,S. Zekiqi,Y. Anei,Z. Reid",1638,1649,11,0.55,0.1,1.0,58,55,58,57,0,2,0,0,0,0,0,0,0,0,0,0,0,0,1,1,1,0,0,0,0,0,0,0,0,0,0,0,0,0,0,0,0,0,0,0,0,0,0,0,0,0,0,0,0,0,0,0,0,0,0,0,0,0
2806233,2026-01-25,3,Golden Eagle Ylli,Vëllaznimi,"E. Kastrati,G. Morina,L. Basic,L. Shoshi,S. Bamforth","A. Koshi,D. Wilson,S. Zekiqi,Y. Anei,Z. Reid",1649,1661,12,0.66,0.88,0.44,58,57,60,58,2,1,0,0,0,0,2,2,0,0,0,0,0,0,0,0,0,0,0,1,1,0,0,0,0,0,0,1,0,0,0,0,0,0,0,0,0,0,0,0,0,0,0,0,0,0,0,0,0,0,0,0,0,0
2806233,2026-01-25,3,Golden Eagle Ylli,Vëllaznimi,"E. Kastrati,G. Morina,L. Basic,L. Shoshi,S. Bamforth","A. Rushiti,D. Wilson,S. Zekiqi,Y. Anei,Z. Reid",1661,1857,196,6.46,5.0,7.93,60,58,70,61,10,3,5,4,2,2,0,0,0,2,3,0,0,0,1,4,1,3,1,0,0,1,1,0,0,0,5,2,0,0,0,0,0,0,0,0,0,0,0,0,0,0,0,0,0,0,0,0,0,0,0,0,0,0
2806233,2026-01-25,4,Golden Eagle Ylli,Vëllaznimi,"E. Kastrati,G. Morina,L. Basic,L. Shoshi,S. Bamforth","A. Rushiti,J. Hellems,S. Zekiqi,Y. Anei,Z. Reid",1857,1882,25,0.55,1.0,0.1,70,61,72,61,2,0,1,1,0,0,0,0,0,0,1,0,0,0,1,1,0,0,0,0,0,1,0,0,0,0,0,0,0,0,0,0,0,0,0,0,0,0,0,0,0,0,0,0,0,0,0,0,0,0,0,0,0,0
2806233,2026-01-25,4,Golden Eagle Ylli,Vëllaznimi,"A. Scott,E. Kastrati,G. Morina,L. Basic,L. Shoshi","A. Rushiti,J. Hellems,S. Zekiqi,Y. Anei,Z. Reid",1882,1896,14,0.49,0.1,0.88,72,61,72,62,0,1,0,0,0,0,0,0,0,1,0,0,0,0,0,0,0,0,0,2,1,0,0,0,0,0,0,1,0,0,0,0,0,0,0,0,0,0,0,0,0,0,0,0,0,0,0,0,0,0,0,0,0,0
2806233,2026-01-25,4,Golden Eagle Ylli,Vëllaznimi,"A. Scott,E. Kastrati,G. Morina,L. Basic,L. Shoshi","A. Gordon,A. Rushiti,J. Hellems,S. Zekiqi,Z. Reid",1896,1915,19,0.55,1.0,0.1,72,62,72,62,0,0,1,0,1,0,0,0,0,0,0,0,0,0,2,0,0,0,0,0,0,0,1,0,0,0,0,0,0,0,0,0,0,0,0,0,0,0,0,0,0,0,0,0,0,0,0,0,0,0,0,0,0,0
2806233,2026-01-25,4,Golden Eagle Ylli,Vëllaznimi,"A. Scott,B. Huffman,E. Kastrati,G. Morina,L. Basic","A. Gordon,A. Rushiti,J. Hellems,S. Zekiqi,Z. Reid",1915,1963,48,1.9,1.0,2.81,72,62,72,66,0,4,1,0,1,0,0,0,0,1,0,0,0,0,1,3,1,1,0,2,2,1,1,1,0,0,0,0,0,0,0,0,0,0,0,0,0,0,0,0,0,0,0,0,0,0,0,0,0,0,0,0,0,0
2806233,2026-01-25,4,Golden Eagle Ylli,Vëllaznimi,"A. Scott,B. Huffman,E. Kastrati,G. Morina,S. Bamforth","A. Gordon,A. Rushiti,J. Hellems,S. Zekiqi,Z. Reid",1963,2062,99,2.43,2.93,1.93,72,66,77,66,5,0,4,2,2,1,0,0,1,2,1,0,0,0,1,3,0,0,0,0,0,1,1,0,0,0,0,0,0,0,0,0,0,0,0,0,0,0,0,0,0,0,0,0,0,0,0,0,0,0,0,0,0,0
2806233,2026-01-25,4,Golden Eagle Ylli,Vëllaznimi,"A. Scott,B. Huffman,E. Kastrati,G. Morina,S. Bamforth","A. Gordon,A. Koshi,D. Wilson,J. Hellems,S. Zekiqi",2062,2134,72,2.44,2.0,2.88,77,66,79,70,2,4,2,1,1,0,0,0,0,1,1,0,0,0,0,2,1,1,1,2,1,0,1,0,0,0,0,0,0,0,0,0,0,0,0,0,0,0,0,0,0,0,0,0,0,0,0,0,0,0,0,0,0,0
2806233,2026-01-25,4,Golden Eagle Ylli,Vëllaznimi,"A. Scott,A. Çallakaj,G. Morina,L. Shoshi,S. Bamforth","A. Koshi,D. Wilson,J. Hellems,S. Zekiqi,Y. Anei",2134,2186,52,2.0,2.0,2.0,79,70,79,72,0,2,1,0,0,0,0,0,0,0,0,0,0,1,0,1,1,0,0,0,0,0,1,0,1,0,1,1,0,0,0,0,0,0,0,0,0,0,0,0,0,0,0,0,0,0,0,0,0,0,0,0,0,0
2806233,2026-01-25,4,Golden Eagle Ylli,Vëllaznimi,"A. Scott,A. Çallakaj,G. Morina,L. Shoshi,S. Bamforth","A. Rushiti,D. Wilson,J. Hellems,S. Zekiqi,Y. Anei",2186,2303,117,2.96,3.0,2.93,79,72,84,74,5,2,3,2,1,1,0,0,0,1,0,0,0,0,0,3,1,2,0,0,0,1,1,0,0,0,1,3,0,0,0,0,0,0,0,0,0,0,0,0,0,0,0,0,0,0,0,0,0,0,0,0,0,0
2806233,2026-01-25,4,Golden Eagle Ylli,Vëllaznimi,"A. Scott,A. Çallakaj,G. Morina,L. Shoshi,S. Bamforth","A. Rushiti,D. Wilson,S. Zekiqi,Y. Anei,Z. Reid",2303,2333,30,2.44,1.88,3.0,84,74,86,76,2,2,0,0,0,0,2,2,0,0,0,0,0,1,0,1,1,0,0,0,0,0,0,0,0,0,2,1,0,0,0,0,0,0,0,0,0,0,0,0,0,0,0,0,0,0,0,0,0,0,0,0,0,0
2806233,2026-01-25,4,Golden Eagle Ylli,Vëllaznimi,"A. Scott,E. Kastrati,G. Morina,L. Shoshi,S. Bamforth","A. Rushiti,D. Wilson,S. Zekiqi,Y. Anei,Z. Reid",2333,2352,19,1.0,1.0,1.0,86,76,86,76,0,0,0,0,0,0,0,0,0,1,0,0,0,1,0,1,0,1,0,0,0,0,0,0,0,0,0,1,0,0,0,0,0,0,0,0,0,0,0,0,0,0,0,0,0,0,0,0,0,0,0,0,0,0
2806233,2026-01-25,4,Golden Eagle Ylli,Vëllaznimi,"A. Gashi,A. Scott,E. Kastrati,G. Morina,S. Bamforth","A. Rushiti,D. Wilson,S. Zekiqi,Y. Anei,Z. Reid",2352,2358,6,1.38,1.76,1.0,86,76,89,79,3,3,0,0,0,0,4,3,0,0,0,0,0,0,0,1,1,1,1,0,0,0,0,0,0,0,0,1,0,0,0,0,0,0,0,0,0,0,0,0,0,0,0,0,0,0,0,0,0,0,0,0,0,0
2806233,2026-01-25,4,Golden Eagle Ylli,Vëllaznimi,"A. Scott,A. Shala,E. Kastrati,G. Morina,S. Bamforth","A. Rushiti,D. Wilson,S. Zekiqi,Y. Anei,Z. Reid",2358,2396,38,2.44,1.88,3.0,89,79,90,86,1,7,0,0,0,0,2,1,0,0,0,0,0,1,0,3,3,1,1,0,0,0,0,2,1,0,0,1,0,0,0,0,0,0,0,0,0,0,0,0,0,0,0,0,0,0,0,0,0,0,0,0,0,0
2806231,2026-01-24,1,Bora,GO+Peja,"A. Hot,A. Hunter,L. Thomas,R. Memedi,S. Jules","C. Edwards,M. Mala,O. Williams,S. Llapi,T. Green",0,230,230,6.04,6.23,5.86,0,0,7,7,7,7,8,3,2,0,1,1,3,2,2,1,0,1,2,7,3,3,1,0,0,2,2,1,0,0,1,3,0,0,0,0,0,0,0,0,0,0,0,0,0,0,0,0,0,0,0,0,0,0,0,0,0,0
2806231,2026-01-24,1,Bora,GO+Peja,"A. Hot,A. Hunter,J. Zeqiri,L. Thomas,R. Memedi","C. Edwards,F. Shoshaj,M. Mala,O. Williams,T. Green",230,279,49,1.96,2.0,1.93,7,7,9,9,2,2,2,1,0,0,0,0,0,1,1,0,0,0,0,3,1,1,0,0,0,1,1,0,0,0,0,0,0,0,0,0,0,0,0,0,0,0,0,0,0,0,0,0,0,0,0,0,0,0,0,0,0,0
2806231,2026-01-24,1,Bora,GO+Peja,"A. Hot,A. Hunter,J. Zeqiri,R. Memedi,R. Ukaj","A. Herndon,F. Shoshaj,M. Mala,O. Williams,T. Green",279,319,40,1.0,1.0,1.0,9,9,9,9,0,0,1,0,1,0,0,0,0,1,0,0,0,0,1,1,0,0,0,0,0,0,1,0,0,0,0,0,0,0,0,0,0,0,0,0,0,0,0,0,0,0,0,0,0,0,0,0,0,0,0,0,0,0
2806231,2026-01-24,1,Bora,GO+Peja,"A. Hunter,J. Zeqiri,R. Ukaj,S. Jules,T. Cheese","A. Herndon,F. Shoshaj,M. Mala,O. Williams,T. Green",319,488,169,6.12,5.81,6.44,9,9,17,15,8,6,4,3,0,0,2,2,1,3,1,0,0,2,1,5,3,1,0,1,0,0,0,2,1,1,1,1,0,0,0,0,0,0,0,0,0,0,0,0,0,0,0,0,0,0,0,0,0,0,0,0,0,0
2806231,2026-01-24,1,Bora,GO+Peja,"A. Hot,J. Zeqiri,R. Ukaj,S. Jules,T. Cheese","A. Herndon,C. Edwards,F. Shoshaj,M. Mala,O. Williams",488,521,33,1.0,1.0,1.0,17,15,20,15,3,0,1,1,1,1,0,0,0,1,1,0,1,0,1,1,0,0,0,0,0,0,0,0,0,0,0,0,0,0,0,0,0,0,0,0,0,0,0,0,0,0,0,0,0,0,0,0,0,0,0,0,0,0
2806231,2026-01-24,1,Bora,GO+Peja,"A. Hot,J. Zeqiri,R. Memedi,S. Jules,T. Cheese","A. Herndon,C. Edwards,F. Shoshaj,O. Williams,S. Llapi",521,600,79,3.38,2.88,3.88,20,15,26,17,6,2,2,2,0,0,2,2,0,2,2,1,0,0,0,2,0,1,0,2,2,0,0,1,0,0,1,1,0,0,0,0,0,0,0,0,0,0,0,0,0,0,0,0,0,0,0,0,0,0,0,0,0,0
2806231,2026-01-24,2,Bora,GO+Peja,"A. Hot,L. Thomas,R. Memedi,S. Jules,T. Cheese","A. Herndon,C. Edwards,F. Shoshaj,J. Johnson,S. Llapi",600,683,83,2.5,3.0,2.0,26,17,30,20,4,3,3,2,1,0,0,0,0,1,1,0,0,0,0,2,1,1,1,0,0,0,1,0,0,0,0,0,0,0,0,0,0,0,0,0,0,0,0,0,0,0,0,0,0,0,0,0,0,0,0,0,0,0
2806231,2026-01-24,2,Bora,GO+Peja,"A. Hot,A. Hunter,L. Thomas,R. Memedi,S. Jules","C. Edwards,J. Johnson,M. Mala,S. Llapi,T. Green",683,719,36,1.0,1.0,1.0,30,20,33,20,3,0,1,1,1,1,0,0,0,1,1,0,0,0,0,1,0,0,0,0,0,0,0,0,0,0,0,0,0,0,0,0,0,0,0,0,0,0,0,0,0,0,0,0,0,0,0,0,0,0,0,0,0,0
2806231,2026-01-24,2,Bora,GO+Peja,"A. Hot,A. Hunter,L. Thomas,R. Memedi,S. Jules","C. Edwards,F. Shoshaj,J. Johnson,M. Mala,T. Green",719,758,39,1.0,1.0,1.0,33,20,33,20,0,0,0,0,0,0,0,0,0,1,0,0,0,1,1,1,0,0,0,0,0,0,0,0,1,0,0,0,0,0,0,0,0,0,0,0,0,0,0,0,0,0,0,0,0,0,0,0,0,0,0,0,0,0
2806231,2026-01-24,2,Bora,GO+Peja,"A. Hot,A. Hunter,J. Zeqiri,L. Thomas,R. Memedi","C. Edwards,F. Shoshaj,J. Johnson,M. Mala,T. Green",758,777,19,0.55,0.1,1.0,33,20,33,20,0,0,0,0,0,0,0,0,0,0,0,0,0,0,0,0,0,0,0,0,0,0,0,0,0,0,1,0,0,0,0,0,0,0,0,0,0,0,0,0,0,0,0,0,0,0,0,0,0,0,0,0,0,0
2806231,2026-01-24,2,Bora,GO+Peja,"A. Hot,A. Hunter,J. Zeqiri,L. Thomas,R. Memedi","C. Edwards,F. Shoshaj,M. Mala,O. Williams,T. Green",777,850,73,2.19,1.93,2.44,33,20,33,22,0,2,3,0,1,0,0,0,1,1,0,0,0,0,1,2,1,1,0,1,0,0,2,1,0,0,0,1,0,0,0,0,0,0,0,0,0,0,0,0,0,0,0,0,0,0,0,0,0,0,0,0,0,0
2806231,2026-01-24,2,Bora,GO+Peja,"A. Hot,A. Hunter,L. Thomas,R. Memedi,S. Jules","A. Herndon,F. Shoshaj,M. Mala,O. Williams,T. Green",850,864,14,0.55,1.0,0.1,33,22,35,22,2,0,1,1,0,0,0,0,0,0,1,0,0,0,0,0,0,0,0,0,0,0,0,0,0,0,0,1,0,0,0,0,0,0,0,0,0,0,0,0,0,0,0,0,0,0,0,0,0,0,0,0,0,0
2806231,2026-01-24,2,Bora,GO+Peja,"A. Hot,A. Hunter,J. Zeqiri,R. Memedi,S. Jules","A. Herndon,F. Shoshaj,M. Mala,O. Williams,T. Green",864,888,24,0.72,0.44,1.0,35,22,35,22,0,0,0,0,0,0,1,0,0,1,0,0,0,0,0,1,0,1,0,0,0,0,1,0,0,0,0,0,0,0,0,0,0,0,0,0,0,0,0,0,0,0,0,0,0,0,0,0,0,0,0,0,0,0
2806231,2026-01-24,2,Bora,GO+Peja,"A. Hot,A. Hunter,J. Zeqiri,R. Memedi,S. Jules","C. Edwards,F. Shoshaj,M. Mala,O. Williams,T. Green",888,917,29,1.0,1.0,1.0,35,22,37,22,2,0,1,1,0,0,0,0,0,0,0,1,0,0,0,0,0,0,0,0,0,0,0,0,0,0,1,0,0,0,0,0,0,0,0,0,0,0,0,0,0,0,0,0,0,0,0,0,0,0,0,0,0,0
2806231,2026-01-24,2,Bora,GO+Peja,"A. Hunter,J. Zeqiri,R. Memedi,S. Jules,T. Cheese","C. Edwards,F. Shoshaj,M. Mala,O. Williams,T. Green",917,970,53,1.5,2.0,1.0,37,22,40,22,3,0,2,1,1,1,0,0,0,1,1,0,0,0,1,1,0,1,0,0,0,0,1,0,0,0,0,0,0,0,0,0,0,0,0,0,0,0,0,0,0,0,0,0,0,0,0,0,0,0,0,0,0,0
2806231,2026-01-24,2,Bora,GO+Peja,"A. Hunter,R. Memedi,R. Ukaj,S. Jules,T. Cheese","C. Edwards,F. Shoshaj,M. Mala,O. Williams,T. Green",970,1056,86,2.4,2.81,2.0,40,22,46,25,6,3,3,2,2,2,2,0,2,0,2,0,0,0,1,1,1,1,1,0,0,0,0,0,0,0,1,1,0,0,0,0,0,0,0,0,0,0,0,0,0,0,0,0,0,0,0,0,0,0,0,0,0,0
2806231,2026-01-24,2,Bora,GO+Peja,"A. Hunter,L. Thomas,R. Memedi,R. Ukaj,T. Cheese","C. Edwards,F. Shoshaj,M. Mala,O. Williams,T. Green",1056,1166,110,3.5,3.0,4.0,46,25,51,29,5,4,3,2,1,1,0,0,0,2,1,0,0,0,0,4,2,1,0,0,0,0,1,0,0,0,0,0,0,0,0,0,0,0,0,0,0,0,0,0,0,0,0,0,0,0,0,0,0,0,0,0,0,0
2806231,2026-01-24,2,Bora,GO+Peja,"A. Hunter,J. Zeqiri,R. Memedi,S. Jules,T. Cheese","C. Edwards,F. Shoshaj,M. Mala,O. Williams,T. Green",1166,1200,34,1.46,2.0,0.93,51,29,51,31,0,2,2,0,2,0,0,0,0,0,0,0,0,0,0,2,1,0,0,0,0,1,2,0,0,0,0,0,0,0,0,0,0,0,0,0,0,0,0,0,0,0,0,0,0,0,0,0,0,0,0,0,0,0
2806231,2026-01-24,3,Bora,GO+Peja,"A. Hot,A. Hunter,L. Thomas,R. Memedi,S. Jules","C. Edwards,M. Mala,O. Williams,S. Llapi,T. Green",1200,1466,266,6.37,6.74,6.0,51,31,62,38,11,7,7,4,4,2,2,1,2,3,1,0,0,1,0,6,3,1,1,0,0,0,1,3,1,0,0,2,0,0,0,0,0,0,0,0,0,0,0,0,0,0,0,0,0,0,0,0,0,0,0,0,0,0
2806231,2026-01-24,3,Bora,GO+Peja,"A. Hunter,J. Zeqiri,L. Thomas,R. Memedi,T. Cheese","C. Edwards,M. Mala,O. Williams,S. Llapi,T. Green",1466,1523,57,0.93,0.86,1.0,62,38,62,38,0,0,3,0,2,0,0,0,2,1,0,0,0,0,1,1,0,1,0,0,0,0,1,0,0,0,0,0,0,0,0,0,0,0,0,0,0,0,0,0,0,0,0,0,0,0,0,0,0,0,0,0,0,0
2806231,2026-01-24,3,Bora,GO+Peja,"A. Hunter,J. Zeqiri,R. Ukaj,S. Jules,T. Cheese","C. Edwards,M. Mala,O. Williams,S. Llapi,T. Green",1523,1571,48,0.93,0.86,1.0,62,38,64,40,2,2,3,1,1,0,0,0,2,0,0,0,0,0,0,1,1,0,0,0,0,0,0,0,0,0,0,1,0,0,0,0,0,0,0,0,0,0,0,0,0,0,0,0,0,0,0,0,0,0,0,0,0,0
2806231,2026-01-24,3,Bora,GO+Peja,"A. Hunter,J. Zeqiri,R. Ukaj,S. Jules,T. Cheese","A. Herndon,M. Mala,O. Williams,S. Llapi,T. Green",1571,1585,14,0.27,0.44,0.1,64,40,65,40,1,0,0,0,0,0,1,1,0,0,0,0,0,0,1,0,0,0,0,0,0,0,0,0,0,0,0,0,0,0,0,0,0,0,0,0,0,0,0,0,0,0,0,0,0,0,0,0,0,0,0,0,0,0
2806231,2026-01-24,3,Bora,GO+Peja,"A. Hunter,J. Zeqiri,R. Ukaj,S. Jules,T. Cheese","A. Herndon,F. Shoshaj,M. Mala,O. Williams,T. Green",1585,1613,28,0.9,1.0,0.81,65,40,65,42,0,2,1,0,0,0,0,0,0,0,0,0,0,0,0,1,0,0,0,2,2,1,1,1,0,1,0,0,0,0,0,0,0,0,0,0,0,0,0,0,0,0,0,0,0,0,0,0,0,0,0,0,0,0
2806231,2026-01-24,3,Bora,GO+Peja,"A. Hot,J. Zeqiri,L. Thomas,R. Ukaj,T. Cheese","A. Herndon,F. Shoshaj,M. Mala,O. Williams,T. Green",1613,1644,31,0.94,0.88,1.0,65,42,67,45,2,3,0,0,0,0,2,2,0,0,1,0,0,0,0,1,1,1,1,0,0,0,0,1,0,0,0,1,0,0,0,0,0,0,0,0,0,0,0,0,0,0,0,0,0,0,0,0,0,0,0,0,0,0
2806231,2026-01-24,3,Bora,GO+Peja,"A. Hot,J. Zeqiri,L. Thomas,R. Ukaj,T. Cheese","A. Herndon,F. Shoshaj,O. Williams,S. Llapi,T. Green",1644,1692,48,1.0,1.0,1.0,67,45,67,47,0,2,1,0,1,0,0,0,0,0,0,0,0,0,2,1,1,0,0,0,0,0,1,1,0,0,0,0,0,0,0,0,0,0,0,0,0,0,0,0,0,0,0,0,0,0,0,0,0,0,0,0,0,0
2806231,2026-01-24,3,Bora,GO+Peja,"A. Hot,A. Hunter,J. Zeqiri,L. Thomas,R. Ukaj","A. Herndon,F. Shoshaj,O. Williams,S. Llapi,T. Green",1692,1716,24,0.94,1.0,0.88,67,47,67,49,0,2,0,0,0,0,0,0,0,0,0,0,0,1,0,0,0,0,0,2,2,0,0,1,0,0,0,0,0,0,0,0,0,0,0,0,0,0,0,0,0,0,0,0,0,0,0,0,0,0,0,0,0,0
2806231,2026-01-24,3,Bora,GO+Peja,"A. Hot,A. Hunter,J. Zeqiri,L. Thomas,R. Memedi","A. Herndon,F. Shoshaj,O. Williams,S. Llapi,T. Green",1716,1741,25,0.52,0.1,0.93,67,49,67,49,0,0,0,0,0,0,0,0,0,0,0,0,1,0,0,1,0,0,0,0,0,1,0,0,0,0,1,0,0,0,0,0,0,0,0,0,0,0,0,0,0,0,0,0,0,0,0,0,0,0,0,0,0,0
2806231,2026-01-24,3,Bora,GO+Peja,"A. Hot,A. Hunter,J. Zeqiri,L. Thomas,R. Memedi","A. Herndon,C. Edwards,F. Shoshaj,O. Williams,S. Llapi",1741,1800,59,2.44,3.0,1.88,67,49,69,52,2,3,2,1,1,0,0,0,0,1,0,0,0,1,1,1,1,1,1,2,0,0,0,1,0,0,0,0,0,0,0,0,0,0,0,0,0,0,0,0,0,0,0,0,0,0,0,0,0,0,0,0,0,0
2806231,2026-01-24,4,Bora,GO+Peja,"A. Hot,A. Hunter,L. Thomas,R. Memedi,S. Jules","A. Herndon,C. Edwards,F. Shoshaj,O. Williams,S. Llapi",1800,1865,65,1.72,2.44,1.0,69,52,71,54,2,2,2,1,1,0,1,0,0,0,0,0,0,0,1,1,1,0,0,0,0,0,2,0,0,0,0,1,0,0,0,0,0,0,0,0,0,0,0,0,0,0,0,0,0,0,0,0,0,0,0,0,0,0
2806231,2026-01-24,4,Bora,GO+Peja,"A. Hot,A. Hunter,L. Thomas,R. Memedi,S. Jules","A. Herndon,C. Edwards,F. Shoshaj,M. Mala,O. Williams",1865,1948,83,2.9,2.93,2.88,71,54,75,58,4,4,4,2,1,0,0,0,1,0,2,1,0,0,1,1,1,0,0,2,2,0,1,1,0,0,1,1,0,0,0,0,0,0,0,0,0,0,0,0,0,0,0,0,0,0,0,0,0,0,0,0,0,0
2806231,2026-01-24,4,Bora,GO+Peja,"A. Hunter,J. Zeqiri,R. Memedi,S. Jules,T. Cheese","C. Edwards,F. Shoshaj,M. Mala,O. Williams,T. Green",1948,1993,45,1.5,1.0,2.0,75,58,75,58,0,0,0,0,0,0,0,0,0,2,0,0,0,1,0,2,0,2,0,0,0,0,0,0,1,0,0,0,0,0,0,0,0,0,0,0,0,0,0,0,0,0,0,0,0,0,0,0,0,0,0,0,0,0
2806231,2026-01-24,4,Bora,GO+Peja,"A. Hunter,J. Zeqiri,R. Ukaj,S. Jules,T. Cheese","C. Edwards,F. Shoshaj,M. Mala,O. Williams,T. Green",1993,2027,34,1.0,1.0,1.0,75,58,78,58,3,0,1,1,1,1,0,0,0,1,0,0,0,0,0,1,0,1,0,0,0,0,0,0,0,0,0,1,0,0,0,0,0,0,0,0,0,0,0,0,0,0,0,0,0,0,0,0,0,0,0,0,0,0
2806231,2026-01-24,4,Bora,GO+Peja,"A. Hunter,J. Zeqiri,L. Thomas,R. Ukaj,T. Cheese","C. Edwards,F. Shoshaj,M. Mala,O. Williams,T. Green",2027,2087,60,1.93,2.86,1.0,78,58,78,61,0,3,3,0,1,0,0,0,2,0,0,0,0,2,2,1,1,1,1,0,0,0,1,1,0,1,0,0,0,0,0,0,0,0,0,0,0,0,0,0,0,0,0,0,0,0,0,0,0,0,0,0,0,0
2806231,2026-01-24,4,Bora,GO+Peja,"A. Hot,L. Thomas,R. Ukaj,S. Jules,T. Cheese","C. Edwards,F. Shoshaj,M. Mala,O. Williams,T. Green",2087,2100,13,0.55,0.1,1.0,78,61,78,63,0,2,0,0,0,0,0,0,0,0,0,0,0,0,0,1,1,0,0,0,0,0,0,0,0,0,0,0,0,0,0,0,0,0,0,0,0,0,0,0,0,0,0,0,0,0,0,0,0,0,0,0,0,0
2806231,2026-01-24,4,Bora,GO+Peja,"A. Hot,L. Thomas,R. Memedi,S. Jules,T. Cheese","C. Edwards,F. Shoshaj,M. Mala,O. Williams,T. Green",2100,2207,107,2.59,3.25,1.93,78,63,82,66,4,3,3,1,0,0,3,2,1,1,1,0,0,0,0,3,1,3,1,0,0,1,1,1,0,1,0,1,0,0,0,0,0,0,0,0,0,0,0,0,0,0,0,0,0,0,0,0,0,0,0,0,0,0
2806231,2026-01-24,4,Bora,GO+Peja,"A. Hot,A. Hunter,L. Thomas,R. Memedi,S. Jules","C. Edwards,F. Shoshaj,M. Mala,O. Williams,T. Green",2207,2286,79,2.5,2.0,3.0,82,66,86,68,4,2,2,2,0,0,0,0,0,1,1,1,0,0,0,2,1,0,0,0,0,0,0,0,0,0,1,0,0,0,0,0,0,0,0,0,0,0,0,0,0,0,0,0,0,0,0,0,0,0,0,0,0,0
2806231,2026-01-24,4,Bora,GO+Peja,"A. Hunter,G. Zeqiri,J. Zeqiri,R. Ukaj,S. Jules","C. Edwards,F. Shoshaj,M. Mala,O. Williams,T. Green",2286,2378,92,2.93,3.86,2.0,86,68,88,68,2,0,4,1,2,0,0,0,2,2,1,0,0,2,1,2,0,1,0,0,0,0,1,0,0,0,0,0,0,0,0,0,0,0,0,0,0,0,0,0,0,0,0,0,0,0,0,0,0,0,0,0,0,0
2806231,2026-01-24,4,Bora,GO+Peja,"G. Zeqiri,H. Lebovci,J. Zeqiri,R. Ukaj,Y. Pllana","C. Edwards,F. Shoshaj,M. Mala,O. Williams,T. Green",2378,2399,21,0.55,0.1,1.0,88,68,88,68,0,0,0,0,0,0,0,0,0,0,0,0,0,0,0,1,0,1,0,0,0,0,0,0,0,0,0,0,0,0,0,0,0,0,0,0,0,0,0,0,0,0,0,0,0,0,0,0,0,0,0,0,0,0
2806230,2026-01-24,1,Rahoveci 029,Sigal Prishtina,"B. Rexha,F. Rugova,I. Umipig,J. Roche,K. Pullian","A. Bailey,A. Morina,E. Clarence,K. Dukes,V. Kakruki",0,394,394,11.81,11.93,11.69,0,0,10,8,10,8,12,5,5,0,0,0,1,6,4,2,1,1,2,9,2,4,1,4,3,1,6,4,1,0,2,0,0,0,0,0,0,0,0,0,0,0,0,0,0,0,0,0,0,0,0,0,0,0,0,0,0,0
2806230,2026-01-24,1,Rahoveci 029,Sigal Prishtina,"A. Thomas,B. Rexha,F. Rugova,J. Johnson,K. Pullian","A. Bailey,A. Morina,E. Clarence,K. Dukes,V. Kakruki",394,480,86,3.42,3.9,2.93,10,8,14,10,4,2,3,2,1,0,1,0,1,0,2,0,0,1,1,2,1,1,0,0,0,1,1,1,0,0,2,2,0,0,0,0,0,0,0,0,0,0,0,0,0,0,0,0,0,0,0,0,0,0,0,0,0,0
2806230,2026-01-24,1,Rahoveci 029,Sigal Prishtina,"A. Thomas,F. Rugova,I. Umipig,J. Johnson,V. Ejupi","A. Bailey,A. Morina,E. Clarence,K. Dukes,V. Kakruki",480,572,92,3.94,4.0,3.88,14,10,14,13,0,3,2,0,0,0,0,0,0,0,0,1,0,2,1,1,1,0,0,2,1,0,2,1,0,0,2,1,0,0,0,0,0,0,0,0,0,0,0,0,0,0,0,0,0,0,0,0,0,0,0,0,0,0
2806230,2026-01-24,1,Rahoveci 029,Sigal Prishtina,"A. Thomas,I. Umipig,J. Johnson,K. Ujkani,V. Ejupi","A. Bailey,A. Morina,E. Clarence,K. Dukes,V. Kakruki",572,600,28,0.96,0.93,1.0,14,13,14,13,0,0,2,0,1,0,0,0,1,0,0,0,0,0,0,1,0,1,0,0,0,0,1,0,0,1,0,0,0,0,0,0,0,0,0,0,0,0,0,0,0,0,0,0,0,0,0,0,0,0,0,0,0,0
2806230,2026-01-24,2,Rahoveci 029,Sigal Prishtina,"A. Thomas,F. Rugova,I. Umipig,J. Johnson,V. Ejupi","A. Bailey,A. Morina,E. Clarence,K. Dukes,V. Kakruki",600,850,250,7.0,7.0,7.0,14,13,23,19,9,6,7,3,5,3,0,0,0,3,3,1,0,0,1,6,3,2,0,0,0,0,4,2,0,0,1,1,0,0,0,0,0,0,0,0,0,0,0,0,0,0,0,0,0,0,0,0,0,0,0,0,0,0
2806230,2026-01-24,2,Rahoveci 029,Sigal Prishtina,"A. Thomas,B. Rexha,F. Rugova,I. Umipig,J. Johnson","A. Bailey,D. Polloshka,J. Ismajli,K. Dukes,K. Kramer",850,868,18,0.55,1.0,0.1,23,19,23,19,0,0,0,0,0,0,0,0,0,0,0,0,0,1,1,0,0,0,0,0,0,0,0,0,0,0,0,0,0,0,0,0,0,0,0,0,0,0,0,0,0,0,0,0,0,0,0,0,0,0,0,0,0,0
2806230,2026-01-24,2,Rahoveci 029,Sigal Prishtina,"B. Rexha,F. Rugova,J. Johnson,J. Roche,K. Pullian","A. Bailey,D. Polloshka,J. Ismajli,K. Dukes,K. Kramer",868,959,91,2.66,2.0,3.32,23,19,25,24,2,5,2,1,1,0,0,0,0,0,1,0,0,0,1,1,1,0,0,3,3,0,1,2,0,0,1,1,0,0,0,0,0,0,0,0,0,0,0,0,0,0,0,0,0,0,0,0,0,0,0,0,0,0
2806230,2026-01-24,2,Rahoveci 029,Sigal Prishtina,"A. Thomas,B. Rexha,F. Rugova,J. Roche,K. Pullian","A. Bailey,D. Polloshka,J. Ismajli,K. Dukes,K. Kramer",959,1054,95,2.46,2.93,2.0,25,24,29,29,4,5,4,2,2,0,0,0,1,0,1,0,0,0,1,2,2,1,1,0,0,0,1,1,0,0,0,2,0,0,0,0,0,0,0,0,0,0,0,0,0,0,0,0,0,0,0,0,0,0,0,0,0,0
2806230,2026-01-24,2,Rahoveci 029,Sigal Prishtina,"A. Thomas,B. Rexha,F. Rugova,I. Umipig,K. Pullian","A. Bailey,D. Polloshka,J. Ismajli,K. Dukes,K. Kramer",1054,1150,96,2.44,1.88,3.0,29,29,32,34,3,5,1,1,0,0,2,1,0,0,1,0,0,0,0,2,2,1,1,0,0,0,1,2,0,0,1,1,0,0,0,0,0,0,0,0,0,0,0,0,0,0,0,0,0,0,0,0,0,0,0,0,0,0
2806230,2026-01-24,2,Rahoveci 029,Sigal Prishtina,"A. Thomas,B. Rexha,F. Rugova,I. Umipig,J. Roche","A. Bailey,A. Morina,J. Ismajli,K. Dukes,K. Kramer",1150,1200,50,1.5,2.0,1.0,32,34,34,36,2,2,2,1,1,0,0,0,0,0,1,0,0,0,0,1,1,0,0,0,0,0,0,0,0,0,0,0,0,0,0,0,0,0,0,0,0,0,0,0,0,0,0,0,0,0,0,0,0,0,0,0,0,0
2806230,2026-01-24,3,Rahoveci 029,Sigal Prishtina,"B. Rexha,F. Rugova,I. Umipig,J. Roche,K. Pullian","A. Bailey,A. Morina,E. Clarence,K. Dukes,V. Kakruki",1200,1308,108,2.5,2.0,3.0,34,36,34,36,0,0,1,0,1,0,0,0,0,2,0,0,0,1,0,2,0,0,0,0,0,0,1,0,1,0,1,1,0,0,0,0,0,0,0,0,0,0,0,0,0,0,0,0,0,0,0,0,0,0,0,0,0,0
2806230,2026-01-24,3,Rahoveci 029,Sigal Prishtina,"B. Rexha,F. Rugova,I. Umipig,J. Johnson,J. Roche","A. Bailey,A. Morina,E. Clarence,K. Dukes,V. Kakruki",1308,1366,58,1.73,2.45,1.0,34,36,34,39,0,3,2,0,1,0,2,0,2,0,0,0,0,1,0,1,1,1,1,0,0,0,1,1,0,0,0,1,0,0,0,0,0,0,0,0,0,0,0,0,0,0,0,0,0,0,0,0,0,0,0,0,0,0
2806230,2026-01-24,3,Rahoveci 029,Sigal Prishtina,"B. Rexha,F. Rugova,I. Umipig,J. Johnson,K. Pullian","A. Bailey,A. Morina,E. Clarence,K. Dukes,V. Kakruki",1366,1393,27,0.55,0.1,1.0,34,39,34,41,0,2,0,0,0,0,0,0,0,0,0,0,0,0,0,1,1,0,0,0,0,0,0,1,0,0,0,0,0,0,0,0,0,0,0,0,0,0,0,0,0,0,0,0,0,0,0,0,0,0,0,0,0,0
2806230,2026-01-24,3,Rahoveci 029,Sigal Prishtina,"A. Thomas,B. Rexha,F. Rugova,J. Johnson,K. Pullian","A. Bailey,A. Morina,E. Clarence,K. Dukes,V. Kakruki",1393,1397,4,0.1,0.1,0.1,34,41,34,41,0,0,1,0,0,0,0,0,1,0,0,0,0,0,0,0,0,0,0,0,0,0,0,0,0,1,0,0,0,0,0,0,0,0,0,0,0,0,0,0,0,0,0,0,0,0,0,0,0,0,0,0,0,0
2806230,2026-01-24,3,Rahoveci 029,Sigal Prishtina,"A. Thomas,F. Rugova,H. Durguti,J. Johnson,K. Pullian","A. Bailey,A. Morina,E. Clarence,K. Dukes,V. Kakruki",1397,1516,119,4.5,4.0,5.0,34,41,34,45,0,4,4,0,2,0,0,0,0,1,0,0,0,0,0,3,2,0,0,0,0,0,4,0,0,0,2,1,0,0,0,0,0,0,0,0,0,0,0,0,0,0,0,0,0,0,0,0,0,0,0,0,0,0
2806230,2026-01-24,3,Rahoveci 029,Sigal Prishtina,"A. Thomas,F. Rugova,H. Durguti,I. Umipig,J. Roche","A. Bailey,A. Morina,E. Clarence,K. Dukes,V. Kakruki",1516,1546,30,0.55,1.0,0.1,34,45,34,45,0,0,1,0,1,0,0,0,0,0,0,0,0,0,2,0,0,0,0,0,0,0,1,0,0,0,0,0,0,0,0,0,0,0,0,0,0,0,0,0,0,0,0,0,0,0,0,0,0,0,0,0,0,0
2806230,2026-01-24,3,Rahoveci 029,Sigal Prishtina,"A. Thomas,B. Rexha,H. Durguti,I. Umipig,J. Roche","A. Bailey,A. Morina,E. Clarence,K. Dukes,V. Kakruki",1546,1594,48,2.44,2.0,2.88,34,45,34,52,0,7,1,0,1,0,0,0,0,0,0,0,0,1,1,2,2,1,1,2,2,0,1,1,1,1,0,0,0,0,0,0,0,0,0,0,0,0,0,0,0,0,0,0,0,0,0,0,0,0,0,0,0,0
2806230,2026-01-24,3,Rahoveci 029,Sigal Prishtina,"B. Rexha,H. Durguti,I. Umipig,J. Roche,K. Pullian","A. Morina,D. Polloshka,E. Clarence,K. Dukes,K. Kramer",1594,1791,197,6.03,5.93,6.13,34,52,47,58,13,6,6,5,4,3,0,0,1,2,4,0,0,1,3,4,1,2,0,5,4,1,0,1,0,0,1,1,0,0,0,0,0,0,0,0,0,0,0,0,0,0,0,0,0,0,0,0,0,0,0,0,0,0
2806230,2026-01-24,3,Rahoveci 029,Sigal Prishtina,"B. Rexha,H. Durguti,I. Umipig,J. Roche,K. Pullian","A. Morina,E. Clarence,J. Ismajli,K. Dukes,K. Kramer",1791,1800,9,1.5,2.0,1.0,47,58,47,58,0,0,1,0,1,0,0,0,0,0,0,1,0,1,0,0,0,0,0,0,0,0,0,0,1,0,1,0,0,0,0,0,0,0,0,0,0,0,0,0,0,0,0,0,0,0,0,0,0,0,0,0,0,0
2806230,2026-01-24,4,Rahoveci 029,Sigal Prishtina,"B. Rexha,H. Durguti,I. Umipig,J. Roche,K. Pullian","D. Polloshka,E. Clarence,J. Ismajli,K. Dukes,K. Kramer",1800,1891,91,2.44,2.88,2.0,47,58,48,61,1,3,2,0,2,0,2,1,0,1,0,0,0,0,1,2,1,2,1,0,0,0,2,0,0,0,0,1,0,0,0,0,0,0,0,0,0,0,0,0,0,0,0,0,0,0,0,0,0,0,0,0,0,0
2806230,2026-01-24,4,Rahoveci 029,Sigal Prishtina,"B. Rexha,F. Rugova,I. Umipig,J. Roche,K. Pullian","D. Polloshka,E. Clarence,J. Ismajli,K. Dukes,K. Kramer",1891,1956,65,2.46,3.0,1.93,48,61,50,61,2,0,1,1,0,0,0,0,0,1,0,1,0,2,1,2,0,0,0,0,0,1,0,0,0,0,1,1,0,0,0,0,0,0,0,0,0,0,0,0,0,0,0,0,0,0,0,0,0,0,0,0,0,0
2806230,2026-01-24,4,Rahoveci 029,Sigal Prishtina,"F. Rugova,I. Umipig,J. Roche,K. Pullian,V. Ejupi","A. Morina,E. Clarence,J. Ismajli,K. Dukes,K. Kramer",1956,2072,116,2.89,2.86,2.93,50,61,52,61,2,0,4,1,2,0,0,0,2,3,0,0,0,1,1,4,0,3,0,0,0,1,1,0,1,0,0,1,0,0,0,0,0,0,0,0,0,0,0,0,0,0,0,0,0,0,0,0,0,0,0,0,0,0
2806230,2026-01-24,4,Rahoveci 029,Sigal Prishtina,"A. Thomas,F. Rugova,I. Umipig,K. Pullian,V. Ejupi","A. Bailey,D. Polloshka,J. Ismajli,K. Dukes,K. Kramer",2072,2148,76,1.46,1.93,1.0,52,63,52,63,0,0,2,0,1,0,0,0,1,0,0,0,0,1,1,0,0,0,0,0,0,0,1,0,1,0,1,0,0,0,0,0,0,0,0,0,0,0,0,0,0,0,0,0,0,0,0,0,0,0,0,0,0,0
2806230,2026-01-24,4,Rahoveci 029,Sigal Prishtina,"A. Thomas,F. Rugova,J. Johnson,K. Pullian,V. Ejupi","A. Bailey,D. Polloshka,J. Ismajli,K. Dukes,K. Kramer",2148,2175,27,1.0,1.0,1.0,52,63,55,63,3,0,1,1,1,1,0,0,0,1,1,0,0,0,0,1,0,1,0,0,0,0,0,0,0,0,0,0,0,0,0,0,0,0,0,0,0,0,0,0,0,0,0,0,0,0,0,0,0,0,0,0,0,0
2806230,2026-01-24,4,Rahoveci 029,Sigal Prishtina,"A. Thomas,F. Rugova,J. Johnson,K. Pullian,V. Ejupi","A. Bailey,D. Polloshka,E. Clarence,J. Ismajli,K. Dukes",2175,2236,61,1.66,1.44,1.88,55,63,55,65,0,2,1,0,0,0,1,0,0,1,0,0,0,0,1,1,0,1,0,2,2,0,1,1,0,0,0,1,0,0,0,0,0,0,0,0,0,0,0,0,0,0,0,0,0,0,0,0,0,0,0,0,0,0
2806230,2026-01-24,4,Rahoveci 029,Sigal Prishtina,"A. Thomas,F. Rugova,I. Umipig,J. Johnson,V. Ejupi","A. Bailey,E. Clarence,J. Ismajli,K. Dukes,V. Kakruki",2236,2400,164,4.68,4.96,4.39,55,65,59,68,4,3,4,1,4,1,4,1,1,1,1,0,0,0,0,4,1,3,1,0,0,1,3,1,0,0,2,2,0,0,0,0,0,0,0,0,0,0,0,0,0,0,0,0,0,0,0,0,0,0,0,0,0,0
2808878,2026-01-31,1,Bashkimi,Sigal Prishtina,"D. Lake,I. Nwamu,L. Zeqiri,S. Shorter,V. Bunjaku","A. Bailey,A. Morina,E. Clarance,K. Dukes,V. Kakruki",0,333,333,9.18,9.37,9.0,0,0,13,6,13,6,9,5,5,2,1,1,1,3,3,1,0,1,1,6,3,3,0,0,0,0,3,2,0,0,3,2,0,0,0,0,0,0,0,0,0,0,0,0,0,0,0,0,0,0,0,0,0,0,0,0,0,0
2808878,2026-01-31,1,Bashkimi,Sigal Prishtina,"D. Lake,I. Nwamu,L. Zeqiri,S. Shorter,V. Bunjaku","A. Bailey,D. Polloshka,E. Clarance,K. Dukes,V. Kakruki",333,369,36,1.46,1.93,1.0,13,6,13,6,0,0,3,0,1,0,0,0,1,0,0,1,0,0,1,0,0,0,0,0,0,0,2,0,0,0,1,0,0,0,0,0,0,0,0,0,0,0,0,0,0,0,0,0,0,0,0,0,0,0,0,0,0,0
2808878,2026-01-31,1,Bashkimi,Sigal Prishtina,"D. Lake,I. Cousins,I. Nwamu,L. Zeqiri,M. Armstead","A. Bailey,D. Polloshka,E. Clarance,K. Dukes,V. Kakruki",369,492,123,3.0,3.0,3.0,13,6,17,6,4,0,3,2,0,0,0,0,0,1,0,1,0,0,2,1,0,0,0,0,0,0,1,0,0,0,2,0,0,0,0,0,0,0,0,0,0,0,0,0,0,0,0,0,0,0,0,0,0,0,0,0,0,0
2808878,2026-01-31,1,Bashkimi,Sigal Prishtina,"I. Cousins,I. Nwamu,L. Zeqiri,M. Armstead,T. Bickerstaff","A. Bailey,D. Polloshka,E. Clarance,K. Dukes,V. Kakruki",492,532,40,1.44,1.0,1.88,17,6,20,8,3,2,1,1,1,1,0,0,0,1,1,0,0,0,0,1,0,0,0,2,2,0,0,0,0,0,0,1,0,0,0,0,0,0,0,0,0,0,0,0,0,0,0,0,0,0,0,0,0,0,0,0,0,0
2808878,2026-01-31,1,Bashkimi,Sigal Prishtina,"I. Cousins,I. Nwamu,L. Zeqiri,M. Armstead,T. Bickerstaff","A. Bailey,D. Polloshka,E. Clarance,J. Ismajli,K. Kramer",532,590,58,1.94,2.88,1.0,20,8,21,10,1,2,1,0,0,0,2,1,0,0,0,0,0,1,0,1,1,0,0,0,0,0,1,1,0,0,0,0,0,0,0,0,0,0,0,0,0,0,0,0,0,0,0,0,0,0,0,0,0,0,0,0,0,0
2808878,2026-01-31,1,Bashkimi,Sigal Prishtina,"I. Cousins,I. Nwamu,M. Armstead,M. Janjeva,T. Bickerstaff","A. Bailey,D. Polloshka,E. Clarance,J. Ismajli,K. Kramer",590,600,10,0.55,0.1,1.0,21,10,21,12,0,2,0,0,0,0,0,0,0,0,0,0,0,0,0,1,1,0,0,0,0,0,0,0,0,0,0,0,0,0,0,0,0,0,0,0,0,0,0,0,0,0,0,0,0,0,0,0,0,0,0,0,0,0
2808878,2026-01-31,2,Bashkimi,Sigal Prishtina,"I. Cousins,M. Armstead,M. Janjeva,S. Shorter,T. Bickerstaff","A. Bailey,D. Polloshka,E. Clarance,J. Ismajli,K. Kramer",600,672,72,1.46,0.93,2.0,21,12,23,15,2,3,2,1,0,0,0,0,1,1,0,0,0,0,0,2,1,2,1,0,0,0,0,1,0,0,0,1,0,0,0,0,0,0,0,0,0,0,0,0,0,0,0,0,0,0,0,0,0,0,0,0,0,0
2808878,2026-01-31,2,Bashkimi,Sigal Prishtina,"I. Cousins,M. Armstead,M. Janjeva,S. Shorter,T. Bickerstaff","A. Sinani,D. Polloshka,E. Clarance,J. Ismajli,K. Kramer",672,694,22,0.77,1.44,0.1,23,15,24,15,1,0,1,0,1,0,1,1,0,0,0,0,0,0,1,1,0,0,0,0,0,1,1,0,0,0,0,0,0,0,0,0,0,0,0,0,0,0,0,0,0,0,0,0,0,0,0,0,0,0,0,0,0,0
2808878,2026-01-31,2,Bashkimi,Sigal Prishtina,"D. Lake,I. Cousins,M. Armstead,M. Janjeva,S. Shorter","A. Sinani,D. Polloshka,E. Clarance,J. Ismajli,K. Kramer",694,740,46,2.0,2.0,2.0,24,15,27,18,3,3,1,1,1,1,0,0,0,1,1,0,0,1,0,2,1,1,1,0,0,0,0,0,0,0,0,0,0,0,0,0,0,0,0,0,0,0,0,0,0,0,0,0,0,0,0,0,0,0,0,0,0,0
2808878,2026-01-31,2,Bashkimi,Sigal Prishtina,"D. Lake,I. Cousins,L. Zeqiri,S. Shorter,V. Bunjaku","A. Sinani,D. Polloshka,E. Clarance,J. Ismajli,K. Kramer",740,787,47,0.91,0.93,0.88,27,18,27,20,0,2,1,0,0,0,0,0,1,0,0,0,0,1,1,0,0,0,0,2,2,0,0,1,0,0,0,0,0,0,0,0,0,0,0,0,0,0,0,0,0,0,0,0,0,0,0,0,0,0,0,0,0,0
2808878,2026-01-31,2,Bashkimi,Sigal Prishtina,"D. Lake,I. Nwamu,L. Zeqiri,S. Shorter,V. Bunjaku","A. Sinani,D. Polloshka,E. Clarance,J. Ismajli,K. Kramer",787,861,74,2.46,2.0,2.93,27,20,29,22,2,2,1,1,0,0,0,0,0,2,0,0,0,1,0,4,1,2,0,0,0,1,0,0,1,0,0,0,0,0,0,0,0,0,0,0,0,0,0,0,0,0,0,0,0,0,0,0,0,0,0,0,0,0
2808878,2026-01-31,2,Bashkimi,Sigal Prishtina,"D. Lake,I. Nwamu,L. Zeqiri,S. Shorter,V. Bunjaku","A. Sinani,D. Polloshka,J. Ismajli,K. Dukes,K. Kramer",861,997,136,4.0,4.0,4.0,29,22,33,22,4,0,4,2,2,0,0,0,0,3,1,0,0,0,1,3,0,1,0,0,0,0,2,0,0,0,1,1,0,0,0,0,0,0,0,0,0,0,0,0,0,0,0,0,0,0,0,0,0,0,0,0,0,0
2808878,2026-01-31,2,Bashkimi,Sigal Prishtina,"D. Lake,I. Nwamu,L. Zeqiri,M. Armstead,S. Shorter","A. Sinani,E. Clarance,J. Ismajli,K. Dukes,K. Kramer",997,1058,61,2.16,2.32,2.0,33,22,36,22,3,0,1,0,1,0,3,3,0,1,1,1,0,0,1,1,0,1,0,0,0,0,1,0,0,0,1,3,0,0,0,0,0,0,0,0,0,0,0,0,0,0,0,0,0,0,0,0,0,0,0,0,0,0
2808878,2026-01-31,2,Bashkimi,Sigal Prishtina,"D. Lake,I. Nwamu,L. Zeqiri,M. Armstead,S. Shorter","A. Morina,A. Sinani,E. Clarance,K. Dukes,K. Kramer",1058,1150,92,3.16,2.88,3.44,36,22,40,27,4,5,2,1,1,0,2,2,0,1,1,0,0,0,1,3,2,0,0,1,1,0,1,0,0,0,0,0,0,0,0,0,0,0,0,0,0,0,0,0,0,0,0,0,0,0,0,0,0,0,0,0,0,0
2808878,2026-01-31,2,Bashkimi,Sigal Prishtina,"D. Lake,I. Nwamu,L. Zeqiri,M. Ismaili,S. Shorter","A. Morina,A. Sinani,E. Clarance,K. Dukes,K. Kramer",1150,1200,50,1.5,2.0,1.0,40,27,40,27,0,0,2,0,2,0,0,0,0,1,0,0,0,0,0,1,0,1,0,0,0,0,2,0,0,0,0,0,0,0,0,0,0,0,0,0,0,0,0,0,0,0,0,0,0,0,0,0,0,0,0,0,0,0
2808878,2026-01-31,3,Bashkimi,Sigal Prishtina,"D. Lake,I. Cousins,I. Nwamu,L. Zeqiri,V. Bunjaku","A. Morina,A. Sinani,E. Clarance,K. Dukes,K. Kramer",1200,1386,186,5.0,5.0,5.0,40,27,45,27,5,0,4,2,2,1,0,0,0,3,1,0,0,1,0,3,0,3,0,0,0,0,2,0,1,0,2,2,0,0,0,0,0,0,0,0,0,0,0,0,0,0,0,0,0,0,0,0,0,0,0,0,0,0
2808878,2026-01-31,3,Bashkimi,Sigal Prishtina,"D. Lake,I. Cousins,I. Nwamu,L. Zeqiri,V. Bunjaku","A. Morina,D. Polloshka,E. Clarance,K. Dukes,K. Kramer",1386,1451,65,2.46,3.0,1.93,45,27,45,31,0,4,2,0,1,0,0,0,0,0,0,0,0,1,2,3,2,0,0,0,0,1,2,1,0,1,0,0,0,0,0,0,0,0,0,0,0,0,0,0,0,0,0,0,0,0,0,0,0,0,0,0,0,0
2808878,2026-01-31,3,Bashkimi,Sigal Prishtina,"D. Lake,I. Cousins,M. Armstead,M. Janjeva,S. Shorter","A. Morina,D. Polloshka,E. Clarance,K. Dukes,K. Kramer",1451,1608,157,3.9,3.93,3.88,45,31,52,35,7,4,5,3,2,1,0,0,1,1,2,1,0,0,2,2,1,1,0,2,2,0,1,1,0,0,1,2,0,0,0,0,0,0,0,0,0,0,0,0,0,0,0,0,0,0,0,0,0,0,0,0,0,0
2808878,2026-01-31,3,Bashkimi,Sigal Prishtina,"I. Cousins,M. Armstead,M. Janjeva,S. Shorter,T. Bickerstaff","A. Morina,D. Polloshka,E. Clarance,K. Dukes,K. Kramer",1608,1648,40,0.94,1.0,0.88,52,35,54,37,2,2,1,1,0,0,0,0,0,0,0,0,0,0,2,0,0,0,0,2,2,0,0,0,0,0,0,0,0,0,0,0,0,0,0,0,0,0,0,0,0,0,0,0,0,0,0,0,0,0,0,0,0,0
2808878,2026-01-31,3,Bashkimi,Sigal Prishtina,"I. Nwamu,M. Armstead,M. Janjeva,S. Shorter,T. Bickerstaff","A. Morina,D. Polloshka,E. Clarance,K. Dukes,K. Kramer",1648,1800,152,5.22,4.69,5.76,54,37,65,42,11,5,4,3,2,1,4,4,1,2,3,0,0,0,1,3,1,2,0,4,3,0,0,0,0,0,1,2,0,0,0,0,0,0,0,0,0,0,0,0,0,0,0,0,0,0,0,0,0,0,0,0,0,0
2808878,2026-01-31,4,Bashkimi,Sigal Prishtina,"I. Nwamu,M. Armstead,M. Ismaili,M. Janjeva,T. Bickerstaff","D. Polloshka,E. Clarance,J. Ismajli,K. Dukes,K. Kramer",1800,1918,118,4.5,5.0,4.0,65,42,69,44,4,2,2,2,0,0,0,0,0,3,0,0,0,3,1,4,1,2,0,0,0,0,0,0,1,0,0,0,0,0,0,0,0,0,0,0,0,0,0,0,0,0,0,0,0,0,0,0,0,0,0,0,0,0
2808878,2026-01-31,4,Bashkimi,Sigal Prishtina,"I. Nwamu,M. Ismaili,M. Janjeva,T. Bickerstaff,V. Bunjaku","D. Polloshka,E. Clarance,J. Ismajli,K. Dukes,K. Kramer",1918,2028,110,2.96,3.0,2.93,69,44,75,47,6,3,3,3,0,0,0,0,0,0,2,2,0,0,1,2,1,1,1,0,0,1,0,0,0,0,2,0,0,0,0,0,0,0,0,0,0,0,0,0,0,0,0,0,0,0,0,0,0,0,0,0,0,0
2808878,2026-01-31,4,Bashkimi,Sigal Prishtina,"I. Nwamu,M. Ismaili,M. Janjeva,T. Bickerstaff,V. Bunjaku","D. Polloshka,E. Clarance,K. Dukes,K. Kramer,V. Kakruki",2028,2049,21,0.1,0.1,0.1,75,47,75,47,0,0,0,0,0,0,0,0,0,0,0,0,0,0,1,1,0,1,0,0,0,1,0,0,0,0,0,0,0,0,0,0,0,0,0,0,0,0,0,0,0,0,0,0,0,0,0,0,0,0,0,0,0,0
2808878,2026-01-31,4,Bashkimi,Sigal Prishtina,"B. Bytyqi,M. Ismaili,M. Janjeva,T. Bickerstaff,V. Bunjaku","D. Polloshka,E. Clarance,K. Dukes,K. Kramer,V. Kakruki",2049,2149,100,3.34,2.81,3.88,75,47,77,55,2,8,2,0,2,0,2,2,1,1,0,0,0,1,1,3,3,1,1,2,1,0,1,4,1,0,0,1,0,0,0,0,0,0,0,0,0,0,0,0,0,0,0,0,0,0,0,0,0,0,0,0,0,0
2808878,2026-01-31,4,Bashkimi,Sigal Prishtina,"D. Lake,M. Ismaili,M. Janjeva,S. Shorter,V. Bunjaku","D. Polloshka,E. Clarance,K. Dukes,K. Kramer,V. Kakruki",2149,2182,33,1.5,2.0,1.0,77,55,77,57,0,2,1,0,0,0,0,0,0,0,0,0,0,1,0,1,1,0,0,0,0,0,1,0,0,0,0,0,0,0,0,0,0,0,0,0,0,0,0,0,0,0,0,0,0,0,0,0,0,0,0,0,0,0
2808878,2026-01-31,4,Bashkimi,Sigal Prishtina,"D. Lake,L. Zeqiri,M. Ismaili,S. Shorter,V. Bunjaku","D. Polloshka,E. Clarance,K. Dukes,K. Kramer,V. Kakruki",2182,2348,166,5.05,4.93,5.17,77,57,79,61,2,4,4,1,1,0,0,0,1,2,1,0,0,2,2,4,2,2,0,2,0,1,2,0,0,0,1,2,0,0,0,0,0,0,0,0,0,0,0,0,0,0,0,0,0,0,0,0,0,0,0,0,0,0
2808878,2026-01-31,4,Bashkimi,Sigal Prishtina,"D. Lake,L. Zeqiri,M. Ismaili,S. Shorter,V. Bunjaku","E. Clarance,J. Ismajli,K. Dukes,K. Kramer,V. Kakruki",2348,2388,40,1.5,2.0,1.0,79,61,84,61,5,0,2,2,1,1,0,0,0,0,2,0,0,0,1,0,0,0,0,0,0,0,0,0,0,0,1,0,0,0,0,0,0,0,0,0,0,0,0,0,0,0,0,0,0,0,0,0,0,0,0,0,0,0
2808879,2026-01-31,1,GO+Peja,Rahoveci 029,"A. Hajdari,C. Edwards,M. Mala,O. Williams,T. Green","A. Berisha,A. Thomas,F. Rugova,J. Roche,K. Pullian",0,289,289,8.86,8.86,8.86,0,0,10,13,10,13,11,4,4,2,0,0,2,2,2,1,1,0,1,10,6,2,1,0,0,2,5,3,0,1,1,1,0,0,0,0,0,0,0,0,0,0,0,0,0,0,0,0,0,0,0,0,0,0,0,0,0,0
2808879,2026-01-31,1,GO+Peja,Rahoveci 029,"C. Edwards,M. Mala,O. Williams,S. Llapi,T. Green","A. Berisha,A. Thomas,F. Rugova,J. Roche,K. Pullian",289,308,19,0.42,0.1,0.74,10,13,10,15,0,2,0,0,0,0,0,0,0,0,0,0,0,0,1,2,0,1,0,2,2,2,0,0,0,0,0,0,0,0,0,0,0,0,0,0,0,0,0,0,0,0,0,0,0,0,0,0,0,0,0,0,0,0
2808879,2026-01-31,1,GO+Peja,Rahoveci 029,"C. Edwards,M. Mala,O. Williams,S. Llapi,T. Green","A. Berisha,A. Thomas,F. Rugova,J. Johnson,K. Pullian",308,378,70,2.44,1.88,3.0,10,15,15,17,5,2,1,1,1,1,2,2,0,0,1,0,0,0,0,1,1,0,0,0,0,0,0,0,0,0,2,2,0,0,0,0,0,0,0,0,0,0,0,0,0,0,0,0,0,0,0,0,0,0,0,0,0,0
2808879,2026-01-31,1,GO+Peja,Rahoveci 029,"C. Edwards,M. Mala,O. Williams,S. Llapi,T. Green","A. Thomas,B. Rexha,F. Rugova,J. Johnson,K. Pullian",378,426,48,0.93,0.86,1.0,15,17,17,17,2,0,3,1,0,0,0,0,2,0,0,1,0,0,0,0,0,0,0,0,0,0,0,0,0,0,1,1,0,0,0,0,0,0,0,0,0,0,0,0,0,0,0,0,0,0,0,0,0,0,0,0,0,0
2808879,2026-01-31,1,GO+Peja,Rahoveci 029,"C. Edwards,L. Routt,M. Mala,O. Williams,S. Llapi","B. Rexha,F. Rugova,J. Johnson,J. Roche,K. Pullian",426,474,48,1.44,1.88,1.0,17,17,21,17,4,0,1,1,0,0,2,2,0,1,0,0,0,0,1,1,0,1,0,0,0,0,0,0,0,0,0,0,0,0,0,0,0,0,0,0,0,0,0,0,0,0,0,0,0,0,0,0,0,0,0,0,0,0
2808879,2026-01-31,1,GO+Peja,Rahoveci 029,"C. Edwards,F. Shoshaj,L. Routt,M. Mala,S. Llapi","B. Rexha,J. Johnson,J. Roche,K. Pullian,V. Ejupi",474,510,36,0.9,1.0,0.81,21,17,21,18,0,1,0,0,0,0,0,0,0,0,0,0,0,1,0,1,0,1,0,2,1,1,0,0,0,0,0,0,0,0,0,0,0,0,0,0,0,0,0,0,0,0,0,0,0,0,0,0,0,0,0,0,0,0
2808879,2026-01-31,1,GO+Peja,Rahoveci 029,"A. Hajdari,C. Edwards,F. Shoshaj,L. Routt,S. Llapi","B. Rexha,J. Johnson,J. Roche,K. Pullian,V. Ejupi",510,552,42,1.5,1.0,2.0,21,18,23,18,2,0,1,1,0,0,0,0,0,2,0,0,0,0,0,2,0,1,0,0,0,0,0,0,0,0,0,1,0,0,0,0,0,0,0,0,0,0,0,0,0,0,0,0,0,0,0,0,0,0,0,0,0,0
2808879,2026-01-31,1,GO+Peja,Rahoveci 029,"A. Hajdari,C. Edwards,F. Shoshaj,L. Routt,S. Llapi","A. Thomas,B. Rexha,J. Roche,K. Pullian,V. Ejupi",552,592,40,1.44,1.88,1.0,23,18,25,18,2,0,0,0,0,0,2,2,0,0,0,1,0,1,2,0,0,0,0,0,0,0,0,0,0,0,1,0,0,0,0,0,0,0,0,0,0,0,0,0,0,0,0,0,0,0,0,0,0,0,0,0,0,0
2808879,2026-01-31,1,GO+Peja,Rahoveci 029,"C. Edwards,F. Shoshaj,L. Routt,O. Williams,S. Llapi","A. Thomas,B. Rexha,J. Roche,K. Pullian,V. Ejupi",592,600,8,0.77,0.1,1.44,25,18,25,19,0,1,0,0,0,0,0,0,0,0,0,0,0,0,0,1,0,1,0,1,1,0,0,0,0,0,0,0,0,0,0,0,0,0,0,0,0,0,0,0,0,0,0,0,0,0,0,0,0,0,0,0,0,0
2808879,2026-01-31,2,GO+Peja,Rahoveci 029,"F. Shoshaj,L. Routt,O. Williams,S. Llapi,T. Green","A. Thomas,B. Rexha,J. Roche,K. Pullian,V. Ejupi",600,685,85,1.43,2.0,0.86,25,19,25,19,0,0,2,0,0,0,0,0,0,1,0,0,1,0,1,3,0,2,0,0,0,2,2,0,0,0,0,0,0,0,0,0,0,0,0,0,0,0,0,0,0,0,0,0,0,0,0,0,0,0,0,0,0,0
2808879,2026-01-31,2,GO+Peja,Rahoveci 029,"L. Routt,M. Mala,O. Williams,S. Llapi,T. Green","A. Thomas,B. Rexha,J. Roche,K. Pullian,V. Ejupi",685,700,15,0.94,1.0,0.88,25,19,27,20,2,1,1,1,0,0,0,0,0,0,0,0,0,0,1,0,0,0,0,2,1,0,0,0,0,0,0,0,0,0,0,0,0,0,0,0,0,0,0,0,0,0,0,0,0,0,0,0,0,0,0,0,0,0
2808879,2026-01-31,2,GO+Peja,Rahoveci 029,"C. Edwards,M. Mala,O. Williams,S. Llapi,T. Green","A. Thomas,B. Rexha,J. Roche,K. Pullian,V. Ejupi",700,759,59,0.96,1.0,0.93,27,20,27,22,0,2,1,0,1,0,0,0,0,0,0,0,0,0,0,2,1,1,0,0,0,1,1,1,0,0,0,0,0,0,0,0,0,0,0,0,0,0,0,0,0,0,0,0,0,0,0,0,0,0,0,0,0,0
2808879,2026-01-31,2,GO+Peja,Rahoveci 029,"C. Edwards,M. Mala,O. Williams,S. Llapi,T. Green","A. Thomas,F. Rugova,J. Roche,K. Pullian,V. Ejupi",759,773,14,1.0,1.0,1.0,27,22,29,22,2,0,1,1,0,0,0,0,0,1,1,0,1,0,0,1,0,0,0,0,0,0,0,0,0,0,0,0,0,0,0,0,0,0,0,0,0,0,0,0,0,0,0,0,0,0,0,0,0,0,0,0,0,0
2808879,2026-01-31,2,GO+Peja,Rahoveci 029,"C. Edwards,M. Mala,O. Williams,S. Llapi,T. Green","A. Berisha,A. Thomas,F. Rugova,J. Roche,K. Pullian",773,922,149,5.4,5.81,5.0,29,22,35,25,6,3,4,2,2,1,2,1,1,3,2,0,1,2,2,4,1,3,1,0,0,0,1,1,0,0,1,1,0,0,0,0,0,0,0,0,0,0,0,0,0,0,0,0,0,0,0,0,0,0,0,0,0,0
2808879,2026-01-31,2,GO+Peja,Rahoveci 029,"A. Hajdari,C. Edwards,M. Mala,S. Llapi,T. Green","A. Berisha,A. Thomas,F. Rugova,J. Roche,K. Pullian",922,1014,92,1.9,1.81,2.0,35,25,39,28,4,3,2,1,1,0,2,2,1,1,1,0,0,0,1,2,1,2,1,0,0,0,0,1,0,0,0,1,0,0,0,0,0,0,0,0,0,0,0,0,0,0,0,0,0,0,0,0,0,0,0,0,0,0
2808879,2026-01-31,2,GO+Peja,Rahoveci 029,"A. Hajdari,C. Edwards,O. Williams,S. Llapi,T. Green","A. Berisha,A. Thomas,J. Roche,K. Pullian,V. Ejupi",1014,1104,90,3.17,3.0,3.33,39,28,43,32,4,4,3,2,0,0,0,0,0,1,0,0,1,0,1,3,1,0,0,4,2,2,1,1,0,0,0,1,0,0,0,0,0,0,0,0,0,0,0,0,0,0,0,0,0,0,0,0,0,0,0,0,0,0
2808879,2026-01-31,2,GO+Peja,Rahoveci 029,"C. Edwards,F. Shoshaj,O. Williams,S. Llapi,T. Green","A. Berisha,A. Thomas,J. Roche,K. Pullian,V. Ejupi",1104,1124,20,0.27,0.44,0.1,43,32,44,32,1,0,0,0,0,0,1,1,0,0,0,0,0,0,1,2,0,2,0,0,0,2,0,0,0,0,0,0,0,0,0,0,0,0,0,0,0,0,0,0,0,0,0,0,0,0,0,0,0,0,0,0,0,0
2808879,2026-01-31,2,GO+Peja,Rahoveci 029,"C. Edwards,F. Shoshaj,O. Williams,S. Llapi,T. Green","A. Berisha,A. Thomas,J. Johnson,K. Pullian,V. Ejupi",1124,1178,54,1.94,1.0,2.88,44,32,44,36,0,4,0,0,0,0,0,0,0,1,0,0,0,1,0,2,1,1,0,2,2,0,0,0,1,0,0,1,0,0,0,0,0,0,0,0,0,0,0,0,0,0,0,0,0,0,0,0,0,0,0,0,0,0
2808879,2026-01-31,2,GO+Peja,Rahoveci 029,"C. Edwards,F. Shoshaj,M. Mala,O. Williams,T. Green","A. Berisha,A. Thomas,J. Johnson,K. Pullian,V. Ejupi",1178,1200,22,0.1,0.1,0.1,44,36,44,36,0,0,0,0,0,0,0,0,0,0,0,0,0,0,0,0,0,0,0,0,0,0,0,0,0,0,0,0,0,0,0,0,0,0,0,0,0,0,0,0,0,0,0,0,0,0,0,0,0,0,0,0,0,0
2808879,2026-01-31,3,GO+Peja,Rahoveci 029,"C. Edwards,M. Mala,O. Williams,S. Llapi,T. Green","A. Berisha,A. Thomas,B. Rexha,J. Roche,K. Pullian",1200,1487,287,6.87,6.81,6.93,44,36,54,43,10,7,6,3,4,2,2,2,1,4,3,0,0,1,0,8,3,3,1,0,0,1,2,1,0,0,0,2,0,0,0,0,0,0,0,0,0,0,0,0,0,0,0,0,0,0,0,0,0,0,0,0,0,0
2808879,2026-01-31,3,GO+Peja,Rahoveci 029,"C. Edwards,F. Shoshaj,O. Williams,S. Llapi,T. Green","A. Berisha,A. Thomas,B. Rexha,J. Roche,K. Pullian",1487,1567,80,2.43,1.86,3.0,54,43,58,43,4,0,4,2,0,0,0,0,2,1,0,1,0,0,0,1,0,0,0,0,0,0,0,0,0,0,2,0,0,0,0,0,0,0,0,0,0,0,0,0,0,0,0,0,0,0,0,0,0,0,0,0,0,0
2808879,2026-01-31,3,GO+Peja,Rahoveci 029,"F. Shoshaj,L. Routt,O. Williams,S. Llapi,T. Green","A. Berisha,A. Thomas,F. Rugova,J. Johnson,K. Pullian",1567,1600,33,1.44,1.88,1.0,58,43,59,43,1,0,0,0,0,0,2,1,0,0,0,1,0,1,1,0,0,0,0,0,0,0,1,0,1,0,1,1,0,0,0,0,0,0,0,0,0,0,0,0,0,0,0,0,0,0,0,0,0,0,0,0,0,0
2808879,2026-01-31,3,GO+Peja,Rahoveci 029,"F. Shoshaj,L. Routt,O. Williams,S. Llapi,T. Green","A. Thomas,F. Rugova,H. Durguti,J. Johnson,K. Pullian",1600,1644,44,2.4,2.0,2.81,59,43,59,46,0,3,2,0,1,0,0,0,0,0,0,1,0,0,1,2,1,0,0,2,1,1,2,0,0,0,1,0,0,0,0,0,0,0,0,0,0,0,0,0,0,0,0,0,0,0,0,0,0,0,0,0,0,0
2808879,2026-01-31,3,GO+Peja,Rahoveci 029,"A. Hajdari,F. Shoshaj,L. Routt,O. Williams,S. Llapi","A. Berisha,A. Thomas,F. Rugova,H. Durguti,J. Johnson",1644,1695,51,1.72,2.0,1.44,59,46,59,46,0,0,0,0,0,0,0,0,0,2,0,0,0,2,0,1,0,1,0,1,0,0,0,0,1,0,0,0,0,0,0,0,0,0,0,0,0,0,0,0,0,0,0,0,0,0,0,0,0,0,0,0,0,0
2808879,2026-01-31,3,GO+Peja,Rahoveci 029,"A. Hajdari,L. Routt,M. Mala,O. Williams,S. Llapi","A. Berisha,A. Thomas,F. Rugova,H. Durguti,J. Johnson",1695,1774,79,2.44,2.88,2.0,59,46,67,49,8,3,2,2,2,2,2,2,0,1,3,0,0,0,2,2,1,2,1,0,0,0,0,0,0,0,0,1,0,0,0,0,0,0,0,0,0,0,0,0,0,0,0,0,0,0,0,0,0,0,0,0,0,0
2808879,2026-01-31,3,GO+Peja,Rahoveci 029,"A. Hajdari,F. Shoshaj,L. Routt,M. Mala,S. Llapi","A. Thomas,F. Rugova,H. Durguti,J. Johnson,K. Pullian",1774,1800,26,1.5,1.0,2.0,67,49,67,51,0,2,0,0,0,0,0,0,0,1,0,0,0,1,0,2,1,0,0,0,0,0,0,0,1,0,0,0,0,0,0,0,0,0,0,0,0,0,0,0,0,0,0,0,0,0,0,0,0,0,0,0,0,0
2808879,2026-01-31,4,GO+Peja,Rahoveci 029,"A. Hajdari,C. Edwards,F. Shoshaj,L. Routt,M. Mala","A. Thomas,F. Rugova,H. Durguti,J. Johnson,K. Pullian",1800,1934,134,3.43,4.0,2.86,67,51,76,51,9,0,4,4,1,1,0,0,0,2,3,0,0,0,1,4,0,3,0,0,0,2,0,0,0,0,1,0,0,0,0,0,0,0,0,0,0,0,0,0,0,0,0,0,0,0,0,0,0,0,0,0,0,0
2808879,2026-01-31,4,GO+Peja,Rahoveci 029,"A. Hajdari,C. Edwards,F. Shoshaj,L. Routt,O. Williams","F. Rugova,J. Johnson,J. Roche,K. Pullian,V. Ejupi",1934,1959,25,1.0,1.0,1.0,76,51,76,54,0,3,0,0,0,0,0,0,0,0,0,0,0,1,0,1,1,1,1,0,0,0,0,1,0,0,0,0,0,0,0,0,0,0,0,0,0,0,0,0,0,0,0,0,0,0,0,0,0,0,0,0,0,0
2808879,2026-01-31,4,GO+Peja,Rahoveci 029,"A. Hajdari,C. Edwards,F. Shoshaj,L. Routt,O. Williams","B. Rexha,J. Johnson,J. Roche,K. Pullian,V. Ejupi",1959,1983,24,1.0,1.0,1.0,76,54,76,56,0,2,0,0,0,0,0,0,0,0,0,0,0,1,0,1,1,0,0,0,0,0,0,0,1,0,0,0,0,0,0,0,0,0,0,0,0,0,0,0,0,0,0,0,0,0,0,0,0,0,0,0,0,0
2808879,2026-01-31,4,GO+Peja,Rahoveci 029,"A. Hajdari,C. Edwards,L. Routt,M. Mala,O. Williams","B. Rexha,J. Johnson,J. Roche,K. Pullian,V. Ejupi",1983,1993,10,0.55,0.1,1.0,76,56,76,56,0,0,0,0,0,0,0,0,0,0,0,0,0,0,0,0,0,0,0,0,0,0,0,0,0,0,1,0,0,0,0,0,0,0,0,0,0,0,0,0,0,0,0,0,0,0,0,0,0,0,0,0,0,0
2808879,2026-01-31,4,GO+Peja,Rahoveci 029,"A. Hajdari,C. Edwards,M. Mala,O. Williams,T. Green","B. Rexha,J. Johnson,J. Roche,K. Pullian,V. Ejupi",1993,2141,148,4.39,4.86,3.93,76,56,80,56,4,0,6,2,2,0,0,0,2,1,0,2,0,1,0,2,0,1,0,0,0,1,2,0,0,0,3,1,0,0,0,0,0,0,0,0,0,0,0,0,0,0,0,0,0,0,0,0,0,0,0,0,0,0
2808879,2026-01-31,4,GO+Peja,Rahoveci 029,"A. Hajdari,M. Mala,O. Williams,S. Llapi,T. Green","A. Berisha,B. Rexha,K. Pullian,K. Ujkani,V. Ejupi",2141,2220,79,2.19,2.44,1.93,80,56,83,56,3,0,2,1,1,0,1,1,0,2,0,0,0,0,0,3,0,2,0,0,0,1,1,0,0,0,0,0,0,0,0,0,0,0,0,0,0,0,0,0,0,0,0,0,0,0,0,0,0,0,0,0,0,0
2808879,2026-01-31,4,GO+Peja,Rahoveci 029,"A. Hajdari,M. Mala,S. Llapi,S. Nila,T. Green","A. Berisha,B. Rexha,H. Durguti,K. Ujkani,V. Ejupi",2220,2301,81,2.46,2.0,2.93,83,56,86,60,3,4,2,1,1,1,0,0,0,1,1,0,0,0,0,4,2,0,0,0,0,1,1,1,0,0,0,0,0,0,0,0,0,0,0,0,0,0,0,0,0,0,0,0,0,0,0,0,0,0,0,0,0,0
2808879,2026-01-31,4,GO+Peja,Rahoveci 029,"M. Mala,O. Sallabegolli,S. Llapi,S. Nila,T. Green","A. Berisha,B. Rexha,H. Durguti,K. Ujkani,V. Ejupi",2301,2323,22,1.0,1.0,1.0,86,60,88,60,2,0,1,1,0,0,0,0,0,1,1,0,0,0,0,1,0,1,0,0,0,0,0,0,0,0,0,0,0,0,0,0,0,0,0,0,0,0,0,0,0,0,0,0,0,0,0,0,0,0,0,0,0,0
2808879,2026-01-31,4,GO+Peja,Rahoveci 029,"D. Ademaj,M. Mala,O. Sallabegolli,S. Llapi,S. Nila","A. Berisha,B. Rexha,H. Durguti,K. Ujkani,V. Ejupi",2323,2351,28,1.46,1.93,1.0,88,60,92,60,4,0,3,2,0,0,0,0,1,1,0,0,0,0,1,1,0,1,0,0,0,0,0,0,0,1,0,0,0,0,0,0,0,0,0,0,0,0,0,0,0,0,0,0,0,0,0,0,0,0,0,0,0,0
2808879,2026-01-31,4,GO+Peja,Rahoveci 029,"D. Ademaj,E. Hasanaj,O. Sallabegolli,S. Llapi,S. Nila","A. Berisha,H. Durguti,K. Ujkani,N. Sylka,V. Ejupi",2351,2381,30,1.5,1.0,2.0,92,60,92,60,0,0,0,0,0,0,0,0,0,2,0,0,0,1,0,2,0,2,0,0,0,0,0,0,1,0,0,0,0,0,0,0,0,0,0,0,0,0,0,0,0,0,0,0,0,0,0,0,0,0,0,0,0,0
2808880,2026-02-01,1,Vëllaznimi,Bora,"D. Wilson,J. Hellems,R. Dahsyla,S. Zekiqi,Y. Anei","A. Hot,A. Hunter,L. Thomas,R. Ukaj,S. Jules",0,230,230,7.0,7.0,7.0,0,0,2,6,2,6,4,1,2,0,0,0,0,3,1,0,1,3,0,6,3,1,0,0,0,0,3,1,2,0,1,1,0,0,0,0,0,0,0,0,0,0,0,0,0,0,0,0,0,0,0,0,0,0,0,0,0,0
2808880,2026-02-01,1,Vëllaznimi,Bora,"D. Wilson,J. Hellems,R. Dahsyla,S. Zekiqi,Y. Anei","A. Hot,A. Hunter,J. Zeqiri,R. Ukaj,S. Jules",230,306,76,2.0,2.0,2.0,2,6,7,8,5,2,2,2,1,1,0,0,0,0,1,0,0,0,0,1,1,0,0,0,0,0,0,1,0,0,1,1,0,0,0,0,0,0,0,0,0,0,0,0,0,0,0,0,0,0,0,0,0,0,0,0,0,0
2808880,2026-02-01,1,Vëllaznimi,Bora,"D. Wilson,J. Hellems,R. Dahsyla,S. Zekiqi,Y. Anei","A. Hunter,J. Zeqiri,R. Ukaj,S. Jules,T. Cheese",306,353,47,1.88,2.76,1.0,7,8,9,11,2,3,1,0,1,0,4,2,0,0,0,0,0,0,1,1,1,1,1,0,0,0,2,1,0,0,0,1,0,0,0,0,0,0,0,0,0,0,0,0,0,0,0,0,0,0,0,0,0,0,0,0,0,0
2808880,2026-02-01,1,Vëllaznimi,Bora,"D. Wilson,J. Hellems,R. Dahsyla,S. Zekiqi,Y. Anei","A. Hunter,J. Zeqiri,L. Thomas,R. Ukaj,T. Cheese",353,402,49,2.5,3.0,2.0,9,11,11,13,2,2,1,1,0,0,0,0,0,1,1,0,1,2,1,2,1,0,0,0,0,0,0,0,0,0,0,0,0,0,0,0,0,0,0,0,0,0,0,0,0,0,0,0,0,0,0,0,0,0,0,0,0,0
2808880,2026-02-01,1,Vëllaznimi,Bora,"D. Wilson,J. Hellems,R. Dahsyla,S. Zekiqi,Y. Anei","A. Hunter,J. Zeqiri,L. Thomas,O. Kurtaj,T. Cheese",402,454,52,1.5,1.0,2.0,11,13,11,15,0,2,1,0,0,0,0,0,0,1,0,0,0,0,0,2,1,1,0,0,0,0,1,0,0,0,0,0,0,0,0,0,0,0,0,0,0,0,0,0,0,0,0,0,0,0,0,0,0,0,0,0,0,0
2808880,2026-02-01,1,Vëllaznimi,Bora,"D. Wilson,J. Hellems,R. Dahsyla,S. Zekiqi,Y. Anei","A. Mekic,J. Zeqiri,L. Thomas,O. Kurtaj,T. Cheese",454,511,57,0.96,0.93,1.0,11,15,13,15,2,0,2,1,1,0,0,0,1,1,1,0,0,0,0,1,0,1,0,0,0,0,0,0,0,0,0,0,0,0,0,0,0,0,0,0,0,0,0,0,0,0,0,0,0,0,0,0,0,0,0,0,0,0
2808880,2026-02-01,1,Vëllaznimi,Bora,"D. Wilson,J. Hellems,R. Dahsyla,S. Zekiqi,Y. Anei","A. Hot,A. Mekic,L. Thomas,O. Kurtaj,T. Cheese",511,537,26,1.5,2.0,1.0,13,15,15,15,2,0,1,1,0,0,0,0,0,0,1,1,0,1,1,0,0,0,0,0,0,0,0,0,1,0,1,0,0,0,0,0,0,0,0,0,0,0,0,0,0,0,0,0,0,0,0,0,0,0,0,0,0,0
2808880,2026-02-01,1,Vëllaznimi,Bora,"D. Wilson,R. Dahsyla,S. Zekiqi,Y. Anei,Z. Reid","A. Hot,A. Mekic,L. Thomas,O. Kurtaj,T. Cheese",537,600,63,3.16,3.32,3.0,15,15,21,17,6,2,2,2,0,0,3,2,1,2,1,0,0,0,0,3,1,0,0,0,0,0,0,1,0,0,0,2,0,0,0,0,0,0,0,0,0,0,0,0,0,0,0,0,0,0,0,0,0,0,0,0,0,0
2808880,2026-02-01,2,Vëllaznimi,Bora,"D. Wilson,R. Dahsyla,S. Zekiqi,Y. Anei,Z. Reid","A. Hot,A. Mekic,O. Kurtaj,S. Jules,T. Cheese",600,625,25,0.55,0.1,1.0,21,17,21,17,0,0,0,0,0,0,0,0,0,0,0,1,0,0,1,0,0,0,0,0,0,0,0,0,0,0,1,1,0,0,0,0,0,0,0,0,0,0,0,0,0,0,0,0,0,0,0,0,0,0,0,0,0,0
2808880,2026-02-01,2,Vëllaznimi,Bora,"D. Wilson,R. Dahsyla,S. Zekiqi,Y. Anei,Z. Reid","A. Hot,A. Mekic,R. Ukaj,S. Jules,T. Cheese",625,645,20,0.94,1.0,0.88,21,17,21,19,0,2,1,0,0,0,0,0,0,0,0,0,0,0,1,0,0,0,0,2,2,0,1,1,0,0,0,0,0,0,0,0,0,0,0,0,0,0,0,0,0,0,0,0,0,0,0,0,0,0,0,0,0,0
2808880,2026-02-01,2,Vëllaznimi,Bora,"R. Dahsyla,S. Zekiqi,T. Todd,Y. Anei,Z. Reid","A. Hot,A. Mekic,R. Ukaj,S. Jules,T. Cheese",645,689,44,1.0,1.0,1.0,21,19,21,19,0,0,1,0,0,0,0,0,0,1,0,0,0,0,0,1,0,0,0,0,0,0,1,0,0,0,0,1,0,0,0,0,0,0,0,0,0,0,0,0,0,0,0,0,0,0,0,0,0,0,0,0,0,0
2808880,2026-02-01,2,Vëllaznimi,Bora,"A. Rushiti,J. Hellems,R. Dahsyla,T. Todd,Z. Reid","A. Hot,A. Hunter,R. Ukaj,S. Jules,T. Cheese",689,756,67,1.94,1.88,2.0,21,19,23,22,2,3,1,0,0,0,2,2,0,1,0,0,0,0,1,2,1,2,1,0,0,0,1,1,0,0,0,1,0,0,0,0,0,0,0,0,0,0,0,0,0,0,0,0,0,0,0,0,0,0,0,0,0,0
2808880,2026-02-01,2,Vëllaznimi,Bora,"A. Rushiti,J. Hellems,S. Zekiqi,T. Todd,Z. Reid","A. Hot,A. Hunter,R. Ukaj,S. Jules,T. Cheese",756,773,17,0.1,0.1,0.1,23,22,23,22,0,0,0,0,0,0,0,0,0,0,0,0,0,0,0,0,0,0,0,0,0,0,0,0,0,0,0,1,0,0,0,0,0,0,0,0,0,0,0,0,0,0,0,0,0,0,0,0,0,0,0,0,0,0
2808880,2026-02-01,2,Vëllaznimi,Bora,"A. Rushiti,J. Hellems,S. Zekiqi,T. Todd,Z. Reid","A. Hot,A. Hunter,J. Zeqiri,S. Jules,T. Cheese",773,847,74,1.88,1.88,1.88,23,22,25,27,2,5,1,0,1,0,2,2,0,0,0,0,0,0,1,1,1,1,1,2,2,0,1,1,0,0,0,1,0,0,0,0,0,0,0,0,0,0,0,0,0,0,0,0,0,0,0,0,0,0,0,0,0,0
2808880,2026-02-01,2,Vëllaznimi,Bora,"A. Rushiti,D. Wilson,J. Hellems,S. Zekiqi,Y. Anei","A. Hot,A. Hunter,J. Zeqiri,S. Jules,T. Cheese",847,893,46,0.96,1.0,0.93,27,27,27,30,0,3,1,0,1,0,0,0,0,0,0,0,0,0,1,2,1,2,1,0,0,1,1,0,0,0,0,0,0,0,0,0,0,0,0,0,0,0,0,0,0,0,0,0,0,0,0,0,0,0,0,0,0,0
2808880,2026-02-01,2,Vëllaznimi,Bora,"D. Wilson,J. Hellems,R. Dahsyla,S. Zekiqi,Y. Anei","A. Hot,A. Hunter,J. Zeqiri,S. Jules,T. Cheese",893,1015,122,4.81,4.88,4.74,27,30,32,33,5,3,3,2,0,0,2,1,0,0,1,2,1,1,0,3,1,1,0,2,1,2,1,0,0,0,3,1,0,0,0,0,0,0,0,0,0,0,0,0,0,0,0,0,0,0,0,0,0,0,0,0,0,0
2808880,2026-02-01,2,Vëllaznimi,Bora,"D. Wilson,J. Hellems,R. Dahsyla,S. Zekiqi,Y. Anei","A. Hot,A. Hunter,L. Thomas,O. Kurtaj,S. Jules",1015,1274,259,7.08,7.28,6.88,32,33,44,41,12,8,8,5,4,1,2,1,1,3,3,0,1,0,1,5,2,4,2,2,2,0,1,1,0,0,1,1,0,0,0,0,0,0,0,0,0,0,0,0,0,0,0,0,0,0,0,0,0,0,0,0,0,0
2808880,2026-02-01,3,Vëllaznimi,Bora,"D. Wilson,J. Hellems,R. Dahsyla,S. Zekiqi,Y. Anei","A. Hot,A. Hunter,L. Thomas,R. Ukaj,S. Jules",1274,1434,160,4.5,4.0,5.0,44,41,49,49,5,8,3,2,2,1,0,0,0,1,2,1,0,1,0,4,3,3,2,0,0,0,1,2,0,0,1,2,0,0,0,0,0,0,0,0,0,0,0,0,0,0,0,0,0,0,0,0,0,0,0,0,0,0
2808880,2026-02-01,3,Vëllaznimi,Bora,"J. Hellems,R. Dahsyla,S. Zekiqi,Y. Anei,Z. Reid","A. Hunter,J. Zeqiri,L. Thomas,R. Ukaj,S. Jules",1434,1482,48,0.94,0.88,1.0,49,49,50,49,1,0,0,0,0,0,2,1,0,1,0,0,0,0,1,1,0,1,0,0,0,0,0,0,0,0,0,1,0,0,0,0,0,0,0,0,0,0,0,0,0,0,0,0,0,0,0,0,0,0,0,0,0,0
2808880,2026-02-01,3,Vëllaznimi,Bora,"J. Hellems,R. Dahsyla,S. Zekiqi,Y. Anei,Z. Reid","A. Hunter,A. Mekic,J. Zeqiri,R. Ukaj,T. Cheese",1482,1508,26,0.94,0.88,1.0,50,49,52,49,2,0,0,0,0,0,2,2,0,1,0,0,0,0,0,1,0,1,0,0,0,0,0,0,0,0,0,1,0,0,0,0,0,0,0,0,0,0,0,0,0,0,0,0,0,0,0,0,0,0,0,0,0,0
2808880,2026-02-01,3,Vëllaznimi,Bora,"J. Hellems,R. Dahsyla,S. Zekiqi,Y. Anei,Z. Reid","A. Hot,A. Hunter,A. Mekic,J. Zeqiri,T. Cheese",1508,1592,84,2.38,2.76,2.0,52,49,55,51,3,2,1,1,0,0,4,1,0,1,2,0,0,0,2,2,1,1,0,0,0,0,1,0,0,0,0,1,0,0,0,0,0,0,0,0,0,0,0,0,0,0,0,0,0,0,0,0,0,0,0,0,0,0
2808880,2026-02-01,3,Vëllaznimi,Bora,"D. Wilson,R. Dahsyla,S. Zekiqi,Y. Anei,Z. Reid","A. Hot,A. Hunter,A. Mekic,J. Zeqiri,T. Cheese",1592,1641,49,1.07,0.88,1.25,55,51,57,52,2,1,0,0,0,0,2,2,0,0,0,0,1,0,2,1,0,0,0,3,1,1,0,0,0,0,0,1,0,0,0,0,0,0,0,0,0,0,0,0,0,0,0,0,0,0,0,0,0,0,0,0,0,0
2808880,2026-02-01,3,Vëllaznimi,Bora,"D. Wilson,R. Dahsyla,S. Zekiqi,Y. Anei,Z. Reid","A. Hot,A. Hunter,A. Mekic,J. Zeqiri,S. Jules",1641,1690,49,1.5,1.0,2.0,57,52,60,54,3,2,1,1,1,1,0,0,0,0,0,0,0,0,0,1,1,0,0,0,0,0,0,0,0,0,1,0,0,0,0,0,0,0,0,0,0,0,0,0,0,0,0,0,0,0,0,0,0,0,0,0,0,0
2808880,2026-02-01,3,Vëllaznimi,Bora,"A. Rushiti,D. Wilson,R. Dahsyla,Y. Anei,Z. Reid","A. Hot,A. Hunter,A. Mekic,J. Zeqiri,S. Jules",1690,1741,51,1.9,1.88,1.93,60,54,64,54,4,0,1,1,0,0,2,2,0,1,1,0,1,0,0,2,0,1,0,0,0,1,0,0,0,0,1,1,0,0,0,0,0,0,0,0,0,0,0,0,0,0,0,0,0,0,0,0,0,0,0,0,0,0
2808880,2026-02-01,3,Vëllaznimi,Bora,"A. Rushiti,D. Wilson,R. Dahsyla,Y. Anei,Z. Reid","A. Hot,J. Zeqiri,L. Thomas,S. Jules,T. Cheese",1741,1756,15,0.77,1.44,0.1,64,54,65,54,1,0,1,0,1,0,1,1,0,0,0,0,0,0,1,0,0,0,0,0,0,0,1,0,0,0,0,0,0,0,0,0,0,0,0,0,0,0,0,0,0,0,0,0,0,0,0,0,0,0,0,0,0,0
2808880,2026-02-01,3,Vëllaznimi,Bora,"A. Rushiti,D. Wilson,J. Hellems,R. Dahsyla,Z. Reid","A. Hot,J. Zeqiri,L. Thomas,S. Jules,T. Cheese",1756,1768,12,0.88,0.88,0.88,65,54,66,56,1,2,0,0,0,0,2,1,0,0,0,0,0,0,0,0,0,0,0,2,2,0,0,0,0,0,0,1,0,0,0,0,0,0,0,0,0,0,0,0,0,0,0,0,0,0,0,0,0,0,0,0,0,0
2808880,2026-02-01,3,Vëllaznimi,Bora,"A. Rushiti,D. Wilson,J. Hellems,R. Dahsyla,Z. Reid","A. Hunter,J. Zeqiri,L. Thomas,R. Ukaj,T. Cheese",1768,1893,125,4.06,4.25,3.88,66,56,70,61,4,5,3,1,3,1,3,1,1,2,2,0,0,1,1,3,1,2,1,2,2,0,1,1,1,0,0,2,0,0,0,0,0,0,0,0,0,0,0,0,0,0,0,0,0,0,0,0,0,0,0,0,0,0
2808880,2026-02-01,4,Vëllaznimi,Bora,"J. Hellems,R. Dahsyla,S. Zekiqi,Y. Anei,Z. Reid","A. Hunter,J. Zeqiri,L. Thomas,R. Ukaj,T. Cheese",1893,1995,102,3.96,3.93,4.0,70,61,77,66,7,5,4,3,1,1,0,0,1,1,1,0,0,1,0,3,2,1,1,0,0,0,0,0,1,0,1,0,0,0,0,0,0,0,0,0,0,0,0,0,0,0,0,0,0,0,0,0,0,0,0,0,0,0
2808880,2026-02-01,4,Vëllaznimi,Bora,"J. Hellems,R. Dahsyla,S. Zekiqi,Y. Anei,Z. Reid","A. Hot,A. Hunter,J. Zeqiri,L. Thomas,T. Cheese",1995,2025,30,1.0,1.0,1.0,77,66,79,66,2,0,1,1,0,0,0,0,0,0,1,0,0,0,1,0,0,0,0,0,0,0,0,0,0,0,1,0,0,0,0,0,0,0,0,0,0,0,0,0,0,0,0,0,0,0,0,0,0,0,0,0,0,0
2808880,2026-02-01,4,Vëllaznimi,Bora,"J. Hellems,R. Dahsyla,S. Zekiqi,Y. Anei,Z. Reid","A. Hot,A. Mekic,J. Zeqiri,S. Jules,T. Cheese",2025,2080,55,1.93,2.0,1.86,79,66,81,66,2,0,1,1,0,0,0,0,0,1,1,0,0,1,1,3,0,1,0,0,0,2,0,0,1,0,1,0,0,0,0,0,0,0,0,0,0,0,0,0,0,0,0,0,0,0,0,0,0,0,0,0,0,0
2808880,2026-02-01,4,Vëllaznimi,Bora,"J. Hellems,R. Dahsyla,S. Zekiqi,Y. Anei,Z. Reid","A. Hot,A. Mekic,R. Ukaj,S. Jules,T. Cheese",2080,2111,31,1.66,1.0,2.32,81,66,81,71,0,5,0,0,0,0,0,0,0,0,0,0,0,1,2,1,1,0,0,3,3,0,0,2,1,0,0,0,0,0,0,0,0,0,0,0,0,0,0,0,0,0,0,0,0,0,0,0,0,0,0,0,0,0
2808880,2026-02-01,4,Vëllaznimi,Bora,"A. Rushiti,J. Hellems,R. Dahsyla,Y. Anei,Z. Reid","A. Hot,A. Mekic,R. Ukaj,S. Jules,T. Cheese",2111,2153,42,1.5,2.0,1.0,81,71,81,71,0,0,0,0,0,0,0,0,0,1,0,0,0,2,1,1,0,1,0,0,0,0,0,0,0,0,0,0,0,0,0,0,0,0,0,0,0,0,0,0,0,0,0,0,0,0,0,0,0,0,0,0,0,0
2808880,2026-02-01,4,Vëllaznimi,Bora,"A. Rushiti,J. Hellems,R. Dahsyla,Y. Anei,Z. Reid","A. Mekic,J. Zeqiri,R. Ukaj,S. Jules,T. Cheese",2153,2186,33,1.5,2.0,1.0,81,71,81,71,0,0,0,0,0,0,0,0,0,1,0,0,1,2,0,1,0,0,0,0,0,0,0,0,0,0,0,0,0,0,0,0,0,0,0,0,0,0,0,0,0,0,0,0,0,0,0,0,0,0,0,0,0,0
2808880,2026-02-01,4,Vëllaznimi,Bora,"A. Rushiti,D. Wilson,J. Hellems,R. Dahsyla,Y. Anei","A. Hot,A. Mekic,J. Zeqiri,S. Jules,T. Cheese",2186,2220,34,0.55,0.1,1.0,81,71,81,71,0,0,0,0,0,0,0,0,0,1,0,0,0,0,0,1,0,1,0,0,0,0,0,0,0,0,0,1,0,0,0,0,0,0,0,0,0,0,0,0,0,0,0,0,0,0,0,0,0,0,0,0,0,0
2808880,2026-02-01,4,Vëllaznimi,Bora,"A. Rushiti,D. Wilson,J. Hellems,R. Dahsyla,Y. Anei","A. Mekic,J. Zeqiri,R. Ukaj,S. Jules,T. Cheese",2220,2232,12,0.55,1.0,0.1,81,71,84,71,3,0,1,1,1,1,0,0,0,0,1,0,0,0,0,0,0,0,0,0,0,0,0,0,0,0,0,0,0,0,0,0,0,0,0,0,0,0,0,0,0,0,0,0,0,0,0,0,0,0,0,0,0,0
2808880,2026-02-01,4,Vëllaznimi,Bora,"A. Rushiti,D. Wilson,J. Hellems,R. Dahsyla,Y. Anei","A. Hot,A. Mekic,J. Zeqiri,S. Jules,T. Cheese",2232,2364,132,3.46,3.0,3.93,84,71,89,78,5,7,3,2,2,1,0,0,0,0,0,0,0,0,0,4,3,2,1,0,0,1,1,2,0,0,1,1,0,0,0,0,0,0,0,0,0,0,0,0,0,0,0,0,0,0,0,0,0,0,0,0,0,0
2808880,2026-02-01,4,Vëllaznimi,Bora,"A. Rushiti,D. Wilson,J. Hellems,R. Dahsyla,Y. Anei","A. Mekic,J. Zeqiri,R. Ukaj,S. Jules,T. Cheese",2364,2388,24,1.0,1.0,1.0,89,78,89,80,0,2,1,0,0,0,0,0,0,0,0,0,0,0,0,1,1,0,0,0,0,0,1,1,0,0,0,0,0,0,0,0,0,0,0,0,0,0,0,0,0,0,0,0,0,0,0,0,0,0,0,0,0,0
2808881,2026-02-01,1,Trepça,Golden Eagle Ylli,"A. Vining,K. Hasbrouck,M. Amzil,M. Tmusic,S. Jones","A. Scott,E. Kastrati,G. Morina,L. Shoshi,S. Bamforth",0,304,304,9.9,9.81,9.99,0,0,11,6,11,6,8,4,2,2,2,1,1,5,3,1,0,2,1,8,3,1,0,2,0,1,3,2,0,1,2,3,0,0,0,0,0,0,0,0,0,0,0,0,0,0,0,0,0,0,0,0,0,0,0,0,0,0
2808881,2026-02-01,1,Trepça,Golden Eagle Ylli,"A. Vining,D. Kapiti,K. Hasbrouck,M. Amzil,M. Tmusic","A. Scott,E. Kastrati,G. Morina,L. Shoshi,S. Bamforth",304,331,27,0.55,0.1,1.0,11,6,11,6,0,0,0,0,0,0,0,0,0,1,0,0,0,0,0,1,0,1,0,0,0,0,0,0,0,0,0,1,0,0,0,0,0,0,0,0,0,0,0,0,0,0,0,0,0,0,0,0,0,0,0,0,0,0
2808881,2026-02-01,1,Trepça,Golden Eagle Ylli,"A. Vining,D. Kapiti,K. Hasbrouck,M. Amzil,M. Tmusic","A. Scott,B. Huffman,E. Kastrati,G. Morina,S. Bamforth",331,394,63,1.37,1.81,0.93,11,6,15,6,4,0,2,1,0,0,2,2,1,0,0,0,0,0,1,1,0,1,0,0,0,1,0,0,0,1,1,0,0,0,0,0,0,0,0,0,0,0,0,0,0,0,0,0,0,0,0,0,0,0,0,0,0,0
2808881,2026-02-01,1,Trepça,Golden Eagle Ylli,"D. Kapiti,J. Payne,K. Hasbrouck,M. Amzil,M. Tmusic","A. Scott,B. Huffman,E. Kastrati,G. Morina,S. Bamforth",394,404,10,0.1,0.1,0.1,15,6,15,6,0,0,0,0,0,0,0,0,0,0,0,0,0,0,0,0,0,0,0,0,0,0,0,0,0,0,0,0,0,0,0,0,0,0,0,0,0,0,0,0,0,0,0,0,0,0,0,0,0,0,0,0,0,0
2808881,2026-02-01,1,Trepça,Golden Eagle Ylli,"D. Kapiti,J. Payne,K. Hasbrouck,M. Amzil,M. Tmusic","A. Scott,B. Huffman,G. Morina,L. Basic,S. Bamforth",404,453,49,1.5,1.0,2.0,15,6,18,6,3,0,1,1,1,1,0,0,0,2,0,0,0,0,0,2,0,2,0,0,0,0,0,0,0,0,0,1,0,0,0,0,0,0,0,0,0,0,0,0,0,0,0,0,0,0,0,0,0,0,0,0,0,0
2808881,2026-02-01,1,Trepça,Golden Eagle Ylli,"B. Tuna,D. Kapiti,J. Payne,M. Amzil,M. Tmusic","A. Gashi,A. Scott,B. Huffman,L. Basic,S. Bamforth",453,600,147,3.83,3.88,3.79,20,6,26,16,6,10,3,2,0,0,2,2,0,0,1,0,1,0,0,7,4,3,2,0,0,3,0,2,0,0,0,1,0,0,0,0,0,0,0,0,0,0,0,0,0,0,0,0,0,0,0,0,0,0,0,0,0,0
2808881,2026-02-01,2,Trepça,Golden Eagle Ylli,"A. Vining,D. Kapiti,J. Payne,M. Tmusic,S. Jones","A. Gashi,A. Scott,B. Huffman,L. Basic,S. Bamforth",600,724,124,4.5,5.0,4.0,26,16,32,18,6,2,4,3,1,0,0,0,0,1,2,1,0,1,0,2,1,0,0,0,0,0,1,0,1,0,2,1,0,0,0,0,0,0,0,0,0,0,0,0,0,0,0,0,0,0,0,0,0,0,0,0,0,0
2808881,2026-02-01,2,Trepça,Golden Eagle Ylli,"A. Vining,D. Kapiti,J. Payne,K. Hasbrouck,S. Jones","A. Scott,E. Kastrati,G. Morina,L. Shoshi,S. Bamforth",724,787,63,2.22,2.44,2.0,32,18,36,21,4,3,2,1,1,1,1,1,0,1,1,0,0,0,1,2,1,2,1,0,0,0,1,1,0,0,0,0,0,0,0,0,0,0,0,0,0,0,0,0,0,0,0,0,0,0,0,0,0,0,0,0,0,0
2808881,2026-02-01,2,Trepça,Golden Eagle Ylli,"A. Vining,B. Tuna,K. Hasbrouck,M. Amzil,S. Jones","A. Scott,E. Kastrati,G. Morina,L. Shoshi,S. Bamforth",787,862,75,3.0,2.0,4.0,36,21,41,24,5,3,2,2,1,1,0,0,0,1,1,0,0,0,0,2,1,1,1,0,0,0,0,1,0,0,2,1,0,0,0,0,0,0,0,0,0,0,0,0,0,0,0,0,0,0,0,0,0,0,0,0,0,0
2808881,2026-02-01,2,Trepça,Golden Eagle Ylli,"A. Vining,B. Tuna,K. Hasbrouck,M. Amzil,S. Jones","A. Scott,A. Çallakaj,E. Kastrati,G. Morina,L. Shoshi",862,910,48,1.44,1.88,1.0,41,24,45,24,4,0,1,1,0,0,2,2,0,0,0,1,0,0,0,0,0,0,0,0,0,0,0,0,0,0,1,2,0,0,0,0,0,0,0,0,0,0,0,0,0,0,0,0,0,0,0,0,0,0,0,0,0,0
2808881,2026-02-01,2,Trepça,Golden Eagle Ylli,"A. Vining,B. Tuna,K. Hasbrouck,M. Amzil,S. Jones","A. Gashi,A. Scott,A. Çallakaj,E. Kastrati,G. Morina",910,989,79,1.93,1.93,1.93,45,24,50,26,5,2,3,2,2,1,0,0,1,0,1,1,0,0,0,2,1,0,0,0,0,1,0,0,0,0,1,0,0,0,0,0,0,0,0,0,0,0,0,0,0,0,0,0,0,0,0,0,0,0,0,0,0,0
2808881,2026-02-01,2,Trepça,Golden Eagle Ylli,"A. Vining,B. Tuna,K. Hasbrouck,M. Amzil,S. Jones","A. Scott,A. Çallakaj,B. Huffman,E. Kastrati,G. Morina",989,1031,42,1.66,1.0,2.32,50,26,53,30,3,4,1,1,1,1,0,0,0,1,0,0,0,0,1,1,1,0,0,3,2,0,0,0,0,0,0,0,0,0,0,0,0,0,0,0,0,0,0,0,0,0,0,0,0,0,0,0,0,0,0,0,0,0
2808881,2026-02-01,2,Trepça,Golden Eagle Ylli,"A. Vining,B. Tuna,K. Hasbrouck,M. Amzil,S. Jones","B. Huffman,E. Kastrati,G. Morina,L. Basic,S. Bamforth",1031,1081,50,2.0,2.0,2.0,53,30,55,35,2,5,2,1,1,0,0,0,0,0,0,0,0,0,0,2,2,1,1,0,0,0,1,1,0,0,0,0,0,0,0,0,0,0,0,0,0,0,0,0,0,0,0,0,0,0,0,0,0,0,0,0,0,0
2808881,2026-02-01,2,Trepça,Golden Eagle Ylli,"A. Vining,D. Kapiti,K. Hasbrouck,M. Tmusic,S. Jones","B. Huffman,E. Kastrati,G. Morina,L. Basic,S. Bamforth",1081,1142,61,1.5,1.0,2.0,55,35,58,39,3,4,1,1,1,1,0,0,0,0,1,0,0,0,1,2,2,0,0,0,0,0,0,1,0,0,0,1,0,0,0,0,0,0,0,0,0,0,0,0,0,0,0,0,0,0,0,0,0,0,0,0,0,0
2808881,2026-02-01,2,Trepça,Golden Eagle Ylli,"A. Vining,D. Kapiti,K. Hasbrouck,M. Amzil,M. Tmusic","B. Huffman,E. Kastrati,G. Morina,L. Basic,S. Bamforth",1142,1200,58,1.81,1.74,1.88,58,39,62,41,4,2,3,1,1,0,2,2,1,1,1,0,0,0,1,1,0,1,0,2,2,0,0,0,0,0,0,0,0,0,0,0,0,0,0,0,0,0,0,0,0,0,0,0,0,0,0,0,0,0,0,0,0,0
2808881,2026-02-01,3,Trepça,Golden Eagle Ylli,"A. Vining,K. Hasbrouck,M. Amzil,M. Tmusic,S. Jones","A. Scott,B. Huffman,E. Kastrati,L. Basic,S. Bamforth",1200,1319,119,3.46,3.93,3.0,62,41,67,41,5,0,3,2,1,1,0,0,1,3,1,0,0,2,3,3,0,1,0,0,0,0,0,0,0,1,0,3,0,0,0,0,0,0,0,0,0,0,0,0,0,0,0,0,0,0,0,0,0,0,0,0,0,0
2808881,2026-02-01,3,Trepça,Golden Eagle Ylli,"A. Vining,D. Kapiti,K. Hasbrouck,M. Amzil,M. Tmusic","A. Scott,B. Huffman,E. Kastrati,L. Basic,S. Bamforth",1319,1415,96,2.34,1.93,2.76,67,41,69,43,2,2,2,1,1,0,0,0,1,1,0,0,0,1,2,0,0,0,0,4,2,0,0,0,0,0,1,0,0,0,0,0,0,0,0,0,0,0,0,0,0,0,0,0,0,0,0,0,0,0,0,0,0,0
2808881,2026-02-01,3,Trepça,Golden Eagle Ylli,"D. Kapiti,J. Payne,K. Hasbrouck,M. Amzil,M. Tmusic","A. Scott,B. Huffman,E. Kastrati,L. Basic,S. Bamforth",1415,1505,90,2.96,3.0,2.93,69,43,72,47,3,4,2,1,2,1,0,0,0,1,1,0,0,1,1,4,2,1,0,0,0,1,1,2,1,0,0,1,0,0,0,0,0,0,0,0,0,0,0,0,0,0,0,0,0,0,0,0,0,0,0,0,0,0
2808881,2026-02-01,3,Trepça,Golden Eagle Ylli,"D. Kapiti,J. Payne,K. Hasbrouck,M. Tmusic,S. Jones","A. Scott,E. Kastrati,L. Basic,L. Shoshi,S. Bamforth",1505,1546,41,1.22,1.44,1.0,72,48,73,48,1,0,1,0,1,0,1,1,0,1,0,0,0,0,0,1,0,1,0,0,0,0,1,0,0,0,0,1,0,0,0,0,0,0,0,0,0,0,0,0,0,0,0,0,0,0,0,0,0,0,0,0,0,0
2808881,2026-02-01,3,Trepça,Golden Eagle Ylli,"A. Vining,D. Kapiti,J. Payne,M. Tmusic,S. Jones","A. Scott,E. Kastrati,L. Basic,L. Shoshi,S. Bamforth",1546,1566,20,1.22,1.0,1.44,73,48,73,51,0,3,0,0,0,0,0,0,0,0,0,0,0,1,1,1,1,0,0,1,1,0,0,1,1,0,0,0,0,0,0,0,0,0,0,0,0,0,0,0,0,0,0,0,0,0,0,0,0,0,0,0,0,0
2808881,2026-02-01,3,Trepça,Golden Eagle Ylli,"A. Vining,J. Payne,M. Amzil,M. Tmusic,S. Jones","A. Scott,E. Kastrati,L. Basic,L. Shoshi,S. Bamforth",1566,1658,92,2.96,3.0,2.93,73,51,76,55,3,4,2,1,1,1,0,0,0,1,1,0,0,1,0,4,2,1,0,0,0,1,1,1,0,0,0,0,0,0,0,0,0,0,0,0,0,0,0,0,0,0,0,0,0,0,0,0,0,0,0,0,0,0
2808881,2026-02-01,3,Trepça,Golden Eagle Ylli,"A. Vining,B. Tuna,M. Amzil,M. Tmusic,S. Jones","A. Scott,A. Çallakaj,E. Kastrati,L. Shoshi,S. Bamforth",1658,1762,104,3.44,4.0,2.88,76,55,76,58,0,3,1,0,1,0,0,0,0,1,0,0,0,3,2,2,1,0,0,2,1,0,1,0,1,0,0,1,0,0,0,0,0,0,0,0,0,0,0,0,0,0,0,0,0,0,0,0,0,0,0,0,0,0
2808881,2026-02-01,3,Trepça,Golden Eagle Ylli,"A. Vining,B. Tuna,M. Amzil,M. Tmusic,S. Jones","A. Scott,A. Çallakaj,G. Morina,L. Shoshi,S. Bamforth",1762,1775,13,0.94,0.88,1.0,76,58,78,58,2,0,0,0,0,0,2,2,0,1,0,0,0,0,0,1,0,1,0,0,0,0,0,0,0,0,0,0,0,0,0,0,0,0,0,0,0,0,0,0,0,0,0,0,0,0,0,0,0,0,0,0,0,0
2808881,2026-02-01,3,Trepça,Golden Eagle Ylli,"A. Vining,B. Tuna,M. Amzil,M. Tmusic,S. Jones","A. Scott,A. Çallakaj,G. Morina,L. Basic,L. Shoshi",1775,1800,25,0.55,1.0,0.1,78,58,78,58,0,0,1,0,1,0,0,0,0,0,0,0,0,0,0,0,0,0,0,0,0,0,0,0,0,0,0,0,0,0,0,0,0,0,0,0,0,0,0,0,0,0,0,0,0,0,0,0,0,0,0,0,0,0
2808881,2026-02-01,4,Trepça,Golden Eagle Ylli,"A. Vining,K. Hasbrouck,M. Amzil,M. Tmusic,S. Jones","A. Scott,A. Çallakaj,G. Morina,L. Basic,L. Shoshi",1800,1956,156,3.37,3.74,3.0,78,58,88,63,10,5,5,3,4,2,2,2,2,0,2,1,0,0,2,2,2,1,1,0,0,0,0,1,0,0,1,3,0,0,0,0,0,0,0,0,0,0,0,0,0,0,0,0,0,0,0,0,0,0,0,0,0,0
2808881,2026-02-01,4,Trepça,Golden Eagle Ylli,"A. Vining,K. Hasbrouck,M. Amzil,M. Tmusic,S. Jones","A. Scott,A. Çallakaj,G. Morina,L. Shoshi,S. Bamforth",1956,1981,25,0.55,0.1,1.0,88,63,88,65,0,2,0,0,0,0,0,0,0,0,0,0,0,0,0,1,1,0,0,0,0,0,0,1,0,0,0,1,0,0,0,0,0,0,0,0,0,0,0,0,0,0,0,0,0,0,0,0,0,0,0,0,0,0
2808881,2026-02-01,4,Trepça,Golden Eagle Ylli,"A. Vining,D. Kapiti,K. Hasbrouck,M. Tmusic,S. Jones","A. Scott,A. Çallakaj,G. Morina,L. Shoshi,S. Bamforth",1981,2096,115,3.9,3.81,4.0,88,65,90,69,2,4,2,0,2,0,2,2,1,1,1,1,0,2,0,3,2,0,0,0,0,0,1,1,0,0,1,1,0,0,0,0,0,0,0,0,0,0,0,0,0,0,0,0,0,0,0,0,0,0,0,0,0,0
2808881,2026-02-01,4,Trepça,Golden Eagle Ylli,"B. Tuna,D. Kapiti,K. Hasbrouck,M. Tmusic,S. Jones","A. Çallakaj,B. Huffman,E. Kastrati,L. Basic,S. Bamforth",2096,2154,58,1.69,1.93,1.44,90,69,92,71,2,2,3,1,1,0,0,0,1,1,0,0,0,0,2,1,1,0,0,1,0,0,1,1,0,0,0,0,0,0,0,0,0,0,0,0,0,0,0,0,0,0,0,0,0,0,0,0,0,0,0,0,0,0
2808881,2026-02-01,4,Trepça,Golden Eagle Ylli,"B. Tuna,D. Kapiti,K. Hasbrouck,M. Amzil,M. Tmusic","A. Çallakaj,B. Huffman,E. Kastrati,L. Basic,S. Bamforth",2154,2251,97,3.0,3.0,3.0,92,71,95,77,3,6,1,1,1,1,0,0,0,0,1,0,0,2,0,3,3,0,0,0,0,0,0,1,1,0,0,0,0,0,0,0,0,0,0,0,0,0,0,0,0,0,0,0,0,0,0,0,0,0,0,0,0,0
2808881,2026-02-01,4,Trepça,Golden Eagle Ylli,"A. Vining,B. Tuna,D. Kapiti,K. Hasbrouck,M. Amzil","A. Scott,B. Huffman,E. Kastrati,L. Basic,S. Bamforth",2251,2374,123,3.0,3.0,3.0,95,77,98,81,3,4,3,1,2,1,0,0,0,1,1,0,0,0,0,3,2,1,0,0,0,0,2,1,0,0,0,0,0,0,0,0,0,0,0,0,0,0,0,0,0,0,0,0,0,0,0,0,0,0,0,0,0,0
2812199,2026-02-07,1,Golden Eagle Ylli,Bashkimi,"A. Scott,B. Huffman,D. Thomas,E. Kastrati,S. Bamforth","D. Lake,I. Nwamu,L. Zeqiri,S. Shorter,V. Bunjaku",0,153,153,3.96,3.93,4.0,0,0,10,3,10,3,5,4,3,2,0,0,1,2,3,1,0,0,2,3,1,2,1,0,0,0,0,1,0,0,1,0,0,0,0,0,0,0,0,0,0,0,0,0,0,0,0,0,0,0,0,0,0,0,0,0,0,0
2812199,2026-02-07,1,Golden Eagle Ylli,Bashkimi,"A. Scott,B. Huffman,D. Thomas,E. Kastrati,S. Bamforth","D. Lake,I. Cousins,L. Zeqiri,S. Shorter,V. Bunjaku",153,205,52,1.38,1.0,1.76,10,3,10,6,0,3,1,0,0,0,0,0,0,0,0,0,0,0,1,0,0,0,0,4,3,0,1,1,0,0,0,1,0,0,0,0,0,0,0,0,0,0,0,0,0,0,0,0,0,0,0,0,0,0,0,0,0,0
2812199,2026-02-07,1,Golden Eagle Ylli,Bashkimi,"A. Scott,B. Huffman,D. Conger,G. Morina,S. Bamforth","D. Lake,I. Cousins,L. Zeqiri,S. Shorter,V. Bunjaku",205,328,123,3.5,4.0,3.0,10,6,18,11,8,5,3,3,2,2,0,0,0,1,2,0,0,1,0,3,2,1,1,0,0,0,0,1,1,0,0,0,0,0,0,0,0,0,0,0,0,0,0,0,0,0,0,0,0,0,0,0,0,0,0,0,0,0
2812199,2026-02-07,1,Golden Eagle Ylli,Bashkimi,"A. Scott,B. Huffman,D. Conger,G. Morina,S. Bamforth","I. Cousins,K. Wooten,L. Zeqiri,S. Shorter,V. Bunjaku",328,356,28,1.0,1.0,1.0,18,11,21,11,3,0,1,1,1,1,0,0,0,1,0,0,0,0,0,1,0,0,0,0,0,0,0,0,0,0,0,0,0,0,0,0,0,0,0,0,0,0,0,0,0,0,0,0,0,0,0,0,0,0,0,0,0,0
2812199,2026-02-07,1,Golden Eagle Ylli,Bashkimi,"B. Huffman,D. Conger,E. Kastrati,G. Morina,J. Gray","I. Cousins,K. Wooten,L. Zeqiri,M. Armstead,S. Shorter",356,427,71,2.0,2.0,2.0,21,11,24,14,3,3,1,1,1,1,0,0,0,1,1,0,0,1,1,2,1,1,1,0,0,0,0,1,1,0,0,0,0,0,0,0,0,0,0,0,0,0,0,0,0,0,0,0,0,0,0,0,0,0,0,0,0,0
2812199,2026-02-07,1,Golden Eagle Ylli,Bashkimi,"D. Conger,E. Kastrati,G. Morina,J. Gray,L. Shoshi","K. Wooten,L. Zeqiri,M. Armstead,M. Ismaili,S. Shorter",427,542,115,3.88,3.88,3.88,24,14,25,19,1,5,2,0,2,0,2,1,0,2,1,0,0,1,1,3,2,2,1,2,0,0,3,1,0,0,0,2,0,0,0,0,0,0,0,0,0,0,0,0,0,0,0,0,0,0,0,0,0,0,0,0,0,0
2812199,2026-02-07,1,Golden Eagle Ylli,Bashkimi,"D. Conger,G. Morina,J. Gray,L. Shoshi,S. Bamforth","I. Nwamu,K. Wooten,L. Zeqiri,M. Armstead,M. Ismaili",542,584,42,1.0,1.0,1.0,25,20,25,23,0,3,0,0,0,0,0,0,0,0,0,0,0,1,0,1,1,1,1,0,0,0,0,0,1,0,0,1,0,0,0,0,0,0,0,0,0,0,0,0,0,0,0,0,0,0,0,0,0,0,0,0,0,0
2812199,2026-02-07,1,Golden Eagle Ylli,Bashkimi,"A. Scott,G. Morina,J. Gray,L. Shoshi,S. Bamforth","I. Nwamu,K. Wooten,M. Armstead,M. Ismaili,M. Janjeva",584,600,16,1.0,1.0,1.0,25,23,25,23,0,0,1,0,0,0,0,0,0,1,0,0,0,0,0,1,0,1,0,0,0,0,1,0,0,0,0,0,0,0,0,0,0,0,0,0,0,0,0,0,0,0,0,0,0,0,0,0,0,0,0,0,0,0
2812199,2026-02-07,2,Golden Eagle Ylli,Bashkimi,"A. Scott,D. Conger,D. Thomas,L. Shoshi,S. Bamforth","I. Nwamu,K. Wooten,M. Armstead,M. Ismaili,M. Janjeva",600,754,154,4.5,5.0,4.0,25,23,30,27,5,4,4,2,2,1,0,0,0,0,2,2,0,1,1,2,2,0,0,0,0,0,2,0,1,1,2,1,0,0,0,0,0,0,0,0,0,0,0,0,0,0,0,0,0,0,0,0,0,0,0,0,0,0
2812199,2026-02-07,2,Golden Eagle Ylli,Bashkimi,"A. Scott,D. Conger,D. Thomas,L. Shoshi,S. Bamforth","I. Cousins,I. Nwamu,L. Zeqiri,M. Armstead,M. Janjeva",754,766,12,0.1,0.1,0.1,30,27,30,27,0,0,0,0,0,0,0,0,0,0,0,0,0,0,0,0,0,0,0,0,0,0,0,0,0,0,0,0,0,0,0,0,0,0,0,0,0,0,0,0,0,0,0,0,0,0,0,0,0,0,0,0,0,0
2812199,2026-02-07,2,Golden Eagle Ylli,Bashkimi,"A. Scott,D. Conger,D. Thomas,L. Shoshi,S. Bamforth","D. Lake,I. Cousins,I. Nwamu,L. Zeqiri,M. Armstead",766,832,66,3.5,4.0,3.0,30,27,32,27,2,0,2,1,1,0,0,0,0,2,0,0,0,2,1,2,0,0,0,0,0,0,1,0,0,0,1,1,0,0,0,0,0,0,0,0,0,0,0,0,0,0,0,0,0,0,0,0,0,0,0,0,0,0
2812199,2026-02-07,2,Golden Eagle Ylli,Bashkimi,"A. Scott,A. Çallakaj,B. Huffman,D. Thomas,S. Bamforth","D. Lake,I. Cousins,I. Nwamu,L. Zeqiri,M. Armstead",832,895,63,2.0,2.0,2.0,32,27,32,27,0,0,1,0,0,0,0,0,0,2,0,0,0,1,1,2,0,1,0,0,0,0,1,0,1,0,0,0,0,0,0,0,0,0,0,0,0,0,0,0,0,0,0,0,0,0,0,0,0,0,0,0,0,0
2812199,2026-02-07,2,Golden Eagle Ylli,Bashkimi,"A. Scott,A. Çallakaj,B. Huffman,D. Thomas,S. Bamforth","D. Lake,I. Cousins,I. Nwamu,M. Armstead,V. Bunjaku",895,904,9,0.1,0.1,0.1,32,27,32,27,0,0,0,0,0,0,0,0,0,0,0,0,0,0,0,0,0,0,0,0,0,0,0,0,0,0,0,0,0,0,0,0,0,0,0,0,0,0,0,0,0,0,0,0,0,0,0,0,0,0,0,0,0,0
2812199,2026-02-07,2,Golden Eagle Ylli,Bashkimi,"A. Scott,A. Çallakaj,B. Huffman,D. Thomas,S. Bamforth","D. Lake,I. Nwamu,L. Zeqiri,S. Shorter,V. Bunjaku",904,973,69,1.93,2.0,1.86,32,27,32,29,0,2,1,0,0,0,0,0,0,1,0,0,1,1,1,4,1,1,0,0,0,2,1,0,0,0,0,1,0,0,0,0,0,0,0,0,0,0,0,0,0,0,0,0,0,0,0,0,0,0,0,0,0,0
2812199,2026-02-07,2,Golden Eagle Ylli,Bashkimi,"A. Scott,A. Çallakaj,B. Huffman,G. Morina,J. Gray","I. Nwamu,K. Wooten,L. Zeqiri,S. Shorter,V. Bunjaku",973,993,20,0.55,0.1,1.0,33,29,33,31,0,2,0,0,0,0,0,0,0,0,0,0,0,0,0,1,1,0,0,0,0,0,0,0,0,0,0,0,0,0,0,0,0,0,0,0,0,0,0,0,0,0,0,0,0,0,0,0,0,0,0,0,0,0
2812199,2026-02-07,2,Golden Eagle Ylli,Bashkimi,"A. Scott,B. Huffman,E. Kastrati,G. Morina,J. Gray","I. Nwamu,K. Wooten,L. Zeqiri,S. Shorter,V. Bunjaku",993,1045,52,1.9,2.0,1.81,33,31,36,33,3,2,2,1,2,1,0,0,0,1,1,0,0,0,1,2,0,1,0,2,2,1,1,0,0,0,0,1,0,0,0,0,0,0,0,0,0,0,0,0,0,0,0,0,0,0,0,0,0,0,0,0,0,0
2812199,2026-02-07,2,Golden Eagle Ylli,Bashkimi,"A. Scott,B. Huffman,E. Kastrati,G. Morina,J. Gray","I. Nwamu,K. Wooten,L. Zeqiri,M. Armstead,S. Shorter",1045,1118,73,2.74,3.47,2.0,36,33,39,33,3,0,4,1,1,0,2,1,3,2,0,0,0,1,0,2,0,2,0,0,0,0,1,0,1,0,0,1,0,0,0,0,0,0,0,0,0,0,0,0,0,0,0,0,0,0,0,0,0,0,0,0,0,0
2812199,2026-02-07,2,Golden Eagle Ylli,Bashkimi,"A. Scott,E. Kastrati,G. Morina,J. Gray,L. Shoshi","D. Lake,I. Nwamu,L. Zeqiri,M. Armstead,S. Shorter",1118,1166,48,0.9,1.0,0.81,39,33,39,35,0,2,1,0,1,0,0,0,0,0,0,0,0,0,2,1,0,0,0,2,2,1,1,0,0,0,0,0,0,0,0,0,0,0,0,0,0,0,0,0,0,0,0,0,0,0,0,0,0,0,0,0,0,0
2812199,2026-02-07,2,Golden Eagle Ylli,Bashkimi,"A. Scott,B. Huffman,E. Kastrati,G. Morina,J. Gray","D. Lake,I. Nwamu,L. Zeqiri,M. Armstead,S. Shorter",1166,1198,32,1.66,1.0,2.32,39,35,39,40,0,5,0,0,0,0,0,0,0,0,0,0,0,1,1,1,1,0,0,3,3,0,0,0,0,0,0,0,0,0,0,0,0,0,0,0,0,0,0,0,0,0,0,0,0,0,0,0,0,0,0,0,0,0
2812199,2026-02-07,2,Golden Eagle Ylli,Bashkimi,"A. Scott,A. Çallakaj,E. Kastrati,J. Gray,S. Bamforth","I. Nwamu,L. Zeqiri,M. Armstead,M. Ismaili,S. Shorter",1198,1200,2,0.55,1.0,0.1,39,40,39,40,0,0,1,0,0,0,0,0,0,0,0,0,0,0,0,0,0,0,0,0,0,0,0,0,0,0,0,0,0,0,0,0,0,0,0,0,0,0,0,0,0,0,0,0,0,0,0,0,0,0,0,0,0,0
2812199,2026-02-07,3,Golden Eagle Ylli,Bashkimi,"A. Scott,B. Huffman,D. Thomas,E. Kastrati,S. Bamforth","D. Lake,I. Nwamu,L. Zeqiri,S. Shorter,V. Bunjaku",1200,1392,192,4.72,4.28,5.17,39,40,42,46,3,6,4,1,3,0,2,1,2,3,0,0,0,1,3,6,2,1,1,2,1,2,2,1,0,0,0,3,0,0,0,0,0,0,0,0,0,0,0,0,0,0,0,0,0,0,0,0,0,0,0,0,0,0
2812199,2026-02-07,3,Golden Eagle Ylli,Bashkimi,"A. Scott,B. Huffman,D. Thomas,E. Kastrati,S. Bamforth","D. Lake,I. Nwamu,L. Zeqiri,M. Armstead,S. Shorter",1392,1399,7,0.1,0.1,0.1,42,46,42,46,0,0,1,0,1,0,0,0,1,0,0,0,0,0,0,0,0,0,0,0,0,0,0,0,0,0,0,1,0,0,0,0,0,0,0,0,0,0,0,0,0,0,0,0,0,0,0,0,0,0,0,0,0,0
2812199,2026-02-07,3,Golden Eagle Ylli,Bashkimi,"A. Scott,B. Huffman,D. Thomas,E. Kastrati,S. Bamforth","I. Nwamu,K. Wooten,L. Zeqiri,M. Armstead,S. Shorter",1399,1472,73,3.55,4.17,2.93,42,46,43,46,1,0,4,0,0,0,2,1,2,3,0,0,0,1,0,4,0,2,0,0,0,1,3,0,1,1,0,1,0,0,0,0,0,0,0,0,0,0,0,0,0,0,0,0,0,0,0,0,0,0,0,0,0,0
2812199,2026-02-07,3,Golden Eagle Ylli,Bashkimi,"A. Scott,E. Kastrati,G. Morina,L. Shoshi,S. Bamforth","I. Cousins,K. Wooten,L. Zeqiri,M. Armstead,S. Shorter",1472,1522,50,2.5,2.0,3.0,43,46,43,49,0,3,2,0,1,0,0,0,0,1,0,1,0,0,0,2,1,2,1,0,0,0,2,1,0,0,1,1,0,0,0,0,0,0,0,0,0,0,0,0,0,0,0,0,0,0,0,0,0,0,0,0,0,0
2812199,2026-02-07,3,Golden Eagle Ylli,Bashkimi,"A. Scott,D. Conger,G. Morina,J. Gray,L. Shoshi","I. Cousins,K. Wooten,L. Zeqiri,M. Armstead,S. Shorter",1522,1623,101,2.94,2.88,3.0,43,49,45,51,2,2,2,0,0,0,2,2,0,2,0,0,0,0,0,3,1,2,0,0,0,0,2,0,0,0,0,1,0,0,0,0,0,0,0,0,0,0,0,0,0,0,0,0,0,0,0,0,0,0,0,0,0,0
2812199,2026-02-07,3,Golden Eagle Ylli,Bashkimi,"A. Scott,D. Conger,G. Morina,J. Gray,L. Shoshi","D. Lake,I. Cousins,I. Nwamu,M. Armstead,M. Janjeva",1623,1693,70,1.4,1.0,1.79,45,51,45,51,0,0,1,0,0,0,0,0,0,2,0,0,1,0,0,5,0,2,0,0,0,3,1,0,0,0,0,1,0,0,0,0,0,0,0,0,0,0,0,0,0,0,0,0,0,0,0,0,0,0,0,0,0,0
2812199,2026-02-07,3,Golden Eagle Ylli,Bashkimi,"D. Conger,G. Morina,J. Gray,L. Shoshi,S. Bamforth","D. Lake,I. Cousins,I. Nwamu,M. Armstead,M. Janjeva",1693,1705,12,0.49,0.88,0.1,45,51,46,51,1,0,0,0,0,0,2,1,0,0,0,0,0,0,1,0,0,0,0,0,0,0,0,0,0,0,0,0,0,0,0,0,0,0,0,0,0,0,0,0,0,0,0,0,0,0,0,0,0,0,0,0,0,0
2812199,2026-02-07,3,Golden Eagle Ylli,Bashkimi,"D. Conger,E. Kastrati,J. Gray,L. Shoshi,S. Bamforth","D. Lake,I. Cousins,I. Nwamu,M. Armstead,M. Janjeva",1705,1800,95,2.88,2.88,2.88,46,51,51,54,5,3,1,1,1,1,2,2,0,1,1,0,0,1,1,1,1,1,1,2,0,0,0,1,0,0,1,1,0,0,0,0,0,0,0,0,0,0,0,0,0,0,0,0,0,0,0,0,0,0,0,0,0,0
2812199,2026-02-07,4,Golden Eagle Ylli,Bashkimi,"D. Conger,E. Kastrati,J. Gray,L. Shoshi,S. Bamforth","D. Lake,I. Cousins,I. Nwamu,L. Zeqiri,M. Armstead",1800,1819,19,0.55,1.0,0.1,51,54,51,54,0,0,1,0,0,0,0,0,0,0,0,0,0,0,1,0,0,0,0,0,0,0,1,0,0,0,0,0,0,0,0,0,0,0,0,0,0,0,0,0,0,0,0,0,0,0,0,0,0,0,0,0,0,0
2812199,2026-02-07,4,Golden Eagle Ylli,Bashkimi,"A. Scott,D. Conger,E. Kastrati,L. Shoshi,S. Bamforth","D. Lake,I. Cousins,I. Nwamu,L. Zeqiri,M. Armstead",1819,1895,76,2.4,2.0,2.81,51,54,53,55,2,1,1,1,0,0,0,0,0,1,0,0,0,1,1,2,0,2,0,2,1,1,0,1,1,0,1,0,0,0,0,0,0,0,0,0,0,0,0,0,0,0,0,0,0,0,0,0,0,0,0,0,0,0
2812199,2026-02-07,4,Golden Eagle Ylli,Bashkimi,"A. Scott,D. Conger,E. Kastrati,L. Shoshi,S. Bamforth","D. Lake,I. Nwamu,L. Zeqiri,M. Armstead,S. Shorter",1895,1918,23,0.55,1.0,0.1,53,55,53,55,0,0,0,0,0,0,0,0,0,0,0,0,0,1,0,0,0,0,0,0,0,0,0,0,0,0,0,0,0,0,0,0,0,0,0,0,0,0,0,0,0,0,0,0,0,0,0,0,0,0,0,0,0,0
2812199,2026-02-07,4,Golden Eagle Ylli,Bashkimi,"A. Scott,D. Conger,E. Kastrati,L. Shoshi,S. Bamforth","D. Lake,I. Nwamu,L. Zeqiri,S. Shorter,V. Bunjaku",1918,1982,64,1.5,1.0,2.0,53,55,56,55,3,0,1,1,1,1,0,0,0,1,1,1,0,0,1,1,0,1,0,0,0,0,0,0,0,0,1,1,0,0,0,0,0,0,0,0,0,0,0,0,0,0,0,0,0,0,0,0,0,0,0,0,0,0
2812199,2026-02-07,4,Golden Eagle Ylli,Bashkimi,"A. Scott,B. Huffman,D. Conger,E. Kastrati,S. Bamforth","I. Nwamu,K. Wooten,L. Zeqiri,S. Shorter,V. Bunjaku",1982,2158,176,6.16,7.0,5.32,56,55,59,61,3,6,5,1,5,1,0,0,0,1,1,1,0,2,2,3,2,1,0,3,2,0,3,1,0,0,1,0,0,0,0,0,0,0,0,0,0,0,0,0,0,0,0,0,0,0,0,0,0,0,0,0,0,0
2812199,2026-02-07,4,Golden Eagle Ylli,Bashkimi,"A. Scott,B. Huffman,D. Thomas,E. Kastrati,S. Bamforth","I. Nwamu,K. Wooten,L. Zeqiri,S. Shorter,V. Bunjaku",2158,2193,35,1.0,1.0,1.0,59,61,59,61,0,0,0,0,0,0,0,0,0,0,0,0,0,1,0,0,0,0,0,0,0,0,0,0,0,0,1,0,0,0,0,0,0,0,0,0,0,0,0,0,0,0,0,0,0,0,0,0,0,0,0,0,0,0
2812199,2026-02-07,4,Golden Eagle Ylli,Bashkimi,"A. Scott,B. Huffman,D. Thomas,E. Kastrati,S. Bamforth","I. Nwamu,K. Wooten,L. Zeqiri,M. Armstead,S. Shorter",2193,2214,21,0.55,0.1,1.0,59,61,59,63,0,2,0,0,0,0,0,0,0,0,0,0,0,0,0,1,1,0,0,0,0,0,0,1,0,0,0,1,0,0,0,0,0,0,0,0,0,0,0,0,0,0,0,0,0,0,0,0,0,0,0,0,0,0
2812199,2026-02-07,4,Golden Eagle Ylli,Bashkimi,"A. Scott,D. Thomas,E. Kastrati,L. Shoshi,S. Bamforth","I. Nwamu,K. Wooten,L. Zeqiri,M. Armstead,S. Shorter",2214,2230,16,0.52,0.93,0.1,59,63,59,63,0,0,1,0,0,0,0,0,1,0,0,0,0,1,0,0,0,0,0,0,0,0,0,0,0,0,0,0,0,0,0,0,0,0,0,0,0,0,0,0,0,0,0,0,0,0,0,0,0,0,0,0,0,0
2812199,2026-02-07,4,Golden Eagle Ylli,Bashkimi,"A. Scott,D. Conger,D. Thomas,L. Shoshi,S. Bamforth","I. Nwamu,K. Wooten,L. Zeqiri,M. Armstead,S. Shorter",2230,2392,162,5.46,3.93,7.0,59,63,61,66,2,3,2,1,0,0,0,0,1,1,1,1,0,3,0,3,1,2,1,0,0,0,0,1,0,1,4,3,0,0,0,0,0,0,0,0,0,0,0,0,0,0,0,0,0,0,0,0,0,0,0,0,0,0
2812199,2026-02-07,4,Golden Eagle Ylli,Bashkimi,"A. Scott,D. Conger,J. Gray,L. Shoshi,S. Bamforth","I. Nwamu,K. Wooten,L. Zeqiri,M. Armstead,S. Shorter",2392,2400,8,1.44,2.0,0.88,61,66,63,68,2,2,2,1,1,0,0,0,0,0,0,0,0,0,1,0,0,0,0,2,2,0,0,0,0,0,0,0,0,0,0,0,0,0,0,0,0,0,0,0,0,0,0,0,0,0,0,0,0,0,0,0,0,0
2812195,2026-02-07,1,Bora,Trepça,"A. Hot,A. Hunter,L. Thomas,R. Ukaj,S. Jules","A. Vining,K. Hasbrouck,M. Amzil,M. Tmusic,S. Jones",0,201,201,5.4,5.93,4.88,0,0,3,7,3,7,6,1,4,1,0,0,1,2,0,0,0,1,1,4,2,2,1,2,2,0,4,2,0,1,0,1,0,0,0,0,0,0,0,0,0,0,0,0,0,0,0,0,0,0,0,0,0,0,0,0,0,0
2812195,2026-02-07,1,Bora,Trepça,"A. Hot,A. Hunter,J. Zeqiri,L. Thomas,R. Ukaj","A. Vining,K. Hasbrouck,M. Amzil,M. Tmusic,S. Jones",201,277,76,1.93,1.93,1.93,3,7,5,9,2,2,3,1,1,0,0,0,1,1,0,0,0,0,1,3,1,1,0,0,0,1,1,0,0,0,0,0,0,0,0,0,0,0,0,0,0,0,0,0,0,0,0,0,0,0,0,0,0,0,0,0,0,0
2812195,2026-02-07,1,Bora,Trepça,"A. Hunter,J. Zeqiri,L. Thomas,R. Ukaj,T. Cheese","A. Vining,K. Hasbrouck,M. Amzil,M. Tmusic,S. Jones",277,327,50,0.91,0.93,0.88,5,9,7,11,2,2,2,1,0,0,0,0,1,0,0,0,0,0,1,0,0,0,0,2,2,0,0,1,0,0,0,0,0,0,0,0,0,0,0,0,0,0,0,0,0,0,0,0,0,0,0,0,0,0,0,0,0,0
2812195,2026-02-07,1,Bora,Trepça,"A. Hunter,J. Zeqiri,L. Thomas,O. Kurtaj,T. Cheese","A. Vining,K. Hasbrouck,M. Amzil,M. Tmusic,S. Jones",327,417,90,2.46,1.93,3.0,7,11,9,16,2,5,2,1,0,0,0,0,1,1,0,0,0,1,1,3,2,2,1,0,0,0,0,1,0,0,0,1,0,0,0,0,0,0,0,0,0,0,0,0,0,0,0,0,0,0,0,0,0,0,0,0,0,0
2812195,2026-02-07,1,Bora,Trepça,"A. Hot,A. Hunter,J. Zeqiri,S. Jules,T. Cheese","A. Vining,K. Hasbrouck,M. Amzil,M. Tmusic,S. Jones",417,477,60,2.4,2.0,2.81,11,16,11,20,0,4,1,0,1,0,0,0,0,1,0,0,0,1,1,3,1,1,0,2,2,1,1,1,1,0,0,0,0,0,0,0,0,0,0,0,0,0,0,0,0,0,0,0,0,0,0,0,0,0,0,0,0,0
2812195,2026-02-07,1,Bora,Trepça,"A. Hot,A. Hunter,J. Zeqiri,S. Jules,T. Cheese","A. Vining,D. Kapiti,J. Payne,M. Amzil,M. Tmusic",477,519,42,1.0,1.0,1.0,11,20,13,20,2,0,1,1,0,0,0,0,0,1,0,0,0,0,0,1,0,1,0,0,0,0,0,0,0,0,0,0,0,0,0,0,0,0,0,0,0,0,0,0,0,0,0,0,0,0,0,0,0,0,0,0,0,0
2812195,2026-02-07,1,Bora,Trepça,"A. Hot,A. Hunter,R. Ukaj,S. Jules,T. Cheese","A. Vining,D. Kapiti,J. Payne,M. Amzil,M. Tmusic",519,600,81,0.9,0.79,1.0,13,20,15,20,2,0,4,1,2,0,0,0,2,0,0,0,0,0,0,0,0,0,0,0,0,0,0,0,0,0,1,1,0,0,0,0,0,0,0,0,0,0,0,0,0,0,0,0,0,0,0,0,0,0,0,0,0,0
2812195,2026-02-07,2,Bora,Trepça,"A. Hot,A. Hunter,R. Ukaj,S. Jules,T. Cheese","D. Hajrizi,J. Payne,K. Hasbrouck,M. Tmusic,S. Jones",600,664,64,1.5,1.0,2.0,15,20,15,25,0,5,1,0,1,0,0,0,0,0,0,0,0,0,0,2,2,1,1,0,0,0,1,1,0,0,0,0,0,0,0,0,0,0,0,0,0,0,0,0,0,0,0,0,0,0,0,0,0,0,0,0,0,0
2812195,2026-02-07,2,Bora,Trepça,"A. Hot,A. Hunter,J. Zeqiri,S. Jules,T. Cheese","D. Hajrizi,J. Payne,K. Hasbrouck,M. Tmusic,S. Jones",664,729,65,2.0,2.0,2.0,15,25,18,25,3,0,2,1,1,1,0,0,0,2,1,0,0,0,0,2,0,0,0,0,0,0,1,0,0,0,0,1,0,0,0,0,0,0,0,0,0,0,0,0,0,0,0,0,0,0,0,0,0,0,0,0,0,0
2812195,2026-02-07,2,Bora,Trepça,"A. Hot,A. Hunter,J. Zeqiri,S. Jules,T. Cheese","A. Vining,D. Hajrizi,J. Payne,M. Tmusic,S. Jones",729,777,48,1.87,1.88,1.86,18,25,20,27,2,2,0,0,0,0,2,2,0,0,0,0,0,1,0,3,1,1,0,0,0,1,0,0,1,0,1,0,0,0,0,0,0,0,0,0,0,0,0,0,0,0,0,0,0,0,0,0,0,0,0,0,0,0
2812195,2026-02-07,2,Bora,Trepça,"A. Hot,A. Hunter,L. Thomas,R. Ukaj,T. Cheese","A. Vining,D. Hajrizi,J. Payne,M. Tmusic,S. Jones",777,820,43,1.72,2.44,1.0,20,27,26,27,6,0,2,2,1,1,1,1,0,1,2,0,0,0,0,1,0,1,0,0,0,0,0,0,0,0,0,1,0,0,0,0,0,0,0,0,0,0,0,0,0,0,0,0,0,0,0,0,0,0,0,0,0,0
2812195,2026-02-07,2,Bora,Trepça,"A. Hot,A. Hunter,L. Thomas,R. Ukaj,T. Cheese","A. Vining,D. Hajrizi,J. Payne,M. Amzil,S. Jones",820,920,100,1.37,0.93,1.81,26,27,26,32,0,5,2,0,1,0,0,0,1,0,0,0,0,0,1,2,1,2,1,2,2,1,1,1,0,0,0,1,0,0,0,0,0,0,0,0,0,0,0,0,0,0,0,0,0,0,0,0,0,0,0,0,0,0
2812195,2026-02-07,2,Bora,Trepça,"A. Hot,A. Hunter,L. Thomas,R. Ukaj,S. Jules","A. Vining,D. Hajrizi,J. Payne,M. Amzil,S. Jones",920,1010,90,4.62,5.37,3.88,26,32,31,36,5,4,4,2,1,0,1,1,1,1,0,0,0,2,1,2,1,0,0,2,2,0,1,2,1,0,1,1,0,0,0,0,0,0,0,0,0,0,0,0,0,0,0,0,0,0,0,0,0,0,0,0,0,0
2812195,2026-02-07,2,Bora,Trepça,"A. Hunter,G. Zeqiri,L. Thomas,R. Ukaj,S. Jules","A. Vining,D. Hajrizi,J. Payne,M. Amzil,S. Jones",1010,1034,24,1.0,1.0,1.0,31,36,31,36,0,0,0,0,0,0,0,0,0,1,0,0,0,1,1,1,0,1,0,0,0,0,0,0,1,0,0,0,0,0,0,0,0,0,0,0,0,0,0,0,0,0,0,0,0,0,0,0,0,0,0,0,0,0
2812195,2026-02-07,2,Bora,Trepça,"A. Hunter,G. Zeqiri,L. Thomas,R. Ukaj,S. Jules","A. Vining,D. Hajrizi,K. Hasbrouck,M. Amzil,S. Jones",1034,1102,68,1.46,0.93,2.0,31,36,31,39,0,3,2,0,1,0,0,0,1,1,0,0,0,0,1,2,1,2,1,0,0,0,1,1,0,0,0,1,0,0,0,0,0,0,0,0,0,0,0,0,0,0,0,0,0,0,0,0,0,0,0,0,0,0
2812195,2026-02-07,2,Bora,Trepça,"G. Zeqiri,J. Zeqiri,L. Thomas,S. Jules,T. Cheese","A. Vining,D. Hajrizi,D. Kapiti,K. Hasbrouck,S. Jones",1102,1181,79,3.08,3.17,3.0,31,39,34,44,3,5,3,1,0,0,2,1,1,1,0,0,0,0,0,3,2,1,1,0,0,0,2,1,0,0,0,0,0,0,0,0,0,0,0,0,0,0,0,0,0,0,0,0,0,0,0,0,0,0,0,0,0,0
2812195,2026-02-07,2,Bora,Trepça,"A. Hot,A. Hunter,G. Zeqiri,L. Thomas,T. Cheese","D. Hajrizi,D. Kapiti,K. Hasbrouck,M. Tmusic,S. Jones",1181,1200,19,0.55,1.0,0.1,34,44,34,44,0,0,1,0,1,0,0,0,0,0,0,0,0,0,0,0,0,0,0,0,0,0,1,0,0,0,0,0,0,0,0,0,0,0,0,0,0,0,0,0,0,0,0,0,0,0,0,0,0,0,0,0,0,0
2812195,2026-02-07,3,Bora,Trepça,"A. Hot,A. Hunter,L. Thomas,R. Ukaj,S. Jules","A. Vining,K. Hasbrouck,M. Amzil,M. Tmusic,S. Jones",1200,1357,157,4.37,3.93,4.81,34,44,36,48,2,4,4,1,2,0,0,0,1,2,0,0,0,1,1,4,1,2,0,2,2,1,2,2,0,0,1,1,0,0,0,0,0,0,0,0,0,0,0,0,0,0,0,0,0,0,0,0,0,0,0,0,0,0
2812195,2026-02-07,3,Bora,Trepça,"A. Hot,A. Hunter,J. Zeqiri,L. Thomas,T. Cheese","A. Vining,K. Hasbrouck,M. Amzil,M. Tmusic,S. Jones",1357,1443,86,2.43,3.0,1.86,36,48,39,50,3,2,2,1,2,1,0,0,0,0,1,0,0,1,1,3,1,0,0,0,0,2,1,0,1,0,1,0,0,0,0,0,0,0,0,0,0,0,0,0,0,0,0,0,0,0,0,0,0,0,0,0,0,0
2812195,2026-02-07,3,Bora,Trepça,"A. Hot,A. Hunter,J. Zeqiri,L. Thomas,T. Cheese","J. Payne,K. Hasbrouck,M. Amzil,M. Tmusic,S. Jones",1443,1473,30,0.96,1.0,0.93,39,50,39,52,0,2,0,0,0,0,0,0,0,0,0,0,0,1,0,2,1,0,0,0,0,1,0,0,0,0,0,0,0,0,0,0,0,0,0,0,0,0,0,0,0,0,0,0,0,0,0,0,0,0,0,0,0,0
2812195,2026-02-07,3,Bora,Trepça,"A. Hunter,G. Zeqiri,J. Zeqiri,S. Jules,T. Cheese","J. Payne,K. Hasbrouck,M. Amzil,M. Tmusic,S. Jones",1473,1510,37,1.0,1.0,1.0,39,52,39,54,0,2,1,0,0,0,0,0,0,0,0,0,0,0,1,1,1,0,0,0,0,0,1,0,0,0,0,0,0,0,0,0,0,0,0,0,0,0,0,0,0,0,0,0,0,0,0,0,0,0,0,0,0,0
2812195,2026-02-07,3,Bora,Trepça,"A. Hunter,G. Zeqiri,R. Ukaj,S. Jules,T. Cheese","J. Payne,K. Hasbrouck,M. Amzil,M. Tmusic,S. Jones",1510,1705,195,5.89,5.86,5.93,39,54,41,58,2,4,7,1,0,0,0,0,2,4,0,0,0,1,1,7,2,4,0,0,0,1,4,0,1,0,0,0,0,0,0,0,0,0,0,0,0,0,0,0,0,0,0,0,0,0,0,0,0,0,0,0,0,0
2812195,2026-02-07,3,Bora,Trepça,"A. Hot,J. Zeqiri,L. Thomas,R. Ukaj,T. Cheese","A. Vining,D. Hajrizi,J. Payne,M. Amzil,M. Tmusic",1705,1789,84,2.36,1.86,2.86,41,58,43,58,2,0,4,1,0,0,0,0,2,0,0,1,1,0,0,2,0,1,0,0,0,2,1,0,0,0,3,1,0,0,0,0,0,0,0,0,0,0,0,0,0,0,0,0,0,0,0,0,0,0,0,0,0,0
2812195,2026-02-07,3,Bora,Trepça,"A. Hot,A. Hunter,J. Zeqiri,L. Thomas,T. Cheese","A. Vining,D. Hajrizi,J. Payne,M. Amzil,M. Tmusic",1789,1800,11,0.55,1.0,0.1,43,58,43,58,0,0,1,0,1,0,0,0,0,0,0,0,0,0,0,0,0,0,0,0,0,0,1,0,0,0,0,2,0,0,0,0,0,0,0,0,0,0,0,0,0,0,0,0,0,0,0,0,0,0,0,0,0,0
2812195,2026-02-07,4,Bora,Trepça,"A. Hot,A. Hunter,J. Zeqiri,L. Thomas,T. Cheese","A. Vining,D. Hajrizi,J. Payne,M. Tmusic,S. Jones",1800,1958,158,4.54,4.08,5.0,43,58,45,66,2,8,4,1,0,0,2,0,1,1,1,0,0,0,1,4,3,2,2,0,0,0,3,2,0,0,1,1,0,0,0,0,0,0,0,0,0,0,0,0,0,0,0,0,0,0,0,0,0,0,0,0,0,0
2812195,2026-02-07,4,Bora,Trepça,"A. Hunter,J. Zeqiri,R. Ukaj,S. Jules,T. Cheese","A. Vining,D. Hajrizi,J. Payne,K. Hasbrouck,S. Jones",1958,2036,78,1.96,1.93,2.0,45,66,48,71,3,5,2,1,1,1,0,0,1,0,1,0,0,1,1,2,2,1,1,0,0,0,0,1,1,0,0,0,0,0,0,0,0,0,0,0,0,0,0,0,0,0,0,0,0,0,0,0,0,0,0,0,0,0
2812195,2026-02-07,4,Bora,Trepça,"A. Hot,A. Hunter,R. Ukaj,S. Jules,T. Cheese","A. Vining,D. Hajrizi,D. Kapiti,J. Payne,K. Hasbrouck",2036,2081,45,1.38,1.0,1.76,48,71,48,74,0,3,1,0,0,0,0,0,0,0,0,0,0,0,1,0,0,0,0,4,3,0,1,1,0,0,0,2,0,0,0,0,0,0,0,0,0,0,0,0,0,0,0,0,0,0,0,0,0,0,0,0,0,0
2812195,2026-02-07,4,Bora,Trepça,"A. Hot,A. Hunter,R. Ukaj,S. Jules,T. Cheese","A. Vining,D. Hajrizi,D. Kapiti,J. Payne,M. Tmusic",2081,2161,80,2.44,2.88,2.0,48,74,55,77,7,3,2,2,1,1,2,2,0,0,1,1,0,0,1,1,1,1,1,0,0,0,0,1,0,0,1,1,0,0,0,0,0,0,0,0,0,0,0,0,0,0,0,0,0,0,0,0,0,0,0,0,0,0
2812195,2026-02-07,4,Bora,Trepça,"A. Hot,A. Hunter,R. Ukaj,S. Jules,T. Cheese","A. Gashi,A. Vining,D. Hajrizi,M. Amzil,M. Tmusic",2161,2219,58,2.22,2.44,2.0,55,77,60,79,5,2,2,2,1,1,1,0,0,0,1,1,0,0,1,1,1,0,0,0,0,0,1,0,0,0,1,0,0,0,0,0,0,0,0,0,0,0,0,0,0,0,0,0,0,0,0,0,0,0,0,0,0,0
2812195,2026-02-07,4,Bora,Trepça,"A. Hot,G. Zeqiri,R. Ukaj,S. Jules,T. Cheese","A. Gashi,A. Vining,D. Hajrizi,M. Amzil,M. Tmusic",2219,2249,30,0.94,1.0,0.88,60,79,62,80,2,1,1,1,0,0,0,0,0,0,1,0,0,0,1,0,0,0,0,2,1,0,0,0,0,0,0,0,0,0,0,0,0,0,0,0,0,0,0,0,0,0,0,0,0,0,0,0,0,0,0,0,0,0
2812195,2026-02-07,4,Bora,Trepça,"A. Hot,G. Zeqiri,O. Kurtaj,S. Jules,T. Cheese","A. Gashi,A. Vining,D. Hajrizi,M. Amzil,M. Tmusic",2249,2307,58,1.94,2.0,1.88,62,80,64,84,2,4,2,1,0,0,0,0,0,0,1,0,0,0,1,1,1,0,0,2,2,0,1,1,0,0,0,0,0,0,0,0,0,0,0,0,0,0,0,0,0,0,0,0,0,0,0,0,0,0,0,0,0,0
2812195,2026-02-07,4,Bora,Trepça,"G. Zeqiri,O. Kurtaj,R. Ukaj,S. Jules,T. Cheese","A. Gashi,B. Zekiqi,D. Hajrizi,M. Amzil,M. Tmusic",2307,2347,40,1.32,0.88,1.76,64,84,65,88,1,4,0,0,0,0,2,1,0,0,0,0,0,0,1,0,0,0,0,4,4,0,1,0,0,0,0,1,0,0,0,0,0,0,0,0,0,0,0,0,0,0,0,0,0,0,0,0,0,0,0,0,0,0
2812195,2026-02-07,4,Bora,Trepça,"G. Zeqiri,H. Lebovci,O. Kurtaj,R. Ukaj,Y. Pllana","A. Gashi,B. Zekiqi,E. Asllani,M. Amzil,M. Tmusic",2347,2399,52,2.38,2.76,2.0,65,88,71,88,6,0,1,1,1,1,4,3,0,1,2,1,0,0,0,1,0,0,0,0,0,0,0,0,0,0,1,2,0,0,0,0,0,0,0,0,0,0,0,0,0,0,0,0,0,0,0,0,0,0,0,0,0,0
2812201,2026-02-08,1,Rahoveci 029,Vëllaznimi,"B. Rexha,F. Rugova,J. Mccormick,J. Roche,K. Pullian","D. Wilson,J. Hellems,R. Dahsyla,S. Zekiqi,Y. Anei",0,306,306,9.9,8.93,10.88,0,0,5,13,5,13,8,2,4,1,0,0,1,2,1,1,0,2,3,7,5,4,2,2,1,0,5,3,1,0,3,2,0,0,0,0,0,0,0,0,0,0,0,0,0,0,0,0,0,0,0,0,0,0,0,0,0,0
2812201,2026-02-08,1,Rahoveci 029,Vëllaznimi,"A. Thomas,B. Rexha,F. Rugova,J. Mccormick,K. Pullian","D. Wilson,J. Hellems,R. Dahsyla,S. Zekiqi,Y. Anei",306,372,66,1.96,2.0,1.93,5,13,5,15,0,2,1,0,0,0,0,0,0,0,0,1,0,1,0,2,1,1,0,0,0,1,1,0,0,0,1,1,0,0,0,0,0,0,0,0,0,0,0,0,0,0,0,0,0,0,0,0,0,0,0,0,0,0
2812201,2026-02-08,1,Rahoveci 029,Vëllaznimi,"A. Thomas,F. Rugova,K. Pullian,N. Mccloud,V. Ejupi","D. Wilson,J. Hellems,R. Dahsyla,S. Zekiqi,Y. Anei",372,474,102,2.36,2.86,1.86,5,15,9,18,4,3,5,2,1,0,0,0,2,1,1,0,0,0,1,4,1,4,1,0,0,2,1,1,0,1,0,0,0,0,0,0,0,0,0,0,0,0,0,0,0,0,0,0,0,0,0,0,0,0,0,0,0,0
2812201,2026-02-08,1,Rahoveci 029,Vëllaznimi,"A. Thomas,F. Rugova,J. Mccormick,N. Mccloud,V. Ejupi","D. Wilson,J. Hellems,R. Dahsyla,S. Zekiqi,Y. Anei",474,479,5,0.49,0.1,0.88,9,18,9,20,0,2,0,0,0,0,0,0,0,0,0,0,0,0,1,0,0,0,0,2,2,0,0,1,0,0,0,0,0,0,0,0,0,0,0,0,0,0,0,0,0,0,0,0,0,0,0,0,0,0,0,0,0,0
2812201,2026-02-08,1,Rahoveci 029,Vëllaznimi,"A. Thomas,F. Rugova,J. Mccormick,N. Mccloud,V. Ejupi","A. Gordon,A. Koshi,D. Wilson,J. Hellems,S. Zekiqi",479,600,121,4.0,4.0,4.0,9,20,13,25,4,5,4,2,1,0,0,0,0,1,2,0,0,0,0,3,2,1,1,0,0,0,2,0,0,0,1,0,0,0,0,0,0,0,0,0,0,0,0,0,0,0,0,0,0,0,0,0,0,0,0,0,0,0
2812201,2026-02-08,2,Rahoveci 029,Vëllaznimi,"A. Thomas,F. Rugova,J. Mccormick,N. Mccloud,V. Ejupi","A. Gordon,A. Koshi,J. Hellems,S. Zekiqi,Z. Reid",600,713,113,3.5,4.0,3.0,13,25,16,28,3,3,3,1,2,1,0,0,0,2,1,0,1,1,2,3,1,1,1,0,0,0,2,1,1,0,0,1,0,0,0,0,0,0,0,0,0,0,0,0,0,0,0,0,0,0,0,0,0,0,0,0,0,0
2812201,2026-02-08,2,Rahoveci 029,Vëllaznimi,"A. Berisha,A. Thomas,F. Rugova,K. Pullian,N. Mccloud","A. Gordon,A. Koshi,J. Hellems,S. Zekiqi,Z. Reid",713,738,25,1.38,0.88,1.88,16,28,16,33,0,5,0,0,0,0,2,0,0,0,0,0,0,0,0,1,1,1,1,2,2,0,1,1,0,0,0,1,0,0,0,0,0,0,0,0,0,0,0,0,0,0,0,0,0,0,0,0,0,0,0,0,0,0
2812201,2026-02-08,2,Rahoveci 029,Vëllaznimi,"A. Berisha,A. Thomas,F. Rugova,J. Roche,K. Pullian","A. Gordon,A. Koshi,D. Wilson,R. Dahsyla,Z. Reid",738,825,87,3.4,3.88,2.93,16,33,19,35,3,2,2,1,1,1,2,0,0,1,1,0,0,1,0,3,1,1,0,0,0,1,1,1,1,0,1,1,0,0,0,0,0,0,0,0,0,0,0,0,0,0,0,0,0,0,0,0,0,0,0,0,0,0
2812201,2026-02-08,2,Rahoveci 029,Vëllaznimi,"A. Berisha,A. Thomas,B. Rexha,J. Roche,K. Pullian","A. Gordon,A. Koshi,D. Wilson,R. Dahsyla,Z. Reid",825,859,34,0.55,1.0,0.1,19,35,19,35,0,0,1,0,0,0,0,0,0,0,0,0,0,0,1,0,0,0,0,0,0,0,1,0,0,0,0,1,0,0,0,0,0,0,0,0,0,0,0,0,0,0,0,0,0,0,0,0,0,0,0,0,0,0
2812201,2026-02-08,2,Rahoveci 029,Vëllaznimi,"A. Berisha,B. Rexha,J. Mccormick,J. Roche,K. Pullian","A. Gordon,A. Koshi,D. Wilson,R. Dahsyla,Z. Reid",859,899,40,1.9,1.93,1.88,19,35,21,37,2,2,2,1,0,0,0,0,1,1,0,0,0,1,0,1,0,0,0,2,2,0,0,0,0,0,0,0,0,0,0,0,0,0,0,0,0,0,0,0,0,0,0,0,0,0,0,0,0,0,0,0,0,0
2812201,2026-02-08,2,Rahoveci 029,Vëllaznimi,"B. Rexha,F. Rugova,J. Mccormick,J. Roche,K. Pullian","A. Gordon,A. Koshi,D. Wilson,R. Dahsyla,Z. Reid",899,926,27,1.0,1.0,1.0,21,37,23,37,2,0,1,1,0,0,0,0,0,0,1,1,0,0,0,0,0,0,0,0,0,0,0,0,0,0,1,0,0,0,0,0,0,0,0,0,0,0,0,0,0,0,0,0,0,0,0,0,0,0,0,0,0,0
2812201,2026-02-08,2,Rahoveci 029,Vëllaznimi,"B. Rexha,F. Rugova,J. Mccormick,J. Roche,K. Pullian","A. Koshi,D. Wilson,R. Dahsyla,Y. Anei,Z. Reid",926,936,10,0.1,0.1,0.1,23,37,23,37,0,0,0,0,0,0,0,0,0,0,0,0,0,0,1,0,0,0,0,0,0,0,0,0,0,0,0,0,0,0,0,0,0,0,0,0,0,0,0,0,0,0,0,0,0,0,0,0,0,0,0,0,0,0
2812201,2026-02-08,2,Rahoveci 029,Vëllaznimi,"A. Thomas,B. Rexha,F. Rugova,J. Roche,K. Pullian","A. Koshi,D. Wilson,J. Hellems,R. Dahsyla,Y. Anei",936,1028,92,1.96,1.93,2.0,23,37,28,42,5,5,3,2,2,1,0,0,1,0,1,0,0,0,1,2,2,1,1,0,0,0,0,1,0,0,0,0,0,0,0,0,0,0,0,0,0,0,0,0,0,0,0,0,0,0,0,0,0,0,0,0,0,0
2812201,2026-02-08,2,Rahoveci 029,Vëllaznimi,"A. Thomas,B. Rexha,F. Rugova,K. Pullian,N. Mccloud","D. Wilson,J. Hellems,R. Dahsyla,S. Zekiqi,Y. Anei",1028,1150,122,5.55,5.34,5.76,28,42,35,45,7,3,4,3,2,1,2,0,1,3,2,1,0,1,1,2,0,1,0,4,3,0,1,0,1,0,2,1,0,0,0,0,0,0,0,0,0,0,0,0,0,0,0,0,0,0,0,0,0,0,0,0,0,0
2812201,2026-02-08,2,Rahoveci 029,Vëllaznimi,"A. Thomas,B. Rexha,K. Pullian,N. Mccloud,V. Ejupi","D. Wilson,J. Hellems,R. Dahsyla,S. Zekiqi,Y. Anei",1150,1196,46,1.15,0.86,1.44,35,45,35,48,0,3,3,0,2,0,0,0,2,0,0,0,0,0,1,1,1,0,0,1,1,0,1,1,0,1,0,0,0,0,0,0,0,0,0,0,0,0,0,0,0,0,0,0,0,0,0,0,0,0,0,0,0,0
2812201,2026-02-08,2,Rahoveci 029,Vëllaznimi,"A. Thomas,B. Rexha,J. Roche,K. Pullian,V. Ejupi","D. Wilson,J. Hellems,R. Dahsyla,S. Zekiqi,Y. Anei",1196,1200,4,0.49,0.88,0.1,35,48,36,48,1,0,0,0,0,0,2,1,1,0,0,0,0,0,0,0,0,0,0,0,0,0,0,0,0,0,0,1,0,0,0,0,0,0,0,0,0,0,0,0,0,0,0,0,0,0,0,0,0,0,0,0,0,0
2812201,2026-02-08,3,Rahoveci 029,Vëllaznimi,"B. Rexha,F. Rugova,J. Mccormick,J. Roche,K. Pullian","A. Gordon,D. Wilson,J. Hellems,R. Dahsyla,S. Zekiqi",1200,1504,304,10.59,9.84,11.35,36,48,45,54,9,6,7,4,2,1,1,0,2,4,1,1,0,4,4,6,1,3,1,6,3,3,2,1,2,2,5,3,0,0,0,0,0,0,0,0,0,0,0,0,0,0,0,0,0,0,0,0,0,0,0,0,0,0
2812201,2026-02-08,3,Rahoveci 029,Vëllaznimi,"B. Rexha,F. Rugova,J. Mccormick,J. Roche,K. Pullian","D. Wilson,J. Hellems,R. Dahsyla,S. Zekiqi,Y. Anei",1504,1536,32,1.22,1.0,1.44,45,54,47,57,2,3,1,1,0,0,0,0,0,0,1,0,0,0,1,1,1,0,0,1,1,0,0,0,0,0,0,0,0,0,0,0,0,0,0,0,0,0,0,0,0,0,0,0,0,0,0,0,0,0,0,0,0,0
2812201,2026-02-08,3,Rahoveci 029,Vëllaznimi,"B. Rexha,F. Rugova,J. Mccormick,K. Pullian,N. Mccloud","D. Wilson,J. Hellems,R. Dahsyla,S. Zekiqi,Y. Anei",1536,1555,19,0.1,0.1,0.1,47,57,47,57,0,0,0,0,0,0,0,0,0,0,0,0,0,0,0,0,0,0,0,0,0,0,0,0,0,0,0,1,0,0,0,0,0,0,0,0,0,0,0,0,0,0,0,0,0,0,0,0,0,0,0,0,0,0
2812201,2026-02-08,3,Rahoveci 029,Vëllaznimi,"B. Rexha,F. Rugova,J. Mccormick,K. Pullian,N. Mccloud","D. Wilson,J. Hellems,R. Dahsyla,S. Zekiqi,Z. Reid",1555,1595,40,1.44,1.88,1.0,47,57,52,57,5,0,1,1,1,1,2,2,0,1,1,0,0,0,0,1,0,0,0,0,0,0,0,0,0,0,0,1,0,0,0,0,0,0,0,0,0,0,0,0,0,0,0,0,0,0,0,0,0,0,0,0,0,0
2812201,2026-02-08,3,Rahoveci 029,Vëllaznimi,"B. Rexha,F. Rugova,J. Mccormick,K. Pullian,N. Mccloud","A. Gordon,J. Hellems,R. Dahsyla,S. Zekiqi,Z. Reid",1595,1699,104,2.72,2.0,3.44,52,57,55,61,3,4,2,1,1,1,0,0,0,2,0,0,0,0,1,3,2,1,0,1,0,0,1,1,0,1,0,1,0,0,0,0,0,0,0,0,0,0,0,0,0,0,0,0,0,0,0,0,0,0,0,0,0,0
2812201,2026-02-08,3,Rahoveci 029,Vëllaznimi,"A. Thomas,B. Rexha,F. Rugova,K. Pullian,N. Mccloud","A. Gordon,A. Koshi,J. Hellems,S. Zekiqi,Z. Reid",1699,1800,101,3.44,3.88,3.0,55,61,59,69,4,8,3,1,2,0,2,2,0,0,1,0,0,0,0,3,3,2,2,0,0,0,1,2,0,0,0,0,0,0,0,0,0,0,0,0,0,0,0,0,0,0,0,0,0,0,0,0,0,0,0,0,0,0
2812201,2026-02-08,4,Rahoveci 029,Vëllaznimi,"A. Thomas,B. Rexha,F. Rugova,J. Mccormick,K. Pullian","A. Gordon,A. Koshi,J. Hellems,S. Zekiqi,Z. Reid",1800,1889,89,1.9,1.81,2.0,59,69,64,71,5,2,2,1,2,1,2,2,1,0,1,0,0,0,0,1,1,0,0,0,0,0,0,0,0,0,1,2,0,0,0,0,0,0,0,0,0,0,0,0,0,0,0,0,0,0,0,0,0,0,0,0,0,0
2812201,2026-02-08,4,Rahoveci 029,Vëllaznimi,"A. Thomas,B. Rexha,F. Rugova,J. Mccormick,K. Pullian","A. Gordon,A. Koshi,J. Hellems,R. Dahsyla,Z. Reid",1889,1949,60,1.87,1.88,1.86,64,71,66,73,2,2,1,0,0,0,2,2,0,0,0,0,0,0,0,3,1,0,0,0,0,2,1,0,0,0,1,1,0,0,0,0,0,0,0,0,0,0,0,0,0,0,0,0,0,0,0,0,0,0,0,0,0,0
2812201,2026-02-08,4,Rahoveci 029,Vëllaznimi,"A. Thomas,B. Rexha,F. Rugova,J. Mccormick,K. Pullian","A. Gordon,A. Koshi,D. Wilson,R. Dahsyla,Z. Reid",1949,2033,84,2.5,3.0,2.0,66,73,68,75,2,2,2,1,1,0,0,0,0,1,0,0,0,1,1,2,1,1,0,0,0,0,1,1,1,0,0,0,0,0,0,0,0,0,0,0,0,0,0,0,0,0,0,0,0,0,0,0,0,0,0,0,0,0
2812201,2026-02-08,4,Rahoveci 029,Vëllaznimi,"B. Rexha,F. Rugova,J. Mccormick,J. Roche,K. Pullian","A. Gordon,A. Koshi,D. Wilson,R. Dahsyla,Z. Reid",2033,2084,51,1.44,1.0,1.88,68,75,70,79,2,4,1,1,0,0,0,0,0,0,0,0,0,0,0,1,1,1,1,2,1,0,0,2,0,0,0,1,0,0,0,0,0,0,0,0,0,0,0,0,0,0,0,0,0,0,0,0,0,0,0,0,0,0
2812201,2026-02-08,4,Rahoveci 029,Vëllaznimi,"B. Rexha,F. Rugova,J. Mccormick,J. Roche,K. Pullian","A. Koshi,D. Wilson,R. Dahsyla,Y. Anei,Z. Reid",2084,2209,125,3.14,3.27,3.0,70,79,73,83,3,4,4,1,1,0,2,1,2,0,0,0,0,0,1,2,2,0,0,0,0,0,2,1,0,0,1,1,0,0,0,0,0,0,0,0,0,0,0,0,0,0,0,0,0,0,0,0,0,0,0,0,0,0
2812201,2026-02-08,4,Rahoveci 029,Vëllaznimi,"B. Rexha,F. Rugova,J. Mccormick,K. Pullian,N. Mccloud","A. Koshi,D. Wilson,R. Dahsyla,Y. Anei,Z. Reid",2209,2295,86,2.79,2.86,2.73,73,83,79,83,6,0,4,2,4,2,0,0,2,2,0,0,0,1,0,2,0,1,0,1,0,1,0,0,0,0,1,0,0,0,0,0,0,0,0,0,0,0,0,0,0,0,0,0,0,0,0,0,0,0,0,0,0,0
2812201,2026-02-08,4,Rahoveci 029,Vëllaznimi,"B. Rexha,F. Rugova,J. Mccormick,K. Pullian,N. Mccloud","D. Wilson,J. Hellems,R. Dahsyla,S. Zekiqi,Y. Anei",2295,2311,16,1.0,1.0,1.0,79,83,81,83,2,0,1,1,0,0,0,0,0,0,1,1,0,0,1,0,0,0,0,0,0,0,0,0,0,0,1,0,0,0,0,0,0,0,0,0,0,0,0,0,0,0,0,0,0,0,0,0,0,0,0,0,0,0
2812201,2026-02-08,4,Rahoveci 029,Vëllaznimi,"B. Rexha,J. Mccormick,K. Pullian,N. Mccloud,V. Ejupi","D. Wilson,J. Hellems,R. Dahsyla,S. Zekiqi,Y. Anei",2311,2398,87,2.27,1.81,2.74,81,83,86,84,5,1,2,1,2,1,2,2,1,0,1,0,0,0,1,2,0,1,0,2,1,1,0,0,0,0,2,2,0,0,0,0,0,0,0,0,0,0,0,0,0,0,0,0,0,0,0,0,0,0,0,0,0,0
2812200,2026-02-08,1,Sigal Prishtina,GO+Peja,"A. Bailey,A. Morina,E. Clarance,K. Dukes,V. Kakruki","A. Hajdari,C. Edwards,L. Routt,M. Mala,O. Williams",0,158,158,3.89,3.93,3.86,0,0,10,0,10,0,5,4,3,2,0,0,1,3,3,1,0,0,1,5,0,2,0,0,0,2,0,0,0,0,1,0,0,0,0,0,0,0,0,0,0,0,0,0,0,0,0,0,0,0,0,0,0,0,0,0,0,0
2812200,2026-02-08,1,Sigal Prishtina,GO+Peja,"A. Bailey,A. Morina,E. Clarance,K. Dukes,V. Kakruki","A. Hajdari,L. Routt,M. Mala,O. Williams,T. Green",158,244,86,1.93,2.0,1.86,10,0,12,2,2,2,2,1,0,0,0,0,0,0,1,1,0,0,1,3,1,1,0,0,0,2,1,0,0,0,1,0,0,0,0,0,0,0,0,0,0,0,0,0,0,0,0,0,0,0,0,0,0,0,0,0,0,0
2812200,2026-02-08,1,Sigal Prishtina,GO+Peja,"A. Bailey,A. Morina,E. Clarance,K. Dukes,V. Kakruki","A. Hajdari,C. Edwards,M. Mala,O. Williams,T. Green",244,345,101,3.37,3.0,3.74,12,2,14,7,2,5,3,1,1,0,0,0,0,1,1,1,0,0,1,4,1,2,1,2,2,2,2,1,0,0,1,0,0,0,0,0,0,0,0,0,0,0,0,0,0,0,0,0,0,0,0,0,0,0,0,0,0,0
2812200,2026-02-08,1,Sigal Prishtina,GO+Peja,"A. Bailey,A. Morina,D. Polloshka,K. Dukes,K. Kramer","A. Hajdari,C. Edwards,M. Mala,O. Williams,T. Green",345,425,80,1.9,1.86,1.93,14,7,19,11,5,4,4,2,2,1,0,0,2,0,2,0,0,0,0,3,2,0,0,0,0,1,0,0,0,0,0,1,0,0,0,0,0,0,0,0,0,0,0,0,0,0,0,0,0,0,0,0,0,0,0,0,0,0
2812200,2026-02-08,1,Sigal Prishtina,GO+Peja,"A. Bailey,D. Polloshka,J. Ismajli,K. Dukes,K. Kramer","C. Edwards,M. Mala,O. Williams,S. Llapi,T. Green",425,471,46,2.0,2.0,2.0,19,11,19,13,0,2,2,0,1,0,0,0,0,1,0,0,0,0,1,2,1,0,0,0,0,0,2,0,0,0,0,1,0,0,0,0,0,0,0,0,0,0,0,0,0,0,0,0,0,0,0,0,0,0,0,0,0,0
2812200,2026-02-08,1,Sigal Prishtina,GO+Peja,"A. Bailey,D. Polloshka,E. Clarance,J. Ismajli,K. Kramer","L. Routt,M. Mala,O. Williams,S. Llapi,T. Green",471,538,67,1.43,2.0,0.86,19,14,19,16,0,2,2,0,1,0,0,0,0,0,0,0,1,0,0,3,1,1,0,0,0,2,2,1,0,0,0,0,0,0,0,0,0,0,0,0,0,0,0,0,0,0,0,0,0,0,0,0,0,0,0,0,0,0
2812200,2026-02-08,1,Sigal Prishtina,GO+Peja,"A. Bailey,D. Polloshka,E. Clarance,J. Ismajli,K. Kramer","F. Shoshaj,L. Routt,O. Williams,S. Llapi,T. Green",538,594,56,1.4,1.0,1.81,19,16,21,21,2,5,1,1,0,0,0,0,0,0,0,0,0,0,1,2,1,2,1,2,2,1,0,2,0,0,0,0,0,0,0,0,0,0,0,0,0,0,0,0,0,0,0,0,0,0,0,0,0,0,0,0,0,0
2812200,2026-02-08,1,Sigal Prishtina,GO+Peja,"A. Bailey,D. Polloshka,E. Clarance,J. Ismajli,K. Kramer","F. Shoshaj,O. Williams,S. Llapi,S. Nila,T. Green",594,600,6,0.1,0.1,0.1,21,21,21,21,0,0,0,0,0,0,0,0,0,0,0,0,0,0,0,0,0,0,0,0,0,0,0,0,0,0,0,1,0,0,0,0,0,0,0,0,0,0,0,0,0,0,0,0,0,0,0,0,0,0,0,0,0,0
2812200,2026-02-08,1,Sigal Prishtina,GO+Peja,"A. Bailey,D. Polloshka,E. Clarance,J. Ismajli,K. Kramer","F. Shoshaj,L. Routt,O. Williams,S. Llapi,T. Green",600,723,123,3.99,5.05,2.93,21,21,24,25,3,4,3,1,0,0,4,1,1,0,0,0,0,1,0,3,2,0,0,0,0,1,2,1,0,1,1,1,0,0,0,0,0,0,0,0,0,0,0,0,0,0,0,0,0,0,0,0,0,0,0,0,0,0
2812200,2026-02-08,2,Sigal Prishtina,GO+Peja,"A. Bailey,A. Morina,J. Ismajli,K. Dukes,K. Kramer","F. Shoshaj,L. Routt,M. Mala,S. Llapi,T. Green",723,754,31,0.52,0.1,0.93,24,25,24,27,0,2,0,0,0,0,0,0,0,0,0,0,0,0,0,2,1,0,0,0,0,1,0,0,0,0,0,0,0,0,0,0,0,0,0,0,0,0,0,0,0,0,0,0,0,0,0,0,0,0,0,0,0,0
2812200,2026-02-08,2,Sigal Prishtina,GO+Peja,"A. Bailey,A. Morina,A. Sinani,K. Dukes,K. Kramer","F. Shoshaj,L. Routt,M. Mala,S. Llapi,T. Green",754,908,154,4.39,4.93,3.86,24,27,28,27,4,0,6,2,2,0,0,0,1,4,1,0,0,0,1,6,0,3,0,0,0,2,3,0,0,0,0,1,0,0,0,0,0,0,0,0,0,0,0,0,0,0,0,0,0,0,0,0,0,0,0,0,0,0
2812200,2026-02-08,2,Sigal Prishtina,GO+Peja,"A. Morina,A. Sinani,K. Dukes,K. Kramer,V. Kakruki","A. Hajdari,L. Routt,M. Mala,O. Williams,T. Green",908,923,15,0.55,0.1,1.0,28,27,28,27,0,0,0,0,0,0,0,0,0,0,0,1,0,0,0,0,0,0,0,0,0,0,0,0,0,0,1,1,0,0,0,0,0,0,0,0,0,0,0,0,0,0,0,0,0,0,0,0,0,0,0,0,0,0
2812200,2026-02-08,2,Sigal Prishtina,GO+Peja,"A. Morina,A. Sinani,K. Dukes,K. Kramer,V. Kakruki","A. Hajdari,C. Edwards,M. Mala,O. Williams,T. Green",923,947,24,1.44,0.88,2.0,28,27,29,27,1,0,0,0,0,0,2,1,0,0,0,0,0,0,0,1,0,0,0,0,0,0,1,0,0,0,1,0,0,0,0,0,0,0,0,0,0,0,0,0,0,0,0,0,0,0,0,0,0,0,0,0,0,0
2812200,2026-02-08,2,Sigal Prishtina,GO+Peja,"A. Bailey,A. Morina,A. Sinani,K. Dukes,V. Kakruki","A. Hajdari,C. Edwards,M. Mala,O. Williams,T. Green",947,1020,73,1.44,1.88,1.0,29,27,33,27,4,0,1,1,0,0,2,2,0,1,1,0,0,0,2,1,0,0,0,0,0,0,0,0,0,0,0,1,0,0,0,0,0,0,0,0,0,0,0,0,0,0,0,0,0,0,0,0,0,0,0,0,0,0
2812200,2026-02-08,2,Sigal Prishtina,GO+Peja,"A. Morina,A. Sinani,K. Dukes,K. Kramer,V. Kakruki","A. Hajdari,C. Edwards,L. Routt,M. Mala,O. Williams",1020,1142,122,4.44,4.0,4.88,33,27,38,28,5,1,3,2,1,1,0,0,0,4,1,1,0,1,2,3,0,1,0,2,1,0,1,0,1,0,1,1,0,0,0,0,0,0,0,0,0,0,0,0,0,0,0,0,0,0,0,0,0,0,0,0,0,0
2812200,2026-02-08,2,Sigal Prishtina,GO+Peja,"A. Morina,A. Sinani,K. Dukes,K. Kramer,V. Kakruki","A. Hajdari,L. Routt,M. Mala,O. Williams,T. Green",1142,1162,20,0.91,0.88,0.93,38,28,40,31,2,3,0,0,0,0,2,2,0,0,0,0,0,0,0,2,1,1,1,0,0,1,0,1,0,0,0,0,0,0,0,0,0,0,0,0,0,0,0,0,0,0,0,0,0,0,0,0,0,0,0,0,0,0
2812200,2026-02-08,2,Sigal Prishtina,GO+Peja,"A. Morina,A. Sinani,K. Dukes,K. Kramer,V. Kakruki","A. Hajdari,M. Mala,O. Williams,S. Llapi,T. Green",1162,1200,38,1.0,1.0,1.0,40,31,42,34,2,3,1,1,0,0,0,0,0,0,0,0,0,0,0,1,1,1,1,0,0,0,0,1,0,0,0,0,0,0,0,0,0,0,0,0,0,0,0,0,0,0,0,0,0,0,0,0,0,0,0,0,0,0
2812200,2026-02-08,3,Sigal Prishtina,GO+Peja,"A. Bailey,A. Morina,E. Clarance,K. Dukes,V. Kakruki","A. Hajdari,C. Edwards,M. Mala,O. Williams,T. Green",1200,1445,245,5.36,4.86,5.86,42,34,50,43,8,9,7,4,1,0,0,0,2,1,1,1,0,0,0,7,4,3,1,0,0,2,1,1,0,0,1,2,0,0,0,0,0,0,0,0,0,0,0,0,0,0,0,0,0,0,0,0,0,0,0,0,0,0
2812200,2026-02-08,3,Sigal Prishtina,GO+Peja,"A. Bailey,A. Morina,E. Clarance,K. Dukes,V. Kakruki","A. Hajdari,L. Routt,M. Mala,O. Williams,T. Green",1445,1465,20,1.5,2.0,1.0,50,43,52,43,2,0,1,1,0,0,0,0,0,0,0,1,0,1,0,0,0,0,0,0,0,0,0,0,1,0,1,0,0,0,0,0,0,0,0,0,0,0,0,0,0,0,0,0,0,0,0,0,0,0,0,0,0,0
2812200,2026-02-08,3,Sigal Prishtina,GO+Peja,"A. Bailey,A. Morina,D. Polloshka,E. Clarance,K. Kramer","A. Hajdari,L. Routt,M. Mala,O. Williams,T. Green",1465,1528,63,1.46,1.0,1.93,52,43,52,48,0,5,0,0,0,0,0,0,0,0,0,0,1,1,0,3,2,1,1,0,0,1,0,2,1,0,0,1,0,0,0,0,0,0,0,0,0,0,0,0,0,0,0,0,0,0,0,0,0,0,0,0,0,0
2812200,2026-02-08,3,Sigal Prishtina,GO+Peja,"A. Bailey,D. Polloshka,E. Clarance,J. Ismajli,K. Kramer","A. Hajdari,L. Routt,M. Mala,O. Williams,T. Green",1528,1584,56,1.46,2.0,0.93,52,48,52,48,0,0,1,0,1,0,0,0,0,1,0,0,0,1,1,2,0,1,0,0,0,1,1,0,0,0,0,0,0,0,0,0,0,0,0,0,0,0,0,0,0,0,0,0,0,0,0,0,0,0,0,0,0,0
2812200,2026-02-08,3,Sigal Prishtina,GO+Peja,"A. Bailey,D. Polloshka,E. Clarance,J. Ismajli,V. Kakruki","F. Shoshaj,L. Routt,M. Mala,O. Williams,T. Green",1584,1603,19,0.45,0.1,0.81,52,48,52,50,0,2,0,0,0,0,0,0,0,0,0,0,0,0,1,1,0,1,0,2,2,1,0,0,0,0,0,0,0,0,0,0,0,0,0,0,0,0,0,0,0,0,0,0,0,0,0,0,0,0,0,0,0,0
2812200,2026-02-08,3,Sigal Prishtina,GO+Peja,"A. Bailey,E. Clarance,J. Ismajli,K. Dukes,V. Kakruki","F. Shoshaj,L. Routt,M. Mala,O. Williams,T. Green",1603,1641,38,1.94,2.0,1.88,52,50,52,53,0,3,2,0,0,0,0,0,0,1,0,0,0,0,0,1,1,0,0,2,1,0,2,1,0,0,0,0,0,0,0,0,0,0,0,0,0,0,0,0,0,0,0,0,0,0,0,0,0,0,0,0,0,0
2812200,2026-02-08,3,Sigal Prishtina,GO+Peja,"A. Bailey,E. Clarance,J. Ismajli,K. Dukes,V. Kakruki","A. Hajdari,F. Shoshaj,L. Routt,O. Williams,T. Green",1641,1663,22,0.1,0.1,0.1,52,53,52,53,0,0,0,0,0,0,0,0,0,0,0,0,0,0,1,0,0,0,0,0,0,0,0,0,0,0,0,0,0,0,0,0,0,0,0,0,0,0,0,0,0,0,0,0,0,0,0,0,0,0,0,0,0,0
2812200,2026-02-08,3,Sigal Prishtina,GO+Peja,"A. Bailey,A. Morina,E. Clarance,K. Dukes,V. Kakruki","A. Hajdari,F. Shoshaj,L. Routt,O. Williams,T. Green",1663,1749,86,3.34,3.0,3.69,52,53,56,58,4,5,3,2,0,0,0,0,0,1,0,0,0,0,1,3,1,1,0,4,3,1,1,1,0,0,0,2,0,0,0,0,0,0,0,0,0,0,0,0,0,0,0,0,0,0,0,0,0,0,0,0,0,0
2812200,2026-02-08,3,Sigal Prishtina,GO+Peja,"A. Bailey,A. Morina,D. Polloshka,K. Dukes,K. Kramer","A. Hajdari,F. Shoshaj,L. Routt,M. Mala,T. Green",1749,1800,51,2.16,2.44,1.88,56,58,57,60,1,2,2,0,2,0,1,1,0,1,0,0,0,0,1,1,1,0,0,2,0,0,1,0,0,0,0,0,0,0,0,0,0,0,0,0,0,0,0,0,0,0,0,0,0,0,0,0,0,0,0,0,0,0
2812200,2026-02-08,4,Sigal Prishtina,GO+Peja,"A. Bailey,A. Morina,D. Polloshka,K. Dukes,K. Kramer","A. Hajdari,C. Edwards,F. Shoshaj,M. Mala,T. Green",1800,1836,36,0.55,1.0,0.1,57,60,59,60,2,0,1,1,0,0,0,0,0,0,0,0,0,0,1,0,0,0,0,0,0,0,0,0,0,0,0,0,0,0,0,0,0,0,0,0,0,0,0,0,0,0,0,0,0,0,0,0,0,0,0,0,0,0
2812200,2026-02-08,4,Sigal Prishtina,GO+Peja,"A. Bailey,A. Morina,D. Polloshka,K. Dukes,K. Kramer","A. Hajdari,C. Edwards,M. Mala,O. Williams,T. Green",1836,1901,65,2.0,2.0,2.0,59,60,59,63,0,3,1,0,1,0,0,0,0,0,0,1,0,1,1,1,1,1,1,0,0,0,1,1,1,0,1,0,0,0,0,0,0,0,0,0,0,0,0,0,0,0,0,0,0,0,0,0,0,0,0,0,0,0
2812200,2026-02-08,4,Sigal Prishtina,GO+Peja,"A. Bailey,A. Morina,A. Sinani,K. Dukes,K. Kramer","A. Hajdari,C. Edwards,M. Mala,O. Williams,T. Green",1901,1942,41,0.96,1.0,0.93,59,63,59,65,0,2,0,0,0,0,0,0,0,0,0,0,0,1,0,2,1,0,0,0,0,1,0,0,0,0,0,0,0,0,0,0,0,0,0,0,0,0,0,0,0,0,0,0,0,0,0,0,0,0,0,0,0,0
2812200,2026-02-08,4,Sigal Prishtina,GO+Peja,"A. Bailey,A. Morina,A. Sinani,K. Dukes,V. Kakruki","A. Hajdari,C. Edwards,M. Mala,O. Williams,T. Green",1942,1984,42,1.5,1.0,2.0,59,65,59,65,0,0,1,0,0,0,0,0,0,1,0,1,0,0,0,1,0,1,0,0,0,0,1,0,0,0,1,1,0,0,0,0,0,0,0,0,0,0,0,0,0,0,0,0,0,0,0,0,0,0,0,0,0,0
2812200,2026-02-08,4,Sigal Prishtina,GO+Peja,"A. Bailey,A. Sinani,E. Clarance,K. Dukes,V. Kakruki","A. Hajdari,C. Edwards,M. Mala,O. Williams,T. Green",1984,2036,52,2.44,1.88,3.0,59,65,62,68,3,3,1,1,0,0,2,1,0,0,1,0,0,0,0,1,1,1,1,0,0,0,0,1,0,0,2,2,0,0,0,0,0,0,0,0,0,0,0,0,0,0,0,0,0,0,0,0,0,0,0,0,0,0
2812200,2026-02-08,4,Sigal Prishtina,GO+Peja,"A. Bailey,A. Sinani,E. Clarance,K. Dukes,V. Kakruki","A. Hajdari,L. Routt,M. Mala,O. Williams,T. Green",2036,2234,198,5.32,5.76,4.88,62,68,67,74,5,6,4,1,3,1,4,2,0,2,3,0,0,0,3,4,2,2,1,2,1,0,4,2,0,0,0,2,0,0,0,0,0,0,0,0,0,0,0,0,0,0,0,0,0,0,0,0,0,0,0,0,0,0
2812200,2026-02-08,4,Sigal Prishtina,GO+Peja,"A. Bailey,A. Morina,A. Sinani,E. Clarance,K. Kramer","A. Hajdari,L. Routt,M. Mala,O. Williams,T. Green",2234,2277,43,1.44,1.0,1.88,67,74,67,77,0,3,0,0,0,0,0,0,0,0,0,0,0,1,0,1,1,0,0,2,1,0,0,0,0,0,0,0,0,0,0,0,0,0,0,0,0,0,0,0,0,0,0,0,0,0,0,0,0,0,0,0,0,0
2812200,2026-02-08,4,Sigal Prishtina,GO+Peja,"A. Bailey,A. Morina,A. Sinani,E. Clarance,K. Dukes","A. Hajdari,L. Routt,M. Mala,O. Williams,T. Green",2277,2380,103,5.28,5.11,5.45,67,77,75,81,8,4,3,2,1,0,6,4,1,2,0,1,0,0,4,2,0,0,0,8,4,2,1,0,0,0,1,3,0,0,0,0,0,0,0,0,0,0,0,0,0,0,0,0,0,0,0,0,0,0,0,0,0,0
2812200,2026-02-08,4,Sigal Prishtina,GO+Peja,"A. Bailey,A. Morina,A. Sinani,E. Clarance,K. Dukes","A. Hajdari,M. Mala,O. Williams,S. Llapi,T. Green",2380,2399,19,1.4,2.0,0.81,75,81,78,82,3,1,2,1,2,1,0,0,0,0,0,0,0,0,1,1,0,0,0,2,1,1,0,0,0,0,0,0,0,0,0,0,0,0,0,0,0,0,0,0,0,0,0,0,0,0,0,0,0,0,0,0,0,0
2815103,2026-02-15,1,Bashkimi,GO+Peja,"I. Nwamu,J. Nzeakor,L. Zeqiri,S. Shorter,V. Bunjaku","A. Hajdari,C. Edwards,L. Routt,M. Mala,O. Williams",0,225,225,4.82,4.72,4.93,0,0,5,8,5,8,8,2,2,1,0,0,4,1,2,0,0,1,1,6,4,2,0,0,0,1,2,3,1,0,0,2,0,0,0,0,0,0,0,0,0,0,0,0,0,0,0,0,0,0,0,0,0,0,0,0,0,0
2815103,2026-02-15,1,Bashkimi,GO+Peja,"I. Nwamu,J. Nzeakor,L. Zeqiri,M. Armstead,S. Shorter","A. Hajdari,C. Edwards,L. Routt,M. Mala,O. Williams",225,252,27,0.96,0.93,1.0,5,8,5,8,0,0,2,0,2,0,0,0,1,0,0,0,0,0,0,0,0,0,0,0,0,0,1,0,0,0,1,0,0,0,0,0,0,0,0,0,0,0,0,0,0,0,0,0,0,0,0,0,0,0,0,0,0,0
2815103,2026-02-15,1,Bashkimi,GO+Peja,"I. Nwamu,J. Nzeakor,L. Zeqiri,M. Armstead,S. Shorter","A. Hajdari,C. Edwards,M. Mala,O. Williams,T. Green",252,261,9,0.55,1.0,0.1,5,8,5,8,0,0,0,0,0,0,0,0,0,0,0,0,0,1,0,0,0,0,0,0,0,0,0,0,1,0,0,0,0,0,0,0,0,0,0,0,0,0,0,0,0,0,0,0,0,0,0,0,0,0,0,0,0,0
2815103,2026-02-15,1,Bashkimi,GO+Peja,"I. Cousins,J. Nzeakor,L. Zeqiri,M. Armstead,S. Shorter","A. Hajdari,C. Edwards,M. Mala,O. Williams,T. Green",261,314,53,1.93,2.0,1.86,5,8,7,13,2,5,1,1,0,0,0,0,0,0,1,0,0,1,0,4,2,1,1,0,0,2,0,1,0,0,0,0,0,0,0,0,0,0,0,0,0,0,0,0,0,0,0,0,0,0,0,0,0,0,0,0,0,0
2815103,2026-02-15,1,Bashkimi,GO+Peja,"I. Cousins,J. Nzeakor,L. Zeqiri,M. Armstead,S. Shorter","A. Hajdari,L. Routt,M. Mala,O. Williams,T. Green",314,330,16,0.1,0.1,0.1,7,13,7,13,0,0,0,0,0,0,0,0,0,0,0,0,0,0,1,1,0,1,0,0,0,1,0,0,0,0,0,0,0,0,0,0,0,0,0,0,0,0,0,0,0,0,0,0,0,0,0,0,0,0,0,0,0,0
2815103,2026-02-15,1,Bashkimi,GO+Peja,"I. Cousins,K. Wooten,L. Zeqiri,M. Armstead,S. Shorter","A. Hajdari,F. Shoshaj,L. Routt,O. Williams,T. Green",330,600,270,8.18,7.93,8.44,7,13,15,31,8,18,9,4,3,0,0,0,1,1,2,0,0,0,1,8,7,3,3,1,1,0,4,6,0,1,0,0,0,0,0,0,0,0,0,0,0,0,0,0,0,0,0,0,0,0,0,0,0,0,0,0,0,0
2815103,2026-02-15,2,Bashkimi,GO+Peja,"I. Cousins,I. Nwamu,K. Wooten,M. Janjeva,V. Bunjaku","C. Edwards,F. Shoshaj,M. Mala,O. Williams,T. Green",600,607,7,0.55,0.1,1.0,15,31,15,33,0,2,0,0,0,0,0,0,0,0,0,0,0,0,0,1,1,0,0,0,0,0,0,1,0,0,0,0,0,0,0,0,0,0,0,0,0,0,0,0,0,0,0,0,0,0,0,0,0,0,0,0,0,0
2815103,2026-02-15,2,Bashkimi,GO+Peja,"I. Cousins,I. Nwamu,K. Wooten,M. Janjeva,V. Bunjaku","C. Edwards,F. Shoshaj,O. Williams,S. Llapi,T. Green",607,703,96,3.0,3.0,3.0,15,33,15,35,0,2,3,0,2,0,0,0,0,0,0,1,0,0,0,1,1,0,0,0,0,0,3,0,0,0,2,1,0,0,0,0,0,0,0,0,0,0,0,0,0,0,0,0,0,0,0,0,0,0,0,0,0,0
2815103,2026-02-15,2,Bashkimi,GO+Peja,"I. Cousins,I. Nwamu,J. Nzeakor,M. Janjeva,V. Bunjaku","F. Shoshaj,L. Routt,O. Williams,S. Llapi,T. Green",703,771,68,3.0,3.0,3.0,15,35,18,35,3,0,2,1,1,1,0,0,0,1,1,0,0,1,0,1,0,0,0,0,0,0,1,0,1,0,2,0,0,0,0,0,0,0,0,0,0,0,0,0,0,0,0,0,0,0,0,0,0,0,0,0,0,0
2815103,2026-02-15,2,Bashkimi,GO+Peja,"I. Cousins,I. Nwamu,J. Nzeakor,M. Janjeva,V. Bunjaku","A. Hajdari,F. Shoshaj,L. Routt,S. Llapi,T. Green",771,797,26,0.55,1.0,0.1,18,35,21,35,3,0,1,1,1,1,0,0,0,0,1,0,0,0,1,0,0,0,0,0,0,0,0,0,0,0,0,0,0,0,0,0,0,0,0,0,0,0,0,0,0,0,0,0,0,0,0,0,0,0,0,0,0,0
2815103,2026-02-15,2,Bashkimi,GO+Peja,"I. Nwamu,J. Nzeakor,M. Janjeva,S. Shorter,V. Bunjaku","A. Hajdari,F. Shoshaj,L. Routt,S. Llapi,T. Green",797,820,23,0.52,0.1,0.93,21,35,21,37,0,2,1,0,1,0,0,0,1,0,0,0,0,0,0,2,1,1,0,0,0,1,0,0,0,0,0,1,0,0,0,0,0,0,0,0,0,0,0,0,0,0,0,0,0,0,0,0,0,0,0,0,0,0
2815103,2026-02-15,2,Bashkimi,GO+Peja,"I. Nwamu,J. Nzeakor,M. Janjeva,S. Shorter,V. Bunjaku","A. Hajdari,C. Edwards,F. Shoshaj,L. Routt,T. Green",820,859,39,2.0,2.0,2.0,21,37,25,37,4,0,2,2,0,0,0,0,0,0,1,1,0,0,0,0,0,0,0,0,0,0,0,0,0,0,2,0,0,0,0,0,0,0,0,0,0,0,0,0,0,0,0,0,0,0,0,0,0,0,0,0,0,0
2815103,2026-02-15,2,Bashkimi,GO+Peja,"I. Nwamu,J. Nzeakor,M. Janjeva,S. Shorter,V. Bunjaku","A. Hajdari,C. Edwards,F. Shoshaj,L. Routt,O. Williams",859,888,29,1.0,1.0,1.0,25,37,25,37,0,0,1,0,0,0,0,0,0,1,0,0,0,0,0,1,0,1,0,0,0,0,1,0,0,0,0,1,0,0,0,0,0,0,0,0,0,0,0,0,0,0,0,0,0,0,0,0,0,0,0,0,0,0
2815103,2026-02-15,2,Bashkimi,GO+Peja,"I. Nwamu,J. Nzeakor,M. Janjeva,S. Shorter,V. Bunjaku","A. Hajdari,C. Edwards,F. Shoshaj,O. Williams,T. Green",888,978,90,3.39,3.93,2.86,25,37,27,39,2,2,5,1,0,0,0,0,1,1,0,1,0,0,0,4,1,1,0,0,0,2,3,0,0,0,1,0,0,0,0,0,0,0,0,0,0,0,0,0,0,0,0,0,0,0,0,0,0,0,0,0,0,0
2815103,2026-02-15,2,Bashkimi,GO+Peja,"I. Cousins,I. Nwamu,J. Nzeakor,M. Janjeva,V. Bunjaku","A. Hajdari,C. Edwards,F. Shoshaj,L. Routt,O. Williams",978,990,12,0.1,0.1,0.1,27,39,27,39,0,0,0,0,0,0,0,0,0,0,0,0,0,0,1,0,0,0,0,0,0,0,0,0,0,0,0,0,0,0,0,0,0,0,0,0,0,0,0,0,0,0,0,0,0,0,0,0,0,0,0,0,0,0
2815103,2026-02-15,2,Bashkimi,GO+Peja,"I. Cousins,I. Nwamu,J. Nzeakor,L. Zeqiri,V. Bunjaku","A. Hajdari,C. Edwards,F. Shoshaj,L. Routt,O. Williams",990,1010,20,0.94,0.88,1.0,27,39,29,39,2,0,0,0,0,0,2,2,0,0,0,0,0,0,0,0,0,0,0,0,0,0,0,0,0,0,1,1,0,0,0,0,0,0,0,0,0,0,0,0,0,0,0,0,0,0,0,0,0,0,0,0,0,0
2815103,2026-02-15,2,Bashkimi,GO+Peja,"I. Cousins,I. Nwamu,K. Wooten,L. Zeqiri,V. Bunjaku","A. Hajdari,C. Edwards,F. Shoshaj,L. Routt,O. Williams",1010,1100,90,3.5,3.0,4.0,29,39,32,42,3,3,1,1,1,1,0,0,0,0,1,1,0,2,1,2,1,1,1,0,0,0,0,1,0,0,2,0,0,0,0,0,0,0,0,0,0,0,0,0,0,0,0,0,0,0,0,0,0,0,0,0,0,0
2815103,2026-02-15,2,Bashkimi,GO+Peja,"I. Cousins,I. Nwamu,K. Wooten,L. Zeqiri,M. Armstead","A. Hajdari,C. Edwards,F. Shoshaj,L. Routt,O. Williams",1100,1156,56,0.96,0.93,1.0,32,42,32,42,0,0,2,0,1,0,0,0,1,1,0,0,0,0,0,1,0,1,0,0,0,0,1,0,0,0,0,0,0,0,0,0,0,0,0,0,0,0,0,0,0,0,0,0,0,0,0,0,0,0,0,0,0,0
2815103,2026-02-15,2,Bashkimi,GO+Peja,"I. Cousins,K. Wooten,L. Zeqiri,M. Armstead,S. Shorter","A. Hajdari,C. Edwards,F. Shoshaj,O. Williams,S. Llapi",1156,1200,44,1.38,1.76,1.0,32,42,33,45,1,3,0,0,0,0,4,1,0,0,0,0,0,0,0,1,1,1,1,0,0,0,1,1,0,0,0,2,0,0,0,0,0,0,0,0,0,0,0,0,0,0,0,0,0,0,0,0,0,0,0,0,0,0
2815103,2026-02-15,3,Bashkimi,GO+Peja,"I. Cousins,J. Nzeakor,L. Zeqiri,M. Armstead,S. Shorter","A. Hajdari,C. Edwards,F. Shoshaj,O. Williams,T. Green",1200,1328,128,4.94,5.88,4.0,33,45,43,45,10,0,3,3,3,3,2,1,0,3,4,1,0,2,1,3,0,1,0,0,0,0,0,0,0,0,1,1,0,0,0,0,0,0,0,0,0,0,0,0,0,0,0,0,0,0,0,0,0,0,0,0,0,0
2815103,2026-02-15,3,Bashkimi,GO+Peja,"I. Cousins,J. Nzeakor,L. Zeqiri,M. Armstead,S. Shorter","A. Hajdari,C. Edwards,L. Routt,M. Mala,O. Williams",1328,1451,123,4.72,4.44,5.0,43,45,45,54,2,9,3,1,1,0,1,0,0,1,1,1,0,1,0,4,3,4,3,0,0,0,3,3,1,0,1,1,0,0,0,0,0,0,0,0,0,0,0,0,0,0,0,0,0,0,0,0,0,0,0,0,0,0
2815103,2026-02-15,3,Bashkimi,GO+Peja,"I. Cousins,K. Wooten,L. Zeqiri,M. Armstead,S. Shorter","A. Hajdari,C. Edwards,L. Routt,M. Mala,O. Williams",1451,1499,48,1.0,1.0,1.0,45,54,47,54,2,0,1,1,0,0,0,0,0,1,0,0,0,0,0,1,0,1,0,0,0,0,0,0,0,0,0,1,0,0,0,0,0,0,0,0,0,0,0,0,0,0,0,0,0,0,0,0,0,0,0,0,0,0
2815103,2026-02-15,3,Bashkimi,GO+Peja,"I. Cousins,K. Wooten,L. Zeqiri,S. Shorter,V. Bunjaku","A. Hajdari,L. Routt,M. Mala,O. Williams,T. Green",1499,1632,133,4.31,4.32,4.3,47,54,54,64,7,10,3,2,0,0,3,3,0,0,2,0,0,0,1,6,4,2,1,1,1,2,1,3,0,0,0,1,0,0,0,0,0,0,0,0,0,0,0,0,0,0,0,0,0,0,0,0,0,0,0,0,0,0
2815103,2026-02-15,3,Bashkimi,GO+Peja,"I. Cousins,K. Wooten,M. Janjeva,S. Shorter,V. Bunjaku","C. Edwards,F. Shoshaj,M. Mala,O. Williams,T. Green",1632,1651,19,0.94,0.88,1.0,54,64,54,64,0,0,0,0,0,0,2,0,0,1,0,0,0,0,0,1,0,0,0,0,0,0,1,0,0,0,0,0,0,0,0,0,0,0,0,0,0,0,0,0,0,0,0,0,0,0,0,0,0,0,0,0,0,0
2815103,2026-02-15,3,Bashkimi,GO+Peja,"I. Nwamu,K. Wooten,M. Janjeva,S. Shorter,V. Bunjaku","C. Edwards,F. Shoshaj,M. Mala,O. Williams,T. Green",1651,1882,231,7.0,7.0,7.0,54,64,61,70,7,6,4,3,1,1,0,0,0,4,1,0,0,3,1,7,3,1,0,0,0,0,1,1,1,0,0,0,0,0,0,0,0,0,0,0,0,0,0,0,0,0,0,0,0,0,0,0,0,0,0,0,0,0
2815103,2026-02-15,4,Bashkimi,GO+Peja,"I. Nwamu,J. Nzeakor,M. Janjeva,S. Shorter,V. Bunjaku","A. Hajdari,L. Routt,M. Mala,O. Williams,T. Green",1882,1944,62,1.5,2.0,1.0,61,70,64,70,3,0,2,1,2,1,0,0,0,0,0,1,0,0,0,0,0,0,0,0,0,0,1,0,0,0,1,0,0,0,0,0,0,0,0,0,0,0,0,0,0,0,0,0,0,0,0,0,0,0,0,0,0,0
2815103,2026-02-15,4,Bashkimi,GO+Peja,"I. Nwamu,J. Nzeakor,M. Janjeva,S. Shorter,V. Bunjaku","A. Hajdari,F. Shoshaj,L. Routt,O. Williams,T. Green",1944,1996,52,1.93,1.93,1.93,64,70,66,70,2,0,3,1,2,0,0,0,1,0,0,2,0,0,0,1,0,1,0,0,0,1,1,0,0,0,2,1,0,0,0,0,0,0,0,0,0,0,0,0,0,0,0,0,0,0,0,0,0,0,0,0,0,0
2815103,2026-02-15,4,Bashkimi,GO+Peja,"I. Nwamu,J. Nzeakor,L. Zeqiri,S. Shorter,V. Bunjaku","A. Hajdari,L. Routt,M. Mala,O. Williams,T. Green",1996,2086,90,1.96,2.0,1.93,66,70,68,72,2,2,2,1,1,0,0,0,0,0,1,1,0,0,1,2,1,1,0,0,0,1,1,0,0,0,1,0,0,0,0,0,0,0,0,0,0,0,0,0,0,0,0,0,0,0,0,0,0,0,0,0,0,0
2815103,2026-02-15,4,Bashkimi,GO+Peja,"I. Nwamu,J. Nzeakor,L. Zeqiri,M. Armstead,S. Shorter","A. Hajdari,C. Edwards,M. Mala,O. Williams,T. Green",2086,2345,259,8.31,8.76,7.86,68,72,73,74,5,2,7,2,0,0,4,1,0,3,1,0,0,0,3,6,1,2,0,0,0,2,5,0,0,0,4,4,0,0,0,0,0,0,0,0,0,0,0,0,0,0,0,0,0,0,0,0,0,0,0,0,0,0
2815103,2026-02-15,4,Bashkimi,GO+Peja,"I. Nwamu,K. Wooten,L. Zeqiri,M. Armstead,S. Shorter","A. Hajdari,C. Edwards,M. Mala,O. Williams,T. Green",2345,2387,42,1.44,0.88,2.0,73,74,75,74,2,0,0,0,0,0,2,2,0,2,0,0,1,0,0,2,0,1,0,0,0,0,0,0,0,0,0,2,0,0,0,0,0,0,0,0,0,0,0,0,0,0,0,0,0,0,0,0,0,0,0,0,0,0
2815103,2026-02-15,4,Bashkimi,GO+Peja,"I. Nwamu,K. Wooten,L. Zeqiri,M. Armstead,S. Shorter","C. Edwards,F. Shoshaj,M. Mala,O. Williams,T. Green",2387,2397,10,1.38,1.76,1.0,75,74,78,74,3,0,0,0,0,0,4,3,0,1,0,0,0,0,0,1,0,1,0,0,0,0,1,0,0,0,0,1,0,0,0,0,0,0,0,0,0,0,0,0,0,0,0,0,0,0,0,0,0,0,0,0,0,0
2815101,2026-02-14,1,Vëllaznimi,Sigal Prishtina,"A. Koshi,D. Wilson,J. Hellems,R. Dahsyla,Y. Anei","A. Bailey,A. Lomax,A. Morina,E. Clarance,V. Kakruki",0,412,412,11.93,12.0,11.86,0,0,14,11,14,11,12,7,2,0,0,0,0,5,5,1,1,0,1,12,5,6,1,0,0,2,5,4,0,0,2,3,0,0,0,0,0,0,0,0,0,0,0,0,0,0,0,0,0,0,0,0,0,0,0,0,0,0
2815101,2026-02-14,1,Vëllaznimi,Sigal Prishtina,"A. Koshi,D. Wilson,J. Hellems,R. Dahsyla,Y. Anei","A. Bailey,A. Lomax,A. Sinani,E. Clarance,V. Kakruki",412,525,113,2.89,2.93,2.86,14,11,17,18,3,7,4,1,2,1,0,0,1,0,1,0,0,0,0,5,3,1,1,0,0,2,2,2,0,0,0,1,0,0,0,0,0,0,0,0,0,0,0,0,0,0,0,0,0,0,0,0,0,0,0,0,0,0
2815101,2026-02-14,1,Vëllaznimi,Sigal Prishtina,"A. Koshi,J. Hellems,R. Dahsyla,T. Todd,Y. Anei","A. Bailey,A. Lomax,A. Morina,A. Sinani,K. Kramer",525,600,75,2.0,2.0,2.0,17,18,19,20,2,2,2,1,1,0,0,0,0,1,0,0,0,0,0,2,1,0,0,0,0,0,1,1,0,0,0,0,0,0,0,0,0,0,0,0,0,0,0,0,0,0,0,0,0,0,0,0,0,0,0,0,0,0
2815101,2026-02-14,2,Vëllaznimi,Sigal Prishtina,"A. Rushiti,R. Dahsyla,S. Zekiqi,T. Todd,Z. Reid","A. Bailey,A. Lomax,A. Morina,A. Sinani,K. Kramer",600,697,97,3.0,3.0,3.0,19,20,21,20,2,0,3,1,1,0,0,0,0,2,1,0,0,0,0,2,0,0,0,0,0,0,2,0,0,0,1,1,0,0,0,0,0,0,0,0,0,0,0,0,0,0,0,0,0,0,0,0,0,0,0,0,0,0
2815101,2026-02-14,2,Vëllaznimi,Sigal Prishtina,"A. Rushiti,J. Hellems,S. Zekiqi,T. Todd,Z. Reid","A. Bailey,A. Lomax,A. Morina,A. Sinani,K. Kramer",697,822,125,2.99,2.81,3.17,21,20,22,20,1,0,2,0,2,0,2,1,1,2,0,1,0,1,2,2,0,0,0,2,0,1,1,0,0,0,1,3,0,0,0,0,0,0,0,0,0,0,0,0,0,0,0,0,0,0,0,0,0,0,0,0,0,0
2815101,2026-02-14,2,Vëllaznimi,Sigal Prishtina,"J. Hellems,R. Dahsyla,S. Zekiqi,T. Todd,Z. Reid","A. Bailey,A. Lomax,A. Morina,A. Sinani,K. Kramer",822,856,34,0.96,1.0,0.93,22,20,22,20,0,0,1,0,1,0,0,0,0,1,0,0,0,0,1,2,0,0,0,0,0,1,1,0,0,0,0,0,0,0,0,0,0,0,0,0,0,0,0,0,0,0,0,0,0,0,0,0,0,0,0,0,0,0
2815101,2026-02-14,2,Vëllaznimi,Sigal Prishtina,"D. Wilson,J. Hellems,R. Dahsyla,S. Zekiqi,Z. Reid","A. Bailey,A. Lomax,A. Morina,A. Sinani,V. Kakruki",856,868,12,0.55,0.1,1.0,22,20,22,23,0,3,0,0,0,0,0,0,0,0,0,0,0,0,0,1,1,1,1,0,0,0,0,1,0,0,0,0,0,0,0,0,0,0,0,0,0,0,0,0,0,0,0,0,0,0,0,0,0,0,0,0,0,0
2815101,2026-02-14,2,Vëllaznimi,Sigal Prishtina,"D. Wilson,J. Hellems,R. Dahsyla,S. Zekiqi,Z. Reid","A. Bailey,A. Lomax,A. Sinani,E. Clarance,V. Kakruki",868,918,50,1.94,1.88,2.0,22,23,24,28,2,5,1,0,1,0,2,2,0,0,0,0,0,0,0,2,2,1,1,0,0,0,1,1,0,0,0,2,0,0,0,0,0,0,0,0,0,0,0,0,0,0,0,0,0,0,0,0,0,0,0,0,0,0
2815101,2026-02-14,2,Vëllaznimi,Sigal Prishtina,"A. Koshi,D. Wilson,J. Hellems,R. Dahsyla,Y. Anei","A. Bailey,A. Sinani,D. Polloshka,E. Clarance,V. Kakruki",918,1058,140,3.9,3.93,3.88,26,28,30,29,4,1,5,2,2,0,0,0,1,3,1,1,1,0,3,2,0,1,0,2,1,0,2,0,0,0,1,0,0,0,0,0,0,0,0,0,0,0,0,0,0,0,0,0,0,0,0,0,0,0,0,0,0,0
2815101,2026-02-14,2,Vëllaznimi,Sigal Prishtina,"A. Koshi,D. Wilson,R. Dahsyla,Y. Anei,Z. Reid","A. Bailey,A. Sinani,D. Polloshka,E. Clarance,V. Kakruki",1058,1096,38,1.66,1.0,2.32,30,29,30,32,0,3,1,0,0,0,0,0,0,1,0,0,0,0,1,1,1,0,0,3,1,0,1,1,0,0,0,0,0,0,0,0,0,0,0,0,0,0,0,0,0,0,0,0,0,0,0,0,0,0,0,0,0,0
2815101,2026-02-14,2,Vëllaznimi,Sigal Prishtina,"A. Koshi,D. Wilson,R. Dahsyla,Y. Anei,Z. Reid","A. Bailey,A. Morina,D. Polloshka,E. Clarance,V. Kakruki",1096,1105,9,0.1,0.1,0.1,30,32,30,32,0,0,0,0,0,0,0,0,0,0,0,0,0,0,0,0,0,0,0,0,0,0,0,0,0,0,0,1,0,0,0,0,0,0,0,0,0,0,0,0,0,0,0,0,0,0,0,0,0,0,0,0,0,0
2815101,2026-02-14,2,Vëllaznimi,Sigal Prishtina,"D. Wilson,R. Dahsyla,S. Zekiqi,Y. Anei,Z. Reid","A. Bailey,A. Morina,D. Polloshka,E. Clarance,K. Kramer",1105,1200,95,2.31,2.76,1.86,30,32,32,36,2,4,1,0,1,0,4,2,0,0,1,0,0,0,0,4,2,1,0,0,0,1,2,1,0,0,0,1,0,0,0,0,0,0,0,0,0,0,0,0,0,0,0,0,0,0,0,0,0,0,0,0,0,0
2815101,2026-02-14,3,Vëllaznimi,Sigal Prishtina,"D. Wilson,J. Hellems,R. Dahsyla,S. Zekiqi,Y. Anei","A. Bailey,A. Lomax,A. Morina,E. Clarance,V. Kakruki",1200,1379,179,5.34,4.81,5.88,32,36,36,43,4,7,3,1,2,0,2,2,1,0,0,1,0,2,1,2,2,1,1,2,2,0,1,3,2,0,3,2,0,0,0,0,0,0,0,0,0,0,0,0,0,0,0,0,0,0,0,0,0,0,0,0,0,0
2815101,2026-02-14,3,Vëllaznimi,Sigal Prishtina,"D. Wilson,J. Hellems,R. Dahsyla,S. Zekiqi,Z. Reid","A. Bailey,A. Lomax,A. Morina,E. Clarance,V. Kakruki",1379,1559,180,5.96,6.0,5.93,36,43,46,47,10,4,5,4,3,2,0,0,0,2,4,0,1,1,0,5,2,2,0,0,0,1,1,2,1,0,2,1,0,0,0,0,0,0,0,0,0,0,0,0,0,0,0,0,0,0,0,0,0,0,0,0,0,0
2815101,2026-02-14,3,Vëllaznimi,Sigal Prishtina,"D. Wilson,J. Hellems,R. Dahsyla,S. Zekiqi,Z. Reid","A. Bailey,A. Sinani,D. Polloshka,E. Clarance,K. Kramer",1559,1656,97,1.94,1.88,2.0,46,47,47,49,1,2,0,0,0,0,2,1,0,1,0,0,0,1,1,2,1,1,0,0,0,0,1,0,0,0,0,1,0,0,0,0,0,0,0,0,0,0,0,0,0,0,0,0,0,0,0,0,0,0,0,0,0,0
2815101,2026-02-14,3,Vëllaznimi,Sigal Prishtina,"J. Hellems,R. Dahsyla,S. Zekiqi,Y. Anei,Z. Reid","A. Bailey,A. Sinani,D. Polloshka,E. Clarance,K. Kramer",1656,1680,24,0.55,0.1,1.0,47,49,47,49,0,0,0,0,0,0,0,0,0,1,0,0,0,0,1,1,0,0,0,0,0,0,0,0,0,0,0,0,0,0,0,0,0,0,0,0,0,0,0,0,0,0,0,0,0,0,0,0,0,0,0,0,0,0
2815101,2026-02-14,3,Vëllaznimi,Sigal Prishtina,"A. Koshi,J. Hellems,R. Dahsyla,Y. Anei,Z. Reid","A. Bailey,A. Sinani,D. Polloshka,E. Clarance,K. Kramer",1680,1732,52,1.5,2.0,1.0,47,49,47,51,0,2,1,0,1,0,0,0,0,0,0,0,0,1,2,1,1,0,0,0,0,0,1,0,1,0,0,0,0,0,0,0,0,0,0,0,0,0,0,0,0,0,0,0,0,0,0,0,0,0,0,0,0,0
2815101,2026-02-14,3,Vëllaznimi,Sigal Prishtina,"A. Koshi,R. Dahsyla,T. Todd,Y. Anei,Z. Reid","A. Bailey,A. Sinani,D. Polloshka,E. Clarance,K. Kramer",1732,1800,68,2.25,1.81,2.69,47,51,51,55,4,4,2,1,0,0,2,2,1,0,1,0,1,0,1,2,1,0,0,4,2,1,0,1,0,0,0,1,0,0,0,0,0,0,0,0,0,0,0,0,0,0,0,0,0,0,0,0,0,0,0,0,0,0
2815101,2026-02-14,4,Vëllaznimi,Sigal Prishtina,"A. Koshi,R. Dahsyla,T. Todd,Y. Anei,Z. Reid","A. Bailey,A. Lomax,A. Sinani,E. Clarance,V. Kakruki",1800,1892,92,2.34,1.69,3.0,51,55,54,55,3,0,1,0,1,0,4,3,1,1,0,1,0,0,0,1,0,0,0,0,0,0,0,0,0,0,2,3,0,0,0,0,0,0,0,0,0,0,0,0,0,0,0,0,0,0,0,0,0,0,0,0,0,0
2815101,2026-02-14,4,Vëllaznimi,Sigal Prishtina,"A. Koshi,R. Dahsyla,T. Todd,Y. Anei,Z. Reid","A. Bailey,A. Lomax,A. Sinani,D. Polloshka,K. Kramer",1892,1952,60,1.43,1.93,0.93,54,55,59,55,5,0,3,2,1,1,0,0,1,1,1,0,0,0,0,2,0,1,0,0,0,1,0,0,0,1,0,1,0,0,0,0,0,0,0,0,0,0,0,0,0,0,0,0,0,0,0,0,0,0,0,0,0,0
2815101,2026-02-14,4,Vëllaznimi,Sigal Prishtina,"A. Koshi,R. Dahsyla,T. Todd,Y. Anei,Z. Reid","A. Bailey,A. Sinani,D. Polloshka,E. Clarance,K. Kramer",1952,2048,96,2.5,2.0,3.0,59,55,62,57,3,2,2,1,2,1,0,0,0,2,1,0,0,0,2,3,1,1,0,0,0,0,1,0,0,0,0,0,0,0,0,0,0,0,0,0,0,0,0,0,0,0,0,0,0,0,0,0,0,0,0,0,0,0
2815101,2026-02-14,4,Vëllaznimi,Sigal Prishtina,"A. Koshi,J. Hellems,R. Dahsyla,T. Todd,Y. Anei","A. Bailey,A. Sinani,D. Polloshka,E. Clarance,K. Kramer",2048,2070,22,1.22,1.0,1.44,62,57,62,60,0,3,1,0,0,0,0,0,0,0,0,0,0,0,1,1,1,0,0,1,1,0,1,0,0,0,0,0,0,0,0,0,0,0,0,0,0,0,0,0,0,0,0,0,0,0,0,0,0,0,0,0,0,0
2815101,2026-02-14,4,Vëllaznimi,Sigal Prishtina,"A. Koshi,J. Hellems,R. Dahsyla,T. Todd,Y. Anei","A. Bailey,A. Morina,A. Sinani,E. Clarance,K. Kramer",2070,2104,34,1.22,1.0,1.44,62,60,62,61,0,1,1,0,1,0,0,0,0,0,0,0,0,0,0,0,0,0,0,1,1,0,1,0,0,0,1,0,0,0,0,0,0,0,0,0,0,0,0,0,0,0,0,0,0,0,0,0,0,0,0,0,0,0
2815101,2026-02-14,4,Vëllaznimi,Sigal Prishtina,"A. Koshi,D. Wilson,J. Hellems,R. Dahsyla,Y. Anei","A. Bailey,A. Morina,A. Sinani,E. Clarance,K. Kramer",2104,2182,78,2.46,2.93,2.0,62,61,66,61,4,0,4,2,1,0,0,0,1,1,1,1,1,0,0,1,0,0,0,0,0,0,1,0,0,0,1,0,0,0,0,0,0,0,0,0,0,0,0,0,0,0,0,0,0,0,0,0,0,0,0,0,0,0
2815101,2026-02-14,4,Vëllaznimi,Sigal Prishtina,"A. Koshi,D. Wilson,J. Hellems,R. Dahsyla,Y. Anei","A. Bailey,A. Lomax,A. Morina,A. Sinani,E. Clarance",2182,2296,114,3.46,4.0,2.93,66,61,68,64,2,3,1,1,0,0,0,0,0,1,0,1,1,3,2,3,1,2,1,0,0,1,0,0,1,0,1,0,0,0,0,0,0,0,0,0,0,0,0,0,0,0,0,0,0,0,0,0,0,0,0,0,0,0
2815101,2026-02-14,4,Vëllaznimi,Sigal Prishtina,"A. Rushiti,D. Wilson,J. Hellems,R. Dahsyla,Y. Anei","A. Bailey,A. Lomax,A. Morina,A. Sinani,E. Clarance",2296,2314,18,0.93,1.0,0.86,68,64,68,64,0,0,0,0,0,0,0,0,0,1,0,0,1,1,1,3,0,0,0,0,0,2,0,0,1,0,0,0,0,0,0,0,0,0,0,0,0,0,0,0,0,0,0,0,0,0,0,0,0,0,0,0,0,0
2815101,2026-02-14,4,Vëllaznimi,Sigal Prishtina,"A. Rushiti,D. Wilson,J. Hellems,S. Zekiqi,Y. Anei","A. Bailey,A. Lomax,A. Morina,A. Sinani,E. Clarance",2314,2400,86,4.48,3.76,5.2,68,64,74,69,6,5,1,1,1,1,4,3,0,2,1,0,0,1,2,3,0,1,0,5,5,0,0,0,1,0,0,2,0,0,0,0,0,0,0,0,0,0,0,0,0,0,0,0,0,0,0,0,0,0,0,0,0,0
2815104,2026-02-15,1,Trepça,Rahoveci 029,"A. Vining,K. Hasbrouck,M. Amzil,M. Tmusic,S. Jones","B. Rexha,F. Rugova,J. Mccorrmick,K. Pullian,N. Mcloud",0,312,312,8.81,8.76,8.86,0,0,14,6,14,6,7,4,5,3,4,3,0,4,4,0,0,0,1,9,3,2,0,0,0,2,4,1,0,0,2,4,0,0,0,0,0,0,0,0,0,0,0,0,0,0,0,0,0,0,0,0,0,0,0,0,0,0
2815104,2026-02-15,1,Trepça,Rahoveci 029,"A. Vining,D. Kapiti,K. Hasbrouck,M. Amzil,M. Tmusic","A. Thomas,B. Rexha,F. Rugova,K. Pullian,N. Mcloud",312,339,27,0.55,0.1,1.0,15,6,15,6,0,0,0,0,0,0,0,0,0,1,0,0,0,0,0,1,0,1,0,0,0,0,0,0,0,0,0,1,0,0,0,0,0,0,0,0,0,0,0,0,0,0,0,0,0,0,0,0,0,0,0,0,0,0
2815104,2026-02-15,1,Trepça,Rahoveci 029,"A. Vining,D. Kapiti,K. Hasbrouck,M. Amzil,M. Tmusic","A. Thomas,B. Rexha,F. Rugova,J. Roche,K. Pullian",339,425,86,2.37,2.88,1.86,15,6,19,8,4,2,2,1,1,0,2,2,0,1,1,0,1,0,0,4,1,1,0,0,0,2,1,1,0,0,0,0,0,0,0,0,0,0,0,0,0,0,0,0,0,0,0,0,0,0,0,0,0,0,0,0,0,0
2815104,2026-02-15,1,Trepça,Rahoveci 029,"D. Kapiti,J. Payne,M. Amzil,M. Tmusic,S. Henry","A. Thomas,F. Rugova,J. Roche,K. Pullian,V. Ejupi",425,459,34,0.96,1.0,0.93,19,8,19,8,0,0,0,0,0,0,0,0,0,1,0,0,0,1,1,2,0,0,0,0,0,1,0,0,0,0,0,0,0,0,0,0,0,0,0,0,0,0,0,0,0,0,0,0,0,0,0,0,0,0,0,0,0,0
2815104,2026-02-15,1,Trepça,Rahoveci 029,"D. Hajrizi,D. Kapiti,J. Payne,M. Tmusic,S. Henry","A. Thomas,F. Rugova,J. Roche,K. Pullian,V. Ejupi",459,479,20,1.0,1.0,1.0,19,8,21,8,2,0,1,1,0,0,0,0,0,0,0,0,0,0,0,0,0,0,0,0,0,0,0,0,0,0,1,0,0,0,0,0,0,0,0,0,0,0,0,0,0,0,0,0,0,0,0,0,0,0,0,0,0,0
2815104,2026-02-15,1,Trepça,Rahoveci 029,"B. Tuna,D. Hajrizi,D. Kapiti,J. Payne,S. Henry","A. Thomas,F. Rugova,J. Mccorrmick,J. Roche,V. Ejupi",479,600,121,3.46,2.93,4.0,21,8,28,12,7,4,4,3,2,1,0,0,1,2,2,0,0,0,1,4,2,1,0,0,0,0,0,0,0,0,0,0,0,0,0,0,0,0,0,0,0,0,0,0,0,0,0,0,0,0,0,0,0,0,0,0,0,0
2815104,2026-02-15,2,Trepça,Rahoveci 029,"B. Tuna,D. Hajrizi,D. Kapiti,J. Payne,S. Henry","A. Thomas,J. Mccorrmick,K. Ujkani,N. Mcloud,V. Ejupi",600,653,53,1.0,1.0,1.0,28,12,28,14,0,2,1,0,0,0,0,0,0,0,0,0,0,0,1,1,1,0,0,0,0,0,1,0,0,0,0,0,0,0,0,0,0,0,0,0,0,0,0,0,0,0,0,0,0,0,0,0,0,0,0,0,0,0
2815104,2026-02-15,2,Trepça,Rahoveci 029,"B. Tuna,D. Hajrizi,J. Payne,S. Henry,S. Jones","A. Thomas,J. Mccorrmick,K. Ujkani,N. Mcloud,V. Ejupi",653,715,62,1.94,2.0,1.88,28,14,33,15,5,1,2,2,1,1,0,0,0,1,1,0,0,0,1,1,0,0,0,2,1,0,0,1,0,0,0,0,0,0,0,0,0,0,0,0,0,0,0,0,0,0,0,0,0,0,0,0,0,0,0,0,0,0
2815104,2026-02-15,2,Trepça,Rahoveci 029,"B. Tuna,D. Hajrizi,J. Payne,S. Henry,S. Jones","A. Thomas,B. Rexha,J. Mccorrmick,N. Mcloud,V. Ejupi",715,732,17,0.94,0.88,1.0,33,15,34,15,1,0,0,0,0,0,2,1,0,1,0,0,0,0,0,1,0,0,0,0,0,0,0,0,0,0,0,1,0,0,0,0,0,0,0,0,0,0,0,0,0,0,0,0,0,0,0,0,0,0,0,0,0,0
2815104,2026-02-15,2,Trepça,Rahoveci 029,"B. Tuna,J. Payne,M. Amzil,S. Henry,S. Jones","A. Thomas,B. Rexha,J. Mccorrmick,K. Pullian,V. Ejupi",732,745,13,0.1,0.1,0.1,34,15,34,15,0,0,0,0,0,0,0,0,0,0,0,0,0,0,2,0,0,0,0,0,0,0,0,0,0,0,0,0,0,0,0,0,0,0,0,0,0,0,0,0,0,0,0,0,0,0,0,0,0,0,0,0,0,0
2815104,2026-02-15,2,Trepça,Rahoveci 029,"A. Vining,B. Tuna,M. Amzil,S. Henry,S. Jones","A. Thomas,B. Rexha,J. Mccorrmick,K. Pullian,V. Ejupi",745,801,56,2.4,1.93,2.88,34,15,34,21,0,6,2,0,1,0,0,0,1,0,0,0,0,1,1,2,2,1,1,2,1,0,1,2,1,0,0,0,0,0,0,0,0,0,0,0,0,0,0,0,0,0,0,0,0,0,0,0,0,0,0,0,0,0
2815104,2026-02-15,2,Trepça,Rahoveci 029,"A. Vining,D. Kapiti,K. Hasbrouck,M. Amzil,M. Tmusic","A. Thomas,B. Rexha,J. Mccorrmick,K. Pullian,V. Ejupi",801,990,189,5.37,4.86,5.88,34,21,43,29,9,8,7,4,4,1,0,0,2,3,3,0,0,0,0,5,2,2,2,2,2,0,1,1,0,0,0,2,0,0,0,0,0,0,0,0,0,0,0,0,0,0,0,0,0,0,0,0,0,0,0,0,0,0
2815104,2026-02-15,2,Trepça,Rahoveci 029,"D. Kapiti,J. Payne,K. Hasbrouck,M. Amzil,M. Tmusic","F. Rugova,J. Mccorrmick,J. Roche,K. Pullian,V. Ejupi",990,1176,186,5.37,5.86,4.88,43,29,45,37,2,8,5,1,2,0,0,0,2,1,1,0,0,3,1,4,3,2,1,2,1,0,2,2,0,0,0,1,0,0,0,0,0,0,0,0,0,0,0,0,0,0,0,0,0,0,0,0,0,0,0,0,0,0
2815104,2026-02-15,2,Trepça,Rahoveci 029,"D. Kapiti,J. Payne,K. Hasbrouck,M. Amzil,M. Tmusic","A. Thomas,F. Rugova,J. Mccorrmick,K. Pullian,V. Ejupi",1176,1200,24,0.55,0.1,1.0,45,37,45,37,0,0,0,0,0,0,0,0,0,0,0,0,0,0,0,1,0,1,0,0,0,0,0,0,0,0,0,0,0,0,0,0,0,0,0,0,0,0,0,0,0,0,0,0,0,0,0,0,0,0,0,0,0,0
2815104,2026-02-15,3,Trepça,Rahoveci 029,"A. Vining,D. Hajrizi,K. Hasbrouck,M. Tmusic,S. Jones","B. Rexha,F. Rugova,J. Mccorrmick,K. Pullian,N. Mcloud",1200,1320,120,3.96,4.0,3.93,45,37,47,41,2,4,4,1,2,0,0,0,0,2,0,0,1,0,2,5,2,1,0,0,0,1,3,1,0,0,0,0,0,0,0,0,0,0,0,0,0,0,0,0,0,0,0,0,0,0,0,0,0,0,0,0,0,0
2815104,2026-02-15,3,Trepça,Rahoveci 029,"A. Vining,D. Hajrizi,K. Hasbrouck,S. Henry,S. Jones","B. Rexha,F. Rugova,J. Mccorrmick,K. Pullian,N. Mcloud",1320,1425,105,3.43,2.93,3.93,47,41,49,43,2,2,3,1,1,0,0,0,1,2,0,0,0,1,0,4,1,3,0,0,0,1,1,1,1,0,1,0,0,0,0,0,0,0,0,0,0,0,0,0,0,0,0,0,0,0,0,0,0,0,0,0,0,0
2815104,2026-02-15,3,Trepça,Rahoveci 029,"A. Vining,D. Hajrizi,J. Payne,S. Henry,S. Jones","B. Rexha,F. Rugova,J. Mccorrmick,K. Pullian,N. Mcloud",1425,1555,130,3.87,3.93,3.81,49,43,54,47,5,4,4,2,2,1,0,0,1,2,1,0,0,1,1,4,1,1,0,2,2,1,1,0,1,0,0,2,0,0,0,0,0,0,0,0,0,0,0,0,0,0,0,0,0,0,0,0,0,0,0,0,0,0
2815104,2026-02-15,3,Trepça,Rahoveci 029,"D. Hajrizi,J. Payne,M. Tmusic,S. Henry,S. Jones","B. Rexha,F. Rugova,J. Mccorrmick,K. Pullian,N. Mcloud",1555,1604,49,1.43,1.86,1.0,54,47,56,47,2,0,4,1,1,0,0,0,2,1,0,0,0,0,0,1,0,0,0,0,0,0,1,0,0,1,0,0,0,0,0,0,0,0,0,0,0,0,0,0,0,0,0,0,0,0,0,0,0,0,0,0,0,0
2815104,2026-02-15,3,Trepça,Rahoveci 029,"D. Hajrizi,J. Payne,M. Amzil,M. Tmusic,S. Henry","F. Rugova,J. Mccorrmick,J. Roche,K. Pullian,V. Ejupi",1604,1665,61,1.46,1.0,1.93,56,47,56,50,0,3,1,0,1,0,0,0,0,1,0,0,0,0,0,3,1,1,1,0,0,1,1,1,0,0,0,1,0,0,0,0,0,0,0,0,0,0,0,0,0,0,0,0,0,0,0,0,0,0,0,0,0,0
2815104,2026-02-15,3,Trepça,Rahoveci 029,"D. Kapiti,J. Payne,M. Amzil,M. Tmusic,S. Henry","F. Rugova,J. Mccorrmick,J. Roche,K. Pullian,V. Ejupi",1665,1768,103,2.94,3.0,2.88,56,50,64,54,8,4,3,3,2,2,0,0,0,0,3,1,0,0,1,1,1,1,1,2,1,0,0,1,0,0,1,1,0,0,0,0,0,0,0,0,0,0,0,0,0,0,0,0,0,0,0,0,0,0,0,0,0,0
2815104,2026-02-15,3,Trepça,Rahoveci 029,"D. Kapiti,J. Payne,M. Amzil,M. Tmusic,S. Henry","J. Mccorrmick,J. Roche,K. Pullian,K. Ujkani,V. Ejupi",1768,1800,32,0.52,0.93,0.1,64,54,66,54,2,0,2,1,1,0,0,0,1,0,0,0,0,0,0,1,0,1,0,0,0,1,0,0,0,0,0,0,0,0,0,0,0,0,0,0,0,0,0,0,0,0,0,0,0,0,0,0,0,0,0,0,0,0
2815104,2026-02-15,4,Trepça,Rahoveci 029,"D. Kapiti,J. Payne,M. Amzil,M. Tmusic,S. Henry","J. Mccorrmick,K. Pullian,K. Ujkani,N. Mcloud,V. Ejupi",1800,1993,193,5.23,5.6,4.86,66,54,70,60,4,6,8,1,6,0,2,2,4,2,0,1,0,1,0,6,2,3,2,0,0,2,3,1,1,0,1,2,0,0,0,0,0,0,0,0,0,0,0,0,0,0,0,0,0,0,0,0,0,0,0,0,0,0
2815104,2026-02-15,4,Trepça,Rahoveci 029,"B. Tuna,D. Hajrizi,J. Payne,K. Hasbrouck,S. Jones","J. Mccorrmick,J. Roche,K. Pullian,K. Ujkani,V. Ejupi",1993,2036,43,0.55,0.1,1.0,70,60,70,63,0,3,1,0,1,0,0,0,1,0,0,0,0,0,0,1,1,1,1,0,0,0,0,1,0,0,0,1,0,0,0,0,0,0,0,0,0,0,0,0,0,0,0,0,0,0,0,0,0,0,0,0,0,0
2815104,2026-02-15,4,Trepça,Rahoveci 029,"A. Vining,B. Tuna,D. Hajrizi,K. Hasbrouck,S. Jones","J. Mccorrmick,J. Roche,K. Pullian,K. Ujkani,V. Ejupi",2036,2278,242,6.55,7.18,5.93,70,63,81,70,11,7,7,4,0,0,3,3,2,3,2,0,3,1,1,7,3,2,1,0,0,1,1,1,0,0,0,2,0,0,0,0,0,0,0,0,0,0,0,0,0,0,0,0,0,0,0,0,0,0,0,0,0,0
2815104,2026-02-15,4,Trepça,Rahoveci 029,"A. Vining,B. Tuna,D. Hajrizi,K. Hasbrouck,S. Jones","F. Rugova,J. Mccorrmick,K. Pullian,K. Ujkani,V. Ejupi",2278,2295,17,0.1,0.1,0.1,81,70,81,70,0,0,0,0,0,0,0,0,0,0,0,0,0,0,2,0,0,0,0,0,0,0,0,0,0,0,0,0,0,0,0,0,0,0,0,0,0,0,0,0,0,0,0,0,0,0,0,0,0,0,0,0,0,0
2815104,2026-02-15,4,Trepça,Rahoveci 029,"A. Vining,B. Tuna,D. Hajrizi,K. Hasbrouck,S. Jones","B. Rexha,F. Rugova,J. Mccorrmick,K. Pullian,K. Ujkani",2295,2398,103,3.84,3.44,4.25,81,70,86,77,5,7,2,2,0,0,1,1,0,0,0,0,0,1,1,3,2,2,1,3,2,2,0,1,1,0,1,1,0,0,0,0,0,0,0,0,0,0,0,0,0,0,0,0,0,0,0,0,0,0,0,0,0,0
2815102,2026-02-14,1,Golden Eagle Ylli,Bora,"A. Scott,E. Kastrati,G. Morina,J. Gray,T. Smith","A. Hot,A. Hunter,L. Thomas,R. Ukaj,S. Jules",0,213,213,5.86,5.72,6.0,0,0,4,6,4,6,9,2,2,0,0,0,4,1,1,1,0,1,0,4,3,1,0,0,0,0,3,2,0,0,2,2,0,0,0,0,0,0,0,0,0,0,0,0,0,0,0,0,0,0,0,0,0,0,0,0,0,0
2815102,2026-02-14,1,Golden Eagle Ylli,Bora,"A. Scott,E. Kastrati,G. Morina,J. Gray,T. Smith","A. Hot,A. Hunter,L. Thomas,R. Memedi,S. Jules",213,293,80,2.5,3.0,2.0,4,6,4,11,0,5,1,0,0,0,0,0,0,0,0,0,0,2,0,2,2,1,1,0,0,0,1,2,1,1,0,0,0,0,0,0,0,0,0,0,0,0,0,0,0,0,0,0,0,0,0,0,0,0,0,0,0,0
2815102,2026-02-14,1,Golden Eagle Ylli,Bora,"A. Scott,D. Conger,G. Morina,S. Bamforth,T. Smith","A. Hot,A. Hunter,L. Thomas,R. Memedi,S. Jules",293,323,30,1.0,1.0,1.0,4,11,4,13,0,2,1,0,1,0,0,0,0,0,0,0,0,0,0,1,1,0,0,0,0,0,1,0,0,0,0,0,0,0,0,0,0,0,0,0,0,0,0,0,0,0,0,0,0,0,0,0,0,0,0,0,0,0
2815102,2026-02-14,1,Golden Eagle Ylli,Bora,"A. Scott,D. Conger,G. Morina,S. Bamforth,T. Smith","A. Hot,A. Hunter,J. Zeqiri,L. Thomas,R. Memedi",323,440,117,2.96,2.93,3.0,4,13,9,18,5,5,4,2,3,1,0,0,1,1,1,0,0,0,0,3,2,2,1,0,0,0,1,0,0,0,0,0,0,0,0,0,0,0,0,0,0,0,0,0,0,0,0,0,0,0,0,0,0,0,0,0,0,0
2815102,2026-02-14,1,Golden Eagle Ylli,Bora,"A. Scott,D. Conger,G. Morina,S. Bamforth,T. Smith","A. Hot,J. Zeqiri,R. Memedi,S. Jules,T. Cheese",440,466,26,0.55,0.1,1.0,9,18,9,20,0,2,0,0,0,0,0,0,0,0,0,0,0,0,0,1,1,0,0,0,0,0,0,0,0,0,0,1,0,0,0,0,0,0,0,0,0,0,0,0,0,0,0,0,0,0,0,0,0,0,0,0,0,0
2815102,2026-02-14,1,Golden Eagle Ylli,Bora,"A. Scott,D. Conger,D. Thomas,L. Shoshi,S. Bamforth","G. Zeqiri,J. Zeqiri,R. Memedi,S. Jules,T. Cheese",466,555,89,2.5,3.0,2.0,9,20,12,23,3,3,2,1,1,1,0,0,0,1,1,0,0,1,1,2,1,1,1,0,0,0,1,1,1,0,0,0,0,0,0,0,0,0,0,0,0,0,0,0,0,0,0,0,0,0,0,0,0,0,0,0,0,0
2815102,2026-02-14,1,Golden Eagle Ylli,Bora,"A. Scott,D. Conger,D. Thomas,L. Shoshi,S. Bamforth","A. Hunter,G. Zeqiri,J. Zeqiri,S. Jules,T. Cheese",555,591,36,0.55,0.1,1.0,12,23,12,23,0,0,0,0,0,0,0,0,0,1,0,0,0,0,1,1,0,0,0,0,0,0,0,0,0,0,0,1,0,0,0,0,0,0,0,0,0,0,0,0,0,0,0,0,0,0,0,0,0,0,0,0,0,0
2815102,2026-02-14,1,Golden Eagle Ylli,Bora,"A. Scott,D. Conger,J. Gray,L. Shoshi,S. Bamforth","A. Hunter,G. Zeqiri,R. Ukaj,S. Jules,T. Cheese",591,600,9,0.55,1.0,0.1,12,23,15,23,3,0,1,1,1,1,0,0,0,0,1,0,0,0,0,0,0,0,0,0,0,0,0,0,0,0,0,0,0,0,0,0,0,0,0,0,0,0,0,0,0,0,0,0,0,0,0,0,0,0,0,0,0,0
2815102,2026-02-14,2,Golden Eagle Ylli,Bora,"A. Scott,D. Conger,D. Thomas,L. Shoshi,S. Bamforth","A. Hot,A. Hunter,J. Zeqiri,S. Jules,T. Cheese",600,642,42,1.5,1.0,2.0,15,23,18,23,3,0,1,1,1,1,0,0,0,0,1,0,0,0,0,0,0,0,0,0,0,0,0,0,0,0,2,0,0,0,0,0,0,0,0,0,0,0,0,0,0,0,0,0,0,0,0,0,0,0,0,0,0,0
2815102,2026-02-14,2,Golden Eagle Ylli,Bora,"A. Scott,D. Conger,D. Thomas,L. Shoshi,S. Bamforth","A. Hot,A. Hunter,J. Zeqiri,R. Memedi,S. Jules",642,679,37,1.0,1.0,1.0,18,23,20,23,2,0,1,1,0,0,0,0,0,0,1,1,0,0,0,0,0,0,0,0,0,0,0,0,0,0,1,1,0,0,0,0,0,0,0,0,0,0,0,0,0,0,0,0,0,0,0,0,0,0,0,0,0,0
2815102,2026-02-14,2,Golden Eagle Ylli,Bora,"A. Scott,D. Conger,D. Thomas,L. Shoshi,S. Bamforth","A. Hot,A. Hunter,J. Zeqiri,L. Thomas,R. Memedi",679,729,50,1.46,1.93,1.0,20,23,23,23,3,0,2,1,2,1,0,0,1,0,1,1,0,1,1,0,0,0,0,0,0,0,0,0,1,0,1,2,0,0,0,0,0,0,0,0,0,0,0,0,0,0,0,0,0,0,0,0,0,0,0,0,0,0
2815102,2026-02-14,2,Golden Eagle Ylli,Bora,"A. Scott,D. Conger,D. Thomas,L. Shoshi,S. Bamforth","A. Hot,A. Hunter,L. Thomas,R. Memedi,S. Jules",729,776,47,1.5,1.0,2.0,23,23,23,25,0,2,1,0,1,0,0,0,0,1,0,0,0,0,1,2,1,1,0,0,0,0,1,1,0,0,0,0,0,0,0,0,0,0,0,0,0,0,0,0,0,0,0,0,0,0,0,0,0,0,0,0,0,0
2815102,2026-02-14,2,Golden Eagle Ylli,Bora,"A. Scott,E. Kastrati,G. Morina,L. Shoshi,S. Bamforth","A. Hot,A. Hunter,L. Thomas,R. Memedi,S. Jules",776,826,50,1.19,0.93,1.44,23,25,23,28,0,3,2,0,2,0,0,0,1,0,0,0,0,0,0,1,1,0,0,1,1,0,1,0,0,0,0,1,0,0,0,0,0,0,0,0,0,0,0,0,0,0,0,0,0,0,0,0,0,0,0,0,0,0
2815102,2026-02-14,2,Golden Eagle Ylli,Bora,"E. Kastrati,G. Morina,J. Gray,S. Bamforth,T. Smith","A. Hot,A. Hunter,L. Thomas,R. Memedi,S. Jules",826,830,4,0.55,1.0,0.1,23,28,23,28,0,0,0,0,0,0,0,0,0,0,0,0,0,1,0,0,0,0,0,0,0,0,0,0,0,0,0,0,0,0,0,0,0,0,0,0,0,0,0,0,0,0,0,0,0,0,0,0,0,0,0,0,0,0
2815102,2026-02-14,2,Golden Eagle Ylli,Bora,"E. Kastrati,G. Morina,J. Gray,S. Bamforth,T. Smith","A. Hot,A. Hunter,G. Zeqiri,L. Thomas,S. Jules",830,937,107,2.87,2.81,2.93,23,28,27,33,4,5,3,1,1,0,2,2,1,0,1,1,0,0,1,3,2,2,1,0,0,1,1,0,0,1,1,1,0,0,0,0,0,0,0,0,0,0,0,0,0,0,0,0,0,0,0,0,0,0,0,0,0,0
2815102,2026-02-14,2,Golden Eagle Ylli,Bora,"E. Kastrati,G. Morina,J. Gray,S. Bamforth,T. Smith","A. Hunter,G. Zeqiri,L. Thomas,R. Ukaj,S. Jules",937,957,20,0.55,0.1,1.0,27,33,27,33,0,0,1,0,1,0,0,0,1,1,0,0,0,0,0,1,0,1,0,0,0,0,0,0,0,0,0,1,0,0,0,0,0,0,0,0,0,0,0,0,0,0,0,0,0,0,0,0,0,0,0,0,0,0
2815102,2026-02-14,2,Golden Eagle Ylli,Bora,"E. Kastrati,G. Morina,J. Gray,S. Bamforth,T. Smith","A. Hunter,L. Thomas,R. Memedi,R. Ukaj,S. Jules",957,987,30,0.9,0.81,1.0,27,33,29,36,2,3,1,0,1,0,2,2,1,0,0,0,0,0,0,1,1,1,1,0,0,0,0,1,0,0,0,0,0,0,0,0,0,0,0,0,0,0,0,0,0,0,0,0,0,0,0,0,0,0,0,0,0,0
2815102,2026-02-14,2,Golden Eagle Ylli,Bora,"A. Scott,D. Conger,G. Morina,S. Bamforth,T. Smith","A. Hunter,L. Thomas,R. Memedi,R. Ukaj,S. Jules",987,995,8,0.1,0.1,0.1,29,36,29,36,0,0,1,0,0,0,0,0,1,0,0,0,0,0,0,0,0,0,0,0,0,0,0,0,0,0,0,1,0,0,0,0,0,0,0,0,0,0,0,0,0,0,0,0,0,0,0,0,0,0,0,0,0,0
2815102,2026-02-14,2,Golden Eagle Ylli,Bora,"A. Scott,D. Conger,G. Morina,S. Bamforth,T. Smith","A. Hot,A. Hunter,L. Thomas,R. Memedi,S. Jules",995,1102,107,3.4,3.81,3.0,29,36,33,40,4,4,4,1,1,0,2,2,1,1,0,0,0,0,1,3,2,0,0,0,0,0,2,2,0,1,0,0,0,0,0,0,0,0,0,0,0,0,0,0,0,0,0,0,0,0,0,0,0,0,0,0,0,0
2815102,2026-02-14,2,Golden Eagle Ylli,Bora,"A. Scott,D. Conger,G. Morina,L. Shoshi,S. Bamforth","A. Hunter,G. Zeqiri,L. Thomas,R. Memedi,S. Jules",1102,1166,64,1.5,2.0,1.0,33,42,33,44,0,2,1,0,0,0,0,0,0,0,0,0,0,1,1,1,1,0,0,0,0,0,1,0,1,0,0,0,0,0,0,0,0,0,0,0,0,0,0,0,0,0,0,0,0,0,0,0,0,0,0,0,0,0
2815102,2026-02-14,2,Golden Eagle Ylli,Bora,"A. Scott,D. Conger,D. Thomas,L. Shoshi,S. Bamforth","A. Hunter,G. Zeqiri,L. Thomas,R. Memedi,S. Jules",1166,1181,15,0.94,1.0,0.88,33,44,35,44,2,0,1,1,0,0,0,0,0,1,1,0,0,0,0,0,0,0,0,2,0,0,0,0,0,0,0,0,0,0,0,0,0,0,0,0,0,0,0,0,0,0,0,0,0,0,0,0,0,0,0,0,0,0
2815102,2026-02-14,2,Golden Eagle Ylli,Bora,"A. Çallakaj,D. Conger,E. Kastrati,J. Gray,L. Shoshi","A. Hot,A. Hunter,R. Memedi,S. Jules,T. Cheese",1181,1200,19,0.55,0.1,1.0,35,44,35,46,0,2,0,0,0,0,0,0,0,0,0,0,0,0,0,1,1,0,0,0,0,0,0,0,0,0,0,0,0,0,0,0,0,0,0,0,0,0,0,0,0,0,0,0,0,0,0,0,0,0,0,0,0,0
2815102,2026-02-14,3,Golden Eagle Ylli,Bora,"A. Scott,D. Conger,G. Morina,S. Bamforth,T. Smith","A. Hot,A. Hunter,L. Thomas,R. Memedi,S. Jules",1200,1430,230,6.4,5.81,7.0,35,46,41,50,6,4,6,2,3,0,2,2,1,3,2,1,0,0,1,5,2,1,0,0,0,0,3,1,0,0,2,3,0,0,0,0,0,0,0,0,0,0,0,0,0,0,0,0,0,0,0,0,0,0,0,0,0,0
2815102,2026-02-14,3,Golden Eagle Ylli,Bora,"A. Scott,D. Conger,G. Morina,S. Bamforth,T. Smith","A. Hot,A. Hunter,J. Zeqiri,L. Thomas,T. Cheese",1430,1454,24,1.0,1.0,1.0,41,50,44,50,3,0,1,1,1,1,0,0,0,1,1,0,0,0,1,1,0,1,0,0,0,0,0,0,0,0,0,0,0,0,0,0,0,0,0,0,0,0,0,0,0,0,0,0,0,0,0,0,0,0,0,0,0,0
2815102,2026-02-14,3,Golden Eagle Ylli,Bora,"A. Scott,D. Conger,G. Morina,S. Bamforth,T. Smith","A. Hunter,J. Zeqiri,R. Ukaj,S. Jules,T. Cheese",1454,1546,92,3.0,3.0,3.0,44,50,44,54,0,4,3,0,1,0,0,0,0,1,0,0,0,0,0,3,2,1,0,0,0,0,3,2,0,0,0,1,0,0,0,0,0,0,0,0,0,0,0,0,0,0,0,0,0,0,0,0,0,0,0,0,0,0
2815102,2026-02-14,3,Golden Eagle Ylli,Bora,"A. Scott,D. Thomas,E. Kastrati,S. Bamforth,T. Smith","A. Hunter,J. Zeqiri,R. Ukaj,S. Jules,T. Cheese",1546,1622,76,1.83,1.67,2.0,44,54,45,59,1,5,3,0,1,0,2,1,3,0,0,0,0,1,0,2,2,1,1,0,0,0,0,2,1,1,0,2,0,0,0,0,0,0,0,0,0,0,0,0,0,0,0,0,0,0,0,0,0,0,0,0,0,0
2815102,2026-02-14,3,Golden Eagle Ylli,Bora,"A. Scott,D. Thomas,E. Kastrati,L. Shoshi,S. Bamforth","A. Hunter,J. Zeqiri,R. Ukaj,S. Jules,T. Cheese",1622,1635,13,0.94,0.88,1.0,45,59,46,59,1,0,0,0,0,0,2,1,0,0,0,0,0,0,0,0,0,0,0,0,0,0,1,0,0,0,1,0,0,0,0,0,0,0,0,0,0,0,0,0,0,0,0,0,0,0,0,0,0,0,0,0,0,0
2815102,2026-02-14,3,Golden Eagle Ylli,Bora,"D. Thomas,E. Kastrati,J. Gray,L. Shoshi,S. Bamforth","A. Hunter,J. Zeqiri,R. Ukaj,S. Jules,T. Cheese",1635,1747,112,2.46,2.93,2.0,46,59,48,59,2,0,3,1,0,0,0,0,1,0,1,2,0,1,1,0,0,0,0,0,0,0,1,0,0,1,2,0,0,0,0,0,0,0,0,0,0,0,0,0,0,0,0,0,0,0,0,0,0,0,0,0,0,0
2815102,2026-02-14,3,Golden Eagle Ylli,Bora,"D. Thomas,E. Kastrati,J. Gray,L. Shoshi,S. Bamforth","A. Hot,J. Zeqiri,R. Memedi,R. Ukaj,T. Cheese",1747,1780,33,1.44,1.0,1.88,48,59,48,61,0,2,1,0,1,0,0,0,0,1,0,0,0,0,2,1,0,0,0,2,2,0,1,0,0,0,0,0,0,0,0,0,0,0,0,0,0,0,0,0,0,0,0,0,0,0,0,0,0,0,0,0,0,0
2815102,2026-02-14,3,Golden Eagle Ylli,Bora,"D. Thomas,E. Kastrati,J. Gray,L. Shoshi,S. Bamforth","A. Hunter,J. Zeqiri,R. Memedi,R. Ukaj,T. Cheese",1780,1800,20,0.55,1.0,0.1,48,61,48,61,0,0,1,0,1,0,0,0,0,0,0,0,0,0,0,0,0,0,0,0,0,0,0,0,0,0,0,0,0,0,0,0,0,0,0,0,0,0,0,0,0,0,0,0,0,0,0,0,0,0,0,0,0,0
2815102,2026-02-14,4,Golden Eagle Ylli,Bora,"D. Thomas,E. Kastrati,J. Gray,L. Shoshi,S. Bamforth","A. Hot,A. Hunter,J. Zeqiri,R. Ukaj,T. Cheese",1800,1855,55,1.5,2.0,1.0,48,61,51,63,3,2,2,1,1,1,0,0,0,0,1,0,0,0,1,1,1,0,0,0,0,0,1,1,0,0,0,1,0,0,0,0,0,0,0,0,0,0,0,0,0,0,0,0,0,0,0,0,0,0,0,0,0,0
2815102,2026-02-14,4,Golden Eagle Ylli,Bora,"D. Thomas,E. Kastrati,J. Gray,L. Shoshi,S. Bamforth","A. Hot,A. Hunter,J. Zeqiri,S. Jules,T. Cheese",1855,1921,66,2.0,2.0,2.0,51,63,56,63,5,0,2,2,1,1,0,0,0,1,1,1,0,0,1,1,0,1,0,0,0,0,0,0,0,0,1,0,0,0,0,0,0,0,0,0,0,0,0,0,0,0,0,0,0,0,0,0,0,0,0,0,0,0
2815102,2026-02-14,4,Golden Eagle Ylli,Bora,"D. Thomas,E. Kastrati,J. Gray,L. Shoshi,S. Bamforth","A. Hot,A. Hunter,J. Zeqiri,L. Thomas,T. Cheese",1921,1930,9,0.55,0.1,1.0,56,63,56,63,0,0,0,0,0,0,0,0,0,0,0,0,0,0,0,0,0,0,0,0,0,0,0,0,0,0,1,0,0,0,0,0,0,0,0,0,0,0,0,0,0,0,0,0,0,0,0,0,0,0,0,0,0,0
2815102,2026-02-14,4,Golden Eagle Ylli,Bora,"D. Thomas,E. Kastrati,J. Gray,L. Shoshi,S. Bamforth","A. Hot,A. Hunter,L. Thomas,R. Ukaj,T. Cheese",1930,2001,71,1.0,1.0,1.0,56,63,56,63,0,0,1,0,1,0,0,0,0,1,0,0,0,0,0,1,0,1,0,0,0,0,1,0,0,0,0,1,0,0,0,0,0,0,0,0,0,0,0,0,0,0,0,0,0,0,0,0,0,0,0,0,0,0
2815102,2026-02-14,4,Golden Eagle Ylli,Bora,"D. Thomas,E. Kastrati,J. Gray,L. Shoshi,S. Bamforth","A. Hunter,L. Thomas,R. Memedi,R. Ukaj,T. Cheese",2001,2047,46,1.0,1.0,1.0,56,63,59,65,3,2,1,1,1,1,0,0,0,0,1,0,0,0,0,1,1,0,0,0,0,0,0,0,0,0,0,1,0,0,0,0,0,0,0,0,0,0,0,0,0,0,0,0,0,0,0,0,0,0,0,0,0,0
2815102,2026-02-14,4,Golden Eagle Ylli,Bora,"D. Thomas,E. Kastrati,J. Gray,S. Bamforth,T. Smith","A. Hunter,L. Thomas,R. Memedi,R. Ukaj,T. Cheese",2047,2062,15,0.45,0.81,0.1,59,65,60,65,1,0,1,0,1,0,2,1,2,0,1,0,0,0,0,0,0,0,0,0,0,0,0,0,0,0,0,2,0,0,0,0,0,0,0,0,0,0,0,0,0,0,0,0,0,0,0,0,0,0,0,0,0,0
2815102,2026-02-14,4,Golden Eagle Ylli,Bora,"D. Thomas,E. Kastrati,J. Gray,S. Bamforth,T. Smith","A. Hot,A. Hunter,L. Thomas,R. Memedi,S. Jules",2062,2147,85,2.32,2.76,1.88,60,65,66,66,6,1,1,1,0,0,4,4,0,1,1,0,0,0,1,1,0,1,0,2,1,0,0,1,0,0,0,1,0,0,0,0,0,0,0,0,0,0,0,0,0,0,0,0,0,0,0,0,0,0,0,0,0,0
2815102,2026-02-14,4,Golden Eagle Ylli,Bora,"D. Thomas,E. Kastrati,J. Gray,S. Bamforth,T. Smith","A. Hot,A. Hunter,J. Zeqiri,R. Memedi,S. Jules",2147,2266,119,2.46,2.0,2.93,66,66,69,70,3,4,2,1,1,1,0,0,0,1,1,0,0,0,1,4,2,2,0,0,0,1,1,1,0,0,0,0,0,0,0,0,0,0,0,0,0,0,0,0,0,0,0,0,0,0,0,0,0,0,0,0,0,0
2815102,2026-02-14,4,Golden Eagle Ylli,Bora,"D. Thomas,E. Kastrati,J. Gray,S. Bamforth,T. Smith","A. Hunter,J. Zeqiri,R. Memedi,S. Jules,T. Cheese",2266,2332,66,1.94,2.0,1.88,69,70,69,72,0,2,2,0,1,0,0,0,0,1,0,0,0,0,1,1,0,0,0,2,2,0,2,0,0,0,0,0,0,0,0,0,0,0,0,0,0,0,0,0,0,0,0,0,0,0,0,0,0,0,0,0,0,0
2815102,2026-02-14,4,Golden Eagle Ylli,Bora,"A. Scott,D. Thomas,E. Kastrati,S. Bamforth,T. Smith","A. Hunter,J. Zeqiri,R. Memedi,S. Jules,T. Cheese",2332,2400,68,2.46,2.93,2.0,69,72,69,74,0,2,4,0,3,0,0,0,1,1,0,0,0,0,0,2,1,1,0,0,0,0,3,1,0,2,0,0,0,0,0,0,0,0,0,0,0,0,0,0,0,0,0,0,0,0,0,0,0,0,0,0,0,0
2817666,2026-02-21,1,Bora,Bashkimi,"A. Hot,A. Hunter,L. Thomas,R. Memedi,S. Jules","I. Nwamu,K. Wooten,L. Zeqiri,S. Shorter,V. Bunjaku",0,190,190,5.5,6.0,5.0,0,0,10,2,10,2,5,4,3,2,0,0,0,4,2,0,1,1,2,5,1,2,0,0,0,0,1,1,1,0,0,0,0,0,0,0,0,0,0,0,0,0,0,0,0,0,0,0,0,0,0,0,0,0,0,0,0,0
2817666,2026-02-21,1,Bora,Bashkimi,"A. Hot,A. Hunter,L. Thomas,R. Memedi,S. Jules","D. Lake,I. Nwamu,L. Zeqiri,S. Shorter,V. Bunjaku",190,285,95,2.46,2.0,2.93,10,2,10,4,0,2,2,0,1,0,0,0,0,2,0,0,0,0,2,4,1,1,0,0,0,1,2,0,0,0,0,1,0,0,0,0,0,0,0,0,0,0,0,0,0,0,0,0,0,0,0,0,0,0,0,0,0,0
2817666,2026-02-21,1,Bora,Bashkimi,"A. Hot,A. Hunter,J. Zeqiri,L. Thomas,R. Ukaj","D. Lake,I. Nwamu,L. Zeqiri,S. Shorter,V. Bunjaku",285,297,12,0.55,1.0,0.1,10,4,10,4,0,0,0,0,0,0,0,0,0,0,0,0,0,1,0,0,0,0,0,0,0,0,0,0,0,0,0,0,0,0,0,0,0,0,0,0,0,0,0,0,0,0,0,0,0,0,0,0,0,0,0,0,0,0
2817666,2026-02-21,1,Bora,Bashkimi,"A. Hunter,J. Zeqiri,L. Thomas,R. Ukaj,T. Cheese","D. Lake,I. Nwamu,L. Zeqiri,S. Shorter,V. Bunjaku",297,416,119,3.46,2.93,4.0,10,4,13,13,3,9,3,1,3,1,0,0,1,1,1,0,1,1,0,4,3,3,3,0,0,0,1,1,0,0,0,0,0,0,0,0,0,0,0,0,0,0,0,0,0,0,0,0,0,0,0,0,0,0,0,0,0,0
2817666,2026-02-21,1,Bora,Bashkimi,"A. Hot,A. Hunter,J. Zeqiri,S. Jules,T. Cheese","D. Lake,I. Nwamu,L. Zeqiri,S. Shorter,V. Bunjaku",416,465,49,0.96,0.93,1.0,13,13,13,13,0,0,2,0,0,0,0,0,1,1,0,0,0,0,0,1,0,0,0,0,0,0,1,0,0,1,0,0,0,0,0,0,0,0,0,0,0,0,0,0,0,0,0,0,0,0,0,0,0,0,0,0,0,0
2817666,2026-02-21,1,Bora,Bashkimi,"A. Hot,A. Hunter,J. Zeqiri,S. Jules,T. Cheese","D. Lake,K. Anderson,L. Zeqiri,S. Shorter,V. Bunjaku",465,489,24,0.55,1.0,0.1,13,13,13,13,0,0,1,0,0,0,0,0,0,0,0,0,0,0,0,0,0,0,0,0,0,0,1,0,0,0,0,0,0,0,0,0,0,0,0,0,0,0,0,0,0,0,0,0,0,0,0,0,0,0,0,0,0,0
2817666,2026-02-21,1,Bora,Bashkimi,"A. Hot,A. Hunter,J. Zeqiri,S. Jules,T. Cheese","D. Lake,K. Anderson,M. Janjeva,S. Shorter,V. Bunjaku",489,535,46,1.5,1.0,2.0,13,13,16,13,3,0,1,1,1,1,0,0,0,2,1,0,0,0,0,2,0,1,0,0,0,0,0,0,0,0,0,1,0,0,0,0,0,0,0,0,0,0,0,0,0,0,0,0,0,0,0,0,0,0,0,0,0,0
2817666,2026-02-21,1,Bora,Bashkimi,"A. Hot,A. Hunter,J. Zeqiri,S. Jules,T. Cheese","D. Lake,K. Anderson,M. Armstead,M. Janjeva,S. Shorter",535,625,90,2.09,1.86,2.32,16,13,20,14,4,1,4,2,2,0,0,0,2,2,1,0,1,0,1,1,0,0,0,3,1,0,0,0,0,0,0,1,0,0,0,0,0,0,0,0,0,0,0,0,0,0,0,0,0,0,0,0,0,0,0,0,0,0
2817666,2026-02-21,2,Bora,Bashkimi,"A. Hot,A. Hunter,J. Zeqiri,S. Jules,T. Cheese","D. Lake,K. Anderson,L. Zeqiri,M. Armstead,S. Shorter",625,676,51,1.4,1.81,1.0,20,14,21,14,1,0,2,0,2,0,2,1,1,1,1,0,0,0,0,1,0,1,0,0,0,0,1,0,0,0,0,1,0,0,0,0,0,0,0,0,0,0,0,0,0,0,0,0,0,0,0,0,0,0,0,0,0,0
2817666,2026-02-21,2,Bora,Bashkimi,"A. Hot,A. Hunter,J. Zeqiri,S. Jules,T. Cheese","D. Lake,I. Nwamu,K. Anderson,L. Zeqiri,M. Armstead",676,755,79,2.0,2.0,2.0,21,14,21,17,0,3,1,0,1,0,0,0,0,1,0,0,0,1,0,2,1,2,1,0,0,0,1,1,0,0,0,0,0,0,0,0,0,0,0,0,0,0,0,0,0,0,0,0,0,0,0,0,0,0,0,0,0,0
2817666,2026-02-21,2,Bora,Bashkimi,"A. Hot,A. Hunter,J. Zeqiri,L. Thomas,S. Jules","D. Lake,I. Nwamu,K. Anderson,L. Zeqiri,M. Armstead",755,812,57,2.0,2.0,2.0,21,17,23,19,2,2,1,1,0,0,0,0,0,0,1,1,0,1,1,1,1,0,0,0,0,0,0,0,1,0,1,0,0,0,0,0,0,0,0,0,0,0,0,0,0,0,0,0,0,0,0,0,0,0,0,0,0,0
2817666,2026-02-21,2,Bora,Bashkimi,"A. Hot,A. Hunter,L. Thomas,R. Memedi,S. Jules","D. Lake,I. Nwamu,K. Anderson,L. Zeqiri,M. Armstead",812,818,6,0.1,0.1,0.1,23,19,23,19,0,0,0,0,0,0,0,0,0,0,0,0,0,0,1,0,0,0,0,0,0,0,0,0,0,0,0,0,0,0,0,0,0,0,0,0,0,0,0,0,0,0,0,0,0,0,0,0,0,0,0,0,0,0
2817666,2026-02-21,2,Bora,Bashkimi,"A. Hot,A. Hunter,L. Thomas,R. Memedi,S. Jules","I. Nwamu,K. Anderson,K. Wooten,L. Zeqiri,M. Armstead",818,922,104,2.94,3.0,2.88,23,19,26,23,3,4,3,1,2,1,0,0,0,1,1,0,0,0,2,2,1,1,0,2,2,0,2,1,0,1,0,0,0,0,0,0,0,0,0,0,0,0,0,0,0,0,0,0,0,0,0,0,0,0,0,0,0,0
2817666,2026-02-21,2,Bora,Bashkimi,"A. Hot,J. Zeqiri,R. Memedi,S. Jules,T. Cheese","I. Nwamu,K. Wooten,L. Zeqiri,S. Shorter,V. Bunjaku",922,1025,103,4.0,3.0,5.0,26,23,31,25,5,2,3,2,1,1,0,0,0,2,2,0,0,0,0,3,1,0,0,0,0,0,1,1,0,0,2,2,0,0,0,0,0,0,0,0,0,0,0,0,0,0,0,0,0,0,0,0,0,0,0,0,0,0
2817666,2026-02-21,2,Bora,Bashkimi,"A. Hunter,J. Zeqiri,R. Memedi,S. Jules,T. Cheese","I. Nwamu,K. Anderson,K. Wooten,L. Zeqiri,V. Bunjaku",1025,1066,41,1.46,1.93,1.0,31,25,35,25,4,0,3,2,1,0,0,0,1,1,1,0,0,0,0,1,0,0,0,0,0,0,0,0,0,0,0,0,0,0,0,0,0,0,0,0,0,0,0,0,0,0,0,0,0,0,0,0,0,0,0,0,0,0
2817666,2026-02-21,2,Bora,Bashkimi,"A. Hunter,J. Zeqiri,R. Memedi,S. Jules,T. Cheese","D. Lake,I. Nwamu,K. Anderson,L. Zeqiri,V. Bunjaku",1066,1110,44,1.38,0.88,1.88,35,25,37,27,2,2,0,0,0,0,2,2,0,1,0,0,0,0,1,1,0,1,0,2,2,0,0,0,0,0,0,1,0,0,0,0,0,0,0,0,0,0,0,0,0,0,0,0,0,0,0,0,0,0,0,0,0,0
2817666,2026-02-21,2,Bora,Bashkimi,"A. Hunter,J. Zeqiri,R. Memedi,S. Jules,T. Cheese","D. Lake,I. Nwamu,K. Anderson,M. Janjeva,V. Bunjaku",1110,1164,54,1.5,2.0,1.0,37,27,42,27,5,0,2,2,1,1,0,0,0,0,1,1,0,0,0,0,0,0,0,0,0,0,0,0,0,0,1,1,0,0,0,0,0,0,0,0,0,0,0,0,0,0,0,0,0,0,0,0,0,0,0,0,0,0
2817666,2026-02-21,2,Bora,Bashkimi,"A. Hunter,J. Zeqiri,R. Memedi,R. Ukaj,T. Cheese","D. Lake,K. Anderson,M. Janjeva,S. Shorter,V. Bunjaku",1164,1175,11,0.66,0.44,0.88,42,27,43,29,1,2,0,0,0,0,1,1,0,0,0,0,0,0,1,0,0,0,0,2,2,0,0,0,0,0,0,0,0,0,0,0,0,0,0,0,0,0,0,0,0,0,0,0,0,0,0,0,0,0,0,0,0,0
2817666,2026-02-21,2,Bora,Bashkimi,"A. Hot,A. Hunter,J. Zeqiri,R. Memedi,T. Cheese","I. Nwamu,K. Wooten,M. Janjeva,S. Shorter,V. Bunjaku",1175,1200,25,1.0,1.0,1.0,43,29,43,32,0,3,0,0,0,0,0,0,0,0,0,0,0,1,0,1,1,1,1,0,0,0,0,1,1,0,0,0,0,0,0,0,0,0,0,0,0,0,0,0,0,0,0,0,0,0,0,0,0,0,0,0,0,0
2817666,2026-02-21,3,Bora,Bashkimi,"A. Hot,A. Hunter,L. Thomas,R. Memedi,S. Jules","D. Lake,K. Anderson,L. Zeqiri,M. Armstead,S. Shorter",1200,1411,211,6.43,7.0,5.86,43,32,45,36,2,4,4,1,2,0,0,0,0,3,1,1,0,3,0,7,2,2,0,0,0,2,3,2,2,0,1,0,0,0,0,0,0,0,0,0,0,0,0,0,0,0,0,0,0,0,0,0,0,0,0,0,0,0
2817666,2026-02-21,3,Bora,Bashkimi,"A. Hot,J. Zeqiri,L. Thomas,R. Memedi,T. Cheese","K. Anderson,K. Wooten,L. Zeqiri,M. Armstead,S. Shorter",1411,1562,151,5.33,4.86,5.81,45,36,52,47,7,11,5,3,3,1,0,0,2,0,1,1,0,2,2,5,4,1,1,2,2,1,0,2,2,0,1,1,0,0,0,0,0,0,0,0,0,0,0,0,0,0,0,0,0,0,0,0,0,0,0,0,0,0
2817666,2026-02-21,3,Bora,Bashkimi,"A. Hot,L. Thomas,R. Memedi,S. Jules,T. Cheese","K. Anderson,K. Wooten,L. Zeqiri,M. Armstead,S. Shorter",1562,1593,31,1.4,1.81,1.0,52,47,54,49,2,2,2,0,2,0,2,2,1,0,0,0,0,0,0,1,1,0,0,0,0,0,1,0,0,0,0,1,0,0,0,0,0,0,0,0,0,0,0,0,0,0,0,0,0,0,0,0,0,0,0,0,0,0
2817666,2026-02-21,3,Bora,Bashkimi,"A. Hunter,R. Memedi,R. Ukaj,S. Jules,T. Cheese","K. Anderson,K. Wooten,L. Zeqiri,M. Armstead,S. Shorter",1593,1657,64,1.5,2.0,1.0,54,49,57,49,3,0,1,1,1,1,0,0,0,1,0,0,0,1,1,1,0,0,0,0,0,0,0,0,1,0,0,1,0,0,0,0,0,0,0,0,0,0,0,0,0,0,0,0,0,0,0,0,0,0,0,0,0,0
2817666,2026-02-21,3,Bora,Bashkimi,"A. Hunter,R. Memedi,R. Ukaj,S. Jules,T. Cheese","I. Nwamu,K. Anderson,K. Wooten,L. Zeqiri,V. Bunjaku",1657,1700,43,1.45,1.0,1.9,57,49,57,51,0,2,1,0,0,0,0,0,0,1,0,0,0,0,2,2,1,0,0,1,0,1,1,0,0,0,0,0,0,0,0,0,0,0,0,0,0,0,0,0,0,0,0,0,0,0,0,0,0,0,0,0,0,0
2817666,2026-02-21,3,Bora,Bashkimi,"A. Hot,A. Hunter,R. Ukaj,S. Jules,T. Cheese","I. Nwamu,K. Wooten,L. Zeqiri,S. Shorter,V. Bunjaku",1700,1886,186,5.79,6.0,5.57,57,52,63,54,6,2,4,3,0,0,0,0,0,2,1,1,0,2,2,5,1,2,0,0,0,1,1,1,0,0,2,2,0,0,0,0,0,0,0,0,0,0,0,0,0,0,0,0,0,0,0,0,0,0,0,0,0,0
2817666,2026-02-21,4,Bora,Bashkimi,"A. Hot,A. Hunter,R. Ukaj,S. Jules,T. Cheese","D. Lake,K. Anderson,L. Zeqiri,S. Shorter,V. Bunjaku",1886,1930,44,0.94,1.0,0.88,63,54,66,55,3,1,1,1,1,1,0,0,0,0,0,0,0,0,2,0,0,0,0,2,1,0,0,0,0,0,0,0,0,0,0,0,0,0,0,0,0,0,0,0,0,0,0,0,0,0,0,0,0,0,0,0,0,0
2817666,2026-02-21,4,Bora,Bashkimi,"A. Hot,A. Hunter,R. Memedi,R. Ukaj,S. Jules","D. Lake,K. Anderson,L. Zeqiri,S. Shorter,V. Bunjaku",1930,1957,27,0.52,0.93,0.1,66,55,66,55,0,0,1,0,0,0,0,0,1,0,0,0,0,1,0,0,0,0,0,0,0,0,0,0,0,1,0,0,0,0,0,0,0,0,0,0,0,0,0,0,0,0,0,0,0,0,0,0,0,0,0,0,0,0
2817666,2026-02-21,4,Bora,Bashkimi,"A. Hot,A. Hunter,L. Thomas,R. Memedi,S. Jules","D. Lake,K. Anderson,L. Zeqiri,S. Shorter,V. Bunjaku",1957,2040,83,2.0,2.0,2.0,66,55,69,57,3,2,2,1,2,1,0,0,0,1,1,0,0,0,1,2,1,1,0,0,0,0,1,0,0,0,0,0,0,0,0,0,0,0,0,0,0,0,0,0,0,0,0,0,0,0,0,0,0,0,0,0,0,0
2817666,2026-02-21,4,Bora,Bashkimi,"A. Hunter,L. Thomas,R. Memedi,R. Ukaj,S. Jules","D. Lake,K. Anderson,L. Zeqiri,S. Shorter,V. Bunjaku",2040,2064,24,0.94,1.0,0.88,69,57,69,59,0,2,1,0,1,0,0,0,0,0,0,0,0,0,1,0,0,0,0,2,2,0,1,0,0,0,0,0,0,0,0,0,0,0,0,0,0,0,0,0,0,0,0,0,0,0,0,0,0,0,0,0,0,0
2817666,2026-02-21,4,Bora,Bashkimi,"A. Hunter,J. Zeqiri,L. Thomas,R. Memedi,T. Cheese","D. Lake,K. Anderson,L. Zeqiri,S. Shorter,V. Bunjaku",2064,2098,34,1.44,1.0,1.88,69,59,72,62,3,3,1,1,1,1,0,0,0,1,1,0,0,0,1,1,1,1,1,2,0,0,0,1,0,0,0,0,0,0,0,0,0,0,0,0,0,0,0,0,0,0,0,0,0,0,0,0,0,0,0,0,0,0
2817666,2026-02-21,4,Bora,Bashkimi,"A. Hunter,J. Zeqiri,L. Thomas,R. Memedi,T. Cheese","I. Nwamu,K. Anderson,L. Zeqiri,S. Shorter,V. Bunjaku",2098,2149,51,1.72,2.0,1.44,72,62,74,63,2,1,1,1,0,0,0,0,0,1,0,0,0,1,0,1,0,1,0,1,1,0,0,0,0,0,0,2,0,0,0,0,0,0,0,0,0,0,0,0,0,0,0,0,0,0,0,0,0,0,0,0,0,0
2817666,2026-02-21,4,Bora,Bashkimi,"A. Hunter,J. Zeqiri,L. Thomas,R. Memedi,T. Cheese","D. Lake,I. Nwamu,K. Anderson,L. Zeqiri,V. Bunjaku",2149,2258,109,3.0,3.0,3.0,74,63,82,65,8,2,3,3,2,2,0,0,0,1,2,0,0,0,0,2,1,0,0,0,0,0,0,0,0,0,1,0,0,0,0,0,0,0,0,0,0,0,0,0,0,0,0,0,0,0,0,0,0,0,0,0,0,0
2817666,2026-02-21,4,Bora,Bashkimi,"A. Hunter,J. Zeqiri,L. Thomas,R. Memedi,T. Cheese","I. Nwamu,K. Anderson,K. Wooten,L. Zeqiri,M. Armstead",2258,2272,14,0.72,0.44,1.0,82,65,83,65,1,0,0,0,0,0,1,1,0,1,0,0,0,0,0,1,0,1,0,0,0,0,0,0,0,0,0,1,0,0,0,0,0,0,0,0,0,0,0,0,0,0,0,0,0,0,0,0,0,0,0,0,0,0
2817666,2026-02-21,4,Bora,Bashkimi,"A. Hunter,J. Zeqiri,L. Thomas,R. Memedi,T. Cheese","I. Nwamu,K. Anderson,K. Wooten,M. Armstead,M. Janjeva",2272,2380,108,3.34,3.0,3.69,83,65,86,71,3,6,3,1,1,1,0,0,0,1,1,0,0,0,2,3,1,1,0,4,4,1,2,0,0,1,0,0,0,0,0,0,0,0,0,0,0,0,0,0,0,0,0,0,0,0,0,0,0,0,0,0,0,0
2817665,2026-02-20,1,Rahoveci 029,Golden Eagle Ylli,"A. Thomas,B. Rexha,F. Rugova,J. Mccormick,K. Pullian","A. Scott,A. Çallakaj,D. Thomas,S. Bamforth,T. Smith",0,458,458,13.32,12.79,13.86,0,0,12,13,12,13,15,5,9,2,0,0,3,3,3,1,0,1,1,11,6,4,1,0,0,2,7,5,1,1,5,2,0,0,0,0,0,0,0,0,0,0,0,0,0,0,0,0,0,0,0,0,0,0,0,0,0,0
2817665,2026-02-20,1,Rahoveci 029,Golden Eagle Ylli,"B. Rexha,J. Mccormick,K. Pullian,N. Mcleod,V. Ejupi","D. Thomas,E. Kastrati,L. Basic,S. Bamforth,T. Smith",458,498,40,1.67,2.34,1.0,12,13,15,13,3,0,2,1,0,0,2,1,1,1,0,0,0,0,1,1,0,1,0,0,0,0,1,0,0,0,0,0,0,0,0,0,0,0,0,0,0,0,0,0,0,0,0,0,0,0,0,0,0,0,0,0,0,0
2817665,2026-02-20,1,Rahoveci 029,Golden Eagle Ylli,"J. Mccormick,K. Pullian,K. Ujkani,N. Mcleod,V. Ejupi","D. Conger,E. Kastrati,G. Morina,L. Basic,L. Shoshi",498,789,291,8.49,8.98,8.0,15,13,25,15,10,2,8,3,4,1,3,3,1,5,2,1,0,1,1,6,1,4,0,0,0,0,3,1,0,1,2,3,0,0,0,0,0,0,0,0,0,0,0,0,0,0,0,0,0,0,0,0,0,0,0,0,0,0
2817665,2026-02-20,2,Rahoveci 029,Golden Eagle Ylli,"J. Mccormick,K. Pullian,K. Ujkani,N. Mcleod,V. Ejupi","A. Scott,D. Conger,G. Morina,L. Shoshi,S. Bamforth",789,873,84,2.5,2.0,3.0,25,15,28,18,3,3,2,1,2,1,0,0,0,1,0,1,0,0,0,2,1,1,1,0,0,0,1,1,0,0,1,1,0,0,0,0,0,0,0,0,0,0,0,0,0,0,0,0,0,0,0,0,0,0,0,0,0,0
2817665,2026-02-20,2,Rahoveci 029,Golden Eagle Ylli,"J. Mccormick,J. Roche,K. Pullian,K. Ujkani,V. Ejupi","A. Scott,D. Conger,G. Morina,L. Shoshi,S. Bamforth",873,900,27,1.0,1.0,1.0,28,18,28,18,0,0,1,0,0,0,0,0,0,1,0,0,0,0,0,1,0,1,0,0,0,0,1,0,0,0,0,1,0,0,0,0,0,0,0,0,0,0,0,0,0,0,0,0,0,0,0,0,0,0,0,0,0,0
2817665,2026-02-20,2,Rahoveci 029,Golden Eagle Ylli,"J. Mccormick,J. Roche,K. Pullian,K. Ujkani,V. Ejupi","A. Scott,D. Conger,G. Morina,S. Bamforth,T. Smith",900,949,49,3.16,3.88,2.44,28,18,30,24,2,6,0,0,0,0,2,2,0,1,0,0,0,3,2,2,2,2,2,1,0,0,0,2,1,0,0,0,0,0,0,0,0,0,0,0,0,0,0,0,0,0,0,0,0,0,0,0,0,0,0,0,0,0
2817665,2026-02-20,2,Rahoveci 029,Golden Eagle Ylli,"F. Rugova,J. Mccormick,K. Pullian,N. Mcleod,V. Ejupi","A. Scott,D. Conger,G. Morina,S. Bamforth,T. Smith",949,989,40,1.0,1.0,1.0,30,24,30,24,0,0,1,0,0,0,0,0,0,1,0,0,0,0,0,1,0,0,0,0,0,0,1,0,0,0,0,0,0,0,0,0,0,0,0,0,0,0,0,0,0,0,0,0,0,0,0,0,0,0,0,0,0,0
2817665,2026-02-20,2,Rahoveci 029,Golden Eagle Ylli,"A. Thomas,F. Rugova,K. Pullian,N. Mcleod,V. Ejupi","A. Scott,D. Conger,G. Morina,S. Bamforth,T. Smith",989,1018,29,0.55,1.0,0.1,30,24,30,24,0,0,1,0,0,0,0,0,0,0,0,0,0,0,1,0,0,0,0,0,0,0,1,0,0,0,0,0,0,0,0,0,0,0,0,0,0,0,0,0,0,0,0,0,0,0,0,0,0,0,0,0,0,0
2817665,2026-02-20,2,Rahoveci 029,Golden Eagle Ylli,"A. Thomas,B. Rexha,F. Rugova,K. Pullian,N. Mcleod","A. Scott,D. Conger,G. Morina,S. Bamforth,T. Smith",1018,1049,31,1.72,2.0,1.44,30,24,30,27,0,3,0,0,0,0,0,0,0,0,0,0,0,2,2,1,1,0,0,1,1,0,0,1,0,0,0,0,0,0,0,0,0,0,0,0,0,0,0,0,0,0,0,0,0,0,0,0,0,0,0,0,0,0
2817665,2026-02-20,2,Rahoveci 029,Golden Eagle Ylli,"A. Thomas,B. Rexha,F. Rugova,J. Mccormick,K. Pullian","A. Scott,D. Conger,G. Morina,S. Bamforth,T. Smith",1049,1129,80,1.9,2.0,1.81,30,27,32,28,2,1,2,1,1,0,0,0,0,0,0,0,0,0,2,1,0,1,0,2,1,1,1,0,0,0,1,0,0,0,0,0,0,0,0,0,0,0,0,0,0,0,0,0,0,0,0,0,0,0,0,0,0,0
2817665,2026-02-20,2,Rahoveci 029,Golden Eagle Ylli,"A. Thomas,F. Rugova,J. Mccormick,K. Pullian,K. Ujkani","A. Scott,D. Conger,G. Morina,S. Bamforth,T. Smith",1129,1200,71,3.38,2.88,3.88,32,28,37,30,5,2,2,1,1,1,2,2,0,0,1,1,0,0,0,1,0,1,0,2,2,0,1,1,0,0,2,1,0,0,0,0,0,0,0,0,0,0,0,0,0,0,0,0,0,0,0,0,0,0,0,0,0,0
2817665,2026-02-20,3,Rahoveci 029,Golden Eagle Ylli,"A. Thomas,F. Rugova,J. Mccormick,K. Pullian,K. Ujkani","A. Scott,D. Thomas,E. Kastrati,S. Bamforth,T. Smith",1200,1500,300,7.79,7.0,8.57,37,30,44,42,7,12,7,3,3,1,0,0,0,2,2,0,0,0,4,9,5,4,2,0,0,1,4,3,0,0,1,1,0,0,0,0,0,0,0,0,0,0,0,0,0,0,0,0,0,0,0,0,0,0,0,0,0,0
2817665,2026-02-20,3,Rahoveci 029,Golden Eagle Ylli,"A. Thomas,F. Rugova,K. Pullian,K. Ujkani,N. Mcleod","A. Scott,D. Thomas,E. Kastrati,S. Bamforth,T. Smith",1500,1516,16,0.1,0.1,0.1,44,42,44,42,0,0,0,0,0,0,0,0,0,0,0,0,0,0,0,0,0,0,0,0,0,0,0,0,0,0,0,1,0,0,0,0,0,0,0,0,0,0,0,0,0,0,0,0,0,0,0,0,0,0,0,0,0,0
2817665,2026-02-20,3,Rahoveci 029,Golden Eagle Ylli,"A. Thomas,B. Rexha,F. Rugova,K. Pullian,N. Mcleod","A. Scott,D. Thomas,E. Kastrati,S. Bamforth,T. Smith",1516,1579,63,1.96,2.0,1.93,44,42,44,47,0,5,2,0,2,0,0,0,0,0,0,0,0,0,0,3,2,2,1,0,0,1,2,0,0,0,0,0,0,0,0,0,0,0,0,0,0,0,0,0,0,0,0,0,0,0,0,0,0,0,0,0,0,0
2817665,2026-02-20,3,Rahoveci 029,Golden Eagle Ylli,"B. Rexha,F. Rugova,J. Mccormick,K. Pullian,N. Mcleod","A. Scott,D. Thomas,E. Kastrati,S. Bamforth,T. Smith",1579,1736,157,4.04,3.81,4.28,44,47,52,47,8,0,3,2,2,2,2,2,1,2,2,0,0,1,1,3,0,3,0,2,0,2,0,0,1,0,2,2,0,0,0,0,0,0,0,0,0,0,0,0,0,0,0,0,0,0,0,0,0,0,0,0,0,0
2817665,2026-02-20,3,Rahoveci 029,Golden Eagle Ylli,"B. Rexha,F. Rugova,J. Mccormick,K. Pullian,N. Mcleod","A. Scott,E. Kastrati,G. Morina,S. Bamforth,T. Smith",1736,1750,14,0.23,0.37,0.1,52,47,53,47,1,0,1,0,0,0,1,1,1,0,0,0,0,0,0,0,0,0,0,0,0,0,0,0,0,0,0,2,0,0,0,0,0,0,0,0,0,0,0,0,0,0,0,0,0,0,0,0,0,0,0,0,0,0
2817665,2026-02-20,3,Rahoveci 029,Golden Eagle Ylli,"B. Rexha,F. Rugova,J. Mccormick,K. Pullian,N. Mcleod","A. Scott,D. Conger,G. Morina,S. Bamforth,T. Smith",1750,1955,205,7.48,7.71,7.25,53,47,58,56,5,9,8,2,2,0,3,1,2,2,1,1,0,0,2,6,3,3,0,3,3,1,6,1,0,0,1,2,0,0,0,0,0,0,0,0,0,0,0,0,0,0,0,0,0,0,0,0,0,0,0,0,0,0
2817665,2026-02-20,4,Rahoveci 029,Golden Eagle Ylli,"B. Rexha,F. Rugova,J. Mccormick,K. Pullian,N. Mcleod","A. Scott,G. Morina,L. Shoshi,S. Bamforth,T. Smith",1955,2046,91,1.43,1.86,1.0,58,56,62,56,4,0,4,2,0,0,0,0,2,0,0,0,0,0,0,0,0,0,0,0,0,0,0,0,0,0,1,1,0,0,0,0,0,0,0,0,0,0,0,0,0,0,0,0,0,0,0,0,0,0,0,0,0,0
2817665,2026-02-20,4,Rahoveci 029,Golden Eagle Ylli,"B. Rexha,F. Rugova,J. Mccormick,K. Pullian,N. Mcleod","A. Scott,D. Conger,L. Shoshi,S. Bamforth,T. Smith",2046,2060,14,0.55,0.1,1.0,62,56,62,59,0,3,0,0,0,0,0,0,0,0,0,0,0,0,0,1,1,1,1,0,0,0,0,0,0,0,0,0,0,0,0,0,0,0,0,0,0,0,0,0,0,0,0,0,0,0,0,0,0,0,0,0,0,0
2817665,2026-02-20,4,Rahoveci 029,Golden Eagle Ylli,"B. Rexha,F. Rugova,J. Mccormick,K. Pullian,N. Mcleod","A. Scott,D. Conger,G. Morina,L. Shoshi,S. Bamforth",2060,2069,9,0.1,0.1,0.1,62,59,62,59,0,0,1,0,0,0,0,0,1,0,0,0,0,0,0,0,0,0,0,0,0,0,0,0,0,0,0,1,0,0,0,0,0,0,0,0,0,0,0,0,0,0,0,0,0,0,0,0,0,0,0,0,0,0
2817665,2026-02-20,4,Rahoveci 029,Golden Eagle Ylli,"B. Rexha,F. Rugova,J. Mccormick,K. Pullian,N. Mcleod","A. Scott,D. Conger,D. Thomas,L. Shoshi,S. Bamforth",2069,2088,19,0.55,1.0,0.1,62,59,62,59,0,0,1,0,0,0,0,0,0,0,0,0,0,0,1,0,0,0,0,0,0,0,1,0,0,0,0,0,0,0,0,0,0,0,0,0,0,0,0,0,0,0,0,0,0,0,0,0,0,0,0,0,0,0
2817665,2026-02-20,4,Rahoveci 029,Golden Eagle Ylli,"A. Thomas,B. Rexha,F. Rugova,J. Mccormick,K. Pullian","A. Scott,D. Conger,D. Thomas,L. Shoshi,S. Bamforth",2088,2183,95,2.62,2.44,2.81,62,59,65,61,3,2,2,1,0,0,1,1,0,2,0,0,0,0,1,3,0,3,0,2,2,1,1,0,0,0,0,2,0,0,0,0,0,0,0,0,0,0,0,0,0,0,0,0,0,0,0,0,0,0,0,0,0,0
2817665,2026-02-20,4,Rahoveci 029,Golden Eagle Ylli,"A. Thomas,B. Rexha,F. Rugova,J. Mccormick,K. Pullian","A. Scott,D. Thomas,E. Kastrati,S. Bamforth,T. Smith",2183,2263,80,2.61,2.88,2.34,65,61,70,62,5,1,2,1,2,1,2,2,0,1,0,1,0,0,1,1,0,0,0,2,1,1,1,0,0,0,1,0,0,0,0,0,0,0,0,0,0,0,0,0,0,0,0,0,0,0,0,0,0,0,0,0,0,0
2817665,2026-02-20,4,Rahoveci 029,Golden Eagle Ylli,"A. Thomas,B. Rexha,F. Rugova,J. Mccormick,K. Pullian","A. Scott,D. Conger,E. Kastrati,S. Bamforth,T. Smith",2263,2392,129,4.34,3.93,4.76,70,62,75,69,5,7,3,2,1,1,0,0,1,2,2,0,0,2,2,3,2,2,1,4,2,0,0,2,1,1,0,0,0,0,0,0,0,0,0,0,0,0,0,0,0,0,0,0,0,0,0,0,0,0,0,0,0,0
2817667,2026-02-21,1,Sigal Prishtina,Trepça,"A. Bailey,A. Lomax,A. Sinani,E. Clarence,V. Kakruki","B. Tuna,J. Payne,K. Hasbrouck,M. Amzil,S. Jones",0,215,215,6.59,6.32,6.86,0,0,9,7,9,7,5,4,1,0,3,1,0,2,2,2,0,0,1,7,3,4,1,0,0,2,2,3,0,0,2,3,0,0,0,0,0,0,0,0,0,0,0,0,0,0,0,0,0,0,0,0,0,0,0,0,0,0
2817667,2026-02-21,1,Sigal Prishtina,Trepça,"A. Bailey,A. Lomax,A. Sinani,E. Clarence,V. Kakruki","B. Tuna,D. Kapiti,J. Payne,K. Hasbrouck,M. Amzil",215,288,73,2.0,2.0,2.0,9,7,11,9,2,2,2,1,1,0,0,0,0,1,0,0,0,0,0,2,1,1,0,0,0,0,1,0,0,0,0,1,0,0,0,0,0,0,0,0,0,0,0,0,0,0,0,0,0,0,0,0,0,0,0,0,0,0
2817667,2026-02-21,1,Sigal Prishtina,Trepça,"A. Bailey,A. Lomax,A. Sinani,E. Clarence,V. Kakruki","B. Tuna,D. Hajrizi,D. Kapiti,J. Payne,K. Hasbrouck",288,360,72,2.44,2.88,2.0,11,9,15,9,4,0,1,1,0,0,2,2,0,2,1,0,0,1,1,2,0,2,0,0,0,0,0,0,0,0,0,0,0,0,0,0,0,0,0,0,0,0,0,0,0,0,0,0,0,0,0,0,0,0,0,0,0,0
2817667,2026-02-21,1,Sigal Prishtina,Trepça,"A. Bailey,A. Lomax,A. Sinani,E. Clarence,V. Kakruki","D. Hajrizi,D. Kapiti,J. Payne,M. Tmusic,S. Henry",360,411,51,1.0,1.0,1.0,15,9,15,9,0,0,1,0,0,0,0,0,0,0,0,0,0,0,2,0,0,0,0,0,0,0,1,0,0,0,1,0,0,0,0,0,0,0,0,0,0,0,0,0,0,0,0,0,0,0,0,0,0,0,0,0,0,0
2817667,2026-02-21,1,Sigal Prishtina,Trepça,"A. Bailey,A. Lomax,A. Morina,E. Clarence,V. Kakruki","A. Vining,D. Hajrizi,D. Kapiti,M. Tmusic,S. Henry",411,446,35,1.94,1.88,2.0,15,9,19,9,4,0,1,1,0,0,2,2,0,1,2,1,0,0,0,1,0,1,0,0,0,0,0,0,0,0,1,1,0,0,0,0,0,0,0,0,0,0,0,0,0,0,0,0,0,0,0,0,0,0,0,0,0,0
2817667,2026-02-21,1,Sigal Prishtina,Trepça,"A. Bailey,A. Lomax,A. Morina,D. Haxhosaj,E. Clarence","A. Vining,D. Hajrizi,D. Kapiti,M. Tmusic,S. Henry",446,595,149,4.08,4.17,4.0,19,9,22,16,3,7,5,1,1,0,2,1,2,0,1,1,0,0,1,3,3,1,1,0,0,0,3,3,0,0,1,1,0,0,0,0,0,0,0,0,0,0,0,0,0,0,0,0,0,0,0,0,0,0,0,0,0,0
2817667,2026-02-21,1,Sigal Prishtina,Trepça,"A. Bailey,A. Lomax,A. Morina,A. Sinani,D. Haxhosaj","A. Vining,D. Hajrizi,D. Kapiti,M. Tmusic,S. Henry",595,600,5,0.94,1.0,0.88,22,16,22,18,0,2,1,0,1,0,0,0,0,0,0,0,0,0,0,0,0,0,0,2,2,0,0,0,0,0,0,0,0,0,0,0,0,0,0,0,0,0,0,0,0,0,0,0,0,0,0,0,0,0,0,0,0,0
2817667,2026-02-21,2,Sigal Prishtina,Trepça,"A. Bailey,A. Lomax,A. Morina,D. Haxhosaj,E. Clarence","A. Vining,D. Hajrizi,D. Kapiti,M. Tmusic,S. Henry",600,682,82,2.46,2.93,2.0,22,18,26,18,4,0,4,2,0,0,0,0,1,1,0,1,0,0,2,1,0,1,0,0,0,0,1,0,0,1,1,0,0,0,0,0,0,0,0,0,0,0,0,0,0,0,0,0,0,0,0,0,0,0,0,0,0,0
2817667,2026-02-21,2,Sigal Prishtina,Trepça,"A. Bailey,A. Lomax,A. Morina,D. Haxhosaj,E. Clarence","A. Vining,D. Hajrizi,M. Tmusic,S. Henry,S. Jones",682,702,20,0.1,0.1,0.1,26,18,26,18,0,0,0,0,0,0,0,0,0,0,0,0,0,0,1,1,0,1,0,0,0,1,0,0,0,0,0,0,0,0,0,0,0,0,0,0,0,0,0,0,0,0,0,0,0,0,0,0,0,0,0,0,0,0
2817667,2026-02-21,2,Sigal Prishtina,Trepça,"A. Bailey,A. Lomax,A. Morina,E. Clarence,V. Kakruki","A. Vining,D. Hajrizi,M. Tmusic,S. Henry,S. Jones",702,715,13,1.5,1.0,2.0,26,18,28,18,2,0,1,1,0,0,0,0,0,0,1,1,0,0,0,0,0,0,0,0,0,0,0,0,0,0,2,1,0,0,0,0,0,0,0,0,0,0,0,0,0,0,0,0,0,0,0,0,0,0,0,0,0,0
2817667,2026-02-21,2,Sigal Prishtina,Trepça,"A. Bailey,A. Lomax,A. Morina,E. Clarence,V. Kakruki","D. Hajrizi,J. Payne,K. Hasbrouck,S. Henry,S. Jones",715,775,60,1.72,2.44,1.0,28,18,31,21,3,3,2,1,1,0,1,1,0,0,1,0,0,0,1,1,1,1,1,0,0,0,1,1,0,0,0,0,0,0,0,0,0,0,0,0,0,0,0,0,0,0,0,0,0,0,0,0,0,0,0,0,0,0
2817667,2026-02-21,2,Sigal Prishtina,Trepça,"A. Bailey,A. Lomax,A. Morina,E. Clarence,V. Kakruki","D. Hajrizi,J. Payne,K. Hasbrouck,M. Tmusic,S. Jones",775,786,11,0.1,0.1,0.1,31,21,31,21,0,0,0,0,0,0,0,0,0,0,0,0,0,0,1,0,0,0,0,0,0,0,0,0,0,0,0,0,0,0,0,0,0,0,0,0,0,0,0,0,0,0,0,0,0,0,0,0,0,0,0,0,0,0
2817667,2026-02-21,2,Sigal Prishtina,Trepça,"A. Bailey,A. Lomax,A. Sinani,E. Clarence,V. Kakruki","D. Hajrizi,J. Payne,K. Hasbrouck,M. Tmusic,S. Jones",786,817,31,0.91,0.93,0.88,31,21,33,23,2,2,2,1,1,0,0,0,1,0,1,0,0,0,0,0,0,0,0,2,2,0,0,0,0,0,0,1,0,0,0,0,0,0,0,0,0,0,0,0,0,0,0,0,0,0,0,0,0,0,0,0,0,0
2817667,2026-02-21,2,Sigal Prishtina,Trepça,"A. Bailey,A. Lomax,A. Sinani,E. Clarence,V. Kakruki","J. Payne,K. Hasbrouck,M. Amzil,M. Tmusic,S. Jones",817,828,11,0.55,0.1,1.0,33,23,33,26,0,3,0,0,0,0,0,0,0,0,0,0,0,0,0,1,1,1,1,0,0,0,0,1,0,0,0,0,0,0,0,0,0,0,0,0,0,0,0,0,0,0,0,0,0,0,0,0,0,0,0,0,0,0
2817667,2026-02-21,2,Sigal Prishtina,Trepça,"A. Bailey,A. Lomax,A. Morina,E. Clarence,V. Kakruki","J. Payne,K. Hasbrouck,M. Amzil,M. Tmusic,S. Jones",828,858,30,0.55,1.0,0.1,33,26,36,26,3,0,1,1,1,1,0,0,0,0,1,0,0,0,1,0,0,0,0,0,0,0,0,0,0,0,0,0,0,0,0,0,0,0,0,0,0,0,0,0,0,0,0,0,0,0,0,0,0,0,0,0,0,0
2817667,2026-02-21,2,Sigal Prishtina,Trepça,"A. Bailey,A. Lomax,A. Morina,D. Haxhosaj,V. Kakruki","J. Payne,K. Hasbrouck,M. Amzil,M. Tmusic,S. Jones",858,1090,232,8.94,9.0,8.88,36,26,39,40,3,14,5,1,4,1,0,0,0,1,1,1,0,4,0,7,6,0,0,2,2,0,4,4,3,0,1,1,0,0,0,0,0,0,0,0,0,0,0,0,0,0,0,0,0,0,0,0,0,0,0,0,0,0
2817667,2026-02-21,2,Sigal Prishtina,Trepça,"A. Bailey,A. Lomax,A. Morina,D. Haxhosaj,V. Kakruki","B. Tuna,J. Payne,K. Hasbrouck,M. Amzil,S. Jones",1090,1129,39,1.0,1.0,1.0,39,40,39,40,0,0,1,0,0,0,0,0,0,1,0,0,0,0,0,1,0,1,0,0,0,0,1,0,0,1,0,0,0,0,0,0,0,0,0,0,0,0,0,0,0,0,0,0,0,0,0,0,0,0,0,0,0,0
2817667,2026-02-21,2,Sigal Prishtina,Trepça,"A. Bailey,A. Lomax,A. Sinani,D. Haxhosaj,V. Kakruki","B. Tuna,J. Payne,K. Hasbrouck,M. Amzil,S. Jones",1129,1180,51,1.44,1.0,1.88,39,40,41,45,2,5,1,1,0,0,0,0,0,0,0,0,0,0,1,1,1,1,1,2,2,0,0,1,0,0,0,0,0,0,0,0,0,0,0,0,0,0,0,0,0,0,0,0,0,0,0,0,0,0,0,0,0,0
2817667,2026-02-21,2,Sigal Prishtina,Trepça,"A. Bailey,A. Lomax,A. Sinani,E. Clarence,V. Kakruki","B. Tuna,D. Kapiti,J. Payne,M. Amzil,M. Tmusic",1180,1200,20,0.1,0.1,0.1,41,45,41,45,0,0,1,0,1,0,0,0,1,0,0,0,0,0,0,0,0,0,0,0,0,0,0,0,0,0,0,0,0,0,0,0,0,0,0,0,0,0,0,0,0,0,0,0,0,0,0,0,0,0,0,0,0,0
2817667,2026-02-21,3,Sigal Prishtina,Trepça,"A. Bailey,A. Lomax,A. Morina,E. Clarence,V. Kakruki","J. Payne,M. Amzil,M. Tmusic,S. Henry,S. Jones",1200,1370,170,4.93,5.0,4.86,41,45,48,47,7,2,4,3,2,1,0,0,0,0,1,2,0,1,0,3,1,0,0,0,0,1,1,0,1,0,4,0,0,0,0,0,0,0,0,0,0,0,0,0,0,0,0,0,0,0,0,0,0,0,0,0,0,0
2817667,2026-02-21,3,Sigal Prishtina,Trepça,"A. Bailey,A. Lomax,A. Morina,E. Clarence,V. Kakruki","B. Tuna,J. Payne,M. Amzil,S. Henry,S. Jones",1370,1460,90,1.4,2.0,0.79,48,47,51,49,3,2,2,1,1,1,0,0,0,0,1,0,0,0,1,4,1,1,0,0,0,3,1,1,0,0,0,0,0,0,0,0,0,0,0,0,0,0,0,0,0,0,0,0,0,0,0,0,0,0,0,0,0,0
2817667,2026-02-21,3,Sigal Prishtina,Trepça,"A. Bailey,A. Lomax,A. Morina,E. Clarence,V. Kakruki","A. Vining,B. Tuna,D. Kapiti,M. Amzil,S. Henry",1460,1574,114,4.19,4.37,4.0,51,49,57,51,6,2,4,2,2,1,1,1,1,2,1,0,0,1,1,3,1,1,0,0,0,0,1,0,1,0,1,1,0,0,0,0,0,0,0,0,0,0,0,0,0,0,0,0,0,0,0,0,0,0,0,0,0,0
2817667,2026-02-21,3,Sigal Prishtina,Trepça,"A. Bailey,A. Lomax,A. Morina,E. Clarence,V. Kakruki","A. Vining,D. Hajrizi,D. Kapiti,K. Hasbrouck,S. Henry",1574,1671,97,2.67,2.34,3.0,57,51,59,56,2,5,2,1,0,0,2,0,1,0,0,0,0,0,0,2,2,1,1,0,0,0,1,2,0,1,1,1,0,0,0,0,0,0,0,0,0,0,0,0,0,0,0,0,0,0,0,0,0,0,0,0,0,0
2817667,2026-02-21,3,Sigal Prishtina,Trepça,"A. Bailey,A. Lomax,A. Morina,D. Haxhosaj,E. Clarence","A. Vining,D. Hajrizi,D. Kapiti,K. Hasbrouck,S. Henry",1671,1714,43,1.43,2.0,0.86,59,56,61,56,2,0,2,1,0,0,0,0,0,1,0,0,0,0,0,3,0,0,0,0,0,2,1,0,0,0,0,1,0,0,0,0,0,0,0,0,0,0,0,0,0,0,0,0,0,0,0,0,0,0,0,0,0,0
2817667,2026-02-21,3,Sigal Prishtina,Trepça,"A. Bailey,A. Lomax,A. Morina,D. Haxhosaj,E. Clarence","A. Vining,D. Hajrizi,K. Hasbrouck,S. Henry,S. Jones",1714,1749,35,1.19,1.44,0.93,61,56,62,59,1,3,0,0,0,0,1,1,0,0,0,0,0,1,0,2,1,2,1,0,0,1,0,1,0,0,0,0,0,0,0,0,0,0,0,0,0,0,0,0,0,0,0,0,0,0,0,0,0,0,0,0,0,0
2817667,2026-02-21,3,Sigal Prishtina,Trepça,"A. Bailey,A. Lomax,A. Morina,A. Sinani,D. Haxhosaj","A. Vining,D. Hajrizi,K. Hasbrouck,S. Henry,S. Jones",1749,1895,146,5.44,5.0,5.88,62,59,70,64,8,5,4,3,2,2,0,0,0,2,2,0,0,1,3,3,1,3,1,2,2,0,1,2,0,0,2,1,0,0,0,0,0,0,0,0,0,0,0,0,0,0,0,0,0,0,0,0,0,0,0,0,0,0
2817667,2026-02-21,4,Sigal Prishtina,Trepça,"A. Bailey,A. Lomax,A. Morina,A. Sinani,D. Haxhosaj","A. Vining,D. Hajrizi,J. Payne,K. Hasbrouck,S. Jones",1895,1908,13,1.12,0.93,1.32,70,64,72,65,2,1,2,1,1,0,0,0,1,1,0,0,0,0,0,0,0,0,0,3,1,0,0,0,0,0,0,0,0,0,0,0,0,0,0,0,0,0,0,0,0,0,0,0,0,0,0,0,0,0,0,0,0,0
2817667,2026-02-21,4,Sigal Prishtina,Trepça,"A. Bailey,A. Lomax,A. Morina,A. Sinani,V. Kakruki","A. Vining,D. Hajrizi,J. Payne,K. Hasbrouck,S. Jones",1908,1952,44,2.0,2.0,2.0,72,65,72,67,0,2,0,0,0,0,0,0,0,1,0,0,0,2,1,2,1,0,0,0,0,0,0,1,1,0,0,1,0,0,0,0,0,0,0,0,0,0,0,0,0,0,0,0,0,0,0,0,0,0,0,0,0,0
2817667,2026-02-21,4,Sigal Prishtina,Trepça,"A. Bailey,A. Lomax,A. Morina,E. Clarence,V. Kakruki","A. Vining,D. Hajrizi,J. Payne,K. Hasbrouck,S. Jones",1952,1999,47,1.0,1.0,1.0,72,67,74,67,2,0,1,1,0,0,0,0,0,1,0,0,0,0,2,1,0,1,0,0,0,0,0,0,0,0,0,0,0,0,0,0,0,0,0,0,0,0,0,0,0,0,0,0,0,0,0,0,0,0,0,0,0,0
2817667,2026-02-21,4,Sigal Prishtina,Trepça,"A. Bailey,A. Lomax,A. Morina,E. Clarence,V. Kakruki","A. Vining,D. Hajrizi,K. Hasbrouck,M. Amzil,M. Tmusic",1999,2038,39,0.9,1.0,0.81,74,67,76,68,2,1,1,1,0,0,0,0,0,0,0,0,0,0,0,1,0,1,0,2,1,1,0,0,0,0,0,0,0,0,0,0,0,0,0,0,0,0,0,0,0,0,0,0,0,0,0,0,0,0,0,0,0,0
2817667,2026-02-21,4,Sigal Prishtina,Trepça,"A. Bailey,A. Lomax,A. Morina,E. Clarence,V. Kakruki","A. Vining,D. Kapiti,K. Hasbrouck,M. Amzil,M. Tmusic",2038,2196,158,5.4,5.0,5.81,76,68,81,76,5,8,3,2,1,1,0,0,0,0,1,1,1,2,1,3,2,2,2,2,2,1,1,2,1,0,3,0,0,0,0,0,0,0,0,0,0,0,0,0,0,0,0,0,0,0,0,0,0,0,0,0,0,0
2817667,2026-02-21,4,Sigal Prishtina,Trepça,"A. Bailey,A. Lomax,A. Morina,E. Clarence,V. Kakruki","A. Vining,K. Hasbrouck,M. Amzil,M. Tmusic,S. Jones",2196,2400,204,7.5,8.21,6.79,81,76,84,86,3,10,6,1,2,0,2,1,2,1,1,1,0,4,0,8,4,4,2,0,0,3,2,1,1,0,2,2,0,0,0,0,0,0,0,0,0,0,0,0,0,0,0,0,0,0,0,0,0,0,0,0,0,0
2817664,2026-02-20,1,GO+Peja,Vëllaznimi,"A. Hajdari,C. Edwards,L. Routt,M. Mala,O. Williams","D. Wilson,J. Hellems,R. Dahsyla,S. Zekiqi,Y. Anei",0,231,231,6.46,5.93,7.0,0,0,7,17,7,17,7,3,3,1,0,0,1,0,1,0,0,0,0,7,7,3,3,0,0,0,3,2,0,0,0,1,0,0,0,0,0,0,0,0,0,0,0,0,0,0,0,0,0,0,0,0,0,0,0,0,0,0
2817664,2026-02-20,1,GO+Peja,Vëllaznimi,"A. Hajdari,L. Routt,O. Williams,S. Llapi,T. Green","D. Wilson,J. Hellems,R. Dahsyla,S. Zekiqi,Y. Anei",231,350,119,3.5,4.0,3.0,7,17,10,19,3,2,2,1,2,1,0,0,0,1,1,0,0,2,0,2,1,0,0,0,0,0,1,1,1,0,1,0,0,0,0,0,0,0,0,0,0,0,0,0,0,0,0,0,0,0,0,0,0,0,0,0,0,0
2817664,2026-02-20,1,GO+Peja,Vëllaznimi,"A. Hajdari,C. Edwards,M. Mala,S. Llapi,T. Green","D. Wilson,J. Hellems,R. Dahsyla,S. Zekiqi,Y. Anei",350,388,38,0.55,0.1,1.0,10,19,10,19,0,0,0,0,0,0,0,0,0,0,0,0,0,0,0,0,0,0,0,0,0,0,0,0,0,0,1,0,0,0,0,0,0,0,0,0,0,0,0,0,0,0,0,0,0,0,0,0,0,0,0,0,0,0
2817664,2026-02-20,1,GO+Peja,Vëllaznimi,"A. Hajdari,C. Edwards,M. Mala,O. Williams,T. Green","D. Wilson,J. Hellems,R. Dahsyla,S. Zekiqi,Y. Anei",388,389,1,0.45,0.81,0.1,10,19,12,19,2,0,1,0,0,0,2,2,1,0,0,0,0,0,0,0,0,0,0,0,0,0,0,0,0,0,0,1,0,0,0,0,0,0,0,0,0,0,0,0,0,0,0,0,0,0,0,0,0,0,0,0,0,0
2817664,2026-02-20,1,GO+Peja,Vëllaznimi,"C. Edwards,M. Mala,O. Williams,S. Llapi,T. Green","D. Wilson,J. Hellems,R. Dahsyla,S. Zekiqi,Y. Anei",389,455,66,1.46,0.93,2.0,12,19,14,21,2,2,2,1,1,0,0,0,1,1,1,0,0,0,0,2,1,1,0,0,0,0,0,0,0,0,0,0,0,0,0,0,0,0,0,0,0,0,0,0,0,0,0,0,0,0,0,0,0,0,0,0,0,0
2817664,2026-02-20,1,GO+Peja,Vëllaznimi,"C. Edwards,M. Mala,O. Williams,S. Llapi,T. Green","A. Koshi,J. Hellems,R. Dahsyla,Y. Anei,Z. Reid",455,460,5,0.94,1.0,0.88,14,21,14,23,0,2,0,0,0,0,0,0,0,0,0,0,0,1,1,0,0,0,0,2,2,0,0,0,1,0,0,0,0,0,0,0,0,0,0,0,0,0,0,0,0,0,0,0,0,0,0,0,0,0,0,0,0,0
2817664,2026-02-20,1,GO+Peja,Vëllaznimi,"C. Edwards,F. Shoshaj,M. Mala,S. Llapi,T. Green","A. Gordon,A. Koshi,J. Hellems,R. Dahsyla,Z. Reid",460,550,90,2.88,2.88,2.88,14,23,16,28,2,5,2,0,0,0,2,2,0,1,0,0,0,0,3,2,2,0,0,2,1,0,2,1,0,2,0,1,0,0,0,0,0,0,0,0,0,0,0,0,0,0,0,0,0,0,0,0,0,0,0,0,0,0
2817664,2026-02-20,1,GO+Peja,Vëllaznimi,"F. Shoshaj,L. Routt,M. Mala,S. Llapi,T. Green","A. Gordon,A. Koshi,J. Hellems,R. Dahsyla,Z. Reid",550,600,50,2.0,2.0,2.0,16,28,16,28,0,0,2,0,1,0,0,0,0,1,0,0,0,0,0,2,0,1,0,0,0,0,2,0,0,0,0,1,0,0,0,0,0,0,0,0,0,0,0,0,0,0,0,0,0,0,0,0,0,0,0,0,0,0
2817664,2026-02-20,2,GO+Peja,Vëllaznimi,"C. Edwards,F. Shoshaj,L. Routt,M. Mala,T. Green","A. Gordon,A. Koshi,J. Hellems,R. Dahsyla,Z. Reid",600,731,131,3.4,3.88,2.93,16,28,22,31,6,3,3,2,0,0,2,2,0,0,3,2,0,0,1,2,1,2,1,0,0,1,1,1,0,0,2,1,0,0,0,0,0,0,0,0,0,0,0,0,0,0,0,0,0,0,0,0,0,0,0,0,0,0
2817664,2026-02-20,2,GO+Peja,Vëllaznimi,"C. Edwards,F. Shoshaj,L. Routt,M. Mala,T. Green","A. Koshi,D. Wilson,R. Dahsyla,Y. Anei,Z. Reid",731,750,19,0.49,0.1,0.88,22,31,22,33,0,2,0,0,0,0,0,0,0,0,0,0,0,0,1,0,0,0,0,2,2,0,0,1,0,0,0,0,0,0,0,0,0,0,0,0,0,0,0,0,0,0,0,0,0,0,0,0,0,0,0,0,0,0
2817664,2026-02-20,2,GO+Peja,Vëllaznimi,"C. Edwards,F. Shoshaj,L. Routt,M. Mala,T. Green","A. Koshi,D. Wilson,S. Zekiqi,Y. Anei,Z. Reid",750,841,91,2.96,2.93,3.0,22,33,28,33,6,0,4,3,0,0,0,0,1,3,1,0,0,0,0,3,0,0,0,0,0,0,0,0,0,0,0,1,0,0,0,0,0,0,0,0,0,0,0,0,0,0,0,0,0,0,0,0,0,0,0,0,0,0
2817664,2026-02-20,2,GO+Peja,Vëllaznimi,"C. Edwards,F. Shoshaj,M. Mala,O. Williams,T. Green","A. Koshi,D. Wilson,J. Hellems,S. Zekiqi,Z. Reid",841,862,21,1.0,1.0,1.0,28,33,28,33,0,0,1,0,0,0,0,0,0,1,0,0,1,0,0,1,0,0,0,0,0,0,1,0,0,0,0,1,0,0,0,0,0,0,0,0,0,0,0,0,0,0,0,0,0,0,0,0,0,0,0,0,0,0
2817664,2026-02-20,2,GO+Peja,Vëllaznimi,"A. Hajdari,C. Edwards,F. Shoshaj,O. Williams,T. Green","A. Gordon,A. Koshi,D. Wilson,J. Hellems,S. Zekiqi",862,915,53,1.46,2.0,0.93,28,33,28,33,0,0,1,0,0,0,0,0,0,0,0,0,0,1,1,1,0,1,0,0,0,1,1,0,0,0,1,0,0,0,0,0,0,0,0,0,0,0,0,0,0,0,0,0,0,0,0,0,0,0,0,0,0,0
2817664,2026-02-20,2,GO+Peja,Vëllaznimi,"A. Hajdari,C. Edwards,M. Mala,O. Williams,T. Green","A. Gordon,D. Wilson,J. Hellems,R. Dahsyla,S. Zekiqi",915,968,53,1.72,1.0,2.44,28,33,28,36,0,3,1,0,1,0,0,0,0,1,0,0,0,0,1,2,1,1,0,1,1,0,1,0,0,0,0,1,0,0,0,0,0,0,0,0,0,0,0,0,0,0,0,0,0,0,0,0,0,0,0,0,0,0
2817664,2026-02-20,2,GO+Peja,Vëllaznimi,"A. Hajdari,C. Edwards,M. Mala,O. Williams,T. Green","D. Wilson,J. Hellems,R. Dahsyla,S. Zekiqi,Y. Anei",968,1046,78,1.43,1.93,0.93,28,36,30,36,2,0,3,1,0,0,0,0,1,0,0,1,0,0,1,1,0,0,0,0,0,1,1,0,0,0,1,0,0,0,0,0,0,0,0,0,0,0,0,0,0,0,0,0,0,0,0,0,0,0,0,0,0,0
2817664,2026-02-20,2,GO+Peja,Vëllaznimi,"A. Hajdari,L. Routt,M. Mala,O. Williams,T. Green","D. Wilson,J. Hellems,R. Dahsyla,S. Zekiqi,Y. Anei",1046,1201,155,5.28,4.88,5.67,30,36,31,48,1,12,3,0,3,0,2,1,0,1,1,0,0,1,0,8,4,2,2,2,2,3,3,1,0,0,0,1,0,0,0,0,0,0,0,0,0,0,0,0,0,0,0,0,0,0,0,0,0,0,0,0,0,0
2817664,2026-02-20,3,GO+Peja,Vëllaznimi,"C. Edwards,F. Shoshaj,L. Routt,M. Mala,T. Green","D. Wilson,J. Hellems,R. Dahsyla,S. Zekiqi,Y. Anei",1201,1507,306,9.43,8.86,10.0,31,48,37,54,6,6,8,3,1,0,0,0,2,5,1,2,0,3,1,8,3,1,0,0,0,0,3,0,1,0,2,2,0,0,0,0,0,0,0,0,0,0,0,0,0,0,0,0,0,0,0,0,0,0,0,0,0,0
2817664,2026-02-20,3,GO+Peja,Vëllaznimi,"C. Edwards,F. Shoshaj,L. Routt,M. Mala,O. Williams","D. Wilson,J. Hellems,R. Dahsyla,S. Zekiqi,Y. Anei",1507,1518,11,0.27,0.1,0.44,37,54,37,55,0,1,0,0,0,0,0,0,0,0,0,0,0,0,0,0,0,0,0,1,1,0,0,0,0,0,0,1,0,0,0,0,0,0,0,0,0,0,0,0,0,0,0,0,0,0,0,0,0,0,0,0,0,0
2817664,2026-02-20,3,GO+Peja,Vëllaznimi,"A. Hajdari,C. Edwards,L. Routt,M. Mala,O. Williams","A. Gordon,D. Wilson,J. Hellems,R. Dahsyla,S. Zekiqi",1518,1584,66,3.0,4.0,2.0,37,55,37,60,0,5,2,0,1,0,0,0,0,0,0,0,0,2,1,2,2,1,1,0,0,0,2,0,0,0,0,0,0,0,0,0,0,0,0,0,0,0,0,0,0,0,0,0,0,0,0,0,0,0,0,0,0,0
2817664,2026-02-20,3,GO+Peja,Vëllaznimi,"A. Hajdari,C. Edwards,F. Shoshaj,L. Routt,O. Williams","A. Gordon,A. Koshi,D. Wilson,J. Hellems,S. Zekiqi",1584,1684,100,3.5,3.0,4.0,37,60,41,63,4,3,3,2,0,0,0,0,0,1,1,1,0,0,1,2,1,1,1,0,0,0,1,1,0,1,2,0,0,0,0,0,0,0,0,0,0,0,0,0,0,0,0,0,0,0,0,0,0,0,0,0,0,0
2817664,2026-02-20,3,GO+Peja,Vëllaznimi,"A. Hajdari,C. Edwards,F. Shoshaj,L. Routt,O. Williams","A. Gordon,A. Koshi,J. Hellems,S. Zekiqi,Z. Reid",1684,1702,18,0.1,0.1,0.1,41,63,41,63,0,0,0,0,0,0,0,0,0,0,0,0,0,0,0,0,0,0,0,0,0,0,0,0,0,0,0,0,0,0,0,0,0,0,0,0,0,0,0,0,0,0,0,0,0,0,0,0,0,0,0,0,0,0
2817664,2026-02-20,3,GO+Peja,Vëllaznimi,"A. Hajdari,C. Edwards,F. Shoshaj,O. Williams,T. Green","A. Gordon,A. Koshi,J. Hellems,S. Zekiqi,Z. Reid",1702,1800,98,3.38,4.0,2.76,41,63,52,66,11,3,4,4,3,3,0,0,0,2,3,0,0,0,3,1,0,1,0,4,3,0,0,0,0,0,0,1,0,0,0,0,0,0,0,0,0,0,0,0,0,0,0,0,0,0,0,0,0,0,0,0,0,0
2817664,2026-02-20,4,GO+Peja,Vëllaznimi,"A. Hajdari,C. Edwards,F. Shoshaj,O. Williams,T. Green","A. Gordon,A. Koshi,D. Wilson,R. Dahsyla,Z. Reid",1800,1829,29,0.52,0.93,0.1,52,66,52,66,0,0,2,0,2,0,0,0,1,0,0,0,0,0,0,0,0,0,0,0,0,0,1,0,0,0,0,1,0,0,0,0,0,0,0,0,0,0,0,0,0,0,0,0,0,0,0,0,0,0,0,0,0,0
2817664,2026-02-20,4,GO+Peja,Vëllaznimi,"A. Hajdari,C. Edwards,F. Shoshaj,O. Williams,T. Green","A. Koshi,D. Wilson,R. Dahsyla,Y. Anei,Z. Reid",1829,1980,151,4.5,4.0,5.0,52,66,54,70,2,4,3,1,2,0,0,0,0,3,0,0,1,1,2,5,2,2,0,0,0,0,2,2,1,0,0,2,0,0,0,0,0,0,0,0,0,0,0,0,0,0,0,0,0,0,0,0,0,0,0,0,0,0
2817664,2026-02-20,4,GO+Peja,Vëllaznimi,"A. Hajdari,C. Edwards,F. Shoshaj,L. Routt,O. Williams","D. Wilson,R. Dahsyla,S. Zekiqi,Y. Anei,Z. Reid",1980,2066,86,2.44,3.0,1.88,54,70,59,73,5,3,3,2,1,1,0,0,0,1,2,0,0,0,1,1,1,1,1,2,0,0,1,1,0,0,0,0,0,0,0,0,0,0,0,0,0,0,0,0,0,0,0,0,0,0,0,0,0,0,0,0,0,0
2817664,2026-02-20,4,GO+Peja,Vëllaznimi,"A. Hajdari,C. Edwards,F. Shoshaj,L. Routt,O. Williams","D. Wilson,J. Hellems,R. Dahsyla,S. Zekiqi,Y. Anei",2066,2202,136,3.94,4.0,3.88,59,73,67,75,8,2,4,3,3,2,0,0,0,2,2,1,0,0,2,2,0,1,0,2,2,0,1,0,0,0,1,1,0,0,0,0,0,0,0,0,0,0,0,0,0,0,0,0,0,0,0,0,0,0,0,0,0,0
2817664,2026-02-20,4,GO+Peja,Vëllaznimi,"A. Hajdari,C. Edwards,F. Shoshaj,L. Routt,O. Williams","A. Gordon,D. Wilson,J. Hellems,R. Dahsyla,S. Zekiqi",2202,2324,122,4.0,3.0,5.0,67,75,72,80,5,5,3,2,2,1,0,0,0,1,1,0,0,0,0,3,2,1,1,0,0,0,1,0,0,0,2,2,0,0,0,0,0,0,0,0,0,0,0,0,0,0,0,0,0,0,0,0,0,0,0,0,0,0
2817664,2026-02-20,4,GO+Peja,Vëllaznimi,"A. Hajdari,C. Edwards,F. Shoshaj,L. Routt,O. Williams","D. Wilson,J. Hellems,R. Dahsyla,S. Zekiqi,Y. Anei",2324,2380,56,1.4,1.88,0.93,72,80,74,83,2,3,1,0,1,0,2,2,0,0,1,0,0,0,1,2,1,1,1,0,0,1,1,0,0,0,0,0,0,0,0,0,0,0,0,0,0,0,0,0,0,0,0,0,0,0,0,0,0,0,0,0,0,0
2817664,2026-02-20,4,GO+Peja,Vëllaznimi,"A. Hajdari,C. Edwards,L. Routt,M. Mala,O. Williams","D. Wilson,R. Dahsyla,S. Zekiqi,Y. Anei,Z. Reid",2380,2394,14,0.94,1.0,0.88,74,83,74,85,0,2,1,0,0,0,0,0,0,0,0,0,0,0,0,0,0,0,0,2,2,0,1,0,0,1,0,0,0,0,0,0,0,0,0,0,0,0,0,0,0,0,0,0,0,0,0,0,0,0,0,0,0,0
2823646,2026-03-05,1,Bashkimi,Vëllaznimi,"D. Lake,I. Nwamu,J. Riley,L. Zeqiri,M. Ismaili","A. Rushiti,D. Wilson,J. Hellems,S. Zekiqi,Y. Anei",0,257,257,7.94,8.0,7.88,0,0,13,9,13,9,7,6,2,1,0,0,0,4,1,0,0,1,3,7,3,3,1,2,2,0,1,2,0,0,0,1,0,0,0,0,0,0,0,0,0,0,0,0,0,0,0,0,0,0,0,0,0,0,0,0,0,0
2823646,2026-03-05,1,Bashkimi,Vëllaznimi,"D. Lake,I. Nwamu,J. Riley,L. Zeqiri,M. Ismaili","D. Wilson,J. Hellems,R. Dahsyla,S. Zekiqi,Y. Anei",257,310,53,1.19,0.93,1.44,13,9,15,10,2,1,2,1,0,0,0,0,1,0,0,1,0,0,0,0,0,0,0,1,1,0,0,0,0,1,1,1,0,0,0,0,0,0,0,0,0,0,0,0,0,0,0,0,0,0,0,0,0,0,0,0,0,0
2823646,2026-03-05,1,Bashkimi,Vëllaznimi,"D. Lake,J. Riley,L. Zeqiri,M. Ismaili,S. Shorter","D. Wilson,J. Hellems,R. Dahsyla,S. Zekiqi,Y. Anei",310,393,83,2.4,2.93,1.88,15,10,18,11,3,1,3,1,3,1,0,0,1,1,1,1,0,1,2,0,0,0,0,2,1,0,1,0,0,0,1,0,0,0,0,0,0,0,0,0,0,0,0,0,0,0,0,0,0,0,0,0,0,0,0,0,0,0
2823646,2026-03-05,1,Bashkimi,Vëllaznimi,"D. Lake,J. Riley,L. Zeqiri,M. Armstead,S. Shorter","D. Wilson,J. Hellems,R. Dahsyla,S. Zekiqi,Y. Anei",393,436,43,1.94,2.0,1.88,18,11,18,15,0,4,1,0,1,0,0,0,0,0,0,0,0,1,0,1,1,0,0,2,2,0,1,0,0,0,0,0,0,0,0,0,0,0,0,0,0,0,0,0,0,0,0,0,0,0,0,0,0,0,0,0,0,0
2823646,2026-03-05,1,Bashkimi,Vëllaznimi,"J. Riley,K. Wooten,L. Zeqiri,M. Armstead,S. Shorter","A. Gordon,D. Wilson,J. Hellems,R. Dahsyla,S. Zekiqi",436,529,93,2.5,2.0,3.0,18,15,21,17,3,2,1,1,1,1,0,0,0,2,0,0,0,1,0,3,1,1,0,0,0,0,0,0,0,0,0,1,0,0,0,0,0,0,0,0,0,0,0,0,0,0,0,0,0,0,0,0,0,0,0,0,0,0
2823646,2026-03-05,1,Bashkimi,Vëllaznimi,"I. Nwamu,K. Wooten,L. Zeqiri,M. Armstead,S. Shorter","A. Gordon,A. Koshi,J. Hellems,R. Dahsyla,Z. Reid",529,587,58,2.38,2.88,1.88,21,17,23,19,2,2,2,0,1,0,2,2,0,0,0,1,0,0,1,0,0,0,0,2,2,0,2,0,0,0,1,2,0,0,0,0,0,0,0,0,0,0,0,0,0,0,0,0,0,0,0,0,0,0,0,0,0,0
2823646,2026-03-05,1,Bashkimi,Vëllaznimi,"I. Nwamu,K. Wooten,M. Armstead,M. Janjeva,S. Shorter","A. Gordon,A. Koshi,J. Hellems,R. Dahsyla,Z. Reid",587,701,114,3.84,3.0,4.69,23,19,26,22,3,3,2,1,2,1,0,0,0,1,0,0,0,1,2,3,1,1,0,4,1,1,1,0,1,0,1,0,0,0,0,0,0,0,0,0,0,0,0,0,0,0,0,0,0,0,0,0,0,0,0,0,0,0
2823646,2026-03-05,2,Bashkimi,Vëllaznimi,"I. Nwamu,J. Riley,L. Zeqiri,M. Janjeva,S. Shorter","A. Koshi,D. Wilson,R. Dahsyla,Y. Anei,Z. Reid",701,735,34,0.94,1.0,0.88,26,22,26,23,0,1,1,0,1,0,0,0,0,0,0,0,0,0,1,0,0,0,0,2,1,0,1,0,0,0,0,0,0,0,0,0,0,0,0,0,0,0,0,0,0,0,0,0,0,0,0,0,0,0,0,0,0,0
2823646,2026-03-05,2,Bashkimi,Vëllaznimi,"D. Lake,J. Riley,L. Zeqiri,M. Ismaili,S. Shorter","A. Koshi,D. Wilson,S. Zekiqi,Y. Anei,Z. Reid",735,816,81,1.93,1.86,2.0,26,23,28,23,2,0,4,1,2,0,0,0,2,2,0,0,0,0,0,2,0,1,0,0,0,0,1,0,0,1,0,1,0,0,0,0,0,0,0,0,0,0,0,0,0,0,0,0,0,0,0,0,0,0,0,0,0,0
2823646,2026-03-05,2,Bashkimi,Vëllaznimi,"D. Lake,J. Riley,L. Zeqiri,M. Ismaili,S. Shorter","D. Wilson,J. Hellems,R. Dahsyla,S. Zekiqi,Y. Anei",816,865,49,0.96,0.93,1.0,28,23,28,23,0,0,2,0,0,0,0,0,1,0,0,0,0,0,0,0,0,0,0,0,0,0,1,0,0,0,1,2,0,0,0,0,0,0,0,0,0,0,0,0,0,0,0,0,0,0,0,0,0,0,0,0,0,0
2823646,2026-03-05,2,Bashkimi,Vëllaznimi,"D. Lake,I. Nwamu,J. Riley,L. Zeqiri,M. Ismaili","D. Wilson,J. Hellems,R. Dahsyla,S. Zekiqi,Y. Anei",865,926,61,1.93,1.93,1.93,28,23,28,27,0,4,2,0,2,0,0,0,1,0,0,0,0,1,0,3,2,0,0,0,0,1,1,0,1,0,0,1,0,0,0,0,0,0,0,0,0,0,0,0,0,0,0,0,0,0,0,0,0,0,0,0,0,0
2823646,2026-03-05,2,Bashkimi,Vëllaznimi,"D. Lake,I. Nwamu,J. Riley,L. Zeqiri,M. Ismaili","A. Rushiti,D. Wilson,J. Hellems,S. Zekiqi,Y. Anei",926,1027,101,4.0,4.0,4.0,28,27,31,31,3,4,2,1,1,1,0,0,0,2,1,0,0,2,0,4,2,0,0,0,0,0,1,1,2,0,0,0,0,0,0,0,0,0,0,0,0,0,0,0,0,0,0,0,0,0,0,0,0,0,0,0,0,0
2823646,2026-03-05,2,Bashkimi,Vëllaznimi,"I. Nwamu,J. Riley,K. Wooten,L. Zeqiri,M. Ismaili","A. Gordon,A. Rushiti,D. Wilson,J. Hellems,S. Zekiqi",1027,1060,33,0.94,0.88,1.0,31,31,33,31,2,0,0,0,0,0,2,2,0,1,0,0,0,0,1,1,0,1,0,0,0,0,0,0,0,0,0,2,0,0,0,0,0,0,0,0,0,0,0,0,0,0,0,0,0,0,0,0,0,0,0,0,0,0
2823646,2026-03-05,2,Bashkimi,Vëllaznimi,"I. Nwamu,J. Riley,K. Wooten,L. Zeqiri,M. Ismaili","A. Gordon,D. Wilson,J. Hellems,R. Dahsyla,S. Zekiqi",1060,1082,22,0.94,0.88,1.0,33,31,33,31,0,0,0,0,0,0,2,0,0,0,0,0,0,0,0,0,0,0,0,0,0,0,1,0,0,0,1,1,0,0,0,0,0,0,0,0,0,0,0,0,0,0,0,0,0,0,0,0,0,0,0,0,0,0
2823646,2026-03-05,2,Bashkimi,Vëllaznimi,"J. Riley,K. Wooten,L. Zeqiri,M. Ismaili,S. Shorter","A. Gordon,A. Koshi,D. Wilson,J. Hellems,S. Zekiqi",1082,1200,118,3.69,3.69,3.69,33,31,37,36,4,5,3,0,2,0,4,4,1,1,0,0,0,0,2,3,1,0,0,4,3,1,2,1,0,0,0,1,0,0,0,0,0,0,0,0,0,0,0,0,0,0,0,0,0,0,0,0,0,0,0,0,0,0
2823646,2026-03-05,3,Bashkimi,Vëllaznimi,"D. Lake,I. Nwamu,J. Riley,L. Zeqiri,V. Bunjaku","A. Koshi,D. Wilson,J. Hellems,S. Zekiqi,Y. Anei",1200,1380,180,4.88,4.76,5.0,37,36,46,42,9,6,3,3,0,0,4,3,0,2,4,0,0,0,1,4,2,2,2,0,0,0,1,2,0,0,1,3,0,0,0,0,0,0,0,0,0,0,0,0,0,0,0,0,0,0,0,0,0,0,0,0,0,0
2823646,2026-03-05,3,Bashkimi,Vëllaznimi,"D. Lake,I. Nwamu,J. Riley,L. Zeqiri,V. Bunjaku","A. Gordon,A. Koshi,D. Wilson,J. Hellems,S. Zekiqi",1380,1457,77,2.66,3.32,2.0,46,42,46,45,0,3,5,0,1,0,0,0,2,1,0,0,0,1,1,2,1,2,1,0,0,0,2,0,0,2,0,0,0,0,0,0,0,0,0,0,0,0,0,0,0,0,0,0,0,0,0,0,0,0,0,0,0,0
2823646,2026-03-05,3,Bashkimi,Vëllaznimi,"D. Lake,I. Nwamu,L. Zeqiri,S. Shorter,V. Bunjaku","A. Gordon,A. Koshi,D. Wilson,J. Hellems,S. Zekiqi",1457,1482,25,2.0,2.0,2.0,46,45,48,45,2,0,2,1,0,0,0,0,0,2,1,0,1,0,0,2,0,1,0,0,0,0,1,0,0,0,0,0,0,0,0,0,0,0,0,0,0,0,0,0,0,0,0,0,0,0,0,0,0,0,0,0,0,0
2823646,2026-03-05,3,Bashkimi,Vëllaznimi,"D. Lake,I. Nwamu,M. Janjeva,S. Shorter,V. Bunjaku","A. Gordon,A. Koshi,D. Wilson,J. Hellems,S. Zekiqi",1482,1524,42,0.55,0.1,1.0,48,45,48,47,0,2,0,0,0,0,0,0,0,0,0,0,0,0,0,1,1,0,0,0,0,0,0,0,0,0,0,1,0,0,0,0,0,0,0,0,0,0,0,0,0,0,0,0,0,0,0,0,0,0,0,0,0,0
2823646,2026-03-05,3,Bashkimi,Vëllaznimi,"D. Lake,I. Nwamu,M. Janjeva,S. Shorter,V. Bunjaku","A. Gordon,D. Wilson,J. Hellems,R. Dahsyla,S. Zekiqi",1524,1605,81,3.0,3.0,3.0,48,47,53,47,5,0,2,2,1,1,0,0,0,0,2,1,0,1,0,0,0,0,0,0,0,0,0,0,1,0,3,1,0,0,0,0,0,0,0,0,0,0,0,0,0,0,0,0,0,0,0,0,0,0,0,0,0,0
2823646,2026-03-05,3,Bashkimi,Vëllaznimi,"D. Lake,I. Nwamu,M. Janjeva,S. Shorter,V. Bunjaku","A. Gordon,D. Wilson,R. Dahsyla,S. Zekiqi,Z. Reid",1605,1641,36,0.94,0.88,1.0,53,47,55,47,2,0,0,0,0,0,2,2,0,1,0,0,0,0,1,1,0,0,0,0,0,0,0,0,0,0,0,1,0,0,0,0,0,0,0,0,0,0,0,0,0,0,0,0,0,0,0,0,0,0,0,0,0,0
2823646,2026-03-05,3,Bashkimi,Vëllaznimi,"I. Nwamu,K. Wooten,M. Janjeva,S. Shorter,V. Bunjaku","A. Gordon,D. Wilson,R. Dahsyla,S. Zekiqi,Z. Reid",1641,1664,23,0.1,0.1,0.1,55,47,55,47,0,0,0,0,0,0,0,0,0,0,0,0,0,0,0,0,0,0,0,0,0,0,0,0,0,0,0,0,0,0,0,0,0,0,0,0,0,0,0,0,0,0,0,0,0,0,0,0,0,0,0,0,0,0
2823646,2026-03-05,3,Bashkimi,Vëllaznimi,"I. Nwamu,K. Wooten,M. Janjeva,S. Shorter,V. Bunjaku","A. Gordon,J. Hellems,R. Dahsyla,S. Zekiqi,Z. Reid",1664,1745,81,2.08,2.17,2.0,55,47,56,47,1,0,2,0,0,0,2,1,1,0,0,0,0,0,1,0,0,0,0,0,0,0,2,0,0,0,2,1,0,0,0,0,0,0,0,0,0,0,0,0,0,0,0,0,0,0,0,0,0,0,0,0,0,0
2823646,2026-03-05,3,Bashkimi,Vëllaznimi,"I. Nwamu,K. Wooten,M. Ismaili,M. Janjeva,S. Shorter","A. Gordon,J. Hellems,R. Dahsyla,S. Zekiqi,Z. Reid",1745,1800,55,2.22,2.0,2.44,56,47,61,49,5,2,2,2,1,1,0,0,0,1,1,1,0,0,1,1,1,0,0,1,0,0,0,1,0,0,1,0,0,0,0,0,0,0,0,0,0,0,0,0,0,0,0,0,0,0,0,0,0,0,0,0,0,0
2823646,2026-03-05,4,Bashkimi,Vëllaznimi,"I. Nwamu,K. Wooten,M. Janjeva,S. Shorter,V. Bunjaku","A. Koshi,D. Wilson,J. Hellems,R. Dahsyla,Y. Anei",1800,1863,63,0.93,0.93,0.93,61,49,61,49,0,0,2,0,1,0,0,0,1,0,0,1,0,0,2,1,0,1,0,0,0,1,1,0,0,1,1,1,0,0,0,0,0,0,0,0,0,0,0,0,0,0,0,0,0,0,0,0,0,0,0,0,0,0
2823646,2026-03-05,4,Bashkimi,Vëllaznimi,"J. Riley,K. Wooten,M. Janjeva,S. Shorter,V. Bunjaku","A. Koshi,D. Wilson,J. Hellems,R. Dahsyla,Y. Anei",1863,1932,69,1.15,0.86,1.44,61,49,64,52,3,3,3,1,2,1,0,0,2,0,1,0,0,0,1,1,1,0,0,1,1,0,0,0,0,0,0,0,0,0,0,0,0,0,0,0,0,0,0,0,0,0,0,0,0,0,0,0,0,0,0,0,0,0
2823646,2026-03-05,4,Bashkimi,Vëllaznimi,"D. Lake,J. Riley,M. Janjeva,S. Shorter,V. Bunjaku","A. Koshi,D. Wilson,J. Hellems,R. Dahsyla,Y. Anei",1932,1961,29,1.0,1.0,1.0,64,52,66,55,2,3,1,1,0,0,0,0,0,0,0,0,0,0,0,1,1,1,1,0,0,0,0,1,0,0,0,0,0,0,0,0,0,0,0,0,0,0,0,0,0,0,0,0,0,0,0,0,0,0,0,0,0,0
2823646,2026-03-05,4,Bashkimi,Vëllaznimi,"D. Lake,J. Riley,L. Zeqiri,S. Shorter,V. Bunjaku","A. Koshi,D. Wilson,J. Hellems,R. Dahsyla,Y. Anei",1961,2003,42,0.96,1.0,0.93,66,55,68,55,2,0,1,1,0,0,0,0,0,1,1,0,0,0,1,2,0,2,0,0,0,1,0,0,0,0,0,1,0,0,0,0,0,0,0,0,0,0,0,0,0,0,0,0,0,0,0,0,0,0,0,0,0,0
2823646,2026-03-05,4,Bashkimi,Vëllaznimi,"D. Lake,J. Riley,L. Zeqiri,S. Shorter,V. Bunjaku","D. Wilson,J. Hellems,R. Dahsyla,S. Zekiqi,Y. Anei",2003,2192,189,6.9,6.93,6.88,68,55,76,65,8,10,6,3,2,2,0,0,1,1,3,2,0,2,1,4,3,2,2,2,2,0,2,1,1,0,2,0,0,0,0,0,0,0,0,0,0,0,0,0,0,0,0,0,0,0,0,0,0,0,0,0,0,0
2823646,2026-03-05,4,Bashkimi,Vëllaznimi,"D. Lake,I. Nwamu,L. Zeqiri,M. Ismaili,S. Shorter","D. Wilson,J. Hellems,R. Dahsyla,S. Zekiqi,Y. Anei",2192,2203,11,0.1,0.1,0.1,76,65,76,65,0,0,0,0,0,0,0,0,0,0,0,0,0,0,1,1,0,1,0,0,0,1,0,0,0,0,0,0,0,0,0,0,0,0,0,0,0,0,0,0,0,0,0,0,0,0,0,0,0,0,0,0,0,0
2823646,2026-03-05,4,Bashkimi,Vëllaznimi,"D. Lake,I. Nwamu,L. Zeqiri,M. Ismaili,S. Shorter","J. Hellems,R. Dahsyla,S. Zekiqi,Y. Anei,Z. Reid",2203,2260,57,2.44,2.0,2.88,76,65,79,69,3,4,1,1,1,1,0,0,0,0,1,1,0,1,0,1,1,0,0,2,2,0,0,1,1,0,1,0,0,0,0,0,0,0,0,0,0,0,0,0,0,0,0,0,0,0,0,0,0,0,0,0,0,0
2823646,2026-03-05,4,Bashkimi,Vëllaznimi,"D. Lake,I. Nwamu,J. Riley,L. Zeqiri,M. Ismaili","D. Wilson,J. Hellems,R. Dahsyla,S. Zekiqi,Y. Anei",2260,2337,77,3.44,4.0,2.88,79,69,83,73,4,4,3,2,1,0,0,0,0,0,2,1,0,1,2,1,1,0,0,2,2,0,1,0,1,0,1,2,0,0,0,0,0,0,0,0,0,0,0,0,0,0,0,0,0,0,0,0,0,0,0,0,0,0
2823646,2026-03-05,4,Bashkimi,Vëllaznimi,"D. Lake,I. Nwamu,J. Riley,M. Ismaili,M. Janjeva","D. Wilson,J. Hellems,R. Dahsyla,S. Zekiqi,Y. Anei",2337,2346,9,0.49,0.1,0.88,83,73,83,75,0,2,0,0,0,0,0,0,0,0,0,0,0,0,0,0,0,0,0,2,2,0,0,0,0,0,0,1,0,0,0,0,0,0,0,0,0,0,0,0,0,0,0,0,0,0,0,0,0,0,0,0,0,0
2823646,2026-03-05,4,Bashkimi,Vëllaznimi,"D. Lake,I. Nwamu,J. Riley,M. Janjeva,V. Bunjaku","A. Rushiti,D. Wilson,R. Dahsyla,S. Zekiqi,Y. Anei",2346,2394,48,1.94,1.88,2.0,85,75,90,77,5,2,1,1,1,1,2,2,0,0,1,0,0,0,1,1,1,0,0,0,0,0,0,0,0,0,1,1,0,0,0,0,0,0,0,0,0,0,0,0,0,0,0,0,0,0,0,0,0,0,0,0,0,0
2823644,2026-03-04,1,GO+Peja,Trepça,"A. Hajdari,C. Edwards,C. Williams,F. Shoshaj,L. Routt","B. Tuna,D. Hajrizi,J. Payne,K. Hasbrouck,S. Jones",0,315,315,7.3,7.74,6.86,0,0,6,5,6,5,7,2,2,0,2,2,2,3,0,2,0,2,1,7,2,4,1,0,0,2,3,1,2,0,2,3,0,0,0,0,0,0,0,0,0,0,0,0,0,0,0,0,0,0,0,0,0,0,0,0,0,0
2823644,2026-03-04,1,GO+Peja,Trepça,"C. Edwards,C. Williams,F. Shoshaj,L. Routt,M. Mala","D. Hajrizi,D. Kapiti,J. Payne,K. Hasbrouck,S. Henry",315,360,45,0.96,0.93,1.0,6,5,9,5,3,0,2,1,2,1,0,0,1,1,1,0,0,0,2,1,0,0,0,0,0,0,0,0,0,0,0,0,0,0,0,0,0,0,0,0,0,0,0,0,0,0,0,0,0,0,0,0,0,0,0,0,0,0
2823644,2026-03-04,1,GO+Peja,Trepça,"C. Edwards,C. Williams,D. Davis,F. Shoshaj,M. Mala","A. Vining,D. Hajrizi,D. Kapiti,J. Payne,S. Henry",360,438,78,3.44,2.88,4.0,9,5,13,7,4,2,1,1,1,1,2,1,0,2,1,0,0,1,0,3,1,2,0,0,0,0,0,1,1,0,1,1,0,0,0,0,0,0,0,0,0,0,0,0,0,0,0,0,0,0,0,0,0,0,0,0,0,0
2823644,2026-03-04,1,GO+Peja,Trepça,"C. Edwards,C. Williams,D. Davis,F. Shoshaj,M. Mala","A. Vining,D. Kapiti,M. Amzil,M. Tmusic,S. Henry",438,467,29,1.0,1.0,1.0,13,7,13,7,0,0,1,0,1,0,0,0,0,0,0,1,0,0,0,0,0,0,0,0,0,0,1,0,0,0,1,0,0,0,0,0,0,0,0,0,0,0,0,0,0,0,0,0,0,0,0,0,0,0,0,0,0,0
2823644,2026-03-04,1,GO+Peja,Trepça,"C. Edwards,D. Bracey,D. Davis,M. Mala,S. Llapi","A. Vining,D. Kapiti,M. Amzil,M. Tmusic,S. Henry",467,550,83,2.72,3.44,2.0,13,7,20,10,7,3,3,3,0,0,1,1,0,1,2,0,0,0,1,2,1,1,1,0,0,0,0,0,0,0,0,1,0,0,0,0,0,0,0,0,0,0,0,0,0,0,0,0,0,0,0,0,0,0,0,0,0,0
2823644,2026-03-04,1,GO+Peja,Trepça,"A. Hajdari,D. Bracey,D. Davis,M. Mala,S. Llapi","A. Vining,D. Kapiti,M. Amzil,M. Tmusic,S. Henry",550,646,96,4.38,3.88,4.88,20,10,21,15,1,5,0,0,0,0,2,1,0,1,1,0,0,3,0,4,2,2,0,2,1,0,0,2,1,0,0,1,0,0,0,0,0,0,0,0,0,0,0,0,0,0,0,0,0,0,0,0,0,0,0,0,0,0
2823644,2026-03-04,2,GO+Peja,Trepça,"A. Hajdari,D. Bracey,D. Davis,L. Routt,M. Mala","A. Vining,D. Kapiti,M. Amzil,M. Tmusic,S. Henry",646,689,43,1.5,1.0,2.0,21,15,24,20,3,5,1,1,1,1,0,0,0,0,1,0,0,0,1,2,2,1,1,0,0,0,0,1,0,0,0,0,0,0,0,0,0,0,0,0,0,0,0,0,0,0,0,0,0,0,0,0,0,0,0,0,0,0
2823644,2026-03-04,2,GO+Peja,Trepça,"A. Hajdari,C. Edwards,D. Bracey,L. Routt,M. Mala","A. Vining,D. Kapiti,M. Amzil,M. Tmusic,S. Henry",689,711,22,1.22,1.0,1.44,24,20,26,22,2,2,1,1,0,0,0,0,0,0,1,0,0,0,0,1,1,0,0,1,0,1,0,0,0,0,0,1,0,0,0,0,0,0,0,0,0,0,0,0,0,0,0,0,0,0,0,0,0,0,0,0,0,0
2823644,2026-03-04,2,GO+Peja,Trepça,"A. Hajdari,C. Edwards,D. Bracey,L. Routt,M. Mala","A. Vining,M. Amzil,M. Tmusic,S. Henry,S. Jones",711,742,31,1.19,1.44,0.93,26,22,27,22,1,0,0,0,0,0,1,1,0,1,0,0,1,1,0,2,0,0,0,0,0,1,0,0,1,0,0,0,0,0,0,0,0,0,0,0,0,0,0,0,0,0,0,0,0,0,0,0,0,0,0,0,0,0
2823644,2026-03-04,2,GO+Peja,Trepça,"A. Hajdari,C. Edwards,C. Williams,L. Routt,M. Mala","A. Vining,K. Hasbrouck,M. Amzil,M. Tmusic,S. Jones",742,776,34,1.5,1.0,2.0,27,22,27,28,0,6,1,0,1,0,0,0,0,0,0,0,0,0,0,2,2,2,2,0,0,0,1,2,0,0,0,0,0,0,0,0,0,0,0,0,0,0,0,0,0,0,0,0,0,0,0,0,0,0,0,0,0,0
2823644,2026-03-04,2,GO+Peja,Trepça,"A. Hajdari,C. Edwards,C. Williams,F. Shoshaj,L. Routt","A. Vining,K. Hasbrouck,M. Amzil,M. Tmusic,S. Jones",776,826,50,2.5,3.0,2.0,27,28,31,28,4,0,2,2,0,0,0,0,0,2,1,0,0,1,0,2,0,2,0,0,0,0,0,0,1,0,0,0,0,0,0,0,0,0,0,0,0,0,0,0,0,0,0,0,0,0,0,0,0,0,0,0,0,0
2823644,2026-03-04,2,GO+Peja,Trepça,"A. Hajdari,C. Edwards,C. Williams,F. Shoshaj,L. Routt","J. Payne,K. Hasbrouck,M. Amzil,M. Tmusic,S. Jones",826,891,65,2.0,2.0,2.0,31,28,33,34,2,6,1,1,0,0,0,0,0,0,0,0,0,1,1,2,2,2,2,0,0,0,0,1,0,0,0,1,0,0,0,0,0,0,0,0,0,0,0,0,0,0,0,0,0,0,0,0,0,0,0,0,0,0
2823644,2026-03-04,2,GO+Peja,Trepça,"A. Hajdari,C. Edwards,C. Williams,L. Routt,M. Mala","B. Tuna,D. Hajrizi,J. Payne,K. Hasbrouck,S. Jones",891,969,78,2.0,2.0,2.0,33,34,33,36,0,2,2,0,1,0,0,0,0,1,0,0,0,0,0,2,1,1,0,0,0,0,2,1,0,0,0,0,0,0,0,0,0,0,0,0,0,0,0,0,0,0,0,0,0,0,0,0,0,0,0,0,0,0
2823644,2026-03-04,2,GO+Peja,Trepça,"A. Hajdari,C. Edwards,C. Williams,D. Davis,M. Mala","B. Tuna,D. Hajrizi,J. Payne,K. Hasbrouck,S. Jones",969,1000,31,2.0,2.0,2.0,33,36,33,38,0,2,0,0,0,0,0,0,0,0,0,1,0,2,0,1,1,0,0,0,0,0,0,1,1,0,1,0,0,0,0,0,0,0,0,0,0,0,0,0,0,0,0,0,0,0,0,0,0,0,0,0,0,0
2823644,2026-03-04,2,GO+Peja,Trepça,"A. Hajdari,C. Edwards,C. Williams,D. Bracey,F. Shoshaj","B. Tuna,D. Hajrizi,J. Payne,K. Hasbrouck,S. Jones",1000,1084,84,2.46,1.93,3.0,33,38,35,38,2,0,3,1,1,0,0,0,1,2,1,0,0,0,0,2,0,2,0,0,0,0,1,0,0,1,1,0,0,0,0,0,0,0,0,0,0,0,0,0,0,0,0,0,0,0,0,0,0,0,0,0,0,0
2823644,2026-03-04,2,GO+Peja,Trepça,"A. Hajdari,C. Edwards,C. Williams,D. Bracey,F. Shoshaj","D. Hajrizi,J. Payne,K. Hasbrouck,S. Henry,S. Jones",1084,1163,79,2.5,3.0,2.0,35,38,38,38,3,0,1,1,1,1,0,0,0,1,1,1,0,2,1,1,0,0,0,0,0,0,0,0,2,0,1,0,0,0,0,0,0,0,0,0,0,0,0,0,0,0,0,0,0,0,0,0,0,0,0,0,0,0
2823644,2026-03-04,2,GO+Peja,Trepça,"A. Hajdari,C. Williams,D. Bracey,D. Davis,M. Mala","J. Payne,M. Amzil,M. Tmusic,S. Henry,S. Jones",1163,1201,38,1.46,1.93,1.0,38,40,38,42,0,2,2,0,1,0,0,0,1,0,0,0,0,1,0,1,1,0,0,0,0,0,1,1,0,0,0,1,0,0,0,0,0,0,0,0,0,0,0,0,0,0,0,0,0,0,0,0,0,0,0,0,0,0
2823644,2026-03-04,3,GO+Peja,Trepça,"C. Williams,D. Bracey,L. Routt,M. Mala,S. Llapi","J. Payne,K. Hasbrouck,M. Amzil,M. Tmusic,S. Jones",1201,1281,80,2.5,3.0,2.0,38,42,40,42,2,0,2,1,1,0,0,0,0,1,0,0,0,1,1,1,0,1,0,0,0,0,1,0,1,0,1,0,0,0,0,0,0,0,0,0,0,0,0,0,0,0,0,0,0,0,0,0,0,0,0,0,0,0
2823644,2026-03-04,3,GO+Peja,Trepça,"C. Williams,D. Bracey,L. Routt,M. Mala,S. Llapi","D. Hajrizi,J. Payne,K. Hasbrouck,M. Tmusic,S. Jones",1281,1344,63,2.38,1.88,2.88,40,42,41,46,1,4,1,0,0,0,2,1,0,1,1,0,0,0,1,2,1,0,0,2,2,0,1,1,0,0,0,2,0,0,0,0,0,0,0,0,0,0,0,0,0,0,0,0,0,0,0,0,0,0,0,0,0,0
2823644,2026-03-04,3,GO+Peja,Trepça,"C. Edwards,C. Williams,D. Bracey,M. Mala,S. Llapi","D. Hajrizi,J. Payne,K. Hasbrouck,M. Tmusic,S. Jones",1344,1370,26,0.94,1.0,0.88,41,46,44,48,3,2,1,1,1,1,0,0,0,0,0,0,0,0,1,0,0,0,0,2,2,0,0,0,0,0,0,0,0,0,0,0,0,0,0,0,0,0,0,0,0,0,0,0,0,0,0,0,0,0,0,0,0,0
2823644,2026-03-04,3,GO+Peja,Trepça,"C. Edwards,C. Williams,D. Bracey,M. Mala,S. Llapi","D. Hajrizi,J. Payne,M. Tmusic,S. Henry,S. Jones",1370,1382,12,0.52,0.93,0.1,44,48,46,48,2,0,2,1,1,0,0,0,1,0,0,0,0,0,0,0,0,0,0,0,0,0,0,0,0,0,0,1,0,0,0,0,0,0,0,0,0,0,0,0,0,0,0,0,0,0,0,0,0,0,0,0,0,0
2823644,2026-03-04,3,GO+Peja,Trepça,"C. Edwards,C. Williams,D. Bracey,M. Mala,S. Llapi","D. Hajrizi,D. Kapiti,J. Payne,M. Tmusic,S. Henry",1382,1417,35,1.72,1.44,2.0,46,48,47,48,1,0,1,0,1,0,1,1,0,2,0,0,0,0,0,2,0,1,0,0,0,0,1,0,0,0,0,0,0,0,0,0,0,0,0,0,0,0,0,0,0,0,0,0,0,0,0,0,0,0,0,0,0,0
2823644,2026-03-04,3,GO+Peja,Trepça,"C. Edwards,C. Williams,D. Bracey,M. Mala,S. Llapi","A. Vining,D. Hajrizi,D. Kapiti,J. Payne,S. Henry",1417,1487,70,2.46,3.0,1.93,47,48,49,48,2,0,3,1,1,0,0,0,0,1,0,1,0,0,0,2,0,1,0,0,0,1,2,0,0,0,1,2,0,0,0,0,0,0,0,0,0,0,0,0,0,0,0,0,0,0,0,0,0,0,0,0,0,0
2823644,2026-03-04,3,GO+Peja,Trepça,"C. Edwards,C. Williams,D. Bracey,M. Mala,S. Llapi","A. Vining,B. Tuna,D. Kapiti,M. Amzil,S. Henry",1487,1567,80,3.72,3.44,4.0,49,48,50,55,1,7,2,0,1,0,1,1,0,1,0,0,0,1,1,4,3,1,1,0,0,0,2,2,1,0,0,0,0,0,0,0,0,0,0,0,0,0,0,0,0,0,0,0,0,0,0,0,0,0,0,0,0,0
2823644,2026-03-04,3,GO+Peja,Trepça,"A. Hajdari,C. Edwards,D. Bracey,D. Davis,M. Mala","A. Vining,B. Tuna,D. Kapiti,M. Amzil,S. Henry",1567,1694,127,5.21,5.99,4.44,50,55,61,58,11,3,6,3,1,1,5,4,3,2,1,0,0,1,0,3,1,1,0,1,1,0,0,0,0,0,1,2,0,0,0,0,0,0,0,0,0,0,0,0,0,0,0,0,0,0,0,0,0,0,0,0,0,0
2823644,2026-03-04,3,GO+Peja,Trepça,"A. Hajdari,C. Williams,D. Davis,F. Shoshaj,M. Mala","A. Vining,B. Tuna,D. Kapiti,M. Amzil,S. Henry",1694,1710,16,1.22,1.0,1.44,61,58,61,61,0,3,0,0,0,0,0,0,0,0,0,0,0,1,1,1,1,0,0,1,1,0,0,0,0,0,0,0,0,0,0,0,0,0,0,0,0,0,0,0,0,0,0,0,0,0,0,0,0,0,0,0,0,0
2823644,2026-03-04,3,GO+Peja,Trepça,"A. Hajdari,C. Williams,D. Bracey,D. Davis,M. Mala","A. Vining,B. Tuna,D. Kapiti,M. Amzil,S. Henry",1710,1800,90,2.45,2.15,2.76,61,61,64,66,3,5,5,1,2,1,0,0,2,0,1,0,0,0,2,1,1,1,1,4,2,0,1,1,0,0,0,0,0,0,0,0,0,0,0,0,0,0,0,0,0,0,0,0,0,0,0,0,0,0,0,0,0,0
2823644,2026-03-04,4,GO+Peja,Trepça,"A. Hajdari,C. Williams,D. Bracey,D. Davis,M. Mala","A. Vining,B. Tuna,D. Kapiti,K. Hasbrouck,M. Amzil",1800,1928,128,2.39,1.86,2.93,64,66,69,70,5,4,4,2,3,1,0,0,2,1,1,0,0,0,0,4,2,1,0,0,0,1,0,1,0,0,0,2,0,0,0,0,0,0,0,0,0,0,0,0,0,0,0,0,0,0,0,0,0,0,0,0,0,0
2823644,2026-03-04,4,GO+Peja,Trepça,"A. Hajdari,C. Williams,D. Bracey,D. Davis,M. Mala","A. Vining,B. Tuna,K. Hasbrouck,M. Amzil,S. Jones",1928,1965,37,2.0,2.0,2.0,69,70,71,70,2,0,2,1,1,0,0,0,0,1,0,0,0,0,0,1,0,1,0,0,0,0,1,0,0,0,1,1,0,0,0,0,0,0,0,0,0,0,0,0,0,0,0,0,0,0,0,0,0,0,0,0,0,0
2823644,2026-03-04,4,GO+Peja,Trepça,"A. Hajdari,C. Williams,D. Bracey,D. Davis,M. Mala","J. Payne,K. Hasbrouck,M. Amzil,M. Tmusic,S. Jones",1965,2019,54,1.96,1.93,2.0,71,70,71,75,0,5,2,0,0,0,0,0,1,0,0,0,0,1,0,2,2,1,1,0,0,0,1,1,1,0,0,0,0,0,0,0,0,0,0,0,0,0,0,0,0,0,0,0,0,0,0,0,0,0,0,0,0,0
2823644,2026-03-04,4,GO+Peja,Trepça,"A. Hajdari,C. Edwards,C. Williams,D. Bracey,M. Mala","D. Hajrizi,J. Payne,K. Hasbrouck,M. Tmusic,S. Jones",2019,2183,164,3.36,3.79,2.93,71,75,75,79,4,4,7,2,2,0,0,0,3,0,1,1,0,0,1,3,2,0,0,0,0,1,2,1,0,0,1,0,0,0,0,0,0,0,0,0,0,0,0,0,0,0,0,0,0,0,0,0,0,0,0,0,0,0
2823644,2026-03-04,4,GO+Peja,Trepça,"A. Hajdari,C. Edwards,C. Williams,D. Davis,M. Mala","D. Hajrizi,J. Payne,K. Hasbrouck,M. Tmusic,S. Jones",2183,2265,82,1.93,1.86,2.0,75,79,77,79,2,0,4,1,1,0,0,0,2,2,0,0,0,0,1,2,0,2,0,0,0,0,1,0,0,0,0,0,0,0,0,0,0,0,0,0,0,0,0,0,0,0,0,0,0,0,0,0,0,0,0,0,0,0
2823644,2026-03-04,4,GO+Peja,Trepça,"A. Hajdari,C. Edwards,C. Williams,D. Davis,M. Mala","J. Payne,K. Hasbrouck,M. Tmusic,S. Henry,S. Jones",2265,2350,85,1.43,0.93,1.93,77,79,79,83,2,4,2,1,0,0,0,0,1,0,0,0,0,0,0,3,2,1,0,0,0,1,0,1,0,0,0,0,0,0,0,0,0,0,0,0,0,0,0,0,0,0,0,0,0,0,0,0,0,0,0,0,0,0
2823644,2026-03-04,4,GO+Peja,Trepça,"A. Hajdari,C. Edwards,C. Williams,D. Bracey,M. Mala","J. Payne,K. Hasbrouck,M. Tmusic,S. Henry,S. Jones",2350,2387,37,1.5,2.0,1.0,79,83,83,85,4,2,2,2,0,0,0,0,0,0,0,0,0,0,1,1,1,0,0,0,0,0,0,0,0,0,0,1,0,0,0,0,0,0,0,0,0,0,0,0,0,0,0,0,0,0,0,0,0,0,0,0,0,0
2823644,2026-03-04,4,GO+Peja,Trepça,"A. Hajdari,C. Williams,D. Bracey,D. Davis,M. Mala","J. Payne,K. Hasbrouck,M. Amzil,M. Tmusic,S. Jones",2387,2395,8,0.49,0.1,0.88,84,85,84,86,0,1,0,0,0,0,0,0,0,0,0,0,0,0,3,0,0,0,0,2,1,1,0,0,0,0,0,0,0,0,0,0,0,0,0,0,0,0,0,0,0,0,0,0,0,0,0,0,0,0,0,0,0,0
2823644,2026-03-04,4,GO+Peja,Trepça,"A. Hajdari,C. Edwards,C. Williams,D. Bracey,M. Mala","J. Payne,K. Hasbrouck,M. Amzil,M. Tmusic,S. Jones",2395,2614,219,6.98,6.93,7.02,84,86,92,92,8,6,6,3,4,2,0,0,1,4,1,1,0,2,0,6,2,2,1,2,1,1,2,1,2,0,1,1,0,0,0,0,0,0,0,0,0,0,0,0,0,0,0,0,0,0,0,0,0,0,0,0,0,0
2823644,2026-03-04,5,GO+Peja,Trepça,"A. Hajdari,C. Edwards,C. Williams,D. Davis,M. Mala","A. Vining,D. Kapiti,J. Payne,M. Amzil,M. Tmusic",2614,2672,58,1.82,1.88,1.76,92,92,93,95,1,3,1,0,1,0,2,1,0,1,0,0,0,0,2,0,0,0,0,4,3,0,1,1,0,0,0,0,0,0,0,0,0,0,0,0,0,0,0,0,0,0,0,0,0,0,0,0,0,0,0,0,0,0
2823644,2026-03-04,5,GO+Peja,Trepça,"A. Hajdari,C. Edwards,C. Williams,D. Bracey,M. Mala","A. Vining,D. Kapiti,J. Payne,M. Amzil,M. Tmusic",2672,2677,5,0.55,1.0,0.1,93,95,95,95,2,0,1,1,0,0,0,0,0,0,1,0,0,0,0,0,0,0,0,0,0,0,0,0,0,0,0,0,0,0,0,0,0,0,0,0,0,0,0,0,0,0,0,0,0,0,0,0,0,0,0,0,0,0
2823644,2026-03-04,5,GO+Peja,Trepça,"A. Hajdari,C. Edwards,C. Williams,D. Bracey,M. Mala","A. Vining,D. Kapiti,J. Payne,K. Hasbrouck,M. Tmusic",2677,2699,22,1.0,1.0,1.0,95,95,95,98,0,3,1,0,1,0,0,0,0,0,0,0,0,0,0,1,1,1,1,0,0,0,0,0,0,0,0,0,0,0,0,0,0,0,0,0,0,0,0,0,0,0,0,0,0,0,0,0,0,0,0,0,0,0
2823647,2026-03-05,1,Sigal Prishtina,Golden Eagle Ylli,"A. Bailey,A. Lomax,A. Sinani,E. Clarance,V. Kakruki","D. Sabeckis,D. Thomas,E. Kastrati,S. Bamforth,T. Smith",0,181,181,4.34,3.88,4.81,0,0,4,6,4,6,3,1,1,0,2,2,0,0,1,1,0,0,4,3,2,1,0,2,2,1,2,1,0,0,2,3,0,0,0,0,0,0,0,0,0,0,0,0,0,0,0,0,0,0,0,0,0,0,0,0,0,0
2823647,2026-03-05,1,Sigal Prishtina,Golden Eagle Ylli,"A. Bailey,A. Lomax,A. Morina,E. Clarance,V. Kakruki","D. Sabeckis,D. Thomas,E. Kastrati,S. Bamforth,T. Smith",181,232,51,1.69,2.44,0.93,4,6,7,6,3,0,2,1,1,0,1,1,0,1,0,0,0,0,0,2,0,1,0,0,0,1,1,0,0,0,0,1,0,0,0,0,0,0,0,0,0,0,0,0,0,0,0,0,0,0,0,0,0,0,0,0,0,0
2823647,2026-03-05,1,Sigal Prishtina,Golden Eagle Ylli,"A. Bailey,A. Lomax,A. Morina,E. Clarance,V. Kakruki","D. Thomas,E. Kastrati,J. Gray,S. Bamforth,T. Smith",232,359,127,2.96,3.0,2.93,7,6,12,12,5,6,3,2,2,1,0,0,0,0,2,0,0,0,1,4,3,1,0,0,0,1,1,3,0,0,0,0,0,0,0,0,0,0,0,0,0,0,0,0,0,0,0,0,0,0,0,0,0,0,0,0,0,0
2823647,2026-03-05,1,Sigal Prishtina,Golden Eagle Ylli,"A. Bailey,A. Morina,D. Burns,D. Haxhosaj,E. Clarance","D. Thomas,E. Kastrati,J. Gray,S. Bamforth,T. Smith",359,395,36,1.44,1.0,1.88,12,12,15,16,3,4,1,1,1,1,0,0,0,0,1,0,0,0,0,1,1,0,0,2,2,0,0,1,0,0,0,0,0,0,0,0,0,0,0,0,0,0,0,0,0,0,0,0,0,0,0,0,0,0,0,0,0,0
2823647,2026-03-05,1,Sigal Prishtina,Golden Eagle Ylli,"A. Bailey,A. Morina,D. Burns,D. Haxhosaj,E. Clarance","A. Çallakaj,D. Thomas,J. Gray,S. Bamforth,T. Smith",395,402,7,0.72,1.0,0.44,15,16,15,16,0,0,0,0,0,0,0,0,0,1,0,0,0,1,1,0,0,0,0,1,0,0,0,0,0,0,0,0,0,0,0,0,0,0,0,0,0,0,0,0,0,0,0,0,0,0,0,0,0,0,0,0,0,0
2823647,2026-03-05,1,Sigal Prishtina,Golden Eagle Ylli,"A. Lomax,A. Morina,D. Burns,D. Haxhosaj,D. Williams","A. Çallakaj,D. Thomas,J. Gray,L. Shoshi,S. Bamforth",402,513,111,3.46,2.93,4.0,15,16,19,23,4,7,4,2,2,0,0,0,1,1,0,0,0,0,1,4,3,1,1,0,0,0,1,2,0,0,0,0,0,0,0,0,0,0,0,0,0,0,0,0,0,0,0,0,0,0,0,0,0,0,0,0,0,0
2823647,2026-03-05,1,Sigal Prishtina,Golden Eagle Ylli,"A. Lomax,A. Morina,D. Burns,D. Haxhosaj,D. Williams","A. Çallakaj,D. Sabeckis,G. Morina,J. Gray,L. Shoshi",513,705,192,6.88,7.32,6.44,19,23,24,28,5,5,4,1,1,0,3,3,0,1,1,2,0,2,1,3,2,1,0,1,1,0,3,1,1,0,3,3,0,0,0,0,0,0,0,0,0,0,0,0,0,0,0,0,0,0,0,0,0,0,0,0,0,0
2823647,2026-03-05,2,Sigal Prishtina,Golden Eagle Ylli,"A. Bailey,A. Lomax,A. Morina,D. Burns,V. Kakruki","D. Conger,G. Morina,J. Gray,S. Bamforth,T. Smith",705,878,173,6.82,6.76,6.88,24,28,33,37,9,9,5,3,2,1,4,2,0,0,2,2,0,0,1,3,3,1,1,2,2,0,3,3,0,0,3,2,0,0,0,0,0,0,0,0,0,0,0,0,0,0,0,0,0,0,0,0,0,0,0,0,0,0
2823647,2026-03-05,2,Sigal Prishtina,Golden Eagle Ylli,"A. Bailey,A. Morina,D. Burns,E. Clarance,V. Kakruki","D. Conger,G. Morina,J. Gray,S. Bamforth,T. Smith",878,972,94,2.6,2.88,2.32,33,37,37,40,4,3,2,1,1,0,2,2,0,1,0,0,0,0,1,1,1,0,0,3,1,0,1,1,0,0,0,1,0,0,0,0,0,0,0,0,0,0,0,0,0,0,0,0,0,0,0,0,0,0,0,0,0,0
2823647,2026-03-05,2,Sigal Prishtina,Golden Eagle Ylli,"A. Bailey,A. Morina,D. Burns,E. Clarance,V. Kakruki","D. Thomas,E. Kastrati,J. Gray,S. Bamforth,T. Smith",972,1021,49,1.0,1.0,1.0,37,40,37,40,0,0,1,0,0,0,0,0,0,1,0,0,0,0,2,1,0,0,0,0,0,0,1,0,0,0,0,0,0,0,0,0,0,0,0,0,0,0,0,0,0,0,0,0,0,0,0,0,0,0,0,0,0,0
2823647,2026-03-05,2,Sigal Prishtina,Golden Eagle Ylli,"A. Bailey,A. Morina,D. Burns,E. Clarance,V. Kakruki","D. Sabeckis,D. Thomas,E. Kastrati,S. Bamforth,T. Smith",1021,1153,132,3.87,3.86,3.88,37,40,46,45,9,5,6,4,2,1,0,0,2,2,4,0,0,0,0,3,1,2,1,2,2,0,0,1,0,1,0,0,0,0,0,0,0,0,0,0,0,0,0,0,0,0,0,0,0,0,0,0,0,0,0,0,0,0
2823647,2026-03-05,2,Sigal Prishtina,Golden Eagle Ylli,"A. Bailey,A. Morina,D. Burns,E. Clarance,V. Kakruki","D. Sabeckis,D. Thomas,E. Kastrati,L. Shoshi,S. Bamforth",1153,1200,47,2.0,2.0,2.0,46,45,48,48,2,3,2,1,0,0,0,0,0,0,0,1,0,0,0,1,1,1,1,0,0,0,0,1,0,0,1,0,0,0,0,0,0,0,0,0,0,0,0,0,0,0,0,0,0,0,0,0,0,0,0,0,0,0
2823647,2026-03-05,3,Sigal Prishtina,Golden Eagle Ylli,"A. Bailey,A. Lomax,A. Morina,D. Burns,V. Kakruki","D. Sabeckis,D. Thomas,E. Kastrati,S. Bamforth,T. Smith",1200,1463,263,6.29,5.58,7.0,48,48,54,52,6,4,9,3,3,0,0,0,6,2,1,0,0,3,3,4,2,0,0,0,0,0,0,2,1,2,3,4,0,0,0,0,0,0,0,0,0,0,0,0,0,0,0,0,0,0,0,0,0,0,0,0,0,0
2823647,2026-03-05,3,Sigal Prishtina,Golden Eagle Ylli,"A. Bailey,A. Lomax,A. Morina,E. Clarance,V. Kakruki","A. Gashi,D. Sabeckis,E. Kastrati,S. Bamforth,T. Smith",1463,1479,16,0.55,0.1,1.0,54,52,54,52,0,0,0,0,0,0,0,0,0,1,0,0,0,0,0,1,0,1,0,0,0,0,0,0,0,0,0,1,0,0,0,0,0,0,0,0,0,0,0,0,0,0,0,0,0,0,0,0,0,0,0,0,0,0
2823647,2026-03-05,3,Sigal Prishtina,Golden Eagle Ylli,"A. Bailey,A. Lomax,A. Sinani,E. Clarance,V. Kakruki","A. Gashi,D. Sabeckis,E. Kastrati,L. Shoshi,S. Bamforth",1479,1523,44,0.55,0.1,1.0,56,52,56,52,0,0,1,0,1,0,0,0,1,1,0,0,0,0,0,1,0,1,0,0,0,0,0,0,0,0,0,1,0,0,0,0,0,0,0,0,0,0,0,0,0,0,0,0,0,0,0,0,0,0,0,0,0,0
2823647,2026-03-05,3,Sigal Prishtina,Golden Eagle Ylli,"A. Lomax,A. Sinani,D. Haxhosaj,D. Williams,E. Clarance","A. Gashi,D. Sabeckis,E. Kastrati,L. Shoshi,S. Bamforth",1523,1573,50,1.4,1.81,1.0,56,52,58,52,2,0,2,0,1,0,2,2,1,1,0,0,0,0,1,1,0,1,0,0,0,0,1,0,0,0,0,0,0,0,0,0,0,0,0,0,0,0,0,0,0,0,0,0,0,0,0,0,0,0,0,0,0,0
2823647,2026-03-05,3,Sigal Prishtina,Golden Eagle Ylli,"A. Lomax,A. Sinani,D. Haxhosaj,D. Williams,E. Clarance","A. Gashi,D. Sabeckis,E. Kastrati,J. Gray,T. Smith",1573,1702,129,3.31,2.81,3.81,58,52,63,59,5,7,3,1,2,1,2,2,1,1,1,0,0,0,0,4,2,3,1,2,2,1,1,1,0,0,0,1,0,0,0,0,0,0,0,0,0,0,0,0,0,0,0,0,0,0,0,0,0,0,0,0,0,0
2823647,2026-03-05,3,Sigal Prishtina,Golden Eagle Ylli,"A. Sinani,D. Burns,D. Haxhosaj,D. Williams,E. Clarance","D. Thomas,E. Kastrati,J. Gray,S. Bamforth,T. Smith",1702,1800,98,3.12,3.37,2.88,63,59,68,61,5,2,4,2,2,0,1,1,1,2,0,0,0,0,1,2,1,1,0,2,0,0,1,0,0,0,0,1,0,0,0,0,0,0,0,0,0,0,0,0,0,0,0,0,0,0,0,0,0,0,0,0,0,0
2823647,2026-03-05,4,Sigal Prishtina,Golden Eagle Ylli,"A. Bailey,A. Morina,D. Burns,E. Clarance,V. Kakruki","D. Thomas,E. Kastrati,J. Gray,S. Bamforth,T. Smith",1800,1921,121,3.5,3.0,4.0,68,61,70,67,2,6,1,1,0,0,0,0,0,0,0,1,0,2,0,3,3,0,0,0,0,0,0,1,2,0,1,0,0,0,0,0,0,0,0,0,0,0,0,0,0,0,0,0,0,0,0,0,0,0,0,0,0,0
2823647,2026-03-05,4,Sigal Prishtina,Golden Eagle Ylli,"A. Bailey,A. Lomax,A. Morina,D. Burns,V. Kakruki","D. Thomas,E. Kastrati,J. Gray,S. Bamforth,T. Smith",1921,2018,97,3.46,3.93,3.0,70,67,74,67,4,0,5,2,1,0,0,0,1,1,0,1,0,0,1,1,0,0,0,0,0,0,2,0,0,0,2,0,0,0,0,0,0,0,0,0,0,0,0,0,0,0,0,0,0,0,0,0,0,0,0,0,0,0
2823647,2026-03-05,4,Sigal Prishtina,Golden Eagle Ylli,"A. Bailey,A. Lomax,A. Morina,D. Burns,V. Kakruki","D. Sabeckis,D. Thomas,J. Gray,L. Shoshi,S. Bamforth",2018,2063,45,0.96,0.93,1.0,74,67,74,67,0,0,2,0,2,0,0,0,1,1,0,0,0,0,1,1,0,1,0,0,0,0,1,0,0,0,0,0,0,0,0,0,0,0,0,0,0,0,0,0,0,0,0,0,0,0,0,0,0,0,0,0,0,0
2823647,2026-03-05,4,Sigal Prishtina,Golden Eagle Ylli,"A. Lomax,A. Morina,D. Burns,E. Clarance,V. Kakruki","D. Sabeckis,D. Thomas,J. Gray,L. Shoshi,S. Bamforth",2063,2127,64,1.94,1.88,2.0,74,67,76,69,2,2,1,0,0,0,2,2,0,0,0,0,0,0,1,1,1,0,0,0,0,0,1,0,0,0,1,1,0,0,0,0,0,0,0,0,0,0,0,0,0,0,0,0,0,0,0,0,0,0,0,0,0,0
2823647,2026-03-05,4,Sigal Prishtina,Golden Eagle Ylli,"A. Lomax,A. Morina,D. Burns,E. Clarance,V. Kakruki","D. Sabeckis,E. Kastrati,J. Gray,S. Bamforth,T. Smith",2127,2170,43,1.0,1.0,1.0,76,69,76,72,0,3,0,0,0,0,0,0,0,0,0,0,0,1,0,1,1,1,1,0,0,0,0,1,0,0,0,0,0,0,0,0,0,0,0,0,0,0,0,0,0,0,0,0,0,0,0,0,0,0,0,0,0,0
2823647,2026-03-05,4,Sigal Prishtina,Golden Eagle Ylli,"A. Bailey,A. Lomax,A. Morina,D. Burns,V. Kakruki","D. Sabeckis,E. Kastrati,J. Gray,S. Bamforth,T. Smith",2170,2399,229,5.44,5.03,5.86,76,72,80,82,4,10,5,1,0,0,2,2,2,0,1,1,0,2,1,7,5,1,0,0,0,2,1,4,0,0,1,2,0,0,0,0,0,0,0,0,0,0,0,0,0,0,0,0,0,0,0,0,0,0,0,0,0,0
2823643,2026-03-04,1,Rahoveci 029,Bora,"B. Rexha,F. Rugova,J. Mccorrmick,K. Pullian,R. Granberry","A. Hot,A. Hunter,J. Zeqiri,R. Memedi,S. Jules",0,251,251,7.38,6.76,8.0,0,0,9,12,9,12,4,2,2,1,4,4,0,3,1,0,0,1,0,7,4,5,4,0,0,0,2,3,0,0,1,3,0,0,0,0,0,0,0,0,0,0,0,0,0,0,0,0,0,0,0,0,0,0,0,0,0,0
2823643,2026-03-04,1,Rahoveci 029,Bora,"A. Berisha,F. Rugova,J. Mccorrmick,K. Pullian,R. Granberry","A. Hunter,J. Dingle,R. Memedi,R. Ukaj,S. Jules",251,315,64,2.62,2.32,2.93,10,12,13,15,3,3,1,1,0,0,3,1,0,2,0,0,0,0,2,4,1,2,1,0,0,1,1,0,0,0,0,1,0,0,0,0,0,0,0,0,0,0,0,0,0,0,0,0,0,0,0,0,0,0,0,0,0,0
2823643,2026-03-04,1,Rahoveci 029,Bora,"A. Berisha,A. Thomas,F. Rugova,J. Mccorrmick,K. Pullian","J. Dingle,J. Zeqiri,R. Memedi,R. Ukaj,T. Cheese",315,345,30,1.72,1.0,2.44,13,15,13,20,0,5,1,0,1,0,0,0,0,0,0,0,0,0,2,2,2,0,0,1,1,0,1,2,0,0,0,0,0,0,0,0,0,0,0,0,0,0,0,0,0,0,0,0,0,0,0,0,0,0,0,0,0,0
2823643,2026-03-04,1,Rahoveci 029,Bora,"A. Berisha,A. Thomas,F. Rugova,K. Pullian,N. Mcloud","J. Dingle,J. Zeqiri,R. Memedi,R. Ukaj,T. Cheese",345,522,177,5.29,5.0,5.58,13,20,20,24,7,4,4,3,2,1,0,0,0,4,1,0,0,1,0,6,2,3,0,1,0,1,1,2,1,0,0,1,0,0,0,0,0,0,0,0,0,0,0,0,0,0,0,0,0,0,0,0,0,0,0,0,0,0
2823643,2026-03-04,1,Rahoveci 029,Bora,"A. Berisha,A. Thomas,J. Mccorrmick,K. Ujkani,N. Mcloud","A. Hot,A. Hunter,R. Ukaj,S. Jules,T. Cheese",522,600,78,2.44,2.88,2.0,20,24,21,27,1,3,1,0,1,0,2,1,0,1,0,0,0,1,0,2,1,1,1,0,0,0,1,1,1,0,0,0,0,0,0,0,0,0,0,0,0,0,0,0,0,0,0,0,0,0,0,0,0,0,0,0,0,0
2823643,2026-03-04,2,Rahoveci 029,Bora,"A. Berisha,A. Thomas,J. Mccorrmick,K. Ujkani,R. Granberry","A. Hot,A. Hunter,R. Memedi,R. Ukaj,S. Jules",600,648,48,1.5,2.0,1.0,21,27,23,30,2,3,2,1,0,0,0,0,0,0,0,0,0,0,0,1,1,1,1,0,0,0,1,0,0,0,0,1,0,0,0,0,0,0,0,0,0,0,0,0,0,0,0,0,0,0,0,0,0,0,0,0,0,0
2823643,2026-03-04,2,Rahoveci 029,Bora,"A. Berisha,A. Thomas,J. Mccorrmick,R. Granberry,V. Ejupi","A. Hot,A. Hunter,R. Memedi,R. Ukaj,S. Jules",648,735,87,2.37,2.37,2.37,23,30,24,35,1,5,2,0,1,0,1,1,1,0,0,0,0,1,3,3,2,1,0,1,1,1,1,0,1,0,0,0,0,0,0,0,0,0,0,0,0,0,0,0,0,0,0,0,0,0,0,0,0,0,0,0,0,0
2823643,2026-03-04,2,Rahoveci 029,Bora,"A. Berisha,A. Thomas,F. Rugova,K. Pullian,V. Ejupi","A. Hot,A. Hunter,J. Dingle,J. Zeqiri,S. Jules",735,771,36,1.5,1.0,2.0,24,35,24,38,0,3,1,0,1,0,0,0,0,1,0,0,0,0,0,2,1,1,1,0,0,0,1,1,0,0,0,0,0,0,0,0,0,0,0,0,0,0,0,0,0,0,0,0,0,0,0,0,0,0,0,0,0,0
2823643,2026-03-04,2,Rahoveci 029,Bora,"A. Thomas,B. Rexha,F. Rugova,J. Mccorrmick,K. Pullian","A. Hot,J. Dingle,J. Zeqiri,S. Jules,T. Cheese",771,804,33,1.5,2.0,1.0,24,38,26,38,2,0,2,1,0,0,0,0,0,0,0,1,0,0,0,0,0,0,0,0,0,0,1,0,0,0,1,0,0,0,0,0,0,0,0,0,0,0,0,0,0,0,0,0,0,0,0,0,0,0,0,0,0,0
2823643,2026-03-04,2,Rahoveci 029,Bora,"A. Thomas,B. Rexha,F. Rugova,J. Mccorrmick,K. Pullian","A. Hot,J. Dingle,J. Zeqiri,R. Ukaj,T. Cheese",804,893,89,2.46,1.93,3.0,26,38,26,41,0,3,3,0,2,0,0,0,1,2,0,0,0,0,1,3,1,2,1,0,0,0,2,1,0,0,0,1,0,0,0,0,0,0,0,0,0,0,0,0,0,0,0,0,0,0,0,0,0,0,0,0,0,0
2823643,2026-03-04,2,Rahoveci 029,Bora,"B. Rexha,F. Rugova,J. Mccorrmick,K. Pullian,N. Mcloud","A. Hot,A. Hunter,R. Ukaj,S. Jules,T. Cheese",893,945,52,1.5,2.0,1.0,26,41,28,41,2,0,1,1,0,0,0,0,0,0,0,1,0,1,0,0,0,0,0,0,0,0,0,0,0,0,1,1,0,0,0,0,0,0,0,0,0,0,0,0,0,0,0,0,0,0,0,0,0,0,0,0,0,0
2823643,2026-03-04,2,Rahoveci 029,Bora,"B. Rexha,F. Rugova,J. Mccorrmick,K. Pullian,N. Mcloud","A. Hot,A. Hunter,J. Zeqiri,R. Memedi,S. Jules",945,982,37,1.22,1.44,1.0,28,41,31,44,3,3,1,1,0,0,1,1,0,0,1,0,0,0,0,1,1,1,1,0,0,0,0,0,0,0,0,1,0,0,0,0,0,0,0,0,0,0,0,0,0,0,0,0,0,0,0,0,0,0,0,0,0,0
2823643,2026-03-04,2,Rahoveci 029,Bora,"B. Rexha,F. Rugova,J. Mccorrmick,K. Pullian,N. Mcloud","A. Hunter,J. Dingle,J. Zeqiri,R. Memedi,S. Jules",982,1159,177,5.62,5.32,5.93,31,44,39,54,8,10,4,3,1,0,3,2,0,1,1,1,0,0,0,6,4,4,2,0,0,1,2,4,0,0,1,1,0,0,0,0,0,0,0,0,0,0,0,0,0,0,0,0,0,0,0,0,0,0,0,0,0,0
2823643,2026-03-04,2,Rahoveci 029,Bora,"B. Rexha,F. Rugova,J. Mccorrmick,K. Pullian,R. Granberry","A. Hunter,J. Dingle,J. Zeqiri,R. Memedi,R. Ukaj",1159,1172,13,0.1,0.1,0.1,39,54,39,54,0,0,0,0,0,0,0,0,0,0,0,0,0,0,0,0,0,0,0,0,0,0,0,0,0,0,0,1,0,0,0,0,0,0,0,0,0,0,0,0,0,0,0,0,0,0,0,0,0,0,0,0,0,0
2823643,2026-03-04,2,Rahoveci 029,Bora,"A. Berisha,F. Rugova,J. Mccorrmick,K. Pullian,R. Granberry","A. Hunter,J. Dingle,J. Zeqiri,R. Memedi,R. Ukaj",1172,1200,28,1.44,1.88,1.0,39,54,43,54,4,0,1,1,0,0,2,2,0,1,1,0,0,0,0,1,0,1,0,0,0,0,0,0,0,0,0,0,0,0,0,0,0,0,0,0,0,0,0,0,0,0,0,0,0,0,0,0,0,0,0,0,0,0
2823643,2026-03-04,3,Rahoveci 029,Bora,"B. Rexha,F. Rugova,J. Mccorrmick,K. Pullian,R. Granberry","A. Hot,A. Hunter,J. Zeqiri,R. Memedi,S. Jules",1200,1330,130,3.16,3.31,3.0,43,54,46,56,3,2,5,1,1,0,2,1,3,2,0,0,0,0,1,3,1,1,0,0,0,0,2,1,0,0,0,1,0,0,0,0,0,0,0,0,0,0,0,0,0,0,0,0,0,0,0,0,0,0,0,0,0,0
2823643,2026-03-04,3,Rahoveci 029,Bora,"B. Rexha,F. Rugova,J. Mccorrmick,K. Pullian,R. Granberry","A. Hunter,J. Zeqiri,R. Memedi,S. Jules,T. Cheese",1330,1389,59,1.5,1.0,2.0,46,56,49,58,3,2,1,1,1,1,0,0,0,1,1,0,0,0,0,2,1,1,0,0,0,0,0,0,0,0,0,0,0,0,0,0,0,0,0,0,0,0,0,0,0,0,0,0,0,0,0,0,0,0,0,0,0,0
2823643,2026-03-04,3,Rahoveci 029,Bora,"B. Rexha,F. Rugova,J. Mccorrmick,K. Pullian,R. Granberry","A. Hunter,R. Memedi,R. Ukaj,S. Jules,T. Cheese",1389,1448,59,1.5,2.0,1.0,49,58,49,58,0,0,0,0,0,0,0,0,0,1,0,0,0,2,1,1,0,0,0,0,0,0,0,0,0,0,0,1,0,0,0,0,0,0,0,0,0,0,0,0,0,0,0,0,0,0,0,0,0,0,0,0,0,0
2823643,2026-03-04,3,Rahoveci 029,Bora,"F. Rugova,J. Mccorrmick,K. Pullian,K. Ujkani,R. Granberry","A. Hunter,R. Memedi,R. Ukaj,S. Jules,T. Cheese",1448,1509,61,1.46,1.0,1.93,49,58,49,61,0,3,1,0,0,0,0,0,0,0,0,0,1,0,0,2,1,2,1,0,0,1,1,1,0,0,1,1,0,0,0,0,0,0,0,0,0,0,0,0,0,0,0,0,0,0,0,0,0,0,0,0,0,0
2823643,2026-03-04,3,Rahoveci 029,Bora,"A. Thomas,F. Rugova,J. Mccorrmick,K. Pullian,K. Ujkani","A. Hunter,J. Dingle,J. Zeqiri,R. Memedi,R. Ukaj",1509,1567,58,1.46,1.0,1.93,50,61,50,64,0,3,1,0,0,0,0,0,0,0,0,1,0,0,0,2,1,1,1,0,0,1,1,1,0,0,1,0,0,0,0,0,0,0,0,0,0,0,0,0,0,0,0,0,0,0,0,0,0,0,0,0,0,0
2823643,2026-03-04,3,Rahoveci 029,Bora,"A. Thomas,F. Rugova,K. Pullian,K. Ujkani,N. Mcloud","A. Hunter,J. Dingle,J. Zeqiri,R. Memedi,R. Ukaj",1567,1591,24,1.0,1.0,1.0,50,64,50,64,0,0,1,0,0,0,0,0,0,0,0,0,0,0,0,0,0,0,0,0,0,0,1,0,0,0,1,0,0,0,0,0,0,0,0,0,0,0,0,0,0,0,0,0,0,0,0,0,0,0,0,0,0,0
2823643,2026-03-04,3,Rahoveci 029,Bora,"A. Berisha,A. Thomas,F. Rugova,K. Pullian,N. Mcloud","A. Hunter,J. Dingle,J. Zeqiri,R. Memedi,R. Ukaj",1591,1605,14,0.1,0.1,0.1,50,64,50,64,0,0,0,0,0,0,0,0,0,0,0,0,0,0,0,0,0,0,0,0,0,0,0,0,0,0,0,1,0,0,0,0,0,0,0,0,0,0,0,0,0,0,0,0,0,0,0,0,0,0,0,0,0,0
2823643,2026-03-04,3,Rahoveci 029,Bora,"A. Berisha,A. Thomas,F. Rugova,K. Pullian,N. Mcloud","A. Hunter,J. Dingle,J. Zeqiri,R. Memedi,S. Jules",1605,1674,69,2.46,3.0,1.93,50,64,50,67,0,3,1,0,0,0,0,0,0,1,0,0,0,2,0,3,1,3,1,0,0,1,1,1,0,1,0,0,0,0,0,0,0,0,0,0,0,0,0,0,0,0,0,0,0,0,0,0,0,0,0,0,0,0
2823643,2026-03-04,3,Rahoveci 029,Bora,"A. Thomas,F. Rugova,H. Durguti,K. Pullian,N. Mcloud","A. Hunter,J. Dingle,J. Zeqiri,R. Memedi,S. Jules",1674,1692,18,0.55,0.1,1.0,50,67,50,67,0,0,0,0,0,0,0,0,0,1,0,0,0,0,0,1,0,0,0,0,0,0,0,0,0,0,0,0,0,0,0,0,0,0,0,0,0,0,0,0,0,0,0,0,0,0,0,0,0,0,0,0,0,0
2823643,2026-03-04,3,Rahoveci 029,Bora,"A. Thomas,F. Rugova,H. Durguti,J. Mccorrmick,N. Mcloud","J. Dingle,J. Zeqiri,R. Memedi,R. Ukaj,S. Jules",1692,1697,5,0.1,0.1,0.1,50,67,50,67,0,0,0,0,0,0,0,0,0,0,0,0,0,0,0,0,0,0,0,0,0,0,0,0,0,0,0,0,0,0,0,0,0,0,0,0,0,0,0,0,0,0,0,0,0,0,0,0,0,0,0,0,0,0
2823643,2026-03-04,3,Rahoveci 029,Bora,"A. Thomas,F. Rugova,H. Durguti,J. Mccorrmick,N. Mcloud","J. Zeqiri,R. Memedi,R. Ukaj,S. Jules,T. Cheese",1697,1699,2,0.1,0.1,0.1,50,67,50,67,0,0,0,0,0,0,0,0,0,0,0,0,0,0,0,0,0,0,0,0,0,0,0,0,0,0,0,1,0,0,0,0,0,0,0,0,0,0,0,0,0,0,0,0,0,0,0,0,0,0,0,0,0,0
2823643,2026-03-04,3,Rahoveci 029,Bora,"A. Thomas,F. Rugova,H. Durguti,J. Mccorrmick,N. Mcloud","A. Hunter,J. Dingle,J. Zeqiri,R. Memedi,S. Jules",1699,1739,40,0.96,1.0,0.93,52,67,52,67,0,0,1,0,1,0,0,0,0,1,0,0,0,0,1,2,0,2,0,0,0,1,1,0,0,0,0,0,0,0,0,0,0,0,0,0,0,0,0,0,0,0,0,0,0,0,0,0,0,0,0,0,0,0
2823643,2026-03-04,3,Rahoveci 029,Bora,"A. Thomas,F. Rugova,H. Durguti,J. Mccorrmick,N. Mcloud","A. Hot,A. Hunter,J. Dingle,R. Memedi,S. Jules",1739,1800,61,1.5,1.0,2.0,52,67,54,70,2,3,1,1,0,0,0,0,0,0,1,0,0,0,0,2,1,2,1,0,0,0,0,1,0,0,0,0,0,0,0,0,0,0,0,0,0,0,0,0,0,0,0,0,0,0,0,0,0,0,0,0,0,0
2823643,2026-03-04,4,Rahoveci 029,Bora,"A. Thomas,F. Rugova,H. Durguti,J. Mccorrmick,N. Mcloud","A. Hot,J. Dingle,J. Zeqiri,R. Memedi,S. Jules",1800,1907,107,2.46,1.93,3.0,54,70,56,70,2,0,3,1,0,0,0,0,1,3,0,0,0,0,0,3,0,2,0,0,0,0,1,0,0,0,0,1,0,0,0,0,0,0,0,0,0,0,0,0,0,0,0,0,0,0,0,0,0,0,0,0,0,0
2823643,2026-03-04,4,Rahoveci 029,Bora,"A. Thomas,F. Rugova,H. Durguti,J. Mccorrmick,N. Mcloud","A. Hot,A. Hunter,R. Memedi,R. Ukaj,S. Jules",1907,1964,57,1.5,2.0,1.0,56,70,61,72,5,2,2,2,1,1,0,0,0,0,0,0,0,0,1,1,1,0,0,0,0,0,0,1,0,0,0,0,0,0,0,0,0,0,0,0,0,0,0,0,0,0,0,0,0,0,0,0,0,0,0,0,0,0
2823643,2026-03-04,4,Rahoveci 029,Bora,"A. Thomas,F. Rugova,H. Durguti,J. Mccorrmick,R. Granberry","A. Hot,A. Hunter,R. Memedi,R. Ukaj,S. Jules",1964,2053,89,1.96,2.0,1.93,61,72,63,72,2,0,2,1,0,0,0,0,0,1,1,1,0,0,2,2,0,2,0,0,0,1,1,0,0,0,1,0,0,0,0,0,0,0,0,0,0,0,0,0,0,0,0,0,0,0,0,0,0,0,0,0,0,0
2823643,2026-03-04,4,Rahoveci 029,Bora,"A. Thomas,F. Rugova,H. Durguti,J. Mccorrmick,K. Pullian","A. Hot,A. Hunter,J. Zeqiri,R. Memedi,S. Jules",2053,2121,68,1.94,2.0,1.88,63,72,68,74,5,2,2,2,1,1,0,0,0,0,1,1,0,0,0,0,0,0,0,2,2,0,0,0,0,0,1,0,0,0,0,0,0,0,0,0,0,0,0,0,0,0,0,0,0,0,0,0,0,0,0,0,0,0
2823643,2026-03-04,4,Rahoveci 029,Bora,"A. Thomas,F. Rugova,H. Durguti,J. Mccorrmick,K. Pullian","A. Hunter,J. Dingle,J. Zeqiri,R. Memedi,S. Jules",2121,2169,48,1.5,1.0,2.0,68,74,68,77,0,3,1,0,0,0,0,0,0,0,0,0,0,0,1,1,1,1,1,0,0,0,1,1,0,0,1,0,0,0,0,0,0,0,0,0,0,0,0,0,0,0,0,0,0,0,0,0,0,0,0,0,0,0
2823643,2026-03-04,4,Rahoveci 029,Bora,"A. Thomas,F. Rugova,H. Durguti,J. Mccorrmick,K. Pullian","A. Hot,J. Dingle,J. Zeqiri,R. Memedi,S. Jules",2169,2204,35,1.5,2.0,1.0,68,77,72,77,4,0,2,2,0,0,0,0,0,0,1,1,0,0,0,0,0,0,0,0,0,0,0,0,0,0,1,0,0,0,0,0,0,0,0,0,0,0,0,0,0,0,0,0,0,0,0,0,0,0,0,0,0,0
2823643,2026-03-04,4,Rahoveci 029,Bora,"A. Thomas,F. Rugova,H. Durguti,J. Mccorrmick,K. Pullian","A. Hunter,J. Dingle,J. Zeqiri,R. Memedi,S. Jules",2204,2335,131,3.87,3.0,4.74,72,77,75,82,3,5,2,1,1,1,0,0,0,1,0,0,0,1,1,4,1,3,1,2,2,2,1,1,1,1,2,0,0,0,0,0,0,0,0,0,0,0,0,0,0,0,0,0,0,0,0,0,0,0,0,0,0,0
2823643,2026-03-04,4,Rahoveci 029,Bora,"A. Thomas,F. Rugova,H. Durguti,J. Mccorrmick,K. Pullian","A. Hunter,J. Dingle,R. Memedi,R. Ukaj,S. Jules",2335,2380,45,1.44,2.0,0.88,75,82,75,84,0,2,2,0,1,0,0,0,0,0,0,0,0,0,2,0,0,0,0,2,2,0,2,0,0,0,0,1,0,0,0,0,0,0,0,0,0,0,0,0,0,0,0,0,0,0,0,0,0,0,0,0,0,0
2823643,2026-03-04,4,Rahoveci 029,Bora,"A. Thomas,E. Haxhimurati,F. Rugova,H. Durguti,K. Pullian","A. Hunter,J. Dingle,J. Zeqiri,R. Memedi,R. Ukaj",2380,2394,14,0.49,0.1,0.88,75,84,75,85,0,1,0,0,0,0,0,0,0,0,0,0,0,0,0,0,0,0,0,2,1,0,0,0,0,0,0,0,0,0,0,0,0,0,0,0,0,0,0,0,0,0,0,0,0,0,0,0,0,0,0,0,0,0
2823643,2026-03-04,4,Rahoveci 029,Bora,"A. Thomas,E. Haxhimurati,F. Rugova,H. Durguti,K. Pullian","A. Hunter,J. Zeqiri,R. Memedi,R. Ukaj,Y. Pllana",2394,2399,5,0.55,1.0,0.1,75,85,77,85,2,0,1,1,0,0,0,0,0,0,0,0,0,0,0,0,0,0,0,0,0,0,0,0,0,0,0,0,0,0,0,0,0,0,0,0,0,0,0,0,0,0,0,0,0,0,0,0,0,0,0,0,0,0
2825672,2026-03-09,1,Rahoveci 029,Bashkimi,"A. Thomas,B. Rexha,F. Rugova,J. Mccorrmick,K. Pullian","D. Lake,J. Riley,L. Zeqiri,M. Ismaili,S. Shorter",0,127,127,4.44,3.88,5.0,0,0,4,5,4,5,3,1,1,1,2,1,0,0,2,1,0,0,0,2,2,1,1,0,0,0,2,0,0,0,3,2,0,0,0,0,0,0,0,0,0,0,0,0,0,0,0,0,0,0,0,0,0,0,0,0,0,0
2825672,2026-03-09,1,Rahoveci 029,Bashkimi,"A. Thomas,B. Rexha,F. Rugova,J. Mccorrmick,K. Pullian","J. Riley,K. Wooten,L. Zeqiri,M. Ismaili,S. Shorter",127,221,94,3.4,3.81,3.0,4,5,13,5,9,0,4,3,1,1,2,2,1,1,2,2,0,0,1,1,0,1,0,0,0,0,0,0,0,1,2,0,0,0,0,0,0,0,0,0,0,0,0,0,0,0,0,0,0,0,0,0,0,0,0,0,0,0
2825672,2026-03-09,1,Rahoveci 029,Bashkimi,"A. Thomas,B. Rexha,F. Rugova,J. Mccorrmick,K. Pullian","J. Riley,K. Anderson,K. Wooten,L. Zeqiri,V. Bunjaku",221,414,193,6.1,6.2,6.0,13,5,23,13,10,8,4,3,1,1,5,3,0,1,3,1,0,0,1,5,4,1,0,0,0,0,3,1,0,0,1,2,0,0,0,0,0,0,0,0,0,0,0,0,0,0,0,0,0,0,0,0,0,0,0,0,0,0
2825672,2026-03-09,1,Rahoveci 029,Bashkimi,"A. Thomas,H. Durguti,J. Mccorrmick,K. Pullian,K. Ujkani","J. Riley,K. Anderson,K. Wooten,L. Zeqiri,V. Bunjaku",414,467,53,2.0,2.0,2.0,23,13,26,15,3,2,2,1,1,1,0,0,0,1,1,0,0,0,1,2,1,1,0,0,0,0,1,1,0,0,0,0,0,0,0,0,0,0,0,0,0,0,0,0,0,0,0,0,0,0,0,0,0,0,0,0,0,0
2825672,2026-03-09,1,Rahoveci 029,Bashkimi,"H. Durguti,J. Mccorrmick,K. Pullian,K. Ujkani,N. Mcloud","K. Anderson,K. Wooten,L. Zeqiri,S. Shorter,V. Bunjaku",467,600,133,3.93,3.93,3.93,26,17,30,22,4,5,5,2,1,0,0,0,1,1,0,0,1,0,0,4,2,1,1,0,0,1,2,1,0,0,1,0,0,0,0,0,0,0,0,0,0,0,0,0,0,0,0,0,0,0,0,0,0,0,0,0,0,0
2825672,2026-03-09,2,Rahoveci 029,Bashkimi,"J. Mccorrmick,K. Pullian,K. Ujkani,N. Mcloud,V. Ejupi","D. Lake,K. Anderson,L. Zeqiri,S. Shorter,V. Bunjaku",600,668,68,1.5,2.0,1.0,30,22,33,24,3,2,2,1,1,1,0,0,0,0,1,0,0,0,1,1,1,0,0,0,0,0,1,0,0,0,0,0,0,0,0,0,0,0,0,0,0,0,0,0,0,0,0,0,0,0,0,0,0,0,0,0,0,0
2825672,2026-03-09,2,Rahoveci 029,Bashkimi,"A. Thomas,F. Rugova,K. Pullian,N. Mcloud,V. Ejupi","D. Lake,K. Anderson,L. Zeqiri,S. Shorter,V. Bunjaku",668,699,31,0.55,0.1,1.0,33,24,33,27,0,3,0,0,0,0,0,0,0,0,0,0,0,0,0,1,1,1,1,0,0,0,0,1,0,0,0,1,0,0,0,0,0,0,0,0,0,0,0,0,0,0,0,0,0,0,0,0,0,0,0,0,0,0
2825672,2026-03-09,2,Rahoveci 029,Bashkimi,"A. Thomas,F. Rugova,K. Pullian,N. Mcloud,V. Ejupi","D. Lake,J. Riley,L. Zeqiri,S. Shorter,V. Bunjaku",699,727,28,1.0,1.0,1.0,33,27,33,27,0,0,1,0,1,0,0,0,0,0,0,0,0,0,0,0,0,0,0,0,0,0,1,0,0,0,1,0,0,0,0,0,0,0,0,0,0,0,0,0,0,0,0,0,0,0,0,0,0,0,0,0,0,0
2825672,2026-03-09,2,Rahoveci 029,Bashkimi,"A. Thomas,F. Rugova,K. Pullian,N. Mcloud,V. Ejupi","D. Lake,J. Riley,L. Zeqiri,M. Janjeva,S. Shorter",727,753,26,1.5,2.0,1.0,33,27,33,27,0,0,0,0,0,0,0,0,0,0,0,1,0,2,0,0,0,0,0,0,0,0,0,0,0,0,1,1,0,0,0,0,0,0,0,0,0,0,0,0,0,0,0,0,0,0,0,0,0,0,0,0,0,0
2825672,2026-03-09,2,Rahoveci 029,Bashkimi,"A. Thomas,F. Rugova,J. Mccorrmick,K. Pullian,V. Ejupi","D. Lake,J. Riley,L. Zeqiri,M. Janjeva,S. Shorter",753,815,62,1.65,1.37,1.93,33,27,36,29,3,2,2,1,1,0,1,1,1,1,1,0,0,0,0,3,1,0,0,0,0,1,0,0,0,0,0,1,0,0,0,0,0,0,0,0,0,0,0,0,0,0,0,0,0,0,0,0,0,0,0,0,0,0
2825672,2026-03-09,2,Rahoveci 029,Bashkimi,"A. Thomas,B. Rexha,F. Rugova,J. Mccorrmick,K. Pullian","D. Lake,J. Riley,L. Zeqiri,M. Janjeva,S. Shorter",815,898,83,2.88,3.0,2.76,36,29,38,32,2,3,3,1,1,0,0,0,0,2,0,0,0,0,2,1,0,1,0,4,3,0,2,0,0,0,0,2,0,0,0,0,0,0,0,0,0,0,0,0,0,0,0,0,0,0,0,0,0,0,0,0,0,0
2825672,2026-03-09,2,Rahoveci 029,Bashkimi,"A. Thomas,B. Rexha,F. Rugova,J. Mccorrmick,K. Pullian","D. Lake,J. Riley,L. Zeqiri,M. Ismaili,S. Shorter",898,957,59,2.23,2.45,2.0,38,32,41,34,3,2,3,1,3,1,2,0,2,1,1,0,0,0,0,2,1,0,0,0,0,0,1,0,0,0,0,0,0,0,0,0,0,0,0,0,0,0,0,0,0,0,0,0,0,0,0,0,0,0,0,0,0,0
2825672,2026-03-09,2,Rahoveci 029,Bashkimi,"A. Thomas,B. Rexha,F. Rugova,J. Mccorrmick,K. Pullian","D. Lake,J. Riley,K. Anderson,L. Zeqiri,M. Ismaili",957,1102,145,4.9,4.93,4.88,41,34,46,39,5,5,5,2,3,1,0,0,1,1,1,2,0,1,3,2,1,1,1,2,2,0,2,0,1,0,2,1,0,0,0,0,0,0,0,0,0,0,0,0,0,0,0,0,0,0,0,0,0,0,0,0,0,0
2825672,2026-03-09,2,Rahoveci 029,Bashkimi,"A. Thomas,B. Rexha,J. Mccorrmick,K. Pullian,V. Ejupi","J. Riley,K. Anderson,K. Wooten,L. Zeqiri,V. Bunjaku",1102,1200,98,3.0,3.0,3.0,46,39,51,41,5,2,3,2,1,1,0,0,0,1,0,0,0,0,0,3,1,1,0,0,0,0,1,1,0,0,0,0,0,0,0,0,0,0,0,0,0,0,0,0,0,0,0,0,0,0,0,0,0,0,0,0,0,0
2825672,2026-03-09,3,Rahoveci 029,Bashkimi,"A. Thomas,B. Rexha,F. Rugova,J. Mccorrmick,K. Pullian","J. Riley,K. Anderson,K. Wooten,L. Zeqiri,M. Janjeva",1200,1359,159,5.44,5.0,5.88,51,41,54,50,3,9,1,1,1,1,0,0,0,1,1,1,0,4,1,4,3,1,1,2,2,0,0,2,4,0,1,1,0,0,0,0,0,0,0,0,0,0,0,0,0,0,0,0,0,0,0,0,0,0,0,0,0,0
2825672,2026-03-09,3,Rahoveci 029,Bashkimi,"A. Thomas,B. Rexha,F. Rugova,J. Mccorrmick,K. Pullian","J. Riley,K. Wooten,L. Zeqiri,M. Janjeva,S. Shorter",1359,1462,103,3.0,3.0,3.0,54,50,57,52,3,2,2,1,2,1,0,0,0,1,1,0,0,1,1,2,1,1,0,0,0,0,1,0,1,0,1,1,0,0,0,0,0,0,0,0,0,0,0,0,0,0,0,0,0,0,0,0,0,0,0,0,0,0
2825672,2026-03-09,3,Rahoveci 029,Bashkimi,"A. Thomas,B. Rexha,F. Rugova,J. Mccorrmick,K. Pullian","J. Riley,K. Wooten,L. Zeqiri,M. Armstead,S. Shorter",1462,1502,40,0.87,1.0,0.74,57,52,57,54,0,2,1,0,1,0,0,0,0,0,0,0,0,0,1,2,0,0,0,2,2,2,1,0,0,1,0,0,0,0,0,0,0,0,0,0,0,0,0,0,0,0,0,0,0,0,0,0,0,0,0,0,0,0
2825672,2026-03-09,3,Rahoveci 029,Bashkimi,"A. Thomas,B. Rexha,J. Mccorrmick,K. Pullian,K. Ujkani","J. Riley,K. Wooten,L. Zeqiri,M. Armstead,S. Shorter",1502,1544,42,0.52,0.93,0.1,57,54,59,54,2,0,2,1,1,0,0,0,1,0,0,0,0,0,1,0,0,0,0,0,0,0,0,0,0,0,0,0,0,0,0,0,0,0,0,0,0,0,0,0,0,0,0,0,0,0,0,0,0,0,0,0,0,0
2825672,2026-03-09,3,Rahoveci 029,Bashkimi,"A. Thomas,H. Durguti,J. Mccorrmick,K. Pullian,K. Ujkani","J. Riley,K. Wooten,L. Zeqiri,M. Armstead,S. Shorter",1544,1593,49,0.96,1.0,0.93,59,54,61,56,2,2,1,1,0,0,0,0,0,0,0,0,1,0,1,2,1,0,0,0,0,1,0,0,0,0,0,0,0,0,0,0,0,0,0,0,0,0,0,0,0,0,0,0,0,0,0,0,0,0,0,0,0,0
2825672,2026-03-09,3,Rahoveci 029,Bashkimi,"A. Thomas,J. Mccorrmick,K. Pullian,K. Ujkani,V. Ejupi","J. Riley,K. Wooten,L. Zeqiri,M. Armstead,S. Shorter",1593,1667,74,2.38,1.88,2.88,61,56,63,61,2,5,1,0,0,0,2,2,0,1,1,0,0,0,0,2,1,2,1,2,2,0,1,1,0,1,0,1,0,0,0,0,0,0,0,0,0,0,0,0,0,0,0,0,0,0,0,0,0,0,0,0,0,0
2825672,2026-03-09,3,Rahoveci 029,Bashkimi,"F. Rugova,J. Mccorrmick,K. Pullian,N. Mcloud,V. Ejupi","J. Riley,K. Wooten,L. Zeqiri,M. Armstead,S. Shorter",1667,1706,39,1.0,1.0,1.0,63,61,65,61,2,0,1,1,0,0,0,0,0,1,0,0,0,0,0,1,0,1,0,0,0,0,0,0,0,0,0,0,0,0,0,0,0,0,0,0,0,0,0,0,0,0,0,0,0,0,0,0,0,0,0,0,0,0
2825672,2026-03-09,3,Rahoveci 029,Bashkimi,"F. Rugova,J. Mccorrmick,K. Pullian,N. Mcloud,V. Ejupi","D. Lake,J. Riley,L. Zeqiri,M. Armstead,S. Shorter",1706,1733,27,0.55,1.0,0.1,65,61,65,61,0,0,0,0,0,0,0,0,0,0,0,0,0,1,0,0,0,0,0,0,0,0,0,0,0,0,0,0,0,0,0,0,0,0,0,0,0,0,0,0,0,0,0,0,0,0,0,0,0,0,0,0,0,0
2825672,2026-03-09,3,Rahoveci 029,Bashkimi,"A. Thomas,F. Rugova,J. Mccorrmick,N. Mcloud,V. Ejupi","D. Lake,J. Riley,L. Zeqiri,M. Armstead,S. Shorter",1733,1776,43,0.96,1.0,0.93,65,61,65,61,0,0,0,0,0,0,0,0,0,1,0,0,0,1,0,2,0,2,0,0,0,1,0,0,0,0,0,0,0,0,0,0,0,0,0,0,0,0,0,0,0,0,0,0,0,0,0,0,0,0,0,0,0,0
2825672,2026-03-09,3,Rahoveci 029,Bashkimi,"A. Berisha,A. Thomas,J. Mccorrmick,N. Mcloud,V. Ejupi","D. Lake,J. Riley,K. Anderson,L. Zeqiri,M. Armstead",1776,1800,24,1.0,1.0,1.0,65,61,65,63,0,2,1,0,0,0,0,0,0,0,0,0,0,0,0,1,1,0,0,0,0,0,0,1,0,0,0,0,0,0,0,0,0,0,0,0,0,0,0,0,0,0,0,0,0,0,0,0,0,0,0,0,0,0
2825672,2026-03-09,4,Rahoveci 029,Bashkimi,"A. Thomas,F. Rugova,J. Mccorrmick,K. Pullian,V. Ejupi","D. Lake,J. Riley,K. Anderson,L. Zeqiri,M. Armstead",1800,1977,177,4.46,5.0,3.93,65,63,75,69,10,6,4,4,2,2,0,0,0,1,1,0,0,1,0,5,3,2,0,0,0,1,0,1,1,0,0,0,0,0,0,0,0,0,0,0,0,0,0,0,0,0,0,0,0,0,0,0,0,0,0,0,0,0
2825672,2026-03-09,4,Rahoveci 029,Bashkimi,"A. Thomas,F. Rugova,J. Mccorrmick,K. Pullian,V. Ejupi","D. Lake,K. Anderson,L. Zeqiri,M. Armstead,S. Shorter",1977,2106,129,3.46,3.0,3.93,75,69,75,73,0,4,3,0,1,0,0,0,0,2,0,0,0,0,1,5,2,0,0,0,0,1,3,0,0,0,0,1,0,0,0,0,0,0,0,0,0,0,0,0,0,0,0,0,0,0,0,0,0,0,0,0,0,0
2825672,2026-03-09,4,Rahoveci 029,Bashkimi,"A. Thomas,B. Rexha,F. Rugova,J. Mccorrmick,K. Pullian","D. Lake,K. Anderson,L. Zeqiri,M. Armstead,S. Shorter",2106,2146,40,1.0,1.0,1.0,75,73,77,73,2,0,1,1,0,0,0,0,0,1,0,0,0,0,0,1,0,1,0,0,0,0,0,0,0,0,0,1,0,0,0,0,0,0,0,0,0,0,0,0,0,0,0,0,0,0,0,0,0,0,0,0,0,0
2825672,2026-03-09,4,Rahoveci 029,Bashkimi,"A. Thomas,B. Rexha,F. Rugova,J. Mccorrmick,K. Pullian","D. Lake,K. Anderson,K. Wooten,L. Zeqiri,S. Shorter",2146,2167,21,0.55,1.0,0.1,77,73,77,73,0,0,1,0,0,0,0,0,0,0,0,0,0,0,0,0,0,0,0,0,0,0,1,0,0,0,0,0,0,0,0,0,0,0,0,0,0,0,0,0,0,0,0,0,0,0,0,0,0,0,0,0,0,0
2825672,2026-03-09,4,Rahoveci 029,Bashkimi,"A. Thomas,B. Rexha,F. Rugova,J. Mccorrmick,K. Pullian","D. Lake,J. Riley,K. Anderson,L. Zeqiri,S. Shorter",2167,2170,3,0.49,0.1,0.88,77,73,77,75,0,2,0,0,0,0,0,0,0,0,0,0,0,0,1,0,0,0,0,2,2,0,0,0,0,0,0,0,0,0,0,0,0,0,0,0,0,0,0,0,0,0,0,0,0,0,0,0,0,0,0,0,0,0
2825672,2026-03-09,4,Rahoveci 029,Bashkimi,"A. Thomas,F. Rugova,J. Mccorrmick,K. Pullian,V. Ejupi","D. Lake,J. Riley,K. Anderson,L. Zeqiri,S. Shorter",2170,2193,23,1.0,1.0,1.0,77,75,77,75,0,0,0,0,0,0,0,0,0,0,0,1,0,1,0,0,0,0,0,0,0,0,0,0,1,0,1,0,0,0,0,0,0,0,0,0,0,0,0,0,0,0,0,0,0,0,0,0,0,0,0,0,0,0
2825672,2026-03-09,4,Rahoveci 029,Bashkimi,"A. Thomas,F. Rugova,J. Mccorrmick,K. Pullian,V. Ejupi","D. Lake,J. Riley,L. Zeqiri,S. Shorter,V. Bunjaku",2193,2202,9,0.1,0.1,0.1,77,75,77,75,0,0,0,0,0,0,0,0,0,0,0,0,0,0,0,0,0,0,0,0,0,0,0,0,0,0,0,2,0,0,0,0,0,0,0,0,0,0,0,0,0,0,0,0,0,0,0,0,0,0,0,0,0,0
2825672,2026-03-09,4,Rahoveci 029,Bashkimi,"A. Thomas,F. Rugova,J. Mccorrmick,K. Pullian,V. Ejupi","J. Riley,K. Wooten,L. Zeqiri,S. Shorter,V. Bunjaku",2202,2374,172,6.09,6.86,5.32,77,75,81,82,4,7,6,2,2,0,0,0,2,1,0,1,0,3,2,3,2,1,0,3,3,0,2,1,0,1,1,0,0,0,0,0,0,0,0,0,0,0,0,0,0,0,0,0,0,0,0,0,0,0,0,0,0,0
2825672,2026-03-09,4,Rahoveci 029,Bashkimi,"A. Thomas,J. Mccorrmick,K. Pullian,K. Ujkani,V. Ejupi","J. Riley,K. Wooten,L. Zeqiri,S. Shorter,V. Bunjaku",2374,2400,26,1.94,2.0,1.88,81,82,84,84,3,2,2,1,1,1,0,0,0,0,0,1,0,0,1,0,0,0,0,2,2,0,0,0,0,0,1,0,0,0,0,0,0,0,0,0,0,0,0,0,0,0,0,0,0,0,0,0,0,0,0,0,0,0
2825672,2026-03-09,5,Rahoveci 029,Bashkimi,"A. Thomas,J. Mccorrmick,K. Pullian,K. Ujkani,V. Ejupi","J. Riley,K. Anderson,L. Zeqiri,M. Janjeva,V. Bunjaku",2400,2456,56,1.37,0.88,1.86,84,84,84,84,0,0,0,0,0,0,2,0,0,2,0,0,1,0,0,4,0,2,0,0,0,2,1,0,0,0,0,1,0,0,0,0,0,0,0,0,0,0,0,0,0,0,0,0,0,0,0,0,0,0,0,0,0,0
2825672,2026-03-09,5,Rahoveci 029,Bashkimi,"A. Thomas,J. Mccorrmick,K. Pullian,K. Ujkani,V. Ejupi","J. Riley,L. Zeqiri,M. Janjeva,S. Shorter,V. Bunjaku",2456,2509,53,1.94,2.0,1.88,84,84,86,87,2,3,2,1,0,0,0,0,0,1,0,0,0,0,1,1,1,0,0,2,1,0,1,1,0,0,0,1,0,0,0,0,0,0,0,0,0,0,0,0,0,0,0,0,0,0,0,0,0,0,0,0,0,0
2825672,2026-03-09,5,Rahoveci 029,Bashkimi,"A. Thomas,J. Mccorrmick,K. Pullian,K. Ujkani,V. Ejupi","J. Riley,K. Wooten,L. Zeqiri,S. Shorter,V. Bunjaku",2509,2697,188,7.44,8.07,6.81,86,87,88,93,2,6,8,1,5,0,2,0,3,0,0,1,1,2,1,3,2,0,0,2,2,1,5,1,1,0,4,0,0,0,0,0,0,0,0,0,0,0,0,0,0,0,0,0,0,0,0,0,0,0,0,0,0,0
2825675,2026-03-08,1,Bora,Sigal Prishtina,"A. Hot,A. Hunter,J. Zeqiri,R. Memedi,S. Jules","A. Bailey,A. Morina,D. Burns,D. Haxhosaj,D. Williams",0,237,237,6.97,7.13,6.81,0,0,8,3,8,3,5,2,4,1,5,3,1,2,2,0,0,1,2,4,1,0,0,2,1,1,2,1,0,0,3,4,0,0,0,0,0,0,0,0,0,0,0,0,0,0,0,0,0,0,0,0,0,0,0,0,0,0
2825675,2026-03-08,1,Bora,Sigal Prishtina,"A. Hot,C. Bragg Jr,J. Dingle,R. Memedi,S. Jules","A. Bailey,A. Lomax,A. Morina,D. Burns,V. Kakruki",237,275,38,0.52,0.93,0.1,8,3,10,3,2,0,2,1,1,0,0,0,1,0,0,0,0,0,1,1,0,1,0,0,0,1,0,0,0,0,0,0,0,0,0,0,0,0,0,0,0,0,0,0,0,0,0,0,0,0,0,0,0,0,0,0,0,0
2825675,2026-03-08,1,Bora,Sigal Prishtina,"A. Hot,C. Bragg Jr,J. Dingle,R. Ukaj,S. Jules","A. Bailey,A. Lomax,A. Morina,D. Burns,V. Kakruki",275,321,46,1.94,2.0,1.88,10,3,12,7,2,4,1,1,0,0,0,0,0,0,0,0,0,1,0,1,1,0,0,2,2,0,0,1,1,0,0,0,0,0,0,0,0,0,0,0,0,0,0,0,0,0,0,0,0,0,0,0,0,0,0,0,0,0
2825675,2026-03-08,1,Bora,Sigal Prishtina,"C. Bragg Jr,J. Dingle,R. Memedi,R. Ukaj,T. Cheese","A. Bailey,A. Lomax,A. Morina,D. Burns,V. Kakruki",321,431,110,3.94,3.88,4.0,12,7,14,13,2,6,1,0,1,0,2,2,0,2,1,0,0,2,0,4,2,3,2,0,0,0,1,2,0,0,0,1,0,0,0,0,0,0,0,0,0,0,0,0,0,0,0,0,0,0,0,0,0,0,0,0,0,0
2825675,2026-03-08,1,Bora,Sigal Prishtina,"C. Bragg Jr,J. Dingle,J. Zeqiri,R. Memedi,T. Cheese","A. Bailey,A. Lomax,A. Morina,D. Burns,V. Kakruki",431,458,27,1.0,1.0,1.0,14,13,14,13,0,0,1,0,0,0,0,0,0,1,0,0,1,0,1,1,0,0,0,0,0,0,1,0,0,0,0,0,0,0,0,0,0,0,0,0,0,0,0,0,0,0,0,0,0,0,0,0,0,0,0,0,0,0
2825675,2026-03-08,1,Bora,Sigal Prishtina,"A. Hunter,J. Zeqiri,R. Memedi,S. Jules,T. Cheese","A. Bailey,A. Lomax,A. Sinani,E. Clarance,V. Kakruki",458,495,37,0.96,0.93,1.0,14,15,14,15,0,0,2,0,2,0,0,0,1,0,0,0,0,0,0,0,0,0,0,0,0,0,1,0,0,0,1,0,0,0,0,0,0,0,0,0,0,0,0,0,0,0,0,0,0,0,0,0,0,0,0,0,0,0
2825675,2026-03-08,1,Bora,Sigal Prishtina,"A. Hot,A. Hunter,J. Zeqiri,S. Jules,T. Cheese","A. Bailey,A. Lomax,A. Sinani,E. Clarance,V. Kakruki",495,663,168,4.61,4.33,4.88,14,15,17,21,3,6,2,0,2,0,4,3,2,2,1,1,0,2,1,3,2,3,2,2,0,0,1,2,1,0,1,3,0,0,0,0,0,0,0,0,0,0,0,0,0,0,0,0,0,0,0,0,0,0,0,0,0,0
2825675,2026-03-08,2,Bora,Sigal Prishtina,"A. Hot,A. Hunter,J. Zeqiri,S. Jules,T. Cheese","A. Bailey,A. Morina,D. Burns,E. Clarance,V. Kakruki",663,814,151,4.46,4.93,4.0,17,21,24,26,7,5,4,3,2,1,0,0,1,1,1,1,0,2,2,3,2,1,1,0,0,0,0,1,1,0,1,0,0,0,0,0,0,0,0,0,0,0,0,0,0,0,0,0,0,0,0,0,0,0,0,0,0,0
2825675,2026-03-08,2,Bora,Sigal Prishtina,"A. Hot,J. Dingle,R. Memedi,S. Jules,T. Cheese","A. Bailey,A. Morina,D. Burns,E. Clarance,V. Kakruki",814,905,91,2.0,2.0,2.0,24,26,30,26,6,0,2,2,2,2,0,0,0,2,2,0,0,0,1,2,0,2,0,0,0,0,0,0,0,0,0,1,0,0,0,0,0,0,0,0,0,0,0,0,0,0,0,0,0,0,0,0,0,0,0,0,0,0
2825675,2026-03-08,2,Bora,Sigal Prishtina,"A. Hot,C. Bragg Jr,J. Dingle,R. Memedi,T. Cheese","A. Bailey,A. Morina,D. Burns,E. Clarance,V. Kakruki",905,925,20,0.88,0.88,0.88,30,26,32,27,2,1,0,0,0,0,2,2,0,0,0,0,0,0,0,0,0,0,0,2,1,0,0,1,0,0,0,1,0,0,0,0,0,0,0,0,0,0,0,0,0,0,0,0,0,0,0,0,0,0,0,0,0,0
2825675,2026-03-08,2,Bora,Sigal Prishtina,"A. Hot,C. Bragg Jr,J. Dingle,R. Memedi,T. Cheese","A. Bailey,A. Lomax,A. Morina,D. Burns,V. Kakruki",925,972,47,1.0,1.0,1.0,32,27,35,27,3,0,1,1,1,1,0,0,0,1,0,0,0,0,0,1,0,1,0,0,0,0,0,0,0,0,0,0,0,0,0,0,0,0,0,0,0,0,0,0,0,0,0,0,0,0,0,0,0,0,0,0,0,0
2825675,2026-03-08,2,Bora,Sigal Prishtina,"A. Hot,C. Bragg Jr,J. Dingle,R. Memedi,T. Cheese","A. Bailey,A. Lomax,A. Morina,A. Sinani,D. Williams",972,992,20,0.1,0.1,0.1,35,27,35,27,0,0,0,0,0,0,0,0,0,0,0,0,0,0,1,1,0,1,0,0,0,1,0,0,0,0,0,0,0,0,0,0,0,0,0,0,0,0,0,0,0,0,0,0,0,0,0,0,0,0,0,0,0,0
2825675,2026-03-08,2,Bora,Sigal Prishtina,"A. Hot,A. Hunter,C. Bragg Jr,R. Memedi,T. Cheese","A. Bailey,A. Lomax,A. Morina,A. Sinani,D. Williams",992,1025,33,1.92,1.44,2.4,35,27,36,28,1,1,1,0,0,0,1,1,0,2,0,0,0,0,1,1,0,0,0,4,1,1,1,0,0,1,0,0,0,0,0,0,0,0,0,0,0,0,0,0,0,0,0,0,0,0,0,0,0,0,0,0,0,0
2825675,2026-03-08,2,Bora,Sigal Prishtina,"A. Hot,A. Hunter,J. Zeqiri,R. Memedi,S. Jules","A. Bailey,A. Lomax,A. Morina,A. Sinani,D. Williams",1025,1106,81,2.22,2.11,2.32,36,28,38,30,2,2,4,0,2,0,3,2,3,1,0,0,0,0,2,1,0,0,0,3,2,0,1,1,0,0,0,1,0,0,0,0,0,0,0,0,0,0,0,0,0,0,0,0,0,0,0,0,0,0,0,0,0,0
2825675,2026-03-08,2,Bora,Sigal Prishtina,"A. Hunter,J. Zeqiri,R. Memedi,S. Jules,T. Cheese","A. Bailey,A. Lomax,A. Morina,A. Sinani,D. Williams",1106,1117,11,1.05,2.0,0.1,38,30,38,30,0,0,0,0,0,0,0,0,0,0,0,0,0,2,1,0,0,0,0,0,0,0,0,0,0,0,0,0,0,0,0,0,0,0,0,0,0,0,0,0,0,0,0,0,0,0,0,0,0,0,0,0,0,0
2825675,2026-03-08,2,Bora,Sigal Prishtina,"A. Hunter,C. Bragg Jr,J. Zeqiri,R. Memedi,T. Cheese","A. Bailey,A. Lomax,A. Morina,A. Sinani,D. Williams",1117,1200,83,1.84,1.76,1.93,38,30,40,30,2,0,0,0,0,0,4,2,0,1,1,1,0,0,0,2,0,1,0,0,0,1,2,0,0,0,1,2,0,0,0,0,0,0,0,0,0,0,0,0,0,0,0,0,0,0,0,0,0,0,0,0,0,0
2825675,2026-03-08,3,Bora,Sigal Prishtina,"A. Hot,A. Hunter,C. Bragg Jr,J. Zeqiri,R. Memedi","A. Bailey,A. Morina,D. Burns,D. Haxhosaj,E. Clarance",1200,1379,179,4.81,4.93,4.69,40,30,45,39,5,9,4,2,2,1,0,0,1,0,0,0,0,2,3,3,2,2,1,4,4,1,1,1,2,0,1,0,0,0,0,0,0,0,0,0,0,0,0,0,0,0,0,0,0,0,0,0,0,0,0,0,0,0
2825675,2026-03-08,3,Bora,Sigal Prishtina,"A. Hot,J. Zeqiri,R. Memedi,S. Jules,T. Cheese","A. Bailey,A. Morina,D. Burns,D. Haxhosaj,E. Clarance",1379,1432,53,2.19,2.44,1.93,45,39,48,43,3,4,1,1,0,0,1,1,0,0,0,0,0,1,2,3,2,1,0,0,0,1,0,0,1,0,0,1,0,0,0,0,0,0,0,0,0,0,0,0,0,0,0,0,0,0,0,0,0,0,0,0,0,0
2825675,2026-03-08,3,Bora,Sigal Prishtina,"A. Hot,J. Dingle,J. Zeqiri,R. Memedi,S. Jules","A. Bailey,A. Morina,D. Burns,D. Haxhosaj,E. Clarance",1432,1459,27,1.44,1.0,1.88,48,43,50,46,2,3,1,1,0,0,0,0,0,0,0,0,0,0,1,1,1,0,0,2,1,0,0,1,0,0,0,0,0,0,0,0,0,0,0,0,0,0,0,0,0,0,0,0,0,0,0,0,0,0,0,0,0,0
2825675,2026-03-08,3,Bora,Sigal Prishtina,"A. Hot,C. Bragg Jr,J. Dingle,R. Memedi,S. Jules","A. Bailey,A. Morina,D. Burns,E. Clarance,V. Kakruki",1459,1555,96,4.9,3.88,5.93,50,46,51,49,1,3,3,0,1,0,2,1,0,2,0,0,1,0,0,4,1,2,1,0,0,1,3,1,0,0,3,2,0,0,0,0,0,0,0,0,0,0,0,0,0,0,0,0,0,0,0,0,0,0,0,0,0,0
2825675,2026-03-08,3,Bora,Sigal Prishtina,"A. Hunter,C. Bragg Jr,J. Dingle,J. Zeqiri,R. Memedi","A. Bailey,A. Morina,D. Burns,E. Clarance,V. Kakruki",1555,1613,58,1.62,2.25,1.0,51,49,54,49,3,0,2,0,1,0,3,3,1,1,0,0,0,0,1,1,0,0,0,0,0,0,1,0,0,0,0,1,0,0,0,0,0,0,0,0,0,0,0,0,0,0,0,0,0,0,0,0,0,0,0,0,0,0
2825675,2026-03-08,3,Bora,Sigal Prishtina,"A. Hunter,C. Bragg Jr,J. Dingle,J. Zeqiri,R. Memedi","A. Bailey,A. Lomax,A. Morina,D. Burns,V. Kakruki",1613,1638,25,0.94,1.0,0.88,54,49,54,51,0,2,1,0,1,0,0,0,0,0,0,0,0,0,1,0,0,0,0,2,2,0,1,1,0,0,0,0,0,0,0,0,0,0,0,0,0,0,0,0,0,0,0,0,0,0,0,0,0,0,0,0,0,0
2825675,2026-03-08,3,Bora,Sigal Prishtina,"A. Hot,A. Hunter,J. Zeqiri,R. Ukaj,S. Jules","A. Bailey,A. Lomax,A. Morina,D. Burns,V. Kakruki",1638,1754,116,3.5,4.0,3.0,54,53,54,58,0,5,1,0,0,0,0,0,0,1,0,0,0,3,0,3,2,2,1,0,0,0,0,2,2,0,0,1,0,0,0,0,0,0,0,0,0,0,0,0,0,0,0,0,0,0,0,0,0,0,0,0,0,0
2825675,2026-03-08,3,Bora,Sigal Prishtina,"A. Hot,A. Hunter,J. Zeqiri,R. Memedi,S. Jules","A. Bailey,A. Lomax,A. Morina,D. Burns,V. Kakruki",1754,1784,30,0.91,0.88,0.93,54,58,56,58,2,0,0,0,0,0,2,2,0,0,0,0,0,0,0,1,0,0,0,0,0,1,0,0,0,0,1,0,0,0,0,0,0,0,0,0,0,0,0,0,0,0,0,0,0,0,0,0,0,0,0,0,0,0
2825675,2026-03-08,3,Bora,Sigal Prishtina,"A. Hot,A. Hunter,J. Zeqiri,R. Memedi,S. Jules","A. Lomax,A. Morina,D. Williams,E. Clarance,V. Kakruki",1784,1800,16,0.55,1.0,0.1,56,58,58,58,2,0,1,1,0,0,0,0,0,0,0,0,0,0,0,0,0,0,0,0,0,0,0,0,0,0,0,0,0,0,0,0,0,0,0,0,0,0,0,0,0,0,0,0,0,0,0,0,0,0,0,0,0,0
2825675,2026-03-08,4,Bora,Sigal Prishtina,"A. Hot,A. Hunter,J. Zeqiri,R. Memedi,S. Jules","A. Bailey,A. Lomax,A. Morina,D. Burns,V. Kakruki",1800,1876,76,1.46,2.0,0.93,58,58,58,60,0,2,2,0,1,0,0,0,0,0,0,0,0,0,1,2,1,0,0,0,0,1,2,0,0,0,0,0,0,0,0,0,0,0,0,0,0,0,0,0,0,0,0,0,0,0,0,0,0,0,0,0,0,0
2825675,2026-03-08,4,Bora,Sigal Prishtina,"A. Hot,A. Hunter,C. Bragg Jr,R. Memedi,S. Jules","A. Bailey,A. Lomax,A. Morina,D. Burns,V. Kakruki",1876,1998,122,2.93,2.86,3.0,58,60,62,62,4,2,5,2,2,0,0,0,2,1,0,1,0,0,1,2,1,1,0,0,0,0,1,1,0,0,1,0,0,0,0,0,0,0,0,0,0,0,0,0,0,0,0,0,0,0,0,0,0,0,0,0,0,0
2825675,2026-03-08,4,Bora,Sigal Prishtina,"A. Hot,A. Hunter,C. Bragg Jr,R. Memedi,S. Jules","A. Bailey,A. Lomax,A. Morina,E. Clarance,V. Kakruki",1998,2042,44,1.44,1.0,1.88,62,62,62,63,0,1,1,0,1,0,0,0,0,1,0,0,0,0,0,1,0,0,0,2,1,0,1,0,0,0,0,0,0,0,0,0,0,0,0,0,0,0,0,0,0,0,0,0,0,0,0,0,0,0,0,0,0,0
2825675,2026-03-08,4,Bora,Sigal Prishtina,"A. Hunter,J. Zeqiri,R. Memedi,S. Jules,T. Cheese","A. Bailey,A. Lomax,A. Morina,D. Haxhosaj,E. Clarance",2042,2052,10,0.55,1.0,0.1,62,63,62,63,0,0,0,0,0,0,0,0,0,0,0,0,0,1,1,0,0,0,0,0,0,0,0,0,1,0,0,0,0,0,0,0,0,0,0,0,0,0,0,0,0,0,0,0,0,0,0,0,0,0,0,0,0,0
2825675,2026-03-08,4,Bora,Sigal Prishtina,"A. Hot,A. Hunter,J. Zeqiri,R. Memedi,S. Jules","A. Bailey,A. Lomax,A. Morina,D. Haxhosaj,E. Clarance",2052,2071,19,0.94,1.0,0.88,62,63,62,63,0,0,1,0,1,0,0,0,0,1,0,0,0,0,1,0,0,0,0,2,0,0,1,0,0,0,0,0,0,0,0,0,0,0,0,0,0,0,0,0,0,0,0,0,0,0,0,0,0,0,0,0,0,0
2825675,2026-03-08,4,Bora,Sigal Prishtina,"A. Hot,A. Hunter,J. Zeqiri,R. Memedi,S. Jules","A. Bailey,A. Lomax,A. Morina,D. Burns,D. Haxhosaj",2071,2168,97,2.9,2.93,2.88,62,63,67,64,5,1,4,2,1,1,0,0,1,2,0,0,0,0,1,1,0,0,0,2,1,0,1,0,0,1,1,1,0,0,0,0,0,0,0,0,0,0,0,0,0,0,0,0,0,0,0,0,0,0,0,0,0,0
2825675,2026-03-08,4,Bora,Sigal Prishtina,"A. Hot,A. Hunter,J. Zeqiri,R. Memedi,S. Jules","A. Bailey,A. Lomax,A. Morina,D. Burns,V. Kakruki",2168,2207,39,1.0,1.0,1.0,67,64,67,67,0,3,0,0,0,0,0,0,0,0,0,0,0,1,1,1,1,1,1,0,0,0,0,1,1,0,0,0,0,0,0,0,0,0,0,0,0,0,0,0,0,0,0,0,0,0,0,0,0,0,0,0,0,0
2825675,2026-03-08,4,Bora,Sigal Prishtina,"A. Hunter,C. Bragg Jr,J. Zeqiri,R. Memedi,S. Jules","A. Bailey,A. Lomax,A. Morina,D. Burns,V. Kakruki",2207,2290,83,2.22,2.0,2.44,67,67,67,72,0,5,1,0,1,0,0,0,0,0,0,0,0,1,0,2,2,0,0,1,1,0,1,0,1,0,0,0,0,0,0,0,0,0,0,0,0,0,0,0,0,0,0,0,0,0,0,0,0,0,0,0,0,0
2825675,2026-03-08,4,Bora,Sigal Prishtina,"A. Hunter,C. Bragg Jr,J. Zeqiri,R. Memedi,R. Ukaj","A. Bailey,A. Lomax,A. Morina,D. Burns,V. Kakruki",2290,2392,102,3.94,4.0,3.88,67,72,72,77,5,5,4,2,3,1,0,0,0,2,1,0,0,0,1,3,2,2,1,2,0,0,2,1,0,0,0,1,0,0,0,0,0,0,0,0,0,0,0,0,0,0,0,0,0,0,0,0,0,0,0,0,0,0
2825674,2026-03-08,1,Golden Eagle Ylli,GO+Peja,"D. Sabeckis,D. Thomas,E. Kastrati,S. Bamforth,T. Smith","C. Edwards,C. Williams,D. Bracey,M. Mala,S. Llapi",0,388,388,11.8,11.74,11.86,0,0,11,14,11,14,8,3,6,3,2,2,2,3,2,3,0,5,4,11,6,5,2,0,0,2,3,3,2,0,3,3,0,0,0,0,0,0,0,0,0,0,0,0,0,0,0,0,0,0,0,0,0,0,0,0,0,0
2825674,2026-03-08,1,Golden Eagle Ylli,GO+Peja,"D. Sabeckis,D. Thomas,E. Kastrati,S. Bamforth,T. Smith","A. Hajdari,C. Edwards,C. Williams,D. Bracey,S. Llapi",388,437,49,0.96,0.93,1.0,11,14,11,16,0,2,1,0,0,0,0,0,1,0,0,0,0,1,0,1,1,0,0,0,0,0,0,0,1,0,0,1,0,0,0,0,0,0,0,0,0,0,0,0,0,0,0,0,0,0,0,0,0,0,0,0,0,0
2825674,2026-03-08,1,Golden Eagle Ylli,GO+Peja,"D. Thomas,E. Kastrati,J. Gray,L. Shoshi,S. Bamforth","A. Hajdari,C. Edwards,C. Williams,D. Davis,F. Shoshaj",437,471,34,0.87,0.74,1.0,11,16,13,16,2,0,2,0,0,0,2,2,2,1,0,0,0,0,0,1,0,1,0,0,0,0,0,0,0,0,0,0,0,0,0,0,0,0,0,0,0,0,0,0,0,0,0,0,0,0,0,0,0,0,0,0,0,0
2825674,2026-03-08,1,Golden Eagle Ylli,GO+Peja,"D. Thomas,E. Kastrati,J. Gray,L. Shoshi,S. Bamforth","A. Hajdari,C. Edwards,C. Williams,F. Shoshaj,L. Routt",471,492,21,0.94,0.88,1.0,13,16,15,16,2,0,0,0,0,0,2,2,0,0,1,1,0,0,0,0,0,0,0,0,0,0,0,0,0,0,1,1,0,0,0,0,0,0,0,0,0,0,0,0,0,0,0,0,0,0,0,0,0,0,0,0,0,0
2825674,2026-03-08,1,Golden Eagle Ylli,GO+Peja,"D. Thomas,E. Kastrati,J. Gray,L. Shoshi,S. Bamforth","A. Hajdari,C. Williams,D. Davis,F. Shoshaj,L. Routt",492,524,32,1.5,2.0,1.0,15,16,18,16,3,0,2,1,1,1,0,0,0,0,1,1,0,0,1,0,0,0,0,0,0,0,1,0,0,0,1,0,0,0,0,0,0,0,0,0,0,0,0,0,0,0,0,0,0,0,0,0,0,0,0,0,0,0
2825674,2026-03-08,1,Golden Eagle Ylli,GO+Peja,"D. Thomas,E. Kastrati,J. Gray,L. Shoshi,S. Bamforth","A. Hajdari,D. Bracey,D. Davis,F. Shoshaj,L. Routt",524,555,31,1.11,0.88,1.34,18,16,19,16,1,0,0,0,0,0,2,1,0,1,0,0,0,0,1,1,0,1,0,2,0,1,1,0,0,0,0,1,0,0,0,0,0,0,0,0,0,0,0,0,0,0,0,0,0,0,0,0,0,0,0,0,0,0
2825674,2026-03-08,1,Golden Eagle Ylli,GO+Peja,"E. Kastrati,G. Morina,J. Gray,L. Shoshi,S. Bamforth","A. Hajdari,C. Edwards,D. Bracey,D. Davis,F. Shoshaj",555,590,35,1.4,1.0,1.81,19,16,19,18,0,2,0,0,0,0,0,0,0,1,0,0,0,1,0,2,0,1,0,2,2,1,0,0,0,0,0,0,0,0,0,0,0,0,0,0,0,0,0,0,0,0,0,0,0,0,0,0,0,0,0,0,0,0
2825674,2026-03-08,1,Golden Eagle Ylli,GO+Peja,"D. Sabeckis,E. Kastrati,G. Morina,J. Gray,S. Bamforth","A. Hajdari,C. Edwards,D. Davis,F. Shoshaj,S. Llapi",590,596,6,0.55,1.0,0.1,19,18,19,18,0,0,0,0,0,0,0,0,0,0,0,0,0,1,0,0,0,0,0,0,0,0,0,0,0,0,0,0,0,0,0,0,0,0,0,0,0,0,0,0,0,0,0,0,0,0,0,0,0,0,0,0,0,0
2825674,2026-03-08,1,Golden Eagle Ylli,GO+Peja,"D. Sabeckis,E. Kastrati,G. Morina,J. Gray,S. Bamforth","A. Hajdari,C. Edwards,D. Bracey,D. Davis,S. Llapi",596,600,4,0.1,0.1,0.1,19,18,19,18,0,0,0,0,0,0,0,0,0,0,0,0,0,0,0,0,0,0,0,0,0,0,0,0,0,0,0,0,0,0,0,0,0,0,0,0,0,0,0,0,0,0,0,0,0,0,0,0,0,0,0,0,0,0
2825674,2026-03-08,2,Golden Eagle Ylli,GO+Peja,"D. Sabeckis,E. Kastrati,G. Morina,J. Gray,L. Shoshi","A. Hajdari,C. Edwards,D. Bracey,D. Davis,M. Mala",600,689,89,1.4,0.79,2.0,19,18,21,21,2,3,4,1,2,0,0,0,3,1,1,0,0,0,0,2,1,1,1,0,0,0,0,1,0,1,0,1,0,0,0,0,0,0,0,0,0,0,0,0,0,0,0,0,0,0,0,0,0,0,0,0,0,0
2825674,2026-03-08,2,Golden Eagle Ylli,GO+Peja,"D. Sabeckis,E. Kastrati,G. Morina,J. Gray,L. Shoshi","A. Hajdari,D. Bracey,D. Davis,L. Routt,M. Mala",689,853,164,5.9,5.88,5.93,21,21,33,24,12,3,5,4,2,2,2,2,0,3,3,0,0,0,1,5,1,3,1,0,0,1,1,1,0,0,2,2,0,0,0,0,0,0,0,0,0,0,0,0,0,0,0,0,0,0,0,0,0,0,0,0,0,0
2825674,2026-03-08,2,Golden Eagle Ylli,GO+Peja,"D. Sabeckis,E. Kastrati,G. Morina,J. Gray,L. Shoshi","A. Hajdari,C. Edwards,C. Williams,D. Bracey,M. Mala",853,887,34,1.22,1.44,1.0,33,24,34,24,1,0,0,0,0,0,1,1,0,0,0,0,0,1,1,0,0,0,0,0,0,0,0,0,1,0,1,0,0,0,0,0,0,0,0,0,0,0,0,0,0,0,0,0,0,0,0,0,0,0,0,0,0,0
2825674,2026-03-08,2,Golden Eagle Ylli,GO+Peja,"D. Sabeckis,E. Kastrati,G. Morina,J. Gray,T. Smith","A. Hajdari,C. Edwards,C. Williams,D. Bracey,M. Mala",887,955,68,2.44,2.0,2.88,34,24,36,27,2,3,2,1,1,0,0,0,0,1,1,0,0,0,1,2,1,1,0,2,1,0,1,0,0,0,0,0,0,0,0,0,0,0,0,0,0,0,0,0,0,0,0,0,0,0,0,0,0,0,0,0,0,0
2825674,2026-03-08,2,Golden Eagle Ylli,GO+Peja,"D. Sabeckis,E. Kastrati,G. Morina,J. Gray,T. Smith","A. Hajdari,C. Edwards,C. Williams,D. Bracey,S. Llapi",955,1114,159,4.43,4.0,4.86,36,27,38,29,2,2,3,1,1,0,0,0,0,4,1,0,0,1,0,7,1,5,0,0,0,2,2,0,1,0,0,1,0,0,0,0,0,0,0,0,0,0,0,0,0,0,0,0,0,0,0,0,0,0,0,0,0,0
2825674,2026-03-08,2,Golden Eagle Ylli,GO+Peja,"D. Sabeckis,D. Thomas,E. Kastrati,S. Bamforth,T. Smith","C. Edwards,C. Williams,D. Bracey,M. Mala,S. Llapi",1114,1348,234,6.39,6.79,6.0,38,29,48,33,10,4,8,4,4,2,0,0,3,1,3,0,0,2,3,3,2,1,0,0,0,0,1,1,1,0,3,1,0,0,0,0,0,0,0,0,0,0,0,0,0,0,0,0,0,0,0,0,0,0,0,0,0,0
2825674,2026-03-08,3,Golden Eagle Ylli,GO+Peja,"D. Sabeckis,D. Thomas,E. Kastrati,S. Bamforth,T. Smith","A. Hajdari,C. Edwards,C. Williams,D. Bracey,M. Mala",1348,1439,91,3.0,3.0,3.0,48,33,52,37,4,4,2,2,0,0,0,0,0,0,2,0,0,1,0,2,2,0,0,0,0,0,0,0,1,0,1,0,0,0,0,0,0,0,0,0,0,0,0,0,0,0,0,0,0,0,0,0,0,0,0,0,0,0
2825674,2026-03-08,3,Golden Eagle Ylli,GO+Peja,"D. Sabeckis,D. Thomas,E. Kastrati,S. Bamforth,T. Smith","A. Hajdari,C. Williams,D. Davis,L. Routt,M. Mala",1439,1503,64,1.94,1.88,2.0,52,37,52,37,0,0,1,0,1,0,2,0,0,2,0,0,1,0,2,2,0,0,0,0,0,0,2,0,0,0,0,1,0,0,0,0,0,0,0,0,0,0,0,0,0,0,0,0,0,0,0,0,0,0,0,0,0,0
2825674,2026-03-08,3,Golden Eagle Ylli,GO+Peja,"D. Sabeckis,D. Thomas,E. Kastrati,S. Bamforth,T. Smith","A. Hajdari,C. Edwards,C. Williams,D. Davis,M. Mala",1503,1543,40,1.16,0.1,2.22,52,37,52,39,0,2,0,0,0,0,0,0,0,1,0,0,0,0,1,1,0,1,0,4,2,1,0,0,0,0,0,1,0,0,0,0,0,0,0,0,0,0,0,0,0,0,0,0,0,0,0,0,0,0,0,0,0,0
2825674,2026-03-08,3,Golden Eagle Ylli,GO+Peja,"D. Sabeckis,E. Kastrati,G. Morina,S. Bamforth,T. Smith","A. Hajdari,C. Edwards,C. Williams,D. Davis,M. Mala",1543,1675,132,3.69,4.44,2.93,52,39,62,45,10,6,4,4,1,1,1,1,0,1,2,0,0,0,0,4,2,2,2,0,0,1,0,1,0,0,0,1,0,0,0,0,0,0,0,0,0,0,0,0,0,0,0,0,0,0,0,0,0,0,0,0,0,0
2825674,2026-03-08,3,Golden Eagle Ylli,GO+Peja,"D. Conger,D. Sabeckis,G. Morina,L. Shoshi,S. Bamforth","A. Hajdari,C. Williams,D. Davis,L. Routt,M. Mala",1675,1768,93,2.31,1.74,2.88,62,45,63,48,1,3,2,0,1,0,2,1,1,0,0,1,0,1,2,1,1,0,0,2,1,0,0,1,0,0,1,1,0,0,0,0,0,0,0,0,0,0,0,0,0,0,0,0,0,0,0,0,0,0,0,0,0,0
2825674,2026-03-08,3,Golden Eagle Ylli,GO+Peja,"D. Conger,G. Morina,J. Gray,L. Shoshi,S. Bamforth","A. Hajdari,C. Williams,D. Davis,L. Routt,M. Mala",1768,1800,32,1.48,1.0,1.96,63,48,63,49,0,1,1,0,0,0,0,0,0,2,0,0,0,0,1,1,0,1,0,3,1,1,1,0,0,0,0,0,0,0,0,0,0,0,0,0,0,0,0,0,0,0,0,0,0,0,0,0,0,0,0,0,0,0
2825674,2026-03-08,4,Golden Eagle Ylli,GO+Peja,"D. Conger,G. Morina,J. Gray,L. Shoshi,S. Bamforth","A. Hajdari,D. Bracey,D. Davis,L. Routt,M. Mala",1800,1865,65,1.5,1.0,2.0,63,49,63,54,0,5,0,0,0,0,0,0,0,0,0,0,0,1,0,2,2,1,1,0,0,0,0,1,1,0,0,1,0,0,0,0,0,0,0,0,0,0,0,0,0,0,0,0,0,0,0,0,0,0,0,0,0,0
2825674,2026-03-08,4,Golden Eagle Ylli,GO+Peja,"D. Conger,D. Sabeckis,G. Morina,J. Gray,L. Shoshi","A. Hajdari,D. Bracey,D. Davis,F. Shoshaj,L. Routt",1865,1944,79,2.0,2.0,2.0,63,54,65,54,2,0,2,1,1,0,0,0,0,1,0,1,0,0,0,1,0,1,0,0,0,0,1,0,0,0,1,1,0,0,0,0,0,0,0,0,0,0,0,0,0,0,0,0,0,0,0,0,0,0,0,0,0,0
2825674,2026-03-08,4,Golden Eagle Ylli,GO+Peja,"D. Conger,D. Sabeckis,G. Morina,J. Gray,L. Shoshi","D. Bracey,D. Davis,F. Shoshaj,L. Routt,M. Mala",1944,1959,15,0.55,1.0,0.1,65,54,65,54,0,0,0,0,0,0,0,0,0,0,0,0,0,1,0,0,0,0,0,0,0,0,0,0,0,0,0,0,0,0,0,0,0,0,0,0,0,0,0,0,0,0,0,0,0,0,0,0,0,0,0,0,0,0
2825674,2026-03-08,4,Golden Eagle Ylli,GO+Peja,"D. Conger,D. Sabeckis,G. Morina,J. Gray,L. Shoshi","C. Edwards,D. Bracey,D. Davis,F. Shoshaj,M. Mala",1959,2056,97,3.44,3.88,3.0,65,54,68,56,3,2,1,1,1,1,2,0,0,1,1,1,1,2,2,2,1,0,0,0,0,0,1,0,0,0,1,2,0,0,0,0,0,0,0,0,0,0,0,0,0,0,0,0,0,0,0,0,0,0,0,0,0,0
2825674,2026-03-08,4,Golden Eagle Ylli,GO+Peja,"D. Conger,G. Morina,J. Gray,S. Bamforth,T. Smith","A. Hajdari,C. Edwards,D. Bracey,D. Davis,M. Mala",2056,2138,82,1.96,2.0,1.93,68,56,68,56,0,0,2,0,1,0,0,0,0,2,0,0,1,0,1,3,0,1,0,0,0,1,2,0,0,0,0,0,0,0,0,0,0,0,0,0,0,0,0,0,0,0,0,0,0,0,0,0,0,0,0,0,0,0
2825674,2026-03-08,4,Golden Eagle Ylli,GO+Peja,"D. Conger,G. Morina,J. Gray,S. Bamforth,T. Smith","A. Hajdari,C. Williams,D. Bracey,D. Davis,M. Mala",2138,2152,14,0.55,0.1,1.0,68,56,68,56,0,0,0,0,0,0,0,0,0,1,0,0,0,0,0,1,0,0,0,0,0,0,0,0,0,0,0,0,0,0,0,0,0,0,0,0,0,0,0,0,0,0,0,0,0,0,0,0,0,0,0,0,0,0
2825674,2026-03-08,4,Golden Eagle Ylli,GO+Peja,"D. Conger,E. Kastrati,J. Gray,S. Bamforth,T. Smith","A. Hajdari,C. Williams,D. Bracey,D. Davis,M. Mala",2152,2270,118,4.44,4.88,4.0,68,56,73,58,5,2,4,2,1,0,2,1,0,2,2,1,0,0,1,3,1,2,0,0,0,0,2,0,0,0,1,1,0,0,0,0,0,0,0,0,0,0,0,0,0,0,0,0,0,0,0,0,0,0,0,0,0,0
2825674,2026-03-08,4,Golden Eagle Ylli,GO+Peja,"D. Sabeckis,E. Kastrati,J. Gray,S. Bamforth,T. Smith","A. Hajdari,C. Edwards,C. Williams,D. Bracey,M. Mala",2270,2377,107,2.87,2.93,2.81,73,58,79,60,6,2,3,2,3,2,0,0,1,1,1,0,0,1,2,2,0,2,0,2,2,1,0,0,0,0,1,0,0,0,0,0,0,0,0,0,0,0,0,0,0,0,0,0,0,0,0,0,0,0,0,0,0,0
2825674,2026-03-08,4,Golden Eagle Ylli,GO+Peja,"D. Sabeckis,E. Kastrati,J. Gray,S. Ahmeti,T. Smith","A. Hajdari,C. Edwards,C. Williams,D. Bracey,M. Mala",2377,2393,16,0.94,1.0,0.88,79,60,81,62,2,2,1,1,0,0,0,0,0,0,1,0,0,0,0,0,0,0,0,2,2,0,0,0,0,0,0,0,0,0,0,0,0,0,0,0,0,0,0,0,0,0,0,0,0,0,0,0,0,0,0,0,0,0
2825673,2026-03-07,1,Trepça,Vëllaznimi,"J. Payne,K. Hasbrouck,M. Amzil,M. Tmusic,S. Jones","D. Wilson,J. Hellems,R. Dahsyla,S. Zekiqi,Y. Anei",0,289,289,7.5,8.0,7.0,0,0,11,9,11,9,6,4,4,3,0,0,0,2,3,0,0,2,2,6,4,1,1,0,0,0,2,2,1,0,1,0,0,0,0,0,0,0,0,0,0,0,0,0,0,0,0,0,0,0,0,0,0,0,0,0,0,0
2825673,2026-03-07,1,Trepça,Vëllaznimi,"D. Kapiti,J. Payne,K. Hasbrouck,M. Amzil,M. Tmusic","D. Wilson,J. Hellems,R. Dahsyla,S. Zekiqi,Y. Anei",289,319,30,1.16,1.32,1.0,11,9,14,9,3,0,0,0,0,0,3,3,0,1,1,0,0,0,0,1,0,1,0,0,0,0,0,0,0,0,0,1,0,0,0,0,0,0,0,0,0,0,0,0,0,0,0,0,0,0,0,0,0,0,0,0,0,0
2825673,2026-03-07,1,Trepça,Vëllaznimi,"D. Kapiti,J. Payne,M. Amzil,M. Tmusic,S. Henry","D. Wilson,J. Hellems,R. Dahsyla,S. Zekiqi,Y. Anei",319,393,74,2.0,2.0,2.0,14,9,16,9,2,0,1,1,0,0,0,0,0,0,0,1,0,1,1,0,0,0,0,0,0,0,0,0,1,0,2,0,0,0,0,0,0,0,0,0,0,0,0,0,0,0,0,0,0,0,0,0,0,0,0,0,0,0
2825673,2026-03-07,1,Trepça,Vëllaznimi,"D. Kapiti,J. Payne,M. Amzil,M. Tmusic,S. Henry","A. Gordon,D. Wilson,J. Hellems,R. Dahsyla,S. Zekiqi",393,435,42,1.0,1.0,1.0,16,9,16,11,0,2,1,0,0,0,0,0,0,0,0,0,0,0,1,1,1,0,0,0,0,0,1,1,0,0,0,0,0,0,0,0,0,0,0,0,0,0,0,0,0,0,0,0,0,0,0,0,0,0,0,0,0,0
2825673,2026-03-07,1,Trepça,Vëllaznimi,"D. Hajrizi,J. Payne,K. Hasbrouck,S. Henry,S. Jones","A. Gordon,A. Rushiti,J. Hellems,S. Zekiqi,T. Todd",435,497,62,1.9,2.0,1.81,16,11,16,15,0,4,2,0,1,0,0,0,0,0,0,0,0,0,0,2,1,1,0,2,2,1,2,1,0,1,0,0,0,0,0,0,0,0,0,0,0,0,0,0,0,0,0,0,0,0,0,0,0,0,0,0,0,0
2825673,2026-03-07,1,Trepça,Vëllaznimi,"A. Vining,D. Hajrizi,K. Hasbrouck,S. Henry,S. Jones","A. Gordon,A. Rushiti,J. Hellems,S. Zekiqi,T. Todd",497,719,222,6.96,7.0,6.93,16,15,23,20,7,5,6,3,3,1,0,0,0,3,2,1,0,1,0,6,2,2,1,0,0,1,3,1,1,0,2,2,0,0,0,0,0,0,0,0,0,0,0,0,0,0,0,0,0,0,0,0,0,0,0,0,0,0
2825673,2026-03-07,2,Trepça,Vëllaznimi,"A. Vining,D. Hajrizi,M. Tmusic,S. Henry,S. Jones","A. Rushiti,D. Wilson,S. Zekiqi,T. Todd,Y. Anei",719,738,19,0.94,0.88,1.0,23,20,24,22,1,2,0,0,0,0,2,1,0,0,0,0,0,0,0,1,1,0,0,0,0,0,1,0,0,0,0,0,0,0,0,0,0,0,0,0,0,0,0,0,0,0,0,0,0,0,0,0,0,0,0,0,0,0
2825673,2026-03-07,2,Trepça,Vëllaznimi,"A. Vining,M. Amzil,M. Tmusic,S. Henry,S. Jones","A. Rushiti,D. Wilson,S. Zekiqi,T. Todd,Y. Anei",738,797,59,2.0,2.0,2.0,24,22,26,24,2,2,1,1,0,0,0,0,0,0,1,1,0,1,0,1,1,0,0,0,0,0,0,0,1,0,1,1,0,0,0,0,0,0,0,0,0,0,0,0,0,0,0,0,0,0,0,0,0,0,0,0,0,0
2825673,2026-03-07,2,Trepça,Vëllaznimi,"A. Vining,M. Amzil,M. Tmusic,S. Henry,S. Jones","A. Koshi,D. Wilson,R. Dahsyla,T. Todd,Y. Anei",797,859,62,1.5,2.0,1.0,26,24,29,26,3,2,1,1,1,1,0,0,0,0,1,0,0,1,1,1,1,0,0,0,0,0,0,1,1,0,0,0,0,0,0,0,0,0,0,0,0,0,0,0,0,0,0,0,0,0,0,0,0,0,0,0,0,0
2825673,2026-03-07,2,Trepça,Vëllaznimi,"D. Kapiti,J. Payne,M. Amzil,M. Tmusic,S. Henry","A. Koshi,D. Wilson,R. Dahsyla,T. Todd,Y. Anei",859,955,96,2.93,2.0,3.86,29,26,31,28,2,2,1,1,0,0,0,0,0,1,1,0,0,1,2,4,1,1,0,0,0,2,0,0,1,0,2,1,0,0,0,0,0,0,0,0,0,0,0,0,0,0,0,0,0,0,0,0,0,0,0,0,0,0
2825673,2026-03-07,2,Trepça,Vëllaznimi,"A. Vining,D. Kapiti,J. Payne,M. Amzil,M. Tmusic","A. Koshi,D. Wilson,R. Dahsyla,T. Todd,Y. Anei",955,971,16,1.05,2.0,0.1,31,28,31,28,0,0,0,0,0,0,0,0,0,0,0,0,0,2,1,0,0,0,0,0,0,0,0,0,0,0,0,0,0,0,0,0,0,0,0,0,0,0,0,0,0,0,0,0,0,0,0,0,0,0,0,0,0,0
2825673,2026-03-07,2,Trepça,Vëllaznimi,"A. Vining,J. Payne,M. Amzil,M. Tmusic,S. Jones","A. Gordon,A. Koshi,D. Wilson,R. Dahsyla,T. Todd",971,1051,80,1.93,1.93,1.93,31,28,33,30,2,2,3,1,1,0,0,0,1,1,0,0,0,0,1,3,1,2,0,0,0,1,1,0,0,0,0,0,0,0,0,0,0,0,0,0,0,0,0,0,0,0,0,0,0,0,0,0,0,0,0,0,0,0
2825673,2026-03-07,2,Trepça,Vëllaznimi,"A. Vining,D. Hajrizi,J. Payne,K. Hasbrouck,S. Jones","A. Gordon,D. Wilson,J. Hellems,R. Dahsyla,S. Zekiqi",1051,1200,149,4.46,4.57,4.34,33,32,35,38,2,6,5,1,4,0,0,0,1,1,0,1,0,1,1,3,2,2,2,2,0,1,2,2,0,0,1,1,0,0,0,0,0,0,0,0,0,0,0,0,0,0,0,0,0,0,0,0,0,0,0,0,0,0
2825673,2026-03-07,3,Trepça,Vëllaznimi,"J. Payne,K. Hasbrouck,M. Amzil,M. Tmusic,S. Jones","D. Wilson,J. Hellems,R. Dahsyla,S. Zekiqi,Y. Anei",1200,1267,67,1.44,1.0,1.88,35,38,35,40,0,2,1,0,1,0,0,0,0,1,0,0,0,0,1,1,0,0,0,2,2,0,1,0,0,0,0,0,0,0,0,0,0,0,0,0,0,0,0,0,0,0,0,0,0,0,0,0,0,0,0,0,0,0
2825673,2026-03-07,3,Trepça,Vëllaznimi,"B. Tuna,J. Payne,K. Hasbrouck,M. Amzil,S. Jones","D. Wilson,J. Hellems,R. Dahsyla,S. Zekiqi,Y. Anei",1267,1383,116,3.0,3.0,3.0,35,40,37,45,2,5,3,1,1,0,0,0,0,1,1,0,0,0,1,3,2,1,1,0,0,0,2,2,0,1,0,2,0,0,0,0,0,0,0,0,0,0,0,0,0,0,0,0,0,0,0,0,0,0,0,0,0,0
2825673,2026-03-07,3,Trepça,Vëllaznimi,"B. Tuna,J. Payne,K. Hasbrouck,M. Amzil,S. Jones","A. Rushiti,D. Wilson,J. Hellems,R. Dahsyla,Y. Anei",1383,1412,29,0.96,1.0,0.93,37,45,37,45,0,0,0,0,0,0,0,0,0,1,0,0,0,1,1,2,0,0,0,0,0,1,0,0,1,0,0,0,0,0,0,0,0,0,0,0,0,0,0,0,0,0,0,0,0,0,0,0,0,0,0,0,0,0
2825673,2026-03-07,3,Trepça,Vëllaznimi,"B. Tuna,J. Payne,M. Amzil,S. Henry,S. Jones","A. Rushiti,D. Wilson,J. Hellems,R. Dahsyla,Y. Anei",1412,1432,20,0.1,0.1,0.1,37,45,37,45,0,0,1,0,0,0,0,0,1,0,0,0,0,0,0,0,0,0,0,0,0,0,0,0,0,1,0,0,0,0,0,0,0,0,0,0,0,0,0,0,0,0,0,0,0,0,0,0,0,0,0,0,0,0
2825673,2026-03-07,3,Trepça,Vëllaznimi,"A. Vining,B. Tuna,M. Amzil,S. Henry,S. Jones","A. Rushiti,D. Wilson,J. Hellems,R. Dahsyla,Y. Anei",1432,1548,116,4.02,5.16,2.88,37,45,42,47,5,2,6,2,2,0,1,1,4,1,1,0,0,3,2,1,0,0,0,2,2,0,0,0,1,1,1,2,0,0,0,0,0,0,0,0,0,0,0,0,0,0,0,0,0,0,0,0,0,0,0,0,0,0
2825673,2026-03-07,3,Trepça,Vëllaznimi,"A. Vining,B. Tuna,K. Hasbrouck,S. Henry,S. Jones","A. Rushiti,D. Wilson,J. Hellems,R. Dahsyla,Y. Anei",1548,1571,23,0.55,0.1,1.0,42,47,42,47,0,0,0,0,0,0,0,0,0,0,0,1,0,0,0,0,0,0,0,0,0,0,0,0,0,0,1,1,0,0,0,0,0,0,0,0,0,0,0,0,0,0,0,0,0,0,0,0,0,0,0,0,0,0
2825673,2026-03-07,3,Trepça,Vëllaznimi,"A. Vining,B. Tuna,K. Hasbrouck,S. Henry,S. Jones","A. Gordon,A. Rushiti,J. Hellems,R. Dahsyla,T. Todd",1571,1590,19,0.88,0.88,0.88,42,47,44,48,2,1,0,0,0,0,2,2,0,0,0,0,0,0,1,0,0,0,0,2,1,0,0,0,0,0,0,0,0,0,0,0,0,0,0,0,0,0,0,0,0,0,0,0,0,0,0,0,0,0,0,0,0,0
2825673,2026-03-07,3,Trepça,Vëllaznimi,"A. Vining,B. Tuna,D. Kapiti,K. Hasbrouck,S. Henry","A. Gordon,A. Koshi,J. Hellems,R. Dahsyla,T. Todd",1590,1674,84,2.94,2.88,3.0,44,48,46,52,2,4,1,0,1,0,2,2,0,0,0,0,0,1,0,2,2,0,0,0,0,0,1,1,1,0,1,1,0,0,0,0,0,0,0,0,0,0,0,0,0,0,0,0,0,0,0,0,0,0,0,0,0,0
2825673,2026-03-07,3,Trepça,Vëllaznimi,"A. Vining,D. Kapiti,K. Hasbrouck,M. Tmusic,S. Henry","A. Gordon,A. Koshi,J. Hellems,R. Dahsyla,T. Todd",1674,1685,11,0.55,1.0,0.1,46,52,46,52,0,0,0,0,0,0,0,0,0,0,0,0,0,1,1,0,0,0,0,0,0,0,0,0,1,0,0,0,0,0,0,0,0,0,0,0,0,0,0,0,0,0,0,0,0,0,0,0,0,0,0,0,0,0
2825673,2026-03-07,3,Trepça,Vëllaznimi,"D. Hajrizi,D. Kapiti,J. Payne,K. Hasbrouck,S. Henry","A. Gordon,A. Koshi,J. Hellems,R. Dahsyla,T. Todd",1685,1724,39,1.0,1.0,1.0,46,54,48,54,2,0,1,1,0,0,0,0,0,0,1,1,0,0,0,0,0,0,0,0,0,0,0,0,0,0,1,1,0,0,0,0,0,0,0,0,0,0,0,0,0,0,0,0,0,0,0,0,0,0,0,0,0,0
2825673,2026-03-07,3,Trepça,Vëllaznimi,"D. Hajrizi,D. Kapiti,J. Payne,K. Hasbrouck,S. Henry","A. Gordon,A. Koshi,A. Rushiti,J. Hellems,T. Todd",1724,1800,76,2.4,2.81,2.0,48,54,52,56,4,2,3,1,1,0,2,2,1,0,0,1,0,0,0,1,1,0,0,0,0,0,1,0,0,0,1,0,0,0,0,0,0,0,0,0,0,0,0,0,0,0,0,0,0,0,0,0,0,0,0,0,0,0
2825673,2026-03-07,4,Trepça,Vëllaznimi,"D. Hajrizi,D. Kapiti,J. Payne,K. Hasbrouck,S. Henry","A. Gordon,A. Koshi,A. Rushiti,D. Wilson,J. Hellems",1800,1853,53,1.62,2.32,0.93,52,56,57,56,5,0,1,1,0,0,3,3,0,0,0,0,0,0,0,1,0,1,0,0,0,1,0,0,0,0,1,2,0,0,0,0,0,0,0,0,0,0,0,0,0,0,0,0,0,0,0,0,0,0,0,0,0,0
2825673,2026-03-07,4,Trepça,Vëllaznimi,"D. Hajrizi,D. Kapiti,J. Payne,K. Hasbrouck,S. Henry","A. Gordon,A. Koshi,D. Wilson,S. Zekiqi,T. Todd",1853,1874,21,0.55,0.1,1.0,57,56,57,56,0,0,0,0,0,0,0,0,0,0,0,1,0,0,0,0,0,0,0,0,0,0,0,0,0,0,1,1,0,0,0,0,0,0,0,0,0,0,0,0,0,0,0,0,0,0,0,0,0,0,0,0,0,0
2825673,2026-03-07,4,Trepça,Vëllaznimi,"D. Hajrizi,D. Kapiti,J. Payne,K. Hasbrouck,S. Henry","A. Gordon,A. Koshi,D. Wilson,R. Dahsyla,T. Todd",1874,1888,14,0.94,0.88,1.0,57,56,57,56,0,0,0,0,0,0,2,0,0,0,0,0,0,0,0,0,0,0,0,0,0,0,1,0,0,0,1,0,0,0,0,0,0,0,0,0,0,0,0,0,0,0,0,0,0,0,0,0,0,0,0,0,0,0
2825673,2026-03-07,4,Trepça,Vëllaznimi,"D. Hajrizi,J. Payne,K. Hasbrouck,S. Henry,S. Jones","A. Koshi,D. Wilson,R. Dahsyla,T. Todd,Y. Anei",1888,2030,142,2.94,2.88,3.0,57,56,59,61,2,5,0,0,0,0,2,2,0,1,0,0,0,2,0,3,2,2,1,0,0,0,0,2,0,0,0,2,0,0,0,0,0,0,0,0,0,0,0,0,0,0,0,0,0,0,0,0,0,0,0,0,0,0
2825673,2026-03-07,4,Trepça,Vëllaznimi,"D. Hajrizi,J. Payne,K. Hasbrouck,S. Henry,S. Jones","A. Koshi,D. Wilson,J. Hellems,R. Dahsyla,Y. Anei",2030,2091,61,1.94,1.88,2.0,59,61,61,61,2,0,1,0,1,0,2,2,0,2,1,0,0,0,0,2,0,1,0,0,0,0,1,0,0,0,0,1,0,0,0,0,0,0,0,0,0,0,0,0,0,0,0,0,0,0,0,0,0,0,0,0,0,0
2825673,2026-03-07,4,Trepça,Vëllaznimi,"D. Hajrizi,J. Payne,K. Hasbrouck,S. Henry,S. Jones","A. Koshi,A. Rushiti,D. Wilson,J. Hellems,Y. Anei",2091,2197,106,3.64,3.88,3.4,61,61,64,61,3,0,3,1,1,0,2,1,0,1,0,1,0,0,3,3,0,1,0,0,0,1,3,0,0,0,2,0,0,0,0,0,0,0,0,0,0,0,0,0,0,0,0,0,0,0,0,0,0,0,0,0,0,0
2825673,2026-03-07,4,Trepça,Vëllaznimi,"D. Hajrizi,J. Payne,K. Hasbrouck,S. Henry,S. Jones","A. Rushiti,D. Wilson,J. Hellems,R. Dahsyla,Y. Anei",2197,2387,190,5.34,4.93,5.76,64,61,67,68,3,7,2,1,2,1,0,0,1,3,1,0,0,4,2,4,2,0,0,4,3,0,0,0,2,0,0,1,0,0,0,0,0,0,0,0,0,0,0,0,0,0,0,0,0,0,0,0,0,0,0,0,0,0
2825673,2026-03-07,4,Trepça,Vëllaznimi,"J. Payne,K. Hasbrouck,M. Tmusic,S. Henry,S. Jones","A. Rushiti,D. Wilson,R. Dahsyla,T. Todd,Y. Anei",2387,2398,11,0.94,0.88,1.0,69,68,71,68,2,0,0,0,0,0,2,2,0,1,0,0,0,0,1,1,0,1,0,0,0,0,0,0,0,0,0,1,0,0,0,0,0,0,0,0,0,0,0,0,0,0,0,0,0,0,0,0,0,0,0,0,0,0
2825673,2026-03-07,4,Trepça,Vëllaznimi,"J. Payne,M. Amzil,M. Tmusic,S. Henry,S. Jones","A. Gordon,A. Rushiti,D. Wilson,R. Dahsyla,T. Todd",2398,2399,1,0.49,0.88,0.1,71,69,73,69,2,0,0,0,0,0,2,2,0,0,0,0,0,0,0,0,0,0,0,0,0,0,0,0,0,0,0,1,0,0,0,0,0,0,0,0,0,0,0,0,0,0,0,0,0,0,0,0,0,0,0,0,0,0
2828288,2026-03-15,1,Bashkimi,Trepça,"D. Lake,I. Nwamu,J. Riley,M. Janjeva,V. Bunjaku","D. Hajrizi,D. Kapiti,J. Payne,K. Hasbrouck,S. Henry",0,165,165,4.66,4.44,4.88,0,0,8,5,8,5,3,3,1,1,1,1,0,3,2,0,0,1,1,4,1,3,1,2,2,0,0,0,0,0,0,2,0,0,0,0,0,0,0,0,0,0,0,0,0,0,0,0,0,0,0,0,0,0,0,0,0,0
2828288,2026-03-15,1,Bashkimi,Trepça,"D. Lake,I. Nwamu,J. Riley,M. Janjeva,V. Bunjaku","D. Hajrizi,J. Payne,K. Hasbrouck,M. Amzil,M. Tmusic",165,337,172,4.31,4.76,3.86,8,5,16,9,8,4,3,2,2,1,4,3,0,2,1,0,0,0,0,6,2,3,0,0,0,2,2,2,0,0,0,2,0,0,0,0,0,0,0,0,0,0,0,0,0,0,0,0,0,0,0,0,0,0,0,0,0,0
2828288,2026-03-15,1,Bashkimi,Trepça,"J. Riley,K. Wooten,M. Janjeva,S. Shorter,V. Bunjaku","D. Hajrizi,J. Payne,K. Hasbrouck,M. Amzil,M. Tmusic",337,390,53,1.0,1.0,1.0,16,9,16,9,0,0,1,0,0,0,0,0,0,1,0,0,0,0,1,1,0,1,0,0,0,0,1,0,0,0,0,0,0,0,0,0,0,0,0,0,0,0,0,0,0,0,0,0,0,0,0,0,0,0,0,0,0,0
2828288,2026-03-15,1,Bashkimi,Trepça,"J. Riley,K. Wooten,M. Armstead,M. Janjeva,S. Shorter","B. Tuna,J. Payne,K. Hasbrouck,M. Amzil,M. Tmusic",390,462,72,1.96,2.0,1.93,16,9,16,11,0,2,2,0,0,0,0,0,0,1,0,0,0,0,0,3,1,1,0,0,0,1,2,1,0,0,0,0,0,0,0,0,0,0,0,0,0,0,0,0,0,0,0,0,0,0,0,0,0,0,0,0,0,0
2828288,2026-03-15,1,Bashkimi,Trepça,"I. Nwamu,K. Wooten,M. Armstead,M. Janjeva,S. Shorter","B. Tuna,K. Hasbrouck,M. Amzil,M. Tmusic,S. Henry",462,567,105,2.96,2.93,3.0,16,11,16,17,0,6,2,0,1,0,0,0,1,1,0,0,0,2,1,3,2,3,2,0,0,0,1,1,2,0,0,0,0,0,0,0,0,0,0,0,0,0,0,0,0,0,0,0,0,0,0,0,0,0,0,0,0,0
2828288,2026-03-15,1,Bashkimi,Trepça,"I. Nwamu,K. Wooten,M. Armstead,S. Shorter,V. Gjecaj","B. Tuna,J. Payne,K. Hasbrouck,M. Tmusic,S. Henry",567,584,17,0.1,0.1,0.1,16,17,16,17,0,0,0,0,0,0,0,0,0,0,0,0,0,0,2,0,0,0,0,0,0,0,0,0,0,0,0,0,0,0,0,0,0,0,0,0,0,0,0,0,0,0,0,0,0,0,0,0,0,0,0,0,0,0
2828288,2026-03-15,1,Bashkimi,Trepça,"I. Nwamu,K. Wooten,M. Armstead,S. Shorter,V. Gjecaj","B. Tuna,J. Payne,M. Amzil,M. Tmusic,S. Henry",584,600,16,0.49,0.1,0.88,16,17,16,18,0,1,1,0,0,0,0,0,1,0,0,0,0,0,0,0,0,0,0,2,1,0,0,0,0,0,0,0,0,0,0,0,0,0,0,0,0,0,0,0,0,0,0,0,0,0,0,0,0,0,0,0,0,0
2828288,2026-03-15,2,Bashkimi,Trepça,"D. Lake,I. Nwamu,M. Armstead,S. Shorter,V. Gjecaj","B. Tuna,J. Payne,M. Amzil,M. Tmusic,S. Henry",600,712,112,1.96,2.0,1.93,16,18,18,23,2,5,2,1,1,0,0,0,0,0,0,0,0,0,0,3,2,2,1,0,0,1,1,1,0,0,0,1,0,0,0,0,0,0,0,0,0,0,0,0,0,0,0,0,0,0,0,0,0,0,0,0,0,0
2828288,2026-03-15,2,Bashkimi,Trepça,"D. Lake,I. Nwamu,J. Riley,M. Janjeva,V. Bunjaku","B. Tuna,J. Payne,M. Amzil,M. Tmusic,S. Henry",712,797,85,2.5,3.0,2.0,18,23,18,29,0,6,3,0,2,0,0,0,0,0,0,0,0,0,1,2,2,2,2,0,0,0,3,2,0,0,0,1,0,0,0,0,0,0,0,0,0,0,0,0,0,0,0,0,0,0,0,0,0,0,0,0,0,0
2828288,2026-03-15,2,Bashkimi,Trepça,"D. Lake,J. Riley,M. Janjeva,S. Shorter,V. Bunjaku","B. Tuna,J. Payne,M. Amzil,M. Tmusic,S. Henry",797,958,161,5.66,5.32,6.0,18,29,27,36,9,7,3,2,2,2,3,3,0,2,0,0,0,1,0,5,3,1,1,0,0,0,1,3,0,0,1,1,0,0,0,0,0,0,0,0,0,0,0,0,0,0,0,0,0,0,0,0,0,0,0,0,0,0
2828288,2026-03-15,2,Bashkimi,Trepça,"D. Lake,J. Riley,M. Janjeva,S. Shorter,V. Bunjaku","D. Hajrizi,K. Hasbrouck,M. Amzil,M. Tmusic,S. Henry",958,985,27,0.96,0.93,1.0,27,36,27,36,0,0,1,0,0,0,0,0,1,0,0,0,0,1,0,0,0,0,0,0,0,0,0,0,1,0,1,1,0,0,0,0,0,0,0,0,0,0,0,0,0,0,0,0,0,0,0,0,0,0,0,0,0,0
2828288,2026-03-15,2,Bashkimi,Trepça,"D. Lake,J. Riley,M. Janjeva,S. Shorter,V. Bunjaku","D. Hajrizi,D. Kapiti,K. Hasbrouck,M. Tmusic,S. Henry",985,1018,33,0.77,1.44,0.1,27,36,27,36,0,0,1,0,1,0,1,0,0,0,0,0,0,0,0,0,0,0,0,0,0,0,1,0,0,0,0,0,0,0,0,0,0,0,0,0,0,0,0,0,0,0,0,0,0,0,0,0,0,0,0,0,0,0
2828288,2026-03-15,2,Bashkimi,Trepça,"D. Lake,J. Riley,M. Janjeva,S. Shorter,V. Bunjaku","D. Hajrizi,D. Kapiti,J. Payne,K. Hasbrouck,M. Tmusic",1018,1029,11,0.55,0.1,1.0,27,36,27,36,0,0,0,0,0,0,0,0,0,1,0,0,0,0,0,1,0,1,0,0,0,0,0,0,0,0,0,1,0,0,0,0,0,0,0,0,0,0,0,0,0,0,0,0,0,0,0,0,0,0,0,0,0,0
2828288,2026-03-15,2,Bashkimi,Trepça,"D. Lake,I. Nwamu,J. Riley,M. Janjeva,V. Bunjaku","D. Hajrizi,D. Kapiti,J. Payne,K. Hasbrouck,M. Tmusic",1029,1097,68,2.38,2.88,1.88,27,36,29,39,2,3,1,0,1,0,2,2,0,1,0,0,0,1,2,1,1,0,0,2,1,0,1,0,1,0,0,0,0,0,0,0,0,0,0,0,0,0,0,0,0,0,0,0,0,0,0,0,0,0,0,0,0,0
2828288,2026-03-15,2,Bashkimi,Trepça,"I. Nwamu,J. Riley,K. Wooten,M. Janjeva,V. Bunjaku","D. Hajrizi,D. Kapiti,J. Payne,K. Hasbrouck,M. Tmusic",1097,1154,57,2.44,2.0,2.88,29,39,33,41,4,2,2,2,0,0,0,0,0,1,2,1,1,0,1,1,0,0,0,2,2,0,0,0,0,0,1,0,0,0,0,0,0,0,0,0,0,0,0,0,0,0,0,0,0,0,0,0,0,0,0,0,0,0
2828288,2026-03-15,2,Bashkimi,Trepça,"I. Nwamu,J. Riley,K. Wooten,M. Ismaili,V. Bunjaku","B. Tuna,J. Payne,K. Hasbrouck,M. Amzil,M. Tmusic",1154,1184,30,1.0,1.0,1.0,33,41,33,41,0,0,1,0,1,0,0,0,0,1,0,0,0,0,0,1,0,0,0,0,0,0,1,0,0,1,0,1,0,0,0,0,0,0,0,0,0,0,0,0,0,0,0,0,0,0,0,0,0,0,0,0,0,0
2828288,2026-03-15,2,Bashkimi,Trepça,"I. Nwamu,J. Riley,K. Wooten,M. Ismaili,V. Bunjaku","D. Kapiti,J. Payne,K. Hasbrouck,M. Amzil,M. Tmusic",1184,1189,5,0.93,1.76,0.1,33,41,34,41,1,0,0,0,0,0,4,1,1,0,0,0,0,0,0,0,0,0,0,0,0,0,0,0,0,0,0,1,0,0,0,0,0,0,0,0,0,0,0,0,0,0,0,0,0,0,0,0,0,0,0,0,0,0
2828288,2026-03-15,2,Bashkimi,Trepça,"I. Nwamu,J. Riley,M. Ismaili,S. Shorter,V. Bunjaku","D. Hajrizi,J. Payne,K. Hasbrouck,M. Amzil,M. Tmusic",1189,1200,11,0.1,0.1,0.1,34,41,34,41,0,0,0,0,0,0,0,0,0,0,0,0,0,0,0,0,0,0,0,0,0,0,0,0,0,0,0,0,0,0,0,0,0,0,0,0,0,0,0,0,0,0,0,0,0,0,0,0,0,0,0,0,0,0
2828288,2026-03-15,3,Bashkimi,Trepça,"D. Lake,J. Riley,M. Ismaili,S. Shorter,V. Bunjaku","D. Hajrizi,J. Payne,K. Hasbrouck,M. Amzil,M. Tmusic",1200,1376,176,4.89,4.86,4.93,34,41,42,45,8,4,7,4,1,0,0,0,2,2,1,1,0,0,1,5,2,2,0,0,0,1,1,2,0,1,1,0,0,0,0,0,0,0,0,0,0,0,0,0,0,0,0,0,0,0,0,0,0,0,0,0,0,0
2828288,2026-03-15,3,Bashkimi,Trepça,"D. Lake,J. Riley,M. Ismaili,S. Shorter,V. Bunjaku","D. Hajrizi,K. Hasbrouck,M. Amzil,M. Tmusic,S. Henry",1376,1461,85,2.5,3.0,2.0,42,45,42,49,0,4,1,0,1,0,0,0,0,0,0,0,0,2,1,2,2,0,0,0,0,0,1,1,0,0,0,3,0,0,0,0,0,0,0,0,0,0,0,0,0,0,0,0,0,0,0,0,0,0,0,0,0,0
2828288,2026-03-15,3,Bashkimi,Trepça,"D. Lake,J. Riley,M. Armstead,M. Janjeva,S. Shorter","D. Hajrizi,K. Hasbrouck,M. Amzil,M. Tmusic,S. Henry",1461,1483,22,0.55,1.0,0.1,42,49,42,49,0,0,0,0,0,0,0,0,0,0,0,0,0,1,1,0,0,0,0,0,0,0,0,0,0,0,0,0,0,0,0,0,0,0,0,0,0,0,0,0,0,0,0,0,0,0,0,0,0,0,0,0,0,0
2828288,2026-03-15,3,Bashkimi,Trepça,"I. Nwamu,J. Riley,M. Armstead,M. Janjeva,S. Shorter","D. Hajrizi,K. Hasbrouck,M. Amzil,M. Tmusic,S. Henry",1483,1566,83,2.46,1.93,3.0,42,49,46,57,4,8,3,2,0,0,0,0,1,0,0,0,0,0,0,3,3,2,2,0,0,0,0,0,0,1,0,0,0,0,0,0,0,0,0,0,0,0,0,0,0,0,0,0,0,0,0,0,0,0,0,0,0,0
2828288,2026-03-15,3,Bashkimi,Trepça,"I. Nwamu,J. Riley,M. Armstead,M. Janjeva,S. Shorter","B. Tuna,K. Hasbrouck,M. Amzil,M. Tmusic,S. Henry",1566,1679,113,3.18,2.93,3.44,46,57,49,62,3,5,3,1,2,1,0,0,1,0,0,0,0,1,1,2,2,0,0,1,1,0,1,1,1,0,1,1,0,0,0,0,0,0,0,0,0,0,0,0,0,0,0,0,0,0,0,0,0,0,0,0,0,0
2828288,2026-03-15,3,Bashkimi,Trepça,"I. Nwamu,J. Riley,K. Wooten,M. Armstead,M. Ismaili","B. Tuna,K. Hasbrouck,M. Amzil,M. Tmusic,S. Henry",1679,1748,69,3.44,2.88,4.0,49,62,54,62,5,0,2,1,2,1,2,2,0,1,0,1,0,0,0,1,0,1,0,0,0,0,1,0,0,0,3,3,0,0,0,0,0,0,0,0,0,0,0,0,0,0,0,0,0,0,0,0,0,0,0,0,0,0
2828288,2026-03-15,3,Bashkimi,Trepça,"I. Nwamu,J. Riley,K. Wooten,M. Armstead,M. Ismaili","D. Hajrizi,D. Kapiti,J. Payne,K. Hasbrouck,S. Henry",1748,1800,52,1.94,1.88,2.0,54,62,56,64,2,2,1,0,0,0,2,2,0,1,0,0,0,0,0,2,1,0,0,0,0,0,1,1,0,0,0,0,0,0,0,0,0,0,0,0,0,0,0,0,0,0,0,0,0,0,0,0,0,0,0,0,0,0
2828288,2026-03-15,4,Bashkimi,Trepça,"I. Nwamu,J. Riley,K. Wooten,M. Ismaili,V. Bunjaku","D. Hajrizi,D. Kapiti,J. Payne,K. Hasbrouck,S. Henry",1800,1952,152,4.0,4.0,4.0,56,64,60,72,4,8,3,2,1,0,0,0,0,0,0,1,0,1,1,3,3,2,2,0,0,0,1,1,1,0,1,1,0,0,0,0,0,0,0,0,0,0,0,0,0,0,0,0,0,0,0,0,0,0,0,0,0,0
2828288,2026-03-15,4,Bashkimi,Trepça,"D. Lake,I. Nwamu,J. Riley,M. Armstead,V. Bunjaku","D. Hajrizi,D. Kapiti,J. Payne,K. Hasbrouck,S. Henry",1952,1998,46,2.0,2.0,2.0,60,74,60,76,0,2,2,0,1,0,0,0,0,1,0,0,0,0,0,2,1,1,0,0,0,0,2,1,0,1,0,0,0,0,0,0,0,0,0,0,0,0,0,0,0,0,0,0,0,0,0,0,0,0,0,0,0,0
2828288,2026-03-15,4,Bashkimi,Trepça,"D. Lake,J. Riley,M. Armstead,S. Shorter,V. Bunjaku","D. Hajrizi,D. Kapiti,J. Payne,K. Hasbrouck,S. Henry",1998,2043,45,1.5,2.0,1.0,60,76,60,78,0,2,2,0,2,0,0,0,0,0,0,0,0,0,0,1,1,0,0,0,0,0,2,1,0,0,0,1,0,0,0,0,0,0,0,0,0,0,0,0,0,0,0,0,0,0,0,0,0,0,0,0,0,0
2828288,2026-03-15,4,Bashkimi,Trepça,"D. Lake,I. Nwamu,M. Armstead,S. Shorter,V. Bunjaku","D. Hajrizi,D. Kapiti,J. Payne,K. Hasbrouck,S. Henry",2043,2174,131,2.9,3.0,2.81,60,78,64,82,4,4,3,2,0,0,0,0,0,1,2,0,0,0,2,3,1,1,0,2,2,1,1,1,0,0,0,1,0,0,0,0,0,0,0,0,0,0,0,0,0,0,0,0,0,0,0,0,0,0,0,0,0,0
2828288,2026-03-15,4,Bashkimi,Trepça,"D. Lake,I. Nwamu,M. Armstead,S. Shorter,V. Bunjaku","D. Hajrizi,J. Payne,M. Amzil,M. Tmusic,S. Henry",2174,2237,63,1.96,2.0,1.93,64,82,66,82,2,0,1,1,0,0,0,0,0,2,0,0,0,1,0,3,0,2,0,0,0,1,0,0,0,0,0,0,0,0,0,0,0,0,0,0,0,0,0,0,0,0,0,0,0,0,0,0,0,0,0,0,0,0
2828288,2026-03-15,4,Bashkimi,Trepça,"D. Lake,I. Nwamu,M. Armstead,S. Shorter,V. Bunjaku","B. Tuna,J. Payne,M. Amzil,M. Tmusic,S. Henry",2237,2240,3,0.1,0.1,0.1,66,82,66,82,0,0,0,0,0,0,0,0,0,0,0,0,0,0,0,0,0,0,0,0,0,0,0,0,0,0,0,0,0,0,0,0,0,0,0,0,0,0,0,0,0,0,0,0,0,0,0,0,0,0,0,0,0,0
2828288,2026-03-15,4,Bashkimi,Trepça,"D. Lake,I. Nwamu,M. Armstead,M. Ismaili,S. Shorter","B. Tuna,J. Payne,M. Amzil,M. Tmusic,S. Henry",2240,2375,135,3.94,4.0,3.88,66,82,71,89,5,7,3,2,2,1,0,0,0,1,2,0,0,1,2,3,3,1,1,2,0,0,1,0,1,0,0,0,0,0,0,0,0,0,0,0,0,0,0,0,0,0,0,0,0,0,0,0,0,0,0,0,0,0
2828284,2026-03-14,1,Vëllaznimi,Golden Eagle Ylli,"D. Wilson,J. Hellems,R. Dahsyla,S. Zekiqi,Z. Reid","D. Sabeckis,D. Thomas,E. Kastrati,S. Bamforth,T. Smith",0,333,333,7.86,7.85,7.88,0,0,7,12,7,12,8,1,5,1,5,4,5,1,0,0,0,3,1,5,4,3,3,2,1,0,2,4,0,0,2,2,0,0,0,0,0,0,0,0,0,0,0,0,0,0,0,0,0,0,0,0,0,0,0,0,0,0
2828284,2026-03-14,1,Vëllaznimi,Golden Eagle Ylli,"D. Wilson,J. Hellems,R. Dahsyla,S. Zekiqi,Y. Anei","D. Sabeckis,E. Kastrati,G. Morina,S. Bamforth,T. Smith",333,418,85,2.5,2.0,3.0,7,12,9,12,2,0,2,1,0,0,0,0,0,1,1,0,0,0,0,1,0,0,0,0,0,0,1,0,0,0,2,2,0,0,0,0,0,0,0,0,0,0,0,0,0,0,0,0,0,0,0,0,0,0,0,0,0,0
2828284,2026-03-14,1,Vëllaznimi,Golden Eagle Ylli,"D. Wilson,J. Hellems,R. Dahsyla,S. Zekiqi,Y. Anei","E. Kastrati,G. Morina,J. Gray,S. Bamforth,T. Smith",418,554,136,4.46,5.0,3.93,9,12,13,17,4,5,4,2,2,0,0,0,0,0,1,1,0,1,1,3,2,2,1,0,0,1,2,1,1,0,2,0,0,0,0,0,0,0,0,0,0,0,0,0,0,0,0,0,0,0,0,0,0,0,0,0,0,0
2828284,2026-03-14,1,Vëllaznimi,Golden Eagle Ylli,"A. Koshi,J. Hellems,S. Zekiqi,T. Todd,Y. Anei","A. Çallakaj,G. Morina,J. Gray,L. Shoshi,S. Bamforth",554,676,122,3.96,3.93,4.0,13,17,19,22,6,5,5,3,1,0,0,0,1,1,1,1,0,0,0,3,2,2,1,0,0,0,1,1,0,0,1,2,0,0,0,0,0,0,0,0,0,0,0,0,0,0,0,0,0,0,0,0,0,0,0,0,0,0
2828284,2026-03-14,2,Vëllaznimi,Golden Eagle Ylli,"A. Koshi,R. Dahsyla,T. Todd,Y. Anei,Z. Reid","A. Çallakaj,B. Pass,G. Morina,J. Gray,L. Shoshi",676,783,107,3.38,3.76,3.0,19,22,20,22,1,0,2,0,1,0,4,1,0,1,0,1,0,0,2,1,0,1,0,0,0,0,4,0,0,0,2,3,0,0,0,0,0,0,0,0,0,0,0,0,0,0,0,0,0,0,0,0,0,0,0,0,0,0
2828284,2026-03-14,2,Vëllaznimi,Golden Eagle Ylli,"A. Koshi,A. Rushiti,T. Todd,Y. Anei,Z. Reid","A. Çallakaj,B. Pass,G. Morina,J. Gray,L. Shoshi",783,843,60,2.9,2.88,2.93,20,22,22,22,2,0,1,1,0,0,2,0,0,2,0,1,1,1,0,3,0,2,0,0,0,1,1,0,1,0,1,2,0,0,0,0,0,0,0,0,0,0,0,0,0,0,0,0,0,0,0,0,0,0,0,0,0,0
2828284,2026-03-14,2,Vëllaznimi,Golden Eagle Ylli,"A. Koshi,A. Rushiti,D. Wilson,Y. Anei,Z. Reid","A. Çallakaj,B. Pass,D. Sabeckis,G. Morina,L. Shoshi",843,874,31,1.72,2.44,1.0,22,22,23,22,1,0,0,0,0,0,1,1,0,0,0,1,0,2,1,0,0,0,0,0,0,0,0,0,0,0,1,0,0,0,0,0,0,0,0,0,0,0,0,0,0,0,0,0,0,0,0,0,0,0,0,0,0,0
2828284,2026-03-14,2,Vëllaznimi,Golden Eagle Ylli,"A. Koshi,A. Rushiti,D. Wilson,Y. Anei,Z. Reid","A. Çallakaj,B. Pass,D. Sabeckis,G. Morina,T. Smith",874,951,77,3.5,3.0,4.0,23,22,23,28,0,6,3,0,0,0,0,0,0,2,0,0,1,0,0,4,2,3,2,0,0,0,3,2,0,1,0,0,0,0,0,0,0,0,0,0,0,0,0,0,0,0,0,0,0,0,0,0,0,0,0,0,0,0
2828284,2026-03-14,2,Vëllaznimi,Golden Eagle Ylli,"A. Rushiti,D. Wilson,J. Hellems,S. Zekiqi,Y. Anei","A. Çallakaj,B. Pass,D. Sabeckis,G. Morina,T. Smith",951,1021,70,1.44,2.0,0.88,23,28,28,30,5,2,2,2,1,1,0,0,0,0,1,0,0,0,1,0,0,0,0,2,2,0,0,0,0,0,0,1,0,0,0,0,0,0,0,0,0,0,0,0,0,0,0,0,0,0,0,0,0,0,0,0,0,0
2828284,2026-03-14,2,Vëllaznimi,Golden Eagle Ylli,"A. Rushiti,D. Wilson,J. Hellems,S. Zekiqi,Y. Anei","B. Pass,D. Sabeckis,E. Kastrati,G. Morina,T. Smith",1021,1055,34,1.19,1.37,1.0,28,30,29,30,1,0,2,0,1,0,1,1,1,1,0,0,0,0,0,1,0,0,0,0,0,0,1,0,0,0,0,0,0,0,0,0,0,0,0,0,0,0,0,0,0,0,0,0,0,0,0,0,0,0,0,0,0,0
2828284,2026-03-14,2,Vëllaznimi,Golden Eagle Ylli,"A. Rushiti,D. Wilson,J. Hellems,S. Zekiqi,Y. Anei","D. Sabeckis,E. Kastrati,G. Morina,S. Bamforth,T. Smith",1055,1200,145,3.66,3.32,4.0,29,30,29,35,0,5,5,0,3,0,0,0,2,1,0,0,0,1,0,3,2,2,1,0,0,0,2,2,1,0,1,0,0,0,0,0,0,0,0,0,0,0,0,0,0,0,0,0,0,0,0,0,0,0,0,0,0,0
2828284,2026-03-14,3,Vëllaznimi,Golden Eagle Ylli,"A. Koshi,D. Wilson,J. Hellems,S. Zekiqi,Y. Anei","D. Sabeckis,D. Thomas,E. Kastrati,S. Bamforth,T. Smith",1200,1410,210,4.83,4.81,4.86,29,35,31,39,2,4,3,0,2,0,2,2,1,3,0,0,1,2,2,7,2,2,0,0,0,2,2,2,0,0,0,2,0,0,0,0,0,0,0,0,0,0,0,0,0,0,0,0,0,0,0,0,0,0,0,0,0,0
2828284,2026-03-14,3,Vëllaznimi,Golden Eagle Ylli,"A. Koshi,J. Hellems,S. Zekiqi,T. Todd,Y. Anei","D. Sabeckis,D. Thomas,E. Kastrati,S. Bamforth,T. Smith",1410,1476,66,1.5,1.0,2.0,31,39,31,42,0,3,1,0,1,0,0,0,0,0,0,1,0,0,1,1,1,1,1,0,0,0,1,1,0,0,1,2,0,0,0,0,0,0,0,0,0,0,0,0,0,0,0,0,0,0,0,0,0,0,0,0,0,0
2828284,2026-03-14,3,Vëllaznimi,Golden Eagle Ylli,"A. Koshi,J. Hellems,S. Zekiqi,T. Todd,Y. Anei","A. Çallakaj,D. Sabeckis,D. Thomas,S. Bamforth,T. Smith",1476,1515,39,1.88,1.76,2.0,31,42,34,44,3,2,0,0,0,0,4,3,0,0,0,0,0,0,0,1,1,0,0,0,0,0,1,0,0,0,1,1,0,0,0,0,0,0,0,0,0,0,0,0,0,0,0,0,0,0,0,0,0,0,0,0,0,0
2828284,2026-03-14,3,Vëllaznimi,Golden Eagle Ylli,"J. Hellems,R. Dahsyla,S. Zekiqi,T. Todd,Y. Anei","A. Çallakaj,D. Sabeckis,D. Thomas,S. Bamforth,T. Smith",1515,1539,24,0.1,0.1,0.1,34,44,34,44,0,0,0,0,0,0,0,0,0,0,0,0,0,0,0,0,0,0,0,0,0,0,0,0,0,0,0,1,0,0,0,0,0,0,0,0,0,0,0,0,0,0,0,0,0,0,0,0,0,0,0,0,0,0
2828284,2026-03-14,3,Vëllaznimi,Golden Eagle Ylli,"J. Hellems,R. Dahsyla,S. Zekiqi,T. Todd,Z. Reid","A. Çallakaj,D. Sabeckis,D. Thomas,S. Bamforth,T. Smith",1539,1594,55,2.94,2.88,3.0,34,44,36,46,2,2,1,0,0,0,2,2,0,2,0,0,0,1,0,3,1,0,0,0,0,0,1,0,1,0,0,0,0,0,0,0,0,0,0,0,0,0,0,0,0,0,0,0,0,0,0,0,0,0,0,0,0,0
2828284,2026-03-14,3,Vëllaznimi,Golden Eagle Ylli,"J. Hellems,R. Dahsyla,S. Zekiqi,T. Todd,Z. Reid","A. Çallakaj,D. Sabeckis,D. Thomas,L. Shoshi,S. Bamforth",1594,1626,32,1.0,1.0,1.0,36,46,38,46,2,0,1,1,0,0,0,0,0,1,1,0,0,0,0,1,0,1,0,0,0,0,0,0,0,0,0,1,0,0,0,0,0,0,0,0,0,0,0,0,0,0,0,0,0,0,0,0,0,0,0,0,0,0
2828284,2026-03-14,3,Vëllaznimi,Golden Eagle Ylli,"J. Hellems,R. Dahsyla,S. Zekiqi,T. Todd,Z. Reid","A. Çallakaj,D. Sabeckis,G. Morina,L. Shoshi,S. Bamforth",1626,1650,24,0.91,0.88,0.93,38,46,40,46,2,0,0,0,0,0,2,2,0,0,0,1,0,0,0,1,0,0,0,0,0,1,0,0,0,0,1,0,0,0,0,0,0,0,0,0,0,0,0,0,0,0,0,0,0,0,0,0,0,0,0,0,0,0
2828284,2026-03-14,3,Vëllaznimi,Golden Eagle Ylli,"J. Hellems,R. Dahsyla,S. Zekiqi,T. Todd,Z. Reid","A. Çallakaj,G. Morina,J. Gray,L. Shoshi,S. Bamforth",1650,1800,150,4.16,4.31,4.0,40,46,43,52,3,6,6,1,1,0,2,1,4,1,0,0,0,1,0,3,2,3,2,0,0,0,2,0,1,1,1,1,0,0,0,0,0,0,0,0,0,0,0,0,0,0,0,0,0,0,0,0,0,0,0,0,0,0
2828284,2026-03-14,4,Vëllaznimi,Golden Eagle Ylli,"R. Dahsyla,S. Zekiqi,T. Todd,Y. Anei,Z. Reid","D. Sabeckis,G. Morina,J. Gray,L. Shoshi,S. Bamforth",1800,1863,63,1.96,2.0,1.93,43,52,45,52,2,0,2,1,1,0,0,0,0,2,0,0,0,0,0,3,0,0,0,0,0,1,1,0,0,0,0,0,0,0,0,0,0,0,0,0,0,0,0,0,0,0,0,0,0,0,0,0,0,0,0,0,0,0
2828284,2026-03-14,4,Vëllaznimi,Golden Eagle Ylli,"D. Wilson,R. Dahsyla,S. Zekiqi,Y. Anei,Z. Reid","D. Sabeckis,G. Morina,J. Gray,L. Shoshi,S. Bamforth",1863,2072,209,5.87,5.74,6.0,45,52,51,61,6,9,7,2,1,0,2,2,2,1,1,0,0,0,3,5,4,1,1,0,0,0,3,3,0,0,1,1,0,0,0,0,0,0,0,0,0,0,0,0,0,0,0,0,0,0,0,0,0,0,0,0,0,0
2828284,2026-03-14,4,Vëllaznimi,Golden Eagle Ylli,"D. Wilson,J. Hellems,R. Dahsyla,S. Zekiqi,Y. Anei","D. Sabeckis,G. Morina,J. Gray,L. Shoshi,S. Bamforth",2072,2135,63,0.96,1.0,0.93,51,61,54,64,3,3,1,1,1,1,0,0,0,0,0,0,0,0,0,2,1,2,1,0,0,1,0,1,0,0,0,0,0,0,0,0,0,0,0,0,0,0,0,0,0,0,0,0,0,0,0,0,0,0,0,0,0,0
2828284,2026-03-14,4,Vëllaznimi,Golden Eagle Ylli,"J. Hellems,R. Dahsyla,S. Zekiqi,T. Todd,Y. Anei","D. Sabeckis,G. Morina,J. Gray,L. Shoshi,S. Bamforth",2135,2276,141,4.38,4.0,4.76,54,64,59,70,5,6,3,2,1,1,0,0,0,0,1,1,0,1,2,2,2,1,1,4,1,1,1,2,0,0,1,2,0,0,0,0,0,0,0,0,0,0,0,0,0,0,0,0,0,0,0,0,0,0,0,0,0,0
2828284,2026-03-14,4,Vëllaznimi,Golden Eagle Ylli,"A. Koshi,J. Hellems,R. Dahsyla,Y. Anei,Z. Reid","D. Sabeckis,G. Morina,J. Gray,L. Shoshi,S. Bamforth",2276,2291,15,0.71,0.1,1.32,59,70,59,71,0,1,0,0,0,0,0,0,0,0,0,0,0,0,2,0,0,0,0,3,1,0,0,0,0,0,0,1,0,0,0,0,0,0,0,0,0,0,0,0,0,0,0,0,0,0,0,0,0,0,0,0,0,0
2828284,2026-03-14,4,Vëllaznimi,Golden Eagle Ylli,"A. Koshi,D. Wilson,R. Dahsyla,Y. Anei,Z. Reid","D. Sabeckis,G. Morina,J. Gray,L. Shoshi,S. Bamforth",2291,2336,45,1.0,1.0,1.0,59,71,62,71,3,0,1,1,1,1,0,0,0,1,1,0,0,0,0,1,0,0,0,0,0,0,0,0,0,0,0,1,0,0,0,0,0,0,0,0,0,0,0,0,0,0,0,0,0,0,0,0,0,0,0,0,0,0
2828284,2026-03-14,4,Vëllaznimi,Golden Eagle Ylli,"A. Koshi,D. Wilson,R. Dahsyla,Y. Anei,Z. Reid","B. Pass,E. Kastrati,J. Gray,L. Shoshi,S. Bamforth",2336,2396,60,2.38,2.88,1.88,62,71,64,72,2,1,2,0,2,0,2,2,0,2,1,0,0,0,2,1,0,1,0,2,1,0,2,0,0,0,0,0,0,0,0,0,0,0,0,0,0,0,0,0,0,0,0,0,0,0,0,0,0,0,0,0,0,0
2828286,2026-03-15,1,GO+Peja,Bora,"C. Edwards,C. Williams,D. Bracey,M. Mala,S. Llapi","A. Hot,A. Hunter,C. Bragg Jr,R. Memedi,S. Jules",0,250,250,7.05,7.11,7.0,0,0,12,6,12,6,8,4,2,1,3,3,3,4,1,0,0,1,0,6,2,3,2,0,0,0,1,2,0,0,1,3,0,0,0,0,0,0,0,0,0,0,0,0,0,0,0,0,0,0,0,0,0,0,0,0,0,0
2828286,2026-03-15,1,GO+Peja,Bora,"C. Edwards,C. Williams,D. Bracey,M. Mala,S. Llapi","A. Hot,J. Zeqiri,R. Memedi,S. Jules,T. Cheese",250,303,53,1.61,2.34,0.88,12,6,15,8,3,2,2,1,0,0,2,1,1,0,0,0,0,0,3,0,0,0,0,2,2,0,1,1,0,0,0,0,0,0,0,0,0,0,0,0,0,0,0,0,0,0,0,0,0,0,0,0,0,0,0,0,0,0
2828286,2026-03-15,1,GO+Peja,Bora,"C. Williams,D. Bracey,L. Routt,M. Mala,S. Llapi","A. Hot,J. Zeqiri,R. Memedi,S. Jules,T. Cheese",303,326,23,1.38,1.0,1.76,15,8,15,12,0,4,0,0,0,0,0,0,0,0,0,0,0,1,1,0,0,0,0,4,4,0,0,1,0,0,0,0,0,0,0,0,0,0,0,0,0,0,0,0,0,0,0,0,0,0,0,0,0,0,0,0,0,0
2828286,2026-03-15,1,GO+Peja,Bora,"C. Williams,D. Bracey,L. Routt,M. Mala,S. Llapi","A. Hot,C. Bragg Jr,J. Zeqiri,R. Ukaj,T. Cheese",326,427,101,2.43,3.0,1.86,15,12,18,12,3,0,3,1,3,1,0,0,0,2,1,0,0,0,0,4,0,2,0,0,0,2,2,0,0,0,0,0,0,0,0,0,0,0,0,0,0,0,0,0,0,0,0,0,0,0,0,0,0,0,0,0,0,0
2828286,2026-03-15,1,GO+Peja,Bora,"C. Edwards,C. Williams,D. Bracey,L. Routt,M. Mala","A. Hot,A. Hunter,C. Bragg Jr,J. Zeqiri,T. Cheese",427,429,2,0.1,0.1,0.1,18,12,18,12,0,0,0,0,0,0,0,0,0,0,0,0,0,0,0,0,0,0,0,0,0,0,0,0,0,0,0,0,0,0,0,0,0,0,0,0,0,0,0,0,0,0,0,0,0,0,0,0,0,0,0,0,0,0
2828286,2026-03-15,1,GO+Peja,Bora,"A. Hajdari,C. Edwards,C. Williams,F. Shoshaj,L. Routt","A. Hunter,C. Bragg Jr,J. Zeqiri,R. Memedi,T. Cheese",429,457,28,1.5,1.0,2.0,18,12,20,12,2,0,1,1,0,0,0,0,0,0,0,0,0,0,0,0,0,0,0,0,0,0,0,0,0,0,2,1,0,0,0,0,0,0,0,0,0,0,0,0,0,0,0,0,0,0,0,0,0,0,0,0,0,0
2828286,2026-03-15,1,GO+Peja,Bora,"A. Hajdari,C. Edwards,C. Williams,F. Shoshaj,L. Routt","A. Hunter,J. Zeqiri,R. Memedi,S. Jules,T. Cheese",457,560,103,2.37,2.74,2.0,20,12,23,18,3,6,3,1,0,0,2,1,2,0,0,0,0,1,0,2,2,2,2,0,0,0,0,2,0,0,0,2,0,0,0,0,0,0,0,0,0,0,0,0,0,0,0,0,0,0,0,0,0,0,0,0,0,0
2828286,2026-03-15,1,GO+Peja,Bora,"A. Hajdari,C. Edwards,D. Bracey,F. Shoshaj,L. Routt","A. Hunter,J. Zeqiri,R. Memedi,S. Jules,T. Cheese",560,600,40,1.36,1.37,1.34,23,18,23,18,0,0,2,0,2,0,1,0,1,1,0,0,0,0,1,1,0,0,0,2,0,1,1,0,0,0,0,0,0,0,0,0,0,0,0,0,0,0,0,0,0,0,0,0,0,0,0,0,0,0,0,0,0,0
2828286,2026-03-15,2,GO+Peja,Bora,"A. Hajdari,C. Edwards,D. Bracey,D. Davis,F. Shoshaj","A. Hot,A. Hunter,C. Bragg Jr,R. Memedi,S. Jules",600,673,73,1.96,1.93,2.0,23,18,28,18,5,0,3,2,1,1,0,0,1,1,2,1,0,0,0,1,0,1,0,0,0,0,0,0,0,0,1,0,0,0,0,0,0,0,0,0,0,0,0,0,0,0,0,0,0,0,0,0,0,0,0,0,0,0
2828286,2026-03-15,2,GO+Peja,Bora,"A. Hajdari,C. Edwards,D. Bracey,D. Davis,F. Shoshaj","A. Hot,A. Hunter,J. Zeqiri,R. Memedi,S. Jules",673,787,114,3.33,2.93,3.74,28,18,28,21,0,3,2,0,1,0,0,0,1,2,0,0,1,2,2,5,1,1,0,2,1,2,1,0,0,0,0,1,0,0,0,0,0,0,0,0,0,0,0,0,0,0,0,0,0,0,0,0,0,0,0,0,0,0
2828286,2026-03-15,2,GO+Peja,Bora,"C. Edwards,D. Bracey,D. Davis,F. Shoshaj,M. Mala","A. Hot,A. Hunter,J. Zeqiri,R. Memedi,S. Jules",787,947,160,6.0,6.0,6.0,28,21,33,28,5,7,4,2,2,1,0,0,0,2,1,1,0,2,1,5,3,2,1,0,0,0,2,1,1,0,1,0,0,0,0,0,0,0,0,0,0,0,0,0,0,0,0,0,0,0,0,0,0,0,0,0,0,0
2828286,2026-03-15,2,GO+Peja,Bora,"D. Bracey,D. Davis,F. Shoshaj,L. Routt,M. Mala","A. Hot,A. Hunter,C. Bragg Jr,R. Ukaj,S. Jules",947,963,16,0.55,0.1,1.0,33,28,33,28,0,0,0,0,0,0,0,0,0,1,0,0,1,0,0,1,0,0,0,0,0,0,0,0,0,0,0,1,0,0,0,0,0,0,0,0,0,0,0,0,0,0,0,0,0,0,0,0,0,0,0,0,0,0
2828286,2026-03-15,2,GO+Peja,Bora,"D. Bracey,D. Davis,F. Shoshaj,L. Routt,M. Mala","A. Hunter,C. Bragg Jr,O. Kurtaj,R. Ukaj,S. Jules",963,975,12,0.55,1.0,0.1,33,28,35,28,2,0,1,1,0,0,0,0,0,0,0,0,0,0,0,0,0,0,0,0,0,0,0,0,0,0,0,2,0,0,0,0,0,0,0,0,0,0,0,0,0,0,0,0,0,0,0,0,0,0,0,0,0,0
2828286,2026-03-15,2,GO+Peja,Bora,"D. Bracey,D. Davis,F. Shoshaj,L. Routt,M. Mala","A. Hot,C. Bragg Jr,R. Ukaj,S. Jules,T. Cheese",975,1016,41,0.68,0.37,1.0,35,28,36,30,1,2,1,0,1,0,1,1,1,0,0,0,0,0,0,1,1,0,0,0,0,0,0,1,0,0,0,1,0,0,0,0,0,0,0,0,0,0,0,0,0,0,0,0,0,0,0,0,0,0,0,0,0,0
2828286,2026-03-15,2,GO+Peja,Bora,"C. Williams,D. Davis,F. Shoshaj,L. Routt,M. Mala","A. Hot,J. Zeqiri,R. Memedi,S. Jules,T. Cheese",1016,1123,107,2.62,1.86,3.37,38,30,41,37,3,7,4,1,2,1,0,0,2,0,1,0,0,0,2,4,3,0,0,1,1,1,1,0,0,0,0,0,0,0,0,0,0,0,0,0,0,0,0,0,0,0,0,0,0,0,0,0,0,0,0,0,0,0
2828286,2026-03-15,2,GO+Peja,Bora,"C. Williams,D. Davis,F. Shoshaj,L. Routt,M. Mala","A. Hot,J. Zeqiri,R. Memedi,R. Ukaj,S. Jules",1123,1144,21,0.55,1.0,0.1,41,37,41,37,0,0,1,0,1,0,0,0,0,0,0,0,0,0,0,0,0,0,0,0,0,0,1,0,0,0,0,0,0,0,0,0,0,0,0,0,0,0,0,0,0,0,0,0,0,0,0,0,0,0,0,0,0,0
2828286,2026-03-15,2,GO+Peja,Bora,"C. Williams,D. Bracey,D. Davis,F. Shoshaj,M. Mala","A. Hot,J. Zeqiri,R. Memedi,R. Ukaj,S. Jules",1144,1200,56,1.5,1.0,2.0,41,37,41,39,0,2,1,0,0,0,0,0,0,1,0,0,0,0,1,2,1,1,0,0,0,0,1,0,0,0,0,1,0,0,0,0,0,0,0,0,0,0,0,0,0,0,0,0,0,0,0,0,0,0,0,0,0,0
2828286,2026-03-15,3,GO+Peja,Bora,"A. Hajdari,C. Williams,D. Bracey,D. Davis,M. Mala","A. Hot,A. Hunter,J. Zeqiri,R. Memedi,S. Jules",1200,1376,176,5.37,5.93,4.81,41,39,43,43,2,4,7,1,5,0,0,0,1,2,0,0,0,0,1,4,1,0,0,2,2,1,5,2,0,0,1,1,0,0,0,0,0,0,0,0,0,0,0,0,0,0,0,0,0,0,0,0,0,0,0,0,0,0
2828286,2026-03-15,3,GO+Peja,Bora,"A. Hajdari,C. Williams,D. Bracey,D. Davis,S. Llapi","A. Hot,A. Hunter,J. Zeqiri,R. Memedi,S. Jules",1376,1459,83,2.5,2.0,3.0,43,43,43,45,0,2,2,0,1,0,0,0,0,0,0,1,0,0,0,1,1,0,0,0,0,0,2,0,0,0,2,1,0,0,0,0,0,0,0,0,0,0,0,0,0,0,0,0,0,0,0,0,0,0,0,0,0,0
2828286,2026-03-15,3,GO+Peja,Bora,"A. Hajdari,C. Edwards,C. Williams,D. Bracey,S. Llapi","A. Hunter,J. Zeqiri,R. Memedi,S. Jules,T. Cheese",1459,1478,19,0.55,1.0,0.1,43,45,43,45,0,0,0,0,0,0,0,0,0,0,0,0,0,1,1,0,0,0,0,0,0,0,0,0,1,0,0,0,0,0,0,0,0,0,0,0,0,0,0,0,0,0,0,0,0,0,0,0,0,0,0,0,0,0
2828286,2026-03-15,3,GO+Peja,Bora,"A. Hajdari,C. Edwards,C. Williams,D. Bracey,M. Mala","A. Hunter,J. Zeqiri,R. Memedi,S. Jules,T. Cheese",1478,1492,14,0.55,0.1,1.0,43,45,43,45,0,0,0,0,0,0,0,0,0,0,0,1,0,0,0,0,0,0,0,0,0,0,0,0,0,0,1,1,0,0,0,0,0,0,0,0,0,0,0,0,0,0,0,0,0,0,0,0,0,0,0,0,0,0
2828286,2026-03-15,3,GO+Peja,Bora,"A. Hajdari,C. Edwards,C. Williams,D. Bracey,M. Mala","A. Hunter,R. Memedi,R. Ukaj,S. Jules,T. Cheese",1492,1595,103,2.94,2.88,3.0,43,45,49,48,6,3,2,2,2,2,2,0,0,2,2,0,0,0,1,3,1,2,1,0,0,0,1,1,0,0,0,1,0,0,0,0,0,0,0,0,0,0,0,0,0,0,0,0,0,0,0,0,0,0,0,0,0,0
2828286,2026-03-15,3,GO+Peja,Bora,"A. Hajdari,C. Edwards,C. Williams,D. Bracey,M. Mala","A. Hot,J. Zeqiri,R. Memedi,R. Ukaj,T. Cheese",1595,1667,72,1.94,2.0,1.88,49,48,51,50,2,2,2,1,1,0,0,0,0,1,1,0,0,0,1,1,0,1,0,2,2,0,1,0,0,0,0,0,0,0,0,0,0,0,0,0,0,0,0,0,0,0,0,0,0,0,0,0,0,0,0,0,0,0
2828286,2026-03-15,3,GO+Peja,Bora,"A. Hajdari,C. Edwards,C. Williams,D. Bracey,M. Mala","A. Hot,A. Hunter,C. Bragg Jr,R. Ukaj,T. Cheese",1667,1718,51,1.96,2.17,1.76,51,50,52,53,1,3,2,0,2,0,2,1,1,0,0,0,0,0,2,0,0,0,0,4,3,0,2,0,0,0,0,1,0,0,0,0,0,0,0,0,0,0,0,0,0,0,0,0,0,0,0,0,0,0,0,0,0,0
2828286,2026-03-15,3,GO+Peja,Bora,"A. Hajdari,C. Edwards,C. Williams,D. Bracey,M. Mala","A. Hot,A. Hunter,R. Ukaj,S. Jules,T. Cheese",1718,1800,82,2.0,2.0,2.0,52,53,58,53,6,0,2,2,2,2,0,0,0,0,1,0,0,0,0,1,0,1,0,0,0,0,0,0,0,0,1,0,0,0,0,0,0,0,0,0,0,0,0,0,0,0,0,0,0,0,0,0,0,0,0,0,0,0
2828286,2026-03-15,4,GO+Peja,Bora,"A. Hajdari,C. Edwards,C. Williams,D. Bracey,M. Mala","A. Hot,A. Hunter,J. Zeqiri,R. Memedi,S. Jules",1800,1920,120,4.5,4.0,5.0,58,53,63,58,5,5,3,2,1,1,0,0,0,1,1,0,0,1,1,3,2,1,1,0,0,0,1,2,1,1,2,2,0,0,0,0,0,0,0,0,0,0,0,0,0,0,0,0,0,0,0,0,0,0,0,0,0,0
2828286,2026-03-15,4,GO+Peja,Bora,"A. Hajdari,C. Williams,D. Bracey,L. Routt,M. Mala","A. Hot,A. Hunter,J. Zeqiri,R. Memedi,S. Jules",1920,1939,19,0.55,0.1,1.0,63,58,63,58,0,0,0,0,0,0,0,0,0,0,0,0,0,0,0,0,0,0,0,0,0,0,0,0,0,0,1,0,0,0,0,0,0,0,0,0,0,0,0,0,0,0,0,0,0,0,0,0,0,0,0,0,0,0
2828286,2026-03-15,4,GO+Peja,Bora,"A. Hajdari,C. Williams,D. Bracey,L. Routt,M. Mala","A. Hot,A. Hunter,J. Zeqiri,S. Jules,T. Cheese",1939,2038,99,3.72,4.0,3.44,63,58,67,65,4,7,2,2,0,0,0,0,0,1,0,0,0,2,3,3,3,1,1,1,0,0,0,2,0,0,0,0,0,0,0,0,0,0,0,0,0,0,0,0,0,0,0,0,0,0,0,0,0,0,0,0,0,0
2828286,2026-03-15,4,GO+Peja,Bora,"A. Hajdari,C. Williams,D. Davis,L. Routt,M. Mala","A. Hot,A. Hunter,J. Zeqiri,S. Jules,T. Cheese",2038,2128,90,1.44,1.88,1.0,67,65,68,65,1,0,1,0,1,0,2,1,0,1,0,0,0,0,1,1,0,0,0,0,0,0,2,0,0,0,0,1,0,0,0,0,0,0,0,0,0,0,0,0,0,0,0,0,0,0,0,0,0,0,0,0,0,0
2828286,2026-03-15,4,GO+Peja,Bora,"A. Hajdari,C. Williams,D. Bracey,D. Davis,M. Mala","A. Hunter,J. Zeqiri,R. Memedi,S. Jules,T. Cheese",2128,2232,104,2.4,1.93,2.88,68,65,70,73,2,8,3,1,1,0,0,0,1,0,1,0,0,0,0,2,2,2,2,2,2,0,1,0,0,0,0,0,0,0,0,0,0,0,0,0,0,0,0,0,0,0,0,0,0,0,0,0,0,0,0,0,0,0
2828286,2026-03-15,4,GO+Peja,Bora,"A. Hajdari,C. Edwards,C. Williams,D. Bracey,M. Mala","A. Hunter,J. Zeqiri,R. Memedi,S. Jules,T. Cheese",2232,2382,150,5.4,5.93,4.88,70,73,72,80,2,7,5,1,2,0,0,0,1,1,1,1,0,2,1,3,3,0,0,2,1,0,3,2,0,1,1,0,0,0,0,0,0,0,0,0,0,0,0,0,0,0,0,0,0,0,0,0,0,0,0,0,0,0
2828285,2026-03-14,1,Sigal Prishtina,Rahoveci 029,"A. Bailey,D. Burns,E. Clarance,J. Ismajli,V. Kakruki","A. Thomas,B. Rexha,F. Rugova,J. Mccorrmick,K. Pullian",0,302,302,11.08,11.37,10.79,0,0,5,7,5,7,9,2,3,0,1,1,1,5,1,2,0,3,2,11,3,6,1,0,0,3,6,1,1,0,3,2,0,0,0,0,0,0,0,0,0,0,0,0,0,0,0,0,0,0,0,0,0,0,0,0,0,0
2828285,2026-03-14,1,Sigal Prishtina,Rahoveci 029,"A. Bailey,D. Burns,E. Clarance,J. Ismajli,V. Kakruki","A. Berisha,A. Thomas,B. Rexha,J. Mccorrmick,N. Mcloud",302,329,27,1.5,1.0,2.0,5,7,5,10,0,3,0,0,0,0,0,0,0,0,0,1,0,1,0,1,1,1,1,0,0,0,0,0,1,0,1,0,0,0,0,0,0,0,0,0,0,0,0,0,0,0,0,0,0,0,0,0,0,0,0,0,0,0
2828285,2026-03-14,1,Sigal Prishtina,Rahoveci 029,"A. Bailey,A. Morina,D. Burns,E. Clarance,V. Kakruki","A. Berisha,A. Thomas,B. Rexha,J. Mccorrmick,N. Mcloud",329,495,166,3.89,3.86,3.93,5,10,8,17,3,7,5,1,2,1,0,0,2,1,1,0,0,1,0,5,3,2,1,0,0,1,2,3,0,0,0,2,0,0,0,0,0,0,0,0,0,0,0,0,0,0,0,0,0,0,0,0,0,0,0,0,0,0
2828285,2026-03-14,1,Sigal Prishtina,Rahoveci 029,"A. Bailey,A. Lomax,A. Morina,D. Burns,V. Kakruki","A. Berisha,F. Rugova,J. Mccorrmick,K. Pullian,N. Mcloud",495,530,35,1.44,1.88,1.0,8,17,9,17,1,0,0,0,0,0,2,1,0,1,0,0,1,1,0,1,0,0,0,0,0,0,1,0,0,0,0,1,0,0,0,0,0,0,0,0,0,0,0,0,0,0,0,0,0,0,0,0,0,0,0,0,0,0
2828285,2026-03-14,1,Sigal Prishtina,Rahoveci 029,"A. Bailey,A. Lomax,A. Morina,D. Burns,V. Kakruki","F. Rugova,J. Mccorrmick,K. Pullian,N. Mcloud,V. Ejupi",530,600,70,1.69,0.93,2.44,9,17,9,22,0,5,1,0,0,0,0,0,1,0,0,0,0,1,1,2,2,0,0,1,1,0,0,1,0,0,0,0,0,0,0,0,0,0,0,0,0,0,0,0,0,0,0,0,0,0,0,0,0,0,0,0,0,0
2828285,2026-03-14,2,Sigal Prishtina,Rahoveci 029,"A. Lomax,A. Morina,D. Burns,D. Haxhosaj,D. Williams","F. Rugova,J. Mccorrmick,K. Pullian,N. Mcloud,V. Ejupi",600,671,71,2.4,3.0,1.81,9,22,11,24,2,2,1,1,0,0,0,0,0,0,1,1,0,2,1,1,0,0,0,2,2,1,0,0,1,0,1,0,0,0,0,0,0,0,0,0,0,0,0,0,0,0,0,0,0,0,0,0,0,0,0,0,0,0
2828285,2026-03-14,2,Sigal Prishtina,Rahoveci 029,"A. Lomax,A. Morina,D. Burns,D. Haxhosaj,D. Williams","A. Thomas,F. Rugova,J. Mccorrmick,K. Pullian,V. Ejupi",671,719,48,1.94,1.88,2.0,11,24,12,29,1,5,0,0,0,0,2,1,0,0,1,0,0,1,0,2,2,1,1,0,0,0,0,1,0,0,0,1,0,0,0,0,0,0,0,0,0,0,0,0,0,0,0,0,0,0,0,0,0,0,0,0,0,0
2828285,2026-03-14,2,Sigal Prishtina,Rahoveci 029,"A. Morina,D. Burns,D. Haxhosaj,D. Williams,E. Clarance","A. Thomas,F. Rugova,J. Mccorrmick,K. Pullian,V. Ejupi",719,769,50,1.5,1.0,2.0,12,29,14,32,2,3,1,1,0,0,0,0,0,0,0,1,0,0,0,1,1,1,1,0,0,0,0,1,0,0,1,1,0,0,0,0,0,0,0,0,0,0,0,0,0,0,0,0,0,0,0,0,0,0,0,0,0,0
2828285,2026-03-14,2,Sigal Prishtina,Rahoveci 029,"A. Bailey,A. Morina,D. Burns,D. Haxhosaj,E. Clarance","A. Thomas,F. Rugova,J. Mccorrmick,K. Pullian,V. Ejupi",769,825,56,2.0,2.0,2.0,14,32,16,35,2,3,2,1,0,0,0,0,0,1,1,0,0,0,1,2,1,1,1,0,0,0,1,1,0,0,0,1,0,0,0,0,0,0,0,0,0,0,0,0,0,0,0,0,0,0,0,0,0,0,0,0,0,0
2828285,2026-03-14,2,Sigal Prishtina,Rahoveci 029,"A. Bailey,A. Lomax,A. Morina,D. Haxhosaj,E. Clarance","A. Thomas,F. Rugova,J. Mccorrmick,K. Pullian,V. Ejupi",825,917,92,1.96,2.0,1.93,16,35,18,35,2,0,2,1,0,0,0,0,0,2,0,0,0,0,0,3,0,3,0,0,0,1,1,0,0,0,0,1,0,0,0,0,0,0,0,0,0,0,0,0,0,0,0,0,0,0,0,0,0,0,0,0,0,0
2828285,2026-03-14,2,Sigal Prishtina,Rahoveci 029,"A. Bailey,A. Lomax,A. Morina,D. Haxhosaj,E. Clarance","A. Thomas,B. Rexha,F. Rugova,J. Mccorrmick,K. Pullian",917,983,66,1.96,1.93,2.0,18,35,22,37,4,2,3,2,0,0,0,0,1,1,1,0,0,0,1,2,1,0,0,0,0,0,0,0,0,0,0,1,0,0,0,0,0,0,0,0,0,0,0,0,0,0,0,0,0,0,0,0,0,0,0,0,0,0
2828285,2026-03-14,2,Sigal Prishtina,Rahoveci 029,"A. Bailey,A. Lomax,A. Morina,D. Haxhosaj,E. Clarance","A. Thomas,B. Rexha,F. Rugova,K. Pullian,N. Mcloud",983,1072,89,2.4,2.81,2.0,22,37,25,37,3,0,3,1,1,0,2,1,1,2,1,0,0,0,0,2,0,2,0,0,0,0,1,0,0,0,0,0,0,0,0,0,0,0,0,0,0,0,0,0,0,0,0,0,0,0,0,0,0,0,0,0,0,0
2828285,2026-03-14,2,Sigal Prishtina,Rahoveci 029,"A. Bailey,A. Lomax,A. Morina,D. Haxhosaj,E. Clarance","A. Thomas,B. Rexha,F. Rugova,J. Mccorrmick,N. Mcloud",1072,1181,109,3.89,3.93,3.86,25,37,29,43,4,6,4,2,1,0,0,0,1,0,0,0,1,1,1,5,3,1,0,0,0,1,1,1,1,0,1,0,0,0,0,0,0,0,0,0,0,0,0,0,0,0,0,0,0,0,0,0,0,0,0,0,0,0
2828285,2026-03-14,2,Sigal Prishtina,Rahoveci 029,"A. Bailey,A. Lomax,D. Haxhosaj,E. Clarance,V. Kakruki","A. Thomas,B. Rexha,F. Rugova,J. Mccorrmick,K. Pullian",1181,1200,19,0.55,0.1,1.0,29,43,29,46,0,3,0,0,0,0,0,0,0,0,0,0,0,0,0,1,1,1,1,0,0,0,0,1,0,0,0,0,0,0,0,0,0,0,0,0,0,0,0,0,0,0,0,0,0,0,0,0,0,0,0,0,0,0
2828285,2026-03-14,3,Sigal Prishtina,Rahoveci 029,"A. Bailey,A. Lomax,A. Morina,D. Burns,V. Kakruki","A. Thomas,B. Rexha,F. Rugova,J. Mccorrmick,K. Pullian",1200,1398,198,5.44,4.88,6.0,29,46,34,48,5,2,3,2,1,1,2,0,0,2,1,1,0,1,2,3,1,0,0,0,0,0,2,0,1,0,3,3,0,0,0,0,0,0,0,0,0,0,0,0,0,0,0,0,0,0,0,0,0,0,0,0,0,0
2828285,2026-03-14,3,Sigal Prishtina,Rahoveci 029,"A. Bailey,A. Lomax,A. Morina,D. Burns,V. Kakruki","A. Thomas,B. Rexha,F. Rugova,J. Mccorrmick,N. Mcloud",1398,1467,69,2.9,2.81,3.0,34,48,36,48,2,0,2,0,2,0,2,2,1,0,0,2,0,1,0,0,0,0,0,0,0,0,1,0,0,0,3,1,0,0,0,0,0,0,0,0,0,0,0,0,0,0,0,0,0,0,0,0,0,0,0,0,0,0
2828285,2026-03-14,3,Sigal Prishtina,Rahoveci 029,"A. Bailey,A. Lomax,A. Morina,D. Burns,V. Kakruki","A. Thomas,B. Rexha,F. Rugova,K. Pullian,N. Mcloud",1467,1482,15,0.1,0.1,0.1,36,48,36,48,0,0,0,0,0,0,0,0,0,0,0,0,0,0,0,0,0,0,0,0,0,0,0,0,0,0,0,1,0,0,0,0,0,0,0,0,0,0,0,0,0,0,0,0,0,0,0,0,0,0,0,0,0,0
2828285,2026-03-14,3,Sigal Prishtina,Rahoveci 029,"A. Bailey,A. Lomax,A. Morina,D. Burns,V. Kakruki","A. Thomas,B. Rexha,K. Pullian,N. Mcloud,V. Ejupi",1482,1500,18,1.6,2.2,1.0,36,48,40,48,4,0,0,0,0,0,5,4,0,0,1,1,0,0,1,0,0,0,0,0,0,0,0,0,0,0,1,1,0,0,0,0,0,0,0,0,0,0,0,0,0,0,0,0,0,0,0,0,0,0,0,0,0,0
2828285,2026-03-14,3,Sigal Prishtina,Rahoveci 029,"A. Bailey,A. Lomax,A. Morina,D. Burns,V. Kakruki","A. Thomas,B. Rexha,J. Mccorrmick,K. Pullian,V. Ejupi",1500,1556,56,1.0,1.0,1.0,40,48,40,48,0,0,1,0,0,0,0,0,0,1,0,0,0,0,0,1,0,0,0,0,0,0,1,0,0,0,0,0,0,0,0,0,0,0,0,0,0,0,0,0,0,0,0,0,0,0,0,0,0,0,0,0,0,0
2828285,2026-03-14,3,Sigal Prishtina,Rahoveci 029,"A. Bailey,A. Lomax,A. Morina,D. Burns,V. Kakruki","A. Thomas,B. Rexha,J. Mccorrmick,N. Mcloud,V. Ejupi",1556,1609,53,1.96,1.93,2.0,40,48,42,48,2,0,3,1,1,0,0,0,1,0,0,1,0,0,0,0,0,0,0,0,0,0,1,0,0,0,2,1,0,0,0,0,0,0,0,0,0,0,0,0,0,0,0,0,0,0,0,0,0,0,0,0,0,0
2828285,2026-03-14,3,Sigal Prishtina,Rahoveci 029,"A. Bailey,A. Lomax,A. Morina,D. Burns,V. Kakruki","B. Rexha,F. Rugova,J. Mccorrmick,K. Pullian,V. Ejupi",1609,1661,52,1.19,1.44,0.93,42,48,46,50,4,2,1,1,1,1,1,1,0,0,1,0,0,0,0,2,1,1,0,0,0,1,0,0,0,0,0,0,0,0,0,0,0,0,0,0,0,0,0,0,0,0,0,0,0,0,0,0,0,0,0,0,0,0
2828285,2026-03-14,3,Sigal Prishtina,Rahoveci 029,"A. Bailey,A. Lomax,A. Morina,D. Burns,V. Kakruki","A. Thomas,F. Rugova,J. Mccorrmick,K. Pullian,V. Ejupi",1661,1677,16,0.52,0.1,0.93,46,50,46,52,0,2,0,0,0,0,0,0,0,0,0,0,0,0,0,2,1,0,0,0,0,1,0,0,0,0,0,1,0,0,0,0,0,0,0,0,0,0,0,0,0,0,0,0,0,0,0,0,0,0,0,0,0,0
2828285,2026-03-14,3,Sigal Prishtina,Rahoveci 029,"A. Bailey,A. Morina,D. Burns,E. Clarance,V. Kakruki","A. Thomas,F. Rugova,J. Mccorrmick,K. Pullian,V. Ejupi",1677,1756,79,2.44,2.88,2.0,46,52,47,54,1,2,1,0,1,0,2,1,0,1,0,0,0,1,2,2,1,1,0,0,0,0,1,0,0,0,0,0,0,0,0,0,0,0,0,0,0,0,0,0,0,0,0,0,0,0,0,0,0,0,0,0,0,0
2828285,2026-03-14,3,Sigal Prishtina,Rahoveci 029,"A. Bailey,A. Morina,D. Burns,E. Clarance,V. Kakruki","B. Rexha,J. Mccorrmick,K. Pullian,N. Mcloud,V. Ejupi",1756,1800,44,1.5,2.0,1.0,47,55,49,55,2,0,2,1,1,0,0,0,0,0,0,1,0,0,0,0,0,0,0,0,0,0,1,0,0,0,1,0,0,0,0,0,0,0,0,0,0,0,0,0,0,0,0,0,0,0,0,0,0,0,0,0,0,0
2828285,2026-03-14,4,Sigal Prishtina,Rahoveci 029,"A. Bailey,A. Morina,D. Burns,E. Clarance,V. Kakruki","A. Thomas,B. Rexha,F. Rugova,J. Mccorrmick,K. Pullian",1800,1859,59,1.96,2.0,1.93,49,55,49,55,0,0,0,0,0,0,0,0,0,1,0,0,1,2,1,2,0,0,0,0,0,1,0,0,0,0,1,1,0,0,0,0,0,0,0,0,0,0,0,0,0,0,0,0,0,0,0,0,0,0,0,0,0,0
2828285,2026-03-14,4,Sigal Prishtina,Rahoveci 029,"A. Bailey,A. Morina,D. Burns,E. Clarance,V. Kakruki","A. Berisha,A. Thomas,B. Rexha,F. Rugova,J. Mccorrmick",1859,1893,34,1.0,1.0,1.0,49,55,49,55,0,0,1,0,1,0,0,0,0,0,0,0,0,0,0,0,0,0,0,0,0,0,1,0,0,0,1,0,0,0,0,0,0,0,0,0,0,0,0,0,0,0,0,0,0,0,0,0,0,0,0,0,0,0
2828285,2026-03-14,4,Sigal Prishtina,Rahoveci 029,"A. Bailey,A. Morina,D. Burns,E. Clarance,V. Kakruki","A. Berisha,A. Thomas,F. Rugova,J. Mccorrmick,N. Mcloud",1893,1934,41,1.0,1.0,1.0,49,55,52,55,3,0,1,1,1,1,0,0,0,1,0,0,0,0,1,1,0,1,0,0,0,0,0,0,0,0,0,0,0,0,0,0,0,0,0,0,0,0,0,0,0,0,0,0,0,0,0,0,0,0,0,0,0,0
2828285,2026-03-14,4,Sigal Prishtina,Rahoveci 029,"A. Bailey,A. Morina,D. Burns,E. Clarance,V. Kakruki","A. Thomas,F. Rugova,J. Mccorrmick,N. Mcloud,V. Ejupi",1934,2081,147,3.83,3.86,3.81,52,55,58,61,6,6,6,3,1,0,0,0,2,0,1,0,0,0,1,3,2,1,1,2,1,1,1,0,0,0,1,0,0,0,0,0,0,0,0,0,0,0,0,0,0,0,0,0,0,0,0,0,0,0,0,0,0,0
2828285,2026-03-14,4,Sigal Prishtina,Rahoveci 029,"A. Bailey,A. Lomax,A. Morina,D. Burns,V. Kakruki","A. Thomas,F. Rugova,J. Mccorrmick,K. Pullian,V. Ejupi",2081,2230,149,4.58,5.0,4.17,58,61,67,62,9,1,4,4,1,1,0,0,0,2,3,1,0,1,2,2,0,1,0,2,1,1,0,1,1,0,2,0,0,0,0,0,0,0,0,0,0,0,0,0,0,0,0,0,0,0,0,0,0,0,0,0,0,0
2828285,2026-03-14,4,Sigal Prishtina,Rahoveci 029,"A. Bailey,A. Lomax,A. Morina,D. Burns,V. Kakruki","A. Thomas,B. Rexha,F. Rugova,J. Mccorrmick,K. Pullian",2230,2240,10,0.1,0.1,0.1,67,62,67,62,0,0,0,0,0,0,0,0,0,0,0,0,0,0,1,0,0,0,0,0,0,0,0,0,0,0,0,0,0,0,0,0,0,0,0,0,0,0,0,0,0,0,0,0,0,0,0,0,0,0,0,0,0,0
2828285,2026-03-14,4,Sigal Prishtina,Rahoveci 029,"A. Lomax,A. Morina,D. Burns,E. Clarance,V. Kakruki","A. Thomas,B. Rexha,F. Rugova,J. Mccorrmick,K. Pullian",2240,2289,49,1.44,1.0,1.88,67,62,67,66,0,4,0,0,0,0,0,0,0,0,0,0,0,1,0,1,1,0,0,2,2,0,0,0,1,0,0,1,0,0,0,0,0,0,0,0,0,0,0,0,0,0,0,0,0,0,0,0,0,0,0,0,0,0
2828285,2026-03-14,4,Sigal Prishtina,Rahoveci 029,"A. Lomax,A. Morina,D. Burns,E. Clarance,V. Kakruki","A. Thomas,B. Rexha,J. Mccorrmick,K. Pullian,V. Ejupi",2289,2344,55,1.0,1.0,1.0,67,66,67,66,0,0,1,0,0,0,0,0,0,1,0,0,0,0,0,1,0,1,0,0,0,0,1,0,0,0,0,1,0,0,0,0,0,0,0,0,0,0,0,0,0,0,0,0,0,0,0,0,0,0,0,0,0,0
2828285,2026-03-14,4,Sigal Prishtina,Rahoveci 029,"A. Lomax,D. Burns,D. Haxhosaj,E. Clarance,V. Kakruki","A. Thomas,B. Rexha,J. Mccorrmick,K. Pullian,V. Ejupi",2344,2349,5,0.1,0.1,0.1,67,66,67,66,0,0,0,0,0,0,0,0,0,0,0,0,0,0,0,0,0,0,0,0,0,0,0,0,0,0,0,1,0,0,0,0,0,0,0,0,0,0,0,0,0,0,0,0,0,0,0,0,0,0,0,0,0,0
2828285,2026-03-14,4,Sigal Prishtina,Rahoveci 029,"A. Lomax,D. Burns,D. Haxhosaj,E. Clarance,V. Kakruki","A. Thomas,B. Rexha,J. Mccorrmick,N. Mcloud,V. Ejupi",2349,2399,50,2.44,3.0,1.88,67,66,67,69,0,3,2,0,0,0,0,0,0,0,0,0,0,1,1,1,1,0,0,2,1,0,1,0,1,0,0,0,0,0,0,0,0,0,0,0,0,0,0,0,0,0,0,0,0,0,0,0,0,0,0,0,0,0
