Team,Lineup,GAMES,TOTAL_TIME,PTS,FGM,FGA,FG%,3PM,3PA,3P%,FTM,FTA,FT%,OREB,DREB,REB,AST,STL,BLK,TOV,PF,POSS,PACE,PACE_FOR,PACE_VS,APL_OFF,APL_DEF,OFF_eFG%,OFF_TS%,OFF_AST%,OFF_OREB%,OFF_DREB%,OFF_TOV%,OFF_FT_RATE,OFF_3PA_RATE,OFF_RTG,PTS_VS,FGM_VS,FGA_VS,FG%_VS,3PM_VS,3PA_VS,3P%_VS,FTM_VS,FTA_VS,FT%_VS,OREB_VS,DREB_VS,REB_VS,AST_VS,STL_VS,BLK_VS,TOV_VS,PF_VS,POSS_VS,DEF_eFG%,DEF_TS%,DEF_TOV%,DEF_OREB%_VS,DEF_3PA_RATE,DEF_RTG,NET_RTG,RIM_ATT,RIM_MADE,RIM%,OTD_2PT_ATT,OTD_2PT_MADE,OTD_2PT%,OTD_3PT_ATT,OTD_3PT_MADE,OTD_3PT%,PASS_TO,DRIBBLE_TO,DEFENSE_TO,MISC_TO,RIM_ATT_VS,RIM_MADE_VS,RIM%_VS,OTD_2PT_ATT_VS,OTD_2PT_MADE_VS,OTD_2PT%_VS,OTD_3PT_ATT_VS,OTD_3PT_MADE_VS,OTD_3PT%_VS,PASS_TO_VS,DRIBBLE_TO_VS,DEFENSE_TO_VS,MISC_TO_VS
Vëllaznimi,"Z. Reid, S. Zekiqi, R. Dahsyla, T. Todd, J. Hellems",8,4688,140,48,134,35.8,13,51,25.5,31,40,77.5,24,42,66,18,18,1,26,35,147,75.7,75.5,75.9,31.8,31.6,40.7,46.2,37.5,26.4,68.9,13.3,29.9,38.1,94.9,163,57,115,49.6,25,52,48.1,24,35,68.6,19,67,86,30,16,9,43,35,148,60.4,62.5,24.8,31.1,45.2,110,-15,60,30,50,23,5,21.7,51,13,25.5,6,14,0,4,44,25,56.8,19,7,36.8,52,25,48.1,18,17,3,4
Vëllaznimi,"Y. Anei, S. Zekiqi, D. Wilson, R. Dahsyla, J. Hellems",8,4864,182,64,113,56.6,18,43,41.9,36,44,81.8,14,47,61,30,18,9,35,32,147,70.7,72.6,68.8,33.0,34.9,64.6,68.8,46.9,28,67.1,17.7,38.9,38.1,123.6,145,54,122,44.3,21,58,36.2,16,21,76.2,23,36,59,38,20,0,37,38,139,52.9,55.2,22,32.9,47.5,104,19.6,43,34,79.1,27,12,44.4,43,18,41.9,15,11,2,4,49,29,59.2,15,4,26.7,58,21,36.2,19,12,2,4
Rahoveci 029,"K. Pullian, B. Rexha, N. Mcloud, F. Rugova, I. Umipig",6,4686,150,58,132,43.9,13,47,27.7,21,39,53.8,21,50,71,33,15,3,20,24,142,72.6,72.8,72.4,32.9,33.2,48.9,50.3,56.9,25.6,64.9,9.9,29.5,35.6,105.5,156,57,131,43.5,21,55,38.2,21,30,70,27,61,88,34,9,7,30,36,141,51.5,54.1,17.2,35.1,42,110.4,-4.9,55,33,60,29,12,41.4,47,13,27.7,5,9,2,3,48,26,54.2,28,10,35.7,55,21,38.2,9,17,0,3
Sigal Prishtina,"A. Bailey, A. Lomax, A. Morina, V. Kakruki, E. Clarance",7,4412,144,57,108,52.8,13,40,32.5,17,23,73.9,12,46,58,40,17,4,29,28,129,69.5,70.6,68.4,34.0,35.1,58.8,61,70.2,24,62.2,15.5,21.3,37,111,124,49,122,40.2,15,56,26.8,11,16,68.8,28,38,66,34,12,4,30,23,125,46.3,48,18.9,37.8,45.9,98.6,12.4,48,37,77.1,20,7,35,40,13,32.5,9,8,5,4,45,26,57.8,21,8,38.1,56,15,26.8,9,14,1,5
Golden Eagle Ylli,"A. Çallakaj, B. Huffman, L. Thomas, T. Allen, G. Morina",6,3782,116,45,93,48.4,10,30,33.3,16,23,69.6,15,54,69,30,2,8,25,26,108,69,68.9,69.1,34.8,34.8,53.8,56.2,66.7,30,71.1,15.8,24.7,32.3,106.8,106,39,113,34.5,14,44,31.8,14,19,73.7,22,35,57,21,15,4,14,29,108,40.7,43.7,10.3,28.9,38.9,97.4,9.4,48,30,62.5,15,5,33.3,30,10,33.3,10,11,2,1,35,14,40,34,11,32.4,44,14,31.8,4,6,0,3
GO+Peja,"J. Johnson, D. Berisha, A. Herndon, M. Mala, T. Green",7,3422,101,37,94,39.4,15,48,31.2,12,19,63.2,14,38,52,25,6,3,23,21,106,73.6,75,72.1,32.0,33.3,47.3,49.3,67.6,23.7,67.9,15.3,20.2,51.1,94.5,111,45,100,45,11,40,27.5,10,14,71.4,18,45,63,25,10,3,19,23,102,50.5,52.3,15.2,32.1,40,107.9,-13.4,37,20,54.1,9,2,22.2,48,15,31.2,13,5,0,3,41,25,61,19,9,47.4,40,11,27.5,8,7,1,2
Trepça,"M. Tmusic, S. Jones, M. Amzil, A. Vining, K. Hasbrouck",8,3572,154,54,101,53.5,23,45,51.1,23,33,69.7,18,42,60,35,17,1,13,24,106,71.4,71.3,71.5,33.7,33.6,64.9,66.7,64.8,34.6,67.7,8,32.7,44.6,145.1,73,29,93,31.2,8,38,21.1,7,11,63.6,20,34,54,15,2,3,33,37,106,35.5,37.3,25.2,32.3,40.9,68.6,76.5,41,23,56.1,15,8,53.3,45,23,51.1,5,4,1,2,38,20,52.6,17,1,5.9,38,8,21.1,14,11,2,5
Sigal Prishtina,"A. Bailey, A. Azemi, D. Burns, K. Kramer, D. Polloshka",7,3607,129,46,92,50,12,35,34.3,25,36,69.4,18,36,54,33,10,6,20,27,105,68.4,70.2,66.7,34.2,36.0,56.5,59.8,71.7,38.3,70.6,12.4,39.1,38,122.3,116,43,90,47.8,11,34,32.4,19,26,73.1,15,29,44,25,12,3,18,29,100,53.9,57.2,15.1,29.4,37.8,115.7,6.6,44,29,65.9,13,5,38.5,35,12,34.3,11,5,1,2,39,25,64.1,17,7,41.2,34,11,32.4,6,7,2,2
Bora,"A. Hunter, S. Jules, L. Thomas, A. Hot, R. Memedi",6,3820,116,47,94,50,12,37,32.4,10,14,71.4,13,45,58,29,7,4,17,35,99,63.1,62.8,63.3,38.2,37.9,56.4,57.9,61.7,26.5,72.6,11.6,14.9,39.4,116,107,40,101,39.6,5,37,13.5,22,25,88,17,36,53,22,11,2,10,21,100,42.1,47.8,8.2,27.4,36.6,106.2,9.9,37,30,81.1,20,5,25,37,12,32.4,7,8,0,2,40,25,62.5,24,10,41.7,37,5,13.5,6,3,1,0
Rahoveci 029,"K. Pullian, J. Roche, B. Rexha, F. Rugova, I. Umipig",6,3391,110,46,101,45.5,15,49,30.6,3,6,50,19,38,57,24,13,4,17,19,97,68.1,69.1,67.1,34.8,35.8,53,53.1,52.2,34.5,67.9,11.8,5.9,48.5,112.7,92,33,88,37.5,12,39,30.8,14,20,70,18,36,54,23,8,3,20,15,94,44.3,47.5,17.1,32.1,44.3,97,15.7,34,22,64.7,18,9,50,49,15,30.6,7,4,2,2,30,14,46.7,19,7,36.8,39,12,30.8,13,5,1,1
Rahoveci 029,"K. Pullian, B. Rexha, J. Mccorrmick, F. Rugova, A. Thomas",5,3056,97,34,83,41,14,39,35.9,15,20,75,14,28,42,19,14,0,18,28,91,71.5,72.2,70.9,33.2,33.9,49.4,52.8,55.9,26.9,70,14,24.1,47,105.5,87,31,67,46.3,7,26,26.9,18,25,72,12,38,50,15,12,5,28,26,90,51.5,55.8,26.4,30,38.8,96.4,9.1,32,16,50,12,4,33.3,39,14,35.9,9,6,0,2,32,21,65.6,9,3,33.3,26,7,26.9,15,8,1,3
Sigal Prishtina,"A. Bailey, A. Azemi, G. Hoti, D. Burns, K. Kramer",4,2783,95,35,74,47.3,12,30,40,13,16,81.2,14,26,40,25,12,4,21,23,84,70.9,72.9,68.9,32.9,34.8,55.4,58.6,71.4,33.3,70.3,16.5,21.6,40.5,112.4,85,29,66,43.9,10,27,37,17,21,81,11,28,39,20,10,2,19,19,79,51.5,56.5,20.2,29.7,40.9,106.4,6,34,18,52.9,10,5,50,30,12,40,9,8,0,2,23,13,56.5,16,6,37.5,27,10,37,10,7,1,1
Bashkimi,"M. Armstead, I. Cousins, D. Lake, L. Zeqiri, K. Anderson",6,2500,95,37,71,52.1,13,28,46.4,8,10,80,11,29,40,22,11,2,19,22,80,75.2,76.9,73.5,31.2,32.7,61.3,63,59.5,31.4,72.5,16.3,14.1,39.4,118.7,70,27,64,42.2,7,20,35,9,13,69.2,11,24,35,13,8,5,21,18,76,47.7,50.2,23.1,27.5,31.2,91.5,27.2,26,16,61.5,17,8,47.1,28,13,46.4,5,6,0,4,32,16,50,12,4,33.3,20,7,35,10,9,0,1
Golden Eagle Ylli,"D. Sabeckis, S. Bamforth, E. Kastrati, T. Smith, D. Thomas",5,2918,78,28,68,41.2,13,34,38.2,9,16,56.2,19,23,42,21,5,4,22,28,74,60.8,61.6,59.9,38.9,40.0,50.7,52,75,45.2,56.1,18.6,23.5,50,104.1,84,30,70,42.9,9,33,27.3,15,18,83.3,18,23,41,17,9,4,16,26,72,49.3,53.9,17,43.9,47.1,115.3,-11.1,20,9,45,14,6,42.9,34,13,38.2,11,8,1,1,25,16,64,11,4,36.4,33,9,27.3,9,3,3,1
Bora,"A. Hunter, S. Jules, A. Mekic, A. Hot, J. Zeqiri",6,2504,85,31,73,42.5,11,32,34.4,12,16,75,19,24,43,24,5,4,13,16,71,66.1,68.1,64.1,35.2,37.5,50,53.1,77.4,42.2,77.4,11.1,21.9,43.8,119.6,83,34,65,52.3,9,23,39.1,6,6,100,7,26,33,15,7,6,9,13,66,59.2,61.4,11.7,22.6,35.4,124.2,-4.6,35,17,48.6,6,3,50,32,11,34.4,7,3,2,1,30,19,63.3,12,6,50,23,9,39.1,6,2,0,1
Bora,"S. Jules, A. Mekic, J. Zeqiri, G. Singleton, R. Memedi",4,2205,63,21,60,35,7,25,28,14,18,77.8,9,22,31,14,6,3,14,24,70,77.5,76.2,78.8,31.5,30.4,40.8,46.4,66.7,22.5,61.1,14.6,30,41.7,90,102,33,68,48.5,12,30,40,24,26,92.3,14,31,45,23,6,3,10,16,72,57.4,64.2,11.2,38.9,44.1,140.8,-50.8,26,13,50,9,1,11.1,25,7,28,6,3,0,3,34,20,58.8,4,1,25,30,12,40,6,3,1,0
Sigal Prishtina,"A. Bailey, A. Lomax, D. Burns, A. Morina, V. Kakruki",5,2448,86,29,66,43.9,9,26,34.6,19,27,70.4,16,20,36,19,15,1,12,19,70,70,69.5,70.4,34.5,34.1,50.8,55.2,65.5,40,71.4,11,40.9,39.4,121.3,56,22,49,44.9,3,16,18.8,9,11,81.8,8,24,32,13,4,4,29,25,71,48,52,35,28.6,32.7,77.9,43.3,21,14,66.7,19,6,31.6,26,9,34.6,5,4,2,1,27,18,66.7,6,1,16.7,16,3,18.8,9,13,2,3
Bora,"A. Hunter, S. Jules, A. Hot, J. Zeqiri, T. Cheese",11,2366,79,27,61,44.3,11,30,36.7,14,21,66.7,12,32,44,17,3,1,14,17,69,71.2,70.3,72.1,34.1,33.3,53.3,56.2,63,32.4,86.5,13.8,34.4,49.2,113.9,72,24,56,42.9,8,27,29.6,16,25,64,5,25,30,14,8,5,12,27,71,50,53.7,15.2,13.5,48.2,101.4,12.6,21,12,57.1,10,4,40,30,11,36.7,8,5,0,1,19,11,57.9,10,5,50,27,8,29.6,2,2,1,4
Golden Eagle Ylli,"D. Sabeckis, B. Huffman, S. Bamforth, T. Allen, G. Morina",3,2233,81,30,59,50.8,10,22,45.5,11,22,50,10,30,40,23,4,1,13,13,68,77.4,74,80.8,32.5,29.7,59.3,59,76.7,30.3,69.8,12.4,37.3,37.3,117.7,87,32,75,42.7,14,40,35,9,12,75,13,23,36,18,9,2,11,22,75,52,54.2,12.1,30.2,53.3,115.8,1.9,24,14,58.3,13,6,46.2,22,10,45.5,8,3,0,2,21,13,61.9,14,5,35.7,40,14,35,4,3,1,2
Vëllaznimi,"A. Koshi, S. Zekiqi, A. Gordon, D. Wilson, J. Hellems",7,2239,59,18,47,38.3,6,23,26.1,17,24,70.8,5,24,29,11,2,3,18,17,67,71.8,72.6,71,33.1,33.8,44.7,51.3,61.1,16.7,75,20.8,51.1,48.9,87.1,79,31,62,50,6,19,31.6,11,16,68.8,8,25,33,24,7,1,8,21,66,54.8,57.2,10.4,25,30.6,119.2,-32.1,15,9,60,8,3,37.5,23,6,26.1,9,5,2,1,32,21,65.6,11,4,36.4,19,6,31.6,2,4,1,1
Bashkimi,"M. Armstead, I. Cousins, L. Zeqiri, T. Bickerstaff, K. Anderson",6,1956,84,32,62,51.6,5,17,29.4,15,22,68.2,13,21,34,17,6,0,3,13,59,71.2,72.7,69.8,33.0,34.4,55.6,58.6,53.1,41.9,75,3.3,35.5,27.4,141.9,73,26,53,49.1,11,22,50,10,12,83.3,7,18,25,11,1,0,8,20,56,59.4,62.6,12.1,25,41.5,128.3,13.6,27,21,77.8,18,6,33.3,17,5,29.4,1,2,0,0,24,13,54.2,7,2,28.6,22,11,50,3,4,1,0
Bora,"A. Hunter, S. Jules, A. Hot, J. Zeqiri, R. Memedi",5,2057,65,22,51,43.1,9,22,40.9,12,17,70.6,9,23,32,12,3,1,12,19,59,65.3,68.9,61.6,34.9,38.9,52,55.6,54.5,30,74.2,14.5,33.3,43.1,110.1,48,16,44,36.4,6,17,35.3,10,16,62.5,8,21,29,10,5,2,12,13,52,43.2,47,19,25.8,38.6,90.8,19.3,22,12,54.5,7,1,14.3,22,9,40.9,7,3,0,1,14,7,50,13,3,23.1,17,6,35.3,3,3,2,4
Trepça,"M. Tmusic, S. Jones, M. Amzil, J. Payne, K. Hasbrouck",7,1982,83,33,54,61.1,11,24,45.8,6,9,66.7,5,26,31,19,11,1,9,9,59,75.1,72,78.1,33.3,30.7,71.3,71.6,57.6,21.7,81.2,10.5,16.7,44.4,139.5,46,18,51,35.3,5,21,23.8,5,5,100,6,18,24,10,6,0,20,13,64,40.2,43.2,27.3,18.8,41.2,71.3,68.2,22,19,86.4,8,3,37.5,24,11,45.8,4,4,0,1,19,8,42.1,11,5,45.5,21,5,23.8,10,4,1,3
GO+Peja,"J. Johnson, D. Berisha, M. Mala, T. Green, C. Edwards",7,1831,77,29,52,55.8,7,17,41.2,12,18,66.7,11,16,27,21,7,0,10,14,56,74.6,74.1,75.1,32.4,31.9,62.5,64.3,72.4,42.3,76.2,11,34.6,32.7,136.1,70,28,47,59.6,6,15,40,8,13,61.5,5,15,20,14,4,1,12,14,57,66,66.4,18.5,23.8,31.9,122.1,14,27,18,66.7,8,4,50,17,7,41.2,3,4,1,2,23,19,82.6,9,3,33.3,15,6,40,6,6,0,0
Trepça,"M. Tmusic, D. Hajrizi, C. Brown, J. Payne, S. Henry",3,2023,61,23,56,41.1,8,26,30.8,7,9,77.8,12,25,37,13,1,3,11,17,56,67.7,67.1,68.3,35.7,35.1,48.2,50.9,56.5,36.4,69.4,13.1,16.1,46.4,107.8,56,25,58,43.1,3,16,18.8,3,9,33.3,11,21,32,16,7,2,9,11,57,45.7,45.2,12.7,30.6,27.6,97.3,10.5,20,12,60,10,3,30,26,8,30.8,4,4,0,2,34,18,52.9,8,4,50,16,3,18.8,1,2,0,3
Rahoveci 029,"K. Pullian, B. Rexha, N. Mcloud, J. Mccorrmick, F. Rugova",4,1739,63,23,55,41.8,6,18,33.3,11,14,78.6,14,20,34,10,6,1,6,12,51,68.9,70.4,67.4,34.1,35.6,47.3,51.5,43.5,40,69,7.8,25.5,32.7,123.4,54,20,45,44.4,8,25,32,6,11,54.5,9,21,30,11,1,2,10,18,48,53.3,54.2,16.7,31,55.6,110.6,12.8,31,13,41.9,6,4,66.7,18,6,33.3,2,3,0,1,14,8,57.1,6,4,66.7,25,8,32,6,3,1,0
Sigal Prishtina,"A. Bailey, A. Azemi, D. Burns, G. Hoti, V. Kakruki",2,1683,59,25,40,62.5,5,10,50,4,9,44.4,2,11,13,14,6,1,12,9,51,75.8,73.9,77.8,32.5,30.8,68.8,67.1,56,11.8,68.8,17.2,22.5,25,113.9,56,23,38,60.5,6,16,37.5,4,11,36.4,5,15,20,14,7,1,19,13,54,68.4,65.4,30.7,31.2,42.1,102.6,11.3,23,16,69.6,7,4,57.1,10,5,50,6,5,0,1,20,16,80,2,1,50,16,6,37.5,6,7,1,3
Trepça,"M. Tmusic, S. Jones, M. Amzil, K. Hasbrouck, B. Tuna",4,1883,65,24,52,46.2,10,25,40,7,15,46.7,11,22,33,17,7,5,6,9,51,70.1,65.6,74.7,36.6,32.1,55.8,55.5,70.8,34.4,71,7.4,28.8,48.1,126.3,46,15,44,34.1,3,18,16.7,13,16,81.2,9,21,30,6,4,4,19,16,58,37.5,45.1,27.1,29,40.9,78.5,47.8,17,12,70.6,10,2,20,25,10,40,4,1,0,1,15,6,40,11,6,54.5,18,3,16.7,5,5,0,6
GO+Peja,"M. Mala, T. Green, C. Edwards, O. Williams, A. Hajdari",4,1688,51,20,55,36.4,7,19,36.8,4,4,100,16,15,31,7,6,1,12,16,50,68.6,72,65.1,33.3,36.8,42.7,44.9,35,47.1,65.2,15.8,7.3,34.5,100.7,48,19,41,46.3,2,9,22.2,8,13,61.5,8,18,26,11,4,2,9,11,45,48.8,51.4,16.2,34.8,22,104.8,-4.1,22,9,40.9,14,4,28.6,19,7,36.8,2,6,1,2,20,13,65,12,4,33.3,9,2,22.2,5,4,0,0
Golden Eagle Ylli,"D. Sabeckis, B. Huffman, T. Allen, E. Kastrati, G. Morina",3,1539,65,21,33,63.6,9,13,69.2,14,17,82.4,1,18,19,13,4,1,12,8,49,72.8,77.1,68.5,31.1,35.0,77.3,80.3,61.9,7.7,60,18.3,51.5,39.4,131.5,46,17,48,35.4,8,29,27.6,4,4,100,12,12,24,13,6,2,8,15,43,43.8,46.2,13.9,40,60.4,104.7,26.8,10,6,60,10,6,60,13,9,69.2,8,0,0,2,11,6,54.5,8,3,37.5,29,8,27.6,3,3,0,1
Bashkimi,"M. Armstead, I. Cousins, D. Lake, L. Zeqiri, S. Shorter",3,1547,59,23,38,60.5,4,15,26.7,9,12,75,3,20,23,12,3,2,10,10,48,74.7,74.9,74.6,32.0,32.2,65.8,68.2,52.2,17.6,80,15.3,31.6,39.5,122.2,50,19,42,45.2,8,24,33.3,4,7,57.1,5,14,19,11,3,0,10,9,48,54.8,55.5,18.2,20,57.1,104,18.2,14,12,85.7,9,7,77.8,15,4,26.7,4,2,1,2,15,10,66.7,3,1,33.3,24,8,33.3,4,5,1,0
GO+Peja,"S. Flatten, J. Johnson, D. Berisha, M. Mala, T. Green",6,1673,61,21,46,45.7,10,22,45.5,9,15,60,9,18,27,13,5,0,6,15,47,67.6,68.3,66.8,35.1,35.9,56.5,58,61.9,34.6,66.7,8.4,32.6,47.8,128.1,52,21,47,44.7,6,21,28.6,4,8,50,9,17,26,12,4,2,7,14,46,51.1,51.5,12.2,33.3,44.7,111.6,16.5,17,8,47.1,6,2,33.3,22,10,45.5,1,4,1,0,17,12,70.6,9,3,33.3,21,6,28.6,3,3,1,0
Bora,"A. Hunter, S. Jules, A. Hot, T. Cheese, R. Ukaj",10,1658,53,18,37,48.6,7,20,35,10,13,76.9,5,11,16,8,6,0,11,20,46,68.5,67.7,69.4,35.4,34.6,58.1,62,44.4,27.8,78.6,17.8,35.1,54.1,113.3,62,21,34,61.8,8,16,50,12,18,66.7,3,13,16,11,2,0,11,15,47,73.5,74,20.8,21.4,47.1,129.4,-16.1,10,7,70,7,4,57.1,20,7,35,2,2,2,3,9,7,77.8,9,6,66.7,16,8,50,7,3,0,1
Vëllaznimi,"Y. Anei, A. Koshi, S. Zekiqi, D. Wilson, J. Hellems",6,1484,44,12,33,36.4,6,15,40,14,18,77.8,3,14,17,7,7,2,10,15,46,72.8,74.4,71.2,32.3,33.7,45.5,53.8,58.3,14.3,60.9,17.3,54.5,45.5,95.6,50,20,41,48.8,2,11,18.2,8,11,72.7,9,18,27,13,3,0,9,15,44,51.2,54.5,16.4,39.1,26.8,113.6,-18,12,5,41.7,6,1,16.7,15,6,40,3,3,2,2,19,13,68.4,11,5,45.5,11,2,18.2,4,4,0,1
Vëllaznimi,"Z. Reid, Y. Anei, A. Koshi, R. Dahsyla, T. Todd",6,1503,50,15,39,38.5,5,16,31.2,15,23,65.2,8,19,27,11,6,3,6,14,45,77.1,72.2,82,33.2,29.3,44.9,50.9,73.3,29.6,76,9.1,59,41,110.5,44,15,39,38.5,2,14,14.3,12,17,70.6,6,19,25,10,2,2,13,18,51,41,47.3,21.9,24,35.9,85.7,24.8,19,10,52.6,4,0,0,16,5,31.2,4,1,0,1,18,10,55.6,7,3,42.9,14,2,14.3,6,2,1,2
Bashkimi,"D. Lake, L. Zeqiri, V. Bunjaku, S. Shorter, I. Nwamu",6,1613,49,19,48,39.6,7,20,35,4,5,80,8,21,29,9,2,2,4,10,44,64.2,66,62.3,36.4,38.5,46.9,48.8,47.4,26.7,77.8,6.3,10.4,41.7,110.5,31,12,38,31.6,4,21,19,3,6,50,6,22,28,7,3,2,9,15,41,36.8,38.1,18.1,22.2,55.3,74,36.5,21,9,42.9,7,3,42.9,20,7,35,2,1,0,1,10,6,60,7,2,28.6,21,4,19,1,4,1,3
Sigal Prishtina,"A. Bailey, A. Azemi, D. Haxhosaj, D. Burns, K. Kramer",3,1521,33,14,38,36.8,4,16,25,1,7,14.3,8,21,29,5,1,3,13,10,44,71,69.8,72.2,34.4,33.3,42.1,40.2,35.7,33.3,77.8,22,18.4,42.1,74.6,47,17,43,39.5,8,22,36.4,5,6,83.3,6,16,22,12,5,0,8,16,45,48.8,51.5,14.9,22.2,51.2,102.8,-28.2,11,5,45.5,11,5,45.5,16,4,25,3,5,0,4,14,5,35.7,7,4,57.1,22,8,36.4,3,1,0,3
GO+Peja,"C. Williams, M. Mala, D. Bracey, C. Edwards, A. Hajdari",3,1322,52,19,39,48.7,7,20,35,7,11,63.6,7,10,17,10,6,0,8,8,43,75.5,78.1,72.9,30.7,32.9,57.7,59.3,52.6,33.3,76.9,12.9,28.2,51.3,120.8,50,18,30,60,6,12,50,8,11,72.7,3,14,17,12,3,2,10,11,40,70,71.8,22.3,23.1,40,124.5,-3.7,17,12,70.6,2,0,0,20,7,35,4,4,0,0,10,7,70,8,5,62.5,12,6,50,5,3,0,1
Vëllaznimi,"Z. Reid, Y. Anei, A. Gordon, R. Dahsyla, T. Todd",5,1556,54,21,38,55.3,5,11,45.5,7,7,100,5,12,17,9,5,3,9,15,43,68.1,66.8,69.4,36.0,34.6,61.8,65.7,42.9,29.4,50,15.2,18.4,28.9,124.8,69,26,47,55.3,10,16,62.5,7,11,63.6,12,12,24,21,1,1,7,12,44,66,66.6,11.9,50,34,153.4,-28.7,20,12,60,7,4,57.1,11,5,45.5,2,5,0,2,25,13,52,6,3,50,16,10,62.5,6,1,0,0
Vëllaznimi,"Z. Reid, A. Koshi, S. Zekiqi, T. Todd, J. Hellems",4,1303,46,15,37,40.5,5,16,31.2,11,14,78.6,5,12,17,5,4,0,7,12,43,79.5,79.9,79.1,30.1,30.4,47.3,53.3,33.3,20.8,60,12.7,37.8,43.2,106.1,47,15,36,41.7,6,15,40,11,13,84.6,8,19,27,11,5,3,11,15,42,50,56.3,20.9,40,41.7,109.5,-3.4,16,8,50,5,2,40,16,5,31.2,2,3,1,1,17,8,47.1,4,1,25,15,6,40,3,3,2,2
Bora,"A. Hunter, S. Jules, L. Thomas, A. Hot, R. Ukaj",5,1384,39,16,35,45.7,3,14,21.4,4,4,100,3,15,18,6,4,0,10,10,42,71.8,72.8,70.8,32.9,33.9,50,53,37.5,15.8,71.4,19,11.4,40,92.8,38,13,34,38.2,5,14,35.7,7,8,87.5,6,16,22,12,3,4,11,6,40,45.6,50.6,22.7,28.6,41.2,93.1,-0.3,15,11,73.3,6,2,33.3,14,3,21.4,4,4,0,2,12,7,58.3,8,1,12.5,14,5,35.7,6,5,0,0
Bora,"T. Jackson, A. Mekic, G. Singleton, R. Ukaj, R. Memedi",3,1326,60,24,45,53.3,4,16,25,8,14,57.1,14,16,30,13,7,1,7,13,42,79.8,76.7,82.9,31.3,28.9,57.8,58.6,54.2,56,66.7,9.8,31.1,35.6,141.5,51,19,41,46.3,5,12,41.7,8,13,61.5,8,11,19,11,4,0,9,11,45,52.4,54.6,16.2,33.3,29.3,111.3,30.2,21,17,81,8,3,37.5,16,4,25,4,3,0,0,19,12,63.2,10,2,20,12,5,41.7,7,1,0,1
Sigal Prishtina,"A. Bailey, A. Azemi, D. Haxhosaj, D. Burns, G. Hoti",3,1274,58,19,41,46.3,9,19,47.4,11,17,64.7,8,8,16,13,7,1,4,8,42,79,80.4,77.5,29.8,31.0,57.3,59.8,68.4,30.8,72.7,6.1,41.5,46.3,135.8,49,17,29,58.6,7,10,70,8,11,72.7,3,18,21,15,3,1,12,14,41,70.7,72.4,26.2,27.3,34.5,119.1,16.7,12,8,66.7,10,2,20,19,9,47.4,1,3,0,0,13,8,61.5,6,2,33.3,10,7,70,10,2,0,0
Trepça,"M. Tmusic, D. Hajrizi, C. Brown, J. Payne, A. Vining",6,1412,55,22,41,53.7,6,13,46.2,5,9,55.6,8,19,27,12,2,1,7,11,42,71.9,71.7,72.1,33.5,33.3,61,61.2,54.5,40,63.3,10.9,22,31.7,130.3,47,17,43,39.5,5,15,33.3,8,14,57.1,11,12,23,10,5,2,6,11,42,45.3,47.8,10.9,36.7,34.9,110.9,19.5,24,14,58.3,4,2,50,13,6,46.2,3,3,1,0,22,9,40.9,6,3,50,15,5,33.3,1,2,1,1
Bora,"S. Jules, A. Mekic, A. Hot, J. Zeqiri, T. Cheese",6,1332,48,19,47,40.4,4,13,30.8,6,9,66.7,15,15,30,15,6,2,7,15,41,72.6,74.3,70.8,32.3,33.9,44.7,47.1,78.9,51.7,68.2,9.6,19.1,27.7,116.4,44,15,35,42.9,7,13,53.8,7,9,77.8,7,14,21,7,3,1,9,9,39,52.9,56.5,18.8,31.8,37.1,111.9,4.5,29,15,51.7,5,0,0,13,4,30.8,5,1,0,1,16,7,43.8,6,1,16.7,13,7,53.8,3,5,0,1
Sigal Prishtina,"A. Bailey, D. Burns, A. Morina, V. Kakruki, E. Clarance",3,1459,41,16,38,42.1,5,15,33.3,4,7,57.1,8,12,20,9,4,1,10,13,41,68,68,68,35.3,35.3,48.7,49.9,56.2,36.4,70.6,16.6,18.4,39.5,99.1,52,17,33,51.5,7,14,50,11,16,68.8,5,14,19,10,3,2,8,8,41,62.1,64.9,16.7,29.4,42.4,125.9,-26.7,19,8,42.1,4,3,75,15,5,33.3,4,2,0,2,13,7,53.8,6,3,50,14,7,50,3,5,0,0
Bashkimi,"I. Cousins, D. Lake, M. Ismaili, L. Zeqiri, K. Anderson",5,1263,43,13,32,40.6,5,11,45.5,12,14,85.7,2,14,16,9,4,1,6,13,40,75,76.9,73.1,31.2,32.8,48.4,56.3,69.2,9.5,70,11.3,43.8,34.4,106.2,35,13,33,39.4,2,16,12.5,7,7,100,6,19,25,6,2,5,10,10,38,42.4,48.5,21.7,30,48.5,91,15.3,18,8,44.4,3,0,0,11,5,45.5,4,2,0,0,12,9,75,5,2,40,16,2,12.5,3,5,0,2
GO+Peja,"J. Johnson, M. Mala, T. Green, C. Edwards, A. Hajdari",6,1290,63,26,40,65,7,15,46.7,4,5,80,4,19,23,17,1,1,4,12,40,71.4,75.4,67.4,31.8,35.6,73.8,74.6,65.4,28.6,79.2,6.3,12.5,37.5,155.5,34,14,35,40,5,15,33.3,1,4,25,5,10,15,8,2,1,6,10,36,47.1,46.2,14,20.8,42.9,93.8,61.7,16,14,87.5,9,5,55.6,15,7,46.7,2,1,1,0,15,9,60,5,0,0,15,5,33.3,1,1,0,2
Vëllaznimi,"Z. Reid, A. Koshi, L. Colimerio, R. Dahsyla, T. Todd",6,1274,55,16,32,50,5,12,41.7,18,23,78.3,6,6,12,10,3,1,6,11,40,74.3,76.2,72.4,31.5,33.1,57.8,65.3,62.5,35.3,42.9,10.3,71.9,37.5,136,53,18,34,52.9,3,9,33.3,14,16,87.5,8,11,19,10,4,2,7,15,38,57.4,64.6,14.6,57.1,26.5,137.9,-1.9,12,8,66.7,8,3,37.5,12,5,41.7,1,4,1,0,17,12,70.6,8,3,37.5,9,3,33.3,3,4,0,0
Bashkimi,"M. Armstead, D. Lake, L. Zeqiri, S. Shorter, I. Nwamu",5,1350,57,19,32,59.4,3,9,33.3,16,21,76.2,5,16,21,12,7,1,5,8,39,67.9,70.4,65.4,34.1,36.7,64.1,69.1,63.2,35.7,72.7,8.6,65.6,28.1,144,25,11,33,33.3,1,16,6.2,2,3,66.7,6,9,15,7,2,0,10,17,36,34.8,36.4,22.6,27.3,48.5,68,76,19,14,73.7,4,2,50,9,3,33.3,1,3,0,1,11,7,63.6,6,3,50,16,1,6.2,5,4,1,0
Golden Eagle Ylli,"L. Shoshi, A. Çallakaj, D. Sabeckis, B. Huffman, E. Kastrati",2,1354,43,17,30,56.7,5,12,41.7,4,4,100,3,20,23,10,3,2,12,7,39,68.6,69.4,67.9,34.6,35.4,65,67.7,58.8,23.1,71.4,22.3,13.3,40,109.9,30,12,40,30,4,21,19,2,2,100,8,10,18,7,5,0,7,12,38,35,36.7,14.6,28.6,52.5,78.4,31.5,13,10,76.9,5,2,40,12,5,41.7,7,2,1,1,13,6,46.2,6,2,33.3,21,4,19,2,5,0,0
Trepça,"D. Hajrizi, J. Payne, D. Kapiti, K. Hasbrouck, S. Henry",6,1293,54,17,31,54.8,4,12,33.3,16,20,80,2,14,16,10,4,1,3,12,39,69.7,72.7,66.6,33.0,36.0,61.3,67.8,58.8,12.5,87.5,5.7,64.5,38.7,137.9,31,10,26,38.5,2,12,16.7,9,10,90,2,14,16,8,3,1,9,17,35,42.3,51,22.8,12.5,46.2,86.3,51.5,13,9,69.2,6,4,66.7,12,4,33.3,2,1,0,0,9,6,66.7,5,2,40,12,2,16.7,5,4,0,0
Vëllaznimi,"Z. Reid, L. Colimerio, A. Gordon, R. Dahsyla, T. Todd",5,1265,54,18,37,48.6,7,15,46.7,11,16,68.8,5,13,18,8,5,1,2,10,39,75.9,74.7,77,32.1,31.2,58.1,61.3,44.4,25,68.4,3.7,43.2,40.5,137.1,51,18,37,48.6,7,16,43.8,8,12,66.7,6,15,21,11,1,1,6,13,40,58.1,60.3,12.4,31.6,43.2,125.7,11.4,16,9,56.2,6,2,33.3,15,7,46.7,1,0,0,1,14,9,64.3,7,2,28.6,16,7,43.8,4,1,1,0
Sigal Prishtina,"A. Azemi, D. Haxhosaj, D. Burns, K. Kramer, T. Vissariou",4,1469,29,10,41,24.4,1,16,6.2,8,10,80,14,13,27,4,2,3,9,8,38,65.9,63.4,68.4,37.9,35.1,25.6,31.9,40,42.4,81.2,15.4,24.4,39,74.8,61,22,38,57.9,11,18,61.1,6,6,100,3,19,22,15,5,2,6,9,41,72.4,75,12.9,18.8,47.4,145.6,-70.8,17,8,47.1,8,1,12.5,16,1,6.2,6,3,0,0,13,8,61.5,7,3,42.9,18,11,61.1,4,1,0,1
Trepça,"M. Tmusic, D. Hajrizi, C. Brown, M. Amzil, J. Payne",3,1253,49,16,33,48.5,5,11,45.5,12,15,80,8,20,28,7,0,0,9,8,38,73.7,74.7,72.7,32.1,33.0,56.1,61.9,43.8,44.4,83.3,16.2,45.5,33.3,125.7,37,13,36,36.1,4,13,30.8,7,8,87.5,4,10,14,10,4,0,4,13,37,41.7,46.8,9.2,16.7,36.1,97.5,28.2,15,6,40,7,5,71.4,11,5,45.5,4,3,0,1,11,6,54.5,12,3,25,13,4,30.8,0,1,0,2
Trepça,"M. Tmusic, S. Jones, M. Amzil, J. Payne, S. Henry",6,1208,47,19,29,65.5,3,6,50,6,8,75,3,12,15,10,10,2,11,11,38,72.9,77.3,68.4,31.1,35.1,70.7,72.3,52.6,33.3,66.7,20.6,27.6,20.7,120.8,26,11,28,39.3,3,12,25,1,2,50,6,6,12,3,3,0,13,9,34,44.6,45,31,33.3,42.9,75.5,45.3,17,13,76.5,6,3,50,6,3,50,3,2,1,3,14,6,42.9,2,2,100,12,3,25,6,7,0,0
Sigal Prishtina,"A. Bailey, A. Lomax, A. Sinani, V. Kakruki, E. Clarance",5,1444,47,17,32,53.1,5,14,35.7,8,15,53.3,5,13,18,14,4,0,5,20,37,62.6,61.6,63.7,39.0,37.7,60.9,60.9,82.4,27.8,61.9,8.7,46.9,43.8,126.8,42,11,31,35.5,5,21,23.8,15,18,83.3,8,13,21,10,2,0,9,14,38,43.5,54,18.8,38.1,67.7,109.6,17.2,13,10,76.9,5,2,40,14,5,35.7,1,3,0,1,6,4,66.7,4,2,50,21,5,23.8,4,2,0,2
Trepça,"M. Tmusic, D. Hajrizi, S. Jones, J. Payne, B. Tuna",1,1127,50,17,32,53.1,6,14,42.9,10,13,76.9,4,10,14,15,7,0,4,7,36,76.6,77.1,76.1,31.1,31.6,62.5,66.3,88.2,28.6,52.6,7.1,40.6,43.8,138.1,30,13,30,43.3,2,13,15.4,2,5,40,9,10,19,3,2,1,14,12,35,46.7,46.6,30.3,47.4,43.3,84,54.1,10,7,70,8,4,50,14,6,42.9,1,2,1,0,16,10,62.5,1,1,100,13,2,15.4,4,6,0,3
Trepça,"M. Tmusic, M. Amzil, J. Payne, D. Kapiti, A. Vining",9,1326,44,16,32,50,4,15,26.7,8,14,57.1,5,6,11,10,2,3,5,14,36,66,66.3,65.6,36.2,36.6,56.2,57.7,62.5,26.3,40,9.4,43.8,46.9,120.1,53,22,38,57.9,6,10,60,3,4,75,9,14,23,8,2,0,7,12,36,65.8,66.6,15,60,26.3,146.2,-26.1,14,12,85.7,3,0,0,15,4,26.7,2,1,0,1,22,12,54.5,6,4,66.7,10,6,60,3,3,0,1
Vëllaznimi,"A. Koshi, L. Colimerio, R. Dahsyla, T. Todd, J. Hellems",5,1095,36,10,30,33.3,3,12,25,13,18,72.2,6,15,21,5,6,2,6,12,36,75.3,79.8,70.8,30.1,33.9,38.3,47.5,50,30,62.5,12.3,60,40,98.9,24,9,31,29,2,15,13.3,4,6,66.7,9,14,23,5,1,1,9,10,32,32.3,35.7,21.1,37.5,48.4,74.3,24.6,11,6,54.5,7,1,14.3,12,3,25,0,3,1,2,12,7,58.3,4,0,0,15,2,13.3,3,5,0,1
Bashkimi,"D. Lake, L. Zeqiri, J. Baily, K. Anderson, V. Bunjaku",4,1211,39,14,33,42.4,7,17,41.2,4,9,44.4,7,12,19,12,3,0,7,8,35,71.5,70.3,72.6,34.1,33.1,53,52.8,85.7,30.4,57.1,12.5,27.3,51.5,109.9,44,15,35,42.9,3,13,23.1,11,14,78.6,9,16,25,7,3,0,6,9,36,47.1,53.4,12.7,42.9,37.1,120.1,-10.2,12,6,50,4,1,25,17,7,41.2,3,2,0,1,19,11,57.9,3,1,33.3,13,3,23.1,3,3,0,0
GO+Peja,"S. Llapi, C. Williams, M. Mala, D. Bracey, C. Edwards",3,1137,42,16,33,48.5,4,13,30.8,6,7,85.7,7,12,19,5,4,0,8,9,35,73.7,75.1,72.2,31.9,33.2,54.5,58.2,31.2,38.9,66.7,16.3,21.2,39.4,118,38,12,30,40,8,16,50,6,6,100,6,11,17,10,4,0,9,13,34,53.3,58.2,21.6,33.3,53.3,111.1,6.9,13,9,69.2,7,3,42.9,13,4,30.8,4,3,0,1,10,4,40,4,0,0,16,8,50,5,4,0,0
GO+Peja,"F. Shoshaj, M. Mala, T. Green, C. Edwards, O. Williams",4,1221,31,14,37,37.8,3,16,18.8,0,1,0,3,14,17,5,2,3,3,5,35,72,70.6,73.3,34.0,32.7,41.9,41.4,35.7,13.6,63.6,6.6,2.7,43.2,86.2,41,15,34,44.1,6,12,50,5,11,45.5,8,19,27,9,2,0,8,8,37,52.9,52.8,17.1,36.4,35.3,110,-23.7,14,9,64.3,7,2,28.6,16,3,18.8,2,0,0,1,18,9,50,4,0,0,12,6,50,3,1,0,2
GO+Peja,"S. Llapi, M. Mala, T. Green, C. Edwards, O. Williams",4,1339,45,17,35,48.6,6,14,42.9,5,6,83.3,7,15,22,12,2,2,5,11,34,64.3,61.3,67.2,39.1,35.7,57.1,59.8,70.6,38.9,53.6,9.2,17.1,40,131.5,40,15,43,34.9,4,19,21.1,6,7,85.7,13,11,24,6,2,0,6,10,37,39.5,43.4,11.5,46.4,44.2,106.6,24.9,14,10,71.4,7,1,14.3,14,6,42.9,1,2,0,1,19,9,47.4,5,2,40,19,4,21.1,1,3,0,1
Golden Eagle Ylli,"L. Shoshi, J. Reece, L. Thomas, T. Allen, E. Kastrati",3,1033,42,16,26,61.5,4,9,44.4,6,8,75,0,12,12,11,1,2,6,10,34,77.6,79.2,75.9,30.3,31.6,69.2,71.1,68.8,0,75,12.9,30.8,34.6,123.2,33,10,25,40,0,8,0,13,16,81.2,4,9,13,6,5,0,6,6,32,40,51.5,15.8,25,32,101,22.2,8,7,87.5,8,5,62.5,9,4,44.4,5,1,0,0,17,10,58.8,0,0,0,8,0,0,1,2,3,0
Golden Eagle Ylli,"D. Sabeckis, S. Bamforth, D. Conger, T. Smith, G. Morina",2,1167,39,12,32,37.5,4,17,23.5,11,13,84.6,6,17,23,9,2,0,4,6,34,73.8,70.5,77.2,34.0,31.1,43.8,51.7,75,30,89.5,7.9,40.6,53.1,113.7,35,14,31,45.2,2,9,22.2,5,7,71.4,2,14,16,7,2,1,7,15,37,48.4,51.3,17,10.5,29,93.3,20.4,11,7,63.6,4,1,25,17,4,23.5,2,2,0,0,14,9,64.3,8,3,37.5,9,2,22.2,0,2,0,3
Rahoveci 029,"J. Johnson, K. Pullian, B. Rexha, F. Rugova, I. Umipig",5,1047,28,12,30,40,3,11,27.3,1,1,100,4,9,13,5,6,2,10,11,34,75.9,80.2,71.6,29.9,33.5,45,46,41.7,22.2,50,22,3.3,36.7,80,32,11,27,40.7,4,9,44.4,6,8,75,9,14,23,8,5,2,11,6,31,48.1,52.4,26.5,50,33.3,102.5,-22.5,16,8,50,3,1,33.3,11,3,27.3,2,4,0,2,13,6,46.2,5,1,20,9,4,44.4,7,3,1,0
Sigal Prishtina,"A. Bailey, A. Azemi, D. Haxhosaj, D. Burns, T. Vissariou",2,1221,43,15,31,48.4,8,14,57.1,5,6,83.3,3,16,19,10,4,0,5,8,34,69.7,67.3,72.1,35.7,33.3,61.3,63.9,66.7,18.8,94.1,10.3,19.4,45.2,125.7,30,12,27,44.4,4,13,30.8,2,5,40,1,13,14,9,3,1,10,8,36,51.9,51.4,25.5,5.9,48.1,81.8,43.9,9,4,44.4,8,3,37.5,14,8,57.1,2,2,0,1,10,7,70,4,1,25,13,4,30.8,7,2,0,1
Trepça,"M. Tmusic, M. Amzil, J. Payne, D. Kapiti, B. Tuna",5,987,47,16,33,48.5,6,13,46.2,9,9,100,6,10,16,12,1,2,5,8,34,78,83.9,72,28.6,33.3,57.6,63.6,75,40,62.5,9.3,27.3,39.4,136.1,39,14,29,48.3,3,6,50,8,11,72.7,6,9,15,5,2,0,3,8,29,53.4,57.6,8.1,37.5,20.7,131.7,4.4,15,7,46.7,5,3,60,13,6,46.2,2,1,0,1,18,8,44.4,5,3,60,6,3,50,1,2,0,0
Trepça,"M. Tmusic, M. Amzil, D. Kapiti, A. Vining, K. Hasbrouck",7,1149,42,14,32,43.8,4,14,28.6,10,14,71.4,10,13,23,12,1,2,8,9,34,72.5,72.5,72.5,33.1,33.1,50,55,85.7,52.6,81.2,13.8,43.8,43.8,121,36,10,25,40,5,11,45.5,11,14,78.6,3,9,12,6,3,2,8,12,34,50,57.8,20.4,18.8,44,103.7,17.3,16,10,62.5,2,0,0,14,4,28.6,3,2,1,1,9,4,44.4,5,1,20,11,5,45.5,3,1,0,3
Vëllaznimi,"Y. Anei, A. Koshi, D. Wilson, R. Dahsyla, J. Hellems",5,1209,40,18,36,50,3,13,23.1,1,1,100,5,12,17,10,4,5,4,9,34,64,67.5,60.5,35.5,39.7,54.2,54.9,55.6,27.8,57.1,7.9,2.8,36.1,117.6,36,14,34,41.2,5,16,31.2,3,4,75,9,13,22,10,2,0,5,9,30,48.5,50.3,12.3,42.9,47.1,118.1,-0.5,18,12,66.7,5,3,60,13,3,23.1,2,0,0,1,14,7,50,4,2,50,16,5,31.2,3,2,0,0
Bashkimi,"I. Cousins, D. Lake, L. Zeqiri, K. Anderson, V. Bunjaku",4,1118,38,14,26,53.8,4,10,40,6,10,60,5,15,20,5,3,0,10,7,33,75.2,73,77.5,32.9,31.0,61.5,62.5,35.7,33.3,83.3,22,38.5,38.5,111.8,32,11,27,40.7,1,10,10,9,15,60,3,10,13,8,6,0,7,13,36,42.6,47.6,17.2,16.7,37,88.7,23.2,10,9,90,6,1,16.7,10,4,40,4,4,1,1,12,8,66.7,5,2,40,10,1,10,1,5,1,0
Bora,"A. Hunter, S. Jules, T. Cheese, R. Ukaj, R. Memedi",7,1065,47,19,37,51.4,7,15,46.7,2,4,50,8,16,24,11,2,4,4,13,33,72.2,75.2,69.1,31.9,34.7,60.8,60.6,57.9,44.4,80,7.4,10.8,40.5,140.8,28,10,27,37,5,10,50,3,9,33.3,4,10,14,7,3,2,5,7,30,46.3,45.2,13.9,20,37,91.3,49.6,15,7,46.7,7,5,71.4,15,7,46.7,1,3,0,0,13,3,23.1,4,2,50,10,5,50,2,2,0,1
Bora,"T. Jackson, A. Mekic, J. Zeqiri, G. Singleton, R. Memedi",3,974,31,11,22,50,3,7,42.9,6,8,75,3,6,9,6,3,0,12,8,33,79.1,81.7,76.6,29.4,31.3,56.8,60.7,54.5,25,60,27.6,36.4,31.8,93.5,48,19,26,73.1,4,6,66.7,6,10,60,4,9,13,8,7,1,6,8,31,80.8,78.9,16.5,40,23.1,154.3,-60.8,10,7,70,5,1,20,7,3,42.9,4,6,0,1,18,14,77.8,2,1,50,6,4,66.7,3,1,1,1
GO+Peja,"J. Johnson, D. Berisha, M. Armstead, A. Herndon, T. Green",4,1061,39,12,30,40,6,13,46.2,9,14,64.3,7,14,21,10,1,3,6,4,33,77.8,76.4,79.3,31.4,30.3,50,53.9,83.3,33.3,70,11.5,46.7,43.3,115.5,44,16,35,45.7,6,15,40,6,8,75,6,14,20,6,3,0,4,15,35,54.3,57.1,9.4,30,42.9,125.5,-10,12,5,41.7,5,1,20,13,6,46.2,3,2,1,0,13,7,53.8,7,3,42.9,15,6,40,1,1,0,2
Golden Eagle Ylli,"L. Shoshi, D. Sabeckis, J. Reece, T. Allen, E. Kastrati",3,1203,32,14,35,40,4,16,25,0,0,0,7,10,17,8,2,0,7,8,33,71.4,67,75.7,35.8,31.7,45.7,45.7,57.1,33.3,55.6,14,0,45.7,95.2,62,24,41,58.5,7,18,38.9,7,8,87.5,8,14,22,15,2,1,3,10,37,67.1,69.6,6.3,44.4,43.9,163.4,-68.2,9,5,55.6,10,5,50,16,4,25,4,3,0,0,17,12,70.6,6,5,83.3,18,7,38.9,2,1,0,0
Bashkimi,"M. Armstead, I. Cousins, D. Lake, J. Baily, V. Bunjaku",4,1224,43,17,30,56.7,4,9,44.4,5,10,50,5,18,23,13,1,5,4,6,32,64.8,62.9,66.7,38.2,36.0,63.3,62.5,76.5,33.3,72,7.8,33.3,30,134.1,30,13,38,34.2,3,12,25,1,1,100,7,10,17,6,0,2,4,10,34,38.2,39,9.4,28,31.6,88.2,45.9,14,10,71.4,7,3,42.9,9,4,44.4,0,3,0,1,14,6,42.9,12,4,33.3,12,3,25,2,2,0,0
GO+Peja,"J. Johnson, D. Berisha, M. Armstead, T. Green, C. Edwards",4,1020,33,11,21,52.4,2,5,40,9,12,75,1,19,20,6,2,1,9,8,32,77.9,77.4,78.4,31.0,30.6,57.1,62.8,54.5,8.3,70.4,21.8,57.1,23.8,100.3,33,10,35,28.6,3,15,20,10,13,76.9,8,11,19,5,6,1,2,7,33,32.9,40.5,4.7,29.6,42.9,99,1.3,9,6,66.7,7,3,42.9,5,2,40,5,3,1,0,12,6,50,8,1,12.5,15,3,20,2,0,0,0
Vëllaznimi,"Z. Reid, A. Koshi, A. Gordon, R. Dahsyla, J. Hellems",5,1078,34,11,25,44,3,10,30,9,15,60,9,13,22,4,5,3,11,11,32,71.6,71.8,71.4,33.4,33.6,50,53.8,36.4,64.3,81.2,23.6,60,40,105.4,29,8,24,33.3,4,11,36.4,9,10,90,3,5,8,8,5,0,8,13,32,41.7,51.1,22,18.8,45.8,90.4,15,9,6,66.7,6,2,33.3,10,3,30,2,5,2,1,8,4,50,5,0,0,11,4,36.4,5,1,0,1
Vëllaznimi,"Y. Anei, S. Zekiqi, A. Rushiti, D. Wilson, J. Hellems",7,1050,31,11,33,33.3,3,13,23.1,6,7,85.7,5,10,15,6,3,0,3,12,32,76.4,74.8,78.1,32.1,30.7,37.9,43,54.5,23.8,76.9,6.7,21.2,39.4,94.8,45,14,27,51.9,5,12,41.7,12,15,80,3,16,19,5,2,0,5,6,34,61.1,67,13,23.1,44.4,131.7,-36.9,15,7,46.7,5,1,20,13,3,23.1,3,0,0,0,8,5,62.5,7,4,57.1,12,5,41.7,3,2,0,0
Vëllaznimi,"S. Zekiqi, A. Gordon, D. Wilson, R. Dahsyla, J. Hellems",5,972,31,11,22,50,5,9,55.6,4,9,44.4,5,11,16,4,3,2,13,10,32,77.9,80.5,75.3,29.8,31.9,61.4,59.7,36.4,35.7,78.6,30.3,40.9,40.9,95.1,27,11,24,45.8,4,13,30.8,1,4,25,3,9,12,4,3,0,9,9,30,54.2,52.4,25.9,21.4,54.2,88.6,6.5,2,2,100,11,4,36.4,9,5,55.6,4,2,0,4,8,5,62.5,3,2,66.7,13,4,30.8,4,1,0,3
Bora,"A. Hunter, S. Jules, J. Zeqiri, T. Cheese, R. Memedi",8,954,41,14,24,58.3,6,13,46.2,7,10,70,3,15,18,8,2,3,7,7,31,76.5,78.2,74.8,30.7,32.1,70.8,72.2,57.1,25,68.2,16.1,41.7,54.2,131.8,19,6,28,21.4,1,14,7.1,6,9,66.7,7,9,16,4,4,0,6,6,29,23.2,29.7,15.8,31.8,50,63.9,67.9,6,4,66.7,5,4,80,13,6,46.2,3,2,0,1,9,5,55.6,5,0,0,14,1,7.1,1,5,0,0
GO+Peja,"S. Flatten, J. Johnson, M. Mala, T. Green, A. Hajdari",3,1029,33,12,27,44.4,5,13,38.5,4,7,57.1,3,16,19,6,0,2,6,7,31,72.5,74.1,70.8,32.4,33.9,53.7,54.9,50,18.8,76.2,14.3,25.9,48.1,103.9,31,11,31,35.5,6,14,42.9,3,6,50,5,13,18,8,0,1,3,7,30,45.2,46.1,8.2,23.8,45.2,102.1,1.9,10,7,70,4,0,0,13,5,38.5,1,3,0,1,9,4,44.4,8,1,12.5,14,6,42.9,0,0,0,2
Rahoveci 029,"J. Johnson, K. Pullian, H. Durguti, F. Rugova, I. Umipig",2,976,38,12,34,35.3,6,16,37.5,8,11,72.7,9,10,19,8,3,0,3,6,31,75.3,77.5,73.1,31.0,32.8,44.1,48.9,66.7,40.9,66.7,6,32.4,47.1,120.5,31,11,25,44,2,7,28.6,7,9,77.8,5,13,18,8,1,2,7,11,29,48,53.5,19.5,33.3,28,104.3,16.2,16,5,31.2,2,1,50,16,6,37.5,0,3,0,0,16,9,56.2,2,0,0,7,2,28.6,2,4,1,0
Rahoveci 029,"K. Pullian, V. Ejupi, J. Mccorrmick, F. Rugova, A. Thomas",3,1050,33,13,30,43.3,5,15,33.3,2,3,66.7,6,8,14,6,3,0,8,8,31,70.7,73.1,68.2,32.8,35.2,51.7,52.7,46.2,35.3,72.7,17.7,10,50,103.2,36,15,26,57.7,1,5,20,5,7,71.4,3,11,14,7,4,1,5,9,29,59.6,61.9,14.7,27.3,19.2,120.7,-17.5,11,6,54.5,4,2,50,15,5,33.3,3,3,0,1,14,11,78.6,7,3,42.9,5,1,20,2,3,0,0
Sigal Prishtina,"A. Bailey, D. Haxhosaj, G. Hoti, D. Burns, E. Williams Jr",1,907,36,11,28,39.3,3,13,23.1,11,13,84.6,6,8,14,4,4,2,5,9,31,84.2,83.1,85.4,28.9,28.1,44.6,53.4,36.4,35.3,57.1,11.7,46.4,46.4,114.6,25,7,20,35,2,9,22.2,9,15,60,6,11,17,1,0,1,13,11,32,40,47,32.8,42.9,45,77.5,37.1,11,6,54.5,4,2,50,13,3,23.1,0,2,0,2,9,3,33.3,2,2,100,9,2,22.2,5,2,1,3
Trepça,"D. Hajrizi, S. Jones, J. Payne, K. Hasbrouck, S. Henry",6,1080,32,9,20,45,6,11,54.5,8,9,88.9,1,15,16,7,5,0,10,6,31,72.4,70.3,74.6,34.1,32.2,60,66.8,77.8,8.3,88.2,24.4,45,55,101.1,30,10,26,38.5,4,13,30.8,6,9,66.7,2,11,13,6,4,1,7,11,33,46.2,50.1,18.9,11.8,50,89.4,11.7,3,2,66.7,6,1,16.7,11,6,54.5,2,6,1,1,7,4,57.1,6,2,33.3,13,4,30.8,3,2,2,0
Trepça,"M. Amzil, D. Kapiti, A. Vining, K. Hasbrouck, B. Tuna",6,1132,44,16,32,50,9,20,45,3,5,60,7,7,14,12,2,0,6,12,31,61,67.6,54.5,35.5,44.1,64.1,64.3,75,43.8,46.7,11.5,15.6,62.5,138.1,36,14,29,48.3,4,13,30.8,4,4,100,8,9,17,6,2,1,4,4,25,55.2,58.5,11.5,53.3,44.8,140.1,-2.1,9,5,55.6,3,2,66.7,20,9,45,3,1,0,1,12,7,58.3,4,3,75,13,4,30.8,2,0,2,0
Vëllaznimi,"Z. Reid, A. Koshi, L. Colimerio, R. Dahsyla, J. Hellems",4,997,30,11,26,42.3,0,6,0,8,11,72.7,10,11,21,7,5,2,12,10,31,73.2,75.9,70.5,31.6,34.0,42.3,48.6,63.6,55.6,57.9,24.1,42.3,23.1,95.2,23,8,26,30.8,3,11,27.3,4,8,50,8,8,16,4,5,0,9,11,29,36.5,39,23.4,42.1,42.3,78.5,16.7,13,9,69.2,7,2,28.6,6,0,0,2,5,0,3,14,5,35.7,1,0,0,11,3,27.3,2,7,0,0
Bora,"A. Hunter, S. Jules, A. Hot, T. Cheese, R. Memedi",5,991,39,15,30,50,6,16,37.5,3,4,75,4,11,15,9,3,1,4,4,30,68.2,73.8,62.5,32.5,38.4,60,61.4,60,26.7,73.3,8.9,13.3,53.3,127.9,24,10,25,40,2,10,20,2,2,100,4,11,15,3,0,1,5,4,25,44,46.4,16.2,26.7,40,93,34.9,12,7,58.3,2,2,100,16,6,37.5,0,1,0,2,7,5,71.4,8,3,37.5,10,2,20,4,1,0,0
GO+Peja,"L. Routt, M. Mala, T. Green, O. Williams, A. Hajdari",3,1038,36,12,29,41.4,4,13,30.8,8,15,53.3,11,11,22,9,2,0,7,8,30,72.2,70.1,74.3,34.2,32.3,48.3,50.6,75,57.9,73.3,13.6,51.7,44.8,118.7,43,13,26,50,4,10,40,13,17,76.5,4,8,12,8,6,1,4,13,32,57.7,64.2,10.7,26.7,38.5,133.8,-15.1,12,8,66.7,4,0,0,13,4,30.8,5,2,0,0,12,8,66.7,4,1,25,10,4,40,4,0,0,0
GO+Peja,"L. Routt, M. Mala, C. Edwards, O. Williams, A. Hajdari",4,1043,25,10,29,34.5,4,14,28.6,1,2,50,4,7,11,7,3,0,6,6,30,68.7,70.4,67,34.1,35.8,41.4,41.8,70,20,53.8,14,6.9,48.3,81.7,48,19,31,61.3,8,13,61.5,2,3,66.7,6,16,22,9,3,1,4,5,29,74.2,74.3,11,46.2,41.9,164.9,-83.2,11,5,45.5,4,1,25,14,4,28.6,1,2,1,1,10,7,70,7,4,57.1,13,8,61.5,3,1,0,0
Golden Eagle Ylli,"L. Shoshi, A. Çallakaj, J. Reece, L. Thomas, T. Allen",5,1051,28,9,31,29,0,10,0,10,14,71.4,7,13,20,6,2,1,2,8,30,67.6,70.5,64.7,34.0,37.1,29,37.7,66.7,33.3,76.5,4.4,45.2,32.3,90.7,34,11,28,39.3,4,13,30.8,8,8,100,4,14,18,8,2,4,2,14,28,46.4,53.9,6,23.5,46.4,120,-29.3,11,6,54.5,10,3,30,10,0,0,2,0,0,0,8,4,50,7,3,42.9,13,4,30.8,2,0,0,0
Trepça,"M. Tmusic, M. Amzil, J. Payne, D. Kapiti, S. Henry",6,1156,38,14,39,35.9,6,23,26.1,4,4,100,13,7,20,9,6,0,4,9,30,66.2,63.3,69,37.9,34.8,43.6,46.6,64.3,52,53.8,7.4,10.3,59,124.6,36,14,26,53.8,4,7,57.1,4,6,66.7,6,12,18,7,3,1,12,8,33,61.5,62.8,29.5,46.2,26.9,108.3,16.4,15,8,53.3,1,0,0,23,6,26.1,4,0,0,0,12,7,58.3,7,3,42.9,7,4,57.1,7,1,1,2
Bora,"C. Payton, A. Hunter, A. Hot, J. Zeqiri, T. Cheese",4,1008,38,14,27,51.9,4,12,33.3,6,7,85.7,4,13,17,10,1,0,4,10,28,66.2,68.8,63.6,34.9,37.7,59.3,63.2,71.4,28.6,92.9,9.1,25.9,44.4,131.6,29,10,23,43.5,2,13,15.4,7,11,63.6,1,10,11,7,1,2,1,6,26,47.8,52.1,3.5,7.1,56.5,108.5,23.1,12,8,66.7,3,2,66.7,12,4,33.3,1,1,0,1,6,5,83.3,4,3,75,13,2,15.4,1,0,0,0
Golden Eagle Ylli,"L. Shoshi, D. Sabeckis, L. Thomas, T. Allen, E. Kastrati",1,935,30,13,26,50,4,9,44.4,0,0,0,2,9,11,6,6,1,6,6,28,73.8,73.9,73.6,32.5,32.6,57.7,57.7,46.2,15.4,75,15.8,0,34.6,104.2,30,12,24,50,4,14,28.6,2,2,100,3,11,14,10,1,0,8,2,28,58.3,60.3,24.3,25,58.3,104.6,-0.4,7,5,71.4,10,4,40,9,4,44.4,1,3,0,1,8,7,87.5,2,1,50,14,4,28.6,4,2,0,1
Rahoveci 029,"K. Pullian, H. Durguti, J. Johnson, F. Rugova, I. Umipig",1,838,36,14,32,43.8,7,21,33.3,1,3,33.3,9,9,18,6,5,0,5,5,28,79.2,80.6,77.9,29.8,30.8,54.7,54,42.9,47.4,75,11.3,9.4,65.6,127.9,29,13,23,56.5,2,7,28.6,1,3,33.3,3,10,13,12,4,3,7,5,27,60.9,59.6,22.3,25,30.4,106.7,21.2,9,5,55.6,2,2,100,21,7,33.3,1,3,1,0,13,10,76.9,3,1,33.3,7,2,28.6,4,2,0,1
Trepça,"M. Tmusic, D. Hajrizi, S. Jones, J. Payne, S. Henry",5,962,36,13,28,46.4,1,8,12.5,9,11,81.8,5,9,14,5,2,2,2,6,28,69,71.5,66.5,33.6,36.1,48.2,54.8,38.5,31.2,75,5,39.3,28.6,125.7,35,14,25,56,4,9,44.4,3,4,75,3,11,14,9,0,2,4,8,26,64,65.4,13,25,36,131.3,-5.7,11,6,54.5,9,6,66.7,8,1,12.5,0,1,0,1,14,8,57.1,2,2,100,9,4,44.4,2,1,0,1
Trepça,"M. Tmusic, C. Brown, M. Amzil, J. Payne, B. Tuna",3,995,29,12,25,48,1,5,20,4,7,57.1,7,15,22,4,2,1,9,6,28,71.7,69.7,73.8,34.5,32.5,50,51.6,33.3,53.8,71.4,21.9,28,20,100.4,30,11,32,34.4,6,17,35.3,2,2,100,6,6,12,8,6,1,5,6,30,43.8,45.6,13.2,28.6,53.1,98,2.4,13,6,46.2,7,5,71.4,5,1,20,8,0,1,0,10,2,20,5,3,60,17,6,35.3,3,1,0,1
Trepça,"S. Jones, M. Amzil, A. Vining, K. Hasbrouck, B. Tuna",4,822,37,12,25,48,4,15,26.7,9,11,81.8,3,8,11,4,6,1,3,9,28,89.6,83.6,95.6,28.7,25.1,56,62,33.3,23.1,88.9,8.1,44,60,129.2,37,9,16,56.2,2,5,40,17,23,73.9,1,10,11,2,1,0,9,10,32,62.5,70.8,25.6,11.1,31.2,113,16.2,8,8,100,2,0,0,15,4,26.7,1,2,0,0,8,6,75,3,1,33.3,5,2,40,3,3,0,2
Vëllaznimi,"Y. Anei, A. Koshi, L. Colimerio, A. Gordon, T. Todd",3,1053,24,11,32,34.4,2,12,16.7,0,1,0,8,11,19,6,4,3,5,6,28,63.1,64.4,61.7,37.3,38.9,37.5,37,54.5,36.4,64.7,11.5,3.1,37.5,84.9,29,12,27,44.4,3,7,42.9,2,5,40,6,14,20,6,0,1,5,8,27,50,49.7,14.6,35.3,25.9,107.1,-22.2,15,7,46.7,5,2,40,12,2,16.7,2,2,0,1,17,8,47.1,3,1,33.3,7,3,42.9,3,2,0,0
Bashkimi,"I. Cousins, M. Janjeva, L. Zeqiri, T. Bickerstaff, K. Anderson",3,975,35,14,32,43.8,5,14,35.7,2,2,100,7,8,15,11,1,1,3,9,27,65.7,68.2,63.2,35.2,38.0,51.6,53.2,78.6,38.9,66.7,6.4,6.2,43.8,126.2,27,11,23,47.8,1,10,10,4,4,100,4,11,15,8,2,1,6,6,25,50,54.5,19.5,33.3,43.5,105.1,21.1,11,7,63.6,7,2,28.6,14,5,35.7,1,2,0,0,10,8,80,3,2,66.7,10,1,10,2,3,0,1
Bashkimi,"I. Cousins, L. Zeqiri, T. Bickerstaff, J. Baily, V. Bunjaku",4,742,32,14,21,66.7,3,7,42.9,1,3,33.3,2,11,13,7,4,0,8,2,27,83.3,87.9,78.6,27.3,30.5,73.8,71.7,50,22.2,84.6,21.4,14.3,33.3,117.7,18,9,21,42.9,0,4,0,0,3,0,2,7,9,4,4,0,5,3,24,42.9,40.3,18.3,15.4,19,74.1,43.7,9,8,88.9,4,2,50,7,3,42.9,2,3,0,2,10,6,60,7,3,42.9,4,0,0,2,3,0,0
GO+Peja,"S. Llapi, S. Flatten, J. Johnson, A. Herndon, M. Mala",2,907,33,11,24,45.8,3,9,33.3,8,9,88.9,5,13,18,8,1,2,6,6,27,70.6,73.6,67.7,32.6,35.5,52.1,59,72.7,38.5,68.4,14.3,37.5,37.5,118.7,26,10,26,38.5,4,12,33.3,2,6,33.3,6,8,14,8,4,3,4,8,25,46.2,45.4,12.3,31.6,46.2,101.7,17,13,7,53.8,2,1,50,9,3,33.3,3,3,0,0,10,4,40,4,2,50,12,4,33.3,3,1,0,0
Rahoveci 029,"K. Pullian, J. Johnson, B. Rexha, F. Rugova, A. Thomas",3,884,33,14,24,58.3,5,10,50,0,1,0,5,6,11,9,2,0,9,8,27,72.9,74.1,71.7,32.4,33.5,68.8,67.5,64.3,45.5,66.7,21.2,4.2,41.7,120.9,35,14,23,60.9,2,8,25,5,8,62.5,3,6,9,9,7,2,4,7,26,65.2,66,13.1,33.3,34.8,132.5,-11.6,11,7,63.6,3,2,66.7,10,5,50,5,4,0,0,11,8,72.7,4,4,100,8,2,25,1,1,0,1
Rahoveci 029,"V. Ejupi, J. Johnson, F. Rugova, I. Umipig, A. Thomas",2,903,25,7,23,30.4,6,15,40,5,9,55.6,3,10,13,6,3,2,5,7,27,70.5,73.9,67.2,32.5,35.7,43.5,46.4,85.7,17.6,71.4,13.2,39.1,65.2,89.9,19,8,22,36.4,2,10,20,1,3,33.3,4,14,18,7,1,0,7,10,25,40.9,40.7,23.1,28.6,45.5,75.2,14.7,7,1,14.3,1,0,0,15,6,40,0,1,0,2,8,4,50,4,2,50,10,2,20,3,3,1,0
Sigal Prishtina,"A. Bailey, A. Azemi, D. Haxhosaj, D. Burns, D. Polloshka",3,895,47,16,27,59.3,2,5,40,13,15,86.7,6,11,17,7,3,0,1,10,27,69,73.6,64.5,32.6,37.2,63,69.9,43.8,46.2,73.3,2.4,55.6,18.5,171.2,20,5,16,31.2,1,7,14.3,9,16,56.2,4,7,11,3,0,1,6,9,24,34.4,43.4,20.7,26.7,43.8,83.2,88,13,8,61.5,9,6,66.7,5,2,40,1,0,0,0,7,3,42.9,2,1,50,7,1,14.3,3,0,2,1
Trepça,"M. Tmusic, M. Amzil, D. Kapiti, A. Vining, S. Henry",5,883,33,13,27,48.1,5,11,45.5,2,9,22.2,5,8,13,10,2,1,3,7,27,76.5,75.6,77.3,31.8,31.0,57.4,53.3,76.9,33.3,57.1,6.8,33.3,40.7,118.7,30,13,26,50,1,4,25,3,6,50,6,10,16,7,2,1,7,9,28,51.9,52.4,19.6,42.9,15.4,105.4,13.3,11,7,63.6,5,1,20,11,5,45.5,2,1,0,0,15,11,73.3,7,1,14.3,4,1,25,1,3,0,2
Vëllaznimi,"Z. Reid, A. Bedra, S. Zekiqi, D. Dedushaj, A. Gordon",1,846,35,13,27,48.1,6,16,37.5,3,3,100,5,4,9,6,3,0,5,7,27,78.9,77.1,80.7,31.1,29.7,59.3,61.8,46.2,38.5,57.1,12.7,11.1,59.3,128.7,44,20,25,80,1,3,33.3,3,6,50,3,8,11,9,4,1,5,5,28,82,79.6,15.3,42.9,12,154.6,-25.9,10,7,70,1,0,0,16,6,37.5,1,4,0,0,17,14,82.4,5,5,100,3,1,33.3,1,2,0,1
Bashkimi,"I. Cousins, D. Lake, L. Zeqiri, V. Bunjaku, S. Shorter",6,974,39,15,26,57.7,4,7,57.1,5,6,83.3,4,6,10,8,1,0,3,8,26,63.3,65.4,61.2,36.7,39.2,65.4,68.1,53.3,40,85.7,7.6,23.1,26.9,147,43,18,25,72,5,7,71.4,2,2,100,1,6,7,13,1,0,1,7,24,82,83.1,3.7,14.3,28,173.1,-26.1,11,9,81.8,8,2,25,6,4,66.7,0,2,1,0,11,11,100,7,2,28.6,7,5,71.4,1,0,0,0
Bashkimi,"L. Zeqiri, T. Bickerstaff, J. Baily, K. Anderson, V. Bunjaku",5,871,39,11,22,50,4,10,40,13,15,86.7,5,11,16,10,1,2,4,10,26,72.6,73,72.2,32.9,33.3,59.1,68.2,90.9,41.7,78.6,9.4,68.2,45.5,147.2,30,10,22,45.5,3,6,50,7,12,58.3,3,7,10,4,2,1,3,12,26,52.3,55,9.9,21.4,27.3,114.6,32.6,10,5,50,2,2,100,10,4,40,0,3,0,1,13,7,53.8,3,0,0,6,3,50,1,0,0,1
Golden Eagle Ylli,"L. Shoshi, D. Sabeckis, T. Allen, E. Kastrati, B. Pass",1,857,27,10,19,52.6,3,9,33.3,4,4,100,0,9,9,7,2,0,7,7,26,73.9,74.6,73.1,32.2,32.8,60.5,65,70,0,69.2,20.1,21.1,47.4,101.3,36,13,25,52,7,14,50,3,5,60,4,9,13,10,3,0,4,5,26,66,66.2,12.8,30.8,56,137.9,-36.6,7,5,71.4,3,2,66.7,9,3,33.3,5,2,0,0,5,3,60,6,3,50,14,7,50,1,3,0,0
Rahoveci 029,"K. Pullian, H. Durguti, J. Roche, F. Rugova, I. Umipig",3,929,38,15,27,55.6,5,10,50,3,7,42.9,4,11,15,12,1,1,2,7,26,70.9,69.6,72.1,34.5,33.3,64.8,63.2,80,26.7,64.7,4.5,25.9,37,141,32,12,29,41.4,2,11,18.2,6,7,85.7,6,11,17,7,2,0,3,7,27,44.8,49.9,8.6,35.3,37.9,114.6,26.3,14,9,64.3,3,1,33.3,10,5,50,1,1,0,0,13,7,53.8,5,3,60,11,2,18.2,1,2,0,0
Rahoveci 029,"K. Pullian, E. Peci, N. Mcloud, F. Rugova, I. Umipig",1,841,29,13,31,41.9,2,8,25,1,3,33.3,6,10,16,4,3,1,1,8,26,71,74.8,67.2,32.1,35.7,45.2,44.9,30.8,33.3,71.4,2.7,9.7,25.8,110.6,24,7,21,33.3,3,7,42.9,7,8,87.5,4,12,16,6,1,2,4,3,23,40.5,48.9,14,28.6,33.3,102,8.6,17,8,47.1,6,3,50,8,2,25,1,0,0,0,11,4,36.4,3,0,0,7,3,42.9,0,3,0,1
Rahoveci 029,"K. Pullian, J. Johnson, B. Rexha, F. Rugova, I. Umipig",4,771,24,8,21,38.1,6,15,40,2,3,66.7,2,10,12,8,3,1,7,5,26,80.8,81.6,80,29.4,30.0,52.4,53.8,100,16.7,76.9,18.8,14.3,71.4,91.5,27,11,24,45.8,1,6,16.7,4,4,100,3,10,13,7,3,2,4,5,25,47.9,52.4,13.4,23.1,25,105.1,-13.6,6,2,33.3,0,0,0,15,6,40,3,3,1,0,15,8,53.3,3,2,66.7,6,1,16.7,3,1,0,0
Trepça,"M. Tmusic, M. Amzil, D. Kapiti, A. Vining, B. Tuna",5,955,23,7,20,35,4,11,36.4,5,6,83.3,3,12,15,5,0,0,8,10,26,73.8,66.7,80.9,36.0,29.7,45,50.8,71.4,23.1,80,22.4,30,55,86.7,36,12,26,46.2,6,11,54.5,6,8,75,3,10,13,6,3,1,7,7,32,57.7,61,19.2,20,42.3,111.9,-25.2,7,3,42.9,2,0,0,11,4,36.4,4,0,1,2,10,5,50,5,1,20,11,6,54.5,0,2,0,3
Bora,"C. Payton, A. Hunter, A. Mekic, A. Hot, J. Zeqiri",4,936,38,14,21,66.7,6,10,60,4,4,100,3,9,12,9,4,1,7,6,25,67,65.9,68,36.4,35.3,81,83.5,64.3,42.9,75,18.1,19,47.6,147.9,25,9,20,45,4,8,50,3,6,50,3,4,7,10,5,0,8,6,26,55,55.2,26.1,25,40,94.2,53.7,8,7,87.5,3,1,33.3,10,6,60,3,3,0,1,9,5,55.6,3,0,0,8,4,50,2,3,0,2
Bora,"A. Hunter, L. Thomas, A. Hot, T. Cheese, R. Ukaj",5,931,27,10,24,41.7,2,7,28.6,5,7,71.4,5,9,14,6,4,1,5,5,25,64.4,67,61.8,35.8,38.9,45.8,49.9,60,31.2,90,13.1,29.2,29.2,103.9,26,7,17,41.2,4,10,40,8,9,88.9,1,11,12,5,1,3,5,9,23,52.9,62,19.3,10,58.8,108.5,-4.6,16,8,50,1,0,0,7,2,28.6,2,3,0,0,6,2,33.3,1,1,100,10,4,40,1,4,0,0
Vëllaznimi,"Y. Anei, A. Koshi, L. Colimerio, R. Dahsyla, T. Todd",5,742,43,13,18,72.2,5,6,83.3,12,12,100,1,10,11,6,3,1,4,5,25,80.6,81.6,79.6,29.4,30.1,86.1,92.4,46.2,25,71.4,12,66.7,33.3,170.4,23,8,21,38.1,3,9,33.3,4,6,66.7,4,3,7,6,2,1,6,7,24,45.2,48.6,20.2,28.6,42.9,93.4,77,8,6,75,4,2,50,6,5,83.3,1,3,0,0,8,4,50,4,1,25,9,3,33.3,2,4,0,0
Bashkimi,"K. Wooten, L. Zeqiri, V. Bunjaku, S. Shorter, I. Nwamu",2,751,16,6,19,31.6,0,6,0,4,5,80,2,7,9,4,1,0,6,5,24,77,77.3,76.7,31.0,31.3,31.6,37.7,66.7,16.7,100,19.2,26.3,31.6,66.1,27,11,19,57.9,5,11,45.5,0,0,0,0,10,10,7,2,1,6,7,24,71.1,71.1,24,0,57.9,112.5,-46.4,5,3,60,8,3,37.5,6,0,0,3,1,0,1,3,3,100,5,3,60,11,5,45.5,3,0,1,1
Bora,"S. Jules, L. Thomas, A. Hot, T. Cheese, R. Memedi",4,820,28,9,25,36,0,7,0,10,11,90.9,8,10,18,3,0,1,4,5,24,69.5,72.6,66.4,33.1,36.1,36,46.9,33.3,50,83.3,10.9,44,28,112.9,24,8,21,38.1,3,10,30,5,6,83.3,2,8,10,3,2,2,2,7,22,45.2,50.8,7.8,16.7,47.6,105.8,7.1,15,8,53.3,3,1,33.3,7,0,0,2,0,0,1,5,2,40,6,3,50,10,3,30,0,0,0,2
GO+Peja,"S. Flatten, D. Berisha, A. Herndon, M. Mala, T. Green",1,834,32,8,16,50,2,9,22.2,14,17,82.4,4,9,13,6,2,1,6,7,24,73,70.4,75.7,34.1,31.7,56.2,68.1,75,44.4,81.8,16.9,106.2,56.2,130.8,32,10,20,50,4,11,36.4,8,10,80,2,5,7,6,2,0,5,13,26,60,65.6,17,18.2,55,121.7,9.2,5,5,100,2,1,50,9,2,22.2,3,1,0,1,5,3,60,4,3,75,11,4,36.4,1,3,1,0
GO+Peja,"J. Johnson, D. Berisha, A. Herndon, M. Mala, C. Edwards",6,787,29,9,24,37.5,3,12,25,8,8,100,4,9,13,4,4,0,2,5,24,74.4,74.7,74.1,32.1,32.4,43.8,52.7,44.4,26.7,75,6,33.3,50,118.4,26,10,21,47.6,4,8,50,2,3,66.7,3,11,14,6,1,1,6,7,24,57.1,58.2,21.2,25,38.1,107,11.4,8,4,50,4,2,50,12,3,25,2,0,0,0,6,1,16.7,7,5,71.4,8,4,50,3,1,0,1
Golden Eagle Ylli,"A. Çallakaj, D. Sabeckis, B. Huffman, J. Reece, G. Morina",3,780,19,8,22,36.4,0,3,0,3,3,100,5,10,15,2,0,1,7,4,24,74.8,74.8,74.8,32.1,32.1,36.4,40.7,25,41.7,83.3,21.7,13.6,13.6,78.2,36,14,26,53.8,5,11,45.5,3,3,100,2,7,9,8,6,2,0,7,24,63.5,65.9,0,16.7,42.3,148.1,-69.9,16,6,37.5,2,2,100,3,0,0,2,4,1,0,9,7,77.8,6,2,33.3,11,5,45.5,0,0,0,0
Golden Eagle Ylli,"A. Çallakaj, J. Reece, L. Thomas, T. Allen, G. Morina",2,833,25,10,17,58.8,3,6,50,2,6,33.3,1,8,9,4,4,1,7,3,24,74.5,70.9,78,33.8,30.8,67.6,63.6,40,10,80,22.8,35.3,35.3,101.6,28,12,21,57.1,2,7,28.6,2,5,40,2,9,11,6,5,0,7,6,27,61.9,60.3,23.2,20,33.3,103.4,-1.9,8,5,62.5,3,2,66.7,6,3,50,4,1,1,1,11,8,72.7,3,2,66.7,7,2,28.6,4,2,1,0
Trepça,"M. Tmusic, D. Hajrizi, J. Payne, D. Kapiti, S. Henry",7,757,25,8,23,34.8,3,9,33.3,6,8,75,4,7,11,5,2,1,3,7,24,80.7,77.7,83.8,30.9,28.7,41.3,47.1,62.5,25,100,8.7,34.8,39.1,102,32,10,17,58.8,5,9,55.6,7,8,87.5,0,12,12,6,1,0,7,8,26,73.5,78,25.4,0,52.9,121.1,-19.1,12,4,33.3,2,1,50,9,3,33.3,0,2,0,1,5,4,80,3,1,33.3,9,5,55.6,3,2,0,1
Trepça,"M. Tmusic, S. Jones, M. Amzil, A. Vining, B. Tuna",4,607,24,8,16,50,4,9,44.4,4,6,66.7,3,6,9,4,4,1,10,8,24,85.9,97.3,74.5,24.7,32.2,62.5,64.4,50,37.5,66.7,30.6,37.5,56.2,97.5,21,8,16,50,2,7,28.6,3,6,50,3,5,8,5,3,0,4,7,18,56.2,56.3,17.7,33.3,43.8,111.4,-13.9,5,4,80,2,0,0,9,4,44.4,2,2,1,3,9,6,66.7,0,0,0,7,2,28.6,1,3,0,0
Bashkimi,"I. Cousins, L. Zeqiri, T. Bickerstaff, K. Anderson, V. Bunjaku",3,696,22,9,26,34.6,0,8,0,4,7,57.1,8,7,15,4,2,0,3,9,23,79.5,79.7,79.3,30.1,30.3,34.6,37.8,44.4,42.1,77.8,8.3,26.9,30.8,95.2,27,9,17,52.9,3,3,100,6,9,66.7,2,11,13,3,1,3,5,6,23,61.8,64.4,19.3,22.2,17.6,117.4,-22.2,12,7,58.3,6,2,33.3,8,0,0,1,2,0,0,7,6,85.7,7,0,0,3,3,100,0,3,0,1
Bashkimi,"D. Lake, M. Ismaili, L. Zeqiri, K. Anderson, I. Nwamu",3,693,30,10,17,58.8,5,9,55.6,5,6,83.3,1,9,10,8,2,1,6,8,23,77.1,81.9,72.3,29.3,33.2,73.5,76.4,80,14.3,64.3,17.8,35.3,52.9,126.8,25,9,23,39.1,4,9,44.4,3,4,75,5,6,11,4,2,0,2,5,20,47.8,50.5,7.5,35.7,39.1,119.7,7.1,4,4,100,4,1,25,9,5,55.6,1,2,0,2,9,3,33.3,5,2,40,9,4,44.4,2,0,0,0
Bashkimi,"D. Lake, M. Janjeva, L. Zeqiri, K. Anderson, I. Nwamu",2,875,18,5,24,20.8,4,15,26.7,4,4,100,6,10,16,4,1,0,5,5,23,69,65.2,72.8,36.8,33.0,29.2,34.9,80,31.6,66.7,14.4,16.7,62.5,75.7,28,12,26,46.2,3,12,25,1,6,16.7,5,13,18,5,2,3,4,11,26,51.9,48.9,12.3,33.3,46.2,105.5,-29.8,5,1,20,4,0,0,15,4,26.7,2,1,0,1,11,6,54.5,3,3,100,12,3,25,0,3,1,0
Bora,"S. Jules, A. Mekic, A. Hot, J. Zeqiri, R. Memedi",1,819,36,14,25,56,3,6,50,5,9,55.6,8,9,17,6,1,1,4,7,23,70.4,70.2,70.6,34.2,34.0,62,62.2,42.9,57.1,69.2,10.3,36,24,150.2,27,10,24,41.7,3,11,27.3,4,7,57.1,4,6,10,8,3,1,2,5,24,47.9,49.9,6.9,30.8,45.8,112.1,38.1,19,11,57.9,0,0,0,6,3,50,3,1,0,0,7,5,71.4,6,2,33.3,11,3,27.3,1,0,1,0
Bora,"S. Jules, A. Hot, J. Zeqiri, T. Cheese, R. Memedi",7,766,41,12,22,54.5,3,4,75,14,16,87.5,6,9,15,11,2,0,1,5,23,73,72.3,73.8,33.2,32.5,61.4,70.6,91.7,54.5,69.2,2.4,72.7,18.2,177.7,25,8,20,40,3,7,42.9,6,8,75,4,5,9,5,1,1,5,15,23,47.5,53.1,17.5,30.8,35,106.2,71.4,12,6,50,6,3,50,4,3,75,1,0,0,0,5,2,40,8,3,37.5,7,3,42.9,2,1,0,1
GO+Peja,"C. Williams, D. Davis, M. Mala, D. Bracey, A. Hajdari",3,799,16,7,29,24.1,2,15,13.3,0,0,0,8,6,14,3,0,0,3,7,23,69.4,69.2,69.7,34.7,34.4,27.6,27.6,42.9,38.1,66.7,8.6,0,51.7,69.4,36,11,19,57.9,4,7,57.1,10,14,71.4,3,13,16,8,2,0,2,6,23,68.4,71.5,7.4,33.3,36.8,155.2,-85.8,14,5,35.7,0,0,0,15,2,13.3,2,1,0,0,7,4,57.1,5,3,60,7,4,57.1,1,1,0,0
Golden Eagle Ylli,"L. Shoshi, D. Sabeckis, S. Bamforth, D. Conger, D. Thomas",3,807,24,9,19,47.4,4,11,36.4,2,2,100,3,9,12,8,5,0,8,8,23,74.5,71,78,33.8,30.8,57.9,60.4,88.9,30,100,22.3,10.5,57.9,100.5,15,6,15,40,2,4,50,1,3,33.3,0,7,7,3,3,2,11,11,26,46.7,46,40.3,0,26.7,57.2,43.3,3,2,66.7,5,3,60,11,4,36.4,3,3,0,1,6,4,66.7,5,0,0,4,2,50,3,3,1,3
Golden Eagle Ylli,"A. Çallakaj, B. Huffman, T. Allen, B. Pass, G. Morina",5,749,25,9,23,39.1,1,10,10,6,9,66.7,6,11,17,7,1,2,4,6,23,76.1,76.8,75.4,31.3,31.8,41.3,46.4,77.8,35.3,78.6,10.5,39.1,43.5,104.3,21,8,20,40,3,9,33.3,2,8,25,3,11,14,4,3,1,4,12,23,47.5,44.6,14.5,21.4,45,89.2,15.1,8,5,62.5,5,3,60,10,1,10,2,1,0,1,6,3,50,5,2,40,9,3,33.3,0,2,0,1
Rahoveci 029,"K. Pullian, J. Roche, B. Rexha, J. Mccorrmick, F. Rugova",1,879,23,10,22,45.5,2,7,28.6,1,3,33.3,5,6,11,4,3,0,6,10,23,69.7,63.7,75.6,37.6,31.7,50,49.3,40,35.7,66.7,18,13.6,31.8,98.5,30,10,17,58.8,4,8,50,6,11,54.5,3,9,12,7,3,2,10,7,27,70.6,68.7,31.4,33.3,47.1,108.4,-9.8,11,4,36.4,4,4,100,7,2,28.6,3,2,0,1,4,4,100,5,2,40,8,4,50,1,4,0,3
Rahoveci 029,"H. Durguti, J. Roche, R. Granberry, F. Rugova, I. Umipig",1,854,29,12,23,52.2,2,6,33.3,3,3,100,5,7,12,11,3,1,5,3,23,65,65.6,64.4,36.6,37.3,56.5,59.6,91.7,45.5,63.6,12.4,13,26.1,124.2,24,9,21,42.9,4,8,50,2,2,100,4,6,10,6,4,2,6,7,22,52.4,54.8,21.5,36.4,38.1,104.7,19.5,10,7,70,7,3,42.9,6,2,33.3,4,1,0,0,9,5,55.6,4,0,0,8,4,50,2,2,1,1
Trepça,"M. Tmusic, M. Amzil, J. Payne, D. Kapiti, K. Hasbrouck",7,771,26,7,19,36.8,4,11,36.4,8,9,88.9,5,12,17,6,0,0,7,7,23,71.1,74.6,67.7,32.2,35.5,47.4,56.6,85.7,41.7,80,19.5,47.4,57.9,108.5,15,6,21,28.6,1,11,9.1,2,6,33.3,3,7,10,4,4,1,2,7,21,31,31.7,7.8,20,52.4,69,39.5,7,2,28.6,1,1,100,11,4,36.4,6,1,0,0,7,4,57.1,3,1,33.3,11,1,9.1,1,1,0,0
Vëllaznimi,"Z. Reid, Y. Anei, A. Koshi, A. Rushiti, D. Wilson",3,708,23,9,19,47.4,3,6,50,2,3,66.7,2,8,10,5,1,2,6,10,23,77.6,79.1,76.1,30.3,31.5,55.3,56.6,55.6,18.2,72.7,19.2,15.8,31.6,98.5,24,8,17,47.1,3,8,37.5,5,10,50,3,9,12,5,2,1,5,6,22,55.9,56.1,18.9,27.3,47.1,106.8,-8.3,7,4,57.1,6,2,33.3,6,3,50,0,2,0,2,9,5,55.6,0,0,0,8,3,37.5,2,2,0,1
Vëllaznimi,"Z. Reid, A. Koshi, L. Colimerio, A. Gordon, T. Todd",4,772,21,6,15,40,2,8,25,7,8,87.5,0,10,10,2,3,1,6,8,23,75.4,73.2,77.7,32.8,30.9,46.7,56.7,33.3,0,83.3,22.6,53.3,53.3,89.2,24,5,15,33.3,2,7,28.6,12,16,75,2,9,11,4,2,0,6,8,24,40,54.4,21.4,16.7,46.7,96,-6.8,3,2,66.7,4,2,50,8,2,25,3,0,0,2,3,2,66.7,5,1,20,7,2,28.6,2,1,1,1
Bashkimi,"M. Armstead, I. Cousins, T. Bickerstaff, J. Baily, V. Bunjaku",4,674,22,7,20,35,1,4,25,7,10,70,5,7,12,3,2,0,4,9,22,75.8,80,71.6,30.0,33.5,37.5,45.1,42.9,35.7,87.5,12.7,50,20,97.9,28,8,15,53.3,4,7,57.1,8,9,88.9,1,9,10,5,2,1,3,6,20,66.7,73.8,13.7,12.5,46.7,139.2,-41.2,10,4,40,6,2,33.3,4,1,25,0,2,0,1,6,4,66.7,2,0,0,7,4,57.1,2,1,0,0
GO+Peja,"S. Flatten, M. Armstead, T. Green, C. Edwards, A. Hajdari",5,810,22,7,20,35,2,9,22.2,6,9,66.7,2,9,11,8,4,0,1,11,22,69.6,65.3,73.8,36.7,32.5,40,45.9,114.3,14.3,56.2,3,45,45,99.8,30,10,24,41.7,4,9,44.4,6,9,66.7,7,12,19,6,0,0,5,4,24,50,53.6,15.2,43.8,37.5,120.4,-20.6,7,5,71.4,4,0,0,9,2,22.2,1,0,0,0,9,6,66.7,6,0,0,9,4,44.4,3,2,0,0
GO+Peja,"F. Shoshaj, L. Routt, C. Edwards, O. Williams, A. Hajdari",3,756,27,10,18,55.6,5,10,50,2,2,100,0,7,7,8,2,0,5,7,22,72.4,72.8,72,33.0,33.3,69.4,71.5,80,0,77.8,15.7,11.1,55.6,117.8,26,8,16,50,6,8,75,4,6,66.7,2,7,9,4,2,1,7,5,22,68.8,69.7,27.3,22.2,50,114.6,3.2,5,4,80,3,1,33.3,10,5,50,2,2,1,0,4,1,25,4,1,25,8,6,75,1,2,0,2
Golden Eagle Ylli,"L. Shoshi, D. Sabeckis, S. Bamforth, T. Allen, E. Kastrati",2,736,28,11,21,52.4,3,8,37.5,3,3,100,4,7,11,6,0,1,5,6,22,75.1,73,77.1,32.9,31.1,59.5,62.7,54.5,40,77.8,15,14.3,38.1,125.1,27,9,17,52.9,5,6,83.3,4,6,66.7,2,6,8,1,0,0,7,7,23,67.6,68.7,26.3,22.2,35.3,114.1,10.9,9,7,77.8,4,1,25,8,3,37.5,0,1,1,3,7,3,42.9,4,1,25,6,5,83.3,0,5,0,1
Golden Eagle Ylli,"L. Shoshi, D. Sabeckis, S. Bamforth, E. Kastrati, G. Morina",5,730,16,6,18,33.3,2,8,25,2,4,50,2,6,8,5,2,1,6,5,22,74.8,75,74.6,32.0,32.2,38.9,40.5,83.3,15.4,85.7,19.5,22.2,44.4,70.1,32,11,18,61.1,5,7,71.4,5,6,83.3,1,11,12,7,2,0,4,7,22,75,77.5,16.2,14.3,38.9,141,-70.9,5,3,60,5,1,20,8,2,25,2,1,1,1,8,5,62.5,3,1,33.3,7,5,71.4,3,1,0,0
Sigal Prishtina,"A. Bailey, A. Lomax, D. Haxhosaj, D. Burns, A. Morina",3,758,26,8,19,42.1,5,10,50,5,7,71.4,3,7,10,7,1,2,4,8,22,70,70.2,69.8,34.2,34.4,55.3,58.9,87.5,25,58.3,12.1,36.8,52.6,117.3,31,11,22,50,3,6,50,6,9,66.7,5,9,14,5,0,1,2,4,22,56.8,59.7,7.2,41.7,27.3,140.6,-23.3,5,1,20,4,2,50,10,5,50,0,2,0,2,14,6,42.9,2,2,100,6,3,50,0,1,0,1
Trepça,"M. Amzil, J. Payne, D. Kapiti, A. Vining, B. Tuna",5,627,15,6,20,30,0,6,0,3,5,60,5,8,13,3,2,0,6,5,22,84.2,85.3,83.2,28.2,28.8,30,33.8,50,35.7,88.9,19.2,25,30,67.3,16,6,16,37.5,0,7,0,4,6,66.7,1,9,10,4,4,3,5,5,21,37.5,42.9,21.2,11.1,43.8,73.6,-6.3,10,5,50,4,1,25,6,0,0,3,2,0,1,9,6,66.7,0,0,0,7,0,0,4,1,0,0
Vëllaznimi,"Z. Reid, Y. Anei, S. Zekiqi, A. Rushiti, D. Wilson",2,517,20,8,21,38.1,4,10,40,0,0,0,5,5,10,3,1,1,7,8,22,94.5,102.5,86.5,23.4,27.8,47.6,47.6,37.5,38.5,83.3,22.6,0,47.6,90.6,24,7,13,53.8,2,2,100,8,10,80,1,8,9,6,0,1,3,2,18,61.5,69,14.7,16.7,15.4,128.9,-38.3,7,4,57.1,4,0,0,10,4,40,0,1,0,3,7,4,57.1,4,1,25,2,2,100,1,1,1,0
Vëllaznimi,"Z. Reid, A. Koshi, L. Colimerio, A. Gordon, J. Hellems",4,727,25,9,21,42.9,3,9,33.3,4,4,100,3,4,7,4,5,1,4,11,22,77.4,75.3,79.5,31.9,30.2,50,54.9,44.4,27.3,57.1,13,19,42.9,109.6,30,11,17,64.7,3,3,100,5,7,71.4,3,8,11,6,1,1,8,8,24,73.5,74.7,28.5,42.9,17.6,124.6,-15,9,6,66.7,3,0,0,9,3,33.3,1,1,0,1,8,6,75,6,2,33.3,3,3,100,4,1,1,1
Bashkimi,"I. Cousins, M. Ismaili, L. Zeqiri, T. Bickerstaff, K. Anderson",4,764,23,10,27,37,3,8,37.5,0,2,0,7,9,16,4,3,1,1,4,21,74.5,66,83,36.4,28.9,42.6,41.2,40,38.9,90,3,7.4,29.6,109.5,25,8,18,44.4,2,8,25,7,8,87.5,1,11,12,5,0,1,7,8,26,50,58.1,24.5,10,44.4,94.6,14.9,13,6,46.2,6,1,16.7,8,3,37.5,1,0,0,0,8,5,62.5,2,1,50,8,2,25,1,5,0,1
Bashkimi,"M. Ismaili, L. Zeqiri, T. Bickerstaff, K. Anderson, I. Nwamu",2,686,24,9,24,37.5,2,11,18.2,4,4,100,5,6,11,6,2,0,2,9,21,67.8,76.4,59.2,31.4,40.5,41.7,46.6,66.7,35.7,60,5.9,16.7,45.8,109.8,19,7,16,43.8,0,5,0,5,6,83.3,4,9,13,8,1,0,3,2,16,43.8,51,13.9,40,31.2,112.2,-2.4,10,6,60,3,1,33.3,11,2,18.2,1,1,0,0,7,7,100,4,0,0,5,0,0,2,1,0,0
Bora,"A. Hunter, S. Jules, J. Zeqiri, T. Cheese, R. Ukaj",5,811,31,12,19,63.2,4,6,66.7,3,3,100,4,13,17,7,1,3,6,7,21,68.4,63.4,73.4,37.8,32.7,73.7,76.3,58.3,57.1,65,18,15.8,31.6,144.7,24,8,25,32,2,9,22.2,6,11,54.5,7,3,10,5,4,2,3,5,24,36,40.2,9.1,35,36,96.7,47.9,8,5,62.5,4,2,50,6,4,66.7,2,3,0,1,12,5,41.7,4,1,25,9,2,22.2,2,1,0,0
GO+ Peja,"J. Johnson, D. Berisha, M. Armstread, T. Green, C. Edwards",1,696,31,12,22,54.5,5,10,50,2,4,50,2,10,12,10,0,1,1,4,21,68.9,75.3,62.5,31.9,38.4,65.9,65.2,83.3,18.2,71.4,2.9,18.2,45.5,141.9,16,6,20,30,2,10,20,2,2,100,4,9,13,4,0,1,2,5,18,35,38.3,8.7,28.6,50,88.3,53.6,9,6,66.7,3,1,33.3,10,5,50,0,0,0,1,9,4,44.4,1,0,0,10,2,20,0,2,0,0
GO+Peja,"S. Llapi, S. Flatten, J. Johnson, D. Berisha, A. Herndon",2,772,33,12,20,60,5,8,62.5,4,4,100,2,6,8,11,3,1,3,5,21,66.6,67.9,65.3,35.3,36.8,72.5,75.8,91.7,25,54.5,8.4,20,40,151,23,10,21,47.6,2,9,22.2,1,2,50,5,6,11,7,0,1,5,4,21,52.4,52.6,18.6,45.5,42.9,109.5,41.5,10,6,60,2,1,50,8,5,62.5,0,2,0,1,9,6,66.7,3,2,66.7,9,2,22.2,3,2,0,0
GO+Peja,"S. Flatten, J. Johnson, D. Berisha, A. Herndon, M. Mala",4,595,33,13,20,65,4,8,50,3,5,60,4,6,10,12,2,0,4,3,21,80.2,86,74.3,27.9,32.3,75,74.3,92.3,50,85.7,10.5,25,40,154.8,24,9,15,60,3,6,50,3,5,60,1,4,5,6,2,1,3,3,18,70,69.8,14.9,14.3,40,130.2,24.6,11,9,81.8,1,0,0,8,4,50,2,0,0,1,4,3,75,5,3,60,6,3,50,2,1,0,0
GO+Peja,"S. Flatten, J. Johnson, D. Berisha, C. Edwards, A. Hajdari",4,733,22,7,20,35,4,11,36.4,4,4,100,5,11,16,4,1,0,6,5,21,72,71.5,72.5,33.5,33.1,45,50.6,57.1,45.5,73.3,18.9,20,55,100.7,25,8,22,36.4,3,10,30,6,7,85.7,4,6,10,4,2,2,2,6,22,43.2,49.8,7.4,26.7,45.5,112.8,-12.1,6,1,16.7,3,2,66.7,11,4,36.4,3,0,1,1,9,4,44.4,3,1,33.3,10,3,30,1,0,0,1
GO+Peja,"S. Flatten, J. Johnson, M. Mala, C. Edwards, A. Hajdari",5,691,20,6,17,35.3,2,8,25,6,8,75,1,8,9,4,3,0,3,8,21,75.5,75.1,75.9,32.0,31.6,41.2,48.7,66.7,8.3,88.9,10.9,47.1,47.1,92.5,13,6,15,40,0,4,0,1,4,25,1,11,12,2,2,2,7,8,21,40,38.8,29.5,11.1,26.7,59.5,33,9,4,44.4,0,0,0,8,2,25,1,2,0,0,7,3,42.9,4,3,75,4,0,0,4,1,0,1
Golden Eagle Ylli,"J. Gray, S. Bamforth, E. Kastrati, T. Smith, D. Thomas",2,784,28,10,18,55.6,1,5,20,7,10,70,3,8,11,8,2,0,3,4,21,65.5,65.8,65.2,36.5,36.8,58.3,62.5,80,30,72.7,9,55.6,27.8,130.2,26,10,21,47.6,2,9,22.2,4,5,80,3,7,10,5,2,0,2,8,21,52.4,56,7.9,27.3,42.9,122,8.2,9,8,88.9,4,1,25,5,1,20,1,2,0,0,6,5,83.3,6,3,50,9,2,22.2,1,1,0,0
Golden Eagle Ylli,"L. Shoshi, A. Çallakaj, T. Allen, B. Pass, G. Morina",4,625,23,6,17,35.3,2,6,33.3,9,13,69.2,2,11,13,5,3,0,2,2,21,76.7,83.8,69.6,28.7,34.5,41.2,50.6,83.3,16.7,100,6.7,76.5,35.3,105.5,8,3,14,21.4,0,4,0,2,2,100,0,10,10,3,0,1,4,7,18,21.4,26.9,21.2,0,28.6,44.1,61.3,10,4,40,1,0,0,6,2,33.3,1,1,0,0,5,2,40,5,1,20,4,0,0,1,2,1,0
Golden Eagle Ylli,"D. Sabeckis, J. Reece, T. Allen, E. Kastrati, G. Morina",4,819,30,11,17,64.7,5,8,62.5,3,6,50,3,13,16,7,2,2,6,9,21,62.9,63.7,62.1,37.7,38.6,79.4,76.4,63.6,42.9,72.2,18.4,35.3,47.1,138,19,6,22,27.3,3,5,60,4,7,57.1,5,4,9,6,5,0,2,6,21,34.1,37.9,7.4,27.8,22.7,89.6,48.4,5,5,100,4,1,25,8,5,62.5,5,1,0,0,13,2,15.4,4,1,25,5,3,60,1,1,0,0
Rahoveci 029,"J. Johnson, K. Pullian, E. Peci, F. Rugova, I. Umipig",3,741,26,10,26,38.5,3,13,23.1,3,4,75,8,4,12,6,4,0,3,8,21,73.1,70.8,75.5,33.9,31.8,44.2,46.8,60,50,57.1,8.2,15.4,50,119,31,9,15,60,3,3,100,10,12,83.3,3,8,11,2,1,2,7,8,23,70,76.4,25.7,42.9,20,133,-14,11,6,54.5,2,1,50,13,3,23.1,1,2,0,0,10,5,50,2,1,50,3,3,100,2,3,0,1
Rahoveci 029,"K. Pullian, H. Durguti, J. Johnson, F. Rugova, A. Thomas",3,625,14,5,21,23.8,1,11,9.1,3,4,75,4,5,9,0,3,0,4,2,21,82.5,83.9,81.1,28.6,29.6,26.2,30.8,0,25,83.3,14.9,19,52.4,64.1,22,10,16,62.5,2,3,66.7,0,0,0,1,12,13,4,1,0,7,6,21,68.8,68.8,30.4,16.7,18.8,104.2,-40.1,6,3,50,4,1,25,11,1,9.1,0,1,1,2,11,7,63.6,2,1,50,3,2,66.7,4,1,0,1
Sigal Prishtina,"A. Bailey, A. Lomax, D. Haxhosaj, A. Morina, E. Clarance",3,727,23,10,23,43.5,0,3,0,3,7,42.9,6,8,14,3,3,1,2,6,21,68.3,70,66.6,34.3,36.1,43.5,44.1,30,40,57.1,6.4,30.4,13,108.5,18,8,23,34.8,2,12,16.7,0,0,0,6,9,15,5,1,1,4,6,20,39.1,39.1,14.8,42.9,52.2,89.3,19.2,16,10,62.5,4,0,0,3,0,0,0,1,0,1,7,3,42.9,4,3,75,12,2,16.7,2,1,1,0
Sigal Prishtina,"A. Azemi, D. Burns, D. Williams, G. Hoti, K. Kramer",1,761,20,9,23,39.1,1,5,20,1,2,50,6,8,14,7,3,2,5,8,21,66.4,69.3,63.6,34.6,37.7,41.3,41.9,77.8,42.9,66.7,13.9,8.7,21.7,91.1,18,8,20,40,2,8,25,0,0,0,4,8,12,3,1,1,5,4,20,45,45,20,33.3,40,89.3,1.8,9,5,55.6,9,3,33.3,5,1,20,1,0,0,2,10,5,50,2,1,50,8,2,25,1,3,0,1
Sigal Prishtina,"D. Haxhosaj, D. Burns, J. Ismajli, K. Kramer, E. Clarance",1,771,18,7,19,36.8,1,7,14.3,3,4,75,5,10,15,2,2,4,7,8,21,68.5,68,69,35.3,34.8,39.5,43.4,28.6,41.7,76.9,23.5,21.1,36.8,82.4,23,8,21,38.1,0,4,0,7,7,100,3,7,10,4,4,1,2,5,22,38.1,47.8,7.7,23.1,19,103.8,-21.4,7,5,71.4,5,1,20,7,1,14.3,6,0,1,0,9,6,66.7,8,2,25,4,0,0,0,2,0,0
Trepça,"D. Hajrizi, S. Jones, C. Brown, J. Payne, A. Vining",2,737,19,8,17,47.1,3,3,100,0,1,0,2,8,10,4,1,0,7,5,21,70.5,70.2,70.8,34.2,33.9,55.9,54.5,50,20,100,24.6,5.9,17.6,88.2,26,10,18,55.6,1,5,20,5,6,83.3,0,8,8,7,2,1,2,4,21,58.3,63,8.8,0,27.8,119.6,-31.4,8,4,50,6,1,16.7,3,3,100,2,2,0,2,9,6,66.7,4,3,75,5,1,20,0,2,0,0
Trepça,"D. Hajrizi, S. Jones, A. Vining, K. Hasbrouck, S. Henry",4,712,26,9,21,42.9,4,12,33.3,4,4,100,4,9,13,5,1,1,4,2,21,74.8,73.7,75.9,32.6,31.6,52.4,57.1,55.6,33.3,81.8,12.6,19,57.1,119,20,8,19,42.1,3,7,42.9,1,1,100,2,8,10,6,2,0,6,6,22,50,51.4,23.6,18.2,36.8,88.9,30.1,6,4,66.7,3,1,33.3,12,4,33.3,1,1,0,1,5,3,60,7,2,28.6,7,3,42.9,1,1,1,3
Vëllaznimi,"Z. Reid, A. Koshi, S. Zekiqi, L. Colimerio, T. Todd",5,790,23,8,20,40,3,7,42.9,4,6,66.7,1,11,12,4,1,1,1,8,21,66.7,66,67.3,36.3,35.7,47.5,50.8,50,7.1,64.7,3.6,30,35,105.8,22,8,24,33.3,3,11,27.3,3,7,42.9,6,13,19,4,1,2,2,6,22,39.6,40.6,6.9,35.3,45.8,99.3,6.5,12,5,41.7,1,0,0,7,3,42.9,1,0,0,0,11,5,45.5,2,0,0,11,3,27.3,1,1,0,0
Vëllaznimi,"Z. Reid, A. Koshi, R. Dahsyla, T. Todd, J. Hellems",2,800,19,6,18,33.3,3,11,27.3,4,6,66.7,1,10,11,5,1,2,3,7,21,70.2,65.2,75.1,36.8,32.0,41.7,46,83.3,8.3,52.6,10.5,33.3,61.1,87.4,26,10,27,37,2,13,15.4,4,7,57.1,9,11,20,3,2,0,5,9,25,40.7,43.2,14.3,47.4,48.1,103.8,-16.4,6,3,50,1,0,0,11,3,27.3,1,1,1,0,7,5,71.4,6,2,33.3,13,2,15.4,1,1,1,1
Bashkimi,"M. Armstead, I. Cousins, D. Lake, L. Zeqiri, V. Bunjaku",4,705,29,10,22,45.5,1,6,16.7,8,9,88.9,9,8,17,5,2,4,4,6,20,67.6,68.5,66.7,35.0,36.0,47.7,55.9,50,75,38.1,11.4,40.9,27.3,144.1,13,3,23,13,1,7,14.3,6,10,60,13,3,16,2,2,1,6,8,19,15.2,23.7,18,61.9,30.4,66.4,77.7,11,7,63.6,5,2,40,6,1,16.7,2,1,0,1,14,2,14.3,2,0,0,7,1,14.3,1,5,0,0
Bashkimi,"I. Cousins, D. Lake, L. Zeqiri, J. Baily, V. Bunjaku",3,677,20,9,22,40.9,0,5,0,2,2,100,7,10,17,4,3,2,5,5,20,70.9,71.1,70.7,33.8,34.0,40.9,43.7,44.4,53.8,83.3,15.7,9.1,22.7,99.8,15,5,16,31.2,3,10,30,2,4,50,2,6,8,4,2,0,5,3,19,40.6,42.2,22,16.7,62.5,75.3,24.5,13,7,53.8,4,2,50,5,0,0,3,2,0,0,4,1,25,2,1,50,10,3,30,5,0,0,0
Bashkimi,"I. Cousins, L. Zeqiri, T. Bickerstaff, V. Bunjaku, S. Shorter",3,625,21,8,15,53.3,3,6,50,2,5,40,2,10,12,5,2,0,6,8,20,82.4,78.2,86.7,30.7,27.7,63.3,61,62.5,25,71.4,21.3,33.3,40,103.2,19,6,17,35.3,3,9,33.3,4,8,50,4,6,10,4,1,0,7,6,22,44.1,46.3,25.4,28.6,52.9,84.1,19,7,4,57.1,2,1,50,6,3,50,3,1,0,2,7,2,28.6,0,0,0,9,3,33.3,1,4,0,1
Bora,"A. Hunter, S. Jules, A. Mekic, A. Hot, R. Memedi",2,616,14,5,18,27.8,1,10,10,3,3,100,2,8,10,3,1,0,4,3,20,73.3,79.7,66.9,30.1,35.9,30.6,36.2,60,15.4,88.9,15.2,16.7,55.6,68.4,18,8,17,47.1,1,7,14.3,1,2,50,1,11,12,5,2,2,1,5,17,50,50.3,5.3,11.1,41.2,104.9,-36.5,6,3,50,2,1,50,10,1,10,2,0,0,1,6,4,66.7,4,3,75,7,1,14.3,1,0,0,0
GO+Peja,"S. Flatten, J. Johnson, A. Herndon, M. Mala, A. Hajdari",4,666,22,8,20,40,5,13,38.5,1,4,25,4,12,16,6,0,0,4,3,20,76.2,75.3,77.2,31.9,31.1,52.5,50.6,75,28.6,75,12.6,20,65,105.3,26,10,25,40,4,13,30.8,2,3,66.7,4,10,14,8,3,1,0,5,21,48,49.4,0,25,52,121.3,-16,7,3,42.9,0,0,0,13,5,38.5,1,3,0,0,8,4,50,4,2,50,13,4,30.8,0,0,0,0
Golden Eagle Ylli,"L. Shoshi, A. Çallakaj, J. Reece, T. Allen, B. Pass",2,793,18,6,13,46.2,3,8,37.5,3,8,37.5,0,6,6,4,3,1,5,9,20,64.2,62.5,65.8,38.4,36.5,57.7,54.5,66.7,0,60,19.6,61.5,61.5,87.1,22,9,19,47.4,1,5,20,3,6,50,4,10,14,4,4,0,5,5,21,50,50.8,18.8,40,26.3,101.2,-14.1,4,3,75,1,0,0,8,3,37.5,4,1,0,0,6,4,66.7,8,4,50,5,1,20,3,1,0,1
Golden Eagle Ylli,"L. Shoshi, L. Thomas, T. Allen, B. Pass, G. Morina",2,628,21,8,14,57.1,3,4,75,2,3,66.7,1,8,9,6,0,2,7,10,20,72.3,78.2,66.3,30.7,36.2,67.9,68.5,75,16.7,57.1,24.7,21.4,28.6,102.6,23,9,20,45,2,3,66.7,3,7,42.9,6,5,11,4,4,0,1,3,17,50,49.8,4.2,42.9,15,132.5,-29.9,4,2,50,6,3,50,4,3,75,4,0,0,2,9,3,33.3,8,4,50,3,2,66.7,0,0,0,1
Sigal Prishtina,"A. Bailey, A. Azemi, G. Hoti, D. Polloshka, V. Kakruki",1,711,31,12,15,80,1,1,100,6,8,75,1,8,9,9,3,1,4,2,20,74.8,69.7,79.8,34.4,30.1,83.3,83.7,75,33.3,66.7,12.7,53.3,6.7,150.1,23,8,20,40,2,9,22.2,5,6,83.3,4,2,6,4,2,1,6,7,23,45,50.8,20.9,33.3,45,97.2,52.8,11,10,90.9,3,1,33.3,1,1,100,3,0,1,0,8,4,50,3,2,66.7,9,2,22.2,4,0,0,1
Sigal Prishtina,"A. Bailey, D. Burns, D. Polloshka, V. Kakruki, E. Clarance",2,664,29,12,18,66.7,3,6,50,2,4,50,3,6,9,3,2,0,5,4,20,74.7,75.5,74,31.8,32.4,75,73.4,25,42.9,100,18,22.2,33.3,138.8,23,10,16,62.5,0,3,0,3,3,100,0,4,4,7,2,0,4,7,20,62.5,66.4,18.8,0,18.8,112.4,26.5,9,6,66.7,3,3,100,6,3,50,4,1,0,0,10,9,90,3,1,33.3,3,0,0,3,0,1,0
Sigal Prishtina,"A. Lomax, D. Haxhosaj, D. Burns, K. Kramer, A. Morina",2,644,16,7,20,35,0,9,0,2,2,100,4,7,11,2,3,0,4,6,20,72.7,74.7,70.7,32.1,33.9,35,38.3,28.6,30.8,70,14.9,10,45,79.8,22,8,18,44.4,3,9,33.3,3,4,75,3,9,12,7,2,0,3,3,18,52.8,55.7,13.2,30,50,116,-36.2,4,3,75,7,4,57.1,9,0,0,4,0,0,0,5,4,80,4,1,25,9,3,33.3,2,1,0,0
Trepça,"M. Tmusic, D. Hajrizi, C. Rusell, C. Brown, J. Payne",2,710,17,6,21,28.6,1,7,14.3,4,7,57.1,4,9,13,5,1,0,1,4,20,68.1,68.4,67.8,35.1,35.4,31,35.3,83.3,26.7,69.2,3.3,33.3,33.3,84,27,11,23,47.8,4,8,50,1,2,50,4,11,15,7,1,0,1,5,20,56.5,56.5,4,30.8,34.8,134.7,-50.7,8,5,62.5,6,0,0,7,1,14.3,0,1,0,0,7,4,57.1,8,3,37.5,8,4,50,0,1,0,0
Vëllaznimi,"A. Koshi, L. Colimerio, A. Gordon, R. Dahsyla, T. Todd",4,701,27,10,18,55.6,3,4,75,4,7,57.1,4,9,13,4,4,1,4,7,20,68.8,69.3,68.2,34.6,35.2,63.9,64,40,44.4,60,13.8,38.9,22.2,133.4,17,6,21,28.6,2,10,20,3,4,75,6,5,11,2,2,1,4,6,19,33.3,37.3,14.9,40,47.6,85.3,48.1,10,5,50,4,2,50,4,3,75,2,2,0,0,8,3,37.5,3,1,33.3,10,2,20,4,0,0,0
Bora,"A. Hunter, L. Thomas, T. Cheese, R. Ukaj, R. Memedi",4,597,30,10,16,62.5,5,9,55.6,5,5,100,1,7,8,5,1,0,3,6,19,69.4,78,60.8,30.8,39.5,78.1,82.4,50,20,70,11.5,31.2,56.2,154.7,19,7,16,43.8,3,8,37.5,2,4,50,3,4,7,5,0,0,1,3,15,53.1,53.5,5.3,30,50,125.6,29.1,3,2,66.7,4,3,75,9,5,55.6,0,0,1,1,5,3,60,3,1,33.3,8,3,37.5,0,1,0,0
Bora,"S. Jules, A. Mekic, G. Singleton, R. Ukaj, R. Memedi",3,572,25,9,18,50,3,8,37.5,4,5,80,4,7,11,7,3,1,4,6,19,79.8,81.4,78.1,29.5,30.7,58.3,61.9,77.8,44.4,70,12.8,27.8,44.4,128.9,18,8,15,53.3,1,2,50,1,10,10,3,5,8,6,1,0,3,5,18,56.7,46.4,13.4,30,13.3,96.6,32.3,8,5,62.5,2,1,50,8,3,37.5,2,2,0,0,9,6,66.7,4,1,25,2,1,50,1,2,0,0
GO+Peja,"S. Flatten, J. Johnson, D. Berisha, T. Green, A. Hajdari",2,603,12,5,14,35.7,0,8,0,2,2,100,1,6,7,4,1,0,6,2,19,72.4,76,68.8,31.6,34.9,35.7,40.3,80,11.1,85.7,24.1,14.3,57.1,62.9,21,9,16,56.2,3,6,50,0,0,0,1,8,9,4,4,0,3,3,17,65.6,65.6,15.8,14.3,37.5,121.5,-58.7,4,4,100,2,1,50,8,0,0,2,2,0,1,6,4,66.7,4,2,50,6,3,50,1,2,0,0
Golden Eagle Ylli,"J. Gray, L. Shoshi, D. Sabeckis, S. Bamforth, T. Allen",1,600,19,8,20,40,2,5,40,1,2,50,3,5,8,4,4,3,2,5,19,76.1,76.3,75.9,31.4,31.6,45,45.5,50,27.3,55.6,7.4,10,25,99.6,15,5,14,35.7,1,5,20,4,4,100,4,8,12,4,1,2,8,4,18,39.3,47.6,33.7,44.4,35.7,79.1,20.5,9,4,44.4,5,2,40,5,2,40,1,1,0,0,8,3,37.5,1,1,100,5,1,20,4,2,0,1
Golden Eagle Ylli,"L. Shoshi, A. Çallakaj, D. Sabeckis, E. Kastrati, G. Morina",4,618,16,5,15,33.3,2,4,50,4,7,57.1,2,8,10,2,1,3,4,6,19,74.3,74.9,73.7,32.1,32.6,40,44.2,40,16.7,57.1,16.6,46.7,26.7,83,25,8,22,36.4,5,10,50,4,4,100,6,10,16,5,1,1,2,5,18,47.7,52.6,7.8,42.9,45.5,131.8,-48.8,5,2,40,6,1,16.7,4,2,50,1,1,0,2,9,2,22.2,3,1,33.3,10,5,50,2,0,0,0
Peja,"S. Flatten, J. Johnson, M. Mala, C. Edwards, A. Hajdari",1,539,30,10,14,71.4,3,6,50,7,7,100,0,8,8,7,1,0,3,6,19,87.3,85.8,88.7,28.0,27.0,82.1,87.8,70,0,61.5,11.1,50,42.9,155.6,23,9,22,40.9,1,2,50,4,4,100,5,4,9,1,3,2,2,5,19,43.2,48.4,7.8,38.5,9.1,115.4,40.2,8,7,87.5,0,0,0,6,3,50,1,2,0,0,16,7,43.8,4,1,25,2,1,50,0,2,0,0
Rahoveci 029,"K. Pullian, J. Roche, A. Berisha, F. Rugova, A. Thomas",2,638,24,9,20,45,4,9,44.4,2,4,50,4,7,11,6,0,1,3,3,19,73.2,75,71.4,32.0,33.6,55,55.1,66.7,36.4,58.3,9.8,20,45,120.4,22,8,20,40,3,8,37.5,3,4,75,5,7,12,6,2,2,3,6,18,47.5,50.6,12.1,41.7,40,116,4.4,6,3,50,5,2,40,9,4,44.4,2,1,0,0,9,5,55.6,3,0,0,8,3,37.5,0,1,0,1
Trepça,"M. Tmusic, M. Amzil, D. Kapiti, K. Hasbrouck, B. Tuna",4,594,27,11,18,61.1,3,8,37.5,2,7,28.6,4,8,12,9,3,0,3,4,19,73.6,77.9,69.4,30.8,34.6,69.4,64,81.8,36.4,72.7,9.1,38.9,44.4,140.1,18,7,17,41.2,3,6,50,1,2,50,3,7,10,5,2,1,3,5,17,50,50.3,14.4,27.3,35.3,104.9,35.2,6,6,100,4,2,50,8,3,37.5,2,1,0,0,7,4,57.1,4,0,0,6,3,50,3,0,0,0
Vëllaznimi,"Y. Anei, A. Koshi, R. Dahsyla, T. Todd, J. Hellems",3,594,14,4,15,26.7,0,5,0,6,8,75,1,5,6,3,3,1,3,7,19,83.7,79.6,87.8,30.2,27.3,26.7,37.8,75,7.7,83.3,12.2,53.3,33.3,71.1,26,9,15,60,3,6,50,5,6,83.3,1,12,13,7,2,0,6,5,21,70,73.7,25.4,16.7,40,119.6,-48.6,8,4,50,2,0,0,5,0,0,2,1,0,0,8,6,75,1,0,0,6,3,50,1,4,0,1
Vëllaznimi,"A. Koshi, A. Gordon, D. Wilson, R. Dahsyla, J. Hellems",1,694,23,9,22,40.9,1,6,16.7,4,4,100,4,8,12,5,1,2,1,7,19,70.2,68.9,71.4,34.8,33.6,43.2,48.4,55.6,33.3,57.1,3.4,18.2,27.3,115.4,20,6,19,31.6,2,9,22.2,6,8,75,6,8,14,4,0,0,5,5,20,36.8,44.4,18.2,42.9,47.4,96.8,18.6,10,6,60,5,1,20,6,1,16.7,0,0,1,0,5,2,40,5,2,40,9,2,22.2,1,1,1,1
Vëllaznimi,"A. Koshi, A. Gordon, R. Dahsyla, T. Todd, J. Hellems",3,554,14,4,12,33.3,0,3,0,6,7,85.7,2,5,7,2,5,0,7,5,19,74.5,83.5,65.5,28.7,36.6,33.3,46.4,50,22.2,83.3,29.1,58.3,25,72.6,14,5,10,50,1,3,33.3,3,4,75,1,7,8,4,1,1,5,6,15,55,59.5,29.8,16.7,30,92.5,-19.9,6,3,50,3,1,33.3,3,0,0,3,1,0,2,5,4,80,2,0,0,3,1,33.3,3,2,0,0
Vëllaznimi,"S. Zekiqi, A. Gordon, A. Rushiti, D. Wilson, J. Hellems",5,599,22,8,18,44.4,3,6,50,3,5,60,4,4,8,4,1,1,4,9,19,76.2,77.7,74.6,30.9,32.2,52.8,54.5,50,33.3,80,14.2,27.8,33.3,113.4,31,9,14,64.3,4,7,57.1,9,10,90,1,8,9,5,1,1,2,5,18,78.6,84.2,9.8,20,50,166.5,-53,8,3,37.5,4,2,50,6,3,50,0,2,0,1,4,3,75,3,2,66.7,7,4,57.1,1,1,0,0
Bashkimi,"M. Armstead, K. Wooten, I. Cousins, L. Zeqiri, S. Shorter",2,524,19,8,17,47.1,2,8,25,1,4,25,1,6,7,4,1,0,1,3,18,79.3,82.5,76.2,29.1,31.5,52.9,50.6,50,10,100,4.2,23.5,47.1,105.5,26,9,15,60,5,7,71.4,3,3,100,0,9,9,8,1,1,1,4,16,76.7,79.7,5.8,0,46.7,156.4,-50.9,4,4,100,5,2,40,8,2,25,0,1,0,0,6,4,66.7,2,0,0,7,5,71.4,0,1,0,0
Bashkimi,"M. Armstead, K. Wooten, L. Zeqiri, S. Shorter, I. Nwamu",3,451,14,2,12,16.7,1,7,14.3,9,10,90,1,7,8,2,3,3,4,7,18,97.2,99.1,95.2,24.2,25.2,20.8,42.7,100,10,50,17.9,83.3,58.3,75.2,10,3,16,18.8,0,4,0,4,6,66.7,7,9,16,1,1,0,7,6,17,18.8,26.8,27.3,50,25,55.9,19.3,2,1,50,3,0,0,7,1,14.3,0,1,1,1,8,3,37.5,4,0,0,4,0,0,4,2,1,0
Bashkimi,"I. Cousins, D. Lake, L. Zeqiri, V. Bunjaku, I. Nwamu",4,551,15,6,16,37.5,2,5,40,1,4,25,3,5,8,3,2,0,5,5,18,76.9,82.6,71.1,29.0,33.8,43.8,42.2,50,25,71.4,19.4,25,31.2,79.1,15,7,14,50,1,6,16.7,0,0,0,2,9,11,2,2,2,5,4,16,53.6,53.6,26.3,28.6,42.9,91.9,-12.8,8,3,37.5,3,1,33.3,5,2,40,2,2,0,1,6,4,66.7,2,2,100,6,1,16.7,4,1,0,0
Bashkimi,"J. Riley, D. Lake, M. Ismaili, L. Zeqiri, I. Nwamu",1,544,22,10,16,62.5,2,6,33.3,0,0,0,2,6,8,4,2,0,5,5,18,78.8,80.5,77.1,29.8,31.1,68.8,68.8,40,33.3,85.7,20,0,37.5,120.6,22,8,15,53.3,1,3,33.3,5,5,100,1,4,5,3,4,1,2,5,17,56.7,64,10.4,14.3,20,125.9,-5.3,6,5,83.3,4,3,75,6,2,33.3,4,1,0,0,9,6,66.7,3,1,33.3,3,1,33.3,1,1,0,0
Bashkimi,"D. Lake, M. Janjeva, L. Zeqiri, T. Bickerstaff, K. Anderson",1,677,13,5,19,26.3,0,4,0,3,5,60,6,6,12,3,2,1,4,1,18,64,65.3,62.8,36.7,38.2,26.3,30.7,60,40,50,14.2,26.3,21.1,70.5,26,10,22,45.5,5,10,50,1,1,100,6,9,15,6,0,2,2,6,17,56.8,57.9,8.2,50,45.5,146.9,-76.3,11,4,36.4,4,1,25,4,0,0,1,2,1,0,10,5,50,2,0,0,10,5,50,2,0,0,0
Bashkimi,"M. Janjeva, L. Zeqiri, T. Bickerstaff, K. Anderson, I. Nwamu",3,574,10,4,13,30.8,1,5,20,1,1,100,1,8,9,2,0,0,7,5,18,78.7,78,79.3,30.8,30.3,34.6,37.2,50,11.1,80,31.2,7.7,38.5,53.6,24,10,18,55.6,3,7,42.9,1,4,25,2,8,10,4,6,1,2,4,18,63.9,60.7,9.2,20,38.9,126.5,-72.9,6,2,33.3,2,1,50,5,1,20,4,2,0,1,6,4,66.7,5,3,60,7,3,42.9,1,1,0,0
Bora,"C. Payton, A. Hunter, A. Mekic, J. Zeqiri, G. Zeqiri",3,673,30,10,16,62.5,5,7,71.4,5,5,100,0,3,3,8,2,0,1,7,18,69.7,65.7,73.7,36.5,32.6,78.1,82.4,80,0,50,3.7,31.2,43.8,162.8,28,9,16,56.2,3,8,37.5,7,8,87.5,3,5,8,6,1,1,5,4,20,65.6,71.7,20.4,50,50,135.5,27.2,6,4,66.7,3,1,33.3,7,5,71.4,1,0,0,0,5,4,80,3,2,66.7,8,3,37.5,3,0,0,1
GO+Peja,"S. Flatten, J. Johnson, D. Berisha, M. Armstead, T. Green",3,530,24,6,14,42.9,1,6,16.7,11,13,84.6,3,7,10,2,0,0,3,9,18,80.9,85.7,76.2,28.0,31.5,46.4,60.9,33.3,33.3,77.8,12.1,92.9,42.9,126.8,17,4,12,33.3,2,6,33.3,7,8,87.5,2,6,8,2,1,0,4,9,16,41.7,54.8,20.5,22.2,50,101.1,25.7,4,4,100,4,1,25,6,1,16.7,1,0,0,1,5,2,40,1,0,0,6,2,33.3,0,2,0,1
GO+Peja,"S. Flatten, J. Johnson, M. Armstead, C. Edwards, A. Hajdari",4,504,18,6,17,35.3,1,10,10,5,6,83.3,3,5,8,4,2,0,3,3,18,88,89.8,86.3,26.7,27.8,38.2,45.8,66.7,25,83.3,11.3,35.3,58.8,95.5,23,11,17,64.7,0,2,0,1,2,50,1,9,10,6,3,0,2,6,18,64.7,64.3,10.1,16.7,11.8,126.9,-31.4,5,4,80,2,1,50,10,1,10,2,1,0,0,11,8,72.7,4,3,75,2,0,0,0,2,0,0
GO+Peja,"F. Shoshaj, A. Herndon, M. Mala, C. Edwards, O. Williams",2,524,19,7,15,46.7,1,6,16.7,4,4,100,2,10,12,6,2,2,4,4,18,86.6,82.5,90.8,29.1,26.4,50,56.7,85.7,25,76.9,14.9,26.7,40,105.5,18,6,18,33.3,3,8,37.5,3,6,50,3,6,9,5,4,2,3,5,19,41.7,43.6,12.7,23.1,44.4,90.8,14.7,7,4,57.1,2,2,100,6,1,16.7,2,2,0,0,7,3,42.9,3,0,0,8,3,37.5,1,1,0,1
Golden Eagle Ylli,"L. Shoshi, S. Bamforth, E. Kastrati, B. Pass, G. Morina",3,600,27,9,17,52.9,3,8,37.5,6,6,100,1,7,8,8,2,3,1,5,18,78.9,75.4,82.3,31.8,29.2,61.8,68.7,88.9,12.5,50,3.5,35.3,47.1,143.2,10,4,20,20,1,9,11.1,1,1,100,7,7,14,1,0,0,8,5,20,22.5,24.5,28.1,50,45,48.6,94.6,4,4,100,5,2,40,8,3,37.5,1,0,0,0,6,2,33.3,5,1,20,9,1,11.1,1,2,1,2
Golden Eagle Ylli,"A. Çallakaj, D. Sabeckis, S. Bamforth, T. Smith, D. Thomas",2,590,17,8,15,53.3,1,4,25,0,0,0,2,9,11,5,2,1,6,4,18,71.5,74.2,68.9,32.3,34.8,56.7,56.7,62.5,28.6,75,23.1,0,26.7,93.2,17,5,16,31.2,2,9,22.2,5,6,83.3,3,5,8,3,1,0,2,1,16,37.5,45.6,9.7,25,56.2,100.4,-7.2,8,6,75,3,1,33.3,4,1,25,2,3,1,0,6,2,33.3,1,1,100,9,2,22.2,0,2,0,0
Golden Eagle Ylli,"D. Sabeckis, B. Huffman, S. Bamforth, T. Allen, E. Kastrati",2,453,23,10,16,62.5,3,7,42.9,0,2,0,2,9,11,8,3,0,4,3,18,88.4,96,80.8,25.0,29.7,71.9,68.1,80,25,60,13.9,12.5,43.8,126.9,8,3,18,16.7,1,12,8.3,1,2,50,6,6,12,2,4,0,3,2,15,19.4,21.2,13.7,40,66.7,52.5,74.4,8,6,75,1,1,100,7,3,42.9,3,1,0,0,5,2,40,1,0,0,12,1,8.3,1,2,0,0
Trepça,"M. Tmusic, D. Hajrizi, D. Kapiti, A. Vining, S. Henry",4,594,17,6,16,37.5,3,10,30,2,2,100,2,9,11,5,1,1,4,4,18,78.4,73.2,83.5,32.8,28.8,46.9,50.4,83.3,20,75,15.5,12.5,62.5,93.8,21,7,19,36.8,2,5,40,5,8,62.5,3,8,11,5,3,0,2,5,20,42.1,46.6,8.2,25,26.3,101.6,-7.9,3,0,0,3,3,100,10,3,30,3,1,0,0,9,4,44.4,5,1,20,5,2,40,0,1,0,1
Trepça,"D. Hajrizi, C. Brown, J. Payne, A. Vining, B. Tuna",4,612,30,11,17,64.7,4,7,57.1,4,4,100,2,8,10,10,2,0,2,8,18,71.9,70.6,73.2,34.0,32.8,76.5,80,90.9,33.3,72.7,6.5,23.5,41.2,166.6,20,7,18,38.9,5,10,50,1,1,100,3,4,7,4,1,0,4,5,18,52.8,54.2,17.8,27.3,55.6,107.2,59.4,10,7,70,0,0,0,7,4,57.1,1,1,0,0,4,2,50,4,0,0,10,5,50,3,1,0,0
Trepça,"D. Hajrizi, C. Brown, J. Payne, S. Henry, B. Tuna",3,623,24,9,14,64.3,3,4,75,3,7,42.9,3,6,9,4,1,1,5,7,18,73.8,70.6,77.1,34.0,31.1,75,70.3,44.4,42.9,54.5,19.2,50,28.6,131,19,5,16,31.2,0,5,0,9,11,81.8,5,4,9,2,3,1,5,8,20,31.2,45.6,19.3,45.5,31.2,95,36.1,8,5,62.5,2,1,50,4,3,75,2,3,0,0,6,3,50,5,2,40,5,0,0,1,1,1,1
Vëllaznimi,"Z. Reid, S. Zekiqi, A. Gordon, A. Rushiti, J. Hellems",2,555,24,8,17,47.1,4,8,50,4,4,100,2,7,9,3,2,0,3,0,18,78.4,82,74.7,29.3,32.1,58.8,64,37.5,28.6,70,12.1,23.5,47.1,126.5,19,7,17,41.2,5,14,35.7,0,0,0,3,5,8,5,2,0,4,7,17,55.9,55.9,19,30,82.4,110,16.6,4,2,50,5,2,40,8,4,50,1,1,1,0,2,1,50,1,1,100,14,5,35.7,3,1,0,0
Vëllaznimi,"Z. Reid, S. Zekiqi, D. Wilson, R. Dahsyla, J. Hellems",3,732,20,5,15,33.3,3,9,33.3,7,9,77.8,5,4,9,4,0,1,5,3,18,62.5,59.7,65.3,40.2,36.7,43.3,52.7,80,45.5,80,17.9,60,60,109.9,31,11,16,68.8,6,9,66.7,3,4,75,1,6,7,9,1,0,4,6,19,87.5,87.3,18.4,20,56.2,155.5,-45.7,4,2,50,2,0,0,9,3,33.3,2,2,1,0,6,4,66.7,1,1,100,9,6,66.7,1,1,0,1
Bashkimi,"D. Lake, L. Zeqiri, T. Bickerstaff, K. Anderson, V. Bunjaku",1,599,24,11,20,55,2,4,50,0,0,0,3,11,14,7,2,2,1,5,17,68.8,69.2,68.3,34.7,35.1,60,60,63.6,33.3,78.6,3.6,0,20,138.9,11,4,17,23.5,2,7,28.6,1,4,25,3,6,9,4,1,1,2,5,17,29.4,29.3,9.6,21.4,41.2,64.5,74.4,11,7,63.6,5,2,40,4,2,50,0,1,0,0,8,2,25,2,0,0,7,2,28.6,1,1,0,0
GO+ Peja,"J. Johnson, D. Berisha, A. Herndon, M. Mala, T. Green",1,626,21,6,16,37.5,2,4,50,7,8,87.5,3,6,9,8,2,0,2,3,17,69.6,68.2,71.1,35.2,33.8,43.8,53.8,133.3,27.3,50,6.8,50,25,118.1,27,11,22,50,4,9,44.4,1,3,33.3,6,8,14,7,1,1,2,7,18,59.1,57.9,7.9,50,40.9,145.6,-27.5,10,4,40,2,0,0,4,2,50,0,1,0,1,11,6,54.5,2,1,50,9,4,44.4,2,0,0,0
GO+Peja,"C. Williams, F. Shoshaj, L. Routt, C. Edwards, A. Hajdari",3,604,17,7,14,50,0,2,0,3,4,75,4,5,9,1,2,0,6,3,17,64.2,67.7,60.6,35.4,39.6,50,53.9,14.3,57.1,71.4,26.4,28.6,14.3,99.7,19,6,13,46.2,5,10,50,2,2,100,2,3,5,5,4,0,4,7,15,65.4,68.4,22.4,28.6,76.9,124.6,-24.9,8,5,62.5,4,2,50,2,0,0,5,1,0,0,2,1,50,1,0,0,10,5,50,2,0,0,1
GO+Peja,"F. Shoshaj, T. Green, C. Edwards, O. Williams, A. Hajdari",2,590,15,6,17,35.3,3,9,33.3,0,0,0,3,8,11,3,0,1,4,7,17,71.5,70.3,72.8,34.1,33.0,44.1,44.1,50,27.3,80,16.7,0,52.9,86.8,19,6,15,40,3,7,42.9,4,6,66.7,2,8,10,6,3,0,3,5,17,50,53.9,14.5,20,46.7,106.2,-19.4,4,1,25,4,2,50,9,3,33.3,3,1,0,0,5,3,60,3,0,0,7,3,42.9,1,0,0,1
GO+Peja,"A. Herndon, M. Mala, C. Edwards, O. Williams, A. Hajdari",1,533,13,6,14,42.9,1,2,50,0,0,0,2,6,8,3,2,0,6,3,17,73.5,77.8,69.2,30.8,34.7,46.4,46.4,50,25,75,26.1,0,14.3,75.2,18,7,15,46.7,4,7,57.1,0,0,0,2,6,8,5,3,4,3,2,15,60,60,16.7,25,46.7,117.2,-42,8,3,37.5,4,2,50,2,1,50,2,1,0,2,4,3,75,4,0,0,7,4,57.1,2,1,0,0
Golden Eagle Ylli,"J. Gray, L. Shoshi, D. Sabeckis, S. Bamforth, G. Morina",3,597,19,7,16,43.8,3,6,50,2,7,28.6,3,6,9,6,0,0,2,5,17,67.5,69.8,65.1,34.4,36.8,53.1,49.8,85.7,30,66.7,7.4,43.8,37.5,109.5,21,8,17,47.1,3,7,42.9,2,2,100,3,7,10,3,1,0,2,7,16,55.9,58.7,10.1,33.3,41.2,129.6,-20.1,8,4,50,2,0,0,6,3,50,0,2,0,0,8,5,62.5,2,0,0,7,3,42.9,1,1,0,0
Golden Eagle Ylli,"J. Gray, L. Shoshi, T. Allen, E. Kastrati, B. Pass",2,510,21,7,14,50,2,5,40,5,6,83.3,2,5,7,6,1,0,4,4,17,78,84.2,71.7,28.5,33.5,57.1,63.1,85.7,25,71.4,15,42.9,35.7,117.4,19,8,14,57.1,2,4,50,1,2,50,2,6,8,3,1,0,3,5,15,64.3,63.8,16.8,28.6,28.6,124.6,-7.3,7,5,71.4,2,0,0,5,2,40,2,0,0,1,9,5,55.6,1,1,100,4,2,50,2,0,1,0
Rahoveci 029,"K. Pullian, V. Ejupi, K. Ujkani, N. Mcloud, J. Mccorrmick",3,670,22,7,18,38.9,5,10,50,3,3,100,3,9,12,4,3,0,2,4,17,62.2,63,61.5,38.1,39.0,52.8,56.9,57.1,30,69.2,7.9,16.7,55.6,125.1,11,4,17,23.5,1,11,9.1,2,2,100,4,7,11,2,1,1,4,4,17,26.5,30.8,18.3,30.8,64.7,64.1,61,6,2,33.3,2,0,0,10,5,50,0,2,0,0,6,3,50,0,0,0,11,1,9.1,1,2,0,1
Sigal Prishtina,"A. Lomax, K. Kramer, D. Polloshka, A. Morina, E. Clarance",3,601,21,5,12,41.7,0,5,0,11,13,84.6,2,3,5,3,0,1,3,5,17,73.8,71.8,75.8,33.4,31.7,41.7,59.3,60,28.6,50,12.6,108.3,41.7,116.9,35,13,19,68.4,5,9,55.6,4,4,100,3,5,8,9,1,0,2,10,18,81.6,84.3,8.8,50,47.4,184.5,-67.7,6,5,83.3,1,0,0,5,0,0,0,2,0,1,7,6,85.7,3,2,66.7,9,5,55.6,1,0,0,1
Trepça,"M. Tmusic, D. Hajrizi, S. Jones, J. Payne, A. Vining",3,551,21,8,14,57.1,5,9,55.6,0,0,0,1,7,8,4,1,0,5,5,17,69.2,75.3,63.1,31.9,38.1,75,75,50,20,77.8,21.7,0,64.3,121.5,18,6,13,46.2,2,2,100,4,7,57.1,2,4,6,5,0,0,1,1,14,53.8,56,5.9,22.2,15.4,124.3,-2.8,4,3,75,1,0,0,9,5,55.6,1,1,1,1,8,3,37.5,3,1,33.3,2,2,100,1,0,0,0
Bashkimi,"M. Armstead, I. Cousins, L. Zeqiri, T. Bickerstaff, I. Nwamu",3,475,17,6,13,46.2,3,6,50,2,7,28.6,2,3,5,3,0,0,3,5,16,74.8,82.8,66.7,29.0,36.0,57.7,52.9,50,25,100,13.6,53.8,46.2,103.7,21,8,11,72.7,2,4,50,3,4,75,0,6,6,4,0,0,1,4,13,81.8,82.3,7.3,0,36.4,159,-55.3,3,1,33.3,4,2,50,6,3,50,0,1,0,2,6,6,100,1,0,0,4,2,50,1,0,0,0
Bashkimi,"M. Armstead, I. Cousins, T. Bickerstaff, K. Anderson, V. Bunjaku",3,403,19,8,17,47.1,1,2,50,2,2,100,3,7,10,2,1,0,2,4,16,95.8,96.5,95.1,24.9,25.2,50,53.1,25,37.5,70,9.1,11.8,11.8,117.2,15,6,14,42.9,1,5,20,2,6,33.3,3,5,8,3,1,1,3,2,15,46.4,45.1,15.3,30,35.7,93.9,23.3,11,5,45.5,4,2,50,2,1,50,0,2,0,0,7,5,71.4,2,0,0,5,1,20,0,1,0,1
Bashkimi,"I. Cousins, M. Janjeva, L. Zeqiri, S. Shorter, I. Nwamu",1,537,19,6,14,42.9,1,4,25,6,7,85.7,2,7,9,5,3,1,2,4,16,74.1,73.3,74.8,32.8,32.1,46.4,55.6,83.3,25,53.8,8.3,50,28.6,115.9,13,6,18,33.3,1,7,14.3,0,1,0,6,6,12,1,1,3,5,4,16,36.1,35.2,21.3,46.2,38.9,77.6,38.2,7,4,57.1,3,1,33.3,4,1,25,1,1,0,0,10,5,50,1,0,0,7,1,14.3,2,1,0,1
Bashkimi,"J. Riley, D. Lake, M. Janjeva, V. Bunjaku, I. Nwamu",2,573,23,6,11,54.5,3,7,42.9,8,9,88.9,0,6,6,4,0,0,2,5,16,63.8,68.2,59.3,35.2,40.4,68.2,76.9,66.7,0,75,9.5,81.8,63.6,141.3,20,7,14,50,3,8,37.5,3,4,75,2,6,8,4,1,0,1,6,14,60.7,63.5,6,25,57.1,141.1,0.1,3,3,100,1,0,0,7,3,42.9,1,1,0,0,3,2,66.7,3,2,66.7,8,3,37.5,1,0,0,0
Bora,"A. Hunter, S. Jules, J. Dingle, J. Zeqiri, R. Memedi",1,505,21,7,17,41.2,5,13,38.5,2,2,100,5,6,11,7,1,2,4,1,16,68.9,77,60.8,31.2,39.5,55.9,58.7,100,50,100,13.9,11.8,76.5,129.6,11,4,9,44.4,1,3,33.3,2,3,66.7,0,5,5,1,1,0,3,3,12,50,53.3,22.5,0,33.3,86,43.6,2,1,50,2,1,50,13,5,38.5,1,0,1,2,4,2,50,2,1,50,3,1,33.3,2,0,1,0
Bora,"A. Hunter, L. Thomas, J. Zeqiri, T. Cheese, R. Ukaj",4,522,17,6,16,37.5,3,7,42.9,2,2,100,4,2,6,2,2,1,4,5,16,75.2,74.5,75.9,32.2,31.6,46.9,50.4,33.3,40,50,17.5,12.5,43.8,104.9,27,9,13,69.2,6,8,75,3,5,60,2,6,8,7,0,2,4,2,16,92.3,88.8,20.8,50,61.5,163.5,-58.6,6,2,33.3,3,1,33.3,7,3,42.9,0,1,0,2,5,3,60,0,0,0,8,6,75,1,1,0,1
Bora,"S. Jules, A. Mekic, A. Hot, J. Zeqiri, G. Singleton",2,585,16,6,17,35.3,1,4,25,3,5,60,5,6,11,4,1,1,3,3,16,63.6,67.7,59.4,35.4,40.4,38.2,41.7,66.7,38.5,75,11.5,29.4,23.5,96.9,18,5,13,38.5,3,7,42.9,5,7,71.4,2,8,10,6,1,2,1,4,14,50,56,5.9,25,53.8,124.3,-27.4,8,2,25,5,3,60,4,1,25,2,0,0,1,1,1,100,5,1,20,7,3,42.9,0,1,0,0
Golden Eagle Ylli,"A. Çallakaj, D. Sabeckis, B. Huffman, E. Kastrati, G. Morina",3,503,15,6,9,66.7,0,3,0,3,4,75,1,9,10,3,1,0,7,4,16,75.8,76.8,74.8,31.3,32.1,66.7,69.7,50,25,81.8,33.7,44.4,33.3,93.2,17,6,16,37.5,4,8,50,1,3,33.3,2,3,5,4,2,0,1,5,15,50,49.1,5.5,18.2,50,108.5,-15.3,5,5,100,1,1,100,3,0,0,2,3,1,1,4,2,50,4,0,0,8,4,50,0,1,0,0
Golden Eagle Ylli,"A. Çallakaj, D. Sabeckis, J. Reece, T. Allen, G. Morina",2,490,20,8,16,50,2,7,28.6,2,2,100,4,3,7,2,2,0,4,1,16,81.2,79.4,82.9,30.2,28.9,56.2,59.2,25,50,60,17.5,12.5,43.8,123.4,28,10,15,66.7,3,7,42.9,5,6,83.3,2,4,6,4,3,0,2,2,16,76.7,79.4,10.2,40,46.7,165.3,-41.9,4,4,100,5,2,40,7,2,28.6,4,0,0,0,6,5,83.3,1,1,100,7,3,42.9,2,0,0,0
Golden Eagle Ylli,"D. Sabeckis, B. Huffman, S. Bamforth, E. Kastrati, G. Morina",3,531,16,7,17,41.2,2,6,33.3,0,0,0,4,7,11,5,0,1,4,5,16,75.8,73.8,77.9,32.5,30.8,47.1,47.1,71.4,40,77.8,15.4,0,35.3,98,24,7,15,46.7,4,6,66.7,6,9,66.7,2,6,8,3,2,1,1,2,17,60,63.3,5,22.2,40,139.2,-41.2,7,4,57.1,4,1,25,6,2,33.3,3,1,0,0,7,3,42.9,2,0,0,6,4,66.7,0,0,0,1
Rahoveci 029,"K. Pullian, J. Roche, A. Berisha, F. Rugova, I. Umipig",2,559,15,6,18,33.3,3,8,37.5,0,0,0,4,7,11,2,2,0,3,5,16,71.1,70.1,72.2,34.3,33.2,41.7,41.7,33.3,33.3,58.3,13,0,44.4,91.9,15,6,16,37.5,1,5,20,2,8,25,5,8,13,1,0,1,3,3,16,40.6,38.4,13.3,41.7,31.2,89.2,2.7,9,3,33.3,1,0,0,8,3,37.5,0,1,0,1,11,5,45.5,0,0,0,5,1,20,2,1,0,0
Rahoveci 029,"A. Berisha, E. Haxhimurati, N. Mcloud, F. Rugova, I. Umipig",1,561,15,5,20,25,2,10,20,3,4,75,6,5,11,4,4,0,1,5,16,70.9,68.8,72.9,34.9,32.9,30,34.5,80,37.5,71.4,3.7,20,50,93.2,9,3,9,33.3,0,2,0,3,4,75,2,10,12,3,1,2,9,4,17,33.3,41.8,45.5,28.6,22.2,52.8,40.4,9,3,33.3,1,0,0,10,2,20,1,0,0,0,3,1,33.3,4,2,50,2,0,0,2,5,0,1
Sigal Prishtina,"A. Bailey, A. Lomax, D. Haxhosaj, D. Polloshka, E. Clarance",3,681,14,4,15,26.7,1,7,14.3,5,5,100,3,4,7,3,4,1,3,5,16,63.3,58.2,68.3,41.2,35.1,30,40.7,75,27.3,36.4,12.9,33.3,46.7,84.8,29,11,21,52.4,4,9,44.4,3,5,60,7,8,15,7,1,1,4,3,19,61.9,62.5,14.7,63.6,42.9,149.5,-64.8,6,3,50,2,0,0,7,1,14.3,1,1,0,1,11,6,54.5,1,1,100,9,4,44.4,3,1,0,0
Trepça,"C. Rusell, M. Amzil, J. Payne, D. Kapiti, B. Tuna",1,669,23,7,14,50,3,5,60,6,6,100,2,6,8,1,1,2,3,6,16,62.7,60.8,64.6,39.5,37.1,60.7,69.1,14.3,28.6,75,14.5,42.9,35.7,135.8,18,7,15,46.7,1,5,20,3,4,75,2,5,7,3,2,0,4,9,18,50,53.7,19.3,25,33.3,99.9,35.9,4,2,50,5,2,40,5,3,60,2,0,0,1,7,5,71.4,3,1,33.3,5,1,20,1,1,0,1
Trepça,"M. Amzil, D. Kapiti, A. Vining, S. Henry, B. Tuna",3,501,20,7,13,53.8,2,4,50,4,6,66.7,1,5,6,3,2,0,3,3,16,86.7,81.1,92.3,29.6,26.0,61.5,63.9,42.9,16.7,45.5,13.9,46.2,30.8,118.1,23,7,19,36.8,3,7,42.9,6,7,85.7,6,5,11,4,0,1,4,6,19,44.7,52.1,15.3,54.5,36.8,119.3,-1.2,7,4,57.1,2,1,50,4,2,50,0,3,0,0,12,4,33.3,0,0,0,7,3,42.9,3,1,0,0
Vëllaznimi,"Z. Reid, Y. Anei, A. Koshi, D. Wilson, R. Dahsyla",5,539,16,5,13,38.5,1,6,16.7,5,7,71.4,1,9,10,6,1,0,2,6,16,70.9,73,68.7,32.9,34.9,42.3,49.8,120,11.1,69.2,8.3,53.8,46.2,97.6,15,5,15,33.3,2,9,22.2,3,7,42.9,4,8,12,1,0,1,2,8,15,40,41.5,10,30.8,60,97.2,0.4,4,3,75,3,1,33.3,6,1,16.7,0,2,0,0,4,1,25,2,2,100,9,2,22.2,1,1,0,0
Vëllaznimi,"Y. Anei, A. Rushiti, D. Wilson, R. Dahsyla, J. Hellems",4,560,19,6,13,46.2,2,3,66.7,5,6,83.3,1,2,3,2,4,3,3,6,16,74.2,72.6,75.9,33.1,31.6,53.8,60.7,33.3,12.5,18.2,14.5,46.2,23.1,112.2,17,7,18,38.9,2,7,28.6,1,1,100,9,7,16,5,2,0,9,7,17,44.4,46.1,32.8,81.8,38.9,96,16.2,4,2,50,6,2,33.3,3,2,66.7,2,1,0,0,9,4,44.4,2,1,50,7,2,28.6,5,2,0,1
Bora,"A. Hunter, L. Thomas, A. Hot, T. Cheese, R. Memedi",3,454,17,5,10,50,2,4,50,5,6,83.3,2,4,6,3,1,3,5,2,15,80,79.4,80.6,30.2,29.8,60,67.2,60,33.3,66.7,24.2,60,40,113.2,13,5,12,41.7,2,3,66.7,1,2,50,2,4,6,4,3,1,5,10,15,50,50.5,28,33.3,25,85.3,27.9,5,3,60,1,0,0,4,2,50,1,3,0,1,4,3,75,5,0,0,3,2,66.7,3,0,2,0
Bora,"S. Jules, A. Hot, J. Zeqiri, T. Cheese, G. Singleton",2,485,20,8,14,57.1,1,4,25,3,3,100,3,5,8,4,1,1,4,8,15,69.8,77.5,62.1,31.0,38.6,60.7,65.3,50,50,62.5,17.2,21.4,28.6,127.7,14,5,12,41.7,0,3,0,4,7,57.1,3,3,6,2,2,0,1,4,12,41.7,46.4,6.2,37.5,25,111.5,16.2,7,5,71.4,3,2,66.7,4,1,25,3,0,1,0,5,3,60,4,2,50,3,0,0,1,0,0,0
GO+Peja,"S. Flatten, J. Johnson, D. Berisha, M. Mala, C. Edwards",5,520,11,5,14,35.7,1,6,16.7,0,0,0,1,3,4,3,0,1,3,8,15,75.1,70.9,79.2,33.9,30.3,39.3,39.3,60,11.1,60,15,0,42.9,71.6,32,13,18,72.2,4,7,57.1,2,2,100,2,8,10,3,3,0,1,3,17,83.3,84.7,5,40,38.9,186.4,-114.8,8,4,50,0,0,0,6,1,16.7,2,1,0,0,8,7,87.5,3,2,66.7,7,4,57.1,0,1,0,0
GO+Peja,"S. Flatten, J. Johnson, M. Armstead, M. Mala, T. Green",2,584,20,8,16,50,2,5,40,2,3,66.7,2,9,11,3,1,1,1,4,15,69.4,64.4,74.5,37.3,32.2,56.2,57.7,37.5,22.2,47.4,4.7,18.8,31.2,127.7,15,7,25,28,1,10,10,0,2,0,10,7,17,2,1,2,3,6,18,30,29,10.4,52.6,40,82.8,44.9,9,5,55.6,2,1,50,5,2,40,1,0,0,0,10,5,50,5,1,20,10,1,10,1,0,0,1
GO+Peja,"F. Shoshaj, L. Routt, M. Mala, T. Green, C. Edwards",1,542,18,8,15,53.3,0,1,0,2,2,100,3,8,11,5,4,0,3,3,15,69.6,67.5,71.8,35.6,33.4,53.3,56.7,62.5,42.9,88.9,12.6,13.3,6.7,118.1,11,4,13,30.8,1,3,33.3,2,2,100,1,4,5,2,1,0,4,4,16,34.6,39.6,22.4,11.1,23.1,67.9,50.2,10,8,80,4,0,0,1,0,0,2,0,0,1,3,2,66.7,7,1,14.3,3,1,33.3,3,1,0,0
Golden Eagle Ylli,"J. Gray, L. Shoshi, S. Bamforth, E. Kastrati, D. Thomas",2,522,21,6,15,40,4,7,57.1,5,6,83.3,3,5,8,6,5,0,1,7,15,64.9,69,60.7,34.8,39.5,53.3,59.5,100,33.3,83.3,4.1,40,46.7,139.9,6,2,7,28.6,0,4,0,2,4,50,1,6,7,1,0,1,6,5,13,28.6,34.2,40.7,16.7,57.1,45.4,94.4,6,1,16.7,2,1,50,7,4,57.1,0,1,0,0,1,1,100,2,1,50,4,0,0,2,4,0,0
Golden Eagle Ylli,"L. Shoshi, D. Sabeckis, S. Bamforth, T. Allen, G. Morina",2,465,27,9,15,60,4,5,80,5,6,83.3,3,4,7,4,0,1,1,3,15,72.8,77.5,68.2,31.0,35.2,73.3,76.5,44.4,50,44.4,4.4,40,33.3,179.8,17,6,15,40,1,8,12.5,4,4,100,5,3,8,2,1,0,2,4,13,43.3,50.7,10.7,55.6,53.3,128.7,51.1,5,3,60,5,2,40,5,4,80,1,0,0,0,5,3,60,2,2,100,8,1,12.5,0,1,0,1
Peja,"S. Flatten, J. Johnson, M. Mala, T. Green, A. Hajdari",1,445,14,4,10,40,2,4,50,4,4,100,1,4,5,2,0,0,5,5,15,78.7,81.6,75.8,29.4,31.7,50,59.5,50,16.7,50,26.7,40,40,92.5,25,9,16,56.2,3,6,50,4,6,66.7,4,5,9,5,2,0,0,3,14,65.6,67.1,0,50,37.5,177.9,-85.3,1,1,100,5,1,20,4,2,50,2,0,1,1,7,4,57.1,2,1,50,6,3,50,0,0,0,0
Rahoveci 029,"J. Johnson, K. Pullian, V. Ejupi, F. Rugova, I. Umipig",3,503,14,5,11,45.5,2,6,33.3,2,3,66.7,1,2,3,2,0,0,5,4,15,72.7,74.8,70.7,32.1,33.9,54.5,56.8,40,20,40,25.9,27.3,54.5,89.4,22,10,14,71.4,2,4,50,0,1,0,3,4,7,5,3,0,4,5,14,78.6,76.2,21.7,60,28.6,148.4,-59.1,4,3,75,1,0,0,6,2,33.3,2,1,2,0,8,6,75,2,2,100,4,2,50,2,1,0,1
Rahoveci 029,"J. Johnson, V. Ejupi, E. Haxhimurati, F. Rugova, I. Umipig",3,475,14,6,14,42.9,0,3,0,2,3,66.7,4,5,9,3,3,0,5,3,15,77,79.2,74.9,30.3,32.0,42.9,45.7,50,44.4,62.5,21.4,21.4,21.4,89.4,15,7,15,46.7,0,3,0,1,1,100,3,5,8,3,2,0,3,4,14,46.7,48.6,16.3,37.5,20,101.2,-11.8,7,4,57.1,3,2,66.7,3,0,0,2,2,0,1,8,5,62.5,4,2,50,3,0,0,1,2,0,0
Rahoveci 029,"K. Pullian, H. Durguti, K. Ujkani, F. Rugova, I. Umipig",1,452,16,6,12,50,2,5,40,2,6,33.3,1,5,6,3,4,0,2,3,15,77.5,79.7,75.2,30.1,31.9,58.3,54.6,50,12.5,55.6,10.2,50,41.7,106.6,8,2,12,16.7,1,4,25,3,4,75,4,7,11,3,1,0,5,4,14,20.8,29.1,26.7,44.4,33.3,56.5,50.1,6,4,66.7,1,0,0,5,2,40,0,2,0,0,4,1,25,3,0,0,4,1,25,3,2,0,0
Rahoveci 029,"K. Pullian, V. Ejupi, J. Roche, F. Rugova, I. Umipig",3,487,11,3,16,18.8,0,7,0,5,6,83.3,5,6,11,2,0,0,2,2,15,73.2,74,72.5,32.4,33.1,18.8,29.5,66.7,35.7,85.7,8.8,37.5,43.8,73.3,20,9,15,60,1,5,20,1,3,33.3,1,9,10,6,2,3,0,7,14,63.3,61.3,0,14.3,33.3,136,-62.7,8,3,37.5,1,0,0,7,0,0,1,1,0,0,6,5,83.3,4,3,75,5,1,20,0,0,0,0
Rahoveci 029,"K. Pullian, B. Rexha, N. Mcloud, F. Rugova, A. Thomas",4,445,11,4,12,33.3,1,9,11.1,2,4,50,1,4,5,3,1,0,3,5,15,82.1,81.6,82.6,29.4,29.0,37.5,40,75,12.5,66.7,15.2,33.3,75,72.7,23,7,12,58.3,3,6,50,6,9,66.7,2,7,9,5,1,0,2,1,15,70.8,72.1,11.1,33.3,50,150.1,-77.4,3,3,100,0,0,0,9,1,11.1,1,0,0,1,4,3,75,2,1,50,6,3,50,0,2,0,0
Sigal Prishtina,"A. Bailey, A. Lomax, D. Haxhosaj, D. Burns, D. Polloshka",2,498,19,6,12,50,2,6,33.3,5,7,71.4,1,2,3,2,2,0,2,7,15,69.3,74.4,64.2,32.3,37.4,58.3,63,33.3,14.3,66.7,10.5,58.3,50,123.1,19,7,10,70,3,6,50,2,2,100,1,6,7,6,1,0,4,4,13,85,87.3,26.9,33.3,60,142.6,-19.5,4,2,50,2,2,100,6,2,33.3,1,1,0,0,4,4,100,0,0,0,6,3,50,4,0,0,0
Sigal Prishtina,"A. Bailey, A. Lomax, A. Sinani, A. Morina, E. Clarance",2,312,19,4,14,28.6,2,6,33.3,9,11,81.8,4,2,6,0,4,0,1,7,15,110.8,117,104.6,20.5,23.0,35.7,50.4,0,44.4,40,5,78.6,42.9,124.9,13,2,5,40,1,1,100,8,14,57.1,3,5,8,1,1,2,6,8,13,50,58.2,35,60,20,95.6,29.3,7,2,28.6,1,0,0,6,2,33.3,1,0,0,0,2,1,50,2,0,0,1,1,100,4,0,0,1
Sigal Prishtina,"A. Bailey, A. Lomax, D. Burns, D. Polloshka, V. Kakruki",2,611,11,3,14,21.4,2,7,28.6,3,3,100,3,7,10,2,0,0,4,5,15,65.5,61.5,69.4,39.0,34.6,28.6,35.9,66.7,27.3,70,18.8,21.4,50,70.2,18,5,14,35.7,1,8,12.5,7,10,70,3,8,11,5,3,0,3,5,17,39.3,48.9,14,30,57.1,101.9,-31.7,1,0,0,6,1,16.7,7,2,28.6,1,2,0,1,4,2,50,2,2,100,8,1,12.5,1,0,0,1
Sigal Prishtina,"A. Bailey, D. Haxhosaj, D. Burns, D. Polloshka, T. Vissariou",3,438,17,6,12,50,3,6,50,2,6,33.3,0,5,5,2,1,0,1,6,15,90.2,82.3,98.1,29.2,24.5,62.5,58.1,33.3,0,83.3,5.7,50,50,113.2,17,6,13,46.2,1,5,20,4,6,66.7,1,8,9,3,1,2,4,3,17,50,54.3,20.4,16.7,38.5,95,18.2,5,3,60,1,0,0,6,3,50,1,0,0,0,4,4,100,4,1,25,5,1,20,0,1,0,2
Sigal Prishtina,"A. Bailey, D. Haxhosaj, D. Burns, D. Polloshka, E. Clarance",2,578,18,7,13,53.8,2,4,50,2,2,100,0,5,5,4,3,0,2,4,15,68.4,63.3,73.5,37.9,32.7,61.5,64.8,57.1,0,50,10.1,15.4,30.8,118.1,18,9,18,50,0,5,0,0,1,0,5,6,11,8,2,0,5,6,17,50,48.8,21.3,50,27.8,101.7,16.4,4,4,100,5,1,20,4,2,50,2,0,0,0,11,8,72.7,2,1,50,5,0,0,2,1,0,1
Sigal Prishtina,"A. Bailey, G. Hoti, D. Burns, K. Kramer, D. Polloshka",3,548,13,4,13,30.8,1,7,14.3,4,6,66.7,2,3,5,3,1,1,2,4,15,64.2,65.8,62.6,36.5,38.4,34.6,41.6,75,18.2,27.3,9.7,46.2,53.8,86.6,24,10,21,47.6,3,8,37.5,1,2,50,8,9,17,5,1,0,1,5,14,54.8,54.8,4.4,72.7,38.1,168,-81.4,3,1,33.3,3,2,66.7,7,1,14.3,1,1,0,0,12,7,58.3,1,0,0,8,3,37.5,1,0,0,0
Trepça,"M. Tmusic, D. Hajrizi, S. Jones, J. Payne, K. Hasbrouck",4,600,20,6,13,46.2,2,5,40,6,6,100,1,8,9,4,0,0,2,5,15,64.1,63.9,64.4,37.6,37.3,53.8,63.9,66.7,14.3,53.3,9.2,46.2,38.5,125.2,20,7,22,31.8,3,10,30,3,4,75,7,6,13,5,2,0,0,6,16,38.6,42.1,0,46.7,45.5,124.3,0.9,4,2,50,4,2,50,5,2,40,2,0,0,0,10,4,40,2,0,0,10,3,30,0,0,0,0
Trepça,"M. Tmusic, D. Hajrizi, C. Brown, M. Amzil, A. Vining",2,610,21,8,19,42.1,2,5,40,3,4,75,6,7,13,4,1,0,1,4,15,59.5,59.5,59.5,40.3,40.3,47.4,50.6,50,54.5,87.5,3.9,21.1,26.3,138.8,15,6,13,46.2,1,8,12.5,2,4,50,1,5,6,3,0,1,2,3,15,50,50.8,11.9,12.5,61.5,99.1,39.7,13,6,46.2,1,0,0,5,2,40,1,0,0,0,3,3,100,2,2,100,8,1,12.5,1,0,1,0
Trepça,"M. Tmusic, C. Rusell, S. Jones, C. Brown, J. Payne",1,522,21,6,10,60,3,4,75,6,9,66.7,1,5,6,5,0,0,3,7,15,72.7,70.4,74.9,34.1,32.1,75,75.2,83.3,20,62.5,13.7,90,40,137.1,27,8,16,50,3,5,60,8,9,88.9,3,4,7,7,2,1,0,5,16,59.4,67.6,0,37.5,31.2,165.8,-28.8,5,2,40,1,1,100,4,3,75,2,1,0,0,9,4,44.4,2,1,50,5,3,60,0,0,0,0
Vëllaznimi,"Z. Reid, Y. Anei, S. Zekiqi, D. Wilson, R. Dahsyla",4,643,24,6,13,46.2,2,4,50,10,15,66.7,3,5,8,4,1,2,0,7,15,67.7,59.5,76,40.3,31.6,53.8,61.2,66.7,30,71.4,0,115.4,30.8,150.6,25,10,18,55.6,2,3,66.7,3,5,60,2,7,9,8,0,0,3,7,20,61.1,61.9,12.9,28.6,16.7,122.8,27.8,7,4,57.1,2,0,0,4,2,50,0,0,0,0,13,8,61.5,2,0,0,3,2,66.7,1,1,1,0
Vëllaznimi,"Y. Anei, S. Zekiqi, R. Dahsyla, T. Todd, J. Hellems",2,505,13,6,14,42.9,1,4,25,0,0,0,1,10,11,1,2,2,3,3,15,72.2,73,71.4,32.9,33.6,46.4,46.4,16.7,12.5,83.3,16.7,0,28.6,84.6,9,3,13,23.1,1,6,16.7,2,6,33.3,2,7,9,2,0,1,2,7,15,26.9,28.8,11.3,16.7,46.2,59.9,24.7,7,4,57.1,3,1,33.3,4,1,25,0,3,0,0,6,2,33.3,1,0,0,6,1,16.7,1,1,0,0
Bashkimi,"I. Cousins, D. Lake, M. Janjeva, L. Zeqiri, K. Anderson",3,517,15,7,15,46.7,1,4,25,0,0,0,3,4,7,2,4,0,3,6,14,69.5,66.8,72.2,35.9,33.2,50,50,28.6,37.5,80,15,0,26.7,104.2,11,3,7,42.9,1,3,33.3,4,5,80,1,5,6,3,1,0,8,5,15,50,59.8,46.5,20,42.9,70.7,33.4,6,3,50,5,3,60,4,1,25,1,2,0,0,3,2,66.7,1,0,0,3,1,33.3,5,1,0,1
Bashkimi,"I. Cousins, M. Janjeva, T. Bickerstaff, K. Anderson, V. Bunjaku",2,346,15,7,14,50,0,3,0,1,2,50,1,5,6,2,2,1,1,3,14,95.4,99.1,91.6,24.2,26.2,50,50.4,28.6,14.3,71.4,5.6,14.3,21.4,105,17,6,12,50,2,5,40,3,4,75,2,6,8,3,1,0,2,1,13,58.3,61.8,12.7,28.6,41.7,128.7,-23.7,6,3,50,5,4,80,3,0,0,0,1,0,0,6,4,66.7,1,0,0,5,2,40,1,1,0,0
Bora,"A. Hunter, A. Mekic, A. Hot, J. Zeqiri, T. Cheese",5,477,19,7,14,50,1,4,25,4,7,57.1,2,5,7,2,1,0,0,4,14,71.5,72.8,70.1,32.9,34.2,53.6,55.6,28.6,28.6,83.3,0,50,28.6,131.2,16,5,10,50,2,5,40,4,8,50,1,5,6,2,0,2,2,7,13,60,59.2,12.9,16.7,50,114.8,16.5,8,6,75,2,0,0,4,1,25,0,0,0,0,4,3,75,1,0,0,5,2,40,1,1,0,0
GO+Peja,"S. Flatten, D. Berisha, M. Armstead, T. Green, C. Edwards",2,423,15,4,8,50,1,3,33.3,6,9,66.7,1,4,5,4,1,1,4,3,14,80.6,81.5,79.7,29.5,30.1,56.2,62.7,100,25,57.1,20,112.5,37.5,104.4,17,5,12,41.7,1,4,25,6,6,100,3,3,6,3,2,1,3,5,14,45.8,58.1,17,42.9,33.3,121,-16.5,3,2,66.7,2,1,50,3,1,33.3,1,1,0,1,7,3,42.9,1,1,100,4,1,25,0,3,0,0
GO+Peja,"S. Flatten, D. Berisha, M. Mala, T. Green, C. Edwards",3,542,19,7,14,50,2,7,28.6,3,4,75,3,4,7,5,0,0,2,3,14,63.7,62.7,64.6,38.3,37.1,57.1,60.3,71.4,37.5,50,8.8,28.6,50,134.1,16,5,14,35.7,1,6,16.7,5,5,100,4,5,9,3,2,0,3,3,14,39.3,49.4,15.6,50,42.9,109.6,24.4,6,5,83.3,1,0,0,7,2,28.6,0,2,0,0,5,3,60,3,1,33.3,6,1,16.7,0,2,1,0
GO+Peja,"S. Flatten, M. Mala, C. Edwards, O. Williams, A. Hajdari",1,438,16,5,14,35.7,0,6,0,6,7,85.7,3,4,7,3,2,1,1,1,14,86.4,79.3,93.4,30.3,25.7,35.7,46.8,60,33.3,57.1,4.7,50,42.9,110.5,23,10,17,58.8,2,3,66.7,1,4,25,3,6,9,6,0,1,2,7,17,64.7,61.3,9.6,42.9,17.6,134.9,-24.4,4,3,75,4,2,50,6,0,0,0,0,0,1,9,7,77.8,4,1,25,3,2,66.7,2,0,0,0
Golden Eagle Ylli,"J. Gray, D. Sabeckis, E. Kastrati, T. Smith, G. Morina",2,541,8,4,15,26.7,0,4,0,0,0,0,4,6,10,3,1,0,4,1,14,65.8,63.9,67.6,37.6,35.5,26.7,26.7,75,36.4,75,18.2,0,26.7,55.6,16,7,15,46.7,1,8,12.5,1,2,50,2,7,9,4,2,1,2,3,15,50,50.4,11.2,25,53.3,105,-49.4,9,4,44.4,2,0,0,4,0,0,2,2,0,0,6,6,100,1,0,0,8,1,12.5,1,0,0,1
Golden Eagle Ylli,"L. Shoshi, L. Thomas, T. Allen, E. Kastrati, G. Morina",2,486,22,9,15,60,3,5,60,1,1,100,3,9,12,5,1,0,3,2,14,69.2,73.2,65.2,32.8,36.8,70,71.2,55.6,50,75,12.8,6.7,33.3,148.4,8,4,14,28.6,0,8,0,0,4,0,3,3,6,1,0,0,1,4,13,28.6,25.4,6,25,57.1,60.6,87.9,5,4,80,5,2,40,5,3,60,2,0,0,1,4,2,50,2,2,100,8,0,0,1,0,0,0
Rahoveci 029,"K. Pullian, V. Ejupi, K. Ujkani, J. Mccorrmick, A. Thomas",1,403,9,3,13,23.1,1,6,16.7,2,6,33.3,3,4,7,1,2,2,2,3,14,86.2,83.7,88.7,28.7,27.0,26.9,28.8,33.3,27.3,57.1,10.7,46.2,46.2,64,16,4,10,40,1,4,25,7,8,87.5,3,8,11,3,1,1,5,3,14,45,59.2,27,42.9,40,107.4,-43.4,3,1,33.3,4,1,25,6,1,16.7,0,2,0,0,5,2,40,1,1,100,4,1,25,2,3,0,0
Rahoveci 029,"E. Haxhimurati, B. Rexha, N. Mcloud, F. Rugova, I. Umipig",2,425,19,7,12,58.3,3,5,60,2,2,100,1,2,3,6,2,1,3,5,14,71,80.7,61.4,29.8,39.1,70.8,73.8,85.7,25,40,13.7,16.7,41.7,133,17,6,10,60,3,5,60,2,3,66.7,3,3,6,3,1,0,3,2,10,75,75.1,20.9,60,50,156.4,-23.4,2,2,100,5,2,40,5,3,60,0,1,0,1,4,3,75,1,0,0,5,3,60,2,1,0,0
Sigal Prishtina,"A. Bailey, A. Azemi, D. Haxhosaj, K. Kramer, A. Morina",1,474,16,6,14,42.9,2,6,33.3,2,4,50,1,4,5,4,3,0,0,4,14,75.8,71.7,79.9,33.5,30.0,50,50.8,66.7,11.1,66.7,0,28.6,42.9,112.9,18,8,14,57.1,1,5,20,1,1,100,2,8,10,5,0,2,4,4,15,60.7,62.3,21.7,33.3,35.7,114.1,-1.1,7,3,42.9,1,1,100,6,2,33.3,0,0,0,0,8,7,87.5,1,0,0,5,1,20,2,2,0,0
Sigal Prishtina,"A. Bailey, A. Lomax, A. Sinani, K. Kramer, A. Morina",2,527,6,3,14,21.4,0,2,0,0,2,0,3,9,12,2,0,0,3,5,14,62.9,65.1,60.7,36.9,39.6,21.4,20.2,66.7,25,69.2,15.1,14.3,14.3,42,7,3,16,18.8,0,8,0,1,2,50,4,9,13,1,1,0,1,4,13,18.8,20.7,5.6,30.8,50,52.5,-10.5,7,3,42.9,5,0,0,2,0,0,1,2,0,0,4,1,25,4,2,50,8,0,0,0,0,0,1
Sigal Prishtina,"A. Bailey, D. Haxhosaj, D. Burns, J. Ismajli, E. Clarance",2,410,19,7,12,58.3,2,4,50,3,4,75,2,5,7,1,0,0,3,4,14,80.1,82.9,77.3,28.9,31.0,66.7,69,14.3,33.3,62.5,16.9,33.3,33.3,134.1,14,5,13,38.5,1,6,16.7,3,4,75,3,4,7,4,0,0,2,5,13,42.3,47.4,11.9,37.5,46.2,106,28.1,4,3,75,4,2,50,4,2,50,1,2,0,0,4,3,75,3,1,33.3,6,1,16.7,0,0,2,0
Sigal Prishtina,"A. Bailey, D. Haxhosaj, D. Burns, K. Kramer, D. Polloshka",1,557,17,7,15,46.7,3,9,33.3,0,0,0,3,6,9,3,0,1,3,3,14,66.6,62,71.1,38.7,33.7,56.7,56.7,42.9,37.5,60,14.3,0,60,118.1,11,3,13,23.1,1,4,25,4,5,80,4,5,9,4,1,1,6,4,16,26.9,36.2,28.3,40,30.8,66.6,51.4,4,3,75,2,1,50,9,3,33.3,1,2,0,0,6,2,33.3,3,0,0,4,1,25,0,0,0,4
Sigal Prishtina,"A. Lomax, D. Haxhosaj, D. Burns, D. Williams, A. Morina",2,422,12,4,9,44.4,0,3,0,4,5,80,1,2,3,3,3,0,5,3,14,80.6,83,78.2,28.9,30.7,44.4,53.6,75,20,66.7,26,55.6,33.3,82.2,19,7,10,70,2,3,66.7,3,3,100,1,4,5,4,2,0,4,4,13,80,83.9,26.1,33.3,30,138.2,-56,4,3,75,2,1,50,3,0,0,3,2,0,0,6,5,83.3,1,0,0,3,2,66.7,2,2,0,0
Trepça,"M. Tmusic, M. Amzil, J. Payne, S. Henry, B. Tuna",1,522,26,10,13,76.9,5,6,83.3,1,4,25,1,6,7,6,1,0,1,3,14,64.2,65.1,63.2,36.8,38.0,96.2,88.1,60,25,85.7,4.6,30.8,46.2,183.5,16,5,12,41.7,3,7,42.9,3,3,100,1,3,4,2,0,0,2,3,13,54.2,60.1,13.1,14.3,58.3,116.4,67.1,4,3,75,3,2,66.7,6,5,83.3,1,0,0,0,1,0,0,4,2,50,7,3,42.9,1,0,1,0
Trepça,"D. Hajrizi, M. Amzil, J. Payne, D. Kapiti, A. Vining",3,423,14,5,11,45.5,1,4,25,3,6,50,1,2,3,3,1,0,2,3,14,82.8,79.7,85.8,30.1,28.0,50,51.3,60,14.3,40,10.7,54.5,36.4,99.6,15,6,10,60,0,1,0,3,4,75,3,6,9,4,0,0,7,5,15,60,63.8,37.3,60,10,99.1,0.5,3,1,33.3,4,3,75,4,1,25,0,0,0,1,5,4,80,4,2,50,1,0,0,1,2,0,3
Vëllaznimi,"Z. Reid, Y. Anei, A. Koshi, A. Gordon, T. Todd",3,514,18,7,15,46.7,0,2,0,4,4,100,2,6,8,1,0,1,0,8,14,64.2,66.2,62.2,36.3,38.6,46.7,53.7,14.3,25,60,0,26.7,13.3,127,19,7,17,41.2,3,8,37.5,2,2,100,4,6,10,5,0,2,0,7,13,50,53.1,0,40,47.1,142.6,-15.6,6,3,50,7,4,57.1,2,0,0,0,0,0,0,7,4,57.1,2,0,0,8,3,37.5,0,0,0,0
Vëllaznimi,"Z. Reid, Y. Anei, S. Zekiqi, R. Dahsyla, J. Hellems",3,465,21,7,8,87.5,1,1,100,6,10,60,1,6,7,6,1,0,4,8,14,78.6,76.3,80.9,31.5,29.7,93.8,84.7,85.7,50,75,17.9,125,12.5,142,15,5,13,38.5,2,6,33.3,3,3,100,2,1,3,3,4,0,4,3,15,46.2,52.4,21.8,25,46.2,95.7,46.3,7,6,85.7,0,0,0,1,1,100,1,3,0,0,5,3,60,2,0,0,6,2,33.3,1,0,0,3
Vëllaznimi,"Z. Reid, A. Koshi, S. Zekiqi, A. Gordon, J. Hellems",3,499,23,7,11,63.6,4,5,80,5,6,83.3,0,4,4,5,2,0,1,5,14,72.2,67.6,76.8,35.5,31.2,81.8,84.3,71.4,0,66.7,5.1,54.5,45.5,163.6,25,8,14,57.1,5,10,50,4,6,66.7,2,5,7,6,0,1,2,5,15,75,75.1,10.7,33.3,71.4,156.5,7.1,4,2,50,2,1,50,5,4,80,0,0,0,1,1,1,100,3,2,66.7,10,5,50,1,1,0,0
Bashkimi,"M. Armstead, K. Wooten, D. Lake, J. Baily, K. Anderson",1,416,19,7,11,63.6,3,5,60,2,2,100,1,5,6,4,3,2,3,5,13,72.6,76.9,68.2,31.2,35.2,77.3,80,57.1,25,71.4,15.9,18.2,45.5,142.6,9,3,10,30,0,2,0,3,3,100,2,3,5,3,2,1,3,3,11,30,39.8,20.9,28.6,20,76.1,66.5,3,2,66.7,3,2,66.7,5,3,60,2,1,0,0,7,3,42.9,1,0,0,2,0,0,2,1,0,0
Bashkimi,"M. Armstead, I. Cousins, D. Lake, L. Zeqiri, I. Nwamu",4,444,8,3,11,27.3,0,4,0,2,4,50,1,6,7,1,3,0,2,5,13,74.6,71.4,77.8,33.6,30.8,27.3,31.3,33.3,11.1,100,12.7,36.4,36.4,60.6,6,3,9,33.3,0,3,0,0,0,0,0,8,8,0,0,0,6,5,14,33.3,33.3,40,0,33.3,41.7,18.9,3,2,66.7,4,1,25,4,0,0,0,1,0,1,0,0,0,6,3,50,3,0,0,1,2,1,1
Bashkimi,"M. Armstead, T. Bickerstaff, J. Baily, K. Anderson, V. Bunjaku",4,534,16,6,14,42.9,0,1,0,4,5,80,2,6,8,2,2,0,0,6,13,66.3,61.3,71.3,39.2,33.7,42.9,49.4,33.3,25,85.7,0,35.7,7.1,117.4,19,7,12,58.3,2,5,40,3,8,37.5,1,6,7,4,0,0,2,6,15,66.7,61.2,11.4,14.3,41.7,119.8,-2.4,7,5,71.4,6,1,16.7,1,0,0,0,0,0,0,4,3,75,3,2,66.7,5,2,40,2,0,0,0
Bashkimi,"K. Wooten, J. Riley, L. Zeqiri, V. Bunjaku, S. Shorter",1,372,15,4,6,66.7,0,1,0,7,7,100,1,7,8,2,1,1,6,0,13,95.9,87.2,104.5,27.5,23.0,66.7,82.6,50,50,58.3,35.1,116.7,16.7,111,9,4,16,25,1,8,12.5,0,2,0,5,1,6,0,3,1,5,4,16,28.1,26.7,22.9,41.7,50,55.5,55.4,3,2,66.7,2,2,100,1,0,0,2,4,0,0,3,2,66.7,5,1,20,8,1,12.5,0,3,0,1
Bora,"O. Kurtaj, S. Jules, A. Mekic, J. Zeqiri, G. Singleton",4,520,14,6,11,54.5,0,3,0,2,2,100,2,4,6,5,1,0,4,3,13,65.4,61.5,69.3,39.0,34.6,54.5,58.9,83.3,40,50,19.2,18.2,27.3,105.1,17,6,14,42.9,0,4,0,5,6,83.3,4,3,7,4,3,1,3,1,15,42.9,51.1,15.3,50,28.6,113.2,-8.2,6,5,83.3,2,1,50,3,0,0,2,2,0,0,6,5,83.3,4,1,25,4,0,0,1,1,0,1
GO+Peja,"S. Llapi, F. Shoshaj, L. Routt, T. Green, O. Williams",3,410,10,3,10,30,1,3,33.3,3,4,75,2,4,6,3,3,2,4,4,13,77,77.3,76.7,31.0,31.3,35,42.5,100,25,50,21.3,40,30,75.7,11,4,11,36.4,1,3,33.3,2,6,33.3,4,6,10,1,1,0,4,2,13,40.9,40.3,22.7,50,27.3,84,-8.3,6,2,33.3,1,0,0,3,1,33.3,1,3,0,0,7,3,42.9,1,0,0,3,1,33.3,1,2,0,1
GO+Peja,"S. Flatten, J. Johnson, M. Armstead, A. Herndon, M. Mala",3,449,17,4,11,36.4,3,6,50,6,8,75,1,9,10,6,0,1,1,3,13,78.3,74.5,82.1,32.2,29.2,50,58.5,150,14.3,81.8,4.6,72.7,54.5,122,13,6,17,35.3,1,8,12.5,0,0,0,2,6,8,2,1,0,1,5,15,38.2,38.2,5.6,18.2,47.1,84.6,37.3,3,1,33.3,2,0,0,6,3,50,1,0,0,0,6,3,50,3,2,66.7,8,1,12.5,0,0,1,0
GO+Peja,"J. Johnson, D. Berisha, T. Green, C. Edwards, A. Hajdari",4,349,18,8,17,47.1,0,2,0,2,3,66.7,5,8,13,1,0,0,1,1,13,96.4,94.5,98.2,25.4,24.4,47.1,49.1,12.5,50,88.9,4.9,17.6,11.8,130.9,12,4,13,30.8,2,8,25,2,2,100,1,5,6,2,1,1,2,3,14,38.5,43.2,12.6,11.1,61.5,84,46.9,12,7,58.3,3,1,33.3,2,0,0,1,0,0,0,3,2,66.7,2,0,0,8,2,25,0,0,0,1
GO+Peja,"F. Shoshaj, L. Routt, T. Green, O. Williams, A. Hajdari",2,402,23,8,12,66.7,3,5,60,4,5,80,2,6,8,7,0,1,2,3,13,77.9,81.4,74.5,29.5,32.2,79.2,81,87.5,50,75,8.6,41.7,41.7,168.7,14,7,15,46.7,0,5,0,0,0,0,2,2,4,2,2,0,0,3,12,46.7,46.7,0,25,33.3,112.2,56.5,7,5,71.4,0,0,0,5,3,60,2,0,0,0,7,6,85.7,3,1,33.3,5,0,0,0,0,0,0
Golden Eagle Ylli,"L. Shoshi, A. Çallakaj, D. Sabeckis, S. Bamforth, G. Morina",3,410,13,5,10,50,1,2,50,2,2,100,1,2,3,2,0,0,4,2,13,77.3,78,76.7,30.8,31.3,55,59.7,40,20,50,23.7,20,20,97.6,12,3,7,42.9,0,4,0,6,6,100,2,4,6,1,3,0,6,5,13,42.9,62.2,38.4,50,57.1,91.6,5.9,3,2,66.7,5,2,40,2,1,50,0,4,0,0,3,3,100,0,0,0,4,0,0,2,1,0,2
Golden Eagle Ylli,"L. Shoshi, D. Sabeckis, S. Bamforth, E. Kastrati, A. Gashi",2,499,15,6,11,54.5,1,6,16.7,2,3,66.7,0,8,8,5,0,0,2,5,13,68.1,66.1,70,36.3,34.3,59.1,60.9,83.3,0,80,10.4,27.3,54.5,109.1,16,1,11,9.1,1,6,16.7,13,14,92.9,2,6,8,1,1,0,0,5,14,13.6,46.6,0,20,54.5,109.9,-0.8,4,4,100,1,1,100,6,1,16.7,1,1,0,0,5,0,0,0,0,0,6,1,16.7,0,0,0,0
Golden Eagle Ylli,"A. Çallakaj, B. Huffman, L. Thomas, T. Allen, E. Kastrati",2,432,13,5,11,45.5,1,4,25,2,2,100,2,5,7,4,4,1,4,3,13,72.9,74,71.7,32.4,33.5,50,54.7,80,33.3,71.4,20.1,18.2,36.4,97.6,8,3,10,30,1,5,20,1,1,100,2,4,6,1,2,0,5,3,12,35,38.3,32.4,28.6,50,62,35.6,5,3,60,2,1,50,4,1,25,1,2,1,0,4,2,50,1,0,0,5,1,20,2,3,0,0
Golden Eagle Ylli,"A. Çallakaj, J. Reece, T. Allen, E. Kastrati, D. Conger",1,482,13,3,14,21.4,1,6,16.7,6,9,66.7,4,1,5,0,3,3,0,6,13,64.1,66.7,61.6,36.0,39.0,25,36.2,0,33.3,12.5,0,64.3,42.9,97,12,5,13,38.5,0,3,0,2,2,100,7,8,15,5,0,1,6,7,12,38.5,43.2,30.2,87.5,23.1,97,0,7,2,28.6,1,0,0,6,1,16.7,0,0,0,0,6,3,50,4,2,50,3,0,0,4,1,1,0
Golden Eagle Ylli,"D. Sabeckis, B. Huffman, S. Bamforth, E. Kastrati, D. Thomas",1,567,14,5,15,33.3,2,7,28.6,2,4,50,6,8,14,3,1,0,3,6,13,59.7,55.9,63.6,42.9,37.8,40,41.8,60,50,72.7,13.2,26.7,46.7,106,14,4,14,28.6,2,5,40,4,6,66.7,3,6,9,4,1,1,2,7,15,35.7,42.1,10.7,27.3,35.7,93.2,12.7,5,2,40,3,1,33.3,7,2,28.6,2,1,0,0,7,2,28.6,2,0,0,5,2,40,2,0,0,0
Rahoveci 029,"J. Johnson, K. Pullian, H. Durguti, E. Haxhimurati, F. Rugova",1,413,8,4,14,28.6,0,2,0,0,0,0,5,6,11,3,0,0,5,4,13,77.4,78.1,76.8,30.7,31.3,28.6,28.6,75,50,75,22.7,0,14.3,59.5,12,5,12,41.7,1,4,25,1,4,25,2,5,7,2,2,1,2,4,13,45.8,43.6,12.7,25,33.3,90.8,-31.3,9,3,33.3,3,1,33.3,2,0,0,2,1,0,1,5,3,60,3,1,33.3,4,1,25,0,0,0,1
Rahoveci 029,"J. Johnson, K. Pullian, K. Ujkani, B. Rexha, I. Umipig",1,441,19,8,13,61.5,1,4,25,2,3,66.7,2,5,7,2,3,1,2,5,13,72.2,74.8,69.6,32.1,34.5,65.4,66.3,25,40,62.5,10.9,23.1,30.8,138.2,8,3,10,30,0,2,0,2,3,66.7,3,3,6,0,0,1,5,4,12,30,35.3,30.6,37.5,20,62.6,75.6,9,7,77.8,0,0,0,4,1,25,0,2,0,0,6,3,50,2,0,0,2,0,0,2,3,0,0
Rahoveci 029,"J. Johnson, K. Pullian, E. Haxhimurati, B. Rexha, F. Rugova",1,446,14,5,14,35.7,2,3,66.7,2,4,50,3,7,10,2,0,0,1,5,13,69.9,71.1,68.8,33.8,34.9,42.9,44.4,40,30,77.8,5.3,28.6,21.4,106,11,3,12,25,2,8,25,3,3,100,2,7,9,3,1,2,2,4,12,33.3,41.3,13.1,22.2,66.7,86,20,7,2,28.6,4,1,25,3,2,66.7,1,0,0,0,4,1,25,0,0,0,8,2,25,0,1,0,1
Rahoveci 029,"K. Pullian, V. Ejupi, B. Rexha, J. Mccorrmick, A. Thomas",3,436,19,6,12,50,4,5,80,3,4,75,0,5,5,3,1,0,0,4,13,68.1,72.7,63.4,33.0,37.8,66.7,69,50,0,62.5,0,33.3,41.7,143.8,11,5,14,35.7,1,6,16.7,0,0,0,3,6,9,4,0,0,1,3,11,39.3,39.3,6.7,37.5,42.9,95.5,48.3,4,2,50,3,0,0,5,4,80,0,0,0,0,5,3,60,3,1,33.3,6,1,16.7,0,1,0,0
Sigal Prishtina,"A. Bailey, A. Azemi, D. Haxhosaj, G. Hoti, D. Polloshka",2,343,14,3,8,37.5,1,3,33.3,7,8,87.5,2,1,3,2,4,0,5,2,13,99.4,97.5,101.3,24.6,23.7,43.8,60.8,66.7,33.3,50,27,100,37.5,100.4,23,7,9,77.8,2,4,50,7,7,100,1,4,5,4,2,0,4,4,14,88.9,95.2,24.9,50,44.4,158.9,-58.4,4,2,50,1,0,0,3,1,33.3,1,3,0,1,2,2,100,3,3,100,4,2,50,2,2,0,0
Sigal Prishtina,"A. Bailey, A. Azemi, D. Haxhosaj, D. Burns, A. Morina",2,403,8,3,12,25,0,6,0,2,6,33.3,2,5,7,2,2,0,1,3,13,81.2,78,84.4,30.8,28.4,25,27.3,66.7,18.2,62.5,5.7,50,50,61.1,7,2,10,20,1,4,25,2,4,50,3,9,12,2,1,1,6,6,14,25,29.8,33.8,37.5,40,49.4,11.7,5,3,60,1,0,0,6,0,0,1,0,0,0,5,1,20,1,0,0,4,1,25,0,2,0,2
Sigal Prishtina,"A. Bailey, A. Azemi, G. Hoti, G. Hoti, K. Kramer",3,380,9,3,12,25,1,6,16.7,2,2,100,2,5,7,1,2,1,3,3,13,80.8,84.2,77.4,28.5,31.0,29.2,34.9,33.3,22.2,62.5,17.8,16.7,50,67.5,15,5,12,41.7,2,3,66.7,3,4,75,3,7,10,4,1,0,2,2,12,50,54.5,12.7,37.5,25,122.5,-54.9,4,2,50,2,0,0,6,1,16.7,1,0,1,1,6,0,0,3,3,100,3,2,66.7,1,1,0,0
Sigal Prishtina,"A. Bailey, A. Azemi, D. Burns, D. Polloshka, V. Kakruki",3,457,14,5,14,35.7,2,9,22.2,2,4,50,3,3,6,3,0,1,1,3,13,68,69.4,66.5,34.6,36.1,42.9,44.4,60,30,75,5.1,28.6,64.3,106,20,7,10,70,3,3,100,3,5,60,1,7,8,4,1,0,2,6,12,85,82,14.1,25,30,157.8,-51.8,3,2,66.7,2,1,50,9,2,22.2,1,0,0,0,5,3,60,2,1,50,3,3,100,1,0,0,1
Sigal Prishtina,"A. Bailey, A. Azemi, K. Kramer, D. Polloshka, T. Vissariou",2,452,18,6,14,42.9,4,10,40,2,4,50,4,8,12,6,1,2,2,7,13,71,70.1,71.8,34.2,33.4,57.1,57.1,100,40,80,8.4,28.6,71.4,136.3,10,3,12,25,0,3,0,4,7,57.1,2,6,8,1,0,0,1,3,13,25,33.2,6.2,20,25,74,62.3,4,2,50,0,0,0,10,4,40,0,0,0,1,6,1,16.7,3,2,66.7,3,0,0,0,1,0,0
Sigal Prishtina,"A. Bailey, A. Lomax, D. Polloshka, V. Kakruki, E. Clarance",2,426,5,1,10,10,0,1,0,3,3,100,3,5,8,0,0,0,6,4,13,75.9,77.4,74.4,31.0,32.2,10,22.1,0,33.3,83.3,34.6,30,10,36.4,17,5,11,45.5,3,5,60,4,4,100,1,6,7,2,2,0,2,3,13,59.1,66.6,13.6,16.7,45.5,128.7,-92.3,5,1,20,4,0,0,1,0,0,0,3,1,1,3,1,33.3,3,1,33.3,5,3,60,0,0,0,2
Sigal Prishtina,"A. Bailey, J. Ismajli, K. Kramer, D. Polloshka, E. Clarance",2,431,12,5,11,45.5,1,4,25,1,4,25,1,2,3,2,0,1,2,3,13,65.5,73.6,57.5,32.6,41.7,50,47,40,14.3,25,11.9,36.4,36.4,90.8,14,5,13,38.5,1,4,25,3,4,75,6,6,12,4,0,1,2,2,10,42.3,47.4,11.9,75,30.8,135.5,-44.7,6,4,66.7,1,0,0,4,1,25,1,0,0,1,7,3,42.9,2,1,50,4,1,25,1,1,0,0
Trepça,"D. Hajrizi, S. Jones, J. Payne, K. Hasbrouck, B. Tuna",2,556,9,4,13,30.8,1,8,12.5,0,0,0,3,6,9,3,3,1,4,3,13,59.8,58,61.7,41.4,38.9,34.6,34.6,75,33.3,66.7,20,0,61.5,67,11,4,13,30.8,1,5,20,2,2,100,3,6,9,2,3,0,4,2,14,34.6,39.6,22.4,33.3,38.5,77,-10,2,1,50,3,2,66.7,8,1,12.5,4,0,0,0,5,2,40,3,1,33.3,5,1,20,4,0,0,0
Trepça,"S. Jones, M. Amzil, J. Payne, K. Hasbrouck, B. Tuna",2,467,14,5,12,41.7,2,7,28.6,2,2,100,2,5,7,5,0,1,3,5,13,64.6,68.5,60.8,35.0,39.5,50,54.3,100,28.6,83.3,14.4,16.7,58.3,105.1,16,7,12,58.3,1,2,50,1,3,33.3,1,5,6,4,3,1,0,4,11,62.5,60.1,0,16.7,16.7,135.3,-30.2,4,3,75,1,0,0,7,2,28.6,2,1,0,0,6,4,66.7,4,2,50,2,1,50,0,0,0,0
Bashkimi,"M. Armstead, D. Lake, M. Ismaili, S. Shorter, I. Nwamu",2,333,12,2,5,40,1,4,25,7,10,70,0,7,7,2,2,0,4,3,12,90.5,92.7,88.3,25.9,27.2,50,63.8,100,0,77.8,26,200,80,93.3,9,3,11,27.3,1,7,14.3,2,4,50,2,4,6,0,3,0,2,5,12,31.8,35.3,13.6,22.2,63.6,73.5,19.8,0,0,0,1,1,100,4,1,25,2,2,0,0,1,0,0,3,2,66.7,7,1,14.3,1,1,0,0
Bashkimi,"J. Riley, D. Lake, M. Ismaili, L. Zeqiri, S. Shorter",2,392,12,5,13,38.5,2,6,33.3,0,0,0,4,6,10,1,1,0,4,4,12,69.5,76.4,62.5,31.4,38.4,46.2,46.2,20,50,75,22.2,0,46.2,96.2,8,2,8,25,2,5,40,2,6,33.3,2,4,6,3,1,1,2,3,10,37.5,37.6,15.8,25,62.5,78.3,17.8,4,1,25,3,2,66.7,6,2,33.3,2,2,0,0,0,0,0,3,0,0,5,2,40,0,2,0,0
Bashkimi,"M. Janjeva, T. Bickerstaff, J. Baily, K. Anderson, V. Bunjaku",2,444,9,4,14,28.6,0,4,0,1,4,25,3,5,8,1,2,1,0,4,12,71.4,66.2,76.6,36.2,31.3,28.6,28.6,25,27.3,50,0,28.6,28.6,73.5,12,4,14,28.6,0,2,0,4,4,100,5,8,13,3,0,1,4,4,14,28.6,38.1,20.2,50,14.3,84.7,-11.2,7,3,42.9,3,1,33.3,4,0,0,0,0,0,0,9,3,33.3,3,1,33.3,2,0,0,2,1,1,0
Bora,"A. Hunter, C. Bragg Jr, S. Jules, A. Hot, R. Memedi",2,499,10,4,13,30.8,2,7,28.6,0,0,0,2,3,5,2,1,0,2,4,12,62.8,60,65.6,40.0,36.6,38.5,38.5,50,22.2,42.9,11.8,0,53.8,80.1,20,7,14,50,2,4,50,4,5,80,4,7,11,4,1,0,2,0,13,57.1,61.7,11,57.1,28.6,146.7,-66.6,5,2,40,1,0,0,7,2,28.6,1,1,0,0,7,4,57.1,3,1,33.3,4,2,50,1,1,0,0
Bora,"A. Hunter, L. Thomas, A. Hot, J. Zeqiri, T. Cheese",3,395,7,2,8,25,1,4,25,2,4,50,1,1,2,2,0,0,4,2,12,66.4,74.4,58.3,32.2,41.1,31.2,35.9,100,14.3,25,25.4,50,50,57.1,17,7,11,63.6,3,3,100,0,0,0,3,6,9,4,1,0,2,5,9,77.3,77.3,15.4,75,27.3,177.1,-119.9,2,1,50,2,0,0,4,1,25,0,3,0,1,6,3,50,2,1,50,3,3,100,1,0,1,0
Bora,"S. Jules, A. Mekic, A. Hot, T. Cheese, R. Memedi",3,412,5,2,12,16.7,1,7,14.3,0,0,0,0,4,4,1,2,0,1,6,12,73.6,72.7,74.5,33.0,32.2,20.8,20.8,50,0,57.1,7.1,0,58.3,40.1,7,2,9,22.2,1,6,16.7,2,3,66.7,3,10,13,3,1,1,6,3,12,27.8,33.9,36.8,42.9,66.7,54.7,-14.7,4,1,25,1,0,0,7,1,14.3,1,0,0,0,2,1,50,1,0,0,6,1,16.7,2,1,1,2
GO+Peja,"S. Flatten, J. Johnson, D. Berisha, A. Herndon, A. Hajdari",3,470,21,9,16,56.2,1,6,16.7,2,3,66.7,5,4,9,2,2,0,1,4,12,66.4,65.3,67.5,36.8,35.6,59.4,60.6,22.2,71.4,57.1,4.9,18.8,37.5,164.2,14,5,12,41.7,1,2,50,3,4,75,3,2,5,5,1,1,3,4,13,45.8,50.9,17.9,42.9,16.7,106,58.2,9,7,77.8,1,1,100,6,1,16.7,1,0,0,0,7,3,42.9,3,1,33.3,2,1,50,2,1,0,0
GO+Peja,"S. Flatten, M. Mala, T. Green, C. Edwards, A. Hajdari",4,390,8,3,10,30,0,3,0,2,4,50,3,4,7,2,1,1,4,4,12,83.5,75.4,91.7,31.8,26.2,30,34,66.7,37.5,100,22.5,40,30,65.3,15,4,9,44.4,1,3,33.3,6,8,75,0,5,5,3,2,0,3,5,14,50,59.9,19.3,0,33.3,100.7,-35.4,3,2,66.7,4,1,25,3,0,0,1,1,0,1,3,2,66.7,3,1,33.3,3,1,33.3,2,1,0,0
GO+Peja,"J. Johnson, M. Armstead, A. Herndon, M. Mala, T. Green",3,359,20,7,12,58.3,2,5,40,4,5,80,1,2,3,5,3,1,0,4,12,80.9,84.7,77,28.3,31.2,66.7,70.4,71.4,16.7,66.7,0,41.7,41.7,157.8,9,4,8,50,1,2,50,0,0,0,1,5,6,2,0,0,5,1,11,56.2,56.2,38.5,33.3,25,78.1,79.7,7,5,71.4,0,0,0,5,2,40,0,0,0,0,4,2,50,2,1,50,2,1,50,2,3,0,0
Golden Eagle Ylli,"L. Shoshi, D. Sabeckis, B. Huffman, T. Allen, E. Kastrati",1,438,6,3,12,25,0,4,0,0,4,0,5,8,13,1,1,3,4,3,12,63.3,67.1,59.5,35.8,40.3,25,21.8,33.3,50,66.7,21.3,33.3,33.3,49,4,1,12,8.3,1,2,50,1,3,33.3,4,5,9,0,1,0,2,5,10,12.5,15,13.1,33.3,16.7,36.8,12.2,6,3,50,2,0,0,4,0,0,1,1,1,1,5,0,0,5,0,0,2,1,50,1,0,0,1
Golden Eagle Ylli,"L. Shoshi, J. Reece, T. Allen, E. Kastrati, B. Pass",2,392,14,6,13,46.2,0,4,0,2,4,50,3,2,5,4,2,0,1,4,12,72.4,75,69.8,32.0,34.4,46.2,47.4,66.7,37.5,66.7,5.1,30.8,30.8,114.3,14,5,8,62.5,3,4,75,1,2,50,1,5,6,3,1,1,4,3,11,81.2,78.8,31.1,33.3,50,122.8,-8.5,8,6,75,1,0,0,4,0,0,1,0,0,0,1,0,0,3,2,66.7,4,3,75,2,0,0,1
Golden Eagle Ylli,"B. Huffman, L. Thomas, T. Allen, E. Kastrati, G. Morina",3,415,10,1,11,9.1,0,4,0,8,10,80,3,4,7,0,0,1,1,3,12,75.4,74.4,76.4,32.3,31.4,9.1,32.5,0,33.3,66.7,6.1,90.9,36.4,77.7,22,9,14,64.3,3,5,60,1,4,25,2,6,8,6,1,0,0,5,13,75,69.8,0,33.3,35.7,166.5,-88.8,6,1,16.7,1,0,0,4,0,0,1,0,0,0,6,5,83.3,3,1,33.3,5,3,60,0,0,0,0
Rahoveci 029,"K. Pullian, J. Roche, K. Ujkani, F. Rugova, I. Umipig",1,424,16,6,13,46.2,3,9,33.3,1,2,50,2,6,8,5,1,1,1,2,12,70,70,70,34.3,34.3,57.7,57.6,83.3,28.6,66.7,5,15.4,69.2,129.4,14,5,14,35.7,2,7,28.6,2,2,100,3,5,8,5,0,1,1,2,12,42.9,47,6.3,33.3,50,113.2,16.2,4,3,75,0,0,0,9,3,33.3,1,0,0,0,7,3,42.9,0,0,0,7,2,28.6,1,0,0,0
Rahoveci 029,"K. Pullian, R. Granberry, B. Rexha, J. Mccorrmick, F. Rugova",1,529,16,4,10,40,2,4,50,6,8,75,3,7,10,2,0,0,3,2,12,59.9,58.9,61,40.8,39.4,50,59.2,50,42.9,100,16.2,80,40,123.3,16,6,13,46.2,4,7,57.1,0,0,0,0,4,4,4,0,0,1,6,13,61.5,61.5,7.1,0,53.8,119,4.2,4,2,50,2,0,0,4,2,50,1,1,0,1,3,1,33.3,3,1,33.3,7,4,57.1,0,1,0,0
Rahoveci 029,"V. Ejupi, N. Mcloud, J. Mccorrmick, F. Rugova, A. Thomas",3,426,13,5,10,50,2,4,50,1,2,50,1,5,6,3,0,1,3,3,12,69.7,69.7,69.7,34.5,34.5,60,59.7,60,20,62.5,17.8,20,40,105.1,16,6,14,42.9,2,5,40,2,2,100,3,4,7,3,1,0,1,2,12,50,53.8,6.3,37.5,35.7,129.4,-24.3,3,2,66.7,3,1,33.3,4,2,50,0,3,0,0,8,3,37.5,1,1,100,5,2,40,1,0,0,0
Rahoveci 029,"A. Berisha, B. Rexha, N. Mcloud, F. Rugova, I. Umipig",1,364,13,5,8,62.5,0,1,0,3,8,37.5,1,2,3,3,1,0,2,4,12,90.9,79.2,102.5,30.3,23.4,62.5,56.4,60,16.7,50,12.1,100,12.5,108.2,17,6,10,60,0,4,0,5,5,100,2,5,7,3,2,1,6,6,15,60,69.7,33,50,40,109.3,-1.2,5,4,80,2,1,50,1,0,0,1,1,0,0,4,4,100,2,2,100,4,0,0,2,2,0,1
Sigal Prishtina,"A. Bailey, A. Lomax, K. Kramer, D. Polloshka, A. Morina",2,425,10,4,12,33.3,1,6,16.7,1,1,100,2,3,5,2,1,0,3,6,12,65.3,72.9,57.7,32.9,41.6,37.5,40.2,50,28.6,75,17.2,8.3,50,77.5,16,6,8,75,1,2,50,3,6,50,1,5,6,2,3,0,1,2,10,81.2,75.2,8.6,25,25,156.6,-79.1,2,2,100,4,1,25,6,1,16.7,2,1,0,0,5,4,80,1,1,100,2,1,50,0,1,0,0
Sigal Prishtina,"A. Bailey, D. Haxhosaj, D. Burns, A. Morina, E. Clarance",3,370,21,7,10,70,2,4,50,5,6,83.3,2,3,5,4,3,0,2,3,12,79.1,78.7,79.5,30.5,30.2,80,83.1,57.1,66.7,75,10.7,60,40,173.1,17,6,9,66.7,2,3,66.7,3,4,75,1,1,2,2,0,0,3,7,12,77.8,79,21.8,25,33.3,138.8,34.3,5,4,80,1,1,100,4,2,50,0,0,1,1,6,4,66.7,0,0,0,3,2,66.7,1,2,0,0
Trepça,"M. Tmusic, D. Hajrizi, C. Rusell, C. Brown, A. Vining",2,388,13,4,9,44.4,3,5,60,2,4,50,0,4,4,3,0,0,2,4,12,76.5,75.8,77.2,31.7,31.1,61.1,60.4,75,0,80,12.7,44.4,55.6,106.1,15,6,11,54.5,3,5,60,0,0,0,1,6,7,3,1,1,3,2,12,68.2,68.2,21.4,20,45.5,120.2,-14.1,3,1,33.3,1,0,0,5,3,60,1,1,0,0,1,1,100,5,2,40,5,3,60,0,1,0,1
Trepça,"M. Tmusic, D. Hajrizi, J. Payne, D. Kapiti, A. Vining",5,375,10,3,10,30,2,4,50,2,2,100,0,4,4,4,0,0,2,1,12,94.1,79.1,109.1,30.3,22.0,40,46,133.3,0,80,11.8,20,40,80.9,25,8,14,57.1,5,10,50,4,4,100,1,7,8,1,1,1,3,6,17,75,79.3,16,20,71.4,146.6,-65.8,5,1,20,1,0,0,4,2,50,0,2,0,0,4,3,75,0,0,0,10,5,50,1,0,0,1
Trepça,"D. Hajrizi, S. Jones, J. Payne, A. Vining, B. Tuna",1,380,17,6,15,40,3,5,60,2,2,100,5,1,6,3,2,0,2,3,12,70.7,78.1,63.3,30.7,37.9,50,53.5,50,62.5,50,9.6,13.3,33.3,137.5,12,5,7,71.4,1,1,100,1,1,100,1,3,4,1,0,1,4,3,10,78.6,80.6,35,50,14.3,119.7,17.8,8,3,37.5,2,0,0,5,3,60,0,1,1,0,4,2,50,2,2,100,1,1,100,1,2,0,1
Vëllaznimi,"Z. Reid, Y. Anei, S. Zekiqi, A. Rushiti, J. Hellems",2,411,17,6,13,46.2,0,4,0,5,7,71.4,3,2,5,2,0,0,0,4,12,66.8,73.3,60.3,32.7,39.8,46.2,52.9,33.3,37.5,50,0,53.8,30.8,135.4,15,4,9,44.4,3,6,50,4,4,100,2,5,7,4,0,0,2,6,10,61.1,69.7,15.7,50,66.7,145.2,-9.8,5,5,100,4,1,25,4,0,0,0,0,0,0,1,0,0,2,1,50,6,3,50,0,0,1,1
Vëllaznimi,"Y. Anei, A. Koshi, S. Zekiqi, T. Todd, J. Hellems",2,460,17,6,11,54.5,0,2,0,5,6,83.3,1,3,4,2,2,2,0,2,12,63.9,63.3,64.5,37.9,37.2,54.5,62.3,33.3,16.7,60,0,54.5,18.2,140.1,16,6,11,54.5,2,4,50,2,2,100,2,5,7,4,0,0,3,6,12,63.6,67.3,20.2,40,36.4,129.4,10.7,7,5,71.4,2,1,50,2,0,0,0,0,0,0,6,4,66.7,1,0,0,4,2,50,1,2,0,0
Vëllaznimi,"S. Zekiqi, L. Colimerio, R. Dahsyla, T. Todd, J. Hellems",3,398,12,4,11,36.4,2,6,33.3,2,2,100,2,4,6,1,2,1,3,2,12,77.8,74.6,81,32.2,29.6,45.5,50.5,25,28.6,80,18.9,18.2,54.5,97,7,3,8,37.5,1,5,20,0,0,0,1,5,6,2,1,1,7,5,13,43.8,43.8,46.7,20,62.5,52.1,45,5,2,40,0,0,0,6,2,33.3,1,2,0,0,2,1,50,1,1,100,5,1,20,3,1,1,1
Bashkimi,"M. Armstead, I. Cousins, L. Zeqiri, J. Nzeakor, S. Shorter",1,336,14,5,7,71.4,3,4,75,1,3,33.3,0,4,4,6,2,0,4,2,11,80,84.5,75.4,28.4,31.8,92.9,84.1,120,0,57.1,21.8,42.9,57.1,118.4,14,5,12,41.7,4,7,57.1,0,0,0,3,3,6,4,1,0,2,2,10,58.3,58.3,14.3,42.9,58.3,132.6,-14.2,2,2,100,0,0,0,4,3,75,1,1,0,1,5,1,20,0,0,0,7,4,57.1,1,1,0,0
Bashkimi,"M. Armstead, D. Lake, L. Zeqiri, K. Anderson, S. Shorter",2,446,8,4,14,28.6,0,4,0,0,0,0,3,7,10,2,2,0,1,3,11,64.3,62,66.5,38.7,36.1,28.6,28.6,50,30,87.5,5.9,0,28.6,69.4,5,2,10,20,0,5,0,1,2,50,1,7,8,2,1,0,3,1,12,20,23,21.6,12.5,50,40.4,29,8,4,50,2,0,0,4,0,0,1,0,0,0,3,2,66.7,2,0,0,5,0,0,1,2,0,0
Bashkimi,"M. Armstead, M. Janjeva, T. Bickerstaff, J. Baily, K. Anderson",2,352,17,6,10,60,2,4,50,3,4,75,0,5,5,4,1,0,0,3,11,75.5,77,74.1,31.2,32.4,70,72.3,66.7,0,83.3,0,40,40,150.6,10,3,9,33.3,1,5,20,3,3,100,1,5,6,2,0,0,2,4,10,38.9,48.4,16.2,16.7,55.6,92,58.6,4,4,100,2,0,0,4,2,50,0,0,0,0,2,1,50,2,1,50,5,1,20,1,1,0,0
Bashkimi,"K. Wooten, J. Riley, L. Zeqiri, K. Anderson, V. Bunjaku",1,326,14,6,10,60,0,3,0,2,2,100,0,5,5,3,0,0,1,2,11,81.6,84,79.2,28.6,30.3,60,64.3,50,0,100,6.7,20,30,122.8,18,6,9,66.7,3,3,100,3,5,60,0,3,3,4,1,0,0,2,10,83.3,80.4,0,0,33.3,167.4,-44.7,4,3,75,3,3,100,3,0,0,1,0,0,0,5,3,60,1,0,0,3,3,100,0,0,0,0
Bashkimi,"I. Cousins, D. Lake, M. Ismaili, M. Janjeva, I. Nwamu",2,269,10,3,9,33.3,0,4,0,4,4,100,1,3,4,1,2,0,2,2,11,98.8,100.7,97,23.8,24.8,33.3,46.5,33.3,20,100,14.5,44.4,44.4,88.6,15,5,8,62.5,2,3,66.7,3,3,100,0,4,4,4,2,0,2,1,10,75,80.5,17.7,0,37.5,138,-49.5,4,2,50,1,1,100,4,0,0,1,1,0,0,2,2,100,3,1,33.3,3,2,66.7,2,0,0,0
Bora,"O. Kurtaj, S. Jules, T. Jackson, G. Singleton, R. Memedi",2,397,22,6,11,54.5,2,4,50,8,12,66.7,5,2,7,4,0,0,1,3,11,73,71.3,74.7,33.7,32.1,63.6,67.6,66.7,83.3,100,4.7,109.1,36.4,186.6,14,6,8,75,1,2,50,1,2,50,0,1,1,4,0,2,4,7,12,81.2,78.8,31.1,0,25,113.2,73.4,7,4,57.1,0,0,0,4,2,50,1,0,0,0,4,4,100,2,1,50,2,1,50,0,2,0,1
Bora,"O. Kurtaj, T. Jackson, D. Taylor, A. Mekic, J. Zeqiri",1,389,18,7,10,70,2,4,50,2,3,66.7,1,4,5,4,1,0,2,3,11,78.2,73,83.4,32.9,28.8,80,79.5,57.1,25,100,11.5,30,40,152.2,18,6,9,66.7,1,2,50,5,7,71.4,0,3,3,2,2,0,2,5,13,72.2,74.5,14.2,0,22.2,133.2,19,5,5,100,1,0,0,4,2,50,2,0,0,0,4,4,100,3,1,33.3,2,1,50,1,1,0,0
Bora,"S. Jules, A. Mekic, A. Hot, J. Zeqiri, G. Zeqiri",3,335,5,1,9,11.1,0,3,0,3,4,75,2,3,5,0,0,0,3,2,11,77.9,80.9,74.8,29.7,32.1,11.1,23.2,0,25,100,21.8,44.4,33.3,44.3,20,7,10,70,4,7,57.1,2,2,100,0,6,6,7,2,0,0,3,10,90,91.9,0,0,70,191.5,-147.2,5,1,20,1,0,0,3,0,0,1,1,0,1,3,3,100,0,0,0,7,4,57.1,0,0,0,0
GO+ Peja,"J. Johnson, M. Armstread, M. Mala, T. Green, C. Edwards",1,373,12,5,13,38.5,1,6,16.7,1,1,100,1,5,6,2,1,2,0,3,11,74.7,76.8,72.6,31.2,33.0,42.3,44.6,40,14.3,71.4,0,7.7,46.2,100.5,10,3,10,30,1,4,25,3,4,75,2,6,8,4,0,0,2,0,11,35,42.5,14.5,28.6,40,88.6,11.9,5,3,60,2,1,50,6,1,16.7,0,0,0,0,5,2,40,1,0,0,4,1,25,1,1,0,0
GO+Peja,"M. Armstead, D. Ademaj, A. Herndon, T. Green, A. Hajdari",1,438,16,6,11,54.5,1,2,50,3,5,60,4,5,9,2,1,0,3,4,11,64.8,64.2,65.4,37.4,36.7,59.1,60.6,33.3,66.7,83.3,16.5,45.5,18.2,136.6,8,3,10,30,1,5,20,1,1,100,1,2,3,0,1,1,3,4,11,35,38.3,22.3,16.7,50,67,69.6,7,5,71.4,2,0,0,2,1,50,1,2,0,0,5,2,40,0,0,0,5,1,20,1,2,0,0
GO+Peja,"C. Williams, D. Davis, M. Mala, C. Edwards, A. Hajdari",2,453,13,4,12,33.3,2,5,40,3,6,50,5,3,8,1,1,0,2,5,11,60.6,59.2,62.1,40.5,38.7,41.7,44.4,25,55.6,75,11.3,50,41.7,116.3,19,7,10,70,1,4,25,4,5,80,1,4,5,5,1,0,1,1,11,75,77.9,7.6,25,40,162.2,-45.9,6,2,33.3,1,0,0,5,2,40,2,0,0,0,3,3,100,3,3,100,4,1,25,1,0,0,0
Golden Eagle Ylli,"J. Gray, L. Shoshi, D. Sabeckis, D. Conger, G. Morina",2,362,7,2,6,33.3,1,2,50,2,6,33.3,0,6,6,1,2,2,3,2,11,68.9,74.1,63.6,32.4,37.7,41.7,40.5,50,0,66.7,23.7,100,33.3,62.6,4,2,11,18.2,0,5,0,0,0,0,3,6,9,0,0,0,2,5,9,18.2,18.2,15.4,33.3,45.5,41.7,21,3,1,33.3,1,0,0,2,1,50,0,0,1,1,3,0,0,3,2,66.7,5,0,0,1,1,0,0
Golden Eagle Ylli,"J. Gray, B. Huffman, S. Bamforth, E. Kastrati, B. Pass",1,335,18,7,16,43.8,3,8,37.5,1,1,100,4,6,10,5,2,0,0,2,11,85.1,85.6,84.7,28.1,28.3,53.1,54.7,71.4,50,66.7,0,6.2,50,150.7,9,3,11,27.3,2,7,28.6,1,3,33.3,3,4,7,3,0,1,3,2,11,36.4,36.5,19.6,33.3,63.6,76.1,74.6,6,4,66.7,2,0,0,8,3,37.5,0,0,0,0,3,1,33.3,1,0,0,7,2,28.6,1,2,0,0
Golden Eagle Ylli,"L. Shoshi, A. Çallakaj, D. Sabeckis, J. Reece, G. Morina",2,336,6,1,8,12.5,1,5,20,3,4,75,1,3,4,1,2,0,3,6,11,78.7,80.6,76.8,29.8,31.3,18.8,30.7,100,12.5,75,21.8,50,62.5,53.1,13,5,8,62.5,0,1,0,3,5,60,1,7,8,3,1,1,2,2,10,62.5,63.7,16.4,25,12.5,120.9,-67.8,2,0,0,1,0,0,5,1,20,1,2,0,0,6,4,66.7,1,1,100,1,0,0,2,0,0,0
Golden Eagle Ylli,"A. Çallakaj, D. Sabeckis, J. Reece, E. Kastrati, G. Morina",2,321,19,7,8,87.5,3,4,75,2,4,50,0,3,3,5,3,0,2,4,11,81.7,84.4,79,28.4,30.4,106.2,97.3,71.4,0,100,11.9,50,50,168.3,11,5,8,62.5,1,3,33.3,0,0,0,0,1,1,3,2,0,3,3,10,68.8,68.8,27.3,0,37.5,104.2,64.1,4,4,100,0,0,0,4,3,75,0,2,0,0,4,3,75,1,1,100,3,1,33.3,2,1,0,0
Golden Eagle Ylli,"D. Sabeckis, B. Huffman, S. Bamforth, E. Kastrati, B. Pass",1,436,11,4,10,40,0,3,0,3,5,60,1,3,4,3,1,1,1,4,11,63.9,64.5,63.4,37.2,37.8,40,45.1,75,14.3,60,6.2,50,30,93.9,13,5,10,50,3,6,50,0,0,0,2,6,8,3,0,0,4,6,11,65,65,28.6,40,60,112.8,-18.9,4,3,75,3,1,33.3,3,0,0,1,0,0,0,3,2,66.7,1,0,0,6,3,50,1,0,1,1
Golden Eagle Ylli,"B. Huffman, T. Allen, E. Kastrati, B. Pass, G. Morina",2,450,7,3,10,30,1,5,20,0,1,0,1,5,6,2,1,0,3,3,11,64.8,63.7,65.9,37.7,36.4,35,33.5,66.7,12.5,50,19.4,10,50,58.6,7,3,13,23.1,0,4,0,1,2,50,5,7,12,3,0,1,4,4,12,23.1,25.2,22.4,50,30.8,56.6,2,4,2,50,1,0,0,5,1,20,1,1,0,1,4,2,50,5,1,20,4,0,0,1,0,0,2
Rahoveci 029,"J. Johnson, K. Pullian, H. Durguti, K. Ujkani, I. Umipig",2,373,13,5,8,62.5,1,3,33.3,2,3,66.7,0,5,5,4,0,1,3,1,11,74.7,76.1,73.4,31.5,32.7,68.8,69.7,80,0,71.4,18.4,37.5,37.5,109.9,17,6,13,46.2,3,7,42.9,2,2,100,2,3,5,5,3,0,0,3,11,57.7,61.2,0,28.6,53.8,149.1,-39.1,4,4,100,1,0,0,3,1,33.3,2,1,0,0,5,2,40,1,1,100,7,3,42.9,0,0,0,0
Rahoveci 029,"J. Johnson, V. Ejupi, N. Mcloud, F. Rugova, I. Umipig",2,368,8,3,8,37.5,1,1,100,1,2,50,1,5,6,1,0,1,4,3,11,74.4,74.4,74.4,32.3,32.3,43.8,45,33.3,16.7,83.3,28.8,25,12.5,70.1,15,6,11,54.5,2,3,66.7,1,2,50,1,5,6,4,3,1,1,3,11,63.6,63.1,7.8,16.7,27.3,131.5,-61.4,6,2,33.3,1,0,0,1,1,100,2,2,0,0,7,3,42.9,1,1,100,3,2,66.7,1,0,0,0
Rahoveci 029,"K. Pullian, V. Ejupi, J. Roche, K. Ujkani, J. Mccorrmick",2,393,12,4,10,40,2,4,50,2,2,100,2,3,5,2,0,0,3,5,11,69.3,69.6,68.9,34.5,34.8,50,55.1,50,33.3,42.9,18.9,20,40,105.2,19,7,13,53.8,2,5,40,3,4,75,4,4,8,4,1,3,1,2,11,61.5,64.4,6.3,57.1,38.5,168.3,-63.1,6,2,33.3,0,0,0,4,2,50,0,1,0,1,7,5,71.4,1,0,0,5,2,40,1,0,0,0
Rahoveci 029,"K. Pullian, J. Roche, A. Berisha, R. Granberry, F. Rugova",2,392,5,2,10,20,1,6,16.7,0,0,0,2,3,5,0,2,1,4,2,11,71.5,70.5,72.4,34.0,33.1,25,25,0,25,75,28.6,0,60,43.4,17,6,10,60,3,5,60,2,3,66.7,1,6,7,2,1,1,2,2,11,75,75.1,15,25,50,143.7,-100.3,2,1,50,2,0,0,6,1,16.7,1,2,1,0,4,3,75,1,0,0,5,3,60,0,2,0,0
Rahoveci 029,"K. Pullian, J. Roche, E. Haxhimurati, B. Rexha, F. Rugova",1,328,8,3,10,30,2,6,33.3,0,0,0,2,3,5,2,3,1,4,3,11,76.8,84.3,69.4,28.5,34.6,40,40,66.7,33.3,60,25,0,60,69.4,10,3,8,37.5,2,6,33.3,2,2,100,2,4,6,3,1,0,3,1,9,50,56.3,25.3,40,75,105.4,-36,4,1,25,0,0,0,6,2,33.3,2,1,1,0,2,1,50,0,0,0,6,2,33.3,0,3,0,0
Sigal Prishtina,"A. Bailey, A. Azemi, D. Williams, G. Hoti, D. Polloshka",1,392,3,1,9,11.1,0,5,0,1,2,50,1,4,5,1,1,0,3,4,11,73.4,69.8,76.9,34.4,31.2,11.1,15.2,100,12.5,80,21.6,22.2,55.6,26.3,16,5,9,55.6,1,3,33.3,5,7,71.4,1,7,8,4,1,0,2,2,12,61.1,66.2,14.2,20,33.3,127.4,-101.1,3,1,33.3,1,0,0,5,0,0,1,0,2,0,6,4,66.7,0,0,0,3,1,33.3,2,0,0,0
Sigal Prishtina,"A. Bailey, A. Lomax, J. Ismajli, K. Kramer, D. Polloshka",2,478,15,5,8,62.5,2,4,50,3,3,100,0,5,5,5,1,0,3,5,11,61.8,59.4,64.2,40.4,37.4,75,80.5,100,0,71.4,17.3,37.5,50,126.8,15,6,12,50,1,5,20,2,3,66.7,2,3,5,4,0,0,2,5,12,54.2,56.3,13.1,28.6,41.7,117.3,9.5,3,2,66.7,1,1,100,4,2,50,1,0,0,2,4,3,75,3,2,66.7,5,1,20,1,0,0,1
Sigal Prishtina,"A. Bailey, D. Haxhosaj, D. Burns, A. Morina, T. Vissariou",2,432,5,2,7,28.6,1,3,33.3,0,0,0,1,9,10,1,0,0,6,7,11,68.4,64,72.7,37.5,33.0,35.7,35.7,50,20,90,42.9,0,42.9,43.4,12,4,12,33.3,0,4,0,4,6,66.7,1,4,5,2,4,1,0,1,13,33.3,41,0,10,33.3,91.6,-48.2,3,1,33.3,1,0,0,3,1,33.3,3,2,0,1,6,3,50,2,1,50,4,0,0,0,0,0,0
Sigal Prishtina,"A. Bailey, D. Burns, J. Ismajli, V. Kakruki, E. Clarance",1,337,5,2,9,22.2,0,3,0,1,1,100,1,5,6,1,3,0,4,2,11,87,85,88.9,28.2,27.0,22.2,26.5,50,14.3,62.5,27.7,11.1,33.3,41.9,10,4,12,33.3,2,7,28.6,0,0,0,3,6,9,1,2,0,4,2,12,41.7,41.7,25,37.5,58.3,80.1,-38.3,5,2,40,1,0,0,3,0,0,2,2,0,0,3,1,33.3,2,1,50,7,2,28.6,4,0,0,0
Sigal Prishtina,"A. Lomax, J. Ismajli, K. Kramer, D. Polloshka, E. Clarance",2,422,10,3,10,30,2,5,40,2,2,100,2,2,4,0,1,0,3,2,11,70.3,64.9,75.8,37.0,31.7,40,46,0,28.6,100,21.6,20,50,87.7,13,6,8,75,0,2,0,1,2,50,0,5,5,2,3,0,5,4,13,75,73.2,36,0,25,97.6,-9.9,2,1,50,3,0,0,5,2,40,3,0,0,0,4,4,100,2,2,100,2,0,0,0,1,0,2
Sigal Prishtina,"D. Burns, D. Williams, B. Istrefi, D. Polloshka, V. Kakruki",1,368,13,6,15,40,1,5,20,0,2,0,4,2,6,3,2,0,0,4,11,70.5,74.4,66.6,32.3,36.0,43.3,40.9,50,44.4,100,0,13.3,33.3,114,9,2,4,50,0,1,0,5,6,83.3,0,5,5,3,0,0,4,3,10,50,67.8,37.6,0,25,88.1,25.9,10,5,50,0,0,0,5,1,20,0,0,0,0,3,2,66.7,0,0,0,1,0,0,1,1,0,2
Trepça,"M. Tmusic, S. Jones, D. Kapiti, A. Vining, K. Hasbrouck",3,394,10,2,9,22.2,1,5,20,5,6,83.3,2,3,5,4,3,0,2,3,11,74.6,68.1,81.2,35.3,29.6,27.8,43,200,25,75,11.3,66.7,55.6,89.5,12,5,9,55.6,0,1,0,2,2,100,1,6,7,2,0,2,5,6,13,55.6,60.7,33.6,25,11.1,90.1,-0.6,2,0,0,2,1,50,5,1,20,1,0,0,1,5,3,60,3,2,66.7,1,0,0,1,2,0,1
Trepça,"D. Hajrizi, S. Jones, M. Amzil, J. Payne, A. Vining",2,402,16,3,9,33.3,1,4,25,9,10,90,2,4,6,3,4,0,1,3,11,73.7,71.1,76.3,33.8,31.4,38.9,59.7,100,33.3,66.7,5.7,111.1,44.4,134.4,8,3,9,33.3,0,3,0,2,3,66.7,2,4,6,1,0,0,5,7,12,33.3,38.8,32.6,33.3,33.3,62.6,71.8,4,2,50,1,0,0,4,1,25,0,1,0,0,5,3,60,1,0,0,3,0,0,3,2,0,0
Vëllaznimi,"L. Nixha, Z. Reid, S. Zekiqi, A. Gordon, E. Cingu",1,346,7,2,10,20,1,7,14.3,2,2,100,1,4,5,1,2,0,2,4,11,76.2,79.1,73.2,30.3,32.8,25,32.2,50,12.5,57.1,14.4,20,70,61.4,10,5,12,41.7,0,4,0,0,0,0,3,7,10,2,2,0,2,1,10,41.7,41.7,14.3,42.9,33.3,94.7,-33.3,2,1,50,1,0,0,7,1,14.3,2,0,0,0,7,5,71.4,1,0,0,4,0,0,0,2,0,0
Vëllaznimi,"Z. Reid, A. Koshi, L. Colimerio, A. Gordon, R. Dahsyla",1,389,6,2,9,22.2,0,2,0,2,2,100,1,1,2,0,1,0,3,5,11,75.6,70.4,80.8,34.1,29.7,22.2,30.4,0,14.3,33.3,23.3,22.2,22.2,52.6,16,5,9,55.6,0,3,0,6,6,100,2,6,8,0,2,0,4,3,13,55.6,68.7,25.6,66.7,33.3,122.2,-69.6,3,0,0,4,2,50,2,0,0,1,2,0,0,5,4,80,1,1,100,3,0,0,0,3,1,0
Vëllaznimi,"Y. Anei, S. Zekiqi, L. Colimerio, A. Gordon, T. Todd",1,385,11,4,10,40,1,1,100,2,2,100,2,4,6,2,2,1,3,1,11,74.4,71.1,77.8,33.8,30.8,45,50.6,50,33.3,80,18.9,20,10,96.5,11,5,10,50,1,4,25,0,0,0,1,4,5,3,2,2,4,4,12,55,55,28.6,20,40,88.1,8.3,8,2,25,1,1,100,1,1,100,0,2,0,1,5,4,80,1,0,0,4,1,25,2,0,1,1
Vëllaznimi,"S. Zekiqi, A. Gordon, A. Rushiti, T. Todd, J. Hellems",2,369,11,4,10,40,1,3,33.3,2,2,100,2,6,8,2,1,1,3,3,11,74.2,74.2,74.2,32.4,32.4,45,50.6,50,33.3,100,18.9,20,30,96.5,10,4,10,40,1,4,25,1,2,50,0,4,4,2,2,0,1,0,11,45,46,8.4,0,40,87.7,8.8,4,3,75,3,0,0,3,1,33.3,0,2,1,0,6,3,50,0,0,0,4,1,25,0,1,0,0
Bashkimi,"M. Armstead, L. Zeqiri, J. Nzeakor, S. Shorter, I. Nwamu",1,288,5,2,9,22.2,0,2,0,1,4,25,1,3,4,1,0,0,1,3,10,79,86.1,72,27.9,33.3,22.2,23.2,50,14.3,60,7.8,44.4,22.2,48.4,2,1,6,16.7,0,2,0,0,0,0,2,6,8,0,1,0,5,4,8,16.7,16.7,45.5,40,33.3,23.1,25.3,4,2,50,3,0,0,2,0,0,0,1,0,0,4,1,25,0,0,0,2,0,0,1,2,1,1
Bashkimi,"K. Wooten, M. Janjeva, V. Bunjaku, S. Shorter, I. Nwamu",3,408,11,4,9,44.4,2,3,66.7,1,2,50,2,4,6,2,2,0,3,4,10,61.8,61.4,62.1,39.1,38.6,55.6,55.7,50,33.3,80,20.2,22.2,33.3,105.3,6,3,8,37.5,0,2,0,0,0,0,1,4,5,1,1,1,4,2,10,37.5,37.5,33.3,20,25,56.8,48.5,3,2,66.7,3,0,0,3,2,66.7,2,1,0,0,4,3,75,2,0,0,2,0,0,2,2,0,0
Bashkimi,"I. Cousins, M. Ismaili, L. Zeqiri, K. Anderson, I. Nwamu",1,265,22,6,7,85.7,4,5,80,6,8,75,0,3,3,4,0,1,0,4,10,91.5,91.5,91.5,26.2,26.2,114.3,104.6,66.7,0,60,0,114.3,71.4,217.8,15,4,9,44.4,1,3,33.3,6,8,75,2,2,4,2,0,0,0,3,10,50,59.9,0,40,33.3,148.5,69.3,2,2,100,0,0,0,5,4,80,0,0,0,0,5,3,60,1,0,0,3,1,33.3,0,0,0,0
Bashkimi,"I. Cousins, M. Janjeva, T. Bickerstaff, J. Baily, V. Bunjaku",2,310,10,4,10,40,0,3,0,2,4,50,3,5,8,4,2,0,2,5,10,79.5,80,79.1,30.0,30.3,40,42.5,100,42.9,83.3,11.3,40,30,96.8,5,0,5,0,0,3,0,5,6,83.3,1,4,5,2,2,0,4,6,10,0,32.7,34.4,16.7,60,49,47.9,6,4,66.7,1,0,0,3,0,0,2,0,0,0,1,0,0,1,0,0,3,0,0,1,1,0,1
Bashkimi,"I. Cousins, M. Janjeva, T. Bickerstaff, V. Bunjaku, S. Shorter",2,317,9,3,10,30,1,1,100,2,4,50,2,3,5,2,0,0,1,7,10,76.6,78.2,75,30.7,32.0,35,38.3,66.7,25,100,6.8,40,10,87.1,17,7,9,77.8,1,1,100,2,3,66.7,0,6,6,3,1,2,0,1,9,83.3,82.4,0,0,11.1,171.6,-84.5,5,1,20,4,1,25,1,1,100,0,1,0,0,6,5,83.3,2,1,50,1,1,100,0,0,0,0
Bashkimi,"M. Ismaili, M. Janjeva, L. Zeqiri, T. Bickerstaff, K. Anderson",1,306,4,2,7,28.6,0,3,0,0,2,0,1,3,4,1,2,0,4,4,10,81.9,81.9,81.9,29.3,29.3,28.6,25.4,50,16.7,50,31.1,28.6,42.9,38.3,7,3,8,37.5,0,3,0,1,2,50,3,5,8,2,0,0,5,3,10,37.5,39.4,36,50,37.5,67,-28.7,4,2,50,0,0,0,3,0,0,0,0,0,2,4,3,75,1,0,0,3,0,0,1,2,0,1
Bashkimi,"M. Janjeva, J. Nzeakor, V. Bunjaku, S. Shorter, I. Nwamu",1,297,11,5,14,35.7,1,5,20,0,0,0,3,2,5,1,5,0,0,0,10,81.5,85.3,77.6,28.1,30.9,39.3,39.3,20,33.3,33.3,0,0,35.7,104.2,4,2,8,25,0,4,0,0,0,0,4,6,10,0,0,0,6,3,9,25,25,42.9,66.7,50,41.7,62.5,7,4,57.1,2,0,0,5,1,20,0,0,0,0,3,2,66.7,1,0,0,4,0,0,5,0,0,1
Bora,"C. Payton, A. Hunter, A. Hot, T. Cheese, R. Memedi",2,319,12,4,10,40,2,5,40,2,2,100,1,3,4,3,2,0,1,2,10,81.3,78.6,84.1,30.5,28.5,50,55.1,75,16.7,60,6.7,20,50,114.9,15,4,9,44.4,1,3,33.3,6,6,100,2,5,7,2,1,0,2,1,11,50,64.4,14.7,40,33.3,134.2,-19.3,3,1,33.3,2,1,50,5,2,40,0,1,0,0,5,3,60,1,0,0,3,1,33.3,2,0,0,0
Bora,"A. Hunter, S. Jules, A. Mekic, J. Zeqiri, G. Zeqiri",4,315,15,5,9,55.6,2,4,50,3,5,60,0,5,5,4,0,0,0,6,10,68.9,81.9,55.9,29.3,42.9,66.7,67,80,0,55.6,0,55.6,44.4,139.5,7,2,9,22.2,1,4,25,2,6,33.3,4,6,10,1,0,0,0,5,7,27.8,30.1,0,44.4,44.4,95.4,44.1,2,1,50,3,2,66.7,4,2,50,0,0,0,0,4,1,25,1,0,0,4,1,25,0,0,0,0
Bora,"A. Hunter, S. Jules, T. Cheese, R. Ukaj, G. Zeqiri",4,334,4,2,11,18.2,0,1,0,0,1,0,3,5,8,0,2,0,2,2,10,80.4,72,88.8,33.3,27.0,18.2,17.5,0,30,71.4,14.9,9.1,9.1,39.9,13,5,11,45.5,2,6,33.3,1,2,50,2,7,9,3,2,0,3,4,12,54.5,54.7,20.2,28.6,54.5,105.1,-65.2,5,1,20,4,0,0,1,0,0,1,1,0,0,4,3,75,1,0,0,6,2,33.3,1,1,0,1
Bora,"A. Hunter, L. Thomas, A. Hot, J. Zeqiri, R. Memedi",2,376,9,4,10,40,1,4,25,0,0,0,1,4,5,1,1,1,2,4,10,74.5,67.4,81.6,35.6,29.4,45,45,25,20,50,15.4,0,40,85.2,15,6,13,46.2,3,8,37.5,0,3,0,4,4,8,4,1,0,3,2,12,57.7,52.4,17.3,50,61.5,117.3,-32.1,3,1,33.3,3,2,66.7,4,1,25,1,0,0,1,4,3,75,1,0,0,8,3,37.5,1,2,0,0
Bora,"A. Hunter, L. Thomas, J. Zeqiri, T. Cheese, R. Memedi",2,371,17,6,11,54.5,4,6,66.7,1,1,100,2,6,8,4,0,0,1,4,10,69.9,64.8,75,37.0,32.0,72.7,74.3,66.7,40,85.7,6.1,9.1,54.5,169.6,12,3,9,33.3,1,5,20,5,7,71.4,1,3,4,1,0,1,1,3,11,38.9,49.7,7.6,14.3,55.6,103.5,66.1,4,1,25,1,1,100,6,4,66.7,0,1,0,0,3,2,66.7,1,0,0,5,1,20,0,1,0,0
Bora,"O. Kurtaj, S. Jules, A. Mekic, J. Zeqiri, T. Cheese",2,307,16,5,8,62.5,0,1,0,6,7,85.7,2,5,7,4,2,0,2,3,10,82.9,83.2,82.6,28.9,29.1,62.5,72.2,80,50,83.3,11.7,87.5,12.5,150.4,11,4,10,40,3,4,75,0,0,0,1,2,3,2,2,0,2,5,10,55,55,16.7,16.7,40,104.2,46.3,6,4,66.7,1,1,100,1,0,0,1,1,0,0,2,1,50,4,0,0,4,3,75,1,1,0,0
Bora,"S. Jules, A. Mekic, A. Hot, R. Memedi, G. Zeqiri",1,394,11,5,13,38.5,1,4,25,0,0,0,5,2,7,1,0,0,3,3,10,55.2,64.3,46.1,37.3,52.1,42.3,42.3,20,62.5,100,17.6,0,30.8,104.2,8,3,5,60,0,1,0,2,2,100,0,3,3,2,1,1,2,5,7,60,68,25.4,0,20,105.8,-1.6,7,3,42.9,2,1,50,4,1,25,1,0,0,1,2,2,100,2,1,50,1,0,0,1,0,0,1
GO+Peja,"S. Flatten, M. Armstead, M. Mala, T. Green, C. Edwards",3,350,12,4,10,40,1,3,33.3,3,4,75,3,2,5,4,0,0,2,4,10,70.8,70.8,70.8,33.9,33.9,45,51,100,60,40,11.3,40,30,116.2,16,6,11,54.5,2,4,50,2,4,50,3,2,5,4,1,1,1,4,10,63.6,62.7,7.3,60,36.4,154.9,-38.7,4,3,75,3,0,0,3,1,33.3,1,1,0,0,5,4,80,2,0,0,4,2,50,0,0,1,0
GO+Peja,"M. Armstead, D. Ademaj, T. Green, C. Edwards, A. Hajdari",2,360,10,5,12,41.7,0,3,0,0,1,0,4,2,6,2,1,0,3,5,10,71.8,73.2,70.4,32.8,34.1,41.7,40.2,40,50,66.7,17.2,8.3,25,91.1,12,6,9,66.7,0,0,0,0,0,0,1,4,5,1,2,0,3,2,10,66.7,66.7,25,33.3,0,113.6,-22.6,7,3,42.9,2,2,100,3,0,0,2,1,0,0,5,4,80,3,2,66.7,0,0,0,3,0,0,0
Golden Eagle Ylli,"J. Gray, S. Bamforth, D. Conger, T. Smith, G. Morina",2,372,12,4,6,66.7,1,2,50,3,5,60,0,7,7,4,0,1,3,4,10,73.8,69.4,78.3,34.6,30.7,75,73.2,100,0,87.5,19.7,83.3,33.3,111.6,13,4,11,36.4,1,4,25,4,6,66.7,1,3,4,2,2,0,0,2,12,40.9,47.7,0,12.5,36.4,107.1,4.5,4,3,75,0,0,0,2,1,50,1,2,0,0,6,2,33.3,1,1,100,4,1,25,0,0,0,0
Golden Eagle Ylli,"L. Shoshi, S. Bamforth, T. Allen, E. Kastrati, B. Pass",1,265,6,3,10,30,0,1,0,0,1,0,3,4,7,3,3,0,3,4,10,90.8,90.8,90.8,26.4,26.4,30,28.7,100,37.5,100,18.2,10,10,59.9,9,4,7,57.1,1,3,33.3,0,1,0,0,5,5,4,1,1,3,2,10,64.3,60.5,28.7,0,42.9,89.8,-29.9,8,3,37.5,1,0,0,1,0,0,2,0,1,0,3,2,66.7,1,1,100,3,1,33.3,3,0,0,0
Golden Eagle Ylli,"A. Çallakaj, J. Reece, T. Allen, B. Pass, G. Morina",3,288,5,0,8,0,0,2,0,5,6,83.3,2,3,5,1,0,0,2,3,10,82.1,85.1,79,28.2,30.4,0,23.5,0,25,100,14.7,75,25,49,12,4,7,57.1,2,5,40,2,2,100,0,6,6,1,2,1,2,3,9,71.4,76.1,20.2,0,71.4,126.5,-77.6,4,0,0,2,0,0,2,0,0,2,0,0,0,2,2,100,0,0,0,5,2,40,1,1,0,0
Golden Eagle Ylli,"D. Sabeckis, S. Bamforth, E. Kastrati, T. Smith, G. Morina",3,339,15,6,8,75,2,3,66.7,1,1,100,0,4,4,4,1,0,3,4,10,71,77.8,64.2,30.9,37.4,87.5,88.9,66.7,0,50,19.4,12.5,37.5,136.6,9,3,12,25,2,5,40,1,1,100,4,2,6,2,0,0,1,1,9,33.3,36.2,7.4,50,41.7,99.3,37.3,2,2,100,3,2,66.7,3,2,66.7,1,1,1,0,7,1,14.3,0,0,0,5,2,40,1,0,0,0
Golden Eagle Ylli,"B. Huffman, S. Bamforth, E. Kastrati, B. Pass, G. Morina",2,303,15,5,8,62.5,1,3,33.3,4,6,66.7,1,3,4,3,0,2,1,2,10,81.8,80.9,82.7,29.7,29.0,68.8,70.5,60,25,60,6.8,75,37.5,146.9,13,5,11,45.5,1,4,25,2,2,100,2,3,5,3,0,0,1,3,10,50,54.7,7.8,40,36.4,124.5,22.4,4,3,75,1,1,100,3,1,33.3,0,1,0,0,5,4,80,2,0,0,4,1,25,0,1,0,0
Rahoveci 029,"J. Johnson, K. Pullian, E. Peci, B. Rexha, I. Umipig",1,321,11,3,9,33.3,1,4,25,4,4,100,1,2,3,0,1,0,1,2,10,77.2,77.2,77.2,31.1,31.1,38.9,51.1,0,16.7,66.7,8.5,44.4,44.4,106.5,11,4,8,50,0,3,0,3,4,75,1,5,6,2,1,0,2,2,10,50,56.4,17,33.3,37.5,106.5,0,4,1,25,1,1,100,4,1,25,1,0,0,0,5,4,80,0,0,0,3,0,0,1,1,0,0
Rahoveci 029,"K. Pullian, H. Durguti, J. Roche, B. Rexha, I. Umipig",1,295,14,5,9,55.6,3,7,42.9,1,2,50,1,3,4,4,1,0,2,4,10,78.4,85,71.9,28.2,33.4,72.2,70.9,80,33.3,75,12.6,22.2,77.8,134,9,2,6,33.3,1,4,25,4,5,80,1,2,3,1,1,0,2,2,8,41.7,54.9,19.6,25,66.7,101.9,32.1,2,2,100,0,0,0,7,3,42.9,2,0,0,0,1,1,100,1,0,0,4,1,25,1,0,0,1
Rahoveci 029,"K. Pullian, J. Roche, A. Berisha, B. Rexha, A. Thomas",2,380,7,3,10,30,1,3,33.3,0,0,0,1,2,3,1,0,0,2,3,10,60.3,66.7,53.8,36.0,44.6,35,35,33.3,14.3,40,15.4,0,30,66.3,14,5,10,50,2,4,50,2,2,100,3,6,9,3,1,0,1,1,8,60,64.3,8.4,60,40,164.2,-97.9,4,1,25,3,1,33.3,3,1,33.3,1,1,0,0,3,3,100,3,0,0,4,2,50,0,1,0,0
Rahoveci 029,"K. Pullian, K. Ujkani, J. Mccorrmick, F. Rugova, A. Thomas",2,435,12,4,10,40,2,4,50,2,2,100,0,2,2,3,2,0,0,4,10,68.2,57.6,78.8,41.6,30.5,50,55.1,75,0,50,0,20,40,114.9,17,6,12,50,3,6,50,2,2,100,2,6,8,5,0,0,4,2,14,62.5,66,23.7,50,50,119,-4.1,5,2,40,1,0,0,4,2,50,0,0,0,0,2,1,50,4,2,50,6,3,50,2,1,1,0
Sigal Prishtina,"A. Bailey, A. Azemi, G. Hoti, G. Hoti, V. Kakruki",2,318,11,5,9,55.6,1,3,33.3,0,0,0,1,0,1,4,1,0,3,3,10,74.8,79.7,69.8,30.1,34.4,61.1,61.1,80,33.3,0,18.8,0,33.3,104.2,18,6,6,100,2,2,100,4,6,66.7,0,2,2,6,2,0,1,2,9,116.7,104.2,10.4,0,33.3,194.5,-90.3,5,4,80,1,0,0,3,1,33.3,3,0,0,0,3,3,100,1,1,100,2,2,100,1,0,0,0
Sigal Prishtina,"A. Bailey, D. Haxhosaj, D. Burns, K. Kramer, A. Morina",2,305,7,3,8,37.5,1,4,25,0,0,0,0,2,2,2,0,1,3,2,10,82.2,83.1,81.3,28.9,29.5,43.8,43.8,66.7,0,100,23.1,0,50,66.3,15,5,7,71.4,1,2,50,4,4,100,0,5,5,6,1,0,2,3,10,78.6,85.6,18.6,0,28.6,145.2,-78.9,4,2,50,0,0,0,4,1,25,1,2,0,0,5,4,80,0,0,0,2,1,50,0,0,0,1
Sigal Prishtina,"A. Bailey, A. Sinani, K. Kramer, D. Polloshka, E. Clarance",1,330,13,5,10,50,0,2,0,3,5,60,1,4,5,1,1,0,0,2,10,69.7,78.2,61.2,30.7,39.2,50,53.3,20,20,80,0,50,20,120.9,8,2,6,33.3,1,3,33.3,3,4,75,1,4,5,2,0,1,2,8,8,41.7,51.5,20.5,20,50,95.1,25.8,5,3,60,3,2,66.7,2,0,0,0,0,0,0,3,1,33.3,0,0,0,3,1,33.3,1,0,1,0
Trepça,"A. Gashi, D. Hajrizi, S. Jones, K. Hasbrouck, B. Tuna",1,331,18,5,8,62.5,3,4,75,5,6,83.3,2,5,7,4,2,0,2,1,10,78.8,74.1,83.5,32.4,28.7,81.2,84.6,80,50,71.4,12,75,50,176.2,9,4,11,36.4,1,6,16.7,0,0,0,2,2,4,0,1,0,3,4,11,40.9,40.9,21.4,28.6,54.5,78.1,98.1,3,2,66.7,1,0,0,4,3,75,2,0,0,0,3,2,66.7,2,1,50,6,1,16.7,1,2,0,0
Trepça,"A. Gashi, M. Amzil, D. Kapiti, K. Hasbrouck, B. Tuna",2,287,15,5,7,71.4,1,3,33.3,4,4,100,0,5,5,4,0,0,2,3,10,87.3,86.4,88.3,27.8,27.2,78.6,85.6,80,0,83.3,13.6,57.1,42.9,145.2,11,5,11,45.5,1,5,20,0,0,0,1,2,3,3,0,0,1,2,10,50,50,8.3,16.7,45.5,104.2,41,3,3,100,1,1,100,3,1,33.3,0,0,0,1,6,4,66.7,0,0,0,5,1,20,1,0,0,0
Trepça,"M. Tmusic, D. Hajrizi, C. Brown, A. Vining, S. Henry",2,351,17,6,13,46.2,4,8,50,1,1,100,3,6,9,5,0,1,0,2,10,60.5,68.5,52.5,35.0,45.7,61.5,63.2,83.3,42.9,100,0,7.7,61.5,169.6,5,2,8,25,1,4,25,0,0,0,0,4,4,0,0,0,0,1,7,31.2,31.2,0,0,50,65.1,104.5,4,2,50,1,0,0,8,4,50,0,0,0,0,2,1,50,2,0,0,4,1,25,0,0,0,0
Trepça,"M. Tmusic, D. Hajrizi, D. Kapiti, A. Vining, K. Hasbrouck",2,305,17,6,7,85.7,4,5,80,1,1,100,0,4,4,5,2,0,4,3,10,80.5,86.4,74.6,27.8,32.2,114.3,114.2,83.3,0,80,24.3,14.3,71.4,154.8,6,2,8,25,1,6,16.7,1,2,50,1,1,2,2,2,0,2,3,9,31.2,33.8,18.4,20,75,63.3,91.5,2,2,100,0,0,0,5,4,80,2,0,0,1,2,1,50,0,0,0,6,1,16.7,0,2,0,0
Trepça,"M. Tmusic, M. Amzil, K. Hasbrouck, S. Henry, B. Tuna",1,268,11,4,6,66.7,2,4,50,1,1,100,0,3,3,2,3,0,4,4,10,83,89.8,76.3,26.7,31.4,83.3,85.4,50,0,60,32.2,16.7,66.7,109.8,8,2,7,28.6,2,5,40,2,2,100,2,2,4,0,1,0,3,2,8,42.9,50.8,27.6,40,71.4,93.8,15.9,2,2,100,0,0,0,4,2,50,2,0,0,1,0,0,0,2,0,0,5,2,40,0,3,0,0
Trepça,"D. Hajrizi, S. Jones, J. Payne, A. Vining, K. Hasbrouck",3,313,10,4,10,40,1,6,16.7,1,3,33.3,1,1,2,2,3,0,1,2,10,81.3,83.3,79.2,28.8,30.3,45,44.2,50,16.7,25,7,30,60,92,15,5,8,62.5,3,4,75,2,4,50,3,5,8,3,0,0,4,5,10,81.2,76.8,29.1,75,50,145.2,-53.2,3,2,66.7,1,1,100,6,1,16.7,0,0,0,1,2,2,100,2,0,0,4,3,75,4,0,0,0
Trepça,"D. Hajrizi, S. Jones, A. Vining, K. Hasbrouck, B. Tuna",1,351,16,6,9,66.7,0,0,0,4,4,100,2,3,5,2,0,3,2,4,10,65.9,70.6,61.2,34.0,39.2,66.7,74.3,33.3,66.7,50,13.6,44.4,0,154.9,14,5,10,50,2,4,50,2,3,66.7,3,1,4,2,1,0,1,3,8,60,61.8,8.1,50,40,156.5,-1.6,8,6,75,1,0,0,0,0,0,2,0,0,0,6,3,50,0,0,0,4,2,50,1,0,0,0
Trepça,"D. Hajrizi, J. Payne, D. Kapiti, S. Henry, B. Tuna",2,395,15,6,11,54.5,1,4,25,2,2,100,1,2,3,2,1,0,0,4,10,66.7,63.5,70,37.8,34.3,59.1,63.1,33.3,20,40,0,18.2,36.4,143.6,15,7,12,58.3,1,3,33.3,0,0,0,3,4,7,0,0,0,3,2,11,62.5,62.5,20,60,25,130.2,13.4,4,4,100,3,1,33.3,4,1,25,0,0,0,0,6,3,50,3,3,100,3,1,33.3,1,0,0,1
Trepça,"C. Brown, J. Payne, D. Kapiti, S. Henry, B. Tuna",2,405,19,7,11,63.6,3,6,50,2,2,100,2,8,10,2,0,0,1,4,10,61.2,61.9,60.5,38.8,39.6,77.3,80,28.6,50,80,6.7,18.2,54.5,181.9,7,1,10,10,0,5,0,5,6,83.3,2,2,4,0,1,0,0,2,10,10,27.7,0,20,50,68.5,113.4,3,3,100,2,1,50,6,3,50,0,1,0,0,2,1,50,3,0,0,5,0,0,0,0,0,0
Vëllaznimi,"Z. Reid, Y. Anei, A. Koshi, S. Zekiqi, D. Wilson",5,328,7,3,10,30,0,3,0,1,1,100,0,5,5,0,0,2,0,4,10,78,73.3,82.6,32.7,29.1,30,33.5,0,0,55.6,0,10,30,69.8,10,4,12,33.3,0,5,0,2,4,50,4,7,11,1,0,0,2,2,11,33.3,36.3,12.7,44.4,41.7,88.6,-18.7,4,3,75,3,0,0,3,0,0,0,0,0,0,5,3,60,2,1,50,5,0,0,0,0,0,1
Vëllaznimi,"Z. Reid, A. Koshi, S. Zekiqi, R. Dahsyla, J. Hellems",1,365,7,3,10,30,0,5,0,1,2,50,2,3,5,1,1,0,2,3,10,68.7,68.7,68.7,34.9,34.9,30,32.2,33.3,25,50,14.4,20,50,67,14,5,11,45.5,2,5,40,2,2,100,3,6,9,3,0,0,2,2,10,54.5,58.9,14.4,50,45.5,134,-67,4,2,50,1,1,100,5,0,0,0,1,1,0,6,3,50,0,0,0,5,2,40,1,1,0,0
Vëllaznimi,"Z. Reid, S. Zekiqi, A. Gordon, A. Rushiti, D. Wilson",3,308,9,4,12,33.3,0,2,0,1,2,50,2,2,4,0,2,1,0,4,10,73.5,81.4,65.5,29.5,36.6,33.3,34.9,0,25,66.7,0,16.7,16.7,86.2,11,3,6,50,2,3,66.7,3,4,75,1,6,7,3,0,0,2,3,8,66.7,70.9,20.5,33.3,50,130.8,-44.6,8,4,50,1,0,0,2,0,0,0,0,0,0,2,1,50,1,0,0,3,2,66.7,2,0,0,0
Vëllaznimi,"A. Koshi, S. Zekiqi, L. Colimerio, T. Todd, J. Hellems",2,327,8,4,9,44.4,0,3,0,0,0,0,1,6,7,1,1,0,3,1,10,77.5,77.5,77.5,31.0,31.0,44.4,44.4,25,20,75,23.1,0,33.3,75.8,7,3,11,27.3,1,6,16.7,0,0,0,2,4,6,2,1,1,2,3,10,31.8,31.8,15.4,25,54.5,66.3,9.5,6,4,66.7,0,0,0,3,0,0,0,3,0,0,3,1,33.3,2,1,50,6,1,16.7,1,1,0,0
Vëllaznimi,"A. Koshi, L. Colimerio, A. Gordon, T. Todd, J. Hellems",3,319,15,6,8,75,2,3,66.7,1,1,100,2,2,4,4,0,0,4,6,10,73.4,75.4,71.4,31.8,33.6,87.5,88.9,66.7,100,50,24.3,12.5,37.5,149.7,17,6,10,60,3,6,50,2,2,100,2,0,2,2,3,0,1,1,9,75,78.1,8.4,50,60,179.2,-29.6,4,3,75,1,1,100,3,2,66.7,1,3,0,0,4,3,75,0,0,0,6,3,50,0,0,1,0
Bashkimi,"D. Lake, M. Ismaili, L. Zeqiri, T. Bickerstaff, K. Anderson",1,356,10,4,10,40,0,1,0,2,2,100,2,5,7,1,0,0,1,3,9,62.5,63.9,61.1,37.5,39.3,40,46,25,33.3,62.5,7.8,20,10,105.4,12,5,12,41.7,2,5,40,0,1,0,3,4,7,2,0,0,0,4,9,50,48.2,0,37.5,41.7,132.4,-27,4,3,75,5,1,20,1,0,0,0,1,0,0,7,3,42.9,0,0,0,5,2,40,0,0,0,0
Bora,"A. Hunter, A. Mekic, A. Hot, T. Cheese, R. Memedi",1,245,10,5,8,62.5,0,2,0,0,0,0,1,4,5,3,1,0,3,3,9,87.6,94,81.3,25.5,29.5,62.5,62.5,60,33.3,100,21.4,0,25,104.2,6,1,4,25,1,2,50,3,6,50,0,2,2,1,1,0,2,0,8,37.5,45.2,23.1,0,50,72.3,31.8,5,4,80,1,1,100,2,0,0,0,1,0,1,1,0,0,1,0,0,2,1,50,0,2,0,0
GO+Peja,"S. Flatten, F. Shoshaj, C. Edwards, O. Williams, A. Hajdari",1,222,9,4,5,80,1,2,50,0,1,0,0,4,4,4,1,1,4,1,9,98,98,98,24.5,24.5,90,82.7,100,0,57.1,29.8,20,40,99.3,6,3,9,33.3,0,1,0,0,1,0,3,2,5,3,4,0,3,3,9,33.3,31.8,24.1,42.9,11.1,66.2,33.1,2,2,100,1,1,100,2,1,50,4,0,0,0,7,3,42.9,1,0,0,1,0,0,2,0,1,0
GO+Peja,"S. Flatten, A. Herndon, M. Mala, C. Edwards, A. Hajdari",2,370,13,6,10,60,1,3,33.3,0,0,0,1,1,2,4,1,1,1,4,9,74,62.3,85.7,38.5,28.0,65,65,66.7,25,25,6.7,0,30,135.4,14,5,12,41.7,1,5,20,3,4,75,3,3,6,3,0,1,3,0,13,45.8,50.9,17.9,75,41.7,106,29.4,7,5,71.4,0,0,0,3,1,33.3,0,1,0,0,6,4,66.7,0,0,0,5,1,20,1,0,2,0
GO+Peja,"F. Shoshaj, A. Herndon, M. Mala, T. Green, O. Williams",1,319,11,4,9,44.4,1,3,33.3,2,3,66.7,1,3,4,4,1,2,1,3,9,74.1,74.5,73.7,32.2,32.6,50,53.3,100,16.7,75,6.5,33.3,33.3,111,12,4,7,57.1,0,1,0,4,5,80,1,5,6,3,0,0,2,2,9,57.1,65.2,17.9,25,14.3,122.5,-11.5,5,3,60,1,0,0,3,1,33.3,1,0,0,0,3,2,66.7,3,2,66.7,1,0,0,0,1,0,1
GO+Peja,"D. Davis, M. Mala, D. Bracey, C. Edwards, A. Hajdari",2,310,14,4,11,36.4,2,3,66.7,4,5,80,4,4,8,2,0,1,1,1,9,65.6,75.8,55.3,31.7,43.4,45.5,53,50,57.1,57.1,6.2,45.5,27.3,143,5,2,9,22.2,0,4,0,1,1,100,3,3,6,1,0,1,1,3,7,22.2,26.5,9.6,42.9,44.4,70,73,7,2,28.6,1,0,0,3,2,66.7,0,1,0,0,4,1,25,1,1,100,4,0,0,0,1,0,0
Golden Eagle Ylli,"J. Gray, D. Sabeckis, S. Bamforth, E. Kastrati, T. Smith",2,349,19,8,11,72.7,3,5,60,0,0,0,3,2,5,6,0,0,2,4,9,65.2,66,64.4,36.4,37.2,86.4,86.4,75,100,40,10.5,0,45.5,197.9,6,1,7,14.3,0,2,0,4,4,100,3,0,3,1,1,0,4,1,9,14.3,34.2,31.3,60,28.6,64,133.9,5,5,100,1,0,0,5,3,60,1,1,0,0,0,0,0,5,1,20,2,0,0,2,0,1,1
Rahoveci 029,"J. Johnson, K. Pullian, H. Durguti, J. Roche, K. Ujkani",1,324,7,3,8,37.5,1,4,25,0,0,0,1,5,6,2,1,1,3,5,9,75.8,71.1,80.5,33.8,29.8,43.8,43.8,66.7,20,71.4,23.1,0,50,72.9,10,3,10,30,1,5,20,3,3,100,2,4,6,3,1,0,2,1,10,35,44.2,15,28.6,50,92,-19.1,2,1,50,2,1,50,4,1,25,2,1,0,0,5,2,40,0,0,0,5,1,20,2,0,0,0
Rahoveci 029,"J. Johnson, H. Durguti, E. Haxhimurati, F. Rugova, I. Umipig",2,335,11,4,14,28.6,2,6,33.3,1,1,100,7,3,10,1,0,0,2,3,9,71.8,64.9,78.7,37.0,30.5,35.7,38.1,25,70,50,11.5,7.1,42.9,121.4,16,6,12,50,3,5,60,1,1,100,3,3,6,6,2,1,2,2,10,62.5,64.3,13.9,50,41.7,145.7,-24.3,6,2,33.3,2,0,0,6,2,33.3,1,1,0,0,6,3,50,1,0,0,5,3,60,0,1,0,1
Rahoveci 029,"K. Pullian, H. Durguti, J. Mccorrmick, F. Rugova, A. Thomas",1,327,12,5,9,55.6,2,3,66.7,0,0,0,0,1,1,2,2,0,1,4,9,72.7,70.5,75,34.1,32.0,66.7,66.7,40,0,33.3,8.3,0,33.3,125,12,2,5,40,2,4,50,6,6,100,2,4,6,2,1,1,5,1,10,60,78.5,39.6,66.7,80,117.5,7.5,4,2,50,2,1,50,3,2,66.7,1,0,0,0,1,0,0,0,0,0,4,2,50,0,2,1,2
Rahoveci 029,"K. Pullian, V. Ejupi, J. Roche, J. Mccorrmick, F. Rugova",1,362,15,5,8,62.5,3,4,75,2,4,50,1,3,4,4,0,0,1,3,9,62.9,62.1,63.6,38.6,37.7,81.2,76.8,80,33.3,60,6.8,50,50,160.1,10,4,9,44.4,2,5,40,0,0,0,2,2,4,4,1,0,3,2,9,55.6,55.6,25,40,55.6,104.2,55.9,4,2,50,0,0,0,4,3,75,1,0,0,0,4,2,50,0,0,0,5,2,40,2,1,0,0
Sigal Prishtina,"A. Bailey, A. Azemi, D. Burns, G. Hoti, D. Polloshka",3,174,13,4,5,80,1,2,50,4,6,66.7,0,3,3,2,0,0,2,2,9,135.1,127.6,142.5,18.8,16.8,90,85.1,50,0,100,17.2,120,40,140.5,9,3,6,50,0,2,0,3,4,75,0,2,2,3,1,0,3,4,10,50,58,27.9,0,33.3,87.1,53.3,3,3,100,0,0,0,2,1,50,0,2,0,0,3,3,100,1,0,0,2,0,0,0,1,0,1
Sigal Prishtina,"A. Bailey, A. Lomax, D. Haxhosaj, A. Morina, V. Kakruki",1,281,3,1,6,16.7,1,4,25,0,0,0,0,2,2,1,1,0,4,0,9,81.5,82,81,29.3,29.6,25,25,100,0,100,36.4,0,66.7,31.2,14,6,8,75,0,1,0,2,2,100,0,5,5,4,3,1,1,1,9,75,78.8,10.1,0,12.5,147.6,-116.4,2,0,0,0,0,0,4,1,25,2,1,0,1,6,6,100,1,0,0,1,0,0,1,0,0,0
Sigal Prishtina,"A. Lomax, A. Sinani, K. Kramer, A. Morina, E. Clarance",1,338,5,2,7,28.6,0,4,0,1,1,100,0,5,5,0,1,0,2,2,9,65.8,64.3,67.3,37.3,35.6,28.6,33.6,0,0,100,21.2,14.3,57.1,55.2,9,3,8,37.5,1,5,20,2,2,100,0,5,5,2,0,0,1,1,9,43.8,50.7,10.1,0,62.5,94.9,-39.7,2,2,100,1,0,0,4,0,0,2,0,0,0,3,2,66.7,0,0,0,5,1,20,0,1,0,0
Sigal Prishtina,"A. Lomax, K. Kramer, D. Polloshka, V. Kakruki, E. Clarance",1,322,14,6,9,66.7,1,4,25,1,4,25,2,4,6,4,1,0,1,3,9,70.3,69.8,70.7,34.4,33.9,72.2,65.1,66.7,40,66.7,6.3,44.4,44.4,149.4,4,1,7,14.3,0,3,0,2,2,100,2,3,5,1,0,0,4,4,9,14.3,25.4,33.7,33.3,42.9,42.2,107.2,3,3,100,2,2,100,4,1,25,1,0,0,0,2,0,0,2,1,50,3,0,0,2,0,0,1
Trepça,"M. Tmusic, D. Hajrizi, M. Amzil, J. Payne, K. Hasbrouck",1,423,8,4,12,33.3,0,6,0,0,0,0,3,4,7,4,0,1,1,2,9,56.5,54.5,58.6,44.1,41.0,33.3,33.3,100,37.5,66.7,5.9,0,50,83.3,16,6,11,54.5,1,3,33.3,3,4,75,2,5,7,2,1,0,0,2,10,59.1,62.7,0,33.3,27.3,154.9,-71.6,5,3,60,1,1,100,6,0,0,1,0,0,0,4,2,50,4,3,75,3,1,33.3,0,0,0,0
Vëllaznimi,"Z. Reid, A. Koshi, S. Zekiqi, L. Colimerio, J. Hellems",3,312,10,4,7,57.1,1,3,33.3,1,2,50,0,2,2,2,0,0,2,2,9,76.2,73,79.5,32.9,30.2,64.3,63.5,50,0,50,16.8,28.6,42.9,105.4,18,7,10,70,2,3,66.7,2,4,50,2,4,6,4,1,0,1,1,10,80,76.5,7.8,50,30,174.3,-68.8,3,2,66.7,1,1,100,3,1,33.3,0,2,0,0,7,5,71.4,0,0,0,3,2,66.7,0,1,0,0
Vëllaznimi,"Z. Reid, A. Koshi, A. Gordon, D. Wilson, R. Dahsyla",2,373,10,3,7,42.9,1,3,33.3,3,4,75,1,4,5,4,2,0,2,4,9,69.9,60.3,79.6,39.8,30.2,50,57.1,133.3,25,66.7,13.6,57.1,42.9,106.7,11,5,11,45.5,1,4,25,0,2,0,2,3,5,2,1,0,3,2,12,50,46.3,20.2,33.3,36.4,89,17.8,3,2,66.7,1,0,0,3,1,33.3,0,2,0,0,4,3,75,3,1,33.3,4,1,25,1,2,0,0
Vëllaznimi,"Z. Reid, S. Zekiqi, L. Colimerio, A. Gordon, T. Todd",1,225,17,4,6,66.7,2,4,50,7,7,100,1,2,3,3,2,0,2,3,9,100.4,103.2,97.5,23.3,24.6,83.3,93.6,75,50,50,14.2,116.7,66.7,175.7,9,1,4,25,0,2,0,7,8,87.5,2,1,3,0,2,0,4,3,9,25,59.8,34.7,50,50,98.5,77.2,0,0,0,2,2,100,4,2,50,0,2,0,0,2,1,50,0,0,0,2,0,0,1,2,0,1
Vëllaznimi,"Y. Anei, A. Koshi, S. Zekiqi, D. Wilson, T. Todd",1,275,7,2,5,40,0,2,0,3,3,100,1,4,5,0,1,0,5,2,9,88.3,86.5,90.1,27.8,26.6,40,55.4,0,33.3,100,44.2,60,40,70.7,10,3,6,50,2,4,50,2,4,50,0,2,2,1,0,0,3,5,10,66.7,64.4,27.9,0,66.7,96.8,-26.2,3,2,66.7,0,0,0,2,0,0,2,1,0,1,1,1,100,1,0,0,4,2,50,1,2,0,0
Bashkimi,"M. Armstead, K. Wooten, I. Cousins, D. Lake, K. Anderson",1,259,16,5,8,62.5,1,2,50,5,7,71.4,3,4,7,3,0,1,1,3,8,79.9,80.8,79,29.7,30.4,68.8,72.2,60,75,50,6.6,87.5,25,183.6,6,2,10,20,0,2,0,2,2,100,4,1,5,2,1,0,2,6,8,20,27.6,15.5,50,20,70.4,113.2,2,2,100,4,2,50,2,1,50,1,0,0,0,5,2,40,3,0,0,2,0,0,0,0,0,1
Bashkimi,"M. Armstead, I. Cousins, D. Lake, K. Anderson, V. Bunjaku",3,241,5,2,3,66.7,1,1,100,0,0,0,0,3,3,2,2,0,6,3,8,97.1,86,108.2,27.9,22.2,83.3,83.3,100,0,60,54.5,0,33.3,57.9,13,5,10,50,2,5,40,1,3,33.3,2,1,3,4,1,0,2,2,10,60,57.4,15,40,50,119.6,-61.8,2,1,50,0,0,0,1,1,100,2,1,0,2,3,2,66.7,2,1,50,5,2,40,2,0,0,0
Bashkimi,"M. Armstead, M. Janjeva, T. Bickerstaff, S. Shorter, I. Nwamu",2,302,19,6,9,66.7,1,2,50,6,6,100,3,3,6,4,0,0,0,2,8,66.4,65.9,66.8,36.4,35.9,72.2,81.6,66.7,100,100,0,66.7,22.2,229.1,11,3,6,50,2,5,40,3,4,75,0,0,0,2,0,0,1,2,8,66.7,70.9,11.4,0,83.3,130.8,98.3,6,5,83.3,1,0,0,2,1,50,0,0,0,0,1,1,100,0,0,0,5,2,40,0,1,0,0
Bashkimi,"M. Armstead, L. Zeqiri, T. Bickerstaff, J. Baily, K. Anderson",2,276,8,4,11,36.4,0,4,0,0,0,0,2,4,6,2,1,0,0,2,8,74.6,75.1,74.1,31.9,32.4,36.4,36.4,50,33.3,80,0,0,36.4,92.6,9,4,8,50,0,3,0,1,2,50,1,4,5,1,0,0,1,0,8,50,50.7,10.1,20,37.5,105.6,-13,4,4,100,3,0,0,4,0,0,0,0,0,0,3,2,66.7,2,2,100,3,0,0,0,1,0,0
Bashkimi,"K. Wooten, I. Cousins, D. Lake, L. Zeqiri, K. Anderson",2,221,8,3,7,42.9,1,3,33.3,1,2,50,1,4,5,3,2,0,2,4,8,93.6,92.6,94.7,25.9,25.4,50,50.8,100,20,100,15.5,28.6,42.9,93.8,6,1,4,25,0,2,0,4,7,57.1,0,4,4,0,1,0,2,2,8,25,42.4,22,0,50,68.8,25,2,1,50,2,1,50,3,1,33.3,2,0,0,0,2,1,50,0,0,0,2,0,0,1,1,0,0
Bashkimi,"B. Bytyqi, L. Zeqiri, T. Bickerstaff, K. Anderson, I. Nwamu",1,262,11,2,5,40,0,0,0,7,8,87.5,1,2,3,0,1,0,1,3,8,81.8,74.9,88.6,32.0,27.1,40,64.6,0,33.3,100,10.5,160,0,134.5,10,2,4,50,1,3,33.3,5,7,71.4,0,2,2,1,0,1,3,5,9,62.5,70.6,29.8,0,75,103.3,31.1,3,0,0,2,2,100,0,0,0,0,0,1,0,1,1,100,0,0,0,3,1,33.3,1,0,0,1
Bashkimi,"J. Riley, D. Lake, M. Janjeva, V. Bunjaku, S. Shorter",2,240,11,3,6,50,2,3,66.7,3,4,75,1,3,4,0,0,0,2,0,8,85.2,84.1,86.4,28.5,27.8,66.7,70.9,0,33.3,100,20.5,66.7,50,130.8,10,4,7,57.1,2,3,66.7,0,0,0,0,2,2,4,1,0,2,3,8,71.4,71.4,22.2,0,42.9,115.7,15.1,1,0,0,2,1,50,3,2,66.7,1,0,1,0,3,2,66.7,1,0,0,3,2,66.7,1,1,0,0
Bashkimi,"J. Riley, D. Lake, L. Zeqiri, V. Bunjaku, S. Shorter",2,292,10,4,7,57.1,2,2,100,0,0,0,1,3,4,4,2,0,3,4,8,70.5,71,70.1,33.8,34.3,71.4,71.4,100,33.3,75,21.4,0,28.6,115.7,10,3,7,42.9,2,5,40,2,2,100,1,2,3,1,1,0,2,1,8,57.1,63.5,20.2,25,71.4,117.3,-1.6,5,2,40,0,0,0,2,2,100,1,2,0,0,1,1,100,1,0,0,5,2,40,2,0,0,0
Bashkimi,"J. Riley, D. Lake, L. Zeqiri, V. Bunjaku, I. Nwamu",1,259,9,3,8,37.5,0,1,0,3,4,75,2,3,5,4,0,0,1,2,8,70.1,77.9,62.3,30.8,38.5,37.5,46.1,133.3,40,100,6.8,50,12.5,107,9,3,6,50,3,4,75,0,0,0,0,3,3,2,0,2,1,3,6,75,75,14.3,0,66.7,133.9,-26.9,4,2,50,3,1,33.3,1,0,0,0,0,1,0,1,0,0,1,0,0,4,3,75,0,1,0,0
Bashkimi,"D. Lake, M. Janjeva, J. Baily, K. Anderson, V. Bunjaku",2,200,6,2,5,40,1,2,50,1,2,50,0,2,2,2,1,0,3,2,8,97.2,102.3,92.2,23.5,26.0,50,51,100,0,66.7,27.6,40,40,70.4,3,1,4,25,1,1,100,0,0,0,1,2,3,1,1,0,5,2,7,37.5,37.5,55.6,33.3,25,39.1,31.3,2,1,50,1,0,0,2,1,50,1,0,0,1,0,0,0,3,0,0,1,1,100,2,1,0,1
Bora,"C. Payton, A. Hunter, A. Mekic, A. Hot, R. Ukaj",2,296,14,5,8,62.5,4,6,66.7,0,0,0,2,5,7,4,0,2,3,0,8,62.3,70.1,54.5,34.3,44.0,87.5,87.5,80,66.7,50,20,0,75,162,4,2,12,16.7,0,4,0,0,0,0,5,1,6,0,0,0,0,3,6,16.7,16.7,0,50,33.3,59.5,102.5,1,1,100,1,0,0,6,4,66.7,0,2,1,0,6,2,33.3,2,0,0,4,0,0,0,0,0,0
Bora,"A. Hunter, S. Jules, A. Hot, R. Ukaj, R. Memedi",3,348,10,4,9,44.4,1,5,20,1,1,100,3,3,6,1,1,0,2,1,8,62.1,55.9,68.3,43.0,35.1,50,53,25,60,75,16.1,11.1,55.6,123.4,15,5,9,55.6,2,3,66.7,3,3,100,1,2,3,2,1,1,1,6,9,66.7,72.7,8.8,25,33.3,151.4,-28,2,2,100,2,1,50,5,1,20,1,0,1,0,4,2,50,2,1,50,3,2,66.7,1,0,0,0
Bora,"O. Kurtaj, S. Jules, A. Mekic, A. Hot, T. Cheese",2,295,8,3,6,50,2,2,100,0,0,0,2,1,3,0,2,0,5,3,8,65.9,70.3,61.5,34.1,39.0,66.7,66.7,0,66.7,100,45.5,0,33.3,92.6,9,4,5,80,0,1,0,1,2,50,0,1,1,2,4,0,2,4,7,80,76.5,25.4,0,20,119,-26.4,3,1,33.3,1,0,0,2,2,100,4,1,0,0,2,2,100,2,2,100,1,0,0,1,1,0,0
Bora,"O. Kurtaj, S. Jules, J. Zeqiri, T. Cheese, G. Singleton",2,280,4,1,8,12.5,0,2,0,2,2,100,2,4,6,0,0,0,2,3,8,88.5,73.1,104,32.8,23.1,12.5,22.5,0,28.6,80,18.4,25,25,46.9,11,3,8,37.5,1,3,33.3,4,6,66.7,1,5,6,1,2,1,3,3,12,43.8,51.7,22,20,37.5,90.7,-43.7,5,1,20,1,0,0,2,0,0,1,1,0,0,3,1,33.3,2,1,50,3,1,33.3,0,1,0,1
Bora,"O. Kurtaj, T. Jackson, A. Mekic, J. Zeqiri, G. Singleton",2,254,7,2,5,40,1,3,33.3,2,4,50,0,2,2,2,3,0,2,0,8,71.5,79.5,63.5,30.2,37.8,50,51.8,100,0,100,18.6,80,60,83.2,5,2,4,50,1,3,33.3,0,0,0,0,3,3,2,0,0,3,1,6,62.5,62.5,42.9,0,75,74.4,8.8,2,1,50,0,0,0,3,1,33.3,0,2,0,0,1,1,100,0,0,0,3,1,33.3,0,3,0,0
Bora,"S. Jules, D. Taylor, A. Mekic, J. Zeqiri, R. Ukaj",1,225,11,4,5,80,1,2,50,2,3,66.7,0,4,4,1,2,1,3,1,8,93.8,95.4,92.2,25.1,26.0,90,87,25,0,100,29.1,60,40,122.9,5,2,6,33.3,1,2,50,0,0,0,0,2,2,2,3,0,3,2,8,41.7,41.7,33.3,0,33.3,57.9,65.1,2,2,100,1,1,100,2,1,50,3,0,0,0,3,1,33.3,1,0,0,2,1,50,2,0,0,1
Bora,"S. Jules, D. Taylor, J. Zeqiri, G. Singleton, R. Memedi",1,266,8,4,9,44.4,0,4,0,0,0,0,2,4,6,2,0,1,2,2,8,76.9,78,75.9,30.8,31.6,44.4,44.4,50,40,100,15.4,0,44.4,92.6,8,2,7,28.6,0,4,0,4,4,100,0,3,3,2,1,1,0,3,8,28.6,45.7,0,0,57.1,95.1,-2.5,4,3,75,1,1,100,4,0,0,1,0,1,0,2,1,50,1,1,100,4,0,0,0,0,0,0
Bora,"T. Jackson, D. Taylor, J. Zeqiri, G. Singleton, R. Memedi",1,270,13,4,10,40,1,3,33.3,4,6,66.7,5,0,5,3,0,0,1,1,8,70.5,73.7,67.2,32.6,35.7,45,51.4,75,71.4,0,6,60,30,156.7,14,5,5,100,2,2,100,2,2,100,0,2,2,2,1,1,2,5,7,120,119,25.4,0,40,185.1,-28.3,6,3,50,1,0,0,3,1,33.3,1,0,0,0,3,3,100,0,0,0,2,2,100,1,1,0,0
Bora,"T. Jackson, A. Mekic, A. Hot, J. Zeqiri, T. Cheese",1,297,5,2,9,22.2,1,3,33.3,0,0,0,1,2,3,1,3,0,1,4,8,69.4,69.8,68.9,34.4,34.8,27.8,27.8,50,14.3,66.7,9.1,0,33.3,57.9,8,3,6,50,1,2,50,1,2,50,1,6,7,2,0,0,3,2,8,58.3,58.1,30.4,33.3,33.3,93.8,-36,4,1,25,2,0,0,3,1,33.3,0,1,0,0,3,2,66.7,1,0,0,2,1,50,3,0,0,0
GO+Peja,"S. Llapi, J. Johnson, F. Shoshaj, C. Edwards, O. Williams",1,228,6,1,7,14.3,0,3,0,4,4,100,2,1,3,0,0,1,2,1,8,84.7,88.5,80.8,27.1,29.7,14.3,34.2,0,40,50,18.6,57.1,42.9,71.3,10,5,7,71.4,0,1,0,0,0,0,1,3,4,2,1,0,2,4,7,71.4,71.4,22.2,50,14.3,130.2,-58.9,4,1,25,0,0,0,3,0,0,0,1,1,0,5,4,80,1,1,100,1,0,0,0,0,0,1
GO+Peja,"S. Llapi, C. Williams, L. Routt, M. Mala, D. Bracey",2,272,6,2,6,33.3,1,4,25,1,2,50,0,4,4,2,0,0,2,3,8,74.2,75.2,73.2,31.9,32.8,41.7,43.6,100,0,66.7,18.4,33.3,66.7,70.4,8,1,7,14.3,0,3,0,6,6,100,2,4,6,2,1,0,1,2,8,14.3,41.5,9.4,33.3,42.9,96.5,-26.1,1,0,0,1,1,100,4,1,25,1,1,0,0,4,1,25,0,0,0,3,0,0,0,0,0,1
GO+Peja,"S. Flatten, A. Herndon, M. Mala, O. Williams, A. Hajdari",1,215,12,3,7,42.9,2,6,33.3,4,6,66.7,1,2,3,0,2,1,0,4,8,88.5,92.6,84.4,25.9,28.4,57.1,62.2,0,20,66.7,0,85.7,85.7,144.7,6,2,5,40,1,1,100,1,2,50,1,4,5,1,0,0,3,3,7,50,51,33.8,33.3,20,79.3,65.4,1,1,100,0,0,0,6,2,33.3,0,0,0,0,3,1,33.3,1,0,0,1,1,100,2,0,0,1
GO+Peja,"J. Johnson, A. Herndon, M. Mala, T. Green, A. Hajdari",2,262,16,6,7,85.7,3,4,75,1,2,50,1,3,4,2,1,0,2,3,8,68.8,78.1,59.4,30.7,40.4,107.1,101.5,33.3,100,100,16.8,28.6,57.1,187.7,5,1,4,25,0,0,0,3,4,75,0,0,0,2,0,0,1,4,6,25,43.4,14.8,0,0,77,110.6,2,2,100,1,1,100,4,3,75,1,0,0,1,2,1,50,2,0,0,0,0,0,1,0,0,0
GO+Peja,"F. Shoshaj, A. Herndon, C. Edwards, O. Williams, A. Hajdari",2,263,8,3,9,33.3,1,3,33.3,1,2,50,1,3,4,1,0,0,0,1,8,73.4,77.8,69,30.9,34.8,38.9,40.5,33.3,16.7,75,0,22.2,33.3,93.8,11,4,8,50,1,3,33.3,2,2,100,1,5,6,2,0,0,0,2,7,56.2,61.9,0,25,37.5,145.4,-51.6,4,1,25,2,1,50,3,1,33.3,0,0,0,0,3,2,66.7,2,1,50,3,1,33.3,0,0,0,0
GO+Peja,"F. Shoshaj, D. Davis, M. Mala, D. Bracey, C. Edwards",2,267,7,3,6,50,1,2,50,0,0,0,0,3,3,1,1,0,3,3,8,81.5,77.7,85.3,30.9,28.2,58.3,58.3,33.3,0,100,30,0,33.3,81,10,4,6,66.7,2,3,66.7,0,2,0,0,3,3,2,2,1,3,2,9,83.3,72.7,30.4,0,50,105.4,-24.4,1,0,0,3,2,66.7,2,1,50,1,1,0,1,3,2,66.7,0,0,0,3,2,66.7,1,0,0,1
GO+Peja,"L. Routt, D. Davis, M. Mala, D. Bracey, A. Hajdari",2,288,11,4,8,50,3,5,60,0,0,0,1,1,2,3,1,0,2,4,8,71.5,72,71,33.3,33.8,68.8,68.8,75,25,100,15.4,0,62.5,127.3,17,6,7,85.7,3,3,100,2,2,100,0,3,3,4,0,0,1,1,8,107.1,107.9,11.3,0,42.9,199.4,-72.1,2,1,50,1,0,0,5,3,60,0,0,0,1,1,1,100,3,2,66.7,3,3,100,1,0,0,0
Golden Eagle Ylli,"J. Gray, L. Shoshi, D. Sabeckis, E. Kastrati, G. Morina",2,317,15,5,10,50,2,5,40,3,3,100,3,4,7,4,0,0,1,4,8,69.8,67.7,71.8,35.4,33.4,60,66.3,80,60,66.7,6.1,30,50,167.7,8,2,8,25,2,4,50,2,2,100,2,2,4,2,1,1,3,3,9,37.5,45,25.3,33.3,50,84.3,83.3,3,2,66.7,2,1,50,5,2,40,1,0,0,0,2,0,0,2,0,0,4,2,50,0,1,0,1
Golden Eagle Ylli,"J. Gray, L. Shoshi, S. Bamforth, E. Kastrati, B. Pass",2,198,8,1,4,25,1,4,25,5,6,83.3,0,3,3,1,2,0,2,1,8,92.9,100.5,85.2,23.9,28.2,37.5,60.2,100,0,60,20.7,150,100,96.5,6,1,6,16.7,1,3,33.3,3,3,100,2,4,6,2,0,0,2,5,7,25,41,21.5,40,50,85.4,11.1,0,0,0,0,0,0,4,1,25,0,0,0,1,3,0,0,0,0,0,3,1,33.3,0,2,0,0
Golden Eagle Ylli,"J. Gray, D. Sabeckis, B. Huffman, S. Bamforth, G. Morina",2,236,10,2,6,33.3,0,2,0,6,9,66.7,2,4,6,2,1,0,1,3,8,86.5,87.5,85.5,27.4,28.1,33.3,50.2,100,40,66.7,7.7,150,33.3,116.3,7,2,7,28.6,2,5,40,1,4,25,2,3,5,2,0,1,2,5,8,42.9,40,18.6,33.3,71.4,83.2,33,2,2,100,2,0,0,2,0,0,0,0,0,1,0,0,0,2,0,0,5,2,40,1,0,0,1
Golden Eagle Ylli,"J. Gray, S. Bamforth, E. Kastrati, T. Smith, G. Morina",2,304,11,3,8,37.5,1,5,20,4,4,100,4,3,7,2,2,0,3,1,8,71.1,66.4,75.8,36.1,31.7,43.8,56.4,66.7,80,75,20.3,50,62.5,130.8,12,5,9,55.6,2,6,33.3,0,0,0,1,1,2,2,1,1,2,3,9,66.7,66.7,18.2,25,66.7,125,5.8,3,2,66.7,0,0,0,5,1,20,2,0,1,0,2,2,100,1,1,100,6,2,33.3,1,1,0,0
Golden Eagle Ylli,"L. Shoshi, A. Çallakaj, L. Thomas, T. Allen, G. Morina",4,274,8,4,7,57.1,0,2,0,0,0,0,0,3,3,3,1,0,2,4,8,79.4,75.7,83.1,31.7,28.9,57.1,57.1,75,0,100,16.7,0,28.6,92.6,13,5,8,62.5,2,5,40,1,2,50,0,3,3,3,2,0,1,3,9,75,73.2,10.1,0,62.5,137.1,-44.5,2,2,100,3,2,66.7,2,0,0,1,1,0,0,1,1,100,2,2,100,5,2,40,1,0,0,0
Golden Eagle Ylli,"L. Shoshi, D. Sabeckis, S. Bamforth, D. Conger, G. Morina",3,265,4,1,6,16.7,1,3,33.3,1,2,50,1,2,3,1,1,0,3,6,8,72.3,77.2,67.5,31.1,35.6,25,29.1,100,25,66.7,27.6,33.3,50,46.9,10,3,6,50,1,2,50,3,4,75,1,3,4,1,2,0,1,1,7,58.3,64.4,11.4,33.3,33.3,134.2,-87.3,1,0,0,2,0,0,3,1,33.3,1,1,1,0,3,1,33.3,1,1,100,2,1,50,1,0,0,0
Golden Eagle Ylli,"L. Shoshi, D. Sabeckis, J. Reece, E. Kastrati, G. Morina",2,302,12,4,8,50,1,3,33.3,3,3,100,0,4,4,2,0,0,0,1,8,72.8,71.1,74.5,33.8,32.2,56.2,64.4,50,0,66.7,0,37.5,37.5,134.1,11,3,9,33.3,1,5,20,4,4,100,2,4,6,1,0,1,1,1,9,38.9,51.1,8.5,33.3,55.6,117.4,16.7,3,2,66.7,2,1,50,3,1,33.3,0,0,0,0,2,1,50,2,1,50,5,1,20,0,1,0,0
Golden Eagle Ylli,"A. Çallakaj, B. Huffman, J. Reece, E. Kastrati, G. Morina",1,185,7,2,5,40,0,1,0,3,5,60,1,3,4,0,0,0,3,2,8,88.4,114.6,62.3,20.9,38.5,40,48.6,0,33.3,75,29.4,100,20,79.3,6,2,6,33.3,2,3,66.7,0,0,0,1,2,3,2,1,0,0,2,4,50,50,0,25,50,125,-45.7,2,2,100,2,0,0,1,0,0,1,0,0,1,2,0,0,1,0,0,3,2,66.7,0,0,0,0
Golden Eagle Ylli,"A. Çallakaj, J. Reece, L. Thomas, B. Pass, G. Morina",2,289,7,3,7,42.9,1,2,50,0,0,0,1,3,4,2,1,0,3,1,8,75.3,71.8,78.8,33.4,30.5,50,50,66.7,25,100,25,0,28.6,81,11,4,7,57.1,1,2,50,2,2,100,0,3,3,1,2,1,2,2,9,64.3,69.8,20.2,0,28.6,116,-35,3,2,66.7,2,0,0,2,1,50,1,2,0,0,3,2,66.7,2,1,50,2,1,50,0,2,0,0
Peja,"S. Llapi, S. Flatten, J. Johnson, M. Mala, T. Green",1,357,8,2,12,16.7,0,6,0,4,6,66.7,6,3,9,2,0,0,0,4,8,62.6,55.8,69.4,43.0,34.6,16.7,27.3,100,54.5,60,0,50,50,96.5,5,1,8,12.5,0,2,0,3,4,75,2,5,7,2,0,2,3,5,10,12.5,25.6,23.5,40,25,48.4,48,4,1,25,2,1,50,6,0,0,0,0,0,0,2,1,50,3,0,0,2,0,0,0,1,2,0
Rahoveci 029,"J. Johnson, K. Pullian, H. Durguti, E. Haxhimurati, B. Rexha",1,194,12,2,5,40,1,2,50,7,10,70,2,2,4,1,1,1,1,0,8,105.2,99.8,110.7,24.1,21.7,50,63.8,50,33.3,66.7,8.8,200,40,148.8,9,3,7,42.9,0,4,0,3,3,100,1,4,5,3,0,0,2,5,8,42.9,54.1,19.4,33.3,57.1,100.6,48.2,1,1,100,2,0,0,2,1,50,1,0,0,0,3,3,100,0,0,0,4,0,0,0,1,0,1
Rahoveci 029,"J. Johnson, K. Pullian, V. Ejupi, E. Haxhimurati, F. Rugova",2,245,9,3,7,42.9,0,2,0,3,3,100,0,4,4,1,0,0,1,4,8,75.6,87.6,63.6,27.4,37.8,42.9,54.1,33.3,0,80,9.7,42.9,28.6,100.6,8,2,6,33.3,1,3,33.3,3,4,75,1,4,5,1,0,0,0,2,6,41.7,51.5,0,20,50,123.3,-22.7,5,3,60,0,0,0,2,0,0,0,1,0,0,1,0,0,2,1,50,3,1,33.3,0,0,0,0
Rahoveci 029,"J. Johnson, K. Pullian, E. Peci, B. Rexha, F. Rugova",1,248,7,3,6,50,1,2,50,0,0,0,0,6,6,0,0,1,3,1,8,87.1,83.6,90.7,28.7,26.5,58.3,58.3,0,0,75,33.3,0,33.3,81,4,1,8,12.5,0,4,0,2,4,50,2,3,5,0,3,1,2,2,9,12.5,20.5,17,25,50,42.7,38.3,4,2,50,0,0,0,2,1,50,2,1,0,0,2,1,50,2,0,0,4,0,0,2,0,0,0
Rahoveci 029,"J. Johnson, V. Ejupi, J. Roche, E. Peci, A. Berisha",1,255,4,2,9,22.2,0,5,0,0,0,0,1,1,2,1,3,0,1,1,8,78.8,81.3,76.3,29.5,31.5,22.2,22.2,50,16.7,100,9.1,0,55.6,46.3,7,2,3,66.7,2,3,66.7,1,1,100,0,5,5,2,0,0,5,3,8,100,101.7,59.2,0,100,86.4,-40.1,3,1,33.3,1,1,100,5,0,0,1,0,0,0,0,0,0,0,0,0,3,2,66.7,3,0,0,1
Rahoveci 029,"K. Pullian, V. Ejupi, J. Roche, J. Johnson, B. Rexha",1,245,3,1,6,16.7,0,3,0,1,2,50,2,2,4,0,1,0,4,2,8,79.4,83.5,75.2,28.7,31.9,16.7,21.8,0,40,50,36.8,33.3,50,35.2,6,3,7,42.9,0,2,0,0,0,0,2,3,5,0,2,0,3,0,7,42.9,42.9,30,50,28.6,78.1,-42.9,2,1,50,1,0,0,3,0,0,3,1,0,0,4,3,75,1,0,0,2,0,0,0,3,0,0
Rahoveci 029,"K. Pullian, V. Ejupi, J. Johnson, F. Rugova, A. Thomas",2,258,8,3,7,42.9,2,4,50,0,1,0,1,6,7,3,0,1,2,3,8,72.3,75.4,69.3,31.8,34.6,57.1,53.8,100,25,100,16.1,14.3,57.1,98.7,4,0,6,0,0,5,0,4,4,100,0,3,3,1,1,0,0,2,7,0,25.8,0,0,83.3,53.7,45,2,1,50,1,0,0,4,2,50,0,2,0,0,1,0,0,0,0,0,5,0,0,0,0,0,0
Rahoveci 029,"K. Pullian, A. Berisha, N. Mcloud, F. Rugova, A. Thomas",2,297,7,3,5,60,1,2,50,0,2,0,0,5,5,1,0,0,3,0,8,70.6,68.9,72.3,34.8,33.2,70,59.5,33.3,0,71.4,30.4,40,40,82.1,12,4,10,40,2,7,28.6,2,3,66.7,2,3,5,4,1,1,0,3,8,50,53,0,28.6,70,134.1,-52,2,1,50,1,1,100,2,1,50,2,0,1,0,2,1,50,1,1,100,7,2,28.6,0,0,0,0
Rahoveci 029,"H. Durguti, V. Ejupi, J. Roche, J. Johnson, I. Umipig",1,270,8,3,8,37.5,1,2,50,1,2,50,1,4,5,2,0,0,1,2,8,75.8,75.8,75.8,31.7,31.7,43.8,45,66.7,25,80,8.4,25,25,93.8,12,5,9,55.6,2,6,33.3,0,2,0,1,3,4,0,0,1,0,3,8,66.7,60.7,0,20,66.7,140.8,-46.9,1,0,0,5,2,40,2,1,50,0,0,1,0,3,3,100,0,0,0,6,2,33.3,0,0,0,0
Rahoveci 029,"H. Durguti, J. Roche, J. Johnson, F. Rugova, I. Umipig",1,330,17,6,7,85.7,3,3,100,2,2,100,0,3,3,2,0,0,1,2,8,58.9,62,55.9,38.7,43.0,107.1,107.9,33.3,0,100,9.2,28.6,42.9,199.4,4,2,5,40,0,0,0,0,0,0,0,1,1,0,1,0,3,1,7,40,40,37.5,0,0,52.1,147.3,2,1,50,2,2,100,3,3,100,0,1,0,0,4,1,25,1,1,100,0,0,0,0,3,0,0
Rahoveci 029,"V. Ejupi, J. Roche, J. Johnson, F. Rugova, I. Umipig",2,349,13,5,9,55.6,3,5,60,0,2,0,3,2,5,2,1,1,2,2,8,71.4,58.6,84.2,40.9,28.5,72.2,65.8,40,60,66.7,14.4,22.2,55.6,152.5,15,4,8,50,3,7,42.9,4,4,100,1,2,3,4,1,0,4,2,12,68.8,76.8,29.1,33.3,87.5,122.5,30,2,1,50,2,1,50,5,3,60,0,1,0,1,0,0,0,1,1,100,7,3,42.9,1,0,1,1
Sigal Prishtina,"A. Bailey, A. Azemi, G. Hoti, G. Hoti, D. Polloshka",1,291,6,3,7,42.9,0,2,0,0,0,0,1,4,5,1,0,0,3,7,8,67.1,71.3,63,33.7,38.1,42.9,42.9,33.3,33.3,80,27.3,0,28.6,69.4,7,0,5,0,0,2,0,7,9,77.8,1,2,3,1,1,0,0,4,7,0,39.1,0,20,40,91.6,-22.2,4,3,75,1,0,0,2,0,0,1,1,1,0,1,0,0,2,0,0,2,0,0,0,0,0,0
Sigal Prishtina,"A. Bailey, A. Azemi, G. Hoti, K. Kramer, D. Polloshka",2,319,12,4,8,50,2,3,66.7,2,2,100,0,6,6,3,0,0,0,2,8,68.2,64.1,72.2,37.4,33.2,62.5,67.6,75,0,100,0,25,37.5,140.8,10,4,10,40,2,5,40,0,0,0,0,4,4,2,0,1,0,3,9,50,50,0,0,50,104.2,36.6,5,2,40,0,0,0,3,2,66.7,0,0,0,0,3,1,33.3,2,1,50,5,2,40,0,0,0,0
Sigal Prishtina,"A. Bailey, A. Lomax, D. Polloshka, A. Morina, V. Kakruki",1,283,10,3,6,50,0,2,0,4,5,80,1,1,2,2,1,1,2,2,8,77.2,74.9,79.5,32.0,30.2,50,61,66.7,25,50,16.4,83.3,33.3,113.2,9,3,5,60,1,1,100,2,4,50,1,3,4,3,1,1,4,5,9,70,66.6,37.2,50,20,96.1,17.2,3,3,100,1,0,0,2,0,0,2,0,0,0,4,2,50,0,0,0,1,1,100,2,0,0,1
Sigal Prishtina,"A. Bailey, G. Hoti, D. Burns, E. Williams Jr, V. Kakruki",1,235,7,3,5,60,1,1,100,0,0,0,1,4,5,1,0,0,5,1,8,88.2,88.2,88.2,27.2,27.2,70,70,33.3,50,100,45.5,0,20,81,7,3,8,37.5,1,4,25,0,0,0,0,1,1,2,0,0,1,2,8,43.8,43.8,11.1,0,50,81,0,3,2,66.7,1,0,0,1,1,100,2,0,0,2,3,1,33.3,1,1,100,4,1,25,0,0,1,0
Sigal Prishtina,"A. Azemi, D. Haxhosaj, D. Burns, G. Hoti, K. Kramer",1,281,8,3,8,37.5,1,2,50,1,2,50,2,2,4,1,0,1,2,2,8,74.6,72.8,76.4,33.0,31.4,43.8,45,33.3,33.3,66.7,16.8,25,25,93.8,15,6,9,66.7,0,1,0,3,3,100,1,4,5,2,1,0,0,2,8,66.7,72.7,0,33.3,11.1,167.7,-73.8,3,2,66.7,3,0,0,2,1,50,1,1,0,0,6,4,66.7,2,2,100,1,0,0,0,0,0,0
Trepça,"M. Tmusic, C. Rusell, M. Amzil, D. Kapiti, A. Vining",1,255,6,2,7,28.6,0,3,0,2,2,100,0,2,2,2,1,0,1,1,8,80.2,80.2,80.2,29.9,29.9,28.6,38.1,100,0,66.7,9.2,28.6,42.9,70.4,12,4,8,50,2,3,66.7,2,2,100,1,5,6,4,1,0,1,0,8,62.5,67.6,10.1,33.3,37.5,140.8,-70.4,2,2,100,2,0,0,3,0,0,1,0,0,0,3,2,66.7,2,0,0,3,2,66.7,0,1,0,0
Trepça,"M. Tmusic, S. Jones, M. Amzil, A. Vining, S. Henry",4,299,10,4,7,57.1,2,3,66.7,0,0,0,1,0,1,4,3,0,3,1,8,70.6,69.4,71.8,34.6,33.4,71.4,71.4,100,33.3,0,21.4,0,42.9,115.7,14,5,6,83.3,1,1,100,3,3,100,1,2,3,4,3,1,3,2,8,91.7,95.6,29.1,100,16.7,156.5,-40.7,3,1,33.3,1,1,100,3,2,66.7,2,1,0,0,5,4,80,0,0,0,1,1,100,1,2,0,0
Trepça,"M. Tmusic, C. Brown, M. Amzil, A. Vining, B. Tuna",2,230,7,3,6,50,0,2,0,1,3,33.3,2,2,4,1,1,1,4,3,8,85.5,93.4,77.7,25.7,30.9,50,47.8,33.3,50,66.7,32.5,50,33.3,78.2,10,3,6,50,1,2,50,3,4,75,1,2,3,1,2,0,1,3,7,58.3,64.4,11.4,33.3,33.3,134.2,-56,3,2,66.7,1,1,100,2,0,0,1,3,0,0,4,2,50,0,0,0,2,1,50,1,0,0,0
Trepça,"D. Hajrizi, J. Payne, D. Kapiti, A. Vining, S. Henry",2,195,8,4,8,50,0,3,0,0,0,0,1,2,3,1,2,0,2,5,8,98.3,106.3,90.3,22.6,26.6,50,50,25,25,66.7,18.2,0,37.5,92.6,9,2,4,50,1,2,50,4,6,66.7,1,3,4,1,1,0,2,1,7,62.5,67.8,23.1,33.3,50,122.7,-30.1,3,2,66.7,2,2,100,3,0,0,1,1,0,0,1,1,100,1,0,0,2,1,50,1,1,0,0
Trepça,"D. Hajrizi, D. Kapiti, A. Vining, K. Hasbrouck, S. Henry",4,289,11,4,9,44.4,2,4,50,1,1,100,2,2,4,3,0,1,1,5,8,74.8,67.3,82.3,35.7,29.2,55.6,58.3,75,40,50,7.4,11.1,44.4,135.8,14,6,9,66.7,1,2,50,1,3,33.3,2,3,5,2,0,0,2,2,9,72.2,67.8,16.2,50,22.2,141.3,-5.5,5,2,40,0,0,0,4,2,50,0,1,0,0,6,5,83.3,1,0,0,2,1,50,0,0,0,1
Trepça,"M. Amzil, J. Payne, D. Kapiti, S. Henry, B. Tuna",2,296,6,3,12,25,0,6,0,0,0,0,5,3,8,0,1,1,2,3,8,65.7,70.1,61.3,34.3,39.1,25,25,0,55.6,75,14.3,0,50,69.4,5,2,6,33.3,0,2,0,1,2,50,1,4,5,0,1,0,2,3,7,33.3,36.3,22.5,25,33.3,66.1,3.3,3,2,66.7,3,1,33.3,6,0,0,1,0,1,0,2,1,50,2,1,50,2,0,0,1,0,0,1
Vëllaznimi,"Z. Reid, Y. Anei, A. Koshi, S. Zekiqi, J. Hellems",1,221,12,3,4,75,0,0,0,6,8,75,0,1,1,0,1,0,1,4,8,87.2,88.8,85.5,27.0,28.1,75,79.8,0,0,50,11.7,200,0,146.7,12,3,5,60,1,2,50,5,5,100,1,1,2,1,1,0,2,4,7,70,83.3,21.7,50,40,152.4,-5.7,2,2,100,2,1,50,0,0,0,1,0,0,0,2,2,100,1,0,0,2,1,50,1,1,0,0
Vëllaznimi,"Z. Reid, Y. Anei, A. Koshi, A. Rushiti, J. Hellems",2,256,14,2,5,40,0,2,0,10,11,90.9,2,4,6,0,2,0,1,1,8,79.2,79.6,78.8,30.2,30.4,40,71.1,0,66.7,100,9.2,220,40,165,8,2,5,40,1,4,25,3,4,75,0,1,1,1,1,0,2,8,8,50,59.2,22.8,0,80,95.1,69.8,1,1,100,2,1,50,2,0,0,0,1,0,0,0,0,0,1,1,100,4,1,25,1,1,0,0
Vëllaznimi,"Z. Reid, Y. Anei, S. Zekiqi, R. Dahsyla, T. Todd",3,286,6,3,7,42.9,0,2,0,0,2,0,1,4,5,0,0,0,2,2,8,71.5,71.5,71.5,33.5,33.5,42.9,38.1,0,20,80,20.2,28.6,28.6,70.4,10,4,9,44.4,1,2,50,1,2,50,1,4,5,4,1,0,0,2,8,50,50.6,0,20,22.2,117.3,-46.9,4,3,75,1,0,0,2,0,0,2,0,0,0,3,2,66.7,4,1,25,2,1,50,0,0,0,0
Vëllaznimi,"Z. Reid, A. Bedra, D. Dedushaj, A. Gordon, E. Cingu",1,153,5,2,7,28.6,0,0,0,1,1,100,1,2,3,0,0,0,2,3,8,118.7,127.1,110.2,18.9,21.8,28.6,33.6,0,25,100,21.2,14.3,0,61.7,10,4,6,66.7,0,1,0,2,3,66.7,0,3,3,2,1,1,0,2,7,66.7,68.3,0,0,16.7,142.3,-80.6,5,2,40,2,0,0,0,0,0,1,0,1,0,4,3,75,1,1,100,1,0,0,0,0,0,0
Vëllaznimi,"Z. Reid, S. Zekiqi, L. Colimerio, R. Dahsyla, T. Todd",2,337,8,3,9,33.3,0,5,0,2,2,100,2,4,6,0,0,0,1,0,8,65.6,60.7,70.6,39.5,34.0,33.3,40.5,0,33.3,80,9.2,22.2,55.6,93.8,14,4,9,44.4,3,7,42.9,3,3,100,1,4,5,2,0,0,1,2,9,61.1,67.8,8.8,20,77.8,141.3,-47.5,3,2,66.7,1,1,100,5,0,0,0,1,0,0,1,1,100,1,0,0,7,3,42.9,0,0,1,0
Bashkimi,"M. Armstead, K. Wooten, I. Cousins, T. Bickerstaff, K. Anderson",1,228,8,3,6,50,0,1,0,2,2,100,1,3,4,1,1,0,2,3,7,73.4,79.6,67.1,30.1,35.8,50,58.1,33.3,33.3,75,20.2,33.3,16.7,105.8,7,1,4,25,1,2,50,4,6,66.7,1,2,3,1,1,0,1,1,6,37.5,52.7,13.1,25,50,109.8,-4.1,2,1,50,3,2,66.7,1,0,0,1,1,0,0,2,0,0,0,0,0,2,1,50,1,0,0,0
Bashkimi,"M. Armstead, K. Wooten, J. Riley, L. Zeqiri, S. Shorter",2,318,12,3,8,37.5,2,4,50,4,4,100,3,4,7,1,0,2,1,1,7,60.3,56.2,64.3,42.7,37.3,50,61.5,33.3,60,80,8.5,50,50,161.1,10,4,9,44.4,0,3,0,2,2,100,1,2,3,1,0,1,0,4,8,44.4,50.6,0,20,33.3,117.3,43.8,0,0,0,4,1,25,4,2,50,0,0,0,1,3,2,66.7,3,2,66.7,3,0,0,0,0,0,0
Bashkimi,"M. Armstead, K. Wooten, L. Zeqiri, K. Anderson, S. Shorter",1,239,13,5,7,71.4,1,1,100,2,2,100,1,1,2,2,3,0,1,3,7,80.8,76,85.6,31.6,28.0,78.6,82.5,40,50,25,9.2,28.6,14.3,171.8,12,4,8,50,2,6,33.3,2,2,100,3,1,4,1,1,0,3,3,8,62.5,67.6,25.3,75,75,140.8,31.1,5,4,80,1,0,0,1,1,100,0,1,0,0,2,2,100,0,0,0,6,2,33.3,2,1,0,0
Bashkimi,"I. Cousins, M. Janjeva, T. Bickerstaff, V. Bunjaku, I. Nwamu",2,241,11,4,7,57.1,2,4,50,1,2,50,1,2,3,5,1,0,1,2,7,71.1,75.3,66.9,31.9,35.9,71.4,69.8,125,33.3,66.7,7.2,28.6,57.1,145.4,8,3,6,50,2,4,50,0,0,0,1,2,3,1,1,0,2,1,6,66.7,66.7,25,33.3,66.7,119,26.4,1,1,100,2,1,50,4,2,50,1,0,0,0,2,1,50,0,0,0,4,2,50,1,1,0,0
Bashkimi,"J. Riley, D. Lake, M. Ismaili, V. Bunjaku, S. Shorter",1,264,8,4,8,50,0,2,0,0,0,0,2,2,4,1,1,0,2,2,7,65.5,69.8,61.1,34.4,39.3,50,50,25,50,66.7,18.2,0,25,104.2,8,4,7,57.1,0,2,0,0,0,0,1,2,3,3,0,1,1,3,6,57.1,57.1,12.5,33.3,28.6,119,-14.9,2,1,50,4,3,75,2,0,0,0,0,0,1,5,4,80,0,0,0,2,0,0,1,0,0,0
Bashkimi,"D. Lake, M. Ismaili, M. Janjeva, K. Anderson, I. Nwamu",1,249,11,3,6,50,2,4,50,3,3,100,1,2,3,1,1,0,2,1,7,70.9,77,64.8,31.2,37.1,66.7,75.1,33.3,33.3,66.7,19.4,50,66.7,137.7,7,3,6,50,1,2,50,0,0,0,1,2,3,2,0,1,2,0,6,58.3,58.3,25,33.3,33.3,104.2,33.6,1,1,100,1,0,0,4,2,50,0,0,0,1,2,1,50,2,1,50,2,1,50,1,0,0,1
Bashkimi,"D. Lake, L. Zeqiri, K. Anderson, V. Bunjaku, S. Shorter",2,329,13,4,5,80,2,3,66.7,3,6,50,0,4,4,2,0,1,0,1,7,58.3,53.5,63,44.9,38.1,100,85.1,50,0,80,0,120,60,177.2,12,4,9,44.4,4,6,66.7,0,0,0,1,2,3,3,0,0,1,6,8,66.7,66.7,10,20,66.7,138.9,38.4,2,2,100,0,0,0,3,2,66.7,0,0,0,0,1,0,0,2,0,0,6,4,66.7,0,0,1,0
Bashkimi,"M. Janjeva, T. Bickerstaff, V. Bunjaku, S. Shorter, I. Nwamu",2,266,7,3,10,30,1,6,16.7,0,0,0,3,5,8,1,0,1,1,1,7,69.3,69.3,69.3,34.6,34.6,35,35,33.3,42.9,71.4,8.3,0,60,91.1,6,3,10,30,0,3,0,0,0,0,2,4,6,0,0,0,0,2,7,30,30,0,28.6,30,78.1,13,2,1,50,2,1,50,6,1,16.7,0,0,0,1,7,3,42.9,0,0,0,3,0,0,0,0,0,0
Bashkimi,"L. Zeqiri, T. Bickerstaff, V. Bunjaku, S. Shorter, I. Nwamu",1,205,10,4,8,50,0,1,0,2,2,100,1,1,2,1,1,0,0,0,7,82.9,88.6,77.3,27.1,31.0,50,56.3,25,25,100,0,25,12.5,132.2,12,4,5,80,2,3,66.7,2,2,100,0,3,3,2,0,2,1,0,6,100,102,14.5,0,60,181.7,-49.5,5,3,60,2,1,50,1,0,0,0,0,0,0,2,2,100,0,0,0,3,2,66.7,1,0,0,0
Bora,"C. Payton, A. Hunter, A. Mekic, J. Zeqiri, R. Ukaj",1,211,6,3,8,37.5,0,2,0,0,0,0,1,3,4,2,1,0,1,3,7,92.2,87.4,97,27.5,24.8,37.5,37.5,66.7,20,100,9.1,0,25,78.1,6,2,5,40,1,2,50,1,2,50,0,4,4,1,1,1,3,1,8,50,51,33.8,0,40,70.4,7.7,5,3,60,1,0,0,2,0,0,1,0,0,0,2,0,0,1,1,100,2,1,50,1,2,0,0
Bora,"C. Payton, A. Hunter, J. Zeqiri, T. Cheese, G. Zeqiri",2,297,13,5,8,62.5,2,4,50,1,3,33.3,1,5,6,3,1,2,0,1,7,70.6,64.5,76.6,37.2,31.3,75,69.7,60,33.3,71.4,0,37.5,50,162.8,10,3,10,30,2,4,50,2,2,100,2,2,4,2,0,1,1,5,9,40,46,8.4,28.6,40,105.4,57.3,3,2,66.7,1,1,100,4,2,50,0,0,0,0,5,1,20,1,0,0,4,2,50,1,0,0,0
Bora,"A. Hunter, S. Jules, A. Mekic, A. Hot, G. Zeqiri",2,163,3,1,2,50,0,0,0,1,2,50,1,1,2,2,1,0,6,4,7,110.5,111.4,109.7,21.5,21.9,50,52.1,200,50,100,55.1,100,0,39.7,8,2,3,66.7,1,2,50,3,4,75,0,1,1,2,1,0,3,3,7,83.3,84,38.7,0,66.7,107.4,-67.7,1,1,100,1,0,0,0,0,0,1,0,0,3,1,1,100,0,0,0,2,1,50,0,1,0,1
Bora,"A. Hunter, A. Mekic, J. Zeqiri, T. Cheese, R. Memedi",2,227,10,3,5,60,0,1,0,4,6,66.7,1,3,4,1,0,0,1,1,7,71.5,77.5,65.4,31.0,36.7,60,65.4,33.3,50,60,10.4,120,20,136.3,4,2,6,33.3,0,1,0,0,1,0,2,1,3,0,1,0,2,7,6,33.3,31.1,23.7,40,16.7,64.7,71.6,4,3,75,0,0,0,1,0,0,1,0,0,0,4,2,50,1,0,0,1,0,0,0,0,0,1
Bora,"S. Jules, A. Mekic, A. Hot, J. Zeqiri, Y. Pllana",1,184,2,1,4,25,0,2,0,0,0,0,0,2,2,0,1,1,4,1,7,93.9,100.2,87.7,24.0,27.4,25,25,0,0,66.7,50,0,50,26,7,3,6,50,1,2,50,0,0,0,1,3,4,2,2,0,2,1,6,58.3,58.3,25,33.3,33.3,104.2,-78.1,1,0,0,1,1,100,2,0,0,0,4,0,0,3,1,33.3,1,1,100,2,1,50,0,2,0,0
Bora,"J. Dingle, J. Zeqiri, T. Cheese, R. Ukaj, R. Memedi",1,202,9,4,8,50,0,3,0,1,2,50,1,2,3,4,1,0,0,1,7,79.2,89.9,68.4,26.7,35.1,50,50.7,100,20,100,0,25,37.5,119,7,3,5,60,1,3,33.3,0,0,0,0,4,4,1,0,0,1,2,5,70,70,16.7,0,60,121.5,-2.6,4,3,75,1,1,100,3,0,0,0,0,0,0,1,1,100,1,1,100,3,1,33.3,1,0,0,0
GO+Peja,"S. Flatten, J. Johnson, M. Armstead, M. Mala, C. Edwards",2,214,14,5,5,100,1,1,100,3,3,100,0,0,0,4,0,0,1,2,7,71.1,78.8,63.3,30.5,37.9,110,110.8,80,0,0,8.8,60,20,199.2,10,4,7,57.1,1,4,25,1,2,50,2,0,2,2,1,0,0,2,5,64.3,63.5,0,100,57.1,177.2,22.1,1,1,100,3,3,100,1,1,100,1,0,0,0,3,3,100,0,0,0,4,1,25,0,0,0,0
GO+Peja,"S. Flatten, D. Berisha, A. Herndon, M. Mala, C. Edwards",3,184,8,3,6,50,1,2,50,1,4,25,2,3,5,2,0,0,2,4,7,97.2,97.2,97.2,24.7,24.7,58.3,51.5,66.7,40,75,17,66.7,33.3,107.4,12,3,7,42.9,2,5,40,4,4,100,1,3,4,2,1,1,0,2,7,57.1,68.5,0,25,71.4,161.1,-53.7,2,1,50,2,1,50,2,1,50,1,1,0,0,2,1,50,0,0,0,5,2,40,0,0,0,0
GO+Peja,"S. Flatten, D. Ademaj, M. Mala, C. Edwards, A. Hajdari",2,225,11,3,7,42.9,1,3,33.3,4,4,100,1,3,4,2,0,1,0,1,7,84.6,79.5,89.7,30.2,26.8,50,62.8,66.7,33.3,60,0,57.1,42.9,147.7,7,2,7,28.6,0,2,0,3,4,75,2,2,4,1,0,0,2,3,8,28.6,40,18.6,40,28.6,83.2,64.4,2,2,100,2,0,0,3,1,33.3,0,0,0,0,5,2,40,0,0,0,2,0,0,0,0,0,1
GO+Peja,"C. Williams, L. Routt, D. Davis, M. Mala, A. Hajdari",2,226,5,1,5,20,0,2,0,3,7,42.9,1,4,5,1,0,0,1,3,7,75.6,82.4,68.9,29.1,34.8,20,30.9,100,14.3,80,9.9,140,40,64.5,1,0,5,0,0,2,0,1,4,25,1,6,7,0,1,1,1,6,6,0,7.4,12.9,20,40,15.4,49.1,2,1,50,1,0,0,2,0,0,1,0,0,0,0,0,0,3,0,0,2,0,0,0,0,1,0
Golden Eagle Ylli,"J. Gray, L. Shoshi, A. Çallakaj, S. Bamforth, G. Morina",1,255,11,4,6,66.7,3,5,60,0,0,0,0,3,3,1,1,1,2,3,7,71.7,72.3,71.2,33.2,33.7,91.7,91.7,25,0,37.5,22.2,0,83.3,143.2,9,4,11,36.4,0,2,0,1,2,50,5,2,7,1,1,0,1,0,7,36.4,37.9,7.8,62.5,18.2,119,24.3,1,1,100,0,0,0,5,3,60,0,1,1,0,9,4,44.4,0,0,0,2,0,0,1,0,0,0
Golden Eagle Ylli,"J. Gray, L. Shoshi, S. Bamforth, B. Pass, G. Morina",1,192,6,2,9,22.2,1,4,25,1,1,100,2,2,4,1,1,0,0,1,7,86.6,89.3,84,26.9,28.6,27.8,31.8,50,28.6,66.7,0,11.1,44.4,84,6,2,5,40,2,5,40,0,0,0,1,5,6,2,0,0,3,1,6,60,60,37.5,33.3,100,89.3,-5.3,5,1,20,0,0,0,4,1,25,0,0,0,0,0,0,0,0,0,0,5,2,40,2,1,0,0
Golden Eagle Ylli,"L. Shoshi, A. Çallakaj, L. Thomas, T. Allen, B. Pass",1,206,9,2,7,28.6,1,4,25,4,4,100,2,2,4,1,1,0,1,1,7,86.8,86.8,86.8,27.7,27.7,35.7,51.4,50,40,50,9.3,57.1,57.1,120.8,8,2,6,33.3,0,2,0,4,4,100,2,3,5,1,1,0,2,3,7,33.3,51.5,20.5,50,33.3,107.4,13.4,3,1,33.3,0,0,0,4,1,25,1,0,0,0,3,1,33.3,1,1,100,2,0,0,1,1,0,0
Golden Eagle Ylli,"L. Shoshi, A. Çallakaj, E. Kastrati, D. Conger, G. Morina",1,273,12,4,9,44.4,2,2,100,2,2,100,2,4,6,1,0,0,0,2,7,66.5,66.5,66.5,36.1,36.1,55.6,60.7,25,40,66.7,0,22.2,22.2,158.6,10,3,9,33.3,2,5,40,2,2,100,2,3,5,2,0,0,0,2,7,44.4,50.6,0,33.3,55.6,132.2,26.4,4,1,25,3,1,33.3,2,2,100,0,0,0,0,4,1,25,0,0,0,5,2,40,0,0,0,0
Golden Eagle Ylli,"L. Shoshi, T. Allen, E. Kastrati, B. Pass, G. Morina",1,289,7,3,8,37.5,1,2,50,0,0,0,2,3,5,1,0,1,2,1,7,63.8,63.8,63.8,37.6,37.6,43.8,43.8,33.3,40,60,18.2,0,25,91.1,11,5,10,50,1,2,50,0,0,0,2,3,5,4,2,0,0,3,7,55,55,0,40,20,143.2,-52.1,4,1,25,2,1,50,2,1,50,0,2,0,0,5,3,60,3,1,33.3,2,1,50,0,0,0,0
Golden Eagle Ylli,"L. Shoshi, E. Kastrati, D. Conger, B. Pass, G. Morina",1,292,2,1,6,16.7,0,4,0,0,0,0,0,3,3,1,0,1,2,3,7,68.3,63.1,73.5,38.0,32.6,16.7,16.7,100,0,75,22.2,0,66.7,26,10,3,8,37.5,1,4,25,3,3,100,1,5,6,2,1,0,1,1,8,43.8,53.6,9.7,25,50,111.8,-85.7,2,1,50,0,0,0,4,0,0,0,1,0,1,3,2,66.7,1,0,0,4,1,25,0,1,0,0
Golden Eagle Ylli,"D. Sabeckis, B. Huffman, S. Bamforth, B. Pass, A. Gashi",1,271,12,5,9,55.6,2,3,66.7,0,0,0,3,1,4,2,1,0,2,2,7,75.5,68,83,35.3,28.9,66.7,66.7,40,75,100,15.4,0,33.3,156.2,14,5,7,71.4,0,1,0,4,4,100,0,1,1,3,1,1,1,0,9,71.4,79.9,10.2,0,14.3,149.4,6.8,5,3,60,1,0,0,3,2,66.7,2,0,0,0,4,4,100,2,1,50,1,0,0,1,0,0,0
Peja,"S. Llapi, D. Morris, M. Mala, T. Green, C. Edwards",1,235,8,2,7,28.6,0,2,0,4,5,80,1,5,6,1,0,1,0,3,7,78.8,80.4,77.3,29.9,31.1,28.6,43.5,50,25,100,0,71.4,28.6,101.6,5,2,7,28.6,0,2,0,1,2,50,0,3,3,0,0,0,0,3,7,28.6,31.7,0,0,28.6,66.1,35.5,3,2,66.7,2,0,0,2,0,0,0,0,0,0,3,2,66.7,1,0,0,2,0,0,0,0,0,0
Rahoveci 029,"K. Pullian, V. Ejupi, J. Johnson, A. Berisha, A. Thomas",2,244,12,5,7,71.4,0,2,0,2,2,100,0,1,1,2,1,0,0,2,7,65.5,74.4,56.7,32.3,42.4,71.4,76.1,40,0,100,0,28.6,28.6,158.6,9,4,5,80,1,1,100,0,0,0,0,2,2,2,0,0,1,1,5,90,90,16.7,0,20,156.2,2.4,5,5,100,0,0,0,2,0,0,0,0,0,0,3,2,66.7,1,1,100,1,1,100,1,0,0,0
Rahoveci 029,"K. Pullian, V. Ejupi, B. Rexha, N. Mcloud, I. Umipig",1,287,2,0,6,0,0,3,0,2,2,100,1,4,5,0,0,1,2,1,7,63.3,63.3,63.3,37.9,37.9,0,14.5,0,16.7,66.7,22.5,33.3,50,26.4,10,3,9,33.3,2,4,50,2,2,100,2,5,7,3,0,0,0,2,7,44.4,50.6,0,33.3,44.4,132.2,-105.8,1,0,0,2,0,0,3,0,0,1,1,0,0,2,0,0,3,1,33.3,4,2,50,0,0,0,0
Rahoveci 029,"K. Pullian, V. Ejupi, N. Mcloud, J. Mccorrmick, F. Rugova",3,262,10,3,5,60,0,0,0,4,5,80,1,2,3,1,1,0,2,0,7,62.4,72.1,52.8,33.3,45.5,60,69.4,33.3,50,66.7,19.6,100,0,127,2,1,4,25,0,1,0,0,0,0,1,1,2,1,1,0,3,2,5,25,25,42.9,33.3,25,34.7,92.3,3,2,66.7,2,1,50,0,0,0,1,0,1,0,2,1,50,1,0,0,1,0,0,2,0,0,1
Rahoveci 029,"K. Pullian, V. Ejupi, F. Rugova, I. Umipig, A. Thomas",2,247,2,0,7,0,0,5,0,2,3,66.7,1,2,3,0,0,0,1,5,7,69.8,77.6,61.9,30.9,38.7,0,12,0,14.3,66.7,10.7,42.9,71.4,25,8,2,4,50,0,0,0,4,6,66.7,1,6,7,2,1,0,1,3,6,50,60.2,13.1,33.3,0,125.5,-100.5,1,0,0,1,0,0,5,0,0,1,0,0,0,2,2,100,2,0,0,0,0,0,0,0,0,1
Rahoveci 029,"K. Pullian, J. Roche, A. Berisha, E. Haxhimurati, B. Rexha",1,191,10,4,7,57.1,2,3,66.7,0,0,0,1,2,3,1,3,1,2,2,7,88.3,96.5,80.1,24.9,30.0,71.4,71.4,25,50,50,20,0,42.9,130.2,4,0,3,0,0,1,0,4,6,66.7,2,1,3,0,1,0,3,1,6,0,35.5,34.7,50,33.3,62.8,67.5,2,1,50,2,1,50,3,2,66.7,0,1,1,0,2,0,0,0,0,0,1,0,0,1,2,0,0
Rahoveci 029,"K. Pullian, J. Roche, A. Berisha, E. Haxhimurati, F. Rugova",1,212,6,3,7,42.9,0,3,0,0,0,0,2,2,4,1,1,0,3,3,7,78.5,86.9,70,27.6,34.3,42.9,42.9,33.3,50,66.7,27.3,0,42.9,78.1,7,3,5,60,1,1,100,0,1,0,1,2,3,2,1,0,2,3,6,70,64.3,26.9,33.3,20,113.2,-35.1,4,3,75,0,0,0,3,0,0,1,2,0,0,4,2,50,0,0,0,1,1,100,1,0,1,0
Rahoveci 029,"K. Pullian, J. Johnson, A. Berisha, F. Rugova, A. Thomas",2,203,2,1,4,25,0,2,0,0,0,0,0,3,3,0,1,0,4,5,7,94.4,90.8,98.1,26.4,24.5,25,25,0,0,100,50,0,50,26,8,2,3,66.7,1,2,50,3,6,50,0,3,3,2,2,0,3,2,8,83.3,70.9,34.7,0,66.7,96.5,-70.4,2,1,50,0,0,0,2,0,0,1,1,0,1,1,1,100,0,0,0,2,1,50,0,1,0,1
Rahoveci 029,"E. Peci, E. Haxhimurati, N. Mcloud, F. Rugova, I. Umipig",2,356,9,4,7,57.1,1,1,100,0,0,0,0,2,2,2,0,0,1,2,7,58.2,51.8,64.7,46.4,37.1,64.3,64.3,50,0,33.3,10,0,14.3,117.2,17,8,14,57.1,1,2,50,0,0,0,4,3,7,5,1,0,0,2,9,60.7,60.7,0,66.7,14.3,177.1,-59.9,3,3,100,3,0,0,1,1,100,1,0,0,0,4,2,50,8,5,62.5,2,1,50,0,0,0,0
Rahoveci 029,"B. Rexha, N. Mcloud, J. Mccorrmick, F. Rugova, A. Thomas",1,198,6,3,5,60,0,1,0,0,0,0,1,2,3,1,1,0,4,1,7,86.6,93.1,80.1,25.8,30.0,60,60,33.3,100,50,40,0,20,78.1,6,2,6,33.3,0,3,0,2,2,100,2,0,2,0,2,1,2,1,6,33.3,43.6,22.5,50,50,90.8,-12.7,3,2,66.7,1,1,100,1,0,0,0,3,1,0,3,2,66.7,0,0,0,3,0,0,0,2,0,0
Sigal Prishtina,"A. Bailey, A. Azemi, D. Haxhosaj, G. Hoti, D. Burns",2,233,6,2,4,50,0,2,0,2,2,100,0,4,4,1,2,2,3,3,7,78.5,77.9,79.1,30.8,30.3,50,61.5,50,0,57.1,33.8,50,50,79.3,2,1,8,12.5,0,0,0,0,0,0,3,2,5,0,0,0,3,2,7,12.5,12.5,27.3,42.9,0,26,53.3,2,2,100,0,0,0,2,0,0,1,1,0,1,5,1,20,3,0,0,0,0,0,3,0,0,0
Sigal Prishtina,"A. Bailey, A. Azemi, D. Haxhosaj, D. Polloshka, T. Vissariou",2,239,7,3,7,42.9,1,3,33.3,0,0,0,2,1,3,3,2,0,3,2,7,80.8,77.1,84.4,31.1,28.4,50,50,100,50,33.3,23.1,0,42.9,91.1,14,5,7,71.4,2,3,66.7,2,4,50,2,2,4,1,2,0,2,3,8,85.7,79.9,18.6,66.7,42.9,166.5,-75.3,4,2,50,0,0,0,3,1,33.3,2,1,0,0,2,2,100,2,1,50,3,2,66.7,0,2,0,0
Sigal Prishtina,"A. Bailey, A. Azemi, G. Hoti, D. Burns, G. Hoti",2,204,10,3,6,50,1,3,33.3,3,4,75,1,2,3,1,1,0,1,1,7,90.8,87.6,94,27.4,25.5,58.3,64.4,33.3,33.3,100,10.2,66.7,50,134.2,7,2,4,50,0,2,0,3,3,100,0,2,2,0,1,0,3,3,7,50,65.8,36.1,0,50,87.6,46.6,1,1,100,2,1,50,3,1,33.3,0,1,0,0,2,2,100,0,0,0,2,0,0,1,0,0,1
Sigal Prishtina,"A. Bailey, A. Azemi, G. Hoti, D. Burns, B. Istrefi",1,139,6,2,4,50,2,3,66.7,0,5,0,1,1,2,2,0,1,3,1,7,126,135.9,116,17.7,20.7,75,48.4,100,25,50,26.8,125,75,76.2,9,4,6,66.7,1,1,100,0,0,0,1,3,4,1,1,0,2,3,6,75,75,25,50,16.7,133.9,-57.7,1,0,0,0,0,0,3,2,66.7,0,1,0,1,5,3,60,0,0,0,1,1,100,0,0,0,1
Sigal Prishtina,"A. Bailey, A. Azemi, G. Hoti, D. Polloshka, V. Kakruki",1,174,6,2,5,40,2,3,66.7,0,0,0,2,2,4,1,2,0,5,4,7,86.1,105.9,66.2,22.7,36.2,60,60,50,100,100,45.5,0,60,78.1,2,1,3,33.3,0,0,0,0,0,0,0,0,0,0,1,0,2,0,4,33.3,33.3,40,0,0,41.7,36.5,2,0,0,0,0,0,3,2,66.7,1,0,0,2,1,0,0,2,1,50,0,0,0,0,2,0,0
Sigal Prishtina,"A. Bailey, A. Azemi, D. Burns, K. Kramer, B. Istrefi",1,242,8,3,5,60,2,4,50,0,0,0,1,3,4,0,1,2,4,2,7,76.2,76.2,76.2,31.5,31.5,80,80,0,50,75,44.4,0,80,104.2,6,2,6,33.3,2,3,66.7,0,0,0,1,1,2,0,2,0,3,3,7,50,50,33.3,25,50,78.1,26,1,1,100,0,0,0,4,2,50,1,2,1,0,3,0,0,0,0,0,3,2,66.7,0,1,0,1
Sigal Prishtina,"A. Bailey, G. Hoti, D. Burns, G. Hoti, D. Polloshka",1,193,11,3,6,50,1,2,50,4,5,80,2,0,2,2,1,0,2,4,7,83.3,97.9,68.8,24.5,34.9,58.3,67.1,66.7,50,0,16.4,83.3,33.3,139.7,11,3,3,100,1,1,100,4,4,100,0,2,2,2,0,1,1,3,5,116.7,115.5,17.4,0,33.3,198.9,-59.2,4,2,50,0,0,0,2,1,50,0,0,0,1,1,1,100,1,1,100,1,1,100,1,0,0,0
Sigal Prishtina,"A. Azemi, D. Burns, D. Williams, G. Hoti, V. Kakruki",2,278,14,5,7,71.4,2,3,66.7,2,2,100,1,3,4,4,2,0,1,1,7,73.6,65.3,81.9,36.7,29.3,85.7,88.8,80,50,75,7.8,28.6,42.9,185.1,8,3,6,50,1,3,33.3,1,2,50,1,1,2,1,1,0,4,3,9,58.3,58.1,36.8,25,50,84.3,100.7,2,1,50,2,2,100,3,2,66.7,1,0,0,0,2,2,100,1,0,0,3,1,33.3,2,0,0,1
Trepça,"A. Gashi, S. Jones, M. Amzil, J. Payne, B. Zekiqi",2,245,8,3,8,37.5,1,3,33.3,1,2,50,3,5,8,2,0,0,2,1,7,77.7,74.1,81.3,32.4,29.5,43.8,45,66.7,60,83.3,15.5,25,37.5,105.8,8,2,7,28.6,1,4,25,3,6,50,1,2,3,1,1,1,0,2,8,35.7,41.5,0,16.7,57.1,96.5,9.3,3,1,33.3,2,1,50,3,1,33.3,1,1,0,0,2,1,50,1,0,0,4,1,25,0,0,0,0
Trepça,"M. Tmusic, C. Rusell, S. Jones, J. Payne, D. Kapiti",1,293,9,4,12,33.3,1,5,20,0,1,0,6,4,10,1,0,0,1,1,7,52.8,58.5,47.2,41.0,50.9,37.5,36.2,25,66.7,80,6.9,8.3,41.7,126,4,2,7,28.6,0,1,0,0,0,0,1,3,4,2,0,1,0,5,5,28.6,28.6,0,20,14.3,69.4,56.6,6,3,50,1,0,0,5,1,20,1,0,0,0,2,2,100,4,0,0,1,0,0,0,0,0,0
Trepça,"M. Tmusic, S. Jones, D. Kapiti, K. Hasbrouck, B. Tuna",3,267,4,2,9,22.2,0,4,0,0,0,0,1,4,5,1,1,1,0,3,7,66.1,69,63.2,34.8,38.0,22.2,22.2,50,14.3,80,0,0,44.4,52.1,7,3,6,50,0,0,0,1,3,33.3,1,6,7,2,0,0,1,1,7,50,47.8,12,20,0,99.6,-47.5,3,2,66.7,2,0,0,4,0,0,0,0,0,0,5,2,40,1,1,100,0,0,0,1,0,0,0
Trepça,"D. Hajrizi, J. Payne, D. Kapiti, A. Vining, B. Tuna",2,186,13,4,5,80,3,4,75,2,3,66.7,0,2,2,1,0,0,2,1,7,94.1,103.1,85.2,23.3,28.2,110,102.8,25,0,66.7,21.5,60,80,162.8,12,4,7,57.1,2,3,66.7,2,2,100,1,2,3,2,0,0,0,2,6,71.4,76.1,0,33.3,42.9,181.7,-18.9,1,1,100,0,0,0,4,3,75,0,0,0,1,3,2,66.7,1,0,0,3,2,66.7,0,0,0,0
Trepça,"S. Jones, M. Amzil, A. Vining, S. Henry, B. Tuna",2,181,5,2,8,25,0,3,0,1,1,100,5,1,6,1,0,0,4,3,7,84,94.7,73.3,25.3,32.7,25,29.6,50,83.3,100,29.8,12.5,37.5,70,8,2,3,66.7,1,1,100,3,4,75,0,1,1,2,2,1,1,2,5,83.3,84,17.4,0,33.3,144.7,-74.7,3,1,33.3,2,1,50,3,0,0,1,1,0,1,1,1,100,1,0,0,1,1,100,1,0,0,0
Vëllaznimi,"Z. Reid, A. Koshi, S. Zekiqi, A. Gordon, D. Wilson",2,326,0,0,7,0,0,4,0,0,0,0,3,6,9,0,0,1,4,2,7,59.2,56.5,61.9,42.4,38.8,0,0,0,42.9,75,36.4,0,57.1,0,5,2,9,22.2,0,3,0,1,4,25,2,4,6,2,2,2,0,2,8,22.2,23.2,0,25,33.3,59.5,-59.5,1,0,0,2,0,0,4,0,0,1,3,0,0,5,1,20,1,1,100,3,0,0,0,0,0,0
Vëllaznimi,"Z. Reid, A. Koshi, A. Rushiti, R. Dahsyla, T. Todd",2,278,6,2,5,40,0,1,0,2,2,100,0,1,1,0,1,0,2,0,7,69.9,65.3,74.6,36.7,32.2,40,51,0,0,25,25.4,40,20,79.3,11,4,9,44.4,3,6,50,0,0,0,3,3,6,3,2,0,3,3,8,61.1,61.1,25,75,66.7,127.3,-48,1,1,100,3,1,33.3,1,0,0,0,2,0,0,3,1,33.3,0,0,0,6,3,50,1,0,0,1
Vëllaznimi,"Z. Reid, S. Zekiqi, A. Gordon, R. Dahsyla, J. Hellems",2,223,6,3,4,75,0,1,0,0,2,0,0,3,3,2,0,1,3,2,7,71.1,81.4,60.8,29.5,39.5,75,61.5,66.7,0,75,30.4,50,25,79.3,9,3,6,50,2,2,100,1,2,50,1,3,4,1,1,0,0,3,5,66.7,65.4,0,25,33.3,159.4,-80.1,2,2,100,1,1,100,1,0,0,2,1,0,0,1,0,0,3,1,33.3,2,2,100,0,0,0,0
Vëllaznimi,"Y. Anei, A. Koshi, D. Wilson, R. Dahsyla, T. Todd",1,299,9,4,8,50,1,3,33.3,0,0,0,2,0,2,3,2,0,2,3,7,65,61.6,68.4,38.9,35.1,56.2,56.2,75,50,0,15.4,0,37.5,117.2,7,2,2,100,1,1,100,2,2,100,0,2,2,2,0,0,6,4,8,125,121.5,67.6,0,50,82.1,35.1,3,2,66.7,2,1,50,3,1,33.3,0,0,0,1,1,1,100,0,0,0,1,1,100,2,0,1,2
Vëllaznimi,"Y. Anei, A. Bedra, L. Colimerio, A. Gordon, T. Todd",1,231,16,5,6,83.3,3,3,100,3,3,100,1,2,3,3,0,0,1,2,7,73.6,73,74.2,32.9,32.3,108.3,109.3,60,100,66.7,8.8,50,50,227.7,14,6,8,75,2,2,100,0,1,0,1,0,1,4,0,0,0,3,7,87.5,82.9,0,33.3,25,196,31.7,2,1,50,1,1,100,3,3,100,0,1,0,0,5,3,60,1,1,100,2,2,100,0,0,0,0
Vëllaznimi,"A. Koshi, S. Zekiqi, A. Gordon, T. Todd, J. Hellems",1,181,3,1,6,16.7,0,1,0,1,2,50,2,4,6,1,0,0,3,0,7,101.1,100.3,101.8,23.9,23.6,16.7,21.8,100,50,80,27.6,33.3,16.7,39.7,6,3,8,37.5,0,4,0,0,0,0,1,2,3,1,2,0,1,2,7,37.5,37.5,11.1,20,50,78.1,-38.5,5,1,20,0,0,0,1,0,0,0,3,0,0,3,2,66.7,1,1,100,4,0,0,1,0,0,0
Vëllaznimi,"A. Koshi, L. Colimerio, A. Gordon, R. Dahsyla, J. Hellems",1,240,4,2,7,28.6,0,2,0,0,0,0,1,3,4,1,1,1,2,2,7,78.9,76.8,81,31.2,29.6,28.6,28.6,50,20,75,20,0,28.6,52.1,8,3,7,42.9,1,3,33.3,1,1,100,1,4,5,1,1,0,2,2,8,50,53.8,21.2,25,42.9,98.7,-46.7,5,2,40,0,0,0,2,0,0,1,0,1,0,3,2,66.7,1,0,0,3,1,33.3,1,1,0,0
Vëllaznimi,"A. Koshi, A. Gordon, A. Rushiti, D. Wilson, T. Todd",1,203,10,4,6,66.7,1,2,50,1,1,100,2,4,6,2,0,0,3,2,7,78.1,84.4,71.7,28.4,33.5,75,77.6,50,100,80,26.2,16.7,33.3,140,5,2,6,33.3,0,0,0,1,3,33.3,1,0,1,1,1,0,0,1,6,33.3,34.2,0,20,0,82.4,57.6,3,3,100,1,0,0,2,1,50,1,2,0,0,2,2,100,4,0,0,0,0,0,0,0,0,0
Bashkimi,"M. Armstead, I. Cousins, D. Lake, M. Ismaili, I. Nwamu",1,200,10,4,6,66.7,2,3,66.7,0,0,0,0,2,2,3,1,0,1,0,6,85.7,80.6,90.8,29.8,26.4,83.3,83.3,75,0,100,10,0,50,148.8,9,3,5,60,1,2,50,2,2,100,0,2,2,1,1,0,2,0,7,70,76.5,25.4,0,40,119,29.8,3,2,66.7,0,0,0,3,2,66.7,0,1,0,0,2,2,100,1,0,0,2,1,50,1,0,1,0
Bashkimi,"M. Armstead, I. Cousins, M. Janjeva, T. Bickerstaff, S. Shorter",2,206,7,3,8,37.5,0,1,0,1,1,100,3,2,5,0,1,0,1,3,6,68.9,72,65.8,33.3,36.5,37.5,41.5,0,60,66.7,10.6,12.5,12.5,113.2,7,2,5,40,1,3,33.3,2,2,100,1,2,3,2,1,1,1,2,5,50,59.5,14.5,33.3,60,124,-10.8,2,0,0,5,3,60,1,0,0,1,0,0,0,1,1,100,1,0,0,3,1,33.3,0,1,0,0
Bashkimi,"M. Armstead, I. Cousins, M. Janjeva, T. Bickerstaff, I. Nwamu",3,172,4,2,4,50,0,1,0,0,0,0,0,1,1,1,1,0,3,2,6,111.4,93.8,129.1,25.6,18.6,50,50,50,0,100,37.5,0,25,59.5,10,2,4,50,0,1,0,6,6,100,0,2,2,0,2,0,3,0,9,50,75.3,31.1,0,25,108.1,-48.5,3,2,66.7,0,0,0,1,0,0,2,1,0,0,3,2,66.7,0,0,0,1,0,0,1,0,0,2
Bashkimi,"M. Armstead, D. Lake, M. Ismaili, J. Baily, K. Anderson",2,256,8,4,6,66.7,0,2,0,0,0,0,0,2,2,1,0,0,1,2,6,62.5,63,61.9,38.1,38.8,66.7,66.7,25,0,100,12.5,0,33.3,119,12,4,6,66.7,2,4,50,2,2,100,0,2,2,2,0,0,0,1,6,83.3,87.2,0,0,66.7,181.7,-62.6,3,3,100,1,1,100,2,0,0,0,1,0,0,2,2,100,0,0,0,4,2,50,0,0,0,0
Bashkimi,"M. Armstead, D. Lake, L. Zeqiri, J. Baily, K. Anderson",2,214,7,3,5,60,1,2,50,0,0,0,1,4,5,2,1,0,3,3,6,74.1,75.4,72.8,31.8,33.0,70,70,66.7,50,80,30,0,40,104.2,2,1,5,20,0,3,0,0,4,0,1,1,2,1,1,0,1,0,6,20,14.8,12.9,20,60,30.8,73.3,2,1,50,1,1,100,2,1,50,0,1,0,1,0,0,0,2,1,50,3,0,0,1,0,0,0
Bashkimi,"K. Wooten, J. Riley, M. Ismaili, L. Zeqiri, S. Shorter",2,225,4,0,4,0,0,3,0,4,4,100,1,1,2,0,0,1,2,2,6,73.7,69.2,78.2,34.7,30.7,0,34.7,0,25,33.3,25.8,100,75,61.6,14,4,7,57.1,1,1,100,5,6,83.3,2,3,5,3,2,0,0,2,7,64.3,72.6,0,66.7,14.3,190.9,-129.2,1,0,0,0,0,0,3,0,0,2,0,0,0,4,3,75,2,0,0,1,1,100,0,0,0,0
Bashkimi,"I. Cousins, M. Ismaili, L. Zeqiri, T. Bickerstaff, S. Shorter",1,222,10,4,10,40,1,3,33.3,1,1,100,4,4,8,1,0,0,0,1,6,59.4,66.8,51.9,35.9,46.2,45,47.9,25,66.7,100,0,10,30,161.7,3,1,5,20,1,3,33.3,0,0,0,0,2,2,0,0,0,0,2,4,30,30,0,0,60,62.5,99.2,3,1,33.3,4,2,50,3,1,33.3,0,0,0,0,1,0,0,1,0,0,3,1,33.3,0,0,0,0
Bashkimi,"D. Lake, M. Ismaili, M. Janjeva, J. Baily, K. Anderson",1,169,8,1,1,100,0,0,0,6,7,85.7,0,2,2,0,0,0,3,2,6,82.3,96.5,68.2,24.9,35.2,100,98,0,0,66.7,42.4,700,0,117.7,5,2,5,40,1,2,50,0,0,0,1,0,1,1,0,0,1,3,4,50,50,16.7,33.3,40,104.2,13.5,1,1,100,0,0,0,0,0,0,0,2,0,1,1,1,100,2,0,0,2,1,50,1,0,0,0
Bashkimi,"D. Lake, M. Ismaili, L. Zeqiri, K. Anderson, V. Bunjaku",1,143,8,3,5,60,1,1,100,1,1,100,1,3,4,1,0,1,2,2,6,91.2,103.8,78.6,23.1,30.5,70,73.5,33.3,50,75,23.7,20,20,129.4,4,1,5,20,0,1,0,2,2,100,1,1,2,1,0,0,0,1,4,20,34,0,25,20,85.4,44,4,2,50,0,0,0,1,1,100,0,0,0,1,4,1,25,0,0,0,1,0,0,0,0,0,0
Bashkimi,"D. Lake, M. Ismaili, L. Zeqiri, V. Bunjaku, S. Shorter",1,179,7,3,6,50,1,2,50,0,0,0,1,2,3,3,0,0,2,3,6,82.9,90.1,75.7,26.6,31.7,58.3,58.3,100,33.3,66.7,18.2,0,33.3,104.2,4,2,4,50,0,2,0,0,2,0,1,2,3,0,0,0,2,2,5,50,41,29.1,33.3,50,70.9,33.3,1,0,0,3,2,66.7,2,1,50,0,0,0,1,0,0,0,2,2,100,2,0,0,2,0,0,0
Bashkimi,"L. Zeqiri, J. Nzeakor, V. Bunjaku, S. Shorter, I. Nwamu",1,327,7,3,10,30,1,3,33.3,0,0,0,4,1,5,3,1,0,1,2,6,49.3,49.3,49.3,48.7,48.7,35,35,100,57.1,33.3,7.1,0,30,104.2,10,5,8,62.5,0,3,0,0,0,0,2,3,5,3,1,0,1,2,6,62.5,62.5,11.1,66.7,37.5,148.8,-44.6,4,2,50,3,0,0,3,1,33.3,1,0,0,0,4,4,100,1,1,100,3,0,0,1,0,0,0
Bora,"C. Payton, A. Hunter, A. Mekic, J. Zeqiri, R. Memedi",2,206,7,2,4,50,0,1,0,3,6,50,0,3,3,1,1,0,0,4,6,65.1,74.3,55.9,32.3,42.9,50,52.7,50,0,100,0,150,25,109.8,2,1,4,25,0,2,0,0,0,0,0,3,3,0,0,0,1,5,4,25,25,20,0,50,41.7,68.1,3,2,66.7,0,0,0,1,0,0,0,0,0,0,1,1,100,1,0,0,2,0,0,1,0,0,0
Bora,"A. Hunter, O. Kurtaj, S. Jules, L. Thomas, A. Hot",1,251,8,2,5,40,2,4,50,2,2,100,0,1,1,1,0,0,1,1,6,67.7,63.2,72.3,38.0,33.2,60,68,50,0,50,12.7,40,80,121.1,12,5,8,62.5,1,4,25,1,2,50,1,3,4,3,0,1,0,1,7,68.8,67.6,0,50,50,158.6,-37.5,1,0,0,0,0,0,4,2,50,0,0,0,1,4,4,100,0,0,0,4,1,25,0,0,0,0
Bora,"A. Hunter, S. Jules, J. Zeqiri, T. Cheese, G. Zeqiri",4,240,3,1,7,14.3,1,3,33.3,0,0,0,1,1,2,1,0,0,1,5,6,70.3,67.2,73.3,35.7,32.7,21.4,21.4,100,16.7,100,11.1,0,42.9,44.6,8,2,3,66.7,0,1,0,4,6,66.7,0,5,5,1,1,0,2,2,7,66.7,70.9,26.2,0,33.3,109.1,-64.4,3,0,0,1,0,0,3,1,33.3,1,0,0,0,2,2,100,0,0,0,1,0,0,0,0,0,1
Bora,"O. Kurtaj, T. Jackson, A. Mekic, R. Ukaj, R. Memedi",2,227,7,3,5,60,1,1,100,0,0,0,1,6,7,1,0,0,3,1,6,78.4,71,85.7,33.8,28.0,70,70,33.3,50,100,33.3,0,20,104.2,4,2,7,28.6,0,3,0,0,1,0,0,1,1,0,2,0,1,0,8,28.6,26.9,11.8,0,42.9,49.4,54.8,4,2,50,0,0,0,1,1,100,3,0,0,0,3,2,66.7,1,0,0,3,0,0,0,0,0,1
Bora,"S. Jules, T. Jackson, A. Mekic, R. Memedi, G. Zeqiri",1,198,6,2,4,50,0,0,0,2,3,66.7,0,2,2,2,0,0,1,1,6,74.2,73.5,74.9,32.6,32.0,50,56.4,100,0,40,12,75,0,98.9,11,5,9,55.6,1,3,33.3,0,1,0,3,3,6,0,1,1,0,2,6,61.1,58.3,0,60,33.3,177.9,-79,4,2,50,0,0,0,0,0,0,1,0,0,0,6,4,66.7,0,0,0,3,1,33.3,0,0,0,0
Bora,"T. Jackson, D. Taylor, J. Zeqiri, G. Singleton, R. Ukaj",1,153,2,1,5,20,0,2,0,0,2,0,1,3,4,1,0,0,2,2,6,91.9,103.6,80.1,23.2,30.0,20,17,100,20,75,22.5,40,40,30.3,6,2,5,40,0,2,0,2,3,66.7,1,4,5,0,0,0,0,1,5,40,47.5,0,25,40,117.5,-87.2,2,1,50,1,0,0,2,0,0,0,0,0,1,3,2,66.7,0,0,0,2,0,0,0,0,0,0
Bora,"T. Jackson, J. Zeqiri, T. Cheese, G. Singleton, G. Zeqiri",1,175,6,2,6,33.3,1,4,25,1,1,100,1,1,2,2,2,0,1,4,6,80.3,84.8,75.8,28.3,31.6,41.7,46.6,100,33.3,50,10.6,16.7,66.7,97,7,2,3,66.7,0,1,0,3,4,75,1,2,3,2,1,0,2,0,5,66.7,73.5,29.6,50,33.3,126.6,-29.5,2,1,50,0,0,0,4,1,25,1,0,0,0,2,2,100,0,0,0,1,0,0,2,0,0,0
GO+Peja,"S. Llapi, C. Williams, D. Bracey, C. Edwards, A. Hajdari",2,219,4,2,8,25,0,5,0,0,0,0,2,2,4,0,2,0,1,3,6,63.1,73.6,52.6,32.6,45.6,25,25,0,33.3,66.7,11.1,0,62.5,59.5,2,1,4,25,0,1,0,0,0,0,1,4,5,1,1,0,2,0,4,25,25,33.3,33.3,25,41.7,17.9,1,1,100,2,1,50,5,0,0,0,1,0,0,2,1,50,1,0,0,1,0,0,1,1,0,0
GO+Peja,"S. Llapi, F. Shoshaj, L. Routt, M. Mala, T. Green",2,220,2,1,10,10,0,4,0,0,0,0,3,4,7,0,0,0,0,1,6,73.3,73.3,73.3,32.7,32.7,10,10,0,33.3,80,0,0,40,29.8,4,2,8,25,0,3,0,0,0,0,1,6,7,1,0,0,0,2,6,25,25,0,20,37.5,59.5,-29.8,4,1,25,2,0,0,4,0,0,0,0,0,0,4,2,50,1,0,0,3,0,0,0,0,0,0
GO+Peja,"S. Llapi, F. Shoshaj, A. Herndon, C. Edwards, O. Williams",1,219,7,2,4,50,1,2,50,2,4,50,0,2,2,2,0,0,1,2,6,79.3,71.1,87.5,33.7,27.4,62.5,60.8,100,0,100,11.4,100,50,107.9,10,4,6,66.7,0,2,0,2,3,66.7,0,3,3,2,1,0,1,2,7,66.7,68.3,12,0,33.3,125.2,-17.3,0,0,0,2,1,50,2,1,50,1,0,0,0,3,3,100,1,1,100,2,0,0,0,0,0,1
GO+Peja,"S. Llapi, F. Shoshaj, T. Green, C. Edwards, O. Williams",2,245,7,3,5,60,0,0,0,1,1,100,2,5,7,0,1,0,3,2,6,72,60.6,83.5,39.6,28.7,60,64.3,0,100,71.4,35.5,20,0,113.2,4,1,8,12.5,0,5,0,2,2,100,2,0,2,0,2,0,2,1,8,12.5,22.5,18.4,28.6,62.5,46.9,66.3,3,3,100,2,0,0,0,0,0,1,2,0,0,1,1,100,2,0,0,5,0,0,1,1,0,0
GO+Peja,"J. Johnson, D. Berisha, D. Ademaj, M. Mala, C. Edwards",1,125,5,2,2,100,0,0,0,1,1,100,0,4,4,0,0,0,4,4,6,120.5,118.7,122.4,20.2,19.6,100,102.5,0,0,100,62.1,50,0,80.9,7,2,4,50,0,1,0,3,6,50,0,0,0,0,1,0,0,1,6,50,52.7,0,0,25,109.8,-28.9,2,2,100,0,0,0,0,0,0,1,1,0,1,3,2,66.7,0,0,0,1,0,0,0,0,0,0
GO+Peja,"M. Armstead, D. Ademaj, A. Herndon, C. Edwards, A. Hajdari",1,192,13,5,5,100,3,3,100,0,0,0,0,3,3,3,1,0,2,1,6,90,84,96,28.6,25.0,130,130,60,0,75,20,0,60,193.5,2,1,6,16.7,0,3,0,0,0,0,1,0,1,0,0,0,3,3,7,16.7,16.7,33.3,25,50,26,167.4,2,2,100,0,0,0,3,3,100,0,1,0,1,1,1,100,2,0,0,3,0,0,0,1,0,1
GO+Peja,"F. Shoshaj, D. Davis, D. Bracey, C. Edwards, A. Hajdari",2,237,7,2,7,28.6,1,3,33.3,2,2,100,3,3,6,2,1,1,2,2,6,66.9,66.9,66.9,35.9,35.9,35.7,44.4,100,60,60,16.8,28.6,42.9,106,3,1,6,16.7,0,2,0,1,2,50,2,2,4,0,0,0,2,1,6,16.7,21.8,22.5,40,33.3,45.4,60.6,2,0,0,2,1,50,3,1,33.3,0,0,1,1,2,0,0,2,1,50,2,0,0,2,0,0,0
Golden Eagle Ylli,"J. Gray, L. Shoshi, A. Çallakaj, D. Sabeckis, G. Morina",1,192,5,2,3,66.7,0,1,0,1,1,100,0,3,3,1,1,0,3,3,6,82.6,77.3,87.8,31.1,27.3,66.7,72.7,50,0,100,40.3,33.3,33.3,80.9,5,1,4,25,0,1,0,3,3,100,0,1,1,1,2,0,2,1,7,25,47,27.3,0,25,71.2,9.7,2,2,100,0,0,0,1,0,0,1,2,0,0,2,1,50,1,0,0,1,0,0,1,1,0,0
Golden Eagle Ylli,"L. Shoshi, D. Sabeckis, B. Huffman, E. Kastrati, G. Morina",1,207,11,4,6,66.7,1,2,50,2,2,100,1,3,4,1,2,0,1,1,6,77.2,76.6,77.9,31.3,30.8,75,79.9,25,50,60,11.3,33.3,33.3,166.5,6,2,7,28.6,2,6,33.3,0,0,0,2,1,3,2,0,0,2,1,6,42.9,42.9,22.2,40,85.7,89.3,77.3,3,2,66.7,1,1,100,2,1,50,0,1,0,0,0,0,0,1,0,0,6,2,33.3,1,1,0,0
Golden Eagle Ylli,"L. Shoshi, D. Sabeckis, L. Thomas, T. Allen, G. Morina",1,263,3,1,6,16.7,0,3,0,1,2,50,3,1,4,0,0,0,3,1,6,56.4,60.3,52.6,39.8,45.7,16.7,21.8,0,50,50,30.4,33.3,50,45.4,12,5,7,71.4,2,3,66.7,0,0,0,1,3,4,5,1,0,0,2,5,85.7,85.7,0,50,42.9,208.3,-162.9,0,0,0,3,1,33.3,3,0,0,1,2,0,0,3,3,100,1,0,0,3,2,66.7,0,0,0,0
Golden Eagle Ylli,"A. Çallakaj, D. Sabeckis, B. Huffman, J. Reece, E. Kastrati",2,173,3,1,6,16.7,1,1,100,0,0,0,1,2,3,1,1,0,2,1,6,99.1,93.2,104.9,25.7,22.9,25,25,100,20,50,22.2,0,16.7,44.6,4,1,5,20,0,3,0,2,2,100,2,4,6,1,1,1,4,0,7,20,34,40.5,50,60,52.9,-8.2,4,0,0,1,0,0,1,1,100,1,1,0,0,2,1,50,0,0,0,3,0,0,1,3,0,0
Golden Eagle Ylli,"A. Çallakaj, B. Huffman, L. Thomas, B. Pass, G. Morina",3,163,3,1,5,20,1,4,25,0,2,0,2,1,3,1,0,0,3,1,6,83.1,97.2,69,24.7,34.8,30,25.5,100,50,100,30.4,40,80,45.4,4,1,2,50,0,1,0,2,2,100,0,2,2,1,0,0,2,3,4,50,69.4,41,0,50,85.4,-40,1,0,0,0,0,0,4,1,25,0,1,0,1,1,1,100,0,0,0,1,0,0,0,0,0,1
Golden Eagle Ylli,"D. Sabeckis, B. Huffman, S. Bamforth, E. Kastrati, D. Conger",1,181,3,1,5,20,1,5,20,0,0,0,0,1,1,1,1,0,2,2,6,78.4,89.1,67.7,26.9,35.4,30,30,100,0,100,25,0,100,44.6,6,2,3,66.7,0,1,0,2,3,66.7,0,3,3,1,0,0,1,0,5,66.7,69.4,18.8,0,33.3,117.5,-72.8,0,0,0,0,0,0,5,1,20,1,0,1,0,1,1,100,1,1,100,1,0,0,0,1,0,0
Golden Eagle Ylli,"D. Sabeckis, B. Huffman, S. Bamforth, B. Pass, G. Morina",2,190,4,1,5,20,1,4,25,1,2,50,0,2,2,1,0,0,1,2,6,78.1,83.4,72.8,28.8,33.0,30,34,100,0,100,12.7,40,80,60.6,10,4,6,66.7,2,4,50,0,0,0,0,4,4,2,1,0,0,3,5,83.3,83.3,0,0,66.7,173.6,-113,0,0,0,1,0,0,4,1,25,1,0,0,0,2,2,100,0,0,0,4,2,50,0,0,0,0
Golden Eagle Ylli,"D. Sabeckis, J. Reece, T. Allen, A. Gashi, G. Morina",1,241,9,3,7,42.9,1,3,33.3,2,2,100,2,3,5,2,0,0,1,2,6,72.7,65.8,79.5,36.5,30.2,50,57.1,66.7,50,75,9.2,28.6,42.9,136.3,14,5,8,62.5,2,4,50,2,3,66.7,1,2,3,4,1,0,0,2,7,75,75.1,0,25,50,175.3,-39,4,2,50,0,0,0,3,1,33.3,1,0,0,0,3,3,100,1,0,0,4,2,50,0,0,0,0
Golden Eagle Ylli,"J. Reece, L. Thomas, T. Allen, E. Kastrati, G. Morina",2,184,4,1,4,25,0,2,0,2,2,100,0,2,2,1,0,0,2,1,6,80.6,86.1,75.1,27.9,31.9,25,41,100,0,50,25.4,50,50,60.6,8,4,8,50,0,2,0,0,0,0,2,3,5,0,0,0,0,1,5,50,50,0,50,25,138.9,-78.3,1,1,100,1,0,0,2,0,0,0,0,0,1,6,4,66.7,0,0,0,2,0,0,0,0,0,0
Rahoveci 029,"J. Johnson, K. Pullian, H. Durguti, B. Rexha, F. Rugova",1,257,8,3,10,30,1,6,16.7,1,1,100,6,3,9,2,1,1,2,3,6,60.6,57.7,63.5,41.6,37.8,35,38.3,66.7,85.7,50,13.9,10,60,129.4,4,0,4,0,0,2,0,4,7,57.1,3,1,4,2,0,0,3,3,6,0,28.2,29.8,50,50,58.9,70.5,3,2,66.7,1,0,0,6,1,16.7,0,1,1,0,2,0,0,0,0,0,2,0,0,2,1,0,0
Rahoveci 029,"K. Pullian, H. Durguti, V. Ejupi, K. Ujkani, E. Haxhimurati",1,158,4,1,6,16.7,0,4,0,2,2,100,1,0,1,0,0,0,1,0,6,93.9,100.3,87.5,23.9,27.4,16.7,29.1,0,20,0,12.7,33.3,66.7,60.6,12,6,9,66.7,0,0,0,0,0,0,3,4,7,3,1,0,0,0,5,66.7,66.7,0,100,0,208.3,-147.8,2,1,50,0,0,0,4,0,0,1,0,0,0,8,6,75,1,0,0,0,0,0,0,0,0,0
Rahoveci 029,"K. Pullian, H. Durguti, K. Ujkani, N. Mcloud, I. Umipig",1,187,7,2,7,28.6,1,5,20,2,2,100,2,2,4,2,2,0,1,0,6,85.5,84.8,86.2,28.3,27.8,35.7,44.4,100,40,66.7,9.2,28.6,71.4,106,6,3,6,50,0,1,0,0,0,0,1,3,4,1,1,0,2,1,6,50,50,25,33.3,16.7,89.3,16.7,2,1,50,0,0,0,5,1,20,1,0,0,0,4,2,50,1,1,100,1,0,0,1,1,0,0
Rahoveci 029,"K. Pullian, H. Durguti, E. Haxhimurati, B. Rexha, F. Rugova",1,194,12,4,8,50,2,3,66.7,2,2,100,2,3,5,4,1,0,0,0,6,76.5,81.7,71.3,29.4,33.7,62.5,67.6,100,50,100,0,25,37.5,181.7,6,2,5,40,2,4,50,0,0,0,0,2,2,2,0,1,1,3,5,60,60,16.7,0,80,104.2,77.5,4,2,50,1,0,0,3,2,66.7,0,0,0,0,1,0,0,0,0,0,4,2,50,0,1,0,0
Rahoveci 029,"K. Pullian, V. Ejupi, N. Mcloud, F. Rugova, A. Thomas",3,203,4,2,7,28.6,0,2,0,0,0,0,2,1,3,1,1,0,2,2,6,68.1,79.4,56.7,30.2,42.3,28.6,28.6,50,40,33.3,20,0,28.6,59.5,6,2,5,40,2,5,40,0,0,0,2,3,5,2,0,1,2,2,4,60,60,28.6,66.7,100,125,-65.5,4,2,50,1,0,0,2,0,0,0,2,0,0,0,0,0,0,0,0,5,2,40,1,1,0,0
Rahoveci 029,"K. Pullian, J. Roche, A. Berisha, R. Granberry, B. Rexha",1,230,5,2,7,28.6,1,5,20,0,0,0,1,2,3,1,0,0,1,2,6,70.1,70.1,70.1,34.2,34.2,35.7,35.7,50,20,66.7,11.1,0,71.4,74.4,7,3,6,50,1,1,100,0,0,0,1,4,5,1,1,1,2,2,6,58.3,58.3,25,33.3,16.7,104.2,-29.8,2,1,50,0,0,0,5,1,20,0,1,0,0,3,2,66.7,2,0,0,1,1,100,0,0,0,1
Rahoveci 029,"K. Pullian, J. Roche, B. Rexha, F. Rugova, A. Thomas",3,254,11,5,11,45.5,1,5,20,0,0,0,4,1,5,3,0,0,0,2,6,63,63.5,62.4,37.8,38.5,50,50,60,66.7,100,0,0,45.5,163.7,14,5,6,83.3,2,3,66.7,2,2,100,0,2,2,3,0,1,0,2,6,100,101.7,0,0,50,212,-48.3,5,3,60,1,1,100,5,1,20,0,0,0,0,1,1,100,2,2,100,3,2,66.7,0,0,0,0
Rahoveci 029,"K. Pullian, K. Ujkani, J. Johnson, B. Rexha, A. Thomas",1,160,5,2,7,28.6,1,5,20,0,2,0,1,2,3,2,0,0,0,2,6,91.9,99.1,84.7,24.2,28.3,35.7,31.7,100,16.7,50,0,28.6,71.4,75.7,2,0,4,0,0,2,0,2,2,100,2,5,7,0,0,0,3,2,5,0,20.5,38.1,50,50,35.4,40.3,1,1,100,1,0,0,5,1,20,0,0,0,0,2,0,0,0,0,0,2,0,0,1,2,0,0
Rahoveci 029,"H. Durguti, N. Mcloud, J. Mccorrmick, F. Rugova, A. Thomas",1,273,11,4,7,57.1,1,2,50,2,2,100,1,4,5,1,0,0,0,2,6,58.6,58.1,59.1,41.3,40.6,64.3,69.8,25,33.3,80,0,28.6,28.6,166.5,5,2,8,25,1,6,16.7,0,0,0,1,2,3,2,0,0,0,2,6,31.2,31.2,0,20,75,74.4,92.1,1,0,0,4,3,75,2,1,50,0,0,0,0,0,0,0,2,1,50,6,1,16.7,0,0,0,0
Rahoveci 029,"V. Ejupi, A. Berisha, N. Mcloud, F. Rugova, I. Umipig",2,241,10,4,10,40,2,4,50,0,0,0,4,6,10,1,0,0,1,2,6,64.2,66.9,61.6,35.9,39.0,50,50,25,66.7,100,8.3,0,40,148.8,3,1,6,16.7,1,3,33.3,0,1,0,0,2,2,1,1,0,0,0,6,25,23.3,0,0,50,48.5,100.3,5,2,40,1,0,0,4,2,50,0,1,0,0,1,0,0,2,0,0,3,1,33.3,0,0,0,0
Sigal Prishtina,"A. Bailey, A. Azemi, D. Haxhosaj, G. Hoti, G. Hoti",1,155,12,4,4,100,3,3,100,1,3,33.3,1,1,2,3,0,0,2,5,6,88.9,93.9,83.8,25.5,28.6,137.5,112.8,75,100,100,19.4,75,75,197.8,10,3,3,100,0,0,0,4,6,66.7,0,0,0,3,0,0,0,4,5,100,88.7,0,0,0,184.7,13.1,1,1,100,0,0,0,3,3,100,0,0,0,1,3,3,100,0,0,0,0,0,0,0,0,0,0
Sigal Prishtina,"A. Bailey, A. Azemi, D. Haxhosaj, A. Morina, T. Vissariou",1,227,5,2,6,33.3,1,3,33.3,0,0,0,2,2,4,1,0,0,3,3,6,74.9,71,78.8,33.8,30.5,41.7,41.7,50,50,66.7,30,0,50,74.4,6,2,4,50,0,0,0,2,4,50,1,2,3,1,2,0,3,0,7,50,52.1,34.2,33.3,0,80.5,-6.1,2,0,0,1,1,100,3,1,33.3,3,0,0,0,2,1,50,2,1,50,0,0,0,1,2,0,0
Sigal Prishtina,"A. Bailey, A. Lomax, D. Haxhosaj, A. Sinani, A. Morina",1,168,10,4,7,57.1,2,4,50,0,0,0,1,3,4,2,0,0,1,3,6,103.4,96,110.8,25.0,21.7,71.4,71.4,50,50,100,10,0,57.1,148.8,8,1,3,33.3,1,3,33.3,5,7,71.4,0,1,1,2,0,0,2,1,7,50,65.8,24.8,0,100,103.1,45.7,2,1,50,1,1,100,4,2,50,0,0,0,1,0,0,0,0,0,0,3,1,33.3,0,0,0,1
Sigal Prishtina,"A. Bailey, A. Lomax, J. Ismajli, V. Kakruki, E. Clarance",2,206,3,1,6,16.7,1,3,33.3,0,0,0,1,4,5,1,0,0,2,3,6,76.3,78.3,74.3,30.7,32.3,25,25,100,25,80,22.2,0,50,44.6,7,2,5,40,1,4,25,2,6,33.3,1,3,4,2,0,0,0,0,6,50,45.8,0,20,80,109.8,-65.2,1,0,0,2,0,0,3,1,33.3,0,1,1,0,1,1,100,0,0,0,4,1,25,0,0,0,0
Sigal Prishtina,"A. Bailey, D. Haxhosaj, D. Burns, D. Williams, A. Morina",1,249,3,1,4,25,0,0,0,1,2,50,1,2,3,1,0,0,3,4,6,65.1,63.7,66.6,37.7,36.0,25,30.7,100,33.3,66.7,33.8,50,0,45.4,8,2,5,40,1,4,25,3,5,60,1,2,3,2,0,0,1,2,6,50,55.6,12.2,33.3,80,115.7,-70.3,3,1,33.3,1,0,0,0,0,0,0,1,1,1,1,1,100,0,0,0,4,1,25,1,0,0,0
Sigal Prishtina,"A. Azemi, D. Haxhosaj, D. Burns, G. Hoti, V. Kakruki",1,195,9,3,5,60,1,2,50,2,2,100,1,1,2,3,1,0,2,4,6,74.7,81.3,68.1,29.5,35.3,70,76.5,100,50,100,18.4,40,40,136.3,8,2,3,66.7,1,2,50,3,4,75,0,1,1,2,0,0,1,1,5,83.3,84,17.4,0,66.7,144.7,-8.4,2,2,100,1,0,0,2,1,50,0,0,0,1,1,1,100,0,0,0,2,1,50,1,0,0,0
Sigal Prishtina,"A. Azemi, D. Williams, G. Hoti, D. Polloshka, V. Kakruki",1,196,8,3,5,60,1,2,50,1,1,100,1,2,3,1,0,0,2,0,6,73.1,75.7,70.5,31.7,34.0,70,73.5,33.3,50,100,23.7,20,40,129.4,9,4,6,66.7,1,1,100,0,0,0,0,1,1,4,0,0,0,1,5,75,75,0,0,16.7,156.2,-26.9,2,2,100,1,0,0,2,1,50,1,0,0,1,2,2,100,3,1,33.3,1,1,100,0,0,0,0
Sigal Prishtina,"A. Lomax, A. Sinani, K. Kramer, A. Morina, V. Kakruki",1,222,10,3,4,75,1,1,100,3,4,75,0,4,4,1,2,0,1,2,6,86.3,70.2,102.5,34.2,23.4,87.5,86.8,33.3,0,80,12.9,100,25,154.1,7,2,7,28.6,2,3,66.7,1,2,50,1,2,3,2,1,0,3,2,9,42.9,44.4,27.6,20,42.9,73.8,80.3,3,2,66.7,0,0,0,1,1,100,1,0,0,0,2,0,0,2,0,0,3,2,66.7,0,2,1,0
Sigal Prishtina,"D. Haxhosaj, D. Burns, G. Hoti, K. Kramer, D. Polloshka",2,234,12,5,7,71.4,2,3,66.7,0,0,0,1,3,4,3,0,0,1,3,6,66.2,68.9,63.4,34.8,37.8,85.7,85.7,60,50,60,9.1,0,42.9,178.6,8,4,8,50,0,2,0,0,1,0,2,1,3,1,1,0,0,0,6,50,47.4,0,40,25,129.4,49.2,1,1,100,3,2,66.7,3,2,66.7,1,0,0,0,2,2,100,4,2,50,2,0,0,0,0,0,0
Sigal Prishtina,"L. Zeneli, G. Hoti, N. Zuka, A. Morina, T. Vissariou",1,125,5,2,4,50,0,0,0,1,2,50,1,3,4,2,0,0,3,2,6,120.5,126.8,114.3,18.9,21.0,50,51.2,100,50,100,30.4,50,0,75.7,4,1,3,33.3,0,1,0,2,5,40,0,1,1,0,2,0,1,1,5,33.3,38.5,16.1,0,33.3,67.2,8.5,4,2,50,0,0,0,0,0,0,2,1,0,0,1,1,100,1,0,0,1,0,0,0,1,0,0
Trepça,"A. Gashi, M. Tmusic, M. Amzil, D. Kapiti, B. Zekiqi",1,200,10,5,7,71.4,0,2,0,0,1,0,1,2,3,5,1,0,0,2,6,65.9,74.2,57.6,32.3,41.7,71.4,67.2,100,33.3,100,0,14.3,28.6,161.7,5,2,4,50,1,2,50,0,0,0,0,2,2,1,0,0,1,1,4,62.5,62.5,20,0,50,104.2,57.6,5,5,100,0,0,0,2,0,0,0,0,0,0,1,1,100,1,0,0,2,1,50,1,0,0,0
Trepça,"M. Tmusic, D. Hajrizi, S. Jones, A. Vining, S. Henry",3,174,8,1,4,25,1,3,33.3,5,6,83.3,2,2,4,1,0,0,2,1,6,77.1,87.9,66.2,27.3,36.2,37.5,60.2,100,50,100,20.7,150,75,125.5,4,2,4,50,0,2,0,0,0,0,0,2,2,1,1,0,1,2,4,50,50,20,0,50,83.3,42.2,0,0,0,1,0,0,3,1,33.3,0,1,0,1,2,2,100,0,0,0,2,0,0,0,1,0,0
Trepça,"M. Tmusic, D. Hajrizi, S. Jones, A. Vining, B. Tuna",1,217,13,4,4,100,0,0,0,5,5,100,0,4,4,1,0,0,1,2,6,81.8,76.4,87.1,31.4,27.6,100,104.8,25,0,100,12.2,125,0,188.1,5,1,4,25,0,2,0,3,5,60,0,0,0,2,1,0,2,5,7,25,40.3,24.4,0,50,63.5,124.6,3,3,100,1,1,100,0,0,0,1,0,0,0,2,1,50,0,0,0,2,0,0,0,2,0,0
Trepça,"M. Tmusic, D. Hajrizi, J. Payne, D. Kapiti, B. Tuna",2,210,2,1,8,12.5,0,2,0,0,1,0,4,1,5,1,0,0,2,2,6,67.6,70.7,64.5,34.0,37.2,12.5,11.8,100,50,50,17.5,12.5,25,32.3,6,2,4,50,1,2,50,1,2,50,1,4,5,1,0,0,2,5,5,62.5,61.5,29.1,50,50,106.3,-73.9,4,1,25,2,0,0,2,0,0,0,0,0,1,1,1,100,1,0,0,2,1,50,0,0,0,1
Trepça,"M. Tmusic, M. Amzil, J. Payne, D. Kapiti, B. Zekiqi",2,222,4,2,5,40,0,2,0,0,0,0,1,3,4,0,0,0,3,0,6,72,72.6,71.4,33.0,33.6,40,40,0,50,100,37.5,0,40,59.5,9,3,6,50,1,4,25,2,2,100,0,1,1,1,1,0,0,2,6,58.3,65.4,0,0,66.7,136.3,-76.7,3,2,66.7,0,0,0,2,0,0,2,1,0,0,1,1,100,1,1,100,4,1,25,0,0,0,0
Trepça,"M. Tmusic, J. Payne, D. Kapiti, K. Hasbrouck, S. Henry",2,173,5,2,5,40,0,0,0,1,4,25,1,2,3,0,1,0,1,0,6,97.5,90,104.9,26.7,22.9,40,37,0,25,66.7,12.9,80,0,77,10,4,7,57.1,0,2,0,2,2,100,1,3,4,2,1,0,1,2,7,57.1,63.5,11.3,33.3,28.6,132.2,-55.1,4,2,50,1,0,0,0,0,0,1,0,0,0,5,4,80,0,0,0,2,0,0,0,1,0,0
Trepça,"D. Hajrizi, C. Rusell, J. Payne, D. Kapiti, B. Tuna",1,246,10,4,8,50,2,6,33.3,0,0,0,1,3,4,1,0,2,0,0,6,65.6,65.6,65.6,36.6,36.6,62.5,62.5,25,25,50,0,0,75,148.8,6,3,9,33.3,0,1,0,0,0,0,3,3,6,1,0,0,1,0,6,33.3,33.3,10,50,11.1,89.3,59.5,2,2,100,0,0,0,6,2,33.3,0,0,0,0,6,2,33.3,2,1,50,1,0,0,1,0,0,0
Vëllaznimi,"Z. Reid, S. Zekiqi, A. Gordon, A. Rushiti, R. Dahsyla",1,205,2,1,7,14.3,0,4,0,0,2,0,2,2,4,0,1,0,1,1,6,78,77.3,78.7,31.0,30.5,14.3,12.7,0,28.6,100,11.3,28.6,57.1,30.3,10,4,6,66.7,2,3,66.7,0,0,0,0,5,5,0,0,1,1,1,6,83.3,83.3,14.3,0,50,148.8,-118.5,2,1,50,1,0,0,4,0,0,1,0,0,0,3,2,66.7,0,0,0,3,2,66.7,1,0,0,0
Vëllaznimi,"Y. Anei, A. Koshi, A. Rushiti, D. Wilson, J. Hellems",2,229,4,1,5,20,0,2,0,2,2,100,1,5,6,0,0,0,2,2,6,68.6,69.2,68,34.7,35.3,20,34,0,33.3,83.3,25.4,40,40,60.6,5,2,6,33.3,0,2,0,1,4,25,1,2,3,1,1,0,0,4,6,33.3,32.2,0,16.7,33.3,77,-16.5,1,1,100,2,0,0,2,0,0,1,0,1,0,2,2,100,2,0,0,2,0,0,0,0,0,0
Vëllaznimi,"Y. Anei, L. Colimerio, A. Gordon, R. Dahsyla, T. Todd",2,233,9,4,6,66.7,1,1,100,0,0,0,0,4,4,2,0,0,1,2,6,68.6,69.2,68,34.7,35.3,75,75,50,0,100,11.1,0,16.7,133.9,5,2,6,33.3,0,2,0,1,2,50,0,2,2,1,1,1,0,2,6,33.3,36.3,0,0,33.3,75.7,58.2,4,2,50,1,1,100,1,1,100,1,0,0,0,4,2,50,0,0,0,2,0,0,0,0,0,0
Bashkimi,"M. Armstead, K. Wooten, M. Janjeva, S. Shorter, I. Nwamu",2,230,3,1,4,25,1,3,33.3,0,0,0,1,2,3,0,0,0,3,3,5,68.9,60.1,77.7,39.9,30.9,37.5,37.5,0,33.3,66.7,42.9,0,75,52.1,9,3,6,50,2,4,50,1,4,25,1,2,3,1,3,0,1,0,7,66.7,58,11.4,33.3,66.7,120.8,-68.7,0,0,0,1,0,0,3,1,33.3,1,2,0,0,0,0,0,2,1,50,4,2,50,0,1,0,0
Bashkimi,"M. Armstead, I. Cousins, D. Lake, M. Janjeva, S. Shorter",1,211,10,4,6,66.7,2,3,66.7,0,0,0,1,2,3,3,1,0,1,2,5,64.9,65.5,64.2,36.6,37.4,83.3,83.3,75,50,100,10,0,50,173.6,7,2,4,50,1,2,50,2,2,100,0,1,1,1,0,0,1,2,5,62.5,71.7,17,0,50,124,49.6,1,1,100,2,1,50,3,2,66.7,0,0,0,1,1,1,100,1,0,0,2,1,50,0,1,0,0
Bashkimi,"M. Armstead, I. Cousins, D. Lake, M. Janjeva, I. Nwamu",2,184,5,2,7,28.6,1,3,33.3,0,2,0,3,2,5,1,0,0,1,2,5,72.9,73.6,72.1,32.6,33.3,35.7,31.7,50,50,100,10.1,28.6,42.9,88.6,6,1,3,33.3,1,2,50,3,4,75,0,3,3,1,0,1,1,3,5,50,63,17.4,0,66.7,108.5,-19.9,3,1,33.3,1,0,0,3,1,33.3,1,0,0,0,1,0,0,0,0,0,2,1,50,0,1,0,0
Bashkimi,"M. Armstead, M. Janjeva, T. Bickerstaff, J. Baily, V. Bunjaku",1,133,5,1,2,50,0,1,0,3,4,75,0,1,1,1,1,0,2,1,5,100.8,99.8,101.9,24.1,23.6,50,66.5,100,0,100,29.6,200,50,90.4,7,2,4,50,1,3,33.3,2,2,100,0,2,2,2,2,0,1,2,5,62.5,71.7,17,0,75,124,-33.6,1,1,100,0,0,0,1,0,0,2,0,0,0,1,1,100,0,0,0,3,1,33.3,1,0,0,0
Bashkimi,"M. Armstead, M. Janjeva, T. Bickerstaff, V. Bunjaku, S. Shorter",1,137,6,2,2,100,0,0,0,2,4,50,0,2,2,2,1,0,2,0,5,90.5,96.9,84.1,24.8,28.5,100,79.8,100,0,66.7,25.8,200,0,108.5,3,1,4,25,1,4,25,0,0,0,1,1,2,1,1,0,2,1,4,37.5,37.5,33.3,33.3,100,62.5,46,2,2,100,0,0,0,0,0,0,1,1,0,0,0,0,0,0,0,0,4,1,25,1,0,1,0
Bashkimi,"K. Wooten, I. Cousins, L. Zeqiri, V. Bunjaku, S. Shorter",2,172,7,2,4,50,0,0,0,3,3,100,0,0,0,2,0,0,0,1,5,72.1,71.3,72.9,33.7,32.9,50,65.8,100,0,0,0,75,0,137.1,13,5,7,71.4,2,3,66.7,1,1,100,2,2,4,3,0,0,0,1,5,85.7,87.4,0,100,42.9,248.9,-111.9,2,2,100,2,0,0,0,0,0,0,0,0,0,4,3,75,0,0,0,3,2,66.7,0,0,0,0
Bashkimi,"K. Wooten, J. Riley, M. Ismaili, V. Bunjaku, I. Nwamu",1,162,5,2,4,50,0,2,0,1,4,25,1,1,2,0,1,0,1,1,5,76.5,81.9,71.1,29.3,33.8,50,43.4,0,33.3,100,14.8,100,50,90.4,8,3,4,75,2,2,100,0,0,0,0,2,2,1,1,1,1,3,4,100,100,20,0,50,166.7,-76.2,1,1,100,1,1,100,2,0,0,1,0,0,0,2,1,50,0,0,0,2,2,100,0,1,0,0
Bashkimi,"K. Wooten, J. Riley, M. Janjeva, L. Zeqiri, K. Anderson",1,168,9,3,4,75,1,1,100,2,2,100,0,0,0,2,4,0,1,1,5,74.6,80.6,68.6,29.8,35.0,87.5,92.2,66.7,0,0,12.7,50,25,159.4,3,1,1,100,1,1,100,0,0,0,0,1,1,1,1,0,4,1,4,150,150,80,0,100,62.5,96.9,3,2,66.7,0,0,0,1,1,100,1,0,0,0,0,0,0,0,0,0,1,1,100,4,0,0,0
Bashkimi,"K. Wooten, M. Ismaili, L. Zeqiri, T. Bickerstaff, K. Anderson",1,122,6,2,4,50,0,1,0,2,3,66.7,0,1,1,2,1,1,0,2,5,101.6,100.5,102.7,23.9,23.4,50,56.4,100,0,50,0,75,25,117.5,8,3,5,60,1,1,100,1,1,100,1,1,2,1,0,0,1,2,5,70,73.5,15.5,50,20,153.2,-35.7,1,1,100,2,1,50,1,0,0,0,0,0,0,3,2,66.7,1,0,0,1,1,100,1,0,0,0
Bashkimi,"I. Cousins, D. Lake, M. Ismaili, L. Zeqiri, I. Nwamu",2,284,12,5,6,83.3,2,3,66.7,0,0,0,0,0,0,3,0,0,0,0,5,56.8,48.7,64.9,49.3,37.0,100,100,60,0,0,0,0,50,208.3,14,6,7,85.7,2,2,100,0,0,0,0,1,1,3,0,0,1,1,7,100,100,12.5,0,28.6,182.3,26,3,3,100,0,0,0,3,2,66.7,0,0,0,0,3,2,66.7,2,2,100,2,2,100,0,0,1,0
Bashkimi,"I. Cousins, M. Ismaili, M. Janjeva, T. Bickerstaff, I. Nwamu",3,227,5,2,5,40,1,2,50,0,0,0,0,3,3,2,0,0,1,2,5,67,60.9,73.1,39.4,32.8,50,50,100,0,50,12.5,0,40,86.8,10,3,8,37.5,1,4,25,3,5,60,3,3,6,1,1,0,0,1,6,43.8,49,0,50,50,144.7,-57.9,1,1,100,2,0,0,2,1,50,1,0,0,0,3,2,66.7,1,0,0,4,1,25,0,0,0,0
Bashkimi,"I. Cousins, L. Zeqiri, T. Bickerstaff, V. Bunjaku, I. Nwamu",3,208,11,3,4,75,2,2,100,3,4,75,0,2,2,2,0,0,0,1,5,64.5,63.8,65.1,37.6,36.8,100,95.5,66.7,0,66.7,0,100,50,198.9,8,2,5,40,2,3,66.7,2,2,100,1,1,2,1,0,1,1,3,5,60,68,14.5,33.3,60,141.7,57.2,1,0,0,1,1,100,2,2,100,0,0,0,0,0,0,0,2,0,0,3,2,66.7,0,0,1,0
Bashkimi,"J. Riley, D. Lake, M. Janjeva, L. Zeqiri, S. Shorter",1,165,5,1,4,25,0,1,0,3,4,75,1,2,3,0,0,0,1,4,5,85.2,80.4,89.9,29.8,26.7,25,43.4,0,25,66.7,14.8,100,25,90.4,5,2,5,40,0,2,0,1,1,100,1,3,4,1,1,0,2,2,6,40,46,26.9,33.3,40,80.9,9.5,2,1,50,1,0,0,1,0,0,1,0,0,0,2,1,50,1,1,100,2,0,0,0,2,0,0
Bashkimi,"D. Lake, M. Ismaili, L. Zeqiri, J. Baily, K. Anderson",3,203,1,0,4,0,0,2,0,1,2,50,0,2,2,1,0,0,1,3,5,61.1,66.7,55.4,36.0,43.3,0,10.2,0,0,25,14.5,50,50,17.7,9,3,10,30,2,7,28.6,1,2,50,6,4,10,2,1,1,0,2,4,40,41.4,0,75,70,192.1,-174.4,1,0,0,1,0,0,2,0,0,1,0,0,0,2,1,50,1,0,0,7,2,28.6,0,0,0,0
Bashkimi,"D. Lake, M. Janjeva, V. Bunjaku, S. Shorter, I. Nwamu",2,194,7,2,2,100,1,1,100,2,2,100,0,2,2,2,1,0,3,1,5,75.8,69.8,81.7,34.4,29.4,125,121.5,100,0,100,38.1,100,50,124,5,2,3,66.7,0,0,0,1,2,50,0,0,0,1,2,0,3,3,6,66.7,64.4,43.6,0,0,75.7,48.3,1,1,100,0,0,0,1,1,100,1,1,0,1,2,2,100,1,0,0,0,0,0,1,0,0,1
Bashkimi,"M. Janjeva, L. Zeqiri, T. Bickerstaff, K. Anderson, V. Bunjaku",2,242,3,1,5,20,1,5,20,0,0,0,1,2,3,1,1,1,2,3,5,61.9,57.1,66.6,42.0,36.0,30,30,100,25,66.7,25,0,100,52.1,10,4,7,57.1,2,2,100,0,0,0,1,3,4,3,1,0,1,1,6,71.4,71.4,12.5,33.3,28.6,148.8,-96.7,0,0,0,0,0,0,5,1,20,1,1,0,0,4,2,50,1,0,0,2,2,100,0,1,0,0
Bora,"C. Payton, A. Hunter, A. Mekic, A. Hot, G. Zeqiri",2,202,9,3,4,75,3,4,75,0,0,0,0,0,0,0,3,0,2,0,5,68.4,68.4,68.4,35.1,35.1,112.5,112.5,0,0,0,33.3,0,100,156.2,3,1,1,100,1,1,100,0,0,0,0,1,1,0,1,0,5,1,5,150,150,83.3,0,100,52.1,104.2,0,0,0,0,0,0,4,3,75,0,1,0,1,0,0,0,0,0,0,1,1,100,1,4,0,0
Bora,"C. Payton, S. Jules, A. Hot, T. Cheese, R. Memedi",3,160,6,2,5,40,0,3,0,2,2,100,1,2,3,0,0,0,1,2,5,85.5,84.7,86.4,28.3,27.8,40,51,0,33.3,66.7,14.5,40,60,106.3,8,4,7,57.1,0,1,0,0,0,0,1,2,3,0,1,0,0,1,5,57.1,57.1,0,33.3,14.3,138.9,-32.6,1,1,100,1,1,100,3,0,0,1,0,0,0,3,3,100,3,1,33.3,1,0,0,0,0,0,0
Bora,"C. Payton, A. Mekic, A. Hot, T. Cheese, R. Memedi",1,166,3,1,5,20,1,4,25,0,0,0,0,2,2,1,1,0,1,3,5,82.4,83.3,81.6,28.8,29.4,30,30,100,0,100,14.3,0,80,52.1,8,3,4,75,1,1,100,1,2,50,0,4,4,0,1,0,1,0,5,87.5,82,17,0,25,141.7,-89.6,1,0,0,0,0,0,4,1,25,1,0,0,0,2,2,100,1,0,0,1,1,100,1,0,0,0
Bora,"A. Hunter, S. Jules, A. Hot, J. Zeqiri, R. Ukaj",3,176,2,1,2,50,0,0,0,0,0,0,0,1,1,1,0,0,4,2,5,72,78.5,65.5,30.6,36.7,50,50,100,0,100,57.1,0,0,34.7,10,4,5,80,2,3,66.7,0,0,0,0,0,0,3,2,0,0,1,4,100,100,0,0,60,208.3,-173.6,2,1,50,0,0,0,0,0,0,2,1,1,0,2,2,100,0,0,0,3,2,66.7,0,0,0,0
Bora,"O. Kurtaj, S. Jules, D. Taylor, A. Mekic, R. Memedi",1,115,7,2,6,33.3,1,3,33.3,2,2,100,1,1,2,1,0,0,0,0,5,109,117.8,100.2,20.4,24.0,41.7,50.9,50,25,100,0,33.3,50,124,4,2,3,66.7,0,0,0,0,0,0,0,3,3,2,0,0,2,1,4,66.7,66.7,40,0,0,83.3,40.7,2,1,50,1,0,0,3,1,33.3,0,0,0,0,2,2,100,1,0,0,0,0,0,1,0,0,1
Bora,"S. Jules, D. Taylor, A. Mekic, G. Singleton, R. Memedi",1,134,10,4,4,100,1,1,100,1,2,50,0,1,1,2,2,0,1,1,5,92.5,101.1,83.9,23.7,28.6,112.5,102.5,50,0,100,12.7,50,25,177.2,4,1,2,50,0,1,0,2,2,100,0,0,0,1,0,0,2,1,4,50,69.4,41,0,50,85.4,91.8,2,2,100,1,1,100,1,1,100,0,1,0,0,0,0,0,1,1,100,1,0,0,2,0,0,0
Bora,"S. Jules, A. Mekic, A. Hot, T. Cheese, R. Ukaj",2,156,7,1,4,25,0,1,0,5,5,100,0,2,2,3,1,0,0,1,5,90.1,91.6,88.6,26.2,27.1,25,56.5,300,0,100,0,125,25,117.6,2,1,3,33.3,0,0,0,0,0,0,0,3,3,0,0,0,3,4,5,33.3,33.3,50,0,0,34.7,82.9,1,1,100,2,0,0,1,0,0,0,0,0,0,1,1,100,2,0,0,0,0,0,0,1,0,1
Bora,"L. Thomas, T. Cheese, R. Ukaj, R. Memedi, G. Zeqiri",1,167,6,1,4,25,1,3,33.3,3,4,75,0,3,3,1,1,0,0,0,5,74.2,79.5,69,30.2,34.8,37.5,52.1,100,0,100,0,100,75,108.5,3,1,4,25,1,1,100,0,0,0,0,3,3,1,0,0,1,2,4,37.5,37.5,20,0,25,62.5,46,0,0,0,1,0,0,3,1,33.3,0,0,0,0,1,0,0,2,0,0,1,1,100,1,0,0,0
GO+Peja,"S. Llapi, S. Flatten, J. Johnson, C. Edwards, A. Hajdari",1,174,7,3,7,42.9,1,4,25,0,0,0,1,2,3,2,1,0,0,1,5,79.4,79.4,79.4,30.2,30.2,50,50,66.7,25,66.7,0,0,57.1,121.5,7,3,6,50,1,2,50,0,0,0,1,3,4,1,0,0,1,0,5,58.3,58.3,14.3,33.3,33.3,121.5,0,2,1,50,1,1,100,4,1,25,0,0,0,0,1,1,100,3,1,33.3,2,1,50,1,0,0,0
GO+Peja,"S. Llapi, D. Ademaj, O. Sallabegolli, E. Hasanaj, S. Nila",1,104,3,1,3,33.3,0,1,0,1,3,33.3,0,1,1,0,1,0,1,1,5,113,117.9,108.1,20.4,22.2,33.3,34.7,0,0,50,18.8,100,33.3,58.7,5,2,4,50,0,0,0,1,2,50,1,3,4,2,0,0,1,1,4,50,51.2,17,50,0,106.7,-48,1,1,100,1,0,0,1,0,0,0,1,0,0,4,2,50,0,0,0,0,0,0,1,0,0,0
GO+Peja,"S. Flatten, J. Johnson, M. Armstead, A. Herndon, A. Hajdari",1,179,6,2,6,33.3,1,4,25,1,2,50,3,2,5,1,2,0,2,1,5,74.9,75.7,74.1,31.7,32.4,41.7,43.6,50,75,100,20.2,33.3,66.7,106.3,5,1,2,50,0,0,0,3,4,75,0,1,1,3,1,1,2,1,5,50,66.5,34.7,0,0,90.4,15.9,1,0,0,1,1,100,4,1,25,1,0,1,0,1,0,0,1,1,100,0,0,0,2,0,0,0
GO+Peja,"S. Flatten, D. Berisha, A. Herndon, C. Edwards, A. Hajdari",1,208,6,2,3,66.7,1,2,50,1,4,25,0,5,5,1,0,1,1,0,5,70.7,63.8,77.5,37.6,31.0,83.3,63,50,0,71.4,14.8,133.3,66.7,108.5,5,2,9,22.2,1,6,16.7,0,0,0,2,2,4,0,1,0,0,2,6,27.8,27.8,0,28.6,66.7,74.4,34.1,1,1,100,0,0,0,2,1,50,0,1,0,0,1,1,100,2,0,0,6,1,16.7,0,0,0,0
GO+Peja,"J. Johnson, D. Berisha, M. Armstead, A. Herndon, C. Edwards",1,175,4,2,5,40,0,1,0,0,0,0,0,1,1,0,1,1,1,2,5,72.4,79,65.8,30.4,36.5,40,40,0,0,50,16.7,0,20,69.4,7,3,5,60,1,1,100,0,0,0,1,3,4,2,1,0,1,0,4,70,70,16.7,50,20,145.8,-76.4,2,1,50,2,1,50,1,0,0,0,1,0,0,3,2,66.7,1,0,0,1,1,100,1,0,0,0
GO+Peja,"J. Johnson, D. Berisha, A. Herndon, T. Green, A. Hajdari",2,225,7,3,7,42.9,1,3,33.3,0,0,0,3,4,7,0,0,1,2,1,5,71.7,61.4,81.9,39.1,29.3,50,50,0,75,57.1,22.2,0,42.9,121.5,3,1,8,12.5,1,5,20,0,0,0,3,1,4,1,2,0,3,3,7,18.8,18.8,27.3,42.9,62.5,39.1,82.5,4,2,50,0,0,0,3,1,33.3,2,0,0,0,1,0,0,2,0,0,5,1,20,0,1,0,1
GO+Peja,"J. Johnson, M. Armstead, M. Mala, T. Green, C. Edwards",3,206,3,1,2,50,0,1,0,1,2,50,0,2,2,1,1,0,3,0,5,72,65.8,78.3,36.5,30.7,50,52.1,100,0,100,43.6,100,50,53.1,8,3,5,60,2,2,100,0,0,0,0,1,1,2,1,0,2,3,6,80,80,28.6,0,40,119,-65.9,1,1,100,0,0,0,1,0,0,1,2,0,0,3,1,33.3,0,0,0,2,2,100,2,0,0,0
Golden Eagle Ylli,"J. Gray, L. Shoshi, A. Çallakaj, B. Pass, G. Morina",1,156,0,0,4,0,0,3,0,0,0,0,1,5,6,0,1,0,3,5,5,93.3,88.6,98.1,27.1,24.5,0,0,0,25,100,42.9,0,75,0,3,1,3,33.3,0,1,0,1,6,16.7,0,3,3,0,2,1,1,2,6,33.3,26.6,15.1,0,33.3,47.1,-47.1,1,0,0,0,0,0,3,0,0,2,1,0,0,2,1,50,0,0,0,1,0,0,0,1,0,0
Golden Eagle Ylli,"J. Gray, D. Sabeckis, B. Huffman, E. Kastrati, G. Morina",1,161,6,2,6,33.3,1,3,33.3,1,2,50,3,3,6,1,0,0,2,2,5,86.4,84.1,88.7,28.5,27.0,41.7,43.6,50,60,75,20.2,33.3,50,106.3,7,1,5,20,0,3,0,5,5,100,1,2,3,0,1,0,0,2,5,20,48.6,0,25,60,117.6,-11.3,2,1,50,1,0,0,3,1,33.3,1,1,0,0,2,1,50,0,0,0,3,0,0,0,0,0,0
Golden Eagle Ylli,"L. Shoshi, A. Çallakaj, T. Allen, B. Pass, A. Gashi",1,186,3,1,9,11.1,0,3,0,1,2,50,4,2,6,0,1,0,0,1,5,72.8,72.8,72.8,33.0,33.0,11.1,15.2,0,44.4,100,0,22.2,33.3,53.1,5,1,3,33.3,1,2,50,2,2,100,0,5,5,1,0,0,2,1,5,50,64.4,34,0,66.7,88.6,-35.4,3,0,0,3,1,33.3,3,0,0,0,0,0,0,0,0,0,1,0,0,2,1,50,2,0,0,0
Golden Eagle Ylli,"L. Shoshi, D. Sabeckis, S. Bamforth, E. Kastrati, B. Pass",1,144,7,3,6,50,0,2,0,1,1,100,1,2,3,2,1,0,0,1,5,87,87,87,27.6,27.6,50,54.3,66.7,33.3,100,0,16.7,33.3,134,4,1,3,33.3,1,2,50,1,1,100,0,2,2,1,0,0,2,1,5,50,58.1,36.8,0,66.7,76.6,57.4,3,2,66.7,1,1,100,2,0,0,0,0,0,0,1,0,0,0,0,0,2,1,50,1,0,0,1
Golden Eagle Ylli,"L. Shoshi, D. Sabeckis, E. Kastrati, A. Gashi, G. Morina",2,194,4,1,8,12.5,0,2,0,2,2,100,4,2,6,0,1,0,1,2,5,81.7,69.8,93.6,34.4,25.6,12.5,22.5,0,57.1,100,10.1,25,25,70.9,5,2,4,50,0,2,0,1,2,50,0,3,3,1,1,0,3,3,7,50,51.2,38.1,0,50,66.1,4.8,4,1,25,2,0,0,2,0,0,0,1,0,0,2,2,100,0,0,0,2,0,0,1,0,0,1
Golden Eagle Ylli,"A. Çallakaj, D. Sabeckis, J. Reece, B. Pass, G. Morina",1,186,9,3,3,100,1,1,100,2,3,66.7,0,2,2,3,3,0,1,2,5,63.9,65.9,61.9,36.4,38.8,116.7,104.2,100,0,66.7,12,100,33.3,176.2,0,0,3,0,0,0,0,0,0,0,1,1,2,0,1,0,3,3,4,0,0,50,33.3,0,0,176.2,2,2,100,0,0,0,1,1,100,0,1,0,0,1,0,0,2,0,0,0,0,0,1,2,0,0
Golden Eagle Ylli,"A. Çallakaj, D. Sabeckis, J. Reece, A. Gashi, G. Morina",2,189,7,3,5,60,1,3,33.3,0,0,0,2,0,2,2,2,0,3,2,5,75.1,73.1,77,32.8,31.2,70,70,66.7,100,0,30,0,60,121.5,10,3,3,100,1,1,100,3,3,100,0,0,0,1,1,0,2,1,6,116.7,115.7,31.6,0,33.3,164.8,-43.3,2,2,100,0,0,0,3,1,33.3,0,1,0,1,2,2,100,0,0,0,1,1,100,0,2,0,0
Golden Eagle Ylli,"A. Çallakaj, B. Huffman, J. Reece, B. Pass, G. Morina",1,188,6,2,4,50,1,1,100,1,2,50,1,5,6,1,0,1,2,2,5,72.8,72.1,73.5,33.3,32.6,62.5,61.5,50,50,83.3,25.4,50,25,106.3,2,1,7,14.3,0,2,0,0,0,0,1,1,2,0,1,0,0,1,5,14.3,14.3,0,16.7,28.6,34.7,71.6,3,1,33.3,0,0,0,1,1,100,1,1,0,0,2,0,0,3,1,33.3,2,0,0,0,0,0,0
Golden Eagle Ylli,"A. Çallakaj, L. Thomas, T. Allen, B. Pass, G. Morina",2,93,8,2,4,50,1,1,100,3,6,50,1,0,1,1,1,0,0,1,5,128.8,139.7,117.9,17.2,20.4,62.5,60.2,50,25,0,0,150,25,147.8,8,2,3,66.7,1,2,50,3,4,75,1,3,4,0,0,1,1,3,4,83.3,84,17.4,100,66.7,175.1,-27.3,2,0,0,1,1,100,1,1,100,0,0,0,0,0,0,0,1,1,100,2,1,50,1,0,0,0
Golden Eagle Ylli,"B. Huffman, J. Reece, A. Gashi, G. Morina, A. Shala",1,167,3,1,4,25,0,2,0,1,2,50,0,2,2,0,1,1,1,1,5,88,81.1,94.9,29.6,25.3,25,30.7,0,0,40,17,50,50,53.1,6,2,7,28.6,1,2,50,1,2,50,3,3,6,2,1,0,2,1,6,35.7,38.1,20.2,60,28.6,90.8,-37.7,1,1,100,1,0,0,2,0,0,1,0,0,0,3,1,33.3,2,0,0,2,1,50,1,1,0,0
Golden Eagle Ylli,"J. Reece, T. Allen, E. Kastrati, D. Conger, G. Morina",1,117,11,3,4,75,1,1,100,4,4,100,1,2,3,2,1,1,1,1,5,123.3,113.4,133.1,21.2,18.0,87.5,95.5,66.7,100,100,11.4,100,25,198.9,6,1,4,25,0,0,0,4,4,100,0,0,0,1,1,0,1,2,6,25,52.1,14.8,0,0,92.5,106.5,3,2,66.7,0,0,0,1,1,100,1,0,0,0,4,1,25,0,0,0,0,0,0,0,1,0,0
Rahoveci 029,"J. Johnson, K. Pullian, V. Ejupi, K. Ujkani, I. Umipig",1,131,11,4,6,66.7,3,4,75,0,0,0,0,3,3,0,0,0,0,2,5,103.4,105.5,101.3,22.7,23.7,91.7,91.7,0,0,100,0,0,66.7,191,7,1,4,25,1,2,50,4,4,100,0,2,2,1,0,0,0,0,5,37.5,60.8,0,0,50,126.6,64.4,1,1,100,1,0,0,4,3,75,0,0,0,0,1,0,0,1,0,0,2,1,50,0,0,0,0
Rahoveci 029,"J. Johnson, K. Pullian, A. Berisha, E. Haxhimurati, F. Rugova",1,175,4,2,5,40,0,2,0,0,0,0,1,0,1,0,2,0,2,2,5,79,79,79,30.4,30.4,40,40,0,33.3,0,28.6,0,40,69.4,11,4,6,66.7,3,3,100,0,0,0,2,2,4,2,2,0,2,0,5,91.7,91.7,25,100,50,191,-121.5,3,2,66.7,0,0,0,2,0,0,1,1,0,0,3,1,33.3,0,0,0,3,3,100,2,0,0,0
Rahoveci 029,"K. Pullian, H. Durguti, J. Roche, E. Haxhimurati, F. Rugova",1,191,10,4,8,50,2,4,50,0,2,0,4,1,5,3,1,0,1,0,5,71.7,70.9,72.4,33.8,33.2,62.5,56.3,75,80,100,7.8,25,50,177.2,6,3,4,75,0,1,0,0,0,0,0,1,1,1,0,0,2,1,5,75,75,33.3,0,25,104.2,73,4,2,50,0,0,0,4,2,50,0,1,0,0,3,3,100,0,0,0,1,0,0,0,2,0,0
Rahoveci 029,"K. Pullian, H. Durguti, R. Granberry, F. Rugova, I. Umipig",1,171,3,1,4,25,1,3,33.3,0,0,0,0,3,3,1,0,0,2,2,5,74.1,80.8,67.4,29.7,35.6,37.5,37.5,100,0,100,28.6,0,75,52.1,5,2,5,40,1,1,100,0,0,0,0,3,3,1,1,0,0,1,4,50,50,0,0,20,104.2,-52.1,1,0,0,0,0,0,3,1,33.3,1,0,0,1,1,0,0,3,1,33.3,1,1,100,0,0,0,0
Rahoveci 029,"K. Pullian, V. Ejupi, N. Mcloud, F. Rugova, I. Umipig",2,120,5,2,3,66.7,1,1,100,0,0,0,0,1,1,1,1,0,3,2,5,105.6,115.2,96,20.8,25.0,83.3,83.3,50,0,100,42.9,0,33.3,86.8,7,3,4,75,1,2,50,0,0,0,0,1,1,2,1,0,1,1,4,87.5,87.5,20,0,50,145.8,-59,2,1,50,0,0,0,1,1,100,1,0,0,1,2,2,100,0,0,0,2,1,50,1,0,0,0
Rahoveci 029,"K. Pullian, J. Roche, E. Peci, K. Ujkani, B. Rexha",1,185,4,2,4,50,0,1,0,0,0,0,0,2,2,0,0,1,2,4,5,76.7,74.7,78.7,32.1,30.5,50,50,0,0,66.7,33.3,0,25,69.4,10,3,6,50,1,2,50,3,3,100,1,2,3,1,1,0,0,1,6,58.3,68.3,0,33.3,33.3,164.8,-95.4,2,1,50,1,1,100,1,0,0,1,0,1,0,3,1,33.3,1,1,100,2,1,50,0,0,0,0
Rahoveci 029,"K. Pullian, E. Haxhimurati, B. Rexha, F. Rugova, I. Umipig",1,173,5,2,3,66.7,1,2,50,0,0,0,0,3,3,0,0,1,3,3,5,85.8,79.9,91.6,30.0,26.2,83.3,83.3,0,0,100,50,0,66.7,86.8,8,3,6,50,0,1,0,2,2,100,0,1,1,3,1,0,0,2,6,50,58.1,0,0,16.7,121.1,-34.3,1,1,100,0,0,0,2,1,50,1,2,0,0,3,3,100,2,0,0,1,0,0,0,0,0,0
Rahoveci 029,"K. Pullian, B. Rexha, F. Rugova, I. Umipig, A. Thomas",2,263,6,2,4,50,1,2,50,1,2,50,0,1,1,2,0,0,1,2,5,57.3,51.5,63.1,46.6,38.0,62.5,61.5,100,0,50,12.7,50,50,106.3,12,3,5,60,1,3,33.3,5,5,100,1,3,4,3,0,0,1,3,6,70,83.3,12.2,50,60,173.6,-67.3,2,1,50,0,0,0,2,1,50,0,0,1,0,2,2,100,0,0,0,3,1,33.3,1,0,0,0
Rahoveci 029,"V. Ejupi, J. Roche, E. Peci, F. Rugova, I. Umipig",1,194,9,4,8,50,1,3,33.3,0,0,0,2,1,3,2,0,0,0,1,5,67.9,71.3,64.6,33.7,37.1,56.2,56.2,50,50,33.3,0,0,37.5,156.2,7,3,6,50,0,1,0,1,1,100,2,2,4,1,0,0,1,3,5,50,54.3,13.4,66.7,16.7,134,22.2,3,1,33.3,2,2,100,3,1,33.3,0,0,0,0,4,2,50,1,1,100,1,0,0,0,1,0,0
Rahoveci 029,"V. Ejupi, E. Haxhimurati, N. Mcloud, F. Rugova, I. Umipig",1,199,7,2,4,50,0,1,0,3,4,75,1,1,2,2,1,0,1,1,5,73.2,66.7,79.7,36.0,30.1,50,60.8,100,50,50,11.4,100,25,126.6,8,3,5,60,0,1,0,2,2,100,1,1,2,2,1,0,2,3,6,60,68,25.4,50,20,121.1,5.5,2,2,100,1,0,0,1,0,0,1,0,0,0,3,2,66.7,1,1,100,1,0,0,2,0,0,0
Rahoveci 029,"A. Berisha, B. Rexha, N. Mcloud, J. Mccorrmick, A. Thomas",1,186,10,4,6,66.7,2,3,66.7,0,0,0,1,2,3,3,1,0,1,2,5,68.1,74.3,61.9,32.3,38.8,83.3,83.3,75,50,50,10,0,50,173.6,3,1,5,20,1,2,50,0,0,0,2,1,3,1,1,0,2,0,4,30,30,28.6,50,40,62.5,111.1,2,2,100,1,0,0,3,2,66.7,1,0,0,0,3,0,0,0,0,0,2,1,50,1,1,0,0
Sigal Prishtina,"A. Bailey, A. Azemi, D. Burns, D. Polloshka, T. Vissariou",2,168,6,2,6,33.3,1,4,25,1,2,50,2,0,2,1,0,0,1,2,5,67.7,80.6,54.9,29.8,43.8,41.7,43.6,50,66.7,0,11.3,33.3,66.7,106.3,10,4,4,100,2,2,100,0,0,0,0,1,1,3,1,0,0,1,3,125,125,0,0,50,260.4,-154.1,1,1,100,1,0,0,4,1,25,1,0,0,0,1,1,100,1,1,100,2,2,100,0,0,0,0
Sigal Prishtina,"A. Bailey, A. Lomax, D. Haxhosaj, J. Ismajli, E. Clarance",1,162,3,1,4,25,0,1,0,1,2,50,0,1,1,0,1,0,1,4,5,75.7,83.6,67.7,28.7,35.5,25,30.7,0,0,100,17,50,25,53.1,6,1,2,50,0,1,0,4,4,100,0,2,2,1,0,0,1,1,4,50,79.8,21,0,50,131.3,-78.2,1,0,0,2,1,50,1,0,0,0,0,0,1,0,0,0,1,1,100,1,0,0,1,0,0,0
Sigal Prishtina,"A. Bailey, A. Lomax, A. Sinani, D. Williams, A. Morina",1,223,3,0,5,0,0,2,0,3,7,42.9,3,4,7,1,0,1,1,3,5,70.3,62.8,77.7,38.2,30.9,0,18.6,0,42.9,57.1,9.9,140,40,51.4,5,0,5,0,0,2,0,5,8,62.5,3,4,7,1,1,0,2,5,7,0,29.3,19,42.9,40,69.3,-17.9,2,0,0,1,0,0,2,0,0,1,0,0,0,2,0,0,1,0,0,2,0,0,0,0,0,1
Sigal Prishtina,"A. Bailey, A. Lomax, A. Sinani, A. Morina, V. Kakruki",3,134,7,2,3,66.7,1,1,100,2,2,100,0,3,3,2,1,0,2,3,5,93.5,101.1,86,23.7,27.9,83.3,90.2,100,0,100,25.4,66.7,33.3,124,2,1,4,25,0,1,0,0,0,0,0,1,1,1,1,0,1,3,4,25,25,20,0,25,41.7,82.3,2,1,50,0,0,0,1,1,100,2,0,0,0,2,0,0,1,1,100,1,0,0,0,1,0,0
Sigal Prishtina,"A. Bailey, A. Sinani, D. Polloshka, V. Kakruki, E. Clarance",1,167,4,1,3,33.3,0,1,0,2,5,40,0,3,3,1,0,0,1,0,5,77.3,85.5,69,28.1,34.8,33.3,38.5,100,0,75,13.9,166.7,33.3,67.2,4,2,6,33.3,0,2,0,0,0,0,1,4,5,1,1,1,0,4,4,33.3,33.3,0,25,33.3,83.3,-16.1,2,1,50,0,0,0,1,0,0,1,0,0,0,3,2,66.7,1,0,0,2,0,0,0,0,0,0
Sigal Prishtina,"A. Bailey, D. Burns, K. Kramer, D. Polloshka, A. Morina",3,188,7,3,6,50,1,3,33.3,0,0,0,2,2,4,1,0,1,2,2,5,77.5,73.5,81.4,32.6,29.5,58.3,58.3,33.3,66.7,50,22.2,0,50,121.5,11,3,6,50,1,2,50,4,6,66.7,2,1,3,3,1,0,0,0,6,58.3,63.7,0,50,33.3,172.6,-51,1,1,100,2,1,50,3,1,33.3,2,0,0,0,2,2,100,2,0,0,2,1,50,0,0,0,0
Sigal Prishtina,"A. Azemi, D. Burns, K. Kramer, D. Polloshka, T. Vissariou",2,157,3,1,4,25,0,2,0,1,2,50,0,1,1,0,0,1,1,0,5,79.8,86.3,73.4,27.8,32.7,25,30.7,0,0,50,17,50,50,53.1,9,4,6,66.7,1,1,100,0,0,0,1,3,4,4,1,0,0,0,4,75,75,0,50,16.7,187.5,-134.4,1,0,0,1,1,100,2,0,0,1,0,0,0,5,3,60,0,0,0,1,1,100,0,0,0,0
Sigal Prishtina,"D. Haxhosaj, D. Burns, D. Williams, G. Hoti, D. Polloshka",1,234,7,2,5,40,2,3,66.7,1,2,50,0,3,3,3,0,0,0,2,5,62.8,57.9,67.7,41.5,35.4,60,59.5,150,0,60,0,40,60,124,4,1,6,16.7,1,4,25,1,2,50,2,4,6,0,0,0,2,1,6,25,29.1,22.5,40,66.7,60.6,63.4,0,0,0,2,0,0,3,2,66.7,0,0,0,0,0,0,0,2,0,0,4,1,25,0,1,0,1
Sigal Prishtina,"A. Sinani, J. Ismajli, K. Kramer, D. Polloshka, E. Clarance",1,205,7,2,7,28.6,1,3,33.3,2,2,100,2,1,3,1,1,0,0,0,5,69.2,66.1,72.4,36.3,33.2,35.7,44.4,50,40,50,0,28.6,42.9,124,6,2,4,50,1,2,50,1,1,100,1,3,4,1,0,0,3,2,6,62.5,67.6,40.3,50,50,97,27,2,1,50,2,0,0,3,1,33.3,0,0,0,0,0,0,0,2,1,50,2,1,50,0,1,1,1
Trepça,"A. Gashi, E. Asllani, M. Amzil, D. Kapiti, B. Tuna",1,158,12,6,9,66.7,0,0,0,0,0,0,3,4,7,3,1,0,0,0,5,93.9,87.5,100.3,27.4,23.9,66.7,66.7,50,100,80,0,0,0,208.3,4,1,6,16.7,0,4,0,2,2,100,1,0,1,0,0,0,1,0,6,16.7,29.1,12.7,20,66.7,60.6,147.8,8,6,75,1,0,0,0,0,0,0,0,0,0,2,1,50,0,0,0,4,0,0,1,0,0,0
Trepça,"A. Gashi, M. Tmusic, S. Jones, M. Amzil, J. Payne",1,163,5,2,4,50,0,1,0,1,2,50,1,4,5,0,0,0,2,2,5,80,83.1,76.9,28.9,31.2,50,51.2,0,50,80,29.1,50,25,88.6,4,2,6,33.3,0,4,0,0,1,0,1,1,2,0,0,0,0,1,5,33.3,31.1,0,20,66.7,76.6,12,2,2,100,1,0,0,1,0,0,1,1,0,0,2,2,100,0,0,0,4,0,0,0,0,0,0
Trepça,"A. Gashi, D. Hajrizi, D. Kapiti, K. Hasbrouck, B. Tuna",2,137,5,2,3,66.7,0,0,0,1,3,33.3,0,1,1,2,2,0,1,0,5,78.4,89.5,67.3,26.8,35.7,66.7,57.9,100,0,50,13.7,100,0,97.9,3,1,3,33.3,1,2,50,0,0,0,1,2,3,1,0,0,2,2,3,50,50,40,50,66.7,78.1,19.8,2,2,100,1,0,0,0,0,0,0,1,0,0,1,0,0,0,0,0,2,1,50,1,1,0,0
Trepça,"M. Tmusic, D. Hajrizi, C. Brown, J. Payne, B. Tuna",3,258,8,3,9,33.3,2,6,33.3,0,0,0,3,4,7,1,0,1,0,1,5,62.5,53.6,71.4,44.8,33.6,44.4,44.4,33.3,50,57.1,0,0,66.7,138.9,2,1,9,11.1,0,4,0,0,0,0,3,3,6,0,0,0,2,2,7,11.1,11.1,18.2,42.9,44.4,26,112.8,1,0,0,2,1,50,6,2,33.3,0,0,0,0,4,1,25,1,0,0,4,0,0,0,1,1,0
Trepça,"M. Tmusic, D. Hajrizi, M. Amzil, D. Kapiti, A. Vining",2,133,2,0,1,0,0,1,0,2,4,50,1,0,1,0,1,0,4,0,5,93.2,99.8,86.6,24.1,27.7,0,36.2,0,100,0,59.2,400,100,36.2,3,1,2,50,1,2,50,0,0,0,1,0,1,0,2,0,4,1,4,75,75,66.7,100,100,62.5,-26.3,0,0,0,0,0,0,1,0,0,2,2,0,0,0,0,0,0,0,0,2,1,50,1,2,0,1
Trepça,"M. Tmusic, D. Hajrizi, M. Amzil, D. Kapiti, K. Hasbrouck",1,181,2,1,4,25,0,3,0,0,0,0,0,3,3,1,0,0,2,2,5,75.6,76.4,74.8,31.4,32.1,25,25,100,0,100,28.6,0,75,34.7,6,2,5,40,0,1,0,2,2,100,0,3,3,2,2,0,0,2,5,40,51,0,0,20,106.3,-71.6,1,1,100,0,0,0,3,0,0,1,1,0,0,2,2,100,2,0,0,1,0,0,0,0,0,0
Trepça,"M. Tmusic, D. Hajrizi, M. Amzil, K. Hasbrouck, S. Henry",1,220,12,5,5,100,2,2,100,0,0,0,0,1,1,1,1,1,1,4,5,68.1,62.8,73.3,38.2,32.7,120,120,20,0,33.3,14.3,0,40,208.3,4,2,5,40,0,1,0,0,0,0,2,0,2,0,0,0,4,2,6,40,40,44.4,66.7,20,59.5,148.8,3,3,100,0,0,0,2,2,100,0,1,0,0,2,1,50,2,1,50,1,0,0,1,0,1,1
Trepça,"M. Tmusic, D. Hajrizi, J. Payne, D. Kapiti, K. Hasbrouck",1,160,5,1,3,33.3,0,1,0,3,4,75,0,1,1,0,1,0,1,1,5,76.6,82.9,70.3,28.9,34.2,33.3,52.5,0,0,100,17.4,133.3,33.3,90.4,6,2,3,66.7,0,1,0,2,2,100,0,3,3,2,1,1,1,3,4,66.7,77.3,20.5,0,33.3,128.1,-37.7,2,1,50,0,0,0,1,0,0,0,1,0,0,2,2,100,0,0,0,1,0,0,0,1,0,0
Trepça,"M. Tmusic, S. Jones, M. Amzil, J. Payne, A. Vining",3,193,5,2,7,28.6,1,3,33.3,0,0,0,2,3,5,1,1,0,1,1,5,77.6,71.6,83.6,33.5,28.7,35.7,35.7,50,40,60,11.1,0,42.9,86.8,6,3,8,37.5,0,4,0,0,0,0,2,3,5,1,0,1,1,0,6,37.5,37.5,11.1,40,50,89.3,-2.5,2,0,0,2,1,50,3,1,33.3,0,0,0,1,3,2,66.7,1,1,100,4,0,0,0,1,0,0
Trepça,"M. Tmusic, S. Jones, J. Payne, D. Kapiti, A. Vining",1,153,6,3,4,75,0,1,0,0,0,0,0,1,1,2,1,0,2,1,5,86.1,90.4,81.9,26.6,29.3,75,75,66.7,0,100,25,0,25,104.2,5,2,3,66.7,0,0,0,1,1,100,0,1,1,1,2,0,2,1,5,66.7,72.7,36.8,0,0,95.7,8.4,2,2,100,1,1,100,1,0,0,2,0,0,0,2,2,100,1,0,0,0,0,0,2,0,0,0
Trepça,"M. Tmusic, S. Jones, D. Kapiti, A. Vining, B. Zekiqi",1,186,0,0,6,0,0,3,0,0,0,0,0,2,2,0,0,0,0,2,5,74.3,74.3,74.3,32.3,32.3,0,0,0,0,100,0,0,50,0,9,4,6,66.7,1,3,33.3,0,0,0,0,6,6,3,0,1,0,0,5,75,75,0,0,50,156.2,-156.2,1,0,0,2,0,0,3,0,0,0,0,0,0,2,2,100,1,1,100,3,1,33.3,0,0,0,0
Vëllaznimi,"Z. Reid, A. Koshi, A. Bedra, A. Gordon, R. Dahsyla",1,174,7,2,6,33.3,1,4,25,2,3,66.7,2,0,2,1,1,0,0,0,5,74.9,70.4,79.4,34.1,30.2,41.7,47.8,50,40,0,0,50,66.7,137.1,6,3,5,60,0,2,0,0,0,0,2,3,5,1,0,0,3,2,5,60,60,37.5,100,40,104.2,32.9,2,1,50,0,0,0,4,1,25,0,0,0,0,2,2,100,1,1,100,2,0,0,2,1,0,0
Vëllaznimi,"Z. Reid, A. Koshi, A. Gordon, A. Rushiti, R. Dahsyla",1,176,8,3,4,75,1,1,100,1,1,100,0,0,0,0,0,0,1,1,5,61.8,71.2,52.4,33.7,45.8,87.5,90.1,0,0,0,18.4,25,25,153.2,10,4,4,100,2,2,100,0,0,0,0,1,1,3,1,0,0,1,3,125,125,0,0,50,260.4,-107.2,1,1,100,2,1,50,1,1,100,0,1,0,0,2,2,100,0,0,0,2,2,100,0,0,0,0
Vëllaznimi,"Z. Reid, A. Bedra, S. Zekiqi, D. Dedushaj, E. Cingu",1,225,8,3,7,42.9,2,6,33.3,0,0,0,1,0,1,2,0,0,0,2,5,61.4,61.4,61.4,39.1,39.1,57.1,57.1,66.7,25,0,0,0,85.7,138.9,10,5,6,83.3,0,0,0,0,0,0,0,3,3,2,0,0,0,1,5,83.3,83.3,0,0,0,173.6,-34.7,1,1,100,0,0,0,6,2,33.3,0,0,0,0,4,4,100,2,1,50,0,0,0,0,0,0,0
Vëllaznimi,"Z. Reid, A. Bedra, S. Zekiqi, A. Gordon, E. Cingu",1,234,4,2,3,66.7,0,1,0,0,2,0,0,5,5,0,0,1,2,1,5,69.9,57.9,81.9,41.5,29.3,66.7,51.5,0,0,100,34,66.7,33.3,70.9,4,2,5,40,0,0,0,0,3,0,0,2,2,2,0,0,2,2,7,40,31.6,24,0,0,50.1,20.8,1,1,100,1,1,100,1,0,0,0,1,0,1,5,2,40,0,0,0,0,0,0,0,1,0,1
Vëllaznimi,"A. Bedra, S. Zekiqi, A. Gordon, D. Wilson, J. Hellems",1,122,3,0,2,0,0,1,0,3,4,75,0,3,3,0,0,0,2,2,5,101.6,108.8,94.4,22.1,25.4,0,39.9,0,0,100,34.7,200,50,54.3,4,2,5,40,0,2,0,0,0,0,0,2,2,1,0,1,0,3,4,40,40,0,0,40,83.3,-29.1,1,0,0,0,0,0,1,0,0,0,0,0,1,1,1,100,2,1,50,2,0,0,0,0,0,0
Bashkimi,"M. Armstead, K. Wooten, J. Riley, M. Ismaili, I. Nwamu",1,119,7,1,3,33.3,1,2,50,4,4,100,0,2,2,0,1,0,0,0,4,104.2,92.2,116.2,26.0,20.7,50,73.5,0,0,100,0,133.3,66.7,153.2,2,1,3,33.3,0,1,0,0,0,0,0,2,2,1,0,0,3,3,5,33.3,33.3,50,0,33.3,34.7,118.5,0,0,0,1,0,0,2,1,50,0,0,0,0,2,1,50,0,0,0,1,0,0,1,0,0,1
Bashkimi,"M. Armstead, K. Wooten, M. Ismaili, M. Janjeva, I. Nwamu",1,175,4,2,3,66.7,0,1,0,0,0,0,0,3,3,0,1,1,2,1,4,72.4,65.8,79,36.5,30.4,66.7,66.7,0,0,100,40,0,33.3,83.3,5,2,5,40,1,2,50,0,0,0,0,1,1,2,2,0,1,1,5,50,50,16.7,0,40,86.8,-3.5,2,2,100,0,0,0,1,0,0,1,1,0,0,2,0,0,1,1,100,2,1,50,1,0,0,0
Bashkimi,"M. Armstead, K. Wooten, M. Ismaili, L. Zeqiri, S. Shorter",1,123,6,2,3,66.7,1,2,50,1,4,25,0,3,3,1,0,0,0,2,4,80.9,89.2,72.7,26.9,33.0,83.3,63,50,0,100,0,133.3,66.7,131.3,1,0,2,0,0,2,0,1,2,50,0,2,2,1,0,0,1,1,3,0,17.4,25.8,0,100,26.8,104.5,1,1,100,0,0,0,2,1,50,0,0,0,0,0,0,0,0,0,0,2,0,0,1,0,0,0
Bashkimi,"M. Armstead, I. Cousins, D. Lake, M. Ismaili, S. Shorter",1,191,5,2,7,28.6,1,3,33.3,0,0,0,3,3,6,1,1,0,1,2,4,66.3,60.3,72.4,39.8,33.2,35.7,35.7,50,60,75,11.1,0,42.9,104.2,4,2,6,33.3,0,3,0,0,0,0,1,2,3,2,1,0,1,2,5,33.3,33.3,14.3,25,50,69.4,34.7,3,1,33.3,1,0,0,3,1,33.3,1,0,0,0,1,1,100,2,1,50,3,0,0,0,1,0,0
Bashkimi,"M. Armstead, I. Cousins, L. Zeqiri, T. Bickerstaff, V. Bunjaku",2,170,5,2,5,40,1,3,33.3,0,2,0,3,2,5,2,1,0,2,1,4,73.7,66.1,81.3,36.3,29.5,50,42.5,100,75,66.7,20.2,40,60,106.7,6,3,6,50,0,2,0,0,0,0,1,1,2,1,2,0,1,2,5,50,50,14.3,33.3,33.3,104.2,2.6,2,1,50,0,0,0,3,1,33.3,1,1,0,0,3,2,66.7,1,1,100,2,0,0,1,0,0,0
Bashkimi,"M. Armstead, J. Riley, D. Lake, L. Zeqiri, K. Anderson",1,200,8,4,6,66.7,0,2,0,0,0,0,1,0,1,2,1,0,0,0,4,63.4,57.6,69.1,41.7,34.7,66.7,66.7,50,50,0,0,0,33.3,166.7,10,4,5,80,2,2,100,0,0,0,0,1,1,1,0,0,1,0,5,100,100,16.7,0,40,173.6,-6.9,4,4,100,0,0,0,2,0,0,0,0,0,0,0,0,0,3,2,66.7,2,2,100,1,0,0,0
Bashkimi,"M. Armstead, J. Riley, M. Janjeva, S. Shorter, I. Nwamu",1,192,7,3,6,50,1,2,50,0,0,0,2,0,2,0,0,0,1,1,4,68.6,60,77.3,40.0,31.1,58.3,58.3,0,66.7,0,14.3,0,33.3,145.8,13,5,5,100,2,2,100,1,1,100,0,1,1,1,1,1,1,1,6,120,119.5,15.5,0,40,210.3,-64.4,2,1,50,2,1,50,2,1,50,0,1,0,0,3,3,100,0,0,0,2,2,100,1,0,0,0
Bashkimi,"M. Armstead, D. Lake, M. Ismaili, J. Baily, V. Bunjaku",1,141,6,3,4,75,0,0,0,0,0,0,0,0,0,2,1,0,1,1,4,77.1,81.7,72.6,29.4,33.1,75,75,66.7,0,0,14.3,0,0,125,9,3,3,100,2,2,100,1,1,100,0,1,1,2,1,0,1,0,4,133.3,130.8,22.5,0,66.7,211.1,-86.1,3,2,66.7,1,1,100,0,0,0,1,0,0,0,1,1,100,0,0,0,2,2,100,0,1,0,0
Bashkimi,"M. Armstead, D. Lake, V. Bunjaku, S. Shorter, I. Nwamu",1,196,6,3,4,75,0,0,0,0,0,0,0,3,3,2,0,0,1,2,4,58.1,58.8,57.4,40.8,41.8,75,75,66.7,0,60,14.3,0,0,125,4,1,6,16.7,0,3,0,2,2,100,2,1,3,1,0,0,0,1,4,16.7,29.1,0,40,50,85.4,39.6,4,3,75,0,0,0,0,0,0,0,1,0,0,1,0,0,2,1,50,3,0,0,0,0,0,0
Bashkimi,"M. Armstead, M. Ismaili, M. Janjeva, T. Bickerstaff, I. Nwamu",1,148,4,2,2,100,0,0,0,0,0,0,0,3,3,0,0,0,3,1,4,70.1,77.8,62.3,30.8,38.5,100,100,0,0,100,60,0,0,83.3,2,1,4,25,0,2,0,0,0,0,0,0,0,0,1,0,0,0,3,25,25,0,0,50,52.1,31.3,0,0,0,2,2,100,0,0,0,0,1,0,1,1,1,100,1,0,0,2,0,0,0,0,0,0
Bashkimi,"M. Armstead, M. Ismaili, L. Zeqiri, T. Bickerstaff, I. Nwamu",1,107,5,2,3,66.7,0,1,0,1,3,33.3,0,2,2,1,1,0,0,0,4,89.6,93,86.1,25.8,27.9,66.7,57.9,50,0,100,0,100,33.3,120.6,2,1,3,33.3,0,1,0,0,0,0,0,2,2,1,0,0,1,4,3,33.3,33.3,25,0,33.3,52.1,68.5,2,2,100,0,0,0,1,0,0,0,0,0,0,1,0,0,1,1,100,1,0,0,1,0,0,0
Bashkimi,"K. Wooten, I. Cousins, L. Zeqiri, T. Bickerstaff, K. Anderson",1,206,10,5,5,100,0,0,0,0,0,0,0,3,3,2,0,0,0,0,4,55.9,55.9,55.9,42.9,42.9,100,100,40,0,75,0,0,0,208.3,5,2,6,33.3,1,5,20,0,0,0,1,0,1,1,0,0,0,2,4,41.7,41.7,0,25,83.3,104.2,104.2,4,4,100,1,1,100,0,0,0,0,0,0,0,1,1,100,0,0,0,5,1,20,0,0,0,0
Bashkimi,"K. Wooten, I. Cousins, T. Bickerstaff, J. Baily, V. Bunjaku",1,158,0,0,4,0,0,1,0,0,0,0,1,2,3,0,0,0,2,0,4,72.9,72.9,72.9,32.9,32.9,0,0,0,25,50,33.3,0,25,0,4,2,6,33.3,0,4,0,0,0,0,2,3,5,1,1,1,1,0,4,33.3,33.3,14.3,50,66.7,83.3,-83.3,0,0,0,3,0,0,1,0,0,0,2,0,0,2,2,100,0,0,0,4,0,0,1,0,0,0
Bashkimi,"K. Wooten, D. Lake, J. Baily, K. Anderson, V. Bunjaku",1,142,2,1,3,33.3,0,2,0,0,1,0,0,1,1,1,1,0,1,0,4,68.5,72,64.9,33.3,37.0,33.3,29.1,100,0,100,18.4,33.3,66.7,46.9,3,1,2,50,1,2,50,0,0,0,0,3,3,1,0,0,2,3,3,75,75,50,0,100,78.1,-31.2,1,1,100,0,0,0,2,0,0,0,1,0,0,0,0,0,0,0,0,2,1,50,1,1,0,0
Bashkimi,"K. Wooten, T. Bickerstaff, J. Baily, K. Anderson, V. Bunjaku",2,118,4,2,4,50,0,1,0,0,0,0,0,2,2,1,0,0,1,1,4,76.9,97.6,56.2,24.6,42.7,50,50,50,0,66.7,16.7,0,25,83.3,2,0,3,0,0,2,0,2,2,100,1,2,3,0,1,0,0,1,2,0,25.8,0,33.3,66.7,72.3,11,2,1,50,1,1,100,1,0,0,0,1,0,0,0,0,0,1,0,0,2,0,0,0,0,0,0
Bashkimi,"I. Cousins, D. Lake, M. Janjeva, L. Zeqiri, I. Nwamu",1,194,2,1,4,25,0,2,0,0,0,0,1,2,3,1,0,1,2,1,4,61.3,59.4,63.2,40.4,38.0,25,25,100,33.3,50,28.6,0,50,41.7,7,2,6,33.3,1,4,25,2,3,66.7,2,2,4,1,0,1,0,2,5,41.7,47.8,0,50,66.7,137.1,-95.4,1,0,0,1,1,100,2,0,0,0,0,0,1,2,1,50,0,0,0,4,1,25,0,0,0,0
Bashkimi,"J. Riley, D. Lake, M. Ismaili, L. Zeqiri, K. Anderson",1,146,5,1,2,50,1,1,100,2,2,100,0,2,2,0,1,0,2,1,4,78,77,78.9,31.2,30.4,75,86.8,0,0,66.7,41,100,50,106.7,5,2,5,40,1,3,33.3,0,0,0,1,1,2,1,2,0,1,3,4,50,50,16.7,33.3,60,104.2,2.6,0,0,0,1,0,0,1,1,100,1,1,0,0,2,1,50,0,0,0,3,1,33.3,1,0,0,0
Bashkimi,"D. Lake, L. Zeqiri, K. Anderson, V. Bunjaku, I. Nwamu",1,142,4,1,3,33.3,0,1,0,2,2,100,0,0,0,0,0,0,1,1,4,71.1,79.2,63,30.3,38.1,33.3,51.5,0,0,0,20.5,66.7,33.3,85.4,10,3,3,100,2,2,100,2,2,100,0,2,2,2,0,0,0,1,3,133.3,128.9,0,0,66.7,268.5,-183.1,1,1,100,1,0,0,1,0,0,0,1,0,0,1,1,100,0,0,0,2,2,100,0,0,0,0
Bora,"C. Payton, A. Hunter, S. Jules, A. Hot, R. Ukaj",1,114,6,2,3,66.7,1,2,50,1,3,33.3,0,2,2,2,0,0,0,0,4,74,87.3,60.6,27.5,39.6,83.3,69.4,100,0,100,0,100,66.7,144.7,2,1,3,33.3,0,0,0,0,0,0,0,0,0,0,0,0,0,2,2,33.3,33.3,0,0,0,69.4,75.2,0,0,0,1,1,100,2,1,50,0,0,0,0,1,1,100,2,0,0,0,0,0,0,0,0,0
Bora,"A. Hunter, C. Bragg Jr, A. Hot, J. Zeqiri, R. Memedi",1,175,5,2,4,50,1,2,50,0,0,0,1,0,1,0,0,0,2,3,4,64.2,65.8,62.7,36.5,38.3,62.5,62.5,0,50,0,33.3,0,50,104.2,9,2,3,66.7,1,2,50,4,4,100,1,1,2,1,2,0,1,0,4,83.3,94.5,17.4,100,66.7,197,-92.8,2,1,50,0,0,0,2,1,50,0,2,0,0,1,1,100,0,0,0,2,1,50,0,0,1,0
Bora,"A. Hunter, C. Bragg Jr, J. Zeqiri, T. Cheese, R. Memedi",2,126,2,0,0,0,0,0,0,2,4,50,0,1,1,1,1,0,3,1,4,70.9,87,54.9,27.6,43.8,0,56.8,0,0,50,52.1,0,0,43.8,2,1,3,33.3,0,1,0,0,0,0,1,2,3,0,0,0,1,2,2,33.3,33.3,25,50,33.3,69.4,-25.7,0,0,0,0,0,0,0,0,0,0,1,0,1,1,0,0,1,1,100,1,0,0,1,0,0,0
Bora,"A. Hunter, J. Dingle, J. Zeqiri, R. Ukaj, R. Memedi",1,143,4,1,3,33.3,1,2,50,1,2,50,1,2,3,1,0,0,2,2,4,77.7,78.6,76.7,30.5,31.3,50,51.5,100,50,100,29.1,66.7,66.7,85.4,5,1,3,33.3,0,0,0,3,4,75,0,1,1,1,1,0,0,0,4,33.3,52.5,0,0,0,109.4,-24,0,0,0,1,0,0,2,1,50,1,1,0,0,3,1,33.3,0,0,0,0,0,0,0,0,0,0
Bora,"O. Kurtaj, S. Jules, A. Mekic, A. Hot, J. Zeqiri",1,139,0,0,1,0,0,0,0,0,0,0,0,2,2,0,1,0,4,0,4,82.9,82.9,82.9,29.0,29.0,0,0,0,0,66.7,80,0,0,0,4,2,5,40,0,1,0,0,0,0,1,1,2,1,4,0,1,0,4,40,40,16.7,33.3,20,83.3,-83.3,0,0,0,1,0,0,0,0,0,2,2,0,0,4,2,50,0,0,0,1,0,0,0,1,0,0
Bora,"O. Kurtaj, S. Jules, A. Mekic, R. Ukaj, R. Memedi",1,190,3,0,1,0,0,1,0,3,4,75,0,5,5,1,0,0,2,2,4,64.5,57.7,71.3,41.6,33.7,0,54.3,0,0,71.4,34.7,400,100,65.7,4,1,7,14.3,1,4,25,1,2,50,2,1,3,1,0,0,0,3,5,21.4,25.4,0,28.6,57.1,70.9,-5.2,0,0,0,0,0,0,1,0,0,0,0,0,2,3,0,0,0,0,0,4,1,25,0,0,0,0
Bora,"O. Kurtaj, S. Jules, A. Hot, J. Zeqiri, T. Cheese",2,119,4,1,4,25,0,0,0,2,2,100,0,0,0,0,1,0,0,1,4,107.3,94.5,120,25.4,20.0,25,41,0,0,0,0,50,0,85.4,12,3,4,75,1,1,100,5,5,100,1,2,3,2,0,1,1,1,5,87.5,96.8,13.9,100,25,201.6,-116.2,4,1,25,0,0,0,0,0,0,0,0,0,0,3,2,66.7,0,0,0,1,1,100,1,0,0,0
Bora,"C. Bragg Jr, S. Jules, J. Dingle, A. Hot, R. Memedi",1,136,3,1,5,20,0,2,0,1,2,50,1,2,3,0,0,1,0,1,4,92.2,82.7,101.6,29.0,23.6,20,25.5,0,25,50,0,40,40,64,3,1,5,20,1,3,33.3,0,0,0,2,3,5,1,0,0,3,2,5,30,30,37.5,50,60,52.1,12,3,1,33.3,0,0,0,2,0,0,0,0,0,0,1,0,0,1,0,0,3,1,33.3,1,0,0,1
Bora,"S. Jules, J. Dingle, A. Hot, J. Zeqiri, R. Memedi",2,188,2,1,4,25,0,2,0,0,0,0,0,1,1,0,0,0,1,2,4,63.2,61.3,65.2,39.2,36.8,25,25,0,0,33.3,20,0,50,41.7,9,4,6,66.7,0,0,0,1,3,33.3,2,3,5,2,1,0,0,0,5,66.7,61.5,0,66.7,0,176.2,-134.6,1,1,100,1,0,0,2,0,0,0,1,0,0,3,2,66.7,3,2,66.7,0,0,0,0,0,0,0
Bora,"S. Jules, A. Hot, T. Cheese, R. Ukaj, R. Memedi",2,191,0,0,6,0,0,4,0,0,0,0,1,3,4,0,1,0,0,2,4,66.3,60.3,72.4,39.8,33.2,0,0,0,16.7,75,0,0,66.7,0,0,0,4,0,0,4,0,0,0,0,1,5,6,0,0,1,3,1,5,0,0,42.9,25,100,0,0,2,0,0,0,0,0,4,0,0,0,0,0,0,0,0,0,0,0,0,4,0,0,0,1,0,1
Bora,"S. Jules, A. Hot, T. Cheese, R. Ukaj, G. Zeqiri",2,137,5,2,4,50,0,1,0,1,2,50,1,1,2,2,0,0,1,1,4,73.7,82.1,65.3,29.2,36.8,50,51.2,100,33.3,100,12.7,50,25,106.7,5,2,3,66.7,0,1,0,1,2,50,0,2,2,2,0,0,0,0,3,66.7,64.4,0,0,33.3,134.2,-27.5,2,2,100,1,0,0,1,0,0,0,0,1,0,2,2,100,0,0,0,1,0,0,0,0,0,0
Bora,"T. Jackson, A. Mekic, J. Zeqiri, G. Singleton, G. Zeqiri",1,133,5,1,4,25,1,4,25,2,2,100,0,1,1,0,1,0,0,1,4,76.9,84.5,69.3,28.4,34.6,37.5,51.2,0,0,33.3,0,50,100,106.7,4,2,5,40,0,2,0,0,0,0,2,3,5,1,0,0,1,0,3,40,40,16.7,66.7,40,104.2,2.6,0,0,0,0,0,0,4,1,25,0,0,0,0,3,2,66.7,0,0,0,2,0,0,0,1,0,0
Bora,"L. Thomas, A. Hot, J. Zeqiri, T. Cheese, R. Memedi",1,126,7,3,5,60,1,3,33.3,0,0,0,2,0,2,1,1,0,2,2,4,99.5,91.4,107.5,26.2,22.3,70,70,33.3,100,0,25,0,60,145.8,11,4,5,80,1,1,100,2,2,100,1,0,1,2,2,0,1,1,5,90,93.5,14.5,100,20,194.9,-49,2,2,100,0,0,0,3,1,33.3,1,1,0,0,4,3,75,0,0,0,1,1,100,0,1,0,0
GO+ Peja,"J. Johnson, M. Armstread, A. Herndon, M. Mala, T. Green",1,175,8,3,6,50,2,4,50,0,0,0,1,3,4,2,0,1,0,0,4,65.8,65.8,65.8,36.5,36.5,66.7,66.7,66.7,33.3,100,0,0,66.7,166.7,2,1,4,25,0,2,0,0,0,0,0,2,2,0,0,0,1,2,4,25,25,20,0,50,41.7,125,1,1,100,1,0,0,4,2,50,0,0,0,0,1,1,100,1,0,0,2,0,0,1,0,0,0
GO+ Peja,"D. Berisha, M. Armstread, A. Herndon, C. Edwards, A. Hajdari",1,140,4,2,4,50,0,1,0,0,0,0,1,2,3,0,0,0,2,2,4,74.1,82.3,65.8,29.2,36.5,50,50,0,50,66.7,33.3,0,25,83.3,5,2,5,40,1,3,33.3,0,0,0,1,1,2,1,0,0,0,0,3,50,50,0,33.3,60,130.2,-46.9,1,1,100,2,1,50,1,0,0,0,0,0,1,1,1,100,1,0,0,3,1,33.3,0,0,0,0
GO+Peja,"S. Llapi, S. Flatten, D. Ademaj, A. Herndon, M. Mala",1,171,5,2,4,50,0,1,0,1,2,50,0,2,2,2,2,0,0,0,4,66.6,65.8,67.4,36.5,35.6,50,51.2,100,0,100,0,50,25,106.7,0,0,2,0,0,1,0,0,0,0,0,3,3,0,0,0,3,2,4,0,0,60,0,50,0,106.7,3,2,66.7,0,0,0,1,0,0,0,0,0,0,0,0,0,1,0,0,1,0,0,1,1,0,1
GO+Peja,"S. Llapi, J. Johnson, F. Shoshaj, A. Herndon, O. Williams",1,173,3,1,5,20,0,3,0,1,2,50,1,2,3,0,0,0,0,0,4,79.1,65,93.2,36.9,25.7,20,25.5,0,25,66.7,0,40,60,64,12,5,8,62.5,2,3,66.7,0,0,0,1,3,4,3,0,0,0,1,6,75,75,0,33.3,37.5,178.6,-114.5,2,1,50,0,0,0,3,0,0,0,0,0,0,5,3,60,0,0,0,3,2,66.7,0,0,0,0
GO+Peja,"S. Llapi, J. Johnson, A. Herndon, M. Mala, O. Williams",1,139,5,2,5,40,1,2,50,0,0,0,1,3,4,0,0,1,1,2,4,80.9,82.9,78.9,29.0,30.4,50,50,0,33.3,100,16.7,0,40,104.2,6,1,3,33.3,1,2,50,3,4,75,0,2,2,1,1,0,0,1,4,50,63,0,0,66.7,131.3,-27.1,3,1,33.3,0,0,0,2,1,50,1,0,0,0,1,0,0,0,0,0,2,1,50,0,0,0,0
GO+Peja,"S. Llapi, O. Sallabegolli, F. Shoshaj, S. Nila, C. Edwards",1,101,2,0,3,0,0,2,0,2,2,100,0,0,0,0,0,0,1,1,4,99.9,111.3,88.5,21.6,27.1,0,25.8,0,0,0,20.5,66.7,66.7,42.7,9,3,7,42.9,1,1,100,2,2,100,4,3,7,3,1,0,0,0,3,50,57.1,0,100,14.3,241.6,-198.9,1,0,0,0,0,0,2,0,0,0,1,0,0,3,2,66.7,3,0,0,1,1,100,0,0,0,0
GO+Peja,"S. Llapi, M. Mala, T. Green, O. Williams, A. Hajdari",2,122,7,2,4,50,1,2,50,2,3,66.7,1,2,3,1,0,0,0,0,4,88,81.6,94.4,29.4,25.4,62.5,65.8,50,50,66.7,0,75,50,168.8,5,2,6,33.3,1,4,25,0,0,0,1,1,2,0,0,0,0,1,4,41.7,41.7,0,33.3,66.7,104.2,64.6,2,1,50,0,0,0,2,1,50,0,0,0,0,2,1,50,0,0,0,4,1,25,0,0,0,0
GO+Peja,"S. Flatten, J. Johnson, M. Armstead, T. Green, A. Hajdari",1,140,8,3,3,100,2,2,100,0,0,0,0,3,3,1,0,0,2,2,4,87.6,82.3,92.8,29.2,25.9,133.3,133.3,33.3,0,75,33.3,0,66.7,166.7,8,2,4,50,1,2,50,3,6,50,1,0,1,0,2,0,0,0,5,62.5,60.2,0,25,50,147.8,18.9,1,1,100,0,0,0,2,2,100,1,1,0,0,1,0,0,1,1,100,2,1,50,0,0,0,0
GO+Peja,"S. Flatten, D. Berisha, M. Armstead, A. Herndon, C. Edwards",2,150,8,3,5,60,1,3,33.3,1,2,50,1,2,3,2,0,1,0,2,4,68.2,75,61.4,32.0,39.1,70,68,66.7,33.3,100,0,40,60,170.8,4,2,4,50,0,1,0,0,0,0,0,2,2,1,0,0,0,1,3,50,50,0,0,25,104.2,66.6,2,2,100,0,0,0,3,1,33.3,0,0,0,0,2,1,50,1,1,100,1,0,0,0,0,0,0
GO+Peja,"S. Flatten, D. Berisha, M. Armstead, M. Mala, T. Green",2,76,6,2,3,66.7,0,1,0,2,2,100,0,2,2,2,1,1,1,0,4,164.9,147.9,181.9,16.2,13.2,66.7,77.3,100,0,100,14.5,66.7,33.3,128.1,7,3,5,60,1,2,50,0,0,0,0,0,0,1,0,0,1,1,5,70,70,16.7,0,40,121.5,6.5,2,2,100,0,0,0,1,0,0,0,1,0,0,2,2,100,1,0,0,2,1,50,0,1,0,0
GO+Peja,"S. Flatten, D. Berisha, D. Ademaj, M. Mala, C. Edwards",1,192,2,1,4,25,0,1,0,0,0,0,0,2,2,1,0,1,1,2,4,54,60,48,40.0,50.0,25,25,100,0,100,16.7,0,25,41.7,5,2,4,50,1,2,50,0,0,0,0,3,3,2,1,0,0,2,3,62.5,62.5,0,0,50,130.2,-88.5,3,1,33.3,0,0,0,1,0,0,0,1,0,0,2,1,50,0,0,0,2,1,50,0,0,0,0
GO+Peja,"S. Flatten, M. Armstead, D. Ademaj, C. Edwards, A. Hajdari",1,127,5,1,4,25,1,4,25,2,2,100,1,3,4,1,0,0,1,1,4,92.5,88.5,96.5,27.1,24.9,37.5,51.2,100,50,100,14.5,50,100,106.7,6,2,4,50,0,1,0,2,3,66.7,0,1,1,1,0,0,0,2,5,50,56.4,0,0,25,117.5,-10.8,0,0,0,0,0,0,4,1,25,0,0,0,1,2,1,50,1,1,100,1,0,0,0,0,0,0
GO+Peja,"J. Johnson, A. Herndon, M. Mala, O. Williams, A. Hajdari",1,179,5,1,2,50,1,1,100,2,2,100,0,1,1,2,1,0,2,2,4,69.2,62.8,75.7,38.2,31.7,75,86.8,200,0,50,29.1,100,50,106.7,10,4,5,80,1,1,100,1,2,50,1,1,2,4,2,1,1,2,5,90,85,14.5,50,20,177.2,-70.4,1,0,0,0,0,0,1,1,100,0,2,0,0,3,2,66.7,1,1,100,1,1,100,1,0,0,0
GO+Peja,"C. Williams, F. Shoshaj, D. Bracey, C. Edwards, A. Hajdari",1,151,5,2,4,50,1,2,50,0,0,0,1,3,4,2,1,0,2,1,4,76.3,76.3,76.3,31.5,31.5,62.5,62.5,100,50,100,25,0,50,104.2,0,0,3,0,0,2,0,0,0,0,0,1,1,0,2,1,2,0,4,0,0,40,0,66.7,0,104.2,2,1,50,0,0,0,2,1,50,1,1,0,0,0,0,0,1,0,0,2,0,0,1,1,0,0
Golden Eagle Ylli,"J. Gray, S. Bamforth, E. Kastrati, D. Conger, T. Smith",1,123,5,2,4,50,0,1,0,1,2,50,0,2,2,2,1,0,0,1,4,83.2,91.4,74.9,26.3,32.0,50,51.2,100,0,100,0,50,25,106.7,2,1,3,33.3,0,2,0,0,0,0,0,2,2,0,0,0,1,1,3,33.3,33.3,25,0,66.7,52.1,54.6,1,1,100,2,1,50,1,0,0,0,0,0,0,1,1,100,0,0,0,2,0,0,1,0,0,0
Golden Eagle Ylli,"L. Shoshi, A. Çallakaj, D. Sabeckis, S. Bamforth, E. Kastrati",2,129,3,1,3,33.3,0,1,0,1,2,50,0,1,1,0,1,0,1,3,4,87.2,87.2,87.2,27.5,27.5,33.3,38.7,0,0,50,20.5,66.7,33.3,64,2,0,2,0,0,1,0,2,2,100,1,2,3,0,1,0,3,2,4,0,34.7,51,50,50,42.7,21.3,2,1,50,0,0,0,1,0,0,0,1,0,0,0,0,0,1,0,0,1,0,0,1,0,0,1
Golden Eagle Ylli,"L. Shoshi, J. Reece, T. Allen, E. Kastrati, D. Conger",1,169,3,1,2,50,0,0,0,1,2,50,1,2,3,0,0,0,3,1,4,73.3,66.5,80.2,36.1,29.9,50,52.1,0,50,50,51,100,0,64,9,3,7,42.9,1,3,33.3,2,2,100,2,1,3,1,1,0,0,0,5,50,57.1,0,50,42.9,159.4,-95.4,0,0,0,2,1,50,0,0,0,2,1,0,0,4,2,50,0,0,0,3,1,33.3,0,0,0,0
Golden Eagle Ylli,"A. Çallakaj, D. Sabeckis, B. Pass, T. Smith, G. Morina",1,136,8,2,4,50,2,3,66.7,2,2,100,0,3,3,2,0,1,0,1,4,83.7,82.7,84.7,29.0,28.3,75,82,100,0,100,0,50,75,170.8,5,2,5,40,1,1,100,0,0,0,0,2,2,1,0,1,0,1,4,50,50,0,0,20,104.2,66.6,1,0,0,0,0,0,3,2,66.7,0,0,0,0,3,1,33.3,1,0,0,1,1,100,0,0,0,0
Golden Eagle Ylli,"A. Çallakaj, B. Huffman, S. Bamforth, E. Kastrati, B. Pass",1,155,8,4,4,100,0,0,0,0,1,0,0,1,1,2,1,0,0,0,4,70.2,66,74.3,36.4,32.3,100,90.1,50,0,50,0,25,0,187.7,5,2,4,50,1,2,50,0,0,0,1,1,2,1,0,0,2,2,4,62.5,62.5,33.3,50,50,104.2,83.5,4,4,100,0,0,0,0,0,0,0,0,0,0,1,1,100,1,0,0,2,1,50,2,0,0,0
Golden Eagle Ylli,"A. Çallakaj, B. Huffman, J. Reece, E. Kastrati, B. Pass",2,170,9,2,2,100,2,2,100,3,5,60,0,1,1,2,0,0,1,1,4,62.3,70.5,54.2,34.1,44.3,150,107.1,100,0,50,13.9,250,100,180.3,6,3,5,60,0,1,0,0,0,0,1,1,2,2,1,0,0,3,3,60,60,0,50,20,156.2,24,0,0,0,0,0,0,2,2,100,1,0,0,0,3,3,100,1,0,0,1,0,0,0,0,0,0
Golden Eagle Ylli,"A. Çallakaj, B. Huffman, L. Thomas, E. Kastrati, G. Morina",1,158,0,0,2,0,0,0,0,0,0,0,0,2,2,0,1,0,3,0,4,72.9,72.9,72.9,32.9,32.9,0,0,0,0,66.7,60,0,0,0,4,2,5,40,0,3,0,0,0,0,1,2,3,1,1,0,1,2,4,40,40,16.7,33.3,60,83.3,-83.3,1,0,0,1,0,0,0,0,0,1,1,0,1,2,2,100,0,0,0,3,0,0,0,1,0,0
Golden Eagle Ylli,"A. Çallakaj, J. Reece, L. Thomas, T. Allen, E. Kastrati",2,155,5,1,5,20,1,2,50,2,2,100,1,2,3,1,0,0,0,2,4,66,72.5,59.5,33.1,40.4,30,42.5,100,25,100,0,40,40,106.7,5,2,4,50,1,2,50,0,0,0,0,3,3,2,0,1,0,1,3,62.5,62.5,0,0,50,130.2,-23.5,1,0,0,2,0,0,2,1,50,0,0,0,0,1,1,100,1,0,0,2,1,50,0,0,0,0
Golden Eagle Ylli,"A. Çallakaj, J. Reece, L. Thomas, T. Allen, A. Gashi",1,128,5,2,6,33.3,1,4,25,0,0,0,1,2,3,0,0,0,0,1,4,81,90,72,26.7,33.3,41.7,41.7,0,25,66.7,0,0,66.7,104.2,6,2,5,40,2,2,100,0,0,0,1,3,4,2,0,0,0,0,3,60,60,0,33.3,40,156.2,-52.1,1,0,0,1,1,100,4,1,25,0,0,0,0,2,0,0,1,0,0,2,2,100,0,0,0,0
Golden Eagle Ylli,"D. Sabeckis, B. Huffman, S. Bamforth, D. Conger, G. Morina",1,144,11,4,4,100,3,3,100,0,0,0,0,2,2,2,0,0,1,0,4,72,80,64,30.0,37.5,137.5,137.5,50,0,100,14.3,0,75,229.2,5,2,4,50,1,1,100,0,0,0,0,0,0,1,1,0,0,0,3,62.5,62.5,0,0,25,130.2,99,1,1,100,0,0,0,3,3,100,1,0,0,0,1,1,100,2,0,0,1,1,100,0,0,0,0
Golden Eagle Ylli,"D. Sabeckis, B. Huffman, J. Reece, E. Kastrati, A. Gashi",1,148,4,2,5,40,0,1,0,0,0,0,0,4,4,2,0,1,0,1,4,77.8,77.8,77.8,30.8,30.8,40,40,100,0,100,0,0,20,83.3,3,1,5,20,1,3,33.3,0,0,0,0,3,3,1,0,0,0,0,4,30,30,0,0,60,62.5,20.8,3,1,33.3,1,1,100,1,0,0,0,0,0,0,1,0,0,1,0,0,3,1,33.3,0,0,0,0
Golden Eagle Ylli,"D. Sabeckis, B. Huffman, T. Allen, G. Morina, A. Shala",1,199,6,3,5,60,0,2,0,0,0,0,1,2,3,2,0,0,1,0,4,57.9,57.9,57.9,41.5,41.5,60,60,66.7,50,100,12.5,0,40,125,7,3,5,60,1,2,50,0,0,0,0,1,1,3,0,0,0,3,4,70,70,0,0,40,145.8,-20.8,3,3,100,0,0,0,2,0,0,0,1,0,0,3,2,66.7,0,0,0,2,1,50,0,0,0,0
Golden Eagle Ylli,"D. Sabeckis, S. Bamforth, E. Kastrati, D. Conger, T. Smith",1,107,7,2,3,66.7,1,2,50,2,4,50,0,0,0,2,1,1,0,0,4,94.3,102.5,86.1,23.4,27.9,83.3,73.5,100,0,0,0,133.3,66.7,153.2,5,2,3,66.7,1,1,100,0,0,0,1,2,3,2,0,0,2,2,3,83.3,83.3,40,100,33.3,130.2,23,1,1,100,0,0,0,2,1,50,0,0,0,0,2,1,50,0,0,0,1,1,100,1,1,0,0
Golden Eagle Ylli,"B. Huffman, S. Bamforth, T. Allen, B. Pass, G. Morina",1,153,4,2,4,50,0,0,0,0,0,0,1,2,3,0,0,0,2,2,4,84.3,75.3,93.4,31.9,25.7,50,50,0,50,100,33.3,0,0,83.3,10,3,4,75,0,1,0,4,5,80,0,1,1,1,2,1,0,0,5,75,80.6,0,0,25,168,-84.7,3,1,33.3,1,1,100,0,0,0,2,0,0,0,2,2,100,1,1,100,1,0,0,0,0,0,0
Golden Eagle Ylli,"B. Huffman, J. Reece, E. Kastrati, A. Gashi, G. Morina",1,157,0,0,3,0,0,1,0,0,0,0,0,1,1,0,0,0,2,1,4,65.2,73.4,56.9,32.7,42.1,0,0,0,0,100,40,0,33.3,0,7,2,3,66.7,1,2,50,2,2,100,0,3,3,1,0,0,0,1,3,83.3,90.2,0,0,66.7,187.9,-187.9,0,0,0,2,0,0,1,0,0,1,1,0,0,0,0,0,1,1,100,2,1,50,0,0,0,0
Golden Eagle Ylli,"B. Huffman, T. Allen, E. Kastrati, G. Morina, A. Shala",1,152,7,3,4,75,0,0,0,1,1,100,0,1,1,2,0,0,0,2,4,71.5,67.3,75.8,35.7,31.7,75,78.8,66.7,0,100,0,25,0,164.2,8,3,5,60,2,4,50,0,0,0,0,1,1,2,0,0,0,1,4,80,80,0,0,80,166.7,-2.4,2,2,100,2,1,50,0,0,0,0,0,0,0,1,1,100,0,0,0,4,2,50,0,0,0,0
Rahoveci 029,"J. Johnson, K. Pullian, V. Ejupi, J. Roche, A. Berisha",1,132,6,2,4,50,1,2,50,1,2,50,1,1,2,2,0,0,1,1,4,86.2,85.2,87.3,28.2,27.5,62.5,61.5,100,50,100,12.7,50,50,128.1,10,4,5,80,2,3,66.7,0,0,0,0,1,1,3,1,0,0,2,4,100,100,0,0,60,208.3,-80.3,1,1,100,1,0,0,2,1,50,0,1,0,0,1,1,100,1,1,100,3,2,66.7,0,0,0,0
Rahoveci 029,"J. Johnson, K. Pullian, V. Ejupi, J. Roche, B. Rexha",1,115,5,2,3,66.7,1,2,50,0,0,0,0,2,2,2,0,0,2,0,4,90.2,100.2,80.1,24.0,29.9,83.3,83.3,100,0,100,28.6,0,66.7,104.2,2,1,3,33.3,0,1,0,0,0,0,0,1,1,1,1,0,1,0,3,33.3,33.3,25,0,33.3,52.1,52.1,1,1,100,0,0,0,2,1,50,2,0,0,0,0,0,0,2,1,50,1,0,0,0,1,0,0
Rahoveci 029,"J. Johnson, K. Pullian, V. Ejupi, R. Granberry, B. Rexha",1,181,3,1,6,16.7,1,3,33.3,0,0,0,2,2,4,0,0,1,1,1,4,66.4,63.6,69.2,37.7,34.7,25,25,0,40,66.7,14.3,0,50,62.5,8,4,6,66.7,0,1,0,0,1,0,1,3,4,2,1,0,0,0,5,66.7,62.1,0,33.3,16.7,153.2,-90.7,3,0,0,0,0,0,3,1,33.3,0,1,0,0,5,4,80,0,0,0,1,0,0,0,0,0,0
Rahoveci 029,"J. Johnson, K. Pullian, V. Ejupi, B. Rexha, I. Umipig",1,131,7,2,4,50,1,1,100,2,3,66.7,1,1,2,1,0,0,0,0,4,73.2,76,70.4,31.6,34.1,62.5,65.8,50,33.3,100,0,75,25,168.8,7,3,4,75,1,1,100,0,0,0,0,2,2,3,0,0,0,1,3,87.5,87.5,0,0,25,182.3,-13.5,3,1,33.3,0,0,0,1,1,100,0,0,0,0,3,2,66.7,0,0,0,1,1,100,0,0,0,0
Rahoveci 029,"J. Johnson, E. Peci, E. Haxhimurati, F. Rugova, I. Umipig",2,187,4,1,8,12.5,1,4,25,1,2,50,5,1,6,1,1,0,1,1,4,60.9,60.1,61.6,39.9,39.0,18.8,22.5,100,62.5,50,9.2,25,50,85.4,6,3,5,60,0,0,0,0,0,0,1,3,4,3,1,0,1,3,4,60,60,16.7,50,0,125,-39.6,3,0,0,1,0,0,4,1,25,1,0,0,0,5,3,60,0,0,0,0,0,0,1,0,0,0
Rahoveci 029,"K. Pullian, H. Durguti, V. Ejupi, B. Rexha, F. Rugova",1,137,3,1,4,25,1,4,25,0,0,0,1,1,2,1,1,0,2,1,4,90.5,84.1,96.9,28.5,24.8,37.5,37.5,100,33.3,100,28.6,0,100,62.5,6,2,2,100,0,0,0,2,4,50,0,2,2,2,1,0,2,0,5,100,79.8,34.7,0,0,108.5,-46,0,0,0,0,0,0,4,1,25,1,0,1,0,2,2,100,0,0,0,0,0,0,1,1,0,0
Rahoveci 029,"K. Pullian, H. Durguti, J. Roche, R. Granberry, B. Rexha",1,165,0,0,2,0,0,1,0,0,0,0,0,0,0,0,1,0,3,1,4,76.8,69.8,83.8,34.4,28.6,0,0,0,0,0,60,0,50,0,8,4,4,100,0,0,0,0,0,0,0,2,2,1,2,0,2,1,5,100,100,33.3,0,0,138.9,-138.9,1,0,0,0,0,0,1,0,0,2,1,0,0,1,1,100,3,3,100,0,0,0,2,0,0,0
Rahoveci 029,"K. Pullian, V. Ejupi, J. Roche, K. Ujkani, R. Granberry",1,93,3,1,4,25,0,0,0,1,2,50,1,2,3,0,0,0,1,1,4,108.5,120.9,96.1,19.9,25.0,25,30.7,0,25,100,17,50,0,64,4,1,3,33.3,0,1,0,2,2,100,0,3,3,1,1,1,0,1,3,33.3,51.5,0,0,33.3,107.4,-43.4,3,1,33.3,1,0,0,0,0,0,1,0,0,0,2,1,50,0,0,0,1,0,0,0,0,0,0
Rahoveci 029,"K. Pullian, V. Ejupi, J. Roche, B. Rexha, A. Thomas",2,220,5,1,6,16.7,0,4,0,3,5,60,4,3,7,1,0,0,1,0,4,58,54.5,61.6,44.1,39.0,16.7,30.5,100,80,100,9.8,83.3,66.7,100.2,4,1,4,25,0,1,0,2,2,100,0,1,1,0,1,1,1,5,5,25,41,17,0,25,70.9,29.3,2,1,50,0,0,0,4,0,0,1,0,0,0,2,0,0,1,1,100,1,0,0,0,1,0,0
Rahoveci 029,"K. Pullian, V. Ejupi, K. Ujkani, R. Granberry, I. Umipig",1,121,2,1,4,25,0,1,0,0,2,0,0,2,2,0,0,1,0,1,4,92.9,92.9,92.9,25.8,25.8,25,20.5,0,0,66.7,0,50,25,42.7,5,2,4,50,1,2,50,0,2,0,1,4,5,1,0,0,1,1,4,62.5,51.2,17,33.3,50,106.7,-64,2,0,0,1,1,100,1,0,0,0,0,0,0,2,1,50,0,0,0,2,1,50,0,1,0,0
Rahoveci 029,"K. Pullian, V. Ejupi, K. Ujkani, N. Mcloud, I. Umipig",1,144,0,0,2,0,0,0,0,0,0,0,0,2,2,0,0,0,3,0,4,88,80,96,30.0,25.0,0,0,0,0,100,60,0,0,0,9,4,6,66.7,1,1,100,0,0,0,0,2,2,4,2,0,0,1,5,75,75,0,0,16.7,156.2,-156.2,1,0,0,1,0,0,0,0,0,2,1,0,0,5,3,60,0,0,0,1,1,100,0,0,0,0
Rahoveci 029,"K. Pullian, V. Ejupi, J. Johnson, F. Rugova, I. Umipig",1,177,8,2,4,50,2,3,66.7,2,2,100,0,1,1,1,1,0,0,0,4,70.8,63.5,78.1,37.8,30.7,75,82,50,0,100,0,50,75,170.8,11,4,5,80,3,4,75,0,0,0,0,2,2,2,0,0,1,2,5,110,110,16.7,0,80,191,-20.2,0,0,0,1,0,0,3,2,66.7,0,0,0,0,0,0,0,1,1,100,4,3,75,1,0,0,0
Rahoveci 029,"K. Pullian, V. Ejupi, B. Rexha, N. Mcloud, J. Mccorrmick",3,162,8,2,4,50,1,2,50,3,4,75,2,2,4,1,0,0,1,2,4,82.8,67.7,97.8,35.5,24.5,62.5,69.4,50,66.7,66.7,12.9,100,50,175.1,3,1,5,20,0,3,0,1,2,50,1,1,2,0,1,0,2,2,6,20,25.5,25.4,33.3,60,45.4,129.6,2,1,50,0,0,0,2,1,50,1,0,0,0,1,1,100,1,0,0,3,0,0,0,0,0,1
Rahoveci 029,"K. Pullian, A. Berisha, R. Granberry, J. Mccorrmick, F. Rugova",1,81,7,2,2,100,0,0,0,3,5,60,0,3,3,1,0,0,0,2,4,116.6,119.5,113.8,20.1,21.1,100,83.3,50,0,75,0,250,0,173.6,3,1,5,20,1,3,33.3,0,0,0,1,1,2,0,0,0,0,1,3,30,30,0,25,60,78.1,95.5,2,2,100,0,0,0,0,0,0,0,0,0,0,1,0,0,1,0,0,3,1,33.3,0,0,0,0
Rahoveci 029,"K. Pullian, A. Berisha, B. Rexha, N. Mcloud, I. Umipig",1,89,4,2,4,50,0,2,0,0,0,0,0,2,2,1,0,0,1,2,4,126.3,129.4,123.2,18.5,19.5,50,50,50,0,100,16.7,0,50,83.3,4,1,2,50,0,1,0,2,4,50,0,2,2,1,0,0,1,0,4,50,53.2,21,0,50,87.5,-4.2,2,2,100,0,0,0,2,0,0,0,1,0,0,1,1,100,0,0,0,1,0,0,0,0,0,1
Rahoveci 029,"H. Durguti, V. Ejupi, J. Roche, B. Rexha, I. Umipig",1,135,7,3,5,60,1,3,33.3,0,0,0,0,2,2,2,0,0,0,2,4,91.8,85.3,98.3,28.1,24.4,70,70,66.7,0,100,0,0,60,145.8,6,1,4,25,0,1,0,4,4,100,0,2,2,0,0,0,0,0,5,25,52.1,0,0,25,108.5,37.3,1,1,100,1,1,100,3,1,33.3,0,0,0,0,3,1,33.3,0,0,0,1,0,0,0,0,0,0
Rahoveci 029,"H. Durguti, V. Ejupi, K. Ujkani, A. Berisha, B. Rexha",1,132,4,2,6,33.3,0,2,0,0,0,0,1,1,2,1,0,1,0,0,4,87.3,87.3,87.3,27.5,27.5,33.3,33.3,50,25,50,0,0,33.3,83.3,9,4,6,66.7,1,1,100,0,0,0,1,3,4,2,0,0,0,1,4,75,75,0,50,16.7,187.5,-104.2,4,2,50,0,0,0,2,0,0,0,0,0,0,5,3,60,0,0,0,1,1,100,0,0,0,0
Rahoveci 029,"V. Ejupi, B. Rexha, N. Mcloud, J. Mccorrmick, A. Thomas",2,110,3,1,2,50,0,0,0,1,2,50,0,2,2,0,1,0,2,2,4,112.7,102.2,123.2,23.5,19.5,50,52.1,0,0,66.7,41,100,0,64,3,1,5,20,0,1,0,1,2,50,1,1,2,0,1,0,1,1,5,20,25.5,14.5,33.3,20,53.1,10.9,2,1,50,0,0,0,0,0,0,0,1,1,0,2,1,50,2,0,0,1,0,0,0,1,0,0
Sigal Prishtina,"A. Bailey, A. Azemi, D. Haxhosaj, D. Burns, E. Williams Jr",1,168,7,3,4,75,1,2,50,0,0,0,0,1,1,2,0,0,1,1,4,67.7,68.6,66.9,35.0,35.9,87.5,87.5,66.7,0,50,14.3,0,50,145.8,9,3,5,60,1,1,100,2,2,100,1,1,2,2,1,0,0,0,4,70,76.5,0,50,20,192.1,-46.3,2,2,100,0,0,0,2,1,50,1,0,0,0,3,2,66.7,1,0,0,1,1,100,0,0,0,0
Sigal Prishtina,"A. Bailey, A. Azemi, G. Hoti, D. Burns, V. Kakruki",2,192,4,2,5,40,0,1,0,0,0,0,1,1,2,2,1,0,1,0,4,65.3,60,70.6,40.0,34.0,40,40,100,33.3,50,12.5,0,20,83.3,8,3,4,75,1,2,50,1,2,50,1,2,3,1,1,1,2,1,5,87.5,82,29.1,50,50,141.7,-58.4,2,1,50,2,1,50,1,0,0,1,0,0,0,2,2,100,0,0,0,2,1,50,2,0,0,0
Sigal Prishtina,"A. Bailey, A. Azemi, D. Burns, G. Hoti, B. Istrefi",1,167,0,0,4,0,0,0,0,0,0,0,1,0,1,0,1,0,2,2,4,74.2,69,79.5,34.8,30.2,0,0,0,25,0,33.3,0,0,0,9,3,3,100,0,0,0,3,4,75,0,3,3,4,2,0,1,1,5,100,94.5,17.4,0,0,162.8,-162.8,1,0,0,3,0,0,0,0,0,0,2,0,0,3,3,100,0,0,0,0,0,0,0,1,0,0
Sigal Prishtina,"A. Bailey, A. Azemi, G. Hoti, K. Kramer, D. Polloshka",2,186,6,1,2,50,0,0,0,4,4,100,1,1,2,0,1,2,2,1,4,65.9,59,72.8,40.7,33.0,50,79.8,0,100,33.3,34.7,200,0,131.3,9,3,6,50,1,2,50,2,2,100,2,0,2,1,2,0,1,4,5,58.3,65.4,12.7,66.7,33.3,159.4,-28.1,1,0,0,0,0,0,0,0,0,2,0,0,0,4,2,50,0,0,0,2,1,50,0,1,0,0
Sigal Prishtina,"A. Bailey, A. Azemi, K. Kramer, A. Morina, T. Vissariou",1,130,8,3,4,75,1,1,100,1,1,100,0,0,0,1,0,0,0,1,4,64.9,78.7,51,30.5,47.0,87.5,90.1,33.3,0,0,0,25,25,187.7,5,2,3,66.7,0,0,0,1,2,50,1,1,2,0,0,0,0,1,2,66.7,64.4,0,100,0,180.8,6.8,2,2,100,1,0,0,1,1,100,0,0,0,0,1,1,100,2,1,50,0,0,0,0,0,0,0
Sigal Prishtina,"A. Bailey, A. Sinani, K. Kramer, A. Morina, E. Clarance",2,183,1,0,1,0,0,0,0,1,1,100,0,2,2,0,0,0,3,0,4,65,55.9,74,42.9,32.4,0,34.7,0,0,66.7,67.6,100,0,23.5,7,3,6,50,0,2,0,1,2,50,1,1,2,1,1,1,0,0,5,50,50.9,0,33.3,33.3,124,-100.5,1,0,0,0,0,0,0,0,0,2,1,0,0,4,3,75,0,0,0,2,0,0,0,0,0,0
Sigal Prishtina,"A. Bailey, D. Burns, D. Williams, G. Hoti, D. Polloshka",1,117,4,1,2,50,0,0,0,2,4,50,0,1,1,0,0,0,1,2,4,99.2,93.7,104.8,25.6,22.9,50,53.2,0,0,100,21,200,0,87.5,10,3,4,75,2,2,100,2,3,66.7,0,2,2,3,0,0,0,2,5,100,94,0,0,50,195.8,-108.3,2,1,50,0,0,0,0,0,0,0,0,1,0,1,1,100,1,0,0,2,2,100,0,0,0,0
Sigal Prishtina,"A. Azemi, D. Haxhosaj, L. Zeneli, D. Williams, B. Istrefi",1,104,2,1,3,33.3,0,0,0,0,0,0,0,2,2,0,1,0,2,3,4,95.7,110.8,80.6,21.7,29.8,33.3,33.3,0,0,40,40,0,0,41.7,3,0,3,0,0,2,0,3,6,50,3,2,5,0,1,0,1,1,3,0,26.6,15.1,60,66.7,85.9,-44.2,2,1,50,1,0,0,0,0,0,1,0,0,1,1,0,0,0,0,0,2,0,0,1,0,0,0
Sigal Prishtina,"A. Azemi, D. Haxhosaj, G. Hoti, K. Kramer, D. Polloshka",2,186,9,4,5,80,1,2,50,0,0,0,1,1,2,2,1,0,1,0,4,61.9,61.9,61.9,38.8,38.8,90,90,50,100,100,12.5,0,40,187.5,8,3,4,75,2,2,100,0,0,0,0,0,0,3,0,0,1,1,4,100,100,20,0,50,166.7,20.8,1,1,100,2,2,100,2,1,50,0,0,0,1,1,1,100,1,0,0,2,2,100,1,0,0,0
Sigal Prishtina,"A. Lomax, D. Haxhosaj, A. Sinani, D. Williams, E. Clarance",1,197,7,1,5,20,1,3,33.3,4,4,100,2,2,4,1,0,0,0,1,4,56.4,55.7,57.1,43.1,42.1,30,51.8,100,50,66.7,0,80,60,153.2,7,2,5,40,1,4,25,2,2,100,1,2,3,1,0,0,0,1,4,50,59.5,0,33.3,80,149.4,3.8,1,0,0,1,0,0,3,1,33.3,0,0,0,0,1,1,100,0,0,0,4,1,25,0,0,0,0
Sigal Prishtina,"A. Lomax, D. Burns, A. Morina, V. Kakruki, E. Clarance",2,220,2,0,2,0,0,0,0,2,2,100,0,1,1,0,0,0,2,1,4,56.3,51.1,61.6,47.0,39.0,0,34.7,0,0,100,41,100,0,42.7,9,3,4,75,1,2,50,2,2,100,0,2,2,1,1,0,1,3,5,87.5,92.2,17,0,50,159.4,-116.7,1,0,0,1,0,0,0,0,0,1,0,0,1,1,1,100,1,1,100,2,1,50,0,1,0,0
Trepça,"A. Gashi, V. Haliti, E. Asllani, D. Kapiti, B. Zekiqi",1,97,5,2,4,50,0,2,0,1,3,33.3,2,0,2,0,0,1,1,0,4,86.9,102.6,71.3,23.4,33.7,50,47,0,50,0,15.8,75,50,120.6,7,3,5,60,1,2,50,0,0,0,2,2,4,1,1,0,0,2,2,70,70,0,100,40,243.1,-122.5,2,2,100,0,0,0,2,0,0,1,0,0,0,3,2,66.7,0,0,0,2,1,50,0,0,0,0
Trepça,"A. Gashi, M. Tmusic, D. Hajrizi, M. Amzil, A. Vining",1,146,7,2,2,100,0,0,0,3,4,75,0,2,2,1,0,0,1,0,4,80.5,75.1,85.8,32.0,28.0,100,93.1,50,0,100,17.4,200,0,153.2,9,4,5,80,1,1,100,0,1,0,0,0,0,3,1,0,0,3,5,90,82.7,0,0,20,172.3,-19.1,2,2,100,0,0,0,0,0,0,1,0,0,0,4,3,75,0,0,0,1,1,100,0,0,0,0
Trepça,"M. Tmusic, D. Hajrizi, S. Jones, C. Brown, J. Payne",1,181,8,3,5,60,2,4,50,0,0,0,0,2,2,3,0,0,0,1,4,63.6,63.6,63.6,37.7,37.7,80,80,100,0,100,0,0,80,166.7,8,3,5,60,2,4,50,0,0,0,0,2,2,3,0,0,0,0,4,80,80,0,0,80,166.7,0,1,1,100,0,0,0,4,2,50,0,0,0,0,1,1,100,0,0,0,4,2,50,0,0,0,0
Trepça,"M. Tmusic, S. Jones, C. Brown, J. Payne, B. Tuna",1,175,9,4,8,50,1,3,33.3,0,0,0,3,2,5,2,0,0,0,0,4,59.2,65.8,52.7,36.5,45.6,56.2,56.2,50,75,100,0,0,37.5,187.5,5,2,4,50,1,2,50,0,0,0,0,1,1,2,0,0,0,0,3,62.5,62.5,0,0,50,130.2,57.3,5,3,60,0,0,0,3,1,33.3,0,0,0,0,1,1,100,1,0,0,2,1,50,0,0,0,0
Trepça,"M. Tmusic, M. Amzil, D. Kapiti, K. Hasbrouck, S. Henry",1,119,2,1,3,33.3,0,1,0,0,0,0,0,2,2,1,1,0,2,0,4,96.8,96.8,96.8,24.8,24.8,33.3,33.3,100,0,100,33.3,0,33.3,41.7,5,2,4,50,1,2,50,0,0,0,0,2,2,2,1,0,1,3,4,62.5,62.5,20,0,50,104.2,-62.5,2,1,50,0,0,0,1,0,0,2,0,0,0,2,1,50,0,0,0,2,1,50,1,0,0,0
Trepça,"D. Hajrizi, C. Rusell, S. Jones, M. Amzil, A. Vining",1,137,4,2,5,40,0,3,0,0,0,0,1,1,2,2,3,1,1,1,4,84.1,84.1,84.1,28.5,28.5,40,40,100,33.3,50,12.5,0,60,83.3,2,1,3,33.3,0,1,0,0,0,0,1,2,3,1,1,0,3,0,4,33.3,33.3,50,50,33.3,41.7,41.7,1,1,100,1,1,100,3,0,0,1,0,0,0,2,1,50,0,0,0,1,0,0,1,2,0,0
Trepça,"C. Rusell, M. Amzil, D. Kapiti, A. Vining, B. Tuna",2,141,4,2,6,33.3,0,2,0,0,0,0,1,1,2,1,0,0,0,1,4,72.6,81.7,63.4,29.4,37.9,33.3,33.3,50,25,100,0,0,33.3,83.3,6,2,3,66.7,1,2,50,1,2,50,0,3,3,2,0,0,0,0,3,83.3,77.3,0,0,66.7,161.1,-77.7,2,2,100,2,0,0,2,0,0,0,0,0,0,1,1,100,0,0,0,2,1,50,0,0,0,0
Vëllaznimi,"L. Nixha, A. Bedra, S. Zekiqi, D. Dedushaj, A. Gordon",1,155,3,1,6,16.7,1,4,25,0,0,0,1,0,1,1,0,0,0,2,4,66.9,74.3,59.5,32.3,40.4,25,25,100,20,0,0,0,66.7,62.5,6,3,5,60,0,1,0,0,0,0,2,4,6,1,0,0,1,0,3,60,60,16.7,100,20,156.2,-93.8,1,0,0,1,0,0,4,1,25,0,0,0,0,4,3,75,0,0,0,1,0,0,0,1,0,0
Vëllaznimi,"Z. Reid, Y. Anei, S. Zekiqi, A. Gordon, T. Todd",1,157,3,1,4,25,0,2,0,1,2,50,1,0,1,0,0,0,1,2,4,74,71.6,76.3,33.5,31.5,25,30.7,0,50,0,17,50,50,64,9,3,5,60,0,1,0,3,5,60,2,1,3,2,0,0,0,3,4,60,62.5,0,100,20,180.3,-116.3,2,1,50,0,0,0,2,0,0,0,1,0,0,4,3,75,0,0,0,1,0,0,0,0,0,0
Vëllaznimi,"Z. Reid, S. Zekiqi, A. Rushiti, T. Todd, J. Hellems",2,197,3,0,3,0,0,3,0,3,4,75,1,2,3,0,1,0,1,3,4,55.7,55.7,55.7,43.1,43.1,0,31.5,0,33.3,66.7,17.4,133.3,100,65.7,5,1,3,33.3,1,1,100,2,4,50,1,2,3,1,0,0,1,5,4,50,52.5,17.4,33.3,33.3,109.4,-43.8,0,0,0,0,0,0,3,0,0,0,0,0,1,0,0,0,2,0,0,1,1,100,0,1,0,0
Vëllaznimi,"Z. Reid, A. Gordon, R. Dahsyla, T. Todd, J. Hellems",1,198,7,3,10,30,1,4,25,0,0,0,5,2,7,0,0,0,0,1,4,52.4,58.2,46.5,41.2,51.6,35,35,0,71.4,100,0,0,40,145.8,5,2,4,50,1,2,50,0,0,0,0,2,2,2,0,0,0,2,3,62.5,62.5,0,0,50,130.2,15.6,5,2,40,1,0,0,4,1,25,0,0,0,0,1,1,100,1,0,0,2,1,50,0,0,0,0
Vëllaznimi,"Z. Reid, A. Rushiti, D. Wilson, R. Dahsyla, J. Hellems",1,144,5,1,3,33.3,1,3,33.3,2,5,40,1,2,3,2,0,0,1,1,4,79.7,83.2,76.2,28.8,31.5,50,48.1,200,50,100,12.2,166.7,100,100.2,7,1,3,33.3,1,2,50,4,4,100,0,1,1,1,1,0,0,3,4,50,73.5,0,0,66.7,153.2,-53,0,0,0,0,0,0,3,1,33.3,1,0,0,0,0,0,0,1,0,0,2,1,50,0,0,0,0
Vëllaznimi,"Y. Anei, S. Zekiqi, L. Colimerio, R. Dahsyla, T. Todd",2,126,4,2,4,50,0,1,0,0,0,0,1,1,2,0,0,0,2,2,4,72,91.4,52.7,26.2,45.6,50,50,0,50,50,33.3,0,25,83.3,4,1,3,33.3,0,1,0,2,2,100,1,1,2,1,1,0,0,0,2,33.3,51.5,0,50,33.3,144.7,-61.3,1,1,100,2,1,50,1,0,0,0,2,0,0,2,1,50,0,0,0,1,0,0,0,0,0,0
Vëllaznimi,"A. Koshi, S. Zekiqi, L. Colimerio, R. Dahsyla, J. Hellems",2,167,5,2,3,66.7,0,1,0,1,1,100,0,1,1,1,0,0,1,1,4,71.2,61.3,81.1,39.2,29.6,66.7,72.7,50,0,33.3,18.4,33.3,33.3,117.3,4,2,4,50,0,1,0,0,2,0,2,1,3,1,1,0,3,0,5,50,41,38.1,66.7,25,70.9,46.4,2,2,100,0,0,0,1,0,0,0,1,0,0,3,2,66.7,0,0,0,1,0,0,1,2,0,0
Vëllaznimi,"S. Zekiqi, A. Gordon, R. Dahsyla, T. Todd, J. Hellems",1,135,4,1,2,50,0,0,0,2,4,50,1,1,2,0,2,0,2,1,4,73.7,81.2,66.2,29.5,36.2,50,53.2,0,50,100,34.7,200,0,87.5,1,0,1,0,0,1,0,1,2,50,0,1,1,0,0,0,2,2,3,0,26.6,51.5,0,100,26.8,60.7,0,0,0,2,1,50,0,0,0,1,1,0,0,0,0,0,0,0,0,1,0,0,2,0,0,0
Bashkimi,"M. Armstead, K. Wooten, D. Lake, J. Baily, V. Bunjaku",1,127,2,1,3,33.3,0,0,0,0,0,0,0,1,1,1,0,0,1,1,3,71.5,72.6,70.4,33.1,34.1,33.3,33.3,100,0,100,20,0,0,52.1,4,2,2,100,0,0,0,0,2,0,0,2,2,0,0,0,1,0,3,100,69.4,25.8,0,0,107.4,-55.3,3,1,33.3,0,0,0,0,0,0,0,0,0,1,1,1,100,1,1,100,0,0,0,0,0,0,1
Bashkimi,"M. Armstead, K. Wooten, M. Janjeva, K. Anderson, I. Nwamu",1,86,6,1,3,33.3,0,1,0,4,4,100,1,2,3,0,0,1,0,0,3,90.6,100.7,80.4,23.8,29.9,33.3,63,0,50,100,0,133.3,33.3,166.2,3,1,3,33.3,1,1,100,0,0,0,0,1,1,1,0,0,0,2,2,50,50,0,0,33.3,104.2,62.1,2,1,50,0,0,0,1,0,0,0,0,0,0,2,0,0,0,0,0,1,1,100,0,0,0,0
Bashkimi,"M. Armstead, K. Wooten, L. Zeqiri, K. Anderson, I. Nwamu",1,158,4,1,3,33.3,0,2,0,2,2,100,0,2,2,1,0,1,0,1,3,53.4,56.6,50.2,42.4,47.8,33.3,51.5,100,0,100,0,66.7,66.7,107.4,4,1,3,33.3,1,2,50,1,1,100,0,2,2,1,0,0,0,2,3,50,58.1,0,0,66.7,121.1,-13.7,1,1,100,0,0,0,2,0,0,0,0,0,0,1,0,0,0,0,0,2,1,50,0,0,0,0
Bashkimi,"M. Armstead, I. Cousins, D. Lake, M. Ismaili, K. Anderson",2,105,0,0,3,0,0,0,0,0,0,0,0,1,1,0,0,0,1,3,3,76.8,87.8,65.8,27.3,36.5,0,0,0,0,25,25,0,0,0,4,2,6,33.3,0,0,0,0,0,0,3,3,6,0,1,0,0,1,2,33.3,33.3,0,75,0,138.9,-138.9,0,0,0,3,0,0,0,0,0,0,1,0,0,6,2,33.3,0,0,0,0,0,0,0,0,0,0
Bashkimi,"M. Armstead, D. Lake, L. Zeqiri, K. Anderson, I. Nwamu",1,125,5,2,3,66.7,1,2,50,0,0,0,0,1,1,1,1,0,1,0,3,73.7,73.7,73.7,32.6,32.6,83.3,83.3,50,0,100,20,0,66.7,130.2,2,1,2,50,0,1,0,0,0,0,0,1,1,1,1,0,2,2,3,50,50,50,0,50,52.1,78.1,0,0,0,1,1,100,2,1,50,1,0,0,0,1,1,100,0,0,0,1,0,0,2,0,0,0
Bashkimi,"M. Armstead, L. Zeqiri, T. Bickerstaff, S. Shorter, I. Nwamu",1,141,4,2,4,50,0,0,0,0,0,0,1,1,2,1,1,0,1,1,3,73.5,65.4,81.7,36.7,29.4,50,50,50,50,50,16.7,0,0,104.2,7,3,5,60,1,1,100,0,0,0,1,1,2,1,1,0,1,1,4,70,70,16.7,50,20,145.8,-41.7,2,2,100,2,0,0,0,0,0,1,0,0,0,2,2,100,2,0,0,1,1,100,1,0,0,0
Bashkimi,"K. Wooten, I. Cousins, L. Zeqiri, T. Bickerstaff, V. Bunjaku",1,98,2,1,3,33.3,0,2,0,0,0,0,1,1,2,1,1,0,2,2,3,70.5,94,47,25.5,51.0,33.3,33.3,100,50,100,33.3,0,66.7,52.1,0,0,1,0,0,0,0,0,0,0,0,1,1,0,0,0,1,1,1,0,0,50,0,0,0,52.1,1,1,100,0,0,0,2,0,0,0,0,0,1,1,0,0,0,0,0,0,0,0,0,1,0,0
Bashkimi,"K. Wooten, D. Lake, L. Zeqiri, J. Baily, K. Anderson",1,94,0,0,0,0,0,0,0,0,0,0,0,1,1,0,0,0,4,2,3,85.8,98,73.5,24.5,32.6,0,0,0,0,50,100,0,0,0,2,1,3,33.3,0,0,0,0,0,0,1,0,1,1,3,0,1,0,2,33.3,33.3,25,50,0,69.4,-69.4,0,0,0,0,0,0,0,0,0,2,2,0,0,2,1,50,1,0,0,0,0,0,0,1,0,0
Bashkimi,"K. Wooten, L. Zeqiri, K. Anderson, V. Bunjaku, S. Shorter",1,128,5,2,4,50,1,1,100,0,0,0,1,2,3,1,0,0,1,0,3,72,72,72,33.3,33.3,62.5,62.5,50,50,66.7,16.7,0,25,130.2,4,2,5,40,0,1,0,0,0,0,1,1,2,0,0,1,0,0,3,40,40,0,33.3,20,104.2,26,1,0,0,2,1,50,1,1,100,0,1,0,0,3,2,66.7,1,0,0,1,0,0,0,0,0,0
Bashkimi,"K. Wooten, L. Zeqiri, K. Anderson, V. Bunjaku, I. Nwamu",1,86,3,1,3,33.3,0,0,0,1,3,33.3,1,1,2,0,0,0,0,0,3,84.7,88.9,80.4,27.0,29.9,33.3,34.7,0,33.3,50,0,100,0,94.1,4,2,4,50,0,1,0,0,0,0,1,2,3,1,0,0,0,2,2,50,50,0,50,25,138.9,-44.8,1,0,0,2,1,50,0,0,0,0,0,0,0,1,0,0,2,2,100,1,0,0,0,0,0,0
Bashkimi,"B. Bytyqi, D. Lake, T. Bickerstaff, J. Baily, V. Bunjaku",1,129,7,3,3,100,0,0,0,1,2,50,0,3,3,2,1,0,0,0,3,79.3,69.3,89.3,34.6,26.9,100,90.2,66.7,0,100,0,66.7,0,187.9,3,1,4,25,1,3,33.3,0,0,0,0,0,0,1,0,0,1,2,4,37.5,37.5,20,0,75,62.5,125.4,3,3,100,0,0,0,0,0,0,0,0,0,0,0,0,0,1,0,0,3,1,33.3,1,0,0,0
Bashkimi,"I. Cousins, D. Lake, M. Janjeva, V. Bunjaku, S. Shorter",2,172,2,1,2,50,0,1,0,0,0,0,1,0,1,1,0,0,3,3,3,49.8,53.6,46.1,44.8,52.1,50,50,100,100,0,50,0,50,52.1,8,3,3,100,1,1,100,1,1,100,0,0,0,1,1,0,0,1,3,116.7,116.3,0,0,33.3,242.2,-190.2,1,1,100,0,0,0,1,0,0,0,1,0,1,1,1,100,1,1,100,1,1,100,0,0,0,0
Bashkimi,"I. Cousins, D. Lake, M. Janjeva, V. Bunjaku, I. Nwamu",2,82,0,0,2,0,0,1,0,0,2,0,1,0,1,0,2,0,2,1,3,109,109,109,22.0,22.0,0,0,0,33.3,0,41,100,50,0,4,1,1,100,0,0,0,2,2,100,0,2,2,1,1,0,2,1,3,100,106.4,51.5,0,0,107.4,-107.4,0,0,0,1,0,0,1,0,0,0,1,0,1,1,1,100,0,0,0,0,0,0,1,1,0,0
Bashkimi,"I. Cousins, M. Ismaili, L. Zeqiri, T. Bickerstaff, I. Nwamu",1,145,3,1,3,33.3,1,1,100,0,0,0,0,3,3,1,0,0,1,1,3,63.6,63.6,63.6,37.8,37.8,50,50,100,0,100,20,0,33.3,78.1,3,1,4,25,1,1,100,0,0,0,0,2,2,0,0,0,0,1,3,37.5,37.5,0,0,25,78.1,0,0,0,0,2,0,0,1,1,100,0,0,0,1,2,0,0,1,0,0,1,1,100,0,0,0,0
Bashkimi,"I. Cousins, M. Janjeva, L. Zeqiri, T. Bickerstaff, I. Nwamu",2,85,3,1,2,50,0,1,0,1,2,50,0,1,1,0,1,0,1,1,3,93.2,105.2,81.3,22.8,29.5,50,52.1,0,0,100,25.8,100,50,80.5,2,1,2,50,0,1,0,0,0,0,0,1,1,1,0,0,1,0,2,50,50,33.3,0,50,69.4,11.1,1,1,100,0,0,0,1,0,0,0,0,0,1,1,1,100,0,0,0,1,0,0,1,0,0,0
Bashkimi,"I. Cousins, M. Janjeva, J. Nzeakor, V. Bunjaku, I. Nwamu",1,95,6,2,3,66.7,2,2,100,0,0,0,0,1,1,2,0,0,1,2,3,84.9,97,72.8,24.7,33.0,100,100,100,0,100,16.7,0,66.7,156.2,0,0,1,0,0,0,0,0,0,0,0,1,1,0,1,0,2,0,2,0,0,66.7,0,0,0,156.2,1,0,0,0,0,0,2,2,100,1,0,0,0,1,0,0,0,0,0,0,0,0,0,2,0,0
Bashkimi,"D. Lake, M. Ismaili, L. Zeqiri, S. Shorter, I. Nwamu",2,102,3,1,3,33.3,1,3,33.3,0,0,0,0,1,1,1,1,0,1,1,3,89,90.4,87.6,26.6,27.4,50,50,100,0,50,20,0,100,78.1,4,1,3,33.3,0,2,0,2,2,100,1,2,3,1,1,0,1,0,3,33.3,51.5,20.5,50,66.7,107.4,-29.3,0,0,0,0,0,0,3,1,33.3,1,0,0,0,1,1,100,0,0,0,2,0,0,0,1,0,0
Bora,"C. Payton, A. Hunter, S. Jules, A. Hot, J. Zeqiri",1,84,3,1,1,100,0,0,0,1,2,50,0,1,1,2,0,0,2,1,3,94.4,106.4,82.3,22.6,29.2,100,79.8,200,0,100,34,200,0,80.5,3,1,2,50,1,2,50,0,0,0,0,1,1,0,0,0,1,1,2,75,75,33.3,0,100,104.2,-23.6,1,1,100,0,0,0,0,0,0,0,0,0,1,0,0,0,0,0,0,2,1,50,0,1,0,0
Bora,"C. Payton, A. Hunter, S. Jules, A. Hot, R. Memedi",2,115,0,0,3,0,0,2,0,0,0,0,2,0,2,0,1,0,3,2,3,64.5,80.1,48.9,29.9,49.1,0,0,0,66.7,0,50,0,66.7,0,3,1,1,100,0,0,0,1,1,100,0,1,1,1,0,0,1,0,2,100,104.2,41,0,0,128.1,-128.1,1,0,0,0,0,0,2,0,0,0,0,1,1,1,1,100,0,0,0,0,0,0,0,1,0,0
Bora,"C. Payton, S. Jules, A. Mekic, A. Hot, G. Zeqiri",2,147,0,0,5,0,0,2,0,0,0,0,1,2,3,0,0,0,0,2,3,74,62.7,85.3,38.3,28.1,0,0,0,20,100,0,0,40,0,8,3,5,60,1,3,33.3,1,1,100,0,4,4,2,0,1,0,1,5,70,73.5,0,0,60,153.2,-153.2,1,0,0,2,0,0,2,0,0,0,0,0,0,2,2,100,0,0,0,3,1,33.3,0,0,0,0
Bora,"C. Payton, S. Jules, T. Cheese, R. Memedi, G. Zeqiri",1,127,5,2,4,50,1,2,50,0,0,0,1,2,3,2,0,0,1,2,3,80.5,72.6,88.5,33.1,27.1,62.5,62.5,100,50,100,14.3,0,50,130.2,5,2,4,50,0,0,0,1,2,50,0,1,1,0,0,0,0,2,4,50,51.2,0,0,0,106.7,23.5,2,1,50,0,0,0,2,1,50,1,0,0,0,3,2,66.7,1,0,0,0,0,0,0,0,0,0
Bora,"C. Payton, A. Mekic, T. Cheese, R. Ukaj, G. Zeqiri",1,122,4,1,3,33.3,0,1,0,2,2,100,1,1,2,0,2,0,1,1,3,74.4,73.3,75.5,32.8,31.8,33.3,51.5,0,50,100,20.5,66.7,33.3,107.4,2,1,2,50,0,0,0,0,0,0,0,1,1,0,1,0,2,1,3,50,50,50,0,0,52.1,55.3,1,1,100,1,0,0,1,0,0,0,1,0,0,2,1,50,0,0,0,0,0,0,0,2,0,0
Bora,"A. Hunter, O. Kurtaj, L. Thomas, J. Zeqiri, T. Cheese",2,135,4,2,4,50,0,1,0,0,0,0,1,2,3,0,0,0,1,1,3,68.3,68.3,68.3,35.2,35.2,50,50,0,50,100,20,0,25,104.2,5,2,4,50,1,2,50,0,0,0,0,1,1,1,0,0,0,1,3,62.5,62.5,0,0,50,130.2,-26,3,2,66.7,0,0,0,1,0,0,1,0,0,0,1,1,100,1,0,0,2,1,50,0,0,0,0
Bora,"A. Hunter, C. Bragg Jr, J. Dingle, J. Zeqiri, R. Memedi",1,60,3,0,3,0,0,2,0,3,3,100,1,1,2,0,0,0,0,2,3,99.8,127.5,72.2,18.8,33.2,0,34.7,0,33.3,100,0,100,66.7,94.1,2,0,1,0,0,0,0,2,2,100,0,2,2,1,0,0,0,1,1,0,53.2,0,0,0,110.8,-16.7,1,0,0,0,0,0,2,0,0,0,0,0,0,1,0,0,0,0,0,0,0,0,0,0,0,0
Bora,"A. Hunter, C. Bragg Jr, J. Zeqiri, R. Ukaj, R. Memedi",1,80,5,2,4,50,1,3,33.3,0,0,0,0,2,2,1,0,0,0,1,3,113.5,115.2,111.7,20.8,21.5,62.5,62.5,50,0,100,0,0,75,130.2,5,2,3,66.7,1,2,50,0,2,0,0,2,2,1,0,0,0,1,3,83.3,64.4,0,0,66.7,134.2,-4,1,1,100,0,0,0,3,1,33.3,0,0,0,0,0,0,0,1,1,100,2,1,50,0,0,0,0
Bora,"A. Hunter, S. Jules, A. Mekic, J. Zeqiri, R. Ukaj",1,120,4,1,2,50,0,0,0,2,2,100,0,2,2,0,0,0,1,2,3,74.5,74.5,74.5,32.2,32.2,50,69.4,0,0,50,25.8,100,0,107.4,4,1,5,20,1,2,50,1,2,50,2,1,3,0,0,0,0,1,3,30,34,0,50,40,107.4,0,2,1,50,0,0,0,0,0,0,0,1,0,0,2,0,0,1,0,0,2,1,50,0,0,0,0
Bora,"A. Hunter, S. Jules, J. Dingle, R. Ukaj, R. Memedi",1,97,5,1,4,25,1,2,50,2,2,100,1,3,4,0,0,0,0,2,3,107.8,92.2,123.5,26.0,19.4,37.5,51.2,0,33.3,100,0,50,50,134.2,4,1,3,33.3,0,1,0,2,5,40,0,2,2,0,0,0,0,4,4,33.3,38.5,0,0,33.3,80.1,54.1,1,0,0,1,0,0,2,1,50,0,0,0,0,2,1,50,0,0,0,1,0,0,0,0,0,0
Bora,"A. Hunter, S. Jules, J. Zeqiri, R. Ukaj, G. Zeqiri",1,99,2,1,4,25,0,2,0,0,0,0,2,2,4,1,0,0,2,1,3,69.8,93.1,46.5,25.8,51.6,25,25,100,66.7,100,28.6,0,50,52.1,0,0,2,0,0,1,0,0,0,0,0,1,1,0,0,0,0,0,1,0,0,0,0,50,0,52.1,2,1,50,0,0,0,2,0,0,0,0,0,1,0,0,0,1,0,0,1,0,0,0,0,0,0
Bora,"A. Hunter, L. Thomas, A. Hot, J. Zeqiri, R. Ukaj",3,122,2,1,3,33.3,0,1,0,0,0,0,1,1,2,0,0,0,2,1,3,65,75.5,54.4,31.8,44.1,33.3,33.3,0,50,50,40,0,33.3,52.1,4,1,3,33.3,0,1,0,2,2,100,1,1,2,1,0,0,0,0,2,33.3,51.5,0,50,33.3,144.7,-92.6,1,1,100,1,0,0,1,0,0,0,1,0,1,1,0,0,1,1,100,1,0,0,0,0,0,0
Bora,"O. Kurtaj, S. Jules, A. Mekic, A. Hot, G. Singleton",2,204,4,1,6,16.7,0,2,0,2,2,100,3,2,5,0,0,0,0,1,3,55.1,43.8,66.4,54.8,36.1,16.7,29.1,0,60,50,0,33.3,33.3,107.4,8,3,7,42.9,1,2,50,1,2,50,2,2,4,2,0,1,0,2,5,50,50.8,0,50,28.6,141.7,-34.3,2,1,50,2,0,0,2,0,0,0,0,0,0,3,2,66.7,2,0,0,2,1,50,0,0,0,0
Bora,"O. Kurtaj, S. Jules, A. Mekic, J. Zeqiri, R. Memedi",1,102,2,1,3,33.3,0,1,0,0,0,0,0,1,1,0,1,1,1,1,3,89,90.4,87.6,26.6,27.4,33.3,33.3,0,0,50,25,0,33.3,52.1,3,1,3,33.3,0,0,0,1,2,50,1,2,3,2,1,0,1,0,3,33.3,38.7,20.5,50,0,80.5,-28.5,1,1,100,1,0,0,1,0,0,0,1,0,0,2,1,50,1,0,0,0,0,0,1,0,0,0
Bora,"O. Kurtaj, T. Jackson, D. Taylor, J. Zeqiri, G. Singleton",1,141,3,1,3,33.3,0,2,0,1,2,50,1,1,2,1,0,1,1,0,3,56.2,63.4,49,37.9,49.0,33.3,38.7,100,50,100,17,66.7,66.7,80.5,5,2,3,66.7,1,1,100,0,0,0,0,1,1,1,0,0,0,1,2,83.3,83.3,0,0,33.3,173.6,-93.1,1,1,100,0,0,0,2,0,0,0,1,0,0,2,1,50,0,0,0,1,1,100,0,0,0,0
Bora,"O. Kurtaj, T. Jackson, G. Singleton, R. Ukaj, R. Memedi",1,126,3,1,5,20,1,1,100,0,0,0,1,1,2,1,0,0,0,2,3,72,73.1,70.9,32.8,33.8,30,30,100,25,100,0,0,20,78.1,1,0,1,0,0,0,0,1,2,50,0,3,3,1,0,1,2,0,3,0,26.6,51.5,0,0,26.8,51.3,2,0,0,2,0,0,1,1,100,0,0,0,0,1,0,0,0,0,0,0,0,0,1,1,0,0
Bora,"O. Kurtaj, A. Mekic, L. Thomas, A. Hot, T. Cheese",1,85,2,1,3,33.3,0,0,0,0,0,0,0,0,0,1,1,0,1,2,3,112.8,108.4,117.1,22.1,20.5,33.3,33.3,100,0,0,20,0,0,52.1,8,3,3,100,0,0,0,2,3,66.7,1,2,3,2,1,0,1,1,4,100,92.6,18.8,100,0,192.9,-140.8,3,1,33.3,0,0,0,0,0,0,0,1,0,0,3,3,100,0,0,0,0,0,0,1,0,0,0
Bora,"C. Bragg Jr, J. Dingle, T. Cheese, R. Ukaj, R. Memedi",1,112,2,0,1,0,0,1,0,2,2,100,0,2,2,1,0,0,2,0,3,81.1,79.8,82.3,30.1,29.2,0,53.2,0,0,100,41,200,100,53.7,6,2,4,50,2,3,66.7,0,0,0,0,1,1,2,0,0,0,1,3,75,75,0,0,75,156.2,-102.6,0,0,0,0,0,0,1,0,0,1,0,0,1,1,0,0,0,0,0,3,2,66.7,0,0,0,0
Bora,"S. Jules, J. Zeqiri, T. Cheese, G. Singleton, G. Zeqiri",1,97,5,1,2,50,1,2,50,2,3,66.7,0,2,2,1,0,0,0,1,3,85.5,78.9,92.2,30.4,26.0,75,75.3,100,0,66.7,0,150,100,156.9,1,0,2,0,0,0,0,1,2,50,1,1,2,0,0,0,2,1,3,0,17.4,41,33.3,0,26.8,130,0,0,0,0,0,0,2,1,50,0,0,0,0,2,0,0,0,0,0,0,0,0,1,1,0,0
Bora,"T. Jackson, A. Mekic, A. Hot, T. Cheese, G. Zeqiri",1,111,4,2,4,50,0,1,0,0,0,0,0,2,2,1,0,0,0,1,3,81.8,83,80.5,28.9,29.8,50,50,50,0,100,0,0,25,104.2,4,1,3,33.3,0,1,0,2,2,100,0,2,2,2,0,0,0,1,3,33.3,51.5,0,0,33.3,107.4,-3.2,1,1,100,2,1,50,1,0,0,0,0,0,0,1,1,100,1,0,0,1,0,0,0,0,0,0
Bora,"L. Thomas, A. Hot, J. Zeqiri, T. Cheese, R. Ukaj",2,144,4,1,5,20,0,1,0,2,2,100,2,0,2,1,1,1,0,2,3,71,62.1,80,38.7,30.0,20,34,100,50,0,0,40,20,107.4,5,2,4,50,1,2,50,0,0,0,2,2,4,2,0,0,3,2,4,62.5,62.5,42.9,100,50,104.2,3.2,4,1,25,0,0,0,1,0,0,0,0,0,0,2,1,50,0,0,0,2,1,50,0,1,0,2
Bora,"L. Thomas, A. Hot, T. Cheese, R. Ukaj, R. Memedi",1,91,5,2,4,50,1,3,33.3,0,0,0,0,2,2,1,0,1,0,0,3,101.3,101.3,101.3,23.7,23.7,62.5,62.5,50,0,100,0,0,75,130.2,4,2,4,50,0,1,0,0,0,0,0,2,2,1,0,0,0,1,3,50,50,0,0,25,104.2,26,1,1,100,0,0,0,3,1,33.3,0,0,0,0,3,2,66.7,0,0,0,1,0,0,0,0,0,0
Bora,"A. Hot, J. Zeqiri, T. Cheese, R. Ukaj, R. Memedi",2,109,4,0,2,0,0,1,0,4,4,100,0,2,2,0,0,0,0,0,3,71.4,79.5,63.4,30.2,37.8,0,53.2,0,0,100,0,200,50,110.8,2,1,3,33.3,0,2,0,0,0,0,0,2,2,1,0,0,0,3,2,33.3,33.3,0,0,66.7,69.4,41.4,0,0,0,1,0,0,1,0,0,0,0,0,0,1,1,100,0,0,0,2,0,0,0,0,0,0
GO+ Peja,"J. Johnson, M. Armstread, A. Herndon, C. Edwards, A. Hajdari",1,105,0,0,4,0,0,1,0,0,0,0,1,1,2,0,0,0,1,0,3,86.5,87.8,85.1,27.3,28.2,0,0,0,33.3,100,20,0,25,0,8,3,3,100,1,1,100,1,2,50,0,2,2,0,0,1,0,0,3,116.7,103.1,0,0,33.3,214.8,-214.8,2,0,0,1,0,0,1,0,0,1,0,0,0,2,2,100,0,0,0,1,1,100,0,0,0,0
GO+Peja,"S. Llapi, S. Flatten, J. Johnson, M. Mala, C. Edwards",2,146,2,1,5,20,0,0,0,0,2,0,2,2,4,0,0,0,0,2,3,62.2,61.2,63.1,39.2,38.0,20,17,0,40,50,0,40,0,53.7,5,2,6,33.3,1,3,33.3,0,0,0,2,3,5,2,0,1,0,1,3,41.7,41.7,0,50,50,130.2,-76.5,5,1,20,0,0,0,0,0,0,0,0,0,0,2,1,50,1,0,0,3,1,33.3,0,0,0,0
GO+Peja,"S. Llapi, J. Johnson, F. Shoshaj, A. Herndon, M. Mala",1,81,2,0,2,0,0,2,0,2,2,100,1,0,1,1,0,0,2,1,3,83.6,110.4,56.9,21.7,42.2,0,34.7,0,50,0,34,100,100,53.7,6,2,3,66.7,2,2,100,0,0,0,1,1,2,1,0,0,0,1,1,100,100,0,100,66.7,312.5,-258.8,0,0,0,0,0,0,2,0,0,0,0,0,1,0,0,0,1,0,0,2,2,100,0,0,0,0
GO+Peja,"S. Llapi, L. Routt, T. Green, O. Williams, A. Hajdari",1,116,3,1,2,50,1,2,50,0,0,0,0,1,1,1,0,0,2,0,3,69.5,79.4,59.6,30.2,40.3,75,75,100,0,100,40,0,100,78.1,2,1,2,50,0,0,0,0,0,0,0,1,1,1,1,0,1,0,2,50,50,33.3,0,0,69.4,8.7,0,0,0,0,0,0,2,1,50,2,0,0,0,0,0,0,2,1,50,0,0,0,0,1,0,0
GO+Peja,"S. Llapi, D. Davis, M. Mala, D. Bracey, C. Edwards",1,64,7,3,3,100,0,0,0,1,1,100,0,1,1,2,0,0,0,1,3,97.9,123.8,72,19.4,33.3,100,101.7,66.7,0,100,0,33.3,0,212,3,1,2,50,1,1,100,0,0,0,0,0,0,0,0,0,0,1,1,75,75,0,0,50,156.2,55.7,2,2,100,1,1,100,0,0,0,0,0,0,0,0,0,0,1,0,0,1,1,100,0,0,0,0
GO+Peja,"S. Llapi, D. Davis, M. Mala, D. Bracey, A. Hajdari",1,110,1,0,0,0,0,0,0,1,2,50,0,1,1,1,0,0,3,0,3,91.7,81.3,102.2,29.5,23.5,0,56.8,0,0,100,61.5,0,0,26.8,5,2,4,50,0,2,0,1,2,50,0,0,0,2,1,0,0,1,4,50,51.2,0,0,50,106.7,-79.9,0,0,0,0,0,0,0,0,0,1,1,0,1,2,2,100,0,0,0,2,0,0,0,0,0,0
GO+Peja,"S. Flatten, M. Armstead, A. Herndon, T. Green, A. Hajdari",2,193,3,1,3,33.3,1,1,100,0,0,0,0,2,2,0,0,0,1,1,3,53,47.8,58.3,50.3,41.2,50,50,0,0,40,25,0,33.3,78.1,6,2,7,28.6,0,3,0,2,2,100,3,2,5,1,1,0,0,1,4,28.6,38.1,0,60,42.9,128.1,-49.9,2,0,0,0,0,0,1,1,100,0,1,0,0,3,2,66.7,1,0,0,3,0,0,0,0,0,0
GO+Peja,"S. Flatten, M. Armstead, A. Herndon, C. Edwards, A. Hajdari",1,134,3,1,4,25,1,3,33.3,0,0,0,0,3,3,0,0,1,0,0,3,76.3,68.8,83.9,34.9,28.6,37.5,37.5,0,0,75,0,0,75,78.1,4,1,5,20,0,2,0,2,2,100,1,3,4,0,0,0,0,2,4,20,34,0,25,40,85.4,-7.3,0,0,0,1,0,0,3,1,33.3,0,0,0,0,1,0,0,2,1,50,2,0,0,0,0,0,0
GO+Peja,"S. Flatten, M. Armstead, M. Mala, T. Green, A. Hajdari",1,64,0,0,2,0,0,2,0,0,0,0,0,2,2,0,0,0,2,2,3,123.8,144,103.7,16.7,23.1,0,0,0,0,100,50,0,100,0,1,0,2,0,0,1,0,1,2,50,0,2,2,1,0,0,0,0,2,0,17.4,0,0,50,36.2,-36.2,0,0,0,0,0,0,2,0,0,0,0,0,1,0,0,0,1,0,0,1,0,0,0,0,0,0
GO+Peja,"C. Williams, F. Shoshaj, L. Routt, D. Davis, M. Mala",1,143,5,1,5,20,1,3,33.3,2,2,100,2,0,2,1,0,0,0,2,3,59,62.5,55.4,38.4,43.3,30,42.5,100,50,0,0,40,60,134.2,7,3,4,75,0,0,0,1,1,100,1,2,3,0,0,0,0,0,3,75,78.8,0,100,0,212,-77.7,2,0,0,0,0,0,3,1,33.3,0,0,0,0,2,1,50,2,2,100,0,0,0,0,0,0,0
GO+Peja,"C. Williams, F. Shoshaj, D. Davis, M. Mala, C. Edwards",1,118,4,1,2,50,1,2,50,1,2,50,0,2,2,1,1,0,1,0,3,86.7,75.8,97.6,31.7,24.6,75,69.4,100,0,100,20.5,100,100,107.4,2,1,3,33.3,0,2,0,0,0,0,0,1,1,1,1,0,2,1,4,33.3,33.3,40,0,66.7,41.7,65.7,0,0,0,0,0,0,2,1,50,0,1,0,0,1,1,100,0,0,0,2,0,0,0,2,0,0
GO+Peja,"C. Williams, L. Routt, M. Mala, D. Bracey, A. Hajdari",1,129,4,2,2,100,0,0,0,0,0,0,0,1,1,0,0,0,2,3,3,75.4,71.4,79.3,33.6,30.3,100,100,0,0,100,50,0,0,104.2,7,3,3,100,1,1,100,0,1,0,0,0,0,2,0,0,1,0,4,116.7,101.7,22.5,0,33.3,164.2,-60.1,1,1,100,1,1,100,0,0,0,0,0,0,1,1,1,100,1,1,100,1,1,100,1,0,0,0
GO+Peja,"F. Shoshaj, L. Routt, M. Mala, C. Edwards, A. Hajdari",1,144,9,4,4,100,1,1,100,0,0,0,0,2,2,3,0,0,0,1,3,56,64,48,37.5,50.0,112.5,112.5,75,0,50,0,0,25,234.4,0,0,4,0,0,3,0,0,0,0,2,0,2,0,0,0,1,0,2,0,0,20,50,75,0,234.4,2,2,100,1,1,100,1,1,100,0,0,0,0,1,0,0,0,0,0,3,0,0,0,0,0,1
Golden Eagle Ylli,"J. Gray, L. Shoshi, A. Çallakaj, S. Bamforth, D. Thomas",1,91,7,3,4,75,1,1,100,0,0,0,0,1,1,2,0,0,0,0,3,88.6,101.3,76,23.7,31.6,87.5,87.5,66.7,0,50,0,0,25,182.3,4,2,4,50,0,2,0,0,0,0,1,1,2,0,0,0,0,1,2,50,50,0,50,50,138.9,43.4,2,2,100,1,0,0,1,1,100,0,0,0,0,1,1,100,1,1,100,2,0,0,0,0,0,0
Golden Eagle Ylli,"J. Gray, L. Shoshi, S. Bamforth, E. Kastrati, D. Conger",1,104,5,1,2,50,1,1,100,2,2,100,0,1,1,1,0,0,1,2,3,74.9,86,63.8,27.9,37.6,75,86.8,100,0,100,20.5,100,50,134.2,3,1,1,100,1,1,100,0,2,0,0,1,1,1,0,0,1,1,2,150,79.8,34.7,0,100,108.5,25.7,0,0,0,1,0,0,1,1,100,0,1,0,0,0,0,0,0,0,0,1,1,100,1,0,0,0
Golden Eagle Ylli,"J. Gray, L. Shoshi, S. Bamforth, D. Conger, G. Morina",2,183,1,0,1,0,0,0,0,1,2,50,0,2,2,0,0,0,2,2,3,57.2,48.8,65.5,49.1,36.7,0,26.6,0,0,66.7,51.5,200,0,26.8,10,3,4,75,2,3,66.7,2,5,40,1,1,2,1,2,0,0,2,4,100,80.6,0,33.3,75,200.3,-173.5,0,0,0,1,0,0,0,0,0,1,1,0,0,1,1,100,0,0,0,3,2,66.7,0,0,0,0
Golden Eagle Ylli,"J. Gray, L. Shoshi, E. Kastrati, D. Conger, G. Morina",1,115,1,0,2,0,0,2,0,1,2,50,0,2,2,1,0,0,1,1,3,77.7,77.7,77.7,30.9,30.9,0,17.4,0,0,100,20.5,100,100,26.8,5,2,3,66.7,1,2,50,0,2,0,0,3,3,1,0,0,0,2,3,83.3,64.4,0,0,66.7,134.2,-107.4,0,0,0,0,0,0,2,0,0,1,0,0,0,1,1,100,0,0,0,2,1,50,0,0,0,0
Golden Eagle Ylli,"J. Gray, D. Sabeckis, E. Kastrati, A. Gashi, T. Smith",1,147,7,2,4,50,1,3,33.3,2,2,100,1,1,2,1,0,0,0,1,3,53,60.8,45.1,39.5,53.2,62.5,71.7,50,50,50,0,50,75,187.9,5,1,3,33.3,1,2,50,2,2,100,1,1,2,1,0,0,0,0,2,50,64.4,0,50,66.7,180.8,7.1,1,1,100,0,0,0,3,1,33.3,0,0,0,0,0,0,0,1,0,0,2,1,50,0,0,0,0
Golden Eagle Ylli,"L. Shoshi, A. Çallakaj, D. Sabeckis, B. Huffman, J. Reece",2,154,2,1,1,100,0,0,0,0,0,0,0,2,2,1,0,0,3,0,3,59.8,59.8,59.8,40.1,40.1,100,100,100,0,100,60,0,0,52.1,3,1,3,33.3,1,2,50,0,0,0,0,0,0,1,1,0,1,0,3,50,50,25,0,66.7,78.1,-26,0,0,0,1,1,100,0,0,0,2,0,0,1,1,0,0,0,0,0,2,1,50,0,0,1,0
Golden Eagle Ylli,"L. Shoshi, A. Çallakaj, D. Sabeckis, J. Reece, T. Allen",1,110,7,2,3,66.7,0,0,0,3,3,100,1,2,3,1,0,0,0,1,3,55.7,69.5,41.9,34.5,57.3,66.7,81,50,100,50,0,100,0,219.6,0,0,4,0,0,2,0,0,0,0,2,0,2,0,0,0,0,1,1,0,0,0,50,50,0,219.6,3,2,66.7,0,0,0,0,0,0,0,0,0,0,2,0,0,0,0,0,2,0,0,0,0,0,0
Golden Eagle Ylli,"L. Shoshi, A. Çallakaj, D. Sabeckis, T. Allen, G. Morina",1,164,5,2,4,50,1,2,50,0,0,0,0,3,3,2,0,1,0,0,3,63.2,56.2,70.2,42.7,34.2,62.5,62.5,100,0,75,0,0,50,130.2,6,2,6,33.3,2,5,40,0,0,0,1,2,3,2,0,0,0,0,4,50,50,0,25,83.3,125,5.2,2,1,50,0,0,0,2,1,50,0,0,0,0,1,0,0,0,0,0,5,2,40,0,0,0,0
Golden Eagle Ylli,"L. Shoshi, A. Çallakaj, D. Sabeckis, B. Pass, G. Morina",2,213,5,2,2,100,1,1,100,0,0,0,0,0,0,1,0,0,2,3,3,61.2,43.3,79.2,55.5,30.3,125,125,50,0,0,40,0,50,130.2,11,3,6,50,2,5,40,3,3,100,2,0,2,2,2,0,2,3,7,66.7,75.1,21.5,100,83.3,156.5,-26.3,1,1,100,0,0,0,1,1,100,1,1,0,0,1,1,100,0,0,0,5,2,40,0,0,0,1
Golden Eagle Ylli,"L. Shoshi, D. Sabeckis, S. Bamforth, E. Kastrati, D. Conger",1,172,5,2,2,100,1,1,100,0,0,0,0,2,2,1,1,0,2,2,3,59.5,53.6,65.4,44.8,36.7,125,125,50,0,66.7,40,0,50,130.2,1,0,3,0,0,3,0,1,2,50,1,0,1,1,1,0,2,1,4,0,12.9,34,33.3,100,21.3,108.9,0,0,0,1,1,100,1,1,100,2,0,0,0,0,0,0,0,0,0,3,0,0,1,1,0,0
Golden Eagle Ylli,"L. Shoshi, D. Sabeckis, S. Bamforth, E. Kastrati, D. Thomas",3,78,4,1,2,50,1,1,100,1,2,50,1,0,1,1,0,0,2,0,3,101.6,114.6,88.6,20.9,27.1,75,69.4,100,50,0,34,100,50,107.4,2,1,2,50,0,0,0,0,0,0,0,1,1,0,1,0,1,0,2,50,50,33.3,0,0,69.4,37.9,0,0,0,1,0,0,1,1,100,1,0,1,0,2,1,50,0,0,0,0,0,0,0,1,0,0
Golden Eagle Ylli,"A. Çallakaj, D. Sabeckis, B. Huffman, S. Bamforth, G. Morina",1,84,4,1,2,50,0,1,0,2,2,100,0,0,0,0,1,0,1,3,3,94.4,106.4,82.3,22.6,29.2,50,69.4,0,0,0,25.8,100,50,107.4,4,2,3,66.7,0,1,0,0,0,0,1,1,2,0,1,0,1,0,2,66.7,66.7,25,100,33.3,138.9,-31.5,0,0,0,1,1,100,1,0,0,1,0,0,0,1,1,100,1,1,100,1,0,0,0,1,0,0
Golden Eagle Ylli,"A. Çallakaj, D. Sabeckis, B. Huffman, S. Bamforth, D. Thomas",1,129,0,0,2,0,0,0,0,0,0,0,0,3,3,0,0,1,2,2,3,71.4,71.4,71.4,33.6,33.6,0,0,0,0,60,50,0,0,0,2,1,6,16.7,0,2,0,0,0,0,2,2,4,0,1,0,0,1,3,16.7,16.7,0,40,33.3,52.1,-52.1,0,0,0,2,0,0,0,0,0,0,1,0,1,2,1,50,2,0,0,2,0,0,0,0,0,0
Golden Eagle Ylli,"A. Çallakaj, D. Sabeckis, B. Huffman, T. Allen, G. Morina",1,86,2,1,1,100,0,0,0,0,2,0,0,2,2,0,0,1,2,1,3,92.2,103.9,80.4,23.1,29.9,100,53.2,0,0,100,51.5,200,0,53.7,3,1,3,33.3,1,2,50,0,0,0,0,1,1,1,1,0,0,1,2,50,50,0,0,66.7,104.2,-50.5,0,0,0,1,1,100,0,0,0,2,0,0,0,1,0,0,0,0,0,2,1,50,0,0,0,0
Golden Eagle Ylli,"A. Çallakaj, D. Sabeckis, T. Allen, E. Kastrati, G. Morina",1,106,2,1,4,25,0,1,0,0,0,0,0,1,1,0,0,0,0,0,3,86.9,86.9,86.9,27.6,27.6,25,25,0,0,100,0,0,25,52.1,7,3,4,75,1,1,100,0,0,0,0,3,3,1,0,0,0,0,3,87.5,87.5,0,0,25,182.3,-130.2,1,0,0,2,1,50,1,0,0,0,0,0,0,2,1,50,1,1,100,1,1,100,0,0,0,0
Golden Eagle Ylli,"D. Sabeckis, B. Huffman, L. Thomas, E. Kastrati, G. Morina",1,124,0,0,5,0,0,1,0,0,0,0,3,2,5,0,1,0,2,1,3,83.6,74.3,92.9,32.3,25.8,0,0,0,60,100,28.6,0,20,0,5,2,4,50,1,3,33.3,0,0,0,0,2,2,1,1,0,1,0,4,62.5,62.5,20,0,75,104.2,-104.2,3,0,0,1,0,0,1,0,0,1,1,0,0,1,1,100,0,0,0,3,1,33.3,0,1,0,0
Golden Eagle Ylli,"J. Reece, T. Allen, E. Kastrati, B. Pass, G. Morina",1,118,5,2,3,66.7,1,2,50,0,0,0,0,0,0,0,0,0,1,0,3,78.1,78.1,78.1,30.7,30.7,83.3,83.3,0,0,0,25,0,66.7,130.2,9,4,4,100,1,1,100,0,0,0,0,1,1,3,1,0,0,0,3,112.5,112.5,0,0,25,234.4,-104.2,0,0,0,1,1,100,2,1,50,1,0,0,0,2,2,100,1,1,100,1,1,100,0,0,0,0
Peja,"S. Flatten, F. Shoshaj, T. Green, C. Edwards, A. Hajdari",1,131,2,0,2,0,0,2,0,2,4,50,1,2,3,0,0,0,1,0,3,68.2,66.1,70.4,36.3,34.1,0,26.6,0,33.3,66.7,21,200,100,55.4,4,2,5,40,0,2,0,0,0,0,1,2,3,1,1,0,0,1,3,40,40,0,33.3,40,104.2,-48.8,0,0,0,0,0,0,2,0,0,0,1,0,0,3,2,66.7,0,0,0,2,0,0,0,0,0,0
Peja,"J. Johnson, M. Mala, T. Green, C. Edwards, A. Hajdari",1,119,6,3,3,100,0,0,0,0,0,0,0,1,1,3,0,0,1,1,3,72,77.4,66.6,31.0,36.0,100,100,100,0,100,14.3,0,0,156.2,5,2,3,66.7,0,1,0,1,1,100,0,0,0,0,0,0,0,1,3,66.7,72.7,0,0,33.3,151.4,4.8,3,3,100,0,0,0,0,0,0,0,1,0,0,2,2,100,0,0,0,1,0,0,0,0,0,0
Peja,"D. Morris, F. Shoshaj, T. Green, C. Edwards, A. Hajdari",1,151,7,2,4,50,2,3,66.7,1,2,50,1,1,2,2,0,0,0,1,3,66.8,59.2,74.5,40.5,32.2,75,71.7,100,50,50,0,50,75,187.9,8,3,5,60,0,1,0,2,2,100,1,1,2,1,0,0,0,2,4,60,68,0,50,20,170.8,17.2,1,0,0,0,0,0,3,2,66.7,0,0,0,0,3,3,100,1,0,0,1,0,0,0,0,0,0
Rahoveci 029,"J. Johnson, K. Pullian, A. Berisha, E. Haxhimurati, B. Rexha",1,110,3,1,2,50,1,2,50,0,0,0,0,1,1,1,1,0,2,1,3,83.8,83.8,83.8,28.6,28.6,75,75,100,0,100,40,0,100,78.1,2,1,2,50,0,0,0,0,0,0,0,1,1,0,0,0,2,0,3,50,50,50,0,0,52.1,26,0,0,0,0,0,0,2,1,50,1,1,0,0,1,1,100,1,0,0,0,0,0,1,1,0,0
Rahoveci 029,"J. Johnson, V. Ejupi, E. Peci, E. Haxhimurati, I. Umipig",1,83,3,1,2,50,1,2,50,0,0,0,1,0,1,0,2,0,3,1,3,111,111,111,21.6,21.6,75,75,0,100,0,60,0,100,78.1,0,0,1,0,0,1,0,0,0,0,0,0,0,0,1,0,3,0,3,0,0,75,0,100,0,78.1,0,0,0,0,0,0,2,1,50,1,1,0,1,0,0,0,0,0,0,1,0,0,1,2,0,0
Rahoveci 029,"J. Johnson, E. Peci, A. Berisha, E. Haxhimurati, F. Rugova",1,157,2,1,3,33.3,0,1,0,0,0,0,0,4,4,0,0,0,1,0,3,54.6,58.7,50.5,40.9,47.5,33.3,33.3,0,0,66.7,25,0,33.3,52.1,0,0,5,0,0,4,0,0,1,0,2,2,4,0,0,0,0,0,3,0,0,0,33.3,80,0,52.1,2,1,50,0,0,0,1,0,0,1,0,0,0,0,0,0,1,0,0,4,0,0,0,0,0,0
Rahoveci 029,"J. Johnson, A. Berisha, N. Mcloud, F. Rugova, I. Umipig",1,113,8,3,3,100,2,2,100,0,0,0,0,1,1,1,0,0,1,1,3,86,81.6,90.5,29.4,26.5,133.3,133.3,33.3,0,50,20,0,66.7,208.3,5,2,5,40,0,1,0,1,1,100,1,0,1,0,0,0,0,0,4,40,46,0,50,20,117.3,91,0,0,0,1,1,100,2,2,100,0,1,0,0,2,1,50,2,1,50,1,0,0,0,0,0,0
Rahoveci 029,"K. Pullian, H. Durguti, J. Roche, R. Granberry, F. Rugova",1,117,2,0,1,0,0,0,0,2,2,100,0,2,2,0,0,0,2,1,3,81.9,76.4,87.4,31.4,27.4,0,53.2,0,0,100,51.5,200,0,53.7,5,2,4,50,0,1,0,1,1,100,0,1,1,1,0,0,0,2,4,50,56.3,0,0,25,117.3,-63.6,1,0,0,0,0,0,0,0,0,1,1,0,0,3,2,66.7,0,0,0,1,0,0,0,0,0,0
Rahoveci 029,"K. Pullian, H. Durguti, K. Ujkani, N. Mcloud, J. Mccorrmick",1,133,4,2,5,40,0,1,0,0,0,0,1,1,2,0,0,1,0,0,3,76.9,69.3,84.5,34.6,28.4,40,40,0,33.3,50,0,0,20,104.2,7,2,4,50,1,1,100,2,2,100,1,2,3,1,0,0,1,0,4,62.5,71.7,17,50,25,149.4,-45.3,3,2,66.7,1,0,0,1,0,0,0,0,0,0,1,0,0,2,1,50,1,1,100,0,1,0,0
Rahoveci 029,"K. Pullian, V. Ejupi, J. Roche, E. Peci, F. Rugova",1,140,2,1,4,25,0,2,0,0,0,0,1,3,4,1,0,0,1,1,3,77.7,65.8,89.5,36.5,26.8,25,25,100,33.3,75,16.7,0,50,52.1,5,2,6,33.3,0,2,0,1,1,100,1,2,3,1,1,0,0,2,5,33.3,38.8,0,25,33.3,95.7,-43.7,2,1,50,0,0,0,2,0,0,1,0,0,0,4,2,50,0,0,0,2,0,0,0,0,0,0
Rahoveci 029,"K. Pullian, V. Ejupi, J. Roche, R. Granberry, B. Rexha",1,123,4,2,5,40,0,1,0,0,0,0,1,1,2,2,0,1,0,1,3,83.2,74.9,91.4,32.0,26.3,40,40,100,50,50,0,0,20,104.2,2,0,2,0,0,0,0,2,2,100,1,1,2,0,0,0,3,2,4,0,34.7,51,50,0,42.7,61.5,2,2,100,2,0,0,1,0,0,0,0,0,0,1,0,0,1,0,0,0,0,0,0,1,0,1
Rahoveci 029,"K. Pullian, V. Ejupi, E. Peci, R. Granberry, F. Rugova",1,92,8,2,3,66.7,2,3,66.7,2,2,100,0,0,0,2,0,0,0,1,3,91.7,97.2,86.1,24.7,27.9,100,103.1,100,0,0,0,66.7,100,214.8,5,2,2,100,0,0,0,1,1,100,0,1,1,0,0,0,1,1,3,100,102.5,29.1,0,0,151.4,63.4,0,0,0,0,0,0,3,2,66.7,0,0,0,0,1,1,100,1,1,100,0,0,0,0,1,0,0
Rahoveci 029,"K. Pullian, V. Ejupi, A. Berisha, R. Granberry, I. Umipig",1,198,6,2,4,50,2,3,66.7,0,0,0,0,1,1,0,0,0,0,0,3,52.4,46.5,58.2,51.6,41.2,75,75,0,0,25,0,0,75,156.2,7,3,8,37.5,1,5,20,0,0,0,3,2,5,3,0,1,0,0,4,43.8,43.8,0,75,62.5,145.8,10.4,1,0,0,0,0,0,3,2,66.7,0,0,0,0,3,2,66.7,0,0,0,5,1,20,0,0,0,0
Rahoveci 029,"K. Pullian, V. Ejupi, E. Haxhimurati, F. Rugova, I. Umipig",1,143,2,1,3,33.3,0,1,0,0,0,0,1,3,4,0,0,0,2,1,3,71.5,64.4,78.6,37.2,30.5,33.3,33.3,0,50,100,40,0,33.3,52.1,5,1,4,25,1,3,33.3,2,2,100,0,1,1,1,2,1,0,0,4,37.5,51.2,0,0,75,106.7,-54.6,1,1,100,1,0,0,1,0,0,1,1,0,0,1,0,0,0,0,0,3,1,33.3,0,0,0,0
Rahoveci 029,"K. Pullian, K. Ujkani, B. Rexha, J. Mccorrmick, F. Rugova",1,103,7,2,3,66.7,1,2,50,2,3,66.7,2,0,2,1,1,0,1,1,3,75.6,74.3,76.9,32.3,31.2,83.3,81,50,100,0,15.8,100,66.7,219.6,5,2,2,100,0,0,0,1,1,100,0,0,0,0,0,0,1,1,3,100,102.5,29.1,0,0,151.4,68.2,1,1,100,0,0,0,2,1,50,1,0,0,0,2,2,100,0,0,0,0,0,0,1,0,0,0
Rahoveci 029,"H. Durguti, V. Ejupi, J. Johnson, I. Umipig, A. Thomas",1,143,2,1,4,25,0,2,0,0,0,0,0,3,3,0,0,0,0,2,3,64.4,64.4,64.4,37.2,37.2,25,25,0,0,100,0,0,50,52.1,2,1,4,25,0,2,0,0,0,0,0,3,3,1,0,0,0,0,3,25,25,0,0,50,52.1,0,2,1,50,0,0,0,2,0,0,0,0,0,0,2,1,50,0,0,0,2,0,0,0,0,0,0
Rahoveci 029,"H. Durguti, J. Johnson, A. Berisha, F. Rugova, A. Thomas",1,143,3,1,3,33.3,1,3,33.3,0,1,0,0,0,0,0,1,0,0,1,3,67,55.4,78.6,43.3,30.5,50,43.6,0,0,0,0,33.3,100,90.8,8,2,2,100,2,2,100,2,2,100,0,3,3,3,0,0,2,2,4,150,138.9,41,0,100,170.8,-79.9,0,0,0,0,0,0,3,1,33.3,0,0,0,0,0,0,0,0,0,0,2,2,100,1,1,0,0
Rahoveci 029,"V. Ejupi, J. Roche, J. Mccorrmick, F. Rugova, A. Thomas",1,107,4,2,4,50,0,1,0,0,0,0,0,0,0,0,0,0,0,0,3,75.4,86.1,64.6,27.9,37.2,50,50,0,0,0,0,0,25,104.2,7,3,4,75,1,2,50,0,0,0,1,2,3,2,0,0,0,1,2,87.5,87.5,0,100,50,243.1,-138.9,1,0,0,2,2,100,1,0,0,0,0,0,0,1,1,100,1,1,100,2,1,50,0,0,0,0
Rahoveci 029,"J. Roche, E. Peci, A. Berisha, E. Haxhimurati, F. Rugova",1,57,1,0,1,0,0,1,0,1,1,100,0,0,0,0,0,0,2,3,3,127.7,139,116.4,17.3,20.6,0,34.7,0,0,0,58.1,100,100,30.3,6,2,2,100,0,0,0,2,2,100,0,1,1,0,0,0,0,0,2,100,104.2,0,0,0,217,-186.7,0,0,0,0,0,0,1,0,0,0,0,0,1,2,2,100,0,0,0,0,0,0,0,0,0,0
Rahoveci 029,"J. Roche, R. Granberry, B. Rexha, F. Rugova, I. Umipig",1,139,3,1,1,100,0,0,0,1,2,50,0,2,2,1,0,1,2,0,3,65.3,64.3,66.3,37.3,36.2,100,79.8,100,0,66.7,41,200,0,80.5,5,2,5,40,1,2,50,0,0,0,1,1,2,1,1,0,0,0,3,50,50,0,33.3,40,130.2,-49.7,1,1,100,0,0,0,0,0,0,1,1,0,0,2,0,0,1,1,100,2,1,50,0,0,0,0
Rahoveci 029,"E. Peci, A. Berisha, E. Haxhimurati, R. Granberry, F. Rugova",1,103,2,1,2,50,0,0,0,0,0,0,0,2,2,1,0,1,2,0,3,89.5,89.5,89.5,26.8,26.8,50,50,100,0,66.7,40,0,0,52.1,2,1,4,25,0,2,0,0,0,0,1,1,2,0,1,0,1,0,3,25,25,20,33.3,50,52.1,0,2,1,50,0,0,0,0,0,0,1,0,0,1,2,1,50,0,0,0,2,0,0,0,0,1,0
Rahoveci 029,"K. Ujkani, J. Johnson, A. Berisha, I. Umipig, A. Thomas",1,123,4,1,3,33.3,1,1,100,1,1,100,2,3,5,1,0,0,2,2,3,87.3,64.4,110.1,37.2,21.8,50,58.1,100,100,75,31.1,33.3,33.3,121.1,2,0,4,0,0,3,0,2,2,100,1,0,1,0,2,0,2,1,5,0,20.5,29.1,25,75,35.4,85.7,2,0,0,0,0,0,1,1,100,0,2,0,0,1,0,0,0,0,0,3,0,0,0,0,0,1
Rahoveci 029,"J. Johnson, B. Rexha, F. Rugova, I. Umipig, A. Thomas",2,122,0,0,3,0,0,2,0,0,0,0,0,1,1,0,0,0,1,1,3,74.4,75.5,73.3,31.8,32.8,0,0,0,0,50,25,0,66.7,0,4,1,3,33.3,0,0,0,2,2,100,1,3,4,0,0,1,1,0,3,33.3,51.5,20.5,50,0,107.4,-107.4,1,0,0,0,0,0,2,0,0,0,0,0,1,2,1,50,1,0,0,0,0,0,0,1,0,0
Sigal Prishtina,"A. Bailey, A. Lomax, D. Haxhosaj, D. Burns, J. Ismajli",1,138,6,3,4,75,0,1,0,0,0,0,0,3,3,3,0,0,0,1,3,74.1,66.8,81.5,35.9,29.5,75,75,100,0,75,0,0,25,156.2,3,1,4,25,0,2,0,1,2,50,1,1,2,1,0,0,1,0,4,25,30.7,17,25,50,64,92.2,3,3,100,0,0,0,1,0,0,0,0,0,0,1,1,100,1,0,0,2,0,0,0,0,1,0
Sigal Prishtina,"A. Bailey, G. Hoti, D. Burns, D. Polloshka, V. Kakruki",2,165,4,2,4,50,0,1,0,0,0,0,0,3,3,1,0,0,0,1,3,62,55.9,68.1,43.0,35.2,50,50,50,0,75,0,0,25,104.2,6,2,5,40,1,4,25,1,2,50,1,2,3,1,0,1,0,3,4,50,51,0,25,80,128.1,-23.9,2,1,50,1,1,100,1,0,0,0,0,0,0,1,1,100,0,0,0,4,1,25,0,0,0,0
Sigal Prishtina,"A. Bailey, K. Kramer, D. Polloshka, A. Morina, E. Clarance",2,143,4,2,4,50,0,1,0,0,0,0,1,2,3,1,0,1,1,1,3,70.6,64.4,76.7,37.2,31.3,50,50,50,100,66.7,16.7,0,25,104.2,7,2,4,50,1,2,50,2,4,50,1,0,1,3,1,0,0,1,4,62.5,60.8,0,33.3,50,153.2,-49,2,2,100,1,0,0,1,0,0,1,0,0,0,2,1,50,0,0,0,2,1,50,0,0,0,0
Sigal Prishtina,"A. Azemi, D. Haxhosaj, L. Zeneli, G. Hoti, B. Istrefi",1,126,3,1,2,50,0,0,0,1,2,50,0,0,0,1,0,0,1,3,3,75,70.9,79,33.8,30.4,50,52.1,100,0,0,20.5,100,0,80.5,11,5,7,71.4,0,0,0,1,3,33.3,4,1,5,3,1,1,0,1,4,71.4,66.1,0,100,0,265.2,-184.7,2,1,50,0,0,0,0,0,0,1,0,0,0,6,5,83.3,1,0,0,0,0,0,0,0,0,0
Sigal Prishtina,"A. Azemi, D. Williams, G. Hoti, K. Kramer, D. Polloshka",1,135,4,1,4,25,0,2,0,2,2,100,1,1,2,1,0,0,0,2,3,62.5,66.2,58.7,36.2,40.9,25,41,100,33.3,50,0,50,50,107.4,5,2,4,50,0,2,0,1,1,100,1,2,3,2,0,0,0,1,3,50,56.3,0,50,50,151.4,-44,2,1,50,0,0,0,2,0,0,0,0,0,0,1,1,100,1,1,100,2,0,0,0,0,0,0
Sigal Prishtina,"A. Lomax, A. Sinani, J. Ismajli, K. Kramer, D. Polloshka",1,131,0,0,3,0,0,1,0,0,0,0,0,2,2,0,0,0,1,1,3,70.4,70.4,70.4,34.1,34.1,0,0,0,0,100,25,0,33.3,0,4,2,4,50,0,2,0,0,0,0,0,3,3,1,0,0,0,1,3,50,50,0,0,50,104.2,-104.2,0,0,0,2,0,0,1,0,0,1,0,0,0,2,2,100,0,0,0,2,0,0,0,0,0,0
Sigal Prishtina,"A. Lomax, J. Ismajli, K. Kramer, A. Morina, E. Clarance",1,104,0,0,4,0,0,3,0,0,0,0,1,1,2,0,2,0,1,1,3,99.7,88.6,110.8,27.1,21.7,0,0,0,25,33.3,20,0,75,0,2,1,5,20,0,3,0,0,0,0,2,3,5,0,1,0,2,1,4,20,20,28.6,66.7,60,41.7,-41.7,1,0,0,0,0,0,3,0,0,1,0,0,0,2,1,50,0,0,0,3,0,0,2,0,0,0
Sigal Prishtina,"D. Haxhosaj, G. Hoti, D. Burns, K. Kramer, D. Polloshka",1,144,4,1,2,50,0,0,0,2,2,100,1,2,3,0,0,0,2,2,3,62.1,62.1,62.1,38.7,38.7,50,69.4,0,100,50,41,100,0,107.4,7,2,5,40,2,2,100,1,2,50,2,0,2,2,1,0,0,1,3,60,59.5,0,50,40,187.9,-80.5,0,0,0,2,1,50,0,0,0,1,1,0,0,1,0,0,2,0,0,2,2,100,0,0,0,0
Sigal Prishtina,"D. Haxhosaj, A. Sinani, D. Burns, D. Williams, E. Clarance",1,80,5,2,4,50,0,2,0,1,1,100,1,2,3,0,0,0,0,1,3,91,99.1,82.9,24.2,28.9,50,56.3,0,50,100,0,25,50,151.4,2,1,2,50,0,1,0,0,2,0,0,1,1,0,0,0,0,1,2,50,34.7,0,0,50,72.3,79.1,1,1,100,1,1,100,2,0,0,0,0,0,0,1,1,100,0,0,0,1,0,0,0,0,0,0
Sigal Prishtina,"D. Haxhosaj, D. Burns, D. Williams, B. Istrefi, D. Polloshka",1,143,9,3,5,60,2,3,66.7,1,2,50,2,1,3,3,0,2,0,2,3,54.5,62.5,46.4,38.4,51.7,80,76.5,100,66.7,33.3,0,40,60,241.6,4,1,4,25,1,2,50,1,2,50,2,1,3,1,0,0,0,1,2,37.5,41,0,66.7,50,144.7,96.9,2,1,50,0,0,0,3,2,66.7,0,0,0,0,2,0,0,0,0,0,2,1,50,0,0,0,0
Sigal Prishtina,"D. Burns, D. Williams, G. Hoti, K. Kramer, D. Polloshka",1,167,2,1,3,33.3,0,0,0,0,0,0,1,5,6,1,0,0,2,0,3,61.3,55.2,67.3,43.5,35.6,33.3,33.3,100,50,71.4,33.3,0,0,52.1,1,0,6,0,0,4,0,1,2,50,2,1,3,0,2,0,0,1,4,0,7.3,0,28.6,66.7,21.3,30.7,1,1,100,2,0,0,0,0,0,1,1,0,0,2,0,0,0,0,0,4,0,0,0,0,0,0
Trepça,"A. Gashi, V. Haliti, E. Asllani, D. Kapiti, B. Tuna",1,101,9,3,7,42.9,1,1,100,2,2,100,4,3,7,3,1,0,0,0,3,99.9,88.5,111.3,27.1,21.6,50,57.1,100,100,100,0,28.6,14.3,241.6,2,0,3,0,0,2,0,2,2,100,0,0,0,0,0,0,1,1,4,0,25.8,20.5,0,66.7,42.7,198.9,3,2,66.7,3,0,0,1,1,100,0,0,0,0,1,0,0,0,0,0,2,0,0,0,1,0,0
Trepça,"A. Gashi, M. Tmusic, M. Amzil, D. Kapiti, B. Tuna",2,136,5,2,3,66.7,0,0,0,1,2,50,0,1,1,1,1,0,0,2,3,69.5,65.7,73.2,36.5,32.8,66.7,64.4,50,0,50,0,66.7,0,134.2,3,0,2,0,0,0,0,3,3,100,1,1,2,1,0,1,2,1,4,0,45.2,37.6,50,0,72.3,61.9,3,2,66.7,0,0,0,0,0,0,0,0,0,0,0,0,0,2,0,0,0,0,0,1,1,0,0
Trepça,"M. Tmusic, D. Hajrizi, S. Jones, A. Vining, K. Hasbrouck",1,122,2,1,4,25,0,2,0,0,0,0,0,2,2,0,0,1,0,2,3,75.5,75.5,75.5,31.8,31.8,25,25,0,0,66.7,0,0,50,52.1,4,2,5,40,0,1,0,0,0,0,1,3,4,1,0,0,0,0,3,40,40,0,33.3,20,104.2,-52.1,2,1,50,0,0,0,2,0,0,0,0,0,0,3,1,33.3,1,1,100,1,0,0,0,0,0,0
Trepça,"M. Tmusic, S. Jones, M. Amzil, S. Henry, B. Tuna",1,93,0,0,3,0,0,2,0,0,0,0,1,1,2,0,0,0,2,3,3,85.2,99.1,71.3,24.2,33.6,0,0,0,33.3,100,40,0,66.7,0,2,0,1,0,0,1,0,2,2,100,0,2,2,0,2,0,1,0,2,0,53.2,34.7,0,100,72.3,-72.3,1,0,0,0,0,0,2,0,0,1,1,0,0,0,0,0,0,0,0,1,0,0,0,1,0,0
Trepça,"M. Tmusic, S. Jones, J. Payne, K. Hasbrouck, S. Henry",2,117,8,3,4,75,0,1,0,2,2,100,1,1,2,1,0,0,0,2,3,77.6,76.4,78.8,31.4,30.5,75,82,33.3,100,50,0,50,25,214.8,6,3,5,60,0,1,0,0,0,0,1,0,1,0,0,0,0,2,3,60,60,0,50,20,156.2,58.5,2,2,100,1,1,100,1,0,0,0,0,0,0,4,3,75,0,0,0,1,0,0,0,0,0,0
Trepça,"M. Tmusic, S. Jones, D. Kapiti, A. Vining, B. Tuna",2,131,5,2,3,66.7,1,2,50,0,0,0,0,1,1,0,0,0,1,2,3,78.1,70.4,85.8,34.1,28.0,83.3,83.3,0,0,100,25,0,66.7,130.2,11,3,4,75,3,4,75,2,2,100,0,1,1,0,1,0,0,1,4,112.5,112.7,0,0,100,234.8,-104.6,0,0,0,1,1,100,2,1,50,0,1,0,0,0,0,0,0,0,0,4,3,75,0,0,0,0
Trepça,"M. Tmusic, D. Kapiti, A. Vining, K. Hasbrouck, B. Tuna",1,68,8,2,2,100,1,1,100,3,3,100,0,0,0,2,1,0,0,0,3,122,112.5,131.5,21.3,18.3,125,120.5,100,0,0,0,150,50,251,1,0,0,0,0,0,0,1,2,50,0,0,0,0,0,0,3,3,3,0,56.8,77.3,0,0,26.8,224.2,1,1,100,0,0,0,1,1,100,0,0,0,0,0,0,0,0,0,0,0,0,0,1,0,0,1
Trepça,"D. Hajrizi, S. Jones, J. Payne, A. Vining, S. Henry",1,137,5,2,4,50,1,2,50,0,0,0,1,2,3,1,0,0,1,1,3,66.3,67.3,65.3,35.7,36.8,62.5,62.5,50,50,66.7,16.7,0,50,130.2,4,1,4,25,0,1,0,2,2,100,1,1,2,0,1,0,0,2,3,25,41,0,33.3,25,107.4,22.8,2,1,50,0,0,0,2,1,50,1,0,0,0,3,1,33.3,0,0,0,1,0,0,0,0,0,0
Trepça,"C. Rusell, S. Jones, C. Brown, J. Payne, B. Tuna",1,103,5,2,5,40,1,3,33.3,0,0,0,1,1,2,0,1,1,0,0,3,89.5,89.5,89.5,26.8,26.8,50,50,0,33.3,50,0,0,60,130.2,3,1,3,33.3,1,2,50,0,0,0,1,2,3,1,0,0,2,0,3,50,50,40,50,66.7,78.1,52.1,1,1,100,1,0,0,3,1,33.3,0,0,0,0,1,0,0,0,0,0,2,1,50,0,1,0,1
Trepça,"S. Jones, D. Kapiti, A. Vining, K. Hasbrouck, S. Henry",1,91,2,0,1,0,0,1,0,2,2,100,0,0,0,0,0,0,2,2,3,110.9,98.2,123.6,24.4,19.4,0,53.2,0,0,0,51.5,200,100,53.7,8,4,4,100,0,0,0,0,2,0,0,1,1,1,1,0,0,1,4,100,82,0,0,0,170.8,-117.1,0,0,0,0,0,0,1,0,0,1,0,0,1,3,3,100,1,1,100,0,0,0,0,0,0,0
Trepça,"C. Brown, D. Kapiti, A. Vining, S. Henry, B. Tuna",1,131,4,1,1,100,0,0,0,2,2,100,0,1,1,1,1,0,2,0,3,60.5,68.2,52.8,35.2,45.5,100,106.4,100,0,33.3,41,200,0,107.4,2,1,4,25,0,1,0,0,0,0,2,0,2,0,1,0,1,2,2,25,25,20,66.7,25,69.4,37.9,1,1,100,0,0,0,0,0,0,0,1,1,0,2,1,50,1,0,0,1,0,0,0,1,0,0
Vëllaznimi,"L. Nixha, Z. Reid, S. Zekiqi, D. Dedushaj, A. Gordon",1,134,0,0,2,0,0,0,0,0,0,0,0,1,1,0,0,0,2,1,3,86,68.8,103.2,34.9,23.3,0,0,0,0,50,50,0,0,0,6,3,5,60,0,2,0,0,0,0,1,2,3,2,2,0,2,3,5,60,60,28.6,50,40,104.2,-104.2,2,0,0,0,0,0,0,0,0,0,2,0,0,3,3,100,0,0,0,2,0,0,0,0,0,1
Vëllaznimi,"Z. Reid, Y. Anei, A. Koshi, S. Zekiqi, R. Dahsyla",1,126,9,3,3,100,2,2,100,1,2,50,0,3,3,2,0,0,0,3,3,72,70.9,73.1,33.8,32.8,133.3,116,66.7,0,100,0,66.7,66.7,241.6,2,1,4,25,0,1,0,0,0,0,0,1,1,1,0,0,0,1,3,25,25,0,0,25,52.1,189.5,1,1,100,0,0,0,2,2,100,0,0,0,0,1,1,100,2,0,0,1,0,0,0,0,0,0
Vëllaznimi,"Z. Reid, Y. Anei, A. Koshi, S. Zekiqi, T. Todd",1,188,3,0,1,0,0,0,0,3,4,75,0,0,0,0,0,0,1,3,3,56.4,46.1,66.7,52.1,36.0,0,54.3,0,0,0,26.6,400,0,83.1,9,4,6,66.7,0,1,0,1,1,100,2,2,4,1,0,0,1,2,5,66.7,69.9,13.4,100,16.7,172.3,-89.2,1,0,0,0,0,0,0,0,0,0,0,1,0,3,2,66.7,2,2,100,1,0,0,1,0,0,0
Vëllaznimi,"Z. Reid, Y. Anei, L. Colimerio, A. Gordon, R. Dahsyla",2,93,4,1,3,33.3,0,0,0,2,2,100,1,1,2,1,0,0,1,2,3,83.7,96.1,71.3,25.0,33.6,33.3,51.5,100,50,50,17,66.7,0,107.4,4,1,3,33.3,0,2,0,2,2,100,1,1,2,0,1,0,0,3,2,33.3,51.5,0,50,66.7,144.7,-37.3,3,1,33.3,0,0,0,0,0,0,1,0,0,0,1,1,100,0,0,0,2,0,0,0,0,0,0
Vëllaznimi,"Z. Reid, Y. Anei, A. Rushiti, D. Wilson, R. Dahsyla",1,60,5,1,2,50,0,1,0,3,3,100,0,1,1,1,0,1,0,1,3,102.1,127.5,76.8,18.8,31.2,50,75.3,100,0,50,0,150,50,156.9,0,0,2,0,0,1,0,0,0,0,1,1,2,0,0,0,1,1,1,0,0,33.3,50,50,0,156.9,1,1,100,0,0,0,1,0,0,0,0,0,0,0,0,0,1,0,0,1,0,0,0,1,0,0
Vëllaznimi,"Z. Reid, Y. Anei, A. Rushiti, R. Dahsyla, J. Hellems",1,79,0,0,0,0,0,0,0,0,0,0,0,2,2,0,0,1,4,1,3,87.5,116.7,58.3,20.6,41.1,0,0,0,0,100,100,0,0,0,0,0,2,0,0,1,0,0,0,0,0,0,0,0,0,0,0,0,1,0,0,0,0,50,0,0,0,0,0,0,0,0,0,0,0,0,0,0,3,1,0,0,0,0,0,1,0,0,0,0,0,0
Vëllaznimi,"Z. Reid, A. Koshi, L. Colimerio, D. Dedushaj, A. Gordon",1,166,2,1,3,33.3,0,0,0,0,0,0,0,4,4,0,1,0,1,2,3,74.7,55.5,93.8,43.2,25.6,33.3,33.3,0,0,100,25,0,0,52.1,3,1,4,25,0,1,0,1,4,25,0,2,2,2,1,1,1,1,6,25,26,14.8,0,25,46.2,5.9,2,0,0,1,1,100,0,0,0,0,1,0,0,2,1,50,1,0,0,1,0,0,1,0,0,0
Vëllaznimi,"Z. Reid, A. Koshi, D. Dedushaj, A. Gordon, T. Todd",1,85,5,2,3,66.7,1,2,50,0,0,0,1,2,3,0,0,0,2,1,3,94.9,108.4,81.3,22.1,29.5,83.3,83.3,0,100,100,40,0,66.7,130.2,2,1,3,33.3,0,1,0,0,0,0,0,0,0,1,0,0,0,0,2,33.3,33.3,0,0,33.3,69.4,60.8,0,0,0,1,1,100,2,1,50,0,0,0,1,2,1,50,0,0,0,1,0,0,0,0,0,0
Vëllaznimi,"Z. Reid, A. Koshi, A. Gordon, A. Rushiti, J. Hellems",1,97,4,0,2,0,0,2,0,4,7,57.1,1,1,2,0,0,0,0,0,3,84.1,96.9,71.3,24.8,33.7,0,39.4,0,50,100,0,350,100,102.1,4,2,3,66.7,0,1,0,0,0,0,0,1,1,1,0,0,0,2,2,66.7,66.7,0,0,33.3,138.9,-36.8,0,0,0,0,0,0,2,0,0,0,0,0,0,1,1,100,1,1,100,1,0,0,0,0,0,0
Vëllaznimi,"Z. Reid, A. Koshi, A. Gordon, T. Todd, J. Hellems",1,76,7,3,4,75,1,2,50,0,0,0,0,1,1,0,1,0,0,0,3,106.1,121.3,90.9,19.8,26.4,87.5,87.5,0,0,100,0,0,50,182.3,2,1,2,50,0,0,0,0,0,0,0,1,1,1,0,0,1,0,2,50,50,33.3,0,0,69.4,112.8,2,2,100,0,0,0,2,1,50,0,0,0,0,2,1,50,0,0,0,0,0,0,1,0,0,0
Vëllaznimi,"Z. Reid, A. Bedra, A. Gordon, R. Dahsyla, T. Todd",1,90,4,2,3,66.7,0,1,0,0,2,0,0,1,1,0,0,0,0,2,3,86.5,99.3,73.7,24.2,32.6,66.7,51.5,0,0,100,0,66.7,33.3,107.4,3,1,2,50,0,0,0,1,2,50,0,2,2,0,0,0,0,1,2,50,52.1,0,0,0,108.5,-1.1,2,2,100,0,0,0,1,0,0,0,0,0,0,1,1,100,1,0,0,0,0,0,0,0,0,0
Vëllaznimi,"Y. Anei, S. Zekiqi, A. Rushiti, D. Wilson, T. Todd",2,142,4,2,3,66.7,0,0,0,0,0,0,0,2,2,0,1,0,1,1,3,67.5,64.9,70.1,37.0,34.2,66.7,66.7,0,0,100,25,0,0,104.2,3,1,1,100,0,0,0,1,3,33.3,0,1,1,1,1,1,2,0,4,100,64.7,46.3,0,0,72.3,31.8,2,2,100,1,0,0,0,0,0,0,1,0,0,0,0,0,1,1,100,0,0,0,0,1,1,0
Vëllaznimi,"A. Koshi, L. Colimerio, A. Rushiti, R. Dahsyla, T. Todd",2,159,4,2,3,66.7,0,0,0,0,0,0,0,0,0,1,0,0,1,1,3,58,58,58,41.4,41.4,66.7,66.7,50,0,0,20,0,0,104.2,3,1,2,50,1,2,50,0,0,0,1,1,2,0,1,0,3,1,3,75,75,60,100,100,78.1,26,1,0,0,2,2,100,0,0,0,1,0,0,0,0,0,0,0,0,0,2,1,50,0,0,1,1
Vëllaznimi,"S. Zekiqi, L. Colimerio, A. Rushiti, R. Dahsyla, T. Todd",1,105,5,1,2,50,1,1,100,2,2,100,0,3,3,0,2,1,1,1,3,97.4,85.1,109.7,28.2,21.9,75,86.8,0,0,100,25.8,100,50,134.2,0,0,3,0,0,1,0,0,0,0,0,1,1,0,0,0,2,2,4,0,0,40,0,33.3,0,134.2,0,0,0,1,0,0,1,1,100,1,0,0,0,2,0,0,0,0,0,1,0,0,1,1,0,0
Bashkimi,"M. Armstead, K. Wooten, I. Cousins, D. Lake, J. Baily",1,113,2,1,5,20,0,2,0,0,0,0,2,2,4,0,1,0,0,1,2,80.3,61.2,99.5,39.2,24.1,20,20,0,50,66.7,0,0,40,69.4,5,1,4,25,1,4,25,2,2,100,1,2,3,1,0,0,1,0,4,37.5,51.2,17,33.3,100,106.7,-37.3,3,1,33.3,0,0,0,2,0,0,0,0,0,0,0,0,0,0,0,0,4,1,25,1,0,0,0
Bashkimi,"M. Armstead, I. Cousins, M. Ismaili, T. Bickerstaff, K. Anderson",1,83,0,0,3,0,0,1,0,0,0,0,0,3,3,0,0,0,0,2,2,83.3,83.3,83.3,28.8,28.8,0,0,0,0,75,0,0,33.3,0,0,0,4,0,0,1,0,0,0,0,1,3,4,0,0,0,0,0,2,0,0,0,25,25,0,0,1,0,0,1,0,0,1,0,0,0,0,0,0,2,0,0,1,0,0,1,0,0,0,0,0,0
Bashkimi,"M. Armstead, I. Cousins, M. Janjeva, T. Bickerstaff, K. Anderson",1,125,3,1,4,25,1,1,100,0,0,0,1,2,3,1,0,0,0,1,2,63.4,55.3,71.5,43.4,33.6,37.5,37.5,100,33.3,100,0,0,25,104.2,3,1,2,50,0,0,0,1,2,50,0,2,2,1,0,1,1,1,3,50,52.1,25.8,0,0,80.5,23.6,2,0,0,1,0,0,1,1,100,0,0,0,0,1,1,100,1,0,0,0,0,0,0,0,0,1
Bashkimi,"M. Armstead, J. Riley, D. Lake, L. Zeqiri, S. Shorter",2,141,0,0,3,0,0,3,0,0,0,0,1,0,1,0,0,0,1,0,2,56.2,49,63.4,49.0,37.9,0,0,0,33.3,0,25,0,100,0,4,1,1,100,0,0,0,2,2,100,0,2,2,0,0,0,2,0,3,100,106.4,51.5,0,0,107.4,-107.4,0,0,0,0,0,0,3,0,0,1,0,0,0,1,1,100,0,0,0,0,0,0,0,1,1,0
Bashkimi,"M. Armstead, D. Lake, M. Ismaili, L. Zeqiri, I. Nwamu",1,54,0,0,1,0,0,1,0,0,0,0,0,1,1,0,0,0,2,1,2,85.3,128,42.7,18.8,56.2,0,0,0,0,100,66.7,0,100,0,0,0,1,0,0,1,0,0,0,0,0,1,1,0,0,0,0,0,0,0,0,0,0,100,0,0,0,0,0,0,0,0,1,0,0,0,0,0,1,0,0,0,0,0,0,1,0,0,0,0,0,0
Bashkimi,"M. Armstead, D. Lake, M. Janjeva, K. Anderson, S. Shorter",1,85,1,0,1,0,0,0,0,1,3,33.3,0,0,0,0,0,0,0,1,2,58.5,62.9,54.2,38.2,44.3,0,21.6,0,0,0,0,300,0,44.9,4,2,4,50,0,2,0,0,0,0,2,2,4,1,0,1,0,1,1,50,50,0,100,50,208.3,-163.4,1,0,0,0,0,0,0,0,0,0,0,0,0,2,2,100,0,0,0,2,0,0,0,0,0,0
Bashkimi,"M. Armstead, D. Lake, M. Janjeva, S. Shorter, I. Nwamu",2,138,2,1,3,33.3,0,1,0,0,0,0,0,2,2,0,1,0,0,1,2,58.4,50.1,66.8,47.9,35.9,33.3,33.3,0,0,100,0,0,33.3,69.4,2,1,3,33.3,0,0,0,0,0,0,0,2,2,0,0,0,1,1,3,33.3,33.3,25,0,0,52.1,17.4,2,1,50,0,0,0,1,0,0,0,0,0,0,2,1,50,1,0,0,0,0,0,0,1,0,0
Bashkimi,"M. Armstead, D. Lake, J. Baily, K. Anderson, V. Bunjaku",1,106,0,0,2,0,0,0,0,0,2,0,1,2,3,0,0,0,1,0,2,68.7,62.6,74.8,38.3,32.1,0,0,0,33.3,100,25.8,100,0,0,2,1,2,50,0,0,0,0,1,0,0,2,2,0,0,1,1,1,3,50,41,29.1,0,0,60.6,-60.6,2,0,0,0,0,0,0,0,0,0,1,0,0,0,0,0,2,1,50,0,0,0,0,0,0,1
Bashkimi,"M. Armstead, M. Ismaili, L. Zeqiri, T. Bickerstaff, K. Anderson",1,50,4,2,3,66.7,0,0,0,0,0,0,0,2,2,0,0,0,0,1,2,161.3,138.2,184.3,17.4,13.0,66.7,66.7,0,0,100,0,0,0,138.9,0,0,3,0,0,0,0,0,0,0,0,1,1,0,0,0,1,1,3,0,0,25,0,0,0,138.9,3,2,66.7,0,0,0,0,0,0,0,0,0,0,2,0,0,1,0,0,0,0,0,0,0,1,0
Bashkimi,"M. Armstead, M. Ismaili, T. Bickerstaff, J. Baily, K. Anderson",2,122,7,3,3,100,1,1,100,0,0,0,0,1,1,2,0,0,0,0,2,66.1,56.7,75.5,42.4,31.8,116.7,116.7,66.7,0,100,0,0,33.3,243.1,5,2,3,66.7,1,2,50,0,0,0,0,0,0,2,0,0,1,0,3,83.3,83.3,25,0,66.7,130.2,112.8,1,1,100,1,1,100,1,1,100,0,0,0,0,1,1,100,0,0,0,2,1,50,0,1,0,0
Bashkimi,"M. Armstead, M. Ismaili, T. Bickerstaff, S. Shorter, I. Nwamu",1,46,0,0,0,0,0,0,0,0,0,0,0,0,0,0,0,0,3,2,2,122.2,150.3,94.2,16.0,25.5,0,0,0,0,0,100,0,0,0,5,1,1,100,1,1,100,2,2,100,0,0,0,1,1,0,0,0,1,150,133,0,0,100,277,-277,0,0,0,0,0,0,0,0,0,1,0,0,1,0,0,0,0,0,0,1,1,100,0,0,0,0
Bashkimi,"K. Wooten, I. Cousins, D. Lake, K. Anderson, V. Bunjaku",1,128,5,2,6,33.3,0,0,0,1,2,50,4,1,5,2,0,0,0,0,2,52.9,51.8,54,46.3,44.4,33.3,36.3,100,80,100,0,33.3,0,180.8,3,1,2,50,1,1,100,0,0,0,0,1,1,0,0,1,1,1,2,75,75,33.3,0,50,104.2,76.7,4,1,25,2,1,50,0,0,0,0,0,0,0,0,0,0,1,0,0,1,1,100,0,0,0,1
Bashkimi,"K. Wooten, I. Cousins, M. Janjeva, V. Bunjaku, I. Nwamu",1,118,0,0,3,0,0,2,0,0,0,0,0,0,0,0,1,0,0,0,2,68.3,58.6,78.1,41.0,30.7,0,0,0,0,0,0,0,66.7,0,4,2,2,100,0,0,0,0,0,0,0,3,3,1,0,0,2,1,3,100,100,50,0,0,104.2,-104.2,0,0,0,1,0,0,2,0,0,0,0,0,0,2,2,100,0,0,0,0,0,0,0,2,0,0
Bashkimi,"K. Wooten, I. Cousins, L. Zeqiri, V. Bunjaku, I. Nwamu",1,81,3,1,1,100,1,1,100,0,0,0,0,0,0,1,1,0,2,1,2,99.6,85.3,113.8,28.1,21.1,150,150,100,0,0,50,0,100,104.2,3,1,2,50,1,1,100,0,0,0,0,0,0,1,0,0,2,0,3,75,75,50,0,50,78.1,26,0,0,0,0,0,0,1,1,100,0,0,0,1,0,0,0,1,0,0,1,1,100,0,1,1,0
Bashkimi,"K. Wooten, V. Gjecaj, T. Bickerstaff, J. Baily, V. Bunjaku",1,67,4,2,3,66.7,0,1,0,0,0,0,0,1,1,1,1,0,0,1,2,101.1,103.2,99,23.3,24.2,66.7,66.7,50,0,100,0,0,33.3,138.9,2,0,1,0,0,0,0,2,2,100,0,1,1,0,0,0,1,0,2,0,53.2,34.7,0,0,72.3,66.6,2,2,100,0,0,0,1,0,0,0,0,0,0,1,0,0,0,0,0,0,0,0,0,1,0,0
Bashkimi,"K. Wooten, J. Riley, M. Janjeva, L. Zeqiri, S. Shorter",1,110,2,1,2,50,0,1,0,0,0,0,0,1,1,0,1,0,1,1,2,62.8,62.8,62.8,38.2,38.2,50,50,0,0,100,33.3,0,50,69.4,3,1,2,50,1,2,50,0,0,0,0,1,1,1,0,0,1,1,2,75,75,33.3,0,100,104.2,-34.7,0,0,0,1,1,100,1,0,0,0,0,0,1,0,0,0,0,0,0,2,1,50,0,1,0,0
Bashkimi,"B. Bytyqi, M. Ismaili, M. Janjeva, T. Bickerstaff, V. Bunjaku",1,94,2,0,2,0,0,2,0,2,2,100,1,1,2,0,0,0,1,1,2,82.8,70.6,95.1,34.0,25.2,0,34.7,0,50,100,25.8,100,100,72.3,8,3,3,100,1,1,100,1,2,50,0,1,1,4,1,0,0,1,3,116.7,103.1,0,0,33.3,214.8,-142.4,0,0,0,0,0,0,2,0,0,1,0,0,0,2,2,100,0,0,0,1,1,100,0,0,0,0
Bashkimi,"B. Bytyqi, M. Janjeva, L. Zeqiri, T. Bickerstaff, K. Anderson",1,78,4,2,2,100,0,0,0,0,0,0,0,0,0,1,1,0,1,1,2,86.8,88.6,85.1,27.1,28.2,100,100,50,0,0,25,0,0,138.9,2,0,0,0,0,0,0,2,2,100,0,0,0,0,0,0,2,0,2,0,113.6,69.4,0,0,72.3,66.6,2,2,100,0,0,0,0,0,0,0,1,0,0,0,0,0,0,0,0,0,0,0,1,0,0,1
Bashkimi,"I. Cousins, D. Lake, M. Janjeva, K. Anderson, V. Bunjaku",1,81,5,1,2,50,0,1,0,3,4,75,1,0,1,1,0,0,0,0,2,53.5,78.5,28.4,30.6,84.4,50,66.5,100,100,0,0,200,50,188.7,3,1,1,100,1,1,100,0,0,0,0,0,0,1,0,0,0,2,0,150,150,0,0,100,312.5,-123.8,1,1,100,0,0,0,1,0,0,0,0,0,0,0,0,0,0,0,0,1,1,100,0,0,0,0
Bashkimi,"I. Cousins, M. Ismaili, M. Janjeva, T. Bickerstaff, K. Anderson",2,81,1,0,0,0,0,0,0,1,2,50,0,1,1,0,0,0,2,2,2,69.4,81.9,56.9,29.3,42.2,0,56.8,0,0,100,69.4,0,0,36.2,0,0,1,0,0,1,0,0,0,0,0,1,1,0,0,0,1,0,1,0,0,50,0,100,0,36.2,0,0,0,0,0,0,0,0,0,0,0,0,1,0,0,0,0,0,0,1,0,0,0,1,0,0
Bashkimi,"I. Cousins, M. Ismaili, M. Janjeva, T. Bickerstaff, S. Shorter",1,135,3,1,3,33.3,1,2,50,0,0,0,0,1,1,1,0,0,0,0,2,67.2,51.2,83.3,46.9,28.8,50,50,100,0,100,0,0,66.7,104.2,10,3,4,75,2,2,100,2,2,100,0,2,2,2,0,0,0,2,4,100,102.5,0,0,50,213.5,-109.3,0,0,0,1,0,0,2,1,50,0,0,0,0,0,0,0,2,1,50,2,2,100,0,0,0,0
Bashkimi,"I. Cousins, M. Janjeva, L. Zeqiri, V. Bunjaku, S. Shorter",1,104,1,0,2,0,0,2,0,1,2,50,0,1,1,0,0,0,0,0,2,70,63.8,76.2,37.6,31.5,0,17.4,0,0,33.3,0,100,100,36.2,5,2,5,40,0,2,0,1,1,100,2,2,4,1,0,0,0,1,3,40,46,0,66.7,40,151.4,-115.2,0,0,0,0,0,0,2,0,0,0,0,0,0,3,2,66.7,0,0,0,2,0,0,0,0,0,0
Bashkimi,"I. Cousins, L. Zeqiri, J. Baily, K. Anderson, V. Bunjaku",1,60,5,2,2,100,0,0,0,1,2,50,0,0,0,1,0,0,0,2,2,93.7,110.6,76.8,21.7,31.2,100,86.8,50,0,0,0,100,0,180.8,6,2,2,100,2,2,100,0,0,0,0,0,0,2,0,0,0,0,1,150,150,0,0,100,312.5,-131.7,2,2,100,0,0,0,0,0,0,0,0,0,0,0,0,0,0,0,0,2,2,100,0,0,0,0
Bashkimi,"D. Lake, M. Ismaili, M. Janjeva, L. Zeqiri, K. Anderson",1,109,4,2,4,50,0,1,0,0,1,0,3,1,4,0,0,0,1,2,2,45.7,51.6,39.7,46.5,60.4,50,45,0,100,50,18.4,25,25,170.8,1,0,2,0,0,1,0,1,2,50,1,0,1,1,0,0,0,1,1,0,17.4,0,50,50,55.4,115.4,3,2,66.7,0,0,0,1,0,0,0,1,0,0,0,0,0,1,0,0,1,0,0,0,0,0,0
Bashkimi,"D. Lake, M. Janjeva, T. Bickerstaff, J. Baily, V. Bunjaku",1,82,5,2,5,40,1,2,50,0,1,0,3,1,4,0,0,0,0,1,2,82.6,68.6,96.7,35.0,24.8,50,46,0,75,50,0,20,40,213.5,5,2,4,50,0,0,0,1,1,100,1,1,2,0,0,0,0,1,3,50,56.3,0,50,0,151.4,62.1,3,1,33.3,0,0,0,2,1,50,0,0,0,0,1,0,0,3,2,66.7,0,0,0,0,0,0,0
Bashkimi,"D. Lake, M. Janjeva, K. Anderson, V. Bunjaku, S. Shorter",1,74,2,0,2,0,0,1,0,2,2,100,0,0,0,0,0,0,0,1,2,67.3,89.7,44.8,26.8,53.5,0,34.7,0,0,0,0,100,50,72.3,4,1,1,100,1,1,100,1,1,100,0,2,2,1,0,0,0,1,1,150,138.9,0,0,100,289.4,-217,0,0,0,1,0,0,1,0,0,0,0,0,0,0,0,0,0,0,0,1,1,100,0,0,0,0
Bashkimi,"M. Ismaili, M. Janjeva, T. Bickerstaff, V. Bunjaku, I. Nwamu",1,116,6,3,3,100,0,0,0,0,0,0,0,0,0,2,2,0,0,2,2,59.6,59.6,59.6,40.3,40.3,100,100,66.7,0,0,0,0,0,208.3,3,1,3,33.3,1,2,50,0,0,0,2,0,2,0,0,0,2,0,2,50,50,40,100,66.7,104.2,104.2,3,3,100,0,0,0,0,0,0,0,0,0,0,0,0,0,1,0,0,2,1,50,2,0,0,0
Bashkimi,"M. Janjeva, L. Zeqiri, T. Bickerstaff, J. Baily, K. Anderson",1,31,0,0,4,0,0,4,0,0,0,0,1,3,4,0,0,0,0,2,2,209.6,223,196.2,10.8,12.2,0,0,0,33.3,75,0,0,100,0,3,0,1,0,0,1,0,3,6,50,1,2,3,0,0,1,0,0,2,0,41.2,0,25,100,118.4,-118.4,0,0,0,0,0,0,4,0,0,0,0,0,0,0,0,0,0,0,0,1,0,0,0,0,0,0
Bora,"C. Payton, A. Hunter, A. Mekic, A. Hot, R. Memedi",2,140,3,1,3,33.3,1,3,33.3,0,0,0,1,2,3,1,0,1,1,1,2,57.6,49.4,65.8,48.6,36.5,50,50,100,50,66.7,20,0,100,104.2,5,2,5,40,1,2,50,0,0,0,1,1,2,2,0,0,0,1,3,50,50,0,33.3,40,130.2,-26,0,0,0,0,0,0,3,1,33.3,0,1,0,0,0,0,0,3,1,33.3,2,1,50,0,0,0,0
Bora,"C. Payton, A. Hunter, A. Mekic, R. Ukaj, G. Zeqiri",1,125,3,1,3,33.3,0,1,0,1,4,25,2,2,4,0,0,0,0,1,2,65.2,50.9,79.6,47.2,30.1,33.3,31.5,0,66.7,100,0,133.3,33.3,113.2,6,1,3,33.3,1,2,50,3,3,100,0,1,1,1,0,0,0,3,4,50,69.4,0,0,66.7,144.7,-31.5,2,1,50,0,0,0,1,0,0,0,0,0,0,1,0,0,0,0,0,2,1,50,0,0,0,0
Bora,"C. Payton, A. Hunter, T. Cheese, R. Memedi, G. Zeqiri",2,106,4,2,5,40,0,3,0,0,0,0,2,2,4,0,0,0,0,0,2,74.8,65.2,84.3,36.8,28.5,40,40,0,66.7,100,0,0,60,138.9,2,0,3,0,0,1,0,2,2,100,0,1,1,0,0,0,0,0,3,0,25.8,0,0,33.3,53.7,85.2,1,1,100,1,1,100,3,0,0,0,0,0,0,0,0,0,2,0,0,1,0,0,0,0,0,0
Bora,"C. Payton, S. Jules, T. Cheese, R. Ukaj, G. Zeqiri",1,82,6,3,4,75,0,1,0,0,0,0,1,0,1,0,0,0,0,0,2,70.2,84.3,56.2,28.5,42.7,75,75,0,100,0,0,0,25,208.3,2,1,1,100,0,0,0,0,0,0,0,0,0,1,0,0,1,1,1,100,100,50,0,0,104.2,104.2,2,2,100,1,1,100,1,0,0,0,0,0,0,1,1,100,0,0,0,0,0,0,0,1,0,0
Bora,"C. Payton, A. Mekic, J. Zeqiri, T. Cheese, G. Zeqiri",2,86,4,1,1,100,0,0,0,2,2,100,0,1,1,1,1,1,1,2,2,78.8,77.2,80.4,31.1,29.9,100,106.4,100,0,50,25.8,200,0,144.7,2,1,3,33.3,0,0,0,0,0,0,1,0,1,0,0,0,1,1,2,33.3,33.3,25,50,0,69.4,75.2,1,1,100,0,0,0,0,0,0,0,1,0,0,3,1,33.3,0,0,0,0,0,0,0,1,0,0
Bora,"C. Payton, A. Hot, J. Zeqiri, T. Cheese, G. Zeqiri",1,112,2,1,1,100,0,0,0,0,0,0,0,3,3,0,0,1,2,1,2,70.8,61.7,79.8,38.9,30.1,100,100,0,0,75,66.7,0,0,69.4,1,0,4,0,0,0,0,1,2,50,1,0,1,0,1,0,0,0,3,0,10.2,0,25,0,26.8,42.6,1,1,100,0,0,0,0,0,0,0,2,0,0,3,0,0,1,0,0,0,0,0,0,0,0,0
Bora,"A. Hunter, S. Jules, A. Mekic, A. Hot, R. Ukaj",1,112,2,1,3,33.3,0,2,0,0,0,0,0,1,1,1,0,0,0,1,2,61.7,61.7,61.7,38.9,38.9,33.3,33.3,100,0,33.3,0,0,66.7,69.4,2,1,4,25,0,2,0,0,0,0,2,2,4,0,0,0,1,0,2,25,25,20,66.7,50,69.4,0,0,0,0,1,1,100,2,0,0,0,0,0,0,1,1,100,1,0,0,2,0,0,0,0,1,0
Bora,"A. Hunter, S. Jules, A. Mekic, R. Memedi, G. Zeqiri",1,100,1,0,1,0,0,1,0,1,2,50,0,0,0,0,1,0,1,2,2,77.9,66.4,89.4,36.2,26.8,0,26.6,0,0,0,34.7,200,100,36.2,6,2,2,100,1,1,100,1,2,50,0,2,2,1,1,0,1,0,3,125,104.2,25.8,0,50,161.1,-124.9,0,0,0,0,0,0,1,0,0,1,0,0,0,0,0,0,1,1,100,1,1,100,0,1,0,0
Bora,"A. Hunter, S. Jules, L. Thomas, A. Hot, G. Zeqiri",1,101,5,2,3,66.7,1,2,50,0,0,0,1,1,2,0,0,1,1,1,2,67.1,68.4,65.7,35.1,36.5,83.3,83.3,0,100,50,25,0,66.7,173.6,4,1,3,33.3,0,1,0,2,2,100,1,0,1,1,1,0,0,1,2,33.3,51.5,0,50,33.3,144.7,28.9,1,1,100,0,0,0,2,1,50,0,1,0,0,2,1,50,0,0,0,1,0,0,0,0,0,0
Bora,"A. Hunter, S. Jules, L. Thomas, R. Ukaj, R. Memedi",3,101,3,1,2,50,1,2,50,0,0,0,0,0,0,1,0,0,1,2,2,65.7,68.4,63,35.1,38.1,75,75,100,0,0,25,0,100,104.2,7,1,3,33.3,1,2,50,4,4,100,2,1,3,1,0,0,0,0,2,50,73.5,0,100,66.7,264.2,-160,0,0,0,0,0,0,2,1,50,1,0,0,0,1,0,0,0,0,0,2,1,50,0,0,0,0
Bora,"A. Hunter, S. Jules, L. Thomas, R. Ukaj, G. Zeqiri",2,94,0,0,3,0,0,2,0,0,0,0,1,2,3,0,0,0,1,3,2,73.5,73.5,73.5,32.6,32.6,0,0,0,33.3,66.7,25,0,66.7,0,3,1,4,25,1,4,25,0,0,0,1,2,3,1,1,0,0,1,2,37.5,37.5,0,33.3,100,104.2,-104.2,1,0,0,0,0,0,2,0,0,0,1,0,0,0,0,0,0,0,0,4,1,25,0,0,0,0
Bora,"A. Hunter, L. Thomas, A. Hot, R. Ukaj, R. Memedi",1,89,0,0,3,0,0,2,0,0,0,0,1,1,2,0,0,0,1,2,2,89.1,77.7,100.4,30.9,23.9,0,0,0,33.3,100,25,0,66.7,0,7,2,3,66.7,1,1,100,2,2,100,0,2,2,2,1,1,0,0,3,83.3,90.2,0,0,33.3,187.9,-187.9,1,0,0,0,0,0,2,0,0,1,0,0,0,1,1,100,1,0,0,1,1,100,0,0,0,0
Bora,"A. Hunter, A. Hot, J. Zeqiri, T. Cheese, R. Memedi",2,48,2,0,1,0,0,1,0,2,2,100,0,0,0,0,0,0,1,1,2,117.1,138.2,96,17.4,25.0,0,53.2,0,0,0,34.7,200,100,72.3,3,1,1,100,1,1,100,0,0,0,0,1,1,1,1,0,1,1,1,150,150,50,0,100,156.2,-83.9,0,0,0,0,0,0,1,0,0,0,1,0,0,0,0,0,0,0,0,1,1,100,0,1,0,0
Bora,"O. Kurtaj, S. Jules, T. Jackson, A. Mekic, A. Hot",1,105,2,1,2,50,0,0,0,0,0,0,0,1,1,0,1,0,1,0,2,65.8,65.8,65.8,36.5,36.5,50,50,0,0,100,33.3,0,0,69.4,2,1,2,50,0,1,0,0,0,0,0,1,1,0,1,0,1,0,2,50,50,33.3,0,50,69.4,0,1,0,0,1,1,100,0,0,0,1,0,0,0,1,1,100,0,0,0,1,0,0,1,0,0,0
Bora,"O. Kurtaj, S. Jules, T. Jackson, A. Mekic, R. Memedi",1,120,0,0,3,0,0,2,0,0,0,0,0,0,0,0,0,0,0,2,2,57.6,57.6,57.6,41.7,41.7,0,0,0,0,0,0,0,66.7,0,6,3,3,100,0,0,0,0,0,0,0,3,3,2,0,1,0,1,2,100,100,0,0,0,208.3,-208.3,1,0,0,0,0,0,2,0,0,0,0,0,0,3,3,100,0,0,0,0,0,0,0,0,0,0
Bora,"O. Kurtaj, S. Jules, D. Taylor, G. Singleton, R. Memedi",1,45,2,0,2,0,0,2,0,2,2,100,0,1,1,0,1,0,0,0,2,124.9,147.5,102.4,16.3,23.4,0,34.7,0,0,100,0,100,100,72.3,0,0,1,0,0,0,0,0,0,0,0,2,2,0,0,0,1,1,1,0,0,50,0,0,0,72.3,0,0,0,0,0,0,2,0,0,0,0,0,0,1,0,0,0,0,0,0,0,0,0,1,0,0
Bora,"O. Kurtaj, S. Jules, A. Mekic, G. Singleton, G. Zeqiri",1,66,4,2,3,66.7,0,0,0,0,0,0,0,1,1,2,1,0,0,1,2,104.7,104.7,104.7,22.9,22.9,66.7,66.7,100,0,100,0,0,0,138.9,2,1,2,50,0,1,0,0,0,0,0,1,1,1,0,0,1,1,2,50,50,33.3,0,50,69.4,69.4,2,2,100,1,0,0,0,0,0,0,0,0,0,1,1,100,0,0,0,1,0,0,0,1,0,0
Bora,"O. Kurtaj, S. Jules, J. Zeqiri, G. Singleton, R. Memedi",1,136,5,1,3,33.3,0,2,0,3,4,75,2,1,3,1,0,0,0,0,2,40.3,46.8,33.9,51.3,70.8,33.3,52.5,100,100,100,0,133.3,66.7,188.7,0,0,1,0,0,1,0,0,0,0,0,0,0,0,0,0,1,4,1,0,0,50,0,100,0,188.7,1,1,100,0,0,0,2,0,0,0,0,0,0,0,0,0,0,0,0,1,0,0,0,0,0,1
Bora,"O. Kurtaj, T. Jackson, A. Mekic, A. Hot, T. Cheese",1,57,2,0,2,0,0,1,0,2,2,100,0,0,0,0,0,0,0,2,2,127.7,116.4,139,20.6,17.3,0,34.7,0,0,0,0,100,50,72.3,3,1,1,100,0,0,0,1,1,100,0,2,2,1,0,0,2,1,3,100,104.2,58.1,0,0,90.8,-18.5,0,0,0,1,0,0,1,0,0,0,0,0,0,1,1,100,0,0,0,0,0,0,0,0,0,1
Bora,"O. Kurtaj, T. Jackson, A. Mekic, A. Hot, G. Singleton",1,92,6,2,3,66.7,2,3,66.7,0,0,0,0,1,1,2,0,0,0,1,2,73.6,75.1,72.1,31.9,33.3,100,100,100,0,33.3,0,0,100,208.3,5,1,4,25,1,1,100,2,2,100,2,1,3,0,0,0,0,1,2,37.5,51.2,0,66.7,25,180.8,27.5,0,0,0,0,0,0,3,2,66.7,0,0,0,0,2,0,0,1,0,0,1,1,100,0,0,0,0
Bora,"O. Kurtaj, T. Jackson, A. Mekic, R. Ukaj, G. Zeqiri",1,61,4,2,2,100,0,0,0,0,0,0,0,0,0,1,0,0,1,1,2,92.2,113.3,71,21.2,33.8,100,100,50,0,0,25,0,0,138.9,4,1,1,100,0,0,0,2,2,100,0,0,0,1,1,0,0,0,1,100,106.4,0,0,0,221.6,-82.7,1,1,100,1,1,100,0,0,0,1,0,0,0,1,1,100,0,0,0,0,0,0,0,0,0,0
Bora,"O. Kurtaj, T. Jackson, J. Zeqiri, G. Singleton, R. Memedi",1,75,0,0,3,0,0,1,0,0,0,0,0,0,0,0,0,0,0,2,2,83.6,92.2,75,26.0,32.0,0,0,0,0,0,0,0,33.3,0,5,2,3,66.7,0,0,0,1,1,100,1,2,3,1,0,0,0,0,2,66.7,72.7,0,100,0,213.5,-213.5,0,0,0,2,0,0,1,0,0,0,0,0,0,2,1,50,1,1,100,0,0,0,0,0,0,0
Bora,"O. Kurtaj, H. Lebovci, R. Ukaj, Y. Pllana, G. Zeqiri",1,48,6,1,1,100,1,1,100,3,4,75,0,1,1,2,1,0,0,0,2,114.2,132.5,96,18.1,25.0,150,108.7,200,0,100,0,400,100,226.4,0,0,1,0,0,0,0,0,0,0,0,0,0,0,0,0,1,2,1,0,0,50,0,0,0,226.4,0,0,0,0,0,0,1,1,100,0,0,0,0,1,0,0,0,0,0,0,0,0,1,0,0,0
Bora,"S. Jules, D. Taylor, A. Mekic, J. Zeqiri, R. Memedi",1,113,2,1,3,33.3,0,2,0,0,0,0,0,1,1,0,0,0,0,1,2,59.9,61.2,58.7,39.2,40.9,33.3,33.3,0,0,100,0,0,66.7,69.4,5,1,2,50,1,1,100,2,2,100,0,2,2,2,0,0,0,1,2,75,86.8,0,0,50,180.8,-111.4,1,1,100,0,0,0,2,0,0,0,0,0,0,0,0,0,1,0,0,1,1,100,0,0,0,0
Bora,"S. Jules, L. Thomas, J. Zeqiri, T. Cheese, G. Zeqiri",1,96,3,1,3,33.3,0,0,0,1,2,50,1,1,2,0,0,0,0,0,2,70.6,69.1,72,34.7,33.3,33.3,38.7,0,33.3,100,0,66.7,0,108.5,5,2,3,66.7,1,1,100,0,0,0,0,2,2,1,0,0,0,0,2,83.3,83.3,0,0,33.3,173.6,-65.1,2,1,50,1,0,0,0,0,0,0,0,0,0,1,1,100,1,0,0,1,1,100,0,0,0,0
Bora,"S. Jules, A. Hot, J. Zeqiri, T. Cheese, R. Ukaj",2,42,3,1,1,100,1,1,100,0,0,0,0,1,1,1,1,1,2,2,2,137.1,164.6,109.7,14.6,21.9,150,150,100,0,100,50,0,100,104.2,0,0,1,0,0,0,0,0,0,0,0,0,0,0,0,0,1,0,1,0,0,50,0,0,0,104.2,0,0,0,0,0,0,1,1,100,0,0,0,1,1,0,0,0,0,0,0,0,0,1,0,0,0
Bora,"S. Jules, J. Zeqiri, T. Cheese, R. Memedi, G. Zeqiri",2,114,3,1,2,50,1,1,100,0,0,0,0,2,2,1,1,0,1,1,2,74,60.6,87.3,39.6,27.5,75,75,100,0,100,25,0,50,104.2,5,1,2,50,1,1,100,2,3,66.7,0,1,1,2,1,0,1,1,4,75,75.3,23.1,0,50,120.6,-16.4,1,0,0,0,0,0,1,1,100,1,0,0,0,0,0,0,1,0,0,1,1,100,0,1,0,0
Bora,"T. Jackson, A. Mekic, A. Hot, J. Zeqiri, G. Singleton",1,112,5,2,2,100,1,1,100,0,0,0,0,1,1,1,0,0,1,2,2,66.2,61.7,70.8,38.9,33.9,125,125,50,0,100,25,0,50,173.6,6,2,3,66.7,1,2,50,1,1,100,0,0,0,0,1,0,0,1,3,83.3,87.2,0,0,66.7,181.7,-8.1,1,1,100,0,0,0,1,1,100,0,1,0,0,1,1,100,0,0,0,2,1,50,0,0,0,0
Bora,"A. Mekic, J. Zeqiri, T. Cheese, G. Singleton, G. Zeqiri",1,67,0,0,3,0,0,1,0,0,0,0,1,1,2,0,0,0,1,1,2,86,103.2,68.8,23.3,34.9,0,0,0,33.3,100,25,0,33.3,0,2,1,2,50,0,0,0,0,0,0,0,2,2,1,0,0,0,0,1,50,50,0,0,0,104.2,-104.2,1,0,0,1,0,0,1,0,0,0,1,0,0,2,1,50,0,0,0,0,0,0,0,0,0,0
Bora,"R. Sylejmani, H. Lebovci, J. Zeqiri, Y. Pllana, G. Zeqiri",2,59,3,1,5,20,0,1,0,1,1,100,4,2,6,0,0,1,1,0,2,103.9,95.3,112.5,25.2,21.3,20,27.6,0,100,100,15.5,20,20,128.1,1,0,2,0,0,0,0,1,2,50,0,0,0,0,1,0,0,0,2,0,17.4,0,0,0,36.2,91.9,2,1,50,2,0,0,1,0,0,1,0,0,0,1,0,0,1,0,0,0,0,0,0,0,0,0
Bora,"J. Dingle, A. Hot, J. Zeqiri, T. Cheese, R. Ukaj",1,93,3,1,3,33.3,1,2,50,0,0,0,0,2,2,1,0,0,0,1,2,61.9,74.3,49.5,32.3,48.4,50,50,100,0,66.7,0,0,66.7,104.2,0,0,3,0,0,2,0,0,0,0,1,2,3,0,0,0,0,1,1,0,0,0,33.3,66.7,0,104.2,1,0,0,0,0,0,2,1,50,0,0,0,0,1,0,0,0,0,0,2,0,0,0,0,0,0
GO+ Peja,"J. Johnson, D. Berisha, M. Armstread, A. Herndon, T. Green",1,88,8,3,4,75,2,2,100,0,0,0,1,0,1,2,0,0,0,1,2,63.9,78.5,49.2,30.6,48.8,100,100,66.7,100,0,0,0,50,277.8,5,1,1,100,1,1,100,2,2,100,0,0,0,0,0,0,0,0,1,150,133,0,0,100,277,0.7,2,1,50,0,0,0,2,2,100,0,0,0,0,0,0,0,0,0,0,1,1,100,0,0,0,0
GO+Peja,"S. Llapi, S. Flatten, A. Herndon, M. Mala, O. Williams",1,153,2,1,3,33.3,0,2,0,0,0,0,1,0,1,1,0,0,1,0,2,51.8,45.2,58.4,53.1,41.1,33.3,33.3,100,50,0,20,0,66.7,69.4,10,3,4,75,3,3,100,1,2,50,1,1,2,2,0,0,0,0,3,112.5,102.5,0,100,75,268.5,-199,1,1,100,0,0,0,2,0,0,0,1,0,0,0,0,0,1,0,0,3,3,100,0,0,0,0
GO+Peja,"S. Llapi, S. Flatten, M. Mala, C. Edwards, O. Williams",1,53,0,0,0,0,0,0,0,0,0,0,0,1,1,0,0,0,3,1,2,108.7,130.4,86.9,18.4,27.6,0,0,0,0,50,100,0,0,0,2,1,3,33.3,0,1,0,0,0,0,1,0,1,0,1,0,0,0,1,33.3,33.3,0,50,33.3,104.2,-104.2,0,0,0,0,0,0,0,0,0,1,0,0,1,2,1,50,0,0,0,1,0,0,0,0,0,0
GO+Peja,"S. Llapi, F. Shoshaj, L. Routt, C. Edwards, A. Hajdari",1,77,4,1,1,100,0,0,0,2,2,100,0,2,2,0,1,0,1,2,2,88,86.2,89.8,27.9,26.7,100,106.4,0,0,100,34.7,200,0,144.7,0,0,2,0,0,1,0,0,0,0,0,0,0,0,0,0,1,1,2,0,0,33.3,0,50,0,144.7,1,1,100,0,0,0,0,0,0,0,1,0,0,0,0,0,1,0,0,1,0,0,1,0,0,0
GO+Peja,"S. Llapi, F. Shoshaj, A. Herndon, T. Green, O. Williams",1,78,4,1,2,50,0,0,0,2,2,100,1,1,2,2,0,0,1,0,2,72.1,85.1,59.1,28.2,40.6,50,69.4,200,100,100,17,100,0,144.7,0,0,1,0,0,1,0,0,0,0,0,0,0,0,0,1,1,2,1,0,0,50,0,100,0,144.7,1,1,100,1,0,0,0,0,0,0,1,0,0,0,0,0,0,0,0,1,0,0,0,1,0,0
GO+Peja,"S. Llapi, F. Shoshaj, M. Mala, T. Green, C. Edwards",1,85,2,0,2,0,0,0,0,2,2,100,0,1,1,0,0,0,0,3,2,78.1,78.1,78.1,30.7,30.7,0,34.7,0,0,100,0,100,0,72.3,5,2,2,100,0,0,0,1,2,50,0,2,2,1,0,2,0,1,2,100,86.8,0,0,0,180.8,-108.5,2,0,0,0,0,0,0,0,0,0,0,0,0,2,2,100,0,0,0,0,0,0,0,0,0,0
GO+Peja,"S. Llapi, L. Routt, M. Mala, T. Green, O. Williams",2,108,5,2,4,50,0,1,0,1,1,100,2,2,4,1,0,0,0,1,2,56.7,52.1,61.4,46.1,39.1,50,56.3,50,100,100,0,25,25,213.5,1,0,2,0,0,1,0,1,2,50,0,0,0,0,0,1,0,0,2,0,17.4,0,0,50,36.2,177.3,2,1,50,1,1,100,1,0,0,0,0,0,0,1,0,0,0,0,0,1,0,0,0,0,0,0
GO+Peja,"S. Llapi, L. Routt, M. Mala, O. Williams, A. Hajdari",1,89,8,2,2,100,2,2,100,2,2,100,0,1,1,3,0,0,0,2,2,63.2,74.6,51.8,32.2,46.4,150,138.9,150,0,100,0,100,100,289.4,3,1,2,50,1,2,50,0,0,0,0,0,0,0,0,0,0,1,1,75,75,0,0,100,156.2,133.1,0,0,0,0,0,0,2,2,100,0,0,0,0,0,0,0,0,0,0,2,1,50,0,0,0,0
GO+Peja,"S. Llapi, T. Green, C. Edwards, O. Williams, A. Hajdari",1,90,4,2,3,66.7,0,0,0,0,0,0,0,1,1,0,0,1,0,1,2,73.7,76.8,70.7,31.2,34.0,66.7,66.7,0,0,33.3,0,0,0,138.9,4,1,3,33.3,0,0,0,2,4,50,2,1,3,1,0,0,0,1,2,33.3,42,0,66.7,0,151,-12.1,0,0,0,3,2,66.7,0,0,0,0,0,0,0,3,1,33.3,0,0,0,0,0,0,0,0,0,0
GO+Peja,"S. Flatten, J. Johnson, A. Herndon, M. Mala, S. Nila",1,51,2,1,2,50,0,1,0,0,0,0,0,2,2,0,0,1,1,0,2,112.9,135.5,90.4,17.7,26.6,50,50,0,0,66.7,33.3,0,50,69.4,0,0,3,0,0,1,0,0,0,0,1,1,2,0,1,0,0,0,1,0,0,0,33.3,33.3,0,69.4,1,1,100,0,0,0,1,0,0,1,0,0,0,2,0,0,0,0,0,1,0,0,0,0,0,0
GO+Peja,"S. Flatten, D. Berisha, T. Green, C. Edwards, A. Hajdari",1,62,2,1,2,50,0,1,0,0,0,0,0,3,3,1,0,0,1,0,2,111.5,111.5,111.5,21.5,21.5,50,50,100,0,75,25,0,50,69.4,0,0,4,0,0,0,0,0,0,0,1,1,2,0,0,0,0,0,2,0,0,0,25,0,0,69.4,1,1,100,0,0,0,1,0,0,0,1,0,0,3,0,0,1,0,0,0,0,0,0,0,0,0
GO+Peja,"S. Flatten, M. Armstead, A. Herndon, M. Mala, T. Green",3,124,2,1,2,50,0,1,0,0,0,0,0,3,3,0,0,0,1,0,2,74.3,55.7,92.9,43.1,25.8,50,50,0,0,100,33.3,0,50,69.4,6,2,5,40,2,3,66.7,0,0,0,0,1,1,2,0,0,0,3,4,60,60,0,0,60,125,-55.6,1,1,100,0,0,0,1,0,0,1,0,0,0,1,0,0,1,0,0,3,2,66.7,0,0,0,0
GO+Peja,"S. Flatten, A. Herndon, M. Mala, T. Green, A. Hajdari",1,117,3,0,0,0,0,0,0,3,4,75,0,0,0,0,0,0,1,2,2,55.5,54.4,56.7,44.2,42.3,0,85.2,0,0,0,36.2,0,0,113.2,6,2,2,100,0,0,0,2,2,100,0,0,0,1,1,0,0,2,2,100,104.2,0,0,0,217,-103.8,0,0,0,0,0,0,0,0,0,1,0,0,0,1,1,100,1,1,100,0,0,0,0,0,0,0
GO+Peja,"J. Johnson, D. Berisha, A. Herndon, C. Edwards, A. Hajdari",1,72,4,1,1,100,0,0,0,2,2,100,0,1,1,0,0,0,1,0,2,78.1,92.2,64,26.0,37.5,100,106.4,0,0,100,34.7,200,0,144.7,3,1,2,50,1,2,50,0,0,0,0,0,0,1,0,0,0,0,1,75,75,0,0,100,156.2,-11.6,0,0,0,1,1,100,0,0,0,1,0,0,0,0,0,0,0,0,0,2,1,50,0,0,0,0
GO+Peja,"J. Johnson, M. Armstead, A. Herndon, T. Green, A. Hajdari",1,103,3,1,3,33.3,0,0,0,1,2,50,1,2,3,0,0,0,0,1,2,76.9,64.4,89.5,37.3,26.8,33.3,38.7,0,33.3,100,0,66.7,0,108.5,3,1,3,33.3,1,1,100,0,0,0,0,2,2,0,0,0,1,1,3,50,50,25,0,33.3,78.1,30.4,3,1,33.3,0,0,0,0,0,0,0,0,0,0,2,0,0,0,0,0,1,1,100,0,1,0,0
GO+Peja,"J. Johnson, F. Shoshaj, M. Mala, C. Edwards, O. Williams",1,100,4,1,2,50,0,0,0,2,2,100,1,0,1,1,0,0,1,0,2,90.8,66.4,115.2,36.2,20.8,50,69.4,100,100,0,20.5,100,0,144.7,3,1,4,25,1,3,33.3,0,0,0,2,0,2,1,0,0,3,2,4,37.5,37.5,42.9,100,75,62.5,82.2,2,1,50,0,0,0,0,0,0,0,0,1,0,1,0,0,0,0,0,3,1,33.3,1,0,0,1
GO+Peja,"J. Johnson, A. Herndon, M. Mala, C. Edwards, A. Hajdari",3,87,4,2,3,66.7,0,1,0,0,0,0,0,1,1,1,0,1,0,2,2,79.4,79.4,79.4,30.2,30.2,66.7,66.7,50,0,25,0,0,33.3,138.9,2,1,5,20,0,1,0,0,0,0,3,1,4,0,0,0,1,0,2,20,20,16.7,75,20,69.4,69.4,1,1,100,1,1,100,1,0,0,0,0,0,0,4,1,25,0,0,0,1,0,0,0,0,0,1
GO+Peja,"D. Berisha, M. Armstead, D. Ademaj, T. Green, C. Edwards",1,60,2,1,1,100,0,0,0,0,0,0,0,0,0,1,1,0,2,0,2,96,115.2,76.8,20.8,31.2,100,100,100,0,0,50,0,0,69.4,3,1,2,50,1,2,50,0,0,0,1,0,1,1,0,0,1,0,1,75,75,33.3,100,100,156.2,-86.8,1,1,100,0,0,0,0,0,0,0,1,0,1,0,0,0,0,0,0,2,1,50,1,0,0,0
GO+Peja,"C. Williams, L. Routt, M. Mala, C. Edwards, A. Hajdari",1,92,0,0,3,0,0,2,0,0,0,0,0,1,1,0,0,0,0,0,2,87.7,75.1,100.2,31.9,24.0,0,0,0,0,100,0,0,66.7,0,8,3,4,75,2,3,66.7,0,0,0,0,3,3,3,0,0,0,0,3,100,100,0,0,75,208.3,-208.3,0,0,0,1,0,0,2,0,0,0,0,0,0,0,0,0,1,1,100,3,2,66.7,0,0,0,0
GO+Peja,"F. Shoshaj, L. Routt, D. Davis, D. Bracey, A. Hajdari",1,110,0,0,2,0,0,2,0,0,2,0,1,2,3,0,0,0,1,2,2,60.3,60.3,60.3,39.8,39.8,0,0,0,33.3,100,25.8,100,100,0,3,1,2,50,0,1,0,1,2,50,0,2,2,0,1,0,0,1,2,50,52.1,0,0,50,108.5,-108.5,0,0,0,0,0,0,2,0,0,1,0,0,0,1,1,100,0,0,0,1,0,0,0,0,0,0
GO+Peja,"F. Shoshaj, L. Routt, M. Mala, T. Green, O. Williams",1,79,5,1,2,50,0,1,0,3,4,75,1,2,3,1,0,0,0,0,2,69.4,80.5,58.3,29.8,41.1,50,66.5,100,50,100,0,200,50,188.7,0,0,2,0,0,0,0,0,0,0,0,1,1,0,0,0,0,1,1,0,0,0,0,0,0,188.7,1,1,100,0,0,0,1,0,0,0,0,0,0,1,0,0,1,0,0,0,0,0,0,0,0,0
GO+Peja,"L. Routt, M. Mala, D. Bracey, C. Edwards, A. Hajdari",1,60,3,1,1,100,0,0,0,1,1,100,0,1,1,1,0,1,1,0,2,74.5,93.7,55.3,25.6,43.4,100,104.2,100,0,33.3,29.1,100,0,128.1,2,1,3,33.3,0,0,0,0,1,0,2,0,2,0,1,0,0,1,1,33.3,29.1,0,66.7,0,144.7,-16.6,1,1,100,0,0,0,0,0,0,1,0,0,0,3,1,33.3,0,0,0,0,0,0,0,0,0,0
Golden Eagle Ylli,"J. Gray, L. Shoshi, D. Sabeckis, S. Bamforth, D. Conger",2,8,5,2,3,66.7,1,2,50,0,0,0,0,0,0,1,0,0,0,1,2,558.7,864,253.4,2.8,9.5,83.3,83.3,50,0,0,0,0,66.7,173.6,2,0,0,0,0,0,0,2,2,100,0,0,0,0,0,0,0,0,0,0,113.6,0,0,0,236.7,-63.1,1,1,100,0,0,0,2,1,50,0,0,0,0,0,0,0,0,0,0,0,0,0,0,0,0,0
Golden Eagle Ylli,"J. Gray, L. Shoshi, D. Sabeckis, S. Bamforth, D. Thomas",1,117,2,1,2,50,0,1,0,0,0,0,0,2,2,0,0,0,1,1,2,57.9,59.1,56.7,40.6,42.3,50,50,0,0,66.7,33.3,0,50,69.4,2,0,3,0,0,2,0,2,2,100,1,1,2,0,0,0,0,2,2,0,25.8,0,33.3,66.7,72.3,-2.9,0,0,0,1,1,100,1,0,0,0,1,0,0,1,0,0,0,0,0,2,0,0,0,0,0,0
Golden Eagle Ylli,"L. Shoshi, A. Çallakaj, D. Sabeckis, J. Reece, L. Thomas",1,111,2,1,2,50,0,1,0,0,2,0,0,3,3,1,0,2,0,2,2,68.9,59.8,78,40.1,30.8,50,34.7,100,0,60,0,100,50,72.3,3,0,4,0,0,1,0,3,4,75,2,2,4,1,0,0,0,1,3,0,26,0,40,25,83.1,-10.8,1,1,100,0,0,0,1,0,0,0,0,0,0,2,0,0,1,0,0,1,0,0,0,0,0,0
Golden Eagle Ylli,"L. Shoshi, A. Çallakaj, J. Reece, L. Thomas, A. Shala",1,99,7,3,3,100,1,1,100,0,0,0,0,0,0,2,2,0,0,0,2,81.5,69.8,93.1,34.4,25.8,116.7,116.7,66.7,0,0,0,0,33.3,243.1,0,0,0,0,0,0,0,0,0,0,0,0,0,0,0,0,4,0,3,0,0,100,0,0,0,243.1,2,2,100,0,0,0,1,1,100,0,0,0,0,0,0,0,0,0,0,0,0,0,2,1,0,1
Golden Eagle Ylli,"L. Shoshi, A. Çallakaj, J. Reece, E. Kastrati, B. Pass",2,102,2,1,2,50,0,1,0,0,0,0,0,2,2,1,1,0,1,1,2,87.6,67.8,107.5,35.4,22.3,50,50,100,0,100,25,0,50,69.4,5,1,2,50,0,1,0,3,4,75,0,1,1,1,1,0,1,1,4,50,66.5,21,0,50,109.4,-40,1,1,100,0,0,0,1,0,0,1,0,0,0,1,1,100,0,0,0,1,0,0,0,1,0,0
Golden Eagle Ylli,"L. Shoshi, D. Sabeckis, E. Kastrati, B. Pass, G. Morina",1,78,2,1,3,33.3,0,2,0,0,0,0,0,2,2,0,0,0,0,4,2,70.3,88.6,52,27.1,46.2,33.3,33.3,0,0,66.7,0,0,66.7,69.4,1,0,1,0,0,1,0,1,4,25,1,2,3,0,0,0,0,1,1,0,18.1,0,33.3,100,59.2,10.3,0,0,0,1,1,100,2,0,0,0,0,0,0,0,0,0,0,0,0,1,0,0,0,0,0,0
Golden Eagle Ylli,"L. Shoshi, S. Bamforth, E. Kastrati, B. Pass, A. Gashi",1,117,8,3,3,100,2,2,100,0,0,0,0,1,1,3,0,0,0,1,2,83.1,59.1,107.1,40.6,22.4,133.3,133.3,100,0,100,0,0,66.7,277.8,3,1,2,50,0,0,0,1,1,100,0,0,0,0,0,0,3,3,5,50,61.5,55.1,0,0,57.4,220.3,0,0,0,1,1,100,2,2,100,0,0,0,0,0,0,0,2,1,50,0,0,0,0,1,0,1
Golden Eagle Ylli,"L. Shoshi, L. Thomas, E. Kastrati, B. Pass, G. Morina",1,29,0,0,0,0,0,0,0,0,0,0,0,0,0,0,0,0,3,2,2,158.9,238.3,79.4,10.1,30.2,0,0,0,0,0,100,0,0,0,2,1,1,100,0,0,0,0,0,0,0,0,0,1,1,0,0,0,0,100,100,0,0,0,208.3,-208.3,0,0,0,0,0,0,0,0,0,1,0,0,1,1,1,100,0,0,0,0,0,0,0,0,0,0
Golden Eagle Ylli,"A. Çallakaj, D. Sabeckis, J. Reece, E. Kastrati, B. Pass",1,116,8,3,3,100,2,2,100,0,0,0,0,0,0,3,0,0,0,0,2,59.6,59.6,59.6,40.3,40.3,133.3,133.3,100,0,0,0,0,66.7,277.8,5,2,2,100,1,1,100,0,0,0,0,0,0,1,0,0,1,1,2,125,125,33.3,0,50,173.6,104.2,1,1,100,0,0,0,2,2,100,0,0,0,0,0,0,0,1,1,100,1,1,100,0,0,0,1
Golden Eagle Ylli,"A. Çallakaj, B. Huffman, L. Thomas, T. Allen, A. Gashi",1,67,3,0,3,0,0,2,0,3,4,75,2,1,3,0,0,0,0,2,2,81.8,94.9,68.8,25.3,34.9,0,31.5,0,50,100,0,133.3,66.7,113.2,2,1,2,50,0,0,0,0,0,0,0,2,2,0,0,0,0,4,1,50,50,0,0,0,104.2,9.1,0,0,0,1,0,0,2,0,0,0,0,0,0,0,0,0,2,1,50,0,0,0,0,0,0,0
Golden Eagle Ylli,"A. Çallakaj, B. Huffman, T. Allen, B. Pass, A. Shala",1,71,1,0,2,0,0,1,0,1,2,50,0,1,1,1,0,0,0,0,2,95.4,93.5,97.4,25.7,24.7,0,17.4,0,0,100,0,100,50,36.2,4,2,3,66.7,0,1,0,0,0,0,0,3,3,1,0,1,0,0,2,66.7,66.7,0,0,33.3,138.9,-102.7,1,0,0,0,0,0,1,0,0,0,0,0,0,2,2,100,0,0,0,1,0,0,0,0,0,0
Golden Eagle Ylli,"A. Çallakaj, J. Reece, E. Kastrati, A. Gashi, G. Morina",1,71,0,0,1,0,0,0,0,0,0,0,0,0,0,0,1,0,2,1,2,111.6,97.4,125.9,24.7,19.1,0,0,0,0,0,66.7,0,0,0,6,2,2,100,0,0,0,2,2,100,0,1,1,2,2,0,1,1,3,100,104.2,25.8,0,0,161.1,-161.1,1,0,0,0,0,0,0,0,0,0,2,0,0,1,1,100,1,1,100,0,0,0,0,1,0,0
Golden Eagle Ylli,"D. Sabeckis, B. Huffman, S. Bamforth, E. Kastrati, A. Gashi",1,53,3,1,3,33.3,0,2,0,1,1,100,1,1,2,0,0,0,0,1,2,93.9,106.1,81.7,22.6,29.4,33.3,43.6,0,50,100,0,33.3,66.7,128.1,2,0,1,0,0,1,0,2,2,100,0,1,1,0,0,0,0,1,1,0,53.2,0,0,100,110.8,17.3,1,1,100,0,0,0,2,0,0,0,0,0,0,0,0,0,0,0,0,1,0,0,0,0,0,0
Golden Eagle Ylli,"D. Sabeckis, B. Huffman, J. Reece, E. Kastrati, G. Morina",2,131,3,1,4,25,0,2,0,1,2,50,3,1,4,2,0,0,1,2,2,59.4,50.7,68.2,47.4,35.2,25,30.7,200,75,50,12.7,50,50,108.5,6,2,4,50,1,2,50,1,2,50,1,1,2,2,1,1,0,2,3,62.5,61.5,0,50,50,161.1,-52.6,2,1,50,0,0,0,2,0,0,0,1,0,0,1,1,100,1,0,0,2,1,50,0,0,0,0
Golden Eagle Ylli,"D. Sabeckis, B. Huffman, T. Allen, E. Kastrati, A. Shala",1,97,2,0,2,0,0,0,0,2,2,100,0,1,1,0,0,0,0,0,2,58,68.4,47.5,35.1,50.5,0,34.7,0,0,33.3,0,100,0,72.3,2,1,4,25,0,3,0,0,0,0,2,2,4,0,0,0,0,0,1,25,25,0,66.7,75,104.2,-31.8,0,0,0,2,0,0,0,0,0,0,0,0,0,1,1,100,0,0,0,3,0,0,0,0,0,0
Golden Eagle Ylli,"D. Sabeckis, T. Allen, E. Kastrati, A. Gashi, G. Morina",1,125,4,2,3,66.7,0,0,0,0,0,0,0,1,1,1,0,0,0,1,2,64.5,55.3,73.7,43.4,32.6,66.7,66.7,50,0,50,0,0,0,138.9,6,3,5,60,0,2,0,0,0,0,1,1,2,1,0,0,0,0,3,60,60,0,50,40,156.2,-17.4,0,0,0,3,2,66.7,0,0,0,0,0,0,0,3,3,100,0,0,0,2,0,0,0,0,0,0
Peja,"S. Flatten, F. Shoshaj, M. Mala, T. Green, C. Edwards",1,97,0,0,1,0,0,0,0,0,0,0,0,0,0,0,0,0,2,0,2,81.7,71.3,92.2,33.7,26.0,0,0,0,0,0,66.7,0,0,0,8,3,3,100,0,0,0,2,2,100,0,1,1,2,2,0,0,1,3,100,103.1,0,0,0,214.8,-214.8,0,0,0,1,0,0,0,0,0,1,1,0,0,2,2,100,1,1,100,0,0,0,0,0,0,0
Peja,"S. Flatten, M. Mala, T. Green, C. Edwards, A. Hajdari",1,99,3,1,2,50,0,1,0,1,2,50,1,0,1,1,0,0,1,0,2,56.8,67,46.5,35.8,51.6,50,52.1,100,100,0,20.5,100,50,108.5,4,2,2,100,0,0,0,0,0,0,0,0,0,0,0,0,0,1,1,100,100,0,0,0,208.3,-99.8,1,1,100,0,0,0,1,0,0,0,0,0,1,1,1,100,1,1,100,0,0,0,0,0,0,0
Rahoveci 029,"J. Johnson, K. Pullian, V. Ejupi, J. Roche, E. Peci",1,95,2,1,3,33.3,0,2,0,0,0,0,0,1,1,1,0,0,0,0,2,84.9,72.8,97,33.0,24.7,33.3,33.3,100,0,100,0,0,66.7,69.4,6,3,4,75,0,0,0,0,0,0,0,2,2,2,0,0,0,0,3,75,75,0,0,0,156.2,-86.8,1,1,100,0,0,0,2,0,0,0,0,0,0,4,3,75,0,0,0,0,0,0,0,0,0,0
Rahoveci 029,"J. Johnson, K. Pullian, V. Ejupi, K. Ujkani, R. Granberry",1,78,3,1,2,50,1,1,100,0,0,0,0,1,1,1,0,0,1,0,2,73.8,88.6,59.1,27.1,40.6,75,75,100,0,100,25,0,50,104.2,0,0,1,0,0,0,0,0,0,0,0,1,1,0,0,0,1,0,1,0,0,50,0,0,0,104.2,1,0,0,0,0,0,1,1,100,0,1,0,0,1,0,0,0,0,0,0,0,0,0,1,0,0
Rahoveci 029,"J. Johnson, K. Pullian, V. Ejupi, A. Berisha, F. Rugova",1,105,4,2,4,50,0,2,0,0,0,0,1,1,2,0,0,0,0,2,2,75.5,65.8,85.1,36.5,28.2,50,50,0,50,100,0,0,50,138.9,6,2,3,66.7,0,0,0,2,2,100,0,1,1,2,0,0,0,0,3,66.7,77.3,0,0,0,161.1,-22.2,2,2,100,0,0,0,2,0,0,0,0,0,0,3,2,66.7,0,0,0,0,0,0,0,0,0,0
Rahoveci 029,"J. Johnson, K. Pullian, E. Peci, E. Haxhimurati, F. Rugova",1,115,5,2,3,66.7,1,1,100,0,0,0,0,1,1,1,1,0,0,0,2,70.1,60.1,80.1,39.9,29.9,83.3,83.3,50,0,100,0,0,33.3,173.6,3,1,2,50,1,2,50,0,0,0,0,1,1,1,0,0,2,0,3,75,75,50,0,100,78.1,95.5,1,1,100,1,0,0,1,1,100,0,0,0,0,0,0,0,0,0,0,2,1,50,1,1,0,0
Rahoveci 029,"J. Johnson, H. Durguti, J. Roche, K. Ujkani, B. Rexha",1,105,2,1,5,20,0,1,0,0,0,0,2,0,2,0,0,0,0,0,2,65.8,65.8,65.8,36.5,36.5,20,20,0,50,0,0,0,20,69.4,7,3,4,75,1,1,100,0,0,0,1,2,3,2,0,0,0,0,2,87.5,87.5,0,100,25,243.1,-173.6,3,1,33.3,1,0,0,1,0,0,0,0,0,0,2,2,100,1,0,0,1,1,100,0,0,0,0
Rahoveci 029,"J. Johnson, H. Durguti, K. Ujkani, E. Haxhimurati, I. Umipig",1,94,2,1,5,20,0,2,0,0,0,0,3,1,4,0,0,0,1,1,2,61.3,73.5,49,32.6,49.0,20,20,0,75,50,16.7,0,40,69.4,2,1,3,33.3,0,1,0,0,0,0,1,1,2,0,0,0,0,0,1,33.3,33.3,0,50,33.3,104.2,-34.7,2,1,50,1,0,0,2,0,0,1,0,0,0,2,1,50,0,0,0,1,0,0,0,0,0,0
Rahoveci 029,"K. Pullian, H. Durguti, V. Ejupi, J. Roche, B. Rexha",1,59,5,2,3,66.7,0,1,0,1,1,100,1,0,1,1,0,0,0,0,2,86.7,95.3,78.1,25.2,30.7,66.7,72.7,50,100,0,0,33.3,33.3,213.5,4,2,2,100,0,0,0,0,0,0,0,0,0,0,0,0,0,1,1,100,100,0,0,0,208.3,5.1,2,2,100,0,0,0,1,0,0,0,0,0,0,2,2,100,0,0,0,0,0,0,0,0,0,0
Rahoveci 029,"K. Pullian, H. Durguti, K. Ujkani, J. Mccorrmick, A. Thomas",1,86,5,2,3,66.7,1,1,100,0,0,0,0,1,1,1,0,1,0,2,2,80.4,80.4,80.4,29.9,29.9,83.3,83.3,50,0,50,0,0,33.3,173.6,4,2,4,50,0,1,0,0,0,0,1,1,2,1,0,0,0,0,2,50,50,0,50,25,138.9,34.7,1,0,0,1,1,100,1,1,100,0,0,0,0,0,0,0,3,2,66.7,1,0,0,0,0,0,0
Rahoveci 029,"K. Pullian, V. Ejupi, J. Roche, A. Berisha, I. Umipig",1,104,0,0,2,0,0,1,0,0,0,0,0,0,0,0,0,0,1,1,2,55.4,66.5,44.3,36.1,54.2,0,0,0,0,0,33.3,0,50,0,4,2,3,66.7,0,0,0,0,0,0,1,2,3,1,0,0,0,0,1,66.7,66.7,0,100,0,208.3,-208.3,0,0,0,1,0,0,1,0,0,0,1,0,0,3,2,66.7,0,0,0,0,0,0,0,0,0,0
Rahoveci 029,"K. Pullian, V. Ejupi, J. Roche, A. Berisha, A. Thomas",1,110,4,1,5,20,0,2,0,2,4,50,4,1,5,1,0,0,0,1,2,64.9,57.8,72.1,41.5,33.3,20,29.6,100,80,100,0,80,40,151,5,2,3,66.7,0,0,0,1,1,100,0,1,1,0,0,1,0,2,3,66.7,72.7,0,0,0,151.4,-0.4,3,1,33.3,0,0,0,2,0,0,0,0,0,0,0,0,0,3,2,66.7,0,0,0,0,0,0,0
Rahoveci 029,"K. Pullian, V. Ejupi, J. Roche, E. Haxhimurati, B. Rexha",1,64,2,1,3,33.3,0,1,0,0,0,0,0,2,2,1,1,0,0,1,2,108,108,108,22.2,22.2,33.3,33.3,100,0,100,0,0,33.3,69.4,0,0,2,0,0,1,0,0,0,0,0,2,2,0,0,0,1,0,2,0,0,33.3,0,50,0,69.4,2,1,50,0,0,0,1,0,0,0,0,0,0,1,0,0,0,0,0,1,0,0,0,1,0,0
Rahoveci 029,"K. Pullian, V. Ejupi, J. Roche, F. Rugova, A. Thomas",2,80,0,0,3,0,0,0,0,0,0,0,1,0,1,0,0,0,1,0,2,86.4,86.4,86.4,27.8,27.8,0,0,0,33.3,0,25,0,0,0,4,2,2,100,0,0,0,0,0,0,0,2,2,1,0,1,1,1,2,100,100,33.3,0,0,138.9,-138.9,1,0,0,2,0,0,0,0,0,1,0,0,0,1,1,100,1,1,100,0,0,0,1,0,0,0
Rahoveci 029,"K. Pullian, V. Ejupi, E. Peci, N. Mcloud, I. Umipig",1,122,0,0,2,0,0,0,0,0,0,0,0,1,1,0,0,0,1,2,2,66.1,56.7,75.5,42.4,31.8,0,0,0,0,33.3,33.3,0,0,0,6,3,6,50,0,2,0,0,0,0,2,2,4,2,1,0,0,1,3,50,50,0,66.7,33.3,156.2,-156.2,0,0,0,2,0,0,0,0,0,0,1,0,0,3,3,100,1,0,0,2,0,0,0,0,0,0
Rahoveci 029,"K. Pullian, V. Ejupi, K. Ujkani, I. Umipig, A. Thomas",1,111,2,1,4,25,0,3,0,0,0,0,2,0,2,0,0,0,1,1,2,62.3,62.3,62.3,38.5,38.5,25,25,0,66.7,0,20,0,75,69.4,6,3,3,100,0,0,0,0,0,0,0,1,1,2,1,0,0,1,2,100,100,0,0,0,208.3,-138.9,1,1,100,0,0,0,3,0,0,0,1,0,0,1,1,100,2,2,100,0,0,0,0,0,0,0
Rahoveci 029,"K. Pullian, V. Ejupi, J. Johnson, B. Rexha, F. Rugova",1,74,2,1,2,50,0,1,0,0,0,0,0,1,1,1,1,1,1,1,2,93.4,93.4,93.4,25.7,25.7,50,50,100,0,33.3,25,0,50,69.4,2,1,4,25,0,0,0,0,0,0,2,1,3,0,1,0,1,0,2,25,25,20,66.7,0,69.4,0,1,1,100,0,0,0,1,0,0,0,1,0,0,1,0,0,3,1,33.3,0,0,0,1,0,0,0
Rahoveci 029,"K. Pullian, V. Ejupi, J. Johnson, B. Rexha, A. Thomas",2,80,2,1,3,33.3,0,1,0,0,0,0,0,0,0,1,1,0,0,1,2,105.4,86.4,124.4,27.8,19.3,33.3,33.3,100,0,0,0,0,33.3,69.4,6,1,1,100,1,1,100,3,3,100,0,2,2,1,0,1,2,1,4,150,129.3,46.3,0,100,144.7,-75.2,2,1,50,0,0,0,1,0,0,0,0,0,0,0,0,0,0,0,0,1,1,100,0,1,0,1
Rahoveci 029,"K. Pullian, V. Ejupi, A. Berisha, N. Mcloud, I. Umipig",1,83,5,2,2,100,1,1,100,0,0,0,0,2,2,0,1,1,1,1,2,83.3,83.3,83.3,28.8,28.8,125,125,0,0,100,33.3,0,50,173.6,0,0,2,0,0,1,0,0,0,0,0,0,0,0,1,0,1,0,2,0,0,33.3,0,50,0,173.6,1,1,100,0,0,0,1,1,100,1,0,0,0,1,0,0,0,0,0,1,0,0,1,0,0,0
Rahoveci 029,"K. Pullian, J. Roche, J. Johnson, B. Rexha, F. Rugova",2,148,2,1,3,33.3,0,2,0,0,0,0,0,0,0,1,0,0,0,1,2,63.8,46.7,81,51.4,29.6,33.3,33.3,100,0,0,0,0,66.7,69.4,9,2,2,100,0,0,0,5,5,100,0,2,2,2,0,0,1,2,4,100,107.1,19.2,0,0,180.3,-110.8,0,0,0,1,1,100,2,0,0,0,0,0,0,2,2,100,0,0,0,0,0,0,0,0,0,1
Rahoveci 029,"K. Pullian, E. Peci, K. Ujkani, A. Berisha, F. Rugova",1,84,5,2,2,100,1,1,100,0,0,0,0,1,1,1,0,0,1,0,2,68.6,82.3,54.9,29.2,43.8,125,125,50,0,100,25,0,50,173.6,2,1,2,50,0,1,0,0,0,0,0,0,0,0,0,0,0,0,1,50,50,0,0,50,104.2,69.4,1,1,100,0,0,0,1,1,100,0,1,0,0,1,1,100,0,0,0,1,0,0,0,0,0,0
Rahoveci 029,"K. Pullian, K. Ujkani, A. Berisha, E. Haxhimurati, I. Umipig",1,111,4,1,4,25,1,1,100,1,2,50,2,0,2,0,0,0,0,1,2,61,59.8,62.3,40.1,38.5,37.5,41,0,66.7,0,0,50,25,144.7,5,2,2,100,1,1,100,0,0,0,0,1,1,1,0,0,1,1,2,125,125,33.3,0,50,173.6,-28.9,1,0,0,2,0,0,1,1,100,0,0,0,0,1,1,100,0,0,0,1,1,100,0,1,0,0
Rahoveci 029,"K. Pullian, A. Berisha, E. Haxhimurati, R. Granberry, F. Rugova",1,92,4,2,2,100,0,0,0,0,0,0,0,0,0,2,2,0,1,1,2,87.7,75.1,100.2,31.9,24.0,100,100,100,0,0,20,0,0,138.9,2,1,2,50,0,0,0,0,0,0,1,0,1,0,0,0,3,1,3,50,50,60,100,0,52.1,86.8,2,2,100,0,0,0,0,0,0,0,1,0,0,2,1,50,0,0,0,0,0,0,1,2,0,0
Rahoveci 029,"K. Pullian, A. Berisha, E. Haxhimurati, B. Rexha, I. Umipig",2,81,3,1,3,33.3,1,2,50,0,0,0,0,0,0,0,0,0,0,1,2,71.1,85.3,56.9,28.1,42.2,50,50,0,0,0,0,0,66.7,104.2,6,2,3,66.7,2,3,66.7,0,0,0,1,2,3,2,0,1,0,0,1,100,100,0,100,100,312.5,-208.3,1,0,0,0,0,0,2,1,50,0,0,0,0,0,0,0,0,0,0,3,2,66.7,0,0,0,0
Rahoveci 029,"V. Ejupi, J. Roche, E. Peci, R. Granberry, B. Rexha",1,87,0,0,1,0,0,1,0,0,0,0,0,0,0,0,0,0,2,0,2,66.2,79.4,53,30.2,45.3,0,0,0,0,0,66.7,0,100,0,2,1,1,100,0,0,0,0,0,0,0,1,1,1,2,0,1,0,1,100,100,50,0,0,104.2,-104.2,0,0,0,0,0,0,1,0,0,1,1,0,0,1,1,100,0,0,0,0,0,0,0,1,0,0
Rahoveci 029,"V. Ejupi, J. Roche, A. Berisha, R. Granberry, B. Rexha",1,84,2,0,2,0,0,2,0,2,2,100,1,1,2,0,0,0,1,0,2,80.6,79,82.3,30.4,29.2,0,34.7,0,100,100,25.8,100,100,72.3,5,2,3,66.7,1,2,50,0,0,0,0,0,0,1,1,0,0,1,2,83.3,83.3,0,0,66.7,173.6,-101.3,0,0,0,0,0,0,2,0,0,1,0,0,0,1,1,100,0,0,0,2,1,50,0,0,0,0
Rahoveci 029,"V. Ejupi, K. Ujkani, N. Mcloud, J. Mccorrmick, A. Thomas",1,123,3,1,2,50,0,0,0,1,2,50,0,1,1,1,0,0,0,0,2,55.1,53.9,56.2,44.5,42.7,50,52.1,100,0,100,0,100,0,108.5,5,2,3,66.7,1,1,100,0,0,0,0,1,1,1,0,0,0,2,2,83.3,83.3,0,0,33.3,173.6,-65.1,1,0,0,1,1,100,0,0,0,0,0,0,0,1,1,100,1,0,0,1,1,100,0,0,0,0
Rahoveci 029,"V. Ejupi, A. Berisha, R. Granberry, J. Mccorrmick, A. Thomas",1,91,1,0,2,0,0,1,0,1,1,100,1,0,1,0,0,0,1,3,2,61.8,61.8,61.8,38.8,38.8,0,20.5,0,50,0,29.1,50,50,42.7,5,2,3,66.7,0,1,0,1,1,100,1,1,2,0,1,0,0,0,2,66.7,72.7,0,100,33.3,213.5,-170.8,0,0,0,1,0,0,1,0,0,1,0,0,0,2,2,100,0,0,0,1,0,0,0,0,0,0
Rahoveci 029,"J. Roche, J. Johnson, B. Rexha, F. Rugova, I. Umipig",2,81,0,0,3,0,0,1,0,0,2,0,2,0,2,0,0,0,1,0,2,69.4,81.9,56.9,29.3,42.2,0,0,0,50,0,20.5,66.7,33.3,0,6,2,2,100,2,2,100,0,0,0,0,2,2,2,0,1,0,1,1,150,150,0,0,100,312.5,-312.5,2,0,0,0,0,0,1,0,0,0,1,0,0,0,0,0,0,0,0,2,2,100,0,0,0,0
Rahoveci 029,"K. Ujkani, A. Berisha, N. Mcloud, J. Mccorrmick, A. Thomas",1,78,1,0,1,0,0,1,0,1,2,50,0,1,1,0,0,0,1,0,2,72.1,85.1,59.1,28.2,40.6,0,26.6,0,0,100,34.7,200,100,36.2,3,1,2,50,1,1,100,0,0,0,0,1,1,1,1,0,0,0,1,75,75,0,0,50,156.2,-120.1,0,0,0,0,0,0,1,0,0,1,0,0,0,1,0,0,0,0,0,1,1,100,0,0,0,0
Sigal Prishtina,"A. Bailey, A. Azemi, D. Haxhosaj, D. Burns, B. Istrefi",1,118,6,2,3,66.7,2,3,66.7,0,0,0,0,1,1,2,1,1,0,0,2,68.3,58.6,78.1,41.0,30.7,100,100,100,0,50,0,0,100,208.3,3,1,3,33.3,1,1,100,0,0,0,1,1,2,1,0,0,2,1,3,50,50,40,50,33.3,78.1,130.2,0,0,0,0,0,0,3,2,66.7,0,0,0,0,2,0,0,0,0,0,1,1,100,1,1,0,0
Sigal Prishtina,"A. Bailey, A. Azemi, D. Burns, K. Kramer, A. Morina",1,85,4,1,2,50,1,1,100,1,2,50,0,3,3,1,0,0,0,0,2,79.7,78.1,81.3,30.7,29.5,75,69.4,100,0,100,0,100,50,144.7,0,0,3,0,0,2,0,0,0,0,0,2,2,0,0,0,0,2,2,0,0,0,0,66.7,0,144.7,1,0,0,0,0,0,1,1,100,0,0,0,0,1,0,0,0,0,0,2,0,0,0,0,0,0
Sigal Prishtina,"A. Bailey, A. Azemi, D. Burns, B. Istrefi, D. Polloshka",1,105,2,1,2,50,0,1,0,0,0,0,0,1,1,1,1,0,1,1,2,64.5,65.8,63.2,36.5,38.0,50,50,100,0,100,25,0,50,69.4,3,1,1,100,0,0,0,1,2,50,0,1,1,2,0,0,1,1,2,100,79.8,34.7,0,0,108.5,-39.1,1,1,100,0,0,0,1,0,0,0,1,0,0,1,1,100,0,0,0,0,0,0,1,0,0,0
Sigal Prishtina,"A. Bailey, A. Azemi, D. Burns, E. Williams Jr, V. Kakruki",1,137,2,1,3,33.3,0,2,0,0,0,0,0,1,1,0,0,0,0,1,2,58.9,50.5,67.3,47.6,35.7,33.3,33.3,0,0,100,0,0,66.7,69.4,7,3,4,75,1,2,50,0,0,0,0,2,2,2,0,0,0,1,3,87.5,87.5,0,0,50,182.3,-112.8,0,0,0,1,1,100,2,0,0,0,0,0,0,2,2,100,0,0,0,2,1,50,0,0,0,0
Sigal Prishtina,"A. Bailey, A. Azemi, K. Kramer, D. Polloshka, E. Williams Jr",1,103,2,0,2,0,0,1,0,2,2,100,0,1,1,0,0,0,0,1,2,54.6,64.4,44.7,37.3,53.6,0,34.7,0,0,100,0,100,50,72.3,2,1,2,50,0,1,0,0,0,0,0,2,2,1,0,0,0,0,1,50,50,0,0,50,104.2,-31.8,0,0,0,1,0,0,1,0,0,0,0,0,0,1,1,100,0,0,0,1,0,0,0,0,0,0
Sigal Prishtina,"A. Bailey, D. Burns, G. Hoti, D. Polloshka, V. Kakruki",1,89,6,2,3,66.7,0,1,0,2,2,100,1,1,2,2,1,0,0,2,2,61.6,74.6,48.7,32.2,49.3,66.7,77.3,100,100,100,0,66.7,33.3,217,0,0,0,0,0,0,0,0,2,0,0,0,0,0,0,0,1,1,1,0,0,53.2,0,0,0,217,2,2,100,0,0,0,1,0,0,0,0,0,0,0,0,0,0,0,0,0,0,0,1,0,0,0
Sigal Prishtina,"A. Azemi, G. Hoti, D. Williams, G. Hoti, V. Kakruki",1,69,4,2,4,50,0,1,0,0,0,0,1,0,1,1,0,0,0,2,2,96.2,100.2,92.2,24.0,26.0,50,50,50,50,0,0,0,25,138.9,5,1,1,100,0,0,0,3,4,75,0,1,1,2,0,0,0,0,2,100,90.6,0,0,0,188.7,-49.8,3,2,66.7,0,0,0,1,0,0,0,0,0,0,1,1,100,0,0,0,0,0,0,0,0,0,0
Sigal Prishtina,"A. Azemi, D. Burns, D. Williams, D. Polloshka, V. Kakruki",1,88,5,2,2,100,1,1,100,0,0,0,0,0,0,2,0,0,1,1,2,77,78.5,75.4,30.6,31.8,125,125,100,0,0,20,0,50,173.6,4,1,2,50,1,1,100,1,2,50,1,0,1,2,0,0,1,0,2,75,69.4,25.8,100,50,144.7,28.9,1,1,100,0,0,0,1,1,100,0,1,0,0,1,0,0,0,0,0,1,1,100,0,1,0,0
Sigal Prishtina,"A. Azemi, D. Burns, K. Kramer, A. Morina, T. Vissariou",1,98,1,0,2,0,0,1,0,1,2,50,0,0,0,0,0,0,0,0,2,69.1,67.7,70.5,35.4,34.0,0,17.4,0,0,0,0,100,50,36.2,6,3,4,75,0,0,0,0,0,0,1,2,3,0,0,0,0,2,2,75,75,0,100,0,208.3,-172.2,0,0,0,1,0,0,1,0,0,0,0,0,0,3,2,66.7,1,1,100,0,0,0,0,0,0,0
Sigal Prishtina,"A. Azemi, D. Williams, B. Istrefi, D. Polloshka, V. Kakruki",1,155,0,0,1,0,0,1,0,0,0,0,0,0,0,0,0,0,2,4,2,50.2,44.6,55.9,53.8,42.9,0,0,0,0,0,66.7,0,100,0,7,2,4,50,0,2,0,3,4,75,2,1,3,1,1,0,0,0,3,50,60.8,0,100,50,193.9,-193.9,0,0,0,0,0,0,1,0,0,1,0,0,1,2,2,100,0,0,0,2,0,0,0,0,0,0
Sigal Prishtina,"A. Lomax, D. Haxhosaj, D. Burns, V. Kakruki, E. Clarance",1,50,0,0,2,0,0,0,0,0,0,0,0,0,0,0,0,0,1,1,2,112.4,138.2,86.6,17.4,27.7,0,0,0,0,0,33.3,0,0,0,3,1,1,100,0,0,0,1,2,50,0,1,1,0,1,0,0,1,1,100,79.8,0,0,0,166.2,-166.2,1,0,0,1,0,0,0,0,0,0,1,0,0,1,1,100,0,0,0,0,0,0,0,0,0,0
Sigal Prishtina,"D. Haxhosaj, D. Williams, B. Istrefi, D. Polloshka, V. Kakruki",1,58,2,1,2,50,0,1,0,0,0,0,0,2,2,1,0,0,1,0,2,119.2,119.2,119.2,20.1,20.1,50,50,100,0,100,25,0,50,69.4,3,1,3,33.3,1,3,33.3,0,0,0,0,1,1,0,1,0,0,1,2,50,50,0,0,100,104.2,-34.7,1,1,100,0,0,0,1,0,0,0,1,0,0,0,0,0,0,0,0,3,1,33.3,0,0,0,0
Trepça,"A. Gashi, V. Haliti, M. Amzil, J. Payne, B. Zekiqi",1,59,1,0,2,0,0,0,0,1,2,50,0,0,0,0,1,0,0,0,2,95.3,112.5,78.1,21.3,30.7,0,17.4,0,0,0,0,100,0,36.2,2,1,5,20,0,1,0,0,0,0,4,2,6,0,0,1,1,0,1,20,20,16.7,100,20,104.2,-68,1,0,0,1,0,0,0,0,0,0,0,0,0,2,1,50,2,0,0,1,0,0,1,0,0,0
Trepça,"A. Gashi, M. Tmusic, D. Hajrizi, D. Kapiti, S. Henry",1,126,4,2,4,50,0,1,0,0,0,0,1,2,3,1,0,0,0,0,2,54.9,54.9,54.9,43.8,43.8,50,50,50,50,66.7,0,0,25,138.9,3,1,4,25,1,2,50,0,0,0,1,1,2,0,0,1,0,1,2,37.5,37.5,0,33.3,50,104.2,34.7,3,2,66.7,0,0,0,1,0,0,0,0,0,0,2,0,0,0,0,0,2,1,50,0,0,0,0
Trepça,"M. Tmusic, D. Hajrizi, S. Jones, K. Hasbrouck, S. Henry",1,105,7,3,4,75,1,1,100,0,0,0,1,2,3,2,0,0,0,0,2,65.8,65.8,65.8,36.5,36.5,87.5,87.5,66.7,100,50,0,0,25,243.1,2,1,5,20,0,1,0,0,0,0,2,0,2,0,0,0,0,0,2,20,20,0,50,20,69.4,173.6,2,2,100,1,0,0,1,1,100,0,0,0,0,3,1,33.3,1,0,0,1,0,0,0,0,0,0
Trepça,"M. Tmusic, D. Hajrizi, S. Jones, K. Hasbrouck, B. Tuna",1,119,2,1,1,100,0,0,0,0,0,0,0,1,1,1,0,0,2,2,2,61.2,58.1,64.3,41.3,37.3,100,100,100,0,100,50,0,0,69.4,4,1,2,50,0,0,0,2,3,66.7,0,0,0,0,1,0,0,1,3,50,60.2,0,0,0,125.5,-56.1,1,1,100,0,0,0,0,0,0,2,0,0,0,2,1,50,0,0,0,0,0,0,0,0,0,0
Trepça,"M. Tmusic, D. Hajrizi, M. Amzil, J. Payne, D. Kapiti",1,99,5,2,2,100,1,1,100,0,2,0,0,1,1,1,0,0,0,2,2,85.2,67,103.3,35.8,23.2,125,86.8,50,0,50,0,100,50,180.8,7,3,5,60,0,0,0,1,1,100,1,1,2,0,0,0,0,1,4,60,64.3,0,50,0,164.2,16.6,1,1,100,0,0,0,1,1,100,0,0,0,0,3,2,66.7,2,1,50,0,0,0,0,0,0,0
Trepça,"M. Tmusic, D. Hajrizi, M. Amzil, J. Payne, A. Vining",1,85,0,0,2,0,0,1,0,0,0,0,2,2,4,0,0,0,3,3,2,81.3,81.3,81.3,29.5,29.5,0,0,0,100,50,60,0,50,0,2,1,5,20,0,1,0,0,0,0,2,0,2,0,1,1,0,0,2,20,20,0,50,20,69.4,-69.4,1,0,0,0,0,0,1,0,0,0,1,0,2,4,1,25,0,0,0,1,0,0,0,0,0,0
Trepça,"M. Tmusic, D. Hajrizi, M. Amzil, J. Payne, S. Henry",2,113,0,0,4,0,0,3,0,0,0,0,1,1,2,0,0,0,0,0,2,71.4,61.2,81.6,39.2,29.4,0,0,0,25,50,0,0,75,0,5,2,4,50,1,1,100,0,0,0,1,3,4,1,0,0,1,1,3,62.5,62.5,20,50,25,130.2,-130.2,0,0,0,1,0,0,3,0,0,0,0,0,0,3,1,33.3,0,0,0,1,1,100,0,1,0,0
Trepça,"M. Tmusic, D. Hajrizi, D. Kapiti, K. Hasbrouck, B. Tuna",1,80,4,2,3,66.7,0,1,0,0,0,0,0,0,0,0,1,0,0,1,2,57.6,86.4,28.8,27.8,83.3,66.7,66.7,0,0,0,0,0,33.3,138.9,0,0,0,0,0,0,0,0,0,0,0,1,1,0,0,0,1,0,0,0,0,100,0,0,0,138.9,2,2,100,0,0,0,1,0,0,0,0,0,0,0,0,0,0,0,0,0,0,0,1,0,0,0
Trepça,"M. Tmusic, C. Rusell, S. Jones, C. Brown, A. Vining",1,96,2,1,4,25,0,2,0,0,0,0,1,0,1,1,0,0,0,2,2,65.3,72,58.6,33.3,41.0,25,25,100,33.3,0,0,0,50,69.4,4,1,1,100,1,1,100,1,1,100,0,2,2,1,0,0,1,0,2,150,138.9,41,0,100,170.8,-101.3,2,1,50,0,0,0,2,0,0,0,0,0,0,0,0,0,0,0,0,1,1,100,0,0,0,1
Trepça,"M. Tmusic, C. Brown, J. Payne, D. Kapiti, B. Tuna",1,79,4,1,1,100,1,1,100,1,2,50,0,2,2,1,0,0,1,0,2,71.2,84,58.3,28.6,41.1,150,106.4,100,0,100,25.8,200,100,144.7,0,0,2,0,0,1,0,0,0,0,0,0,0,0,0,0,0,0,1,0,0,0,0,50,0,144.7,0,0,0,0,0,0,1,1,100,0,1,0,0,1,0,0,0,0,0,1,0,0,0,0,0,0
Trepça,"M. Tmusic, M. Amzil, J. Payne, K. Hasbrouck, B. Tuna",1,75,2,1,4,25,0,1,0,0,0,0,1,3,4,1,0,1,0,1,2,92.2,92.2,92.2,26.0,26.0,25,25,100,33.3,100,0,0,25,69.4,0,0,3,0,0,1,0,0,0,0,0,2,2,0,0,0,0,0,2,0,0,0,0,33.3,0,69.4,2,1,50,1,0,0,1,0,0,0,0,0,0,1,0,0,1,0,0,1,0,0,0,0,0,0
Trepça,"M. Tmusic, M. Amzil, D. Kapiti, A. Vining, B. Zekiqi",1,77,1,0,3,0,0,2,0,1,2,50,1,2,3,0,0,0,0,1,2,73,86.2,59.8,27.9,40.1,0,12.9,0,33.3,100,0,66.7,66.7,36.2,0,0,2,0,0,2,0,0,0,0,0,2,2,0,0,0,0,1,1,0,0,0,0,100,0,36.2,1,0,0,0,0,0,2,0,0,0,0,0,0,0,0,0,0,0,0,2,0,0,0,0,0,0
Trepça,"D. Hajrizi, C. Rusell, S. Jones, M. Amzil, J. Payne",1,63,0,0,3,0,0,2,0,0,0,0,0,1,1,0,0,0,0,1,2,91.4,109.7,73.1,21.9,32.8,0,0,0,0,100,0,0,66.7,0,2,1,2,50,0,1,0,0,0,0,0,3,3,0,0,0,0,0,1,50,50,0,0,50,104.2,-104.2,0,0,0,1,0,0,2,0,0,0,0,0,0,0,0,0,1,1,100,1,0,0,0,0,0,0
Trepça,"D. Hajrizi, C. Rusell, C. Brown, J. Payne, B. Tuna",1,106,3,1,3,33.3,1,2,50,0,0,0,0,2,2,1,0,0,0,0,2,76.1,65.2,86.9,36.8,27.6,50,50,100,0,100,0,0,66.7,104.2,2,1,4,25,0,3,0,0,0,0,0,2,2,0,0,0,0,0,3,25,25,0,0,75,52.1,52.1,0,0,0,1,0,0,2,1,50,0,0,0,0,0,0,0,1,1,100,3,0,0,0,0,0,0
Trepça,"D. Hajrizi, S. Jones, J. Payne, S. Henry, B. Tuna",1,92,6,2,2,100,1,1,100,1,2,50,0,2,2,1,0,0,0,1,2,72.1,72.1,72.1,33.3,33.3,125,104.2,50,0,100,0,100,50,217,1,0,2,0,0,0,0,1,2,50,0,0,0,1,0,0,0,1,2,0,17.4,0,0,0,36.2,180.8,1,1,100,0,0,0,1,1,100,0,0,0,0,2,0,0,0,0,0,0,0,0,0,0,0,0
Trepça,"D. Hajrizi, S. Jones, D. Kapiti, A. Vining, K. Hasbrouck",1,96,5,2,3,66.7,1,1,100,0,0,0,0,2,2,1,0,0,0,0,2,70.6,72,69.1,33.3,34.7,83.3,83.3,50,0,66.7,0,0,33.3,173.6,3,1,3,33.3,0,0,0,1,2,50,1,1,2,0,0,0,0,0,2,33.3,38.7,0,33.3,0,108.5,65.1,1,1,100,1,0,0,1,1,100,0,0,0,0,2,1,50,1,0,0,0,0,0,0,0,0,0
Trepça,"C. Rusell, S. Jones, C. Brown, A. Vining, B. Tuna",1,106,0,0,2,0,0,0,0,0,0,0,0,3,3,0,0,0,1,1,2,80.9,65.2,96.5,36.8,24.9,0,0,0,0,100,33.3,0,0,0,5,2,4,50,1,2,50,0,1,0,0,2,2,1,0,1,0,1,4,62.5,56.3,0,0,50,117.3,-117.3,1,0,0,1,0,0,0,0,0,0,1,0,0,2,1,50,0,0,0,2,1,50,0,0,0,0
Trepça,"S. Jones, M. Amzil, J. Payne, A. Vining, B. Tuna",1,96,6,3,4,75,0,1,0,0,0,0,1,2,3,2,1,0,0,1,2,72,72,72,33.3,33.3,75,75,66.7,100,100,0,0,25,208.3,0,0,2,0,0,1,0,0,0,0,0,0,0,0,0,0,1,0,2,0,0,33.3,0,50,0,208.3,3,3,100,0,0,0,1,0,0,0,0,0,0,0,0,0,1,0,0,1,0,0,0,1,0,0
Trepça,"S. Jones, M. Amzil, J. Payne, S. Henry, B. Zekiqi",1,73,2,1,3,33.3,0,0,0,0,0,0,1,0,1,1,1,0,1,1,2,92.8,94.7,90.9,25.3,26.4,33.3,33.3,100,50,0,20,0,0,69.4,4,1,1,100,0,0,0,2,2,100,0,1,1,0,1,0,1,1,2,100,106.4,34.7,0,0,144.7,-75.2,1,1,100,2,0,0,0,0,0,1,0,0,0,1,1,100,0,0,0,0,0,0,1,0,0,0
Trepça,"S. Jones, J. Payne, D. Kapiti, A. Vining, K. Hasbrouck",1,74,4,1,2,50,1,1,100,1,1,100,0,1,1,1,0,0,0,1,2,69.1,76,62.3,31.6,38.5,75,82,100,0,100,0,50,50,170.8,3,1,2,50,1,2,50,0,0,0,0,1,1,1,0,0,0,0,1,75,75,0,0,100,156.2,14.5,1,0,0,0,0,0,1,1,100,0,0,0,0,0,0,0,0,0,0,2,1,50,0,0,0,0
Trepça,"M. Amzil, D. Kapiti, A. Vining, K. Hasbrouck, B. Zekiqi",1,97,5,2,4,50,1,2,50,0,0,0,1,2,3,1,0,0,0,0,2,69.8,71.3,68.4,33.7,35.1,62.5,62.5,50,50,100,0,0,50,173.6,1,0,2,0,0,2,0,1,2,50,0,1,1,0,0,0,0,0,2,0,17.4,0,0,100,36.2,137.4,2,1,50,0,0,0,2,1,50,0,0,0,0,0,0,0,0,0,0,2,0,0,0,0,0,0
Trepça,"D. Kapiti, A. Vining, K. Hasbrouck, S. Henry, B. Tuna",1,76,2,0,1,0,0,1,0,2,2,100,0,0,0,0,0,0,1,0,2,89.1,87.3,90.9,27.5,26.4,0,53.2,0,0,0,34.7,200,100,72.3,4,2,2,100,0,0,0,0,0,0,0,1,1,1,1,0,1,1,2,100,100,33.3,0,0,138.9,-66.6,0,0,0,0,0,0,1,0,0,0,1,0,0,2,2,100,0,0,0,0,0,0,1,0,0,0
Vëllaznimi,"Z. Reid, Y. Anei, A. Koshi, A. Rushiti, T. Todd",1,60,2,1,1,100,0,0,0,0,2,0,0,2,2,0,1,1,1,0,2,112.9,110.6,115.2,21.7,20.8,100,53.2,0,0,66.7,34.7,200,0,72.3,0,0,3,0,0,2,0,0,0,0,1,1,2,0,1,0,1,2,2,0,0,25,33.3,66.7,0,72.3,1,1,100,0,0,0,0,0,0,0,1,0,0,1,0,0,0,0,0,2,0,0,1,0,0,0
Vëllaznimi,"Z. Reid, Y. Anei, A. Koshi, R. Dahsyla, J. Hellems",3,80,2,0,1,0,0,1,0,2,2,100,0,0,0,0,1,0,1,4,2,89.3,82.9,95.6,28.9,25.1,0,53.2,0,0,0,34.7,200,100,72.3,3,1,1,100,0,0,0,1,3,33.3,0,1,1,0,1,0,1,2,3,100,64.7,30.1,0,0,94.1,-21.8,0,0,0,0,0,0,1,0,0,1,0,0,0,1,1,100,0,0,0,0,0,0,1,0,0,0
Vëllaznimi,"Z. Reid, Y. Anei, A. Bedra, S. Zekiqi, T. Todd",1,37,2,1,1,100,0,0,0,0,0,0,0,1,1,1,0,0,2,2,2,151.9,186.8,117.1,12.8,20.5,100,100,100,0,50,50,0,0,69.4,2,1,2,50,0,1,0,0,2,0,1,0,1,0,0,0,0,0,1,50,34.7,0,50,50,110.8,-41.4,1,1,100,0,0,0,0,0,0,0,0,0,1,1,1,100,0,0,0,1,0,0,0,0,0,0
Vëllaznimi,"Z. Reid, A. Koshi, L. Colimerio, D. Dedushaj, T. Todd",1,92,2,0,2,0,0,1,0,2,2,100,0,2,2,0,0,0,0,2,2,83.1,72.1,94.2,33.3,25.5,0,34.7,0,0,66.7,0,100,50,72.3,4,1,3,33.3,0,2,0,2,4,50,1,2,3,2,0,0,0,1,3,33.3,42,0,33.3,66.7,110.8,-38.5,0,0,0,1,0,0,1,0,0,0,0,0,0,1,1,100,0,0,0,2,0,0,0,0,0,0
Vëllaznimi,"Z. Reid, S. Zekiqi, D. Dedushaj, A. Gordon, E. Cingu",1,94,4,1,2,50,0,1,0,2,2,100,0,2,2,0,0,0,0,0,2,72.1,70.6,73.5,34.0,32.6,50,69.4,0,0,100,0,100,50,144.7,3,1,3,33.3,1,3,33.3,0,0,0,0,1,1,1,0,0,0,1,2,50,50,0,0,100,104.2,40.5,1,1,100,0,0,0,1,0,0,0,0,0,0,0,0,0,0,0,0,3,1,33.3,0,0,0,0
Vëllaznimi,"Z. Reid, S. Zekiqi, A. Rushiti, R. Dahsyla, T. Todd",2,128,2,1,3,33.3,0,1,0,0,0,0,0,2,2,1,0,0,0,1,2,61.9,54,69.8,44.4,34.4,33.3,33.3,100,0,100,0,0,33.3,69.4,1,0,2,0,0,0,0,1,2,50,0,2,2,0,0,0,1,1,3,0,17.4,25.8,0,0,26.8,42.6,1,0,0,1,1,100,1,0,0,0,0,0,0,1,0,0,1,0,0,0,0,0,1,0,0,0
Vëllaznimi,"Y. Anei, A. Koshi, S. Zekiqi, L. Colimerio, T. Todd",1,69,1,0,0,0,0,0,0,1,2,50,0,0,0,0,0,0,2,0,2,81.5,96.2,66.8,25.0,35.9,0,56.8,0,0,0,69.4,0,0,36.2,4,2,3,66.7,0,0,0,0,0,0,1,0,1,0,1,0,0,1,1,66.7,66.7,0,100,0,208.3,-172.2,0,0,0,0,0,0,0,0,0,1,1,0,0,3,2,66.7,0,0,0,0,0,0,0,0,0,0
Vëllaznimi,"Y. Anei, A. Koshi, A. Gordon, A. Rushiti, T. Todd",1,103,0,0,2,0,0,1,0,0,0,0,0,1,1,0,0,0,1,0,2,55.9,67.1,44.7,35.8,53.6,0,0,0,0,50,33.3,0,50,0,2,1,3,33.3,0,2,0,0,0,0,1,2,3,0,1,0,0,1,1,33.3,33.3,0,50,66.7,104.2,-104.2,1,0,0,0,0,0,1,0,0,1,0,0,0,0,0,0,1,1,100,2,0,0,0,0,0,0
Vëllaznimi,"Y. Anei, A. Koshi, A. Gordon, T. Todd, J. Hellems",1,65,4,0,1,0,0,0,0,4,4,100,1,0,1,1,1,0,1,0,2,84.4,97.8,70.9,24.5,33.9,0,72.5,0,100,0,21,400,0,151,2,1,1,100,0,0,0,0,0,0,0,0,0,0,0,0,1,1,1,100,100,50,0,0,104.2,46.8,1,0,0,0,0,0,0,0,0,0,1,0,0,1,1,100,0,0,0,0,0,0,0,1,0,0
Vëllaznimi,"Y. Anei, A. Koshi, A. Rushiti, T. Todd, J. Hellems",1,86,5,2,3,66.7,1,1,100,0,0,0,0,1,1,2,0,0,0,1,2,67,80.4,53.6,29.9,44.8,83.3,83.3,100,0,33.3,0,0,33.3,173.6,2,1,4,25,0,0,0,0,0,0,2,1,3,0,0,0,0,0,1,25,25,0,66.7,0,104.2,69.4,1,1,100,1,0,0,1,1,100,0,0,0,0,2,1,50,2,0,0,0,0,0,0,0,0,0
Vëllaznimi,"Y. Anei, S. Zekiqi, A. Rushiti, D. Wilson, R. Dahsyla",1,48,4,1,1,100,0,0,0,2,2,100,0,0,0,0,0,0,1,1,2,135.4,138.2,132.5,17.4,18.1,100,106.4,0,0,0,34.7,200,0,144.7,7,1,1,100,1,1,100,4,4,100,0,0,0,1,0,0,0,1,2,150,126.8,0,0,100,264.2,-119.5,0,0,0,1,1,100,0,0,0,1,0,0,0,0,0,0,0,0,0,1,1,100,0,0,0,0
Vëllaznimi,"A. Koshi, S. Zekiqi, A. Gordon, D. Wilson, T. Todd",2,41,2,1,3,33.3,0,1,0,0,0,0,1,0,1,0,0,0,1,1,2,112.4,168.6,56.2,14.2,42.7,33.3,33.3,0,50,0,25,0,33.3,69.4,3,1,1,100,1,1,100,0,0,0,0,1,1,0,1,0,0,0,0,150,150,0,0,100,312.5,-243.1,2,1,50,0,0,0,1,0,0,0,1,0,0,0,0,0,0,0,0,1,1,100,0,0,0,0
Vëllaznimi,"A. Koshi, A. Gordon, D. Wilson, R. Dahsyla, T. Todd",1,92,2,1,3,33.3,0,2,0,0,0,0,1,2,3,0,0,0,1,0,2,73.6,75.1,72.1,31.9,33.3,33.3,33.3,0,50,66.7,25,0,66.7,69.4,2,1,3,33.3,0,1,0,0,2,0,1,1,2,0,0,0,0,1,2,33.3,25.8,0,33.3,33.3,72.3,-2.9,1,1,100,0,0,0,2,0,0,1,0,0,0,0,0,0,2,1,50,1,0,0,0,0,0,0
Vëllaznimi,"A. Gordon, A. Rushiti, D. Wilson, R. Dahsyla, J. Hellems",1,67,3,1,2,50,0,1,0,1,1,100,0,0,0,0,0,0,0,1,2,76.3,83.9,68.8,28.6,34.9,50,61.5,0,0,0,0,50,50,128.1,4,2,2,100,0,0,0,0,0,0,0,1,1,2,0,0,0,1,1,100,100,0,0,0,208.3,-80.3,1,1,100,0,0,0,1,0,0,0,0,0,0,2,2,100,0,0,0,0,0,0,0,0,0,0
Bashkimi,"M. Armstead, K. Wooten, J. Riley, M. Janjeva, S. Shorter",1,70,0,0,2,0,0,0,0,0,0,0,0,1,1,0,0,0,0,0,1,65.8,65.8,65.8,36.5,36.5,0,0,0,0,50,0,0,0,0,2,1,3,33.3,0,1,0,0,0,0,1,2,3,1,0,0,0,0,1,33.3,33.3,0,50,33.3,104.2,-104.2,1,0,0,1,0,0,0,0,0,0,0,0,0,1,1,100,1,0,0,1,0,0,0,0,0,0
Bashkimi,"M. Armstead, B. Bytyqi, D. Lake, J. Baily, V. Bunjaku",1,12,4,2,3,66.7,0,1,0,0,0,0,1,1,2,1,0,0,0,0,1,288,384,192,6.2,12.5,66.7,66.7,50,100,100,0,0,33.3,208.3,0,0,1,0,0,0,0,0,0,0,0,0,0,0,0,0,0,0,0,0,0,0,0,0,0,208.3,2,2,100,0,0,0,1,0,0,0,0,0,0,1,0,0,0,0,0,0,0,0,0,0,0,0
Bashkimi,"M. Armstead, I. Cousins, J. Baily, K. Anderson, V. Bunjaku",2,7,4,2,2,100,0,0,0,0,0,0,0,0,0,1,0,0,0,0,1,346.3,658.3,34.3,3.6,70.0,100,100,50,0,0,0,0,0,208.3,0,0,0,0,0,0,0,0,0,0,0,0,0,0,0,0,0,0,0,0,0,0,0,0,0,208.3,0,0,0,2,2,100,0,0,0,0,0,0,0,0,0,0,0,0,0,0,0,0,0,0,0,0
Bashkimi,"M. Armstead, V. Gjecaj, D. Lake, J. Baily, V. Bunjaku",1,63,3,1,2,50,1,2,50,0,0,0,0,1,1,1,0,0,0,1,1,73.1,73.1,73.1,32.8,32.8,75,75,100,0,100,0,0,100,156.2,2,1,2,50,0,1,0,0,0,0,0,1,1,0,0,0,0,0,1,50,50,0,0,50,104.2,52.1,0,0,0,0,0,0,2,1,50,0,0,0,0,1,1,100,0,0,0,1,0,0,0,0,0,0
Bashkimi,"M. Armstead, V. Gjecaj, D. Lake, S. Shorter, I. Nwamu",1,124,2,1,2,50,0,1,0,0,0,0,0,0,0,0,0,0,0,0,1,37.2,37.2,37.2,64.6,64.6,50,50,0,0,0,0,0,50,104.2,5,2,3,66.7,1,2,50,0,0,0,1,1,2,1,0,0,0,1,1,83.3,83.3,0,100,66.7,260.4,-156.2,0,0,0,1,1,100,1,0,0,0,0,0,0,1,1,100,0,0,0,2,1,50,0,0,0,0
Bashkimi,"M. Armstead, J. Riley, D. Lake, V. Bunjaku, S. Shorter",1,46,0,0,2,0,0,2,0,0,0,0,0,0,0,0,0,0,0,0,1,75.1,100.2,50.1,24.0,47.9,0,0,0,0,0,0,0,100,0,2,1,1,100,0,0,0,0,0,0,0,2,2,1,0,0,0,1,0,100,100,0,0,0,208.3,-208.3,0,0,0,0,0,0,2,0,0,0,0,0,0,1,1,100,0,0,0,0,0,0,0,0,0,0
Bashkimi,"M. Armstead, J. Riley, D. Lake, V. Bunjaku, I. Nwamu",1,33,0,0,2,0,0,1,0,0,0,0,0,1,1,0,0,0,0,0,1,139.6,139.6,139.6,17.2,17.2,0,0,0,0,100,0,0,50,0,2,1,2,50,0,1,0,0,0,0,0,2,2,1,0,1,0,0,1,50,50,0,0,50,104.2,-104.2,1,0,0,0,0,0,1,0,0,0,0,0,0,1,1,100,0,0,0,1,0,0,0,0,0,0
Bashkimi,"M. Armstead, L. Zeqiri, T. Bickerstaff, K. Anderson, V. Bunjaku",2,14,2,1,1,100,0,0,0,0,0,0,0,2,2,1,1,0,1,0,1,437.8,329.1,546.4,7.3,4.4,100,100,100,0,100,33.3,0,0,104.2,0,0,1,0,0,0,0,0,3,0,0,0,0,0,1,0,1,1,3,0,0,30.1,0,0,0,104.2,1,1,100,0,0,0,0,0,0,1,0,0,0,1,0,0,0,0,0,0,0,0,1,0,0,0
Bashkimi,"K. Wooten, J. Riley, M. Ismaili, L. Zeqiri, I. Nwamu",1,53,2,0,0,0,0,0,0,2,4,50,0,1,1,0,0,0,0,1,1,81.7,76.5,86.9,31.4,27.6,0,56.8,0,0,100,0,0,0,118.4,0,0,1,0,0,1,0,0,0,0,0,1,1,0,0,0,1,3,1,0,0,50,0,100,0,118.4,0,0,0,0,0,0,0,0,0,0,0,0,0,0,0,0,0,0,0,1,0,0,1,0,0,0
Bashkimi,"K. Wooten, J. Riley, M. Janjeva, V. Bunjaku, S. Shorter",2,101,3,1,4,25,1,2,50,0,0,0,2,1,3,1,0,0,0,2,1,50.6,45.6,55.7,52.6,43.1,37.5,37.5,100,66.7,100,0,0,50,156.2,3,1,2,50,0,1,0,1,1,100,0,1,1,0,0,0,0,0,2,50,61.5,0,0,50,128.1,28.2,2,0,0,0,0,0,2,1,50,0,0,0,0,1,1,100,0,0,0,1,0,0,0,0,0,0
Bashkimi,"K. Wooten, J. Riley, M. Janjeva, V. Bunjaku, I. Nwamu",1,73,4,2,2,100,0,0,0,0,0,0,0,1,1,2,1,1,0,1,1,77,63.1,90.9,38.0,26.4,100,100,100,0,100,0,0,0,208.3,2,0,1,0,0,0,0,2,2,100,0,0,0,0,0,0,1,0,2,0,53.2,34.7,0,0,72.3,136,2,2,100,0,0,0,0,0,0,0,0,0,0,1,0,0,0,0,0,0,0,0,0,1,0,0
Bashkimi,"K. Wooten, M. Ismaili, M. Janjeva, S. Shorter, I. Nwamu",1,50,5,2,2,100,1,1,100,0,0,0,0,1,1,1,1,0,0,1,1,102.3,92.2,112.4,26.0,21.3,125,125,50,0,100,0,0,50,260.4,2,1,1,100,0,0,0,0,1,0,0,0,0,1,0,0,1,0,2,100,69.4,41,0,0,85.4,175,0,0,0,1,1,100,1,1,100,0,0,0,0,1,1,100,0,0,0,0,0,0,1,0,0,0
Bashkimi,"B. Bytyqi, M. Ismaili, M. Janjeva, T. Bickerstaff, K. Anderson",1,30,0,0,3,0,0,1,0,0,0,0,1,1,2,0,0,1,0,1,1,132.1,153.6,110.6,15.6,21.7,0,0,0,50,33.3,0,0,33.3,0,2,1,3,33.3,0,1,0,0,1,0,2,1,3,0,0,0,0,1,1,33.3,29.1,0,66.7,33.3,144.7,-144.7,2,0,0,0,0,0,1,0,0,0,0,0,0,2,1,50,0,0,0,1,0,0,0,0,0,0
Bashkimi,"I. Cousins, V. Gjecaj, L. Zeqiri, T. Bickerstaff, I. Nwamu",1,59,3,1,2,50,1,1,100,0,0,0,0,0,0,1,0,0,0,0,1,97.6,78.1,117.2,30.7,20.5,75,75,100,0,0,0,0,50,156.2,4,2,4,50,0,2,0,0,0,0,1,1,2,1,0,1,0,1,2,50,50,0,100,50,138.9,17.4,0,0,0,1,0,0,1,1,100,0,0,0,0,1,1,100,1,1,100,2,0,0,0,0,0,0
Bashkimi,"I. Cousins, D. Lake, M. Ismaili, M. Janjeva, K. Anderson",1,80,0,0,2,0,0,2,0,0,0,0,0,1,1,0,0,0,0,0,1,72,57.6,86.4,41.7,27.8,0,0,0,0,50,0,0,100,0,4,2,4,50,0,0,0,0,0,0,1,2,3,0,0,0,0,0,2,50,50,0,50,0,138.9,-138.9,0,0,0,0,0,0,2,0,0,0,0,0,0,3,2,66.7,1,0,0,0,0,0,0,0,0,0
Bashkimi,"I. Cousins, M. Janjeva, L. Zeqiri, V. Bunjaku, I. Nwamu",2,98,0,0,2,0,0,1,0,0,0,0,0,0,0,0,0,0,0,3,1,75.7,47,104.4,51.0,23.0,0,0,0,0,0,0,0,50,0,3,1,2,50,0,1,0,1,1,100,1,2,3,0,0,0,3,1,4,50,61.5,55.1,100,50,70.4,-70.4,0,0,0,1,0,0,1,0,0,0,0,0,0,1,1,100,0,0,0,1,0,0,1,0,0,1
Bashkimi,"V. Gjecaj, M. Janjeva, L. Zeqiri, T. Bickerstaff, K. Anderson",1,42,2,1,2,50,0,0,0,0,0,0,0,0,0,1,0,0,0,1,1,94.4,109.7,79,21.9,30.4,50,50,100,0,0,0,0,0,104.2,3,1,1,100,0,0,0,1,1,100,0,1,1,0,0,0,0,0,1,100,104.2,0,0,0,217,-112.8,1,0,0,1,1,100,0,0,0,0,0,0,0,1,1,100,0,0,0,0,0,0,0,0,0,0
Bashkimi,"J. Riley, D. Lake, L. Zeqiri, K. Anderson, S. Shorter",1,27,2,0,0,0,0,0,0,2,2,100,0,0,0,0,1,0,1,0,1,122.9,160.4,85.3,15.0,28.1,0,113.6,0,0,0,53.2,0,0,110.8,0,0,0,0,0,0,0,0,0,0,0,0,0,0,1,0,1,1,0,0,0,100,0,0,0,110.8,0,0,0,0,0,0,0,0,0,1,0,0,0,0,0,0,0,0,0,0,0,0,1,0,0,0
Bashkimi,"J. Riley, M. Janjeva, L. Zeqiri, K. Anderson, V. Bunjaku",1,66,0,0,4,0,0,2,0,0,0,0,2,1,3,0,0,0,0,1,1,50.3,69.8,30.7,34.4,78.1,0,0,0,50,100,0,0,50,0,0,0,0,0,0,0,0,0,2,0,0,2,2,0,0,1,0,0,0,0,0,0,0,0,0,0,2,0,0,0,0,0,2,0,0,0,0,0,0,0,0,0,0,0,0,0,0,0,0,0,0,0
Bashkimi,"J. Riley, M. Janjeva, L. Zeqiri, V. Bunjaku, S. Shorter",1,43,3,1,1,100,0,0,0,1,2,50,0,1,1,1,0,0,0,1,1,103.9,100.7,107.2,23.8,22.4,100,79.8,100,0,100,0,200,0,166.2,2,1,2,50,0,0,0,0,0,0,0,1,1,0,0,0,0,1,1,50,50,0,0,0,104.2,62.1,0,0,0,1,1,100,0,0,0,0,0,0,0,2,1,50,0,0,0,0,0,0,0,0,0,0
Bashkimi,"D. Lake, M. Ismaili, M. Janjeva, T. Bickerstaff, K. Anderson",1,96,3,1,2,50,1,2,50,0,0,0,0,0,0,1,0,1,0,2,1,60,48,72,50.0,33.3,75,75,100,0,0,0,0,100,156.2,5,2,4,50,1,2,50,0,0,0,1,1,2,0,0,0,0,0,2,62.5,62.5,0,100,50,173.6,-17.4,0,0,0,0,0,0,2,1,50,0,0,0,0,1,0,0,1,1,100,2,1,50,0,0,0,0
Bashkimi,"D. Lake, M. Ismaili, M. Janjeva, V. Bunjaku, S. Shorter",1,51,0,0,1,0,0,0,0,0,0,0,0,0,0,0,0,0,1,0,1,67.8,90.4,45.2,26.6,53.1,0,0,0,0,0,50,0,0,0,2,1,1,100,0,0,0,0,0,0,0,1,1,0,0,0,0,0,0,100,100,0,0,0,208.3,-208.3,1,0,0,0,0,0,0,0,0,1,0,0,0,1,1,100,0,0,0,0,0,0,0,0,0,0
Bashkimi,"M. Ismaili, M. Janjeva, T. Bickerstaff, K. Anderson, I. Nwamu",1,70,0,0,2,0,0,0,0,0,0,0,0,0,0,0,0,0,0,0,1,82.3,65.8,98.7,36.5,24.3,0,0,0,0,0,0,0,0,0,4,2,5,40,0,3,0,0,0,0,2,2,4,0,0,0,0,0,2,40,40,0,100,60,138.9,-138.9,1,0,0,1,0,0,0,0,0,0,0,0,0,2,2,100,0,0,0,3,0,0,0,0,0,0
Bashkimi,"M. Ismaili, M. Janjeva, T. Bickerstaff, S. Shorter, I. Nwamu",2,57,1,0,0,0,0,0,0,1,2,50,0,2,2,0,0,0,1,1,1,105.1,76,134.2,31.6,17.9,0,56.8,0,0,100,53.2,0,0,55.4,3,1,2,50,0,1,0,1,3,33.3,0,0,0,1,1,0,0,1,3,50,45.2,0,0,50,94.1,-38.7,0,0,0,0,0,0,0,0,0,0,1,0,0,1,1,100,0,0,0,1,0,0,0,0,0,0
Bashkimi,"M. Ismaili, T. Bickerstaff, J. Baily, K. Anderson, V. Bunjaku",1,71,2,0,2,0,0,2,0,2,2,100,1,0,1,0,0,0,0,2,1,79.2,61,97.4,39.3,24.7,0,34.7,0,50,0,0,100,100,110.8,2,1,4,25,0,1,0,0,0,0,2,1,3,0,0,0,1,1,2,25,25,20,100,25,69.4,41.4,0,0,0,0,0,0,2,0,0,0,0,0,0,2,1,50,1,0,0,1,0,0,0,1,0,0
Bashkimi,"L. Zeqiri, K. Anderson, V. Bunjaku, S. Shorter, I. Nwamu",1,61,1,0,1,0,0,1,0,1,1,100,0,0,0,0,0,0,0,2,1,65,54.4,75.5,44.1,31.8,0,34.7,0,0,0,0,100,100,72.3,2,1,1,100,0,0,0,0,0,0,0,1,1,0,0,0,1,0,1,100,100,50,0,0,104.2,-31.8,0,0,0,0,0,0,1,0,0,0,0,0,0,0,0,0,1,1,100,0,0,0,0,1,0,0
Bora,"C. Payton, A. Hunter, S. Jules, A. Hot, G. Zeqiri",1,48,0,0,0,0,0,0,0,0,0,0,0,2,2,0,0,0,2,0,1,120,96,144,25.0,16.7,0,0,0,0,66.7,100,0,0,0,2,1,4,25,0,1,0,0,0,0,1,0,1,0,2,0,0,1,2,25,25,0,33.3,25,69.4,-69.4,0,0,0,0,0,0,0,0,0,1,1,0,0,3,1,33.3,0,0,0,1,0,0,0,0,0,0
Bora,"C. Payton, A. Hunter, A. Hot, T. Cheese, R. Ukaj",1,63,3,1,2,50,1,1,100,0,0,0,0,0,0,1,0,1,0,0,1,54.9,73.1,36.6,32.8,65.6,75,75,100,0,0,0,0,50,156.2,2,1,2,50,0,1,0,0,0,0,1,1,2,0,0,0,0,0,0,50,50,0,100,50,208.3,-52.1,1,0,0,0,0,0,1,1,100,0,0,0,0,1,1,100,0,0,0,1,0,0,0,0,0,0
Bora,"C. Payton, A. Hunter, J. Zeqiri, T. Cheese, R. Memedi",2,104,2,1,4,25,0,2,0,0,0,0,2,0,2,0,0,0,0,1,1,54.1,44.3,63.8,54.2,37.6,25,25,0,66.7,0,0,0,50,104.2,5,2,2,100,0,0,0,1,2,50,0,1,1,0,0,0,0,0,2,100,86.8,0,0,0,180.8,-76.7,2,1,50,0,0,0,2,0,0,0,0,0,0,2,2,100,0,0,0,0,0,0,0,0,0,0
Bora,"C. Payton, A. Hunter, T. Cheese, R. Ukaj, G. Zeqiri",1,54,0,0,2,0,0,2,0,0,0,0,0,1,1,0,1,0,0,0,1,85.3,85.3,85.3,28.1,28.1,0,0,0,0,100,0,0,100,0,0,0,1,0,0,0,0,0,0,0,0,2,2,0,0,0,1,0,1,0,0,50,0,0,0,0,0,0,0,0,0,0,2,0,0,0,0,0,0,0,0,0,1,0,0,0,0,0,1,0,0,0
Bora,"C. Payton, S. Jules, A. Mekic, A. Hot, R. Ukaj",1,66,0,0,2,0,0,0,0,0,0,0,0,0,0,0,0,0,0,0,1,69.8,69.8,69.8,34.4,34.4,0,0,0,0,0,0,0,0,0,5,2,2,100,1,1,100,0,0,0,0,2,2,0,0,1,0,1,1,125,125,0,0,50,260.4,-260.4,2,0,0,0,0,0,0,0,0,0,0,0,0,1,1,100,0,0,0,1,1,100,0,0,0,0
Bora,"A. Hunter, C. Bragg Jr, S. Jules, J. Zeqiri, R. Memedi",1,105,0,0,1,0,0,1,0,0,0,0,0,0,0,0,0,0,1,0,1,48.7,43.9,53.5,54.7,44.8,0,0,0,0,0,50,0,100,0,5,2,2,100,0,0,0,1,1,100,0,1,1,0,1,0,0,0,2,100,102.5,0,0,0,213.5,-213.5,0,0,0,0,0,0,1,0,0,0,1,0,0,1,1,100,1,1,100,0,0,0,0,0,0,0
Bora,"A. Hunter, C. Bragg Jr, A. Hot, T. Cheese, R. Ukaj",1,64,3,0,0,0,0,0,0,3,4,75,0,2,2,0,0,0,0,1,1,65.5,63.4,67.7,37.9,35.5,0,85.2,0,0,66.7,0,0,0,177.6,1,0,2,0,0,2,0,1,2,50,1,0,1,0,0,0,0,2,1,0,17.4,0,33.3,100,55.4,122.1,0,0,0,0,0,0,0,0,0,0,0,0,0,0,0,0,0,0,0,2,0,0,0,0,0,0
Bora,"A. Hunter, C. Bragg Jr, A. Hot, T. Cheese, R. Memedi",1,46,1,0,1,0,0,0,0,1,1,100,0,2,2,0,0,0,0,1,1,80.1,72.1,88.2,33.3,27.2,0,34.7,0,0,66.7,0,100,0,72.3,1,0,1,0,0,0,0,1,4,25,1,1,2,0,0,1,0,0,1,0,18.1,0,33.3,0,59.2,13.2,1,0,0,0,0,0,0,0,0,0,0,0,0,1,0,0,0,0,0,0,0,0,0,0,0,0
Bora,"A. Hunter, S. Jules, A. Mekic, J. Zeqiri, R. Memedi",2,51,2,1,2,50,0,0,0,0,0,0,0,2,2,1,0,0,0,0,1,112.9,90.4,135.5,26.6,17.7,50,50,100,0,50,0,0,0,104.2,2,1,5,20,0,2,0,0,0,0,2,1,3,0,0,0,0,0,2,20,20,0,50,40,69.4,34.7,2,1,50,0,0,0,0,0,0,0,0,0,0,1,1,100,2,0,0,2,0,0,0,0,0,0
Bora,"A. Hunter, S. Jules, L. Thomas, A. Hot, J. Zeqiri",1,55,2,1,1,100,0,0,0,0,0,0,0,0,0,1,1,0,1,1,1,83.8,83.8,83.8,28.6,28.6,100,100,100,0,0,33.3,0,0,104.2,2,1,1,100,0,0,0,0,0,0,0,0,0,0,1,0,1,0,1,100,100,50,0,0,104.2,0,1,1,100,0,0,0,0,0,0,1,0,0,0,0,0,0,1,1,100,0,0,0,1,0,0,0
Bora,"A. Hunter, S. Jules, L. Thomas, R. Memedi, G. Zeqiri",1,73,2,1,1,100,0,0,0,0,2,0,0,1,1,0,1,0,0,0,1,77,59.3,94.7,40.4,25.3,100,53.2,0,0,100,0,200,0,110.8,2,1,2,50,0,0,0,0,0,0,0,1,1,1,0,0,1,1,2,50,50,33.3,0,0,69.4,41.4,0,0,0,1,1,100,0,0,0,0,0,0,0,1,1,100,1,0,0,0,0,0,1,0,0,0
Bora,"A. Hunter, S. Jules, J. Dingle, A. Hot, J. Zeqiri",1,45,3,1,2,50,1,1,100,0,0,0,0,1,1,1,0,0,0,0,1,76.8,102.4,51.2,23.4,46.9,75,75,100,0,100,0,0,50,156.2,0,0,1,0,0,1,0,0,0,0,0,1,1,0,0,0,0,0,0,0,0,0,0,100,0,156.2,1,0,0,0,0,0,1,1,100,0,0,0,0,0,0,0,0,0,0,1,0,0,0,0,0,0
Bora,"A. Hunter, S. Jules, J. Dingle, A. Hot, R. Memedi",1,40,3,1,2,50,1,2,50,0,0,0,0,0,0,1,0,0,0,0,1,86.4,115.2,57.6,20.8,41.7,75,75,100,0,0,0,0,100,156.2,2,1,1,100,0,0,0,0,0,0,0,0,0,1,0,0,0,0,0,100,100,0,0,0,208.3,-52.1,0,0,0,0,0,0,2,1,50,0,0,0,0,0,0,0,1,1,100,0,0,0,0,0,0,0
Bora,"A. Hunter, L. Thomas, A. Hot, T. Cheese, G. Zeqiri",2,35,1,0,1,0,0,1,0,1,2,50,0,1,1,0,0,2,0,0,1,127.7,123.8,131.7,19.4,18.2,0,26.6,0,0,50,0,200,100,55.4,2,1,3,33.3,0,0,0,0,0,0,1,1,2,0,0,0,0,1,1,33.3,33.3,0,50,0,104.2,-48.8,0,0,0,0,0,0,1,0,0,0,0,0,0,2,1,50,1,0,0,0,0,0,0,0,0,0
Bora,"O. Kurtaj, S. Jules, T. Jackson, A. Hot, T. Cheese",1,70,0,0,1,0,0,1,0,0,0,0,0,1,1,0,0,0,1,0,1,65.8,65.8,65.8,36.5,36.5,0,0,0,0,100,50,0,100,0,2,1,2,50,0,1,0,0,0,0,0,1,1,0,0,0,0,0,1,50,50,0,0,50,104.2,-104.2,0,0,0,0,0,0,1,0,0,0,1,0,0,0,0,0,1,1,100,1,0,0,0,0,0,0
Bora,"O. Kurtaj, S. Jules, A. Hot, T. Cheese, G. Zeqiri",1,58,2,1,2,50,0,0,0,0,0,0,0,0,0,1,0,0,0,1,1,77.1,79.4,74.7,30.2,32.1,50,50,100,0,0,0,0,0,104.2,4,1,1,100,0,0,0,2,2,100,0,1,1,1,0,0,0,0,1,100,106.4,0,0,0,221.6,-117.5,2,1,50,0,0,0,0,0,0,0,0,0,0,1,1,100,0,0,0,0,0,0,0,0,0,0
Bora,"O. Kurtaj, S. Jules, G. Singleton, R. Ukaj, R. Memedi",1,55,3,1,1,100,1,1,100,0,1,0,1,0,1,1,0,0,1,1,1,51.1,60.3,41.9,39.8,57.3,150,104.2,100,100,0,29.1,100,100,217,2,1,1,100,0,0,0,0,0,0,0,0,0,1,0,0,0,1,0,100,100,0,0,0,208.3,8.7,0,0,0,0,0,0,1,1,100,0,1,0,0,0,0,0,1,1,100,0,0,0,0,0,0,0
Bora,"O. Kurtaj, T. Jackson, A. Mekic, A. Hot, J. Zeqiri",1,80,3,1,3,33.3,1,3,33.3,0,0,0,1,1,2,1,1,0,0,1,1,70.3,57.6,82.9,41.7,28.9,50,50,100,50,100,0,0,100,156.2,1,0,1,0,0,0,0,1,2,50,0,1,1,1,0,0,1,1,2,0,26.6,34.7,0,0,36.2,120.1,0,0,0,0,0,0,3,1,33.3,0,0,0,0,1,0,0,0,0,0,0,0,0,0,1,0,0
Bora,"O. Kurtaj, T. Jackson, A. Mekic, J. Zeqiri, T. Cheese",1,57,0,0,1,0,0,0,0,0,0,0,0,0,0,0,0,0,1,0,1,80.8,80.8,80.8,29.7,29.7,0,0,0,0,0,50,0,0,0,2,1,1,100,0,0,0,0,0,0,0,1,1,1,1,0,1,0,1,100,100,50,0,0,104.2,-104.2,0,0,0,1,0,0,0,0,0,0,1,0,0,1,1,100,0,0,0,0,0,0,0,1,0,0
Bora,"C. Bragg Jr, S. Jules, J. Dingle, A. Hot, R. Ukaj",1,54,2,1,1,100,0,0,0,0,0,0,0,0,0,0,0,0,1,0,1,82.8,85.3,80.2,28.1,29.9,100,100,0,0,0,50,0,0,104.2,4,1,1,100,0,0,0,2,2,100,0,0,0,1,1,0,0,0,1,100,106.4,0,0,0,221.6,-117.5,1,1,100,0,0,0,0,0,0,1,0,0,0,1,1,100,0,0,0,0,0,0,0,0,0,0
Bora,"C. Bragg Jr, J. Dingle, A. Hot, T. Cheese, R. Memedi",1,87,5,1,1,100,1,1,100,2,2,100,0,1,1,0,0,0,0,1,1,49.8,49.8,49.8,48.2,48.2,150,133,0,0,50,0,200,100,277,1,0,2,0,0,2,0,1,2,50,1,0,1,1,0,0,0,1,1,0,17.4,0,50,100,55.4,221.6,0,0,0,0,0,0,1,1,100,0,0,0,0,0,0,0,0,0,0,2,0,0,0,0,0,0
Bora,"C. Bragg Jr, A. Hot, J. Zeqiri, T. Cheese, R. Ukaj",1,86,0,0,4,0,0,2,0,0,0,0,2,2,4,0,0,0,0,0,1,67,53.6,80.4,44.8,29.9,0,0,0,50,100,0,0,50,0,3,1,3,33.3,1,3,33.3,0,0,0,0,2,2,1,0,0,0,0,2,50,50,0,0,100,104.2,-104.2,2,0,0,0,0,0,2,0,0,0,0,0,0,0,0,0,0,0,0,3,1,33.3,0,0,0,0
Bora,"S. Jules, T. Jackson, G. Singleton, R. Memedi, G. Zeqiri",1,40,2,1,2,50,0,1,0,0,0,0,0,1,1,1,0,0,0,0,1,115.2,115.2,115.2,20.8,20.8,50,50,100,0,100,0,0,50,104.2,2,1,2,50,0,1,0,0,0,0,0,1,1,0,0,0,0,0,1,50,50,0,0,50,104.2,0,0,0,0,1,1,100,1,0,0,0,0,0,0,0,0,0,1,1,100,1,0,0,0,0,0,0
Bora,"S. Jules, A. Mekic, R. Sylejmani, H. Lebovci, R. Memedi",1,48,0,0,1,0,0,0,0,0,0,0,0,0,0,0,0,0,1,0,1,93.1,96,90.2,25.0,26.6,0,0,0,0,0,50,0,0,0,4,1,1,100,0,0,0,2,2,100,0,1,1,1,1,0,0,0,1,100,106.4,0,0,0,221.6,-221.6,1,0,0,0,0,0,0,0,0,1,0,0,0,1,1,100,0,0,0,0,0,0,0,0,0,0
Bora,"S. Jules, A. Mekic, J. Zeqiri, T. Cheese, R. Ukaj",1,63,2,1,2,50,0,0,0,0,0,0,0,1,1,1,0,0,0,0,1,109.7,73.1,146.3,32.8,16.4,50,50,100,0,100,0,0,0,104.2,3,1,2,50,1,1,100,0,0,0,0,1,1,1,0,1,2,0,3,75,75,50,0,50,78.1,26,2,1,50,0,0,0,0,0,0,0,0,0,0,1,0,0,0,0,0,1,1,100,0,0,0,2
Bora,"S. Jules, A. Mekic, R. Memedi, Y. Pllana, G. Zeqiri",1,56,2,1,1,100,0,0,0,0,0,0,0,0,0,1,0,0,1,0,1,61.7,82.3,41.1,29.2,58.3,100,100,100,0,0,33.3,0,0,104.2,2,1,1,100,0,0,0,0,0,0,0,0,0,0,0,0,0,0,0,100,100,0,0,0,208.3,-104.2,1,1,100,0,0,0,0,0,0,0,0,0,1,1,1,100,0,0,0,0,0,0,0,0,0,0
Bora,"S. Jules, J. Dingle, A. Hot, T. Cheese, R. Memedi",1,79,6,2,2,100,2,2,100,0,0,0,0,2,2,2,0,0,0,1,1,58.3,58.3,58.3,41.1,41.1,150,150,100,0,100,0,0,100,312.5,0,0,2,0,0,2,0,0,0,0,0,0,0,0,0,0,0,1,1,0,0,0,0,100,0,312.5,0,0,0,0,0,0,2,2,100,0,0,0,0,0,0,0,0,0,0,2,0,0,0,0,0,0
Bora,"S. Jules, A. Hot, H. Lebovci, R. Memedi, G. Zeqiri",1,61,3,1,2,50,1,1,100,0,0,0,0,2,2,1,0,0,0,0,1,75.5,75.5,75.5,31.8,31.8,75,75,100,0,100,0,0,50,156.2,0,0,2,0,0,2,0,0,0,0,0,1,1,0,0,0,0,0,1,0,0,0,0,100,0,156.2,1,0,0,0,0,0,1,1,100,0,0,0,0,0,0,0,0,0,0,2,0,0,0,0,0,0
Bora,"S. Jules, A. Hot, J. Zeqiri, R. Ukaj, R. Memedi",1,59,2,1,2,50,0,1,0,0,0,0,0,2,2,0,0,0,0,1,1,78.1,78.1,78.1,30.7,30.7,50,50,0,0,100,0,0,50,104.2,0,0,2,0,0,1,0,0,0,0,0,1,1,0,0,0,0,1,1,0,0,0,0,50,0,104.2,0,0,0,1,1,100,1,0,0,0,0,0,0,0,0,0,1,0,0,1,0,0,0,0,0,0
Bora,"S. Jules, A. Hot, G. Singleton, R. Ukaj, R. Memedi",1,47,1,0,0,0,0,0,0,1,2,50,0,0,0,1,0,0,1,1,1,95.1,92.2,98,26.0,24.5,0,56.8,0,0,0,34.7,0,0,55.4,3,1,1,100,1,1,100,0,0,0,0,0,0,1,1,0,1,1,1,150,150,50,0,100,156.2,-100.8,0,0,0,0,0,0,0,0,0,0,1,0,0,0,0,0,0,0,0,1,1,100,0,1,0,0
Bora,"S. Jules, J. Zeqiri, T. Cheese, R. Ukaj, G. Zeqiri",1,33,1,0,0,0,0,0,0,1,1,100,0,1,1,0,0,0,1,1,1,81,100.5,61.4,23.9,39.1,0,113.6,0,0,100,69.4,0,0,72.3,0,0,0,0,0,0,0,0,2,0,0,0,0,0,0,0,0,0,0,0,0,0,0,0,0,72.3,0,0,0,0,0,0,0,0,0,0,0,0,1,0,0,0,0,0,0,0,0,0,0,0,0,0
Bora,"T. Jackson, D. Taylor, A. Mekic, J. Zeqiri, R. Memedi",1,20,0,0,0,0,0,0,0,0,0,0,0,0,0,0,0,0,2,1,1,121.2,230.4,12,10.4,200.0,0,0,0,0,0,100,0,0,0,0,0,0,0,0,0,0,0,0,0,0,0,0,0,0,0,0,0,0,0,0,0,0,0,0,0,0,0,0,0,0,0,0,0,0,0,0,0,1,0,0,0,0,0,0,0,0,0,0,0,0,0
Bora,"T. Jackson, A. Mekic, J. Zeqiri, T. Cheese, G. Zeqiri",1,38,2,1,3,33.3,0,2,0,0,0,0,1,0,1,0,1,0,0,0,1,90.9,121.3,60.6,19.8,39.6,33.3,33.3,0,50,0,0,0,66.7,104.2,0,0,0,0,0,0,0,0,0,0,0,1,1,0,0,0,1,1,0,0,0,100,0,0,0,104.2,1,1,100,0,0,0,2,0,0,0,0,0,0,0,0,0,0,0,0,0,0,0,1,0,0,0
Bora,"A. Mekic, R. Sylejmani, J. Zeqiri, R. Memedi, G. Zeqiri",1,73,2,1,2,50,0,1,0,0,0,0,0,0,0,1,0,0,0,1,1,63.1,63.1,63.1,38.0,38.0,50,50,100,0,0,0,0,50,104.2,2,1,2,50,0,0,0,0,0,0,1,1,2,0,0,0,1,0,1,50,50,33.3,100,0,104.2,0,1,1,100,0,0,0,1,0,0,0,0,0,0,2,1,50,0,0,0,0,0,0,1,0,0,0
Bora,"A. Mekic, A. Hot, H. Lebovci, J. Zeqiri, G. Zeqiri",1,43,2,1,1,100,0,0,0,0,0,0,0,1,1,0,0,0,1,2,1,127.5,107.2,147.9,22.4,16.2,100,100,0,0,100,50,0,0,104.2,4,0,1,0,0,0,0,4,4,100,0,0,0,0,1,0,0,0,2,0,72.5,0,0,0,151,-46.8,1,1,100,0,0,0,0,0,0,0,1,0,0,0,0,0,1,0,0,0,0,0,0,0,0,0
Bora,"A. Mekic, A. Hot, J. Zeqiri, T. Cheese, R. Memedi",1,100,5,2,2,100,1,1,100,0,0,0,0,1,1,0,1,0,0,3,1,56.2,46.1,66.4,52.1,36.2,125,125,0,0,50,0,0,50,260.4,1,0,2,0,0,1,0,1,2,50,1,0,1,0,0,0,1,0,2,0,17.4,25.8,50,50,36.2,224.2,1,1,100,0,0,0,1,1,100,0,0,0,0,1,0,0,0,0,0,1,0,0,1,0,0,0
Bora,"A. Mekic, A. Hot, J. Zeqiri, T. Cheese, G. Zeqiri",1,55,2,0,1,0,0,1,0,2,2,100,0,1,1,0,0,0,0,0,1,81.3,78.8,83.8,30.5,28.6,0,53.2,0,0,100,0,200,100,110.8,2,1,2,50,0,1,0,0,0,0,0,1,1,1,0,0,0,1,1,50,50,0,0,50,104.2,6.6,0,0,0,0,0,0,1,0,0,0,0,0,0,1,1,100,0,0,0,1,0,0,0,0,0,0
Bora,"A. Mekic, A. Hot, J. Zeqiri, R. Memedi, G. Zeqiri",1,80,2,1,2,50,0,1,0,0,0,0,0,2,2,1,0,0,0,2,1,63.9,57.6,70.3,41.7,34.2,50,50,100,0,100,0,0,50,104.2,1,0,2,0,0,2,0,1,1,100,0,1,1,0,0,0,0,0,2,0,20.5,0,0,100,42.7,61.5,1,1,100,0,0,0,1,0,0,0,0,0,0,0,0,0,0,0,0,2,0,0,0,0,0,0
Bora,"H. Lebovci, J. Zeqiri, R. Memedi, Y. Pllana, G. Zeqiri",1,33,0,0,0,0,0,0,0,0,0,0,0,0,0,0,0,0,2,1,1,104.7,139.6,69.8,17.2,34.4,0,0,0,0,0,100,0,0,0,2,1,1,100,0,0,0,0,0,0,0,0,0,1,0,0,0,0,0,100,100,0,0,0,208.3,-208.3,0,0,0,0,0,0,0,0,0,0,0,0,1,1,1,100,0,0,0,0,0,0,0,0,0,0
GO+ Peja,"J. Johnson, D. Berisha, M. Armstread, A. Herndon, C. Edwards",1,71,2,1,2,50,0,0,0,0,0,0,0,1,1,1,0,0,0,0,1,81.1,64.9,97.4,37.0,24.7,50,50,100,0,100,0,0,0,104.2,2,1,3,33.3,0,1,0,0,0,0,0,1,1,1,0,0,0,0,2,33.3,33.3,0,0,33.3,69.4,34.7,1,1,100,1,0,0,0,0,0,0,0,0,0,1,1,100,1,0,0,1,0,0,0,0,0,0
GO+Peja,"S. Llapi, S. Flatten, A. Herndon, O. Williams, A. Hajdari",1,57,4,2,2,100,0,0,0,0,0,0,0,2,2,2,0,0,0,1,1,80.8,80.8,80.8,29.7,29.7,100,100,100,0,100,0,0,0,208.3,0,0,2,0,0,1,0,0,0,0,0,0,0,0,0,0,0,0,1,0,0,0,0,50,0,208.3,2,2,100,0,0,0,0,0,0,0,0,0,0,0,0,0,1,0,0,1,0,0,0,0,0,0
GO+Peja,"S. Llapi, J. Johnson, F. Shoshaj, A. Herndon, C. Edwards",1,107,3,1,2,50,1,1,100,0,0,0,0,1,1,0,0,0,0,0,1,53.8,43.1,64.6,55.7,37.2,75,75,0,0,100,0,0,50,156.2,4,2,3,66.7,0,1,0,0,0,0,0,1,1,1,0,0,0,0,2,66.7,66.7,0,0,33.3,138.9,17.4,0,0,0,1,0,0,1,1,100,0,0,0,0,2,2,100,0,0,0,1,0,0,0,0,0,0
GO+Peja,"S. Llapi, J. Johnson, F. Shoshaj, M. Mala, C. Edwards",1,102,0,0,2,0,0,1,0,0,0,0,0,2,2,0,0,1,0,1,1,55.1,45.2,65.1,53.1,36.9,0,0,0,0,50,0,0,50,0,4,1,4,25,1,3,33.3,1,2,50,2,2,4,0,0,0,0,0,2,37.5,41,0,50,75,144.7,-144.7,1,0,0,0,0,0,1,0,0,0,0,0,0,1,0,0,0,0,0,3,1,33.3,0,0,0,0
GO+Peja,"S. Llapi, C. Williams, O. Sallabegolli, M. Mala, S. Nila",1,34,4,2,3,66.7,0,0,0,0,0,0,1,1,2,0,0,0,0,1,1,101.6,135.5,67.8,17.7,35.4,66.7,66.7,0,100,100,0,0,0,208.3,0,0,1,0,0,1,0,0,0,0,0,0,0,0,0,1,0,0,0,0,0,0,0,100,0,208.3,3,2,66.7,0,0,0,0,0,0,0,0,0,0,0,0,0,0,0,0,1,0,0,0,0,0,0
GO+Peja,"S. Llapi, C. Williams, D. Davis, D. Bracey, A. Hajdari",1,87,0,0,2,0,0,1,0,0,0,0,0,0,0,0,1,0,0,0,1,66.2,53,79.4,45.3,30.2,0,0,0,0,0,0,0,50,0,2,1,1,100,0,0,0,0,0,0,0,2,2,0,0,0,2,1,2,100,100,66.7,0,0,69.4,-69.4,0,0,0,1,0,0,1,0,0,0,0,0,0,1,1,100,0,0,0,0,0,0,2,0,0,0
GO+Peja,"S. Llapi, F. Shoshaj, L. Routt, O. Williams, A. Hajdari",1,54,0,0,0,0,0,0,0,0,0,0,0,2,2,0,0,0,2,0,1,73.4,85.3,61.4,28.1,39.1,0,0,0,0,100,100,0,0,0,0,0,1,0,0,1,0,0,1,0,0,0,0,0,1,0,0,0,1,0,0,0,0,100,0,0,0,0,0,0,0,0,0,0,0,1,1,0,0,0,0,0,0,0,0,1,0,0,0,0,0,0
GO+Peja,"S. Llapi, L. Routt, M. Mala, C. Edwards, O. Williams",1,48,4,1,1,100,0,0,0,2,2,100,0,1,1,0,0,0,0,1,1,69.1,90.2,48,26.6,50.0,100,106.4,0,0,100,0,200,0,221.6,0,0,1,0,0,1,0,0,0,0,0,0,0,0,0,0,0,0,0,0,0,0,0,100,0,221.6,1,1,100,0,0,0,0,0,0,0,0,0,0,0,0,0,0,0,0,1,0,0,0,0,0,0
GO+Peja,"S. Llapi, M. Mala, T. Green, S. Nila, A. Hajdari",1,75,3,1,2,50,1,1,100,0,0,0,0,1,1,1,0,0,0,0,1,76.8,61.4,92.2,39.1,26.0,75,75,100,0,50,0,0,50,156.2,4,2,4,50,0,0,0,0,0,0,1,1,2,1,0,0,0,0,2,50,50,0,50,0,138.9,17.4,1,0,0,0,0,0,1,1,100,0,0,0,0,4,2,50,0,0,0,0,0,0,0,0,0,0
GO+Peja,"S. Llapi, M. Mala, T. Green, C. Edwards, A. Hajdari",2,97,4,1,2,50,0,1,0,2,2,100,1,1,2,1,0,0,0,1,1,58,44.7,71.3,53.7,33.7,50,69.4,100,100,100,0,100,50,221.6,3,1,2,50,1,2,50,0,0,0,0,0,0,1,0,0,1,1,2,75,75,33.3,0,100,104.2,117.5,1,1,100,0,0,0,1,0,0,0,0,0,0,0,0,0,0,0,0,2,1,50,1,0,0,0
GO+Peja,"S. Flatten, D. Berisha, M. Armstead, A. Herndon, T. Green",1,60,0,0,1,0,0,1,0,0,0,0,0,1,1,0,0,0,1,0,1,76.8,76.8,76.8,31.2,31.2,0,0,0,0,100,50,0,100,0,2,1,2,50,0,1,0,0,0,0,0,1,1,1,1,0,0,0,1,50,50,0,0,50,104.2,-104.2,0,0,0,0,0,0,1,0,0,1,0,0,0,1,1,100,0,0,0,1,0,0,0,0,0,0
GO+Peja,"S. Flatten, D. Berisha, M. Armstead, C. Edwards, A. Hajdari",1,59,0,0,0,0,0,0,0,0,0,0,0,1,1,0,1,0,2,2,1,86.7,78.1,95.3,30.7,25.2,0,0,0,0,100,100,0,0,0,2,1,1,100,0,0,0,0,1,0,0,0,0,0,1,0,1,0,2,100,69.4,41,0,0,85.4,-85.4,0,0,0,0,0,0,0,0,0,1,0,0,1,1,1,100,0,0,0,0,0,0,1,0,0,0
GO+Peja,"S. Flatten, M. Armstead, M. Mala, C. Edwards, A. Hajdari",1,95,0,0,2,0,0,1,0,0,0,0,0,1,1,0,1,0,0,1,1,60.6,48.5,72.8,49.5,33.0,0,0,0,0,100,0,0,50,0,2,1,2,50,0,1,0,0,0,0,0,2,2,0,0,0,1,2,2,50,50,33.3,0,50,69.4,-69.4,0,0,0,1,0,0,1,0,0,0,0,0,0,1,1,100,0,0,0,1,0,0,1,0,0,0
GO+Peja,"S. Flatten, O. Sallabegolli, E. Hasanaj, S. Nila, C. Edwards",1,36,0,0,1,0,0,1,0,0,0,0,0,0,0,0,0,0,1,0,1,96,128,64,18.8,37.5,0,0,0,0,0,50,0,100,0,2,1,1,100,0,0,0,0,0,0,0,1,1,0,1,0,0,0,0,100,100,0,0,0,208.3,-208.3,0,0,0,0,0,0,1,0,0,0,1,0,0,1,1,100,0,0,0,0,0,0,0,0,0,0
GO+Peja,"J. Johnson, D. Ademaj, M. Mala, C. Edwards, A. Hajdari",1,60,2,0,1,0,0,1,0,2,2,100,0,0,0,1,0,0,0,1,1,72.2,72.2,72.2,33.2,33.2,0,53.2,0,0,0,0,200,100,110.8,4,1,1,100,0,0,0,2,2,100,0,1,1,0,0,0,0,0,1,100,106.4,0,0,0,221.6,-110.8,0,0,0,0,0,0,1,0,0,0,0,0,0,1,1,100,0,0,0,0,0,0,0,0,0,0
GO+Peja,"J. Johnson, F. Shoshaj, A. Herndon, M. Mala, O. Williams",1,61,0,0,2,0,0,2,0,0,0,0,0,2,2,0,0,0,0,1,1,75.5,75.5,75.5,31.8,31.8,0,0,0,0,66.7,0,0,100,0,0,0,3,0,0,2,0,0,0,0,1,2,3,0,0,0,0,1,1,0,0,0,33.3,66.7,0,0,0,0,0,0,0,0,2,0,0,0,0,0,0,1,0,0,0,0,0,2,0,0,0,0,0,0
GO+Peja,"J. Johnson, F. Shoshaj, M. Mala, T. Green, C. Edwards",1,53,0,0,1,0,0,0,0,0,0,0,0,0,0,0,1,0,1,0,1,65.2,86.9,43.5,27.6,55.2,0,0,0,0,0,50,0,0,0,0,0,0,0,0,0,0,0,0,0,0,1,1,0,0,0,1,1,0,0,0,100,0,0,0,0,1,0,0,0,0,0,0,0,0,1,0,0,0,0,0,0,0,0,0,0,0,0,1,0,0,0
GO+Peja,"F. Shoshaj, L. Routt, D. Davis, M. Mala, D. Bracey",2,65,3,1,2,50,0,1,0,1,1,100,1,1,2,0,0,1,0,0,1,78.7,51,106.3,47.0,22.6,50,61.5,0,100,100,0,50,50,217,2,1,2,50,0,0,0,0,0,0,0,0,0,1,0,0,1,4,2,50,50,33.3,0,0,69.4,147.6,1,1,100,0,0,0,1,0,0,0,0,0,0,2,1,50,0,0,0,0,0,0,0,0,1,0
GO+Peja,"F. Shoshaj, L. Routt, M. Mala, T. Green, A. Hajdari",1,51,2,1,1,100,0,0,0,0,2,0,0,1,1,0,0,0,0,0,1,97.6,84.9,110.2,28.3,21.8,100,53.2,0,0,100,0,200,0,110.8,1,0,2,0,0,2,0,1,1,100,0,1,1,0,0,0,0,1,2,0,20.5,0,0,100,42.7,68.1,1,1,100,0,0,0,0,0,0,0,0,0,0,0,0,0,0,0,0,2,0,0,0,0,0,0
GO+Peja,"F. Shoshaj, L. Routt, T. Green, C. Edwards, A. Hajdari",1,46,0,0,0,0,0,0,0,0,0,0,0,0,0,0,0,0,2,0,1,100.2,100.2,100.2,24.0,24.0,0,0,0,0,0,100,0,0,0,4,2,2,100,0,0,0,0,0,0,0,0,0,1,1,0,0,0,1,100,100,0,0,0,208.3,-208.3,0,0,0,0,0,0,0,0,0,1,0,0,1,2,2,100,0,0,0,0,0,0,0,0,0,0
GO+Peja,"F. Shoshaj, L. Routt, D. Bracey, C. Edwards, A. Hajdari",1,40,0,0,2,0,0,2,0,0,1,0,1,1,2,0,0,0,0,1,1,66.8,82.9,50.7,28.9,47.3,0,0,0,50,50,0,50,100,0,0,0,1,0,0,0,0,0,2,0,1,1,2,0,0,0,0,0,0,0,0,0,50,0,0,0,0,0,0,0,0,0,2,0,0,0,0,0,0,1,0,0,0,0,0,0,0,0,0,0,0,0
GO+Peja,"F. Shoshaj, A. Herndon, S. Nila, C. Edwards, O. Williams",1,49,0,0,1,0,0,1,0,0,0,0,0,0,0,0,0,0,1,0,1,70.5,94,47,25.5,51.0,0,0,0,0,0,50,0,100,0,2,1,1,100,0,0,0,0,0,0,0,1,1,1,1,0,0,1,0,100,100,0,0,0,208.3,-208.3,0,0,0,0,0,0,1,0,0,1,0,0,0,1,1,100,0,0,0,0,0,0,0,0,0,0
Golden Eagle Ylli,"J. Gray, B. Huffman, E. Kastrati, D. Conger, G. Morina",1,55,3,1,1,100,1,1,100,0,0,0,0,1,1,1,0,0,1,1,1,83.8,83.8,83.8,28.6,28.6,150,150,100,0,100,33.3,0,100,156.2,3,1,2,50,1,1,100,0,0,0,0,0,0,1,1,0,0,0,1,75,75,0,0,50,156.2,0,0,0,0,0,0,0,1,1,100,0,1,0,0,0,0,0,1,0,0,1,1,100,0,0,0,0
Golden Eagle Ylli,"L. Shoshi, A. Çallakaj, L. Thomas, T. Allen, E. Kastrati",1,44,4,1,1,100,1,1,100,1,1,100,0,0,0,0,0,0,0,0,1,63.9,75.4,52.4,31.8,45.8,150,138.9,0,0,0,0,100,100,289.4,2,1,1,100,0,0,0,0,0,0,0,0,0,0,0,0,0,2,0,100,100,0,0,0,208.3,81,0,0,0,0,0,0,1,1,100,0,0,0,0,1,1,100,0,0,0,0,0,0,0,0,0,0
Golden Eagle Ylli,"A. Çallakaj, D. Sabeckis, J. Reece, T. Allen, E. Kastrati",1,104,0,0,2,0,0,2,0,0,0,0,0,1,1,0,0,0,0,0,1,55.4,44.3,66.5,54.2,36.1,0,0,0,0,33.3,0,0,100,0,4,2,5,40,0,1,0,0,0,0,2,2,4,0,0,0,0,1,2,40,40,0,66.7,20,138.9,-138.9,0,0,0,0,0,0,2,0,0,0,0,0,0,3,2,66.7,1,0,0,1,0,0,0,0,0,0
Golden Eagle Ylli,"A. Çallakaj, D. Sabeckis, T. Allen, E. Kastrati, A. Gashi",1,33,2,1,2,50,0,0,0,0,0,0,0,1,1,1,0,0,0,0,1,104.7,139.6,69.8,17.2,34.4,50,50,100,0,100,0,0,0,104.2,0,0,1,0,0,1,0,0,0,0,0,1,1,0,0,0,0,1,0,0,0,0,0,100,0,104.2,1,1,100,1,0,0,0,0,0,0,0,0,0,0,0,0,0,0,0,1,0,0,0,0,0,0
Golden Eagle Ylli,"A. Çallakaj, D. Sabeckis, E. Kastrati, A. Gashi, G. Morina",1,62,2,1,2,50,0,0,0,0,0,0,1,0,1,0,0,0,1,0,1,74.3,74.3,74.3,32.3,32.3,50,50,0,100,0,33.3,0,0,104.2,5,2,3,66.7,1,2,50,0,0,0,1,0,1,1,1,0,0,1,1,83.3,83.3,0,100,66.7,260.4,-156.2,2,1,50,0,0,0,0,0,0,1,0,0,0,1,1,100,0,0,0,2,1,50,0,0,0,0
Golden Eagle Ylli,"A. Çallakaj, B. Huffman, L. Thomas, D. Conger, G. Morina",1,59,0,0,1,0,0,0,0,0,0,0,0,1,1,0,0,0,1,0,1,78.1,78.1,78.1,30.7,30.7,0,0,0,0,33.3,50,0,0,0,2,1,4,25,0,1,0,0,0,0,2,1,3,0,1,0,0,1,1,25,25,0,66.7,25,104.2,-104.2,1,0,0,0,0,0,0,0,0,0,1,0,0,2,1,50,1,0,0,1,0,0,0,0,0,0
Golden Eagle Ylli,"A. Çallakaj, B. Huffman, T. Allen, E. Kastrati, D. Conger",1,47,3,1,1,100,0,0,0,1,1,100,0,0,0,1,0,0,0,1,1,95.1,70.6,119.6,34.0,20.1,100,104.2,100,0,0,0,100,0,217,5,2,2,100,0,0,0,1,1,100,0,0,0,0,0,0,0,1,2,100,102.5,0,0,0,213.5,3.6,1,1,100,0,0,0,0,0,0,0,0,0,0,0,0,0,2,2,100,0,0,0,0,0,0,0
Golden Eagle Ylli,"A. Çallakaj, J. Reece, T. Allen, B. Pass, A. Shala",1,79,0,0,0,0,0,0,0,0,0,0,0,0,0,0,1,0,2,1,1,71.2,58.3,84,41.1,28.6,0,0,0,0,0,100,0,0,0,3,1,2,50,0,1,0,1,2,50,1,0,1,1,2,0,1,0,2,50,52.1,25.8,100,50,108.5,-108.5,0,0,0,0,0,0,0,0,0,2,0,0,0,0,0,0,1,1,100,1,0,0,1,0,0,0
Golden Eagle Ylli,"A. Çallakaj, T. Allen, B. Pass, A. Gashi, G. Morina",1,34,0,0,0,0,0,0,0,0,0,0,0,2,2,0,0,1,2,1,1,131.5,135.5,127.4,17.7,18.8,0,0,0,0,50,100,0,0,0,0,0,3,0,0,1,0,0,2,0,2,0,2,0,2,0,0,0,1,0,0,0,50,33.3,0,0,0,0,0,0,0,0,0,0,0,2,0,0,0,2,0,0,0,0,0,1,0,0,0,0,0,0
Golden Eagle Ylli,"D. Sabeckis, B. Huffman, E. Kastrati, B. Pass, G. Morina",1,91,2,1,2,50,0,1,0,0,0,0,0,1,1,1,0,0,0,1,1,78.5,50.6,106.3,47.4,22.6,50,50,100,0,50,0,0,50,104.2,6,1,3,33.3,0,1,0,4,5,80,1,1,2,1,0,0,0,0,4,33.3,57.7,0,50,33.3,148.8,-44.6,1,1,100,0,0,0,1,0,0,0,0,0,0,1,1,100,1,0,0,1,0,0,0,0,0,0
Golden Eagle Ylli,"D. Sabeckis, S. Bamforth, T. Allen, E. Kastrati, G. Morina",1,76,2,1,2,50,0,0,0,0,0,0,0,0,0,1,0,0,0,0,1,60.6,60.6,60.6,39.6,39.6,50,50,100,0,0,0,0,0,104.2,6,2,2,100,2,2,100,0,0,0,0,1,1,2,0,0,0,1,1,150,150,0,0,100,312.5,-208.3,2,1,50,0,0,0,0,0,0,0,0,0,0,0,0,0,0,0,0,2,2,100,0,0,0,0
Golden Eagle Ylli,"D. Sabeckis, S. Bamforth, E. Kastrati, A. Gashi, G. Morina",1,15,3,0,0,0,0,0,0,3,4,75,0,0,0,0,0,0,0,0,1,212,270.3,153.6,8.9,15.6,0,85.2,0,0,0,0,0,0,177.6,3,1,1,100,1,1,100,0,0,0,0,0,0,0,0,0,0,1,0,150,150,0,0,100,312.5,-134.9,0,0,0,0,0,0,0,0,0,0,0,0,0,0,0,0,0,0,0,1,1,100,0,0,0,0
Golden Eagle Ylli,"D. Sabeckis, S. Bamforth, E. Kastrati, G. Morina, A. Shala",1,29,1,0,0,0,0,0,0,1,2,50,0,0,0,0,0,0,1,0,1,193.9,149.4,238.3,16.1,10.1,0,56.8,0,0,0,53.2,0,0,55.4,7,3,3,100,1,1,100,0,0,0,0,0,0,2,1,0,0,1,2,116.7,116.7,0,0,33.3,243.1,-187.6,0,0,0,0,0,0,0,0,0,1,0,0,0,2,2,100,0,0,0,1,1,100,0,0,0,0
Golden Eagle Ylli,"B. Huffman, J. Reece, T. Allen, E. Kastrati, A. Gashi",1,68,0,0,2,0,0,1,0,0,0,0,0,1,1,0,0,0,0,1,1,58.3,67.8,48.8,35.4,49.2,0,0,0,0,100,0,0,50,0,1,0,1,0,0,1,0,1,1,100,0,2,2,0,0,0,0,0,1,0,34.7,0,0,100,72.3,-72.3,1,0,0,0,0,0,1,0,0,0,0,0,0,0,0,0,0,0,0,1,0,0,0,0,0,0
Golden Eagle Ylli,"B. Huffman, J. Reece, E. Kastrati, B. Pass, A. Gashi",1,93,3,1,1,100,0,0,0,1,2,50,0,0,0,2,1,0,0,3,1,46.6,46.6,46.6,51.5,51.5,100,79.8,200,0,0,0,200,0,166.2,2,0,4,0,0,0,0,2,2,100,4,0,4,0,0,0,1,1,1,0,20.5,17,100,0,110.8,55.4,1,1,100,0,0,0,0,0,0,0,0,0,0,1,0,0,3,0,0,0,0,0,1,0,0,0
Golden Eagle Ylli,"J. Reece, T. Allen, E. Kastrati, B. Pass, A. Gashi",1,48,3,1,1,100,0,0,0,1,2,50,0,2,2,2,0,0,0,0,1,90.2,90.2,90.2,26.6,26.6,100,79.8,200,0,100,0,200,0,166.2,1,0,1,0,0,0,0,1,2,50,0,0,0,1,0,0,0,1,1,0,26.6,0,0,0,55.4,110.8,1,1,100,0,0,0,0,0,0,0,0,0,0,0,0,0,1,0,0,0,0,0,0,0,0,0
Peja,"S. Llapi, D. Morris, T. Green, C. Edwards, A. Hajdari",1,52,2,0,0,0,0,0,0,2,2,100,0,1,1,0,0,0,1,0,1,63.8,83.3,44.3,28.8,54.2,0,113.6,0,0,100,53.2,0,0,110.8,0,0,1,0,0,0,0,0,0,0,0,0,0,0,0,0,0,0,0,0,0,0,0,0,0,110.8,0,0,0,0,0,0,0,0,0,0,0,1,0,0,0,0,1,0,0,0,0,0,0,0,0,0
Peja,"S. Flatten, D. Morris, M. Mala, C. Edwards, A. Hajdari",1,67,3,1,1,100,1,1,100,0,0,0,0,1,1,1,0,0,1,2,1,51.6,68.8,34.4,34.9,69.8,150,150,100,0,100,33.3,0,100,156.2,0,0,1,0,0,1,0,0,0,0,0,0,0,0,0,0,0,0,0,0,0,0,0,100,0,156.2,0,0,0,0,0,0,1,1,100,0,0,0,1,0,0,0,0,0,0,1,0,0,0,0,0,0
Rahoveci 029,"J. Johnson, K. Pullian, V. Ejupi, A. Berisha, N. Mcloud",1,34,2,1,3,33.3,0,0,0,0,1,0,2,1,3,0,0,0,0,0,1,63.7,97.6,29.8,24.6,80.5,33.3,29.1,0,66.7,100,0,33.3,0,144.7,0,0,0,0,0,0,0,0,1,0,0,1,1,0,0,0,0,1,0,0,0,0,0,0,0,144.7,3,1,33.3,0,0,0,0,0,0,0,0,0,0,0,0,0,0,0,0,0,0,0,0,0,0,0
Rahoveci 029,"J. Johnson, H. Durguti, E. Peci, K. Ujkani, I. Umipig",1,61,4,1,3,33.3,1,2,50,1,2,50,2,1,3,0,0,0,0,0,1,71,71,71,33.8,33.8,50,51.5,0,66.7,100,0,66.7,66.7,221.6,2,0,1,0,0,1,0,2,2,100,0,1,1,0,0,0,0,1,1,0,53.2,0,0,100,110.8,110.8,0,0,0,1,0,0,2,1,50,0,0,0,0,0,0,0,0,0,0,1,0,0,0,0,0,0
Rahoveci 029,"J. Johnson, V. Ejupi, K. Ujkani, E. Haxhimurati, I. Umipig",1,46,2,1,2,50,0,0,0,0,0,0,0,1,1,0,0,0,0,1,1,136.2,100.2,172.3,24.0,13.9,50,50,0,0,100,0,0,0,104.2,2,1,1,100,0,0,0,0,1,0,0,1,1,0,0,0,2,1,3,100,69.4,58.1,0,0,60.6,43.6,2,1,50,0,0,0,0,0,0,0,0,0,0,1,1,100,0,0,0,0,0,0,0,0,0,1
Rahoveci 029,"J. Johnson, E. Peci, E. Haxhimurati, B. Rexha, I. Umipig",1,33,3,1,3,33.3,1,2,50,0,0,0,1,0,1,0,0,0,0,0,1,104.7,139.6,69.8,17.2,34.4,50,50,0,50,0,0,0,66.7,156.2,2,1,1,100,0,0,0,0,0,0,0,1,1,1,0,0,0,0,0,100,100,0,0,0,208.3,-52.1,0,0,0,1,0,0,2,1,50,0,0,0,0,1,1,100,0,0,0,0,0,0,0,0,0,0
Rahoveci 029,"K. Pullian, H. Durguti, V. Ejupi, K. Ujkani, B. Rexha",1,85,2,0,2,0,0,0,0,2,2,100,1,0,1,1,0,0,0,1,1,64.5,51,78.1,47.1,30.7,0,34.7,0,50,0,0,100,0,110.8,5,2,2,100,0,0,0,1,2,50,0,1,1,1,0,0,0,2,2,100,86.8,0,0,0,180.8,-70,0,0,0,2,0,0,0,0,0,0,0,0,0,2,2,100,0,0,0,0,0,0,0,0,0,0
Rahoveci 029,"K. Pullian, H. Durguti, V. Ejupi, E. Haxhimurati, F. Rugova",1,70,0,0,2,0,0,1,0,0,0,0,0,0,0,0,0,0,0,1,1,106,65.8,146.1,36.5,16.4,0,0,0,0,0,0,0,50,0,5,2,3,66.7,0,0,0,1,1,100,1,2,3,0,0,0,2,1,4,66.7,72.7,36.8,100,0,117.3,-117.3,1,0,0,0,0,0,1,0,0,0,0,0,0,3,2,66.7,0,0,0,0,0,0,0,0,0,1
Rahoveci 029,"K. Pullian, H. Durguti, K. Ujkani, J. Johnson, F. Rugova",1,22,0,0,1,0,0,1,0,0,0,0,0,2,2,0,0,0,1,0,1,261.8,209.5,314.2,11.5,7.6,0,0,0,0,100,50,0,100,0,2,1,3,33.3,0,2,0,0,0,0,0,1,1,1,1,0,0,0,2,33.3,33.3,0,0,66.7,69.4,-69.4,0,0,0,0,0,0,1,0,0,1,0,0,0,0,0,0,1,1,100,2,0,0,0,0,0,0
Rahoveci 029,"K. Pullian, H. Durguti, N. Mcloud, F. Rugova, I. Umipig",1,50,2,1,2,50,0,0,0,0,0,0,0,1,1,0,0,0,0,1,1,99.5,92.2,106.9,26.0,22.4,50,50,0,0,100,0,0,0,104.2,3,0,1,0,0,0,0,3,3,100,0,1,1,0,0,0,0,1,2,0,64.7,0,0,0,134.7,-30.5,2,1,50,0,0,0,0,0,0,0,0,0,0,1,0,0,0,0,0,0,0,0,0,0,0,0
Rahoveci 029,"K. Pullian, V. Ejupi, K. Ujkani, J. Johnson, A. Thomas",1,101,0,0,2,0,0,2,0,0,0,0,0,0,0,0,1,0,0,0,1,57,45.6,68.4,52.6,35.1,0,0,0,0,0,0,0,100,0,2,1,2,50,0,1,0,0,0,0,1,2,3,0,0,0,2,1,2,50,50,50,100,50,69.4,-69.4,0,0,0,0,0,0,2,0,0,0,0,0,0,0,0,0,1,1,100,1,0,0,0,1,0,1
Rahoveci 029,"K. Pullian, V. Ejupi, K. Ujkani, A. Berisha, B. Rexha",1,90,0,0,3,0,0,2,0,0,0,0,1,1,2,0,0,0,0,0,1,56.8,51.2,62.5,46.9,38.4,0,0,0,33.3,100,0,0,66.7,0,3,1,2,50,0,1,0,1,1,100,0,2,2,0,0,0,0,0,2,50,61.5,0,0,50,128.1,-128.1,1,0,0,0,0,0,2,0,0,0,0,0,0,1,1,100,0,0,0,1,0,0,0,0,0,0
Rahoveci 029,"K. Pullian, V. Ejupi, K. Ujkani, F. Rugova, I. Umipig",1,74,2,1,2,50,0,0,0,0,0,0,0,0,0,1,0,0,0,3,1,76,62.3,89.7,38.5,26.8,50,50,100,0,0,0,0,0,104.2,6,2,2,100,0,0,0,2,2,100,0,1,1,2,0,0,0,0,2,100,104.2,0,0,0,217,-112.8,2,1,50,0,0,0,0,0,0,0,0,0,0,1,1,100,1,1,100,0,0,0,0,0,0,0
Rahoveci 029,"K. Pullian, V. Ejupi, A. Berisha, N. Mcloud, F. Rugova",1,47,2,1,2,50,0,1,0,0,0,0,0,1,1,0,0,0,0,0,1,98,98,98,24.5,24.5,50,50,0,0,100,0,0,50,104.2,2,1,2,50,0,1,0,0,0,0,0,1,1,1,0,0,0,0,1,50,50,0,0,50,104.2,0,0,0,0,1,1,100,1,0,0,0,0,0,0,0,0,0,1,1,100,1,0,0,0,0,0,0
Rahoveci 029,"K. Pullian, V. Ejupi, R. Granberry, B. Rexha, F. Rugova",1,88,0,0,0,0,0,0,0,0,0,0,0,0,0,0,0,0,2,1,1,65.5,52.4,78.5,45.8,30.6,0,0,0,0,0,100,0,0,0,4,2,2,100,0,0,0,0,0,0,0,0,0,2,2,0,1,0,2,100,100,33.3,0,0,138.9,-138.9,0,0,0,0,0,0,0,0,0,2,0,0,0,2,2,100,0,0,0,0,0,0,1,0,0,0
Rahoveci 029,"K. Pullian, V. Ejupi, B. Rexha, N. Mcloud, A. Thomas",2,79,0,0,3,0,0,2,0,0,0,0,2,0,2,0,0,0,1,2,1,82.2,58.3,106.2,41.1,22.6,0,0,0,66.7,0,25,0,66.7,0,7,1,1,100,0,0,0,5,6,83.3,0,1,1,2,1,1,0,1,3,100,96.2,0,0,0,200.3,-200.3,1,0,0,0,0,0,2,0,0,1,0,0,0,1,1,100,0,0,0,0,0,0,0,0,0,0
Rahoveci 029,"K. Pullian, J. Roche, K. Ujkani, J. Johnson, A. Berisha",1,38,2,1,1,100,0,0,0,0,0,0,0,1,1,0,0,0,1,0,1,90.9,121.3,60.6,19.8,39.6,100,100,0,0,100,50,0,0,104.2,0,0,1,0,0,0,0,0,0,0,0,0,0,0,1,0,0,0,0,0,0,0,0,0,0,104.2,1,1,100,0,0,0,0,0,0,1,0,0,0,1,0,0,0,0,0,0,0,0,0,0,0,0
Rahoveci 029,"K. Pullian, J. Roche, A. Berisha, B. Rexha, J. Mccorrmick",1,62,2,1,2,50,0,0,0,0,0,0,1,1,2,0,0,0,1,0,1,72.1,74.3,69.9,32.3,34.4,50,50,0,100,100,33.3,0,0,104.2,2,0,1,0,0,0,0,2,2,100,0,0,0,0,0,0,0,0,1,0,53.2,0,0,0,110.8,-6.6,2,1,50,0,0,0,0,0,0,0,1,0,0,0,0,0,1,0,0,0,0,0,0,0,0,0
Rahoveci 029,"K. Pullian, K. Ujkani, J. Johnson, A. Berisha, A. Thomas",2,87,2,1,2,50,0,0,0,0,0,0,0,1,1,1,0,0,0,3,1,83.7,53,114.4,45.3,21.0,50,50,100,0,100,0,0,0,104.2,8,2,3,66.7,1,2,50,3,3,100,0,1,1,1,0,0,0,0,4,83.3,92.6,0,0,66.7,192.9,-88.7,1,0,0,1,1,100,0,0,0,0,0,0,0,1,1,100,0,0,0,2,1,50,0,0,0,0
Rahoveci 029,"K. Pullian, K. Ujkani, R. Granberry, J. Mccorrmick, F. Rugova",1,72,1,0,1,0,0,0,0,1,2,50,0,0,0,0,0,1,0,0,1,62.1,60.2,64,39.9,37.5,0,26.6,0,0,0,0,200,0,55.4,3,1,2,50,1,2,50,0,0,0,1,1,2,1,0,0,1,1,1,75,75,33.3,100,100,156.2,-100.8,1,0,0,0,0,0,0,0,0,0,0,0,0,0,0,0,0,0,0,2,1,50,0,1,0,0
Rahoveci 029,"K. Pullian, K. Ujkani, B. Rexha, N. Mcloud, I. Umipig",1,97,2,0,3,0,0,1,0,2,2,100,2,0,2,0,1,0,0,1,1,46.1,44.7,47.5,53.7,50.5,0,25.8,0,66.7,0,0,66.7,33.3,110.8,2,1,2,50,0,1,0,0,0,0,1,1,2,1,0,0,1,1,1,50,50,33.3,100,50,104.2,6.6,1,0,0,1,0,0,1,0,0,0,0,0,0,1,1,100,0,0,0,1,0,0,1,0,0,0
Rahoveci 029,"K. Pullian, J. Johnson, A. Berisha, B. Rexha, A. Thomas",1,44,0,0,1,0,0,1,0,0,0,0,0,0,0,0,0,1,1,1,1,104.7,104.7,104.7,22.9,22.9,0,0,0,0,0,50,0,100,0,2,1,3,33.3,0,1,0,0,0,0,1,1,2,1,1,0,0,0,1,33.3,33.3,0,100,33.3,104.2,-104.2,0,0,0,0,0,0,1,0,0,1,0,0,0,2,1,50,0,0,0,0,0,0,0,0,0,0
Rahoveci 029,"K. Pullian, A. Berisha, E. Haxhimurati, F. Rugova, I. Umipig",1,76,1,0,1,0,0,1,0,1,2,50,1,2,3,0,0,0,1,1,1,57,57,57,42.1,42.1,0,26.6,0,100,100,34.7,200,100,55.4,1,0,1,0,0,0,0,1,2,50,0,0,0,1,0,0,0,1,1,0,26.6,0,0,0,55.4,0,0,0,0,0,0,0,1,0,0,0,0,0,1,0,0,0,1,0,0,0,0,0,0,0,0,0
Rahoveci 029,"K. Pullian, R. Granberry, B. Rexha, F. Rugova, I. Umipig",1,23,4,1,2,50,1,2,50,1,2,50,1,0,1,1,1,0,0,0,1,144.3,188.3,100.2,12.7,24.0,75,69.4,100,100,0,0,100,100,221.6,0,0,0,0,0,0,0,0,0,0,0,0,0,0,0,0,1,1,0,0,0,100,0,0,0,221.6,0,0,0,0,0,0,2,1,50,0,0,0,0,0,0,0,0,0,0,0,0,0,0,1,0,0
Rahoveci 029,"H. Durguti, V. Ejupi, K. Ujkani, A. Berisha, E. Haxhimurati",1,18,0,0,2,0,0,2,0,0,0,0,0,0,0,0,1,0,0,0,1,192,256,128,9.4,18.8,0,0,0,0,0,0,0,100,0,0,0,0,0,0,0,0,0,0,0,0,2,2,0,0,0,1,0,0,0,0,100,0,0,0,0,0,0,0,0,0,0,2,0,0,0,0,0,0,0,0,0,0,0,0,0,0,0,0,1,0,0
Rahoveci 029,"H. Durguti, J. Roche, B. Rexha, I. Umipig, A. Thomas",1,55,0,0,1,0,0,1,0,0,0,0,0,0,0,0,0,0,1,1,1,102.2,83.8,120.6,28.6,19.9,0,0,0,0,0,50,0,100,0,7,2,2,100,1,1,100,2,2,100,0,1,1,1,1,1,0,0,2,125,121.5,0,0,50,253.2,-253.2,0,0,0,0,0,0,1,0,0,1,0,0,0,0,0,0,1,1,100,1,1,100,0,0,0,0
Rahoveci 029,"H. Durguti, J. Johnson, F. Rugova, I. Umipig, A. Thomas",1,50,4,2,4,50,0,0,0,0,0,0,2,1,3,0,0,0,0,0,1,92.2,92.2,92.2,26.0,26.0,50,50,0,100,100,0,0,0,208.3,2,1,2,50,0,1,0,0,0,0,0,0,0,0,0,0,0,0,1,50,50,0,0,50,104.2,104.2,4,2,50,0,0,0,0,0,0,0,0,0,0,0,0,0,1,1,100,1,0,0,0,0,0,0
Rahoveci 029,"H. Durguti, R. Granberry, J. Mccorrmick, F. Rugova, A. Thomas",1,83,2,1,2,50,0,0,0,0,0,0,0,1,1,1,1,0,0,2,1,55.5,55.5,55.5,43.2,43.2,50,50,100,0,50,0,0,0,104.2,0,0,2,0,0,2,0,0,0,0,1,1,2,0,0,0,1,0,1,0,0,33.3,50,100,0,104.2,2,1,50,0,0,0,0,0,0,0,0,0,0,0,0,0,0,0,0,2,0,0,1,0,0,0
Rahoveci 029,"J. Roche, B. Rexha, F. Rugova, I. Umipig, A. Thomas",1,27,2,1,2,50,0,1,0,0,0,0,0,0,0,1,0,0,0,0,1,128,170.7,85.3,14.1,28.1,50,50,100,0,0,0,0,50,104.2,2,1,1,100,0,0,0,0,0,0,0,0,0,0,0,0,0,0,0,100,100,0,0,0,208.3,-104.2,1,1,100,0,0,0,1,0,0,0,0,0,0,0,0,0,1,1,100,0,0,0,0,0,0,0
Rahoveci 029,"E. Peci, K. Ujkani, B. Rexha, N. Mcloud, I. Umipig",1,55,3,1,2,50,1,1,100,0,0,0,1,0,1,1,0,0,1,2,1,81.3,83.8,78.8,28.6,30.5,75,75,100,100,0,25,0,50,156.2,4,1,1,100,0,0,0,2,2,100,0,0,0,0,0,1,0,0,1,100,106.4,0,0,0,221.6,-65.4,1,0,0,0,0,0,1,1,100,1,0,0,0,0,0,0,1,1,100,0,0,0,0,0,0,0
Rahoveci 029,"E. Peci, E. Haxhimurati, B. Rexha, F. Rugova, I. Umipig",1,120,0,0,3,0,0,2,0,0,0,0,1,2,3,0,0,0,0,1,1,46.8,38.4,55.3,62.5,43.4,0,0,0,33.3,100,0,0,66.7,0,3,1,2,50,1,2,50,0,2,0,0,2,2,1,0,0,0,1,2,75,52.1,0,0,100,108.5,-108.5,1,0,0,0,0,0,2,0,0,0,0,0,0,0,0,0,0,0,0,2,1,50,0,0,0,0
Rahoveci 029,"K. Ujkani, A. Berisha, R. Granberry, J. Mccorrmick, A. Thomas",1,48,2,1,2,50,0,0,0,0,0,0,0,0,0,0,0,0,0,0,1,72,96,48,25.0,50.0,50,50,0,0,0,0,0,0,104.2,3,1,1,100,1,1,100,0,0,0,0,1,1,0,0,0,0,1,0,150,150,0,0,100,312.5,-208.3,2,1,50,0,0,0,0,0,0,0,0,0,0,0,0,0,0,0,0,1,1,100,0,0,0,0
Sigal Prishtina,"A. Bailey, A. Azemi, G. Hoti, D. Burns, D. Polloshka",1,46,2,1,1,100,0,0,0,0,2,0,0,0,0,1,0,0,0,1,1,97.2,94.2,100.2,25.5,24.0,100,53.2,100,0,0,0,200,0,110.8,4,2,2,100,0,0,0,0,0,0,0,1,1,1,0,0,0,0,1,100,100,0,0,0,208.3,-97.5,1,1,100,0,0,0,0,0,0,0,0,0,0,1,1,100,0,0,0,0,0,0,0,0,0,0
Sigal Prishtina,"A. Bailey, A. Azemi, K. Kramer, B. Istrefi, D. Polloshka",1,83,2,1,3,33.3,0,0,0,0,0,0,1,2,3,1,1,0,0,0,1,81.6,55.5,107.7,43.2,22.3,33.3,33.3,100,50,100,0,0,0,104.2,2,0,2,0,0,1,0,2,2,100,0,1,1,0,0,1,1,0,3,0,34.7,25.8,0,50,53.7,50.5,2,1,50,1,0,0,0,0,0,0,0,0,0,0,0,0,1,0,0,1,0,0,0,1,0,0
Sigal Prishtina,"A. Bailey, A. Lomax, J. Ismajli, D. Polloshka, E. Clarance",1,59,2,0,1,0,0,1,0,2,2,100,0,1,1,1,0,0,0,1,1,64.8,73.4,56.2,32.7,42.7,0,53.2,0,0,100,0,200,100,110.8,0,0,1,0,0,0,0,0,1,0,0,1,1,0,0,0,0,1,1,0,0,0,0,0,0,110.8,0,0,0,0,0,0,1,0,0,0,0,0,0,0,0,0,1,0,0,0,0,0,0,0,0,0
Sigal Prishtina,"A. Bailey, D. Haxhosaj, A. Sinani, D. Burns, E. Clarance",1,57,3,1,1,100,1,1,100,0,0,0,0,0,0,1,0,0,1,1,1,107.5,80.8,134.2,29.7,17.9,150,150,100,0,0,33.3,0,100,156.2,4,1,2,50,0,0,0,2,3,66.7,1,0,1,0,1,0,1,0,3,50,60.2,23.1,100,0,125.5,30.7,0,0,0,0,0,0,1,1,100,1,0,0,0,1,1,100,1,0,0,0,0,0,0,0,0,1
Sigal Prishtina,"A. Azemi, D. Haxhosaj, G. Hoti, D. Burns, D. Williams",1,56,1,0,1,0,0,0,0,1,2,50,0,0,0,1,0,0,0,0,1,77.3,77.3,77.3,31.0,31.0,0,26.6,0,0,0,0,200,0,55.4,5,1,1,100,1,1,100,2,2,100,0,1,1,1,0,0,0,1,1,150,133,0,0,100,277,-221.6,1,0,0,0,0,0,0,0,0,0,0,0,0,0,0,0,0,0,0,1,1,100,0,0,0,0
Sigal Prishtina,"A. Azemi, D. Haxhosaj, D. Burns, K. Kramer, D. Polloshka",1,41,2,1,1,100,0,0,0,0,0,0,0,1,1,0,0,1,1,2,1,109,112.4,105.6,21.4,22.7,100,100,0,0,50,50,0,0,104.2,2,0,2,0,0,1,0,2,2,100,1,0,1,1,1,0,0,0,1,0,34.7,0,50,50,110.8,-6.6,1,1,100,0,0,0,0,0,0,1,0,0,0,1,0,0,0,0,0,1,0,0,0,0,0,0
Sigal Prishtina,"A. Azemi, G. Hoti, D. Williams, K. Kramer, D. Polloshka",1,30,4,1,1,100,1,1,100,1,2,50,0,0,0,2,1,0,0,0,1,110.6,144.4,76.8,16.6,31.2,150,106.4,200,0,0,0,200,100,221.6,0,0,0,0,0,0,0,0,0,0,0,0,0,0,0,0,1,1,0,0,0,100,0,0,0,221.6,0,0,0,0,0,0,1,1,100,0,0,0,0,0,0,0,0,0,0,0,0,0,1,0,0,0
Sigal Prishtina,"A. Lomax, D. Haxhosaj, K. Kramer, D. Polloshka, E. Clarance",1,63,0,0,1,0,0,1,0,0,0,0,1,1,2,0,0,0,2,0,1,81.2,73.1,89.2,32.8,26.9,0,0,0,100,100,66.7,0,100,0,4,2,2,100,0,0,0,0,1,0,0,0,0,2,2,0,0,1,2,100,82,0,0,0,170.8,-170.8,0,0,0,0,0,0,1,0,0,2,0,0,0,2,2,100,0,0,0,0,0,0,0,0,0,0
Sigal Prishtina,"A. Lomax, A. Sinani, J. Ismajli, K. Kramer, E. Clarance",1,50,0,0,1,0,0,1,0,0,0,0,0,1,1,0,0,0,1,3,1,99.5,92.2,106.9,26.0,22.4,0,0,0,0,100,50,0,100,0,3,0,1,0,0,1,0,3,3,100,0,1,1,1,1,0,0,1,2,0,64.7,0,0,100,134.7,-134.7,0,0,0,0,0,0,1,0,0,1,0,0,0,0,0,0,0,0,0,1,0,0,0,0,0,0
Sigal Prishtina,"A. Lomax, J. Ismajli, K. Kramer, V. Kakruki, E. Clarance",1,37,2,0,0,0,0,0,0,2,2,100,0,0,0,0,0,0,1,0,1,120.8,117.1,124.5,20.5,19.3,0,113.6,0,0,0,53.2,0,0,110.8,5,2,2,100,1,1,100,0,0,0,0,0,0,2,0,0,0,1,1,125,125,0,0,50,260.4,-149.6,0,0,0,0,0,0,0,0,0,1,0,0,0,0,0,0,1,1,100,1,1,100,0,0,0,0
Sigal Prishtina,"D. Haxhosaj, D. Burns, K. Kramer, D. Polloshka, T. Vissariou",1,95,2,1,1,100,0,0,0,0,0,0,0,0,0,1,0,0,1,1,1,48.5,48.5,48.5,49.5,49.5,100,100,100,0,0,33.3,0,0,104.2,4,2,3,66.7,0,1,0,0,0,0,1,0,1,0,0,0,0,0,1,66.7,66.7,0,100,33.3,208.3,-104.2,1,1,100,0,0,0,0,0,0,0,1,0,0,2,2,100,0,0,0,1,0,0,0,0,0,0
Sigal Prishtina,"G. Hoti, D. Burns, D. Williams, G. Hoti, K. Kramer",1,101,4,2,3,66.7,0,1,0,0,0,0,1,0,1,0,0,2,0,1,1,45.6,45.6,45.6,52.6,52.6,66.7,66.7,0,100,0,0,0,33.3,208.3,5,2,4,50,1,1,100,0,0,0,2,0,2,1,0,0,0,0,1,62.5,62.5,0,100,25,260.4,-52.1,0,0,0,2,2,100,1,0,0,0,0,0,0,3,1,33.3,0,0,0,1,1,100,0,0,0,0
Sigal Prishtina,"D. Burns, D. Williams, G. Hoti, D. Polloshka, V. Kakruki",1,43,0,0,2,0,0,0,0,0,0,0,0,1,1,0,0,0,0,0,1,80.4,107.2,53.6,22.4,44.8,0,0,0,0,100,0,0,0,0,0,0,1,0,0,0,0,0,0,0,0,2,2,0,0,1,0,0,0,0,0,0,0,0,0,0,1,0,0,1,0,0,0,0,0,0,0,0,0,1,0,0,0,0,0,0,0,0,0,0,0,0
Trepça,"A. Gashi, V. Haliti, M. Tmusic, D. Kapiti, B. Zekiqi",1,80,0,0,2,0,0,1,0,0,0,0,1,0,1,0,0,0,1,2,1,76.6,57.6,95.6,41.7,25.1,0,0,0,50,0,33.3,0,50,0,7,2,3,66.7,0,1,0,3,3,100,1,1,2,2,1,1,0,0,3,66.7,81,0,100,33.3,219.6,-219.6,1,0,0,0,0,0,1,0,0,1,0,0,0,2,2,100,0,0,0,1,0,0,0,0,0,0
Trepça,"A. Gashi, V. Haliti, J. Payne, D. Kapiti, A. Vining",1,30,2,1,1,100,0,0,0,0,0,0,0,1,1,0,0,0,1,0,1,153.6,153.6,153.6,15.6,15.6,100,100,0,0,100,50,0,0,104.2,2,1,2,50,0,1,0,0,0,0,0,0,0,1,1,0,0,0,1,50,50,0,0,50,104.2,0,0,0,0,1,1,100,0,0,0,1,0,0,0,1,1,100,0,0,0,1,0,0,0,0,0,0
Trepça,"A. Gashi, E. Asllani, M. Tmusic, M. Amzil, B. Zekiqi",1,48,0,0,1,0,0,0,0,0,0,0,0,0,0,0,0,0,1,2,1,114.2,96,132.5,25.0,18.1,0,0,0,0,0,50,0,0,0,6,1,1,100,1,1,100,3,4,75,0,1,1,2,1,0,0,0,2,150,108.7,0,0,100,226.4,-226.4,1,0,0,0,0,0,0,0,0,1,0,0,0,0,0,0,0,0,0,1,1,100,0,0,0,0
Trepça,"A. Gashi, M. Tmusic, D. Hajrizi, M. Amzil, B. Zekiqi",1,44,4,0,0,0,0,0,0,4,4,100,0,1,1,0,0,0,0,1,1,69.1,92.2,46.1,26.0,52.1,0,113.6,0,0,100,0,0,0,236.7,1,0,0,0,0,0,0,1,2,50,0,0,0,0,0,0,0,1,0,0,56.8,0,0,0,118.4,118.4,0,0,0,0,0,0,0,0,0,0,0,0,0,0,0,0,0,0,0,0,0,0,0,0,0,0
Trepça,"A. Gashi, D. Hajrizi, S. Jones, K. Hasbrouck, S. Henry",1,53,2,1,2,50,0,1,0,0,0,0,0,0,0,0,1,0,0,1,1,106.1,86.9,125.2,27.6,19.2,50,50,0,0,0,0,0,50,104.2,2,0,2,0,0,2,0,2,2,100,1,1,2,0,0,0,1,0,2,0,34.7,25.8,100,100,72.3,31.8,1,1,100,0,0,0,1,0,0,0,0,0,0,0,0,0,0,0,0,2,0,0,1,0,0,0
Trepça,"V. Haliti, M. Tmusic, J. Payne, D. Kapiti, A. Vining",1,95,0,0,3,0,0,1,0,0,0,0,1,0,1,0,1,0,0,0,1,48.5,48.5,48.5,49.5,49.5,0,0,0,33.3,0,0,0,33.3,0,3,1,2,50,1,2,50,0,0,0,1,2,3,1,0,0,1,0,1,75,75,33.3,100,100,156.2,-156.2,2,0,0,0,0,0,1,0,0,0,0,0,0,0,0,0,0,0,0,2,1,50,1,0,0,0
Trepça,"M. Tmusic, D. Hajrizi, M. Amzil, D. Kapiti, B. Tuna",1,80,2,1,4,25,0,0,0,0,0,0,3,1,4,1,0,0,1,0,1,57.6,57.6,57.6,41.7,41.7,25,25,100,100,100,16.7,0,0,104.2,2,1,2,50,0,0,0,0,0,0,0,0,0,0,1,0,0,0,1,50,50,0,0,0,104.2,0,3,0,0,1,1,100,0,0,0,1,0,0,0,1,1,100,1,0,0,0,0,0,0,0,0,0
Trepça,"M. Tmusic, D. Hajrizi, J. Payne, D. Kapiti, B. Zekiqi",1,81,3,1,1,100,1,1,100,0,0,0,0,2,2,1,0,0,1,1,1,56.9,56.9,56.9,42.2,42.2,150,150,100,0,66.7,33.3,0,100,156.2,0,0,3,0,0,1,0,0,0,0,1,0,1,0,0,0,0,0,1,0,0,0,33.3,33.3,0,156.2,0,0,0,0,0,0,1,1,100,0,1,0,0,2,0,0,0,0,0,1,0,0,0,0,0,0
Trepça,"M. Tmusic, D. Hajrizi, D. Kapiti, S. Henry, B. Tuna",1,72,3,1,1,100,1,1,100,0,0,0,0,0,0,1,0,0,1,0,1,64,64,64,37.5,37.5,150,150,100,0,0,33.3,0,100,156.2,4,2,2,100,0,0,0,0,0,0,0,0,0,1,0,0,0,0,1,100,100,0,0,0,208.3,-52.1,0,0,0,0,0,0,1,1,100,0,1,0,0,1,1,100,1,1,100,0,0,0,0,0,0,0
Trepça,"M. Tmusic, S. Jones, C. Brown, A. Vining, B. Tuna",1,74,3,1,4,25,1,2,50,0,0,0,2,2,4,1,0,0,0,2,1,77.8,62.3,93.4,38.5,25.7,37.5,37.5,100,66.7,100,0,0,50,156.2,2,1,3,33.3,0,0,0,0,0,0,0,1,1,0,0,0,0,0,2,33.3,33.3,0,0,0,69.4,86.8,2,0,0,0,0,0,2,1,50,0,0,0,0,2,1,50,1,0,0,0,0,0,0,0,0,0
Trepça,"M. Tmusic, S. Jones, M. Amzil, J. Payne, B. Tuna",1,57,4,2,2,100,0,0,0,0,0,0,0,1,1,1,1,0,0,1,1,80.8,80.8,80.8,29.7,29.7,100,100,50,0,100,0,0,0,208.3,0,0,1,0,0,1,0,0,0,0,0,0,0,0,0,0,1,0,1,0,0,50,0,100,0,208.3,1,1,100,1,1,100,0,0,0,0,0,0,0,0,0,0,0,0,0,1,0,0,0,1,0,0
Trepça,"M. Tmusic, S. Jones, J. Payne, D. Kapiti, K. Hasbrouck",1,52,1,0,1,0,0,1,0,1,1,100,0,1,1,0,0,0,0,0,1,63.8,63.8,63.8,37.6,37.6,0,34.7,0,0,100,0,100,100,72.3,1,0,1,0,0,1,0,1,1,100,0,1,1,0,0,0,0,1,1,0,34.7,0,0,100,72.3,0,0,0,0,0,0,0,1,0,0,0,0,0,0,0,0,0,0,0,0,1,0,0,0,0,0,0
Trepça,"D. Hajrizi, S. Jones, M. Amzil, A. Vining, K. Hasbrouck",1,53,3,1,2,50,1,2,50,0,0,0,0,1,1,1,0,0,0,1,1,65.2,86.9,43.5,27.6,55.2,75,75,100,0,50,0,0,100,156.2,0,0,2,0,0,1,0,0,0,0,1,1,2,0,0,0,0,1,0,0,0,0,50,50,0,156.2,0,0,0,0,0,0,2,1,50,0,0,0,0,1,0,0,0,0,0,1,0,0,0,0,0,0
Trepça,"D. Hajrizi, C. Brown, M. Amzil, A. Vining, B. Tuna",1,38,2,1,2,50,0,1,0,0,0,0,1,0,1,0,0,0,1,1,1,114,121.3,106.7,19.8,22.5,50,50,0,100,0,33.3,0,50,104.2,4,0,0,0,0,0,0,4,4,100,0,0,0,0,0,0,0,0,1,0,113.6,0,0,0,236.7,-132.6,1,1,100,0,0,0,1,0,0,0,0,0,1,0,0,0,0,0,0,0,0,0,0,0,0,0
Trepça,"D. Hajrizi, C. Brown, A. Vining, S. Henry, B. Tuna",1,42,1,0,1,0,0,0,0,1,2,50,0,0,0,1,0,0,0,1,1,79,103.1,54.9,23.3,43.8,0,26.6,0,0,0,0,200,0,55.4,2,1,1,100,0,0,0,0,0,0,0,1,1,0,0,0,0,0,0,100,100,0,0,0,208.3,-152.9,0,0,0,1,0,0,0,0,0,0,0,0,0,1,1,100,0,0,0,0,0,0,0,0,0,0
Trepça,"D. Hajrizi, J. Payne, D. Kapiti, A. Vining, K. Hasbrouck",1,45,3,0,0,0,0,0,0,3,4,75,0,1,1,1,0,0,0,2,1,70.7,90.1,51.2,26.6,46.9,0,85.2,0,0,100,0,0,0,177.6,0,0,1,0,0,0,0,0,0,0,0,0,0,0,0,0,0,1,0,0,0,0,0,0,0,177.6,0,0,0,0,0,0,0,0,0,0,0,0,0,1,0,0,0,0,0,0,0,0,0,0,0,0
Trepça,"D. Hajrizi, J. Payne, D. Kapiti, K. Hasbrouck, B. Tuna",1,91,0,0,2,0,0,2,0,0,0,0,0,0,0,0,0,0,0,0,1,61.8,50.6,72.9,47.4,32.9,0,0,0,0,0,0,0,100,0,4,1,1,100,0,0,0,2,2,100,0,2,2,1,0,0,1,1,2,100,106.4,34.7,0,0,144.7,-144.7,0,0,0,0,0,0,2,0,0,0,0,0,0,1,1,100,0,0,0,0,0,0,0,0,0,1
Trepça,"C. Rusell, S. Jones, M. Amzil, J. Payne, B. Tuna",1,79,2,1,1,100,0,0,0,0,0,0,0,1,1,0,0,0,1,0,1,85.7,58.3,113.2,41.1,21.2,100,100,0,0,50,50,0,0,104.2,4,1,4,25,1,3,33.3,1,2,50,1,0,1,1,0,0,0,1,3,37.5,41,0,50,75,107.4,-3.2,0,0,0,1,1,100,0,0,0,0,1,0,0,1,0,0,0,0,0,3,1,33.3,0,0,0,0
Trepça,"S. Jones, J. Payne, D. Kapiti, A. Vining, B. Tuna",1,66,2,1,2,50,0,0,0,0,0,0,0,0,0,0,0,0,0,0,1,87.3,69.8,104.7,34.4,22.9,50,50,0,0,0,0,0,0,104.2,2,1,1,100,0,0,0,0,0,0,0,1,1,0,0,0,2,1,2,100,100,66.7,0,0,69.4,34.7,1,1,100,1,0,0,0,0,0,0,0,0,0,0,0,0,1,1,100,0,0,0,0,0,0,1
Trepça,"M. Amzil, J. Payne, D. Kapiti, K. Hasbrouck, B. Tuna",1,66,2,1,2,50,0,1,0,0,0,0,0,1,1,0,0,0,0,1,1,69.8,69.8,69.8,34.4,34.4,50,50,0,0,100,0,0,50,104.2,2,1,2,50,0,1,0,0,0,0,0,1,1,0,0,0,0,0,1,50,50,0,0,50,104.2,0,0,0,0,1,1,100,1,0,0,0,0,0,0,1,1,100,0,0,0,1,0,0,0,0,0,0
Vëllaznimi,"L. Nixha, Z. Reid, A. Bedra, S. Zekiqi, D. Dedushaj",1,45,0,0,2,0,0,1,0,0,0,0,0,0,0,0,0,0,0,1,1,76.8,102.4,51.2,23.4,46.9,0,0,0,0,0,0,0,50,0,2,1,1,100,0,0,0,0,0,0,0,2,2,1,0,0,0,0,0,100,100,0,0,0,208.3,-208.3,0,0,0,1,0,0,1,0,0,0,0,0,0,1,1,100,0,0,0,0,0,0,0,0,0,0
Vëllaznimi,"L. Nixha, Z. Reid, A. Bedra, S. Zekiqi, E. Cingu",1,43,3,1,1,100,1,1,100,0,0,0,0,0,0,1,0,0,1,1,1,107.2,107.2,107.2,22.4,22.4,150,150,100,0,0,33.3,0,100,156.2,4,2,2,100,0,0,0,0,0,0,0,0,0,1,1,0,0,0,1,100,100,0,0,0,208.3,-52.1,0,0,0,0,0,0,1,1,100,1,0,0,0,2,2,100,0,0,0,0,0,0,0,0,0,0
Vëllaznimi,"L. Nixha, Z. Reid, S. Zekiqi, E. Cingu, O. Dylazeka",1,53,0,0,2,0,0,1,0,0,0,0,0,0,0,0,0,0,0,0,1,106.1,86.9,125.2,27.6,19.2,0,0,0,0,0,0,0,50,0,5,2,3,66.7,0,1,0,1,2,50,1,2,3,1,0,0,0,0,2,66.7,64.4,0,100,33.3,180.8,-180.8,1,0,0,0,0,0,1,0,0,0,0,0,0,2,2,100,0,0,0,1,0,0,0,0,0,0
Vëllaznimi,"Z. Reid, Y. Anei, A. Koshi, L. Colimerio, A. Gordon",1,43,0,0,1,0,0,0,0,0,0,0,0,2,2,0,0,0,1,0,1,107.2,107.2,107.2,22.4,22.4,0,0,0,0,100,50,0,0,0,0,0,2,0,0,0,0,0,0,0,0,1,1,0,1,0,0,1,1,0,0,0,0,0,0,0,1,0,0,0,0,0,0,0,0,0,1,0,0,1,0,0,1,0,0,0,0,0,0,0,0,0
Vëllaznimi,"Z. Reid, A. Koshi, D. Dedushaj, T. Todd, J. Hellems",1,29,2,0,0,0,0,0,0,2,3,66.7,0,0,0,1,1,0,0,0,1,92.2,104.9,79.4,22.9,30.2,0,75.8,0,0,0,0,0,0,157.8,0,0,0,0,0,0,0,0,0,0,0,1,1,0,0,0,1,1,0,0,0,100,0,0,0,157.8,0,0,0,0,0,0,0,0,0,0,0,0,0,0,0,0,0,0,0,0,0,0,1,0,0,0
Vëllaznimi,"Z. Reid, A. Koshi, A. Gordon, A. Rushiti, T. Todd",1,58,2,1,2,50,0,0,0,0,0,0,1,3,4,0,0,1,1,0,1,99.3,79.4,119.2,30.2,20.1,50,50,0,100,100,33.3,0,0,104.2,0,0,3,0,0,2,0,0,0,0,0,0,0,0,1,0,0,1,2,0,0,0,0,66.7,0,104.2,2,1,50,0,0,0,0,0,0,1,0,0,0,1,0,0,0,0,0,2,0,0,0,0,0,0
Vëllaznimi,"Z. Reid, A. Bedra, L. Colimerio, A. Gordon, R. Dahsyla",1,64,2,1,1,100,0,0,0,0,2,0,0,1,1,0,1,0,0,1,1,87.8,67.7,108,35.5,22.2,100,53.2,0,0,50,0,200,0,110.8,0,0,3,0,0,1,0,0,0,0,1,1,2,0,0,0,1,1,2,0,0,25,50,33.3,0,110.8,1,1,100,0,0,0,0,0,0,0,0,0,0,1,0,0,1,0,0,1,0,0,1,0,0,0
Vëllaznimi,"Z. Reid, A. Bedra, A. Gordon, R. Dahsyla, E. Cingu",1,32,0,0,1,0,0,1,0,0,2,0,0,1,1,0,0,0,0,1,1,103.7,135.4,72,17.7,33.3,0,0,0,0,100,0,200,100,0,0,0,1,0,0,0,0,0,0,0,0,2,2,0,0,0,0,0,0,0,0,0,0,0,0,0,0,0,0,0,0,0,1,0,0,0,0,0,0,0,0,0,1,0,0,0,0,0,0,0,0,0
Vëllaznimi,"Z. Reid, S. Zekiqi, L. Colimerio, R. Dahsyla, J. Hellems",1,59,2,1,1,100,0,0,0,0,0,0,0,1,1,1,1,0,1,1,1,78.1,78.1,78.1,30.7,30.7,100,100,100,0,50,33.3,0,0,104.2,0,0,2,0,0,0,0,0,0,0,1,0,1,0,1,0,1,0,1,0,0,33.3,50,0,0,104.2,1,1,100,0,0,0,0,0,0,1,0,0,0,0,0,0,2,0,0,0,0,0,0,1,0,0
Vëllaznimi,"Z. Reid, L. Colimerio, A. Gordon, A. Rushiti, R. Dahsyla",1,79,2,1,2,50,0,0,0,0,0,0,0,2,2,1,0,0,0,1,1,79.3,58.3,100.3,41.1,23.9,50,50,100,0,100,0,0,0,104.2,4,2,3,66.7,0,0,0,0,1,0,0,1,1,0,0,0,0,1,3,66.7,58.1,0,0,0,121.1,-17,1,1,100,1,0,0,0,0,0,0,0,0,0,2,2,100,1,0,0,0,0,0,0,0,0,0
Vëllaznimi,"Z. Reid, A. Rushiti, R. Dahsyla, T. Todd, J. Hellems",1,84,2,0,1,0,0,0,0,2,2,100,0,1,1,0,0,0,0,1,1,53.2,51.6,54.9,46.5,43.8,0,53.2,0,0,100,0,200,0,110.8,3,1,2,50,1,2,50,0,0,0,0,1,1,1,0,0,0,1,1,75,75,0,0,100,156.2,-45.4,1,0,0,0,0,0,0,0,0,0,0,0,0,0,0,0,0,0,0,2,1,50,0,0,0,0
Vëllaznimi,"Y. Anei, A. Koshi, S. Zekiqi, L. Colimerio, A. Gordon",1,46,0,0,1,0,0,0,0,0,2,0,0,1,1,0,0,0,0,2,1,108.2,94.2,122.2,25.5,19.6,0,0,0,0,100,0,200,0,0,3,1,2,50,0,1,0,1,1,100,0,2,2,0,0,0,0,1,2,50,61.5,0,0,50,128.1,-128.1,1,0,0,0,0,0,0,0,0,0,0,0,0,1,1,100,0,0,0,1,0,0,0,0,0,0
Vëllaznimi,"Y. Anei, A. Rushiti, D. Wilson, R. Dahsyla, T. Todd",1,12,1,0,1,0,0,1,0,1,2,50,0,0,0,0,0,0,0,1,1,349.4,361,337.9,6.6,7.1,0,26.6,0,0,0,0,200,100,55.4,4,0,0,0,0,0,0,4,4,100,0,2,2,0,0,0,0,1,1,0,113.6,0,0,0,236.7,-181.3,0,0,0,0,0,0,1,0,0,0,0,0,0,0,0,0,0,0,0,0,0,0,0,0,0,0
Vëllaznimi,"A. Koshi, A. Gordon, A. Rushiti, T. Todd, J. Hellems",1,76,2,1,1,100,0,0,0,0,0,0,0,1,1,0,0,0,1,0,1,74,60.6,87.3,39.6,27.5,100,100,0,0,50,50,0,0,104.2,4,1,3,33.3,0,1,0,2,2,100,1,0,1,0,1,0,0,0,2,33.3,51.5,0,50,33.3,144.7,-40.5,0,0,0,1,1,100,0,0,0,0,1,0,0,2,1,50,0,0,0,1,0,0,0,0,0,0
Vëllaznimi,"S. Zekiqi, A. Gordon, A. Rushiti, D. Wilson, T. Todd",1,45,2,1,1,100,0,0,0,0,0,0,0,1,1,1,0,0,1,0,1,102.4,102.4,102.4,23.4,23.4,100,100,100,0,50,33.3,0,0,104.2,0,0,2,0,0,1,0,0,0,0,1,0,1,0,1,0,1,0,1,0,0,33.3,50,50,0,104.2,1,1,100,0,0,0,0,0,0,0,1,0,0,0,0,0,1,0,0,1,0,0,0,0,0,1
Bashkimi,"M. Armstead, K. Wooten, I. Cousins, M. Janjeva, S. Shorter",1,20,0,0,0,0,0,0,0,0,0,0,0,1,1,0,0,0,0,0,0,56.7,12,101.4,200.0,23.7,0,0,0,0,100,0,0,0,0,0,0,0,0,0,0,0,0,2,0,0,0,0,0,0,0,0,0,0,0,0,0,0,0,0,0,0,0,0,0,0,0,0,0,0,0,0,0,0,0,0,0,0,0,0,0,0,0,0,0,0,0
Bashkimi,"M. Armstead, K. Wooten, I. Cousins, L. Zeqiri, I. Nwamu",1,55,0,0,2,0,0,1,0,0,0,0,1,1,2,0,0,0,0,0,0,41.9,41.9,41.9,57.3,57.3,0,0,0,50,100,0,0,50,0,0,0,1,0,0,1,0,0,0,0,0,1,1,0,0,0,0,0,0,0,0,0,0,100,0,0,0,0,0,1,0,0,1,0,0,0,0,0,0,0,0,0,0,0,0,1,0,0,0,0,0,0
Bashkimi,"M. Armstead, K. Wooten, I. Cousins, T. Bickerstaff, V. Bunjaku",1,43,2,1,1,100,0,0,0,0,0,0,0,0,0,1,1,0,0,1,0,77.2,53.6,100.7,44.8,23.8,100,100,100,0,0,0,0,0,208.3,2,0,0,0,0,0,0,2,2,100,0,0,0,0,0,0,1,0,1,0,113.6,53.2,0,0,110.8,97.5,1,1,100,0,0,0,0,0,0,0,0,0,0,0,0,0,0,0,0,0,0,0,1,0,0,0
Bashkimi,"M. Armstead, K. Wooten, V. Gjecaj, S. Shorter, I. Nwamu",1,27,0,0,1,0,0,0,0,0,0,0,1,0,1,0,0,0,0,2,0,42,8.9,75.1,270.0,32.0,0,0,0,100,0,0,0,0,0,1,0,0,0,0,0,0,1,2,50,0,0,0,0,0,0,0,0,0,0,56.8,0,0,0,118.4,-118.4,0,0,0,1,0,0,0,0,0,0,0,0,0,0,0,0,0,0,0,0,0,0,0,0,0,0
Bashkimi,"M. Armstead, K. Wooten, M. Ismaili, L. Zeqiri, I. Nwamu",1,41,3,1,1,100,1,1,100,0,0,0,0,0,0,0,1,0,0,1,0,56.2,56.2,56.2,42.7,42.7,150,150,0,0,0,0,0,100,312.5,0,0,0,0,0,0,0,0,0,0,0,0,0,0,0,0,1,0,0,0,0,100,0,0,0,312.5,0,0,0,0,0,0,1,1,100,0,0,0,0,0,0,0,0,0,0,0,0,0,0,1,0,0
Bashkimi,"M. Armstead, I. Cousins, D. Lake, V. Bunjaku, I. Nwamu",1,11,0,0,0,0,0,0,0,0,0,0,0,0,0,0,0,0,0,0,0,21.8,21.8,21.8,110.0,110.0,0,0,0,0,0,0,0,0,0,0,0,0,0,0,0,0,0,0,0,0,0,0,0,0,0,0,0,0,0,0,0,0,0,0,0,0,0,0,0,0,0,0,0,0,0,0,0,0,0,0,0,0,0,0,0,0,0,0,0,0,0
Bashkimi,"M. Armstead, I. Cousins, M. Ismaili, S. Shorter, I. Nwamu",1,3,2,0,0,0,0,0,0,2,2,100,0,0,0,0,0,0,0,0,0,721.9,675.8,768,3.6,3.1,0,113.6,0,0,0,0,0,0,236.7,0,0,1,0,0,1,0,0,0,0,0,0,0,0,0,0,0,0,0,0,0,0,0,100,0,236.7,0,0,0,0,0,0,0,0,0,0,0,0,0,0,0,0,0,0,0,1,0,0,0,0,0,0
Bashkimi,"M. Armstead, I. Cousins, M. Janjeva, L. Zeqiri, I. Nwamu",1,2,0,0,0,0,0,0,0,0,0,0,0,0,0,0,0,0,0,0,0,120,120,120,20.0,20.0,0,0,0,0,0,0,0,0,0,0,0,0,0,0,0,0,0,0,0,0,0,0,0,0,0,0,0,0,0,0,0,0,0,0,0,0,0,0,0,0,0,0,0,0,0,0,0,0,0,0,0,0,0,0,0,0,0,0,0,0,0
Bashkimi,"M. Armstead, J. Riley, D. Lake, M. Janjeva, S. Shorter",1,25,0,0,0,0,0,0,0,0,0,0,0,0,0,0,0,0,1,1,0,50.9,92.2,9.6,26.0,250.0,0,0,0,0,0,100,0,0,0,0,0,0,0,0,0,0,0,0,0,0,0,0,0,0,0,0,0,0,0,0,0,0,0,0,0,0,0,0,0,0,0,0,0,0,0,0,1,0,0,0,0,0,0,0,0,0,0,0,0,0,0
Bashkimi,"K. Wooten, I. Cousins, M. Janjeva, V. Bunjaku, S. Shorter",1,34,0,0,0,0,0,0,0,0,2,0,0,1,1,0,0,0,0,0,0,63.7,59.6,67.8,40.2,35.4,0,0,0,0,100,0,0,0,0,0,0,1,0,0,0,0,0,0,0,0,1,1,0,0,0,0,0,0,0,0,0,0,0,0,0,0,0,0,0,0,0,0,0,0,0,0,0,0,1,0,0,0,0,0,0,0,0,0,0,0,0
Bashkimi,"K. Wooten, D. Lake, L. Zeqiri, K. Anderson, S. Shorter",1,13,0,0,0,0,0,0,0,0,0,0,0,1,1,0,0,0,0,0,0,97.8,18.5,177.2,130.0,13.5,0,0,0,0,100,0,0,0,0,0,0,1,0,0,0,0,0,0,0,0,0,0,0,0,0,0,0,0,0,0,0,0,0,0,0,0,0,0,0,0,0,0,0,0,0,0,0,0,1,0,0,0,0,0,0,0,0,0,0,0,0
Bashkimi,"B. Bytyqi, I. Cousins, V. Gjecaj, T. Bickerstaff, I. Nwamu",1,8,0,0,0,0,0,0,0,0,0,0,0,0,0,0,0,0,0,0,0,141.7,30,253.4,80.0,9.5,0,0,0,0,0,0,0,0,0,1,0,0,0,0,0,0,1,2,50,1,0,1,1,0,0,1,0,0,0,56.8,53.2,100,0,118.4,-118.4,0,0,0,0,0,0,0,0,0,0,0,0,0,0,0,0,0,0,0,0,0,0,1,0,0,0
Bashkimi,"B. Bytyqi, I. Cousins, V. Gjecaj, K. Anderson, I. Nwamu",1,2,2,0,0,0,0,0,0,2,2,100,0,0,0,0,0,0,0,0,0,1082.9,1013.8,1152,2.4,2.1,0,113.6,0,0,0,0,0,0,236.7,3,1,1,100,1,1,100,0,0,0,0,0,0,1,0,0,0,1,0,150,150,0,0,100,312.5,-75.8,0,0,0,0,0,0,0,0,0,0,0,0,0,0,0,0,0,0,0,1,1,100,0,0,0,0
Bashkimi,"I. Cousins, D. Lake, M. Janjeva, J. Baily, V. Bunjaku",1,58,2,1,1,100,0,0,0,0,0,0,0,1,1,1,0,0,0,0,0,48.5,39.7,57.2,60.4,42.0,100,100,100,0,50,0,0,0,208.3,1,0,2,0,0,1,0,1,1,100,1,0,1,0,0,0,0,1,1,0,20.5,0,50,50,72.3,136,1,1,100,0,0,0,0,0,0,0,0,0,0,1,0,0,0,0,0,1,0,0,0,0,0,0
Bashkimi,"I. Cousins, M. Ismaili, T. Bickerstaff, K. Anderson, I. Nwamu",1,26,0,0,0,0,0,0,0,0,0,0,0,1,1,0,0,0,1,0,0,88.6,88.6,88.6,27.1,27.1,0,0,0,0,100,100,0,0,0,0,0,1,0,0,1,0,0,0,0,0,0,0,0,0,0,0,0,0,0,0,0,0,100,0,0,0,0,0,0,0,0,0,0,0,0,1,0,0,0,0,0,0,0,0,1,0,0,0,0,0,0
Bashkimi,"I. Cousins, L. Zeqiri, J. Nzeakor, V. Bunjaku, I. Nwamu",1,33,2,0,0,0,0,0,0,2,2,100,0,0,0,0,0,0,0,0,0,65.6,61.4,69.8,39.1,34.4,0,113.6,0,0,0,0,0,0,236.7,0,0,0,0,0,0,0,0,0,0,0,0,0,0,0,0,1,1,0,0,0,100,0,0,0,236.7,0,0,0,0,0,0,0,0,0,0,0,0,0,0,0,0,0,0,0,0,0,0,1,0,0,0
Bashkimi,"V. Gjecaj, L. Zeqiri, T. Bickerstaff, K. Anderson, I. Nwamu",1,42,2,1,1,100,0,0,0,0,0,0,0,1,1,0,0,0,0,0,0,106.4,54.9,158,43.8,15.2,100,100,0,0,100,0,0,0,208.3,1,0,0,0,0,0,0,1,2,50,0,0,0,0,0,0,2,1,2,0,56.8,69.4,0,0,36.2,172.2,1,1,100,0,0,0,0,0,0,0,0,0,0,0,0,0,0,0,0,0,0,0,0,0,0,1
Bashkimi,"J. Riley, D. Lake, M. Ismaili, M. Janjeva, I. Nwamu",1,9,2,0,0,0,0,0,0,2,2,100,0,0,0,0,0,0,0,0,0,225.3,225.3,225.3,10.7,10.7,0,113.6,0,0,0,0,0,0,236.7,2,0,0,0,0,0,0,2,2,100,0,0,0,0,0,0,0,1,0,0,113.6,0,0,0,236.7,0,0,0,0,0,0,0,0,0,0,0,0,0,0,0,0,0,0,0,0,0,0,0,0,0,0,0
Bashkimi,"J. Riley, D. Lake, M. Ismaili, V. Bunjaku, I. Nwamu",2,25,0,0,0,0,0,0,0,0,0,0,0,0,0,0,0,0,0,0,0,85.9,9.6,162.2,250.0,14.8,0,0,0,0,0,0,0,0,0,4,0,0,0,0,0,0,4,4,100,0,0,0,0,0,0,0,0,1,0,113.6,0,0,0,236.7,-236.7,0,0,0,0,0,0,0,0,0,0,0,0,0,0,0,0,0,0,0,0,0,0,0,0,0,0
Bashkimi,"J. Riley, M. Ismaili, V. Bunjaku, S. Shorter, I. Nwamu",1,11,0,0,0,0,0,0,0,0,0,0,0,0,0,0,0,0,0,0,0,21.8,21.8,21.8,110.0,110.0,0,0,0,0,0,0,0,0,0,0,0,0,0,0,0,0,0,0,0,0,0,0,0,0,0,0,0,0,0,0,0,0,0,0,0,0,0,0,0,0,0,0,0,0,0,0,0,0,0,0,0,0,0,0,0,0,0,0,0,0,0
Bashkimi,"J. Riley, M. Janjeva, L. Zeqiri, S. Shorter, I. Nwamu",1,31,0,0,1,0,0,1,0,0,0,0,0,0,0,0,0,0,0,1,0,69.9,74.3,65.4,32.3,36.7,0,0,0,0,0,0,0,100,0,1,0,0,0,0,0,0,1,2,50,0,1,1,0,0,0,0,0,0,0,56.8,0,0,0,118.4,-118.4,0,0,0,0,0,0,1,0,0,0,0,0,0,0,0,0,0,0,0,0,0,0,0,0,0,0
Bashkimi,"D. Lake, M. Ismaili, M. Janjeva, L. Zeqiri, J. Baily",1,1,0,0,0,0,0,0,0,0,0,0,0,0,0,0,0,0,0,0,0,240,240,240,10.0,10.0,0,0,0,0,0,0,0,0,0,0,0,0,0,0,0,0,0,0,0,0,0,0,0,0,0,0,0,0,0,0,0,0,0,0,0,0,0,0,0,0,0,0,0,0,0,0,0,0,0,0,0,0,0,0,0,0,0,0,0,0,0
Bashkimi,"D. Lake, M. Ismaili, J. Baily, K. Anderson, V. Bunjaku",1,17,0,0,0,0,0,0,0,0,0,0,0,0,0,0,0,0,0,0,0,66.7,14.1,119.3,170.0,20.1,0,0,0,0,0,0,0,0,0,1,0,0,0,0,0,0,1,2,50,0,0,0,0,0,0,0,0,0,0,56.8,0,0,0,118.4,-118.4,0,0,0,0,0,0,0,0,0,0,0,0,0,0,0,0,0,0,0,0,0,0,0,0,0,0
Bashkimi,"D. Lake, M. Janjeva, K. Anderson, V. Bunjaku, I. Nwamu",1,42,0,0,0,0,0,0,0,0,0,0,0,0,0,0,0,0,1,1,0,82.3,54.9,109.7,43.8,21.9,0,0,0,0,0,100,0,0,0,5,2,2,100,1,1,100,0,0,0,0,0,0,1,1,0,0,0,1,125,125,0,0,50,260.4,-260.4,0,0,0,0,0,0,0,0,0,0,1,0,0,1,1,100,0,0,0,1,1,100,0,0,0,0
Bashkimi,"M. Ismaili, M. Janjeva, T. Bickerstaff, J. Baily, K. Anderson",1,34,1,0,0,0,0,0,0,1,2,50,1,0,1,1,0,0,1,0,0,63.7,59.6,67.8,40.2,35.4,0,56.8,0,100,0,34.7,0,0,118.4,0,0,1,0,0,1,0,0,0,0,1,0,1,0,0,0,1,0,0,0,0,50,100,100,0,118.4,0,0,0,0,0,0,0,0,0,1,0,0,0,0,0,0,0,0,0,1,0,0,0,1,0,0
Bashkimi,"M. Janjeva, L. Zeqiri, V. Bunjaku, S. Shorter, I. Nwamu",1,42,2,1,1,100,0,0,0,0,0,0,0,0,0,1,0,0,0,0,0,54.9,54.9,54.9,43.8,43.8,100,100,100,0,0,0,0,0,208.3,2,1,1,100,0,0,0,0,0,0,0,0,0,0,0,0,0,0,0,100,100,0,0,0,208.3,0,1,1,100,0,0,0,0,0,0,0,0,0,0,0,0,0,1,1,100,0,0,0,0,0,0,0
Bora,"C. Payton, A. Hunter, A. Mekic, J. Zeqiri, T. Cheese",1,19,0,0,0,0,0,0,0,0,1,0,0,0,0,0,0,0,0,0,0,33,53.4,12.6,45.0,190.0,0,0,0,0,0,0,0,0,0,0,0,0,0,0,0,0,0,0,0,0,1,1,0,0,0,0,0,0,0,0,0,0,0,0,0,0,0,0,0,0,0,0,0,0,0,0,0,0,0,0,0,0,0,0,0,0,0,0,0,0,0
Bora,"C. Payton, A. Hunter, A. Mekic, R. Memedi, G. Zeqiri",1,43,3,1,1,100,1,1,100,0,0,0,0,0,0,1,0,0,0,2,0,80.4,53.6,107.2,44.8,22.4,150,150,100,0,0,0,0,100,312.5,4,2,2,100,0,0,0,0,0,0,0,0,0,0,0,0,0,0,1,100,100,0,0,0,208.3,104.2,0,0,0,0,0,0,1,1,100,0,0,0,0,0,0,0,2,2,100,0,0,0,0,0,0,0
Bora,"C. Payton, A. Hunter, A. Hot, J. Zeqiri, R. Ukaj",1,39,0,0,2,0,0,1,0,0,0,0,1,0,1,0,0,0,0,0,0,59.1,59.1,59.1,40.6,40.6,0,0,0,50,0,0,0,50,0,2,1,1,100,0,0,0,0,0,0,0,1,1,0,0,1,0,0,0,100,100,0,0,0,208.3,-208.3,1,0,0,0,0,0,1,0,0,0,0,0,0,1,1,100,0,0,0,0,0,0,0,0,0,0
Bora,"C. Payton, S. Jules, A. Mekic, J. Zeqiri, G. Zeqiri",1,11,0,0,0,0,0,0,0,0,0,0,0,0,0,0,0,0,0,0,0,21.8,21.8,21.8,110.0,110.0,0,0,0,0,0,0,0,0,0,0,0,0,0,0,0,0,0,2,0,1,0,1,0,0,0,0,0,0,0,0,0,100,0,0,0,0,0,0,0,0,0,0,0,0,0,0,0,0,0,0,0,0,0,0,0,0,0,0,0,0,0
Bora,"C. Payton, S. Jules, A. Hot, J. Zeqiri, T. Cheese",1,45,0,0,1,0,0,1,0,0,0,0,0,1,1,0,0,0,0,1,0,73.7,51.2,96.3,46.9,24.9,0,0,0,0,50,0,0,100,0,3,1,2,50,0,0,0,1,2,50,1,1,2,0,0,0,0,0,1,50,52.1,0,50,0,166.2,-166.2,0,0,0,0,0,0,1,0,0,0,0,0,0,2,1,50,0,0,0,0,0,0,0,0,0,0
Bora,"C. Payton, S. Jules, A. Hot, T. Cheese, R. Ukaj",1,38,0,0,0,0,0,0,0,0,0,0,0,0,0,0,0,0,0,0,0,33.5,6.3,60.6,380.0,39.6,0,0,0,0,0,0,0,0,0,0,0,0,0,0,0,0,0,0,0,0,0,0,0,0,0,1,1,0,0,0,100,0,0,0,0,0,0,0,0,0,0,0,0,0,0,0,0,0,0,0,0,0,0,0,0,0,0,1,0,0,0
Bora,"A. Hunter, O. Kurtaj, C. Bragg Jr, S. Jules, R. Ukaj",1,5,0,0,0,0,0,0,0,0,0,0,0,0,0,0,0,0,0,2,0,254.4,48,460.8,50.0,5.2,0,0,0,0,0,0,0,0,0,2,1,1,100,0,0,0,0,0,0,0,0,0,0,0,0,0,0,0,100,100,0,0,0,208.3,-208.3,0,0,0,0,0,0,0,0,0,0,0,0,0,1,1,100,0,0,0,0,0,0,0,0,0,0
Bora,"A. Hunter, C. Bragg Jr, S. Jules, A. Hot, R. Ukaj",1,11,0,0,1,0,0,0,0,0,0,0,0,0,0,0,0,0,0,1,0,115.6,209.5,21.8,11.5,110.0,0,0,0,0,0,0,0,0,0,0,0,0,0,0,0,0,0,0,0,0,1,1,0,0,1,0,0,0,0,0,0,0,0,0,0,1,0,0,0,0,0,0,0,0,0,0,0,0,0,0,0,0,0,0,0,0,0,0,0,0,0
Bora,"A. Hunter, C. Bragg Jr, A. Hot, J. Zeqiri, R. Ukaj",1,24,0,0,0,0,0,0,0,0,0,0,0,0,0,0,0,0,0,0,0,47.2,10,84.5,240.0,28.4,0,0,0,0,0,0,0,0,0,2,0,0,0,0,0,0,2,2,100,0,0,0,0,0,0,0,0,0,0,113.6,0,0,0,236.7,-236.7,0,0,0,0,0,0,0,0,0,0,0,0,0,0,0,0,0,0,0,0,0,0,0,0,0,0
Bora,"A. Hunter, S. Jules, A. Mekic, T. Cheese, R. Ukaj",1,43,0,0,0,0,0,0,0,0,0,0,0,0,0,0,0,0,0,0,0,29.6,5.6,53.6,430.0,44.8,0,0,0,0,0,0,0,0,0,2,1,1,100,0,0,0,0,0,0,0,0,0,0,0,0,0,0,0,100,100,0,0,0,208.3,-208.3,0,0,0,0,0,0,0,0,0,0,0,0,0,1,1,100,0,0,0,0,0,0,0,0,0,0
Bora,"A. Hunter, S. Jules, A. Mekic, R. Ukaj, G. Zeqiri",1,47,0,0,1,0,0,1,0,0,0,0,0,1,1,0,0,0,0,1,0,70.6,49,92.2,49.0,26.0,0,0,0,0,33.3,0,0,100,0,4,1,3,33.3,1,2,50,1,2,50,2,1,3,0,0,0,0,0,1,50,51.5,0,66.7,66.7,221.6,-221.6,0,0,0,0,0,0,1,0,0,0,0,0,0,0,0,0,1,0,0,2,1,50,0,0,0,0
Bora,"A. Hunter, S. Jules, L. Thomas, J. Zeqiri, R. Ukaj",1,48,0,0,1,0,0,1,0,0,0,0,0,0,0,0,0,0,0,1,0,45.1,48,42.2,50.0,56.8,0,0,0,0,0,0,0,100,0,1,0,0,0,0,0,0,1,2,50,0,1,1,0,0,0,0,1,0,0,56.8,0,0,0,118.4,-118.4,0,0,0,0,0,0,1,0,0,0,0,0,0,0,0,0,0,0,0,0,0,0,0,0,0,0
Bora,"A. Hunter, S. Jules, J. Zeqiri, R. Ukaj, R. Memedi",1,18,0,0,0,0,0,0,0,0,0,0,0,0,0,0,0,0,0,0,0,63,13.3,112.6,180.0,21.3,0,0,0,0,0,0,0,0,0,2,0,0,0,0,0,0,2,2,100,0,0,0,0,0,0,0,0,0,0,113.6,0,0,0,236.7,-236.7,0,0,0,0,0,0,0,0,0,0,0,0,0,0,0,0,0,0,0,0,0,0,0,0,0,0
Bora,"A. Hunter, A. Mekic, A. Hot, T. Cheese, R. Ukaj",1,30,3,1,1,100,1,1,100,0,0,0,0,1,1,1,0,0,0,0,0,76.8,76.8,76.8,31.2,31.2,150,150,100,0,100,0,0,100,312.5,0,0,1,0,0,1,0,0,0,0,0,0,0,0,0,0,0,0,0,0,0,0,0,100,0,312.5,0,0,0,0,0,0,1,1,100,0,0,0,0,0,0,0,0,0,0,1,0,0,0,0,0,0
Bora,"A. Hunter, A. Mekic, J. Zeqiri, T. Cheese, R. Ukaj",1,26,0,0,1,0,0,1,0,0,0,0,0,0,0,0,0,0,0,1,0,83.3,88.6,78,27.1,30.8,0,0,0,0,0,0,0,100,0,2,0,0,0,0,0,0,2,2,100,0,1,1,0,0,0,0,0,0,0,113.6,0,0,0,236.7,-236.7,0,0,0,0,0,0,1,0,0,0,0,0,0,0,0,0,0,0,0,0,0,0,0,0,0,0
Bora,"A. Hunter, A. Mekic, J. Zeqiri, T. Cheese, G. Zeqiri",2,11,0,0,1,0,0,1,0,0,0,0,0,0,0,0,0,0,0,0,0,209.5,209.5,209.5,11.5,11.5,0,0,0,0,0,0,0,100,0,2,1,1,100,0,0,0,0,0,0,0,1,1,1,0,0,0,0,0,100,100,0,0,0,208.3,-208.3,0,0,0,0,0,0,1,0,0,0,0,0,0,1,1,100,0,0,0,0,0,0,0,0,0,0
Bora,"A. Hunter, A. Hot, J. Zeqiri, T. Cheese, R. Ukaj",1,69,2,1,1,100,0,0,0,0,0,0,0,1,1,1,0,0,0,1,0,50.1,33.4,66.8,71.9,35.9,100,100,100,0,100,0,0,0,208.3,3,1,2,50,1,1,100,0,0,0,0,0,0,1,0,0,0,1,1,75,75,0,0,50,156.2,52.1,1,1,100,0,0,0,0,0,0,0,0,0,0,1,0,0,0,0,0,1,1,100,0,0,0,0
Bora,"A. Hunter, A. Hot, J. Zeqiri, R. Ukaj, R. Memedi",1,43,0,0,1,0,0,1,0,0,0,0,0,1,1,0,0,0,0,1,0,53.6,53.6,53.6,44.8,44.8,0,0,0,0,100,0,0,100,0,0,0,1,0,0,0,0,0,0,0,0,1,1,0,0,0,0,0,0,0,0,0,0,0,0,0,0,0,0,0,0,0,1,0,0,0,0,0,0,1,0,0,0,0,0,0,0,0,0,0,0,0
Bora,"A. Hunter, J. Zeqiri, T. Cheese, R. Ukaj, R. Memedi",2,21,1,0,0,0,0,0,0,1,1,100,0,0,0,0,0,0,0,1,0,127.3,48.3,206.3,49.7,11.6,0,113.6,0,0,0,0,0,0,236.7,2,0,1,0,0,1,0,2,2,100,0,0,0,0,0,0,0,0,1,0,53.2,0,0,100,110.8,125.9,0,0,0,0,0,0,0,0,0,0,0,0,0,0,0,0,0,0,0,1,0,0,0,0,0,0
Bora,"O. Kurtaj, S. Jules, A. Mekic, R. Ukaj, G. Zeqiri",1,18,2,1,1,100,0,0,0,0,0,0,0,0,0,0,0,0,0,0,0,192,128,256,18.8,9.4,100,100,0,0,0,0,0,0,208.3,3,1,1,100,1,1,100,0,0,0,0,0,0,1,0,0,1,0,1,150,150,50,0,100,156.2,52.1,1,1,100,0,0,0,0,0,0,0,0,0,0,0,0,0,0,0,0,1,1,100,0,1,0,0
Bora,"O. Kurtaj, S. Jules, T. Cheese, G. Singleton, G. Zeqiri",1,1,0,0,1,0,0,1,0,0,0,0,0,0,0,0,0,0,0,0,0,1272,2304,240,1.0,10.0,0,0,0,0,0,0,0,100,0,0,0,0,0,0,0,0,0,0,0,0,0,0,0,0,0,0,0,0,0,0,0,0,0,0,0,0,0,0,0,0,0,1,0,0,0,0,0,0,0,0,0,0,0,0,0,0,0,0,0,0,0
Bora,"O. Kurtaj, S. Jules, T. Cheese, R. Ukaj, G. Zeqiri",1,44,1,0,0,0,0,0,0,1,2,50,0,0,0,0,0,0,0,1,0,69.1,46.1,92.2,52.1,26.0,0,56.8,0,0,0,0,0,0,118.4,4,0,0,0,0,0,0,4,4,100,0,1,1,0,0,0,0,1,1,0,113.6,0,0,0,236.7,-118.4,0,0,0,0,0,0,0,0,0,0,0,0,0,0,0,0,0,0,0,0,0,0,0,0,0,0
Bora,"O. Kurtaj, T. Jackson, A. Mekic, A. Hot, Y. Pllana",1,65,2,1,2,50,0,0,0,0,0,0,1,0,1,0,0,0,0,0,0,51,35.4,66.6,67.7,36.0,50,50,0,100,0,0,0,0,208.3,5,1,1,100,1,1,100,2,2,100,0,0,0,0,0,0,0,0,1,150,133,0,0,100,277,-68.7,0,0,0,2,1,50,0,0,0,0,0,0,0,0,0,0,0,0,0,1,1,100,0,0,0,0
Bora,"O. Kurtaj, T. Jackson, A. Mekic, A. Hot, G. Zeqiri",1,63,3,1,1,100,1,1,100,0,0,0,0,0,0,1,0,0,0,2,0,52.7,36.6,68.8,65.6,34.9,150,150,100,0,0,0,0,100,312.5,3,1,2,50,0,1,0,1,2,50,1,0,1,1,0,0,0,0,1,50,52.1,0,100,50,166.2,146.3,0,0,0,0,0,0,1,1,100,0,0,0,0,1,1,100,0,0,0,1,0,0,0,0,0,0
Bora,"O. Kurtaj, T. Jackson, A. Mekic, Y. Pllana, G. Zeqiri",1,18,0,0,1,0,0,0,0,0,0,0,0,0,0,0,0,0,0,1,0,128,128,128,18.8,18.8,0,0,0,0,0,0,0,0,0,2,1,3,33.3,0,0,0,0,0,0,2,1,3,0,0,0,0,0,0,33.3,33.3,0,100,0,208.3,-208.3,1,0,0,0,0,0,0,0,0,0,0,0,0,3,1,33.3,0,0,0,0,0,0,0,0,0,0
Bora,"O. Kurtaj, A. Mekic, L. Thomas, J. Zeqiri, T. Cheese",1,49,0,0,1,0,0,1,0,0,0,0,0,0,0,0,0,0,0,0,0,47,47,47,51.0,51.0,0,0,0,0,0,0,0,100,0,2,1,2,50,0,1,0,0,0,0,1,1,2,1,0,0,0,0,0,50,50,0,100,50,208.3,-208.3,0,0,0,0,0,0,1,0,0,0,0,0,0,0,0,0,1,1,100,1,0,0,0,0,0,0
Bora,"C. Bragg Jr, S. Jules, A. Hot, T. Cheese, R. Ukaj",1,63,2,1,1,100,0,0,0,0,0,0,0,0,0,1,0,0,0,1,0,42.4,36.6,48.3,65.6,49.7,100,100,100,0,0,0,0,0,208.3,3,0,1,0,0,1,0,3,3,100,1,0,1,0,0,0,0,0,1,0,64.7,0,100,100,236.7,-28.4,1,1,100,0,0,0,0,0,0,0,0,0,0,0,0,0,0,0,0,1,0,0,0,0,0,0
Bora,"C. Bragg Jr, J. Dingle, J. Zeqiri, T. Cheese, R. Memedi",1,17,0,0,1,0,0,0,0,0,0,0,0,1,1,0,0,1,0,1,0,135.5,135.5,135.5,17.7,17.7,0,0,0,0,100,0,0,0,0,0,0,1,0,0,0,0,0,0,0,0,1,1,0,0,0,0,0,0,0,0,0,0,0,0,0,1,0,0,0,0,0,0,0,0,0,0,0,0,1,0,0,0,0,0,0,0,0,0,0,0,0
Bora,"S. Jules, T. Jackson, A. Mekic, G. Singleton, G. Zeqiri",1,7,0,0,0,0,0,0,0,0,0,0,0,0,0,0,0,0,0,0,0,34.3,34.3,34.3,70.0,70.0,0,0,0,0,0,0,0,0,0,0,0,0,0,0,0,0,0,0,0,0,0,0,0,0,0,0,0,0,0,0,0,0,0,0,0,0,0,0,0,0,0,0,0,0,0,0,0,0,0,0,0,0,0,0,0,0,0,0,0,0,0
Bora,"S. Jules, A. Mekic, R. Sylejmani, J. Zeqiri, R. Memedi",1,7,1,0,0,0,0,0,0,1,2,50,0,0,0,0,0,0,0,1,0,162,289.6,34.3,8.3,70.0,0,56.8,0,0,0,0,0,0,118.4,0,0,0,0,0,0,0,0,0,0,0,0,0,0,0,0,0,0,0,0,0,0,0,0,0,118.4,0,0,0,0,0,0,0,0,0,0,0,0,0,0,0,0,0,0,0,0,0,0,0,0,0,0
Bora,"S. Jules, A. Mekic, R. Sylejmani, R. Memedi, G. Zeqiri",1,33,2,1,1,100,0,0,0,0,0,0,0,0,0,1,2,0,0,0,0,104.7,69.8,139.6,34.4,17.2,100,100,100,0,0,0,0,0,208.3,0,0,0,0,0,0,0,0,0,0,0,0,0,0,0,0,2,0,1,0,0,100,0,0,0,208.3,1,1,100,0,0,0,0,0,0,0,0,0,0,0,0,0,0,0,0,0,0,0,1,1,0,0
Bora,"S. Jules, A. Mekic, A. Hot, H. Lebovci, G. Zeqiri",1,50,2,1,1,100,0,0,0,0,0,0,0,1,1,1,0,0,0,0,0,66.4,46.1,86.6,52.1,27.7,100,100,100,0,100,0,0,0,208.3,2,1,1,100,0,0,0,0,2,0,0,0,0,0,0,0,0,0,1,100,53.2,0,0,0,110.8,97.5,1,1,100,0,0,0,0,0,0,0,0,0,0,1,1,100,0,0,0,0,0,0,0,0,0,0
Bora,"S. Jules, A. Mekic, A. Hot, T. Cheese, G. Zeqiri",1,31,0,0,2,0,0,0,0,0,0,0,2,0,2,0,0,0,1,0,0,74.3,74.3,74.3,32.3,32.3,0,0,0,100,0,33.3,0,0,0,0,0,0,0,0,0,0,0,0,0,0,0,0,0,0,1,1,0,0,0,0,100,0,0,0,0,2,0,0,0,0,0,0,0,0,0,1,0,0,0,0,0,0,0,0,0,0,0,0,0,0,1
Bora,"S. Jules, A. Mekic, A. Hot, R. Memedi, Y. Pllana",1,26,0,0,0,0,0,0,0,0,0,0,0,0,0,0,0,0,1,0,0,88.6,88.6,88.6,27.1,27.1,0,0,0,0,0,100,0,0,0,2,1,1,100,0,0,0,0,0,0,0,0,0,1,0,0,0,0,0,100,100,0,0,0,208.3,-208.3,0,0,0,0,0,0,0,0,0,0,0,0,1,1,1,100,0,0,0,0,0,0,0,0,0,0
Bora,"S. Jules, A. Mekic, J. Zeqiri, G. Singleton, G. Zeqiri",2,67,0,0,1,0,0,0,0,0,0,0,0,1,1,0,0,1,0,0,0,68.8,34.4,103.2,69.8,23.3,0,0,0,0,50,0,0,0,0,5,2,4,50,1,1,100,0,0,0,1,1,2,1,0,0,0,2,2,62.5,62.5,0,50,25,173.6,-173.6,0,0,0,1,0,0,0,0,0,0,0,0,0,3,1,33.3,0,0,0,1,1,100,0,0,0,0
Bora,"S. Jules, A. Mekic, J. Zeqiri, R. Memedi, G. Zeqiri",1,25,0,0,1,0,0,1,0,0,0,0,0,0,0,0,0,0,0,0,0,92.2,92.2,92.2,26.0,26.0,0,0,0,0,0,0,0,100,0,3,1,1,100,1,1,100,0,0,0,0,1,1,1,0,0,0,1,0,150,150,0,0,100,312.5,-312.5,0,0,0,0,0,0,1,0,0,0,0,0,0,0,0,0,0,0,0,1,1,100,0,0,0,0
Bora,"S. Jules, A. Mekic, J. Zeqiri, Y. Pllana, G. Zeqiri",1,23,0,0,0,0,0,0,0,0,0,0,0,0,0,0,0,0,0,0,0,55.3,10.4,100.2,230.0,24.0,0,0,0,0,0,0,0,0,0,2,1,1,100,0,0,0,0,0,0,0,0,0,0,0,0,0,0,0,100,100,0,0,0,208.3,-208.3,0,0,0,0,0,0,0,0,0,0,0,0,0,1,1,100,0,0,0,0,0,0,0,0,0,0
Bora,"S. Jules, A. Mekic, T. Cheese, R. Memedi, G. Zeqiri",1,18,0,0,1,0,0,0,0,0,0,0,0,0,0,0,0,0,0,1,0,70.7,128,13.3,18.8,180.0,0,0,0,0,0,0,0,0,0,0,0,0,0,0,0,0,0,0,0,0,1,1,0,0,0,0,0,0,0,0,0,0,0,0,0,1,0,0,0,0,0,0,0,0,0,0,0,0,0,0,0,0,0,0,0,0,0,0,0,0,0
Bora,"S. Jules, R. Sylejmani, A. Hot, J. Zeqiri, R. Memedi",1,14,0,0,0,0,0,0,0,0,0,0,0,0,0,0,0,0,0,1,0,17.1,17.1,17.1,140.0,140.0,0,0,0,0,0,0,0,0,0,0,0,1,0,0,1,0,0,0,0,1,0,1,0,0,0,0,0,0,0,0,0,100,100,0,0,0,0,0,0,0,0,0,0,0,0,0,0,0,0,0,0,0,0,0,1,0,0,0,0,0,0
Bora,"S. Jules, R. Sylejmani, J. Zeqiri, R. Memedi, G. Zeqiri",1,54,2,1,1,100,0,0,0,0,0,0,0,0,0,1,0,0,0,0,0,64,42.7,85.3,56.2,28.1,100,100,100,0,0,0,0,0,208.3,5,2,2,100,1,1,100,0,0,0,0,0,0,2,0,0,0,1,1,125,125,0,0,50,260.4,-52.1,1,1,100,0,0,0,0,0,0,0,0,0,0,0,0,0,1,1,100,1,1,100,0,0,0,0
Bora,"S. Jules, L. Thomas, A. Hot, J. Zeqiri, T. Cheese",1,32,2,0,0,0,0,0,0,2,2,100,0,1,1,0,0,0,0,1,0,115.2,63.4,167,37.9,14.4,0,113.6,0,0,100,0,0,0,236.7,2,0,1,0,0,1,0,2,3,66.7,0,0,0,0,0,0,0,1,2,0,43.1,0,0,100,89.8,146.9,0,0,0,0,0,0,0,0,0,0,0,0,0,0,0,0,0,0,0,1,0,0,0,0,0,0
Bora,"S. Jules, L. Thomas, A. Hot, T. Cheese, R. Ukaj",1,20,0,0,0,0,0,0,0,0,0,0,0,0,0,0,0,0,0,0,0,63.6,12,115.2,200.0,20.8,0,0,0,0,0,0,0,0,0,2,1,1,100,0,0,0,0,0,0,0,0,0,0,0,0,0,0,0,100,100,0,0,0,208.3,-208.3,0,0,0,0,0,0,0,0,0,0,0,0,0,0,0,0,1,1,100,0,0,0,0,0,0,0
Bora,"S. Jules, J. Dingle, A. Hot, J. Zeqiri, T. Cheese",1,34,0,0,0,0,0,0,0,0,0,0,0,1,1,0,0,0,1,0,0,101.6,67.8,135.5,35.4,17.7,0,0,0,0,100,100,0,0,0,2,1,2,50,0,0,0,0,0,0,0,0,0,0,1,0,0,0,1,50,50,0,0,0,104.2,-104.2,0,0,0,0,0,0,0,0,0,1,0,0,0,2,1,50,0,0,0,0,0,0,0,0,0,0
Bora,"S. Jules, J. Dingle, J. Zeqiri, R. Ukaj, R. Memedi",1,2,0,0,0,0,0,0,0,0,0,0,0,0,0,0,0,0,0,0,0,120,120,120,20.0,20.0,0,0,0,0,0,0,0,0,0,0,0,0,0,0,0,0,0,0,0,0,0,0,0,0,0,0,0,0,0,0,0,0,0,0,0,0,0,0,0,0,0,0,0,0,0,0,0,0,0,0,0,0,0,0,0,0,0,0,0,0,0
Bora,"S. Jules, A. Hot, H. Lebovci, R. Memedi, Y. Pllana",1,8,0,0,0,0,0,0,0,0,0,0,0,0,0,0,0,0,0,0,0,303,30,576,80.0,4.2,0,0,0,0,0,0,0,0,0,0,0,0,0,0,0,0,0,0,0,0,0,0,0,0,0,2,1,1,0,0,100,0,0,0,0,0,0,0,0,0,0,0,0,0,0,0,0,0,0,0,0,0,0,0,0,0,0,0,0,0,1
Bora,"S. Jules, J. Zeqiri, R. Ukaj, Y. Pllana, G. Zeqiri",1,4,0,0,0,0,0,0,0,0,0,0,0,0,0,0,0,0,0,0,0,318,60,576,40.0,4.2,0,0,0,0,0,0,0,0,0,0,0,2,0,0,1,0,0,0,0,1,0,1,0,0,0,0,0,0,0,0,0,100,50,0,0,0,0,0,0,0,0,0,0,0,0,0,0,0,1,0,0,0,0,0,1,0,0,0,0,0,0
Bora,"S. Jules, J. Zeqiri, R. Memedi, Y. Pllana, G. Zeqiri",1,17,0,0,0,0,0,0,0,0,0,0,0,0,0,0,0,0,0,2,0,14.1,14.1,14.1,170.0,170.0,0,0,0,0,0,0,0,0,0,0,0,0,0,0,0,0,0,0,0,0,0,0,0,0,0,0,0,0,0,0,0,0,0,0,0,0,0,0,0,0,0,0,0,0,0,0,0,0,0,0,0,0,0,0,0,0,0,0,0,0,0
Bora,"T. Jackson, A. Mekic, R. Sylejmani, Y. Pllana, G. Zeqiri",1,17,0,0,0,0,0,0,0,0,0,0,0,1,1,0,0,0,0,0,0,36.9,14.1,59.6,170.0,40.2,0,0,0,0,50,0,0,0,0,0,0,1,0,0,1,0,0,1,0,1,0,1,0,0,0,0,0,0,0,0,0,50,100,0,0,0,0,0,0,0,0,0,0,0,0,0,0,0,0,0,0,0,0,0,1,0,0,0,0,0,0
GO+ Peja,"J. Johnson, M. Armstread, A. Herndon, M. Mala, C. Edwards",1,107,0,0,2,0,0,1,0,0,0,0,1,1,2,0,0,0,0,3,0,26.3,21.5,31,111.5,77.4,0,0,0,50,25,0,0,50,0,5,2,4,50,1,3,33.3,0,1,0,3,1,4,0,0,0,0,1,1,62.5,56.3,0,75,75,361.7,-361.7,0,0,0,1,0,0,1,0,0,0,0,0,0,1,1,100,0,0,0,3,1,33.3,0,0,0,0
GO+ Peja,"D. Berisha, M. Armstread, T. Green, C. Edwards, A. Hajdari",1,11,0,0,0,0,0,0,0,0,0,0,0,1,1,0,0,0,0,0,0,115.6,21.8,209.5,110.0,11.5,0,0,0,0,100,0,0,0,0,0,0,1,0,0,0,0,0,0,0,0,0,0,0,0,0,0,1,0,0,0,0,0,0,0,0,0,0,0,0,0,0,0,0,0,0,0,0,0,0,0,0,1,0,0,0,0,0,0,0,0,0
GO+Peja,"S. Llapi, S. Flatten, O. Sallabegolli, E. Hasanaj, S. Nila",1,12,0,0,1,0,0,1,0,0,0,0,0,0,0,0,0,0,0,1,0,180.5,192,169,12.5,14.2,0,0,0,0,0,0,0,100,0,2,0,0,0,0,0,0,2,2,100,0,1,1,0,0,0,0,0,0,0,113.6,0,0,0,236.7,-236.7,0,0,0,0,0,0,1,0,0,0,0,0,0,0,0,0,0,0,0,0,0,0,0,0,0,0
GO+Peja,"S. Llapi, J. Johnson, D. Ademaj, M. Mala, C. Edwards",1,17,0,0,1,0,0,1,0,0,0,0,0,0,0,0,0,0,0,1,0,74.8,135.5,14.1,17.7,170.0,0,0,0,0,0,0,0,100,0,0,0,1,0,0,0,0,0,0,0,1,1,2,0,0,0,0,0,0,0,0,0,100,0,0,0,0,0,0,0,0,0,1,0,0,0,0,0,0,1,0,0,0,0,0,0,0,0,0,0,0,0
GO+Peja,"S. Llapi, J. Johnson, M. Mala, T. Green, C. Edwards",1,33,0,0,1,0,0,0,0,0,0,0,0,0,0,0,0,0,0,0,0,69.8,69.8,69.8,34.4,34.4,0,0,0,0,0,0,0,0,0,3,1,1,100,1,1,100,0,0,0,0,1,1,1,0,0,0,0,0,150,150,0,0,100,312.5,-312.5,0,0,0,1,0,0,0,0,0,0,0,0,0,0,0,0,0,0,0,1,1,100,0,0,0,0
GO+Peja,"S. Llapi, C. Williams, O. Sallabegolli, E. Hasanaj, S. Nila",1,18,0,0,0,0,0,0,0,0,0,0,0,2,2,0,0,0,1,0,0,192,128,256,18.8,9.4,0,0,0,0,100,100,0,0,0,0,0,2,0,0,2,0,0,0,0,0,0,0,0,1,0,0,0,1,0,0,0,0,100,0,0,0,0,0,0,0,0,0,0,0,0,1,0,0,0,0,0,0,0,0,2,0,0,0,0,0,0
GO+Peja,"S. Llapi, O. Sallabegolli, M. Mala, T. Green, S. Nila",1,23,2,1,1,100,0,0,0,0,0,0,0,1,1,1,0,0,0,0,0,100.2,100.2,100.2,24.0,24.0,100,100,100,0,100,0,0,0,208.3,0,0,1,0,0,1,0,0,0,0,0,0,0,0,0,0,0,0,0,0,0,0,0,100,0,208.3,1,1,100,0,0,0,0,0,0,0,0,0,0,0,0,0,0,0,0,1,0,0,0,0,0,0
GO+Peja,"S. Llapi, F. Shoshaj, L. Routt, M. Mala, C. Edwards",1,41,0,0,0,0,0,0,0,0,0,0,0,0,0,0,0,0,1,0,0,52.8,56.2,49.5,42.7,48.5,0,0,0,0,0,100,0,0,0,1,0,1,0,0,1,0,1,2,50,1,0,1,0,0,0,0,0,0,0,26.6,0,100,100,118.4,-118.4,0,0,0,0,0,0,0,0,0,0,1,0,0,0,0,0,0,0,0,1,0,0,0,0,0,0
GO+Peja,"S. Llapi, F. Shoshaj, L. Routt, M. Mala, A. Hajdari",1,13,0,0,0,0,0,0,0,0,0,0,0,1,1,0,0,0,1,0,0,265.8,177.2,354.5,13.5,6.8,0,0,0,0,100,100,0,0,0,2,1,2,50,0,0,0,0,0,0,0,0,0,0,1,0,0,0,1,50,50,0,0,0,104.2,-104.2,0,0,0,0,0,0,0,0,0,1,0,0,0,1,1,100,1,0,0,0,0,0,0,0,0,0
GO+Peja,"S. Llapi, F. Shoshaj, L. Routt, T. Green, A. Hajdari",1,40,2,1,2,50,0,1,0,0,0,0,1,0,1,0,0,0,0,1,0,57.6,57.6,57.6,41.7,41.7,50,50,0,100,0,0,0,50,208.3,3,1,2,50,1,2,50,0,0,0,1,0,1,1,0,0,0,1,0,75,75,0,100,100,312.5,-104.2,1,1,100,0,0,0,1,0,0,0,0,0,0,0,0,0,0,0,0,2,1,50,0,0,0,0
GO+Peja,"S. Llapi, F. Shoshaj, L. Routt, C. Edwards, O. Williams",1,8,0,0,0,0,0,0,0,0,0,0,0,0,0,0,0,0,0,0,0,222.4,30,414.7,80.0,5.8,0,0,0,0,0,0,0,0,0,1,0,1,0,0,1,0,1,1,100,0,0,0,0,0,0,0,0,1,0,34.7,0,0,100,72.3,-72.3,0,0,0,0,0,0,0,0,0,0,0,0,0,0,0,0,0,0,0,1,0,0,0,0,0,0
GO+Peja,"S. Llapi, F. Shoshaj, S. Nila, C. Edwards, O. Williams",1,15,0,0,0,0,0,0,0,0,0,0,0,1,1,0,0,0,0,0,0,84.8,16,153.6,150.0,15.6,0,0,0,0,100,0,0,0,0,0,0,1,0,0,0,0,0,0,0,0,0,0,0,0,0,0,1,0,0,0,0,0,0,0,0,0,0,0,0,0,0,0,0,0,0,0,0,0,0,0,0,1,0,0,0,0,0,0,0,0,0
GO+Peja,"S. Llapi, F. Shoshaj, C. Edwards, O. Williams, A. Hajdari",1,32,3,1,1,100,1,1,100,0,0,0,0,1,1,1,0,0,0,2,0,99.4,72,126.7,33.3,18.9,150,150,100,0,100,0,0,100,312.5,1,0,0,0,0,0,0,1,4,25,0,0,0,0,0,0,0,0,1,0,28.4,0,0,0,59.2,253.3,0,0,0,0,0,0,1,1,100,0,0,0,0,0,0,0,0,0,0,0,0,0,0,0,0,0
GO+Peja,"S. Llapi, A. Herndon, M. Mala, T. Green, O. Williams",1,14,0,0,0,0,0,0,0,0,0,0,0,0,0,0,0,0,0,0,0,44.8,17.1,72.4,140.0,33.1,0,0,0,0,0,0,0,0,0,1,0,0,0,0,0,0,1,1,100,0,0,0,0,0,0,0,1,0,0,113.6,0,0,0,236.7,-236.7,0,0,0,0,0,0,0,0,0,0,0,0,0,0,0,0,0,0,0,0,0,0,0,0,0,0
GO+Peja,"S. Llapi, A. Herndon, M. Mala, O. Williams, A. Hajdari",1,42,0,0,1,0,0,0,0,0,0,0,0,1,1,0,0,0,0,0,0,54.9,54.9,54.9,43.8,43.8,0,0,0,0,100,0,0,0,0,0,0,1,0,0,1,0,0,0,0,0,1,1,0,0,0,0,0,0,0,0,0,0,100,0,0,1,0,0,0,0,0,0,0,0,0,0,0,0,0,0,0,0,0,0,1,0,0,0,0,0,0
GO+Peja,"S. Llapi, D. Davis, D. Bracey, C. Edwards, A. Hajdari",1,4,0,0,0,0,0,0,0,0,0,0,0,0,0,0,0,0,0,0,0,60,60,60,40.0,40.0,0,0,0,0,0,0,0,0,0,0,0,0,0,0,0,0,0,0,0,0,0,0,0,0,0,0,0,0,0,0,0,0,0,0,0,0,0,0,0,0,0,0,0,0,0,0,0,0,0,0,0,0,0,0,0,0,0,0,0,0,0
GO+Peja,"S. Flatten, J. Johnson, D. Berisha, M. Armstead, C. Edwards",1,10,0,0,0,0,0,0,0,0,0,0,0,0,0,0,0,0,0,0,0,113.4,24,202.8,100.0,11.8,0,0,0,0,0,0,0,0,0,2,0,0,0,0,0,0,2,2,100,0,0,0,0,0,0,0,0,0,0,113.6,0,0,0,236.7,-236.7,0,0,0,0,0,0,0,0,0,0,0,0,0,0,0,0,0,0,0,0,0,0,0,0,0,0
GO+Peja,"S. Flatten, D. Berisha, D. Ademaj, A. Herndon, M. Mala",1,57,3,1,1,100,1,1,100,0,0,0,0,2,2,1,0,0,0,0,0,60.6,40.4,80.8,59.4,29.7,150,150,100,0,100,0,0,100,312.5,0,0,2,0,0,1,0,0,0,0,0,0,0,0,0,0,0,1,1,0,0,0,0,50,0,312.5,0,0,0,0,0,0,1,1,100,0,0,0,0,1,0,0,0,0,0,1,0,0,0,0,0,0
GO+Peja,"S. Flatten, D. Ademaj, M. Mala, T. Green, A. Hajdari",1,33,0,0,0,0,0,0,0,0,0,0,0,0,0,0,0,0,1,1,0,65.6,69.8,61.4,34.4,39.1,0,0,0,0,0,100,0,0,0,1,0,0,0,0,0,0,1,2,50,0,0,0,0,1,0,0,0,0,0,56.8,0,0,0,118.4,-118.4,0,0,0,0,0,0,0,0,0,0,1,0,0,0,0,0,0,0,0,0,0,0,0,0,0,0
GO+Peja,"S. Flatten, M. Mala, S. Nila, C. Edwards, A. Hajdari",1,11,0,0,0,0,0,0,0,0,0,0,0,0,0,0,0,0,0,0,0,115.6,21.8,209.5,110.0,11.5,0,0,0,0,0,0,0,0,0,2,1,1,100,0,0,0,0,0,0,0,0,0,1,0,0,0,0,0,100,100,0,0,0,208.3,-208.3,0,0,0,0,0,0,0,0,0,0,0,0,0,1,1,100,0,0,0,0,0,0,0,0,0,0
GO+Peja,"J. Johnson, M. Armstead, T. Green, C. Edwards, A. Hajdari",1,38,0,0,1,0,0,0,0,0,0,0,0,0,0,0,0,0,0,0,0,60.6,60.6,60.6,39.6,39.6,0,0,0,0,0,0,0,0,0,2,1,1,100,0,0,0,0,0,0,0,1,1,1,0,0,0,1,0,100,100,0,0,0,208.3,-208.3,1,0,0,0,0,0,0,0,0,0,0,0,0,0,0,0,1,1,100,0,0,0,0,0,0,0
GO+Peja,"J. Johnson, D. Ademaj, O. Sallabegolli, A. Herndon, S. Nila",1,3,0,0,0,0,0,0,0,0,0,0,0,0,0,0,1,0,0,0,0,424,80,768,30.0,3.1,0,0,0,0,0,0,0,0,0,0,0,0,0,0,0,0,0,0,0,0,0,0,0,0,0,1,0,0,0,0,100,0,0,0,0,0,0,0,0,0,0,0,0,0,0,0,0,0,0,0,0,0,0,0,0,0,0,1,0,0,0
GO+Peja,"J. Johnson, A. Herndon, S. Nila, C. Edwards, A. Hajdari",1,60,0,0,0,0,0,0,0,0,0,0,0,0,0,0,0,0,1,2,0,38.4,38.4,38.4,62.5,62.5,0,0,0,0,0,100,0,0,0,0,0,1,0,0,1,0,0,0,0,1,0,1,0,0,0,1,0,0,0,0,50,100,100,0,0,0,0,0,0,0,0,0,0,0,1,0,0,0,0,0,0,0,0,0,1,0,0,0,0,1,0
GO+Peja,"D. Berisha, M. Armstead, D. Ademaj, A. Herndon, T. Green",1,10,0,0,0,0,0,0,0,0,0,0,0,0,0,0,0,0,0,0,0,24,24,24,100.0,100.0,0,0,0,0,0,0,0,0,0,0,0,0,0,0,0,0,0,0,0,0,0,0,0,0,0,0,1,0,0,0,0,0,0,0,0,0,0,0,0,0,0,0,0,0,0,0,0,0,0,0,0,0,0,0,0,0,0,0,0,0,0
GO+Peja,"D. Ademaj, O. Sallabegolli, E. Hasanaj, A. Herndon, S. Nila",1,18,1,0,0,0,0,0,0,1,2,50,0,0,0,0,0,0,0,0,0,120.3,112.6,128,21.3,18.8,0,56.8,0,0,0,0,0,0,118.4,0,0,0,0,0,0,0,0,0,0,0,0,0,0,0,0,1,1,0,0,0,100,0,0,0,118.4,0,0,0,0,0,0,0,0,0,0,0,0,0,0,0,0,0,0,0,0,0,0,0,1,0,0
GO+Peja,"C. Williams, F. Shoshaj, L. Routt, D. Davis, A. Hajdari",1,27,0,0,0,0,0,0,0,0,0,0,0,1,1,0,0,0,1,0,0,128,85.3,170.7,28.1,14.1,0,0,0,0,100,100,0,0,0,3,1,2,50,1,1,100,0,0,0,0,0,0,1,1,0,0,1,1,75,75,0,0,50,156.2,-156.2,0,0,0,0,0,0,0,0,0,1,0,0,0,1,0,0,0,0,0,1,1,100,0,0,0,0
GO+Peja,"C. Williams, F. Shoshaj, L. Routt, M. Mala, C. Edwards",1,40,3,1,2,50,1,2,50,0,0,0,1,1,2,1,0,0,0,2,0,57.6,57.6,57.6,41.7,41.7,75,75,100,100,100,0,0,100,312.5,0,0,1,0,0,0,0,0,0,0,0,0,0,0,0,0,0,0,0,0,0,0,0,0,0,312.5,0,0,0,0,0,0,2,1,50,0,0,0,0,0,0,0,1,0,0,0,0,0,0,0,0,0
GO+Peja,"C. Williams, F. Shoshaj, D. Davis, M. Mala, D. Bracey",1,41,0,0,1,0,0,0,0,0,0,0,0,1,1,0,0,0,0,1,0,84.3,56.2,112.4,42.7,21.4,0,0,0,0,100,0,0,0,0,2,1,2,50,0,1,0,0,0,0,0,1,1,0,0,0,0,1,1,50,50,0,0,50,104.2,-104.2,0,0,0,1,0,0,0,0,0,0,0,0,0,0,0,0,1,1,100,1,0,0,0,0,0,0
GO+Peja,"C. Williams, F. Shoshaj, D. Davis, M. Mala, A. Hajdari",1,13,0,0,0,0,0,0,0,0,0,0,0,0,0,0,0,0,1,1,0,216.2,177.2,255.2,13.5,9.4,0,0,0,0,0,100,0,0,0,3,1,1,100,0,0,0,1,1,100,0,0,0,0,0,0,0,0,1,100,104.2,0,0,0,217,-217,0,0,0,0,0,0,0,0,0,1,0,0,0,1,1,100,0,0,0,0,0,0,0,0,0,0
GO+Peja,"C. Williams, F. Shoshaj, D. Davis, C. Edwards, A. Hajdari",1,34,0,0,1,0,0,1,0,0,0,0,0,0,0,0,0,0,0,0,0,63.7,67.8,59.6,35.4,40.2,0,0,0,0,0,0,0,100,0,2,0,2,0,0,0,0,2,2,100,2,1,3,0,0,0,0,0,0,0,34.7,0,100,0,236.7,-236.7,0,0,0,0,0,0,1,0,0,0,0,0,0,2,0,0,0,0,0,0,0,0,0,0,0,0
GO+Peja,"C. Williams, L. Routt, M. Mala, D. Bracey, C. Edwards",1,12,0,0,0,0,0,0,0,0,0,0,0,0,0,0,0,0,0,0,0,106,20,192,120.0,12.5,0,0,0,0,0,0,0,0,0,0,0,0,0,0,0,0,0,0,0,0,0,0,0,0,0,1,0,0,0,0,100,0,0,0,0,0,0,0,0,0,0,0,0,0,0,0,0,0,0,0,0,0,0,0,0,0,0,0,1,0,0
GO+Peja,"F. Shoshaj, L. Routt, M. Mala, C. Edwards, O. Williams",1,16,0,0,0,0,0,0,0,0,0,0,0,0,0,0,0,0,0,0,0,39.2,15,63.4,160.0,37.9,0,0,0,0,0,0,0,0,0,1,0,0,0,0,0,0,1,1,100,0,0,0,0,0,0,0,1,0,0,113.6,0,0,0,236.7,-236.7,0,0,0,0,0,0,0,0,0,0,0,0,0,0,0,0,0,0,0,0,0,0,0,0,0,0
GO+Peja,"F. Shoshaj, M. Mala, T. Green, C. Edwards, A. Hajdari",1,48,0,0,0,0,0,0,0,0,0,0,0,0,0,0,0,0,0,0,0,26.5,5,48,480.0,50.0,0,0,0,0,0,0,0,0,0,2,1,1,100,0,0,0,0,0,0,0,0,0,0,0,0,0,1,0,100,100,0,0,0,208.3,-208.3,0,0,0,0,0,0,0,0,0,0,0,0,0,1,1,100,0,0,0,0,0,0,0,0,0,0
Golden Eagle Ylli,"J. Gray, L. Shoshi, A. Çallakaj, E. Kastrati, D. Conger",1,8,0,0,0,0,0,0,0,0,0,0,0,0,0,0,0,0,0,0,0,159,30,288,80.0,8.3,0,0,0,0,0,0,0,0,0,2,1,1,100,0,0,0,0,0,0,0,0,0,0,0,0,0,0,0,100,100,0,0,0,208.3,-208.3,0,0,0,0,0,0,0,0,0,0,0,0,0,1,1,100,0,0,0,0,0,0,0,0,0,0
Golden Eagle Ylli,"J. Gray, L. Shoshi, D. Sabeckis, T. Allen, E. Kastrati",1,55,2,1,1,100,0,0,0,0,0,0,0,0,0,1,0,0,0,0,0,62.8,41.9,83.8,57.3,28.6,100,100,100,0,0,0,0,0,208.3,5,2,2,100,1,1,100,0,0,0,0,0,0,1,0,0,0,1,1,125,125,0,0,50,260.4,-52.1,1,1,100,0,0,0,0,0,0,0,0,0,0,0,0,0,1,1,100,1,1,100,0,0,0,0
Golden Eagle Ylli,"J. Gray, L. Shoshi, D. Sabeckis, T. Allen, G. Morina",1,48,1,0,0,0,0,0,0,1,2,50,0,0,0,1,0,0,0,0,0,45.1,42.2,48,56.8,50.0,0,56.8,0,0,0,0,0,0,118.4,2,1,1,100,0,0,0,0,0,0,0,0,0,0,0,0,0,2,0,100,100,0,0,0,208.3,-90,0,0,0,0,0,0,0,0,0,0,0,0,0,0,0,0,1,1,100,0,0,0,0,0,0,0
Golden Eagle Ylli,"J. Gray, L. Shoshi, S. Bamforth, E. Kastrati, G. Morina",1,41,0,0,0,0,0,0,0,0,0,0,0,1,1,0,0,0,1,0,0,80.9,56.2,105.6,42.7,22.7,0,0,0,0,50,100,0,0,0,2,0,2,0,0,1,0,2,2,100,1,0,1,0,0,0,0,0,1,0,34.7,0,50,50,110.8,-110.8,0,0,0,0,0,0,0,0,0,1,0,0,0,1,0,0,0,0,0,1,0,0,0,0,0,0
Golden Eagle Ylli,"J. Gray, A. Çallakaj, D. Sabeckis, B. Huffman, G. Morina",1,36,1,0,0,0,0,0,0,1,2,50,0,0,0,0,0,0,0,0,0,60.2,56.3,64,42.6,37.5,0,56.8,0,0,0,0,0,0,118.4,2,1,1,100,0,0,0,0,0,0,0,0,0,0,0,0,0,0,0,100,100,0,0,0,208.3,-90,0,0,0,0,0,0,0,0,0,0,0,0,0,0,0,0,1,1,100,0,0,0,0,0,0,0
Golden Eagle Ylli,"J. Gray, A. Çallakaj, S. Bamforth, T. Smith, D. Thomas",1,27,0,0,0,0,0,0,0,0,1,0,0,0,0,0,0,0,0,0,0,61.4,37.5,85.3,63.9,28.1,0,0,0,0,0,0,0,0,0,0,0,0,0,0,0,0,0,0,0,0,1,1,0,0,0,1,1,0,0,0,100,0,0,0,0,0,0,0,0,0,0,0,0,0,0,0,0,0,0,0,0,0,0,0,0,0,0,0,0,0,1
Golden Eagle Ylli,"J. Gray, D. Sabeckis, S. Ahmeti, E. Kastrati, T. Smith",1,16,2,1,1,100,0,0,0,0,0,0,0,0,0,1,0,0,0,0,0,135.4,144,126.7,16.7,18.9,100,100,100,0,0,0,0,0,208.3,2,0,0,0,0,0,0,2,2,100,0,0,0,0,0,0,0,0,0,0,113.6,0,0,0,236.7,-28.4,1,1,100,0,0,0,0,0,0,0,0,0,0,0,0,0,0,0,0,0,0,0,0,0,0,0
Golden Eagle Ylli,"J. Gray, D. Sabeckis, S. Bamforth, E. Kastrati, G. Morina",1,4,0,0,0,0,0,0,0,0,0,0,0,0,0,0,0,0,1,0,0,318,576,60,4.2,40.0,0,0,0,0,0,100,0,0,0,0,0,0,0,0,0,0,0,0,0,0,0,0,0,0,0,0,0,0,0,0,0,0,0,0,0,0,0,0,0,0,0,0,0,0,0,0,0,1,0,0,0,0,0,0,0,0,0,0,0,0,0
Golden Eagle Ylli,"J. Gray, B. Huffman, S. Bamforth, B. Pass, G. Morina",1,57,0,0,1,0,0,0,0,0,0,0,0,1,1,0,0,0,0,2,0,40.4,40.4,40.4,59.4,59.4,0,0,0,0,100,0,0,0,0,0,0,1,0,0,0,0,0,0,0,0,1,1,0,0,1,0,0,0,0,0,0,0,0,0,0,1,0,0,0,0,0,0,0,0,0,0,0,0,1,0,0,0,0,0,0,0,0,0,0,0,0
Golden Eagle Ylli,"L. Shoshi, A. Çallakaj, D. Sabeckis, S. Bamforth, D. Thomas",1,18,0,0,1,0,0,1,0,0,0,0,0,0,0,0,0,0,0,1,0,128,128,128,18.8,18.8,0,0,0,0,0,0,0,100,0,2,1,1,100,0,0,0,0,0,0,0,1,1,1,0,0,0,0,0,100,100,0,0,0,208.3,-208.3,0,0,0,0,0,0,1,0,0,0,0,0,0,1,1,100,0,0,0,0,0,0,0,0,0,0
Golden Eagle Ylli,"L. Shoshi, A. Çallakaj, J. Reece, L. Thomas, B. Pass",1,25,2,1,1,100,0,0,0,0,0,0,0,0,0,1,0,0,0,2,0,86.6,92.2,81.1,26.0,29.6,100,100,100,0,0,0,0,0,208.3,2,0,0,0,0,0,0,2,2,100,0,0,0,0,0,0,0,0,0,0,113.6,0,0,0,236.7,-28.4,1,1,100,0,0,0,0,0,0,0,0,0,0,0,0,0,0,0,0,0,0,0,0,0,0,0
Golden Eagle Ylli,"L. Shoshi, A. Çallakaj, L. Thomas, D. Conger, G. Morina",1,17,0,0,1,0,0,0,0,0,0,0,0,0,0,0,0,0,0,1,0,74.8,135.5,14.1,17.7,170.0,0,0,0,0,0,0,0,0,0,0,0,0,0,0,0,0,0,0,0,0,1,1,0,0,0,0,0,0,0,0,0,0,0,0,0,0,0,0,1,0,0,0,0,0,0,0,0,0,0,0,0,0,0,0,0,0,0,0,0,0,0
Golden Eagle Ylli,"L. Shoshi, A. Çallakaj, T. Allen, D. Conger, G. Morina",1,27,0,0,2,0,0,1,0,0,0,0,2,0,2,0,0,0,0,0,0,47.1,8.9,85.3,270.0,28.1,0,0,0,100,0,0,0,50,0,2,1,1,100,0,0,0,0,0,0,0,0,0,0,0,0,0,1,0,100,100,0,0,0,208.3,-208.3,0,0,0,1,0,0,1,0,0,0,0,0,0,1,1,100,0,0,0,0,0,0,0,0,0,0
Golden Eagle Ylli,"L. Shoshi, A. Çallakaj, E. Kastrati, A. Gashi, G. Morina",1,3,2,1,1,100,0,0,0,0,0,0,0,1,1,1,0,0,0,0,0,768,768,768,3.1,3.1,100,100,100,0,100,0,0,0,208.3,0,0,1,0,0,1,0,0,0,0,0,0,0,0,0,0,0,0,0,0,0,0,0,100,0,208.3,1,1,100,0,0,0,0,0,0,0,0,0,0,0,0,0,0,0,0,1,0,0,0,0,0,0
Golden Eagle Ylli,"L. Shoshi, D. Sabeckis, B. Huffman, E. Kastrati, A. Gashi",1,20,0,0,0,0,0,0,0,0,0,0,0,0,0,0,0,0,0,0,0,12,12,12,200.0,200.0,0,0,0,0,0,0,0,0,0,0,0,0,0,0,0,0,0,0,0,0,0,0,0,0,0,0,0,0,0,0,0,0,0,0,0,0,0,0,0,0,0,0,0,0,0,0,0,0,0,0,0,0,0,0,0,0,0,0,0,0,0
Golden Eagle Ylli,"L. Shoshi, D. Sabeckis, S. Bamforth, D. Conger, T. Smith",1,15,3,1,1,100,1,1,100,0,0,0,0,0,0,0,0,0,0,0,0,84.8,153.6,16,15.6,150.0,150,150,0,0,0,0,0,100,312.5,0,0,0,0,0,0,0,0,0,0,0,0,0,0,0,0,0,0,0,0,0,0,0,0,0,312.5,0,0,0,0,0,0,1,1,100,0,0,0,0,0,0,0,0,0,0,0,0,0,0,0,0,0
Golden Eagle Ylli,"L. Shoshi, D. Sabeckis, S. Bamforth, B. Pass, G. Morina",1,46,1,0,0,0,0,0,0,1,2,50,0,0,0,1,0,0,0,0,0,47.1,44.1,50.1,54.5,47.9,0,56.8,0,0,0,0,0,0,118.4,2,1,1,100,0,0,0,0,0,0,0,0,0,1,0,0,0,0,0,100,100,0,0,0,208.3,-90,0,0,0,0,0,0,0,0,0,0,0,0,0,1,1,100,0,0,0,0,0,0,0,0,0,0
Golden Eagle Ylli,"L. Shoshi, D. Sabeckis, S. Bamforth, T. Smith, G. Morina",1,82,0,0,0,0,0,0,0,0,0,0,0,0,0,0,0,0,1,1,0,42.1,28.1,56.2,85.4,42.7,0,0,0,0,0,100,0,0,0,4,2,4,50,0,0,0,0,0,0,2,0,2,0,0,0,0,0,1,50,50,0,100,0,208.3,-208.3,0,0,0,0,0,0,0,0,0,0,0,1,0,3,1,33.3,1,1,100,0,0,0,0,0,0,0
Golden Eagle Ylli,"L. Shoshi, D. Sabeckis, L. Thomas, T. Allen, A. Gashi",1,3,0,0,0,0,0,0,0,0,0,0,0,0,0,0,1,0,0,0,0,424,80,768,30.0,3.1,0,0,0,0,0,0,0,0,0,0,0,0,0,0,0,0,0,0,0,0,0,0,0,0,0,1,0,0,0,0,100,0,0,0,0,0,0,0,0,0,0,0,0,0,0,0,0,0,0,0,0,0,0,0,0,0,0,1,0,0,0
Golden Eagle Ylli,"L. Shoshi, S. Bamforth, T. Allen, B. Pass, G. Morina",1,24,2,1,1,100,0,0,0,0,0,0,0,0,0,1,0,0,0,1,0,53,96,10,25.0,240.0,100,100,100,0,0,0,0,0,208.3,0,0,1,0,0,0,0,0,0,0,1,0,1,0,0,0,0,0,0,0,0,0,100,0,0,208.3,1,1,100,0,0,0,0,0,0,0,0,0,0,0,0,0,1,0,0,0,0,0,0,0,0,0
Golden Eagle Ylli,"L. Shoshi, J. Reece, L. Thomas, T. Allen, A. Shala",1,77,0,0,0,0,0,0,0,0,0,0,0,0,0,0,0,0,1,3,0,41.3,29.9,52.7,80.2,45.6,0,0,0,0,0,100,0,0,0,3,0,1,0,0,0,0,3,4,75,1,0,1,0,1,0,0,0,1,0,54.3,0,100,0,177.6,-177.6,0,0,0,0,0,0,0,0,0,1,0,0,0,0,0,0,1,0,0,0,0,0,0,0,0,0
Golden Eagle Ylli,"L. Shoshi, T. Allen, E. Kastrati, D. Conger, G. Morina",1,49,0,0,2,0,0,0,0,0,0,0,1,0,1,0,0,0,0,1,0,54.5,47,62.1,51.0,38.7,0,0,0,50,0,0,0,0,0,2,0,0,0,0,0,0,2,3,66.7,0,1,1,1,0,0,0,1,1,0,75.8,0,0,0,157.8,-157.8,2,0,0,0,0,0,0,0,0,0,0,0,0,0,0,0,0,0,0,0,0,0,0,0,0,0
Golden Eagle Ylli,"A. Çallakaj, D. Sabeckis, S. Ahmeti, A. Gashi, A. Shala",1,12,2,0,0,0,0,0,0,2,2,100,0,1,1,0,0,0,0,0,0,180.5,169,192,14.2,12.5,0,113.6,0,0,100,0,0,0,236.7,0,0,1,0,0,1,0,0,0,0,0,0,0,0,0,0,0,1,0,0,0,0,0,100,0,236.7,0,0,0,0,0,0,0,0,0,0,0,0,0,0,0,0,0,0,0,1,0,0,0,0,0,0
Golden Eagle Ylli,"A. Çallakaj, D. Sabeckis, J. Reece, L. Thomas, G. Morina",1,60,0,0,1,0,0,1,0,0,0,0,1,0,1,0,0,0,1,0,0,38.4,38.4,38.4,62.5,62.5,0,0,0,100,0,50,0,100,0,0,0,0,0,0,0,0,0,0,0,0,0,0,0,0,0,1,2,0,0,0,100,0,0,0,0,0,0,0,0,0,0,1,0,0,0,0,1,0,0,0,0,0,0,0,0,0,0,1,0,0,0
Golden Eagle Ylli,"A. Çallakaj, D. Sabeckis, T. Allen, A. Gashi, A. Shala",1,36,2,1,1,100,0,0,0,0,0,0,0,1,1,0,1,0,0,0,0,96,64,128,37.5,18.8,100,100,0,0,100,0,0,0,208.3,0,0,1,0,0,1,0,0,0,0,0,0,0,0,0,0,1,0,1,0,0,50,0,100,0,208.3,1,1,100,0,0,0,0,0,0,0,0,0,0,0,0,0,0,0,0,1,0,0,0,1,0,0
Golden Eagle Ylli,"A. Çallakaj, B. Huffman, J. Reece, L. Thomas, T. Allen",1,22,0,0,2,0,0,0,0,0,0,0,1,0,1,0,0,0,0,1,0,98.4,104.7,92.2,22.9,26.0,0,0,0,50,0,0,0,0,0,2,0,0,0,0,0,0,2,2,100,0,1,1,0,0,0,0,1,0,0,113.6,0,0,0,236.7,-236.7,2,0,0,0,0,0,0,0,0,0,0,0,0,0,0,0,0,0,0,0,0,0,0,0,0,0
Golden Eagle Ylli,"A. Çallakaj, B. Huffman, J. Reece, T. Allen, B. Pass",1,65,2,0,0,0,0,0,0,2,2,100,0,0,0,0,0,0,0,0,0,17.4,31.2,3.7,76.9,650.0,0,113.6,0,0,0,0,0,0,236.7,0,0,0,0,0,0,0,0,0,0,0,0,0,0,0,0,0,0,0,0,0,0,0,0,0,236.7,0,0,0,0,0,0,0,0,0,0,0,0,0,0,0,0,0,0,0,0,0,0,0,0,0,0
Golden Eagle Ylli,"A. Çallakaj, B. Huffman, T. Allen, D. Conger, G. Morina",1,19,1,0,0,0,0,0,0,1,2,50,0,0,0,0,0,0,0,0,0,59.7,106.7,12.6,22.5,190.0,0,56.8,0,0,0,0,0,0,118.4,0,0,0,0,0,0,0,0,0,0,0,0,0,0,0,0,0,0,0,0,0,0,0,0,0,118.4,0,0,0,0,0,0,0,0,0,0,0,0,0,0,0,0,0,0,0,0,0,0,0,0,0,0
Golden Eagle Ylli,"A. Çallakaj, J. Reece, L. Thomas, E. Kastrati, A. Shala",1,3,0,0,0,0,0,0,0,0,0,0,0,1,1,0,0,0,0,0,0,424,80,768,30.0,3.1,0,0,0,0,100,0,0,0,0,0,0,1,0,0,0,0,0,0,0,0,0,0,0,0,0,0,0,0,0,0,0,0,0,0,0,0,0,0,0,0,0,0,0,0,0,0,0,0,0,0,0,1,0,0,0,0,0,0,0,0,0
Golden Eagle Ylli,"A. Çallakaj, J. Reece, T. Allen, E. Kastrati, B. Pass",1,8,0,0,0,0,0,0,0,0,0,0,0,0,0,0,0,0,0,1,0,159,30,288,80.0,8.3,0,0,0,0,0,0,0,0,0,2,1,1,100,0,0,0,0,0,0,0,0,0,0,0,0,0,0,0,100,100,0,0,0,208.3,-208.3,0,0,0,0,0,0,0,0,0,0,0,0,0,1,1,100,0,0,0,0,0,0,0,0,0,0
Golden Eagle Ylli,"A. Çallakaj, J. Reece, T. Allen, B. Pass, A. Gashi",1,1,0,0,0,0,0,0,0,0,0,0,0,0,0,0,0,0,0,0,0,1133.8,240,2027.5,10.0,1.2,0,0,0,0,0,0,0,0,0,2,0,0,0,0,0,0,2,2,100,0,0,0,0,0,0,0,0,0,0,113.6,0,0,0,236.7,-236.7,0,0,0,0,0,0,0,0,0,0,0,0,0,0,0,0,0,0,0,0,0,0,0,0,0,0
Golden Eagle Ylli,"A. Çallakaj, L. Thomas, T. Allen, B. Pass, A. Gashi",1,4,1,0,0,0,0,0,0,1,2,50,0,0,0,0,0,0,0,0,0,541.4,506.9,576,4.7,4.2,0,56.8,0,0,0,0,0,0,118.4,0,0,1,0,0,1,0,0,0,0,0,0,0,0,0,0,0,1,0,0,0,0,0,100,0,118.4,0,0,0,0,0,0,0,0,0,0,0,0,0,0,0,0,0,0,0,1,0,0,0,0,0,0
Golden Eagle Ylli,"D. Sabeckis, B. Huffman, J. Reece, A. Gashi, G. Morina",1,27,2,0,0,0,0,0,0,2,2,100,0,0,0,0,0,0,0,1,0,42,75.1,8.9,32.0,270.0,0,113.6,0,0,0,0,0,0,236.7,0,0,0,0,0,0,0,0,0,0,0,0,0,0,0,0,0,0,0,0,0,0,0,0,0,236.7,0,0,0,0,0,0,0,0,0,0,0,0,0,0,0,0,0,0,0,0,0,0,0,0,0,0
Golden Eagle Ylli,"D. Sabeckis, B. Huffman, T. Allen, E. Kastrati, A. Gashi",1,13,2,1,1,100,0,0,0,0,0,0,0,1,1,0,0,0,0,0,0,177.2,177.2,177.2,13.5,13.5,100,100,0,0,100,0,0,0,208.3,0,0,1,0,0,1,0,0,0,0,0,0,0,0,0,0,0,0,0,0,0,0,0,100,0,208.3,0,0,0,1,1,100,0,0,0,0,0,0,0,0,0,0,0,0,0,1,0,0,0,0,0,0
Golden Eagle Ylli,"D. Sabeckis, S. Bamforth, T. Allen, B. Pass, G. Morina",1,7,0,0,0,0,0,0,0,0,0,0,0,0,0,0,0,0,1,0,0,181.7,329.1,34.3,7.3,70.0,0,0,0,0,0,100,0,0,0,0,0,0,0,0,0,0,0,0,0,0,0,0,0,0,0,0,1,0,0,0,0,0,0,0,0,0,0,0,0,0,0,0,0,0,0,0,0,1,0,0,0,0,0,0,0,0,0,0,0,0,0
Golden Eagle Ylli,"D. Sabeckis, S. Bamforth, E. Kastrati, A. Gashi, T. Smith",1,5,0,0,1,0,0,1,0,0,0,0,0,0,0,0,0,0,0,1,0,254.4,460.8,48,5.2,50.0,0,0,0,0,0,0,0,100,0,0,0,0,0,0,0,0,0,0,0,0,1,1,0,0,0,0,0,0,0,0,0,0,0,0,0,0,0,0,0,0,0,1,0,0,0,0,0,0,0,0,0,0,0,0,0,0,0,0,0,0,0
Golden Eagle Ylli,"D. Sabeckis, J. Reece, T. Allen, E. Kastrati, A. Gashi",1,70,2,1,1,100,0,0,0,0,0,0,0,2,2,1,0,0,0,1,0,49.4,32.9,65.8,72.9,36.5,100,100,100,0,100,0,0,0,208.3,0,0,2,0,0,2,0,0,0,0,0,0,0,0,0,0,0,1,1,0,0,0,0,100,0,208.3,1,1,100,0,0,0,0,0,0,0,0,0,0,0,0,0,0,0,0,2,0,0,0,0,0,0
Golden Eagle Ylli,"D. Sabeckis, E. Kastrati, B. Pass, T. Smith, G. Morina",1,55,0,0,1,0,0,0,0,0,0,0,0,1,1,0,0,0,0,0,0,51.1,41.9,60.3,57.3,39.8,0,0,0,0,50,0,0,0,0,1,0,2,0,0,1,0,1,1,100,1,1,2,0,0,0,0,0,1,0,20.5,0,50,50,72.3,-72.3,1,0,0,0,0,0,0,0,0,0,0,0,0,0,0,0,1,0,0,1,0,0,0,0,0,0
Golden Eagle Ylli,"S. Ahmeti, B. Huffman, J. Reece, A. Gashi, A. Shala",1,3,0,0,1,0,0,0,0,0,0,0,1,0,1,0,0,0,0,0,0,80,80,80,30.0,30.0,0,0,0,100,0,0,0,0,0,0,0,0,0,0,0,0,0,0,0,0,0,0,0,0,0,0,0,0,0,0,0,0,0,0,0,1,0,0,0,0,0,0,0,0,0,0,0,0,0,0,0,0,0,0,0,0,0,0,0,0,0
Golden Eagle Ylli,"S. Ahmeti, E. Kastrati, B. Pass, G. Morina, A. Shala",1,3,0,0,0,0,0,0,0,0,0,0,0,0,0,0,0,0,0,0,0,424,80,768,30.0,3.1,0,0,0,0,0,0,0,0,0,0,0,1,0,0,1,0,0,0,0,0,0,0,0,0,0,0,0,0,0,0,0,0,100,0,0,0,0,0,0,0,0,0,0,0,0,0,0,0,0,0,0,0,0,0,1,0,0,0,0,0,0
Golden Eagle Ylli,"B. Huffman, J. Reece, L. Thomas, E. Kastrati, G. Morina",1,11,0,0,0,0,0,0,0,0,0,0,0,0,0,0,0,0,0,0,0,21.8,21.8,21.8,110.0,110.0,0,0,0,0,0,0,0,0,0,0,0,0,0,0,0,0,0,0,0,0,0,0,0,0,0,0,0,0,0,0,0,0,0,0,0,0,0,0,0,0,0,0,0,0,0,0,0,0,0,0,0,0,0,0,0,0,0,0,0,0,0
Golden Eagle Ylli,"S. Bamforth, E. Kastrati, B. Pass, T. Smith, D. Thomas",1,48,0,0,1,0,0,1,0,0,0,0,0,1,1,0,0,0,0,0,0,69.1,48,90.2,50.0,26.6,0,0,0,0,50,0,0,100,0,3,1,2,50,0,0,0,1,2,50,1,1,2,0,0,0,0,1,1,50,52.1,0,50,0,166.2,-166.2,0,0,0,0,0,0,1,0,0,0,0,0,0,2,1,50,0,0,0,0,0,0,0,0,0,0
Golden Eagle Ylli,"J. Reece, T. Allen, B. Pass, G. Morina, A. Shala",1,11,0,0,0,0,0,0,0,0,0,0,0,1,1,0,0,0,0,1,0,115.6,21.8,209.5,110.0,11.5,0,0,0,0,100,0,0,0,0,0,0,1,0,0,0,0,0,0,0,0,0,0,0,0,0,0,0,0,0,0,0,0,0,0,0,0,0,0,0,0,0,0,0,0,0,0,0,0,1,0,0,0,0,0,0,0,0,0,0,0,0
Peja,"S. Llapi, S. Flatten, J. Johnson, M. Mala, A. Hajdari",1,8,0,0,0,0,0,0,0,0,0,0,0,0,0,0,0,0,0,0,0,285.7,30,541.4,80.0,4.4,0,0,0,0,0,0,0,0,0,2,0,1,0,0,1,0,2,2,100,0,0,0,0,0,0,0,0,1,0,53.2,0,0,100,110.8,-110.8,0,0,0,0,0,0,0,0,0,0,0,0,0,0,0,0,0,0,0,1,0,0,0,0,0,0
Peja,"S. Llapi, S. Flatten, D. Morris, M. Mala, T. Green",1,9,0,0,0,0,0,0,0,0,0,0,0,0,0,0,0,0,0,1,0,141.3,26.7,256,90.0,9.4,0,0,0,0,0,0,0,0,0,2,1,1,100,0,0,0,0,0,0,0,0,0,1,0,0,0,0,0,100,100,0,0,0,208.3,-208.3,0,0,0,0,0,0,0,0,0,0,0,0,0,1,1,100,0,0,0,0,0,0,0,0,0,0
Peja,"S. Llapi, S. Flatten, D. Morris, M. Mala, C. Edwards",1,59,0,0,3,0,0,1,0,0,0,0,2,0,2,0,0,0,0,0,0,47.6,39.1,56.2,61.5,42.7,0,0,0,66.7,0,0,0,33.3,0,3,1,2,50,0,1,0,1,1,100,1,1,2,0,0,0,0,0,1,50,61.5,0,100,50,217,-217,1,0,0,1,0,0,1,0,0,0,0,0,0,1,1,100,0,0,0,1,0,0,0,0,0,0
Peja,"S. Llapi, J. Johnson, M. Mala, T. Green, A. Hajdari",1,30,2,1,1,100,0,0,0,0,0,0,0,1,1,0,0,0,0,0,0,76.8,76.8,76.8,31.2,31.2,100,100,0,0,100,0,0,0,208.3,0,0,1,0,0,0,0,0,0,0,0,0,0,0,0,0,0,0,0,0,0,0,0,0,0,208.3,1,1,100,0,0,0,0,0,0,0,0,0,0,1,0,0,0,0,0,0,0,0,0,0,0,0
Rahoveci 029,"J. Johnson, K. Pullian, V. Ejupi, J. Roche, K. Ujkani",1,7,0,0,0,0,0,0,0,0,0,0,0,0,0,0,0,0,0,0,0,34.3,34.3,34.3,70.0,70.0,0,0,0,0,0,0,0,0,0,0,0,0,0,0,0,0,0,0,0,0,0,0,0,0,0,0,0,0,0,0,0,0,0,0,0,0,0,0,0,0,0,0,0,0,0,0,0,0,0,0,0,0,0,0,0,0,0,0,0,0,0
Rahoveci 029,"J. Johnson, K. Pullian, E. Peci, K. Ujkani, I. Umipig",1,1,0,0,0,0,0,0,0,0,0,0,0,0,0,0,0,0,0,0,0,1778.9,240,3317.8,10.0,0.7,0,0,0,0,0,0,0,0,0,1,0,1,0,0,1,0,1,1,100,0,0,0,0,0,0,0,0,1,0,34.7,0,0,100,72.3,-72.3,0,0,0,0,0,0,0,0,0,0,0,0,0,0,0,0,0,0,0,1,0,0,0,0,0,0
Rahoveci 029,"J. Johnson, V. Ejupi, E. Peci, K. Ujkani, R. Granberry",1,34,3,1,1,100,1,1,100,0,0,0,0,0,0,1,0,0,0,0,0,101.6,67.8,135.5,35.4,17.7,150,150,100,0,0,0,0,100,312.5,4,2,2,100,0,0,0,0,0,0,0,0,0,0,0,0,0,0,1,100,100,0,0,0,208.3,104.2,0,0,0,0,0,0,1,1,100,0,0,0,0,1,1,100,1,1,100,0,0,0,0,0,0,0
Rahoveci 029,"J. Johnson, V. Ejupi, E. Peci, B. Rexha, I. Umipig",1,21,0,0,0,0,0,0,0,0,0,0,0,0,0,0,0,0,0,1,0,47.4,11.4,83.4,210.0,28.8,0,0,0,0,0,0,0,0,0,3,0,0,0,0,0,0,3,4,75,1,0,1,0,0,0,0,0,0,0,85.2,0,100,0,411.2,-411.2,0,0,0,0,0,0,0,0,0,0,0,0,0,0,0,0,0,0,0,0,0,0,0,0,0,0
Rahoveci 029,"J. Johnson, V. Ejupi, K. Ujkani, N. Mcloud, I. Umipig",1,1,0,0,0,0,0,0,0,0,0,0,0,0,0,0,0,0,0,0,0,240,240,240,10.0,10.0,0,0,0,0,0,0,0,0,0,0,0,0,0,0,0,0,0,0,0,0,0,0,0,0,0,0,0,0,0,0,0,0,0,0,0,0,0,0,0,0,0,0,0,0,0,0,0,0,0,0,0,0,0,0,0,0,0,0,0,0,0
Rahoveci 029,"J. Johnson, E. Peci, A. Berisha, E. Haxhimurati, B. Rexha",1,36,0,0,1,0,0,0,0,0,0,0,0,0,0,0,0,0,0,1,0,88.3,64,112.6,37.5,21.3,0,0,0,0,0,0,0,0,0,4,0,0,0,0,0,0,4,4,100,0,1,1,0,0,0,0,0,1,0,113.6,0,0,0,236.7,-236.7,0,0,0,1,0,0,0,0,0,0,0,0,0,0,0,0,0,0,0,0,0,0,0,0,0,0
Rahoveci 029,"J. Johnson, B. Rexha, N. Mcloud, F. Rugova, I. Umipig",1,38,2,1,1,100,0,0,0,0,0,0,0,0,0,1,0,0,0,1,0,33.5,60.6,6.3,39.6,380.0,100,100,100,0,0,0,0,0,208.3,0,0,1,0,0,1,0,0,0,0,1,0,1,0,0,0,0,0,0,0,0,0,100,100,0,208.3,1,1,100,0,0,0,0,0,0,0,0,0,0,0,0,0,0,0,0,1,0,0,0,0,0,0
Rahoveci 029,"K. Pullian, H. Durguti, K. Ujkani, J. Johnson, I. Umipig",1,7,0,0,1,0,0,1,0,0,0,0,0,1,1,0,0,0,0,0,0,329.1,329.1,329.1,7.3,7.3,0,0,0,0,100,0,0,100,0,0,0,1,0,0,0,0,0,0,0,0,0,0,0,0,0,0,0,0,0,0,0,0,0,0,0,0,0,0,0,0,0,1,0,0,0,0,0,0,0,0,0,1,0,0,0,0,0,0,0,0,0
Rahoveci 029,"K. Pullian, H. Durguti, E. Haxhimurati, F. Rugova, A. Thomas",1,19,2,1,1,100,0,0,0,0,0,0,0,0,0,0,0,0,0,0,0,114,121.3,106.7,19.8,22.5,100,100,0,0,0,0,0,0,208.3,1,0,0,0,0,0,0,1,2,50,0,0,0,0,0,0,0,0,0,0,56.8,0,0,0,118.4,90,1,1,100,0,0,0,0,0,0,0,0,0,0,0,0,0,0,0,0,0,0,0,0,0,0,0
Rahoveci 029,"K. Pullian, H. Durguti, N. Mcloud, F. Rugova, A. Thomas",1,13,0,0,0,0,0,0,0,0,0,0,0,1,1,0,0,0,0,0,0,97.8,18.5,177.2,130.0,13.5,0,0,0,0,100,0,0,0,0,0,0,1,0,0,0,0,0,0,0,0,0,0,0,0,0,0,0,0,0,0,0,0,0,0,0,0,0,0,0,0,0,0,0,0,0,0,0,0,0,0,0,1,0,0,0,0,0,0,0,0,0
Rahoveci 029,"K. Pullian, H. Durguti, F. Rugova, I. Umipig, A. Thomas",1,72,0,0,1,0,0,1,0,0,0,0,0,1,1,0,0,0,0,0,0,48,32,64,75.0,37.5,0,0,0,0,33.3,0,0,100,0,2,1,4,25,0,2,0,0,0,0,2,1,3,0,0,0,0,1,1,25,25,0,66.7,50,104.2,-104.2,0,0,0,0,0,0,1,0,0,0,0,0,0,1,1,100,1,0,0,2,0,0,0,0,0,0
Rahoveci 029,"K. Pullian, V. Ejupi, J. Roche, J. Johnson, F. Rugova",1,30,3,1,1,100,1,1,100,0,0,0,0,0,0,1,0,0,0,0,0,76.8,76.8,76.8,31.2,31.2,150,150,100,0,0,0,0,100,312.5,0,0,0,0,0,0,0,0,0,0,0,0,0,0,0,0,1,0,0,0,0,100,0,0,0,312.5,0,0,0,0,0,0,1,1,100,0,0,0,0,0,0,0,0,0,0,0,0,0,1,0,0,0
Rahoveci 029,"K. Pullian, V. Ejupi, J. Roche, A. Berisha, R. Granberry",1,19,0,0,0,0,0,0,0,0,0,0,0,0,0,0,0,0,0,0,0,66.9,12.6,121.3,190.0,19.8,0,0,0,0,0,0,0,0,0,3,1,1,100,1,1,100,0,0,0,0,0,0,1,0,0,0,0,0,150,150,0,0,100,312.5,-312.5,0,0,0,0,0,0,0,0,0,0,0,0,0,0,0,0,0,0,0,1,1,100,0,0,0,0
Rahoveci 029,"K. Pullian, V. Ejupi, J. Roche, R. Granberry, F. Rugova",1,55,0,0,1,0,0,0,0,0,0,0,1,0,1,0,0,0,1,0,0,62.8,41.9,83.8,57.3,28.6,0,0,0,100,0,50,0,0,0,0,0,0,0,0,0,0,0,0,0,0,0,0,0,1,0,2,1,1,0,0,100,0,0,0,0,0,0,0,1,0,0,0,0,0,1,0,0,0,0,0,0,0,0,0,0,0,0,1,0,0,1
Rahoveci 029,"K. Pullian, V. Ejupi, K. Ujkani, E. Haxhimurati, R. Granberry",1,10,1,0,0,0,0,0,0,1,1,100,0,1,1,0,0,0,0,0,0,165.9,101.4,230.4,23.7,10.4,0,113.6,0,0,100,0,0,0,236.7,0,0,1,0,0,0,0,0,0,0,0,0,0,0,0,0,0,0,0,0,0,0,0,0,0,236.7,0,0,0,0,0,0,0,0,0,0,0,0,0,1,0,0,0,0,0,0,0,0,0,0,0,0
Rahoveci 029,"K. Pullian, V. Ejupi, K. Ujkani, J. Mccorrmick, F. Rugova",1,5,0,0,0,0,0,0,0,0,0,0,0,0,0,0,0,0,0,0,0,48,48,48,50.0,50.0,0,0,0,0,0,0,0,0,0,0,0,0,0,0,0,0,0,0,0,0,0,0,0,0,0,0,2,0,0,0,0,0,0,0,0,0,0,0,0,0,0,0,0,0,0,0,0,0,0,0,0,0,0,0,0,0,0,0,0,0,0
Rahoveci 029,"K. Pullian, V. Ejupi, A. Berisha, F. Rugova, A. Thomas",1,45,0,0,1,0,0,1,0,0,0,0,0,1,1,0,0,0,0,0,0,76.8,51.2,102.4,46.9,23.4,0,0,0,0,100,0,0,100,0,3,1,2,50,1,1,100,0,0,0,0,1,1,1,0,0,0,0,1,75,75,0,0,50,156.2,-156.2,0,0,0,0,0,0,1,0,0,0,0,0,0,1,0,0,0,0,0,1,1,100,0,0,0,0
Rahoveci 029,"K. Pullian, V. Ejupi, R. Granberry, F. Rugova, I. Umipig",1,86,2,1,1,100,0,0,0,0,0,0,0,2,2,0,0,0,0,1,0,40.2,26.8,53.6,89.6,44.8,100,100,0,0,100,0,0,0,208.3,0,0,2,0,0,1,0,0,0,0,0,0,0,0,0,0,0,0,1,0,0,0,0,50,0,208.3,1,1,100,0,0,0,0,0,0,0,0,0,0,1,0,0,0,0,0,1,0,0,0,0,0,0
Rahoveci 029,"K. Pullian, V. Ejupi, B. Rexha, J. Mccorrmick, F. Rugova",1,57,2,1,2,50,0,1,0,0,0,0,1,0,1,0,0,0,0,0,0,49.3,40.4,58.2,59.4,41.2,50,50,0,100,0,0,0,50,208.3,4,1,1,100,1,1,100,1,1,100,0,0,0,1,0,0,0,0,1,150,138.9,0,0,100,289.4,-81,1,1,100,0,0,0,1,0,0,0,0,0,0,0,0,0,0,0,0,1,1,100,0,0,0,0
Rahoveci 029,"K. Pullian, J. Roche, E. Peci, A. Berisha, F. Rugova",1,54,0,0,1,0,0,1,0,0,0,0,0,1,1,0,0,0,0,1,0,42.7,42.7,42.7,56.2,56.2,0,0,0,0,100,0,0,100,0,0,0,1,0,0,1,0,0,0,0,0,1,1,0,0,0,0,0,0,0,0,0,0,100,0,0,0,0,0,0,0,0,1,0,0,0,0,0,0,0,0,0,0,0,0,1,0,0,0,0,0,0
Rahoveci 029,"K. Pullian, J. Roche, J. Johnson, A. Berisha, F. Rugova",1,50,0,0,1,0,0,0,0,0,0,0,0,1,1,0,0,0,0,1,0,79.3,46.1,112.4,52.1,21.3,0,0,0,0,100,0,0,0,0,6,2,2,100,2,2,100,0,1,0,0,1,1,2,0,0,0,0,2,150,123,0,0,100,256.1,-256.1,1,0,0,0,0,0,0,0,0,0,0,0,0,0,0,0,0,0,0,2,2,100,0,0,0,0
Rahoveci 029,"K. Pullian, J. Roche, E. Haxhimurati, R. Granberry, F. Rugova",1,2,0,0,1,0,0,1,0,0,0,0,0,0,0,0,0,0,0,0,0,636,1152,120,2.1,20.0,0,0,0,0,0,0,0,100,0,0,0,0,0,0,0,0,0,0,0,0,1,1,0,0,0,0,0,0,0,0,0,0,0,0,0,0,0,0,0,0,0,1,0,0,0,0,0,0,0,0,0,0,0,0,0,0,0,0,0,0,0
Rahoveci 029,"K. Pullian, J. Roche, R. Granberry, B. Rexha, F. Rugova",1,5,0,0,1,0,0,1,0,0,0,0,1,0,1,0,0,0,0,0,0,48,48,48,50.0,50.0,0,0,0,100,0,0,0,100,0,0,0,0,0,0,0,0,0,0,0,0,0,0,0,0,0,0,1,0,0,0,0,0,0,0,0,0,0,0,0,0,0,1,0,0,0,0,0,0,0,0,0,0,0,0,0,0,0,0,0,0,0
Rahoveci 029,"K. Pullian, E. Peci, E. Haxhimurati, B. Rexha, F. Rugova",1,32,0,0,0,0,0,0,0,0,0,0,0,0,0,0,0,0,1,1,0,72,72,72,33.3,33.3,0,0,0,0,0,100,0,0,0,0,0,0,0,0,0,0,0,0,0,0,0,0,0,1,0,1,0,0,0,0,100,0,0,0,0,0,0,0,0,0,0,0,0,0,0,1,0,0,0,0,0,0,0,0,0,0,0,1,0,0,0
Rahoveci 029,"K. Pullian, E. Peci, B. Rexha, N. Mcloud, F. Rugova",1,16,0,0,0,0,0,0,0,0,0,0,0,0,0,0,0,0,0,1,0,15,15,15,160.0,160.0,0,0,0,0,0,0,0,0,0,0,0,0,0,0,0,0,0,0,0,0,0,0,0,0,0,0,0,0,0,0,0,0,0,0,0,0,0,0,0,0,0,0,0,0,0,0,0,0,0,0,0,0,0,0,0,0,0,0,0,0,0
Rahoveci 029,"K. Pullian, E. Peci, B. Rexha, N. Mcloud, I. Umipig",1,15,0,0,0,0,0,0,0,0,0,0,0,0,0,0,0,0,0,0,0,41.8,16,67.6,150.0,35.5,0,0,0,0,0,0,0,0,0,1,0,0,0,0,0,0,1,1,100,0,0,0,0,0,0,0,0,0,0,113.6,0,0,0,236.7,-236.7,0,0,0,0,0,0,0,0,0,0,0,0,0,0,0,0,0,0,0,0,0,0,0,0,0,0
Rahoveci 029,"K. Pullian, K. Ujkani, R. Granberry, B. Rexha, I. Umipig",1,34,0,0,1,0,0,0,0,0,0,0,0,0,0,0,0,0,0,1,0,63.7,67.8,59.6,35.4,40.2,0,0,0,0,0,0,0,0,0,2,0,0,0,0,0,0,2,2,100,0,1,1,0,0,0,0,0,0,0,113.6,0,0,0,236.7,-236.7,1,0,0,0,0,0,0,0,0,0,0,0,0,0,0,0,0,0,0,0,0,0,0,0,0,0
Rahoveci 029,"K. Pullian, K. Ujkani, B. Rexha, J. Mccorrmick, A. Thomas",1,30,2,1,2,50,0,1,0,0,0,0,1,0,1,0,0,0,0,1,0,42.4,76.8,8,31.2,300.0,50,50,0,100,0,0,0,50,208.3,0,0,0,0,0,0,0,0,0,0,0,0,0,0,0,0,0,0,0,0,0,0,0,0,0,208.3,1,1,100,0,0,0,1,0,0,0,0,0,0,0,0,0,0,0,0,0,0,0,0,0,0,0
Rahoveci 029,"K. Pullian, K. Ujkani, N. Mcloud, F. Rugova, A. Thomas",2,37,0,0,1,0,0,0,0,0,0,0,0,0,0,0,0,0,0,0,0,62.3,62.3,62.3,38.5,38.5,0,0,0,0,0,0,0,0,0,0,0,0,0,0,0,0,0,0,0,0,1,1,0,0,0,1,1,0,0,0,100,0,0,0,0,1,0,0,0,0,0,0,0,0,0,0,0,0,0,0,0,0,0,0,0,0,0,0,1,0,0
Rahoveci 029,"K. Pullian, A. Berisha, R. Granberry, F. Rugova, I. Umipig",1,7,0,0,1,0,0,1,0,0,0,0,0,0,0,0,0,0,0,1,0,181.7,329.1,34.3,7.3,70.0,0,0,0,0,0,0,0,100,0,0,0,1,0,0,1,0,0,0,0,1,1,2,0,0,0,0,0,0,0,0,0,100,100,0,0,0,0,0,0,0,0,1,0,0,0,0,0,0,0,0,0,0,0,0,1,0,0,0,0,0,0
Rahoveci 029,"K. Pullian, A. Berisha, N. Mcloud, J. Mccorrmick, F. Rugova",1,39,0,0,1,0,0,0,0,0,0,0,0,1,1,0,0,0,0,1,0,85.1,59.1,111.1,40.6,21.6,0,0,0,0,100,0,0,0,0,1,0,0,0,0,0,0,1,2,50,0,1,1,0,0,1,1,0,1,0,56.8,53.2,0,0,55.4,-55.4,1,0,0,0,0,0,0,0,0,0,0,0,0,0,0,0,0,0,0,0,0,0,0,1,0,0
Rahoveci 029,"K. Pullian, A. Berisha, N. Mcloud, F. Rugova, I. Umipig",1,43,0,0,2,0,0,2,0,0,0,0,1,0,1,0,0,0,0,0,0,53.6,53.6,53.6,44.8,44.8,0,0,0,50,0,0,0,100,0,2,1,1,100,0,0,0,0,0,0,0,1,1,1,0,0,0,0,0,100,100,0,0,0,208.3,-208.3,0,0,0,0,0,0,2,0,0,0,0,0,0,1,1,100,0,0,0,0,0,0,0,0,0,0
Rahoveci 029,"K. Pullian, A. Berisha, J. Mccorrmick, F. Rugova, A. Thomas",1,25,0,0,1,0,0,1,0,0,0,0,0,0,0,0,0,0,0,2,0,158.5,92.2,224.9,26.0,10.7,0,0,0,0,0,0,0,100,0,5,2,2,100,0,0,0,1,1,100,0,1,1,2,0,0,0,0,2,100,102.5,0,0,0,213.5,-213.5,0,0,0,0,0,0,1,0,0,0,0,0,0,2,2,100,0,0,0,0,0,0,0,0,0,0
Rahoveci 029,"H. Durguti, V. Ejupi, J. Roche, F. Rugova, I. Umipig",1,9,1,0,0,0,0,0,0,1,2,50,0,0,0,0,0,0,0,0,0,126,225.3,26.7,10.7,90.0,0,56.8,0,0,0,0,0,0,118.4,0,0,0,0,0,0,0,0,0,0,0,0,0,0,0,0,0,0,0,0,0,0,0,0,0,118.4,0,0,0,0,0,0,0,0,0,0,0,0,0,0,0,0,0,0,0,0,0,0,0,0,0,0
Rahoveci 029,"H. Durguti, V. Ejupi, E. Haxhimurati, B. Rexha, F. Rugova",1,0,0,0,0,0,0,0,0,0,0,0,0,0,0,0,0,0,0,0,0,2400,2400,2400,1.0,1.0,0,0,0,0,0,0,0,0,0,0,0,0,0,0,0,0,0,0,0,0,0,0,0,0,0,0,0,0,0,0,0,0,0,0,0,0,0,0,0,0,0,0,0,0,0,0,0,0,0,0,0,0,0,0,0,0,0,0,0,0,0
Rahoveci 029,"H. Durguti, J. Roche, K. Ujkani, F. Rugova, I. Umipig",1,46,0,0,1,0,0,1,0,0,0,0,0,1,1,0,0,0,0,0,0,75.1,50.1,100.2,47.9,24.0,0,0,0,0,100,0,0,100,0,3,1,2,50,1,1,100,0,0,0,0,1,1,1,0,0,0,1,1,75,75,0,0,50,156.2,-156.2,0,0,0,0,0,0,1,0,0,0,0,0,0,0,0,0,1,0,0,1,1,100,0,0,0,0
Rahoveci 029,"H. Durguti, J. Roche, F. Rugova, I. Umipig, A. Thomas",1,27,0,0,1,0,0,1,0,0,0,0,0,0,0,0,0,0,0,2,0,47.1,85.3,8.9,28.1,270.0,0,0,0,0,0,0,0,100,0,0,0,0,0,0,0,0,0,0,0,0,1,1,0,0,0,0,0,0,0,0,0,0,0,0,0,0,0,0,0,0,0,1,0,0,0,0,0,0,0,0,0,0,0,0,0,0,0,0,0,0,0
Rahoveci 029,"V. Ejupi, J. Roche, R. Granberry, F. Rugova, I. Umipig",1,15,0,0,0,0,0,0,0,0,0,0,0,0,0,0,0,0,0,0,0,84.8,16,153.6,150.0,15.6,0,0,0,0,0,0,0,0,0,2,1,1,100,0,0,0,0,0,0,0,0,0,0,0,0,0,1,0,100,100,0,0,0,208.3,-208.3,0,0,0,0,0,0,0,0,0,0,0,0,0,1,1,100,0,0,0,0,0,0,0,0,0,0
Rahoveci 029,"V. Ejupi, K. Ujkani, J. Johnson, I. Umipig, A. Thomas",1,10,0,0,2,0,0,1,0,0,0,0,1,0,1,0,0,0,0,0,0,230.4,230.4,230.4,10.4,10.4,0,0,0,50,0,0,0,50,0,0,0,1,0,0,1,0,0,0,0,0,1,1,0,0,1,0,0,0,0,0,0,0,100,0,0,0,0,0,1,0,0,1,0,0,0,0,0,0,0,0,0,0,0,0,1,0,0,0,0,0,0
Rahoveci 029,"V. Ejupi, K. Ujkani, A. Berisha, I. Umipig, A. Thomas",1,12,1,0,0,0,0,0,0,1,1,100,0,0,0,0,0,0,0,0,0,52.2,84.5,20,28.4,120.0,0,113.6,0,0,0,0,0,0,236.7,0,0,0,0,0,0,0,0,0,0,0,0,0,0,0,0,0,0,0,0,0,0,0,0,0,236.7,0,0,0,0,0,0,0,0,0,0,0,0,0,0,0,0,0,0,0,0,0,0,0,0,0,0
Rahoveci 029,"V. Ejupi, J. Johnson, B. Rexha, I. Umipig, A. Thomas",1,62,0,0,1,0,0,1,0,0,0,0,0,0,0,0,0,0,0,0,0,55.7,37.2,74.3,64.6,32.3,0,0,0,0,0,0,0,100,0,4,2,4,50,0,1,0,0,0,0,2,1,3,0,0,0,0,0,1,50,50,0,100,25,208.3,-208.3,0,0,0,0,0,0,1,0,0,0,0,0,0,1,1,100,2,1,50,1,0,0,0,0,0,0
Rahoveci 029,"V. Ejupi, A. Berisha, N. Mcloud, J. Mccorrmick, A. Thomas",1,11,0,0,1,0,0,0,0,0,0,0,0,0,0,0,0,0,0,0,0,209.5,209.5,209.5,11.5,11.5,0,0,0,0,0,0,0,0,0,2,1,1,100,0,0,0,0,0,0,0,0,0,1,0,0,0,0,0,100,100,0,0,0,208.3,-208.3,0,0,0,1,0,0,0,0,0,0,0,0,0,1,1,100,0,0,0,0,0,0,0,0,0,0
Rahoveci 029,"J. Johnson, A. Berisha, B. Rexha, F. Rugova, A. Thomas",1,47,0,0,1,0,0,1,0,0,0,0,1,0,1,0,1,0,1,0,0,70.6,49,92.2,49.0,26.0,0,0,0,100,0,50,0,100,0,3,1,1,100,0,0,0,1,2,50,1,0,1,0,0,0,1,1,1,100,79.8,34.7,100,0,166.2,-166.2,0,0,0,0,0,0,1,0,0,0,1,0,0,0,0,0,1,1,100,0,0,0,0,1,0,0
Rahoveci 029,"A. Berisha, E. Haxhimurati, B. Rexha, N. Mcloud, I. Umipig",1,70,0,0,3,0,0,1,0,0,0,0,2,0,2,0,0,0,0,2,0,45.4,32.9,57.9,72.9,41.4,0,0,0,66.7,0,0,0,33.3,0,4,0,0,0,0,0,0,4,4,100,0,1,1,0,0,2,0,0,1,0,113.6,0,0,0,236.7,-236.7,2,0,0,0,0,0,1,0,0,0,0,0,0,0,0,0,0,0,0,0,0,0,0,0,0,0
Rahoveci 029,"A. Berisha, B. Rexha, J. Mccorrmick, F. Rugova, A. Thomas",1,29,0,0,0,0,0,0,0,0,0,0,0,1,1,0,0,0,1,0,0,79.4,79.4,79.4,30.2,30.2,0,0,0,0,100,100,0,0,0,0,0,1,0,0,1,0,0,0,0,0,0,0,0,0,0,0,0,0,0,0,0,0,100,0,0,0,0,0,0,0,0,0,0,0,0,1,0,0,0,0,0,0,0,0,1,0,0,0,0,0,0
Rahoveci 029,"A. Berisha, N. Mcloud, J. Mccorrmick, F. Rugova, A. Thomas",1,44,0,0,1,0,0,1,0,0,0,0,0,0,0,0,0,0,0,0,0,52.4,52.4,52.4,45.8,45.8,0,0,0,0,0,0,0,100,0,3,1,1,100,1,1,100,0,0,0,0,1,1,0,0,0,0,1,0,150,150,0,0,100,312.5,-312.5,0,0,0,0,0,0,1,0,0,0,0,0,0,0,0,0,0,0,0,1,1,100,0,0,0,0
Sigal Prishtina,"A. Bailey, A. Azemi, D. Haxhosaj, D. Polloshka, E. Williams Jr",1,25,0,0,0,0,0,0,0,0,0,0,0,0,0,0,0,0,1,0,0,92.2,92.2,92.2,26.0,26.0,0,0,0,0,0,100,0,0,0,2,1,2,50,0,0,0,0,0,0,1,0,1,0,0,0,0,1,0,50,50,0,100,0,208.3,-208.3,0,0,0,0,0,0,0,0,0,0,0,1,0,2,1,50,0,0,0,0,0,0,0,0,0,0
Sigal Prishtina,"A. Bailey, A. Azemi, G. Hoti, D. Burns, E. Williams Jr",1,37,2,1,1,100,0,0,0,0,0,0,0,1,1,1,0,0,0,0,0,93.4,62.3,124.5,38.5,19.3,100,100,100,0,50,0,0,0,208.3,2,1,3,33.3,0,0,0,0,0,0,1,0,1,1,0,0,0,0,1,33.3,33.3,0,50,0,104.2,104.2,0,0,0,1,1,100,0,0,0,0,0,0,0,3,1,33.3,0,0,0,0,0,0,0,0,0,0
Sigal Prishtina,"A. Bailey, A. Lomax, D. Haxhosaj, A. Sinani, V. Kakruki",1,50,2,1,1,100,0,0,0,0,0,0,0,0,0,0,0,0,0,1,0,66.4,46.1,86.6,52.1,27.7,100,100,0,0,0,0,0,0,208.3,5,1,1,100,1,1,100,2,2,100,0,0,0,1,0,0,0,0,1,150,133,0,0,100,277,-68.7,0,0,0,1,1,100,0,0,0,0,0,0,0,0,0,0,0,0,0,1,1,100,0,0,0,0
Sigal Prishtina,"A. Bailey, A. Lomax, D. Haxhosaj, V. Kakruki, E. Clarance",1,1,0,0,0,0,0,0,0,0,0,0,0,0,0,0,0,0,0,0,0,1272,240,2304,10.0,1.0,0,0,0,0,0,0,0,0,0,3,1,1,100,1,1,100,0,0,0,0,0,0,1,0,0,0,0,0,150,150,0,0,100,312.5,-312.5,0,0,0,0,0,0,0,0,0,0,0,0,0,0,0,0,0,0,0,1,1,100,0,0,0,0
Sigal Prishtina,"A. Bailey, A. Lomax, L. Zeneli, N. Zuka, E. Clarance",1,25,2,1,1,100,0,0,0,0,0,0,0,1,1,0,0,0,0,1,0,66.4,92.2,40.6,26.0,59.2,100,100,0,0,100,0,0,0,208.3,0,0,0,0,0,0,0,0,1,0,0,0,0,0,0,0,0,0,0,0,0,0,0,0,0,208.3,1,1,100,0,0,0,0,0,0,0,0,0,0,0,0,0,0,0,0,0,0,0,0,0,0,0
Sigal Prishtina,"A. Bailey, A. Lomax, L. Zeneli, D. Polloshka, E. Clarance",1,20,2,1,1,100,0,0,0,0,0,0,0,0,0,0,1,0,0,1,0,172.8,115.2,230.4,20.8,10.4,100,100,0,0,0,0,0,0,208.3,2,1,1,100,0,0,0,0,0,0,0,0,0,0,0,0,1,0,1,100,100,50,0,0,104.2,104.2,1,1,100,0,0,0,0,0,0,0,0,0,0,1,1,100,0,0,0,0,0,0,1,0,0,0
Sigal Prishtina,"A. Bailey, A. Lomax, A. Sinani, D. Burns, V. Kakruki",1,13,2,0,0,0,0,0,0,2,2,100,0,0,0,0,0,0,0,0,0,87.2,156,18.5,15.4,130.0,0,113.6,0,0,0,0,0,0,236.7,0,0,0,0,0,0,0,0,0,0,0,0,0,0,0,0,0,0,0,0,0,0,0,0,0,236.7,0,0,0,0,0,0,0,0,0,0,0,0,0,0,0,0,0,0,0,0,0,0,0,0,0,0
Sigal Prishtina,"A. Bailey, A. Lomax, A. Sinani, K. Kramer, D. Polloshka",1,76,0,0,2,0,0,1,0,0,0,0,1,0,1,0,0,1,0,1,0,45.5,30.3,60.6,79.2,39.6,0,0,0,50,0,0,0,50,0,5,2,3,66.7,1,1,100,0,0,0,1,1,2,1,0,0,0,0,1,83.3,83.3,0,100,33.3,260.4,-260.4,1,0,0,0,0,0,1,0,0,0,0,0,0,1,1,100,1,0,0,1,1,100,0,0,0,0
Sigal Prishtina,"A. Bailey, A. Lomax, J. Ismajli, K. Kramer, A. Morina",2,53,2,1,1,100,0,0,0,0,0,0,0,0,0,0,0,0,0,0,0,86.9,43.5,130.4,55.2,18.4,100,100,0,0,0,0,0,0,208.3,4,2,4,50,0,1,0,0,0,0,1,0,1,1,0,0,0,0,2,50,50,0,100,25,138.9,69.4,0,0,0,1,1,100,0,0,0,0,0,0,0,3,2,66.7,0,0,0,1,0,0,0,0,0,0
Sigal Prishtina,"A. Bailey, G. Hoti, G. Hoti, D. Polloshka, V. Kakruki",1,17,1,0,0,0,0,0,0,1,1,100,0,0,0,0,0,0,0,0,0,36.9,59.6,14.1,40.2,170.0,0,113.6,0,0,0,0,0,0,236.7,0,0,0,0,0,0,0,0,0,0,0,0,0,0,0,0,0,0,0,0,0,0,0,0,0,236.7,0,0,0,0,0,0,0,0,0,0,0,0,0,0,0,0,0,0,0,0,0,0,0,0,0,0
Sigal Prishtina,"A. Bailey, D. Burns, B. Istrefi, D. Polloshka, T. Vissariou",1,6,0,0,0,0,0,0,0,0,0,0,0,0,0,0,0,0,0,0,0,212,40,384,60.0,6.2,0,0,0,0,0,0,0,0,0,2,1,1,100,0,0,0,0,0,0,0,0,0,1,0,0,0,0,0,100,100,0,0,0,208.3,-208.3,0,0,0,0,0,0,0,0,0,0,0,0,0,1,1,100,0,0,0,0,0,0,0,0,0,0
Sigal Prishtina,"A. Bailey, J. Ismajli, D. Polloshka, V. Kakruki, E. Clarance",1,19,0,0,0,0,0,0,0,0,0,0,0,0,0,0,0,0,0,1,0,59.7,12.6,106.7,190.0,22.5,0,0,0,0,0,0,0,0,0,2,0,1,0,0,1,0,2,2,100,1,0,1,0,0,0,0,0,0,0,53.2,0,100,100,236.7,-236.7,0,0,0,0,0,0,0,0,0,0,0,0,0,0,0,0,0,0,0,1,0,0,0,0,0,0
Sigal Prishtina,"A. Azemi, D. Haxhosaj, G. Hoti, K. Kramer, D. Polloshka",1,1,0,0,1,0,0,1,0,0,0,0,0,0,0,0,0,0,0,0,0,2304,2304,2304,1.0,1.0,0,0,0,0,0,0,0,100,0,0,0,0,0,0,0,0,0,0,0,0,0,0,0,0,0,1,0,0,0,0,100,0,0,0,0,0,0,0,0,0,0,1,0,0,0,0,0,0,0,0,0,0,0,0,0,0,0,1,0,0,0
Sigal Prishtina,"A. Azemi, D. Haxhosaj, L. Zeneli, G. Hoti, D. Polloshka",1,34,2,1,3,33.3,0,0,0,0,0,0,2,0,2,0,0,0,0,1,0,93.5,67.8,119.3,35.4,20.1,33.3,33.3,0,100,0,0,0,0,208.3,4,0,0,0,0,0,0,4,4,100,0,0,0,0,0,0,0,0,1,0,113.6,0,0,0,236.7,-28.4,3,1,33.3,0,0,0,0,0,0,0,0,0,0,0,0,0,0,0,0,0,0,0,0,0,0,0
Sigal Prishtina,"A. Azemi, D. Haxhosaj, D. Williams, B. Istrefi, V. Kakruki",1,4,1,0,0,0,0,0,0,1,2,50,0,0,0,0,0,0,0,0,0,283.4,506.9,60,4.7,40.0,0,56.8,0,0,0,0,0,0,118.4,0,0,0,0,0,0,0,0,0,0,0,0,0,0,0,0,0,0,0,0,0,0,0,0,0,118.4,0,0,0,0,0,0,0,0,0,0,0,0,0,0,0,0,0,0,0,0,0,0,0,0,0,0
Sigal Prishtina,"A. Azemi, D. Burns, G. Hoti, K. Kramer, B. Istrefi",1,2,0,0,0,0,0,0,0,0,0,0,0,0,0,0,0,0,0,0,0,636,120,1152,20.0,2.1,0,0,0,0,0,0,0,0,0,3,1,1,100,1,1,100,0,0,0,0,0,0,1,0,0,0,0,0,150,150,0,0,100,312.5,-312.5,0,0,0,0,0,0,0,0,0,0,0,0,0,0,0,0,0,0,0,1,1,100,0,0,0,0
Sigal Prishtina,"A. Azemi, D. Williams, K. Kramer, B. Istrefi, D. Polloshka",1,14,1,0,0,0,0,0,0,1,2,50,0,0,0,1,0,0,0,0,0,81,144.8,17.1,16.6,140.0,0,56.8,0,0,0,0,0,0,118.4,0,0,0,0,0,0,0,0,0,0,0,0,0,0,0,0,0,1,0,0,0,0,0,0,0,118.4,0,0,0,0,0,0,0,0,0,0,0,0,0,0,0,0,0,0,0,0,0,0,0,0,0,0
Sigal Prishtina,"A. Lomax, L. Zeneli, G. Hoti, N. Zuka, E. Clarance",1,52,3,1,3,33.3,1,2,50,0,0,0,2,1,3,1,0,0,0,0,0,63.8,44.3,83.3,54.2,28.8,50,50,100,100,33.3,0,0,66.7,312.5,3,1,3,33.3,0,2,0,1,2,50,2,0,2,0,0,1,0,0,1,33.3,38.7,0,66.7,66.7,166.2,146.3,1,0,0,0,0,0,2,1,50,0,0,0,0,1,1,100,0,0,0,2,0,0,0,0,0,0
Sigal Prishtina,"A. Lomax, D. Burns, K. Kramer, D. Polloshka, A. Morina",1,42,2,1,2,50,0,0,0,0,0,0,1,0,1,0,0,0,0,1,0,51.6,54.9,48.3,43.8,49.7,50,50,0,100,0,0,0,0,208.3,1,0,2,0,0,0,0,1,2,50,2,0,2,0,0,0,0,0,0,0,17.4,0,100,0,118.4,90,1,1,100,1,0,0,0,0,0,0,0,0,0,1,0,0,1,0,0,0,0,0,0,0,0,0
Sigal Prishtina,"A. Lomax, D. Burns, D. Polloshka, A. Morina, E. Clarance",1,7,2,0,0,0,0,0,0,2,2,100,0,0,0,0,0,0,0,0,0,162,289.6,34.3,8.3,70.0,0,113.6,0,0,0,0,0,0,236.7,0,0,0,0,0,0,0,0,0,0,0,0,0,0,0,0,0,1,0,0,0,0,0,0,0,236.7,0,0,0,0,0,0,0,0,0,0,0,0,0,0,0,0,0,0,0,0,0,0,0,0,0,0
Sigal Prishtina,"D. Haxhosaj, D. Burns, D. Williams, A. Morina, E. Clarance",1,36,2,1,1,100,0,0,0,0,0,0,0,0,0,0,1,0,0,0,0,96,64,128,37.5,18.8,100,100,0,0,0,0,0,0,208.3,3,1,1,100,1,1,100,0,0,0,0,0,0,1,0,0,1,1,1,150,150,50,0,100,156.2,52.1,1,1,100,0,0,0,0,0,0,0,0,0,0,0,0,0,0,0,0,1,1,100,0,1,0,0
Trepça,"A. Gashi, V. Haliti, M. Tmusic, S. Jones, B. Tuna",1,35,2,1,1,100,0,0,0,0,0,0,0,0,0,1,1,0,0,1,0,65.8,65.8,65.8,36.5,36.5,100,100,100,0,0,0,0,0,208.3,0,0,0,0,0,0,0,0,0,0,0,0,0,0,0,0,1,0,0,0,0,100,0,0,0,208.3,1,1,100,0,0,0,0,0,0,0,0,0,0,0,0,0,0,0,0,0,0,0,1,0,0,0
Trepça,"A. Gashi, V. Haliti, M. Tmusic, D. Kapiti, B. Tuna",1,29,0,0,1,0,0,0,0,0,0,0,0,1,1,0,0,0,0,1,0,79.4,79.4,79.4,30.2,30.2,0,0,0,0,100,0,0,0,0,0,0,1,0,0,1,0,0,0,0,0,1,1,0,0,0,0,0,0,0,0,0,0,100,0,0,0,0,0,1,0,0,0,0,0,0,0,0,0,0,0,0,0,0,0,1,0,0,0,0,0,0
Trepça,"A. Gashi, E. Asllani, S. Jones, M. Amzil, B. Zekiqi",1,3,0,0,0,0,0,0,0,0,0,0,0,0,0,0,0,0,0,0,0,80,80,80,30.0,30.0,0,0,0,0,0,0,0,0,0,0,0,1,0,0,0,0,0,0,0,1,0,1,0,0,0,0,0,0,0,0,0,100,0,0,0,0,0,0,0,0,0,0,0,0,0,0,0,0,1,0,0,0,0,0,0,0,0,0,0,0,0
Trepça,"A. Gashi, M. Tmusic, S. Jones, K. Hasbrouck, B. Tuna",1,11,1,0,0,0,0,0,0,1,2,50,0,0,0,0,0,0,0,0,0,103.1,184.3,21.8,13.0,110.0,0,56.8,0,0,0,0,0,0,118.4,0,0,0,0,0,0,0,0,0,0,0,0,0,0,0,0,0,0,0,0,0,0,0,0,0,118.4,0,0,0,0,0,0,0,0,0,0,0,0,0,0,0,0,0,0,0,0,0,0,0,0,0,0
Trepça,"A. Gashi, M. Tmusic, D. Kapiti, K. Hasbrouck, B. Tuna",1,7,0,0,0,0,0,0,0,0,0,0,0,0,0,0,0,0,0,1,0,162,34.3,289.6,70.0,8.3,0,0,0,0,0,0,0,0,0,2,0,0,0,0,0,0,2,2,100,0,0,0,0,0,0,0,0,0,0,113.6,0,0,0,236.7,-236.7,0,0,0,0,0,0,0,0,0,0,0,0,0,0,0,0,0,0,0,0,0,0,0,0,0,0
Trepça,"A. Gashi, D. Hajrizi, M. Amzil, D. Kapiti, K. Hasbrouck",1,44,2,1,1,100,0,0,0,0,0,0,0,1,1,1,0,0,0,0,0,78.5,52.4,104.7,45.8,22.9,100,100,100,0,100,0,0,0,208.3,2,1,2,50,0,1,0,0,0,0,0,0,0,0,0,0,0,0,1,50,50,0,0,50,104.2,104.2,1,1,100,0,0,0,0,0,0,0,0,0,0,1,1,100,0,0,0,1,0,0,0,0,0,0
Trepça,"A. Gashi, S. Jones, M. Amzil, A. Vining, B. Tuna",1,37,2,0,0,0,0,0,0,2,2,100,0,0,0,0,0,0,0,0,0,89.7,54.8,124.5,43.8,19.3,0,113.6,0,0,0,0,0,0,236.7,0,0,1,0,0,1,0,0,0,0,0,0,0,0,0,0,1,0,1,0,0,50,0,100,0,236.7,0,0,0,0,0,0,0,0,0,0,0,0,0,0,0,0,0,0,0,1,0,0,0,0,1,0
Trepça,"A. Gashi, M. Amzil, J. Payne, D. Kapiti, B. Zekiqi",1,24,2,0,0,0,0,0,0,2,2,100,0,0,0,1,0,1,0,0,0,90.2,84.5,96,28.4,25.0,0,113.6,0,0,0,0,0,0,236.7,2,1,2,50,0,0,0,0,0,0,1,0,1,0,0,0,0,0,0,50,50,0,100,0,208.3,28.4,0,0,0,0,0,0,0,0,0,0,0,0,0,2,1,50,0,0,0,0,0,0,0,0,0,0
Trepça,"A. Gashi, M. Amzil, D. Kapiti, A. Vining, B. Tuna",1,40,1,0,0,0,0,0,0,1,2,50,0,0,0,0,0,0,0,0,0,82.9,50.7,115.2,47.3,20.8,0,56.8,0,0,0,0,0,0,118.4,4,2,3,66.7,0,0,0,0,0,0,1,0,1,0,0,0,0,1,1,66.7,66.7,0,100,0,208.3,-90,0,0,0,0,0,0,0,0,0,0,0,0,0,1,1,100,2,1,50,0,0,0,0,0,0,0
Trepça,"M. Tmusic, D. Hajrizi, C. Rusell, J. Payne, D. Kapiti",1,20,0,0,0,0,0,0,0,0,0,0,0,0,0,0,0,0,0,0,0,63.6,12,115.2,200.0,20.8,0,0,0,0,0,0,0,0,0,2,1,1,100,0,0,0,0,0,0,0,0,0,1,0,0,0,0,0,100,100,0,0,0,208.3,-208.3,0,0,0,0,0,0,0,0,0,0,0,0,0,1,1,100,0,0,0,0,0,0,0,0,0,0
Trepça,"M. Tmusic, D. Hajrizi, S. Jones, D. Kapiti, K. Hasbrouck",1,2,0,0,0,0,0,0,0,0,0,0,0,1,1,0,0,0,0,0,0,636,120,1152,20.0,2.1,0,0,0,0,100,0,0,0,0,0,0,1,0,0,1,0,0,0,0,0,0,0,0,0,0,0,0,0,0,0,0,0,100,0,0,0,0,0,0,0,0,0,0,0,0,0,0,0,0,0,0,0,0,0,1,0,0,0,0,0,0
Trepça,"M. Tmusic, D. Hajrizi, M. Amzil, A. Vining, K. Hasbrouck",1,50,1,0,1,0,0,1,0,1,2,50,1,0,1,0,0,0,0,0,0,43.3,40.6,46.1,59.2,52.1,0,26.6,0,100,0,0,200,100,118.4,2,1,1,100,0,0,0,0,0,0,0,0,0,0,0,0,0,0,0,100,100,0,0,0,208.3,-90,0,0,0,0,0,0,1,0,0,0,0,0,0,0,0,0,1,1,100,0,0,0,0,0,0,0
Trepça,"M. Tmusic, D. Hajrizi, M. Amzil, A. Vining, S. Henry",1,3,0,0,1,0,0,1,0,0,0,0,0,0,0,0,0,0,0,0,0,424,768,80,3.1,30.0,0,0,0,0,0,0,0,100,0,0,0,0,0,0,0,0,0,0,0,0,0,0,0,0,0,0,1,0,0,0,0,0,0,0,0,0,0,0,0,0,0,1,0,0,0,0,0,0,0,0,0,0,0,0,0,0,0,0,0,0,0
Trepça,"M. Tmusic, D. Hajrizi, D. Kapiti, A. Vining, B. Tuna",1,56,2,1,1,100,0,0,0,0,0,0,0,0,0,0,0,0,0,0,0,61.7,41.1,82.3,58.3,29.2,100,100,0,0,0,0,0,0,208.3,2,1,1,100,0,0,0,0,0,0,0,0,0,1,0,0,1,0,1,100,100,50,0,0,104.2,104.2,1,1,100,0,0,0,0,0,0,0,0,0,0,1,1,100,0,0,0,0,0,0,0,0,0,1
Trepça,"M. Tmusic, D. Hajrizi, D. Kapiti, K. Hasbrouck, S. Henry",1,34,0,0,0,0,0,0,0,0,0,0,0,1,1,0,0,0,0,0,0,52.3,7.1,97.6,340.0,24.6,0,0,0,0,100,0,0,0,0,0,0,1,0,0,1,0,0,1,0,0,0,0,0,0,0,0,0,1,0,0,0,0,100,0,0,0,0,0,0,0,0,0,0,0,0,0,0,0,0,0,0,0,0,0,1,0,0,0,0,0,0
Trepça,"M. Tmusic, S. Jones, M. Amzil, K. Hasbrouck, S. Henry",1,19,1,0,0,0,0,0,0,1,1,100,0,0,0,0,0,0,0,0,0,33,53.4,12.6,45.0,190.0,0,113.6,0,0,0,0,0,0,236.7,0,0,0,0,0,0,0,0,0,0,0,0,0,0,0,0,0,0,0,0,0,0,0,0,0,236.7,0,0,0,0,0,0,0,0,0,0,0,0,0,0,0,0,0,0,0,0,0,0,0,0,0,0
Trepça,"M. Tmusic, S. Jones, D. Kapiti, A. Vining, S. Henry",1,18,2,0,0,0,0,0,0,2,2,100,0,0,0,0,0,0,0,0,0,63,112.6,13.3,21.3,180.0,0,113.6,0,0,0,0,0,0,236.7,0,0,0,0,0,0,0,0,0,0,0,0,0,0,0,0,0,0,0,0,0,0,0,0,0,236.7,0,0,0,0,0,0,0,0,0,0,0,0,0,0,0,0,0,0,0,0,0,0,0,0,0,0
Trepça,"M. Tmusic, S. Jones, D. Kapiti, K. Hasbrouck, S. Henry",1,5,0,0,1,0,0,0,0,0,0,0,0,1,1,0,0,0,0,0,0,460.8,460.8,460.8,5.2,5.2,0,0,0,0,100,0,0,0,0,0,0,1,0,0,1,0,0,0,0,0,0,0,0,0,0,0,0,0,0,0,0,0,100,0,0,1,0,0,0,0,0,0,0,0,0,0,0,0,0,0,0,0,0,0,1,0,0,0,0,0,0
Trepça,"M. Tmusic, S. Jones, A. Vining, K. Hasbrouck, B. Tuna",1,17,3,1,1,100,1,1,100,0,0,0,0,0,0,1,0,0,0,0,0,135.5,135.5,135.5,17.7,17.7,150,150,100,0,0,0,0,100,312.5,3,1,1,100,1,1,100,0,0,0,0,0,0,1,0,0,0,0,0,150,150,0,0,100,312.5,0,0,0,0,0,0,0,1,1,100,0,0,0,0,0,0,0,0,0,0,1,1,100,0,0,0,0
Trepça,"M. Tmusic, J. Payne, D. Kapiti, A. Vining, K. Hasbrouck",1,5,3,1,1,100,1,1,100,0,0,0,0,0,0,0,0,0,0,0,0,460.8,460.8,460.8,5.2,5.2,150,150,0,0,0,0,0,100,312.5,0,0,1,0,0,1,0,0,0,0,0,0,0,0,0,0,0,0,0,0,0,0,0,100,0,312.5,0,0,0,0,0,0,1,1,100,0,0,0,0,0,0,0,0,0,0,1,0,0,0,0,0,0
Trepça,"M. Tmusic, J. Payne, D. Kapiti, A. Vining, B. Tuna",1,8,0,0,0,0,0,0,0,0,0,0,0,0,0,0,0,0,0,0,0,159,30,288,80.0,8.3,0,0,0,0,0,0,0,0,0,2,1,2,50,0,0,0,0,0,0,1,0,1,1,0,0,0,0,0,50,50,0,100,0,208.3,-208.3,0,0,0,0,0,0,0,0,0,0,0,0,0,2,1,50,0,0,0,0,0,0,0,0,0,0
Trepça,"M. Tmusic, J. Payne, K. Hasbrouck, S. Henry, B. Tuna",1,11,0,0,0,0,0,0,0,0,0,0,0,0,0,0,0,0,0,0,0,21.8,21.8,21.8,110.0,110.0,0,0,0,0,0,0,0,0,0,0,0,0,0,0,0,0,0,0,0,0,0,0,0,0,0,0,2,0,0,0,0,0,0,0,0,0,0,0,0,0,0,0,0,0,0,0,0,0,0,0,0,0,0,0,0,0,0,0,0,0,0
Trepça,"M. Tmusic, D. Kapiti, A. Vining, K. Hasbrouck, S. Henry",1,4,0,0,0,0,0,0,0,0,0,0,0,0,0,0,0,0,1,1,0,318,576,60,4.2,40.0,0,0,0,0,0,100,0,0,0,0,0,0,0,0,0,0,0,0,0,0,0,0,0,1,0,0,0,0,0,0,0,0,0,0,0,0,0,0,0,0,0,0,0,0,1,0,0,0,0,0,0,0,0,0,0,0,0,0,0,0,0
Trepça,"D. Hajrizi, C. Rusell, C. Brown, A. Vining, B. Tuna",1,15,1,0,0,0,0,0,0,1,2,50,0,0,0,0,0,0,0,0,0,75.6,135.2,16,17.8,150.0,0,56.8,0,0,0,0,0,0,118.4,0,0,0,0,0,0,0,0,0,0,0,1,1,0,0,0,0,0,0,0,0,0,0,0,0,118.4,0,0,0,0,0,0,0,0,0,0,0,0,0,0,0,0,0,0,0,0,0,0,0,0,0,0
Trepça,"D. Hajrizi, C. Rusell, J. Payne, D. Kapiti, A. Vining",1,63,0,0,1,0,0,0,0,0,0,0,0,0,0,0,0,0,0,0,0,73.1,36.6,109.7,65.6,21.9,0,0,0,0,0,0,0,0,0,4,2,3,66.7,0,1,0,0,0,0,1,1,2,1,0,0,1,2,2,66.7,66.7,25,100,33.3,138.9,-138.9,1,0,0,0,0,0,0,0,0,0,0,0,0,2,2,100,0,0,0,1,0,0,0,1,0,0
Trepça,"D. Hajrizi, C. Rusell, D. Kapiti, A. Vining, B. Tuna",1,24,0,0,0,0,0,0,0,0,0,0,0,0,0,0,0,0,0,1,0,47.2,10,84.5,240.0,28.4,0,0,0,0,0,0,0,0,0,1,0,0,0,0,0,0,1,2,50,0,0,0,0,0,0,0,0,0,0,56.8,0,0,0,118.4,-118.4,0,0,0,0,0,0,0,0,0,0,0,0,0,0,0,0,0,0,0,0,0,0,0,0,0,0
Trepça,"D. Hajrizi, S. Jones, M. Amzil, J. Payne, S. Henry",1,6,0,0,0,0,0,0,0,0,0,0,0,0,0,0,0,0,0,0,0,40,40,40,60.0,60.0,0,0,0,0,0,0,0,0,0,0,0,0,0,0,0,0,0,0,0,0,0,0,0,0,0,0,0,0,0,0,0,0,0,0,0,0,0,0,0,0,0,0,0,0,0,0,0,0,0,0,0,0,0,0,0,0,0,0,0,0,0
Trepça,"D. Hajrizi, S. Jones, J. Payne, D. Kapiti, A. Vining",1,34,0,0,1,0,0,0,0,0,0,0,0,1,1,0,0,0,0,1,0,67.8,67.8,67.8,35.4,35.4,0,0,0,0,50,0,0,0,0,0,0,2,0,0,1,0,0,0,0,1,1,2,0,0,0,0,1,0,0,0,0,50,50,0,0,0,0,0,1,0,0,0,0,0,0,0,0,0,0,0,0,1,0,0,1,0,0,0,0,0,0
Trepça,"D. Hajrizi, J. Payne, D. Kapiti, A. Vining, B. Zekiqi",1,17,0,0,0,0,0,0,0,0,0,0,0,0,0,0,0,0,0,0,0,14.1,14.1,14.1,170.0,170.0,0,0,0,0,0,0,0,0,0,0,0,0,0,0,0,0,0,0,0,0,0,0,0,0,0,0,2,0,0,0,0,0,0,0,0,0,0,0,0,0,0,0,0,0,0,0,0,0,0,0,0,0,0,0,0,0,0,0,0,0,0
Trepça,"C. Rusell, M. Amzil, J. Payne, A. Vining, B. Tuna",1,3,0,0,0,0,0,0,0,0,0,0,0,0,0,0,0,0,0,0,0,80,80,80,30.0,30.0,0,0,0,0,0,0,0,0,0,0,0,0,0,0,0,0,0,0,0,0,0,0,0,0,0,0,0,0,0,0,0,0,0,0,0,0,0,0,0,0,0,0,0,0,0,0,0,0,0,0,0,0,0,0,0,0,0,0,0,0,0
Trepça,"S. Jones, M. Amzil, J. Payne, S. Henry, B. Tuna",3,100,2,1,5,20,0,1,0,0,0,0,4,1,5,1,0,0,0,2,0,34.6,23,46.1,104.2,52.1,20,20,100,100,100,0,0,20,208.3,3,1,2,50,1,1,100,0,0,0,0,0,0,1,0,1,0,1,1,75,75,0,0,50,156.2,52.1,1,0,0,3,1,33.3,1,0,0,0,0,0,0,0,0,0,1,0,0,1,1,100,0,0,0,0
Trepça,"S. Jones, A. Vining, K. Hasbrouck, S. Henry, B. Tuna",1,36,2,0,0,0,0,0,0,2,2,100,0,0,0,0,1,0,0,1,0,88.3,56.3,120.3,42.6,19.9,0,113.6,0,0,0,0,0,0,236.7,1,0,0,0,0,0,0,1,2,50,0,0,0,0,0,0,1,1,1,0,56.8,53.2,0,0,55.4,181.3,0,0,0,0,0,0,0,0,0,0,0,0,0,0,0,0,0,0,0,0,0,0,0,1,0,0
Trepça,"C. Brown, J. Payne, D. Kapiti, A. Vining, B. Tuna",1,35,0,0,0,0,0,0,0,0,0,0,0,1,1,0,0,0,0,0,0,36.3,6.9,65.8,350.0,36.5,0,0,0,0,100,0,0,0,0,0,0,1,0,0,1,0,0,0,0,0,0,0,0,0,0,0,1,0,0,0,0,0,100,0,0,0,0,0,0,0,0,0,0,0,0,0,0,0,0,0,0,0,0,0,1,0,0,0,0,0,0
Trepça,"M. Amzil, J. Payne, D. Kapiti, A. Vining, B. Zekiqi",1,33,2,1,1,100,0,0,0,0,0,0,0,0,0,1,0,0,0,0,0,104.7,69.8,139.6,34.4,17.2,100,100,100,0,0,0,0,0,208.3,0,0,0,0,0,0,0,0,0,0,0,0,0,0,0,0,2,2,1,0,0,100,0,0,0,208.3,1,1,100,0,0,0,0,0,0,0,0,0,0,0,0,0,0,0,0,0,0,0,0,0,0,1
Trepça,"M. Amzil, D. Kapiti, A. Vining, B. Tuna, B. Zekiqi",1,21,0,0,1,0,0,0,0,0,0,0,0,0,0,0,0,0,0,1,0,103.1,109.7,96.5,21.9,24.9,0,0,0,0,0,0,0,0,0,2,0,0,0,0,0,0,2,2,100,0,1,1,0,0,0,0,0,0,0,113.6,0,0,0,236.7,-236.7,1,0,0,0,0,0,0,0,0,0,0,0,0,0,0,0,0,0,0,0,0,0,0,0,0,0
Vëllaznimi,"L. Nixha, Z. Reid, A. Bedra, S. Zekiqi, A. Gordon",1,47,0,0,1,0,0,0,0,0,0,0,0,0,0,0,0,0,0,0,0,49,49,49,49.0,49.0,0,0,0,0,0,0,0,0,0,2,1,1,100,0,0,0,0,0,0,0,1,1,1,0,0,0,0,0,100,100,0,0,0,208.3,-208.3,1,0,0,0,0,0,0,0,0,0,0,0,0,1,1,100,0,0,0,0,0,0,0,0,0,0
Vëllaznimi,"L. Nixha, Z. Reid, A. Bedra, A. Gordon, E. Cingu",1,24,2,1,2,50,0,0,0,0,0,0,1,0,1,0,0,0,0,0,0,90.2,96,84.5,25.0,28.4,50,50,0,100,0,0,0,0,208.3,2,0,0,0,0,0,0,2,2,100,0,0,0,1,0,1,0,0,0,0,113.6,0,0,0,236.7,-28.4,2,1,50,0,0,0,0,0,0,0,0,0,0,0,0,0,0,0,0,0,0,0,0,0,0,0
Vëllaznimi,"Z. Reid, Y. Anei, A. Koshi, A. Gordon, R. Dahsyla",1,21,1,0,0,0,0,0,0,1,2,50,0,0,0,1,0,0,0,2,0,54,96.5,11.4,24.9,210.0,0,56.8,0,0,0,0,0,0,118.4,0,0,0,0,0,0,0,0,0,0,0,0,0,0,0,0,0,0,0,0,0,0,0,0,0,118.4,0,0,0,0,0,0,0,0,0,0,0,0,0,0,0,0,0,0,0,0,0,0,0,0,0,0
Vëllaznimi,"Z. Reid, Y. Anei, S. Zekiqi, L. Colimerio, A. Gordon",1,48,0,0,1,0,0,1,0,0,0,0,0,1,1,0,0,0,0,0,0,69.1,48,90.2,50.0,26.6,0,0,0,0,100,0,0,100,0,3,1,1,100,0,0,0,1,2,50,0,1,1,1,0,0,0,0,1,100,79.8,0,0,0,166.2,-166.2,0,0,0,0,0,0,1,0,0,0,0,0,0,1,1,100,0,0,0,0,0,0,0,0,0,0
Vëllaznimi,"Z. Reid, A. Koshi, S. Zekiqi, D. Wilson, J. Hellems",1,21,0,0,1,0,0,0,0,0,0,0,0,1,1,0,0,0,0,1,0,109.7,109.7,109.7,21.9,21.9,0,0,0,0,100,0,0,0,0,0,0,1,0,0,0,0,0,0,0,0,1,1,0,0,1,0,0,0,0,0,0,0,0,0,0,1,0,0,0,0,0,0,0,0,0,0,0,0,0,0,0,1,0,0,0,0,0,0,0,0,0
Vëllaznimi,"Z. Reid, A. Koshi, A. Gordon, A. Rushiti, D. Wilson",1,19,0,0,2,0,0,1,0,0,0,0,1,2,3,0,0,0,0,1,0,174.6,121.3,228,19.8,10.5,0,0,0,50,100,0,0,50,0,1,0,1,0,0,0,0,1,2,50,0,1,1,0,0,1,0,0,1,0,26.6,0,0,0,55.4,-55.4,1,0,0,0,0,0,1,0,0,0,0,0,0,0,0,0,1,0,0,0,0,0,0,0,0,0
Vëllaznimi,"Z. Reid, A. Bedra, S. Zekiqi, A. Gordon, J. Hellems",1,61,0,0,0,0,0,0,0,0,0,0,0,0,0,0,0,0,0,0,0,18.6,3.9,33.2,610.0,72.2,0,0,0,0,0,0,0,0,0,1,0,0,0,0,0,0,1,2,50,0,0,0,0,0,0,0,0,0,0,56.8,0,0,0,118.4,-118.4,0,0,0,0,0,0,0,0,0,0,0,0,0,0,0,0,0,0,0,0,0,0,0,0,0,0
Vëllaznimi,"Z. Reid, S. Zekiqi, A. Gordon, D. Wilson, R. Dahsyla",1,48,0,0,1,0,0,0,0,0,0,0,0,0,0,0,0,0,0,1,0,45.1,48,42.2,50.0,56.8,0,0,0,0,0,0,0,0,0,2,0,0,0,0,0,0,2,2,100,0,1,1,0,0,0,0,1,0,0,113.6,0,0,0,236.7,-236.7,0,0,0,1,0,0,0,0,0,0,0,0,0,0,0,0,0,0,0,0,0,0,0,0,0,0
Vëllaznimi,"Z. Reid, S. Zekiqi, A. Rushiti, D. Wilson, J. Hellems",1,13,2,0,0,0,0,0,0,2,2,100,0,0,0,0,0,0,0,0,0,87.2,156,18.5,15.4,130.0,0,113.6,0,0,0,0,0,0,236.7,0,0,0,0,0,0,0,0,0,0,0,0,0,0,0,0,0,0,0,0,0,0,0,0,0,236.7,0,0,0,0,0,0,0,0,0,0,0,0,0,0,0,0,0,0,0,0,0,0,0,0,0,0
Vëllaznimi,"Z. Reid, L. Colimerio, A. Gordon, R. Dahsyla, J. Hellems",1,23,0,0,0,0,0,0,0,0,0,0,0,0,0,0,0,0,1,0,0,100.2,100.2,100.2,24.0,24.0,0,0,0,0,0,100,0,0,0,2,1,1,100,0,0,0,0,0,0,0,0,0,0,1,0,0,0,0,100,100,0,0,0,208.3,-208.3,0,0,0,0,0,0,0,0,0,1,0,0,0,1,1,100,0,0,0,0,0,0,0,0,0,0
Vëllaznimi,"Y. Anei, A. Koshi, A. Bedra, T. Todd, J. Hellems",1,43,0,0,0,0,0,0,0,0,0,0,0,0,0,0,0,0,1,3,0,50.4,53.6,47.2,44.8,50.9,0,0,0,0,0,100,0,0,0,1,0,0,0,0,0,0,1,2,50,0,0,0,1,0,0,0,0,0,0,56.8,0,0,0,118.4,-118.4,0,0,0,0,0,0,0,0,0,0,1,0,0,0,0,0,0,0,0,0,0,0,0,0,0,0
Vëllaznimi,"Y. Anei, A. Koshi, L. Colimerio, D. Dedushaj, T. Todd",1,33,2,1,1,100,0,0,0,0,0,0,0,0,0,0,1,0,0,0,0,69.8,69.8,69.8,34.4,34.4,100,100,0,0,0,0,0,0,208.3,0,0,0,0,0,0,0,0,0,0,0,0,0,0,0,0,1,1,0,0,0,100,0,0,0,208.3,0,0,0,1,1,100,0,0,0,0,0,0,0,0,0,0,0,0,0,0,0,0,1,0,0,0
Vëllaznimi,"Y. Anei, A. Koshi, A. Rushiti, D. Wilson, T. Todd",1,23,0,0,0,0,0,0,0,0,0,0,0,0,0,0,0,0,0,0,0,55.3,10.4,100.2,230.0,24.0,0,0,0,0,0,0,0,0,0,3,1,1,100,1,1,100,0,0,0,0,0,0,1,0,0,0,0,0,150,150,0,0,100,312.5,-312.5,0,0,0,0,0,0,0,0,0,0,0,0,0,0,0,0,0,0,0,1,1,100,0,0,0,0
Vëllaznimi,"Y. Anei, A. Bedra, S. Zekiqi, L. Colimerio, T. Todd",1,37,0,0,1,0,0,0,0,0,0,0,0,0,0,0,0,0,0,1,0,62.3,62.3,62.3,38.5,38.5,0,0,0,0,0,0,0,0,0,3,1,1,100,1,1,100,0,0,0,0,1,1,1,0,0,0,0,0,150,150,0,0,100,312.5,-312.5,0,0,0,1,0,0,0,0,0,0,0,0,0,0,0,0,0,0,0,1,1,100,0,0,0,0
Vëllaznimi,"Y. Anei, S. Zekiqi, A. Gordon, A. Rushiti, T. Todd",1,7,0,0,0,0,0,0,0,0,0,0,0,1,1,0,0,0,0,1,0,162,34.3,289.6,70.0,8.3,0,0,0,0,100,0,0,0,0,0,0,0,0,0,0,0,0,2,0,0,0,0,0,0,0,0,0,0,0,0,0,0,0,0,0,0,0,0,0,0,0,0,0,0,0,0,0,0,0,0,0,0,0,0,0,0,0,0,0,0,0
Vëllaznimi,"Y. Anei, S. Zekiqi, A. Rushiti, T. Todd, J. Hellems",1,15,3,1,1,100,1,1,100,0,0,0,0,1,1,0,0,0,0,1,0,144.4,153.6,135.2,15.6,17.8,150,150,0,0,100,0,0,100,312.5,0,0,0,0,0,0,0,0,2,0,0,0,0,0,0,0,0,1,0,0,0,0,0,0,0,312.5,0,0,0,0,0,0,1,1,100,0,0,0,0,0,0,0,0,0,0,0,0,0,0,0,0,0
Vëllaznimi,"A. Koshi, S. Zekiqi, L. Colimerio, R. Dahsyla, T. Todd",1,18,2,1,1,100,0,0,0,0,0,0,0,1,1,1,0,0,0,0,0,128,128,128,18.8,18.8,100,100,100,0,100,0,0,0,208.3,0,0,1,0,0,0,0,0,0,0,0,0,0,0,0,0,0,1,0,0,0,0,0,0,0,208.3,1,1,100,0,0,0,0,0,0,0,0,0,0,1,0,0,0,0,0,0,0,0,0,0,0,0
Vëllaznimi,"A. Koshi, A. Gordon, A. Rushiti, D. Wilson, J. Hellems",1,69,0,0,1,0,0,1,0,0,0,0,1,0,1,0,0,0,1,2,0,55.4,33.4,77.5,71.9,31.0,0,0,0,100,0,50,0,100,0,5,1,1,100,0,0,0,3,3,100,0,0,0,0,0,0,0,0,2,100,107.8,0,0,0,224.5,-224.5,0,0,0,0,0,0,1,0,0,0,1,0,0,1,1,100,0,0,0,0,0,0,0,0,0,0
Vëllaznimi,"A. Bedra, L. Colimerio, A. Gordon, R. Dahsyla, T. Todd",1,46,3,1,1,100,1,1,100,0,0,0,0,0,0,1,0,0,0,0,0,50.1,50.1,50.1,47.9,47.9,150,150,100,0,0,0,0,100,312.5,2,1,2,50,0,1,0,0,0,0,1,0,1,0,0,0,0,2,0,50,50,0,100,50,208.3,104.2,0,0,0,0,0,0,1,1,100,0,0,0,0,1,1,100,0,0,0,1,0,0,0,0,0,0
Vëllaznimi,"S. Zekiqi, A. Gordon, D. Wilson, R. Dahsyla, T. Todd",1,16,2,0,0,0,0,0,0,2,2,100,0,0,0,0,0,0,0,0,0,70.9,126.7,15,18.9,160.0,0,113.6,0,0,0,0,0,0,236.7,0,0,0,0,0,0,0,0,0,0,0,0,0,0,0,0,0,0,0,0,0,0,0,0,0,236.7,0,0,0,0,0,0,0,0,0,0,0,0,0,0,0,0,0,0,0,0,0,0,0,0,0,0
Vëllaznimi,"A. Gordon, A. Rushiti, R. Dahsyla, T. Todd, J. Hellems",1,34,1,0,0,0,0,0,0,1,2,50,0,0,0,0,0,0,0,0,0,59.6,59.6,59.6,40.2,40.2,0,56.8,0,0,0,0,0,0,118.4,2,0,0,0,0,0,0,2,2,100,0,0,0,0,0,0,0,1,0,0,113.6,0,0,0,236.7,-118.4,0,0,0,0,0,0,0,0,0,0,0,0,0,0,0,0,0,0,0,0,0,0,0,0,0,0
