Home_Team,Home_Lineup,Away_Team,Away_Lineup,Games,Total_Seconds,Minutes,Possessions,Home_PTS,Home_FGM,Home_FGA,Home_FG%,Home_3PM,Home_3PA,Home_3P%,Home_FTM,Home_FTA,Home_FT%,Home_OREB,Home_DREB,Home_REB,Home_AST,Home_STL,Home_BLK,Home_TOV,Home_PF,Away_PTS,Away_FGM,Away_FGA,Away_FG%,Away_3PM,Away_3PA,Away_3P%,Away_FTM,Away_FTA,Away_FT%,Away_OREB,Away_DREB,Away_REB,Away_AST,Away_STL,Away_BLK,Away_TOV,Away_PF,Home_POSS,Away_POSS,Home_OFF_RTG,Home_DEF_RTG,Home_NET_RTG,Away_OFF_RTG,Away_DEF_RTG,Away_NET_RTG,Point_Diff,Home_RIM_ATT,Home_RIM_MADE,Home_RIM%,Home_OTD_2PT_ATT,Home_OTD_2PT_MADE,Home_OTD_2PT%,Home_OTD_3PT_ATT,Home_OTD_3PT_MADE,Home_OTD_3PT%,Away_RIM_ATT,Away_RIM_MADE,Away_RIM%,Away_OTD_2PT_ATT,Away_OTD_2PT_MADE,Away_OTD_2PT%,Away_OTD_3PT_ATT,Away_OTD_3PT_MADE,Away_OTD_3PT%,Home_PASS_TO,Home_DRIBBLE_TO,Home_DEFENSE_TO,Home_MISC_TO,Away_PASS_TO,Away_DRIBBLE_TO,Away_DEFENSE_TO,Away_MISC_TO,Home_2ND_CHANCE_PTS,Home_FAST_BREAK_PTS,Home_PTS_OFF_TOV,Away_2ND_CHANCE_PTS,Away_FAST_BREAK_PTS,Away_PTS_OFF_TOV
Sigal Prishtina,"A. Azemi, A. Bailey, D. Burns, D. Haxhosaj, T. Vissariou",Golden Eagle Ylli,"A. Scott, E. Kastrati, L. Basic, L. Shoshi, T. Allen",1,664,11.1,20.2,26,9,17,52.9,5,9,55.6,3,4,75,2,8,10,7,2,0,3,4,19,7,15,46.7,3,9,33.3,2,2,100,0,6,6,5,2,0,5,5,19.6,20.9,132.5,91,41.5,91,132.5,-41.5,7,0,0,0,0,0,0,0,0,0,0,0,0,0,0,0,0,0,0,0,0,0,0,0,0,0,0,0,0,0,0,0,0
Bora,"A. Hot, A. Mekic, J. Zeqiri, R. Memedi, S. Jules",Trepça,"B. Tuna, D. Hajrizi, J. Payne, M. Tmusic, S. Jones",1,630,10.5,19.3,22,9,17,52.9,2,5,40,2,5,40,5,7,12,3,1,1,4,6,22,8,20,40,2,9,22.2,4,7,57.1,4,5,9,8,3,0,2,4,18.9,20.4,116.3,107.8,8.5,107.8,116.3,-8.5,0,0,0,0,0,0,0,0,0,0,0,0,0,0,0,0,0,0,0,0,0,0,0,0,0,0,0,0,0,0,0,0,0
Golden Eagle Ylli,"A. Scott, E. Kastrati, L. Shoshi, L. Thomas, T. Allen",GO+Peja,"A. Hajdari, D. Berisha, J. Johnson, S. Flatten, T. Green",1,555,9.2,18.4,18,8,15,53.3,2,5,40,0,0,0,1,8,9,4,4,0,3,3,12,5,14,35.7,0,8,0,2,2,100,1,6,7,4,1,0,6,2,16.9,19.8,106.3,60.6,45.7,60.6,106.3,-45.7,6,0,0,0,0,0,0,0,0,0,0,0,0,0,0,0,0,0,0,0,0,0,0,0,0,0,0,0,0,0,0,0,0
Trepça,"A. Arslanagic, C. Brown, D. Hajrizi, J. Payne, S. Jones",Golden Eagle Ylli,"A. Çallakaj, B. Huffman, G. Morina, L. Thomas, T. Allen",1,580,9.7,18.2,19,8,17,47.1,3,3,100,0,1,0,2,8,10,4,1,0,3,4,16,7,15,46.7,0,4,0,2,2,100,0,8,8,4,0,1,2,4,18.5,17.9,102.6,89.5,13.1,89.5,102.6,-13.1,3,0,0,0,0,0,0,0,0,0,0,0,0,0,0,0,0,0,0,0,0,0,0,0,0,0,0,0,0,0,0,0,0
Golden Eagle Ylli,"D. Sabeckis, D. Thomas, E. Kastrati, S. Bamforth, T. Smith",GO+Peja,"C. Edwards, C. Williams, D. Bracey, M. Mala, S. Llapi",1,622,10.4,18.2,21,7,16,43.8,5,10,50,2,2,100,5,4,9,5,3,0,7,7,18,8,14,57.1,2,6,33.3,0,0,0,2,4,6,4,3,0,6,4,18.5,17.9,113.3,100.8,12.5,100.8,113.3,-12.5,3,0,0,0,0,0,0,0,0,0,0,0,0,0,0,0,0,0,0,0,0,0,0,0,0,0,0,0,0,0,0,0,0
Golden Eagle Ylli,"A. Scott, B. Huffman, G. Morina, S. Bamforth, T. Allen",Sigal Prishtina,"A. Bailey, A. Morina, D. Burns, D. Haxhosaj, K. Dukes",1,515,8.6,17.0,20,7,14,50,2,4,50,4,7,57.1,2,6,8,4,0,1,2,2,22,8,16,50,5,9,55.6,1,2,50,2,6,8,7,1,1,2,6,17.2,16.7,116.2,131.4,-15.2,131.4,116.2,15.2,-2,0,0,0,0,0,0,0,0,0,0,0,0,0,0,0,0,0,0,0,0,0,0,0,0,0,0,0,0,0,0,0,0
Bora,"A. Mekic, G. Singleton, J. Zeqiri, R. Memed, S. Jules",GO+Peja,"A. Herndon, D. Berisha, J. Johnson, M. Armstead, T. Green",1,462,7.7,16.3,19,6,18,33.3,3,11,27.3,4,4,100,4,4,8,3,1,0,1,5,23,7,14,50,4,6,66.7,5,6,83.3,4,8,12,6,0,1,3,1,16.5,15.9,115.3,144.7,-29.4,144.7,115.3,29.4,-4,0,0,0,0,0,0,0,0,0,0,0,0,0,0,0,0,0,0,0,0,0,0,0,0,0,0,0,0,0,0,0,0
Vëllaznimi,"A. Gordon, A. Koshi, D. Wilson, J. Hellems, S. Zekiqi",Bashkimi,"D. Lake, I. Nwamu, L. Zeqiri, M. Armstead, S. Shorter",1,541,9.0,14.9,10,4,13,30.8,1,9,11.1,1,2,50,2,4,6,4,1,0,3,6,17,7,12,58.3,1,2,50,2,5,40,2,7,9,6,2,0,3,3,14.7,15.4,67.8,110.3,-42.4,110.3,67.8,42.4,-7,0,0,0,0,0,0,0,0,0,0,0,0,0,0,0,0,0,0,0,0,0,0,0,0,0,0,0,0,0,0,0,0
Bashkimi,"D. Lake, I. Cousins, J. Baily, J. Palokaj, V. Bunjaku",Rahoveci 029,"B. Rexha, F. Rugova, I. Umipig, K. Pullian, P. Weekes",1,529,8.8,14.3,22,9,13,69.2,3,4,75,1,2,50,0,6,6,7,0,2,0,4,15,7,17,41.2,1,4,25,0,0,0,4,4,8,4,0,0,2,2,13.9,14.7,158.5,101.9,56.6,101.9,158.5,-56.6,7,0,0,0,0,0,0,0,0,0,0,0,0,0,0,0,0,0,0,0,0,0,0,0,0,0,0,0,0,0,0,0,0
Rahoveci 029,"B. Rexha, F. Rugova, I. Umipig, J. Roche, K. Pullian",Sigal Prishtina,"A. Bailey, A. Morina, E. Clarence, K. Dukes, V. Kakruki",1,502,8.4,14.3,10,5,13,38.5,0,6,0,0,0,0,1,8,9,4,2,1,2,2,8,2,11,18.2,1,4,25,3,4,75,1,7,8,4,2,0,3,1,13.9,14.7,71.8,54.5,17.3,54.5,71.8,-17.3,2,0,0,0,0,0,0,0,0,0,0,0,0,0,0,0,0,0,0,0,0,0,0,0,0,0,0,0,0,0,0,0,0
Bashkimi,"D. Lake, I. Cousins, J. Palokaj, K. Anderson, L. Zeqiri",Sigal Prishtina,"A. Azemi, A. Bailey, D. Burns, L. Autrey, V. Kakruki",1,451,7.5,13.8,13,5,10,50,2,5,40,1,2,50,3,3,6,4,2,1,8,4,14,6,10,60,2,2,100,0,0,0,1,2,3,4,1,1,3,2,15.7,11.9,83,117.4,-34.4,117.4,83,34.4,-1,0,0,0,0,0,0,0,0,0,0,0,0,0,0,0,0,0,0,0,0,0,0,0,0,0,0,0,0,0,0,0,0
Bora,"A. Mekic, G. Singleton, J. Zeqiri, R. Memedi, T. Jackson",Rahoveci 029,"B. Rexha, F. Rugova, I. Umipig, K. Pullian, P. Weeks",1,395,6.6,13.5,16,5,8,62.5,2,3,66.7,4,4,100,0,4,4,2,0,0,3,5,18,7,12,58.3,1,2,50,3,5,60,2,3,5,2,3,0,2,2,12.8,14.4,125.4,124.9,0.5,124.9,125.4,-0.5,-2,0,0,0,0,0,0,0,0,0,0,0,0,0,0,0,0,0,0,0,0,0,0,0,0,0,0,0,0,0,0,0,0
Bashkimi,"D. Lake, I. Cousins, L. Zeqiri, M. Armstead, S. Shorter",Rahoveci 029,"B. Rexha, F. Rugova, I. Umipig, J. Johnson, K. Pullian",1,346,5.8,13.3,13,5,8,62.5,0,2,0,3,3,100,0,5,5,3,2,1,3,1,11,4,11,36.4,2,8,25,1,1,100,1,3,4,3,2,0,4,2,12.3,14.2,105.5,77.5,28,77.5,105.5,-28,2,0,0,0,0,0,0,0,0,0,0,0,0,0,0,0,0,0,0,0,0,0,0,0,0,0,0,0,0,0,0,0,0
Rahoveci 029,"A. Thomas, B. Rexha, F. Rugova, J. Mccormick, K. Pullian",Golden Eagle Ylli,"A. Scott, A. Çallakaj, D. Thomas, S. Bamforth, T. Smith",1,458,7.6,13.3,12,5,15,33.3,2,9,22.2,0,0,0,3,3,6,3,1,0,1,1,13,6,11,54.5,1,4,25,0,0,0,2,7,9,5,1,1,5,2,12.8,13.9,93.8,93.8,0,93.8,93.8,0,-1,0,0,0,0,0,0,0,0,0,0,0,0,0,0,0,0,0,0,0,0,0,0,0,0,0,0,0,0,0,0,0,0
Sigal Prishtina,"A. Azemi, A. Bailey, D. Burns, L. Autrey, V. Kakruki",GO+Peja,"A. Herndon, D. Berisha, J. Johnson, M. Mala, T. Green",1,444,7.4,13.1,15,7,10,70,0,2,0,1,1,100,0,4,4,5,1,0,3,2,10,5,10,50,0,3,0,0,2,0,2,3,5,1,0,0,4,2,13.4,13.1,111.6,76.4,35.3,76.4,111.6,-35.3,5,0,0,0,0,0,0,0,0,0,0,0,0,0,0,0,0,0,0,0,0,0,0,0,0,0,0,0,0,0,0,0,0
Sigal Prishtina,"A. Azemi, A. Bailey, D. Burns, D. Polloshka, K. Kramer",Vëllaznimi,"J. Hellems, R. Dahsyla, S. Zekiqi, T. Todd, Z. Reid",1,460,7.7,13.1,21,7,14,50,4,7,57.1,3,4,75,4,4,8,3,3,0,2,2,12,4,10,40,1,2,50,3,4,75,2,3,5,1,1,0,3,5,13.5,12.6,155.8,95.1,60.7,95.1,155.8,-60.7,9,0,0,0,0,0,0,0,0,0,0,0,0,0,0,0,0,0,0,0,0,0,0,0,0,0,0,0,0,0,0,0,0
Sigal Prishtina,"A. Azemi, D. Burns, D. Haxhosaj, K. Kramer, T. Vissariou",Bashkimi,"D. Lake, I. Cousins, K. Anderson, L. Zeqiri, M. Ismaili",1,388,6.5,12.9,13,4,10,40,0,4,0,5,5,100,2,4,6,1,0,1,2,4,18,5,9,55.6,4,5,80,4,4,100,0,4,4,4,1,0,3,3,12.1,13.8,107.8,130.8,-23,130.8,107.8,23,-5,0,0,0,0,0,0,0,0,0,0,0,0,0,0,0,0,0,0,0,0,0,0,0,0,0,0,0,0,0,0,0,0
Sigal Prishtina,"A. Bailey, D. Burns, D. Haxhosaj, D. Lekndreaj, E. Williams Jr",Trepça,"C. Brown, D. Hajrizi, J. Payne, M. Amzil, M. Tmusic",1,303,5.0,12.8,13,4,11,36.4,1,6,16.7,4,4,100,3,2,5,1,2,0,4,4,13,3,5,60,2,3,66.7,5,7,71.4,0,4,4,1,0,0,4,2,13.6,12.1,95.9,107.6,-11.7,107.6,95.9,11.7,0,0,0,0,0,0,0,0,0,0,0,0,0,0,0,0,0,0,0,0,0,0,0,0,0,0,0,0,0,0,0,0,0
Vëllaznimi,"A. Bedra, A. Koshi, J. Ismajli, R. Dahsyla, Z. Ried",Bashkimi,"I. Cousins, J. Palokaj, K. Anderson, L. Zeqiri, T. Brickerstaff",1,343,5.7,12.7,18,6,11,54.5,4,8,50,2,2,100,2,2,4,3,0,0,2,5,23,10,13,76.9,0,1,0,3,5,60,2,3,5,4,2,0,0,2,11.7,13.6,153.3,169.2,-15.9,169.2,153.3,15.9,-5,0,0,0,0,0,0,0,0,0,0,0,0,0,0,0,0,0,0,0,0,0,0,0,0,0,0,0,0,0,0,0,0
GO+Peja,"A. Herndon, D. Berisha, J. Johnson, M. Mala, T. Green",Trepça,"C. Brown, D. Hajrizi, J. Payne, M. Tmusic, S. Henry",1,428,7.1,12.4,8,3,13,23.1,0,4,0,2,4,50,4,3,7,3,1,0,2,2,20,7,12,58.3,4,8,50,2,2,100,2,7,9,3,0,1,1,3,12.9,11.7,62.2,170.4,-108.2,170.4,62.2,108.2,-12,0,0,0,0,0,0,0,0,0,0,0,0,0,0,0,0,0,0,0,0,0,0,0,0,0,0,0,0,0,0,0,0
Trepça,"B. Tuna, K. Hasbrouck, M. Amzil, M. Tmusic, S. Jones",GO+Peja,"A. Hajdari, A. Herndon, C. Edwards, M. Mala, O. Williams",1,369,6.2,12.4,16,6,10,60,4,5,80,0,0,0,2,5,7,4,2,3,3,1,9,4,10,40,1,2,50,0,0,0,1,2,3,2,2,0,5,2,10.9,13.9,147.3,64.6,82.7,64.6,147.3,-82.7,7,0,0,0,0,0,0,0,0,0,0,0,0,0,0,0,0,0,0,0,0,0,0,0,0,0,0,0,0,0,0,0,0
Bora,"A. Hot, A. Hunter, L. Thomas, R. Memedi, S. Jules",GO+Peja,"C. Edwards, M. Mala, O. Williams, S. Llapi, T. Green",1,496,8.3,12.4,18,7,15,46.7,2,6,33.3,2,3,66.7,5,5,10,3,1,0,2,2,14,6,13,46.2,2,4,50,0,0,0,2,3,5,4,1,0,1,5,13.0,11.9,138.8,118,20.7,118,138.8,-20.7,4,0,0,0,0,0,0,0,0,0,0,0,0,0,0,0,0,0,0,0,0,0,0,0,0,0,0,0,0,0,0,0,0
Bashkimi,"D. Lake, K. Anderson, L. Zeqiri, M. Janjeva, T. Bickerstaff",Trepça,"C. Brown, D. Hajrizi, J. Payne, M. Tmusic, S. Henry",1,441,7.3,12.2,8,4,15,26.7,0,4,0,0,1,0,5,5,10,2,1,1,2,0,15,6,13,46.2,3,6,50,0,0,0,2,7,9,4,0,1,1,3,12.5,11.9,63.8,126.5,-62.7,126.5,63.8,62.7,-7,0,0,0,0,0,0,0,0,0,0,0,0,0,0,0,0,0,0,0,0,0,0,0,0,0,0,0,0,0,0,0,0
Vëllaznimi,"A. Gordon, A. Koshi, D. Wilson, J. Hellems, R. Dahsyla",Peja,"A. Hajdari, J. Johnson, M. Mala, S. Flatten, T. Green",1,358,6.0,12.2,17,7,13,53.8,1,4,25,2,2,100,2,4,6,3,1,0,0,3,12,3,8,37.5,2,4,50,4,4,100,1,4,5,2,0,0,4,3,11.7,12.7,144.8,94.6,50.2,94.6,144.8,-50.2,5,0,0,0,0,0,0,0,0,0,0,0,0,0,0,0,0,0,0,0,0,0,0,0,0,0,0,0,0,0,0,0,0
Golden Eagle Ylli,"A. Çallakaj, B. Huffman, G. Morina, L. Thomas, T. Allen",Vëllaznimi,"J. Ismajli, M. Warrick, R. Dahsyla, Y. Anei, Z. Reid",1,405,6.8,12.0,19,8,11,72.7,2,2,100,1,2,50,2,7,9,4,0,1,2,2,6,3,13,23.1,0,3,0,0,0,0,3,2,5,1,2,0,2,3,12.3,11.8,154.8,50.9,103.9,50.9,154.8,-103.9,13,0,0,0,0,0,0,0,0,0,0,0,0,0,0,0,0,0,0,0,0,0,0,0,0,0,0,0,0,0,0,0,0
Trepça,"D. Hajrizi, J. Payne, M. Tmusic, S. Henry, S. Jones",Bora,"A. Hot, A. Hunter, C. Payton, J. Zeqiri, T. Cheese",1,401,6.7,11.9,15,6,9,66.7,1,4,25,2,4,50,0,5,5,4,1,1,0,2,16,6,11,54.5,1,4,25,3,4,75,1,4,5,5,0,0,1,5,10.8,12.9,139.4,124.3,15.1,124.3,139.4,-15.1,-1,0,0,0,0,0,0,0,0,0,0,0,0,0,0,0,0,0,0,0,0,0,0,0,0,0,0,0,0,0,0,0,0
Golden Eagle Ylli,"A. Scott, B. Huffman, E. Kastrati, S. Bamforth, T. Allen",Rahoveci 029,"F. Rugova, H. Durguti, I. Umipig, J. Jonson, K. Pullian",1,343,5.7,11.9,16,7,9,77.8,2,3,66.7,0,2,0,1,6,7,7,2,0,3,3,8,3,15,20,1,10,10,1,2,50,6,3,9,2,3,0,2,1,12.3,11.5,129.6,69.8,59.8,69.8,129.6,-59.8,8,0,0,0,0,0,0,0,0,0,0,0,0,0,0,0,0,0,0,0,0,0,0,0,0,0,0,0,0,0,0,0,0
Vëllaznimi,"A. Koshi, D. Wilson, J. Hellems, R. Dahsyla, Y. Anei",Sigal Prishtina,"A. Bailey, A. Lomax, A. Morina, E. Clarance, V. Kakruki",1,412,6.9,11.9,14,7,12,58.3,0,2,0,0,0,0,0,5,5,5,1,1,0,1,11,5,12,41.7,1,6,16.7,0,0,0,2,5,7,4,0,0,2,3,12.0,11.9,116.7,92.7,23.9,92.7,116.7,-23.9,3,0,0,0,0,0,0,0,0,0,0,0,0,0,0,0,0,0,0,0,0,0,0,0,0,0,0,0,0,0,0,0,0
Bashkimi,"D. Lake, I. Nwamu, J. Riley, L. Zeqiri, M. Ismaili",Vëllaznimi,"A. Rushiti, D. Wilson, J. Hellems, S. Zekiqi, Y. Anei",1,358,6.0,11.9,16,7,9,77.8,2,3,66.7,0,0,0,0,6,6,2,0,0,3,3,13,5,11,45.5,1,3,33.3,2,2,100,0,2,2,3,2,0,0,1,12.0,11.9,133.3,109.4,23.9,109.4,133.3,-23.9,3,0,0,0,0,0,0,0,0,0,0,0,0,0,0,0,0,0,0,0,0,0,0,0,0,0,0,0,0,0,0,0,0
Golden Eagle Ylli,"A. Scott, B. Huffman, G. Morina, S. Bamforth, T. Allen",Rahoveci 029,"B. Rexha, F. Rugova, I. Umipig, J. Roche, K. Pullian",1,351,5.8,11.7,11,4,9,44.4,2,6,33.3,1,2,50,2,5,7,3,0,0,3,0,10,4,13,30.8,2,6,33.3,0,0,0,4,3,7,2,2,0,4,2,10.7,12.7,102.4,78.6,23.8,78.6,102.4,-23.8,1,0,0,0,0,0,0,0,0,0,0,0,0,0,0,0,0,0,0,0,0,0,0,0,0,0,0,0,0,0,0,0,0
Sigal Prishtina,"A. Azemi, A. Bailey, D. Burns, D. Lekndreaj, K. Kramer",Trepça,"B. Tuna, C. Brown, J. Payne, M. Amzil, M. Tmusic",1,389,6.5,11.6,10,4,12,33.3,2,6,33.3,0,0,0,2,3,5,3,1,1,2,4,15,6,10,60,1,2,50,2,3,66.7,1,6,7,3,0,0,1,2,11.9,11.2,84.3,133.3,-49,133.3,84.3,49,-5,0,0,0,0,0,0,0,0,0,0,0,0,0,0,0,0,0,0,0,0,0,0,0,0,0,0,0,0,0,0,0,0
Bashkimi,"D. Lake, I. Cousins, J. Palokaj, L. Zeqiri, V. Bunjaku",Rahoveci 029,"B. Rexha, F. Rugova, I. Umipig, K. Pullian, P. Weekes",1,408,6.8,11.5,15,5,14,35.7,1,4,25,4,4,100,7,7,14,3,1,3,3,4,5,1,14,7.1,0,3,0,3,7,42.9,8,2,10,1,1,1,2,3,11.3,11.7,133.1,42.9,90.2,42.9,133.1,-90.2,10,0,0,0,0,0,0,0,0,0,0,0,0,0,0,0,0,0,0,0,0,0,0,0,0,0,0,0,0,0,0,0,0
Vëllaznimi,"D. Wilson, J. Hellems, R. Dahsyla, S. Zekiqi, Y. Anei",Bora,"A. Hot, A. Hunter, L. Thomas, R. Ukaj, S. Jules",1,390,6.5,11.5,7,3,7,42.9,1,4,25,0,0,0,0,4,4,3,1,1,4,0,14,6,10,60,2,4,50,0,0,0,0,4,4,3,2,0,2,3,11.0,12.0,63.6,116.7,-53,116.7,63.6,53,-7,0,0,0,0,0,0,0,0,0,0,0,0,0,0,0,0,0,0,0,0,0,0,0,0,0,0,0,0,0,0,0,0
Sigal Prishtina,"A. Azemi, D. Burns, D. Haxhosaj, K. Kramer, T. Vissariou",Rahoveci 029,"B. Rexha, F. Rugova, I. Umipig, J. Roche, K. Pullian",1,414,6.9,11.4,8,2,11,18.2,1,7,14.3,3,4,75,5,3,8,2,2,1,3,2,17,7,12,58.3,3,5,60,0,0,0,2,5,7,3,3,1,2,2,10.9,11.9,73.1,143.3,-70.2,143.3,73.1,70.2,-9,0,0,0,0,0,0,0,0,0,0,0,0,0,0,0,0,0,0,0,0,0,0,0,0,0,0,0,0,0,0,0,0
Rahoveci 029,"A. Patty, F. Rugova, H. Durguti, J. Roche, K. Pullian",Bashkimi,"J. Baily, K. Anderson, M. Janjeva, T. Bickerstaff, V. Bunjaku",1,347,5.8,11.3,8,4,14,28.6,0,2,0,0,0,0,5,6,11,3,0,0,3,3,9,4,11,36.4,0,3,0,1,4,25,2,5,7,1,2,1,0,2,11.6,10.9,68.7,82.7,-14,82.7,68.7,14,-1,0,0,0,0,0,0,0,0,0,0,0,0,0,0,0,0,0,0,0,0,0,0,0,0,0,0,0,0,0,0,0,0
Golden Eagle Ylli,"A. Scott, B. Huffman, G. Morina, S. Bamforth, T. Allen",Sigal Prishtina,"A. Morina, D. Burns, D. Haxhosaj, K. Dukes, K. Kramer",1,321,5.3,11.2,14,4,8,50,3,4,75,3,4,75,2,6,8,3,1,0,3,1,8,3,11,27.3,0,5,0,2,2,100,2,2,4,1,3,0,2,5,10.6,11.7,131.8,68.1,63.7,68.1,131.8,-63.7,6,0,0,0,0,0,0,0,0,0,0,0,0,0,0,0,0,0,0,0,0,0,0,0,0,0,0,0,0,0,0,0,0
Bora,"A. Hot, A. Mekic, G. Singleton, J. Zeqiri, S. Jules",Bashkimi,"D. Lake, I. Cousins, J. Palokaj, K. Anderson, L. Zeqiri",1,336,5.6,11.1,10,4,10,40,0,2,0,2,3,66.7,2,4,6,2,1,1,2,1,15,5,10,50,3,5,60,2,2,100,1,5,6,5,1,0,1,3,11.5,10.8,87.1,138.8,-51.7,138.8,87.1,51.7,-5,0,0,0,0,0,0,0,0,0,0,0,0,0,0,0,0,0,0,0,0,0,0,0,0,0,0,0,0,0,0,0,0
Rahoveci 029,"B. Rexha, F. Rugova, J. Mccormick, J. Roche, K. Pullian",Vëllaznimi,"D. Wilson, J. Hellems, R. Dahsyla, S. Zekiqi, Y. Anei",1,338,5.6,11.1,7,3,9,33.3,1,4,25,0,0,0,1,2,3,2,1,0,2,4,16,6,8,75,2,4,50,2,3,66.7,0,5,5,3,1,0,3,2,9.9,12.3,70.5,129.9,-59.4,129.9,70.5,59.4,-9,0,0,0,0,0,0,0,0,0,0,0,0,0,0,0,0,0,0,0,0,0,0,0,0,0,0,0,0,0,0,0,0
Sigal Prishtina,"A. Bailey, D. Burns, E. Clarance, J. Ismajli, V. Kakruki",Rahoveci 029,"A. Thomas, B. Rexha, F. Rugova, J. Mccorrmick, K. Pullian",1,302,5.0,11.1,5,2,9,22.2,0,3,0,1,1,100,1,5,6,1,2,0,3,2,7,3,11,27.3,1,6,16.7,0,0,0,3,6,9,1,1,0,3,2,11.4,10.8,44,64.9,-20.9,64.9,44,20.9,-2,0,0,0,0,0,0,0,0,0,0,0,0,0,0,0,0,0,0,0,0,0,0,0,0,0,0,0,0,0,0,0,0
Sigal Prishtina,"A. Azemi, A. Bailey, D. Burns, D. Lekndreaj, K. Kramer",Bora,"A. Mekic, G. Singleton, J. Zeqiri, R. Memed, T. Jackson",1,338,5.6,10.9,20,8,9,88.9,3,3,100,1,2,50,2,4,6,4,3,1,2,4,7,2,7,28.6,1,1,100,2,4,50,2,0,2,2,1,0,4,1,10.8,11.0,185,63.8,121.2,63.8,185,-121.2,13,0,0,0,0,0,0,0,0,0,0,0,0,0,0,0,0,0,0,0,0,0,0,0,0,0,0,0,0,0,0,0,0
Rahoveci 029,"A. Thomas, F. Rugova, I. Umipig, J. Johnson, V. Ejupi",Sigal Prishtina,"A. Bailey, A. Morina, E. Clarence, K. Dukes, V. Kakruki",1,342,5.7,10.9,9,3,9,33.3,3,5,60,0,0,0,0,3,3,3,2,0,2,2,9,4,7,57.1,0,2,0,1,2,50,0,6,6,3,0,0,3,2,11.0,10.9,81.8,82.7,-0.9,82.7,81.8,0.9,0,0,0,0,0,0,0,0,0,0,0,0,0,0,0,0,0,0,0,0,0,0,0,0,0,0,0,0,0,0,0,0,0
Rahoveci 029,"A. Berisha, F. Rugova, I. Umipig, J. Jones, P. Weekes",Sigal Prishtina,"A. Azemi, A. Bailey, D. Burns, D. Lekndreaj, K. Kramer",1,295,4.9,10.8,9,3,10,30,1,5,20,2,2,100,2,4,6,3,2,0,1,4,3,0,3,0,0,1,0,3,4,75,0,5,5,2,1,0,7,3,9.7,11.8,92.4,25.5,66.9,25.5,92.4,-66.9,6,0,0,0,0,0,0,0,0,0,0,0,0,0,0,0,0,0,0,0,0,0,0,0,0,0,0,0,0,0,0,0,0
Sigal Prishtina,"A. Azemi, A. Bailey, D. Burns, D. Polloshka, K. Kramer",Rahoveci 029,"A. Patty, F. Rugova, H. Durguti, I. Umipig, J. Roche",1,427,7.1,10.8,12,5,9,55.6,2,3,66.7,0,0,0,2,3,5,4,2,2,4,4,13,5,11,45.5,1,2,50,2,2,100,3,2,5,5,2,1,2,1,10.9,10.7,110.5,121.8,-11.3,121.8,110.5,11.3,-1,0,0,0,0,0,0,0,0,0,0,0,0,0,0,0,0,0,0,0,0,0,0,0,0,0,0,0,0,0,0,0,0
Golden Eagle Ylli,"A. Scott, D. Conger, G. Morina, S. Bamforth, T. Smith",Bora,"A. Hot, A. Hunter, L. Thomas, R. Memedi, S. Jules",1,367,6.1,10.8,10,3,11,27.3,0,5,0,4,4,100,2,4,6,2,1,0,0,2,10,5,9,55.6,0,1,0,0,0,0,0,6,6,3,0,1,2,3,10.6,11.0,94.2,90.9,3.3,90.9,94.2,-3.3,0,0,0,0,0,0,0,0,0,0,0,0,0,0,0,0,0,0,0,0,0,0,0,0,0,0,0,0,0,0,0,0,0
Golden Eagle Ylli,"A. Scott, B. Huffman, G. Morina, S. Bamforth, T. Allen",Rahoveci 029,"F. Rugova, H. Durguti, I. Umipig, J. Jonson, K. Pullian",1,276,4.6,10.7,11,5,8,62.5,0,1,0,1,1,100,0,2,2,4,2,0,2,1,18,7,10,70,4,7,57.1,0,0,0,1,3,4,3,2,0,2,1,10.4,10.9,105.4,164.7,-59.3,164.7,105.4,59.3,-7,0,0,0,0,0,0,0,0,0,0,0,0,0,0,0,0,0,0,0,0,0,0,0,0,0,0,0,0,0,0,0,0
Rahoveci 029,"B. Rexha, F. Rugova, J. Mccormick, J. Roche, K. Pullian",Vëllaznimi,"A. Gordon, D. Wilson, J. Hellems, R. Dahsyla, S. Zekiqi",1,304,5.1,10.6,9,4,7,57.1,1,2,50,0,1,0,2,4,6,1,1,0,4,4,6,1,6,16.7,1,3,33.3,3,6,50,3,2,5,1,2,2,5,3,9.8,11.3,91.5,52.9,38.6,52.9,91.5,-38.6,3,0,0,0,0,0,0,0,0,0,0,0,0,0,0,0,0,0,0,0,0,0,0,0,0,0,0,0,0,0,0,0,0
Sigal Prishtina,"A. Azemi, A. Bailey, D. Burns, D. Polloshka, K. Kramer",Rahoveci 029,"F. Rugova, H. Durguti, I. Umipig, J. Roche, K. Pullian",1,318,5.3,10.5,14,5,11,45.5,1,3,33.3,3,3,100,2,6,8,2,1,0,0,2,9,4,13,30.8,1,5,20,0,0,0,3,4,7,2,0,0,1,3,10.2,10.8,137.5,83.4,54.1,83.4,137.5,-54.1,5,0,0,0,0,0,0,0,0,0,0,0,0,0,0,0,0,0,0,0,0,0,0,0,0,0,0,0,0,0,0,0,0
Rahoveci 029,"B. Rexha, F. Rugova, J. Mccorrmick, K. Pullian, R. Granberry",Bora,"A. Hot, A. Hunter, J. Zeqiri, R. Memedi, S. Jules",1,381,6.3,10.5,12,3,9,33.3,1,3,33.3,5,6,83.3,3,5,8,1,0,0,1,1,14,5,10,50,4,6,66.7,0,0,0,0,4,4,4,0,0,1,4,9.9,11.0,121.4,127.3,-5.9,127.3,121.4,5.9,-2,0,0,0,0,0,0,0,0,0,0,0,0,0,0,0,0,0,0,0,0,0,0,0,0,0,0,0,0,0,0,0,0
Sigal Prishtina,"A. Azemi, A. Bailey, D. Burns, D. Lekndreaj, K. Kramer",Bora,"A. Mekic, G. Singleton, R. Memed, R. Ukaj, T. Jackson",1,303,5.0,10.3,11,4,11,36.4,1,4,25,2,2,100,2,3,5,3,2,0,1,1,11,5,11,45.5,1,4,25,0,0,0,3,5,8,3,1,0,2,2,10.7,9.8,102.4,112.4,-9.9,112.4,102.4,9.9,0,0,0,0,0,0,0,0,0,0,0,0,0,0,0,0,0,0,0,0,0,0,0,0,0,0,0,0,0,0,0,0,0
GO+Peja,"A. Herndon, J. Johnson, M. Mala, S. Flatten, S. Llapi",Golden Eagle Ylli,"A. Scott, B. Huffman, G. Morina, S. Bamforth, T. Allen",1,321,5.3,10.2,17,7,11,63.6,2,3,66.7,1,1,100,1,4,5,5,1,0,0,3,10,4,10,40,2,6,33.3,0,2,0,3,3,6,4,0,0,2,2,10.4,10.1,163.9,98.7,65.2,98.7,163.9,-65.2,7,0,0,0,0,0,0,0,0,0,0,0,0,0,0,0,0,0,0,0,0,0,0,0,0,0,0,0,0,0,0,0,0
Sigal Prishtina,"D. Burns, D. Haxhosaj, E. Clarance, J. Ismajli, K. Kramer",Bora,"A. Hot, A. Hunter, L. Thomas, R. Memedi, S. Jules",1,371,6.2,10.0,10,4,11,36.4,0,4,0,2,2,100,3,4,7,1,2,1,2,3,7,3,10,30,0,2,0,1,1,100,3,4,7,2,2,0,2,3,10.7,9.2,93.7,75.8,17.9,75.8,93.7,-17.9,3,0,0,0,0,0,0,0,0,0,0,0,0,0,0,0,0,0,0,0,0,0,0,0,0,0,0,0,0,0,0,0,0
Bora,"A. Mekic, G. Singleton, J. Zeqiri, R. Memed, S. Jules",GO+Peja,"A. Herndon, D. Berisha, J. Johnson, M. Mala, T. Green",1,250,4.2,9.9,11,5,6,83.3,1,1,100,0,0,0,0,3,3,3,2,0,4,3,9,3,7,42.9,1,4,25,2,2,100,1,1,2,2,1,0,3,1,10.0,9.8,110,91.7,18.3,91.7,110,-18.3,2,0,0,0,0,0,0,0,0,0,0,0,0,0,0,0,0,0,0,0,0,0,0,0,0,0,0,0,0,0,0,0,0
Bashkimi,"D. Lake, K. Anderson, L. Zeqiri, T. Bickerstaff, V. Bunjaku",Trepça,"C. Brown, D. Hajrizi, J. Payne, M. Tmusic, S. Henry",1,361,6.0,9.9,18,8,12,66.7,2,4,50,0,0,0,2,8,10,5,1,0,0,3,3,1,10,10,1,5,20,0,2,0,2,2,4,1,0,1,1,3,9.9,10.0,182.6,30.1,152.4,30.1,182.6,-152.4,15,0,0,0,0,0,0,0,0,0,0,0,0,0,0,0,0,0,0,0,0,0,0,0,0,0,0,0,0,0,0,0,0
Trepça,"A. Vining, K. Hasbrouck, M. Amzil, M. Tmusic, S. Jones",Golden Eagle Ylli,"A. Scott, E. Kastrati, G. Morina, L. Shoshi, S. Bamforth",1,304,5.1,9.9,11,4,8,50,2,2,100,1,2,50,1,5,6,3,1,0,2,1,6,3,8,37.5,0,1,0,0,2,0,1,3,4,2,0,1,2,3,9.8,10.0,112.1,60.1,52.1,60.1,112.1,-52.1,5,0,0,0,0,0,0,0,0,0,0,0,0,0,0,0,0,0,0,0,0,0,0,0,0,0,0,0,0,0,0,0,0
Trepça,"J. Payne, K. Hasbrouck, M. Amzil, M. Tmusic, S. Jones",Bora,"A. Hot, A. Hunter, A. Mekic, R. Memedi, S. Jules",1,309,5.2,9.8,10,4,8,50,1,5,20,1,2,50,1,5,6,2,2,1,1,3,4,1,7,14.3,0,5,0,2,2,100,1,3,4,1,1,0,4,3,8.8,10.8,113.5,37,76.5,37,113.5,-76.5,6,0,0,0,0,0,0,0,0,0,0,0,0,0,0,0,0,0,0,0,0,0,0,0,0,0,0,0,0,0,0,0,0
Bora,"A. Hot, A. Hunter, L. Thomas, R. Ukaj, S. Jules",Trepça,"A. Vining, K. Hasbrouck, M. Amzil, M. Tmusic, S. Jones",1,358,6.0,9.8,5,2,10,20,1,6,16.7,0,0,0,2,4,6,0,0,0,2,2,11,3,8,37.5,1,4,25,4,4,100,1,6,7,4,0,1,1,2,9.9,9.7,50.7,113.5,-62.8,113.5,50.7,62.8,-6,0,0,0,0,0,0,0,0,0,0,0,0,0,0,0,0,0,0,0,0,0,0,0,0,0,0,0,0,0,0,0,0
Vëllaznimi,"J. Ismajli, L. Colimerio, M. Warrick, S. Zekiqi, Z. Ride",Sigal Prishtina,"A. Azemi, A. Bailey, D. Haxhosaj, D. Lekndreaj, D. Polloshka",1,214,3.6,9.5,17,4,6,66.7,2,4,50,7,7,100,1,2,3,3,2,0,2,3,7,1,4,25,0,2,0,5,6,83.3,2,1,3,0,2,0,4,2,10.0,9.0,169.8,77.5,92.4,77.5,169.8,-92.4,10,0,0,0,0,0,0,0,0,0,0,0,0,0,0,0,0,0,0,0,0,0,0,0,0,0,0,0,0,0,0,0,0
Trepça,"C. Brown, D. Hajrizi, J. Payne, M. Amzil, M. Tmusic",Rahoveci 029,"B. Rexha, F. Rugova, I. Umipig, K. Pullian, P. Weekes",1,306,5.1,9.5,12,5,9,55.6,2,3,66.7,0,0,0,1,5,6,3,0,0,2,1,8,4,9,44.4,0,3,0,0,0,0,0,3,3,3,1,0,0,0,9.9,9.0,120.8,88.9,32,88.9,120.8,-32,4,0,0,0,0,0,0,0,0,0,0,0,0,0,0,0,0,0,0,0,0,0,0,0,0,0,0,0,0,0,0,0,0
Bashkimi,"D. Lake, I. Cousins, K. Anderson, L. Zeqiri, M. Ismaili",Vëllaznimi,"J. Hellems, M. Warrick, R. Dahsyla, S. Zekiqi, Y. Anei",1,272,4.5,9.5,3,1,9,11.1,0,3,0,1,2,50,1,5,6,0,0,1,1,4,4,2,7,28.6,0,3,0,0,0,0,0,8,8,0,1,2,2,1,9.9,9.0,30.2,44.4,-14.2,44.4,30.2,14.2,-1,0,0,0,0,0,0,0,0,0,0,0,0,0,0,0,0,0,0,0,0,0,0,0,0,0,0,0,0,0,0,0,0
Bashkimi,"I. Cousins, K. Anderson, M. Janjeva, T. Bickerstaff, V. Bunjaku",GO+Peja,"A. Hajdari, C. Edwards, J. Johnson, M. Armstead, S. Flatten",1,247,4.1,9.4,10,5,9,55.6,0,2,0,0,0,0,1,3,4,1,2,0,1,1,11,4,8,50,1,3,33.3,2,2,100,1,3,4,2,1,0,2,1,8.9,9.8,112,112.1,-0.1,112.1,112,0.1,-1,0,0,0,0,0,0,0,0,0,0,0,0,0,0,0,0,0,0,0,0,0,0,0,0,0,0,0,0,0,0,0,0
Vëllaznimi,"J. Hellems, R. Dahsyla, S. Zekiqi, T. Todd, Z. Reid",Rahoveci 029,"B. Rexha, F. Rugova, J. Johnson, J. Roche, K. Pullian",1,262,4.4,9.4,8,3,7,42.9,2,6,33.3,0,0,0,1,4,5,2,1,0,3,1,8,3,9,33.3,2,6,33.3,0,0,0,2,3,5,2,3,1,3,2,8.9,9.9,89.6,81.1,8.4,81.1,89.6,-8.4,0,0,0,0,0,0,0,0,0,0,0,0,0,0,0,0,0,0,0,0,0,0,0,0,0,0,0,0,0,0,0,0,0
GO+Peja,"C. Edwards, F. Shoshaj, L. Routt, M. Mala, T. Green",Vëllaznimi,"D. Wilson, J. Hellems, R. Dahsyla, S. Zekiqi, Y. Anei",1,306,5.1,9.4,6,3,8,37.5,0,1,0,0,0,0,2,5,7,1,2,0,3,1,6,3,8,37.5,0,1,0,0,0,0,0,3,3,0,1,0,2,2,8.9,10.0,67.7,60,7.7,60,67.7,-7.7,0,0,0,0,0,0,0,0,0,0,0,0,0,0,0,0,0,0,0,0,0,0,0,0,0,0,0,0,0,0,0,0,0
Rahoveci 029,"A. Thomas, J. Mccorrmick, K. Pullian, K. Ujkani, V. Ejupi",Bashkimi,"J. Riley, K. Wooten, L. Zeqiri, S. Shorter, V. Bunjaku",1,214,3.6,9.4,5,2,10,20,1,6,16.7,0,2,0,3,0,3,0,2,1,2,2,8,2,3,66.7,0,0,0,4,4,100,1,5,6,1,1,0,5,0,9.7,8.7,51.7,92.1,-40.4,92.1,51.7,40.4,-3,0,0,0,0,0,0,0,0,0,0,0,0,0,0,0,0,0,0,0,0,0,0,0,0,0,0,0,0,0,0,0,0
Golden Eagle Ylli,"E. Kastrati, J. Reece, L. Shoshi, L. Thomas, T. Allen",Sigal Prishtina,"A. Azemi, A. Bailey, D. Polloshka, L. Autrey, V. Kakruki",1,268,4.5,9.3,7,3,6,50,1,3,33.3,0,0,0,0,0,0,1,0,1,3,1,15,5,6,83.3,0,0,0,5,6,83.3,1,3,4,4,2,0,2,0,9.0,9.6,77.8,156.7,-79,156.7,77.8,79,-8,0,0,0,0,0,0,0,0,0,0,0,0,0,0,0,0,0,0,0,0,0,0,0,0,0,0,0,0,0,0,0,0
Rahoveci 029,"B. Rexha, F. Rugova, I. Umipig, K. Pullian, P. Weekes",Sigal Prishtina,"A. Azemi, A. Bailey, D. Burns, D. Lekndreaj, K. Kramer",1,297,5.0,9.3,5,1,7,14.3,1,4,25,2,2,100,1,3,4,1,1,0,2,1,11,4,8,50,1,4,25,2,2,100,1,5,6,2,1,1,2,1,8.8,9.8,56.8,112.1,-55.4,112.1,56.8,55.4,-6,0,0,0,0,0,0,0,0,0,0,0,0,0,0,0,0,0,0,0,0,0,0,0,0,0,0,0,0,0,0,0,0
Vëllaznimi,"A. Koshi, J. Ismajli, L. Colimerio, M. Warrick, Y. Anei",Bora,"A. Mekic, G. Singleton, J. Zeqiri, R. Memedi, S. Jules",1,356,5.9,9.3,7,3,13,23.1,1,8,12.5,0,0,0,4,5,9,2,1,0,1,3,4,1,7,14.3,1,3,33.3,1,2,50,1,6,7,1,0,0,2,2,9.7,8.8,72,45.4,26.6,45.4,72,-26.6,3,0,0,0,0,0,0,0,0,0,0,0,0,0,0,0,0,0,0,0,0,0,0,0,0,0,0,0,0,0,0,0,0
GO+Peja,"D. Berisha, J. Johnson, M. Mala, S. Flatten, T. Green",Vëllaznimi,"A. Koshi, J. Hellems, M. Warrick, R. Dahsyla, Y. Anei",1,248,4.1,9.3,14,4,6,66.7,3,4,75,3,4,75,1,4,5,3,1,0,3,2,6,3,8,37.5,0,2,0,0,0,0,1,1,2,2,2,0,2,3,9.7,8.9,144.5,67.2,77.3,67.2,144.5,-77.3,8,0,0,0,0,0,0,0,0,0,0,0,0,0,0,0,0,0,0,0,0,0,0,0,0,0,0,0,0,0,0,0,0
GO+Peja,"D. Berisha, J. Johnson, M. Armstead, S. Flatten, T. Green",Vëllaznimi,"A. Koshi, J. Hellems, M. Warrick, R. Dahsyla, Z. Reid",1,271,4.5,9.3,10,3,9,33.3,0,4,0,4,5,80,3,6,9,0,0,0,2,3,6,2,8,25,2,6,33.3,0,0,0,0,4,4,1,0,0,0,3,10.4,8.0,95.7,75,20.7,75,95.7,-20.7,4,0,0,0,0,0,0,0,0,0,0,0,0,0,0,0,0,0,0,0,0,0,0,0,0,0,0,0,0,0,0,0,0
Bashkimi,"D. Lake, I. Nwamu, L. Zeqiri, M. Armstead, S. Shorter",Rahoveci 029,"A. Thomas, B. Rexha, F. Rugova, J. Johnson, K. Pullian",1,274,4.6,9.3,13,5,7,71.4,0,1,0,3,4,75,0,3,3,2,3,1,1,2,6,3,8,37.5,0,2,0,0,0,0,2,2,4,2,1,0,3,4,9.8,8.9,133.2,67.7,65.5,67.7,133.2,-65.5,7,0,0,0,0,0,0,0,0,0,0,0,0,0,0,0,0,0,0,0,0,0,0,0,0,0,0,0,0,0,0,0,0
GO+Peja,"A. Herndon, J. Johnson, M. Mala, S. Flatten, S. Llapi",Golden Eagle Ylli,"A. Scott, D. Hall, L. Shoshi, S. Bamforth, T. Allen",1,300,5.0,9.3,7,2,7,28.6,1,3,33.3,2,2,100,3,4,7,2,0,2,5,2,9,4,9,44.4,1,2,50,0,0,0,1,2,3,2,3,2,1,2,9.7,8.9,72.4,100.8,-28.4,100.8,72.4,28.4,-2,0,0,0,0,0,0,0,0,0,0,0,0,0,0,0,0,0,0,0,0,0,0,0,0,0,0,0,0,0,0,0,0
Bashkimi,"D. Lake, I. Cousins, J. Palokaj, K. Anderson, L. Zeqiri",Sigal Prishtina,"A. Azemi, D. Burns, D. Haxhosaj, K. Kramer, L. Autrey",1,257,4.3,9.2,15,6,9,66.7,0,1,0,3,3,100,1,4,5,2,1,0,0,2,8,3,8,37.5,1,2,50,1,2,50,2,2,4,1,0,1,2,2,9.2,9.1,162.2,87.9,74.2,87.9,162.2,-74.2,7,0,0,0,0,0,0,0,0,0,0,0,0,0,0,0,0,0,0,0,0,0,0,0,0,0,0,0,0,0,0,0,0
Vëllaznimi,"J. Hellems, R. Dahsyla, S. Zekiqi, T. Todd, Z. Reid",Rahoveci 029,"A. Berisha, A. Patty, F. Rugova, J. Roche, K. Pullian",1,280,4.7,9.2,13,5,9,55.6,2,4,50,1,1,100,1,4,5,1,1,0,1,2,3,1,5,20,1,3,33.3,0,0,0,0,3,3,0,1,1,4,1,9.4,9.0,138.7,33.3,105.4,33.3,138.7,-105.4,10,0,0,0,0,0,0,0,0,0,0,0,0,0,0,0,0,0,0,0,0,0,0,0,0,0,0,0,0,0,0,0,0
Bashkimi,"D. Lake, I. Nwamu, L. Zeqiri, S. Shorter, V. Bunjaku",Sigal Prishtina,"A. Bailey, A. Morina, E. Clarance, K. Dukes, V. Kakruki",1,333,5.5,9.2,13,5,9,55.6,2,5,40,1,1,100,1,3,4,3,1,0,1,1,6,3,6,50,0,3,0,0,0,0,0,3,3,2,0,0,3,2,9.4,9.0,138.7,66.7,72.1,66.7,138.7,-72.1,7,0,0,0,0,0,0,0,0,0,0,0,0,0,0,0,0,0,0,0,0,0,0,0,0,0,0,0,0,0,0,0,0
GO+Peja,"A. Hajdari, C. Edwards, F. Shoshaj, O. Williams, S. Flatten",Golden Eagle Ylli,"E. Kastrati, L. Basic, L. Shoshi, S. Bamforth, T. Allen",1,213,3.5,9.1,9,4,5,80,1,2,50,0,1,0,0,4,4,4,1,1,3,1,6,3,9,33.3,0,1,0,0,1,0,3,2,5,3,3,0,3,3,8.4,9.7,106.6,61.9,44.7,61.9,106.6,-44.7,3,0,0,0,0,0,0,0,0,0,0,0,0,0,0,0,0,0,0,0,0,0,0,0,0,0,0,0,0,0,0,0,0
Vëllaznimi,"J. Hellems, R. Dahsyla, S. Zekiqi, T. Todd, Z. Reid",Golden Eagle Ylli,"A. Scott, A. Çallakaj, B. Huffman, E. Kastrati, L. Shoshi",1,312,5.2,9.0,4,2,9,22.2,0,3,0,0,0,0,1,1,2,0,1,0,1,1,9,4,5,80,1,1,100,0,0,0,0,6,6,2,1,1,4,1,8.9,9.0,44.8,100,-55.2,100,44.8,55.2,-5,0,0,0,0,0,0,0,0,0,0,0,0,0,0,0,0,0,0,0,0,0,0,0,0,0,0,0,0,0,0,0,0
Trepça,"B. Tuna, K. Hasbrouck, M. Amzil, M. Tmusic, S. Jones",Sigal Prishtina,"A. Morina, D. Burns, D. Haxhosaj, K. Dukes, K. Kramer",1,323,5.4,8.9,8,4,10,40,0,5,0,0,0,0,1,3,4,4,1,0,0,2,8,4,9,44.4,0,4,0,0,0,0,2,5,7,1,0,0,2,1,8.9,8.9,89.6,90.3,-0.7,90.3,89.6,0.7,0,0,0,0,0,0,0,0,0,0,0,0,0,0,0,0,0,0,0,0,0,0,0,0,0,0,0,0,0,0,0,0,0
GO+Peja,"A. Hajdari, A. Herndon, J. Johnson, M. Mala, S. Flatten",Golden Eagle Ylli,"B. Huffman, D. Hall, E. Kastrati, L. Basic, S. Bamforth",1,268,4.5,8.9,9,3,9,33.3,2,6,33.3,1,3,33.3,3,4,7,3,0,0,2,1,11,4,10,40,2,6,33.3,1,1,100,2,4,6,3,1,0,0,2,9.6,8.3,94.1,132.5,-38.5,132.5,94.1,38.5,-2,0,0,0,0,0,0,0,0,0,0,0,0,0,0,0,0,0,0,0,0,0,0,0,0,0,0,0,0,0,0,0,0
GO+Peja,"A. Hajdari, C. Edwards, M. Mala, O. Williams, T. Green",Rahoveci 029,"A. Berisha, A. Thomas, F. Rugova, J. Roche, K. Pullian",1,289,4.8,8.9,10,4,11,36.4,2,4,50,0,0,0,2,2,4,2,1,1,0,1,13,6,10,60,1,2,50,0,0,0,2,5,7,3,0,1,1,1,8.9,8.9,112.9,146.7,-33.9,146.7,112.9,33.9,-3,0,0,0,0,0,0,0,0,0,0,0,0,0,0,0,0,0,0,0,0,0,0,0,0,0,0,0,0,0,0,0,0
Bashkimi,"I. Nwamu, J. Nzeakor, L. Zeqiri, M. Armstead, S. Shorter",GO+Peja,"A. Hajdari, C. Edwards, M. Mala, O. Williams, T. Green",1,268,4.5,8.9,5,2,7,28.6,0,0,0,1,4,25,0,3,3,1,0,0,1,3,2,1,6,16.7,0,2,0,0,0,0,2,5,7,0,1,0,4,4,9.8,7.9,51.2,25.4,25.8,25.4,51.2,-25.8,3,0,0,0,0,0,0,0,0,0,0,0,0,0,0,0,0,0,0,0,0,0,0,0,0,0,0,0,0,0,0,0,0
Sigal Prishtina,"A. Bailey, A. Lomax, A. Morina, D. Haxhosaj, V. Kakruki",Trepça,"J. Payne, K. Hasbrouck, M. Amzil, M. Tmusic, S. Jones",1,232,3.9,8.9,3,1,5,20,1,4,25,0,0,0,0,1,1,1,1,0,4,0,14,6,7,85.7,0,0,0,2,2,100,0,4,4,4,3,0,1,1,9.0,8.9,33.3,157.7,-124.3,157.7,33.3,124.3,-11,0,0,0,0,0,0,0,0,0,0,0,0,0,0,0,0,0,0,0,0,0,0,0,0,0,0,0,0,0,0,0,0
Trepça,"J. Payne, K. Hasbrouck, M. Amzil, M. Tmusic, S. Jones",Vëllaznimi,"D. Wilson, J. Hellems, R. Dahsyla, S. Zekiqi, Y. Anei",1,356,5.9,8.9,11,4,7,57.1,3,5,60,0,0,0,0,3,3,3,0,0,2,3,11,4,7,57.1,1,1,100,2,2,100,0,3,3,2,1,0,1,0,9.0,8.9,122.2,123.9,-1.7,123.9,122.2,1.7,0,0,0,0,0,0,0,0,0,0,0,0,0,0,0,0,0,0,0,0,0,0,0,0,0,0,0,0,0,0,0,0,0
Golden Eagle Ylli,"B. Huffman, E. Kastrati, G. Morina, L. Basic, T. Allen",Sigal Prishtina,"A. Azemi, D. Burns, K. Kramer, L. Autrey, M. Janjeva",1,312,5.2,8.8,5,2,7,28.6,1,5,20,0,0,0,0,3,3,1,0,0,2,3,7,3,10,30,0,2,0,1,2,50,4,5,9,3,0,1,2,3,9.0,8.6,55.6,81.4,-25.8,81.4,55.6,25.8,-2,0,0,0,0,0,0,0,0,0,0,0,0,0,0,0,0,0,0,0,0,0,0,0,0,0,0,0,0,0,0,0,0
Bashkimi,"D. Lake, I. Cousins, J. Palokaj, K. Anderson, L. Zeqiri",Rahoveci 029,"B. Rexha, F. Rugova, I. Umipig, K. Pullian, P. Weekes",1,235,3.9,8.8,5,2,8,25,1,5,20,0,0,0,1,3,4,1,2,0,1,4,5,1,3,33.3,0,1,0,3,4,75,0,5,5,1,1,0,5,2,7.9,9.8,63.1,51.2,11.8,51.2,63.1,-11.8,0,0,0,0,0,0,0,0,0,0,0,0,0,0,0,0,0,0,0,0,0,0,0,0,0,0,0,0,0,0,0,0,0
Bashkimi,"K. Anderson, L. Zeqiri, M. Ismaili, M. Janjeva, T. Bickerstaff",Trepça,"C. Brown, D. Hajrizi, J. Payne, M. Tmusic, S. Henry",1,270,4.5,8.8,4,2,6,33.3,0,2,0,0,2,0,0,2,2,1,2,0,2,1,6,3,8,37.5,0,3,0,0,0,0,3,5,8,1,0,0,4,2,8.9,8.8,45,68.3,-23.2,68.3,45,23.2,-2,0,0,0,0,0,0,0,0,0,0,0,0,0,0,0,0,0,0,0,0,0,0,0,0,0,0,0,0,0,0,0,0
Trepça,"A. Vining, K. Hasbrouck, M. Amzil, M. Tmusic, S. Jones",Rahoveci 029,"B. Rexha, F. Rugova, J. Mccorrmick, K. Pullian, N. Mcloud",1,312,5.2,8.8,14,4,7,57.1,3,5,60,3,4,75,0,4,4,4,0,0,0,1,6,3,9,33.3,0,2,0,0,0,0,2,4,6,1,0,0,2,4,8.8,8.9,159.8,67.7,92.1,67.7,159.8,-92.1,8,0,0,0,0,0,0,0,0,0,0,0,0,0,0,0,0,0,0,0,0,0,0,0,0,0,0,0,0,0,0,0,0
Golden Eagle Ylli,"A. Scott, B. Huffman, D. Thomas, E. Kastrati, S. Bamforth",Bashkimi,"D. Lake, I. Nwamu, L. Zeqiri, S. Shorter, V. Bunjaku",1,345,5.8,8.7,13,5,9,55.6,2,6,33.3,1,2,50,3,5,8,3,1,0,1,5,9,3,9,33.3,2,3,66.7,1,2,50,2,2,4,2,0,0,1,3,8.3,9.0,156.4,99.5,56.9,99.5,156.4,-56.9,4,0,0,0,0,0,0,0,0,0,0,0,0,0,0,0,0,0,0,0,0,0,0,0,0,0,0,0,0,0,0,0,0
Sigal Prishtina,"A. Bailey, A. Morina, E. Clarance, K. Dukes, V. Kakruki",GO+Peja,"A. Hajdari, C. Edwards, M. Mala, O. Williams, T. Green",1,346,5.8,8.7,10,5,10,50,0,2,0,0,0,0,2,2,4,2,2,0,0,1,14,5,11,45.5,2,5,40,2,2,100,4,3,7,2,0,0,2,2,7.9,9.6,127.2,145.8,-18.6,145.8,127.2,18.6,-4,0,0,0,0,0,0,0,0,0,0,0,0,0,0,0,0,0,0,0,0,0,0,0,0,0,0,0,0,0,0,0,0
Vëllaznimi,"A. Bedra, A. Koshi, J. Ismajli, R. Dahsyla, Z. Ried",Bashkimi,"D. Lake, I. Cousins, J. Palokaj, K. Anderson, L. Zeqiri",1,237,4.0,8.6,6,3,10,30,0,5,0,0,0,0,3,1,4,0,2,0,2,1,8,4,4,100,0,0,0,0,1,0,0,4,4,2,1,1,4,2,8.8,8.4,68.3,94.8,-26.5,94.8,68.3,26.5,-2,0,0,0,0,0,0,0,0,0,0,0,0,0,0,0,0,0,0,0,0,0,0,0,0,0,0,0,0,0,0,0,0
Trepça,"C. Brown, C. Russell, J. Payne, M. Tmusic, S. Jones",GO+ Peja,"A. Herndon, D. Berisha, J. Johnson, M. Mala, T. Green",1,266,4.4,8.6,10,4,5,80,1,1,100,1,3,33.3,0,3,3,4,0,0,2,6,13,3,7,42.9,0,0,0,7,8,87.5,2,2,4,5,2,0,0,3,8.3,8.8,120.2,147.6,-27.4,147.6,120.2,27.4,-3,0,0,0,0,0,0,0,0,0,0,0,0,0,0,0,0,0,0,0,0,0,0,0,0,0,0,0,0,0,0,0,0
Golden Eagle Ylli,"A. Qallaku, G. Morina, L. Basic, L. Shoshi, T. Allen",Sigal Prishtina,"A. Azemi, A. Bailey, D. Polloshka, L. Autrey, M. Janjeva",1,257,4.3,8.6,13,4,7,57.1,1,2,50,4,5,80,1,5,6,3,1,0,1,0,2,1,6,16.7,0,2,0,0,0,0,0,2,2,1,0,0,2,2,9.1,8.0,142.4,25,117.4,25,142.4,-117.4,11,0,0,0,0,0,0,0,0,0,0,0,0,0,0,0,0,0,0,0,0,0,0,0,0,0,0,0,0,0,0,0,0
Bora,"A. Mekic, G. Singleton, J. Zeqiri, R. Memedi, T. Jackson",Rahoveci 029,"A. Berisha, B. Rexha, F. Rugova, I. Umipig, P. Weeks",1,183,3.0,8.6,8,4,7,57.1,0,3,0,0,0,0,1,2,3,2,2,0,4,2,8,3,4,75,0,1,0,2,3,66.7,0,2,2,1,1,0,2,2,9.9,7.3,80.6,109.3,-28.7,109.3,80.6,28.7,0,0,0,0,0,0,0,0,0,0,0,0,0,0,0,0,0,0,0,0,0,0,0,0,0,0,0,0,0,0,0,0,0
Vëllaznimi,"A. Koshi, L. Colimerio, M. Warrick, R. Dahsyla, Z. Reid",Bora,"A. Mekic, G. Singleton, J. Zeqiri, R. Memedi, S. Jules",1,256,4.3,8.6,14,3,7,42.9,1,3,33.3,7,7,100,2,3,5,2,0,0,1,2,8,3,7,42.9,0,0,0,2,3,66.7,1,2,3,3,1,1,1,5,8.9,8.2,156.6,97,59.6,97,156.6,-59.6,6,0,0,0,0,0,0,0,0,0,0,0,0,0,0,0,0,0,0,0,0,0,0,0,0,0,0,0,0,0,0,0,0
Rahoveci 029,"J. Mccormick, K. Pullian, K. Ujkani, N. Mcleod, V. Ejupi",Golden Eagle Ylli,"D. Conger, E. Kastrati, G. Morina, L. Basic, L. Shoshi",1,291,4.8,8.5,10,3,8,37.5,1,4,25,3,3,100,1,5,6,2,1,0,1,1,2,1,6,16.7,0,4,0,0,0,0,0,3,3,1,0,1,2,3,9.0,8.0,111.3,25,86.3,25,111.3,-86.3,8,0,0,0,0,0,0,0,0,0,0,0,0,0,0,0,0,0,0,0,0,0,0,0,0,0,0,0,0,0,0,0,0
Bashkimi,"D. Lake, I. Cousins, J. Bailey, L. Zeqiri, V. Bunjaku",GO+Peja,"A. Herndon, D. Berisha, J. Johnson, M. Mala, T. Green",1,240,4.0,8.4,10,4,7,57.1,0,1,0,2,2,100,2,3,5,3,1,1,3,0,8,3,6,50,2,3,66.7,0,0,0,0,1,1,2,1,0,2,1,8.7,8.0,114.4,100,14.4,100,114.4,-14.4,2,0,0,0,0,0,0,0,0,0,0,0,0,0,0,0,0,0,0,0,0,0,0,0,0,0,0,0,0,0,0,0,0
Trepça,"C. Brown, D. Hajrizi, J. Payne, M. Tmusic, S. Henry",Vëllaznimi,"J. Hellems, M. Warrick, R. Dahsyla, S. Zekiqi, Z. Reid",1,271,4.5,8.4,10,4,6,66.7,0,1,0,2,2,100,1,2,3,3,1,0,3,3,10,5,7,71.4,0,0,0,0,0,0,0,1,1,2,2,0,1,1,8.8,8.0,113.5,125,-11.5,125,113.5,11.5,0,0,0,0,0,0,0,0,0,0,0,0,0,0,0,0,0,0,0,0,0,0,0,0,0,0,0,0,0,0,0,0,0
Golden Eagle Ylli,"A. Scott, B. Huffman, E. Kastrati, G. Morina, S. Bamforth",Vëllaznimi,"A. Koshi, D. Wilson, J. Hellems, S. Zekiqi, Y. Anei",1,213,3.5,8.3,4,2,8,25,0,1,0,0,0,0,2,3,5,1,0,0,2,2,11,3,6,50,2,4,50,3,4,75,0,4,4,2,1,1,1,0,7.9,8.8,50.9,125.6,-74.7,125.6,50.9,74.7,-7,0,0,0,0,0,0,0,0,0,0,0,0,0,0,0,0,0,0,0,0,0,0,0,0,0,0,0,0,0,0,0,0
Bora,"A. Hunter, A. Mekic, C. Payton, G. Zeqiri, J. Zeqiri",Golden Eagle Ylli,"A. Scott, B. Huffman, E. Kastrati, G. Morina, T. Allen",1,225,3.8,8.2,14,6,8,75,2,3,66.7,0,0,0,0,1,1,5,1,0,0,2,9,2,3,66.7,2,3,66.7,3,3,100,0,1,1,2,0,1,4,1,8.0,8.3,175,108.2,66.8,108.2,175,-66.8,5,0,0,0,0,0,0,0,0,0,0,0,0,0,0,0,0,0,0,0,0,0,0,0,0,0,0,0,0,0,0,0,0
Golden Eagle Ylli,"D. Hall, E. Kastrati, L. Basic, L. Shoshi, T. Allen",Sigal Prishtina,"A. Bailey, D. Burns, D. Polloshka, E. Clarance, V. Kakruki",1,242,4.0,8.2,6,3,6,50,0,1,0,0,0,0,0,1,1,2,0,0,2,1,14,6,8,75,1,1,100,1,2,50,2,3,5,2,1,0,1,1,8.0,8.5,75,165.6,-90.6,165.6,75,90.6,-8,0,0,0,0,0,0,0,0,0,0,0,0,0,0,0,0,0,0,0,0,0,0,0,0,0,0,0,0,0,0,0,0
Bashkimi,"I. Cousins, K. Wooten, L. Zeqiri, M. Armstead, S. Shorter",GO+Peja,"A. Hajdari, F. Shoshaj, L. Routt, O. Williams, T. Green",1,270,4.5,8.2,8,4,9,44.4,0,3,0,0,0,0,1,1,2,2,0,0,0,1,18,7,8,87.5,3,3,100,1,1,100,0,4,4,6,0,1,0,0,7.9,8.4,100.9,213.3,-112.4,213.3,100.9,112.4,-10,0,0,0,0,0,0,0,0,0,0,0,0,0,0,0,0,0,0,0,0,0,0,0,0,0,0,0,0,0,0,0,0
Rahoveci 029,"F. Rugova, I. Umipig, J. Roche, K. Pullian, V. Ejupi",Golden Eagle Ylli,"E. Kastrati, J. Reece, L. Shoshi, L. Thomas, T. Allen",1,268,4.5,8.1,4,1,7,14.3,0,4,0,2,2,100,1,1,2,1,0,0,1,0,15,7,8,87.5,0,0,0,1,1,100,0,5,5,4,1,1,0,3,7.8,8.4,51.2,177.7,-126.5,177.7,51.2,126.5,-11,0,0,0,0,0,0,0,0,0,0,0,0,0,0,0,0,0,0,0,0,0,0,0,0,0,0,0,0,0,0,0,0
Bora,"A. Hot, A. Hunter, A. Mekic, J. Zeqiri, S. Jules",Vëllaznimi,"J. Hellems, R. Dahsyla, S. Zekiqi, T. Todd, Z. Reid",1,309,5.2,8.1,13,5,7,71.4,2,4,50,1,1,100,1,4,5,3,0,0,2,1,10,3,7,42.9,2,4,50,2,2,100,0,1,1,1,0,0,0,2,8.4,7.9,155.3,126.9,28.4,126.9,155.3,-28.4,3,0,0,0,0,0,0,0,0,0,0,0,0,0,0,0,0,0,0,0,0,0,0,0,0,0,0,0,0,0,0,0,0
Golden Eagle Ylli,"A. Scott, E. Kastrati, L. Shoshi, S. Bamforth, T. Allen",Sigal Prishtina,"A. Bailey, D. Burns, D. Haxhosaj, E. Clarance, J. Ismajli",1,214,3.6,8.1,13,5,7,71.4,1,2,50,2,2,100,1,3,4,3,0,0,1,2,8,3,7,42.9,1,2,50,1,1,100,1,1,2,0,0,0,2,1,7.8,8.4,166.5,95.6,70.9,95.6,166.5,-70.9,5,0,0,0,0,0,0,0,0,0,0,0,0,0,0,0,0,0,0,0,0,0,0,0,0,0,0,0,0,0,0,0,0
Vëllaznimi,"J. Ismajli, M. Warrick, R. Dahsyla, Y. Anei, Z. Reid",Bora,"D. Taylor, G. Singleton, J. Zeqiri, R. Memedi, T. Jackson",1,254,4.2,8.0,12,4,4,100,2,2,100,2,2,100,0,2,2,1,1,1,2,4,13,4,10,40,1,3,33.3,4,6,66.7,5,0,5,3,0,0,1,1,6.9,9.1,174.4,143.6,30.8,143.6,174.4,-30.8,-1,0,0,0,0,0,0,0,0,0,0,0,0,0,0,0,0,0,0,0,0,0,0,0,0,0,0,0,0,0,0,0,0
Rahoveci 029,"F. Rugova, I. Umipig, J. Roche, P. Weekes, V. Ejupi",Vëllaznimi,"A. Koshi, J. Ismajli, L. Colimerio, M. Warrick, Y. Anei",1,228,3.8,8.0,5,2,5,40,0,0,0,1,2,50,1,3,4,1,0,1,3,2,9,4,7,57.1,1,2,50,0,0,0,0,3,3,3,3,1,1,1,8.1,8.0,61.9,112.5,-50.6,112.5,61.9,50.6,-4,0,0,0,0,0,0,0,0,0,0,0,0,0,0,0,0,0,0,0,0,0,0,0,0,0,0,0,0,0,0,0,0
Vëllaznimi,"J. Ismajli, L. Colimerio, M. Warrick, S. Zekiqi, Y. Anei",Sigal Prishtina,"A. Azemi, A. Bailey, D. Burns, D. Lekndreaj, K. Kramer",1,251,4.2,8.0,9,4,5,80,1,1,100,0,0,0,0,2,2,2,2,1,3,1,9,4,7,57.1,1,3,33.3,0,0,0,1,1,2,3,2,1,2,2,8.0,7.9,112.5,113.5,-1,113.5,112.5,1,0,0,0,0,0,0,0,0,0,0,0,0,0,0,0,0,0,0,0,0,0,0,0,0,0,0,0,0,0,0,0,0,0
Bora,"A. Hot, A. Hunter, A. Mekic, C. Payton, J. Zeqiri",Vëllaznimi,"J. Hellems, R. Dahsyla, S. Zekiqi, T. Todd, Z. Reid",1,231,3.9,8.0,13,5,5,100,3,3,100,0,0,0,0,2,2,3,1,0,3,0,4,2,4,50,0,0,0,0,0,0,0,0,0,2,3,0,4,2,8.0,8.0,162.5,50,112.5,50,162.5,-112.5,9,0,0,0,0,0,0,0,0,0,0,0,0,0,0,0,0,0,0,0,0,0,0,0,0,0,0,0,0,0,0,0,0
Golden Eagle Ylli,"E. Kastrati, G. Morina, L. Basic, L. Shoshi, T. Allen",Sigal Prishtina,"A. Azemi, D. Burns, K. Kramer, L. Autrey, M. Janjeva",1,297,5.0,7.9,7,3,8,37.5,1,2,50,0,0,0,2,3,5,1,0,1,2,1,11,5,10,50,1,2,50,0,0,0,2,3,5,4,2,0,0,3,7.9,7.9,89.1,139.9,-50.9,139.9,89.1,50.9,-4,0,0,0,0,0,0,0,0,0,0,0,0,0,0,0,0,0,0,0,0,0,0,0,0,0,0,0,0,0,0,0,0
GO+Peja,"A. Hhajdari, J. Johnson, M. Mala, S. Flatten, T. Green",Bora,"A. Hot, A. Hunter, J. Zeqiri, S. Jules, T. Cheese",1,266,4.4,7.9,6,2,6,33.3,0,1,0,2,2,100,2,5,7,1,0,0,3,2,8,3,8,37.5,2,4,50,0,0,0,0,2,2,2,0,0,0,2,7.7,8.0,77.5,100,-22.5,100,77.5,22.5,-2,0,0,0,0,0,0,0,0,0,0,0,0,0,0,0,0,0,0,0,0,0,0,0,0,0,0,0,0,0,0,0,0
GO+Peja,"A. Herndon, D. Berisha, J. Johnson, S. Flatten, S. Llapi",Bashkimi,"I. Cousins, K. Anderson, L. Zeqiri, M. Janjeva, T. Bickerstaff",1,297,5.0,7.9,7,3,6,50,1,3,33.3,0,0,0,0,1,1,3,1,0,2,3,11,5,10,50,1,4,25,0,0,0,4,3,7,3,0,0,2,0,8.0,7.7,87.5,142.5,-55,142.5,87.5,55,-4,0,0,0,0,0,0,0,0,0,0,0,0,0,0,0,0,0,0,0,0,0,0,0,0,0,0,0,0,0,0,0,0
Vëllaznimi,"D. Wilson, J. Hellems, R. Dahsyla, S. Zekiqi, Z. Reid",Golden Eagle Ylli,"D. Sabeckis, D. Thomas, E. Kastrati, S. Bamforth, T. Smith",1,333,5.5,7.9,7,1,8,12.5,1,5,20,4,5,80,5,1,6,0,0,0,3,1,12,4,5,80,3,3,100,1,2,50,0,2,2,4,0,0,2,2,7.8,7.9,89.2,152.3,-63.1,152.3,89.2,63.1,-5,0,0,0,0,0,0,0,0,0,0,0,0,0,0,0,0,0,0,0,0,0,0,0,0,0,0,0,0,0,0,0,0
Vëllaznimi,"A. Koshi, J. Ismajli, L. Colimerio, M. Warrick, Z. Ried",Trepça,"A. Arslanagic, B. Tuna, D. Kapiti, M. Amzil, M. Tmusic",1,231,3.9,7.8,9,3,5,60,1,1,100,2,2,100,0,2,2,0,1,1,3,3,6,1,4,25,1,2,50,3,4,75,1,2,3,2,0,0,2,1,8.9,6.7,101.4,89.7,11.7,89.7,101.4,-11.7,3,0,0,0,0,0,0,0,0,0,0,0,0,0,0,0,0,0,0,0,0,0,0,0,0,0,0,0,0,0,0,0,0
Golden Eagle Ylli,"A. Çallakaj, B. Huffman, G. Morina, L. Thomas, T. Allen",Bashkimi,"D. Lake, I. Cousins, J. Bailey, J. Palokaj, V. Bunjaku",1,242,4.0,7.8,5,2,7,28.6,0,1,0,1,1,100,2,3,5,0,0,1,2,1,5,2,7,28.6,0,2,0,1,2,50,3,3,6,1,1,2,3,1,7.3,8.2,68.5,60.9,7.6,60.9,68.5,-7.6,0,0,0,0,0,0,0,0,0,0,0,0,0,0,0,0,0,0,0,0,0,0,0,0,0,0,0,0,0,0,0,0,0
Rahoveci 029,"A. Thomas, F. Rugova, J. Mccormick, K. Pullian, K. Ujkani",Golden Eagle Ylli,"A. Scott, D. Thomas, E. Kastrati, S. Bamforth, T. Smith",1,300,5.0,7.8,7,3,7,42.9,1,3,33.3,0,0,0,0,2,2,2,0,0,0,4,12,5,9,55.6,2,4,50,0,0,0,1,4,5,3,0,0,1,1,7.0,8.6,100,140,-40,140,100,40,-5,0,0,0,0,0,0,0,0,0,0,0,0,0,0,0,0,0,0,0,0,0,0,0,0,0,0,0,0,0,0,0,0
GO+Peja,"A. Herndon, D. Berisha, J. Johnson, M. Mala, T. Green",Rahoveci 029,"B. Rexha, F. Rugova, I. Umipig, K. Pullian, P. Weekes",1,211,3.5,7.5,6,2,5,40,2,4,50,0,0,0,0,6,6,1,0,0,3,0,2,1,7,14.3,0,5,0,0,0,0,0,3,3,0,2,0,0,2,8.0,7.0,75,28.6,46.4,28.6,75,-46.4,4,0,0,0,0,0,0,0,0,0,0,0,0,0,0,0,0,0,0,0,0,0,0,0,0,0,0,0,0,0,0,0,0
Rahoveci 029,"B. Rexha, F. Rugova, I. Umipig, J. Roche, K. Pullian",Golden Eagle Ylli,"E. Kastrati, G. Morina, L. Shoshi, L. Thomas, T. Allen",1,246,4.1,7.5,6,3,7,42.9,0,3,0,0,2,0,1,1,2,1,0,0,0,1,12,5,7,71.4,2,2,100,0,0,0,1,4,5,3,0,0,2,1,7.0,7.9,85.4,151.3,-65.9,151.3,85.4,65.9,-6,0,0,0,0,0,0,0,0,0,0,0,0,0,0,0,0,0,0,0,0,0,0,0,0,0,0,0,0,0,0,0,0
Vëllaznimi,"J. Hellems, R. Dahsyla, S. Zekiqi, T. Todd, Z. Reid",Golden Eagle Ylli,"A. Scott, A. Çallakaj, E. Kastrati, G. Morina, L. Shoshi",1,162,2.7,7.5,8,2,8,25,2,2,100,2,2,100,2,3,5,1,0,0,1,3,6,1,3,33.3,1,1,100,3,6,50,1,4,5,0,0,2,2,0,7.7,7.1,103.4,84.4,18.9,84.4,103.4,-18.9,2,0,0,0,0,0,0,0,0,0,0,0,0,0,0,0,0,0,0,0,0,0,0,0,0,0,0,0,0,0,0,0,0
Rahoveci 029,"B. Rexha, F. Rugova, J. Mccormick, K. Pullian, N. Mcleod",Golden Eagle Ylli,"A. Scott, D. Conger, G. Morina, S. Bamforth, T. Smith",1,205,3.4,7.5,5,2,8,25,0,2,0,1,3,33.3,2,2,4,1,1,0,0,2,9,3,6,50,0,3,0,3,3,100,1,6,7,1,0,0,1,2,7.7,7.2,64.8,124.1,-59.3,124.1,64.8,59.3,-4,0,0,0,0,0,0,0,0,0,0,0,0,0,0,0,0,0,0,0,0,0,0,0,0,0,0,0,0,0,0,0,0
Sigal Prishtina,"A. Bailey, A. Lomax, A. Morina, E. Clarence, V. Kakruki",Trepça,"A. Vining, K. Hasbrouck, M. Amzil, M. Tmusic, S. Jones",1,204,3.4,7.5,3,1,6,16.7,0,2,0,1,2,50,2,1,3,1,1,0,4,0,10,4,8,50,2,4,50,0,0,0,3,2,5,1,1,0,2,2,8.2,6.8,36.6,147.3,-110.7,147.3,36.6,110.7,-7,0,0,0,0,0,0,0,0,0,0,0,0,0,0,0,0,0,0,0,0,0,0,0,0,0,0,0,0,0,0,0,0
Bora,"A. Mekic, G. Singleton, J. Zeqiri, O. Kurtaj, T. Jackson",Rahoveci 029,"B. Rexha, F. Rugova, I. Umipig, K. Pullian, P. Weeks",1,235,3.9,7.4,6,2,5,40,1,3,33.3,1,2,50,0,2,2,2,3,0,2,0,5,2,4,50,1,3,33.3,0,0,0,0,3,3,2,0,0,3,1,7.9,7.0,76.1,71.4,4.7,71.4,76.1,-4.7,1,0,0,0,0,0,0,0,0,0,0,0,0,0,0,0,0,0,0,0,0,0,0,0,0,0,0,0,0,0,0,0,0
Rahoveci 029,"B. Rexha, F. Rugova, I. Umipig, J. Roche, K. Pullian",Bora,"A. Hot, A. Hunter, A. Mekic, J. Zeqiri, S. Jules",1,235,3.9,7.4,6,3,7,42.9,0,1,0,0,0,0,1,0,1,1,2,1,1,1,11,4,5,80,1,1,100,2,2,100,1,3,4,4,1,0,3,1,6.9,7.8,86.6,140.8,-54.3,140.8,86.6,54.3,-5,0,0,0,0,0,0,0,0,0,0,0,0,0,0,0,0,0,0,0,0,0,0,0,0,0,0,0,0,0,0,0,0
GO+Peja,"A. Hhajdari, J. Johnson, M. Mala, S. Flatten, T. Green",Bora,"A. Hot, A. Hunter, A. Mekic, J. Zeqiri, S. Jules",1,259,4.3,7.4,7,3,7,42.9,1,2,50,0,0,0,0,2,2,2,0,1,0,1,14,5,10,50,4,6,66.7,0,0,0,3,4,7,5,0,1,1,1,7.0,7.8,100,179.7,-79.7,179.7,100,79.7,-7,0,0,0,0,0,0,0,0,0,0,0,0,0,0,0,0,0,0,0,0,0,0,0,0,0,0,0,0,0,0,0,0
Rahoveci 029,"B. Rexha, F. Rugova, I. Umipig, J. Roche, K. Pullian",GO+Peja,"A. Herndon, D. Berisha, J. Johnson, M. Mala, T. Green",1,258,4.3,7.4,10,4,8,50,2,4,50,0,0,0,2,3,5,2,0,0,2,2,8,3,6,50,2,4,50,0,0,0,0,2,2,2,0,0,1,1,7.9,7.0,127.2,114.3,12.9,114.3,127.2,-12.9,2,0,0,0,0,0,0,0,0,0,0,0,0,0,0,0,0,0,0,0,0,0,0,0,0,0,0,0,0,0,0,0,0
Vëllaznimi,"A. Koshi, J. Hellems, S. Zekiqi, Y. Anei, Z. Reid",Trepça,"A. Vining, B. Tuna, K. Hasbrouck, M. Amzil, S. Jones",1,200,3.3,7.4,11,3,4,75,0,0,0,5,6,83.3,0,1,1,0,1,0,1,4,10,3,5,60,1,2,50,3,3,100,1,1,2,1,1,0,2,3,7.6,7.2,144,137.9,6,137.9,144,-6,1,0,0,0,0,0,0,0,0,0,0,0,0,0,0,0,0,0,0,0,0,0,0,0,0,0,0,0,0,0,0,0,0
Bora,"A. Mekic, G. Singleton, J. Zeqiri, O. Kurtaj, S. Jules",Rahoveci 029,"B. Rexha, F. Rugova, I. Umipig, K. Pullian, P. Weeks",1,227,3.8,7.3,6,3,6,50,0,2,0,0,0,0,2,3,5,1,0,0,3,0,8,3,7,42.9,0,3,0,2,2,100,1,1,2,2,2,0,1,0,6.9,7.8,87.5,102.4,-15,102.4,87.5,15,-2,0,0,0,0,0,0,0,0,0,0,0,0,0,0,0,0,0,0,0,0,0,0,0,0,0,0,0,0,0,0,0,0
Sigal Prishtina,"A. Azemi, A. Bailey, D. Burns, D. Haxhosaj, L. Autrey",Golden Eagle Ylli,"A. Scott, E. Kastrati, L. Basic, L. Shoshi, T. Allen",1,181,3.0,7.3,10,4,8,50,2,5,40,0,1,0,2,1,3,3,1,0,1,1,8,3,4,75,0,0,0,2,2,100,0,3,3,2,0,0,2,2,7.7,6.9,129.4,116.3,13.1,116.3,129.4,-13.1,2,0,0,0,0,0,0,0,0,0,0,0,0,0,0,0,0,0,0,0,0,0,0,0,0,0,0,0,0,0,0,0,0
Bora,"A. Hot, A. Hunter, A. Mekic, C. Payton, J. Zeqiri",Sigal Prishtina,"A. Azemi, D. Burns, D. Haxhosaj, K. Kramer, T. Vissarious",1,244,4.1,7.3,9,4,6,66.7,1,3,33.3,0,0,0,0,5,5,1,1,1,1,2,2,1,7,14.3,0,3,0,0,1,0,2,2,4,1,0,0,2,1,7.0,7.6,128.6,26.3,102.3,26.3,128.6,-102.3,7,0,0,0,0,0,0,0,0,0,0,0,0,0,0,0,0,0,0,0,0,0,0,0,0,0,0,0,0,0,0,0,0
Vëllaznimi,"J. Hellems, R. Dahsyla, S. Zekiqi, T. Todd, Z. Reid",Golden Eagle Ylli,"A. Scott, A. Çallakaj, B. Huffman, E. Kastrati, G. Morina",1,213,3.5,7.3,5,2,6,33.3,0,3,0,1,3,33.3,1,2,3,1,2,0,1,1,2,1,3,33.3,0,2,0,0,0,0,0,4,4,1,1,0,4,2,7.5,7.0,67,28.6,38.4,28.6,67,-38.4,3,0,0,0,0,0,0,0,0,0,0,0,0,0,0,0,0,0,0,0,0,0,0,0,0,0,0,0,0,0,0,0,0
Sigal Prishtina,"A. Azemi, A. Bailey, D. Haxhosaj, D. Polloshka, T. Vissariou",Vëllaznimi,"A. Gordon, A. Koshi, J. Hellems, R. Dahsyla, Z. Reid",1,206,3.4,7.3,4,2,6,33.3,0,2,0,0,0,0,2,0,2,2,2,0,3,1,14,5,7,71.4,2,3,66.7,2,2,100,2,2,4,1,2,0,2,2,6.9,7.7,58.3,180.9,-122.6,180.9,58.3,122.6,-10,0,0,0,0,0,0,0,0,0,0,0,0,0,0,0,0,0,0,0,0,0,0,0,0,0,0,0,0,0,0,0,0
GO+Peja,"A. Hajdari, C. Edwards, C. Williams, F. Shoshaj, L. Routt",Trepça,"B. Tuna, D. Hajrizi, J. Payne, K. Hasbrouck, S. Jones",1,315,5.2,7.3,6,2,7,28.6,0,2,0,2,2,100,2,3,5,0,2,0,2,1,5,2,7,28.6,1,4,25,0,0,0,2,3,5,1,2,0,2,3,7.7,6.9,77.5,72.9,4.6,72.9,77.5,-4.6,1,0,0,0,0,0,0,0,0,0,0,0,0,0,0,0,0,0,0,0,0,0,0,0,0,0,0,0,0,0,0,0,0
Bashkimi,"I. Cousins, J. Baily, J. Palokaj, T. Bickerstaff, V. Bunjaku",Sigal Prishtina,"A. Azemi, A. Bailey, D. Burns, L. Autrey, V. Kakruki",1,219,3.6,7.1,8,3,4,75,1,2,50,1,3,33.3,0,0,0,0,2,0,2,3,11,4,4,100,1,1,100,2,2,100,0,1,1,2,2,0,2,2,7.3,6.9,109.3,159.9,-50.6,159.9,109.3,50.6,-3,0,0,0,0,0,0,0,0,0,0,0,0,0,0,0,0,0,0,0,0,0,0,0,0,0,0,0,0,0,0,0,0
Golden Eagle Ylli,"D. Hall, G. Morina, L. Basic, L. Shoshi, S. Bamforth",Rahoveci 029,"B. Rexha, F. Rugova, I. Umipig, J. Jonson, K. Pullian",1,195,3.2,7.1,6,2,9,22.2,1,4,25,1,1,100,2,2,4,1,1,0,0,1,6,2,5,40,2,5,40,0,0,0,1,5,6,2,0,0,3,1,7.3,6.9,82.2,86.6,-4.4,86.6,82.2,4.4,0,0,0,0,0,0,0,0,0,0,0,0,0,0,0,0,0,0,0,0,0,0,0,0,0,0,0,0,0,0,0,0,0
Vëllaznimi,"D. Wilson, J. Hellems, R. Dahsyla, S. Zekiqi, Y. Anei",Bora,"A. Hot, A. Hunter, L. Thomas, O. Kurtaj, S. Jules",1,259,4.3,7.1,12,5,8,62.5,1,4,25,1,2,50,1,3,4,3,0,1,0,1,8,2,5,40,2,4,50,2,2,100,0,1,1,1,0,0,1,1,7.3,6.9,164.9,116.3,48.7,116.3,164.9,-48.7,4,0,0,0,0,0,0,0,0,0,0,0,0,0,0,0,0,0,0,0,0,0,0,0,0,0,0,0,0,0,0,0,0
GO+Peja,"C. Edwards, C. Williams, D. Bracey, M. Mala, S. Llapi",Bora,"A. Hot, A. Hunter, C. Bragg Jr, R. Memedi, S. Jules",1,250,4.2,7.1,12,4,8,50,1,2,50,3,3,100,3,4,7,1,0,0,1,0,6,2,6,33.3,2,3,66.7,0,0,0,0,1,1,2,0,0,1,3,7.1,7.0,168.8,85.7,83.1,85.7,168.8,-83.1,6,0,0,0,0,0,0,0,0,0,0,0,0,0,0,0,0,0,0,0,0,0,0,0,0,0,0,0,0,0,0,0,0
Rahoveci 029,"A. Patty, B. Rexha, F. Rugova, J. Roche, K. Pullian",Bashkimi,"D. Lake, J. Baily, K. Anderson, L. Zeqiri, V. Bunjaku",1,173,2.9,7.0,9,3,7,42.9,1,2,50,2,4,50,2,4,6,1,0,0,1,1,5,2,6,33.3,1,3,33.3,0,0,0,0,3,3,2,1,0,0,2,8.0,6.0,111.8,83.3,28.5,83.3,111.8,-28.5,4,0,0,0,0,0,0,0,0,0,0,0,0,0,0,0,0,0,0,0,0,0,0,0,0,0,0,0,0,0,0,0,0
Bashkimi,"D. Lake, K. Anderson, L. Zeqiri, T. Bickerstaff, V. Bunjaku",Trepça,"A. Arslanagic, D. Kapiti, M. Amzil, M. Tmusic, S. Henry",1,197,3.3,7.0,6,3,7,42.9,0,0,0,0,0,0,1,3,4,2,1,1,1,2,7,3,6,50,1,2,50,0,0,0,0,3,3,3,1,0,1,2,6.9,7.0,86.6,100,-13.4,100,86.6,13.4,-1,0,0,0,0,0,0,0,0,0,0,0,0,0,0,0,0,0,0,0,0,0,0,0,0,0,0,0,0,0,0,0,0
Trepça,"A. Vining, B. Tuna, M. Amzil, M. Tmusic, S. Jones",GO+Peja,"A. Herndon, C. Edwards, F. Shoshaj, M. Mala, O. Williams",1,173,2.9,7.0,10,3,6,50,2,3,66.7,2,4,50,2,2,4,2,2,1,2,1,4,2,6,33.3,0,2,0,0,0,0,2,2,4,2,2,0,2,2,8.2,5.9,122.6,68.3,54.4,68.3,122.6,-54.4,6,0,0,0,0,0,0,0,0,0,0,0,0,0,0,0,0,0,0,0,0,0,0,0,0,0,0,0,0,0,0,0,0
Bora,"A. Hunter, J. Zeqiri, R. Ukaj, S. Jules, T. Cheese",GO+Peja,"A. Herndon, F. Shoshaj, M. Mala, O. Williams, T. Green",1,197,3.3,7.0,8,3,5,60,0,0,0,2,2,100,1,3,4,1,0,0,2,1,8,3,6,50,0,1,0,2,3,66.7,1,1,2,3,1,2,1,1,6.8,7.5,117.5,106.4,11.1,106.4,117.5,-11.1,0,0,0,0,0,0,0,0,0,0,0,0,0,0,0,0,0,0,0,0,0,0,0,0,0,0,0,0,0,0,0,0,0
Bashkimi,"I. Nwamu, K. Wooten, M. Janjeva, S. Shorter, V. Bunjaku",GO+Peja,"C. Edwards, F. Shoshaj, M. Mala, O. Williams, T. Green",1,231,3.9,7.0,7,3,4,75,1,1,100,0,0,0,0,4,4,1,0,0,3,1,6,3,7,42.9,0,1,0,0,0,0,0,1,1,1,1,0,0,0,7.0,7.0,100,85.7,14.3,85.7,100,-14.3,1,0,0,0,0,0,0,0,0,0,0,0,0,0,0,0,0,0,0,0,0,0,0,0,0,0,0,0,0,0,0,0,0
GO+Peja,"A. Hajdari, C. Edwards, C. Williams, D. Bracey, M. Mala",Trepça,"J. Payne, K. Hasbrouck, M. Amzil, M. Tmusic, S. Jones",1,219,3.6,7.0,8,3,6,50,2,4,50,0,0,0,1,4,5,1,1,0,2,0,6,2,6,33.3,1,2,50,1,2,50,1,2,3,1,2,0,1,1,6.9,7.0,115.4,85.4,30,85.4,115.4,-30,2,0,0,0,0,0,0,0,0,0,0,0,0,0,0,0,0,0,0,0,0,0,0,0,0,0,0,0,0,0,0,0,0
Bora,"A. Hot, A. Hunter, J. Zeqiri, R. Memedi, S. Jules",Sigal Prishtina,"A. Bailey, A. Morina, D. Burns, D. Haxhosaj, D. Williams",1,237,4.0,7.0,8,2,5,40,1,4,25,3,5,60,1,2,3,2,0,0,1,2,3,1,4,25,0,0,0,1,2,50,1,2,3,1,0,0,3,4,7.1,6.8,112.2,44.1,68.1,44.1,112.2,-68.1,5,0,0,0,0,0,0,0,0,0,0,0,0,0,0,0,0,0,0,0,0,0,0,0,0,0,0,0,0,0,0,0,0
Trepça,"A. Vining, D. Hajrizi, K. Hasbrouck, S. Henry, S. Jones",Vëllaznimi,"A. Gordon, A. Rushiti, J. Hellems, S. Zekiqi, T. Todd",1,222,3.7,7.0,7,3,6,50,1,3,33.3,0,0,0,0,3,3,2,1,0,1,0,5,2,6,33.3,1,2,50,0,0,0,1,3,4,1,1,0,2,2,7.0,6.9,100,72.2,27.8,72.2,100,-27.8,2,0,0,0,0,0,0,0,0,0,0,0,0,0,0,0,0,0,0,0,0,0,0,0,0,0,0,0,0,0,0,0,0
GO+Peja,"D. Berisha, J. Johnson, M. Mala, S. Flatten, T. Green",Vëllaznimi,"A. Koshi, J. Hellems, M. Warrick, R. Dahsyla, Z. Reid",1,286,4.8,6.9,10,4,7,57.1,2,3,66.7,0,0,0,1,3,4,2,1,0,1,4,5,2,6,33.3,0,3,0,1,2,50,1,2,3,3,0,0,1,3,6.9,6.8,144.3,73.4,70.9,73.4,144.3,-70.9,5,0,0,0,0,0,0,0,0,0,0,0,0,0,0,0,0,0,0,0,0,0,0,0,0,0,0,0,0,0,0,0,0
GO+Peja,"A. Herndon, D. Berisha, J. Johnson, M. Mala, T. Green",Trepça,"B. Tuna, C. Brown, J. Payne, M. Amzil, M. Tmusic",1,243,4.0,6.9,5,2,8,25,0,3,0,1,1,100,2,2,4,1,1,0,1,2,7,3,9,33.3,0,2,0,1,2,50,4,4,8,0,1,0,1,2,7.3,6.6,68.5,106.1,-37.6,106.1,68.5,37.6,-2,0,0,0,0,0,0,0,0,0,0,0,0,0,0,0,0,0,0,0,0,0,0,0,0,0,0,0,0,0,0,0,0
Sigal Prishtina,"A. Azemi, A. Bailey, D. Burns, D. Haxhosaj, K. Kramer",Rahoveci 029,"A. Patty, F. Rugova, H. Durguti, I. Umipig, J. Roche",1,255,4.2,6.9,0,0,7,0,0,3,0,0,0,0,2,1,3,0,1,0,2,2,10,4,7,57.1,1,3,33.3,1,1,100,2,4,6,4,1,0,2,1,6.5,7.3,0,137,-137,137,0,137,-10,0,0,0,0,0,0,0,0,0,0,0,0,0,0,0,0,0,0,0,0,0,0,0,0,0,0,0,0,0,0,0,0
Trepça,"A. Gashi, B. Tuna, D. Hajrizi, K. Hasbrouck, S. Jones",Sigal Prishtina,"A. Bailey, D. Burns, D. Haxhosaj, D. Polloshka, K. Dukes",1,183,3.0,6.9,10,3,4,75,2,3,66.7,2,2,100,0,4,4,2,0,0,2,0,5,2,7,28.6,1,5,20,0,0,0,1,1,2,0,1,0,1,1,6.9,6.9,145.3,72.2,73.2,72.2,145.3,-73.2,5,0,0,0,0,0,0,0,0,0,0,0,0,0,0,0,0,0,0,0,0,0,0,0,0,0,0,0,0,0,0,0,0
GO+Peja,"C. Edwards, M. Mala, O. Williams, S. Llapi, T. Green",Rahoveci 029,"A. Berisha, A. Thomas, B. Rexha, J. Roche, K. Pullian",1,287,4.8,6.9,10,3,6,50,2,4,50,2,2,100,1,4,5,3,0,0,1,0,7,3,8,37.5,1,3,33.3,0,0,0,1,2,3,1,0,0,0,2,6.8,6.9,146.8,101,45.8,101,146.8,-45.8,3,0,0,0,0,0,0,0,0,0,0,0,0,0,0,0,0,0,0,0,0,0,0,0,0,0,0,0,0,0,0,0,0
Bashkimi,"D. Lake, J. Riley, L. Zeqiri, S. Shorter, V. Bunjaku",Vëllaznimi,"D. Wilson, J. Hellems, R. Dahsyla, S. Zekiqi, Y. Anei",1,189,3.1,6.9,8,3,6,50,2,2,100,0,0,0,1,1,2,3,2,0,2,1,10,3,4,75,2,2,100,2,2,100,0,2,2,1,1,0,2,0,6.9,6.9,115.4,145.3,-29.9,145.3,115.4,29.9,-2,0,0,0,0,0,0,0,0,0,0,0,0,0,0,0,0,0,0,0,0,0,0,0,0,0,0,0,0,0,0,0,0
Sigal Prishtina,"A. Lomax, A. Morina, D. Burns, D. Haxhosaj, D. Williams",Golden Eagle Ylli,"A. Çallakaj, D. Sabeckis, G. Morina, J. Gray, L. Shoshi",1,192,3.2,6.9,5,1,4,25,0,1,0,3,3,100,0,1,1,1,2,0,2,1,5,2,3,66.7,0,1,0,1,1,100,0,3,3,1,1,0,3,3,7.3,6.4,68.3,77.6,-9.3,77.6,68.3,9.3,0,0,0,0,0,0,0,0,0,0,0,0,0,0,0,0,0,0,0,0,0,0,0,0,0,0,0,0,0,0,0,0,0
Bashkimi,"I. Cousins, J. Palokaj, K. Anderson, L. Zeqiri, T. Bickerstaff",GO+Peja,"C. Edwards, D. Berisha, J. Johnson, M. Armstead, T. Green",1,216,3.6,6.8,9,2,6,33.3,1,2,50,4,4,100,1,2,3,1,0,0,0,3,9,3,6,50,1,1,100,2,2,100,1,3,4,0,0,0,1,2,6.7,6.8,134.5,132.2,2.4,132.2,134.5,-2.4,0,0,0,0,0,0,0,0,0,0,0,0,0,0,0,0,0,0,0,0,0,0,0,0,0,0,0,0,0,0,0,0,0
Golden Eagle Ylli,"A. Scott, A. Çallakaj, B. Huffman, E. Kastrati, L. Shoshi",Trepça,"D. Kapiti, J. Payne, M. Amzil, M. Tmusic, S. Henry",1,258,4.3,6.8,8,4,6,66.7,0,0,0,0,0,0,0,5,5,2,0,1,1,3,4,1,11,9.1,0,7,0,2,2,100,5,2,7,0,0,0,0,1,7.0,6.5,114.3,61.3,53,61.3,114.3,-53,4,0,0,0,0,0,0,0,0,0,0,0,0,0,0,0,0,0,0,0,0,0,0,0,0,0,0,0,0,0,0,0,0
GO+Peja,"A. Herndon, D. Berisha, J. Johnson, S. Flatten, S. Llapi",Sigal Prishtina,"A. Azemi, A. Bailey, D. Burns, D. Polloshka, K. Kramer",1,218,3.6,6.8,13,4,5,80,3,3,100,2,2,100,0,2,2,3,0,1,1,1,10,4,7,57.1,1,3,33.3,1,2,50,1,1,2,4,0,0,0,2,6.9,6.8,189,146.8,42.1,146.8,189,-42.1,3,0,0,0,0,0,0,0,0,0,0,0,0,0,0,0,0,0,0,0,0,0,0,0,0,0,0,0,0,0,0,0,0
Sigal Prishtina,"A. Bailey, A. Lomax, A. Morina, D. Burns, V. Kakruki",Golden Eagle Ylli,"D. Conger, G. Morina, J. Gray, S. Bamforth, T. Smith",1,173,2.9,6.8,9,3,5,60,1,2,50,2,4,50,0,0,0,2,2,0,0,1,9,3,3,100,1,1,100,2,2,100,0,3,3,3,0,0,3,2,6.8,6.9,133.1,130.8,2.3,130.8,133.1,-2.3,0,0,0,0,0,0,0,0,0,0,0,0,0,0,0,0,0,0,0,0,0,0,0,0,0,0,0,0,0,0,0,0,0
Golden Eagle Ylli,"A. Çallakaj, B. Huffman, G. Morina, L. Thomas, T. Allen",Vëllaznimi,"A. Koshi, M. Warrick, R. Dahsyla, Y. Anei, Z. Reid",1,195,3.2,6.7,9,3,8,37.5,1,2,50,2,3,66.7,3,2,5,1,0,0,1,2,5,1,4,25,1,4,25,2,4,50,1,3,4,1,0,1,1,2,7.6,5.7,117.7,87.9,29.9,87.9,117.7,-29.9,4,0,0,0,0,0,0,0,0,0,0,0,0,0,0,0,0,0,0,0,0,0,0,0,0,0,0,0,0,0,0,0,0
Rahoveci 029,"A. Patty, F. Rugova, H. Durguti, I. Umipig, J. Roche",Bora,"A. Hot, A. Mekic, J. Zeqiri, S. Jules, T. Cheese",1,208,3.5,6.7,6,2,9,22.2,1,2,50,1,1,100,4,3,7,0,0,0,1,2,11,4,9,44.4,2,3,66.7,1,1,100,2,3,5,4,1,1,0,2,6.2,7.3,97.4,150.7,-53.3,150.7,97.4,53.3,-5,0,0,0,0,0,0,0,0,0,0,0,0,0,0,0,0,0,0,0,0,0,0,0,0,0,0,0,0,0,0,0,0
GO+Peja,"A. Herndon, D. Berisha, M. Mala, S. Flatten, T. Green",Bashkimi,"I. Nwamu, K. Anderson, L. Zeqiri, M. Ismaili, T. Bickerstaff",1,218,3.6,6.7,8,2,5,40,0,3,0,4,4,100,2,2,4,3,1,0,1,0,9,3,6,50,1,4,25,2,2,100,1,1,2,2,0,0,2,3,5.6,7.8,142.3,115.2,27.1,115.2,142.3,-27.1,-1,0,0,0,0,0,0,0,0,0,0,0,0,0,0,0,0,0,0,0,0,0,0,0,0,0,0,0,0,0,0,0,0
Golden Eagle Ylli,"A. Gashi, A. Scott, E. Kastrati, L. Shoshi, S. Bamforth",Vëllaznimi,"A. Koshi, D. Wilson, J. Hellems, S. Zekiqi, Y. Anei",1,202,3.4,6.7,9,4,5,80,0,1,0,1,1,100,0,6,6,3,0,0,1,0,3,1,7,14.3,1,3,33.3,0,0,0,0,1,1,1,1,0,0,3,6.4,7.0,139.8,42.9,96.9,42.9,139.8,-96.9,6,0,0,0,0,0,0,0,0,0,0,0,0,0,0,0,0,0,0,0,0,0,0,0,0,0,0,0,0,0,0,0,0
Rahoveci 029,"A. Thomas, B. Rexha, F. Rugova, J. Mccorrmick, K. Pullian",Bashkimi,"D. Lake, J. Riley, L. Zeqiri, M. Ismaili, S. Shorter",1,186,3.1,6.7,7,2,6,33.3,2,4,50,1,4,25,2,1,3,3,1,0,0,0,7,3,4,75,1,1,100,0,0,0,0,3,3,0,0,0,3,2,6.0,7.0,115.7,100,15.7,100,115.7,-15.7,0,0,0,0,0,0,0,0,0,0,0,0,0,0,0,0,0,0,0,0,0,0,0,0,0,0,0,0,0,0,0,0,0
Rahoveci 029,"E. Peci, F. Rugova, I. Umipig, K. Pullian, P. Weekes",Vëllaznimi,"J. Ismajli, L. Colimerio, M. Warrick, R. Dahsyla, Z. Reid",1,223,3.7,6.6,7,3,9,33.3,1,3,33.3,0,0,0,2,2,4,1,0,0,0,2,11,3,5,60,2,3,66.7,3,4,75,0,3,3,3,0,0,0,1,6.4,6.8,108.8,162.7,-53.9,162.7,108.8,53.9,-4,0,0,0,0,0,0,0,0,0,0,0,0,0,0,0,0,0,0,0,0,0,0,0,0,0,0,0,0,0,0,0,0
Rahoveci 029,"F. Rugova, H. Durguti, I. Umipig, J. Roche, K. Pullian",Golden Eagle Ylli,"A. Scott, G. Morina, L. Shoshi, L. Thomas, T. Allen",1,263,4.4,6.6,12,5,7,71.4,2,3,66.7,0,0,0,1,3,4,5,1,0,0,2,3,1,6,16.7,0,3,0,1,2,50,3,1,4,0,0,0,3,1,5.9,7.2,202.4,41.6,160.7,41.6,202.4,-160.7,9,0,0,0,0,0,0,0,0,0,0,0,0,0,0,0,0,0,0,0,0,0,0,0,0,0,0,0,0,0,0,0,0
Rahoveci 029,"A. Patty, F. Rugova, J. Roche, K. Pullian, V. Ejupi",Bashkimi,"D. Lake, J. Baily, K. Anderson, L. Zeqiri, V. Bunjaku",1,199,3.3,6.6,9,3,5,60,0,1,0,3,3,100,0,4,4,1,0,0,1,3,5,1,5,20,0,2,0,3,4,75,1,2,3,1,0,0,0,2,7.3,5.9,123,84.7,38.3,84.7,123,-38.3,4,0,0,0,0,0,0,0,0,0,0,0,0,0,0,0,0,0,0,0,0,0,0,0,0,0,0,0,0,0,0,0,0
Sigal Prishtina,"A. Azemi, A. Bailey, D. Burns, D. Haxhosaj, K. Kramer",Bashkimi,"D. Lake, I. Cousins, K. Anderson, L. Zeqiri, M. Janjeva",1,208,3.5,6.6,5,2,3,66.7,1,2,50,0,1,0,0,2,2,2,0,0,4,1,7,3,7,42.9,1,2,50,0,0,0,2,2,4,1,1,0,1,4,7.4,5.9,67.2,119.5,-52.2,119.5,67.2,52.2,-2,0,0,0,0,0,0,0,0,0,0,0,0,0,0,0,0,0,0,0,0,0,0,0,0,0,0,0,0,0,0,0,0
Sigal Prishtina,"A. Bailey, D. Burns, D. Polloshka, K. Dukes, V. Kakruki",Bora,"A. Hot, A. Hunter, R. Memedi, S. Jules, T. Cheese",1,216,3.6,6.6,1,0,6,0,0,3,0,1,1,100,2,3,5,0,0,0,2,0,8,4,8,50,0,4,0,0,0,0,1,4,5,3,2,0,0,0,6.3,6.9,15.9,115.4,-99.6,115.4,15.9,99.6,-7,0,0,0,0,0,0,0,0,0,0,0,0,0,0,0,0,0,0,0,0,0,0,0,0,0,0,0,0,0,0,0,0
GO+Peja,"A. Hajdari, C. Edwards, M. Mala, O. Williams, S. Flatten",Golden Eagle Ylli,"A. Scott, D. Hall, L. Shoshi, S. Bamforth, T. Allen",1,212,3.5,6.6,8,3,6,50,0,2,0,2,2,100,1,2,3,2,1,0,0,1,8,3,7,42.9,1,2,50,1,2,50,1,2,3,2,0,1,1,3,5.8,7.5,137.7,107.3,30.4,107.3,137.7,-30.4,0,0,0,0,0,0,0,0,0,0,0,0,0,0,0,0,0,0,0,0,0,0,0,0,0,0,0,0,0,0,0,0,0
Trepça,"A. Vining, B. Tuna, D. Hajrizi, K. Hasbrouck, S. Jones",Rahoveci 029,"J. Mccorrmick, J. Roche, K. Pullian, K. Ujkani, V. Ejupi",1,242,4.0,6.6,11,4,7,57.1,0,0,0,3,3,100,2,3,5,2,0,3,1,1,7,3,7,42.9,1,2,50,0,0,0,1,1,2,1,0,0,0,2,7.2,5.9,153.2,118,35.2,118,153.2,-35.2,4,0,0,0,0,0,0,0,0,0,0,0,0,0,0,0,0,0,0,0,0,0,0,0,0,0,0,0,0,0,0,0,0
Sigal Prishtina,"A. Bailey, A. Lomax, A. Sinani, E. Clarence, V. Kakruki",Trepça,"B. Tuna, J. Payne, K. Hasbrouck, M. Amzil, S. Jones",1,215,3.6,6.6,9,4,5,80,0,1,0,1,3,33.3,0,2,2,2,2,0,0,1,7,3,7,42.9,1,4,25,0,0,0,2,2,4,3,0,0,2,3,6.3,6.9,142.4,102,40.4,102,142.4,-40.4,2,0,0,0,0,0,0,0,0,0,0,0,0,0,0,0,0,0,0,0,0,0,0,0,0,0,0,0,0,0,0,0,0
Bashkimi,"D. Lake, I. Nwamu, J. Riley, L. Zeqiri, M. Ismaili",Vëllaznimi,"D. Wilson, J. Hellems, R. Dahsyla, S. Zekiqi, Y. Anei",1,191,3.2,6.6,6,3,7,42.9,0,3,0,0,0,0,2,0,2,2,2,0,2,2,9,3,4,75,0,0,0,3,3,100,1,2,3,0,2,1,2,4,6.9,6.2,87.5,144,-56.5,144,87.5,56.5,-3,0,0,0,0,0,0,0,0,0,0,0,0,0,0,0,0,0,0,0,0,0,0,0,0,0,0,0,0,0,0,0,0
Golden Eagle Ylli,"A. Çallakaj, B. Huffman, G. Morina, L. Thomas, T. Allen",Vëllaznimi,"J. Ismajli, L. Colimerio, M. Warrick, R. Dahsyla, Z. Reid",1,228,3.8,6.5,13,5,7,71.4,3,5,60,0,0,0,0,4,4,5,0,0,0,2,6,2,6,33.3,2,4,50,0,0,0,0,2,2,2,0,0,0,1,7.0,6.0,185.7,100,85.7,100,185.7,-85.7,7,0,0,0,0,0,0,0,0,0,0,0,0,0,0,0,0,0,0,0,0,0,0,0,0,0,0,0,0,0,0,0,0
Rahoveci 029,"B. Rexha, E. Peci, F. Rugova, J. Roche, K. Pullian",Vëllaznimi,"J. Ismajli, K. Ezeagu, R. Dahsyla, S. Zekiqi, Z. Reid",1,177,3.0,6.5,7,3,5,60,1,2,50,0,0,0,0,5,5,0,0,1,1,0,2,1,7,14.3,0,4,0,0,2,0,2,2,4,0,1,0,1,1,6.0,7.0,116.7,28.4,88.3,28.4,116.7,-88.3,5,0,0,0,0,0,0,0,0,0,0,0,0,0,0,0,0,0,0,0,0,0,0,0,0,0,0,0,0,0,0,0,0
Sigal Prishtina,"A. Azemi, A. Bailey, D. Burns, D. Haxhosaj, L. Autrey",GO+Peja,"C. Edwards, D. Berisha, J. Johnson, M. Mala, T. Green",1,171,2.9,6.5,7,3,5,60,1,2,50,0,0,0,0,3,3,2,0,0,1,0,8,3,6,50,2,2,100,0,0,0,0,2,2,3,1,0,1,1,6.0,7.0,116.7,114.3,2.4,114.3,116.7,-2.4,-1,0,0,0,0,0,0,0,0,0,0,0,0,0,0,0,0,0,0,0,0,0,0,0,0,0,0,0,0,0,0,0,0
Sigal Prishtina,"A. Bailey, D. Burns, D. Lekndreaj, E. Williams Jr, V. Kakruki",Trepça,"A. Arslanagic, D. Hajrizi, D. Kapiti, J. Payne, M. Amzil",1,178,3.0,6.5,4,2,4,50,0,0,0,0,0,0,1,3,4,1,0,0,4,1,7,3,6,50,1,3,33.3,0,0,0,0,1,1,2,0,0,0,0,6.9,6.0,57.7,116.7,-58.9,116.7,57.7,58.9,-3,0,0,0,0,0,0,0,0,0,0,0,0,0,0,0,0,0,0,0,0,0,0,0,0,0,0,0,0,0,0,0,0
Vëllaznimi,"A. Gordon, A. Rushiti, J. Hellems, S. Zekiqi, Z. Reid",Trepça,"A. Vining, B. Tuna, D. Kapiti, K. Hasbrouck, M. Amzil",1,215,3.6,6.5,9,4,5,80,1,2,50,0,0,0,0,2,2,1,1,0,1,0,9,3,6,50,3,6,50,0,0,0,1,1,2,3,1,0,2,2,6.0,6.9,150,129.9,20.1,129.9,150,-20.1,0,0,0,0,0,0,0,0,0,0,0,0,0,0,0,0,0,0,0,0,0,0,0,0,0,0,0,0,0,0,0,0,0
Trepça,"A. Vining, K. Hasbrouck, M. Amzil, M. Tmusic, S. Jones",Bashkimi,"D. Lake, I. Cousins, L. Zeqiri, M. Armstead, S. Shorter",1,223,3.7,6.5,7,3,6,50,1,4,25,0,0,0,1,2,3,0,1,0,1,0,7,3,5,60,1,2,50,0,0,0,0,2,2,2,0,0,2,1,5.9,7.0,118,100,18,100,118,-18,0,0,0,0,0,0,0,0,0,0,0,0,0,0,0,0,0,0,0,0,0,0,0,0,0,0,0,0,0,0,0,0,0
Golden Eagle Ylli,"E. Kastrati, G. Morina, L. Basic, L. Shoshi, S. Bamforth",Vëllaznimi,"A. Rushiti, D. Wilson, S. Zekiqi, Y. Anei, Z. Reid",1,196,3.3,6.5,10,4,5,80,2,2,100,0,0,0,0,2,2,3,0,0,0,1,3,1,4,25,1,3,33.3,0,0,0,1,1,2,0,0,0,5,2,5.0,7.9,200,37.8,162.2,37.8,200,-162.2,7,0,0,0,0,0,0,0,0,0,0,0,0,0,0,0,0,0,0,0,0,0,0,0,0,0,0,0,0,0,0,0,0
Sigal Prishtina,"A. Bailey, A. Lomax, A. Morina, D. Haxhosaj, E. Clarence",Trepça,"A. Vining, D. Hajrizi, D. Kapiti, M. Tmusic, S. Henry",1,231,3.9,6.5,7,3,9,33.3,0,1,0,1,2,50,3,1,4,1,2,0,0,3,7,3,4,75,1,2,50,0,0,0,0,4,4,3,0,1,2,1,7.1,6.0,98.2,116.7,-18.5,116.7,98.2,18.5,0,0,0,0,0,0,0,0,0,0,0,0,0,0,0,0,0,0,0,0,0,0,0,0,0,0,0,0,0,0,0,0,0
GO+Peja,"A. Hajdari, C. Edwards, L. Routt, M. Mala, O. Williams",Vëllaznimi,"D. Wilson, J. Hellems, R. Dahsyla, S. Zekiqi, Y. Anei",1,231,3.9,6.5,7,3,7,42.9,1,3,33.3,0,0,0,1,0,1,1,0,0,0,0,17,7,7,100,3,3,100,0,0,0,0,3,3,2,0,0,0,1,5.9,7.0,118,242.9,-124.8,242.9,118,124.8,-10,0,0,0,0,0,0,0,0,0,0,0,0,0,0,0,0,0,0,0,0,0,0,0,0,0,0,0,0,0,0,0,0
Bora,"A. Mekic, G. Singleton, J. Zeqiri, R. Memedi, S. Jules",Rahoveci 029,"A. Berisha, F. Rugova, I. Umipig, P. Weeks, V. Ejupi",1,203,3.4,6.4,3,1,6,16.7,1,3,33.3,0,0,0,0,2,2,1,1,0,0,0,10,4,8,50,2,3,66.7,0,0,0,2,5,7,1,0,0,1,2,6.0,6.9,50,145.8,-95.8,145.8,50,95.8,-7,0,0,0,0,0,0,0,0,0,0,0,0,0,0,0,0,0,0,0,0,0,0,0,0,0,0,0,0,0,0,0,0
Vëllaznimi,"J. Ismajli, M. Warrick, R. Dahsyla, Y. Anei, Z. Ried",Trepça,"B. Tuna, D. Kapiti, J. Payne, M. Amzil, M. Tmusic",1,215,3.6,6.4,6,2,4,50,0,0,0,2,2,100,0,1,1,0,0,0,1,0,12,5,7,71.4,2,2,100,0,0,0,1,2,3,5,0,0,1,2,5.9,6.9,102,173.2,-71.1,173.2,102,71.1,-6,0,0,0,0,0,0,0,0,0,0,0,0,0,0,0,0,0,0,0,0,0,0,0,0,0,0,0,0,0,0,0,0
Golden Eagle Ylli,"A. Scott, A. Çallakaj, B. Huffman, G. Morina, J. Reece",Trepça,"J. Payne, M. Amzil, M. Tmusic, S. Henry, S. Jones",1,202,3.4,6.4,2,1,4,25,0,1,0,0,0,0,1,2,3,0,0,0,3,0,12,5,8,62.5,2,3,66.7,0,0,0,1,2,3,3,3,1,0,2,5.9,6.9,33.7,173.2,-139.4,173.2,33.7,139.4,-10,0,0,0,0,0,0,0,0,0,0,0,0,0,0,0,0,0,0,0,0,0,0,0,0,0,0,0,0,0,0,0,0
GO+Peja,"A. Herndon, J. Johnson, M. Mala, S. Flatten, S. Llapi",Sigal Prishtina,"A. Azemi, A. Bailey, D. Polloshka, K. Kramer, T. Vissariou",1,198,3.3,6.4,7,2,5,40,0,2,0,3,4,75,1,5,6,1,0,0,1,1,5,1,6,16.7,1,4,25,2,4,50,2,2,4,2,1,1,0,3,6.7,6.2,104.6,80.2,24.4,80.2,104.6,-24.4,2,0,0,0,0,0,0,0,0,0,0,0,0,0,0,0,0,0,0,0,0,0,0,0,0,0,0,0,0,0,0,0,0
GO+Peja,"A. Herndon, D. Berisha, M. Mala, S. Flatten, T. Green",Bashkimi,"B. Bytyqi, I. Nwamu, K. Anderson, L. Zeqiri, T. Bickerstaff",1,171,2.9,6.4,7,1,3,33.3,1,3,33.3,4,5,80,0,1,1,1,0,1,2,4,7,1,3,33.3,0,0,0,5,6,83.3,1,2,3,0,0,0,1,3,7.2,5.6,97.2,125.7,-28.5,125.7,97.2,28.5,0,0,0,0,0,0,0,0,0,0,0,0,0,0,0,0,0,0,0,0,0,0,0,0,0,0,0,0,0,0,0,0,0
Trepça,"A. Gashi, B. Tuna, D. Kapiti, K. Hasbrouck, M. Amzil",Sigal Prishtina,"A. Bailey, A. Morina, D. Burns, D. Haxhosaj, K. Kramer",1,176,2.9,6.4,9,2,3,66.7,1,2,50,4,4,100,0,4,4,3,0,0,2,2,5,2,6,33.3,1,3,33.3,0,0,0,0,1,1,1,0,0,0,2,6.8,6.0,133.1,83.3,49.8,83.3,133.1,-49.8,4,0,0,0,0,0,0,0,0,0,0,0,0,0,0,0,0,0,0,0,0,0,0,0,0,0,0,0,0,0,0,0,0
Vëllaznimi,"A. Gordon, A. Koshi, D. Wilson, J. Hellems, S. Zekiqi",Trepça,"A. Vining, K. Hasbrouck, M. Amzil, M. Tmusic, S. Jones",1,201,3.4,6.4,1,0,3,0,0,1,0,1,2,50,0,3,3,0,0,0,3,2,6,3,7,42.9,0,1,0,0,0,0,1,3,4,2,3,0,0,1,6.9,5.9,14.5,101.2,-86.6,101.2,14.5,86.6,-5,0,0,0,0,0,0,0,0,0,0,0,0,0,0,0,0,0,0,0,0,0,0,0,0,0,0,0,0,0,0,0,0
Bora,"A. Hot, A. Hunter, L. Thomas, R. Memedi, S. Jules",Bashkimi,"D. Lake, K. Anderson, L. Zeqiri, M. Armstead, S. Shorter",1,211,3.5,6.4,2,1,4,25,0,2,0,0,0,0,0,3,3,1,1,0,3,0,4,2,7,28.6,0,2,0,0,0,0,2,3,5,2,2,0,1,0,7.0,5.9,28.6,68.3,-39.7,68.3,28.6,39.7,-2,0,0,0,0,0,0,0,0,0,0,0,0,0,0,0,0,0,0,0,0,0,0,0,0,0,0,0,0,0,0,0,0
Rahoveci 029,"E. Peci, F. Rugova, I. Umipig, K. Pullian, P. Weekes",Vëllaznimi,"A. Koshi, M. Warrick, R. Dahsyla, Y. Anei, Z. Reid",1,204,3.4,6.3,5,2,5,40,0,2,0,1,2,50,0,3,3,0,1,1,1,3,5,1,6,16.7,1,2,50,2,2,100,2,3,5,1,1,0,1,0,6.9,5.7,72.7,87.1,-14.4,87.1,72.7,14.4,0,0,0,0,0,0,0,0,0,0,0,0,0,0,0,0,0,0,0,0,0,0,0,0,0,0,0,0,0,0,0,0,0
Sigal Prishtina,"A. Azemi, A. Bailey, D. Burns, D. Haxhosaj, L. Autrey",Golden Eagle Ylli,"A. Scott, A. Çallakaj, G. Morina, J. Reece, T. Allen",1,133,2.2,6.3,12,4,5,80,1,2,50,3,4,75,0,1,1,2,3,0,0,0,3,1,3,33.3,1,2,50,0,0,0,1,1,2,0,0,0,4,0,6.8,5.9,177.5,50.6,126.9,50.6,177.5,-126.9,9,0,0,0,0,0,0,0,0,0,0,0,0,0,0,0,0,0,0,0,0,0,0,0,0,0,0,0,0,0,0,0,0
Trepça,"B. Tuna, C. Brown, D. Kapiti, J. Payne, S. Henry",Vëllaznimi,"J. Hellems, M. Warrick, R. Dahsyla, S. Zekiqi, Z. Reid",1,240,4.0,6.3,9,3,5,60,1,2,50,2,2,100,1,6,7,0,0,0,1,2,3,0,6,0,0,2,0,3,4,75,1,1,2,0,1,0,0,2,5.8,6.8,154.9,43.8,111.1,43.8,154.9,-111.1,6,0,0,0,0,0,0,0,0,0,0,0,0,0,0,0,0,0,0,0,0,0,0,0,0,0,0,0,0,0,0,0,0
GO+Peja,"A. Hhajdari, J. Johnson, M. Mala, S. Flatten, T. Green",Bora,"A. Hot, A. Hunter, A. Mekic, J. Zeqiri, T. Cheese",1,204,3.4,6.3,6,2,5,40,1,3,33.3,1,2,50,0,3,3,0,0,1,1,1,5,2,6,33.3,0,1,0,1,2,50,1,3,4,1,0,0,0,0,6.9,5.8,87.2,86.1,1.2,86.1,87.2,-1.2,1,0,0,0,0,0,0,0,0,0,0,0,0,0,0,0,0,0,0,0,0,0,0,0,0,0,0,0,0,0,0,0,0
Rahoveci 029,"A. Berisha, F. Rugova, I. Umipig, J. Roche, K. Pullian",GO+Peja,"A. Hajdari, A. Herndon, D. Berisha, J. Johnson, T. Green",1,204,3.4,6.3,3,1,6,16.7,1,5,20,0,0,0,2,1,3,1,2,0,3,2,7,3,7,42.9,1,3,33.3,0,0,0,3,3,6,0,0,0,2,1,6.9,5.8,43.7,120.9,-77.2,120.9,43.7,77.2,-4,0,0,0,0,0,0,0,0,0,0,0,0,0,0,0,0,0,0,0,0,0,0,0,0,0,0,0,0,0,0,0,0
Vëllaznimi,"A. Koshi, J. Hellems, S. Zekiqi, T. Todd, Z. Reid",Rahoveci 029,"A. Berisha, B. Rexha, J. Johnson, J. Roche, K. Pullian",1,154,2.6,6.3,2,0,3,0,0,1,0,2,4,50,2,1,3,0,1,0,3,1,7,3,6,50,1,2,50,0,0,0,1,2,3,0,3,1,2,1,6.2,6.4,32.5,109.5,-77,109.5,32.5,77,-5,0,0,0,0,0,0,0,0,0,0,0,0,0,0,0,0,0,0,0,0,0,0,0,0,0,0,0,0,0,0,0,0
Rahoveci 029,"E. Haxhimurati, H. Durguti, K. Pullian, K. Ujkani, V. Ejupi",Trepça,"A. Gashi, B. Tuna, D. Kapiti, E. Asllani, M. Amzil",1,158,2.6,6.3,4,1,6,16.7,0,4,0,2,2,100,1,0,1,0,0,0,1,0,12,6,9,66.7,0,0,0,0,0,0,3,4,7,3,1,0,0,0,6.8,5.8,58.7,207.3,-148.5,207.3,58.7,148.5,-8,0,0,0,0,0,0,0,0,0,0,0,0,0,0,0,0,0,0,0,0,0,0,0,0,0,0,0,0,0,0,0,0
Trepça,"A. Vining, K. Hasbrouck, M. Amzil, M. Tmusic, S. Jones",Bashkimi,"I. Cousins, L. Zeqiri, S. Shorter, T. Bickerstaff, V. Bunjaku",1,185,3.1,6.3,6,1,3,33.3,1,1,100,3,4,75,0,2,2,1,1,0,2,0,5,2,7,28.6,1,3,33.3,0,0,0,2,3,5,1,0,0,2,2,6.8,6.3,88.8,79.1,9.7,79.1,88.8,-9.7,1,0,0,0,0,0,0,0,0,0,0,0,0,0,0,0,0,0,0,0,0,0,0,0,0,0,0,0,0,0,0,0,0
Sigal Prishtina,"A. Bailey, A. Lomax, A. Morina, D. Burns, V. Kakruki",Golden Eagle Ylli,"D. Sabeckis, D. Thomas, E. Kastrati, S. Bamforth, T. Smith",1,263,4.4,6.3,6,3,9,33.3,0,3,0,0,0,0,6,2,8,1,0,0,3,3,4,2,4,50,0,0,0,0,0,0,0,0,0,2,1,2,3,4,5.6,7.0,107.5,57.1,50.4,57.1,107.5,-50.4,2,0,0,0,0,0,0,0,0,0,0,0,0,0,0,0,0,0,0,0,0,0,0,0,0,0,0,0,0,0,0,0,0
Vëllaznimi,"A. Gordon, A. Koshi, D. Wilson, J. Hellems, R. Dahsyla",Peja,"J. Johnson, M. Mala, S. Flatten, S. Llapi, T. Green",1,228,3.8,6.2,4,1,7,14.3,0,2,0,2,2,100,2,4,6,2,0,2,1,4,4,1,9,11.1,0,5,0,2,4,50,5,3,8,1,0,0,0,2,6.3,6.0,63.4,66.6,-3.2,66.6,63.4,3.2,0,0,0,0,0,0,0,0,0,0,0,0,0,0,0,0,0,0,0,0,0,0,0,0,0,0,0,0,0,0,0,0,0
Golden Eagle Ylli,"A. Scott, B. Huffman, D. Conger, E. Kastrati, S. Bamforth",Bashkimi,"I. Nwamu, K. Wooten, L. Zeqiri, S. Shorter, V. Bunjaku",1,176,2.9,6.2,3,1,5,20,1,5,20,0,0,0,0,1,1,1,1,0,2,2,6,2,3,66.7,0,1,0,2,3,66.7,0,3,3,1,0,0,1,0,7.0,5.3,42.9,112.8,-69.9,112.8,42.9,69.9,-3,0,0,0,0,0,0,0,0,0,0,0,0,0,0,0,0,0,0,0,0,0,0,0,0,0,0,0,0,0,0,0,0
Golden Eagle Ylli,"A. Scott, A. Çallakaj, G. Morina, J. Reece, L. Shoshi",Trepça,"D. Hajrizi, D. Kapiti, J. Payne, K. Hasbrouck, S. Henry",1,162,2.7,6.1,0,0,4,0,0,2,0,0,0,0,0,1,1,0,2,0,2,4,7,2,2,100,0,0,0,3,5,60,0,4,4,1,0,0,2,0,6.0,6.2,0,112.9,-112.9,112.9,0,112.9,-7,0,0,0,0,0,0,0,0,0,0,0,0,0,0,0,0,0,0,0,0,0,0,0,0,0,0,0,0,0,0,0,0
Trepça,"A. Vining, K. Hasbrouck, M. Amzil, M. Tmusic, S. Jones",Bashkimi,"I. Cousins, I. Nwamu, L. Zeqiri, M. Armstead, T. Bickerstaff",1,200,3.3,6.1,9,4,5,80,1,2,50,0,0,0,0,2,2,1,0,0,1,0,7,2,6,33.3,2,4,50,1,1,100,2,1,3,2,0,0,2,2,6.0,6.3,150,111.1,38.9,111.1,150,-38.9,2,0,0,0,0,0,0,0,0,0,0,0,0,0,0,0,0,0,0,0,0,0,0,0,0,0,0,0,0,0,0,0,0
Rahoveci 029,"A. Thomas, B. Rexha, F. Rugova, J. Mccorrmick, K. Pullian",Bashkimi,"J. Riley, K. Anderson, K. Wooten, L. Zeqiri, V. Bunjaku",1,193,3.2,6.1,10,3,4,75,1,1,100,3,5,60,0,1,1,3,1,0,0,1,8,4,5,80,0,1,0,0,0,0,0,3,3,1,0,0,1,2,6.2,6.0,161.3,133.3,28,133.3,161.3,-28,2,0,0,0,0,0,0,0,0,0,0,0,0,0,0,0,0,0,0,0,0,0,0,0,0,0,0,0,0,0,0,0,0
Rahoveci 029,"A. Thomas, F. Rugova, J. Mccorrmick, K. Pullian, V. Ejupi",Bashkimi,"J. Riley, K. Wooten, L. Zeqiri, S. Shorter, V. Bunjaku",1,172,2.9,6.1,4,2,6,33.3,0,2,0,0,0,0,2,1,3,0,1,0,3,2,7,2,3,66.7,0,1,0,3,3,100,0,2,2,1,0,1,1,0,6.9,5.3,58.3,131.6,-73.3,131.6,58.3,73.3,-3,0,0,0,0,0,0,0,0,0,0,0,0,0,0,0,0,0,0,0,0,0,0,0,0,0,0,0,0,0,0,0,0
Golden Eagle Ylli,"A. Çallakaj, G. Morina, J. Reece, L. Thomas, T. Allen",Vëllaznimi,"J. Ismajli, L. Colimerio, M. Warrick, R. Dahsyla, Z. Reid",1,134,2.2,6.0,3,1,1,100,1,1,100,0,0,0,0,1,1,0,0,0,5,0,11,5,6,83.3,1,1,100,0,0,0,0,0,0,2,4,0,0,0,6.0,6.0,50,183.3,-133.3,183.3,50,133.3,-8,0,0,0,0,0,0,0,0,0,0,0,0,0,0,0,0,0,0,0,0,0,0,0,0,0,0,0,0,0,0,0,0
Bora,"A. Hot, A. Mekic, J. Zeqiri, S. Jules, Y. Pllana",Trepça,"B. Tuna, D. Hajrizi, J. Payne, M. Tmusic, S. Jones",1,129,2.1,6.0,2,1,3,33.3,0,1,0,0,0,0,0,1,1,0,1,0,3,1,7,3,4,75,1,1,100,0,0,0,0,2,2,2,1,0,2,1,6.0,6.0,33.3,116.7,-83.3,116.7,33.3,83.3,-5,0,0,0,0,0,0,0,0,0,0,0,0,0,0,0,0,0,0,0,0,0,0,0,0,0,0,0,0,0,0,0,0
Golden Eagle Ylli,"A. Çallakaj, B. Huffman, G. Morina, L. Thomas, T. Allen",Bora,"A. Hot, A. Mekic, J. Zeqiri, T. Cheese, T. Jackson",1,222,3.7,6.0,7,3,6,50,1,2,50,0,0,0,1,5,6,2,0,0,1,1,2,1,7,14.3,0,1,0,0,0,0,1,2,3,1,1,0,0,3,5.9,5.9,118,33.7,84.3,33.7,118,-84.3,5,0,0,0,0,0,0,0,0,0,0,0,0,0,0,0,0,0,0,0,0,0,0,0,0,0,0,0,0,0,0,0,0
Bora,"A. Hot, A. Mekic, O. Kurtaj, S. Jules, T. Chese",Bashkimi,"D. Lake, I. Cousins, J. Palokaj, K. Anderson, L. Zeqiri",1,216,3.6,6.0,6,2,4,50,2,2,100,0,0,0,1,1,2,0,2,0,3,1,6,3,4,75,0,1,0,0,0,0,0,1,1,1,2,0,2,3,5.9,6.0,101.2,100,1.2,100,101.2,-1.2,0,0,0,0,0,0,0,0,0,0,0,0,0,0,0,0,0,0,0,0,0,0,0,0,0,0,0,0,0,0,0,0,0
Rahoveci 029,"H. Durguti, I. Umipig, J. Roche, K. Pullian, K. Ujkani",Bora,"A. Hot, A. Hunter, A. Mekic, J. Zeqiri, S. Jules",1,175,2.9,6.0,6,3,5,60,0,2,0,0,0,0,0,2,2,2,0,0,1,0,9,4,7,57.1,1,3,33.3,0,0,0,1,2,3,2,1,0,0,0,6.0,5.9,100,151.8,-51.8,151.8,100,51.8,-3,0,0,0,0,0,0,0,0,0,0,0,0,0,0,0,0,0,0,0,0,0,0,0,0,0,0,0,0,0,0,0,0
Vëllaznimi,"A. Koshi, J. Hellems, R. Dahsyla, S. Zekiqi, Z. Reid",Golden Eagle Ylli,"A. Scott, A. Çallakaj, B. Huffman, E. Kastrati, L. Shoshi",1,116,1.9,6.0,2,1,6,16.7,0,3,0,0,0,0,1,2,3,0,1,0,1,2,8,3,5,60,2,4,50,0,0,0,0,4,4,3,0,0,1,0,5.9,6.0,33.7,133.3,-99.6,133.3,33.7,99.6,-6,0,0,0,0,0,0,0,0,0,0,0,0,0,0,0,0,0,0,0,0,0,0,0,0,0,0,0,0,0,0,0,0
Rahoveci 029,"B. Rexha, F. Rugova, I. Umipig, J. Roche, K. Pullian",GO+Peja,"D. Berisha, J. Johnson, M. Mala, S. Flatten, T. Green",1,239,4.0,6.0,10,4,8,50,2,4,50,0,0,0,3,3,6,2,1,0,1,1,5,2,6,33.3,1,3,33.3,0,2,0,2,1,3,2,1,0,1,2,5.8,6.2,172.7,81.1,91.6,81.1,172.7,-91.6,5,0,0,0,0,0,0,0,0,0,0,0,0,0,0,0,0,0,0,0,0,0,0,0,0,0,0,0,0,0,0,0,0
Bashkimi,"I. Cousins, K. Anderson, L. Zeqiri, M. Ismaili, T. Bickerstaff",Golden Eagle Ylli,"A. Scott, E. Kastrati, J. Reece, L. Shoshi, T. Allen",1,193,3.2,6.0,12,5,7,71.4,2,3,66.7,0,0,0,1,1,2,3,0,0,0,1,7,3,4,75,1,2,50,0,0,0,0,1,1,2,0,0,2,0,5.9,6.0,202.4,116.7,85.7,116.7,202.4,-85.7,5,0,0,0,0,0,0,0,0,0,0,0,0,0,0,0,0,0,0,0,0,0,0,0,0,0,0,0,0,0,0,0,0
GO+Peja,"A. Hajdari, C. Edwards, J. Johnson, M. Mala, T. Green",Bashkimi,"D. Lake, I. Cousins, I. Nwamu, L. Zeqiri, M. Ismaili",1,221,3.7,6.0,12,5,6,83.3,2,2,100,0,0,0,0,1,1,2,0,0,1,0,9,4,5,80,1,2,50,0,0,0,0,0,0,2,0,0,0,0,7.0,5.0,171.4,180,-8.6,180,171.4,8.6,3,0,0,0,0,0,0,0,0,0,0,0,0,0,0,0,0,0,0,0,0,0,0,0,0,0,0,0,0,0,0,0,0
Trepça,"A. Vining, B. Zekiqi, D. Kapiti, M. Tmusic, S. Jones",GO+Peja,"A. Herndon, C. Edwards, F. Shoshaj, M. Mala, O. Williams",1,198,3.3,6.0,0,0,6,0,0,3,0,0,0,0,0,2,2,0,0,0,0,2,9,4,6,66.7,1,3,33.3,0,0,0,0,6,6,3,0,1,0,0,6.0,6.0,0,150,-150,150,0,150,-9,0,0,0,0,0,0,0,0,0,0,0,0,0,0,0,0,0,0,0,0,0,0,0,0,0,0,0,0,0,0,0,0
Bora,"A. Hunter, R. Memedi, R. Ukaj, S. Jules, T. Cheese",Rahoveci 029,"B. Rexha, F. Rugova, I. Umipig, J. Roche, K. Pullian",1,203,3.4,6.0,11,5,9,55.6,1,3,33.3,0,0,0,2,2,4,3,2,0,0,0,5,2,5,40,1,3,33.3,0,0,0,1,1,2,2,0,1,2,0,6.1,5.9,179,84.3,94.6,84.3,179,-94.6,6,0,0,0,0,0,0,0,0,0,0,0,0,0,0,0,0,0,0,0,0,0,0,0,0,0,0,0,0,0,0,0,0
Rahoveci 029,"B. Rexha, H. Durguti, I. Umipig, J. Roche, K. Pullian",Sigal Prishtina,"A. Morina, D. Polloshka, E. Clarence, K. Dukes, K. Kramer",1,197,3.3,6.0,13,5,6,83.3,3,4,75,0,0,0,1,2,3,4,0,0,1,3,6,1,4,25,0,2,0,4,5,80,1,0,1,1,0,0,1,1,5.9,6.1,219.2,97.9,121.3,97.9,219.2,-121.3,7,0,0,0,0,0,0,0,0,0,0,0,0,0,0,0,0,0,0,0,0,0,0,0,0,0,0,0,0,0,0,0,0
Vëllaznimi,"D. Wilson, J. Hellems, R. Dahsyla, S. Zekiqi, Z. Reid",Sigal Prishtina,"A. Bailey, A. Lomax, A. Morina, E. Clarance, V. Kakruki",1,180,3.0,6.0,10,4,5,80,2,3,66.7,0,0,0,0,2,2,4,0,1,1,0,4,2,5,40,0,2,0,0,0,0,1,1,2,2,1,0,2,1,6.0,5.9,166.7,67.5,99.2,67.5,166.7,-99.2,6,0,0,0,0,0,0,0,0,0,0,0,0,0,0,0,0,0,0,0,0,0,0,0,0,0,0,0,0,0,0,0,0
GO+Peja,"C. Edwards, D. Bracey, D. Davis, F. Shoshaj, M. Mala",Bora,"A. Hot, A. Hunter, J. Zeqiri, R. Memedi, S. Jules",1,160,2.7,6.0,5,2,4,50,1,2,50,0,0,0,0,2,2,1,1,0,2,1,7,3,5,60,1,2,50,0,0,0,0,2,2,1,1,0,1,0,6.0,6.0,83.3,116.7,-33.3,116.7,83.3,33.3,-2,0,0,0,0,0,0,0,0,0,0,0,0,0,0,0,0,0,0,0,0,0,0,0,0,0,0,0,0,0,0,0,0
GO+Peja,"A. Hajdari, C. Edwards, C. Williams, D. Bracey, M. Mala",Bora,"A. Hunter, J. Zeqiri, R. Memedi, S. Jules, T. Cheese",1,164,2.7,6.0,2,1,5,20,0,2,0,0,0,0,1,1,2,1,2,0,2,1,7,3,3,100,0,0,0,1,2,50,0,3,3,2,0,1,2,1,5.9,5.9,33.7,119,-85.3,119,33.7,85.3,-5,0,0,0,0,0,0,0,0,0,0,0,0,0,0,0,0,0,0,0,0,0,0,0,0,0,0,0,0,0,0,0,0
Bashkimi,"I. Cousins, J. Palokaj, K. Anderson, L. Zeqiri, T. Bickerstaff",Sigal Prishtina,"A. Azemi, A. Bailey, D. Burns, L. Autrey, V. Kakruki",1,170,2.8,5.9,7,3,5,60,0,2,0,1,2,50,0,2,2,3,1,0,0,1,6,3,6,50,0,1,0,0,0,0,1,2,3,0,0,0,1,1,5.9,5.9,119,101.2,17.9,101.2,119,-17.9,1,0,0,0,0,0,0,0,0,0,0,0,0,0,0,0,0,0,0,0,0,0,0,0,0,0,0,0,0,0,0,0,0
Rahoveci 029,"E. Peci, F. Rugova, I. Umipig, K. Pullian, P. Weekes",Vëllaznimi,"A. Koshi, J. Ismajli, L. Colimerio, M. Warrick, Y. Anei",1,237,4.0,5.9,12,6,10,60,0,1,0,0,1,0,4,2,6,3,0,0,0,1,4,2,6,33.3,0,1,0,0,0,0,2,1,3,1,0,1,1,1,7.0,4.9,171,82.3,88.7,82.3,171,-88.7,8,0,0,0,0,0,0,0,0,0,0,0,0,0,0,0,0,0,0,0,0,0,0,0,0,0,0,0,0,0,0,0,0
Sigal Prishtina,"A. Azemi, A. Bailey, D. Burns, D. Lekndreaj, K. Kramer",Trepça,"C. Brown, D. Hajrizi, J. Payne, M. Amzil, M. Tmusic",1,204,3.4,5.9,6,2,6,33.3,2,2,100,0,0,0,0,1,1,2,0,0,0,1,7,2,4,50,1,2,50,2,2,100,1,4,5,1,0,0,2,1,6.0,5.8,100,120.5,-20.5,120.5,100,20.5,-1,0,0,0,0,0,0,0,0,0,0,0,0,0,0,0,0,0,0,0,0,0,0,0,0,0,0,0,0,0,0,0,0
Bashkimi,"D. Lake, I. Cousins, K. Anderson, L. Zeqiri, V. Bunjaku",Vëllaznimi,"A. Koshi, J. Hellems, L. Colimerio, M. Warrick, R. Dahsyla",1,131,2.2,5.9,9,3,4,75,1,1,100,2,3,66.7,1,2,3,1,0,0,2,1,3,0,1,0,0,0,0,3,6,50,0,1,1,0,1,0,2,3,6.8,5.6,132.6,53.2,79.5,53.2,132.6,-79.5,6,0,0,0,0,0,0,0,0,0,0,0,0,0,0,0,0,0,0,0,0,0,0,0,0,0,0,0,0,0,0,0,0
Sigal Prishtina,"A. Azemi, A. Bailey, D. Burns, D. Haxhosaj, L. Autrey",Golden Eagle Ylli,"A. Çallakaj, B. Huffman, G. Morina, J. Reece, L. Basic",1,191,3.2,5.9,2,1,7,14.3,0,2,0,0,0,0,1,1,2,0,1,0,0,1,6,2,4,50,1,1,100,1,2,50,1,5,6,1,0,1,2,2,5.9,5.8,33.7,103.3,-69.5,103.3,33.7,69.5,-4,0,0,0,0,0,0,0,0,0,0,0,0,0,0,0,0,0,0,0,0,0,0,0,0,0,0,0,0,0,0,0,0
Rahoveci 029,"A. Berisha, A. Patty, F. Rugova, J. Roche, K. Pullian",Bashkimi,"D. Lake, J. Baily, K. Anderson, L. Zeqiri, V. Bunjaku",1,175,2.9,5.9,4,2,5,40,0,2,0,0,0,0,1,0,1,0,2,0,2,2,11,4,6,66.7,3,3,100,0,0,0,2,2,4,2,2,0,2,0,5.9,5.9,67.5,187.7,-120.3,187.7,67.5,120.3,-7,0,0,0,0,0,0,0,0,0,0,0,0,0,0,0,0,0,0,0,0,0,0,0,0,0,0,0,0,0,0,0,0
Golden Eagle Ylli,"A. Scott, E. Kastrati, L. Shoshi, L. Thomas, T. Allen",GO+Peja,"A. Herndon, D. Berisha, J. Johnson, M. Mala, S. Flatten",1,187,3.1,5.9,9,4,6,66.7,1,2,50,0,0,0,1,0,1,1,1,1,1,0,13,5,6,83.3,3,3,100,0,0,0,1,1,2,4,0,0,1,0,5.9,5.9,151.8,219.2,-67.5,219.2,151.8,67.5,-4,0,0,0,0,0,0,0,0,0,0,0,0,0,0,0,0,0,0,0,0,0,0,0,0,0,0,0,0,0,0,0,0
Sigal Prishtina,"A. Azemi, A. Bailey, D. Burns, D. Haxhosaj, T. Vissariou",Rahoveci 029,"A. Patty, F. Rugova, H. Durguti, I. Umipig, J. Roche",1,206,3.4,5.9,12,4,5,80,2,2,100,2,2,100,0,2,2,2,1,0,0,1,6,3,5,60,0,1,0,0,0,0,0,1,1,2,0,0,1,1,5.9,6.0,204.1,100,104.1,100,204.1,-104.1,6,0,0,0,0,0,0,0,0,0,0,0,0,0,0,0,0,0,0,0,0,0,0,0,0,0,0,0,0,0,0,0,0
Sigal Prishtina,"A. Bailey, D. Burns, D. Haxhosaj, D. Polloshka, K. Kramer",Bashkimi,"D. Lake, I. Nwamu, K. Anderson, L. Zeqiri, M. Ismaili",1,177,3.0,5.9,6,2,4,50,2,2,100,0,0,0,0,1,1,2,0,0,1,1,6,2,4,50,1,2,50,1,2,50,1,2,3,3,1,1,3,3,5.0,6.8,120,88.1,31.9,88.1,120,-31.9,0,0,0,0,0,0,0,0,0,0,0,0,0,0,0,0,0,0,0,0,0,0,0,0,0,0,0,0,0,0,0,0,0
Bashkimi,"I. Cousins, K. Anderson, L. Zeqiri, M. Janjeva, T. Bickerstaff",Golden Eagle Ylli,"A. Scott, E. Kastrati, J. Reece, L. Shoshi, T. Allen",1,216,3.6,5.9,10,4,8,50,2,5,40,0,0,0,2,2,4,3,0,0,0,2,6,3,7,42.9,0,3,0,0,0,0,2,2,4,2,0,0,1,0,5.9,5.9,170.6,102.4,68.3,102.4,170.6,-68.3,4,0,0,0,0,0,0,0,0,0,0,0,0,0,0,0,0,0,0,0,0,0,0,0,0,0,0,0,0,0,0,0,0
GO+Peja,"A. Hajdari, A. Herndon, D. Berisha, J. Johnson, S. Flatten",Sigal Prishtina,"A. Azemi, A. Bailey, D. Burns, D. Polloshka, K. Kramer",1,188,3.1,5.9,11,5,9,55.6,1,5,20,0,0,0,3,2,5,1,2,0,0,1,2,1,3,33.3,0,1,0,0,0,0,0,1,1,1,0,0,3,1,5.8,6.0,190,33.3,156.6,33.3,190,-156.6,9,0,0,0,0,0,0,0,0,0,0,0,0,0,0,0,0,0,0,0,0,0,0,0,0,0,0,0,0,0,0,0,0
Trepça,"A. Gashi, B. Zekiqi, D. Kapiti, M. Amzil, M. Tmusic",Sigal Prishtina,"A. Bailey, D. Burns, D. Haxhosaj, D. Polloshka, E. Clarance",1,212,3.5,5.9,10,5,7,71.4,0,2,0,0,1,0,1,2,3,5,1,0,0,2,5,2,4,50,1,2,50,0,0,0,0,2,2,1,0,0,1,1,6.7,5.0,148.7,100,48.7,100,148.7,-48.7,5,0,0,0,0,0,0,0,0,0,0,0,0,0,0,0,0,0,0,0,0,0,0,0,0,0,0,0,0,0,0,0,0
GO+Peja,"A. Hajdari, C. Edwards, J. Johnson, S. Flatten, S. Llapi",Golden Eagle Ylli,"A. Scott, G. Morina, L. Shoshi, S. Bamforth, T. Allen",1,181,3.0,5.9,7,3,7,42.9,1,4,25,0,0,0,1,2,3,2,1,0,0,1,7,3,6,50,1,2,50,0,0,0,1,3,4,1,0,0,1,0,5.9,5.9,118,118,0,118,118,0,0,0,0,0,0,0,0,0,0,0,0,0,0,0,0,0,0,0,0,0,0,0,0,0,0,0,0,0,0,0,0,0,0
Bora,"A. Hunter, G. Zeqiri, R. Ukaj, S. Jules, T. Cheese",Trepça,"J. Payne, K. Hasbrouck, M. Amzil, M. Tmusic, S. Jones",1,195,3.2,5.9,2,1,7,14.3,0,0,0,0,0,0,2,4,6,0,0,0,1,1,4,2,7,28.6,0,4,0,0,0,0,1,4,5,0,1,0,0,0,5.9,5.9,34.1,67.5,-33.3,67.5,34.1,33.3,-2,0,0,0,0,0,0,0,0,0,0,0,0,0,0,0,0,0,0,0,0,0,0,0,0,0,0,0,0,0,0,0,0
Golden Eagle Ylli,"A. Scott, E. Kastrati, G. Morina, J. Gray, T. Smith",Bora,"A. Hot, A. Hunter, L. Thomas, R. Ukaj, S. Jules",1,213,3.5,5.9,4,2,9,22.2,0,2,0,0,0,0,4,1,5,1,1,0,1,0,6,3,4,75,0,1,0,0,0,0,0,3,3,2,0,0,2,2,5.7,6.0,69.9,100,-30.1,100,69.9,30.1,-2,0,0,0,0,0,0,0,0,0,0,0,0,0,0,0,0,0,0,0,0,0,0,0,0,0,0,0,0,0,0,0,0
Golden Eagle Ylli,"D. Sabeckis, E. Kastrati, G. Morina, J. Gray, L. Shoshi",GO+Peja,"A. Hajdari, D. Bracey, D. Davis, L. Routt, M. Mala",1,164,2.7,5.9,12,4,5,80,2,2,100,2,2,100,0,3,3,3,0,0,0,1,3,1,5,20,1,3,33.3,0,0,0,1,1,2,1,0,0,2,2,5.9,5.9,204.1,50.6,153.5,50.6,204.1,-153.5,9,0,0,0,0,0,0,0,0,0,0,0,0,0,0,0,0,0,0,0,0,0,0,0,0,0,0,0,0,0,0,0,0
Vëllaznimi,"D. Wilson, R. Dahsyla, S. Zekiqi, Y. Anei, Z. Reid",Golden Eagle Ylli,"D. Sabeckis, G. Morina, J. Gray, L. Shoshi, S. Bamforth",1,209,3.5,5.9,6,2,7,28.6,0,1,0,2,2,100,2,1,3,1,0,0,0,3,9,4,5,80,1,1,100,0,0,0,0,3,3,3,0,0,1,1,5.7,6.0,104.5,150,-45.5,150,104.5,45.5,-3,0,0,0,0,0,0,0,0,0,0,0,0,0,0,0,0,0,0,0,0,0,0,0,0,0,0,0,0,0,0,0,0
Golden Eagle Ylli,"A. Çallakaj, J. Reece, L. Shoshi, L. Thomas, T. Allen",Bashkimi,"A. Morina, D. Lake, J. Bailey, J. Palokaj, K. Anderson",1,206,3.4,5.8,4,1,6,16.7,0,1,0,2,2,100,2,2,4,2,1,1,1,1,7,2,5,40,1,3,33.3,2,2,100,1,3,4,2,1,2,1,3,5.7,5.8,69.7,120.5,-50.8,120.5,69.7,50.8,-3,0,0,0,0,0,0,0,0,0,0,0,0,0,0,0,0,0,0,0,0,0,0,0,0,0,0,0,0,0,0,0,0
Golden Eagle Ylli,"A. Scott, A. Çallakaj, B. Huffman, G. Morina, J. Reece",GO+Peja,"A. Hajdari, A. Herndon, C. Edwards, M. Mala, S. Flatten",1,209,3.5,5.8,8,3,6,50,0,1,0,2,2,100,1,3,4,1,0,1,2,0,6,3,6,50,0,2,0,0,0,0,0,0,0,2,1,0,0,2,5.7,6.0,141.1,100,41.1,100,141.1,-41.1,2,0,0,0,0,0,0,0,0,0,0,0,0,0,0,0,0,0,0,0,0,0,0,0,0,0,0,0,0,0,0,0,0
Bashkimi,"D. Lake, K. Anderson, L. Zeqiri, M. Janjeva, T. Bickerstaff",Trepça,"B. Tuna, C. Brown, D. Hajrizi, J. Payne, S. Henry",1,158,2.6,5.8,5,1,3,33.3,0,0,0,3,4,75,0,0,0,1,1,0,2,0,10,4,5,80,2,2,100,0,0,0,1,2,3,2,0,1,1,2,6.8,4.9,74,202.8,-128.9,202.8,74,128.9,-5,0,0,0,0,0,0,0,0,0,0,0,0,0,0,0,0,0,0,0,0,0,0,0,0,0,0,0,0,0,0,0,0
Sigal Prishtina,"A. Azemi, D. Burns, D. Haxhosaj, K. Kramer, T. Vissariou",Bashkimi,"D. Lake, I. Nwamu, K. Anderson, L. Zeqiri, M. Ismaili",1,221,3.7,5.8,4,2,11,18.2,0,2,0,0,0,0,5,2,7,0,0,0,0,0,10,4,6,66.7,2,3,66.7,0,0,0,0,4,4,4,0,0,0,2,5.6,6.0,70.8,166.7,-95.9,166.7,70.8,95.9,-6,0,0,0,0,0,0,0,0,0,0,0,0,0,0,0,0,0,0,0,0,0,0,0,0,0,0,0,0,0,0,0,0
Sigal Prishtina,"A. Azemi, A. Bailey, D. Burns, D. Polloshka, K. Kramer",Vëllaznimi,"A. Koshi, J. Hellems, S. Zekiqi, T. Todd, Z. Reid",1,165,2.8,5.8,3,0,1,0,0,1,0,3,4,75,0,4,4,1,0,0,3,1,4,1,6,16.7,0,4,0,2,2,100,1,1,2,0,2,0,0,2,5.8,5.8,52.1,68.8,-16.8,68.8,52.1,16.8,-1,0,0,0,0,0,0,0,0,0,0,0,0,0,0,0,0,0,0,0,0,0,0,0,0,0,0,0,0,0,0,0,0
Bora,"A. Hunter, L. Thomas, R. Memedi, R. Ukaj, T. Cheese",Rahoveci 029,"F. Rugova, I. Umipig, J. Johnson, J. Roche, V. Ejupi",1,206,3.4,5.8,10,3,5,60,2,4,50,2,2,100,1,1,2,2,1,0,3,1,7,3,5,60,1,2,50,0,0,0,1,0,1,1,0,0,1,2,6.7,4.9,148.4,142,6.4,142,148.4,-6.4,3,0,0,0,0,0,0,0,0,0,0,0,0,0,0,0,0,0,0,0,0,0,0,0,0,0,0,0,0,0,0,0,0
Bora,"A. Hot, A. Hunter, R. Ukaj, S. Jules, T. Cheese",Bashkimi,"I. Nwamu, K. Wooten, L. Zeqiri, S. Shorter, V. Bunjaku",1,186,3.1,5.8,6,3,4,75,0,0,0,0,0,0,0,2,2,1,1,0,2,2,2,1,5,20,0,2,0,0,0,0,1,1,2,1,0,0,2,2,6.0,5.6,100,35.9,64.1,35.9,100,-64.1,4,0,0,0,0,0,0,0,0,0,0,0,0,0,0,0,0,0,0,0,0,0,0,0,0,0,0,0,0,0,0,0,0
Trepça,"A. Arslanagic, C. Rusell, D. Kapiti, M. Amzil, M. Tmusic",Bashkimi,"I. Cousins, J. Palokaj, K. Anderson, T. Bickerstaff, V. Bunjaku",1,140,2.3,5.7,6,2,5,40,0,2,0,2,2,100,0,2,2,2,1,0,0,1,4,1,5,20,0,1,0,2,2,100,1,3,4,1,0,0,1,0,5.9,5.5,102,73.3,28.7,73.3,102,-28.7,2,0,0,0,0,0,0,0,0,0,0,0,0,0,0,0,0,0,0,0,0,0,0,0,0,0,0,0,0,0,0,0,0
Bora,"A. Mekic, G. Singleton, R. Memed, R. Ukaj, T. Jackson",GO+Peja,"A. Herndon, D. Berisha, J. Johnson, M. Mala, T. Green",1,181,3.0,5.7,5,2,4,50,1,2,50,0,0,0,0,2,2,1,1,0,1,1,8,3,7,42.9,1,3,33.3,1,1,100,2,2,4,3,0,0,1,1,5.0,6.3,100,127,-27,127,100,27,-3,0,0,0,0,0,0,0,0,0,0,0,0,0,0,0,0,0,0,0,0,0,0,0,0,0,0,0,0,0,0,0,0
Sigal Prishtina,"A. Azemi, A. Bailey, D. Burns, D. Haxhosaj, K. Kramer",Bashkimi,"D. Lake, I. Nwamu, K. Anderson, M. Ismaili, M. Janjeva",1,161,2.7,5.7,7,3,4,75,1,2,50,0,0,0,1,2,3,2,0,0,2,0,7,2,4,50,2,4,50,1,1,100,0,0,0,1,1,0,2,1,4.9,6.4,142,108.7,33.3,108.7,142,-33.3,0,0,0,0,0,0,0,0,0,0,0,0,0,0,0,0,0,0,0,0,0,0,0,0,0,0,0,0,0,0,0,0,0
Bora,"A. Hot, J. Zeqiri, R. Memedi, S. Jules, T. Cheese",Golden Eagle Ylli,"A. Scott, E. Kastrati, G. Morina, J. Reece, T. Allen",1,226,3.8,5.7,8,2,9,22.2,2,2,100,2,2,100,4,1,5,3,1,0,0,1,9,3,4,75,2,2,100,1,2,50,0,3,3,2,0,1,1,3,5.6,5.9,142.9,153.1,-10.2,153.1,142.9,10.2,-1,0,0,0,0,0,0,0,0,0,0,0,0,0,0,0,0,0,0,0,0,0,0,0,0,0,0,0,0,0,0,0,0
Trepça,"A. Vining, B. Tuna, K. Hasbrouck, M. Amzil, S. Jones",Bashkimi,"D. Lake, I. Nwamu, M. Armstead, M. Ismaili, S. Shorter",1,117,1.9,5.7,2,0,5,0,0,4,0,2,2,100,1,2,3,0,2,0,0,2,5,0,1,0,0,1,0,5,8,62.5,0,4,4,0,0,0,2,1,4.8,6.5,41.6,76.7,-35.1,76.7,41.6,35.1,-3,0,0,0,0,0,0,0,0,0,0,0,0,0,0,0,0,0,0,0,0,0,0,0,0,0,0,0,0,0,0,0,0
Bashkimi,"D. Lake, J. Riley, M. Janjeva, S. Shorter, V. Bunjaku",Trepça,"B. Tuna, J. Payne, M. Amzil, M. Tmusic, S. Henry",1,161,2.7,5.7,9,2,3,66.7,2,2,100,3,3,100,0,2,2,0,0,0,1,0,7,3,5,60,1,1,100,0,0,0,0,1,1,3,0,0,1,1,5.3,6.0,169.2,116.7,52.5,116.7,169.2,-52.5,2,0,0,0,0,0,0,0,0,0,0,0,0,0,0,0,0,0,0,0,0,0,0,0,0,0,0,0,0,0,0,0,0
Bora,"A. Mekic, G. Singleton, R. Memedi, R. Ukaj, T. Jackson",Rahoveci 029,"B. Rexha, F. Rugova, I. Umipig, K. Pullian, P. Weeks",1,159,2.6,5.6,7,3,3,100,1,1,100,0,0,0,0,2,2,2,0,0,2,3,8,4,6,66.7,0,0,0,0,2,0,1,0,1,1,1,0,0,0,5.0,6.2,140,129.7,10.3,129.7,140,-10.3,-1,0,0,0,0,0,0,0,0,0,0,0,0,0,0,0,0,0,0,0,0,0,0,0,0,0,0,0,0,0,0,0,0
Rahoveci 029,"B. Rexha, F. Rugova, I. Umipig, J. Jones, P. Weekes",Sigal Prishtina,"A. Azemi, A. Bailey, D. Burns, D. Lekndreaj, K. Kramer",1,209,3.5,5.6,12,4,6,66.7,2,3,66.7,2,2,100,1,1,2,3,2,1,0,2,6,2,4,50,1,2,50,1,2,50,2,1,3,2,0,0,2,2,5.8,5.5,206.5,110,96.5,110,206.5,-96.5,6,0,0,0,0,0,0,0,0,0,0,0,0,0,0,0,0,0,0,0,0,0,0,0,0,0,0,0,0,0,0,0,0
GO+Peja,"A. Hajdari, A. Herndon, D. Morris, M. Armstead, T. Green",Rahoveci 029,"B. Rexha, I. Umipig, J. Roche, K. Pullian, K. Ujkani",1,200,3.3,5.6,4,2,5,40,0,0,0,0,1,0,2,2,4,0,0,0,2,3,3,1,3,33.3,0,2,0,1,1,100,0,2,2,0,1,1,2,2,5.8,5.4,68.6,55.1,13.4,55.1,68.6,-13.4,1,0,0,0,0,0,0,0,0,0,0,0,0,0,0,0,0,0,0,0,0,0,0,0,0,0,0,0,0,0,0,0,0
Bashkimi,"I. Cousins, L. Zeqiri, M. Ismaili, S. Shorter, T. Bickerstaff",Bora,"A. Hot, A. Hunter, L. Thomas, R. Memedi, S. Jules",1,211,3.5,5.6,10,4,10,40,1,3,33.3,1,1,100,4,4,8,1,0,0,0,1,3,1,5,20,1,3,33.3,0,0,0,0,2,2,0,0,0,0,2,6.2,5.0,162.3,60,102.3,60,162.3,-102.3,7,0,0,0,0,0,0,0,0,0,0,0,0,0,0,0,0,0,0,0,0,0,0,0,0,0,0,0,0,0,0,0,0
Rahoveci 029,"A. Thomas, B. Rexha, F. Rugova, K. Pullian, N. Mccloud",Vëllaznimi,"D. Wilson, J. Hellems, R. Dahsyla, S. Zekiqi, Y. Anei",1,122,2.0,5.6,7,3,4,75,1,2,50,0,2,0,1,3,4,2,1,0,1,1,3,0,2,0,0,1,0,3,4,75,0,1,1,0,1,0,2,1,5.3,5.8,131,52.1,78.9,52.1,131,-78.9,4,0,0,0,0,0,0,0,0,0,0,0,0,0,0,0,0,0,0,0,0,0,0,0,0,0,0,0,0,0,0,0,0
Rahoveci 029,"B. Rexha, F. Rugova, J. Mccorrmick, K. Pullian, N. Mcloud",Bora,"A. Hunter, J. Dingle, J. Zeqiri, R. Memedi, S. Jules",1,177,3.0,5.6,8,3,4,75,0,1,0,2,3,66.7,0,1,1,1,1,0,0,0,10,4,6,66.7,2,4,50,0,0,0,1,2,3,4,0,0,1,1,5.3,5.9,150.4,168.6,-18.3,168.6,150.4,18.3,-2,0,0,0,0,0,0,0,0,0,0,0,0,0,0,0,0,0,0,0,0,0,0,0,0,0,0,0,0,0,0,0,0
GO+Peja,"A. Herndon, C. Edwards, D. Berisha, J. Johnson, M. Armstead",Golden Eagle Ylli,"A. Çallakaj, G. Morina, J. Reece, L. Basic, L. Thomas",1,188,3.1,5.5,4,2,5,40,0,1,0,0,0,0,0,1,1,0,1,1,1,2,7,3,5,60,1,1,100,0,0,0,1,3,4,2,1,0,1,0,6.0,4.9,66.7,142,-75.3,142,66.7,75.3,-3,0,0,0,0,0,0,0,0,0,0,0,0,0,0,0,0,0,0,0,0,0,0,0,0,0,0,0,0,0,0,0,0
Trepça,"A. Arslanagic, B. Tuna, C. Brown, D. Hajrizi, J. Payne",Rahoveci 029,"I. Umipig, K. Pullian, K. Ujkani, P. Weekes, V. Ejupi",1,125,2.1,5.5,9,4,6,66.7,1,1,100,0,0,0,0,2,2,4,2,0,0,1,0,0,2,0,0,0,0,0,0,0,0,2,2,0,0,0,3,0,6.0,5.0,150,0,150,0,150,-150,9,0,0,0,0,0,0,0,0,0,0,0,0,0,0,0,0,0,0,0,0,0,0,0,0,0,0,0,0,0,0,0,0
Sigal Prishtina,"A. Azemi, A. Bailey, D. Burns, D. Haxhosaj, T. Vissariou",Rahoveci 029,"A. Patty, F. Rugova, H. Durguti, I. Umipig, K. Pullian",1,176,2.9,5.5,5,2,5,40,1,1,100,0,0,0,0,3,3,1,1,0,0,1,3,1,4,25,1,3,33.3,0,0,0,0,3,3,1,0,0,2,2,5.0,6.0,100,50,50,50,100,-50,2,0,0,0,0,0,0,0,0,0,0,0,0,0,0,0,0,0,0,0,0,0,0,0,0,0,0,0,0,0,0,0,0
GO+Peja,"D. Berisha, J. Johnson, M. Mala, S. Flatten, T. Green",Bashkimi,"I. Cousins, I. Nwamu, K. Anderson, L. Zeqiri, M. Ismaili",1,184,3.1,5.5,9,2,6,33.3,1,2,50,4,4,100,1,1,2,2,0,0,0,3,9,3,3,100,1,1,100,2,4,50,0,2,2,2,0,1,0,2,6.3,4.8,142.1,189.1,-47,189.1,142.1,47,0,0,0,0,0,0,0,0,0,0,0,0,0,0,0,0,0,0,0,0,0,0,0,0,0,0,0,0,0,0,0,0,0
Rahoveci 029,"A. Patty, B. Rexha, H. Durguti, J. Roche, K. Pullian",Trepça,"J. Payne, M. Amzil, M. Tmusic, S. Henry, S. Jones",1,144,2.4,5.5,0,0,2,0,0,1,0,0,0,0,0,0,0,0,1,0,3,1,8,4,4,100,0,0,0,0,0,0,0,2,2,1,2,0,2,1,5.0,6.0,0,133.3,-133.3,133.3,0,133.3,-8,0,0,0,0,0,0,0,0,0,0,0,0,0,0,0,0,0,0,0,0,0,0,0,0,0,0,0,0,0,0,0,0
Bashkimi,"D. Lake, I. Cousins, L. Zeqiri, S. Shorter, V. Bunajku",Bora,"A. Hot, A. Hunter, L. Thomas, R. Memedi, S. Jules",1,218,3.6,5.5,11,5,5,100,1,1,100,0,0,0,0,1,1,3,0,0,1,0,8,4,6,66.7,0,1,0,0,0,0,1,0,1,2,0,0,0,2,6.0,4.9,183.3,162.3,21.1,162.3,183.3,-21.1,3,0,0,0,0,0,0,0,0,0,0,0,0,0,0,0,0,0,0,0,0,0,0,0,0,0,0,0,0,0,0,0,0
Golden Eagle Ylli,"A. Scott, D. Conger, D. Thomas, L. Shoshi, S. Bamforth",Bashkimi,"I. Nwamu, K. Wooten, L. Zeqiri, M. Armstead, S. Shorter",1,162,2.7,5.5,2,1,2,50,0,0,0,0,0,0,1,1,2,1,1,0,3,0,3,1,3,33.3,1,2,50,0,0,0,0,0,0,1,0,1,4,3,3.9,7.0,50.9,42.9,8,42.9,50.9,-8,-1,0,0,0,0,0,0,0,0,0,0,0,0,0,0,0,0,0,0,0,0,0,0,0,0,0,0,0,0,0,0,0,0
Bora,"A. Hot, A. Hunter, L. Thomas, R. Memedi, S. Jules",Bashkimi,"I. Nwamu, K. Wooten, L. Zeqiri, S. Shorter, V. Bunjaku",1,190,3.2,5.5,10,4,5,80,2,3,66.7,0,0,0,0,4,4,2,0,1,1,2,2,1,5,20,0,2,0,0,0,0,0,1,1,1,1,0,0,0,6.0,5.0,166.7,40,126.7,40,166.7,-126.7,8,0,0,0,0,0,0,0,0,0,0,0,0,0,0,0,0,0,0,0,0,0,0,0,0,0,0,0,0,0,0,0,0
Bashkimi,"D. Lake, I. Cousins, J. Palokaj, K. Anderson, V. Bunjaku",Sigal Prishtina,"A. Azemi, A. Bailey, D. Burns, L. Autrey, V. Kakruki",1,118,2.0,5.4,5,2,3,66.7,1,1,100,0,0,0,0,3,3,2,1,0,2,1,2,1,4,25,0,1,0,0,2,0,0,1,1,1,1,0,1,0,5.0,5.9,100,34,66,34,100,-66,3,0,0,0,0,0,0,0,0,0,0,0,0,0,0,0,0,0,0,0,0,0,0,0,0,0,0,0,0,0,0,0,0
Bashkimi,"I. Cousins, J. Palokaj, K. Anderson, T. Bickerstaff, V. Bunjaku",Sigal Prishtina,"A. Azemi, A. Bailey, B. Istrefi, D. Burns, D. Lekndreaj",1,105,1.8,5.4,9,4,6,66.7,1,1,100,0,0,0,1,2,3,1,1,0,0,2,3,1,2,50,1,1,100,0,2,0,0,1,1,1,0,1,3,1,4.9,5.9,182.6,51,131.5,51,182.6,-131.5,6,0,0,0,0,0,0,0,0,0,0,0,0,0,0,0,0,0,0,0,0,0,0,0,0,0,0,0,0,0,0,0,0
GO+Peja,"C. Edwards, D. Berisha, J. Johnson, M. Mala, T. Green",Rahoveci 029,"B. Rexha, I. Umipig, J. Roche, K. Pullian, K. Ujkani",1,178,3.0,5.4,4,1,3,33.3,0,1,0,2,2,100,1,1,2,0,0,0,2,0,10,5,6,83.3,0,1,0,0,0,0,0,1,1,1,2,0,0,2,4.8,6.0,83.2,166.7,-83.5,166.7,83.2,83.5,-6,0,0,0,0,0,0,0,0,0,0,0,0,0,0,0,0,0,0,0,0,0,0,0,0,0,0,0,0,0,0,0,0
Vëllaznimi,"A. Koshi, M. Warrick, R. Dahsyla, Y. Anei, Z. Reid",Bora,"A. Mekic, D. Taylor, O. Kurtaj, R. Memedi, S. Jules",1,120,2.0,5.4,4,2,3,66.7,0,0,0,0,0,0,0,3,3,2,0,0,2,1,7,2,6,33.3,1,3,33.3,2,2,100,1,1,2,1,0,0,0,0,5.0,5.8,80,120.5,-40.5,120.5,80,40.5,-3,0,0,0,0,0,0,0,0,0,0,0,0,0,0,0,0,0,0,0,0,0,0,0,0,0,0,0,0,0,0,0,0
Sigal Prishtina,"A. Azemi, A. Bailey, D. Lekndreaj, K. Kramer, L. Autrey",GO+Peja,"A. Hajdari, C. Edwards, J. Johnson, M. Mala, T. Green",1,150,2.5,5.4,3,1,6,16.7,1,4,25,0,0,0,1,2,3,1,0,0,0,1,11,4,5,80,2,3,66.7,1,2,50,0,4,4,4,0,0,0,1,4.9,5.9,60.9,187.1,-126.2,187.1,60.9,126.2,-8,0,0,0,0,0,0,0,0,0,0,0,0,0,0,0,0,0,0,0,0,0,0,0,0,0,0,0,0,0,0,0,0
Vëllaznimi,"A. Koshi, L. Colimerio, M. Warrick, R. Dahsyla, Y. Anei",Sigal Prishtina,"A. Azemi, A. Bailey, D. Burns, D. Polloshka, V. Kakruki",1,181,3.0,5.4,10,4,6,66.7,2,2,100,0,0,0,1,2,3,2,1,0,1,1,5,1,3,33.3,1,2,50,2,2,100,0,1,1,2,0,1,1,0,5.9,4.9,168.6,102.5,66.2,102.5,168.6,-66.2,5,0,0,0,0,0,0,0,0,0,0,0,0,0,0,0,0,0,0,0,0,0,0,0,0,0,0,0,0,0,0,0,0
Rahoveci 029,"B. Rexha, H. Durguti, I. Umipig, J. Roche, V. Ejupi",Golden Eagle Ylli,"B. Huffman, E. Kastrati, G. Morina, L. Thomas, T. Allen",1,144,2.4,5.4,7,3,5,60,1,3,33.3,0,0,0,0,2,2,2,0,0,0,2,6,1,4,25,0,1,0,4,4,100,0,2,2,0,0,0,0,0,5.0,5.8,140,104.2,35.8,104.2,140,-35.8,1,0,0,0,0,0,0,0,0,0,0,0,0,0,0,0,0,0,0,0,0,0,0,0,0,0,0,0,0,0,0,0,0
Rahoveci 029,"F. Rugova, I. Umipig, J. Roche, K. Pullian, K. Ujkani",Golden Eagle Ylli,"A. Scott, E. Kastrati, J. Reece, L. Shoshi, T. Allen",1,191,3.2,5.4,9,4,6,66.7,1,3,33.3,0,0,0,1,3,4,2,1,1,1,2,3,1,7,14.3,1,4,25,0,0,0,3,1,4,1,0,0,1,0,5.9,4.8,151.8,62.6,89.1,62.6,151.8,-89.1,6,0,0,0,0,0,0,0,0,0,0,0,0,0,0,0,0,0,0,0,0,0,0,0,0,0,0,0,0,0,0,0,0
GO+Peja,"C. Edwards, D. Berisha, J. Johnson, M. Mala, S. Flatten",Vëllaznimi,"A. Koshi, J. Ismajli, M. Warrick, Y. Anei, Z. Reid",1,213,3.5,5.4,7,3,7,42.9,1,4,25,0,0,0,1,1,2,2,0,1,0,3,8,4,7,57.1,0,2,0,0,0,0,2,3,5,1,0,0,0,1,5.9,4.9,118,164.6,-46.6,164.6,118,46.6,-1,0,0,0,0,0,0,0,0,0,0,0,0,0,0,0,0,0,0,0,0,0,0,0,0,0,0,0,0,0,0,0,0
GO+Peja,"C. Edwards, D. Berisha, J. Johnson, M. Mala, T. Green",Trepça,"B. Tuna, C. Brown, J. Payne, M. Amzil, M. Tmusic",1,97,1.6,5.4,3,1,4,25,1,3,33.3,0,0,0,0,1,1,1,2,0,1,0,3,1,3,33.3,0,0,0,1,2,50,1,3,4,1,0,0,3,1,5.0,5.8,60,51.6,8.4,51.6,60,-8.4,0,0,0,0,0,0,0,0,0,0,0,0,0,0,0,0,0,0,0,0,0,0,0,0,0,0,0,0,0,0,0,0,0
Trepça,"B. Tuna, D. Kapiti, J. Payne, M. Amzil, M. Tmusic",Vëllaznimi,"J. Hellems, M. Warrick, R. Dahsyla, S. Zekiqi, Z. Reid",1,121,2.0,5.4,6,2,5,40,2,2,100,0,0,0,1,2,3,1,1,1,2,1,4,2,5,40,0,1,0,0,0,0,1,2,3,0,0,0,1,0,5.9,4.9,101.2,81.1,20,81.1,101.2,-20,2,0,0,0,0,0,0,0,0,0,0,0,0,0,0,0,0,0,0,0,0,0,0,0,0,0,0,0,0,0,0,0,0
Trepça,"A. Arslanagic, D. Hajrizi, D. Kapiti, M. Tmusic, S. Henry",Vëllaznimi,"A. Koshi, J. Hellems, L. Colimerio, M. Warrick, R. Dahsyla",1,165,2.8,5.4,0,0,6,0,0,5,0,0,0,0,2,2,4,0,1,0,1,0,3,1,4,25,1,2,50,0,0,0,0,4,4,1,0,0,2,2,4.9,6.0,0,50,-50,50,0,50,-3,0,0,0,0,0,0,0,0,0,0,0,0,0,0,0,0,0,0,0,0,0,0,0,0,0,0,0,0,0,0,0,0
Sigal Prishtina,"A. Azemi, A. Bailey, D. Burns, D. Haxhosaj, K. Kramer",Bashkimi,"I. Nwamu, K. Anderson, L. Zeqiri, M. Janjeva, T. Bickerstaff",1,144,2.4,5.4,3,1,4,25,1,2,50,0,2,0,0,4,4,1,0,0,1,1,2,1,6,16.7,0,3,0,0,0,0,1,4,5,0,0,0,0,0,5.9,4.9,51,40.6,10.5,40.6,51,-10.5,1,0,0,0,0,0,0,0,0,0,0,0,0,0,0,0,0,0,0,0,0,0,0,0,0,0,0,0,0,0,0,0,0
Golden Eagle Ylli,"A. Scott, A. Çallakaj, B. Huffman, E. Kastrati, L. Shoshi",Trepça,"J. Payne, M. Amzil, M. Tmusic, S. Henry, S. Jones",1,218,3.6,5.4,7,3,5,60,1,2,50,0,0,0,2,2,4,1,0,0,2,1,7,3,5,60,1,3,33.3,0,0,0,0,0,0,3,2,0,1,4,4.9,6.0,144,116.7,27.4,116.7,144,-27.4,0,0,0,0,0,0,0,0,0,0,0,0,0,0,0,0,0,0,0,0,0,0,0,0,0,0,0,0,0,0,0,0,0
Bashkimi,"D. Lake, I. Nwamu, K. Anderson, L. Zeqiri, M. Janjeva",Golden Eagle Ylli,"A. Scott, B. Huffman, E. Kastrati, G. Morina, T. Allen",1,190,3.2,5.4,3,1,5,20,1,4,25,0,0,0,2,3,5,1,0,0,2,0,7,3,6,50,1,2,50,0,0,0,0,2,2,2,1,0,0,2,4.9,6.0,61.7,116.7,-54.9,116.7,61.7,54.9,-4,0,0,0,0,0,0,0,0,0,0,0,0,0,0,0,0,0,0,0,0,0,0,0,0,0,0,0,0,0,0,0,0
Bashkimi,"I. Nwamu, L. Zeqiri, S. Shorter, T. Bickerstaff, V. Bunajku",Bora,"A. Hot, A. Hunter, L. Thomas, R. Memedi, S. Jules",1,123,2.0,5.4,8,3,5,60,0,1,0,2,2,100,0,1,1,1,1,0,0,0,7,3,4,75,1,2,50,0,0,0,0,2,2,2,0,1,1,0,5.9,5.0,136.1,140,-3.9,140,136.1,3.9,1,0,0,0,0,0,0,0,0,0,0,0,0,0,0,0,0,0,0,0,0,0,0,0,0,0,0,0,0,0,0,0,0
Bashkimi,"I. Cousins, I. Nwamu, L. Zeqiri, M. Janjeva, S. Shorter",Bora,"A. Hot, L. Thomas, R. Memedi, S. Jules, T. Cheese",1,183,3.0,5.4,4,2,5,40,0,2,0,0,0,0,0,1,1,1,1,0,0,1,4,2,5,40,0,2,0,0,0,0,2,3,5,0,0,1,3,1,5.0,5.9,80,68.3,11.7,68.3,80,-11.7,0,0,0,0,0,0,0,0,0,0,0,0,0,0,0,0,0,0,0,0,0,0,0,0,0,0,0,0,0,0,0,0,0
Trepça,"D. Hajrizi, D. Kapiti, K. Hasbrouck, M. Amzil, M. Tmusic",Sigal Prishtina,"A. Bailey, D. Burns, D. Haxhosaj, D. Polloshka, E. Clarance",1,153,2.5,5.4,2,1,3,33.3,0,2,0,0,0,0,0,3,3,1,0,0,2,2,6,2,5,40,0,1,0,2,2,100,0,2,2,2,2,0,0,2,5.0,5.9,40,102,-62,102,40,62,-4,0,0,0,0,0,0,0,0,0,0,0,0,0,0,0,0,0,0,0,0,0,0,0,0,0,0,0,0,0,0,0,0
Trepça,"B. Tuna, K. Hasbrouck, M. Amzil, M. Tmusic, S. Jones",GO+Peja,"A. Hajdari, A. Herndon, C. Edwards, F. Shoshaj, O. Williams",1,185,3.1,5.4,7,3,6,50,1,3,33.3,0,0,0,1,3,4,1,0,0,0,1,6,2,6,33.3,1,2,50,1,2,50,1,2,3,1,0,0,0,0,4.9,5.8,142,103.3,38.7,103.3,142,-38.7,1,0,0,0,0,0,0,0,0,0,0,0,0,0,0,0,0,0,0,0,0,0,0,0,0,0,0,0,0,0,0,0,0
Sigal Prishtina,"A. Bailey, A. Morina, D. Polloshka, K. Dukes, V. Kakruki",Bora,"A. Hot, A. Hunter, R. Memedi, S. Jules, T. Cheese",1,152,2.5,5.4,4,2,4,50,0,2,0,0,0,0,0,1,1,0,0,0,1,1,6,2,3,66.7,1,1,100,1,2,50,0,2,2,3,0,0,2,2,5.0,5.9,80,102,-22,102,80,22,-2,0,0,0,0,0,0,0,0,0,0,0,0,0,0,0,0,0,0,0,0,0,0,0,0,0,0,0,0,0,0,0,0
GO+Peja,"C. Edwards, M. Mala, O. Williams, S. Llapi, T. Green",Rahoveci 029,"A. Berisha, A. Thomas, F. Rugova, J. Roche, K. Pullian",1,149,2.5,5.4,6,2,4,50,1,2,50,1,2,50,1,3,4,2,0,1,2,2,3,1,4,25,1,3,33.3,0,0,0,0,1,1,1,0,0,1,1,5.8,5.0,103.3,60,43.3,60,103.3,-43.3,3,0,0,0,0,0,0,0,0,0,0,0,0,0,0,0,0,0,0,0,0,0,0,0,0,0,0,0,0,0,0,0,0
Sigal Prishtina,"A. Bailey, D. Polloshka, E. Clarance, J. Ismajli, K. Kramer",GO+Peja,"F. Shoshaj, L. Routt, O. Williams, S. Llapi, T. Green",1,179,3.0,5.4,5,2,4,50,0,0,0,1,4,25,1,0,1,0,0,0,1,1,9,3,5,60,1,2,50,2,2,100,2,2,4,3,0,1,1,1,6.0,4.7,82.7,189.9,-107.2,189.9,82.7,107.2,-4,0,0,0,0,0,0,0,0,0,0,0,0,0,0,0,0,0,0,0,0,0,0,0,0,0,0,0,0,0,0,0,0
Trepça,"A. Vining, D. Kapiti, K. Hasbrouck, M. Amzil, M. Tmusic",Rahoveci 029,"A. Thomas, B. Rexha, J. Mccorrmick, K. Pullian, V. Ejupi",1,189,3.1,5.4,9,4,7,57.1,1,4,25,0,0,0,2,3,5,3,0,0,0,0,8,2,5,40,2,2,100,2,2,100,0,1,1,1,0,0,0,2,4.9,5.9,185.2,136.1,49.1,136.1,185.2,-49.1,1,0,0,0,0,0,0,0,0,0,0,0,0,0,0,0,0,0,0,0,0,0,0,0,0,0,0,0,0,0,0,0,0
Trepça,"D. Kapiti, J. Payne, K. Hasbrouck, M. Amzil, M. Tmusic",Rahoveci 029,"F. Rugova, J. Mccorrmick, J. Roche, K. Pullian, V. Ejupi",1,186,3.1,5.4,2,1,5,20,0,2,0,0,0,0,2,1,3,1,0,0,3,1,8,3,4,75,1,2,50,1,2,50,0,2,2,2,0,0,0,1,5.9,4.9,34.1,163.9,-129.8,163.9,34.1,129.8,-6,0,0,0,0,0,0,0,0,0,0,0,0,0,0,0,0,0,0,0,0,0,0,0,0,0,0,0,0,0,0,0,0
Sigal Prishtina,"A. Bailey, A. Lomax, A. Morina, A. Sinani, D. Haxhosaj",Trepça,"A. Vining, D. Hajrizi, K. Hasbrouck, S. Henry, S. Jones",1,146,2.4,5.4,8,3,4,75,2,2,100,0,0,0,0,2,2,2,0,0,1,3,5,1,3,33.3,1,3,33.3,2,2,100,0,1,1,2,0,0,2,1,5.0,5.9,160,85,75,85,160,-75,3,0,0,0,0,0,0,0,0,0,0,0,0,0,0,0,0,0,0,0,0,0,0,0,0,0,0,0,0,0,0,0,0
Sigal Prishtina,"A. Bailey, A. Lomax, A. Morina, E. Clarence, V. Kakruki",Trepça,"A. Vining, D. Kapiti, K. Hasbrouck, M. Amzil, M. Tmusic",1,158,2.6,5.4,5,2,3,66.7,1,1,100,0,0,0,0,0,0,1,1,1,2,1,8,2,3,66.7,2,2,100,2,2,100,1,1,2,2,1,0,3,0,5.0,5.8,100,137.7,-37.7,137.7,100,37.7,-3,0,0,0,0,0,0,0,0,0,0,0,0,0,0,0,0,0,0,0,0,0,0,0,0,0,0,0,0,0,0,0,0
Sigal Prishtina,"A. Bailey, A. Lomax, A. Morina, D. Burns, V. Kakruki",Golden Eagle Ylli,"D. Sabeckis, E. Kastrati, J. Gray, S. Bamforth, T. Smith",1,229,3.8,5.4,4,1,5,20,0,0,0,2,2,100,2,0,2,1,1,0,2,1,10,5,7,71.4,0,1,0,0,0,0,2,1,3,4,0,0,1,2,5.0,5.9,79.6,170.6,-91.1,170.6,79.6,91.1,-6,0,0,0,0,0,0,0,0,0,0,0,0,0,0,0,0,0,0,0,0,0,0,0,0,0,0,0,0,0,0,0,0
Rahoveci 029,"A. Thomas, F. Rugova, H. Durguti, J. Mccorrmick, K. Pullian",Bora,"A. Hunter, J. Dingle, J. Zeqiri, R. Memedi, S. Jules",1,179,3.0,5.4,3,1,3,33.3,1,1,100,0,0,0,0,1,1,0,0,0,1,2,8,2,5,40,2,4,50,2,2,100,2,2,4,2,1,1,3,0,4.0,6.7,75,118.7,-43.7,118.7,75,43.7,-5,0,0,0,0,0,0,0,0,0,0,0,0,0,0,0,0,0,0,0,0,0,0,0,0,0,0,0,0,0,0,0,0
Rahoveci 029,"A. Thomas, B. Rexha, F. Rugova, J. Mccorrmick, K. Pullian",Bashkimi,"J. Riley, K. Anderson, K. Wooten, L. Zeqiri, M. Janjeva",1,159,2.6,5.4,3,1,1,100,1,1,100,0,0,0,0,1,1,1,1,0,4,1,9,3,4,75,1,1,100,2,2,100,0,0,0,2,4,0,1,1,5.0,5.9,60,153.1,-93.1,153.1,60,93.1,-6,0,0,0,0,0,0,0,0,0,0,0,0,0,0,0,0,0,0,0,0,0,0,0,0,0,0,0,0,0,0,0,0
GO+Peja,"A. Hajdari, C. Williams, D. Bracey, D. Davis, M. Mala",Bora,"A. Hot, A. Hunter, J. Zeqiri, R. Memedi, S. Jules",1,176,2.9,5.4,2,1,7,14.3,0,5,0,0,0,0,1,2,3,0,0,0,0,1,4,1,4,25,0,0,0,2,2,100,1,5,6,2,0,0,1,1,5.9,4.8,33.7,83.2,-49.4,83.2,33.7,49.4,-2,0,0,0,0,0,0,0,0,0,0,0,0,0,0,0,0,0,0,0,0,0,0,0,0,0,0,0,0,0,0,0,0
Sigal Prishtina,"A. Bailey, A. Lomax, A. Morina, D. Burns, V. Kakruki",Rahoveci 029,"A. Thomas, B. Rexha, F. Rugova, J. Mccorrmick, K. Pullian",1,198,3.3,5.4,5,2,3,66.7,1,1,100,0,2,0,0,2,2,1,1,0,1,2,2,1,3,33.3,0,0,0,0,0,0,0,2,2,0,1,0,3,3,4.9,6.0,102.5,33.3,69.1,33.3,102.5,-69.1,3,0,0,0,0,0,0,0,0,0,0,0,0,0,0,0,0,0,0,0,0,0,0,0,0,0,0,0,0,0,0,0,0
Trepça,"C. Brown, C. Rusell, D. Hajrizi, J. Payne, M. Tmusic",Bashkimi,"I. Cousins, J. Baily, L. Zeqiri, T. Bickerstaff, V. Bunjaku",1,134,2.2,5.3,4,2,5,40,0,0,0,0,0,0,1,2,3,1,0,0,1,0,9,4,6,66.7,1,2,50,0,1,0,1,2,3,2,1,0,0,0,4.9,5.7,81.1,157.2,-76,157.2,81.1,76,-5,0,0,0,0,0,0,0,0,0,0,0,0,0,0,0,0,0,0,0,0,0,0,0,0,0,0,0,0,0,0,0,0
Vëllaznimi,"A. Koshi, M. Warrick, R. Dahsyla, Y. Anei, Z. Reid",Bora,"A. Mekic, D. Taylor, J. Zeqiri, O. Kurtaj, T. Jackson",1,89,1.5,5.3,6,1,2,50,0,1,0,4,6,66.7,0,1,1,0,2,0,1,2,4,1,2,50,0,1,0,2,2,100,0,2,2,1,0,0,2,1,5.6,4.9,106.4,82,24.4,82,106.4,-24.4,2,0,0,0,0,0,0,0,0,0,0,0,0,0,0,0,0,0,0,0,0,0,0,0,0,0,0,0,0,0,0,0,0
Trepça,"B. Tuna, C. Rusell, D. Kapiti, J. Payne, M. Amzil",Golden Eagle Ylli,"A. Çallakaj, J. Reece, L. Shoshi, L. Thomas, T. Allen",1,184,3.1,5.3,2,0,3,0,0,1,0,2,2,100,0,2,2,0,0,1,1,3,6,2,6,33.3,0,2,0,2,2,100,1,3,4,1,1,0,0,3,4.9,5.5,41,110,-69,110,41,69,-4,0,0,0,0,0,0,0,0,0,0,0,0,0,0,0,0,0,0,0,0,0,0,0,0,0,0,0,0,0,0,0,0
Rahoveci 029,"B. Rexha, F. Rugova, I. Umipig, J. Roche, K. Pullian",Golden Eagle Ylli,"B. Huffman, E. Kastrati, G. Morina, L. Thomas, T. Allen",1,158,2.6,5.3,9,4,7,57.1,1,1,100,0,0,0,1,3,4,2,1,0,0,1,1,0,5,0,0,2,0,1,2,50,2,2,4,0,0,1,1,0,5.9,4.7,151.8,21.1,130.7,21.1,151.8,-130.7,8,0,0,0,0,0,0,0,0,0,0,0,0,0,0,0,0,0,0,0,0,0,0,0,0,0,0,0,0,0,0,0,0
Rahoveci 029,"F. Rugova, H. Durguti, I. Umipig, J. Roche, K. Pullian",Bora,"A. Hot, A. Mekic, J. Zeqiri, S. Jules, T. Cheese",1,159,2.6,5.3,8,2,3,66.7,1,2,50,3,4,75,1,1,2,3,1,0,2,0,6,3,5,60,0,0,0,0,0,0,1,1,2,2,1,0,1,3,6.2,4.9,128.5,121.7,6.8,121.7,128.5,-6.8,2,0,0,0,0,0,0,0,0,0,0,0,0,0,0,0,0,0,0,0,0,0,0,0,0,0,0,0,0,0,0,0,0
Rahoveci 029,"H. Durguti, J. Johnson, J. Roche, K. Pullian, K. Ujkani",Trepça,"D. Kapiti, J. Payne, K. Hasbrouck, M. Amzil, M. Tmusic",1,172,2.9,5.3,2,1,4,25,0,2,0,0,0,0,1,3,4,0,0,1,2,2,7,2,7,28.6,1,4,25,2,2,100,2,2,4,2,0,0,0,1,4.9,5.7,40.6,122,-81.4,122,40.6,81.4,-5,0,0,0,0,0,0,0,0,0,0,0,0,0,0,0,0,0,0,0,0,0,0,0,0,0,0,0,0,0,0,0,0
Bashkimi,"M. Armstead, M. Janjeva, S. Shorter, T. Bickerstaff, V. Bunjaku",Rahoveci 029,"B. Rexha, F. Rugova, H. Durguti, K. Pullian, V. Ejupi",1,137,2.3,5.3,6,2,2,100,0,0,0,2,4,50,0,2,2,2,1,0,2,0,3,1,4,25,1,4,25,0,0,0,1,1,2,1,1,0,2,1,5.8,4.9,104.2,60.9,43.3,60.9,104.2,-43.3,3,0,0,0,0,0,0,0,0,0,0,0,0,0,0,0,0,0,0,0,0,0,0,0,0,0,0,0,0,0,0,0,0
Sigal Prishtina,"A. Bailey, D. Haxhosaj, E. Clarance, J. Ismajli, K. Dukes",Bora,"A. Hot, L. Thomas, R. Memedi, S. Jules, T. Cheese",1,150,2.5,5.3,3,1,4,25,0,1,0,1,2,50,0,1,1,0,1,0,1,2,6,1,2,50,0,1,0,4,4,100,0,2,2,1,0,0,1,1,5.9,4.8,51,126.1,-75,126.1,51,75,-3,0,0,0,0,0,0,0,0,0,0,0,0,0,0,0,0,0,0,0,0,0,0,0,0,0,0,0,0,0,0,0,0
Sigal Prishtina,"A. Bailey, A. Sinani, E. Clarance, K. Dukes, V. Kakruki",GO+Peja,"A. Hajdari, L. Routt, M. Mala, O. Williams, T. Green",1,198,3.3,5.3,5,1,4,25,1,3,33.3,2,4,50,0,2,2,3,0,0,0,3,6,2,4,50,1,2,50,1,2,50,0,4,4,2,0,0,0,2,5.8,4.9,86.8,123,-36.1,123,86.8,36.1,-1,0,0,0,0,0,0,0,0,0,0,0,0,0,0,0,0,0,0,0,0,0,0,0,0,0,0,0,0,0,0,0,0
Sigal Prishtina,"A. Bailey, A. Morina, A. Sinani, E. Clarance, K. Dukes",GO+Peja,"A. Hajdari, L. Routt, M. Mala, O. Williams, T. Green",1,103,1.7,5.3,8,2,3,66.7,0,1,0,4,6,66.7,1,2,3,0,1,0,0,4,4,0,2,0,0,0,0,4,8,50,2,1,3,0,0,0,1,3,5.1,5.4,156.7,73.4,83.3,73.4,156.7,-83.3,4,0,0,0,0,0,0,0,0,0,0,0,0,0,0,0,0,0,0,0,0,0,0,0,0,0,0,0,0,0,0,0,0
Vëllaznimi,"D. Wilson, J. Hellems, R. Dahsyla, S. Zekiqi, Y. Anei",Sigal Prishtina,"A. Bailey, A. Lomax, A. Morina, E. Clarance, V. Kakruki",1,179,3.0,5.3,4,1,3,33.3,0,2,0,2,2,100,1,0,1,0,1,0,2,1,7,2,2,100,1,1,100,2,2,100,0,1,1,3,2,0,3,2,4.8,5.9,83.2,119,-35.9,119,83.2,35.9,-3,0,0,0,0,0,0,0,0,0,0,0,0,0,0,0,0,0,0,0,0,0,0,0,0,0,0,0,0,0,0,0,0
Bora,"A. Hot, J. Zeqiri, L. Thomas, R. Memedi, T. Cheese",Bashkimi,"K. Anderson, K. Wooten, L. Zeqiri, M. Armstead, S. Shorter",1,151,2.5,5.3,7,3,5,60,1,3,33.3,0,0,0,2,0,2,1,1,0,2,2,11,4,5,80,1,1,100,2,2,100,1,0,1,2,2,0,1,1,4.9,5.8,144,189.3,-45.3,189.3,144,45.3,-4,0,0,0,0,0,0,0,0,0,0,0,0,0,0,0,0,0,0,0,0,0,0,0,0,0,0,0,0,0,0,0,0
GO+Peja,"A. Hajdari, L. Routt, M. Mala, O. Williams, T. Green",Vëllaznimi,"D. Wilson, J. Hellems, R. Dahsyla, S. Zekiqi, Y. Anei",1,155,2.6,5.3,1,0,3,0,0,3,0,1,2,50,0,1,1,1,0,0,1,0,12,4,8,50,2,2,100,2,2,100,3,3,6,1,0,0,0,1,4.9,5.7,20.5,211.6,-191.1,211.6,20.5,191.1,-11,0,0,0,0,0,0,0,0,0,0,0,0,0,0,0,0,0,0,0,0,0,0,0,0,0,0,0,0,0,0,0,0
GO+Peja,"A. Hajdari, C. Edwards, F. Shoshaj, L. Routt, O. Williams",Vëllaznimi,"D. Wilson, J. Hellems, R. Dahsyla, S. Zekiqi, Y. Anei",1,192,3.2,5.3,10,3,5,60,2,4,50,2,2,100,0,2,2,3,1,0,0,3,5,1,4,25,1,2,50,2,2,100,1,2,3,0,0,0,1,1,5.9,4.8,170.1,104,66.1,104,170.1,-66.1,5,0,0,0,0,0,0,0,0,0,0,0,0,0,0,0,0,0,0,0,0,0,0,0,0,0,0,0,0,0,0,0,0
Rahoveci 029,"A. Berisha, A. Thomas, F. Rugova, K. Pullian, N. Mcloud",Bora,"J. Dingle, J. Zeqiri, R. Memedi, R. Ukaj, T. Cheese",1,177,3.0,5.3,7,3,4,75,1,2,50,0,0,0,0,4,4,1,0,0,1,0,4,2,6,33.3,0,3,0,0,1,0,1,1,2,2,1,0,0,1,5.0,5.6,140,71.6,68.4,71.6,140,-68.4,3,0,0,0,0,0,0,0,0,0,0,0,0,0,0,0,0,0,0,0,0,0,0,0,0,0,0,0,0,0,0,0,0
Trepça,"D. Hajrizi, J. Payne, K. Hasbrouck, S. Henry, S. Jones",Vëllaznimi,"A. Rushiti, D. Wilson, J. Hellems, R. Dahsyla, Y. Anei",1,190,3.2,5.3,3,1,2,50,1,2,50,0,0,0,1,3,4,1,0,0,4,2,7,2,4,50,0,0,0,3,4,75,0,0,0,0,2,0,0,1,4.9,5.8,60.9,121.5,-60.7,121.5,60.9,60.7,-4,0,0,0,0,0,0,0,0,0,0,0,0,0,0,0,0,0,0,0,0,0,0,0,0,0,0,0,0,0,0,0,0
Vëllaznimi,"A. Koshi, J. Hellems, J. Ismajli, L. Colimerio, Z. Reid",Golden Eagle Ylli,"A. Çallakaj, B. Huffman, E. Kastrati, G. Morina, J. Reece",1,131,2.2,5.2,6,2,4,50,2,2,100,0,0,0,0,1,1,2,1,0,0,1,5,2,4,50,0,0,0,1,1,100,1,2,3,0,0,0,3,2,4.0,6.4,150,78.5,71.5,78.5,150,-71.5,1,0,0,0,0,0,0,0,0,0,0,0,0,0,0,0,0,0,0,0,0,0,0,0,0,0,0,0,0,0,0,0,0
Vëllaznimi,"A. Gordon, A. Koshi, D. Wilson, J. Hellems, S. Zekiqi",Bashkimi,"D. Lake, I. Cousins, L. Zeqiri, M. Armstead, S. Shorter",1,156,2.6,5.2,4,1,3,33.3,0,1,0,2,3,66.7,0,1,1,2,0,0,1,0,8,4,5,80,0,1,0,0,0,0,0,3,3,2,0,0,0,2,5.3,5.0,75.2,160,-84.8,160,75.2,84.8,-4,0,0,0,0,0,0,0,0,0,0,0,0,0,0,0,0,0,0,0,0,0,0,0,0,0,0,0,0,0,0,0,0
Golden Eagle Ylli,"A. Scott, A. Çallakaj, B. Huffman, E. Kastrati, G. Morina",Vëllaznimi,"A. Koshi, A. Rushiti, D. Wilson, Y. Anei, Z. Reid",1,160,2.7,5.2,7,3,3,100,0,0,0,1,1,100,0,3,3,2,0,0,2,2,6,2,5,40,2,2,100,0,0,0,0,0,0,2,0,0,0,2,5.4,5.0,128.7,120,8.7,120,128.7,-8.7,1,0,0,0,0,0,0,0,0,0,0,0,0,0,0,0,0,0,0,0,0,0,0,0,0,0,0,0,0,0,0,0,0
Bashkimi,"I. Nwamu, M. Armstead, M. Janjeva, S. Shorter, T. Bickerstaff",Sigal Prishtina,"A. Morina, D. Polloshka, E. Clarance, K. Dukes, K. Kramer",1,152,2.5,5.2,11,3,4,75,1,2,50,4,4,100,1,2,3,3,0,0,0,1,5,1,3,33.3,0,2,0,3,4,75,0,0,0,0,0,0,1,2,4.7,5.8,234.5,86.8,147.7,86.8,234.5,-147.7,6,0,0,0,0,0,0,0,0,0,0,0,0,0,0,0,0,0,0,0,0,0,0,0,0,0,0,0,0,0,0,0,0
Trepça,"D. Kapiti, J. Payne, M. Amzil, M. Tmusic, S. Henry",Rahoveci 029,"J. Mccorrmick, K. Pullian, K. Ujkani, N. Mcloud, V. Ejupi",1,193,3.2,5.2,4,1,8,12.5,0,6,0,2,2,100,4,2,6,0,1,0,1,0,6,2,6,33.3,2,3,66.7,0,0,0,2,3,5,1,1,0,1,2,5.6,4.9,71.4,123.5,-52,123.5,71.4,52,-2,0,0,0,0,0,0,0,0,0,0,0,0,0,0,0,0,0,0,0,0,0,0,0,0,0,0,0,0,0,0,0,0
GO+Peja,"A. Hajdari, C. Edwards, D. Bracey, D. Davis, M. Mala",Trepça,"A. Vining, B. Tuna, D. Kapiti, M. Amzil, S. Henry",1,127,2.1,5.2,11,3,6,50,1,1,100,4,5,80,3,2,5,1,0,0,1,0,3,1,3,33.3,0,1,0,1,1,100,0,0,0,0,0,0,1,2,6.0,4.4,183.6,67.6,116.1,67.6,183.6,-116.1,8,0,0,0,0,0,0,0,0,0,0,0,0,0,0,0,0,0,0,0,0,0,0,0,0,0,0,0,0,0,0,0,0
Bora,"A. Mekic, G. Singleton, R. Memedi, R. Ukaj, S. Jules",Rahoveci 029,"A. Berisha, B. Rexha, F. Rugova, I. Umipig, P. Weeks",1,122,2.0,5.1,6,2,2,100,0,0,0,2,2,100,0,3,3,1,0,1,2,4,4,2,4,50,0,0,0,0,4,0,1,0,1,2,0,0,0,0,4.9,5.2,123,76.6,46.4,76.6,123,-46.4,2,0,0,0,0,0,0,0,0,0,0,0,0,0,0,0,0,0,0,0,0,0,0,0,0,0,0,0,0,0,0,0,0
Trepça,"A. Arslanagic, D. Kapiti, J. Payne, M. Amzil, M. Tmusic",Bashkimi,"I. Cousins, J. Palokaj, K. Anderson, T. Bickerstaff, V. Bunjaku",1,143,2.4,5.1,6,3,7,42.9,0,2,0,0,2,0,3,1,4,0,0,0,0,0,6,3,5,60,0,0,0,0,0,0,1,2,3,0,0,0,1,1,5.3,4.9,113,121.7,-8.8,121.7,113,8.8,0,0,0,0,0,0,0,0,0,0,0,0,0,0,0,0,0,0,0,0,0,0,0,0,0,0,0,0,0,0,0,0,0
GO+Peja,"A. Hajdari, C. Edwards, M. Armstead, S. Flatten, T. Green",Trepça,"A. Arslanagic, C. Brown, D. Hajrizi, M. Tmusic, S. Henry",1,219,3.6,5.1,2,1,5,20,0,2,0,0,0,0,0,1,1,0,0,0,0,1,11,4,8,50,2,3,66.7,1,1,100,3,4,7,3,0,0,0,0,5.0,5.2,40,210.3,-170.3,210.3,40,170.3,-9,0,0,0,0,0,0,0,0,0,0,0,0,0,0,0,0,0,0,0,0,0,0,0,0,0,0,0,0,0,0,0,0
Rahoveci 029,"A. Patty, B. Rexha, F. Rugova, J. Roche, K. Pullian",Bashkimi,"J. Baily, K. Anderson, L. Zeqiri, T. Bickerstaff, V. Bunjaku",1,215,3.6,5.1,2,1,5,20,0,0,0,0,0,0,0,3,3,0,0,0,0,4,6,1,6,16.7,1,5,20,3,3,100,2,4,6,1,0,2,0,1,5.0,5.2,40,115.8,-75.8,115.8,40,75.8,-4,0,0,0,0,0,0,0,0,0,0,0,0,0,0,0,0,0,0,0,0,0,0,0,0,0,0,0,0,0,0,0,0
GO+Peja,"D. Morris, E. Hasanaj, O. Sallabegolli, S. Llapi, S. Nila",Sigal Prishtina,"A. Ibishi, A. Morina, L. Zeneli, M. Syla, T. Vissariou",1,104,1.7,5.1,3,1,3,33.3,0,1,0,1,3,33.3,0,1,1,0,1,0,1,1,5,2,4,50,0,0,0,1,2,50,1,3,4,2,0,0,1,1,5.3,4.8,56.4,104,-47.6,104,56.4,47.6,-2,0,0,0,0,0,0,0,0,0,0,0,0,0,0,0,0,0,0,0,0,0,0,0,0,0,0,0,0,0,0,0,0
Rahoveci 029,"A. Berisha, E. Peci, J. Johnson, J. Roche, V. Ejupi",Trepça,"A. Arslanagic, D. Hajrizi, D. Kapiti, K. Hasbrouck, M. Tmusic",1,148,2.5,5.1,0,0,6,0,0,5,0,0,0,0,1,0,1,0,1,0,0,1,7,2,2,100,2,2,100,1,1,100,0,4,4,2,0,0,3,2,4.7,5.4,0,128.7,-128.7,128.7,0,128.7,-7,0,0,0,0,0,0,0,0,0,0,0,0,0,0,0,0,0,0,0,0,0,0,0,0,0,0,0,0,0,0,0,0
Sigal Prishtina,"D. Burns, D. Haxhosaj, E. Clarance, J. Ismajli, K. Kramer",Bora,"A. Hot, A. Hunter, L. Thomas, R. Ukaj, S. Jules",1,150,2.5,5.1,1,0,3,0,0,1,0,1,2,50,1,3,4,0,0,2,2,1,5,2,5,40,0,2,0,1,1,100,0,2,2,1,0,0,0,1,4.8,5.4,20.8,91.9,-71.1,91.9,20.8,71.1,-4,0,0,0,0,0,0,0,0,0,0,0,0,0,0,0,0,0,0,0,0,0,0,0,0,0,0,0,0,0,0,0,0
Sigal Prishtina,"A. Bailey, A. Lomax, A. Morina, D. Burns, V. Kakruki",Rahoveci 029,"A. Thomas, F. Rugova, J. Mccorrmick, K. Pullian, V. Ejupi",1,165,2.8,5.1,9,4,4,100,1,1,100,0,0,0,0,2,2,3,1,0,1,2,3,1,4,25,0,1,0,1,2,50,2,0,2,1,1,0,2,1,5.0,5.3,180,56.9,123.1,56.9,180,-123.1,6,0,0,0,0,0,0,0,0,0,0,0,0,0,0,0,0,0,0,0,0,0,0,0,0,0,0,0,0,0,0,0,0
Vëllaznimi,"A. Bedra, A. Koshi, E. Cingu, R. Dahsyla, Z. Ried",Bashkimi,"A. Morina, I. Cousins, K. Anderson, L. Zeqiri, T. Brickerstaff",1,196,3.3,5.0,5,2,6,33.3,1,5,20,0,0,0,1,0,1,1,0,0,0,2,10,5,5,100,0,0,0,0,0,0,0,3,3,2,0,0,0,0,4.9,5.0,101.4,200,-98.6,200,101.4,98.6,-5,0,0,0,0,0,0,0,0,0,0,0,0,0,0,0,0,0,0,0,0,0,0,0,0,0,0,0,0,0,0,0,0
Trepça,"C. Brown, D. Hajrizi, J. Payne, M. Tmusic, S. Jones",GO+ Peja,"C. Edwards, D. Berisha, J. Johnson, M. Armstread, T. Green",1,181,3.0,5.0,8,3,5,60,2,4,50,0,0,0,0,2,2,3,0,0,0,1,8,3,5,60,2,4,50,0,0,0,0,2,2,3,0,0,0,0,5.0,5.0,160,160,0,160,160,0,0,0,0,0,0,0,0,0,0,0,0,0,0,0,0,0,0,0,0,0,0,0,0,0,0,0,0,0,0,0,0,0,0
Sigal Prishtina,"A. Azemi, A. Ibishi, B. Istrefi, D. Haxhosaj, L. Zeneli",Bora,"A. Mekic, G. Singleton, R. Memed, R. Ukaj, T. Jackson",1,137,2.3,5.0,3,1,2,50,0,0,0,1,2,50,0,0,0,1,0,0,1,3,11,5,7,71.4,0,0,0,1,3,33.3,4,1,5,3,1,1,0,1,3.9,6.2,77.3,178,-100.7,178,77.3,100.7,-8,0,0,0,0,0,0,0,0,0,0,0,0,0,0,0,0,0,0,0,0,0,0,0,0,0,0,0,0,0,0,0,0
GO+Peja,"A. Herndon, D. Berisha, J. Johnson, M. Mala, T. Green",Golden Eagle Ylli,"A. Çallakaj, B. Huffman, G. Morina, L. Thomas, T. Allen",1,183,3.0,5.0,6,2,6,33.3,2,5,40,0,0,0,1,2,3,1,0,0,0,1,2,1,7,14.3,0,3,0,0,0,0,3,3,6,0,0,1,2,1,4.9,5.1,121.7,38.9,82.9,38.9,121.7,-82.9,4,0,0,0,0,0,0,0,0,0,0,0,0,0,0,0,0,0,0,0,0,0,0,0,0,0,0,0,0,0,0,0,0
Bora,"A. Mekic, D. Taylor, J. Zeqiri, R. Ukaj, S. Jules",GO+Peja,"C. Edwards, D. Berisha, J. Johnson, M. Armstead, T. Green",1,91,1.5,5.0,5,2,3,66.7,1,2,50,0,0,0,0,3,3,1,1,1,2,0,2,1,4,25,0,1,0,0,0,0,0,1,1,1,2,0,1,0,5.0,5.0,100,40,60,40,100,-60,3,0,0,0,0,0,0,0,0,0,0,0,0,0,0,0,0,0,0,0,0,0,0,0,0,0,0,0,0,0,0,0,0
Trepça,"B. Tuna, C. Rusell, D. Kapiti, J. Payne, M. Amzil",Golden Eagle Ylli,"A. Çallakaj, B. Huffman, G. Morina, L. Thomas, T. Allen",1,156,2.6,5.0,6,2,3,66.7,2,2,100,0,0,0,0,1,1,1,0,1,1,0,4,2,4,50,0,1,0,0,0,0,1,1,2,1,1,0,3,2,4.0,5.9,150,67.5,82.5,67.5,150,-82.5,2,0,0,0,0,0,0,0,0,0,0,0,0,0,0,0,0,0,0,0,0,0,0,0,0,0,0,0,0,0,0,0,0
Sigal Prishtina,"A. Azemi, A. Bailey, D. Burns, L. Autrey, V. Kakruki",GO+Peja,"C. Edwards, D. Berisha, J. Johnson, M. Mala, T. Green",1,154,2.6,5.0,5,2,3,66.7,1,2,50,0,0,0,0,0,0,1,0,0,2,1,6,3,3,100,0,0,0,0,0,0,0,1,1,2,1,0,2,1,5.0,5.0,100,120,-20,120,100,20,-1,0,0,0,0,0,0,0,0,0,0,0,0,0,0,0,0,0,0,0,0,0,0,0,0,0,0,0,0,0,0,0,0
Vëllaznimi,"M. Warrick, R. Dahsyla, S. Zekiqi, Y. Anei, Z. Ride",Sigal Prishtina,"A. Azemi, A. Bailey, D. Burns, D. Haxhosaj, D. Polloshka",1,178,3.0,5.0,4,2,4,50,0,1,0,0,2,0,1,1,2,0,0,0,1,2,10,4,4,100,1,1,100,1,2,50,0,2,2,4,1,0,0,1,5.2,4.9,77.4,204.9,-127.5,204.9,77.4,127.5,-6,0,0,0,0,0,0,0,0,0,0,0,0,0,0,0,0,0,0,0,0,0,0,0,0,0,0,0,0,0,0,0,0
Trepça,"A. Arslanagic, D. Hajrizi, D. Kapiti, J. Payne, M. Tmusic",Rahoveci 029,"B. Rexha, F. Rugova, I. Umipig, J. Roche, K. Pullian",1,118,2.0,5.0,3,1,4,25,1,2,50,0,0,0,0,2,2,1,0,0,0,0,5,2,5,40,1,3,33.3,0,0,0,1,3,4,0,0,1,2,2,4.0,5.9,75,84.3,-9.3,84.3,75,9.3,-2,0,0,0,0,0,0,0,0,0,0,0,0,0,0,0,0,0,0,0,0,0,0,0,0,0,0,0,0,0,0,0,0
Golden Eagle Ylli,"A. Çallakaj, B. Huffman, E. Kastrati, L. Thomas, T. Allen",Bora,"A. Hot, A. Mekic, J. Zeqiri, O. Kurtaj, S. Jules",1,131,2.2,5.0,4,2,5,40,0,1,0,0,0,0,1,1,2,1,4,0,1,0,0,0,1,0,0,0,0,0,0,0,0,2,2,0,1,0,4,0,4.9,5.0,81.1,0,81.1,0,81.1,-81.1,4,0,0,0,0,0,0,0,0,0,0,0,0,0,0,0,0,0,0,0,0,0,0,0,0,0,0,0,0,0,0,0,0
Golden Eagle Ylli,"A. Çallakaj, B. Huffman, E. Kastrati, G. Morina, L. Thomas",Bora,"A. Hot, A. Mekic, J. Zeqiri, S. Jules, T. Cheese",1,139,2.3,5.0,0,0,2,0,0,0,0,0,0,0,0,2,2,0,1,0,3,0,4,2,5,40,0,3,0,0,0,0,1,2,3,1,1,0,1,2,5.0,4.9,0,81.1,-81.1,81.1,0,81.1,-4,0,0,0,0,0,0,0,0,0,0,0,0,0,0,0,0,0,0,0,0,0,0,0,0,0,0,0,0,0,0,0,0
Golden Eagle Ylli,"A. Çallakaj, E. Kastrati, J. Reece, T. Allen, T. Allen",Bora,"A. Hot, G. Singleton, J. Zeqiri, S. Jules, T. Cheese",1,144,2.4,5.0,4,1,4,25,0,2,0,2,4,50,1,0,1,0,1,0,0,1,4,2,3,66.7,0,1,0,0,0,0,1,3,4,2,0,1,3,5,5.0,4.9,80.7,81.1,-0.5,81.1,80.7,0.5,0,0,0,0,0,0,0,0,0,0,0,0,0,0,0,0,0,0,0,0,0,0,0,0,0,0,0,0,0,0,0,0,0
Golden Eagle Ylli,"A. Scott, E. Kastrati, L. Shoshi, L. Thomas, T. Allen",GO+Peja,"A. Hajdari, C. Edwards, J. Johnson, M. Mala, T. Green",1,156,2.6,5.0,3,1,4,25,1,2,50,0,0,0,0,1,1,1,1,0,2,1,5,2,3,66.7,1,2,50,0,0,0,0,3,3,2,0,0,1,0,6.0,4.0,50,125,-75,125,50,75,-2,0,0,0,0,0,0,0,0,0,0,0,0,0,0,0,0,0,0,0,0,0,0,0,0,0,0,0,0,0,0,0,0
Trepça,"D. Hajrizi, D. Kapiti, J. Payne, M. Tmusic, S. Henry",Vëllaznimi,"A. Koshi, J. Hellems, M. Warrick, S. Zekiqi, Z. Reid",1,169,2.8,5.0,5,1,3,33.3,0,1,0,3,4,75,1,1,2,1,0,0,1,2,11,4,5,80,3,4,75,0,0,0,0,2,2,2,0,0,0,2,5.0,5.0,99.1,220,-120.9,220,99.1,120.9,-6,0,0,0,0,0,0,0,0,0,0,0,0,0,0,0,0,0,0,0,0,0,0,0,0,0,0,0,0,0,0,0,0
Rahoveci 029,"A. Patty, I. Umipig, K. Pullian, K. Ujkani, V. Ejupi",GO+Peja,"A. Hajdari, C. Edwards, J. Johnson, M. Mala, S. Flatten",1,141,2.4,5.0,2,1,4,25,0,1,0,0,2,0,0,2,2,0,0,1,0,1,5,2,4,50,1,2,50,0,2,0,1,4,5,1,0,0,1,1,4.9,5.2,41,96.8,-55.8,96.8,41,55.8,-3,0,0,0,0,0,0,0,0,0,0,0,0,0,0,0,0,0,0,0,0,0,0,0,0,0,0,0,0,0,0,0,0
Bashkimi,"I. Cousins, K. Anderson, L. Zeqiri, M. Janjeva, T. Bickerstaff",Golden Eagle Ylli,"A. Scott, A. Shala, B. Huffman, G. Morina, T. Allen",1,197,3.3,5.0,7,3,5,60,1,2,50,0,0,0,0,1,1,3,0,0,0,3,6,3,5,60,0,2,0,0,0,0,1,2,3,2,0,0,1,0,5.0,4.9,140,121.7,18.3,121.7,140,-18.3,1,0,0,0,0,0,0,0,0,0,0,0,0,0,0,0,0,0,0,0,0,0,0,0,0,0,0,0,0,0,0,0,0
GO+Peja,"A. Herndon, D. Berisha, J. Johnson, S. Flatten, S. Llapi",Sigal Prishtina,"A. Azemi, D. Burns, D. Polloshka, K. Kramer, T. Vissariou",1,135,2.2,5.0,9,4,6,66.7,1,1,100,0,0,0,1,3,4,4,1,0,0,0,2,1,4,25,0,2,0,0,0,0,0,1,1,0,0,1,1,0,4.9,5.0,182.6,40,142.6,40,182.6,-142.6,7,0,0,0,0,0,0,0,0,0,0,0,0,0,0,0,0,0,0,0,0,0,0,0,0,0,0,0,0,0,0,0,0
Rahoveci 029,"H. Durguti, J. Johnson, J. Roche, K. Pullian, K. Ujkani",Trepça,"D. Kapiti, K. Hasbrouck, M. Amzil, M. Tmusic, S. Henry",1,133,2.2,5.0,5,2,4,50,1,2,50,0,0,0,0,2,2,2,1,0,1,3,2,1,3,33.3,0,1,0,0,0,0,0,2,2,1,1,0,2,0,5.0,5.0,100,40,60,40,100,-60,3,0,0,0,0,0,0,0,0,0,0,0,0,0,0,0,0,0,0,0,0,0,0,0,0,0,0,0,0,0,0,0,0
Bora,"A. Hot, A. Hunter, J. Zeqiri, S. Jules, T. Cheese",Golden Eagle Ylli,"A. Scott, B. Huffman, E. Kastrati, G. Morina, T. Allen",1,154,2.6,5.0,5,2,5,40,1,3,33.3,0,0,0,1,0,1,2,0,0,0,0,9,4,4,100,1,1,100,0,0,0,0,2,2,1,0,0,2,1,3.9,6.0,127.2,150,-22.8,150,127.2,22.8,-4,0,0,0,0,0,0,0,0,0,0,0,0,0,0,0,0,0,0,0,0,0,0,0,0,0,0,0,0,0,0,0,0
Vëllaznimi,"A. Koshi, A. Rushiti, D. Wilson, Y. Anei, Z. Reid",Trepça,"A. Vining, B. Tuna, M. Amzil, M. Tmusic, S. Jones",1,168,2.8,5.0,6,2,4,50,1,3,33.3,1,2,50,1,1,2,1,0,0,1,4,5,2,4,50,1,3,33.3,0,0,0,1,2,3,1,1,0,2,3,5.2,4.9,116.1,101.4,14.7,101.4,116.1,-14.7,1,0,0,0,0,0,0,0,0,0,0,0,0,0,0,0,0,0,0,0,0,0,0,0,0,0,0,0,0,0,0,0,0
Bashkimi,"D. Lake, I. Cousins, I. Nwamu, L. Zeqiri, V. Bunjaku",Sigal Prishtina,"A. Morina, A. Sinani, E. Clarance, K. Dukes, K. Kramer",1,186,3.1,5.0,5,2,4,50,1,2,50,0,0,0,0,3,3,1,0,0,1,0,0,0,3,0,0,3,0,0,0,0,0,2,2,0,1,0,2,2,5.0,5.0,100,0,100,0,100,-100,5,0,0,0,0,0,0,0,0,0,0,0,0,0,0,0,0,0,0,0,0,0,0,0,0,0,0,0,0,0,0,0,0
Bashkimi,"D. Lake, L. Zeqiri, M. Ismaili, S. Shorter, V. Bunjaku",Sigal Prishtina,"D. Polloshka, E. Clarance, K. Dukes, K. Kramer, V. Kakruki",1,166,2.8,5.0,2,1,4,25,0,1,0,0,0,0,1,2,3,1,0,0,2,2,4,2,4,50,0,2,0,0,2,0,1,2,3,0,0,0,1,2,4.9,5.2,40.6,77.4,-36.9,77.4,40.6,36.9,-2,0,0,0,0,0,0,0,0,0,0,0,0,0,0,0,0,0,0,0,0,0,0,0,0,0,0,0,0,0,0,0,0
Golden Eagle Ylli,"E. Kastrati, J. Reece, L. Basic, L. Shoshi, T. Allen",Sigal Prishtina,"A. Azemi, D. Burns, K. Kramer, L. Autrey, M. Janjeva",1,135,2.2,4.9,6,3,5,60,0,1,0,0,0,0,2,2,4,1,1,0,1,0,2,1,3,33.3,0,1,0,0,0,0,0,0,0,0,1,1,3,2,3.9,6.0,155.4,33.3,122.1,33.3,155.4,-122.1,4,0,0,0,0,0,0,0,0,0,0,0,0,0,0,0,0,0,0,0,0,0,0,0,0,0,0,0,0,0,0,0,0
Sigal Prishtina,"A. Azemi, B. Istrefi, D. Haxhosaj, L. Zeneli, M. Janjeva",Bora,"A. Mekic, G. Singleton, R. Memed, R. Ukaj, T. Jackson",1,97,1.6,4.9,2,1,3,33.3,0,0,0,0,0,0,0,2,2,0,1,0,2,3,3,0,3,0,0,2,0,3,6,50,3,2,5,0,1,0,1,1,5.0,4.7,40,63.6,-23.6,63.6,40,23.6,-1,0,0,0,0,0,0,0,0,0,0,0,0,0,0,0,0,0,0,0,0,0,0,0,0,0,0,0,0,0,0,0,0
Bashkimi,"D. Lake, I. Cousins, J. Baily, L. Zeqiri, V. Bunjaku",Sigal Prishtina,"A. Bailey, D. Burns, D. Lekndreaj, D. Polloshka, K. Kramer",1,190,3.2,4.9,4,2,8,25,0,2,0,0,0,0,4,5,9,0,0,0,1,3,1,0,5,0,0,4,0,1,2,50,1,2,3,1,1,0,0,2,4.7,5.0,84.7,20,64.7,20,84.7,-64.7,3,0,0,0,0,0,0,0,0,0,0,0,0,0,0,0,0,0,0,0,0,0,0,0,0,0,0,0,0,0,0,0,0
Bashkimi,"I. Cousins, J. Palokaj, K. Anderson, L. Zeqiri, T. Bickerstaff",Sigal Prishtina,"A. Azemi, A. Bailey, D. Lekndreaj, L. Autrey, V. Kakruki",1,147,2.5,4.9,8,3,3,100,1,1,100,1,2,50,0,0,0,3,2,0,1,0,6,3,3,100,0,0,0,0,0,0,0,0,0,3,1,0,2,0,4.9,5.0,163.9,120,43.9,120,163.9,-43.9,2,0,0,0,0,0,0,0,0,0,0,0,0,0,0,0,0,0,0,0,0,0,0,0,0,0,0,0,0,0,0,0,0
Golden Eagle Ylli,"A. Çallakaj, B. Huffman, G. Morina, L. Thomas, T. Allen",Bashkimi,"A. Morina, I. Cousins, J. Bailey, T. Bickerstaff, V. Bunjaku",1,163,2.7,4.9,4,2,6,33.3,0,4,0,0,0,0,2,3,5,1,1,1,1,0,0,0,4,0,0,1,0,0,0,0,1,2,3,0,0,0,2,0,4.9,4.9,82.3,0,82.3,0,82.3,-82.3,4,0,0,0,0,0,0,0,0,0,0,0,0,0,0,0,0,0,0,0,0,0,0,0,0,0,0,0,0,0,0,0,0
Bora,"A. Hot, A. Mekic, G. Zeqiri, J. Zeqiri, S. Jules",Trepça,"B. Tuna, D. Hajrizi, J. Payne, M. Tmusic, S. Jones",1,151,2.5,4.9,2,1,4,25,0,3,0,0,0,0,2,1,3,0,0,0,3,1,10,3,4,75,2,3,66.7,2,2,100,0,1,1,3,2,0,0,1,4.9,4.9,41.2,204.9,-163.8,204.9,41.2,163.8,-8,0,0,0,0,0,0,0,0,0,0,0,0,0,0,0,0,0,0,0,0,0,0,0,0,0,0,0,0,0,0,0,0
Rahoveci 029,"F. Rugova, H. Durguti, I. Umipig, K. Pullian, K. Ujkani",Golden Eagle Ylli,"E. Kastrati, J. Reece, L. Shoshi, L. Thomas, T. Allen",1,101,1.7,4.9,4,2,3,66.7,0,0,0,0,2,0,0,1,1,0,2,0,1,1,1,0,2,0,0,1,0,1,2,50,0,2,2,0,0,0,2,1,4.9,4.9,82,20.5,61.5,20.5,82,-61.5,3,0,0,0,0,0,0,0,0,0,0,0,0,0,0,0,0,0,0,0,0,0,0,0,0,0,0,0,0,0,0,0,0
Sigal Prishtina,"A. Azemi, A. Bailey, D. Burns, D. Haxhosaj, E. Williams Jr",Trepça,"A. Arslanagic, C. Brown, D. Hajrizi, M. Amzil, M. Tmusic",1,158,2.6,4.9,7,3,4,75,1,2,50,0,0,0,0,1,1,2,0,0,1,1,9,3,5,60,1,1,100,2,2,100,1,1,2,2,1,0,0,0,5.0,4.8,140,187.1,-47.1,187.1,140,47.1,-2,0,0,0,0,0,0,0,0,0,0,0,0,0,0,0,0,0,0,0,0,0,0,0,0,0,0,0,0,0,0,0,0
Golden Eagle Ylli,"A. Scott, A. Çallakaj, B. Huffman, G. Morina, J. Reece",GO+Peja,"A. Herndon, C. Edwards, D. Berisha, J. Johnson, M. Mala",1,125,2.1,4.9,1,0,5,0,0,1,0,1,1,100,1,2,3,0,0,0,1,3,6,2,4,50,1,2,50,1,1,100,0,4,4,1,1,0,0,2,5.4,4.4,18.6,135.1,-116.5,135.1,18.6,116.5,-5,0,0,0,0,0,0,0,0,0,0,0,0,0,0,0,0,0,0,0,0,0,0,0,0,0,0,0,0,0,0,0,0
Bora,"A. Hot, A. Hunter, A. Mekic, J. Zeqiri, S. Jules",Vëllaznimi,"A. Koshi, J. Hellems, L. Colimerio, S. Zekiqi, T. Todd",1,191,3.2,4.9,3,1,6,16.7,1,3,33.3,0,0,0,1,2,3,1,0,1,0,1,4,2,5,40,0,1,0,0,0,0,1,4,5,1,0,0,1,0,4.9,4.9,60.9,81.1,-20.3,81.1,60.9,20.3,-1,0,0,0,0,0,0,0,0,0,0,0,0,0,0,0,0,0,0,0,0,0,0,0,0,0,0,0,0,0,0,0,0
Bashkimi,"D. Lake, I. Nwamu, K. Anderson, L. Zeqiri, M. Janjeva",Golden Eagle Ylli,"A. Scott, B. Huffman, E. Kastrati, G. Morina, L. Shoshi",1,139,2.3,4.9,6,2,5,40,2,5,40,0,0,0,1,1,2,2,0,0,1,0,7,3,5,60,1,2,50,0,0,0,1,2,3,1,1,0,1,0,4.9,4.9,121.7,142,-20.3,142,121.7,20.3,-1,0,0,0,0,0,0,0,0,0,0,0,0,0,0,0,0,0,0,0,0,0,0,0,0,0,0,0,0,0,0,0,0
GO+Peja,"A. Herndon, D. Morris, M. Mala, S. Flatten, S. Llapi",Sigal Prishtina,"A. Bailey, A. Morina, D. Burns, D. Haxhosaj, T. Vissariou",1,174,2.9,4.9,5,2,4,50,0,1,0,1,2,50,0,2,2,2,2,0,0,0,0,0,2,0,0,1,0,0,0,0,0,3,3,0,0,0,3,2,4.9,5.0,102.5,0,102.5,0,102.5,-102.5,5,0,0,0,0,0,0,0,0,0,0,0,0,0,0,0,0,0,0,0,0,0,0,0,0,0,0,0,0,0,0,0,0
GO+Peja,"A. Herndon, D. Berisha, J. Johnson, M. Mala, S. Flatten",Sigal Prishtina,"A. Azemi, A. Bailey, A. Morina, D. Haxhosaj, K. Kramer",1,190,3.2,4.9,9,4,7,57.1,1,3,33.3,0,0,0,2,2,4,4,0,0,0,1,7,3,4,75,1,2,50,0,2,0,0,1,1,3,0,0,0,1,4.9,4.9,185.2,143.4,41.7,143.4,185.2,-41.7,2,0,0,0,0,0,0,0,0,0,0,0,0,0,0,0,0,0,0,0,0,0,0,0,0,0,0,0,0,0,0,0,0
GO+Peja,"A. Hajdari, C. Edwards, M. Mala, S. Flatten, T. Green",Bashkimi,"D. Lake, I. Nwamu, K. Anderson, L. Zeqiri, M. Ismaili",1,97,1.6,4.9,2,1,3,33.3,0,2,0,0,0,0,0,0,0,0,1,0,1,2,8,2,2,100,0,0,0,4,4,100,0,2,2,1,1,0,2,1,4.0,5.8,50,138.9,-88.9,138.9,50,88.9,-6,0,0,0,0,0,0,0,0,0,0,0,0,0,0,0,0,0,0,0,0,0,0,0,0,0,0,0,0,0,0,0,0
GO+Peja,"A. Herndon, D. Berisha, M. Mala, S. Flatten, T. Green",Bashkimi,"D. Lake, I. Cousins, K. Anderson, L. Zeqiri, M. Janjeva",1,164,2.7,4.9,4,1,3,33.3,0,1,0,2,2,100,1,1,2,1,1,0,2,2,4,2,3,66.7,0,1,0,0,0,0,0,1,1,1,1,0,2,1,4.8,5.0,83.2,80,3.2,80,83.2,-3.2,0,0,0,0,0,0,0,0,0,0,0,0,0,0,0,0,0,0,0,0,0,0,0,0,0,0,0,0,0,0,0,0,0
Rahoveci 029,"A. Berisha, A. Patty, B. Rexha, J. Roche, K. Pullian",Trepça,"J. Payne, M. Amzil, M. Tmusic, S. Henry, S. Jones",1,170,2.8,4.9,2,1,5,20,0,3,0,0,0,0,1,1,2,0,0,0,1,2,4,2,4,50,0,0,0,0,0,0,1,3,4,1,1,1,2,2,4.9,4.9,40.6,81.1,-40.6,81.1,40.6,40.6,-2,0,0,0,0,0,0,0,0,0,0,0,0,0,0,0,0,0,0,0,0,0,0,0,0,0,0,0,0,0,0,0,0
Bashkimi,"I. Cousins, I. Nwamu, M. Janjeva, T. Bickerstaff, V. Bunjaku",Rahoveci 029,"A. Thomas, B. Rexha, F. Rugova, J. Johnson, K. Pullian",1,178,3.0,4.9,6,2,4,50,1,3,33.3,1,2,50,0,2,2,3,1,0,0,1,2,1,4,25,0,2,0,0,0,0,1,2,3,1,0,0,2,1,4.9,4.9,123,40.6,82.4,40.6,123,-82.4,4,0,0,0,0,0,0,0,0,0,0,0,0,0,0,0,0,0,0,0,0,0,0,0,0,0,0,0,0,0,0,0,0
Bashkimi,"I. Cousins, J. Nzeakor, L. Zeqiri, M. Armstead, S. Shorter",GO+Peja,"A. Hajdari, C. Edwards, F. Shoshaj, O. Williams, T. Green",1,128,2.1,4.9,10,3,3,100,3,3,100,1,2,50,0,3,3,4,1,0,2,1,0,0,3,0,0,1,0,0,0,0,0,0,0,0,0,0,1,1,5.9,4.0,170.1,0,170.1,0,170.1,-170.1,10,0,0,0,0,0,0,0,0,0,0,0,0,0,0,0,0,0,0,0,0,0,0,0,0,0,0,0,0,0,0,0,0
Sigal Prishtina,"A. Bailey, A. Lomax, A. Morina, E. Clarence, V. Kakruki",Trepça,"J. Payne, M. Amzil, M. Tmusic, S. Henry, S. Jones",1,170,2.8,4.9,7,3,4,75,1,2,50,0,0,0,0,0,0,1,2,0,1,0,2,1,3,33.3,0,0,0,0,0,0,1,1,2,0,1,0,4,0,5.0,4.9,140,41.2,98.8,41.2,140,-98.8,5,0,0,0,0,0,0,0,0,0,0,0,0,0,0,0,0,0,0,0,0,0,0,0,0,0,0,0,0,0,0,0,0
Bashkimi,"D. Lake, I. Nwamu, J. Riley, L. Zeqiri, V. Bunjaku",Vëllaznimi,"A. Koshi, D. Wilson, J. Hellems, S. Zekiqi, Y. Anei",1,180,3.0,4.9,9,3,3,100,0,0,0,3,4,75,0,2,2,4,0,0,0,1,6,2,4,50,2,2,100,0,0,0,0,1,1,2,0,0,1,3,4.8,5.0,189.1,120,69.1,120,189.1,-69.1,3,0,0,0,0,0,0,0,0,0,0,0,0,0,0,0,0,0,0,0,0,0,0,0,0,0,0,0,0,0,0,0,0
Rahoveci 029,"A. Thomas, B. Rexha, F. Rugova, J. Mccorrmick, K. Pullian",Bashkimi,"D. Lake, J. Riley, K. Anderson, L. Zeqiri, M. Ismaili",1,145,2.4,4.9,5,2,5,40,1,3,33.3,0,0,0,1,1,2,1,2,0,1,3,5,1,2,50,1,1,100,2,2,100,0,2,2,0,1,0,2,1,4.9,4.9,101.4,102.5,-1,102.5,101.4,1,0,0,0,0,0,0,0,0,0,0,0,0,0,0,0,0,0,0,0,0,0,0,0,0,0,0,0,0,0,0,0,0,0
Bora,"A. Hot, C. Bragg Jr, J. Dingle, R. Memedi, S. Jules",Sigal Prishtina,"A. Bailey, A. Morina, D. Burns, E. Clarance, V. Kakruki",1,96,1.6,4.9,1,0,3,0,0,1,0,1,2,50,0,2,2,0,0,1,0,0,3,1,4,25,1,2,50,0,0,0,1,3,4,1,0,0,3,2,3.9,5.9,25.8,50.6,-24.8,50.6,25.8,24.8,-2,0,0,0,0,0,0,0,0,0,0,0,0,0,0,0,0,0,0,0,0,0,0,0,0,0,0,0,0,0,0,0,0
Bashkimi,"D. Lake, J. Riley, M. Ismaili, S. Shorter, V. Bunjaku",Trepça,"D. Hajrizi, J. Payne, K. Hasbrouck, M. Amzil, M. Tmusic",1,176,2.9,4.9,8,4,7,57.1,0,1,0,0,0,0,2,2,4,1,1,0,0,1,4,2,5,40,0,2,0,0,0,0,1,1,2,2,0,1,1,0,4.9,4.9,164.6,81.1,83.5,81.1,164.6,-83.5,4,0,0,0,0,0,0,0,0,0,0,0,0,0,0,0,0,0,0,0,0,0,0,0,0,0,0,0,0,0,0,0,0
Rahoveci 029,"E. Peci, F. Rugova, I. Umipig, J. Roche, K. Pullian",Vëllaznimi,"A. Koshi, L. Colimerio, M. Warrick, R. Dahsyla, Y. Anei",1,142,2.4,4.8,7,3,5,60,1,3,33.3,0,0,0,1,0,1,2,1,0,1,2,9,2,2,100,1,1,100,4,4,100,0,1,1,0,0,0,1,1,4.9,4.8,142,189.1,-47.1,189.1,142,47.1,-2,0,0,0,0,0,0,0,0,0,0,0,0,0,0,0,0,0,0,0,0,0,0,0,0,0,0,0,0,0,0,0,0
Golden Eagle Ylli,"E. Kastrati, G. Morina, J. Reece, T. Allen, T. Allen",Bora,"A. Hot, J. Zeqiri, O. Kurtaj, S. Jules, T. Cheese",1,93,1.6,4.8,8,2,3,66.7,0,0,0,4,4,100,1,2,3,1,0,1,1,1,4,1,4,25,0,0,0,2,2,100,0,0,0,0,1,0,0,1,4.7,4.9,170.6,82,88.6,82,170.6,-88.6,4,0,0,0,0,0,0,0,0,0,0,0,0,0,0,0,0,0,0,0,0,0,0,0,0,0,0,0,0,0,0,0,0
Sigal Prishtina,"A. Bailey, D. Burns, D. Haxhosaj, D. Lekndreaj, E. Williams Jr",Trepça,"A. Arslanagic, C. Brown, D. Hajrizi, J. Payne, M. Tmusic",1,150,2.5,4.8,5,2,7,28.6,1,2,50,0,0,0,2,2,4,1,2,1,0,0,1,0,3,0,0,1,0,1,1,100,1,2,3,0,0,0,3,2,4.3,5.4,115.6,18.6,97,18.6,115.6,-97,4,0,0,0,0,0,0,0,0,0,0,0,0,0,0,0,0,0,0,0,0,0,0,0,0,0,0,0,0,0,0,0,0
Sigal Prishtina,"A. Bailey, D. Burns, D. Haxhosaj, D. Lekndreaj, E. Williams Jr",Trepça,"A. Arslanagic, B. Tuna, C. Brown, M. Amzil, M. Tmusic",1,160,2.7,4.8,7,2,3,66.7,1,1,100,2,2,100,0,2,2,1,0,0,0,3,5,2,5,40,0,2,0,1,3,33.3,2,1,3,0,0,1,1,3,3.9,5.7,180.4,87.5,92.9,87.5,180.4,-92.9,2,0,0,0,0,0,0,0,0,0,0,0,0,0,0,0,0,0,0,0,0,0,0,0,0,0,0,0,0,0,0,0,0
Sigal Prishtina,"A. Bailey, A. Morina, D. Burns, D. Haxhosaj, T. Vissariou",Vëllaznimi,"A. Gordon, A. Koshi, J. Hellems, R. Dahsyla, T. Todd",1,163,2.7,4.8,5,2,2,100,1,1,100,0,0,0,0,5,5,1,0,0,2,3,2,1,6,16.7,0,2,0,0,1,0,1,0,1,0,2,0,0,1,4.0,5.5,125,36,89,36,125,-89,3,0,0,0,0,0,0,0,0,0,0,0,0,0,0,0,0,0,0,0,0,0,0,0,0,0,0,0,0,0,0,0,0
Bashkimi,"I. Cousins, I. Nwamu, L. Zeqiri, M. Janjeva, S. Shorter",Bora,"A. Hunter, R. Memedi, R. Ukaj, S. Jules, T. Cheese",1,120,2.0,4.8,4,1,6,16.7,0,1,0,2,2,100,2,3,5,1,1,0,0,1,2,1,5,20,0,1,0,0,0,0,1,3,4,0,0,2,1,2,4.7,4.9,84.4,40.6,43.8,40.6,84.4,-43.8,2,0,0,0,0,0,0,0,0,0,0,0,0,0,0,0,0,0,0,0,0,0,0,0,0,0,0,0,0,0,0,0,0
Vëllaznimi,"A. Koshi, A. Rushiti, D. Wilson, Y. Anei, Z. Reid",Trepça,"B. Tuna, K. Hasbrouck, M. Amzil, M. Tmusic, S. Jones",1,125,2.1,4.8,2,1,2,50,0,1,0,0,0,0,0,2,2,0,0,1,3,2,4,1,4,25,0,2,0,2,5,40,2,1,3,0,1,0,0,0,5.0,4.6,40,87.1,-47.1,87.1,40,47.1,-2,0,0,0,0,0,0,0,0,0,0,0,0,0,0,0,0,0,0,0,0,0,0,0,0,0,0,0,0,0,0,0,0
Vëllaznimi,"D. Wilson, J. Hellems, R. Dahsyla, S. Zekiqi, Y. Anei",Bora,"A. Hot, A. Hunter, J. Zeqiri, S. Jules, T. Cheese",1,122,2.0,4.8,5,2,3,66.7,0,0,0,1,2,50,0,0,0,1,2,1,1,0,3,1,3,33.3,0,1,0,1,2,50,2,1,3,0,0,0,3,1,4.9,4.7,102.5,63.3,39.2,63.3,102.5,-39.2,2,0,0,0,0,0,0,0,0,0,0,0,0,0,0,0,0,0,0,0,0,0,0,0,0,0,0,0,0,0,0,0,0
Bashkimi,"I. Nwamu, J. Nzeakor, L. Zeqiri, S. Shorter, V. Bunjaku",GO+Peja,"A. Hajdari, C. Edwards, L. Routt, M. Mala, O. Williams",1,225,3.8,4.8,5,2,8,25,1,2,50,0,0,0,4,1,5,2,0,0,1,1,8,4,6,66.7,0,2,0,0,0,0,1,2,3,3,1,0,0,2,4.7,4.9,105.9,162.3,-56.3,162.3,105.9,56.3,-3,0,0,0,0,0,0,0,0,0,0,0,0,0,0,0,0,0,0,0,0,0,0,0,0,0,0,0,0,0,0,0,0
Vëllaznimi,"A. Koshi, R. Dahsyla, T. Todd, Y. Anei, Z. Reid",Sigal Prishtina,"A. Bailey, A. Sinani, D. Polloshka, E. Clarance, K. Kramer",1,164,2.7,4.8,7,2,4,50,1,2,50,2,2,100,1,2,3,2,0,1,0,3,6,2,5,40,0,1,0,2,4,50,1,1,2,1,0,0,0,1,3.8,5.7,183.7,105.4,78.3,105.4,183.7,-78.3,1,0,0,0,0,0,0,0,0,0,0,0,0,0,0,0,0,0,0,0,0,0,0,0,0,0,0,0,0,0,0,0,0
Bora,"A. Hot, A. Hunter, C. Bragg Jr, J. Zeqiri, R. Memedi",Sigal Prishtina,"A. Bailey, A. Morina, D. Burns, D. Haxhosaj, E. Clarance",1,179,3.0,4.8,5,2,4,50,1,2,50,0,0,0,1,0,1,0,0,0,2,3,9,2,3,66.7,1,2,50,4,4,100,1,1,2,1,2,0,1,0,4.9,4.7,101.4,191.9,-90.5,191.9,101.4,90.5,-4,0,0,0,0,0,0,0,0,0,0,0,0,0,0,0,0,0,0,0,0,0,0,0,0,0,0,0,0,0,0,0,0
Vëllaznimi,"A. Koshi, D. Wilson, J. Hellems, S. Zekiqi, Y. Anei",Golden Eagle Ylli,"D. Sabeckis, D. Thomas, E. Kastrati, S. Bamforth, T. Smith",1,210,3.5,4.8,2,0,3,0,0,2,0,2,2,100,1,3,4,0,0,1,2,2,4,2,7,28.6,0,2,0,0,0,0,2,2,4,2,0,0,0,2,4.8,4.9,41.6,82.3,-40.7,82.3,41.6,40.7,-2,0,0,0,0,0,0,0,0,0,0,0,0,0,0,0,0,0,0,0,0,0,0,0,0,0,0,0,0,0,0,0,0
Vëllaznimi,"A. Bedra, A. Koshi, J. Ismajli, R. Dahsyla, Z. Ried",Bashkimi,"D. Lake, J. Bailey, J. Palokaj, M. Ismaili, V. Bunjaku",1,144,2.4,4.7,9,3,3,100,2,2,100,1,1,100,0,1,1,2,1,0,1,0,6,3,4,75,0,0,0,0,0,0,0,0,0,2,1,0,1,1,4.4,5.0,202.7,120,82.7,120,202.7,-82.7,3,0,0,0,0,0,0,0,0,0,0,0,0,0,0,0,0,0,0,0,0,0,0,0,0,0,0,0,0,0,0,0,0
Vëllaznimi,"A. Koshi, J. Ismajli, K. Ezeagu, R. Dahsyla, Z. Reid",Bora,"A. Mekic, D. Taylor, J. Zeqiri, O. Kurtaj, T. Jackson",1,186,3.1,4.7,8,3,4,75,1,1,100,1,1,100,0,0,0,0,0,0,1,1,10,4,4,100,2,2,100,0,0,0,0,1,1,3,1,0,0,1,5.4,4.0,147.1,250,-102.9,250,147.1,102.9,-2,0,0,0,0,0,0,0,0,0,0,0,0,0,0,0,0,0,0,0,0,0,0,0,0,0,0,0,0,0,0,0,0
Sigal Prishtina,"A. Bailey, D. Burns, D. Lekndreaj, D. Polloshka, L. Autrey",GO+Peja,"D. Berisha, J. Johnson, M. Armstead, S. Flatten, T. Green",1,114,1.9,4.7,6,1,2,50,0,0,0,4,5,80,1,0,1,1,0,0,2,3,9,2,2,100,1,1,100,4,4,100,0,1,1,1,0,0,0,3,5.7,3.8,105.9,239.4,-133.4,239.4,105.9,133.4,-3,0,0,0,0,0,0,0,0,0,0,0,0,0,0,0,0,0,0,0,0,0,0,0,0,0,0,0,0,0,0,0,0
Vëllaznimi,"L. Colimerio, R. Dahsyla, S. Zekiqi, T. Todd, Z. Reid",Golden Eagle Ylli,"A. Scott, E. Kastrati, G. Morina, J. Reece, L. Shoshi",1,120,2.0,4.7,2,1,3,33.3,0,2,0,0,0,0,0,3,3,0,0,0,1,0,6,1,4,25,1,3,33.3,3,3,100,0,2,2,0,0,0,0,0,4.0,5.3,50,112.8,-62.8,112.8,50,62.8,-4,0,0,0,0,0,0,0,0,0,0,0,0,0,0,0,0,0,0,0,0,0,0,0,0,0,0,0,0,0,0,0,0
Vëllaznimi,"J. Hellems, R. Dahsyla, S. Zekiqi, T. Todd, Z. Reid",Rahoveci 029,"E. Peci, F. Rugova, J. Roche, K. Pullian, V. Ejupi",1,148,2.5,4.7,5,2,6,33.3,0,2,0,1,1,100,1,2,3,1,1,0,0,2,2,1,4,25,0,2,0,0,0,0,1,3,4,1,0,0,1,1,5.4,3.9,93.1,50.9,42.2,50.9,93.1,-42.2,3,0,0,0,0,0,0,0,0,0,0,0,0,0,0,0,0,0,0,0,0,0,0,0,0,0,0,0,0,0,0,0,0
GO+Peja,"C. Edwards, D. Berisha, D. Morris, J. Johnson, M. Mala",Sigal Prishtina,"A. Azemi, A. Bailey, A. Morina, D. Haxhosaj, K. Kramer",1,108,1.8,4.7,5,2,2,100,0,0,0,1,1,100,0,2,2,0,0,0,2,2,6,2,4,50,0,1,0,2,2,100,0,0,0,0,1,0,0,1,4.4,4.9,112.6,123,-10.3,123,112.6,10.3,-1,0,0,0,0,0,0,0,0,0,0,0,0,0,0,0,0,0,0,0,0,0,0,0,0,0,0,0,0,0,0,0,0
Golden Eagle Ylli,"A. Scott, E. Kastrati, L. Shoshi, S. Bamforth, T. Allen",Sigal Prishtina,"A. Bailey, D. Polloshka, E. Clarance, K. Dukes, V. Kakruki",1,136,2.3,4.7,3,1,2,50,1,2,50,0,0,0,0,2,2,0,0,0,2,0,1,0,2,0,0,0,0,1,1,100,0,1,1,0,0,0,3,2,4.0,5.4,75,18.4,56.6,18.4,75,-56.6,2,0,0,0,0,0,0,0,0,0,0,0,0,0,0,0,0,0,0,0,0,0,0,0,0,0,0,0,0,0,0,0,0
Vëllaznimi,"A. Koshi, D. Wilson, J. Hellems, S. Zekiqi, Y. Anei",Trepça,"A. Vining, K. Hasbrouck, M. Amzil, M. Tmusic, S. Jones",1,99,1.6,4.7,0,0,1,0,0,1,0,0,0,0,0,2,2,0,1,0,3,2,6,2,6,33.3,1,2,50,1,2,50,3,1,4,1,2,0,1,2,4.0,5.3,0,113,-113,113,0,113,-6,0,0,0,0,0,0,0,0,0,0,0,0,0,0,0,0,0,0,0,0,0,0,0,0,0,0,0,0,0,0,0,0
Rahoveci 029,"A. Thomas, F. Rugova, I. Umipig, J. Johnson, V. Ejupi",Sigal Prishtina,"A. Bailey, E. Clarence, J. Ismajli, K. Dukes, V. Kakruki",1,164,2.7,4.7,4,1,4,25,1,4,25,1,4,25,1,1,2,1,0,0,0,0,3,1,4,25,1,3,33.3,0,0,0,1,3,4,1,0,0,2,2,5.0,4.4,80.7,68.3,12.4,68.3,80.7,-12.4,1,0,0,0,0,0,0,0,0,0,0,0,0,0,0,0,0,0,0,0,0,0,0,0,0,0,0,0,0,0,0,0,0
Bashkimi,"I. Cousins, J. Nzeakor, L. Zeqiri, M. Armstead, S. Shorter",GO+Peja,"A. Hajdari, C. Edwards, L. Routt, M. Mala, O. Williams",1,123,2.0,4.7,2,1,3,33.3,0,1,0,0,1,0,0,1,1,1,1,0,1,0,9,3,4,75,3,4,75,0,0,0,0,3,3,3,1,0,1,1,4.4,5.0,45,180,-135,180,45,135,-7,0,0,0,0,0,0,0,0,0,0,0,0,0,0,0,0,0,0,0,0,0,0,0,0,0,0,0,0,0,0,0,0
Bashkimi,"D. Lake, I. Nwamu, J. Riley, M. Janjeva, V. Bunjaku",Trepça,"D. Hajrizi, D. Kapiti, J. Payne, K. Hasbrouck, S. Henry",1,165,2.8,4.7,8,3,3,100,1,1,100,1,1,100,0,3,3,2,0,0,1,1,5,1,4,25,1,3,33.3,2,2,100,0,0,0,0,0,0,0,2,4.4,4.9,180.2,102.5,77.7,102.5,180.2,-77.7,3,0,0,0,0,0,0,0,0,0,0,0,0,0,0,0,0,0,0,0,0,0,0,0,0,0,0,0,0,0,0,0,0
Golden Eagle Ylli,"E. Kastrati, G. Morina, L. Shoshi, L. Thomas, T. Allen",Sigal Prishtina,"A. Azemi, A. Bailey, D. Burns, D. Polloshka, V. Kakruki",1,182,3.0,4.6,8,3,3,100,1,1,100,1,1,100,0,4,4,2,0,0,1,1,2,1,7,14.3,0,5,0,0,0,0,2,0,2,0,0,0,0,2,4.4,4.9,180.2,41.2,139,41.2,180.2,-139,6,0,0,0,0,0,0,0,0,0,0,0,0,0,0,0,0,0,0,0,0,0,0,0,0,0,0,0,0,0,0,0,0
Vëllaznimi,"J. Ismajli, M. Warrick, R. Dahsyla, Y. Anei, Z. Ried",Trepça,"A. Arslanagic, D. Kapiti, J. Payne, M. Amzil, M. Tmusic",1,133,2.2,4.6,9,3,3,100,1,1,100,2,2,100,0,0,0,2,2,0,1,3,6,2,3,66.7,1,1,100,1,1,100,1,0,1,2,0,0,2,1,4.9,4.4,184.4,137.3,47.1,137.3,184.4,-47.1,3,0,0,0,0,0,0,0,0,0,0,0,0,0,0,0,0,0,0,0,0,0,0,0,0,0,0,0,0,0,0,0,0
Sigal Prishtina,"A. Bailey, D. Burns, D. Haxhosaj, D. Lekndreaj, E. Williams Jr",Trepça,"A. Arslanagic, C. Brown, D. Hajrizi, M. Amzil, M. Tmusic",1,173,2.9,4.6,2,1,5,20,0,4,0,0,2,0,1,1,2,0,0,1,0,1,3,1,4,25,0,1,0,1,2,50,2,4,6,0,0,0,1,1,5.0,3.7,39.8,80.2,-40.4,80.2,39.8,40.4,-1,0,0,0,0,0,0,0,0,0,0,0,0,0,0,0,0,0,0,0,0,0,0,0,0,0,0,0,0,0,0,0,0
GO+Peja,"C. Edwards, D. Berisha, J. Johnson, M. Mala, T. Green",Trepça,"A. Arslanagic, C. Brown, D. Hajrizi, J. Payne, M. Tmusic",1,57,0.9,4.6,8,3,3,100,0,0,0,2,5,40,2,0,2,1,2,0,1,0,0,0,0,0,0,0,0,0,0,0,0,1,1,0,1,0,3,2,6.2,3.0,129,0,129,0,129,-129,8,0,0,0,0,0,0,0,0,0,0,0,0,0,0,0,0,0,0,0,0,0,0,0,0,0,0,0,0,0,0,0,0
Bora,"A. Hot, A. Hunter, L. Thomas, R. Ukaj, T. Cheese",Rahoveci 029,"A. Thomas, F. Rugova, I. Umipig, J. Johnson, V. Ejupi",1,150,2.5,4.6,7,3,4,75,1,2,50,0,1,0,1,1,2,3,1,0,1,1,5,1,2,50,1,1,100,2,3,66.7,0,1,1,0,0,0,1,4,4.9,4.3,142.7,115.7,27,115.7,142.7,-27,2,0,0,0,0,0,0,0,0,0,0,0,0,0,0,0,0,0,0,0,0,0,0,0,0,0,0,0,0,0,0,0,0
Bora,"A. Hot, A. Hunter, L. Thomas, R. Ukaj, S. Jules",Trepça,"A. Vining, D. Hajrizi, J. Payne, M. Amzil, S. Jones",1,90,1.5,4.6,5,2,4,50,0,1,0,1,1,100,1,1,2,0,0,0,2,1,4,1,2,50,0,0,0,2,2,100,0,1,1,2,1,0,1,1,5.4,3.9,93.1,103.1,-10,103.1,93.1,10,1,0,0,0,0,0,0,0,0,0,0,0,0,0,0,0,0,0,0,0,0,0,0,0,0,0,0,0,0,0,0,0,0
Bora,"A. Hot, A. Hunter, J. Zeqiri, S. Jules, T. Cheese",Sigal Prishtina,"A. Bailey, A. Lomax, A. Sinani, E. Clarance, V. Kakruki",1,168,2.8,4.6,3,0,2,0,0,2,0,3,4,75,2,2,4,1,1,0,2,1,6,2,3,66.7,2,3,66.7,0,2,0,0,1,1,2,1,0,1,3,4.3,4.9,69.2,123,-53.7,123,69.2,53.7,-3,0,0,0,0,0,0,0,0,0,0,0,0,0,0,0,0,0,0,0,0,0,0,0,0,0,0,0,0,0,0,0,0
Trepça,"A. Arslanagic, C. Brown, C. Russell, D. Hajrizi, M. Tmusic",GO+ Peja,"A. Herndon, J. Johnson, M. Armstread, M. Mala, T. Green",1,162,2.7,4.5,2,1,4,25,0,2,0,0,0,0,0,2,2,0,0,0,1,1,6,2,4,50,2,3,66.7,0,0,0,0,3,3,2,0,1,0,0,5.0,4.0,40,150,-110,150,40,110,-4,0,0,0,0,0,0,0,0,0,0,0,0,0,0,0,0,0,0,0,0,0,0,0,0,0,0,0,0,0,0,0,0
Bashkimi,"D. Lake, J. Baily, J. Palokaj, K. Anderson, M. Ismaili",Rahoveci 029,"B. Rexha, F. Rugova, I. Umipig, K. Pullian, P. Weekes",1,155,2.6,4.5,6,3,3,100,0,0,0,0,0,0,0,1,1,1,0,0,1,0,10,4,5,80,2,3,66.7,0,0,0,0,0,0,2,0,0,0,1,4.0,5.0,150,200,-50,200,150,50,-4,0,0,0,0,0,0,0,0,0,0,0,0,0,0,0,0,0,0,0,0,0,0,0,0,0,0,0,0,0,0,0,0
Rahoveci 029,"A. Berisha, F. Rugova, I. Umipig, J. Jones, P. Weekes",Sigal Prishtina,"D. Burns, D. Polloshka, K. Kramer, L. Autrey, M. Janjeva",1,150,2.5,4.5,1,0,6,0,0,4,0,1,2,50,2,1,3,0,2,0,0,1,2,1,3,33.3,0,0,0,0,0,0,1,5,6,1,0,0,2,0,5.0,3.9,19.8,50.9,-31.1,50.9,19.8,31.1,-1,0,0,0,0,0,0,0,0,0,0,0,0,0,0,0,0,0,0,0,0,0,0,0,0,0,0,0,0,0,0,0,0
GO+Peja,"A. Hajdari, A. Herndon, D. Morris, M. Armstead, T. Green",Rahoveci 029,"F. Rugova, I. Umipig, J. Roche, K. Pullian, V. Ejupi",1,169,2.8,4.5,7,3,4,75,1,2,50,0,0,0,1,1,2,1,1,0,1,1,5,2,4,50,1,2,50,0,0,0,0,0,0,0,0,0,1,1,3.9,5.0,178.1,100,78.1,100,178.1,-78.1,2,0,0,0,0,0,0,0,0,0,0,0,0,0,0,0,0,0,0,0,0,0,0,0,0,0,0,0,0,0,0,0,0
GO+Peja,"A. Hajdari, A. Herndon, C. Edwards, D. Morris, M. Armstead",Rahoveci 029,"F. Rugova, I. Umipig, J. Roche, K. Pullian, V. Ejupi",1,135,2.2,4.5,7,3,3,100,1,1,100,0,0,0,0,2,2,2,1,0,2,1,2,1,4,25,0,2,0,0,0,0,1,0,1,0,0,0,1,2,5.0,3.9,140,50.9,89.1,50.9,140,-89.1,5,0,0,0,0,0,0,0,0,0,0,0,0,0,0,0,0,0,0,0,0,0,0,0,0,0,0,0,0,0,0,0,0
GO+Peja,"A. Hajdari, C. Edwards, D. Morris, M. Armstead, T. Green",Rahoveci 029,"F. Rugova, I. Umipig, J. Jones, J. Roche, V. Ejupi",1,108,1.8,4.5,4,2,5,40,0,1,0,0,0,0,1,1,2,1,1,0,0,1,4,2,3,66.7,0,0,0,0,0,0,0,2,2,1,0,0,2,1,3.9,5.0,101.8,80,21.8,80,101.8,-21.8,0,0,0,0,0,0,0,0,0,0,0,0,0,0,0,0,0,0,0,0,0,0,0,0,0,0,0,0,0,0,0,0,0
Vëllaznimi,"J. Ismajli, M. Warrick, S. Zekiqi, Y. Anei, Z. Reid",Bora,"G. Singleton, O. Kurtaj, R. Memedi, S. Jules, T. Jackson",1,154,2.6,4.5,3,1,2,50,0,1,0,1,2,50,0,0,0,0,0,0,1,2,9,3,5,60,0,1,0,3,5,60,2,1,3,2,0,0,0,3,3.9,5.1,77.3,177.9,-100.5,177.9,77.3,100.5,-6,0,0,0,0,0,0,0,0,0,0,0,0,0,0,0,0,0,0,0,0,0,0,0,0,0,0,0,0,0,0,0,0
Vëllaznimi,"A. Koshi, M. Warrick, S. Zekiqi, Y. Anei, Z. Ride",Sigal Prishtina,"A. Azemi, A. Bailey, D. Burns, D. Haxhosaj, D. Polloshka",1,188,3.1,4.5,3,0,1,0,0,0,0,3,4,75,0,0,0,0,0,0,1,3,9,4,6,66.7,0,1,0,1,1,100,2,2,4,1,0,0,1,2,3.8,5.3,79.8,169.8,-90,169.8,79.8,90,-6,0,0,0,0,0,0,0,0,0,0,0,0,0,0,0,0,0,0,0,0,0,0,0,0,0,0,0,0,0,0,0,0
Rahoveci 029,"F. Rugova, I. Umipig, J. Roche, K. Pullian, K. Ujkani",Golden Eagle Ylli,"A. Scott, A. Çallakaj, G. Morina, L. Shoshi, T. Allen",1,179,3.0,4.5,6,2,6,33.3,2,5,40,0,0,0,1,2,3,2,0,0,0,0,5,2,4,50,1,2,50,0,0,0,0,3,3,2,0,1,0,0,4.9,4.0,121.7,125,-3.3,125,121.7,3.3,1,0,0,0,0,0,0,0,0,0,0,0,0,0,0,0,0,0,0,0,0,0,0,0,0,0,0,0,0,0,0,0,0
Bashkimi,"I. Cousins, K. Anderson, M. Janjeva, T. Bickerstaff, V. Bunjaku",Vëllaznimi,"J. Hellems, M. Warrick, R. Dahsyla, S. Zekiqi, Z. Reid",1,80,1.3,4.5,3,1,4,25,0,1,0,1,2,50,0,2,2,0,0,1,0,1,6,2,4,50,1,2,50,1,2,50,1,3,4,1,0,0,0,0,4.9,4.2,61.5,144,-82.5,144,61.5,82.5,-3,0,0,0,0,0,0,0,0,0,0,0,0,0,0,0,0,0,0,0,0,0,0,0,0,0,0,0,0,0,0,0,0
Rahoveci 029,"A. Patty, B. Rexha, H. Durguti, J. Roche, K. Pullian",Bashkimi,"J. Baily, K. Anderson, L. Zeqiri, T. Bickerstaff, V. Bunjaku",1,123,2.0,4.5,9,2,3,66.7,1,2,50,4,4,100,1,0,1,1,1,0,0,0,7,2,2,100,0,0,0,3,3,100,0,0,0,2,0,0,2,3,3.7,5.3,243.9,131.6,112.3,131.6,243.9,-112.3,2,0,0,0,0,0,0,0,0,0,0,0,0,0,0,0,0,0,0,0,0,0,0,0,0,0,0,0,0,0,0,0,0
Trepça,"B. Tuna, D. Kapiti, J. Payne, M. Amzil, S. Henry",Vëllaznimi,"J. Hellems, M. Warrick, R. Dahsyla, S. Zekiqi, Z. Reid",1,166,2.8,4.5,2,1,5,20,0,3,0,0,0,0,1,2,3,0,0,0,1,1,4,2,4,50,0,1,0,0,0,0,0,3,3,0,1,0,0,2,4.9,4.0,40.6,100,-59.4,100,40.6,59.4,-2,0,0,0,0,0,0,0,0,0,0,0,0,0,0,0,0,0,0,0,0,0,0,0,0,0,0,0,0,0,0,0,0
Trepça,"A. Arslanagic, C. Brown, D. Hajrizi, J. Payne, M. Tmusic",Vëllaznimi,"A. Koshi, J. Hellems, J. Ismajli, L. Colimerio, Z. Reid",1,120,2.0,4.5,10,4,5,80,2,2,100,0,0,0,0,1,1,3,1,0,0,1,2,1,2,50,0,1,0,0,0,0,0,1,1,0,0,0,2,1,5.0,4.0,200,50,150,50,200,-150,8,0,0,0,0,0,0,0,0,0,0,0,0,0,0,0,0,0,0,0,0,0,0,0,0,0,0,0,0,0,0,0,0
Trepça,"B. Tuna, D. Kapiti, K. Hasbrouck, M. Tmusic, S. Jones",GO+Peja,"A. Hajdari, A. Herndon, C. Edwards, M. Mala, O. Williams",1,153,2.5,4.5,2,1,5,20,0,2,0,0,0,0,0,1,1,1,1,1,0,1,4,2,4,50,0,0,0,0,0,0,1,4,5,1,0,0,1,1,5.0,3.9,40,101.8,-61.8,101.8,40,61.8,-2,0,0,0,0,0,0,0,0,0,0,0,0,0,0,0,0,0,0,0,0,0,0,0,0,0,0,0,0,0,0,0,0
Bashkimi,"D. Lake, I. Cousins, L. Zeqiri, M. Armstead, S. Shorter",Rahoveci 029,"A. Thomas, B. Rexha, F. Rugova, J. Johnson, K. Pullian",1,129,2.1,4.5,7,3,4,75,1,2,50,0,0,0,0,0,0,2,0,0,0,0,13,5,5,100,3,3,100,0,0,0,0,1,1,2,0,0,0,0,4.0,5.0,175,260,-85,260,175,85,-6,0,0,0,0,0,0,0,0,0,0,0,0,0,0,0,0,0,0,0,0,0,0,0,0,0,0,0,0,0,0,0,0
Trepça,"A. Vining, B. Tuna, M. Amzil, M. Tmusic, S. Jones",Bashkimi,"D. Lake, I. Cousins, I. Nwamu, M. Armstead, M. Ismaili",1,125,2.1,4.5,7,3,4,75,1,1,100,0,0,0,0,0,0,1,1,0,1,0,7,3,3,100,1,1,100,0,0,0,0,1,1,2,0,0,1,0,5.0,4.0,140,175,-35,175,140,35,0,0,0,0,0,0,0,0,0,0,0,0,0,0,0,0,0,0,0,0,0,0,0,0,0,0,0,0,0,0,0,0,0
Bora,"A. Hunter, J. Zeqiri, R. Memedi, S. Jules, T. Cheese",GO+Peja,"C. Edwards, F. Shoshaj, M. Mala, O. Williams, T. Green",1,132,2.2,4.5,3,1,4,25,1,3,33.3,0,0,0,0,3,3,1,0,0,1,1,2,1,5,20,0,3,0,0,0,0,1,3,4,0,1,0,0,0,5.0,3.9,60,50.9,9.1,50.9,60,-9.1,1,0,0,0,0,0,0,0,0,0,0,0,0,0,0,0,0,0,0,0,0,0,0,0,0,0,0,0,0,0,0,0,0
Rahoveci 029,"A. Thomas, F. Rugova, H. Durguti, J. Johnson, K. Pullian",Sigal Prishtina,"A. Bailey, A. Morina, E. Clarence, K. Dukes, V. Kakruki",1,119,2.0,4.5,0,0,4,0,0,2,0,0,0,0,0,1,1,0,0,0,0,0,4,2,3,66.7,0,0,0,0,0,0,0,4,4,0,0,0,2,1,4.0,5.0,0,80,-80,80,0,80,-4,0,0,0,0,0,0,0,0,0,0,0,0,0,0,0,0,0,0,0,0,0,0,0,0,0,0,0,0,0,0,0,0
Bashkimi,"I. Nwamu, M. Armstead, M. Ismaili, M. Janjeva, T. Bickerstaff",Sigal Prishtina,"D. Polloshka, E. Clarance, J. Ismajli, K. Dukes, K. Kramer",1,118,2.0,4.5,4,2,2,100,0,0,0,0,0,0,0,3,3,0,0,0,3,1,2,1,4,25,0,2,0,0,0,0,0,0,0,0,1,0,0,0,5.0,4.0,80,50,30,50,80,-30,2,0,0,0,0,0,0,0,0,0,0,0,0,0,0,0,0,0,0,0,0,0,0,0,0,0,0,0,0,0,0,0,0
Trepça,"A. Vining, D. Kapiti, J. Payne, M. Tmusic, S. Jones",Golden Eagle Ylli,"A. Gashi, A. Scott, B. Huffman, L. Basic, S. Bamforth",1,124,2.1,4.5,6,3,4,75,0,1,0,0,0,0,0,1,1,2,1,0,1,0,2,1,2,50,0,0,0,0,0,0,0,1,1,0,1,0,2,1,5.0,4.0,120,50,70,50,120,-70,4,0,0,0,0,0,0,0,0,0,0,0,0,0,0,0,0,0,0,0,0,0,0,0,0,0,0,0,0,0,0,0,0
Golden Eagle Ylli,"A. Scott, D. Conger, D. Thomas, L. Shoshi, S. Bamforth",Bashkimi,"I. Nwamu, K. Wooten, M. Armstead, M. Ismaili, M. Janjeva",1,154,2.6,4.5,5,2,4,50,1,2,50,0,0,0,0,0,0,2,2,0,1,1,4,2,2,100,0,0,0,0,0,0,0,2,2,0,1,1,2,1,5.0,4.0,100,100,0,100,100,0,1,0,0,0,0,0,0,0,0,0,0,0,0,0,0,0,0,0,0,0,0,0,0,0,0,0,0,0,0,0,0,0,0
Bora,"A. Hot, A. Hunter, J. Zeqiri, L. Thomas, T. Cheese",Trepça,"A. Vining, D. Hajrizi, J. Payne, M. Tmusic, S. Jones",1,158,2.6,4.5,2,1,4,25,0,0,0,0,2,0,1,1,2,1,0,0,0,1,8,3,4,75,2,2,100,0,0,0,0,3,3,2,0,0,1,1,4.1,5.0,49,160,-111,160,49,111,-6,0,0,0,0,0,0,0,0,0,0,0,0,0,0,0,0,0,0,0,0,0,0,0,0,0,0,0,0,0,0,0,0
Vëllaznimi,"A. Rushiti, D. Wilson, J. Hellems, S. Zekiqi, Y. Anei",Sigal Prishtina,"A. Bailey, A. Lomax, A. Morina, A. Sinani, E. Clarance",1,86,1.4,4.5,6,1,1,100,1,1,100,3,4,75,0,2,2,1,0,0,1,2,5,0,3,0,0,1,0,5,5,100,0,0,0,0,1,0,0,2,3.8,5.2,159.6,96.2,63.4,96.2,159.6,-63.4,1,0,0,0,0,0,0,0,0,0,0,0,0,0,0,0,0,0,0,0,0,0,0,0,0,0,0,0,0,0,0,0,0
GO+Peja,"A. Hajdari, C. Edwards, F. Shoshaj, O. Williams, T. Green",Vëllaznimi,"A. Koshi, D. Wilson, R. Dahsyla, Y. Anei, Z. Reid",1,151,2.5,4.5,2,1,3,33.3,0,2,0,0,0,0,0,3,3,0,0,1,1,2,4,2,5,40,0,2,0,0,0,0,0,2,2,2,1,0,0,2,4.0,5.0,50,80,-30,80,50,30,-2,0,0,0,0,0,0,0,0,0,0,0,0,0,0,0,0,0,0,0,0,0,0,0,0,0,0,0,0,0,0,0,0
Sigal Prishtina,"A. Bailey, A. Morina, D. Burns, E. Clarance, V. Kakruki",Golden Eagle Ylli,"D. Thomas, E. Kastrati, J. Gray, S. Bamforth, T. Smith",1,170,2.8,4.5,2,1,2,50,0,0,0,0,0,0,0,1,1,0,1,0,2,2,6,3,4,75,0,0,0,0,0,0,0,1,1,1,2,0,1,0,4.0,5.0,50,120,-70,120,50,70,-4,0,0,0,0,0,0,0,0,0,0,0,0,0,0,0,0,0,0,0,0,0,0,0,0,0,0,0,0,0,0,0,0
Rahoveci 029,"A. Thomas, F. Rugova, J. Mccorrmick, K. Pullian, V. Ejupi",Bashkimi,"D. Lake, J. Riley, K. Anderson, L. Zeqiri, M. Armstead",1,177,3.0,4.5,10,4,4,100,2,2,100,0,0,0,0,1,1,1,0,0,1,0,6,3,5,60,0,2,0,0,0,0,1,0,1,1,1,0,0,0,5.0,3.9,200,152.7,47.3,152.7,200,-47.3,4,0,0,0,0,0,0,0,0,0,0,0,0,0,0,0,0,0,0,0,0,0,0,0,0,0,0,0,0,0,0,0,0
Bora,"A. Hot, A. Hunter, J. Zeqiri, S. Jules, T. Cheese",Sigal Prishtina,"A. Bailey, A. Morina, D. Burns, E. Clarance, V. Kakruki",1,151,2.5,4.5,7,3,4,75,1,2,50,0,0,0,1,1,2,1,1,0,2,2,5,2,3,66.7,1,1,100,0,0,0,0,0,0,1,1,0,1,0,4.9,4.0,142,125,17,125,142,-17,2,0,0,0,0,0,0,0,0,0,0,0,0,0,0,0,0,0,0,0,0,0,0,0,0,0,0,0,0,0,0,0,0
Trepça,"A. Vining, D. Hajrizi, J. Payne, K. Hasbrouck, S. Jones",Vëllaznimi,"A. Gordon, D. Wilson, J. Hellems, R. Dahsyla, S. Zekiqi",1,149,2.5,4.5,2,1,5,20,0,4,0,0,0,0,1,1,2,0,1,0,1,1,6,2,3,66.7,2,2,100,0,2,0,1,2,3,2,0,0,1,1,4.6,4.3,43.7,138.1,-94.4,138.1,43.7,94.4,-4,0,0,0,0,0,0,0,0,0,0,0,0,0,0,0,0,0,0,0,0,0,0,0,0,0,0,0,0,0,0,0,0
Vëllaznimi,"D. Wilson, J. Hellems, R. Dahsyla, S. Zekiqi, Y. Anei",Golden Eagle Ylli,"E. Kastrati, G. Morina, J. Gray, S. Bamforth, T. Smith",1,136,2.3,4.5,4,2,4,50,0,2,0,0,0,0,0,0,0,1,1,0,1,1,5,2,3,66.7,1,2,50,0,0,0,1,2,3,1,1,0,2,0,5.0,3.9,80,127.2,-47.2,127.2,80,47.2,-1,0,0,0,0,0,0,0,0,0,0,0,0,0,0,0,0,0,0,0,0,0,0,0,0,0,0,0,0,0,0,0,0
GO+Peja,"A. Hajdari, C. Edwards, C. Williams, D. Bracey, M. Mala",Bora,"A. Hot, A. Hunter, J. Zeqiri, R. Memedi, S. Jules",1,120,2.0,4.5,5,2,3,66.7,1,1,100,0,0,0,0,1,1,1,0,0,1,1,5,2,3,66.7,1,1,100,0,0,0,0,1,1,2,1,1,2,2,4.0,5.0,125,100,25,100,125,-25,0,0,0,0,0,0,0,0,0,0,0,0,0,0,0,0,0,0,0,0,0,0,0,0,0,0,0,0,0,0,0,0,0
Vëllaznimi,"A. Bedra, A. Koshi, J. Ismajli, R. Dahsyla, U. Ahmeti",Bashkimi,"D. Lake, I. Cousins, J. Bailey, J. Palokaj, V. Bunjaku",1,170,2.8,4.4,3,1,6,16.7,1,4,25,0,0,0,1,0,1,1,0,0,0,2,6,3,5,60,0,1,0,0,0,0,2,4,6,1,0,0,1,0,4.9,3.9,60.9,155.4,-94.6,155.4,60.9,94.6,-3,0,0,0,0,0,0,0,0,0,0,0,0,0,0,0,0,0,0,0,0,0,0,0,0,0,0,0,0,0,0,0,0
Trepça,"B. Tuna, C. Brown, J. Payne, M. Tmusic, S. Jones",GO+ Peja,"A. Herndon, D. Berisha, J. Johnson, M. Mala, T. Green",1,151,2.5,4.4,9,4,8,50,1,3,33.3,0,0,0,3,2,5,2,0,0,0,0,5,2,4,50,1,2,50,0,0,0,0,1,1,2,0,0,0,0,4.8,4.0,187.9,125,62.9,125,187.9,-62.9,4,0,0,0,0,0,0,0,0,0,0,0,0,0,0,0,0,0,0,0,0,0,0,0,0,0,0,0,0,0,0,0,0
GO+Peja,"A. Herndon, J. Johnson, M. Armstead, M. Mala, S. Flatten",Golden Eagle Ylli,"A. Gashi, A. Çallakaj, J. Reece, L. Thomas, T. Allen",1,134,2.2,4.4,6,2,5,40,2,2,100,0,0,0,1,3,4,2,0,0,0,0,5,2,6,33.3,1,4,25,0,0,0,1,2,3,0,0,0,0,1,3.9,4.9,152.7,101.4,51.3,101.4,152.7,-51.3,1,0,0,0,0,0,0,0,0,0,0,0,0,0,0,0,0,0,0,0,0,0,0,0,0,0,0,0,0,0,0,0,0
Vëllaznimi,"A. Koshi, J. Ismajli, L. Colimerio, R. Dahsyla, Z. Ried",Trepça,"A. Arslanagic, B. Tuna, D. Hajrizi, M. Tmusic, S. Jones",1,117,1.9,4.4,4,1,3,33.3,0,1,0,2,3,66.7,0,0,0,1,1,0,1,2,5,2,2,100,0,0,0,1,1,100,0,3,3,1,0,0,1,1,5.3,3.4,75.2,145.3,-70.2,145.3,75.2,70.2,-1,0,0,0,0,0,0,0,0,0,0,0,0,0,0,0,0,0,0,0,0,0,0,0,0,0,0,0,0,0,0,0,0
Golden Eagle Ylli,"A. Çallakaj, B. Huffman, G. Morina, L. Thomas, T. Allen",Vëllaznimi,"A. Koshi, J. Ismajli, M. Warrick, Y. Anei, Z. Reid",1,159,2.6,4.4,7,3,5,60,1,1,100,0,0,0,1,2,3,2,0,1,0,2,6,2,4,50,0,0,0,2,2,100,0,1,1,0,0,0,0,2,3.9,4.9,178.1,123,55.2,123,178.1,-55.2,1,0,0,0,0,0,0,0,0,0,0,0,0,0,0,0,0,0,0,0,0,0,0,0,0,0,0,0,0,0,0,0,0
Bora,"D. Taylor, G. Singleton, J. Zeqiri, R. Ukaj, T. Jackson",GO+Peja,"J. Johnson, M. Armstead, M. Mala, S. Flateen, T. Green",1,89,1.5,4.4,0,0,3,0,0,2,0,0,2,0,1,1,2,0,0,0,2,2,6,2,3,66.7,0,0,0,2,3,66.7,1,3,4,0,0,0,0,1,5.1,3.8,0,158.5,-158.5,158.5,0,158.5,-6,0,0,0,0,0,0,0,0,0,0,0,0,0,0,0,0,0,0,0,0,0,0,0,0,0,0,0,0,0,0,0,0
Bora,"D. Taylor, G. Singleton, J. Zeqiri, R. Memed, S. Jules",GO+Peja,"A. Herndon, J. Johnson, M. Armstead, M. Mala, S. Flateen",1,107,1.8,4.4,2,1,3,33.3,0,2,0,0,0,0,0,1,1,0,0,0,1,1,6,1,3,33.3,0,2,0,4,4,100,0,2,2,2,0,0,0,2,4.0,4.8,50,126.1,-76.1,126.1,50,76.1,-4,0,0,0,0,0,0,0,0,0,0,0,0,0,0,0,0,0,0,0,0,0,0,0,0,0,0,0,0,0,0,0,0
Bora,"D. Taylor, G. Singleton, J. Zeqiri, R. Memed, S. Jules",GO+Peja,"J. Johnson, M. Armstead, M. Mala, S. Flateen, T. Green",1,148,2.5,4.4,6,3,6,50,0,2,0,0,0,0,2,3,5,2,0,1,1,1,2,1,4,25,0,2,0,0,0,0,0,1,1,0,1,1,0,1,4.9,4.0,123.5,50,73.5,50,123.5,-73.5,4,0,0,0,0,0,0,0,0,0,0,0,0,0,0,0,0,0,0,0,0,0,0,0,0,0,0,0,0,0,0,0,0
Rahoveci 029,"B. Rexha, F. Rugova, I. Umipig, K. Pullian, P. Weekes",Vëllaznimi,"A. Koshi, K. Ezeagu, M. Warrick, R. Dahsyla, Z. Reid",1,164,2.7,4.4,8,3,5,60,2,4,50,0,0,0,1,2,3,2,0,0,0,0,6,2,4,50,0,1,0,2,2,100,0,1,1,0,0,0,0,0,3.9,4.9,203.6,123,80.6,123,203.6,-80.6,2,0,0,0,0,0,0,0,0,0,0,0,0,0,0,0,0,0,0,0,0,0,0,0,0,0,0,0,0,0,0,0,0
Bashkimi,"J. Bailey, J. Palokaj, K. Anderson, L. Zeqiri, T. Bickerstaff",GO+Peja,"C. Edwards, D. Berisha, J. Johnson, M. Armstead, T. Green",1,144,2.4,4.4,2,1,6,16.7,0,2,0,0,0,0,2,2,4,0,1,0,0,0,5,2,3,66.7,0,1,0,1,2,50,0,3,3,1,0,0,1,0,3.9,4.9,51.8,102.5,-50.6,102.5,51.8,50.6,-3,0,0,0,0,0,0,0,0,0,0,0,0,0,0,0,0,0,0,0,0,0,0,0,0,0,0,0,0,0,0,0,0
Vëllaznimi,"J. Ismajli, L. Colimerio, M. Warrick, S. Zekiqi, Y. Anei",Sigal Prishtina,"A. Azemi, A. Bailey, D. Lekndreaj, K. Kramer, L. Autrey",1,131,2.2,4.4,2,0,5,0,0,0,0,2,2,100,2,2,4,0,0,0,0,0,2,1,3,33.3,0,1,0,0,0,0,0,3,3,0,0,1,2,2,3.7,5.0,53.5,40,13.5,40,53.5,-13.5,0,0,0,0,0,0,0,0,0,0,0,0,0,0,0,0,0,0,0,0,0,0,0,0,0,0,0,0,0,0,0,0,0
Trepça,"A. Arslanagic, D. Hajrizi, D. Kapiti, J. Payne, M. Tmusic",Rahoveci 029,"I. Umipig, J. Roche, K. Pullian, K. Ujkani, V. Ejupi",1,124,2.1,4.4,2,0,3,0,0,1,0,2,2,100,0,1,1,1,0,0,0,0,11,4,5,80,3,4,75,0,0,0,0,3,3,0,0,0,0,2,3.9,5.0,51.5,220,-168.5,220,51.5,168.5,-9,0,0,0,0,0,0,0,0,0,0,0,0,0,0,0,0,0,0,0,0,0,0,0,0,0,0,0,0,0,0,0,0
Rahoveci 029,"F. Rugova, H. Durguti, I. Umipig, K. Pullian, K. Ujkani",Golden Eagle Ylli,"A. Scott, B. Huffman, E. Kastrati, G. Morina, L. Thomas",1,137,2.3,4.4,5,2,4,50,1,3,33.3,0,0,0,0,2,2,1,1,0,1,0,0,0,5,0,0,1,0,0,0,0,3,2,5,0,1,0,2,1,5.0,3.8,100,0,100,0,100,-100,5,0,0,0,0,0,0,0,0,0,0,0,0,0,0,0,0,0,0,0,0,0,0,0,0,0,0,0,0,0,0,0,0
Bashkimi,"I. Cousins, J. Baily, M. Janjeva, T. Bickerstaff, V. Bunjaku",Vëllaznimi,"A. Koshi, J. Hellems, M. Warrick, R. Dahsyla, Y. Anei",1,134,2.2,4.4,6,3,4,75,0,1,0,0,0,0,0,3,3,3,1,0,1,2,1,0,2,0,0,1,0,1,2,50,0,1,1,0,1,0,1,2,5.0,3.9,120,25.8,94.2,25.8,120,-94.2,5,0,0,0,0,0,0,0,0,0,0,0,0,0,0,0,0,0,0,0,0,0,0,0,0,0,0,0,0,0,0,0,0
GO+Peja,"A. Hajdari, C. Edwards, D. Berisha, J. Johnson, S. Flatten",Trepça,"D. Hajrizi, D. Kapiti, J. Payne, M. Tmusic, S. Henry",1,112,1.9,4.4,7,2,3,66.7,1,2,50,2,2,100,0,3,3,1,0,0,1,1,3,1,4,25,1,2,50,0,0,0,0,0,0,1,0,0,0,2,4.9,4.0,143.4,75,68.4,75,143.4,-68.4,4,0,0,0,0,0,0,0,0,0,0,0,0,0,0,0,0,0,0,0,0,0,0,0,0,0,0,0,0,0,0,0,0
Sigal Prishtina,"D. Burns, D. Haxhosaj, D. Polloshka, K. Kramer, L. Autrey",Golden Eagle Ylli,"A. Scott, A. Çallakaj, G. Morina, J. Reece, T. Allen",1,154,2.6,4.4,10,4,5,80,2,3,66.7,0,0,0,1,1,2,2,0,0,0,1,8,4,7,57.1,0,2,0,0,0,0,2,0,2,1,0,0,0,0,3.9,4.9,254.5,164.6,89.8,164.6,254.5,-89.8,2,0,0,0,0,0,0,0,0,0,0,0,0,0,0,0,0,0,0,0,0,0,0,0,0,0,0,0,0,0,0,0,0
Golden Eagle Ylli,"E. Kastrati, G. Morina, J. Reece, L. Thomas, T. Allen",GO+Peja,"A. Hajdari, C. Edwards, D. Berisha, J. Johnson, T. Green",1,125,2.1,4.4,0,0,3,0,0,2,0,0,0,0,0,1,1,0,0,0,2,1,6,3,6,50,0,1,0,0,0,0,2,3,5,0,0,0,0,0,5.0,3.9,0,155.4,-155.4,155.4,0,155.4,-6,0,0,0,0,0,0,0,0,0,0,0,0,0,0,0,0,0,0,0,0,0,0,0,0,0,0,0,0,0,0,0,0
Vëllaznimi,"J. Hellems, L. Colimerio, R. Dahsyla, S. Zekiqi, T. Todd",Golden Eagle Ylli,"A. Scott, A. Çallakaj, B. Huffman, E. Kastrati, J. Reece",1,128,2.1,4.4,2,0,3,0,0,2,0,2,2,100,2,1,3,0,1,1,3,0,3,1,2,50,1,1,100,0,0,0,0,1,1,1,1,0,2,1,4.7,4.0,42.2,75,-32.8,75,42.2,32.8,-1,0,0,0,0,0,0,0,0,0,0,0,0,0,0,0,0,0,0,0,0,0,0,0,0,0,0,0,0,0,0,0,0
Bashkimi,"I. Nwamu, K. Anderson, L. Zeqiri, M. Ismaili, T. Bickerstaff",Golden Eagle Ylli,"A. Scott, E. Kastrati, J. Reece, L. Shoshi, T. Allen",1,150,2.5,4.4,6,3,6,50,0,2,0,0,0,0,1,3,4,3,1,0,0,2,0,0,4,0,0,1,0,0,0,0,1,2,3,0,0,0,1,0,4.9,3.9,121.7,0,121.7,0,121.7,-121.7,6,0,0,0,0,0,0,0,0,0,0,0,0,0,0,0,0,0,0,0,0,0,0,0,0,0,0,0,0,0,0,0,0
Vëllaznimi,"A. Koshi, J. Hellems, L. Colimerio, S. Zekiqi, Z. Reid",Rahoveci 029,"F. Rugova, H. Durguti, J. Johnson, J. Roche, K. Pullian",1,153,2.5,4.4,4,2,3,66.7,0,1,0,0,0,0,0,0,0,0,0,0,2,0,10,4,6,66.7,2,3,66.7,0,0,0,2,1,3,3,1,0,0,0,5.0,3.9,80,259.1,-179.1,259.1,80,179.1,-6,0,0,0,0,0,0,0,0,0,0,0,0,0,0,0,0,0,0,0,0,0,0,0,0,0,0,0,0,0,0,0,0
Sigal Prishtina,"A. Azemi, A. Bailey, D. Burns, D. Haxhosaj, D. Polloshka",Vëllaznimi,"A. Koshi, J. Hellems, S. Zekiqi, T. Todd, Z. Reid",1,142,2.4,4.4,4,2,5,40,0,0,0,0,0,0,1,2,3,0,1,0,0,2,2,0,2,0,0,1,0,2,2,100,0,2,2,0,0,0,2,0,3.9,4.9,101.8,41,60.8,41,101.8,-60.8,2,0,0,0,0,0,0,0,0,0,0,0,0,0,0,0,0,0,0,0,0,0,0,0,0,0,0,0,0,0,0,0,0
Bashkimi,"I. Cousins, I. Nwamu, M. Ismaili, M. Janjeva, T. Bickerstaff",Bora,"G. Zeqiri, L. Thomas, R. Memedi, R. Ukaj, T. Cheese",1,132,2.2,4.4,3,1,3,33.3,1,1,100,0,0,0,0,2,2,1,0,0,1,1,6,1,3,33.3,1,3,33.3,3,4,75,0,2,2,1,1,0,0,0,4.0,4.8,75,126.1,-51.1,126.1,75,51.1,-3,0,0,0,0,0,0,0,0,0,0,0,0,0,0,0,0,0,0,0,0,0,0,0,0,0,0,0,0,0,0,0,0
Sigal Prishtina,"A. Bailey, D. Burns, D. Polloshka, E. Clarance, V. Kakruki",Bora,"A. Hot, A. Hunter, R. Ukaj, S. Jules, T. Cheese",1,93,1.6,4.4,2,1,2,50,0,1,0,0,0,0,0,0,0,0,1,0,2,1,6,2,2,100,0,0,0,2,2,100,0,1,1,1,1,0,2,0,4.0,4.9,50,123,-73,123,50,73,-4,0,0,0,0,0,0,0,0,0,0,0,0,0,0,0,0,0,0,0,0,0,0,0,0,0,0,0,0,0,0,0,0
GO+Peja,"A. Hajdari, C. Edwards, M. Mala, O. Williams, T. Green",Rahoveci 029,"B. Rexha, J. Johnson, J. Roche, K. Pullian, V. Ejupi",1,148,2.5,4.4,4,2,6,33.3,0,2,0,0,0,0,2,1,3,0,2,0,1,0,0,0,2,0,0,1,0,0,0,0,1,2,3,0,0,0,3,1,4.9,3.9,82.3,0,82.3,0,82.3,-82.3,4,0,0,0,0,0,0,0,0,0,0,0,0,0,0,0,0,0,0,0,0,0,0,0,0,0,0,0,0,0,0,0,0
Sigal Prishtina,"A. Bailey, A. Morina, A. Sinani, K. Dukes, K. Kramer",GO+Peja,"F. Shoshaj, L. Routt, M. Mala, S. Llapi, T. Green",1,154,2.6,4.4,4,2,6,33.3,0,2,0,0,0,0,1,4,5,1,0,0,0,1,0,0,6,0,0,3,0,0,0,0,2,3,5,0,0,0,0,1,4.9,3.9,81.1,0,81.1,0,81.1,-81.1,4,0,0,0,0,0,0,0,0,0,0,0,0,0,0,0,0,0,0,0,0,0,0,0,0,0,0,0,0,0,0,0,0
Sigal Prishtina,"A. Morina, A. Sinani, K. Dukes, K. Kramer, V. Kakruki",GO+Peja,"A. Hajdari, C. Edwards, L. Routt, M. Mala, O. Williams",1,122,2.0,4.4,5,2,3,66.7,1,1,100,0,0,0,0,4,4,1,1,0,1,2,1,0,3,0,0,1,0,1,2,50,0,1,1,0,1,0,1,1,4.0,4.9,125,20.5,104.5,20.5,125,-104.5,4,0,0,0,0,0,0,0,0,0,0,0,0,0,0,0,0,0,0,0,0,0,0,0,0,0,0,0,0,0,0,0,0
GO+Peja,"A. Hajdari, D. Bracey, D. Davis, M. Mala, S. Llapi",Trepça,"A. Vining, D. Kapiti, M. Amzil, M. Tmusic, S. Henry",1,96,1.6,4.4,1,0,0,0,0,0,0,1,2,50,0,1,1,1,0,0,3,0,5,2,4,50,0,2,0,1,2,50,0,0,0,2,1,0,0,1,3.9,4.9,25.8,102.5,-76.7,102.5,25.8,76.7,-4,0,0,0,0,0,0,0,0,0,0,0,0,0,0,0,0,0,0,0,0,0,0,0,0,0,0,0,0,0,0,0,0
Golden Eagle Ylli,"D. Sabeckis, E. Kastrati, G. Morina, J. Gray, T. Smith",GO+Peja,"A. Hajdari, C. Edwards, C. Williams, D. Bracey, S. Llapi",1,159,2.6,4.4,2,1,3,33.3,0,1,0,0,0,0,0,4,4,1,0,0,1,0,2,1,7,14.3,0,5,0,0,0,0,2,2,4,0,1,0,0,1,4.0,4.9,50,41.2,8.8,41.2,50,-8.8,0,0,0,0,0,0,0,0,0,0,0,0,0,0,0,0,0,0,0,0,0,0,0,0,0,0,0,0,0,0,0,0,0
Golden Eagle Ylli,"D. Conger, E. Kastrati, J. Gray, S. Bamforth, T. Smith",GO+Peja,"A. Hajdari, C. Williams, D. Bracey, D. Davis, M. Mala",1,118,2.0,4.4,5,2,4,50,0,1,0,1,2,50,0,2,2,2,1,0,0,1,2,1,3,33.3,0,2,0,0,0,0,0,2,2,0,0,0,1,1,4.9,4.0,102.5,50,52.5,50,102.5,-52.5,3,0,0,0,0,0,0,0,0,0,0,0,0,0,0,0,0,0,0,0,0,0,0,0,0,0,0,0,0,0,0,0,0
Vëllaznimi,"J. Hellems, R. Dahsyla, S. Zekiqi, T. Todd, Y. Anei",Golden Eagle Ylli,"D. Sabeckis, G. Morina, J. Gray, L. Shoshi, S. Bamforth",1,141,2.4,4.4,5,2,3,66.7,1,1,100,0,0,0,0,0,0,1,1,0,1,2,6,2,2,100,1,1,100,1,4,25,1,1,2,2,0,0,1,2,4.0,4.8,125,126.1,-1.1,126.1,125,1.1,-1,0,0,0,0,0,0,0,0,0,0,0,0,0,0,0,0,0,0,0,0,0,0,0,0,0,0,0,0,0,0,0,0
Vëllaznimi,"A. Bedra, E. Cingu, J. Ismajli, R. Dahsyla, Z. Ried",Bashkimi,"A. Morina, K. Anderson, L. Zeqiri, M. Ismaili, T. Brickerstaff",1,100,1.7,4.3,5,2,4,50,0,0,0,1,1,100,1,1,2,0,0,0,1,2,6,2,3,66.7,0,1,0,2,3,66.7,0,1,1,2,1,1,0,1,4.4,4.3,114.4,138.9,-24.5,138.9,114.4,24.5,-1,0,0,0,0,0,0,0,0,0,0,0,0,0,0,0,0,0,0,0,0,0,0,0,0,0,0,0,0,0,0,0,0
Bashkimi,"I. Cousins, J. Palokaj, K. Anderson, L. Zeqiri, T. Bickerstaff",Rahoveci 029,"B. Rexha, F. Rugova, I. Umipig, K. Pullian, P. Weekes",1,139,2.3,4.3,3,1,6,16.7,0,3,0,1,2,50,2,2,4,0,0,0,0,1,5,1,3,33.3,1,3,33.3,2,2,100,0,3,3,1,0,0,0,3,4.7,3.9,63.3,128.9,-65.6,128.9,63.3,65.6,-2,0,0,0,0,0,0,0,0,0,0,0,0,0,0,0,0,0,0,0,0,0,0,0,0,0,0,0,0,0,0,0,0
Sigal Prishtina,"B. Istrefi, D. Burns, D. Polloshka, M. Janjeva, V. Kakruki",Bora,"A. Mekic, G. Singleton, R. Memed, R. Ukaj, S. Jules",1,123,2.0,4.3,7,3,5,60,1,2,50,0,2,0,1,1,2,2,1,0,0,1,3,1,2,50,0,0,0,1,2,50,0,1,1,1,0,0,1,1,4.8,3.9,145.5,77.3,68.2,77.3,145.5,-68.2,4,0,0,0,0,0,0,0,0,0,0,0,0,0,0,0,0,0,0,0,0,0,0,0,0,0,0,0,0,0,0,0,0
Trepça,"B. Tuna, C. Rusell, D. Kapiti, J. Payne, M. Amzil",Golden Eagle Ylli,"A. Çallakaj, J. Reece, L. Basic, L. Shoshi, T. Allen",1,188,3.1,4.3,6,2,4,50,0,0,0,2,2,100,2,2,4,0,1,0,1,0,6,2,3,66.7,1,2,50,1,2,50,0,0,0,0,0,0,1,4,3.7,4.9,160.4,123,37.5,123,160.4,-37.5,0,0,0,0,0,0,0,0,0,0,0,0,0,0,0,0,0,0,0,0,0,0,0,0,0,0,0,0,0,0,0,0,0
Bashkimi,"D. Lake, I. Cousins, K. Anderson, L. Zeqiri, V. Bunjaku",GO+Peja,"A. Hajdari, C. Edwards, M. Armstead, S. Flatten, T. Green",1,132,2.2,4.3,2,1,3,33.3,0,0,0,0,1,0,1,2,3,0,0,0,2,1,5,2,3,66.7,0,0,0,1,2,50,0,2,2,2,2,0,0,2,4.7,3.9,42.3,128.9,-86.6,128.9,42.3,86.6,-3,0,0,0,0,0,0,0,0,0,0,0,0,0,0,0,0,0,0,0,0,0,0,0,0,0,0,0,0,0,0,0,0
Trepça,"A. Arslanagic, C. Brown, D. Hajrizi, J. Payne, M. Tmusic",Rahoveci 029,"B. Rexha, I. Umipig, J. Roche, K. Pullian, V. Ejupi",1,119,2.0,4.3,7,3,4,75,1,1,100,0,0,0,0,2,2,3,0,0,0,1,7,2,4,50,1,1,100,2,3,66.7,1,1,2,1,0,0,0,0,4.0,4.6,175,152,23,152,175,-23,0,0,0,0,0,0,0,0,0,0,0,0,0,0,0,0,0,0,0,0,0,0,0,0,0,0,0,0,0,0,0,0,0
GO+Peja,"J. Johnson, M. Armstead, M. Mala, S. Flatten, T. Green",Vëllaznimi,"J. Hellems, J. Ismajli, M. Warrick, R. Dahsyla, Z. Reid",1,209,3.5,4.3,5,2,4,50,1,2,50,0,0,0,0,2,2,2,0,0,0,2,7,3,10,30,1,4,25,0,0,0,5,2,7,0,0,0,0,1,4.0,4.6,125,150.5,-25.5,150.5,125,25.5,-2,0,0,0,0,0,0,0,0,0,0,0,0,0,0,0,0,0,0,0,0,0,0,0,0,0,0,0,0,0,0,0,0
Bora,"A. Hot, A. Hunter, A. Mekic, J. Zeqiri, S. Jules",Golden Eagle Ylli,"A. Scott, E. Kastrati, J. Reece, L. Shoshi, T. Allen",1,185,3.1,4.3,6,2,7,28.6,0,2,0,2,2,100,3,2,5,1,0,0,0,2,4,2,4,50,0,2,0,0,0,0,0,2,2,1,0,0,0,3,4.7,4.0,128.5,100,28.5,100,128.5,-28.5,2,0,0,0,0,0,0,0,0,0,0,0,0,0,0,0,0,0,0,0,0,0,0,0,0,0,0,0,0,0,0,0,0
Bashkimi,"I. Cousins, K. Wooten, L. Zeqiri, S. Shorter, V. Bunjaku",GO+Peja,"A. Hajdari, L. Routt, M. Mala, O. Williams, T. Green",1,133,2.2,4.3,7,2,3,66.7,0,0,0,3,3,100,0,0,0,2,0,0,0,1,10,4,6,66.7,1,2,50,1,1,100,2,1,3,3,0,0,0,1,4.3,4.3,162,232.6,-70.5,232.6,162,70.5,-3,0,0,0,0,0,0,0,0,0,0,0,0,0,0,0,0,0,0,0,0,0,0,0,0,0,0,0,0,0,0,0,0
Rahoveci 029,"A. Thomas, B. Rexha, F. Rugova, J. Mccormick, K. Pullian",Golden Eagle Ylli,"A. Scott, D. Conger, E. Kastrati, S. Bamforth, T. Smith",1,129,2.1,4.3,5,2,3,66.7,1,1,100,0,0,0,1,2,3,2,0,0,2,2,7,2,3,66.7,1,2,50,2,4,50,0,0,0,2,1,1,0,0,3.9,4.8,127.2,147.1,-19.8,147.1,127.2,19.8,-2,0,0,0,0,0,0,0,0,0,0,0,0,0,0,0,0,0,0,0,0,0,0,0,0,0,0,0,0,0,0,0,0
Sigal Prishtina,"A. Bailey, A. Lomax, A. Sinani, E. Clarance, V. Kakruki",Golden Eagle Ylli,"D. Sabeckis, D. Thomas, E. Kastrati, S. Bamforth, T. Smith",1,181,3.0,4.3,4,1,3,33.3,0,1,0,2,2,100,0,0,0,1,1,0,0,4,6,2,3,66.7,0,1,0,2,2,100,1,2,3,1,0,0,2,3,3.9,4.8,103.1,124.7,-21.6,124.7,103.1,21.6,-2,0,0,0,0,0,0,0,0,0,0,0,0,0,0,0,0,0,0,0,0,0,0,0,0,0,0,0,0,0,0,0,0
Bashkimi,"D. Lake, I. Nwamu, J. Riley, M. Janjeva, V. Bunjaku",Trepça,"D. Hajrizi, J. Payne, K. Hasbrouck, M. Amzil, M. Tmusic",1,172,2.9,4.3,8,2,3,66.7,1,2,50,3,4,75,0,2,2,1,0,0,0,0,4,2,6,33.3,0,3,0,0,0,0,2,2,4,2,0,0,0,2,4.8,3.9,168.1,103.6,64.4,103.6,168.1,-64.4,4,0,0,0,0,0,0,0,0,0,0,0,0,0,0,0,0,0,0,0,0,0,0,0,0,0,0,0,0,0,0,0,0
Vëllaznimi,"A. Koshi, L. Colimerio, M. Warrick, R. Dahsyla, Z. Ried",Trepça,"A. Arslanagic, B. Tuna, D. Hajrizi, J. Payne, S. Jones",1,119,2.0,4.2,2,1,2,50,0,0,0,0,0,0,0,1,1,0,0,0,2,1,4,2,5,40,0,2,0,0,0,0,1,1,2,0,2,0,1,1,4.0,4.4,50,91,-41,91,50,41,-2,0,0,0,0,0,0,0,0,0,0,0,0,0,0,0,0,0,0,0,0,0,0,0,0,0,0,0,0,0,0,0,0
Trepça,"C. Brown, C. Rusell, D. Hajrizi, J. Payne, M. Tmusic",Bashkimi,"D. Lake, I. Cousins, J. Palokaj, K. Anderson, L. Zeqiri",1,151,2.5,4.2,9,4,5,80,1,2,50,0,0,0,1,3,4,2,0,0,0,1,3,1,5,20,0,1,0,1,1,100,1,0,1,0,0,0,0,1,3.9,4.4,229,68.6,160.4,68.6,229,-160.4,6,0,0,0,0,0,0,0,0,0,0,0,0,0,0,0,0,0,0,0,0,0,0,0,0,0,0,0,0,0,0,0,0
Rahoveci 029,"B. Rexha, F. Rugova, I. Umipig, J. Jones, P. Weekes",Sigal Prishtina,"A. Azemi, D. Polloshka, L. Autrey, M. Janjeva, V. Kakruki",1,154,2.6,4.2,7,3,4,75,1,1,100,0,0,0,0,1,1,3,0,0,0,1,5,2,4,50,0,1,0,1,1,100,1,1,2,0,0,0,1,0,4.0,4.4,175,114.4,60.6,114.4,175,-60.6,2,0,0,0,0,0,0,0,0,0,0,0,0,0,0,0,0,0,0,0,0,0,0,0,0,0,0,0,0,0,0,0,0
Trepça,"A. Arslanagic, B. Tuna, D. Kapiti, J. Payne, M. Amzil",Golden Eagle Ylli,"A. Çallakaj, J. Reece, L. Basic, L. Shoshi, T. Allen",1,162,2.7,4.2,3,1,5,20,0,2,0,1,2,50,1,2,3,1,1,0,0,2,0,0,1,0,0,1,0,0,2,0,0,2,2,0,0,1,2,2,4.5,3.9,67.4,0,67.4,0,67.4,-67.4,3,0,0,0,0,0,0,0,0,0,0,0,0,0,0,0,0,0,0,0,0,0,0,0,0,0,0,0,0,0,0,0,0
Bashkimi,"I. Cousins, K. Anderson, L. Zeqiri, T. Bickerstaff, V. Bunjaku",Vëllaznimi,"A. Koshi, J. Hellems, M. Warrick, R. Dahsyla, Z. Reid",1,114,1.9,4.2,4,2,8,25,0,5,0,0,0,0,4,0,4,1,1,0,1,2,6,1,1,100,1,1,100,3,4,75,0,2,2,0,0,2,1,0,4.7,3.8,84.7,159.6,-74.8,159.6,84.7,74.8,-2,0,0,0,0,0,0,0,0,0,0,0,0,0,0,0,0,0,0,0,0,0,0,0,0,0,0,0,0,0,0,0,0
Bora,"A. Hunter, A. Mekic, G. Zeqiri, J. Zeqiri, S. Jules",Sigal Prishtina,"A. Azemi, A. Bailey, D. Burns, D. Polloshka, K. Kramer",1,144,2.4,4.2,7,2,3,66.7,0,1,0,3,4,75,0,1,1,2,0,0,0,2,6,2,6,33.3,1,3,33.3,1,2,50,3,2,5,1,0,0,0,3,4.8,3.7,147.1,163.5,-16.4,163.5,147.1,16.4,1,0,0,0,0,0,0,0,0,0,0,0,0,0,0,0,0,0,0,0,0,0,0,0,0,0,0,0,0,0,0,0,0
GO+Peja,"C. Edwards, D. Berisha, M. Mala, S. Flatten, T. Green",Bashkimi,"I. Nwamu, K. Anderson, L. Zeqiri, M. Ismaili, T. Bickerstaff",1,181,3.0,4.2,7,3,5,60,0,1,0,1,2,50,1,1,2,3,0,0,0,0,4,2,6,33.3,0,2,0,0,0,0,2,2,4,1,0,0,0,1,5.2,3.1,135.5,127.1,8.4,127.1,135.5,-8.4,3,0,0,0,0,0,0,0,0,0,0,0,0,0,0,0,0,0,0,0,0,0,0,0,0,0,0,0,0,0,0,0,0
Bashkimi,"I. Cousins, M. Janjeva, S. Shorter, T. Bickerstaff, V. Bunajku",Bora,"A. Hunter, R. Memedi, R. Ukaj, S. Jules, T. Cheese",1,118,2.0,4.2,5,2,3,66.7,1,1,100,0,2,0,0,0,0,1,0,0,0,2,10,4,4,100,1,1,100,1,1,100,0,2,2,2,0,1,0,1,3.9,4.4,128.9,225.2,-96.4,225.2,128.9,96.4,-5,0,0,0,0,0,0,0,0,0,0,0,0,0,0,0,0,0,0,0,0,0,0,0,0,0,0,0,0,0,0,0,0
Golden Eagle Ylli,"A. Scott, E. Kastrati, L. Shoshi, S. Bamforth, T. Allen",Rahoveci 029,"F. Rugova, H. Durguti, I. Umipig, J. Jonson, K. Pullian",1,111,1.9,4.2,0,0,4,0,0,2,0,0,0,0,2,1,3,0,0,0,2,1,10,4,4,100,2,2,100,0,1,0,0,2,2,1,0,0,0,2,3.9,4.4,0,225.2,-225.2,225.2,0,225.2,-10,0,0,0,0,0,0,0,0,0,0,0,0,0,0,0,0,0,0,0,0,0,0,0,0,0,0,0,0,0,0,0,0
Trepça,"A. Gashi, B. Tuna, D. Kapiti, E. Asllani, V. Haliti",GO+Peja,"C. Edwards, F. Shoshaj, O. Sallabegolli, S. Llapi, S. Nila",1,101,1.7,4.2,9,3,7,42.9,1,1,100,2,2,100,4,3,7,3,1,0,0,0,2,0,3,0,0,2,0,2,2,100,0,0,0,0,0,0,1,1,3.6,4.9,250,41,209,41,250,-209,7,0,0,0,0,0,0,0,0,0,0,0,0,0,0,0,0,0,0,0,0,0,0,0,0,0,0,0,0,0,0,0,0
Bora,"A. Hot, A. Hunter, J. Zeqiri, L. Thomas, R. Memedi",GO+Peja,"C. Edwards, F. Shoshaj, M. Mala, O. Williams, T. Green",1,122,2.0,4.2,2,1,5,20,0,1,0,0,0,0,1,2,3,1,0,0,0,1,4,2,5,40,0,2,0,0,1,0,1,3,4,1,0,0,0,1,3.9,4.4,50.9,91.5,-40.6,91.5,50.9,40.6,-2,0,0,0,0,0,0,0,0,0,0,0,0,0,0,0,0,0,0,0,0,0,0,0,0,0,0,0,0,0,0,0,0
Sigal Prishtina,"A. Bailey, A. Lomax, A. Morina, E. Clarence, V. Kakruki",Trepça,"A. Vining, B. Tuna, D. Kapiti, M. Amzil, S. Henry",1,114,1.9,4.2,6,2,4,50,1,2,50,1,1,100,1,2,3,1,0,0,1,1,2,1,3,33.3,0,1,0,0,0,0,0,1,1,0,1,0,1,1,4.4,4.0,137.3,50,87.3,50,137.3,-87.3,4,0,0,0,0,0,0,0,0,0,0,0,0,0,0,0,0,0,0,0,0,0,0,0,0,0,0,0,0,0,0,0,0
Vëllaznimi,"J. Hellems, R. Dahsyla, S. Zekiqi, T. Todd, Z. Reid",Golden Eagle Ylli,"A. Çallakaj, G. Morina, J. Gray, L. Shoshi, S. Bamforth",1,150,2.5,4.2,3,1,6,16.7,0,1,0,1,2,50,4,1,5,0,0,0,1,0,6,2,3,66.7,2,3,66.7,0,0,0,0,2,2,0,1,1,1,1,4.3,4.0,69.6,150,-80.4,150,69.6,80.4,-3,0,0,0,0,0,0,0,0,0,0,0,0,0,0,0,0,0,0,0,0,0,0,0,0,0,0,0,0,0,0,0,0
Vëllaznimi,"A. Bedra, J. Ismajli, L. Colimerio, M. Warrick, Y. Anei",Trepça,"B. Tuna, D. Kapiti, J. Payne, M. Amzil, M. Tmusic",1,118,2.0,4.1,8,2,2,100,1,1,100,3,3,100,0,1,1,0,0,0,1,1,7,3,5,60,1,1,100,0,0,0,1,0,1,1,0,0,0,1,4.3,3.9,185.2,178.1,7.1,178.1,185.2,-7.1,1,0,0,0,0,0,0,0,0,0,0,0,0,0,0,0,0,0,0,0,0,0,0,0,0,0,0,0,0,0,0,0,0
Vëllaznimi,"A. Koshi, M. Warrick, R. Dahsyla, Y. Anei, Z. Reid",Bora,"A. Mekic, G. Singleton, J. Zeqiri, R. Memedi, S. Jules",1,117,1.9,4.1,6,2,4,50,1,2,50,1,1,100,1,1,2,1,0,0,0,0,3,1,2,50,0,1,0,1,2,50,0,1,1,1,0,0,2,2,3.4,4.9,178,61.5,116.6,61.5,178,-116.6,3,0,0,0,0,0,0,0,0,0,0,0,0,0,0,0,0,0,0,0,0,0,0,0,0,0,0,0,0,0,0,0,0
Golden Eagle Ylli,"G. Morina, L. Basic, L. Shoshi, L. Thomas, T. Allen",Bashkimi,"A. Morina, D. Lake, I. Cousins, J. Palokaj, K. Anderson",1,95,1.6,4.1,2,1,3,33.3,0,1,0,0,0,0,1,0,1,1,0,0,2,4,8,3,4,75,1,1,100,1,3,33.3,2,1,3,1,0,0,0,0,3.9,4.2,50.9,188.2,-137.3,188.2,50.9,137.3,-6,0,0,0,0,0,0,0,0,0,0,0,0,0,0,0,0,0,0,0,0,0,0,0,0,0,0,0,0,0,0,0,0
Sigal Prishtina,"A. Bailey, D. Burns, D. Lekndreaj, D. Polloshka, V. Kakruki",GO+Peja,"A. Herndon, C. Edwards, D. Berisha, M. Armstead, S. Flatten",1,143,2.4,4.1,4,2,4,50,0,1,0,0,0,0,0,2,2,1,0,0,0,1,6,2,4,50,1,3,33.3,1,2,50,1,2,3,1,0,1,0,2,4.0,4.2,100,144,-44,144,100,44,-2,0,0,0,0,0,0,0,0,0,0,0,0,0,0,0,0,0,0,0,0,0,0,0,0,0,0,0,0,0,0,0,0
Bashkimi,"I. Cousins, K. Anderson, L. Zeqiri, T. Bickerstaff, V. Bunjaku",GO+Peja,"C. Edwards, D. Berisha, J. Johnson, M. Mala, T. Green",1,109,1.8,4.1,4,2,4,50,0,1,0,0,2,0,1,2,3,1,0,0,0,0,5,2,4,50,1,1,100,0,0,0,0,2,2,1,0,0,0,2,4.2,4.0,96,125,-29,125,96,29,-1,0,0,0,0,0,0,0,0,0,0,0,0,0,0,0,0,0,0,0,0,0,0,0,0,0,0,0,0,0,0,0,0
Bashkimi,"D. Lake, I. Cousins, K. Anderson, L. Zeqiri, V. Bunjaku",Vëllaznimi,"A. Koshi, J. Hellems, M. Warrick, R. Dahsyla, Z. Reid",1,132,2.2,4.1,2,1,3,33.3,0,1,0,0,2,0,1,2,3,0,0,0,1,0,2,1,3,33.3,0,1,0,0,0,0,0,2,2,1,1,0,1,0,4.2,4.0,48,50,-2,50,48,2,0,0,0,0,0,0,0,0,0,0,0,0,0,0,0,0,0,0,0,0,0,0,0,0,0,0,0,0,0,0,0,0,0
GO+Peja,"A. Hajdari, C. Edwards, D. Berisha, J. Johnson, S. Flatten",Trepça,"B. Tuna, C. Brown, D. Hajrizi, J. Payne, M. Tmusic",1,185,3.1,4.1,0,0,6,0,0,2,0,0,0,0,2,3,5,0,0,0,1,1,3,1,7,14.3,1,5,20,0,0,0,3,3,6,1,0,1,0,0,4.4,3.8,0,79.2,-79.2,79.2,0,79.2,-3,0,0,0,0,0,0,0,0,0,0,0,0,0,0,0,0,0,0,0,0,0,0,0,0,0,0,0,0,0,0,0,0
Bashkimi,"D. Lake, I. Cousins, I. Nwamu, M. Ismaili, M. Janjeva",Golden Eagle Ylli,"A. Scott, B. Huffman, E. Kastrati, G. Morina, T. Allen",1,88,1.5,4.1,4,1,2,50,0,1,0,2,2,100,1,1,2,0,1,0,2,2,5,1,2,50,0,0,0,3,3,100,0,0,0,2,2,0,1,0,3.8,4.3,105,115.7,-10.8,115.7,105,10.8,-1,0,0,0,0,0,0,0,0,0,0,0,0,0,0,0,0,0,0,0,0,0,0,0,0,0,0,0,0,0,0,0,0
Bashkimi,"D. Lake, I. Nwamu, K. Anderson, L. Zeqiri, M. Janjeva",Golden Eagle Ylli,"A. Scott, B. Huffman, E. Kastrati, L. Shoshi, T. Allen",1,129,2.1,4.1,3,1,3,33.3,1,1,100,0,0,0,0,2,2,0,0,0,0,2,4,2,6,33.3,0,3,0,0,4,0,3,2,5,0,0,1,1,1,3.0,6.2,100,64.6,35.4,64.6,100,-35.4,-1,0,0,0,0,0,0,0,0,0,0,0,0,0,0,0,0,0,0,0,0,0,0,0,0,0,0,0,0,0,0,0,0
Golden Eagle Ylli,"D. Hall, E. Kastrati, L. Basic, L. Shoshi, S. Bamforth",Rahoveci 029,"A. Berisha, A. Thomas, I. Umipig, J. Jonson, K. Ujkani",1,99,1.6,4.1,2,0,2,0,0,2,0,2,2,100,0,0,0,0,2,0,2,1,4,1,3,33.3,1,1,100,1,1,100,2,2,4,1,0,0,2,2,4.9,3.3,41,121.2,-80.2,121.2,41,80.2,-2,0,0,0,0,0,0,0,0,0,0,0,0,0,0,0,0,0,0,0,0,0,0,0,0,0,0,0,0,0,0,0,0
Golden Eagle Ylli,"D. Hall, E. Kastrati, L. Basic, L. Shoshi, T. Allen",Rahoveci 029,"A. Thomas, B. Rexha, F. Rugova, I. Umipig, K. Pullian",1,131,2.2,4.1,7,1,3,33.3,0,2,0,5,5,100,1,2,3,1,0,0,0,2,3,1,3,33.3,1,2,50,0,0,0,0,1,1,1,0,0,1,2,4.1,4.0,169.5,75,94.5,75,169.5,-94.5,4,0,0,0,0,0,0,0,0,0,0,0,0,0,0,0,0,0,0,0,0,0,0,0,0,0,0,0,0,0,0,0,0
Golden Eagle Ylli,"A. Scott, E. Kastrati, L. Shoshi, S. Bamforth, T. Allen",Sigal Prishtina,"A. Bailey, D. Burns, D. Polloshka, E. Clarance, V. Kakruki",1,163,2.7,4.1,7,3,4,75,0,0,0,1,1,100,0,0,0,2,0,0,0,3,7,2,3,66.7,2,2,100,1,2,50,1,1,2,0,0,0,1,2,4.4,3.8,157.7,183.7,-26.1,183.7,157.7,26.1,0,0,0,0,0,0,0,0,0,0,0,0,0,0,0,0,0,0,0,0,0,0,0,0,0,0,0,0,0,0,0,0,0
GO+Peja,"A. Hajdari, C. Edwards, M. Mala, O. Williams, S. Flatten",Golden Eagle Ylli,"B. Huffman, G. Morina, L. Basic, S. Bamforth, T. Allen",1,122,2.0,4.1,6,2,3,66.7,0,1,0,2,3,66.7,0,1,1,1,1,1,0,0,4,2,4,50,0,0,0,0,0,0,1,2,3,0,0,0,1,2,4.3,3.9,138.9,101.8,37.1,101.8,138.9,-37.1,2,0,0,0,0,0,0,0,0,0,0,0,0,0,0,0,0,0,0,0,0,0,0,0,0,0,0,0,0,0,0,0,0
Trepça,"A. Vining, D. Kapiti, K. Hasbrouck, M. Amzil, M. Tmusic",Bashkimi,"I. Cousins, L. Zeqiri, S. Shorter, T. Bickerstaff, V. Bunjaku",1,129,2.1,4.1,2,1,4,25,0,2,0,0,2,0,2,0,2,1,0,0,2,2,5,1,1,100,1,1,100,2,2,100,0,2,2,1,0,0,1,1,5.3,2.9,37.9,173.6,-135.7,173.6,37.9,135.7,-3,0,0,0,0,0,0,0,0,0,0,0,0,0,0,0,0,0,0,0,0,0,0,0,0,0,0,0,0,0,0,0,0
Vëllaznimi,"A. Rushiti, D. Wilson, J. Hellems, R. Dahsyla, Z. Reid",Bora,"A. Hunter, J. Zeqiri, L. Thomas, R. Ukaj, T. Cheese",1,125,2.1,4.1,4,1,3,33.3,1,3,33.3,1,3,33.3,1,2,3,2,0,0,1,1,5,1,3,33.3,1,2,50,2,2,100,0,1,1,1,1,0,0,2,4.2,3.9,94.1,128.9,-34.7,128.9,94.1,34.7,-1,0,0,0,0,0,0,0,0,0,0,0,0,0,0,0,0,0,0,0,0,0,0,0,0,0,0,0,0,0,0,0,0
Golden Eagle Ylli,"A. Scott, B. Huffman, D. Thomas, E. Kastrati, S. Bamforth",Bashkimi,"I. Nwamu, K. Wooten, L. Zeqiri, M. Armstead, S. Shorter",1,94,1.6,4.1,1,0,4,0,0,0,0,1,2,50,2,3,5,0,0,0,1,0,2,1,5,20,0,2,0,0,0,0,1,3,4,1,1,1,0,2,4.2,3.9,24,50.9,-26.9,50.9,24,26.9,-1,0,0,0,0,0,0,0,0,0,0,0,0,0,0,0,0,0,0,0,0,0,0,0,0,0,0,0,0,0,0,0,0
Trepça,"A. Arslanagic, B. Tuna, D. Kapiti, J. Payne, M. Amzil",GO+ Peja,"C. Edwards, J. Johnson, M. Armstread, M. Mala, T. Green",1,131,2.2,4.0,2,1,4,25,0,1,0,0,0,0,1,2,3,1,0,0,1,0,4,2,4,50,0,2,0,0,0,0,0,2,2,1,1,0,0,1,3.9,4.0,50.9,100,-49.1,100,50.9,49.1,-2,0,0,0,0,0,0,0,0,0,0,0,0,0,0,0,0,0,0,0,0,0,0,0,0,0,0,0,0,0,0,0,0
GO+Peja,"A. Herndon, C. Edwards, D. Berisha, M. Mala, S. Flatten",Golden Eagle Ylli,"A. Çallakaj, B. Huffman, G. Morina, L. Basic, T. Allen",1,110,1.8,4.0,2,1,4,25,0,1,0,0,2,0,1,2,3,0,0,0,0,2,5,2,4,50,1,3,33.3,0,0,0,0,3,3,1,0,1,0,1,4.1,4.0,49,125,-76,125,49,76,-3,0,0,0,0,0,0,0,0,0,0,0,0,0,0,0,0,0,0,0,0,0,0,0,0,0,0,0,0,0,0,0,0
Trepça,"C. Brown, C. Rusell, D. Hajrizi, J. Payne, M. Tmusic",Bashkimi,"I. Cousins, J. Palokaj, K. Anderson, L. Zeqiri, T. Bickerstaff",1,135,2.2,4.0,0,0,4,0,0,1,0,0,0,0,0,1,1,0,0,0,0,2,7,3,5,60,1,1,100,0,0,0,1,4,5,2,0,0,0,0,4.0,3.9,0,178.1,-178.1,178.1,0,178.1,-7,0,0,0,0,0,0,0,0,0,0,0,0,0,0,0,0,0,0,0,0,0,0,0,0,0,0,0,0,0,0,0,0
Trepça,"A. Arslanagic, C. Brown, D. Hajrizi, J. Payne, M. Tmusic",Bashkimi,"J. Baily, J. Palokaj, K. Anderson, L. Zeqiri, T. Bickerstaff",1,132,2.2,4.0,4,2,5,40,0,2,0,0,0,0,1,1,2,0,0,0,0,0,6,3,4,75,0,1,0,0,0,0,0,2,2,2,0,0,0,2,3.9,4.0,101.8,150,-48.2,150,101.8,48.2,-2,0,0,0,0,0,0,0,0,0,0,0,0,0,0,0,0,0,0,0,0,0,0,0,0,0,0,0,0,0,0,0,0
Bora,"A. Mekic, G. Singleton, R. Memed, R. Ukaj, T. Jackson",GO+Peja,"C. Edwards, M. Armstead, M. Mala, S. Flateen, T. Green",1,90,1.5,4.0,7,3,4,75,1,2,50,0,1,0,1,1,2,2,1,0,0,0,2,1,2,50,0,0,0,0,0,0,0,1,1,1,0,0,2,0,3.9,4.0,179.3,50,129.3,50,179.3,-129.3,5,0,0,0,0,0,0,0,0,0,0,0,0,0,0,0,0,0,0,0,0,0,0,0,0,0,0,0,0,0,0,0,0
GO+Peja,"A. Herndon, D. Berisha, J. Johnson, M. Mala, T. Green",Rahoveci 029,"B. Rexha, F. Rugova, I. Umipig, J. Roche, K. Pullian",1,114,1.9,4.0,3,1,2,50,1,2,50,0,0,0,0,0,0,1,1,0,2,1,6,3,3,100,0,0,0,0,0,0,0,1,1,3,1,0,1,0,4.0,4.0,75,150,-75,150,75,75,-3,0,0,0,0,0,0,0,0,0,0,0,0,0,0,0,0,0,0,0,0,0,0,0,0,0,0,0,0,0,0,0,0
GO+Peja,"A. Herndon, D. Berisha, J. Johnson, M. Armstead, T. Green",Rahoveci 029,"F. Rugova, H. Durguti, I. Umipig, J. Roche, K. Pullian",1,135,2.2,4.0,5,2,4,50,0,1,0,1,2,50,1,1,2,2,0,1,0,1,6,2,4,50,1,1,100,1,2,50,1,2,3,0,0,0,0,2,4.2,3.8,120,157.5,-37.5,157.5,120,37.5,-1,0,0,0,0,0,0,0,0,0,0,0,0,0,0,0,0,0,0,0,0,0,0,0,0,0,0,0,0,0,0,0,0
Vëllaznimi,"A. Koshi, L. Colimerio, M. Warrick, R. Dahsyla, Z. Ride",Sigal Prishtina,"D. Burns, D. Haxhosaj, D. Lekndreaj, D. Polloshka, K. Kramer",1,125,2.1,4.0,7,2,5,40,2,2,100,1,2,50,2,0,2,2,1,0,0,1,4,1,2,50,0,0,0,2,2,100,1,2,3,0,0,0,2,2,4.3,3.8,163.7,105,58.8,105,163.7,-58.8,3,0,0,0,0,0,0,0,0,0,0,0,0,0,0,0,0,0,0,0,0,0,0,0,0,0,0,0,0,0,0,0,0
Trepça,"A. Arslanagic, D. Hajrizi, D. Kapiti, M. Amzil, M. Tmusic",Rahoveci 029,"E. Peci, I. Umipig, J. Jones, J. Roche, V. Ejupi",1,94,1.6,4.0,0,0,1,0,0,1,0,0,0,0,0,0,0,0,1,0,3,0,3,1,2,50,1,2,50,0,0,0,1,0,1,0,2,0,3,1,4.0,3.9,0,76.3,-76.3,76.3,0,76.3,-3,0,0,0,0,0,0,0,0,0,0,0,0,0,0,0,0,0,0,0,0,0,0,0,0,0,0,0,0,0,0,0,0
Bora,"A. Hot, A. Mekic, J. Zeqiri, S. Jules, T. Chese",Bashkimi,"D. Lake, I. Cousins, J. Palokaj, K. Anderson, L. Zeqiri",1,145,2.4,4.0,4,2,4,50,0,0,0,0,0,0,0,1,1,2,1,1,0,4,5,2,4,50,1,2,50,0,0,0,1,2,3,1,0,0,1,1,4.0,3.9,100,127.2,-27.2,127.2,100,27.2,-1,0,0,0,0,0,0,0,0,0,0,0,0,0,0,0,0,0,0,0,0,0,0,0,0,0,0,0,0,0,0,0,0
Bashkimi,"D. Lake, I. Cousins, K. Anderson, L. Zeqiri, M. Ismaili",Vëllaznimi,"A. Koshi, M. Warrick, R. Dahsyla, Y. Anei, Z. Reid",1,119,2.0,4.0,6,3,4,75,0,0,0,0,0,0,0,3,3,3,0,0,0,0,2,1,4,25,0,2,0,0,0,0,0,1,1,1,0,1,0,0,4.0,4.0,150,50,100,50,150,-100,4,0,0,0,0,0,0,0,0,0,0,0,0,0,0,0,0,0,0,0,0,0,0,0,0,0,0,0,0,0,0,0,0
Bashkimi,"D. Lake, I. Cousins, K. Anderson, L. Zeqiri, V. Bunjaku",Vëllaznimi,"J. Hellems, M. Warrick, R. Dahsyla, S. Zekiqi, Z. Reid",1,110,1.8,4.0,6,2,3,66.7,2,3,66.7,0,0,0,0,4,4,2,0,0,1,1,0,0,4,0,0,3,0,0,0,0,0,1,1,0,0,0,0,0,4.0,4.0,150,0,150,0,150,-150,6,0,0,0,0,0,0,0,0,0,0,0,0,0,0,0,0,0,0,0,0,0,0,0,0,0,0,0,0,0,0,0,0
Sigal Prishtina,"A. Azemi, A. Bailey, B. Istrefi, D. Burns, L. Autrey",Golden Eagle Ylli,"A. Scott, A. Çallakaj, G. Morina, J. Reece, L. Basic",1,158,2.6,4.0,0,0,3,0,0,0,0,0,0,0,1,0,1,0,1,0,2,2,6,2,2,100,0,0,0,2,2,100,0,2,2,2,2,0,1,1,3.9,3.9,0,154.6,-154.6,154.6,0,154.6,-6,0,0,0,0,0,0,0,0,0,0,0,0,0,0,0,0,0,0,0,0,0,0,0,0,0,0,0,0,0,0,0,0
Rahoveci 029,"F. Rugova, H. Durguti, I. Umipig, J. Roche, K. Pullian",Bora,"A. Hunter, A. Mekic, C. Payton Jr, J. Zeqiri, R. Ukaj",1,109,1.8,4.0,2,1,3,33.3,0,0,0,0,0,0,0,1,1,0,1,0,1,0,4,2,3,66.7,0,1,0,0,0,0,0,2,2,1,0,0,1,2,4.0,4.0,50,100,-50,100,50,50,-2,0,0,0,0,0,0,0,0,0,0,0,0,0,0,0,0,0,0,0,0,0,0,0,0,0,0,0,0,0,0,0,0
Rahoveci 029,"A. Patty, B. Rexha, F. Rugova, H. Durguti, K. Pullian",Bashkimi,"K. Anderson, L. Zeqiri, M. Janjeva, T. Bickerstaff, V. Bunjaku",1,143,2.4,4.0,8,3,4,75,2,2,100,0,0,0,0,2,2,3,1,0,0,0,3,1,3,33.3,1,3,33.3,0,0,0,0,1,1,1,0,0,1,2,4.0,4.0,200,75,125,75,200,-125,5,0,0,0,0,0,0,0,0,0,0,0,0,0,0,0,0,0,0,0,0,0,0,0,0,0,0,0,0,0,0,0,0
Golden Eagle Ylli,"A. Scott, A. Çallakaj, E. Kastrati, G. Morina, T. Allen",GO+Peja,"D. Berisha, J. Johnson, M. Mala, S. Flatten, T. Green",1,106,1.8,4.0,2,1,4,25,0,1,0,0,0,0,0,1,1,0,0,0,0,0,7,3,4,75,1,1,100,0,0,0,0,3,3,1,0,0,0,0,4.0,4.0,50,175,-125,175,50,125,-5,0,0,0,0,0,0,0,0,0,0,0,0,0,0,0,0,0,0,0,0,0,0,0,0,0,0,0,0,0,0,0,0
Sigal Prishtina,"A. Azemi, A. Bailey, D. Burns, D. Polloshka, K. Kramer",Rahoveci 029,"A. Berisha, A. Patty, I. Umipig, K. Pullian, V. Ejupi",1,194,3.2,4.0,7,3,8,37.5,1,5,20,0,0,0,3,2,5,3,0,1,0,0,6,2,4,50,2,3,66.7,0,0,0,0,1,1,0,0,0,0,0,4.0,4.0,175.5,150,25.5,150,175.5,-25.5,1,0,0,0,0,0,0,0,0,0,0,0,0,0,0,0,0,0,0,0,0,0,0,0,0,0,0,0,0,0,0,0,0
Sigal Prishtina,"A. Azemi, A. Bailey, D. Burns, D. Haxhosaj, K. Kramer",Bashkimi,"D. Lake, I. Nwamu, K. Anderson, L. Zeqiri, M. Janjeva",1,146,2.4,4.0,2,1,3,33.3,0,1,0,0,0,0,0,3,3,0,0,1,1,3,2,1,4,25,0,2,0,0,0,0,0,2,2,1,1,0,0,2,4.0,4.0,50,50,0,50,50,0,0,0,0,0,0,0,0,0,0,0,0,0,0,0,0,0,0,0,0,0,0,0,0,0,0,0,0,0,0,0,0,0,0
Rahoveci 029,"B. Rexha, F. Rugova, I. Umipig, J. Roche, K. Pullian",GO+Peja,"A. Hajdari, A. Herndon, C. Edwards, M. Mala, S. Flatten",1,143,2.4,4.0,5,2,6,33.3,1,4,25,0,0,0,2,0,2,2,0,0,1,0,7,3,4,75,1,1,100,0,0,0,1,1,2,2,0,1,1,2,4.1,3.9,120.6,178.1,-57.5,178.1,120.6,57.5,-2,0,0,0,0,0,0,0,0,0,0,0,0,0,0,0,0,0,0,0,0,0,0,0,0,0,0,0,0,0,0,0,0
Rahoveci 029,"B. Rexha, F. Rugova, I. Umipig, J. Roche, K. Pullian",GO+Peja,"A. Hajdari, A. Herndon, J. Johnson, M. Mala, S. Flatten",1,136,2.3,4.0,2,1,5,20,0,3,0,0,0,0,1,3,4,0,1,0,0,2,0,0,3,0,0,2,0,0,0,0,0,3,3,0,0,0,1,1,3.9,4.0,50.9,0,50.9,0,50.9,-50.9,2,0,0,0,0,0,0,0,0,0,0,0,0,0,0,0,0,0,0,0,0,0,0,0,0,0,0,0,0,0,0,0,0
Bashkimi,"I. Nwamu, K. Anderson, L. Zeqiri, M. Janjeva, T. Bickerstaff",Golden Eagle Ylli,"A. Scott, E. Kastrati, J. Reece, L. Shoshi, T. Allen",1,108,1.8,4.0,5,2,2,100,1,1,100,0,0,0,0,1,1,1,0,0,2,0,5,2,3,66.7,1,2,50,0,0,0,0,0,0,1,2,0,1,1,4.0,4.0,125,125,0,125,125,0,0,0,0,0,0,0,0,0,0,0,0,0,0,0,0,0,0,0,0,0,0,0,0,0,0,0,0,0,0,0,0,0,0
Vëllaznimi,"A. Koshi, J. Hellems, S. Zekiqi, T. Todd, Z. Reid",Rahoveci 029,"A. Berisha, A. Patty, E. Peci, F. Rugova, J. Johnson",1,114,1.9,4.0,2,1,4,25,0,2,0,0,0,0,1,1,2,0,1,0,1,0,2,1,2,50,0,0,0,0,0,0,0,2,2,1,0,1,2,0,3.9,4.0,50.9,50,0.9,50,50.9,-0.9,0,0,0,0,0,0,0,0,0,0,0,0,0,0,0,0,0,0,0,0,0,0,0,0,0,0,0,0,0,0,0,0,0
GO+Peja,"A. Hajdari, C. Edwards, D. Berisha, J. Johnson, T. Green",Bashkimi,"D. Lake, I. Cousins, I. Nwamu, M. Ismaili, M. Janjeva",1,80,1.3,4.0,2,1,3,33.3,0,1,0,0,0,0,0,3,3,0,0,0,1,0,2,1,4,25,0,2,0,0,0,0,0,2,2,0,1,0,0,0,4.0,4.0,50,50,0,50,50,0,0,0,0,0,0,0,0,0,0,0,0,0,0,0,0,0,0,0,0,0,0,0,0,0,0,0,0,0,0,0,0,0,0
Bora,"A. Hot, A. Hunter, A. Mekic, R. Memedi, S. Jules",Golden Eagle Ylli,"A. Gashi, A. Scott, B. Huffman, E. Kastrati, J. Reece",1,105,1.8,4.0,3,1,4,25,1,2,50,0,0,0,0,2,2,1,0,0,0,0,4,2,4,50,0,1,0,0,0,0,0,3,3,2,0,1,0,0,4.0,4.0,75,100,-25,100,75,25,-1,0,0,0,0,0,0,0,0,0,0,0,0,0,0,0,0,0,0,0,0,0,0,0,0,0,0,0,0,0,0,0,0
Golden Eagle Ylli,"E. Kastrati, G. Morina, L. Basic, L. Shoshi, S. Bamforth",Sigal Prishtina,"A. Bailey, D. Burns, D. Polloshka, E. Clarance, V. Kakruki",1,119,2.0,4.0,4,2,4,50,0,2,0,0,0,0,0,1,1,2,1,0,0,3,4,2,3,66.7,0,1,0,0,0,0,0,2,2,1,0,0,1,0,4.0,4.0,100,100,0,100,100,0,0,0,0,0,0,0,0,0,0,0,0,0,0,0,0,0,0,0,0,0,0,0,0,0,0,0,0,0,0,0,0,0,0
Bashkimi,"D. Lake, I. Nwamu, L. Zeqiri, S. Shorter, V. Bunjaku",Rahoveci 029,"A. Thomas, H. Durguti, I. Umipig, J. Johnson, V. Ejupi",1,125,2.1,4.0,2,1,4,25,0,2,0,0,0,0,0,3,3,1,0,0,0,0,2,1,4,25,0,2,0,0,0,0,0,3,3,0,0,0,0,2,4.0,4.0,50,50,0,50,50,0,0,0,0,0,0,0,0,0,0,0,0,0,0,0,0,0,0,0,0,0,0,0,0,0,0,0,0,0,0,0,0,0,0
Bashkimi,"D. Lake, I. Cousins, L. Zeqiri, S. Shorter, V. Bunjaku",Rahoveci 029,"A. Berisha, A. Thomas, J. Johnson, K. Pullian, V. Ejupi",1,112,1.9,4.0,7,3,4,75,1,1,100,0,0,0,0,0,0,1,0,0,0,1,8,4,4,100,0,0,0,0,0,0,0,1,1,2,0,0,0,0,4.0,4.0,175,200,-25,200,175,25,-1,0,0,0,0,0,0,0,0,0,0,0,0,0,0,0,0,0,0,0,0,0,0,0,0,0,0,0,0,0,0,0,0
Sigal Prishtina,"D. Burns, D. Haxhosaj, E. Clarance, J. Ismajli, K. Kramer",Bora,"A. Hot, A. Hunter, L. Thomas, R. Memedi, T. Cheese",1,115,1.9,4.0,5,2,3,66.7,1,1,100,0,0,0,1,2,3,1,0,1,2,1,4,2,4,50,0,0,0,0,0,0,0,0,0,1,1,1,0,0,3.9,4.0,127.2,100,27.2,100,127.2,-27.2,1,0,0,0,0,0,0,0,0,0,0,0,0,0,0,0,0,0,0,0,0,0,0,0,0,0,0,0,0,0,0,0,0
Bashkimi,"D. Lake, I. Nwamu, L. Zeqiri, S. Shorter, V. Bunjaku",Sigal Prishtina,"A. Sinani, D. Polloshka, J. Ismajli, K. Dukes, K. Kramer",1,136,2.3,4.0,4,2,4,50,0,2,0,0,0,0,0,3,3,1,0,0,0,1,0,0,3,0,0,1,0,0,0,0,0,2,2,0,0,0,1,1,4.0,4.0,100,0,100,0,100,-100,4,0,0,0,0,0,0,0,0,0,0,0,0,0,0,0,0,0,0,0,0,0,0,0,0,0,0,0,0,0,0,0,0
Vëllaznimi,"J. Hellems, R. Dahsyla, S. Zekiqi, Y. Anei, Z. Reid",Bora,"A. Hunter, J. Zeqiri, L. Thomas, R. Ukaj, T. Cheese",1,102,1.7,4.0,7,3,4,75,1,1,100,0,0,0,1,1,2,1,0,0,1,0,5,2,3,66.7,1,1,100,0,0,0,0,0,0,0,1,0,1,0,3.9,4.0,178.1,125,53.1,125,178.1,-53.1,2,0,0,0,0,0,0,0,0,0,0,0,0,0,0,0,0,0,0,0,0,0,0,0,0,0,0,0,0,0,0,0,0
Vëllaznimi,"A. Rushiti, D. Wilson, J. Hellems, R. Dahsyla, Y. Anei",Bora,"A. Hot, A. Mekic, J. Zeqiri, S. Jules, T. Cheese",1,166,2.8,4.0,5,2,3,66.7,1,2,50,0,0,0,0,1,1,0,0,0,0,0,7,3,5,60,1,3,33.3,0,0,0,1,1,2,2,0,0,1,2,3.0,4.9,166.7,142,24.7,142,166.7,-24.7,-2,0,0,0,0,0,0,0,0,0,0,0,0,0,0,0,0,0,0,0,0,0,0,0,0,0,0,0,0,0,0,0,0
Rahoveci 029,"A. Thomas, F. Rugova, J. Mccormick, N. Mccloud, V. Ejupi",Vëllaznimi,"A. Gordon, A. Koshi, D. Wilson, J. Hellems, S. Zekiqi",1,121,2.0,4.0,4,2,4,50,0,1,0,0,0,0,0,1,1,2,0,0,0,0,5,2,3,66.7,1,1,100,0,0,0,0,2,2,0,0,0,1,0,4.0,4.0,100,125,-25,125,100,25,-1,0,0,0,0,0,0,0,0,0,0,0,0,0,0,0,0,0,0,0,0,0,0,0,0,0,0,0,0,0,0,0,0
Trepça,"A. Vining, D. Hajrizi, K. Hasbrouck, M. Tmusic, S. Jones",Rahoveci 029,"B. Rexha, F. Rugova, J. Mccorrmick, K. Pullian, N. Mcloud",1,120,2.0,4.0,2,1,4,25,0,2,0,0,0,0,0,2,2,0,0,1,0,2,4,2,5,40,0,1,0,0,0,0,1,3,4,1,0,0,0,0,4.0,3.9,50,101.8,-51.8,101.8,50,51.8,-2,0,0,0,0,0,0,0,0,0,0,0,0,0,0,0,0,0,0,0,0,0,0,0,0,0,0,0,0,0,0,0,0
Bora,"A. Hot, J. Zeqiri, R. Memedi, S. Jules, T. Cheese",Bashkimi,"I. Nwamu, K. Wooten, L. Zeqiri, S. Shorter, V. Bunjaku",1,103,1.7,4.0,5,2,3,66.7,1,1,100,0,0,0,0,2,2,2,0,0,0,0,2,1,3,33.3,0,0,0,0,0,0,0,1,1,1,0,0,2,2,3.0,5.0,166.7,40,126.7,40,166.7,-126.7,3,0,0,0,0,0,0,0,0,0,0,0,0,0,0,0,0,0,0,0,0,0,0,0,0,0,0,0,0,0,0,0,0
Rahoveci 029,"B. Rexha, F. Rugova, J. Mccormick, K. Pullian, N. Mcleod",Golden Eagle Ylli,"A. Scott, D. Thomas, E. Kastrati, S. Bamforth, T. Smith",1,157,2.6,4.0,8,2,3,66.7,2,2,100,2,2,100,1,2,3,2,0,0,1,1,0,0,3,0,0,3,0,0,2,0,2,0,2,0,1,0,2,2,3.8,4.3,210,0,210,0,210,-210,8,0,0,0,0,0,0,0,0,0,0,0,0,0,0,0,0,0,0,0,0,0,0,0,0,0,0,0,0,0,0,0,0
GO+Peja,"A. Hajdari, C. Edwards, F. Shoshaj, L. Routt, O. Williams",Vëllaznimi,"A. Gordon, D. Wilson, J. Hellems, R. Dahsyla, S. Zekiqi",1,122,2.0,4.0,5,2,3,66.7,1,2,50,0,0,0,0,1,1,1,0,0,0,0,5,2,3,66.7,1,1,100,0,0,0,0,1,1,0,0,0,2,2,3.0,5.0,166.7,100,66.7,100,166.7,-66.7,0,0,0,0,0,0,0,0,0,0,0,0,0,0,0,0,0,0,0,0,0,0,0,0,0,0,0,0,0,0,0,0,0
Trepça,"A. Vining, B. Tuna, M. Amzil, S. Henry, S. Jones",Vëllaznimi,"A. Rushiti, D. Wilson, J. Hellems, R. Dahsyla, Y. Anei",1,116,1.9,4.0,5,2,6,33.3,0,2,0,1,1,100,4,1,5,1,0,0,3,2,2,0,1,0,0,0,0,2,2,100,0,0,0,0,1,1,1,2,5.2,2.9,96.9,69.4,27.5,69.4,96.9,-27.5,3,0,0,0,0,0,0,0,0,0,0,0,0,0,0,0,0,0,0,0,0,0,0,0,0,0,0,0,0,0,0,0,0
Bashkimi,"I. Nwamu, J. Riley, K. Wooten, M. Ismaili, V. Bunjaku",Trepça,"D. Hajrizi, D. Kapiti, J. Payne, K. Hasbrouck, S. Henry",1,152,2.5,4.0,4,2,3,66.7,0,1,0,0,0,0,0,0,0,0,1,0,1,1,8,3,3,100,2,2,100,0,0,0,0,1,1,1,1,0,1,1,4.0,4.0,100,200,-100,200,100,100,-4,0,0,0,0,0,0,0,0,0,0,0,0,0,0,0,0,0,0,0,0,0,0,0,0,0,0,0,0,0,0,0,0
Vëllaznimi,"A. Koshi, J. Hellems, S. Zekiqi, T. Todd, Y. Anei",Golden Eagle Ylli,"A. Çallakaj, G. Morina, J. Gray, L. Shoshi, S. Bamforth",1,122,2.0,4.0,6,3,5,60,0,1,0,0,0,0,1,1,2,1,1,0,0,0,5,2,3,66.7,1,2,50,0,0,0,0,1,1,1,0,0,1,2,3.9,4.0,152.7,125,27.7,125,152.7,-27.7,1,0,0,0,0,0,0,0,0,0,0,0,0,0,0,0,0,0,0,0,0,0,0,0,0,0,0,0,0,0,0,0,0
Vëllaznimi,"A. Bedra, A. Koshi, E. Cingu, J. Ismajli, Z. Ried",Bashkimi,"A. Morina, D. Lake, J. Bailey, J. Palokaj, V. Bunjaku",1,129,2.1,3.9,4,2,2,100,0,0,0,0,2,0,0,2,2,0,0,0,1,0,2,1,3,33.3,0,0,0,0,0,0,0,1,1,1,0,0,1,1,3.9,4.0,103.1,50,53.1,50,103.1,-53.1,2,0,0,0,0,0,0,0,0,0,0,0,0,0,0,0,0,0,0,0,0,0,0,0,0,0,0,0,0,0,0,0,0
Trepça,"B. Tuna, C. Brown, C. Russell, J. Payne, S. Jones",GO+ Peja,"A. Herndon, D. Berisha, J. Johnson, M. Mala, T. Green",1,100,1.7,3.9,5,2,5,40,1,3,33.3,0,0,0,1,1,2,0,1,1,0,0,3,1,3,33.3,1,2,50,0,0,0,1,2,3,1,0,0,2,0,3.9,3.9,127.2,76.3,50.9,76.3,127.2,-50.9,2,0,0,0,0,0,0,0,0,0,0,0,0,0,0,0,0,0,0,0,0,0,0,0,0,0,0,0,0,0,0,0,0
Bora,"A. Mekic, G. Singleton, J. Zeqiri, R. Memedi, S. Jules",Rahoveci 029,"B. Rexha, F. Rugova, I. Umipig, K. Pullian, P. Weeks",1,98,1.6,3.9,3,1,3,33.3,0,1,0,1,2,50,0,1,1,1,0,1,0,1,5,2,3,66.7,0,0,0,1,2,50,0,3,3,2,0,1,0,1,3.9,3.9,77.3,128.9,-51.5,128.9,77.3,51.5,-2,0,0,0,0,0,0,0,0,0,0,0,0,0,0,0,0,0,0,0,0,0,0,0,0,0,0,0,0,0,0,0,0
Bashkimi,"I. Cousins, J. Palokaj, K. Anderson, L. Zeqiri, T. Bickerstaff",Rahoveci 029,"A. Berisha, E. Ross, F. Rugova, I. Umipig, P. Weekes",1,127,2.1,3.9,5,2,5,40,0,1,0,1,1,100,1,0,1,0,0,0,0,0,8,3,3,100,2,2,100,0,0,0,0,1,1,1,0,0,1,1,3.8,4.0,130.4,200,-69.6,200,130.4,69.6,-3,0,0,0,0,0,0,0,0,0,0,0,0,0,0,0,0,0,0,0,0,0,0,0,0,0,0,0,0,0,0,0,0
GO+Peja,"A. Herndon, D. Berisha, J. Johnson, M. Mala, T. Green",Golden Eagle Ylli,"A. Çallakaj, J. Reece, L. Shoshi, L. Thomas, T. Allen",1,146,2.4,3.9,7,3,5,60,1,3,33.3,0,0,0,1,3,4,2,0,0,0,1,2,1,6,16.7,0,2,0,0,0,0,2,1,3,0,0,0,0,0,3.9,3.9,178.1,51.8,126.3,51.8,178.1,-126.3,5,0,0,0,0,0,0,0,0,0,0,0,0,0,0,0,0,0,0,0,0,0,0,0,0,0,0,0,0,0,0,0,0
GO+Peja,"A. Hajdari, C. Edwards, J. Johnson, M. Armstead, S. Flatten",Golden Eagle Ylli,"A. Çallakaj, B. Huffman, G. Morina, L. Thomas, T. Allen",1,103,1.7,3.9,2,1,4,25,0,3,0,0,0,0,0,1,1,1,1,0,0,1,3,1,2,50,0,0,0,1,2,50,0,3,3,1,0,0,1,1,4.0,3.9,50,77.3,-27.3,77.3,50,27.3,-1,0,0,0,0,0,0,0,0,0,0,0,0,0,0,0,0,0,0,0,0,0,0,0,0,0,0,0,0,0,0,0,0
Golden Eagle Ylli,"A. Çallakaj, G. Morina, J. Reece, L. Thomas, T. Allen",Vëllaznimi,"A. Koshi, J. Ismajli, L. Colimerio, M. Warrick, Z. Reid",1,125,2.1,3.9,7,3,4,75,1,2,50,0,0,0,0,2,2,1,1,0,0,1,1,0,2,0,0,2,0,1,2,50,0,1,1,0,0,0,1,1,4.0,3.9,175,25.8,149.2,25.8,175,-149.2,6,0,0,0,0,0,0,0,0,0,0,0,0,0,0,0,0,0,0,0,0,0,0,0,0,0,0,0,0,0,0,0,0
Vëllaznimi,"A. Koshi, M. Warrick, R. Dahsyla, Y. Anei, Z. Reid",Bora,"A. Mekic, G. Singleton, J. Zeqiri, O. Kurtaj, S. Jules",1,162,2.7,3.9,4,2,4,50,0,0,0,0,0,0,1,1,2,1,1,0,1,1,4,1,2,50,0,1,0,2,2,100,0,1,1,2,1,0,1,1,3.9,3.9,101.8,103.1,-1.3,103.1,101.8,1.3,0,0,0,0,0,0,0,0,0,0,0,0,0,0,0,0,0,0,0,0,0,0,0,0,0,0,0,0,0,0,0,0,0
Bora,"A. Hot, A. Mekic, G. Zeqiri, R. Memedi, S. Jules",Trepça,"A. Arslanagic, D. Kapiti, J. Payne, M. Amzil, M. Tmusic",1,157,2.6,3.9,4,2,4,50,0,0,0,0,0,0,1,1,2,0,0,0,1,1,6,2,3,66.7,0,0,0,2,2,100,0,1,1,2,1,1,0,3,3.9,3.9,101.8,154.6,-52.9,154.6,101.8,52.9,-2,0,0,0,0,0,0,0,0,0,0,0,0,0,0,0,0,0,0,0,0,0,0,0,0,0,0,0,0,0,0,0,0
Rahoveci 029,"E. Peci, F. Rugova, I. Umipig, K. Pullian, P. Weekes",Vëllaznimi,"A. Koshi, L. Colimerio, M. Warrick, R. Dahsyla, Y. Anei",1,101,1.7,3.9,5,2,4,50,1,1,100,0,0,0,0,1,1,0,1,0,0,1,4,1,2,50,0,0,0,2,2,100,0,2,2,1,0,1,1,0,4.0,3.9,125,103.1,21.9,103.1,125,-21.9,1,0,0,0,0,0,0,0,0,0,0,0,0,0,0,0,0,0,0,0,0,0,0,0,0,0,0,0,0,0,0,0,0
Sigal Prishtina,"A. Bailey, D. Burns, D. Lekndreaj, D. Polloshka, K. Kramer",GO+Peja,"C. Edwards, D. Berisha, M. Armstead, S. Flatten, T. Green",1,131,2.2,3.9,4,1,3,33.3,0,1,0,2,2,100,0,1,1,1,0,1,0,1,7,3,5,60,1,2,50,0,0,0,1,2,3,2,0,0,0,1,3.9,3.9,103.1,178.1,-75,178.1,103.1,75,-3,0,0,0,0,0,0,0,0,0,0,0,0,0,0,0,0,0,0,0,0,0,0,0,0,0,0,0,0,0,0,0,0
Bashkimi,"J. Bailey, J. Palokaj, K. Anderson, M. Janjeva, T. Bickerstaff",GO+Peja,"A. Hajdari, C. Edwards, M. Armstead, S. Flatten, T. Green",1,92,1.5,3.9,5,2,3,66.7,1,1,100,0,1,0,0,2,2,1,0,0,0,0,3,0,2,0,0,1,0,3,3,100,0,2,2,1,0,0,1,2,3.4,4.3,145.3,69.4,75.9,69.4,145.3,-75.9,2,0,0,0,0,0,0,0,0,0,0,0,0,0,0,0,0,0,0,0,0,0,0,0,0,0,0,0,0,0,0,0,0
Vëllaznimi,"A. Koshi, L. Colimerio, M. Warrick, R. Dahsyla, Z. Ride",Sigal Prishtina,"A. Azemi, A. Bailey, D. Burns, D. Haxhosaj, D. Polloshka",1,157,2.6,3.9,6,2,2,100,1,1,100,1,2,50,0,1,1,3,0,1,1,2,7,1,5,20,0,1,0,5,5,100,3,1,4,0,0,0,0,1,3.9,4.0,154.6,175.4,-20.8,175.4,154.6,20.8,-1,0,0,0,0,0,0,0,0,0,0,0,0,0,0,0,0,0,0,0,0,0,0,0,0,0,0,0,0,0,0,0,0
Trepça,"A. Arslanagic, B. Tuna, C. Brown, M. Amzil, M. Tmusic",Rahoveci 029,"E. Peci, F. Rugova, I. Umipig, J. Roche, K. Pullian",1,62,1.0,3.9,2,1,1,100,0,0,0,0,0,0,0,1,1,1,1,0,3,0,3,1,3,33.3,0,1,0,1,2,50,1,0,1,0,2,0,1,0,4.0,3.8,50,78.7,-28.7,78.7,50,28.7,-1,0,0,0,0,0,0,0,0,0,0,0,0,0,0,0,0,0,0,0,0,0,0,0,0,0,0,0,0,0,0,0,0
Trepça,"B. Zekiqi, D. Kapiti, J. Payne, M. Amzil, M. Tmusic",Rahoveci 029,"B. Rexha, E. Peci, I. Umipig, J. Roche, K. Pullian",1,105,1.8,3.9,2,1,2,50,0,1,0,0,0,0,0,1,1,0,0,0,2,0,7,2,3,66.7,1,2,50,2,2,100,0,0,0,0,1,0,0,0,4.0,3.9,50,180.4,-130.4,180.4,50,130.4,-5,0,0,0,0,0,0,0,0,0,0,0,0,0,0,0,0,0,0,0,0,0,0,0,0,0,0,0,0,0,0,0,0
Bora,"G. Singleton, G. Zeqiri, J. Zeqiri, T. Chese, T. Jackson",Bashkimi,"J. Baily, J. Palokaj, M. Janjeva, T. Bickerstaff, V. Bunjaku",1,83,1.4,3.9,5,2,3,66.7,1,2,50,0,0,0,0,1,1,2,2,0,1,2,3,0,0,0,0,0,0,3,4,75,0,0,0,0,1,0,2,0,4.0,3.8,125,79.8,45.2,79.8,125,-45.2,2,0,0,0,0,0,0,0,0,0,0,0,0,0,0,0,0,0,0,0,0,0,0,0,0,0,0,0,0,0,0,0,0
Bora,"A. Hot, A. Mekic, G. Zeqiri, T. Chese, T. Jackson",Bashkimi,"J. Baily, J. Palokaj, K. Anderson, M. Janjeva, T. Bickerstaff",1,119,2.0,3.9,4,2,4,50,0,1,0,0,0,0,0,2,2,1,0,0,0,1,4,1,3,33.3,0,1,0,2,2,100,0,2,2,2,0,0,0,1,4.0,3.9,100,103.1,-3.1,103.1,100,3.1,0,0,0,0,0,0,0,0,0,0,0,0,0,0,0,0,0,0,0,0,0,0,0,0,0,0,0,0,0,0,0,0,0
GO+Peja,"A. Hajdari, C. Edwards, M. Armstead, S. Flatten, T. Green",Vëllaznimi,"J. Ismajli, M. Warrick, R. Dahsyla, Y. Anei, Z. Reid",1,151,2.5,3.9,8,3,4,75,2,3,66.7,0,0,0,0,0,0,3,0,0,0,1,7,3,5,60,1,1,100,0,0,0,2,1,3,1,0,0,1,0,4.0,3.9,200,181.3,18.7,181.3,200,-18.7,1,0,0,0,0,0,0,0,0,0,0,0,0,0,0,0,0,0,0,0,0,0,0,0,0,0,0,0,0,0,0,0,0
Bashkimi,"I. Cousins, K. Anderson, L. Zeqiri, T. Bickerstaff, V. Bunjaku",Vëllaznimi,"A. Koshi, J. Hellems, L. Colimerio, R. Dahsyla, Z. Reid",1,119,2.0,3.9,2,1,2,50,0,1,0,0,0,0,0,1,1,1,1,0,1,3,2,1,4,25,0,0,0,0,0,0,2,1,3,0,0,0,3,1,3.0,4.9,66.7,41.2,25.5,41.2,66.7,-25.5,0,0,0,0,0,0,0,0,0,0,0,0,0,0,0,0,0,0,0,0,0,0,0,0,0,0,0,0,0,0,0,0,0
Trepça,"B. Tuna, C. Brown, D. Kapiti, J. Payne, S. Henry",Vëllaznimi,"L. Colimerio, M. Warrick, R. Dahsyla, S. Zekiqi, Z. Reid",1,151,2.5,3.9,8,3,5,60,2,4,50,0,0,0,1,2,3,2,0,0,0,2,4,1,3,33.3,0,2,0,2,2,100,0,1,1,0,0,0,0,0,3.9,3.9,203.6,103.1,100.5,103.1,203.6,-100.5,4,0,0,0,0,0,0,0,0,0,0,0,0,0,0,0,0,0,0,0,0,0,0,0,0,0,0,0,0,0,0,0,0
Sigal Prishtina,"A. Azemi, A. Bailey, D. Burns, D. Polloshka, K. Kramer",Rahoveci 029,"A. Patty, B. Rexha, F. Rugova, I. Umipig, J. Roche",1,118,2.0,3.9,5,2,5,40,1,2,50,0,0,0,1,1,2,1,1,0,0,0,3,1,1,100,0,0,0,1,2,50,0,2,2,1,0,1,2,0,3.9,3.9,127.2,77.3,49.9,77.3,127.2,-49.9,2,0,0,0,0,0,0,0,0,0,0,0,0,0,0,0,0,0,0,0,0,0,0,0,0,0,0,0,0,0,0,0,0
Sigal Prishtina,"A. Bailey, D. Burns, D. Haxhosaj, D. Polloshka, T. Vissariou",Bashkimi,"D. Lake, I. Nwamu, K. Anderson, L. Zeqiri, M. Ismaili",1,120,2.0,3.9,7,2,3,66.7,2,3,66.7,1,2,50,0,2,2,1,1,0,0,1,3,1,3,33.3,1,2,50,0,0,0,0,1,1,0,0,0,1,0,3.9,4.0,180.4,75,105.4,75,180.4,-105.4,4,0,0,0,0,0,0,0,0,0,0,0,0,0,0,0,0,0,0,0,0,0,0,0,0,0,0,0,0,0,0,0,0
Trepça,"A. Arslanagic, D. Kapiti, K. Hasbrouck, M. Amzil, M. Tmusic",Bora,"A. Hot, A. Mekic, R. Memedi, S. Jules, T. Cheese",1,111,1.9,3.9,1,0,2,0,0,2,0,1,2,50,0,2,2,1,0,0,1,0,5,2,4,50,1,2,50,0,0,0,0,2,2,1,1,0,0,1,3.9,4.0,25.8,125,-99.2,125,25.8,99.2,-4,0,0,0,0,0,0,0,0,0,0,0,0,0,0,0,0,0,0,0,0,0,0,0,0,0,0,0,0,0,0,0,0
Trepça,"J. Payne, M. Amzil, M. Tmusic, S. Henry, S. Jones",Bora,"A. Hunter, G. Zeqiri, J. Zeqiri, S. Jules, T. Cheese",1,91,1.5,3.9,4,1,1,100,0,0,0,2,4,50,0,1,1,1,1,0,2,1,3,1,2,50,1,1,100,0,0,0,0,0,0,1,0,0,1,2,4.8,3.0,84,100,-16,100,84,16,1,0,0,0,0,0,0,0,0,0,0,0,0,0,0,0,0,0,0,0,0,0,0,0,0,0,0,0,0,0,0,0,0
Vëllaznimi,"A. Gordon, A. Koshi, J. Hellems, R. Dahsyla, T. Todd",Rahoveci 029,"A. Patty, B. Rexha, J. Roche, K. Pullian, V. Ejupi",1,114,1.9,3.9,2,0,2,0,0,0,0,2,2,100,1,1,2,0,0,0,3,1,4,2,3,66.7,0,0,0,0,0,0,0,1,1,2,0,1,0,1,4.8,3.0,41.6,133.3,-91.8,133.3,41.6,91.8,-2,0,0,0,0,0,0,0,0,0,0,0,0,0,0,0,0,0,0,0,0,0,0,0,0,0,0,0,0,0,0,0,0
Sigal Prishtina,"A. Azemi, A. Bailey, A. Morina, D. Haxhosaj, T. Vissariou",Vëllaznimi,"A. Gordon, A. Koshi, J. Hellems, S. Zekiqi, T. Todd",1,124,2.1,3.9,2,1,4,25,0,2,0,0,0,0,1,1,2,0,0,0,1,2,3,1,2,50,0,0,0,1,2,50,0,2,2,1,0,0,1,0,3.9,3.9,50.9,77.3,-26.4,77.3,50.9,26.4,-1,0,0,0,0,0,0,0,0,0,0,0,0,0,0,0,0,0,0,0,0,0,0,0,0,0,0,0,0,0,0,0,0
Bora,"A. Hot, A. Mekic, C. Payton, R. Memedi, T. Cheese",Golden Eagle Ylli,"A. Scott, B. Huffman, E. Kastrati, G. Morina, T. Allen",1,120,2.0,3.9,3,1,3,33.3,1,3,33.3,0,0,0,0,2,2,1,0,0,1,2,6,2,3,66.7,1,1,100,1,2,50,0,2,2,0,1,0,0,0,4.0,3.9,75,154.6,-79.6,154.6,75,79.6,-3,0,0,0,0,0,0,0,0,0,0,0,0,0,0,0,0,0,0,0,0,0,0,0,0,0,0,0,0,0,0,0,0
Bora,"A. Hot, A. Hunter, C. Payton, R. Memedi, T. Cheese",Golden Eagle Ylli,"A. Scott, B. Huffman, E. Kastrati, G. Morina, T. Allen",1,138,2.3,3.9,4,1,3,33.3,0,1,0,2,2,100,0,2,2,1,1,0,0,1,3,1,3,33.3,1,2,50,0,0,0,0,2,2,1,0,0,1,1,3.9,4.0,103.1,75,28.1,75,103.1,-28.1,1,0,0,0,0,0,0,0,0,0,0,0,0,0,0,0,0,0,0,0,0,0,0,0,0,0,0,0,0,0,0,0,0
Bashkimi,"I. Cousins, M. Ismaili, M. Janjeva, S. Shorter, T. Bickerstaff",Bora,"A. Hunter, L. Thomas, R. Memedi, R. Ukaj, T. Cheese",1,142,2.4,3.9,3,1,3,33.3,1,2,50,0,0,0,0,1,1,1,0,0,0,0,10,3,4,75,2,2,100,2,2,100,0,2,2,2,0,0,0,2,3.0,4.9,100,204.9,-104.9,204.9,100,104.9,-7,0,0,0,0,0,0,0,0,0,0,0,0,0,0,0,0,0,0,0,0,0,0,0,0,0,0,0,0,0,0,0,0
Bashkimi,"I. Cousins, L. Zeqiri, S. Shorter, T. Bickerstaff, V. Bunajku",Bora,"A. Hot, A. Hunter, L. Thomas, R. Memedi, T. Cheese",1,100,1.7,3.9,3,1,1,100,1,1,100,0,0,0,0,1,1,1,1,0,2,2,4,1,2,50,1,1,100,1,2,50,1,0,1,1,0,0,2,1,3.0,4.3,100,92.1,7.9,92.1,100,-7.9,-1,0,0,0,0,0,0,0,0,0,0,0,0,0,0,0,0,0,0,0,0,0,0,0,0,0,0,0,0,0,0,0,0
Vëllaznimi,"A. Rushiti, J. Hellems, S. Zekiqi, Y. Anei, Z. Reid",Peja,"A. Hajdari, C. Edwards, D. Morris, F. Shoshaj, T. Green",1,163,2.7,3.9,8,3,5,60,0,1,0,2,2,100,1,1,2,1,0,0,0,1,6,2,3,66.7,2,3,66.7,0,0,0,0,1,1,2,0,0,0,1,4.8,3.0,166.3,200,-33.7,200,166.3,33.7,2,0,0,0,0,0,0,0,0,0,0,0,0,0,0,0,0,0,0,0,0,0,0,0,0,0,0,0,0,0,0,0,0
Vëllaznimi,"A. Koshi, D. Wilson, S. Zekiqi, T. Todd, Y. Anei",Bashkimi,"D. Lake, I. Cousins, L. Zeqiri, M. Armstead, S. Shorter",1,107,1.8,3.9,0,0,1,0,0,1,0,0,0,0,0,1,1,0,0,0,2,1,7,2,3,66.7,1,2,50,2,2,100,0,1,1,0,0,0,1,1,3.0,4.9,0,143.4,-143.4,143.4,0,143.4,-7,0,0,0,0,0,0,0,0,0,0,0,0,0,0,0,0,0,0,0,0,0,0,0,0,0,0,0,0,0,0,0,0
Trepça,"B. Tuna, K. Hasbrouck, M. Amzil, M. Tmusic, S. Jones",GO+Peja,"A. Hajdari, A. Herndon, J. Johnson, M. Mala, O. Williams",1,96,1.6,3.9,8,3,3,100,1,1,100,1,2,50,0,0,0,3,2,0,0,0,5,1,1,100,1,1,100,2,2,100,0,1,1,2,0,0,2,1,3.9,3.9,206.2,128.9,77.3,128.9,206.2,-77.3,3,0,0,0,0,0,0,0,0,0,0,0,0,0,0,0,0,0,0,0,0,0,0,0,0,0,0,0,0,0,0,0,0
Bora,"A. Hot, A. Hunter, L. Thomas, R. Ukaj, T. Cheese",Rahoveci 029,"A. Thomas, F. Rugova, J. Johnson, K. Pullian, V. Ejupi",1,117,1.9,3.9,2,0,3,0,0,2,0,2,2,100,0,1,1,0,1,0,0,0,2,1,2,50,0,0,0,0,0,0,0,3,3,1,0,1,2,2,3.9,4.0,51.5,50,1.5,50,51.5,-1.5,0,0,0,0,0,0,0,0,0,0,0,0,0,0,0,0,0,0,0,0,0,0,0,0,0,0,0,0,0,0,0,0,0
Bashkimi,"I. Cousins, I. Nwamu, M. Armstead, M. Janjeva, T. Bickerstaff",Rahoveci 029,"A. Thomas, F. Rugova, H. Durguti, J. Johnson, K. Pullian",1,95,1.6,3.9,0,0,1,0,0,0,0,0,0,0,0,1,1,0,0,0,3,1,4,1,2,50,0,1,0,2,2,100,0,1,1,0,2,0,1,0,4.0,3.9,0,103.1,-103.1,103.1,0,103.1,-4,0,0,0,0,0,0,0,0,0,0,0,0,0,0,0,0,0,0,0,0,0,0,0,0,0,0,0,0,0,0,0,0
Bashkimi,"D. Lake, I. Cousins, M. Armstead, M. Janjeva, S. Shorter",Sigal Prishtina,"A. Morina, D. Polloshka, E. Clarance, K. Dukes, K. Kramer",1,157,2.6,3.9,7,3,5,60,1,2,50,0,0,0,1,1,2,2,1,0,0,2,4,1,2,50,0,1,0,2,2,100,0,1,1,1,0,0,1,2,3.9,3.9,178.1,103.1,75,103.1,178.1,-75,3,0,0,0,0,0,0,0,0,0,0,0,0,0,0,0,0,0,0,0,0,0,0,0,0,0,0,0,0,0,0,0,0
Trepça,"A. Vining, D. Kapiti, K. Hasbrouck, M. Tmusic, S. Jones",Golden Eagle Ylli,"A. Scott, A. Çallakaj, G. Morina, L. Shoshi, S. Bamforth",1,115,1.9,3.9,2,0,2,0,0,2,0,2,2,100,1,1,2,1,1,0,2,0,4,2,3,66.7,0,0,0,0,0,0,0,1,1,1,0,0,1,1,3.8,4.0,52.5,100,-47.5,100,52.5,47.5,-2,0,0,0,0,0,0,0,0,0,0,0,0,0,0,0,0,0,0,0,0,0,0,0,0,0,0,0,0,0,0,0,0
Golden Eagle Ylli,"D. Conger, E. Kastrati, G. Morina, J. Gray, L. Shoshi",Bashkimi,"K. Wooten, L. Zeqiri, M. Armstead, M. Ismaili, S. Shorter",1,115,1.9,3.9,1,0,2,0,0,2,0,1,2,50,0,2,2,1,0,0,1,1,5,2,3,66.7,1,2,50,0,2,0,0,3,3,1,0,0,0,2,3.9,3.9,25.8,128.9,-103.1,128.9,25.8,103.1,-4,0,0,0,0,0,0,0,0,0,0,0,0,0,0,0,0,0,0,0,0,0,0,0,0,0,0,0,0,0,0,0,0
Sigal Prishtina,"A. Bailey, A. Morina, E. Clarance, K. Dukes, V. Kakruki",GO+Peja,"A. Hajdari, C. Edwards, L. Routt, M. Mala, O. Williams",1,158,2.6,3.9,10,4,5,80,2,3,66.7,0,0,0,1,3,4,3,1,0,0,1,0,0,5,0,0,2,0,0,0,0,2,0,2,0,0,0,1,0,3.9,3.9,254.5,0,254.5,0,254.5,-254.5,10,0,0,0,0,0,0,0,0,0,0,0,0,0,0,0,0,0,0,0,0,0,0,0,0,0,0,0,0,0,0,0,0
Sigal Prishtina,"A. Bailey, A. Morina, D. Polloshka, K. Dukes, K. Kramer",GO+Peja,"A. Hajdari, C. Edwards, M. Mala, O. Williams, T. Green",1,145,2.4,3.9,5,2,5,40,1,3,33.3,0,0,0,2,0,2,2,1,0,1,1,7,3,4,75,1,1,100,0,0,0,1,1,2,1,1,0,1,1,3.9,3.9,129.5,178.1,-48.6,178.1,129.5,48.6,-2,0,0,0,0,0,0,0,0,0,0,0,0,0,0,0,0,0,0,0,0,0,0,0,0,0,0,0,0,0,0,0,0
Vëllaznimi,"A. Koshi, D. Wilson, J. Hellems, R. Dahsyla, Y. Anei",Sigal Prishtina,"A. Bailey, A. Sinani, D. Polloshka, E. Clarance, V. Kakruki",1,140,2.3,3.9,4,2,5,40,0,2,0,0,0,0,1,3,4,1,1,1,0,3,1,0,2,0,0,1,0,1,2,50,0,2,2,0,0,0,1,0,3.9,3.9,101.8,25.8,76,25.8,101.8,-76,3,0,0,0,0,0,0,0,0,0,0,0,0,0,0,0,0,0,0,0,0,0,0,0,0,0,0,0,0,0,0,0,0
Trepça,"A. Vining, D. Hajrizi, J. Payne, S. Henry, S. Jones",Rahoveci 029,"B. Rexha, F. Rugova, J. Mccorrmick, K. Pullian, N. Mcloud",1,130,2.2,3.9,5,2,4,50,1,2,50,0,0,0,1,2,3,1,0,0,1,1,4,1,4,25,0,1,0,2,2,100,1,1,2,0,1,0,0,2,3.9,3.8,127.2,105,22.2,105,127.2,-22.2,1,0,0,0,0,0,0,0,0,0,0,0,0,0,0,0,0,0,0,0,0,0,0,0,0,0,0,0,0,0,0,0,0
Sigal Prishtina,"A. Bailey, A. Morina, D. Burns, E. Clarance, V. Kakruki",Golden Eagle Ylli,"D. Sabeckis, D. Thomas, E. Kastrati, S. Bamforth, T. Smith",1,132,2.2,3.9,9,4,6,66.7,1,2,50,0,0,0,2,2,4,4,0,0,0,0,5,1,3,33.3,1,2,50,2,2,100,0,0,0,1,0,1,0,0,3.9,3.9,233.2,128.9,104.3,128.9,233.2,-104.3,4,0,0,0,0,0,0,0,0,0,0,0,0,0,0,0,0,0,0,0,0,0,0,0,0,0,0,0,0,0,0,0,0
Rahoveci 029,"H. Durguti, J. Mccorrmick, K. Pullian, K. Ujkani, N. Mcloud",Bashkimi,"K. Anderson, K. Wooten, L. Zeqiri, S. Shorter, V. Bunjaku",1,133,2.2,3.9,4,2,5,40,0,1,0,0,0,0,1,1,2,0,0,1,0,0,5,2,4,50,1,1,100,0,0,0,1,2,3,1,0,0,1,0,3.9,3.9,101.8,127.2,-25.4,127.2,101.8,25.4,-1,0,0,0,0,0,0,0,0,0,0,0,0,0,0,0,0,0,0,0,0,0,0,0,0,0,0,0,0,0,0,0,0
Bora,"C. Bragg Jr, J. Dingle, R. Memedi, R. Ukaj, T. Cheese",Sigal Prishtina,"A. Bailey, A. Lomax, A. Morina, D. Burns, V. Kakruki",1,110,1.8,3.9,2,0,1,0,0,1,0,2,2,100,0,2,2,1,0,0,2,0,6,2,4,50,2,3,66.7,0,0,0,0,1,1,2,0,0,0,1,3.9,4.0,51.5,150,-98.5,150,51.5,98.5,-4,0,0,0,0,0,0,0,0,0,0,0,0,0,0,0,0,0,0,0,0,0,0,0,0,0,0,0,0,0,0,0,0
Bora,"A. Hunter, C. Bragg Jr, J. Zeqiri, R. Memedi, R. Ukaj",Sigal Prishtina,"A. Bailey, A. Lomax, A. Morina, D. Burns, V. Kakruki",1,102,1.7,3.9,5,2,4,50,1,3,33.3,0,0,0,0,2,2,1,0,0,0,1,5,2,3,66.7,1,2,50,0,2,0,0,2,2,1,0,0,0,1,4.0,3.9,125,128.9,-3.9,128.9,125,3.9,0,0,0,0,0,0,0,0,0,0,0,0,0,0,0,0,0,0,0,0,0,0,0,0,0,0,0,0,0,0,0,0,0
Bashkimi,"D. Lake, I. Nwamu, M. Armstead, M. Ismaili, S. Shorter",Trepça,"B. Tuna, J. Payne, M. Amzil, M. Tmusic, S. Henry",1,135,2.2,3.9,5,2,3,66.7,1,2,50,0,0,0,0,1,1,2,0,0,1,2,7,3,3,100,1,1,100,0,2,0,0,1,1,0,1,0,0,0,4.0,3.9,125,180.4,-55.4,180.4,125,55.4,-2,0,0,0,0,0,0,0,0,0,0,0,0,0,0,0,0,0,0,0,0,0,0,0,0,0,0,0,0,0,0,0,0
Sigal Prishtina,"A. Bailey, A. Morina, D. Burns, E. Clarance, V. Kakruki",Rahoveci 029,"A. Berisha, A. Thomas, B. Rexha, J. Mccorrmick, N. Mcloud",1,166,2.8,3.9,3,1,5,20,1,2,50,0,0,0,2,1,3,1,0,0,1,0,7,3,5,60,1,2,50,0,0,0,1,2,3,3,0,0,0,2,3.9,3.9,77.7,178.1,-100.4,178.1,77.7,100.4,-4,0,0,0,0,0,0,0,0,0,0,0,0,0,0,0,0,0,0,0,0,0,0,0,0,0,0,0,0,0,0,0,0
Sigal Prishtina,"A. Bailey, A. Lomax, A. Morina, D. Haxhosaj, E. Clarance",Rahoveci 029,"A. Thomas, B. Rexha, F. Rugova, J. Mccorrmick, N. Mcloud",1,109,1.8,3.9,4,2,4,50,0,1,0,0,0,0,1,0,1,0,0,1,1,1,6,3,5,60,0,1,0,0,0,0,1,1,2,1,1,0,1,0,3.9,3.9,101.8,155.4,-53.7,155.4,101.8,53.7,-2,0,0,0,0,0,0,0,0,0,0,0,0,0,0,0,0,0,0,0,0,0,0,0,0,0,0,0,0,0,0,0,0
Golden Eagle Ylli,"E. Kastrati, J. Reece, L. Basic, L. Shoshi, T. Allen",Sigal Prishtina,"A. Azemi, A. Bailey, D. Polloshka, L. Autrey, V. Kakruki",1,153,2.5,3.8,7,3,5,60,0,1,0,1,2,50,1,0,1,3,1,0,0,3,3,1,1,100,0,0,0,1,2,50,0,1,1,0,0,0,1,0,4.8,2.9,145.5,104.2,41.4,104.2,145.5,-41.4,4,0,0,0,0,0,0,0,0,0,0,0,0,0,0,0,0,0,0,0,0,0,0,0,0,0,0,0,0,0,0,0,0
Rahoveci 029,"B. Rexha, I. Umipig, K. Pullian, P. Weekes, V. Ejupi",Sigal Prishtina,"A. Azemi, A. Bailey, D. Burns, D. Lekndreaj, K. Kramer",1,128,2.1,3.8,2,0,2,0,0,2,0,2,2,100,0,1,1,0,0,0,1,1,7,2,5,40,1,3,33.3,2,2,100,2,2,4,2,0,0,0,1,3.9,3.7,51.5,187.2,-135.6,187.2,51.5,135.6,-5,0,0,0,0,0,0,0,0,0,0,0,0,0,0,0,0,0,0,0,0,0,0,0,0,0,0,0,0,0,0,0,0
Golden Eagle Ylli,"A. Çallakaj, L. Basic, L. Shoshi, L. Thomas, T. Allen",Bashkimi,"A. Morina, D. Lake, I. Cousins, J. Bailey, J. Palokaj",1,121,2.0,3.8,5,1,4,25,1,4,25,2,2,100,1,2,3,1,0,0,1,0,2,1,5,20,0,2,0,0,0,0,2,2,4,0,1,0,0,1,4.8,2.9,104,69.9,34,69.9,104,-34,3,0,0,0,0,0,0,0,0,0,0,0,0,0,0,0,0,0,0,0,0,0,0,0,0,0,0,0,0,0,0,0,0
Trepça,"A. Arslanagic, C. Brown, D. Hajrizi, J. Payne, M. Tmusic",Rahoveci 029,"B. Rexha, E. Peci, I. Umipig, J. Roche, K. Pullian",1,104,1.7,3.8,7,3,4,75,0,0,0,1,2,50,1,3,4,2,0,0,0,0,2,0,3,0,0,1,0,2,2,100,0,0,0,0,0,0,0,1,3.8,3.9,183.7,51.5,132.2,51.5,183.7,-132.2,5,0,0,0,0,0,0,0,0,0,0,0,0,0,0,0,0,0,0,0,0,0,0,0,0,0,0,0,0,0,0,0,0
GO+Peja,"A. Hajdari, C. Edwards, D. Morris, M. Mala, S. Flatten",Vëllaznimi,"A. Koshi, J. Hellems, J. Ismajli, L. Colimerio, Z. Reid",1,103,1.7,3.8,7,2,3,66.7,1,1,100,2,2,100,1,1,2,1,0,1,0,0,4,1,2,50,0,0,0,2,2,100,0,0,0,0,0,0,2,3,2.8,4.9,249.1,82,167.1,82,249.1,-167.1,3,0,0,0,0,0,0,0,0,0,0,0,0,0,0,0,0,0,0,0,0,0,0,0,0,0,0,0,0,0,0,0,0
GO+Peja,"A. Hajdari, C. Edwards, M. Mala, S. Flatten, T. Green",Trepça,"A. Arslanagic, D. Kapiti, M. Amzil, M. Tmusic, S. Henry",1,97,1.6,3.8,3,1,2,50,0,0,0,1,2,50,1,1,2,0,0,0,2,1,3,1,2,50,1,1,100,0,2,0,0,0,0,1,0,0,1,1,3.8,3.9,78.7,77.3,1.4,77.3,78.7,-1.4,0,0,0,0,0,0,0,0,0,0,0,0,0,0,0,0,0,0,0,0,0,0,0,0,0,0,0,0,0,0,0,0,0
GO+Peja,"D. Berisha, J. Johnson, M. Mala, S. Flatten, T. Green",Trepça,"B. Tuna, C. Brown, D. Hajrizi, J. Payne, S. Henry",1,128,2.1,3.8,3,1,3,33.3,0,2,0,1,2,50,0,0,0,1,1,0,0,2,5,2,3,66.7,0,0,0,1,2,50,1,2,3,0,0,0,1,0,3.9,3.8,77.3,131.2,-53.9,131.2,77.3,53.9,-2,0,0,0,0,0,0,0,0,0,0,0,0,0,0,0,0,0,0,0,0,0,0,0,0,0,0,0,0,0,0,0,0
Sigal Prishtina,"A. Azemi, A. Bailey, D. Burns, D. Haxhosaj, T. Vissariou",Golden Eagle Ylli,"B. Huffman, E. Kastrati, G. Morina, L. Basic, T. Allen",1,118,2.0,3.8,0,0,3,0,0,2,0,0,0,0,1,2,3,0,0,0,2,1,2,1,3,33.3,0,0,0,0,1,0,1,2,3,1,1,0,1,0,3.9,3.7,0,53.7,-53.7,53.7,0,53.7,-2,0,0,0,0,0,0,0,0,0,0,0,0,0,0,0,0,0,0,0,0,0,0,0,0,0,0,0,0,0,0,0,0
Sigal Prishtina,"A. Azemi, A. Bailey, D. Polloshka, K. Kramer, L. Autrey",Golden Eagle Ylli,"A. Scott, A. Çallakaj, G. Morina, J. Reece, T. Allen",1,98,1.6,3.8,4,1,2,50,0,0,0,2,2,100,1,0,1,0,0,0,2,1,9,3,3,100,1,1,100,2,2,100,0,0,0,1,2,0,0,1,3.8,3.9,105,232,-127,232,105,127,-5,0,0,0,0,0,0,0,0,0,0,0,0,0,0,0,0,0,0,0,0,0,0,0,0,0,0,0,0,0,0,0,0
Rahoveci 029,"A. Berisha, A. Patty, E. Peci, F. Rugova, J. Roche",Bashkimi,"D. Lake, J. Baily, K. Anderson, L. Zeqiri, V. Bunjaku",1,146,2.4,3.8,2,1,3,33.3,0,1,0,0,0,0,0,4,4,0,0,0,1,0,0,0,5,0,0,4,0,0,1,0,2,2,4,0,0,0,0,0,4.0,3.7,50,0,50,0,50,-50,2,0,0,0,0,0,0,0,0,0,0,0,0,0,0,0,0,0,0,0,0,0,0,0,0,0,0,0,0,0,0,0,0
Bora,"A. Hunter, A. Mekic, C. Payton, G. Zeqiri, R. Ukaj",Sigal Prishtina,"A. Azemi, A. Bailey, D. Burns, D. Haxhosaj, D. Polloshka",1,125,2.1,3.8,3,1,3,33.3,0,1,0,1,4,25,2,2,4,0,0,0,0,0,6,1,3,33.3,1,2,50,3,3,100,0,1,1,1,0,0,0,3,3.3,4.3,90,138.9,-48.9,138.9,90,48.9,-3,0,0,0,0,0,0,0,0,0,0,0,0,0,0,0,0,0,0,0,0,0,0,0,0,0,0,0,0,0,0,0,0
Bashkimi,"D. Lake, K. Anderson, L. Zeqiri, M. Ismaili, T. Bickerstaff",Trepça,"D. Hajrizi, D. Kapiti, J. Payne, M. Tmusic, S. Henry",1,111,1.9,3.8,4,1,2,50,0,0,0,2,2,100,0,2,2,1,0,0,1,0,5,2,7,28.6,1,3,33.3,0,0,0,3,1,4,1,0,0,0,2,3.9,3.8,103.1,131.9,-28.8,131.9,103.1,28.8,-1,0,0,0,0,0,0,0,0,0,0,0,0,0,0,0,0,0,0,0,0,0,0,0,0,0,0,0,0,0,0,0,0
Golden Eagle Ylli,"A. Gashi, A. Shala, B. Huffman, G. Morina, J. Reece",Trepça,"A. Gashi, B. Zekiqi, J. Payne, M. Amzil, S. Jones",1,99,1.6,3.8,1,0,3,0,0,2,0,1,2,50,0,1,1,0,0,1,0,1,4,1,4,25,1,2,50,1,2,50,2,3,5,1,0,0,1,0,3.9,3.7,25.8,107,-81.2,107,25.8,81.2,-3,0,0,0,0,0,0,0,0,0,0,0,0,0,0,0,0,0,0,0,0,0,0,0,0,0,0,0,0,0,0,0,0
Trepça,"D. Kapiti, J. Payne, K. Hasbrouck, M. Tmusic, S. Henry",Bora,"A. Hot, A. Hunter, A. Mekic, R. Memedi, T. Cheese",1,108,1.8,3.8,1,0,2,0,0,0,0,1,4,25,0,1,1,0,0,0,0,0,6,3,5,60,0,1,0,0,0,0,1,3,4,2,0,0,0,2,3.8,3.9,26.6,152.7,-126.1,152.7,26.6,126.1,-5,0,0,0,0,0,0,0,0,0,0,0,0,0,0,0,0,0,0,0,0,0,0,0,0,0,0,0,0,0,0,0,0
Sigal Prishtina,"A. Azemi, A. Bailey, D. Burns, D. Polloshka, K. Kramer",Vëllaznimi,"A. Gordon, A. Koshi, J. Hellems, R. Dahsyla, Z. Reid",1,157,2.6,3.8,4,1,2,50,1,2,50,1,2,50,0,0,0,2,0,0,1,3,3,1,3,33.3,0,2,0,1,2,50,2,1,3,1,1,0,2,1,3.9,3.7,103.1,80.2,22.9,80.2,103.1,-22.9,1,0,0,0,0,0,0,0,0,0,0,0,0,0,0,0,0,0,0,0,0,0,0,0,0,0,0,0,0,0,0,0,0
Vëllaznimi,"A. Gordon, A. Rushiti, D. Wilson, J. Hellems, S. Zekiqi",Bashkimi,"D. Lake, I. Cousins, L. Zeqiri, M. Armstead, S. Shorter",1,125,2.1,3.8,7,3,4,75,1,2,50,0,0,0,1,1,2,1,0,0,1,3,5,1,2,50,0,1,0,3,4,75,0,0,0,0,0,0,0,0,3.9,3.8,178.1,133,45.1,133,178.1,-45.1,2,0,0,0,0,0,0,0,0,0,0,0,0,0,0,0,0,0,0,0,0,0,0,0,0,0,0,0,0,0,0,0,0
Trepça,"A. Vining, D. Kapiti, K. Hasbrouck, M. Tmusic, S. Jones",GO+Peja,"A. Herndon, J. Johnson, M. Mala, O. Williams, S. Llapi",1,106,1.8,3.8,3,0,2,0,0,1,0,3,4,75,0,2,2,1,1,0,0,0,2,1,4,25,0,1,0,0,0,0,1,3,4,0,0,1,1,2,3.8,3.9,79.8,50.9,28.9,50.9,79.8,-28.9,1,0,0,0,0,0,0,0,0,0,0,0,0,0,0,0,0,0,0,0,0,0,0,0,0,0,0,0,0,0,0,0,0
Trepça,"B. Tuna, D. Kapiti, J. Payne, M. Amzil, M. Tmusic",Golden Eagle Ylli,"A. Gashi, A. Scott, B. Huffman, L. Basic, S. Bamforth",1,147,2.5,3.8,6,2,3,66.7,0,0,0,2,2,100,0,0,0,1,0,1,0,0,10,4,7,57.1,2,3,66.7,0,0,0,3,0,3,2,0,0,0,1,3.9,3.8,154.6,263.9,-109.2,263.9,154.6,109.2,-4,0,0,0,0,0,0,0,0,0,0,0,0,0,0,0,0,0,0,0,0,0,0,0,0,0,0,0,0,0,0,0,0
Trepça,"A. Vining, B. Tuna, D. Hajrizi, K. Hasbrouck, S. Jones",Rahoveci 029,"B. Rexha, F. Rugova, J. Mccorrmick, K. Pullian, K. Ujkani",1,103,1.7,3.8,5,2,2,100,0,0,0,1,1,100,0,0,0,0,0,0,1,1,7,2,3,66.7,1,2,50,2,3,66.7,2,0,2,1,1,0,1,1,3.4,4.2,145.3,164.7,-19.4,164.7,145.3,19.4,-2,0,0,0,0,0,0,0,0,0,0,0,0,0,0,0,0,0,0,0,0,0,0,0,0,0,0,0,0,0,0,0,0
Bashkimi,"I. Nwamu, K. Wooten, M. Armstead, M. Janjeva, S. Shorter",Vëllaznimi,"A. Gordon, A. Koshi, J. Hellems, R. Dahsyla, Z. Reid",1,114,1.9,3.8,3,1,2,50,1,2,50,0,0,0,0,1,1,0,0,0,1,2,3,1,3,33.3,0,1,0,1,4,25,1,1,2,0,1,0,1,0,3.0,4.7,100,64,36,64,100,-36,0,0,0,0,0,0,0,0,0,0,0,0,0,0,0,0,0,0,0,0,0,0,0,0,0,0,0,0,0,0,0,0,0
Sigal Prishtina,"A. Bailey, A. Morina, D. Burns, E. Clarance, V. Kakruki",Rahoveci 029,"A. Thomas, F. Rugova, J. Mccorrmick, N. Mcloud, V. Ejupi",1,147,2.5,3.8,6,3,6,50,0,1,0,0,0,0,2,0,2,1,0,0,0,1,6,2,3,66.7,1,1,100,1,2,50,1,1,2,0,0,0,1,0,3.9,3.8,155.4,157.5,-2,157.5,155.4,2,0,0,0,0,0,0,0,0,0,0,0,0,0,0,0,0,0,0,0,0,0,0,0,0,0,0,0,0,0,0,0,0,0
Trepça,"A. Arslanagic, B. Tuna, C. Brown, C. Russell, S. Jones",GO+ Peja,"C. Edwards, D. Berisha, J. Johnson, M. Armstread, T. Green",1,114,1.9,3.7,0,0,2,0,0,0,0,0,0,0,0,3,3,0,0,0,1,1,5,2,4,50,1,2,50,0,1,0,0,2,2,1,0,1,0,1,3.0,4.4,0,112.6,-112.6,112.6,0,112.6,-5,0,0,0,0,0,0,0,0,0,0,0,0,0,0,0,0,0,0,0,0,0,0,0,0,0,0,0,0,0,0,0,0
Bashkimi,"A. Morina, D. Lake, I. Cousins, K. Anderson, L. Zeqiri",Rahoveci 029,"B. Rexha, E. Ross, F. Rugova, I. Umipig, K. Pullian",1,77,1.3,3.7,4,1,1,100,1,1,100,1,2,50,1,2,3,1,0,0,2,1,3,1,3,33.3,0,1,0,1,1,100,0,0,0,0,1,0,0,1,3.9,3.4,103.1,87.2,15.9,87.2,103.1,-15.9,1,0,0,0,0,0,0,0,0,0,0,0,0,0,0,0,0,0,0,0,0,0,0,0,0,0,0,0,0,0,0,0,0
Golden Eagle Ylli,"A. Çallakaj, G. Morina, L. Basic, L. Thomas, T. Allen",Vëllaznimi,"J. Ismajli, L. Colimerio, M. Warrick, R. Dahsyla, Z. Reid",1,92,1.5,3.7,5,1,2,50,0,0,0,3,6,50,1,0,1,0,1,0,0,1,7,2,3,66.7,1,2,50,2,2,100,1,2,3,0,0,0,1,3,4.3,3.8,116.7,183.7,-67,183.7,116.7,67,-2,0,0,0,0,0,0,0,0,0,0,0,0,0,0,0,0,0,0,0,0,0,0,0,0,0,0,0,0,0,0,0,0
Trepça,"A. Arslanagic, B. Tuna, C. Brown, D. Hajrizi, J. Payne",Rahoveci 029,"H. Durguti, I. Umipig, J. Roche, K. Pullian, K. Ujkani",1,100,1.7,3.7,8,2,3,66.7,2,3,66.7,2,2,100,0,1,1,3,0,0,0,2,6,2,3,66.7,1,1,100,1,1,100,0,1,1,1,0,0,0,0,3.9,3.4,206.2,174.4,31.8,174.4,206.2,-31.8,2,0,0,0,0,0,0,0,0,0,0,0,0,0,0,0,0,0,0,0,0,0,0,0,0,0,0,0,0,0,0,0,0
Bashkimi,"D. Lake, I. Cousins, K. Anderson, L. Zeqiri, V. Bunjaku",Vëllaznimi,"A. Koshi, J. Hellems, J. Ismajli, L. Colimerio, M. Warrick",1,85,1.4,3.7,8,3,3,100,1,1,100,1,1,100,0,0,0,0,2,0,0,0,2,1,2,50,0,0,0,0,0,0,1,0,1,1,0,0,3,2,3.4,3.9,232.6,50.9,181.7,50.9,232.6,-181.7,6,0,0,0,0,0,0,0,0,0,0,0,0,0,0,0,0,0,0,0,0,0,0,0,0,0,0,0,0,0,0,0,0
Bashkimi,"I. Cousins, J. Baily, M. Janjeva, T. Bickerstaff, V. Bunjaku",Vëllaznimi,"A. Koshi, J. Hellems, L. Colimerio, R. Dahsyla, Z. Reid",1,115,1.9,3.7,1,0,4,0,0,1,0,1,2,50,2,0,2,0,1,0,0,2,4,0,1,0,0,1,0,4,4,100,1,2,3,2,0,0,3,3,2.7,4.7,36.5,85.3,-48.8,85.3,36.5,48.8,-3,0,0,0,0,0,0,0,0,0,0,0,0,0,0,0,0,0,0,0,0,0,0,0,0,0,0,0,0,0,0,0,0
GO+Peja,"A. Hhajdari, J. Johnson, M. Mala, S. Flatten, T. Green",Bora,"A. Hot, A. Mekic, C. Payton Jr, G. Zeqiri, S. Jules",1,112,1.9,3.7,8,3,4,75,1,2,50,1,1,100,0,3,3,2,0,0,0,1,0,0,3,0,0,1,0,0,0,0,0,1,1,0,0,0,0,1,4.4,3.0,180.2,0,180.2,0,180.2,-180.2,8,0,0,0,0,0,0,0,0,0,0,0,0,0,0,0,0,0,0,0,0,0,0,0,0,0,0,0,0,0,0,0,0
Bora,"A. Hunter, C. Payton, G. Zeqiri, J. Zeqiri, T. Cheese",Vëllaznimi,"A. Koshi, L. Colimerio, S. Zekiqi, T. Todd, Z. Reid",1,91,1.5,3.7,2,1,4,25,0,2,0,0,1,0,1,2,3,0,0,1,0,0,5,2,4,50,1,1,100,0,0,0,0,2,2,1,0,1,0,2,3.4,4.0,59.3,125,-65.7,125,59.3,65.7,-3,0,0,0,0,0,0,0,0,0,0,0,0,0,0,0,0,0,0,0,0,0,0,0,0,0,0,0,0,0,0,0,0
Bora,"A. Hot, A. Hunter, L. Thomas, R. Memedi, T. Cheese",Rahoveci 029,"A. Thomas, B. Rexha, J. Johnson, K. Pullian, V. Ejupi",1,72,1.2,3.7,6,1,1,100,1,1,100,3,3,100,0,2,2,1,0,1,2,0,2,1,3,33.3,0,1,0,0,0,0,0,0,0,1,1,0,0,1,4.3,3.0,138.9,66.7,72.2,66.7,138.9,-72.2,4,0,0,0,0,0,0,0,0,0,0,0,0,0,0,0,0,0,0,0,0,0,0,0,0,0,0,0,0,0,0,0,0
Golden Eagle Ylli,"A. Scott, B. Huffman, E. Kastrati, G. Morina, S. Bamforth",Vëllaznimi,"A. Gordon, A. Koshi, D. Wilson, J. Hellems, S. Zekiqi",1,122,2.0,3.7,4,2,3,66.7,0,1,0,0,0,0,0,2,2,2,0,0,0,2,6,2,3,66.7,1,1,100,1,3,33.3,0,1,1,1,0,0,0,1,3.0,4.3,133.3,138.9,-5.6,138.9,133.3,5.6,-2,0,0,0,0,0,0,0,0,0,0,0,0,0,0,0,0,0,0,0,0,0,0,0,0,0,0,0,0,0,0,0,0
Bashkimi,"J. Riley, K. Wooten, L. Zeqiri, M. Ismaili, S. Shorter",Vëllaznimi,"A. Gordon, A. Koshi, D. Wilson, J. Hellems, S. Zekiqi",1,118,2.0,3.7,4,0,3,0,0,2,0,4,4,100,1,1,2,0,0,0,0,2,5,1,3,33.3,0,0,0,3,4,75,1,2,3,1,0,0,0,1,3.7,3.7,108.4,135.5,-27.1,135.5,108.4,27.1,-1,0,0,0,0,0,0,0,0,0,0,0,0,0,0,0,0,0,0,0,0,0,0,0,0,0,0,0,0,0,0,0,0
GO+Peja,"C. Edwards, C. Williams, D. Bracey, M. Mala, S. Llapi",Trepça,"A. Vining, B. Tuna, D. Kapiti, M. Amzil, S. Henry",1,80,1.3,3.7,1,0,2,0,0,1,0,1,1,100,0,1,1,0,0,0,1,1,7,3,4,75,1,1,100,0,0,0,0,2,2,2,1,0,0,0,3.4,4.0,29.1,175,-145.9,175,29.1,145.9,-6,0,0,0,0,0,0,0,0,0,0,0,0,0,0,0,0,0,0,0,0,0,0,0,0,0,0,0,0,0,0,0,0
Golden Eagle Ylli,"D. Sabeckis, E. Kastrati, G. Morina, S. Bamforth, T. Smith",GO+Peja,"A. Hajdari, C. Edwards, C. Williams, D. Davis, M. Mala",1,132,2.2,3.7,10,4,4,100,1,1,100,1,1,100,0,1,1,2,0,0,0,0,6,2,4,50,2,2,100,0,0,0,1,0,1,1,0,0,0,1,4.4,2.9,225.2,204.8,20.4,204.8,225.2,-20.4,4,0,0,0,0,0,0,0,0,0,0,0,0,0,0,0,0,0,0,0,0,0,0,0,0,0,0,0,0,0,0,0,0
Vëllaznimi,"A. Rushiti, D. Wilson, J. Hellems, S. Zekiqi, Y. Anei",Golden Eagle Ylli,"D. Sabeckis, E. Kastrati, G. Morina, S. Bamforth, T. Smith",1,145,2.4,3.7,0,0,5,0,0,3,0,0,0,0,2,1,3,0,0,0,1,0,5,2,3,66.7,1,2,50,0,0,0,0,2,2,2,1,0,1,0,3.3,4.0,0,125,-125,125,0,125,-5,0,0,0,0,0,0,0,0,0,0,0,0,0,0,0,0,0,0,0,0,0,0,0,0,0,0,0,0,0,0,0,0
GO+Peja,"A. Hajdari, C. Williams, D. Bracey, L. Routt, M. Mala",Bora,"A. Hot, A. Hunter, J. Zeqiri, S. Jules, T. Cheese",1,99,1.6,3.7,4,2,2,100,0,0,0,0,0,0,0,1,1,0,0,0,2,3,7,3,3,100,1,1,100,0,1,0,0,0,0,2,0,0,0,0,4.0,3.4,100,203.5,-103.5,203.5,100,103.5,-3,0,0,0,0,0,0,0,0,0,0,0,0,0,0,0,0,0,0,0,0,0,0,0,0,0,0,0,0,0,0,0,0
Golden Eagle Ylli,"E. Kastrati, J. Reece, L. Shoshi, L. Thomas, T. Allen",Sigal Prishtina,"A. Bailey, D. Burns, D. Polloshka, L. Autrey, M. Janjeva",1,108,1.8,3.6,8,2,2,100,2,2,100,2,3,66.7,0,1,1,3,0,0,0,2,4,1,2,50,0,0,0,2,2,100,0,0,0,0,0,0,1,1,3.3,3.9,241,103.1,137.9,103.1,241,-137.9,4,0,0,0,0,0,0,0,0,0,0,0,0,0,0,0,0,0,0,0,0,0,0,0,0,0,0,0,0,0,0,0,0
Bashkimi,"J. Baily, K. Anderson, L. Zeqiri, T. Bickerstaff, V. Bunjaku",Sigal Prishtina,"A. Azemi, A. Bailey, D. Haxhosaj, D. Lekndreaj, L. Autrey",1,67,1.1,3.6,4,1,1,100,0,0,0,2,2,100,0,0,0,1,0,0,0,1,6,2,2,100,1,1,100,1,3,33.3,1,0,1,1,0,0,2,2,1.9,5.3,212.8,112.8,100,112.8,212.8,-100,-2,0,0,0,0,0,0,0,0,0,0,0,0,0,0,0,0,0,0,0,0,0,0,0,0,0,0,0,0,0,0,0,0
GO+Peja,"A. Hajdari, A. Herndon, J. Johnson, M. Armstead, T. Green",Rahoveci 029,"F. Rugova, I. Umipig, J. Roche, P. Weekes, V. Ejupi",1,92,1.5,3.6,3,1,3,33.3,0,0,0,1,2,50,1,2,3,0,0,0,0,1,3,1,3,33.3,1,1,100,0,0,0,0,2,2,0,0,0,1,1,3.2,4.0,94.7,75,19.7,75,94.7,-19.7,0,0,0,0,0,0,0,0,0,0,0,0,0,0,0,0,0,0,0,0,0,0,0,0,0,0,0,0,0,0,0,0,0
Trepça,"B. Tuna, C. Brown, D. Hajrizi, J. Payne, S. Henry",Vëllaznimi,"J. Hellems, M. Warrick, R. Dahsyla, S. Zekiqi, Z. Reid",1,79,1.3,3.6,3,1,1,100,1,1,100,0,0,0,0,0,0,1,1,0,2,2,7,1,2,50,0,1,0,5,5,100,1,0,1,0,1,0,1,0,3.0,4.1,100,169.5,-69.5,169.5,100,69.5,-4,0,0,0,0,0,0,0,0,0,0,0,0,0,0,0,0,0,0,0,0,0,0,0,0,0,0,0,0,0,0,0,0
Rahoveci 029,"F. Rugova, H. Durguti, I. Umipig, J. Roche, K. Pullian",GO+Peja,"A. Herndon, D. Berisha, J. Johnson, M. Mala, T. Green",1,84,1.4,3.6,6,2,3,66.7,2,2,100,0,0,0,0,1,1,1,0,0,1,1,4,1,4,25,0,2,0,2,2,100,1,1,2,1,1,0,0,0,4.0,3.3,150,122.1,27.9,122.1,150,-27.9,2,0,0,0,0,0,0,0,0,0,0,0,0,0,0,0,0,0,0,0,0,0,0,0,0,0,0,0,0,0,0,0,0
Sigal Prishtina,"A. Azemi, A. Bailey, A. Morina, D. Burns, D. Haxhosaj",Vëllaznimi,"A. Gordon, A. Koshi, J. Hellems, S. Zekiqi, T. Todd",1,85,1.4,3.6,4,2,4,50,0,2,0,0,0,0,0,1,1,1,2,0,0,0,0,0,4,0,0,1,0,0,0,0,2,2,4,0,0,0,2,0,4.0,3.1,100,0,100,0,100,-100,4,0,0,0,0,0,0,0,0,0,0,0,0,0,0,0,0,0,0,0,0,0,0,0,0,0,0,0,0,0,0,0,0
Sigal Prishtina,"A. Azemi, A. Bailey, A. Morina, K. Kramer, T. Vissariou",Vëllaznimi,"A. Gordon, A. Koshi, L. Colimerio, R. Dahsyla, T. Todd",1,137,2.3,3.6,8,3,4,75,1,1,100,1,1,100,0,0,0,1,0,0,0,1,5,2,3,66.7,0,0,0,1,2,50,1,1,2,0,0,0,0,1,4.4,2.8,180.2,177.9,2.2,177.9,180.2,-2.2,3,0,0,0,0,0,0,0,0,0,0,0,0,0,0,0,0,0,0,0,0,0,0,0,0,0,0,0,0,0,0,0,0
Bashkimi,"I. Cousins, I. Nwamu, L. Zeqiri, M. Janjeva, S. Shorter",Bora,"A. Hot, A. Hunter, L. Thomas, R. Ukaj, T. Cheese",1,105,1.8,3.6,6,2,2,100,1,1,100,1,1,100,0,2,2,1,0,1,1,1,4,2,4,50,0,0,0,0,1,0,1,0,1,1,1,0,0,0,3.4,3.7,174.4,107.3,67.1,107.3,174.4,-67.1,2,0,0,0,0,0,0,0,0,0,0,0,0,0,0,0,0,0,0,0,0,0,0,0,0,0,0,0,0,0,0,0,0
Golden Eagle Ylli,"A. Scott, B. Huffman, D. Hall, G. Morina, S. Bamforth",Rahoveci 029,"A. Thomas, F. Rugova, I. Umipig, K. Pullian, V. Ejupi",1,97,1.6,3.6,4,1,2,50,0,0,0,2,4,50,1,3,4,1,0,0,0,2,1,0,3,0,0,2,0,1,2,50,0,1,1,0,0,0,0,3,3.2,3.9,124,25.8,98.3,25.8,124,-98.3,3,0,0,0,0,0,0,0,0,0,0,0,0,0,0,0,0,0,0,0,0,0,0,0,0,0,0,0,0,0,0,0,0
Sigal Prishtina,"A. Bailey, D. Burns, D. Haxhosaj, J. Ismajli, K. Dukes",Bora,"A. Hot, G. Zeqiri, R. Ukaj, S. Jules, T. Cheese",1,89,1.5,3.6,4,2,3,66.7,0,1,0,0,0,0,0,2,2,2,0,0,0,0,3,1,3,33.3,0,1,0,1,2,50,1,1,2,1,0,0,1,0,3.0,4.2,133.3,72,61.3,72,133.3,-61.3,1,0,0,0,0,0,0,0,0,0,0,0,0,0,0,0,0,0,0,0,0,0,0,0,0,0,0,0,0,0,0,0,0
GO+Peja,"A. Hajdari, A. Herndon, M. Mala, O. Williams, S. Flatten",Golden Eagle Ylli,"A. Scott, B. Huffman, G. Morina, S. Bamforth, T. Allen",1,100,1.7,3.6,5,1,3,33.3,1,3,33.3,2,4,50,1,2,3,0,0,1,0,1,2,1,4,25,0,0,0,0,0,0,1,2,3,0,0,0,0,2,4.0,2.9,123.6,68.3,55.3,68.3,123.6,-55.3,3,0,0,0,0,0,0,0,0,0,0,0,0,0,0,0,0,0,0,0,0,0,0,0,0,0,0,0,0,0,0,0,0
Trepça,"D. Hajrizi, J. Payne, K. Hasbrouck, S. Henry, S. Jones",Vëllaznimi,"A. Koshi, A. Rushiti, D. Wilson, J. Hellems, Y. Anei",1,106,1.8,3.6,3,1,3,33.3,0,1,0,1,2,50,0,1,1,0,1,0,0,3,0,0,3,0,0,1,0,0,0,0,1,3,4,0,0,0,2,0,3.9,3.4,77.3,0,77.3,0,77.3,-77.3,3,0,0,0,0,0,0,0,0,0,0,0,0,0,0,0,0,0,0,0,0,0,0,0,0,0,0,0,0,0,0,0,0
Vëllaznimi,"A. Koshi, E. Cingu, J. Ismajli, U. Ahmeti, Z. Ried",Bashkimi,"J. Bailey, K. Anderson, L. Zeqiri, T. Brickerstaff, V. Bunjaku",1,82,1.4,3.5,2,1,3,33.3,0,1,0,0,0,0,0,1,1,0,1,0,1,1,2,1,2,50,0,0,0,0,0,0,0,2,2,0,1,0,1,0,4.0,3.0,50,66.7,-16.7,66.7,50,16.7,0,0,0,0,0,0,0,0,0,0,0,0,0,0,0,0,0,0,0,0,0,0,0,0,0,0,0,0,0,0,0,0,0
Vëllaznimi,"A. Bedra, E. Cingu, J. Ismajli, R. Dahsyla, Z. Ried",Bashkimi,"J. Palokaj, K. Anderson, L. Zeqiri, M. Ismaili, T. Brickerstaff",1,51,0.8,3.5,0,0,3,0,0,0,0,0,0,0,0,1,1,0,0,0,1,1,4,2,3,66.7,0,0,0,0,0,0,0,2,2,0,0,0,0,1,4.0,3.0,0,133.3,-133.3,133.3,0,133.3,-4,0,0,0,0,0,0,0,0,0,0,0,0,0,0,0,0,0,0,0,0,0,0,0,0,0,0,0,0,0,0,0,0
Trepça,"A. Arslanagic, D. Hajrizi, D. Kapiti, J. Payne, M. Amzil",Bashkimi,"I. Cousins, J. Baily, L. Zeqiri, T. Bickerstaff, V. Bunjaku",1,125,2.1,3.5,4,2,4,50,0,0,0,0,0,0,1,1,2,1,1,0,0,0,2,1,2,50,0,0,0,0,0,0,0,1,1,1,0,0,2,0,2.9,4.0,136.5,50,86.5,50,136.5,-86.5,2,0,0,0,0,0,0,0,0,0,0,0,0,0,0,0,0,0,0,0,0,0,0,0,0,0,0,0,0,0,0,0,0
Golden Eagle Ylli,"G. Morina, L. Basic, L. Shoshi, L. Thomas, T. Allen",Vëllaznimi,"A. Koshi, D. Dedushaj, J. Ismajli, L. Colimerio, Z. Reid",1,98,1.6,3.5,2,1,3,33.3,0,0,0,0,0,0,0,2,2,1,0,1,1,1,2,1,3,33.3,0,0,0,0,0,0,0,2,2,0,1,0,0,1,4.0,3.0,50,66.7,-16.7,66.7,50,16.7,0,0,0,0,0,0,0,0,0,0,0,0,0,0,0,0,0,0,0,0,0,0,0,0,0,0,0,0,0,0,0,0,0
Golden Eagle Ylli,"A. Çallakaj, B. Huffman, G. Morina, L. Basic, T. Allen",Vëllaznimi,"A. Koshi, D. Dedushaj, J. Ismajli, M. Warrick, Z. Reid",1,101,1.7,3.5,2,1,3,33.3,0,1,0,0,0,0,0,0,0,1,0,0,0,0,5,2,3,66.7,1,2,50,0,0,0,1,2,3,0,0,0,2,1,3.0,3.9,66.7,127.2,-60.6,127.2,66.7,60.6,-3,0,0,0,0,0,0,0,0,0,0,0,0,0,0,0,0,0,0,0,0,0,0,0,0,0,0,0,0,0,0,0,0
Trepça,"A. Arslanagic, C. Brown, D. Hajrizi, J. Payne, S. Jones",Golden Eagle Ylli,"A. Shala, A. Çallakaj, J. Reece, L. Shoshi, L. Thomas",1,104,1.7,3.5,0,0,0,0,0,0,0,0,0,0,0,0,0,0,0,0,4,0,7,3,3,100,1,1,100,0,0,0,0,0,0,2,2,0,0,0,4.0,3.0,0,233.3,-233.3,233.3,0,233.3,-7,0,0,0,0,0,0,0,0,0,0,0,0,0,0,0,0,0,0,0,0,0,0,0,0,0,0,0,0,0,0,0,0
Trepça,"A. Arslanagic, B. Tuna, D. Kapiti, J. Payne, M. Amzil",Golden Eagle Ylli,"A. Çallakaj, B. Huffman, G. Morina, L. Thomas, T. Allen",1,81,1.4,3.5,0,0,2,0,0,2,0,0,0,0,0,2,2,0,0,0,1,0,2,1,3,33.3,0,2,0,0,0,0,0,2,2,1,0,0,1,0,3.0,4.0,0,50,-50,50,0,50,-2,0,0,0,0,0,0,0,0,0,0,0,0,0,0,0,0,0,0,0,0,0,0,0,0,0,0,0,0,0,0,0,0
Golden Eagle Ylli,"A. Çallakaj, J. Reece, L. Basic, L. Shoshi, T. Allen",Bashkimi,"A. Morina, D. Lake, J. Bailey, J. Palokaj, K. Anderson",1,120,2.0,3.5,2,1,2,50,0,1,0,0,0,0,0,1,1,1,1,0,1,2,5,2,3,66.7,1,1,100,0,0,0,0,1,1,2,1,0,1,1,3.0,4.0,66.7,125,-58.3,125,66.7,58.3,-3,0,0,0,0,0,0,0,0,0,0,0,0,0,0,0,0,0,0,0,0,0,0,0,0,0,0,0,0,0,0,0,0
Sigal Prishtina,"A. Azemi, A. Bailey, D. Lekndreaj, D. Polloshka, L. Autrey",GO+Peja,"C. Edwards, D. Berisha, M. Armstead, S. Flatten, T. Green",1,86,1.4,3.5,2,1,3,33.3,0,1,0,0,0,0,1,1,2,0,0,0,1,2,5,0,1,0,0,0,0,5,7,71.4,0,1,1,0,0,0,0,1,2.9,4.1,68.3,122.5,-54.3,122.5,68.3,54.3,-3,0,0,0,0,0,0,0,0,0,0,0,0,0,0,0,0,0,0,0,0,0,0,0,0,0,0,0,0,0,0,0,0
Bashkimi,"D. Lake, I. Cousins, J. Palokaj, K. Anderson, L. Zeqiri",GO+Peja,"C. Edwards, D. Berisha, J. Johnson, M. Armstead, T. Green",1,122,2.0,3.5,3,1,5,20,1,3,33.3,0,0,0,1,1,2,1,0,0,0,0,3,1,2,50,1,2,50,0,0,0,0,3,3,1,0,1,1,0,3.9,3.0,76.3,100,-23.7,100,76.3,23.7,0,0,0,0,0,0,0,0,0,0,0,0,0,0,0,0,0,0,0,0,0,0,0,0,0,0,0,0,0,0,0,0,0
Vëllaznimi,"J. Ismajli, L. Colimerio, M. Warrick, R. Dahsyla, Y. Anei",Sigal Prishtina,"A. Azemi, A. Bailey, D. Lekndreaj, D. Polloshka, K. Kramer",1,121,2.0,3.5,7,3,4,75,1,1,100,0,0,0,0,3,3,1,0,0,0,2,0,0,3,0,0,1,0,0,0,0,0,1,1,0,0,0,0,1,4.0,3.0,175,0,175,0,175,-175,7,0,0,0,0,0,0,0,0,0,0,0,0,0,0,0,0,0,0,0,0,0,0,0,0,0,0,0,0,0,0,0,0
Rahoveci 029,"E. Peci, F. Rugova, I. Umipig, J. Roche, V. Ejupi",Golden Eagle Ylli,"A. Scott, E. Kastrati, J. Reece, L. Shoshi, T. Allen",1,106,1.8,3.5,9,4,4,100,1,1,100,0,0,0,0,1,1,2,0,0,0,0,2,1,3,33.3,0,1,0,0,0,0,1,0,1,0,0,0,1,2,4.0,2.9,225,68.3,156.7,68.3,225,-156.7,7,0,0,0,0,0,0,0,0,0,0,0,0,0,0,0,0,0,0,0,0,0,0,0,0,0,0,0,0,0,0,0,0
Rahoveci 029,"F. Rugova, I. Umipig, J. Roche, K. Pullian, V. Ejupi",Golden Eagle Ylli,"A. Scott, A. Çallakaj, J. Reece, L. Shoshi, L. Thomas",1,98,1.6,3.5,3,0,4,0,0,1,0,3,4,75,2,2,4,1,0,0,0,1,2,1,2,50,0,1,0,0,2,0,0,3,3,1,0,2,0,2,4.0,2.9,74.1,69.4,4.7,69.4,74.1,-4.7,1,0,0,0,0,0,0,0,0,0,0,0,0,0,0,0,0,0,0,0,0,0,0,0,0,0,0,0,0,0,0,0,0
Sigal Prishtina,"A. Azemi, A. Bailey, D. Burns, E. Williams Jr, V. Kakruki",Trepça,"A. Arslanagic, C. Brown, D. Hajrizi, M. Amzil, M. Tmusic",1,123,2.0,3.5,2,1,3,33.3,0,2,0,0,0,0,0,1,1,0,0,0,0,1,7,3,4,75,1,2,50,0,0,0,0,2,2,2,0,0,0,1,3.0,4.0,66.7,175,-108.3,175,66.7,108.3,-5,0,0,0,0,0,0,0,0,0,0,0,0,0,0,0,0,0,0,0,0,0,0,0,0,0,0,0,0,0,0,0,0
GO+Peja,"A. Hajdari, C. Edwards, D. Morris, M. Armstead, T. Green",Vëllaznimi,"J. Ismajli, L. Colimerio, M. Warrick, R. Dahsyla, Z. Reid",1,120,2.0,3.5,4,2,4,50,0,1,0,0,0,0,1,1,2,0,0,0,1,3,4,2,3,66.7,0,0,0,0,0,0,0,1,1,0,1,0,0,1,3.9,3.0,101.8,133.3,-31.6,133.3,101.8,31.6,0,0,0,0,0,0,0,0,0,0,0,0,0,0,0,0,0,0,0,0,0,0,0,0,0,0,0,0,0,0,0,0,0
GO+Peja,"C. Edwards, D. Berisha, J. Johnson, M. Mala, S. Flatten",Vëllaznimi,"A. Koshi, J. Hellems, J. Ismajli, M. Warrick, Z. Reid",1,81,1.4,3.5,2,1,2,50,0,0,0,0,0,0,0,1,1,1,0,0,1,0,7,3,4,75,1,2,50,0,0,0,0,1,1,0,1,0,0,0,3.0,4.0,66.7,175,-108.3,175,66.7,108.3,-5,0,0,0,0,0,0,0,0,0,0,0,0,0,0,0,0,0,0,0,0,0,0,0,0,0,0,0,0,0,0,0,0
Rahoveci 029,"F. Rugova, H. Durguti, I. Umipig, J. Roche, K. Pullian",Bora,"A. Hot, A. Hunter, A. Mekic, C. Payton Jr, J. Zeqiri",1,111,1.9,3.5,9,3,3,100,2,2,100,1,2,50,0,1,1,4,1,0,0,1,3,0,4,0,0,1,0,3,3,100,3,0,3,1,0,0,1,1,3.9,3.1,232,96.5,135.5,96.5,232,-135.5,6,0,0,0,0,0,0,0,0,0,0,0,0,0,0,0,0,0,0,0,0,0,0,0,0,0,0,0,0,0,0,0,0
Rahoveci 029,"A. Patty, E. Peci, F. Rugova, J. Roche, K. Pullian",Bashkimi,"D. Lake, J. Baily, K. Anderson, L. Zeqiri, V. Bunjaku",1,118,2.0,3.5,5,2,3,66.7,1,1,100,0,0,0,0,1,1,1,1,0,0,0,3,1,2,50,1,2,50,0,0,0,0,1,1,1,0,0,2,0,3.0,4.0,166.7,75,91.7,75,166.7,-91.7,2,0,0,0,0,0,0,0,0,0,0,0,0,0,0,0,0,0,0,0,0,0,0,0,0,0,0,0,0,0,0,0,0
Vëllaznimi,"A. Koshi, J. Hellems, L. Colimerio, R. Dahsyla, Z. Reid",Golden Eagle Ylli,"A. Gashi, A. Çallakaj, E. Kastrati, G. Morina, J. Reece",1,78,1.3,3.5,6,2,2,100,0,0,0,2,2,100,0,1,1,2,2,0,1,1,0,0,1,0,0,0,0,0,0,0,0,0,0,0,1,0,2,1,3.9,3.0,154.6,0,154.6,0,154.6,-154.6,6,0,0,0,0,0,0,0,0,0,0,0,0,0,0,0,0,0,0,0,0,0,0,0,0,0,0,0,0,0,0,0,0
GO+Peja,"A. Herndon, A. Hhajdari, J. Johnson, M. Mala, S. Flatten",Bora,"A. Hot, A. Hunter, A. Mekic, J. Zeqiri, S. Jules",1,100,1.7,3.5,3,1,3,33.3,1,2,50,0,0,0,1,3,4,0,0,0,1,0,3,1,4,25,0,2,0,1,2,50,1,1,2,2,1,1,0,0,2.9,4.1,102.4,73.6,28.8,73.6,102.4,-28.8,0,0,0,0,0,0,0,0,0,0,0,0,0,0,0,0,0,0,0,0,0,0,0,0,0,0,0,0,0,0,0,0,0
Golden Eagle Ylli,"A. Scott, A. Çallakaj, B. Huffman, J. Reece, L. Shoshi",Trepça,"D. Kapiti, J. Payne, M. Amzil, M. Tmusic, S. Henry",1,109,1.8,3.5,2,1,1,100,0,0,0,0,0,0,0,2,2,1,0,0,3,0,3,1,3,33.3,1,2,50,0,0,0,0,0,0,1,1,0,0,0,4.0,3.0,50,100,-50,100,50,50,-1,0,0,0,0,0,0,0,0,0,0,0,0,0,0,0,0,0,0,0,0,0,0,0,0,0,0,0,0,0,0,0,0
GO+Peja,"A. Herndon, D. Berisha, J. Johnson, M. Mala, S. Flatten",Sigal Prishtina,"A. Azemi, A. Bailey, D. Burns, D. Polloshka, K. Kramer",1,81,1.4,3.5,4,2,2,100,0,0,0,0,0,0,0,0,0,2,2,0,2,1,2,1,1,100,0,0,0,0,0,0,0,0,0,1,0,0,2,0,4.0,3.0,100,66.7,33.3,66.7,100,-33.3,2,0,0,0,0,0,0,0,0,0,0,0,0,0,0,0,0,0,0,0,0,0,0,0,0,0,0,0,0,0,0,0,0
GO+Peja,"C. Edwards, D. Berisha, D. Morris, M. Mala, S. Flatten",Sigal Prishtina,"A. Azemi, A. Bailey, A. Morina, D. Haxhosaj, K. Kramer",1,119,2.0,3.5,2,1,3,33.3,0,1,0,0,0,0,0,2,2,1,0,1,1,1,3,1,3,33.3,1,2,50,0,0,0,0,2,2,1,1,0,0,2,4.0,3.0,50,100,-50,100,50,50,-1,0,0,0,0,0,0,0,0,0,0,0,0,0,0,0,0,0,0,0,0,0,0,0,0,0,0,0,0,0,0,0,0
GO+Peja,"A. Hajdari, C. Edwards, J. Johnson, M. Mala, T. Green",Bashkimi,"I. Cousins, K. Anderson, L. Zeqiri, M. Ismaili, T. Bickerstaff",1,75,1.2,3.5,4,2,3,66.7,0,0,0,0,0,0,0,2,2,1,0,0,1,2,2,1,4,25,0,2,0,0,0,0,1,1,2,0,1,0,0,0,4.0,2.9,100,68.3,31.7,68.3,100,-31.7,2,0,0,0,0,0,0,0,0,0,0,0,0,0,0,0,0,0,0,0,0,0,0,0,0,0,0,0,0,0,0,0,0
Sigal Prishtina,"A. Azemi, A. Bailey, D. Polloshka, K. Kramer, T. Vissariou",Vëllaznimi,"A. Koshi, J. Hellems, S. Zekiqi, T. Todd, Z. Reid",1,108,1.8,3.5,5,2,3,66.7,1,2,50,0,0,0,0,3,3,2,0,1,0,2,2,1,4,25,0,1,0,0,0,0,0,1,1,0,0,0,0,1,3.0,4.0,166.7,50,116.7,50,166.7,-116.7,3,0,0,0,0,0,0,0,0,0,0,0,0,0,0,0,0,0,0,0,0,0,0,0,0,0,0,0,0,0,0,0,0
Rahoveci 029,"E. Peci, J. Johnson, J. Roche, K. Pullian, V. Ejupi",Trepça,"J. Payne, K. Hasbrouck, M. Amzil, M. Tmusic, S. Jones",1,114,1.9,3.5,2,1,3,33.3,0,2,0,0,0,0,0,1,1,1,0,0,0,0,6,3,4,75,0,0,0,0,0,0,0,2,2,2,0,0,0,0,3.0,4.0,66.7,150,-83.3,150,66.7,83.3,-4,0,0,0,0,0,0,0,0,0,0,0,0,0,0,0,0,0,0,0,0,0,0,0,0,0,0,0,0,0,0,0,0
Bora,"A. Hot, A. Hunter, A. Mekic, R. Memedi, S. Jules",Golden Eagle Ylli,"A. Gashi, A. Scott, E. Kastrati, G. Morina, T. Allen",1,125,2.1,3.5,6,3,5,60,0,2,0,0,0,0,1,1,2,1,0,0,0,0,4,2,3,66.7,0,0,0,0,0,0,0,1,1,1,0,0,0,1,3.9,3.0,152.7,133.3,19.3,133.3,152.7,-19.3,2,0,0,0,0,0,0,0,0,0,0,0,0,0,0,0,0,0,0,0,0,0,0,0,0,0,0,0,0,0,0,0,0
Vëllaznimi,"A. Gordon, A. Rushiti, D. Wilson, S. Zekiqi, Z. Reid",Peja,"A. Hajdari, C. Edwards, J. Johnson, M. Mala, S. Flatten",1,87,1.4,3.5,4,2,5,40,0,1,0,0,0,0,1,0,1,0,1,0,0,0,6,2,2,100,2,2,100,0,0,0,0,2,2,2,0,0,1,0,3.9,3.0,101.8,200,-98.2,200,101.8,98.2,-2,0,0,0,0,0,0,0,0,0,0,0,0,0,0,0,0,0,0,0,0,0,0,0,0,0,0,0,0,0,0,0,0
Bora,"A. Hot, A. Hunter, L. Thomas, R. Ukaj, T. Cheese",Rahoveci 029,"F. Rugova, H. Durguti, I. Umipig, J. Johnson, J. Roche",1,125,2.1,3.5,2,1,3,33.3,0,0,0,0,0,0,0,1,1,0,0,0,1,0,5,2,3,66.7,1,1,100,0,0,0,0,2,2,1,0,0,0,0,4.0,3.0,50,166.7,-116.7,166.7,50,116.7,-3,0,0,0,0,0,0,0,0,0,0,0,0,0,0,0,0,0,0,0,0,0,0,0,0,0,0,0,0,0,0,0,0
Bora,"A. Hot, A. Hunter, R. Memedi, S. Jules, T. Cheese",Rahoveci 029,"H. Durguti, I. Umipig, J. Johnson, J. Roche, V. Ejupi",1,127,2.1,3.5,10,4,5,80,2,3,66.7,0,0,0,1,1,2,0,0,0,0,1,4,2,3,66.7,0,0,0,0,0,0,0,0,0,0,0,0,0,0,3.9,3.0,254.5,133.3,121.1,133.3,254.5,-121.1,6,0,0,0,0,0,0,0,0,0,0,0,0,0,0,0,0,0,0,0,0,0,0,0,0,0,0,0,0,0,0,0,0
Sigal Prishtina,"A. Bailey, D. Burns, D. Polloshka, K. Dukes, V. Kakruki",Bora,"A. Hot, A. Hunter, R. Ukaj, S. Jules, T. Cheese",1,98,1.6,3.5,3,1,2,50,1,1,100,0,0,0,0,1,1,1,0,0,1,0,3,1,3,33.3,1,2,50,0,0,0,1,1,2,0,0,0,2,1,3.0,3.9,100,76.3,23.7,76.3,100,-23.7,0,0,0,0,0,0,0,0,0,0,0,0,0,0,0,0,0,0,0,0,0,0,0,0,0,0,0,0,0,0,0,0,0
Trepça,"A. Vining, K. Hasbrouck, M. Amzil, M. Tmusic, S. Jones",Bashkimi,"D. Lake, I. Cousins, I. Nwamu, L. Zeqiri, V. Bunjaku",1,104,1.7,3.5,4,2,3,66.7,0,1,0,0,0,0,0,3,3,1,0,0,0,1,2,1,5,20,0,1,0,0,0,0,1,1,2,0,0,0,0,1,3.0,3.9,133.3,50.9,82.4,50.9,133.3,-82.4,2,0,0,0,0,0,0,0,0,0,0,0,0,0,0,0,0,0,0,0,0,0,0,0,0,0,0,0,0,0,0,0,0
Bora,"A. Hunter, L. Thomas, R. Memedi, R. Ukaj, T. Cheese",GO+Peja,"C. Edwards, F. Shoshaj, M. Mala, O. Williams, T. Green",1,110,1.8,3.5,5,2,3,66.7,1,1,100,0,0,0,0,2,2,1,0,0,0,0,4,2,4,50,0,1,0,0,0,0,0,1,1,0,0,0,0,0,3.0,4.0,166.7,100,66.7,100,166.7,-66.7,1,0,0,0,0,0,0,0,0,0,0,0,0,0,0,0,0,0,0,0,0,0,0,0,0,0,0,0,0,0,0,0,0
Trepça,"A. Vining, K. Hasbrouck, M. Amzil, M. Tmusic, S. Jones",Golden Eagle Ylli,"A. Scott, B. Huffman, E. Kastrati, L. Basic, S. Bamforth",1,119,2.0,3.5,5,2,3,66.7,1,1,100,0,0,0,1,3,4,1,0,0,2,3,0,0,3,0,0,1,0,0,0,0,0,0,0,0,0,1,0,3,3.9,3.0,127.2,0,127.2,0,127.2,-127.2,5,0,0,0,0,0,0,0,0,0,0,0,0,0,0,0,0,0,0,0,0,0,0,0,0,0,0,0,0,0,0,0,0
Golden Eagle Ylli,"A. Scott, B. Huffman, D. Conger, G. Morina, S. Bamforth",Bashkimi,"D. Lake, I. Cousins, L. Zeqiri, S. Shorter, V. Bunjaku",1,123,2.0,3.5,8,3,3,100,2,2,100,0,0,0,0,1,1,2,0,0,1,0,5,2,3,66.7,1,1,100,0,0,0,0,0,0,1,1,0,0,0,4.0,3.0,200,166.7,33.3,166.7,200,-33.3,3,0,0,0,0,0,0,0,0,0,0,0,0,0,0,0,0,0,0,0,0,0,0,0,0,0,0,0,0,0,0,0,0
Golden Eagle Ylli,"A. Scott, D. Conger, D. Thomas, L. Shoshi, S. Bamforth",Bashkimi,"D. Lake, I. Cousins, I. Nwamu, L. Zeqiri, M. Armstead",1,66,1.1,3.5,2,1,2,50,0,1,0,0,0,0,0,2,2,0,0,0,2,1,0,0,2,0,0,0,0,0,0,0,0,1,1,0,0,0,1,1,4.0,3.0,50,0,50,0,50,-50,2,0,0,0,0,0,0,0,0,0,0,0,0,0,0,0,0,0,0,0,0,0,0,0,0,0,0,0,0,0,0,0,0
Rahoveci 029,"A. Thomas, F. Rugova, J. Mccormick, N. Mccloud, V. Ejupi",Vëllaznimi,"A. Gordon, A. Koshi, J. Hellems, S. Zekiqi, Z. Reid",1,113,1.9,3.5,3,1,3,33.3,1,2,50,0,0,0,0,2,2,1,0,1,1,2,3,1,3,33.3,1,1,100,0,0,0,0,2,2,1,1,0,0,1,4.0,3.0,75,100,-25,100,75,25,0,0,0,0,0,0,0,0,0,0,0,0,0,0,0,0,0,0,0,0,0,0,0,0,0,0,0,0,0,0,0,0,0
Bashkimi,"I. Cousins, I. Nwamu, K. Wooten, L. Zeqiri, V. Bunjaku",GO+Peja,"A. Hajdari, C. Edwards, F. Shoshaj, L. Routt, O. Williams",1,90,1.5,3.5,3,1,1,100,1,1,100,0,0,0,0,0,0,1,1,0,2,1,3,1,2,50,1,1,100,0,0,0,0,0,0,1,0,0,2,0,3.0,4.0,100,75,25,75,100,-25,0,0,0,0,0,0,0,0,0,0,0,0,0,0,0,0,0,0,0,0,0,0,0,0,0,0,0,0,0,0,0,0,0
Vëllaznimi,"A. Koshi, D. Wilson, J. Hellems, R. Dahsyla, Y. Anei",Sigal Prishtina,"A. Bailey, A. Lomax, A. Morina, A. Sinani, E. Clarance",1,114,1.9,3.5,2,1,1,100,0,0,0,0,0,0,0,1,1,0,1,1,3,2,3,1,3,33.3,1,2,50,0,0,0,1,0,1,0,1,0,1,0,4.0,2.9,50,102.4,-52.4,102.4,50,52.4,-1,0,0,0,0,0,0,0,0,0,0,0,0,0,0,0,0,0,0,0,0,0,0,0,0,0,0,0,0,0,0,0,0
Trepça,"B. Tuna, D. Hajrizi, D. Kapiti, J. Payne, S. Henry",Rahoveci 029,"A. Thomas, F. Rugova, J. Mccorrmick, J. Roche, V. Ejupi",1,121,2.0,3.5,7,3,4,75,1,2,50,0,0,0,1,2,3,2,0,0,0,1,4,2,4,50,0,1,0,0,0,0,0,0,0,0,0,0,0,0,2.9,4.0,238.9,100,138.9,100,238.9,-138.9,3,0,0,0,0,0,0,0,0,0,0,0,0,0,0,0,0,0,0,0,0,0,0,0,0,0,0,0,0,0,0,0,0
Bora,"A. Hunter, J. Zeqiri, L. Thomas, R. Ukaj, T. Cheese",Bashkimi,"D. Lake, I. Nwamu, L. Zeqiri, S. Shorter, V. Bunjaku",1,119,2.0,3.5,3,1,3,33.3,1,3,33.3,0,0,0,1,1,2,1,0,1,1,0,9,3,4,75,3,3,100,0,0,0,0,1,1,1,0,0,0,0,2.9,4.0,102.4,225,-122.6,225,102.4,122.6,-6,0,0,0,0,0,0,0,0,0,0,0,0,0,0,0,0,0,0,0,0,0,0,0,0,0,0,0,0,0,0,0,0
GO+Peja,"A. Hajdari, L. Routt, O. Williams, S. Llapi, T. Green",Vëllaznimi,"D. Wilson, J. Hellems, R. Dahsyla, S. Zekiqi, Y. Anei",1,119,2.0,3.5,3,1,2,50,1,2,50,0,0,0,0,1,1,1,0,0,2,0,2,1,2,50,0,0,0,0,0,0,0,1,1,1,1,0,1,0,4.0,3.0,75,66.7,8.3,66.7,75,-8.3,1,0,0,0,0,0,0,0,0,0,0,0,0,0,0,0,0,0,0,0,0,0,0,0,0,0,0,0,0,0,0,0,0
GO+Peja,"A. Hajdari, C. Edwards, F. Shoshaj, L. Routt, O. Williams",Vëllaznimi,"A. Gordon, A. Koshi, D. Wilson, J. Hellems, S. Zekiqi",1,100,1.7,3.5,4,2,3,66.7,0,0,0,0,0,0,0,1,1,1,1,0,0,1,3,1,2,50,1,1,100,0,0,0,0,1,1,1,0,1,2,0,3.0,4.0,133.3,75,58.3,75,133.3,-58.3,1,0,0,0,0,0,0,0,0,0,0,0,0,0,0,0,0,0,0,0,0,0,0,0,0,0,0,0,0,0,0,0,0
Sigal Prishtina,"A. Lomax, A. Morina, D. Burns, D. Haxhosaj, D. Williams",Golden Eagle Ylli,"A. Çallakaj, D. Thomas, J. Gray, L. Shoshi, S. Bamforth",1,111,1.9,3.5,4,2,4,50,0,2,0,0,0,0,1,1,2,0,0,0,0,1,7,3,4,75,1,1,100,0,0,0,0,1,1,2,0,0,0,0,2.9,4.0,136.5,175,-38.5,175,136.5,38.5,-3,0,0,0,0,0,0,0,0,0,0,0,0,0,0,0,0,0,0,0,0,0,0,0,0,0,0,0,0,0,0,0,0
Sigal Prishtina,"A. Bailey, A. Lomax, A. Morina, D. Burns, V. Kakruki",Golden Eagle Ylli,"D. Thomas, E. Kastrati, J. Gray, S. Bamforth, T. Smith",1,97,1.6,3.5,4,2,5,40,0,1,0,0,0,0,1,1,2,0,1,0,0,1,0,0,1,0,0,0,0,0,0,0,0,2,2,0,0,0,2,0,3.9,3.0,101.8,0,101.8,0,101.8,-101.8,4,0,0,0,0,0,0,0,0,0,0,0,0,0,0,0,0,0,0,0,0,0,0,0,0,0,0,0,0,0,0,0,0
Rahoveci 029,"A. Thomas, F. Rugova, J. Mccorrmick, K. Pullian, V. Ejupi",Bashkimi,"D. Lake, K. Anderson, L. Zeqiri, M. Armstead, S. Shorter",1,129,2.1,3.5,0,0,3,0,0,1,0,0,0,0,0,2,2,0,0,0,0,1,4,2,5,40,0,0,0,0,0,0,1,3,4,0,0,0,0,1,3.0,3.9,0,101.8,-101.8,101.8,0,101.8,-4,0,0,0,0,0,0,0,0,0,0,0,0,0,0,0,0,0,0,0,0,0,0,0,0,0,0,0,0,0,0,0,0
Bora,"A. Hot, A. Hunter, J. Zeqiri, R. Ukaj, S. Jules",Sigal Prishtina,"A. Bailey, A. Lomax, A. Morina, D. Burns, V. Kakruki",1,116,1.9,3.5,0,0,1,0,0,0,0,0,0,0,0,1,1,0,0,0,3,0,5,2,3,66.7,1,2,50,0,0,0,0,0,0,2,2,0,0,1,4.0,3.0,0,166.7,-166.7,166.7,0,166.7,-5,0,0,0,0,0,0,0,0,0,0,0,0,0,0,0,0,0,0,0,0,0,0,0,0,0,0,0,0,0,0,0,0
Vëllaznimi,"A. Koshi, A. Rushiti, D. Wilson, Y. Anei, Z. Reid",Golden Eagle Ylli,"A. Çallakaj, B. Pass, D. Sabeckis, G. Morina, T. Smith",1,77,1.3,3.5,0,0,3,0,0,0,0,0,0,0,0,2,2,0,0,1,0,0,6,2,4,50,2,3,66.7,0,0,0,0,3,3,2,0,1,0,0,3.0,4.0,0,150,-150,150,0,150,-6,0,0,0,0,0,0,0,0,0,0,0,0,0,0,0,0,0,0,0,0,0,0,0,0,0,0,0,0,0,0,0,0
Bora,"A. Mekic, G. Zeqiri, R. Memedi, S. Jules, T. Jackson",Rahoveci 029,"A. Berisha, E. Ross, F. Rugova, K. Pullian, V. Ejupi",1,105,1.8,3.4,6,2,3,66.7,0,0,0,2,2,100,0,1,1,2,0,0,0,0,4,2,4,50,0,2,0,0,0,0,1,1,2,0,0,0,0,2,3.9,2.9,154.6,136.5,18.1,136.5,154.6,-18.1,2,0,0,0,0,0,0,0,0,0,0,0,0,0,0,0,0,0,0,0,0,0,0,0,0,0,0,0,0,0,0,0,0
Bora,"A. Mekic, G. Singleton, R. Memedi, R. Ukaj, S. Jules",Rahoveci 029,"E. Peci, I. Umipig, K. Pullian, P. Weeks, V. Ejupi",1,133,2.2,3.4,6,3,6,50,0,2,0,0,0,0,2,2,4,2,1,0,0,1,0,0,2,0,0,0,0,0,0,0,0,1,1,0,0,0,1,2,3.9,3.0,155.4,0,155.4,0,155.4,-155.4,6,0,0,0,0,0,0,0,0,0,0,0,0,0,0,0,0,0,0,0,0,0,0,0,0,0,0,0,0,0,0,0,0
Bora,"A. Mekic, G. Singleton, R. Memedi, R. Ukaj, S. Jules",Rahoveci 029,"B. Rexha, F. Rugova, I. Umipig, K. Pullian, P. Weeks",1,98,1.6,3.4,3,1,4,25,1,3,33.3,0,0,0,1,1,2,1,1,0,0,0,4,2,3,66.7,0,0,0,0,2,0,1,2,3,0,0,0,1,1,2.9,4.3,102.4,92.1,10.3,92.1,102.4,-10.3,-1,0,0,0,0,0,0,0,0,0,0,0,0,0,0,0,0,0,0,0,0,0,0,0,0,0,0,0,0,0,0,0,0
Bashkimi,"D. Lake, J. Baily, J. Palokaj, K. Anderson, L. Zeqiri",Rahoveci 029,"B. Rexha, F. Rugova, I. Umipig, K. Pullian, P. Weekes",1,64,1.1,3.4,2,1,3,33.3,0,1,0,0,0,0,1,1,2,0,1,0,2,1,2,1,1,100,0,0,0,0,2,0,0,1,1,1,0,0,1,0,3.9,2.9,50.9,69.4,-18.6,69.4,50.9,18.6,0,0,0,0,0,0,0,0,0,0,0,0,0,0,0,0,0,0,0,0,0,0,0,0,0,0,0,0,0,0,0,0,0
Sigal Prishtina,"B. Istrefi, D. Burns, D. Polloshka, M. Janjeva, V. Kakruki",Bora,"A. Mekic, O. Kurtaj, R. Memed, R. Ukaj, S. Jules",1,109,1.8,3.4,0,0,4,0,0,2,0,0,0,0,0,0,0,0,0,0,0,2,2,0,0,0,0,0,0,2,2,100,0,4,4,1,0,0,2,1,4.0,2.9,0,69.4,-69.4,69.4,0,69.4,-2,0,0,0,0,0,0,0,0,0,0,0,0,0,0,0,0,0,0,0,0,0,0,0,0,0,0,0,0,0,0,0,0
Trepça,"C. Brown, C. Rusell, D. Hajrizi, J. Payne, M. Tmusic",Bashkimi,"D. Lake, J. Baily, J. Palokaj, K. Anderson, L. Zeqiri",1,150,2.5,3.4,0,0,4,0,0,3,0,0,2,0,1,0,1,0,1,0,0,0,5,2,2,100,1,1,100,0,0,0,0,3,3,2,0,0,1,2,3.8,3.0,0,166.7,-166.7,166.7,0,166.7,-5,0,0,0,0,0,0,0,0,0,0,0,0,0,0,0,0,0,0,0,0,0,0,0,0,0,0,0,0,0,0,0,0
Trepça,"A. Arslanagic, C. Brown, C. Rusell, D. Hajrizi, M. Tmusic",Bashkimi,"I. Cousins, J. Baily, J. Palokaj, T. Bickerstaff, V. Bunjaku",1,85,1.4,3.4,8,2,2,100,2,2,100,2,2,100,0,1,1,2,0,0,0,0,2,1,2,50,0,0,0,0,0,0,0,0,0,1,0,0,2,1,2.9,4.0,277.8,50,227.8,50,277.8,-227.8,6,0,0,0,0,0,0,0,0,0,0,0,0,0,0,0,0,0,0,0,0,0,0,0,0,0,0,0,0,0,0,0,0
Trepça,"A. Arslanagic, C. Brown, C. Rusell, D. Hajrizi, M. Tmusic",Bashkimi,"I. Cousins, J. Palokaj, K. Anderson, L. Zeqiri, T. Bickerstaff",1,111,1.9,3.4,3,1,3,33.3,1,1,100,0,2,0,0,1,1,1,0,0,0,2,3,1,2,50,1,1,100,0,0,0,0,3,3,0,0,0,1,1,3.9,3.0,77.3,100,-22.7,100,77.3,22.7,0,0,0,0,0,0,0,0,0,0,0,0,0,0,0,0,0,0,0,0,0,0,0,0,0,0,0,0,0,0,0,0,0
Golden Eagle Ylli,"A. Çallakaj, G. Morina, J. Reece, L. Basic, L. Thomas",Vëllaznimi,"A. Koshi, L. Colimerio, M. Warrick, R. Dahsyla, Y. Anei",1,81,1.4,3.4,0,0,2,0,0,1,0,0,0,0,0,0,0,0,0,0,1,0,7,2,2,100,1,1,100,2,2,100,0,2,2,1,1,0,1,0,3.0,3.9,0,180.4,-180.4,180.4,0,180.4,-7,0,0,0,0,0,0,0,0,0,0,0,0,0,0,0,0,0,0,0,0,0,0,0,0,0,0,0,0,0,0,0,0
Rahoveci 029,"A. Berisha, B. Rexha, I. Umipig, K. Pullian, P. Weekes",Sigal Prishtina,"A. Azemi, A. Bailey, D. Burns, D. Polloshka, L. Autrey",1,71,1.2,3.4,4,2,3,66.7,0,1,0,0,0,0,0,1,1,1,0,0,1,2,4,1,1,100,0,0,0,2,4,50,0,1,1,1,0,0,0,0,4.0,2.8,100,144.9,-44.9,144.9,100,44.9,0,0,0,0,0,0,0,0,0,0,0,0,0,0,0,0,0,0,0,0,0,0,0,0,0,0,0,0,0,0,0,0,0
GO+Peja,"C. Edwards, D. Berisha, J. Johnson, M. Mala, T. Green",Rahoveci 029,"E. Peci, F. Rugova, I. Umipig, J. Jones, P. Weekes",1,157,2.6,3.4,9,4,7,57.1,1,1,100,0,0,0,3,1,4,3,0,0,0,1,5,2,3,66.7,1,1,100,0,0,0,0,0,0,1,0,0,0,0,3.8,3.0,237.5,166.7,70.8,166.7,237.5,-70.8,4,0,0,0,0,0,0,0,0,0,0,0,0,0,0,0,0,0,0,0,0,0,0,0,0,0,0,0,0,0,0,0,0
Golden Eagle Ylli,"G. Morina, L. Basic, L. Shoshi, L. Thomas, T. Allen",Bashkimi,"J. Bailey, J. Palokaj, K. Anderson, T. Bickerstaff, V. Bunjaku",1,106,1.8,3.4,6,2,2,100,1,1,100,1,2,50,0,3,3,2,0,0,1,1,0,0,3,0,0,1,0,0,0,0,0,0,0,0,1,0,0,1,3.9,3.0,154.6,0,154.6,0,154.6,-154.6,6,0,0,0,0,0,0,0,0,0,0,0,0,0,0,0,0,0,0,0,0,0,0,0,0,0,0,0,0,0,0,0,0
Sigal Prishtina,"A. Azemi, A. Bailey, D. Burns, D. Lekndreaj, L. Autrey",GO+Peja,"A. Hajdari, M. Armstead, M. Mala, S. Flatten, T. Green",1,81,1.4,3.4,1,0,2,0,0,1,0,1,2,50,0,2,2,1,0,0,0,0,0,0,2,0,0,2,0,0,0,0,0,2,2,0,0,0,2,2,2.9,4.0,34.7,0,34.7,0,34.7,-34.7,1,0,0,0,0,0,0,0,0,0,0,0,0,0,0,0,0,0,0,0,0,0,0,0,0,0,0,0,0,0,0,0,0
Sigal Prishtina,"A. Azemi, A. Bailey, D. Burns, D. Polloshka, L. Autrey",GO+Peja,"C. Edwards, D. Berisha, M. Armstead, S. Flatten, T. Green",1,49,0.8,3.4,4,1,1,100,0,0,0,2,2,100,0,1,1,0,0,0,1,1,1,0,1,0,0,1,0,1,2,50,0,0,0,1,1,0,2,1,2.9,3.9,138.9,25.8,113.1,25.8,138.9,-113.1,3,0,0,0,0,0,0,0,0,0,0,0,0,0,0,0,0,0,0,0,0,0,0,0,0,0,0,0,0,0,0,0,0
Vëllaznimi,"A. Koshi, K. Ezeagu, M. Warrick, R. Dahsyla, Z. Ride",Sigal Prishtina,"A. Azemi, A. Bailey, D. Lekndreaj, D. Polloshka, V. Kakruki",1,100,1.7,3.4,0,0,1,0,0,0,0,0,0,0,0,0,0,0,1,0,2,0,3,1,4,25,1,2,50,0,0,0,2,1,3,1,2,0,3,3,3.0,3.8,0,79.2,-79.2,79.2,0,79.2,-3,0,0,0,0,0,0,0,0,0,0,0,0,0,0,0,0,0,0,0,0,0,0,0,0,0,0,0,0,0,0,0,0
Golden Eagle Ylli,"A. Çallakaj, E. Kastrati, G. Morina, L. Shoshi, T. Allen",Bora,"G. Singleton, J. Zeqiri, O. Kurtaj, S. Jules, T. Cheese",1,97,1.6,3.4,7,3,3,100,1,1,100,0,0,0,0,2,2,1,0,0,0,0,4,1,4,25,0,1,0,2,2,100,1,0,1,0,0,0,0,1,3.0,3.8,233.3,105,128.3,105,233.3,-128.3,3,0,0,0,0,0,0,0,0,0,0,0,0,0,0,0,0,0,0,0,0,0,0,0,0,0,0,0,0,0,0,0,0
GO+Peja,"J. Johnson, M. Armstead, M. Mala, S. Flatten, T. Green",Vëllaznimi,"A. Koshi, J. Hellems, L. Colimerio, R. Dahsyla, Z. Reid",1,129,2.1,3.4,5,2,4,50,1,1,100,0,0,0,1,2,3,1,0,0,1,0,2,1,5,20,0,2,0,0,0,0,2,1,3,0,1,1,0,0,3.9,2.9,127.2,69.9,57.3,69.9,127.2,-57.3,3,0,0,0,0,0,0,0,0,0,0,0,0,0,0,0,0,0,0,0,0,0,0,0,0,0,0,0,0,0,0,0,0
GO+Peja,"A. Herndon, C. Edwards, D. Berisha, J. Johnson, M. Mala",Bora,"A. Hunter, C. Payton Jr, G. Zeqiri, J. Zeqiri, T. Cheese",1,120,2.0,3.4,3,1,5,20,1,3,33.3,0,0,0,2,0,2,1,0,0,1,0,7,3,3,100,1,1,100,0,0,0,0,2,2,2,1,1,0,0,3.9,3.0,77.7,233.3,-155.6,233.3,77.7,155.6,-4,0,0,0,0,0,0,0,0,0,0,0,0,0,0,0,0,0,0,0,0,0,0,0,0,0,0,0,0,0,0,0,0
Sigal Prishtina,"A. Bailey, D. Burns, D. Haxhosaj, D. Polloshka, T. Vissariou",Rahoveci 029,"F. Rugova, H. Durguti, I. Umipig, J. Roche, K. Pullian",1,90,1.5,3.4,2,1,4,25,0,2,0,0,0,0,0,0,0,1,0,0,0,1,6,2,2,100,0,0,0,2,2,100,0,3,3,2,0,1,0,0,4.0,2.9,50,208.3,-158.3,208.3,50,158.3,-4,0,0,0,0,0,0,0,0,0,0,0,0,0,0,0,0,0,0,0,0,0,0,0,0,0,0,0,0,0,0,0,0
Rahoveci 029,"B. Rexha, F. Rugova, I. Umipig, J. Roche, K. Pullian",GO+Peja,"A. Herndon, C. Edwards, D. Berisha, J. Johnson, M. Mala",1,153,2.5,3.4,7,3,3,100,1,1,100,0,0,0,0,0,0,1,0,0,0,0,9,3,3,100,1,1,100,2,2,100,0,0,0,1,0,0,0,2,3.0,3.9,233.3,232,1.4,232,233.3,-1.4,-2,0,0,0,0,0,0,0,0,0,0,0,0,0,0,0,0,0,0,0,0,0,0,0,0,0,0,0,0,0,0,0,0
Bora,"A. Hot, A. Hunter, J. Zeqiri, S. Jules, T. Cheese",Vëllaznimi,"A. Koshi, J. Hellems, L. Colimerio, S. Zekiqi, Z. Reid",1,86,1.4,3.4,5,2,3,66.7,0,0,0,1,2,50,0,2,2,0,0,0,0,1,3,1,2,50,0,0,0,1,2,50,0,1,1,1,0,0,0,1,3.9,2.9,128.9,104.2,24.7,104.2,128.9,-24.7,2,0,0,0,0,0,0,0,0,0,0,0,0,0,0,0,0,0,0,0,0,0,0,0,0,0,0,0,0,0,0,0,0
Golden Eagle Ylli,"A. Scott, E. Kastrati, G. Morina, J. Reece, L. Shoshi",Trepça,"A. Arslanagic, D. Hajrizi, K. Hasbrouck, S. Henry, S. Jones",1,118,2.0,3.4,4,2,3,66.7,0,0,0,0,0,0,0,1,1,2,0,0,0,0,7,2,5,40,1,2,50,2,2,100,2,1,3,0,0,1,0,0,3.0,3.7,133.3,187.2,-53.8,187.2,133.3,53.8,-3,0,0,0,0,0,0,0,0,0,0,0,0,0,0,0,0,0,0,0,0,0,0,0,0,0,0,0,0,0,0,0,0
GO+Peja,"A. Hajdari, C. Edwards, J. Johnson, M. Mala, S. Flatten",Sigal Prishtina,"A. Azemi, A. Bailey, D. Burns, D. Polloshka, K. Kramer",1,122,2.0,3.4,2,1,3,33.3,0,1,0,0,0,0,0,0,0,0,1,0,0,2,5,2,2,100,0,0,0,1,2,50,0,2,2,2,0,0,1,1,3.0,3.9,66.7,128.9,-62.2,128.9,66.7,62.2,-3,0,0,0,0,0,0,0,0,0,0,0,0,0,0,0,0,0,0,0,0,0,0,0,0,0,0,0,0,0,0,0,0
GO+Peja,"C. Edwards, D. Berisha, J. Johnson, M. Mala, T. Green",Bashkimi,"D. Lake, I. Cousins, K. Anderson, L. Zeqiri, M. Ismaili",1,100,1.7,3.4,4,2,3,66.7,0,1,0,0,0,0,0,0,0,2,0,0,0,2,9,2,2,100,1,1,100,4,4,100,0,1,1,0,0,0,0,0,3.0,3.8,133.3,239.4,-106,239.4,133.3,106,-5,0,0,0,0,0,0,0,0,0,0,0,0,0,0,0,0,0,0,0,0,0,0,0,0,0,0,0,0,0,0,0,0
GO+Peja,"A. Herndon, D. Berisha, M. Mala, S. Flatten, T. Green",Bashkimi,"I. Cousins, I. Nwamu, K. Anderson, L. Zeqiri, M. Ismaili",1,63,1.1,3.4,4,1,1,100,0,0,0,2,4,50,0,1,1,0,0,0,0,0,9,3,4,75,3,4,75,0,0,0,0,1,1,2,0,0,0,2,2.8,4.0,144.9,225,-80.1,225,144.9,80.1,-5,0,0,0,0,0,0,0,0,0,0,0,0,0,0,0,0,0,0,0,0,0,0,0,0,0,0,0,0,0,0,0,0
Rahoveci 029,"B. Rexha, E. Peci, J. Roche, K. Pullian, K. Ujkani",Trepça,"D. Hajrizi, J. Payne, M. Tmusic, S. Henry, S. Jones",1,126,2.1,3.4,4,2,2,100,0,0,0,0,0,0,0,2,2,0,0,1,1,2,4,1,4,25,0,1,0,2,2,100,1,0,1,0,1,0,0,0,3.0,3.8,133.3,105,28.3,105,133.3,-28.3,0,0,0,0,0,0,0,0,0,0,0,0,0,0,0,0,0,0,0,0,0,0,0,0,0,0,0,0,0,0,0,0,0
Bora,"A. Hot, A. Hunter, A. Mekic, J. Zeqiri, T. Cheese",Golden Eagle Ylli,"A. Gashi, A. Scott, G. Morina, J. Reece, T. Allen",1,125,2.1,3.4,6,2,3,66.7,0,1,0,2,2,100,0,1,1,1,1,0,0,1,3,1,3,33.3,1,2,50,0,0,0,1,1,2,0,0,0,1,1,3.9,2.9,154.6,102.4,52.3,102.4,154.6,-52.3,3,0,0,0,0,0,0,0,0,0,0,0,0,0,0,0,0,0,0,0,0,0,0,0,0,0,0,0,0,0,0,0,0
Vëllaznimi,"A. Rushiti, D. Wilson, J. Hellems, S. Zekiqi, Y. Anei",Peja,"A. Hajdari, C. Edwards, F. Shoshaj, S. Flatten, T. Green",1,92,1.5,3.4,4,2,3,66.7,0,1,0,0,0,0,0,2,2,1,1,0,0,1,2,0,1,0,0,1,0,2,4,50,0,1,1,0,0,0,1,0,3.0,3.8,133.3,53.2,80.1,53.2,133.3,-80.1,2,0,0,0,0,0,0,0,0,0,0,0,0,0,0,0,0,0,0,0,0,0,0,0,0,0,0,0,0,0,0,0,0
Vëllaznimi,"D. Wilson, J. Hellems, R. Dahsyla, S. Zekiqi, Y. Anei",Peja,"C. Edwards, F. Shoshaj, M. Mala, S. Flatten, T. Green",1,97,1.6,3.4,8,3,3,100,0,0,0,2,2,100,0,1,1,2,2,0,0,1,0,0,1,0,0,0,0,0,0,0,0,0,0,0,0,0,2,0,3.9,3.0,206.2,0,206.2,0,206.2,-206.2,8,0,0,0,0,0,0,0,0,0,0,0,0,0,0,0,0,0,0,0,0,0,0,0,0,0,0,0,0,0,0,0,0
Trepça,"A. Vining, B. Tuna, D. Kapiti, M. Amzil, M. Tmusic",GO+Peja,"C. Edwards, F. Shoshaj, J. Johnson, O. Williams, S. Llapi",1,72,1.2,3.4,2,1,2,50,0,1,0,0,0,0,0,1,1,1,0,0,2,2,4,1,2,50,0,0,0,2,2,100,0,1,1,0,0,0,0,1,4.0,2.9,50,138.9,-88.9,138.9,50,88.9,-2,0,0,0,0,0,0,0,0,0,0,0,0,0,0,0,0,0,0,0,0,0,0,0,0,0,0,0,0,0,0,0,0
Bora,"A. Hot, A. Hunter, L. Thomas, R. Memedi, R. Ukaj",Rahoveci 029,"A. Thomas, F. Rugova, I. Umipig, J. Johnson, V. Ejupi",1,89,1.5,3.4,0,0,3,0,0,2,0,0,0,0,1,1,2,0,0,0,1,2,7,2,3,66.7,1,1,100,2,2,100,0,2,2,2,1,1,0,0,2.9,3.9,0,180.4,-180.4,180.4,0,180.4,-7,0,0,0,0,0,0,0,0,0,0,0,0,0,0,0,0,0,0,0,0,0,0,0,0,0,0,0,0,0,0,0,0
Bora,"A. Hot, A. Hunter, L. Thomas, R. Ukaj, T. Cheese",Rahoveci 029,"A. Thomas, B. Rexha, F. Rugova, I. Umipig, J. Johnson",1,78,1.3,3.4,4,1,3,33.3,0,0,0,2,2,100,1,3,4,0,0,1,1,0,0,0,3,0,0,2,0,0,0,0,0,1,1,0,0,0,0,0,3.8,3.0,105,0,105,0,105,-105,4,0,0,0,0,0,0,0,0,0,0,0,0,0,0,0,0,0,0,0,0,0,0,0,0,0,0,0,0,0,0,0,0
Bora,"A. Hot, A. Hunter, L. Thomas, R. Memedi, S. Jules",Rahoveci 029,"A. Thomas, B. Rexha, J. Johnson, K. Pullian, K. Ujkani",1,79,1.3,3.4,2,0,2,0,0,1,0,2,2,100,1,3,4,0,0,0,1,1,2,1,4,25,0,3,0,0,2,0,1,1,2,1,0,0,0,1,2.8,4.1,71.2,49,22.1,49,71.2,-22.1,0,0,0,0,0,0,0,0,0,0,0,0,0,0,0,0,0,0,0,0,0,0,0,0,0,0,0,0,0,0,0,0,0
Trepça,"A. Vining, K. Hasbrouck, M. Amzil, M. Tmusic, S. Jones",Bashkimi,"D. Lake, I. Cousins, L. Zeqiri, S. Shorter, V. Bunjaku",1,110,1.8,3.4,7,3,4,75,1,1,100,0,0,0,0,1,1,3,0,0,0,2,4,1,2,50,0,1,0,2,2,100,0,1,1,0,0,0,0,1,4.0,2.9,175,138.9,36.1,138.9,175,-36.1,3,0,0,0,0,0,0,0,0,0,0,0,0,0,0,0,0,0,0,0,0,0,0,0,0,0,0,0,0,0,0,0,0
Trepça,"B. Tuna, M. Amzil, M. Tmusic, S. Henry, S. Jones",Bashkimi,"D. Lake, I. Nwamu, M. Armstead, M. Ismaili, S. Shorter",1,107,1.8,3.4,0,0,3,0,0,2,0,0,0,0,1,1,2,0,0,0,2,3,2,0,1,0,0,1,0,2,2,100,0,2,2,0,2,0,1,0,3.9,2.9,0,69.4,-69.4,69.4,0,69.4,-2,0,0,0,0,0,0,0,0,0,0,0,0,0,0,0,0,0,0,0,0,0,0,0,0,0,0,0,0,0,0,0,0
Trepça,"A. Vining, B. Tuna, D. Kapiti, K. Hasbrouck, M. Amzil",Bashkimi,"D. Lake, I. Cousins, M. Armstead, M. Ismaili, S. Shorter",1,127,2.1,3.4,4,2,4,50,0,2,0,0,0,0,1,1,2,2,1,0,1,1,2,1,5,20,0,2,0,0,0,0,3,1,4,0,1,0,1,1,3.9,2.8,101.8,71.7,30.1,71.7,101.8,-30.1,2,0,0,0,0,0,0,0,0,0,0,0,0,0,0,0,0,0,0,0,0,0,0,0,0,0,0,0,0,0,0,0,0
Golden Eagle Ylli,"A. Gashi, A. Scott, E. Kastrati, L. Shoshi, S. Bamforth",Vëllaznimi,"A. Gordon, A. Koshi, D. Wilson, J. Hellems, S. Zekiqi",1,111,1.9,3.4,5,2,3,66.7,1,2,50,0,0,0,0,1,1,2,0,0,1,2,4,0,1,0,0,1,0,4,4,100,0,1,1,0,0,0,0,0,4.0,2.8,125,144.9,-19.9,144.9,125,19.9,1,0,0,0,0,0,0,0,0,0,0,0,0,0,0,0,0,0,0,0,0,0,0,0,0,0,0,0,0,0,0,0,0
Golden Eagle Ylli,"A. Scott, A. Çallakaj, B. Huffman, G. Morina, S. Bamforth",Vëllaznimi,"A. Koshi, A. Rushiti, J. Hellems, Y. Anei, Z. Reid",1,84,1.4,3.4,4,1,2,50,0,1,0,2,2,100,0,0,0,0,1,0,1,3,4,2,3,66.7,0,1,0,0,0,0,1,1,2,0,1,0,1,0,3.9,2.9,103.1,136.5,-33.4,136.5,103.1,33.4,0,0,0,0,0,0,0,0,0,0,0,0,0,0,0,0,0,0,0,0,0,0,0,0,0,0,0,0,0,0,0,0,0
Bora,"A. Hot, J. Zeqiri, R. Memedi, S. Jules, T. Cheese",GO+Peja,"A. Herndon, C. Edwards, F. Shoshaj, O. Williams, S. Llapi",1,79,1.3,3.4,6,2,2,100,0,0,0,2,2,100,0,2,2,2,1,0,0,0,2,0,2,0,0,1,0,2,2,100,0,0,0,1,0,0,1,1,2.9,3.9,208.3,51.5,156.8,51.5,208.3,-156.8,4,0,0,0,0,0,0,0,0,0,0,0,0,0,0,0,0,0,0,0,0,0,0,0,0,0,0,0,0,0,0,0,0
Rahoveci 029,"A. Thomas, B. Rexha, F. Rugova, J. Johnson, K. Pullian",Sigal Prishtina,"A. Bailey, A. Morina, E. Clarence, K. Dukes, V. Kakruki",1,86,1.4,3.4,4,2,3,66.7,0,1,0,0,1,0,1,0,1,2,0,0,1,1,2,1,2,50,0,1,0,0,0,0,1,1,2,1,0,0,2,2,3.9,2.9,102.4,68.3,34.2,68.3,102.4,-34.2,2,0,0,0,0,0,0,0,0,0,0,0,0,0,0,0,0,0,0,0,0,0,0,0,0,0,0,0,0,0,0,0,0
GO+Peja,"A. Hajdari, C. Edwards, F. Shoshaj, L. Routt, M. Mala",Rahoveci 029,"A. Thomas, F. Rugova, H. Durguti, J. Johnson, K. Pullian",1,134,2.2,3.4,9,4,4,100,1,1,100,0,0,0,0,2,2,3,0,0,0,1,0,0,4,0,0,3,0,0,0,0,2,0,2,0,0,0,1,0,4.0,2.9,225,0,225,0,225,-225,9,0,0,0,0,0,0,0,0,0,0,0,0,0,0,0,0,0,0,0,0,0,0,0,0,0,0,0,0,0,0,0,0
Trepça,"A. Vining, B. Tuna, M. Amzil, M. Tmusic, S. Jones",Golden Eagle Ylli,"A. Scott, A. Çallakaj, E. Kastrati, L. Shoshi, S. Bamforth",1,104,1.7,3.4,0,0,1,0,0,1,0,0,0,0,0,1,1,0,0,0,3,2,3,1,2,50,0,0,0,1,2,50,0,1,1,0,1,0,0,1,4.0,2.9,0,104.2,-104.2,104.2,0,104.2,-3,0,0,0,0,0,0,0,0,0,0,0,0,0,0,0,0,0,0,0,0,0,0,0,0,0,0,0,0,0,0,0,0
Trepça,"A. Vining, K. Hasbrouck, M. Amzil, M. Tmusic, S. Jones",Golden Eagle Ylli,"A. Scott, A. Çallakaj, G. Morina, L. Basic, L. Shoshi",1,156,2.6,3.4,10,3,5,60,2,4,50,2,2,100,2,0,2,2,1,0,0,2,5,2,2,100,1,1,100,0,0,0,0,0,0,1,0,0,1,3,3.7,3.0,267.4,166.7,100.7,166.7,267.4,-100.7,5,0,0,0,0,0,0,0,0,0,0,0,0,0,0,0,0,0,0,0,0,0,0,0,0,0,0,0,0,0,0,0,0
Rahoveci 029,"A. Berisha, A. Thomas, F. Rugova, J. Roche, K. Pullian",Vëllaznimi,"A. Gordon, A. Koshi, D. Wilson, R. Dahsyla, Z. Reid",1,87,1.4,3.4,3,1,2,50,1,1,100,0,2,0,0,1,1,1,0,0,1,0,2,1,3,33.3,0,1,0,0,0,0,1,1,2,1,1,0,1,1,3.9,2.9,77.3,68.3,9.1,68.3,77.3,-9.1,1,0,0,0,0,0,0,0,0,0,0,0,0,0,0,0,0,0,0,0,0,0,0,0,0,0,0,0,0,0,0,0,0
Rahoveci 029,"A. Thomas, B. Rexha, F. Rugova, K. Pullian, N. Mccloud",Vëllaznimi,"A. Gordon, A. Koshi, J. Hellems, S. Zekiqi, Z. Reid",1,101,1.7,3.4,4,1,3,33.3,0,2,0,2,2,100,0,0,0,1,0,0,0,0,8,3,3,100,2,2,100,0,0,0,0,1,1,2,0,0,0,0,3.9,3.0,103.1,266.7,-163.6,266.7,103.1,163.6,-4,0,0,0,0,0,0,0,0,0,0,0,0,0,0,0,0,0,0,0,0,0,0,0,0,0,0,0,0,0,0,0,0
Sigal Prishtina,"A. Bailey, A. Morina, E. Clarance, K. Dukes, V. Kakruki",GO+Peja,"A. Hajdari, L. Routt, M. Mala, O. Williams, T. Green",1,106,1.8,3.4,4,2,3,66.7,0,0,0,0,0,0,0,0,0,1,2,0,1,1,2,1,3,33.3,0,1,0,0,0,0,2,1,3,0,1,0,2,0,4.0,2.9,100,69.9,30.1,69.9,100,-30.1,2,0,0,0,0,0,0,0,0,0,0,0,0,0,0,0,0,0,0,0,0,0,0,0,0,0,0,0,0,0,0,0,0
Bashkimi,"I. Nwamu, J. Nzeakor, M. Janjeva, S. Shorter, V. Bunjaku",GO+Peja,"A. Hajdari, C. Edwards, F. Shoshaj, O. Williams, T. Green",1,90,1.5,3.4,2,1,5,20,0,0,0,0,0,0,1,1,2,0,1,0,0,0,2,1,4,25,0,1,0,0,0,0,2,3,5,0,0,0,1,0,3.9,2.9,50.9,69.9,-19,69.9,50.9,19,0,0,0,0,0,0,0,0,0,0,0,0,0,0,0,0,0,0,0,0,0,0,0,0,0,0,0,0,0,0,0,0,0
Trepça,"A. Vining, D. Hajrizi, K. Hasbrouck, S. Henry, S. Jones",Rahoveci 029,"B. Rexha, F. Rugova, J. Mccorrmick, K. Pullian, N. Mcloud",1,105,1.8,3.4,2,1,3,33.3,0,1,0,0,0,0,1,2,3,0,0,0,1,0,2,1,4,25,0,3,0,0,0,0,1,1,2,1,1,0,1,0,2.9,3.9,68.3,50.9,17.4,50.9,68.3,-17.4,0,0,0,0,0,0,0,0,0,0,0,0,0,0,0,0,0,0,0,0,0,0,0,0,0,0,0,0,0,0,0,0,0
Rahoveci 029,"A. Thomas, F. Rugova, J. Mccormick, K. Pullian, K. Ujkani",Golden Eagle Ylli,"A. Scott, D. Conger, G. Morina, S. Bamforth, T. Smith",1,71,1.2,3.4,5,1,2,50,1,1,100,2,2,100,0,0,0,1,1,0,0,0,2,0,1,0,0,1,0,2,2,100,0,1,1,1,0,0,2,1,2.9,3.9,173.6,51.5,122.1,51.5,173.6,-122.1,3,0,0,0,0,0,0,0,0,0,0,0,0,0,0,0,0,0,0,0,0,0,0,0,0,0,0,0,0,0,0,0,0
GO+Peja,"C. Edwards, F. Shoshaj, L. Routt, M. Mala, T. Green",Vëllaznimi,"A. Gordon, A. Koshi, J. Hellems, R. Dahsyla, Z. Reid",1,131,2.2,3.4,6,2,3,66.7,0,0,0,2,2,100,0,0,0,3,2,0,0,1,3,1,2,50,1,2,50,0,0,0,1,1,2,1,0,0,2,1,3.9,2.9,154.6,102.4,52.3,102.4,154.6,-52.3,3,0,0,0,0,0,0,0,0,0,0,0,0,0,0,0,0,0,0,0,0,0,0,0,0,0,0,0,0,0,0,0,0
GO+Peja,"A. Hajdari, C. Edwards, F. Shoshaj, O. Williams, T. Green",Vëllaznimi,"A. Gordon, A. Koshi, J. Hellems, S. Zekiqi, Z. Reid",1,98,1.6,3.4,11,4,4,100,3,3,100,0,0,0,0,2,2,3,0,0,0,3,3,0,1,0,0,1,0,3,4,75,0,0,0,0,0,0,0,1,4.0,2.8,275,108.7,166.3,108.7,275,-166.3,8,0,0,0,0,0,0,0,0,0,0,0,0,0,0,0,0,0,0,0,0,0,0,0,0,0,0,0,0,0,0,0,0
Bashkimi,"D. Lake, J. Riley, L. Zeqiri, M. Ismaili, S. Shorter",Vëllaznimi,"D. Wilson, J. Hellems, R. Dahsyla, S. Zekiqi, Y. Anei",1,132,2.2,3.4,3,1,5,20,1,3,33.3,0,0,0,2,1,3,1,1,0,1,2,1,0,0,0,0,0,0,1,2,50,0,2,2,0,0,0,2,2,3.9,2.9,77.7,34.7,43,34.7,77.7,-43,2,0,0,0,0,0,0,0,0,0,0,0,0,0,0,0,0,0,0,0,0,0,0,0,0,0,0,0,0,0,0,0,0
GO+Peja,"C. Edwards, C. Williams, D. Davis, F. Shoshaj, M. Mala",Trepça,"A. Vining, D. Hajrizi, D. Kapiti, J. Payne, S. Henry",1,78,1.3,3.4,4,1,1,100,1,1,100,1,2,50,0,2,2,1,0,0,1,0,2,1,3,33.3,0,2,0,0,0,0,0,0,0,1,1,0,1,1,2.9,4.0,138.9,50,88.9,50,138.9,-88.9,2,0,0,0,0,0,0,0,0,0,0,0,0,0,0,0,0,0,0,0,0,0,0,0,0,0,0,0,0,0,0,0,0
GO+Peja,"A. Hajdari, C. Edwards, C. Williams, D. Bracey, M. Mala",Trepça,"D. Hajrizi, J. Payne, K. Hasbrouck, M. Tmusic, S. Jones",1,164,2.7,3.4,4,2,7,28.6,0,2,0,0,0,0,3,0,3,1,1,0,0,1,4,2,3,66.7,0,0,0,0,0,0,1,2,3,1,0,0,1,0,3.8,2.9,105.5,136.5,-31,136.5,105.5,31,0,0,0,0,0,0,0,0,0,0,0,0,0,0,0,0,0,0,0,0,0,0,0,0,0,0,0,0,0,0,0,0,0
Rahoveci 029,"A. Thomas, B. Rexha, F. Rugova, J. Mccorrmick, K. Pullian",Bashkimi,"J. Riley, K. Wooten, L. Zeqiri, M. Ismaili, S. Shorter",1,94,1.6,3.4,9,3,4,75,1,1,100,2,2,100,1,1,2,2,2,0,0,1,0,0,1,0,0,1,0,0,0,0,0,0,0,0,0,1,2,0,3.8,3.0,236.2,0,236.2,0,236.2,-236.2,9,0,0,0,0,0,0,0,0,0,0,0,0,0,0,0,0,0,0,0,0,0,0,0,0,0,0,0,0,0,0,0,0
Bora,"A. Hot, A. Hunter, J. Zeqiri, R. Memedi, S. Jules",Sigal Prishtina,"A. Bailey, A. Lomax, A. Morina, D. Burns, V. Kakruki",1,145,2.4,3.4,2,0,2,0,0,1,0,2,2,100,0,0,0,0,0,0,1,2,5,2,4,50,1,1,100,0,0,0,2,2,4,1,1,0,1,0,3.9,2.9,51.5,174.8,-123.3,174.8,51.5,123.3,-3,0,0,0,0,0,0,0,0,0,0,0,0,0,0,0,0,0,0,0,0,0,0,0,0,0,0,0,0,0,0,0,0
Golden Eagle Ylli,"D. Conger, D. Sabeckis, G. Morina, J. Gray, L. Shoshi",GO+Peja,"C. Edwards, D. Bracey, D. Davis, F. Shoshaj, M. Mala",1,97,1.6,3.4,3,1,1,100,1,1,100,0,2,0,0,1,1,1,1,1,2,2,2,1,2,50,0,0,0,0,0,0,0,1,1,0,0,0,1,2,3.9,3.0,77.3,66.7,10.7,66.7,77.3,-10.7,1,0,0,0,0,0,0,0,0,0,0,0,0,0,0,0,0,0,0,0,0,0,0,0,0,0,0,0,0,0,0,0,0
Bashkimi,"I. Nwamu, J. Riley, K. Wooten, M. Armstead, M. Ismaili",Trepça,"B. Tuna, K. Hasbrouck, M. Amzil, M. Tmusic, S. Henry",1,69,1.1,3.4,5,1,2,50,1,2,50,2,2,100,0,1,1,0,1,0,0,0,0,0,1,0,0,1,0,0,0,0,0,1,1,0,0,0,3,3,2.9,4.0,173.6,0,173.6,0,173.6,-173.6,5,0,0,0,0,0,0,0,0,0,0,0,0,0,0,0,0,0,0,0,0,0,0,0,0,0,0,0,0,0,0,0,0
Vëllaznimi,"A. Koshi, R. Dahsyla, T. Todd, Y. Anei, Z. Reid",Golden Eagle Ylli,"A. Çallakaj, B. Pass, G. Morina, J. Gray, L. Shoshi",1,107,1.8,3.4,1,0,2,0,0,1,0,1,4,25,0,1,1,0,1,0,0,2,0,0,1,0,0,1,0,0,0,0,0,4,4,0,0,0,2,3,3.8,3.0,26.6,0,26.6,0,26.6,-26.6,1,0,0,0,0,0,0,0,0,0,0,0,0,0,0,0,0,0,0,0,0,0,0,0,0,0,0,0,0,0,0,0,0
Rahoveci 029,"E. Peci, F. Rugova, I. Umipig, J. Roche, K. Pullian",Vëllaznimi,"J. Ismajli, L. Colimerio, M. Warrick, R. Dahsyla, Z. Reid",1,117,1.9,3.3,2,1,5,20,0,2,0,0,0,0,2,1,3,1,0,0,0,1,6,2,2,100,0,0,0,2,4,50,0,2,2,0,0,1,0,2,2.9,3.8,69.9,159.6,-89.6,159.6,69.9,89.6,-4,0,0,0,0,0,0,0,0,0,0,0,0,0,0,0,0,0,0,0,0,0,0,0,0,0,0,0,0,0,0,0,0
GO+Peja,"A. Hajdari, C. Edwards, D. Morris, M. Mala, S. Flatten",Vëllaznimi,"J. Ismajli, L. Colimerio, M. Warrick, R. Dahsyla, Z. Reid",1,109,1.8,3.3,2,0,3,0,0,2,0,2,2,100,0,2,2,0,0,0,0,1,1,0,4,0,0,2,0,1,2,50,2,2,4,0,0,0,0,0,3.9,2.7,51.5,36.5,15.1,36.5,51.5,-15.1,1,0,0,0,0,0,0,0,0,0,0,0,0,0,0,0,0,0,0,0,0,0,0,0,0,0,0,0,0,0,0,0,0
Trepça,"B. Tuna, D. Kapiti, K. Hasbrouck, M. Amzil, M. Tmusic",Sigal Prishtina,"A. Bailey, A. Morina, D. Burns, D. Polloshka, K. Kramer",1,89,1.5,3.3,7,2,3,66.7,1,1,100,2,4,50,2,1,3,2,0,0,0,0,5,2,4,50,1,2,50,0,0,0,1,0,1,1,0,1,0,1,3.7,2.9,189.7,170.6,19.1,170.6,189.7,-19.1,2,0,0,0,0,0,0,0,0,0,0,0,0,0,0,0,0,0,0,0,0,0,0,0,0,0,0,0,0,0,0,0,0
Vëllaznimi,"A. Koshi, D. Wilson, J. Hellems, S. Zekiqi, Y. Anei",Peja,"A. Hajdari, C. Edwards, J. Johnson, M. Mala, S. Flatten",1,70,1.2,3.3,4,0,1,0,0,0,0,4,4,100,0,0,0,0,1,0,0,0,7,2,2,100,1,1,100,2,2,100,0,1,1,1,0,0,1,3,2.8,3.9,144.9,180.4,-35.5,180.4,144.9,35.5,-3,0,0,0,0,0,0,0,0,0,0,0,0,0,0,0,0,0,0,0,0,0,0,0,0,0,0,0,0,0,0,0,0
Trepça,"A. Vining, B. Tuna, D. Kapiti, K. Hasbrouck, M. Amzil",GO+Peja,"C. Edwards, F. Shoshaj, J. Johnson, M. Mala, O. Williams",1,111,1.9,3.3,3,1,4,25,1,3,33.3,0,0,0,2,0,2,1,0,0,3,2,4,1,2,50,0,0,0,2,2,100,1,0,1,1,0,0,1,0,3.8,2.8,79.2,142.3,-63.2,142.3,79.2,63.2,-1,0,0,0,0,0,0,0,0,0,0,0,0,0,0,0,0,0,0,0,0,0,0,0,0,0,0,0,0,0,0,0,0
Bashkimi,"B. Bytyqi, M. Ismaili, M. Janjeva, T. Bickerstaff, V. Bunjaku",Sigal Prishtina,"D. Polloshka, E. Clarance, K. Dukes, K. Kramer, V. Kakruki",1,100,1.7,3.3,2,0,2,0,0,2,0,2,2,100,1,1,2,0,0,0,1,1,8,3,3,100,1,1,100,1,2,50,0,1,1,4,1,0,0,1,2.8,3.9,71.2,206.2,-135,206.2,71.2,135,-6,0,0,0,0,0,0,0,0,0,0,0,0,0,0,0,0,0,0,0,0,0,0,0,0,0,0,0,0,0,0,0,0
Sigal Prishtina,"A. Bailey, A. Morina, E. Clarance, K. Dukes, V. Kakruki",GO+Peja,"A. Hajdari, F. Shoshaj, L. Routt, O. Williams, T. Green",1,86,1.4,3.3,4,2,3,66.7,0,0,0,0,0,0,0,1,1,0,0,0,0,1,5,1,3,33.3,0,1,0,3,4,75,1,1,2,1,0,0,0,2,3.0,3.7,133.3,135.5,-2.2,135.5,133.3,2.2,-1,0,0,0,0,0,0,0,0,0,0,0,0,0,0,0,0,0,0,0,0,0,0,0,0,0,0,0,0,0,0,0,0
Bora,"A. Hunter, J. Zeqiri, L. Thomas, R. Memedi, T. Cheese",Bashkimi,"I. Nwamu, K. Anderson, K. Wooten, M. Armstead, M. Janjeva",1,108,1.8,3.3,3,1,3,33.3,1,1,100,0,0,0,0,1,1,1,0,0,0,2,6,1,3,33.3,0,1,0,4,4,100,1,2,3,0,0,1,0,0,3.0,3.7,100,162.6,-62.6,162.6,100,62.6,-3,0,0,0,0,0,0,0,0,0,0,0,0,0,0,0,0,0,0,0,0,0,0,0,0,0,0,0,0,0,0,0,0
Sigal Prishtina,"A. Lomax, A. Sinani, D. Haxhosaj, D. Williams, E. Clarance",Golden Eagle Ylli,"A. Gashi, D. Sabeckis, E. Kastrati, J. Gray, T. Smith",1,129,2.1,3.3,5,1,3,33.3,1,2,50,2,2,100,1,1,2,1,0,0,0,0,7,2,4,50,1,3,33.3,2,2,100,1,1,2,1,0,0,0,1,2.8,3.8,177.9,183.7,-5.8,183.7,177.9,5.8,-2,0,0,0,0,0,0,0,0,0,0,0,0,0,0,0,0,0,0,0,0,0,0,0,0,0,0,0,0,0,0,0,0
GO+Peja,"A. Hajdari, C. Edwards, D. Bracey, D. Davis, F. Shoshaj",Bora,"A. Hot, A. Hunter, J. Zeqiri, R. Memedi, S. Jules",1,114,1.9,3.3,0,0,2,0,0,1,0,0,0,0,1,2,3,0,0,1,2,2,3,1,5,20,0,1,0,1,2,50,2,1,3,0,0,0,0,1,2.9,3.7,0,80.2,-80.2,80.2,0,80.2,-3,0,0,0,0,0,0,0,0,0,0,0,0,0,0,0,0,0,0,0,0,0,0,0,0,0,0,0,0,0,0,0,0
Trepça,"C. Brown, C. Russell, J. Payne, M. Tmusic, S. Jones",GO+ Peja,"C. Edwards, J. Johnson, M. Armstread, M. Mala, T. Green",1,80,1.3,3.2,4,1,2,50,1,1,100,1,2,50,0,1,1,1,0,0,0,0,3,1,3,33.3,0,1,0,1,1,100,0,1,1,0,0,1,0,1,2.9,3.4,138.9,87.2,51.7,87.2,138.9,-51.7,1,0,0,0,0,0,0,0,0,0,0,0,0,0,0,0,0,0,0,0,0,0,0,0,0,0,0,0,0,0,0,0,0
Bora,"A. Mekic, O. Kurtaj, R. Memedi, R. Ukaj, T. Jackson",Rahoveci 029,"B. Rexha, F. Rugova, I. Umipig, K. Pullian, P. Weeks",1,96,1.6,3.2,5,2,3,66.7,1,1,100,0,0,0,0,2,2,1,0,0,0,1,4,2,3,66.7,0,1,0,0,1,0,0,1,1,0,0,0,0,0,3.0,3.4,166.7,116.3,50.4,116.3,166.7,-50.4,1,0,0,0,0,0,0,0,0,0,0,0,0,0,0,0,0,0,0,0,0,0,0,0,0,0,0,0,0,0,0,0,0
Bashkimi,"I. Cousins, J. Palokaj, L. Zeqiri, T. Bickerstaff, V. Bunjaku",Rahoveci 029,"B. Rexha, F. Rugova, I. Umipig, K. Pullian, P. Weekes",1,120,2.0,3.2,5,2,4,50,1,3,33.3,0,2,0,2,1,3,2,0,0,0,1,4,2,3,66.7,0,1,0,0,0,0,0,1,1,1,0,0,0,2,3.5,3.0,144.8,133.3,11.5,133.3,144.8,-11.5,1,0,0,0,0,0,0,0,0,0,0,0,0,0,0,0,0,0,0,0,0,0,0,0,0,0,0,0,0,0,0,0,0
Vëllaznimi,"A. Bedra, J. Ismajli, L. Colimerio, M. Warrick, Y. Anei",Trepça,"A. Arslanagic, D. Kapiti, J. Payne, M. Amzil, M. Tmusic",1,119,2.0,3.2,8,3,4,75,2,2,100,0,0,0,1,1,2,3,0,0,0,1,7,3,3,100,1,1,100,0,1,0,0,0,0,3,0,0,0,2,2.9,3.4,273,203.5,69.5,203.5,273,-69.5,1,0,0,0,0,0,0,0,0,0,0,0,0,0,0,0,0,0,0,0,0,0,0,0,0,0,0,0,0,0,0,0,0
Golden Eagle Ylli,"G. Morina, L. Basic, L. Shoshi, L. Thomas, T. Allen",Bashkimi,"A. Morina, D. Lake, I. Cousins, K. Anderson, V. Bunjaku",1,126,2.1,3.2,3,1,2,50,1,1,100,0,0,0,0,1,1,0,0,1,1,1,5,2,6,33.3,0,0,0,1,2,50,4,1,5,2,0,0,0,0,3.0,3.5,100,144.7,-44.7,144.7,100,44.7,-2,0,0,0,0,0,0,0,0,0,0,0,0,0,0,0,0,0,0,0,0,0,0,0,0,0,0,0,0,0,0,0,0
Bashkimi,"I. Cousins, K. Anderson, L. Zeqiri, M. Ismaili, T. Bickerstaff",GO+Peja,"A. Herndon, D. Berisha, J. Johnson, M. Mala, T. Green",1,110,1.8,3.2,2,1,3,33.3,0,2,0,0,0,0,0,2,2,1,0,0,0,0,4,1,3,33.3,1,2,50,1,1,100,0,2,2,1,0,0,0,2,3.0,3.4,66.7,116.3,-49.6,116.3,66.7,49.6,-2,0,0,0,0,0,0,0,0,0,0,0,0,0,0,0,0,0,0,0,0,0,0,0,0,0,0,0,0,0,0,0,0
Rahoveci 029,"A. Patty, F. Rugova, H. Durguti, K. Pullian, V. Ejupi",Bashkimi,"D. Lake, K. Anderson, L. Zeqiri, M. Ismaili, V. Bunjaku",1,69,1.1,3.2,0,0,2,0,0,1,0,0,0,0,0,0,0,0,0,0,0,1,5,2,3,66.7,0,0,0,1,1,100,1,2,3,0,0,0,2,1,2.0,4.4,0,114.4,-114.4,114.4,0,114.4,-5,0,0,0,0,0,0,0,0,0,0,0,0,0,0,0,0,0,0,0,0,0,0,0,0,0,0,0,0,0,0,0,0
GO+Peja,"C. Edwards, D. Berisha, M. Mala, S. Flatten, T. Green",Bora,"A. Hot, A. Hunter, C. Payton Jr, J. Zeqiri, T. Cheese",1,119,2.0,3.2,5,2,3,66.7,1,2,50,0,0,0,0,0,0,1,0,0,0,1,5,2,3,66.7,0,1,0,1,1,100,1,1,2,1,0,0,1,0,3.0,3.4,166.7,148.4,18.3,148.4,166.7,-18.3,0,0,0,0,0,0,0,0,0,0,0,0,0,0,0,0,0,0,0,0,0,0,0,0,0,0,0,0,0,0,0,0,0
Rahoveci 029,"F. Rugova, H. Durguti, I. Umipig, J. Roche, K. Pullian",GO+Peja,"C. Edwards, D. Berisha, J. Johnson, M. Mala, T. Green",1,102,1.7,3.2,5,2,2,100,0,0,0,1,3,33.3,0,0,0,2,0,0,0,0,6,3,3,100,0,0,0,0,0,0,0,2,2,2,0,0,0,2,3.3,3.0,150.6,200,-49.4,200,150.6,49.4,-1,0,0,0,0,0,0,0,0,0,0,0,0,0,0,0,0,0,0,0,0,0,0,0,0,0,0,0,0,0,0,0,0
Bora,"A. Hunter, A. Mekic, J. Zeqiri, R. Memedi, T. Cheese",Vëllaznimi,"J. Hellems, R. Dahsyla, S. Zekiqi, T. Todd, Z. Reid",1,70,1.2,3.2,4,0,0,0,0,0,0,4,6,66.7,0,1,1,0,0,0,0,0,2,1,3,33.3,0,0,0,0,1,0,2,0,2,0,0,0,2,4,2.6,4.0,151.5,49.8,101.7,49.8,151.5,-101.7,2,0,0,0,0,0,0,0,0,0,0,0,0,0,0,0,0,0,0,0,0,0,0,0,0,0,0,0,0,0,0,0,0
Golden Eagle Ylli,"A. Gashi, A. Scott, A. Çallakaj, G. Morina, J. Reece",Trepça,"A. Arslanagic, D. Hajrizi, D. Kapiti, K. Hasbrouck, S. Henry",1,87,1.4,3.2,5,2,2,100,1,1,100,0,0,0,0,0,0,1,0,0,2,2,6,2,2,100,1,1,100,1,1,100,0,0,0,1,0,0,0,0,4.0,2.4,125,245.9,-120.9,245.9,125,120.9,-1,0,0,0,0,0,0,0,0,0,0,0,0,0,0,0,0,0,0,0,0,0,0,0,0,0,0,0,0,0,0,0,0
Vëllaznimi,"A. Koshi, J. Hellems, S. Zekiqi, T. Todd, Z. Reid",Rahoveci 029,"A. Berisha, E. Peci, F. Rugova, J. Johnson, J. Roche",1,46,0.8,3.2,6,2,2,100,0,0,0,2,2,100,0,1,1,0,0,0,0,0,1,0,1,0,0,1,0,1,1,100,0,0,0,0,0,0,2,3,2.9,3.4,208.3,29.1,179.3,29.1,208.3,-179.3,5,0,0,0,0,0,0,0,0,0,0,0,0,0,0,0,0,0,0,0,0,0,0,0,0,0,0,0,0,0,0,0,0
Golden Eagle Ylli,"A. Scott, B. Huffman, D. Hall, G. Morina, S. Bamforth",Rahoveci 029,"F. Rugova, I. Umipig, J. Jonson, J. Roche, V. Ejupi",1,90,1.5,3.2,2,0,2,0,0,2,0,2,2,100,0,1,1,1,0,0,0,1,3,1,3,33.3,1,2,50,0,2,0,2,2,4,1,0,1,1,0,2.9,3.5,69.4,86.9,-17.4,86.9,69.4,17.4,-1,0,0,0,0,0,0,0,0,0,0,0,0,0,0,0,0,0,0,0,0,0,0,0,0,0,0,0,0,0,0,0,0
Trepça,"B. Tuna, D. Hajrizi, K. Hasbrouck, M. Tmusic, S. Jones",Sigal Prishtina,"A. Bailey, D. Burns, D. Haxhosaj, D. Polloshka, K. Dukes",1,108,1.8,3.2,2,1,1,100,0,0,0,0,0,0,0,1,1,1,0,0,2,2,4,1,2,50,0,0,0,2,3,66.7,0,0,0,0,1,0,0,1,3.0,3.3,66.7,120.5,-53.8,120.5,66.7,53.8,-2,0,0,0,0,0,0,0,0,0,0,0,0,0,0,0,0,0,0,0,0,0,0,0,0,0,0,0,0,0,0,0,0
Trepça,"B. Tuna, D. Kapiti, K. Hasbrouck, M. Amzil, M. Tmusic",Sigal Prishtina,"A. Bailey, D. Haxhosaj, D. Polloshka, E. Clarance, K. Dukes",1,98,1.6,3.2,6,3,4,75,0,1,0,0,1,0,2,1,3,3,0,0,1,0,3,1,2,50,1,1,100,0,0,0,0,0,0,1,1,0,0,2,4.4,2.0,137.3,150,-12.7,150,137.3,12.7,3,0,0,0,0,0,0,0,0,0,0,0,0,0,0,0,0,0,0,0,0,0,0,0,0,0,0,0,0,0,0,0,0
Vëllaznimi,"A. Gordon, A. Rushiti, D. Wilson, S. Zekiqi, Z. Reid",Peja,"C. Edwards, D. Morris, M. Mala, S. Llapi, T. Green",1,110,1.8,3.2,4,2,3,66.7,0,0,0,0,0,0,0,2,2,0,0,0,0,1,2,0,2,0,0,1,0,2,3,66.7,0,1,1,0,0,0,0,2,3.0,3.3,133.3,60.2,73.1,60.2,133.3,-73.1,2,0,0,0,0,0,0,0,0,0,0,0,0,0,0,0,0,0,0,0,0,0,0,0,0,0,0,0,0,0,0,0,0
Vëllaznimi,"A. Koshi, D. Wilson, S. Zekiqi, T. Todd, Y. Anei",Bashkimi,"I. Cousins, I. Nwamu, L. Zeqiri, M. Janjeva, V. Bunjaku",1,76,1.3,3.2,3,1,2,50,0,1,0,1,1,100,1,2,3,0,0,0,3,1,0,0,2,0,0,1,0,0,0,0,0,0,0,0,0,0,0,3,4.4,2.0,68.6,0,68.6,0,68.6,-68.6,3,0,0,0,0,0,0,0,0,0,0,0,0,0,0,0,0,0,0,0,0,0,0,0,0,0,0,0,0,0,0,0,0
Sigal Prishtina,"A. Bailey, D. Haxhosaj, D. Polloshka, E. Clarance, K. Dukes",Bora,"A. Hot, L. Thomas, R. Memedi, S. Jules, T. Cheese",1,132,2.2,3.2,2,0,2,0,0,1,0,2,2,100,0,1,1,0,0,0,0,1,6,2,7,28.6,0,1,0,2,2,100,4,2,6,0,0,0,0,1,2.9,3.6,69.4,166.7,-97.2,166.7,69.4,97.2,-4,0,0,0,0,0,0,0,0,0,0,0,0,0,0,0,0,0,0,0,0,0,0,0,0,0,0,0,0,0,0,0,0
Trepça,"A. Vining, D. Kapiti, K. Hasbrouck, M. Amzil, M. Tmusic",Bashkimi,"D. Lake, I. Cousins, L. Zeqiri, M. Armstead, S. Shorter",1,81,1.4,3.2,4,1,2,50,1,1,100,1,2,50,1,0,1,2,0,0,0,0,2,1,1,100,0,0,0,0,0,0,0,1,1,0,0,0,3,3,2.3,4.0,170.6,50,120.6,50,170.6,-120.6,2,0,0,0,0,0,0,0,0,0,0,0,0,0,0,0,0,0,0,0,0,0,0,0,0,0,0,0,0,0,0,0,0
Bashkimi,"D. Lake, I. Nwamu, L. Zeqiri, M. Armstead, S. Shorter",Sigal Prishtina,"A. Morina, A. Sinani, E. Clarance, K. Dukes, K. Kramer",1,92,1.5,3.2,4,1,2,50,0,1,0,2,2,100,0,1,1,1,0,0,0,1,5,2,3,66.7,0,0,0,1,1,100,0,1,1,0,0,0,0,0,2.9,3.4,138.9,145.3,-6.5,145.3,138.9,6.5,-1,0,0,0,0,0,0,0,0,0,0,0,0,0,0,0,0,0,0,0,0,0,0,0,0,0,0,0,0,0,0,0,0
GO+Peja,"A. Hajdari, C. Edwards, O. Williams, S. Llapi, T. Green",Rahoveci 029,"A. Berisha, A. Thomas, J. Roche, K. Pullian, V. Ejupi",1,90,1.5,3.2,4,2,3,66.7,0,0,0,0,0,0,0,1,1,0,0,1,0,1,4,1,3,33.3,0,0,0,2,4,50,2,1,3,1,0,0,0,1,3.0,3.3,133.3,120,13.3,120,133.3,-13.3,0,0,0,0,0,0,0,0,0,0,0,0,0,0,0,0,0,0,0,0,0,0,0,0,0,0,0,0,0,0,0,0,0
Vëllaznimi,"D. Wilson, R. Dahsyla, S. Zekiqi, Y. Anei, Z. Reid",Bora,"A. Hot, A. Mekic, L. Thomas, O. Kurtaj, T. Cheese",1,63,1.1,3.2,6,2,2,100,0,0,0,2,3,66.7,1,2,3,1,0,0,0,0,2,1,3,33.3,0,0,0,0,0,0,0,0,0,1,0,0,0,2,3.3,3.0,180.7,66.7,114.1,66.7,180.7,-114.1,4,0,0,0,0,0,0,0,0,0,0,0,0,0,0,0,0,0,0,0,0,0,0,0,0,0,0,0,0,0,0,0,0
Rahoveci 029,"J. Mccormick, J. Roche, K. Pullian, K. Ujkani, V. Ejupi",Golden Eagle Ylli,"A. Scott, D. Conger, G. Morina, S. Bamforth, T. Smith",1,49,0.8,3.2,2,0,0,0,0,0,0,2,2,100,0,1,1,0,0,0,3,2,6,2,2,100,2,2,100,0,1,0,0,0,0,2,1,0,0,0,3.9,2.4,51.5,245.9,-194.4,245.9,51.5,194.4,-4,0,0,0,0,0,0,0,0,0,0,0,0,0,0,0,0,0,0,0,0,0,0,0,0,0,0,0,0,0,0,0,0
Bashkimi,"I. Nwamu, J. Riley, M. Armstead, M. Janjeva, S. Shorter",Trepça,"B. Tuna, K. Hasbrouck, M. Amzil, M. Tmusic, S. Henry",1,113,1.9,3.2,3,1,3,33.3,1,2,50,0,0,0,1,0,1,0,0,0,1,1,5,2,2,100,0,0,0,1,1,100,0,1,1,1,1,0,1,1,2.9,3.4,102.4,145.3,-43,145.3,102.4,43,-2,0,0,0,0,0,0,0,0,0,0,0,0,0,0,0,0,0,0,0,0,0,0,0,0,0,0,0,0,0,0,0,0
Vëllaznimi,"J. Ismajli, M. Warrick, R. Dahsyla, Y. Anei, Z. Ried",Trepça,"A. Arslanagic, B. Tuna, D. Hajrizi, J. Payne, S. Jones",1,119,2.0,3.1,6,2,2,100,1,1,100,1,1,100,0,1,1,1,0,1,1,2,6,2,6,33.3,2,2,100,0,0,0,3,0,3,2,0,0,0,1,3.4,2.8,174.4,215.1,-40.6,215.1,174.4,40.6,0,0,0,0,0,0,0,0,0,0,0,0,0,0,0,0,0,0,0,0,0,0,0,0,0,0,0,0,0,0,0,0,0
Trepça,"D. Hajrizi, D. Kapiti, J. Payne, M. Amzil, M. Tmusic",Bashkimi,"J. Baily, J. Palokaj, K. Anderson, T. Bickerstaff, V. Bunjaku",1,104,1.7,3.1,5,2,2,100,1,1,100,0,2,0,0,1,1,1,0,0,0,1,5,2,4,50,0,0,0,1,1,100,1,1,2,0,0,0,0,1,2.9,3.4,173.6,148.4,25.2,148.4,173.6,-25.2,0,0,0,0,0,0,0,0,0,0,0,0,0,0,0,0,0,0,0,0,0,0,0,0,0,0,0,0,0,0,0,0,0
Bora,"A. Hot, A. Hunter, A. Mekic, J. Zeqiri, S. Jules",Sigal Prishtina,"A. Azemi, A. Bailey, D. Burns, D. Haxhosaj, D. Polloshka",1,58,1.0,3.1,2,0,2,0,0,2,0,2,2,100,1,0,1,0,0,0,1,1,7,3,3,100,0,0,0,1,1,100,0,1,1,0,1,0,0,1,2.8,3.4,71.2,203.5,-132.3,203.5,71.2,132.3,-5,0,0,0,0,0,0,0,0,0,0,0,0,0,0,0,0,0,0,0,0,0,0,0,0,0,0,0,0,0,0,0,0
Bashkimi,"D. Lake, K. Anderson, L. Zeqiri, M. Ismaili, T. Bickerstaff",Trepça,"B. Tuna, C. Brown, D. Hajrizi, J. Payne, S. Henry",1,148,2.5,3.1,4,2,5,40,0,1,0,0,0,0,2,2,4,0,0,0,0,3,4,2,3,66.7,0,1,0,0,1,0,0,1,1,0,0,0,0,2,2.9,3.4,139.9,116.3,23.6,116.3,139.9,-23.6,0,0,0,0,0,0,0,0,0,0,0,0,0,0,0,0,0,0,0,0,0,0,0,0,0,0,0,0,0,0,0,0,0
GO+Peja,"A. Hhajdari, C. Edwards, D. Berisha, J. Johnson, S. Flatten",Bora,"A. Hunter, A. Mekic, C. Payton Jr, G. Zeqiri, J. Zeqiri",1,120,2.0,3.1,2,1,4,25,0,3,0,0,0,0,2,2,4,0,0,0,1,2,3,0,2,0,0,0,0,3,3,100,0,1,1,0,1,0,0,1,2.9,3.3,69.9,90.4,-20.4,90.4,69.9,20.4,-1,0,0,0,0,0,0,0,0,0,0,0,0,0,0,0,0,0,0,0,0,0,0,0,0,0,0,0,0,0,0,0,0
Bora,"A. Hot, J. Zeqiri, R. Memedi, S. Jules, T. Cheese",Vëllaznimi,"A. Koshi, D. Dedushaj, L. Colimerio, T. Todd, Z. Reid",1,85,1.4,3.1,4,1,2,50,0,1,0,2,4,50,1,2,3,2,0,0,0,1,2,0,2,0,0,1,0,2,2,100,0,1,1,0,0,0,0,2,3.2,2.9,124,69.4,54.6,69.4,124,-54.6,2,0,0,0,0,0,0,0,0,0,0,0,0,0,0,0,0,0,0,0,0,0,0,0,0,0,0,0,0,0,0,0,0
Bashkimi,"I. Cousins, L. Zeqiri, M. Janjeva, S. Shorter, V. Bunajku",Bora,"A. Hunter, R. Memedi, R. Ukaj, S. Jules, T. Cheese",1,95,1.6,3.1,1,0,2,0,0,2,0,1,2,50,0,1,1,0,0,0,0,0,5,2,5,40,0,2,0,1,1,100,2,2,4,1,0,0,0,1,2.9,3.3,34.7,151.5,-116.8,151.5,34.7,116.8,-4,0,0,0,0,0,0,0,0,0,0,0,0,0,0,0,0,0,0,0,0,0,0,0,0,0,0,0,0,0,0,0,0
Vëllaznimi,"A. Gordon, A. Rushiti, D. Wilson, J. Hellems, S. Zekiqi",Trepça,"B. Tuna, K. Hasbrouck, M. Amzil, M. Tmusic, S. Jones",1,42,0.7,3.1,1,0,2,0,0,0,0,1,2,50,1,1,2,0,1,1,2,1,0,0,1,0,0,0,0,0,0,0,0,2,2,0,0,1,1,2,4.2,2.0,24,0,24,0,24,-24,1,0,0,0,0,0,0,0,0,0,0,0,0,0,0,0,0,0,0,0,0,0,0,0,0,0,0,0,0,0,0,0,0
Bora,"G. Zeqiri, J. Zeqiri, L. Thomas, S. Jules, T. Cheese",Trepça,"A. Vining, D. Hajrizi, D. Kapiti, K. Hasbrouck, S. Jones",1,79,1.3,3.1,3,1,3,33.3,0,0,0,1,2,50,1,1,2,0,0,0,0,0,5,2,3,66.7,1,1,100,0,0,0,0,2,2,1,0,0,0,0,3.2,3.0,94.7,166.7,-71.9,166.7,94.7,71.9,-2,0,0,0,0,0,0,0,0,0,0,0,0,0,0,0,0,0,0,0,0,0,0,0,0,0,0,0,0,0,0,0,0
Rahoveci 029,"B. Rexha, F. Rugova, J. Mccormick, J. Roche, K. Pullian",Vëllaznimi,"A. Koshi, D. Wilson, R. Dahsyla, Y. Anei, Z. Reid",1,125,2.1,3.1,3,1,4,25,0,1,0,1,2,50,2,0,2,0,0,0,0,1,4,2,2,100,0,0,0,0,0,0,0,2,2,1,0,0,1,1,3.3,3.0,91.6,133.3,-41.7,133.3,91.6,41.7,-1,0,0,0,0,0,0,0,0,0,0,0,0,0,0,0,0,0,0,0,0,0,0,0,0,0,0,0,0,0,0,0,0
Sigal Prishtina,"A. Sinani, D. Burns, D. Haxhosaj, D. Williams, E. Clarance",Golden Eagle Ylli,"D. Thomas, E. Kastrati, J. Gray, S. Bamforth, T. Smith",1,98,1.6,3.1,5,2,4,50,0,2,0,1,1,100,1,2,3,0,0,0,0,1,2,1,2,50,0,1,0,0,2,0,0,1,1,0,0,0,0,1,3.4,2.9,148.4,69.4,78.9,69.4,148.4,-78.9,3,0,0,0,0,0,0,0,0,0,0,0,0,0,0,0,0,0,0,0,0,0,0,0,0,0,0,0,0,0,0,0,0
Vëllaznimi,"A. Koshi, J. Ismajli, R. Dahsyla, U. Ahmeti, Z. Ried",Bashkimi,"A. Morina, I. Cousins, L. Zeqiri, T. Brickerstaff, V. Bunjaku",1,94,1.6,3.0,0,0,1,0,0,0,0,0,0,0,0,1,1,0,0,0,1,1,2,1,3,33.3,0,2,0,0,0,0,1,1,2,1,1,0,2,2,2.0,3.9,0,50.9,-50.9,50.9,0,50.9,-2,0,0,0,0,0,0,0,0,0,0,0,0,0,0,0,0,0,0,0,0,0,0,0,0,0,0,0,0,0,0,0,0
Trepça,"A. Arslanagic, B. Tuna, C. Russell, D. Kapiti, M. Amzil",GO+ Peja,"C. Edwards, J. Johnson, M. Armstread, M. Mala, T. Green",1,62,1.0,3.0,2,1,3,33.3,0,2,0,0,0,0,0,1,1,1,0,0,0,0,5,2,3,66.7,1,2,50,0,0,0,0,2,2,1,0,0,0,0,3.0,3.0,66.7,166.7,-100,166.7,66.7,100,-3,0,0,0,0,0,0,0,0,0,0,0,0,0,0,0,0,0,0,0,0,0,0,0,0,0,0,0,0,0,0,0,0
Golden Eagle Ylli,"E. Kastrati, J. Reece, L. Shoshi, L. Thomas, T. Allen",Sigal Prishtina,"A. Azemi, A. Bailey, D. Polloshka, L. Autrey, M. Janjeva",1,95,1.6,3.0,2,1,2,50,0,1,0,0,0,0,0,2,2,0,0,0,1,0,0,0,3,0,0,3,0,0,0,0,1,1,2,0,1,0,1,1,3.0,2.9,66.7,0,66.7,0,66.7,-66.7,2,0,0,0,0,0,0,0,0,0,0,0,0,0,0,0,0,0,0,0,0,0,0,0,0,0,0,0,0,0,0,0,0
Sigal Prishtina,"A. Azemi, A. Bailey, D. Burns, D. Haxhosaj, D. Lekndreaj",Bora,"A. Mekic, O. Kurtaj, R. Memed, R. Ukaj, T. Jackson",1,73,1.2,3.0,0,0,2,0,0,2,0,0,0,0,0,0,0,0,1,0,1,0,2,1,2,50,0,0,0,0,0,0,1,2,3,0,0,0,2,0,3.0,2.9,0,68.3,-68.3,68.3,0,68.3,-2,0,0,0,0,0,0,0,0,0,0,0,0,0,0,0,0,0,0,0,0,0,0,0,0,0,0,0,0,0,0,0,0
Sigal Prishtina,"A. Azemi, A. Bailey, D. Lekndreaj, D. Polloshka, K. Kramer",Bora,"A. Mekic, G. Singleton, J. Zeqiri, R. Memed, S. Jules",1,107,1.8,3.0,5,2,3,66.7,1,1,100,0,0,0,0,2,2,1,0,0,0,1,3,1,3,33.3,1,3,33.3,0,0,0,0,1,1,1,0,1,0,0,3.0,3.0,166.7,100,66.7,100,166.7,-66.7,2,0,0,0,0,0,0,0,0,0,0,0,0,0,0,0,0,0,0,0,0,0,0,0,0,0,0,0,0,0,0,0,0
Sigal Prishtina,"B. Istrefi, D. Haxhosaj, D. Polloshka, M. Janjeva, V. Kakruki",Bora,"A. Mekic, G. Singleton, G. Zeqiri, J. Zeqiri, T. Jackson",1,79,1.3,3.0,2,1,2,50,0,1,0,0,0,0,0,2,2,1,0,0,1,0,3,1,3,33.3,1,3,33.3,0,0,0,0,1,1,0,1,0,0,1,3.0,3.0,66.7,100,-33.3,100,66.7,33.3,-1,0,0,0,0,0,0,0,0,0,0,0,0,0,0,0,0,0,0,0,0,0,0,0,0,0,0,0,0,0,0,0,0
GO+Peja,"A. Hajdari, A. Herndon, C. Edwards, M. Armstead, S. Flatten",Golden Eagle Ylli,"A. Çallakaj, B. Huffman, G. Morina, L. Basic, T. Allen",1,99,1.6,3.0,0,0,3,0,0,2,0,0,0,0,0,2,2,0,0,0,0,0,2,1,3,33.3,0,2,0,0,0,0,0,3,3,0,0,0,0,1,3.0,3.0,0,66.7,-66.7,66.7,0,66.7,-2,0,0,0,0,0,0,0,0,0,0,0,0,0,0,0,0,0,0,0,0,0,0,0,0,0,0,0,0,0,0,0,0
Vëllaznimi,"A. Koshi, J. Ismajli, L. Colimerio, R. Dahsyla, Z. Ried",Trepça,"A. Arslanagic, B. Tuna, J. Payne, M. Amzil, S. Jones",1,113,1.9,3.0,0,0,2,0,0,1,0,0,0,0,0,0,0,0,0,0,1,0,6,3,4,75,0,1,0,0,0,0,1,2,3,2,1,0,0,1,3.0,2.9,0,204.8,-204.8,204.8,0,204.8,-6,0,0,0,0,0,0,0,0,0,0,0,0,0,0,0,0,0,0,0,0,0,0,0,0,0,0,0,0,0,0,0,0
Vëllaznimi,"A. Koshi, J. Ismajli, L. Colimerio, M. Warrick, R. Dahsyla",Trepça,"A. Arslanagic, B. Tuna, D. Kapiti, M. Amzil, M. Tmusic",1,114,1.9,3.0,6,2,2,100,2,2,100,0,0,0,0,1,1,1,0,0,1,0,5,2,3,66.7,1,2,50,0,0,0,0,0,0,1,0,0,0,0,3.0,3.0,200,166.7,33.3,166.7,200,-33.3,1,0,0,0,0,0,0,0,0,0,0,0,0,0,0,0,0,0,0,0,0,0,0,0,0,0,0,0,0,0,0,0,0
Trepça,"A. Arslanagic, C. Rusell, D. Kapiti, M. Amzil, M. Tmusic",Bashkimi,"I. Cousins, J. Baily, L. Zeqiri, T. Bickerstaff, V. Bunjaku",1,95,1.6,3.0,0,0,2,0,0,1,0,0,0,0,0,0,0,0,0,0,1,0,8,3,3,100,2,2,100,0,0,0,0,2,2,3,1,0,0,0,3.0,3.0,0,266.7,-266.7,266.7,0,266.7,-8,0,0,0,0,0,0,0,0,0,0,0,0,0,0,0,0,0,0,0,0,0,0,0,0,0,0,0,0,0,0,0,0
Trepça,"A. Arslanagic, C. Brown, D. Hajrizi, J. Payne, M. Tmusic",Bashkimi,"J. Baily, K. Anderson, L. Zeqiri, T. Bickerstaff, V. Bunjaku",1,96,1.6,3.0,4,2,3,66.7,0,0,0,0,0,0,0,1,1,1,0,0,0,0,5,2,4,50,1,1,100,0,0,0,1,1,2,2,0,0,0,0,3.0,2.9,133.3,170.6,-37.3,170.6,133.3,37.3,-1,0,0,0,0,0,0,0,0,0,0,0,0,0,0,0,0,0,0,0,0,0,0,0,0,0,0,0,0,0,0,0,0
Golden Eagle Ylli,"A. Gashi, A. Çallakaj, L. Basic, L. Shoshi, T. Allen",Vëllaznimi,"A. Koshi, J. Ismajli, L. Colimerio, M. Warrick, Z. Reid",1,72,1.2,3.0,1,0,3,0,0,1,0,1,2,50,1,1,2,0,0,0,0,0,2,0,1,0,0,1,0,2,2,100,0,3,3,0,0,0,1,1,3.1,2.9,32.5,69.4,-37,69.4,32.5,37,-1,0,0,0,0,0,0,0,0,0,0,0,0,0,0,0,0,0,0,0,0,0,0,0,0,0,0,0,0,0,0,0,0
Bora,"A. Mekic, G. Singleton, R. Memed, R. Ukaj, T. Jackson",GO+Peja,"A. Herndon, J. Johnson, M. Armstead, M. Mala, T. Green",1,107,1.8,3.0,4,2,2,100,0,0,0,0,0,0,0,1,1,1,0,0,1,0,6,2,3,66.7,2,3,66.7,0,0,0,0,0,0,1,0,0,0,1,3.0,3.0,133.3,200,-66.7,200,133.3,66.7,-2,0,0,0,0,0,0,0,0,0,0,0,0,0,0,0,0,0,0,0,0,0,0,0,0,0,0,0,0,0,0,0,0
Rahoveci 029,"F. Rugova, I. Umipig, K. Pullian, P. Weekes, V. Ejupi",Sigal Prishtina,"A. Azemi, D. Burns, L. Autrey, M. Janjeva, V. Kakruki",1,79,1.3,3.0,5,2,2,100,1,1,100,0,0,0,0,1,1,1,0,0,2,1,3,1,2,50,1,2,50,0,0,0,0,0,0,1,0,0,0,0,4.0,2.0,125,150,-25,150,125,25,2,0,0,0,0,0,0,0,0,0,0,0,0,0,0,0,0,0,0,0,0,0,0,0,0,0,0,0,0,0,0,0,0
GO+Peja,"A. Hajdari, A. Herndon, C. Edwards, D. Morris, M. Armstead",Rahoveci 029,"B. Rexha, F. Rugova, I. Umipig, J. Jones, P. Weekes",1,75,1.2,3.0,6,2,2,100,2,2,100,0,0,0,0,1,1,1,0,0,0,0,0,0,2,0,0,1,0,0,0,0,0,0,0,0,0,0,2,1,2.0,4.0,300,0,300,0,300,-300,6,0,0,0,0,0,0,0,0,0,0,0,0,0,0,0,0,0,0,0,0,0,0,0,0,0,0,0,0,0,0,0,0
Vëllaznimi,"J. Ismajli, M. Warrick, R. Dahsyla, Y. Anei, Z. Reid",Bora,"A. Mekic, O. Kurtaj, R. Memedi, S. Jules, T. Jackson",1,101,1.7,3.0,6,3,3,100,0,0,0,0,0,0,0,3,3,2,0,1,0,1,0,0,3,0,0,2,0,0,0,0,0,0,0,0,0,0,0,2,3.0,3.0,200,0,200,0,200,-200,6,0,0,0,0,0,0,0,0,0,0,0,0,0,0,0,0,0,0,0,0,0,0,0,0,0,0,0,0,0,0,0,0
Trepça,"A. Arslanagic, C. Rusell, D. Hajrizi, M. Amzil, S. Jones",Golden Eagle Ylli,"A. Çallakaj, J. Reece, L. Basic, L. Shoshi, T. Allen",1,92,1.5,3.0,2,1,3,33.3,0,2,0,0,0,0,1,1,2,1,1,0,1,1,2,1,2,50,0,1,0,0,0,0,0,1,1,1,1,0,1,0,2.9,3.0,68.3,66.7,1.6,66.7,68.3,-1.6,0,0,0,0,0,0,0,0,0,0,0,0,0,0,0,0,0,0,0,0,0,0,0,0,0,0,0,0,0,0,0,0,0
Golden Eagle Ylli,"A. Çallakaj, G. Morina, L. Basic, L. Shoshi, T. Allen",Bashkimi,"I. Cousins, J. Palokaj, K. Anderson, M. Ismaili, T. Bickerstaff",1,84,1.4,3.0,0,0,4,0,0,1,0,0,0,0,1,3,4,0,0,0,0,0,0,0,3,0,0,1,0,0,0,0,0,3,3,0,0,0,0,2,2.9,3.0,0,0,0,0,0,0,0,0,0,0,0,0,0,0,0,0,0,0,0,0,0,0,0,0,0,0,0,0,0,0,0,0,0,0,0,0,0,0,0
Bashkimi,"D. Lake, I. Cousins, J. Bailey, L. Zeqiri, V. Bunjaku",GO+Peja,"C. Edwards, D. Berisha, J. Johnson, M. Mala, T. Green",1,98,1.6,3.0,4,2,2,100,0,0,0,0,0,0,0,1,1,1,1,1,1,1,2,1,3,33.3,0,1,0,0,0,0,1,0,1,1,0,0,1,0,3.0,2.9,133.3,68.3,65.1,68.3,133.3,-65.1,2,0,0,0,0,0,0,0,0,0,0,0,0,0,0,0,0,0,0,0,0,0,0,0,0,0,0,0,0,0,0,0,0
Golden Eagle Ylli,"A. Çallakaj, B. Huffman, G. Morina, L. Thomas, T. Allen",Bora,"A. Mekic, G. Singleton, G. Zeqiri, O. Kurtaj, S. Jules",1,85,1.4,3.0,2,1,2,50,0,1,0,0,0,0,0,1,1,1,0,0,1,1,4,2,3,66.7,0,0,0,0,0,0,0,1,1,2,1,0,0,1,3.0,3.0,66.7,133.3,-66.7,133.3,66.7,66.7,-2,0,0,0,0,0,0,0,0,0,0,0,0,0,0,0,0,0,0,0,0,0,0,0,0,0,0,0,0,0,0,0,0
Bora,"A. Hot, G. Singleton, J. Zeqiri, S. Jules, T. Chese",Bashkimi,"D. Lake, I. Cousins, J. Baily, L. Zeqiri, V. Bunjaku",1,102,1.7,3.0,3,1,2,50,1,2,50,0,0,0,0,2,2,0,0,0,1,0,2,1,4,25,0,1,0,0,0,0,1,1,2,0,1,0,0,0,3.0,2.9,100,68.3,31.7,68.3,100,-31.7,1,0,0,0,0,0,0,0,0,0,0,0,0,0,0,0,0,0,0,0,0,0,0,0,0,0,0,0,0,0,0,0,0
Bora,"A. Hot, A. Mekic, O. Kurtaj, S. Jules, T. Jackson",Bashkimi,"I. Cousins, J. Baily, L. Zeqiri, T. Bickerstaff, V. Bunjaku",1,99,1.6,3.0,2,1,2,50,0,0,0,0,0,0,0,1,1,0,1,0,1,0,2,1,2,50,0,1,0,0,0,0,0,1,1,0,1,0,1,0,3.0,3.0,66.7,66.7,0,66.7,66.7,0,0,0,0,0,0,0,0,0,0,0,0,0,0,0,0,0,0,0,0,0,0,0,0,0,0,0,0,0,0,0,0,0,0
GO+Peja,"D. Berisha, M. Armstead, M. Mala, S. Flatten, T. Green",Vëllaznimi,"A. Koshi, L. Colimerio, M. Warrick, R. Dahsyla, Z. Reid",1,65,1.1,3.0,2,1,2,50,0,1,0,0,0,0,0,1,1,1,1,1,1,0,2,1,2,50,0,0,0,0,0,0,0,0,0,0,0,0,1,0,3.0,3.0,66.7,66.7,0,66.7,66.7,0,0,0,0,0,0,0,0,0,0,0,0,0,0,0,0,0,0,0,0,0,0,0,0,0,0,0,0,0,0,0,0,0,0
Bashkimi,"D. Lake, I. Cousins, K. Anderson, L. Zeqiri, V. Bunjaku",Vëllaznimi,"A. Koshi, J. Ismajli, L. Colimerio, M. Warrick, Z. Reid",1,103,1.7,3.0,2,1,3,33.3,0,2,0,0,0,0,0,1,1,0,0,0,0,0,4,2,3,66.7,0,1,0,0,0,0,0,2,2,1,0,0,0,0,3.0,3.0,66.7,133.3,-66.7,133.3,66.7,66.7,-2,0,0,0,0,0,0,0,0,0,0,0,0,0,0,0,0,0,0,0,0,0,0,0,0,0,0,0,0,0,0,0,0
Sigal Prishtina,"A. Azemi, D. Haxhosaj, D. Polloshka, K. Kramer, L. Autrey",Golden Eagle Ylli,"A. Scott, A. Çallakaj, E. Kastrati, J. Reece, L. Basic",1,115,1.9,3.0,5,2,2,100,1,1,100,0,0,0,0,0,0,1,0,0,1,0,8,3,3,100,2,2,100,0,0,0,0,0,0,3,0,0,0,0,3.0,3.0,166.7,266.7,-100,266.7,166.7,100,-3,0,0,0,0,0,0,0,0,0,0,0,0,0,0,0,0,0,0,0,0,0,0,0,0,0,0,0,0,0,0,0,0
Rahoveci 029,"A. Patty, F. Rugova, I. Umipig, J. Roche, V. Ejupi",Bora,"A. Mekic, C. Payton Jr, G. Zeqiri, R. Ukaj, T. Cheese",1,106,1.8,3.0,2,1,2,50,0,0,0,0,0,0,0,1,1,0,1,0,1,0,2,1,3,33.3,0,1,0,0,0,0,1,1,2,0,1,0,1,1,3.0,2.9,66.7,68.3,-1.6,68.3,66.7,1.6,0,0,0,0,0,0,0,0,0,0,0,0,0,0,0,0,0,0,0,0,0,0,0,0,0,0,0,0,0,0,0,0,0
Rahoveci 029,"A. Patty, B. Rexha, F. Rugova, I. Umipig, K. Pullian",Bora,"A. Hunter, A. Mekic, C. Payton Jr, J. Zeqiri, R. Ukaj",1,75,1.2,3.0,3,1,2,50,1,2,50,0,0,0,0,2,2,0,0,0,1,1,2,1,3,33.3,0,1,0,0,0,0,0,1,1,1,0,0,0,0,3.0,3.0,100,66.7,33.3,66.7,100,-33.3,1,0,0,0,0,0,0,0,0,0,0,0,0,0,0,0,0,0,0,0,0,0,0,0,0,0,0,0,0,0,0,0,0
Bora,"A. Hot, A. Hunter, A. Mekic, C. Payton, G. Zeqiri",Sigal Prishtina,"A. Azemi, A. Bailey, B. Istrefi, D. Burns, K. Kramer",1,75,1.2,3.0,6,2,2,100,2,2,100,0,0,0,0,0,0,0,2,0,1,0,0,0,0,0,0,0,0,0,0,0,0,0,0,0,1,0,3,1,3.0,3.0,200,0,200,0,200,-200,6,0,0,0,0,0,0,0,0,0,0,0,0,0,0,0,0,0,0,0,0,0,0,0,0,0,0,0,0,0,0,0,0
Golden Eagle Ylli,"A. Scott, A. Çallakaj, B. Huffman, E. Kastrati, J. Reece",GO+Peja,"A. Hajdari, C. Edwards, D. Berisha, S. Flatten, T. Green",1,62,1.0,3.0,0,0,4,0,0,0,0,0,0,0,1,1,2,0,0,0,0,0,2,1,2,50,0,1,0,0,0,0,0,3,3,1,0,0,1,0,2.9,3.0,0,66.7,-66.7,66.7,0,66.7,-2,0,0,0,0,0,0,0,0,0,0,0,0,0,0,0,0,0,0,0,0,0,0,0,0,0,0,0,0,0,0,0,0
Trepça,"A. Arslanagic, B. Tuna, D. Hajrizi, D. Kapiti, J. Payne",Vëllaznimi,"A. Koshi, J. Hellems, J. Ismajli, L. Colimerio, M. Warrick",1,117,1.9,3.0,6,2,3,66.7,2,3,66.7,0,0,0,0,0,0,1,0,0,0,0,8,3,4,75,2,3,66.7,0,0,0,1,1,2,2,0,0,0,1,3.0,2.9,200,273,-73,273,200,73,-2,0,0,0,0,0,0,0,0,0,0,0,0,0,0,0,0,0,0,0,0,0,0,0,0,0,0,0,0,0,0,0,0
GO+Peja,"A. Hhajdari, C. Edwards, J. Johnson, M. Mala, T. Green",Bora,"A. Hunter, A. Mekic, C. Payton Jr, G. Zeqiri, J. Zeqiri",1,115,1.9,3.0,7,3,4,75,1,2,50,0,0,0,1,2,3,3,1,0,0,0,0,0,2,0,0,1,0,0,0,0,0,0,0,0,0,0,1,2,2.9,3.0,238.9,0,238.9,0,238.9,-238.9,7,0,0,0,0,0,0,0,0,0,0,0,0,0,0,0,0,0,0,0,0,0,0,0,0,0,0,0,0,0,0,0,0
Rahoveci 029,"B. Rexha, F. Rugova, I. Umipig, J. Roche, K. Pullian",GO+Peja,"A. Hajdari, C. Edwards, J. Johnson, M. Mala, S. Flatten",1,81,1.4,3.0,2,1,2,50,0,1,0,0,0,0,0,2,2,0,1,0,1,1,0,0,2,0,0,1,0,0,0,0,0,1,1,0,1,0,1,1,3.0,3.0,66.7,0,66.7,0,66.7,-66.7,2,0,0,0,0,0,0,0,0,0,0,0,0,0,0,0,0,0,0,0,0,0,0,0,0,0,0,0,0,0,0,0,0
Bora,"A. Hot, C. Payton, G. Zeqiri, J. Zeqiri, T. Cheese",Vëllaznimi,"A. Koshi, J. Hellems, L. Colimerio, R. Dahsyla, T. Todd",1,83,1.4,3.0,2,1,1,100,0,0,0,0,0,0,0,3,3,0,0,1,2,0,0,0,3,0,0,0,0,0,0,0,0,0,0,0,1,0,0,0,3.0,3.0,66.7,0,66.7,0,66.7,-66.7,2,0,0,0,0,0,0,0,0,0,0,0,0,0,0,0,0,0,0,0,0,0,0,0,0,0,0,0,0,0,0,0,0
Golden Eagle Ylli,"A. Scott, A. Çallakaj, B. Huffman, E. Kastrati, L. Shoshi",Trepça,"J. Payne, K. Hasbrouck, M. Amzil, M. Tmusic, S. Jones",1,63,1.1,3.0,2,1,2,50,0,0,0,0,0,0,0,0,0,1,0,0,1,0,5,2,2,100,1,1,100,0,0,0,0,1,1,2,1,0,1,0,3.0,3.0,66.7,166.7,-100,166.7,66.7,100,-3,0,0,0,0,0,0,0,0,0,0,0,0,0,0,0,0,0,0,0,0,0,0,0,0,0,0,0,0,0,0,0,0
Trepça,"D. Hajrizi, D. Kapiti, J. Payne, M. Tmusic, S. Henry",Bora,"A. Hot, A. Hunter, A. Mekic, R. Memedi, T. Cheese",1,56,0.9,3.0,0,0,1,0,0,1,0,0,0,0,0,1,1,0,1,0,1,0,0,0,1,0,0,1,0,0,0,0,0,1,1,0,1,0,3,1,2.0,4.0,0,0,0,0,0,0,0,0,0,0,0,0,0,0,0,0,0,0,0,0,0,0,0,0,0,0,0,0,0,0,0,0,0,0,0,0,0,0,0
Trepça,"D. Kapiti, J. Payne, K. Hasbrouck, M. Tmusic, S. Henry",Bora,"A. Hot, A. Hunter, C. Payton, R. Memedi, T. Cheese",1,65,1.1,3.0,4,2,3,66.7,0,0,0,0,0,0,1,1,2,0,1,0,1,0,2,1,2,50,0,1,0,0,0,0,0,0,0,0,1,0,1,0,2.9,3.0,136.5,66.7,69.9,66.7,136.5,-69.9,2,0,0,0,0,0,0,0,0,0,0,0,0,0,0,0,0,0,0,0,0,0,0,0,0,0,0,0,0,0,0,0,0
Vëllaznimi,"A. Koshi, J. Hellems, S. Zekiqi, T. Todd, Z. Reid",Rahoveci 029,"B. Rexha, J. Johnson, J. Roche, K. Pullian, V. Ejupi",1,73,1.2,3.0,0,0,2,0,0,1,0,0,0,0,0,2,2,0,0,0,1,0,2,1,3,33.3,0,1,0,0,0,0,0,2,2,1,1,0,0,1,3.0,3.0,0,66.7,-66.7,66.7,0,66.7,-2,0,0,0,0,0,0,0,0,0,0,0,0,0,0,0,0,0,0,0,0,0,0,0,0,0,0,0,0,0,0,0,0
GO+Peja,"A. Hajdari, C. Edwards, D. Berisha, J. Johnson, S. Flatten",Sigal Prishtina,"A. Azemi, A. Bailey, D. Burns, D. Polloshka, T. Vissariou",1,76,1.3,3.0,8,3,3,100,2,2,100,0,0,0,0,1,1,2,1,0,0,0,2,1,2,50,0,1,0,0,0,0,0,0,0,0,0,0,1,1,3.0,3.0,266.7,66.7,200,66.7,266.7,-200,6,0,0,0,0,0,0,0,0,0,0,0,0,0,0,0,0,0,0,0,0,0,0,0,0,0,0,0,0,0,0,0,0
GO+Peja,"A. Hajdari, A. Herndon, J. Johnson, M. Mala, T. Green",Bashkimi,"D. Lake, I. Cousins, K. Anderson, L. Zeqiri, M. Ismaili",1,102,1.7,3.0,2,1,2,50,0,1,0,0,0,0,1,1,2,0,1,0,2,0,2,1,2,50,0,0,0,0,0,0,0,0,0,1,0,0,1,2,2.9,3.0,68.3,66.7,1.6,66.7,68.3,-1.6,0,0,0,0,0,0,0,0,0,0,0,0,0,0,0,0,0,0,0,0,0,0,0,0,0,0,0,0,0,0,0,0,0
Bashkimi,"I. Nwamu, M. Janjeva, S. Shorter, T. Bickerstaff, V. Bunajku",Bora,"A. Hot, L. Thomas, R. Memedi, S. Jules, T. Cheese",1,88,1.5,3.0,3,1,3,33.3,1,2,50,0,0,0,1,2,3,1,0,1,1,0,2,1,3,33.3,0,0,0,0,0,0,0,1,1,0,0,0,0,1,2.9,3.0,102.4,66.7,35.7,66.7,102.4,-35.7,1,0,0,0,0,0,0,0,0,0,0,0,0,0,0,0,0,0,0,0,0,0,0,0,0,0,0,0,0,0,0,0,0
Trepça,"B. Tuna, K. Hasbrouck, M. Amzil, M. Tmusic, S. Jones",Sigal Prishtina,"A. Bailey, A. Morina, D. Burns, D. Haxhosaj, K. Dukes",1,107,1.8,3.0,6,2,4,50,0,1,0,2,2,100,2,1,3,1,0,0,0,1,3,0,2,0,0,1,0,3,3,100,1,0,1,0,0,0,1,1,2.7,3.2,219,92.3,126.7,92.3,219,-126.7,3,0,0,0,0,0,0,0,0,0,0,0,0,0,0,0,0,0,0,0,0,0,0,0,0,0,0,0,0,0,0,0,0
Vëllaznimi,"A. Rushiti, D. Wilson, S. Zekiqi, Y. Anei, Z. Reid",Peja,"C. Edwards, D. Morris, M. Mala, S. Llapi, T. Green",1,82,1.4,3.0,0,0,3,0,0,1,0,0,0,0,0,1,1,0,0,0,0,1,4,2,4,50,0,0,0,0,0,0,1,3,4,1,0,1,0,0,3.0,2.9,0,136.5,-136.5,136.5,0,136.5,-4,0,0,0,0,0,0,0,0,0,0,0,0,0,0,0,0,0,0,0,0,0,0,0,0,0,0,0,0,0,0,0,0
Bora,"A. Hot, L. Thomas, R. Memedi, R. Ukaj, T. Cheese",Rahoveci 029,"B. Rexha, F. Rugova, I. Umipig, J. Roche, K. Pullian",1,91,1.5,3.0,2,1,3,33.3,0,2,0,0,0,0,0,1,1,0,0,0,0,0,4,2,3,66.7,0,1,0,0,0,0,0,2,2,1,0,0,0,1,3.0,3.0,66.7,133.3,-66.7,133.3,66.7,66.7,-2,0,0,0,0,0,0,0,0,0,0,0,0,0,0,0,0,0,0,0,0,0,0,0,0,0,0,0,0,0,0,0,0
Bora,"A. Hot, A. Hunter, L. Thomas, R. Ukaj, S. Jules",Rahoveci 029,"F. Rugova, H. Durguti, I. Umipig, J. Johnson, J. Roche",1,98,1.6,3.0,2,1,2,50,0,0,0,0,0,0,0,0,0,0,1,0,1,0,6,2,2,100,2,2,100,0,0,0,0,1,1,1,0,0,1,1,3.0,3.0,66.7,200,-133.3,200,66.7,133.3,-4,0,0,0,0,0,0,0,0,0,0,0,0,0,0,0,0,0,0,0,0,0,0,0,0,0,0,0,0,0,0,0,0
Vëllaznimi,"A. Koshi, A. Rushiti, D. Wilson, J. Hellems, Y. Anei",Trepça,"B. Tuna, K. Hasbrouck, M. Amzil, M. Tmusic, S. Jones",1,131,2.2,3.0,4,1,2,50,0,1,0,2,2,100,0,2,2,0,0,0,0,2,2,1,3,33.3,0,1,0,0,2,0,1,1,2,1,0,0,0,1,2.9,3.2,138.9,63.2,75.7,63.2,138.9,-75.7,2,0,0,0,0,0,0,0,0,0,0,0,0,0,0,0,0,0,0,0,0,0,0,0,0,0,0,0,0,0,0,0,0
Golden Eagle Ylli,"B. Huffman, E. Kastrati, G. Morina, L. Basic, S. Bamforth",Vëllaznimi,"A. Gordon, A. Koshi, D. Wilson, S. Zekiqi, Z. Reid",1,90,1.5,3.0,2,1,3,33.3,0,1,0,0,2,0,1,2,3,0,0,2,0,0,0,0,3,0,0,1,0,0,0,0,1,2,3,0,0,0,1,1,3.2,2.9,63.2,0,63.2,0,63.2,-63.2,2,0,0,0,0,0,0,0,0,0,0,0,0,0,0,0,0,0,0,0,0,0,0,0,0,0,0,0,0,0,0,0,0
Golden Eagle Ylli,"A. Scott, A. Çallakaj, G. Morina, L. Shoshi, S. Bamforth",Vëllaznimi,"A. Rushiti, D. Wilson, J. Hellems, S. Zekiqi, Y. Anei",1,117,1.9,3.0,5,2,3,66.7,1,1,100,0,0,0,0,1,1,0,0,0,0,0,2,1,3,33.3,0,2,0,0,0,0,1,1,2,0,0,0,1,3,3.0,2.9,166.7,68.3,98.4,68.3,166.7,-98.4,3,0,0,0,0,0,0,0,0,0,0,0,0,0,0,0,0,0,0,0,0,0,0,0,0,0,0,0,0,0,0,0,0
Bashkimi,"D. Lake, I. Cousins, I. Nwamu, L. Zeqiri, M. Armstead",Sigal Prishtina,"A. Bailey, D. Polloshka, E. Clarance, K. Dukes, V. Kakruki",1,123,2.0,3.0,4,2,3,66.7,0,0,0,0,0,0,0,1,1,0,1,0,0,2,0,0,1,0,0,0,0,0,0,0,0,1,1,0,0,0,2,0,3.0,3.0,133.3,0,133.3,0,133.3,-133.3,4,0,0,0,0,0,0,0,0,0,0,0,0,0,0,0,0,0,0,0,0,0,0,0,0,0,0,0,0,0,0,0,0
Bashkimi,"I. Nwamu, M. Ismaili, M. Janjeva, T. Bickerstaff, V. Bunjaku",Sigal Prishtina,"D. Polloshka, E. Clarance, J. Ismajli, K. Dukes, K. Kramer",1,110,1.8,3.0,6,3,3,100,0,0,0,0,0,0,0,0,0,2,2,0,0,1,3,1,2,50,1,1,100,0,0,0,1,0,1,0,0,0,2,0,3.0,2.9,200,102.4,97.6,102.4,200,-97.6,3,0,0,0,0,0,0,0,0,0,0,0,0,0,0,0,0,0,0,0,0,0,0,0,0,0,0,0,0,0,0,0,0
Trepça,"A. Vining, B. Tuna, K. Hasbrouck, M. Amzil, S. Jones",Golden Eagle Ylli,"A. Scott, E. Kastrati, G. Morina, L. Shoshi, S. Bamforth",1,75,1.2,3.0,5,2,2,100,1,1,100,0,0,0,0,1,1,1,0,0,0,0,3,1,2,50,1,1,100,0,0,0,0,0,0,1,0,0,2,1,2.0,4.0,250,75,175,75,250,-175,2,0,0,0,0,0,0,0,0,0,0,0,0,0,0,0,0,0,0,0,0,0,0,0,0,0,0,0,0,0,0,0,0
Trepça,"D. Kapiti, J. Payne, K. Hasbrouck, M. Amzil, M. Tmusic",Golden Eagle Ylli,"A. Scott, B. Huffman, E. Kastrati, L. Basic, S. Bamforth",1,90,1.5,3.0,3,1,2,50,1,2,50,0,0,0,0,1,1,1,0,0,1,1,4,2,4,50,0,1,0,0,0,0,1,1,2,2,1,0,0,1,3.0,2.9,100,136.5,-36.5,136.5,100,36.5,-1,0,0,0,0,0,0,0,0,0,0,0,0,0,0,0,0,0,0,0,0,0,0,0,0,0,0,0,0,0,0,0,0
Trepça,"A. Vining, J. Payne, M. Amzil, M. Tmusic, S. Jones",Golden Eagle Ylli,"A. Scott, E. Kastrati, L. Basic, L. Shoshi, S. Bamforth",1,92,1.5,3.0,3,1,2,50,1,1,100,0,0,0,0,1,1,1,0,0,1,0,4,2,4,50,0,1,0,0,0,0,1,1,2,1,0,0,0,0,3.0,2.9,100,136.5,-36.5,136.5,100,36.5,-1,0,0,0,0,0,0,0,0,0,0,0,0,0,0,0,0,0,0,0,0,0,0,0,0,0,0,0,0,0,0,0,0
Trepça,"B. Tuna, D. Kapiti, K. Hasbrouck, M. Amzil, M. Tmusic",Golden Eagle Ylli,"A. Çallakaj, B. Huffman, E. Kastrati, L. Basic, S. Bamforth",1,97,1.6,3.0,3,1,1,100,1,1,100,0,0,0,0,0,0,1,0,0,2,0,6,3,3,100,0,0,0,0,0,0,0,0,0,1,1,0,0,0,3.0,3.0,100,200,-100,200,100,100,-3,0,0,0,0,0,0,0,0,0,0,0,0,0,0,0,0,0,0,0,0,0,0,0,0,0,0,0,0,0,0,0,0
Trepça,"A. Vining, B. Tuna, D. Kapiti, K. Hasbrouck, M. Amzil",Golden Eagle Ylli,"A. Scott, B. Huffman, E. Kastrati, L. Basic, S. Bamforth",1,123,2.0,3.0,3,1,3,33.3,1,2,50,0,0,0,0,1,1,1,0,0,0,0,4,2,3,66.7,0,1,0,0,0,0,0,2,2,1,0,0,0,0,3.0,3.0,100,133.3,-33.3,133.3,100,33.3,-1,0,0,0,0,0,0,0,0,0,0,0,0,0,0,0,0,0,0,0,0,0,0,0,0,0,0,0,0,0,0,0,0
Bashkimi,"I. Cousins, I. Nwamu, K. Wooten, M. Janjeva, V. Bunjaku",GO+Peja,"C. Edwards, F. Shoshaj, O. Williams, S. Llapi, T. Green",1,96,1.6,3.0,0,0,3,0,0,2,0,0,0,0,0,0,0,0,1,0,0,0,2,1,1,100,0,0,0,0,0,0,0,3,3,0,0,0,2,1,3.0,3.0,0,66.7,-66.7,66.7,0,66.7,-2,0,0,0,0,0,0,0,0,0,0,0,0,0,0,0,0,0,0,0,0,0,0,0,0,0,0,0,0,0,0,0,0
Bashkimi,"I. Cousins, I. Nwamu, J. Nzeakor, M. Janjeva, V. Bunjaku",GO+Peja,"F. Shoshaj, L. Routt, O. Williams, S. Llapi, T. Green",1,68,1.1,3.0,3,1,2,50,1,1,100,0,0,0,0,1,1,1,0,0,1,0,0,0,1,0,0,0,0,0,0,0,0,1,1,0,1,0,2,0,3.0,3.0,100,0,100,0,100,-100,3,0,0,0,0,0,0,0,0,0,0,0,0,0,0,0,0,0,0,0,0,0,0,0,0,0,0,0,0,0,0,0,0
Vëllaznimi,"A. Rushiti, R. Dahsyla, S. Zekiqi, T. Todd, Z. Reid",Sigal Prishtina,"A. Bailey, A. Lomax, A. Morina, A. Sinani, K. Kramer",1,97,1.6,3.0,2,1,3,33.3,0,1,0,0,0,0,0,2,2,1,0,0,0,0,0,0,2,0,0,0,0,0,0,0,0,2,2,0,0,0,1,1,3.0,3.0,66.7,0,66.7,0,66.7,-66.7,2,0,0,0,0,0,0,0,0,0,0,0,0,0,0,0,0,0,0,0,0,0,0,0,0,0,0,0,0,0,0,0,0
Vëllaznimi,"A. Rushiti, J. Hellems, S. Zekiqi, T. Todd, Z. Reid",Sigal Prishtina,"A. Bailey, A. Lomax, A. Morina, A. Sinani, K. Kramer",1,125,2.1,3.0,1,0,2,0,0,2,0,1,2,50,1,2,3,0,1,0,1,2,0,0,2,0,0,0,0,0,2,0,1,1,2,0,0,0,1,3,2.8,3.2,35.6,0,35.6,0,35.6,-35.6,1,0,0,0,0,0,0,0,0,0,0,0,0,0,0,0,0,0,0,0,0,0,0,0,0,0,0,0,0,0,0,0,0
Golden Eagle Ylli,"A. Scott, D. Conger, G. Morina, S. Bamforth, T. Smith",Bora,"A. Hot, A. Hunter, J. Zeqiri, L. Thomas, R. Memedi",1,117,1.9,3.0,5,2,4,50,1,3,33.3,0,0,0,1,1,2,1,0,0,0,0,5,2,3,66.7,1,2,50,0,0,0,0,1,1,0,0,0,0,0,2.9,3.0,170.6,166.7,4,166.7,170.6,-4,0,0,0,0,0,0,0,0,0,0,0,0,0,0,0,0,0,0,0,0,0,0,0,0,0,0,0,0,0,0,0,0,0
Golden Eagle Ylli,"A. Scott, D. Conger, G. Morina, S. Bamforth, T. Smith",Bora,"A. Hunter, J. Zeqiri, R. Ukaj, S. Jules, T. Cheese",1,92,1.5,3.0,0,0,3,0,0,1,0,0,0,0,0,1,1,0,0,0,0,0,4,2,3,66.7,0,1,0,0,0,0,0,3,3,2,0,0,0,1,3.0,3.0,0,133.3,-133.3,133.3,0,133.3,-4,0,0,0,0,0,0,0,0,0,0,0,0,0,0,0,0,0,0,0,0,0,0,0,0,0,0,0,0,0,0,0,0
Bora,"A. Hunter, J. Zeqiri, L. Thomas, R. Memedi, T. Cheese",Bashkimi,"D. Lake, I. Nwamu, K. Anderson, L. Zeqiri, V. Bunjaku",1,109,1.8,3.0,8,3,3,100,2,2,100,0,0,0,0,1,1,2,0,0,0,0,2,1,2,50,0,0,0,0,0,0,0,0,0,0,0,0,1,0,3.0,3.0,266.7,66.7,200,66.7,266.7,-200,6,0,0,0,0,0,0,0,0,0,0,0,0,0,0,0,0,0,0,0,0,0,0,0,0,0,0,0,0,0,0,0,0
GO+Peja,"C. Edwards, F. Shoshaj, L. Routt, M. Mala, T. Green",Vëllaznimi,"A. Koshi, D. Wilson, S. Zekiqi, Y. Anei, Z. Reid",1,91,1.5,3.0,6,3,4,75,0,0,0,0,0,0,1,3,4,1,0,0,0,0,0,0,3,0,0,0,0,0,0,0,0,0,0,0,0,0,0,1,2.9,3.0,204.8,0,204.8,0,204.8,-204.8,6,0,0,0,0,0,0,0,0,0,0,0,0,0,0,0,0,0,0,0,0,0,0,0,0,0,0,0,0,0,0,0,0
GO+Peja,"A. Hajdari, C. Edwards, L. Routt, M. Mala, O. Williams",Vëllaznimi,"A. Gordon, D. Wilson, J. Hellems, R. Dahsyla, S. Zekiqi",1,66,1.1,3.0,0,0,2,0,0,1,0,0,0,0,0,0,0,0,0,0,2,1,5,2,2,100,1,1,100,0,0,0,0,2,2,0,0,0,0,0,4.0,2.0,0,250,-250,250,0,250,-5,0,0,0,0,0,0,0,0,0,0,0,0,0,0,0,0,0,0,0,0,0,0,0,0,0,0,0,0,0,0,0,0
Bashkimi,"D. Lake, I. Nwamu, M. Janjeva, S. Shorter, V. Bunjaku",Vëllaznimi,"A. Gordon, D. Wilson, J. Hellems, R. Dahsyla, S. Zekiqi",1,81,1.4,3.0,5,2,2,100,1,1,100,0,0,0,0,0,0,2,1,0,1,0,0,0,0,0,0,0,0,0,0,0,0,0,0,0,1,0,3,1,3.0,3.0,166.7,0,166.7,0,166.7,-166.7,5,0,0,0,0,0,0,0,0,0,0,0,0,0,0,0,0,0,0,0,0,0,0,0,0,0,0,0,0,0,0,0,0
Sigal Prishtina,"A. Bailey, A. Lomax, A. Morina, E. Clarance, V. Kakruki",Golden Eagle Ylli,"D. Thomas, E. Kastrati, J. Gray, S. Bamforth, T. Smith",1,127,2.1,3.0,5,2,3,66.7,1,2,50,0,0,0,0,0,0,2,0,0,0,1,6,3,4,75,0,1,0,0,0,0,1,1,2,3,0,0,0,0,3.0,2.9,166.7,204.8,-38.1,204.8,166.7,38.1,-1,0,0,0,0,0,0,0,0,0,0,0,0,0,0,0,0,0,0,0,0,0,0,0,0,0,0,0,0,0,0,0,0
Rahoveci 029,"A. Thomas, B. Rexha, J. Mccorrmick, K. Pullian, V. Ejupi",Bashkimi,"J. Riley, K. Anderson, K. Wooten, L. Zeqiri, V. Bunjaku",1,98,1.6,3.0,5,2,3,66.7,1,1,100,0,0,0,0,1,1,0,0,0,0,0,2,1,3,33.3,0,1,0,0,0,0,0,1,1,1,0,0,0,0,3.0,3.0,166.7,66.7,100,66.7,166.7,-100,3,0,0,0,0,0,0,0,0,0,0,0,0,0,0,0,0,0,0,0,0,0,0,0,0,0,0,0,0,0,0,0,0
Rahoveci 029,"A. Thomas, B. Rexha, F. Rugova, J. Mccorrmick, K. Pullian",Bashkimi,"J. Riley, K. Wooten, L. Zeqiri, M. Janjeva, S. Shorter",1,103,1.7,3.0,3,1,2,50,1,2,50,0,0,0,0,1,1,1,0,0,1,1,2,1,2,50,0,1,0,0,0,0,0,1,1,0,1,0,1,1,3.0,3.0,100,66.7,33.3,66.7,100,-33.3,1,0,0,0,0,0,0,0,0,0,0,0,0,0,0,0,0,0,0,0,0,0,0,0,0,0,0,0,0,0,0,0,0
Golden Eagle Ylli,"D. Sabeckis, D. Thomas, E. Kastrati, S. Bamforth, T. Smith",GO+Peja,"A. Hajdari, C. Edwards, C. Williams, D. Bracey, M. Mala",1,91,1.5,3.0,4,2,2,100,0,0,0,0,0,0,0,0,0,2,0,0,1,0,4,2,2,100,0,0,0,0,0,0,0,0,0,0,1,0,1,0,3.0,3.0,133.3,133.3,0,133.3,133.3,0,0,0,0,0,0,0,0,0,0,0,0,0,0,0,0,0,0,0,0,0,0,0,0,0,0,0,0,0,0,0,0,0,0
Trepça,"B. Tuna, J. Payne, K. Hasbrouck, M. Amzil, S. Jones",Vëllaznimi,"D. Wilson, J. Hellems, R. Dahsyla, S. Zekiqi, Y. Anei",1,116,1.9,3.0,2,1,3,33.3,0,1,0,0,0,0,0,1,1,1,0,0,0,1,5,2,3,66.7,1,1,100,0,0,0,0,2,2,2,0,1,0,2,3.0,3.0,66.7,166.7,-100,166.7,66.7,100,-3,0,0,0,0,0,0,0,0,0,0,0,0,0,0,0,0,0,0,0,0,0,0,0,0,0,0,0,0,0,0,0,0
Bashkimi,"I. Nwamu, K. Wooten, M. Armstead, M. Janjeva, S. Shorter",Trepça,"B. Tuna, K. Hasbrouck, M. Amzil, M. Tmusic, S. Henry",1,105,1.8,3.0,0,0,2,0,0,1,0,0,0,0,1,1,2,0,0,0,2,1,6,2,3,66.7,2,3,66.7,0,0,0,0,1,1,1,2,0,0,0,2.9,3.0,0,200,-200,200,0,200,-6,0,0,0,0,0,0,0,0,0,0,0,0,0,0,0,0,0,0,0,0,0,0,0,0,0,0,0,0,0,0,0,0
Trepça,"B. Tuna, C. Russell, D. Hajrizi, D. Kapiti, J. Payne",GO+ Peja,"C. Edwards, D. Berisha, J. Johnson, M. Armstread, T. Green",1,100,1.7,2.9,2,1,3,33.3,0,2,0,0,0,0,0,1,1,0,0,1,0,0,4,2,5,40,0,1,0,0,0,0,2,2,4,1,0,0,0,0,3.0,2.9,66.7,139.9,-73.2,139.9,66.7,73.2,-2,0,0,0,0,0,0,0,0,0,0,0,0,0,0,0,0,0,0,0,0,0,0,0,0,0,0,0,0,0,0,0,0
GO+Peja,"A. Herndon, D. Berisha, J. Johnson, M. Mala, T. Green",Golden Eagle Ylli,"A. Shala, A. Çallakaj, B. Huffman, L. Basic, T. Allen",1,65,1.1,2.9,4,2,3,66.7,0,1,0,0,0,0,0,3,3,1,0,1,0,0,1,0,2,0,0,1,0,1,2,50,0,1,1,1,0,0,0,0,3.0,2.9,133.3,34.7,98.6,34.7,133.3,-98.6,3,0,0,0,0,0,0,0,0,0,0,0,0,0,0,0,0,0,0,0,0,0,0,0,0,0,0,0,0,0,0,0,0
GO+Peja,"A. Herndon, D. Berisha, J. Johnson, M. Armstead, T. Green",Golden Eagle Ylli,"A. Çallakaj, B. Huffman, G. Morina, L. Thomas, T. Allen",1,84,1.4,2.9,3,1,4,25,1,3,33.3,0,0,0,1,1,2,1,1,0,0,1,3,1,1,100,0,0,0,1,2,50,0,2,2,1,0,0,1,1,2.9,2.9,102.4,104.2,-1.8,104.2,102.4,1.8,0,0,0,0,0,0,0,0,0,0,0,0,0,0,0,0,0,0,0,0,0,0,0,0,0,0,0,0,0,0,0,0,0
Vëllaznimi,"A. Koshi, L. Colimerio, M. Warrick, R. Dahsyla, Z. Ried",Trepça,"A. Arslanagic, B. Tuna, D. Hajrizi, M. Tmusic, S. Jones",1,77,1.3,2.9,0,0,1,0,0,1,0,0,0,0,0,0,0,0,0,0,1,1,8,2,2,100,0,0,0,4,4,100,0,1,1,0,0,0,0,1,2.0,3.8,0,212.8,-212.8,212.8,0,212.8,-8,0,0,0,0,0,0,0,0,0,0,0,0,0,0,0,0,0,0,0,0,0,0,0,0,0,0,0,0,0,0,0,0
Vëllaznimi,"A. Koshi, L. Colimerio, M. Warrick, R. Dahsyla, Z. Ried",Trepça,"B. Tuna, D. Kapiti, J. Payne, M. Amzil, M. Tmusic",1,109,1.8,2.9,0,0,4,0,0,0,0,0,0,0,1,0,1,0,1,0,0,2,4,1,2,50,0,1,0,2,2,100,1,3,4,0,0,0,1,0,2.9,2.8,0,142.3,-142.3,142.3,0,142.3,-4,0,0,0,0,0,0,0,0,0,0,0,0,0,0,0,0,0,0,0,0,0,0,0,0,0,0,0,0,0,0,0,0
Vëllaznimi,"A. Bedra, J. Ismajli, M. Warrick, R. Dahsyla, Z. Ried",Trepça,"A. Gashi, J. Payne, M. Amzil, M. Tmusic, S. Jones",1,81,1.4,2.9,4,2,3,66.7,0,1,0,0,0,0,0,1,1,0,0,0,0,1,3,1,2,50,0,0,0,1,2,50,0,1,1,0,0,0,0,1,3.0,2.9,133.3,104.2,29.2,104.2,133.3,-29.2,1,0,0,0,0,0,0,0,0,0,0,0,0,0,0,0,0,0,0,0,0,0,0,0,0,0,0,0,0,0,0,0,0
Vëllaznimi,"A. Bedra, A. Koshi, M. Warrick, R. Dahsyla, Z. Ried",Trepça,"A. Gashi, B. Zekiqi, J. Payne, M. Amzil, S. Jones",1,92,1.5,2.9,7,2,3,66.7,1,1,100,2,2,100,1,0,1,1,1,0,0,0,4,2,3,66.7,0,1,0,0,0,0,1,0,1,1,0,0,1,1,2.8,2.9,249.1,136.5,112.6,136.5,249.1,-112.6,3,0,0,0,0,0,0,0,0,0,0,0,0,0,0,0,0,0,0,0,0,0,0,0,0,0,0,0,0,0,0,0,0
Golden Eagle Ylli,"A. Gashi, A. Çallakaj, L. Basic, L. Shoshi, T. Allen",Vëllaznimi,"A. Koshi, J. Ismajli, L. Colimerio, M. Warrick, R. Dahsyla",1,114,1.9,2.9,2,1,6,16.7,0,2,0,0,0,0,3,1,4,0,1,0,0,1,3,1,2,50,1,1,100,0,0,0,0,2,2,1,0,0,1,0,2.8,3.0,71.7,100,-28.3,100,71.7,28.3,-1,0,0,0,0,0,0,0,0,0,0,0,0,0,0,0,0,0,0,0,0,0,0,0,0,0,0,0,0,0,0,0,0
Golden Eagle Ylli,"G. Morina, L. Basic, L. Shoshi, L. Thomas, T. Allen",Vëllaznimi,"J. Ismajli, L. Colimerio, M. Warrick, R. Dahsyla, Z. Reid",1,91,1.5,2.9,5,2,3,66.7,1,1,100,0,0,0,0,1,1,1,0,0,0,1,6,2,2,100,1,1,100,1,2,50,0,1,1,1,0,0,0,0,3.0,2.9,166.7,208.3,-41.7,208.3,166.7,41.7,-1,0,0,0,0,0,0,0,0,0,0,0,0,0,0,0,0,0,0,0,0,0,0,0,0,0,0,0,0,0,0,0,0
Bora,"A. Mekic, D. Taylor, G. Singleton, R. Memed, S. Jules",GO+Peja,"C. Edwards, J. Johnson, M. Armstead, M. Mala, S. Flateen",1,71,1.2,2.9,5,2,2,100,0,0,0,1,2,50,0,0,0,1,1,0,0,1,4,1,1,100,0,0,0,2,2,100,0,0,0,1,0,0,1,1,2.9,2.9,173.6,138.9,34.7,138.9,173.6,-34.7,1,0,0,0,0,0,0,0,0,0,0,0,0,0,0,0,0,0,0,0,0,0,0,0,0,0,0,0,0,0,0,0,0
Bora,"A. Mekic, G. Singleton, R. Memed, R. Ukaj, T. Jackson",GO+Peja,"C. Edwards, D. Berisha, J. Johnson, M. Armstead, T. Green",1,51,0.8,2.9,4,2,3,66.7,0,1,0,0,0,0,0,1,1,0,2,0,0,1,1,0,0,0,0,0,0,1,2,50,0,1,1,0,0,0,2,1,3.0,2.9,133.3,34.7,98.6,34.7,133.3,-98.6,3,0,0,0,0,0,0,0,0,0,0,0,0,0,0,0,0,0,0,0,0,0,0,0,0,0,0,0,0,0,0,0,0
Bora,"A. Mekic, D. Taylor, J. Zeqiri, R. Memed, S. Jules",GO+Peja,"A. Herndon, J. Johnson, M. Armstead, M. Mala, S. Flateen",1,113,1.9,2.9,2,1,3,33.3,0,2,0,0,0,0,0,1,1,0,0,0,0,1,5,1,2,50,1,1,100,2,2,100,0,2,2,2,0,0,0,1,3.0,2.9,66.7,173.6,-106.9,173.6,66.7,106.9,-3,0,0,0,0,0,0,0,0,0,0,0,0,0,0,0,0,0,0,0,0,0,0,0,0,0,0,0,0,0,0,0,0
Rahoveci 029,"F. Rugova, I. Umipig, J. Jones, P. Weekes, V. Ejupi",Sigal Prishtina,"A. Azemi, D. Burns, L. Autrey, M. Janjeva, V. Kakruki",1,102,1.7,2.9,2,1,3,33.3,0,1,0,0,0,0,1,0,1,0,1,0,1,1,4,1,1,100,0,0,0,2,2,100,0,1,1,1,1,0,1,0,2.9,2.9,68.3,138.9,-70.6,138.9,68.3,70.6,-2,0,0,0,0,0,0,0,0,0,0,0,0,0,0,0,0,0,0,0,0,0,0,0,0,0,0,0,0,0,0,0,0
Bashkimi,"J. Baily, K. Anderson, L. Zeqiri, T. Bickerstaff, V. Bunjaku",Sigal Prishtina,"A. Azemi, A. Bailey, D. Lekndreaj, L. Autrey, V. Kakruki",1,101,1.7,2.9,7,2,2,100,1,1,100,2,2,100,0,1,1,2,0,0,0,1,5,2,4,50,1,2,50,0,0,0,1,0,1,1,0,0,0,1,2.9,2.9,243.1,170.6,72.4,170.6,243.1,-72.4,2,0,0,0,0,0,0,0,0,0,0,0,0,0,0,0,0,0,0,0,0,0,0,0,0,0,0,0,0,0,0,0,0
GO+Peja,"A. Herndon, D. Berisha, J. Johnson, M. Mala, T. Green",Rahoveci 029,"B. Rexha, I. Umipig, J. Roche, K. Pullian, K. Ujkani",1,78,1.3,2.9,0,0,2,0,0,1,0,0,0,0,0,0,0,0,0,1,1,1,6,2,4,50,1,1,100,1,2,50,2,2,4,1,0,0,0,1,3.0,2.7,0,219,-219,219,0,219,-6,0,0,0,0,0,0,0,0,0,0,0,0,0,0,0,0,0,0,0,0,0,0,0,0,0,0,0,0,0,0,0,0
GO+Peja,"A. Herndon, J. Johnson, M. Armstead, M. Mala, T. Green",Rahoveci 029,"F. Rugova, H. Durguti, I. Umipig, J. Roche, K. Pullian",1,60,1.0,2.9,3,1,2,50,0,1,0,1,2,50,0,0,0,1,0,0,0,0,5,2,3,66.7,1,2,50,0,0,0,0,2,2,1,0,0,0,0,2.9,3.0,104.2,166.7,-62.5,166.7,104.2,62.5,-2,0,0,0,0,0,0,0,0,0,0,0,0,0,0,0,0,0,0,0,0,0,0,0,0,0,0,0,0,0,0,0,0
Golden Eagle Ylli,"A. Çallakaj, G. Morina, J. Reece, L. Basic, T. Allen",Bashkimi,"A. Morina, I. Cousins, J. Palokaj, K. Anderson, T. Bickerstaff",1,75,1.2,2.9,1,0,1,0,0,1,0,1,2,50,0,1,1,0,0,0,1,0,2,1,2,50,0,1,0,0,0,0,0,2,2,0,1,0,1,0,2.9,3.0,34.7,66.7,-31.9,66.7,34.7,31.9,-1,0,0,0,0,0,0,0,0,0,0,0,0,0,0,0,0,0,0,0,0,0,0,0,0,0,0,0,0,0,0,0,0
Bora,"A. Hot, A. Mekic, G. Zeqiri, R. Memedi, S. Jules",Trepça,"A. Arslanagic, B. Tuna, D. Kapiti, M. Amzil, M. Tmusic",1,137,2.3,2.9,5,2,5,40,1,1,100,0,0,0,2,1,3,1,0,0,0,0,0,0,1,0,0,1,0,0,0,0,0,1,1,0,0,0,2,2,2.9,3.0,174.8,0,174.8,0,174.8,-174.8,5,0,0,0,0,0,0,0,0,0,0,0,0,0,0,0,0,0,0,0,0,0,0,0,0,0,0,0,0,0,0,0,0
Bora,"A. Hot, A. Mekic, G. Zeqiri, J. Zeqiri, S. Jules",Trepça,"B. Tuna, D. Kapiti, J. Payne, M. Amzil, M. Tmusic",1,68,1.1,2.9,1,0,2,0,0,0,0,1,2,50,0,2,2,0,0,0,0,0,2,1,3,33.3,0,2,0,0,0,0,0,2,2,1,0,0,0,1,2.9,3.0,34.7,66.7,-31.9,66.7,34.7,31.9,-1,0,0,0,0,0,0,0,0,0,0,0,0,0,0,0,0,0,0,0,0,0,0,0,0,0,0,0,0,0,0,0,0
Rahoveci 029,"B. Rexha, F. Rugova, I. Umipig, J. Roche, K. Pullian",Vëllaznimi,"A. Koshi, J. Ismajli, L. Colimerio, M. Warrick, Y. Anei",1,89,1.5,2.9,3,1,2,50,1,1,100,0,0,0,0,2,2,0,0,0,0,1,4,2,4,50,0,0,0,0,1,0,1,1,2,0,0,1,0,1,2.0,3.7,150,107.3,42.7,107.3,150,-42.7,-1,0,0,0,0,0,0,0,0,0,0,0,0,0,0,0,0,0,0,0,0,0,0,0,0,0,0,0,0,0,0,0,0
Rahoveci 029,"B. Rexha, E. Peci, F. Rugova, J. Roche, K. Pullian",Vëllaznimi,"K. Ezeagu, L. Colimerio, M. Warrick, R. Dahsyla, S. Zekiqi",1,69,1.1,2.9,0,0,1,0,0,0,0,0,0,0,0,1,1,0,0,0,2,1,2,0,1,0,0,0,0,2,2,100,0,1,1,0,2,1,1,1,3.0,2.9,0,69.4,-69.4,69.4,0,69.4,-2,0,0,0,0,0,0,0,0,0,0,0,0,0,0,0,0,0,0,0,0,0,0,0,0,0,0,0,0,0,0,0,0
Sigal Prishtina,"A. Azemi, A. Bailey, D. Burns, L. Autrey, V. Kakruki",GO+Peja,"A. Hajdari, J. Johnson, M. Armstead, S. Flatten, T. Green",1,69,1.1,2.9,1,0,1,0,0,0,0,1,4,25,0,0,0,0,1,0,0,0,6,2,2,100,2,2,100,0,0,0,0,3,3,1,0,0,1,1,2.8,3.0,36.2,200,-163.8,200,36.2,163.8,-5,0,0,0,0,0,0,0,0,0,0,0,0,0,0,0,0,0,0,0,0,0,0,0,0,0,0,0,0,0,0,0,0
Bashkimi,"D. Lake, I. Cousins, J. Palokaj, K. Anderson, L. Zeqiri",GO+Peja,"C. Edwards, J. Johnson, M. Armstead, M. Mala, T. Green",1,64,1.1,2.9,5,2,3,66.7,1,1,100,0,0,0,0,1,1,2,1,0,0,0,1,0,1,0,0,1,0,1,2,50,0,1,1,0,0,0,1,0,3.0,2.9,166.7,34.7,131.9,34.7,166.7,-131.9,4,0,0,0,0,0,0,0,0,0,0,0,0,0,0,0,0,0,0,0,0,0,0,0,0,0,0,0,0,0,0,0,0
Trepça,"A. Arslanagic, D. Kapiti, J. Payne, M. Amzil, M. Tmusic",Rahoveci 029,"B. Rexha, E. Peci, I. Umipig, J. Roche, K. Pullian",1,98,1.6,2.9,2,0,2,0,0,2,0,2,2,100,0,1,1,0,1,0,0,2,2,1,3,33.3,0,1,0,0,0,0,1,2,3,0,0,0,1,1,2.9,2.9,69.4,68.3,1.2,68.3,69.4,-1.2,0,0,0,0,0,0,0,0,0,0,0,0,0,0,0,0,0,0,0,0,0,0,0,0,0,0,0,0,0,0,0,0,0
Golden Eagle Ylli,"A. Çallakaj, B. Huffman, G. Morina, L. Thomas, T. Allen",Bora,"A. Hot, A. Mekic, J. Zeqiri, S. Jules, T. Cheese",1,110,1.8,2.9,0,0,2,0,0,0,0,0,0,0,0,2,2,0,0,1,1,0,2,1,7,14.3,0,1,0,0,0,0,4,2,6,0,1,0,0,1,3.0,2.7,0,73.5,-73.5,73.5,0,73.5,-2,0,0,0,0,0,0,0,0,0,0,0,0,0,0,0,0,0,0,0,0,0,0,0,0,0,0,0,0,0,0,0,0
Golden Eagle Ylli,"A. Çallakaj, E. Kastrati, G. Morina, L. Shoshi, T. Allen",Bora,"A. Hot, A. Mekic, G. Singleton, O. Kurtaj, T. Jackson",1,87,1.4,2.9,5,1,4,25,1,1,100,2,2,100,2,1,3,0,0,0,0,1,6,2,3,66.7,2,3,66.7,0,0,0,0,1,1,2,0,0,0,1,2.7,3.0,182.5,200,-17.5,200,182.5,17.5,-1,0,0,0,0,0,0,0,0,0,0,0,0,0,0,0,0,0,0,0,0,0,0,0,0,0,0,0,0,0,0,0,0
Golden Eagle Ylli,"A. Çallakaj, E. Kastrati, J. Reece, T. Allen, T. Allen",Bora,"A. Mekic, J. Zeqiri, O. Kurtaj, S. Jules, T. Cheese",1,118,2.0,2.9,3,1,3,33.3,1,1,100,0,0,0,0,0,0,0,0,0,0,2,6,2,3,66.7,0,1,0,2,2,100,1,2,3,2,0,0,0,0,3.0,2.8,100,213.5,-113.5,213.5,100,113.5,-3,0,0,0,0,0,0,0,0,0,0,0,0,0,0,0,0,0,0,0,0,0,0,0,0,0,0,0,0,0,0,0,0
Bora,"G. Singleton, J. Zeqiri, O. Kurtaj, S. Jules, T. Chese",Bashkimi,"I. Cousins, J. Baily, L. Zeqiri, T. Bickerstaff, V. Bunjaku",1,45,0.8,2.9,0,0,2,0,0,1,0,0,0,0,0,1,1,0,0,0,0,0,1,0,0,0,0,0,0,1,2,50,0,2,2,0,0,0,3,1,2.0,3.9,0,25.8,-25.8,25.8,0,25.8,-1,0,0,0,0,0,0,0,0,0,0,0,0,0,0,0,0,0,0,0,0,0,0,0,0,0,0,0,0,0,0,0,0
Bora,"A. Mekic, J. Zeqiri, O. Kurtaj, S. Jules, T. Chese",Bashkimi,"D. Lake, I. Cousins, J. Palokaj, K. Anderson, L. Zeqiri",1,103,1.7,2.9,2,1,3,33.3,0,0,0,0,0,0,1,1,2,0,0,0,1,2,5,2,4,50,1,1,100,0,0,0,1,1,2,1,1,0,0,1,2.9,2.9,68.3,170.6,-102.4,170.6,68.3,102.4,-3,0,0,0,0,0,0,0,0,0,0,0,0,0,0,0,0,0,0,0,0,0,0,0,0,0,0,0,0,0,0,0,0
Rahoveci 029,"F. Rugova, H. Durguti, I. Umipig, K. Pullian, K. Ujkani",Golden Eagle Ylli,"A. Scott, E. Kastrati, G. Morina, J. Reece, T. Allen",1,113,1.9,2.9,3,1,3,33.3,0,0,0,1,2,50,1,1,2,1,1,0,0,0,3,1,3,33.3,1,2,50,0,0,0,1,1,2,1,0,0,1,1,2.8,2.9,106.8,102.4,4.4,102.4,106.8,-4.4,0,0,0,0,0,0,0,0,0,0,0,0,0,0,0,0,0,0,0,0,0,0,0,0,0,0,0,0,0,0,0,0,0
Sigal Prishtina,"A. Azemi, A. Bailey, D. Burns, D. Lekndreaj, V. Kakruki",Trepça,"B. Tuna, C. Brown, J. Payne, M. Amzil, M. Tmusic",1,105,1.8,2.9,2,1,3,33.3,0,1,0,0,0,0,1,0,1,1,1,0,1,0,2,1,2,50,0,1,0,0,0,0,1,1,2,0,1,1,2,0,2.9,2.9,68.3,68.3,0,68.3,68.3,0,0,0,0,0,0,0,0,0,0,0,0,0,0,0,0,0,0,0,0,0,0,0,0,0,0,0,0,0,0,0,0,0,0
GO+Peja,"A. Hajdari, C. Edwards, D. Morris, M. Armstead, T. Green",Vëllaznimi,"A. Koshi, J. Hellems, L. Colimerio, R. Dahsyla, Z. Reid",1,90,1.5,2.9,2,1,3,33.3,0,1,0,0,0,0,2,0,2,0,0,0,2,0,4,2,3,66.7,0,0,0,0,0,0,1,0,1,0,1,0,1,0,2.9,2.9,69.9,136.5,-66.6,136.5,69.9,66.6,-2,0,0,0,0,0,0,0,0,0,0,0,0,0,0,0,0,0,0,0,0,0,0,0,0,0,0,0,0,0,0,0,0
Bashkimi,"I. Cousins, K. Anderson, L. Zeqiri, T. Bickerstaff, V. Bunjaku",Vëllaznimi,"J. Hellems, M. Warrick, R. Dahsyla, S. Zekiqi, Z. Reid",1,105,1.8,2.9,4,1,2,50,0,1,0,2,2,100,0,0,0,1,0,0,0,0,5,2,2,100,1,1,100,0,0,0,0,1,1,1,0,0,1,2,2.9,3.0,138.9,166.7,-27.8,166.7,138.9,27.8,-1,0,0,0,0,0,0,0,0,0,0,0,0,0,0,0,0,0,0,0,0,0,0,0,0,0,0,0,0,0,0,0,0
Rahoveci 029,"F. Rugova, H. Durguti, I. Umipig, J. Roche, K. Pullian",Bora,"A. Hot, A. Hunter, A. Mekic, C. Payton Jr, R. Ukaj",1,114,1.9,2.9,2,1,6,16.7,0,2,0,0,0,0,3,0,3,0,0,0,0,0,3,1,1,100,1,1,100,0,0,0,0,2,2,1,0,0,2,0,2.8,3.0,71.7,100,-28.3,100,71.7,28.3,-1,0,0,0,0,0,0,0,0,0,0,0,0,0,0,0,0,0,0,0,0,0,0,0,0,0,0,0,0,0,0,0,0
Bora,"A. Hot, A. Hunter, C. Payton, J. Zeqiri, T. Cheese",Sigal Prishtina,"A. Azemi, A. Bailey, D. Burns, D. Haxhosaj, K. Kramer",1,95,1.6,2.9,5,2,4,50,1,3,33.3,0,0,0,1,2,3,2,0,0,0,2,1,0,3,0,0,3,0,1,2,50,1,1,2,0,0,0,0,1,2.9,2.8,170.6,35.6,135.1,35.6,170.6,-135.1,4,0,0,0,0,0,0,0,0,0,0,0,0,0,0,0,0,0,0,0,0,0,0,0,0,0,0,0,0,0,0,0,0
Bashkimi,"B. Bytyqi, K. Anderson, L. Zeqiri, M. Janjeva, T. Bickerstaff",Trepça,"A. Arslanagic, B. Tuna, D. Kapiti, J. Payne, M. Amzil",1,70,1.2,2.9,4,2,2,100,0,0,0,0,0,0,0,0,0,1,1,0,1,1,2,0,0,0,0,0,0,2,2,100,0,0,0,0,0,0,2,0,3.0,2.9,133.3,69.4,63.9,69.4,133.3,-63.9,2,0,0,0,0,0,0,0,0,0,0,0,0,0,0,0,0,0,0,0,0,0,0,0,0,0,0,0,0,0,0,0,0
GO+Peja,"A. Hhajdari, C. Edwards, D. Berisha, J. Johnson, T. Green",Bora,"A. Hunter, A. Mekic, C. Payton Jr, G. Zeqiri, J. Zeqiri",1,80,1.3,2.9,4,1,2,50,0,0,0,2,2,100,0,0,0,0,0,0,0,1,7,2,2,100,1,1,100,2,2,100,0,1,1,2,0,0,0,1,2.9,2.9,138.9,243.1,-104.2,243.1,138.9,104.2,-3,0,0,0,0,0,0,0,0,0,0,0,0,0,0,0,0,0,0,0,0,0,0,0,0,0,0,0,0,0,0,0,0
Rahoveci 029,"A. Berisha, F. Rugova, I. Umipig, J. Roche, K. Pullian",GO+Peja,"A. Hajdari, A. Herndon, C. Edwards, D. Berisha, S. Flatten",1,115,1.9,2.9,3,1,3,33.3,1,2,50,0,0,0,0,2,2,0,0,0,0,1,2,1,2,50,0,1,0,0,2,0,0,2,2,0,0,0,0,0,3.0,2.9,100,69.4,30.6,69.4,100,-30.6,1,0,0,0,0,0,0,0,0,0,0,0,0,0,0,0,0,0,0,0,0,0,0,0,0,0,0,0,0,0,0,0,0
Rahoveci 029,"A. Berisha, A. Patty, F. Rugova, J. Roche, K. Pullian",GO+Peja,"A. Hajdari, A. Herndon, C. Edwards, D. Berisha, S. Flatten",1,104,1.7,2.9,2,1,5,20,0,3,0,0,0,0,2,0,2,0,1,0,0,1,4,1,1,100,1,1,100,1,2,50,0,2,2,1,0,1,1,0,2.9,2.9,69.9,138.9,-69,138.9,69.9,69,-2,0,0,0,0,0,0,0,0,0,0,0,0,0,0,0,0,0,0,0,0,0,0,0,0,0,0,0,0,0,0,0,0
Golden Eagle Ylli,"A. Scott, A. Çallakaj, E. Kastrati, G. Morina, J. Reece",Trepça,"A. Arslanagic, D. Hajrizi, D. Kapiti, M. Tmusic, S. Henry",1,77,1.3,2.9,5,1,1,100,1,1,100,2,4,50,0,1,1,1,0,0,0,0,5,2,3,66.7,1,1,100,0,0,0,0,1,1,1,0,0,0,2,2.8,3.0,181.2,166.7,14.5,166.7,181.2,-14.5,0,0,0,0,0,0,0,0,0,0,0,0,0,0,0,0,0,0,0,0,0,0,0,0,0,0,0,0,0,0,0,0,0
Bashkimi,"D. Lake, I. Cousins, K. Anderson, L. Zeqiri, M. Janjeva",Golden Eagle Ylli,"A. Scott, B. Huffman, E. Kastrati, G. Morina, T. Allen",1,70,1.2,2.9,4,2,4,50,0,0,0,0,0,0,1,0,1,0,2,0,0,1,2,0,0,0,0,0,0,2,2,100,0,1,1,0,0,0,2,1,2.9,2.9,136.5,69.4,67.1,69.4,136.5,-67.1,2,0,0,0,0,0,0,0,0,0,0,0,0,0,0,0,0,0,0,0,0,0,0,0,0,0,0,0,0,0,0,0,0
GO+Peja,"A. Herndon, D. Berisha, M. Mala, S. Flatten, T. Green",Bashkimi,"D. Lake, I. Cousins, K. Anderson, L. Zeqiri, M. Ismaili",1,108,1.8,2.9,5,1,1,100,1,1,100,2,2,100,0,2,2,1,0,0,1,0,3,1,2,50,0,1,0,1,2,50,0,0,0,1,1,0,0,3,2.9,2.9,173.6,104.2,69.4,104.2,173.6,-69.4,2,0,0,0,0,0,0,0,0,0,0,0,0,0,0,0,0,0,0,0,0,0,0,0,0,0,0,0,0,0,0,0,0
Rahoveci 029,"A. Berisha, J. Johnson, J. Roche, K. Pullian, V. Ejupi",Trepça,"A. Arslanagic, D. Hajrizi, D. Kapiti, K. Hasbrouck, M. Tmusic",1,71,1.2,2.9,4,1,1,100,1,1,100,1,2,50,0,0,0,1,0,0,1,1,8,3,3,100,2,2,100,0,0,0,0,0,0,2,1,0,0,0,2.9,3.0,138.9,266.7,-127.8,266.7,138.9,127.8,-4,0,0,0,0,0,0,0,0,0,0,0,0,0,0,0,0,0,0,0,0,0,0,0,0,0,0,0,0,0,0,0,0
Rahoveci 029,"B. Rexha, H. Durguti, J. Johnson, J. Roche, K. Ujkani",Trepça,"D. Hajrizi, K. Hasbrouck, M. Tmusic, S. Henry, S. Jones",1,109,1.8,2.9,2,1,5,20,0,1,0,0,0,0,2,0,2,0,0,0,0,0,7,3,4,75,1,1,100,0,0,0,1,2,3,2,0,0,0,0,2.9,2.9,69.9,238.9,-169,238.9,69.9,169,-5,0,0,0,0,0,0,0,0,0,0,0,0,0,0,0,0,0,0,0,0,0,0,0,0,0,0,0,0,0,0,0,0
Rahoveci 029,"A. Patty, B. Rexha, J. Johnson, K. Pullian, V. Ejupi",Trepça,"A. Gashi, D. Hajrizi, D. Kapiti, M. Tmusic, S. Henry",1,124,2.1,2.9,3,1,4,25,1,2,50,0,0,0,1,1,2,0,0,1,0,1,4,2,4,50,0,1,0,0,0,0,1,2,3,1,0,0,0,0,2.9,2.9,102.4,136.5,-34.1,136.5,102.4,34.1,-1,0,0,0,0,0,0,0,0,0,0,0,0,0,0,0,0,0,0,0,0,0,0,0,0,0,0,0,0,0,0,0,0
Bora,"A. Hot, A. Hunter, A. Mekic, J. Zeqiri, S. Jules",Golden Eagle Ylli,"A. Scott, B. Huffman, E. Kastrati, G. Morina, T. Allen",1,118,2.0,2.9,0,0,6,0,0,4,0,0,0,0,3,0,3,0,0,0,0,1,5,2,2,100,1,1,100,0,0,0,0,3,3,1,0,0,1,0,2.8,3.0,0,166.7,-166.7,166.7,0,166.7,-5,0,0,0,0,0,0,0,0,0,0,0,0,0,0,0,0,0,0,0,0,0,0,0,0,0,0,0,0,0,0,0,0
Bora,"A. Hot, A. Hunter, C. Payton, R. Memedi, T. Cheese",Golden Eagle Ylli,"A. Gashi, A. Scott, G. Morina, J. Reece, T. Allen",1,88,1.5,2.9,6,2,4,50,2,3,66.7,0,0,0,1,1,2,2,0,0,0,0,4,1,3,33.3,0,1,0,2,2,100,1,1,2,1,0,0,0,0,2.9,2.8,204.8,142.3,62.4,142.3,204.8,-62.4,2,0,0,0,0,0,0,0,0,0,0,0,0,0,0,0,0,0,0,0,0,0,0,0,0,0,0,0,0,0,0,0,0
Golden Eagle Ylli,"A. Scott, B. Huffman, G. Morina, S. Bamforth, T. Allen",Rahoveci 029,"A. Thomas, I. Umipig, K. Pullian, K. Ujkani, V. Ejupi",1,121,2.0,2.9,6,3,3,100,0,0,0,0,0,0,0,1,1,2,1,0,0,1,2,1,4,25,0,3,0,0,0,0,2,0,2,0,0,0,1,1,3.0,2.9,200,69.9,130.1,69.9,200,-130.1,4,0,0,0,0,0,0,0,0,0,0,0,0,0,0,0,0,0,0,0,0,0,0,0,0,0,0,0,0,0,0,0,0
Trepça,"A. Gashi, B. Tuna, D. Hajrizi, K. Hasbrouck, S. Jones",Sigal Prishtina,"A. Bailey, A. Morina, D. Polloshka, K. Dukes, K. Kramer",1,85,1.4,2.9,5,1,1,100,0,0,0,3,4,75,0,1,1,1,1,0,0,1,2,1,2,50,0,1,0,0,0,0,0,1,1,0,0,0,1,2,2.8,3.0,181.2,66.7,114.5,66.7,181.2,-114.5,3,0,0,0,0,0,0,0,0,0,0,0,0,0,0,0,0,0,0,0,0,0,0,0,0,0,0,0,0,0,0,0,0
Vëllaznimi,"A. Rushiti, D. Wilson, J. Hellems, S. Zekiqi, Y. Anei",Peja,"A. Hajdari, C. Edwards, J. Johnson, M. Mala, S. Flatten",1,91,1.5,2.9,0,0,4,0,0,0,0,0,0,0,1,1,2,0,0,0,0,1,4,1,2,50,0,1,0,2,2,100,0,3,3,0,0,0,0,0,2.9,2.9,0,138.9,-138.9,138.9,0,138.9,-4,0,0,0,0,0,0,0,0,0,0,0,0,0,0,0,0,0,0,0,0,0,0,0,0,0,0,0,0,0,0,0,0
Vëllaznimi,"A. Koshi, J. Hellems, S. Zekiqi, T. Todd, Y. Anei",Bashkimi,"I. Cousins, M. Janjeva, S. Shorter, T. Bickerstaff, V. Bunjaku",1,89,1.5,2.9,4,2,3,66.7,0,0,0,0,0,0,0,1,1,1,0,1,0,0,4,1,3,33.3,0,0,0,2,2,100,1,1,2,1,0,0,0,0,3.0,2.8,133.3,142.3,-9,142.3,133.3,9,0,0,0,0,0,0,0,0,0,0,0,0,0,0,0,0,0,0,0,0,0,0,0,0,0,0,0,0,0,0,0,0,0
Vëllaznimi,"A. Gordon, A. Rushiti, D. Wilson, J. Hellems, S. Zekiqi",Bashkimi,"D. Lake, I. Nwamu, L. Zeqiri, M. Armstead, S. Shorter",1,107,1.8,2.9,4,2,4,50,0,1,0,0,0,0,1,0,1,1,0,0,0,0,6,2,3,66.7,2,3,66.7,0,0,0,1,1,2,2,0,0,1,0,2.9,2.9,136.5,204.8,-68.3,204.8,136.5,68.3,-2,0,0,0,0,0,0,0,0,0,0,0,0,0,0,0,0,0,0,0,0,0,0,0,0,0,0,0,0,0,0,0,0
Trepça,"A. Vining, B. Zekiqi, D. Kapiti, K. Hasbrouck, M. Amzil",GO+Peja,"A. Herndon, F. Shoshaj, J. Johnson, O. Williams, S. Llapi",1,84,1.4,2.9,5,2,4,50,1,2,50,0,0,0,1,2,3,1,0,0,0,0,1,0,2,0,0,2,0,1,2,50,0,1,1,0,0,0,0,0,2.9,2.9,170.6,34.7,135.9,34.7,170.6,-135.9,4,0,0,0,0,0,0,0,0,0,0,0,0,0,0,0,0,0,0,0,0,0,0,0,0,0,0,0,0,0,0,0,0
Bora,"A. Hunter, L. Thomas, R. Memedi, R. Ukaj, T. Cheese",Rahoveci 029,"H. Durguti, I. Umipig, J. Johnson, J. Roche, V. Ejupi",1,61,1.0,2.9,2,1,3,33.3,0,2,0,0,0,0,0,2,2,0,0,0,0,0,1,0,2,0,0,1,0,1,2,50,0,2,2,1,0,0,0,0,3.0,2.9,66.7,34.7,31.9,34.7,66.7,-31.9,1,0,0,0,0,0,0,0,0,0,0,0,0,0,0,0,0,0,0,0,0,0,0,0,0,0,0,0,0,0,0,0,0
Bora,"A. Hot, R. Memedi, R. Ukaj, S. Jules, T. Cheese",Rahoveci 029,"A. Thomas, F. Rugova, I. Umipig, J. Johnson, V. Ejupi",1,97,1.6,2.9,0,0,3,0,0,1,0,0,0,0,1,2,3,0,0,0,0,1,0,0,3,0,0,3,0,0,0,0,1,2,3,0,0,1,2,1,1.9,3.9,0,0,0,0,0,0,0,0,0,0,0,0,0,0,0,0,0,0,0,0,0,0,0,0,0,0,0,0,0,0,0,0,0,0,0,0,0,0,0
Bashkimi,"I. Cousins, M. Armstead, M. Janjeva, S. Shorter, T. Bickerstaff",Rahoveci 029,"B. Rexha, F. Rugova, J. Johnson, K. Pullian, V. Ejupi",1,80,1.3,2.9,2,1,4,25,0,0,0,0,0,0,2,1,3,0,1,0,1,0,2,1,2,50,0,1,0,0,0,0,0,1,1,1,1,1,1,1,2.9,3.0,69.9,66.7,3.3,66.7,69.9,-3.3,0,0,0,0,0,0,0,0,0,0,0,0,0,0,0,0,0,0,0,0,0,0,0,0,0,0,0,0,0,0,0,0,0
GO+Peja,"A. Hajdari, A. Herndon, M. Mala, O. Williams, S. Flatten",Golden Eagle Ylli,"A. Scott, B. Huffman, G. Morina, L. Basic, S. Bamforth",1,99,1.6,2.9,3,1,3,33.3,1,3,33.3,0,0,0,0,0,0,0,1,0,0,2,4,1,1,100,1,1,100,1,2,50,0,2,2,1,0,0,1,1,3.0,2.9,100,138.9,-38.9,138.9,100,38.9,-1,0,0,0,0,0,0,0,0,0,0,0,0,0,0,0,0,0,0,0,0,0,0,0,0,0,0,0,0,0,0,0,0
Vëllaznimi,"A. Gordon, A. Rushiti, J. Hellems, S. Zekiqi, Z. Reid",Trepça,"A. Vining, B. Tuna, D. Kapiti, M. Tmusic, S. Jones",1,88,1.5,2.9,8,2,2,100,2,2,100,2,2,100,0,1,1,0,1,0,0,0,2,1,2,50,0,1,0,0,0,0,0,0,0,0,0,0,1,1,2.9,3.0,277.8,66.7,211.1,66.7,277.8,-211.1,6,0,0,0,0,0,0,0,0,0,0,0,0,0,0,0,0,0,0,0,0,0,0,0,0,0,0,0,0,0,0,0,0
Vëllaznimi,"A. Bedra, A. Gordon, D. Wilson, J. Hellems, S. Zekiqi",Trepça,"A. Vining, B. Tuna, K. Hasbrouck, M. Amzil, S. Jones",1,69,1.1,2.9,1,0,2,0,0,1,0,1,2,50,0,2,2,0,0,0,0,1,2,1,3,33.3,0,2,0,0,0,0,0,2,2,0,0,1,0,1,2.9,3.0,34.7,66.7,-31.9,66.7,34.7,31.9,-1,0,0,0,0,0,0,0,0,0,0,0,0,0,0,0,0,0,0,0,0,0,0,0,0,0,0,0,0,0,0,0,0
Trepça,"A. Vining, B. Tuna, D. Kapiti, M. Amzil, M. Tmusic",Bashkimi,"D. Lake, I. Cousins, I. Nwamu, M. Armstead, M. Ismaili",1,60,1.0,2.9,2,0,1,0,0,1,0,2,2,100,0,2,2,0,0,0,1,0,3,1,3,33.3,1,2,50,0,0,0,0,1,1,1,1,0,0,0,2.9,3.0,69.4,100,-30.6,100,69.4,30.6,-1,0,0,0,0,0,0,0,0,0,0,0,0,0,0,0,0,0,0,0,0,0,0,0,0,0,0,0,0,0,0,0,0
Bora,"A. Hot, A. Hunter, L. Thomas, R. Memedi, S. Jules",GO+Peja,"A. Herndon, C. Edwards, F. Shoshaj, M. Mala, O. Williams",1,83,1.4,2.9,4,2,4,50,0,1,0,0,0,0,1,0,1,2,1,0,0,1,4,1,1,100,0,0,0,2,2,100,0,1,1,1,0,0,1,1,2.9,2.9,136.5,138.9,-2.4,138.9,136.5,2.4,0,0,0,0,0,0,0,0,0,0,0,0,0,0,0,0,0,0,0,0,0,0,0,0,0,0,0,0,0,0,0,0,0
Bora,"A. Hunter, G. Zeqiri, J. Zeqiri, R. Ukaj, S. Jules",GO+Peja,"C. Edwards, F. Shoshaj, M. Mala, O. Williams, T. Green",1,92,1.5,2.9,2,1,4,25,0,2,0,0,0,0,2,2,4,1,0,0,2,1,0,0,2,0,0,1,0,0,0,0,0,1,1,0,0,0,0,0,3.9,2.0,51.8,0,51.8,0,51.8,-51.8,2,0,0,0,0,0,0,0,0,0,0,0,0,0,0,0,0,0,0,0,0,0,0,0,0,0,0,0,0,0,0,0,0
Rahoveci 029,"F. Rugova, I. Umipig, J. Roche, K. Pullian, V. Ejupi",Sigal Prishtina,"A. Morina, E. Clarence, J. Ismajli, K. Dukes, K. Kramer",1,116,1.9,2.9,2,1,4,25,0,2,0,0,0,0,2,3,5,0,0,0,1,1,0,0,4,0,0,3,0,0,0,0,1,1,2,0,1,0,0,1,2.9,2.9,69.9,0,69.9,0,69.9,-69.9,2,0,0,0,0,0,0,0,0,0,0,0,0,0,0,0,0,0,0,0,0,0,0,0,0,0,0,0,0,0,0,0,0
Golden Eagle Ylli,"A. Scott, D. Conger, G. Morina, J. Gray, L. Shoshi",Bashkimi,"I. Cousins, K. Wooten, L. Zeqiri, M. Armstead, S. Shorter",1,101,1.7,2.9,2,0,2,0,0,0,0,2,2,100,0,2,2,0,0,0,0,0,2,1,3,33.3,0,2,0,0,0,0,0,2,2,0,0,0,0,1,2.9,3.0,69.4,66.7,2.8,66.7,69.4,-2.8,0,0,0,0,0,0,0,0,0,0,0,0,0,0,0,0,0,0,0,0,0,0,0,0,0,0,0,0,0,0,0,0,0
Golden Eagle Ylli,"D. Conger, E. Kastrati, J. Gray, L. Shoshi, S. Bamforth",Bashkimi,"D. Lake, I. Cousins, I. Nwamu, M. Armstead, M. Janjeva",1,95,1.6,2.9,5,1,1,100,1,1,100,2,2,100,0,1,1,1,0,0,1,1,3,1,1,100,1,1,100,0,2,0,0,0,0,1,0,0,1,1,2.9,2.9,173.6,104.2,69.4,104.2,173.6,-69.4,2,0,0,0,0,0,0,0,0,0,0,0,0,0,0,0,0,0,0,0,0,0,0,0,0,0,0,0,0,0,0,0,0
Sigal Prishtina,"A. Bailey, A. Morina, A. Sinani, K. Dukes, V. Kakruki",GO+Peja,"A. Hajdari, C. Edwards, M. Mala, O. Williams, T. Green",1,115,1.9,2.9,4,1,2,50,0,0,0,2,2,100,0,2,2,1,1,0,0,2,0,0,2,0,0,1,0,0,0,0,0,1,1,0,0,0,1,2,2.9,3.0,138.9,0,138.9,0,138.9,-138.9,4,0,0,0,0,0,0,0,0,0,0,0,0,0,0,0,0,0,0,0,0,0,0,0,0,0,0,0,0,0,0,0,0
Vëllaznimi,"A. Koshi, D. Wilson, J. Hellems, R. Dahsyla, Y. Anei",Sigal Prishtina,"A. Bailey, A. Lomax, A. Sinani, E. Clarance, V. Kakruki",1,113,1.9,2.9,3,1,4,25,1,2,50,0,0,0,1,0,1,1,0,0,0,0,7,3,5,60,1,1,100,0,0,0,2,2,4,2,0,0,0,1,2.9,2.9,102.4,244.8,-142.4,244.8,102.4,142.4,-4,0,0,0,0,0,0,0,0,0,0,0,0,0,0,0,0,0,0,0,0,0,0,0,0,0,0,0,0,0,0,0,0
Trepça,"D. Kapiti, J. Payne, M. Amzil, M. Tmusic, S. Henry",Rahoveci 029,"F. Rugova, J. Mccorrmick, J. Roche, K. Pullian, V. Ejupi",1,103,1.7,2.9,8,3,3,100,2,2,100,0,0,0,0,0,0,3,1,0,0,1,4,1,1,100,1,1,100,1,2,50,0,0,0,1,0,0,1,1,3.0,2.9,266.7,138.9,127.8,138.9,266.7,-127.8,4,0,0,0,0,0,0,0,0,0,0,0,0,0,0,0,0,0,0,0,0,0,0,0,0,0,0,0,0,0,0,0,0
Golden Eagle Ylli,"E. Kastrati, G. Morina, J. Gray, S. Bamforth, T. Smith",Bora,"A. Hot, A. Hunter, G. Zeqiri, L. Thomas, S. Jules",1,107,1.8,2.9,4,1,3,33.3,0,1,0,2,2,100,1,0,1,1,1,0,0,1,5,2,3,66.7,1,2,50,0,0,0,1,1,2,0,0,1,1,1,2.8,2.9,142.3,170.6,-28.3,170.6,142.3,28.3,-1,0,0,0,0,0,0,0,0,0,0,0,0,0,0,0,0,0,0,0,0,0,0,0,0,0,0,0,0,0,0,0,0
Bora,"A. Hot, A. Hunter, L. Thomas, R. Memedi, S. Jules",Bashkimi,"I. Nwamu, K. Anderson, K. Wooten, L. Zeqiri, M. Armstead",1,104,1.7,2.9,3,1,3,33.3,1,2,50,0,0,0,0,1,1,1,0,0,0,2,4,1,2,50,0,1,0,2,2,100,0,2,2,1,0,1,0,0,3.0,2.9,100,138.9,-38.9,138.9,100,38.9,-1,0,0,0,0,0,0,0,0,0,0,0,0,0,0,0,0,0,0,0,0,0,0,0,0,0,0,0,0,0,0,0,0
GO+Peja,"C. Edwards, F. Shoshaj, M. Mala, S. Llapi, T. Green",Vëllaznimi,"A. Gordon, A. Koshi, J. Hellems, R. Dahsyla, Z. Reid",1,90,1.5,2.9,2,0,2,0,0,0,0,2,2,100,0,1,1,0,0,0,0,3,5,2,2,100,0,0,0,1,2,50,0,2,2,1,0,2,0,1,2.9,2.9,69.4,173.6,-104.2,173.6,69.4,104.2,-3,0,0,0,0,0,0,0,0,0,0,0,0,0,0,0,0,0,0,0,0,0,0,0,0,0,0,0,0,0,0,0,0
Rahoveci 029,"A. Thomas, B. Rexha, F. Rugova, J. Mccorrmick, K. Pullian",Bashkimi,"D. Lake, J. Riley, L. Zeqiri, M. Janjeva, S. Shorter",1,83,1.4,2.9,2,1,3,33.3,0,1,0,0,0,0,0,2,2,0,0,0,0,2,3,0,1,0,0,1,0,3,4,75,0,2,2,0,0,0,0,2,3.0,2.8,66.7,108.7,-42,108.7,66.7,42,-1,0,0,0,0,0,0,0,0,0,0,0,0,0,0,0,0,0,0,0,0,0,0,0,0,0,0,0,0,0,0,0,0
Bora,"A. Hot, A. Hunter, C. Bragg Jr, R. Memedi, S. Jules",Sigal Prishtina,"A. Bailey, A. Lomax, A. Morina, D. Burns, V. Kakruki",1,122,2.0,2.9,4,2,5,40,0,2,0,0,0,0,2,1,3,0,1,0,0,1,2,1,2,50,0,1,0,0,0,0,0,1,1,1,0,0,1,0,2.9,3.0,139.9,66.7,73.2,66.7,139.9,-73.2,2,0,0,0,0,0,0,0,0,0,0,0,0,0,0,0,0,0,0,0,0,0,0,0,0,0,0,0,0,0,0,0,0
Bora,"A. Hot, A. Hunter, J. Zeqiri, R. Memedi, S. Jules",Sigal Prishtina,"A. Bailey, A. Lomax, A. Morina, D. Burns, D. Haxhosaj",1,97,1.6,2.9,5,2,4,50,1,1,100,0,0,0,1,2,3,0,0,0,0,1,1,0,1,0,0,0,0,1,2,50,0,1,1,0,0,1,1,1,2.9,2.9,170.6,34.7,135.9,34.7,170.6,-135.9,4,0,0,0,0,0,0,0,0,0,0,0,0,0,0,0,0,0,0,0,0,0,0,0,0,0,0,0,0,0,0,0,0
Golden Eagle Ylli,"D. Sabeckis, E. Kastrati, J. Gray, S. Bamforth, T. Smith",GO+Peja,"A. Hajdari, C. Edwards, C. Williams, D. Bracey, M. Mala",1,107,1.8,2.9,6,2,3,66.7,2,3,66.7,0,0,0,1,1,2,1,0,0,1,2,2,0,2,0,0,2,0,2,2,100,1,0,1,0,0,0,1,0,2.9,2.8,204.8,71.2,133.6,71.2,204.8,-133.6,4,0,0,0,0,0,0,0,0,0,0,0,0,0,0,0,0,0,0,0,0,0,0,0,0,0,0,0,0,0,0,0,0
Trepça,"D. Kapiti, J. Payne, M. Amzil, M. Tmusic, S. Henry",Vëllaznimi,"A. Koshi, D. Wilson, R. Dahsyla, T. Todd, Y. Anei",1,96,1.6,2.9,2,1,1,100,0,0,0,0,0,0,0,1,1,1,0,0,1,2,2,1,4,25,0,1,0,0,0,0,2,0,2,0,1,0,2,1,2.0,3.9,100,51.8,48.2,51.8,100,-48.2,0,0,0,0,0,0,0,0,0,0,0,0,0,0,0,0,0,0,0,0,0,0,0,0,0,0,0,0,0,0,0,0,0
Trepça,"A. Vining, B. Tuna, D. Kapiti, K. Hasbrouck, S. Henry",Vëllaznimi,"A. Gordon, A. Koshi, J. Hellems, R. Dahsyla, T. Todd",1,84,1.4,2.9,2,0,1,0,0,1,0,2,2,100,0,0,0,0,0,0,1,0,4,2,2,100,0,0,0,0,0,0,0,1,1,1,1,0,1,1,2.9,3.0,69.4,133.3,-63.9,133.3,69.4,63.9,-2,0,0,0,0,0,0,0,0,0,0,0,0,0,0,0,0,0,0,0,0,0,0,0,0,0,0,0,0,0,0,0,0
Trepça,"D. Hajrizi, J. Payne, K. Hasbrouck, S. Henry, S. Jones",Vëllaznimi,"A. Koshi, D. Wilson, R. Dahsyla, T. Todd, Y. Anei",1,142,2.4,2.9,2,0,0,0,0,0,0,2,2,100,0,1,1,0,0,0,2,0,5,2,3,66.7,1,2,50,0,0,0,0,0,0,2,0,0,0,2,2.9,3.0,69.4,166.7,-97.2,166.7,69.4,97.2,-3,0,0,0,0,0,0,0,0,0,0,0,0,0,0,0,0,0,0,0,0,0,0,0,0,0,0,0,0,0,0,0,0
Bashkimi,"D. Lake, I. Nwamu, M. Armstead, S. Shorter, V. Bunjaku",Trepça,"D. Hajrizi, D. Kapiti, J. Payne, K. Hasbrouck, S. Henry",1,131,2.2,2.9,4,2,3,66.7,0,0,0,0,0,0,0,1,1,2,0,0,0,2,4,1,3,33.3,0,1,0,2,2,100,1,1,2,1,0,0,0,1,3.0,2.8,133.3,142.3,-9,142.3,133.3,9,0,0,0,0,0,0,0,0,0,0,0,0,0,0,0,0,0,0,0,0,0,0,0,0,0,0,0,0,0,0,0,0,0
Vëllaznimi,"A. Koshi, A. Rushiti, T. Todd, Y. Anei, Z. Reid",Golden Eagle Ylli,"A. Çallakaj, B. Pass, G. Morina, J. Gray, L. Shoshi",1,60,1.0,2.9,2,1,1,100,0,0,0,0,2,0,0,2,2,0,1,1,1,0,0,0,3,0,0,2,0,0,0,0,1,1,2,0,1,0,1,2,2.9,2.9,69.4,0,69.4,0,69.4,-69.4,2,0,0,0,0,0,0,0,0,0,0,0,0,0,0,0,0,0,0,0,0,0,0,0,0,0,0,0,0,0,0,0,0
Vëllaznimi,"J. Hellems, R. Dahsyla, S. Zekiqi, T. Todd, Z. Reid",Golden Eagle Ylli,"A. Çallakaj, D. Sabeckis, D. Thomas, S. Bamforth, T. Smith",1,55,0.9,2.9,2,0,1,0,0,0,0,2,2,100,0,2,2,0,0,0,1,0,2,1,3,33.3,0,0,0,0,0,0,0,1,1,0,1,0,0,0,2.9,3.0,69.4,66.7,2.8,66.7,69.4,-2.8,0,0,0,0,0,0,0,0,0,0,0,0,0,0,0,0,0,0,0,0,0,0,0,0,0,0,0,0,0,0,0,0,0
GO+Peja,"A. Hajdari, C. Edwards, C. Williams, D. Bracey, M. Mala",Bora,"A. Hunter, R. Memedi, R. Ukaj, S. Jules, T. Cheese",1,103,1.7,2.9,6,2,2,100,2,2,100,0,2,0,0,2,2,2,0,0,0,1,3,1,3,33.3,1,2,50,0,0,0,0,1,1,1,0,0,0,1,2.9,3.0,208.3,100,108.3,100,208.3,-108.3,3,0,0,0,0,0,0,0,0,0,0,0,0,0,0,0,0,0,0,0,0,0,0,0,0,0,0,0,0,0,0,0,0
Sigal Prishtina,"A. Bailey, A. Lomax, A. Morina, D. Burns, V. Kakruki",Rahoveci 029,"A. Thomas, B. Rexha, F. Rugova, J. Mccorrmick, N. Mcloud",1,69,1.1,2.9,2,0,2,0,0,2,0,2,2,100,1,0,1,0,2,0,1,0,0,0,0,0,0,0,0,0,0,0,0,1,1,0,0,0,3,1,2.8,3.0,71.2,0,71.2,0,71.2,-71.2,2,0,0,0,0,0,0,0,0,0,0,0,0,0,0,0,0,0,0,0,0,0,0,0,0,0,0,0,0,0,0,0,0
Vëllaznimi,"A. Bedra, A. Koshi, M. Warrick, R. Dahsyla, Z. Ried",Trepça,"A. Gashi, J. Payne, M. Amzil, M. Tmusic, S. Jones",1,82,1.4,2.8,0,0,3,0,0,3,0,0,1,0,1,0,1,0,0,0,0,0,2,1,2,50,0,1,0,0,0,0,1,3,4,0,0,0,2,1,2.6,2.9,0,68.3,-68.3,68.3,0,68.3,-2,0,0,0,0,0,0,0,0,0,0,0,0,0,0,0,0,0,0,0,0,0,0,0,0,0,0,0,0,0,0,0,0
Rahoveci 029,"F. Rugova, I. Umipig, J. Jones, P. Weekes, V. Ejupi",Sigal Prishtina,"A. Azemi, D. Lekndreaj, L. Autrey, M. Janjeva, V. Kakruki",1,72,1.2,2.8,5,1,1,100,0,0,0,3,4,75,0,1,1,2,0,0,0,0,4,2,4,50,0,1,0,0,0,0,1,0,1,1,0,0,0,2,2.8,2.9,181.2,136.5,44.6,136.5,181.2,-44.6,1,0,0,0,0,0,0,0,0,0,0,0,0,0,0,0,0,0,0,0,0,0,0,0,0,0,0,0,0,0,0,0,0
Golden Eagle Ylli,"A. Çallakaj, L. Basic, L. Shoshi, L. Thomas, T. Allen",Bashkimi,"A. Morina, D. Lake, I. Cousins, J. Palokaj, K. Anderson",1,50,0.8,2.8,2,0,2,0,0,0,0,2,2,100,1,0,1,0,1,0,0,1,6,1,1,100,0,0,0,4,4,100,0,1,1,1,0,0,1,2,1.8,3.8,110.5,159.6,-49.1,159.6,110.5,49.1,-4,0,0,0,0,0,0,0,0,0,0,0,0,0,0,0,0,0,0,0,0,0,0,0,0,0,0,0,0,0,0,0,0
Rahoveci 029,"E. Peci, F. Rugova, I. Umipig, J. Roche, K. Pullian",Vëllaznimi,"J. Ismajli, L. Colimerio, R. Dahsyla, Y. Anei, Z. Reid",1,80,1.3,2.8,4,1,2,50,0,1,0,2,2,100,0,1,1,0,1,0,0,3,2,0,2,0,0,0,0,2,2,100,1,1,2,0,0,0,1,1,2.9,2.8,138.9,71.2,67.7,71.2,138.9,-67.7,2,0,0,0,0,0,0,0,0,0,0,0,0,0,0,0,0,0,0,0,0,0,0,0,0,0,0,0,0,0,0,0,0
Golden Eagle Ylli,"E. Kastrati, J. Reece, L. Shoshi, T. Allen, T. Allen",Bora,"A. Hot, G. Singleton, J. Zeqiri, S. Jules, T. Cheese",1,106,1.8,2.8,2,1,2,50,0,0,0,0,0,0,1,1,2,0,0,0,1,1,6,2,5,40,0,1,0,2,2,100,2,0,2,1,1,0,0,0,1.9,3.7,103.6,160.4,-56.8,160.4,103.6,56.8,-4,0,0,0,0,0,0,0,0,0,0,0,0,0,0,0,0,0,0,0,0,0,0,0,0,0,0,0,0,0,0,0,0
Vëllaznimi,"A. Koshi, J. Hellems, R. Dahsyla, S. Zekiqi, Z. Reid",Golden Eagle Ylli,"A. Gashi, A. Scott, E. Kastrati, G. Morina, L. Shoshi",1,102,1.7,2.8,3,1,2,50,0,1,0,1,2,50,0,1,1,0,0,0,0,1,4,1,5,20,0,1,0,2,2,100,3,2,5,0,0,0,0,1,2.9,2.7,104.2,149.8,-45.6,149.8,104.2,45.6,-1,0,0,0,0,0,0,0,0,0,0,0,0,0,0,0,0,0,0,0,0,0,0,0,0,0,0,0,0,0,0,0,0
Rahoveci 029,"A. Berisha, F. Rugova, I. Umipig, J. Roche, K. Pullian",GO+Peja,"A. Hajdari, A. Herndon, D. Berisha, J. Johnson, S. Flatten",1,123,2.0,2.8,4,2,5,40,0,0,0,0,0,0,2,0,2,1,0,0,0,1,5,2,4,50,0,0,0,1,2,50,2,1,3,0,0,0,0,1,2.9,2.7,139.9,182.5,-42.6,182.5,139.9,42.6,-1,0,0,0,0,0,0,0,0,0,0,0,0,0,0,0,0,0,0,0,0,0,0,0,0,0,0,0,0,0,0,0,0
Golden Eagle Ylli,"E. Kastrati, G. Morina, L. Basic, L. Shoshi, S. Bamforth",Sigal Prishtina,"A. Bailey, D. Polloshka, E. Clarance, K. Dukes, V. Kakruki",1,105,1.8,2.8,5,1,2,50,1,1,100,2,2,100,0,2,2,1,0,0,0,0,2,1,6,16.7,0,1,0,0,0,0,3,1,4,0,0,0,0,1,2.9,2.8,173.6,71.7,101.9,71.7,173.6,-101.9,3,0,0,0,0,0,0,0,0,0,0,0,0,0,0,0,0,0,0,0,0,0,0,0,0,0,0,0,0,0,0,0,0
Trepça,"B. Tuna, D. Kapiti, K. Hasbrouck, M. Amzil, M. Tmusic",Bashkimi,"D. Lake, I. Cousins, L. Zeqiri, M. Armstead, S. Shorter",1,88,1.5,2.8,2,1,2,50,0,1,0,0,1,0,0,3,3,1,0,0,0,1,1,0,3,0,0,1,0,1,2,50,1,2,3,1,0,0,0,1,2.4,3.1,82,32.5,49.5,32.5,82,-49.5,1,0,0,0,0,0,0,0,0,0,0,0,0,0,0,0,0,0,0,0,0,0,0,0,0,0,0,0,0,0,0,0,0
Rahoveci 029,"B. Rexha, F. Rugova, J. Mccormick, K. Pullian, N. Mccloud",Vëllaznimi,"A. Koshi, D. Wilson, R. Dahsyla, Y. Anei, Z. Reid",1,86,1.4,2.8,6,2,4,50,2,4,50,0,0,0,2,2,4,0,0,0,1,0,0,0,2,0,0,1,0,0,1,0,1,0,1,0,0,0,1,0,2.9,2.7,209.8,0,209.8,0,209.8,-209.8,6,0,0,0,0,0,0,0,0,0,0,0,0,0,0,0,0,0,0,0,0,0,0,0,0,0,0,0,0,0,0,0,0
Trepça,"A. Arslanagic, C. Brown, C. Russell, M. Tmusic, S. Jones",GO+ Peja,"C. Edwards, D. Berisha, J. Johnson, M. Armstread, T. Green",1,88,1.5,2.7,2,1,4,25,0,2,0,0,0,0,1,0,1,1,0,0,0,2,4,1,1,100,1,1,100,1,1,100,0,2,2,1,0,0,1,0,2.9,2.4,68.3,163.9,-95.7,163.9,68.3,95.7,-2,0,0,0,0,0,0,0,0,0,0,0,0,0,0,0,0,0,0,0,0,0,0,0,0,0,0,0,0,0,0,0,0
Bora,"G. Singleton, J. Zeqiri, O. Kurtaj, R. Memedi, T. Jackson",Rahoveci 029,"B. Rexha, F. Rugova, I. Umipig, K. Pullian, P. Weeks",1,88,1.5,2.7,0,0,3,0,0,1,0,0,0,0,0,0,0,0,0,0,0,2,5,2,3,66.7,0,0,0,1,1,100,1,2,3,1,0,0,0,0,3.0,2.4,0,211,-211,211,0,211,-5,0,0,0,0,0,0,0,0,0,0,0,0,0,0,0,0,0,0,0,0,0,0,0,0,0,0,0,0,0,0,0,0
Bashkimi,"I. Cousins, J. Baily, J. Palokaj, T. Bickerstaff, V. Bunjaku",Rahoveci 029,"B. Rexha, F. Rugova, I. Umipig, K. Pullian, P. Weekes",1,96,1.6,2.7,2,0,6,0,0,1,0,2,2,100,4,2,6,0,0,0,0,0,4,1,2,50,1,2,50,1,2,50,0,2,2,1,0,1,0,1,2.6,2.9,76.9,138.9,-62,138.9,76.9,62,-2,0,0,0,0,0,0,0,0,0,0,0,0,0,0,0,0,0,0,0,0,0,0,0,0,0,0,0,0,0,0,0,0
Vëllaznimi,"J. Ismajli, K. Ezeagu, L. Colimerio, R. Dahsyla, Z. Reid",Bora,"A. Mekic, D. Taylor, J. Zeqiri, O. Kurtaj, T. Jackson",1,61,1.0,2.7,2,1,2,50,0,0,0,0,0,0,0,2,2,1,0,0,0,1,4,2,3,66.7,0,0,0,0,1,0,0,1,1,0,0,0,0,1,2.0,3.4,100,116.3,-16.3,116.3,100,16.3,-2,0,0,0,0,0,0,0,0,0,0,0,0,0,0,0,0,0,0,0,0,0,0,0,0,0,0,0,0,0,0,0,0
Vëllaznimi,"A. Bedra, M. Warrick, S. Zekiqi, Y. Anei, Z. Reid",Bora,"G. Singleton, O. Kurtaj, R. Memedi, S. Jules, T. Jackson",1,37,0.6,2.7,2,1,1,100,0,0,0,0,0,0,0,1,1,1,0,0,2,2,2,1,2,50,0,1,0,0,2,0,1,0,1,0,0,0,0,0,3.0,2.3,66.7,85.3,-18.6,85.3,66.7,18.6,0,0,0,0,0,0,0,0,0,0,0,0,0,0,0,0,0,0,0,0,0,0,0,0,0,0,0,0,0,0,0,0,0
Golden Eagle Ylli,"A. Çallakaj, B. Huffman, G. Morina, L. Thomas, T. Allen",Bashkimi,"A. Morina, D. Lake, J. Bailey, J. Palokaj, K. Anderson",1,73,1.2,2.7,1,0,1,0,0,0,0,1,1,100,0,0,0,0,0,0,1,0,7,3,3,100,1,1,100,0,0,0,0,1,1,0,1,0,0,1,2.4,3.0,41,233.3,-192.3,233.3,41,192.3,-6,0,0,0,0,0,0,0,0,0,0,0,0,0,0,0,0,0,0,0,0,0,0,0,0,0,0,0,0,0,0,0,0
Rahoveci 029,"F. Rugova, I. Umipig, J. Roche, K. Pullian, V. Ejupi",Vëllaznimi,"A. Koshi, L. Colimerio, M. Warrick, R. Dahsyla, Z. Reid",1,77,1.3,2.7,6,2,3,66.7,1,2,50,1,1,100,0,0,0,2,0,0,0,1,4,2,2,100,0,0,0,0,0,0,0,0,0,0,0,0,0,1,3.4,2.0,174.4,200,-25.6,200,174.4,25.6,2,0,0,0,0,0,0,0,0,0,0,0,0,0,0,0,0,0,0,0,0,0,0,0,0,0,0,0,0,0,0,0,0
Trepça,"A. Arslanagic, B. Tuna, D. Hajrizi, D. Kapiti, J. Payne",Rahoveci 029,"I. Umipig, J. Jones, J. Roche, K. Ujkani, V. Ejupi",1,36,0.6,2.7,2,1,1,100,0,0,0,0,1,0,0,1,1,0,0,0,2,1,2,1,2,50,0,0,0,0,0,0,0,1,1,0,0,0,0,1,3.4,2.0,58.1,100,-41.9,100,58.1,41.9,0,0,0,0,0,0,0,0,0,0,0,0,0,0,0,0,0,0,0,0,0,0,0,0,0,0,0,0,0,0,0,0,0
Bora,"A. Hot, A. Mekic, G. Singleton, J. Zeqiri, T. Jackson",Bashkimi,"J. Baily, J. Palokaj, K. Anderson, M. Janjeva, T. Bickerstaff",1,86,1.4,2.7,3,1,1,100,1,1,100,0,0,0,0,1,1,0,0,0,1,1,6,2,3,66.7,1,2,50,1,1,100,0,0,0,0,1,0,0,1,2.0,3.4,150,174.4,-24.4,174.4,150,24.4,-3,0,0,0,0,0,0,0,0,0,0,0,0,0,0,0,0,0,0,0,0,0,0,0,0,0,0,0,0,0,0,0,0
Sigal Prishtina,"A. Bailey, D. Burns, D. Haxhosaj, D. Lekndreaj, E. Williams Jr",Trepça,"A. Arslanagic, D. Hajrizi, D. Kapiti, J. Payne, M. Amzil",1,55,0.9,2.7,5,2,2,100,0,0,0,1,1,100,0,1,1,1,0,0,0,1,0,0,1,0,0,1,0,0,0,0,0,0,0,0,0,0,2,2,2.4,3.0,204.9,0,204.9,0,204.9,-204.9,5,0,0,0,0,0,0,0,0,0,0,0,0,0,0,0,0,0,0,0,0,0,0,0,0,0,0,0,0,0,0,0,0
GO+Peja,"C. Edwards, D. Berisha, J. Johnson, M. Mala, T. Green",Trepça,"C. Brown, D. Hajrizi, J. Payne, M. Tmusic, S. Henry",1,117,1.9,2.7,6,2,2,100,1,1,100,1,2,50,0,1,1,2,0,0,0,1,2,1,4,25,0,3,0,0,0,0,1,0,1,1,0,0,0,1,2.9,2.4,208.3,83.5,124.8,83.5,208.3,-124.8,4,0,0,0,0,0,0,0,0,0,0,0,0,0,0,0,0,0,0,0,0,0,0,0,0,0,0,0,0,0,0,0,0
Sigal Prishtina,"A. Azemi, A. Bailey, D. Burns, D. Haxhosaj, L. Autrey",Golden Eagle Ylli,"A. Çallakaj, B. Huffman, E. Kastrati, J. Reece, L. Basic",1,94,1.6,2.7,2,1,2,50,0,0,0,0,0,0,0,0,0,0,0,0,0,1,9,2,2,100,2,2,100,3,3,100,0,1,1,2,0,0,0,1,2.0,3.3,100,271.1,-171.1,271.1,100,171.1,-7,0,0,0,0,0,0,0,0,0,0,0,0,0,0,0,0,0,0,0,0,0,0,0,0,0,0,0,0,0,0,0,0
Trepça,"A. Arslanagic, D. Kapiti, M. Amzil, M. Tmusic, S. Henry",Vëllaznimi,"A. Koshi, L. Colimerio, M. Warrick, S. Zekiqi, Z. Reid",1,90,1.5,2.7,2,1,5,20,0,1,0,0,2,0,3,2,5,0,0,0,0,0,0,0,2,0,0,1,0,0,0,0,0,2,2,0,0,0,0,0,3.3,2.0,60.4,0,60.4,0,60.4,-60.4,2,0,0,0,0,0,0,0,0,0,0,0,0,0,0,0,0,0,0,0,0,0,0,0,0,0,0,0,0,0,0,0,0
Sigal Prishtina,"A. Azemi, A. Bailey, D. Burns, D. Polloshka, K. Kramer",Bashkimi,"I. Nwamu, K. Anderson, L. Zeqiri, M. Janjeva, T. Bickerstaff",1,60,1.0,2.7,2,1,2,50,0,0,0,0,1,0,0,1,1,0,2,1,0,0,0,0,1,0,0,0,0,0,0,0,0,2,2,0,0,0,2,2,2.4,3.0,82,0,82,0,82,-82,2,0,0,0,0,0,0,0,0,0,0,0,0,0,0,0,0,0,0,0,0,0,0,0,0,0,0,0,0,0,0,0,0
Trepça,"A. Arslanagic, B. Tuna, D. Kapiti, K. Hasbrouck, M. Amzil",Bora,"A. Hot, A. Hunter, A. Mekic, C. Payton, J. Zeqiri",1,94,1.6,2.7,5,1,2,50,1,1,100,2,3,66.7,0,0,0,2,0,0,0,1,5,2,2,100,1,1,100,0,0,0,0,1,1,1,0,0,0,1,3.3,2.0,150.6,250,-99.4,250,150.6,99.4,0,0,0,0,0,0,0,0,0,0,0,0,0,0,0,0,0,0,0,0,0,0,0,0,0,0,0,0,0,0,0,0,0
Trepça,"D. Hajrizi, D. Kapiti, J. Payne, M. Tmusic, S. Henry",Bora,"A. Hot, A. Hunter, C. Payton, J. Zeqiri, T. Cheese",1,79,1.3,2.7,2,0,1,0,0,0,0,2,3,66.7,0,1,1,1,0,1,0,0,5,2,3,66.7,1,1,100,0,0,0,0,1,1,1,0,0,0,1,2.3,3.0,86.2,166.7,-80.5,166.7,86.2,80.5,-3,0,0,0,0,0,0,0,0,0,0,0,0,0,0,0,0,0,0,0,0,0,0,0,0,0,0,0,0,0,0,0,0
GO+Peja,"A. Herndon, D. Berisha, J. Johnson, M. Mala, S. Flatten",Bashkimi,"I. Cousins, K. Anderson, L. Zeqiri, M. Ismaili, T. Bickerstaff",1,71,1.2,2.7,5,2,3,66.7,0,1,0,1,1,100,0,2,2,1,0,0,0,0,0,0,2,0,0,0,0,0,0,0,0,1,1,0,0,0,0,0,3.4,2.0,145.3,0,145.3,0,145.3,-145.3,5,0,0,0,0,0,0,0,0,0,0,0,0,0,0,0,0,0,0,0,0,0,0,0,0,0,0,0,0,0,0,0,0
Rahoveci 029,"B. Rexha, E. Peci, J. Roche, K. Pullian, K. Ujkani",Trepça,"D. Hajrizi, J. Payne, K. Hasbrouck, S. Henry, S. Jones",1,43,0.7,2.7,0,0,2,0,0,1,0,0,0,0,0,0,0,0,0,0,1,2,6,2,2,100,1,1,100,1,1,100,0,2,2,1,0,0,0,1,3.0,2.4,0,245.9,-245.9,245.9,0,245.9,-6,0,0,0,0,0,0,0,0,0,0,0,0,0,0,0,0,0,0,0,0,0,0,0,0,0,0,0,0,0,0,0,0
Trepça,"A. Vining, K. Hasbrouck, M. Amzil, M. Tmusic, S. Jones",Bashkimi,"D. Lake, I. Cousins, M. Janjeva, S. Shorter, V. Bunjaku",1,94,1.6,2.7,6,2,2,100,1,1,100,1,1,100,0,0,0,1,1,0,0,1,0,0,0,0,0,0,0,0,0,0,0,0,0,0,0,0,3,2,2.4,3.0,245.9,0,245.9,0,245.9,-245.9,6,0,0,0,0,0,0,0,0,0,0,0,0,0,0,0,0,0,0,0,0,0,0,0,0,0,0,0,0,0,0,0,0
Rahoveci 029,"B. Rexha, F. Rugova, J. Johnson, J. Roche, K. Pullian",Sigal Prishtina,"A. Bailey, D. Polloshka, J. Ismajli, K. Dukes, K. Kramer",1,91,1.5,2.7,2,1,2,50,0,1,0,0,0,0,0,0,0,1,0,0,0,1,5,1,1,100,0,0,0,3,3,100,0,1,1,2,0,0,1,1,2.0,3.3,100,150.6,-50.6,150.6,100,50.6,-3,0,0,0,0,0,0,0,0,0,0,0,0,0,0,0,0,0,0,0,0,0,0,0,0,0,0,0,0,0,0,0,0
Golden Eagle Ylli,"A. Scott, B. Huffman, E. Kastrati, G. Morina, J. Gray",Bashkimi,"I. Nwamu, K. Wooten, L. Zeqiri, M. Armstead, S. Shorter",1,73,1.2,2.7,3,1,4,25,0,1,0,1,2,50,3,2,5,0,0,0,1,0,0,0,2,0,0,2,0,0,0,0,0,1,1,0,1,0,0,1,3.5,2.0,86.4,0,86.4,0,86.4,-86.4,3,0,0,0,0,0,0,0,0,0,0,0,0,0,0,0,0,0,0,0,0,0,0,0,0,0,0,0,0,0,0,0,0
Rahoveci 029,"B. Rexha, F. Rugova, J. Mccormick, K. Pullian, N. Mccloud",Vëllaznimi,"A. Gordon, J. Hellems, R. Dahsyla, S. Zekiqi, Z. Reid",1,104,1.7,2.7,3,1,2,50,1,1,100,0,0,0,0,2,2,0,0,0,0,1,4,2,3,66.7,0,1,0,0,1,0,0,1,1,1,0,1,0,1,2.0,3.4,150,116.3,33.7,116.3,150,-33.7,-1,0,0,0,0,0,0,0,0,0,0,0,0,0,0,0,0,0,0,0,0,0,0,0,0,0,0,0,0,0,0,0,0
Sigal Prishtina,"A. Bailey, A. Lomax, A. Morina, E. Clarence, V. Kakruki",Trepça,"A. Vining, D. Hajrizi, D. Kapiti, K. Hasbrouck, S. Henry",1,97,1.6,2.7,2,1,2,50,0,0,0,0,2,0,1,0,1,0,0,0,0,0,5,2,2,100,1,1,100,0,0,0,0,1,1,2,0,1,1,1,2.3,3.0,85.3,166.7,-81.4,166.7,85.3,81.4,-3,0,0,0,0,0,0,0,0,0,0,0,0,0,0,0,0,0,0,0,0,0,0,0,0,0,0,0,0,0,0,0,0
Bashkimi,"D. Lake, I. Nwamu, J. Riley, L. Zeqiri, V. Bunjaku",Vëllaznimi,"A. Gordon, A. Koshi, D. Wilson, J. Hellems, S. Zekiqi",1,77,1.3,2.7,0,0,5,0,0,1,0,0,0,0,2,1,3,0,0,0,1,1,3,1,2,50,1,2,50,0,0,0,0,2,2,0,0,2,0,0,3.3,2.0,0,150,-150,150,0,150,-3,0,0,0,0,0,0,0,0,0,0,0,0,0,0,0,0,0,0,0,0,0,0,0,0,0,0,0,0,0,0,0,0
GO+Peja,"C. Edwards, D. Bracey, D. Davis, M. Mala, S. Llapi",Trepça,"A. Vining, D. Kapiti, M. Amzil, M. Tmusic, S. Henry",1,83,1.4,2.7,7,3,3,100,0,0,0,1,1,100,0,1,1,2,0,0,0,1,3,1,2,50,1,1,100,0,0,0,0,0,0,0,0,0,0,1,3.4,2.0,203.5,150,53.5,150,203.5,-53.5,4,0,0,0,0,0,0,0,0,0,0,0,0,0,0,0,0,0,0,0,0,0,0,0,0,0,0,0,0,0,0,0,0
Trepça,"C. Brown, C. Rusell, D. Hajrizi, J. Payne, M. Tmusic",Bashkimi,"D. Lake, J. Baily, K. Anderson, L. Zeqiri, V. Bunjaku",1,59,1.0,2.6,2,0,3,0,0,1,0,2,3,66.7,1,1,2,1,0,0,0,1,3,1,2,50,1,1,100,0,0,0,0,2,2,1,0,0,0,0,3.2,2.0,61.5,150,-88.5,150,61.5,88.5,-1,0,0,0,0,0,0,0,0,0,0,0,0,0,0,0,0,0,0,0,0,0,0,0,0,0,0,0,0,0,0,0,0
Rahoveci 029,"B. Rexha, F. Rugova, I. Umipig, K. Pullian, P. Weekes",Sigal Prishtina,"A. Azemi, D. Polloshka, K. Kramer, L. Autrey, M. Janjeva",1,74,1.2,2.6,5,2,2,100,0,0,0,1,1,100,0,2,2,2,0,0,0,1,2,0,3,0,0,2,0,2,2,100,1,0,1,0,0,0,0,2,2.4,2.8,204.9,71.2,133.7,71.2,204.9,-133.7,3,0,0,0,0,0,0,0,0,0,0,0,0,0,0,0,0,0,0,0,0,0,0,0,0,0,0,0,0,0,0,0,0
GO+Peja,"C. Edwards, D. Berisha, J. Johnson, M. Armstead, T. Green",Rahoveci 029,"F. Rugova, H. Durguti, I. Umipig, J. Roche, K. Pullian",1,97,1.6,2.6,0,0,1,0,0,0,0,0,0,0,0,2,2,0,0,0,1,3,3,0,4,0,0,2,0,3,3,100,2,1,3,0,0,0,0,1,2.0,3.2,0,94.3,-94.3,94.3,0,94.3,-3,0,0,0,0,0,0,0,0,0,0,0,0,0,0,0,0,0,0,0,0,0,0,0,0,0,0,0,0,0,0,0,0
GO+Peja,"A. Hajdari, C. Edwards, D. Morris, M. Armstead, S. Flatten",Vëllaznimi,"A. Koshi, J. Hellems, L. Colimerio, M. Warrick, R. Dahsyla",1,97,1.6,2.6,5,1,3,33.3,1,3,33.3,2,2,100,1,1,2,1,0,0,0,1,5,2,3,66.7,0,1,0,1,1,100,0,0,0,0,0,0,0,1,1.7,3.4,287.4,145.3,142,145.3,287.4,-142,0,0,0,0,0,0,0,0,0,0,0,0,0,0,0,0,0,0,0,0,0,0,0,0,0,0,0,0,0,0,0,0,0
Rahoveci 029,"A. Patty, B. Rexha, H. Durguti, J. Roche, K. Pullian",Bashkimi,"J. Baily, K. Anderson, L. Zeqiri, M. Janjeva, T. Bickerstaff",1,30,0.5,2.6,3,0,0,0,0,0,0,3,6,50,0,2,2,0,0,1,0,0,0,0,4,0,0,4,0,0,0,0,1,3,4,0,0,0,0,2,2.6,2.6,113.6,0,113.6,0,113.6,-113.6,3,0,0,0,0,0,0,0,0,0,0,0,0,0,0,0,0,0,0,0,0,0,0,0,0,0,0,0,0,0,0,0,0
Bashkimi,"D. Lake, K. Anderson, L. Zeqiri, M. Ismaili, M. Janjeva",Trepça,"A. Arslanagic, D. Kapiti, M. Amzil, M. Tmusic, S. Henry",1,117,1.9,2.6,4,2,4,50,0,1,0,0,1,0,3,1,4,0,0,0,1,2,1,0,2,0,0,1,0,1,2,50,1,0,1,1,0,0,0,1,3.3,1.8,121.2,55.2,66,55.2,121.2,-66,3,0,0,0,0,0,0,0,0,0,0,0,0,0,0,0,0,0,0,0,0,0,0,0,0,0,0,0,0,0,0,0,0
Rahoveci 029,"B. Rexha, F. Rugova, I. Umipig, J. Roche, K. Pullian",GO+Peja,"A. Hajdari, C. Edwards, D. Berisha, J. Johnson, S. Flatten",1,95,1.6,2.6,6,2,3,66.7,1,2,50,1,2,50,1,2,3,1,0,1,0,1,0,0,3,0,0,1,0,0,0,0,1,1,2,0,0,0,0,0,3.3,1.9,179.4,0,179.4,0,179.4,-179.4,6,0,0,0,0,0,0,0,0,0,0,0,0,0,0,0,0,0,0,0,0,0,0,0,0,0,0,0,0,0,0,0,0
Bashkimi,"D. Lake, I. Cousins, I. Nwamu, L. Zeqiri, M. Janjeva",Golden Eagle Ylli,"A. Scott, B. Huffman, E. Kastrati, G. Morina, T. Allen",1,120,2.0,2.6,0,0,2,0,0,2,0,0,0,0,1,1,2,0,0,1,2,1,3,1,3,33.3,0,1,0,1,1,100,1,1,2,0,0,0,0,0,2.9,2.4,0,126.6,-126.6,126.6,0,126.6,-3,0,0,0,0,0,0,0,0,0,0,0,0,0,0,0,0,0,0,0,0,0,0,0,0,0,0,0,0,0,0,0,0
Vëllaznimi,"A. Koshi, L. Colimerio, S. Zekiqi, T. Todd, Z. Reid",Rahoveci 029,"A. Berisha, F. Rugova, J. Johnson, J. Roche, K. Pullian",1,102,1.7,2.6,2,1,2,50,0,0,0,0,1,0,0,1,1,1,0,0,0,1,4,2,5,40,0,2,0,0,0,0,2,2,4,0,0,0,0,2,2.4,2.9,82,139.9,-57.9,139.9,82,57.9,-2,0,0,0,0,0,0,0,0,0,0,0,0,0,0,0,0,0,0,0,0,0,0,0,0,0,0,0,0,0,0,0,0
Trepça,"A. Gashi, B. Zekiqi, D. Kapiti, M. Tmusic, V. Haliti",Sigal Prishtina,"A. Bailey, D. Haxhosaj, D. Polloshka, E. Clarance, K. Dukes",1,85,1.4,2.6,0,0,2,0,0,1,0,0,0,0,1,0,1,0,0,0,1,2,7,2,3,66.7,0,1,0,3,3,100,1,1,2,2,1,1,0,0,1.9,3.2,0,215.4,-215.4,215.4,0,215.4,-7,0,0,0,0,0,0,0,0,0,0,0,0,0,0,0,0,0,0,0,0,0,0,0,0,0,0,0,0,0,0,0,0
Trepça,"A. Vining, B. Tuna, D. Kapiti, K. Hasbrouck, M. Amzil",GO+Peja,"C. Edwards, F. Shoshaj, J. Johnson, M. Mala, S. Llapi",1,88,1.5,2.6,4,1,4,25,1,3,33.3,1,2,50,2,2,4,0,0,0,0,0,0,0,2,0,0,1,0,0,0,0,0,2,2,0,0,1,0,1,3.3,2.0,122.1,0,122.1,0,122.1,-122.1,4,0,0,0,0,0,0,0,0,0,0,0,0,0,0,0,0,0,0,0,0,0,0,0,0,0,0,0,0,0,0,0,0
Golden Eagle Ylli,"A. Scott, B. Huffman, D. Hall, G. Morina, S. Bamforth",Sigal Prishtina,"A. Bailey, A. Sinani, D. Burns, D. Haxhosaj, E. Clarance",1,57,0.9,2.6,4,1,2,50,0,0,0,2,3,66.7,1,0,1,0,1,0,1,0,3,1,1,100,1,1,100,0,0,0,0,0,0,1,0,0,1,1,3.2,2.0,123.1,150,-26.9,150,123.1,26.9,1,0,0,0,0,0,0,0,0,0,0,0,0,0,0,0,0,0,0,0,0,0,0,0,0,0,0,0,0,0,0,0,0
Sigal Prishtina,"A. Bailey, A. Morina, D. Polloshka, K. Dukes, V. Kakruki",Bora,"A. Hot, A. Hunter, L. Thomas, R. Ukaj, T. Cheese",1,78,1.3,2.6,3,0,0,0,0,0,0,3,3,100,0,0,0,1,1,1,1,0,2,1,2,50,0,0,0,0,0,0,1,0,1,0,1,0,2,2,2.3,2.9,129.3,68.3,61.1,68.3,129.3,-61.1,1,0,0,0,0,0,0,0,0,0,0,0,0,0,0,0,0,0,0,0,0,0,0,0,0,0,0,0,0,0,0,0,0
Bora,"A. Hot, L. Thomas, R. Memedi, S. Jules, T. Cheese",GO+Peja,"C. Edwards, F. Shoshaj, M. Mala, O. Williams, T. Green",1,107,1.8,2.6,4,1,3,33.3,0,0,0,2,3,66.7,1,1,2,1,0,0,0,0,3,1,3,33.3,1,3,33.3,0,0,0,1,1,2,1,0,1,0,1,3.2,1.9,123.1,155.4,-32.4,155.4,123.1,32.4,1,0,0,0,0,0,0,0,0,0,0,0,0,0,0,0,0,0,0,0,0,0,0,0,0,0,0,0,0,0,0,0,0
Rahoveci 029,"A. Thomas, B. Rexha, F. Rugova, J. Mccormick, K. Pullian",Golden Eagle Ylli,"A. Scott, D. Conger, D. Thomas, L. Shoshi, S. Bamforth",1,95,1.6,2.6,3,1,2,50,0,0,0,1,1,100,0,2,2,0,0,0,0,1,2,0,3,0,0,3,0,2,2,100,1,1,2,0,0,0,0,2,2.4,2.8,123,71.2,51.8,71.2,123,-51.8,1,0,0,0,0,0,0,0,0,0,0,0,0,0,0,0,0,0,0,0,0,0,0,0,0,0,0,0,0,0,0,0,0
Rahoveci 029,"A. Thomas, B. Rexha, F. Rugova, J. Mccormick, K. Pullian",Golden Eagle Ylli,"A. Scott, D. Thomas, E. Kastrati, S. Bamforth, T. Smith",1,80,1.3,2.6,5,1,2,50,1,2,50,2,2,100,0,1,1,0,1,0,0,1,1,0,1,0,0,0,0,1,2,50,1,1,2,0,0,0,1,0,2.9,2.3,173.6,42.6,131,42.6,173.6,-131,4,0,0,0,0,0,0,0,0,0,0,0,0,0,0,0,0,0,0,0,0,0,0,0,0,0,0,0,0,0,0,0,0
Sigal Prishtina,"A. Bailey, A. Morina, D. Burns, E. Clarance, V. Kakruki",Golden Eagle Ylli,"D. Conger, G. Morina, J. Gray, S. Bamforth, T. Smith",1,94,1.6,2.6,4,1,2,50,0,1,0,2,2,100,0,1,1,0,0,0,0,1,3,1,1,100,0,0,0,1,3,33.3,0,1,1,1,0,0,0,1,2.9,2.3,138.9,129.3,9.6,129.3,138.9,-9.6,1,0,0,0,0,0,0,0,0,0,0,0,0,0,0,0,0,0,0,0,0,0,0,0,0,0,0,0,0,0,0,0,0
Rahoveci 029,"A. Berisha, F. Rugova, J. Mccorrmick, K. Pullian, R. Granberry",Bora,"A. Hunter, J. Dingle, R. Memedi, R. Ukaj, S. Jules",1,64,1.1,2.6,3,1,1,100,0,0,0,1,3,33.3,0,2,2,0,0,0,0,2,3,1,4,25,1,2,50,0,0,0,1,1,2,0,0,0,0,1,2.3,2.9,129.3,102.4,26.9,102.4,129.3,-26.9,0,0,0,0,0,0,0,0,0,0,0,0,0,0,0,0,0,0,0,0,0,0,0,0,0,0,0,0,0,0,0,0,0
GO+Peja,"C. Williams, D. Davis, F. Shoshaj, L. Routt, M. Mala",Bora,"A. Hot, J. Zeqiri, R. Memedi, S. Jules, T. Cheese",1,107,1.8,2.6,3,1,4,25,1,2,50,0,0,0,2,0,2,1,0,0,0,2,7,3,4,75,0,0,0,1,1,100,1,1,2,0,0,0,0,0,1.9,3.4,161.3,207.7,-46.4,207.7,161.3,46.4,-4,0,0,0,0,0,0,0,0,0,0,0,0,0,0,0,0,0,0,0,0,0,0,0,0,0,0,0,0,0,0,0,0
Vëllaznimi,"A. Koshi, E. Cingu, J. Ismajli, U. Ahmeti, Z. Ried",Bashkimi,"A. Morina, D. Lake, J. Bailey, K. Anderson, V. Bunjaku",1,76,1.3,2.5,3,1,2,50,1,2,50,0,0,0,0,2,2,1,0,0,1,2,0,0,2,0,0,2,0,0,0,0,0,1,1,0,1,0,0,0,3.0,2.0,100,0,100,0,100,-100,3,0,0,0,0,0,0,0,0,0,0,0,0,0,0,0,0,0,0,0,0,0,0,0,0,0,0,0,0,0,0,0,0
Vëllaznimi,"A. Koshi, E. Cingu, J. Ismajli, U. Ahmeti, Z. Ried",Bashkimi,"A. Morina, J. Bailey, K. Anderson, T. Brickerstaff, V. Bunjaku",1,91,1.5,2.5,0,0,3,0,0,2,0,0,0,0,1,1,2,0,1,0,0,0,2,1,2,50,0,1,0,0,0,0,0,2,2,1,0,0,1,0,1.9,3.0,0,66.7,-66.7,66.7,0,66.7,-2,0,0,0,0,0,0,0,0,0,0,0,0,0,0,0,0,0,0,0,0,0,0,0,0,0,0,0,0,0,0,0,0
Trepça,"A. Arslanagic, B. Tuna, D. Kapiti, J. Payne, S. Jones",GO+ Peja,"A. Hajdari, A. Herndon, C. Edwards, D. Berisha, M. Armstread",1,43,0.7,2.5,2,1,2,50,0,0,0,0,0,0,0,0,0,0,0,0,0,0,2,1,1,100,0,0,0,0,0,0,0,1,1,0,0,0,2,1,2.0,3.0,100,66.7,33.3,66.7,100,-33.3,0,0,0,0,0,0,0,0,0,0,0,0,0,0,0,0,0,0,0,0,0,0,0,0,0,0,0,0,0,0,0,0,0
Trepça,"B. Tuna, C. Russell, D. Hajrizi, D. Kapiti, J. Payne",GO+ Peja,"A. Hajdari, A. Herndon, C. Edwards, J. Johnson, M. Armstread",1,81,1.4,2.5,5,2,2,100,1,1,100,0,0,0,0,2,2,0,0,1,0,0,0,0,3,0,0,0,0,0,0,0,1,0,1,0,0,0,1,0,2.0,2.9,250,0,250,0,250,-250,5,0,0,0,0,0,0,0,0,0,0,0,0,0,0,0,0,0,0,0,0,0,0,0,0,0,0,0,0,0,0,0,0
Trepça,"C. Russell, D. Kapiti, J. Payne, M. Tmusic, S. Jones",GO+ Peja,"A. Herndon, C. Edwards, D. Berisha, J. Johnson, M. Armstread",1,89,1.5,2.5,2,1,3,33.3,0,1,0,0,0,0,0,1,1,1,0,0,0,0,2,1,2,50,0,0,0,0,0,0,0,1,1,1,0,0,0,0,3.0,2.0,66.7,100,-33.3,100,66.7,33.3,0,0,0,0,0,0,0,0,0,0,0,0,0,0,0,0,0,0,0,0,0,0,0,0,0,0,0,0,0,0,0,0,0
Golden Eagle Ylli,"E. Kastrati, G. Morina, J. Reece, L. Basic, T. Allen",Sigal Prishtina,"A. Azemi, A. Bailey, D. Polloshka, L. Autrey, V. Kakruki",1,81,1.4,2.5,5,2,3,66.7,1,2,50,0,0,0,0,0,0,0,0,0,0,0,5,2,2,100,1,1,100,0,0,0,0,1,1,2,0,0,0,0,3.0,2.0,166.7,250,-83.3,250,166.7,83.3,0,0,0,0,0,0,0,0,0,0,0,0,0,0,0,0,0,0,0,0,0,0,0,0,0,0,0,0,0,0,0,0,0
Sigal Prishtina,"A. Azemi, A. Bailey, D. Burns, D. Haxhosaj, D. Lekndreaj",Bora,"G. Singleton, O. Kurtaj, R. Memed, R. Ukaj, T. Jackson",1,91,1.5,2.5,0,0,0,0,0,0,0,0,0,0,0,3,3,0,0,1,2,0,0,0,4,0,0,0,0,0,0,0,1,0,1,0,0,0,0,1,2.0,2.9,0,0,0,0,0,0,0,0,0,0,0,0,0,0,0,0,0,0,0,0,0,0,0,0,0,0,0,0,0,0,0,0,0,0,0,0,0,0,0
Sigal Prishtina,"A. Azemi, A. Bailey, B. Istrefi, D. Polloshka, K. Kramer",Bora,"A. Mekic, J. Zeqiri, O. Kurtaj, R. Memed, S. Jules",1,74,1.2,2.5,2,1,3,33.3,0,0,0,0,0,0,1,2,3,1,1,0,0,0,0,0,2,0,0,1,0,0,0,0,0,1,1,0,0,1,1,0,1.9,3.0,103.6,0,103.6,0,103.6,-103.6,2,0,0,0,0,0,0,0,0,0,0,0,0,0,0,0,0,0,0,0,0,0,0,0,0,0,0,0,0,0,0,0,0
GO+Peja,"A. Herndon, D. Berisha, J. Johnson, M. Armstead, T. Green",Golden Eagle Ylli,"A. Çallakaj, G. Morina, J. Reece, L. Thomas, T. Allen",1,70,1.2,2.5,2,1,2,50,0,1,0,0,0,0,0,1,1,0,0,0,0,0,2,1,2,50,0,0,0,0,0,0,0,1,1,0,0,0,1,1,2.0,3.0,100,66.7,33.3,66.7,100,-33.3,0,0,0,0,0,0,0,0,0,0,0,0,0,0,0,0,0,0,0,0,0,0,0,0,0,0,0,0,0,0,0,0,0
GO+Peja,"A. Herndon, J. Johnson, M. Armstead, M. Mala, T. Green",Golden Eagle Ylli,"A. Çallakaj, B. Huffman, G. Morina, L. Thomas, T. Allen",1,65,1.1,2.5,4,2,4,50,0,1,0,0,0,0,1,0,1,1,2,0,0,1,0,0,0,0,0,0,0,0,0,0,0,1,1,0,0,0,2,0,2.9,2.0,136.5,0,136.5,0,136.5,-136.5,4,0,0,0,0,0,0,0,0,0,0,0,0,0,0,0,0,0,0,0,0,0,0,0,0,0,0,0,0,0,0,0,0
Vëllaznimi,"A. Koshi, J. Ismajli, L. Colimerio, R. Dahsyla, Z. Ried",Trepça,"A. Arslanagic, B. Tuna, D. Hajrizi, J. Payne, S. Jones",1,75,1.2,2.5,4,2,2,100,0,0,0,0,0,0,0,1,1,0,0,0,0,0,3,1,3,33.3,1,1,100,0,0,0,1,0,1,0,0,0,1,0,2.0,2.9,200,102.4,97.6,102.4,200,-97.6,1,0,0,0,0,0,0,0,0,0,0,0,0,0,0,0,0,0,0,0,0,0,0,0,0,0,0,0,0,0,0,0,0
Vëllaznimi,"A. Koshi, J. Ismajli, L. Colimerio, M. Warrick, Y. Anei",Trepça,"A. Arslanagic, D. Kapiti, J. Payne, M. Amzil, M. Tmusic",1,71,1.2,2.5,0,0,1,0,0,0,0,0,0,0,0,1,1,0,0,0,2,0,3,1,2,50,1,2,50,0,0,0,0,1,1,0,0,0,0,1,3.0,2.0,0,150,-150,150,0,150,-3,0,0,0,0,0,0,0,0,0,0,0,0,0,0,0,0,0,0,0,0,0,0,0,0,0,0,0,0,0,0,0,0
Trepça,"A. Arslanagic, D. Hajrizi, D. Kapiti, J. Payne, M. Amzil",Bashkimi,"J. Baily, K. Anderson, L. Zeqiri, T. Bickerstaff, V. Bunjaku",1,60,1.0,2.5,1,0,0,0,0,0,0,1,4,25,0,0,0,0,0,0,0,1,4,1,2,50,0,1,0,2,3,66.7,2,1,3,1,0,0,1,2,1.8,3.2,56.8,123.1,-66.3,123.1,56.8,66.3,-3,0,0,0,0,0,0,0,0,0,0,0,0,0,0,0,0,0,0,0,0,0,0,0,0,0,0,0,0,0,0,0,0
Trepça,"C. Brown, D. Hajrizi, J. Payne, M. Amzil, M. Tmusic",Bashkimi,"J. Baily, J. Palokaj, K. Anderson, T. Bickerstaff, V. Bunjaku",1,87,1.4,2.5,3,1,3,33.3,0,2,0,1,2,50,1,1,2,0,0,0,0,2,2,0,2,0,0,0,0,2,2,100,1,2,3,0,0,0,0,1,3.2,1.8,94.7,110.5,-15.8,110.5,94.7,15.8,1,0,0,0,0,0,0,0,0,0,0,0,0,0,0,0,0,0,0,0,0,0,0,0,0,0,0,0,0,0,0,0,0
Golden Eagle Ylli,"A. Çallakaj, G. Morina, L. Shoshi, L. Thomas, T. Allen",Vëllaznimi,"A. Koshi, J. Ismajli, L. Colimerio, M. Warrick, Z. Reid",1,78,1.3,2.5,0,0,0,0,0,0,0,0,0,0,0,1,1,0,1,0,2,1,3,1,2,50,1,2,50,0,0,0,0,0,0,1,2,0,1,1,2.0,3.0,0,100,-100,100,0,100,-3,0,0,0,0,0,0,0,0,0,0,0,0,0,0,0,0,0,0,0,0,0,0,0,0,0,0,0,0,0,0,0,0
Rahoveci 029,"B. Rexha, I. Umipig, K. Pullian, P. Weekes, V. Ejupi",Sigal Prishtina,"D. Burns, D. Haxhosaj, D. Polloshka, L. Autrey, M. Janjeva",1,92,1.5,2.5,0,0,3,0,0,1,0,0,0,0,1,1,2,0,0,0,1,0,3,1,2,50,1,1,100,0,0,0,0,2,2,1,0,0,0,1,2.9,2.0,0,150,-150,150,0,150,-3,0,0,0,0,0,0,0,0,0,0,0,0,0,0,0,0,0,0,0,0,0,0,0,0,0,0,0,0,0,0,0,0
GO+Peja,"C. Edwards, D. Berisha, D. Morris, M. Armstead, T. Green",Rahoveci 029,"F. Rugova, H. Durguti, I. Umipig, J. Jones, J. Roche",1,64,1.1,2.5,2,1,1,100,0,0,0,0,0,0,0,0,0,1,1,0,2,0,3,1,2,50,1,2,50,0,0,0,1,0,1,1,0,0,1,0,3.0,1.9,66.7,155.4,-88.8,155.4,66.7,88.8,-1,0,0,0,0,0,0,0,0,0,0,0,0,0,0,0,0,0,0,0,0,0,0,0,0,0,0,0,0,0,0,0,0
Trepça,"C. Rusell, D. Hajrizi, J. Payne, M. Amzil, S. Jones",Golden Eagle Ylli,"A. Çallakaj, J. Reece, L. Shoshi, L. Thomas, T. Allen",1,76,1.3,2.5,0,0,3,0,0,2,0,0,0,0,0,1,1,0,0,0,0,1,2,1,2,50,0,1,0,0,0,0,0,3,3,0,0,0,0,0,3.0,2.0,0,100,-100,100,0,100,-2,0,0,0,0,0,0,0,0,0,0,0,0,0,0,0,0,0,0,0,0,0,0,0,0,0,0,0,0,0,0,0,0
Trepça,"B. Tuna, C. Brown, C. Rusell, D. Hajrizi, J. Payne",Golden Eagle Ylli,"A. Çallakaj, J. Reece, L. Shoshi, L. Thomas, T. Allen",1,97,1.6,2.5,3,1,2,50,1,2,50,0,0,0,0,2,2,1,0,0,0,0,2,1,3,33.3,0,2,0,0,0,0,0,1,1,0,0,0,0,0,2.0,3.0,150,66.7,83.3,66.7,150,-83.3,1,0,0,0,0,0,0,0,0,0,0,0,0,0,0,0,0,0,0,0,0,0,0,0,0,0,0,0,0,0,0,0,0
Trepça,"B. Tuna, C. Rusell, D. Kapiti, J. Payne, M. Amzil",Golden Eagle Ylli,"A. Çallakaj, G. Morina, L. Shoshi, L. Thomas, T. Allen",1,86,1.4,2.5,4,2,3,66.7,0,1,0,0,0,0,0,1,1,0,0,0,0,0,2,1,2,50,0,0,0,0,0,0,0,1,1,1,0,0,0,0,3.0,2.0,133.3,100,33.3,100,133.3,-33.3,2,0,0,0,0,0,0,0,0,0,0,0,0,0,0,0,0,0,0,0,0,0,0,0,0,0,0,0,0,0,0,0,0
Golden Eagle Ylli,"A. Çallakaj, G. Morina, L. Basic, L. Shoshi, T. Allen",Bashkimi,"D. Lake, I. Cousins, J. Palokaj, K. Anderson, M. Ismaili",1,89,1.5,2.5,2,1,2,50,0,0,0,0,0,0,0,2,2,0,1,0,0,1,0,0,2,0,0,0,0,0,0,0,0,1,1,0,0,0,1,1,2.0,3.0,100,0,100,0,100,-100,2,0,0,0,0,0,0,0,0,0,0,0,0,0,0,0,0,0,0,0,0,0,0,0,0,0,0,0,0,0,0,0,0
Golden Eagle Ylli,"A. Çallakaj, G. Morina, L. Basic, L. Shoshi, T. Allen",Bashkimi,"J. Bailey, J. Palokaj, K. Anderson, M. Ismaili, T. Bickerstaff",1,69,1.1,2.5,3,1,2,50,1,2,50,0,0,0,0,0,0,1,0,0,1,0,4,2,2,100,0,0,0,0,0,0,0,1,1,1,0,0,0,0,3.0,2.0,100,200,-100,200,100,100,-1,0,0,0,0,0,0,0,0,0,0,0,0,0,0,0,0,0,0,0,0,0,0,0,0,0,0,0,0,0,0,0,0
Bora,"A. Hot, A. Mekic, G. Zeqiri, R. Memedi, S. Jules",Trepça,"B. Tuna, D. Hajrizi, J. Payne, M. Tmusic, S. Jones",1,99,1.6,2.5,2,1,4,25,0,3,0,0,0,0,2,0,2,0,0,0,2,2,2,1,1,100,0,0,0,0,0,0,0,1,1,0,0,0,0,0,3.9,1.0,51.8,200,-148.2,200,51.8,148.2,0,0,0,0,0,0,0,0,0,0,0,0,0,0,0,0,0,0,0,0,0,0,0,0,0,0,0,0,0,0,0,0,0
Rahoveci 029,"B. Rexha, F. Rugova, I. Umipig, J. Roche, K. Pullian",Vëllaznimi,"A. Koshi, J. Ismajli, K. Ezeagu, M. Warrick, Z. Reid",1,68,1.1,2.5,0,0,3,0,0,2,0,0,0,0,0,0,0,0,1,0,0,1,2,1,2,50,0,0,0,0,0,0,1,3,4,0,0,1,1,0,3.0,1.9,0,103.6,-103.6,103.6,0,103.6,-2,0,0,0,0,0,0,0,0,0,0,0,0,0,0,0,0,0,0,0,0,0,0,0,0,0,0,0,0,0,0,0,0
Sigal Prishtina,"A. Azemi, A. Bailey, D. Burns, D. Haxhosaj, L. Autrey",GO+Peja,"C. Edwards, M. Armstead, M. Mala, S. Flatten, T. Green",1,98,1.6,2.5,5,1,3,33.3,1,2,50,2,3,66.7,1,0,1,1,0,1,0,1,3,1,3,33.3,0,1,0,1,2,50,1,1,2,2,0,0,0,1,3.2,1.7,153.8,172.4,-18.6,172.4,153.8,18.6,2,0,0,0,0,0,0,0,0,0,0,0,0,0,0,0,0,0,0,0,0,0,0,0,0,0,0,0,0,0,0,0,0
Sigal Prishtina,"A. Azemi, A. Bailey, D. Lekndreaj, D. Polloshka, L. Autrey",GO+Peja,"A. Hajdari, C. Edwards, M. Armstead, M. Mala, S. Flatten",1,92,1.5,2.5,2,1,2,50,0,1,0,0,0,0,0,2,2,0,0,0,1,2,0,0,2,0,0,1,0,0,0,0,0,1,1,0,1,0,0,1,3.0,2.0,66.7,0,66.7,0,66.7,-66.7,2,0,0,0,0,0,0,0,0,0,0,0,0,0,0,0,0,0,0,0,0,0,0,0,0,0,0,0,0,0,0,0,0
Sigal Prishtina,"A. Bailey, D. Burns, D. Lekndreaj, D. Polloshka, L. Autrey",GO+Peja,"C. Edwards, D. Berisha, M. Armstead, S. Flatten, T. Green",1,101,1.7,2.5,5,2,4,50,1,2,50,0,0,0,1,0,1,1,1,0,0,1,2,1,1,100,0,0,0,0,0,0,0,1,1,1,0,1,1,0,2.9,2.0,170.6,100,70.6,100,170.6,-70.6,3,0,0,0,0,0,0,0,0,0,0,0,0,0,0,0,0,0,0,0,0,0,0,0,0,0,0,0,0,0,0,0,0
Bashkimi,"A. Morina, D. Lake, I. Cousins, K. Anderson, L. Zeqiri",GO+Peja,"A. Herndon, J. Johnson, M. Armstead, M. Mala, S. Flatten",1,44,0.7,2.5,4,2,3,66.7,0,0,0,0,0,0,0,1,1,2,1,0,0,0,0,0,1,0,0,1,0,0,0,0,0,1,1,0,0,0,1,0,3.0,2.0,133.3,0,133.3,0,133.3,-133.3,4,0,0,0,0,0,0,0,0,0,0,0,0,0,0,0,0,0,0,0,0,0,0,0,0,0,0,0,0,0,0,0,0
Vëllaznimi,"A. Koshi, K. Ezeagu, L. Colimerio, M. Warrick, R. Dahsyla",Sigal Prishtina,"A. Azemi, A. Bailey, D. Lekndreaj, D. Polloshka, V. Kakruki",1,63,1.1,2.5,2,1,2,50,0,0,0,0,0,0,0,0,0,0,0,0,0,0,3,1,1,100,1,1,100,0,0,0,0,1,1,0,0,0,2,1,2.0,3.0,100,100,0,100,100,0,-1,0,0,0,0,0,0,0,0,0,0,0,0,0,0,0,0,0,0,0,0,0,0,0,0,0,0,0,0,0,0,0,0
Bora,"A. Mekic, G. Singleton, G. Zeqiri, J. Zeqiri, T. Chese",Bashkimi,"I. Cousins, J. Baily, J. Palokaj, T. Bickerstaff, V. Bunjaku",1,81,1.4,2.5,0,0,3,0,0,1,0,0,0,0,1,1,2,0,0,0,1,1,2,1,2,50,0,0,0,0,0,0,0,2,2,1,0,0,0,0,2.9,2.0,0,100,-100,100,0,100,-2,0,0,0,0,0,0,0,0,0,0,0,0,0,0,0,0,0,0,0,0,0,0,0,0,0,0,0,0,0,0,0,0
Bashkimi,"D. Lake, I. Cousins, K. Anderson, M. Ismaili, M. Janjeva",Vëllaznimi,"J. Hellems, M. Warrick, R. Dahsyla, S. Zekiqi, Y. Anei",1,66,1.1,2.5,0,0,2,0,0,2,0,0,0,0,0,1,1,0,0,0,0,0,4,2,4,50,0,0,0,0,0,0,1,2,3,0,0,0,0,0,2.0,2.9,0,136.5,-136.5,136.5,0,136.5,-4,0,0,0,0,0,0,0,0,0,0,0,0,0,0,0,0,0,0,0,0,0,0,0,0,0,0,0,0,0,0,0,0
Bashkimi,"I. Cousins, K. Anderson, L. Zeqiri, T. Bickerstaff, V. Bunjaku",Vëllaznimi,"A. Koshi, J. Hellems, J. Ismajli, L. Colimerio, Z. Reid",1,83,1.4,2.5,2,1,2,50,0,0,0,0,0,0,0,1,1,0,0,0,1,1,2,1,2,50,0,0,0,0,0,0,0,1,1,0,1,0,0,0,3.0,2.0,66.7,100,-33.3,100,66.7,33.3,0,0,0,0,0,0,0,0,0,0,0,0,0,0,0,0,0,0,0,0,0,0,0,0,0,0,0,0,0,0,0,0,0
Bashkimi,"D. Lake, J. Baily, K. Anderson, L. Zeqiri, V. Bunjaku",Vëllaznimi,"J. Hellems, M. Warrick, R. Dahsyla, S. Zekiqi, Z. Reid",1,121,2.0,2.5,2,1,3,33.3,0,1,0,0,2,0,1,0,1,1,0,0,0,2,5,1,3,33.3,1,3,33.3,2,2,100,2,2,4,2,0,0,0,1,3.2,1.7,63.2,287.4,-224.2,287.4,63.2,224.2,-3,0,0,0,0,0,0,0,0,0,0,0,0,0,0,0,0,0,0,0,0,0,0,0,0,0,0,0,0,0,0,0,0
Rahoveci 029,"B. Rexha, F. Rugova, H. Durguti, J. Roche, K. Pullian",Bashkimi,"D. Lake, J. Baily, K. Anderson, L. Zeqiri, M. Ismaili",1,113,1.9,2.5,4,1,7,14.3,1,5,20,1,1,100,5,2,7,1,1,1,0,0,0,0,2,0,0,1,0,0,0,0,0,1,1,0,0,0,1,1,2.1,3.0,191.4,0,191.4,0,191.4,-191.4,4,0,0,0,0,0,0,0,0,0,0,0,0,0,0,0,0,0,0,0,0,0,0,0,0,0,0,0,0,0,0,0,0
Rahoveci 029,"A. Patty, F. Rugova, H. Durguti, J. Roche, K. Pullian",Bashkimi,"D. Lake, J. Baily, K. Anderson, M. Janjeva, V. Bunjaku",1,60,1.0,2.5,0,0,0,0,0,0,0,0,0,0,0,0,0,0,0,0,2,1,3,1,1,100,1,1,100,0,0,0,0,0,0,1,0,0,2,2,2.0,3.0,0,100,-100,100,0,100,-3,0,0,0,0,0,0,0,0,0,0,0,0,0,0,0,0,0,0,0,0,0,0,0,0,0,0,0,0,0,0,0,0
Bora,"A. Hot, A. Hunter, A. Mekic, C. Payton, J. Zeqiri",Sigal Prishtina,"A. Azemi, A. Bailey, B. Istrefi, D. Burns, D. Haxhosaj",1,99,1.6,2.5,3,1,1,100,1,1,100,0,0,0,0,1,1,1,0,0,2,1,3,1,2,50,1,2,50,0,0,0,0,0,0,1,1,0,0,0,3.0,2.0,100,150,-50,150,100,50,0,0,0,0,0,0,0,0,0,0,0,0,0,0,0,0,0,0,0,0,0,0,0,0,0,0,0,0,0,0,0,0,0
Golden Eagle Ylli,"A. Çallakaj, B. Huffman, E. Kastrati, L. Thomas, T. Allen",GO+Peja,"C. Edwards, D. Berisha, M. Mala, S. Flatten, T. Green",1,101,1.7,2.5,3,1,3,33.3,1,3,33.3,0,0,0,1,1,2,1,0,0,1,1,3,1,2,50,1,2,50,0,0,0,0,1,1,1,0,0,0,1,2.9,2.0,102.4,150,-47.6,150,102.4,47.6,0,0,0,0,0,0,0,0,0,0,0,0,0,0,0,0,0,0,0,0,0,0,0,0,0,0,0,0,0,0,0,0,0
Golden Eagle Ylli,"A. Scott, A. Çallakaj, G. Morina, J. Reece, T. Allen",GO+Peja,"A. Herndon, C. Edwards, D. Berisha, J. Johnson, M. Mala",1,72,1.2,2.5,0,0,3,0,0,2,0,0,0,0,1,2,3,0,0,0,0,0,2,1,3,33.3,0,2,0,0,0,0,0,2,2,0,0,0,0,0,1.9,3.0,0,66.7,-66.7,66.7,0,66.7,-2,0,0,0,0,0,0,0,0,0,0,0,0,0,0,0,0,0,0,0,0,0,0,0,0,0,0,0,0,0,0,0,0
Golden Eagle Ylli,"A. Çallakaj, E. Kastrati, J. Reece, L. Thomas, T. Allen",GO+Peja,"D. Berisha, J. Johnson, M. Mala, S. Flatten, T. Green",1,83,1.4,2.5,3,1,3,33.3,1,2,50,0,0,0,0,1,1,1,0,0,0,1,3,1,2,50,1,2,50,0,0,0,0,2,2,1,0,0,0,0,3.0,2.0,100,150,-50,150,100,50,0,0,0,0,0,0,0,0,0,0,0,0,0,0,0,0,0,0,0,0,0,0,0,0,0,0,0,0,0,0,0,0,0
Trepça,"A. Arslanagic, C. Brown, D. Hajrizi, M. Tmusic, S. Henry",Vëllaznimi,"J. Hellems, L. Colimerio, M. Warrick, R. Dahsyla, S. Zekiqi",1,72,1.2,2.5,0,0,3,0,0,3,0,0,0,0,0,1,1,0,0,1,0,1,3,1,2,50,1,1,100,0,0,0,0,3,3,0,0,0,0,0,3.0,2.0,0,150,-150,150,0,150,-3,0,0,0,0,0,0,0,0,0,0,0,0,0,0,0,0,0,0,0,0,0,0,0,0,0,0,0,0,0,0,0,0
Trepça,"A. Arslanagic, D. Kapiti, J. Payne, M. Amzil, M. Tmusic",Vëllaznimi,"A. Koshi, L. Colimerio, M. Warrick, S. Zekiqi, Z. Reid",1,101,1.7,2.5,0,0,2,0,0,2,0,0,0,0,0,1,1,0,0,1,0,0,6,2,3,66.7,2,2,100,0,0,0,0,2,2,0,0,0,0,1,2.0,3.0,0,200,-200,200,0,200,-6,0,0,0,0,0,0,0,0,0,0,0,0,0,0,0,0,0,0,0,0,0,0,0,0,0,0,0,0,0,0,0,0
Bashkimi,"D. Lake, K. Anderson, L. Zeqiri, M. Ismaili, T. Bickerstaff",Trepça,"A. Arslanagic, D. Hajrizi, D. Kapiti, M. Tmusic, S. Henry",1,101,1.7,2.5,2,1,3,33.3,0,0,0,0,0,0,0,1,1,0,0,0,0,0,3,1,2,50,1,1,100,0,0,0,0,2,2,1,0,0,0,0,3.0,2.0,66.7,150,-83.3,150,66.7,83.3,-1,0,0,0,0,0,0,0,0,0,0,0,0,0,0,0,0,0,0,0,0,0,0,0,0,0,0,0,0,0,0,0,0
Vëllaznimi,"A. Koshi, J. Hellems, L. Colimerio, R. Dahsyla, T. Todd",Golden Eagle Ylli,"A. Scott, A. Çallakaj, E. Kastrati, G. Morina, L. Shoshi",1,104,1.7,2.5,5,2,4,50,1,3,33.3,0,0,0,1,2,3,1,0,0,0,1,0,0,2,0,0,0,0,0,0,0,0,1,1,0,0,0,0,0,2.9,2.0,170.6,0,170.6,0,170.6,-170.6,5,0,0,0,0,0,0,0,0,0,0,0,0,0,0,0,0,0,0,0,0,0,0,0,0,0,0,0,0,0,0,0,0
GO+Peja,"A. Hhajdari, C. Edwards, J. Johnson, M. Mala, S. Flatten",Bora,"A. Hot, A. Hunter, A. Mekic, J. Zeqiri, S. Jules",1,116,1.9,2.5,3,1,3,33.3,1,2,50,0,0,0,0,1,1,1,0,0,0,2,2,1,2,50,0,0,0,0,0,0,0,2,2,0,0,1,0,0,3.0,2.0,100,100,0,100,100,0,1,0,0,0,0,0,0,0,0,0,0,0,0,0,0,0,0,0,0,0,0,0,0,0,0,0,0,0,0,0,0,0,0
Sigal Prishtina,"A. Azemi, A. Bailey, D. Burns, D. Polloshka, K. Kramer",Rahoveci 029,"A. Berisha, I. Umipig, J. Roche, K. Pullian, V. Ejupi",1,96,1.6,2.5,4,2,3,66.7,0,0,0,0,0,0,1,2,3,1,0,0,0,0,0,0,2,0,0,1,0,0,0,0,0,0,0,0,0,0,1,1,1.9,3.0,207.3,0,207.3,0,207.3,-207.3,4,0,0,0,0,0,0,0,0,0,0,0,0,0,0,0,0,0,0,0,0,0,0,0,0,0,0,0,0,0,0,0,0
Sigal Prishtina,"A. Azemi, A. Bailey, D. Burns, D. Haxhosaj, K. Kramer",Bashkimi,"I. Cousins, K. Anderson, L. Zeqiri, M. Janjeva, T. Bickerstaff",1,88,1.5,2.5,2,1,1,100,0,0,0,0,0,0,0,3,3,0,0,1,1,1,0,0,3,0,0,0,0,0,0,0,0,0,0,0,0,0,0,2,2.0,3.0,100,0,100,0,100,-100,2,0,0,0,0,0,0,0,0,0,0,0,0,0,0,0,0,0,0,0,0,0,0,0,0,0,0,0,0,0,0,0,0
Rahoveci 029,"A. Berisha, F. Rugova, I. Umipig, J. Roche, K. Pullian",GO+Peja,"A. Herndon, D. Berisha, J. Johnson, M. Mala, T. Green",1,67,1.1,2.5,0,0,2,0,0,0,0,0,0,0,0,3,3,0,0,0,0,0,0,0,3,0,0,1,0,0,0,0,0,2,2,0,0,1,0,1,2.0,3.0,0,0,0,0,0,0,0,0,0,0,0,0,0,0,0,0,0,0,0,0,0,0,0,0,0,0,0,0,0,0,0,0,0,0,0,0,0,0,0
Bora,"A. Hot, A. Hunter, J. Zeqiri, S. Jules, T. Cheese",Vëllaznimi,"A. Koshi, J. Hellems, L. Colimerio, S. Zekiqi, T. Todd",1,77,1.3,2.5,2,1,3,33.3,0,2,0,0,0,0,1,2,3,0,0,0,0,1,2,1,3,33.3,0,2,0,0,0,0,0,1,1,0,0,0,0,1,1.9,3.0,103.6,66.7,37,66.7,103.6,-37,0,0,0,0,0,0,0,0,0,0,0,0,0,0,0,0,0,0,0,0,0,0,0,0,0,0,0,0,0,0,0,0,0
Bora,"A. Hot, A. Hunter, C. Payton, G. Zeqiri, S. Jules",Vëllaznimi,"A. Koshi, J. Hellems, L. Colimerio, R. Dahsyla, T. Todd",1,51,0.8,2.5,0,0,0,0,0,0,0,0,0,0,0,2,2,0,0,0,2,0,2,1,4,25,0,1,0,0,0,0,1,0,1,0,2,0,0,1,2.0,2.9,0,68.3,-68.3,68.3,0,68.3,-2,0,0,0,0,0,0,0,0,0,0,0,0,0,0,0,0,0,0,0,0,0,0,0,0,0,0,0,0,0,0,0,0
Golden Eagle Ylli,"A. Scott, A. Çallakaj, B. Huffman, E. Kastrati, L. Shoshi",Trepça,"D. Kapiti, J. Payne, K. Hasbrouck, M. Amzil, M. Tmusic",1,93,1.6,2.5,0,0,2,0,0,1,0,0,0,0,0,1,1,0,1,0,0,0,3,1,3,33.3,1,2,50,0,0,0,1,2,3,1,0,0,1,1,2.0,2.9,0,102.4,-102.4,102.4,0,102.4,-3,0,0,0,0,0,0,0,0,0,0,0,0,0,0,0,0,0,0,0,0,0,0,0,0,0,0,0,0,0,0,0,0
Golden Eagle Ylli,"A. Gashi, B. Huffman, E. Kastrati, G. Morina, J. Reece",Trepça,"A. Arslanagic, D. Hajrizi, K. Hasbrouck, S. Henry, S. Jones",1,84,1.4,2.5,0,0,2,0,0,0,0,0,0,0,0,1,1,0,0,0,1,1,2,1,2,50,0,1,0,0,0,0,0,2,2,0,0,0,0,1,3.0,2.0,0,100,-100,100,0,100,-2,0,0,0,0,0,0,0,0,0,0,0,0,0,0,0,0,0,0,0,0,0,0,0,0,0,0,0,0,0,0,0,0
Golden Eagle Ylli,"A. Scott, A. Çallakaj, B. Huffman, E. Kastrati, L. Shoshi",Trepça,"D. Hajrizi, J. Payne, K. Hasbrouck, S. Henry, S. Jones",1,71,1.2,2.5,3,1,2,50,1,2,50,0,0,0,0,1,1,0,1,0,0,0,0,0,1,0,0,0,0,0,0,0,0,1,1,0,0,0,2,0,2.0,3.0,150,0,150,0,150,-150,3,0,0,0,0,0,0,0,0,0,0,0,0,0,0,0,0,0,0,0,0,0,0,0,0,0,0,0,0,0,0,0,0
Golden Eagle Ylli,"A. Scott, A. Çallakaj, E. Kastrati, G. Morina, J. Reece",Trepça,"A. Arslanagic, D. Hajrizi, D. Kapiti, K. Hasbrouck, M. Tmusic",1,77,1.3,2.5,2,1,1,100,0,0,0,0,0,0,0,1,1,1,1,0,1,1,2,1,2,50,0,1,0,0,0,0,0,0,0,1,1,0,1,1,2.0,3.0,100,66.7,33.3,66.7,100,-33.3,0,0,0,0,0,0,0,0,0,0,0,0,0,0,0,0,0,0,0,0,0,0,0,0,0,0,0,0,0,0,0,0,0
Golden Eagle Ylli,"A. Scott, A. Çallakaj, E. Kastrati, G. Morina, J. Reece",Trepça,"A. Arslanagic, M. Amzil, M. Tmusic, S. Henry, S. Jones",1,60,1.0,2.5,5,2,2,100,1,1,100,0,0,0,0,0,0,2,1,0,1,1,2,1,1,100,0,0,0,0,0,0,0,0,0,1,1,0,1,0,3.0,2.0,166.7,100,66.7,100,166.7,-66.7,3,0,0,0,0,0,0,0,0,0,0,0,0,0,0,0,0,0,0,0,0,0,0,0,0,0,0,0,0,0,0,0,0
Golden Eagle Ylli,"A. Gashi, A. Shala, B. Huffman, G. Morina, J. Reece",Trepça,"B. Zekiqi, J. Payne, M. Amzil, S. Henry, S. Jones",1,62,1.0,2.5,2,1,1,100,0,0,0,0,0,0,0,1,1,0,1,0,1,0,2,1,3,33.3,0,0,0,0,0,0,1,0,1,1,1,0,1,1,2.0,2.9,100,68.3,31.7,68.3,100,-31.7,0,0,0,0,0,0,0,0,0,0,0,0,0,0,0,0,0,0,0,0,0,0,0,0,0,0,0,0,0,0,0,0,0
Bashkimi,"I. Cousins, I. Nwamu, L. Zeqiri, M. Ismaili, T. Bickerstaff",Golden Eagle Ylli,"A. Scott, B. Huffman, E. Kastrati, L. Shoshi, T. Allen",1,86,1.4,2.5,0,0,2,0,0,0,0,0,0,0,0,2,2,0,0,0,1,1,0,0,2,0,0,0,0,0,0,0,0,2,2,0,0,0,0,0,3.0,2.0,0,0,0,0,0,0,0,0,0,0,0,0,0,0,0,0,0,0,0,0,0,0,0,0,0,0,0,0,0,0,0,0,0,0,0,0,0,0,0
Trepça,"B. Tuna, D. Hajrizi, D. Kapiti, J. Payne, S. Henry",Bora,"A. Hot, A. Hunter, C. Payton, J. Zeqiri, T. Cheese",1,72,1.2,2.5,2,1,2,50,0,1,0,0,0,0,0,0,0,0,0,0,0,0,3,1,2,50,1,1,100,0,0,0,1,1,2,0,0,0,2,1,2.0,2.9,100,102.4,-2.4,102.4,100,2.4,-1,0,0,0,0,0,0,0,0,0,0,0,0,0,0,0,0,0,0,0,0,0,0,0,0,0,0,0,0,0,0,0,0
Trepça,"B. Tuna, D. Hajrizi, D. Kapiti, J. Payne, S. Henry",Bora,"A. Hunter, A. Mekic, J. Zeqiri, R. Memedi, T. Cheese",1,117,1.9,2.5,0,0,2,0,0,1,0,0,0,0,0,0,0,0,1,0,0,2,4,2,3,66.7,0,1,0,0,0,0,1,2,3,0,0,0,1,1,2.0,2.9,0,136.5,-136.5,136.5,0,136.5,-4,0,0,0,0,0,0,0,0,0,0,0,0,0,0,0,0,0,0,0,0,0,0,0,0,0,0,0,0,0,0,0,0
Vëllaznimi,"A. Gordon, A. Koshi, L. Colimerio, R. Dahsyla, T. Todd",Rahoveci 029,"A. Patty, B. Rexha, F. Rugova, K. Pullian, V. Ejupi",1,75,1.2,2.5,4,2,2,100,0,0,0,0,0,0,0,0,0,2,2,0,1,0,0,0,0,0,0,0,0,0,0,0,0,0,0,0,0,0,2,1,3.0,2.0,133.3,0,133.3,0,133.3,-133.3,4,0,0,0,0,0,0,0,0,0,0,0,0,0,0,0,0,0,0,0,0,0,0,0,0,0,0,0,0,0,0,0,0
Vëllaznimi,"A. Gordon, A. Koshi, J. Hellems, L. Colimerio, R. Dahsyla",Rahoveci 029,"A. Patty, J. Roche, K. Pullian, K. Ujkani, V. Ejupi",1,58,1.0,2.5,2,1,2,50,0,0,0,0,0,0,0,1,1,1,1,1,0,1,2,1,3,33.3,0,0,0,0,0,0,1,1,2,0,0,0,1,0,2.0,2.9,100,68.3,31.7,68.3,100,-31.7,0,0,0,0,0,0,0,0,0,0,0,0,0,0,0,0,0,0,0,0,0,0,0,0,0,0,0,0,0,0,0,0,0
Vëllaznimi,"A. Gordon, A. Koshi, J. Hellems, L. Colimerio, R. Dahsyla",Rahoveci 029,"A. Berisha, E. Peci, F. Rugova, K. Pullian, K. Ujkani",1,75,1.2,2.5,2,1,2,50,0,1,0,0,0,0,0,0,0,0,0,0,0,0,5,2,2,100,1,1,100,0,0,0,0,1,1,1,0,0,1,0,2.0,3.0,100,166.7,-66.7,166.7,100,66.7,-3,0,0,0,0,0,0,0,0,0,0,0,0,0,0,0,0,0,0,0,0,0,0,0,0,0,0,0,0,0,0,0,0
GO+Peja,"A. Herndon, J. Johnson, M. Mala, S. Flatten, S. Nila",Sigal Prishtina,"A. Azemi, A. Bailey, A. Morina, D. Haxhosaj, K. Kramer",1,56,0.9,2.5,2,1,2,50,0,1,0,0,0,0,0,2,2,0,0,1,1,0,0,0,3,0,0,1,0,0,0,0,1,1,2,0,1,0,0,0,3.0,1.9,66.7,0,66.7,0,66.7,-66.7,2,0,0,0,0,0,0,0,0,0,0,0,0,0,0,0,0,0,0,0,0,0,0,0,0,0,0,0,0,0,0,0,0
GO+Peja,"A. Hajdari, C. Edwards, J. Johnson, M. Mala, T. Green",Bashkimi,"I. Nwamu, K. Anderson, L. Zeqiri, M. Ismaili, T. Bickerstaff",1,85,1.4,2.5,4,2,2,100,0,0,0,0,0,0,0,2,2,2,0,0,0,0,3,1,3,33.3,1,2,50,0,0,0,0,0,0,0,0,0,0,1,2.0,3.0,200,100,100,100,200,-100,1,0,0,0,0,0,0,0,0,0,0,0,0,0,0,0,0,0,0,0,0,0,0,0,0,0,0,0,0,0,0,0,0
Sigal Prishtina,"A. Azemi, A. Bailey, A. Morina, D. Haxhosaj, T. Vissariou",Vëllaznimi,"A. Gordon, J. Hellems, R. Dahsyla, S. Zekiqi, T. Todd",1,87,1.4,2.5,0,0,0,0,0,0,0,0,0,0,0,0,0,0,0,0,2,1,2,1,2,50,0,0,0,0,0,0,1,0,1,0,2,0,2,0,2.0,2.9,0,68.3,-68.3,68.3,0,68.3,-2,0,0,0,0,0,0,0,0,0,0,0,0,0,0,0,0,0,0,0,0,0,0,0,0,0,0,0,0,0,0,0,0
Rahoveci 029,"A. Berisha, E. Peci, J. Johnson, J. Roche, V. Ejupi",Trepça,"J. Payne, K. Hasbrouck, M. Amzil, M. Tmusic, S. Jones",1,65,1.1,2.5,4,2,2,100,0,0,0,0,0,0,0,1,1,1,1,0,1,0,0,0,1,0,0,1,0,0,0,0,0,0,0,0,0,0,1,0,3.0,2.0,133.3,0,133.3,0,133.3,-133.3,4,0,0,0,0,0,0,0,0,0,0,0,0,0,0,0,0,0,0,0,0,0,0,0,0,0,0,0,0,0,0,0,0
Rahoveci 029,"A. Patty, J. Johnson, K. Pullian, K. Ujkani, V. Ejupi",Trepça,"D. Hajrizi, J. Payne, M. Tmusic, S. Henry, S. Jones",1,71,1.2,2.5,3,1,2,50,1,1,100,0,0,0,0,1,1,1,0,0,1,0,0,0,1,0,0,0,0,0,0,0,0,1,1,0,0,0,1,0,3.0,2.0,100,0,100,0,100,-100,3,0,0,0,0,0,0,0,0,0,0,0,0,0,0,0,0,0,0,0,0,0,0,0,0,0,0,0,0,0,0,0,0
Rahoveci 029,"A. Patty, B. Rexha, E. Peci, J. Roche, V. Ejupi",Trepça,"D. Hajrizi, J. Payne, K. Hasbrouck, S. Henry, S. Jones",1,84,1.4,2.5,0,0,1,0,0,1,0,0,0,0,0,0,0,0,0,0,2,0,2,1,1,100,0,0,0,0,0,0,0,1,1,1,2,0,1,0,3.0,2.0,0,100,-100,100,0,100,-2,0,0,0,0,0,0,0,0,0,0,0,0,0,0,0,0,0,0,0,0,0,0,0,0,0,0,0,0,0,0,0,0
Rahoveci 029,"B. Rexha, J. Johnson, J. Roche, K. Pullian, V. Ejupi",Trepça,"A. Gashi, B. Tuna, D. Kapiti, K. Hasbrouck, M. Amzil",1,59,1.0,2.5,2,1,2,50,0,1,0,0,0,0,0,1,1,1,0,0,1,0,2,1,2,50,0,1,0,0,0,0,0,1,1,1,0,0,0,0,3.0,2.0,66.7,100,-33.3,100,66.7,33.3,0,0,0,0,0,0,0,0,0,0,0,0,0,0,0,0,0,0,0,0,0,0,0,0,0,0,0,0,0,0,0,0,0
Bashkimi,"I. Cousins, L. Zeqiri, S. Shorter, T. Bickerstaff, V. Bunajku",Bora,"A. Hot, A. Hunter, R. Ukaj, S. Jules, T. Cheese",1,64,1.1,2.5,4,2,3,66.7,0,0,0,0,0,0,0,2,2,1,0,0,0,0,0,0,2,0,0,2,0,0,0,0,0,1,1,0,0,0,0,1,3.0,2.0,133.3,0,133.3,0,133.3,-133.3,4,0,0,0,0,0,0,0,0,0,0,0,0,0,0,0,0,0,0,0,0,0,0,0,0,0,0,0,0,0,0,0,0
Golden Eagle Ylli,"A. Scott, B. Huffman, E. Kastrati, S. Bamforth, T. Allen",Rahoveci 029,"F. Rugova, H. Durguti, J. Jonson, K. Pullian, K. Ujkani",1,41,0.7,2.5,2,1,3,33.3,0,2,0,0,0,0,0,1,1,1,1,0,0,0,0,0,1,0,0,1,0,0,0,0,0,2,2,0,0,0,1,0,3.0,2.0,66.7,0,66.7,0,66.7,-66.7,2,0,0,0,0,0,0,0,0,0,0,0,0,0,0,0,0,0,0,0,0,0,0,0,0,0,0,0,0,0,0,0,0
Trepça,"B. Tuna, D. Kapiti, K. Hasbrouck, M. Amzil, M. Tmusic",Sigal Prishtina,"A. Bailey, A. Morina, D. Polloshka, K. Dukes, K. Kramer",1,97,1.6,2.5,2,1,2,50,0,1,0,0,0,0,0,2,2,0,1,0,0,0,0,0,2,0,0,0,0,0,0,0,0,1,1,0,0,0,1,1,2.0,3.0,100,0,100,0,100,-100,2,0,0,0,0,0,0,0,0,0,0,0,0,0,0,0,0,0,0,0,0,0,0,0,0,0,0,0,0,0,0,0,0
Vëllaznimi,"A. Gordon, A. Koshi, D. Wilson, J. Hellems, S. Zekiqi",Peja,"J. Johnson, M. Mala, S. Flatten, S. Llapi, T. Green",1,88,1.5,2.5,0,0,1,0,0,0,0,0,0,0,0,1,1,0,0,0,2,0,2,1,3,33.3,0,1,0,0,0,0,1,0,1,1,0,0,0,1,3.0,1.9,0,103.6,-103.6,103.6,0,103.6,-2,0,0,0,0,0,0,0,0,0,0,0,0,0,0,0,0,0,0,0,0,0,0,0,0,0,0,0,0,0,0,0,0
Vëllaznimi,"D. Wilson, J. Hellems, R. Dahsyla, S. Zekiqi, Y. Anei",Peja,"A. Hajdari, C. Edwards, J. Johnson, M. Mala, S. Flatten",1,69,1.1,2.5,5,2,2,100,1,1,100,0,0,0,0,1,1,0,1,1,0,0,2,1,2,50,0,1,0,0,0,0,0,0,0,1,0,0,1,1,2.0,3.0,250,66.7,183.3,66.7,250,-183.3,3,0,0,0,0,0,0,0,0,0,0,0,0,0,0,0,0,0,0,0,0,0,0,0,0,0,0,0,0,0,0,0,0
Vëllaznimi,"A. Koshi, D. Wilson, J. Hellems, S. Zekiqi, Y. Anei",Bashkimi,"D. Lake, I. Nwamu, L. Zeqiri, M. Armstead, S. Shorter",1,84,1.4,2.5,0,0,1,0,0,0,0,0,0,0,0,1,1,0,0,0,1,0,4,2,3,66.7,0,1,0,0,0,0,0,1,1,0,1,0,0,0,2.0,3.0,0,133.3,-133.3,133.3,0,133.3,-4,0,0,0,0,0,0,0,0,0,0,0,0,0,0,0,0,0,0,0,0,0,0,0,0,0,0,0,0,0,0,0,0
Vëllaznimi,"A. Gordon, A. Rushiti, J. Hellems, S. Zekiqi, T. Todd",Bashkimi,"D. Lake, I. Nwamu, M. Armstead, M. Janjeva, S. Shorter",1,84,1.4,2.5,2,1,2,50,0,0,0,0,0,0,0,1,1,0,0,0,1,1,2,1,2,50,0,0,0,0,0,0,0,1,1,0,1,0,0,0,3.0,2.0,66.7,100,-33.3,100,66.7,33.3,0,0,0,0,0,0,0,0,0,0,0,0,0,0,0,0,0,0,0,0,0,0,0,0,0,0,0,0,0,0,0,0,0
Vëllaznimi,"A. Gordon, A. Koshi, A. Rushiti, T. Todd, Y. Anei",Bashkimi,"D. Lake, I. Cousins, L. Zeqiri, M. Armstead, S. Shorter",1,92,1.5,2.5,0,0,2,0,0,1,0,0,0,0,0,1,1,0,0,0,1,0,2,1,3,33.3,0,2,0,0,0,0,1,2,3,0,1,0,0,1,3.0,1.9,0,103.6,-103.6,103.6,0,103.6,-2,0,0,0,0,0,0,0,0,0,0,0,0,0,0,0,0,0,0,0,0,0,0,0,0,0,0,0,0,0,0,0,0
Trepça,"A. Vining, K. Hasbrouck, M. Amzil, M. Tmusic, S. Jones",GO+Peja,"C. Edwards, F. Shoshaj, J. Johnson, O. Williams, S. Llapi",1,88,1.5,2.5,6,3,4,75,0,0,0,0,0,0,1,1,2,1,1,0,0,1,0,0,4,0,0,2,0,0,0,0,2,0,2,0,0,1,1,0,2.9,2.1,204.8,0,204.8,0,204.8,-204.8,6,0,0,0,0,0,0,0,0,0,0,0,0,0,0,0,0,0,0,0,0,0,0,0,0,0,0,0,0,0,0,0,0
Trepça,"A. Vining, B. Tuna, D. Kapiti, K. Hasbrouck, M. Amzil",GO+Peja,"A. Herndon, F. Shoshaj, J. Johnson, O. Williams, S. Llapi",1,84,1.4,2.5,7,3,3,100,1,1,100,0,0,0,0,1,1,2,0,0,0,0,2,1,3,33.3,0,1,0,0,0,0,1,0,1,0,0,0,0,0,3.0,1.9,233.3,103.6,129.7,103.6,233.3,-129.7,5,0,0,0,0,0,0,0,0,0,0,0,0,0,0,0,0,0,0,0,0,0,0,0,0,0,0,0,0,0,0,0,0
Golden Eagle Ylli,"A. Scott, B. Huffman, E. Kastrati, S. Bamforth, T. Allen",Sigal Prishtina,"A. Bailey, D. Haxhosaj, D. Polloshka, E. Clarance, K. Dukes",1,85,1.4,2.5,3,1,2,50,1,2,50,0,0,0,0,2,2,0,0,0,1,0,0,0,2,0,0,1,0,0,0,0,0,1,1,0,1,0,0,0,3.0,2.0,100,0,100,0,100,-100,3,0,0,0,0,0,0,0,0,0,0,0,0,0,0,0,0,0,0,0,0,0,0,0,0,0,0,0,0,0,0,0,0
Bora,"A. Hot, A. Hunter, L. Thomas, R. Memedi, S. Jules",Rahoveci 029,"F. Rugova, I. Umipig, J. Johnson, K. Pullian, V. Ejupi",1,82,1.4,2.5,5,2,2,100,1,1,100,0,0,0,0,2,2,0,0,0,1,2,0,0,2,0,0,1,0,0,0,0,0,0,0,0,1,0,0,0,3.0,2.0,166.7,0,166.7,0,166.7,-166.7,5,0,0,0,0,0,0,0,0,0,0,0,0,0,0,0,0,0,0,0,0,0,0,0,0,0,0,0,0,0,0,0,0
Bora,"A. Hot, A. Hunter, L. Thomas, R. Memedi, S. Jules",Rahoveci 029,"A. Thomas, J. Johnson, K. Pullian, K. Ujkani, V. Ejupi",1,87,1.4,2.5,2,1,2,50,0,1,0,0,0,0,1,2,3,0,0,0,2,1,0,0,2,0,0,2,0,0,0,0,0,0,0,0,1,0,0,0,2.9,2.0,68.3,0,68.3,0,68.3,-68.3,2,0,0,0,0,0,0,0,0,0,0,0,0,0,0,0,0,0,0,0,0,0,0,0,0,0,0,0,0,0,0,0,0
Bashkimi,"I. Nwamu, L. Zeqiri, M. Armstead, M. Ismaili, T. Bickerstaff",Rahoveci 029,"A. Berisha, A. Thomas, F. Rugova, J. Johnson, K. Pullian",1,78,1.3,2.5,2,1,1,100,0,0,0,0,2,0,0,2,2,1,1,0,0,0,0,0,2,0,0,1,0,0,0,0,0,1,1,0,0,0,1,2,1.9,3.0,106.4,0,106.4,0,106.4,-106.4,2,0,0,0,0,0,0,0,0,0,0,0,0,0,0,0,0,0,0,0,0,0,0,0,0,0,0,0,0,0,0,0,0
Sigal Prishtina,"A. Bailey, D. Burns, D. Haxhosaj, D. Polloshka, K. Dukes",Bora,"A. Hot, A. Hunter, R. Memedi, S. Jules, T. Cheese",1,95,1.6,2.5,5,2,2,100,1,1,100,0,0,0,0,1,1,2,0,0,1,0,2,1,2,50,0,1,0,0,0,0,0,0,0,1,1,0,0,0,3.0,2.0,166.7,100,66.7,100,166.7,-66.7,3,0,0,0,0,0,0,0,0,0,0,0,0,0,0,0,0,0,0,0,0,0,0,0,0,0,0,0,0,0,0,0,0
GO+Peja,"A. Hajdari, C. Edwards, M. Mala, O. Williams, S. Flatten",Golden Eagle Ylli,"B. Huffman, D. Hall, E. Kastrati, L. Basic, S. Bamforth",1,59,1.0,2.5,0,0,2,0,0,1,0,0,0,0,0,0,0,0,0,0,0,0,7,3,4,75,1,1,100,0,0,0,1,2,3,2,0,0,0,0,2.0,2.9,0,238.9,-238.9,238.9,0,238.9,-7,0,0,0,0,0,0,0,0,0,0,0,0,0,0,0,0,0,0,0,0,0,0,0,0,0,0,0,0,0,0,0,0
GO+Peja,"C. Edwards, M. Mala, O. Williams, S. Flatten, S. Llapi",Golden Eagle Ylli,"A. Scott, D. Hall, L. Shoshi, S. Bamforth, T. Allen",1,54,0.9,2.5,0,0,0,0,0,0,0,0,0,0,0,1,1,0,0,0,3,1,2,1,3,33.3,0,1,0,0,0,0,1,0,1,0,1,0,0,0,3.0,1.9,0,103.6,-103.6,103.6,0,103.6,-2,0,0,0,0,0,0,0,0,0,0,0,0,0,0,0,0,0,0,0,0,0,0,0,0,0,0,0,0,0,0,0,0
Vëllaznimi,"A. Koshi, D. Wilson, S. Zekiqi, Y. Anei, Z. Reid",Trepça,"B. Tuna, K. Hasbrouck, M. Amzil, M. Tmusic, S. Jones",1,73,1.2,2.5,4,2,3,66.7,0,1,0,0,0,0,0,2,2,0,0,1,0,0,0,0,3,0,0,2,0,0,0,0,1,1,2,0,0,0,0,0,3.0,1.9,133.3,0,133.3,0,133.3,-133.3,4,0,0,0,0,0,0,0,0,0,0,0,0,0,0,0,0,0,0,0,0,0,0,0,0,0,0,0,0,0,0,0,0
Trepça,"A. Vining, K. Hasbrouck, M. Amzil, M. Tmusic, S. Jones",Bashkimi,"I. Cousins, I. Nwamu, M. Janjeva, T. Bickerstaff, V. Bunjaku",1,76,1.3,2.5,6,2,2,100,2,2,100,0,0,0,0,0,0,0,1,0,0,0,5,2,3,66.7,1,1,100,0,0,0,1,0,1,2,0,0,1,1,2.0,2.9,300,170.6,129.4,170.6,300,-129.4,1,0,0,0,0,0,0,0,0,0,0,0,0,0,0,0,0,0,0,0,0,0,0,0,0,0,0,0,0,0,0,0,0
Golden Eagle Ylli,"E. Kastrati, G. Morina, L. Basic, L. Shoshi, S. Bamforth",Vëllaznimi,"A. Gordon, A. Rushiti, J. Hellems, S. Zekiqi, Z. Reid",1,65,1.1,2.5,0,0,2,0,0,2,0,0,0,0,1,1,2,0,1,0,1,0,0,0,2,0,0,1,0,0,0,0,0,1,1,0,0,0,1,0,1.9,3.0,0,0,0,0,0,0,0,0,0,0,0,0,0,0,0,0,0,0,0,0,0,0,0,0,0,0,0,0,0,0,0,0,0,0,0,0,0,0,0
Bora,"A. Hot, L. Thomas, R. Memedi, S. Jules, T. Cheese",GO+Peja,"A. Herndon, C. Edwards, F. Shoshaj, J. Johnson, S. Llapi",1,83,1.4,2.5,4,2,3,66.7,0,1,0,0,0,0,0,1,1,1,0,0,0,0,3,1,2,50,1,1,100,0,0,0,0,1,1,0,0,0,0,0,3.0,2.0,133.3,150,-16.7,150,133.3,16.7,1,0,0,0,0,0,0,0,0,0,0,0,0,0,0,0,0,0,0,0,0,0,0,0,0,0,0,0,0,0,0,0,0
Bora,"A. Hot, A. Hunter, L. Thomas, R. Memedi, S. Jules",GO+Peja,"C. Edwards, F. Shoshaj, M. Mala, O. Williams, T. Green",1,79,1.3,2.5,4,2,2,100,0,0,0,0,0,0,0,1,1,1,1,0,0,0,2,1,2,50,0,0,0,0,0,0,0,0,0,0,0,0,1,0,2.0,3.0,200,66.7,133.3,66.7,200,-133.3,2,0,0,0,0,0,0,0,0,0,0,0,0,0,0,0,0,0,0,0,0,0,0,0,0,0,0,0,0,0,0,0,0
Rahoveci 029,"A. Thomas, B. Rexha, F. Rugova, J. Roche, K. Pullian",Sigal Prishtina,"A. Bailey, D. Polloshka, J. Ismajli, K. Dukes, K. Kramer",1,95,1.6,2.5,4,2,4,50,0,2,0,0,0,0,1,0,1,1,0,0,0,1,5,2,2,100,1,1,100,0,0,0,0,1,1,1,0,0,0,2,2.9,2.0,136.5,250,-113.5,250,136.5,113.5,-1,0,0,0,0,0,0,0,0,0,0,0,0,0,0,0,0,0,0,0,0,0,0,0,0,0,0,0,0,0,0,0,0
Rahoveci 029,"B. Rexha, F. Rugova, I. Umipig, J. Roche, K. Pullian",Sigal Prishtina,"D. Polloshka, E. Clarence, J. Ismajli, K. Dukes, K. Kramer",1,65,1.1,2.5,2,1,1,100,0,0,0,0,0,0,0,1,1,0,1,0,2,1,0,0,2,0,0,0,0,0,0,0,1,0,1,0,0,0,1,1,3.0,1.9,66.7,0,66.7,0,66.7,-66.7,2,0,0,0,0,0,0,0,0,0,0,0,0,0,0,0,0,0,0,0,0,0,0,0,0,0,0,0,0,0,0,0,0
Bashkimi,"D. Lake, I. Nwamu, L. Zeqiri, S. Shorter, V. Bunjaku",Sigal Prishtina,"A. Sinani, D. Polloshka, E. Clarance, J. Ismajli, K. Kramer",1,74,1.2,2.5,2,1,1,100,0,0,0,0,0,0,0,2,2,0,0,0,1,0,2,1,4,25,0,2,0,0,0,0,1,0,1,0,1,0,0,0,2.0,2.9,100,68.3,31.7,68.3,100,-31.7,0,0,0,0,0,0,0,0,0,0,0,0,0,0,0,0,0,0,0,0,0,0,0,0,0,0,0,0,0,0,0,0,0
Bashkimi,"D. Lake, I. Cousins, I. Nwamu, L. Zeqiri, V. Bunjaku",Sigal Prishtina,"A. Morina, D. Polloshka, E. Clarance, K. Dukes, K. Kramer",1,65,1.1,2.5,0,0,2,0,0,1,0,0,0,0,0,0,0,0,0,0,1,2,4,2,3,66.7,0,0,0,0,0,0,1,2,3,1,0,1,0,0,3.0,1.9,0,207.3,-207.3,207.3,0,207.3,-4,0,0,0,0,0,0,0,0,0,0,0,0,0,0,0,0,0,0,0,0,0,0,0,0,0,0,0,0,0,0,0,0
GO+Peja,"A. Hajdari, M. Mala, S. Llapi, S. Nila, T. Green",Rahoveci 029,"A. Berisha, B. Rexha, H. Durguti, K. Ujkani, V. Ejupi",1,81,1.4,2.5,3,1,2,50,1,1,100,0,0,0,0,1,1,1,0,0,0,0,4,2,4,50,0,0,0,0,0,0,1,1,2,1,0,0,0,0,2.0,2.9,150,136.5,13.5,136.5,150,-13.5,-1,0,0,0,0,0,0,0,0,0,0,0,0,0,0,0,0,0,0,0,0,0,0,0,0,0,0,0,0,0,0,0,0
Vëllaznimi,"D. Wilson, J. Hellems, R. Dahsyla, S. Zekiqi, Y. Anei",Bora,"A. Hunter, J. Zeqiri, L. Thomas, R. Ukaj, T. Cheese",1,49,0.8,2.5,2,1,1,100,0,0,0,0,0,0,0,1,1,1,0,1,2,1,2,1,2,50,0,0,0,0,0,0,0,0,0,0,0,0,0,0,3.0,2.0,66.7,100,-33.3,100,66.7,33.3,0,0,0,0,0,0,0,0,0,0,0,0,0,0,0,0,0,0,0,0,0,0,0,0,0,0,0,0,0,0,0,0,0
Golden Eagle Ylli,"A. Scott, E. Kastrati, G. Morina, L. Shoshi, S. Bamforth",Bashkimi,"I. Cousins, K. Wooten, L. Zeqiri, M. Armstead, S. Shorter",1,50,0.8,2.5,0,0,2,0,0,1,0,0,0,0,0,1,1,0,1,0,0,0,3,1,2,50,1,2,50,0,0,0,0,2,2,1,0,0,1,1,2.0,3.0,0,100,-100,100,0,100,-3,0,0,0,0,0,0,0,0,0,0,0,0,0,0,0,0,0,0,0,0,0,0,0,0,0,0,0,0,0,0,0,0
Bora,"A. Hunter, J. Zeqiri, L. Thomas, O. Kurtaj, T. Cheese",Trepça,"A. Vining, K. Hasbrouck, M. Amzil, M. Tmusic, S. Jones",1,90,1.5,2.5,2,1,2,50,0,0,0,0,0,0,1,1,2,0,0,0,1,1,5,2,3,66.7,1,2,50,0,0,0,0,0,0,1,0,0,0,1,1.9,3.0,103.6,166.7,-63,166.7,103.6,63,-3,0,0,0,0,0,0,0,0,0,0,0,0,0,0,0,0,0,0,0,0,0,0,0,0,0,0,0,0,0,0,0,0
Rahoveci 029,"A. Thomas, B. Rexha, F. Rugova, J. Mccormick, K. Pullian",Vëllaznimi,"A. Gordon, A. Koshi, D. Wilson, R. Dahsyla, Z. Reid",1,84,1.4,2.5,2,1,2,50,0,1,0,0,0,0,0,1,1,0,0,0,1,1,2,1,2,50,0,1,0,0,0,0,0,1,1,1,1,0,0,0,3.0,2.0,66.7,100,-33.3,100,66.7,33.3,0,0,0,0,0,0,0,0,0,0,0,0,0,0,0,0,0,0,0,0,0,0,0,0,0,0,0,0,0,0,0,0,0
Vëllaznimi,"A. Koshi, D. Wilson, J. Hellems, R. Dahsyla, Y. Anei",Sigal Prishtina,"A. Bailey, A. Morina, A. Sinani, E. Clarance, K. Kramer",1,78,1.3,2.5,4,2,4,50,0,1,0,0,0,0,1,1,2,1,1,1,0,0,0,0,1,0,0,0,0,0,0,0,0,1,1,0,0,0,1,0,2.9,2.0,136.5,0,136.5,0,136.5,-136.5,4,0,0,0,0,0,0,0,0,0,0,0,0,0,0,0,0,0,0,0,0,0,0,0,0,0,0,0,0,0,0,0,0
Golden Eagle Ylli,"A. Scott, E. Kastrati, G. Morina, J. Gray, T. Smith",Bora,"A. Hot, A. Hunter, L. Thomas, R. Memedi, S. Jules",1,80,1.3,2.5,0,0,1,0,0,0,0,0,0,0,0,0,0,0,0,0,2,0,5,2,2,100,1,1,100,0,0,0,0,1,1,2,1,1,0,0,3.0,2.0,0,250,-250,250,0,250,-5,0,0,0,0,0,0,0,0,0,0,0,0,0,0,0,0,0,0,0,0,0,0,0,0,0,0,0,0,0,0,0,0
Golden Eagle Ylli,"A. Scott, D. Conger, D. Thomas, L. Shoshi, S. Bamforth",Bora,"G. Zeqiri, J. Zeqiri, R. Memedi, S. Jules, T. Cheese",1,89,1.5,2.5,3,1,2,50,1,1,100,0,0,0,0,1,1,1,0,0,1,1,3,1,2,50,1,1,100,0,0,0,0,1,1,1,1,0,0,0,3.0,2.0,100,150,-50,150,100,50,0,0,0,0,0,0,0,0,0,0,0,0,0,0,0,0,0,0,0,0,0,0,0,0,0,0,0,0,0,0,0,0,0
Golden Eagle Ylli,"D. Thomas, E. Kastrati, J. Gray, L. Shoshi, S. Bamforth",Bora,"A. Hunter, J. Zeqiri, R. Ukaj, S. Jules, T. Cheese",1,112,1.9,2.5,2,1,3,33.3,0,0,0,0,0,0,1,0,1,1,2,0,1,1,0,0,0,0,0,0,0,0,0,0,0,1,1,0,0,1,2,0,2.9,2.0,68.3,0,68.3,0,68.3,-68.3,2,0,0,0,0,0,0,0,0,0,0,0,0,0,0,0,0,0,0,0,0,0,0,0,0,0,0,0,0,0,0,0,0
Golden Eagle Ylli,"D. Thomas, E. Kastrati, J. Gray, S. Bamforth, T. Smith",Bora,"A. Hot, A. Hunter, J. Zeqiri, R. Memedi, S. Jules",1,119,2.0,2.5,3,1,2,50,1,1,100,0,0,0,0,1,1,1,0,0,0,1,4,2,4,50,0,2,0,0,0,0,1,1,2,1,0,0,0,0,2.0,2.9,150,136.5,13.5,136.5,150,-13.5,-1,0,0,0,0,0,0,0,0,0,0,0,0,0,0,0,0,0,0,0,0,0,0,0,0,0,0,0,0,0,0,0,0
Golden Eagle Ylli,"A. Scott, D. Thomas, E. Kastrati, S. Bamforth, T. Smith",Bora,"A. Hunter, J. Zeqiri, R. Memedi, S. Jules, T. Cheese",1,68,1.1,2.5,0,0,4,0,0,3,0,0,0,0,1,1,2,0,0,0,0,0,2,1,2,50,0,1,0,0,0,0,0,3,3,1,0,2,0,0,2.9,2.0,0,100,-100,100,0,100,-2,0,0,0,0,0,0,0,0,0,0,0,0,0,0,0,0,0,0,0,0,0,0,0,0,0,0,0,0,0,0,0,0
Bora,"A. Hot, A. Hunter, L. Thomas, R. Memedi, S. Jules",Bashkimi,"D. Lake, I. Nwamu, L. Zeqiri, S. Shorter, V. Bunjaku",1,95,1.6,2.5,0,0,2,0,0,1,0,0,0,0,0,2,2,0,0,0,0,2,2,1,4,25,0,1,0,0,0,0,1,2,3,0,0,0,0,1,2.0,2.9,0,68.3,-68.3,68.3,0,68.3,-2,0,0,0,0,0,0,0,0,0,0,0,0,0,0,0,0,0,0,0,0,0,0,0,0,0,0,0,0,0,0,0,0
Rahoveci 029,"J. Mccormick, K. Pullian, K. Ujkani, N. Mcleod, V. Ejupi",Golden Eagle Ylli,"A. Scott, D. Conger, G. Morina, L. Shoshi, S. Bamforth",1,84,1.4,2.5,3,1,2,50,1,2,50,0,0,0,0,1,1,0,1,0,0,0,3,1,2,50,1,1,100,0,0,0,0,1,1,1,0,0,1,1,2.0,3.0,150,100,50,100,150,-50,0,0,0,0,0,0,0,0,0,0,0,0,0,0,0,0,0,0,0,0,0,0,0,0,0,0,0,0,0,0,0,0,0
Bashkimi,"J. Riley, K. Wooten, L. Zeqiri, M. Armstead, S. Shorter",Vëllaznimi,"A. Gordon, D. Wilson, J. Hellems, R. Dahsyla, S. Zekiqi",1,93,1.6,2.5,3,1,1,100,1,1,100,0,0,0,0,2,2,0,0,0,1,0,2,1,3,33.3,0,1,0,0,0,0,0,0,0,0,0,0,0,1,2.0,3.0,150,66.7,83.3,66.7,150,-83.3,1,0,0,0,0,0,0,0,0,0,0,0,0,0,0,0,0,0,0,0,0,0,0,0,0,0,0,0,0,0,0,0,0
GO+Peja,"A. Hajdari, C. Edwards, C. Williams, F. Shoshaj, L. Routt",Trepça,"A. Vining, K. Hasbrouck, M. Amzil, M. Tmusic, S. Jones",1,50,0.8,2.5,4,2,2,100,0,0,0,0,0,0,0,2,2,1,0,0,1,0,0,0,2,0,0,2,0,0,0,0,0,0,0,0,1,0,0,0,3.0,2.0,133.3,0,133.3,0,133.3,-133.3,4,0,0,0,0,0,0,0,0,0,0,0,0,0,0,0,0,0,0,0,0,0,0,0,0,0,0,0,0,0,0,0,0
GO+Peja,"A. Hajdari, C. Edwards, C. Williams, D. Bracey, F. Shoshaj",Trepça,"B. Tuna, D. Hajrizi, J. Payne, K. Hasbrouck, S. Jones",1,84,1.4,2.5,2,1,3,33.3,0,1,0,0,0,0,1,2,3,1,0,0,0,0,0,0,2,0,0,2,0,0,0,0,0,1,1,0,0,1,1,0,1.9,3.0,103.6,0,103.6,0,103.6,-103.6,2,0,0,0,0,0,0,0,0,0,0,0,0,0,0,0,0,0,0,0,0,0,0,0,0,0,0,0,0,0,0,0,0
GO+Peja,"A. Hajdari, C. Edwards, C. Williams, D. Bracey, F. Shoshaj",Trepça,"D. Hajrizi, J. Payne, K. Hasbrouck, S. Henry, S. Jones",1,79,1.3,2.5,3,1,1,100,1,1,100,0,0,0,0,1,1,1,1,0,2,1,0,0,1,0,0,0,0,0,0,0,0,0,0,0,2,0,1,0,3.0,2.0,100,0,100,0,100,-100,3,0,0,0,0,0,0,0,0,0,0,0,0,0,0,0,0,0,0,0,0,0,0,0,0,0,0,0,0,0,0,0,0
GO+Peja,"C. Williams, D. Bracey, L. Routt, M. Mala, S. Llapi",Trepça,"J. Payne, K. Hasbrouck, M. Amzil, M. Tmusic, S. Jones",1,80,1.3,2.5,2,1,2,50,0,1,0,0,0,0,0,1,1,0,0,0,1,1,0,0,1,0,0,1,0,0,0,0,0,1,1,0,1,0,1,0,3.0,2.0,66.7,0,66.7,0,66.7,-66.7,2,0,0,0,0,0,0,0,0,0,0,0,0,0,0,0,0,0,0,0,0,0,0,0,0,0,0,0,0,0,0,0,0
GO+Peja,"C. Edwards, C. Williams, D. Bracey, M. Mala, S. Llapi",Trepça,"A. Vining, D. Hajrizi, D. Kapiti, J. Payne, S. Henry",1,70,1.2,2.5,2,1,3,33.3,0,1,0,0,0,0,0,1,1,0,1,0,0,0,0,0,2,0,0,1,0,0,0,0,1,2,3,0,0,0,1,2,3.0,1.9,66.7,0,66.7,0,66.7,-66.7,2,0,0,0,0,0,0,0,0,0,0,0,0,0,0,0,0,0,0,0,0,0,0,0,0,0,0,0,0,0,0,0,0
GO+Peja,"A. Hajdari, C. Williams, D. Bracey, D. Davis, M. Mala",Trepça,"A. Vining, B. Tuna, D. Kapiti, M. Amzil, S. Henry",1,90,1.5,2.5,3,1,5,20,1,2,50,0,0,0,2,0,2,1,0,0,0,2,5,1,1,100,1,1,100,2,4,50,0,1,1,1,0,0,0,0,2.1,2.8,139.8,181.2,-41.4,181.2,139.8,41.4,-2,0,0,0,0,0,0,0,0,0,0,0,0,0,0,0,0,0,0,0,0,0,0,0,0,0,0,0,0,0,0,0,0
Rahoveci 029,"A. Thomas, B. Rexha, F. Rugova, J. Mccorrmick, K. Pullian",Bora,"A. Hot, J. Dingle, J. Zeqiri, R. Ukaj, T. Cheese",1,89,1.5,2.5,0,0,3,0,0,2,0,0,0,0,1,2,3,0,0,0,0,1,3,1,3,33.3,1,2,50,0,0,0,0,2,2,1,0,0,0,1,1.9,3.0,0,100,-100,100,0,100,-3,0,0,0,0,0,0,0,0,0,0,0,0,0,0,0,0,0,0,0,0,0,0,0,0,0,0,0,0,0,0,0,0
Rahoveci 029,"A. Berisha, A. Thomas, F. Rugova, K. Pullian, N. Mcloud",Bora,"A. Hunter, J. Dingle, J. Zeqiri, R. Memedi, S. Jules",1,69,1.1,2.5,0,0,1,0,0,0,0,0,0,0,0,1,1,0,0,0,2,0,3,1,3,33.3,1,3,33.3,0,0,0,1,1,2,1,0,1,0,0,3.0,1.9,0,155.4,-155.4,155.4,0,155.4,-3,0,0,0,0,0,0,0,0,0,0,0,0,0,0,0,0,0,0,0,0,0,0,0,0,0,0,0,0,0,0,0,0
Rahoveci 029,"A. Thomas, F. Rugova, H. Durguti, J. Mccorrmick, N. Mcloud",Bora,"A. Hot, J. Dingle, J. Zeqiri, R. Memedi, S. Jules",1,107,1.8,2.5,2,1,3,33.3,0,0,0,0,0,0,1,3,4,0,0,0,0,0,0,0,3,0,0,2,0,0,0,0,0,1,1,0,0,0,0,1,1.9,3.0,103.6,0,103.6,0,103.6,-103.6,2,0,0,0,0,0,0,0,0,0,0,0,0,0,0,0,0,0,0,0,0,0,0,0,0,0,0,0,0,0,0,0,0
Bashkimi,"D. Lake, I. Nwamu, J. Riley, M. Janjeva, V. Bunjaku",Trepça,"B. Tuna, J. Payne, M. Amzil, M. Tmusic, S. Henry",1,85,1.4,2.5,0,0,3,0,0,2,0,0,0,0,0,0,0,0,0,0,0,1,6,2,2,100,2,2,100,0,0,0,0,3,3,2,0,0,0,1,3.0,2.0,0,300,-300,300,0,300,-6,0,0,0,0,0,0,0,0,0,0,0,0,0,0,0,0,0,0,0,0,0,0,0,0,0,0,0,0,0,0,0,0
Bashkimi,"D. Lake, J. Riley, M. Ismaili, S. Shorter, V. Bunjaku",Trepça,"D. Hajrizi, K. Hasbrouck, M. Amzil, M. Tmusic, S. Henry",1,85,1.4,2.5,0,0,1,0,0,1,0,0,0,0,0,0,0,0,0,0,2,1,4,2,2,100,0,0,0,0,0,0,0,1,1,1,0,0,0,3,3.0,2.0,0,200,-200,200,0,200,-4,0,0,0,0,0,0,0,0,0,0,0,0,0,0,0,0,0,0,0,0,0,0,0,0,0,0,0,0,0,0,0,0
Bashkimi,"I. Nwamu, J. Riley, M. Armstead, M. Janjeva, S. Shorter",Trepça,"D. Hajrizi, K. Hasbrouck, M. Amzil, M. Tmusic, S. Henry",1,83,1.4,2.5,4,2,3,66.7,0,0,0,0,0,0,1,0,1,0,0,0,0,0,8,3,3,100,2,2,100,0,0,0,0,0,0,0,0,1,0,0,1.9,3.0,207.3,266.7,-59.4,266.7,207.3,59.4,-4,0,0,0,0,0,0,0,0,0,0,0,0,0,0,0,0,0,0,0,0,0,0,0,0,0,0,0,0,0,0,0,0
Vëllaznimi,"D. Wilson, J. Hellems, R. Dahsyla, S. Zekiqi, Y. Anei",Golden Eagle Ylli,"D. Sabeckis, E. Kastrati, G. Morina, S. Bamforth, T. Smith",1,85,1.4,2.5,2,1,2,50,0,0,0,0,0,0,0,1,1,1,0,0,0,0,0,0,1,0,0,0,0,0,0,0,0,1,1,0,0,0,2,2,2.0,3.0,100,0,100,0,100,-100,2,0,0,0,0,0,0,0,0,0,0,0,0,0,0,0,0,0,0,0,0,0,0,0,0,0,0,0,0,0,0,0,0
GO+Peja,"A. Hajdari, C. Williams, D. Bracey, D. Davis, S. Llapi",Bora,"A. Hot, A. Hunter, J. Zeqiri, R. Memedi, S. Jules",1,83,1.4,2.5,0,0,2,0,0,1,0,0,0,0,0,0,0,0,1,0,0,0,2,1,1,100,0,0,0,0,0,0,0,2,2,0,0,0,2,1,2.0,3.0,0,66.7,-66.7,66.7,0,66.7,-2,0,0,0,0,0,0,0,0,0,0,0,0,0,0,0,0,0,0,0,0,0,0,0,0,0,0,0,0,0,0,0,0
Vëllaznimi,"A. Koshi, E. Cingu, J. Ismajli, U. Ahmeti, Z. Ried",Bashkimi,"I. Cousins, J. Palokaj, K. Anderson, L. Zeqiri, T. Brickerstaff",1,71,1.2,2.4,2,0,2,0,0,2,0,2,2,100,0,0,0,0,0,0,0,1,4,2,3,66.7,0,1,0,0,0,0,1,2,3,1,0,0,0,0,2.9,1.9,69.4,207.3,-137.8,207.3,69.4,137.8,-2,0,0,0,0,0,0,0,0,0,0,0,0,0,0,0,0,0,0,0,0,0,0,0,0,0,0,0,0,0,0,0,0
Trepça,"C. Brown, C. Russell, J. Payne, M. Tmusic, S. Jones",GO+ Peja,"C. Edwards, D. Berisha, J. Johnson, M. Armstread, T. Green",1,79,1.3,2.4,2,0,2,0,0,1,0,2,2,100,1,1,2,0,0,0,1,0,3,1,2,50,1,1,100,0,0,0,0,1,1,1,0,0,0,0,2.8,2.0,71.2,150,-78.8,150,71.2,78.8,-1,0,0,0,0,0,0,0,0,0,0,0,0,0,0,0,0,0,0,0,0,0,0,0,0,0,0,0,0,0,0,0,0
Sigal Prishtina,"A. Azemi, A. Bailey, D. Haxhosaj, D. Lekndreaj, D. Polloshka",Bora,"A. Mekic, G. Zeqiri, O. Kurtaj, R. Ukaj, T. Jackson",1,52,0.9,2.4,4,1,1,100,0,0,0,2,2,100,0,0,0,1,1,0,0,0,4,2,2,100,0,0,0,0,0,0,0,0,0,1,0,0,1,1,1.9,3.0,212.8,133.3,79.4,133.3,212.8,-79.4,0,0,0,0,0,0,0,0,0,0,0,0,0,0,0,0,0,0,0,0,0,0,0,0,0,0,0,0,0,0,0,0,0
Sigal Prishtina,"A. Azemi, A. Bailey, D. Burns, D. Lekndreaj, K. Kramer",Bora,"A. Mekic, G. Singleton, J. Zeqiri, R. Memed, S. Jules",1,74,1.2,2.4,6,2,2,100,0,0,0,2,2,100,0,1,1,2,1,0,0,0,0,0,1,0,0,1,0,0,0,0,0,0,0,0,0,0,1,1,2.9,2.0,208.3,0,208.3,0,208.3,-208.3,6,0,0,0,0,0,0,0,0,0,0,0,0,0,0,0,0,0,0,0,0,0,0,0,0,0,0,0,0,0,0,0,0
GO+Peja,"C. Edwards, D. Berisha, J. Johnson, M. Armstead, T. Green",Golden Eagle Ylli,"A. Çallakaj, G. Morina, J. Reece, L. Thomas, T. Allen",1,67,1.1,2.4,2,1,1,100,0,0,0,0,0,0,0,2,2,1,0,0,2,1,0,0,1,0,0,1,0,0,2,0,0,0,0,0,2,0,0,0,3.0,1.9,66.7,0,66.7,0,66.7,-66.7,2,0,0,0,0,0,0,0,0,0,0,0,0,0,0,0,0,0,0,0,0,0,0,0,0,0,0,0,0,0,0,0,0
GO+Peja,"C. Edwards, D. Berisha, J. Johnson, M. Mala, T. Green",Golden Eagle Ylli,"A. Çallakaj, G. Morina, J. Reece, L. Thomas, T. Allen",1,76,1.3,2.4,3,1,1,100,0,0,0,1,2,50,0,0,0,0,0,0,1,1,4,2,2,100,0,0,0,0,0,0,0,0,0,1,0,0,0,0,2.9,2.0,104.2,200,-95.8,200,104.2,95.8,-1,0,0,0,0,0,0,0,0,0,0,0,0,0,0,0,0,0,0,0,0,0,0,0,0,0,0,0,0,0,0,0,0
GO+Peja,"A. Hajdari, A. Herndon, J. Johnson, M. Armstead, S. Flatten",Golden Eagle Ylli,"A. Shala, A. Çallakaj, J. Reece, L. Basic, T. Allen",1,64,1.1,2.4,3,1,2,50,0,1,0,1,2,50,1,0,1,1,2,0,1,0,0,0,0,0,0,0,0,0,0,0,0,0,0,0,1,0,2,1,2.8,2.0,106.8,0,106.8,0,106.8,-106.8,3,0,0,0,0,0,0,0,0,0,0,0,0,0,0,0,0,0,0,0,0,0,0,0,0,0,0,0,0,0,0,0,0
GO+Peja,"A. Hajdari, A. Herndon, M. Armstead, S. Flatten, T. Green",Golden Eagle Ylli,"A. Çallakaj, B. Huffman, G. Morina, L. Basic, T. Allen",1,94,1.6,2.4,3,1,1,100,1,1,100,0,0,0,0,1,1,0,0,0,1,0,4,2,5,40,0,2,0,0,0,0,2,0,2,1,1,0,0,0,2.0,2.9,150,139.9,10.1,139.9,150,-10.1,-1,0,0,0,0,0,0,0,0,0,0,0,0,0,0,0,0,0,0,0,0,0,0,0,0,0,0,0,0,0,0,0,0
Bashkimi,"I. Cousins, J. Palokaj, L. Zeqiri, T. Bickerstaff, V. Bunjaku",Sigal Prishtina,"A. Azemi, A. Bailey, D. Lekndreaj, K. Kramer, L. Autrey",1,64,1.1,2.4,0,0,1,0,0,0,0,0,0,0,1,1,2,0,1,0,2,0,2,1,3,33.3,0,1,0,0,0,0,1,0,1,0,2,0,1,0,1.9,2.9,0,68.3,-68.3,68.3,0,68.3,-2,0,0,0,0,0,0,0,0,0,0,0,0,0,0,0,0,0,0,0,0,0,0,0,0,0,0,0,0,0,0,0,0
Bashkimi,"I. Cousins, J. Baily, K. Anderson, L. Zeqiri, V. Bunjaku",Sigal Prishtina,"A. Azemi, A. Bailey, D. Haxhosaj, D. Lekndreaj, L. Autrey",1,75,1.2,2.4,5,2,2,100,0,0,0,1,2,50,0,0,0,1,0,0,0,2,6,2,2,100,2,2,100,0,0,0,0,0,0,2,0,0,0,0,2.9,2.0,173.6,300,-126.4,300,173.6,126.4,-1,0,0,0,0,0,0,0,0,0,0,0,0,0,0,0,0,0,0,0,0,0,0,0,0,0,0,0,0,0,0,0,0
Trepça,"B. Tuna, C. Rusell, J. Payne, M. Amzil, S. Jones",Golden Eagle Ylli,"A. Çallakaj, J. Reece, L. Basic, L. Shoshi, T. Allen",1,67,1.1,2.4,2,1,1,100,0,0,0,0,0,0,0,1,1,0,0,0,1,0,4,1,2,50,1,2,50,1,2,50,0,0,0,1,0,0,0,1,2.0,2.9,100,138.9,-38.9,138.9,100,38.9,-2,0,0,0,0,0,0,0,0,0,0,0,0,0,0,0,0,0,0,0,0,0,0,0,0,0,0,0,0,0,0,0,0
Golden Eagle Ylli,"A. Çallakaj, J. Reece, L. Shoshi, L. Thomas, T. Allen",Bashkimi,"A. Morina, D. Lake, I. Cousins, J. Palokaj, K. Anderson",1,113,1.9,2.4,2,1,5,20,0,1,0,0,0,0,2,1,3,1,0,0,0,1,2,1,3,33.3,0,1,0,0,0,0,1,2,3,1,0,1,0,1,2.9,1.9,69.9,103.6,-33.7,103.6,69.9,33.7,0,0,0,0,0,0,0,0,0,0,0,0,0,0,0,0,0,0,0,0,0,0,0,0,0,0,0,0,0,0,0,0,0
Bora,"A. Hot, A. Mekic, G. Zeqiri, H. Lebovci, J. Zeqiri",Trepça,"B. Tuna, D. Hajrizi, J. Payne, M. Tmusic, S. Jones",1,50,0.8,2.4,2,1,1,100,0,0,0,0,0,0,0,1,1,0,0,0,1,2,4,0,1,0,0,0,0,4,4,100,0,0,0,0,1,0,0,0,2.0,2.8,100,144.9,-44.9,144.9,100,44.9,-2,0,0,0,0,0,0,0,0,0,0,0,0,0,0,0,0,0,0,0,0,0,0,0,0,0,0,0,0,0,0,0,0
Bora,"A. Hot, A. Mekic, J. Zeqiri, R. Memedi, S. Jules",Trepça,"A. Arslanagic, D. Kapiti, J. Payne, M. Amzil, M. Tmusic",1,76,1.3,2.4,7,3,5,60,1,1,100,0,0,0,2,1,3,1,0,0,0,0,2,1,2,50,0,0,0,0,0,0,0,0,0,0,0,1,0,0,2.9,2.0,244.8,100,144.8,100,244.8,-144.8,5,0,0,0,0,0,0,0,0,0,0,0,0,0,0,0,0,0,0,0,0,0,0,0,0,0,0,0,0,0,0,0,0
Rahoveci 029,"F. Rugova, I. Umipig, J. Jones, J. Roche, V. Ejupi",Vëllaznimi,"L. Colimerio, M. Warrick, R. Dahsyla, S. Zekiqi, Y. Anei",1,87,1.4,2.4,2,1,3,33.3,0,1,0,0,0,0,1,1,2,1,1,0,0,0,2,1,3,33.3,0,1,0,0,0,0,1,1,2,0,0,0,1,1,1.9,2.9,103.6,68.3,35.4,68.3,103.6,-35.4,0,0,0,0,0,0,0,0,0,0,0,0,0,0,0,0,0,0,0,0,0,0,0,0,0,0,0,0,0,0,0,0,0
Rahoveci 029,"F. Rugova, I. Umipig, J. Jones, J. Roche, V. Ejupi",Vëllaznimi,"A. Koshi, L. Colimerio, M. Warrick, R. Dahsyla, Y. Anei",1,55,0.9,2.4,2,0,1,0,0,0,0,2,2,100,0,1,1,0,0,0,1,0,2,1,2,50,0,0,0,0,0,0,0,1,1,1,0,0,0,0,2.9,2.0,69.4,100,-30.6,100,69.4,30.6,0,0,0,0,0,0,0,0,0,0,0,0,0,0,0,0,0,0,0,0,0,0,0,0,0,0,0,0,0,0,0,0,0
Sigal Prishtina,"A. Azemi, A. Bailey, D. Burns, D. Lekndreaj, L. Autrey",GO+Peja,"A. Hajdari, J. Johnson, M. Armstead, S. Flatten, T. Green",1,54,0.9,2.4,7,2,3,66.7,1,2,50,2,2,100,1,0,1,0,1,0,0,0,2,1,1,100,0,0,0,0,0,0,0,0,0,0,0,0,1,1,2.8,2.0,249.1,100,149.1,100,249.1,-149.1,5,0,0,0,0,0,0,0,0,0,0,0,0,0,0,0,0,0,0,0,0,0,0,0,0,0,0,0,0,0,0,0,0
Sigal Prishtina,"A. Azemi, A. Bailey, D. Lekndreaj, D. Polloshka, L. Autrey",GO+Peja,"C. Edwards, M. Armstead, M. Mala, S. Flatten, T. Green",1,91,1.5,2.4,2,1,2,50,0,0,0,0,0,0,0,1,1,1,0,0,1,3,2,0,2,0,0,1,0,2,2,100,1,0,1,1,0,0,0,2,3.0,1.8,66.7,110.5,-43.8,110.5,66.7,43.8,0,0,0,0,0,0,0,0,0,0,0,0,0,0,0,0,0,0,0,0,0,0,0,0,0,0,0,0,0,0,0,0,0
Bashkimi,"D. Lake, J. Bailey, J. Palokaj, K. Anderson, M. Ismaili",GO+Peja,"A. Herndon, D. Berisha, J. Johnson, M. Mala, T. Green",1,85,1.4,2.4,2,1,3,33.3,0,2,0,0,0,0,0,1,1,0,0,0,0,2,2,0,1,0,0,1,0,2,2,100,0,2,2,0,0,0,0,0,3.0,1.9,66.7,106.4,-39.7,106.4,66.7,39.7,0,0,0,0,0,0,0,0,0,0,0,0,0,0,0,0,0,0,0,0,0,0,0,0,0,0,0,0,0,0,0,0,0
Bashkimi,"D. Lake, I. Cousins, K. Anderson, L. Zeqiri, M. Ismaili",GO+Peja,"A. Herndon, D. Berisha, J. Johnson, M. Mala, T. Green",1,68,1.1,2.4,2,0,2,0,0,1,0,2,2,100,1,0,1,0,1,0,0,1,5,2,2,100,1,1,100,0,0,0,0,1,1,1,0,0,1,1,1.8,3.0,110.5,166.7,-56.2,166.7,110.5,56.2,-3,0,0,0,0,0,0,0,0,0,0,0,0,0,0,0,0,0,0,0,0,0,0,0,0,0,0,0,0,0,0,0,0
Bashkimi,"I. Cousins, K. Anderson, L. Zeqiri, T. Bickerstaff, V. Bunjaku",GO+Peja,"C. Edwards, D. Berisha, J. Johnson, M. Armstead, T. Green",1,73,1.2,2.4,2,0,2,0,0,0,0,2,2,100,0,0,0,0,0,0,0,0,4,2,2,100,0,0,0,0,0,0,0,2,2,1,0,0,0,0,2.9,2.0,69.4,200,-130.6,200,69.4,130.6,-2,0,0,0,0,0,0,0,0,0,0,0,0,0,0,0,0,0,0,0,0,0,0,0,0,0,0,0,0,0,0,0,0
Vëllaznimi,"A. Koshi, L. Colimerio, M. Warrick, S. Zekiqi, Y. Anei",Sigal Prishtina,"A. Azemi, A. Bailey, D. Burns, D. Lekndreaj, K. Kramer",1,59,1.0,2.4,1,0,0,0,0,0,0,1,2,50,0,0,0,0,0,0,2,0,4,2,3,66.7,0,0,0,0,0,0,1,0,1,0,1,0,0,1,2.9,1.9,34.7,207.3,-172.5,207.3,34.7,172.5,-3,0,0,0,0,0,0,0,0,0,0,0,0,0,0,0,0,0,0,0,0,0,0,0,0,0,0,0,0,0,0,0,0
Vëllaznimi,"A. Koshi, R. Dahsyla, S. Zekiqi, Y. Anei, Z. Ride",Sigal Prishtina,"A. Azemi, A. Bailey, D. Burns, D. Lekndreaj, V. Kakruki",1,68,1.1,2.4,6,2,2,100,1,1,100,1,2,50,0,1,1,1,0,0,0,1,2,1,2,50,0,0,0,0,0,0,0,1,1,1,0,0,0,0,2.9,2.0,208.3,100,108.3,100,208.3,-108.3,4,0,0,0,0,0,0,0,0,0,0,0,0,0,0,0,0,0,0,0,0,0,0,0,0,0,0,0,0,0,0,0,0
Vëllaznimi,"A. Koshi, L. Colimerio, M. Warrick, R. Dahsyla, Z. Ride",Sigal Prishtina,"A. Azemi, A. Bailey, D. Burns, D. Lekndreaj, K. Kramer",1,105,1.8,2.4,4,1,2,50,0,1,0,2,2,100,0,0,0,1,1,0,0,1,2,1,2,50,0,1,0,0,0,0,1,0,1,0,0,0,1,1,2.9,1.9,138.9,103.6,35.3,103.6,138.9,-35.3,2,0,0,0,0,0,0,0,0,0,0,0,0,0,0,0,0,0,0,0,0,0,0,0,0,0,0,0,0,0,0,0,0
Trepça,"B. Tuna, D. Hajrizi, D. Kapiti, J. Payne, M. Tmusic",Rahoveci 029,"B. Rexha, F. Rugova, I. Umipig, K. Pullian, P. Weekes",1,88,1.5,2.4,0,0,5,0,0,1,0,0,1,0,3,1,4,0,0,0,0,0,3,1,2,50,1,1,100,0,0,0,0,3,3,1,0,0,0,0,2.8,2.0,0,150,-150,150,0,150,-3,0,0,0,0,0,0,0,0,0,0,0,0,0,0,0,0,0,0,0,0,0,0,0,0,0,0,0,0,0,0,0,0
Trepça,"A. Arslanagic, B. Tuna, C. Brown, D. Hajrizi, J. Payne",Rahoveci 029,"H. Durguti, I. Umipig, J. Jones, J. Roche, K. Ujkani",1,105,1.8,2.4,2,1,3,33.3,0,1,0,0,0,0,1,1,2,0,0,0,0,0,2,1,5,20,0,2,0,0,0,0,3,1,4,0,0,0,1,1,1.9,2.8,103.6,71.7,31.9,71.7,103.6,-31.9,0,0,0,0,0,0,0,0,0,0,0,0,0,0,0,0,0,0,0,0,0,0,0,0,0,0,0,0,0,0,0,0,0
Golden Eagle Ylli,"E. Kastrati, J. Reece, L. Shoshi, T. Allen, T. Allen",Bora,"G. Singleton, G. Zeqiri, J. Zeqiri, S. Jules, T. Cheese",1,43,0.7,2.4,1,0,0,0,0,0,0,1,2,50,0,1,1,0,0,0,2,0,3,1,2,50,1,2,50,0,0,0,0,1,1,0,0,0,0,0,2.9,2.0,34.7,150,-115.3,150,34.7,115.3,-2,0,0,0,0,0,0,0,0,0,0,0,0,0,0,0,0,0,0,0,0,0,0,0,0,0,0,0,0,0,0,0,0
Golden Eagle Ylli,"A. Çallakaj, B. Huffman, G. Morina, L. Thomas, T. Allen",Bora,"A. Hot, A. Mekic, J. Zeqiri, O. Kurtaj, T. Jackson",1,86,1.4,2.4,1,0,1,0,0,0,0,1,2,50,0,1,1,1,0,0,1,1,3,1,3,33.3,1,3,33.3,0,0,0,1,1,2,1,1,0,0,1,2.9,1.9,34.7,155.4,-120.7,155.4,34.7,120.7,-2,0,0,0,0,0,0,0,0,0,0,0,0,0,0,0,0,0,0,0,0,0,0,0,0,0,0,0,0,0,0,0,0
Bora,"G. Singleton, J. Zeqiri, O. Kurtaj, S. Jules, T. Chese",Bashkimi,"D. Lake, J. Baily, K. Anderson, M. Janjeva, V. Bunjaku",1,55,0.9,2.4,0,0,1,0,0,0,0,0,0,0,0,1,1,0,0,0,1,1,1,0,2,0,0,1,0,1,2,50,0,1,1,0,1,0,0,0,2.0,2.9,0,34.7,-34.7,34.7,0,34.7,-1,0,0,0,0,0,0,0,0,0,0,0,0,0,0,0,0,0,0,0,0,0,0,0,0,0,0,0,0,0,0,0,0
Rahoveci 029,"F. Rugova, I. Umipig, J. Roche, K. Pullian, K. Ujkani",Golden Eagle Ylli,"A. Çallakaj, G. Morina, L. Shoshi, L. Thomas, T. Allen",1,63,1.1,2.4,1,0,1,0,0,1,0,1,2,50,0,1,1,1,0,0,0,0,4,2,3,66.7,0,1,0,0,0,0,0,1,1,2,0,0,0,2,1.9,3.0,53.2,133.3,-80.1,133.3,53.2,80.1,-3,0,0,0,0,0,0,0,0,0,0,0,0,0,0,0,0,0,0,0,0,0,0,0,0,0,0,0,0,0,0,0,0
Bashkimi,"D. Lake, I. Cousins, K. Anderson, L. Zeqiri, V. Bunjaku",Vëllaznimi,"A. Koshi, J. Hellems, J. Ismajli, L. Colimerio, Z. Reid",1,83,1.4,2.4,0,0,0,0,0,0,0,0,0,0,0,0,0,0,0,0,2,1,7,2,3,66.7,1,2,50,2,2,100,1,0,1,2,1,0,0,2,2.0,2.8,0,249.1,-249.1,249.1,0,249.1,-7,0,0,0,0,0,0,0,0,0,0,0,0,0,0,0,0,0,0,0,0,0,0,0,0,0,0,0,0,0,0,0,0
Bashkimi,"I. Cousins, K. Anderson, L. Zeqiri, M. Ismaili, T. Bickerstaff",Vëllaznimi,"J. Hellems, M. Warrick, R. Dahsyla, S. Zekiqi, Z. Reid",1,56,0.9,2.4,2,1,2,50,0,0,0,0,0,0,1,2,3,0,0,1,1,1,2,0,2,0,0,1,0,2,2,100,0,0,0,0,0,0,0,0,1.9,2.9,103.6,69.4,34.2,69.4,103.6,-34.2,0,0,0,0,0,0,0,0,0,0,0,0,0,0,0,0,0,0,0,0,0,0,0,0,0,0,0,0,0,0,0,0,0
GO+Peja,"D. Berisha, J. Johnson, M. Mala, S. Flatten, T. Green",Trepça,"B. Tuna, D. Kapiti, J. Payne, M. Amzil, S. Henry",1,94,1.6,2.4,0,0,1,0,0,0,0,0,0,0,0,0,0,0,0,0,1,1,4,2,5,40,0,3,0,0,0,0,3,1,4,0,1,1,1,0,2.0,2.8,0,143.4,-143.4,143.4,0,143.4,-4,0,0,0,0,0,0,0,0,0,0,0,0,0,0,0,0,0,0,0,0,0,0,0,0,0,0,0,0,0,0,0,0
Sigal Prishtina,"A. Azemi, A. Bailey, D. Burns, D. Haxhosaj, L. Autrey",Golden Eagle Ylli,"A. Çallakaj, E. Kastrati, J. Reece, L. Basic, L. Shoshi",1,50,0.8,2.4,1,0,1,0,0,1,0,1,2,50,0,0,0,0,1,0,1,1,2,1,1,100,0,0,0,0,0,0,0,2,2,1,1,0,1,0,2.9,2.0,34.7,100,-65.3,100,34.7,65.3,-1,0,0,0,0,0,0,0,0,0,0,0,0,0,0,0,0,0,0,0,0,0,0,0,0,0,0,0,0,0,0,0,0
Rahoveci 029,"F. Rugova, H. Durguti, I. Umipig, J. Roche, K. Pullian",Bora,"A. Hunter, J. Zeqiri, R. Ukaj, S. Jules, T. Cheese",1,108,1.8,2.4,3,1,5,20,1,3,33.3,0,0,0,2,1,3,0,0,0,0,0,2,1,2,50,0,0,0,0,0,0,0,2,2,0,0,1,0,0,2.9,2.0,104.9,100,4.9,100,104.9,-4.9,1,0,0,0,0,0,0,0,0,0,0,0,0,0,0,0,0,0,0,0,0,0,0,0,0,0,0,0,0,0,0,0,0
Rahoveci 029,"A. Patty, B. Rexha, E. Peci, F. Rugova, I. Umipig",Bora,"A. Hot, A. Hunter, A. Mekic, J. Zeqiri, S. Jules",1,130,2.2,2.4,0,0,3,0,0,2,0,0,0,0,1,2,3,0,0,0,0,1,3,1,2,50,1,2,50,0,2,0,0,2,2,1,0,0,0,1,1.9,2.9,0,104.2,-104.2,104.2,0,104.2,-3,0,0,0,0,0,0,0,0,0,0,0,0,0,0,0,0,0,0,0,0,0,0,0,0,0,0,0,0,0,0,0,0
Rahoveci 029,"A. Patty, B. Rexha, F. Rugova, H. Durguti, K. Pullian",Bashkimi,"D. Lake, K. Anderson, L. Zeqiri, M. Ismaili, V. Bunjaku",1,88,1.5,2.4,4,1,3,33.3,0,0,0,2,2,100,1,1,2,1,0,0,0,0,3,1,2,50,1,1,100,0,0,0,0,1,1,1,0,1,0,1,2.8,2.0,142.3,150,-7.7,150,142.3,7.7,1,0,0,0,0,0,0,0,0,0,0,0,0,0,0,0,0,0,0,0,0,0,0,0,0,0,0,0,0,0,0,0,0
Bora,"A. Hot, A. Mekic, J. Zeqiri, S. Jules, T. Cheese",Sigal Prishtina,"A. Bailey, D. Burns, D. Haxhosaj, D. Polloshka, T. Vissarious",1,101,1.7,2.4,2,1,3,33.3,0,1,0,0,0,0,1,1,2,1,0,0,0,1,6,2,2,100,1,1,100,1,2,50,0,1,1,0,0,0,0,1,1.9,2.9,103.6,208.3,-104.7,208.3,103.6,104.7,-4,0,0,0,0,0,0,0,0,0,0,0,0,0,0,0,0,0,0,0,0,0,0,0,0,0,0,0,0,0,0,0,0
Bora,"A. Hot, A. Hunter, J. Zeqiri, S. Jules, T. Cheese",Sigal Prishtina,"A. Azemi, A. Bailey, D. Burns, D. Polloshka, K. Kramer",1,50,0.8,2.4,2,1,1,100,0,0,0,0,2,0,0,2,2,1,0,0,0,0,2,0,2,0,0,2,0,2,2,100,0,1,1,0,0,0,0,2,1.9,2.9,106.4,69.4,36.9,69.4,106.4,-36.9,0,0,0,0,0,0,0,0,0,0,0,0,0,0,0,0,0,0,0,0,0,0,0,0,0,0,0,0,0,0,0,0,0
Golden Eagle Ylli,"A. Çallakaj, B. Huffman, G. Morina, L. Thomas, T. Allen",GO+Peja,"A. Herndon, C. Edwards, D. Berisha, J. Johnson, M. Mala",1,62,1.0,2.4,0,0,0,0,0,0,0,0,0,0,0,1,1,0,0,0,2,0,4,1,2,50,0,1,0,2,2,100,0,0,0,1,2,0,0,1,2.0,2.9,0,138.9,-138.9,138.9,0,138.9,-4,0,0,0,0,0,0,0,0,0,0,0,0,0,0,0,0,0,0,0,0,0,0,0,0,0,0,0,0,0,0,0,0
Golden Eagle Ylli,"A. Scott, A. Çallakaj, E. Kastrati, J. Reece, T. Allen",GO+Peja,"D. Berisha, J. Johnson, M. Mala, S. Flatten, T. Green",1,110,1.8,2.4,0,0,2,0,0,2,0,0,0,0,0,1,1,0,0,0,0,0,4,2,5,40,0,1,0,0,0,0,2,2,4,0,0,0,0,1,2.0,2.9,0,139.9,-139.9,139.9,0,139.9,-4,0,0,0,0,0,0,0,0,0,0,0,0,0,0,0,0,0,0,0,0,0,0,0,0,0,0,0,0,0,0,0,0
Trepça,"A. Arslanagic, B. Tuna, C. Brown, D. Hajrizi, J. Payne",Vëllaznimi,"A. Koshi, J. Hellems, M. Warrick, S. Zekiqi, Z. Reid",1,101,1.7,2.4,5,1,1,100,1,1,100,2,2,100,0,1,1,1,0,0,0,1,6,2,3,66.7,2,2,100,0,0,0,0,0,0,2,0,0,0,2,1.9,3.0,266,200,66,200,266,-66,-1,0,0,0,0,0,0,0,0,0,0,0,0,0,0,0,0,0,0,0,0,0,0,0,0,0,0,0,0,0,0,0,0
Trepça,"A. Arslanagic, B. Tuna, C. Brown, D. Kapiti, S. Henry",Vëllaznimi,"J. Hellems, M. Warrick, R. Dahsyla, S. Zekiqi, Z. Reid",1,38,0.6,2.4,4,1,1,100,0,0,0,2,2,100,0,1,1,1,1,0,1,0,0,0,1,0,0,0,0,0,0,0,0,0,0,0,1,0,1,1,2.9,2.0,138.9,0,138.9,0,138.9,-138.9,4,0,0,0,0,0,0,0,0,0,0,0,0,0,0,0,0,0,0,0,0,0,0,0,0,0,0,0,0,0,0,0,0
Trepça,"B. Tuna, C. Brown, D. Kapiti, J. Payne, M. Tmusic",Vëllaznimi,"J. Hellems, M. Warrick, R. Dahsyla, S. Zekiqi, Z. Reid",1,73,1.2,2.4,4,1,1,100,1,1,100,1,2,50,0,2,2,1,0,0,1,0,0,0,2,0,0,1,0,0,0,0,0,0,0,0,0,0,0,0,2.9,2.0,138.9,0,138.9,0,138.9,-138.9,4,0,0,0,0,0,0,0,0,0,0,0,0,0,0,0,0,0,0,0,0,0,0,0,0,0,0,0,0,0,0,0,0
Vëllaznimi,"A. Koshi, J. Hellems, L. Colimerio, R. Dahsyla, Z. Reid",Golden Eagle Ylli,"A. Gashi, A. Scott, A. Çallakaj, G. Morina, J. Reece",1,89,1.5,2.4,2,1,1,100,0,0,0,0,0,0,0,0,0,0,1,0,2,1,2,1,3,33.3,0,2,0,0,0,0,2,0,2,1,2,0,1,0,3.0,1.9,66.7,107.5,-40.9,107.5,66.7,40.9,0,0,0,0,0,0,0,0,0,0,0,0,0,0,0,0,0,0,0,0,0,0,0,0,0,0,0,0,0,0,0,0,0
GO+Peja,"A. Hhajdari, C. Edwards, J. Johnson, M. Mala, T. Green",Bora,"A. Hot, A. Hunter, A. Mekic, J. Zeqiri, S. Jules",1,102,1.7,2.4,4,2,4,50,0,1,0,0,0,0,1,0,1,0,0,0,0,0,5,2,3,66.7,1,1,100,0,0,0,1,1,2,0,0,0,0,0,2.9,1.9,136.5,259.1,-122.5,259.1,136.5,122.5,-1,0,0,0,0,0,0,0,0,0,0,0,0,0,0,0,0,0,0,0,0,0,0,0,0,0,0,0,0,0,0,0,0
Sigal Prishtina,"A. Azemi, A. Bailey, D. Burns, D. Polloshka, K. Kramer",Bashkimi,"I. Cousins, I. Nwamu, L. Zeqiri, M. Janjeva, T. Bickerstaff",1,58,1.0,2.4,2,1,1,100,0,0,0,0,0,0,0,1,1,1,0,0,1,0,3,1,1,100,0,0,0,1,2,50,0,0,0,0,1,0,1,1,2.0,2.9,100,104.2,-4.2,104.2,100,4.2,-1,0,0,0,0,0,0,0,0,0,0,0,0,0,0,0,0,0,0,0,0,0,0,0,0,0,0,0,0,0,0,0,0
Sigal Prishtina,"A. Bailey, D. Burns, D. Haxhosaj, D. Polloshka, K. Kramer",Bashkimi,"D. Lake, I. Nwamu, K. Anderson, L. Zeqiri, M. Janjeva",1,148,2.5,2.4,0,0,3,0,0,3,0,0,0,0,1,2,3,0,0,1,1,1,0,0,5,0,0,2,0,0,0,0,3,2,5,0,0,0,0,0,2.9,1.8,0,0,0,0,0,0,0,0,0,0,0,0,0,0,0,0,0,0,0,0,0,0,0,0,0,0,0,0,0,0,0,0,0,0,0,0,0,0,0
Rahoveci 029,"B. Rexha, F. Rugova, I. Umipig, J. Roche, K. Pullian",GO+Peja,"A. Hajdari, A. Herndon, C. Edwards, D. Berisha, J. Johnson",1,60,1.0,2.4,3,1,2,50,1,2,50,0,0,0,0,0,0,1,0,0,0,0,4,1,1,100,0,0,0,2,2,100,0,1,1,0,0,0,1,0,2.0,2.9,150,138.9,11.1,138.9,150,-11.1,-1,0,0,0,0,0,0,0,0,0,0,0,0,0,0,0,0,0,0,0,0,0,0,0,0,0,0,0,0,0,0,0,0
Rahoveci 029,"B. Rexha, F. Rugova, I. Umipig, J. Roche, K. Pullian",GO+Peja,"A. Hajdari, C. Edwards, M. Mala, S. Flatten, T. Green",1,63,1.1,2.4,2,0,2,0,0,2,0,2,2,100,0,1,1,0,1,0,0,0,0,0,1,0,0,0,0,0,0,0,0,1,1,0,0,0,1,1,2.9,2.0,69.4,0,69.4,0,69.4,-69.4,2,0,0,0,0,0,0,0,0,0,0,0,0,0,0,0,0,0,0,0,0,0,0,0,0,0,0,0,0,0,0,0,0
Bora,"C. Payton, G. Zeqiri, R. Memedi, S. Jules, T. Cheese",Vëllaznimi,"J. Hellems, R. Dahsyla, S. Zekiqi, T. Todd, Z. Reid",1,77,1.3,2.4,2,1,1,100,0,0,0,0,0,0,0,1,1,1,0,0,1,1,3,1,2,50,0,0,0,1,2,50,0,0,0,0,0,0,0,1,2.0,2.9,100,104.2,-4.2,104.2,100,4.2,-1,0,0,0,0,0,0,0,0,0,0,0,0,0,0,0,0,0,0,0,0,0,0,0,0,0,0,0,0,0,0,0,0
Bashkimi,"D. Lake, I. Cousins, I. Nwamu, L. Zeqiri, M. Janjeva",Golden Eagle Ylli,"A. Scott, E. Kastrati, G. Morina, J. Reece, T. Allen",1,95,1.6,2.4,2,1,2,50,0,0,0,0,0,0,0,1,1,1,0,0,0,0,4,1,3,33.3,1,3,33.3,1,2,50,1,1,2,1,0,1,0,2,2.0,2.8,100,142.3,-42.3,142.3,100,42.3,-2,0,0,0,0,0,0,0,0,0,0,0,0,0,0,0,0,0,0,0,0,0,0,0,0,0,0,0,0,0,0,0,0
Trepça,"D. Hajrizi, D. Kapiti, J. Payne, K. Hasbrouck, S. Henry",Bora,"A. Hot, A. Hunter, C. Payton, J. Zeqiri, T. Cheese",1,96,1.6,2.4,2,1,3,33.3,0,2,0,0,0,0,0,1,1,1,0,0,0,2,2,0,1,0,0,1,0,2,2,100,0,2,2,1,0,0,0,0,3.0,1.9,66.7,106.4,-39.7,106.4,66.7,39.7,0,0,0,0,0,0,0,0,0,0,0,0,0,0,0,0,0,0,0,0,0,0,0,0,0,0,0,0,0,0,0,0,0
GO+Peja,"A. Hajdari, A. Herndon, J. Johnson, M. Mala, T. Green",Bashkimi,"D. Lake, I. Cousins, I. Nwamu, M. Ismaili, M. Janjeva",1,86,1.4,2.4,8,3,3,100,2,2,100,0,0,0,0,1,1,2,0,0,0,1,2,0,1,0,0,0,0,2,2,100,0,0,0,0,0,0,0,0,3.0,1.9,266.7,106.4,160.3,106.4,266.7,-160.3,6,0,0,0,0,0,0,0,0,0,0,0,0,0,0,0,0,0,0,0,0,0,0,0,0,0,0,0,0,0,0,0,0
GO+Peja,"A. Hajdari, A. Herndon, D. Berisha, J. Johnson, S. Flatten",Bashkimi,"I. Cousins, K. Anderson, L. Zeqiri, M. Janjeva, T. Bickerstaff",1,67,1.1,2.4,0,0,1,0,0,1,0,0,0,0,0,1,1,0,0,0,1,1,4,1,2,50,0,0,0,2,2,100,0,1,1,2,1,1,0,0,2.0,2.9,0,138.9,-138.9,138.9,0,138.9,-4,0,0,0,0,0,0,0,0,0,0,0,0,0,0,0,0,0,0,0,0,0,0,0,0,0,0,0,0,0,0,0,0
GO+Peja,"C. Edwards, D. Berisha, M. Mala, S. Flatten, T. Green",Bashkimi,"I. Cousins, K. Anderson, L. Zeqiri, M. Ismaili, T. Bickerstaff",1,101,1.7,2.4,2,0,1,0,0,0,0,2,2,100,1,2,3,0,0,0,2,1,0,0,2,0,0,0,0,0,0,0,0,0,0,0,2,0,0,1,2.8,2.0,71.2,0,71.2,0,71.2,-71.2,2,0,0,0,0,0,0,0,0,0,0,0,0,0,0,0,0,0,0,0,0,0,0,0,0,0,0,0,0,0,0,0,0
Sigal Prishtina,"A. Azemi, A. Bailey, A. Morina, D. Burns, D. Haxhosaj",Vëllaznimi,"A. Gordon, A. Koshi, J. Hellems, R. Dahsyla, Z. Reid",1,85,1.4,2.4,0,0,2,0,0,1,0,0,0,0,1,1,2,0,0,0,1,1,0,0,2,0,0,1,0,0,0,0,1,1,2,0,1,1,2,1,1.9,2.9,0,0,0,0,0,0,0,0,0,0,0,0,0,0,0,0,0,0,0,0,0,0,0,0,0,0,0,0,0,0,0,0,0,0,0,0,0,0,0
Bora,"A. Hunter, C. Payton, G. Zeqiri, R. Memedi, T. Cheese",Golden Eagle Ylli,"A. Scott, A. Shala, B. Huffman, E. Kastrati, T. Allen",1,97,1.6,2.4,2,1,4,25,0,3,0,0,0,0,2,2,4,0,0,0,0,0,2,0,2,0,0,0,0,2,2,100,0,1,1,0,0,0,0,0,1.9,2.9,107.5,69.4,38.1,69.4,107.5,-38.1,0,0,0,0,0,0,0,0,0,0,0,0,0,0,0,0,0,0,0,0,0,0,0,0,0,0,0,0,0,0,0,0,0
Vëllaznimi,"A. Koshi, D. Wilson, J. Hellems, S. Zekiqi, Y. Anei",Peja,"A. Hajdari, C. Edwards, M. Mala, S. Flatten, T. Green",1,93,1.6,2.4,4,2,2,100,0,0,0,0,0,0,0,0,0,0,0,0,0,1,3,1,2,50,0,1,0,1,2,50,1,0,1,1,0,0,1,0,2.0,2.8,200,106.8,93.2,106.8,200,-93.2,1,0,0,0,0,0,0,0,0,0,0,0,0,0,0,0,0,0,0,0,0,0,0,0,0,0,0,0,0,0,0,0,0
Vëllaznimi,"A. Rushiti, D. Wilson, S. Zekiqi, Y. Anei, Z. Reid",Peja,"A. Hajdari, C. Edwards, J. Johnson, M. Mala, S. Flatten",1,78,1.3,2.4,2,1,4,25,0,0,0,0,0,0,2,1,3,0,0,1,0,1,4,1,2,50,0,0,0,2,2,100,0,1,1,2,0,0,0,1,1.9,2.9,107.5,138.9,-31.4,138.9,107.5,31.4,-2,0,0,0,0,0,0,0,0,0,0,0,0,0,0,0,0,0,0,0,0,0,0,0,0,0,0,0,0,0,0,0,0
Vëllaznimi,"A. Gordon, A. Koshi, A. Rushiti, D. Wilson, T. Todd",Bashkimi,"I. Nwamu, L. Zeqiri, M. Armstead, S. Shorter, T. Bickerstaff",1,97,1.6,2.4,5,2,3,66.7,1,1,100,0,0,0,1,1,2,1,0,0,1,1,2,1,3,33.3,0,0,0,0,0,0,1,0,1,1,1,0,0,0,2.9,1.9,170.6,103.6,67,103.6,170.6,-67,3,0,0,0,0,0,0,0,0,0,0,0,0,0,0,0,0,0,0,0,0,0,0,0,0,0,0,0,0,0,0,0,0
Vëllaznimi,"A. Gordon, A. Koshi, A. Rushiti, D. Wilson, T. Todd",Bashkimi,"D. Lake, I. Cousins, L. Zeqiri, M. Armstead, V. Bunjaku",1,63,1.1,2.4,1,0,1,0,0,1,0,1,1,100,1,1,2,0,0,0,2,1,3,1,2,50,0,0,0,1,1,100,0,0,0,0,0,0,0,0,2.4,2.4,42.2,123,-80.8,123,42.2,80.8,-2,0,0,0,0,0,0,0,0,0,0,0,0,0,0,0,0,0,0,0,0,0,0,0,0,0,0,0,0,0,0,0,0
Vëllaznimi,"A. Koshi, A. Rushiti, J. Hellems, T. Todd, Y. Anei",Bashkimi,"D. Lake, I. Cousins, L. Zeqiri, S. Shorter, V. Bunjaku",1,101,1.7,2.4,5,2,3,66.7,1,1,100,0,0,0,0,1,1,2,0,0,0,1,2,1,4,25,0,0,0,0,0,0,2,1,3,0,0,0,0,0,3.0,1.9,166.7,107.5,59.1,107.5,166.7,-59.1,3,0,0,0,0,0,0,0,0,0,0,0,0,0,0,0,0,0,0,0,0,0,0,0,0,0,0,0,0,0,0,0,0
Vëllaznimi,"A. Koshi, D. Wilson, S. Zekiqi, T. Todd, Y. Anei",Bashkimi,"D. Lake, I. Cousins, I. Nwamu, L. Zeqiri, V. Bunjaku",1,67,1.1,2.4,2,1,2,50,0,0,0,0,0,0,0,1,1,0,0,0,0,0,3,1,1,100,1,1,100,0,2,0,0,1,1,1,0,0,1,0,2.0,2.9,100,104.2,-4.2,104.2,100,4.2,-1,0,0,0,0,0,0,0,0,0,0,0,0,0,0,0,0,0,0,0,0,0,0,0,0,0,0,0,0,0,0,0,0
Trepça,"A. Vining, B. Tuna, D. Kapiti, M. Amzil, M. Tmusic",GO+Peja,"A. Herndon, F. Shoshaj, J. Johnson, M. Mala, S. Llapi",1,79,1.3,2.4,6,2,3,66.7,2,2,100,0,0,0,1,1,2,1,0,0,0,1,0,0,2,0,0,2,0,0,0,0,1,0,1,0,0,0,2,1,1.9,2.9,310.9,0,310.9,0,310.9,-310.9,6,0,0,0,0,0,0,0,0,0,0,0,0,0,0,0,0,0,0,0,0,0,0,0,0,0,0,0,0,0,0,0,0
GO+Peja,"A. Herndon, M. Mala, O. Williams, S. Flatten, S. Llapi",Golden Eagle Ylli,"A. Scott, G. Morina, L. Shoshi, S. Bamforth, T. Allen",1,111,1.9,2.4,0,0,2,0,0,2,0,0,0,0,1,0,1,0,0,0,1,0,9,3,4,75,3,3,100,0,0,0,1,1,2,1,0,0,0,0,1.9,2.9,0,307.2,-307.2,307.2,0,307.2,-9,0,0,0,0,0,0,0,0,0,0,0,0,0,0,0,0,0,0,0,0,0,0,0,0,0,0,0,0,0,0,0,0
Vëllaznimi,"A. Gordon, A. Koshi, D. Wilson, J. Hellems, S. Zekiqi",Trepça,"B. Tuna, K. Hasbrouck, M. Amzil, M. Tmusic, S. Jones",1,79,1.3,2.4,0,0,1,0,0,1,0,0,0,0,0,0,0,0,0,0,1,0,7,2,2,100,2,2,100,1,2,50,0,1,1,2,0,0,0,0,2.0,2.9,0,243.1,-243.1,243.1,0,243.1,-7,0,0,0,0,0,0,0,0,0,0,0,0,0,0,0,0,0,0,0,0,0,0,0,0,0,0,0,0,0,0,0,0
Vëllaznimi,"A. Bedra, A. Gordon, D. Wilson, J. Hellems, S. Zekiqi",Trepça,"A. Vining, D. Kapiti, K. Hasbrouck, M. Tmusic, S. Jones",1,70,1.2,2.4,2,0,0,0,0,0,0,2,2,100,0,1,1,0,0,0,2,1,2,1,2,50,0,0,0,0,0,0,0,0,0,1,0,0,0,2,2.9,2.0,69.4,100,-30.6,100,69.4,30.6,0,0,0,0,0,0,0,0,0,0,0,0,0,0,0,0,0,0,0,0,0,0,0,0,0,0,0,0,0,0,0,0,0
Vëllaznimi,"A. Gordon, A. Koshi, D. Wilson, J. Hellems, S. Zekiqi",Trepça,"A. Vining, D. Kapiti, K. Hasbrouck, M. Amzil, M. Tmusic",1,48,0.8,2.4,5,1,1,100,0,0,0,3,4,75,0,1,1,1,0,0,0,0,2,1,2,50,0,0,0,0,0,0,0,0,0,0,0,0,0,1,2.8,2.0,181.2,100,81.2,100,181.2,-81.2,3,0,0,0,0,0,0,0,0,0,0,0,0,0,0,0,0,0,0,0,0,0,0,0,0,0,0,0,0,0,0,0,0
Vëllaznimi,"A. Gordon, A. Koshi, D. Wilson, S. Zekiqi, Z. Reid",Trepça,"A. Vining, K. Hasbrouck, M. Amzil, M. Tmusic, S. Jones",1,102,1.7,2.4,0,0,3,0,0,2,0,0,0,0,2,1,3,0,0,0,1,0,3,1,2,50,0,0,0,1,2,50,0,1,1,2,1,0,0,1,1.9,2.9,0,104.2,-104.2,104.2,0,104.2,-3,0,0,0,0,0,0,0,0,0,0,0,0,0,0,0,0,0,0,0,0,0,0,0,0,0,0,0,0,0,0,0,0
Trepça,"A. Vining, D. Kapiti, K. Hasbrouck, S. Henry, S. Jones",Bashkimi,"I. Cousins, I. Nwamu, M. Armstead, M. Janjeva, T. Bickerstaff",1,42,0.7,2.4,2,0,0,0,0,0,0,2,2,100,0,0,0,0,0,0,2,0,4,2,2,100,0,0,0,0,0,0,0,0,0,1,1,0,0,1,2.9,2.0,69.4,200,-130.6,200,69.4,130.6,-2,0,0,0,0,0,0,0,0,0,0,0,0,0,0,0,0,0,0,0,0,0,0,0,0,0,0,0,0,0,0,0,0
Trepça,"A. Vining, B. Tuna, D. Kapiti, K. Hasbrouck, M. Tmusic",Bashkimi,"I. Nwamu, M. Armstead, M. Ismaili, S. Shorter, T. Bickerstaff",1,34,0.6,2.4,5,1,1,100,1,1,100,2,2,100,0,0,0,1,1,0,0,0,0,0,0,0,0,0,0,0,0,0,0,0,0,0,0,0,3,2,1.9,3.0,266,0,266,0,266,-266,5,0,0,0,0,0,0,0,0,0,0,0,0,0,0,0,0,0,0,0,0,0,0,0,0,0,0,0,0,0,0,0,0
Golden Eagle Ylli,"A. Scott, B. Huffman, E. Kastrati, G. Morina, S. Bamforth",Vëllaznimi,"A. Gordon, A. Rushiti, J. Hellems, S. Zekiqi, Z. Reid",1,99,1.6,2.4,5,2,4,50,1,2,50,0,0,0,1,2,3,1,0,0,0,1,0,0,3,0,0,0,0,0,0,0,1,1,2,0,0,0,0,0,2.9,1.9,170.6,0,170.6,0,170.6,-170.6,5,0,0,0,0,0,0,0,0,0,0,0,0,0,0,0,0,0,0,0,0,0,0,0,0,0,0,0,0,0,0,0,0
Golden Eagle Ylli,"A. Scott, A. Çallakaj, G. Morina, L. Shoshi, S. Bamforth",Vëllaznimi,"A. Rushiti, D. Wilson, S. Zekiqi, Y. Anei, Z. Reid",1,30,0.5,2.4,2,0,0,0,0,0,0,2,2,100,0,0,0,0,0,0,1,0,2,1,1,100,0,0,0,0,0,0,0,0,0,0,0,0,2,1,1.9,3.0,106.4,66.7,39.7,66.7,106.4,-39.7,0,0,0,0,0,0,0,0,0,0,0,0,0,0,0,0,0,0,0,0,0,0,0,0,0,0,0,0,0,0,0,0,0
Golden Eagle Ylli,"A. Scott, A. Shala, E. Kastrati, G. Morina, S. Bamforth",Vëllaznimi,"A. Rushiti, D. Wilson, S. Zekiqi, Y. Anei, Z. Reid",1,38,0.6,2.4,1,0,0,0,0,0,0,1,2,50,0,0,0,0,0,0,1,0,7,3,3,100,1,1,100,0,0,0,0,0,0,2,1,0,0,1,1.9,3.0,53.2,233.3,-180.1,233.3,53.2,180.1,-6,0,0,0,0,0,0,0,0,0,0,0,0,0,0,0,0,0,0,0,0,0,0,0,0,0,0,0,0,0,0,0,0
Bora,"A. Hunter, R. Memedi, R. Ukaj, S. Jules, T. Cheese",GO+Peja,"C. Edwards, F. Shoshaj, M. Mala, O. Williams, T. Green",1,86,1.4,2.4,6,2,3,66.7,2,2,100,0,2,0,2,0,2,2,0,0,0,1,3,1,1,100,1,1,100,0,0,0,0,0,0,0,0,0,1,1,2.8,2.0,213.5,150,63.5,150,213.5,-63.5,3,0,0,0,0,0,0,0,0,0,0,0,0,0,0,0,0,0,0,0,0,0,0,0,0,0,0,0,0,0,0,0,0
Bora,"A. Hot, A. Hunter, J. Zeqiri, L. Thomas, R. Memedi",GO+Peja,"A. Herndon, C. Edwards, F. Shoshaj, O. Williams, S. Llapi",1,59,1.0,2.4,2,1,2,50,0,1,0,0,0,0,0,1,1,0,0,0,1,1,3,1,1,100,1,1,100,0,2,0,0,0,0,1,0,0,0,0,3.0,1.9,66.7,159.6,-92.9,159.6,66.7,92.9,-1,0,0,0,0,0,0,0,0,0,0,0,0,0,0,0,0,0,0,0,0,0,0,0,0,0,0,0,0,0,0,0,0
Rahoveci 029,"A. Thomas, B. Rexha, F. Rugova, I. Umipig, K. Pullian",Sigal Prishtina,"A. Bailey, D. Polloshka, J. Ismajli, K. Dukes, K. Kramer",1,96,1.6,2.4,3,1,1,100,0,0,0,1,2,50,0,0,0,1,0,0,0,0,5,2,2,100,1,1,100,0,0,0,0,1,1,2,0,0,1,1,1.9,3.0,159.6,166.7,-7.1,166.7,159.6,7.1,-2,0,0,0,0,0,0,0,0,0,0,0,0,0,0,0,0,0,0,0,0,0,0,0,0,0,0,0,0,0,0,0,0
Rahoveci 029,"A. Thomas, B. Rexha, H. Durguti, I. Umipig, J. Roche",Sigal Prishtina,"A. Bailey, A. Morina, E. Clarence, K. Dukes, V. Kakruki",1,48,0.8,2.4,0,0,1,0,0,1,0,0,0,0,0,0,0,0,0,0,1,1,7,2,2,100,1,1,100,2,2,100,0,1,1,1,1,1,0,0,2.0,2.9,0,243.1,-243.1,243.1,0,243.1,-7,0,0,0,0,0,0,0,0,0,0,0,0,0,0,0,0,0,0,0,0,0,0,0,0,0,0,0,0,0,0,0,0
Rahoveci 029,"B. Rexha, H. Durguti, I. Umipig, J. Roche, K. Pullian",Sigal Prishtina,"D. Polloshka, E. Clarence, J. Ismajli, K. Dukes, K. Kramer",1,91,1.5,2.4,1,0,2,0,0,2,0,1,2,50,0,1,1,0,0,0,0,1,3,1,2,50,1,2,50,0,0,0,0,2,2,0,0,0,0,1,2.9,2.0,34.7,150,-115.3,150,34.7,115.3,-2,0,0,0,0,0,0,0,0,0,0,0,0,0,0,0,0,0,0,0,0,0,0,0,0,0,0,0,0,0,0,0,0
GO+Peja,"C. Edwards, M. Mala, O. Williams, S. Llapi, T. Green",Rahoveci 029,"A. Berisha, A. Thomas, F. Rugova, J. Johnson, K. Pullian",1,70,1.2,2.4,5,1,1,100,1,1,100,2,2,100,0,0,0,1,0,0,0,0,2,1,1,100,0,0,0,0,0,0,0,0,0,0,0,0,2,2,1.9,3.0,266,66.7,199.3,66.7,266,-199.3,3,0,0,0,0,0,0,0,0,0,0,0,0,0,0,0,0,0,0,0,0,0,0,0,0,0,0,0,0,0,0,0,0
GO+Peja,"C. Edwards, F. Shoshaj, O. Williams, S. Llapi, T. Green",Rahoveci 029,"A. Berisha, A. Thomas, B. Rexha, J. Roche, K. Pullian",1,80,1.3,2.4,4,2,4,50,0,0,0,0,0,0,2,1,3,0,1,0,0,0,0,0,1,0,0,0,0,0,0,0,0,0,0,0,0,0,2,0,1.9,3.0,215.1,0,215.1,0,215.1,-215.1,4,0,0,0,0,0,0,0,0,0,0,0,0,0,0,0,0,0,0,0,0,0,0,0,0,0,0,0,0,0,0,0,0
GO+Peja,"F. Shoshaj, L. Routt, O. Williams, S. Llapi, T. Green",Rahoveci 029,"A. Thomas, F. Rugova, H. Durguti, J. Johnson, K. Pullian",1,44,0.7,2.4,0,0,2,0,0,1,0,0,0,0,0,0,0,0,1,0,0,1,3,1,2,50,0,0,0,1,2,50,1,2,3,0,0,0,1,0,2.0,2.8,0,106.8,-106.8,106.8,0,106.8,-3,0,0,0,0,0,0,0,0,0,0,0,0,0,0,0,0,0,0,0,0,0,0,0,0,0,0,0,0,0,0,0,0
GO+Peja,"A. Hajdari, L. Routt, M. Mala, O. Williams, S. Llapi",Rahoveci 029,"A. Berisha, A. Thomas, F. Rugova, H. Durguti, J. Johnson",1,79,1.3,2.4,8,2,2,100,2,2,100,2,2,100,0,1,1,3,0,0,0,2,3,1,2,50,1,2,50,0,0,0,0,0,0,0,0,0,0,1,2.9,2.0,277.8,150,127.8,150,277.8,-127.8,5,0,0,0,0,0,0,0,0,0,0,0,0,0,0,0,0,0,0,0,0,0,0,0,0,0,0,0,0,0,0,0,0
Vëllaznimi,"J. Hellems, R. Dahsyla, S. Zekiqi, Y. Anei, Z. Reid",Bora,"A. Hot, A. Hunter, A. Mekic, J. Zeqiri, T. Cheese",1,84,1.4,2.4,3,1,1,100,0,0,0,1,4,25,0,1,1,2,0,0,0,2,2,1,2,50,0,1,0,0,0,0,0,1,1,0,0,0,0,1,2.8,2.0,108.7,100,8.7,100,108.7,-8.7,1,0,0,0,0,0,0,0,0,0,0,0,0,0,0,0,0,0,0,0,0,0,0,0,0,0,0,0,0,0,0,0,0
Golden Eagle Ylli,"A. Scott, D. Conger, E. Kastrati, L. Shoshi, S. Bamforth",Bashkimi,"D. Lake, I. Cousins, I. Nwamu, L. Zeqiri, M. Armstead",1,76,1.3,2.4,2,1,1,100,0,0,0,0,0,0,0,1,1,0,0,0,1,1,1,0,2,0,0,2,0,1,2,50,1,0,1,1,1,0,1,0,2.0,2.8,100,35.6,64.4,35.6,100,-64.4,1,0,0,0,0,0,0,0,0,0,0,0,0,0,0,0,0,0,0,0,0,0,0,0,0,0,0,0,0,0,0,0,0
Bora,"A. Hot, A. Hunter, J. Zeqiri, S. Jules, T. Cheese",Trepça,"A. Vining, K. Hasbrouck, M. Amzil, M. Tmusic, S. Jones",1,60,1.0,2.4,0,0,1,0,0,1,0,0,0,0,0,1,1,0,0,0,1,1,4,1,3,33.3,0,1,0,2,2,100,1,1,2,1,1,0,0,0,2.0,2.8,0,142.3,-142.3,142.3,0,142.3,-4,0,0,0,0,0,0,0,0,0,0,0,0,0,0,0,0,0,0,0,0,0,0,0,0,0,0,0,0,0,0,0,0
Bora,"A. Hot, A. Hunter, J. Zeqiri, L. Thomas, T. Cheese",Trepça,"A. Vining, K. Hasbrouck, M. Amzil, M. Tmusic, S. Jones",1,86,1.4,2.4,3,1,2,50,1,2,50,0,0,0,0,0,0,1,0,0,1,1,2,1,3,33.3,0,0,0,0,0,0,2,1,3,0,1,0,1,0,3.0,1.9,100,107.5,-7.5,107.5,100,7.5,1,0,0,0,0,0,0,0,0,0,0,0,0,0,0,0,0,0,0,0,0,0,0,0,0,0,0,0,0,0,0,0,0
Bora,"A. Hot, J. Zeqiri, L. Thomas, R. Ukaj, T. Cheese",Trepça,"A. Vining, D. Hajrizi, J. Payne, M. Amzil, M. Tmusic",1,84,1.4,2.4,2,1,4,25,0,0,0,0,0,0,2,0,2,0,1,1,0,0,0,0,2,0,0,1,0,0,0,0,2,1,3,0,0,0,3,1,1.9,2.9,107.5,0,107.5,0,107.5,-107.5,2,0,0,0,0,0,0,0,0,0,0,0,0,0,0,0,0,0,0,0,0,0,0,0,0,0,0,0,0,0,0,0,0
Bora,"A. Hot, A. Hunter, R. Ukaj, S. Jules, T. Cheese",Trepça,"A. Vining, D. Hajrizi, D. Kapiti, J. Payne, M. Tmusic",1,80,1.3,2.4,7,2,2,100,1,1,100,2,2,100,0,0,0,1,1,0,0,1,3,1,1,100,1,1,100,0,0,0,0,0,0,1,0,0,1,1,2.9,2.0,243.1,150,93.1,150,243.1,-93.1,4,0,0,0,0,0,0,0,0,0,0,0,0,0,0,0,0,0,0,0,0,0,0,0,0,0,0,0,0,0,0,0,0
Bora,"G. Zeqiri, H. Lebovci, O. Kurtaj, R. Ukaj, Y. Pllana",Trepça,"A. Gashi, B. Zekiqi, E. Asllani, M. Amzil, M. Tmusic",1,52,0.9,2.4,6,1,1,100,1,1,100,3,4,75,0,1,1,2,1,0,0,0,0,0,1,0,0,0,0,0,0,0,0,0,0,0,0,0,1,2,2.8,2.0,217.4,0,217.4,0,217.4,-217.4,6,0,0,0,0,0,0,0,0,0,0,0,0,0,0,0,0,0,0,0,0,0,0,0,0,0,0,0,0,0,0,0,0
Rahoveci 029,"A. Thomas, F. Rugova, K. Pullian, N. Mccloud, V. Ejupi",Vëllaznimi,"D. Wilson, J. Hellems, R. Dahsyla, S. Zekiqi, Y. Anei",1,102,1.7,2.4,4,2,5,40,0,1,0,0,0,0,2,1,3,1,0,0,0,1,3,1,4,25,1,4,25,0,0,0,2,1,3,1,0,1,0,0,2.9,1.9,139.9,161.3,-21.4,161.3,139.9,21.4,1,0,0,0,0,0,0,0,0,0,0,0,0,0,0,0,0,0,0,0,0,0,0,0,0,0,0,0,0,0,0,0,0
Rahoveci 029,"B. Rexha, F. Rugova, J. Mccormick, J. Roche, K. Pullian",Vëllaznimi,"A. Gordon, A. Koshi, D. Wilson, R. Dahsyla, Z. Reid",1,78,1.3,2.4,4,2,2,100,0,0,0,0,0,0,0,0,0,1,1,0,0,0,4,1,1,100,1,1,100,1,2,50,0,0,0,2,0,0,1,1,2.0,2.9,200,138.9,61.1,138.9,200,-61.1,0,0,0,0,0,0,0,0,0,0,0,0,0,0,0,0,0,0,0,0,0,0,0,0,0,0,0,0,0,0,0,0,0
Sigal Prishtina,"A. Bailey, A. Sinani, E. Clarance, K. Dukes, V. Kakruki",GO+Peja,"A. Hajdari, C. Edwards, M. Mala, O. Williams, T. Green",1,52,0.9,2.4,3,1,1,100,0,0,0,1,2,50,0,0,0,1,0,0,0,0,3,1,1,100,1,1,100,0,0,0,0,0,0,1,0,0,2,2,1.9,3.0,159.6,100,59.6,100,159.6,-59.6,0,0,0,0,0,0,0,0,0,0,0,0,0,0,0,0,0,0,0,0,0,0,0,0,0,0,0,0,0,0,0,0,0
Trepça,"A. Vining, D. Kapiti, K. Hasbrouck, M. Amzil, M. Tmusic",Rahoveci 029,"A. Thomas, B. Rexha, F. Rugova, J. Roche, K. Pullian",1,86,1.4,2.4,4,1,2,50,0,1,0,2,2,100,0,1,1,1,0,1,0,0,2,1,4,25,0,1,0,0,0,0,2,1,3,1,0,0,0,0,2.9,1.9,138.9,107.5,31.4,107.5,138.9,-31.4,2,0,0,0,0,0,0,0,0,0,0,0,0,0,0,0,0,0,0,0,0,0,0,0,0,0,0,0,0,0,0,0,0
Trepça,"A. Vining, B. Tuna, M. Amzil, S. Henry, S. Jones",Rahoveci 029,"A. Thomas, B. Rexha, J. Mccorrmick, K. Pullian, V. Ejupi",1,56,0.9,2.4,0,0,2,0,0,1,0,0,0,0,1,0,1,0,0,0,1,1,6,2,2,100,1,1,100,1,2,50,0,1,1,2,1,0,0,0,1.9,2.9,0,208.3,-208.3,208.3,0,208.3,-6,0,0,0,0,0,0,0,0,0,0,0,0,0,0,0,0,0,0,0,0,0,0,0,0,0,0,0,0,0,0,0,0
Sigal Prishtina,"A. Bailey, A. Lomax, A. Sinani, E. Clarence, V. Kakruki",Trepça,"B. Tuna, D. Hajrizi, D. Kapiti, J. Payne, K. Hasbrouck",1,72,1.2,2.4,4,1,1,100,0,0,0,2,2,100,0,2,2,1,0,0,1,1,0,0,2,0,0,2,0,0,0,0,0,0,0,0,0,0,0,0,2.9,2.0,138.9,0,138.9,0,138.9,-138.9,4,0,0,0,0,0,0,0,0,0,0,0,0,0,0,0,0,0,0,0,0,0,0,0,0,0,0,0,0,0,0,0,0
GO+Peja,"A. Hajdari, C. Edwards, F. Shoshaj, L. Routt, O. Williams",Vëllaznimi,"D. Wilson, R. Dahsyla, S. Zekiqi, Y. Anei, Z. Reid",1,86,1.4,2.4,5,2,3,66.7,1,1,100,0,0,0,0,1,1,2,0,0,0,1,3,1,1,100,1,1,100,0,2,0,0,1,1,1,0,0,0,0,3.0,1.9,166.7,159.6,7.1,159.6,166.7,-7.1,2,0,0,0,0,0,0,0,0,0,0,0,0,0,0,0,0,0,0,0,0,0,0,0,0,0,0,0,0,0,0,0,0
Bashkimi,"I. Nwamu, K. Wooten, L. Zeqiri, M. Armstead, S. Shorter",Vëllaznimi,"A. Gordon, A. Koshi, J. Hellems, R. Dahsyla, Z. Reid",1,58,1.0,2.4,2,0,2,0,0,1,0,2,2,100,0,0,0,0,1,0,0,1,2,0,0,0,0,0,0,2,2,100,0,2,2,0,0,0,1,2,2.9,1.9,69.4,106.4,-36.9,106.4,69.4,36.9,0,0,0,0,0,0,0,0,0,0,0,0,0,0,0,0,0,0,0,0,0,0,0,0,0,0,0,0,0,0,0,0,0
Bashkimi,"D. Lake, I. Nwamu, L. Zeqiri, M. Ismaili, S. Shorter",Vëllaznimi,"J. Hellems, R. Dahsyla, S. Zekiqi, Y. Anei, Z. Reid",1,57,0.9,2.4,3,1,1,100,1,1,100,0,0,0,0,0,0,1,1,0,1,0,4,1,1,100,0,0,0,2,2,100,0,0,0,1,1,0,1,0,2.0,2.9,150,138.9,11.1,138.9,150,-11.1,-1,0,0,0,0,0,0,0,0,0,0,0,0,0,0,0,0,0,0,0,0,0,0,0,0,0,0,0,0,0,0,0,0
GO+Peja,"C. Williams, D. Bracey, L. Routt, M. Mala, S. Llapi",Trepça,"D. Hajrizi, J. Payne, K. Hasbrouck, M. Tmusic, S. Jones",1,63,1.1,2.4,1,0,1,0,0,0,0,1,2,50,0,1,1,1,0,0,0,1,4,1,2,50,0,0,0,2,2,100,0,1,1,1,0,0,0,2,1.9,2.9,53.2,138.9,-85.7,138.9,53.2,85.7,-3,0,0,0,0,0,0,0,0,0,0,0,0,0,0,0,0,0,0,0,0,0,0,0,0,0,0,0,0,0,0,0,0
GO+Peja,"A. Hajdari, C. Williams, D. Bracey, D. Davis, M. Mala",Trepça,"A. Vining, B. Tuna, D. Kapiti, K. Hasbrouck, M. Amzil",1,128,2.1,2.4,5,2,4,50,1,3,33.3,0,0,0,2,1,3,1,0,0,0,0,4,2,4,50,0,1,0,0,0,0,1,0,1,1,0,0,0,2,1.9,2.9,268.8,136.5,132.3,136.5,268.8,-132.3,1,0,0,0,0,0,0,0,0,0,0,0,0,0,0,0,0,0,0,0,0,0,0,0,0,0,0,0,0,0,0,0,0
Rahoveci 029,"A. Berisha, A. Thomas, J. Mccorrmick, K. Ujkani, N. Mcloud",Bora,"A. Hot, A. Hunter, R. Ukaj, S. Jules, T. Cheese",1,78,1.3,2.4,1,0,1,0,0,1,0,1,2,50,0,1,1,0,0,0,1,0,3,1,2,50,1,1,100,0,0,0,0,1,1,1,1,0,0,0,2.9,2.0,34.7,150,-115.3,150,34.7,115.3,-2,0,0,0,0,0,0,0,0,0,0,0,0,0,0,0,0,0,0,0,0,0,0,0,0,0,0,0,0,0,0,0,0
Rahoveci 029,"A. Berisha, A. Thomas, J. Mccorrmick, R. Granberry, V. Ejupi",Bora,"A. Hot, A. Hunter, R. Memedi, R. Ukaj, S. Jules",1,87,1.4,2.4,1,0,2,0,0,1,0,1,1,100,1,0,1,0,0,0,1,3,5,2,3,66.7,0,1,0,1,1,100,1,1,2,0,1,0,0,0,2.4,2.4,42.2,211,-168.8,211,42.2,168.8,-4,0,0,0,0,0,0,0,0,0,0,0,0,0,0,0,0,0,0,0,0,0,0,0,0,0,0,0,0,0,0,0,0
Rahoveci 029,"A. Thomas, J. Mccorrmick, K. Pullian, K. Ujkani, V. Ejupi",Bashkimi,"J. Riley, K. Wooten, L. Zeqiri, M. Armstead, S. Shorter",1,74,1.2,2.4,2,0,1,0,0,0,0,2,2,100,0,1,1,1,0,0,0,0,5,1,2,50,1,2,50,2,2,100,0,1,1,1,0,1,0,1,1.9,2.9,106.4,173.6,-67.2,173.6,106.4,67.2,-3,0,0,0,0,0,0,0,0,0,0,0,0,0,0,0,0,0,0,0,0,0,0,0,0,0,0,0,0,0,0,0,0
Golden Eagle Ylli,"D. Sabeckis, E. Kastrati, G. Morina, J. Gray, T. Smith",GO+Peja,"A. Hajdari, C. Edwards, C. Williams, D. Bracey, M. Mala",1,68,1.1,2.4,2,1,2,50,0,1,0,0,0,0,0,1,1,1,0,0,0,1,3,1,2,50,0,1,0,1,2,50,0,1,1,0,0,0,0,0,2.0,2.9,100,104.2,-4.2,104.2,100,4.2,-1,0,0,0,0,0,0,0,0,0,0,0,0,0,0,0,0,0,0,0,0,0,0,0,0,0,0,0,0,0,0,0,0
Trepça,"D. Hajrizi, D. Kapiti, J. Payne, K. Hasbrouck, S. Henry",Vëllaznimi,"A. Gordon, A. Koshi, A. Rushiti, J. Hellems, T. Todd",1,76,1.3,2.4,4,1,3,33.3,0,1,0,2,2,100,1,0,1,0,1,0,0,0,2,1,1,100,0,0,0,0,0,0,0,1,1,0,0,0,1,0,2.8,2.0,142.3,100,42.3,100,142.3,-42.3,2,0,0,0,0,0,0,0,0,0,0,0,0,0,0,0,0,0,0,0,0,0,0,0,0,0,0,0,0,0,0,0,0
Bashkimi,"D. Lake, I. Nwamu, J. Riley, M. Janjeva, V. Bunjaku",Trepça,"D. Hajrizi, D. Kapiti, J. Payne, K. Hasbrouck, M. Tmusic",1,68,1.1,2.4,2,0,1,0,0,1,0,2,2,100,0,1,1,0,0,0,1,2,3,1,1,100,0,0,0,1,2,50,0,1,1,0,1,0,0,0,2.9,1.9,69.4,159.6,-90.1,159.6,69.4,90.1,-1,0,0,0,0,0,0,0,0,0,0,0,0,0,0,0,0,0,0,0,0,0,0,0,0,0,0,0,0,0,0,0,0
Bashkimi,"I. Nwamu, J. Riley, K. Wooten, M. Janjeva, V. Bunjaku",Trepça,"D. Hajrizi, D. Kapiti, J. Payne, K. Hasbrouck, M. Tmusic",1,57,0.9,2.4,4,2,2,100,0,0,0,0,0,0,0,1,1,2,1,1,0,1,2,0,1,0,0,0,0,2,2,100,0,0,0,0,0,0,1,0,2.0,2.9,200,69.4,130.6,69.4,200,-130.6,2,0,0,0,0,0,0,0,0,0,0,0,0,0,0,0,0,0,0,0,0,0,0,0,0,0,0,0,0,0,0,0,0
Vëllaznimi,"A. Koshi, D. Wilson, R. Dahsyla, Y. Anei, Z. Reid",Golden Eagle Ylli,"B. Pass, E. Kastrati, J. Gray, L. Shoshi, S. Bamforth",1,60,1.0,2.4,2,0,2,0,0,2,0,2,2,100,0,2,2,1,0,0,0,2,1,0,1,0,0,1,0,1,2,50,0,2,2,0,0,0,0,0,2.9,1.9,69.4,53.2,16.3,53.2,69.4,-16.3,1,0,0,0,0,0,0,0,0,0,0,0,0,0,0,0,0,0,0,0,0,0,0,0,0,0,0,0,0,0,0,0,0
GO+Peja,"C. Williams, D. Bracey, L. Routt, M. Mala, S. Llapi",Bora,"A. Hot, C. Bragg Jr, J. Zeqiri, R. Ukaj, T. Cheese",1,101,1.7,2.4,3,1,3,33.3,1,3,33.3,0,0,0,0,2,2,1,0,0,0,0,0,0,4,0,0,2,0,0,0,0,2,2,4,0,0,0,0,0,3.0,1.9,100,0,100,0,100,-100,3,0,0,0,0,0,0,0,0,0,0,0,0,0,0,0,0,0,0,0,0,0,0,0,0,0,0,0,0,0,0,0,0
GO+Peja,"A. Hajdari, C. Edwards, C. Williams, F. Shoshaj, L. Routt",Bora,"A. Hunter, J. Zeqiri, R. Memedi, S. Jules, T. Cheese",1,103,1.7,2.4,3,1,3,33.3,0,0,0,1,2,50,2,0,2,0,0,0,1,0,6,2,2,100,2,2,100,0,0,0,0,0,0,2,0,0,0,2,2.7,2.0,109.5,300,-190.5,300,109.5,190.5,-3,0,0,0,0,0,0,0,0,0,0,0,0,0,0,0,0,0,0,0,0,0,0,0,0,0,0,0,0,0,0,0,0
GO+Peja,"A. Hajdari, C. Williams, D. Bracey, D. Davis, M. Mala",Bora,"A. Hunter, J. Zeqiri, R. Memedi, S. Jules, T. Cheese",1,104,1.7,2.4,2,1,3,33.3,0,1,0,0,0,0,1,0,1,1,0,0,0,0,8,2,2,100,2,2,100,2,2,100,0,1,1,0,0,0,0,0,1.9,2.9,103.6,277.8,-174.2,277.8,103.6,174.2,-6,0,0,0,0,0,0,0,0,0,0,0,0,0,0,0,0,0,0,0,0,0,0,0,0,0,0,0,0,0,0,0,0
Sigal Prishtina,"A. Lomax, A. Morina, D. Burns, D. Haxhosaj, D. Williams",Rahoveci 029,"F. Rugova, J. Mccorrmick, K. Pullian, N. Mcloud, V. Ejupi",1,71,1.2,2.4,2,1,1,100,0,0,0,0,0,0,0,0,0,1,1,0,2,1,2,0,1,0,0,0,0,2,2,100,1,0,1,0,1,0,1,0,3.0,1.8,66.7,110.5,-43.8,110.5,66.7,43.8,0,0,0,0,0,0,0,0,0,0,0,0,0,0,0,0,0,0,0,0,0,0,0,0,0,0,0,0,0,0,0,0,0
Sigal Prishtina,"A. Bailey, A. Lomax, A. Morina, D. Haxhosaj, E. Clarance",Rahoveci 029,"A. Thomas, B. Rexha, F. Rugova, K. Pullian, N. Mcloud",1,89,1.5,2.4,3,1,3,33.3,0,1,0,1,2,50,1,2,3,1,0,0,0,0,0,0,2,0,0,2,0,0,0,0,0,1,1,0,0,0,0,0,2.8,2.0,106.8,0,106.8,0,106.8,-106.8,3,0,0,0,0,0,0,0,0,0,0,0,0,0,0,0,0,0,0,0,0,0,0,0,0,0,0,0,0,0,0,0,0
Sigal Prishtina,"A. Bailey, A. Morina, D. Burns, E. Clarance, V. Kakruki",Rahoveci 029,"A. Thomas, F. Rugova, J. Mccorrmick, K. Pullian, V. Ejupi",1,79,1.3,2.4,1,0,1,0,0,1,0,1,2,50,0,1,1,0,0,0,1,2,2,1,2,50,0,1,0,0,0,0,0,1,1,0,0,0,0,0,2.9,2.0,34.7,100,-65.3,100,34.7,65.3,-1,0,0,0,0,0,0,0,0,0,0,0,0,0,0,0,0,0,0,0,0,0,0,0,0,0,0,0,0,0,0,0,0
Sigal Prishtina,"A. Lomax, D. Burns, D. Haxhosaj, E. Clarance, V. Kakruki",Rahoveci 029,"A. Thomas, B. Rexha, J. Mccorrmick, N. Mcloud, V. Ejupi",1,50,0.8,2.4,0,0,2,0,0,0,0,0,0,0,0,0,0,0,0,0,1,1,3,1,1,100,0,0,0,1,2,50,0,1,1,0,1,0,0,0,3.0,1.9,0,159.6,-159.6,159.6,0,159.6,-3,0,0,0,0,0,0,0,0,0,0,0,0,0,0,0,0,0,0,0,0,0,0,0,0,0,0,0,0,0,0,0,0
Sigal Prishtina,"A. Azemi, B. Istrefi, D. Polloshka, M. Janjeva, V. Kakruki",Bora,"G. Singleton, J. Zeqiri, O. Kurtaj, R. Memed, S. Jules",1,114,1.9,2.3,0,0,1,0,0,1,0,0,0,0,0,0,0,0,0,0,1,4,5,1,3,33.3,0,2,0,3,4,75,2,1,3,1,0,0,0,0,2.0,2.6,0,190.8,-190.8,190.8,0,190.8,-5,0,0,0,0,0,0,0,0,0,0,0,0,0,0,0,0,0,0,0,0,0,0,0,0,0,0,0,0,0,0,0,0
Bora,"G. Zeqiri, H. Lebovci, J. Zeqiri, R. Sylejmani, Y. Pllana",Trepça,"A. Gashi, B. Zekiqi, J. Payne, M. Amzil, V. Haliti",1,59,1.0,2.3,2,1,5,20,0,1,0,0,0,0,4,2,6,0,0,1,1,0,1,0,2,0,0,0,0,1,2,50,0,0,0,0,1,0,0,0,1.7,2.9,116.3,34.7,81.6,34.7,116.3,-81.6,1,0,0,0,0,0,0,0,0,0,0,0,0,0,0,0,0,0,0,0,0,0,0,0,0,0,0,0,0,0,0,0,0
Sigal Prishtina,"A. Bailey, D. Burns, D. Lekndreaj, D. Polloshka, K. Kramer",GO+Peja,"A. Hajdari, C. Edwards, M. Armstead, S. Flatten, T. Green",1,77,1.3,2.3,1,0,1,0,0,0,0,1,2,50,0,0,0,0,0,0,1,1,3,1,3,33.3,0,1,0,1,2,50,2,2,4,1,1,0,0,1,2.9,1.7,34.7,172.4,-137.7,172.4,34.7,137.7,-2,0,0,0,0,0,0,0,0,0,0,0,0,0,0,0,0,0,0,0,0,0,0,0,0,0,0,0,0,0,0,0,0
Rahoveci 029,"B. Rexha, H. Durguti, K. Pullian, K. Ujkani, V. Ejupi",Trepça,"A. Gashi, B. Tuna, D. Kapiti, M. Amzil, M. Tmusic",1,99,1.6,2.3,2,0,2,0,0,0,0,2,2,100,1,0,1,1,0,0,0,1,5,2,2,100,0,0,0,1,2,50,0,1,1,1,0,0,0,2,1.8,2.9,110.5,173.6,-63.1,173.6,110.5,63.1,-3,0,0,0,0,0,0,0,0,0,0,0,0,0,0,0,0,0,0,0,0,0,0,0,0,0,0,0,0,0,0,0,0
Golden Eagle Ylli,"A. Gashi, A. Scott, E. Kastrati, L. Shoshi, S. Bamforth",Vëllaznimi,"A. Koshi, A. Rushiti, J. Hellems, Y. Anei, Z. Reid",1,61,1.0,2.3,1,0,1,0,0,1,0,1,2,50,0,0,0,0,0,0,0,2,5,0,0,0,0,0,0,5,6,83.3,0,2,2,0,0,0,0,1,1.9,2.6,53.2,189.4,-136.2,189.4,53.2,136.2,-4,0,0,0,0,0,0,0,0,0,0,0,0,0,0,0,0,0,0,0,0,0,0,0,0,0,0,0,0,0,0,0,0
Trepça,"A. Vining, D. Kapiti, K. Hasbrouck, M. Amzil, M. Tmusic",Golden Eagle Ylli,"A. Scott, B. Huffman, E. Kastrati, L. Basic, S. Bamforth",1,96,1.6,2.3,2,1,2,50,0,1,0,0,0,0,1,1,2,0,0,0,1,2,2,0,0,0,0,0,0,2,4,50,0,0,0,0,0,0,1,0,1.9,2.8,103.6,72.5,31.2,72.5,103.6,-31.2,0,0,0,0,0,0,0,0,0,0,0,0,0,0,0,0,0,0,0,0,0,0,0,0,0,0,0,0,0,0,0,0,0
Rahoveci 029,"B. Rexha, J. Mccormick, K. Pullian, N. Mccloud, V. Ejupi",Vëllaznimi,"D. Wilson, J. Hellems, R. Dahsyla, S. Zekiqi, Y. Anei",1,87,1.4,2.3,5,1,2,50,1,2,50,2,2,100,1,0,1,1,0,0,0,1,1,0,2,0,0,1,0,1,2,50,1,0,1,0,0,0,2,2,1.8,2.7,276.2,36.5,239.7,36.5,276.2,-239.7,4,0,0,0,0,0,0,0,0,0,0,0,0,0,0,0,0,0,0,0,0,0,0,0,0,0,0,0,0,0,0,0,0
Vëllaznimi,"D. Wilson, R. Dahsyla, S. Zekiqi, Y. Anei, Z. Reid",Sigal Prishtina,"A. Bailey, A. Morina, D. Polloshka, E. Clarance, K. Kramer",1,95,1.6,2.3,2,0,1,0,0,1,0,2,4,50,0,0,0,1,0,0,0,0,4,2,4,50,0,1,0,0,0,0,1,2,3,1,0,0,0,1,2.8,1.9,72.5,215.1,-142.6,215.1,72.5,142.6,-2,0,0,0,0,0,0,0,0,0,0,0,0,0,0,0,0,0,0,0,0,0,0,0,0,0,0,0,0,0,0,0,0
Vëllaznimi,"A. Koshi, R. Dahsyla, T. Todd, Y. Anei, Z. Reid",Sigal Prishtina,"A. Bailey, A. Lomax, A. Sinani, E. Clarance, V. Kakruki",1,92,1.5,2.3,3,0,1,0,0,1,0,3,4,75,1,1,2,0,1,0,0,0,0,0,1,0,0,0,0,0,0,0,0,0,0,0,0,0,2,3,1.7,3.0,177.5,0,177.5,0,177.5,-177.5,3,0,0,0,0,0,0,0,0,0,0,0,0,0,0,0,0,0,0,0,0,0,0,0,0,0,0,0,0,0,0,0,0
Golden Eagle Ylli,"D. Thomas, E. Kastrati, J. Gray, S. Bamforth, T. Smith",Bora,"A. Hot, A. Hunter, L. Thomas, R. Memedi, S. Jules",1,85,1.4,2.3,6,1,1,100,0,0,0,4,4,100,0,1,1,1,0,0,0,1,1,0,1,0,0,1,0,1,2,50,0,0,0,1,0,0,0,1,2.8,1.9,217.4,53.2,164.2,53.2,217.4,-164.2,5,0,0,0,0,0,0,0,0,0,0,0,0,0,0,0,0,0,0,0,0,0,0,0,0,0,0,0,0,0,0,0,0
Golden Eagle Ylli,"D. Conger, D. Sabeckis, G. Morina, L. Shoshi, S. Bamforth",GO+Peja,"A. Hajdari, C. Williams, D. Davis, L. Routt, M. Mala",1,93,1.6,2.3,1,0,2,0,0,1,0,1,2,50,1,0,1,0,1,0,1,2,3,1,1,100,0,0,0,1,2,50,0,0,0,1,0,0,1,1,1.7,2.9,57.5,104.2,-46.7,104.2,57.5,46.7,-2,0,0,0,0,0,0,0,0,0,0,0,0,0,0,0,0,0,0,0,0,0,0,0,0,0,0,0,0,0,0,0,0
Bashkimi,"I. Cousins, J. Baily, J. Palokaj, T. Bickerstaff, V. Bunjaku",Rahoveci 029,"F. Rugova, H. Durguti, I. Umipig, K. Pullian, P. Weekes",1,40,0.7,2.2,3,0,1,0,0,0,0,3,3,100,0,1,1,0,0,0,0,1,2,1,2,50,0,0,0,0,0,0,0,1,1,0,0,0,0,0,2.3,2.0,129.3,100,29.3,100,129.3,-29.3,1,0,0,0,0,0,0,0,0,0,0,0,0,0,0,0,0,0,0,0,0,0,0,0,0,0,0,0,0,0,0,0,0
Sigal Prishtina,"B. Istrefi, D. Burns, D. Haxhosaj, D. Polloshka, M. Janjeva",Bora,"A. Mekic, O. Kurtaj, R. Memed, R. Ukaj, S. Jules",1,79,1.3,2.2,4,1,3,33.3,1,2,50,1,2,50,2,1,3,1,0,0,0,1,1,0,1,0,0,1,0,1,2,50,0,1,1,0,0,0,0,1,2.5,1.9,163,53.2,109.9,53.2,163,-109.9,3,0,0,0,0,0,0,0,0,0,0,0,0,0,0,0,0,0,0,0,0,0,0,0,0,0,0,0,0,0,0,0,0
GO+Peja,"A. Hajdari, A. Herndon, J. Johnson, M. Mala, S. Flatten",Golden Eagle Ylli,"A. Çallakaj, G. Morina, J. Reece, L. Thomas, T. Allen",1,64,1.1,2.2,4,2,2,100,0,0,0,0,1,0,0,0,0,1,0,0,0,0,4,2,2,100,0,0,0,0,0,0,0,1,1,1,0,0,0,1,2.4,2.0,163.9,200,-36.1,200,163.9,36.1,0,0,0,0,0,0,0,0,0,0,0,0,0,0,0,0,0,0,0,0,0,0,0,0,0,0,0,0,0,0,0,0,0
Bora,"A. Mekic, G. Singleton, J. Zeqiri, R. Memed, S. Jules",GO+Peja,"A. Herndon, J. Johnson, M. Armstead, M. Mala, T. Green",1,56,0.9,2.2,0,0,1,0,0,0,0,0,0,0,0,0,0,0,0,0,1,1,5,1,1,100,0,0,0,3,3,100,0,1,1,1,1,1,0,1,2.0,2.3,0,215.5,-215.5,215.5,0,215.5,-5,0,0,0,0,0,0,0,0,0,0,0,0,0,0,0,0,0,0,0,0,0,0,0,0,0,0,0,0,0,0,0,0
Bora,"A. Mekic, D. Taylor, J. Zeqiri, R. Ukaj, S. Jules",GO+Peja,"A. Hajdari, C. Edwards, D. Berisha, M. Armstead, S. Flateen",1,59,1.0,2.2,2,1,1,100,0,0,0,0,1,0,0,0,0,0,1,0,1,0,0,0,0,0,0,0,0,0,0,0,0,1,1,0,1,0,2,2,2.4,2.0,82,0,82,0,82,-82,2,0,0,0,0,0,0,0,0,0,0,0,0,0,0,0,0,0,0,0,0,0,0,0,0,0,0,0,0,0,0,0,0
Bashkimi,"I. Cousins, J. Palokaj, K. Anderson, L. Zeqiri, T. Bickerstaff",Sigal Prishtina,"A. Azemi, A. Bailey, D. Burns, D. Lekndreaj, L. Autrey",1,56,0.9,2.2,5,1,1,100,0,0,0,3,3,100,0,0,0,0,1,0,0,0,2,1,1,100,0,0,0,0,0,0,0,0,0,0,0,0,1,1,2.3,2.0,215.5,100,115.5,100,215.5,-115.5,3,0,0,0,0,0,0,0,0,0,0,0,0,0,0,0,0,0,0,0,0,0,0,0,0,0,0,0,0,0,0,0,0
Golden Eagle Ylli,"A. Çallakaj, B. Huffman, G. Morina, L. Basic, T. Allen",Bashkimi,"D. Lake, J. Bailey, J. Palokaj, K. Anderson, V. Bunjaku",1,65,1.1,2.2,2,1,1,100,0,0,0,0,1,0,0,1,1,0,0,1,1,1,0,0,2,0,0,0,0,0,0,0,1,1,2,0,0,0,1,0,2.4,1.9,82,0,82,0,82,-82,2,0,0,0,0,0,0,0,0,0,0,0,0,0,0,0,0,0,0,0,0,0,0,0,0,0,0,0,0,0,0,0,0
Bora,"A. Mekic, J. Zeqiri, O. Kurtaj, S. Jules, T. Chese",Bashkimi,"I. Cousins, J. Baily, L. Zeqiri, T. Bickerstaff, V. Bunjaku",1,44,0.7,2.2,4,2,2,100,0,0,0,0,1,0,0,0,0,1,2,0,0,0,0,0,0,0,0,0,0,0,0,0,0,1,1,0,0,0,2,1,2.4,2.0,163.9,0,163.9,0,163.9,-163.9,4,0,0,0,0,0,0,0,0,0,0,0,0,0,0,0,0,0,0,0,0,0,0,0,0,0,0,0,0,0,0,0,0
Rahoveci 029,"A. Patty, B. Rexha, F. Rugova, I. Umipig, K. Pullian",Bora,"A. Hot, A. Hunter, A. Mekic, C. Payton Jr, J. Zeqiri",1,63,1.1,2.2,2,1,1,100,0,0,0,0,0,0,0,0,0,0,0,0,1,1,5,2,2,100,0,0,0,1,1,100,0,0,0,2,1,0,0,0,2.0,2.4,100,204.9,-104.9,204.9,100,104.9,-3,0,0,0,0,0,0,0,0,0,0,0,0,0,0,0,0,0,0,0,0,0,0,0,0,0,0,0,0,0,0,0,0
Bora,"A. Hot, A. Hunter, C. Payton, R. Ukaj, S. Jules",Sigal Prishtina,"A. Bailey, D. Burns, D. Haxhosaj, D. Polloshka, T. Vissarious",1,56,0.9,2.2,1,0,1,0,0,1,0,1,3,33.3,0,1,1,0,0,0,0,0,2,1,2,50,0,0,0,0,0,0,0,0,0,0,0,0,0,2,2.3,2.0,43.1,100,-56.9,100,43.1,56.9,-1,0,0,0,0,0,0,0,0,0,0,0,0,0,0,0,0,0,0,0,0,0,0,0,0,0,0,0,0,0,0,0,0
Sigal Prishtina,"A. Bailey, D. Burns, D. Haxhosaj, D. Polloshka, K. Kramer",Bashkimi,"I. Cousins, K. Anderson, M. Ismaili, M. Janjeva, T. Bickerstaff",1,57,0.9,2.2,0,0,1,0,0,1,0,0,0,0,0,0,0,0,0,0,1,0,1,0,0,0,0,0,0,1,1,100,0,1,1,0,0,0,2,1,2.0,2.4,0,41,-41,41,0,41,-1,0,0,0,0,0,0,0,0,0,0,0,0,0,0,0,0,0,0,0,0,0,0,0,0,0,0,0,0,0,0,0,0
Bashkimi,"I. Cousins, K. Anderson, L. Zeqiri, M. Ismaili, T. Bickerstaff",Golden Eagle Ylli,"A. Scott, B. Huffman, E. Kastrati, L. Shoshi, T. Allen",1,75,1.2,2.2,0,0,5,0,0,0,0,0,2,0,4,0,4,0,0,0,0,1,0,0,0,0,0,0,0,0,0,0,0,2,2,0,0,1,2,1,2.3,2.0,0,0,0,0,0,0,0,0,0,0,0,0,0,0,0,0,0,0,0,0,0,0,0,0,0,0,0,0,0,0,0,0,0,0,0,0,0,0,0
Trepça,"D. Hajrizi, J. Payne, M. Tmusic, S. Henry, S. Jones",Bora,"A. Hot, A. Mekic, R. Memedi, S. Jules, T. Cheese",1,49,0.8,2.2,1,0,1,0,0,1,0,1,1,100,0,2,2,0,0,1,1,0,0,0,2,0,0,1,0,0,0,0,0,1,1,0,0,0,0,0,2.4,2.0,41,0,41,0,41,-41,1,0,0,0,0,0,0,0,0,0,0,0,0,0,0,0,0,0,0,0,0,0,0,0,0,0,0,0,0,0,0,0,0
Vëllaznimi,"A. Koshi, J. Hellems, L. Colimerio, R. Dahsyla, S. Zekiqi",Rahoveci 029,"A. Patty, F. Rugova, H. Durguti, J. Roche, K. Pullian",1,64,1.1,2.2,3,1,2,50,0,1,0,1,1,100,0,0,0,0,0,0,0,0,0,0,0,0,0,0,0,0,0,0,0,1,1,0,0,0,2,0,2.4,2.0,123,0,123,0,123,-123,3,0,0,0,0,0,0,0,0,0,0,0,0,0,0,0,0,0,0,0,0,0,0,0,0,0,0,0,0,0,0,0,0
Vëllaznimi,"J. Hellems, R. Dahsyla, S. Zekiqi, T. Todd, Z. Reid",Rahoveci 029,"A. Patty, E. Peci, F. Rugova, K. Pullian, V. Ejupi",1,36,0.6,2.2,3,1,1,100,0,0,0,1,1,100,0,1,1,0,0,0,1,0,3,1,2,50,1,2,50,0,0,0,0,0,0,0,0,0,0,1,2.4,2.0,123,150,-27,150,123,27,0,0,0,0,0,0,0,0,0,0,0,0,0,0,0,0,0,0,0,0,0,0,0,0,0,0,0,0,0,0,0,0,0
Sigal Prishtina,"A. Azemi, A. Bailey, D. Polloshka, K. Kramer, T. Vissariou",Vëllaznimi,"A. Gordon, A. Koshi, J. Hellems, R. Dahsyla, Z. Reid",1,63,1.1,2.2,3,1,1,100,1,1,100,0,0,0,0,1,1,0,0,0,2,1,1,0,1,0,0,0,0,1,1,100,0,0,0,0,0,0,0,0,3.0,1.4,100,69.4,30.6,69.4,100,-30.6,2,0,0,0,0,0,0,0,0,0,0,0,0,0,0,0,0,0,0,0,0,0,0,0,0,0,0,0,0,0,0,0,0
Rahoveci 029,"A. Patty, B. Rexha, J. Johnson, K. Pullian, V. Ejupi",Trepça,"A. Gashi, B. Tuna, D. Hajrizi, D. Kapiti, K. Hasbrouck",1,51,0.8,2.2,0,0,2,0,0,1,0,0,0,0,1,1,2,0,0,0,1,0,4,2,2,100,0,0,0,0,1,0,0,1,1,1,1,0,0,0,1.9,2.4,0,163.9,-163.9,163.9,0,163.9,-4,0,0,0,0,0,0,0,0,0,0,0,0,0,0,0,0,0,0,0,0,0,0,0,0,0,0,0,0,0,0,0,0
Bora,"A. Hot, A. Hunter, A. Mekic, J. Zeqiri, S. Jules",Golden Eagle Ylli,"A. Scott, E. Kastrati, G. Morina, J. Reece, T. Allen",1,55,0.9,2.2,0,0,0,0,0,0,0,0,1,0,0,0,0,0,1,0,2,0,2,1,1,100,0,0,0,0,0,0,0,1,1,1,2,0,1,0,2.4,2.0,0,100,-100,100,0,100,-2,0,0,0,0,0,0,0,0,0,0,0,0,0,0,0,0,0,0,0,0,0,0,0,0,0,0,0,0,0,0,0,0
Golden Eagle Ylli,"A. Scott, B. Huffman, G. Morina, S. Bamforth, T. Allen",Rahoveci 029,"A. Thomas, F. Rugova, I. Umipig, K. Pullian, V. Ejupi",1,65,1.1,2.2,2,1,2,50,0,0,0,0,0,0,0,2,2,1,0,0,0,1,1,0,2,0,0,2,0,1,1,100,0,1,1,0,0,0,0,1,2.0,2.4,100,41,59,41,100,-59,1,0,0,0,0,0,0,0,0,0,0,0,0,0,0,0,0,0,0,0,0,0,0,0,0,0,0,0,0,0,0,0,0
Trepça,"B. Tuna, D. Kapiti, K. Hasbrouck, M. Amzil, M. Tmusic",Sigal Prishtina,"D. Haxhosaj, D. Polloshka, E. Clarance, K. Dukes, K. Kramer",1,56,0.9,2.2,4,2,2,100,0,0,0,0,1,0,0,0,0,2,2,0,0,1,0,0,1,0,0,1,0,0,0,0,1,1,2,0,0,0,2,0,2.4,1.9,163.9,0,163.9,0,163.9,-163.9,4,0,0,0,0,0,0,0,0,0,0,0,0,0,0,0,0,0,0,0,0,0,0,0,0,0,0,0,0,0,0,0,0
Vëllaznimi,"A. Gordon, A. Rushiti, D. Wilson, J. Hellems, R. Dahsyla",Peja,"A. Hajdari, C. Edwards, J. Johnson, M. Mala, T. Green",1,74,1.2,2.2,3,1,2,50,0,1,0,1,1,100,0,0,0,0,0,0,0,1,4,2,2,100,0,0,0,0,0,0,0,1,1,2,0,0,0,1,2.4,2.0,123,200,-77,200,123,77,-1,0,0,0,0,0,0,0,0,0,0,0,0,0,0,0,0,0,0,0,0,0,0,0,0,0,0,0,0,0,0,0,0
Vëllaznimi,"A. Gordon, D. Wilson, J. Hellems, R. Dahsyla, S. Zekiqi",Peja,"A. Hajdari, C. Edwards, J. Johnson, M. Mala, S. Flatten",1,74,1.2,2.2,2,1,2,50,0,0,0,0,0,0,1,1,2,0,0,0,1,0,3,1,2,50,0,1,0,1,1,100,0,0,0,0,0,0,0,1,1.9,2.4,103.6,123,-19.3,123,103.6,19.3,-1,0,0,0,0,0,0,0,0,0,0,0,0,0,0,0,0,0,0,0,0,0,0,0,0,0,0,0,0,0,0,0,0
Golden Eagle Ylli,"A. Gashi, E. Kastrati, L. Basic, L. Shoshi, S. Bamforth",Vëllaznimi,"A. Gordon, A. Rushiti, D. Wilson, J. Hellems, S. Zekiqi",1,96,1.6,2.2,5,2,2,100,1,1,100,0,0,0,0,1,1,2,0,0,0,1,3,1,2,50,0,0,0,1,1,100,0,0,0,0,0,0,0,2,2.0,2.4,250,123,127,123,250,-127,2,0,0,0,0,0,0,0,0,0,0,0,0,0,0,0,0,0,0,0,0,0,0,0,0,0,0,0,0,0,0,0,0
Bashkimi,"D. Lake, I. Nwamu, L. Zeqiri, M. Armstead, S. Shorter",Sigal Prishtina,"A. Sinani, E. Clarance, J. Ismajli, K. Dukes, K. Kramer",1,61,1.0,2.2,3,0,1,0,0,1,0,3,3,100,0,1,1,1,1,0,0,1,0,0,1,0,0,1,0,0,0,0,0,1,1,0,0,0,1,3,2.3,2.0,129.3,0,129.3,0,129.3,-129.3,3,0,0,0,0,0,0,0,0,0,0,0,0,0,0,0,0,0,0,0,0,0,0,0,0,0,0,0,0,0,0,0,0
GO+Peja,"A. Hajdari, M. Mala, O. Williams, S. Llapi, T. Green",Rahoveci 029,"A. Berisha, B. Rexha, K. Pullian, K. Ujkani, V. Ejupi",1,79,1.3,2.2,3,1,2,50,0,1,0,1,1,100,0,2,2,0,0,0,0,0,0,0,3,0,0,2,0,0,0,0,1,1,2,0,0,0,0,0,2.4,1.9,123,0,123,0,123,-123,3,0,0,0,0,0,0,0,0,0,0,0,0,0,0,0,0,0,0,0,0,0,0,0,0,0,0,0,0,0,0,0,0
Trepça,"A. Vining, D. Kapiti, J. Payne, K. Hasbrouck, S. Jones",Golden Eagle Ylli,"A. Scott, E. Kastrati, G. Morina, L. Shoshi, S. Bamforth",1,63,1.1,2.2,4,1,2,50,1,1,100,1,1,100,0,1,1,1,0,0,0,1,3,1,2,50,1,2,50,0,0,0,0,1,1,1,0,0,0,0,2.4,2.0,163.9,150,13.9,150,163.9,-13.9,1,0,0,0,0,0,0,0,0,0,0,0,0,0,0,0,0,0,0,0,0,0,0,0,0,0,0,0,0,0,0,0,0
Bora,"A. Hot, A. Hunter, R. Ukaj, S. Jules, T. Cheese",Trepça,"A. Gashi, A. Vining, D. Hajrizi, M. Amzil, M. Tmusic",1,58,1.0,2.2,5,2,2,100,1,1,100,0,1,0,0,0,0,1,1,0,0,1,2,1,1,100,0,0,0,0,0,0,0,1,1,0,0,0,1,0,2.4,2.0,204.9,100,104.9,100,204.9,-104.9,3,0,0,0,0,0,0,0,0,0,0,0,0,0,0,0,0,0,0,0,0,0,0,0,0,0,0,0,0,0,0,0,0
Sigal Prishtina,"A. Bailey, A. Morina, D. Polloshka, K. Dukes, K. Kramer",GO+Peja,"A. Hajdari, F. Shoshaj, L. Routt, M. Mala, T. Green",1,51,0.8,2.2,1,0,2,0,0,2,0,1,1,100,0,1,1,0,0,0,0,1,2,1,1,100,0,0,0,0,2,0,0,1,1,0,0,0,0,0,2.4,1.9,41,106.4,-65.4,106.4,41,65.4,-1,0,0,0,0,0,0,0,0,0,0,0,0,0,0,0,0,0,0,0,0,0,0,0,0,0,0,0,0,0,0,0,0
Bashkimi,"I. Nwamu, K. Wooten, M. Ismaili, M. Janjeva, S. Shorter",Vëllaznimi,"A. Gordon, J. Hellems, R. Dahsyla, S. Zekiqi, Z. Reid",1,55,0.9,2.2,5,2,2,100,1,1,100,0,0,0,0,1,1,1,1,0,0,1,2,1,1,100,0,0,0,0,1,0,0,0,0,1,0,0,1,0,2.0,2.4,250,82,168,82,250,-168,3,0,0,0,0,0,0,0,0,0,0,0,0,0,0,0,0,0,0,0,0,0,0,0,0,0,0,0,0,0,0,0,0
Bora,"A. Hot, A. Hunter, J. Zeqiri, R. Memedi, S. Jules",Sigal Prishtina,"A. Bailey, A. Lomax, A. Morina, A. Sinani, D. Williams",1,81,1.4,2.2,2,0,4,0,0,2,0,2,3,66.7,3,1,4,0,0,0,0,2,2,0,1,0,0,0,0,2,3,66.7,0,1,1,1,0,0,0,1,2.1,2.3,94.8,86.2,8.6,86.2,94.8,-8.6,0,0,0,0,0,0,0,0,0,0,0,0,0,0,0,0,0,0,0,0,0,0,0,0,0,0,0,0,0,0,0,0,0
Bora,"A. Hot, J. Zeqiri, R. Memedi, S. Jules, T. Cheese",Sigal Prishtina,"A. Bailey, A. Morina, D. Burns, D. Haxhosaj, E. Clarance",1,53,0.9,2.2,3,1,1,100,0,0,0,1,1,100,0,0,0,0,0,0,1,2,4,2,3,66.7,0,1,0,0,0,0,1,0,1,0,1,0,0,1,2.4,1.9,123,207.3,-84.3,207.3,123,84.3,-1,0,0,0,0,0,0,0,0,0,0,0,0,0,0,0,0,0,0,0,0,0,0,0,0,0,0,0,0,0,0,0,0
Bora,"A. Hunter, C. Bragg Jr, J. Zeqiri, R. Memedi, S. Jules",Sigal Prishtina,"A. Bailey, A. Lomax, A. Morina, D. Burns, V. Kakruki",1,83,1.4,2.2,0,0,1,0,0,1,0,0,0,0,0,0,0,0,0,0,1,0,5,2,2,100,0,0,0,1,1,100,0,1,1,0,1,0,0,0,2.0,2.4,0,204.9,-204.9,204.9,0,204.9,-5,0,0,0,0,0,0,0,0,0,0,0,0,0,0,0,0,0,0,0,0,0,0,0,0,0,0,0,0,0,0,0,0
Vëllaznimi,"A. Bedra, L. Colimerio, M. Warrick, R. Dahsyla, Z. Ried",Trepça,"B. Tuna, D. Kapiti, J. Payne, M. Amzil, M. Tmusic",1,74,1.2,2.1,2,1,1,100,0,0,0,0,2,0,0,1,1,0,1,0,0,1,0,0,3,0,0,1,0,0,0,0,1,1,2,0,0,0,1,1,1.9,2.4,106.4,0,106.4,0,106.4,-106.4,2,0,0,0,0,0,0,0,0,0,0,0,0,0,0,0,0,0,0,0,0,0,0,0,0,0,0,0,0,0,0,0,0
Golden Eagle Ylli,"A. Gashi, A. Çallakaj, G. Morina, L. Basic, T. Allen",Vëllaznimi,"A. Koshi, J. Ismajli, L. Colimerio, M. Warrick, R. Dahsyla",1,34,0.6,2.1,0,0,0,0,0,0,0,0,0,0,0,2,2,0,0,1,2,1,0,0,3,0,0,1,0,0,2,0,2,0,2,0,2,0,0,0,2.0,2.3,0,0,0,0,0,0,0,0,0,0,0,0,0,0,0,0,0,0,0,0,0,0,0,0,0,0,0,0,0,0,0,0,0,0,0,0,0,0,0
GO+Peja,"C. Edwards, D. Berisha, J. Johnson, M. Mala, T. Green",Rahoveci 029,"B. Rexha, F. Rugova, I. Umipig, J. Roche, K. Pullian",1,69,1.1,2.1,3,0,2,0,0,2,0,3,3,100,1,1,2,0,0,0,0,0,0,0,1,0,0,0,0,0,0,0,0,1,1,0,0,0,1,1,2.2,2.0,133.3,0,133.3,0,133.3,-133.3,3,0,0,0,0,0,0,0,0,0,0,0,0,0,0,0,0,0,0,0,0,0,0,0,0,0,0,0,0,0,0,0,0
Rahoveci 029,"E. Peci, F. Rugova, I. Umipig, J. Roche, V. Ejupi",Golden Eagle Ylli,"A. Scott, A. Çallakaj, J. Reece, L. Shoshi, T. Allen",1,88,1.5,2.1,0,0,4,0,0,2,0,0,0,0,2,0,2,0,0,0,0,1,5,2,3,66.7,0,0,0,1,1,100,1,2,3,1,0,0,0,1,1.9,2.4,0,211,-211,211,0,211,-5,0,0,0,0,0,0,0,0,0,0,0,0,0,0,0,0,0,0,0,0,0,0,0,0,0,0,0,0,0,0,0,0
GO+Peja,"D. Berisha, J. Johnson, M. Mala, S. Flatten, T. Green",Bora,"A. Hunter, A. Mekic, G. Zeqiri, J. Zeqiri, S. Jules",1,59,1.0,2.1,0,0,2,0,0,1,0,0,2,0,1,0,1,0,0,0,0,0,6,2,2,100,2,2,100,0,0,0,0,2,2,1,0,0,0,0,2.2,2.0,0,300,-300,300,0,300,-6,0,0,0,0,0,0,0,0,0,0,0,0,0,0,0,0,0,0,0,0,0,0,0,0,0,0,0,0,0,0,0,0
Bora,"A. Hot, A. Hunter, C. Payton, R. Memedi, S. Jules",Vëllaznimi,"A. Koshi, J. Hellems, J. Ismajli, L. Colimerio, T. Todd",1,75,1.2,2.1,0,0,3,0,0,2,0,0,0,0,2,0,2,0,1,0,1,1,3,1,1,100,0,0,0,1,1,100,0,1,1,1,0,0,1,0,1.9,2.4,0,123,-123,123,0,123,-3,0,0,0,0,0,0,0,0,0,0,0,0,0,0,0,0,0,0,0,0,0,0,0,0,0,0,0,0,0,0,0,0
Sigal Prishtina,"A. Bailey, A. Morina, D. Burns, D. Haxhosaj, T. Vissariou",Vëllaznimi,"A. Gordon, A. Koshi, L. Colimerio, R. Dahsyla, T. Todd",1,55,0.9,2.1,0,0,3,0,0,1,0,0,0,0,1,0,1,0,0,0,0,2,5,1,1,100,0,0,0,3,3,100,0,2,2,0,0,1,0,0,1.9,2.3,0,215.5,-215.5,215.5,0,215.5,-5,0,0,0,0,0,0,0,0,0,0,0,0,0,0,0,0,0,0,0,0,0,0,0,0,0,0,0,0,0,0,0,0
Golden Eagle Ylli,"A. Gashi, A. Scott, B. Huffman, E. Kastrati, S. Bamforth",Vëllaznimi,"A. Gordon, A. Koshi, D. Wilson, J. Hellems, S. Zekiqi",1,53,0.9,2.1,3,1,3,33.3,0,2,0,1,1,100,1,1,2,0,0,0,0,1,2,0,1,0,0,1,0,2,2,100,0,1,1,0,0,0,0,1,2.4,1.9,126.6,106.4,20.2,106.4,126.6,-20.2,1,0,0,0,0,0,0,0,0,0,0,0,0,0,0,0,0,0,0,0,0,0,0,0,0,0,0,0,0,0,0,0,0
Bora,"A. Hot, A. Hunter, J. Zeqiri, S. Jules, T. Cheese",Bashkimi,"D. Lake, K. Anderson, M. Armstead, M. Janjeva, S. Shorter",1,90,1.5,2.1,4,2,4,50,0,2,0,0,0,0,2,2,4,1,0,1,0,1,1,0,1,0,0,0,0,1,3,33.3,0,0,0,0,0,0,0,1,1.9,2.3,215.1,43.1,172,43.1,215.1,-172,3,0,0,0,0,0,0,0,0,0,0,0,0,0,0,0,0,0,0,0,0,0,0,0,0,0,0,0,0,0,0,0,0
Bashkimi,"I. Nwamu, K. Wooten, M. Janjeva, S. Shorter, V. Bunjaku",Vëllaznimi,"A. Gordon, J. Hellems, R. Dahsyla, S. Zekiqi, Z. Reid",1,81,1.4,2.1,1,0,2,0,0,0,0,1,2,50,1,0,1,0,0,0,0,1,0,0,0,0,0,0,0,0,0,0,0,2,2,0,0,0,2,1,2.2,2.0,46.2,0,46.2,0,46.2,-46.2,1,0,0,0,0,0,0,0,0,0,0,0,0,0,0,0,0,0,0,0,0,0,0,0,0,0,0,0,0,0,0,0,0
Vëllaznimi,"A. Koshi, J. Ismajli, R. Dahsyla, U. Ahmeti, Z. Ried",Bashkimi,"A. Morina, J. Bailey, T. Brickerstaff, V. Bunjaku, V. Gjeçaj",1,50,0.8,2.0,0,0,1,0,0,0,0,0,0,0,0,0,0,0,0,0,1,0,4,2,2,100,0,0,0,0,0,0,0,1,1,1,1,0,0,1,2.0,2.0,0,200,-200,200,0,200,-4,0,0,0,0,0,0,0,0,0,0,0,0,0,0,0,0,0,0,0,0,0,0,0,0,0,0,0,0,0,0,0,0
Vëllaznimi,"A. Koshi, E. Cingu, J. Ismajli, R. Dahsyla, Z. Ried",Bashkimi,"D. Lake, J. Bailey, J. Palokaj, V. Bunjaku, V. Gjeçaj",1,63,1.1,2.0,2,1,2,50,0,1,0,0,0,0,0,1,1,0,0,0,0,0,3,1,2,50,1,2,50,0,0,0,0,1,1,1,0,0,0,1,2.0,2.0,100,150,-50,150,100,50,-1,0,0,0,0,0,0,0,0,0,0,0,0,0,0,0,0,0,0,0,0,0,0,0,0,0,0,0,0,0,0,0,0
Vëllaznimi,"A. Bedra, A. Koshi, E. Cingu, U. Ahmeti, Z. Ried",Bashkimi,"B. Bytyqi, D. Lake, J. Bailey, T. Brickerstaff, V. Bunjaku",1,54,0.9,2.0,3,1,1,100,1,1,100,0,0,0,0,0,0,1,0,0,1,1,4,2,2,100,0,0,0,0,0,0,0,0,0,1,1,0,0,0,2.0,2.0,150,200,-50,200,150,50,-1,0,0,0,0,0,0,0,0,0,0,0,0,0,0,0,0,0,0,0,0,0,0,0,0,0,0,0,0,0,0,0,0
Trepça,"C. Russell, D. Kapiti, J. Payne, M. Tmusic, S. Jones",GO+ Peja,"C. Edwards, D. Berisha, J. Johnson, M. Armstread, T. Green",1,102,1.7,2.0,2,1,4,25,0,1,0,0,0,0,2,1,3,0,0,0,0,0,2,1,2,50,0,0,0,0,0,0,0,1,1,1,0,0,0,2,1.9,2.0,107.5,100,7.5,100,107.5,-7.5,0,0,0,0,0,0,0,0,0,0,0,0,0,0,0,0,0,0,0,0,0,0,0,0,0,0,0,0,0,0,0,0,0
Golden Eagle Ylli,"E. Kastrati, G. Morina, L. Basic, L. Shoshi, L. Thomas",Sigal Prishtina,"A. Azemi, A. Bailey, D. Polloshka, L. Autrey, V. Kakruki",1,32,0.5,2.0,0,0,0,0,0,0,0,0,0,0,0,0,0,0,0,0,3,2,2,1,1,100,0,0,0,0,0,0,0,0,0,1,1,0,0,0,3.0,1.0,0,200,-200,200,0,200,-2,0,0,0,0,0,0,0,0,0,0,0,0,0,0,0,0,0,0,0,0,0,0,0,0,0,0,0,0,0,0,0,0
Bora,"G. Singleton, G. Zeqiri, R. Memedi, S. Jules, T. Jackson",Rahoveci 029,"A. Berisha, F. Rugova, K. Pullian, P. Weeks, V. Ejupi",1,47,0.8,2.0,2,1,2,50,0,1,0,0,0,0,0,1,1,1,0,0,0,0,2,1,2,50,0,1,0,0,0,0,0,1,1,0,0,0,0,0,2.0,2.0,100,100,0,100,100,0,0,0,0,0,0,0,0,0,0,0,0,0,0,0,0,0,0,0,0,0,0,0,0,0,0,0,0,0,0,0,0,0,0
Bora,"A. Mekic, G. Zeqiri, R. Memedi, S. Jules, T. Jackson",Rahoveci 029,"A. Berisha, I. Umipig, K. Pullian, P. Weeks, V. Ejupi",1,61,1.0,2.0,0,0,1,0,0,0,0,0,0,0,0,0,0,0,0,0,1,0,5,2,2,100,1,1,100,0,0,0,0,1,1,0,1,1,0,0,2.0,2.0,0,250,-250,250,0,250,-5,0,0,0,0,0,0,0,0,0,0,0,0,0,0,0,0,0,0,0,0,0,0,0,0,0,0,0,0,0,0,0,0
Bashkimi,"J. Palokaj, K. Anderson, L. Zeqiri, T. Bickerstaff, V. Bunjaku",Rahoveci 029,"F. Rugova, I. Umipig, K. Pullian, P. Weekes, V. Ejupi",1,34,0.6,2.0,2,1,1,100,0,0,0,0,0,0,0,1,1,1,1,0,1,0,0,0,1,0,0,0,0,0,0,0,0,0,0,0,1,0,1,1,2.0,2.0,100,0,100,0,100,-100,2,0,0,0,0,0,0,0,0,0,0,0,0,0,0,0,0,0,0,0,0,0,0,0,0,0,0,0,0,0,0,0,0
Bashkimi,"A. Morina, D. Lake, J. Baily, K. Anderson, L. Zeqiri",Rahoveci 029,"B. Rexha, E. Ross, F. Rugova, I. Umipig, K. Pullian",1,31,0.5,2.0,0,0,0,0,0,0,0,0,0,0,0,1,1,0,0,0,2,0,2,1,2,50,0,0,0,0,0,0,0,0,0,1,1,0,0,0,2.0,2.0,0,100,-100,100,0,100,-2,0,0,0,0,0,0,0,0,0,0,0,0,0,0,0,0,0,0,0,0,0,0,0,0,0,0,0,0,0,0,0,0
GO+Peja,"A. Herndon, C. Edwards, D. Berisha, J. Johnson, M. Mala",Golden Eagle Ylli,"A. Çallakaj, B. Huffman, G. Morina, L. Basic, L. Thomas",1,58,1.0,2.0,0,0,1,0,0,1,0,0,0,0,0,0,0,0,0,0,0,0,3,1,2,50,1,1,100,0,0,0,1,1,2,1,0,0,2,1,1.0,2.9,0,102.4,-102.4,102.4,0,102.4,-3,0,0,0,0,0,0,0,0,0,0,0,0,0,0,0,0,0,0,0,0,0,0,0,0,0,0,0,0,0,0,0,0
GO+Peja,"A. Herndon, M. Armstead, M. Mala, S. Flatten, T. Green",Golden Eagle Ylli,"A. Çallakaj, G. Morina, J. Reece, L. Basic, T. Allen",1,64,1.1,2.0,2,1,1,100,0,0,0,0,0,0,0,2,2,0,0,0,1,0,0,0,2,0,0,0,0,0,0,0,0,0,0,0,0,0,0,1,2.0,2.0,100,0,100,0,100,-100,2,0,0,0,0,0,0,0,0,0,0,0,0,0,0,0,0,0,0,0,0,0,0,0,0,0,0,0,0,0,0,0,0
GO+Peja,"C. Edwards, J. Johnson, M. Armstead, M. Mala, T. Green",Golden Eagle Ylli,"A. Çallakaj, G. Morina, J. Reece, L. Thomas, T. Allen",1,58,1.0,2.0,2,1,1,100,0,0,0,0,0,0,0,0,0,1,1,0,1,0,3,1,1,100,1,1,100,0,0,0,0,0,0,0,0,0,1,0,2.0,2.0,100,150,-50,150,100,50,-1,0,0,0,0,0,0,0,0,0,0,0,0,0,0,0,0,0,0,0,0,0,0,0,0,0,0,0,0,0,0,0,0
Vëllaznimi,"J. Ismajli, M. Warrick, R. Dahsyla, Y. Anei, Z. Ried",Trepça,"B. Tuna, J. Payne, M. Amzil, M. Tmusic, S. Jones",1,64,1.1,2.0,0,0,1,0,0,1,0,0,0,0,0,0,0,0,0,0,1,0,4,2,2,100,0,0,0,0,0,0,0,1,1,1,1,0,0,1,2.0,2.0,0,200,-200,200,0,200,-4,0,0,0,0,0,0,0,0,0,0,0,0,0,0,0,0,0,0,0,0,0,0,0,0,0,0,0,0,0,0,0,0
Trepça,"C. Brown, D. Hajrizi, J. Payne, M. Amzil, M. Tmusic",Bashkimi,"I. Cousins, J. Palokaj, K. Anderson, L. Zeqiri, T. Bickerstaff",1,90,1.5,2.0,2,1,2,50,0,0,0,0,0,0,0,1,1,0,0,0,0,0,3,1,2,50,1,1,100,0,0,0,0,1,1,1,0,0,0,2,2.0,2.0,100,150,-50,150,100,50,-1,0,0,0,0,0,0,0,0,0,0,0,0,0,0,0,0,0,0,0,0,0,0,0,0,0,0,0,0,0,0,0,0
Trepça,"A. Arslanagic, C. Brown, D. Hajrizi, J. Payne, M. Tmusic",Bashkimi,"I. Cousins, J. Baily, J. Palokaj, T. Bickerstaff, V. Bunjaku",1,76,1.3,2.0,0,0,2,0,0,1,0,0,0,0,0,2,2,0,0,0,0,0,0,0,3,0,0,1,0,0,0,0,1,2,3,0,0,0,0,1,2.0,1.9,0,0,0,0,0,0,0,0,0,0,0,0,0,0,0,0,0,0,0,0,0,0,0,0,0,0,0,0,0,0,0,0,0,0,0,0,0,0,0
Trepça,"A. Arslanagic, C. Rusell, D. Hajrizi, D. Kapiti, J. Payne",Bashkimi,"I. Cousins, J. Palokaj, K. Anderson, L. Zeqiri, T. Bickerstaff",1,75,1.2,2.0,0,0,1,0,0,0,0,0,0,0,0,0,0,0,0,0,0,0,4,2,3,66.7,0,1,0,0,0,0,1,1,2,1,0,0,1,2,1.0,2.9,0,136.5,-136.5,136.5,0,136.5,-4,0,0,0,0,0,0,0,0,0,0,0,0,0,0,0,0,0,0,0,0,0,0,0,0,0,0,0,0,0,0,0,0
Trepça,"A. Arslanagic, C. Brown, D. Hajrizi, J. Payne, M. Tmusic",Bashkimi,"D. Lake, J. Baily, K. Anderson, L. Zeqiri, V. Bunjaku",1,52,0.9,2.0,2,1,2,50,0,0,0,0,0,0,1,0,1,0,0,0,0,0,2,1,1,100,0,0,0,0,0,0,0,0,0,1,0,0,2,1,0.9,3.0,215.1,66.7,148.4,66.7,215.1,-148.4,0,0,0,0,0,0,0,0,0,0,0,0,0,0,0,0,0,0,0,0,0,0,0,0,0,0,0,0,0,0,0,0,0
Bora,"D. Taylor, G. Singleton, J. Zeqiri, R. Ukaj, T. Jackson",GO+Peja,"A. Hajdari, C. Edwards, J. Johnson, M. Armstead, S. Flateen",1,51,0.8,2.0,2,1,2,50,0,0,0,0,0,0,0,2,2,1,0,0,0,0,0,0,2,0,0,2,0,0,0,0,0,1,1,0,0,0,0,0,2.0,2.0,100,0,100,0,100,-100,2,0,0,0,0,0,0,0,0,0,0,0,0,0,0,0,0,0,0,0,0,0,0,0,0,0,0,0,0,0,0,0,0
Rahoveci 029,"E. Peci, F. Rugova, I. Umipig, J. Jones, P. Weekes",Sigal Prishtina,"A. Azemi, D. Haxhosaj, D. Polloshka, K. Kramer, L. Autrey",1,77,1.3,2.0,0,0,1,0,0,0,0,0,0,0,0,0,0,0,0,0,1,1,4,2,3,66.7,0,1,0,0,0,0,1,1,2,1,1,0,0,0,2.0,1.9,0,207.3,-207.3,207.3,0,207.3,-4,0,0,0,0,0,0,0,0,0,0,0,0,0,0,0,0,0,0,0,0,0,0,0,0,0,0,0,0,0,0,0,0
Rahoveci 029,"B. Rexha, F. Rugova, I. Umipig, K. Pullian, P. Weekes",Sigal Prishtina,"A. Azemi, D. Polloshka, L. Autrey, M. Janjeva, V. Kakruki",1,54,0.9,2.0,2,1,2,50,0,0,0,0,0,0,0,0,0,1,0,0,0,0,3,1,1,100,1,1,100,0,0,0,0,1,1,1,0,0,1,0,2.0,2.0,100,150,-50,150,100,50,-1,0,0,0,0,0,0,0,0,0,0,0,0,0,0,0,0,0,0,0,0,0,0,0,0,0,0,0,0,0,0,0,0
Bashkimi,"D. Lake, J. Baily, K. Anderson, L. Zeqiri, V. Bunjaku",Sigal Prishtina,"A. Bailey, D. Burns, D. Lekndreaj, D. Polloshka, K. Kramer",1,67,1.1,2.0,5,2,2,100,1,1,100,0,0,0,0,0,0,1,0,0,0,0,2,1,2,50,0,1,0,0,0,0,1,0,1,0,0,0,1,0,2.0,1.9,250,103.6,146.4,103.6,250,-146.4,3,0,0,0,0,0,0,0,0,0,0,0,0,0,0,0,0,0,0,0,0,0,0,0,0,0,0,0,0,0,0,0,0
GO+Peja,"C. Edwards, D. Berisha, J. Johnson, M. Armstead, T. Green",Rahoveci 029,"E. Peci, F. Rugova, I. Umipig, J. Jones, P. Weekes",1,61,1.0,2.0,2,1,2,50,0,0,0,0,0,0,0,0,0,0,0,0,0,0,4,2,2,100,0,0,0,0,0,0,0,1,1,1,0,0,0,1,2.0,2.0,100,200,-100,200,100,100,-2,0,0,0,0,0,0,0,0,0,0,0,0,0,0,0,0,0,0,0,0,0,0,0,0,0,0,0,0,0,0,0,0
GO+Peja,"C. Edwards, D. Berisha, J. Johnson, M. Mala, T. Green",Rahoveci 029,"E. Peci, F. Rugova, I. Umipig, J. Jones, J. Roche",1,54,0.9,2.0,4,2,2,100,0,0,0,0,0,0,0,1,1,2,1,0,0,1,0,0,2,0,0,1,0,0,0,0,1,0,1,0,0,0,1,0,2.0,1.9,200,0,200,0,200,-200,4,0,0,0,0,0,0,0,0,0,0,0,0,0,0,0,0,0,0,0,0,0,0,0,0,0,0,0,0,0,0,0,0
Trepça,"A. Arslanagic, D. Hajrizi, J. Payne, M. Amzil, S. Jones",Golden Eagle Ylli,"A. Çallakaj, B. Huffman, G. Morina, L. Thomas, T. Allen",1,53,0.9,2.0,2,1,2,50,0,1,0,0,0,0,0,1,1,0,1,0,0,0,0,0,1,0,0,0,0,0,0,0,0,1,1,0,0,0,1,0,2.0,2.0,100,0,100,0,100,-100,2,0,0,0,0,0,0,0,0,0,0,0,0,0,0,0,0,0,0,0,0,0,0,0,0,0,0,0,0,0,0,0,0
Trepça,"A. Arslanagic, C. Rusell, D. Hajrizi, M. Amzil, S. Jones",Golden Eagle Ylli,"A. Çallakaj, B. Huffman, G. Morina, L. Basic, T. Allen",1,54,0.9,2.0,2,1,2,50,0,1,0,0,0,0,0,0,0,1,2,1,0,0,0,0,1,0,0,0,0,0,0,0,1,1,2,0,0,0,2,0,2.0,1.9,100,0,100,0,100,-100,2,0,0,0,0,0,0,0,0,0,0,0,0,0,0,0,0,0,0,0,0,0,0,0,0,0,0,0,0,0,0,0,0
Bora,"A. Hot, A. Mekic, G. Zeqiri, J. Zeqiri, S. Jules",Trepça,"A. Arslanagic, D. Hajrizi, J. Payne, M. Tmusic, S. Jones",1,90,1.5,2.0,0,0,2,0,0,0,0,0,0,0,0,0,0,0,0,0,0,0,6,2,2,100,2,2,100,0,0,0,0,2,2,2,0,0,0,1,2.0,2.0,0,300,-300,300,0,300,-6,0,0,0,0,0,0,0,0,0,0,0,0,0,0,0,0,0,0,0,0,0,0,0,0,0,0,0,0,0,0,0,0
Bora,"A. Hot, G. Zeqiri, H. Lebovci, R. Memedi, S. Jules",Trepça,"A. Arslanagic, D. Hajrizi, J. Payne, M. Tmusic, S. Jones",1,53,0.9,2.0,3,1,2,50,1,1,100,0,0,0,0,2,2,1,0,0,0,0,0,0,2,0,0,2,0,0,0,0,0,1,1,0,0,0,0,0,2.0,2.0,150,0,150,0,150,-150,3,0,0,0,0,0,0,0,0,0,0,0,0,0,0,0,0,0,0,0,0,0,0,0,0,0,0,0,0,0,0,0,0
Bora,"A. Mekic, G. Zeqiri, J. Zeqiri, R. Memedi, R. Sylejmani",Trepça,"B. Zekiqi, D. Kapiti, J. Payne, M. Amzil, M. Tmusic",1,79,1.3,2.0,2,1,2,50,0,1,0,0,0,0,0,0,0,1,0,0,0,1,2,1,2,50,0,0,0,0,0,0,1,1,2,0,0,0,1,0,2.0,1.9,100,103.6,-3.6,103.6,100,3.6,0,0,0,0,0,0,0,0,0,0,0,0,0,0,0,0,0,0,0,0,0,0,0,0,0,0,0,0,0,0,0,0,0
Rahoveci 029,"E. Peci, F. Rugova, I. Umipig, K. Pullian, P. Weekes",Vëllaznimi,"A. Koshi, J. Ismajli, L. Colimerio, Y. Anei, Z. Reid",1,55,0.9,2.0,0,0,2,0,0,0,0,0,0,0,0,1,1,0,1,0,0,1,0,0,1,0,0,0,0,0,0,0,0,2,2,0,0,0,1,0,2.0,2.0,0,0,0,0,0,0,0,0,0,0,0,0,0,0,0,0,0,0,0,0,0,0,0,0,0,0,0,0,0,0,0,0,0,0,0,0,0,0,0
Sigal Prishtina,"A. Azemi, D. Burns, D. Haxhosaj, L. Autrey, V. Kakruki",GO+Peja,"A. Herndon, D. Berisha, M. Armstead, S. Flatten, T. Green",1,59,1.0,2.0,2,1,2,50,0,1,0,0,0,0,0,1,1,1,1,0,0,0,0,0,1,0,0,1,0,0,0,0,0,1,1,0,0,0,1,0,2.0,2.0,100,0,100,0,100,-100,2,0,0,0,0,0,0,0,0,0,0,0,0,0,0,0,0,0,0,0,0,0,0,0,0,0,0,0,0,0,0,0,0
Bashkimi,"J. Bailey, J. Palokaj, K. Anderson, T. Bickerstaff, V. Bunjaku",GO+Peja,"A. Hajdari, C. Edwards, J. Johnson, M. Armstead, S. Flatten",1,48,0.8,2.0,4,2,2,100,0,0,0,0,0,0,0,0,0,2,1,0,0,1,2,1,1,100,0,0,0,0,0,0,0,0,0,1,0,0,1,0,2.0,2.0,200,100,100,100,200,-100,2,0,0,0,0,0,0,0,0,0,0,0,0,0,0,0,0,0,0,0,0,0,0,0,0,0,0,0,0,0,0,0,0
Bashkimi,"D. Lake, I. Cousins, J. Palokaj, K. Anderson, L. Zeqiri",GO+Peja,"A. Herndon, D. Berisha, J. Johnson, M. Armstead, T. Green",1,80,1.3,2.0,5,2,2,100,1,1,100,0,0,0,0,1,1,1,0,0,0,0,0,0,1,0,0,0,0,0,0,0,0,0,0,0,0,0,1,0,2.0,2.0,250,0,250,0,250,-250,5,0,0,0,0,0,0,0,0,0,0,0,0,0,0,0,0,0,0,0,0,0,0,0,0,0,0,0,0,0,0,0,0
Vëllaznimi,"A. Koshi, L. Colimerio, M. Warrick, R. Dahsyla, Z. Ride",Sigal Prishtina,"A. Bailey, D. Burns, D. Lekndreaj, D. Polloshka, K. Kramer",1,93,1.6,2.0,5,2,3,66.7,1,2,50,0,0,0,1,0,1,1,0,0,0,0,5,2,2,100,1,1,100,0,0,0,0,0,0,1,0,0,0,0,1.9,2.0,259.1,250,9.1,250,259.1,-9.1,0,0,0,0,0,0,0,0,0,0,0,0,0,0,0,0,0,0,0,0,0,0,0,0,0,0,0,0,0,0,0,0,0
Vëllaznimi,"J. Ismajli, L. Colimerio, M. Warrick, R. Dahsyla, Z. Ride",Sigal Prishtina,"A. Azemi, A. Bailey, D. Lekndreaj, D. Polloshka, K. Kramer",1,66,1.1,2.0,0,0,2,0,0,1,0,0,0,0,0,0,0,0,0,0,0,0,5,2,2,100,1,1,100,0,0,0,0,2,2,2,0,0,0,0,2.0,2.0,0,250,-250,250,0,250,-5,0,0,0,0,0,0,0,0,0,0,0,0,0,0,0,0,0,0,0,0,0,0,0,0,0,0,0,0,0,0,0,0
Trepça,"A. Arslanagic, C. Brown, D. Hajrizi, J. Payne, M. Tmusic",Rahoveci 029,"B. Rexha, F. Rugova, I. Umipig, K. Pullian, P. Weekes",1,72,1.2,2.0,3,1,1,100,1,1,100,0,0,0,0,2,2,1,0,0,1,1,0,0,2,0,0,1,0,0,0,0,0,0,0,0,1,0,0,0,2.0,2.0,150,0,150,0,150,-150,3,0,0,0,0,0,0,0,0,0,0,0,0,0,0,0,0,0,0,0,0,0,0,0,0,0,0,0,0,0,0,0,0
Trepça,"B. Tuna, D. Hajrizi, D. Kapiti, J. Payne, M. Tmusic",Rahoveci 029,"E. Peci, F. Rugova, I. Umipig, J. Roche, K. Pullian",1,61,1.0,2.0,0,0,1,0,0,0,0,0,0,0,0,0,0,0,0,0,2,2,2,1,2,50,0,1,0,0,0,0,1,1,2,0,0,0,0,0,3.0,0.9,0,215.1,-215.1,215.1,0,215.1,-2,0,0,0,0,0,0,0,0,0,0,0,0,0,0,0,0,0,0,0,0,0,0,0,0,0,0,0,0,0,0,0,0
Trepça,"B. Zekiqi, D. Hajrizi, D. Kapiti, J. Payne, M. Tmusic",Rahoveci 029,"B. Rexha, F. Rugova, I. Umipig, K. Pullian, P. Weekes",1,59,1.0,2.0,3,1,1,100,1,1,100,0,0,0,0,2,2,1,0,0,1,0,0,0,2,0,0,1,0,0,0,0,0,0,0,0,0,0,0,0,2.0,2.0,150,0,150,0,150,-150,3,0,0,0,0,0,0,0,0,0,0,0,0,0,0,0,0,0,0,0,0,0,0,0,0,0,0,0,0,0,0,0,0
Trepça,"A. Arslanagic, B. Tuna, C. Brown, D. Hajrizi, J. Payne",Rahoveci 029,"H. Durguti, I. Umipig, K. Pullian, K. Ujkani, P. Weekes",1,45,0.8,2.0,2,1,1,100,0,0,0,0,0,0,0,2,2,1,0,0,1,1,0,0,2,0,0,2,0,0,0,0,0,0,0,0,1,0,0,0,2.0,2.0,100,0,100,0,100,-100,2,0,0,0,0,0,0,0,0,0,0,0,0,0,0,0,0,0,0,0,0,0,0,0,0,0,0,0,0,0,0,0,0
Trepça,"A. Arslanagic, A. Gashi, D. Kapiti, J. Payne, V. Haliti",Rahoveci 029,"H. Durguti, I. Umipig, K. Pullian, K. Ujkani, P. Weekes",1,41,0.7,2.0,2,1,1,100,0,0,0,0,0,0,0,1,1,0,0,0,1,0,2,1,2,50,0,1,0,0,0,0,0,0,0,1,1,0,0,0,2.0,2.0,100,100,0,100,100,0,0,0,0,0,0,0,0,0,0,0,0,0,0,0,0,0,0,0,0,0,0,0,0,0,0,0,0,0,0,0,0,0,0
Golden Eagle Ylli,"A. Çallakaj, E. Kastrati, J. Reece, T. Allen, T. Allen",Bora,"A. Hot, A. Mekic, G. Singleton, J. Zeqiri, S. Jules",1,97,1.6,2.0,2,0,2,0,0,2,0,2,3,66.7,1,1,2,0,0,2,0,1,2,1,5,20,0,1,0,0,0,0,3,1,4,1,0,0,0,1,2.2,1.8,88.9,111.7,-22.8,111.7,88.9,22.8,0,0,0,0,0,0,0,0,0,0,0,0,0,0,0,0,0,0,0,0,0,0,0,0,0,0,0,0,0,0,0,0,0
Bora,"A. Mekic, J. Zeqiri, O. Kurtaj, T. Chese, T. Jackson",Bashkimi,"D. Lake, I. Cousins, K. Anderson, L. Zeqiri, V. Bunjaku",1,57,0.9,2.0,0,0,1,0,0,0,0,0,0,0,0,0,0,0,0,0,1,0,2,1,1,100,0,0,0,0,0,0,0,1,1,1,1,0,1,0,2.0,2.0,0,100,-100,100,0,100,-2,0,0,0,0,0,0,0,0,0,0,0,0,0,0,0,0,0,0,0,0,0,0,0,0,0,0,0,0,0,0,0,0
Bora,"A. Hot, A. Mekic, J. Zeqiri, S. Jules, T. Chese",Bashkimi,"I. Cousins, J. Palokaj, K. Anderson, L. Zeqiri, T. Bickerstaff",1,64,1.1,2.0,5,2,2,100,1,1,100,0,0,0,0,2,2,2,0,0,0,0,0,0,2,0,0,1,0,0,0,0,0,0,0,0,0,0,0,0,2.0,2.0,250,0,250,0,250,-250,5,0,0,0,0,0,0,0,0,0,0,0,0,0,0,0,0,0,0,0,0,0,0,0,0,0,0,0,0,0,0,0,0
Bora,"A. Hot, O. Kurtaj, S. Jules, T. Chese, T. Jackson",Bashkimi,"I. Cousins, J. Baily, L. Zeqiri, T. Bickerstaff, V. Bunjaku",1,62,1.0,2.0,0,0,1,0,0,1,0,0,0,0,0,1,1,0,0,0,1,0,2,1,2,50,0,1,0,0,0,0,0,1,1,0,0,0,0,0,2.0,2.0,0,100,-100,100,0,100,-2,0,0,0,0,0,0,0,0,0,0,0,0,0,0,0,0,0,0,0,0,0,0,0,0,0,0,0,0,0,0,0,0
Bora,"A. Hot, A. Mekic, O. Kurtaj, T. Chese, T. Jackson",Bashkimi,"D. Lake, I. Cousins, J. Palokaj, K. Anderson, L. Zeqiri",1,41,0.7,2.0,0,0,2,0,0,1,0,0,0,0,0,0,0,0,0,0,0,1,0,0,0,0,0,0,0,0,0,0,0,2,2,0,0,0,2,1,2.0,2.0,0,0,0,0,0,0,0,0,0,0,0,0,0,0,0,0,0,0,0,0,0,0,0,0,0,0,0,0,0,0,0,0,0,0,0,0,0,0,0
Bashkimi,"J. Baily, K. Anderson, L. Zeqiri, T. Bickerstaff, V. Bunjaku",Vëllaznimi,"A. Koshi, J. Ismajli, M. Warrick, Y. Anei, Z. Reid",1,52,0.9,2.0,3,1,2,50,1,1,100,0,0,0,0,2,2,1,0,0,0,0,0,0,2,0,0,0,0,0,0,0,0,1,1,0,0,1,0,1,2.0,2.0,150,0,150,0,150,-150,3,0,0,0,0,0,0,0,0,0,0,0,0,0,0,0,0,0,0,0,0,0,0,0,0,0,0,0,0,0,0,0,0
GO+Peja,"A. Hajdari, C. Edwards, J. Johnson, M. Mala, T. Green",Trepça,"A. Arslanagic, D. Kapiti, M. Amzil, M. Tmusic, S. Henry",1,56,0.9,2.0,0,0,2,0,0,0,0,0,0,0,0,1,1,0,0,0,0,1,2,1,2,50,0,1,0,0,0,0,0,2,2,1,0,1,0,0,2.0,2.0,0,100,-100,100,0,100,-2,0,0,0,0,0,0,0,0,0,0,0,0,0,0,0,0,0,0,0,0,0,0,0,0,0,0,0,0,0,0,0,0
Sigal Prishtina,"A. Azemi, A. Bailey, D. Burns, D. Haxhosaj, L. Autrey",Golden Eagle Ylli,"A. Scott, A. Çallakaj, B. Huffman, G. Morina, T. Allen",1,65,1.1,2.0,3,1,2,50,1,2,50,0,0,0,0,0,0,1,1,0,0,0,2,1,1,100,0,0,0,0,0,0,0,1,1,0,0,0,1,1,2.0,2.0,150,100,50,100,150,-50,1,0,0,0,0,0,0,0,0,0,0,0,0,0,0,0,0,0,0,0,0,0,0,0,0,0,0,0,0,0,0,0,0
Sigal Prishtina,"A. Azemi, A. Bailey, D. Burns, D. Haxhosaj, L. Autrey",Golden Eagle Ylli,"E. Kastrati, J. Reece, L. Basic, L. Shoshi, T. Allen",1,70,1.2,2.0,6,2,2,100,2,2,100,0,0,0,0,2,2,2,0,0,0,0,0,0,2,0,0,1,0,0,0,0,0,0,0,0,0,0,0,0,2.0,2.0,300,0,300,0,300,-300,6,0,0,0,0,0,0,0,0,0,0,0,0,0,0,0,0,0,0,0,0,0,0,0,0,0,0,0,0,0,0,0,0
Rahoveci 029,"A. Patty, F. Rugova, I. Umipig, K. Pullian, V. Ejupi",Bora,"A. Hunter, C. Payton Jr, G. Zeqiri, R. Ukaj, T. Cheese",1,43,0.7,2.0,0,0,1,0,0,0,0,0,0,0,0,2,2,0,0,0,1,0,0,0,2,0,0,2,0,0,0,0,0,1,1,0,1,0,0,0,2.0,2.0,0,0,0,0,0,0,0,0,0,0,0,0,0,0,0,0,0,0,0,0,0,0,0,0,0,0,0,0,0,0,0,0,0,0,0,0,0,0,0
Rahoveci 029,"F. Rugova, H. Durguti, I. Umipig, J. Roche, K. Pullian",Bora,"A. Hunter, A. Mekic, J. Zeqiri, R. Ukaj, S. Jules",1,58,1.0,2.0,0,0,2,0,0,1,0,0,0,0,0,1,1,0,0,0,0,0,0,0,1,0,0,0,0,0,0,0,0,2,2,0,0,0,1,1,2.0,2.0,0,0,0,0,0,0,0,0,0,0,0,0,0,0,0,0,0,0,0,0,0,0,0,0,0,0,0,0,0,0,0,0,0,0,0,0,0,0,0
Rahoveci 029,"B. Rexha, F. Rugova, I. Umipig, J. Roche, K. Pullian",Bora,"A. Hot, A. Hunter, R. Ukaj, S. Jules, T. Cheese",1,72,1.2,2.0,3,1,2,50,1,2,50,0,0,0,1,1,2,0,0,0,1,0,0,0,1,0,0,0,0,0,0,0,0,0,0,0,1,0,1,0,1.9,2.0,155.4,0,155.4,0,155.4,-155.4,3,0,0,0,0,0,0,0,0,0,0,0,0,0,0,0,0,0,0,0,0,0,0,0,0,0,0,0,0,0,0,0,0
Rahoveci 029,"A. Berisha, A. Patty, B. Rexha, J. Roche, K. Pullian",Bashkimi,"D. Lake, J. Baily, K. Anderson, M. Janjeva, V. Bunjaku",1,60,1.0,2.0,3,1,1,100,1,1,100,0,0,0,0,1,1,1,1,0,1,0,0,0,1,0,0,0,0,0,0,0,0,0,0,0,0,0,1,0,2.0,2.0,150,0,150,0,150,-150,3,0,0,0,0,0,0,0,0,0,0,0,0,0,0,0,0,0,0,0,0,0,0,0,0,0,0,0,0,0,0,0,0
Rahoveci 029,"A. Berisha, A. Patty, B. Rexha, J. Roche, K. Pullian",Bashkimi,"D. Lake, J. Baily, K. Anderson, M. Ismaili, M. Janjeva",1,64,1.1,2.0,0,0,1,0,0,1,0,0,0,0,0,0,0,0,0,0,1,1,2,1,1,100,0,0,0,0,0,0,0,1,1,0,0,0,1,0,2.0,2.0,0,100,-100,100,0,100,-2,0,0,0,0,0,0,0,0,0,0,0,0,0,0,0,0,0,0,0,0,0,0,0,0,0,0,0,0,0,0,0,0
Bora,"C. Payton, G. Zeqiri, R. Ukaj, S. Jules, T. Cheese",Sigal Prishtina,"D. Burns, D. Haxhosaj, D. Polloshka, K. Kramer, T. Vissarious",1,81,1.4,2.0,4,2,3,66.7,0,1,0,0,0,0,1,0,1,0,0,0,0,0,2,1,1,100,0,0,0,0,0,0,0,0,0,1,0,0,1,0,1.9,2.0,207.3,100,107.3,100,207.3,-107.3,2,0,0,0,0,0,0,0,0,0,0,0,0,0,0,0,0,0,0,0,0,0,0,0,0,0,0,0,0,0,0,0,0
Bora,"A. Hot, A. Mekic, C. Payton, R. Ukaj, S. Jules",Sigal Prishtina,"A. Azemi, A. Bailey, B. Istrefi, D. Burns, K. Kramer",1,72,1.2,2.0,0,0,2,0,0,0,0,0,0,0,0,0,0,0,0,0,0,0,5,2,2,100,1,1,100,0,0,0,0,2,2,0,0,1,0,1,2.0,2.0,0,250,-250,250,0,250,-5,0,0,0,0,0,0,0,0,0,0,0,0,0,0,0,0,0,0,0,0,0,0,0,0,0,0,0,0,0,0,0,0
Bashkimi,"D. Lake, K. Anderson, M. Ismaili, M. Janjeva, T. Bickerstaff",Trepça,"A. Arslanagic, C. Brown, D. Hajrizi, J. Payne, M. Tmusic",1,87,1.4,2.0,3,1,2,50,1,2,50,0,0,0,0,0,0,1,0,1,0,1,5,2,3,66.7,1,1,100,0,0,0,1,1,2,0,0,0,0,0,2.0,1.9,150,259.1,-109.1,259.1,150,109.1,-2,0,0,0,0,0,0,0,0,0,0,0,0,0,0,0,0,0,0,0,0,0,0,0,0,0,0,0,0,0,0,0,0
Vëllaznimi,"J. Hellems, L. Colimerio, R. Dahsyla, S. Zekiqi, Z. Reid",Golden Eagle Ylli,"A. Gashi, A. Scott, E. Kastrati, G. Morina, L. Shoshi",1,62,1.0,2.0,2,1,1,100,0,0,0,0,0,0,0,1,1,1,1,0,1,1,0,0,2,0,0,0,0,0,0,0,1,0,1,0,1,0,1,0,2.0,1.9,100,0,100,0,100,-100,2,0,0,0,0,0,0,0,0,0,0,0,0,0,0,0,0,0,0,0,0,0,0,0,0,0,0,0,0,0,0,0,0
Vëllaznimi,"J. Hellems, L. Colimerio, R. Dahsyla, S. Zekiqi, T. Todd",Golden Eagle Ylli,"A. Scott, A. Çallakaj, B. Huffman, E. Kastrati, L. Shoshi",1,47,0.8,2.0,3,1,1,100,1,1,100,0,0,0,0,0,0,1,0,0,0,0,0,0,0,0,0,0,0,0,0,0,0,0,0,0,0,0,3,2,1.0,3.0,300,0,300,0,300,-300,3,0,0,0,0,0,0,0,0,0,0,0,0,0,0,0,0,0,0,0,0,0,0,0,0,0,0,0,0,0,0,0,0
Vëllaznimi,"J. Hellems, L. Colimerio, R. Dahsyla, S. Zekiqi, T. Todd",Golden Eagle Ylli,"A. Scott, A. Çallakaj, B. Huffman, E. Kastrati, G. Morina",1,71,1.2,2.0,0,0,2,0,0,1,0,0,0,0,0,0,0,0,0,0,0,1,2,1,2,50,0,1,0,0,0,0,1,2,3,0,0,0,1,0,2.0,1.9,0,103.6,-103.6,103.6,0,103.6,-2,0,0,0,0,0,0,0,0,0,0,0,0,0,0,0,0,0,0,0,0,0,0,0,0,0,0,0,0,0,0,0,0
GO+Peja,"A. Herndon, A. Hhajdari, J. Johnson, M. Mala, S. Flatten",Bora,"A. Hot, A. Hunter, J. Zeqiri, S. Jules, T. Cheese",1,69,1.1,2.0,3,1,2,50,1,2,50,0,0,0,0,1,1,1,0,0,0,1,3,1,2,50,1,1,100,0,0,0,0,1,1,1,0,0,0,0,2.0,2.0,150,150,0,150,150,0,0,0,0,0,0,0,0,0,0,0,0,0,0,0,0,0,0,0,0,0,0,0,0,0,0,0,0,0,0,0,0,0,0
GO+Peja,"A. Hhajdari, C. Edwards, J. Johnson, M. Mala, S. Flatten",Bora,"A. Hot, A. Hunter, A. Mekic, G. Zeqiri, S. Jules",1,39,0.7,2.0,0,0,0,0,0,0,0,0,0,0,0,0,0,0,1,0,1,0,0,0,1,0,0,0,0,0,0,0,1,0,1,0,1,0,3,2,1.0,2.9,0,0,0,0,0,0,0,0,0,0,0,0,0,0,0,0,0,0,0,0,0,0,0,0,0,0,0,0,0,0,0,0,0,0,0,0,0,0,0
Sigal Prishtina,"A. Bailey, D. Burns, D. Haxhosaj, D. Polloshka, K. Kramer",Bashkimi,"I. Nwamu, K. Anderson, M. Ismaili, M. Janjeva, T. Bickerstaff",1,58,1.0,2.0,4,2,3,66.7,0,1,0,0,0,0,1,2,3,0,0,0,0,0,0,0,2,0,0,0,0,0,0,0,0,0,0,0,0,0,0,0,1.9,2.0,207.3,0,207.3,0,207.3,-207.3,4,0,0,0,0,0,0,0,0,0,0,0,0,0,0,0,0,0,0,0,0,0,0,0,0,0,0,0,0,0,0,0,0
Sigal Prishtina,"A. Bailey, D. Burns, D. Haxhosaj, D. Polloshka, K. Kramer",Bashkimi,"I. Nwamu, K. Anderson, L. Zeqiri, M. Janjeva, T. Bickerstaff",1,65,1.1,2.0,5,2,2,100,1,1,100,0,0,0,0,1,1,1,0,0,0,0,0,0,1,0,0,0,0,0,0,0,0,0,0,0,0,0,1,0,2.0,2.0,250,0,250,0,250,-250,5,0,0,0,0,0,0,0,0,0,0,0,0,0,0,0,0,0,0,0,0,0,0,0,0,0,0,0,0,0,0,0,0
Bora,"C. Payton, G. Zeqiri, R. Memedi, S. Jules, T. Cheese",Vëllaznimi,"A. Koshi, J. Hellems, S. Zekiqi, T. Todd, Z. Reid",1,68,1.1,2.0,3,1,3,33.3,1,2,50,0,0,0,1,1,2,1,0,0,0,1,2,1,2,50,0,0,0,0,0,0,0,1,1,0,0,0,0,1,1.9,2.0,155.4,100,55.4,100,155.4,-55.4,1,0,0,0,0,0,0,0,0,0,0,0,0,0,0,0,0,0,0,0,0,0,0,0,0,0,0,0,0,0,0,0,0
Bora,"A. Hot, A. Hunter, J. Zeqiri, S. Jules, T. Cheese",Vëllaznimi,"A. Koshi, L. Colimerio, S. Zekiqi, T. Todd, Z. Reid",1,69,1.1,2.0,3,1,1,100,1,1,100,0,0,0,0,2,2,1,0,0,1,0,0,0,2,0,0,2,0,0,0,0,0,0,0,0,1,0,0,0,2.0,2.0,150,0,150,0,150,-150,3,0,0,0,0,0,0,0,0,0,0,0,0,0,0,0,0,0,0,0,0,0,0,0,0,0,0,0,0,0,0,0,0
Bora,"A. Hot, A. Hunter, A. Mekic, J. Zeqiri, S. Jules",Vëllaznimi,"J. Hellems, L. Colimerio, R. Dahsyla, S. Zekiqi, T. Todd",1,66,1.1,2.0,2,1,1,100,0,0,0,0,0,0,0,0,0,1,0,0,1,1,4,2,2,100,0,0,0,0,0,0,0,0,0,0,1,0,0,0,2.0,2.0,100,200,-100,200,100,100,-2,0,0,0,0,0,0,0,0,0,0,0,0,0,0,0,0,0,0,0,0,0,0,0,0,0,0,0,0,0,0,0,0
Bora,"A. Hunter, A. Mekic, J. Zeqiri, R. Memedi, S. Jules",Vëllaznimi,"J. Hellems, R. Dahsyla, S. Zekiqi, T. Todd, Z. Reid",1,41,0.7,2.0,2,1,2,50,0,0,0,0,0,0,0,2,2,1,0,0,0,0,0,0,3,0,0,2,0,0,0,0,1,1,2,0,0,0,0,0,2.0,1.9,100,0,100,0,100,-100,2,0,0,0,0,0,0,0,0,0,0,0,0,0,0,0,0,0,0,0,0,0,0,0,0,0,0,0,0,0,0,0,0
Golden Eagle Ylli,"A. Scott, A. Çallakaj, E. Kastrati, G. Morina, L. Shoshi",Trepça,"D. Hajrizi, J. Payne, K. Hasbrouck, M. Tmusic, S. Jones",1,54,0.9,2.0,3,1,2,50,1,1,100,0,0,0,0,0,0,1,1,0,0,1,3,1,1,100,1,1,100,0,0,0,0,1,1,1,0,0,1,0,2.0,2.0,150,150,0,150,150,0,0,0,0,0,0,0,0,0,0,0,0,0,0,0,0,0,0,0,0,0,0,0,0,0,0,0,0,0,0,0,0,0,0
Golden Eagle Ylli,"A. Scott, A. Çallakaj, B. Huffman, G. Morina, J. Reece",Trepça,"D. Hajrizi, J. Payne, M. Tmusic, S. Henry, S. Jones",1,76,1.3,2.0,4,2,3,66.7,0,0,0,0,0,0,1,1,2,1,0,0,0,0,2,1,2,50,0,0,0,0,0,0,0,0,0,0,0,0,0,1,1.9,2.0,207.3,100,107.3,100,207.3,-107.3,2,0,0,0,0,0,0,0,0,0,0,0,0,0,0,0,0,0,0,0,0,0,0,0,0,0,0,0,0,0,0,0,0
Golden Eagle Ylli,"A. Scott, A. Çallakaj, B. Huffman, G. Morina, J. Reece",Trepça,"D. Kapiti, J. Payne, M. Amzil, M. Tmusic, S. Henry",1,44,0.7,2.0,2,1,1,100,0,0,0,0,0,0,0,0,0,0,0,0,1,0,6,2,2,100,2,2,100,0,0,0,0,0,0,2,1,0,0,0,2.0,2.0,100,300,-200,300,100,200,-4,0,0,0,0,0,0,0,0,0,0,0,0,0,0,0,0,0,0,0,0,0,0,0,0,0,0,0,0,0,0,0,0
Bashkimi,"D. Lake, I. Nwamu, K. Anderson, L. Zeqiri, M. Ismaili",Golden Eagle Ylli,"A. Shala, B. Huffman, E. Kastrati, G. Morina, T. Allen",1,48,0.8,2.0,3,1,2,50,1,2,50,0,0,0,0,0,0,0,0,0,0,1,4,2,2,100,0,0,0,0,0,0,0,1,1,1,0,0,0,0,2.0,2.0,150,200,-50,200,150,50,-1,0,0,0,0,0,0,0,0,0,0,0,0,0,0,0,0,0,0,0,0,0,0,0,0,0,0,0,0,0,0,0,0
Trepça,"J. Payne, M. Amzil, M. Tmusic, S. Henry, S. Jones",Bora,"A. Hot, C. Payton, R. Memedi, S. Jules, T. Cheese",1,82,1.4,2.0,2,1,2,50,0,0,0,0,0,0,0,0,0,0,0,0,0,0,4,2,3,66.7,0,1,0,0,0,0,1,1,2,0,0,0,0,0,2.0,1.9,100,207.3,-107.3,207.3,100,107.3,-2,0,0,0,0,0,0,0,0,0,0,0,0,0,0,0,0,0,0,0,0,0,0,0,0,0,0,0,0,0,0,0,0
Trepça,"B. Tuna, D. Hajrizi, D. Kapiti, M. Tmusic, S. Henry",Bora,"A. Hot, A. Hunter, A. Mekic, R. Memedi, T. Cheese",1,69,1.1,2.0,3,1,1,100,1,1,100,0,0,0,0,0,0,1,0,0,1,0,4,2,2,100,0,0,0,0,0,0,0,0,0,1,0,0,0,0,2.0,2.0,150,200,-50,200,150,50,-1,0,0,0,0,0,0,0,0,0,0,0,0,0,0,0,0,0,0,0,0,0,0,0,0,0,0,0,0,0,0,0,0
Vëllaznimi,"A. Koshi, L. Colimerio, S. Zekiqi, T. Todd, Z. Reid",Rahoveci 029,"A. Berisha, A. Patty, F. Rugova, J. Johnson, K. Pullian",1,62,1.0,2.0,2,1,2,50,0,0,0,0,0,0,1,0,1,0,0,0,1,1,2,1,1,100,0,0,0,0,0,0,0,0,0,1,1,0,1,1,1.9,2.0,103.6,100,3.6,100,103.6,-3.6,0,0,0,0,0,0,0,0,0,0,0,0,0,0,0,0,0,0,0,0,0,0,0,0,0,0,0,0,0,0,0,0,0
GO+Peja,"C. Edwards, J. Johnson, M. Mala, S. Flatten, S. Llapi",Sigal Prishtina,"A. Azemi, A. Bailey, D. Polloshka, K. Kramer, T. Vissariou",1,101,1.7,2.0,0,0,2,0,0,0,0,0,2,0,1,0,1,0,0,0,0,1,5,2,4,50,1,3,33.3,0,0,0,2,2,4,2,0,0,0,1,2.2,1.9,0,268.8,-268.8,268.8,0,268.8,-5,0,0,0,0,0,0,0,0,0,0,0,0,0,0,0,0,0,0,0,0,0,0,0,0,0,0,0,0,0,0,0,0
GO+Peja,"A. Hajdari, C. Edwards, J. Johnson, M. Mala, S. Flatten",Sigal Prishtina,"A. Bailey, A. Morina, D. Burns, D. Haxhosaj, K. Kramer",1,73,1.2,2.0,4,2,2,100,0,0,0,0,0,0,0,1,1,2,0,0,0,1,0,0,1,0,0,1,0,0,0,0,0,0,0,0,0,0,1,0,2.0,2.0,200,0,200,0,200,-200,4,0,0,0,0,0,0,0,0,0,0,0,0,0,0,0,0,0,0,0,0,0,0,0,0,0,0,0,0,0,0,0,0
GO+Peja,"C. Edwards, D. Berisha, J. Johnson, M. Mala, S. Flatten",Bashkimi,"I. Cousins, K. Anderson, L. Zeqiri, M. Ismaili, T. Bickerstaff",1,55,0.9,2.0,0,0,2,0,0,2,0,0,0,0,0,0,0,0,0,0,0,1,5,2,2,100,1,1,100,0,0,0,0,2,2,0,0,0,0,0,2.0,2.0,0,250,-250,250,0,250,-5,0,0,0,0,0,0,0,0,0,0,0,0,0,0,0,0,0,0,0,0,0,0,0,0,0,0,0,0,0,0,0,0
GO+Peja,"A. Herndon, D. Berisha, M. Mala, S. Flatten, T. Green",Bashkimi,"I. Nwamu, K. Anderson, L. Zeqiri, M. Janjeva, T. Bickerstaff",1,72,1.2,2.0,4,2,3,66.7,0,1,0,0,0,0,1,2,3,0,0,0,0,1,0,0,2,0,0,1,0,0,0,0,0,0,0,0,0,0,0,1,1.9,2.0,207.3,0,207.3,0,207.3,-207.3,4,0,0,0,0,0,0,0,0,0,0,0,0,0,0,0,0,0,0,0,0,0,0,0,0,0,0,0,0,0,0,0,0
Sigal Prishtina,"A. Bailey, A. Morina, D. Burns, D. Polloshka, K. Kramer",Vëllaznimi,"A. Gordon, A. Koshi, J. Hellems, S. Zekiqi, Z. Reid",1,68,1.1,2.0,2,1,2,50,0,1,0,0,0,0,1,1,2,0,0,0,1,0,2,1,2,50,0,0,0,0,0,0,0,0,0,1,1,0,0,0,1.9,2.0,103.6,100,3.6,100,103.6,-3.6,0,0,0,0,0,0,0,0,0,0,0,0,0,0,0,0,0,0,0,0,0,0,0,0,0,0,0,0,0,0,0,0,0
Rahoveci 029,"A. Berisha, A. Patty, B. Rexha, J. Roche, K. Pullian",Trepça,"D. Hajrizi, J. Payne, K. Hasbrouck, S. Henry, S. Jones",1,70,1.2,2.0,3,1,2,50,1,2,50,0,0,0,0,1,1,1,0,0,0,0,3,1,2,50,1,1,100,0,0,0,0,1,1,0,0,0,0,0,2.0,2.0,150,150,0,150,150,0,0,0,0,0,0,0,0,0,0,0,0,0,0,0,0,0,0,0,0,0,0,0,0,0,0,0,0,0,0,0,0,0,0
Rahoveci 029,"B. Rexha, J. Johnson, J. Roche, K. Pullian, V. Ejupi",Trepça,"A. Gashi, B. Tuna, D. Hajrizi, D. Kapiti, K. Hasbrouck",1,53,0.9,2.0,3,1,1,100,1,1,100,0,0,0,0,1,1,1,0,0,1,0,0,0,1,0,0,0,0,0,0,0,0,0,0,0,1,0,1,0,2.0,2.0,150,0,150,0,150,-150,3,0,0,0,0,0,0,0,0,0,0,0,0,0,0,0,0,0,0,0,0,0,0,0,0,0,0,0,0,0,0,0,0
Rahoveci 029,"B. Rexha, H. Durguti, J. Roche, K. Pullian, V. Ejupi",Trepça,"A. Gashi, B. Tuna, D. Kapiti, K. Hasbrouck, M. Amzil",1,54,0.9,2.0,4,2,3,66.7,0,1,0,0,0,0,1,0,1,1,0,0,0,0,4,2,2,100,0,0,0,0,0,0,0,0,0,0,0,0,0,1,1.9,2.0,207.3,200,7.3,200,207.3,-7.3,0,0,0,0,0,0,0,0,0,0,0,0,0,0,0,0,0,0,0,0,0,0,0,0,0,0,0,0,0,0,0,0,0
Bora,"A. Hot, A. Mekic, C. Payton, R. Memedi, T. Cheese",Golden Eagle Ylli,"A. Scott, E. Kastrati, G. Morina, J. Reece, T. Allen",1,49,0.8,2.0,0,0,2,0,0,1,0,0,0,0,0,0,0,0,1,0,0,1,2,1,1,100,0,0,0,0,0,0,0,2,2,0,0,0,1,0,2.0,2.0,0,100,-100,100,0,100,-2,0,0,0,0,0,0,0,0,0,0,0,0,0,0,0,0,0,0,0,0,0,0,0,0,0,0,0,0,0,0,0,0
Bora,"A. Hot, A. Hunter, A. Mekic, C. Payton, R. Memedi",Golden Eagle Ylli,"A. Scott, B. Huffman, E. Kastrati, G. Morina, T. Allen",1,71,1.2,2.0,0,0,2,0,0,2,0,0,0,0,1,1,2,0,0,1,1,0,3,1,2,50,1,1,100,0,0,0,0,1,1,1,0,0,0,0,1.9,2.0,0,150,-150,150,0,150,-3,0,0,0,0,0,0,0,0,0,0,0,0,0,0,0,0,0,0,0,0,0,0,0,0,0,0,0,0,0,0,0,0
Bora,"A. Hunter, A. Mekic, C. Payton, J. Zeqiri, R. Memedi",Golden Eagle Ylli,"A. Scott, E. Kastrati, G. Morina, J. Reece, T. Allen",1,59,1.0,2.0,2,1,2,50,0,1,0,0,0,0,0,0,0,0,1,0,0,2,2,1,1,100,0,0,0,0,0,0,0,1,1,0,0,0,1,1,2.0,2.0,100,100,0,100,100,0,0,0,0,0,0,0,0,0,0,0,0,0,0,0,0,0,0,0,0,0,0,0,0,0,0,0,0,0,0,0,0,0,0
Golden Eagle Ylli,"A. Scott, E. Kastrati, G. Morina, S. Bamforth, T. Allen",Rahoveci 029,"B. Rexha, F. Rugova, I. Umipig, J. Jonson, K. Pullian",1,73,1.2,2.0,2,1,2,50,0,0,0,0,0,0,0,0,0,1,0,0,0,0,6,2,2,100,2,2,100,0,0,0,0,1,1,2,0,0,0,1,2.0,2.0,100,300,-200,300,100,200,-4,0,0,0,0,0,0,0,0,0,0,0,0,0,0,0,0,0,0,0,0,0,0,0,0,0,0,0,0,0,0,0,0
Vëllaznimi,"A. Gordon, A. Rushiti, D. Wilson, J. Hellems, S. Zekiqi",Peja,"A. Hajdari, J. Johnson, M. Mala, S. Flatten, T. Green",1,72,1.2,2.0,6,2,3,66.7,2,2,100,0,0,0,1,1,2,2,0,0,0,0,2,1,2,50,0,0,0,0,0,0,0,0,0,0,0,0,0,0,1.9,2.0,310.9,100,210.9,100,310.9,-210.9,4,0,0,0,0,0,0,0,0,0,0,0,0,0,0,0,0,0,0,0,0,0,0,0,0,0,0,0,0,0,0,0,0
Vëllaznimi,"A. Gordon, A. Rushiti, D. Wilson, J. Hellems, S. Zekiqi",Peja,"A. Hajdari, C. Edwards, J. Johnson, M. Mala, S. Flatten",1,41,0.7,2.0,0,0,1,0,0,0,0,0,0,0,0,0,0,0,0,0,1,1,4,2,2,100,0,0,0,0,0,0,0,1,1,1,1,0,0,0,2.0,2.0,0,200,-200,200,0,200,-4,0,0,0,0,0,0,0,0,0,0,0,0,0,0,0,0,0,0,0,0,0,0,0,0,0,0,0,0,0,0,0,0
Vëllaznimi,"A. Koshi, D. Wilson, J. Hellems, S. Zekiqi, Y. Anei",Bashkimi,"I. Nwamu, L. Zeqiri, M. Armstead, S. Shorter, T. Bickerstaff",1,75,1.2,2.0,2,1,2,50,0,0,0,0,0,0,0,0,0,0,1,0,0,0,2,1,1,100,0,0,0,0,0,0,0,1,1,0,0,0,1,1,2.0,2.0,100,100,0,100,100,0,0,0,0,0,0,0,0,0,0,0,0,0,0,0,0,0,0,0,0,0,0,0,0,0,0,0,0,0,0,0,0,0,0
Vëllaznimi,"A. Gordon, A. Rushiti, D. Wilson, S. Zekiqi, T. Todd",Bashkimi,"D. Lake, I. Cousins, I. Nwamu, M. Janjeva, V. Bunjaku",1,64,1.1,2.0,2,1,1,100,0,0,0,0,0,0,0,1,1,1,0,0,1,0,0,0,2,0,0,1,0,0,0,0,1,0,1,0,1,0,1,0,2.0,1.9,100,0,100,0,100,-100,2,0,0,0,0,0,0,0,0,0,0,0,0,0,0,0,0,0,0,0,0,0,0,0,0,0,0,0,0,0,0,0,0
Trepça,"A. Vining, B. Zekiqi, D. Kapiti, M. Amzil, M. Tmusic",GO+Peja,"A. Herndon, F. Shoshaj, J. Johnson, M. Mala, O. Williams",1,74,1.2,2.0,0,0,3,0,0,2,0,0,0,0,1,2,3,0,0,0,0,1,0,0,2,0,0,2,0,0,0,0,0,2,2,0,0,0,0,1,1.9,2.0,0,0,0,0,0,0,0,0,0,0,0,0,0,0,0,0,0,0,0,0,0,0,0,0,0,0,0,0,0,0,0,0,0,0,0,0,0,0,0
Golden Eagle Ylli,"A. Scott, D. Hall, G. Morina, L. Shoshi, S. Bamforth",Sigal Prishtina,"A. Bailey, D. Burns, D. Haxhosaj, E. Clarance, J. Ismajli",1,53,0.9,2.0,0,0,2,0,0,2,0,0,0,0,0,0,0,0,0,0,0,0,2,1,2,50,0,1,0,0,0,0,1,2,3,0,0,0,1,0,2.0,1.9,0,103.6,-103.6,103.6,0,103.6,-2,0,0,0,0,0,0,0,0,0,0,0,0,0,0,0,0,0,0,0,0,0,0,0,0,0,0,0,0,0,0,0,0
Golden Eagle Ylli,"A. Scott, E. Kastrati, L. Shoshi, S. Bamforth, T. Allen",Sigal Prishtina,"A. Bailey, D. Haxhosaj, D. Polloshka, E. Clarance, K. Dukes",1,75,1.2,2.0,5,2,2,100,1,1,100,0,0,0,0,1,1,1,0,1,0,0,0,0,1,0,0,0,0,0,0,0,0,0,0,0,0,0,1,0,2.0,2.0,250,0,250,0,250,-250,5,0,0,0,0,0,0,0,0,0,0,0,0,0,0,0,0,0,0,0,0,0,0,0,0,0,0,0,0,0,0,0,0
Bora,"A. Hunter, R. Memedi, R. Ukaj, S. Jules, T. Cheese",Rahoveci 029,"B. Rexha, F. Rugova, I. Umipig, J. Johnson, K. Pullian",1,66,1.1,2.0,2,1,1,100,0,0,0,0,0,0,0,2,2,1,0,1,1,1,0,0,2,0,0,0,0,0,0,0,0,0,0,0,1,0,0,0,2.0,2.0,100,0,100,0,100,-100,2,0,0,0,0,0,0,0,0,0,0,0,0,0,0,0,0,0,0,0,0,0,0,0,0,0,0,0,0,0,0,0,0
Bashkimi,"D. Lake, I. Cousins, L. Zeqiri, S. Shorter, V. Bunjaku",Rahoveci 029,"A. Thomas, B. Rexha, F. Rugova, J. Johnson, K. Pullian",1,78,1.3,2.0,0,0,1,0,0,1,0,0,0,0,0,0,0,0,0,0,1,2,5,2,2,100,1,1,100,0,0,0,0,1,1,1,1,0,0,0,2.0,2.0,0,250,-250,250,0,250,-5,0,0,0,0,0,0,0,0,0,0,0,0,0,0,0,0,0,0,0,0,0,0,0,0,0,0,0,0,0,0,0,0
Bashkimi,"D. Lake, I. Nwamu, L. Zeqiri, M. Armstead, M. Ismaili",Rahoveci 029,"A. Berisha, A. Thomas, F. Rugova, J. Johnson, K. Pullian",1,55,0.9,2.0,0,0,1,0,0,1,0,0,0,0,0,1,1,0,0,0,2,1,0,0,1,0,0,1,0,0,0,0,0,1,1,0,0,0,0,0,3.0,1.0,0,0,0,0,0,0,0,0,0,0,0,0,0,0,0,0,0,0,0,0,0,0,0,0,0,0,0,0,0,0,0,0,0,0,0,0,0,0,0
Bashkimi,"D. Lake, I. Cousins, I. Nwamu, L. Zeqiri, V. Bunjaku",Rahoveci 029,"A. Thomas, F. Rugova, H. Durguti, J. Johnson, K. Pullian",1,59,1.0,2.0,0,0,1,0,0,0,0,0,0,0,0,0,0,0,0,0,1,1,5,2,2,100,1,1,100,0,0,0,0,1,1,0,0,0,0,0,2.0,2.0,0,250,-250,250,0,250,-5,0,0,0,0,0,0,0,0,0,0,0,0,0,0,0,0,0,0,0,0,0,0,0,0,0,0,0,0,0,0,0,0
GO+Peja,"A. Hajdari, A. Herndon, O. Williams, S. Flatten, S. Llapi",Golden Eagle Ylli,"A. Scott, B. Huffman, G. Morina, L. Basic, S. Bamforth",1,63,1.1,2.0,4,2,2,100,0,0,0,0,0,0,0,2,2,2,0,0,0,1,0,0,2,0,0,1,0,0,0,0,0,0,0,0,0,0,0,0,2.0,2.0,200,0,200,0,200,-200,4,0,0,0,0,0,0,0,0,0,0,0,0,0,0,0,0,0,0,0,0,0,0,0,0,0,0,0,0,0,0,0,0
Vëllaznimi,"A. Gordon, A. Koshi, D. Wilson, S. Zekiqi, Z. Reid",Trepça,"A. Vining, B. Tuna, D. Kapiti, M. Amzil, M. Tmusic",1,84,1.4,2.0,0,0,1,0,0,1,0,0,0,0,0,2,2,0,0,0,1,0,0,0,2,0,0,1,0,0,0,0,0,1,1,0,0,0,0,1,2.0,2.0,0,0,0,0,0,0,0,0,0,0,0,0,0,0,0,0,0,0,0,0,0,0,0,0,0,0,0,0,0,0,0,0,0,0,0,0,0,0,0
Vëllaznimi,"A. Koshi, A. Rushiti, D. Wilson, Y. Anei, Z. Reid",Trepça,"A. Vining, B. Tuna, D. Kapiti, M. Amzil, M. Tmusic",1,51,0.8,2.0,4,2,2,100,0,0,0,0,0,0,0,2,2,2,0,0,0,0,0,0,2,0,0,0,0,0,0,0,0,0,0,0,0,0,0,1,2.0,2.0,200,0,200,0,200,-200,4,0,0,0,0,0,0,0,0,0,0,0,0,0,0,0,0,0,0,0,0,0,0,0,0,0,0,0,0,0,0,0,0
Golden Eagle Ylli,"A. Scott, E. Kastrati, G. Morina, L. Shoshi, S. Bamforth",Vëllaznimi,"A. Gordon, A. Koshi, D. Wilson, J. Hellems, S. Zekiqi",1,59,1.0,2.0,2,1,1,100,0,0,0,0,0,0,0,0,0,1,1,0,1,0,2,1,1,100,0,0,0,0,0,0,0,0,0,0,1,0,1,1,2.0,2.0,100,100,0,100,100,0,0,0,0,0,0,0,0,0,0,0,0,0,0,0,0,0,0,0,0,0,0,0,0,0,0,0,0,0,0,0,0,0,0
Golden Eagle Ylli,"A. Gashi, E. Kastrati, L. Basic, L. Shoshi, S. Bamforth",Vëllaznimi,"A. Gordon, A. Koshi, D. Wilson, J. Hellems, S. Zekiqi",1,33,0.6,2.0,3,1,1,100,1,1,100,0,0,0,0,0,0,1,0,0,0,0,0,0,0,0,0,0,0,0,0,0,0,0,0,0,0,0,3,1,1.0,3.0,300,0,300,0,300,-300,3,0,0,0,0,0,0,0,0,0,0,0,0,0,0,0,0,0,0,0,0,0,0,0,0,0,0,0,0,0,0,0,0
Golden Eagle Ylli,"A. Scott, A. Çallakaj, G. Morina, L. Shoshi, S. Bamforth",Vëllaznimi,"A. Koshi, D. Wilson, J. Hellems, S. Zekiqi, Y. Anei",1,52,0.9,2.0,0,0,1,0,0,0,0,0,0,0,0,0,0,0,0,0,1,0,2,1,1,100,0,0,0,0,0,0,0,1,1,0,1,0,1,1,2.0,2.0,0,100,-100,100,0,100,-2,0,0,0,0,0,0,0,0,0,0,0,0,0,0,0,0,0,0,0,0,0,0,0,0,0,0,0,0,0,0,0,0
Bashkimi,"D. Lake, I. Cousins, M. Armstead, M. Janjeva, S. Shorter",Sigal Prishtina,"A. Sinani, D. Polloshka, E. Clarance, J. Ismajli, K. Kramer",1,46,0.8,2.0,3,1,1,100,1,1,100,0,0,0,0,1,1,1,0,0,1,0,3,1,2,50,1,1,100,0,0,0,0,0,0,0,0,0,0,0,2.0,2.0,150,150,0,150,150,0,0,0,0,0,0,0,0,0,0,0,0,0,0,0,0,0,0,0,0,0,0,0,0,0,0,0,0,0,0,0,0,0,0
Vëllaznimi,"D. Wilson, J. Hellems, R. Dahsyla, S. Zekiqi, Y. Anei",Bora,"A. Hot, A. Hunter, J. Zeqiri, R. Ukaj, S. Jules",1,76,1.3,2.0,5,2,2,100,1,1,100,0,0,0,0,0,0,1,0,0,0,0,2,1,1,100,0,0,0,0,0,0,0,0,0,1,0,0,1,1,2.0,2.0,250,100,150,100,250,-150,3,0,0,0,0,0,0,0,0,0,0,0,0,0,0,0,0,0,0,0,0,0,0,0,0,0,0,0,0,0,0,0,0
Trepça,"A. Vining, B. Tuna, K. Hasbrouck, M. Amzil, S. Jones",Golden Eagle Ylli,"B. Huffman, E. Kastrati, G. Morina, L. Basic, S. Bamforth",1,50,0.8,2.0,2,1,2,50,0,1,0,0,0,0,0,0,0,0,0,0,0,0,5,2,2,100,1,1,100,0,0,0,0,1,1,1,0,0,0,0,2.0,2.0,100,250,-150,250,100,150,-3,0,0,0,0,0,0,0,0,0,0,0,0,0,0,0,0,0,0,0,0,0,0,0,0,0,0,0,0,0,0,0,0
Golden Eagle Ylli,"B. Huffman, D. Conger, E. Kastrati, G. Morina, J. Gray",Bashkimi,"I. Cousins, K. Wooten, L. Zeqiri, M. Armstead, S. Shorter",1,71,1.2,2.0,3,1,1,100,1,1,100,0,0,0,0,1,1,1,0,0,1,1,3,1,2,50,1,1,100,0,0,0,0,0,0,1,1,0,0,0,2.0,2.0,150,150,0,150,150,0,0,0,0,0,0,0,0,0,0,0,0,0,0,0,0,0,0,0,0,0,0,0,0,0,0,0,0,0,0,0,0,0,0
Golden Eagle Ylli,"A. Scott, A. Çallakaj, B. Huffman, D. Thomas, S. Bamforth",Bashkimi,"D. Lake, I. Cousins, I. Nwamu, L. Zeqiri, M. Armstead",1,63,1.1,2.0,0,0,1,0,0,0,0,0,0,0,0,2,2,0,0,0,1,1,0,0,2,0,0,1,0,0,0,0,0,1,1,0,1,0,0,0,2.0,2.0,0,0,0,0,0,0,0,0,0,0,0,0,0,0,0,0,0,0,0,0,0,0,0,0,0,0,0,0,0,0,0,0,0,0,0,0,0,0,0
Bora,"A. Hot, A. Hunter, J. Zeqiri, S. Jules, T. Cheese",Trepça,"D. Hajrizi, J. Payne, K. Hasbrouck, M. Tmusic, S. Jones",1,65,1.1,2.0,3,1,2,50,1,1,100,0,0,0,0,2,2,1,0,0,0,0,0,0,2,0,0,0,0,0,0,0,0,1,1,0,0,0,0,1,2.0,2.0,150,0,150,0,150,-150,3,0,0,0,0,0,0,0,0,0,0,0,0,0,0,0,0,0,0,0,0,0,0,0,0,0,0,0,0,0,0,0,0
Bora,"A. Hunter, J. Zeqiri, R. Ukaj, S. Jules, T. Cheese",Trepça,"A. Vining, D. Hajrizi, J. Payne, K. Hasbrouck, S. Jones",1,78,1.3,2.0,3,1,2,50,1,1,100,0,0,0,1,0,1,1,0,0,1,1,5,2,2,100,1,1,100,0,0,0,0,0,0,1,1,0,0,0,1.9,2.0,155.4,250,-94.6,250,155.4,94.6,-2,0,0,0,0,0,0,0,0,0,0,0,0,0,0,0,0,0,0,0,0,0,0,0,0,0,0,0,0,0,0,0,0
Rahoveci 029,"A. Thomas, B. Rexha, F. Rugova, J. Mccormick, K. Pullian",Vëllaznimi,"D. Wilson, J. Hellems, R. Dahsyla, S. Zekiqi, Y. Anei",1,66,1.1,2.0,0,0,1,0,0,0,0,0,0,0,0,0,0,0,1,0,1,0,2,1,2,50,0,1,0,0,0,0,1,1,2,0,0,0,1,1,2.0,1.9,0,103.6,-103.6,103.6,0,103.6,-2,0,0,0,0,0,0,0,0,0,0,0,0,0,0,0,0,0,0,0,0,0,0,0,0,0,0,0,0,0,0,0,0
Rahoveci 029,"A. Thomas, B. Rexha, F. Rugova, J. Roche, K. Pullian",Vëllaznimi,"A. Koshi, D. Wilson, J. Hellems, R. Dahsyla, Y. Anei",1,92,1.5,2.0,5,2,3,66.7,1,2,50,0,0,0,1,0,1,1,0,0,0,1,5,2,2,100,1,1,100,0,0,0,0,0,0,1,0,0,0,0,1.9,2.0,259.1,250,9.1,250,259.1,-9.1,0,0,0,0,0,0,0,0,0,0,0,0,0,0,0,0,0,0,0,0,0,0,0,0,0,0,0,0,0,0,0,0,0
Sigal Prishtina,"A. Bailey, D. Polloshka, J. Ismajli, K. Dukes, K. Kramer",GO+Peja,"C. Edwards, M. Mala, O. Williams, S. Llapi, T. Green",1,46,0.8,2.0,0,0,2,0,0,1,0,0,0,0,0,1,1,0,0,0,0,1,2,1,2,50,0,0,0,0,0,0,0,2,2,0,0,0,0,1,2.0,2.0,0,100,-100,100,0,100,-2,0,0,0,0,0,0,0,0,0,0,0,0,0,0,0,0,0,0,0,0,0,0,0,0,0,0,0,0,0,0,0,0
Bashkimi,"I. Nwamu, J. Nzeakor, M. Janjeva, S. Shorter, V. Bunjaku",GO+Peja,"A. Hajdari, C. Edwards, F. Shoshaj, L. Routt, T. Green",1,39,0.7,2.0,4,2,2,100,0,0,0,0,0,0,0,0,0,1,1,0,0,0,0,0,0,0,0,0,0,0,0,0,0,0,0,0,0,0,2,0,2.0,2.0,200,0,200,0,200,-200,4,0,0,0,0,0,0,0,0,0,0,0,0,0,0,0,0,0,0,0,0,0,0,0,0,0,0,0,0,0,0,0,0
Bashkimi,"I. Nwamu, J. Nzeakor, L. Zeqiri, S. Shorter, V. Bunjaku",GO+Peja,"A. Hajdari, L. Routt, M. Mala, O. Williams, T. Green",1,90,1.5,2.0,2,1,2,50,0,1,0,0,0,0,0,0,0,1,1,0,0,1,2,1,2,50,0,1,0,0,0,0,1,1,2,0,0,0,1,0,2.0,1.9,100,103.6,-3.6,103.6,100,3.6,0,0,0,0,0,0,0,0,0,0,0,0,0,0,0,0,0,0,0,0,0,0,0,0,0,0,0,0,0,0,0,0,0
Vëllaznimi,"A. Koshi, J. Hellems, R. Dahsyla, T. Todd, Y. Anei",Sigal Prishtina,"A. Bailey, A. Lomax, A. Morina, A. Sinani, K. Kramer",1,75,1.2,2.0,2,1,2,50,0,1,0,0,0,0,0,1,1,0,0,0,0,0,2,1,2,50,0,0,0,0,0,0,0,1,1,1,0,0,0,0,2.0,2.0,100,100,0,100,100,0,0,0,0,0,0,0,0,0,0,0,0,0,0,0,0,0,0,0,0,0,0,0,0,0,0,0,0,0,0,0,0,0,0
Golden Eagle Ylli,"D. Thomas, E. Kastrati, J. Gray, L. Shoshi, S. Bamforth",Bora,"A. Hot, A. Hunter, J. Zeqiri, S. Jules, T. Cheese",1,66,1.1,2.0,5,2,2,100,1,1,100,0,0,0,0,1,1,1,1,0,0,1,0,0,1,0,0,1,0,0,0,0,0,0,0,0,0,0,1,0,2.0,2.0,250,0,250,0,250,-250,5,0,0,0,0,0,0,0,0,0,0,0,0,0,0,0,0,0,0,0,0,0,0,0,0,0,0,0,0,0,0,0,0
Bora,"A. Hot, A. Hunter, J. Zeqiri, S. Jules, T. Cheese",Bashkimi,"D. Lake, I. Nwamu, K. Anderson, L. Zeqiri, M. Armstead",1,79,1.3,2.0,0,0,1,0,0,1,0,0,0,0,0,1,1,0,0,0,1,0,3,1,2,50,1,2,50,0,0,0,0,1,1,1,0,0,0,0,2.0,2.0,0,150,-150,150,0,150,-3,0,0,0,0,0,0,0,0,0,0,0,0,0,0,0,0,0,0,0,0,0,0,0,0,0,0,0,0,0,0,0,0
Bora,"A. Hot, A. Hunter, J. Zeqiri, L. Thomas, S. Jules",Bashkimi,"D. Lake, I. Nwamu, K. Anderson, L. Zeqiri, M. Armstead",1,57,0.9,2.0,2,1,1,100,0,0,0,0,0,0,0,0,0,1,1,0,1,1,2,1,1,100,0,0,0,0,0,0,0,0,0,0,1,0,1,0,2.0,2.0,100,100,0,100,100,0,0,0,0,0,0,0,0,0,0,0,0,0,0,0,0,0,0,0,0,0,0,0,0,0,0,0,0,0,0,0,0,0,0
Bora,"A. Hot, A. Hunter, L. Thomas, R. Memedi, S. Jules",Bashkimi,"D. Lake, K. Anderson, L. Zeqiri, S. Shorter, V. Bunjaku",1,83,1.4,2.0,3,1,2,50,1,2,50,0,0,0,0,1,1,1,0,0,0,1,2,1,2,50,0,1,0,0,0,0,0,1,1,0,0,0,0,0,2.0,2.0,150,100,50,100,150,-50,1,0,0,0,0,0,0,0,0,0,0,0,0,0,0,0,0,0,0,0,0,0,0,0,0,0,0,0,0,0,0,0,0
Rahoveci 029,"A. Thomas, B. Rexha, F. Rugova, K. Pullian, N. Mcleod",Golden Eagle Ylli,"A. Scott, D. Thomas, E. Kastrati, S. Bamforth, T. Smith",1,63,1.1,2.0,0,0,2,0,0,2,0,0,0,0,0,0,0,0,0,0,0,0,5,2,3,66.7,1,2,50,0,0,0,1,2,3,0,0,0,0,0,2.0,1.9,0,259.1,-259.1,259.1,0,259.1,-5,0,0,0,0,0,0,0,0,0,0,0,0,0,0,0,0,0,0,0,0,0,0,0,0,0,0,0,0,0,0,0,0
Sigal Prishtina,"A. Bailey, A. Lomax, A. Sinani, E. Clarence, V. Kakruki",Trepça,"B. Tuna, D. Kapiti, J. Payne, K. Hasbrouck, M. Amzil",1,73,1.2,2.0,2,1,2,50,0,1,0,0,0,0,0,1,1,0,0,0,0,0,2,1,2,50,0,1,0,0,0,0,0,1,1,0,0,0,0,1,2.0,2.0,100,100,0,100,100,0,0,0,0,0,0,0,0,0,0,0,0,0,0,0,0,0,0,0,0,0,0,0,0,0,0,0,0,0,0,0,0,0,0
Sigal Prishtina,"A. Bailey, A. Lomax, A. Morina, A. Sinani, V. Kakruki",Trepça,"A. Vining, D. Hajrizi, J. Payne, K. Hasbrouck, S. Jones",1,44,0.7,2.0,0,0,0,0,0,0,0,0,0,0,0,1,1,0,0,0,2,1,2,1,2,50,0,0,0,0,0,0,0,0,0,1,1,0,0,1,2.0,2.0,0,100,-100,100,0,100,-2,0,0,0,0,0,0,0,0,0,0,0,0,0,0,0,0,0,0,0,0,0,0,0,0,0,0,0,0,0,0,0,0
GO+Peja,"F. Shoshaj, L. Routt, M. Mala, S. Llapi, T. Green",Vëllaznimi,"A. Gordon, A. Koshi, J. Hellems, R. Dahsyla, Z. Reid",1,50,0.8,2.0,0,0,2,0,0,1,0,0,0,0,0,1,1,0,0,0,0,0,0,0,2,0,0,1,0,0,0,0,0,2,2,0,0,0,0,1,2.0,2.0,0,0,0,0,0,0,0,0,0,0,0,0,0,0,0,0,0,0,0,0,0,0,0,0,0,0,0,0,0,0,0,0,0,0,0,0,0,0,0
Bashkimi,"D. Lake, I. Nwamu, L. Zeqiri, S. Shorter, V. Bunjaku",Vëllaznimi,"A. Gordon, A. Koshi, D. Wilson, J. Hellems, S. Zekiqi",1,25,0.4,2.0,2,1,2,50,0,0,0,0,0,0,0,2,2,1,0,1,0,0,0,0,2,0,0,1,0,0,0,0,0,1,1,0,0,0,0,0,2.0,2.0,100,0,100,0,100,-100,2,0,0,0,0,0,0,0,0,0,0,0,0,0,0,0,0,0,0,0,0,0,0,0,0,0,0,0,0,0,0,0,0
GO+Peja,"A. Hajdari, C. Edwards, C. Williams, F. Shoshaj, L. Routt",Trepça,"J. Payne, K. Hasbrouck, M. Amzil, M. Tmusic, S. Jones",1,65,1.1,2.0,2,1,1,100,0,0,0,0,0,0,0,0,0,0,0,0,1,1,6,2,2,100,2,2,100,0,0,0,0,0,0,1,0,0,0,1,2.0,2.0,100,300,-200,300,100,200,-4,0,0,0,0,0,0,0,0,0,0,0,0,0,0,0,0,0,0,0,0,0,0,0,0,0,0,0,0,0,0,0,0
GO+Peja,"A. Hajdari, C. Edwards, C. Williams, L. Routt, M. Mala",Trepça,"B. Tuna, D. Hajrizi, J. Payne, K. Hasbrouck, S. Jones",1,78,1.3,2.0,0,0,2,0,0,1,0,0,0,0,0,1,1,0,0,0,0,0,2,1,2,50,0,1,0,0,0,0,0,2,2,1,0,0,0,0,2.0,2.0,0,100,-100,100,0,100,-2,0,0,0,0,0,0,0,0,0,0,0,0,0,0,0,0,0,0,0,0,0,0,0,0,0,0,0,0,0,0,0,0
GO+Peja,"A. Hajdari, C. Edwards, C. Williams, D. Davis, M. Mala",Trepça,"B. Tuna, D. Hajrizi, J. Payne, K. Hasbrouck, S. Jones",1,31,0.5,2.0,0,0,0,0,0,0,0,0,0,0,0,0,0,0,1,0,2,0,2,1,1,100,0,0,0,0,0,0,0,0,0,1,1,0,1,0,2.0,2.0,0,100,-100,100,0,100,-2,0,0,0,0,0,0,0,0,0,0,0,0,0,0,0,0,0,0,0,0,0,0,0,0,0,0,0,0,0,0,0,0
GO+Peja,"A. Hajdari, C. Williams, D. Bracey, D. Davis, M. Mala",Trepça,"A. Vining, B. Tuna, K. Hasbrouck, M. Amzil, S. Jones",1,37,0.6,2.0,2,1,2,50,0,1,0,0,0,0,0,1,1,0,0,0,0,0,0,0,1,0,0,1,0,0,0,0,0,1,1,0,0,0,1,1,2.0,2.0,100,0,100,0,100,-100,2,0,0,0,0,0,0,0,0,0,0,0,0,0,0,0,0,0,0,0,0,0,0,0,0,0,0,0,0,0,0,0,0
GO+Peja,"A. Hajdari, C. Williams, D. Bracey, D. Davis, M. Mala",Trepça,"J. Payne, K. Hasbrouck, M. Amzil, M. Tmusic, S. Jones",1,54,0.9,2.0,0,0,2,0,0,0,0,0,0,0,1,0,1,0,0,0,1,0,5,2,2,100,1,1,100,0,0,0,0,1,1,1,1,0,0,0,1.9,2.0,0,250,-250,250,0,250,-5,0,0,0,0,0,0,0,0,0,0,0,0,0,0,0,0,0,0,0,0,0,0,0,0,0,0,0,0,0,0,0,0
Sigal Prishtina,"A. Bailey, A. Morina, D. Burns, E. Clarance, V. Kakruki",Golden Eagle Ylli,"D. Sabeckis, D. Thomas, E. Kastrati, L. Shoshi, S. Bamforth",1,47,0.8,2.0,2,1,2,50,0,0,0,0,0,0,0,0,0,0,1,0,0,0,3,1,1,100,1,1,100,0,0,0,0,0,0,1,0,0,1,0,2.0,2.0,100,150,-50,150,100,50,-1,0,0,0,0,0,0,0,0,0,0,0,0,0,0,0,0,0,0,0,0,0,0,0,0,0,0,0,0,0,0,0,0
Rahoveci 029,"A. Thomas, F. Rugova, H. Durguti, J. Mccorrmick, R. Granberry",Bora,"A. Hot, A. Hunter, R. Memedi, R. Ukaj, S. Jules",1,89,1.5,2.0,2,1,2,50,0,0,0,0,0,0,0,1,1,1,1,0,0,2,0,0,2,0,0,2,0,0,0,0,1,1,2,0,0,0,1,0,2.0,1.9,100,0,100,0,100,-100,2,0,0,0,0,0,0,0,0,0,0,0,0,0,0,0,0,0,0,0,0,0,0,0,0,0,0,0,0,0,0,0,0
Rahoveci 029,"A. Thomas, H. Durguti, J. Mccorrmick, K. Pullian, K. Ujkani",Bashkimi,"J. Riley, K. Anderson, K. Wooten, L. Zeqiri, V. Bunjaku",1,53,0.9,2.0,3,1,2,50,1,1,100,0,0,0,0,1,1,1,0,0,0,1,2,1,2,50,0,1,0,0,0,0,0,1,1,1,0,0,0,0,2.0,2.0,150,100,50,100,150,-50,1,0,0,0,0,0,0,0,0,0,0,0,0,0,0,0,0,0,0,0,0,0,0,0,0,0,0,0,0,0,0,0,0
Bora,"A. Hot, J. Dingle, R. Memedi, S. Jules, T. Cheese",Sigal Prishtina,"A. Bailey, A. Morina, D. Burns, E. Clarance, V. Kakruki",1,91,1.5,2.0,6,2,2,100,2,2,100,0,0,0,0,2,2,2,0,0,0,1,0,0,2,0,0,2,0,0,0,0,0,0,0,0,0,0,0,1,2.0,2.0,300,0,300,0,300,-300,6,0,0,0,0,0,0,0,0,0,0,0,0,0,0,0,0,0,0,0,0,0,0,0,0,0,0,0,0,0,0,0,0
Golden Eagle Ylli,"D. Conger, D. Sabeckis, G. Morina, J. Gray, L. Shoshi",GO+Peja,"A. Hajdari, D. Bracey, D. Davis, F. Shoshaj, L. Routt",1,79,1.3,2.0,2,1,2,50,0,1,0,0,0,0,0,1,1,0,1,0,0,0,0,0,1,0,0,1,0,0,0,0,0,1,1,0,0,0,1,1,2.0,2.0,100,0,100,0,100,-100,2,0,0,0,0,0,0,0,0,0,0,0,0,0,0,0,0,0,0,0,0,0,0,0,0,0,0,0,0,0,0,0,0
Golden Eagle Ylli,"D. Conger, G. Morina, J. Gray, S. Bamforth, T. Smith",GO+Peja,"A. Hajdari, C. Edwards, D. Bracey, D. Davis, M. Mala",1,82,1.4,2.0,0,0,2,0,0,1,0,0,0,0,0,2,2,0,0,1,0,1,0,0,3,0,0,1,0,0,0,0,1,2,3,0,0,0,0,0,2.0,1.9,0,0,0,0,0,0,0,0,0,0,0,0,0,0,0,0,0,0,0,0,0,0,0,0,0,0,0,0,0,0,0,0,0,0,0,0,0,0,0
Trepça,"D. Kapiti, J. Payne, M. Amzil, M. Tmusic, S. Henry",Vëllaznimi,"D. Wilson, J. Hellems, R. Dahsyla, S. Zekiqi, Y. Anei",1,74,1.2,2.0,2,1,1,100,0,0,0,0,0,0,0,0,0,0,1,0,1,1,0,0,0,0,0,0,0,0,0,0,0,0,0,0,1,0,2,0,2.0,2.0,100,0,100,0,100,-100,2,0,0,0,0,0,0,0,0,0,0,0,0,0,0,0,0,0,0,0,0,0,0,0,0,0,0,0,0,0,0,0,0
Trepça,"A. Vining, M. Amzil, M. Tmusic, S. Henry, S. Jones",Vëllaznimi,"A. Rushiti, D. Wilson, S. Zekiqi, T. Todd, Y. Anei",1,59,1.0,2.0,2,1,1,100,0,0,0,0,0,0,0,0,0,1,1,0,1,0,2,1,1,100,0,0,0,0,0,0,0,0,0,0,1,0,1,1,2.0,2.0,100,100,0,100,100,0,0,0,0,0,0,0,0,0,0,0,0,0,0,0,0,0,0,0,0,0,0,0,0,0,0,0,0,0,0,0,0,0,0
Bashkimi,"J. Riley, K. Wooten, M. Armstead, M. Janjeva, S. Shorter",Trepça,"B. Tuna, J. Payne, K. Hasbrouck, M. Amzil, M. Tmusic",1,72,1.2,2.0,0,0,2,0,0,0,0,0,0,0,0,1,1,0,0,0,0,0,2,1,3,33.3,0,1,0,0,0,0,1,2,3,1,0,0,0,0,2.0,1.9,0,103.6,-103.6,103.6,0,103.6,-2,0,0,0,0,0,0,0,0,0,0,0,0,0,0,0,0,0,0,0,0,0,0,0,0,0,0,0,0,0,0,0,0
Bashkimi,"D. Lake, I. Nwamu, M. Armstead, S. Shorter, V. Gjecaj",Trepça,"B. Tuna, J. Payne, M. Amzil, M. Tmusic, S. Henry",1,112,1.9,2.0,2,1,2,50,0,1,0,0,0,0,0,0,0,0,0,0,0,0,5,2,3,66.7,1,2,50,0,0,0,1,1,2,1,0,0,0,1,2.0,1.9,100,259.1,-159.1,259.1,100,159.1,-3,0,0,0,0,0,0,0,0,0,0,0,0,0,0,0,0,0,0,0,0,0,0,0,0,0,0,0,0,0,0,0,0
Bashkimi,"D. Lake, I. Nwamu, J. Riley, M. Armstead, V. Bunjaku",Trepça,"D. Hajrizi, D. Kapiti, J. Payne, K. Hasbrouck, S. Henry",1,46,0.8,2.0,0,0,2,0,0,1,0,0,0,0,0,1,1,0,0,0,0,0,2,1,2,50,0,1,0,0,0,0,0,2,2,1,0,1,0,0,2.0,2.0,0,100,-100,100,0,100,-2,0,0,0,0,0,0,0,0,0,0,0,0,0,0,0,0,0,0,0,0,0,0,0,0,0,0,0,0,0,0,0,0
Bashkimi,"D. Lake, I. Nwamu, M. Armstead, S. Shorter, V. Bunjaku",Trepça,"D. Hajrizi, J. Payne, M. Amzil, M. Tmusic, S. Henry",1,63,1.1,2.0,2,1,1,100,0,0,0,0,0,0,0,2,2,0,0,0,1,0,0,0,3,0,0,2,0,0,0,0,1,0,1,0,0,0,0,0,2.0,1.9,100,0,100,0,100,-100,2,0,0,0,0,0,0,0,0,0,0,0,0,0,0,0,0,0,0,0,0,0,0,0,0,0,0,0,0,0,0,0,0
Vëllaznimi,"R. Dahsyla, S. Zekiqi, T. Todd, Y. Anei, Z. Reid",Golden Eagle Ylli,"D. Sabeckis, G. Morina, J. Gray, L. Shoshi, S. Bamforth",1,63,1.1,2.0,2,1,2,50,0,1,0,0,0,0,0,2,2,0,0,0,0,0,0,0,3,0,0,0,0,0,0,0,1,1,2,0,0,0,0,0,2.0,1.9,100,0,100,0,100,-100,2,0,0,0,0,0,0,0,0,0,0,0,0,0,0,0,0,0,0,0,0,0,0,0,0,0,0,0,0,0,0,0,0
GO+Peja,"A. Hajdari, C. Edwards, D. Bracey, D. Davis, F. Shoshaj",Bora,"A. Hot, A. Hunter, C. Bragg Jr, R. Memedi, S. Jules",1,73,1.2,2.0,5,2,3,66.7,1,1,100,0,0,0,1,1,2,2,1,0,0,0,0,0,1,0,0,1,0,0,0,0,0,0,0,0,0,0,1,0,1.9,2.0,259.1,0,259.1,0,259.1,-259.1,5,0,0,0,0,0,0,0,0,0,0,0,0,0,0,0,0,0,0,0,0,0,0,0,0,0,0,0,0,0,0,0,0
GO+Peja,"A. Hajdari, C. Edwards, C. Williams, D. Bracey, M. Mala",Bora,"A. Hot, A. Hunter, C. Bragg Jr, R. Ukaj, T. Cheese",1,51,0.8,2.0,1,0,2,0,0,2,0,1,2,50,1,0,1,0,0,0,0,2,3,0,0,0,0,0,0,3,4,75,0,2,2,0,0,0,0,1,2.2,1.8,46.2,170.5,-124.3,170.5,46.2,124.3,-2,0,0,0,0,0,0,0,0,0,0,0,0,0,0,0,0,0,0,0,0,0,0,0,0,0,0,0,0,0,0,0,0
GO+Peja,"A. Hajdari, C. Edwards, C. Williams, D. Bracey, M. Mala",Bora,"A. Hot, A. Hunter, R. Ukaj, S. Jules, T. Cheese",1,82,1.4,2.0,6,2,2,100,2,2,100,0,0,0,0,0,0,1,0,0,0,0,0,0,1,0,0,1,0,0,0,0,0,0,0,0,0,0,1,0,2.0,2.0,300,0,300,0,300,-300,6,0,0,0,0,0,0,0,0,0,0,0,0,0,0,0,0,0,0,0,0,0,0,0,0,0,0,0,0,0,0,0,0
Sigal Prishtina,"A. Bailey, A. Morina, D. Burns, D. Haxhosaj, E. Clarance",Rahoveci 029,"A. Thomas, F. Rugova, J. Mccorrmick, K. Pullian, V. Ejupi",1,56,0.9,2.0,2,1,2,50,0,0,0,0,0,0,0,1,1,1,0,0,0,1,3,1,2,50,1,1,100,0,0,0,0,1,1,1,0,0,0,1,2.0,2.0,100,150,-50,150,100,50,-1,0,0,0,0,0,0,0,0,0,0,0,0,0,0,0,0,0,0,0,0,0,0,0,0,0,0,0,0,0,0,0,0
Sigal Prishtina,"A. Bailey, A. Lomax, A. Morina, D. Haxhosaj, E. Clarance",Rahoveci 029,"A. Thomas, F. Rugova, J. Mccorrmick, K. Pullian, V. Ejupi",1,92,1.5,2.0,2,1,2,50,0,0,0,0,0,0,0,2,2,0,0,0,0,0,0,0,3,0,0,3,0,0,0,0,1,1,2,0,0,0,0,1,2.0,1.9,100,0,100,0,100,-100,2,0,0,0,0,0,0,0,0,0,0,0,0,0,0,0,0,0,0,0,0,0,0,0,0,0,0,0,0,0,0,0,0
Sigal Prishtina,"A. Bailey, A. Lomax, A. Morina, D. Haxhosaj, E. Clarance",Rahoveci 029,"A. Thomas, B. Rexha, F. Rugova, J. Mccorrmick, K. Pullian",1,66,1.1,2.0,4,2,3,66.7,0,0,0,0,0,0,1,1,2,1,0,0,0,1,2,1,2,50,0,0,0,0,0,0,0,0,0,0,0,0,0,1,1.9,2.0,207.3,100,107.3,100,207.3,-107.3,2,0,0,0,0,0,0,0,0,0,0,0,0,0,0,0,0,0,0,0,0,0,0,0,0,0,0,0,0,0,0,0,0
Sigal Prishtina,"A. Bailey, A. Lomax, A. Morina, D. Burns, V. Kakruki",Rahoveci 029,"A. Thomas, B. Rexha, J. Mccorrmick, N. Mcloud, V. Ejupi",1,53,0.9,2.0,2,1,3,33.3,0,1,0,0,0,0,1,0,1,0,1,0,0,0,0,0,0,0,0,0,0,0,0,0,0,1,1,0,0,0,2,1,1.9,2.0,103.6,0,103.6,0,103.6,-103.6,2,0,0,0,0,0,0,0,0,0,0,0,0,0,0,0,0,0,0,0,0,0,0,0,0,0,0,0,0,0,0,0,0
Sigal Prishtina,"A. Bailey, A. Morina, D. Burns, E. Clarance, V. Kakruki",Rahoveci 029,"A. Thomas, B. Rexha, F. Rugova, J. Mccorrmick, K. Pullian",1,59,1.0,2.0,0,0,0,0,0,0,0,0,0,0,0,1,1,0,0,1,2,1,0,0,2,0,0,0,0,0,0,0,1,0,1,0,0,0,1,1,2.0,1.9,0,0,0,0,0,0,0,0,0,0,0,0,0,0,0,0,0,0,0,0,0,0,0,0,0,0,0,0,0,0,0,0,0,0,0,0,0,0,0
Trepça,"A. Arslanagic, B. Tuna, C. Brown, M. Tmusic, S. Jones",GO+ Peja,"A. Herndon, D. Berisha, J. Johnson, M. Mala, T. Green",1,80,1.3,1.9,3,1,4,25,1,2,50,0,0,0,2,2,4,1,0,0,0,1,0,0,2,0,0,0,0,0,0,0,0,1,1,0,0,0,0,0,1.9,2.0,161.3,0,161.3,0,161.3,-161.3,3,0,0,0,0,0,0,0,0,0,0,0,0,0,0,0,0,0,0,0,0,0,0,0,0,0,0,0,0,0,0,0,0
Trepça,"C. Russell, D. Kapiti, J. Payne, M. Tmusic, S. Jones",GO+ Peja,"A. Herndon, C. Edwards, J. Johnson, M. Armstread, M. Mala",1,96,1.6,1.9,5,2,4,50,1,3,33.3,0,1,0,3,1,4,0,0,0,0,1,0,0,2,0,0,1,0,0,0,0,1,1,2,0,0,0,0,3,2.8,0.9,176.4,0,176.4,0,176.4,-176.4,5,0,0,0,0,0,0,0,0,0,0,0,0,0,0,0,0,0,0,0,0,0,0,0,0,0,0,0,0,0,0,0,0
Trepça,"C. Brown, C. Russell, J. Payne, M. Tmusic, S. Jones",GO+ Peja,"A. Herndon, D. Berisha, J. Johnson, M. Armstread, T. Green",1,56,0.9,1.9,5,1,1,100,1,1,100,2,2,100,0,0,0,0,0,0,0,0,6,2,2,100,2,2,100,0,0,0,0,0,0,1,0,0,0,1,1.9,2.0,266,300,-34,300,266,34,-1,0,0,0,0,0,0,0,0,0,0,0,0,0,0,0,0,0,0,0,0,0,0,0,0,0,0,0,0,0,0,0,0
Golden Eagle Ylli,"A. Qallaku, B. Huffman, E. Kastrati, J. Reece, L. Basic",Sigal Prishtina,"A. Bailey, D. Burns, D. Polloshka, L. Autrey, V. Kakruki",1,68,1.1,1.9,0,0,0,0,0,0,0,0,2,0,0,0,0,0,0,0,1,0,4,2,3,66.7,0,1,0,0,0,0,1,1,2,2,1,0,0,2,1.9,1.9,0,207.3,-207.3,207.3,0,207.3,-4,0,0,0,0,0,0,0,0,0,0,0,0,0,0,0,0,0,0,0,0,0,0,0,0,0,0,0,0,0,0,0,0
Golden Eagle Ylli,"A. Qallaku, E. Kastrati, J. Reece, L. Thomas, T. Allen",Sigal Prishtina,"A. Azemi, A. Bailey, D. Polloshka, L. Autrey, V. Kakruki",1,69,1.1,1.9,2,0,2,0,0,0,0,2,2,100,1,1,2,0,0,0,0,1,2,1,2,50,0,0,0,0,0,0,0,1,1,1,0,1,0,1,1.8,2.0,110.5,100,10.5,100,110.5,-10.5,0,0,0,0,0,0,0,0,0,0,0,0,0,0,0,0,0,0,0,0,0,0,0,0,0,0,0,0,0,0,0,0,0
Bashkimi,"D. Lake, I. Cousins, J. Palokaj, L. Zeqiri, V. Bunjaku",Rahoveci 029,"B. Rexha, E. Peci, I. Umipig, K. Ujkani, P. Weekes",1,75,1.2,1.9,4,1,1,100,0,0,0,2,2,100,0,0,0,0,0,1,0,0,3,1,2,50,1,1,100,0,0,0,1,0,1,1,0,0,1,2,1.9,1.9,212.8,155.4,57.3,155.4,212.8,-57.3,1,0,0,0,0,0,0,0,0,0,0,0,0,0,0,0,0,0,0,0,0,0,0,0,0,0,0,0,0,0,0,0,0
GO+Peja,"A. Hajdari, C. Edwards, M. Armstead, S. Flatten, T. Green",Golden Eagle Ylli,"A. Çallakaj, G. Morina, J. Reece, L. Basic, T. Allen",1,45,0.8,1.9,0,0,2,0,0,2,0,0,0,0,0,0,0,0,1,0,0,1,2,0,0,0,0,0,0,2,2,100,0,2,2,1,0,0,1,0,2.0,1.9,0,106.4,-106.4,106.4,0,106.4,-2,0,0,0,0,0,0,0,0,0,0,0,0,0,0,0,0,0,0,0,0,0,0,0,0,0,0,0,0,0,0,0,0
GO+Peja,"A. Hajdari, A. Herndon, J. Johnson, M. Armstead, S. Flatten",Golden Eagle Ylli,"A. Çallakaj, G. Morina, J. Reece, L. Thomas, T. Allen",1,44,0.7,1.9,0,0,3,0,0,2,0,0,0,0,2,1,3,0,0,0,1,0,2,0,1,0,0,0,0,2,2,100,0,1,1,1,0,1,0,0,1.9,1.9,0,106.4,-106.4,106.4,0,106.4,-2,0,0,0,0,0,0,0,0,0,0,0,0,0,0,0,0,0,0,0,0,0,0,0,0,0,0,0,0,0,0,0,0
GO+Peja,"C. Edwards, D. Berisha, J. Johnson, M. Mala, T. Green",Golden Eagle Ylli,"A. Çallakaj, B. Huffman, G. Morina, L. Thomas, T. Allen",1,80,1.3,1.9,2,0,2,0,0,1,0,2,2,100,1,0,1,0,0,0,0,0,5,2,2,100,1,1,100,0,0,0,0,1,1,1,0,0,0,1,1.8,2.0,110.5,250,-139.5,250,110.5,139.5,-3,0,0,0,0,0,0,0,0,0,0,0,0,0,0,0,0,0,0,0,0,0,0,0,0,0,0,0,0,0,0,0,0
Golden Eagle Ylli,"A. Çallakaj, G. Morina, L. Basic, L. Shoshi, T. Allen",Vëllaznimi,"A. Koshi, D. Dedushaj, J. Ismajli, L. Colimerio, Z. Reid",1,52,0.9,1.9,1,0,1,0,0,1,0,1,4,25,0,0,0,1,1,0,0,0,0,0,0,0,0,0,0,0,0,0,0,2,2,0,0,0,1,1,2.8,1.0,36.2,0,36.2,0,36.2,-36.2,1,0,0,0,0,0,0,0,0,0,0,0,0,0,0,0,0,0,0,0,0,0,0,0,0,0,0,0,0,0,0,0,0
Golden Eagle Ylli,"A. Gashi, A. Çallakaj, B. Huffman, L. Thomas, T. Allen",Vëllaznimi,"A. Koshi, J. Ismajli, M. Warrick, Y. Anei, Z. Reid",1,85,1.4,1.9,2,0,3,0,0,2,0,2,2,100,2,1,3,0,0,0,0,1,2,1,2,50,0,0,0,0,0,0,0,1,1,0,0,0,0,4,1.7,2.0,114.9,100,14.9,100,114.9,-14.9,0,0,0,0,0,0,0,0,0,0,0,0,0,0,0,0,0,0,0,0,0,0,0,0,0,0,0,0,0,0,0,0,0
Bora,"A. Mekic, G. Singleton, R. Memed, R. Ukaj, T. Jackson",GO+Peja,"A. Herndon, D. Berisha, J. Johnson, M. Armstead, T. Green",1,84,1.4,1.9,4,2,3,66.7,0,0,0,0,0,0,1,1,2,1,0,0,0,2,2,0,2,0,0,1,0,2,2,100,1,0,1,0,0,0,0,0,1.9,1.8,207.3,110.5,96.8,110.5,207.3,-96.8,2,0,0,0,0,0,0,0,0,0,0,0,0,0,0,0,0,0,0,0,0,0,0,0,0,0,0,0,0,0,0,0,0
Rahoveci 029,"A. Berisha, F. Rugova, I. Umipig, J. Jones, P. Weekes",Sigal Prishtina,"D. Burns, D. Lekndreaj, K. Kramer, L. Autrey, M. Janjeva",1,114,1.9,1.9,5,2,4,50,1,1,100,0,0,0,2,0,2,1,0,0,0,0,4,2,3,66.7,0,1,0,0,0,0,1,0,1,0,0,2,0,1,1.9,1.9,268.8,207.3,61.6,207.3,268.8,-61.6,1,0,0,0,0,0,0,0,0,0,0,0,0,0,0,0,0,0,0,0,0,0,0,0,0,0,0,0,0,0,0,0,0
Bashkimi,"D. Lake, I. Cousins, J. Baily, J. Palokaj, V. Bunjaku",Sigal Prishtina,"A. Azemi, A. Bailey, D. Burns, L. Autrey, V. Kakruki",1,68,1.1,1.9,1,0,1,0,0,1,0,1,2,50,0,0,0,1,0,0,0,0,5,2,2,100,1,1,100,0,0,0,0,1,1,1,0,0,0,1,1.9,2.0,53.2,250,-196.8,250,53.2,196.8,-4,0,0,0,0,0,0,0,0,0,0,0,0,0,0,0,0,0,0,0,0,0,0,0,0,0,0,0,0,0,0,0,0
Bashkimi,"I. Cousins, J. Baily, L. Zeqiri, T. Bickerstaff, V. Bunjaku",Sigal Prishtina,"A. Azemi, A. Bailey, D. Burns, D. Lekndreaj, D. Polloshka",1,46,0.8,1.9,4,2,2,100,0,0,0,0,0,0,0,1,1,1,0,0,0,0,2,1,1,100,0,0,0,0,2,0,0,0,0,1,0,0,0,1,2.0,1.9,200,106.4,93.6,106.4,200,-93.6,2,0,0,0,0,0,0,0,0,0,0,0,0,0,0,0,0,0,0,0,0,0,0,0,0,0,0,0,0,0,0,0,0
GO+Peja,"A. Herndon, C. Edwards, D. Berisha, J. Johnson, M. Mala",Rahoveci 029,"F. Rugova, I. Umipig, J. Roche, K. Pullian, V. Ejupi",1,31,0.5,1.9,0,0,3,0,0,1,0,0,0,0,2,1,3,0,1,0,1,0,1,0,0,0,0,0,0,1,2,50,0,1,1,0,0,0,1,0,1.9,1.9,0,53.2,-53.2,53.2,0,53.2,-1,0,0,0,0,0,0,0,0,0,0,0,0,0,0,0,0,0,0,0,0,0,0,0,0,0,0,0,0,0,0,0,0
Vëllaznimi,"J. Ismajli, L. Colimerio, M. Warrick, R. Dahsyla, Y. Anei",Bora,"D. Taylor, G. Singleton, J. Zeqiri, O. Kurtaj, T. Jackson",1,51,0.8,1.9,2,1,2,50,0,0,0,0,0,0,0,1,1,1,0,0,0,0,1,0,1,0,0,1,0,1,2,50,0,1,1,0,0,1,0,0,2.0,1.9,100,53.2,46.8,53.2,100,-46.8,1,0,0,0,0,0,0,0,0,0,0,0,0,0,0,0,0,0,0,0,0,0,0,0,0,0,0,0,0,0,0,0,0
Trepça,"A. Arslanagic, D. Hajrizi, J. Payne, M. Amzil, S. Jones",Golden Eagle Ylli,"A. Çallakaj, J. Reece, L. Shoshi, L. Thomas, T. Allen",1,63,1.1,1.9,2,0,1,0,0,0,0,2,2,100,0,1,1,0,0,0,0,1,2,1,2,50,0,1,0,0,0,0,0,1,1,0,0,0,0,1,1.9,2.0,106.4,100,6.4,100,106.4,-6.4,0,0,0,0,0,0,0,0,0,0,0,0,0,0,0,0,0,0,0,0,0,0,0,0,0,0,0,0,0,0,0,0,0
Golden Eagle Ylli,"A. Çallakaj, J. Reece, L. Basic, L. Shoshi, T. Allen",Bashkimi,"J. Bailey, J. Palokaj, K. Anderson, T. Bickerstaff, V. Bunjaku",1,86,1.4,1.9,1,0,1,0,0,0,0,1,2,50,0,0,0,0,0,0,0,0,4,2,2,100,0,0,0,0,0,0,0,2,2,0,0,0,0,0,1.9,2.0,53.2,200,-146.8,200,53.2,146.8,-3,0,0,0,0,0,0,0,0,0,0,0,0,0,0,0,0,0,0,0,0,0,0,0,0,0,0,0,0,0,0,0,0
Sigal Prishtina,"A. Azemi, D. Burns, D. Haxhosaj, L. Autrey, V. Kakruki",GO+Peja,"A. Hajdari, C. Edwards, J. Johnson, M. Mala, T. Green",1,44,0.7,1.9,0,0,1,0,0,0,0,0,0,0,1,0,1,0,0,0,2,2,4,1,1,100,0,0,0,2,2,100,0,0,0,0,0,0,0,0,1.9,1.9,0,212.8,-212.8,212.8,0,212.8,-4,0,0,0,0,0,0,0,0,0,0,0,0,0,0,0,0,0,0,0,0,0,0,0,0,0,0,0,0,0,0,0,0
Bashkimi,"A. Morina, D. Lake, I. Cousins, K. Anderson, L. Zeqiri",GO+Peja,"A. Herndon, D. Berisha, J. Johnson, M. Armstead, T. Green",1,55,0.9,1.9,0,0,2,0,0,1,0,0,0,0,0,1,1,0,1,0,0,2,0,0,0,0,0,0,0,0,2,0,0,2,2,0,0,0,1,0,2.0,1.9,0,0,0,0,0,0,0,0,0,0,0,0,0,0,0,0,0,0,0,0,0,0,0,0,0,0,0,0,0,0,0,0,0,0,0,0,0,0,0
Trepça,"A. Arslanagic, C. Brown, D. Hajrizi, J. Payne, M. Tmusic",Rahoveci 029,"E. Peci, F. Rugova, I. Umipig, J. Roche, K. Pullian",1,91,1.5,1.9,5,2,2,100,1,1,100,0,0,0,0,1,1,1,0,1,0,0,3,1,4,25,1,3,33.3,0,0,0,2,0,2,1,0,0,0,1,2.0,1.9,250,161.3,88.7,161.3,250,-88.7,2,0,0,0,0,0,0,0,0,0,0,0,0,0,0,0,0,0,0,0,0,0,0,0,0,0,0,0,0,0,0,0,0
Trepça,"A. Arslanagic, D. Kapiti, J. Payne, M. Tmusic, V. Haliti",Rahoveci 029,"H. Durguti, I. Umipig, K. Pullian, K. Ujkani, P. Weekes",1,85,1.4,1.9,0,0,3,0,0,1,0,0,0,0,1,0,1,0,1,0,0,0,3,1,2,50,1,2,50,0,0,0,1,2,3,1,0,0,1,0,1.9,1.9,0,155.4,-155.4,155.4,0,155.4,-3,0,0,0,0,0,0,0,0,0,0,0,0,0,0,0,0,0,0,0,0,0,0,0,0,0,0,0,0,0,0,0,0
Golden Eagle Ylli,"A. Çallakaj, B. Huffman, G. Morina, L. Thomas, T. Allen",Bora,"A. Hot, A. Mekic, G. Singleton, O. Kurtaj, S. Jules",1,75,1.2,1.9,4,2,2,100,0,0,0,0,0,0,0,1,1,2,0,1,0,1,2,0,3,0,0,1,0,2,2,100,2,0,2,0,0,0,0,0,2.0,1.7,200,114.9,85.1,114.9,200,-85.1,2,0,0,0,0,0,0,0,0,0,0,0,0,0,0,0,0,0,0,0,0,0,0,0,0,0,0,0,0,0,0,0,0
Golden Eagle Ylli,"A. Çallakaj, B. Huffman, E. Kastrati, T. Allen, T. Allen",Bora,"A. Hot, G. Singleton, J. Zeqiri, S. Jules, T. Cheese",1,66,1.1,1.9,3,1,1,100,0,0,0,1,1,100,0,0,0,1,0,0,0,1,5,2,2,100,0,0,0,1,1,100,0,0,0,0,0,0,0,1,1.4,2.4,208.3,204.9,3.4,204.9,208.3,-3.4,-2,0,0,0,0,0,0,0,0,0,0,0,0,0,0,0,0,0,0,0,0,0,0,0,0,0,0,0,0,0,0,0,0
Golden Eagle Ylli,"A. Çallakaj, E. Kastrati, J. Reece, T. Allen, T. Allen",Bora,"A. Hot, A. Mekic, J. Zeqiri, S. Jules, T. Cheese",1,70,1.2,1.9,2,1,3,33.3,0,0,0,0,0,0,1,0,1,0,1,0,0,1,0,0,1,0,0,0,0,0,0,0,1,1,2,0,0,0,2,0,1.9,1.9,103.6,0,103.6,0,103.6,-103.6,2,0,0,0,0,0,0,0,0,0,0,0,0,0,0,0,0,0,0,0,0,0,0,0,0,0,0,0,0,0,0,0,0
Bora,"A. Hot, A. Mekic, O. Kurtaj, S. Jules, T. Chese",Bashkimi,"D. Lake, I. Cousins, J. Palokaj, L. Zeqiri, V. Bunjaku",1,57,0.9,1.9,2,1,2,50,0,0,0,0,0,0,1,0,1,0,0,0,1,1,3,1,1,100,0,0,0,1,2,50,0,0,0,1,1,0,0,0,1.9,1.9,103.6,159.6,-55.9,159.6,103.6,55.9,-1,0,0,0,0,0,0,0,0,0,0,0,0,0,0,0,0,0,0,0,0,0,0,0,0,0,0,0,0,0,0,0,0
Bora,"A. Hot, A. Mekic, G. Zeqiri, J. Zeqiri, T. Chese",Bashkimi,"J. Baily, J. Palokaj, M. Janjeva, T. Bickerstaff, V. Bunjaku",1,45,0.8,1.9,2,0,1,0,0,1,0,2,2,100,0,1,1,0,0,0,0,0,2,1,2,50,0,1,0,0,0,0,0,1,1,1,0,0,0,1,1.9,2.0,106.4,100,6.4,100,106.4,-6.4,0,0,0,0,0,0,0,0,0,0,0,0,0,0,0,0,0,0,0,0,0,0,0,0,0,0,0,0,0,0,0,0,0
Sigal Prishtina,"A. Azemi, A. Bailey, D. Burns, D. Polloshka, K. Kramer",Trepça,"C. Brown, D. Hajrizi, J. Payne, M. Amzil, M. Tmusic",1,60,1.0,1.9,1,0,1,0,0,0,0,1,2,50,0,0,0,1,1,0,0,1,2,1,1,100,0,0,0,0,0,0,0,2,2,0,0,0,1,1,1.9,2.0,53.2,100,-46.8,100,53.2,46.8,-1,0,0,0,0,0,0,0,0,0,0,0,0,0,0,0,0,0,0,0,0,0,0,0,0,0,0,0,0,0,0,0,0
GO+Peja,"A. Hajdari, C. Edwards, D. Morris, M. Armstead, S. Flatten",Vëllaznimi,"A. Koshi, J. Hellems, M. Warrick, R. Dahsyla, Y. Anei",1,30,0.5,1.9,0,0,1,0,0,1,0,0,0,0,0,2,2,0,0,0,1,0,1,0,1,0,0,0,0,1,2,50,0,1,1,1,0,0,0,1,2.0,1.9,0,53.2,-53.2,53.2,0,53.2,-1,0,0,0,0,0,0,0,0,0,0,0,0,0,0,0,0,0,0,0,0,0,0,0,0,0,0,0,0,0,0,0,0
Bashkimi,"I. Cousins, K. Anderson, L. Zeqiri, T. Bickerstaff, V. Bunjaku",Vëllaznimi,"A. Koshi, J. Hellems, L. Colimerio, M. Warrick, R. Dahsyla",1,53,0.9,1.9,2,1,2,50,0,0,0,0,1,0,0,1,1,0,0,0,0,1,1,0,1,0,0,0,0,1,1,100,0,2,2,0,0,0,0,1,2.4,1.4,82,69.4,12.5,69.4,82,-12.5,1,0,0,0,0,0,0,0,0,0,0,0,0,0,0,0,0,0,0,0,0,0,0,0,0,0,0,0,0,0,0,0,0
GO+Peja,"A. Hajdari, C. Edwards, D. Berisha, J. Johnson, S. Flatten",Trepça,"D. Kapiti, J. Payne, M. Amzil, M. Tmusic, S. Henry",1,62,1.0,1.9,5,1,1,100,1,1,100,2,2,100,0,1,1,1,0,0,0,0,2,1,2,50,0,0,0,0,0,0,0,0,0,1,0,0,0,1,1.9,2.0,266,100,166,100,266,-166,3,0,0,0,0,0,0,0,0,0,0,0,0,0,0,0,0,0,0,0,0,0,0,0,0,0,0,0,0,0,0,0,0
Sigal Prishtina,"A. Azemi, A. Bailey, D. Burns, D. Haxhosaj, L. Autrey",Golden Eagle Ylli,"A. Scott, E. Kastrati, G. Morina, J. Reece, T. Allen",1,66,1.1,1.9,4,1,1,100,1,1,100,1,2,50,0,0,0,1,0,0,0,0,5,2,2,100,1,1,100,0,0,0,0,1,1,2,0,0,0,1,1.9,2.0,212.8,250,-37.2,250,212.8,37.2,-1,0,0,0,0,0,0,0,0,0,0,0,0,0,0,0,0,0,0,0,0,0,0,0,0,0,0,0,0,0,0,0,0
Bora,"A. Hot, A. Hunter, C. Payton, J. Zeqiri, S. Jules",Sigal Prishtina,"A. Azemi, A. Bailey, B. Istrefi, D. Burns, D. Polloshka",1,50,0.8,1.9,3,1,1,100,0,0,0,1,2,50,0,1,1,2,0,0,0,0,0,0,1,0,0,1,0,0,0,0,0,1,1,0,0,0,1,1,1.9,2.0,159.6,0,159.6,0,159.6,-159.6,3,0,0,0,0,0,0,0,0,0,0,0,0,0,0,0,0,0,0,0,0,0,0,0,0,0,0,0,0,0,0,0,0
Bashkimi,"K. Anderson, L. Zeqiri, M. Ismaili, M. Janjeva, T. Bickerstaff",Trepça,"B. Tuna, C. Brown, D. Hajrizi, J. Payne, S. Henry",1,50,0.8,1.9,0,0,1,0,0,1,0,0,0,0,1,1,2,0,0,0,2,3,1,0,0,0,0,0,0,1,2,50,0,0,0,1,0,0,1,1,1.9,1.9,0,53.2,-53.2,53.2,0,53.2,-1,0,0,0,0,0,0,0,0,0,0,0,0,0,0,0,0,0,0,0,0,0,0,0,0,0,0,0,0,0,0,0,0
Vëllaznimi,"A. Koshi, J. Hellems, L. Colimerio, R. Dahsyla, Z. Reid",Golden Eagle Ylli,"A. Scott, A. Çallakaj, G. Morina, J. Reece, L. Shoshi",1,60,1.0,1.9,2,1,2,50,0,0,0,0,0,0,0,1,1,1,0,0,0,1,4,1,1,100,1,1,100,1,2,50,0,1,1,1,0,0,0,0,2.0,1.9,100,212.8,-112.8,212.8,100,112.8,-2,0,0,0,0,0,0,0,0,0,0,0,0,0,0,0,0,0,0,0,0,0,0,0,0,0,0,0,0,0,0,0,0
GO+Peja,"A. Herndon, C. Edwards, D. Berisha, J. Johnson, M. Mala",Bora,"A. Hot, A. Hunter, C. Payton Jr, J. Zeqiri, T. Cheese",1,53,0.9,1.9,2,0,1,0,0,0,0,2,2,100,0,1,1,0,0,0,0,0,2,1,2,50,0,1,0,0,0,0,0,1,1,0,0,0,0,1,1.9,2.0,106.4,100,6.4,100,106.4,-6.4,0,0,0,0,0,0,0,0,0,0,0,0,0,0,0,0,0,0,0,0,0,0,0,0,0,0,0,0,0,0,0,0,0
Sigal Prishtina,"A. Azemi, A. Bailey, D. Burns, D. Polloshka, K. Kramer",Bashkimi,"I. Nwamu, K. Anderson, L. Zeqiri, T. Bickerstaff, V. Gjecaj",1,26,0.4,1.9,1,0,0,0,0,0,0,1,2,50,0,0,0,0,0,0,2,1,2,1,1,100,0,0,0,0,0,0,0,1,1,0,0,0,0,0,2.9,1.0,34.7,200,-165.3,200,34.7,165.3,-1,0,0,0,0,0,0,0,0,0,0,0,0,0,0,0,0,0,0,0,0,0,0,0,0,0,0,0,0,0,0,0,0
Sigal Prishtina,"A. Azemi, A. Bailey, D. Burns, D. Polloshka, K. Kramer",Bashkimi,"I. Cousins, I. Nwamu, L. Zeqiri, T. Bickerstaff, V. Gjecaj",1,75,1.2,1.9,4,2,4,50,0,2,0,0,0,0,1,1,2,1,0,1,0,1,3,1,2,50,1,1,100,0,0,0,0,0,0,1,0,0,0,0,1.9,2.0,215.1,150,65.1,150,215.1,-65.1,1,0,0,0,0,0,0,0,0,0,0,0,0,0,0,0,0,0,0,0,0,0,0,0,0,0,0,0,0,0,0,0,0
Bora,"A. Hot, A. Mekic, R. Memedi, S. Jules, T. Cheese",Vëllaznimi,"A. Koshi, J. Hellems, L. Colimerio, R. Dahsyla, T. Todd",1,70,1.2,1.9,0,0,1,0,0,1,0,0,0,0,0,0,0,0,0,0,1,2,0,0,3,0,0,2,0,0,0,0,3,1,4,0,1,0,2,0,2.0,1.8,0,0,0,0,0,0,0,0,0,0,0,0,0,0,0,0,0,0,0,0,0,0,0,0,0,0,0,0,0,0,0,0,0,0,0,0,0,0,0
Golden Eagle Ylli,"A. Gashi, B. Huffman, E. Kastrati, G. Morina, J. Reece",Trepça,"A. Arslanagic, D. Hajrizi, M. Tmusic, S. Henry, S. Jones",1,49,0.8,1.9,0,0,1,0,0,1,0,0,0,0,0,0,0,0,0,0,1,0,5,1,1,100,1,1,100,2,2,100,0,1,1,1,0,0,0,0,2.0,1.9,0,266,-266,266,0,266,-5,0,0,0,0,0,0,0,0,0,0,0,0,0,0,0,0,0,0,0,0,0,0,0,0,0,0,0,0,0,0,0,0
Bashkimi,"I. Cousins, K. Anderson, L. Zeqiri, M. Janjeva, T. Bickerstaff",Golden Eagle Ylli,"A. Scott, B. Huffman, E. Kastrati, G. Morina, L. Shoshi",1,70,1.2,1.9,0,0,2,0,0,1,0,0,0,0,1,0,1,0,0,0,1,1,4,1,1,100,0,0,0,2,2,100,0,1,1,0,1,0,0,1,1.9,1.9,0,212.8,-212.8,212.8,0,212.8,-4,0,0,0,0,0,0,0,0,0,0,0,0,0,0,0,0,0,0,0,0,0,0,0,0,0,0,0,0,0,0,0,0
Bashkimi,"D. Lake, I. Nwamu, K. Anderson, L. Zeqiri, M. Janjeva",Golden Eagle Ylli,"A. Scott, E. Kastrati, J. Reece, L. Shoshi, T. Allen",1,21,0.3,1.9,4,0,0,0,0,0,0,4,4,100,0,0,0,0,0,0,0,0,5,2,2,100,1,1,100,0,0,0,0,0,0,1,0,0,0,2,1.8,2.0,227.3,250,-22.7,250,227.3,22.7,-1,0,0,0,0,0,0,0,0,0,0,0,0,0,0,0,0,0,0,0,0,0,0,0,0,0,0,0,0,0,0,0,0
Trepça,"D. Hajrizi, D. Kapiti, J. Payne, M. Tmusic, S. Henry",Bora,"A. Hot, C. Payton, R. Memedi, S. Jules, T. Cheese",1,28,0.5,1.9,4,2,2,100,0,0,0,0,0,0,0,0,0,0,1,0,0,0,2,0,0,0,0,0,0,2,2,100,0,0,0,0,0,0,1,1,2.0,1.9,200,106.4,93.6,106.4,200,-93.6,2,0,0,0,0,0,0,0,0,0,0,0,0,0,0,0,0,0,0,0,0,0,0,0,0,0,0,0,0,0,0,0,0
Vëllaznimi,"A. Gordon, A. Koshi, J. Hellems, R. Dahsyla, T. Todd",Rahoveci 029,"A. Patty, J. Roche, K. Pullian, K. Ujkani, V. Ejupi",1,35,0.6,1.9,2,0,1,0,0,1,0,2,2,100,0,2,2,0,0,0,0,0,1,0,1,0,0,0,0,1,2,50,0,1,1,0,0,0,0,1,1.9,1.9,106.4,53.2,53.2,53.2,106.4,-53.2,1,0,0,0,0,0,0,0,0,0,0,0,0,0,0,0,0,0,0,0,0,0,0,0,0,0,0,0,0,0,0,0,0
GO+Peja,"A. Hajdari, C. Edwards, D. Morris, J. Johnson, M. Mala",Sigal Prishtina,"A. Azemi, A. Bailey, D. Burns, D. Polloshka, K. Kramer",1,39,0.7,1.9,2,0,1,0,0,1,0,2,2,100,0,0,0,1,0,0,0,1,4,1,1,100,0,0,0,2,2,100,0,1,1,0,0,0,0,0,1.9,1.9,106.4,212.8,-106.4,212.8,106.4,106.4,-2,0,0,0,0,0,0,0,0,0,0,0,0,0,0,0,0,0,0,0,0,0,0,0,0,0,0,0,0,0,0,0,0
GO+Peja,"C. Edwards, D. Berisha, D. Morris, J. Johnson, M. Mala",Sigal Prishtina,"A. Azemi, A. Bailey, A. Morina, D. Burns, D. Haxhosaj",1,17,0.3,1.9,0,0,0,0,0,0,0,0,0,0,0,2,2,0,0,0,2,2,1,0,0,0,0,0,0,1,4,25,0,0,0,0,0,0,0,0,2.0,1.8,0,56.8,-56.8,56.8,0,56.8,-1,0,0,0,0,0,0,0,0,0,0,0,0,0,0,0,0,0,0,0,0,0,0,0,0,0,0,0,0,0,0,0,0
GO+Peja,"A. Herndon, D. Berisha, J. Johnson, M. Mala, S. Flatten",Bashkimi,"I. Cousins, K. Anderson, L. Zeqiri, M. Janjeva, T. Bickerstaff",1,56,0.9,1.9,2,0,2,0,0,1,0,2,2,100,1,1,2,1,0,0,0,0,3,1,2,50,1,2,50,0,0,0,0,1,1,0,0,0,0,1,1.8,2.0,110.5,150,-39.5,150,110.5,39.5,-1,0,0,0,0,0,0,0,0,0,0,0,0,0,0,0,0,0,0,0,0,0,0,0,0,0,0,0,0,0,0,0,0
Rahoveci 029,"A. Berisha, A. Patty, B. Rexha, J. Roche, V. Ejupi",Trepça,"A. Gashi, D. Hajrizi, K. Hasbrouck, S. Henry, S. Jones",1,64,1.1,1.9,2,0,2,0,0,2,0,2,2,100,1,1,2,0,0,0,1,0,2,1,2,50,0,1,0,0,0,0,0,0,0,0,1,0,0,1,1.7,2.0,114.9,100,14.9,100,114.9,-14.9,0,0,0,0,0,0,0,0,0,0,0,0,0,0,0,0,0,0,0,0,0,0,0,0,0,0,0,0,0,0,0,0,0
Bashkimi,"I. Nwamu, L. Zeqiri, S. Shorter, T. Bickerstaff, V. Bunajku",Bora,"A. Hot, A. Hunter, R. Memedi, S. Jules, T. Cheese",1,65,1.1,1.9,2,1,3,33.3,0,0,0,0,0,0,1,0,1,0,0,0,0,0,5,1,1,100,1,1,100,2,2,100,0,1,1,0,0,1,0,0,1.9,1.9,103.6,266,-162.3,266,103.6,162.3,-3,0,0,0,0,0,0,0,0,0,0,0,0,0,0,0,0,0,0,0,0,0,0,0,0,0,0,0,0,0,0,0,0
Golden Eagle Ylli,"E. Kastrati, G. Morina, L. Basic, L. Shoshi, S. Bamforth",Rahoveci 029,"F. Rugova, H. Durguti, I. Umipig, J. Jonson, K. Pullian",1,81,1.4,1.9,2,1,2,50,0,1,0,0,0,0,0,1,1,1,0,3,0,0,0,0,3,0,0,2,0,0,0,0,2,1,3,0,0,0,1,1,2.0,1.9,100,0,100,0,100,-100,2,0,0,0,0,0,0,0,0,0,0,0,0,0,0,0,0,0,0,0,0,0,0,0,0,0,0,0,0,0,0,0,0
Trepça,"B. Tuna, D. Hajrizi, D. Kapiti, M. Amzil, M. Tmusic",Sigal Prishtina,"A. Bailey, D. Burns, D. Haxhosaj, D. Polloshka, E. Clarance",1,87,1.4,1.9,2,1,4,25,0,0,0,0,0,0,3,1,4,1,0,0,1,0,2,1,2,50,0,0,0,0,0,0,0,0,0,0,1,0,0,0,1.8,2.0,111.7,100,11.7,100,111.7,-11.7,0,0,0,0,0,0,0,0,0,0,0,0,0,0,0,0,0,0,0,0,0,0,0,0,0,0,0,0,0,0,0,0,0
Trepça,"B. Tuna, K. Hasbrouck, M. Amzil, M. Tmusic, S. Jones",Sigal Prishtina,"A. Bailey, D. Haxhosaj, D. Polloshka, E. Clarance, K. Dukes",1,82,1.4,1.9,3,1,1,100,1,1,100,0,0,0,0,1,1,0,0,0,1,0,0,0,3,0,0,2,0,0,0,0,2,0,2,0,1,0,1,0,2.0,1.9,150,0,150,0,150,-150,3,0,0,0,0,0,0,0,0,0,0,0,0,0,0,0,0,0,0,0,0,0,0,0,0,0,0,0,0,0,0,0,0
Vëllaznimi,"A. Rushiti, J. Hellems, S. Zekiqi, Y. Anei, Z. Reid",Peja,"C. Edwards, D. Morris, M. Mala, S. Llapi, T. Green",1,37,0.6,1.9,1,0,1,0,0,1,0,1,2,50,0,0,0,0,0,0,0,1,2,0,1,0,0,1,0,2,2,100,0,1,1,0,0,0,0,1,1.9,1.9,53.2,106.4,-53.2,106.4,53.2,53.2,-1,0,0,0,0,0,0,0,0,0,0,0,0,0,0,0,0,0,0,0,0,0,0,0,0,0,0,0,0,0,0,0,0
Vëllaznimi,"A. Koshi, D. Wilson, J. Hellems, S. Zekiqi, Y. Anei",Bashkimi,"I. Cousins, I. Nwamu, L. Zeqiri, M. Armstead, T. Bickerstaff",1,85,1.4,1.9,4,1,1,100,1,1,100,1,2,50,0,1,1,1,0,0,0,1,2,1,2,50,0,1,0,0,0,0,0,0,0,0,0,0,0,2,1.9,2.0,212.8,100,112.8,100,212.8,-112.8,2,0,0,0,0,0,0,0,0,0,0,0,0,0,0,0,0,0,0,0,0,0,0,0,0,0,0,0,0,0,0,0,0
Vëllaznimi,"A. Gordon, A. Koshi, A. Rushiti, D. Wilson, T. Todd",Bashkimi,"I. Cousins, I. Nwamu, L. Zeqiri, M. Armstead, T. Bickerstaff",1,42,0.7,1.9,4,2,2,100,0,0,0,0,0,0,0,2,2,1,0,0,0,0,0,0,1,0,0,0,0,0,2,0,0,0,0,0,0,0,0,1,2.0,1.9,200,0,200,0,200,-200,4,0,0,0,0,0,0,0,0,0,0,0,0,0,0,0,0,0,0,0,0,0,0,0,0,0,0,0,0,0,0,0,0
Vëllaznimi,"A. Gordon, A. Koshi, D. Wilson, J. Hellems, S. Zekiqi",Bashkimi,"D. Lake, I. Cousins, I. Nwamu, L. Zeqiri, M. Armstead",1,42,0.7,1.9,2,1,2,50,0,1,0,0,0,0,0,2,2,0,0,0,0,1,1,0,1,0,0,1,0,1,2,50,0,1,1,0,0,0,0,1,2.0,1.9,100,53.2,46.8,53.2,100,-46.8,1,0,0,0,0,0,0,0,0,0,0,0,0,0,0,0,0,0,0,0,0,0,0,0,0,0,0,0,0,0,0,0,0
Golden Eagle Ylli,"A. Scott, B. Huffman, G. Morina, S. Bamforth, T. Allen",Sigal Prishtina,"A. Bailey, A. Morina, D. Burns, K. Dukes, V. Kakruki",1,64,1.1,1.9,1,0,0,0,0,0,0,1,2,50,0,2,2,0,0,0,1,1,0,0,2,0,0,1,0,0,0,0,0,1,1,0,0,0,0,1,1.9,2.0,53.2,0,53.2,0,53.2,-53.2,1,0,0,0,0,0,0,0,0,0,0,0,0,0,0,0,0,0,0,0,0,0,0,0,0,0,0,0,0,0,0,0,0
Bashkimi,"I. Nwamu, M. Janjeva, S. Shorter, T. Bickerstaff, V. Bunjaku",Rahoveci 029,"A. Thomas, F. Rugova, H. Durguti, I. Umipig, J. Johnson",1,62,1.0,1.9,2,1,2,50,0,1,0,0,0,0,0,0,0,0,0,0,0,0,4,2,4,50,0,0,0,0,0,0,2,1,3,0,0,0,0,0,2.0,1.9,100,215.1,-115.1,215.1,100,115.1,-2,0,0,0,0,0,0,0,0,0,0,0,0,0,0,0,0,0,0,0,0,0,0,0,0,0,0,0,0,0,0,0,0
Bashkimi,"D. Lake, I. Cousins, I. Nwamu, L. Zeqiri, V. Bunjaku",Rahoveci 029,"A. Berisha, A. Thomas, B. Rexha, F. Rugova, J. Johnson",1,36,0.6,1.9,3,1,1,100,0,0,0,1,2,50,1,0,1,0,0,0,1,1,0,0,1,0,0,1,0,0,0,0,1,0,1,0,1,0,1,0,2.9,0.9,104.2,0,104.2,0,104.2,-104.2,3,0,0,0,0,0,0,0,0,0,0,0,0,0,0,0,0,0,0,0,0,0,0,0,0,0,0,0,0,0,0,0,0
Sigal Prishtina,"A. Bailey, D. Burns, D. Haxhosaj, E. Clarance, J. Ismajli",Bora,"A. Hot, A. Hunter, R. Ukaj, S. Jules, T. Cheese",1,87,1.4,1.9,3,1,1,100,0,0,0,1,2,50,0,1,1,0,0,0,0,0,0,0,2,0,0,2,0,0,0,0,1,1,2,0,0,0,1,2,1.9,1.9,159.6,0,159.6,0,159.6,-159.6,3,0,0,0,0,0,0,0,0,0,0,0,0,0,0,0,0,0,0,0,0,0,0,0,0,0,0,0,0,0,0,0,0
Trepça,"A. Vining, M. Amzil, M. Tmusic, S. Henry, S. Jones",Bashkimi,"I. Nwamu, M. Armstead, M. Janjeva, S. Shorter, T. Bickerstaff",1,78,1.3,1.9,3,1,2,50,1,2,50,0,0,0,0,0,0,1,0,0,0,0,4,1,2,50,0,0,0,2,2,100,1,1,2,1,0,0,0,0,2.0,1.8,150,221,-71,221,150,71,-1,0,0,0,0,0,0,0,0,0,0,0,0,0,0,0,0,0,0,0,0,0,0,0,0,0,0,0,0,0,0,0,0
Trepça,"A. Vining, D. Kapiti, K. Hasbrouck, S. Henry, S. Jones",Bashkimi,"I. Cousins, I. Nwamu, L. Zeqiri, M. Armstead, T. Bickerstaff",1,49,0.8,1.9,0,0,1,0,0,1,0,0,0,0,0,0,0,0,0,0,0,2,4,2,2,100,0,0,0,0,2,0,0,1,1,0,0,0,0,0,1.0,2.9,0,138.9,-138.9,138.9,0,138.9,-4,0,0,0,0,0,0,0,0,0,0,0,0,0,0,0,0,0,0,0,0,0,0,0,0,0,0,0,0,0,0,0,0
Trepça,"A. Vining, B. Tuna, K. Hasbrouck, M. Amzil, S. Jones",Bashkimi,"D. Lake, I. Nwamu, M. Janjeva, S. Shorter, V. Bunjaku",1,29,0.5,1.9,3,1,1,100,0,0,0,1,2,50,0,0,0,1,1,0,0,0,0,0,0,0,0,0,0,0,0,0,0,1,1,0,0,0,2,0,1.9,2.0,159.6,0,159.6,0,159.6,-159.6,3,0,0,0,0,0,0,0,0,0,0,0,0,0,0,0,0,0,0,0,0,0,0,0,0,0,0,0,0,0,0,0,0
Golden Eagle Ylli,"A. Scott, B. Huffman, E. Kastrati, G. Morina, L. Basic",Vëllaznimi,"A. Gordon, A. Rushiti, J. Hellems, S. Zekiqi, Z. Reid",1,48,0.8,1.9,0,0,1,0,0,1,0,0,0,0,0,1,1,0,0,0,0,1,4,1,3,33.3,0,1,0,2,2,100,1,1,2,1,0,0,0,0,1.0,2.8,0,142.3,-142.3,142.3,0,142.3,-4,0,0,0,0,0,0,0,0,0,0,0,0,0,0,0,0,0,0,0,0,0,0,0,0,0,0,0,0,0,0,0,0
Bora,"A. Hunter, J. Zeqiri, L. Thomas, R. Ukaj, T. Cheese",GO+Peja,"C. Edwards, F. Shoshaj, M. Mala, O. Williams, T. Green",1,60,1.0,1.9,0,0,3,0,0,1,0,0,0,0,2,0,2,0,0,0,2,2,3,1,1,100,1,1,100,0,0,0,0,1,1,1,0,1,0,0,2.9,1.0,0,300,-300,300,0,300,-3,0,0,0,0,0,0,0,0,0,0,0,0,0,0,0,0,0,0,0,0,0,0,0,0,0,0,0,0,0,0,0,0
Bashkimi,"I. Cousins, I. Nwamu, L. Zeqiri, M. Armstead, T. Bickerstaff",Sigal Prishtina,"A. Bailey, D. Polloshka, E. Clarance, J. Ismajli, K. Kramer",1,58,1.0,1.9,1,0,1,0,0,0,0,1,2,50,0,0,0,0,0,0,1,0,2,1,1,100,0,0,0,0,0,0,0,1,1,1,0,0,0,0,2.9,1.0,34.7,200,-165.3,200,34.7,165.3,-1,0,0,0,0,0,0,0,0,0,0,0,0,0,0,0,0,0,0,0,0,0,0,0,0,0,0,0,0,0,0,0,0
GO+Peja,"A. Hajdari, C. Edwards, M. Mala, S. Llapi, T. Green",Rahoveci 029,"A. Berisha, A. Thomas, F. Rugova, J. Roche, K. Pullian",1,92,1.5,1.9,4,1,2,50,0,1,0,2,2,100,1,1,2,1,0,0,0,1,3,1,2,50,1,2,50,0,0,0,0,0,0,1,0,0,0,1,1.8,2.0,221,150,71,150,221,-71,1,0,0,0,0,0,0,0,0,0,0,0,0,0,0,0,0,0,0,0,0,0,0,0,0,0,0,0,0,0,0,0,0
GO+Peja,"C. Edwards, F. Shoshaj, O. Williams, S. Llapi, T. Green",Rahoveci 029,"A. Berisha, A. Thomas, J. Johnson, K. Pullian, V. Ejupi",1,54,0.9,1.9,0,0,0,0,0,0,0,0,0,0,0,1,1,0,0,0,1,0,4,1,2,50,0,1,0,2,2,100,0,0,0,0,1,0,0,1,1.0,2.9,0,138.9,-138.9,138.9,0,138.9,-4,0,0,0,0,0,0,0,0,0,0,0,0,0,0,0,0,0,0,0,0,0,0,0,0,0,0,0,0,0,0,0,0
Vëllaznimi,"D. Wilson, J. Hellems, R. Dahsyla, S. Zekiqi, Y. Anei",Bora,"A. Hunter, J. Zeqiri, R. Ukaj, S. Jules, T. Cheese",1,47,0.8,1.9,2,0,1,0,0,1,0,2,4,50,0,0,0,0,0,0,0,1,3,1,1,100,1,1,100,0,0,0,0,2,2,1,0,0,0,1,2.8,1.0,72.5,300,-227.5,300,72.5,227.5,-1,0,0,0,0,0,0,0,0,0,0,0,0,0,0,0,0,0,0,0,0,0,0,0,0,0,0,0,0,0,0,0,0
Vëllaznimi,"A. Rushiti, J. Hellems, R. Dahsyla, T. Todd, Z. Reid",Bora,"A. Hot, A. Hunter, R. Ukaj, S. Jules, T. Cheese",1,67,1.1,1.9,2,0,1,0,0,0,0,2,2,100,0,1,1,0,0,0,0,1,3,1,2,50,1,2,50,0,0,0,0,1,1,1,0,0,0,1,1.9,2.0,106.4,150,-43.6,150,106.4,43.6,-1,0,0,0,0,0,0,0,0,0,0,0,0,0,0,0,0,0,0,0,0,0,0,0,0,0,0,0,0,0,0,0,0
Vëllaznimi,"A. Rushiti, J. Hellems, S. Zekiqi, T. Todd, Z. Reid",Bora,"A. Hot, A. Hunter, J. Zeqiri, S. Jules, T. Cheese",1,74,1.2,1.9,2,0,1,0,0,1,0,2,2,100,0,0,0,0,0,0,0,1,5,1,1,100,1,1,100,2,2,100,0,1,1,1,0,0,0,1,1.9,1.9,106.4,266,-159.6,266,106.4,159.6,-3,0,0,0,0,0,0,0,0,0,0,0,0,0,0,0,0,0,0,0,0,0,0,0,0,0,0,0,0,0,0,0,0
Vëllaznimi,"A. Rushiti, D. Wilson, R. Dahsyla, Y. Anei, Z. Reid",Bora,"A. Hot, A. Hunter, A. Mekic, J. Zeqiri, S. Jules",1,51,0.8,1.9,4,1,1,100,0,0,0,2,2,100,0,1,1,1,0,1,0,0,0,0,2,0,0,1,0,0,0,0,1,0,1,0,0,0,1,1,1.9,1.9,212.8,0,212.8,0,212.8,-212.8,4,0,0,0,0,0,0,0,0,0,0,0,0,0,0,0,0,0,0,0,0,0,0,0,0,0,0,0,0,0,0,0,0
Vëllaznimi,"J. Hellems, R. Dahsyla, S. Zekiqi, Y. Anei, Z. Reid",Bora,"A. Hot, A. Mekic, J. Zeqiri, S. Jules, T. Cheese",1,55,0.9,1.9,2,1,1,100,0,0,0,0,0,0,0,1,1,1,0,0,1,1,0,0,3,0,0,1,0,0,0,0,2,0,2,0,1,0,1,0,2.0,1.9,100,0,100,0,100,-100,2,0,0,0,0,0,0,0,0,0,0,0,0,0,0,0,0,0,0,0,0,0,0,0,0,0,0,0,0,0,0,0,0
Trepça,"A. Vining, B. Tuna, K. Hasbrouck, M. Amzil, S. Jones",Golden Eagle Ylli,"A. Gashi, A. Scott, A. Çallakaj, E. Kastrati, G. Morina",1,79,1.3,1.9,5,2,3,66.7,1,2,50,0,0,0,1,0,1,1,1,0,0,0,2,1,2,50,0,0,0,0,0,0,1,0,1,0,0,0,1,0,1.9,1.9,259.1,103.6,155.4,103.6,259.1,-155.4,3,0,0,0,0,0,0,0,0,0,0,0,0,0,0,0,0,0,0,0,0,0,0,0,0,0,0,0,0,0,0,0,0
Golden Eagle Ylli,"A. Scott, A. Çallakaj, B. Huffman, D. Thomas, S. Bamforth",Bashkimi,"D. Lake, I. Nwamu, L. Zeqiri, S. Shorter, V. Bunjaku",1,69,1.1,1.9,0,0,1,0,0,0,0,0,0,0,0,1,1,0,0,1,1,1,2,1,4,25,0,1,0,0,0,0,2,1,3,0,0,0,0,1,2.0,1.9,0,107.5,-107.5,107.5,0,107.5,-2,0,0,0,0,0,0,0,0,0,0,0,0,0,0,0,0,0,0,0,0,0,0,0,0,0,0,0,0,0,0,0,0
Golden Eagle Ylli,"A. Scott, B. Huffman, E. Kastrati, G. Morina, J. Gray",Bashkimi,"I. Nwamu, K. Wooten, L. Zeqiri, S. Shorter, V. Bunjaku",1,52,0.9,1.9,3,1,2,50,1,2,50,0,0,0,0,1,1,1,0,0,0,1,2,0,2,0,0,1,0,2,2,100,1,1,2,0,0,0,0,1,2.0,1.8,150,110.5,39.5,110.5,150,-39.5,1,0,0,0,0,0,0,0,0,0,0,0,0,0,0,0,0,0,0,0,0,0,0,0,0,0,0,0,0,0,0,0,0
Bora,"A. Hot, A. Hunter, J. Zeqiri, L. Thomas, R. Ukaj",Trepça,"A. Vining, K. Hasbrouck, M. Amzil, M. Tmusic, S. Jones",1,76,1.3,1.9,2,1,3,33.3,0,1,0,0,0,0,1,1,2,0,0,0,0,1,2,1,3,33.3,0,1,0,0,0,0,1,1,2,0,0,0,0,0,1.9,1.9,103.6,103.6,0,103.6,103.6,0,0,0,0,0,0,0,0,0,0,0,0,0,0,0,0,0,0,0,0,0,0,0,0,0,0,0,0,0,0,0,0,0,0
Bora,"A. Hot, A. Hunter, J. Zeqiri, S. Jules, T. Cheese",Trepça,"A. Vining, D. Hajrizi, J. Payne, M. Tmusic, S. Jones",1,48,0.8,1.9,2,0,0,0,0,0,0,2,2,100,0,0,0,0,0,0,1,0,2,1,3,33.3,0,1,0,0,0,0,1,0,1,0,1,0,1,0,1.9,1.9,106.4,107.5,-1.1,107.5,106.4,1.1,0,0,0,0,0,0,0,0,0,0,0,0,0,0,0,0,0,0,0,0,0,0,0,0,0,0,0,0,0,0,0,0,0
Bora,"A. Hot, G. Zeqiri, O. Kurtaj, S. Jules, T. Cheese",Trepça,"A. Gashi, A. Vining, D. Hajrizi, M. Amzil, M. Tmusic",1,58,1.0,1.9,2,1,2,50,0,0,0,0,0,0,0,0,0,1,0,0,0,1,4,1,1,100,0,0,0,2,2,100,0,1,1,1,0,0,0,0,2.0,1.9,100,212.8,-112.8,212.8,100,112.8,-2,0,0,0,0,0,0,0,0,0,0,0,0,0,0,0,0,0,0,0,0,0,0,0,0,0,0,0,0,0,0,0,0
Rahoveci 029,"A. Berisha, B. Rexha, J. Mccormick, J. Roche, K. Pullian",Vëllaznimi,"A. Gordon, A. Koshi, D. Wilson, R. Dahsyla, Z. Reid",1,40,0.7,1.9,2,1,2,50,0,0,0,0,0,0,1,1,2,0,0,0,1,0,2,0,1,0,0,0,0,2,2,100,0,0,0,0,0,0,0,0,1.9,1.9,103.6,106.4,-2.8,106.4,103.6,2.8,0,0,0,0,0,0,0,0,0,0,0,0,0,0,0,0,0,0,0,0,0,0,0,0,0,0,0,0,0,0,0,0,0
Rahoveci 029,"A. Thomas, B. Rexha, F. Rugova, J. Mccormick, K. Pullian",Vëllaznimi,"A. Gordon, A. Koshi, J. Hellems, S. Zekiqi, Z. Reid",1,89,1.5,1.9,5,1,2,50,1,2,50,2,2,100,1,0,1,1,0,0,0,0,2,1,1,100,0,0,0,0,0,0,0,0,0,0,0,0,1,2,1.8,2.0,276.2,100,176.2,100,276.2,-176.2,3,0,0,0,0,0,0,0,0,0,0,0,0,0,0,0,0,0,0,0,0,0,0,0,0,0,0,0,0,0,0,0,0
Rahoveci 029,"A. Thomas, B. Rexha, F. Rugova, J. Mccormick, K. Pullian",Vëllaznimi,"A. Gordon, A. Koshi, J. Hellems, R. Dahsyla, Z. Reid",1,60,1.0,1.9,2,0,1,0,0,0,0,2,2,100,0,0,0,0,0,0,0,0,2,1,3,33.3,0,0,0,0,0,0,2,1,3,0,0,0,1,1,1.9,1.9,106.4,107.5,-1.1,107.5,106.4,1.1,0,0,0,0,0,0,0,0,0,0,0,0,0,0,0,0,0,0,0,0,0,0,0,0,0,0,0,0,0,0,0,0,0
Sigal Prishtina,"A. Bailey, E. Clarance, J. Ismajli, K. Dukes, V. Kakruki",GO+Peja,"F. Shoshaj, L. Routt, M. Mala, O. Williams, T. Green",1,38,0.6,1.9,0,0,2,0,0,0,0,0,0,0,0,1,1,0,0,0,0,0,3,1,1,100,0,0,0,1,2,50,0,2,2,1,0,0,0,0,2.0,1.9,0,159.6,-159.6,159.6,0,159.6,-3,0,0,0,0,0,0,0,0,0,0,0,0,0,0,0,0,0,0,0,0,0,0,0,0,0,0,0,0,0,0,0,0
Bashkimi,"I. Cousins, J. Nzeakor, L. Zeqiri, M. Armstead, S. Shorter",GO+Peja,"A. Hajdari, C. Edwards, M. Mala, O. Williams, T. Green",1,53,0.9,1.9,2,1,1,100,0,0,0,0,0,0,0,0,0,1,0,0,1,0,5,2,4,50,1,1,100,0,0,0,2,0,2,1,0,0,0,0,2.0,1.9,100,268.8,-168.8,268.8,100,168.8,-3,0,0,0,0,0,0,0,0,0,0,0,0,0,0,0,0,0,0,0,0,0,0,0,0,0,0,0,0,0,0,0,0
Bashkimi,"I. Nwamu, J. Nzeakor, M. Janjeva, S. Shorter, V. Bunjaku",GO+Peja,"A. Hajdari, F. Shoshaj, L. Routt, O. Williams, T. Green",1,52,0.9,1.9,2,1,3,33.3,0,2,0,0,0,0,1,0,1,0,2,0,0,0,0,0,1,0,0,1,0,0,0,0,1,1,2,0,0,0,2,1,1.9,1.9,103.6,0,103.6,0,103.6,-103.6,2,0,0,0,0,0,0,0,0,0,0,0,0,0,0,0,0,0,0,0,0,0,0,0,0,0,0,0,0,0,0,0,0
Vëllaznimi,"D. Wilson, J. Hellems, R. Dahsyla, S. Zekiqi, Z. Reid",Sigal Prishtina,"A. Bailey, A. Lomax, A. Sinani, E. Clarance, V. Kakruki",1,50,0.8,1.9,2,0,1,0,0,1,0,2,2,100,0,0,0,0,0,0,0,0,5,2,2,100,1,1,100,0,0,0,0,1,1,1,0,0,0,2,1.9,2.0,106.4,250,-143.6,250,106.4,143.6,-3,0,0,0,0,0,0,0,0,0,0,0,0,0,0,0,0,0,0,0,0,0,0,0,0,0,0,0,0,0,0,0,0
Vëllaznimi,"D. Wilson, J. Hellems, R. Dahsyla, S. Zekiqi, Z. Reid",Sigal Prishtina,"A. Bailey, A. Sinani, D. Polloshka, E. Clarance, K. Kramer",1,97,1.6,1.9,1,0,0,0,0,0,0,1,2,50,0,1,1,0,0,0,1,1,2,1,2,50,0,1,0,0,0,0,0,1,1,0,0,0,0,1,1.9,2.0,53.2,100,-46.8,100,53.2,46.8,-1,0,0,0,0,0,0,0,0,0,0,0,0,0,0,0,0,0,0,0,0,0,0,0,0,0,0,0,0,0,0,0,0
Trepça,"B. Tuna, D. Hajrizi, J. Payne, S. Henry, S. Jones",Rahoveci 029,"A. Thomas, J. Mccorrmick, K. Ujkani, N. Mcloud, V. Ejupi",1,62,1.0,1.9,5,2,2,100,1,1,100,0,0,0,0,1,1,1,0,0,0,1,1,0,1,0,0,0,0,1,2,50,0,0,0,1,0,0,0,0,2.0,1.9,250,53.2,196.8,53.2,250,-196.8,4,0,0,0,0,0,0,0,0,0,0,0,0,0,0,0,0,0,0,0,0,0,0,0,0,0,0,0,0,0,0,0,0
Golden Eagle Ylli,"D. Thomas, E. Kastrati, J. Gray, S. Bamforth, T. Smith",Bora,"A. Hunter, J. Zeqiri, R. Memedi, S. Jules, T. Cheese",1,66,1.1,1.9,0,0,2,0,0,1,0,0,0,0,0,1,1,0,0,0,0,1,2,0,1,0,0,0,0,2,2,100,0,2,2,0,0,0,0,0,2.0,1.9,0,106.4,-106.4,106.4,0,106.4,-2,0,0,0,0,0,0,0,0,0,0,0,0,0,0,0,0,0,0,0,0,0,0,0,0,0,0,0,0,0,0,0,0
Rahoveci 029,"A. Thomas, B. Rexha, F. Rugova, J. Mccormick, K. Pullian",Golden Eagle Ylli,"A. Scott, D. Conger, G. Morina, S. Bamforth, T. Smith",1,80,1.3,1.9,2,1,2,50,0,1,0,0,0,0,0,0,0,0,0,0,0,2,1,0,1,0,0,1,0,1,2,50,1,1,2,0,0,0,1,0,2.0,1.8,100,55.2,44.8,55.2,100,-44.8,1,0,0,0,0,0,0,0,0,0,0,0,0,0,0,0,0,0,0,0,0,0,0,0,0,0,0,0,0,0,0,0,0
Sigal Prishtina,"A. Bailey, A. Lomax, A. Morina, E. Clarence, V. Kakruki",Trepça,"A. Vining, D. Hajrizi, D. Kapiti, M. Tmusic, S. Henry",1,35,0.6,1.9,4,1,1,100,0,0,0,2,2,100,0,1,1,2,1,0,0,0,0,0,1,0,0,1,0,0,0,0,0,0,0,0,0,0,1,1,1.9,2.0,212.8,0,212.8,0,212.8,-212.8,4,0,0,0,0,0,0,0,0,0,0,0,0,0,0,0,0,0,0,0,0,0,0,0,0,0,0,0,0,0,0,0,0
Bashkimi,"D. Lake, J. Riley, L. Zeqiri, M. Armstead, S. Shorter",Vëllaznimi,"D. Wilson, J. Hellems, R. Dahsyla, S. Zekiqi, Y. Anei",1,43,0.7,1.9,0,0,1,0,0,1,0,0,0,0,0,0,0,0,0,0,1,0,4,1,1,100,0,0,0,2,2,100,0,1,1,0,0,0,0,0,2.0,1.9,0,212.8,-212.8,212.8,0,212.8,-4,0,0,0,0,0,0,0,0,0,0,0,0,0,0,0,0,0,0,0,0,0,0,0,0,0,0,0,0,0,0,0,0
Bashkimi,"D. Lake, J. Riley, L. Zeqiri, M. Ismaili, S. Shorter",Vëllaznimi,"A. Koshi, D. Wilson, S. Zekiqi, Y. Anei, Z. Reid",1,81,1.4,1.9,2,1,4,25,0,2,0,0,0,0,2,2,4,0,0,0,0,0,0,0,2,0,0,1,0,0,0,0,0,1,1,0,0,1,0,1,1.9,2.0,107.5,0,107.5,0,107.5,-107.5,2,0,0,0,0,0,0,0,0,0,0,0,0,0,0,0,0,0,0,0,0,0,0,0,0,0,0,0,0,0,0,0,0
Bashkimi,"D. Lake, I. Nwamu, J. Riley, M. Janjeva, V. Bunjaku",Vëllaznimi,"A. Rushiti, D. Wilson, R. Dahsyla, S. Zekiqi, Y. Anei",1,48,0.8,1.9,5,1,1,100,1,1,100,2,2,100,0,0,0,1,0,0,0,1,2,1,1,100,0,0,0,0,0,0,0,0,0,0,0,0,1,1,1.9,2.0,266,100,166,100,266,-166,3,0,0,0,0,0,0,0,0,0,0,0,0,0,0,0,0,0,0,0,0,0,0,0,0,0,0,0,0,0,0,0,0
GO+Peja,"A. Hajdari, C. Edwards, C. Williams, D. Davis, M. Mala",Trepça,"D. Hajrizi, J. Payne, K. Hasbrouck, M. Tmusic, S. Jones",1,82,1.4,1.9,2,1,4,25,0,1,0,0,0,0,2,2,4,0,0,0,0,1,0,0,2,0,0,2,0,0,0,0,0,1,1,0,0,0,0,0,1.9,2.0,107.5,0,107.5,0,107.5,-107.5,2,0,0,0,0,0,0,0,0,0,0,0,0,0,0,0,0,0,0,0,0,0,0,0,0,0,0,0,0,0,0,0,0
Sigal Prishtina,"A. Lomax, A. Morina, D. Burns, E. Clarance, V. Kakruki",Golden Eagle Ylli,"D. Sabeckis, D. Thomas, J. Gray, L. Shoshi, S. Bamforth",1,64,1.1,1.9,2,0,1,0,0,0,0,2,2,100,0,0,0,0,0,0,0,1,2,1,1,100,0,0,0,0,0,0,0,1,1,0,0,0,1,1,1.9,2.0,106.4,100,6.4,100,106.4,-6.4,0,0,0,0,0,0,0,0,0,0,0,0,0,0,0,0,0,0,0,0,0,0,0,0,0,0,0,0,0,0,0,0,0
Rahoveci 029,"A. Thomas, F. Rugova, H. Durguti, J. Mccorrmick, K. Pullian",Bora,"A. Hot, A. Hunter, J. Zeqiri, R. Memedi, S. Jules",1,68,1.1,1.9,5,2,2,100,1,1,100,0,0,0,0,0,0,1,1,0,0,0,2,0,0,0,0,0,0,2,2,100,0,0,0,0,0,0,1,0,2.0,1.9,250,106.4,143.6,106.4,250,-143.6,3,0,0,0,0,0,0,0,0,0,0,0,0,0,0,0,0,0,0,0,0,0,0,0,0,0,0,0,0,0,0,0,0
Rahoveci 029,"A. Thomas, J. Mccorrmick, K. Pullian, K. Ujkani, V. Ejupi",Bashkimi,"J. Riley, L. Zeqiri, M. Janjeva, S. Shorter, V. Bunjaku",1,53,0.9,1.9,2,1,2,50,0,0,0,0,0,0,0,1,1,0,0,0,0,1,3,1,1,100,0,0,0,1,2,50,0,1,1,1,0,0,0,1,2.0,1.9,100,159.6,-59.6,159.6,100,59.6,-1,0,0,0,0,0,0,0,0,0,0,0,0,0,0,0,0,0,0,0,0,0,0,0,0,0,0,0,0,0,0,0,0
Bora,"A. Hot, C. Bragg Jr, J. Dingle, R. Ukaj, S. Jules",Sigal Prishtina,"A. Bailey, A. Lomax, A. Morina, D. Burns, V. Kakruki",1,46,0.8,1.9,2,1,1,100,0,0,0,0,0,0,0,0,0,0,0,0,1,0,4,1,1,100,0,0,0,2,2,100,0,0,0,1,1,0,0,0,2.0,1.9,100,212.8,-112.8,212.8,100,112.8,-2,0,0,0,0,0,0,0,0,0,0,0,0,0,0,0,0,0,0,0,0,0,0,0,0,0,0,0,0,0,0,0,0
Bora,"A. Hot, A. Hunter, C. Bragg Jr, R. Memedi, T. Cheese",Sigal Prishtina,"A. Bailey, A. Lomax, A. Morina, A. Sinani, D. Williams",1,33,0.6,1.9,1,0,1,0,0,0,0,1,1,100,0,2,2,0,0,0,0,1,1,0,1,0,0,0,0,1,4,25,1,1,2,0,0,1,0,0,1.4,2.4,69.4,41.6,27.8,41.6,69.4,-27.8,0,0,0,0,0,0,0,0,0,0,0,0,0,0,0,0,0,0,0,0,0,0,0,0,0,0,0,0,0,0,0,0,0
Golden Eagle Ylli,"D. Sabeckis, D. Thomas, E. Kastrati, S. Bamforth, T. Smith",GO+Peja,"A. Hajdari, C. Williams, D. Davis, L. Routt, M. Mala",1,64,1.1,1.9,0,0,1,0,0,1,0,0,2,0,0,2,2,0,0,1,0,2,0,0,2,0,0,0,0,0,0,0,0,2,2,0,0,0,0,1,1.9,2.0,0,0,0,0,0,0,0,0,0,0,0,0,0,0,0,0,0,0,0,0,0,0,0,0,0,0,0,0,0,0,0,0,0,0,0,0,0,0,0
Trepça,"D. Hajrizi, J. Payne, K. Hasbrouck, S. Henry, S. Jones",Vëllaznimi,"A. Gordon, A. Rushiti, J. Hellems, S. Zekiqi, T. Todd",1,62,1.0,1.9,0,0,2,0,0,1,0,0,0,0,0,0,0,0,0,0,0,0,4,1,2,50,0,1,0,2,2,100,1,2,3,1,0,1,0,0,2.0,1.8,0,221,-221,221,0,221,-4,0,0,0,0,0,0,0,0,0,0,0,0,0,0,0,0,0,0,0,0,0,0,0,0,0,0,0,0,0,0,0,0
Trepça,"A. Vining, J. Payne, M. Amzil, M. Tmusic, S. Jones",Vëllaznimi,"A. Gordon, A. Koshi, D. Wilson, R. Dahsyla, T. Todd",1,80,1.3,1.9,2,1,3,33.3,0,1,0,0,0,0,1,1,2,0,0,0,0,1,2,1,3,33.3,0,2,0,0,0,0,1,1,2,0,0,0,0,0,1.9,1.9,103.6,103.6,0,103.6,103.6,0,0,0,0,0,0,0,0,0,0,0,0,0,0,0,0,0,0,0,0,0,0,0,0,0,0,0,0,0,0,0,0,0,0
Trepça,"D. Hajrizi, J. Payne, K. Hasbrouck, S. Henry, S. Jones",Vëllaznimi,"A. Koshi, D. Wilson, J. Hellems, R. Dahsyla, Y. Anei",1,61,1.0,1.9,2,0,1,0,0,1,0,2,2,100,0,2,2,1,0,0,0,0,0,0,2,0,0,1,0,0,0,0,0,1,1,0,0,0,0,1,1.9,2.0,106.4,0,106.4,0,106.4,-106.4,2,0,0,0,0,0,0,0,0,0,0,0,0,0,0,0,0,0,0,0,0,0,0,0,0,0,0,0,0,0,0,0,0
Bashkimi,"I. Nwamu, J. Riley, K. Wooten, M. Armstead, M. Ismaili",Trepça,"D. Hajrizi, D. Kapiti, J. Payne, K. Hasbrouck, S. Henry",1,52,0.9,1.9,2,0,1,0,0,0,0,2,2,100,0,1,1,0,0,0,0,0,2,1,2,50,0,0,0,0,0,0,0,1,1,1,0,0,0,0,1.9,2.0,106.4,100,6.4,100,106.4,-6.4,0,0,0,0,0,0,0,0,0,0,0,0,0,0,0,0,0,0,0,0,0,0,0,0,0,0,0,0,0,0,0,0,0
Vëllaznimi,"A. Koshi, J. Hellems, S. Zekiqi, T. Todd, Y. Anei",Golden Eagle Ylli,"A. Çallakaj, D. Sabeckis, D. Thomas, S. Bamforth, T. Smith",1,39,0.7,1.9,3,0,0,0,0,0,0,3,4,75,0,0,0,0,0,0,0,0,2,1,1,100,0,0,0,0,0,0,0,1,1,0,0,0,1,1,1.8,2.0,170.5,100,70.5,100,170.5,-70.5,1,0,0,0,0,0,0,0,0,0,0,0,0,0,0,0,0,0,0,0,0,0,0,0,0,0,0,0,0,0,0,0,0
GO+Peja,"A. Hajdari, C. Edwards, C. Williams, D. Bracey, M. Mala",Bora,"A. Hot, J. Zeqiri, R. Memedi, R. Ukaj, T. Cheese",1,72,1.2,1.9,2,1,2,50,0,1,0,0,0,0,0,1,1,1,0,0,0,1,2,0,1,0,0,1,0,2,2,100,0,1,1,0,0,0,0,0,2.0,1.9,100,106.4,-6.4,106.4,100,6.4,0,0,0,0,0,0,0,0,0,0,0,0,0,0,0,0,0,0,0,0,0,0,0,0,0,0,0,0,0,0,0,0,0
Sigal Prishtina,"A. Lomax, A. Morina, D. Burns, D. Haxhosaj, D. Williams",Rahoveci 029,"A. Thomas, F. Rugova, J. Mccorrmick, K. Pullian, V. Ejupi",1,48,0.8,1.9,1,0,0,0,0,0,0,1,2,50,0,0,0,1,0,0,1,0,5,2,2,100,1,1,100,0,0,0,0,0,0,1,0,0,0,1,1.9,2.0,53.2,250,-196.8,250,53.2,196.8,-4,0,0,0,0,0,0,0,0,0,0,0,0,0,0,0,0,0,0,0,0,0,0,0,0,0,0,0,0,0,0,0,0
Bashkimi,"D. Lake, I. Cousins, J. Palokaj, L. Zeqiri, V. Bunjaku",Rahoveci 029,"B. Rexha, I. Umipig, K. Pullian, K. Ujkani, P. Weekes",1,77,1.3,1.8,2,1,2,50,0,1,0,0,0,0,1,1,2,1,0,0,1,1,2,0,3,0,0,1,0,2,2,100,2,0,2,0,1,0,0,1,1.9,1.7,103.6,114.9,-11.3,114.9,103.6,11.3,0,0,0,0,0,0,0,0,0,0,0,0,0,0,0,0,0,0,0,0,0,0,0,0,0,0,0,0,0,0,0,0,0
GO+Peja,"A. Hajdari, C. Edwards, M. Armstead, S. Flatten, T. Green",Golden Eagle Ylli,"A. Çallakaj, B. Huffman, G. Morina, L. Basic, T. Allen",1,88,1.5,1.8,1,0,1,0,0,0,0,1,2,50,0,1,1,1,0,0,0,2,2,0,2,0,0,2,0,2,2,100,1,1,2,0,0,0,0,1,1.9,1.8,53.2,110.5,-57.3,110.5,53.2,57.3,-1,0,0,0,0,0,0,0,0,0,0,0,0,0,0,0,0,0,0,0,0,0,0,0,0,0,0,0,0,0,0,0,0
Rahoveci 029,"A. Berisha, F. Rugova, I. Umipig, J. Jones, K. Pullian",Sigal Prishtina,"D. Burns, D. Haxhosaj, D. Polloshka, L. Autrey, M. Janjeva",1,57,0.9,1.8,1,0,1,0,0,1,0,1,2,50,1,2,3,0,0,0,1,1,1,0,1,0,0,0,0,1,2,50,0,0,0,1,0,0,0,1,1.8,1.9,55.2,53.2,2.1,53.2,55.2,-2.1,0,0,0,0,0,0,0,0,0,0,0,0,0,0,0,0,0,0,0,0,0,0,0,0,0,0,0,0,0,0,0,0,0
Sigal Prishtina,"A. Bailey, D. Burns, D. Haxhosaj, D. Lekndreaj, E. Williams Jr",Trepça,"A. Arslanagic, B. Tuna, C. Brown, D. Hajrizi, M. Amzil",1,27,0.5,1.8,4,0,0,0,0,0,0,4,4,100,0,0,0,0,0,0,0,0,2,1,2,50,0,1,0,0,0,0,1,0,1,0,0,0,1,1,1.8,1.9,227.3,103.6,123.6,103.6,227.3,-123.6,2,0,0,0,0,0,0,0,0,0,0,0,0,0,0,0,0,0,0,0,0,0,0,0,0,0,0,0,0,0,0,0,0
Vëllaznimi,"A. Koshi, J. Hellems, L. Colimerio, R. Dahsyla, Z. Reid",Golden Eagle Ylli,"A. Çallakaj, B. Huffman, E. Kastrati, G. Morina, J. Reece",1,40,0.7,1.8,0,0,2,0,0,1,0,0,0,0,1,1,2,0,0,0,0,1,2,0,1,0,0,1,0,2,4,50,0,1,1,0,0,0,0,0,0.9,2.8,0,72.5,-72.5,72.5,0,72.5,-2,0,0,0,0,0,0,0,0,0,0,0,0,0,0,0,0,0,0,0,0,0,0,0,0,0,0,0,0,0,0,0,0
Sigal Prishtina,"A. Azemi, A. Bailey, A. Morina, D. Burns, D. Haxhosaj",Vëllaznimi,"A. Gordon, J. Hellems, R. Dahsyla, S. Zekiqi, T. Todd",1,39,0.7,1.8,1,0,1,0,0,1,0,1,2,50,0,1,1,0,0,0,0,1,2,0,0,0,0,0,0,2,4,50,0,1,1,0,0,0,0,1,1.9,1.8,53.2,113.6,-60.4,113.6,53.2,60.4,-1,0,0,0,0,0,0,0,0,0,0,0,0,0,0,0,0,0,0,0,0,0,0,0,0,0,0,0,0,0,0,0,0
Trepça,"A. Vining, D. Kapiti, K. Hasbrouck, M. Amzil, M. Tmusic",Golden Eagle Ylli,"B. Huffman, E. Kastrati, G. Morina, L. Basic, S. Bamforth",1,58,1.0,1.8,4,1,3,33.3,0,1,0,2,2,100,1,1,2,1,0,0,0,1,2,0,1,0,0,1,0,2,2,100,0,0,0,0,0,0,0,0,1.7,1.9,229.9,106.4,123.5,106.4,229.9,-123.5,2,0,0,0,0,0,0,0,0,0,0,0,0,0,0,0,0,0,0,0,0,0,0,0,0,0,0,0,0,0,0,0,0
Golden Eagle Ylli,"A. Scott, D. Thomas, E. Kastrati, S. Bamforth, T. Smith",Bora,"A. Hunter, J. Zeqiri, R. Ukaj, S. Jules, T. Cheese",1,76,1.3,1.8,1,0,3,0,0,1,0,1,2,50,3,0,3,0,0,0,1,0,5,2,2,100,1,1,100,0,0,0,0,0,0,2,1,1,0,2,1.7,2.0,59.9,250,-190.1,250,59.9,190.1,-4,0,0,0,0,0,0,0,0,0,0,0,0,0,0,0,0,0,0,0,0,0,0,0,0,0,0,0,0,0,0,0,0
GO+Peja,"A. Hajdari, C. Edwards, C. Williams, D. Davis, M. Mala",Trepça,"A. Vining, D. Kapiti, J. Payne, M. Amzil, M. Tmusic",1,58,1.0,1.8,1,0,1,0,0,1,0,1,2,50,0,1,1,0,0,0,0,2,3,0,0,0,0,0,0,3,4,75,0,1,1,1,0,0,0,0,1.9,1.8,53.2,170.5,-117.3,170.5,53.2,117.3,-2,0,0,0,0,0,0,0,0,0,0,0,0,0,0,0,0,0,0,0,0,0,0,0,0,0,0,0,0,0,0,0,0
Bora,"A. Hunter, C. Bragg Jr, J. Zeqiri, R. Memedi, T. Cheese",Sigal Prishtina,"A. Bailey, A. Lomax, A. Morina, A. Sinani, D. Williams",1,83,1.4,1.8,2,0,0,0,0,0,0,2,4,50,0,1,1,1,1,0,0,0,0,0,2,0,0,1,0,0,0,0,1,2,3,0,0,0,1,2,1.8,1.9,113.6,0,113.6,0,113.6,-113.6,2,0,0,0,0,0,0,0,0,0,0,0,0,0,0,0,0,0,0,0,0,0,0,0,0,0,0,0,0,0,0,0,0
Vëllaznimi,"A. Bedra, A. Koshi, E. Cingu, J. Ismajli, Z. Ried",Bashkimi,"A. Morina, D. Lake, J. Bailey, K. Anderson, V. Bunjaku",1,53,0.9,1.7,0,0,0,0,0,0,0,0,0,0,0,1,1,0,0,0,1,1,2,1,1,100,0,0,0,0,1,0,0,0,0,1,0,0,1,0,1.0,2.4,0,82,-82,82,0,82,-2,0,0,0,0,0,0,0,0,0,0,0,0,0,0,0,0,0,0,0,0,0,0,0,0,0,0,0,0,0,0,0,0
Bora,"G. Singleton, O. Kurtaj, R. Memedi, R. Ukaj, S. Jules",Rahoveci 029,"B. Rexha, F. Rugova, I. Umipig, K. Pullian, P. Weeks",1,67,1.1,1.7,3,1,1,100,1,1,100,0,1,0,1,0,1,1,0,0,1,1,2,1,1,100,0,0,0,0,0,0,0,0,0,1,0,0,0,1,2.4,1.0,123,200,-77,200,123,77,1,0,0,0,0,0,0,0,0,0,0,0,0,0,0,0,0,0,0,0,0,0,0,0,0,0,0,0,0,0,0,0,0
Golden Eagle Ylli,"A. Çallakaj, G. Morina, J. Reece, L. Thomas, T. Allen",Vëllaznimi,"A. Koshi, J. Ismajli, L. Colimerio, M. Warrick, R. Dahsyla",1,74,1.2,1.7,0,0,1,0,0,1,0,0,1,0,0,1,1,0,1,0,0,0,0,0,1,0,0,0,0,0,0,0,0,2,2,0,0,0,1,1,1.4,2.0,0,0,0,0,0,0,0,0,0,0,0,0,0,0,0,0,0,0,0,0,0,0,0,0,0,0,0,0,0,0,0,0,0,0,0,0,0,0,0
Bora,"A. Mekic, G. Singleton, J. Zeqiri, R. Memed, S. Jules",GO+Peja,"C. Edwards, J. Johnson, M. Armstead, M. Mala, S. Flateen",1,47,0.8,1.7,2,1,1,100,0,0,0,0,0,0,0,0,0,0,0,0,0,1,5,2,2,100,0,0,0,1,1,100,0,0,0,2,0,0,0,0,1.0,2.4,200,204.9,-4.9,204.9,200,4.9,-3,0,0,0,0,0,0,0,0,0,0,0,0,0,0,0,0,0,0,0,0,0,0,0,0,0,0,0,0,0,0,0,0
Vëllaznimi,"A. Koshi, L. Colimerio, M. Warrick, R. Dahsyla, Y. Anei",Bora,"A. Mekic, G. Singleton, J. Zeqiri, R. Memedi, S. Jules",1,49,0.8,1.7,3,1,1,100,0,0,0,1,1,100,0,1,1,0,1,0,0,0,0,0,2,0,0,0,0,0,0,0,1,0,1,0,0,0,1,2,1.4,1.9,208.3,0,208.3,0,208.3,-208.3,3,0,0,0,0,0,0,0,0,0,0,0,0,0,0,0,0,0,0,0,0,0,0,0,0,0,0,0,0,0,0,0,0
Golden Eagle Ylli,"G. Morina, L. Basic, L. Shoshi, L. Thomas, T. Allen",Bashkimi,"D. Lake, I. Cousins, J. Palokaj, K. Anderson, V. Bunjaku",1,32,0.5,1.7,3,1,1,100,0,0,0,1,1,100,0,0,0,1,0,0,1,1,0,0,0,0,0,0,0,0,0,0,0,0,0,0,1,0,1,0,2.4,1.0,123,0,123,0,123,-123,3,0,0,0,0,0,0,0,0,0,0,0,0,0,0,0,0,0,0,0,0,0,0,0,0,0,0,0,0,0,0,0,0
Bora,"A. Hot, A. Mekic, J. Zeqiri, R. Memedi, S. Jules",Trepça,"A. Arslanagic, D. Hajrizi, J. Payne, M. Tmusic, S. Jones",1,39,0.7,1.7,3,1,2,50,0,0,0,1,2,50,1,0,1,1,0,0,0,0,3,1,1,100,1,1,100,0,0,0,0,1,1,0,0,0,0,0,2.3,1.0,127.9,300,-172.1,300,127.9,172.1,0,0,0,0,0,0,0,0,0,0,0,0,0,0,0,0,0,0,0,0,0,0,0,0,0,0,0,0,0,0,0,0,0
Sigal Prishtina,"A. Azemi, A. Bailey, D. Burns, D. Haxhosaj, L. Autrey",Golden Eagle Ylli,"A. Gashi, B. Huffman, E. Kastrati, J. Reece, L. Basic",1,101,1.7,1.7,2,0,4,0,0,0,0,2,2,100,4,0,4,0,0,0,1,1,3,1,1,100,0,0,0,1,2,50,0,0,0,2,1,0,0,3,1.6,1.9,125,159.6,-34.6,159.6,125,34.6,-1,0,0,0,0,0,0,0,0,0,0,0,0,0,0,0,0,0,0,0,0,0,0,0,0,0,0,0,0,0,0,0,0
Rahoveci 029,"E. Peci, H. Durguti, I. Umipig, J. Roche, K. Ujkani",Bora,"A. Hunter, A. Mekic, G. Zeqiri, R. Ukaj, S. Jules",1,61,1.0,1.7,4,1,3,33.3,1,2,50,1,2,50,2,1,3,0,0,0,0,0,0,0,1,0,0,1,0,0,0,0,0,1,1,0,0,0,0,1,2.5,1.0,163,0,163,0,163,-163,4,0,0,0,0,0,0,0,0,0,0,0,0,0,0,0,0,0,0,0,0,0,0,0,0,0,0,0,0,0,0,0,0
Bora,"A. Hot, A. Hunter, R. Ukaj, S. Jules, T. Cheese",Sigal Prishtina,"A. Azemi, A. Bailey, D. Burns, D. Haxhosaj, K. Kramer",1,79,1.3,1.7,1,0,0,0,0,0,0,1,1,100,0,0,0,0,0,0,1,0,4,2,2,100,0,0,0,0,0,0,0,0,0,0,0,0,0,1,1.4,2.0,69.4,200,-130.6,200,69.4,130.6,-3,0,0,0,0,0,0,0,0,0,0,0,0,0,0,0,0,0,0,0,0,0,0,0,0,0,0,0,0,0,0,0,0
Bora,"A. Hunter, A. Mekic, C. Payton, G. Zeqiri, J. Zeqiri",Sigal Prishtina,"A. Azemi, A. Bailey, D. Burns, D. Polloshka, K. Kramer",1,68,1.1,1.7,3,1,1,100,1,1,100,0,0,0,0,0,0,0,0,0,0,1,4,1,1,100,0,0,0,2,3,66.7,0,0,0,1,0,0,0,0,1.0,2.3,300,172.4,127.6,172.4,300,-127.6,-1,0,0,0,0,0,0,0,0,0,0,0,0,0,0,0,0,0,0,0,0,0,0,0,0,0,0,0,0,0,0,0,0
Bora,"A. Hot, A. Hunter, A. Mekic, J. Zeqiri, S. Jules",Sigal Prishtina,"A. Azemi, A. Bailey, D. Burns, D. Polloshka, K. Kramer",1,79,1.3,1.7,4,2,2,100,0,0,0,0,0,0,0,0,0,2,0,0,0,1,3,1,1,100,0,0,0,1,1,100,0,0,0,1,0,0,0,0,2.0,1.4,200,208.3,-8.3,208.3,200,8.3,1,0,0,0,0,0,0,0,0,0,0,0,0,0,0,0,0,0,0,0,0,0,0,0,0,0,0,0,0,0,0,0,0
Golden Eagle Ylli,"A. Çallakaj, B. Huffman, E. Kastrati, L. Thomas, T. Allen",GO+Peja,"A. Herndon, C. Edwards, D. Berisha, J. Johnson, M. Mala",1,66,1.1,1.7,2,1,2,50,0,0,0,0,0,0,0,0,0,1,0,0,0,2,3,1,1,100,0,0,0,1,1,100,0,1,1,0,0,0,0,0,2.0,1.4,100,208.3,-108.3,208.3,100,108.3,-1,0,0,0,0,0,0,0,0,0,0,0,0,0,0,0,0,0,0,0,0,0,0,0,0,0,0,0,0,0,0,0,0
Trepça,"D. Hajrizi, D. Kapiti, J. Payne, M. Tmusic, S. Henry",Vëllaznimi,"A. Koshi, L. Colimerio, M. Warrick, S. Zekiqi, Z. Reid",1,57,0.9,1.7,3,1,2,50,1,1,100,0,0,0,0,1,1,1,0,0,0,1,2,1,1,100,0,0,0,0,1,0,0,1,1,1,0,0,0,0,2.0,1.4,150,138.9,11.1,138.9,150,-11.1,1,0,0,0,0,0,0,0,0,0,0,0,0,0,0,0,0,0,0,0,0,0,0,0,0,0,0,0,0,0,0,0,0
Bashkimi,"B. Bytyqi, K. Anderson, M. Ismaili, M. Janjeva, T. Bickerstaff",Trepça,"A. Arslanagic, B. Tuna, D. Kapiti, J. Payne, M. Amzil",1,44,0.7,1.7,0,0,3,0,0,1,0,0,0,0,1,1,2,0,0,1,0,1,2,1,3,33.3,0,1,0,0,1,0,2,1,3,0,0,0,0,1,1.4,2.0,0,99.3,-99.3,99.3,0,99.3,-2,0,0,0,0,0,0,0,0,0,0,0,0,0,0,0,0,0,0,0,0,0,0,0,0,0,0,0,0,0,0,0,0
Bashkimi,"K. Anderson, L. Zeqiri, M. Janjeva, T. Bickerstaff, V. Gjecaj",Trepça,"C. Brown, D. Hajrizi, J. Payne, M. Tmusic, S. Henry",1,45,0.8,1.7,2,1,2,50,0,0,0,0,0,0,0,0,0,1,0,0,0,1,3,1,1,100,0,0,0,1,1,100,0,1,1,0,0,0,0,0,2.0,1.4,100,208.3,-108.3,208.3,100,108.3,-1,0,0,0,0,0,0,0,0,0,0,0,0,0,0,0,0,0,0,0,0,0,0,0,0,0,0,0,0,0,0,0,0
Bora,"A. Hot, C. Payton, J. Zeqiri, S. Jules, T. Cheese",Vëllaznimi,"A. Koshi, J. Hellems, L. Colimerio, R. Dahsyla, Z. Reid",1,46,0.8,1.7,0,0,1,0,0,1,0,0,0,0,0,1,1,0,0,0,0,1,3,1,2,50,0,0,0,1,2,50,1,1,2,0,0,0,0,0,1.0,2.3,0,127.9,-127.9,127.9,0,127.9,-3,0,0,0,0,0,0,0,0,0,0,0,0,0,0,0,0,0,0,0,0,0,0,0,0,0,0,0,0,0,0,0,0
Vëllaznimi,"A. Koshi, J. Hellems, L. Colimerio, R. Dahsyla, S. Zekiqi",Rahoveci 029,"F. Rugova, H. Durguti, J. Johnson, J. Roche, K. Pullian",1,40,0.7,1.7,2,1,1,100,0,0,0,0,0,0,0,1,1,1,0,0,0,1,0,0,2,0,0,1,0,0,2,0,2,0,2,0,0,0,1,0,1.0,2.5,200,0,200,0,200,-200,2,0,0,0,0,0,0,0,0,0,0,0,0,0,0,0,0,0,0,0,0,0,0,0,0,0,0,0,0,0,0,0,0
Bora,"A. Hot, A. Hunter, A. Mekic, R. Memedi, S. Jules",Golden Eagle Ylli,"A. Gashi, B. Huffman, E. Kastrati, J. Reece, T. Allen",1,63,1.1,1.7,1,0,1,0,0,1,0,1,1,100,0,2,2,0,0,0,0,0,0,0,2,0,0,1,0,0,0,0,0,1,1,0,0,0,0,1,1.4,2.0,69.4,0,69.4,0,69.4,-69.4,1,0,0,0,0,0,0,0,0,0,0,0,0,0,0,0,0,0,0,0,0,0,0,0,0,0,0,0,0,0,0,0,0
Bashkimi,"I. Cousins, L. Zeqiri, S. Shorter, T. Bickerstaff, V. Bunajku",Bora,"A. Hunter, G. Zeqiri, R. Ukaj, S. Jules, T. Cheese",1,40,0.7,1.7,0,0,0,0,0,0,0,0,1,0,0,0,0,0,1,0,1,1,2,1,1,100,0,0,0,0,0,0,0,1,1,0,0,0,1,0,1.4,2.0,0,100,-100,100,0,100,-2,0,0,0,0,0,0,0,0,0,0,0,0,0,0,0,0,0,0,0,0,0,0,0,0,0,0,0,0,0,0,0,0
Bashkimi,"I. Cousins, M. Janjeva, S. Shorter, T. Bickerstaff, V. Bunajku",Bora,"A. Hot, A. Hunter, L. Thomas, R. Memedi, T. Cheese",1,79,1.3,1.7,0,0,2,0,0,0,0,0,0,0,0,0,0,0,0,0,0,3,3,1,1,100,0,0,0,1,1,100,0,2,2,0,0,0,0,0,2.0,1.4,0,208.3,-208.3,208.3,0,208.3,-3,0,0,0,0,0,0,0,0,0,0,0,0,0,0,0,0,0,0,0,0,0,0,0,0,0,0,0,0,0,0,0,0
Golden Eagle Ylli,"D. Hall, E. Kastrati, L. Basic, L. Shoshi, T. Allen",Rahoveci 029,"A. Berisha, F. Rugova, J. Jonson, J. Roche, K. Pullian",1,49,0.8,1.7,6,2,2,100,2,2,100,0,1,0,0,1,1,2,0,0,0,0,0,0,1,0,0,0,0,0,0,0,0,1,1,0,0,0,0,1,2.4,1.0,245.9,0,245.9,0,245.9,-245.9,6,0,0,0,0,0,0,0,0,0,0,0,0,0,0,0,0,0,0,0,0,0,0,0,0,0,0,0,0,0,0,0,0
Trepça,"A. Gashi, B. Zekiqi, D. Kapiti, E. Asllani, V. Haliti",Sigal Prishtina,"E. Clarance, K. Dukes, L. Loxha, L. Zeneli, N. Zuka",1,52,0.9,1.7,3,1,3,33.3,0,2,0,1,2,50,2,0,2,0,0,1,0,0,3,1,3,33.3,1,2,50,0,0,0,2,1,3,1,0,0,0,0,2.5,0.9,122.3,348.8,-226.6,348.8,122.3,226.6,0,0,0,0,0,0,0,0,0,0,0,0,0,0,0,0,0,0,0,0,0,0,0,0,0,0,0,0,0,0,0,0,0
Golden Eagle Ylli,"A. Scott, G. Morina, L. Shoshi, S. Bamforth, T. Allen",Sigal Prishtina,"A. Bailey, D. Burns, D. Polloshka, K. Dukes, V. Kakruki",1,87,1.4,1.7,3,0,1,0,0,0,0,3,4,75,1,0,1,0,0,0,0,1,4,1,2,50,0,1,0,2,2,100,1,0,1,0,0,0,0,2,1.7,1.8,177.5,221,-43.5,221,177.5,43.5,-1,0,0,0,0,0,0,0,0,0,0,0,0,0,0,0,0,0,0,0,0,0,0,0,0,0,0,0,0,0,0,0,0
Bashkimi,"I. Nwamu, L. Zeqiri, M. Armstead, M. Ismaili, T. Bickerstaff",Rahoveci 029,"A. Berisha, A. Thomas, J. Johnson, K. Pullian, K. Ujkani",1,52,0.9,1.7,3,1,2,50,0,1,0,1,1,100,0,0,0,0,0,0,0,0,2,1,1,100,0,0,0,0,0,0,0,1,1,1,0,0,0,2,2.4,1.0,123,200,-77,200,123,77,1,0,0,0,0,0,0,0,0,0,0,0,0,0,0,0,0,0,0,0,0,0,0,0,0,0,0,0,0,0,0,0,0
Golden Eagle Ylli,"A. Scott, E. Kastrati, G. Morina, L. Basic, L. Shoshi",Vëllaznimi,"A. Gordon, A. Koshi, A. Rushiti, J. Hellems, Z. Reid",1,60,1.0,1.7,2,1,2,50,0,1,0,0,0,0,0,1,1,0,0,0,0,2,0,0,1,0,0,1,0,0,2,0,1,1,2,0,0,0,0,0,2.0,1.3,100,0,100,0,100,-100,2,0,0,0,0,0,0,0,0,0,0,0,0,0,0,0,0,0,0,0,0,0,0,0,0,0,0,0,0,0,0,0,0
Bora,"A. Hot, A. Hunter, L. Thomas, R. Memedi, S. Jules",GO+Peja,"A. Herndon, C. Edwards, F. Shoshaj, O. Williams, S. Llapi",1,65,1.1,1.7,2,1,2,50,0,1,0,0,1,0,0,0,0,0,0,0,0,1,2,1,1,100,0,0,0,0,0,0,0,2,2,0,0,0,0,1,2.4,1.0,82,200,-118,200,82,118,0,0,0,0,0,0,0,0,0,0,0,0,0,0,0,0,0,0,0,0,0,0,0,0,0,0,0,0,0,0,0,0,0
Rahoveci 029,"B. Rexha, F. Rugova, I. Umipig, J. Johnson, J. Roche",Sigal Prishtina,"A. Bailey, A. Morina, E. Clarence, K. Dukes, V. Kakruki",1,58,1.0,1.7,0,0,2,0,0,1,0,0,2,0,2,0,2,0,0,0,1,0,3,1,1,100,1,1,100,0,0,0,0,1,1,1,0,0,0,1,2.5,1.0,0,300,-300,300,0,300,-3,0,0,0,0,0,0,0,0,0,0,0,0,0,0,0,0,0,0,0,0,0,0,0,0,0,0,0,0,0,0,0,0
Rahoveci 029,"A. Thomas, F. Rugova, J. Johnson, K. Pullian, V. Ejupi",Sigal Prishtina,"A. Bailey, D. Polloshka, E. Clarence, J. Ismajli, K. Dukes",1,61,1.0,1.7,0,0,1,0,0,0,0,0,1,0,0,1,1,0,0,0,0,1,2,0,1,0,0,1,0,2,2,100,0,1,1,1,0,0,0,1,1.4,1.9,0,106.4,-106.4,106.4,0,106.4,-2,0,0,0,0,0,0,0,0,0,0,0,0,0,0,0,0,0,0,0,0,0,0,0,0,0,0,0,0,0,0,0,0
GO+Peja,"A. Hajdari, F. Shoshaj, L. Routt, O. Williams, S. Llapi",Rahoveci 029,"A. Berisha, A. Thomas, F. Rugova, H. Durguti, J. Johnson",1,51,0.8,1.7,0,0,0,0,0,0,0,0,0,0,0,2,2,0,0,0,2,0,0,0,1,0,0,1,0,0,1,0,0,0,0,0,1,0,0,0,2.0,1.4,0,0,0,0,0,0,0,0,0,0,0,0,0,0,0,0,0,0,0,0,0,0,0,0,0,0,0,0,0,0,0,0,0,0,0,0,0,0,0
Vëllaznimi,"J. Hellems, R. Dahsyla, S. Zekiqi, Y. Anei, Z. Reid",Bora,"A. Hot, A. Mekic, R. Ukaj, S. Jules, T. Cheese",1,31,0.5,1.7,0,0,0,0,0,0,0,0,0,0,0,0,0,0,0,0,1,2,5,1,1,100,0,0,0,3,3,100,0,0,0,2,1,0,0,0,1.0,2.3,0,215.5,-215.5,215.5,0,215.5,-5,0,0,0,0,0,0,0,0,0,0,0,0,0,0,0,0,0,0,0,0,0,0,0,0,0,0,0,0,0,0,0,0
Trepça,"A. Vining, B. Tuna, K. Hasbrouck, M. Amzil, S. Jones",Golden Eagle Ylli,"A. Scott, A. Çallakaj, B. Huffman, E. Kastrati, G. Morina",1,42,0.7,1.7,3,1,1,100,1,1,100,0,0,0,0,1,1,0,0,0,0,1,4,1,1,100,0,0,0,2,3,66.7,0,0,0,0,0,0,0,0,1.0,2.3,300,172.4,127.6,172.4,300,-127.6,-1,0,0,0,0,0,0,0,0,0,0,0,0,0,0,0,0,0,0,0,0,0,0,0,0,0,0,0,0,0,0,0,0
Trepça,"B. Tuna, D. Kapiti, K. Hasbrouck, M. Tmusic, S. Jones",Golden Eagle Ylli,"A. Çallakaj, B. Huffman, E. Kastrati, L. Basic, S. Bamforth",1,58,1.0,1.7,2,1,3,33.3,0,1,0,0,0,0,1,1,2,0,0,0,0,2,2,1,1,100,0,0,0,0,1,0,0,1,1,1,0,0,0,0,1.9,1.4,103.6,138.9,-35.3,138.9,103.6,35.3,0,0,0,0,0,0,0,0,0,0,0,0,0,0,0,0,0,0,0,0,0,0,0,0,0,0,0,0,0,0,0,0,0
Golden Eagle Ylli,"A. Scott, B. Huffman, E. Kastrati, G. Morina, J. Gray",Bashkimi,"D. Lake, I. Nwamu, L. Zeqiri, M. Armstead, S. Shorter",1,32,0.5,1.7,0,0,0,0,0,0,0,0,0,0,0,0,0,0,0,0,1,1,5,1,1,100,0,0,0,3,3,100,0,0,0,0,0,0,0,0,1.0,2.3,0,215.5,-215.5,215.5,0,215.5,-5,0,0,0,0,0,0,0,0,0,0,0,0,0,0,0,0,0,0,0,0,0,0,0,0,0,0,0,0,0,0,0,0
Bora,"A. Hot, A. Hunter, L. Thomas, R. Ukaj, T. Cheese",Trepça,"A. Vining, D. Hajrizi, J. Payne, M. Tmusic, S. Jones",1,43,0.7,1.7,6,2,2,100,1,1,100,1,1,100,0,1,1,2,0,0,0,0,0,0,1,0,0,1,0,0,0,0,0,0,0,0,0,0,0,1,2.4,1.0,245.9,0,245.9,0,245.9,-245.9,6,0,0,0,0,0,0,0,0,0,0,0,0,0,0,0,0,0,0,0,0,0,0,0,0,0,0,0,0,0,0,0,0
Vëllaznimi,"A. Koshi, D. Wilson, R. Dahsyla, Y. Anei, Z. Reid",Sigal Prishtina,"A. Bailey, A. Sinani, D. Polloshka, E. Clarance, V. Kakruki",1,38,0.6,1.7,0,0,1,0,0,0,0,0,0,0,0,1,1,0,0,0,0,1,3,1,1,100,0,0,0,1,3,33.3,0,1,1,1,0,0,0,0,1.0,2.3,0,129.3,-129.3,129.3,0,129.3,-3,0,0,0,0,0,0,0,0,0,0,0,0,0,0,0,0,0,0,0,0,0,0,0,0,0,0,0,0,0,0,0,0
Bora,"A. Hunter, J. Zeqiri, L. Thomas, R. Memedi, T. Cheese",Bashkimi,"I. Nwamu, K. Anderson, L. Zeqiri, S. Shorter, V. Bunjaku",1,51,0.8,1.7,2,1,1,100,0,0,0,0,0,0,0,1,1,0,0,0,1,0,1,0,1,0,0,1,0,1,1,100,0,0,0,0,0,0,0,2,2.0,1.4,100,69.4,30.6,69.4,100,-30.6,1,0,0,0,0,0,0,0,0,0,0,0,0,0,0,0,0,0,0,0,0,0,0,0,0,0,0,0,0,0,0,0,0
Rahoveci 029,"B. Rexha, J. Mccormick, K. Pullian, N. Mcleod, V. Ejupi",Golden Eagle Ylli,"D. Thomas, E. Kastrati, L. Basic, S. Bamforth, T. Smith",1,40,0.7,1.7,3,1,2,50,0,0,0,1,2,50,1,1,2,0,0,0,0,1,0,0,1,0,0,1,0,0,0,0,0,1,1,0,0,0,0,0,2.3,1.0,127.9,0,127.9,0,127.9,-127.9,3,0,0,0,0,0,0,0,0,0,0,0,0,0,0,0,0,0,0,0,0,0,0,0,0,0,0,0,0,0,0,0,0
Rahoveci 029,"A. Thomas, B. Rexha, F. Rugova, K. Pullian, N. Mcleod",Golden Eagle Ylli,"A. Scott, D. Conger, G. Morina, S. Bamforth, T. Smith",1,31,0.5,1.7,0,0,0,0,0,0,0,0,0,0,0,0,0,0,0,0,2,2,3,1,1,100,0,0,0,1,1,100,0,0,0,1,0,0,0,0,2.0,1.4,0,208.3,-208.3,208.3,0,208.3,-3,0,0,0,0,0,0,0,0,0,0,0,0,0,0,0,0,0,0,0,0,0,0,0,0,0,0,0,0,0,0,0,0
Sigal Prishtina,"A. Bailey, A. Lomax, A. Morina, E. Clarence, V. Kakruki",Trepça,"D. Hajrizi, J. Payne, K. Hasbrouck, S. Henry, S. Jones",1,60,1.0,1.7,3,1,2,50,0,1,0,1,1,100,0,0,0,1,0,0,0,1,3,1,1,100,1,1,100,0,0,0,0,1,1,1,0,0,0,0,2.4,1.0,123,300,-177,300,123,177,0,0,0,0,0,0,0,0,0,0,0,0,0,0,0,0,0,0,0,0,0,0,0,0,0,0,0,0,0,0,0,0,0
GO+Peja,"A. Hajdari, C. Edwards, M. Mala, O. Williams, T. Green",Vëllaznimi,"A. Gordon, D. Wilson, J. Hellems, R. Dahsyla, S. Zekiqi",1,53,0.9,1.7,0,0,1,0,0,1,0,0,0,0,0,1,1,0,0,0,0,1,3,1,2,50,0,1,0,1,1,100,0,1,1,0,0,0,0,1,1.0,2.4,0,123,-123,123,0,123,-3,0,0,0,0,0,0,0,0,0,0,0,0,0,0,0,0,0,0,0,0,0,0,0,0,0,0,0,0,0,0,0,0
GO+Peja,"C. Edwards, C. Williams, D. Bracey, M. Mala, S. Llapi",Trepça,"D. Hajrizi, D. Kapiti, J. Payne, M. Tmusic, S. Henry",1,35,0.6,1.7,1,0,1,0,0,1,0,1,1,100,0,2,2,0,0,0,0,0,0,0,2,0,0,1,0,0,0,0,0,1,1,0,0,0,0,0,1.4,2.0,69.4,0,69.4,0,69.4,-69.4,1,0,0,0,0,0,0,0,0,0,0,0,0,0,0,0,0,0,0,0,0,0,0,0,0,0,0,0,0,0,0,0,0
Sigal Prishtina,"A. Bailey, A. Lomax, A. Morina, E. Clarance, V. Kakruki",Golden Eagle Ylli,"D. Sabeckis, D. Thomas, E. Kastrati, S. Bamforth, T. Smith",1,51,0.8,1.7,3,1,2,50,0,1,0,1,1,100,0,1,1,0,0,0,0,0,0,0,2,0,0,1,0,0,0,0,1,1,2,0,0,0,0,1,2.4,0.9,123,0,123,0,123,-123,3,0,0,0,0,0,0,0,0,0,0,0,0,0,0,0,0,0,0,0,0,0,0,0,0,0,0,0,0,0,0,0,0
Rahoveci 029,"A. Berisha, A. Thomas, F. Rugova, J. Mccorrmick, K. Pullian",Bora,"J. Dingle, J. Zeqiri, R. Memedi, R. Ukaj, T. Cheese",1,30,0.5,1.7,0,0,1,0,0,1,0,0,0,0,0,0,0,0,0,0,0,2,5,2,2,100,0,0,0,1,1,100,0,1,1,2,0,0,0,0,1.0,2.4,0,204.9,-204.9,204.9,0,204.9,-5,0,0,0,0,0,0,0,0,0,0,0,0,0,0,0,0,0,0,0,0,0,0,0,0,0,0,0,0,0,0,0,0
Vëllaznimi,"A. Koshi, A. Rushiti, D. Wilson, Y. Anei, Z. Reid",Golden Eagle Ylli,"A. Çallakaj, B. Pass, D. Sabeckis, G. Morina, L. Shoshi",1,31,0.5,1.7,1,0,0,0,0,0,0,1,1,100,0,0,0,0,1,0,2,1,0,0,0,0,0,0,0,0,0,0,0,0,0,0,0,0,1,0,2.4,1.0,41,0,41,0,41,-41,1,0,0,0,0,0,0,0,0,0,0,0,0,0,0,0,0,0,0,0,0,0,0,0,0,0,0,0,0,0,0,0,0
Sigal Prishtina,"A. Bailey, A. Lomax, A. Morina, D. Burns, V. Kakruki",Rahoveci 029,"F. Rugova, J. Mccorrmick, K. Pullian, N. Mcloud, V. Ejupi",1,70,1.2,1.7,0,0,1,0,0,0,0,0,0,0,1,0,1,0,0,0,1,1,5,2,2,100,0,0,0,1,1,100,0,0,0,1,0,0,0,0,0.9,2.4,0,204.9,-204.9,204.9,0,204.9,-5,0,0,0,0,0,0,0,0,0,0,0,0,0,0,0,0,0,0,0,0,0,0,0,0,0,0,0,0,0,0,0,0
Trepça,"A. Vining, B. Tuna, D. Kapiti, K. Hasbrouck, M. Amzil",GO+Peja,"C. Edwards, F. Shoshaj, J. Johnson, O. Williams, S. Llapi",1,68,1.1,1.6,2,1,1,100,0,0,0,0,0,0,0,1,1,0,0,0,0,1,0,0,1,0,0,1,0,0,0,0,0,0,0,0,0,0,1,0,1.0,2.0,200,0,200,0,200,-200,2,0,0,0,0,0,0,0,0,0,0,0,0,0,0,0,0,0,0,0,0,0,0,0,0,0,0,0,0,0,0,0,0
Vëllaznimi,"A. Rushiti, D. Wilson, J. Hellems, R. Dahsyla, Y. Anei",Bora,"A. Mekic, J. Zeqiri, R. Ukaj, S. Jules, T. Cheese",1,36,0.6,1.6,3,1,2,50,1,1,100,0,0,0,0,0,0,1,0,0,0,0,2,1,1,100,0,0,0,0,0,0,0,1,1,1,0,0,0,0,2.0,1.0,150,200,-50,200,150,50,1,0,0,0,0,0,0,0,0,0,0,0,0,0,0,0,0,0,0,0,0,0,0,0,0,0,0,0,0,0,0,0,0
Rahoveci 029,"A. Thomas, F. Rugova, J. Mccorrmick, K. Pullian, V. Ejupi",Bashkimi,"D. Lake, J. Riley, L. Zeqiri, M. Janjeva, S. Shorter",1,62,1.0,1.6,3,1,2,50,0,1,0,1,1,100,1,1,2,1,0,0,0,0,2,1,3,33.3,0,0,0,0,0,0,1,0,1,0,0,0,0,1,1.4,1.9,219,103.6,115.4,103.6,219,-115.4,1,0,0,0,0,0,0,0,0,0,0,0,0,0,0,0,0,0,0,0,0,0,0,0,0,0,0,0,0,0,0,0,0
Bora,"A. Hunter, C. Bragg Jr, J. Dingle, J. Zeqiri, R. Memedi",Sigal Prishtina,"A. Bailey, A. Morina, D. Burns, E. Clarance, V. Kakruki",1,58,1.0,1.6,3,0,2,0,0,1,0,3,3,100,1,1,2,0,0,0,0,1,0,0,1,0,0,0,0,0,0,0,0,1,1,0,0,0,0,1,2.2,1.0,133.3,0,133.3,0,133.3,-133.3,3,0,0,0,0,0,0,0,0,0,0,0,0,0,0,0,0,0,0,0,0,0,0,0,0,0,0,0,0,0,0,0,0
Trepça,"D. Hajrizi, D. Kapiti, J. Payne, K. Hasbrouck, S. Henry",Vëllaznimi,"A. Gordon, A. Koshi, A. Rushiti, D. Wilson, J. Hellems",1,53,0.9,1.6,5,1,1,100,0,0,0,3,3,100,0,0,0,0,0,0,0,0,0,0,1,0,0,1,0,0,0,0,1,0,1,0,0,0,1,2,2.3,0.9,215.5,0,215.5,0,215.5,-215.5,5,0,0,0,0,0,0,0,0,0,0,0,0,0,0,0,0,0,0,0,0,0,0,0,0,0,0,0,0,0,0,0,0
GO+Peja,"C. Edwards, C. Williams, D. Bracey, M. Mala, S. Llapi",Bora,"A. Hot, J. Zeqiri, R. Memedi, S. Jules, T. Cheese",1,53,0.9,1.6,3,1,2,50,0,0,0,1,2,50,1,0,1,0,0,0,0,3,2,0,0,0,0,0,0,2,2,100,0,1,1,1,0,0,0,0,2.3,0.9,127.9,227.3,-99.3,227.3,127.9,99.3,1,0,0,0,0,0,0,0,0,0,0,0,0,0,0,0,0,0,0,0,0,0,0,0,0,0,0,0,0,0,0,0,0
Sigal Prishtina,"A. Bailey, A. Lomax, A. Morina, D. Burns, V. Kakruki",Rahoveci 029,"A. Thomas, B. Rexha, K. Pullian, N. Mcloud, V. Ejupi",1,18,0.3,1.6,4,0,0,0,0,0,0,4,5,80,0,0,0,1,1,0,0,1,0,0,0,0,0,0,0,0,0,0,0,0,0,0,0,0,1,1,2.2,1.0,181.8,0,181.8,0,181.8,-181.8,4,0,0,0,0,0,0,0,0,0,0,0,0,0,0,0,0,0,0,0,0,0,0,0,0,0,0,0,0,0,0,0,0
Vëllaznimi,"A. Bedra, A. Koshi, R. Dahsyla, U. Ahmeti, Z. Ried",Bashkimi,"B. Bytyqi, D. Lake, J. Bailey, T. Brickerstaff, V. Bunjaku",1,34,0.6,1.5,0,0,2,0,0,1,0,0,0,0,0,0,0,0,0,0,0,1,2,1,1,100,0,0,0,0,0,0,0,2,2,1,0,0,0,0,2.0,1.0,0,200,-200,200,0,200,-2,0,0,0,0,0,0,0,0,0,0,0,0,0,0,0,0,0,0,0,0,0,0,0,0,0,0,0,0,0,0,0,0
Vëllaznimi,"A. Koshi, E. Cingu, O. Dylazeka, U. Ahmeti, Z. Ried",Bashkimi,"B. Bytyqi, D. Lake, J. Bailey, J. Palokaj, V. Bunjaku",1,12,0.2,1.5,0,0,1,0,0,0,0,0,0,0,0,0,0,0,0,0,0,0,4,2,3,66.7,0,1,0,0,0,0,1,1,2,1,0,0,0,0,1.0,1.9,0,207.3,-207.3,207.3,0,207.3,-4,0,0,0,0,0,0,0,0,0,0,0,0,0,0,0,0,0,0,0,0,0,0,0,0,0,0,0,0,0,0,0,0
Trepça,"B. Tuna, C. Russell, D. Hajrizi, D. Kapiti, J. Payne",GO+ Peja,"A. Hajdari, A. Herndon, C. Edwards, D. Berisha, M. Armstread",1,66,1.1,1.5,3,1,3,33.3,1,3,33.3,0,0,0,1,0,1,1,0,0,0,0,2,1,1,100,0,0,0,0,0,0,0,1,1,0,0,0,0,0,1.9,1.0,155.4,200,-44.6,200,155.4,44.6,1,0,0,0,0,0,0,0,0,0,0,0,0,0,0,0,0,0,0,0,0,0,0,0,0,0,0,0,0,0,0,0,0
Golden Eagle Ylli,"E. Kastrati, G. Morina, J. Reece, L. Basic, T. Allen",Sigal Prishtina,"A. Azemi, D. Burns, L. Autrey, M. Janjeva, V. Kakruki",1,30,0.5,1.5,0,0,0,0,0,0,0,0,0,0,0,0,0,0,0,0,1,0,4,2,2,100,0,0,0,0,0,0,0,0,0,1,1,0,0,0,1.0,2.0,0,200,-200,200,0,200,-4,0,0,0,0,0,0,0,0,0,0,0,0,0,0,0,0,0,0,0,0,0,0,0,0,0,0,0,0,0,0,0,0
Golden Eagle Ylli,"E. Kastrati, G. Morina, L. Shoshi, L. Thomas, T. Allen",Sigal Prishtina,"A. Bailey, D. Burns, D. Polloshka, L. Autrey, M. Janjeva",1,18,0.3,1.5,2,1,2,50,0,0,0,0,0,0,0,1,1,0,0,0,0,0,0,0,0,0,0,0,0,0,2,0,0,1,1,0,0,0,0,1,2.0,0.9,100,0,100,0,100,-100,2,0,0,0,0,0,0,0,0,0,0,0,0,0,0,0,0,0,0,0,0,0,0,0,0,0,0,0,0,0,0,0,0
Bashkimi,"A. Morina, D. Lake, J. Baily, K. Anderson, L. Zeqiri",Rahoveci 029,"B. Rexha, F. Rugova, I. Umipig, K. Pullian, P. Weekes",1,67,1.1,1.5,0,0,0,0,0,0,0,0,0,0,0,0,0,0,0,0,2,2,0,0,1,0,0,0,0,0,0,0,1,0,1,0,2,0,1,0,2.0,0.9,0,0,0,0,0,0,0,0,0,0,0,0,0,0,0,0,0,0,0,0,0,0,0,0,0,0,0,0,0,0,0,0,0,0,0,0,0,0,0
Sigal Prishtina,"A. Azemi, D. Burns, D. Polloshka, M. Janjeva, V. Kakruki",Bora,"A. Mekic, G. Singleton, R. Memed, R. Ukaj, S. Jules",1,41,0.7,1.5,2,1,1,100,0,0,0,0,0,0,0,0,0,1,0,0,0,0,3,1,2,50,1,1,100,0,0,0,1,0,1,1,0,0,1,0,1.0,1.9,200,155.4,44.6,155.4,200,-44.6,-1,0,0,0,0,0,0,0,0,0,0,0,0,0,0,0,0,0,0,0,0,0,0,0,0,0,0,0,0,0,0,0,0
Sigal Prishtina,"A. Azemi, A. Bailey, D. Haxhosaj, D. Lekndreaj, D. Polloshka",Bora,"A. Mekic, O. Kurtaj, R. Memed, R. Ukaj, T. Jackson",1,63,1.1,1.5,0,0,2,0,0,0,0,0,0,0,0,0,0,0,1,0,0,0,0,0,0,0,0,0,0,0,0,0,0,2,2,0,0,0,1,0,2.0,1.0,0,0,0,0,0,0,0,0,0,0,0,0,0,0,0,0,0,0,0,0,0,0,0,0,0,0,0,0,0,0,0,0,0,0,0,0,0,0,0
Sigal Prishtina,"A. Azemi, A. Bailey, D. Haxhosaj, D. Lekndreaj, D. Polloshka",Bora,"A. Mekic, G. Zeqiri, O. Kurtaj, R. Ukaj, S. Jules",1,29,0.5,1.5,3,1,1,100,1,1,100,0,0,0,0,0,0,1,0,0,1,0,2,1,1,100,0,0,0,0,0,0,0,0,0,0,0,0,0,0,2.0,1.0,150,200,-50,200,150,50,1,0,0,0,0,0,0,0,0,0,0,0,0,0,0,0,0,0,0,0,0,0,0,0,0,0,0,0,0,0,0,0,0
GO+Peja,"A. Herndon, D. Berisha, J. Johnson, M. Mala, T. Green",Golden Eagle Ylli,"A. Çallakaj, B. Huffman, G. Morina, L. Basic, L. Thomas",1,21,0.3,1.5,0,0,0,0,0,0,0,0,0,0,0,1,1,0,0,0,2,1,0,0,1,0,0,1,0,0,0,0,0,0,0,0,0,0,0,0,2.0,1.0,0,0,0,0,0,0,0,0,0,0,0,0,0,0,0,0,0,0,0,0,0,0,0,0,0,0,0,0,0,0,0,0,0,0,0,0,0,0,0
Trepça,"A. Arslanagic, C. Brown, C. Rusell, D. Hajrizi, M. Tmusic",Bashkimi,"I. Cousins, J. Baily, L. Zeqiri, T. Bickerstaff, V. Bunjaku",1,36,0.6,1.5,0,0,0,0,0,0,0,0,0,0,0,0,0,0,0,0,1,1,4,2,3,66.7,0,1,0,0,0,0,1,0,1,0,1,0,0,0,1.0,1.9,0,207.3,-207.3,207.3,0,207.3,-4,0,0,0,0,0,0,0,0,0,0,0,0,0,0,0,0,0,0,0,0,0,0,0,0,0,0,0,0,0,0,0,0
Trepça,"A. Arslanagic, D. Kapiti, J. Payne, M. Amzil, M. Tmusic",Bashkimi,"D. Lake, I. Cousins, J. Palokaj, K. Anderson, V. Bunjaku",1,68,1.1,1.5,5,2,3,66.7,1,2,50,0,0,0,1,0,1,1,0,0,0,1,0,0,0,0,0,0,0,0,0,0,0,0,0,0,0,0,1,1,1.9,1.0,259.1,0,259.1,0,259.1,-259.1,5,0,0,0,0,0,0,0,0,0,0,0,0,0,0,0,0,0,0,0,0,0,0,0,0,0,0,0,0,0,0,0,0
Trepça,"A. Arslanagic, D. Kapiti, J. Payne, M. Amzil, M. Tmusic",Bashkimi,"D. Lake, I. Cousins, K. Anderson, L. Zeqiri, V. Bunjaku",1,68,1.1,1.5,2,1,2,50,0,1,0,0,0,0,0,0,0,1,0,0,0,2,2,1,2,50,0,0,0,0,0,0,1,1,2,0,0,0,0,0,2.0,0.9,100,215.1,-115.1,215.1,100,115.1,0,0,0,0,0,0,0,0,0,0,0,0,0,0,0,0,0,0,0,0,0,0,0,0,0,0,0,0,0,0,0,0,0
Bora,"A. Mekic, D. Taylor, J. Zeqiri, R. Ukaj, S. Jules",GO+Peja,"A. Herndon, D. Berisha, J. Johnson, M. Armstead, T. Green",1,73,1.2,1.5,2,1,1,100,0,0,0,0,0,0,0,1,1,0,0,0,0,1,3,1,2,50,1,1,100,0,0,0,0,0,0,1,0,0,0,0,1.0,2.0,200,150,50,150,200,-50,-1,0,0,0,0,0,0,0,0,0,0,0,0,0,0,0,0,0,0,0,0,0,0,0,0,0,0,0,0,0,0,0,0
Bora,"A. Mekic, D. Taylor, G. Singleton, R. Memed, S. Jules",GO+Peja,"C. Edwards, D. Berisha, J. Johnson, M. Mala, S. Flateen",1,42,0.7,1.5,2,1,1,100,0,0,0,0,0,0,0,0,0,0,1,0,1,0,0,0,0,0,0,0,0,0,0,0,0,0,0,0,0,0,1,0,2.0,1.0,100,0,100,0,100,-100,2,0,0,0,0,0,0,0,0,0,0,0,0,0,0,0,0,0,0,0,0,0,0,0,0,0,0,0,0,0,0,0,0
Bora,"A. Mekic, G. Singleton, J. Zeqiri, R. Memed, S. Jules",GO+Peja,"D. Berisha, J. Johnson, M. Armstead, S. Flateen, T. Green",1,54,0.9,1.5,2,1,2,50,0,0,0,0,0,0,1,1,2,0,1,0,0,0,0,0,1,0,0,1,0,0,0,0,0,0,0,0,0,0,1,1,0.9,2.0,215.1,0,215.1,0,215.1,-215.1,2,0,0,0,0,0,0,0,0,0,0,0,0,0,0,0,0,0,0,0,0,0,0,0,0,0,0,0,0,0,0,0,0
Rahoveci 029,"B. Rexha, I. Umipig, K. Pullian, P. Weekes, V. Ejupi",Sigal Prishtina,"D. Burns, D. Polloshka, L. Autrey, M. Janjeva, V. Kakruki",1,43,0.7,1.5,0,0,1,0,0,0,0,0,0,0,0,2,2,0,0,1,0,0,0,0,2,0,0,0,0,0,0,0,0,1,1,0,0,0,0,0,1.0,2.0,0,0,0,0,0,0,0,0,0,0,0,0,0,0,0,0,0,0,0,0,0,0,0,0,0,0,0,0,0,0,0,0,0,0,0,0,0,0,0
Rahoveci 029,"A. Berisha, B. Rexha, I. Umipig, J. Jones, K. Pullian",Sigal Prishtina,"D. Burns, D. Haxhosaj, D. Polloshka, L. Autrey, M. Janjeva",1,53,0.9,1.5,3,1,2,50,1,2,50,0,0,0,0,0,0,0,0,0,0,0,3,1,1,100,1,1,100,0,0,0,0,1,1,1,0,0,0,0,2.0,1.0,150,300,-150,300,150,150,0,0,0,0,0,0,0,0,0,0,0,0,0,0,0,0,0,0,0,0,0,0,0,0,0,0,0,0,0,0,0,0,0
Rahoveci 029,"E. Peci, F. Rugova, I. Umipig, J. Jones, P. Weekes",Sigal Prishtina,"D. Burns, D. Haxhosaj, D. Polloshka, K. Kramer, L. Autrey",1,73,1.2,1.5,0,0,1,0,0,0,0,0,0,0,0,1,1,0,0,0,0,0,2,1,2,50,0,0,0,0,0,0,0,1,1,1,0,0,0,1,1.0,2.0,0,100,-100,100,0,100,-2,0,0,0,0,0,0,0,0,0,0,0,0,0,0,0,0,0,0,0,0,0,0,0,0,0,0,0,0,0,0,0,0
Bashkimi,"D. Lake, I. Cousins, J. Palokaj, K. Anderson, V. Bunjaku",Sigal Prishtina,"A. Azemi, A. Bailey, B. Istrefi, D. Burns, D. Lekndreaj",1,38,0.6,1.5,0,0,0,0,0,0,0,0,0,0,0,0,0,0,0,0,2,1,3,1,2,50,1,2,50,0,0,0,1,0,1,1,0,0,0,0,2.0,0.9,0,322.6,-322.6,322.6,0,322.6,-3,0,0,0,0,0,0,0,0,0,0,0,0,0,0,0,0,0,0,0,0,0,0,0,0,0,0,0,0,0,0,0,0
GO+Peja,"A. Herndon, D. Berisha, J. Johnson, M. Armstead, T. Green",Rahoveci 029,"E. Peci, F. Rugova, I. Umipig, J. Jones, J. Roche",1,44,0.7,1.5,0,0,1,0,0,0,0,0,0,0,0,0,0,0,0,0,1,1,3,1,1,100,1,1,100,0,0,0,0,1,1,0,1,0,0,0,2.0,1.0,0,300,-300,300,0,300,-3,0,0,0,0,0,0,0,0,0,0,0,0,0,0,0,0,0,0,0,0,0,0,0,0,0,0,0,0,0,0,0,0
GO+Peja,"A. Hajdari, C. Edwards, D. Berisha, J. Johnson, T. Green",Rahoveci 029,"B. Rexha, E. Peci, I. Umipig, J. Jones, J. Roche",1,43,0.7,1.5,2,1,1,100,0,0,0,0,0,0,0,1,1,1,0,0,0,0,3,1,3,33.3,1,2,50,0,0,0,1,0,1,0,0,0,0,0,1.0,1.9,200,155.4,44.6,155.4,200,-44.6,-1,0,0,0,0,0,0,0,0,0,0,0,0,0,0,0,0,0,0,0,0,0,0,0,0,0,0,0,0,0,0,0,0
Vëllaznimi,"A. Koshi, L. Colimerio, M. Warrick, R. Dahsyla, Y. Anei",Bora,"D. Taylor, G. Singleton, J. Zeqiri, O. Kurtaj, T. Jackson",1,76,1.3,1.5,3,1,1,100,1,1,100,0,0,0,0,0,0,0,0,0,0,1,2,1,2,50,0,1,0,0,0,0,1,0,1,1,0,0,1,0,1.0,1.9,300,103.6,196.4,103.6,300,-196.4,1,0,0,0,0,0,0,0,0,0,0,0,0,0,0,0,0,0,0,0,0,0,0,0,0,0,0,0,0,0,0,0,0
Trepça,"A. Arslanagic, B. Tuna, C. Brown, D. Hajrizi, J. Payne",Golden Eagle Ylli,"A. Çallakaj, B. Huffman, G. Morina, L. Thomas, T. Allen",1,65,1.1,1.5,2,1,2,50,0,1,0,0,0,0,1,0,1,1,0,0,1,1,3,1,1,100,1,1,100,0,0,0,0,0,0,1,0,0,0,0,1.9,1.0,103.6,300,-196.4,300,103.6,196.4,-1,0,0,0,0,0,0,0,0,0,0,0,0,0,0,0,0,0,0,0,0,0,0,0,0,0,0,0,0,0,0,0,0
Golden Eagle Ylli,"A. Çallakaj, G. Morina, L. Shoshi, L. Thomas, T. Allen",Bashkimi,"D. Lake, I. Cousins, J. Bailey, J. Palokaj, V. Bunjaku",1,64,1.1,1.5,2,1,2,50,0,1,0,0,0,0,0,0,0,0,0,0,0,1,3,1,1,100,1,1,100,0,0,0,0,1,1,1,0,0,0,0,2.0,1.0,100,300,-200,300,100,200,-1,0,0,0,0,0,0,0,0,0,0,0,0,0,0,0,0,0,0,0,0,0,0,0,0,0,0,0,0,0,0,0,0
Golden Eagle Ylli,"A. Çallakaj, J. Reece, L. Basic, L. Shoshi, T. Allen",Bashkimi,"A. Morina, I. Cousins, J. Palokaj, K. Anderson, T. Bickerstaff",1,67,1.1,1.5,3,1,1,100,1,1,100,0,0,0,0,1,1,1,1,0,0,0,0,0,1,0,0,0,0,0,0,0,0,0,0,0,0,0,1,1,1.0,2.0,300,0,300,0,300,-300,3,0,0,0,0,0,0,0,0,0,0,0,0,0,0,0,0,0,0,0,0,0,0,0,0,0,0,0,0,0,0,0,0
Bora,"A. Mekic, G. Zeqiri, R. Memedi, S. Jules, Y. Pllana",Trepça,"A. Arslanagic, B. Tuna, D. Hajrizi, D. Kapiti, M. Tmusic",1,58,1.0,1.5,2,1,1,100,0,0,0,0,0,0,0,0,0,1,0,0,1,0,2,1,1,100,0,0,0,0,0,0,0,0,0,0,0,0,0,0,2.0,1.0,100,200,-100,200,100,100,0,0,0,0,0,0,0,0,0,0,0,0,0,0,0,0,0,0,0,0,0,0,0,0,0,0,0,0,0,0,0,0,0
Bora,"G. Zeqiri, H. Lebovci, J. Zeqiri, R. Memedi, Y. Pllana",Trepça,"A. Arslanagic, B. Zekiqi, D. Kapiti, J. Payne, M. Amzil",1,27,0.5,1.5,0,0,0,0,0,0,0,0,0,0,0,0,0,0,0,0,2,1,2,1,1,100,0,0,0,0,0,0,0,0,0,1,0,0,0,0,2.0,1.0,0,200,-200,200,0,200,-2,0,0,0,0,0,0,0,0,0,0,0,0,0,0,0,0,0,0,0,0,0,0,0,0,0,0,0,0,0,0,0,0
Bora,"A. Hot, A. Mekic, J. Zeqiri, S. Jules, Y. Pllana",Trepça,"A. Arslanagic, J. Payne, M. Amzil, M. Tmusic, S. Jones",1,47,0.8,1.5,0,0,1,0,0,1,0,0,0,0,0,1,1,0,0,1,1,0,0,0,2,0,0,1,0,0,0,0,1,1,2,0,1,0,0,0,2.0,0.9,0,0,0,0,0,0,0,0,0,0,0,0,0,0,0,0,0,0,0,0,0,0,0,0,0,0,0,0,0,0,0,0,0,0,0,0,0,0,0
Bora,"A. Mekic, H. Lebovci, R. Memedi, R. Sylejmani, S. Jules",Trepça,"A. Arslanagic, B. Tuna, D. Kapiti, J. Payne, M. Amzil",1,37,0.6,1.5,0,0,1,0,0,0,0,0,0,0,0,0,0,0,0,0,1,0,2,1,1,100,0,0,0,0,0,0,0,1,1,1,1,0,0,0,2.0,1.0,0,200,-200,200,0,200,-2,0,0,0,0,0,0,0,0,0,0,0,0,0,0,0,0,0,0,0,0,0,0,0,0,0,0,0,0,0,0,0,0
Bora,"A. Mekic, G. Zeqiri, R. Memedi, R. Sylejmani, S. Jules",Trepça,"A. Arslanagic, B. Tuna, D. Kapiti, J. Payne, M. Amzil",1,44,0.7,1.5,2,1,1,100,0,0,0,0,0,0,0,0,0,1,2,0,0,0,0,0,0,0,0,0,0,0,0,0,0,0,0,0,0,0,2,0,1.0,2.0,200,0,200,0,200,-200,2,0,0,0,0,0,0,0,0,0,0,0,0,0,0,0,0,0,0,0,0,0,0,0,0,0,0,0,0,0,0,0,0
Bora,"G. Zeqiri, J. Zeqiri, R. Memedi, R. Sylejmani, S. Jules",Trepça,"B. Tuna, D. Kapiti, J. Payne, M. Amzil, M. Tmusic",1,46,0.8,1.5,2,1,1,100,0,0,0,0,0,0,0,0,0,1,0,0,0,0,5,2,2,100,1,1,100,0,0,0,0,0,0,2,0,0,0,1,1.0,2.0,200,250,-50,250,200,50,-3,0,0,0,0,0,0,0,0,0,0,0,0,0,0,0,0,0,0,0,0,0,0,0,0,0,0,0,0,0,0,0,0
Rahoveci 029,"F. Rugova, J. Jones, J. Roche, K. Pullian, V. Ejupi",Vëllaznimi,"K. Ezeagu, L. Colimerio, M. Warrick, R. Dahsyla, S. Zekiqi",1,34,0.6,1.5,0,0,2,0,0,1,0,0,0,0,0,0,0,0,0,0,0,1,3,1,1,100,1,1,100,0,0,0,0,2,2,0,0,0,0,0,2.0,1.0,0,300,-300,300,0,300,-3,0,0,0,0,0,0,0,0,0,0,0,0,0,0,0,0,0,0,0,0,0,0,0,0,0,0,0,0,0,0,0,0
Sigal Prishtina,"A. Azemi, A. Bailey, D. Burns, D. Polloshka, L. Autrey",GO+Peja,"D. Berisha, M. Armstead, M. Mala, S. Flatten, T. Green",1,23,0.4,1.5,3,1,2,50,1,2,50,0,0,0,0,0,0,1,0,0,0,1,2,1,1,100,0,0,0,0,0,0,0,1,1,1,0,0,0,0,2.0,1.0,150,200,-50,200,150,50,1,0,0,0,0,0,0,0,0,0,0,0,0,0,0,0,0,0,0,0,0,0,0,0,0,0,0,0,0,0,0,0,0
Vëllaznimi,"A. Koshi, R. Dahsyla, S. Zekiqi, Y. Anei, Z. Ride",Sigal Prishtina,"A. Azemi, A. Bailey, D. Burns, D. Lekndreaj, K. Kramer",1,66,1.1,1.5,3,1,1,100,1,1,100,0,0,0,0,2,2,1,0,0,0,2,0,0,2,0,0,1,0,0,0,0,0,0,0,0,0,0,0,1,1.0,2.0,300,0,300,0,300,-300,3,0,0,0,0,0,0,0,0,0,0,0,0,0,0,0,0,0,0,0,0,0,0,0,0,0,0,0,0,0,0,0,0
Vëllaznimi,"J. Ismajli, L. Colimerio, M. Warrick, R. Dahsyla, Y. Anei",Sigal Prishtina,"A. Azemi, A. Bailey, D. Burns, D. Haxhosaj, D. Lekndreaj",1,44,0.7,1.5,0,0,0,0,0,0,0,0,0,0,0,0,0,0,0,0,1,0,4,2,2,100,0,0,0,0,0,0,0,0,0,1,1,0,0,1,1.0,2.0,0,200,-200,200,0,200,-4,0,0,0,0,0,0,0,0,0,0,0,0,0,0,0,0,0,0,0,0,0,0,0,0,0,0,0,0,0,0,0,0
Trepça,"B. Tuna, C. Brown, J. Payne, M. Amzil, M. Tmusic",Rahoveci 029,"E. Peci, F. Rugova, I. Umipig, J. Roche, K. Pullian",1,67,1.1,1.5,2,1,1,100,0,0,0,0,0,0,0,1,1,0,0,0,0,0,3,1,3,33.3,1,2,50,0,0,0,1,0,1,1,0,0,0,0,1.0,1.9,200,155.4,44.6,155.4,200,-44.6,-1,0,0,0,0,0,0,0,0,0,0,0,0,0,0,0,0,0,0,0,0,0,0,0,0,0,0,0,0,0,0,0,0
Trepça,"B. Tuna, D. Hajrizi, D. Kapiti, J. Payne, M. Tmusic",Rahoveci 029,"B. Rexha, F. Rugova, I. Umipig, J. Roche, K. Pullian",1,54,0.9,1.5,2,1,2,50,0,1,0,0,0,0,1,0,1,1,0,0,0,0,0,0,0,0,0,0,0,0,0,0,0,0,0,0,0,0,2,4,0.9,2.0,215.1,0,215.1,0,215.1,-215.1,2,0,0,0,0,0,0,0,0,0,0,0,0,0,0,0,0,0,0,0,0,0,0,0,0,0,0,0,0,0,0,0,0
Golden Eagle Ylli,"A. Çallakaj, B. Huffman, E. Kastrati, L. Thomas, T. Allen",Bora,"A. Hot, A. Mekic, J. Zeqiri, T. Cheese, T. Jackson",1,48,0.8,1.5,0,0,0,0,0,0,0,0,0,0,0,1,1,0,0,0,1,0,0,0,1,0,0,1,0,0,0,0,0,0,0,0,1,0,1,1,1.0,2.0,0,0,0,0,0,0,0,0,0,0,0,0,0,0,0,0,0,0,0,0,0,0,0,0,0,0,0,0,0,0,0,0,0,0,0,0,0,0,0
Golden Eagle Ylli,"A. Çallakaj, E. Kastrati, G. Morina, L. Shoshi, T. Allen",Bora,"A. Hot, A. Mekic, G. Singleton, O. Kurtaj, S. Jules",1,74,1.2,1.5,0,0,2,0,0,0,0,0,0,0,0,1,1,0,0,0,0,1,0,0,2,0,0,1,0,0,0,0,1,2,3,0,0,0,0,0,2.0,0.9,0,0,0,0,0,0,0,0,0,0,0,0,0,0,0,0,0,0,0,0,0,0,0,0,0,0,0,0,0,0,0,0,0,0,0,0,0,0,0
Bora,"A. Mekic, G. Zeqiri, J. Zeqiri, T. Chese, T. Jackson",Bashkimi,"D. Lake, I. Cousins, K. Anderson, L. Zeqiri, V. Bunjaku",1,55,0.9,1.5,2,1,3,33.3,0,2,0,0,0,0,1,0,1,0,1,0,0,0,0,0,0,0,0,0,0,0,0,0,0,1,1,0,0,0,1,1,1.9,1.0,103.6,0,103.6,0,103.6,-103.6,2,0,0,0,0,0,0,0,0,0,0,0,0,0,0,0,0,0,0,0,0,0,0,0,0,0,0,0,0,0,0,0,0
Bora,"A. Mekic, G. Singleton, G. Zeqiri, J. Zeqiri, S. Jules",Bashkimi,"I. Cousins, J. Palokaj, K. Anderson, M. Janjeva, T. Bickerstaff",1,59,1.0,1.5,0,0,1,0,0,0,0,0,0,0,0,1,1,0,0,1,0,0,3,1,3,33.3,1,1,100,0,0,0,1,1,2,1,0,0,0,1,1.0,1.9,0,155.4,-155.4,155.4,0,155.4,-3,0,0,0,0,0,0,0,0,0,0,0,0,0,0,0,0,0,0,0,0,0,0,0,0,0,0,0,0,0,0,0,0
Rahoveci 029,"F. Rugova, H. Durguti, I. Umipig, J. Roche, K. Ujkani",Golden Eagle Ylli,"E. Kastrati, J. Reece, L. Shoshi, L. Thomas, T. Allen",1,51,0.8,1.5,0,0,1,0,0,1,0,0,0,0,0,1,1,0,0,0,0,0,3,1,2,50,1,1,100,0,0,0,0,1,1,1,0,0,0,1,1.0,2.0,0,150,-150,150,0,150,-3,0,0,0,0,0,0,0,0,0,0,0,0,0,0,0,0,0,0,0,0,0,0,0,0,0,0,0,0,0,0,0,0
Sigal Prishtina,"A. Azemi, A. Bailey, D. Polloshka, E. Williams Jr, K. Kramer",Trepça,"C. Brown, D. Hajrizi, J. Payne, M. Amzil, M. Tmusic",1,69,1.1,1.5,0,0,2,0,0,1,0,0,0,0,0,0,0,0,0,0,0,1,2,1,1,100,0,0,0,0,0,0,0,2,2,1,0,0,0,0,2.0,1.0,0,200,-200,200,0,200,-2,0,0,0,0,0,0,0,0,0,0,0,0,0,0,0,0,0,0,0,0,0,0,0,0,0,0,0,0,0,0,0,0
Sigal Prishtina,"A. Azemi, A. Bailey, D. Burns, D. Lekndreaj, E. Williams Jr",Trepça,"C. Brown, D. Hajrizi, J. Payne, M. Amzil, M. Tmusic",1,39,0.7,1.5,2,1,1,100,0,0,0,0,0,0,0,1,1,1,0,0,0,0,2,1,3,33.3,0,0,0,0,0,0,1,0,1,1,0,0,0,0,1.0,1.9,200,103.6,96.4,103.6,200,-96.4,0,0,0,0,0,0,0,0,0,0,0,0,0,0,0,0,0,0,0,0,0,0,0,0,0,0,0,0,0,0,0,0,0
GO+Peja,"A. Hajdari, C. Edwards, D. Berisha, J. Johnson, S. Flatten",Trepça,"A. Arslanagic, D. Hajrizi, D. Kapiti, J. Payne, S. Henry",1,24,0.4,1.5,0,0,0,0,0,0,0,0,0,0,0,0,0,0,0,0,1,0,4,2,2,100,0,0,0,0,0,0,0,0,0,0,1,0,0,0,1.0,2.0,0,200,-200,200,0,200,-4,0,0,0,0,0,0,0,0,0,0,0,0,0,0,0,0,0,0,0,0,0,0,0,0,0,0,0,0,0,0,0,0
GO+Peja,"A. Herndon, M. Armstead, M. Mala, S. Flatten, T. Green",Trepça,"A. Arslanagic, C. Brown, D. Hajrizi, M. Tmusic, S. Henry",1,54,0.9,1.5,0,0,1,0,0,1,0,0,0,0,0,0,0,0,0,0,0,0,6,2,2,100,2,2,100,0,0,0,0,1,1,2,0,0,0,1,1.0,2.0,0,300,-300,300,0,300,-6,0,0,0,0,0,0,0,0,0,0,0,0,0,0,0,0,0,0,0,0,0,0,0,0,0,0,0,0,0,0,0,0
GO+Peja,"A. Hajdari, C. Edwards, J. Johnson, M. Mala, T. Green",Trepça,"A. Arslanagic, B. Tuna, D. Kapiti, M. Amzil, S. Henry",1,67,1.1,1.5,2,1,2,50,0,1,0,0,0,0,0,0,0,1,0,1,0,1,0,0,1,0,0,0,0,0,0,0,1,1,2,0,0,0,1,0,2.0,0.9,100,0,100,0,100,-100,2,0,0,0,0,0,0,0,0,0,0,0,0,0,0,0,0,0,0,0,0,0,0,0,0,0,0,0,0,0,0,0,0
GO+Peja,"A. Hajdari, C. Edwards, D. Berisha, J. Johnson, S. Flatten",Trepça,"C. Brown, D. Hajrizi, J. Payne, M. Tmusic, S. Henry",1,20,0.3,1.5,0,0,0,0,0,0,0,0,0,0,0,0,0,0,0,0,2,1,0,0,0,0,0,0,0,0,0,0,0,0,0,0,0,0,1,0,2.0,1.0,0,0,0,0,0,0,0,0,0,0,0,0,0,0,0,0,0,0,0,0,0,0,0,0,0,0,0,0,0,0,0,0,0,0,0,0,0,0,0
Rahoveci 029,"B. Rexha, F. Rugova, I. Umipig, J. Roche, K. Pullian",Bora,"A. Hot, A. Hunter, C. Payton Jr, J. Zeqiri, T. Cheese",1,45,0.8,1.5,0,0,1,0,0,1,0,0,0,0,0,1,1,0,0,0,1,0,0,0,1,0,0,0,0,0,0,0,0,1,1,0,1,0,0,0,2.0,1.0,0,0,0,0,0,0,0,0,0,0,0,0,0,0,0,0,0,0,0,0,0,0,0,0,0,0,0,0,0,0,0,0,0,0,0,0,0,0,0
Rahoveci 029,"A. Patty, F. Rugova, I. Umipig, K. Pullian, V. Ejupi",Bora,"A. Hot, A. Hunter, C. Payton Jr, R. Ukaj, T. Cheese",1,62,1.0,1.5,2,1,2,50,0,1,0,0,0,0,1,1,2,0,0,0,0,0,3,1,2,50,1,1,100,0,0,0,0,0,0,1,0,1,0,0,0.9,2.0,215.1,150,65.1,150,215.1,-65.1,-1,0,0,0,0,0,0,0,0,0,0,0,0,0,0,0,0,0,0,0,0,0,0,0,0,0,0,0,0,0,0,0,0
Rahoveci 029,"A. Berisha, A. Patty, I. Umipig, K. Pullian, K. Ujkani",Bora,"A. Hot, A. Hunter, A. Mekic, C. Payton Jr, R. Ukaj",1,42,0.7,1.5,0,0,1,0,0,0,0,0,0,0,0,0,0,0,0,0,0,1,3,1,1,100,1,1,100,0,0,0,0,1,1,1,0,0,1,0,1.0,2.0,0,150,-150,150,0,150,-3,0,0,0,0,0,0,0,0,0,0,0,0,0,0,0,0,0,0,0,0,0,0,0,0,0,0,0,0,0,0,0,0
Rahoveci 029,"A. Patty, B. Rexha, H. Durguti, J. Roche, K. Pullian",Bashkimi,"D. Lake, J. Baily, K. Anderson, M. Janjeva, V. Bunjaku",1,33,0.6,1.5,0,0,2,0,0,0,0,0,0,0,1,0,1,0,0,0,1,0,2,1,1,100,0,0,0,0,0,0,0,1,1,1,0,0,0,0,1.9,1.0,0,200,-200,200,0,200,-2,0,0,0,0,0,0,0,0,0,0,0,0,0,0,0,0,0,0,0,0,0,0,0,0,0,0,0,0,0,0,0,0
Rahoveci 029,"A. Patty, B. Rexha, F. Rugova, J. Roche, K. Pullian",Bashkimi,"D. Lake, J. Baily, K. Anderson, M. Ismaili, M. Janjeva",1,58,1.0,1.5,3,1,2,50,1,1,100,0,0,0,1,0,1,1,0,0,0,0,0,0,0,0,0,0,0,0,0,0,0,0,0,0,0,0,2,1,0.9,2.0,322.6,0,322.6,0,322.6,-322.6,3,0,0,0,0,0,0,0,0,0,0,0,0,0,0,0,0,0,0,0,0,0,0,0,0,0,0,0,0,0,0,0,0
Bora,"A. Hot, A. Hunter, C. Payton, R. Ukaj, S. Jules",Sigal Prishtina,"A. Azemi, D. Burns, D. Haxhosaj, K. Kramer, T. Vissarious",1,37,0.6,1.5,5,2,2,100,1,1,100,0,0,0,0,1,1,2,0,0,0,0,0,0,1,0,0,0,0,0,0,0,0,0,0,0,0,0,0,0,2.0,1.0,250,0,250,0,250,-250,5,0,0,0,0,0,0,0,0,0,0,0,0,0,0,0,0,0,0,0,0,0,0,0,0,0,0,0,0,0,0,0,0
Bora,"A. Hot, J. Zeqiri, R. Ukaj, S. Jules, T. Cheese",Sigal Prishtina,"A. Bailey, D. Burns, D. Haxhosaj, D. Polloshka, T. Vissarious",1,9,0.1,1.5,0,0,0,0,0,0,0,0,0,0,0,0,0,0,1,0,2,1,0,0,0,0,0,0,0,0,0,0,0,0,0,0,0,0,1,0,2.0,1.0,0,0,0,0,0,0,0,0,0,0,0,0,0,0,0,0,0,0,0,0,0,0,0,0,0,0,0,0,0,0,0,0,0,0,0,0,0,0,0
Bora,"A. Hot, A. Hunter, C. Payton, J. Zeqiri, S. Jules",Sigal Prishtina,"A. Azemi, A. Bailey, B. Istrefi, D. Burns, K. Kramer",1,29,0.5,1.5,0,0,0,0,0,0,0,0,0,0,0,0,0,0,0,0,2,1,3,1,1,100,1,1,100,0,0,0,0,0,0,0,0,0,0,0,2.0,1.0,0,300,-300,300,0,300,-3,0,0,0,0,0,0,0,0,0,0,0,0,0,0,0,0,0,0,0,0,0,0,0,0,0,0,0,0,0,0,0,0
Bora,"A. Hot, A. Hunter, A. Mekic, C. Payton, G. Zeqiri",Sigal Prishtina,"A. Azemi, A. Bailey, D. Burns, D. Haxhosaj, K. Kramer",1,49,0.8,1.5,3,1,1,100,1,1,100,0,0,0,0,0,0,0,1,0,1,0,0,0,0,0,0,0,0,0,0,0,0,0,0,0,0,0,1,0,2.0,1.0,150,0,150,0,150,-150,3,0,0,0,0,0,0,0,0,0,0,0,0,0,0,0,0,0,0,0,0,0,0,0,0,0,0,0,0,0,0,0,0
Bora,"A. Hot, A. Hunter, A. Mekic, C. Payton, R. Ukaj",Sigal Prishtina,"A. Bailey, D. Burns, D. Haxhosaj, D. Polloshka, T. Vissarious",1,2,0.0,1.5,2,1,2,50,0,0,0,0,0,0,0,1,1,0,0,1,0,0,0,0,1,0,0,0,0,0,0,0,0,1,1,0,0,0,0,0,2.0,1.0,100,0,100,0,100,-100,2,0,0,0,0,0,0,0,0,0,0,0,0,0,0,0,0,0,0,0,0,0,0,0,0,0,0,0,0,0,0,0,0
Bora,"A. Hot, A. Hunter, A. Mekic, J. Zeqiri, S. Jules",Sigal Prishtina,"A. Azemi, A. Bailey, D. Burns, D. Haxhosaj, K. Kramer",1,44,0.7,1.5,0,0,1,0,0,0,0,0,0,0,0,0,0,0,0,0,0,1,3,1,2,50,1,1,100,0,0,0,1,1,2,0,0,1,1,0,1.0,1.9,0,155.4,-155.4,155.4,0,155.4,-3,0,0,0,0,0,0,0,0,0,0,0,0,0,0,0,0,0,0,0,0,0,0,0,0,0,0,0,0,0,0,0,0
Bora,"A. Hot, A. Hunter, A. Mekic, R. Ukaj, S. Jules",Sigal Prishtina,"A. Azemi, A. Bailey, D. Burns, D. Haxhosaj, K. Kramer",1,70,1.2,1.5,2,1,2,50,0,1,0,0,0,0,0,0,0,1,0,0,0,1,2,1,2,50,0,0,0,0,0,0,1,1,2,0,0,0,0,0,2.0,0.9,100,215.1,-115.1,215.1,100,115.1,0,0,0,0,0,0,0,0,0,0,0,0,0,0,0,0,0,0,0,0,0,0,0,0,0,0,0,0,0,0,0,0,0
Bora,"A. Hunter, A. Mekic, C. Payton, G. Zeqiri, J. Zeqiri",Sigal Prishtina,"A. Azemi, A. Bailey, D. Burns, D. Haxhosaj, K. Kramer",1,47,0.8,1.5,3,1,1,100,1,1,100,0,0,0,0,0,0,1,0,0,0,0,2,1,2,50,0,0,0,0,0,0,0,0,0,0,0,0,0,0,1.0,2.0,300,100,200,100,300,-200,1,0,0,0,0,0,0,0,0,0,0,0,0,0,0,0,0,0,0,0,0,0,0,0,0,0,0,0,0,0,0,0,0
Bora,"A. Hot, A. Hunter, R. Ukaj, S. Jules, T. Cheese",Sigal Prishtina,"A. Azemi, A. Bailey, D. Burns, D. Polloshka, K. Kramer",1,94,1.6,1.5,4,2,2,100,0,0,0,0,0,0,0,0,0,2,0,0,0,1,2,1,1,100,0,0,0,0,0,0,0,0,0,0,0,0,0,1,2.0,1.0,200,200,0,200,200,0,2,0,0,0,0,0,0,0,0,0,0,0,0,0,0,0,0,0,0,0,0,0,0,0,0,0,0,0,0,0,0,0,0
Golden Eagle Ylli,"A. Scott, A. Çallakaj, B. Huffman, G. Morina, J. Reece",GO+Peja,"A. Hajdari, A. Herndon, C. Edwards, J. Johnson, M. Mala",1,56,0.9,1.5,0,0,1,0,0,0,0,0,0,0,0,1,1,0,0,0,0,0,2,1,2,50,0,1,0,0,0,0,0,1,1,0,0,0,0,0,1.0,2.0,0,100,-100,100,0,100,-2,0,0,0,0,0,0,0,0,0,0,0,0,0,0,0,0,0,0,0,0,0,0,0,0,0,0,0,0,0,0,0,0
Golden Eagle Ylli,"A. Gashi, A. Scott, A. Shala, A. Çallakaj, T. Allen",GO+Peja,"C. Edwards, E. Hasanaj, O. Sallabegolli, S. Flatten, S. Nila",1,41,0.7,1.5,2,1,1,100,0,0,0,0,0,0,0,1,1,0,1,0,0,0,0,0,1,0,0,1,0,0,0,0,0,0,0,0,0,0,1,0,1.0,2.0,200,0,200,0,200,-200,2,0,0,0,0,0,0,0,0,0,0,0,0,0,0,0,0,0,0,0,0,0,0,0,0,0,0,0,0,0,0,0,0
Trepça,"B. Tuna, C. Brown, D. Hajrizi, J. Payne, M. Tmusic",Vëllaznimi,"J. Hellems, M. Warrick, R. Dahsyla, S. Zekiqi, Z. Reid",1,66,1.1,1.5,2,1,1,100,0,0,0,0,0,0,0,1,1,0,0,0,0,0,2,1,3,33.3,0,2,0,0,0,0,1,0,1,0,0,0,0,1,1.0,1.9,200,103.6,96.4,103.6,200,-96.4,0,0,0,0,0,0,0,0,0,0,0,0,0,0,0,0,0,0,0,0,0,0,0,0,0,0,0,0,0,0,0,0,0
Vëllaznimi,"A. Koshi, J. Hellems, R. Dahsyla, S. Zekiqi, Z. Reid",Golden Eagle Ylli,"A. Scott, A. Çallakaj, E. Kastrati, G. Morina, L. Shoshi",1,95,1.6,1.5,2,1,2,50,0,1,0,0,0,0,1,0,1,1,0,0,0,0,2,1,1,100,0,0,0,0,0,0,0,0,0,0,0,0,1,1,0.9,2.0,215.1,100,115.1,100,215.1,-115.1,0,0,0,0,0,0,0,0,0,0,0,0,0,0,0,0,0,0,0,0,0,0,0,0,0,0,0,0,0,0,0,0,0
Vëllaznimi,"A. Koshi, J. Hellems, L. Colimerio, R. Dahsyla, S. Zekiqi",Golden Eagle Ylli,"A. Scott, A. Çallakaj, E. Kastrati, G. Morina, J. Reece",1,37,0.6,1.5,0,0,0,0,0,0,0,0,0,0,0,0,0,0,0,0,1,0,4,2,2,100,0,0,0,0,0,0,0,0,0,1,1,0,0,0,1.0,2.0,0,200,-200,200,0,200,-4,0,0,0,0,0,0,0,0,0,0,0,0,0,0,0,0,0,0,0,0,0,0,0,0,0,0,0,0,0,0,0,0
Vëllaznimi,"A. Koshi, J. Hellems, L. Colimerio, R. Dahsyla, T. Todd",Golden Eagle Ylli,"A. Scott, A. Çallakaj, G. Morina, J. Reece, L. Shoshi",1,43,0.7,1.5,2,1,1,100,0,0,0,0,0,0,0,1,1,1,1,1,0,0,0,0,2,0,0,1,0,0,0,0,1,0,1,0,0,0,1,1,1.0,1.9,200,0,200,0,200,-200,2,0,0,0,0,0,0,0,0,0,0,0,0,0,0,0,0,0,0,0,0,0,0,0,0,0,0,0,0,0,0,0,0
GO+Peja,"A. Hhajdari, J. Johnson, M. Mala, S. Flatten, T. Green",Bora,"A. Hot, A. Hunter, A. Mekic, G. Zeqiri, S. Jules",1,30,0.5,1.5,0,0,1,0,0,1,0,0,0,0,0,0,0,0,0,0,0,0,0,0,0,0,0,0,0,0,0,0,0,1,1,0,0,0,2,1,1.0,2.0,0,0,0,0,0,0,0,0,0,0,0,0,0,0,0,0,0,0,0,0,0,0,0,0,0,0,0,0,0,0,0,0,0,0,0,0,0,0,0
GO+Peja,"A. Hhajdari, J. Johnson, M. Mala, S. Flatten, T. Green",Bora,"A. Hot, A. Hunter, A. Mekic, C. Payton Jr, G. Zeqiri",1,60,1.0,1.5,3,1,1,100,1,1,100,0,0,0,0,1,1,0,0,0,1,0,0,0,1,0,0,1,0,0,0,0,0,0,0,0,0,0,0,0,2.0,1.0,150,0,150,0,150,-150,3,0,0,0,0,0,0,0,0,0,0,0,0,0,0,0,0,0,0,0,0,0,0,0,0,0,0,0,0,0,0,0,0
Sigal Prishtina,"A. Azemi, A. Bailey, D. Burns, D. Polloshka, K. Kramer",Bashkimi,"D. Lake, I. Nwamu, K. Anderson, M. Ismaili, M. Janjeva",1,75,1.2,1.5,0,0,2,0,0,0,0,0,0,0,0,0,0,0,0,1,0,0,2,1,2,50,0,0,0,0,0,0,1,2,3,0,0,0,0,0,2.0,0.9,0,215.1,-215.1,215.1,0,215.1,-2,0,0,0,0,0,0,0,0,0,0,0,0,0,0,0,0,0,0,0,0,0,0,0,0,0,0,0,0,0,0,0,0
Rahoveci 029,"A. Patty, F. Rugova, I. Umipig, K. Pullian, V. Ejupi",GO+Peja,"A. Hajdari, C. Edwards, J. Johnson, M. Mala, S. Flatten",1,76,1.3,1.5,2,1,1,100,0,0,0,0,0,0,0,2,2,0,0,0,0,1,0,0,2,0,0,1,0,0,0,0,0,0,0,0,0,0,0,0,1.0,2.0,200,0,200,0,200,-200,2,0,0,0,0,0,0,0,0,0,0,0,0,0,0,0,0,0,0,0,0,0,0,0,0,0,0,0,0,0,0,0,0
Golden Eagle Ylli,"A. Scott, A. Çallakaj, E. Kastrati, G. Morina, L. Shoshi",Trepça,"J. Payne, K. Hasbrouck, M. Amzil, M. Tmusic, S. Jones",1,41,0.7,1.5,2,1,2,50,0,1,0,0,0,0,0,0,0,0,0,0,0,0,3,1,1,100,1,1,100,0,0,0,0,1,1,1,0,0,0,0,2.0,1.0,100,300,-200,300,100,200,-1,0,0,0,0,0,0,0,0,0,0,0,0,0,0,0,0,0,0,0,0,0,0,0,0,0,0,0,0,0,0,0,0
Bashkimi,"I. Nwamu, K. Anderson, L. Zeqiri, M. Ismaili, T. Bickerstaff",Golden Eagle Ylli,"A. Scott, B. Huffman, E. Kastrati, G. Morina, T. Allen",1,35,0.6,1.5,0,0,3,0,0,1,0,0,0,0,1,0,1,0,1,0,0,1,0,0,0,0,0,0,0,0,0,0,0,2,2,0,0,0,1,0,1.9,1.0,0,0,0,0,0,0,0,0,0,0,0,0,0,0,0,0,0,0,0,0,0,0,0,0,0,0,0,0,0,0,0,0,0,0,0,0,0,0,0
Bashkimi,"I. Cousins, I. Nwamu, L. Zeqiri, M. Ismaili, T. Bickerstaff",Golden Eagle Ylli,"A. Scott, B. Huffman, E. Kastrati, G. Morina, T. Allen",1,84,1.4,1.5,3,1,1,100,1,1,100,0,0,0,0,1,1,1,0,0,0,0,3,1,2,50,1,1,100,0,0,0,0,0,0,0,0,0,0,1,1.0,2.0,300,150,150,150,300,-150,0,0,0,0,0,0,0,0,0,0,0,0,0,0,0,0,0,0,0,0,0,0,0,0,0,0,0,0,0,0,0,0,0
Trepça,"D. Hajrizi, J. Payne, M. Tmusic, S. Henry, S. Jones",Bora,"A. Hot, A. Hunter, A. Mekic, C. Payton, R. Memedi",1,80,1.3,1.5,2,1,3,33.3,0,1,0,0,0,0,1,0,1,1,0,0,0,1,3,1,1,100,1,1,100,0,0,0,0,1,1,1,0,0,0,1,1.9,1.0,103.6,300,-196.4,300,103.6,196.4,-1,0,0,0,0,0,0,0,0,0,0,0,0,0,0,0,0,0,0,0,0,0,0,0,0,0,0,0,0,0,0,0,0
Trepça,"B. Tuna, D. Hajrizi, D. Kapiti, J. Payne, S. Henry",Bora,"A. Hunter, C. Payton, J. Zeqiri, R. Memedi, T. Cheese",1,69,1.1,1.5,4,2,2,100,0,0,0,0,0,0,0,0,0,0,0,0,0,0,2,1,2,50,0,0,0,0,0,0,1,0,1,0,0,0,0,0,2.0,0.9,200,215.1,-15.1,215.1,200,15.1,2,0,0,0,0,0,0,0,0,0,0,0,0,0,0,0,0,0,0,0,0,0,0,0,0,0,0,0,0,0,0,0,0
Vëllaznimi,"A. Koshi, J. Hellems, L. Colimerio, S. Zekiqi, Z. Reid",Rahoveci 029,"A. Berisha, F. Rugova, J. Johnson, J. Roche, K. Pullian",1,43,0.7,1.5,3,1,1,100,1,1,100,0,0,0,0,0,0,1,0,0,0,1,2,1,1,100,0,0,0,0,0,0,0,0,0,1,0,0,1,0,1.0,2.0,300,100,200,100,300,-200,1,0,0,0,0,0,0,0,0,0,0,0,0,0,0,0,0,0,0,0,0,0,0,0,0,0,0,0,0,0,0,0,0
Vëllaznimi,"A. Gordon, A. Koshi, J. Hellems, R. Dahsyla, T. Todd",Rahoveci 029,"A. Patty, F. Rugova, J. Roche, K. Pullian, V. Ejupi",1,64,1.1,1.5,0,0,0,0,0,0,0,0,0,0,0,0,0,0,1,0,2,1,0,0,1,0,0,0,0,0,0,0,1,0,1,0,0,0,1,0,2.0,0.9,0,0,0,0,0,0,0,0,0,0,0,0,0,0,0,0,0,0,0,0,0,0,0,0,0,0,0,0,0,0,0,0,0,0,0,0,0,0,0
Vëllaznimi,"A. Gordon, A. Koshi, J. Hellems, L. Colimerio, R. Dahsyla",Rahoveci 029,"A. Berisha, F. Rugova, J. Johnson, J. Roche, K. Pullian",1,69,1.1,1.5,0,0,1,0,0,0,0,0,0,0,1,1,2,0,0,0,2,1,0,0,1,0,0,1,0,0,0,0,0,0,0,0,1,0,0,1,1.9,1.0,0,0,0,0,0,0,0,0,0,0,0,0,0,0,0,0,0,0,0,0,0,0,0,0,0,0,0,0,0,0,0,0,0,0,0,0,0,0,0
Vëllaznimi,"A. Koshi, J. Hellems, L. Colimerio, S. Zekiqi, T. Todd",Rahoveci 029,"A. Berisha, F. Rugova, J. Johnson, J. Roche, K. Pullian",1,16,0.3,1.5,2,1,1,100,0,0,0,0,0,0,0,0,0,0,1,0,0,0,0,0,0,0,0,0,0,0,0,0,0,0,0,0,0,0,2,0,1.0,2.0,200,0,200,0,200,-200,2,0,0,0,0,0,0,0,0,0,0,0,0,0,0,0,0,0,0,0,0,0,0,0,0,0,0,0,0,0,0,0,0
Vëllaznimi,"A. Koshi, J. Hellems, L. Colimerio, S. Zekiqi, T. Todd",Rahoveci 029,"A. Berisha, A. Patty, F. Rugova, J. Johnson, K. Pullian",1,40,0.7,1.5,0,0,0,0,0,0,0,0,0,0,0,0,0,0,0,0,2,0,2,1,1,100,0,0,0,0,0,0,0,0,0,1,1,0,0,0,2.0,1.0,0,200,-200,200,0,200,-2,0,0,0,0,0,0,0,0,0,0,0,0,0,0,0,0,0,0,0,0,0,0,0,0,0,0,0,0,0,0,0,0
GO+Peja,"A. Herndon, D. Berisha, D. Morris, M. Mala, S. Flatten",Sigal Prishtina,"A. Azemi, A. Bailey, A. Morina, D. Burns, D. Haxhosaj",1,38,0.6,1.5,3,1,1,100,1,1,100,0,0,0,0,2,2,1,0,0,0,0,0,0,2,0,0,1,0,0,0,0,0,0,0,0,0,0,0,1,1.0,2.0,300,0,300,0,300,-300,3,0,0,0,0,0,0,0,0,0,0,0,0,0,0,0,0,0,0,0,0,0,0,0,0,0,0,0,0,0,0,0,0
Sigal Prishtina,"A. Azemi, A. Morina, D. Burns, K. Kramer, T. Vissariou",Vëllaznimi,"A. Gordon, A. Koshi, L. Colimerio, R. Dahsyla, T. Todd",1,54,0.9,1.5,0,0,1,0,0,1,0,0,0,0,0,0,0,0,0,0,0,0,4,2,3,66.7,0,0,0,0,0,0,1,1,2,0,0,0,0,1,1.0,1.9,0,207.3,-207.3,207.3,0,207.3,-4,0,0,0,0,0,0,0,0,0,0,0,0,0,0,0,0,0,0,0,0,0,0,0,0,0,0,0,0,0,0,0,0
Sigal Prishtina,"A. Azemi, A. Bailey, A. Morina, D. Burns, K. Kramer",Vëllaznimi,"A. Koshi, L. Colimerio, S. Zekiqi, T. Todd, Z. Reid",1,38,0.6,1.5,0,0,1,0,0,0,0,0,0,0,0,2,2,0,0,0,0,0,0,0,2,0,0,1,0,0,0,0,0,1,1,0,0,0,0,1,1.0,2.0,0,0,0,0,0,0,0,0,0,0,0,0,0,0,0,0,0,0,0,0,0,0,0,0,0,0,0,0,0,0,0,0,0,0,0,0,0,0,0
Rahoveci 029,"A. Patty, E. Peci, J. Johnson, K. Ujkani, V. Ejupi",Trepça,"D. Hajrizi, J. Payne, M. Tmusic, S. Henry, S. Jones",1,48,0.8,1.5,3,1,1,100,1,1,100,0,0,0,0,0,0,1,0,0,0,0,4,2,2,100,0,0,0,0,0,0,0,0,0,0,0,0,0,0,1.0,2.0,300,200,100,200,300,-100,-1,0,0,0,0,0,0,0,0,0,0,0,0,0,0,0,0,0,0,0,0,0,0,0,0,0,0,0,0,0,0,0,0
Bora,"A. Hot, A. Mekic, R. Memedi, S. Jules, T. Cheese",Golden Eagle Ylli,"A. Gashi, A. Scott, E. Kastrati, J. Reece, T. Allen",1,64,1.1,1.5,0,0,2,0,0,2,0,0,0,0,0,0,0,0,0,0,0,1,2,1,1,100,0,0,0,0,0,0,0,2,2,1,0,0,0,1,2.0,1.0,0,200,-200,200,0,200,-2,0,0,0,0,0,0,0,0,0,0,0,0,0,0,0,0,0,0,0,0,0,0,0,0,0,0,0,0,0,0,0,0
Bora,"A. Hunter, A. Mekic, C. Payton, G. Zeqiri, R. Memedi",Golden Eagle Ylli,"A. Scott, B. Huffman, E. Kastrati, G. Morina, T. Allen",1,57,0.9,1.5,3,1,1,100,1,1,100,0,0,0,0,0,0,1,0,0,0,2,4,2,2,100,0,0,0,0,0,0,0,0,0,0,0,0,0,0,1.0,2.0,300,200,100,200,300,-100,-1,0,0,0,0,0,0,0,0,0,0,0,0,0,0,0,0,0,0,0,0,0,0,0,0,0,0,0,0,0,0,0,0
Bashkimi,"I. Cousins, L. Zeqiri, S. Shorter, T. Bickerstaff, V. Bunajku",Bora,"A. Hot, A. Hunter, L. Thomas, R. Memedi, S. Jules",1,58,1.0,1.5,2,1,1,100,0,0,0,0,0,0,0,1,1,1,0,0,0,0,2,1,3,33.3,0,1,0,0,0,0,1,0,1,1,0,0,0,1,1.0,1.9,200,103.6,96.4,103.6,200,-96.4,0,0,0,0,0,0,0,0,0,0,0,0,0,0,0,0,0,0,0,0,0,0,0,0,0,0,0,0,0,0,0,0,0
Bashkimi,"I. Nwamu, M. Janjeva, S. Shorter, T. Bickerstaff, V. Bunajku",Bora,"A. Hot, R. Memedi, R. Ukaj, S. Jules, T. Cheese",1,56,0.9,1.5,0,0,1,0,0,1,0,0,0,0,0,2,2,0,0,0,0,0,0,0,2,0,0,2,0,0,0,0,0,1,1,0,0,0,0,1,1.0,2.0,0,0,0,0,0,0,0,0,0,0,0,0,0,0,0,0,0,0,0,0,0,0,0,0,0,0,0,0,0,0,0,0,0,0,0,0,0,0,0
Golden Eagle Ylli,"D. Hall, E. Kastrati, L. Basic, L. Shoshi, T. Allen",Rahoveci 029,"A. Berisha, J. Jonson, J. Roche, K. Pullian, K. Ujkani",1,29,0.5,1.5,0,0,1,0,0,0,0,0,0,0,0,0,0,0,1,0,0,0,2,1,1,100,0,0,0,0,0,0,0,1,1,0,0,0,1,0,1.0,2.0,0,100,-100,100,0,100,-2,0,0,0,0,0,0,0,0,0,0,0,0,0,0,0,0,0,0,0,0,0,0,0,0,0,0,0,0,0,0,0,0
Golden Eagle Ylli,"A. Scott, B. Huffman, E. Kastrati, G. Morina, S. Bamforth",Rahoveci 029,"F. Rugova, I. Umipig, J. Jonson, J. Roche, V. Ejupi",1,35,0.6,1.5,3,1,1,100,1,1,100,0,0,0,0,0,0,1,0,0,1,0,3,1,1,100,1,1,100,0,0,0,0,0,0,0,1,0,0,0,2.0,1.0,150,300,-150,300,150,150,0,0,0,0,0,0,0,0,0,0,0,0,0,0,0,0,0,0,0,0,0,0,0,0,0,0,0,0,0,0,0,0,0
Trepça,"B. Tuna, D. Hajrizi, D. Kapiti, K. Hasbrouck, M. Tmusic",Sigal Prishtina,"A. Bailey, D. Burns, D. Haxhosaj, D. Polloshka, E. Clarance",1,83,1.4,1.5,2,1,2,50,0,1,0,0,0,0,0,0,0,0,1,0,0,1,0,0,0,0,0,0,0,0,0,0,0,1,1,0,0,0,1,0,2.0,1.0,100,0,100,0,100,-100,2,0,0,0,0,0,0,0,0,0,0,0,0,0,0,0,0,0,0,0,0,0,0,0,0,0,0,0,0,0,0,0,0
Trepça,"A. Gashi, D. Hajrizi, D. Kapiti, K. Hasbrouck, M. Amzil",Sigal Prishtina,"A. Bailey, D. Haxhosaj, D. Polloshka, E. Clarance, K. Dukes",1,44,0.7,1.5,2,1,1,100,0,0,0,0,0,0,0,1,1,1,0,0,0,0,2,1,2,50,0,1,0,0,0,0,0,0,0,0,0,0,0,0,1.0,2.0,200,100,100,100,200,-100,0,0,0,0,0,0,0,0,0,0,0,0,0,0,0,0,0,0,0,0,0,0,0,0,0,0,0,0,0,0,0,0,0
Trepça,"A. Gashi, B. Tuna, D. Kapiti, M. Amzil, M. Tmusic",Sigal Prishtina,"A. Bailey, A. Morina, D. Burns, D. Haxhosaj, K. Kramer",1,27,0.5,1.5,0,0,1,0,0,0,0,0,0,0,0,0,0,0,1,0,0,0,0,0,0,0,0,0,0,0,0,0,0,1,1,0,0,1,2,0,1.0,2.0,0,0,0,0,0,0,0,0,0,0,0,0,0,0,0,0,0,0,0,0,0,0,0,0,0,0,0,0,0,0,0,0,0,0,0,0,0,0,0
Trepça,"A. Gashi, B. Zekiqi, D. Kapiti, E. Asllani, V. Haliti",Sigal Prishtina,"A. Bailey, D. Polloshka, E. Clarance, K. Dukes, L. Zeneli",1,23,0.4,1.5,2,1,1,100,0,0,0,0,0,0,0,0,0,0,0,0,1,0,2,1,1,100,0,0,0,0,0,0,0,0,0,0,1,0,0,1,2.0,1.0,100,200,-100,200,100,100,0,0,0,0,0,0,0,0,0,0,0,0,0,0,0,0,0,0,0,0,0,0,0,0,0,0,0,0,0,0,0,0,0
Vëllaznimi,"A. Rushiti, J. Hellems, S. Zekiqi, Y. Anei, Z. Reid",Peja,"A. Hajdari, C. Edwards, D. Morris, M. Mala, S. Flatten",1,66,1.1,1.5,0,0,1,0,0,1,0,0,0,0,0,0,0,0,0,0,0,0,3,1,1,100,1,1,100,0,0,0,0,1,1,1,0,0,1,2,1.0,2.0,0,150,-150,150,0,150,-3,0,0,0,0,0,0,0,0,0,0,0,0,0,0,0,0,0,0,0,0,0,0,0,0,0,0,0,0,0,0,0,0
Vëllaznimi,"A. Gordon, A. Koshi, D. Wilson, J. Hellems, R. Dahsyla",Peja,"A. Hajdari, C. Edwards, J. Johnson, M. Mala, T. Green",1,41,0.7,1.5,2,1,1,100,0,0,0,0,0,0,0,0,0,0,0,0,0,0,2,1,1,100,0,0,0,0,0,0,0,0,0,1,0,0,1,0,1.0,2.0,200,100,100,100,200,-100,0,0,0,0,0,0,0,0,0,0,0,0,0,0,0,0,0,0,0,0,0,0,0,0,0,0,0,0,0,0,0,0,0
Vëllaznimi,"A. Gordon, A. Koshi, D. Wilson, S. Zekiqi, T. Todd",Bashkimi,"D. Lake, I. Cousins, L. Zeqiri, M. Armstead, S. Shorter",1,32,0.5,1.5,2,1,3,33.3,0,1,0,0,0,0,1,0,1,0,0,0,0,0,3,1,1,100,1,1,100,0,0,0,0,1,1,0,0,0,0,0,1.9,1.0,103.6,300,-196.4,300,103.6,196.4,-1,0,0,0,0,0,0,0,0,0,0,0,0,0,0,0,0,0,0,0,0,0,0,0,0,0,0,0,0,0,0,0,0
Trepça,"A. Vining, D. Kapiti, K. Hasbrouck, M. Amzil, M. Tmusic",GO+Peja,"A. Hajdari, A. Herndon, J. Johnson, M. Mala, O. Williams",1,58,1.0,1.5,2,1,2,50,0,0,0,0,0,0,1,1,2,1,0,1,1,2,0,0,1,0,0,0,0,0,0,0,0,0,0,0,1,0,0,1,1.9,1.0,103.6,0,103.6,0,103.6,-103.6,2,0,0,0,0,0,0,0,0,0,0,0,0,0,0,0,0,0,0,0,0,0,0,0,0,0,0,0,0,0,0,0,0
Trepça,"B. Tuna, K. Hasbrouck, M. Amzil, M. Tmusic, S. Jones",GO+Peja,"A. Herndon, C. Edwards, F. Shoshaj, M. Mala, O. Williams",1,19,0.3,1.5,0,0,1,0,0,0,0,0,0,0,0,0,0,0,1,0,1,0,0,0,0,0,0,0,0,0,0,0,0,1,1,0,0,1,1,0,2.0,1.0,0,0,0,0,0,0,0,0,0,0,0,0,0,0,0,0,0,0,0,0,0,0,0,0,0,0,0,0,0,0,0,0,0,0,0,0,0,0,0
Golden Eagle Ylli,"A. Scott, D. Hall, E. Kastrati, L. Shoshi, T. Allen",Sigal Prishtina,"A. Bailey, D. Burns, D. Haxhosaj, D. Polloshka, E. Clarance",1,66,1.1,1.5,2,1,1,100,0,0,0,0,0,0,0,0,0,1,0,0,0,0,5,2,2,100,1,1,100,0,0,0,0,0,0,1,0,0,0,1,1.0,2.0,200,250,-50,250,200,50,-3,0,0,0,0,0,0,0,0,0,0,0,0,0,0,0,0,0,0,0,0,0,0,0,0,0,0,0,0,0,0,0,0
Bora,"A. Hot, A. Hunter, R. Memedi, S. Jules, T. Cheese",Rahoveci 029,"F. Rugova, I. Umipig, J. Johnson, K. Pullian, V. Ejupi",1,70,1.2,1.5,6,2,2,100,2,2,100,0,0,0,0,0,0,2,0,0,0,0,3,1,1,100,1,1,100,0,0,0,0,0,0,0,0,0,0,0,2.0,1.0,300,300,0,300,300,0,3,0,0,0,0,0,0,0,0,0,0,0,0,0,0,0,0,0,0,0,0,0,0,0,0,0,0,0,0,0,0,0,0
Bora,"A. Hot, A. Hunter, R. Ukaj, S. Jules, T. Cheese",Rahoveci 029,"A. Thomas, F. Rugova, J. Johnson, K. Pullian, V. Ejupi",1,59,1.0,1.5,0,0,1,0,0,1,0,0,0,0,0,1,1,0,0,0,0,1,3,1,3,33.3,1,3,33.3,0,0,0,1,1,2,1,0,0,0,0,1.0,1.9,0,155.4,-155.4,155.4,0,155.4,-3,0,0,0,0,0,0,0,0,0,0,0,0,0,0,0,0,0,0,0,0,0,0,0,0,0,0,0,0,0,0,0,0
Bora,"A. Hot, A. Hunter, L. Thomas, R. Ukaj, S. Jules",Rahoveci 029,"A. Thomas, B. Rexha, J. Johnson, K. Pullian, K. Ujkani",1,32,0.5,1.5,0,0,0,0,0,0,0,0,0,0,0,1,1,0,0,0,1,1,3,1,2,50,1,1,100,0,0,0,0,0,0,1,0,0,0,0,1.0,2.0,0,150,-150,150,0,150,-3,0,0,0,0,0,0,0,0,0,0,0,0,0,0,0,0,0,0,0,0,0,0,0,0,0,0,0,0,0,0,0,0
Bora,"A. Hot, A. Hunter, R. Memedi, S. Jules, T. Cheese",Rahoveci 029,"A. Thomas, B. Rexha, J. Johnson, K. Pullian, K. Ujkani",1,36,0.6,1.5,0,0,1,0,0,0,0,0,0,0,0,1,1,0,0,0,1,0,0,0,1,0,0,1,0,0,0,0,0,1,1,0,0,0,0,0,2.0,1.0,0,0,0,0,0,0,0,0,0,0,0,0,0,0,0,0,0,0,0,0,0,0,0,0,0,0,0,0,0,0,0,0,0,0,0,0,0,0,0
Bashkimi,"I. Cousins, I. Nwamu, L. Zeqiri, T. Bickerstaff, V. Bunjaku",Rahoveci 029,"A. Thomas, F. Rugova, H. Durguti, J. Johnson, K. Pullian",1,43,0.7,1.5,3,1,1,100,1,1,100,0,0,0,0,1,1,1,0,0,0,0,0,0,2,0,0,1,0,0,0,0,1,0,1,0,0,0,1,1,1.0,1.9,300,0,300,0,300,-300,3,0,0,0,0,0,0,0,0,0,0,0,0,0,0,0,0,0,0,0,0,0,0,0,0,0,0,0,0,0,0,0,0
Bashkimi,"D. Lake, I. Cousins, L. Zeqiri, S. Shorter, V. Bunjaku",Rahoveci 029,"A. Berisha, A. Thomas, B. Rexha, J. Johnson, K. Pullian",1,24,0.4,1.5,2,1,2,50,0,1,0,0,0,0,0,1,1,1,0,0,0,0,0,0,1,0,0,1,0,0,0,0,0,0,0,0,0,0,0,1,2.0,1.0,100,0,100,0,100,-100,2,0,0,0,0,0,0,0,0,0,0,0,0,0,0,0,0,0,0,0,0,0,0,0,0,0,0,0,0,0,0,0,0
GO+Peja,"A. Hajdari, A. Herndon, C. Edwards, F. Shoshaj, O. Williams",Golden Eagle Ylli,"E. Kastrati, L. Basic, L. Shoshi, S. Bamforth, T. Allen",1,45,0.8,1.5,0,0,2,0,0,1,0,0,0,0,0,1,1,0,0,0,0,1,0,0,1,0,0,0,0,0,0,0,0,2,2,0,0,0,0,1,2.0,1.0,0,0,0,0,0,0,0,0,0,0,0,0,0,0,0,0,0,0,0,0,0,0,0,0,0,0,0,0,0,0,0,0,0,0,0,0,0,0,0
Vëllaznimi,"A. Gordon, A. Rushiti, D. Wilson, J. Hellems, S. Zekiqi",Trepça,"B. Tuna, D. Kapiti, K. Hasbrouck, M. Amzil, M. Tmusic",1,42,0.7,1.5,0,0,1,0,0,0,0,0,0,0,0,1,1,0,0,0,0,0,3,1,2,50,1,2,50,0,0,0,0,1,1,0,0,0,0,1,1.0,2.0,0,150,-150,150,0,150,-3,0,0,0,0,0,0,0,0,0,0,0,0,0,0,0,0,0,0,0,0,0,0,0,0,0,0,0,0,0,0,0,0
Vëllaznimi,"A. Gordon, A. Rushiti, D. Wilson, S. Zekiqi, Z. Reid",Trepça,"A. Vining, B. Tuna, D. Kapiti, M. Amzil, M. Tmusic",1,34,0.6,1.5,0,0,2,0,0,1,0,0,0,0,0,0,0,0,1,0,0,1,0,0,0,0,0,0,0,0,0,0,0,2,2,0,0,0,1,0,2.0,1.0,0,0,0,0,0,0,0,0,0,0,0,0,0,0,0,0,0,0,0,0,0,0,0,0,0,0,0,0,0,0,0,0,0,0,0,0,0,0,0
Trepça,"A. Vining, D. Kapiti, M. Amzil, M. Tmusic, S. Henry",Bashkimi,"I. Nwamu, M. Armstead, M. Janjeva, S. Shorter, T. Bickerstaff",1,72,1.2,1.5,3,1,1,100,1,1,100,0,0,0,0,0,0,1,0,0,0,0,4,2,3,66.7,0,0,0,0,0,0,1,0,1,0,0,0,0,1,1.0,1.9,300,207.3,92.7,207.3,300,-92.7,-1,0,0,0,0,0,0,0,0,0,0,0,0,0,0,0,0,0,0,0,0,0,0,0,0,0,0,0,0,0,0,0,0
Trepça,"B. Tuna, D. Kapiti, K. Hasbrouck, M. Amzil, M. Tmusic",Bashkimi,"D. Lake, I. Cousins, M. Armstead, M. Ismaili, S. Shorter",1,54,0.9,1.5,0,0,2,0,0,1,0,0,0,0,0,0,0,0,0,0,0,1,3,1,1,100,1,1,100,0,0,0,0,2,2,1,0,0,0,0,2.0,1.0,0,300,-300,300,0,300,-3,0,0,0,0,0,0,0,0,0,0,0,0,0,0,0,0,0,0,0,0,0,0,0,0,0,0,0,0,0,0,0,0
Golden Eagle Ylli,"A. Scott, A. Çallakaj, E. Kastrati, G. Morina, L. Shoshi",Vëllaznimi,"A. Rushiti, D. Wilson, S. Zekiqi, Y. Anei, Z. Reid",1,42,0.7,1.5,0,0,2,0,0,0,0,0,0,0,0,1,1,0,0,0,0,0,0,0,2,0,0,2,0,0,0,0,1,2,3,0,0,0,0,0,2.0,0.9,0,0,0,0,0,0,0,0,0,0,0,0,0,0,0,0,0,0,0,0,0,0,0,0,0,0,0,0,0,0,0,0,0,0,0,0,0,0,0
Rahoveci 029,"A. Thomas, B. Rexha, F. Rugova, I. Umipig, J. Roche",Sigal Prishtina,"A. Bailey, A. Morina, J. Ismajli, K. Dukes, K. Kramer",1,50,0.8,1.5,2,1,2,50,0,1,0,0,0,0,0,0,0,1,0,0,0,0,2,1,1,100,0,0,0,0,0,0,0,0,0,0,0,0,0,0,2.0,1.0,100,200,-100,200,100,100,0,0,0,0,0,0,0,0,0,0,0,0,0,0,0,0,0,0,0,0,0,0,0,0,0,0,0,0,0,0,0,0,0
Rahoveci 029,"B. Rexha, H. Durguti, I. Umipig, J. Roche, K. Pullian",Sigal Prishtina,"A. Morina, E. Clarence, J. Ismajli, K. Dukes, K. Kramer",1,9,0.1,1.5,0,0,1,0,0,1,0,0,0,0,0,0,0,0,1,0,1,0,0,0,0,0,0,0,0,0,0,0,0,0,0,0,1,0,1,0,2.0,1.0,0,0,0,0,0,0,0,0,0,0,0,0,0,0,0,0,0,0,0,0,0,0,0,0,0,0,0,0,0,0,0,0,0,0,0,0,0,0,0
Rahoveci 029,"A. Thomas, F. Rugova, I. Umipig, K. Pullian, V. Ejupi",Sigal Prishtina,"A. Bailey, D. Polloshka, J. Ismajli, K. Dukes, K. Kramer",1,76,1.3,1.5,0,0,2,0,0,1,0,0,0,0,1,0,1,0,0,0,1,1,0,0,0,0,0,0,0,0,0,0,0,1,1,0,1,0,1,0,1.9,1.0,0,0,0,0,0,0,0,0,0,0,0,0,0,0,0,0,0,0,0,0,0,0,0,0,0,0,0,0,0,0,0,0,0,0,0,0,0,0,0
Bashkimi,"D. Lake, I. Nwamu, L. Zeqiri, S. Shorter, V. Bunjaku",Sigal Prishtina,"A. Bailey, D. Polloshka, E. Clarance, K. Dukes, V. Kakruki",1,36,0.6,1.5,0,0,3,0,0,1,0,0,0,0,1,0,1,0,1,0,0,1,0,0,0,0,0,0,0,0,0,0,0,2,2,0,0,0,1,0,1.9,1.0,0,0,0,0,0,0,0,0,0,0,0,0,0,0,0,0,0,0,0,0,0,0,0,0,0,0,0,0,0,0,0,0,0,0,0,0,0,0,0
Bashkimi,"I. Cousins, M. Armstead, M. Janjeva, S. Shorter, T. Bickerstaff",Sigal Prishtina,"A. Bailey, D. Polloshka, E. Clarance, J. Ismajli, K. Kramer",1,72,1.2,1.5,2,1,2,50,0,0,0,0,0,0,1,1,2,0,0,0,0,0,3,1,2,50,1,2,50,0,0,0,0,0,0,1,0,0,0,1,0.9,2.0,215.1,150,65.1,150,215.1,-65.1,-1,0,0,0,0,0,0,0,0,0,0,0,0,0,0,0,0,0,0,0,0,0,0,0,0,0,0,0,0,0,0,0,0
Bashkimi,"D. Lake, I. Nwamu, L. Zeqiri, M. Ismaili, S. Shorter",Sigal Prishtina,"A. Morina, A. Sinani, E. Clarance, K. Dukes, K. Kramer",1,50,0.8,1.5,0,0,2,0,0,2,0,0,0,0,0,1,1,0,0,0,0,0,0,0,1,0,0,1,0,0,0,0,0,2,2,0,0,0,0,0,2.0,1.0,0,0,0,0,0,0,0,0,0,0,0,0,0,0,0,0,0,0,0,0,0,0,0,0,0,0,0,0,0,0,0,0,0,0,0,0,0,0,0
Bashkimi,"D. Lake, M. Ismaili, M. Janjeva, S. Shorter, V. Bunjaku",Sigal Prishtina,"D. Polloshka, E. Clarance, K. Dukes, K. Kramer, V. Kakruki",1,33,0.6,1.5,0,0,1,0,0,0,0,0,0,0,0,0,0,0,0,0,1,0,2,1,1,100,0,0,0,0,0,0,0,1,1,0,0,0,0,0,2.0,1.0,0,200,-200,200,0,200,-2,0,0,0,0,0,0,0,0,0,0,0,0,0,0,0,0,0,0,0,0,0,0,0,0,0,0,0,0,0,0,0,0
Bashkimi,"D. Lake, L. Zeqiri, M. Ismaili, S. Shorter, V. Bunjaku",Sigal Prishtina,"E. Clarance, J. Ismajli, K. Dukes, K. Kramer, V. Kakruki",1,40,0.7,1.5,5,2,2,100,1,1,100,0,0,0,0,0,0,2,0,0,0,1,0,0,0,0,0,0,0,0,0,0,0,0,0,0,0,0,1,0,2.0,1.0,250,0,250,0,250,-250,5,0,0,0,0,0,0,0,0,0,0,0,0,0,0,0,0,0,0,0,0,0,0,0,0,0,0,0,0,0,0,0,0
GO+Peja,"A. Hajdari, C. Edwards, F. Shoshaj, L. Routt, S. Llapi",Rahoveci 029,"B. Rexha, J. Johnson, J. Roche, K. Pullian, V. Ejupi",1,42,0.7,1.5,2,1,1,100,0,0,0,0,0,0,0,2,2,0,0,0,0,0,0,0,2,0,0,1,0,0,0,0,0,0,0,0,0,0,0,1,1.0,2.0,200,0,200,0,200,-200,2,0,0,0,0,0,0,0,0,0,0,0,0,0,0,0,0,0,0,0,0,0,0,0,0,0,0,0,0,0,0,0,0
GO+Peja,"A. Hajdari, F. Shoshaj, L. Routt, M. Mala, S. Llapi",Rahoveci 029,"A. Thomas, F. Rugova, H. Durguti, J. Johnson, K. Pullian",1,26,0.4,1.5,0,0,0,0,0,0,0,0,0,0,0,1,1,0,0,0,1,0,2,1,2,50,0,0,0,0,0,0,0,0,0,0,1,0,0,0,1.0,2.0,0,100,-100,100,0,100,-2,0,0,0,0,0,0,0,0,0,0,0,0,0,0,0,0,0,0,0,0,0,0,0,0,0,0,0,0,0,0,0,0
GO+Peja,"D. Ademaj, M. Mala, O. Sallabegolli, S. Llapi, S. Nila",Rahoveci 029,"A. Berisha, B. Rexha, H. Durguti, K. Ujkani, V. Ejupi",1,28,0.5,1.5,4,2,3,66.7,0,0,0,0,0,0,1,1,2,0,0,0,0,1,0,0,1,0,0,1,0,0,0,0,0,0,0,0,0,1,0,0,1.9,1.0,207.3,0,207.3,0,207.3,-207.3,4,0,0,0,0,0,0,0,0,0,0,0,0,0,0,0,0,0,0,0,0,0,0,0,0,0,0,0,0,0,0,0,0
GO+Peja,"D. Ademaj, E. Hasanaj, O. Sallabegolli, S. Llapi, S. Nila",Rahoveci 029,"A. Berisha, H. Durguti, K. Ujkani, N. Sylka, V. Ejupi",1,30,0.5,1.5,0,0,0,0,0,0,0,0,0,0,0,2,2,0,0,0,1,0,0,0,2,0,0,2,0,0,0,0,0,0,0,0,1,0,0,0,1.0,2.0,0,0,0,0,0,0,0,0,0,0,0,0,0,0,0,0,0,0,0,0,0,0,0,0,0,0,0,0,0,0,0,0,0,0,0,0,0,0,0
Vëllaznimi,"D. Wilson, J. Hellems, R. Dahsyla, S. Zekiqi, Y. Anei",Bora,"A. Hunter, J. Zeqiri, L. Thomas, O. Kurtaj, T. Cheese",1,52,0.9,1.5,0,0,1,0,0,0,0,0,0,0,0,1,1,0,0,0,0,0,2,1,2,50,0,1,0,0,0,0,0,1,1,0,0,0,0,0,1.0,2.0,0,100,-100,100,0,100,-2,0,0,0,0,0,0,0,0,0,0,0,0,0,0,0,0,0,0,0,0,0,0,0,0,0,0,0,0,0,0,0,0
Vëllaznimi,"D. Wilson, J. Hellems, R. Dahsyla, S. Zekiqi, Y. Anei",Bora,"A. Hot, A. Mekic, L. Thomas, O. Kurtaj, T. Cheese",1,26,0.4,1.5,2,1,1,100,0,0,0,0,0,0,0,0,0,1,1,0,1,1,0,0,0,0,0,0,0,0,0,0,0,0,0,0,1,0,1,0,2.0,1.0,100,0,100,0,100,-100,2,0,0,0,0,0,0,0,0,0,0,0,0,0,0,0,0,0,0,0,0,0,0,0,0,0,0,0,0,0,0,0,0
Vëllaznimi,"D. Wilson, R. Dahsyla, S. Zekiqi, Y. Anei, Z. Reid",Bora,"A. Hot, A. Hunter, A. Mekic, J. Zeqiri, S. Jules",1,49,0.8,1.5,3,1,1,100,1,1,100,0,0,0,0,0,0,0,0,0,0,0,2,1,1,100,0,0,0,0,0,0,0,0,0,0,0,0,1,0,1.0,2.0,300,100,200,100,300,-200,1,0,0,0,0,0,0,0,0,0,0,0,0,0,0,0,0,0,0,0,0,0,0,0,0,0,0,0,0,0,0,0,0
Vëllaznimi,"A. Rushiti, J. Hellems, R. Dahsyla, Y. Anei, Z. Reid",Bora,"A. Hot, A. Mekic, R. Ukaj, S. Jules, T. Cheese",1,42,0.7,1.5,0,0,0,0,0,0,0,0,0,0,0,1,1,0,0,0,2,1,0,0,1,0,0,1,0,0,0,0,0,0,0,0,0,0,0,0,2.0,1.0,0,0,0,0,0,0,0,0,0,0,0,0,0,0,0,0,0,0,0,0,0,0,0,0,0,0,0,0,0,0,0,0,0,0,0,0,0,0,0
Vëllaznimi,"A. Rushiti, J. Hellems, R. Dahsyla, Y. Anei, Z. Reid",Bora,"A. Mekic, J. Zeqiri, R. Ukaj, S. Jules, T. Cheese",1,33,0.6,1.5,0,0,0,0,0,0,0,0,0,0,0,1,1,0,0,1,2,0,0,0,1,0,0,0,0,0,0,0,0,0,0,0,0,0,0,0,2.0,1.0,0,0,0,0,0,0,0,0,0,0,0,0,0,0,0,0,0,0,0,0,0,0,0,0,0,0,0,0,0,0,0,0,0,0,0,0,0,0,0
Trepça,"D. Kapiti, J. Payne, K. Hasbrouck, M. Amzil, M. Tmusic",Golden Eagle Ylli,"A. Scott, B. Huffman, G. Morina, L. Basic, S. Bamforth",1,49,0.8,1.5,3,1,1,100,1,1,100,0,0,0,0,2,2,0,0,0,0,0,0,0,2,0,0,2,0,0,0,0,0,0,0,0,0,0,0,1,1.0,2.0,300,0,300,0,300,-300,3,0,0,0,0,0,0,0,0,0,0,0,0,0,0,0,0,0,0,0,0,0,0,0,0,0,0,0,0,0,0,0,0
Trepça,"A. Vining, D. Kapiti, K. Hasbrouck, M. Tmusic, S. Jones",Golden Eagle Ylli,"B. Huffman, E. Kastrati, G. Morina, L. Basic, S. Bamforth",1,61,1.0,1.5,3,1,1,100,1,1,100,0,0,0,0,0,0,1,0,0,0,1,4,2,2,100,0,0,0,0,0,0,0,0,0,1,0,0,0,1,1.0,2.0,300,200,100,200,300,-100,-1,0,0,0,0,0,0,0,0,0,0,0,0,0,0,0,0,0,0,0,0,0,0,0,0,0,0,0,0,0,0,0,0
Golden Eagle Ylli,"A. Scott, D. Conger, E. Kastrati, L. Shoshi, S. Bamforth",Bashkimi,"D. Lake, I. Nwamu, L. Zeqiri, S. Shorter, V. Bunjaku",1,64,1.1,1.5,3,1,1,100,1,1,100,0,0,0,0,1,1,1,1,0,0,1,0,0,1,0,0,1,0,0,0,0,0,0,0,0,0,0,1,1,1.0,2.0,300,0,300,0,300,-300,3,0,0,0,0,0,0,0,0,0,0,0,0,0,0,0,0,0,0,0,0,0,0,0,0,0,0,0,0,0,0,0,0
Bora,"A. Hot, A. Hunter, R. Ukaj, S. Jules, T. Cheese",Trepça,"D. Hajrizi, J. Payne, K. Hasbrouck, M. Tmusic, S. Jones",1,64,1.1,1.5,0,0,1,0,0,1,0,0,0,0,0,0,0,0,0,0,0,0,5,2,2,100,1,1,100,0,0,0,0,1,1,1,0,0,0,0,1.0,2.0,0,250,-250,250,0,250,-5,0,0,0,0,0,0,0,0,0,0,0,0,0,0,0,0,0,0,0,0,0,0,0,0,0,0,0,0,0,0,0,0
Bora,"A. Hunter, G. Zeqiri, L. Thomas, R. Ukaj, S. Jules",Trepça,"A. Vining, D. Hajrizi, K. Hasbrouck, M. Amzil, S. Jones",1,68,1.1,1.5,0,0,2,0,0,1,0,0,0,0,1,1,2,0,0,0,0,1,3,1,2,50,1,2,50,0,0,0,0,1,1,1,0,0,0,1,0.9,2.0,0,150,-150,150,0,150,-3,0,0,0,0,0,0,0,0,0,0,0,0,0,0,0,0,0,0,0,0,0,0,0,0,0,0,0,0,0,0,0,0
Sigal Prishtina,"A. Morina, A. Sinani, K. Dukes, K. Kramer, V. Kakruki",GO+Peja,"A. Hajdari, L. Routt, M. Mala, O. Williams, T. Green",1,35,0.6,1.5,2,0,0,0,0,0,0,2,2,100,0,0,0,0,1,0,0,0,3,1,2,50,1,1,100,0,0,0,1,0,1,1,0,0,1,1,0.9,1.9,227.3,155.4,71.8,155.4,227.3,-71.8,-1,0,0,0,0,0,0,0,0,0,0,0,0,0,0,0,0,0,0,0,0,0,0,0,0,0,0,0,0,0,0,0,0
Sigal Prishtina,"A. Bailey, A. Morina, D. Polloshka, E. Clarance, K. Kramer",GO+Peja,"A. Hajdari, L. Routt, M. Mala, O. Williams, T. Green",1,63,1.1,1.5,0,0,0,0,0,0,0,0,0,0,0,0,0,0,0,1,1,0,5,2,3,66.7,1,1,100,0,0,0,1,0,1,2,1,0,0,1,1.0,1.9,0,259.1,-259.1,259.1,0,259.1,-5,0,0,0,0,0,0,0,0,0,0,0,0,0,0,0,0,0,0,0,0,0,0,0,0,0,0,0,0,0,0,0,0
Sigal Prishtina,"A. Bailey, D. Polloshka, E. Clarance, J. Ismajli, K. Kramer",GO+Peja,"A. Hajdari, L. Routt, M. Mala, O. Williams, T. Green",1,56,0.9,1.5,0,0,1,0,0,1,0,0,0,0,0,1,1,0,0,0,1,1,0,0,2,0,0,1,0,0,0,0,1,1,2,0,0,0,0,0,2.0,0.9,0,0,0,0,0,0,0,0,0,0,0,0,0,0,0,0,0,0,0,0,0,0,0,0,0,0,0,0,0,0,0,0,0,0,0,0,0,0,0
Bashkimi,"I. Nwamu, J. Nzeakor, M. Janjeva, S. Shorter, V. Bunjaku",GO+Peja,"A. Hajdari, L. Routt, M. Mala, O. Williams, T. Green",1,62,1.0,1.5,3,1,2,50,1,2,50,0,0,0,0,0,0,0,1,0,0,0,0,0,0,0,0,0,0,0,0,0,0,1,1,0,0,0,1,0,2.0,1.0,150,0,150,0,150,-150,3,0,0,0,0,0,0,0,0,0,0,0,0,0,0,0,0,0,0,0,0,0,0,0,0,0,0,0,0,0,0,0,0
Vëllaznimi,"A. Koshi, J. Hellems, R. Dahsyla, Y. Anei, Z. Reid",Sigal Prishtina,"A. Bailey, A. Sinani, D. Polloshka, E. Clarance, K. Kramer",1,52,0.9,1.5,0,0,1,0,0,1,0,0,0,0,0,0,0,0,0,0,1,2,2,1,1,100,0,0,0,0,0,0,0,1,1,0,1,0,0,0,2.0,1.0,0,200,-200,200,0,200,-2,0,0,0,0,0,0,0,0,0,0,0,0,0,0,0,0,0,0,0,0,0,0,0,0,0,0,0,0,0,0,0,0
Trepça,"D. Hajrizi, J. Payne, M. Amzil, M. Tmusic, S. Henry",Rahoveci 029,"F. Rugova, J. Mccorrmick, J. Roche, K. Pullian, V. Ejupi",1,61,1.0,1.5,0,0,1,0,0,1,0,0,0,0,0,1,1,0,0,0,0,0,3,1,3,33.3,1,1,100,0,0,0,1,1,2,1,0,0,0,1,1.0,1.9,0,155.4,-155.4,155.4,0,155.4,-3,0,0,0,0,0,0,0,0,0,0,0,0,0,0,0,0,0,0,0,0,0,0,0,0,0,0,0,0,0,0,0,0
Golden Eagle Ylli,"A. Scott, D. Conger, D. Thomas, L. Shoshi, S. Bamforth",Bora,"A. Hot, A. Hunter, J. Zeqiri, S. Jules, T. Cheese",1,42,0.7,1.5,3,1,1,100,1,1,100,0,0,0,0,0,0,1,0,0,0,0,0,0,0,0,0,0,0,0,0,0,0,0,0,0,0,0,2,0,1.0,2.0,300,0,300,0,300,-300,3,0,0,0,0,0,0,0,0,0,0,0,0,0,0,0,0,0,0,0,0,0,0,0,0,0,0,0,0,0,0,0,0
Golden Eagle Ylli,"A. Scott, D. Conger, D. Thomas, L. Shoshi, S. Bamforth",Bora,"A. Hot, A. Hunter, J. Zeqiri, L. Thomas, R. Memedi",1,50,0.8,1.5,3,1,2,50,1,2,50,0,0,0,1,0,1,1,1,0,1,1,0,0,0,0,0,0,0,0,0,0,0,0,0,0,1,0,1,2,1.9,1.0,155.4,0,155.4,0,155.4,-155.4,3,0,0,0,0,0,0,0,0,0,0,0,0,0,0,0,0,0,0,0,0,0,0,0,0,0,0,0,0,0,0,0,0
Golden Eagle Ylli,"A. Scott, D. Conger, D. Thomas, L. Shoshi, S. Bamforth",Bora,"A. Hot, A. Hunter, L. Thomas, R. Memedi, S. Jules",1,47,0.8,1.5,0,0,1,0,0,1,0,0,0,0,0,1,1,0,0,0,0,1,2,1,2,50,0,1,0,0,0,0,0,1,1,1,0,0,0,0,1.0,2.0,0,100,-100,100,0,100,-2,0,0,0,0,0,0,0,0,0,0,0,0,0,0,0,0,0,0,0,0,0,0,0,0,0,0,0,0,0,0,0,0
Golden Eagle Ylli,"A. Scott, D. Conger, G. Morina, L. Shoshi, S. Bamforth",Bora,"A. Hunter, G. Zeqiri, L. Thomas, R. Memedi, S. Jules",1,64,1.1,1.5,0,0,1,0,0,0,0,0,0,0,0,0,0,0,0,0,1,1,2,1,1,100,0,0,0,0,0,0,0,1,1,0,1,0,0,0,2.0,1.0,0,200,-200,200,0,200,-2,0,0,0,0,0,0,0,0,0,0,0,0,0,0,0,0,0,0,0,0,0,0,0,0,0,0,0,0,0,0,0,0
Golden Eagle Ylli,"D. Thomas, E. Kastrati, J. Gray, L. Shoshi, S. Bamforth",Bora,"A. Hot, A. Hunter, J. Zeqiri, R. Ukaj, T. Cheese",1,55,0.9,1.5,3,1,2,50,1,1,100,0,0,0,0,0,0,1,0,0,0,1,2,1,1,100,0,0,0,0,0,0,0,1,1,1,0,0,0,1,2.0,1.0,150,200,-50,200,150,50,1,0,0,0,0,0,0,0,0,0,0,0,0,0,0,0,0,0,0,0,0,0,0,0,0,0,0,0,0,0,0,0,0
Bora,"A. Hot, A. Hunter, J. Zeqiri, S. Jules, T. Cheese",Bashkimi,"D. Lake, K. Anderson, M. Janjeva, S. Shorter, V. Bunjaku",1,46,0.8,1.5,3,1,1,100,1,1,100,0,0,0,0,2,2,1,0,0,0,0,0,0,2,0,0,1,0,0,0,0,0,0,0,0,0,0,0,1,1.0,2.0,300,0,300,0,300,-300,3,0,0,0,0,0,0,0,0,0,0,0,0,0,0,0,0,0,0,0,0,0,0,0,0,0,0,0,0,0,0,0,0
Bora,"A. Hunter, J. Zeqiri, R. Memedi, S. Jules, T. Cheese",Bashkimi,"I. Nwamu, K. Anderson, K. Wooten, L. Zeqiri, V. Bunjaku",1,41,0.7,1.5,4,2,3,66.7,0,1,0,0,0,0,1,1,2,1,0,0,0,0,0,0,1,0,0,0,0,0,0,0,0,0,0,0,0,0,0,0,1.9,1.0,207.3,0,207.3,0,207.3,-207.3,4,0,0,0,0,0,0,0,0,0,0,0,0,0,0,0,0,0,0,0,0,0,0,0,0,0,0,0,0,0,0,0,0
Bora,"A. Hunter, J. Zeqiri, R. Memedi, S. Jules, T. Cheese",Bashkimi,"D. Lake, I. Nwamu, K. Anderson, M. Janjeva, V. Bunjaku",1,54,0.9,1.5,5,2,2,100,1,1,100,0,0,0,0,0,0,1,1,0,0,0,0,0,0,0,0,0,0,0,0,0,0,0,0,0,0,0,1,1,2.0,1.0,250,0,250,0,250,-250,5,0,0,0,0,0,0,0,0,0,0,0,0,0,0,0,0,0,0,0,0,0,0,0,0,0,0,0,0,0,0,0,0
Bora,"A. Hunter, R. Memedi, R. Ukaj, S. Jules, T. Cheese",Bashkimi,"K. Anderson, K. Wooten, L. Zeqiri, M. Armstead, S. Shorter",1,64,1.1,1.5,3,1,1,100,1,1,100,0,0,0,0,1,1,0,0,0,1,1,0,0,1,0,0,0,0,0,0,0,0,0,0,0,1,0,0,1,2.0,1.0,150,0,150,0,150,-150,3,0,0,0,0,0,0,0,0,0,0,0,0,0,0,0,0,0,0,0,0,0,0,0,0,0,0,0,0,0,0,0,0
Bora,"A. Hunter, R. Memedi, R. Ukaj, S. Jules, T. Cheese",Bashkimi,"I. Nwamu, K. Anderson, K. Wooten, L. Zeqiri, V. Bunjaku",1,43,0.7,1.5,0,0,1,0,0,0,0,0,0,0,0,1,1,0,0,0,0,2,2,1,2,50,0,0,0,0,1,0,1,1,2,0,0,0,0,0,1.0,1.9,0,105,-105,105,0,105,-2,0,0,0,0,0,0,0,0,0,0,0,0,0,0,0,0,0,0,0,0,0,0,0,0,0,0,0,0,0,0,0,0
Sigal Prishtina,"A. Bailey, A. Lomax, A. Morina, E. Clarence, V. Kakruki",Trepça,"A. Vining, D. Hajrizi, M. Tmusic, S. Henry, S. Jones",1,13,0.2,1.5,2,1,1,100,0,0,0,0,0,0,0,0,0,1,1,0,0,0,0,0,0,0,0,0,0,0,0,0,0,0,0,0,0,0,2,1,1.0,2.0,200,0,200,0,200,-200,2,0,0,0,0,0,0,0,0,0,0,0,0,0,0,0,0,0,0,0,0,0,0,0,0,0,0,0,0,0,0,0,0
GO+Peja,"C. Edwards, M. Mala, O. Williams, S. Llapi, T. Green",Vëllaznimi,"D. Wilson, J. Hellems, R. Dahsyla, S. Zekiqi, Y. Anei",1,66,1.1,1.5,2,1,2,50,0,1,0,0,0,0,1,1,2,1,0,0,0,0,2,1,2,50,0,1,0,0,0,0,0,0,0,0,0,0,0,0,0.9,2.0,215.1,100,115.1,100,215.1,-115.1,0,0,0,0,0,0,0,0,0,0,0,0,0,0,0,0,0,0,0,0,0,0,0,0,0,0,0,0,0,0,0,0,0
GO+Peja,"A. Hajdari, C. Edwards, F. Shoshaj, O. Williams, T. Green",Vëllaznimi,"A. Gordon, A. Koshi, D. Wilson, J. Hellems, S. Zekiqi",1,53,0.9,1.5,0,0,1,0,0,0,0,0,0,0,0,0,0,0,0,0,1,1,0,0,1,0,0,1,0,0,0,0,1,1,2,0,0,0,1,0,2.0,0.9,0,0,0,0,0,0,0,0,0,0,0,0,0,0,0,0,0,0,0,0,0,0,0,0,0,0,0,0,0,0,0,0,0,0,0,0,0,0,0
GO+Peja,"A. Hajdari, D. Bracey, D. Davis, L. Routt, M. Mala",Trepça,"A. Vining, D. Kapiti, M. Amzil, M. Tmusic, S. Henry",1,43,0.7,1.5,3,1,1,100,1,1,100,0,0,0,0,0,0,1,0,0,0,1,5,2,2,100,1,1,100,0,0,0,0,0,0,1,0,0,0,0,1.0,2.0,300,250,50,250,300,-50,-2,0,0,0,0,0,0,0,0,0,0,0,0,0,0,0,0,0,0,0,0,0,0,0,0,0,0,0,0,0,0,0,0
GO+Peja,"A. Hajdari, C. Edwards, C. Williams, L. Routt, M. Mala",Trepça,"A. Vining, K. Hasbrouck, M. Amzil, M. Tmusic, S. Jones",1,34,0.6,1.5,0,0,1,0,0,1,0,0,0,0,0,0,0,0,0,0,0,0,6,2,2,100,2,2,100,0,0,0,0,1,1,2,0,0,0,0,1.0,2.0,0,300,-300,300,0,300,-6,0,0,0,0,0,0,0,0,0,0,0,0,0,0,0,0,0,0,0,0,0,0,0,0,0,0,0,0,0,0,0,0
GO+Peja,"A. Hajdari, C. Williams, D. Bracey, D. Davis, M. Mala",Trepça,"J. Payne, M. Amzil, M. Tmusic, S. Henry, S. Jones",1,38,0.6,1.5,0,0,2,0,0,1,0,0,0,0,1,0,1,0,0,0,1,0,2,1,1,100,0,0,0,0,0,0,0,1,1,1,0,0,0,1,1.9,1.0,0,200,-200,200,0,200,-2,0,0,0,0,0,0,0,0,0,0,0,0,0,0,0,0,0,0,0,0,0,0,0,0,0,0,0,0,0,0,0,0
GO+Peja,"A. Hajdari, C. Edwards, C. Williams, D. Bracey, M. Mala",Trepça,"J. Payne, K. Hasbrouck, M. Tmusic, S. Henry, S. Jones",1,37,0.6,1.5,4,2,2,100,0,0,0,0,0,0,0,0,0,0,0,0,0,1,2,1,1,100,0,0,0,0,0,0,0,0,0,0,0,0,0,1,2.0,1.0,200,200,0,200,200,0,2,0,0,0,0,0,0,0,0,0,0,0,0,0,0,0,0,0,0,0,0,0,0,0,0,0,0,0,0,0,0,0,0
Rahoveci 029,"A. Berisha, A. Thomas, J. Mccorrmick, K. Ujkani, R. Granberry",Bora,"A. Hot, A. Hunter, R. Memedi, R. Ukaj, S. Jules",1,48,0.8,1.5,2,1,2,50,0,0,0,0,0,0,0,0,0,0,0,0,0,0,3,1,1,100,1,1,100,0,0,0,0,1,1,0,0,0,0,1,2.0,1.0,100,300,-200,300,100,200,-1,0,0,0,0,0,0,0,0,0,0,0,0,0,0,0,0,0,0,0,0,0,0,0,0,0,0,0,0,0,0,0,0
Rahoveci 029,"A. Berisha, A. Thomas, F. Rugova, K. Pullian, V. Ejupi",Bora,"A. Hot, A. Hunter, J. Dingle, J. Zeqiri, S. Jules",1,36,0.6,1.5,0,0,1,0,0,1,0,0,0,0,0,1,1,0,0,0,0,0,3,1,2,50,1,1,100,0,0,0,0,1,1,1,0,0,0,0,1.0,2.0,0,150,-150,150,0,150,-3,0,0,0,0,0,0,0,0,0,0,0,0,0,0,0,0,0,0,0,0,0,0,0,0,0,0,0,0,0,0,0,0
Rahoveci 029,"A. Thomas, B. Rexha, F. Rugova, J. Mccorrmick, K. Pullian",Bora,"A. Hot, J. Dingle, J. Zeqiri, S. Jules, T. Cheese",1,33,0.6,1.5,2,1,2,50,0,0,0,0,0,0,0,0,0,0,1,0,0,0,0,0,0,0,0,0,0,0,0,0,0,1,1,0,0,0,1,0,2.0,1.0,100,0,100,0,100,-100,2,0,0,0,0,0,0,0,0,0,0,0,0,0,0,0,0,0,0,0,0,0,0,0,0,0,0,0,0,0,0,0,0
Rahoveci 029,"B. Rexha, F. Rugova, J. Mccorrmick, K. Pullian, N. Mcloud",Bora,"A. Hot, A. Hunter, R. Ukaj, S. Jules, T. Cheese",1,52,0.9,1.5,2,1,1,100,0,0,0,0,0,0,0,0,0,0,1,0,1,0,0,0,0,0,0,0,0,0,0,0,0,0,0,0,0,0,1,1,2.0,1.0,100,0,100,0,100,-100,2,0,0,0,0,0,0,0,0,0,0,0,0,0,0,0,0,0,0,0,0,0,0,0,0,0,0,0,0,0,0,0,0
Rahoveci 029,"B. Rexha, F. Rugova, J. Mccorrmick, K. Pullian, R. Granberry",Bora,"A. Hunter, J. Zeqiri, R. Memedi, S. Jules, T. Cheese",1,59,1.0,1.5,3,1,1,100,1,1,100,0,0,0,0,1,1,1,0,0,0,0,2,1,2,50,0,1,0,0,0,0,0,0,0,0,0,0,0,0,1.0,2.0,300,100,200,100,300,-200,1,0,0,0,0,0,0,0,0,0,0,0,0,0,0,0,0,0,0,0,0,0,0,0,0,0,0,0,0,0,0,0,0
Rahoveci 029,"B. Rexha, F. Rugova, J. Mccorrmick, K. Pullian, R. Granberry",Bora,"A. Hunter, R. Memedi, R. Ukaj, S. Jules, T. Cheese",1,59,1.0,1.5,0,0,0,0,0,0,0,0,0,0,0,1,1,0,0,0,2,1,0,0,1,0,0,0,0,0,0,0,0,0,0,0,0,0,0,1,2.0,1.0,0,0,0,0,0,0,0,0,0,0,0,0,0,0,0,0,0,0,0,0,0,0,0,0,0,0,0,0,0,0,0,0,0,0,0,0,0,0,0
Rahoveci 029,"F. Rugova, J. Mccorrmick, K. Pullian, K. Ujkani, R. Granberry",Bora,"A. Hunter, R. Memedi, R. Ukaj, S. Jules, T. Cheese",1,61,1.0,1.5,0,0,1,0,0,0,0,0,0,0,0,0,0,0,0,1,0,0,3,1,2,50,1,2,50,0,0,0,1,1,2,1,0,0,1,1,1.0,1.9,0,155.4,-155.4,155.4,0,155.4,-3,0,0,0,0,0,0,0,0,0,0,0,0,0,0,0,0,0,0,0,0,0,0,0,0,0,0,0,0,0,0,0,0
Rahoveci 029,"A. Thomas, F. Rugova, J. Mccorrmick, K. Pullian, K. Ujkani",Bora,"A. Hunter, J. Dingle, J. Zeqiri, R. Memedi, R. Ukaj",1,58,1.0,1.5,0,0,1,0,0,0,0,0,0,0,0,0,0,0,1,0,0,0,3,1,2,50,1,1,100,0,0,0,1,1,2,1,0,0,1,0,1.0,1.9,0,155.4,-155.4,155.4,0,155.4,-3,0,0,0,0,0,0,0,0,0,0,0,0,0,0,0,0,0,0,0,0,0,0,0,0,0,0,0,0,0,0,0,0
Rahoveci 029,"A. Thomas, F. Rugova, H. Durguti, J. Mccorrmick, N. Mcloud",Bora,"A. Hot, A. Hunter, J. Dingle, R. Memedi, S. Jules",1,61,1.0,1.5,2,1,1,100,0,0,0,0,0,0,0,0,0,1,0,0,0,0,3,1,2,50,1,2,50,0,0,0,0,0,0,1,0,0,0,0,1.0,2.0,200,150,50,150,200,-50,-1,0,0,0,0,0,0,0,0,0,0,0,0,0,0,0,0,0,0,0,0,0,0,0,0,0,0,0,0,0,0,0,0
Rahoveci 029,"A. Thomas, F. Rugova, H. Durguti, J. Mccorrmick, N. Mcloud",Bora,"A. Hot, A. Hunter, R. Memedi, R. Ukaj, S. Jules",1,57,0.9,1.5,5,2,2,100,1,1,100,0,0,0,0,0,0,0,0,0,0,1,2,1,1,100,0,0,0,0,0,0,0,0,0,1,0,0,0,0,2.0,1.0,250,200,50,200,250,-50,3,0,0,0,0,0,0,0,0,0,0,0,0,0,0,0,0,0,0,0,0,0,0,0,0,0,0,0,0,0,0,0,0
Rahoveci 029,"A. Thomas, F. Rugova, H. Durguti, J. Mccorrmick, K. Pullian",Bora,"A. Hot, J. Dingle, J. Zeqiri, R. Memedi, S. Jules",1,35,0.6,1.5,4,2,2,100,0,0,0,0,0,0,0,0,0,1,1,0,0,0,0,0,0,0,0,0,0,0,0,0,0,0,0,0,0,0,1,0,2.0,1.0,200,0,200,0,200,-200,4,0,0,0,0,0,0,0,0,0,0,0,0,0,0,0,0,0,0,0,0,0,0,0,0,0,0,0,0,0,0,0,0
Rahoveci 029,"J. Mccorrmick, K. Pullian, K. Ujkani, N. Mcloud, V. Ejupi",Bashkimi,"D. Lake, K. Anderson, L. Zeqiri, S. Shorter, V. Bunjaku",1,68,1.1,1.5,3,1,2,50,1,1,100,0,0,0,0,0,0,1,0,0,0,1,2,1,1,100,0,0,0,0,0,0,0,1,1,0,0,0,0,0,2.0,1.0,150,200,-50,200,150,50,1,0,0,0,0,0,0,0,0,0,0,0,0,0,0,0,0,0,0,0,0,0,0,0,0,0,0,0,0,0,0,0,0
Rahoveci 029,"A. Thomas, F. Rugova, K. Pullian, N. Mcloud, V. Ejupi",Bashkimi,"D. Lake, J. Riley, L. Zeqiri, M. Janjeva, S. Shorter",1,26,0.4,1.5,0,0,0,0,0,0,0,0,0,0,0,0,0,0,1,0,2,0,0,0,0,0,0,0,0,0,0,0,0,0,0,0,0,0,1,1,2.0,1.0,0,0,0,0,0,0,0,0,0,0,0,0,0,0,0,0,0,0,0,0,0,0,0,0,0,0,0,0,0,0,0,0,0,0,0,0,0,0,0
Golden Eagle Ylli,"D. Thomas, E. Kastrati, J. Gray, L. Shoshi, S. Bamforth",GO+Peja,"A. Hajdari, C. Williams, D. Davis, F. Shoshaj, L. Routt",1,32,0.5,1.5,3,1,2,50,1,1,100,0,0,0,0,0,0,1,1,0,0,1,0,0,0,0,0,0,0,0,0,0,0,1,1,0,0,0,1,0,2.0,1.0,150,0,150,0,150,-150,3,0,0,0,0,0,0,0,0,0,0,0,0,0,0,0,0,0,0,0,0,0,0,0,0,0,0,0,0,0,0,0,0
Golden Eagle Ylli,"D. Conger, G. Morina, J. Gray, L. Shoshi, S. Bamforth",GO+Peja,"A. Hajdari, C. Williams, D. Davis, L. Routt, M. Mala",1,32,0.5,1.5,0,0,1,0,0,0,0,0,0,0,0,2,2,0,0,0,0,1,1,0,1,0,0,1,0,1,3,33.3,1,1,2,0,0,0,0,0,1.0,2.0,0,50.9,-50.9,50.9,0,50.9,-1,0,0,0,0,0,0,0,0,0,0,0,0,0,0,0,0,0,0,0,0,0,0,0,0,0,0,0,0,0,0,0,0
Golden Eagle Ylli,"D. Conger, G. Morina, J. Gray, L. Shoshi, S. Bamforth",GO+Peja,"A. Hajdari, D. Bracey, D. Davis, L. Routt, M. Mala",1,65,1.1,1.5,0,0,0,0,0,0,0,0,0,0,0,0,0,0,0,0,1,0,5,2,2,100,1,1,100,0,0,0,0,0,0,1,1,0,0,1,1.0,2.0,0,250,-250,250,0,250,-5,0,0,0,0,0,0,0,0,0,0,0,0,0,0,0,0,0,0,0,0,0,0,0,0,0,0,0,0,0,0,0,0
Trepça,"A. Vining, M. Amzil, M. Tmusic, S. Henry, S. Jones",Vëllaznimi,"A. Koshi, D. Wilson, R. Dahsyla, T. Todd, Y. Anei",1,62,1.0,1.5,3,1,1,100,1,1,100,0,0,0,0,0,0,1,0,0,1,1,2,1,1,100,0,0,0,0,0,0,0,0,0,1,1,0,0,0,2.0,1.0,150,200,-50,200,150,50,1,0,0,0,0,0,0,0,0,0,0,0,0,0,0,0,0,0,0,0,0,0,0,0,0,0,0,0,0,0,0,0,0
Bashkimi,"D. Lake, J. Riley, M. Armstead, S. Shorter, V. Bunjaku",Trepça,"D. Hajrizi, D. Kapiti, J. Payne, K. Hasbrouck, S. Henry",1,45,0.8,1.5,0,0,2,0,0,2,0,0,0,0,0,0,0,0,0,0,0,0,2,1,1,100,0,0,0,0,0,0,0,2,2,1,0,0,0,1,2.0,1.0,0,200,-200,200,0,200,-2,0,0,0,0,0,0,0,0,0,0,0,0,0,0,0,0,0,0,0,0,0,0,0,0,0,0,0,0,0,0,0,0
Vëllaznimi,"A. Koshi, J. Hellems, S. Zekiqi, T. Todd, Y. Anei",Golden Eagle Ylli,"D. Sabeckis, D. Thomas, E. Kastrati, S. Bamforth, T. Smith",1,66,1.1,1.5,0,0,1,0,0,1,0,0,0,0,0,0,0,0,1,0,0,1,3,1,1,100,1,1,100,0,0,0,0,1,1,1,0,0,1,2,1.0,2.0,0,150,-150,150,0,150,-3,0,0,0,0,0,0,0,0,0,0,0,0,0,0,0,0,0,0,0,0,0,0,0,0,0,0,0,0,0,0,0,0
GO+Peja,"A. Hajdari, C. Edwards, C. Williams, F. Shoshaj, L. Routt",Bora,"A. Hunter, C. Bragg Jr, J. Zeqiri, R. Memedi, T. Cheese",1,28,0.5,1.5,2,1,1,100,0,0,0,0,0,0,0,0,0,0,0,0,0,0,0,0,0,0,0,0,0,0,0,0,0,0,0,0,0,0,2,1,1.0,2.0,200,0,200,0,200,-200,2,0,0,0,0,0,0,0,0,0,0,0,0,0,0,0,0,0,0,0,0,0,0,0,0,0,0,0,0,0,0,0,0
GO+Peja,"C. Williams, D. Bracey, D. Davis, F. Shoshaj, M. Mala",Bora,"A. Hot, J. Zeqiri, R. Memedi, R. Ukaj, S. Jules",1,56,0.9,1.5,0,0,1,0,0,0,0,0,0,0,0,1,1,0,0,0,0,1,2,1,2,50,0,1,0,0,0,0,0,1,1,0,0,0,0,1,1.0,2.0,0,100,-100,100,0,100,-2,0,0,0,0,0,0,0,0,0,0,0,0,0,0,0,0,0,0,0,0,0,0,0,0,0,0,0,0,0,0,0,0
Sigal Prishtina,"A. Bailey, D. Burns, E. Clarance, J. Ismajli, V. Kakruki",Rahoveci 029,"A. Berisha, A. Thomas, B. Rexha, J. Mccorrmick, N. Mcloud",1,27,0.5,1.5,0,0,0,0,0,0,0,0,0,0,0,0,0,0,1,0,1,0,3,1,1,100,1,1,100,0,0,0,0,0,0,0,1,0,1,0,1.0,2.0,0,150,-150,150,0,150,-3,0,0,0,0,0,0,0,0,0,0,0,0,0,0,0,0,0,0,0,0,0,0,0,0,0,0,0,0,0,0,0,0
Sigal Prishtina,"A. Morina, D. Burns, D. Haxhosaj, D. Williams, E. Clarance",Rahoveci 029,"A. Thomas, F. Rugova, J. Mccorrmick, K. Pullian, V. Ejupi",1,50,0.8,1.5,2,1,1,100,0,0,0,0,0,0,0,0,0,0,1,0,0,0,3,1,1,100,1,1,100,0,0,0,0,0,0,1,0,0,1,1,1.0,2.0,200,150,50,150,200,-50,-1,0,0,0,0,0,0,0,0,0,0,0,0,0,0,0,0,0,0,0,0,0,0,0,0,0,0,0,0,0,0,0,0
Sigal Prishtina,"A. Bailey, A. Morina, D. Burns, E. Clarance, V. Kakruki",Rahoveci 029,"B. Rexha, J. Mccorrmick, K. Pullian, N. Mcloud, V. Ejupi",1,44,0.7,1.5,2,1,2,50,0,1,0,0,0,0,0,0,0,0,1,0,0,0,0,0,0,0,0,0,0,0,0,0,0,1,1,0,0,0,1,0,2.0,1.0,100,0,100,0,100,-100,2,0,0,0,0,0,0,0,0,0,0,0,0,0,0,0,0,0,0,0,0,0,0,0,0,0,0,0,0,0,0,0,0
Vëllaznimi,"A. Bedra, A. Koshi, E. Cingu, J. Ismajli, Z. Ried",Bashkimi,"D. Lake, I. Cousins, J. Bailey, J. Palokaj, V. Bunjaku",1,38,0.6,1.4,0,0,1,0,0,1,0,0,0,0,0,2,2,0,0,1,0,0,0,0,1,0,0,0,0,0,2,0,0,1,1,0,0,0,0,1,1.0,1.9,0,0,0,0,0,0,0,0,0,0,0,0,0,0,0,0,0,0,0,0,0,0,0,0,0,0,0,0,0,0,0,0,0,0,0,0,0,0,0
Golden Eagle Ylli,"E. Kastrati, J. Reece, L. Basic, L. Shoshi, T. Allen",Sigal Prishtina,"A. Azemi, D. Burns, L. Autrey, M. Janjeva, V. Kakruki",1,59,1.0,1.4,1,0,1,0,0,1,0,1,2,50,0,0,0,0,0,0,0,1,3,1,2,50,1,1,100,0,0,0,1,2,3,1,0,0,0,1,1.9,0.9,53.2,322.6,-269.4,322.6,53.2,269.4,-2,0,0,0,0,0,0,0,0,0,0,0,0,0,0,0,0,0,0,0,0,0,0,0,0,0,0,0,0,0,0,0,0
Golden Eagle Ylli,"B. Huffman, E. Kastrati, G. Morina, L. Thomas, T. Allen",Sigal Prishtina,"A. Azemi, A. Bailey, D. Burns, D. Polloshka, V. Kakruki",1,34,0.6,1.4,0,0,1,0,0,0,0,0,0,0,0,0,0,0,0,0,0,3,3,1,1,100,1,1,100,0,2,0,1,1,2,1,0,0,0,0,1.0,1.9,0,159.6,-159.6,159.6,0,159.6,-3,0,0,0,0,0,0,0,0,0,0,0,0,0,0,0,0,0,0,0,0,0,0,0,0,0,0,0,0,0,0,0,0
Sigal Prishtina,"A. Azemi, D. Burns, D. Polloshka, M. Janjeva, V. Kakruki",Bora,"A. Hot, G. Singleton, R. Memed, R. Ukaj, S. Jules",1,43,0.7,1.4,3,1,1,100,1,1,100,0,0,0,0,0,0,1,0,0,1,1,1,0,0,0,0,0,0,1,2,50,0,0,0,1,0,0,0,0,2.0,0.9,150,113.6,36.4,113.6,150,-36.4,2,0,0,0,0,0,0,0,0,0,0,0,0,0,0,0,0,0,0,0,0,0,0,0,0,0,0,0,0,0,0,0,0
Sigal Prishtina,"B. Istrefi, D. Burns, D. Haxhosaj, D. Polloshka, M. Janjeva",Bora,"G. Singleton, O. Kurtaj, R. Memed, S. Jules, T. Jackson",1,64,1.1,1.4,5,2,2,100,1,1,100,0,0,0,0,0,0,2,0,2,0,1,3,1,3,33.3,1,1,100,0,0,0,2,0,2,1,0,0,0,0,2.0,0.9,250,348.8,-98.8,348.8,250,98.8,2,0,0,0,0,0,0,0,0,0,0,0,0,0,0,0,0,0,0,0,0,0,0,0,0,0,0,0,0,0,0,0,0
Sigal Prishtina,"A. Azemi, D. Burns, D. Haxhosaj, D. Lekndreaj, M. Janjeva",Bora,"G. Singleton, O. Kurtaj, R. Memed, R. Ukaj, T. Jackson",1,27,0.5,1.4,1,0,1,0,0,0,0,1,2,50,0,0,0,1,0,0,0,0,3,1,1,100,1,1,100,0,0,0,0,1,1,1,0,0,0,1,1.9,1.0,53.2,300,-246.8,300,53.2,246.8,-2,0,0,0,0,0,0,0,0,0,0,0,0,0,0,0,0,0,0,0,0,0,0,0,0,0,0,0,0,0,0,0,0
Sigal Prishtina,"B. Istrefi, D. Burns, D. Polloshka, M. Janjeva, V. Kakruki",Bora,"A. Mekic, G. Singleton, G. Zeqiri, J. Zeqiri, T. Jackson",1,54,0.9,1.4,2,1,3,33.3,0,1,0,0,0,0,2,1,3,0,0,0,0,0,2,0,1,0,0,1,0,2,2,100,0,0,0,0,0,0,0,0,0.9,1.9,232.6,106.4,126.2,106.4,232.6,-126.2,0,0,0,0,0,0,0,0,0,0,0,0,0,0,0,0,0,0,0,0,0,0,0,0,0,0,0,0,0,0,0,0,0
GO+Peja,"A. Hajdari, A. Herndon, C. Edwards, M. Armstead, S. Flatten",Golden Eagle Ylli,"A. Çallakaj, G. Morina, J. Reece, L. Basic, T. Allen",1,35,0.6,1.4,3,1,1,100,1,1,100,0,0,0,0,1,1,0,0,1,0,0,2,0,2,0,0,0,0,2,2,100,1,0,1,0,0,0,0,1,1.0,1.8,300,110.5,189.5,110.5,300,-189.5,1,0,0,0,0,0,0,0,0,0,0,0,0,0,0,0,0,0,0,0,0,0,0,0,0,0,0,0,0,0,0,0,0
GO+Peja,"A. Hajdari, A. Herndon, J. Johnson, M. Armstead, S. Flatten",Golden Eagle Ylli,"A. Çallakaj, B. Huffman, G. Morina, L. Basic, T. Allen",1,63,1.1,1.4,3,1,1,100,1,1,100,0,0,0,0,1,1,0,0,0,0,1,3,1,1,100,0,0,0,1,2,50,0,0,0,2,0,0,0,0,1.0,1.9,300,159.6,140.4,159.6,300,-140.4,0,0,0,0,0,0,0,0,0,0,0,0,0,0,0,0,0,0,0,0,0,0,0,0,0,0,0,0,0,0,0,0,0
Vëllaznimi,"J. Ismajli, L. Colimerio, M. Warrick, R. Dahsyla, Z. Ried",Trepça,"A. Arslanagic, B. Tuna, D. Hajrizi, J. Payne, S. Jones",1,40,0.7,1.4,0,0,1,0,0,0,0,0,0,0,1,0,1,0,0,0,1,0,4,1,1,100,0,0,0,2,2,100,0,0,0,1,0,0,0,1,0.9,1.9,0,212.8,-212.8,212.8,0,212.8,-4,0,0,0,0,0,0,0,0,0,0,0,0,0,0,0,0,0,0,0,0,0,0,0,0,0,0,0,0,0,0,0,0
Vëllaznimi,"A. Koshi, L. Colimerio, M. Warrick, R. Dahsyla, Z. Ried",Trepça,"A. Arslanagic, D. Hajrizi, D. Kapiti, J. Payne, M. Tmusic",1,41,0.7,1.4,2,0,1,0,0,1,0,2,2,100,0,0,0,0,0,0,0,1,0,0,0,0,0,0,0,0,0,0,0,1,1,0,0,0,1,0,1.9,1.0,106.4,0,106.4,0,106.4,-106.4,2,0,0,0,0,0,0,0,0,0,0,0,0,0,0,0,0,0,0,0,0,0,0,0,0,0,0,0,0,0,0,0,0
Vëllaznimi,"A. Bedra, E. Cingu, M. Warrick, R. Dahsyla, Z. Ried",Trepça,"A. Gashi, B. Zekiqi, J. Payne, M. Amzil, S. Jones",1,32,0.5,1.4,0,0,1,0,0,1,0,0,2,0,0,1,1,0,0,0,0,1,0,0,1,0,0,0,0,0,0,0,0,2,2,0,0,0,0,0,1.9,1.0,0,0,0,0,0,0,0,0,0,0,0,0,0,0,0,0,0,0,0,0,0,0,0,0,0,0,0,0,0,0,0,0,0,0,0,0,0,0,0
Bashkimi,"J. Baily, J. Palokaj, K. Anderson, T. Bickerstaff, V. Bunjaku",Sigal Prishtina,"A. Azemi, A. Bailey, D. Lekndreaj, L. Autrey, V. Kakruki",1,53,0.9,1.4,1,0,0,0,0,0,0,1,2,50,0,1,1,0,0,0,0,1,0,0,2,0,0,1,0,0,0,0,0,0,0,0,0,0,0,1,0.9,2.0,113.6,0,113.6,0,113.6,-113.6,1,0,0,0,0,0,0,0,0,0,0,0,0,0,0,0,0,0,0,0,0,0,0,0,0,0,0,0,0,0,0,0,0
GO+Peja,"A. Hajdari, A. Herndon, C. Edwards, J. Johnson, M. Mala",Rahoveci 029,"F. Rugova, I. Umipig, J. Jones, J. Roche, V. Ejupi",1,63,1.1,1.4,2,1,1,100,0,0,0,0,0,0,0,0,0,1,0,0,0,1,2,1,3,33.3,0,1,0,0,0,0,2,0,2,0,0,0,1,0,1.0,1.9,200,107.5,92.5,107.5,200,-92.5,0,0,0,0,0,0,0,0,0,0,0,0,0,0,0,0,0,0,0,0,0,0,0,0,0,0,0,0,0,0,0,0,0
GO+Peja,"A. Hajdari, C. Edwards, J. Johnson, M. Mala, T. Green",Rahoveci 029,"F. Rugova, I. Umipig, J. Jones, J. Roche, V. Ejupi",1,35,0.6,1.4,3,1,1,100,0,0,0,1,1,100,0,1,1,0,0,0,0,0,2,1,1,100,0,0,0,0,1,0,0,0,0,1,0,0,0,2,1.4,1.4,208.3,138.9,69.4,138.9,208.3,-69.4,1,0,0,0,0,0,0,0,0,0,0,0,0,0,0,0,0,0,0,0,0,0,0,0,0,0,0,0,0,0,0,0,0
Vëllaznimi,"L. Colimerio, M. Warrick, R. Dahsyla, S. Zekiqi, Y. Anei",Bora,"G. Singleton, O. Kurtaj, R. Memedi, S. Jules, T. Jackson",1,52,0.9,1.4,2,1,1,100,0,0,0,0,0,0,0,0,0,0,0,0,1,1,2,0,0,0,0,0,0,2,2,100,0,0,0,0,0,0,0,0,2.0,0.9,100,227.3,-127.3,227.3,100,127.3,0,0,0,0,0,0,0,0,0,0,0,0,0,0,0,0,0,0,0,0,0,0,0,0,0,0,0,0,0,0,0,0,0
Vëllaznimi,"A. Koshi, L. Colimerio, M. Warrick, R. Dahsyla, Z. Reid",Bora,"D. Taylor, G. Singleton, O. Kurtaj, R. Memedi, S. Jules",1,22,0.4,1.4,0,0,0,0,0,0,0,0,0,0,0,1,1,0,0,0,1,0,2,0,1,0,0,1,0,2,2,100,0,0,0,0,1,0,0,0,1.0,1.9,0,106.4,-106.4,106.4,0,106.4,-2,0,0,0,0,0,0,0,0,0,0,0,0,0,0,0,0,0,0,0,0,0,0,0,0,0,0,0,0,0,0,0,0
Trepça,"A. Arslanagic, B. Tuna, C. Rusell, D. Kapiti, M. Amzil",Golden Eagle Ylli,"A. Çallakaj, B. Huffman, G. Morina, L. Thomas, T. Allen",1,80,1.3,1.4,2,1,3,33.3,0,0,0,0,0,0,1,0,1,0,0,0,0,1,1,0,0,0,0,0,0,1,2,50,0,1,1,1,0,0,0,0,1.9,0.9,103.6,113.6,-10,113.6,103.6,10,1,0,0,0,0,0,0,0,0,0,0,0,0,0,0,0,0,0,0,0,0,0,0,0,0,0,0,0,0,0,0,0,0
Golden Eagle Ylli,"A. Çallakaj, B. Huffman, G. Morina, L. Basic, L. Thomas",Bashkimi,"J. Bailey, K. Anderson, M. Ismaili, T. Bickerstaff, V. Bunjaku",1,26,0.4,1.4,0,0,1,0,0,1,0,0,0,0,0,0,0,0,0,0,1,0,2,0,0,0,0,0,0,2,2,100,0,0,0,0,0,0,0,0,2.0,0.9,0,227.3,-227.3,227.3,0,227.3,-2,0,0,0,0,0,0,0,0,0,0,0,0,0,0,0,0,0,0,0,0,0,0,0,0,0,0,0,0,0,0,0,0
Golden Eagle Ylli,"A. Çallakaj, J. Reece, L. Shoshi, L. Thomas, T. Allen",Bashkimi,"A. Morina, I. Cousins, J. Palokaj, K. Anderson, T. Bickerstaff",1,6,0.1,1.4,1,0,0,0,0,0,0,1,2,50,0,0,0,0,0,0,0,0,4,2,3,66.7,0,0,0,0,0,0,1,0,1,1,0,0,0,1,0.9,1.9,113.6,207.3,-93.6,207.3,113.6,93.6,-3,0,0,0,0,0,0,0,0,0,0,0,0,0,0,0,0,0,0,0,0,0,0,0,0,0,0,0,0,0,0,0,0
Bora,"A. Hot, A. Mekic, G. Zeqiri, H. Lebovci, S. Jules",Trepça,"A. Arslanagic, D. Kapiti, J. Payne, M. Amzil, M. Tmusic",1,50,0.8,1.4,2,1,1,100,0,0,0,0,0,0,0,1,1,1,0,0,0,0,2,1,1,100,0,0,0,0,2,0,0,0,0,0,0,0,0,0,1.0,1.9,200,106.4,93.6,106.4,200,-93.6,0,0,0,0,0,0,0,0,0,0,0,0,0,0,0,0,0,0,0,0,0,0,0,0,0,0,0,0,0,0,0,0,0
Bora,"A. Hot, A. Mekic, J. Zeqiri, R. Memedi, S. Jules",Trepça,"B. Tuna, D. Kapiti, J. Payne, M. Amzil, M. Tmusic",1,42,0.7,1.4,4,1,1,100,0,0,0,2,2,100,0,1,1,1,0,0,0,1,0,0,1,0,0,1,0,0,0,0,0,0,0,0,0,0,0,1,1.9,1.0,212.8,0,212.8,0,212.8,-212.8,4,0,0,0,0,0,0,0,0,0,0,0,0,0,0,0,0,0,0,0,0,0,0,0,0,0,0,0,0,0,0,0,0
Sigal Prishtina,"A. Azemi, D. Burns, D. Haxhosaj, L. Autrey, V. Kakruki",GO+Peja,"C. Edwards, D. Berisha, J. Johnson, M. Mala, T. Green",1,63,1.1,1.4,5,1,1,100,1,1,100,2,2,100,0,0,0,1,0,0,0,1,3,1,1,100,1,1,100,0,0,0,0,0,0,1,0,0,0,1,1.9,1.0,266,300,-34,300,266,34,2,0,0,0,0,0,0,0,0,0,0,0,0,0,0,0,0,0,0,0,0,0,0,0,0,0,0,0,0,0,0,0,0
Sigal Prishtina,"A. Azemi, A. Bailey, D. Burns, D. Polloshka, L. Autrey",GO+Peja,"D. Berisha, J. Johnson, M. Armstead, S. Flatten, T. Green",1,35,0.6,1.4,0,0,0,0,0,0,0,0,0,0,0,1,1,0,0,0,1,0,2,0,1,0,0,0,0,2,2,100,0,0,0,0,0,0,0,1,1.0,1.9,0,106.4,-106.4,106.4,0,106.4,-2,0,0,0,0,0,0,0,0,0,0,0,0,0,0,0,0,0,0,0,0,0,0,0,0,0,0,0,0,0,0,0,0
Bashkimi,"I. Cousins, J. Palokaj, K. Anderson, L. Zeqiri, T. Bickerstaff",GO+Peja,"C. Edwards, M. Armstead, M. Mala, S. Flatten, T. Green",1,64,1.1,1.4,2,1,2,50,0,0,0,0,0,0,1,0,1,0,0,0,0,0,5,2,3,66.7,1,1,100,0,0,0,1,0,1,0,0,0,0,1,0.9,1.9,215.1,259.1,-44,259.1,215.1,44,-3,0,0,0,0,0,0,0,0,0,0,0,0,0,0,0,0,0,0,0,0,0,0,0,0,0,0,0,0,0,0,0,0
Bashkimi,"A. Morina, D. Lake, I. Cousins, K. Anderson, L. Zeqiri",GO+Peja,"C. Edwards, D. Berisha, J. Johnson, M. Armstead, T. Green",1,39,0.7,1.4,0,0,1,0,0,1,0,0,0,0,0,0,0,0,0,0,0,1,3,0,0,0,0,0,0,3,4,75,0,1,1,0,0,0,0,1,1.0,1.8,0,170.5,-170.5,170.5,0,170.5,-3,0,0,0,0,0,0,0,0,0,0,0,0,0,0,0,0,0,0,0,0,0,0,0,0,0,0,0,0,0,0,0,0
Bashkimi,"D. Lake, I. Cousins, K. Anderson, L. Zeqiri, V. Bunjaku",GO+Peja,"A. Hajdari, A. Herndon, M. Armstead, S. Flatten, T. Green",1,45,0.8,1.4,2,0,1,0,0,1,0,2,2,100,0,1,1,0,0,0,0,1,0,0,1,0,0,0,0,0,0,0,0,1,1,0,0,0,0,0,1.9,1.0,106.4,0,106.4,0,106.4,-106.4,2,0,0,0,0,0,0,0,0,0,0,0,0,0,0,0,0,0,0,0,0,0,0,0,0,0,0,0,0,0,0,0,0
Vëllaznimi,"A. Koshi, J. Ismajli, L. Colimerio, S. Zekiqi, Y. Anei",Sigal Prishtina,"A. Azemi, A. Bailey, D. Burns, D. Polloshka, V. Kakruki",1,44,0.7,1.4,0,0,0,0,0,0,0,0,2,0,0,1,1,0,0,0,0,1,2,1,2,50,0,1,0,0,0,0,0,1,1,0,0,0,0,1,0.9,2.0,0,100,-100,100,0,100,-2,0,0,0,0,0,0,0,0,0,0,0,0,0,0,0,0,0,0,0,0,0,0,0,0,0,0,0,0,0,0,0,0
Vëllaznimi,"J. Ismajli, L. Colimerio, S. Zekiqi, Y. Anei, Z. Ride",Sigal Prishtina,"A. Azemi, A. Bailey, D. Burns, D. Haxhosaj, D. Polloshka",1,43,0.7,1.4,0,0,1,0,0,1,0,0,0,0,0,1,1,0,0,0,0,0,3,1,1,100,0,0,0,1,2,50,0,1,1,1,0,0,0,0,1.0,1.9,0,159.6,-159.6,159.6,0,159.6,-3,0,0,0,0,0,0,0,0,0,0,0,0,0,0,0,0,0,0,0,0,0,0,0,0,0,0,0,0,0,0,0,0
Trepça,"A. Arslanagic, B. Tuna, D. Hajrizi, D. Kapiti, J. Payne",Rahoveci 029,"I. Umipig, J. Roche, K. Pullian, K. Ujkani, V. Ejupi",1,19,0.3,1.4,5,1,1,100,1,1,100,2,2,100,0,1,1,0,0,0,0,0,0,0,1,0,0,0,0,0,0,0,0,0,0,0,0,0,0,0,1.9,1.0,266,0,266,0,266,-266,5,0,0,0,0,0,0,0,0,0,0,0,0,0,0,0,0,0,0,0,0,0,0,0,0,0,0,0,0,0,0,0,0
Golden Eagle Ylli,"A. Çallakaj, J. Reece, L. Shoshi, L. Thomas, T. Allen",Bora,"A. Hot, A. Mekic, J. Zeqiri, T. Cheese, T. Jackson",1,30,0.5,1.4,1,0,0,0,0,0,0,1,2,50,0,0,0,0,0,0,1,1,3,1,1,100,1,1,100,0,0,0,0,0,0,0,1,0,0,0,1.9,1.0,53.2,300,-246.8,300,53.2,246.8,-2,0,0,0,0,0,0,0,0,0,0,0,0,0,0,0,0,0,0,0,0,0,0,0,0,0,0,0,0,0,0,0,0
Golden Eagle Ylli,"E. Kastrati, J. Reece, L. Shoshi, L. Thomas, T. Allen",Bora,"A. Mekic, J. Zeqiri, O. Kurtaj, S. Jules, T. Cheese",1,56,0.9,1.4,0,0,2,0,0,1,0,0,0,0,0,0,0,0,0,0,0,1,2,0,0,0,0,0,0,2,2,100,0,2,2,0,0,0,0,0,2.0,0.9,0,227.3,-227.3,227.3,0,227.3,-2,0,0,0,0,0,0,0,0,0,0,0,0,0,0,0,0,0,0,0,0,0,0,0,0,0,0,0,0,0,0,0,0
Golden Eagle Ylli,"A. Çallakaj, E. Kastrati, J. Reece, T. Allen, T. Allen",Bora,"G. Singleton, J. Zeqiri, O. Kurtaj, S. Jules, T. Cheese",1,53,0.9,1.4,2,0,2,0,0,1,0,2,2,100,1,0,1,0,1,1,0,1,0,0,1,0,0,0,0,0,0,0,1,1,2,0,0,0,1,1,1.8,0.9,110.5,0,110.5,0,110.5,-110.5,2,0,0,0,0,0,0,0,0,0,0,0,0,0,0,0,0,0,0,0,0,0,0,0,0,0,0,0,0,0,0,0,0
Golden Eagle Ylli,"E. Kastrati, G. Morina, J. Reece, T. Allen, T. Allen",Bora,"A. Mekic, J. Zeqiri, O. Kurtaj, S. Jules, T. Cheese",1,24,0.4,1.4,3,1,1,100,1,1,100,0,0,0,0,0,0,1,1,0,0,0,2,0,0,0,0,0,0,2,2,100,0,0,0,1,0,0,1,1,1.0,1.9,300,106.4,193.6,106.4,300,-193.6,1,0,0,0,0,0,0,0,0,0,0,0,0,0,0,0,0,0,0,0,0,0,0,0,0,0,0,0,0,0,0,0,0
Bora,"A. Hot, A. Mekic, J. Zeqiri, S. Jules, T. Chese",Bashkimi,"D. Lake, I. Cousins, J. Baily, L. Zeqiri, V. Bunjaku",1,27,0.5,1.4,1,0,0,0,0,0,0,1,2,50,0,1,1,0,0,0,1,0,0,0,1,0,0,1,0,0,0,0,0,0,0,0,0,0,0,0,1.9,1.0,53.2,0,53.2,0,53.2,-53.2,1,0,0,0,0,0,0,0,0,0,0,0,0,0,0,0,0,0,0,0,0,0,0,0,0,0,0,0,0,0,0,0,0
Bora,"A. Hot, A. Mekic, G. Singleton, J. Zeqiri, S. Jules",Bashkimi,"I. Cousins, J. Palokaj, K. Anderson, M. Janjeva, T. Bickerstaff",1,32,0.5,1.4,1,0,0,0,0,0,0,1,2,50,0,1,1,0,0,0,1,0,0,0,1,0,0,0,0,0,0,0,0,1,1,0,0,0,0,0,1.9,1.0,53.2,0,53.2,0,53.2,-53.2,1,0,0,0,0,0,0,0,0,0,0,0,0,0,0,0,0,0,0,0,0,0,0,0,0,0,0,0,0,0,0,0,0
Bora,"A. Hot, A. Mekic, G. Zeqiri, O. Kurtaj, T. Jackson",Bashkimi,"D. Lake, I. Cousins, K. Anderson, M. Janjeva, V. Bunjaku",1,63,1.1,1.4,3,1,1,100,1,1,100,0,0,0,0,0,0,1,0,0,0,2,3,1,2,50,0,1,0,1,2,50,1,0,1,1,0,0,0,0,1.0,1.8,300,165.7,134.3,165.7,300,-134.3,0,0,0,0,0,0,0,0,0,0,0,0,0,0,0,0,0,0,0,0,0,0,0,0,0,0,0,0,0,0,0,0,0
Rahoveci 029,"F. Rugova, I. Umipig, K. Pullian, K. Ujkani, V. Ejupi",Golden Eagle Ylli,"E. Kastrati, J. Reece, L. Shoshi, L. Thomas, T. Allen",1,34,0.6,1.4,0,0,1,0,0,0,0,0,0,0,0,0,0,0,0,0,0,2,4,1,1,100,0,0,0,2,2,100,0,1,1,1,0,0,0,0,1.0,1.9,0,212.8,-212.8,212.8,0,212.8,-4,0,0,0,0,0,0,0,0,0,0,0,0,0,0,0,0,0,0,0,0,0,0,0,0,0,0,0,0,0,0,0,0
Rahoveci 029,"F. Rugova, H. Durguti, I. Umipig, K. Pullian, K. Ujkani",Golden Eagle Ylli,"A. Scott, E. Kastrati, J. Reece, L. Shoshi, T. Allen",1,32,0.5,1.4,1,0,1,0,0,1,0,1,2,50,0,1,1,0,0,0,0,1,0,0,1,0,0,0,0,0,0,0,0,2,2,0,0,0,0,0,1.9,1.0,53.2,0,53.2,0,53.2,-53.2,1,0,0,0,0,0,0,0,0,0,0,0,0,0,0,0,0,0,0,0,0,0,0,0,0,0,0,0,0,0,0,0,0
Rahoveci 029,"F. Rugova, H. Durguti, I. Umipig, K. Pullian, K. Ujkani",Golden Eagle Ylli,"A. Scott, B. Huffman, E. Kastrati, G. Morina, T. Allen",1,55,0.9,1.4,3,1,1,100,1,1,100,0,0,0,0,0,0,1,0,0,0,1,4,1,1,100,0,0,0,2,2,100,0,0,0,2,0,0,0,1,1.0,1.9,300,212.8,87.2,212.8,300,-87.2,-1,0,0,0,0,0,0,0,0,0,0,0,0,0,0,0,0,0,0,0,0,0,0,0,0,0,0,0,0,0,0,0,0
Sigal Prishtina,"A. Bailey, D. Burns, D. Haxhosaj, D. Lekndreaj, E. Williams Jr",Trepça,"A. Arslanagic, D. Hajrizi, D. Kapiti, M. Amzil, M. Tmusic",1,39,0.7,1.4,0,0,0,0,0,0,0,0,0,0,0,0,0,0,0,0,1,0,1,0,0,0,0,0,0,1,2,50,0,0,0,0,0,0,1,0,1.0,1.9,0,53.2,-53.2,53.2,0,53.2,-1,0,0,0,0,0,0,0,0,0,0,0,0,0,0,0,0,0,0,0,0,0,0,0,0,0,0,0,0,0,0,0,0
GO+Peja,"C. Edwards, D. Berisha, M. Armstead, S. Flatten, T. Green",Vëllaznimi,"A. Koshi, J. Hellems, J. Ismajli, M. Warrick, Y. Anei",1,23,0.4,1.4,0,0,0,0,0,0,0,0,0,0,0,0,0,0,0,0,1,0,2,0,1,0,0,0,0,2,2,100,1,0,1,1,1,0,1,0,1.0,1.8,0,110.5,-110.5,110.5,0,110.5,-2,0,0,0,0,0,0,0,0,0,0,0,0,0,0,0,0,0,0,0,0,0,0,0,0,0,0,0,0,0,0,0,0
Bashkimi,"J. Baily, K. Anderson, M. Janjeva, T. Bickerstaff, V. Bunjaku",Vëllaznimi,"A. Koshi, J. Hellems, M. Warrick, R. Dahsyla, Y. Anei",1,19,0.3,1.4,0,0,1,0,0,0,0,0,0,0,0,0,0,0,0,0,0,1,4,0,0,0,0,0,0,4,4,100,0,1,1,0,0,1,0,0,1.0,1.8,0,227.3,-227.3,227.3,0,227.3,-4,0,0,0,0,0,0,0,0,0,0,0,0,0,0,0,0,0,0,0,0,0,0,0,0,0,0,0,0,0,0,0,0
Bashkimi,"I. Cousins, J. Baily, M. Janjeva, T. Bickerstaff, V. Bunjaku",Vëllaznimi,"A. Koshi, J. Hellems, J. Ismajli, L. Colimerio, Z. Reid",1,33,0.6,1.4,1,0,0,0,0,0,0,1,2,50,0,1,1,0,0,0,1,1,0,0,1,0,0,0,0,0,0,0,0,1,1,0,1,0,0,0,1.9,1.0,53.2,0,53.2,0,53.2,-53.2,1,0,0,0,0,0,0,0,0,0,0,0,0,0,0,0,0,0,0,0,0,0,0,0,0,0,0,0,0,0,0,0,0
GO+Peja,"A. Hajdari, C. Edwards, J. Johnson, M. Armstead, S. Flatten",Trepça,"A. Arslanagic, D. Hajrizi, D. Kapiti, J. Payne, S. Henry",1,33,0.6,1.4,3,0,0,0,0,0,0,3,4,75,1,0,1,0,0,0,0,1,2,1,1,100,0,0,0,0,0,0,0,0,0,0,0,0,0,2,1.8,1.0,170.5,200,-29.5,200,170.5,29.5,1,0,0,0,0,0,0,0,0,0,0,0,0,0,0,0,0,0,0,0,0,0,0,0,0,0,0,0,0,0,0,0,0
GO+Peja,"C. Edwards, D. Berisha, J. Johnson, M. Mala, T. Green",Trepça,"B. Tuna, D. Kapiti, J. Payne, M. Amzil, S. Henry",1,35,0.6,1.4,1,0,1,0,0,1,0,1,2,50,1,1,2,0,0,0,1,0,0,0,2,0,0,0,0,0,0,0,1,0,1,0,0,0,0,2,1.8,0.9,55.2,0,55.2,0,55.2,-55.2,1,0,0,0,0,0,0,0,0,0,0,0,0,0,0,0,0,0,0,0,0,0,0,0,0,0,0,0,0,0,0,0,0
GO+Peja,"A. Hajdari, A. Herndon, J. Johnson, M. Mala, T. Green",Trepça,"A. Arslanagic, B. Tuna, C. Brown, D. Hajrizi, S. Henry",1,33,0.6,1.4,2,1,1,100,0,0,0,0,0,0,0,1,1,0,0,0,0,0,1,0,1,0,0,0,0,1,2,50,0,0,0,1,0,0,0,1,1.0,1.9,200,53.2,146.8,53.2,200,-146.8,1,0,0,0,0,0,0,0,0,0,0,0,0,0,0,0,0,0,0,0,0,0,0,0,0,0,0,0,0,0,0,0,0
Sigal Prishtina,"A. Azemi, A. Bailey, D. Burns, D. Haxhosaj, T. Vissariou",Golden Eagle Ylli,"A. Scott, A. Çallakaj, B. Huffman, G. Morina, T. Allen",1,35,0.6,1.4,0,0,1,0,0,0,0,0,0,0,0,1,1,0,0,0,0,1,0,0,0,0,0,0,0,0,2,0,0,1,1,0,0,1,1,0,1.0,1.9,0,0,0,0,0,0,0,0,0,0,0,0,0,0,0,0,0,0,0,0,0,0,0,0,0,0,0,0,0,0,0,0,0,0,0,0,0,0,0
Sigal Prishtina,"A. Azemi, A. Bailey, B. Istrefi, D. Burns, L. Autrey",Golden Eagle Ylli,"A. Gashi, E. Kastrati, J. Reece, L. Basic, T. Allen",1,30,0.5,1.4,0,0,1,0,0,0,0,0,0,0,0,0,0,0,0,0,0,0,3,1,1,100,0,0,0,1,2,50,0,1,1,2,0,0,0,0,1.0,1.9,0,159.6,-159.6,159.6,0,159.6,-3,0,0,0,0,0,0,0,0,0,0,0,0,0,0,0,0,0,0,0,0,0,0,0,0,0,0,0,0,0,0,0,0
Rahoveci 029,"A. Berisha, A. Patty, I. Umipig, K. Pullian, K. Ujkani",Bora,"A. Hunter, A. Mekic, J. Zeqiri, R. Ukaj, S. Jules",1,67,1.1,1.4,4,1,3,33.3,1,1,100,1,2,50,2,0,2,0,0,0,0,0,2,1,1,100,0,0,0,0,0,0,0,0,0,0,0,0,0,1,1.7,1.0,229.9,200,29.9,200,229.9,-29.9,2,0,0,0,0,0,0,0,0,0,0,0,0,0,0,0,0,0,0,0,0,0,0,0,0,0,0,0,0,0,0,0,0
Rahoveci 029,"H. Durguti, I. Umipig, J. Roche, K. Pullian, K. Ujkani",Bora,"A. Hunter, A. Mekic, C. Payton Jr, J. Zeqiri, R. Ukaj",1,35,0.6,1.4,1,0,0,0,0,0,0,1,2,50,0,1,1,1,0,1,1,0,0,0,2,0,0,0,0,0,0,0,1,0,1,0,1,0,0,1,1.9,0.9,53.2,0,53.2,0,53.2,-53.2,1,0,0,0,0,0,0,0,0,0,0,0,0,0,0,0,0,0,0,0,0,0,0,0,0,0,0,0,0,0,0,0,0
Rahoveci 029,"B. Rexha, F. Rugova, H. Durguti, J. Roche, K. Pullian",Bashkimi,"J. Baily, K. Anderson, M. Ismaili, M. Janjeva, T. Bickerstaff",1,20,0.3,1.4,0,0,1,0,0,1,0,0,0,0,1,0,1,0,0,0,1,0,1,0,0,0,0,0,0,1,2,50,1,0,1,1,0,0,1,0,0.9,1.9,0,53.2,-53.2,53.2,0,53.2,-1,0,0,0,0,0,0,0,0,0,0,0,0,0,0,0,0,0,0,0,0,0,0,0,0,0,0,0,0,0,0,0,0
Rahoveci 029,"B. Rexha, F. Rugova, H. Durguti, J. Roche, K. Pullian",Bashkimi,"D. Lake, J. Baily, K. Anderson, L. Zeqiri, V. Bunjaku",1,22,0.4,1.4,2,1,1,100,0,0,0,0,0,0,0,0,0,1,0,0,0,1,1,0,0,0,0,0,0,1,2,50,1,0,1,1,0,0,1,0,1.0,1.9,200,53.2,146.8,53.2,200,-146.8,1,0,0,0,0,0,0,0,0,0,0,0,0,0,0,0,0,0,0,0,0,0,0,0,0,0,0,0,0,0,0,0,0
Rahoveci 029,"A. Berisha, A. Patty, B. Rexha, E. Peci, J. Roche",Bashkimi,"D. Lake, J. Baily, K. Anderson, M. Ismaili, M. Janjeva",1,35,0.6,1.4,0,0,1,0,0,0,0,0,0,0,0,0,0,0,0,0,0,1,4,0,0,0,0,0,0,4,4,100,0,1,1,0,0,0,0,0,1.0,1.8,0,227.3,-227.3,227.3,0,227.3,-4,0,0,0,0,0,0,0,0,0,0,0,0,0,0,0,0,0,0,0,0,0,0,0,0,0,0,0,0,0,0,0,0
Bora,"A. Hot, A. Hunter, A. Mekic, J. Zeqiri, S. Jules",Sigal Prishtina,"A. Azemi, D. Burns, D. Haxhosaj, D. Polloshka, K. Kramer",1,22,0.4,1.4,2,0,2,0,0,1,0,2,2,100,1,0,1,1,1,0,0,0,0,0,0,0,0,0,0,0,0,0,0,1,1,0,0,1,1,2,1.8,1.0,110.5,0,110.5,0,110.5,-110.5,2,0,0,0,0,0,0,0,0,0,0,0,0,0,0,0,0,0,0,0,0,0,0,0,0,0,0,0,0,0,0,0,0
Golden Eagle Ylli,"A. Çallakaj, B. Huffman, E. Kastrati, L. Thomas, T. Allen",GO+Peja,"A. Hajdari, C. Edwards, J. Johnson, M. Mala, T. Green",1,78,1.3,1.4,2,1,1,100,0,0,0,0,0,0,0,1,1,1,0,0,0,0,2,1,4,25,0,2,0,0,0,0,2,0,2,0,0,0,0,1,1.0,1.9,200,107.5,92.5,107.5,200,-92.5,0,0,0,0,0,0,0,0,0,0,0,0,0,0,0,0,0,0,0,0,0,0,0,0,0,0,0,0,0,0,0,0,0
Trepça,"D. Kapiti, J. Payne, M. Amzil, M. Tmusic, S. Henry",Vëllaznimi,"A. Koshi, J. Hellems, M. Warrick, S. Zekiqi, Z. Reid",1,57,0.9,1.4,2,1,4,25,0,2,0,0,0,0,3,0,3,0,0,0,0,0,4,2,2,100,0,0,0,0,0,0,0,0,0,0,0,0,0,0,0.8,2.0,253.2,200,53.2,200,253.2,-53.2,-2,0,0,0,0,0,0,0,0,0,0,0,0,0,0,0,0,0,0,0,0,0,0,0,0,0,0,0,0,0,0,0,0
Vëllaznimi,"J. Hellems, R. Dahsyla, S. Zekiqi, T. Todd, Z. Reid",Golden Eagle Ylli,"A. Scott, B. Huffman, E. Kastrati, G. Morina, J. Reece",1,41,0.7,1.4,3,1,1,100,1,1,100,0,0,0,0,0,0,1,1,0,0,0,1,0,0,0,0,0,0,1,2,50,0,0,0,1,0,0,1,1,1.0,1.9,300,53.2,246.8,53.2,300,-246.8,2,0,0,0,0,0,0,0,0,0,0,0,0,0,0,0,0,0,0,0,0,0,0,0,0,0,0,0,0,0,0,0,0
Vëllaznimi,"A. Koshi, J. Hellems, L. Colimerio, R. Dahsyla, T. Todd",Golden Eagle Ylli,"A. Scott, B. Huffman, E. Kastrati, G. Morina, J. Reece",1,66,1.1,1.4,3,1,1,100,0,0,0,1,2,50,0,0,0,1,0,1,0,2,2,1,3,33.3,0,1,0,0,0,0,3,0,3,1,0,0,0,0,1.9,0.9,159.6,232.6,-73,232.6,159.6,73,1,0,0,0,0,0,0,0,0,0,0,0,0,0,0,0,0,0,0,0,0,0,0,0,0,0,0,0,0,0,0,0,0
Vëllaznimi,"A. Koshi, L. Colimerio, S. Zekiqi, T. Todd, Z. Reid",Golden Eagle Ylli,"A. Scott, A. Çallakaj, G. Morina, J. Reece, L. Shoshi",1,52,0.9,1.4,0,0,1,0,0,0,0,0,0,0,0,1,1,0,0,0,0,0,2,0,1,0,0,1,0,2,2,100,0,1,1,0,0,0,0,1,1.0,1.9,0,106.4,-106.4,106.4,0,106.4,-2,0,0,0,0,0,0,0,0,0,0,0,0,0,0,0,0,0,0,0,0,0,0,0,0,0,0,0,0,0,0,0,0
GO+Peja,"C. Edwards, D. Berisha, J. Johnson, M. Mala, S. Flatten",Bora,"A. Mekic, C. Payton Jr, G. Zeqiri, J. Zeqiri, T. Cheese",1,35,0.6,1.4,0,0,0,0,0,0,0,0,0,0,0,0,0,0,0,0,1,1,4,1,1,100,0,0,0,2,2,100,0,0,0,1,1,0,0,1,1.0,1.9,0,212.8,-212.8,212.8,0,212.8,-4,0,0,0,0,0,0,0,0,0,0,0,0,0,0,0,0,0,0,0,0,0,0,0,0,0,0,0,0,0,0,0,0
GO+Peja,"A. Hhajdari, J. Johnson, M. Mala, S. Flatten, T. Green",Bora,"A. Hot, A. Mekic, J. Zeqiri, S. Jules, T. Cheese",1,8,0.1,1.4,3,1,1,100,1,1,100,0,0,0,0,0,0,1,0,0,0,1,2,0,0,0,0,0,0,2,4,50,1,0,1,0,0,0,0,0,1.0,1.8,300,113.6,186.4,113.6,300,-186.4,1,0,0,0,0,0,0,0,0,0,0,0,0,0,0,0,0,0,0,0,0,0,0,0,0,0,0,0,0,0,0,0,0
Rahoveci 029,"A. Berisha, F. Rugova, I. Umipig, J. Roche, K. Pullian",GO+Peja,"A. Hajdari, J. Johnson, M. Mala, S. Flatten, T. Green",1,29,0.5,1.4,2,1,1,100,0,0,0,0,0,0,0,1,1,0,0,0,0,0,0,0,0,0,0,0,0,0,2,0,0,0,0,0,0,0,1,0,1.0,1.9,200,0,200,0,200,-200,2,0,0,0,0,0,0,0,0,0,0,0,0,0,0,0,0,0,0,0,0,0,0,0,0,0,0,0,0,0,0,0,0
Bora,"A. Hunter, G. Zeqiri, J. Zeqiri, S. Jules, T. Cheese",Vëllaznimi,"A. Koshi, J. Hellems, L. Colimerio, R. Dahsyla, T. Todd",1,43,0.7,1.4,0,0,2,0,0,1,0,0,0,0,1,1,2,0,0,0,0,0,2,0,1,0,0,1,0,2,2,100,0,1,1,0,0,0,0,0,0.9,1.9,0,106.4,-106.4,106.4,0,106.4,-2,0,0,0,0,0,0,0,0,0,0,0,0,0,0,0,0,0,0,0,0,0,0,0,0,0,0,0,0,0,0,0,0
Bora,"A. Hot, A. Hunter, A. Mekic, G. Zeqiri, S. Jules",Vëllaznimi,"A. Koshi, J. Hellems, L. Colimerio, R. Dahsyla, T. Todd",1,28,0.5,1.4,2,1,1,100,0,0,0,0,0,0,0,0,0,1,0,0,0,1,4,1,1,100,1,1,100,1,2,50,0,0,0,1,0,0,0,0,1.0,1.9,200,212.8,-12.8,212.8,200,12.8,-2,0,0,0,0,0,0,0,0,0,0,0,0,0,0,0,0,0,0,0,0,0,0,0,0,0,0,0,0,0,0,0,0
Bora,"A. Hot, A. Hunter, J. Zeqiri, S. Jules, T. Cheese",Vëllaznimi,"A. Koshi, J. Hellems, L. Colimerio, R. Dahsyla, Z. Reid",1,36,0.6,1.4,2,1,2,50,0,0,0,0,0,0,0,1,1,0,0,0,0,1,1,0,0,0,0,0,0,1,2,50,0,1,1,1,0,1,0,0,2.0,0.9,100,113.6,-13.6,113.6,100,13.6,1,0,0,0,0,0,0,0,0,0,0,0,0,0,0,0,0,0,0,0,0,0,0,0,0,0,0,0,0,0,0,0,0
Golden Eagle Ylli,"A. Scott, A. Çallakaj, B. Huffman, E. Kastrati, L. Shoshi",Trepça,"D. Hajrizi, J. Payne, K. Hasbrouck, M. Tmusic, S. Jones",1,36,0.6,1.4,2,0,2,0,0,2,0,2,2,100,1,1,2,0,0,0,0,0,0,0,1,0,0,1,0,0,0,0,0,1,1,0,0,0,0,1,1.8,1.0,110.5,0,110.5,0,110.5,-110.5,2,0,0,0,0,0,0,0,0,0,0,0,0,0,0,0,0,0,0,0,0,0,0,0,0,0,0,0,0,0,0,0,0
Golden Eagle Ylli,"A. Scott, A. Çallakaj, B. Huffman, E. Kastrati, L. Shoshi",Trepça,"D. Hajrizi, D. Kapiti, J. Payne, K. Hasbrouck, S. Henry",1,53,0.9,1.4,4,1,1,100,0,0,0,2,2,100,0,0,0,1,0,0,0,0,2,1,1,100,0,0,0,0,0,0,0,0,0,0,0,0,0,2,1.9,1.0,212.8,200,12.8,200,212.8,-12.8,2,0,0,0,0,0,0,0,0,0,0,0,0,0,0,0,0,0,0,0,0,0,0,0,0,0,0,0,0,0,0,0,0
Trepça,"D. Kapiti, J. Payne, M. Amzil, M. Tmusic, S. Henry",Bora,"A. Hunter, A. Mekic, G. Zeqiri, R. Memedi, S. Jules",1,32,0.5,1.4,3,1,1,100,1,1,100,0,0,0,0,1,1,1,1,0,0,0,1,0,0,0,0,0,0,1,2,50,0,0,0,0,0,0,1,1,1.0,1.9,300,53.2,246.8,53.2,300,-246.8,2,0,0,0,0,0,0,0,0,0,0,0,0,0,0,0,0,0,0,0,0,0,0,0,0,0,0,0,0,0,0,0,0
Trepça,"D. Kapiti, J. Payne, K. Hasbrouck, M. Amzil, M. Tmusic",Bora,"A. Hunter, A. Mekic, G. Zeqiri, R. Memedi, S. Jules",1,39,0.7,1.4,3,1,1,100,0,0,0,1,2,50,0,1,1,0,0,0,0,0,0,0,1,0,0,1,0,0,0,0,0,0,0,0,0,0,0,1,1.9,1.0,159.6,0,159.6,0,159.6,-159.6,3,0,0,0,0,0,0,0,0,0,0,0,0,0,0,0,0,0,0,0,0,0,0,0,0,0,0,0,0,0,0,0,0
Trepça,"D. Hajrizi, J. Payne, K. Hasbrouck, S. Henry, S. Jones",Bora,"A. Hunter, A. Mekic, C. Payton, J. Zeqiri, R. Memedi",1,37,0.6,1.4,0,0,1,0,0,0,0,0,0,0,0,2,2,0,0,0,0,0,0,0,1,0,0,0,0,0,2,0,0,1,1,0,0,0,0,1,1.0,1.9,0,0,0,0,0,0,0,0,0,0,0,0,0,0,0,0,0,0,0,0,0,0,0,0,0,0,0,0,0,0,0,0,0,0,0,0,0,0,0
Vëllaznimi,"A. Koshi, J. Hellems, S. Zekiqi, T. Todd, Z. Reid",Rahoveci 029,"B. Rexha, F. Rugova, J. Johnson, J. Roche, K. Pullian",1,50,0.8,1.4,2,0,1,0,0,0,0,2,2,100,1,0,1,1,0,0,0,0,0,0,1,0,0,0,0,0,0,0,0,0,0,0,0,0,1,1,0.8,2.0,246.9,0,246.9,0,246.9,-246.9,2,0,0,0,0,0,0,0,0,0,0,0,0,0,0,0,0,0,0,0,0,0,0,0,0,0,0,0,0,0,0,0,0
Vëllaznimi,"A. Koshi, J. Hellems, S. Zekiqi, T. Todd, Z. Reid",Rahoveci 029,"A. Patty, E. Peci, F. Rugova, K. Pullian, V. Ejupi",1,54,0.9,1.4,2,1,1,100,0,0,0,0,0,0,0,0,0,0,0,0,0,1,5,1,1,100,1,1,100,2,2,100,0,0,0,2,0,0,0,0,1.0,1.9,200,266,-66,266,200,66,-3,0,0,0,0,0,0,0,0,0,0,0,0,0,0,0,0,0,0,0,0,0,0,0,0,0,0,0,0,0,0,0,0
GO+Peja,"A. Herndon, D. Berisha, J. Johnson, S. Flatten, S. Llapi",Sigal Prishtina,"A. Azemi, D. Burns, D. Haxhosaj, K. Kramer, T. Vissariou",1,53,0.9,1.4,2,0,1,0,0,0,0,2,2,100,0,0,0,1,0,0,0,0,0,0,0,0,0,0,0,0,0,0,0,1,1,0,0,0,1,1,1.9,1.0,106.4,0,106.4,0,106.4,-106.4,2,0,0,0,0,0,0,0,0,0,0,0,0,0,0,0,0,0,0,0,0,0,0,0,0,0,0,0,0,0,0,0,0
GO+Peja,"A. Hajdari, A. Herndon, D. Berisha, J. Johnson, S. Flatten",Sigal Prishtina,"A. Azemi, A. Bailey, D. Burns, D. Polloshka, T. Vissariou",1,82,1.4,1.4,2,1,1,100,0,0,0,0,0,0,0,0,0,1,0,0,0,1,4,1,2,50,1,1,100,1,2,50,1,0,1,1,0,0,0,1,1.0,1.8,200,221,-21,221,200,21,-2,0,0,0,0,0,0,0,0,0,0,0,0,0,0,0,0,0,0,0,0,0,0,0,0,0,0,0,0,0,0,0,0
GO+Peja,"A. Hajdari, C. Edwards, J. Johnson, M. Mala, S. Flatten",Sigal Prishtina,"A. Bailey, A. Morina, D. Burns, D. Polloshka, K. Kramer",1,35,0.6,1.4,2,0,1,0,0,1,0,2,2,100,0,0,0,0,0,0,0,0,0,0,0,0,0,0,0,0,0,0,0,1,1,0,0,0,1,1,1.9,1.0,106.4,0,106.4,0,106.4,-106.4,2,0,0,0,0,0,0,0,0,0,0,0,0,0,0,0,0,0,0,0,0,0,0,0,0,0,0,0,0,0,0,0,0
GO+Peja,"A. Hajdari, A. Herndon, M. Mala, S. Flatten, T. Green",Bashkimi,"B. Bytyqi, I. Nwamu, K. Anderson, L. Zeqiri, T. Bickerstaff",1,49,0.8,1.4,1,0,0,0,0,0,0,1,2,50,0,0,0,0,0,0,1,1,2,1,1,100,0,0,0,0,0,0,0,0,0,0,1,0,0,0,1.9,1.0,53.2,200,-146.8,200,53.2,146.8,-1,0,0,0,0,0,0,0,0,0,0,0,0,0,0,0,0,0,0,0,0,0,0,0,0,0,0,0,0,0,0,0,0
GO+Peja,"A. Herndon, C. Edwards, D. Berisha, M. Mala, S. Flatten",Bashkimi,"B. Bytyqi, I. Nwamu, K. Anderson, L. Zeqiri, T. Bickerstaff",1,37,0.6,1.4,2,1,1,100,0,0,0,0,0,0,0,1,1,0,0,0,0,0,2,0,1,0,0,0,0,2,2,100,0,0,0,0,0,0,0,0,1.0,1.9,200,106.4,93.6,106.4,200,-93.6,0,0,0,0,0,0,0,0,0,0,0,0,0,0,0,0,0,0,0,0,0,0,0,0,0,0,0,0,0,0,0,0,0
Sigal Prishtina,"A. Azemi, A. Morina, D. Burns, K. Kramer, T. Vissariou",Vëllaznimi,"A. Koshi, L. Colimerio, S. Zekiqi, T. Todd, Z. Reid",1,38,0.6,1.4,1,0,1,0,0,0,0,1,2,50,0,0,0,0,0,0,0,0,2,1,1,100,0,0,0,0,0,0,0,1,1,0,0,0,0,1,1.9,1.0,53.2,200,-146.8,200,53.2,146.8,-1,0,0,0,0,0,0,0,0,0,0,0,0,0,0,0,0,0,0,0,0,0,0,0,0,0,0,0,0,0,0,0,0
Bashkimi,"I. Cousins, I. Nwamu, L. Zeqiri, T. Bickerstaff, V. Bunajku",Bora,"A. Hot, A. Hunter, L. Thomas, R. Memedi, S. Jules",1,57,0.9,1.4,5,1,1,100,1,1,100,2,2,100,0,0,0,1,0,0,0,1,3,1,1,100,1,1,100,0,0,0,0,0,0,0,0,0,0,1,1.9,1.0,266,300,-34,300,266,34,2,0,0,0,0,0,0,0,0,0,0,0,0,0,0,0,0,0,0,0,0,0,0,0,0,0,0,0,0,0,0,0,0
Golden Eagle Ylli,"D. Hall, E. Kastrati, L. Basic, L. Shoshi, S. Bamforth",Rahoveci 029,"A. Berisha, A. Thomas, J. Jonson, K. Pullian, K. Ujkani",1,29,0.5,1.4,5,1,1,100,1,1,100,2,2,100,0,1,1,1,0,0,0,0,0,0,1,0,0,0,0,0,0,0,0,0,0,0,0,0,0,1,1.9,1.0,266,0,266,0,266,-266,5,0,0,0,0,0,0,0,0,0,0,0,0,0,0,0,0,0,0,0,0,0,0,0,0,0,0,0,0,0,0,0,0
Vëllaznimi,"A. Rushiti, J. Hellems, S. Zekiqi, Y. Anei, Z. Reid",Peja,"A. Hajdari, C. Edwards, D. Morris, S. Llapi, T. Green",1,42,0.7,1.4,0,0,1,0,0,0,0,0,0,0,0,0,0,0,0,0,0,0,2,0,0,0,0,0,0,2,2,100,0,1,1,0,0,0,1,0,1.0,1.9,0,106.4,-106.4,106.4,0,106.4,-2,0,0,0,0,0,0,0,0,0,0,0,0,0,0,0,0,0,0,0,0,0,0,0,0,0,0,0,0,0,0,0,0
Vëllaznimi,"A. Koshi, D. Wilson, J. Hellems, S. Zekiqi, Y. Anei",Peja,"A. Hajdari, J. Johnson, M. Mala, S. Flatten, T. Green",1,6,0.1,1.4,2,0,0,0,0,0,0,2,4,50,1,0,1,0,1,0,0,0,0,0,0,0,0,0,0,0,0,0,0,0,0,0,0,0,1,2,1.8,1.0,113.6,0,113.6,0,113.6,-113.6,2,0,0,0,0,0,0,0,0,0,0,0,0,0,0,0,0,0,0,0,0,0,0,0,0,0,0,0,0,0,0,0,0
Vëllaznimi,"A. Koshi, J. Hellems, S. Zekiqi, T. Todd, Y. Anei",Bashkimi,"I. Cousins, I. Nwamu, L. Zeqiri, T. Bickerstaff, V. Bunjaku",1,50,0.8,1.4,2,0,1,0,0,0,0,2,2,100,0,1,1,0,0,1,0,1,0,0,1,0,0,0,0,0,0,0,0,1,1,0,0,0,0,0,1.9,1.0,106.4,0,106.4,0,106.4,-106.4,2,0,0,0,0,0,0,0,0,0,0,0,0,0,0,0,0,0,0,0,0,0,0,0,0,0,0,0,0,0,0,0,0
Bora,"A. Hot, A. Hunter, R. Memedi, R. Ukaj, S. Jules",Rahoveci 029,"F. Rugova, I. Umipig, J. Johnson, K. Pullian, V. Ejupi",1,30,0.5,1.4,0,0,1,0,0,1,0,0,0,0,0,0,0,0,0,0,0,0,5,1,1,100,1,1,100,2,2,100,0,1,1,1,0,0,0,0,1.0,1.9,0,266,-266,266,0,266,-5,0,0,0,0,0,0,0,0,0,0,0,0,0,0,0,0,0,0,0,0,0,0,0,0,0,0,0,0,0,0,0,0
Bora,"A. Hot, A. Hunter, L. Thomas, R. Memedi, S. Jules",Rahoveci 029,"F. Rugova, H. Durguti, I. Umipig, J. Johnson, J. Roche",1,62,1.0,1.4,0,0,0,0,0,0,0,0,0,0,0,0,0,0,0,0,1,1,4,1,1,100,0,0,0,2,2,100,0,0,0,0,0,0,0,0,1.0,1.9,0,212.8,-212.8,212.8,0,212.8,-4,0,0,0,0,0,0,0,0,0,0,0,0,0,0,0,0,0,0,0,0,0,0,0,0,0,0,0,0,0,0,0,0
Bashkimi,"I. Nwamu, M. Janjeva, S. Shorter, T. Bickerstaff, V. Bunjaku",Rahoveci 029,"A. Thomas, F. Rugova, H. Durguti, I. Umipig, K. Pullian",1,67,1.1,1.4,2,1,4,25,0,2,0,0,0,0,2,1,3,0,0,0,0,1,0,0,1,0,0,1,0,0,0,0,0,1,1,0,0,0,0,0,1.9,1.0,107.5,0,107.5,0,107.5,-107.5,2,0,0,0,0,0,0,0,0,0,0,0,0,0,0,0,0,0,0,0,0,0,0,0,0,0,0,0,0,0,0,0,0
Bashkimi,"I. Cousins, I. Nwamu, L. Zeqiri, T. Bickerstaff, V. Bunjaku",Rahoveci 029,"A. Thomas, B. Rexha, F. Rugova, J. Johnson, K. Pullian",1,60,1.0,1.4,3,1,1,100,0,0,0,1,2,50,0,0,0,0,0,0,0,0,3,1,1,100,1,1,100,0,0,0,0,0,0,1,0,0,0,0,1.9,1.0,159.6,300,-140.4,300,159.6,140.4,0,0,0,0,0,0,0,0,0,0,0,0,0,0,0,0,0,0,0,0,0,0,0,0,0,0,0,0,0,0,0,0,0
Sigal Prishtina,"D. Burns, D. Haxhosaj, E. Clarance, J. Ismajli, K. Kramer",Bora,"A. Hot, A. Hunter, R. Ukaj, S. Jules, T. Cheese",1,60,1.0,1.4,2,1,1,100,0,0,0,0,0,0,0,0,0,0,0,0,0,1,4,1,1,100,0,0,0,2,2,100,0,0,0,0,0,0,0,1,1.0,1.9,200,212.8,-12.8,212.8,200,12.8,-2,0,0,0,0,0,0,0,0,0,0,0,0,0,0,0,0,0,0,0,0,0,0,0,0,0,0,0,0,0,0,0,0
Sigal Prishtina,"A. Bailey, D. Burns, D. Polloshka, K. Dukes, V. Kakruki",Bora,"A. Hot, A. Hunter, L. Thomas, R. Memedi, S. Jules",1,58,1.0,1.4,0,0,1,0,0,1,0,0,0,0,0,2,2,0,0,0,0,1,1,0,1,0,0,1,0,1,2,50,0,1,1,1,0,0,0,1,1.0,1.9,0,53.2,-53.2,53.2,0,53.2,-1,0,0,0,0,0,0,0,0,0,0,0,0,0,0,0,0,0,0,0,0,0,0,0,0,0,0,0,0,0,0,0,0
GO+Peja,"A. Hajdari, A. Herndon, C. Edwards, F. Shoshaj, O. Williams",Golden Eagle Ylli,"A. Scott, G. Morina, L. Shoshi, S. Bamforth, T. Allen",1,39,0.7,1.4,2,1,1,100,0,0,0,0,0,0,0,0,0,0,0,0,0,0,4,1,1,100,0,0,0,2,2,100,0,0,0,1,0,0,0,0,1.0,1.9,200,212.8,-12.8,212.8,200,12.8,-2,0,0,0,0,0,0,0,0,0,0,0,0,0,0,0,0,0,0,0,0,0,0,0,0,0,0,0,0,0,0,0,0
GO+Peja,"A. Hajdari, A. Herndon, M. Mala, O. Williams, S. Flatten",Golden Eagle Ylli,"B. Huffman, G. Morina, L. Basic, S. Bamforth, T. Allen",1,18,0.3,1.4,4,1,1,100,0,0,0,2,2,100,0,0,0,0,1,0,0,0,0,0,0,0,0,0,0,0,0,0,0,0,0,0,0,0,1,0,1.9,1.0,212.8,0,212.8,0,212.8,-212.8,4,0,0,0,0,0,0,0,0,0,0,0,0,0,0,0,0,0,0,0,0,0,0,0,0,0,0,0,0,0,0,0,0
Vëllaznimi,"A. Koshi, A. Rushiti, D. Wilson, Y. Anei, Z. Reid",Trepça,"A. Gashi, A. Vining, B. Tuna, D. Kapiti, M. Amzil",1,61,1.0,1.4,4,2,3,66.7,0,0,0,0,0,0,1,0,1,0,0,0,0,1,1,0,0,0,0,0,0,1,2,50,0,0,0,0,0,0,0,0,1.9,0.9,207.3,113.6,93.6,113.6,207.3,-93.6,3,0,0,0,0,0,0,0,0,0,0,0,0,0,0,0,0,0,0,0,0,0,0,0,0,0,0,0,0,0,0,0,0
Vëllaznimi,"A. Gordon, A. Koshi, A. Rushiti, D. Wilson, Z. Reid",Trepça,"B. Tuna, K. Hasbrouck, M. Amzil, M. Tmusic, S. Jones",1,39,0.7,1.4,0,0,2,0,0,1,0,0,0,0,1,2,3,0,0,0,0,1,1,0,1,0,0,0,0,1,2,50,0,1,1,0,0,1,0,0,0.9,1.9,0,53.2,-53.2,53.2,0,53.2,-1,0,0,0,0,0,0,0,0,0,0,0,0,0,0,0,0,0,0,0,0,0,0,0,0,0,0,0,0,0,0,0,0
Golden Eagle Ylli,"A. Scott, A. Çallakaj, E. Kastrati, L. Shoshi, S. Bamforth",Vëllaznimi,"A. Koshi, A. Rushiti, J. Hellems, Y. Anei, Z. Reid",1,60,1.0,1.4,0,0,1,0,0,1,0,0,0,0,0,0,0,0,0,0,1,2,2,0,1,0,0,0,0,2,2,100,1,1,2,0,1,0,0,0,2.0,0.8,0,246.9,-246.9,246.9,0,246.9,-2,0,0,0,0,0,0,0,0,0,0,0,0,0,0,0,0,0,0,0,0,0,0,0,0,0,0,0,0,0,0,0,0
Golden Eagle Ylli,"B. Huffman, E. Kastrati, G. Morina, L. Basic, S. Bamforth",Vëllaznimi,"A. Gordon, A. Koshi, D. Wilson, J. Hellems, S. Zekiqi",1,43,0.7,1.4,2,0,0,0,0,0,0,2,2,100,0,0,0,1,0,0,1,0,2,1,1,100,0,0,0,0,0,0,0,0,0,1,0,0,0,0,1.9,1.0,106.4,200,-93.6,200,106.4,93.6,0,0,0,0,0,0,0,0,0,0,0,0,0,0,0,0,0,0,0,0,0,0,0,0,0,0,0,0,0,0,0,0,0
Golden Eagle Ylli,"A. Gashi, A. Scott, E. Kastrati, G. Morina, S. Bamforth",Vëllaznimi,"A. Rushiti, D. Wilson, S. Zekiqi, Y. Anei, Z. Reid",1,6,0.1,1.4,3,0,0,0,0,0,0,3,4,75,0,0,0,0,0,0,0,0,3,1,1,100,1,1,100,0,0,0,0,0,0,0,0,0,0,1,1.8,1.0,170.5,300,-129.5,300,170.5,129.5,0,0,0,0,0,0,0,0,0,0,0,0,0,0,0,0,0,0,0,0,0,0,0,0,0,0,0,0,0,0,0,0,0
Bashkimi,"I. Cousins, I. Nwamu, L. Zeqiri, M. Armstead, T. Bickerstaff",Sigal Prishtina,"A. Bailey, D. Polloshka, E. Clarance, K. Dukes, V. Kakruki",1,40,0.7,1.4,3,1,1,100,1,1,100,0,0,0,0,1,1,1,0,0,0,0,2,0,1,0,0,0,0,2,2,100,0,0,0,0,0,0,0,1,1.0,1.9,300,106.4,193.6,106.4,300,-193.6,1,0,0,0,0,0,0,0,0,0,0,0,0,0,0,0,0,0,0,0,0,0,0,0,0,0,0,0,0,0,0,0,0
GO+Peja,"C. Edwards, L. Routt, M. Mala, O. Williams, S. Llapi",Rahoveci 029,"B. Rexha, F. Rugova, J. Johnson, J. Roche, K. Pullian",1,48,0.8,1.4,4,1,1,100,0,0,0,2,2,100,0,1,1,0,0,0,0,1,0,0,1,0,0,1,0,0,0,0,0,0,0,0,0,0,0,0,1.9,1.0,212.8,0,212.8,0,212.8,-212.8,4,0,0,0,0,0,0,0,0,0,0,0,0,0,0,0,0,0,0,0,0,0,0,0,0,0,0,0,0,0,0,0,0
GO+Peja,"A. Hajdari, C. Edwards, F. Shoshaj, L. Routt, S. Llapi",Rahoveci 029,"A. Thomas, B. Rexha, J. Roche, K. Pullian, V. Ejupi",1,40,0.7,1.4,2,0,0,0,0,0,0,2,2,100,0,0,0,0,1,0,1,2,0,0,0,0,0,0,0,0,0,0,0,0,0,0,0,0,1,0,1.9,1.0,106.4,0,106.4,0,106.4,-106.4,2,0,0,0,0,0,0,0,0,0,0,0,0,0,0,0,0,0,0,0,0,0,0,0,0,0,0,0,0,0,0,0,0
GO+Peja,"F. Shoshaj, L. Routt, O. Williams, S. Llapi, T. Green",Rahoveci 029,"A. Thomas, B. Rexha, J. Roche, K. Pullian, V. Ejupi",1,85,1.4,1.4,0,0,2,0,0,0,0,0,0,0,0,1,1,0,0,1,0,1,0,0,3,0,0,2,0,0,0,0,2,2,4,0,0,0,0,0,2.0,0.9,0,0,0,0,0,0,0,0,0,0,0,0,0,0,0,0,0,0,0,0,0,0,0,0,0,0,0,0,0,0,0,0,0,0,0,0,0,0,0
GO+Peja,"F. Shoshaj, L. Routt, O. Williams, S. Llapi, T. Green",Rahoveci 029,"A. Berisha, A. Thomas, F. Rugova, J. Johnson, K. Pullian",1,33,0.6,1.4,1,0,0,0,0,0,0,1,2,50,0,0,0,0,1,0,1,1,0,0,0,0,0,0,0,0,0,0,0,1,1,0,1,0,1,1,1.9,1.0,53.2,0,53.2,0,53.2,-53.2,1,0,0,0,0,0,0,0,0,0,0,0,0,0,0,0,0,0,0,0,0,0,0,0,0,0,0,0,0,0,0,0,0
Trepça,"A. Vining, D. Kapiti, K. Hasbrouck, M. Amzil, M. Tmusic",Golden Eagle Ylli,"A. Scott, B. Huffman, E. Kastrati, G. Morina, S. Bamforth",1,63,1.1,1.4,4,1,2,50,0,0,0,2,2,100,1,0,1,0,0,0,0,1,0,0,1,0,0,1,0,0,0,0,1,0,1,0,0,1,1,0,1.8,0.9,221,0,221,0,221,-221,4,0,0,0,0,0,0,0,0,0,0,0,0,0,0,0,0,0,0,0,0,0,0,0,0,0,0,0,0,0,0,0,0
Trepça,"A. Vining, B. Tuna, K. Hasbrouck, M. Amzil, S. Jones",Golden Eagle Ylli,"A. Scott, A. Çallakaj, E. Kastrati, G. Morina, L. Shoshi",1,48,0.8,1.4,4,1,1,100,0,0,0,2,2,100,0,0,0,0,1,0,0,0,0,0,0,0,0,0,0,0,0,0,0,0,0,0,0,0,1,2,1.9,1.0,212.8,0,212.8,0,212.8,-212.8,4,0,0,0,0,0,0,0,0,0,0,0,0,0,0,0,0,0,0,0,0,0,0,0,0,0,0,0,0,0,0,0,0
Golden Eagle Ylli,"A. Scott, B. Huffman, D. Thomas, E. Kastrati, S. Bamforth",Bashkimi,"D. Lake, I. Cousins, L. Zeqiri, S. Shorter, V. Bunjaku",1,52,0.9,1.4,0,0,1,0,0,0,0,0,0,0,0,0,0,0,0,0,0,1,3,0,0,0,0,0,0,3,4,75,0,1,1,1,0,0,0,1,1.0,1.8,0,170.5,-170.5,170.5,0,170.5,-3,0,0,0,0,0,0,0,0,0,0,0,0,0,0,0,0,0,0,0,0,0,0,0,0,0,0,0,0,0,0,0,0
Golden Eagle Ylli,"A. Scott, D. Conger, G. Morina, J. Gray, L. Shoshi",Bashkimi,"D. Lake, I. Cousins, I. Nwamu, M. Armstead, M. Janjeva",1,70,1.2,1.4,0,0,1,0,0,0,0,0,0,0,0,2,2,0,0,1,0,0,0,0,5,0,0,2,0,0,0,0,3,1,4,0,0,0,0,1,1.0,1.8,0,0,0,0,0,0,0,0,0,0,0,0,0,0,0,0,0,0,0,0,0,0,0,0,0,0,0,0,0,0,0,0,0,0,0,0,0,0,0
Golden Eagle Ylli,"A. Scott, D. Conger, J. Gray, L. Shoshi, S. Bamforth",Bashkimi,"I. Nwamu, K. Wooten, L. Zeqiri, M. Armstead, S. Shorter",1,8,0.1,1.4,2,1,2,50,0,1,0,0,0,0,0,0,0,0,0,0,0,1,2,0,0,0,0,0,0,2,2,100,0,0,0,0,0,0,0,0,2.0,0.9,100,227.3,-127.3,227.3,100,127.3,0,0,0,0,0,0,0,0,0,0,0,0,0,0,0,0,0,0,0,0,0,0,0,0,0,0,0,0,0,0,0,0,0
Bora,"A. Hot, A. Hunter, L. Thomas, R. Ukaj, T. Cheese",Trepça,"A. Vining, D. Hajrizi, J. Payne, M. Amzil, S. Jones",1,100,1.7,1.4,0,0,2,0,0,1,0,0,0,0,1,0,1,0,0,0,0,1,5,1,2,50,1,2,50,2,2,100,1,1,2,1,0,0,0,1,0.9,1.8,0,276.2,-276.2,276.2,0,276.2,-5,0,0,0,0,0,0,0,0,0,0,0,0,0,0,0,0,0,0,0,0,0,0,0,0,0,0,0,0,0,0,0,0
Bora,"A. Hot, A. Hunter, R. Ukaj, S. Jules, T. Cheese",Trepça,"A. Vining, D. Hajrizi, D. Kapiti, J. Payne, K. Hasbrouck",1,45,0.8,1.4,0,0,1,0,0,0,0,0,0,0,0,0,0,0,0,0,0,1,3,0,0,0,0,0,0,3,4,75,0,1,1,1,0,0,0,2,1.0,1.8,0,170.5,-170.5,170.5,0,170.5,-3,0,0,0,0,0,0,0,0,0,0,0,0,0,0,0,0,0,0,0,0,0,0,0,0,0,0,0,0,0,0,0,0
Rahoveci 029,"A. Berisha, A. Thomas, F. Rugova, K. Pullian, N. Mccloud",Vëllaznimi,"A. Gordon, A. Koshi, J. Hellems, S. Zekiqi, Z. Reid",1,25,0.4,1.4,0,0,0,0,0,0,0,0,2,0,0,0,0,0,0,0,0,0,5,1,1,100,1,1,100,2,2,100,0,1,1,1,0,0,0,1,0.9,1.9,0,266,-266,266,0,266,-5,0,0,0,0,0,0,0,0,0,0,0,0,0,0,0,0,0,0,0,0,0,0,0,0,0,0,0,0,0,0,0,0
Rahoveci 029,"B. Rexha, F. Rugova, J. Mccormick, K. Pullian, N. Mccloud",Vëllaznimi,"D. Wilson, J. Hellems, R. Dahsyla, S. Zekiqi, Z. Reid",1,40,0.7,1.4,5,1,1,100,1,1,100,2,2,100,0,1,1,1,0,0,0,0,0,0,1,0,0,0,0,0,0,0,0,0,0,0,0,0,0,1,1.9,1.0,266,0,266,0,266,-266,5,0,0,0,0,0,0,0,0,0,0,0,0,0,0,0,0,0,0,0,0,0,0,0,0,0,0,0,0,0,0,0,0
Sigal Prishtina,"A. Bailey, D. Polloshka, E. Clarance, J. Ismajli, K. Kramer",GO+Peja,"L. Routt, M. Mala, O. Williams, S. Llapi, T. Green",1,67,1.1,1.4,0,0,2,0,0,1,0,0,0,0,0,0,0,0,0,1,0,0,2,1,3,33.3,0,1,0,0,0,0,2,2,4,1,0,0,0,0,2.0,0.9,0,232.6,-232.6,232.6,0,232.6,-2,0,0,0,0,0,0,0,0,0,0,0,0,0,0,0,0,0,0,0,0,0,0,0,0,0,0,0,0,0,0,0,0
Sigal Prishtina,"A. Morina, A. Sinani, K. Dukes, K. Kramer, V. Kakruki",GO+Peja,"A. Hajdari, C. Edwards, M. Mala, O. Williams, T. Green",1,24,0.4,1.4,1,0,0,0,0,0,0,1,2,50,0,0,0,0,0,0,0,0,0,0,1,0,0,0,0,0,0,0,0,1,1,0,0,0,1,0,0.9,2.0,113.6,0,113.6,0,113.6,-113.6,1,0,0,0,0,0,0,0,0,0,0,0,0,0,0,0,0,0,0,0,0,0,0,0,0,0,0,0,0,0,0,0,0
Sigal Prishtina,"A. Bailey, A. Morina, A. Sinani, E. Clarance, K. Kramer",GO+Peja,"A. Hajdari, L. Routt, M. Mala, O. Williams, T. Green",1,43,0.7,1.4,0,0,0,0,0,0,0,0,0,0,0,0,0,0,0,0,1,0,3,1,1,100,0,0,0,1,2,50,0,0,0,0,0,0,0,0,1.0,1.9,0,159.6,-159.6,159.6,0,159.6,-3,0,0,0,0,0,0,0,0,0,0,0,0,0,0,0,0,0,0,0,0,0,0,0,0,0,0,0,0,0,0,0,0
Sigal Prishtina,"A. Bailey, A. Morina, A. Sinani, E. Clarance, K. Dukes",GO+Peja,"A. Hajdari, M. Mala, O. Williams, S. Llapi, T. Green",1,19,0.3,1.4,3,1,2,50,1,2,50,0,0,0,0,0,0,0,0,0,0,1,1,0,1,0,0,0,0,1,2,50,1,0,1,0,0,0,0,0,2.0,0.8,150,123.5,26.5,123.5,150,-26.5,2,0,0,0,0,0,0,0,0,0,0,0,0,0,0,0,0,0,0,0,0,0,0,0,0,0,0,0,0,0,0,0,0
Bashkimi,"I. Cousins, K. Wooten, L. Zeqiri, M. Armstead, S. Shorter",GO+Peja,"A. Hajdari, C. Edwards, F. Shoshaj, O. Williams, S. Llapi",1,44,0.7,1.4,1,0,0,0,0,0,0,1,4,25,0,0,0,0,0,0,0,0,3,1,1,100,1,1,100,0,0,0,0,1,1,1,0,0,0,2,1.8,1.0,56.8,300,-243.2,300,56.8,243.2,-2,0,0,0,0,0,0,0,0,0,0,0,0,0,0,0,0,0,0,0,0,0,0,0,0,0,0,0,0,0,0,0,0
Bashkimi,"I. Nwamu, K. Wooten, L. Zeqiri, M. Armstead, S. Shorter",GO+Peja,"A. Hajdari, C. Edwards, M. Mala, O. Williams, T. Green",1,42,0.7,1.4,2,0,0,0,0,0,0,2,2,100,0,2,2,0,0,1,0,0,0,0,2,0,0,1,0,0,0,0,0,0,0,0,0,0,0,2,0.9,2.0,227.3,0,227.3,0,227.3,-227.3,2,0,0,0,0,0,0,0,0,0,0,0,0,0,0,0,0,0,0,0,0,0,0,0,0,0,0,0,0,0,0,0,0
Bashkimi,"I. Nwamu, K. Wooten, L. Zeqiri, M. Armstead, S. Shorter",GO+Peja,"C. Edwards, F. Shoshaj, M. Mala, O. Williams, T. Green",1,10,0.2,1.4,3,0,0,0,0,0,0,3,4,75,0,1,1,0,0,0,0,0,0,0,1,0,0,1,0,0,0,0,0,1,1,0,0,0,0,1,1.8,1.0,170.5,0,170.5,0,170.5,-170.5,3,0,0,0,0,0,0,0,0,0,0,0,0,0,0,0,0,0,0,0,0,0,0,0,0,0,0,0,0,0,0,0,0
Vëllaznimi,"A. Koshi, R. Dahsyla, T. Todd, Y. Anei, Z. Reid",Sigal Prishtina,"A. Bailey, A. Lomax, A. Sinani, D. Polloshka, K. Kramer",1,60,1.0,1.4,5,2,3,66.7,1,1,100,0,0,0,1,1,2,1,0,0,0,0,0,0,2,0,0,1,0,0,0,0,1,0,1,0,0,1,0,1,1.9,0.9,259.1,0,259.1,0,259.1,-259.1,5,0,0,0,0,0,0,0,0,0,0,0,0,0,0,0,0,0,0,0,0,0,0,0,0,0,0,0,0,0,0,0,0
Trepça,"D. Hajrizi, J. Payne, M. Tmusic, S. Henry, S. Jones",Rahoveci 029,"B. Rexha, F. Rugova, J. Mccorrmick, K. Pullian, N. Mcloud",1,49,0.8,1.4,2,1,4,25,0,1,0,0,0,0,2,1,3,0,0,0,0,0,0,0,1,0,0,0,0,0,0,0,0,1,1,0,0,1,0,0,1.9,1.0,107.5,0,107.5,0,107.5,-107.5,2,0,0,0,0,0,0,0,0,0,0,0,0,0,0,0,0,0,0,0,0,0,0,0,0,0,0,0,0,0,0,0,0
Golden Eagle Ylli,"D. Thomas, E. Kastrati, J. Gray, L. Shoshi, S. Bamforth",Bora,"A. Hot, J. Zeqiri, R. Memedi, R. Ukaj, T. Cheese",1,33,0.6,1.4,0,0,1,0,0,1,0,0,0,0,0,1,1,0,0,0,0,2,2,0,1,0,0,0,0,2,2,100,0,1,1,0,0,0,0,0,1.0,1.9,0,106.4,-106.4,106.4,0,106.4,-2,0,0,0,0,0,0,0,0,0,0,0,0,0,0,0,0,0,0,0,0,0,0,0,0,0,0,0,0,0,0,0,0
Bora,"A. Hot, A. Hunter, J. Zeqiri, S. Jules, T. Cheese",Bashkimi,"D. Lake, K. Anderson, L. Zeqiri, M. Armstead, S. Shorter",1,51,0.8,1.4,1,0,2,0,0,2,0,1,2,50,1,1,2,1,0,0,0,0,0,0,1,0,0,1,0,0,0,0,0,1,1,0,0,0,0,1,1.8,1.0,55.2,0,55.2,0,55.2,-55.2,1,0,0,0,0,0,0,0,0,0,0,0,0,0,0,0,0,0,0,0,0,0,0,0,0,0,0,0,0,0,0,0,0
Bora,"A. Hunter, J. Zeqiri, R. Memedi, S. Jules, T. Cheese",Bashkimi,"D. Lake, I. Nwamu, K. Anderson, L. Zeqiri, V. Bunjaku",1,44,0.7,1.4,2,0,0,0,0,0,0,2,2,100,0,1,1,0,0,0,0,1,2,0,1,0,0,1,0,2,2,100,0,0,0,0,0,0,0,1,0.9,1.9,227.3,106.4,120.9,106.4,227.3,-120.9,0,0,0,0,0,0,0,0,0,0,0,0,0,0,0,0,0,0,0,0,0,0,0,0,0,0,0,0,0,0,0,0,0
Bora,"A. Hot, L. Thomas, R. Memedi, S. Jules, T. Cheese",Bashkimi,"K. Anderson, K. Wooten, L. Zeqiri, M. Armstead, S. Shorter",1,31,0.5,1.4,2,0,2,0,0,2,0,2,2,100,1,0,1,0,0,0,0,0,2,1,1,100,0,0,0,0,0,0,0,1,1,0,0,0,0,1,1.8,1.0,110.5,200,-89.5,200,110.5,89.5,0,0,0,0,0,0,0,0,0,0,0,0,0,0,0,0,0,0,0,0,0,0,0,0,0,0,0,0,0,0,0,0,0
Bora,"A. Hunter, J. Zeqiri, L. Thomas, R. Memedi, T. Cheese",Bashkimi,"D. Lake, K. Anderson, L. Zeqiri, S. Shorter, V. Bunjaku",1,34,0.6,1.4,3,1,1,100,1,1,100,0,0,0,0,1,1,1,0,0,0,1,3,1,1,100,1,1,100,0,2,0,0,0,0,1,0,0,0,0,1.0,1.9,300,159.6,140.4,159.6,300,-140.4,0,0,0,0,0,0,0,0,0,0,0,0,0,0,0,0,0,0,0,0,0,0,0,0,0,0,0,0,0,0,0,0,0
Rahoveci 029,"B. Rexha, F. Rugova, J. Mccormick, K. Pullian, N. Mcleod",Golden Eagle Ylli,"A. Scott, G. Morina, L. Shoshi, S. Bamforth, T. Smith",1,91,1.5,1.4,4,2,4,50,0,0,0,0,0,0,2,0,2,0,0,0,0,0,0,0,0,0,0,0,0,0,0,0,0,0,0,0,0,0,1,1,1.9,1.0,215.1,0,215.1,0,215.1,-215.1,4,0,0,0,0,0,0,0,0,0,0,0,0,0,0,0,0,0,0,0,0,0,0,0,0,0,0,0,0,0,0,0,0
Sigal Prishtina,"A. Bailey, A. Lomax, A. Sinani, D. Haxhosaj, V. Kakruki",Trepça,"B. Tuna, J. Payne, K. Hasbrouck, M. Amzil, S. Jones",1,51,0.8,1.4,2,1,1,100,0,0,0,0,0,0,0,0,0,0,0,0,0,1,5,1,1,100,1,1,100,2,2,100,0,0,0,1,0,0,0,0,1.0,1.9,200,266,-66,266,200,66,-3,0,0,0,0,0,0,0,0,0,0,0,0,0,0,0,0,0,0,0,0,0,0,0,0,0,0,0,0,0,0,0,0
Sigal Prishtina,"A. Bailey, A. Lomax, A. Morina, E. Clarence, V. Kakruki",Trepça,"B. Tuna, J. Payne, M. Amzil, S. Henry, S. Jones",1,90,1.5,1.4,3,1,2,50,1,1,100,0,0,0,0,0,0,1,0,0,0,1,2,1,4,25,0,1,0,0,0,0,3,1,4,1,0,0,0,0,2.0,0.8,150,253.2,-103.2,253.2,150,103.2,1,0,0,0,0,0,0,0,0,0,0,0,0,0,0,0,0,0,0,0,0,0,0,0,0,0,0,0,0,0,0,0,0
Sigal Prishtina,"A. Bailey, A. Lomax, A. Morina, D. Haxhosaj, E. Clarence",Trepça,"A. Vining, D. Hajrizi, D. Kapiti, K. Hasbrouck, S. Henry",1,43,0.7,1.4,2,1,2,50,0,0,0,0,0,0,0,1,1,0,0,0,0,0,0,0,3,0,0,0,0,0,0,0,2,1,3,0,0,0,0,1,2.0,0.9,100,0,100,0,100,-100,2,0,0,0,0,0,0,0,0,0,0,0,0,0,0,0,0,0,0,0,0,0,0,0,0,0,0,0,0,0,0,0,0
GO+Peja,"A. Hajdari, C. Edwards, M. Mala, O. Williams, T. Green",Vëllaznimi,"D. Wilson, J. Hellems, R. Dahsyla, S. Zekiqi, Y. Anei",1,78,1.3,1.4,2,1,3,33.3,0,0,0,0,0,0,1,0,1,0,1,0,0,1,0,0,1,0,0,0,0,0,0,0,1,1,2,0,0,0,1,0,1.9,0.9,103.6,0,103.6,0,103.6,-103.6,2,0,0,0,0,0,0,0,0,0,0,0,0,0,0,0,0,0,0,0,0,0,0,0,0,0,0,0,0,0,0,0,0
GO+Peja,"A. Hajdari, C. Edwards, C. Williams, D. Davis, M. Mala",Trepça,"J. Payne, K. Hasbrouck, M. Tmusic, S. Henry, S. Jones",1,85,1.4,1.4,2,1,2,50,0,0,0,0,0,0,1,0,1,0,0,0,0,0,4,2,3,66.7,0,1,0,0,0,0,1,0,1,1,0,0,0,0,0.9,1.9,215.1,207.3,7.8,207.3,215.1,-7.8,-2,0,0,0,0,0,0,0,0,0,0,0,0,0,0,0,0,0,0,0,0,0,0,0,0,0,0,0,0,0,0,0,0
Sigal Prishtina,"A. Bailey, A. Morina, D. Burns, D. Haxhosaj, E. Clarance",Golden Eagle Ylli,"D. Thomas, E. Kastrati, J. Gray, S. Bamforth, T. Smith",1,36,0.6,1.4,3,1,1,100,1,1,100,0,0,0,0,0,0,1,0,0,0,0,4,1,1,100,0,0,0,2,2,100,0,0,0,1,0,0,0,0,1.0,1.9,300,212.8,87.2,212.8,300,-87.2,-1,0,0,0,0,0,0,0,0,0,0,0,0,0,0,0,0,0,0,0,0,0,0,0,0,0,0,0,0,0,0,0,0
Sigal Prishtina,"A. Lomax, A. Sinani, D. Haxhosaj, D. Williams, E. Clarance",Golden Eagle Ylli,"A. Gashi, D. Sabeckis, E. Kastrati, L. Shoshi, S. Bamforth",1,50,0.8,1.4,2,0,2,0,0,1,0,2,2,100,1,1,2,0,0,0,0,1,0,0,1,0,0,1,0,0,0,0,0,1,1,0,0,0,0,0,1.8,1.0,110.5,0,110.5,0,110.5,-110.5,2,0,0,0,0,0,0,0,0,0,0,0,0,0,0,0,0,0,0,0,0,0,0,0,0,0,0,0,0,0,0,0,0
Rahoveci 029,"A. Berisha, F. Rugova, J. Mccorrmick, K. Pullian, R. Granberry",Bora,"A. Hunter, J. Dingle, J. Zeqiri, R. Memedi, R. Ukaj",1,28,0.5,1.4,4,1,1,100,0,0,0,2,2,100,0,1,1,1,0,0,0,0,0,0,1,0,0,1,0,0,0,0,0,0,0,0,0,0,0,0,1.9,1.0,212.8,0,212.8,0,212.8,-212.8,4,0,0,0,0,0,0,0,0,0,0,0,0,0,0,0,0,0,0,0,0,0,0,0,0,0,0,0,0,0,0,0,0
Rahoveci 029,"A. Thomas, F. Rugova, H. Durguti, J. Mccorrmick, K. Pullian",Bora,"A. Hunter, J. Dingle, R. Memedi, R. Ukaj, S. Jules",1,45,0.8,1.4,0,0,2,0,0,1,0,0,0,0,0,0,0,0,0,0,0,2,2,0,0,0,0,0,0,2,2,100,0,2,2,0,0,0,0,1,2.0,0.9,0,227.3,-227.3,227.3,0,227.3,-2,0,0,0,0,0,0,0,0,0,0,0,0,0,0,0,0,0,0,0,0,0,0,0,0,0,0,0,0,0,0,0,0
Rahoveci 029,"A. Thomas, J. Mccorrmick, K. Pullian, K. Ujkani, V. Ejupi",Bashkimi,"J. Riley, K. Anderson, L. Zeqiri, M. Janjeva, V. Bunjaku",1,56,0.9,1.4,0,0,0,0,0,0,0,0,2,0,0,2,2,0,0,1,0,0,0,0,4,0,0,2,0,0,0,0,2,1,3,0,0,0,0,1,0.9,1.9,0,0,0,0,0,0,0,0,0,0,0,0,0,0,0,0,0,0,0,0,0,0,0,0,0,0,0,0,0,0,0,0,0,0,0,0,0,0,0
Bora,"A. Hot, J. Dingle, J. Zeqiri, R. Memedi, S. Jules",Sigal Prishtina,"A. Bailey, A. Morina, D. Burns, D. Haxhosaj, E. Clarance",1,27,0.5,1.4,2,1,1,100,0,0,0,0,0,0,0,0,0,0,0,0,0,1,3,1,1,100,0,0,0,1,2,50,0,0,0,1,0,0,0,0,1.0,1.9,200,159.6,40.4,159.6,200,-40.4,-1,0,0,0,0,0,0,0,0,0,0,0,0,0,0,0,0,0,0,0,0,0,0,0,0,0,0,0,0,0,0,0,0
Bora,"A. Hot, A. Hunter, C. Bragg Jr, R. Memedi, S. Jules",Sigal Prishtina,"A. Bailey, A. Lomax, A. Morina, E. Clarance, V. Kakruki",1,44,0.7,1.4,0,0,1,0,0,1,0,0,0,0,0,1,1,0,0,0,0,0,1,0,1,0,0,0,0,1,2,50,0,1,1,0,0,0,0,0,1.0,1.9,0,53.2,-53.2,53.2,0,53.2,-1,0,0,0,0,0,0,0,0,0,0,0,0,0,0,0,0,0,0,0,0,0,0,0,0,0,0,0,0,0,0,0,0
Golden Eagle Ylli,"E. Kastrati, G. Morina, J. Gray, L. Shoshi, S. Bamforth",GO+Peja,"A. Hajdari, C. Edwards, D. Bracey, D. Davis, F. Shoshaj",1,35,0.6,1.4,0,0,0,0,0,0,0,0,0,0,0,1,1,0,0,0,1,0,2,0,2,0,0,1,0,2,2,100,1,0,1,0,0,0,0,0,1.0,1.8,0,110.5,-110.5,110.5,0,110.5,-2,0,0,0,0,0,0,0,0,0,0,0,0,0,0,0,0,0,0,0,0,0,0,0,0,0,0,0,0,0,0,0,0
Golden Eagle Ylli,"D. Sabeckis, E. Kastrati, G. Morina, J. Gray, L. Shoshi",GO+Peja,"A. Hajdari, C. Edwards, D. Bracey, D. Davis, M. Mala",1,89,1.5,1.4,2,1,4,25,0,2,0,0,0,0,3,1,4,1,0,0,0,0,3,1,2,50,1,1,100,0,0,0,0,0,0,1,0,1,0,1,0.8,2.0,253.2,150,103.2,150,253.2,-103.2,-1,0,0,0,0,0,0,0,0,0,0,0,0,0,0,0,0,0,0,0,0,0,0,0,0,0,0,0,0,0,0,0,0
Vëllaznimi,"A. Rushiti, D. Wilson, J. Hellems, S. Zekiqi, Y. Anei",Golden Eagle Ylli,"A. Çallakaj, B. Pass, D. Sabeckis, G. Morina, T. Smith",1,70,1.2,1.4,5,2,2,100,1,1,100,0,0,0,0,0,0,1,0,0,0,1,2,0,0,0,0,0,0,2,2,100,0,0,0,0,0,0,0,1,2.0,0.9,250,227.3,22.7,227.3,250,-22.7,3,0,0,0,0,0,0,0,0,0,0,0,0,0,0,0,0,0,0,0,0,0,0,0,0,0,0,0,0,0,0,0,0
GO+Peja,"C. Williams, D. Bracey, L. Routt, M. Mala, S. Llapi",Bora,"A. Hot, J. Zeqiri, R. Memedi, S. Jules, T. Cheese",1,23,0.4,1.4,0,0,0,0,0,0,0,0,0,0,0,0,0,0,0,0,1,1,4,0,0,0,0,0,0,4,4,100,0,0,0,1,0,0,0,0,1.0,1.8,0,227.3,-227.3,227.3,0,227.3,-4,0,0,0,0,0,0,0,0,0,0,0,0,0,0,0,0,0,0,0,0,0,0,0,0,0,0,0,0,0,0,0,0
GO+Peja,"A. Hajdari, C. Edwards, D. Bracey, F. Shoshaj, L. Routt",Bora,"A. Hunter, J. Zeqiri, R. Memedi, S. Jules, T. Cheese",1,40,0.7,1.4,0,0,2,0,0,2,0,0,1,0,1,1,2,0,0,0,0,1,0,0,1,0,0,0,0,0,2,0,1,1,2,0,0,0,0,0,1.4,1.3,0,0,0,0,0,0,0,0,0,0,0,0,0,0,0,0,0,0,0,0,0,0,0,0,0,0,0,0,0,0,0,0,0,0,0,0,0,0,0
GO+Peja,"A. Hajdari, C. Williams, D. Davis, L. Routt, M. Mala",Bora,"A. Hot, A. Hunter, J. Zeqiri, S. Jules, T. Cheese",1,90,1.5,1.4,1,0,1,0,0,1,0,1,2,50,0,1,1,0,0,0,0,1,0,0,1,0,0,0,0,0,0,0,0,2,2,0,0,0,0,1,1.9,1.0,53.2,0,53.2,0,53.2,-53.2,1,0,0,0,0,0,0,0,0,0,0,0,0,0,0,0,0,0,0,0,0,0,0,0,0,0,0,0,0,0,0,0,0
Sigal Prishtina,"A. Bailey, A. Lomax, A. Morina, D. Burns, V. Kakruki",Rahoveci 029,"A. Berisha, F. Rugova, J. Mccorrmick, K. Pullian, N. Mcloud",1,35,0.6,1.4,1,0,0,0,0,0,0,1,2,50,0,1,1,0,0,1,1,0,0,0,1,0,0,0,0,0,0,0,0,1,1,0,0,0,0,1,1.9,1.0,53.2,0,53.2,0,53.2,-53.2,1,0,0,0,0,0,0,0,0,0,0,0,0,0,0,0,0,0,0,0,0,0,0,0,0,0,0,0,0,0,0,0,0
Sigal Prishtina,"A. Lomax, A. Morina, D. Burns, E. Clarance, V. Kakruki",Rahoveci 029,"A. Thomas, B. Rexha, F. Rugova, J. Mccorrmick, K. Pullian",1,49,0.8,1.4,0,0,0,0,0,0,0,0,0,0,0,0,0,0,0,0,1,0,4,1,1,100,0,0,0,2,2,100,0,0,0,0,1,0,0,1,1.0,1.9,0,212.8,-212.8,212.8,0,212.8,-4,0,0,0,0,0,0,0,0,0,0,0,0,0,0,0,0,0,0,0,0,0,0,0,0,0,0,0,0,0,0,0,0
Sigal Prishtina,"A. Azemi, A. Ibishi, D. Haxhosaj, D. Polloshka, L. Zeneli",Bora,"A. Mekic, G. Singleton, R. Memed, R. Ukaj, T. Jackson",1,34,0.6,1.3,2,1,3,33.3,0,0,0,0,0,0,2,0,2,0,0,0,0,1,4,0,0,0,0,0,0,4,4,100,0,0,0,0,0,0,0,0,0.9,1.8,232.6,227.3,5.3,227.3,232.6,-5.3,-2,0,0,0,0,0,0,0,0,0,0,0,0,0,0,0,0,0,0,0,0,0,0,0,0,0,0,0,0,0,0,0,0
Trepça,"A. Arslanagic, D. Hajrizi, J. Payne, M. Amzil, S. Jones",Golden Eagle Ylli,"A. Shala, J. Reece, L. Shoshi, L. Thomas, T. Allen",1,74,1.2,1.3,3,0,1,0,0,0,0,3,4,75,1,0,1,0,1,0,0,0,0,0,0,0,0,0,0,0,0,0,0,0,0,0,0,0,1,3,1.7,1.0,177.5,0,177.5,0,177.5,-177.5,3,0,0,0,0,0,0,0,0,0,0,0,0,0,0,0,0,0,0,0,0,0,0,0,0,0,0,0,0,0,0,0,0
Golden Eagle Ylli,"B. Huffman, E. Kastrati, G. Morina, L. Thomas, T. Allen",Bora,"A. Mekic, G. Singleton, J. Zeqiri, O. Kurtaj, S. Jules",1,56,0.9,1.3,3,0,1,0,0,1,0,3,4,75,1,0,1,0,0,0,0,0,2,1,1,100,0,0,0,0,0,0,0,0,0,1,0,0,0,2,1.7,1.0,177.5,200,-22.5,200,177.5,22.5,1,0,0,0,0,0,0,0,0,0,0,0,0,0,0,0,0,0,0,0,0,0,0,0,0,0,0,0,0,0,0,0,0
Bora,"G. Zeqiri, O. Kurtaj, R. Ukaj, S. Jules, T. Cheese",Trepça,"A. Gashi, B. Zekiqi, D. Hajrizi, M. Amzil, M. Tmusic",1,40,0.7,1.3,1,0,0,0,0,0,0,1,2,50,0,0,0,0,0,0,0,1,4,0,0,0,0,0,0,4,4,100,0,1,1,0,0,0,0,1,0.9,1.8,113.6,227.3,-113.6,227.3,113.6,113.6,-3,0,0,0,0,0,0,0,0,0,0,0,0,0,0,0,0,0,0,0,0,0,0,0,0,0,0,0,0,0,0,0,0
Bora,"A. Mekic, G. Zeqiri, R. Memedi, S. Jules, T. Jackson",Rahoveci 029,"A. Berisha, E. Ross, K. Pullian, P. Weeks, V. Ejupi",1,14,0.2,1.2,0,0,0,0,0,0,0,0,1,0,0,1,1,0,0,0,0,1,2,1,3,33.3,0,0,0,0,1,0,2,1,3,0,0,0,0,0,0.4,2.0,0,99.3,-99.3,99.3,0,99.3,-2,0,0,0,0,0,0,0,0,0,0,0,0,0,0,0,0,0,0,0,0,0,0,0,0,0,0,0,0,0,0,0,0
Trepça,"A. Arslanagic, C. Brown, D. Hajrizi, J. Payne, M. Tmusic",Bashkimi,"D. Lake, I. Cousins, K. Anderson, L. Zeqiri, V. Bunjaku",1,17,0.3,1.2,1,0,0,0,0,0,0,1,3,33.3,0,1,1,0,0,0,0,0,0,0,1,0,0,1,0,0,0,0,0,0,0,0,0,0,0,1,1.3,1.0,75.8,0,75.8,0,75.8,-75.8,1,0,0,0,0,0,0,0,0,0,0,0,0,0,0,0,0,0,0,0,0,0,0,0,0,0,0,0,0,0,0,0,0
Golden Eagle Ylli,"A. Çallakaj, B. Huffman, G. Morina, L. Basic, L. Thomas",Vëllaznimi,"A. Koshi, L. Colimerio, M. Warrick, R. Dahsyla, Y. Anei",1,36,0.6,1.2,0,0,1,0,0,1,0,0,2,0,1,0,1,0,0,0,0,0,2,1,1,100,0,0,0,0,0,0,0,1,1,1,0,0,0,2,1.3,1.0,0,200,-200,200,0,200,-2,0,0,0,0,0,0,0,0,0,0,0,0,0,0,0,0,0,0,0,0,0,0,0,0,0,0,0,0,0,0,0,0
Vëllaznimi,"J. Ismajli, M. Warrick, R. Dahsyla, Y. Anei, Z. Reid",Bora,"G. Singleton, O. Kurtaj, R. Memedi, S. Jules, T. Jackson",1,32,0.5,1.2,2,1,1,100,0,0,0,0,0,0,0,0,0,1,0,0,0,0,1,0,0,0,0,0,0,1,1,100,0,0,0,0,0,0,1,0,1.0,1.4,200,69.4,130.6,69.4,200,-130.6,1,0,0,0,0,0,0,0,0,0,0,0,0,0,0,0,0,0,0,0,0,0,0,0,0,0,0,0,0,0,0,0,0
Bora,"A. Hot, A. Mekic, G. Zeqiri, J. Zeqiri, R. Memedi",Trepça,"B. Tuna, D. Kapiti, J. Payne, M. Amzil, M. Tmusic",1,27,0.5,1.2,2,1,1,100,0,0,0,0,0,0,0,1,1,1,0,0,0,1,1,0,1,0,0,1,0,1,1,100,0,0,0,0,0,0,0,0,1.0,1.4,200,69.4,130.6,69.4,200,-130.6,1,0,0,0,0,0,0,0,0,0,0,0,0,0,0,0,0,0,0,0,0,0,0,0,0,0,0,0,0,0,0,0,0
Trepça,"A. Arslanagic, C. Brown, D. Hajrizi, J. Payne, M. Tmusic",Rahoveci 029,"F. Rugova, I. Umipig, J. Roche, K. Pullian, V. Ejupi",1,45,0.8,1.2,2,1,1,100,0,0,0,0,1,0,0,0,0,1,0,0,0,1,0,0,0,0,0,0,0,0,0,0,0,1,1,0,0,0,1,0,1.4,1.0,138.9,0,138.9,0,138.9,-138.9,2,0,0,0,0,0,0,0,0,0,0,0,0,0,0,0,0,0,0,0,0,0,0,0,0,0,0,0,0,0,0,0,0
Bora,"A. Hot, A. Mekic, O. Kurtaj, T. Chese, T. Jackson",Bashkimi,"D. Lake, I. Cousins, K. Anderson, L. Zeqiri, V. Bunjaku",1,10,0.2,1.2,2,0,0,0,0,0,0,2,2,100,0,0,0,0,0,0,0,1,3,1,1,100,0,0,0,1,1,100,0,0,0,1,0,0,0,0,0.9,1.4,227.3,208.3,18.9,208.3,227.3,-18.9,-1,0,0,0,0,0,0,0,0,0,0,0,0,0,0,0,0,0,0,0,0,0,0,0,0,0,0,0,0,0,0,0,0
Bora,"G. Singleton, G. Zeqiri, J. Zeqiri, T. Chese, T. Jackson",Bashkimi,"D. Lake, I. Cousins, J. Baily, M. Janjeva, V. Bunjaku",1,53,0.9,1.2,1,0,2,0,0,1,0,1,1,100,1,0,1,0,0,0,0,1,2,1,1,100,0,0,0,0,0,0,0,1,1,1,0,0,0,0,1.4,1.0,73,200,-127,200,73,127,-1,0,0,0,0,0,0,0,0,0,0,0,0,0,0,0,0,0,0,0,0,0,0,0,0,0,0,0,0,0,0,0,0
Bashkimi,"D. Lake, J. Baily, K. Anderson, L. Zeqiri, M. Ismaili",Vëllaznimi,"A. Koshi, J. Hellems, L. Colimerio, R. Dahsyla, Z. Reid",1,35,0.6,1.2,0,0,1,0,0,1,0,0,0,0,0,0,0,0,0,0,0,2,2,1,1,100,0,0,0,0,1,0,1,1,2,1,0,0,0,0,1.0,1.4,0,138.9,-138.9,138.9,0,138.9,-2,0,0,0,0,0,0,0,0,0,0,0,0,0,0,0,0,0,0,0,0,0,0,0,0,0,0,0,0,0,0,0,0
GO+Peja,"D. Berisha, J. Johnson, M. Mala, S. Flatten, T. Green",Trepça,"B. Tuna, C. Brown, J. Payne, M. Amzil, M. Tmusic",1,23,0.4,1.2,4,1,1,100,1,1,100,1,1,100,0,0,0,1,1,0,0,0,0,0,0,0,0,0,0,0,0,0,0,0,0,0,0,0,1,0,1.4,1.0,277.8,0,277.8,0,277.8,-277.8,4,0,0,0,0,0,0,0,0,0,0,0,0,0,0,0,0,0,0,0,0,0,0,0,0,0,0,0,0,0,0,0,0
Rahoveci 029,"B. Rexha, F. Rugova, H. Durguti, J. Roche, K. Pullian",Bashkimi,"D. Lake, J. Baily, K. Anderson, M. Ismaili, M. Janjeva",1,25,0.4,1.2,2,1,1,100,0,0,0,0,0,0,0,0,0,0,0,0,0,1,2,0,0,0,0,0,0,2,3,66.7,0,0,0,0,0,0,0,1,1.0,1.3,200,151.5,48.5,151.5,200,-48.5,0,0,0,0,0,0,0,0,0,0,0,0,0,0,0,0,0,0,0,0,0,0,0,0,0,0,0,0,0,0,0,0,0
Bora,"G. Zeqiri, J. Zeqiri, R. Ukaj, S. Jules, T. Cheese",Sigal Prishtina,"A. Bailey, D. Burns, D. Haxhosaj, D. Polloshka, T. Vissarious",1,30,0.5,1.2,1,0,0,0,0,0,0,1,1,100,0,1,1,0,0,0,1,1,0,0,0,0,0,0,0,0,2,0,0,0,0,0,0,0,0,0,1.4,0.9,69.4,0,69.4,0,69.4,-69.4,1,0,0,0,0,0,0,0,0,0,0,0,0,0,0,0,0,0,0,0,0,0,0,0,0,0,0,0,0,0,0,0,0
GO+Peja,"A. Hhajdari, C. Edwards, M. Mala, S. Flatten, T. Green",Bora,"A. Hot, A. Hunter, J. Zeqiri, S. Jules, T. Cheese",1,50,0.8,1.2,1,0,1,0,0,1,0,1,2,50,1,1,2,1,0,1,0,0,0,0,1,0,0,0,0,0,0,0,0,1,1,0,0,0,0,2,1.3,1.0,74.3,0,74.3,0,74.3,-74.3,1,0,0,0,0,0,0,0,0,0,0,0,0,0,0,0,0,0,0,0,0,0,0,0,0,0,0,0,0,0,0,0,0
Bora,"G. Zeqiri, J. Zeqiri, R. Memedi, S. Jules, T. Cheese",Vëllaznimi,"A. Koshi, D. Dedushaj, J. Hellems, T. Todd, Z. Reid",1,16,0.3,1.2,0,0,0,0,0,0,0,0,0,0,0,1,1,0,0,0,1,1,2,0,0,0,0,0,0,2,3,66.7,0,0,0,1,1,0,0,0,1.0,1.3,0,151.5,-151.5,151.5,0,151.5,-2,0,0,0,0,0,0,0,0,0,0,0,0,0,0,0,0,0,0,0,0,0,0,0,0,0,0,0,0,0,0,0,0
Bora,"A. Hot, A. Hunter, J. Zeqiri, S. Jules, T. Cheese",Vëllaznimi,"A. Koshi, J. Hellems, J. Ismajli, L. Colimerio, T. Todd",1,57,0.9,1.2,3,1,1,100,0,0,0,1,1,100,0,0,0,1,0,0,0,0,2,1,1,100,0,0,0,0,0,0,0,0,0,0,0,0,0,3,1.4,1.0,208.3,200,8.3,200,208.3,-8.3,1,0,0,0,0,0,0,0,0,0,0,0,0,0,0,0,0,0,0,0,0,0,0,0,0,0,0,0,0,0,0,0,0
Bashkimi,"I. Nwamu, K. Anderson, L. Zeqiri, M. Janjeva, T. Bickerstaff",Golden Eagle Ylli,"A. Shala, B. Huffman, E. Kastrati, G. Morina, T. Allen",1,39,0.7,1.2,2,1,1,100,0,0,0,0,0,0,0,1,1,1,0,0,0,0,1,0,1,0,0,0,0,1,1,100,0,0,0,0,0,0,0,1,1.0,1.4,200,69.4,130.6,69.4,200,-130.6,1,0,0,0,0,0,0,0,0,0,0,0,0,0,0,0,0,0,0,0,0,0,0,0,0,0,0,0,0,0,0,0,0
Bashkimi,"I. Nwamu, K. Anderson, L. Zeqiri, M. Janjeva, T. Bickerstaff",Golden Eagle Ylli,"A. Scott, B. Huffman, E. Kastrati, L. Shoshi, T. Allen",1,46,0.8,1.2,1,0,0,0,0,0,0,1,1,100,0,0,0,0,0,0,1,1,2,1,1,100,0,0,0,0,0,0,0,0,0,1,1,0,0,0,1.4,1.0,69.4,200,-130.6,200,69.4,130.6,-1,0,0,0,0,0,0,0,0,0,0,0,0,0,0,0,0,0,0,0,0,0,0,0,0,0,0,0,0,0,0,0,0
Trepça,"A. Arslanagic, D. Hajrizi, D. Kapiti, K. Hasbrouck, S. Henry",Bora,"A. Hunter, A. Mekic, C. Payton, J. Zeqiri, R. Memedi",1,42,0.7,1.2,0,0,1,0,0,1,0,0,0,0,0,0,0,0,0,0,0,2,3,1,1,100,0,0,0,1,1,100,0,1,1,0,0,0,0,0,1.0,1.4,0,208.3,-208.3,208.3,0,208.3,-3,0,0,0,0,0,0,0,0,0,0,0,0,0,0,0,0,0,0,0,0,0,0,0,0,0,0,0,0,0,0,0,0
Trepça,"D. Hajrizi, D. Kapiti, J. Payne, K. Hasbrouck, S. Henry",Bora,"A. Hunter, A. Mekic, C. Payton, J. Zeqiri, R. Memedi",1,37,0.6,1.2,0,0,1,0,0,1,0,0,0,0,0,0,0,0,0,0,0,2,2,0,0,0,0,0,0,2,3,66.7,0,1,1,1,0,0,0,1,1.0,1.3,0,151.5,-151.5,151.5,0,151.5,-2,0,0,0,0,0,0,0,0,0,0,0,0,0,0,0,0,0,0,0,0,0,0,0,0,0,0,0,0,0,0,0,0
Trepça,"J. Payne, K. Hasbrouck, M. Amzil, M. Tmusic, S. Jones",Bora,"A. Hot, A. Hunter, R. Memedi, S. Jules, T. Cheese",1,33,0.6,1.2,3,1,1,100,0,0,0,1,1,100,0,1,1,1,0,0,0,0,0,0,2,0,0,1,0,0,0,0,1,0,1,0,0,0,0,1,1.4,0.9,208.3,0,208.3,0,208.3,-208.3,3,0,0,0,0,0,0,0,0,0,0,0,0,0,0,0,0,0,0,0,0,0,0,0,0,0,0,0,0,0,0,0,0
Vëllaznimi,"A. Rushiti, D. Wilson, S. Zekiqi, T. Todd, Y. Anei",Bashkimi,"D. Lake, I. Cousins, L. Zeqiri, M. Armstead, S. Shorter",1,37,0.6,1.2,0,0,1,0,0,0,0,0,0,0,0,1,1,0,0,0,0,0,0,0,0,0,0,0,0,0,1,0,0,1,1,0,0,1,1,0,1.0,1.4,0,0,0,0,0,0,0,0,0,0,0,0,0,0,0,0,0,0,0,0,0,0,0,0,0,0,0,0,0,0,0,0,0,0,0,0,0,0,0
Sigal Prishtina,"A. Bailey, D. Burns, D. Haxhosaj, E. Clarance, J. Ismajli",Bora,"A. Hunter, G. Zeqiri, R. Ukaj, S. Jules, T. Cheese",1,24,0.4,1.2,4,1,1,100,1,1,100,1,1,100,0,1,1,1,0,0,0,0,0,0,2,0,0,0,0,0,0,0,1,0,1,0,0,0,0,1,1.4,0.9,277.8,0,277.8,0,277.8,-277.8,4,0,0,0,0,0,0,0,0,0,0,0,0,0,0,0,0,0,0,0,0,0,0,0,0,0,0,0,0,0,0,0,0
Trepça,"A. Vining, B. Tuna, D. Kapiti, K. Hasbrouck, M. Tmusic",Bashkimi,"I. Nwamu, M. Ismaili, M. Janjeva, S. Shorter, T. Bickerstaff",1,17,0.3,1.2,3,1,1,100,0,0,0,1,1,100,0,0,0,1,0,0,0,0,1,0,0,0,0,0,0,1,2,50,0,0,0,0,0,0,0,1,1.4,0.9,208.3,113.6,94.7,113.6,208.3,-94.7,2,0,0,0,0,0,0,0,0,0,0,0,0,0,0,0,0,0,0,0,0,0,0,0,0,0,0,0,0,0,0,0,0
Golden Eagle Ylli,"A. Scott, B. Huffman, E. Kastrati, G. Morina, L. Basic",Vëllaznimi,"A. Gordon, A. Koshi, A. Rushiti, J. Hellems, Z. Reid",1,32,0.5,1.2,2,1,1,100,0,0,0,0,0,0,0,0,0,1,0,0,0,0,2,0,0,0,0,0,0,2,3,66.7,0,0,0,0,0,0,0,0,1.0,1.3,200,151.5,48.5,151.5,200,-48.5,0,0,0,0,0,0,0,0,0,0,0,0,0,0,0,0,0,0,0,0,0,0,0,0,0,0,0,0,0,0,0,0,0
Trepça,"D. Kapiti, J. Payne, K. Hasbrouck, M. Tmusic, S. Jones",Golden Eagle Ylli,"A. Scott, E. Kastrati, L. Basic, L. Shoshi, S. Bamforth",1,41,0.7,1.2,1,0,1,0,0,1,0,1,1,100,0,1,1,0,0,0,0,0,0,0,1,0,0,1,0,0,0,0,0,1,1,0,0,0,0,1,1.4,1.0,69.4,0,69.4,0,69.4,-69.4,1,0,0,0,0,0,0,0,0,0,0,0,0,0,0,0,0,0,0,0,0,0,0,0,0,0,0,0,0,0,0,0,0
Trepça,"A. Vining, D. Kapiti, J. Payne, M. Tmusic, S. Jones",Golden Eagle Ylli,"A. Scott, E. Kastrati, L. Basic, L. Shoshi, S. Bamforth",1,20,0.3,1.2,0,0,0,0,0,0,0,0,0,0,0,0,0,0,0,0,1,1,3,1,1,100,0,0,0,1,1,100,0,0,0,1,1,0,0,0,1.0,1.4,0,208.3,-208.3,208.3,0,208.3,-3,0,0,0,0,0,0,0,0,0,0,0,0,0,0,0,0,0,0,0,0,0,0,0,0,0,0,0,0,0,0,0,0
Vëllaznimi,"A. Koshi, J. Hellems, R. Dahsyla, T. Todd, Y. Anei",Sigal Prishtina,"A. Bailey, A. Sinani, D. Polloshka, E. Clarance, K. Kramer",1,22,0.4,1.2,0,0,1,0,0,0,0,0,0,0,0,0,0,0,0,0,0,1,3,1,1,100,0,0,0,1,1,100,0,1,1,0,0,0,0,0,1.0,1.4,0,208.3,-208.3,208.3,0,208.3,-3,0,0,0,0,0,0,0,0,0,0,0,0,0,0,0,0,0,0,0,0,0,0,0,0,0,0,0,0,0,0,0,0
Vëllaznimi,"A. Koshi, J. Hellems, R. Dahsyla, T. Todd, Y. Anei",Sigal Prishtina,"A. Bailey, A. Morina, A. Sinani, E. Clarance, K. Kramer",1,34,0.6,1.2,0,0,1,0,0,1,0,0,0,0,0,0,0,0,0,0,0,0,1,0,0,0,0,0,0,1,1,100,0,1,1,0,0,0,1,0,1.0,1.4,0,69.4,-69.4,69.4,0,69.4,-1,0,0,0,0,0,0,0,0,0,0,0,0,0,0,0,0,0,0,0,0,0,0,0,0,0,0,0,0,0,0,0,0
Golden Eagle Ylli,"A. Scott, E. Kastrati, G. Morina, L. Shoshi, S. Bamforth",Bora,"A. Hot, A. Hunter, L. Thomas, R. Memedi, S. Jules",1,50,0.8,1.2,0,0,2,0,0,2,0,0,0,0,1,0,1,0,0,0,0,0,3,1,1,100,0,0,0,1,1,100,0,1,1,0,0,0,0,1,0.9,1.4,0,208.3,-208.3,208.3,0,208.3,-3,0,0,0,0,0,0,0,0,0,0,0,0,0,0,0,0,0,0,0,0,0,0,0,0,0,0,0,0,0,0,0,0
Sigal Prishtina,"A. Bailey, A. Lomax, A. Morina, D. Haxhosaj, E. Clarence",Trepça,"A. Vining, D. Hajrizi, K. Hasbrouck, S. Henry, S. Jones",1,35,0.6,1.2,1,0,0,0,0,0,0,1,1,100,0,0,0,0,0,0,1,0,3,1,2,50,1,2,50,0,0,0,1,0,1,1,0,0,0,0,1.4,0.9,69.4,322.6,-253.1,322.6,69.4,253.1,-2,0,0,0,0,0,0,0,0,0,0,0,0,0,0,0,0,0,0,0,0,0,0,0,0,0,0,0,0,0,0,0,0
GO+Peja,"A. Hajdari, C. Edwards, D. Bracey, L. Routt, M. Mala",Trepça,"A. Vining, D. Kapiti, M. Amzil, M. Tmusic, S. Henry",1,22,0.4,1.2,2,1,1,100,0,0,0,0,0,0,0,0,0,1,0,0,0,0,2,1,1,100,0,0,0,0,1,0,1,0,1,0,0,0,0,1,1.0,1.4,200,138.9,61.1,138.9,200,-61.1,0,0,0,0,0,0,0,0,0,0,0,0,0,0,0,0,0,0,0,0,0,0,0,0,0,0,0,0,0,0,0,0,0
GO+Peja,"A. Hajdari, C. Edwards, D. Bracey, L. Routt, M. Mala",Trepça,"A. Vining, M. Amzil, M. Tmusic, S. Henry, S. Jones",1,31,0.5,1.2,1,0,0,0,0,0,0,1,1,100,0,1,1,0,0,1,1,0,0,0,2,0,0,0,0,0,0,0,1,0,1,0,1,0,0,0,1.4,0.9,69.4,0,69.4,0,69.4,-69.4,1,0,0,0,0,0,0,0,0,0,0,0,0,0,0,0,0,0,0,0,0,0,0,0,0,0,0,0,0,0,0,0,0
GO+Peja,"A. Hajdari, C. Williams, D. Davis, F. Shoshaj, M. Mala",Trepça,"A. Vining, B. Tuna, D. Kapiti, M. Amzil, S. Henry",1,16,0.3,1.2,0,0,0,0,0,0,0,0,0,0,0,0,0,0,0,0,1,1,3,1,1,100,0,0,0,1,1,100,0,0,0,0,0,0,0,0,1.0,1.4,0,208.3,-208.3,208.3,0,208.3,-3,0,0,0,0,0,0,0,0,0,0,0,0,0,0,0,0,0,0,0,0,0,0,0,0,0,0,0,0,0,0,0,0
Rahoveci 029,"B. Rexha, F. Rugova, J. Mccorrmick, K. Pullian, N. Mcloud",Bora,"A. Hot, A. Hunter, J. Zeqiri, R. Memedi, S. Jules",1,37,0.6,1.2,3,1,1,100,0,0,0,1,1,100,0,0,0,1,0,0,0,0,3,1,1,100,1,1,100,0,0,0,0,0,0,0,0,0,0,1,1.4,1.0,208.3,300,-91.7,300,208.3,91.7,0,0,0,0,0,0,0,0,0,0,0,0,0,0,0,0,0,0,0,0,0,0,0,0,0,0,0,0,0,0,0,0,0
Golden Eagle Ylli,"D. Sabeckis, E. Kastrati, G. Morina, J. Gray, L. Shoshi",GO+Peja,"A. Hajdari, C. Edwards, C. Williams, D. Bracey, M. Mala",1,34,0.6,1.2,1,0,0,0,0,0,0,1,1,100,0,0,0,0,0,0,1,1,0,0,0,0,0,0,0,0,0,0,0,0,0,0,1,0,1,0,1.4,1.0,69.4,0,69.4,0,69.4,-69.4,1,0,0,0,0,0,0,0,0,0,0,0,0,0,0,0,0,0,0,0,0,0,0,0,0,0,0,0,0,0,0,0,0
Golden Eagle Ylli,"D. Sabeckis, D. Thomas, E. Kastrati, S. Bamforth, T. Smith",GO+Peja,"A. Hajdari, C. Edwards, C. Williams, D. Davis, M. Mala",1,40,0.7,1.2,0,0,0,0,0,0,0,0,0,0,0,1,1,0,0,0,0,1,2,0,1,0,0,1,0,2,4,50,1,0,1,0,0,0,0,1,0.1,2.2,0,89.9,-89.9,89.9,0,89.9,-2,0,0,0,0,0,0,0,0,0,0,0,0,0,0,0,0,0,0,0,0,0,0,0,0,0,0,0,0,0,0,0,0
Trepça,"D. Kapiti, J. Payne, K. Hasbrouck, M. Amzil, M. Tmusic",Vëllaznimi,"D. Wilson, J. Hellems, R. Dahsyla, S. Zekiqi, Y. Anei",1,30,0.5,1.2,3,0,0,0,0,0,0,3,3,100,0,1,1,1,0,0,0,0,0,0,1,0,0,1,0,0,0,0,0,0,0,0,0,0,0,1,1.3,1.0,227.3,0,227.3,0,227.3,-227.3,3,0,0,0,0,0,0,0,0,0,0,0,0,0,0,0,0,0,0,0,0,0,0,0,0,0,0,0,0,0,0,0,0
Vëllaznimi,"A. Rushiti, D. Wilson, J. Hellems, S. Zekiqi, Y. Anei",Golden Eagle Ylli,"B. Pass, D. Sabeckis, E. Kastrati, G. Morina, T. Smith",1,34,0.6,1.2,1,0,2,0,0,1,0,1,1,100,1,1,2,0,0,0,0,0,0,0,1,0,0,0,0,0,0,0,0,1,1,0,0,0,0,0,1.4,1.0,73,0,73,0,73,-73,1,0,0,0,0,0,0,0,0,0,0,0,0,0,0,0,0,0,0,0,0,0,0,0,0,0,0,0,0,0,0,0,0
Sigal Prishtina,"A. Bailey, A. Lomax, A. Morina, D. Burns, V. Kakruki",Rahoveci 029,"B. Rexha, F. Rugova, J. Mccorrmick, K. Pullian, V. Ejupi",1,52,0.9,1.2,4,1,1,100,1,1,100,1,1,100,0,0,0,1,0,0,0,0,2,1,2,50,0,1,0,0,0,0,1,0,1,0,0,0,0,0,1.4,0.9,277.8,215.1,62.7,215.1,277.8,-62.7,2,0,0,0,0,0,0,0,0,0,0,0,0,0,0,0,0,0,0,0,0,0,0,0,0,0,0,0,0,0,0,0,0
Vëllaznimi,"A. Koshi, M. Warrick, R. Dahsyla, Y. Anei, Z. Reid",Bora,"A. Mekic, D. Taylor, J. Zeqiri, R. Memedi, T. Jackson",1,17,0.3,1.1,0,0,0,0,0,0,0,0,0,0,0,0,0,0,0,0,0,0,0,0,0,0,0,0,0,0,0,0,0,0,0,0,0,0,2,1,0.1,2.0,0,0,0,0,0,0,0,0,0,0,0,0,0,0,0,0,0,0,0,0,0,0,0,0,0,0,0,0,0,0,0,0,0,0,0,0,0,0,0
Bora,"A. Hot, H. Lebovci, R. Memedi, S. Jules, Y. Pllana",Trepça,"A. Arslanagic, D. Hajrizi, J. Payne, M. Tmusic, S. Jones",1,19,0.3,1.1,0,0,0,0,0,0,0,0,0,0,0,0,0,0,0,0,0,0,0,0,0,0,0,0,0,0,0,0,0,0,0,0,0,0,2,1,0.1,2.0,0,0,0,0,0,0,0,0,0,0,0,0,0,0,0,0,0,0,0,0,0,0,0,0,0,0,0,0,0,0,0,0,0,0,0,0,0,0,0
Vëllaznimi,"A. Koshi, J. Ismajli, L. Colimerio, M. Warrick, Z. Ride",Sigal Prishtina,"A. Azemi, A. Bailey, D. Burns, D. Lekndreaj, K. Kramer",1,8,0.1,1.1,0,0,0,0,0,0,0,0,0,0,0,0,0,0,0,0,0,0,0,0,0,0,0,0,0,0,0,0,0,0,0,0,0,0,2,1,0.1,2.0,0,0,0,0,0,0,0,0,0,0,0,0,0,0,0,0,0,0,0,0,0,0,0,0,0,0,0,0,0,0,0,0,0,0,0,0,0,0,0
Golden Eagle Ylli,"E. Kastrati, G. Morina, L. Shoshi, T. Allen, T. Allen",Bora,"G. Singleton, G. Zeqiri, J. Zeqiri, S. Jules, T. Cheese",1,49,0.8,1.1,0,0,2,0,0,0,0,0,0,0,1,0,1,0,0,0,0,1,2,0,0,0,0,0,0,2,3,66.7,0,1,1,1,0,0,0,1,0.9,1.3,0,151.5,-151.5,151.5,0,151.5,-2,0,0,0,0,0,0,0,0,0,0,0,0,0,0,0,0,0,0,0,0,0,0,0,0,0,0,0,0,0,0,0,0
Bashkimi,"D. Lake, I. Nwamu, K. Anderson, L. Zeqiri, M. Janjeva",Golden Eagle Ylli,"A. Gashi, A. Scott, E. Kastrati, G. Morina, L. Shoshi",1,10,0.2,1.1,0,0,0,0,0,0,0,0,0,0,0,0,0,0,0,0,2,1,0,0,0,0,0,0,0,0,0,0,0,0,0,0,0,0,0,1,2.0,0.1,0,0,0,0,0,0,0,0,0,0,0,0,0,0,0,0,0,0,0,0,0,0,0,0,0,0,0,0,0,0,0,0,0,0,0,0,0,0,0
Trepça,"J. Payne, K. Hasbrouck, M. Amzil, M. Tmusic, S. Jones",Bora,"A. Hot, A. Hunter, C. Payton, R. Memedi, S. Jules",1,16,0.3,1.1,0,0,0,0,0,0,0,0,0,0,0,0,0,0,0,0,0,0,0,0,0,0,0,0,0,0,0,0,0,0,0,0,0,0,2,1,0.1,2.0,0,0,0,0,0,0,0,0,0,0,0,0,0,0,0,0,0,0,0,0,0,0,0,0,0,0,0,0,0,0,0,0,0,0,0,0,0,0,0
GO+Peja,"A. Hajdari, C. Edwards, D. Berisha, J. Johnson, T. Green",Bashkimi,"I. Cousins, I. Nwamu, M. Ismaili, M. Janjeva, T. Bickerstaff",1,10,0.2,1.1,2,1,3,33.3,0,0,0,0,1,0,2,0,2,0,0,0,0,0,0,0,0,0,0,0,0,0,0,0,0,1,1,0,0,0,0,1,2.0,0.1,99.3,0,99.3,0,99.3,-99.3,2,0,0,0,0,0,0,0,0,0,0,0,0,0,0,0,0,0,0,0,0,0,0,0,0,0,0,0,0,0,0,0,0
Vëllaznimi,"A. Rushiti, J. Hellems, S. Zekiqi, Y. Anei, Z. Reid",Peja,"C. Edwards, D. Morris, M. Mala, S. Flatten, S. Llapi",1,50,0.8,1.1,3,1,2,50,0,1,0,1,1,100,1,1,2,0,0,0,0,0,0,0,3,0,0,1,0,0,0,0,2,0,2,0,0,0,0,0,1.4,0.9,219,0,219,0,219,-219,3,0,0,0,0,0,0,0,0,0,0,0,0,0,0,0,0,0,0,0,0,0,0,0,0,0,0,0,0,0,0,0,0
Vëllaznimi,"A. Gordon, A. Rushiti, J. Hellems, S. Zekiqi, Z. Reid",Trepça,"A. Gashi, A. Vining, B. Tuna, M. Amzil, S. Jones",1,25,0.4,1.1,0,0,1,0,0,1,0,0,0,0,0,0,0,0,0,0,1,0,0,0,0,0,0,0,0,0,0,0,0,0,0,0,0,0,0,0,2.0,0.1,0,0,0,0,0,0,0,0,0,0,0,0,0,0,0,0,0,0,0,0,0,0,0,0,0,0,0,0,0,0,0,0,0,0,0,0,0,0,0
Vëllaznimi,"A. Koshi, D. Wilson, S. Zekiqi, Y. Anei, Z. Reid",Trepça,"A. Vining, B. Tuna, M. Amzil, M. Tmusic, S. Jones",1,7,0.1,1.1,0,0,0,0,0,0,0,0,0,0,0,0,0,0,0,0,0,0,0,0,0,0,0,0,0,0,0,0,0,0,0,0,0,0,2,1,0.1,2.0,0,0,0,0,0,0,0,0,0,0,0,0,0,0,0,0,0,0,0,0,0,0,0,0,0,0,0,0,0,0,0,0,0,0,0,0,0,0,0
Golden Eagle Ylli,"A. Scott, A. Çallakaj, E. Kastrati, G. Morina, L. Shoshi",Vëllaznimi,"A. Gordon, A. Rushiti, D. Wilson, S. Zekiqi, Z. Reid",1,57,0.9,1.1,3,1,2,50,0,0,0,1,1,100,1,1,2,1,0,0,0,0,0,0,2,0,0,0,0,0,0,0,1,0,1,0,0,1,0,1,1.4,0.9,219,0,219,0,219,-219,3,0,0,0,0,0,0,0,0,0,0,0,0,0,0,0,0,0,0,0,0,0,0,0,0,0,0,0,0,0,0,0,0
Vëllaznimi,"D. Wilson, R. Dahsyla, S. Zekiqi, Y. Anei, Z. Reid",Bora,"A. Hot, A. Hunter, A. Mekic, J. Zeqiri, T. Cheese",1,49,0.8,1.1,2,0,0,0,0,0,0,2,2,100,0,0,0,0,0,1,0,2,1,0,1,0,0,0,0,1,3,33.3,1,0,1,0,0,0,0,1,0.9,1.3,227.3,80,147.3,80,227.3,-147.3,1,0,0,0,0,0,0,0,0,0,0,0,0,0,0,0,0,0,0,0,0,0,0,0,0,0,0,0,0,0,0,0,0
Rahoveci 029,"A. Thomas, B. Rexha, K. Pullian, N. Mccloud, V. Ejupi",Vëllaznimi,"D. Wilson, J. Hellems, R. Dahsyla, S. Zekiqi, Y. Anei",1,46,0.8,1.1,0,0,3,0,0,2,0,0,0,0,2,0,2,0,0,0,0,1,3,1,1,100,0,0,0,1,1,100,0,1,1,1,0,1,0,0,0.9,1.4,0,208.3,-208.3,208.3,0,208.3,-3,0,0,0,0,0,0,0,0,0,0,0,0,0,0,0,0,0,0,0,0,0,0,0,0,0,0,0,0,0,0,0,0
Sigal Prishtina,"A. Bailey, A. Lomax, A. Morina, A. Sinani, D. Haxhosaj",Trepça,"A. Vining, D. Hajrizi, J. Payne, K. Hasbrouck, S. Jones",1,13,0.2,1.1,2,1,2,50,0,1,0,0,0,0,1,1,2,0,0,0,0,0,1,0,0,0,0,0,0,1,3,33.3,0,0,0,0,0,0,0,0,0.9,1.3,215.1,75.8,139.3,75.8,215.1,-139.3,1,0,0,0,0,0,0,0,0,0,0,0,0,0,0,0,0,0,0,0,0,0,0,0,0,0,0,0,0,0,0,0,0
Bashkimi,"J. Riley, K. Wooten, M. Janjeva, S. Shorter, V. Bunjaku",Vëllaznimi,"A. Koshi, D. Wilson, J. Hellems, R. Dahsyla, Y. Anei",1,69,1.1,1.1,3,1,3,33.3,1,2,50,0,0,0,2,0,2,1,0,0,0,1,3,1,1,100,0,0,0,1,1,100,0,0,0,0,0,0,0,0,0.9,1.4,348.8,208.3,140.5,208.3,348.8,-140.5,0,0,0,0,0,0,0,0,0,0,0,0,0,0,0,0,0,0,0,0,0,0,0,0,0,0,0,0,0,0,0,0,0
Bora,"A. Hunter, J. Zeqiri, R. Memedi, S. Jules, T. Cheese",Sigal Prishtina,"A. Bailey, A. Lomax, A. Morina, A. Sinani, D. Williams",1,11,0.2,1.1,0,0,0,0,0,0,0,0,0,0,0,0,0,0,0,0,2,1,0,0,0,0,0,0,0,0,0,0,0,0,0,0,0,0,0,0,2.0,0.1,0,0,0,0,0,0,0,0,0,0,0,0,0,0,0,0,0,0,0,0,0,0,0,0,0,0,0,0,0,0,0,0,0,0,0,0,0,0,0
Golden Eagle Ylli,"D. Thomas, E. Kastrati, J. Gray, L. Shoshi, S. Bamforth",GO+Peja,"A. Hajdari, D. Bracey, D. Davis, F. Shoshaj, L. Routt",1,31,0.5,1.1,1,0,0,0,0,0,0,1,2,50,0,1,1,0,0,0,0,1,0,0,1,0,0,1,0,0,2,0,1,1,2,0,0,0,0,1,0.9,1.3,113.6,0,113.6,0,113.6,-113.6,1,0,0,0,0,0,0,0,0,0,0,0,0,0,0,0,0,0,0,0,0,0,0,0,0,0,0,0,0,0,0,0,0
Trepça,"A. Vining, D. Kapiti, J. Payne, M. Amzil, M. Tmusic",Vëllaznimi,"A. Koshi, D. Wilson, R. Dahsyla, T. Todd, Y. Anei",1,16,0.3,1.1,0,0,0,0,0,0,0,0,0,0,0,0,0,0,0,0,2,1,0,0,0,0,0,0,0,0,0,0,0,0,0,0,0,0,0,0,2.0,0.1,0,0,0,0,0,0,0,0,0,0,0,0,0,0,0,0,0,0,0,0,0,0,0,0,0,0,0,0,0,0,0,0,0,0,0,0,0,0,0
Vëllaznimi,"A. Bedra, A. Koshi, J. Ismajli, R. Dahsyla, Z. Ried",Bashkimi,"D. Lake, I. Cousins, J. Palokaj, L. Zeqiri, V. Bunjaku",1,40,0.7,1.0,0,0,1,0,0,1,0,0,0,0,0,0,0,0,0,0,0,0,2,1,2,50,0,1,0,0,0,0,1,0,1,0,0,0,0,0,1.0,0.9,0,215.1,-215.1,215.1,0,215.1,-2,0,0,0,0,0,0,0,0,0,0,0,0,0,0,0,0,0,0,0,0,0,0,0,0,0,0,0,0,0,0,0,0
Vëllaznimi,"A. Bedra, A. Koshi, J. Ismajli, U. Ahmeti, Z. Ried",Bashkimi,"D. Lake, I. Cousins, J. Bailey, J. Palokaj, V. Bunjaku",1,22,0.4,1.0,0,0,1,0,0,0,0,0,0,0,0,0,0,0,0,0,0,0,2,1,1,100,0,0,0,0,0,0,0,1,1,1,0,0,0,0,1.0,1.0,0,200,-200,200,0,200,-2,0,0,0,0,0,0,0,0,0,0,0,0,0,0,0,0,0,0,0,0,0,0,0,0,0,0,0,0,0,0,0,0
Vëllaznimi,"A. Bedra, A. Koshi, J. Ismajli, R. Dahsyla, Z. Ried",Bashkimi,"D. Lake, I. Cousins, J. Bailey, J. Palokaj, V. Bunjaku",1,36,0.6,1.0,0,0,1,0,0,0,0,0,0,0,0,0,0,0,0,0,0,1,2,1,1,100,0,0,0,0,0,0,0,1,1,0,0,0,0,0,1.0,1.0,0,200,-200,200,0,200,-2,0,0,0,0,0,0,0,0,0,0,0,0,0,0,0,0,0,0,0,0,0,0,0,0,0,0,0,0,0,0,0,0
Vëllaznimi,"A. Bedra, A. Koshi, J. Ismajli, R. Dahsyla, Z. Ried",Bashkimi,"J. Bailey, J. Palokaj, K. Anderson, M. Ismaili, T. Brickerstaff",1,55,0.9,1.0,2,1,1,100,0,0,0,0,0,0,0,0,0,1,0,0,0,0,3,1,1,100,1,1,100,0,0,0,0,0,0,1,0,0,0,0,1.0,1.0,200,300,-100,300,200,100,-1,0,0,0,0,0,0,0,0,0,0,0,0,0,0,0,0,0,0,0,0,0,0,0,0,0,0,0,0,0,0,0,0
Vëllaznimi,"A. Bedra, A. Koshi, E. Cingu, R. Dahsyla, Z. Ried",Bashkimi,"A. Morina, K. Anderson, L. Zeqiri, M. Ismaili, T. Brickerstaff",1,22,0.4,1.0,3,1,1,100,1,1,100,0,0,0,0,0,0,1,0,0,0,0,0,0,1,0,0,0,0,0,0,0,0,0,0,0,0,0,0,1,1.0,1.0,300,0,300,0,300,-300,3,0,0,0,0,0,0,0,0,0,0,0,0,0,0,0,0,0,0,0,0,0,0,0,0,0,0,0,0,0,0,0,0
Trepça,"A. Arslanagic, B. Tuna, D. Kapiti, J. Payne, M. Amzil",GO+ Peja,"A. Hajdari, A. Herndon, C. Edwards, J. Johnson, M. Armstread",1,30,0.5,1.0,2,1,1,100,0,0,0,0,0,0,0,0,0,0,0,0,0,0,0,0,1,0,0,1,0,0,0,0,0,0,0,0,0,0,0,0,1.0,1.0,200,0,200,0,200,-200,2,0,0,0,0,0,0,0,0,0,0,0,0,0,0,0,0,0,0,0,0,0,0,0,0,0,0,0,0,0,0,0,0
Trepça,"C. Russell, D. Kapiti, J. Payne, M. Tmusic, S. Jones",GO+ Peja,"C. Edwards, J. Johnson, M. Armstread, M. Mala, T. Green",1,30,0.5,1.0,0,0,1,0,0,0,0,0,0,0,1,1,2,0,0,0,1,0,0,0,1,0,0,0,0,0,0,0,0,0,0,0,0,1,0,0,0.9,1.0,0,0,0,0,0,0,0,0,0,0,0,0,0,0,0,0,0,0,0,0,0,0,0,0,0,0,0,0,0,0,0,0,0,0,0,0,0,0,0
Golden Eagle Ylli,"A. Qallaku, E. Kastrati, J. Reece, L. Basic, L. Shoshi",Sigal Prishtina,"A. Azemi, A. Bailey, D. Polloshka, L. Autrey, V. Kakruki",1,29,0.5,1.0,0,0,1,0,0,1,0,0,0,0,0,0,0,0,0,0,0,0,2,1,1,100,0,0,0,0,0,0,0,1,1,1,0,0,0,0,1.0,1.0,0,200,-200,200,0,200,-2,0,0,0,0,0,0,0,0,0,0,0,0,0,0,0,0,0,0,0,0,0,0,0,0,0,0,0,0,0,0,0,0
Bora,"A. Mekic, G. Singleton, R. Memedi, R. Ukaj, S. Jules",Rahoveci 029,"A. Berisha, I. Umipig, K. Pullian, P. Weeks, V. Ejupi",1,31,0.5,1.0,0,0,1,0,0,1,0,0,0,0,0,0,0,0,1,0,0,0,0,0,0,0,0,0,0,0,0,0,0,1,1,0,0,0,1,1,1.0,1.0,0,0,0,0,0,0,0,0,0,0,0,0,0,0,0,0,0,0,0,0,0,0,0,0,0,0,0,0,0,0,0,0,0,0,0,0,0,0,0
Bashkimi,"D. Lake, J. Baily, K. Anderson, L. Zeqiri, M. Ismaili",Rahoveci 029,"B. Rexha, F. Rugova, I. Umipig, K. Pullian, P. Weekes",1,28,0.5,1.0,0,0,1,0,0,0,0,0,0,0,0,0,0,0,0,0,0,0,3,1,1,100,1,1,100,0,0,0,0,1,1,0,0,0,0,0,1.0,1.0,0,300,-300,300,0,300,-3,0,0,0,0,0,0,0,0,0,0,0,0,0,0,0,0,0,0,0,0,0,0,0,0,0,0,0,0,0,0,0,0
Sigal Prishtina,"A. Azemi, D. Lekndreaj, D. Polloshka, K. Kramer, M. Janjeva",Bora,"A. Mekic, G. Singleton, J. Zeqiri, R. Memed, S. Jules",1,35,0.6,1.0,3,1,1,100,1,1,100,0,0,0,0,0,0,1,1,0,0,0,0,0,0,0,0,0,0,0,0,0,0,0,0,0,0,0,1,1,1.0,1.0,300,0,300,0,300,-300,3,0,0,0,0,0,0,0,0,0,0,0,0,0,0,0,0,0,0,0,0,0,0,0,0,0,0,0,0,0,0,0,0
Sigal Prishtina,"A. Azemi, B. Istrefi, D. Polloshka, M. Janjeva, V. Kakruki",Bora,"A. Mekic, J. Zeqiri, O. Kurtaj, R. Memed, S. Jules",1,33,0.6,1.0,0,0,0,0,0,0,0,0,0,0,0,0,0,0,0,0,1,0,2,1,1,100,0,0,0,0,0,0,0,0,0,0,1,0,0,0,1.0,1.0,0,200,-200,200,0,200,-2,0,0,0,0,0,0,0,0,0,0,0,0,0,0,0,0,0,0,0,0,0,0,0,0,0,0,0,0,0,0,0,0
Sigal Prishtina,"B. Istrefi, D. Burns, D. Polloshka, M. Janjeva, V. Kakruki",Bora,"A. Mekic, G. Singleton, J. Zeqiri, O. Kurtaj, S. Jules",1,57,0.9,1.0,2,1,2,50,0,0,0,0,0,0,1,0,1,1,0,0,0,0,2,1,1,100,0,0,0,0,0,0,0,0,0,1,0,0,0,0,0.9,1.0,215.1,200,15.1,200,215.1,-15.1,0,0,0,0,0,0,0,0,0,0,0,0,0,0,0,0,0,0,0,0,0,0,0,0,0,0,0,0,0,0,0,0,0
GO+Peja,"A. Herndon, J. Johnson, M. Armstead, M. Mala, T. Green",Golden Eagle Ylli,"A. Çallakaj, G. Morina, J. Reece, L. Thomas, T. Allen",1,42,0.7,1.0,0,0,1,0,0,0,0,0,0,0,0,1,1,0,0,0,0,1,0,0,2,0,0,0,0,0,0,0,1,1,2,0,0,0,0,0,1.0,0.9,0,0,0,0,0,0,0,0,0,0,0,0,0,0,0,0,0,0,0,0,0,0,0,0,0,0,0,0,0,0,0,0,0,0,0,0,0,0,0
Vëllaznimi,"A. Koshi, L. Colimerio, M. Warrick, R. Dahsyla, Z. Ried",Trepça,"A. Arslanagic, D. Hajrizi, J. Payne, M. Tmusic, S. Jones",1,52,0.9,1.0,2,1,1,100,0,0,0,0,0,0,0,0,0,0,0,0,0,0,0,0,0,0,0,0,0,0,0,0,0,0,0,0,0,0,1,1,1.0,1.0,200,0,200,0,200,-200,2,0,0,0,0,0,0,0,0,0,0,0,0,0,0,0,0,0,0,0,0,0,0,0,0,0,0,0,0,0,0,0,0
Vëllaznimi,"A. Bedra, J. Ismajli, L. Colimerio, M. Warrick, R. Dahsyla",Trepça,"A. Arslanagic, B. Tuna, D. Kapiti, M. Amzil, M. Tmusic",1,54,0.9,1.0,3,1,1,100,1,1,100,0,0,0,0,0,0,1,0,0,0,0,2,1,2,50,0,1,0,0,0,0,1,0,1,0,0,0,0,2,1.0,0.9,300,215.1,84.9,215.1,300,-84.9,1,0,0,0,0,0,0,0,0,0,0,0,0,0,0,0,0,0,0,0,0,0,0,0,0,0,0,0,0,0,0,0,0
Golden Eagle Ylli,"G. Morina, L. Basic, L. Shoshi, L. Thomas, T. Allen",Vëllaznimi,"A. Koshi, D. Dedushaj, L. Colimerio, M. Warrick, Y. Anei",1,35,0.6,1.0,0,0,0,0,0,0,0,0,0,0,0,0,0,0,0,0,1,1,2,1,1,100,0,0,0,0,0,0,0,0,0,0,1,0,0,0,1.0,1.0,0,200,-200,200,0,200,-2,0,0,0,0,0,0,0,0,0,0,0,0,0,0,0,0,0,0,0,0,0,0,0,0,0,0,0,0,0,0,0,0
Bora,"A. Mekic, G. Singleton, J. Zeqiri, R. Memed, T. Jackson",GO+Peja,"A. Herndon, J. Johnson, M. Armstead, M. Mala, T. Green",1,21,0.3,1.0,0,0,0,0,0,0,0,0,0,0,0,0,0,0,0,0,1,0,2,1,1,100,0,0,0,0,0,0,0,0,0,1,0,0,0,0,1.0,1.0,0,200,-200,200,0,200,-2,0,0,0,0,0,0,0,0,0,0,0,0,0,0,0,0,0,0,0,0,0,0,0,0,0,0,0,0,0,0,0,0
Bora,"A. Mekic, G. Singleton, R. Memed, R. Ukaj, T. Jackson",GO+Peja,"J. Johnson, M. Armstead, M. Mala, S. Flateen, T. Green",1,13,0.2,1.0,0,0,1,0,0,0,0,0,0,0,0,0,0,0,0,0,0,1,2,1,1,100,0,0,0,0,0,0,0,1,1,0,0,0,0,0,1.0,1.0,0,200,-200,200,0,200,-2,0,0,0,0,0,0,0,0,0,0,0,0,0,0,0,0,0,0,0,0,0,0,0,0,0,0,0,0,0,0,0,0
Bora,"A. Mekic, D. Taylor, G. Singleton, R. Memed, S. Jules",GO+Peja,"A. Herndon, C. Edwards, D. Berisha, J. Johnson, M. Mala",1,27,0.5,1.0,3,1,1,100,1,1,100,0,0,0,0,1,1,1,0,0,0,0,0,0,1,0,0,1,0,0,0,0,0,0,0,0,0,0,0,0,1.0,1.0,300,0,300,0,300,-300,3,0,0,0,0,0,0,0,0,0,0,0,0,0,0,0,0,0,0,0,0,0,0,0,0,0,0,0,0,0,0,0,0
Rahoveci 029,"A. Berisha, F. Rugova, I. Umipig, K. Pullian, P. Weekes",Sigal Prishtina,"A. Azemi, D. Polloshka, K. Kramer, L. Autrey, M. Janjeva",1,46,0.8,1.0,0,0,2,0,0,2,0,0,0,0,1,0,1,0,0,0,0,0,2,1,1,100,0,0,0,0,0,0,0,1,1,1,0,0,0,0,0.9,1.0,0,200,-200,200,0,200,-2,0,0,0,0,0,0,0,0,0,0,0,0,0,0,0,0,0,0,0,0,0,0,0,0,0,0,0,0,0,0,0,0
Rahoveci 029,"A. Berisha, B. Rexha, I. Umipig, K. Pullian, P. Weekes",Sigal Prishtina,"A. Azemi, A. Bailey, D. Burns, D. Polloshka, K. Kramer",1,13,0.2,1.0,0,0,1,0,0,1,0,0,0,0,0,0,0,0,0,0,0,0,0,0,0,0,0,0,0,0,0,0,0,1,1,0,0,0,1,0,1.0,1.0,0,0,0,0,0,0,0,0,0,0,0,0,0,0,0,0,0,0,0,0,0,0,0,0,0,0,0,0,0,0,0,0,0,0,0,0,0,0,0
Vëllaznimi,"A. Bedra, L. Colimerio, M. Warrick, S. Zekiqi, Y. Anei",Bora,"G. Singleton, O. Kurtaj, R. Memedi, S. Jules, T. Jackson",1,51,0.8,1.0,0,0,1,0,0,0,0,0,0,0,0,0,0,0,0,0,0,1,3,1,1,100,1,1,100,0,0,0,0,1,1,1,0,0,0,0,1.0,1.0,0,300,-300,300,0,300,-3,0,0,0,0,0,0,0,0,0,0,0,0,0,0,0,0,0,0,0,0,0,0,0,0,0,0,0,0,0,0,0,0
Vëllaznimi,"A. Koshi, M. Warrick, R. Dahsyla, Y. Anei, Z. Reid",Bora,"D. Taylor, G. Singleton, O. Kurtaj, R. Memedi, S. Jules",1,36,0.6,1.0,0,0,1,0,0,0,0,0,0,0,0,1,1,0,0,0,0,1,0,0,1,0,0,1,0,0,0,0,0,1,1,0,0,0,0,0,1.0,1.0,0,0,0,0,0,0,0,0,0,0,0,0,0,0,0,0,0,0,0,0,0,0,0,0,0,0,0,0,0,0,0,0,0,0,0,0,0,0,0
Trepça,"B. Tuna, C. Brown, C. Rusell, D. Hajrizi, J. Payne",Golden Eagle Ylli,"A. Shala, A. Çallakaj, J. Reece, L. Shoshi, T. Allen",1,23,0.4,1.0,0,0,1,0,0,0,0,0,0,0,0,0,0,0,0,0,0,0,0,0,1,0,0,1,0,0,0,0,0,1,1,0,0,0,0,0,1.0,1.0,0,0,0,0,0,0,0,0,0,0,0,0,0,0,0,0,0,0,0,0,0,0,0,0,0,0,0,0,0,0,0,0,0,0,0,0,0,0,0
Golden Eagle Ylli,"A. Çallakaj, B. Huffman, G. Morina, L. Basic, T. Allen",Bashkimi,"A. Morina, I. Cousins, J. Palokaj, T. Bickerstaff, V. Bunjaku",1,30,0.5,1.0,0,0,0,0,0,0,0,0,0,0,0,0,0,0,0,0,1,0,2,1,1,100,0,0,0,0,0,0,0,0,0,1,1,0,0,1,1.0,1.0,0,200,-200,200,0,200,-2,0,0,0,0,0,0,0,0,0,0,0,0,0,0,0,0,0,0,0,0,0,0,0,0,0,0,0,0,0,0,0,0
Golden Eagle Ylli,"A. Çallakaj, L. Basic, L. Shoshi, L. Thomas, T. Allen",Bashkimi,"A. Morina, D. Lake, J. Bailey, J. Palokaj, K. Anderson",1,35,0.6,1.0,2,1,1,100,0,0,0,0,0,0,0,0,0,0,0,0,0,0,0,0,0,0,0,0,0,0,0,0,0,0,0,0,0,0,1,0,1.0,1.0,200,0,200,0,200,-200,2,0,0,0,0,0,0,0,0,0,0,0,0,0,0,0,0,0,0,0,0,0,0,0,0,0,0,0,0,0,0,0,0
Bora,"A. Hot, A. Mekic, R. Memedi, S. Jules, Y. Pllana",Trepça,"B. Tuna, D. Hajrizi, J. Payne, M. Tmusic, S. Jones",1,30,0.5,1.0,0,0,0,0,0,0,0,0,0,0,0,0,0,0,0,0,1,0,2,1,1,100,0,0,0,0,0,0,0,0,0,1,0,0,0,0,1.0,1.0,0,200,-200,200,0,200,-2,0,0,0,0,0,0,0,0,0,0,0,0,0,0,0,0,0,0,0,0,0,0,0,0,0,0,0,0,0,0,0,0
Bora,"A. Mekic, G. Zeqiri, J. Zeqiri, R. Memedi, S. Jules",Trepça,"B. Tuna, D. Hajrizi, J. Payne, M. Tmusic, S. Jones",1,38,0.6,1.0,0,0,1,0,0,1,0,0,0,0,0,0,0,0,0,0,0,0,3,1,1,100,1,1,100,0,0,0,0,1,1,1,0,0,0,1,1.0,1.0,0,300,-300,300,0,300,-3,0,0,0,0,0,0,0,0,0,0,0,0,0,0,0,0,0,0,0,0,0,0,0,0,0,0,0,0,0,0,0,0
Bora,"A. Hot, A. Mekic, G. Zeqiri, J. Zeqiri, R. Memedi",Trepça,"B. Zekiqi, D. Kapiti, J. Payne, M. Amzil, M. Tmusic",1,47,0.8,1.0,0,0,1,0,0,1,0,0,0,0,0,1,1,0,0,0,0,1,0,0,1,0,0,1,0,0,0,0,0,1,1,0,0,0,0,0,1.0,1.0,0,0,0,0,0,0,0,0,0,0,0,0,0,0,0,0,0,0,0,0,0,0,0,0,0,0,0,0,0,0,0,0,0,0,0,0,0,0,0
Rahoveci 029,"F. Rugova, I. Umipig, J. Roche, K. Pullian, V. Ejupi",Vëllaznimi,"A. Koshi, K. Ezeagu, L. Colimerio, M. Warrick, R. Dahsyla",1,53,0.9,1.0,0,0,0,0,0,0,0,0,0,0,0,0,0,0,0,0,1,0,2,1,1,100,0,0,0,0,0,0,0,0,0,1,0,0,0,1,1.0,1.0,0,200,-200,200,0,200,-2,0,0,0,0,0,0,0,0,0,0,0,0,0,0,0,0,0,0,0,0,0,0,0,0,0,0,0,0,0,0,0,0
Rahoveci 029,"E. Peci, F. Rugova, I. Umipig, K. Pullian, P. Weekes",Vëllaznimi,"J. Ismajli, M. Warrick, R. Dahsyla, Y. Anei, Z. Reid",1,40,0.7,1.0,0,0,1,0,0,1,0,0,0,0,0,1,1,0,0,0,0,0,0,0,1,0,0,1,0,0,0,0,0,1,1,0,0,0,0,1,1.0,1.0,0,0,0,0,0,0,0,0,0,0,0,0,0,0,0,0,0,0,0,0,0,0,0,0,0,0,0,0,0,0,0,0,0,0,0,0,0,0,0
Sigal Prishtina,"A. Azemi, A. Bailey, D. Burns, D. Haxhosaj, L. Autrey",GO+Peja,"A. Hajdari, C. Edwards, J. Johnson, M. Mala, T. Green",1,26,0.4,1.0,2,1,1,100,0,0,0,0,0,0,0,0,0,0,0,0,0,0,0,0,0,0,0,0,0,0,0,0,0,0,0,0,0,0,1,1,1.0,1.0,200,0,200,0,200,-200,2,0,0,0,0,0,0,0,0,0,0,0,0,0,0,0,0,0,0,0,0,0,0,0,0,0,0,0,0,0,0,0,0
Bashkimi,"J. Bailey, J. Palokaj, K. Anderson, M. Janjeva, T. Bickerstaff",GO+Peja,"A. Hajdari, C. Edwards, J. Johnson, M. Armstead, S. Flatten",1,52,0.9,1.0,2,1,1,100,0,0,0,0,0,0,0,1,1,1,0,0,0,1,0,0,2,0,0,2,0,0,0,0,1,0,1,0,0,0,0,0,1.0,0.9,200,0,200,0,200,-200,2,0,0,0,0,0,0,0,0,0,0,0,0,0,0,0,0,0,0,0,0,0,0,0,0,0,0,0,0,0,0,0,0
Vëllaznimi,"M. Warrick, R. Dahsyla, S. Zekiqi, Y. Anei, Z. Ride",Sigal Prishtina,"A. Azemi, D. Haxhosaj, D. Lekndreaj, D. Polloshka, K. Kramer",1,2,0.0,1.0,0,0,0,0,0,0,0,0,0,0,0,0,0,0,0,0,1,0,0,0,1,0,0,1,0,0,0,0,0,0,0,0,0,0,0,0,1.0,1.0,0,0,0,0,0,0,0,0,0,0,0,0,0,0,0,0,0,0,0,0,0,0,0,0,0,0,0,0,0,0,0,0,0,0,0,0,0,0,0
Trepça,"B. Tuna, C. Brown, D. Hajrizi, J. Payne, M. Tmusic",Rahoveci 029,"E. Peci, F. Rugova, I. Umipig, J. Roche, K. Pullian",1,23,0.4,1.0,3,1,1,100,1,1,100,0,0,0,0,0,0,0,0,0,0,1,0,0,0,0,0,0,0,0,0,0,0,0,0,0,0,0,1,0,1.0,1.0,300,0,300,0,300,-300,3,0,0,0,0,0,0,0,0,0,0,0,0,0,0,0,0,0,0,0,0,0,0,0,0,0,0,0,0,0,0,0,0
Golden Eagle Ylli,"E. Kastrati, J. Reece, L. Shoshi, L. Thomas, T. Allen",Bora,"A. Hot, G. Singleton, J. Zeqiri, S. Jules, T. Cheese",1,54,0.9,1.0,2,1,1,100,0,0,0,0,0,0,0,0,0,1,0,0,0,0,2,1,1,100,0,0,0,0,0,0,0,0,0,1,0,0,0,1,1.0,1.0,200,200,0,200,200,0,0,0,0,0,0,0,0,0,0,0,0,0,0,0,0,0,0,0,0,0,0,0,0,0,0,0,0,0,0,0,0,0,0
Golden Eagle Ylli,"A. Çallakaj, B. Huffman, E. Kastrati, L. Thomas, T. Allen",Bora,"A. Mekic, G. Singleton, J. Zeqiri, O. Kurtaj, S. Jules",1,24,0.4,1.0,0,0,0,0,0,0,0,0,0,0,0,1,1,0,0,1,1,0,0,0,1,0,0,0,0,0,0,0,0,0,0,0,0,0,0,0,1.0,1.0,0,0,0,0,0,0,0,0,0,0,0,0,0,0,0,0,0,0,0,0,0,0,0,0,0,0,0,0,0,0,0,0,0,0,0,0,0,0,0
Bora,"G. Singleton, G. Zeqiri, J. Zeqiri, T. Chese, T. Jackson",Bashkimi,"I. Cousins, J. Baily, M. Janjeva, T. Bickerstaff, V. Bunjaku",1,39,0.7,1.0,0,0,1,0,0,1,0,0,0,0,0,0,0,0,0,0,0,1,2,1,2,50,0,1,0,0,0,0,1,1,2,1,0,0,0,0,1.0,0.9,0,215.1,-215.1,215.1,0,215.1,-2,0,0,0,0,0,0,0,0,0,0,0,0,0,0,0,0,0,0,0,0,0,0,0,0,0,0,0,0,0,0,0,0
Bora,"A. Hot, A. Mekic, O. Kurtaj, T. Jackson, Y. Pllana",Bashkimi,"D. Lake, J. Baily, M. Janjeva, T. Bickerstaff, V. Bunjaku",1,52,0.9,1.0,2,1,2,50,0,0,0,0,0,0,1,0,1,0,0,0,0,0,3,1,1,100,1,1,100,0,0,0,0,0,0,0,0,0,0,0,0.9,1.0,215.1,300,-84.9,300,215.1,84.9,-1,0,0,0,0,0,0,0,0,0,0,0,0,0,0,0,0,0,0,0,0,0,0,0,0,0,0,0,0,0,0,0,0
Rahoveci 029,"F. Rugova, I. Umipig, K. Pullian, K. Ujkani, V. Ejupi",Golden Eagle Ylli,"A. Çallakaj, J. Reece, L. Shoshi, L. Thomas, T. Allen",1,58,1.0,1.0,2,1,1,100,0,0,0,0,0,0,0,0,0,1,0,0,0,1,2,1,1,100,0,0,0,0,0,0,0,0,0,1,0,0,0,0,1.0,1.0,200,200,0,200,200,0,0,0,0,0,0,0,0,0,0,0,0,0,0,0,0,0,0,0,0,0,0,0,0,0,0,0,0,0,0,0,0,0,0
Sigal Prishtina,"A. Bailey, D. Burns, D. Lekndreaj, E. Williams Jr, V. Kakruki",Trepça,"A. Arslanagic, D. Hajrizi, D. Kapiti, J. Payne, M. Tmusic",1,29,0.5,1.0,0,0,0,0,0,0,0,0,0,0,0,1,1,0,0,0,1,0,0,0,1,0,0,0,0,0,0,0,0,0,0,0,0,0,0,0,1.0,1.0,0,0,0,0,0,0,0,0,0,0,0,0,0,0,0,0,0,0,0,0,0,0,0,0,0,0,0,0,0,0,0,0,0,0,0,0,0,0,0
Sigal Prishtina,"A. Azemi, A. Bailey, D. Haxhosaj, D. Polloshka, E. Williams Jr",Trepça,"A. Arslanagic, C. Brown, D. Hajrizi, M. Amzil, M. Tmusic",1,49,0.8,1.0,0,0,0,0,0,0,0,0,0,0,0,0,0,0,0,0,1,0,2,1,2,50,0,0,0,0,0,0,1,0,1,0,0,0,0,1,1.0,0.9,0,215.1,-215.1,215.1,0,215.1,-2,0,0,0,0,0,0,0,0,0,0,0,0,0,0,0,0,0,0,0,0,0,0,0,0,0,0,0,0,0,0,0,0
Sigal Prishtina,"A. Bailey, D. Burns, D. Lekndreaj, E. Williams Jr, V. Kakruki",Trepça,"B. Tuna, C. Brown, J. Payne, M. Amzil, M. Tmusic",1,60,1.0,1.0,3,1,1,100,1,1,100,0,0,0,0,0,0,0,0,0,0,0,0,0,0,0,0,0,0,0,0,0,0,0,0,0,0,0,1,1,1.0,1.0,300,0,300,0,300,-300,3,0,0,0,0,0,0,0,0,0,0,0,0,0,0,0,0,0,0,0,0,0,0,0,0,0,0,0,0,0,0,0,0
GO+Peja,"C. Edwards, J. Johnson, M. Armstead, M. Mala, T. Green",Vëllaznimi,"A. Koshi, J. Hellems, L. Colimerio, R. Dahsyla, Z. Reid",1,42,0.7,1.0,0,0,0,0,0,0,0,0,0,0,0,0,0,0,0,0,1,0,0,0,0,0,0,0,0,0,0,0,0,0,0,0,0,0,1,1,1.0,1.0,0,0,0,0,0,0,0,0,0,0,0,0,0,0,0,0,0,0,0,0,0,0,0,0,0,0,0,0,0,0,0,0,0,0,0,0,0,0,0
Bashkimi,"D. Lake, I. Cousins, K. Anderson, L. Zeqiri, M. Ismaili",Vëllaznimi,"A. Koshi, J. Hellems, L. Colimerio, R. Dahsyla, Z. Reid",1,30,0.5,1.0,0,0,0,0,0,0,0,0,0,0,0,0,0,0,0,0,1,0,0,0,1,0,0,1,0,0,0,0,1,0,1,0,0,0,1,0,1.0,0.9,0,0,0,0,0,0,0,0,0,0,0,0,0,0,0,0,0,0,0,0,0,0,0,0,0,0,0,0,0,0,0,0,0,0,0,0,0,0,0
GO+Peja,"D. Berisha, J. Johnson, M. Mala, S. Flatten, T. Green",Trepça,"A. Arslanagic, C. Brown, D. Hajrizi, J. Payne, M. Tmusic",1,35,0.6,1.0,2,1,1,100,0,0,0,0,0,0,0,1,1,0,0,0,0,0,0,0,1,0,0,1,0,0,0,0,0,0,0,0,0,0,0,1,1.0,1.0,200,0,200,0,200,-200,2,0,0,0,0,0,0,0,0,0,0,0,0,0,0,0,0,0,0,0,0,0,0,0,0,0,0,0,0,0,0,0,0
GO+Peja,"C. Edwards, D. Berisha, J. Johnson, M. Mala, T. Green",Trepça,"A. Arslanagic, B. Tuna, C. Brown, D. Hajrizi, J. Payne",1,49,0.8,1.0,0,0,1,0,0,1,0,0,0,0,0,0,0,0,0,0,0,1,2,1,1,100,0,0,0,0,0,0,0,1,1,0,0,0,0,1,1.0,1.0,0,200,-200,200,0,200,-2,0,0,0,0,0,0,0,0,0,0,0,0,0,0,0,0,0,0,0,0,0,0,0,0,0,0,0,0,0,0,0,0
Rahoveci 029,"A. Berisha, A. Patty, B. Rexha, I. Umipig, K. Pullian",Bora,"A. Hot, A. Hunter, A. Mekic, C. Payton Jr, R. Ukaj",1,37,0.6,1.0,0,0,1,0,0,0,0,0,0,0,0,0,0,0,0,0,0,1,3,1,2,50,1,2,50,0,0,0,1,1,2,1,0,1,0,0,1.0,0.9,0,322.6,-322.6,322.6,0,322.6,-3,0,0,0,0,0,0,0,0,0,0,0,0,0,0,0,0,0,0,0,0,0,0,0,0,0,0,0,0,0,0,0,0
Rahoveci 029,"F. Rugova, H. Durguti, I. Umipig, J. Roche, K. Pullian",Bora,"A. Hot, A. Hunter, R. Ukaj, S. Jules, T. Cheese",1,15,0.2,1.0,0,0,1,0,0,1,0,0,0,0,0,0,0,0,0,0,0,0,0,0,1,0,0,1,0,0,0,0,0,1,1,0,0,0,0,0,1.0,1.0,0,0,0,0,0,0,0,0,0,0,0,0,0,0,0,0,0,0,0,0,0,0,0,0,0,0,0,0,0,0,0,0,0,0,0,0,0,0,0
Rahoveci 029,"H. Durguti, I. Umipig, J. Roche, K. Pullian, K. Ujkani",Bora,"A. Hot, A. Hunter, A. Mekic, C. Payton Jr, J. Zeqiri",1,50,0.8,1.0,0,0,0,0,0,0,0,0,0,0,0,1,1,0,0,0,1,0,0,0,1,0,0,1,0,0,0,0,0,0,0,0,1,0,0,0,1.0,1.0,0,0,0,0,0,0,0,0,0,0,0,0,0,0,0,0,0,0,0,0,0,0,0,0,0,0,0,0,0,0,0,0,0,0,0,0,0,0,0
Rahoveci 029,"A. Patty, B. Rexha, E. Peci, F. Rugova, K. Pullian",Bashkimi,"K. Anderson, L. Zeqiri, M. Janjeva, T. Bickerstaff, V. Bunjaku",1,17,0.3,1.0,0,0,0,0,0,0,0,0,0,0,0,0,0,0,0,0,1,1,0,0,0,0,0,0,0,0,0,0,0,0,0,0,1,0,1,0,1.0,1.0,0,0,0,0,0,0,0,0,0,0,0,0,0,0,0,0,0,0,0,0,0,0,0,0,0,0,0,0,0,0,0,0,0,0,0,0,0,0,0
Rahoveci 029,"B. Rexha, F. Rugova, H. Durguti, J. Roche, K. Pullian",Bashkimi,"J. Baily, K. Anderson, M. Janjeva, T. Bickerstaff, V. Bunjaku",1,64,1.1,1.0,0,0,0,0,0,0,0,0,0,0,0,1,1,0,0,0,1,1,0,0,2,0,0,1,0,0,0,0,1,0,1,0,0,0,0,1,1.0,0.9,0,0,0,0,0,0,0,0,0,0,0,0,0,0,0,0,0,0,0,0,0,0,0,0,0,0,0,0,0,0,0,0,0,0,0,0,0,0,0
Bora,"A. Hot, A. Hunter, C. Payton, J. Zeqiri, R. Ukaj",Sigal Prishtina,"A. Azemi, D. Burns, D. Haxhosaj, K. Kramer, T. Vissarious",1,49,0.8,1.0,0,0,2,0,0,1,0,0,0,0,1,0,1,0,0,0,0,0,2,1,1,100,0,0,0,0,0,0,0,1,1,0,0,1,0,0,0.9,1.0,0,200,-200,200,0,200,-2,0,0,0,0,0,0,0,0,0,0,0,0,0,0,0,0,0,0,0,0,0,0,0,0,0,0,0,0,0,0,0,0
Bora,"A. Hot, A. Hunter, A. Mekic, J. Zeqiri, S. Jules",Sigal Prishtina,"A. Azemi, A. Bailey, B. Istrefi, D. Burns, D. Polloshka",1,39,0.7,1.0,0,0,0,0,0,0,0,0,0,0,0,0,0,0,0,0,1,1,2,1,1,100,0,0,0,0,0,0,0,0,0,1,1,0,0,0,1.0,1.0,0,200,-200,200,0,200,-2,0,0,0,0,0,0,0,0,0,0,0,0,0,0,0,0,0,0,0,0,0,0,0,0,0,0,0,0,0,0,0,0
Bora,"A. Hot, A. Mekic, C. Payton, G. Zeqiri, S. Jules",Sigal Prishtina,"A. Azemi, A. Bailey, B. Istrefi, D. Burns, K. Kramer",1,37,0.6,1.0,0,0,2,0,0,1,0,0,0,0,1,1,2,0,0,0,0,1,0,0,1,0,0,1,0,0,0,0,0,1,1,0,0,1,0,0,0.9,1.0,0,0,0,0,0,0,0,0,0,0,0,0,0,0,0,0,0,0,0,0,0,0,0,0,0,0,0,0,0,0,0,0,0,0,0,0,0,0,0
Bora,"A. Hot, A. Hunter, A. Mekic, J. Zeqiri, S. Jules",Sigal Prishtina,"A. Azemi, A. Bailey, B. Istrefi, D. Burns, D. Haxhosaj",1,37,0.6,1.0,0,0,2,0,0,0,0,0,0,0,1,0,1,0,0,0,0,0,3,1,1,100,1,1,100,0,0,0,0,1,1,1,0,1,0,0,0.9,1.0,0,300,-300,300,0,300,-3,0,0,0,0,0,0,0,0,0,0,0,0,0,0,0,0,0,0,0,0,0,0,0,0,0,0,0,0,0,0,0,0
Bora,"A. Hot, A. Mekic, R. Ukaj, S. Jules, T. Cheese",Sigal Prishtina,"A. Azemi, A. Bailey, D. Burns, D. Haxhosaj, K. Kramer",1,15,0.2,1.0,0,0,1,0,0,0,0,0,0,0,0,0,0,0,0,0,0,0,2,1,1,100,0,0,0,0,0,0,0,1,1,0,0,0,0,0,1.0,1.0,0,200,-200,200,0,200,-2,0,0,0,0,0,0,0,0,0,0,0,0,0,0,0,0,0,0,0,0,0,0,0,0,0,0,0,0,0,0,0,0
Bora,"A. Hot, A. Hunter, A. Mekic, R. Ukaj, T. Cheese",Sigal Prishtina,"A. Azemi, A. Bailey, D. Burns, D. Haxhosaj, K. Kramer",1,25,0.4,1.0,3,1,1,100,1,1,100,0,0,0,0,1,1,1,0,0,0,0,0,0,1,0,0,1,0,0,0,0,0,0,0,0,0,0,0,0,1.0,1.0,300,0,300,0,300,-300,3,0,0,0,0,0,0,0,0,0,0,0,0,0,0,0,0,0,0,0,0,0,0,0,0,0,0,0,0,0,0,0,0
Bora,"A. Mekic, C. Payton, G. Zeqiri, J. Zeqiri, T. Cheese",Sigal Prishtina,"A. Azemi, A. Bailey, D. Burns, D. Haxhosaj, K. Kramer",1,40,0.7,1.0,0,0,0,0,0,0,0,0,0,0,0,1,1,0,0,0,1,1,0,0,1,0,0,0,0,0,0,0,0,0,0,0,0,0,0,0,1.0,1.0,0,0,0,0,0,0,0,0,0,0,0,0,0,0,0,0,0,0,0,0,0,0,0,0,0,0,0,0,0,0,0,0,0,0,0,0,0,0,0
Bora,"A. Hot, A. Hunter, A. Mekic, R. Ukaj, S. Jules",Sigal Prishtina,"A. Azemi, A. Bailey, D. Burns, D. Polloshka, K. Kramer",1,37,0.6,1.0,0,0,1,0,0,1,0,0,0,0,0,1,1,0,0,0,0,0,0,0,1,0,0,1,0,0,0,0,0,1,1,0,0,0,0,0,1.0,1.0,0,0,0,0,0,0,0,0,0,0,0,0,0,0,0,0,0,0,0,0,0,0,0,0,0,0,0,0,0,0,0,0,0,0,0,0,0,0,0
Golden Eagle Ylli,"E. Kastrati, G. Morina, J. Reece, L. Thomas, T. Allen",GO+Peja,"D. Berisha, J. Johnson, M. Mala, S. Flatten, T. Green",1,24,0.4,1.0,2,1,1,100,0,0,0,0,0,0,0,1,1,1,0,0,0,0,0,0,1,0,0,1,0,0,0,0,0,0,0,0,0,0,0,0,1.0,1.0,200,0,200,0,200,-200,2,0,0,0,0,0,0,0,0,0,0,0,0,0,0,0,0,0,0,0,0,0,0,0,0,0,0,0,0,0,0,0,0
Golden Eagle Ylli,"A. Scott, A. Çallakaj, G. Morina, J. Reece, L. Thomas",GO+Peja,"A. Hajdari, A. Herndon, C. Edwards, J. Johnson, S. Nila",1,53,0.9,1.0,0,0,1,0,0,1,0,0,0,0,1,0,1,0,0,0,1,0,0,0,0,0,0,0,0,0,0,0,0,0,0,0,0,0,1,2,0.9,1.0,0,0,0,0,0,0,0,0,0,0,0,0,0,0,0,0,0,0,0,0,0,0,0,0,0,0,0,0,0,0,0,0,0,0,0,0,0,0,0
Golden Eagle Ylli,"A. Çallakaj, E. Kastrati, L. Shoshi, L. Thomas, T. Allen",GO+Peja,"C. Edwards, D. Berisha, J. Johnson, M. Mala, S. Flatten",1,36,0.6,1.0,3,1,1,100,1,1,100,0,0,0,0,0,0,0,0,0,0,0,2,1,1,100,0,0,0,0,0,0,0,0,0,0,0,0,0,2,1.0,1.0,300,200,100,200,300,-100,1,0,0,0,0,0,0,0,0,0,0,0,0,0,0,0,0,0,0,0,0,0,0,0,0,0,0,0,0,0,0,0,0
Golden Eagle Ylli,"A. Gashi, A. Scott, A. Çallakaj, E. Kastrati, T. Allen",GO+Peja,"A. Hajdari, J. Johnson, M. Mala, S. Flatten, T. Green",1,28,0.5,1.0,0,0,1,0,0,0,0,0,0,0,0,1,1,0,0,0,0,0,0,0,1,0,0,1,0,0,0,0,0,1,1,0,0,0,0,1,1.0,1.0,0,0,0,0,0,0,0,0,0,0,0,0,0,0,0,0,0,0,0,0,0,0,0,0,0,0,0,0,0,0,0,0,0,0,0,0,0,0,0
Trepça,"A. Arslanagic, D. Hajrizi, D. Kapiti, J. Payne, M. Tmusic",Vëllaznimi,"A. Koshi, J. Hellems, J. Ismajli, L. Colimerio, Z. Reid",1,7,0.1,1.0,2,1,1,100,0,0,0,0,0,0,0,0,0,1,0,0,0,0,0,0,1,0,0,1,0,0,0,0,0,0,0,0,0,0,0,0,1.0,1.0,200,0,200,0,200,-200,2,0,0,0,0,0,0,0,0,0,0,0,0,0,0,0,0,0,0,0,0,0,0,0,0,0,0,0,0,0,0,0,0
Vëllaznimi,"J. Hellems, R. Dahsyla, S. Zekiqi, T. Todd, Z. Reid",Golden Eagle Ylli,"A. Gashi, A. Çallakaj, E. Kastrati, G. Morina, L. Shoshi",1,26,0.4,1.0,0,0,1,0,0,1,0,0,0,0,0,0,0,0,0,0,0,0,2,1,1,100,0,0,0,0,0,0,0,1,1,1,0,0,0,0,1.0,1.0,0,200,-200,200,0,200,-2,0,0,0,0,0,0,0,0,0,0,0,0,0,0,0,0,0,0,0,0,0,0,0,0,0,0,0,0,0,0,0,0
Vëllaznimi,"A. Koshi, J. Hellems, L. Colimerio, R. Dahsyla, Z. Reid",Golden Eagle Ylli,"A. Scott, A. Çallakaj, E. Kastrati, G. Morina, J. Reece",1,51,0.8,1.0,0,0,1,0,0,1,0,0,0,0,0,0,0,0,0,0,0,0,3,1,1,100,1,1,100,0,0,0,0,1,1,0,0,0,0,1,1.0,1.0,0,300,-300,300,0,300,-3,0,0,0,0,0,0,0,0,0,0,0,0,0,0,0,0,0,0,0,0,0,0,0,0,0,0,0,0,0,0,0,0
GO+Peja,"C. Edwards, D. Berisha, J. Johnson, M. Mala, S. Flatten",Bora,"A. Hunter, C. Payton Jr, G. Zeqiri, J. Zeqiri, T. Cheese",1,43,0.7,1.0,0,0,1,0,0,0,0,0,0,0,0,0,0,0,0,0,0,1,3,1,1,100,1,1,100,0,0,0,0,1,1,1,0,0,0,0,1.0,1.0,0,300,-300,300,0,300,-3,0,0,0,0,0,0,0,0,0,0,0,0,0,0,0,0,0,0,0,0,0,0,0,0,0,0,0,0,0,0,0,0
GO+Peja,"A. Hhajdari, C. Edwards, M. Mala, S. Flatten, T. Green",Bora,"A. Hot, A. Hunter, A. Mekic, J. Zeqiri, S. Jules",1,32,0.5,1.0,0,0,2,0,0,0,0,0,0,0,1,0,1,0,0,0,0,0,2,1,1,100,0,0,0,0,0,0,0,1,1,1,0,0,0,0,0.9,1.0,0,200,-200,200,0,200,-2,0,0,0,0,0,0,0,0,0,0,0,0,0,0,0,0,0,0,0,0,0,0,0,0,0,0,0,0,0,0,0,0
GO+Peja,"A. Hhajdari, C. Edwards, M. Mala, S. Flatten, T. Green",Bora,"A. Hot, A. Mekic, G. Zeqiri, J. Zeqiri, S. Jules",1,50,0.8,1.0,2,1,1,100,0,0,0,0,0,0,0,1,1,1,0,0,0,0,0,0,1,0,0,0,0,0,0,0,0,0,0,0,0,0,0,1,1.0,1.0,200,0,200,0,200,-200,2,0,0,0,0,0,0,0,0,0,0,0,0,0,0,0,0,0,0,0,0,0,0,0,0,0,0,0,0,0,0,0,0
GO+Peja,"A. Herndon, A. Hhajdari, J. Johnson, M. Mala, S. Flatten",Bora,"A. Hot, A. Mekic, J. Zeqiri, S. Jules, T. Cheese",1,20,0.3,1.0,3,1,1,100,1,1,100,0,0,0,0,1,1,1,0,0,0,0,0,0,1,0,0,0,0,0,0,0,0,0,0,0,0,0,0,0,1.0,1.0,300,0,300,0,300,-300,3,0,0,0,0,0,0,0,0,0,0,0,0,0,0,0,0,0,0,0,0,0,0,0,0,0,0,0,0,0,0,0,0
GO+Peja,"C. Edwards, D. Berisha, J. Johnson, M. Mala, S. Flatten",Bora,"A. Hunter, A. Mekic, G. Zeqiri, J. Zeqiri, S. Jules",1,39,0.7,1.0,0,0,1,0,0,0,0,0,0,0,0,1,1,0,0,0,0,0,0,0,1,0,0,0,0,0,0,0,0,1,1,0,0,0,0,1,1.0,1.0,0,0,0,0,0,0,0,0,0,0,0,0,0,0,0,0,0,0,0,0,0,0,0,0,0,0,0,0,0,0,0,0,0,0,0,0,0,0,0
Sigal Prishtina,"A. Azemi, A. Bailey, D. Burns, D. Polloshka, K. Kramer",Bashkimi,"D. Lake, I. Nwamu, K. Anderson, L. Zeqiri, M. Janjeva",1,46,0.8,1.0,2,1,1,100,0,0,0,0,0,0,0,1,1,1,0,0,0,1,0,0,1,0,0,0,0,0,0,0,0,0,0,0,0,0,0,0,1.0,1.0,200,0,200,0,200,-200,2,0,0,0,0,0,0,0,0,0,0,0,0,0,0,0,0,0,0,0,0,0,0,0,0,0,0,0,0,0,0,0,0
Sigal Prishtina,"A. Bailey, D. Burns, D. Haxhosaj, D. Polloshka, K. Kramer",Bashkimi,"I. Cousins, I. Nwamu, M. Ismaili, M. Janjeva, T. Bickerstaff",1,50,0.8,1.0,2,1,2,50,0,1,0,0,0,0,1,0,1,0,0,0,0,1,2,1,1,100,0,0,0,0,0,0,0,0,0,1,0,0,0,0,0.9,1.0,215.1,200,15.1,200,215.1,-15.1,0,0,0,0,0,0,0,0,0,0,0,0,0,0,0,0,0,0,0,0,0,0,0,0,0,0,0,0,0,0,0,0,0
Rahoveci 029,"A. Patty, B. Rexha, F. Rugova, I. Umipig, K. Pullian",GO+Peja,"A. Herndon, C. Edwards, D. Berisha, M. Mala, S. Flatten",1,33,0.6,1.0,3,1,2,50,1,2,50,0,0,0,1,0,1,1,1,0,0,0,0,0,0,0,0,0,0,0,0,0,0,0,0,0,0,0,1,1,0.9,1.0,322.6,0,322.6,0,322.6,-322.6,3,0,0,0,0,0,0,0,0,0,0,0,0,0,0,0,0,0,0,0,0,0,0,0,0,0,0,0,0,0,0,0,0
Bora,"A. Hot, C. Payton, R. Memedi, S. Jules, T. Cheese",Vëllaznimi,"A. Koshi, J. Hellems, L. Colimerio, R. Dahsyla, T. Todd",1,45,0.8,1.0,0,0,1,0,0,1,0,0,0,0,0,1,1,0,0,0,0,1,0,0,2,0,0,1,0,0,0,0,1,1,2,0,0,0,0,0,1.0,0.9,0,0,0,0,0,0,0,0,0,0,0,0,0,0,0,0,0,0,0,0,0,0,0,0,0,0,0,0,0,0,0,0,0,0,0,0,0,0,0
Bora,"A. Hunter, C. Payton, G. Zeqiri, R. Memedi, T. Cheese",Vëllaznimi,"A. Koshi, L. Colimerio, R. Dahsyla, T. Todd, Z. Reid",1,17,0.3,1.0,2,1,1,100,0,0,0,0,0,0,0,0,0,0,0,0,0,0,0,0,1,0,0,1,0,0,0,0,0,0,0,0,0,0,0,0,1.0,1.0,200,0,200,0,200,-200,2,0,0,0,0,0,0,0,0,0,0,0,0,0,0,0,0,0,0,0,0,0,0,0,0,0,0,0,0,0,0,0,0
Bora,"A. Hunter, A. Mekic, J. Zeqiri, R. Memedi, T. Cheese",Vëllaznimi,"A. Koshi, J. Hellems, L. Colimerio, R. Dahsyla, T. Todd",1,37,0.6,1.0,2,1,1,100,0,0,0,0,0,0,0,0,0,1,0,0,0,0,2,1,1,100,0,0,0,0,0,0,0,0,0,0,0,0,0,1,1.0,1.0,200,200,0,200,200,0,0,0,0,0,0,0,0,0,0,0,0,0,0,0,0,0,0,0,0,0,0,0,0,0,0,0,0,0,0,0,0,0,0
Bora,"A. Hot, A. Mekic, J. Zeqiri, R. Memedi, T. Cheese",Vëllaznimi,"J. Hellems, J. Ismajli, L. Colimerio, R. Dahsyla, Z. Reid",1,32,0.5,1.0,2,1,1,100,0,0,0,0,0,0,0,0,0,0,1,0,0,0,0,0,0,0,0,0,0,0,0,0,0,0,0,0,0,0,1,0,1.0,1.0,200,0,200,0,200,-200,2,0,0,0,0,0,0,0,0,0,0,0,0,0,0,0,0,0,0,0,0,0,0,0,0,0,0,0,0,0,0,0,0
Bora,"A. Hot, A. Mekic, J. Zeqiri, R. Memedi, T. Cheese",Vëllaznimi,"J. Hellems, R. Dahsyla, S. Zekiqi, T. Todd, Z. Reid",1,59,1.0,1.0,3,1,1,100,1,1,100,0,0,0,0,1,1,0,0,0,0,2,0,0,2,0,0,1,0,0,0,0,1,0,1,0,0,0,0,0,1.0,0.9,300,0,300,0,300,-300,3,0,0,0,0,0,0,0,0,0,0,0,0,0,0,0,0,0,0,0,0,0,0,0,0,0,0,0,0,0,0,0,0
Bora,"A. Hot, A. Hunter, A. Mekic, J. Zeqiri, T. Cheese",Vëllaznimi,"J. Hellems, R. Dahsyla, S. Zekiqi, T. Todd, Z. Reid",1,34,0.6,1.0,2,1,1,100,0,0,0,0,0,0,0,0,0,0,0,0,0,1,2,1,1,100,0,0,0,0,0,0,0,0,0,0,0,0,0,0,1.0,1.0,200,200,0,200,200,0,0,0,0,0,0,0,0,0,0,0,0,0,0,0,0,0,0,0,0,0,0,0,0,0,0,0,0,0,0,0,0,0,0
Golden Eagle Ylli,"A. Scott, E. Kastrati, G. Morina, J. Reece, L. Shoshi",Trepça,"D. Hajrizi, J. Payne, K. Hasbrouck, S. Henry, S. Jones",1,41,0.7,1.0,2,1,1,100,0,0,0,0,0,0,0,1,1,0,0,0,0,1,0,0,1,0,0,1,0,0,0,0,0,0,0,0,0,0,0,0,1.0,1.0,200,0,200,0,200,-200,2,0,0,0,0,0,0,0,0,0,0,0,0,0,0,0,0,0,0,0,0,0,0,0,0,0,0,0,0,0,0,0,0
Golden Eagle Ylli,"A. Scott, B. Huffman, E. Kastrati, G. Morina, J. Reece",Trepça,"A. Arslanagic, D. Hajrizi, M. Tmusic, S. Henry, S. Jones",1,48,0.8,1.0,0,0,1,0,0,1,0,0,0,0,0,1,1,0,0,0,0,1,0,0,2,0,0,1,0,0,0,0,1,1,2,0,0,0,0,0,1.0,0.9,0,0,0,0,0,0,0,0,0,0,0,0,0,0,0,0,0,0,0,0,0,0,0,0,0,0,0,0,0,0,0,0,0,0,0,0,0,0,0
Golden Eagle Ylli,"A. Scott, A. Çallakaj, E. Kastrati, G. Morina, J. Reece",Trepça,"J. Payne, K. Hasbrouck, M. Amzil, M. Tmusic, S. Jones",1,18,0.3,1.0,0,0,1,0,0,1,0,0,0,0,0,0,0,0,0,0,0,0,2,1,1,100,0,0,0,0,0,0,0,0,0,0,0,0,0,0,1.0,1.0,0,200,-200,200,0,200,-2,0,0,0,0,0,0,0,0,0,0,0,0,0,0,0,0,0,0,0,0,0,0,0,0,0,0,0,0,0,0,0,0
Golden Eagle Ylli,"A. Scott, A. Çallakaj, E. Kastrati, G. Morina, L. Shoshi",Trepça,"D. Hajrizi, D. Kapiti, J. Payne, K. Hasbrouck, S. Henry",1,44,0.7,1.0,0,0,1,0,0,1,0,0,0,0,0,1,1,0,0,1,0,2,0,0,1,0,0,0,0,0,0,0,0,1,1,0,0,0,0,0,1.0,1.0,0,0,0,0,0,0,0,0,0,0,0,0,0,0,0,0,0,0,0,0,0,0,0,0,0,0,0,0,0,0,0,0,0,0,0,0,0,0,0
Bashkimi,"D. Lake, I. Cousins, I. Nwamu, L. Zeqiri, M. Ismaili",Golden Eagle Ylli,"A. Shala, B. Huffman, E. Kastrati, G. Morina, T. Allen",1,56,0.9,1.0,3,1,1,100,1,1,100,0,0,0,0,0,0,1,0,0,0,0,2,1,1,100,0,0,0,0,0,0,0,0,0,1,0,0,0,1,1.0,1.0,300,200,100,200,300,-100,1,0,0,0,0,0,0,0,0,0,0,0,0,0,0,0,0,0,0,0,0,0,0,0,0,0,0,0,0,0,0,0,0
Bashkimi,"I. Cousins, I. Nwamu, L. Zeqiri, M. Janjeva, T. Bickerstaff",Golden Eagle Ylli,"A. Gashi, A. Scott, E. Kastrati, G. Morina, L. Shoshi",1,19,0.3,1.0,0,0,1,0,0,1,0,0,0,0,0,1,1,0,0,0,0,0,0,0,1,0,0,1,0,0,0,0,0,0,0,0,0,0,0,0,1.0,1.0,0,0,0,0,0,0,0,0,0,0,0,0,0,0,0,0,0,0,0,0,0,0,0,0,0,0,0,0,0,0,0,0,0,0,0,0,0,0,0
Bashkimi,"D. Lake, I. Cousins, K. Anderson, L. Zeqiri, M. Janjeva",Golden Eagle Ylli,"A. Scott, B. Huffman, E. Kastrati, L. Shoshi, T. Allen",1,42,0.7,1.0,0,0,1,0,0,1,0,0,0,0,0,1,1,0,0,0,0,0,0,0,1,0,0,0,0,0,0,0,0,1,1,0,0,0,0,1,1.0,1.0,0,0,0,0,0,0,0,0,0,0,0,0,0,0,0,0,0,0,0,0,0,0,0,0,0,0,0,0,0,0,0,0,0,0,0,0,0,0,0
Trepça,"D. Kapiti, J. Payne, K. Hasbrouck, M. Amzil, M. Tmusic",Bora,"A. Hot, A. Mekic, R. Memedi, S. Jules, T. Cheese",1,46,0.8,1.0,0,0,0,0,0,0,0,0,0,0,0,1,1,0,0,0,1,1,0,0,1,0,0,0,0,0,0,0,0,0,0,0,1,0,0,0,1.0,1.0,0,0,0,0,0,0,0,0,0,0,0,0,0,0,0,0,0,0,0,0,0,0,0,0,0,0,0,0,0,0,0,0,0,0,0,0,0,0,0
Trepça,"D. Hajrizi, J. Payne, M. Tmusic, S. Henry, S. Jones",Bora,"A. Hot, A. Hunter, R. Memedi, S. Jules, T. Cheese",1,47,0.8,1.0,2,1,2,50,0,0,0,0,0,0,1,0,1,0,0,0,0,1,0,0,0,0,0,0,0,0,0,0,0,0,0,0,0,0,1,0,0.9,1.0,215.1,0,215.1,0,215.1,-215.1,2,0,0,0,0,0,0,0,0,0,0,0,0,0,0,0,0,0,0,0,0,0,0,0,0,0,0,0,0,0,0,0,0
Trepça,"J. Payne, M. Amzil, M. Tmusic, S. Henry, S. Jones",Bora,"A. Hunter, J. Zeqiri, R. Memedi, S. Jules, T. Cheese",1,37,0.6,1.0,2,1,1,100,0,0,0,0,0,0,0,0,0,0,0,0,0,0,0,0,0,0,0,0,0,0,0,0,0,0,0,0,0,0,1,0,1.0,1.0,200,0,200,0,200,-200,2,0,0,0,0,0,0,0,0,0,0,0,0,0,0,0,0,0,0,0,0,0,0,0,0,0,0,0,0,0,0,0,0
Vëllaznimi,"A. Koshi, L. Colimerio, R. Dahsyla, S. Zekiqi, T. Todd",Rahoveci 029,"A. Patty, F. Rugova, H. Durguti, J. Roche, K. Pullian",1,31,0.5,1.0,2,1,1,100,0,0,0,0,0,0,0,1,1,1,0,0,0,0,0,0,1,0,0,0,0,0,0,0,0,0,0,0,0,0,0,1,1.0,1.0,200,0,200,0,200,-200,2,0,0,0,0,0,0,0,0,0,0,0,0,0,0,0,0,0,0,0,0,0,0,0,0,0,0,0,0,0,0,0,0
Vëllaznimi,"A. Gordon, A. Koshi, J. Hellems, L. Colimerio, R. Dahsyla",Rahoveci 029,"A. Berisha, E. Peci, F. Rugova, J. Roche, K. Pullian",1,39,0.7,1.0,0,0,1,0,0,1,0,0,0,0,0,1,1,0,0,0,0,0,0,0,1,0,0,1,0,0,0,0,0,1,1,0,0,0,0,1,1.0,1.0,0,0,0,0,0,0,0,0,0,0,0,0,0,0,0,0,0,0,0,0,0,0,0,0,0,0,0,0,0,0,0,0,0,0,0,0,0,0,0
GO+Peja,"C. Edwards, D. Berisha, D. Morris, M. Mala, S. Flatten",Sigal Prishtina,"A. Azemi, A. Bailey, A. Morina, D. Burns, D. Haxhosaj",1,52,0.9,1.0,0,0,1,0,0,0,0,0,0,0,0,0,0,0,0,0,0,1,2,1,1,100,0,0,0,0,0,0,0,1,1,1,0,0,0,0,1.0,1.0,0,200,-200,200,0,200,-2,0,0,0,0,0,0,0,0,0,0,0,0,0,0,0,0,0,0,0,0,0,0,0,0,0,0,0,0,0,0,0,0
GO+Peja,"A. Herndon, J. Johnson, M. Mala, S. Flatten, S. Llapi",Sigal Prishtina,"A. Bailey, A. Morina, D. Burns, D. Haxhosaj, T. Vissariou",1,37,0.6,1.0,0,0,1,0,0,1,0,0,0,0,0,0,0,0,0,0,0,0,0,0,0,0,0,0,0,0,0,0,0,1,1,0,0,0,1,0,1.0,1.0,0,0,0,0,0,0,0,0,0,0,0,0,0,0,0,0,0,0,0,0,0,0,0,0,0,0,0,0,0,0,0,0,0,0,0,0,0,0,0
GO+Peja,"A. Hajdari, C. Edwards, D. Morris, M. Mala, S. Flatten",Sigal Prishtina,"A. Bailey, A. Morina, D. Burns, D. Haxhosaj, K. Kramer",1,24,0.4,1.0,2,1,1,100,0,0,0,0,0,0,0,0,0,1,0,0,0,0,2,1,1,100,0,0,0,0,0,0,0,0,0,1,0,0,0,0,1.0,1.0,200,200,0,200,200,0,0,0,0,0,0,0,0,0,0,0,0,0,0,0,0,0,0,0,0,0,0,0,0,0,0,0,0,0,0,0,0,0,0
GO+Peja,"A. Herndon, D. Berisha, J. Johnson, S. Flatten, S. Llapi",Bashkimi,"I. Nwamu, K. Anderson, L. Zeqiri, M. Janjeva, T. Bickerstaff",1,20,0.3,1.0,2,1,2,50,0,1,0,0,0,0,1,0,1,0,1,0,0,0,0,0,0,0,0,0,0,0,0,0,0,0,0,0,0,0,1,1,0.9,1.0,215.1,0,215.1,0,215.1,-215.1,2,0,0,0,0,0,0,0,0,0,0,0,0,0,0,0,0,0,0,0,0,0,0,0,0,0,0,0,0,0,0,0,0
GO+Peja,"C. Edwards, D. Berisha, M. Mala, S. Flatten, T. Green",Bashkimi,"I. Cousins, I. Nwamu, K. Anderson, M. Ismaili, T. Bickerstaff",1,19,0.3,1.0,0,0,1,0,0,1,0,0,0,0,0,0,0,0,0,0,0,0,0,0,0,0,0,0,0,0,0,0,0,1,1,0,0,0,1,0,1.0,1.0,0,0,0,0,0,0,0,0,0,0,0,0,0,0,0,0,0,0,0,0,0,0,0,0,0,0,0,0,0,0,0,0,0,0,0,0,0,0,0
GO+Peja,"A. Hajdari, C. Edwards, J. Johnson, M. Mala, T. Green",Bashkimi,"D. Lake, I. Cousins, K. Anderson, L. Zeqiri, M. Ismaili",1,32,0.5,1.0,0,0,1,0,0,1,0,0,0,0,0,1,1,0,0,0,0,2,0,0,1,0,0,0,0,0,0,0,0,1,1,0,0,0,0,0,1.0,1.0,0,0,0,0,0,0,0,0,0,0,0,0,0,0,0,0,0,0,0,0,0,0,0,0,0,0,0,0,0,0,0,0,0,0,0,0,0,0,0
GO+Peja,"A. Herndon, C. Edwards, D. Berisha, M. Mala, S. Flatten",Bashkimi,"B. Bytyqi, I. Cousins, I. Nwamu, T. Bickerstaff, V. Gjecaj",1,6,0.1,1.0,1,0,0,0,0,0,0,1,2,50,1,0,1,1,0,0,1,0,0,0,0,0,0,0,0,0,0,0,0,0,0,0,0,0,0,0,1.9,0.1,53.2,0,53.2,0,53.2,-53.2,1,0,0,0,0,0,0,0,0,0,0,0,0,0,0,0,0,0,0,0,0,0,0,0,0,0,0,0,0,0,0,0,0
Sigal Prishtina,"A. Azemi, A. Bailey, A. Morina, D. Burns, D. Haxhosaj",Vëllaznimi,"A. Gordon, A. Koshi, J. Hellems, R. Dahsyla, T. Todd",1,39,0.7,1.0,0,0,1,0,0,1,0,0,0,0,0,0,0,0,0,0,0,0,2,1,1,100,0,0,0,0,0,0,0,1,1,1,0,0,0,0,1.0,1.0,0,200,-200,200,0,200,-2,0,0,0,0,0,0,0,0,0,0,0,0,0,0,0,0,0,0,0,0,0,0,0,0,0,0,0,0,0,0,0,0
Rahoveci 029,"A. Berisha, J. Johnson, J. Roche, K. Pullian, V. Ejupi",Trepça,"D. Hajrizi, D. Kapiti, J. Payne, K. Hasbrouck, S. Henry",1,23,0.4,1.0,0,0,1,0,0,0,0,0,0,0,0,0,0,0,0,0,0,0,2,1,1,100,0,0,0,0,0,0,0,1,1,1,0,0,0,1,1.0,1.0,0,200,-200,200,0,200,-2,0,0,0,0,0,0,0,0,0,0,0,0,0,0,0,0,0,0,0,0,0,0,0,0,0,0,0,0,0,0,0,0
Rahoveci 029,"A. Berisha, J. Johnson, J. Roche, K. Pullian, V. Ejupi",Trepça,"A. Arslanagic, D. Hajrizi, D. Kapiti, K. Hasbrouck, S. Henry",1,39,0.7,1.0,2,1,2,50,0,1,0,0,0,0,1,1,2,1,0,0,0,0,0,0,1,0,0,1,0,0,0,0,0,0,0,0,0,0,0,1,0.9,1.0,215.1,0,215.1,0,215.1,-215.1,2,0,0,0,0,0,0,0,0,0,0,0,0,0,0,0,0,0,0,0,0,0,0,0,0,0,0,0,0,0,0,0,0
Rahoveci 029,"A. Berisha, E. Peci, J. Johnson, J. Roche, V. Ejupi",Trepça,"D. Kapiti, J. Payne, K. Hasbrouck, M. Amzil, M. Tmusic",1,23,0.4,1.0,0,0,1,0,0,0,0,0,0,0,0,0,0,0,1,0,0,0,0,0,0,0,0,0,0,0,0,0,0,1,1,0,0,0,1,1,1.0,1.0,0,0,0,0,0,0,0,0,0,0,0,0,0,0,0,0,0,0,0,0,0,0,0,0,0,0,0,0,0,0,0,0,0,0,0,0,0,0,0
Bora,"A. Hot, A. Mekic, R. Memedi, S. Jules, T. Cheese",Golden Eagle Ylli,"A. Scott, E. Kastrati, G. Morina, J. Reece, T. Allen",1,51,0.8,1.0,0,0,1,0,0,0,0,0,0,0,0,0,0,0,0,0,0,1,0,0,0,0,0,0,0,0,0,0,0,1,1,0,0,0,1,0,1.0,1.0,0,0,0,0,0,0,0,0,0,0,0,0,0,0,0,0,0,0,0,0,0,0,0,0,0,0,0,0,0,0,0,0,0,0,0,0,0,0,0
Bora,"A. Hot, A. Mekic, R. Memedi, S. Jules, T. Cheese",Golden Eagle Ylli,"A. Gashi, A. Scott, B. Huffman, E. Kastrati, J. Reece",1,34,0.6,1.0,0,0,1,0,0,1,0,0,0,0,0,1,1,0,0,0,0,0,0,0,1,0,0,0,0,0,0,0,0,1,1,0,0,0,0,1,1.0,1.0,0,0,0,0,0,0,0,0,0,0,0,0,0,0,0,0,0,0,0,0,0,0,0,0,0,0,0,0,0,0,0,0,0,0,0,0,0,0,0
Bora,"A. Hot, C. Payton, R. Memedi, S. Jules, T. Cheese",Golden Eagle Ylli,"A. Gashi, A. Scott, B. Huffman, E. Kastrati, T. Allen",1,33,0.6,1.0,0,0,1,0,0,1,0,0,0,0,0,0,0,0,0,0,0,0,2,1,1,100,0,0,0,0,0,0,0,1,1,0,0,0,0,0,1.0,1.0,0,200,-200,200,0,200,-2,0,0,0,0,0,0,0,0,0,0,0,0,0,0,0,0,0,0,0,0,0,0,0,0,0,0,0,0,0,0,0,0
Bashkimi,"I. Cousins, M. Janjeva, S. Shorter, T. Bickerstaff, V. Bunajku",Bora,"G. Zeqiri, L. Thomas, R. Memedi, R. Ukaj, T. Cheese",1,30,0.5,1.0,0,0,1,0,0,0,0,0,0,0,0,1,1,0,0,0,0,1,0,0,1,0,0,0,0,0,0,0,0,1,1,0,0,0,0,0,1.0,1.0,0,0,0,0,0,0,0,0,0,0,0,0,0,0,0,0,0,0,0,0,0,0,0,0,0,0,0,0,0,0,0,0,0,0,0,0,0,0,0
Bashkimi,"I. Nwamu, M. Ismaili, M. Janjeva, S. Shorter, T. Bickerstaff",Bora,"A. Hot, R. Memedi, R. Ukaj, S. Jules, T. Cheese",1,36,0.6,1.0,0,0,0,0,0,0,0,0,0,0,0,1,1,0,0,0,1,0,0,0,1,0,0,1,0,0,0,0,0,0,0,0,1,0,0,0,1.0,1.0,0,0,0,0,0,0,0,0,0,0,0,0,0,0,0,0,0,0,0,0,0,0,0,0,0,0,0,0,0,0,0,0,0,0,0,0,0,0,0
Bashkimi,"I. Cousins, I. Nwamu, L. Zeqiri, M. Janjeva, S. Shorter",Bora,"A. Hot, A. Hunter, L. Thomas, R. Memedi, T. Cheese",1,29,0.5,1.0,2,1,1,100,0,0,0,0,0,0,0,0,0,1,1,0,0,0,0,0,1,0,0,1,0,0,0,0,1,0,1,0,0,0,1,0,1.0,0.9,200,0,200,0,200,-200,2,0,0,0,0,0,0,0,0,0,0,0,0,0,0,0,0,0,0,0,0,0,0,0,0,0,0,0,0,0,0,0,0
Bashkimi,"I. Nwamu, L. Zeqiri, M. Janjeva, S. Shorter, V. Bunajku",Bora,"A. Hunter, R. Memedi, R. Ukaj, S. Jules, T. Cheese",1,46,0.8,1.0,2,1,1,100,0,0,0,0,0,0,0,0,0,1,0,0,0,0,2,1,1,100,0,0,0,0,0,0,0,0,0,0,0,0,0,0,1.0,1.0,200,200,0,200,200,0,0,0,0,0,0,0,0,0,0,0,0,0,0,0,0,0,0,0,0,0,0,0,0,0,0,0,0,0,0,0,0,0,0
Bashkimi,"I. Cousins, I. Nwamu, L. Zeqiri, M. Janjeva, S. Shorter",Bora,"A. Hot, A. Hunter, R. Memedi, S. Jules, T. Cheese",1,23,0.4,1.0,0,0,0,0,0,0,0,0,0,0,0,1,1,0,0,0,1,0,0,0,2,0,0,2,0,0,0,0,1,0,1,0,0,0,0,0,1.0,0.9,0,0,0,0,0,0,0,0,0,0,0,0,0,0,0,0,0,0,0,0,0,0,0,0,0,0,0,0,0,0,0,0,0,0,0,0,0,0,0
Bashkimi,"I. Cousins, L. Zeqiri, S. Shorter, T. Bickerstaff, V. Bunajku",Bora,"A. Hot, A. Hunter, R. Memedi, S. Jules, T. Cheese",1,45,0.8,1.0,0,0,1,0,0,1,0,0,0,0,0,1,1,0,0,0,0,1,0,0,1,0,0,1,0,0,0,0,0,1,1,0,0,0,0,0,1.0,1.0,0,0,0,0,0,0,0,0,0,0,0,0,0,0,0,0,0,0,0,0,0,0,0,0,0,0,0,0,0,0,0,0,0,0,0,0,0,0,0
Golden Eagle Ylli,"A. Scott, B. Huffman, G. Morina, S. Bamforth, T. Allen",Rahoveci 029,"F. Rugova, I. Umipig, J. Roche, K. Pullian, V. Ejupi",1,34,0.6,1.0,3,1,1,100,1,1,100,0,0,0,0,0,0,1,0,0,0,1,2,1,1,100,0,0,0,0,0,0,0,0,0,0,0,0,0,0,1.0,1.0,300,200,100,200,300,-100,1,0,0,0,0,0,0,0,0,0,0,0,0,0,0,0,0,0,0,0,0,0,0,0,0,0,0,0,0,0,0,0,0
Golden Eagle Ylli,"D. Hall, E. Kastrati, L. Basic, L. Shoshi, T. Allen",Rahoveci 029,"B. Rexha, F. Rugova, I. Umipig, J. Roche, K. Pullian",1,41,0.7,1.0,2,1,1,100,0,0,0,0,0,0,0,1,1,1,0,0,0,0,0,0,1,0,0,1,0,0,0,0,0,0,0,0,0,0,0,1,1.0,1.0,200,0,200,0,200,-200,2,0,0,0,0,0,0,0,0,0,0,0,0,0,0,0,0,0,0,0,0,0,0,0,0,0,0,0,0,0,0,0,0
Golden Eagle Ylli,"E. Kastrati, G. Morina, L. Basic, L. Shoshi, S. Bamforth",Rahoveci 029,"H. Durguti, I. Umipig, J. Jonson, K. Pullian, K. Ujkani",1,14,0.2,1.0,0,0,1,0,0,0,0,0,0,0,0,0,0,0,0,0,0,0,0,0,1,0,0,1,0,0,0,0,0,1,1,0,0,0,0,0,1.0,1.0,0,0,0,0,0,0,0,0,0,0,0,0,0,0,0,0,0,0,0,0,0,0,0,0,0,0,0,0,0,0,0,0,0,0,0,0,0,0,0
Golden Eagle Ylli,"B. Huffman, D. Hall, G. Morina, L. Basic, S. Bamforth",Rahoveci 029,"B. Rexha, F. Rugova, I. Umipig, J. Jonson, K. Pullian",1,43,0.7,1.0,0,0,1,0,0,0,0,0,0,0,0,1,1,0,0,0,0,2,0,0,1,0,0,0,0,0,0,0,0,1,1,0,0,1,0,0,1.0,1.0,0,0,0,0,0,0,0,0,0,0,0,0,0,0,0,0,0,0,0,0,0,0,0,0,0,0,0,0,0,0,0,0,0,0,0,0,0,0,0
Trepça,"A. Gashi, B. Tuna, D. Hajrizi, K. Hasbrouck, S. Jones",Sigal Prishtina,"A. Bailey, D. Haxhosaj, D. Polloshka, E. Clarance, K. Dukes",1,28,0.5,1.0,3,1,1,100,1,1,100,0,0,0,0,0,0,1,1,0,0,0,0,0,0,0,0,0,0,0,0,0,0,0,0,0,0,0,1,0,1.0,1.0,300,0,300,0,300,-300,3,0,0,0,0,0,0,0,0,0,0,0,0,0,0,0,0,0,0,0,0,0,0,0,0,0,0,0,0,0,0,0,0
Vëllaznimi,"A. Gordon, A. Koshi, D. Wilson, J. Hellems, R. Dahsyla",Peja,"A. Hajdari, J. Johnson, M. Mala, S. Llapi, T. Green",1,48,0.8,1.0,0,0,1,0,0,0,0,0,0,0,0,0,0,0,0,0,0,0,2,1,1,100,0,0,0,0,0,0,0,1,1,0,0,0,0,0,1.0,1.0,0,200,-200,200,0,200,-2,0,0,0,0,0,0,0,0,0,0,0,0,0,0,0,0,0,0,0,0,0,0,0,0,0,0,0,0,0,0,0,0
Vëllaznimi,"A. Koshi, D. Wilson, J. Hellems, S. Zekiqi, Y. Anei",Peja,"A. Hajdari, J. Johnson, M. Mala, S. Flatten, S. Llapi",1,8,0.1,1.0,2,0,1,0,0,1,0,2,2,100,0,0,0,0,0,0,0,0,0,0,0,0,0,0,0,0,0,0,0,0,0,0,0,0,0,0,1.9,0.1,106.4,0,106.4,0,106.4,-106.4,2,0,0,0,0,0,0,0,0,0,0,0,0,0,0,0,0,0,0,0,0,0,0,0,0,0,0,0,0,0,0,0,0
Vëllaznimi,"A. Koshi, J. Hellems, S. Zekiqi, T. Todd, Y. Anei",Bashkimi,"D. Lake, I. Cousins, M. Janjeva, S. Shorter, V. Bunjaku",1,72,1.2,1.0,2,1,1,100,0,0,0,0,0,0,0,0,0,0,0,0,0,0,2,1,2,50,0,1,0,0,0,0,1,0,1,1,0,0,0,1,1.0,0.9,200,215.1,-15.1,215.1,200,15.1,0,0,0,0,0,0,0,0,0,0,0,0,0,0,0,0,0,0,0,0,0,0,0,0,0,0,0,0,0,0,0,0,0
Vëllaznimi,"A. Rushiti, D. Wilson, J. Hellems, S. Zekiqi, Y. Anei",Bashkimi,"D. Lake, I. Cousins, L. Zeqiri, M. Armstead, S. Shorter",1,49,0.8,1.0,0,0,1,0,0,0,0,0,0,0,0,0,0,0,0,0,0,1,2,1,2,50,0,1,0,0,0,0,1,1,2,1,0,0,0,0,1.0,0.9,0,215.1,-215.1,215.1,0,215.1,-2,0,0,0,0,0,0,0,0,0,0,0,0,0,0,0,0,0,0,0,0,0,0,0,0,0,0,0,0,0,0,0,0
Trepça,"B. Tuna, D. Kapiti, K. Hasbrouck, M. Tmusic, S. Jones",GO+Peja,"A. Hajdari, A. Herndon, M. Mala, O. Williams, S. Llapi",1,42,0.7,1.0,0,0,1,0,0,1,0,0,0,0,0,1,1,0,0,0,0,0,0,0,1,0,0,0,0,0,0,0,0,1,1,0,0,0,0,0,1.0,1.0,0,0,0,0,0,0,0,0,0,0,0,0,0,0,0,0,0,0,0,0,0,0,0,0,0,0,0,0,0,0,0,0,0,0,0,0,0,0,0
Trepça,"A. Vining, B. Tuna, D. Kapiti, M. Tmusic, S. Jones",GO+Peja,"A. Herndon, J. Johnson, M. Mala, O. Williams, S. Llapi",1,39,0.7,1.0,3,1,1,100,1,1,100,0,0,0,0,0,0,0,0,0,0,1,3,1,1,100,1,1,100,0,0,0,0,0,0,0,0,0,0,0,1.0,1.0,300,300,0,300,300,0,0,0,0,0,0,0,0,0,0,0,0,0,0,0,0,0,0,0,0,0,0,0,0,0,0,0,0,0,0,0,0,0,0
Trepça,"A. Gashi, B. Tuna, M. Tmusic, S. Jones, V. Haliti",GO+Peja,"A. Herndon, C. Edwards, F. Shoshaj, O. Williams, S. Nila",1,44,0.7,1.0,2,1,1,100,0,0,0,0,0,0,0,0,0,1,1,0,0,1,0,0,0,0,0,0,0,0,0,0,0,0,0,0,0,0,1,0,1.0,1.0,200,0,200,0,200,-200,2,0,0,0,0,0,0,0,0,0,0,0,0,0,0,0,0,0,0,0,0,0,0,0,0,0,0,0,0,0,0,0,0
Golden Eagle Ylli,"D. Hall, E. Kastrati, L. Basic, L. Shoshi, T. Allen",Sigal Prishtina,"A. Bailey, D. Burns, D. Haxhosaj, D. Polloshka, E. Clarance",1,16,0.3,1.0,0,0,1,0,0,0,0,0,0,0,1,0,1,0,0,0,2,1,0,0,0,0,0,0,0,0,0,0,0,0,0,0,0,0,0,0,1.9,0.1,0,0,0,0,0,0,0,0,0,0,0,0,0,0,0,0,0,0,0,0,0,0,0,0,0,0,0,0,0,0,0,0,0,0,0,0,0,0,0
Bora,"A. Hot, A. Hunter, L. Thomas, R. Memedi, S. Jules",Rahoveci 029,"A. Thomas, F. Rugova, I. Umipig, J. Johnson, V. Ejupi",1,65,1.1,1.0,0,0,1,0,0,0,0,0,0,0,0,1,1,0,0,0,0,2,0,0,2,0,0,1,0,0,0,0,1,1,2,0,0,0,0,0,1.0,0.9,0,0,0,0,0,0,0,0,0,0,0,0,0,0,0,0,0,0,0,0,0,0,0,0,0,0,0,0,0,0,0,0,0,0,0,0,0,0,0
Bora,"A. Hot, L. Thomas, R. Memedi, R. Ukaj, T. Cheese",Rahoveci 029,"B. Rexha, F. Rugova, I. Umipig, J. Johnson, J. Roche",1,28,0.5,1.0,3,1,1,100,1,1,100,0,0,0,0,1,1,1,0,1,0,0,0,0,1,0,0,0,0,0,0,0,0,0,0,0,0,0,0,0,1.0,1.0,300,0,300,0,300,-300,3,0,0,0,0,0,0,0,0,0,0,0,0,0,0,0,0,0,0,0,0,0,0,0,0,0,0,0,0,0,0,0,0
Bashkimi,"D. Lake, I. Cousins, I. Nwamu, M. Armstead, M. Janjeva",Rahoveci 029,"A. Thomas, F. Rugova, H. Durguti, J. Johnson, K. Pullian",1,30,0.5,1.0,2,1,1,100,0,0,0,0,0,0,0,1,1,0,0,0,0,0,0,0,1,0,0,1,0,0,0,0,0,0,0,0,0,0,0,1,1.0,1.0,200,0,200,0,200,-200,2,0,0,0,0,0,0,0,0,0,0,0,0,0,0,0,0,0,0,0,0,0,0,0,0,0,0,0,0,0,0,0,0
Bashkimi,"D. Lake, I. Nwamu, L. Zeqiri, S. Shorter, V. Bunjaku",Rahoveci 029,"A. Thomas, B. Rexha, I. Umipig, J. Johnson, V. Ejupi",1,49,0.8,1.0,2,1,2,50,0,1,0,0,0,0,1,1,2,0,0,0,0,0,0,0,1,0,0,1,0,0,0,0,0,0,0,0,0,0,0,0,0.9,1.0,215.1,0,215.1,0,215.1,-215.1,2,0,0,0,0,0,0,0,0,0,0,0,0,0,0,0,0,0,0,0,0,0,0,0,0,0,0,0,0,0,0,0,0
Bashkimi,"D. Lake, I. Nwamu, L. Zeqiri, M. Armstead, S. Shorter",Rahoveci 029,"A. Thomas, F. Rugova, H. Durguti, J. Johnson, K. Pullian",1,38,0.6,1.0,2,1,2,50,0,0,0,0,0,0,1,1,2,0,0,0,0,0,0,0,1,0,0,1,0,0,0,0,0,0,0,0,0,0,0,0,0.9,1.0,215.1,0,215.1,0,215.1,-215.1,2,0,0,0,0,0,0,0,0,0,0,0,0,0,0,0,0,0,0,0,0,0,0,0,0,0,0,0,0,0,0,0,0
Bashkimi,"D. Lake, I. Cousins, I. Nwamu, L. Zeqiri, M. Armstead",Rahoveci 029,"A. Thomas, F. Rugova, H. Durguti, J. Johnson, K. Pullian",1,48,0.8,1.0,2,1,1,100,0,0,0,0,0,0,0,1,1,0,0,0,0,1,0,0,1,0,0,1,0,0,0,0,0,0,0,0,0,0,0,0,1.0,1.0,200,0,200,0,200,-200,2,0,0,0,0,0,0,0,0,0,0,0,0,0,0,0,0,0,0,0,0,0,0,0,0,0,0,0,0,0,0,0,0
Bashkimi,"D. Lake, I. Cousins, I. Nwamu, L. Zeqiri, V. Bunjaku",Rahoveci 029,"A. Thomas, B. Rexha, F. Rugova, J. Johnson, K. Pullian",1,9,0.1,1.0,2,1,1,100,0,0,0,0,0,0,0,0,0,1,1,0,0,0,0,0,0,0,0,0,0,0,0,0,0,0,0,0,0,0,1,1,1.0,1.0,200,0,200,0,200,-200,2,0,0,0,0,0,0,0,0,0,0,0,0,0,0,0,0,0,0,0,0,0,0,0,0,0,0,0,0,0,0,0,0
Bashkimi,"D. Lake, I. Cousins, L. Zeqiri, M. Armstead, S. Shorter",Rahoveci 029,"A. Berisha, A. Thomas, J. Johnson, K. Pullian, V. Ejupi",1,47,0.8,1.0,2,1,1,100,0,0,0,0,0,0,0,1,1,1,0,0,0,0,0,0,1,0,0,1,0,0,0,0,0,0,0,0,0,0,0,1,1.0,1.0,200,0,200,0,200,-200,2,0,0,0,0,0,0,0,0,0,0,0,0,0,0,0,0,0,0,0,0,0,0,0,0,0,0,0,0,0,0,0,0
Sigal Prishtina,"A. Bailey, D. Burns, D. Haxhosaj, J. Ismajli, K. Dukes",Bora,"A. Hunter, G. Zeqiri, R. Ukaj, S. Jules, T. Cheese",1,47,0.8,1.0,2,1,1,100,0,0,0,0,0,0,0,1,1,1,0,0,0,1,0,0,1,0,0,1,0,0,0,0,0,0,0,0,0,0,0,0,1.0,1.0,200,0,200,0,200,-200,2,0,0,0,0,0,0,0,0,0,0,0,0,0,0,0,0,0,0,0,0,0,0,0,0,0,0,0,0,0,0,0,0
Sigal Prishtina,"D. Burns, D. Haxhosaj, E. Clarance, J. Ismajli, K. Kramer",Bora,"A. Hot, A. Hunter, R. Memedi, S. Jules, T. Cheese",1,44,0.7,1.0,0,0,1,0,0,1,0,0,0,0,0,1,1,0,0,0,0,1,0,0,1,0,0,0,0,0,0,0,0,1,1,0,0,0,0,0,1.0,1.0,0,0,0,0,0,0,0,0,0,0,0,0,0,0,0,0,0,0,0,0,0,0,0,0,0,0,0,0,0,0,0,0,0,0,0,0,0,0,0
Sigal Prishtina,"A. Bailey, D. Burns, D. Haxhosaj, D. Polloshka, K. Dukes",Bora,"A. Hot, A. Hunter, L. Thomas, R. Memedi, S. Jules",1,41,0.7,1.0,2,1,1,100,0,0,0,0,0,0,0,0,0,0,0,0,0,1,2,1,1,100,0,0,0,0,0,0,0,0,0,1,0,0,0,0,1.0,1.0,200,200,0,200,200,0,0,0,0,0,0,0,0,0,0,0,0,0,0,0,0,0,0,0,0,0,0,0,0,0,0,0,0,0,0,0,0,0,0
Sigal Prishtina,"A. Bailey, D. Burns, D. Polloshka, K. Dukes, V. Kakruki",Bora,"A. Hunter, L. Thomas, R. Memedi, R. Ukaj, S. Jules",1,39,0.7,1.0,3,1,1,100,1,1,100,0,0,0,0,0,0,1,0,0,0,0,0,0,0,0,0,0,0,0,0,0,0,0,0,0,0,0,1,0,1.0,1.0,300,0,300,0,300,-300,3,0,0,0,0,0,0,0,0,0,0,0,0,0,0,0,0,0,0,0,0,0,0,0,0,0,0,0,0,0,0,0,0
Sigal Prishtina,"A. Bailey, D. Burns, D. Polloshka, K. Dukes, V. Kakruki",Bora,"A. Hunter, R. Memedi, R. Ukaj, S. Jules, T. Cheese",1,52,0.9,1.0,0,0,1,0,0,0,0,0,0,0,0,1,1,0,0,0,0,0,0,0,1,0,0,1,0,0,0,0,0,1,1,0,0,0,0,1,1.0,1.0,0,0,0,0,0,0,0,0,0,0,0,0,0,0,0,0,0,0,0,0,0,0,0,0,0,0,0,0,0,0,0,0,0,0,0,0,0,0,0
GO+Peja,"C. Edwards, J. Johnson, M. Mala, S. Flatten, S. Llapi",Golden Eagle Ylli,"A. Scott, G. Morina, L. Shoshi, S. Bamforth, T. Allen",1,36,0.6,1.0,2,1,2,50,0,0,0,0,0,0,1,1,2,0,0,0,0,1,0,0,1,0,0,0,0,0,0,0,0,0,0,0,0,1,0,0,0.9,1.0,215.1,0,215.1,0,215.1,-215.1,2,0,0,0,0,0,0,0,0,0,0,0,0,0,0,0,0,0,0,0,0,0,0,0,0,0,0,0,0,0,0,0,0
GO+Peja,"C. Edwards, J. Johnson, M. Mala, S. Flatten, S. Llapi",Golden Eagle Ylli,"A. Scott, D. Hall, L. Shoshi, S. Bamforth, T. Allen",1,34,0.6,1.0,0,0,1,0,0,0,0,0,0,0,0,1,1,0,0,0,0,0,0,0,1,0,0,0,0,0,0,0,0,1,1,0,0,0,0,0,1.0,1.0,0,0,0,0,0,0,0,0,0,0,0,0,0,0,0,0,0,0,0,0,0,0,0,0,0,0,0,0,0,0,0,0,0,0,0,0,0,0,0
GO+Peja,"A. Hajdari, C. Edwards, M. Mala, O. Williams, S. Flatten",Golden Eagle Ylli,"A. Scott, G. Morina, L. Shoshi, S. Bamforth, T. Allen",1,15,0.2,1.0,0,0,1,0,0,1,0,0,0,0,1,0,1,0,0,0,1,0,2,1,1,100,0,0,0,0,0,0,0,0,0,1,0,0,0,1,0.9,1.0,0,200,-200,200,0,200,-2,0,0,0,0,0,0,0,0,0,0,0,0,0,0,0,0,0,0,0,0,0,0,0,0,0,0,0,0,0,0,0,0
Vëllaznimi,"A. Gordon, A. Koshi, D. Wilson, S. Zekiqi, Z. Reid",Trepça,"A. Vining, D. Kapiti, K. Hasbrouck, M. Tmusic, S. Jones",1,34,0.6,1.0,0,0,0,0,0,0,0,0,0,0,0,1,1,0,0,1,1,1,0,0,2,0,0,1,0,0,0,0,1,0,1,0,1,0,0,0,1.0,0.9,0,0,0,0,0,0,0,0,0,0,0,0,0,0,0,0,0,0,0,0,0,0,0,0,0,0,0,0,0,0,0,0,0,0,0,0,0,0,0
Vëllaznimi,"A. Gordon, A. Rushiti, J. Hellems, S. Zekiqi, Z. Reid",Trepça,"A. Vining, B. Tuna, K. Hasbrouck, M. Tmusic, S. Jones",1,31,0.5,1.0,3,1,1,100,1,1,100,0,0,0,0,0,0,1,0,0,0,0,3,1,1,100,1,1,100,0,0,0,0,0,0,1,0,0,0,0,1.0,1.0,300,300,0,300,300,0,0,0,0,0,0,0,0,0,0,0,0,0,0,0,0,0,0,0,0,0,0,0,0,0,0,0,0,0,0,0,0,0,0
Vëllaznimi,"A. Gordon, A. Koshi, D. Wilson, J. Hellems, S. Zekiqi",Trepça,"A. Vining, B. Tuna, D. Kapiti, K. Hasbrouck, M. Amzil",1,83,1.4,1.0,3,1,2,50,1,1,100,0,0,0,1,0,1,0,0,0,0,1,3,1,1,100,1,1,100,0,0,0,0,0,0,0,0,0,0,2,0.9,1.0,322.6,300,22.6,300,322.6,-22.6,0,0,0,0,0,0,0,0,0,0,0,0,0,0,0,0,0,0,0,0,0,0,0,0,0,0,0,0,0,0,0,0,0
Vëllaznimi,"A. Koshi, D. Wilson, S. Zekiqi, Y. Anei, Z. Reid",Trepça,"A. Vining, K. Hasbrouck, M. Amzil, M. Tmusic, S. Jones",1,47,0.8,1.0,0,0,1,0,0,1,0,0,0,0,0,1,1,0,0,0,0,1,0,0,1,0,0,1,0,0,0,0,0,1,1,0,0,0,0,0,1.0,1.0,0,0,0,0,0,0,0,0,0,0,0,0,0,0,0,0,0,0,0,0,0,0,0,0,0,0,0,0,0,0,0,0,0,0,0,0,0,0,0
Vëllaznimi,"A. Koshi, A. Rushiti, J. Hellems, Y. Anei, Z. Reid",Trepça,"A. Vining, K. Hasbrouck, M. Amzil, M. Tmusic, S. Jones",1,37,0.6,1.0,0,0,1,0,0,1,0,0,0,0,0,0,0,0,0,0,0,0,3,1,1,100,1,1,100,0,0,0,0,1,1,1,0,0,0,1,1.0,1.0,0,300,-300,300,0,300,-3,0,0,0,0,0,0,0,0,0,0,0,0,0,0,0,0,0,0,0,0,0,0,0,0,0,0,0,0,0,0,0,0
Trepça,"D. Kapiti, K. Hasbrouck, M. Tmusic, S. Henry, S. Jones",Bashkimi,"I. Cousins, I. Nwamu, M. Armstead, M. Janjeva, T. Bickerstaff",1,23,0.4,1.0,0,0,1,0,0,0,0,0,0,0,0,1,1,0,0,0,0,0,0,0,1,0,0,1,0,0,0,0,0,0,0,0,0,0,0,0,1.0,1.0,0,0,0,0,0,0,0,0,0,0,0,0,0,0,0,0,0,0,0,0,0,0,0,0,0,0,0,0,0,0,0,0,0,0,0,0,0,0,0
Trepça,"B. Tuna, K. Hasbrouck, M. Amzil, M. Tmusic, S. Jones",Bashkimi,"D. Lake, I. Nwamu, M. Armstead, M. Janjeva, S. Shorter",1,46,0.8,1.0,0,0,1,0,0,0,0,0,0,0,0,1,1,0,0,0,0,0,0,0,1,0,0,1,0,0,0,0,0,1,1,0,0,0,0,1,1.0,1.0,0,0,0,0,0,0,0,0,0,0,0,0,0,0,0,0,0,0,0,0,0,0,0,0,0,0,0,0,0,0,0,0,0,0,0,0,0,0,0
Trepça,"A. Vining, D. Kapiti, K. Hasbrouck, M. Amzil, M. Tmusic",Bashkimi,"D. Lake, I. Cousins, L. Zeqiri, S. Shorter, V. Bunjaku",1,33,0.6,1.0,0,0,1,0,0,0,0,0,0,0,0,1,1,0,0,0,0,0,0,0,1,0,0,0,0,0,0,0,0,1,1,0,0,0,0,1,1.0,1.0,0,0,0,0,0,0,0,0,0,0,0,0,0,0,0,0,0,0,0,0,0,0,0,0,0,0,0,0,0,0,0,0,0,0,0,0,0,0,0
Golden Eagle Ylli,"A. Scott, E. Kastrati, G. Morina, L. Shoshi, S. Bamforth",Vëllaznimi,"A. Rushiti, D. Wilson, S. Zekiqi, Y. Anei, Z. Reid",1,19,0.3,1.0,0,0,0,0,0,0,0,0,0,0,0,1,1,0,0,0,1,0,0,0,1,0,0,1,0,0,0,0,0,0,0,0,0,0,0,1,1.0,1.0,0,0,0,0,0,0,0,0,0,0,0,0,0,0,0,0,0,0,0,0,0,0,0,0,0,0,0,0,0,0,0,0,0,0,0,0,0,0,0
Bora,"A. Hot, A. Hunter, J. Zeqiri, R. Memedi, R. Ukaj",GO+Peja,"A. Herndon, F. Shoshaj, M. Mala, O. Williams, T. Green",1,40,0.7,1.0,0,0,1,0,0,1,0,0,0,0,0,1,1,0,0,0,0,1,0,0,1,0,0,0,0,0,0,0,0,1,1,0,0,0,0,0,1.0,1.0,0,0,0,0,0,0,0,0,0,0,0,0,0,0,0,0,0,0,0,0,0,0,0,0,0,0,0,0,0,0,0,0,0,0,0,0,0,0,0
Bora,"A. Hot, J. Zeqiri, R. Ukaj, S. Jules, T. Cheese",GO+Peja,"A. Herndon, C. Edwards, F. Shoshaj, M. Mala, O. Williams",1,33,0.6,1.0,3,1,1,100,1,1,100,0,0,0,0,1,1,1,0,1,0,1,0,0,1,0,0,0,0,0,0,0,0,0,0,0,0,0,0,0,1.0,1.0,300,0,300,0,300,-300,3,0,0,0,0,0,0,0,0,0,0,0,0,0,0,0,0,0,0,0,0,0,0,0,0,0,0,0,0,0,0,0,0
Bora,"A. Hot, A. Hunter, L. Thomas, R. Memedi, S. Jules",GO+Peja,"C. Edwards, J. Johnson, M. Mala, S. Llapi, T. Green",1,36,0.6,1.0,3,1,1,100,1,1,100,0,0,0,0,1,1,1,0,0,0,0,0,0,1,0,0,0,0,0,0,0,0,0,0,0,0,0,0,0,1.0,1.0,300,0,300,0,300,-300,3,0,0,0,0,0,0,0,0,0,0,0,0,0,0,0,0,0,0,0,0,0,0,0,0,0,0,0,0,0,0,0,0
Bora,"A. Hot, A. Hunter, L. Thomas, R. Memedi, S. Jules",GO+Peja,"C. Edwards, F. Shoshaj, J. Johnson, M. Mala, T. Green",1,39,0.7,1.0,0,0,0,0,0,0,0,0,0,0,0,1,1,0,0,0,1,1,0,0,1,0,0,0,0,0,0,0,0,0,0,0,1,0,0,0,1.0,1.0,0,0,0,0,0,0,0,0,0,0,0,0,0,0,0,0,0,0,0,0,0,0,0,0,0,0,0,0,0,0,0,0,0,0,0,0,0,0,0
Bora,"A. Hot, A. Hunter, J. Zeqiri, R. Memedi, S. Jules",GO+Peja,"C. Edwards, F. Shoshaj, M. Mala, O. Williams, T. Green",1,29,0.5,1.0,2,1,1,100,0,0,0,0,0,0,0,0,0,0,1,0,0,0,0,0,0,0,0,0,0,0,0,0,0,0,0,0,0,0,1,0,1.0,1.0,200,0,200,0,200,-200,2,0,0,0,0,0,0,0,0,0,0,0,0,0,0,0,0,0,0,0,0,0,0,0,0,0,0,0,0,0,0,0,0
Bora,"A. Hot, J. Zeqiri, L. Thomas, R. Ukaj, T. Cheese",GO+Peja,"A. Herndon, F. Shoshaj, O. Williams, S. Llapi, T. Green",1,48,0.8,1.0,0,0,1,0,0,1,0,0,0,0,0,0,0,0,0,0,0,2,2,1,1,100,0,0,0,0,0,0,0,1,1,1,0,0,0,0,1.0,1.0,0,200,-200,200,0,200,-2,0,0,0,0,0,0,0,0,0,0,0,0,0,0,0,0,0,0,0,0,0,0,0,0,0,0,0,0,0,0,0,0
Bora,"A. Hunter, J. Zeqiri, R. Ukaj, S. Jules, T. Cheese",GO+Peja,"C. Edwards, F. Shoshaj, M. Mala, O. Williams, T. Green",1,34,0.6,1.0,3,1,1,100,1,1,100,0,0,0,0,1,1,0,0,0,0,0,0,0,1,0,0,1,0,0,0,0,0,0,0,0,0,0,0,1,1.0,1.0,300,0,300,0,300,-300,3,0,0,0,0,0,0,0,0,0,0,0,0,0,0,0,0,0,0,0,0,0,0,0,0,0,0,0,0,0,0,0,0
Rahoveci 029,"A. Thomas, I. Umipig, J. Johnson, K. Ujkani, V. Ejupi",Sigal Prishtina,"A. Bailey, A. Morina, E. Clarence, K. Dukes, V. Kakruki",1,28,0.5,1.0,0,0,2,0,0,1,0,0,0,0,1,0,1,0,0,0,0,0,0,0,1,0,0,1,0,0,0,0,0,1,1,0,0,1,0,0,0.9,1.0,0,0,0,0,0,0,0,0,0,0,0,0,0,0,0,0,0,0,0,0,0,0,0,0,0,0,0,0,0,0,0,0,0,0,0,0,0,0,0
Rahoveci 029,"A. Thomas, F. Rugova, J. Johnson, K. Pullian, V. Ejupi",Sigal Prishtina,"A. Bailey, D. Polloshka, J. Ismajli, K. Dukes, K. Kramer",1,27,0.5,1.0,3,1,1,100,1,1,100,0,0,0,0,1,1,1,0,0,0,0,0,0,1,0,0,1,0,0,0,0,0,0,0,0,0,0,0,0,1.0,1.0,300,0,300,0,300,-300,3,0,0,0,0,0,0,0,0,0,0,0,0,0,0,0,0,0,0,0,0,0,0,0,0,0,0,0,0,0,0,0,0
GO+Peja,"C. Edwards, M. Mala, O. Williams, S. Llapi, T. Green",Rahoveci 029,"A. Thomas, B. Rexha, J. Roche, K. Pullian, V. Ejupi",1,59,1.0,1.0,0,0,1,0,0,1,0,0,0,0,0,0,0,0,0,0,0,0,2,1,2,50,0,1,0,0,0,0,1,1,2,1,0,0,0,0,1.0,0.9,0,215.1,-215.1,215.1,0,215.1,-2,0,0,0,0,0,0,0,0,0,0,0,0,0,0,0,0,0,0,0,0,0,0,0,0,0,0,0,0,0,0,0,0
GO+Peja,"C. Edwards, M. Mala, O. Williams, S. Llapi, T. Green",Rahoveci 029,"A. Thomas, F. Rugova, J. Roche, K. Pullian, V. Ejupi",1,14,0.2,1.0,2,1,1,100,0,0,0,0,0,0,0,1,1,1,0,1,0,0,0,0,1,0,0,0,0,0,0,0,0,0,0,0,0,0,0,0,1.0,1.0,200,0,200,0,200,-200,2,0,0,0,0,0,0,0,0,0,0,0,0,0,0,0,0,0,0,0,0,0,0,0,0,0,0,0,0,0,0,0,0
GO+Peja,"A. Hajdari, C. Edwards, F. Shoshaj, L. Routt, O. Williams",Rahoveci 029,"F. Rugova, J. Johnson, J. Roche, K. Pullian, V. Ejupi",1,25,0.4,1.0,0,0,0,0,0,0,0,0,0,0,0,0,0,0,0,0,1,0,3,1,1,100,1,1,100,0,0,0,0,0,0,1,0,0,0,0,1.0,1.0,0,300,-300,300,0,300,-3,0,0,0,0,0,0,0,0,0,0,0,0,0,0,0,0,0,0,0,0,0,0,0,0,0,0,0,0,0,0,0,0
GO+Peja,"A. Hajdari, C. Edwards, F. Shoshaj, L. Routt, O. Williams",Rahoveci 029,"B. Rexha, J. Johnson, J. Roche, K. Pullian, V. Ejupi",1,24,0.4,1.0,0,0,0,0,0,0,0,0,0,0,0,0,0,0,0,0,1,0,2,1,1,100,0,0,0,0,0,0,0,0,0,0,1,0,0,0,1.0,1.0,0,200,-200,200,0,200,-2,0,0,0,0,0,0,0,0,0,0,0,0,0,0,0,0,0,0,0,0,0,0,0,0,0,0,0,0,0,0,0,0
GO+Peja,"M. Mala, O. Sallabegolli, S. Llapi, S. Nila, T. Green",Rahoveci 029,"A. Berisha, B. Rexha, H. Durguti, K. Ujkani, V. Ejupi",1,22,0.4,1.0,2,1,1,100,0,0,0,0,0,0,0,1,1,1,0,0,0,0,0,0,1,0,0,1,0,0,0,0,0,0,0,0,0,0,0,0,1.0,1.0,200,0,200,0,200,-200,2,0,0,0,0,0,0,0,0,0,0,0,0,0,0,0,0,0,0,0,0,0,0,0,0,0,0,0,0,0,0,0,0
Vëllaznimi,"D. Wilson, J. Hellems, R. Dahsyla, S. Zekiqi, Y. Anei",Bora,"A. Mekic, J. Zeqiri, L. Thomas, O. Kurtaj, T. Cheese",1,57,0.9,1.0,2,1,2,50,0,1,0,0,0,0,1,1,2,1,0,0,0,0,0,0,1,0,0,1,0,0,0,0,0,0,0,0,0,0,0,0,0.9,1.0,215.1,0,215.1,0,215.1,-215.1,2,0,0,0,0,0,0,0,0,0,0,0,0,0,0,0,0,0,0,0,0,0,0,0,0,0,0,0,0,0,0,0,0
Vëllaznimi,"R. Dahsyla, S. Zekiqi, T. Todd, Y. Anei, Z. Reid",Bora,"A. Hot, A. Mekic, R. Ukaj, S. Jules, T. Cheese",1,44,0.7,1.0,0,0,1,0,0,0,0,0,0,0,0,1,1,0,0,0,0,0,0,0,1,0,0,0,0,0,0,0,0,1,1,0,0,0,0,1,1.0,1.0,0,0,0,0,0,0,0,0,0,0,0,0,0,0,0,0,0,0,0,0,0,0,0,0,0,0,0,0,0,0,0,0,0,0,0,0,0,0,0
Vëllaznimi,"A. Rushiti, D. Wilson, J. Hellems, S. Zekiqi, Y. Anei",Bora,"A. Hot, A. Hunter, J. Zeqiri, S. Jules, T. Cheese",1,46,0.8,1.0,0,0,1,0,0,1,0,0,0,0,0,0,0,0,0,0,0,1,3,1,2,50,1,2,50,0,0,0,1,1,2,0,0,0,0,0,1.0,0.9,0,322.6,-322.6,322.6,0,322.6,-3,0,0,0,0,0,0,0,0,0,0,0,0,0,0,0,0,0,0,0,0,0,0,0,0,0,0,0,0,0,0,0,0
Vëllaznimi,"J. Hellems, R. Dahsyla, S. Zekiqi, Y. Anei, Z. Reid",Bora,"A. Hot, A. Hunter, J. Zeqiri, L. Thomas, T. Cheese",1,30,0.5,1.0,2,1,1,100,0,0,0,0,0,0,0,0,0,1,0,0,0,1,0,0,0,0,0,0,0,0,0,0,0,0,0,0,0,0,1,0,1.0,1.0,200,0,200,0,200,-200,2,0,0,0,0,0,0,0,0,0,0,0,0,0,0,0,0,0,0,0,0,0,0,0,0,0,0,0,0,0,0,0,0
Golden Eagle Ylli,"A. Scott, B. Huffman, D. Conger, G. Morina, S. Bamforth",Bashkimi,"I. Cousins, K. Wooten, L. Zeqiri, S. Shorter, V. Bunjaku",1,28,0.5,1.0,3,1,1,100,1,1,100,0,0,0,0,1,1,0,0,0,0,0,0,0,1,0,0,0,0,0,0,0,0,0,0,0,0,0,0,0,1.0,1.0,300,0,300,0,300,-300,3,0,0,0,0,0,0,0,0,0,0,0,0,0,0,0,0,0,0,0,0,0,0,0,0,0,0,0,0,0,0,0,0
Golden Eagle Ylli,"D. Conger, G. Morina, J. Gray, L. Shoshi, S. Bamforth",Bashkimi,"I. Nwamu, K. Wooten, L. Zeqiri, M. Armstead, M. Ismaili",1,42,0.7,1.0,0,0,0,0,0,0,0,0,0,0,0,0,0,0,0,0,1,0,3,1,1,100,1,1,100,0,0,0,0,0,0,0,1,0,0,1,1.0,1.0,0,300,-300,300,0,300,-3,0,0,0,0,0,0,0,0,0,0,0,0,0,0,0,0,0,0,0,0,0,0,0,0,0,0,0,0,0,0,0,0
Golden Eagle Ylli,"A. Scott, G. Morina, J. Gray, L. Shoshi, S. Bamforth",Bashkimi,"I. Nwamu, K. Wooten, M. Armstead, M. Ismaili, M. Janjeva",1,16,0.3,1.0,0,0,1,0,0,0,0,0,0,0,0,1,1,0,0,0,0,0,0,0,1,0,0,1,0,0,0,0,0,1,1,0,0,0,0,0,1.0,1.0,0,0,0,0,0,0,0,0,0,0,0,0,0,0,0,0,0,0,0,0,0,0,0,0,0,0,0,0,0,0,0,0,0,0,0,0,0,0,0
Golden Eagle Ylli,"A. Scott, B. Huffman, D. Thomas, E. Kastrati, S. Bamforth",Bashkimi,"I. Nwamu, K. Wooten, L. Zeqiri, S. Shorter, V. Bunjaku",1,35,0.6,1.0,0,0,0,0,0,0,0,0,0,0,0,0,0,0,0,0,1,0,0,0,0,0,0,0,0,0,0,0,0,0,0,0,0,0,1,0,1.0,1.0,0,0,0,0,0,0,0,0,0,0,0,0,0,0,0,0,0,0,0,0,0,0,0,0,0,0,0,0,0,0,0,0,0,0,0,0,0,0,0
Bora,"A. Hot, A. Hunter, J. Zeqiri, S. Jules, T. Cheese",Trepça,"A. Vining, D. Kapiti, J. Payne, M. Amzil, M. Tmusic",1,42,0.7,1.0,2,1,1,100,0,0,0,0,0,0,0,1,1,0,0,0,0,0,0,0,1,0,0,1,0,0,0,0,0,0,0,0,0,0,0,0,1.0,1.0,200,0,200,0,200,-200,2,0,0,0,0,0,0,0,0,0,0,0,0,0,0,0,0,0,0,0,0,0,0,0,0,0,0,0,0,0,0,0,0
Bora,"A. Hunter, G. Zeqiri, L. Thomas, R. Ukaj, S. Jules",Trepça,"A. Vining, D. Hajrizi, J. Payne, M. Amzil, S. Jones",1,24,0.4,1.0,0,0,0,0,0,0,0,0,0,0,0,1,1,0,0,0,1,1,0,0,1,0,0,1,0,0,0,0,0,0,0,0,1,0,0,0,1.0,1.0,0,0,0,0,0,0,0,0,0,0,0,0,0,0,0,0,0,0,0,0,0,0,0,0,0,0,0,0,0,0,0,0,0,0,0,0,0,0,0
Bora,"A. Hot, A. Hunter, J. Zeqiri, L. Thomas, T. Cheese",Trepça,"J. Payne, K. Hasbrouck, M. Amzil, M. Tmusic, S. Jones",1,30,0.5,1.0,0,0,0,0,0,0,0,0,0,0,0,0,0,0,0,0,1,0,2,1,2,50,0,0,0,0,0,0,1,0,1,0,0,0,0,0,1.0,0.9,0,215.1,-215.1,215.1,0,215.1,-2,0,0,0,0,0,0,0,0,0,0,0,0,0,0,0,0,0,0,0,0,0,0,0,0,0,0,0,0,0,0,0,0
Bora,"A. Hunter, G. Zeqiri, J. Zeqiri, S. Jules, T. Cheese",Trepça,"J. Payne, K. Hasbrouck, M. Amzil, M. Tmusic, S. Jones",1,37,0.6,1.0,0,0,1,0,0,0,0,0,0,0,0,0,0,0,0,0,0,1,2,1,1,100,0,0,0,0,0,0,0,1,1,0,0,0,0,0,1.0,1.0,0,200,-200,200,0,200,-2,0,0,0,0,0,0,0,0,0,0,0,0,0,0,0,0,0,0,0,0,0,0,0,0,0,0,0,0,0,0,0,0
Rahoveci 029,"B. Rexha, F. Rugova, J. Mccormick, K. Pullian, N. Mccloud",Vëllaznimi,"D. Wilson, J. Hellems, R. Dahsyla, S. Zekiqi, Y. Anei",1,16,0.3,1.0,2,1,1,100,0,0,0,0,0,0,0,0,0,1,1,0,0,1,0,0,0,0,0,0,0,0,0,0,0,0,0,0,0,0,1,0,1.0,1.0,200,0,200,0,200,-200,2,0,0,0,0,0,0,0,0,0,0,0,0,0,0,0,0,0,0,0,0,0,0,0,0,0,0,0,0,0,0,0,0
Sigal Prishtina,"A. Morina, A. Sinani, K. Dukes, K. Kramer, V. Kakruki",GO+Peja,"A. Hajdari, M. Mala, O. Williams, S. Llapi, T. Green",1,38,0.6,1.0,2,1,1,100,0,0,0,0,0,0,0,0,0,0,0,0,0,0,3,1,1,100,1,1,100,0,0,0,0,0,0,1,0,0,0,0,1.0,1.0,200,300,-100,300,200,100,-1,0,0,0,0,0,0,0,0,0,0,0,0,0,0,0,0,0,0,0,0,0,0,0,0,0,0,0,0,0,0,0,0
Sigal Prishtina,"A. Bailey, A. Morina, A. Sinani, K. Dukes, K. Kramer",GO+Peja,"A. Hajdari, C. Edwards, M. Mala, O. Williams, T. Green",1,41,0.7,1.0,0,0,0,0,0,0,0,0,0,0,0,0,0,0,0,0,1,0,2,1,2,50,0,0,0,0,0,0,1,0,1,0,0,0,0,0,1.0,0.9,0,215.1,-215.1,215.1,0,215.1,-2,0,0,0,0,0,0,0,0,0,0,0,0,0,0,0,0,0,0,0,0,0,0,0,0,0,0,0,0,0,0,0,0
Bashkimi,"I. Nwamu, J. Nzeakor, L. Zeqiri, M. Armstead, S. Shorter",GO+Peja,"A. Hajdari, C. Edwards, L. Routt, M. Mala, O. Williams",1,27,0.5,1.0,0,0,2,0,0,2,0,0,0,0,1,0,1,0,0,0,0,0,0,0,0,0,0,0,0,0,0,0,0,1,1,0,0,0,1,0,0.9,1.0,0,0,0,0,0,0,0,0,0,0,0,0,0,0,0,0,0,0,0,0,0,0,0,0,0,0,0,0,0,0,0,0,0,0,0,0,0,0,0
Bashkimi,"I. Nwamu, J. Nzeakor, M. Janjeva, S. Shorter, V. Bunjaku",GO+Peja,"A. Hajdari, C. Edwards, F. Shoshaj, L. Routt, O. Williams",1,29,0.5,1.0,0,0,1,0,0,0,0,0,0,0,0,1,1,0,0,0,0,0,0,0,1,0,0,1,0,0,0,0,0,1,1,0,0,0,0,1,1.0,1.0,0,0,0,0,0,0,0,0,0,0,0,0,0,0,0,0,0,0,0,0,0,0,0,0,0,0,0,0,0,0,0,0,0,0,0,0,0,0,0
Bashkimi,"I. Cousins, I. Nwamu, K. Wooten, L. Zeqiri, M. Armstead",GO+Peja,"A. Hajdari, C. Edwards, F. Shoshaj, L. Routt, O. Williams",1,56,0.9,1.0,0,0,2,0,0,1,0,0,0,0,1,1,2,0,0,0,0,0,0,0,1,0,0,1,0,0,0,0,0,1,1,0,0,0,0,0,0.9,1.0,0,0,0,0,0,0,0,0,0,0,0,0,0,0,0,0,0,0,0,0,0,0,0,0,0,0,0,0,0,0,0,0,0,0,0,0,0,0,0
Bashkimi,"I. Cousins, K. Wooten, L. Zeqiri, M. Armstead, S. Shorter",GO+Peja,"A. Hajdari, C. Edwards, L. Routt, M. Mala, O. Williams",1,48,0.8,1.0,2,1,1,100,0,0,0,0,0,0,0,1,1,0,0,0,0,0,0,0,1,0,0,1,0,0,0,0,0,0,0,0,0,0,0,1,1.0,1.0,200,0,200,0,200,-200,2,0,0,0,0,0,0,0,0,0,0,0,0,0,0,0,0,0,0,0,0,0,0,0,0,0,0,0,0,0,0,0,0
Vëllaznimi,"J. Hellems, R. Dahsyla, S. Zekiqi, T. Todd, Z. Reid",Sigal Prishtina,"A. Bailey, A. Lomax, A. Morina, A. Sinani, K. Kramer",1,34,0.6,1.0,0,0,1,0,0,1,0,0,0,0,0,1,1,0,0,0,0,1,0,0,2,0,0,0,0,0,0,0,1,1,2,0,0,0,0,0,1.0,0.9,0,0,0,0,0,0,0,0,0,0,0,0,0,0,0,0,0,0,0,0,0,0,0,0,0,0,0,0,0,0,0,0,0,0,0,0,0,0,0
Trepça,"D. Kapiti, J. Payne, M. Amzil, M. Tmusic, S. Henry",Rahoveci 029,"A. Thomas, F. Rugova, J. Roche, K. Pullian, V. Ejupi",1,34,0.6,1.0,0,0,0,0,0,0,0,0,0,0,0,1,1,0,0,0,1,1,0,0,2,0,0,0,0,0,0,0,1,0,1,0,0,0,0,0,1.0,0.9,0,0,0,0,0,0,0,0,0,0,0,0,0,0,0,0,0,0,0,0,0,0,0,0,0,0,0,0,0,0,0,0,0,0,0,0,0,0,0
Trepça,"D. Hajrizi, D. Kapiti, J. Payne, M. Tmusic, S. Henry",Rahoveci 029,"A. Thomas, F. Rugova, J. Roche, K. Pullian, V. Ejupi",1,20,0.3,1.0,2,1,1,100,0,0,0,0,0,0,0,0,0,0,0,0,0,0,0,0,0,0,0,0,0,0,0,0,0,0,0,0,0,0,1,0,1.0,1.0,200,0,200,0,200,-200,2,0,0,0,0,0,0,0,0,0,0,0,0,0,0,0,0,0,0,0,0,0,0,0,0,0,0,0,0,0,0,0,0
Trepça,"B. Tuna, D. Hajrizi, D. Kapiti, J. Payne, S. Henry",Rahoveci 029,"A. Thomas, J. Mccorrmick, K. Ujkani, N. Mcloud, V. Ejupi",1,53,0.9,1.0,0,0,1,0,0,0,0,0,0,0,0,0,0,0,0,0,0,1,2,1,1,100,0,0,0,0,0,0,0,1,1,0,0,0,0,0,1.0,1.0,0,200,-200,200,0,200,-2,0,0,0,0,0,0,0,0,0,0,0,0,0,0,0,0,0,0,0,0,0,0,0,0,0,0,0,0,0,0,0,0
Golden Eagle Ylli,"A. Scott, D. Conger, D. Thomas, L. Shoshi, S. Bamforth",Bora,"A. Hot, A. Hunter, J. Zeqiri, R. Memedi, S. Jules",1,37,0.6,1.0,2,1,1,100,0,0,0,0,0,0,0,0,0,1,1,0,0,0,0,0,0,0,0,0,0,0,0,0,0,0,0,0,0,0,1,1,1.0,1.0,200,0,200,0,200,-200,2,0,0,0,0,0,0,0,0,0,0,0,0,0,0,0,0,0,0,0,0,0,0,0,0,0,0,0,0,0,0,0,0
Golden Eagle Ylli,"A. Scott, D. Conger, G. Morina, S. Bamforth, T. Smith",Bora,"A. Hot, A. Hunter, J. Zeqiri, L. Thomas, T. Cheese",1,24,0.4,1.0,3,1,1,100,1,1,100,0,0,0,0,1,1,1,0,0,0,1,0,0,1,0,0,1,0,0,0,0,0,0,0,0,0,0,0,0,1.0,1.0,300,0,300,0,300,-300,3,0,0,0,0,0,0,0,0,0,0,0,0,0,0,0,0,0,0,0,0,0,0,0,0,0,0,0,0,0,0,0,0
Golden Eagle Ylli,"D. Thomas, E. Kastrati, J. Gray, L. Shoshi, S. Bamforth",Bora,"A. Hot, A. Hunter, L. Thomas, R. Ukaj, T. Cheese",1,71,1.2,1.0,0,0,1,0,0,1,0,0,0,0,0,1,1,0,0,0,0,0,0,0,1,0,0,1,0,0,0,0,0,1,1,0,0,0,0,1,1.0,1.0,0,0,0,0,0,0,0,0,0,0,0,0,0,0,0,0,0,0,0,0,0,0,0,0,0,0,0,0,0,0,0,0,0,0,0,0,0,0,0
Golden Eagle Ylli,"D. Thomas, E. Kastrati, J. Gray, L. Shoshi, S. Bamforth",Bora,"A. Hunter, L. Thomas, R. Memedi, R. Ukaj, T. Cheese",1,46,0.8,1.0,3,1,1,100,1,1,100,0,0,0,0,0,0,1,0,0,0,0,2,1,1,100,0,0,0,0,0,0,0,0,0,0,0,0,0,1,1.0,1.0,300,200,100,200,300,-100,1,0,0,0,0,0,0,0,0,0,0,0,0,0,0,0,0,0,0,0,0,0,0,0,0,0,0,0,0,0,0,0,0
Bora,"A. Hot, A. Hunter, J. Zeqiri, S. Jules, T. Cheese",Bashkimi,"D. Lake, I. Nwamu, L. Zeqiri, S. Shorter, V. Bunjaku",1,49,0.8,1.0,0,0,2,0,0,0,0,0,0,0,1,1,2,0,0,0,0,0,0,0,1,0,0,0,0,0,0,0,0,1,1,0,0,1,0,0,0.9,1.0,0,0,0,0,0,0,0,0,0,0,0,0,0,0,0,0,0,0,0,0,0,0,0,0,0,0,0,0,0,0,0,0,0,0,0,0,0,0,0
Bora,"A. Hot, A. Hunter, J. Zeqiri, R. Memedi, T. Cheese",Bashkimi,"I. Nwamu, K. Wooten, M. Janjeva, S. Shorter, V. Bunjaku",1,25,0.4,1.0,0,0,0,0,0,0,0,0,0,0,0,0,0,0,0,0,1,0,3,1,1,100,1,1,100,0,0,0,0,0,0,1,1,0,0,0,1.0,1.0,0,300,-300,300,0,300,-3,0,0,0,0,0,0,0,0,0,0,0,0,0,0,0,0,0,0,0,0,0,0,0,0,0,0,0,0,0,0,0,0
Rahoveci 029,"J. Mccormick, J. Roche, K. Pullian, K. Ujkani, V. Ejupi",Golden Eagle Ylli,"A. Scott, D. Conger, G. Morina, L. Shoshi, S. Bamforth",1,27,0.5,1.0,0,0,1,0,0,0,0,0,0,0,0,1,1,0,0,0,0,0,0,0,1,0,0,1,0,0,0,0,0,1,1,0,0,0,0,1,1.0,1.0,0,0,0,0,0,0,0,0,0,0,0,0,0,0,0,0,0,0,0,0,0,0,0,0,0,0,0,0,0,0,0,0,0,0,0,0,0,0,0
Rahoveci 029,"F. Rugova, J. Mccormick, K. Pullian, N. Mcleod, V. Ejupi",Golden Eagle Ylli,"A. Scott, D. Conger, G. Morina, S. Bamforth, T. Smith",1,40,0.7,1.0,0,0,1,0,0,0,0,0,0,0,0,1,1,0,0,0,0,0,0,0,1,0,0,0,0,0,0,0,0,1,1,0,0,0,0,0,1.0,1.0,0,0,0,0,0,0,0,0,0,0,0,0,0,0,0,0,0,0,0,0,0,0,0,0,0,0,0,0,0,0,0,0,0,0,0,0,0,0,0
Sigal Prishtina,"A. Bailey, A. Lomax, A. Sinani, E. Clarence, V. Kakruki",Trepça,"D. Hajrizi, D. Kapiti, J. Payne, M. Tmusic, S. Henry",1,51,0.8,1.0,0,0,1,0,0,0,0,0,0,0,0,0,0,0,0,0,0,2,0,0,0,0,0,0,0,0,0,0,0,1,1,0,0,0,1,0,1.0,1.0,0,0,0,0,0,0,0,0,0,0,0,0,0,0,0,0,0,0,0,0,0,0,0,0,0,0,0,0,0,0,0,0,0,0,0,0,0,0,0
Sigal Prishtina,"A. Bailey, A. Lomax, A. Morina, D. Haxhosaj, V. Kakruki",Trepça,"B. Tuna, J. Payne, K. Hasbrouck, M. Amzil, S. Jones",1,39,0.7,1.0,0,0,1,0,0,0,0,0,0,0,0,1,1,0,0,0,0,0,0,0,1,0,0,1,0,0,0,0,0,1,1,0,0,1,0,0,1.0,1.0,0,0,0,0,0,0,0,0,0,0,0,0,0,0,0,0,0,0,0,0,0,0,0,0,0,0,0,0,0,0,0,0,0,0,0,0,0,0,0
Sigal Prishtina,"A. Bailey, A. Lomax, A. Morina, E. Clarence, V. Kakruki",Trepça,"A. Vining, D. Hajrizi, J. Payne, K. Hasbrouck, S. Jones",1,47,0.8,1.0,2,1,1,100,0,0,0,0,0,0,0,1,1,0,0,0,0,2,0,0,1,0,0,1,0,0,0,0,0,0,0,0,0,0,0,0,1.0,1.0,200,0,200,0,200,-200,2,0,0,0,0,0,0,0,0,0,0,0,0,0,0,0,0,0,0,0,0,0,0,0,0,0,0,0,0,0,0,0,0
GO+Peja,"C. Edwards, F. Shoshaj, M. Mala, O. Williams, T. Green",Vëllaznimi,"A. Koshi, D. Wilson, J. Hellems, S. Zekiqi, Z. Reid",1,21,0.3,1.0,0,0,1,0,0,0,0,0,0,0,0,1,1,0,0,1,0,0,0,0,1,0,0,0,0,0,0,0,0,1,1,0,0,0,0,1,1.0,1.0,0,0,0,0,0,0,0,0,0,0,0,0,0,0,0,0,0,0,0,0,0,0,0,0,0,0,0,0,0,0,0,0,0,0,0,0,0,0,0
Bashkimi,"D. Lake, J. Riley, M. Janjeva, S. Shorter, V. Bunjaku",Vëllaznimi,"A. Koshi, D. Wilson, J. Hellems, R. Dahsyla, Y. Anei",1,29,0.5,1.0,2,1,1,100,0,0,0,0,0,0,0,0,0,0,0,0,0,0,3,1,1,100,1,1,100,0,0,0,0,0,0,1,0,0,0,0,1.0,1.0,200,300,-100,300,200,100,-1,0,0,0,0,0,0,0,0,0,0,0,0,0,0,0,0,0,0,0,0,0,0,0,0,0,0,0,0,0,0,0,0
Bashkimi,"D. Lake, J. Riley, L. Zeqiri, S. Shorter, V. Bunjaku",Vëllaznimi,"A. Koshi, D. Wilson, J. Hellems, R. Dahsyla, Y. Anei",1,42,0.7,1.0,2,1,1,100,0,0,0,0,0,0,0,1,1,1,0,0,0,1,0,0,2,0,0,2,0,0,0,0,1,0,1,0,0,0,0,1,1.0,0.9,200,0,200,0,200,-200,2,0,0,0,0,0,0,0,0,0,0,0,0,0,0,0,0,0,0,0,0,0,0,0,0,0,0,0,0,0,0,0,0
GO+Peja,"C. Edwards, C. Williams, F. Shoshaj, L. Routt, M. Mala",Trepça,"D. Hajrizi, D. Kapiti, J. Payne, K. Hasbrouck, S. Henry",1,45,0.8,1.0,3,1,2,50,1,2,50,0,0,0,1,1,2,1,0,0,0,2,0,0,1,0,0,0,0,0,0,0,0,0,0,0,0,0,0,0,0.9,1.0,322.6,0,322.6,0,322.6,-322.6,3,0,0,0,0,0,0,0,0,0,0,0,0,0,0,0,0,0,0,0,0,0,0,0,0,0,0,0,0,0,0,0,0
GO+Peja,"C. Edwards, C. Williams, D. Davis, F. Shoshaj, M. Mala",Trepça,"A. Vining, D. Kapiti, M. Amzil, M. Tmusic, S. Henry",1,29,0.5,1.0,0,0,1,0,0,1,0,0,0,0,0,0,0,0,1,0,0,0,0,0,0,0,0,0,0,0,0,0,0,1,1,0,0,0,1,0,1.0,1.0,0,0,0,0,0,0,0,0,0,0,0,0,0,0,0,0,0,0,0,0,0,0,0,0,0,0,0,0,0,0,0,0,0,0,0,0,0,0,0
GO+Peja,"A. Hajdari, C. Edwards, C. Williams, D. Bracey, M. Mala",Trepça,"A. Vining, D. Kapiti, J. Payne, K. Hasbrouck, M. Tmusic",1,22,0.4,1.0,0,0,1,0,0,1,0,0,0,0,0,0,0,0,0,0,0,0,3,1,1,100,1,1,100,0,0,0,0,0,0,0,0,0,0,0,1.0,1.0,0,300,-300,300,0,300,-3,0,0,0,0,0,0,0,0,0,0,0,0,0,0,0,0,0,0,0,0,0,0,0,0,0,0,0,0,0,0,0,0
Sigal Prishtina,"A. Bailey, A. Lomax, A. Morina, D. Burns, V. Kakruki",Golden Eagle Ylli,"D. Sabeckis, D. Thomas, J. Gray, L. Shoshi, S. Bamforth",1,45,0.8,1.0,0,0,2,0,0,2,0,0,0,0,1,1,2,0,0,0,0,1,0,0,1,0,0,1,0,0,0,0,0,1,1,0,0,0,0,0,0.9,1.0,0,0,0,0,0,0,0,0,0,0,0,0,0,0,0,0,0,0,0,0,0,0,0,0,0,0,0,0,0,0,0,0,0,0,0,0,0,0,0
Sigal Prishtina,"A. Lomax, A. Morina, D. Burns, E. Clarance, V. Kakruki",Golden Eagle Ylli,"D. Sabeckis, E. Kastrati, J. Gray, S. Bamforth, T. Smith",1,43,0.7,1.0,0,0,0,0,0,0,0,0,0,0,0,0,0,0,0,0,1,0,3,1,1,100,1,1,100,0,0,0,0,0,0,1,0,0,0,0,1.0,1.0,0,300,-300,300,0,300,-3,0,0,0,0,0,0,0,0,0,0,0,0,0,0,0,0,0,0,0,0,0,0,0,0,0,0,0,0,0,0,0,0
Rahoveci 029,"A. Thomas, F. Rugova, K. Pullian, K. Ujkani, N. Mcloud",Bora,"A. Hunter, J. Dingle, J. Zeqiri, R. Memedi, R. Ukaj",1,24,0.4,1.0,0,0,1,0,0,0,0,0,0,0,0,0,0,0,0,0,0,0,0,0,0,0,0,0,0,0,0,0,0,1,1,0,0,0,1,0,1.0,1.0,0,0,0,0,0,0,0,0,0,0,0,0,0,0,0,0,0,0,0,0,0,0,0,0,0,0,0,0,0,0,0,0,0,0,0,0,0,0,0
Rahoveci 029,"A. Thomas, F. Rugova, H. Durguti, J. Mccorrmick, N. Mcloud",Bora,"A. Hunter, J. Dingle, J. Zeqiri, R. Memedi, S. Jules",1,40,0.7,1.0,0,0,1,0,0,1,0,0,0,0,0,1,1,0,0,0,0,1,0,0,2,0,0,2,0,0,0,0,1,1,2,0,0,0,0,0,1.0,0.9,0,0,0,0,0,0,0,0,0,0,0,0,0,0,0,0,0,0,0,0,0,0,0,0,0,0,0,0,0,0,0,0,0,0,0,0,0,0,0
Rahoveci 029,"A. Thomas, F. Rugova, K. Pullian, N. Mcloud, V. Ejupi",Bashkimi,"D. Lake, J. Riley, L. Zeqiri, S. Shorter, V. Bunjaku",1,28,0.5,1.0,0,0,1,0,0,1,0,0,0,0,0,0,0,0,0,0,0,0,0,0,0,0,0,0,0,0,0,0,0,1,1,0,0,0,1,0,1.0,1.0,0,0,0,0,0,0,0,0,0,0,0,0,0,0,0,0,0,0,0,0,0,0,0,0,0,0,0,0,0,0,0,0,0,0,0,0,0,0,0
Rahoveci 029,"A. Thomas, H. Durguti, J. Mccorrmick, K. Pullian, K. Ujkani",Bashkimi,"J. Riley, K. Wooten, L. Zeqiri, M. Armstead, S. Shorter",1,49,0.8,1.0,2,1,1,100,0,0,0,0,0,0,0,0,0,0,0,1,0,1,2,1,2,50,0,0,0,0,0,0,1,0,1,0,0,0,0,0,1.0,0.9,200,215.1,-15.1,215.1,200,15.1,0,0,0,0,0,0,0,0,0,0,0,0,0,0,0,0,0,0,0,0,0,0,0,0,0,0,0,0,0,0,0,0,0
Rahoveci 029,"F. Rugova, J. Mccorrmick, K. Pullian, N. Mcloud, V. Ejupi",Bashkimi,"J. Riley, K. Wooten, L. Zeqiri, M. Armstead, S. Shorter",1,39,0.7,1.0,2,1,1,100,0,0,0,0,0,0,0,1,1,0,0,0,0,0,0,0,1,0,0,1,0,0,0,0,0,0,0,0,0,0,0,0,1.0,1.0,200,0,200,0,200,-200,2,0,0,0,0,0,0,0,0,0,0,0,0,0,0,0,0,0,0,0,0,0,0,0,0,0,0,0,0,0,0,0,0
Rahoveci 029,"A. Thomas, F. Rugova, J. Mccorrmick, N. Mcloud, V. Ejupi",Bashkimi,"D. Lake, J. Riley, L. Zeqiri, M. Armstead, S. Shorter",1,43,0.7,1.0,0,0,0,0,0,0,0,0,0,0,0,1,1,0,0,0,1,0,0,0,2,0,0,2,0,0,0,0,1,0,1,0,0,0,0,0,1.0,0.9,0,0,0,0,0,0,0,0,0,0,0,0,0,0,0,0,0,0,0,0,0,0,0,0,0,0,0,0,0,0,0,0,0,0,0,0,0,0,0
Rahoveci 029,"A. Berisha, A. Thomas, J. Mccorrmick, N. Mcloud, V. Ejupi",Bashkimi,"D. Lake, J. Riley, K. Anderson, L. Zeqiri, M. Armstead",1,24,0.4,1.0,0,0,1,0,0,0,0,0,0,0,0,0,0,0,0,0,0,0,2,1,1,100,0,0,0,0,0,0,0,0,0,1,0,0,0,0,1.0,1.0,0,200,-200,200,0,200,-2,0,0,0,0,0,0,0,0,0,0,0,0,0,0,0,0,0,0,0,0,0,0,0,0,0,0,0,0,0,0,0,0
Rahoveci 029,"A. Thomas, B. Rexha, F. Rugova, J. Mccorrmick, K. Pullian",Bashkimi,"D. Lake, K. Anderson, L. Zeqiri, M. Armstead, S. Shorter",1,40,0.7,1.0,2,1,1,100,0,0,0,0,0,0,0,1,1,0,0,0,0,0,0,0,1,0,0,1,0,0,0,0,0,0,0,0,0,0,0,1,1.0,1.0,200,0,200,0,200,-200,2,0,0,0,0,0,0,0,0,0,0,0,0,0,0,0,0,0,0,0,0,0,0,0,0,0,0,0,0,0,0,0,0
Rahoveci 029,"A. Thomas, F. Rugova, J. Mccorrmick, K. Pullian, V. Ejupi",Bashkimi,"D. Lake, J. Riley, K. Anderson, L. Zeqiri, S. Shorter",1,23,0.4,1.0,0,0,0,0,0,0,0,0,0,0,0,0,0,0,1,0,1,0,0,0,0,0,0,0,0,0,0,0,0,0,0,0,1,0,1,0,1.0,1.0,0,0,0,0,0,0,0,0,0,0,0,0,0,0,0,0,0,0,0,0,0,0,0,0,0,0,0,0,0,0,0,0,0,0,0,0,0,0,0
Bora,"C. Bragg Jr, J. Dingle, J. Zeqiri, R. Memedi, T. Cheese",Sigal Prishtina,"A. Bailey, A. Lomax, A. Morina, D. Burns, V. Kakruki",1,27,0.5,1.0,0,0,1,0,0,0,0,0,0,0,0,1,1,0,0,1,0,1,0,0,1,0,0,0,0,0,0,0,0,1,1,0,0,0,0,0,1.0,1.0,0,0,0,0,0,0,0,0,0,0,0,0,0,0,0,0,0,0,0,0,0,0,0,0,0,0,0,0,0,0,0,0,0,0,0,0,0,0,0
Bora,"A. Hunter, J. Zeqiri, R. Memedi, S. Jules, T. Cheese",Sigal Prishtina,"A. Bailey, A. Lomax, A. Sinani, E. Clarance, V. Kakruki",1,37,0.6,1.0,0,0,2,0,0,2,0,0,0,0,1,0,1,0,0,0,0,0,0,0,0,0,0,0,0,0,0,0,0,1,1,0,0,0,1,0,0.9,1.0,0,0,0,0,0,0,0,0,0,0,0,0,0,0,0,0,0,0,0,0,0,0,0,0,0,0,0,0,0,0,0,0,0,0,0,0,0,0,0
Bora,"A. Hot, C. Bragg Jr, J. Dingle, R. Memedi, T. Cheese",Sigal Prishtina,"A. Bailey, A. Lomax, A. Morina, D. Burns, V. Kakruki",1,47,0.8,1.0,3,1,1,100,1,1,100,0,0,0,0,1,1,0,0,0,0,0,0,0,1,0,0,1,0,0,0,0,0,0,0,0,0,0,0,0,1.0,1.0,300,0,300,0,300,-300,3,0,0,0,0,0,0,0,0,0,0,0,0,0,0,0,0,0,0,0,0,0,0,0,0,0,0,0,0,0,0,0,0
Golden Eagle Ylli,"D. Sabeckis, D. Thomas, E. Kastrati, S. Bamforth, T. Smith",GO+Peja,"A. Hajdari, C. Edwards, C. Williams, D. Bracey, S. Llapi",1,49,0.8,1.0,0,0,1,0,0,0,0,0,0,0,1,0,1,0,0,0,1,0,2,1,1,100,0,0,0,0,0,0,0,0,0,0,1,0,0,1,0.9,1.0,0,200,-200,200,0,200,-2,0,0,0,0,0,0,0,0,0,0,0,0,0,0,0,0,0,0,0,0,0,0,0,0,0,0,0,0,0,0,0,0
Trepça,"D. Kapiti, J. Payne, M. Amzil, M. Tmusic, S. Henry",Vëllaznimi,"A. Gordon, D. Wilson, J. Hellems, R. Dahsyla, S. Zekiqi",1,42,0.7,1.0,0,0,1,0,0,0,0,0,0,0,0,0,0,0,0,0,0,1,2,1,1,100,0,0,0,0,0,0,0,1,1,1,0,0,0,0,1.0,1.0,0,200,-200,200,0,200,-2,0,0,0,0,0,0,0,0,0,0,0,0,0,0,0,0,0,0,0,0,0,0,0,0,0,0,0,0,0,0,0,0
Trepça,"B. Tuna, J. Payne, K. Hasbrouck, M. Amzil, S. Jones",Vëllaznimi,"A. Rushiti, D. Wilson, J. Hellems, R. Dahsyla, Y. Anei",1,29,0.5,1.0,0,0,0,0,0,0,0,0,0,0,0,1,1,0,0,0,1,1,0,0,2,0,0,0,0,0,0,0,1,0,1,0,1,0,0,0,1.0,0.9,0,0,0,0,0,0,0,0,0,0,0,0,0,0,0,0,0,0,0,0,0,0,0,0,0,0,0,0,0,0,0,0,0,0,0,0,0,0,0
Trepça,"D. Hajrizi, D. Kapiti, J. Payne, K. Hasbrouck, S. Henry",Vëllaznimi,"A. Gordon, A. Koshi, J. Hellems, R. Dahsyla, T. Todd",1,39,0.7,1.0,2,1,1,100,0,0,0,0,0,0,0,0,0,1,1,0,0,0,0,0,0,0,0,0,0,0,0,0,0,0,0,0,0,0,1,1,1.0,1.0,200,0,200,0,200,-200,2,0,0,0,0,0,0,0,0,0,0,0,0,0,0,0,0,0,0,0,0,0,0,0,0,0,0,0,0,0,0,0,0
Bashkimi,"J. Riley, K. Wooten, M. Janjeva, S. Shorter, V. Bunjaku",Trepça,"D. Hajrizi, J. Payne, K. Hasbrouck, M. Amzil, M. Tmusic",1,53,0.9,1.0,0,0,1,0,0,0,0,0,0,0,0,1,1,0,0,0,0,1,0,0,1,0,0,1,0,0,0,0,0,1,1,0,0,0,0,0,1.0,1.0,0,0,0,0,0,0,0,0,0,0,0,0,0,0,0,0,0,0,0,0,0,0,0,0,0,0,0,0,0,0,0,0,0,0,0,0,0,0,0
Bashkimi,"D. Lake, J. Riley, M. Janjeva, S. Shorter, V. Bunjaku",Trepça,"D. Hajrizi, K. Hasbrouck, M. Amzil, M. Tmusic, S. Henry",1,27,0.5,1.0,0,0,1,0,0,0,0,0,0,0,1,0,1,0,0,0,1,0,0,0,0,0,0,0,0,0,0,0,0,0,0,0,1,0,1,1,0.9,1.0,0,0,0,0,0,0,0,0,0,0,0,0,0,0,0,0,0,0,0,0,0,0,0,0,0,0,0,0,0,0,0,0,0,0,0,0,0,0,0
Bashkimi,"I. Nwamu, J. Riley, K. Wooten, M. Ismaili, V. Bunjaku",Trepça,"B. Tuna, J. Payne, K. Hasbrouck, M. Amzil, M. Tmusic",1,30,0.5,1.0,0,0,1,0,0,1,0,0,0,0,0,1,1,0,0,0,0,0,0,0,1,0,0,0,0,0,0,0,0,1,1,0,0,1,0,1,1.0,1.0,0,0,0,0,0,0,0,0,0,0,0,0,0,0,0,0,0,0,0,0,0,0,0,0,0,0,0,0,0,0,0,0,0,0,0,0,0,0,0
Vëllaznimi,"J. Hellems, R. Dahsyla, S. Zekiqi, T. Todd, Z. Reid",Golden Eagle Ylli,"A. Çallakaj, D. Sabeckis, D. Thomas, L. Shoshi, S. Bamforth",1,32,0.5,1.0,2,1,1,100,0,0,0,0,0,0,0,1,1,1,0,0,0,0,0,0,1,0,0,1,0,0,0,0,0,0,0,0,0,0,0,1,1.0,1.0,200,0,200,0,200,-200,2,0,0,0,0,0,0,0,0,0,0,0,0,0,0,0,0,0,0,0,0,0,0,0,0,0,0,0,0,0,0,0,0
Vëllaznimi,"D. Wilson, J. Hellems, R. Dahsyla, S. Zekiqi, Y. Anei",Golden Eagle Ylli,"D. Sabeckis, G. Morina, J. Gray, L. Shoshi, S. Bamforth",1,63,1.1,1.0,3,1,1,100,1,1,100,0,0,0,0,0,0,0,0,0,0,0,3,1,2,50,1,2,50,0,0,0,1,0,1,1,0,0,0,0,1.0,0.9,300,322.6,-22.6,322.6,300,22.6,0,0,0,0,0,0,0,0,0,0,0,0,0,0,0,0,0,0,0,0,0,0,0,0,0,0,0,0,0,0,0,0,0
Vëllaznimi,"A. Koshi, D. Wilson, R. Dahsyla, Y. Anei, Z. Reid",Golden Eagle Ylli,"D. Sabeckis, G. Morina, J. Gray, L. Shoshi, S. Bamforth",1,45,0.8,1.0,3,1,1,100,1,1,100,0,0,0,0,1,1,1,0,0,0,0,0,0,1,0,0,0,0,0,0,0,0,0,0,0,0,0,0,1,1.0,1.0,300,0,300,0,300,-300,3,0,0,0,0,0,0,0,0,0,0,0,0,0,0,0,0,0,0,0,0,0,0,0,0,0,0,0,0,0,0,0,0
Sigal Prishtina,"A. Bailey, A. Lomax, A. Morina, D. Burns, V. Kakruki",Rahoveci 029,"A. Thomas, B. Rexha, J. Mccorrmick, K. Pullian, V. Ejupi",1,56,0.9,1.0,0,0,1,0,0,0,0,0,0,0,0,1,1,0,0,0,0,0,0,0,1,0,0,0,0,0,0,0,0,1,1,0,0,0,0,0,1.0,1.0,0,0,0,0,0,0,0,0,0,0,0,0,0,0,0,0,0,0,0,0,0,0,0,0,0,0,0,0,0,0,0,0,0,0,0,0,0,0,0
Sigal Prishtina,"A. Bailey, A. Morina, D. Burns, E. Clarance, V. Kakruki",Rahoveci 029,"A. Berisha, A. Thomas, B. Rexha, F. Rugova, J. Mccorrmick",1,34,0.6,1.0,0,0,1,0,0,1,0,0,0,0,0,0,0,0,0,0,0,0,0,0,0,0,0,0,0,0,0,0,0,1,1,0,0,0,1,0,1.0,1.0,0,0,0,0,0,0,0,0,0,0,0,0,0,0,0,0,0,0,0,0,0,0,0,0,0,0,0,0,0,0,0,0,0,0,0,0,0,0,0
Sigal Prishtina,"A. Bailey, A. Morina, D. Burns, E. Clarance, V. Kakruki",Rahoveci 029,"A. Berisha, A. Thomas, F. Rugova, J. Mccorrmick, N. Mcloud",1,41,0.7,1.0,3,1,1,100,1,1,100,0,0,0,0,1,1,0,0,0,0,1,0,0,1,0,0,1,0,0,0,0,0,0,0,0,0,0,0,0,1.0,1.0,300,0,300,0,300,-300,3,0,0,0,0,0,0,0,0,0,0,0,0,0,0,0,0,0,0,0,0,0,0,0,0,0,0,0,0,0,0,0,0
Sigal Prishtina,"A. Lomax, A. Morina, D. Burns, E. Clarance, V. Kakruki",Rahoveci 029,"A. Thomas, B. Rexha, J. Mccorrmick, K. Pullian, V. Ejupi",1,55,0.9,1.0,0,0,1,0,0,0,0,0,0,0,0,1,1,0,0,0,0,0,0,0,1,0,0,1,0,0,0,0,0,1,1,0,0,0,0,1,1.0,1.0,0,0,0,0,0,0,0,0,0,0,0,0,0,0,0,0,0,0,0,0,0,0,0,0,0,0,0,0,0,0,0,0,0,0,0,0,0,0,0
Vëllaznimi,"A. Koshi, E. Cingu, J. Ismajli, R. Dahsyla, Z. Ried",Bashkimi,"A. Morina, J. Bailey, T. Brickerstaff, V. Bunjaku, V. Gjeçaj",1,23,0.4,0.9,2,0,0,0,0,0,0,2,2,100,0,1,1,0,0,0,0,0,0,0,1,0,0,1,0,0,0,0,0,0,0,0,0,0,0,0,0.9,1.0,227.3,0,227.3,0,227.3,-227.3,2,0,0,0,0,0,0,0,0,0,0,0,0,0,0,0,0,0,0,0,0,0,0,0,0,0,0,0,0,0,0,0,0
Vëllaznimi,"A. Koshi, E. Cingu, O. Dylazeka, U. Ahmeti, Z. Ried",Bashkimi,"B. Bytyqi, D. Lake, J. Bailey, T. Brickerstaff, V. Bunjaku",1,41,0.7,0.9,0,0,1,0,0,1,0,0,0,0,0,0,0,0,0,0,0,0,1,0,0,0,0,0,0,1,2,50,0,1,1,0,0,0,0,0,1.0,0.9,0,113.6,-113.6,113.6,0,113.6,-1,0,0,0,0,0,0,0,0,0,0,0,0,0,0,0,0,0,0,0,0,0,0,0,0,0,0,0,0,0,0,0,0
Trepça,"C. Brown, C. Russell, D. Hajrizi, J. Payne, M. Tmusic",GO+ Peja,"C. Edwards, J. Johnson, M. Armstread, M. Mala, T. Green",1,29,0.5,0.9,2,0,0,0,0,0,0,2,2,100,0,1,1,1,0,0,0,0,0,0,2,0,0,1,0,0,0,0,1,0,1,0,0,0,0,1,0.9,0.9,227.3,0,227.3,0,227.3,-227.3,2,0,0,0,0,0,0,0,0,0,0,0,0,0,0,0,0,0,0,0,0,0,0,0,0,0,0,0,0,0,0,0,0
Golden Eagle Ylli,"A. Qallaku, B. Huffman, G. Morina, L. Basic, T. Allen",Sigal Prishtina,"A. Azemi, A. Bailey, D. Polloshka, L. Autrey, M. Janjeva",1,32,0.5,0.9,1,0,0,0,0,0,0,1,2,50,0,0,0,1,0,0,0,1,1,0,0,0,0,0,0,1,2,50,0,1,1,0,0,0,0,1,0.9,0.9,113.6,113.6,0,113.6,113.6,0,0,0,0,0,0,0,0,0,0,0,0,0,0,0,0,0,0,0,0,0,0,0,0,0,0,0,0,0,0,0,0,0,0
Golden Eagle Ylli,"E. Kastrati, G. Morina, J. Reece, L. Thomas, T. Allen",Sigal Prishtina,"A. Azemi, A. Bailey, D. Polloshka, L. Autrey, V. Kakruki",1,33,0.6,0.9,2,0,0,0,0,0,0,2,2,100,0,0,0,0,0,0,0,0,2,1,1,100,0,0,0,0,0,0,0,0,0,0,0,0,0,1,0.9,1.0,227.3,200,27.3,200,227.3,-27.3,0,0,0,0,0,0,0,0,0,0,0,0,0,0,0,0,0,0,0,0,0,0,0,0,0,0,0,0,0,0,0,0,0
Golden Eagle Ylli,"E. Kastrati, G. Morina, L. Shoshi, L. Thomas, T. Allen",Sigal Prishtina,"A. Azemi, A. Bailey, D. Polloshka, L. Autrey, V. Kakruki",1,57,0.9,0.9,0,0,3,0,0,2,0,0,0,0,2,0,2,0,1,0,0,0,0,0,0,0,0,0,0,0,0,0,0,1,1,0,0,0,1,0,0.9,1.0,0,0,0,0,0,0,0,0,0,0,0,0,0,0,0,0,0,0,0,0,0,0,0,0,0,0,0,0,0,0,0,0,0,0,0,0,0,0,0
GO+Peja,"A. Herndon, D. Berisha, J. Johnson, M. Mala, S. Flatten",Golden Eagle Ylli,"A. Çallakaj, B. Huffman, G. Morina, L. Basic, T. Allen",1,24,0.4,0.9,0,0,0,0,0,0,0,0,2,0,0,0,0,0,0,0,0,1,2,0,0,0,0,0,0,2,2,100,0,1,1,1,0,0,0,1,0.9,0.9,0,227.3,-227.3,227.3,0,227.3,-2,0,0,0,0,0,0,0,0,0,0,0,0,0,0,0,0,0,0,0,0,0,0,0,0,0,0,0,0,0,0,0,0
GO+Peja,"A. Herndon, D. Berisha, J. Johnson, M. Armstead, T. Green",Golden Eagle Ylli,"A. Çallakaj, G. Morina, L. Basic, L. Thomas, T. Allen",1,9,0.1,0.9,1,0,0,0,0,0,0,1,2,50,0,1,1,0,0,1,0,0,0,0,1,0,0,0,0,0,0,0,0,0,0,0,0,0,0,0,0.9,1.0,113.6,0,113.6,0,113.6,-113.6,1,0,0,0,0,0,0,0,0,0,0,0,0,0,0,0,0,0,0,0,0,0,0,0,0,0,0,0,0,0,0,0,0
Vëllaznimi,"A. Bedra, E. Cingu, M. Warrick, U. Ahmeti, Z. Ried",Trepça,"A. Gashi, B. Zekiqi, D. Kapiti, J. Payne, M. Amzil",1,24,0.4,0.9,2,1,2,50,0,0,0,0,0,0,1,0,1,0,0,0,0,0,2,0,0,0,0,0,0,2,2,100,0,0,0,1,0,1,0,0,0.9,0.9,215.1,227.3,-12.2,227.3,215.1,12.2,0,0,0,0,0,0,0,0,0,0,0,0,0,0,0,0,0,0,0,0,0,0,0,0,0,0,0,0,0,0,0,0,0
Trepça,"C. Brown, D. Hajrizi, J. Payne, M. Amzil, M. Tmusic",Bashkimi,"D. Lake, J. Baily, K. Anderson, L. Zeqiri, V. Bunjaku",1,36,0.6,0.9,2,0,1,0,0,1,0,2,2,100,1,0,1,0,0,0,0,0,2,1,1,100,0,0,0,0,0,0,0,0,0,1,0,0,0,1,0.8,1.0,246.9,200,46.9,200,246.9,-46.9,0,0,0,0,0,0,0,0,0,0,0,0,0,0,0,0,0,0,0,0,0,0,0,0,0,0,0,0,0,0,0,0,0
Trepça,"C. Brown, D. Hajrizi, J. Payne, M. Amzil, M. Tmusic",Bashkimi,"D. Lake, I. Cousins, J. Palokaj, K. Anderson, M. Ismaili",1,41,0.7,0.9,2,1,4,25,0,0,0,0,0,0,3,1,4,0,0,0,0,0,0,0,1,0,0,0,0,0,0,0,0,0,0,0,0,0,0,2,0.8,1.0,253.2,0,253.2,0,253.2,-253.2,2,0,0,0,0,0,0,0,0,0,0,0,0,0,0,0,0,0,0,0,0,0,0,0,0,0,0,0,0,0,0,0,0
Golden Eagle Ylli,"A. Çallakaj, G. Morina, L. Basic, L. Shoshi, T. Allen",Vëllaznimi,"A. Koshi, J. Ismajli, L. Colimerio, M. Warrick, Z. Reid",1,31,0.5,0.9,2,0,0,0,0,0,0,2,2,100,0,1,1,0,0,0,0,0,0,0,1,0,0,1,0,0,0,0,0,0,0,0,0,0,0,1,0.9,1.0,227.3,0,227.3,0,227.3,-227.3,2,0,0,0,0,0,0,0,0,0,0,0,0,0,0,0,0,0,0,0,0,0,0,0,0,0,0,0,0,0,0,0,0
Golden Eagle Ylli,"A. Çallakaj, J. Reece, L. Basic, L. Shoshi, L. Thomas",Vëllaznimi,"A. Koshi, L. Colimerio, M. Warrick, R. Dahsyla, Y. Anei",1,39,0.7,0.9,2,1,1,100,0,0,0,0,0,0,0,0,0,1,0,0,0,2,2,0,0,0,0,0,0,2,2,100,0,0,0,0,0,0,0,0,1.0,0.9,200,227.3,-27.3,227.3,200,27.3,0,0,0,0,0,0,0,0,0,0,0,0,0,0,0,0,0,0,0,0,0,0,0,0,0,0,0,0,0,0,0,0,0
Golden Eagle Ylli,"A. Gashi, A. Çallakaj, L. Basic, L. Thomas, T. Allen",Vëllaznimi,"J. Ismajli, L. Colimerio, M. Warrick, R. Dahsyla, Z. Reid",1,5,0.1,0.9,1,0,0,0,0,0,0,1,2,50,0,0,0,0,0,0,0,0,0,0,1,0,0,1,0,0,0,0,0,0,0,0,0,0,0,1,0.9,1.0,113.6,0,113.6,0,113.6,-113.6,1,0,0,0,0,0,0,0,0,0,0,0,0,0,0,0,0,0,0,0,0,0,0,0,0,0,0,0,0,0,0,0,0
Rahoveci 029,"A. Berisha, B. Rexha, I. Umipig, J. Jones, P. Weekes",Sigal Prishtina,"A. Azemi, A. Bailey, D. Polloshka, K. Kramer, L. Autrey",1,73,1.2,0.9,0,0,3,0,0,1,0,0,0,0,2,0,2,0,0,0,0,2,2,0,0,0,0,0,0,2,2,100,0,1,1,0,0,2,0,0,0.9,0.9,0,227.3,-227.3,227.3,0,227.3,-2,0,0,0,0,0,0,0,0,0,0,0,0,0,0,0,0,0,0,0,0,0,0,0,0,0,0,0,0,0,0,0,0
Bashkimi,"I. Cousins, J. Baily, J. Palokaj, T. Bickerstaff, V. Bunjaku",Sigal Prishtina,"A. Azemi, A. Bailey, D. Lekndreaj, K. Kramer, L. Autrey",1,41,0.7,0.9,2,1,1,100,0,0,0,0,0,0,0,0,0,0,0,0,0,1,2,0,0,0,0,0,0,2,2,100,0,0,0,0,0,0,0,0,1.0,0.9,200,227.3,-27.3,227.3,200,27.3,0,0,0,0,0,0,0,0,0,0,0,0,0,0,0,0,0,0,0,0,0,0,0,0,0,0,0,0,0,0,0,0,0
GO+Peja,"A. Hajdari, A. Herndon, D. Morris, M. Armstead, T. Green",Rahoveci 029,"E. Peci, F. Rugova, I. Umipig, J. Roche, K. Pullian",1,22,0.4,0.9,2,0,0,0,0,0,0,2,2,100,0,1,1,0,0,0,0,0,0,0,1,0,0,0,0,0,0,0,0,0,0,0,0,0,0,1,0.9,1.0,227.3,0,227.3,0,227.3,-227.3,2,0,0,0,0,0,0,0,0,0,0,0,0,0,0,0,0,0,0,0,0,0,0,0,0,0,0,0,0,0,0,0,0
GO+Peja,"A. Hajdari, A. Herndon, D. Morris, M. Armstead, T. Green",Rahoveci 029,"E. Peci, F. Rugova, I. Umipig, J. Jones, J. Roche",1,42,0.7,0.9,2,1,2,50,0,0,0,0,0,0,1,1,2,1,0,0,0,0,0,0,2,0,0,1,0,0,0,0,1,0,1,0,0,0,0,0,0.9,0.9,215.1,0,215.1,0,215.1,-215.1,2,0,0,0,0,0,0,0,0,0,0,0,0,0,0,0,0,0,0,0,0,0,0,0,0,0,0,0,0,0,0,0,0
Golden Eagle Ylli,"A. Çallakaj, G. Morina, L. Basic, L. Shoshi, T. Allen",Bashkimi,"D. Lake, I. Cousins, J. Bailey, J. Palokaj, V. Bunjaku",1,21,0.3,0.9,0,0,1,0,0,0,0,0,0,0,0,0,0,0,0,0,0,1,2,0,0,0,0,0,0,2,2,100,0,1,1,1,0,1,0,0,1.0,0.9,0,227.3,-227.3,227.3,0,227.3,-2,0,0,0,0,0,0,0,0,0,0,0,0,0,0,0,0,0,0,0,0,0,0,0,0,0,0,0,0,0,0,0,0
Golden Eagle Ylli,"A. Çallakaj, B. Huffman, G. Morina, L. Basic, T. Allen",Bashkimi,"J. Bailey, K. Anderson, M. Ismaili, T. Bickerstaff, V. Bunjaku",1,45,0.8,0.9,2,1,3,33.3,0,0,0,0,0,0,2,1,3,0,0,0,0,0,0,0,1,0,0,1,0,0,0,0,0,0,0,0,0,0,0,2,0.9,1.0,232.6,0,232.6,0,232.6,-232.6,2,0,0,0,0,0,0,0,0,0,0,0,0,0,0,0,0,0,0,0,0,0,0,0,0,0,0,0,0,0,0,0,0
Golden Eagle Ylli,"A. Çallakaj, J. Reece, L. Basic, L. Shoshi, T. Allen",Bashkimi,"D. Lake, J. Bailey, J. Palokaj, K. Anderson, V. Bunjaku",1,18,0.3,0.9,0,0,1,0,0,0,0,0,0,0,0,1,1,0,0,0,0,0,0,0,0,0,0,0,0,0,2,0,0,1,1,0,0,0,0,0,1.0,0.9,0,0,0,0,0,0,0,0,0,0,0,0,0,0,0,0,0,0,0,0,0,0,0,0,0,0,0,0,0,0,0,0,0,0,0,0,0,0,0
Golden Eagle Ylli,"A. Çallakaj, B. Huffman, J. Reece, L. Thomas, T. Allen",Bashkimi,"A. Morina, I. Cousins, J. Palokaj, K. Anderson, T. Bickerstaff",1,21,0.3,0.9,0,0,2,0,0,0,0,0,0,0,1,0,1,0,0,0,0,1,2,0,0,0,0,0,0,2,2,100,0,1,1,0,0,0,0,1,0.9,0.9,0,227.3,-227.3,227.3,0,227.3,-2,0,0,0,0,0,0,0,0,0,0,0,0,0,0,0,0,0,0,0,0,0,0,0,0,0,0,0,0,0,0,0,0
Golden Eagle Ylli,"A. Çallakaj, B. Huffman, G. Morina, L. Thomas, T. Allen",Bashkimi,"A. Morina, J. Bailey, K. Anderson, T. Bickerstaff, V. Bunjaku",1,37,0.6,0.9,2,0,0,0,0,0,0,2,2,100,0,0,0,0,0,0,0,0,2,1,1,100,0,0,0,0,0,0,0,0,0,0,0,0,0,1,0.9,1.0,227.3,200,27.3,200,227.3,-27.3,0,0,0,0,0,0,0,0,0,0,0,0,0,0,0,0,0,0,0,0,0,0,0,0,0,0,0,0,0,0,0,0,0
Sigal Prishtina,"A. Azemi, D. Burns, D. Haxhosaj, L. Autrey, V. Kakruki",GO+Peja,"A. Herndon, D. Berisha, J. Johnson, M. Mala, T. Green",1,36,0.6,0.9,2,1,1,100,0,0,0,0,0,0,0,0,0,1,0,0,0,1,1,0,0,0,0,0,0,1,2,50,0,0,0,1,0,0,0,0,1.0,0.9,200,113.6,86.4,113.6,200,-86.4,1,0,0,0,0,0,0,0,0,0,0,0,0,0,0,0,0,0,0,0,0,0,0,0,0,0,0,0,0,0,0,0,0
Sigal Prishtina,"A. Azemi, A. Bailey, D. Burns, D. Polloshka, V. Kakruki",GO+Peja,"D. Berisha, M. Armstead, M. Mala, S. Flatten, T. Green",1,5,0.1,0.9,2,1,1,100,0,0,0,0,0,0,0,0,0,0,0,0,0,0,2,0,0,0,0,0,0,2,2,100,0,0,0,0,0,0,0,0,1.0,0.9,200,227.3,-27.3,227.3,200,27.3,0,0,0,0,0,0,0,0,0,0,0,0,0,0,0,0,0,0,0,0,0,0,0,0,0,0,0,0,0,0,0,0,0
Vëllaznimi,"A. Koshi, J. Ismajli, L. Colimerio, M. Warrick, Z. Ride",Sigal Prishtina,"A. Azemi, A. Bailey, D. Lekndreaj, D. Polloshka, K. Kramer",1,38,0.6,0.9,0,0,1,0,0,0,0,0,0,0,0,0,0,0,0,0,0,1,2,0,0,0,0,0,0,2,2,100,0,1,1,0,0,0,0,0,1.0,0.9,0,227.3,-227.3,227.3,0,227.3,-2,0,0,0,0,0,0,0,0,0,0,0,0,0,0,0,0,0,0,0,0,0,0,0,0,0,0,0,0,0,0,0,0
Trepça,"A. Arslanagic, C. Brown, D. Hajrizi, M. Amzil, M. Tmusic",Rahoveci 029,"E. Peci, F. Rugova, I. Umipig, J. Roche, K. Pullian",1,59,1.0,0.9,0,0,3,0,0,0,0,0,0,0,2,0,2,0,0,0,0,1,2,1,1,100,0,0,0,0,0,0,0,1,1,1,0,0,0,0,0.9,1.0,0,200,-200,200,0,200,-2,0,0,0,0,0,0,0,0,0,0,0,0,0,0,0,0,0,0,0,0,0,0,0,0,0,0,0,0,0,0,0,0
Trepça,"A. Arslanagic, C. Brown, D. Hajrizi, J. Payne, M. Tmusic",Rahoveci 029,"H. Durguti, I. Umipig, K. Pullian, K. Ujkani, P. Weekes",1,32,0.5,0.9,2,1,1,100,0,0,0,0,0,0,0,0,0,0,0,0,0,0,2,0,1,0,0,0,0,2,2,100,1,0,1,0,0,0,0,0,1.0,0.8,200,246.9,-46.9,246.9,200,46.9,0,0,0,0,0,0,0,0,0,0,0,0,0,0,0,0,0,0,0,0,0,0,0,0,0,0,0,0,0,0,0,0,0
Golden Eagle Ylli,"A. Çallakaj, J. Reece, L. Shoshi, L. Thomas, T. Allen",Bora,"A. Hot, G. Singleton, J. Zeqiri, S. Jules, T. Cheese",1,42,0.7,0.9,1,0,0,0,0,0,0,1,2,50,0,1,1,0,0,0,0,1,0,0,1,0,0,0,0,0,0,0,0,0,0,0,0,0,0,1,0.9,1.0,113.6,0,113.6,0,113.6,-113.6,1,0,0,0,0,0,0,0,0,0,0,0,0,0,0,0,0,0,0,0,0,0,0,0,0,0,0,0,0,0,0,0,0
Bora,"A. Hot, A. Mekic, G. Singleton, J. Zeqiri, S. Jules",Bashkimi,"I. Cousins, J. Palokaj, K. Anderson, L. Zeqiri, T. Bickerstaff",1,33,0.6,0.9,0,0,1,0,0,0,0,0,0,0,0,0,0,0,0,0,0,0,1,0,0,0,0,0,0,1,2,50,0,1,1,1,0,0,0,0,1.0,0.9,0,113.6,-113.6,113.6,0,113.6,-1,0,0,0,0,0,0,0,0,0,0,0,0,0,0,0,0,0,0,0,0,0,0,0,0,0,0,0,0,0,0,0,0
Bora,"A. Mekic, G. Zeqiri, O. Kurtaj, T. Jackson, Y. Pllana",Bashkimi,"D. Lake, J. Baily, M. Janjeva, T. Bickerstaff, V. Bunjaku",1,31,0.5,0.9,0,0,1,0,0,0,0,0,0,0,0,0,0,0,0,0,0,1,2,1,3,33.3,0,0,0,0,0,0,2,1,3,0,0,0,0,0,1.0,0.9,0,232.6,-232.6,232.6,0,232.6,-2,0,0,0,0,0,0,0,0,0,0,0,0,0,0,0,0,0,0,0,0,0,0,0,0,0,0,0,0,0,0,0,0
Sigal Prishtina,"A. Azemi, A. Bailey, D. Polloshka, E. Williams Jr, K. Kramer",Trepça,"A. Arslanagic, C. Brown, D. Hajrizi, M. Amzil, M. Tmusic",1,23,0.4,0.9,2,0,0,0,0,0,0,2,2,100,0,1,1,0,0,0,0,0,0,0,1,0,0,1,0,0,0,0,0,0,0,0,0,0,0,0,0.9,1.0,227.3,0,227.3,0,227.3,-227.3,2,0,0,0,0,0,0,0,0,0,0,0,0,0,0,0,0,0,0,0,0,0,0,0,0,0,0,0,0,0,0,0,0
GO+Peja,"D. Berisha, J. Johnson, M. Armstead, S. Flatten, T. Green",Vëllaznimi,"A. Koshi, J. Hellems, J. Ismajli, M. Warrick, Y. Anei",1,36,0.6,0.9,2,1,1,100,0,0,0,0,0,0,0,0,0,0,0,0,0,1,2,0,0,0,0,0,0,2,2,100,0,0,0,0,0,0,0,0,1.0,0.9,200,227.3,-27.3,227.3,200,27.3,0,0,0,0,0,0,0,0,0,0,0,0,0,0,0,0,0,0,0,0,0,0,0,0,0,0,0,0,0,0,0,0,0
GO+Peja,"D. Berisha, J. Johnson, M. Armstead, S. Flatten, T. Green",Vëllaznimi,"A. Bedra, A. Koshi, J. Hellems, M. Warrick, Y. Anei",1,45,0.8,0.9,1,0,0,0,0,0,0,1,2,50,0,0,0,1,0,0,0,0,0,0,0,0,0,0,0,0,0,0,0,0,0,0,0,0,1,3,0.9,1.0,113.6,0,113.6,0,113.6,-113.6,1,0,0,0,0,0,0,0,0,0,0,0,0,0,0,0,0,0,0,0,0,0,0,0,0,0,0,0,0,0,0,0,0
Bashkimi,"D. Lake, J. Baily, K. Anderson, L. Zeqiri, M. Ismaili",Vëllaznimi,"A. Koshi, J. Hellems, J. Ismajli, L. Colimerio, Z. Reid",1,43,0.7,0.9,1,0,0,0,0,0,0,1,2,50,0,1,1,1,0,0,0,0,0,0,1,0,0,1,0,0,0,0,0,0,0,0,0,0,0,2,0.9,1.0,113.6,0,113.6,0,113.6,-113.6,1,0,0,0,0,0,0,0,0,0,0,0,0,0,0,0,0,0,0,0,0,0,0,0,0,0,0,0,0,0,0,0,0
Rahoveci 029,"A. Patty, F. Rugova, I. Umipig, K. Pullian, V. Ejupi",Bora,"A. Mekic, C. Payton Jr, G. Zeqiri, R. Ukaj, T. Cheese",1,25,0.4,0.9,0,0,0,0,0,0,0,0,0,0,0,0,0,0,0,0,1,1,2,0,0,0,0,0,0,2,2,100,0,0,0,0,1,0,0,0,1.0,0.9,0,227.3,-227.3,227.3,0,227.3,-2,0,0,0,0,0,0,0,0,0,0,0,0,0,0,0,0,0,0,0,0,0,0,0,0,0,0,0,0,0,0,0,0
Rahoveci 029,"A. Patty, F. Rugova, H. Durguti, I. Umipig, J. Roche",Bora,"A. Hot, A. Hunter, A. Mekic, C. Payton Jr, R. Ukaj",1,64,1.1,0.9,2,1,3,33.3,0,2,0,0,0,0,2,0,2,0,0,0,0,1,3,1,2,50,1,2,50,0,0,0,1,0,1,1,0,0,0,0,0.9,0.9,232.6,322.6,-90,322.6,232.6,90,-1,0,0,0,0,0,0,0,0,0,0,0,0,0,0,0,0,0,0,0,0,0,0,0,0,0,0,0,0,0,0,0,0
Golden Eagle Ylli,"A. Gashi, A. Scott, A. Shala, A. Çallakaj, S. Ahmeti",GO+Peja,"E. Hasanaj, O. Sallabegolli, S. Flatten, S. Llapi, S. Nila",1,17,0.3,0.9,2,0,0,0,0,0,0,2,2,100,0,1,1,0,0,0,0,0,0,0,1,0,0,1,0,0,0,0,0,0,0,0,0,0,0,1,0.9,1.0,227.3,0,227.3,0,227.3,-227.3,2,0,0,0,0,0,0,0,0,0,0,0,0,0,0,0,0,0,0,0,0,0,0,0,0,0,0,0,0,0,0,0,0
Trepça,"A. Arslanagic, B. Tuna, D. Kapiti, J. Payne, M. Amzil",Vëllaznimi,"A. Koshi, J. Hellems, L. Colimerio, M. Warrick, R. Dahsyla",1,25,0.4,0.9,0,0,1,0,0,0,0,0,0,0,0,0,0,0,0,0,0,1,2,0,0,0,0,0,0,2,2,100,0,1,1,0,0,0,0,0,1.0,0.9,0,227.3,-227.3,227.3,0,227.3,-2,0,0,0,0,0,0,0,0,0,0,0,0,0,0,0,0,0,0,0,0,0,0,0,0,0,0,0,0,0,0,0,0
Trepça,"A. Arslanagic, B. Tuna, C. Brown, D. Kapiti, S. Henry",Vëllaznimi,"L. Colimerio, M. Warrick, R. Dahsyla, S. Zekiqi, Z. Reid",1,64,1.1,0.9,0,0,0,0,0,0,0,0,0,0,0,0,0,0,0,0,1,0,2,1,3,33.3,0,1,0,0,0,0,2,0,2,0,0,0,0,0,1.0,0.9,0,232.6,-232.6,232.6,0,232.6,-2,0,0,0,0,0,0,0,0,0,0,0,0,0,0,0,0,0,0,0,0,0,0,0,0,0,0,0,0,0,0,0,0
Bashkimi,"D. Lake, K. Anderson, L. Zeqiri, T. Bickerstaff, V. Bunjaku",Trepça,"B. Tuna, C. Brown, D. Hajrizi, J. Payne, S. Henry",1,35,0.6,0.9,0,0,1,0,0,0,0,0,0,0,0,0,0,0,0,1,0,0,1,0,1,0,0,0,0,1,2,50,1,1,2,0,0,0,0,0,1.0,0.8,0,123.5,-123.5,123.5,0,123.5,-1,0,0,0,0,0,0,0,0,0,0,0,0,0,0,0,0,0,0,0,0,0,0,0,0,0,0,0,0,0,0,0,0
Vëllaznimi,"A. Koshi, J. Hellems, J. Ismajli, L. Colimerio, Z. Reid",Golden Eagle Ylli,"A. Scott, A. Çallakaj, B. Huffman, G. Morina, J. Reece",1,57,0.9,0.9,0,0,2,0,0,1,0,0,0,0,1,0,1,0,0,1,0,0,2,1,2,50,0,0,0,0,0,0,1,1,2,0,0,0,0,1,0.9,0.9,0,215.1,-215.1,215.1,0,215.1,-2,0,0,0,0,0,0,0,0,0,0,0,0,0,0,0,0,0,0,0,0,0,0,0,0,0,0,0,0,0,0,0,0
GO+Peja,"A. Hhajdari, C. Edwards, J. Johnson, M. Mala, T. Green",Bora,"A. Hot, A. Hunter, A. Mekic, G. Zeqiri, S. Jules",1,46,0.8,0.9,2,1,1,100,0,0,0,0,0,0,0,1,1,1,0,0,0,2,1,0,0,0,0,0,0,1,2,50,0,0,0,1,0,0,0,0,1.0,0.9,200,113.6,86.4,113.6,200,-86.4,1,0,0,0,0,0,0,0,0,0,0,0,0,0,0,0,0,0,0,0,0,0,0,0,0,0,0,0,0,0,0,0,0
Sigal Prishtina,"A. Azemi, A. Bailey, D. Haxhosaj, D. Polloshka, T. Vissariou",Rahoveci 029,"F. Rugova, H. Durguti, I. Umipig, J. Roche, K. Pullian",1,54,0.9,0.9,3,1,1,100,1,1,100,0,0,0,0,1,1,1,0,0,0,1,0,0,0,0,0,0,0,0,2,0,0,0,0,0,0,0,0,1,1.0,0.9,300,0,300,0,300,-300,3,0,0,0,0,0,0,0,0,0,0,0,0,0,0,0,0,0,0,0,0,0,0,0,0,0,0,0,0,0,0,0,0
Rahoveci 029,"A. Patty, B. Rexha, I. Umipig, K. Pullian, K. Ujkani",GO+Peja,"A. Hajdari, C. Edwards, J. Johnson, M. Mala, S. Flatten",1,15,0.2,0.9,0,0,1,0,0,0,0,0,0,0,0,0,0,0,0,0,0,1,2,0,0,0,0,0,0,2,2,100,0,1,1,0,0,0,0,0,1.0,0.9,0,227.3,-227.3,227.3,0,227.3,-2,0,0,0,0,0,0,0,0,0,0,0,0,0,0,0,0,0,0,0,0,0,0,0,0,0,0,0,0,0,0,0,0
Bora,"A. Hot, A. Mekic, G. Zeqiri, S. Jules, T. Cheese",Vëllaznimi,"J. Hellems, R. Dahsyla, S. Zekiqi, T. Todd, Z. Reid",1,39,0.7,0.9,0,0,2,0,0,0,0,0,0,0,2,0,2,0,0,0,1,0,0,0,0,0,0,0,0,0,0,0,0,0,0,0,0,1,1,0,0.9,1.0,0,0,0,0,0,0,0,0,0,0,0,0,0,0,0,0,0,0,0,0,0,0,0,0,0,0,0,0,0,0,0,0,0,0,0,0,0,0,0
Bora,"A. Hunter, C. Payton, G. Zeqiri, J. Zeqiri, T. Cheese",Vëllaznimi,"A. Koshi, L. Colimerio, R. Dahsyla, T. Todd, Z. Reid",1,40,0.7,0.9,1,0,0,0,0,0,0,1,2,50,0,0,0,0,0,0,0,1,2,0,0,0,0,0,0,2,2,100,0,0,0,0,0,0,0,2,0.9,0.9,113.6,227.3,-113.6,227.3,113.6,113.6,-1,0,0,0,0,0,0,0,0,0,0,0,0,0,0,0,0,0,0,0,0,0,0,0,0,0,0,0,0,0,0,0,0
Bashkimi,"D. Lake, I. Cousins, K. Anderson, L. Zeqiri, M. Ismaili",Golden Eagle Ylli,"A. Scott, B. Huffman, E. Kastrati, L. Shoshi, T. Allen",1,44,0.7,0.9,0,0,1,0,0,0,0,0,0,0,0,0,0,0,1,0,0,0,0,0,2,0,0,1,0,0,0,0,2,1,3,0,0,1,1,0,1.0,0.9,0,0,0,0,0,0,0,0,0,0,0,0,0,0,0,0,0,0,0,0,0,0,0,0,0,0,0,0,0,0,0,0,0,0,0,0,0,0,0
Trepça,"J. Payne, M. Amzil, M. Tmusic, S. Henry, S. Jones",Bora,"A. Hot, A. Hunter, C. Payton, R. Memedi, T. Cheese",1,20,0.3,0.9,2,0,0,0,0,0,0,2,2,100,0,1,1,0,0,0,0,0,0,0,1,0,0,0,0,0,0,0,0,0,0,0,0,0,0,1,0.9,1.0,227.3,0,227.3,0,227.3,-227.3,2,0,0,0,0,0,0,0,0,0,0,0,0,0,0,0,0,0,0,0,0,0,0,0,0,0,0,0,0,0,0,0,0
Vëllaznimi,"A. Gordon, A. Koshi, L. Colimerio, R. Dahsyla, T. Todd",Rahoveci 029,"A. Patty, F. Rugova, H. Durguti, J. Roche, K. Pullian",1,20,0.3,0.9,0,0,1,0,0,0,0,0,0,0,0,0,0,0,0,0,0,2,2,0,0,0,0,0,0,2,2,100,0,1,1,0,0,0,0,0,1.0,0.9,0,227.3,-227.3,227.3,0,227.3,-2,0,0,0,0,0,0,0,0,0,0,0,0,0,0,0,0,0,0,0,0,0,0,0,0,0,0,0,0,0,0,0,0
Vëllaznimi,"A. Koshi, L. Colimerio, S. Zekiqi, T. Todd, Z. Reid",Rahoveci 029,"A. Berisha, B. Rexha, J. Johnson, J. Roche, K. Pullian",1,37,0.6,0.9,2,0,0,0,0,0,0,2,2,100,0,0,0,0,0,0,0,0,3,1,1,100,1,1,100,0,0,0,0,0,0,1,0,0,0,1,0.9,1.0,227.3,300,-72.7,300,227.3,72.7,-1,0,0,0,0,0,0,0,0,0,0,0,0,0,0,0,0,0,0,0,0,0,0,0,0,0,0,0,0,0,0,0,0
GO+Peja,"A. Herndon, D. Morris, E. Hasanaj, O. Sallabegolli, S. Nila",Sigal Prishtina,"A. Ibishi, A. Morina, L. Zeneli, M. Syla, T. Vissariou",1,18,0.3,0.9,1,0,0,0,0,0,0,1,2,50,0,0,0,0,0,0,0,0,0,0,0,0,0,0,0,0,0,0,0,0,0,0,0,0,1,1,0.9,1.0,113.6,0,113.6,0,113.6,-113.6,1,0,0,0,0,0,0,0,0,0,0,0,0,0,0,0,0,0,0,0,0,0,0,0,0,0,0,0,0,0,0,0,0
GO+Peja,"C. Edwards, D. Berisha, M. Mala, S. Flatten, T. Green",Bashkimi,"I. Cousins, I. Nwamu, K. Anderson, L. Zeqiri, M. Ismaili",1,16,0.3,0.9,2,1,2,50,0,1,0,0,0,0,1,0,1,0,0,0,0,0,2,0,0,0,0,0,0,2,2,100,0,0,0,0,0,0,0,0,0.9,0.9,215.1,227.3,-12.2,227.3,215.1,12.2,0,0,0,0,0,0,0,0,0,0,0,0,0,0,0,0,0,0,0,0,0,0,0,0,0,0,0,0,0,0,0,0,0
GO+Peja,"A. Herndon, C. Edwards, D. Berisha, M. Mala, S. Flatten",Bashkimi,"B. Bytyqi, I. Cousins, I. Nwamu, K. Anderson, V. Gjecaj",1,4,0.1,0.9,3,1,1,100,1,1,100,0,0,0,0,0,0,1,0,0,0,1,2,0,0,0,0,0,0,2,2,100,0,0,0,0,0,0,0,0,1.0,0.9,300,227.3,72.7,227.3,300,-72.7,1,0,0,0,0,0,0,0,0,0,0,0,0,0,0,0,0,0,0,0,0,0,0,0,0,0,0,0,0,0,0,0,0
Sigal Prishtina,"A. Azemi, A. Bailey, A. Morina, D. Burns, K. Kramer",Vëllaznimi,"A. Koshi, J. Hellems, L. Colimerio, S. Zekiqi, Z. Reid",1,8,0.1,0.9,1,0,0,0,0,0,0,1,2,50,0,1,1,0,0,0,0,0,0,0,1,0,0,1,0,0,0,0,0,1,1,0,0,0,0,0,0.9,1.0,113.6,0,113.6,0,113.6,-113.6,1,0,0,0,0,0,0,0,0,0,0,0,0,0,0,0,0,0,0,0,0,0,0,0,0,0,0,0,0,0,0,0,0
Sigal Prishtina,"A. Azemi, A. Bailey, A. Morina, D. Haxhosaj, T. Vissariou",Vëllaznimi,"A. Koshi, J. Hellems, S. Zekiqi, T. Todd, Z. Reid",1,30,0.5,0.9,3,1,2,50,1,1,100,0,0,0,1,1,2,1,0,0,0,0,1,0,0,0,0,0,0,1,2,50,0,0,0,0,0,0,0,0,0.9,0.9,322.6,113.6,208.9,113.6,322.6,-208.9,2,0,0,0,0,0,0,0,0,0,0,0,0,0,0,0,0,0,0,0,0,0,0,0,0,0,0,0,0,0,0,0,0
Bora,"A. Hunter, C. Payton, J. Zeqiri, R. Memedi, T. Cheese",Golden Eagle Ylli,"A. Scott, B. Huffman, E. Kastrati, G. Morina, T. Allen",1,44,0.7,0.9,0,0,2,0,0,2,0,0,0,0,1,0,1,0,0,0,0,1,1,0,0,0,0,0,0,1,2,50,0,1,1,0,0,0,0,0,0.9,0.9,0,113.6,-113.6,113.6,0,113.6,-1,0,0,0,0,0,0,0,0,0,0,0,0,0,0,0,0,0,0,0,0,0,0,0,0,0,0,0,0,0,0,0,0
Bora,"A. Hunter, A. Mekic, G. Zeqiri, J. Zeqiri, S. Jules",Golden Eagle Ylli,"A. Scott, E. Kastrati, G. Morina, J. Reece, T. Allen",1,47,0.8,0.9,0,0,1,0,0,0,0,0,0,0,0,1,1,0,0,0,0,1,1,0,0,0,0,0,0,1,2,50,0,1,1,0,0,0,0,1,1.0,0.9,0,113.6,-113.6,113.6,0,113.6,-1,0,0,0,0,0,0,0,0,0,0,0,0,0,0,0,0,0,0,0,0,0,0,0,0,0,0,0,0,0,0,0,0
Bashkimi,"I. Cousins, I. Nwamu, L. Zeqiri, M. Janjeva, S. Shorter",Bora,"A. Hot, A. Hunter, R. Ukaj, S. Jules, T. Cheese",1,56,0.9,0.9,2,0,0,0,0,0,0,2,2,100,0,0,0,1,0,0,0,0,3,1,1,100,1,1,100,0,0,0,0,0,0,0,0,0,0,1,0.9,1.0,227.3,300,-72.7,300,227.3,72.7,-1,0,0,0,0,0,0,0,0,0,0,0,0,0,0,0,0,0,0,0,0,0,0,0,0,0,0,0,0,0,0,0,0
Trepça,"B. Tuna, K. Hasbrouck, M. Amzil, M. Tmusic, S. Jones",Sigal Prishtina,"A. Bailey, D. Burns, D. Haxhosaj, D. Polloshka, K. Dukes",1,70,1.2,0.9,3,1,2,50,1,2,50,0,0,0,1,1,2,1,0,0,0,1,1,0,0,0,0,0,0,1,2,50,0,0,0,0,0,0,0,3,0.9,0.9,322.6,113.6,208.9,113.6,322.6,-208.9,2,0,0,0,0,0,0,0,0,0,0,0,0,0,0,0,0,0,0,0,0,0,0,0,0,0,0,0,0,0,0,0,0
Vëllaznimi,"A. Rushiti, J. Hellems, S. Zekiqi, T. Todd, Y. Anei",Bashkimi,"I. Cousins, L. Zeqiri, S. Shorter, T. Bickerstaff, V. Bunjaku",1,15,0.2,0.9,3,1,1,100,1,1,100,0,0,0,0,1,1,0,0,0,0,1,0,0,0,0,0,0,0,0,2,0,0,0,0,0,0,0,0,1,1.0,0.9,300,0,300,0,300,-300,3,0,0,0,0,0,0,0,0,0,0,0,0,0,0,0,0,0,0,0,0,0,0,0,0,0,0,0,0,0,0,0,0
Vëllaznimi,"A. Koshi, D. Wilson, S. Zekiqi, T. Todd, Y. Anei",Bashkimi,"D. Lake, I. Cousins, I. Nwamu, M. Janjeva, V. Bunjaku",1,20,0.3,0.9,2,0,0,0,0,0,0,2,2,100,0,0,0,0,1,0,0,0,0,0,0,0,0,0,0,0,0,0,0,0,0,0,0,0,1,1,0.9,1.0,227.3,0,227.3,0,227.3,-227.3,2,0,0,0,0,0,0,0,0,0,0,0,0,0,0,0,0,0,0,0,0,0,0,0,0,0,0,0,0,0,0,0,0
Golden Eagle Ylli,"A. Scott, B. Huffman, G. Morina, S. Bamforth, T. Allen",Sigal Prishtina,"A. Bailey, D. Burns, D. Polloshka, K. Dukes, V. Kakruki",1,23,0.4,0.9,1,0,0,0,0,0,0,1,2,50,0,1,1,1,0,0,0,1,0,0,1,0,0,0,0,0,0,0,0,0,0,0,0,0,0,1,0.9,1.0,113.6,0,113.6,0,113.6,-113.6,1,0,0,0,0,0,0,0,0,0,0,0,0,0,0,0,0,0,0,0,0,0,0,0,0,0,0,0,0,0,0,0,0
Golden Eagle Ylli,"A. Scott, D. Hall, G. Morina, L. Shoshi, T. Allen",Sigal Prishtina,"A. Bailey, D. Burns, D. Haxhosaj, E. Clarance, J. Ismajli",1,38,0.6,0.9,1,0,0,0,0,0,0,1,2,50,0,0,0,1,0,0,0,0,2,1,1,100,0,0,0,0,0,0,0,0,0,0,0,0,0,2,0.9,1.0,113.6,200,-86.4,200,113.6,86.4,-1,0,0,0,0,0,0,0,0,0,0,0,0,0,0,0,0,0,0,0,0,0,0,0,0,0,0,0,0,0,0,0,0
Bora,"A. Hot, A. Hunter, R. Ukaj, S. Jules, T. Cheese",Rahoveci 029,"H. Durguti, I. Umipig, J. Johnson, J. Roche, V. Ejupi",1,30,0.5,0.9,0,0,0,0,0,0,0,0,2,0,0,0,0,0,0,0,0,1,3,1,1,100,1,1,100,0,0,0,0,1,1,1,0,0,0,1,0.9,1.0,0,300,-300,300,0,300,-3,0,0,0,0,0,0,0,0,0,0,0,0,0,0,0,0,0,0,0,0,0,0,0,0,0,0,0,0,0,0,0,0
Bora,"A. Hot, A. Hunter, L. Thomas, R. Memedi, T. Cheese",Rahoveci 029,"H. Durguti, I. Umipig, J. Johnson, J. Roche, V. Ejupi",1,52,0.9,0.9,0,0,1,0,0,1,0,0,0,0,0,0,0,0,0,1,0,1,0,0,2,0,0,0,0,0,0,0,1,1,2,0,0,0,1,1,1.0,0.9,0,0,0,0,0,0,0,0,0,0,0,0,0,0,0,0,0,0,0,0,0,0,0,0,0,0,0,0,0,0,0,0,0,0,0,0,0,0,0
Sigal Prishtina,"A. Bailey, A. Morina, D. Polloshka, K. Dukes, V. Kakruki",Bora,"A. Hot, A. Hunter, G. Zeqiri, L. Thomas, T. Cheese",1,15,0.2,0.9,2,1,2,50,0,0,0,0,0,0,1,0,1,0,0,0,0,0,1,0,0,0,0,0,0,1,2,50,0,0,0,0,0,1,0,0,0.9,0.9,215.1,113.6,101.4,113.6,215.1,-101.4,1,0,0,0,0,0,0,0,0,0,0,0,0,0,0,0,0,0,0,0,0,0,0,0,0,0,0,0,0,0,0,0,0
Sigal Prishtina,"A. Bailey, D. Burns, D. Polloshka, K. Dukes, V. Kakruki",Bora,"A. Hot, A. Hunter, L. Thomas, R. Ukaj, S. Jules",1,22,0.4,0.9,0,0,0,0,0,0,0,0,0,0,0,0,0,0,0,0,1,1,2,0,0,0,0,0,0,2,2,100,0,0,0,0,1,0,0,0,1.0,0.9,0,227.3,-227.3,227.3,0,227.3,-2,0,0,0,0,0,0,0,0,0,0,0,0,0,0,0,0,0,0,0,0,0,0,0,0,0,0,0,0,0,0,0,0
GO+Peja,"A. Herndon, J. Johnson, M. Mala, S. Flatten, S. Llapi",Golden Eagle Ylli,"A. Scott, G. Morina, L. Shoshi, S. Bamforth, T. Allen",1,23,0.4,0.9,2,0,0,0,0,0,0,2,2,100,0,0,0,0,0,0,0,0,2,1,1,100,0,0,0,0,0,0,0,0,0,0,0,0,0,1,0.9,1.0,227.3,200,27.3,200,227.3,-27.3,0,0,0,0,0,0,0,0,0,0,0,0,0,0,0,0,0,0,0,0,0,0,0,0,0,0,0,0,0,0,0,0,0
GO+Peja,"A. Herndon, M. Mala, O. Williams, S. Flatten, S. Llapi",Golden Eagle Ylli,"A. Scott, G. Morina, L. Basic, L. Shoshi, S. Bamforth",1,34,0.6,0.9,2,1,1,100,0,0,0,0,0,0,0,0,0,1,0,0,0,0,1,0,0,0,0,0,0,1,2,50,0,0,0,1,0,0,0,0,1.0,0.9,200,113.6,86.4,113.6,200,-86.4,1,0,0,0,0,0,0,0,0,0,0,0,0,0,0,0,0,0,0,0,0,0,0,0,0,0,0,0,0,0,0,0,0
GO+Peja,"A. Hajdari, C. Edwards, M. Mala, O. Williams, S. Flatten",Golden Eagle Ylli,"A. Scott, B. Huffman, G. Morina, S. Bamforth, T. Allen",1,9,0.1,0.9,0,0,1,0,0,1,0,0,0,0,0,1,1,0,0,0,0,0,0,0,0,0,0,0,0,0,2,0,0,0,0,0,0,0,0,0,1.0,0.9,0,0,0,0,0,0,0,0,0,0,0,0,0,0,0,0,0,0,0,0,0,0,0,0,0,0,0,0,0,0,0,0,0,0,0,0,0,0,0
Trepça,"A. Vining, B. Tuna, K. Hasbrouck, M. Amzil, S. Jones",Bashkimi,"I. Cousins, I. Nwamu, M. Armstead, M. Ismaili, S. Shorter",1,3,0.1,0.9,0,0,1,0,0,1,0,0,0,0,0,0,0,0,0,0,0,0,2,0,0,0,0,0,0,2,2,100,0,0,0,0,0,0,0,0,1.0,0.9,0,227.3,-227.3,227.3,0,227.3,-2,0,0,0,0,0,0,0,0,0,0,0,0,0,0,0,0,0,0,0,0,0,0,0,0,0,0,0,0,0,0,0,0
Bora,"A. Hunter, J. Zeqiri, L. Thomas, R. Memedi, T. Cheese",GO+Peja,"C. Edwards, M. Mala, O. Williams, S. Llapi, T. Green",1,57,0.9,0.9,0,0,3,0,0,2,0,0,0,0,2,1,3,0,0,0,0,1,0,0,1,0,0,1,0,0,0,0,0,1,1,0,0,0,0,0,0.9,1.0,0,0,0,0,0,0,0,0,0,0,0,0,0,0,0,0,0,0,0,0,0,0,0,0,0,0,0,0,0,0,0,0,0,0,0,0,0,0,0
Bora,"A. Hunter, J. Zeqiri, R. Ukaj, S. Jules, T. Cheese",GO+Peja,"C. Edwards, M. Mala, O. Williams, S. Llapi, T. Green",1,48,0.8,0.9,2,1,3,33.3,0,1,0,0,0,0,2,0,2,0,0,0,0,0,2,1,1,100,0,0,0,0,0,0,0,0,0,0,0,0,0,1,0.9,1.0,232.6,200,32.6,200,232.6,-32.6,0,0,0,0,0,0,0,0,0,0,0,0,0,0,0,0,0,0,0,0,0,0,0,0,0,0,0,0,0,0,0,0,0
Bora,"A. Hot, J. Zeqiri, L. Thomas, R. Ukaj, T. Cheese",GO+Peja,"A. Herndon, F. Shoshaj, M. Mala, O. Williams, T. Green",1,31,0.5,0.9,2,0,0,0,0,0,0,2,2,100,0,0,0,1,0,0,0,0,3,1,1,100,1,1,100,0,0,0,0,0,0,1,0,0,0,1,0.9,1.0,227.3,300,-72.7,300,227.3,72.7,-1,0,0,0,0,0,0,0,0,0,0,0,0,0,0,0,0,0,0,0,0,0,0,0,0,0,0,0,0,0,0,0,0
Bora,"A. Hot, A. Hunter, J. Zeqiri, L. Thomas, R. Ukaj",GO+Peja,"A. Herndon, F. Shoshaj, O. Williams, S. Llapi, T. Green",1,24,0.4,0.9,0,0,0,0,0,0,0,0,0,0,0,0,0,0,0,0,1,0,2,0,0,0,0,0,0,2,2,100,0,0,0,1,0,0,0,0,1.0,0.9,0,227.3,-227.3,227.3,0,227.3,-2,0,0,0,0,0,0,0,0,0,0,0,0,0,0,0,0,0,0,0,0,0,0,0,0,0,0,0,0,0,0,0,0
Bashkimi,"D. Lake, I. Cousins, L. Zeqiri, S. Shorter, V. Bunjaku",Sigal Prishtina,"A. Sinani, D. Polloshka, E. Clarance, J. Ismajli, K. Kramer",1,47,0.8,0.9,0,0,1,0,0,0,0,0,0,0,1,0,1,0,0,0,1,1,2,0,0,0,0,0,0,2,2,100,0,0,0,1,0,0,0,0,0.9,0.9,0,227.3,-227.3,227.3,0,227.3,-2,0,0,0,0,0,0,0,0,0,0,0,0,0,0,0,0,0,0,0,0,0,0,0,0,0,0,0,0,0,0,0,0
Bashkimi,"I. Cousins, M. Armstead, M. Janjeva, S. Shorter, T. Bickerstaff",Sigal Prishtina,"A. Morina, D. Polloshka, E. Clarance, K. Dukes, K. Kramer",1,40,0.7,0.9,2,1,1,100,0,0,0,0,0,0,0,0,0,0,0,0,0,2,2,0,0,0,0,0,0,2,2,100,0,0,0,0,0,0,0,0,1.0,0.9,200,227.3,-27.3,227.3,200,27.3,0,0,0,0,0,0,0,0,0,0,0,0,0,0,0,0,0,0,0,0,0,0,0,0,0,0,0,0,0,0,0,0,0
GO+Peja,"C. Edwards, M. Mala, O. Williams, S. Llapi, T. Green",Rahoveci 029,"A. Thomas, B. Rexha, F. Rugova, J. Johnson, K. Pullian",1,48,0.8,0.9,2,1,3,33.3,0,0,0,0,0,0,2,0,2,0,1,0,0,0,0,0,0,0,0,0,0,0,0,0,0,0,0,0,0,0,1,1,0.9,1.0,232.6,0,232.6,0,232.6,-232.6,2,0,0,0,0,0,0,0,0,0,0,0,0,0,0,0,0,0,0,0,0,0,0,0,0,0,0,0,0,0,0,0,0
GO+Peja,"C. Edwards, F. Shoshaj, L. Routt, M. Mala, S. Llapi",Rahoveci 029,"B. Rexha, J. Johnson, J. Roche, K. Pullian, V. Ejupi",1,36,0.6,0.9,0,0,0,0,0,0,0,0,0,0,0,0,0,0,0,0,1,0,1,0,1,0,0,1,0,1,2,50,1,0,1,0,0,0,0,0,1.0,0.8,0,123.5,-123.5,123.5,0,123.5,-1,0,0,0,0,0,0,0,0,0,0,0,0,0,0,0,0,0,0,0,0,0,0,0,0,0,0,0,0,0,0,0,0
GO+Peja,"L. Routt, M. Mala, O. Williams, S. Llapi, T. Green",Rahoveci 029,"A. Thomas, B. Rexha, J. Roche, K. Pullian, V. Ejupi",1,15,0.2,0.9,2,1,1,100,0,0,0,0,0,0,0,0,0,0,0,0,0,1,1,0,0,0,0,0,0,1,2,50,0,0,0,0,0,0,0,0,1.0,0.9,200,113.6,86.4,113.6,200,-86.4,1,0,0,0,0,0,0,0,0,0,0,0,0,0,0,0,0,0,0,0,0,0,0,0,0,0,0,0,0,0,0,0,0
Vëllaznimi,"D. Wilson, R. Dahsyla, S. Zekiqi, Y. Anei, Z. Reid",Bora,"A. Hot, A. Mekic, R. Ukaj, S. Jules, T. Cheese",1,20,0.3,0.9,0,0,1,0,0,0,0,0,0,0,0,0,0,0,0,0,0,1,2,0,0,0,0,0,0,2,2,100,0,1,1,1,0,0,0,0,1.0,0.9,0,227.3,-227.3,227.3,0,227.3,-2,0,0,0,0,0,0,0,0,0,0,0,0,0,0,0,0,0,0,0,0,0,0,0,0,0,0,0,0,0,0,0,0
Vëllaznimi,"J. Hellems, R. Dahsyla, S. Zekiqi, Y. Anei, Z. Reid",Bora,"A. Hunter, J. Zeqiri, L. Thomas, R. Ukaj, S. Jules",1,48,0.8,0.9,1,0,0,0,0,0,0,1,2,50,0,1,1,0,0,0,0,1,0,0,1,0,0,1,0,0,0,0,0,0,0,0,0,0,0,1,0.9,1.0,113.6,0,113.6,0,113.6,-113.6,1,0,0,0,0,0,0,0,0,0,0,0,0,0,0,0,0,0,0,0,0,0,0,0,0,0,0,0,0,0,0,0,0
Vëllaznimi,"J. Hellems, R. Dahsyla, S. Zekiqi, Y. Anei, Z. Reid",Bora,"A. Hunter, A. Mekic, J. Zeqiri, R. Ukaj, T. Cheese",1,26,0.4,0.9,2,0,0,0,0,0,0,2,2,100,0,1,1,0,0,0,0,0,0,0,1,0,0,1,0,0,0,0,0,0,0,0,0,0,0,1,0.9,1.0,227.3,0,227.3,0,227.3,-227.3,2,0,0,0,0,0,0,0,0,0,0,0,0,0,0,0,0,0,0,0,0,0,0,0,0,0,0,0,0,0,0,0,0
Vëllaznimi,"A. Rushiti, D. Wilson, J. Hellems, R. Dahsyla, Z. Reid",Bora,"A. Hot, J. Zeqiri, L. Thomas, S. Jules, T. Cheese",1,12,0.2,0.9,1,0,0,0,0,0,0,1,2,50,0,0,0,0,0,0,0,0,2,0,0,0,0,0,0,2,2,100,0,0,0,0,0,0,0,1,0.9,0.9,113.6,227.3,-113.6,227.3,113.6,113.6,-1,0,0,0,0,0,0,0,0,0,0,0,0,0,0,0,0,0,0,0,0,0,0,0,0,0,0,0,0,0,0,0,0
Trepça,"A. Vining, B. Tuna, M. Amzil, M. Tmusic, S. Jones",Golden Eagle Ylli,"A. Scott, A. Çallakaj, G. Morina, L. Shoshi, S. Bamforth",1,13,0.2,0.9,2,0,0,0,0,0,0,2,2,100,0,1,1,0,0,0,0,0,0,0,1,0,0,1,0,0,0,0,0,0,0,0,0,0,0,0,0.9,1.0,227.3,0,227.3,0,227.3,-227.3,2,0,0,0,0,0,0,0,0,0,0,0,0,0,0,0,0,0,0,0,0,0,0,0,0,0,0,0,0,0,0,0,0
Golden Eagle Ylli,"A. Scott, E. Kastrati, G. Morina, J. Gray, L. Shoshi",Bashkimi,"D. Lake, I. Nwamu, L. Zeqiri, M. Armstead, S. Shorter",1,48,0.8,0.9,0,0,1,0,0,1,0,0,0,0,0,0,0,0,0,0,0,2,2,0,1,0,0,0,0,2,2,100,1,1,2,0,0,0,0,0,1.0,0.8,0,246.9,-246.9,246.9,0,246.9,-2,0,0,0,0,0,0,0,0,0,0,0,0,0,0,0,0,0,0,0,0,0,0,0,0,0,0,0,0,0,0,0,0
Bora,"A. Hunter, J. Zeqiri, L. Thomas, R. Ukaj, T. Cheese",Trepça,"A. Vining, K. Hasbrouck, M. Amzil, M. Tmusic, S. Jones",1,50,0.8,0.9,2,1,2,50,0,0,0,0,0,0,1,0,1,0,0,0,0,1,2,0,0,0,0,0,0,2,2,100,0,0,0,1,0,0,0,0,0.9,0.9,215.1,227.3,-12.2,227.3,215.1,12.2,0,0,0,0,0,0,0,0,0,0,0,0,0,0,0,0,0,0,0,0,0,0,0,0,0,0,0,0,0,0,0,0,0
Bora,"A. Hot, A. Hunter, R. Ukaj, S. Jules, T. Cheese",Trepça,"A. Vining, D. Kapiti, J. Payne, M. Amzil, M. Tmusic",1,81,1.4,0.9,2,1,4,25,0,2,0,0,0,0,2,0,2,0,0,0,0,0,0,0,0,0,0,0,0,0,0,0,0,0,0,0,0,0,1,1,0.8,1.0,253.2,0,253.2,0,253.2,-253.2,2,0,0,0,0,0,0,0,0,0,0,0,0,0,0,0,0,0,0,0,0,0,0,0,0,0,0,0,0,0,0,0,0
Bora,"A. Hot, G. Zeqiri, R. Ukaj, S. Jules, T. Cheese",Trepça,"A. Gashi, A. Vining, D. Hajrizi, M. Amzil, M. Tmusic",1,30,0.5,0.9,2,1,1,100,0,0,0,0,0,0,0,0,0,1,0,0,0,1,1,0,0,0,0,0,0,1,2,50,0,0,0,0,0,0,0,0,1.0,0.9,200,113.6,86.4,113.6,200,-86.4,1,0,0,0,0,0,0,0,0,0,0,0,0,0,0,0,0,0,0,0,0,0,0,0,0,0,0,0,0,0,0,0,0
Bashkimi,"I. Cousins, I. Nwamu, J. Nzeakor, L. Zeqiri, V. Bunjaku",GO+Peja,"A. Hajdari, C. Edwards, F. Shoshaj, L. Routt, O. Williams",1,20,0.3,0.9,2,0,0,0,0,0,0,2,2,100,0,0,0,0,0,0,0,0,0,0,0,0,0,0,0,0,0,0,0,0,0,0,0,0,1,1,0.9,1.0,227.3,0,227.3,0,227.3,-227.3,2,0,0,0,0,0,0,0,0,0,0,0,0,0,0,0,0,0,0,0,0,0,0,0,0,0,0,0,0,0,0,0,0
Bashkimi,"I. Cousins, K. Wooten, M. Janjeva, S. Shorter, V. Bunjaku",GO+Peja,"C. Edwards, F. Shoshaj, M. Mala, O. Williams, T. Green",1,19,0.3,0.9,0,0,0,0,0,0,0,0,2,0,0,1,1,0,0,0,0,0,0,0,1,0,0,0,0,0,0,0,0,1,1,0,0,0,0,0,0.9,1.0,0,0,0,0,0,0,0,0,0,0,0,0,0,0,0,0,0,0,0,0,0,0,0,0,0,0,0,0,0,0,0,0,0,0,0,0,0,0,0
Vëllaznimi,"A. Rushiti, D. Wilson, J. Hellems, R. Dahsyla, Y. Anei",Sigal Prishtina,"A. Bailey, A. Lomax, A. Morina, A. Sinani, E. Clarance",1,18,0.3,0.9,0,0,0,0,0,0,0,0,0,0,0,1,1,0,0,1,1,1,0,0,3,0,0,0,0,0,0,0,2,0,2,0,1,0,0,0,1.0,0.9,0,0,0,0,0,0,0,0,0,0,0,0,0,0,0,0,0,0,0,0,0,0,0,0,0,0,0,0,0,0,0,0,0,0,0,0,0,0,0
Trepça,"B. Tuna, D. Hajrizi, J. Payne, S. Henry, S. Jones",Rahoveci 029,"A. Thomas, B. Rexha, J. Mccorrmick, N. Mcloud, V. Ejupi",1,17,0.3,0.9,1,0,0,0,0,0,0,1,2,50,0,1,1,0,0,0,0,0,0,0,1,0,0,0,0,0,0,0,0,0,0,0,0,0,0,1,0.9,1.0,113.6,0,113.6,0,113.6,-113.6,1,0,0,0,0,0,0,0,0,0,0,0,0,0,0,0,0,0,0,0,0,0,0,0,0,0,0,0,0,0,0,0,0
Golden Eagle Ylli,"E. Kastrati, G. Morina, J. Gray, S. Bamforth, T. Smith",Bora,"A. Hunter, L. Thomas, R. Memedi, R. Ukaj, S. Jules",1,30,0.5,0.9,2,0,1,0,0,1,0,2,2,100,1,0,1,0,0,0,0,0,3,1,1,100,1,1,100,0,0,0,0,0,0,1,0,0,0,0,0.8,1.0,246.9,300,-53.1,300,246.9,53.1,-1,0,0,0,0,0,0,0,0,0,0,0,0,0,0,0,0,0,0,0,0,0,0,0,0,0,0,0,0,0,0,0,0
Golden Eagle Ylli,"A. Scott, D. Conger, D. Thomas, L. Shoshi, S. Bamforth",Bora,"A. Hunter, G. Zeqiri, L. Thomas, R. Memedi, S. Jules",1,15,0.2,0.9,2,1,1,100,0,0,0,0,0,0,0,1,1,1,0,0,0,0,0,0,0,0,0,0,0,0,2,0,0,0,0,0,0,0,0,0,1.0,0.9,200,0,200,0,200,-200,2,0,0,0,0,0,0,0,0,0,0,0,0,0,0,0,0,0,0,0,0,0,0,0,0,0,0,0,0,0,0,0,0
Golden Eagle Ylli,"A. Scott, D. Thomas, E. Kastrati, L. Shoshi, S. Bamforth",Bora,"A. Hunter, J. Zeqiri, R. Ukaj, S. Jules, T. Cheese",1,13,0.2,0.9,1,0,0,0,0,0,0,1,2,50,0,0,0,0,0,0,0,0,0,0,0,0,0,0,0,0,0,0,0,1,1,0,0,0,1,0,0.9,1.0,113.6,0,113.6,0,113.6,-113.6,1,0,0,0,0,0,0,0,0,0,0,0,0,0,0,0,0,0,0,0,0,0,0,0,0,0,0,0,0,0,0,0,0
Bora,"A. Hot, A. Hunter, R. Ukaj, S. Jules, T. Cheese",Bashkimi,"D. Lake, K. Anderson, L. Zeqiri, S. Shorter, V. Bunjaku",1,44,0.7,0.9,3,1,1,100,1,1,100,0,0,0,0,0,0,0,0,0,0,2,1,0,0,0,0,0,0,1,2,50,0,0,0,0,0,0,0,0,1.0,0.9,300,113.6,186.4,113.6,300,-186.4,2,0,0,0,0,0,0,0,0,0,0,0,0,0,0,0,0,0,0,0,0,0,0,0,0,0,0,0,0,0,0,0,0
Bora,"A. Hunter, L. Thomas, R. Memedi, R. Ukaj, S. Jules",Bashkimi,"D. Lake, K. Anderson, L. Zeqiri, S. Shorter, V. Bunjaku",1,24,0.4,0.9,0,0,1,0,0,1,0,0,0,0,0,0,0,0,0,0,0,1,2,0,0,0,0,0,0,2,2,100,0,1,1,0,0,0,0,0,1.0,0.9,0,227.3,-227.3,227.3,0,227.3,-2,0,0,0,0,0,0,0,0,0,0,0,0,0,0,0,0,0,0,0,0,0,0,0,0,0,0,0,0,0,0,0,0
Sigal Prishtina,"A. Bailey, A. Lomax, A. Morina, A. Sinani, D. Haxhosaj",Trepça,"A. Vining, D. Hajrizi, D. Kapiti, M. Tmusic, S. Henry",1,5,0.1,0.9,0,0,1,0,0,1,0,0,0,0,0,0,0,0,0,0,0,0,2,0,0,0,0,0,0,2,2,100,0,0,0,0,0,0,0,0,1.0,0.9,0,227.3,-227.3,227.3,0,227.3,-2,0,0,0,0,0,0,0,0,0,0,0,0,0,0,0,0,0,0,0,0,0,0,0,0,0,0,0,0,0,0,0,0
Sigal Prishtina,"A. Bailey, A. Lomax, A. Sinani, E. Clarence, V. Kakruki",Trepça,"D. Hajrizi, J. Payne, K. Hasbrouck, M. Tmusic, S. Jones",1,31,0.5,0.9,2,1,2,50,0,1,0,0,0,0,1,0,1,1,0,0,0,0,2,0,0,0,0,0,0,2,2,100,0,0,0,0,0,0,0,1,0.9,0.9,215.1,227.3,-12.2,227.3,215.1,12.2,0,0,0,0,0,0,0,0,0,0,0,0,0,0,0,0,0,0,0,0,0,0,0,0,0,0,0,0,0,0,0,0,0
Sigal Prishtina,"A. Bailey, A. Lomax, A. Morina, E. Clarence, V. Kakruki",Trepça,"A. Vining, D. Hajrizi, K. Hasbrouck, M. Amzil, M. Tmusic",1,39,0.7,0.9,2,1,1,100,0,0,0,0,0,0,0,0,0,0,0,0,0,0,1,0,1,0,0,1,0,1,2,50,1,0,1,0,0,0,0,0,1.0,0.8,200,123.5,76.5,123.5,200,-76.5,1,0,0,0,0,0,0,0,0,0,0,0,0,0,0,0,0,0,0,0,0,0,0,0,0,0,0,0,0,0,0,0,0
GO+Peja,"C. Edwards, M. Mala, O. Williams, S. Llapi, T. Green",Vëllaznimi,"A. Koshi, J. Hellems, R. Dahsyla, Y. Anei, Z. Reid",1,5,0.1,0.9,0,0,0,0,0,0,0,0,0,0,0,0,0,0,0,0,1,1,2,0,0,0,0,0,0,2,2,100,0,0,0,0,1,0,0,0,1.0,0.9,0,227.3,-227.3,227.3,0,227.3,-2,0,0,0,0,0,0,0,0,0,0,0,0,0,0,0,0,0,0,0,0,0,0,0,0,0,0,0,0,0,0,0,0
GO+Peja,"A. Hajdari, C. Edwards, L. Routt, M. Mala, O. Williams",Vëllaznimi,"D. Wilson, R. Dahsyla, S. Zekiqi, Y. Anei, Z. Reid",1,14,0.2,0.9,0,0,1,0,0,0,0,0,0,0,0,0,0,0,0,0,0,0,2,0,0,0,0,0,0,2,2,100,0,1,1,0,0,1,0,0,1.0,0.9,0,227.3,-227.3,227.3,0,227.3,-2,0,0,0,0,0,0,0,0,0,0,0,0,0,0,0,0,0,0,0,0,0,0,0,0,0,0,0,0,0,0,0,0
Bashkimi,"I. Nwamu, J. Riley, L. Zeqiri, M. Janjeva, S. Shorter",Vëllaznimi,"A. Koshi, D. Wilson, R. Dahsyla, Y. Anei, Z. Reid",1,34,0.6,0.9,0,0,1,0,0,1,0,0,0,0,0,0,0,0,0,0,0,1,1,0,0,0,0,0,0,1,2,50,0,1,1,0,0,0,0,0,1.0,0.9,0,113.6,-113.6,113.6,0,113.6,-1,0,0,0,0,0,0,0,0,0,0,0,0,0,0,0,0,0,0,0,0,0,0,0,0,0,0,0,0,0,0,0,0
Bashkimi,"I. Nwamu, J. Riley, K. Wooten, L. Zeqiri, M. Ismaili",Vëllaznimi,"A. Gordon, A. Rushiti, D. Wilson, J. Hellems, S. Zekiqi",1,33,0.6,0.9,2,0,0,0,0,0,0,2,2,100,0,1,1,0,0,0,0,1,0,0,1,0,0,1,0,0,0,0,0,0,0,0,0,0,0,2,0.9,1.0,227.3,0,227.3,0,227.3,-227.3,2,0,0,0,0,0,0,0,0,0,0,0,0,0,0,0,0,0,0,0,0,0,0,0,0,0,0,0,0,0,0,0,0
Bashkimi,"I. Nwamu, J. Riley, K. Wooten, L. Zeqiri, M. Ismaili",Vëllaznimi,"A. Gordon, D. Wilson, J. Hellems, R. Dahsyla, S. Zekiqi",1,22,0.4,0.9,0,0,0,0,0,0,0,0,2,0,0,0,0,0,0,0,0,0,0,0,0,0,0,0,0,0,0,0,0,1,1,0,0,0,1,1,0.9,1.0,0,0,0,0,0,0,0,0,0,0,0,0,0,0,0,0,0,0,0,0,0,0,0,0,0,0,0,0,0,0,0,0,0,0,0,0,0,0,0
Bashkimi,"D. Lake, I. Nwamu, M. Janjeva, S. Shorter, V. Bunjaku",Vëllaznimi,"A. Gordon, D. Wilson, R. Dahsyla, S. Zekiqi, Z. Reid",1,36,0.6,0.9,2,0,0,0,0,0,0,2,2,100,0,1,1,0,0,0,0,1,0,0,1,0,0,0,0,0,0,0,0,0,0,0,0,0,0,1,0.9,1.0,227.3,0,227.3,0,227.3,-227.3,2,0,0,0,0,0,0,0,0,0,0,0,0,0,0,0,0,0,0,0,0,0,0,0,0,0,0,0,0,0,0,0,0
Bashkimi,"I. Nwamu, K. Wooten, M. Janjeva, S. Shorter, V. Bunjaku",Vëllaznimi,"A. Koshi, D. Wilson, J. Hellems, R. Dahsyla, Y. Anei",1,63,1.1,0.9,0,0,2,0,0,1,0,0,0,0,1,0,1,0,1,0,0,2,0,0,1,0,0,1,0,0,0,0,1,1,2,0,0,1,1,1,0.9,0.9,0,0,0,0,0,0,0,0,0,0,0,0,0,0,0,0,0,0,0,0,0,0,0,0,0,0,0,0,0,0,0,0,0,0,0,0,0,0,0
GO+Peja,"C. Edwards, C. Williams, D. Bracey, M. Mala, S. Llapi",Trepça,"D. Hajrizi, J. Payne, K. Hasbrouck, M. Tmusic, S. Jones",1,26,0.4,0.9,3,1,1,100,1,1,100,0,0,0,0,0,0,0,0,0,0,1,2,0,0,0,0,0,0,2,2,100,0,0,0,0,0,0,0,0,1.0,0.9,300,227.3,72.7,227.3,300,-72.7,1,0,0,0,0,0,0,0,0,0,0,0,0,0,0,0,0,0,0,0,0,0,0,0,0,0,0,0,0,0,0,0,0
Rahoveci 029,"A. Thomas, B. Rexha, F. Rugova, J. Mccorrmick, K. Pullian",Bashkimi,"J. Riley, K. Wooten, L. Zeqiri, M. Armstead, S. Shorter",1,40,0.7,0.9,0,0,1,0,0,1,0,0,0,0,0,0,0,0,0,0,0,1,2,0,2,0,0,0,0,2,2,100,2,1,3,0,0,1,0,0,1.0,0.7,0,270.3,-270.3,270.3,0,270.3,-2,0,0,0,0,0,0,0,0,0,0,0,0,0,0,0,0,0,0,0,0,0,0,0,0,0,0,0,0,0,0,0,0
Bora,"A. Hot, C. Bragg Jr, J. Dingle, R. Memedi, T. Cheese",Sigal Prishtina,"A. Bailey, A. Morina, D. Burns, E. Clarance, V. Kakruki",1,20,0.3,0.9,2,0,0,0,0,0,0,2,2,100,0,0,0,0,0,0,0,0,1,0,0,0,0,0,0,1,2,50,0,0,0,1,0,0,0,1,0.9,0.9,227.3,113.6,113.6,113.6,227.3,-113.6,1,0,0,0,0,0,0,0,0,0,0,0,0,0,0,0,0,0,0,0,0,0,0,0,0,0,0,0,0,0,0,0,0
Bora,"A. Hunter, C. Bragg Jr, J. Dingle, J. Zeqiri, R. Memedi",Sigal Prishtina,"A. Bailey, A. Lomax, A. Morina, D. Burns, V. Kakruki",1,25,0.4,0.9,0,0,1,0,0,1,0,0,0,0,0,0,0,0,0,0,0,1,2,0,0,0,0,0,0,2,2,100,0,1,1,1,0,0,0,0,1.0,0.9,0,227.3,-227.3,227.3,0,227.3,-2,0,0,0,0,0,0,0,0,0,0,0,0,0,0,0,0,0,0,0,0,0,0,0,0,0,0,0,0,0,0,0,0
Bora,"A. Hot, A. Hunter, J. Zeqiri, R. Memedi, S. Jules",Sigal Prishtina,"A. Bailey, A. Lomax, A. Morina, D. Haxhosaj, E. Clarance",1,19,0.3,0.9,0,0,1,0,0,1,0,0,0,0,0,1,1,0,0,0,0,1,0,0,0,0,0,0,0,0,2,0,0,1,1,0,0,0,0,0,1.0,0.9,0,0,0,0,0,0,0,0,0,0,0,0,0,0,0,0,0,0,0,0,0,0,0,0,0,0,0,0,0,0,0,0,0,0,0,0,0,0,0
Golden Eagle Ylli,"D. Thomas, E. Kastrati, J. Gray, L. Shoshi, S. Bamforth",GO+Peja,"A. Hajdari, C. Edwards, C. Williams, D. Davis, F. Shoshaj",1,34,0.6,0.9,2,0,2,0,0,0,0,2,2,100,2,1,3,0,0,0,0,0,0,0,1,0,0,1,0,0,0,0,0,0,0,0,0,0,0,0,0.7,1.0,270.3,0,270.3,0,270.3,-270.3,2,0,0,0,0,0,0,0,0,0,0,0,0,0,0,0,0,0,0,0,0,0,0,0,0,0,0,0,0,0,0,0,0
Golden Eagle Ylli,"D. Thomas, E. Kastrati, J. Gray, L. Shoshi, S. Bamforth",GO+Peja,"A. Hajdari, C. Edwards, C. Williams, F. Shoshaj, L. Routt",1,21,0.3,0.9,2,0,0,0,0,0,0,2,2,100,0,0,0,1,1,0,0,0,0,0,0,0,0,0,0,0,0,0,0,0,0,0,0,0,1,1,0.9,1.0,227.3,0,227.3,0,227.3,-227.3,2,0,0,0,0,0,0,0,0,0,0,0,0,0,0,0,0,0,0,0,0,0,0,0,0,0,0,0,0,0,0,0,0
Golden Eagle Ylli,"D. Sabeckis, E. Kastrati, J. Gray, S. Ahmeti, T. Smith",GO+Peja,"A. Hajdari, C. Edwards, C. Williams, D. Bracey, M. Mala",1,16,0.3,0.9,2,1,1,100,0,0,0,0,0,0,0,0,0,1,0,0,0,0,2,0,0,0,0,0,0,2,2,100,0,0,0,0,0,0,0,0,1.0,0.9,200,227.3,-27.3,227.3,200,27.3,0,0,0,0,0,0,0,0,0,0,0,0,0,0,0,0,0,0,0,0,0,0,0,0,0,0,0,0,0,0,0,0,0
Trepça,"A. Vining, D. Hajrizi, M. Tmusic, S. Henry, S. Jones",Vëllaznimi,"A. Rushiti, D. Wilson, S. Zekiqi, T. Todd, Y. Anei",1,19,0.3,0.9,1,0,0,0,0,0,0,1,2,50,0,0,0,0,0,0,0,0,2,1,1,100,0,0,0,0,0,0,0,1,1,0,0,0,0,0,0.9,1.0,113.6,200,-86.4,200,113.6,86.4,-1,0,0,0,0,0,0,0,0,0,0,0,0,0,0,0,0,0,0,0,0,0,0,0,0,0,0,0,0,0,0,0,0
Trepça,"A. Vining, B. Tuna, K. Hasbrouck, S. Henry, S. Jones",Vëllaznimi,"A. Gordon, A. Rushiti, J. Hellems, R. Dahsyla, T. Todd",1,19,0.3,0.9,2,0,0,0,0,0,0,2,2,100,0,0,0,0,0,0,0,1,1,0,0,0,0,0,0,1,2,50,0,0,0,0,0,0,0,0,0.9,0.9,227.3,113.6,113.6,113.6,227.3,-113.6,1,0,0,0,0,0,0,0,0,0,0,0,0,0,0,0,0,0,0,0,0,0,0,0,0,0,0,0,0,0,0,0,0
Trepça,"D. Hajrizi, D. Kapiti, J. Payne, K. Hasbrouck, S. Henry",Vëllaznimi,"A. Gordon, A. Koshi, D. Wilson, R. Dahsyla, T. Todd",1,14,0.2,0.9,0,0,0,0,0,0,0,0,2,0,0,0,0,0,0,0,0,0,0,0,0,0,0,0,0,0,0,0,0,1,1,0,0,0,1,0,0.9,1.0,0,0,0,0,0,0,0,0,0,0,0,0,0,0,0,0,0,0,0,0,0,0,0,0,0,0,0,0,0,0,0,0,0,0,0,0,0,0,0
Trepça,"J. Payne, K. Hasbrouck, M. Tmusic, S. Henry, S. Jones",Vëllaznimi,"A. Rushiti, D. Wilson, R. Dahsyla, T. Todd, Y. Anei",1,11,0.2,0.9,2,0,0,0,0,0,0,2,2,100,0,1,1,0,0,0,0,1,0,0,1,0,0,1,0,0,0,0,0,0,0,0,0,0,0,1,0.9,1.0,227.3,0,227.3,0,227.3,-227.3,2,0,0,0,0,0,0,0,0,0,0,0,0,0,0,0,0,0,0,0,0,0,0,0,0,0,0,0,0,0,0,0,0
Bashkimi,"I. Nwamu, J. Riley, K. Wooten, M. Ismaili, V. Bunjaku",Trepça,"D. Kapiti, J. Payne, K. Hasbrouck, M. Amzil, M. Tmusic",1,5,0.1,0.9,1,0,0,0,0,0,0,1,4,25,1,0,1,0,0,0,0,0,0,0,0,0,0,0,0,0,0,0,0,0,0,0,0,0,0,1,1.8,0.1,56.8,0,56.8,0,56.8,-56.8,1,0,0,0,0,0,0,0,0,0,0,0,0,0,0,0,0,0,0,0,0,0,0,0,0,0,0,0,0,0,0,0,0
Vëllaznimi,"J. Hellems, R. Dahsyla, S. Zekiqi, T. Todd, Z. Reid",Golden Eagle Ylli,"A. Çallakaj, D. Sabeckis, G. Morina, L. Shoshi, S. Bamforth",1,24,0.4,0.9,2,0,0,0,0,0,0,2,2,100,0,0,0,0,1,0,0,0,0,0,1,0,0,0,0,0,0,0,1,0,1,0,0,0,1,0,0.9,0.9,227.3,0,227.3,0,227.3,-227.3,2,0,0,0,0,0,0,0,0,0,0,0,0,0,0,0,0,0,0,0,0,0,0,0,0,0,0,0,0,0,0,0,0
Bora,"A. Mekic, G. Singleton, J. Zeqiri, R. Memedi, S. Jules",Rahoveci 029,"A. Berisha, B. Rexha, F. Rugova, I. Umipig, P. Weeks",1,21,0.3,0.8,3,0,1,0,0,1,0,3,3,100,1,0,1,0,0,0,0,0,1,0,0,0,0,0,0,1,1,100,0,0,0,0,0,0,0,2,1.3,0.4,240,227.3,12.7,227.3,240,-12.7,2,0,0,0,0,0,0,0,0,0,0,0,0,0,0,0,0,0,0,0,0,0,0,0,0,0,0,0,0,0,0,0,0
GO+Peja,"C. Edwards, D. Berisha, J. Johnson, M. Armstead, T. Green",Rahoveci 029,"E. Peci, F. Rugova, I. Umipig, J. Jones, J. Roche",1,16,0.3,0.8,0,0,0,0,0,0,0,0,0,0,0,1,1,0,0,0,0,0,1,0,2,0,0,1,0,1,2,50,2,0,2,1,0,0,0,0,0.1,1.5,0,68.8,-68.8,68.8,0,68.8,-1,0,0,0,0,0,0,0,0,0,0,0,0,0,0,0,0,0,0,0,0,0,0,0,0,0,0,0,0,0,0,0,0
Rahoveci 029,"E. Peci, I. Umipig, J. Roche, K. Pullian, K. Ujkani",Vëllaznimi,"A. Koshi, L. Colimerio, M. Warrick, R. Dahsyla, Y. Anei",1,1,0.0,0.8,0,0,0,0,0,0,0,0,0,0,0,0,0,0,0,0,0,0,1,0,1,0,0,1,0,1,1,100,0,0,0,0,0,0,0,0,0.1,1.4,0,69.4,-69.4,69.4,0,69.4,-1,0,0,0,0,0,0,0,0,0,0,0,0,0,0,0,0,0,0,0,0,0,0,0,0,0,0,0,0,0,0,0,0
Bora,"A. Hot, J. Zeqiri, O. Kurtaj, S. Jules, T. Chese",Bashkimi,"D. Lake, I. Cousins, J. Palokaj, K. Anderson, L. Zeqiri",1,12,0.2,0.8,0,0,0,0,0,0,0,0,0,0,0,0,0,0,0,0,0,0,4,1,1,100,1,1,100,1,1,100,0,0,0,1,0,0,0,0,0.1,1.4,0,277.8,-277.8,277.8,0,277.8,-4,0,0,0,0,0,0,0,0,0,0,0,0,0,0,0,0,0,0,0,0,0,0,0,0,0,0,0,0,0,0,0,0
Rahoveci 029,"A. Patty, B. Rexha, F. Rugova, I. Umipig, K. Pullian",Bora,"A. Hot, A. Hunter, J. Zeqiri, S. Jules, T. Cheese",1,27,0.5,0.8,0,0,0,0,0,0,0,0,0,0,0,1,1,0,0,1,0,1,1,0,1,0,0,0,0,1,1,100,0,0,0,0,0,0,0,1,0.1,1.4,0,69.4,-69.4,69.4,0,69.4,-1,0,0,0,0,0,0,0,0,0,0,0,0,0,0,0,0,0,0,0,0,0,0,0,0,0,0,0,0,0,0,0,0
Rahoveci 029,"B. Rexha, F. Rugova, I. Umipig, J. Roche, K. Pullian",GO+Peja,"A. Hajdari, A. Herndon, D. Berisha, J. Johnson, S. Flatten",1,13,0.2,0.8,0,0,0,0,0,0,0,0,0,0,0,0,0,0,0,0,0,1,3,1,1,100,0,0,0,1,1,100,0,0,0,0,0,0,0,0,0.1,1.4,0,208.3,-208.3,208.3,0,208.3,-3,0,0,0,0,0,0,0,0,0,0,0,0,0,0,0,0,0,0,0,0,0,0,0,0,0,0,0,0,0,0,0,0
Bora,"A. Hunter, A. Mekic, G. Zeqiri, J. Zeqiri, S. Jules",Golden Eagle Ylli,"A. Gashi, A. Scott, G. Morina, J. Reece, T. Allen",1,19,0.3,0.8,2,1,1,100,0,0,0,0,1,0,0,0,0,1,0,0,0,1,0,0,0,0,0,0,0,0,0,0,0,1,1,0,0,0,0,1,1.4,0.1,138.9,0,138.9,0,138.9,-138.9,2,0,0,0,0,0,0,0,0,0,0,0,0,0,0,0,0,0,0,0,0,0,0,0,0,0,0,0,0,0,0,0,0
Bashkimi,"I. Cousins, M. Armstead, M. Janjeva, S. Shorter, T. Bickerstaff",Sigal Prishtina,"A. Sinani, D. Polloshka, E. Clarance, J. Ismajli, K. Kramer",1,22,0.4,0.8,1,0,1,0,0,1,0,1,1,100,0,0,0,0,0,0,0,1,0,0,1,0,0,0,0,0,0,0,1,1,2,0,0,0,0,0,1.4,0.1,69.4,0,69.4,0,69.4,-69.4,1,0,0,0,0,0,0,0,0,0,0,0,0,0,0,0,0,0,0,0,0,0,0,0,0,0,0,0,0,0,0,0,0
GO+Peja,"C. Edwards, F. Shoshaj, L. Routt, O. Williams, S. Llapi",Rahoveci 029,"A. Thomas, B. Rexha, J. Roche, K. Pullian, V. Ejupi",1,8,0.1,0.8,0,0,0,0,0,0,0,0,0,0,0,0,0,0,0,0,0,0,1,0,1,0,0,1,0,1,1,100,0,0,0,0,0,0,0,0,0.1,1.4,0,69.4,-69.4,69.4,0,69.4,-1,0,0,0,0,0,0,0,0,0,0,0,0,0,0,0,0,0,0,0,0,0,0,0,0,0,0,0,0,0,0,0,0
Vëllaznimi,"A. Rushiti, D. Wilson, R. Dahsyla, Y. Anei, Z. Reid",Bora,"A. Hot, J. Zeqiri, L. Thomas, S. Jules, T. Cheese",1,15,0.2,0.8,1,0,1,0,0,1,0,1,1,100,0,0,0,0,0,0,0,1,0,0,0,0,0,0,0,0,0,0,0,1,1,0,0,0,0,0,1.4,0.1,69.4,0,69.4,0,69.4,-69.4,1,0,0,0,0,0,0,0,0,0,0,0,0,0,0,0,0,0,0,0,0,0,0,0,0,0,0,0,0,0,0,0,0
Bashkimi,"D. Lake, J. Riley, M. Janjeva, S. Shorter, V. Bunjaku",Trepça,"D. Hajrizi, D. Kapiti, K. Hasbrouck, M. Tmusic, S. Henry",1,33,0.6,0.8,0,0,1,0,0,1,0,0,1,0,0,0,0,0,0,0,0,0,0,0,0,0,0,0,0,0,0,0,0,1,1,0,0,0,0,0,1.4,0.1,0,0,0,0,0,0,0,0,0,0,0,0,0,0,0,0,0,0,0,0,0,0,0,0,0,0,0,0,0,0,0,0,0,0,0,0,0,0,0
GO+Peja,"A. Herndon, D. Berisha, J. Johnson, M. Mala, T. Green",Golden Eagle Ylli,"A. Çallakaj, G. Morina, J. Reece, L. Thomas, T. Allen",1,31,0.5,0.7,3,1,1,100,1,1,100,0,0,0,0,1,1,1,0,0,0,1,0,0,0,0,0,0,0,0,1,0,0,0,0,0,0,0,0,0,1.0,0.4,300,0,300,0,300,-300,3,0,0,0,0,0,0,0,0,0,0,0,0,0,0,0,0,0,0,0,0,0,0,0,0,0,0,0,0,0,0,0,0
Vëllaznimi,"A. Koshi, J. Ismajli, L. Colimerio, S. Zekiqi, Y. Anei",Sigal Prishtina,"A. Azemi, A. Bailey, D. Burns, D. Haxhosaj, D. Polloshka",1,14,0.2,0.7,0,0,1,0,0,0,0,0,0,0,0,0,0,0,0,0,0,1,1,0,0,0,0,0,0,1,1,100,0,1,1,0,0,0,0,0,1.0,0.4,0,227.3,-227.3,227.3,0,227.3,-1,0,0,0,0,0,0,0,0,0,0,0,0,0,0,0,0,0,0,0,0,0,0,0,0,0,0,0,0,0,0,0,0
Sigal Prishtina,"D. Burns, D. Haxhosaj, D. Polloshka, K. Kramer, L. Autrey",Golden Eagle Ylli,"A. Scott, A. Çallakaj, G. Morina, J. Reece, L. Basic",1,21,0.3,0.7,0,0,0,0,0,0,0,0,0,0,0,1,1,0,0,0,1,1,0,0,0,0,0,0,0,0,1,0,0,0,0,0,1,0,0,0,1.0,0.4,0,0,0,0,0,0,0,0,0,0,0,0,0,0,0,0,0,0,0,0,0,0,0,0,0,0,0,0,0,0,0,0,0,0,0,0,0,0,0
Vëllaznimi,"A. Gordon, A. Koshi, J. Hellems, L. Colimerio, R. Dahsyla",Rahoveci 029,"A. Patty, J. Johnson, K. Pullian, K. Ujkani, V. Ejupi",1,10,0.2,0.7,0,0,1,0,0,0,0,0,0,0,0,0,0,0,0,0,0,0,1,0,0,0,0,0,0,1,1,100,0,1,1,0,0,0,0,0,1.0,0.4,0,227.3,-227.3,227.3,0,227.3,-1,0,0,0,0,0,0,0,0,0,0,0,0,0,0,0,0,0,0,0,0,0,0,0,0,0,0,0,0,0,0,0,0
Bashkimi,"I. Cousins, M. Janjeva, S. Shorter, T. Bickerstaff, V. Bunajku",Bora,"A. Hunter, G. Zeqiri, R. Ukaj, S. Jules, T. Cheese",1,22,0.4,0.7,0,0,1,0,0,0,0,0,0,0,1,1,2,0,0,0,1,1,0,0,0,0,0,0,0,0,1,0,0,0,0,0,1,0,0,0,0.9,0.4,0,0,0,0,0,0,0,0,0,0,0,0,0,0,0,0,0,0,0,0,0,0,0,0,0,0,0,0,0,0,0,0,0,0,0,0,0,0,0
Trepça,"A. Gashi, B. Zekiqi, D. Kapiti, E. Asllani, V. Haliti",Sigal Prishtina,"A. Bailey, E. Clarance, K. Dukes, L. Zeneli, N. Zuka",1,25,0.4,0.7,0,0,0,0,0,0,0,0,1,0,0,0,0,0,0,0,0,0,2,1,1,100,0,0,0,0,0,0,0,1,1,0,0,0,0,1,0.4,1.0,0,200,-200,200,0,200,-2,0,0,0,0,0,0,0,0,0,0,0,0,0,0,0,0,0,0,0,0,0,0,0,0,0,0,0,0,0,0,0,0
Golden Eagle Ylli,"E. Kastrati, G. Morina, L. Basic, L. Shoshi, S. Bamforth",Vëllaznimi,"A. Koshi, D. Wilson, S. Zekiqi, Y. Anei, Z. Reid",1,12,0.2,0.7,2,0,0,0,0,0,0,2,2,100,0,0,0,0,0,0,0,0,1,0,0,0,0,0,0,1,1,100,0,0,0,0,0,0,0,1,0.9,0.4,227.3,227.3,0,227.3,227.3,0,1,0,0,0,0,0,0,0,0,0,0,0,0,0,0,0,0,0,0,0,0,0,0,0,0,0,0,0,0,0,0,0,0
Bora,"A. Hot, A. Hunter, J. Zeqiri, R. Memedi, S. Jules",GO+Peja,"A. Herndon, F. Shoshaj, M. Mala, O. Williams, T. Green",1,24,0.4,0.7,0,0,0,0,0,0,0,0,1,0,0,1,1,0,0,0,0,0,0,0,1,0,0,1,0,0,0,0,0,1,1,0,0,0,0,0,0.4,1.0,0,0,0,0,0,0,0,0,0,0,0,0,0,0,0,0,0,0,0,0,0,0,0,0,0,0,0,0,0,0,0,0,0,0,0,0,0,0,0
Bora,"A. Hunter, J. Zeqiri, R. Memedi, R. Ukaj, T. Cheese",Bashkimi,"D. Lake, K. Anderson, M. Janjeva, S. Shorter, V. Bunjaku",1,11,0.2,0.7,1,0,0,0,0,0,0,1,1,100,0,0,0,0,0,0,0,1,2,0,0,0,0,0,0,2,2,100,0,0,0,0,0,0,0,0,0.4,0.9,227.3,227.3,0,227.3,227.3,0,-1,0,0,0,0,0,0,0,0,0,0,0,0,0,0,0,0,0,0,0,0,0,0,0,0,0,0,0,0,0,0,0,0
Bora,"A. Hunter, J. Zeqiri, L. Thomas, R. Memedi, T. Cheese",Bashkimi,"I. Nwamu, K. Anderson, K. Wooten, L. Zeqiri, M. Armstead",1,14,0.2,0.7,1,0,0,0,0,0,0,1,1,100,0,1,1,0,0,0,0,0,0,0,1,0,0,1,0,0,0,0,0,0,0,0,0,0,0,1,0.4,1.0,227.3,0,227.3,0,227.3,-227.3,1,0,0,0,0,0,0,0,0,0,0,0,0,0,0,0,0,0,0,0,0,0,0,0,0,0,0,0,0,0,0,0,0
Sigal Prishtina,"A. Bailey, A. Morina, D. Burns, D. Haxhosaj, E. Clarance",Golden Eagle Ylli,"A. Çallakaj, D. Thomas, J. Gray, S. Bamforth, T. Smith",1,7,0.1,0.7,0,0,0,0,0,0,0,0,0,0,0,1,1,0,0,0,1,1,0,0,0,0,0,0,0,0,1,0,0,0,0,0,0,0,0,0,1.0,0.4,0,0,0,0,0,0,0,0,0,0,0,0,0,0,0,0,0,0,0,0,0,0,0,0,0,0,0,0,0,0,0,0,0,0,0,0,0,0,0
Vëllaznimi,"A. Koshi, J. Hellems, R. Dahsyla, Y. Anei, Z. Reid",Golden Eagle Ylli,"D. Sabeckis, G. Morina, J. Gray, L. Shoshi, S. Bamforth",1,15,0.2,0.7,0,0,0,0,0,0,0,0,0,0,0,0,0,0,0,0,0,2,1,0,0,0,0,0,0,1,3,33.3,0,0,0,0,0,0,0,1,0.1,1.3,0,75.8,-75.8,75.8,0,75.8,-1,0,0,0,0,0,0,0,0,0,0,0,0,0,0,0,0,0,0,0,0,0,0,0,0,0,0,0,0,0,0,0,0
GO+Peja,"D. Bracey, D. Davis, F. Shoshaj, L. Routt, M. Mala",Bora,"A. Hot, C. Bragg Jr, R. Ukaj, S. Jules, T. Cheese",1,41,0.7,0.7,1,0,1,0,0,1,0,1,1,100,1,0,1,0,0,0,0,0,2,1,1,100,0,0,0,0,0,0,0,0,0,1,0,0,0,1,0.4,1.0,270.3,200,70.3,200,270.3,-70.3,-1,0,0,0,0,0,0,0,0,0,0,0,0,0,0,0,0,0,0,0,0,0,0,0,0,0,0,0,0,0,0,0,0
Trepça,"A. Arslanagic, D. Hajrizi, D. Kapiti, J. Payne, S. Jones",GO+ Peja,"A. Hajdari, C. Edwards, D. Berisha, M. Armstread, T. Green",1,24,0.4,0.6,0,0,1,0,0,0,0,0,0,0,0,0,0,0,0,0,0,1,0,0,0,0,0,0,0,0,0,0,0,1,1,0,0,0,0,0,1.0,0.1,0,0,0,0,0,0,0,0,0,0,0,0,0,0,0,0,0,0,0,0,0,0,0,0,0,0,0,0,0,0,0,0,0,0,0,0,0,0,0
Trepça,"C. Brown, C. Russell, D. Hajrizi, J. Payne, M. Tmusic",GO+ Peja,"C. Edwards, D. Berisha, J. Johnson, M. Armstread, T. Green",1,27,0.5,0.6,0,0,0,0,0,0,0,0,0,0,0,1,1,0,0,0,0,0,0,0,1,0,0,1,0,0,0,0,0,0,0,0,0,0,0,1,0.1,1.0,0,0,0,0,0,0,0,0,0,0,0,0,0,0,0,0,0,0,0,0,0,0,0,0,0,0,0,0,0,0,0,0,0,0,0,0,0,0,0
Trepça,"A. Arslanagic, B. Tuna, C. Brown, M. Tmusic, S. Jones",GO+ Peja,"C. Edwards, D. Berisha, J. Johnson, M. Armstread, T. Green",1,18,0.3,0.6,0,0,0,0,0,0,0,0,0,0,0,0,0,0,0,0,0,1,2,1,1,100,0,0,0,0,0,0,0,0,0,0,0,0,0,0,0.1,1.0,0,200,-200,200,0,200,-2,0,0,0,0,0,0,0,0,0,0,0,0,0,0,0,0,0,0,0,0,0,0,0,0,0,0,0,0,0,0,0,0
Trepça,"C. Russell, D. Hajrizi, D. Kapiti, J. Payne, M. Tmusic",GO+ Peja,"C. Edwards, D. Berisha, J. Johnson, M. Armstread, T. Green",1,13,0.2,0.6,0,0,0,0,0,0,0,0,0,0,0,0,0,0,0,0,0,0,2,1,1,100,0,0,0,0,0,0,0,0,0,1,0,0,0,0,0.1,1.0,0,200,-200,200,0,200,-2,0,0,0,0,0,0,0,0,0,0,0,0,0,0,0,0,0,0,0,0,0,0,0,0,0,0,0,0,0,0,0,0
Golden Eagle Ylli,"A. Qallaku, E. Kastrati, J. Reece, L. Basic, T. Allen",Sigal Prishtina,"A. Azemi, A. Bailey, D. Burns, D. Polloshka, L. Autrey",1,8,0.1,0.6,0,0,0,0,0,0,0,0,0,0,0,0,0,0,0,0,0,0,2,1,1,100,0,0,0,0,0,0,0,0,0,0,0,0,0,0,0.1,1.0,0,200,-200,200,0,200,-2,0,0,0,0,0,0,0,0,0,0,0,0,0,0,0,0,0,0,0,0,0,0,0,0,0,0,0,0,0,0,0,0
Golden Eagle Ylli,"A. Qallaku, A. Shala, E. Kastrati, J. Reece, L. Thomas",Sigal Prishtina,"A. Azemi, A. Bailey, D. Polloshka, L. Autrey, V. Kakruki",1,17,0.3,0.6,0,0,0,0,0,0,0,0,0,0,0,1,1,0,0,0,0,0,0,0,1,0,0,0,0,0,0,0,0,0,0,0,0,0,0,0,0.1,1.0,0,0,0,0,0,0,0,0,0,0,0,0,0,0,0,0,0,0,0,0,0,0,0,0,0,0,0,0,0,0,0,0,0,0,0,0,0,0,0
Bashkimi,"I. Cousins, J. Baily, J. Palokaj, T. Bickerstaff, V. Bunjaku",Rahoveci 029,"F. Rugova, I. Umipig, K. Pullian, P. Weekes, V. Ejupi",1,17,0.3,0.6,2,1,1,100,0,0,0,0,0,0,0,0,0,0,0,0,0,1,0,0,0,0,0,0,0,0,0,0,0,0,0,0,0,0,0,0,1.0,0.1,200,0,200,0,200,-200,2,0,0,0,0,0,0,0,0,0,0,0,0,0,0,0,0,0,0,0,0,0,0,0,0,0,0,0,0,0,0,0,0
Sigal Prishtina,"B. Istrefi, D. Burns, D. Polloshka, M. Janjeva, V. Kakruki",Bora,"A. Hot, G. Singleton, R. Memed, R. Ukaj, S. Jules",1,17,0.3,0.6,0,0,0,0,0,0,0,0,0,0,0,0,0,0,1,0,0,0,0,0,0,0,0,0,0,0,0,0,0,0,0,0,0,0,1,1,0.1,1.0,0,0,0,0,0,0,0,0,0,0,0,0,0,0,0,0,0,0,0,0,0,0,0,0,0,0,0,0,0,0,0,0,0,0,0,0,0,0,0
Sigal Prishtina,"B. Istrefi, D. Burns, D. Polloshka, M. Janjeva, V. Kakruki",Bora,"A. Mekic, G. Singleton, G. Zeqiri, J. Zeqiri, S. Jules",1,22,0.4,0.6,2,1,1,100,0,0,0,0,0,0,0,0,0,0,0,0,0,1,0,0,0,0,0,0,0,0,0,0,0,0,0,0,0,0,0,0,1.0,0.1,200,0,200,0,200,-200,2,0,0,0,0,0,0,0,0,0,0,0,0,0,0,0,0,0,0,0,0,0,0,0,0,0,0,0,0,0,0,0,0
GO+Peja,"A. Hajdari, A. Herndon, J. Johnson, M. Mala, S. Flatten",Golden Eagle Ylli,"A. Çallakaj, G. Morina, L. Basic, L. Thomas, T. Allen",1,26,0.4,0.6,0,0,0,0,0,0,0,0,0,0,0,0,0,0,0,0,0,0,3,1,1,100,1,1,100,0,0,0,0,0,0,1,0,0,0,0,0.1,1.0,0,300,-300,300,0,300,-3,0,0,0,0,0,0,0,0,0,0,0,0,0,0,0,0,0,0,0,0,0,0,0,0,0,0,0,0,0,0,0,0
GO+Peja,"C. Edwards, J. Johnson, M. Armstead, M. Mala, T. Green",Golden Eagle Ylli,"A. Çallakaj, G. Morina, J. Reece, L. Basic, T. Allen",1,38,0.6,0.6,0,0,0,0,0,0,0,0,0,0,0,1,1,0,0,0,0,0,0,0,1,0,0,0,0,0,0,0,0,0,0,0,0,0,0,1,0.1,1.0,0,0,0,0,0,0,0,0,0,0,0,0,0,0,0,0,0,0,0,0,0,0,0,0,0,0,0,0,0,0,0,0,0,0,0,0,0,0,0
GO+Peja,"A. Herndon, D. Berisha, J. Johnson, M. Armstead, T. Green",Golden Eagle Ylli,"A. Çallakaj, G. Morina, J. Reece, L. Basic, L. Thomas",1,28,0.5,0.6,0,0,0,0,0,0,0,0,0,0,0,0,0,0,0,0,0,0,0,0,0,0,0,0,0,0,0,0,0,0,0,0,0,0,1,1,0.1,1.0,0,0,0,0,0,0,0,0,0,0,0,0,0,0,0,0,0,0,0,0,0,0,0,0,0,0,0,0,0,0,0,0,0,0,0,0,0,0,0
Trepça,"D. Hajrizi, D. Kapiti, J. Payne, M. Amzil, M. Tmusic",Bashkimi,"I. Cousins, J. Baily, J. Palokaj, K. Anderson, V. Bunjaku",1,13,0.2,0.6,0,0,0,0,0,0,0,0,0,0,0,0,0,0,0,0,0,0,2,1,1,100,0,0,0,0,0,0,0,0,0,0,0,0,0,0,0.1,1.0,0,200,-200,200,0,200,-2,0,0,0,0,0,0,0,0,0,0,0,0,0,0,0,0,0,0,0,0,0,0,0,0,0,0,0,0,0,0,0,0
Bora,"A. Mekic, G. Singleton, R. Memed, R. Ukaj, S. Jules",GO+Peja,"C. Edwards, J. Johnson, M. Armstead, M. Mala, S. Flateen",1,21,0.3,0.6,3,1,1,100,1,1,100,0,0,0,0,0,0,1,0,0,0,0,0,0,0,0,0,0,0,0,0,0,0,0,0,0,0,0,0,0,1.0,0.1,300,0,300,0,300,-300,3,0,0,0,0,0,0,0,0,0,0,0,0,0,0,0,0,0,0,0,0,0,0,0,0,0,0,0,0,0,0,0,0
Bora,"A. Mekic, G. Singleton, R. Memed, R. Ukaj, T. Jackson",GO+Peja,"C. Edwards, J. Johnson, M. Armstead, M. Mala, S. Flateen",1,47,0.8,0.6,0,0,3,0,0,3,0,0,0,0,2,0,2,0,0,0,0,0,3,1,1,100,1,1,100,0,0,0,0,0,0,1,0,0,0,0,0.1,1.0,0,300,-300,300,0,300,-3,0,0,0,0,0,0,0,0,0,0,0,0,0,0,0,0,0,0,0,0,0,0,0,0,0,0,0,0,0,0,0,0
Bora,"A. Mekic, G. Singleton, R. Memed, R. Ukaj, T. Jackson",GO+Peja,"A. Herndon, M. Armstead, M. Mala, S. Flateen, T. Green",1,31,0.5,0.6,0,0,1,0,0,1,0,0,0,0,0,0,0,0,0,0,0,1,0,0,0,0,0,0,0,0,0,0,0,1,1,0,0,0,0,0,1.0,0.1,0,0,0,0,0,0,0,0,0,0,0,0,0,0,0,0,0,0,0,0,0,0,0,0,0,0,0,0,0,0,0,0,0,0,0,0,0,0,0
Rahoveci 029,"F. Rugova, I. Umipig, J. Jones, P. Weekes, V. Ejupi",Sigal Prishtina,"A. Azemi, A. Bailey, D. Lekndreaj, L. Autrey, V. Kakruki",1,22,0.4,0.6,0,0,0,0,0,0,0,0,0,0,0,0,0,0,0,0,0,0,0,0,0,0,0,0,0,0,0,0,0,0,0,0,0,0,1,1,0.1,1.0,0,0,0,0,0,0,0,0,0,0,0,0,0,0,0,0,0,0,0,0,0,0,0,0,0,0,0,0,0,0,0,0,0,0,0,0,0,0,0
Rahoveci 029,"A. Berisha, B. Rexha, I. Umipig, K. Pullian, P. Weekes",Sigal Prishtina,"D. Burns, D. Haxhosaj, D. Polloshka, L. Autrey, M. Janjeva",1,24,0.4,0.6,0,0,0,0,0,0,0,0,0,0,0,1,1,0,0,0,0,0,0,0,1,0,0,1,0,0,0,0,0,0,0,0,0,0,0,0,0.1,1.0,0,0,0,0,0,0,0,0,0,0,0,0,0,0,0,0,0,0,0,0,0,0,0,0,0,0,0,0,0,0,0,0,0,0,0,0,0,0,0
Rahoveci 029,"B. Rexha, F. Rugova, I. Umipig, J. Jones, P. Weekes",Sigal Prishtina,"A. Azemi, A. Bailey, D. Polloshka, K. Kramer, L. Autrey",1,20,0.3,0.6,0,0,0,0,0,0,0,0,0,0,0,0,0,0,0,0,1,1,0,0,0,0,0,0,0,0,0,0,0,0,0,0,1,0,0,0,1.0,0.1,0,0,0,0,0,0,0,0,0,0,0,0,0,0,0,0,0,0,0,0,0,0,0,0,0,0,0,0,0,0,0,0,0,0,0,0,0,0,0
Bashkimi,"J. Baily, K. Anderson, L. Zeqiri, T. Bickerstaff, V. Bunjaku",Sigal Prishtina,"A. Bailey, D. Burns, D. Lekndreaj, D. Polloshka, V. Kakruki",1,22,0.4,0.6,0,0,1,0,0,1,0,0,0,0,0,0,0,0,0,0,0,1,0,0,0,0,0,0,0,0,0,0,0,1,1,0,0,0,0,0,1.0,0.1,0,0,0,0,0,0,0,0,0,0,0,0,0,0,0,0,0,0,0,0,0,0,0,0,0,0,0,0,0,0,0,0,0,0,0,0,0,0,0
Bashkimi,"I. Cousins, J. Baily, J. Palokaj, K. Anderson, V. Bunjaku",Sigal Prishtina,"A. Azemi, A. Bailey, D. Lekndreaj, L. Autrey, V. Kakruki",1,13,0.2,0.6,2,1,1,100,0,0,0,0,0,0,0,0,0,1,0,0,0,0,0,0,0,0,0,0,0,0,0,0,0,0,0,0,0,0,0,0,1.0,0.1,200,0,200,0,200,-200,2,0,0,0,0,0,0,0,0,0,0,0,0,0,0,0,0,0,0,0,0,0,0,0,0,0,0,0,0,0,0,0,0
GO+Peja,"A. Hajdari, C. Edwards, J. Johnson, M. Mala, T. Green",Rahoveci 029,"F. Rugova, I. Umipig, J. Roche, P. Weekes, V. Ejupi",1,26,0.4,0.6,3,1,1,100,1,1,100,0,0,0,0,0,0,1,0,0,0,1,0,0,0,0,0,0,0,0,0,0,0,0,0,0,0,0,0,0,1.0,0.1,300,0,300,0,300,-300,3,0,0,0,0,0,0,0,0,0,0,0,0,0,0,0,0,0,0,0,0,0,0,0,0,0,0,0,0,0,0,0,0
Vëllaznimi,"J. Ismajli, L. Colimerio, R. Dahsyla, Y. Anei, Z. Reid",Bora,"A. Mekic, D. Taylor, J. Zeqiri, O. Kurtaj, T. Jackson",1,36,0.6,0.6,2,1,1,100,0,0,0,0,0,0,0,0,0,1,0,0,0,1,0,0,1,0,0,1,0,0,0,0,1,0,1,0,0,0,0,0,1.0,0.1,200,0,200,0,200,-200,2,0,0,0,0,0,0,0,0,0,0,0,0,0,0,0,0,0,0,0,0,0,0,0,0,0,0,0,0,0,0,0,0
Vëllaznimi,"A. Koshi, M. Warrick, R. Dahsyla, Y. Anei, Z. Reid",Bora,"D. Taylor, G. Singleton, J. Zeqiri, R. Memedi, T. Jackson",1,36,0.6,0.6,2,1,1,100,0,0,0,0,0,0,0,0,0,1,0,0,0,1,0,0,0,0,0,0,0,0,0,0,0,0,0,0,0,0,0,0,1.0,0.1,200,0,200,0,200,-200,2,0,0,0,0,0,0,0,0,0,0,0,0,0,0,0,0,0,0,0,0,0,0,0,0,0,0,0,0,0,0,0,0
Vëllaznimi,"J. Ismajli, M. Warrick, R. Dahsyla, Y. Anei, Z. Reid",Bora,"A. Mekic, G. Singleton, J. Zeqiri, R. Memedi, S. Jules",1,34,0.6,0.6,0,0,1,0,0,1,0,0,0,0,0,0,0,0,0,0,0,1,0,0,0,0,0,0,0,0,0,0,0,1,1,0,0,0,0,0,1.0,0.1,0,0,0,0,0,0,0,0,0,0,0,0,0,0,0,0,0,0,0,0,0,0,0,0,0,0,0,0,0,0,0,0,0,0,0,0,0,0,0
Trepça,"A. Arslanagic, B. Tuna, D. Kapiti, J. Payne, M. Amzil",Golden Eagle Ylli,"A. Çallakaj, G. Morina, L. Shoshi, L. Thomas, T. Allen",1,32,0.5,0.6,2,1,1,100,0,0,0,0,0,0,0,0,0,0,0,0,0,1,0,0,0,0,0,0,0,0,0,0,0,0,0,0,0,0,0,0,1.0,0.1,200,0,200,0,200,-200,2,0,0,0,0,0,0,0,0,0,0,0,0,0,0,0,0,0,0,0,0,0,0,0,0,0,0,0,0,0,0,0,0
Trepça,"B. Tuna, C. Rusell, D. Kapiti, J. Payne, M. Amzil",Golden Eagle Ylli,"A. Çallakaj, G. Morina, J. Reece, L. Basic, T. Allen",1,32,0.5,0.6,3,1,1,100,1,1,100,0,0,0,0,0,0,0,0,0,0,2,0,0,0,0,0,0,0,0,0,0,0,0,0,0,0,0,0,0,1.0,0.1,300,0,300,0,300,-300,3,0,0,0,0,0,0,0,0,0,0,0,0,0,0,0,0,0,0,0,0,0,0,0,0,0,0,0,0,0,0,0,0
Golden Eagle Ylli,"A. Shala, G. Morina, J. Reece, L. Basic, T. Allen",Bashkimi,"A. Morina, J. Bailey, K. Anderson, T. Bickerstaff, V. Bunjaku",1,16,0.3,0.6,0,0,0,0,0,0,0,0,0,0,0,1,1,0,0,0,0,1,0,0,1,0,0,0,0,0,0,0,0,0,0,0,0,0,0,0,0.1,1.0,0,0,0,0,0,0,0,0,0,0,0,0,0,0,0,0,0,0,0,0,0,0,0,0,0,0,0,0,0,0,0,0,0,0,0,0,0,0,0
Golden Eagle Ylli,"G. Morina, L. Basic, L. Shoshi, L. Thomas, T. Allen",Bashkimi,"I. Cousins, J. Palokaj, K. Anderson, T. Bickerstaff, V. Bunjaku",1,31,0.5,0.6,0,0,0,0,0,0,0,0,0,0,0,1,1,0,0,0,0,0,0,0,1,0,0,0,0,0,0,0,0,0,0,0,0,0,0,1,0.1,1.0,0,0,0,0,0,0,0,0,0,0,0,0,0,0,0,0,0,0,0,0,0,0,0,0,0,0,0,0,0,0,0,0,0,0,0,0,0,0,0
Bora,"A. Mekic, G. Zeqiri, J. Zeqiri, S. Jules, Y. Pllana",Trepça,"A. Arslanagic, D. Hajrizi, J. Payne, M. Tmusic, S. Jones",1,8,0.1,0.6,0,0,0,0,0,0,0,0,0,0,0,0,0,0,0,0,0,0,2,1,1,100,0,0,0,0,0,0,0,0,0,0,0,0,0,0,0.1,1.0,0,200,-200,200,0,200,-2,0,0,0,0,0,0,0,0,0,0,0,0,0,0,0,0,0,0,0,0,0,0,0,0,0,0,0,0,0,0,0,0
Rahoveci 029,"B. Rexha, F. Rugova, I. Umipig, J. Roche, P. Weekes",Vëllaznimi,"A. Koshi, J. Ismajli, L. Colimerio, M. Warrick, Y. Anei",1,38,0.6,0.6,2,1,1,100,0,0,0,0,0,0,0,0,0,1,0,0,0,1,0,0,1,0,0,1,0,0,0,0,1,0,1,0,0,0,0,0,1.0,0.1,200,0,200,0,200,-200,2,0,0,0,0,0,0,0,0,0,0,0,0,0,0,0,0,0,0,0,0,0,0,0,0,0,0,0,0,0,0,0,0
Rahoveci 029,"B. Rexha, F. Rugova, I. Umipig, K. Pullian, P. Weekes",Vëllaznimi,"J. Ismajli, K. Ezeagu, R. Dahsyla, S. Zekiqi, Z. Reid",1,13,0.2,0.6,3,1,1,100,1,1,100,0,0,0,0,0,0,0,0,0,0,0,0,0,0,0,0,0,0,0,0,0,0,0,0,0,0,0,0,0,1.0,0.1,300,0,300,0,300,-300,3,0,0,0,0,0,0,0,0,0,0,0,0,0,0,0,0,0,0,0,0,0,0,0,0,0,0,0,0,0,0,0,0
Rahoveci 029,"F. Rugova, I. Umipig, J. Jones, J. Roche, V. Ejupi",Vëllaznimi,"A. Koshi, K. Ezeagu, L. Colimerio, M. Warrick, R. Dahsyla",1,32,0.5,0.6,0,0,1,0,0,1,0,0,0,0,1,0,1,0,1,0,0,0,0,0,0,0,0,0,0,0,0,0,0,0,0,0,0,0,1,0,0.1,1.0,0,0,0,0,0,0,0,0,0,0,0,0,0,0,0,0,0,0,0,0,0,0,0,0,0,0,0,0,0,0,0,0,0,0,0,0,0,0,0
Bashkimi,"I. Cousins, J. Palokaj, K. Anderson, L. Zeqiri, T. Bickerstaff",GO+Peja,"A. Hajdari, C. Edwards, M. Armstead, S. Flatten, T. Green",1,20,0.3,0.6,0,0,1,0,0,1,0,0,0,0,0,0,0,0,0,0,0,1,0,0,0,0,0,0,0,0,0,0,0,1,1,0,0,0,0,0,1.0,0.1,0,0,0,0,0,0,0,0,0,0,0,0,0,0,0,0,0,0,0,0,0,0,0,0,0,0,0,0,0,0,0,0,0,0,0,0,0,0,0
Bashkimi,"J. Bailey, J. Palokaj, K. Anderson, L. Zeqiri, T. Bickerstaff",GO+Peja,"A. Hajdari, C. Edwards, M. Armstead, S. Flatten, T. Green",1,1,0.0,0.6,0,0,1,0,0,1,0,0,0,0,0,0,0,0,0,0,0,0,0,0,0,0,0,0,0,0,0,0,0,0,0,0,0,0,0,0,1.0,0.1,0,0,0,0,0,0,0,0,0,0,0,0,0,0,0,0,0,0,0,0,0,0,0,0,0,0,0,0,0,0,0,0,0,0,0,0,0,0,0
Bashkimi,"J. Bailey, J. Palokaj, K. Anderson, T. Bickerstaff, V. Bunjaku",GO+Peja,"C. Edwards, J. Johnson, M. Armstead, M. Mala, S. Flatten",1,27,0.5,0.6,0,0,0,0,0,0,0,0,0,0,0,0,0,0,0,0,0,0,2,1,1,100,0,0,0,0,0,0,0,0,0,0,0,0,0,1,0.1,1.0,0,200,-200,200,0,200,-2,0,0,0,0,0,0,0,0,0,0,0,0,0,0,0,0,0,0,0,0,0,0,0,0,0,0,0,0,0,0,0,0
Bashkimi,"J. Bailey, J. Palokaj, K. Anderson, T. Bickerstaff, V. Bunjaku",GO+Peja,"A. Herndon, J. Johnson, M. Armstead, M. Mala, S. Flatten",1,13,0.2,0.6,0,0,1,0,0,0,0,0,0,0,0,0,0,0,0,0,0,1,0,0,0,0,0,0,0,0,0,0,0,1,1,0,0,0,0,0,1.0,0.1,0,0,0,0,0,0,0,0,0,0,0,0,0,0,0,0,0,0,0,0,0,0,0,0,0,0,0,0,0,0,0,0,0,0,0,0,0,0,0
Bashkimi,"I. Cousins, K. Anderson, L. Zeqiri, T. Bickerstaff, V. Bunjaku",GO+Peja,"A. Hajdari, C. Edwards, J. Johnson, M. Armstead, T. Green",1,15,0.2,0.6,0,0,0,0,0,0,0,0,0,0,0,1,1,0,0,0,0,0,0,0,1,0,0,0,0,0,0,0,0,0,0,0,0,0,0,0,0.1,1.0,0,0,0,0,0,0,0,0,0,0,0,0,0,0,0,0,0,0,0,0,0,0,0,0,0,0,0,0,0,0,0,0,0,0,0,0,0,0,0
Bashkimi,"I. Cousins, K. Anderson, M. Janjeva, T. Bickerstaff, V. Bunjaku",GO+Peja,"A. Hajdari, C. Edwards, J. Johnson, M. Armstead, T. Green",1,30,0.5,0.6,2,1,1,100,0,0,0,0,0,0,0,0,0,1,0,0,0,1,0,0,0,0,0,0,0,0,0,0,0,0,0,0,0,0,0,0,1.0,0.1,200,0,200,0,200,-200,2,0,0,0,0,0,0,0,0,0,0,0,0,0,0,0,0,0,0,0,0,0,0,0,0,0,0,0,0,0,0,0,0
Bashkimi,"D. Lake, I. Cousins, J. Palokaj, K. Anderson, L. Zeqiri",GO+Peja,"A. Hajdari, A. Herndon, M. Armstead, S. Flatten, T. Green",1,17,0.3,0.6,0,0,1,0,0,0,0,0,0,0,1,1,2,0,0,0,0,0,0,0,1,0,0,0,0,0,0,0,0,0,0,0,0,0,0,1,0.1,1.0,0,0,0,0,0,0,0,0,0,0,0,0,0,0,0,0,0,0,0,0,0,0,0,0,0,0,0,0,0,0,0,0,0,0,0,0,0,0,0
Golden Eagle Ylli,"A. Çallakaj, B. Huffman, G. Morina, L. Thomas, T. Allen",Bora,"A. Hot, A. Mekic, G. Singleton, J. Zeqiri, S. Jules",1,33,0.6,0.6,0,0,0,0,0,0,0,0,0,0,0,0,0,0,0,0,0,0,3,1,1,100,1,1,100,0,0,0,0,0,0,1,0,0,0,1,0.1,1.0,0,300,-300,300,0,300,-3,0,0,0,0,0,0,0,0,0,0,0,0,0,0,0,0,0,0,0,0,0,0,0,0,0,0,0,0,0,0,0,0
Golden Eagle Ylli,"A. Çallakaj, G. Morina, L. Shoshi, L. Thomas, T. Allen",Bora,"G. Singleton, J. Zeqiri, O. Kurtaj, S. Jules, T. Cheese",1,25,0.4,0.6,0,0,1,0,0,0,0,0,0,0,0,0,0,0,0,0,0,1,0,0,0,0,0,0,0,0,0,0,0,1,1,0,0,0,0,0,1.0,0.1,0,0,0,0,0,0,0,0,0,0,0,0,0,0,0,0,0,0,0,0,0,0,0,0,0,0,0,0,0,0,0,0,0,0,0,0,0,0,0
Golden Eagle Ylli,"A. Çallakaj, G. Morina, L. Shoshi, T. Allen, T. Allen",Bora,"A. Hot, A. Mekic, G. Singleton, O. Kurtaj, S. Jules",1,42,0.7,0.6,0,0,2,0,0,1,0,0,0,0,2,0,2,0,0,0,0,0,2,1,1,100,0,0,0,0,0,0,0,0,0,0,0,0,0,1,0.1,1.0,0,200,-200,200,0,200,-2,0,0,0,0,0,0,0,0,0,0,0,0,0,0,0,0,0,0,0,0,0,0,0,0,0,0,0,0,0,0,0,0
Bora,"A. Hot, A. Mekic, G. Singleton, O. Kurtaj, S. Jules",Bashkimi,"D. Lake, I. Cousins, J. Palokaj, K. Anderson, L. Zeqiri",1,11,0.2,0.6,0,0,0,0,0,0,0,0,0,0,0,0,0,0,0,0,0,0,3,1,1,100,1,1,100,0,0,0,0,0,0,0,0,0,0,0,0.1,1.0,0,300,-300,300,0,300,-3,0,0,0,0,0,0,0,0,0,0,0,0,0,0,0,0,0,0,0,0,0,0,0,0,0,0,0,0,0,0,0,0
Bora,"A. Hot, A. Mekic, G. Singleton, J. Zeqiri, T. Jackson",Bashkimi,"I. Cousins, J. Palokaj, K. Anderson, M. Janjeva, T. Bickerstaff",1,26,0.4,0.6,2,1,1,100,0,0,0,0,0,0,0,0,0,1,0,0,0,1,0,0,0,0,0,0,0,0,0,0,0,0,0,0,0,0,0,0,1.0,0.1,200,0,200,0,200,-200,2,0,0,0,0,0,0,0,0,0,0,0,0,0,0,0,0,0,0,0,0,0,0,0,0,0,0,0,0,0,0,0,0
Bora,"G. Singleton, G. Zeqiri, O. Kurtaj, S. Jules, T. Chese",Bashkimi,"I. Cousins, J. Baily, L. Zeqiri, T. Bickerstaff, V. Bunjaku",1,7,0.1,0.6,0,0,1,0,0,1,0,0,0,0,0,0,0,0,0,0,0,0,0,0,0,0,0,0,0,0,0,0,0,0,0,0,0,0,0,0,1.0,0.1,0,0,0,0,0,0,0,0,0,0,0,0,0,0,0,0,0,0,0,0,0,0,0,0,0,0,0,0,0,0,0,0,0,0,0,0,0,0,0
Bora,"A. Mekic, G. Zeqiri, J. Zeqiri, R. Sylejmani, T. Jackson",Bashkimi,"D. Lake, J. Baily, M. Janjeva, T. Bickerstaff, V. Bunjaku",1,9,0.1,0.6,2,1,1,100,0,0,0,0,0,0,0,0,0,0,0,0,0,0,0,0,0,0,0,0,0,0,0,0,0,0,0,0,0,0,0,1,1.0,0.1,200,0,200,0,200,-200,2,0,0,0,0,0,0,0,0,0,0,0,0,0,0,0,0,0,0,0,0,0,0,0,0,0,0,0,0,0,0,0,0
Sigal Prishtina,"A. Bailey, D. Burns, D. Lekndreaj, E. Williams Jr, V. Kakruki",Trepça,"A. Arslanagic, D. Kapiti, J. Payne, M. Amzil, M. Tmusic",1,1,0.0,0.6,0,0,0,0,0,0,0,0,0,0,0,0,0,0,0,0,0,0,0,0,1,0,0,1,0,0,0,0,0,0,0,0,0,0,0,0,0.1,1.0,0,0,0,0,0,0,0,0,0,0,0,0,0,0,0,0,0,0,0,0,0,0,0,0,0,0,0,0,0,0,0,0,0,0,0,0,0,0,0
GO+Peja,"A. Hajdari, D. Morris, M. Mala, S. Flatten, T. Green",Vëllaznimi,"A. Koshi, J. Hellems, J. Ismajli, L. Colimerio, Z. Reid",1,33,0.6,0.6,0,0,0,0,0,0,0,0,0,0,0,0,0,0,0,0,1,1,0,0,0,0,0,0,0,0,0,0,0,0,0,0,1,0,0,0,1.0,0.1,0,0,0,0,0,0,0,0,0,0,0,0,0,0,0,0,0,0,0,0,0,0,0,0,0,0,0,0,0,0,0,0,0,0,0,0,0,0,0
Bashkimi,"I. Cousins, J. Baily, L. Zeqiri, T. Bickerstaff, V. Bunjaku",Vëllaznimi,"A. Koshi, J. Ismajli, L. Colimerio, M. Warrick, Z. Reid",1,23,0.4,0.6,0,0,1,0,0,0,0,0,0,0,0,0,0,0,0,0,0,0,0,0,0,0,0,0,0,0,0,0,0,1,1,0,0,0,0,0,1.0,0.1,0,0,0,0,0,0,0,0,0,0,0,0,0,0,0,0,0,0,0,0,0,0,0,0,0,0,0,0,0,0,0,0,0,0,0,0,0,0,0
Bashkimi,"I. Cousins, J. Baily, L. Zeqiri, T. Bickerstaff, V. Bunjaku",Vëllaznimi,"A. Koshi, J. Hellems, J. Ismajli, L. Colimerio, Z. Reid",1,26,0.4,0.6,0,0,0,0,0,0,0,0,0,0,0,0,0,0,0,0,0,0,2,1,1,100,0,0,0,0,0,0,0,0,0,0,0,0,0,1,0.1,1.0,0,200,-200,200,0,200,-2,0,0,0,0,0,0,0,0,0,0,0,0,0,0,0,0,0,0,0,0,0,0,0,0,0,0,0,0,0,0,0,0
Bashkimi,"D. Lake, I. Cousins, K. Anderson, L. Zeqiri, V. Bunjaku",Vëllaznimi,"A. Koshi, J. Hellems, L. Colimerio, R. Dahsyla, Z. Reid",1,35,0.6,0.6,0,0,1,0,0,0,0,0,0,0,1,0,1,0,0,0,0,0,2,1,1,100,0,0,0,0,0,0,0,0,0,0,0,0,0,1,0.1,1.0,0,200,-200,200,0,200,-2,0,0,0,0,0,0,0,0,0,0,0,0,0,0,0,0,0,0,0,0,0,0,0,0,0,0,0,0,0,0,0,0
GO+Peja,"C. Edwards, D. Berisha, J. Johnson, M. Mala, T. Green",Trepça,"B. Tuna, C. Brown, D. Hajrizi, J. Payne, S. Henry",1,28,0.5,0.6,0,0,1,0,0,0,0,0,0,0,1,1,2,0,0,0,0,0,0,0,1,0,0,0,0,0,0,0,0,0,0,0,0,0,0,0,0.1,1.0,0,0,0,0,0,0,0,0,0,0,0,0,0,0,0,0,0,0,0,0,0,0,0,0,0,0,0,0,0,0,0,0,0,0,0,0,0,0,0
GO+Peja,"A. Hajdari, A. Herndon, J. Johnson, M. Mala, T. Green",Trepça,"A. Arslanagic, B. Tuna, C. Brown, D. Hajrizi, J. Payne",1,30,0.5,0.6,3,1,1,100,1,1,100,0,0,0,0,0,0,0,0,0,0,1,0,0,0,0,0,0,0,0,0,0,0,0,0,0,0,0,0,1,1.0,0.1,300,0,300,0,300,-300,3,0,0,0,0,0,0,0,0,0,0,0,0,0,0,0,0,0,0,0,0,0,0,0,0,0,0,0,0,0,0,0,0
Sigal Prishtina,"A. Azemi, B. Istrefi, D. Burns, K. Kramer, L. Autrey",Golden Eagle Ylli,"A. Scott, A. Çallakaj, G. Morina, J. Reece, L. Basic",1,6,0.1,0.6,0,0,0,0,0,0,0,0,0,0,0,0,0,0,0,0,0,0,3,1,1,100,1,1,100,0,0,0,0,0,0,1,0,0,0,0,0.1,1.0,0,300,-300,300,0,300,-3,0,0,0,0,0,0,0,0,0,0,0,0,0,0,0,0,0,0,0,0,0,0,0,0,0,0,0,0,0,0,0,0
Rahoveci 029,"F. Rugova, H. Durguti, I. Umipig, J. Roche, K. Pullian",Bora,"A. Hot, A. Hunter, A. Mekic, J. Zeqiri, T. Cheese",1,11,0.2,0.6,0,0,0,0,0,0,0,0,0,0,0,0,0,0,0,0,0,1,3,1,1,100,1,1,100,0,0,0,0,0,0,0,0,0,0,0,0.1,1.0,0,300,-300,300,0,300,-3,0,0,0,0,0,0,0,0,0,0,0,0,0,0,0,0,0,0,0,0,0,0,0,0,0,0,0,0,0,0,0,0
Rahoveci 029,"B. Rexha, F. Rugova, I. Umipig, J. Roche, K. Pullian",Bora,"A. Hot, A. Hunter, J. Zeqiri, S. Jules, T. Cheese",1,17,0.3,0.6,0,0,0,0,0,0,0,0,0,0,0,0,0,0,0,0,1,0,0,0,0,0,0,0,0,0,0,0,0,0,0,0,1,0,0,0,1.0,0.1,0,0,0,0,0,0,0,0,0,0,0,0,0,0,0,0,0,0,0,0,0,0,0,0,0,0,0,0,0,0,0,0,0,0,0,0,0,0,0
Rahoveci 029,"A. Patty, B. Rexha, F. Rugova, I. Umipig, K. Pullian",Bora,"A. Hot, A. Hunter, A. Mekic, J. Zeqiri, S. Jules",1,6,0.1,0.6,0,0,0,0,0,0,0,0,0,0,0,0,0,0,0,0,1,0,0,0,0,0,0,0,0,0,0,0,0,0,0,0,0,0,0,1,1.0,0.1,0,0,0,0,0,0,0,0,0,0,0,0,0,0,0,0,0,0,0,0,0,0,0,0,0,0,0,0,0,0,0,0,0,0,0,0,0,0,0
Bora,"A. Hot, C. Payton, R. Ukaj, S. Jules, T. Cheese",Sigal Prishtina,"A. Azemi, D. Burns, D. Haxhosaj, K. Kramer, T. Vissarious",1,17,0.3,0.6,0,0,0,0,0,0,0,0,0,0,0,0,0,0,0,0,0,0,0,0,0,0,0,0,0,0,0,0,0,0,0,0,0,0,1,0,0.1,1.0,0,0,0,0,0,0,0,0,0,0,0,0,0,0,0,0,0,0,0,0,0,0,0,0,0,0,0,0,0,0,0,0,0,0,0,0,0,0,0
Bora,"C. Payton, G. Zeqiri, R. Ukaj, S. Jules, T. Cheese",Sigal Prishtina,"A. Bailey, D. Burns, D. Haxhosaj, D. Polloshka, T. Vissarious",1,16,0.3,0.6,2,1,1,100,0,0,0,0,0,0,0,0,0,0,0,0,0,0,0,0,0,0,0,0,0,0,0,0,0,0,0,0,0,0,0,1,1.0,0.1,200,0,200,0,200,-200,2,0,0,0,0,0,0,0,0,0,0,0,0,0,0,0,0,0,0,0,0,0,0,0,0,0,0,0,0,0,0,0,0
Bora,"A. Hot, A. Mekic, J. Zeqiri, S. Jules, T. Cheese",Sigal Prishtina,"A. Bailey, B. Istrefi, D. Burns, D. Polloshka, T. Vissarious",1,6,0.1,0.6,2,1,1,100,0,0,0,0,0,0,0,0,0,1,0,0,0,0,0,0,0,0,0,0,0,0,0,0,0,0,0,0,0,0,0,0,1.0,0.1,200,0,200,0,200,-200,2,0,0,0,0,0,0,0,0,0,0,0,0,0,0,0,0,0,0,0,0,0,0,0,0,0,0,0,0,0,0,0,0
Bora,"A. Hot, A. Hunter, J. Zeqiri, S. Jules, T. Cheese",Sigal Prishtina,"A. Azemi, A. Bailey, D. Burns, D. Haxhosaj, K. Kramer",1,35,0.6,0.6,0,0,1,0,0,1,0,0,0,0,0,0,0,0,0,0,0,0,0,0,0,0,0,0,0,0,0,0,0,1,1,0,0,0,0,0,1.0,0.1,0,0,0,0,0,0,0,0,0,0,0,0,0,0,0,0,0,0,0,0,0,0,0,0,0,0,0,0,0,0,0,0,0,0,0,0,0,0,0
Bora,"A. Hunter, A. Mekic, R. Ukaj, S. Jules, T. Cheese",Sigal Prishtina,"A. Azemi, A. Bailey, D. Burns, D. Polloshka, K. Kramer",1,28,0.5,0.6,0,0,0,0,0,0,0,0,0,0,0,0,0,0,0,0,0,0,2,1,1,100,0,0,0,0,0,0,0,0,0,0,0,0,0,0,0.1,1.0,0,200,-200,200,0,200,-2,0,0,0,0,0,0,0,0,0,0,0,0,0,0,0,0,0,0,0,0,0,0,0,0,0,0,0,0,0,0,0,0
Bora,"A. Hot, A. Mekic, J. Zeqiri, S. Jules, T. Cheese",Sigal Prishtina,"A. Azemi, D. Burns, D. Haxhosaj, D. Polloshka, K. Kramer",1,9,0.1,0.6,0,0,0,0,0,0,0,0,0,0,0,0,0,0,0,0,0,0,2,1,1,100,0,0,0,0,0,0,0,0,0,0,0,0,0,0,0.1,1.0,0,200,-200,200,0,200,-2,0,0,0,0,0,0,0,0,0,0,0,0,0,0,0,0,0,0,0,0,0,0,0,0,0,0,0,0,0,0,0,0
Golden Eagle Ylli,"A. Scott, E. Kastrati, L. Shoshi, L. Thomas, T. Allen",GO+Peja,"D. Berisha, J. Johnson, M. Mala, S. Flatten, T. Green",1,25,0.4,0.6,0,0,1,0,0,0,0,0,0,0,0,0,0,0,0,0,0,2,0,0,1,0,0,1,0,0,0,0,1,1,2,0,0,0,0,0,1.0,0.1,0,0,0,0,0,0,0,0,0,0,0,0,0,0,0,0,0,0,0,0,0,0,0,0,0,0,0,0,0,0,0,0,0,0,0,0,0,0,0
Golden Eagle Ylli,"A. Gashi, A. Scott, L. Shoshi, L. Thomas, T. Allen",GO+Peja,"A. Herndon, D. Berisha, J. Johnson, M. Mala, S. Flatten",1,5,0.1,0.6,0,0,0,0,0,0,0,0,0,0,0,0,0,0,1,0,0,0,0,0,0,0,0,0,0,0,0,0,0,0,0,0,0,0,1,0,0.1,1.0,0,0,0,0,0,0,0,0,0,0,0,0,0,0,0,0,0,0,0,0,0,0,0,0,0,0,0,0,0,0,0,0,0,0,0,0,0,0,0
Golden Eagle Ylli,"A. Gashi, A. Scott, A. Çallakaj, E. Kastrati, T. Allen",GO+Peja,"A. Hajdari, C. Edwards, M. Mala, S. Flatten, S. Nila",1,7,0.1,0.6,2,1,1,100,0,0,0,0,0,0,0,0,0,1,0,0,0,0,0,0,0,0,0,0,0,0,0,0,0,0,0,0,0,0,0,0,1.0,0.1,200,0,200,0,200,-200,2,0,0,0,0,0,0,0,0,0,0,0,0,0,0,0,0,0,0,0,0,0,0,0,0,0,0,0,0,0,0,0,0
Trepça,"C. Brown, D. Hajrizi, J. Payne, M. Tmusic, S. Henry",Vëllaznimi,"J. Hellems, L. Colimerio, M. Warrick, R. Dahsyla, S. Zekiqi",1,40,0.7,0.6,0,0,0,0,0,0,0,0,0,0,0,1,1,0,0,0,0,0,0,0,1,0,0,1,0,0,0,0,0,0,0,0,0,0,0,1,0.1,1.0,0,0,0,0,0,0,0,0,0,0,0,0,0,0,0,0,0,0,0,0,0,0,0,0,0,0,0,0,0,0,0,0,0,0,0,0,0,0,0
Bashkimi,"K. Anderson, L. Zeqiri, M. Janjeva, T. Bickerstaff, V. Bunjaku",Trepça,"B. Tuna, C. Brown, D. Kapiti, J. Payne, S. Henry",1,39,0.7,0.6,0,0,1,0,0,1,0,0,0,0,1,0,1,0,0,0,0,0,2,1,1,100,0,0,0,0,0,0,0,0,0,0,0,0,0,0,0.1,1.0,0,200,-200,200,0,200,-2,0,0,0,0,0,0,0,0,0,0,0,0,0,0,0,0,0,0,0,0,0,0,0,0,0,0,0,0,0,0,0,0
Bashkimi,"K. Anderson, L. Zeqiri, M. Janjeva, T. Bickerstaff, V. Bunjaku",Trepça,"A. Arslanagic, B. Tuna, C. Brown, D. Kapiti, J. Payne",1,28,0.5,0.6,0,0,1,0,0,1,0,0,0,0,0,0,0,0,0,0,0,1,0,0,0,0,0,0,0,0,0,0,0,1,1,0,0,0,0,0,1.0,0.1,0,0,0,0,0,0,0,0,0,0,0,0,0,0,0,0,0,0,0,0,0,0,0,0,0,0,0,0,0,0,0,0,0,0,0,0,0,0,0
Bashkimi,"D. Lake, K. Anderson, M. Ismaili, M. Janjeva, T. Bickerstaff",Trepça,"A. Arslanagic, D. Hajrizi, M. Amzil, M. Tmusic, S. Henry",1,6,0.1,0.6,0,0,0,0,0,0,0,0,0,0,0,0,0,0,0,0,0,1,0,0,1,0,0,1,0,0,0,0,0,0,0,0,0,0,0,0,0.1,1.0,0,0,0,0,0,0,0,0,0,0,0,0,0,0,0,0,0,0,0,0,0,0,0,0,0,0,0,0,0,0,0,0,0,0,0,0,0,0,0
Vëllaznimi,"A. Koshi, J. Hellems, R. Dahsyla, S. Zekiqi, Z. Reid",Golden Eagle Ylli,"A. Scott, A. Çallakaj, B. Huffman, J. Reece, L. Shoshi",1,42,0.7,0.6,0,0,0,0,0,0,0,0,0,0,0,0,0,0,0,0,1,0,0,0,0,0,0,0,0,0,0,0,0,0,0,0,0,0,0,0,1.0,0.1,0,0,0,0,0,0,0,0,0,0,0,0,0,0,0,0,0,0,0,0,0,0,0,0,0,0,0,0,0,0,0,0,0,0,0,0,0,0,0
GO+Peja,"A. Hhajdari, C. Edwards, D. Berisha, J. Johnson, T. Green",Bora,"A. Hunter, A. Mekic, G. Zeqiri, J. Zeqiri, T. Cheese",1,16,0.3,0.6,0,0,0,0,0,0,0,0,0,0,0,1,1,0,0,0,0,0,0,0,1,0,0,1,0,0,0,0,0,0,0,0,0,0,0,0,0.1,1.0,0,0,0,0,0,0,0,0,0,0,0,0,0,0,0,0,0,0,0,0,0,0,0,0,0,0,0,0,0,0,0,0,0,0,0,0,0,0,0
Sigal Prishtina,"A. Azemi, A. Bailey, D. Burns, D. Polloshka, K. Kramer",Rahoveci 029,"A. Patty, F. Rugova, I. Umipig, J. Roche, V. Ejupi",1,36,0.6,0.6,2,1,1,100,0,0,0,0,0,0,0,0,0,0,0,0,0,1,0,0,0,0,0,0,0,0,0,0,0,0,0,0,0,0,0,0,1.0,0.1,200,0,200,0,200,-200,2,0,0,0,0,0,0,0,0,0,0,0,0,0,0,0,0,0,0,0,0,0,0,0,0,0,0,0,0,0,0,0,0
Sigal Prishtina,"A. Bailey, D. Burns, D. Haxhosaj, D. Polloshka, T. Vissariou",Bashkimi,"D. Lake, I. Nwamu, K. Anderson, L. Zeqiri, M. Janjeva",1,5,0.1,0.6,0,0,0,0,0,0,0,0,0,0,0,1,1,0,0,0,0,0,0,0,1,0,0,1,0,0,0,0,0,0,0,0,0,0,0,0,0.1,1.0,0,0,0,0,0,0,0,0,0,0,0,0,0,0,0,0,0,0,0,0,0,0,0,0,0,0,0,0,0,0,0,0,0,0,0,0,0,0,0
Rahoveci 029,"A. Berisha, A. Patty, F. Rugova, I. Umipig, K. Pullian",GO+Peja,"A. Hajdari, J. Johnson, M. Mala, S. Flatten, T. Green",1,17,0.3,0.6,0,0,1,0,0,1,0,0,0,0,0,0,0,0,0,0,0,1,0,0,1,0,0,1,0,0,0,0,1,1,2,0,0,0,0,0,1.0,0.1,0,0,0,0,0,0,0,0,0,0,0,0,0,0,0,0,0,0,0,0,0,0,0,0,0,0,0,0,0,0,0,0,0,0,0,0,0,0,0
Rahoveci 029,"A. Berisha, F. Rugova, I. Umipig, J. Roche, K. Pullian",GO+Peja,"A. Hajdari, D. Berisha, J. Johnson, S. Flatten, T. Green",1,21,0.3,0.6,3,1,1,100,1,1,100,0,0,0,0,0,0,0,0,0,0,0,0,0,0,0,0,0,0,0,0,0,0,0,0,0,0,0,0,0,1.0,0.1,300,0,300,0,300,-300,3,0,0,0,0,0,0,0,0,0,0,0,0,0,0,0,0,0,0,0,0,0,0,0,0,0,0,0,0,0,0,0,0
Rahoveci 029,"A. Patty, E. Haxhimurati, F. Rugova, J. Roche, K. Pullian",GO+Peja,"A. Hajdari, A. Herndon, C. Edwards, D. Berisha, S. Flatten",1,10,0.2,0.6,0,0,1,0,0,1,0,0,0,0,0,0,0,0,0,0,0,0,0,0,0,0,0,0,0,0,0,0,0,1,1,0,0,0,0,0,1.0,0.1,0,0,0,0,0,0,0,0,0,0,0,0,0,0,0,0,0,0,0,0,0,0,0,0,0,0,0,0,0,0,0,0,0,0,0,0,0,0,0
Bora,"A. Mekic, G. Zeqiri, R. Memedi, S. Jules, T. Cheese",Vëllaznimi,"J. Hellems, R. Dahsyla, S. Zekiqi, T. Todd, Z. Reid",1,15,0.2,0.6,0,0,1,0,0,0,0,0,0,0,0,0,0,0,0,0,0,1,0,0,0,0,0,0,0,0,0,0,0,1,1,0,0,0,0,0,1.0,0.1,0,0,0,0,0,0,0,0,0,0,0,0,0,0,0,0,0,0,0,0,0,0,0,0,0,0,0,0,0,0,0,0,0,0,0,0,0,0,0
Bora,"A. Hot, A. Hunter, J. Zeqiri, R. Memedi, T. Cheese",Vëllaznimi,"A. Koshi, D. Dedushaj, L. Colimerio, T. Todd, Z. Reid",1,20,0.3,0.6,0,0,1,0,0,1,0,0,0,0,0,0,0,0,0,0,0,0,0,0,0,0,0,0,0,0,0,0,0,1,1,0,0,0,0,0,1.0,0.1,0,0,0,0,0,0,0,0,0,0,0,0,0,0,0,0,0,0,0,0,0,0,0,0,0,0,0,0,0,0,0,0,0,0,0,0,0,0,0
Bora,"A. Hunter, G. Zeqiri, J. Zeqiri, S. Jules, T. Cheese",Vëllaznimi,"A. Koshi, J. Hellems, L. Colimerio, S. Zekiqi, T. Todd",1,14,0.2,0.6,0,0,1,0,0,1,0,0,0,0,0,0,0,0,0,0,0,1,0,0,0,0,0,0,0,0,0,0,0,1,1,0,0,0,0,0,1.0,0.1,0,0,0,0,0,0,0,0,0,0,0,0,0,0,0,0,0,0,0,0,0,0,0,0,0,0,0,0,0,0,0,0,0,0,0,0,0,0,0
Bora,"A. Hunter, A. Mekic, G. Zeqiri, J. Zeqiri, S. Jules",Vëllaznimi,"A. Koshi, J. Hellems, L. Colimerio, R. Dahsyla, T. Todd",1,18,0.3,0.6,0,0,1,0,0,1,0,0,0,0,0,0,0,0,0,0,0,1,0,0,0,0,0,0,0,0,0,0,0,1,1,0,0,0,0,0,1.0,0.1,0,0,0,0,0,0,0,0,0,0,0,0,0,0,0,0,0,0,0,0,0,0,0,0,0,0,0,0,0,0,0,0,0,0,0,0,0,0,0
Bora,"A. Hunter, A. Mekic, J. Zeqiri, R. Memedi, T. Cheese",Vëllaznimi,"A. Koshi, J. Hellems, L. Colimerio, R. Dahsyla, Z. Reid",1,15,0.2,0.6,0,0,1,0,0,0,0,0,0,0,0,0,0,0,0,0,0,0,0,0,0,0,0,0,0,0,0,0,0,1,1,0,0,0,0,0,1.0,0.1,0,0,0,0,0,0,0,0,0,0,0,0,0,0,0,0,0,0,0,0,0,0,0,0,0,0,0,0,0,0,0,0,0,0,0,0,0,0,0
Bora,"A. Hot, A. Hunter, J. Zeqiri, R. Memedi, T. Cheese",Vëllaznimi,"J. Hellems, R. Dahsyla, S. Zekiqi, T. Todd, Z. Reid",1,10,0.2,0.6,0,0,0,0,0,0,0,0,0,0,0,0,0,0,0,0,0,0,0,0,0,0,0,0,0,0,0,0,0,0,0,0,0,0,1,0,0.1,1.0,0,0,0,0,0,0,0,0,0,0,0,0,0,0,0,0,0,0,0,0,0,0,0,0,0,0,0,0,0,0,0,0,0,0,0,0,0,0,0
Bashkimi,"D. Lake, I. Cousins, I. Nwamu, M. Ismaili, M. Janjeva",Golden Eagle Ylli,"A. Shala, B. Huffman, E. Kastrati, G. Morina, T. Allen",1,8,0.1,0.6,0,0,1,0,0,1,0,0,0,0,0,0,0,0,0,0,0,0,0,0,0,0,0,0,0,0,0,0,0,0,0,0,0,0,0,0,1.0,0.1,0,0,0,0,0,0,0,0,0,0,0,0,0,0,0,0,0,0,0,0,0,0,0,0,0,0,0,0,0,0,0,0,0,0,0,0,0,0,0
Trepça,"D. Hajrizi, J. Payne, K. Hasbrouck, S. Henry, S. Jones",Bora,"A. Hot, A. Mekic, R. Memedi, S. Jules, T. Cheese",1,11,0.2,0.6,3,1,1,100,1,1,100,0,0,0,0,0,0,1,0,0,0,0,0,0,0,0,0,0,0,0,0,0,0,0,0,0,0,0,0,1,1.0,0.1,300,0,300,0,300,-300,3,0,0,0,0,0,0,0,0,0,0,0,0,0,0,0,0,0,0,0,0,0,0,0,0,0,0,0,0,0,0,0,0
Trepça,"J. Payne, K. Hasbrouck, M. Amzil, M. Tmusic, S. Jones",Bora,"A. Hunter, A. Mekic, G. Zeqiri, R. Memedi, S. Jules",1,4,0.1,0.6,0,0,0,0,0,0,0,0,0,0,0,0,0,0,0,0,1,0,0,0,0,0,0,0,0,0,0,0,0,0,0,0,1,0,0,0,1.0,0.1,0,0,0,0,0,0,0,0,0,0,0,0,0,0,0,0,0,0,0,0,0,0,0,0,0,0,0,0,0,0,0,0,0,0,0,0,0,0,0
GO+Peja,"C. Edwards, D. Morris, J. Johnson, M. Mala, S. Llapi",Sigal Prishtina,"A. Azemi, A. Bailey, A. Morina, D. Burns, D. Haxhosaj",1,38,0.6,0.6,0,0,1,0,0,1,0,0,0,0,0,0,0,0,0,0,0,1,0,0,1,0,0,0,0,0,0,0,1,1,2,0,0,0,0,0,1.0,0.1,0,0,0,0,0,0,0,0,0,0,0,0,0,0,0,0,0,0,0,0,0,0,0,0,0,0,0,0,0,0,0,0,0,0,0,0,0,0,0
GO+Peja,"A. Herndon, D. Morris, J. Johnson, O. Sallabegolli, S. Nila",Sigal Prishtina,"A. Ibishi, A. Morina, L. Zeneli, M. Syla, T. Vissariou",1,4,0.1,0.6,0,0,0,0,0,0,0,0,0,0,0,0,0,0,1,0,0,0,0,0,0,0,0,0,0,0,0,0,0,0,0,0,0,0,1,0,0.1,1.0,0,0,0,0,0,0,0,0,0,0,0,0,0,0,0,0,0,0,0,0,0,0,0,0,0,0,0,0,0,0,0,0,0,0,0,0,0,0,0
GO+Peja,"A. Hajdari, A. Herndon, M. Mala, S. Flatten, T. Green",Bashkimi,"D. Lake, I. Cousins, I. Nwamu, M. Ismaili, M. Janjeva",1,22,0.4,0.6,0,0,0,0,0,0,0,0,0,0,0,0,0,0,0,0,0,0,2,1,1,100,0,0,0,0,0,0,0,0,0,1,0,0,0,0,0.1,1.0,0,200,-200,200,0,200,-2,0,0,0,0,0,0,0,0,0,0,0,0,0,0,0,0,0,0,0,0,0,0,0,0,0,0,0,0,0,0,0,0
GO+Peja,"C. Edwards, D. Berisha, J. Johnson, M. Mala, T. Green",Bashkimi,"I. Cousins, I. Nwamu, M. Ismaili, M. Janjeva, T. Bickerstaff",1,40,0.7,0.6,0,0,0,0,0,0,0,0,0,0,0,1,1,0,0,0,0,0,0,0,1,0,0,1,0,0,0,0,0,0,0,0,0,0,0,0,0.1,1.0,0,0,0,0,0,0,0,0,0,0,0,0,0,0,0,0,0,0,0,0,0,0,0,0,0,0,0,0,0,0,0,0,0,0,0,0,0,0,0
Sigal Prishtina,"A. Azemi, A. Bailey, A. Morina, D. Burns, K. Kramer",Vëllaznimi,"A. Gordon, A. Koshi, J. Hellems, R. Dahsyla, Z. Reid",1,40,0.7,0.6,3,1,1,100,1,1,100,0,0,0,0,0,0,1,0,0,0,0,0,0,0,0,0,0,0,0,0,0,0,0,0,0,0,0,0,1,1.0,0.1,300,0,300,0,300,-300,3,0,0,0,0,0,0,0,0,0,0,0,0,0,0,0,0,0,0,0,0,0,0,0,0,0,0,0,0,0,0,0,0
Rahoveci 029,"A. Berisha, A. Patty, J. Roche, K. Pullian, V. Ejupi",Trepça,"D. Hajrizi, D. Kapiti, J. Payne, K. Hasbrouck, S. Henry",1,29,0.5,0.6,0,0,0,0,0,0,0,0,0,0,0,0,0,0,0,0,0,0,3,1,1,100,1,1,100,0,0,0,0,0,0,1,0,0,0,0,0.1,1.0,0,300,-300,300,0,300,-3,0,0,0,0,0,0,0,0,0,0,0,0,0,0,0,0,0,0,0,0,0,0,0,0,0,0,0,0,0,0,0,0
Rahoveci 029,"A. Berisha, A. Patty, B. Rexha, J. Roche, V. Ejupi",Trepça,"D. Hajrizi, J. Payne, K. Hasbrouck, S. Henry, S. Jones",1,38,0.6,0.6,0,0,0,0,0,0,0,0,0,0,0,0,0,0,0,0,0,0,3,1,1,100,1,1,100,0,0,0,0,0,0,1,0,0,0,0,0.1,1.0,0,300,-300,300,0,300,-3,0,0,0,0,0,0,0,0,0,0,0,0,0,0,0,0,0,0,0,0,0,0,0,0,0,0,0,0,0,0,0,0
Bora,"A. Hot, A. Hunter, A. Mekic, R. Memedi, S. Jules",Golden Eagle Ylli,"A. Scott, E. Kastrati, G. Morina, J. Reece, T. Allen",1,21,0.3,0.6,0,0,1,0,0,0,0,0,0,0,0,0,0,0,0,0,0,0,0,0,0,0,0,0,0,0,0,0,0,1,1,0,0,0,0,0,1.0,0.1,0,0,0,0,0,0,0,0,0,0,0,0,0,0,0,0,0,0,0,0,0,0,0,0,0,0,0,0,0,0,0,0,0,0,0,0,0,0,0
Bora,"A. Hunter, A. Mekic, G. Zeqiri, J. Zeqiri, T. Cheese",Golden Eagle Ylli,"A. Gashi, A. Scott, G. Morina, J. Reece, T. Allen",1,5,0.1,0.6,0,0,0,0,0,0,0,0,0,0,0,0,0,0,0,0,0,0,2,1,1,100,0,0,0,0,0,0,0,0,0,1,0,0,0,0,0.1,1.0,0,200,-200,200,0,200,-2,0,0,0,0,0,0,0,0,0,0,0,0,0,0,0,0,0,0,0,0,0,0,0,0,0,0,0,0,0,0,0,0
Bashkimi,"I. Cousins, L. Zeqiri, S. Shorter, T. Bickerstaff, V. Bunajku",Bora,"A. Hot, L. Thomas, R. Memedi, S. Jules, T. Cheese",1,16,0.3,0.6,2,1,1,100,0,0,0,0,0,0,0,0,0,0,0,0,0,0,0,0,0,0,0,0,0,0,0,0,0,0,0,0,0,0,0,0,1.0,0.1,200,0,200,0,200,-200,2,0,0,0,0,0,0,0,0,0,0,0,0,0,0,0,0,0,0,0,0,0,0,0,0,0,0,0,0,0,0,0,0
Trepça,"D. Hajrizi, D. Kapiti, K. Hasbrouck, M. Amzil, M. Tmusic",Sigal Prishtina,"A. Bailey, D. Haxhosaj, D. Polloshka, E. Clarance, K. Dukes",1,13,0.2,0.6,0,0,1,0,0,1,0,0,0,0,0,0,0,0,0,0,0,0,0,0,0,0,0,0,0,0,0,0,0,1,1,0,0,0,0,0,1.0,0.1,0,0,0,0,0,0,0,0,0,0,0,0,0,0,0,0,0,0,0,0,0,0,0,0,0,0,0,0,0,0,0,0,0,0,0,0,0,0,0
Trepça,"B. Tuna, D. Hajrizi, D. Kapiti, K. Hasbrouck, M. Tmusic",Sigal Prishtina,"A. Morina, D. Polloshka, E. Clarance, K. Dukes, K. Kramer",1,10,0.2,0.6,2,1,1,100,0,0,0,0,0,0,0,0,0,0,0,0,0,0,0,0,0,0,0,0,0,0,0,0,0,0,0,0,0,0,0,0,1.0,0.1,200,0,200,0,200,-200,2,0,0,0,0,0,0,0,0,0,0,0,0,0,0,0,0,0,0,0,0,0,0,0,0,0,0,0,0,0,0,0,0
Vëllaznimi,"A. Rushiti, J. Hellems, S. Zekiqi, Y. Anei, Z. Reid",Peja,"D. Morris, M. Mala, S. Flatten, S. Llapi, T. Green",1,9,0.1,0.6,2,1,1,100,0,0,0,0,0,0,0,0,0,1,0,0,0,0,0,0,0,0,0,0,0,0,0,0,0,0,0,0,0,0,0,1,1.0,0.1,200,0,200,0,200,-200,2,0,0,0,0,0,0,0,0,0,0,0,0,0,0,0,0,0,0,0,0,0,0,0,0,0,0,0,0,0,0,0,0
Vëllaznimi,"A. Rushiti, J. Hellems, S. Zekiqi, Y. Anei, Z. Reid",Peja,"A. Hajdari, C. Edwards, J. Johnson, M. Mala, S. Flatten",1,16,0.3,0.6,2,1,1,100,0,0,0,0,0,0,0,0,0,0,0,0,0,1,0,0,0,0,0,0,0,0,0,0,0,0,0,0,0,0,0,0,1.0,0.1,200,0,200,0,200,-200,2,0,0,0,0,0,0,0,0,0,0,0,0,0,0,0,0,0,0,0,0,0,0,0,0,0,0,0,0,0,0,0,0
Vëllaznimi,"A. Koshi, D. Wilson, J. Hellems, R. Dahsyla, Y. Anei",Peja,"A. Hajdari, C. Edwards, J. Johnson, M. Mala, S. Flatten",1,17,0.3,0.6,2,1,1,100,0,0,0,0,0,0,0,0,0,0,0,0,0,0,0,0,0,0,0,0,0,0,0,0,0,0,0,0,0,0,0,0,1.0,0.1,200,0,200,0,200,-200,2,0,0,0,0,0,0,0,0,0,0,0,0,0,0,0,0,0,0,0,0,0,0,0,0,0,0,0,0,0,0,0,0
Vëllaznimi,"A. Rushiti, D. Wilson, J. Hellems, R. Dahsyla, Y. Anei",Peja,"A. Hajdari, C. Edwards, J. Johnson, M. Mala, S. Flatten",1,16,0.3,0.6,2,1,1,100,0,0,0,0,0,0,0,0,0,1,0,0,0,1,0,0,0,0,0,0,0,0,0,0,0,0,0,0,0,0,0,0,1.0,0.1,200,0,200,0,200,-200,2,0,0,0,0,0,0,0,0,0,0,0,0,0,0,0,0,0,0,0,0,0,0,0,0,0,0,0,0,0,0,0,0
Vëllaznimi,"A. Koshi, A. Rushiti, D. Wilson, T. Todd, Y. Anei",Bashkimi,"D. Lake, I. Cousins, L. Zeqiri, S. Shorter, V. Bunjaku",1,15,0.2,0.6,0,0,0,0,0,0,0,0,0,0,0,0,0,0,0,0,0,0,3,1,1,100,1,1,100,0,0,0,0,0,0,1,0,0,0,0,0.1,1.0,0,300,-300,300,0,300,-3,0,0,0,0,0,0,0,0,0,0,0,0,0,0,0,0,0,0,0,0,0,0,0,0,0,0,0,0,0,0,0,0
Trepça,"A. Vining, B. Tuna, B. Zekiqi, D. Kapiti, M. Amzil",GO+Peja,"A. Herndon, F. Shoshaj, J. Johnson, O. Williams, S. Llapi",1,21,0.3,0.6,0,0,1,0,0,0,0,0,0,0,0,0,0,0,0,0,0,1,0,0,0,0,0,0,0,0,0,0,0,1,1,0,0,0,0,0,1.0,0.1,0,0,0,0,0,0,0,0,0,0,0,0,0,0,0,0,0,0,0,0,0,0,0,0,0,0,0,0,0,0,0,0,0,0,0,0,0,0,0
Trepça,"A. Vining, B. Tuna, D. Kapiti, M. Tmusic, S. Jones",GO+Peja,"A. Herndon, C. Edwards, F. Shoshaj, M. Mala, O. Williams",1,8,0.1,0.6,0,0,0,0,0,0,0,0,0,0,0,1,1,0,0,0,0,0,0,0,1,0,0,1,0,0,0,0,0,0,0,0,0,0,0,1,0.1,1.0,0,0,0,0,0,0,0,0,0,0,0,0,0,0,0,0,0,0,0,0,0,0,0,0,0,0,0,0,0,0,0,0,0,0,0,0,0,0,0
Trepça,"A. Gashi, B. Tuna, D. Kapiti, M. Tmusic, V. Haliti",GO+Peja,"A. Herndon, C. Edwards, F. Shoshaj, O. Williams, S. Nila",1,11,0.2,0.6,0,0,0,0,0,0,0,0,0,0,0,1,1,0,0,0,0,0,0,0,1,0,0,1,0,0,0,0,0,0,0,0,0,0,0,0,0.1,1.0,0,0,0,0,0,0,0,0,0,0,0,0,0,0,0,0,0,0,0,0,0,0,0,0,0,0,0,0,0,0,0,0,0,0,0,0,0,0,0
Trepça,"A. Gashi, B. Tuna, D. Kapiti, M. Tmusic, V. Haliti",GO+Peja,"C. Edwards, F. Shoshaj, O. Williams, S. Llapi, S. Nila",1,28,0.5,0.6,0,0,1,0,0,0,0,0,0,0,0,0,0,0,0,0,0,1,0,0,0,0,0,0,0,0,0,0,0,1,1,0,0,0,0,0,1.0,0.1,0,0,0,0,0,0,0,0,0,0,0,0,0,0,0,0,0,0,0,0,0,0,0,0,0,0,0,0,0,0,0,0,0,0,0,0,0,0,0
Bora,"A. Hot, A. Hunter, R. Ukaj, S. Jules, T. Cheese",Rahoveci 029,"F. Rugova, H. Durguti, I. Umipig, J. Johnson, J. Roche",1,45,0.8,0.6,0,0,0,0,0,0,0,0,0,0,0,0,0,0,0,0,0,0,2,1,1,100,0,0,0,0,0,0,0,0,0,0,0,0,0,1,0.1,1.0,0,200,-200,200,0,200,-2,0,0,0,0,0,0,0,0,0,0,0,0,0,0,0,0,0,0,0,0,0,0,0,0,0,0,0,0,0,0,0,0
Bashkimi,"D. Lake, I. Cousins, I. Nwamu, M. Janjeva, V. Bunjaku",Rahoveci 029,"A. Thomas, B. Rexha, F. Rugova, J. Johnson, K. Pullian",1,13,0.2,0.6,0,0,0,0,0,0,0,0,0,0,0,0,0,0,1,0,0,0,0,0,0,0,0,0,0,0,0,0,0,0,0,0,0,0,1,0,0.1,1.0,0,0,0,0,0,0,0,0,0,0,0,0,0,0,0,0,0,0,0,0,0,0,0,0,0,0,0,0,0,0,0,0,0,0,0,0,0,0,0
Bashkimi,"D. Lake, I. Cousins, I. Nwamu, L. Zeqiri, V. Bunjaku",Rahoveci 029,"A. Berisha, A. Thomas, B. Rexha, J. Johnson, K. Pullian",1,17,0.3,0.6,0,0,1,0,0,0,0,0,0,0,1,0,1,0,1,0,0,0,0,0,0,0,0,0,0,0,0,0,0,0,0,0,0,1,1,0,0.1,1.0,0,0,0,0,0,0,0,0,0,0,0,0,0,0,0,0,0,0,0,0,0,0,0,0,0,0,0,0,0,0,0,0,0,0,0,0,0,0,0
Sigal Prishtina,"D. Burns, D. Haxhosaj, E. Clarance, J. Ismajli, K. Kramer",Bora,"A. Hunter, G. Zeqiri, R. Ukaj, S. Jules, T. Cheese",1,12,0.2,0.6,0,0,0,0,0,0,0,0,0,0,0,0,0,0,0,0,1,1,0,0,0,0,0,0,0,0,0,0,0,0,0,0,1,0,0,0,1.0,0.1,0,0,0,0,0,0,0,0,0,0,0,0,0,0,0,0,0,0,0,0,0,0,0,0,0,0,0,0,0,0,0,0,0,0,0,0,0,0,0
Sigal Prishtina,"A. Bailey, A. Morina, D. Burns, K. Dukes, V. Kakruki",Bora,"A. Hot, A. Hunter, G. Zeqiri, L. Thomas, T. Cheese",1,36,0.6,0.6,0,0,1,0,0,0,0,0,0,0,0,0,0,0,0,0,0,1,0,0,0,0,0,0,0,0,0,0,0,1,1,0,0,1,0,0,1.0,0.1,0,0,0,0,0,0,0,0,0,0,0,0,0,0,0,0,0,0,0,0,0,0,0,0,0,0,0,0,0,0,0,0,0,0,0,0,0,0,0
Sigal Prishtina,"A. Bailey, D. Haxhosaj, E. Clarance, J. Ismajli, K. Kramer",Bora,"A. Hot, A. Hunter, R. Memedi, S. Jules, T. Cheese",1,6,0.1,0.6,0,0,0,0,0,0,0,0,0,0,0,1,1,0,0,1,0,0,0,0,1,0,0,0,0,0,0,0,0,0,0,0,0,0,0,0,0.1,1.0,0,0,0,0,0,0,0,0,0,0,0,0,0,0,0,0,0,0,0,0,0,0,0,0,0,0,0,0,0,0,0,0,0,0,0,0,0,0,0
Sigal Prishtina,"A. Bailey, D. Burns, D. Polloshka, E. Clarance, V. Kakruki",Bora,"A. Hot, A. Hunter, L. Thomas, R. Ukaj, T. Cheese",1,30,0.5,0.6,0,0,1,0,0,1,0,0,0,0,0,0,0,0,0,0,0,0,0,0,0,0,0,0,0,0,0,0,0,1,1,0,0,0,0,0,1.0,0.1,0,0,0,0,0,0,0,0,0,0,0,0,0,0,0,0,0,0,0,0,0,0,0,0,0,0,0,0,0,0,0,0,0,0,0,0,0,0,0
Sigal Prishtina,"A. Bailey, D. Burns, D. Polloshka, E. Clarance, V. Kakruki",Bora,"A. Hot, A. Hunter, L. Thomas, R. Ukaj, S. Jules",1,8,0.1,0.6,2,1,1,100,0,0,0,0,0,0,0,0,0,0,0,0,0,0,0,0,0,0,0,0,0,0,0,0,0,0,0,0,0,0,0,0,1.0,0.1,200,0,200,0,200,-200,2,0,0,0,0,0,0,0,0,0,0,0,0,0,0,0,0,0,0,0,0,0,0,0,0,0,0,0,0,0,0,0,0
GO+Peja,"A. Hajdari, C. Edwards, F. Shoshaj, O. Williams, S. Flatten",Golden Eagle Ylli,"B. Huffman, D. Hall, E. Kastrati, L. Basic, S. Bamforth",1,12,0.2,0.6,0,0,0,0,0,0,0,0,0,0,0,0,0,0,0,0,1,0,0,0,0,0,0,0,0,0,0,0,0,0,0,0,1,0,0,0,1.0,0.1,0,0,0,0,0,0,0,0,0,0,0,0,0,0,0,0,0,0,0,0,0,0,0,0,0,0,0,0,0,0,0,0,0,0,0,0,0,0,0
GO+Peja,"A. Hajdari, C. Edwards, J. Johnson, M. Mala, S. Flatten",Golden Eagle Ylli,"B. Huffman, D. Hall, E. Kastrati, L. Basic, S. Bamforth",1,1,0.0,0.6,0,0,0,0,0,0,0,0,0,0,0,0,0,0,0,0,0,0,0,0,1,0,0,1,0,0,0,0,0,0,0,0,0,0,0,0,0.1,1.0,0,0,0,0,0,0,0,0,0,0,0,0,0,0,0,0,0,0,0,0,0,0,0,0,0,0,0,0,0,0,0,0,0,0,0,0,0,0,0
GO+Peja,"A. Hajdari, C. Edwards, M. Mala, O. Williams, S. Flatten",Golden Eagle Ylli,"G. Morina, L. Basic, L. Shoshi, S. Bamforth, T. Allen",1,24,0.4,0.6,0,0,1,0,0,0,0,0,0,0,1,0,1,0,0,0,0,0,2,1,1,100,0,0,0,0,0,0,0,0,0,1,0,0,0,1,0.1,1.0,0,200,-200,200,0,200,-2,0,0,0,0,0,0,0,0,0,0,0,0,0,0,0,0,0,0,0,0,0,0,0,0,0,0,0,0,0,0,0,0
GO+Peja,"A. Hajdari, A. Herndon, M. Mala, O. Williams, S. Flatten",Golden Eagle Ylli,"A. Scott, G. Morina, L. Basic, S. Bamforth, T. Allen",1,4,0.1,0.6,0,0,0,0,0,0,0,0,0,0,0,0,0,0,0,0,0,1,0,0,0,0,0,0,0,0,0,0,0,0,0,0,0,0,1,0,0.1,1.0,0,0,0,0,0,0,0,0,0,0,0,0,0,0,0,0,0,0,0,0,0,0,0,0,0,0,0,0,0,0,0,0,0,0,0,0,0,0,0
Vëllaznimi,"A. Koshi, D. Wilson, J. Hellems, S. Zekiqi, Y. Anei",Trepça,"B. Tuna, K. Hasbrouck, M. Amzil, M. Tmusic, S. Jones",1,24,0.4,0.6,0,0,0,0,0,0,0,0,0,0,0,0,0,0,0,0,1,1,0,0,0,0,0,0,0,0,0,0,0,0,0,0,0,0,0,0,1.0,0.1,0,0,0,0,0,0,0,0,0,0,0,0,0,0,0,0,0,0,0,0,0,0,0,0,0,0,0,0,0,0,0,0,0,0,0,0,0,0,0
Trepça,"A. Vining, B. Tuna, D. Kapiti, M. Amzil, M. Tmusic",Bashkimi,"D. Lake, I. Cousins, M. Armstead, M. Ismaili, S. Shorter",1,25,0.4,0.6,0,0,0,0,0,0,0,0,0,0,0,1,1,0,0,0,0,0,0,0,1,0,0,0,0,0,0,0,0,0,0,0,0,0,0,1,0.1,1.0,0,0,0,0,0,0,0,0,0,0,0,0,0,0,0,0,0,0,0,0,0,0,0,0,0,0,0,0,0,0,0,0,0,0,0,0,0,0,0
Golden Eagle Ylli,"A. Scott, E. Kastrati, G. Morina, L. Shoshi, S. Bamforth",Vëllaznimi,"A. Koshi, D. Wilson, J. Hellems, S. Zekiqi, Y. Anei",1,23,0.4,0.6,0,0,0,0,0,0,0,0,0,0,0,0,0,0,0,0,0,0,2,1,1,100,0,0,0,0,0,0,0,0,0,1,0,0,0,1,0.1,1.0,0,200,-200,200,0,200,-2,0,0,0,0,0,0,0,0,0,0,0,0,0,0,0,0,0,0,0,0,0,0,0,0,0,0,0,0,0,0,0,0
Golden Eagle Ylli,"A. Shala, E. Kastrati, G. Morina, L. Basic, S. Ahmeti",Vëllaznimi,"A. Gordon, A. Koshi, A. Rushiti, J. Hellems, Z. Reid",1,5,0.1,0.6,0,0,0,0,0,0,0,0,0,0,0,0,0,0,0,0,0,0,0,0,1,0,0,1,0,0,0,0,0,0,0,0,0,0,0,0,0.1,1.0,0,0,0,0,0,0,0,0,0,0,0,0,0,0,0,0,0,0,0,0,0,0,0,0,0,0,0,0,0,0,0,0,0,0,0,0,0,0,0
Golden Eagle Ylli,"B. Huffman, E. Kastrati, G. Morina, L. Basic, S. Bamforth",Vëllaznimi,"A. Koshi, D. Wilson, S. Zekiqi, Y. Anei, Z. Reid",1,11,0.2,0.6,0,0,0,0,0,0,0,0,0,0,0,0,0,0,0,0,0,1,2,1,1,100,0,0,0,0,0,0,0,0,0,0,0,0,0,0,0.1,1.0,0,200,-200,200,0,200,-2,0,0,0,0,0,0,0,0,0,0,0,0,0,0,0,0,0,0,0,0,0,0,0,0,0,0,0,0,0,0,0,0
Golden Eagle Ylli,"E. Kastrati, G. Morina, L. Basic, L. Shoshi, S. Bamforth",Vëllaznimi,"A. Rushiti, J. Hellems, S. Zekiqi, Y. Anei, Z. Reid",1,25,0.4,0.6,2,1,1,100,0,0,0,0,0,0,0,0,0,1,0,0,0,1,0,0,1,0,0,0,0,0,0,0,1,0,1,0,0,0,0,0,1.0,0.1,200,0,200,0,200,-200,2,0,0,0,0,0,0,0,0,0,0,0,0,0,0,0,0,0,0,0,0,0,0,0,0,0,0,0,0,0,0,0,0
Golden Eagle Ylli,"A. Scott, E. Kastrati, G. Morina, L. Basic, L. Shoshi",Vëllaznimi,"A. Gordon, A. Rushiti, J. Hellems, S. Zekiqi, Z. Reid",1,19,0.3,0.6,0,0,1,0,0,1,0,0,0,0,0,0,0,0,0,0,0,2,0,0,0,0,0,0,0,0,0,0,0,1,1,0,0,0,0,0,1.0,0.1,0,0,0,0,0,0,0,0,0,0,0,0,0,0,0,0,0,0,0,0,0,0,0,0,0,0,0,0,0,0,0,0,0,0,0,0,0,0,0
Bora,"A. Hot, A. Hunter, J. Zeqiri, L. Thomas, R. Memedi",GO+Peja,"C. Edwards, F. Shoshaj, J. Johnson, M. Mala, T. Green",1,19,0.3,0.6,0,0,0,0,0,0,0,0,0,0,0,0,0,0,0,0,0,0,0,0,0,0,0,0,0,0,0,0,0,0,0,0,0,0,1,0,0.1,1.0,0,0,0,0,0,0,0,0,0,0,0,0,0,0,0,0,0,0,0,0,0,0,0,0,0,0,0,0,0,0,0,0,0,0,0,0,0,0,0
Bora,"A. Hot, A. Hunter, L. Thomas, R. Memedi, S. Jules",GO+Peja,"A. Herndon, F. Shoshaj, M. Mala, O. Williams, T. Green",1,14,0.2,0.6,2,1,1,100,0,0,0,0,0,0,0,0,0,1,0,0,0,0,0,0,0,0,0,0,0,0,0,0,0,0,0,0,0,0,0,1,1.0,0.1,200,0,200,0,200,-200,2,0,0,0,0,0,0,0,0,0,0,0,0,0,0,0,0,0,0,0,0,0,0,0,0,0,0,0,0,0,0,0,0
Bora,"A. Hot, L. Thomas, R. Ukaj, S. Jules, T. Cheese",GO+Peja,"C. Edwards, F. Shoshaj, M. Mala, O. Williams, T. Green",1,13,0.2,0.6,0,0,0,0,0,0,0,0,0,0,0,0,0,0,0,0,0,0,2,1,1,100,0,0,0,0,0,0,0,0,0,0,0,0,0,0,0.1,1.0,0,200,-200,200,0,200,-2,0,0,0,0,0,0,0,0,0,0,0,0,0,0,0,0,0,0,0,0,0,0,0,0,0,0,0,0,0,0,0,0
Bora,"G. Zeqiri, H. Lebovci, J. Zeqiri, R. Ukaj, Y. Pllana",GO+Peja,"C. Edwards, F. Shoshaj, M. Mala, O. Williams, T. Green",1,21,0.3,0.6,0,0,0,0,0,0,0,0,0,0,0,0,0,0,0,0,0,0,0,0,1,0,0,1,0,0,0,0,0,0,0,0,0,0,0,0,0.1,1.0,0,0,0,0,0,0,0,0,0,0,0,0,0,0,0,0,0,0,0,0,0,0,0,0,0,0,0,0,0,0,0,0,0,0,0,0,0,0,0
Rahoveci 029,"A. Thomas, B. Rexha, F. Rugova, I. Umipig, J. Johnson",Sigal Prishtina,"A. Bailey, D. Polloshka, J. Ismajli, K. Dukes, K. Kramer",1,18,0.3,0.6,0,0,0,0,0,0,0,0,0,0,0,0,0,0,0,0,1,1,0,0,0,0,0,0,0,0,0,0,0,0,0,0,0,0,0,0,1.0,0.1,0,0,0,0,0,0,0,0,0,0,0,0,0,0,0,0,0,0,0,0,0,0,0,0,0,0,0,0,0,0,0,0,0,0,0,0,0,0,0
Rahoveci 029,"B. Rexha, F. Rugova, I. Umipig, J. Johnson, K. Pullian",Sigal Prishtina,"A. Bailey, A. Morina, E. Clarence, K. Dukes, V. Kakruki",1,27,0.5,0.6,0,0,0,0,0,0,0,0,0,0,0,0,0,0,0,0,0,0,2,1,1,100,0,0,0,0,0,0,0,0,0,1,0,0,0,0,0.1,1.0,0,200,-200,200,0,200,-2,0,0,0,0,0,0,0,0,0,0,0,0,0,0,0,0,0,0,0,0,0,0,0,0,0,0,0,0,0,0,0,0
Rahoveci 029,"A. Thomas, F. Rugova, H. Durguti, I. Umipig, J. Roche",Sigal Prishtina,"A. Bailey, A. Morina, E. Clarence, K. Dukes, V. Kakruki",1,30,0.5,0.6,0,0,1,0,0,1,0,0,0,0,0,0,0,0,0,0,0,2,0,0,0,0,0,0,0,0,0,0,0,1,1,0,0,0,0,0,1.0,0.1,0,0,0,0,0,0,0,0,0,0,0,0,0,0,0,0,0,0,0,0,0,0,0,0,0,0,0,0,0,0,0,0,0,0,0,0,0,0,0
Bashkimi,"I. Cousins, I. Nwamu, M. Armstead, M. Janjeva, T. Bickerstaff",Sigal Prishtina,"A. Bailey, D. Polloshka, E. Clarance, J. Ismajli, K. Kramer",1,10,0.2,0.6,0,0,0,0,0,0,0,0,0,0,0,0,0,0,0,0,0,0,2,1,1,100,0,0,0,0,0,0,0,0,0,0,0,0,0,0,0.1,1.0,0,200,-200,200,0,200,-2,0,0,0,0,0,0,0,0,0,0,0,0,0,0,0,0,0,0,0,0,0,0,0,0,0,0,0,0,0,0,0,0
GO+Peja,"A. Hajdari, C. Edwards, L. Routt, M. Mala, O. Williams",Rahoveci 029,"B. Rexha, J. Johnson, J. Roche, K. Pullian, V. Ejupi",1,10,0.2,0.6,0,0,0,0,0,0,0,0,0,0,0,0,0,0,0,0,0,0,0,0,0,0,0,0,0,0,0,0,0,0,0,0,0,0,1,0,0.1,1.0,0,0,0,0,0,0,0,0,0,0,0,0,0,0,0,0,0,0,0,0,0,0,0,0,0,0,0,0,0,0,0,0,0,0,0,0,0,0,0
Vëllaznimi,"D. Wilson, R. Dahsyla, S. Zekiqi, Y. Anei, Z. Reid",Bora,"A. Hot, A. Mekic, O. Kurtaj, S. Jules, T. Cheese",1,25,0.4,0.6,0,0,0,0,0,0,0,0,0,0,0,0,0,0,1,0,0,1,0,0,0,0,0,0,0,0,0,0,0,0,0,0,0,0,1,1,0.1,1.0,0,0,0,0,0,0,0,0,0,0,0,0,0,0,0,0,0,0,0,0,0,0,0,0,0,0,0,0,0,0,0,0,0,0,0,0,0,0,0
Trepça,"A. Vining, D. Kapiti, K. Hasbrouck, M. Amzil, M. Tmusic",Golden Eagle Ylli,"A. Scott, E. Kastrati, G. Morina, L. Shoshi, S. Bamforth",1,27,0.5,0.6,0,0,0,0,0,0,0,0,0,0,0,1,1,0,0,0,0,0,0,0,1,0,0,1,0,0,0,0,0,0,0,0,0,0,0,1,0.1,1.0,0,0,0,0,0,0,0,0,0,0,0,0,0,0,0,0,0,0,0,0,0,0,0,0,0,0,0,0,0,0,0,0,0,0,0,0,0,0,0
Trepça,"A. Vining, B. Tuna, M. Amzil, M. Tmusic, S. Jones",Golden Eagle Ylli,"A. Scott, A. Çallakaj, G. Morina, L. Basic, L. Shoshi",1,25,0.4,0.6,0,0,1,0,0,1,0,0,0,0,0,0,0,0,0,0,0,0,0,0,0,0,0,0,0,0,0,0,0,0,0,0,0,0,0,0,1.0,0.1,0,0,0,0,0,0,0,0,0,0,0,0,0,0,0,0,0,0,0,0,0,0,0,0,0,0,0,0,0,0,0,0,0,0,0,0,0,0,0
Trepça,"A. Vining, K. Hasbrouck, M. Amzil, M. Tmusic, S. Jones",Golden Eagle Ylli,"A. Scott, A. Çallakaj, G. Morina, L. Shoshi, S. Bamforth",1,25,0.4,0.6,0,0,0,0,0,0,0,0,0,0,0,0,0,0,0,0,0,0,2,1,1,100,0,0,0,0,0,0,0,0,0,1,0,0,0,1,0.1,1.0,0,200,-200,200,0,200,-2,0,0,0,0,0,0,0,0,0,0,0,0,0,0,0,0,0,0,0,0,0,0,0,0,0,0,0,0,0,0,0,0
Golden Eagle Ylli,"A. Scott, A. Çallakaj, B. Huffman, G. Morina, J. Gray",Bashkimi,"I. Nwamu, K. Wooten, L. Zeqiri, S. Shorter, V. Bunjaku",1,20,0.3,0.6,0,0,0,0,0,0,0,0,0,0,0,0,0,0,0,0,0,0,2,1,1,100,0,0,0,0,0,0,0,0,0,0,0,0,0,0,0.1,1.0,0,200,-200,200,0,200,-2,0,0,0,0,0,0,0,0,0,0,0,0,0,0,0,0,0,0,0,0,0,0,0,0,0,0,0,0,0,0,0,0
Golden Eagle Ylli,"A. Scott, A. Çallakaj, E. Kastrati, J. Gray, S. Bamforth",Bashkimi,"I. Nwamu, L. Zeqiri, M. Armstead, M. Ismaili, S. Shorter",1,2,0.0,0.6,0,0,1,0,0,0,0,0,0,0,0,0,0,0,0,0,0,0,0,0,0,0,0,0,0,0,0,0,0,0,0,0,0,0,0,0,1.0,0.1,0,0,0,0,0,0,0,0,0,0,0,0,0,0,0,0,0,0,0,0,0,0,0,0,0,0,0,0,0,0,0,0,0,0,0,0,0,0,0
Golden Eagle Ylli,"D. Conger, E. Kastrati, J. Gray, L. Shoshi, S. Bamforth",Bashkimi,"D. Lake, I. Cousins, I. Nwamu, L. Zeqiri, M. Armstead",1,19,0.3,0.6,0,0,1,0,0,0,0,0,0,0,0,0,0,0,0,0,0,1,0,0,0,0,0,0,0,0,0,0,0,1,1,0,0,0,0,0,1.0,0.1,0,0,0,0,0,0,0,0,0,0,0,0,0,0,0,0,0,0,0,0,0,0,0,0,0,0,0,0,0,0,0,0,0,0,0,0,0,0,0
Golden Eagle Ylli,"A. Scott, D. Conger, E. Kastrati, L. Shoshi, S. Bamforth",Bashkimi,"D. Lake, I. Nwamu, L. Zeqiri, M. Armstead, S. Shorter",1,23,0.4,0.6,0,0,0,0,0,0,0,0,0,0,0,0,0,0,0,0,1,0,0,0,0,0,0,0,0,0,0,0,0,0,0,0,0,0,0,0,1.0,0.1,0,0,0,0,0,0,0,0,0,0,0,0,0,0,0,0,0,0,0,0,0,0,0,0,0,0,0,0,0,0,0,0,0,0,0,0,0,0,0
Bora,"A. Hot, A. Hunter, G. Zeqiri, L. Thomas, T. Cheese",Trepça,"D. Hajrizi, D. Kapiti, K. Hasbrouck, M. Tmusic, S. Jones",1,19,0.3,0.6,0,0,1,0,0,1,0,0,0,0,0,0,0,0,0,0,0,0,0,0,0,0,0,0,0,0,0,0,0,1,1,0,0,0,0,0,1.0,0.1,0,0,0,0,0,0,0,0,0,0,0,0,0,0,0,0,0,0,0,0,0,0,0,0,0,0,0,0,0,0,0,0,0,0,0,0,0,0,0
Bora,"A. Hot, A. Hunter, J. Zeqiri, L. Thomas, T. Cheese",Trepça,"A. Vining, D. Hajrizi, J. Payne, M. Amzil, M. Tmusic",1,11,0.2,0.6,0,0,1,0,0,1,0,0,0,0,0,0,0,0,0,0,0,0,0,0,0,0,0,0,0,0,0,0,0,1,1,0,0,0,0,2,1.0,0.1,0,0,0,0,0,0,0,0,0,0,0,0,0,0,0,0,0,0,0,0,0,0,0,0,0,0,0,0,0,0,0,0,0,0,0,0,0,0,0
Rahoveci 029,"A. Berisha, A. Thomas, B. Rexha, J. Roche, K. Pullian",Vëllaznimi,"A. Gordon, A. Koshi, D. Wilson, R. Dahsyla, Z. Reid",1,34,0.6,0.6,0,0,1,0,0,0,0,0,0,0,0,0,0,0,0,0,0,1,0,0,0,0,0,0,0,0,0,0,0,1,1,0,0,0,0,1,1.0,0.1,0,0,0,0,0,0,0,0,0,0,0,0,0,0,0,0,0,0,0,0,0,0,0,0,0,0,0,0,0,0,0,0,0,0,0,0,0,0,0
Sigal Prishtina,"A. Bailey, A. Morina, D. Polloshka, K. Dukes, K. Kramer",GO+Peja,"A. Hajdari, C. Edwards, F. Shoshaj, M. Mala, T. Green",1,36,0.6,0.6,2,1,1,100,0,0,0,0,0,0,0,0,0,0,0,0,0,1,0,0,0,0,0,0,0,0,0,0,0,0,0,0,0,0,0,0,1.0,0.1,200,0,200,0,200,-200,2,0,0,0,0,0,0,0,0,0,0,0,0,0,0,0,0,0,0,0,0,0,0,0,0,0,0,0,0,0,0,0,0
Bashkimi,"I. Cousins, I. Nwamu, K. Wooten, M. Janjeva, V. Bunjaku",GO+Peja,"C. Edwards, F. Shoshaj, M. Mala, O. Williams, T. Green",1,7,0.1,0.6,0,0,0,0,0,0,0,0,0,0,0,0,0,0,0,0,0,0,2,1,1,100,0,0,0,0,0,0,0,0,0,1,0,0,0,0,0.1,1.0,0,200,-200,200,0,200,-2,0,0,0,0,0,0,0,0,0,0,0,0,0,0,0,0,0,0,0,0,0,0,0,0,0,0,0,0,0,0,0,0
Bashkimi,"I. Cousins, I. Nwamu, J. Nzeakor, M. Janjeva, V. Bunjaku",GO+Peja,"A. Hajdari, F. Shoshaj, L. Routt, S. Llapi, T. Green",1,26,0.4,0.6,3,1,1,100,1,1,100,0,0,0,0,0,0,1,0,0,0,1,0,0,0,0,0,0,0,0,0,0,0,0,0,0,0,0,0,0,1.0,0.1,300,0,300,0,300,-300,3,0,0,0,0,0,0,0,0,0,0,0,0,0,0,0,0,0,0,0,0,0,0,0,0,0,0,0,0,0,0,0,0
Vëllaznimi,"D. Wilson, J. Hellems, R. Dahsyla, S. Zekiqi, Z. Reid",Sigal Prishtina,"A. Bailey, A. Lomax, A. Morina, A. Sinani, V. Kakruki",1,12,0.2,0.6,0,0,0,0,0,0,0,0,0,0,0,0,0,0,0,0,0,0,3,1,1,100,1,1,100,0,0,0,0,0,0,1,0,0,0,0,0.1,1.0,0,300,-300,300,0,300,-3,0,0,0,0,0,0,0,0,0,0,0,0,0,0,0,0,0,0,0,0,0,0,0,0,0,0,0,0,0,0,0,0
Vëllaznimi,"J. Hellems, R. Dahsyla, S. Zekiqi, Y. Anei, Z. Reid",Sigal Prishtina,"A. Bailey, A. Sinani, D. Polloshka, E. Clarance, K. Kramer",1,24,0.4,0.6,0,0,0,0,0,0,0,0,0,0,0,1,1,0,0,0,0,1,0,0,1,0,0,0,0,0,0,0,0,0,0,0,0,0,0,0,0.1,1.0,0,0,0,0,0,0,0,0,0,0,0,0,0,0,0,0,0,0,0,0,0,0,0,0,0,0,0,0,0,0,0,0,0,0,0,0,0,0,0
Trepça,"A. Vining, D. Kapiti, K. Hasbrouck, M. Amzil, M. Tmusic",Rahoveci 029,"A. Thomas, B. Rexha, F. Rugova, K. Pullian, N. Mcloud",1,27,0.5,0.6,0,0,0,0,0,0,0,0,0,0,0,1,1,0,0,0,0,0,0,0,1,0,0,1,0,0,0,0,0,0,0,0,0,0,0,1,0.1,1.0,0,0,0,0,0,0,0,0,0,0,0,0,0,0,0,0,0,0,0,0,0,0,0,0,0,0,0,0,0,0,0,0,0,0,0,0,0,0,0
Trepça,"D. Kapiti, J. Payne, K. Hasbrouck, M. Amzil, M. Tmusic",Rahoveci 029,"A. Thomas, F. Rugova, J. Mccorrmick, K. Pullian, V. Ejupi",1,24,0.4,0.6,0,0,0,0,0,0,0,0,0,0,0,0,0,0,0,0,0,0,0,0,1,0,0,1,0,0,0,0,0,0,0,0,0,0,0,0,0.1,1.0,0,0,0,0,0,0,0,0,0,0,0,0,0,0,0,0,0,0,0,0,0,0,0,0,0,0,0,0,0,0,0,0,0,0,0,0,0,0,0
Trepça,"B. Tuna, D. Hajrizi, J. Payne, K. Hasbrouck, S. Jones",Rahoveci 029,"J. Mccorrmick, J. Roche, K. Pullian, K. Ujkani, V. Ejupi",1,43,0.7,0.6,0,0,1,0,0,1,0,0,0,0,1,0,1,0,0,0,0,0,3,1,1,100,1,1,100,0,0,0,0,0,0,1,0,0,0,1,0.1,1.0,0,300,-300,300,0,300,-3,0,0,0,0,0,0,0,0,0,0,0,0,0,0,0,0,0,0,0,0,0,0,0,0,0,0,0,0,0,0,0,0
Golden Eagle Ylli,"A. Scott, D. Conger, G. Morina, S. Bamforth, T. Smith",Bora,"A. Hot, J. Zeqiri, R. Memedi, S. Jules, T. Cheese",1,26,0.4,0.6,0,0,0,0,0,0,0,0,0,0,0,0,0,0,0,0,0,0,2,1,1,100,0,0,0,0,0,0,0,0,0,0,0,0,0,1,0.1,1.0,0,200,-200,200,0,200,-2,0,0,0,0,0,0,0,0,0,0,0,0,0,0,0,0,0,0,0,0,0,0,0,0,0,0,0,0,0,0,0,0
Golden Eagle Ylli,"A. Scott, D. Conger, D. Thomas, L. Shoshi, S. Bamforth",Bora,"A. Hunter, G. Zeqiri, J. Zeqiri, S. Jules, T. Cheese",1,36,0.6,0.6,0,0,0,0,0,0,0,0,0,0,0,1,1,0,0,0,0,1,0,0,1,0,0,0,0,0,0,0,0,0,0,0,0,0,0,1,0.1,1.0,0,0,0,0,0,0,0,0,0,0,0,0,0,0,0,0,0,0,0,0,0,0,0,0,0,0,0,0,0,0,0,0,0,0,0,0,0,0,0
Golden Eagle Ylli,"A. Scott, D. Conger, J. Gray, L. Shoshi, S. Bamforth",Bora,"A. Hunter, G. Zeqiri, R. Ukaj, S. Jules, T. Cheese",1,9,0.1,0.6,3,1,1,100,1,1,100,0,0,0,0,0,0,1,0,0,0,0,0,0,0,0,0,0,0,0,0,0,0,0,0,0,0,0,0,0,1.0,0.1,300,0,300,0,300,-300,3,0,0,0,0,0,0,0,0,0,0,0,0,0,0,0,0,0,0,0,0,0,0,0,0,0,0,0,0,0,0,0,0
Golden Eagle Ylli,"E. Kastrati, G. Morina, J. Gray, S. Bamforth, T. Smith",Bora,"A. Hot, A. Hunter, L. Thomas, R. Memedi, S. Jules",1,4,0.1,0.6,0,0,0,0,0,0,0,0,0,0,0,0,0,0,0,0,1,0,0,0,0,0,0,0,0,0,0,0,0,0,0,0,0,0,0,0,1.0,0.1,0,0,0,0,0,0,0,0,0,0,0,0,0,0,0,0,0,0,0,0,0,0,0,0,0,0,0,0,0,0,0,0,0,0,0,0,0,0,0
Golden Eagle Ylli,"E. Kastrati, G. Morina, J. Gray, S. Bamforth, T. Smith",Bora,"A. Hunter, G. Zeqiri, L. Thomas, R. Ukaj, S. Jules",1,20,0.3,0.6,0,0,1,0,0,1,0,0,0,0,1,1,2,0,0,0,0,0,0,0,1,0,0,1,0,0,0,0,0,0,0,0,0,0,0,1,0.1,1.0,0,0,0,0,0,0,0,0,0,0,0,0,0,0,0,0,0,0,0,0,0,0,0,0,0,0,0,0,0,0,0,0,0,0,0,0,0,0,0
Golden Eagle Ylli,"A. Çallakaj, D. Conger, E. Kastrati, J. Gray, L. Shoshi",Bora,"A. Hot, A. Hunter, R. Memedi, S. Jules, T. Cheese",1,19,0.3,0.6,0,0,0,0,0,0,0,0,0,0,0,0,0,0,0,0,0,0,2,1,1,100,0,0,0,0,0,0,0,0,0,0,0,0,0,0,0.1,1.0,0,200,-200,200,0,200,-2,0,0,0,0,0,0,0,0,0,0,0,0,0,0,0,0,0,0,0,0,0,0,0,0,0,0,0,0,0,0,0,0
Golden Eagle Ylli,"D. Thomas, E. Kastrati, J. Gray, L. Shoshi, S. Bamforth",Bora,"A. Hunter, J. Zeqiri, R. Memedi, R. Ukaj, T. Cheese",1,20,0.3,0.6,0,0,1,0,0,1,0,0,0,0,0,0,0,0,0,0,0,0,0,0,0,0,0,0,0,0,0,0,0,0,0,0,0,0,0,0,1.0,0.1,0,0,0,0,0,0,0,0,0,0,0,0,0,0,0,0,0,0,0,0,0,0,0,0,0,0,0,0,0,0,0,0,0,0,0,0,0,0,0
Golden Eagle Ylli,"D. Thomas, E. Kastrati, J. Gray, L. Shoshi, S. Bamforth",Bora,"A. Hot, A. Hunter, J. Zeqiri, L. Thomas, T. Cheese",1,9,0.1,0.6,0,0,0,0,0,0,0,0,0,0,0,0,0,0,0,0,0,0,0,0,0,0,0,0,0,0,0,0,0,0,0,0,0,0,1,0,0.1,1.0,0,0,0,0,0,0,0,0,0,0,0,0,0,0,0,0,0,0,0,0,0,0,0,0,0,0,0,0,0,0,0,0,0,0,0,0,0,0,0
Bora,"A. Hot, A. Hunter, J. Zeqiri, L. Thomas, R. Ukaj",Bashkimi,"D. Lake, I. Nwamu, L. Zeqiri, S. Shorter, V. Bunjaku",1,12,0.2,0.6,0,0,0,0,0,0,0,0,0,0,0,0,0,0,0,0,1,0,0,0,0,0,0,0,0,0,0,0,0,0,0,0,0,0,0,0,1.0,0.1,0,0,0,0,0,0,0,0,0,0,0,0,0,0,0,0,0,0,0,0,0,0,0,0,0,0,0,0,0,0,0,0,0,0,0,0,0,0,0
Bora,"A. Hot, A. Hunter, J. Zeqiri, S. Jules, T. Cheese",Bashkimi,"D. Lake, K. Anderson, L. Zeqiri, S. Shorter, V. Bunjaku",1,24,0.4,0.6,0,0,1,0,0,0,0,0,0,0,0,0,0,0,0,0,0,0,0,0,0,0,0,0,0,0,0,0,0,1,1,0,0,0,0,0,1.0,0.1,0,0,0,0,0,0,0,0,0,0,0,0,0,0,0,0,0,0,0,0,0,0,0,0,0,0,0,0,0,0,0,0,0,0,0,0,0,0,0
Rahoveci 029,"A. Thomas, F. Rugova, K. Pullian, N. Mcleod, V. Ejupi",Golden Eagle Ylli,"A. Scott, D. Conger, G. Morina, S. Bamforth, T. Smith",1,29,0.5,0.6,0,0,1,0,0,0,0,0,0,0,0,0,0,0,0,0,0,1,0,0,0,0,0,0,0,0,0,0,0,1,1,0,0,0,0,0,1.0,0.1,0,0,0,0,0,0,0,0,0,0,0,0,0,0,0,0,0,0,0,0,0,0,0,0,0,0,0,0,0,0,0,0,0,0,0,0,0,0,0
Rahoveci 029,"B. Rexha, F. Rugova, J. Mccormick, K. Pullian, N. Mcleod",Golden Eagle Ylli,"A. Scott, D. Conger, L. Shoshi, S. Bamforth, T. Smith",1,14,0.2,0.6,0,0,0,0,0,0,0,0,0,0,0,0,0,0,0,0,0,0,3,1,1,100,1,1,100,0,0,0,0,0,0,0,0,0,0,0,0.1,1.0,0,300,-300,300,0,300,-3,0,0,0,0,0,0,0,0,0,0,0,0,0,0,0,0,0,0,0,0,0,0,0,0,0,0,0,0,0,0,0,0
Rahoveci 029,"B. Rexha, F. Rugova, J. Mccormick, K. Pullian, N. Mcleod",Golden Eagle Ylli,"A. Scott, D. Conger, D. Thomas, L. Shoshi, S. Bamforth",1,19,0.3,0.6,0,0,1,0,0,0,0,0,0,0,0,0,0,0,0,0,0,1,0,0,0,0,0,0,0,0,0,0,0,1,1,0,0,0,0,0,1.0,0.1,0,0,0,0,0,0,0,0,0,0,0,0,0,0,0,0,0,0,0,0,0,0,0,0,0,0,0,0,0,0,0,0,0,0,0,0,0,0,0
Sigal Prishtina,"A. Bailey, A. Lomax, A. Sinani, E. Clarence, V. Kakruki",Trepça,"J. Payne, K. Hasbrouck, M. Amzil, M. Tmusic, S. Jones",1,11,0.2,0.6,0,0,0,0,0,0,0,0,0,0,0,0,0,0,0,0,0,0,3,1,1,100,1,1,100,0,0,0,0,0,0,1,0,0,0,0,0.1,1.0,0,300,-300,300,0,300,-3,0,0,0,0,0,0,0,0,0,0,0,0,0,0,0,0,0,0,0,0,0,0,0,0,0,0,0,0,0,0,0,0
Sigal Prishtina,"A. Bailey, A. Lomax, A. Morina, E. Clarence, V. Kakruki",Trepça,"J. Payne, K. Hasbrouck, M. Amzil, M. Tmusic, S. Jones",1,30,0.5,0.6,3,1,1,100,1,1,100,0,0,0,0,0,0,1,0,0,0,1,0,0,0,0,0,0,0,0,0,0,0,0,0,0,0,0,0,0,1.0,0.1,300,0,300,0,300,-300,3,0,0,0,0,0,0,0,0,0,0,0,0,0,0,0,0,0,0,0,0,0,0,0,0,0,0,0,0,0,0,0,0
GO+Peja,"A. Hajdari, C. Edwards, M. Mala, S. Llapi, T. Green",Vëllaznimi,"D. Wilson, J. Hellems, R. Dahsyla, S. Zekiqi, Y. Anei",1,38,0.6,0.6,0,0,0,0,0,0,0,0,0,0,0,0,0,0,0,0,0,0,0,0,0,0,0,0,0,0,0,0,0,0,0,0,0,0,1,0,0.1,1.0,0,0,0,0,0,0,0,0,0,0,0,0,0,0,0,0,0,0,0,0,0,0,0,0,0,0,0,0,0,0,0,0,0,0,0,0,0,0,0
Bashkimi,"D. Lake, I. Nwamu, M. Janjeva, S. Shorter, V. Bunjaku",Vëllaznimi,"A. Gordon, A. Koshi, D. Wilson, J. Hellems, S. Zekiqi",1,42,0.7,0.6,0,0,0,0,0,0,0,0,0,0,0,0,0,0,0,0,0,0,2,1,1,100,0,0,0,0,0,0,0,0,0,0,0,0,0,1,0.1,1.0,0,200,-200,200,0,200,-2,0,0,0,0,0,0,0,0,0,0,0,0,0,0,0,0,0,0,0,0,0,0,0,0,0,0,0,0,0,0,0,0
GO+Peja,"A. Hajdari, C. Edwards, C. Williams, D. Bracey, M. Mala",Trepça,"A. Vining, D. Kapiti, J. Payne, M. Amzil, M. Tmusic",1,5,0.1,0.6,2,1,1,100,0,0,0,0,0,0,0,0,0,1,0,0,0,0,0,0,0,0,0,0,0,0,0,0,0,0,0,0,0,0,0,0,1.0,0.1,200,0,200,0,200,-200,2,0,0,0,0,0,0,0,0,0,0,0,0,0,0,0,0,0,0,0,0,0,0,0,0,0,0,0,0,0,0,0,0
Sigal Prishtina,"A. Bailey, A. Lomax, A. Morina, E. Clarance, V. Kakruki",Golden Eagle Ylli,"A. Gashi, D. Sabeckis, E. Kastrati, S. Bamforth, T. Smith",1,16,0.3,0.6,0,0,0,0,0,0,0,0,0,0,0,1,1,0,0,0,0,0,0,0,1,0,0,1,0,0,0,0,0,0,0,0,0,0,0,1,0.1,1.0,0,0,0,0,0,0,0,0,0,0,0,0,0,0,0,0,0,0,0,0,0,0,0,0,0,0,0,0,0,0,0,0,0,0,0,0,0,0,0
Sigal Prishtina,"A. Bailey, A. Lomax, A. Sinani, E. Clarance, V. Kakruki",Golden Eagle Ylli,"A. Gashi, D. Sabeckis, E. Kastrati, L. Shoshi, S. Bamforth",1,44,0.7,0.6,0,0,1,0,0,1,0,0,0,0,1,1,2,0,0,0,0,0,0,0,1,0,0,1,0,0,0,0,0,0,0,0,0,0,0,1,0.1,1.0,0,0,0,0,0,0,0,0,0,0,0,0,0,0,0,0,0,0,0,0,0,0,0,0,0,0,0,0,0,0,0,0,0,0,0,0,0,0,0
Rahoveci 029,"A. Thomas, F. Rugova, H. Durguti, K. Pullian, N. Mcloud",Bora,"A. Hunter, J. Dingle, J. Zeqiri, R. Memedi, S. Jules",1,18,0.3,0.6,0,0,0,0,0,0,0,0,0,0,0,1,1,0,0,0,0,0,0,0,1,0,0,0,0,0,0,0,0,0,0,0,0,0,0,0,0.1,1.0,0,0,0,0,0,0,0,0,0,0,0,0,0,0,0,0,0,0,0,0,0,0,0,0,0,0,0,0,0,0,0,0,0,0,0,0,0,0,0
Rahoveci 029,"A. Thomas, E. Haxhimurati, F. Rugova, H. Durguti, K. Pullian",Bora,"A. Hunter, J. Zeqiri, R. Memedi, R. Ukaj, Y. Pllana",1,5,0.1,0.6,2,1,1,100,0,0,0,0,0,0,0,0,0,0,0,0,0,0,0,0,0,0,0,0,0,0,0,0,0,0,0,0,0,0,0,0,1.0,0.1,200,0,200,0,200,-200,2,0,0,0,0,0,0,0,0,0,0,0,0,0,0,0,0,0,0,0,0,0,0,0,0,0,0,0,0,0,0,0,0
Rahoveci 029,"A. Thomas, F. Rugova, K. Pullian, N. Mcloud, V. Ejupi",Bashkimi,"D. Lake, K. Anderson, L. Zeqiri, S. Shorter, V. Bunjaku",1,31,0.5,0.6,0,0,0,0,0,0,0,0,0,0,0,0,0,0,0,0,0,0,3,1,1,100,1,1,100,0,0,0,0,0,0,1,0,0,0,1,0.1,1.0,0,300,-300,300,0,300,-3,0,0,0,0,0,0,0,0,0,0,0,0,0,0,0,0,0,0,0,0,0,0,0,0,0,0,0,0,0,0,0,0
Rahoveci 029,"F. Rugova, J. Mccorrmick, K. Pullian, N. Mcloud, V. Ejupi",Bashkimi,"D. Lake, J. Riley, L. Zeqiri, M. Armstead, S. Shorter",1,27,0.5,0.6,0,0,0,0,0,0,0,0,0,0,0,0,0,0,0,0,1,0,0,0,0,0,0,0,0,0,0,0,0,0,0,0,0,0,0,0,1.0,0.1,0,0,0,0,0,0,0,0,0,0,0,0,0,0,0,0,0,0,0,0,0,0,0,0,0,0,0,0,0,0,0,0,0,0,0,0,0,0,0
Rahoveci 029,"A. Thomas, B. Rexha, F. Rugova, J. Mccorrmick, K. Pullian",Bashkimi,"D. Lake, K. Anderson, K. Wooten, L. Zeqiri, S. Shorter",1,21,0.3,0.6,0,0,1,0,0,0,0,0,0,0,0,0,0,0,0,0,0,0,0,0,0,0,0,0,0,0,0,0,0,1,1,0,0,0,0,0,1.0,0.1,0,0,0,0,0,0,0,0,0,0,0,0,0,0,0,0,0,0,0,0,0,0,0,0,0,0,0,0,0,0,0,0,0,0,0,0,0,0,0
Bora,"A. Hot, A. Hunter, J. Zeqiri, R. Memedi, S. Jules",Sigal Prishtina,"A. Lomax, A. Morina, D. Williams, E. Clarance, V. Kakruki",1,16,0.3,0.6,2,1,1,100,0,0,0,0,0,0,0,0,0,0,0,0,0,0,0,0,0,0,0,0,0,0,0,0,0,0,0,0,0,0,0,0,1.0,0.1,200,0,200,0,200,-200,2,0,0,0,0,0,0,0,0,0,0,0,0,0,0,0,0,0,0,0,0,0,0,0,0,0,0,0,0,0,0,0,0
Bora,"A. Hunter, J. Zeqiri, R. Memedi, S. Jules, T. Cheese",Sigal Prishtina,"A. Bailey, A. Lomax, A. Morina, D. Haxhosaj, E. Clarance",1,10,0.2,0.6,0,0,0,0,0,0,0,0,0,0,0,0,0,0,0,0,1,1,0,0,0,0,0,0,0,0,0,0,0,0,0,0,1,0,0,0,1.0,0.1,0,0,0,0,0,0,0,0,0,0,0,0,0,0,0,0,0,0,0,0,0,0,0,0,0,0,0,0,0,0,0,0,0,0,0,0,0,0,0
Golden Eagle Ylli,"D. Sabeckis, E. Kastrati, G. Morina, J. Gray, S. Bamforth",GO+Peja,"A. Hajdari, C. Edwards, D. Davis, F. Shoshaj, S. Llapi",1,6,0.1,0.6,0,0,0,0,0,0,0,0,0,0,0,0,0,0,0,0,1,0,0,0,0,0,0,0,0,0,0,0,0,0,0,0,0,0,0,0,1.0,0.1,0,0,0,0,0,0,0,0,0,0,0,0,0,0,0,0,0,0,0,0,0,0,0,0,0,0,0,0,0,0,0,0,0,0,0,0,0,0,0
Golden Eagle Ylli,"D. Conger, D. Sabeckis, G. Morina, J. Gray, L. Shoshi",GO+Peja,"D. Bracey, D. Davis, F. Shoshaj, L. Routt, M. Mala",1,15,0.2,0.6,0,0,0,0,0,0,0,0,0,0,0,0,0,0,0,0,1,0,0,0,0,0,0,0,0,0,0,0,0,0,0,0,0,0,0,0,1.0,0.1,0,0,0,0,0,0,0,0,0,0,0,0,0,0,0,0,0,0,0,0,0,0,0,0,0,0,0,0,0,0,0,0,0,0,0,0,0,0,0
Golden Eagle Ylli,"D. Conger, G. Morina, J. Gray, S. Bamforth, T. Smith",GO+Peja,"A. Hajdari, C. Williams, D. Bracey, D. Davis, M. Mala",1,14,0.2,0.6,0,0,0,0,0,0,0,0,0,0,0,1,1,0,0,0,0,0,0,0,1,0,0,0,0,0,0,0,0,0,0,0,0,0,0,0,0.1,1.0,0,0,0,0,0,0,0,0,0,0,0,0,0,0,0,0,0,0,0,0,0,0,0,0,0,0,0,0,0,0,0,0,0,0,0,0,0,0,0
Trepça,"A. Vining, B. Tuna, K. Hasbrouck, S. Henry, S. Jones",Vëllaznimi,"A. Rushiti, D. Wilson, J. Hellems, R. Dahsyla, Y. Anei",1,23,0.4,0.6,0,0,0,0,0,0,0,0,0,0,0,0,0,0,1,0,0,0,0,0,0,0,0,0,0,0,0,0,0,0,0,0,0,0,1,1,0.1,1.0,0,0,0,0,0,0,0,0,0,0,0,0,0,0,0,0,0,0,0,0,0,0,0,0,0,0,0,0,0,0,0,0,0,0,0,0,0,0,0
Trepça,"A. Vining, D. Kapiti, K. Hasbrouck, M. Tmusic, S. Henry",Vëllaznimi,"A. Gordon, A. Koshi, J. Hellems, R. Dahsyla, T. Todd",1,11,0.2,0.6,0,0,0,0,0,0,0,0,0,0,0,0,0,0,0,0,1,1,0,0,0,0,0,0,0,0,0,0,0,0,0,0,1,0,0,0,1.0,0.1,0,0,0,0,0,0,0,0,0,0,0,0,0,0,0,0,0,0,0,0,0,0,0,0,0,0,0,0,0,0,0,0,0,0,0,0,0,0,0
Trepça,"D. Hajrizi, D. Kapiti, J. Payne, K. Hasbrouck, S. Henry",Vëllaznimi,"A. Gordon, A. Koshi, D. Wilson, S. Zekiqi, T. Todd",1,21,0.3,0.6,0,0,0,0,0,0,0,0,0,0,0,0,0,0,1,0,0,0,0,0,0,0,0,0,0,0,0,0,0,0,0,0,0,0,1,1,0.1,1.0,0,0,0,0,0,0,0,0,0,0,0,0,0,0,0,0,0,0,0,0,0,0,0,0,0,0,0,0,0,0,0,0,0,0,0,0,0,0,0
Bashkimi,"D. Lake, J. Riley, M. Janjeva, S. Shorter, V. Bunjaku",Trepça,"D. Hajrizi, D. Kapiti, J. Payne, K. Hasbrouck, M. Tmusic",1,11,0.2,0.6,0,0,0,0,0,0,0,0,0,0,0,1,1,0,0,0,0,0,0,0,1,0,0,1,0,0,0,0,0,0,0,0,0,0,0,1,0.1,1.0,0,0,0,0,0,0,0,0,0,0,0,0,0,0,0,0,0,0,0,0,0,0,0,0,0,0,0,0,0,0,0,0,0,0,0,0,0,0,0
Bashkimi,"D. Lake, J. Riley, M. Armstead, M. Janjeva, S. Shorter",Trepça,"D. Hajrizi, K. Hasbrouck, M. Amzil, M. Tmusic, S. Henry",1,22,0.4,0.6,0,0,0,0,0,0,0,0,0,0,0,0,0,0,0,0,1,1,0,0,0,0,0,0,0,0,0,0,0,0,0,0,0,0,0,0,1.0,0.1,0,0,0,0,0,0,0,0,0,0,0,0,0,0,0,0,0,0,0,0,0,0,0,0,0,0,0,0,0,0,0,0,0,0,0,0,0,0,0
GO+Peja,"D. Bracey, D. Davis, F. Shoshaj, L. Routt, M. Mala",Bora,"A. Hot, A. Hunter, C. Bragg Jr, R. Ukaj, S. Jules",1,16,0.3,0.6,0,0,0,0,0,0,0,0,0,0,0,1,1,0,0,1,0,0,0,0,1,0,0,0,0,0,0,0,0,0,0,0,0,0,0,1,0.1,1.0,0,0,0,0,0,0,0,0,0,0,0,0,0,0,0,0,0,0,0,0,0,0,0,0,0,0,0,0,0,0,0,0,0,0,0,0,0,0,0
GO+Peja,"D. Bracey, D. Davis, F. Shoshaj, L. Routt, M. Mala",Bora,"A. Hunter, C. Bragg Jr, O. Kurtaj, R. Ukaj, S. Jules",1,12,0.2,0.6,2,1,1,100,0,0,0,0,0,0,0,0,0,0,0,0,0,0,0,0,0,0,0,0,0,0,0,0,0,0,0,0,0,0,0,2,1.0,0.1,200,0,200,0,200,-200,2,0,0,0,0,0,0,0,0,0,0,0,0,0,0,0,0,0,0,0,0,0,0,0,0,0,0,0,0,0,0,0,0
GO+Peja,"C. Williams, D. Davis, F. Shoshaj, L. Routt, M. Mala",Bora,"A. Hot, J. Zeqiri, R. Memedi, R. Ukaj, S. Jules",1,21,0.3,0.6,0,0,1,0,0,1,0,0,0,0,0,0,0,0,0,0,0,0,0,0,0,0,0,0,0,0,0,0,0,1,1,0,0,0,0,0,1.0,0.1,0,0,0,0,0,0,0,0,0,0,0,0,0,0,0,0,0,0,0,0,0,0,0,0,0,0,0,0,0,0,0,0,0,0,0,0,0,0,0
GO+Peja,"A. Hajdari, C. Edwards, C. Williams, D. Bracey, S. Llapi",Bora,"A. Hunter, J. Zeqiri, R. Memedi, S. Jules, T. Cheese",1,19,0.3,0.6,0,0,0,0,0,0,0,0,0,0,0,0,0,0,0,0,1,1,0,0,0,0,0,0,0,0,0,0,0,0,0,0,1,0,0,0,1.0,0.1,0,0,0,0,0,0,0,0,0,0,0,0,0,0,0,0,0,0,0,0,0,0,0,0,0,0,0,0,0,0,0,0,0,0,0,0,0,0,0
GO+Peja,"A. Hajdari, C. Williams, D. Bracey, L. Routt, M. Mala",Bora,"A. Hot, A. Hunter, J. Zeqiri, R. Memedi, S. Jules",1,19,0.3,0.6,0,0,0,0,0,0,0,0,0,0,0,0,0,0,0,0,0,0,0,0,0,0,0,0,0,0,0,0,0,0,0,0,0,0,1,0,0.1,1.0,0,0,0,0,0,0,0,0,0,0,0,0,0,0,0,0,0,0,0,0,0,0,0,0,0,0,0,0,0,0,0,0,0,0,0,0,0,0,0
Sigal Prishtina,"A. Bailey, A. Lomax, D. Haxhosaj, E. Clarance, V. Kakruki",Rahoveci 029,"A. Thomas, B. Rexha, F. Rugova, J. Mccorrmick, K. Pullian",1,19,0.3,0.6,0,0,0,0,0,0,0,0,0,0,0,0,0,0,0,0,0,0,3,1,1,100,1,1,100,0,0,0,0,0,0,1,0,0,0,0,0.1,1.0,0,300,-300,300,0,300,-3,0,0,0,0,0,0,0,0,0,0,0,0,0,0,0,0,0,0,0,0,0,0,0,0,0,0,0,0,0,0,0,0
Trepça,"A. Arslanagic, D. Hajrizi, D. Kapiti, J. Payne, S. Jones",GO+ Peja,"A. Hajdari, A. Herndon, C. Edwards, D. Berisha, M. Armstread",1,33,0.6,0.5,0,0,0,0,0,0,0,0,0,0,0,1,1,0,0,0,0,0,0,0,2,0,0,1,0,0,0,0,1,0,1,0,0,0,0,1,0.1,0.9,0,0,0,0,0,0,0,0,0,0,0,0,0,0,0,0,0,0,0,0,0,0,0,0,0,0,0,0,0,0,0,0,0,0,0,0,0,0,0
Trepça,"C. Brown, C. Russell, J. Payne, M. Tmusic, S. Jones",GO+ Peja,"A. Herndon, J. Johnson, M. Armstread, M. Mala, T. Green",1,21,0.3,0.5,0,0,0,0,0,0,0,0,0,0,0,0,0,0,0,0,0,1,2,1,2,50,0,1,0,0,0,0,1,0,1,0,0,0,0,0,0.1,0.9,0,215.1,-215.1,215.1,0,215.1,-2,0,0,0,0,0,0,0,0,0,0,0,0,0,0,0,0,0,0,0,0,0,0,0,0,0,0,0,0,0,0,0,0
Trepça,"A. Arslanagic, B. Tuna, D. Kapiti, J. Payne, M. Tmusic",GO+ Peja,"A. Herndon, D. Berisha, J. Johnson, M. Armstread, T. Green",1,27,0.5,0.5,0,0,0,0,0,0,0,0,0,0,0,0,0,0,0,0,0,0,2,1,2,50,0,0,0,0,0,0,1,0,1,1,0,0,0,0,0.1,0.9,0,215.1,-215.1,215.1,0,215.1,-2,0,0,0,0,0,0,0,0,0,0,0,0,0,0,0,0,0,0,0,0,0,0,0,0,0,0,0,0,0,0,0,0
Vëllaznimi,"J. Ismajli, L. Colimerio, M. Warrick, R. Dahsyla, Z. Ride",Sigal Prishtina,"A. Azemi, A. Bailey, D. Burns, D. Haxhosaj, D. Lekndreaj",1,21,0.3,0.5,0,0,2,0,0,0,0,0,0,0,1,0,1,0,0,0,0,1,0,0,0,0,0,0,0,0,0,0,0,1,1,0,0,1,0,1,0.9,0.1,0,0,0,0,0,0,0,0,0,0,0,0,0,0,0,0,0,0,0,0,0,0,0,0,0,0,0,0,0,0,0,0,0,0,0,0,0,0,0
Bora,"A. Mekic, G. Zeqiri, R. Sylejmani, T. Jackson, Y. Pllana",Bashkimi,"D. Lake, J. Baily, M. Janjeva, T. Bickerstaff, V. Bunjaku",1,8,0.1,0.5,0,0,0,0,0,0,0,0,0,0,0,1,1,0,0,0,0,0,0,0,1,0,0,1,0,0,1,0,1,0,1,0,0,0,0,0,0.1,0.9,0,0,0,0,0,0,0,0,0,0,0,0,0,0,0,0,0,0,0,0,0,0,0,0,0,0,0,0,0,0,0,0,0,0,0,0,0,0,0
GO+Peja,"A. Hajdari, A. Herndon, D. Berisha, J. Johnson, T. Green",Trepça,"C. Brown, D. Hajrizi, J. Payne, M. Tmusic, S. Henry",1,38,0.6,0.5,0,0,0,0,0,0,0,0,0,0,0,1,1,0,0,1,0,0,0,0,2,0,0,0,0,0,0,0,1,0,1,0,0,0,0,1,0.1,0.9,0,0,0,0,0,0,0,0,0,0,0,0,0,0,0,0,0,0,0,0,0,0,0,0,0,0,0,0,0,0,0,0,0,0,0,0,0,0,0
Bora,"A. Hot, A. Hunter, A. Mekic, R. Ukaj, S. Jules",Sigal Prishtina,"A. Azemi, A. Bailey, B. Istrefi, D. Burns, K. Kramer",1,24,0.4,0.5,0,0,0,0,0,0,0,0,0,0,0,0,0,0,0,0,0,0,0,0,1,0,0,1,0,0,0,0,1,0,1,0,0,0,1,0,0.1,0.9,0,0,0,0,0,0,0,0,0,0,0,0,0,0,0,0,0,0,0,0,0,0,0,0,0,0,0,0,0,0,0,0,0,0,0,0,0,0,0
Bashkimi,"K. Anderson, L. Zeqiri, M. Janjeva, T. Bickerstaff, V. Bunjaku",Trepça,"A. Arslanagic, B. Tuna, D. Kapiti, J. Payne, M. Amzil",1,23,0.4,0.5,0,0,0,0,0,0,0,0,0,0,0,1,1,0,0,1,0,0,0,0,2,0,0,0,0,0,0,0,1,0,1,0,0,0,0,0,0.1,0.9,0,0,0,0,0,0,0,0,0,0,0,0,0,0,0,0,0,0,0,0,0,0,0,0,0,0,0,0,0,0,0,0,0,0,0,0,0,0,0
Vëllaznimi,"A. Koshi, J. Hellems, J. Ismajli, L. Colimerio, Z. Reid",Golden Eagle Ylli,"A. Scott, A. Çallakaj, G. Morina, J. Reece, L. Shoshi",1,30,0.5,0.5,2,1,2,50,0,1,0,0,0,0,1,0,1,0,0,0,0,1,0,0,0,0,0,0,0,0,0,0,0,0,0,0,0,0,0,0,0.9,0.1,215.1,0,215.1,0,215.1,-215.1,2,0,0,0,0,0,0,0,0,0,0,0,0,0,0,0,0,0,0,0,0,0,0,0,0,0,0,0,0,0,0,0,0
GO+Peja,"A. Hhajdari, C. Edwards, D. Berisha, J. Johnson, T. Green",Bora,"A. Mekic, C. Payton Jr, G. Zeqiri, J. Zeqiri, T. Cheese",1,20,0.3,0.5,2,1,2,50,0,0,0,0,0,0,1,0,1,0,0,0,0,0,0,0,0,0,0,0,0,0,0,0,0,0,0,0,0,1,0,0,0.9,0.1,215.1,0,215.1,0,215.1,-215.1,2,0,0,0,0,0,0,0,0,0,0,0,0,0,0,0,0,0,0,0,0,0,0,0,0,0,0,0,0,0,0,0,0
Bora,"A. Hunter, A. Mekic, J. Zeqiri, R. Memedi, S. Jules",Golden Eagle Ylli,"A. Scott, E. Kastrati, G. Morina, J. Reece, T. Allen",1,22,0.4,0.5,0,0,0,0,0,0,0,0,0,0,0,0,0,0,0,0,0,0,2,1,2,50,0,0,0,0,0,0,1,0,1,0,0,0,0,0,0.1,0.9,0,215.1,-215.1,215.1,0,215.1,-2,0,0,0,0,0,0,0,0,0,0,0,0,0,0,0,0,0,0,0,0,0,0,0,0,0,0,0,0,0,0,0,0
Golden Eagle Ylli,"A. Scott, E. Kastrati, L. Shoshi, S. Bamforth, T. Allen",Rahoveci 029,"A. Berisha, A. Thomas, I. Umipig, J. Jonson, K. Ujkani",1,29,0.5,0.5,0,0,2,0,0,1,0,0,0,0,1,0,1,0,0,0,0,0,0,0,0,0,0,0,0,0,0,0,0,1,1,0,0,0,0,0,0.9,0.1,0,0,0,0,0,0,0,0,0,0,0,0,0,0,0,0,0,0,0,0,0,0,0,0,0,0,0,0,0,0,0,0,0,0,0,0,0,0,0
Golden Eagle Ylli,"A. Scott, B. Huffman, E. Kastrati, S. Bamforth, T. Allen",Rahoveci 029,"B. Rexha, F. Rugova, I. Umipig, J. Jonson, K. Pullian",1,14,0.2,0.5,2,1,2,50,0,0,0,0,0,0,1,0,1,0,0,0,0,0,0,0,0,0,0,0,0,0,0,0,0,0,0,0,0,0,0,1,0.9,0.1,215.1,0,215.1,0,215.1,-215.1,2,0,0,0,0,0,0,0,0,0,0,0,0,0,0,0,0,0,0,0,0,0,0,0,0,0,0,0,0,0,0,0,0
Trepça,"A. Gashi, B. Tuna, D. Hajrizi, K. Hasbrouck, S. Jones",Sigal Prishtina,"A. Morina, D. Burns, D. Polloshka, K. Dukes, K. Kramer",1,48,0.8,0.5,0,0,2,0,0,0,0,0,0,0,2,0,2,0,0,0,0,0,2,1,2,50,0,0,0,0,0,0,1,0,1,0,0,0,0,1,0.1,0.9,0,215.1,-215.1,215.1,0,215.1,-2,0,0,0,0,0,0,0,0,0,0,0,0,0,0,0,0,0,0,0,0,0,0,0,0,0,0,0,0,0,0,0,0
Vëllaznimi,"A. Koshi, D. Wilson, J. Hellems, S. Zekiqi, Y. Anei",Peja,"A. Hajdari, C. Edwards, F. Shoshaj, S. Flatten, T. Green",1,37,0.6,0.5,0,0,2,0,0,1,0,0,0,0,1,0,1,0,0,0,0,0,0,0,1,0,0,1,0,0,0,0,1,1,2,0,0,0,0,0,0.9,0.1,0,0,0,0,0,0,0,0,0,0,0,0,0,0,0,0,0,0,0,0,0,0,0,0,0,0,0,0,0,0,0,0,0,0,0,0,0,0,0
Bashkimi,"D. Lake, I. Cousins, L. Zeqiri, S. Shorter, V. Bunjaku",Rahoveci 029,"A. Thomas, B. Rexha, I. Umipig, J. Johnson, V. Ejupi",1,30,0.5,0.5,2,1,2,50,0,0,0,0,0,0,1,0,1,0,0,0,0,0,0,0,0,0,0,0,0,0,0,0,0,0,0,0,0,0,0,0,0.9,0.1,215.1,0,215.1,0,215.1,-215.1,2,0,0,0,0,0,0,0,0,0,0,0,0,0,0,0,0,0,0,0,0,0,0,0,0,0,0,0,0,0,0,0,0
Golden Eagle Ylli,"A. Scott, A. Çallakaj, B. Huffman, E. Kastrati, G. Morina",Vëllaznimi,"A. Rushiti, D. Wilson, S. Zekiqi, Y. Anei, Z. Reid",1,39,0.7,0.5,0,0,0,0,0,0,0,0,0,0,0,0,0,0,0,0,0,0,3,1,2,50,1,1,100,0,0,0,1,0,1,1,0,0,0,0,0.1,0.9,0,322.6,-322.6,322.6,0,322.6,-3,0,0,0,0,0,0,0,0,0,0,0,0,0,0,0,0,0,0,0,0,0,0,0,0,0,0,0,0,0,0,0,0
Bora,"A. Hot, A. Hunter, J. Zeqiri, L. Thomas, R. Memedi",GO+Peja,"A. Herndon, F. Shoshaj, O. Williams, S. Llapi, T. Green",1,25,0.4,0.5,0,0,0,0,0,0,0,0,0,0,0,0,0,0,0,1,0,0,0,0,1,0,0,0,0,0,0,0,1,0,1,0,0,0,1,0,0.1,0.9,0,0,0,0,0,0,0,0,0,0,0,0,0,0,0,0,0,0,0,0,0,0,0,0,0,0,0,0,0,0,0,0,0,0,0,0,0,0,0
Golden Eagle Ylli,"A. Scott, D. Thomas, E. Kastrati, L. Shoshi, S. Bamforth",Bashkimi,"I. Nwamu, K. Wooten, L. Zeqiri, M. Armstead, S. Shorter",1,16,0.3,0.5,0,0,1,0,0,0,0,0,0,0,1,0,1,0,0,0,1,0,0,0,0,0,0,0,0,0,0,0,0,0,0,0,0,0,0,0,0.9,0.1,0,0,0,0,0,0,0,0,0,0,0,0,0,0,0,0,0,0,0,0,0,0,0,0,0,0,0,0,0,0,0,0,0,0,0,0,0,0,0
Sigal Prishtina,"A. Bailey, A. Morina, J. Ismajli, K. Dukes, K. Kramer",GO+Peja,"F. Shoshaj, L. Routt, M. Mala, S. Llapi, T. Green",1,31,0.5,0.5,0,0,0,0,0,0,0,0,0,0,0,0,0,0,0,0,0,0,2,1,2,50,0,0,0,0,0,0,1,0,1,0,0,0,0,0,0.1,0.9,0,215.1,-215.1,215.1,0,215.1,-2,0,0,0,0,0,0,0,0,0,0,0,0,0,0,0,0,0,0,0,0,0,0,0,0,0,0,0,0,0,0,0,0
Bashkimi,"I. Nwamu, J. Nzeakor, M. Janjeva, S. Shorter, V. Bunjaku",GO+Peja,"A. Hajdari, F. Shoshaj, L. Routt, S. Llapi, T. Green",1,23,0.4,0.5,0,0,1,0,0,1,0,0,0,0,1,0,1,0,0,0,0,0,2,1,2,50,0,1,0,0,0,0,1,0,1,0,0,0,0,1,0.1,0.9,0,215.1,-215.1,215.1,0,215.1,-2,0,0,0,0,0,0,0,0,0,0,0,0,0,0,0,0,0,0,0,0,0,0,0,0,0,0,0,0,0,0,0,0
Trepça,"D. Kapiti, J. Payne, M. Amzil, M. Tmusic, S. Henry",Rahoveci 029,"J. Mccorrmick, J. Roche, K. Pullian, K. Ujkani, V. Ejupi",1,32,0.5,0.5,2,1,2,50,0,1,0,0,0,0,1,0,1,0,0,0,0,0,0,0,1,0,0,1,0,0,0,0,1,0,1,0,0,0,0,0,0.9,0.1,215.1,0,215.1,0,215.1,-215.1,2,0,0,0,0,0,0,0,0,0,0,0,0,0,0,0,0,0,0,0,0,0,0,0,0,0,0,0,0,0,0,0,0
Bora,"A. Hot, A. Hunter, R. Memedi, R. Ukaj, S. Jules",Bashkimi,"D. Lake, K. Anderson, L. Zeqiri, S. Shorter, V. Bunjaku",1,27,0.5,0.5,0,0,1,0,0,0,0,0,0,0,1,0,1,0,0,0,1,0,0,0,0,0,0,0,0,0,0,0,0,0,0,0,0,1,0,0,0.9,0.1,0,0,0,0,0,0,0,0,0,0,0,0,0,0,0,0,0,0,0,0,0,0,0,0,0,0,0,0,0,0,0,0,0,0,0,0,0,0,0
GO+Peja,"A. Hajdari, C. Edwards, F. Shoshaj, O. Williams, T. Green",Vëllaznimi,"A. Gordon, A. Koshi, D. Wilson, R. Dahsyla, Z. Reid",1,29,0.5,0.5,0,0,2,0,0,2,0,0,0,0,1,0,1,0,0,0,0,0,0,0,0,0,0,0,0,0,0,0,0,1,1,0,0,0,0,1,0.9,0.1,0,0,0,0,0,0,0,0,0,0,0,0,0,0,0,0,0,0,0,0,0,0,0,0,0,0,0,0,0,0,0,0,0,0,0,0,0,0,0
GO+Peja,"C. Edwards, C. Williams, D. Bracey, M. Mala, S. Llapi",Trepça,"D. Hajrizi, J. Payne, M. Tmusic, S. Henry, S. Jones",1,12,0.2,0.5,2,1,2,50,0,1,0,0,0,0,1,0,1,0,0,0,0,0,0,0,0,0,0,0,0,0,0,0,0,0,0,0,0,0,0,1,0.9,0.1,215.1,0,215.1,0,215.1,-215.1,2,0,0,0,0,0,0,0,0,0,0,0,0,0,0,0,0,0,0,0,0,0,0,0,0,0,0,0,0,0,0,0,0
Rahoveci 029,"A. Thomas, B. Rexha, J. Mccorrmick, K. Pullian, K. Ujkani",Bashkimi,"J. Riley, K. Wooten, L. Zeqiri, M. Armstead, S. Shorter",1,42,0.7,0.5,2,1,2,50,0,1,0,0,0,0,1,0,1,0,0,0,0,1,0,0,0,0,0,0,0,0,0,0,0,0,0,0,0,0,0,0,0.9,0.1,215.1,0,215.1,0,215.1,-215.1,2,0,0,0,0,0,0,0,0,0,0,0,0,0,0,0,0,0,0,0,0,0,0,0,0,0,0,0,0,0,0,0,0
Bora,"A. Hot, C. Bragg Jr, J. Dingle, R. Memedi, S. Jules",Sigal Prishtina,"A. Bailey, A. Lomax, A. Morina, D. Burns, V. Kakruki",1,38,0.6,0.5,2,1,2,50,0,1,0,0,0,0,1,0,1,0,0,0,0,1,0,0,1,0,0,1,0,0,0,0,1,0,1,0,0,0,0,0,0.9,0.1,215.1,0,215.1,0,215.1,-215.1,2,0,0,0,0,0,0,0,0,0,0,0,0,0,0,0,0,0,0,0,0,0,0,0,0,0,0,0,0,0,0,0,0
