Team,Player_Name,Numbers_Worn,Name_Variations,Games,MPG,MIN,PTS,PPG,FGM,FGA,FG%,3PM,3PA,3P%,FTM,FTA,FT%,OREB,DREB,REB,AST,STL,BLK,TOV,PF,POSS,USG%,PTS/100,AST/100,REB/100,PTS_AST,TPC,TPC/G,TPC/100,CLUTCH_PTS,CLUTCH_PPG,CLUTCH_FGA,CLUTCH_FTA,CLUTCH_TS%,CLUTCH_USG,CLUTCH_GAMES,BPM,OBPM,DBPM,POSITION,ROLE,RIM_ATT,RIM_MADE,RIM%,OTD_2PT_ATT,OTD_2PT_MADE,OTD_2PT%,OTD_3PT_ATT,OTD_3PT_MADE,OTD_3PT%,UNAST_RIM_MADE,UNAST_3PT_MADE,PASS_TO,DRIBBLE_TO,DEFENSE_TO,MISC_TO,2ND_CHANCE_PTS,FAST_BREAK_PTS,PTS_OFF_TOV
GIESSEN 46ers,Kyle Anthony Castlin,7,Kyle Anthony Castlin,25,30.9,771.4,424.0,17.0,157.0,300.0,52.3,38.0,93.0,40.9,72.0,84.0,85.7,37.0,101.0,138.0,26.0,17.0,4.0,38.0,61.0,324.4,21.9,22.1,1.4,7.2,57,481.0,19.2,25.1,43,4.8,27,3,75.9,33.3,9,3.49,-0.2,3.69,3.7,2.6,124.0,90.0,72.6,83.0,29.0,34.9,0.0,0.0,0,63.0,7.0,14.0,18.0,0.0,5.0,72.0,86.0,62.0
GIESSEN 46ers,Robin Benzing,12,Robin Benzing,25,24.1,603.1,286.0,11.4,90.0,238.0,37.8,33.0,119.0,27.7,73.0,89.0,82,12.0,49.0,61.0,48.0,28.0,15.0,28.0,70.0,281.4,24.3,14.9,2.5,3.2,94,380.0,15.2,19.8,13,1.9,12,9,40.7,18.0,7,2.33,-2.72,5.06,2.9,3.0,79.0,39.0,49.4,40.0,18.0,45,0.0,0.0,0,29.0,2.0,10.0,8.0,0.0,5.0,17.0,43.0,45.0
GIESSEN 46ers,Aiden Warnholtz,3,Aiden Warnholtz,25,21.1,528.4,198.0,7.9,65.0,171.0,38,32.0,96.0,33.3,36.0,42.0,85.7,14.0,61.0,75.0,57.0,16.0,1.0,32.0,72.0,199.2,19.6,10.3,3.0,3.9,130,328.0,13.1,17.1,10,1.4,12,0,41.7,15.0,7,-0.09,-4.21,4.12,2.6,2.9,44.0,17.0,38.6,31.0,16.0,51.6,0.0,0.0,0,11.0,9.0,16.0,9.0,0.0,4.0,20.0,18.0,37.0
GIESSEN 46ers,Simon Krajcovic,55,Simon Krajcovic,25,23.9,596.4,176.0,7.0,52.0,149.0,34.9,20.0,82.0,24.4,52.0,65.0,80,16.0,76.0,92.0,111.0,23.0,1.0,49.0,65.0,202.2,17.7,9.2,5.8,4.8,246,422.0,16.9,22.0,14,2.0,10,10,48.6,16.4,7,0.11,-4.31,4.41,1.9,2.1,46.0,24.0,52.2,21.0,8.0,38.1,0.0,0.0,0,23.0,13.0,30.0,10.0,0.0,5.0,17.0,24.0,19.0
GIESSEN 46ers,Luis Elias König Figge,14,Luis Elias König Figge,25,14.9,371.7,152.0,6.1,49.0,105.0,46.7,15.0,37.0,40.5,39.0,55.0,70.9,25.0,44.0,69.0,19.0,26.0,1.0,16.0,45.0,115.4,16.2,7.9,1.0,3.6,39,191.0,7.6,9.9,12,2.4,8,2,67.6,9.9,5,4.02,-2.1,6.12,3.0,3.3,62.0,33.0,53.2,6.0,1.0,16.7,0.0,0.0,0,20.0,1.0,4.0,8.0,0.0,1.0,17.0,29.0,45.0
Artland Dragons,Amir Jabbar Hinton,3,Amir Jabbar Hinton,24,29.0,696.7,473.0,19.7,155.0,341.0,45.5,26.0,86.0,30.2,137.0,145.0,94.5,17.0,92.0,109.0,63.0,39.0,7.0,40.0,52.0,410.7,30.7,25.1,3.3,5.8,134,607.0,25.3,32.3,84,7.0,57,28,60.6,72.3,12,3.99,0.45,3.54,2.7,2.5,120.0,75.0,62.5,135.0,54.0,40,0.0,0.0,0,58.0,14.0,9.0,20.0,0.0,5.0,44.0,81.0,93.0
Artland Dragons,Benjamin Forrest Burnham,25,Benjamin Forrest Burnham,24,28.4,682.8,457.0,19.0,184.0,290.0,63.4,40.0,91.0,44,49.0,70.0,70,53.0,166.0,219.0,49.0,35.0,23.0,51.0,49.0,306.0,23.3,24.3,2.6,11.6,104,561.0,23.4,29.8,65,5.0,35,21,73.5,44.2,13,9.73,4.75,4.98,5.0,1.6,154.0,114.0,74,45.0,30.0,66.7,0.0,0.0,0,61.0,3.0,10.0,32.0,0.0,5.0,92.0,87.0,94.0
EPG Baskets Koblenz,Calvin Wishart,3,Calvin Wishart,24,26.9,644.7,385.0,16.0,126.0,252.0,50,53.0,127.0,41.7,80.0,103.0,77.7,29.0,68.0,97.0,137.0,35.0,9.0,66.0,71.0,320.9,24.9,19.9,7.1,5.0,317,702.0,29.2,36.3,26,3.7,20,9,54.3,27.0,7,7.51,3.46,4.05,1.8,1.0,98.0,62.0,63.3,27.0,11.0,40.7,0.0,0.0,0,54.0,34.0,32.0,24.0,0.0,3.0,51.0,90.0,69.0
BG Göttingen,Jordan Sears,3,Jordan Sears,24,24.0,575.1,362.0,15.1,123.0,302.0,40.7,50.0,146.0,34.2,66.0,77.0,85.7,12.0,70.0,82.0,78.0,30.0,10.0,58.0,58.0,366.6,33.2,19.6,4.2,4.4,179,541.0,22.5,29.2,36,4.5,18,17,70.6,29.5,8,3.74,-0.65,4.39,2.4,2.5,107.0,54.0,50.5,49.0,19.0,38.8,0.0,0.0,0,44.0,26.0,24.0,20.0,0.0,12.0,24.0,76.0,68.0
Phoenix Hagen,Devin Lawrence Schmidt,8,Devin Lawrence Schmidt,24,20.3,487.1,361.0,15.0,130.0,261.0,49.8,58.0,137.0,42.3,43.0,51.0,84.3,17.0,52.0,69.0,80.0,33.0,3.0,53.0,66.0,306.7,31.6,18.7,4.1,3.6,166,527.0,22.0,27.3,11,2.2,7,4,62.8,8.8,5,8.98,2.73,6.25,2.2,1.4,91.0,60.0,65.9,33.0,12.0,36.4,0.0,0.0,0,40.0,23.0,22.0,25.0,0.0,4.0,33.0,69.0,80.0
Tigers Tübingen,Bernard Joel Pelote III,1,Bernard Joel Pelote III,24,27.3,654.8,354.0,14.8,128.0,314.0,40.8,54.0,159.0,34,44.0,55.0,80,19.0,100.0,119.0,23.0,27.0,11.0,37.0,61.0,342.0,27.4,19.3,1.3,6.5,53,407.0,17.0,22.2,20,4.0,15,3,61.3,19.3,5,-1.03,-3.21,2.18,3.9,3.4,94.0,52.0,55.3,61.0,22.0,36.1,0.0,0.0,0,32.0,4.0,3.0,21.0,0.0,6.0,41.0,103.0,57.0
Uni Baskets Münster,Nicholas Khalil Mc Mullen,4,Nicholas Khalil Mc Mullen,24,28.1,674.5,350.0,14.6,135.0,259.0,52.1,17.0,40.0,42.5,63.0,93.0,67.7,79.0,161.0,240.0,14.0,12.0,12.0,79.0,74.0,287.9,23.3,19.6,0.8,13.5,26,376.0,15.7,21.1,36,5.1,23,14,61.7,33.2,7,-2.66,-3.54,0.88,5.0,2.8,173.0,103.0,59.5,46.0,15.0,32.6,0.0,0.0,0,55.0,5.0,11.0,43.0,0.0,7.0,76.0,27.0,42.0
PS Karlsruhe LIONS,David Opowu Ejah,25,David Opowu Ejah,24,29.0,696.2,344.0,14.3,122.0,253.0,48.2,38.0,97.0,39.2,62.0,88.0,70.5,46.0,144.0,190.0,32.0,22.0,20.0,41.0,48.0,275.3,20.8,18.9,1.8,10.4,80,424.0,17.7,23.2,27,2.7,18,9,61.5,24.0,10,2.65,-0.31,2.96,4.7,2.9,116.0,65.0,56,40.0,19.0,47.5,0.0,0.0,0,47.0,4.0,8.0,24.0,0.0,4.0,53.0,61.0,65.0
Bayer Giants Leverkusen,Dennis Heinzmann,22,Dennis Heinzmann,24,25.9,620.9,325.0,13.5,113.0,181.0,62.4,3.0,8.0,37.5,96.0,132.0,72.7,72.0,145.0,217.0,13.0,7.0,44.0,46.0,84.0,204.6,18.0,18.4,0.7,12.3,33,358.0,14.9,20.2,25,2.8,15,11,63.0,20.8,9,1.96,-0.71,2.67,5.0,2.4,147.0,99.0,67.3,26.0,11.0,42.3,0.0,0.0,0,41.0,0.0,6.0,14.0,0.0,4.0,98.0,16.0,37.0
Nürnberg Falcons BC,Vincent Friederici,30,Vincent Friederici,24,26.3,631.0,302.0,12.6,96.0,240.0,40,45.0,127.0,35.4,65.0,77.0,84.4,21.0,24.0,45.0,48.0,28.0,5.0,30.0,59.0,271.6,22.6,16.5,2.6,2.5,95,397.0,16.5,21.6,36,4.5,20,18,64.5,29.9,8,0.25,-1.84,2.09,2.2,3.2,83.0,36.0,43.4,30.0,15.0,50,0.0,0.0,0,21.0,9.0,13.0,15.0,0.0,1.0,41.0,68.0,48.0
BBC Bayreuth,Rayshawn Rene Mart,3,Rayshawn Rene Mart,24,28.0,672.8,301.0,12.5,119.0,262.0,45.4,12.0,49.0,24.5,51.0,85.0,60,21.0,48.0,69.0,95.0,27.0,7.0,61.0,74.0,325.8,24.9,15.7,5.0,3.6,194,495.0,20.6,25.9,22,2.0,22,16,37.9,33.0,11,-1.77,-4.18,2.41,1.9,2.4,156.0,93.0,59.6,57.0,14.0,24.6,0.0,0.0,0,82.0,2.0,31.0,17.0,0.0,8.0,31.0,83.0,61.0
Nürnberg Falcons BC,Trevor James Baskin,22,Trevor James Baskin,24,22.9,549.7,296.0,12.3,109.0,182.0,59.9,10.0,29.0,34.5,68.0,97.0,70.1,47.0,119.0,166.0,37.0,22.0,23.0,47.0,59.0,215.7,20.6,16.1,2.0,9.1,82,378.0,15.8,20.6,11,1.6,9,9,42.4,16.0,7,3.8,-0.85,4.65,5.0,2.3,143.0,96.0,67.1,10.0,3.0,30,0.0,0.0,0,43.0,0.0,13.0,26.0,0.0,6.0,68.0,103.0,77.0
RheinStars Köln,Björn Rohwer,15,Björn Rohwer,24,21.0,504.0,292.0,12.2,106.0,200.0,53,27.0,56.0,48.2,53.0,70.0,75.7,43.0,65.0,108.0,22.0,10.0,2.0,39.0,79.0,217.7,22.9,16.1,1.2,6.0,51,343.0,14.3,18.9,32,3.2,16,13,73.7,23.7,10,0.33,-0.98,1.31,4.0,2.2,127.0,73.0,57.5,17.0,6.0,35.3,0.0,0.0,0,34.0,1.0,13.0,14.0,0.0,3.0,58.0,39.0,45.0
BBC Bayreuth,KeVaughn Allen,23,KeVaughn Allen,24,26.4,632.6,289.0,12.0,103.0,250.0,41.2,44.0,140.0,31.4,39.0,45.0,86.7,10.0,43.0,53.0,71.0,27.0,3.0,33.0,41.0,281.1,22.9,15.1,3.7,2.8,151,440.0,18.3,23.0,42,4.2,36,9,52.6,44.0,10,1.43,-1.21,2.64,1.7,2.5,49.0,28.0,57.1,61.0,31.0,50.8,0.0,0.0,0,24.0,28.0,11.0,17.0,0.0,5.0,24.0,52.0,77.0
Phoenix Hagen,Jeffrey Carroll,30,Jeffrey Carroll,24,20.3,486.1,283.0,11.8,102.0,208.0,49,37.0,95.0,38.9,42.0,52.0,80.8,17.0,80.0,97.0,31.0,16.0,2.0,26.0,25.0,230.3,23.8,14.6,1.6,5.0,67,350.0,14.6,18.1,19,3.8,9,8,75.9,12.5,5,4.71,0.32,4.39,3.5,3.3,74.0,50.0,67.6,39.0,15.0,38.5,0.0,0.0,0,19.0,7.0,14.0,9.0,0.0,1.0,38.0,62.0,58.0
VfL SparkassenStars Bochum,Dravon Mangum,11,Dravon Mangum,24,23.6,565.2,271.0,11.3,89.0,186.0,47.8,23.0,75.0,30.7,70.0,95.0,73.7,37.0,76.0,113.0,23.0,15.0,14.0,31.0,75.0,212.9,19.8,14.7,1.2,6.1,53,324.0,13.5,17.6,33,3.3,23,22,50.5,33.7,10,-1.03,-3.24,2.22,4.8,3.3,99.0,64.0,64.6,12.0,2.0,16.7,0.0,0.0,0,26.0,1.0,8.0,12.0,0.0,3.0,38.0,38.0,49.0
Phoenix Hagen,Tim Uhlemann,21,Tim Uhlemann,24,19.0,455.4,262.0,10.9,97.0,181.0,53.6,46.0,108.0,42.6,22.0,34.0,64.7,17.0,88.0,105.0,21.0,20.0,5.0,23.0,41.0,193.9,21.4,13.6,1.1,5.4,51,313.0,13.0,16.2,7,2.3,6,1,54.3,6.4,3,6.79,1.32,5.47,4.1,3.0,48.0,39.0,81.2,25.0,12.0,48,0.0,0.0,0,15.0,2.0,7.0,9.0,0.0,4.0,31.0,34.0,49.0
Bozic Estriche Knights Kirchheim,Lucas Mayer,8,Lucas Mayer,24,25.4,609.3,262.0,10.9,102.0,216.0,47.2,30.0,92.0,32.6,28.0,55.0,50.9,15.0,100.0,115.0,66.0,25.0,7.0,68.0,71.0,281.5,24.1,14.1,3.5,6.2,145,407.0,17.0,21.9,7,1.2,9,4,32.5,12.8,6,-0.45,-5.5,5.05,2.9,2.6,99.0,62.0,62.6,25.0,10.0,40,0.0,0.0,0,45.0,13.0,30.0,27.0,0.0,7.0,33.0,50.0,50.0
BG Göttingen,Julius Böhmer,44,Julius Böhmer,24,22.3,536.3,260.0,10.8,95.0,196.0,48.5,31.0,92.0,33.7,39.0,49.0,79.6,15.0,42.0,57.0,49.0,11.0,3.0,36.0,65.0,229.0,22.3,14.0,2.6,3.1,106,366.0,15.2,19.8,29,3.2,19,3,71.4,22.3,9,1.1,-2.08,3.18,2.6,2.9,79.0,54.0,68.4,25.0,10.0,40,0.0,0.0,0,28.0,3.0,19.0,13.0,0.0,4.0,33.0,57.0,33.0
HAKRO Merlins Crailsheim,Tyreese Blunt,0,Tyreese Blunt,24,27.5,659.9,244.0,10.2,82.0,218.0,37.6,57.0,164.0,34.8,23.0,31.0,74.2,33.0,44.0,77.0,26.0,24.0,2.0,14.0,60.0,204.1,16.3,13.4,1.4,4.2,53,297.0,12.4,16.3,18,2.0,10,3,79.5,11.3,9,2.15,-2.12,4.27,2.8,4.1,45.0,25.0,55.6,9.0,0.0,0,0.0,0.0,0,18.0,8.0,4.0,4.0,0.0,3.0,44.0,58.0,66.0
Bayer Giants Leverkusen,Ricardo Lynch,11,Ricardo Lynch,24,24.0,576.6,240.0,10.0,85.0,213.0,39.9,36.0,123.0,29.3,34.0,41.0,82.9,16.0,60.0,76.0,12.0,15.0,6.0,25.0,26.0,230.4,21.9,13.6,0.7,4.3,33,273.0,11.4,15.4,4,0.7,7,2,25.4,8.9,6,-2.33,-2.58,0.26,3.3,4.1,53.0,35.0,66,37.0,14.0,37.8,0.0,0.0,0,25.0,11.0,5.0,14.0,0.0,4.0,26.0,43.0,38.0
Artland Dragons,Connor Van Anthony,9,Connor Van Anthony,24,27.1,651.1,230.0,9.6,80.0,162.0,49.4,25.0,52.0,48.1,45.0,55.0,81.8,18.0,53.0,71.0,161.0,28.0,2.0,52.0,67.0,211.4,16.9,12.2,8.6,3.8,362,592.0,24.7,31.5,41,4.1,35,5,55.1,49.2,10,2.48,0.07,2.41,1.2,1.3,74.0,40.0,54.1,36.0,15.0,41.7,0.0,0.0,0,29.0,8.0,28.0,20.0,0.0,3.0,35.0,51.0,35.0
BG Göttingen,Hendrik Helge Drescher,10,Hendrik Helge Drescher,24,23.6,566.3,230.0,9.6,83.0,181.0,45.9,30.0,92.0,32.6,34.0,45.0,75.6,24.0,108.0,132.0,39.0,19.0,5.0,40.0,62.0,208.1,19.2,12.4,2.1,7.1,88,318.0,13.2,17.2,19,2.4,9,5,84.8,16.2,8,1.63,-2.96,4.6,3.7,3.7,81.0,51.0,63,8.0,2.0,25,0.0,0.0,0,28.0,1.0,14.0,15.0,0.0,3.0,27.0,11.0,37.0
Uni Baskets Münster,Neil Masnic,8,Neil Masnic,24,24.6,590.6,221.0,9.2,79.0,182.0,43.4,42.0,114.0,36.8,21.0,28.0,75,17.0,70.0,87.0,15.0,14.0,11.0,32.0,49.0,200.9,18.6,12.4,0.8,4.9,36,257.0,10.7,14.4,21,4.2,17,7,52.3,21.1,5,-1.19,-3.17,1.98,3.5,3.6,51.0,31.0,60.8,17.0,6.0,35.3,0.0,0.0,0,16.0,2.0,11.0,15.0,0.0,2.0,36.0,24.0,23.0
BBC Bayreuth,Nat Diallo,8,Nat Diallo,24,22.3,535.3,219.0,9.1,86.0,164.0,52.4,3.0,15.0,20,44.0,71.0,62,41.0,82.0,123.0,28.0,18.0,17.0,62.0,86.0,207.6,20.0,11.4,1.5,6.4,60,279.0,11.6,14.6,17,1.9,15,8,45.9,22.5,9,-3.63,-7.2,3.56,4.5,3.4,128.0,80.0,62.5,21.0,3.0,14.3,0.0,0.0,0,28.0,1.0,20.0,14.0,0.0,3.0,38.0,31.0,31.0
Bayer Giants Leverkusen,Donte Nicholas,15,Donte Nicholas,24,25.9,620.8,207.0,8.6,66.0,157.0,42,13.0,42.0,31,62.0,77.0,80.5,19.0,83.0,102.0,62.0,21.0,2.0,35.0,68.0,198.6,17.5,11.7,3.5,5.8,129,336.0,14.0,19.0,8,1.0,9,3,38.8,14.3,8,-1.93,-4.09,2.15,2.6,2.6,69.0,37.0,53.6,46.0,16.0,34.8,0.0,0.0,0,30.0,6.0,13.0,9.0,0.0,6.0,19.0,28.0,31.0
Artland Dragons,Timo Lanmüller,7,Timo Lanmüller,24,26.2,629.5,199.0,8.3,69.0,156.0,44.2,42.0,113.0,37.2,19.0,25.0,76,13.0,37.0,50.0,44.0,20.0,6.0,27.0,63.0,173.8,14.4,10.6,2.3,2.7,98,297.0,12.4,15.8,17,2.1,17,0,50.0,19.0,8,-0.1,-2.46,2.36,2.5,3.9,29.0,22.0,75.9,14.0,5.0,35.7,0.0,0.0,0,3.0,3.0,11.0,10.0,0.0,5.0,30.0,32.0,41.0
Tigers Tübingen,Lukas Max Milner,17,Lukas Max Milner,24,18.3,438.6,197.0,8.2,90.0,139.0,64.7,0.0,5.0,0,17.0,42.0,40.5,52.0,68.0,120.0,31.0,10.0,23.0,23.0,81.0,123.3,14.8,10.7,1.7,6.5,69,266.0,11.1,14.5,13,2.6,7,3,78.1,8.3,5,0.68,-3.4,4.07,5.0,2.6,119.0,83.0,69.7,15.0,7.0,46.7,0.0,0.0,0,24.0,0.0,2.0,5.0,0.0,5.0,58.0,17.0,29.0
GIESSEN 46ers,Till Gloger,18,Till Gloger,24,16.2,388.2,194.0,8.1,85.0,130.0,65.4,1.0,3.0,33.3,23.0,39.0,59,29.0,43.0,72.0,10.0,9.0,2.0,10.0,36.0,123.0,16.5,10.1,0.5,3.7,24,218.0,9.1,11.4,8,1.6,5,0,80.0,5.0,5,3.46,-0.5,3.96,3.8,2.8,107.0,72.0,67.3,20.0,12.0,60,0.0,0.0,0,18.0,0.0,1.0,7.0,0.0,1.0,41.0,20.0,35.0
Phoenix Hagen,Bjarne Kraushaar,4,Bjarne Kraushaar,24,25.0,600.2,192.0,8.0,65.0,148.0,43.9,22.0,63.0,34.9,40.0,51.0,78.4,18.0,51.0,69.0,153.0,25.0,0.0,45.0,52.0,189.5,15.9,9.9,7.9,3.6,334,526.0,21.9,27.2,21,4.2,16,4,59.1,19.8,5,3.93,-0.75,4.69,1.4,2.3,65.0,35.0,53.8,20.0,8.0,40,0.0,0.0,0,31.0,11.0,29.0,8.0,0.0,5.0,28.0,33.0,29.0
BG Göttingen,Daniel Kirchner,4,Daniel Kirchner,24,20.9,502.7,191.0,8.0,68.0,171.0,39.8,23.0,92.0,25,32.0,45.0,71.1,21.0,42.0,63.0,129.0,17.0,2.0,70.0,82.0,230.2,23.9,10.3,7.0,3.4,279,470.0,19.6,25.4,19,2.7,17,6,48.4,23.6,7,-1.32,-3.65,2.33,1.5,1.9,56.0,38.0,67.9,23.0,7.0,30.4,0.0,0.0,0,35.0,8.0,50.0,14.0,0.0,6.0,20.0,34.0,26.0
Artland Dragons,Nathan Joseph Petrone,1,Nathan Joseph Petrone,24,16.1,386.2,189.0,7.9,60.0,134.0,44.8,36.0,91.0,39.6,33.0,37.0,89.2,7.0,34.0,41.0,32.0,6.0,1.0,21.0,32.0,157.7,21.3,10.0,1.7,2.2,75,264.0,11.0,14.0,12,1.3,10,5,49.2,13.2,9,1.2,-0.11,1.31,2.7,2.9,26.0,17.0,65.4,17.0,7.0,41.2,0.0,0.0,0,12.0,2.0,8.0,8.0,0.0,1.0,10.0,39.0,16.0
RheinStars Köln,Jasper Günther,6,Jasper Günther,24,21.1,507.0,182.0,7.6,59.0,149.0,39.6,23.0,66.0,34.8,41.0,59.0,69.5,9.0,24.0,33.0,65.0,19.0,1.0,38.0,59.0,195.8,20.4,10.0,3.6,1.8,161,343.0,14.3,18.9,15,1.4,10,12,49.1,19.3,11,-2.94,-3.85,0.92,1.4,2.5,64.0,30.0,46.9,19.0,6.0,31.6,0.0,0.0,0,25.0,8.0,20.0,13.0,0.0,4.0,23.0,29.0,41.0
EPG Baskets Koblenz,Jonas Niedermanner,9,Jonas Niedermanner,24,23.0,550.9,178.0,7.4,62.0,169.0,36.7,33.0,99.0,33.3,21.0,29.0,72.4,14.0,66.0,80.0,33.0,24.0,7.0,34.0,59.0,193.7,17.6,9.2,1.7,4.1,80,258.0,10.8,13.3,12,1.7,9,7,49.7,13.1,7,-2.76,-5.22,2.46,3.0,4.2,31.0,17.0,54.8,39.0,12.0,30.8,0.0,0.0,0,8.0,3.0,12.0,15.0,0.0,3.0,24.0,43.0,35.0
Nürnberg Falcons BC,Tom Stoiber,28,Tom Stoiber,24,20.2,483.7,160.0,6.7,55.0,111.0,49.5,16.0,49.0,32.7,34.0,48.0,70.8,20.0,81.0,101.0,21.0,7.0,4.0,13.0,41.0,120.1,13.1,8.7,1.1,5.5,49,209.0,8.7,11.4,0,0.0,2,0,0.0,3.0,1,-0.42,-2.88,2.46,4.1,3.9,59.0,36.0,61,3.0,3.0,100,0.0,0.0,0,11.0,0.0,8.0,3.0,0.0,1.0,28.0,43.0,23.0
Paderborn Baskets,Grant Teichmann,6,Grant Teichmann,24,22.6,541.9,160.0,6.7,57.0,140.0,40.7,35.0,106.0,33,11.0,21.0,52.4,12.0,28.0,40.0,31.0,8.0,1.0,13.0,65.0,144.2,14.2,8.8,1.7,2.2,61,221.0,9.2,12.2,11,1.6,9,5,49.1,11.2,7,-3.2,-4.0,0.8,2.5,3.8,28.0,19.0,67.9,6.0,3.0,50,0.0,0.0,0,12.0,6.0,7.0,4.0,0.0,1.0,33.0,22.0,32.0
Uni Baskets Münster,Andrew O'Brien,0,Andrew O'Brien,24,23.0,552.7,151.0,6.3,55.0,116.0,47.4,24.0,57.0,42.1,17.0,28.0,60.7,19.0,83.0,102.0,68.0,8.0,12.0,39.0,67.0,142.4,14.1,8.5,3.8,5.7,147,298.0,12.4,16.7,10,2.0,6,2,72.7,11.9,5,-0.78,-4.1,3.32,3.2,2.2,49.0,29.0,59.2,10.0,2.0,20,0.0,0.0,0,20.0,8.0,23.0,8.0,0.0,4.0,23.0,16.0,18.0
Eisbären Bremerhaven,Jacob David Biss,3,Jacob David Biss,24,22.1,529.8,147.0,6.1,51.0,124.0,41.1,27.0,76.0,35.5,18.0,25.0,72,13.0,35.0,48.0,65.0,19.0,0.0,41.0,41.0,156.5,15.7,8.1,3.6,2.7,115,262.0,10.9,14.5,7,1.8,7,1,47.0,7.4,4,-1.26,-4.06,2.81,2.0,3.5,37.0,22.0,59.5,11.0,2.0,18.2,0.0,0.0,0,9.0,0.0,28.0,9.0,0.0,3.0,13.0,20.0,32.0
GIESSEN 46ers,Jonathan Maier,13,Jonathan Maier,24,14.1,339.5,147.0,6.1,53.0,117.0,45.3,1.0,5.0,20,40.0,52.0,76.9,52.0,66.0,118.0,4.0,6.0,4.0,20.0,57.0,103.6,15.9,7.7,0.2,6.1,10,157.0,6.5,8.2,4,1.3,5,4,29.6,6.8,3,-3.02,-4.75,1.74,5.0,4.1,84.0,41.0,48.8,28.0,11.0,39.3,0.0,0.0,0,19.0,0.0,3.0,11.0,0.0,2.0,48.0,13.0,28.0
Uni Baskets Münster,Thore Dilschmann,6,Thore Dilschmann,24,19.4,466.0,143.0,6.0,52.0,141.0,36.9,18.0,66.0,27.3,21.0,29.0,72.4,10.0,32.0,42.0,77.0,11.0,0.0,51.0,24.0,187.0,21.9,8.0,4.3,2.4,186,329.0,13.7,18.4,23,4.6,11,6,84.3,19.6,5,-5.32,-4.48,-0.84,1.2,2.0,52.0,27.0,51.9,23.0,7.0,30.4,0.0,0.0,0,24.0,9.0,26.0,21.0,0.0,3.0,17.0,23.0,8.0
BBC Bayreuth,Cantia Jevon Rahming,12,Cantia Jevon Rahming,24,15.2,365.1,138.0,5.8,51.0,103.0,49.5,9.0,29.0,31,27.0,40.0,67.5,35.0,101.0,136.0,11.0,10.0,1.0,17.0,62.0,98.5,13.9,7.2,0.6,7.1,25,163.0,6.8,8.5,16,2.0,15,6,45.4,18.6,8,-1.13,-3.75,2.62,5.0,3.8,65.0,41.0,63.1,9.0,1.0,11.1,0.0,0.0,0,17.0,0.0,5.0,11.0,0.0,0.0,39.0,16.0,20.0
Bayer Giants Leverkusen,Sören Urbansky,51,Sören Urbansky,24,13.0,313.1,137.0,5.7,50.0,94.0,53.2,10.0,30.0,33.3,27.0,35.0,77.1,23.0,33.0,56.0,4.0,7.0,2.0,22.0,45.0,104.1,18.2,7.7,0.2,3.2,10,147.0,6.1,8.3,2,0.5,6,2,14.5,6.9,4,-3.35,-3.89,0.54,3.9,3.4,50.0,31.0,62,14.0,9.0,64.3,0.0,0.0,0,10.0,2.0,4.0,8.0,0.0,2.0,35.0,13.0,27.0
Artland Dragons,Elijah Ndi,12,Elijah Ndi,24,16.1,387.2,136.0,5.7,49.0,115.0,42.6,27.0,80.0,33.8,11.0,14.0,78.6,12.0,40.0,52.0,15.0,9.0,7.0,22.0,31.0,125.9,16.9,7.2,0.8,2.8,31,167.0,7.0,8.9,5,1.2,7,1,33.6,7.4,4,-1.4,-3.12,1.72,3.5,4.3,25.0,16.0,64,10.0,6.0,60,0.0,0.0,0,7.0,3.0,10.0,8.0,0.0,2.0,20.0,28.0,31.0
Eisbären Bremerhaven,Adrian Breitlauch,7,Adrian Breitlauch,24,19.2,459.7,133.0,5.5,40.0,83.0,48.2,18.0,52.0,34.6,35.0,43.0,81.4,27.0,44.0,71.0,26.0,11.0,1.0,10.0,43.0,81.5,9.5,7.3,1.4,3.9,58,191.0,8.0,10.6,12,2.0,6,1,93.2,6.4,6,1.5,-2.0,3.49,3.4,3.8,30.0,22.0,73.3,1.0,0.0,0,0.0,0.0,0,9.0,0.0,6.0,3.0,0.0,0.0,31.0,27.0,30.0
EPG Baskets Koblenz,Marko Bacak,13,Marko Bacak,24,19.3,463.9,116.0,4.8,45.0,100.0,45,11.0,35.0,31.4,15.0,21.0,71.4,27.0,53.0,80.0,23.0,10.0,6.0,29.0,62.0,106.8,11.5,6.0,1.2,4.1,48,164.0,6.8,8.5,12,2.0,9,0,66.7,10.0,6,-4.17,-6.12,1.96,3.7,4.3,49.0,28.0,57.1,16.0,6.0,37.5,0.0,0.0,0,9.0,2.0,11.0,11.0,0.0,1.0,28.0,25.0,17.0
Paderborn Baskets,Nicolas Ignacio Marty-Decker,10,Nicolas Ignacio Marty-Decker,24,21.5,517.0,114.0,4.8,36.0,99.0,36.4,23.0,77.0,29.9,19.0,22.0,86.4,21.0,21.0,42.0,31.0,22.0,0.0,18.0,69.0,101.5,10.5,6.3,1.7,2.3,70,184.0,7.7,10.1,7,1.4,5,0,70.0,5.0,5,-2.73,-4.96,2.24,2.1,4.1,20.0,13.0,65,2.0,0.0,0,0.0,0.0,0,6.0,2.0,9.0,3.0,0.0,3.0,18.0,19.0,25.0
Bozic Estriche Knights Kirchheim,Nil Failenschmid Clavera,15,Nil Failenschmid Clavera,24,19.7,472.3,111.0,4.6,38.0,75.0,50.7,21.0,47.0,44.7,14.0,18.0,77.8,21.0,42.0,63.0,19.0,9.0,15.0,7.0,49.0,66.2,7.3,6.0,1.0,3.4,36,147.0,6.1,7.9,2,0.7,5,2,17.0,5.9,3,2.13,-3.13,5.26,3.6,4.0,20.0,15.0,75,8.0,2.0,25,0.0,0.0,0,3.0,0.0,2.0,2.0,0.0,2.0,14.0,24.0,27.0
Paderborn Baskets,Karl Bühner,11,Karl Bühner,24,21.0,504.8,109.0,4.5,40.0,103.0,38.8,16.0,53.0,30.2,13.0,21.0,61.9,23.0,62.0,85.0,16.0,13.0,11.0,19.0,69.0,103.9,11.0,6.0,0.9,4.7,35,144.0,6.0,7.9,2,0.3,12,1,8.0,13.4,6,-3.81,-6.03,2.22,4.2,4.7,44.0,22.0,50,6.0,2.0,33.3,0.0,0.0,0,9.0,0.0,5.0,6.0,0.0,4.0,20.0,14.0,23.0
Nürnberg Falcons BC,Christian Feneberg,7,Christian Feneberg,24,15.1,361.3,107.0,4.5,41.0,99.0,41.4,16.0,52.0,30.8,9.0,14.0,64.3,3.0,29.0,32.0,40.0,16.0,1.0,15.0,39.0,112.5,16.4,5.8,2.2,1.7,70,177.0,7.4,9.7,6,1.5,5,0,60.0,5.0,4,-1.62,-4.77,3.15,2.0,3.6,36.0,22.0,61.1,11.0,3.0,27.3,0.0,0.0,0,14.0,2.0,9.0,4.0,0.0,2.0,9.0,27.0,22.0
Bozic Estriche Knights Kirchheim,Aeneas Jung,19,Aeneas Jung,24,16.4,392.5,106.0,4.4,38.0,77.0,49.4,5.0,20.0,25,25.0,41.0,61,22.0,49.0,71.0,18.0,9.0,7.0,20.0,69.0,89.3,11.8,5.7,1.0,3.8,36,142.0,5.9,7.6,4,1.0,5,0,40.0,5.0,4,-2.58,-7.34,4.76,3.8,4.1,49.0,30.0,61.2,8.0,3.0,37.5,0.0,0.0,0,12.0,0.0,7.0,4.0,0.0,4.0,21.0,24.0,23.0
PS Karlsruhe LIONS,Gabriel Kuku,6,Gabriel Kuku,24,17.3,415.5,103.0,4.3,39.0,93.0,41.9,14.0,58.0,24.1,11.0,17.0,64.7,13.0,15.0,28.0,16.0,11.0,2.0,18.0,50.0,101.3,12.8,5.6,0.9,1.5,39,142.0,5.9,7.8,10,2.5,6,4,64.4,7.8,4,-4.72,-6.33,1.61,2.5,4.5,31.0,23.0,74.2,4.0,2.0,50,0.0,0.0,0,8.0,3.0,9.0,4.0,0.0,4.0,14.0,25.0,22.0
Nürnberg Falcons BC,Tim Köpple,5,Tim Köpple,24,17.8,426.3,96.0,4.0,37.0,93.0,39.8,14.0,47.0,29.8,8.0,11.0,72.7,8.0,34.0,42.0,63.0,13.0,0.0,40.0,37.0,124.6,15.4,5.2,3.4,2.3,142,238.0,9.9,13.0,8,2.0,5,0,80.0,6.0,4,-4.35,-6.02,1.67,1.9,3.4,29.0,15.0,51.7,17.0,8.0,47.1,0.0,0.0,0,11.0,3.0,25.0,8.0,0.0,4.0,13.0,11.0,10.0
Uni Baskets Münster,Jesse Chidera Ani,24,Jesse Chidera Ani,24,16.9,404.8,91.0,3.8,36.0,103.0,35,5.0,36.0,13.9,14.0,33.0,42.4,38.0,53.0,91.0,11.0,7.0,4.0,20.0,42.0,95.5,12.9,5.1,0.6,5.1,30,121.0,5.0,6.8,2,0.3,7,1,13.4,9.4,7,-6.79,-7.18,0.39,4.1,5.0,60.0,29.0,48.3,7.0,2.0,28.6,0.0,0.0,0,20.0,0.0,6.0,7.0,0.0,3.0,24.0,12.0,11.0
Tigers Tübingen,Felix Per Edwardsson,8,Felix Per Edwardsson,24,15.4,370.0,86.0,3.6,31.0,73.0,42.5,24.0,60.0,40,0.0,0.0,0,14.0,35.0,49.0,20.0,5.0,4.0,12.0,45.0,68.2,9.7,4.7,1.1,2.7,49,135.0,5.6,7.3,0,0.0,3,0,0.0,3.0,3,-2.84,-5.08,2.24,3.5,4.0,11.0,7.0,63.6,2.0,0.0,0,0.0,0.0,0,2.0,0.0,9.0,1.0,0.0,1.0,10.0,15.0,9.0
BG Göttingen,Nils Owen Schmitz,0,Nils Owen Schmitz,24,15.6,374.9,78.0,3.2,27.0,70.0,38.6,8.0,31.0,25.8,16.0,31.0,51.6,7.0,40.0,47.0,28.0,6.0,0.0,16.0,39.0,88.9,12.4,4.2,1.5,2.5,70,148.0,6.2,8.0,1,0.3,2,4,13.3,4.8,3,-2.39,-5.89,3.5,2.8,4.7,30.0,15.0,50,9.0,4.0,44.4,0.0,0.0,0,13.0,0.0,5.0,10.0,0.0,1.0,2.0,30.0,25.0
BBC Bayreuth,Leroy Ikenna Ikejiaku,22,Leroy Ikenna Ikejiaku,24,10.0,239.6,60.0,2.5,19.0,38.0,50,0.0,3.0,0,22.0,32.0,68.8,13.0,17.0,30.0,4.0,11.0,7.0,11.0,61.0,48.1,10.3,3.1,0.2,1.6,11,71.0,3.0,3.7,6,1.5,5,2,51.0,5.9,4,-4.13,-8.76,4.63,3.6,4.5,34.0,19.0,55.9,1.0,0.0,0,0.0,0.0,0,7.0,0.0,3.0,3.0,0.0,1.0,12.0,9.0,12.0
Uni Baskets Münster,Oliver Pahnke,17,Oliver Pahnke,24,9.0,216.0,56.0,2.3,17.0,44.0,38.6,9.0,25.0,36,13.0,15.0,86.7,4.0,8.0,12.0,13.0,8.0,2.0,8.0,42.0,52.4,13.3,3.1,0.7,0.7,35,91.0,3.8,5.1,0,0,0,0,0,0.0,0,-3.75,-6.7,2.95,2.2,3.6,19.0,8.0,42.1,0.0,0.0,0,0.0,0.0,0,3.0,1.0,2.0,3.0,0.0,1.0,6.0,18.0,15.0
Tigers Tübingen,Silas Kaan Osezua Oriane,7,Silas Kaan Osezua Oriane,24,14.1,338.5,49.0,2.0,17.0,60.0,28.3,6.0,38.0,15.8,9.0,16.0,56.2,10.0,16.0,26.0,14.0,7.0,3.0,8.0,47.0,62.4,9.7,2.7,0.8,1.4,36,85.0,3.5,4.6,1,0.5,1,2,26.6,1.9,2,-7.65,-9.29,1.63,2.9,5.0,20.0,11.0,55,2.0,0.0,0,0.0,0.0,0,6.0,0.0,1.0,2.0,0.0,5.0,10.0,4.0,7.0
HAKRO Merlins Crailsheim,Nico Santana Mojica,7,Nico Santana Mojica,24,8.1,194.6,39.0,1.6,15.0,39.0,38.5,6.0,21.0,28.6,3.0,10.0,30,11.0,22.0,33.0,7.0,3.0,2.0,4.0,32.0,34.9,9.4,2.1,0.4,1.8,18,57.0,2.4,3.1,0,0.0,2,2,0.0,2.9,1,-2.48,-6.86,4.38,3.8,4.9,15.0,8.0,53.3,3.0,1.0,33.3,0.0,0.0,0,2.0,0.0,1.0,1.0,0.0,1.0,0.0,21.0,14.0
Nürnberg Falcons BC,Joscha Eckert,4,Joscha Eckert,24,6.4,153.1,26.0,1.1,8.0,26.0,30.8,6.0,17.0,35.3,4.0,6.0,66.7,2.0,9.0,11.0,8.0,9.0,1.0,10.0,26.0,35.2,12.1,1.4,0.4,0.6,14,40.0,1.7,2.2,0,0,0,0,0,0.0,0,-5.21,-8.96,3.74,2.4,4.8,8.0,2.0,25,1.0,0.0,0,0.0,0.0,0,1.0,1.0,5.0,4.0,0.0,1.0,2.0,4.0,2.0
Bozic Estriche Knights Kirchheim,Phillip Montreal Russelll,1,Phillip Montreal Russelll,23,28.3,651.8,373.0,16.2,112.0,255.0,43.9,64.0,157.0,40.8,85.0,108.0,78.7,12.0,35.0,47.0,88.0,25.0,1.0,46.0,63.0,323.1,25.8,20.0,4.7,2.5,178,551.0,24.0,29.6,41,4.6,28,15,59.2,36.6,9,4.93,1.17,3.76,1.5,1.1,55.0,32.0,58.2,43.0,16.0,37.2,0.0,0.0,0,24.0,25.0,24.0,14.0,0.0,3.0,48.0,96.0,84.0
Eisbären Bremerhaven,Elijah Jahi Miller,0,Elijah Jahi Miller,23,28.3,651.2,361.0,15.7,112.0,254.0,44.1,46.0,110.0,41.8,91.0,103.0,88.3,10.0,59.0,69.0,146.0,24.0,0.0,73.0,38.0,347.8,28.5,19.9,8.1,3.8,257,618.0,26.9,34.1,46,5.1,34,6,62.8,42.6,9,3.85,1.5,2.35,1.4,1.0,103.0,48.0,46.6,41.0,18.0,43.9,0.0,0.0,0,46.0,19.0,43.0,25.0,0.0,1.0,44.0,65.0,65.0
VfL SparkassenStars Bochum,Myreon Lamar Jones JR,0,Myreon Lamar Jones JR,23,29.3,674.6,356.0,15.5,121.0,307.0,39.4,64.0,181.0,35.4,50.0,58.0,86.2,19.0,66.0,85.0,70.0,34.0,3.0,41.0,50.0,340.3,26.5,19.3,3.8,4.6,153,509.0,22.1,27.6,32,3.6,35,10,40.6,42.4,9,1.44,-0.89,2.33,2.5,2.7,77.0,39.0,50.6,50.0,19.0,38,0.0,0.0,0,26.0,24.0,19.0,13.0,0.0,9.0,42.0,64.0,80.0
HAKRO Merlins Crailsheim,Anthony Malik Gaines,9,Anthony Malik Gaines,23,28.7,661.1,344.0,15.0,133.0,273.0,48.7,25.0,85.0,29.4,53.0,84.0,63.1,56.0,100.0,156.0,85.0,37.0,8.0,47.0,51.0,288.9,23.0,18.8,4.7,8.5,215,559.0,24.3,30.6,40,5.7,28,10,61.7,35.4,7,7.37,0.64,6.73,3.3,2.1,163.0,100.0,61.3,25.0,8.0,32,0.0,0.0,0,71.0,3.0,18.0,13.0,0.0,9.0,71.0,106.0,67.0
Bozic Estriche Knights Kirchheim,Tylan James Pope,9,Tylan James Pope,23,25.2,578.9,331.0,14.4,132.0,257.0,51.4,25.0,67.0,37.3,42.0,56.0,75,43.0,83.0,126.0,26.0,27.0,15.0,38.0,58.0,265.6,23.9,17.8,1.4,6.8,51,382.0,16.6,20.5,17,2.4,18,8,39.5,21.5,7,3.94,-1.16,5.1,3.9,2.7,145.0,91.0,62.8,45.0,16.0,35.6,0.0,0.0,0,45.0,0.0,12.0,16.0,0.0,3.0,61.0,54.0,44.0
Phoenix Hagen,Marcus Henri Graves,0,Marcus Henri Graves,23,24.4,561.8,327.0,14.2,107.0,238.0,45,58.0,138.0,42,55.0,68.0,80.9,11.0,65.0,76.0,121.0,22.0,1.0,45.0,51.0,289.8,25.9,16.9,6.3,3.9,269,596.0,25.9,30.9,27,5.4,14,8,77.1,19.5,5,7.33,2.34,4.99,2.0,1.6,82.0,43.0,52.4,18.0,6.0,33.3,0.0,0.0,0,30.0,27.0,31.0,7.0,0.0,5.0,43.0,80.0,25.0
VfL SparkassenStars Bochum,Niklas Geske,4,Niklas Geske,23,27.3,627.9,308.0,13.4,94.0,211.0,44.5,39.0,112.0,34.8,81.0,106.0,76.4,9.0,60.0,69.0,130.0,36.0,3.0,42.0,40.0,279.0,23.4,16.7,7.0,3.7,247,555.0,24.1,30.1,38,4.2,21,19,64.7,33.4,9,4.99,1.45,3.54,1.5,1.0,82.0,50.0,61,17.0,5.0,29.4,0.0,0.0,0,31.0,27.0,31.0,6.0,0.0,4.0,42.0,94.0,81.0
Nürnberg Falcons BC,Evan Derek Taylor,10,Evan Derek Taylor,23,24.8,570.5,298.0,13.0,105.0,232.0,45.3,29.0,73.0,39.7,59.0,72.0,81.9,18.0,79.0,97.0,55.0,20.0,4.0,40.0,56.0,274.3,25.3,16.2,3.0,5.3,110,408.0,17.7,22.2,28,4.7,17,10,65.4,22.4,6,0.5,-2.36,2.85,3.1,2.7,84.0,37.0,44,75.0,39.0,52,0.0,0.0,0,16.0,10.0,21.0,10.0,0.0,5.0,40.0,75.0,55.0
HAKRO Merlins Crailsheim,Brock Boone Gardner,4,Brock Boone Gardner,23,25.6,589.9,288.0,12.5,97.0,219.0,44.3,53.0,147.0,36.1,41.0,50.0,82,47.0,74.0,121.0,40.0,24.0,11.0,28.0,56.0,213.1,19.0,15.8,2.2,6.6,92,380.0,16.5,20.8,9,1.8,6,6,52.1,9.6,5,6.61,1.03,5.58,3.9,2.8,57.0,39.0,68.4,15.0,5.0,33.3,0.0,0.0,0,22.0,4.0,10.0,9.0,0.0,6.0,55.0,63.0,48.0
HAKRO Merlins Crailsheim,Marvin Ogunsipe,26,Marvin Ogunsipe,23,26.2,601.6,281.0,12.2,85.0,174.0,48.9,7.0,28.0,25,104.0,143.0,72.7,77.0,105.0,182.0,41.0,21.0,7.0,47.0,55.0,198.6,17.3,15.4,2.2,10.0,95,376.0,16.3,20.6,18,2.0,15,11,45.4,24.8,9,3.54,-1.38,4.91,4.6,3.0,124.0,71.0,57.3,22.0,7.0,31.8,0.0,0.0,0,35.0,1.0,16.0,23.0,0.0,4.0,78.0,57.0,46.0
BBC Bayreuth,Tehree Johnathan Horn,2,Tehree Johnathan Horn,23,24.5,563.1,260.0,11.3,91.0,212.0,42.9,27.0,74.0,36.5,51.0,61.0,83.6,14.0,64.0,78.0,62.0,15.0,2.0,36.0,46.0,250.4,22.9,13.6,3.2,4.1,133,393.0,17.1,20.5,32,3.2,28,8,50.8,34.5,10,0.2,-2.37,2.57,2.5,2.5,65.0,38.0,58.5,73.0,26.0,35.6,0.0,0.0,0,28.0,8.0,18.0,10.0,0.0,5.0,33.0,47.0,55.0
Eisbären Bremerhaven,Carlos Deshawn Carter,6,Carlos Deshawn Carter,23,23.2,532.6,251.0,10.9,94.0,193.0,48.7,37.0,90.0,41.1,26.0,36.0,72.2,16.0,62.0,78.0,40.0,44.0,8.0,26.0,33.0,210.1,21.0,13.9,2.2,4.3,87,338.0,14.7,18.7,16,2.0,11,6,58.7,14.6,8,6.29,0.05,6.25,2.8,3.1,78.0,48.0,61.5,25.0,9.0,36,0.0,0.0,0,35.0,5.0,11.0,11.0,0.0,2.0,29.0,44.0,63.0
Eisbären Bremerhaven,Jannis von Seckendorff,90,Jannis von Seckendorff,23,22.3,512.6,247.0,10.7,95.0,162.0,58.6,11.0,27.0,40.7,46.0,70.0,65.7,28.0,74.0,102.0,22.0,25.0,13.0,42.0,44.0,198.5,20.7,13.6,1.2,5.6,46,293.0,12.7,16.2,19,2.4,10,5,77.9,12.2,8,1.81,-2.73,4.53,4.4,3.2,127.0,82.0,64.6,8.0,2.0,25,0.0,0.0,0,26.0,0.0,20.0,11.0,0.0,3.0,34.0,61.0,57.0
EPG Baskets Koblenz,Aleksa Kovacevic,4,Aleksa Kovacevic,23,19.3,443.6,230.0,10.0,77.0,202.0,38.1,12.0,57.0,21.1,64.0,92.0,69.6,19.0,42.0,61.0,66.0,26.0,2.0,43.0,53.0,255.8,28.9,11.9,3.4,3.2,148,378.0,16.4,19.5,3,0.6,6,3,20.5,9.3,5,-2.29,-4.2,1.91,1.9,2.7,90.0,47.0,52.2,55.0,18.0,32.7,0.0,0.0,0,37.0,8.0,21.0,16.0,0.0,4.0,26.0,72.0,44.0
Uni Baskets Münster,Paul Viefhues,3,Paul Viefhues,23,23.2,532.5,204.0,8.9,74.0,158.0,46.8,37.0,95.0,38.9,19.0,38.0,50,24.0,25.0,49.0,22.0,20.0,8.0,37.0,39.0,180.2,18.5,11.4,1.2,2.7,52,256.0,11.1,14.3,17,2.4,13,3,59.4,15.3,7,-0.32,-2.19,1.87,2.5,3.2,63.0,37.0,58.7,0.0,0.0,0,0.0,0.0,0,25.0,2.0,24.0,12.0,0.0,1.0,49.0,33.0,40.0
Phoenix Hagen,Dennis Nawrocki,2,Dennis Nawrocki,23,20.7,476.0,203.0,8.8,62.0,150.0,41.3,43.0,114.0,37.7,36.0,41.0,87.8,13.0,42.0,55.0,32.0,12.0,1.0,32.0,38.0,179.6,18.9,10.5,1.7,2.8,76,279.0,12.1,14.4,9,3.0,4,4,78.1,6.8,3,1.36,-2.16,3.52,2.8,3.8,30.0,18.0,60,6.0,1.0,16.7,0.0,0.0,0,3.0,1.0,12.0,16.0,0.0,3.0,22.0,49.0,43.0
HAKRO Merlins Crailsheim,Antonio Dewane Madlock JR,22,Antonio Dewane Madlock JR,23,17.4,399.2,199.0,8.7,64.0,149.0,43,13.0,41.0,31.7,58.0,86.0,67.4,25.0,46.0,71.0,19.0,26.0,3.0,18.0,53.0,172.6,22.7,10.9,1.0,3.9,51,250.0,10.9,13.7,4,0.7,6,2,29.1,7.9,6,2.72,-3.25,5.97,3.2,3.6,80.0,42.0,52.5,28.0,9.0,32.1,0.0,0.0,0,29.0,2.0,5.0,7.0,0.0,3.0,33.0,49.0,47.0
VfL SparkassenStars Bochum,Jonas Grof,9,Jonas Grof,23,24.5,562.4,191.0,8.3,71.0,129.0,55,7.0,19.0,36.8,42.0,47.0,89.4,33.0,43.0,76.0,23.0,6.0,6.0,20.0,57.0,131.2,12.3,10.3,1.2,4.1,50,241.0,10.5,13.1,29,2.9,15,12,71.5,21.3,10,-2.32,-3.87,1.55,3.8,3.7,88.0,54.0,61.4,22.0,10.0,45.5,0.0,0.0,0,22.0,0.0,9.0,5.0,0.0,5.0,27.0,53.0,18.0
RheinStars Köln,Adam John Paige,13,Adam John Paige,23,21.6,496.9,191.0,8.3,71.0,152.0,46.7,22.0,68.0,32.4,27.0,34.0,79.4,21.0,55.0,76.0,14.0,8.0,11.0,16.0,46.0,155.5,16.6,10.5,0.8,4.2,32,223.0,9.7,12.3,14,2.0,8,4,71.7,10.8,7,-0.76,-2.36,1.6,4.1,3.8,45.0,27.0,60,39.0,22.0,56.4,0.0,0.0,0,12.0,2.0,4.0,8.0,0.0,4.0,32.0,26.0,33.0
Eisbären Bremerhaven,Jordan Samare,4,Jordan Samare,23,17.4,399.3,181.0,7.9,64.0,116.0,55.2,3.0,10.0,30,50.0,72.0,69.4,38.0,43.0,81.0,23.0,9.0,4.0,25.0,53.0,129.3,17.3,10.0,1.3,4.5,47,228.0,9.9,12.6,10,1.7,7,4,57.1,8.8,6,-0.56,-3.37,2.81,4.2,3.3,100.0,58.0,58,6.0,3.0,50,0.0,0.0,0,10.0,0.0,5.0,11.0,0.0,2.0,37.0,22.0,37.0
Bayer Giants Leverkusen,Sebastian Brach,10,Sebastian Brach,23,24.5,564.5,178.0,7.7,62.0,165.0,37.6,27.0,83.0,32.5,27.0,35.0,77.1,16.0,35.0,51.0,47.0,20.0,0.0,45.0,46.0,201.0,19.5,10.1,2.7,2.9,105,283.0,12.3,16.0,22,2.2,17,7,54.8,24.1,10,-4.68,-4.83,0.15,1.9,3.3,57.0,28.0,49.1,25.0,7.0,28,0.0,0.0,0,20.0,7.0,23.0,17.0,0.0,5.0,7.0,23.0,34.0
RheinStars Köln,Justin Onyejiaka,22,Justin Onyejiaka,23,18.8,431.5,176.0,7.7,67.0,161.0,41.6,9.0,42.0,21.4,33.0,48.0,68.8,18.0,58.0,76.0,20.0,8.0,3.0,22.0,49.0,178.7,21.9,9.7,1.1,4.2,43,219.0,9.5,12.1,6,2.0,6,1,46.6,7.4,3,-4.66,-5.46,0.79,3.7,4.0,93.0,53.0,57,26.0,5.0,19.2,0.0,0.0,0,37.0,0.0,8.0,6.0,0.0,3.0,34.0,44.0,36.0
Bozic Estriche Knights Kirchheim,Nicholas Gerard Spinoso,13,Nicholas Gerard Spinoso,23,18.6,426.8,175.0,7.6,78.0,151.0,51.7,1.0,12.0,8.3,18.0,43.0,41.9,28.0,79.0,107.0,32.0,9.0,9.0,48.0,54.0,182.3,22.2,9.4,1.7,5.7,72,247.0,10.7,13.3,6,3.0,6,0,50.0,7.0,2,-3.41,-7.62,4.21,4.2,3.5,126.0,70.0,55.6,13.0,7.0,53.8,0.0,0.0,0,33.0,0.0,6.0,23.0,0.0,12.0,39.0,7.0,29.0
BG Göttingen,Adam Ramstedt,1,Adam Ramstedt,23,16.5,379.4,171.0,7.4,74.0,103.0,71.8,6.0,18.0,33.3,17.0,33.0,51.5,35.0,71.0,106.0,29.0,5.0,12.0,25.0,50.0,103.2,14.2,9.2,1.6,5.7,63,234.0,10.2,12.6,9,1.3,9,2,45.5,10.9,7,5.06,-0.33,5.39,5.0,2.6,78.0,66.0,84.6,7.0,2.0,28.6,0.0,0.0,0,16.0,1.0,7.0,9.0,0.0,3.0,39.0,21.0,38.0
HAKRO Merlins Crailsheim,Jose Gabriel de Oliveira Neto,1,Jose Gabriel de Oliveira Neto,23,17.9,411.3,156.0,6.8,47.0,92.0,51.1,3.0,26.0,11.5,59.0,81.0,72.8,25.0,51.0,76.0,20.0,12.0,9.0,35.0,77.0,132.1,16.9,8.5,1.1,4.2,39,195.0,8.5,10.7,11,1.8,3,8,84.4,6.5,6,-1.21,-6.86,5.65,4.2,3.5,63.0,43.0,68.3,3.0,1.0,33.3,0.0,0.0,0,17.0,1.0,7.0,15.0,0.0,3.0,34.0,38.0,40.0
EPG Baskets Koblenz,Alexander Möller,22,Alexander Möller,23,15.8,362.6,155.0,6.7,63.0,110.0,57.3,0.0,0.0,0,29.0,44.0,65.9,39.0,44.0,83.0,7.0,4.0,3.0,23.0,71.0,108.8,15.0,8.0,0.4,4.3,17,172.0,7.5,8.9,0,0.0,3,0,0.0,3.0,2,-5.13,-5.76,0.63,4.5,3.8,89.0,55.0,61.8,21.0,8.0,38.1,0.0,0.0,0,19.0,0.0,6.0,9.0,0.0,1.0,45.0,9.0,16.0
PS Karlsruhe LIONS,Wesley Chima Oba,7,Wesley Chima Oba,23,19.9,457.6,139.0,6.0,53.0,89.0,59.6,3.0,8.0,37.5,30.0,45.0,66.7,49.0,62.0,111.0,20.0,13.0,22.0,26.0,58.0,82.4,9.5,7.6,1.1,6.1,48,187.0,8.1,10.2,4,1.3,2,2,69.4,3.9,3,-0.08,-3.65,3.57,4.9,3.6,76.0,48.0,63.2,5.0,2.0,40,0.0,0.0,0,16.0,0.0,2.0,19.0,0.0,3.0,29.0,19.0,22.0
VfL SparkassenStars Bochum,Lars Kamp,7,Lars Kamp,23,22.9,526.0,131.0,5.7,42.0,132.0,31.8,32.0,112.0,28.6,15.0,21.0,71.4,8.0,33.0,41.0,29.0,31.0,3.0,16.0,60.0,143.3,14.3,7.1,1.6,2.2,66,197.0,8.6,10.7,2,0.2,15,4,6.0,16.8,8,-2.61,-5.86,3.25,2.4,4.6,14.0,8.0,57.1,6.0,2.0,33.3,0.0,0.0,0,5.0,8.0,11.0,2.0,0.0,1.0,19.0,34.0,24.0
EPG Baskets Koblenz,Badu Buck,2,Badu Buck,23,19.1,439.7,129.0,5.6,43.0,134.0,32.1,26.0,83.0,31.3,17.0,19.0,89.5,6.0,24.0,30.0,38.0,11.0,0.0,21.0,36.0,151.1,17.2,6.7,2.0,1.5,86,215.0,9.3,11.1,9,1.8,9,0,50.0,9.0,5,-4.61,-5.11,0.51,2.0,4.1,32.0,11.0,34.4,19.0,6.0,31.6,0.0,0.0,0,9.0,4.0,14.0,7.0,0.0,0.0,12.0,21.0,13.0
GIESSEN 46ers,Daniel Alexander Norl,1,Daniel Alexander Norl,23,18.8,433.3,124.0,5.4,45.0,120.0,37.5,21.0,71.0,29.6,13.0,15.0,86.7,4.0,36.0,40.0,31.0,17.0,3.0,17.0,38.0,134.0,16.1,6.5,1.6,2.1,56,180.0,7.8,9.4,2,0.3,10,0,10.0,11.0,6,-0.42,-4.81,4.39,2.4,3.9,24.0,15.0,62.5,25.0,9.0,36,0.0,0.0,0,11.0,9.0,9.0,6.0,0.0,2.0,12.0,36.0,34.0
Tigers Tübingen,Kaya Kaan Hakan Bayram,5,Kaya Kaan Hakan Bayram,23,20.7,475.2,123.0,5.3,42.0,149.0,28.2,27.0,97.0,27.8,12.0,23.0,52.2,13.0,30.0,43.0,83.0,12.0,1.0,47.0,50.0,185.4,20.5,6.7,4.5,2.3,186,309.0,13.4,16.8,3,0.8,6,0,25.0,7.0,4,-7.27,-7.27,0.0,1.8,3.3,45.0,14.0,31.1,7.0,1.0,14.3,0.0,0.0,0,13.0,7.0,28.0,12.0,0.0,5.0,14.0,14.0,17.0
Phoenix Hagen,Fabian Bleck,10,Fabian Bleck,23,20.8,478.9,116.0,5.0,50.0,108.0,46.3,3.0,18.0,16.7,13.0,21.0,61.9,42.0,60.0,102.0,37.0,22.0,4.0,28.0,47.0,99.1,10.4,6.0,1.9,5.3,83,199.0,8.7,10.3,4,1.3,5,0,40.0,7.0,3,1.01,-4.34,5.35,3.7,4.7,79.0,45.0,57,11.0,2.0,18.2,0.0,0.0,0,7.0,0.0,11.0,14.0,0.0,2.0,16.0,13.0,18.0
Bozic Estriche Knights Kirchheim,Gian Bahattin Aydinoglu,4,Gian Bahattin Aydinoglu,23,18.2,418.2,94.0,4.1,31.0,98.0,31.6,5.0,53.0,9.4,27.0,57.0,47.4,12.0,35.0,47.0,44.0,12.0,2.0,35.0,51.0,140.2,17.5,5.0,2.4,2.5,95,189.0,8.2,10.1,4,1.0,4,4,34.7,6.8,4,-6.41,-9.54,3.12,2.3,4.3,40.0,24.0,60,5.0,2.0,40,0.0,0.0,0,17.0,1.0,15.0,13.0,0.0,4.0,3.0,26.0,19.0
Phoenix Hagen,Dominick Jordan von Waaden,13,Dominick Jordan von Waaden,23,12.5,287.0,74.0,3.2,26.0,58.0,44.8,17.0,46.0,37,5.0,8.0,62.5,6.0,20.0,26.0,14.0,10.0,1.0,10.0,35.0,62.9,11.0,3.8,0.7,1.3,33,107.0,4.7,5.5,13,3.2,8,2,73.2,8.9,4,0.85,-4.06,4.92,2.7,4.5,8.0,7.0,87.5,4.0,2.0,50,0.0,0.0,0,2.0,3.0,4.0,2.0,0.0,2.0,16.0,13.0,20.0
VfL SparkassenStars Bochum,Matthew Douglas Strange,12,Matthew Douglas Strange,23,9.3,214.7,67.0,2.9,22.0,62.0,35.5,19.0,56.0,33.9,4.0,4.0,100,5.0,9.0,14.0,7.0,3.0,0.0,9.0,32.0,65.0,15.9,3.6,0.4,0.8,18,85.0,3.7,4.6,0,0.0,5,0,0.0,6.0,5,-5.94,-6.19,0.25,2.8,4.4,4.0,2.0,50,2.0,1.0,50,0.0,0.0,0,2.0,2.0,3.0,3.0,0.0,2.0,8.0,14.0,14.0
EPG Baskets Koblenz,David Lars Gaspers,17,David Lars Gaspers,23,0.7,16.1,0.0,0.0,0.0,1.0,0,0.0,1.0,0,0.0,0.0,0,0.0,2.0,2.0,0.0,0.0,0.0,1.0,2.0,1.9,6.0,0.0,0.0,0.1,0,0.0,0.0,0.0,0,0,0,0,0,0.0,0,-12.65,-12.55,-0.09,3.1,4.5,0.0,0.0,0,0.0,0.0,0,0.0,0.0,0,0.0,0.0,0.0,1.0,0.0,0.0,0.0,0.0,0.0
VfL SparkassenStars Bochum,Antonio Deshon Williams,1,Antonio Deshon Williams,22,27.9,614.1,374.0,17.0,144.0,277.0,52,13.0,48.0,27.1,73.0,100.0,73,18.0,55.0,73.0,81.0,39.0,5.0,42.0,61.0,331.2,28.3,20.3,4.4,4.0,179,553.0,25.1,30.0,21,3.5,18,4,53.1,23.8,6,3.63,-0.47,4.1,2.2,1.6,153.0,96.0,62.7,76.0,35.0,46.1,0.0,0.0,0,72.0,1.0,12.0,21.0,0.0,3.0,47.0,63.0,69.0
EPG Baskets Koblenz,Timothy Smith,5,Timothy Smith,22,24.1,529.7,312.0,14.2,114.0,209.0,54.5,42.0,87.0,48.3,42.0,47.0,89.4,46.0,44.0,90.0,19.0,7.0,10.0,33.0,76.0,208.0,19.7,16.1,1.0,4.6,44,356.0,16.2,18.4,31,3.9,16,5,85.2,19.2,8,1.76,0.4,1.36,4.0,2.3,64.0,44.0,68.8,58.0,28.0,48.3,0.0,0.0,0,22.0,6.0,7.0,23.0,0.0,2.0,61.0,51.0,36.0
Eisbären Bremerhaven,Jemarl Lemuel Baker Jr.,8,Jemarl Lemuel Baker Jr.,22,24.6,540.9,310.0,14.1,109.0,245.0,44.5,46.0,134.0,34.3,46.0,56.0,82.1,15.0,55.0,70.0,53.0,18.0,3.0,39.0,40.0,281.9,27.8,17.1,2.9,3.9,0,310.0,14.1,17.1,0,0,0,0,0,0.0,0,2.19,-0.59,2.78,2.8,2.7,0.0,0.0,0,0.0,0.0,0,0.0,0.0,0,0.0,0.0,0.0,0.0,0.0,0.0,0.0,0.0,0.0
PS Karlsruhe LIONS,Maurice Marko Pluskota,23,Maurice Marko Pluskota,22,27.8,611.4,300.0,13.6,93.0,220.0,42.3,21.0,62.0,33.9,93.0,131.0,71,64.0,102.0,166.0,46.0,13.0,19.0,45.0,62.0,248.3,21.4,16.4,2.5,9.1,110,410.0,18.6,22.5,24,2.4,12,16,63.0,21.0,10,0.46,-1.88,2.34,4.7,2.9,142.0,68.0,47.9,16.0,4.0,25,0.0,0.0,0,33.0,2.0,10.0,18.0,0.0,3.0,61.0,30.0,35.0
Tigers Tübingen,Melkisedek Kwaku Moreaux,23,Melkisedek Kwaku Moreaux,22,24.8,545.9,263.0,12.0,92.0,166.0,55.4,4.0,8.0,50,75.0,109.0,68.8,41.0,87.0,128.0,27.0,20.0,4.0,30.0,54.0,194.8,18.8,14.3,1.5,7.0,71,334.0,15.2,18.2,12,6.0,7,6,62.2,9.6,2,0.25,-2.66,2.91,4.1,2.7,129.0,77.0,59.7,29.0,11.0,37.9,0.0,0.0,0,35.0,0.0,11.0,10.0,0.0,6.0,28.0,48.0,43.0
PS Karlsruhe LIONS,Tyrese Williams,5,Tyrese Williams,22,25.5,561.5,254.0,11.5,88.0,240.0,36.7,48.0,151.0,31.8,30.0,38.0,78.9,7.0,57.0,64.0,57.0,22.0,3.0,36.0,67.0,274.3,25.7,13.9,3.1,3.5,117,371.0,16.9,20.3,36,4.5,20,12,71.2,28.3,8,-1.85,-3.81,1.96,2.2,3.0,61.0,33.0,54.1,28.0,7.0,25,0.0,0.0,0,28.0,7.0,23.0,8.0,0.0,3.0,31.0,39.0,42.0
BBC Bayreuth,Lenny Liedtke,55,Lenny Liedtke,22,27.9,614.6,246.0,11.2,89.0,174.0,51.1,31.0,78.0,39.7,37.0,46.0,80.4,36.0,62.0,98.0,28.0,14.0,7.0,42.0,59.0,192.2,16.1,12.9,1.5,5.1,69,315.0,14.3,16.5,26,3.7,20,2,62.3,22.9,7,-0.16,-2.72,2.55,3.5,3.2,79.0,52.0,65.8,17.0,6.0,35.3,0.0,0.0,0,22.0,5.0,19.0,12.0,0.0,2.0,47.0,28.0,18.0
Paderborn Baskets,Jalen Lee Johnson,13,Jalen Lee Johnson,22,22.4,492.8,237.0,10.8,94.0,186.0,50.5,3.0,20.0,15,46.0,59.0,78,45.0,89.0,134.0,24.0,20.0,14.0,28.0,55.0,187.2,20.3,13.0,1.3,7.4,47,284.0,12.9,15.6,30,2.7,20,9,62.6,26.0,11,0.51,-2.01,2.52,5.0,3.1,125.0,71.0,56.8,41.0,20.0,48.8,0.0,0.0,0,28.0,0.0,7.0,14.0,0.0,4.0,44.0,23.0,41.0
BG Göttingen,Mathis Mönninghoff,17,Mathis Mönninghoff,22,24.2,533.3,211.0,9.6,64.0,131.0,48.9,49.0,103.0,47.6,34.0,38.0,89.5,7.0,50.0,57.0,33.0,17.0,2.0,12.0,45.0,146.6,14.3,11.4,1.8,3.1,79,290.0,13.2,15.7,19,2.4,15,3,58.2,16.3,8,5.58,0.8,4.78,2.5,3.0,16.0,10.0,62.5,12.0,5.0,41.7,0.0,0.0,0,5.0,4.0,7.0,2.0,0.0,2.0,14.0,12.0,29.0
Tigers Tübingen,Miles Lamar Tention,3,Miles Lamar Tention,22,26.2,576.0,185.0,8.4,62.0,170.0,36.5,37.0,115.0,32.2,24.0,30.0,80,10.0,48.0,58.0,82.0,20.0,1.0,44.0,46.0,208.5,19.0,10.1,4.5,3.2,162,347.0,15.8,18.9,19,2.7,10,8,70.3,14.5,7,-2.82,-4.53,1.71,1.9,2.8,41.0,19.0,46.3,14.0,6.0,42.9,0.0,0.0,0,17.0,7.0,27.0,6.0,0.0,6.0,15.0,41.0,26.0
Artland Dragons,Linus Ruf,20,Linus Ruf,22,20.6,452.2,159.0,7.2,61.0,115.0,53,2.0,6.0,33.3,35.0,50.0,70,36.0,44.0,80.0,16.0,5.0,4.0,32.0,64.0,127.7,14.7,8.4,0.9,4.3,41,200.0,9.1,10.6,23,2.1,15,8,62.1,21.5,11,-4.7,-5.65,0.95,4.0,4.3,89.0,53.0,59.6,20.0,6.0,30,0.0,0.0,0,16.0,0.0,2.0,18.0,0.0,4.0,28.0,22.0,21.0
Bayer Giants Leverkusen,Luca Finn Kahl,3,Luca Finn Kahl,22,22.0,483.0,126.0,5.7,38.0,96.0,39.6,17.0,56.0,30.4,33.0,41.0,80.5,23.0,39.0,62.0,22.0,18.0,1.0,21.0,59.0,107.6,12.2,7.1,1.2,3.5,55,181.0,8.2,10.2,6,0.7,11,6,22.0,13.6,9,-2.83,-4.61,1.79,2.8,3.9,30.0,18.0,60,10.0,3.0,30,0.0,0.0,0,15.0,3.0,3.0,9.0,0.0,5.0,22.0,23.0,19.0
Paderborn Baskets,Matej Silic,5,Matej Silic,22,15.6,343.6,122.0,5.5,40.0,112.0,35.7,11.0,44.0,25,31.0,42.0,73.8,8.0,39.0,47.0,20.0,5.0,0.0,27.0,38.0,143.5,22.3,6.7,1.1,2.6,38,160.0,7.3,8.8,10,2.0,8,2,56.3,11.9,5,-7.47,-7.46,-0.0,3.1,4.1,47.0,21.0,44.7,21.0,8.0,38.1,0.0,0.0,0,13.0,0.0,13.0,13.0,0.0,1.0,16.0,18.0,19.0
Nürnberg Falcons BC,Lars Lagerpusch,44,Lars Lagerpusch,22,10.4,228.3,96.0,4.4,34.0,61.0,55.7,0.0,0.0,0,28.0,39.0,71.8,9.0,26.0,35.0,13.0,3.0,3.0,17.0,39.0,82.7,19.1,5.2,0.7,1.9,33,129.0,5.9,7.0,0,0.0,0,2,0.0,1.9,1,-4.23,-6.64,2.41,3.7,3.3,45.0,30.0,66.7,16.0,4.0,25,0.0,0.0,0,7.0,0.0,6.0,4.0,0.0,2.0,14.0,4.0,10.0
HAKRO Merlins Crailsheim,Gianni Otto,10,Gianni Otto,22,12.2,268.8,75.0,3.4,25.0,63.0,39.7,16.0,40.0,40,9.0,12.0,75,10.0,15.0,25.0,38.0,14.0,1.0,13.0,34.0,68.4,13.4,4.1,2.1,1.4,73,148.0,6.7,8.1,0,0.0,5,0,0.0,5.0,4,3.16,-2.83,5.99,1.9,3.0,17.0,7.0,41.2,6.0,2.0,33.3,0.0,0.0,0,5.0,1.0,8.0,3.0,0.0,1.0,10.0,7.0,18.0
RheinStars Köln,Timothy Nehemiah Davis,11,Timothy Nehemiah Davis,22,7.3,160.6,49.0,2.2,18.0,59.0,30.5,11.0,40.0,27.5,2.0,3.0,66.7,9.0,16.0,25.0,12.0,7.0,0.0,3.0,17.0,52.1,17.2,2.7,0.7,1.4,30,79.0,3.6,4.4,0,0,0,0,0,0.0,0,-2.17,-3.76,1.59,2.7,4.3,7.0,3.0,42.9,12.0,4.0,33.3,0.0,0.0,0,2.0,1.0,0.0,3.0,0.0,0.0,13.0,13.0,13.0
HAKRO Merlins Crailsheim,Nicholas Christian Welp,20,Nicholas Christian Welp,22,3.5,76.6,20.0,0.9,8.0,18.0,44.4,0.0,3.0,0,4.0,5.0,80,12.0,12.0,24.0,6.0,4.0,1.0,3.0,13.0,10.8,7.4,1.1,0.3,1.3,14,34.0,1.5,1.9,0,0,0,0,0,0.0,0,2.35,-3.73,6.08,4.1,4.0,14.0,8.0,57.1,1.0,0.0,0,0.0,0.0,0,2.0,0.0,0.0,3.0,0.0,0.0,4.0,1.0,3.0
Paderborn Baskets,Jonathan Klussmann,71,Jonathan Klussmann,21,26.4,555.2,420.0,20.0,115.0,260.0,44.2,35.0,108.0,32.4,155.0,170.0,91.2,10.0,42.0,52.0,80.0,11.0,0.0,75.0,61.0,383.8,36.9,23.1,4.4,2.9,165,585.0,27.9,32.2,35,3.9,15,23,69.7,33.1,9,2.53,1.85,0.69,1.8,1.0,106.0,57.0,53.8,46.0,23.0,50,0.0,0.0,0,47.0,15.0,35.0,25.0,0.0,4.0,46.0,79.0,65.0
Bayer Giants Leverkusen,Kobe Langley,8,Kobe Langley,21,31.1,653.3,277.0,13.2,94.0,221.0,42.5,61.0,154.0,39.6,28.0,47.0,59.6,9.0,52.0,61.0,91.0,48.0,0.0,53.0,57.0,274.3,23.0,15.6,5.1,3.4,199,476.0,22.7,26.9,26,2.9,30,8,38.8,35.5,9,2.23,-0.28,2.5,1.0,1.2,45.0,28.0,62.2,22.0,5.0,22.7,0.0,0.0,0,25.0,43.0,33.0,15.0,0.0,5.0,40.0,53.0,45.0
Bayer Giants Leverkusen,John Williams Jr,21,John Williams Jr,21,28.7,603.0,271.0,12.9,99.0,240.0,41.2,22.0,87.0,25.3,51.0,76.0,67.1,21.0,65.0,86.0,26.0,13.0,6.0,44.0,35.0,284.6,25.8,15.3,1.5,4.9,63,334.0,15.9,18.9,18,2.2,17,7,44.8,22.1,8,-4.66,-4.38,-0.28,3.2,3.7,103.0,63.0,61.2,50.0,14.0,28,0.0,0.0,0,53.0,12.0,17.0,20.0,0.0,5.0,24.0,37.0,37.0
EPG Baskets Koblenz,Decorian Jeffries,0,Decorian Jeffries,21,22.8,477.9,204.0,9.7,81.0,184.0,44,20.0,74.0,27,22.0,33.0,66.7,31.0,113.0,144.0,35.0,21.0,12.0,35.0,45.0,194.4,20.4,10.5,1.8,7.4,85,289.0,13.8,14.9,8,1.6,5,2,68.0,7.9,5,0.12,-3.02,3.14,4.7,3.6,71.0,43.0,60.6,39.0,18.0,46.2,0.0,0.0,0,24.0,4.0,8.0,16.0,0.0,5.0,30.0,52.0,37.0
Phoenix Hagen,Marvin Omonigho Omuvwie,11,Marvin Omonigho Omuvwie,21,15.0,315.6,121.0,5.8,50.0,87.0,57.5,7.0,20.0,35,14.0,26.0,53.8,33.0,51.0,84.0,19.0,15.0,5.0,16.0,45.0,78.2,12.4,6.3,1.0,4.3,46,167.0,8.0,8.6,1,1.0,0,4,28.4,1.8,1,3.29,-2.27,5.56,4.5,3.9,62.0,42.0,67.7,5.0,1.0,20,0.0,0.0,0,22.0,0.0,2.0,7.0,0.0,3.0,26.0,26.0,20.0
Artland Dragons,Robert Oehle,11,Robert Oehle,21,7.8,163.7,49.0,2.3,14.0,31.0,45.2,0.0,0.0,0,21.0,43.0,48.8,20.0,20.0,40.0,11.0,5.0,1.0,10.0,35.0,38.3,12.2,2.6,0.6,2.1,24,73.0,3.5,3.9,0,0,0,0,0,0.0,0,-4.66,-6.57,1.91,4.0,4.5,28.0,12.0,42.9,3.0,2.0,66.7,0.0,0.0,0,2.0,0.0,1.0,3.0,0.0,1.0,13.0,10.0,8.0
Artland Dragons,Dejan Bruce,13,Dejan Bruce,21,6.8,142.0,46.0,2.2,13.0,29.0,44.8,6.0,16.0,37.5,14.0,18.0,77.8,4.0,16.0,20.0,6.0,2.0,5.0,16.0,37.0,47.0,17.2,2.4,0.3,1.1,13,59.0,2.8,3.1,0,0,0,0,0,0.0,0,-6.62,-9.53,2.92,4.1,4.1,12.0,7.0,58.3,1.0,0.0,0,0.0,0.0,0,3.0,0.0,4.0,4.0,0.0,1.0,10.0,7.0,7.0
Paderborn Baskets,Tom Brüggemann,7,Tom Brüggemann,21,8.2,172.6,37.0,1.8,14.0,45.0,31.1,3.0,15.0,20,6.0,8.0,75,3.0,8.0,11.0,21.0,10.0,2.0,14.0,23.0,57.1,17.7,2.0,1.2,0.6,43,80.0,3.8,4.4,0,0,0,0,0,0.0,0,-5.77,-7.96,2.19,1.8,3.9,11.0,5.0,45.5,19.0,6.0,31.6,0.0,0.0,0,4.0,1.0,7.0,7.0,0.0,0.0,0.0,9.0,6.0
Paderborn Baskets,Leonard Kröger,26,Leonard Kröger,21,8.1,169.6,35.0,1.7,12.0,28.0,42.9,0.0,1.0,0,11.0,16.0,68.8,12.0,19.0,31.0,4.0,3.0,5.0,7.0,34.0,28.8,9.1,1.9,0.2,1.7,10,45.0,2.1,2.5,0,0.0,1,0,0.0,1.0,1,-6.07,-8.08,2.02,4.6,4.7,22.0,11.0,50,5.0,1.0,20,0.0,0.0,0,3.0,0.0,2.0,0.0,0.0,1.0,8.0,8.0,7.0
GIESSEN 46ers,Roland L'Amour Nyama,24,Roland L'Amour Nyama,21,6.6,138.5,28.0,1.3,9.0,24.0,37.5,2.0,9.0,22.2,8.0,12.0,66.7,6.0,6.0,12.0,5.0,4.0,0.0,7.0,14.0,29.1,10.9,1.5,0.3,0.6,11,39.0,1.9,2.0,1,1.0,0,2,56.8,0.9,1,-3.67,-6.89,3.22,2.6,4.6,6.0,3.0,50,9.0,4.0,44.4,0.0,0.0,0,3.0,0.0,5.0,1.0,0.0,1.0,4.0,4.0,11.0
VfL SparkassenStars Bochum,Aurel Bucur,6,Aurel Bucur,21,0.7,15.0,6.0,0.3,1.0,3.0,33.3,1.0,3.0,33.3,3.0,3.0,100,0.0,2.0,2.0,0.0,0.0,0.0,1.0,2.0,5.1,17.9,0.3,0.0,0.1,0,6.0,0.3,0.3,0,0,0,0,0,0.0,0,-5.17,-5.96,0.8,3.2,3.9,0.0,0.0,0,0.0,0.0,0,0.0,0.0,0,0.0,0.0,0.0,1.0,0.0,0.0,0.0,0.0,3.0
BG Göttingen,Zach Jackson,21,Zach Jackson,20,25.9,517.8,278.0,13.9,99.0,183.0,54.1,22.0,52.0,42.3,58.0,73.0,79.5,23.0,54.0,77.0,31.0,11.0,3.0,20.0,34.0,203.6,20.5,15.0,1.7,4.2,75,353.0,17.6,19.1,29,3.6,18,3,75.1,19.3,8,4.65,0.95,3.7,3.1,2.8,78.0,51.0,65.4,53.0,26.0,49.1,0.0,0.0,0,27.0,6.0,9.0,10.0,0.0,1.0,44.0,48.0,33.0
RheinStars Köln,Michael Jordan Miller,23,Michael Jordan Miller,20,26.0,520.7,176.0,8.8,64.0,152.0,42.1,16.0,61.0,26.2,32.0,45.0,71.1,31.0,71.0,102.0,53.0,23.0,7.0,56.0,49.0,188.9,19.2,9.7,2.9,5.6,113,289.0,14.4,15.9,23,3.3,16,3,66.4,20.3,7,-1.98,-4.59,2.62,3.2,3.1,79.0,43.0,54.4,12.0,5.0,41.7,0.0,0.0,0,40.0,10.0,28.0,22.0,0.0,4.0,24.0,28.0,26.0
Bozic Estriche Knights Kirchheim,Nicolas Bretzel,21,Nicolas Bretzel,20,21.1,421.1,169.0,8.4,64.0,137.0,46.7,14.0,45.0,31.1,27.0,37.0,73,36.0,81.0,117.0,23.0,15.0,13.0,18.0,42.0,129.9,16.1,9.1,1.2,6.3,42,211.0,10.6,11.3,23,3.3,16,9,57.6,21.0,7,2.79,-2.32,5.11,4.5,3.5,80.0,48.0,60,12.0,2.0,16.7,0.0,0.0,0,21.0,0.0,6.0,8.0,0.0,1.0,56.0,6.0,32.0
Artland Dragons,Dominik Dolic,8,Dominik Dolic,20,12.4,248.4,114.0,5.7,39.0,102.0,38.2,17.0,56.0,30.4,19.0,33.0,57.6,2.0,22.0,24.0,39.0,12.0,1.0,28.0,29.0,136.8,28.7,6.1,2.1,1.3,86,200.0,10.0,10.6,2,0.5,4,0,25.0,4.0,4,-3.53,-4.77,1.24,1.8,3.3,29.0,16.0,55.2,17.0,6.0,35.3,0.0,0.0,0,15.0,11.0,11.0,13.0,0.0,4.0,11.0,33.0,28.0
RheinStars Köln,Zachary Richard Watson,4,Zachary Richard Watson,20,12.1,241.2,81.0,4.0,31.0,57.0,54.4,13.0,30.0,43.3,6.0,9.0,66.7,17.0,37.0,54.0,5.0,8.0,2.0,12.0,21.0,53.7,11.8,4.5,0.3,3.0,12,93.0,4.7,5.1,9,3.0,4,0,112.5,5.0,3,0.74,-1.45,2.19,4.1,3.7,21.0,16.0,76.2,6.0,2.0,33.3,0.0,0.0,0,9.0,1.0,7.0,5.0,0.0,0.0,14.0,18.0,21.0
VfL SparkassenStars Bochum,Kilian Dietz,8,Kilian Dietz,20,14.0,279.3,64.0,3.2,27.0,44.0,61.4,0.0,0.0,0,10.0,14.0,71.4,16.0,52.0,68.0,23.0,23.0,7.0,7.0,64.0,39.5,7.4,3.5,1.2,3.7,51,115.0,5.8,6.2,0,0.0,1,0,0.0,1.0,1,1.91,-5.33,7.24,4.4,3.6,39.0,25.0,64.1,5.0,2.0,40,0.0,0.0,0,10.0,0.0,2.0,2.0,0.0,0.0,16.0,8.0,20.0
GIESSEN 46ers,Kai Müsse,15,Kai Müsse,20,0.7,13.7,4.0,0.2,2.0,4.0,50,0.0,0.0,0,0.0,0.0,0,0.0,1.0,1.0,0.0,0.0,0.0,1.0,1.0,4.8,18.2,0.2,0.0,0.1,0,4.0,0.2,0.2,0,0,0,0,0,0.0,0,-8.21,-9.28,1.07,3.0,4.2,4.0,2.0,50,0.0,0.0,0,0.0,0.0,0,0.0,0.0,0.0,1.0,0.0,0.0,0.0,0.0,2.0
Paderborn Baskets,Efosa K Irobun Osawe,0,Efosa K Irobun Osawe,19,28.7,545.2,331.0,17.4,117.0,224.0,52.2,7.0,21.0,33.3,90.0,105.0,85.7,49.0,101.0,150.0,29.0,20.0,1.0,28.0,27.0,239.2,23.4,18.2,1.6,8.3,69,400.0,21.1,22.0,32,4.0,21,9,64.1,25.0,8,4.41,2.25,2.16,4.1,2.1,150.0,92.0,61.3,53.0,18.0,34,0.0,0.0,0,59.0,4.0,5.0,19.0,0.0,2.0,60.0,64.0,66.0
Phoenix Hagen,Marinus Lucas N'Guessan,19,Marinus Lucas N'Guessan,19,17.0,323.6,216.0,11.4,74.0,107.0,69.2,1.0,4.0,25,67.0,109.0,61.5,28.0,64.0,92.0,15.0,6.0,15.0,27.0,50.0,147.8,22.9,11.2,0.8,4.8,36,252.0,13.3,13.0,3,1.0,2,4,39.9,3.8,3,4.42,-1.23,5.65,5.0,2.5,101.0,73.0,72.3,2.0,0.0,0,0.0,0.0,0,17.0,0.0,3.0,13.0,0.0,4.0,44.0,53.0,24.0
Paderborn Baskets,Branden Michael Maughmer,2,Branden Michael Maughmer,19,26.8,509.1,210.0,11.1,82.0,199.0,41.2,16.0,60.0,26.7,30.0,41.0,73.2,11.0,56.0,67.0,96.0,19.0,0.0,40.0,30.0,236.2,24.8,11.6,5.3,3.7,194,404.0,21.3,22.2,23,3.3,23,9,42.7,32.0,7,-1.01,-2.06,1.05,1.5,1.8,65.0,35.0,53.8,74.0,31.0,41.9,0.0,0.0,0,25.0,8.0,25.0,12.0,0.0,2.0,15.0,42.0,44.0
Nürnberg Falcons BC,Julius Wolf,16,Julius Wolf,19,20.9,396.2,173.0,9.1,62.0,128.0,48.4,28.0,74.0,37.8,21.0,24.0,87.5,25.0,58.0,83.0,57.0,22.0,1.0,26.0,35.0,134.0,17.8,9.4,3.1,4.5,117,290.0,15.3,15.8,22,3.7,14,2,73.9,18.9,6,5.45,0.79,4.65,2.8,2.0,42.0,33.0,78.6,12.0,1.0,8.3,0.0,0.0,0,20.0,6.0,14.0,8.0,0.0,2.0,36.0,29.0,28.0
PS Karlsruhe LIONS,David Allan Cohn,34,David Allan Cohn,19,20.9,397.8,150.0,7.9,48.0,106.0,45.3,37.0,79.0,46.8,17.0,23.0,73.9,2.0,22.0,24.0,77.0,12.0,0.0,32.0,42.0,140.3,18.6,8.2,4.2,1.3,173,323.0,17.0,17.7,9,1.8,5,3,71.2,6.3,5,0.41,-0.6,1.01,1.1,1.1,8.0,2.0,25,19.0,9.0,47.4,0.0,0.0,0,2.0,17.0,16.0,11.0,0.0,3.0,20.0,30.0,21.0
Uni Baskets Münster,Cosmo Grühn,22,Cosmo Grühn,19,19.1,363.1,133.0,7.0,46.0,107.0,43,27.0,74.0,36.5,14.0,15.0,93.3,11.0,47.0,58.0,9.0,10.0,2.0,6.0,25.0,104.3,15.7,7.5,0.5,3.3,25,158.0,8.3,8.9,13,2.2,14,2,43.7,15.9,6,1.06,-1.27,2.33,3.2,3.5,21.0,15.0,71.4,12.0,4.0,33.3,0.0,0.0,0,7.0,2.0,4.0,1.0,0.0,0.0,18.0,14.0,19.0
Artland Dragons,Fynn Lastring,16,Fynn Lastring,19,16.4,312.5,123.0,6.5,50.0,97.0,51.5,18.0,38.0,47.4,5.0,5.0,100,20.0,35.0,55.0,15.0,2.0,6.0,5.0,33.0,80.8,13.5,6.5,0.8,2.9,35,158.0,8.3,8.4,10,3.3,5,0,100.0,5.0,3,1.41,-0.35,1.76,4.1,3.8,41.0,23.0,56.1,18.0,9.0,50,0.0,0.0,0,7.0,2.0,1.0,2.0,0.0,0.0,24.0,18.0,31.0
RheinStars Köln,Maximilian Begue,9,Maximilian Begue,19,15.2,289.6,78.0,4.1,28.0,71.0,39.4,8.0,26.0,30.8,14.0,19.0,73.7,11.0,33.0,44.0,25.0,13.0,0.0,20.0,23.0,84.8,15.5,4.3,1.4,2.4,53,131.0,6.9,7.2,2,1.0,4,0,25.0,5.0,2,-2.44,-4.81,2.37,2.5,3.7,31.0,15.0,48.4,14.0,5.0,35.7,0.0,0.0,0,10.0,1.0,10.0,7.0,0.0,3.0,16.0,25.0,12.0
PS Karlsruhe LIONS,Pavle Pisic,8,Pavle Pisic,19,6.2,118.5,27.0,1.4,9.0,35.0,25.7,4.0,20.0,20,5.0,7.0,71.4,2.0,5.0,7.0,6.0,5.0,1.0,4.0,25.0,38.5,17.1,1.5,0.3,0.4,13,40.0,2.1,2.2,2,2.0,2,0,50.0,2.0,1,-8.78,-10.64,1.86,2.4,4.8,9.0,5.0,55.6,6.0,0.0,0,0.0,0.0,0,3.0,1.0,1.0,2.0,0.0,1.0,6.0,0.0,2.0
Bayer Giants Leverkusen,Calin Nita,24,Calin Nita,19,3.2,60.8,8.0,0.4,3.0,12.0,25,2.0,9.0,22.2,0.0,0.0,0,1.0,0.0,1.0,8.0,0.0,0.0,3.0,4.0,13.4,12.1,0.5,0.5,0.1,21,29.0,1.5,1.6,0,0,0,0,0,0.0,0,-7.78,-5.83,-1.95,1.9,3.5,2.0,0.0,0,1.0,1.0,100,0.0,0.0,0,0.0,0.0,1.0,2.0,0.0,0.0,2.0,3.0,0.0
RheinStars Köln,Cedric Cezell Russell Jr,0,Cedric Cezell Russell Jr,18,28.2,508.2,260.0,14.4,94.0,202.0,46.5,48.0,121.0,39.7,24.0,26.0,92.3,4.0,41.0,45.0,38.0,12.0,0.0,28.0,35.0,227.9,23.7,14.3,2.1,2.5,95,355.0,19.7,19.6,42,5.2,28,7,67.6,32.1,8,1.38,0.3,1.08,2.2,2.2,39.0,21.0,53.8,42.0,25.0,59.5,0.0,0.0,0,19.0,30.0,11.0,10.0,0.0,4.0,19.0,49.0,36.0
VfL SparkassenStars Bochum,Malek Green,22,Malek Green,18,18.1,326.6,206.0,11.4,85.0,160.0,53.1,5.0,20.0,25,31.0,43.0,72.1,19.0,63.0,82.0,9.0,6.0,4.0,24.0,37.0,176.6,28.4,11.2,0.5,4.4,21,227.0,12.6,12.3,11,2.8,9,3,53.3,10.3,4,-2.54,-3.57,1.03,5.0,3.1,114.0,69.0,60.5,26.0,11.0,42.3,0.0,0.0,0,25.0,3.0,1.0,13.0,0.0,4.0,29.0,21.0,43.0
Nürnberg Falcons BC,Carter Dean Whitt,2,Carter Dean Whitt,18,25.2,453.4,179.0,9.9,67.0,178.0,37.6,22.0,67.0,32.8,23.0,29.0,79.3,13.0,49.0,62.0,75.0,24.0,0.0,54.0,28.0,222.5,25.8,9.8,4.1,3.4,163,342.0,19.0,18.6,2,0.4,6,0,16.7,11.0,5,-2.98,-4.7,1.72,1.8,3.0,57.0,26.0,45.6,54.0,19.0,35.2,0.0,0.0,0,26.0,9.0,34.0,14.0,0.0,5.0,30.0,32.0,22.0
Bozic Estriche Knights Kirchheim,Tyrel Maurice Morgan,11,Tyrel Maurice Morgan,18,25.6,460.6,167.0,9.3,66.0,140.0,47.1,9.0,35.0,25.7,26.0,44.0,59.1,54.0,63.0,117.0,22.0,19.0,11.0,21.0,21.0,121.3,13.7,9.0,1.2,6.3,44,211.0,11.7,11.3,13,2.6,11,6,47.7,13.6,5,2.36,-1.87,4.23,4.1,3.9,67.0,44.0,65.7,38.0,13.0,34.2,0.0,0.0,0,22.0,2.0,7.0,11.0,0.0,2.0,30.0,37.0,47.0
SBB Baskets,Martin Bogdanov,6,Martin Bogdanov,18,27.5,494.6,161.0,8.9,55.0,148.0,37.2,17.0,55.0,30.9,34.0,43.0,79.1,11.0,35.0,46.0,99.0,11.0,0.0,49.0,44.0,196.7,20.9,11.6,7.1,3.3,191,352.0,19.6,25.4,31,3.4,28,13,46.0,38.7,9,-4.63,-4.2,-0.43,1.2,1.7,85.0,36.0,42.4,8.0,2.0,25,0.0,0.0,0,36.0,12.0,23.0,22.0,0.0,1.0,21.0,18.0,29.0
SBB Baskets,Trey Thompson Stewart,1,Trey Thompson Stewart,18,22.7,408.6,144.0,8.0,45.0,118.0,38.1,12.0,50.0,24,42.0,53.0,79.2,21.0,34.0,55.0,19.0,25.0,14.0,26.0,51.0,140.5,18.1,10.4,1.4,4.0,47,191.0,10.6,13.8,13,1.9,12,4,47.2,15.8,7,-1.17,-5.04,3.87,3.1,4.0,48.0,26.0,54.2,20.0,7.0,35,0.0,0.0,0,18.0,1.0,12.0,10.0,0.0,1.0,32.0,46.0,39.0
EPG Baskets Koblenz,Garrett Hicks,10,Garrett Hicks,18,17.0,306.9,138.0,7.7,50.0,117.0,42.7,28.0,77.0,36.4,10.0,12.0,83.3,8.0,24.0,32.0,29.0,13.0,3.0,30.0,27.0,138.5,22.6,7.1,1.5,1.7,60,198.0,11.0,10.2,9,2.2,10,0,45.0,11.0,4,-0.78,-2.45,1.67,2.4,2.9,29.0,18.0,62.1,11.0,4.0,36.4,0.0,0.0,0,13.0,10.0,15.0,13.0,0.0,1.0,17.0,27.0,20.0
BG Göttingen,Robin Lodders,11,Robin Lodders,18,14.8,266.7,89.0,4.9,40.0,56.0,71.4,0.0,1.0,0,9.0,15.0,60,30.0,46.0,76.0,10.0,3.0,2.0,14.0,43.0,44.7,8.7,4.8,0.5,4.1,34,123.0,6.8,6.6,6,1.5,5,0,60.0,5.0,4,0.66,-2.96,3.63,4.7,3.7,51.0,37.0,72.5,4.0,3.0,75,0.0,0.0,0,11.0,0.0,3.0,4.0,0.0,1.0,28.0,4.0,9.0
RheinStars Köln,Rupert Hennen,5,Rupert Hennen,18,14.7,264.4,86.0,4.8,30.0,83.0,36.1,14.0,44.0,31.8,12.0,13.0,92.3,5.0,22.0,27.0,28.0,10.0,1.0,19.0,25.0,98.6,19.7,4.7,1.5,1.5,62,148.0,8.2,8.2,4,2.0,2,2,69.4,2.9,2,-2.97,-4.45,1.48,2.1,3.3,16.0,6.0,37.5,23.0,10.0,43.5,0.0,0.0,0,5.0,3.0,17.0,1.0,0.0,1.0,14.0,21.0,14.0
SBB Baskets,Alieu Ceesay,28,Alieu Ceesay,18,20.8,374.1,82.0,4.6,27.0,72.0,37.5,4.0,23.0,17.4,24.0,35.0,68.6,18.0,39.0,57.0,16.0,13.0,3.0,19.0,43.0,84.9,11.9,5.9,1.2,4.1,39,121.0,6.7,8.7,5,1.2,5,5,34.7,7.2,4,-4.49,-6.92,2.43,3.1,4.6,42.0,22.0,52.4,7.0,1.0,14.3,0.0,0.0,0,11.0,0.0,9.0,5.0,0.0,1.0,19.0,10.0,10.0
VfL SparkassenStars Bochum,Marios Giotis,3,Marios Giotis,18,16.6,299.1,66.0,3.7,25.0,58.0,43.1,8.0,29.0,27.6,8.0,12.0,66.7,18.0,30.0,48.0,17.0,8.0,0.0,9.0,24.0,52.1,9.2,3.6,0.9,2.6,38,104.0,5.8,5.6,5,1.7,4,0,62.5,4.0,3,-2.41,-4.42,2.01,3.4,4.4,25.0,15.0,60,4.0,2.0,50,0.0,0.0,0,5.0,1.0,3.0,4.0,0.0,0.0,13.0,19.0,19.0
BBC Bayreuth,Louis Nauthon,51,Louis Nauthon,18,5.3,94.7,14.0,0.8,4.0,23.0,17.4,1.0,16.0,6.2,5.0,6.0,83.3,3.0,1.0,4.0,9.0,1.0,0.0,8.0,21.0,29.4,16.0,0.7,0.5,0.2,19,33.0,1.8,1.7,2,1.0,1,2,53.2,1.9,2,-13.56,-13.24,-0.32,2.3,4.3,7.0,3.0,42.9,0.0,0.0,0,0.0,0.0,0,3.0,0.0,4.0,2.0,0.0,2.0,5.0,0.0,2.0
SBB Baskets,Daivien Latrell Williamson,7,Daivien Latrell Williamson,17,28.8,490.4,308.0,18.1,113.0,251.0,45,41.0,111.0,36.9,41.0,52.0,78.8,7.0,37.0,44.0,36.0,12.0,0.0,45.0,19.0,299.4,32.1,22.2,2.6,3.2,74,382.0,22.5,27.5,40,5.7,27,7,66.5,34.1,7,-0.41,-0.52,0.1,2.2,2.2,91.0,52.0,57.1,49.0,20.0,40.8,0.0,0.0,0,43.0,25.0,13.0,22.0,0.0,8.0,39.0,74.0,53.0
Nürnberg Falcons BC,Brandton Dean Chatfield,33,Brandton Dean Chatfield,17,24.2,412.2,237.0,13.9,92.0,142.0,64.8,7.0,13.0,53.8,46.0,63.0,73,53.0,57.0,110.0,7.0,9.0,11.0,37.0,56.0,147.6,18.8,12.9,0.4,6.0,20,257.0,15.1,14.0,12,2.4,8,2,67.6,10.9,5,-0.02,-1.75,1.73,5.0,2.5,115.0,78.0,67.8,14.0,7.0,50,0.0,0.0,0,24.0,0.0,4.0,20.0,0.0,3.0,59.0,27.0,40.0
Bozic Estriche Knights Kirchheim,Charles Tyrone Harris Jr.,3,Charles Tyrone Harris Jr.,17,24.4,414.9,212.0,12.5,78.0,184.0,42.4,23.0,71.0,32.4,33.0,47.0,70.2,9.0,34.0,43.0,67.0,20.0,3.0,31.0,35.0,217.6,27.3,11.4,3.6,2.3,0,212.0,12.5,11.4,0,0,0,0,0,0.0,0,2.63,-1.53,4.16,1.6,1.9,0.0,0.0,0,0.0,0.0,0,0.0,0.0,0,0.0,0.0,0.0,0.0,0.0,0.0,0.0,0.0,0.0
Uni Baskets Münster,Julian Lamont Larry,10,Julian Lamont Larry,17,24.1,409.5,209.0,12.3,70.0,187.0,37.4,18.0,62.0,29,51.0,65.0,78.5,9.0,26.0,35.0,61.0,24.0,1.0,56.0,49.0,252.1,33.6,11.7,3.4,2.0,149,358.0,21.1,20.1,17,3.4,20,9,35.5,26.0,5,-3.49,-4.22,0.73,1.0,1.5,88.0,41.0,46.6,37.0,11.0,29.7,0.0,0.0,0,38.0,14.0,27.0,13.0,0.0,10.0,16.0,40.0,36.0
SBB Baskets,Michael Hughes II,91,Michael Hughes II,17,22.3,378.3,203.0,11.9,60.0,109.0,55,6.0,22.0,27.3,77.0,105.0,73.3,31.0,90.0,121.0,28.0,21.0,28.0,30.0,59.0,148.0,20.6,14.6,2.0,8.7,64,267.0,15.7,19.3,19,2.7,13,6,60.7,18.6,7,5.86,-0.77,6.63,5.0,1.9,80.0,52.0,65,7.0,2.0,28.6,0.0,0.0,0,19.0,0.0,4.0,12.0,0.0,2.0,45.0,31.0,50.0
RheinStars Köln,Haris Hujic,10,Haris Hujic,17,18.1,307.6,155.0,9.1,40.0,119.0,33.6,31.0,95.0,32.6,44.0,60.0,73.3,3.0,23.0,26.0,42.0,13.0,0.0,25.0,41.0,160.7,27.7,8.5,2.3,1.4,96,251.0,14.8,13.8,18,2.0,12,15,48.4,21.6,9,-0.39,-1.55,1.16,1.5,1.9,16.0,8.0,50,8.0,1.0,12.5,0.0,0.0,0,8.0,13.0,16.0,5.0,0.0,4.0,5.0,29.0,45.0
Eisbären Bremerhaven,Hendrik Warner,31,Hendrik Warner,17,22.0,374.4,139.0,8.2,49.0,94.0,52.1,1.0,4.0,25,40.0,62.0,64.5,18.0,66.0,84.0,18.0,8.0,1.0,17.0,44.0,115.5,16.4,7.7,1.0,4.6,39,178.0,10.5,9.8,14,2.8,10,5,57.4,14.2,5,-1.78,-4.97,3.19,4.2,4.0,88.0,47.0,53.4,2.0,1.0,50,0.0,0.0,0,9.0,0.0,4.0,5.0,0.0,0.0,18.0,12.0,20.0
SBB Baskets,Fabien Kondo,34,Fabien Kondo,17,20.1,340.9,113.0,6.6,38.0,68.0,55.9,0.0,3.0,0,37.0,49.0,75.5,31.0,55.0,86.0,16.0,5.0,6.0,25.0,48.0,80.2,12.4,8.1,1.2,6.2,37,150.0,8.8,10.8,10,2.0,5,8,58.7,10.5,5,-2.85,-5.11,2.26,4.5,3.4,62.0,38.0,61.3,3.0,0.0,0,0.0,0.0,0,11.0,0.0,6.0,12.0,0.0,1.0,24.0,20.0,16.0
BG Göttingen,Janis Jünemann,20,Janis Jünemann,17,13.5,229.0,110.0,6.5,34.0,62.0,54.8,5.0,8.0,62.5,37.0,47.0,78.7,18.0,43.0,61.0,6.0,11.0,13.0,13.0,34.0,74.6,17.0,5.9,0.3,3.3,10,120.0,7.1,6.5,20,2.9,10,10,69.4,14.4,7,4.74,-1.39,6.13,5.0,3.4,50.0,29.0,58,4.0,0.0,0,0.0,0.0,0,9.0,0.0,4.0,5.0,0.0,1.0,23.0,24.0,12.0
Paderborn Baskets,Aaron Kayser,22,Aaron Kayser,17,19.5,330.8,102.0,6.0,48.0,83.0,57.8,0.0,1.0,0,6.0,32.0,18.8,31.0,51.0,82.0,11.0,3.0,9.0,16.0,33.0,78.8,12.7,5.6,0.6,4.5,23,125.0,7.4,6.9,0,0.0,3,0,0.0,3.0,3,-3.51,-4.48,0.98,5.0,4.2,78.0,47.0,60.3,4.0,1.0,25,0.0,0.0,0,11.0,0.0,4.0,6.0,0.0,1.0,31.0,10.0,15.0
EPG Baskets Koblenz,Jannis Sonnefeld,14,Jannis Sonnefeld,17,14.0,237.6,90.0,5.3,31.0,63.0,49.2,5.0,22.0,22.7,23.0,32.0,71.9,20.0,28.0,48.0,7.0,9.0,6.0,18.0,54.0,72.1,15.2,4.6,0.4,2.5,18,108.0,6.4,5.6,4,2.0,4,4,34.7,5.8,2,-4.21,-6.82,2.6,4.2,3.9,37.0,25.0,67.6,4.0,1.0,25,0.0,0.0,0,8.0,0.0,4.0,6.0,0.0,3.0,20.0,22.0,23.0
Tigers Tübingen,Connor McDonald Nelson,21,Connor McDonald Nelson,17,9.8,166.7,56.0,3.3,18.0,54.0,33.3,14.0,46.0,30.4,6.0,8.0,75,7.0,13.0,20.0,5.0,5.0,2.0,6.0,9.0,54.3,17.1,3.0,0.3,1.1,10,66.0,3.9,3.6,3,3.0,1,0,150.0,1.0,1,-2.7,-3.89,1.19,3.2,4.4,4.0,3.0,75,4.0,1.0,25,0.0,0.0,0,1.0,1.0,2.0,1.0,0.0,3.0,4.0,7.0,6.0
BG Göttingen,Joshua Haase,7,Joshua Haase,17,1.5,26.1,7.0,0.4,3.0,9.0,33.3,1.0,4.0,25,0.0,2.0,0,0.0,1.0,1.0,3.0,0.0,0.0,2.0,3.0,11.4,22.8,0.4,0.2,0.1,8,15.0,0.9,0.8,0,0,0,0,0,0.0,0,-9.4,-9.39,-0.01,2.6,4.1,3.0,2.0,66.7,2.0,0.0,0,0.0,0.0,0,2.0,0.0,0.0,0.0,0.0,2.0,0.0,0.0,0.0
PS Karlsruhe LIONS,Isaiah Rayshaud Hart,4,Isaiah Rayshaud Hart,16,29.5,471.8,233.0,14.6,84.0,193.0,43.5,14.0,54.0,25.9,51.0,64.0,79.7,1.0,25.0,26.0,77.0,15.0,0.0,28.0,36.0,238.2,26.6,12.8,4.2,1.4,155,388.0,24.2,21.3,15,1.7,17,11,34.3,22.8,9,-0.81,-1.73,0.92,1.1,1.7,64.0,27.0,42.2,75.0,43.0,57.3,0.0,0.0,0,22.0,7.0,13.0,10.0,0.0,4.0,11.0,59.0,39.0
BBC Bayreuth,Moritz Plescher,6,Moritz Plescher,16,31.1,497.4,202.0,12.6,64.0,164.0,39,44.0,124.0,35.5,30.0,35.0,85.7,9.0,49.0,58.0,55.0,20.0,3.0,42.0,40.0,203.9,21.1,10.6,2.9,3.0,108,310.0,19.4,16.2,21,3.0,20,5,47.3,23.2,7,0.54,-2.29,2.83,2.2,2.6,26.0,14.0,53.8,14.0,6.0,42.9,0.0,0.0,0,5.0,9.0,25.0,13.0,0.0,1.0,30.0,38.0,38.0
PS Karlsruhe LIONS,Kilian Binapfl,12,Kilian Binapfl,16,26.5,423.4,191.0,11.9,78.0,133.0,58.6,11.0,34.0,32.4,24.0,42.0,57.1,10.0,57.0,67.0,21.0,12.0,3.0,27.0,40.0,161.7,20.1,10.5,1.2,3.7,53,244.0,15.2,13.4,6,2.0,7,0,42.9,9.0,3,-0.55,-3.35,2.79,3.2,2.9,88.0,62.0,70.5,11.0,5.0,45.5,0.0,0.0,0,27.0,1.0,11.0,11.0,0.0,3.0,32.0,39.0,36.0
HAKRO Merlins Crailsheim,Keyshaun Darrius Langley,2,Keyshaun Darrius Langley,16,20.1,322.0,153.0,9.6,54.0,145.0,37.2,27.0,90.0,30,18.0,23.0,78.3,8.0,13.0,21.0,44.0,18.0,2.0,18.0,47.0,158.5,25.9,8.4,2.4,1.1,88,241.0,15.1,13.2,8,1.6,12,3,30.0,15.3,5,2.39,-2.51,4.89,1.7,2.8,22.0,10.0,45.5,33.0,17.0,51.5,0.0,0.0,0,7.0,9.0,12.0,2.0,0.0,1.0,17.0,37.0,16.0
BBC Bayreuth,Artem Kovalov,35,Artem Kovalov,16,14.1,225.8,108.0,6.8,38.0,70.0,54.3,3.0,9.0,33.3,29.0,47.0,61.7,16.0,37.0,53.0,8.0,3.0,12.0,19.0,37.0,89.9,20.5,5.6,0.4,2.8,20,128.0,8.0,6.7,18,4.5,10,8,66.6,16.5,4,-1.7,-5.24,3.54,5.0,3.3,53.0,34.0,64.2,8.0,1.0,12.5,0.0,0.0,0,8.0,0.0,3.0,11.0,0.0,1.0,18.0,25.0,15.0
Phoenix Hagen,Anzac Joseph Dennis Rissetto,77,Anzac Joseph Dennis Rissetto,16,15.8,253.4,97.0,6.1,35.0,62.0,56.5,2.0,9.0,22.2,25.0,42.0,59.5,19.0,35.0,54.0,10.0,6.0,1.0,15.0,41.0,73.4,14.5,5.0,0.5,2.8,24,121.0,7.6,6.3,0,0,0,0,0,0.0,0,-1.2,-5.28,4.08,4.0,4.2,48.0,30.0,62.5,5.0,3.0,60,0.0,0.0,0,7.0,0.0,3.0,7.0,0.0,1.0,22.0,15.0,12.0
Eisbären Bremerhaven,Raphael Falkenthal,2,Raphael Falkenthal,16,18.1,289.6,79.0,4.9,22.0,58.0,37.9,9.0,29.0,31,26.0,33.0,78.8,8.0,24.0,32.0,46.0,14.0,1.0,22.0,38.0,83.1,15.3,4.4,2.5,1.8,85,164.0,10.2,9.1,12,2.4,8,3,64.4,9.3,5,-0.24,-4.7,4.46,2.1,3.1,22.0,13.0,59.1,7.0,0.0,0,0.0,0.0,0,9.0,2.0,18.0,2.0,0.0,1.0,13.0,22.0,17.0
Bayer Giants Leverkusen,Viktor Ziring,2,Viktor Ziring,16,12.1,192.8,53.0,3.3,16.0,39.0,41,15.0,34.0,44.1,6.0,8.0,75,0.0,9.0,9.0,1.0,3.0,0.0,12.0,34.0,52.3,14.9,3.0,0.1,0.5,2,55.0,3.4,3.1,0,0.0,3,0,0.0,3.0,3,-6.95,-7.22,0.27,2.8,4.3,4.0,1.0,25,1.0,0.0,0,0.0,0.0,0,1.0,3.0,5.0,2.0,0.0,3.0,0.0,0.0,3.0
Eisbären Bremerhaven,Anton Meyer,9,Anton Meyer,16,6.9,110.8,12.0,0.8,5.0,24.0,20.8,2.0,11.0,18.2,0.0,0.0,0,3.0,5.0,8.0,5.0,4.0,0.0,8.0,17.0,27.8,13.4,0.7,0.3,0.4,10,22.0,1.4,1.2,0,0,0,0,0,0.0,0,-10.93,-12.35,1.43,2.6,4.9,11.0,3.0,27.3,2.0,0.0,0,0.0,0.0,0,1.0,0.0,2.0,4.0,0.0,2.0,0.0,4.0,2.0
HAKRO Merlins Crailsheim,Vincent Malik Shahid,99,Vincent Malik Shahid,15,19.7,295.5,191.0,12.7,56.0,150.0,37.3,34.0,94.0,36.2,45.0,59.0,76.3,4.0,26.0,30.0,39.0,10.0,1.0,14.0,38.0,178.5,31.7,10.5,2.1,1.6,101,292.0,19.5,16.0,13,1.9,8,7,58.7,11.1,7,5.78,1.09,4.69,2.2,1.9,38.0,17.0,44.7,18.0,5.0,27.8,0.0,0.0,0,16.0,10.0,8.0,2.0,0.0,2.0,34.0,44.0,31.0
Tigers Tübingen,Patrick Etienne Fardy Emilien,15,Patrick Etienne Fardy Emilien,15,18.5,277.3,120.0,8.0,54.0,97.0,55.7,2.0,5.0,40,10.0,28.0,35.7,17.0,39.0,56.0,14.0,5.0,5.0,18.0,34.0,105.9,20.1,6.5,0.8,3.0,38,158.0,10.5,8.6,2,0.7,4,0,25.0,4.0,3,-3.72,-5.76,2.04,4.2,3.4,54.0,36.0,66.7,38.0,16.0,42.1,0.0,0.0,0,19.0,0.0,5.0,8.0,0.0,3.0,22.0,10.0,15.0
SBB Baskets,Benjamin Koppke,21,Benjamin Koppke,15,5.6,83.9,20.0,1.3,9.0,18.0,50,1.0,2.0,50,1.0,4.0,25,6.0,6.0,12.0,3.0,2.0,1.0,0.0,8.0,13.2,8.3,1.4,0.2,0.9,7,27.0,1.8,1.9,3,3.0,1,2,79.8,1.9,1,-1.52,-3.6,2.08,3.2,4.4,15.0,7.0,46.7,1.0,1.0,100,0.0,0.0,0,4.0,0.0,0.0,0.0,0.0,0.0,10.0,3.0,2.0
Paderborn Baskets,Erik Larsen,4,Erik Larsen,15,1.4,20.4,3.0,0.2,1.0,2.0,50,1.0,2.0,50,0.0,0.0,0,0.0,2.0,2.0,0.0,0.0,0.0,1.0,2.0,2.9,7.5,0.2,0.0,0.1,0,3.0,0.2,0.2,0,0,0,0,0,0.0,0,-6.52,-7.01,0.49,3.1,4.3,0.0,0.0,0,0.0,0.0,0,0.0,0.0,0,0.0,0.0,0.0,1.0,0.0,0.0,0.0,3.0,0.0
SBB Baskets,De'Vondre Malik Perry,4,De'Vondre Malik Perry,14,28.0,392.1,162.0,11.6,63.0,139.0,45.3,17.0,46.0,37,19.0,25.0,76,16.0,57.0,73.0,15.0,19.0,4.0,30.0,31.0,157.4,21.1,11.7,1.1,5.3,31,193.0,13.8,13.9,8,2.0,3,5,76.9,6.2,4,-1.73,-4.32,2.58,3.3,3.7,55.0,32.0,58.2,38.0,14.0,36.8,0.0,0.0,0,19.0,2.0,9.0,10.0,0.0,5.0,18.0,33.0,25.0
Tigers Tübingen,Isaiah Jevon Sanders,10,Isaiah Jevon Sanders,14,15.9,223.2,129.0,9.2,41.0,90.0,45.6,21.0,50.0,42,26.0,33.0,78.8,5.0,11.0,16.0,16.0,14.0,1.0,10.0,34.0,105.1,24.7,7.0,0.9,0.9,32,161.0,11.5,8.8,3,1.5,2,0,75.0,2.0,2,3.29,-0.71,3.99,2.0,2.2,27.0,13.0,48.1,13.0,7.0,53.8,0.0,0.0,0,7.0,4.0,5.0,1.0,0.0,2.0,4.0,40.0,45.0
GIESSEN 46ers,Devon Goodman,5,Devon Goodman,14,15.3,213.7,100.0,7.1,37.0,90.0,41.1,9.0,40.0,22.5,17.0,28.0,60.7,3.0,15.0,18.0,32.0,11.0,1.0,18.0,17.0,112.6,27.4,5.2,1.7,0.9,69,169.0,12.1,8.8,0,0.0,3,0,0.0,4.0,3,0.75,-2.91,3.67,1.6,2.4,42.0,25.0,59.5,8.0,3.0,37.5,0.0,0.0,0,21.0,1.0,7.0,8.0,0.0,1.0,4.0,14.0,15.0
RheinStars Köln,Hall B Elisias,34,Hall B Elisias,14,15.1,211.8,86.0,6.1,32.0,60.0,53.3,0.0,3.0,0,22.0,29.0,75.9,25.0,43.0,68.0,5.0,7.0,13.0,16.0,39.0,61.2,15.3,4.7,0.3,3.7,12,98.0,7.0,5.4,6,2.0,2,2,104.2,2.9,3,-1.38,-4.58,3.2,5.0,3.7,51.0,30.0,58.8,6.0,2.0,33.3,0.0,0.0,0,13.0,0.0,3.0,4.0,0.0,2.0,22.0,7.0,21.0
PS Karlsruhe LIONS,Terry Kodjo-Torgbe Haarmann,17,Terry Kodjo-Torgbe Haarmann,14,4.1,57.0,10.0,0.7,1.0,2.0,50,1.0,1.0,100,7.0,12.0,58.3,1.0,2.0,3.0,0.0,2.0,0.0,4.0,7.0,9.9,9.1,0.5,0.0,0.2,0,10.0,0.7,0.5,0,0,0,0,0,0.0,0,-6.27,-8.37,2.1,2.7,4.5,1.0,0.0,0,0.0,0.0,0,0.0,0.0,0,0.0,0.0,0.0,1.0,0.0,1.0,1.0,2.0,0.0
PS Karlsruhe LIONS,Joshua Olenyi,2,Joshua Olenyi,14,2.6,36.0,6.0,0.4,3.0,6.0,50,0.0,0.0,0,0.0,0.0,0,4.0,4.0,8.0,5.0,4.0,2.0,3.0,10.0,4.8,7.0,0.3,0.3,0.4,10,16.0,1.1,0.9,0,0,0,0,0,0.0,0,2.89,-6.5,9.39,3.1,3.7,6.0,3.0,50,0.0,0.0,0,0.0,0.0,0,0.0,0.0,1.0,0.0,0.0,0.0,0.0,0.0,2.0
Bozic Estriche Knights Kirchheim,Neil Schwanenberg,2,Neil Schwanenberg,14,0.2,2.2,1.0,0.1,0.0,1.0,0,0.0,1.0,0,1.0,4.0,25,0.0,0.0,0.0,0.0,1.0,0.0,1.0,0.0,3.6,85.4,0.1,0.0,0.0,0,1.0,0.1,0.1,0,0,0,0,0,0.0,0,-32.42,-37.15,4.73,2.7,4.1,0.0,0.0,0,0.0,0.0,0,0.0,0.0,0,0.0,0.0,0.0,1.0,0.0,0.0,1.0,0.0,1.0
EPG Baskets Koblenz,Devonte Jasai McCall,11,Devonte Jasai McCall,13,21.2,276.1,125.0,9.6,43.0,98.0,43.9,10.0,32.0,31.2,29.0,38.0,76.3,11.0,45.0,56.0,9.0,11.0,2.0,15.0,29.0,114.0,20.7,6.5,0.5,2.9,19,144.0,11.1,7.4,3,1.0,6,2,21.8,6.9,3,-1.94,-4.05,2.12,3.7,3.9,51.0,27.0,52.9,15.0,6.0,40,0.0,0.0,0,9.0,0.0,4.0,8.0,0.0,2.0,21.0,37.0,26.0
Eisbären Bremerhaven,Till Isemann,21,Till Isemann,13,15.8,206.0,102.0,7.8,43.0,67.0,64.2,0.0,0.0,0,16.0,24.0,66.7,18.0,47.0,65.0,6.0,0.0,6.0,11.0,25.0,67.7,17.5,5.6,0.3,3.6,12,114.0,8.8,6.3,5,2.5,3,3,57.9,4.3,2,0.5,-2.31,2.81,5.0,3.3,61.0,39.0,63.9,6.0,4.0,66.7,0.0,0.0,0,4.0,0.0,2.0,3.0,0.0,2.0,18.0,9.0,11.0
PS Karlsruhe LIONS,Brandon Angelo Porter,14,Brandon Angelo Porter,13,11.4,147.6,71.0,5.5,26.0,53.0,49.1,8.0,24.0,33.3,11.0,18.0,61.1,4.0,21.0,25.0,3.0,6.0,6.0,23.0,37.0,76.7,27.3,3.9,0.2,1.4,4,75.0,5.8,4.1,2,2.0,1,0,100.0,1.0,1,-7.18,-10.46,3.27,4.0,3.5,26.0,16.0,61.5,3.0,2.0,66.7,0.0,0.0,0,7.0,0.0,5.0,8.0,0.0,3.0,5.0,12.0,11.0
Tigers Tübingen,Till-Joscha Jönke,26,Till-Joscha Jönke,13,18.9,245.2,67.0,5.2,20.0,57.0,35.1,4.0,27.0,14.8,23.0,30.0,76.7,7.0,37.0,44.0,20.0,13.0,0.0,12.0,29.0,72.2,15.5,3.6,1.1,2.4,51,118.0,9.1,6.4,3,1.0,3,1,43.6,3.4,3,-3.3,-7.19,3.89,2.9,4.0,12.0,6.0,50,18.0,10.0,55.6,0.0,0.0,0,6.0,1.0,5.0,5.0,0.0,2.0,10.0,18.0,11.0
Tigers Tübingen,JaCobi Allen Wood,24,JaCobi Allen Wood,12,27.9,335.4,197.0,16.4,64.0,131.0,48.9,26.0,69.0,37.7,43.0,48.0,89.6,8.0,43.0,51.0,63.0,19.0,1.0,29.0,24.0,166.2,26.0,10.7,3.4,2.8,137,334.0,27.8,18.2,18,9.0,8,5,88.2,12.2,2,7.39,2.66,4.73,1.9,1.0,55.0,36.0,65.5,7.0,2.0,28.6,0.0,0.0,0,30.0,15.0,9.0,14.0,0.0,2.0,28.0,35.0,44.0
BBC Bayreuth,Willem Brandwijk,39,Willem Brandwijk,12,27.4,329.1,116.0,9.7,37.0,93.0,39.8,11.0,40.0,27.5,31.0,38.0,81.6,20.0,64.0,84.0,19.0,15.0,8.0,17.0,30.0,102.5,16.0,6.1,1.0,4.4,42,158.0,13.2,8.3,23,7.7,12,8,74.1,16.5,3,1.15,-3.12,4.27,4.2,3.8,46.0,26.0,56.5,7.0,0.0,0,0.0,0.0,0,10.0,0.0,7.0,5.0,0.0,2.0,25.0,24.0,23.0
GIESSEN 46ers,Domagoj Vukovic,17,Domagoj Vukovic,12,14.7,176.3,77.0,6.4,28.0,64.0,43.8,6.0,22.0,27.3,15.0,22.0,68.2,16.0,24.0,40.0,7.0,3.0,8.0,14.0,30.0,68.8,20.3,4.0,0.4,2.1,17,94.0,7.8,4.9,3,1.5,2,0,75.0,2.0,2,-2.07,-5.82,3.75,5.0,3.8,39.0,21.0,53.8,3.0,1.0,33.3,0.0,0.0,0,6.0,2.0,5.0,7.0,0.0,0.0,14.0,17.0,11.0
BBC Bayreuth,Noah Wabersich,9,Noah Wabersich,12,9.1,109.3,29.0,2.4,9.0,20.0,45,4.0,10.0,40,7.0,9.0,77.8,4.0,7.0,11.0,10.0,1.0,0.0,5.0,16.0,24.0,11.3,1.5,0.5,0.6,20,49.0,4.1,2.6,0,0,0,0,0,0.0,0,-2.6,-4.92,2.32,2.7,3.4,8.0,4.0,50,2.0,1.0,50,0.0,0.0,0,0.0,0.0,2.0,2.0,0.0,1.0,0.0,13.0,11.0
VfL SparkassenStars Bochum,Mats Neumann,13,Mats Neumann,12,0.3,3.0,0.0,0.0,0.0,0.0,0,0.0,0.0,0,0.0,0.0,0,0.0,0.0,0.0,0.0,0.0,0.0,0.0,0.0,0.0,0.0,0.0,0.0,0.0,0,0.0,0.0,0.0,0,0,0,0,0,0.0,0,-6.8,-6.77,-0.03,3.0,4.1,0.0,0.0,0,0.0,0.0,0,0.0,0.0,0,0.0,0.0,0.0,0.0,0.0,0.0,0.0,0.0,0.0
BG Göttingen,Gaston Nguyen,13,Gaston Nguyen,12,1.7,20.4,0.0,0.0,0.0,1.0,0,0.0,1.0,0,0.0,0.0,0,0.0,0.0,0.0,1.0,0.0,0.0,1.0,2.0,1.9,4.9,0.0,0.1,0.0,3,3.0,0.2,0.2,0,0,0,0,0,0.0,0,-7.64,-9.28,1.64,2.7,4.4,0.0,0.0,0,0.0,0.0,0,0.0,0.0,0,0.0,0.0,1.0,0.0,0.0,0.0,0.0,0.0,0.0
BG Göttingen,Kevin Buckingham,9,Kevin Buckingham,11,16.7,183.2,91.0,8.3,36.0,65.0,55.4,10.0,28.0,35.7,9.0,10.0,90,19.0,28.0,47.0,21.0,7.0,4.0,10.0,22.0,58.0,16.5,4.9,1.1,2.5,50,141.0,12.8,7.6,15,3.8,9,0,83.3,9.0,4,8.52,2.51,6.01,3.8,2.5,30.0,23.0,76.7,7.0,3.0,42.9,0.0,0.0,0,7.0,1.0,1.0,3.0,0.0,3.0,10.0,14.0,24.0
Uni Baskets Münster,Timetric Jerome Hodges,1,Timetric Jerome Hodges,11,23.8,261.3,54.0,4.9,17.0,51.0,33.3,6.0,26.0,23.1,14.0,21.0,66.7,15.0,24.0,39.0,24.0,7.0,1.0,12.0,18.0,55.0,11.5,3.0,1.3,2.2,56,110.0,10.0,6.2,10,3.3,8,4,51.2,9.8,3,-2.63,-4.55,1.92,2.5,3.7,21.0,11.0,52.4,4.0,0.0,0,0.0,0.0,0,8.0,2.0,9.0,3.0,0.0,0.0,20.0,11.0,7.0
Artland Dragons,Linus Trettin,15,Linus Trettin,11,12.7,139.9,19.0,1.7,8.0,26.0,30.8,1.0,9.0,11.1,2.0,4.0,50,15.0,11.0,26.0,12.0,1.0,3.0,5.0,13.0,17.0,6.3,1.0,0.6,1.4,31,50.0,4.5,2.7,0,0.0,2,0,0.0,2.0,1,-3.34,-4.55,1.21,3.8,4.6,16.0,7.0,43.8,1.0,0.0,0,0.0,0.0,0,5.0,0.0,1.0,3.0,0.0,1.0,6.0,0.0,2.0
SBB Baskets,Nigel Pruitt,24,Nigel Pruitt,10,20.8,208.4,104.0,10.4,32.0,68.0,47.1,27.0,57.0,47.4,13.0,16.0,81.2,4.0,22.0,26.0,10.0,6.0,1.0,6.0,24.0,74.0,18.7,7.5,0.7,1.9,16,120.0,12.0,8.7,5,1.2,5,2,42.5,6.9,4,4.14,1.32,2.82,2.9,2.4,7.0,3.0,42.9,4.0,2.0,50,0.0,0.0,0,3.0,2.0,3.0,0.0,0.0,1.0,17.0,12.0,9.0
SBB Baskets,Joshua Bonga,0,Joshua Bonga,10,15.8,158.1,49.0,4.9,16.0,50.0,32,6.0,17.0,35.3,11.0,17.0,64.7,10.0,20.0,30.0,14.0,4.0,0.0,16.0,14.0,60.9,20.3,3.5,1.0,2.2,26,75.0,7.5,5.4,6,2.0,4,4,52.1,7.8,3,-6.51,-7.05,0.53,3.0,4.0,29.0,9.0,31,4.0,1.0,25,0.0,0.0,0,8.0,3.0,7.0,7.0,0.0,2.0,6.0,15.0,5.0
PS Karlsruhe LIONS,Mikal Dawson,22,Mikal Dawson,10,14.3,142.9,44.0,4.4,15.0,49.0,30.6,10.0,32.0,31.2,4.0,5.0,80,6.0,13.0,19.0,6.0,9.0,1.0,6.0,11.0,49.2,18.1,2.4,0.3,1.0,15,59.0,5.9,3.2,6,3.0,3,1,87.2,3.4,2,-2.13,-4.81,2.68,2.6,4.6,14.0,5.0,35.7,3.0,0.0,0,0.0,0.0,0,4.0,2.0,1.0,3.0,0.0,2.0,6.0,5.0,9.0
Uni Baskets Münster,Caleb Lee Zurliene,23,Caleb Lee Zurliene,10,9.8,97.7,31.0,3.1,11.0,22.0,50,3.0,9.0,33.3,6.0,8.0,75,7.0,14.0,21.0,0.0,1.0,6.0,9.0,15.0,26.4,14.8,1.7,0.0,1.2,0,31.0,3.1,1.7,5,2.5,3,3,57.9,5.3,2,-4.83,-7.26,2.43,4.9,4.1,11.0,7.0,63.6,2.0,1.0,50,0.0,0.0,0,5.0,0.0,7.0,1.0,0.0,1.0,6.0,3.0,4.0
Uni Baskets Münster,Thorben Döding,11,Thorben Döding,10,2.7,26.8,10.0,1.0,4.0,8.0,50,1.0,4.0,25,1.0,2.0,50,0.0,1.0,1.0,3.0,1.0,0.0,4.0,4.0,12.4,25.2,0.6,0.2,0.1,7,17.0,1.7,1.0,0,0,0,0,0,0.0,0,-6.63,-8.05,1.43,2.3,3.3,3.0,2.0,66.7,1.0,1.0,100,0.0,0.0,0,2.0,0.0,4.0,0.0,0.0,0.0,0.0,2.0,5.0
PS Karlsruhe LIONS,Julian Albus,20,Julian Albus,9,12.8,114.9,21.0,2.3,7.0,18.0,38.9,6.0,15.0,40,1.0,2.0,50,5.0,14.0,19.0,10.0,2.0,0.0,6.0,17.0,19.1,8.7,1.2,0.5,1.0,25,46.0,5.1,2.5,3,3.0,1,0,150.0,1.0,1,-3.2,-5.79,2.59,3.1,3.9,1.0,0.0,0,2.0,1.0,50,0.0,0.0,0,0.0,1.0,3.0,2.0,0.0,1.0,1.0,3.0,0.0
VfL SparkassenStars Bochum,Max Brackmann,64,Max Brackmann,9,5.9,53.3,10.0,1.1,4.0,10.0,40,0.0,0.0,0,2.0,2.0,100,8.0,5.0,13.0,1.0,0.0,2.0,6.0,21.0,8.5,8.4,0.5,0.1,0.7,2,12.0,1.3,0.7,0,0,0,0,0,0.0,0,-15.21,-15.91,0.69,5.0,4.7,10.0,4.0,40,0.0,0.0,0,0.0,0.0,0,3.0,0.0,0.0,1.0,0.0,0.0,8.0,2.0,4.0
BBC Bayreuth,Liam Nees Holländer,17,Liam Nees Holländer,9,0.6,5.6,6.0,0.7,3.0,5.0,60,0.0,0.0,0,0.0,1.0,0,0.0,0.0,0.0,0.0,0.0,0.0,0.0,2.0,5.2,48.3,0.3,0.0,0.0,0,6.0,0.7,0.3,0,0,0,0,0,0.0,0,-5.44,-5.89,0.44,3.0,3.8,5.0,3.0,60,0.0,0.0,0,0.0,0.0,0,0.0,0.0,0.0,0.0,0.0,0.0,0.0,2.0,2.0
BG Göttingen,Emil Bode,5,Emil Bode,9,0.1,1.2,3.0,0.3,1.0,2.0,50,1.0,2.0,50,0.0,0.0,0,1.0,0.0,1.0,0.0,0.0,0.0,0.0,0.0,1.0,42.3,0.2,0.0,0.1,0,3.0,0.3,0.2,0,0,0,0,0,0.0,0,66.94,70.34,-3.41,3.2,3.7,0.0,0.0,0,0.0,0.0,0,0.0,0.0,0,0.0,0.0,0.0,0.0,0.0,0.0,3.0,0.0,0.0
Tigers Tübingen,Aaron Ayooluwa Ogunjobi,25,Aaron Ayooluwa Ogunjobi,9,0.3,3.0,0.0,0.0,0.0,1.0,0,0.0,1.0,0,0.0,0.0,0,0.0,1.0,1.0,0.0,0.0,0.0,1.0,2.0,1.9,34.0,0.0,0.0,0.1,0,0.0,0.0,0.0,0,0,0,0,0,0.0,0,-49.11,-45.0,-4.11,3.2,4.1,0.0,0.0,0,0.0,0.0,0,0.0,0.0,0,0.0,0.0,0.0,0.0,0.0,1.0,0.0,0.0,0.0
Artland Dragons,Ivan Volf,44,Ivan Volf,9,0.9,7.8,0.0,0.0,0.0,2.0,0,0.0,0.0,0,0.0,0.0,0,0.0,0.0,0.0,0.0,0.0,0.0,0.0,2.0,1.9,12.8,0.0,0.0,0.0,0,0.0,0.0,0.0,0,0,0,0,0,0.0,0,-21.84,-18.5,-3.34,2.9,4.3,2.0,0.0,0,0.0,0.0,0,0.0,0.0,0,0.0,0.0,0.0,0.0,0.0,0.0,0.0,0.0,0.0
HAKRO Merlins Crailsheim,Xavier Trent Johnson,12,Xavier Trent Johnson,8,29.5,235.9,89.0,11.1,30.0,70.0,42.9,13.0,36.0,36.1,16.0,22.0,72.7,3.0,16.0,19.0,43.0,14.0,0.0,16.0,21.0,89.0,19.8,4.9,2.4,1.0,95,184.0,23.0,10.1,5,2.5,2,4,66.5,4.8,2,4.1,-1.55,5.65,1.3,2.1,26.0,13.0,50,8.0,4.0,50,0.0,0.0,0,9.0,9.0,10.0,3.0,0.0,2.0,15.0,21.0,34.0
PS Karlsruhe LIONS,Lynval William Alexander Ellis,1,Lynval William Alexander Ellis,8,13.7,109.9,52.0,6.5,14.0,52.0,26.9,7.0,21.0,33.3,17.0,20.0,85,6.0,8.0,14.0,12.0,2.0,0.0,10.0,15.0,62.2,29.8,2.8,0.7,0.8,26,78.0,9.8,4.3,0,0.0,1,0,0.0,2.0,1,-7.32,-6.56,-0.76,2.7,3.7,19.0,4.0,21.1,12.0,3.0,25,0.0,0.0,0,3.0,2.0,6.0,3.0,0.0,1.0,4.0,9.0,4.0
RheinStars Köln,Laurent Raphael Zoccoletti,12,Laurent Raphael Zoccoletti,8,13.2,105.7,27.0,3.4,12.0,24.0,50,1.0,8.0,12.5,2.0,4.0,50,10.0,17.0,27.0,4.0,6.0,3.0,7.0,18.0,21.8,10.9,1.5,0.2,1.5,11,38.0,4.8,2.1,0,0,0,0,0,0.0,0,-2.09,-5.77,3.68,4.3,4.3,16.0,11.0,68.8,0.0,0.0,0,0.0,0.0,0,5.0,0.0,0.0,3.0,0.0,3.0,7.0,6.0,9.0
Paderborn Baskets,Basla Veljic,18,Balsa Veljic; Basla Veljic,8,8.5,68.1,20.0,2.5,6.0,25.0,24,4.0,16.0,25,4.0,4.0,100,0.0,4.0,4.0,8.0,6.0,0.0,4.0,8.0,29.5,23.1,1.1,0.4,0.2,16,36.0,4.5,2.0,0,0.0,1,0,0.0,1.0,1,-3.93,-6.92,2.99,1.5,4.0,1.0,0.0,0,8.0,2.0,25,0.0,0.0,0,0.0,2.0,2.0,0.0,0.0,1.0,7.0,0.0,5.0
BBC Bayreuth,Leo Friedlein,20,Leo Friedlein,8,0.3,2.5,4.0,0.5,2.0,3.0,66.7,0.0,1.0,0,0.0,0.0,0,0.0,0.0,0.0,0.0,0.0,0.0,0.0,0.0,2.9,58.1,0.2,0.0,0.0,0,4.0,0.5,0.2,0,0,0,0,0,0.0,0,14.99,12.57,2.42,3.0,3.7,2.0,2.0,100,0.0,0.0,0,0.0,0.0,0,0.0,0.0,0.0,0.0,0.0,0.0,0.0,0.0,0.0
Bozic Estriche Knights Kirchheim,Alexander Stief,14,Alexander Stief,8,0.2,1.4,3.0,0.4,1.0,1.0,100,0.0,0.0,0,1.0,1.0,100,0.0,0.0,0.0,0.0,0.0,0.0,0.0,0.0,1.4,53.3,0.2,0.0,0.0,0,3.0,0.4,0.2,0,0,0,0,0,0.0,0,50.09,35.88,14.21,3.0,3.5,1.0,1.0,100,0.0,0.0,0,0.0,0.0,0,0.0,0.0,0.0,0.0,0.0,0.0,2.0,0.0,0.0
HAKRO Merlins Crailsheim,Jaden Brown,19,Jaden Brown,8,0.2,1.6,0.0,0.0,0.0,1.0,0,0.0,1.0,0,0.0,0.0,0,0.0,0.0,0.0,0.0,0.0,0.0,0.0,0.0,1.0,32.5,0.0,0.0,0.0,0,0.0,0.0,0.0,0,0,0,0,0,0.0,0,-31.86,-23.72,-8.14,3.0,4.1,0.0,0.0,0,0.0,0.0,0,0.0,0.0,0,0.0,0.0,0.0,0.0,0.0,0.0,0.0,0.0,0.0
Uni Baskets Münster,Philip Anthony Alston,55,Philip Anthony Alston,7,22.9,160.6,99.0,14.1,31.0,71.0,43.7,2.0,16.0,12.5,35.0,48.0,72.9,10.0,23.0,33.0,7.0,1.0,7.0,18.0,24.0,96.1,32.7,5.5,0.4,1.8,16,115.0,16.4,6.4,2,2.0,1,0,100.0,1.0,1,-3.61,-5.37,1.76,4.5,2.7,49.0,26.0,53.1,6.0,3.0,50,0.0,0.0,0,18.0,0.0,2.0,9.0,0.0,1.0,17.0,10.0,4.0
RheinStars Köln,Kenny André Calliste Kéannou Baptiste,39,Kenny André Calliste Kéannou Baptiste,7,24.2,169.5,89.0,12.7,40.0,60.0,66.7,6.0,8.0,75,3.0,4.0,75,17.0,27.0,44.0,10.0,7.0,3.0,16.0,11.0,58.3,18.2,4.9,0.6,2.4,14,103.0,14.7,5.7,10,3.3,7,0,71.4,9.0,3,4.98,1.69,3.29,4.1,2.1,39.0,30.0,76.9,13.0,4.0,30.8,0.0,0.0,0,15.0,0.0,6.0,6.0,0.0,1.0,24.0,16.0,22.0
GIESSEN 46ers,Martin Junakovic,22,Martin Junakovic,7,18.7,130.8,48.0,6.9,11.0,42.0,26.2,7.0,23.0,30.4,19.0,25.0,76,2.0,12.0,14.0,24.0,3.0,0.0,14.0,24.0,62.4,24.9,2.5,1.2,0.7,50,98.0,14.0,5.1,0,0,0,0,0,0.0,0,-4.35,-6.97,2.62,2.0,2.6,10.0,2.0,20,9.0,2.0,22.2,0.0,0.0,0,2.0,4.0,9.0,2.0,0.0,0.0,8.0,7.0,1.0
RheinStars Köln,Marko Cuvalo,14,Marko Cuvalo,7,5.1,36.0,12.0,1.7,6.0,9.0,66.7,0.0,0.0,0,0.0,1.0,0,2.0,3.0,5.0,0.0,0.0,0.0,4.0,8.0,11.0,16.2,0.7,0.0,0.3,0,12.0,1.7,0.7,0,0,0,0,0,0.0,0,-10.44,-10.29,-0.16,3.4,4.1,9.0,6.0,66.7,0.0,0.0,0,0.0,0.0,0,1.0,0.0,2.0,0.0,0.0,0.0,4.0,0.0,0.0
EPG Baskets Koblenz,Ömer Girgin,6,Ömer Girgin,7,0.1,0.4,3.0,0.4,1.0,1.0,100,1.0,1.0,100,0.0,0.0,0,0.0,0.0,0.0,0.0,0.0,0.0,0.0,0.0,1.0,115.4,0.2,0.0,0.0,0,3.0,0.4,0.2,0,0,0,0,0,0.0,0,253.62,209.83,43.79,3.0,3.4,0.0,0.0,0,0.0,0.0,0,0.0,0.0,0,0.0,0.0,0.0,0.0,0.0,0.0,3.0,0.0,3.0
Nürnberg Falcons BC,Lars Lenke,11,Lars Lenke,7,1.5,10.8,0.0,0.0,0.0,1.0,0,0.0,1.0,0,0.0,2.0,0,1.0,0.0,1.0,0.0,0.0,0.0,0.0,0.0,0.8,4.1,0.0,0.0,0.1,0,0.0,0.0,0.0,0,0,0,0,0,0.0,0,-11.92,-8.72,-3.2,3.0,4.4,0.0,0.0,0,0.0,0.0,0,0.0,0.0,0,0.0,0.0,0.0,0.0,0.0,0.0,0.0,0.0,0.0
SBB Baskets Wolmirstedt,Travis Henson,2,Travis Henson,6,28.6,171.6,99.0,16.5,33.0,64.0,51.6,10.0,30.0,33.3,23.0,28.0,82.1,6.0,19.0,25.0,3.0,4.0,3.0,8.0,16.0,75.2,23.1,21.7,0.7,5.5,8,107.0,17.8,23.5,3,3.0,2,1,61.5,3.4,1,0.9,-0.02,0.91,3.6,2.6,18.0,17.0,94.4,16.0,6.0,37.5,0.0,0.0,0,6.0,2.0,4.0,2.0,0.0,0.0,15.0,17.0,22.0
SBB Baskets Wolmirstedt,Trey Thompson Stewart,1,Trey Thompson Stewart,6,27.5,164.9,84.0,14.0,31.0,61.0,50.8,9.0,25.0,36,13.0,15.0,86.7,7.0,6.0,13.0,9.0,10.0,4.0,13.0,18.0,70.7,22.6,18.4,2.0,2.9,21,105.0,17.5,23.0,0,0,0,0,0,0.0,0,1.12,-1.15,2.28,2.5,2.6,29.0,18.0,62.1,7.0,4.0,57.1,0.0,0.0,0,11.0,1.0,6.0,4.0,0.0,1.0,4.0,19.0,19.0
SBB Baskets Wolmirstedt,Jalen Benjamin,5,Jalen Benjamin,6,22.4,134.5,67.0,11.2,19.0,61.0,31.1,6.0,20.0,30,23.0,30.0,76.7,0.0,7.0,7.0,16.0,3.0,0.0,15.0,7.0,85.6,33.5,14.7,3.5,1.5,36,103.0,17.2,22.6,4,4.0,4,2,41.0,4.9,1,-8.32,-5.5,-2.81,1.7,3.0,22.0,9.0,40.9,19.0,4.0,21.1,0.0,0.0,0,9.0,4.0,8.0,4.0,0.0,3.0,6.0,13.0,6.0
Bayer Giants Leverkusen,Lok Lol Wur,4,Lok Lol Wur,6,23.3,140.1,61.0,10.2,24.0,49.0,49,9.0,24.0,37.5,4.0,8.0,50,9.0,23.0,32.0,8.0,8.0,10.0,9.0,20.0,50.4,19.7,3.4,0.5,1.8,14,75.0,12.5,4.2,0,0.0,3,2,0.0,3.9,3,3.74,-1.24,4.99,4.5,3.0,15.0,11.0,73.3,10.0,4.0,40,0.0,0.0,0,7.0,1.0,2.0,5.0,0.0,2.0,17.0,15.0,19.0
GIESSEN 46ers,Viktor Kovacevic,25,Viktor Kovacevic,6,25.5,153.1,59.0,9.8,27.0,50.0,54,1.0,9.0,11.1,4.0,11.0,36.4,16.0,26.0,42.0,10.0,5.0,3.0,6.0,7.0,43.0,14.6,3.1,0.5,2.2,24,83.0,13.8,4.3,4,2.0,4,0,50.0,5.0,2,3.66,-0.75,4.41,4.3,3.5,38.0,23.0,60.5,3.0,3.0,100,0.0,0.0,0,9.0,0.0,2.0,3.0,0.0,0.0,6.0,7.0,13.0
SBB Baskets Wolmirstedt,Joshua Bonga,0,Joshua Bonga,6,22.9,137.4,55.0,9.2,19.0,51.0,37.3,8.0,27.0,29.6,9.0,18.0,50,3.0,17.0,20.0,15.0,2.0,1.0,7.0,16.0,60.4,23.2,12.1,3.3,4.4,31,86.0,14.3,18.9,0,0.0,1,0,0.0,2.0,1,-4.42,-4.43,0.01,2.9,3.2,19.0,10.0,52.6,5.0,1.0,20,0.0,0.0,0,7.0,2.0,5.0,1.0,0.0,1.0,4.0,10.0,11.0
GIESSEN 46ers,Abu Kigab,47,Abu Kigab,6,21.0,125.8,55.0,9.2,22.0,57.0,38.6,3.0,14.0,21.4,8.0,19.0,42.1,5.0,23.0,28.0,6.0,4.0,3.0,6.0,14.0,63.7,26.4,2.9,0.3,1.5,17,72.0,12.0,3.7,7,3.5,6,0,58.3,6.0,2,-3.37,-6.64,3.27,4.2,4.4,26.0,16.0,61.5,17.0,3.0,17.6,0.0,0.0,0,8.0,0.0,2.0,3.0,0.0,0.0,2.0,14.0,17.0
SBB Baskets Wolmirstedt,Fabien Kondo,34,Fabien Kondo,6,26.1,156.4,43.0,7.2,19.0,34.0,55.9,0.0,0.0,0,5.0,8.0,62.5,11.0,25.0,36.0,2.0,3.0,3.0,8.0,19.0,33.1,11.2,9.4,0.4,7.9,6,49.0,8.2,10.7,0,0,0,0,0,0.0,0,-5.39,-5.95,0.56,4.5,4.3,32.0,19.0,59.4,2.0,0.0,0,0.0,0.0,0,7.0,0.0,1.0,5.0,0.0,1.0,12.0,4.0,9.0
Paderborn Baskets,Eyassu Worku,24,Eyassu Worku,6,10.1,60.4,42.0,7.0,17.0,27.0,63,6.0,9.0,66.7,2.0,2.0,100,0.0,5.0,5.0,4.0,1.0,0.0,5.0,8.0,31.6,27.9,2.3,0.2,0.3,7,49.0,8.2,2.7,2,2.0,3,0,33.3,3.0,1,4.64,2.28,2.36,2.7,1.8,8.0,8.0,100,10.0,3.0,30,0.0,0.0,0,6.0,4.0,2.0,1.0,0.0,2.0,2.0,0.0,4.0
SBB Baskets Wolmirstedt,Alieu Ceesay,28,Alieu Ceesay,6,25.3,152.0,41.0,6.8,17.0,37.0,45.9,1.0,9.0,11.1,6.0,10.0,60,4.0,21.0,25.0,8.0,11.0,1.0,8.0,16.0,43.6,15.1,9.0,1.8,5.5,13,54.0,9.0,11.8,0,0,0,0,0,0.0,0,-3.13,-6.45,3.32,2.7,4.1,22.0,14.0,63.6,6.0,2.0,33.3,0.0,0.0,0,8.0,0.0,3.0,4.0,0.0,0.0,6.0,9.0,0.0
Nürnberg Falcons BC,Cameron Robert Parker,1,Cameron Robert Parker,6,17.5,104.7,25.0,4.2,9.0,23.0,39.1,3.0,9.0,33.3,4.0,8.0,50,0.0,9.0,9.0,26.0,1.0,0.0,8.0,5.0,33.1,16.7,1.4,1.4,0.5,64,89.0,14.8,4.9,1,1.0,1,2,26.6,3.9,1,-2.35,-3.3,0.95,1.7,2.6,13.0,5.0,38.5,1.0,1.0,100,0.0,0.0,0,4.0,3.0,2.0,5.0,0.0,1.0,1.0,6.0,0.0
SBB Baskets,Modestas Paulauskas,10/21,Modestas Paulauskas,6,10.8,65.0,23.0,3.8,8.0,17.0,47.1,2.0,7.0,28.6,5.0,8.0,62.5,3.0,14.0,17.0,2.0,1.0,0.0,4.0,12.0,20.7,16.7,1.7,0.1,1.2,10,33.0,5.5,2.4,2,1.0,2,0,50.0,2.0,2,-5.06,-6.97,1.92,4.0,4.0,9.0,6.0,66.7,1.0,0.0,0,0.0,0.0,0,2.0,0.0,0.0,3.0,0.0,1.0,10.0,5.0,3.0
Eisbären Bremerhaven,Evan Walshe,77,Evan Walshe,6,12.8,76.7,14.0,2.3,6.0,15.0,40,0.0,4.0,0,2.0,2.0,100,2.0,8.0,10.0,8.0,2.0,1.0,6.0,9.0,19.1,13.3,0.8,0.4,0.6,15,29.0,4.8,1.6,0,0,0,0,0,0.0,0,-4.35,-8.13,3.78,3.1,4.3,11.0,6.0,54.5,0.0,0.0,0,0.0,0.0,0,3.0,0.0,4.0,2.0,0.0,0.0,0.0,8.0,2.0
HAKRO Merlins Crailsheim,Maurice Stuckey,3,Maurice Stuckey,6,6.2,37.2,11.0,1.8,4.0,15.0,26.7,3.0,13.0,23.1,0.0,0.0,0,0.0,3.0,3.0,2.0,4.0,0.0,4.0,8.0,18.2,25.7,0.6,0.1,0.2,2,13.0,2.2,0.7,0,0,0,0,0,0.0,0,-6.3,-12.38,6.07,2.4,4.5,2.0,1.0,50,0.0,0.0,0,0.0,0.0,0,0.0,0.0,2.0,1.0,0.0,0.0,0.0,6.0,3.0
SBB Baskets,Joryam Saizonou,9,Joryam Saizonou,6,4.0,24.1,4.0,0.7,2.0,7.0,28.6,0.0,2.0,0,0.0,0.0,0,0.0,2.0,2.0,2.0,0.0,0.0,4.0,2.0,10.6,23.0,0.3,0.1,0.1,5,9.0,1.5,0.6,0,0.0,2,0,0.0,2.0,1,-17.3,-14.99,-2.31,2.8,4.2,4.0,2.0,50,1.0,0.0,0,0.0,0.0,0,1.0,0.0,1.0,2.0,0.0,0.0,0.0,2.0,0.0
RheinStars Köln,Konstantin Matthias Lehmann,7,Konstantin Matthias Lehmann,6,2.1,12.6,1.0,0.2,0.0,2.0,0,0.0,2.0,0,1.0,2.0,50,0.0,1.0,1.0,0.0,1.0,0.0,0.0,1.0,2.8,11.6,0.1,0.0,0.1,0,1.0,0.2,0.1,0,0,0,0,0,0.0,0,-7.98,-10.3,2.32,2.8,4.4,0.0,0.0,0,0.0,0.0,0,0.0,0.0,0,0.0,0.0,0.0,0.0,0.0,0.0,0.0,0.0,0.0
Bozic Estriche Knights Kirchheim,Clarence Felix Fansi,12,Clarence Felix Fansi,6,0.0,0.2,0.0,0.0,0.0,0.0,0,0.0,0.0,0,0.0,0.0,0,1.0,0.0,1.0,0.0,0.0,0.0,0.0,0.0,0.0,0.0,0.0,0.0,0.1,0,0.0,0.0,0.0,0,0,0,0,0,0.0,0,71.54,94.49,-22.94,3.1,4.0,0.0,0.0,0,0.0,0.0,0,0.0,0.0,0,0.0,0.0,0.0,0.0,0.0,0.0,0.0,0.0,0.0
Eisbären Bremerhaven,Lorenz Brenneke,11,Lorenz Brenneke,5,21.9,109.5,57.0,11.4,25.0,40.0,62.5,0.0,0.0,0,7.0,11.0,63.6,12.0,16.0,28.0,7.0,3.0,6.0,9.0,13.0,40.2,19.6,3.1,0.4,1.5,13,70.0,14.0,3.9,2,2.0,1,0,100.0,1.0,1,2.49,-2.2,4.68,5.0,3.1,38.0,24.0,63.2,2.0,1.0,50,0.0,0.0,0,7.0,0.0,1.0,4.0,0.0,1.0,12.0,14.0,12.0
SBB Baskets Wolmirstedt,Modestas Paulauskas,10,Modestas Paulauskas,5,20.8,104.2,45.0,9.0,13.0,35.0,37.1,3.0,10.0,30,16.0,23.0,69.6,16.0,25.0,41.0,7.0,0.0,0.0,8.0,11.0,35.6,18.0,9.9,1.5,9.0,15,60.0,12.0,13.2,3,3.0,2,0,75.0,3.0,1,-4.37,-2.72,-1.66,5.0,3.5,23.0,10.0,43.5,2.0,0.0,0,0.0,0.0,0,4.0,0.0,2.0,5.0,0.0,0.0,15.0,4.0,9.0
BG Göttingen,Wesley Nelson Dreamer,35,Wesley Nelson Dreamer,5,22.5,112.5,40.0,8.0,14.0,40.0,35,7.0,21.0,33.3,5.0,11.0,45.5,9.0,21.0,30.0,10.0,0.0,1.0,7.0,9.0,41.1,19.1,2.2,0.5,1.6,24,64.0,12.8,3.5,9,1.8,8,4,46.1,12.8,5,-1.58,-3.55,1.97,4.1,4.4,16.0,7.0,43.8,3.0,0.0,0,0.0,0.0,0,4.0,0.0,4.0,3.0,0.0,0.0,10.0,3.0,0.0
EPG Baskets Koblenz,Julian Lamont Larry,1,Julian Lamont Larry,5,17.4,87.2,37.0,7.4,12.0,23.0,52.2,2.0,7.0,28.6,11.0,13.0,84.6,4.0,8.0,12.0,7.0,6.0,0.0,10.0,8.0,33.3,19.2,1.9,0.4,0.6,18,55.0,11.0,2.8,0,0.0,1,0,0.0,2.0,1,-0.18,-3.65,3.47,2.4,3.1,12.0,7.0,58.3,4.0,3.0,75,0.0,0.0,0,7.0,1.0,5.0,4.0,0.0,0.0,0.0,8.0,11.0
Phoenix Hagen,Ryan Schwieger,3,Ryan Schwieger,5,16.9,84.7,35.0,7.0,12.0,24.0,50,6.0,13.0,46.2,5.0,5.0,100,3.0,13.0,16.0,11.0,2.0,0.0,7.0,8.0,29.0,17.2,1.8,0.6,0.8,26,61.0,12.2,3.2,4,4.0,1,2,106.4,1.9,1,4.15,-1.12,5.27,3.1,3.2,8.0,4.0,50,3.0,2.0,66.7,0.0,0.0,0,2.0,2.0,2.0,4.0,0.0,1.0,3.0,5.0,2.0
SBB Baskets Wolmirstedt,Martin Bogdanov,6,Martin Bogdanov,5,17.8,88.9,18.0,3.6,7.0,16.0,43.8,2.0,6.0,33.3,2.0,4.0,50,2.0,5.0,7.0,27.0,2.0,0.0,7.0,8.0,21.8,12.9,3.9,5.9,1.5,60,78.0,15.6,17.1,0,0,0,0,0,0.0,0,-3.35,-2.26,-1.09,1.0,1.3,8.0,4.0,50,2.0,1.0,50,0.0,0.0,0,4.0,1.0,3.0,2.0,0.0,2.0,0.0,2.0,3.0
SBB Baskets Wolmirstedt,Benjamin Koppke,21,Benjamin Koppke,5,14.1,70.4,11.0,2.2,4.0,10.0,40,0.0,0.0,0,3.0,4.0,75,2.0,10.0,12.0,1.0,0.0,1.0,7.0,5.0,16.1,12.0,2.4,0.2,2.6,2,13.0,2.6,2.9,0,0,0,0,0,0.0,0,-10.64,-9.91,-0.73,3.8,4.8,10.0,4.0,40,0.0,0.0,0,0.0,0.0,0,0.0,0.0,2.0,5.0,0.0,0.0,1.0,1.0,0.0
Phoenix Hagen,Jan Razdevsek,44,Jan Razdevsek,5,2.0,10.1,6.0,1.2,2.0,3.0,66.7,1.0,2.0,50,1.0,2.0,50,0.0,0.0,0.0,2.0,0.0,0.0,2.0,0.0,5.6,28.2,0.3,0.1,0.0,4,10.0,2.0,0.5,0,0,0,0,0,0.0,0,4.47,1.59,2.88,2.6,3.4,1.0,1.0,100,0.0,0.0,0,0.0,0.0,0,0.0,1.0,2.0,0.0,0.0,0.0,0.0,5.0,3.0
RheinStars Köln,Friedrich Beyer,17,Friedrich Beyer,5,3.9,19.5,3.0,0.6,1.0,2.0,50,0.0,0.0,0,1.0,2.0,50,1.0,2.0,3.0,1.0,0.0,1.0,0.0,3.0,1.8,4.9,0.2,0.1,0.2,3,6.0,1.2,0.3,0,0,0,0,0,0.0,0,-1.65,-4.79,3.14,3.6,4.1,1.0,0.0,0,1.0,1.0,100,0.0,0.0,0,0.0,0.0,0.0,0.0,0.0,0.0,1.0,0.0,0.0
RheinStars Köln,Fynn Rieck,8,Fynn Rieck,5,1.2,5.9,2.0,0.4,1.0,2.0,50,0.0,1.0,0,0.0,0.0,0,0.0,0.0,0.0,0.0,0.0,0.0,0.0,0.0,1.9,17.3,0.1,0.0,0.0,0,2.0,0.4,0.1,0,0,0,0,0,0.0,0,-5.35,-4.1,-1.26,2.9,4.1,1.0,1.0,100,0.0,0.0,0,0.0,0.0,0,0.0,0.0,0.0,0.0,0.0,0.0,0.0,0.0,0.0
VfL SparkassenStars Bochum,Henning Gustrau,21,Henning Gustrau,5,4.4,22.0,2.0,0.4,1.0,2.0,50,0.0,0.0,0,0.0,0.0,0,3.0,1.0,4.0,1.0,2.0,1.0,1.0,6.0,0.0,0.0,0.1,0.1,0.2,3,5.0,1.0,0.3,0,0,0,0,0,0.0,0,-1.45,-7.7,6.25,3.6,4.3,2.0,1.0,50,0.0,0.0,0,0.0,0.0,0,1.0,0.0,0.0,0.0,0.0,0.0,2.0,0.0,0.0
BBC Bayreuth,Chris Würmseher,44,Chris Würmseher,5,3.7,18.3,1.0,0.2,0.0,2.0,0,0.0,1.0,0,1.0,4.0,25,0.0,3.0,3.0,0.0,0.0,0.0,1.0,3.0,4.6,12.8,0.1,0.0,0.2,0,1.0,0.2,0.1,0,0,0,0,0,0.0,0,-15.96,-15.58,-0.38,3.3,4.5,0.0,0.0,0,1.0,0.0,0,0.0,0.0,0,0.0,0.0,0.0,1.0,0.0,0.0,1.0,0.0,0.0
Uni Baskets Münster,Lukas Ehrich,14,Lukas Ehrich,5,1.8,9.2,0.0,0.0,0.0,3.0,0,0.0,3.0,0,0.0,0.0,0,0.0,1.0,1.0,0.0,0.0,0.0,1.0,3.0,3.8,22.8,0.0,0.0,0.1,0,0.0,0.0,0.0,0,0,0,0,0,0.0,0,-31.81,-27.38,-4.43,3.1,4.3,0.0,0.0,0,0.0,0.0,0,0.0,0.0,0,0.0,0.0,0.0,0.0,0.0,1.0,0.0,0.0,0.0
SBB Baskets,Ben Köhler,3,Ben Köhler,5,0.0,0.1,0.0,0.0,0.0,0.0,0,0.0,0.0,0,0.0,0.0,0,0.0,0.0,0.0,0.0,0.0,0.0,0.0,0.0,0.0,0.0,0.0,0.0,0.0,0,0.0,0.0,0.0,0,0,0,0,0,0.0,0,-6.45,-6.51,0.06,3.0,4.0,0.0,0.0,0,0.0,0.0,0,0.0,0.0,0,0.0,0.0,0.0,0.0,0.0,0.0,0.0,0.0,0.0
BMA365 Bamberg Baskets,Cobe Williams,24,Cobe Williams,4,29.5,117.9,82.0,20.5,27.0,51.0,52.9,15.0,24.0,62.5,13.0,17.0,76.5,4.0,9.0,13.0,23.0,8.0,0.0,10.0,12.0,61.9,27.1,25.7,7.2,4.1,46,128.0,32.0,40.1,32,10.7,14,10,87.0,20.4,3,11.38,5.11,6.27,1.9,1.3,16.0,8.0,50,11.0,4.0,36.4,0.0,0.0,0,7.0,9.0,7.0,2.0,0.0,0.0,8.0,10.0,12.0
Tigers Tübingen,Jordan Nathaniel Johnson,11,Jordan Nathaniel Johnson,4,32.3,129.3,81.0,20.2,27.0,66.0,40.9,10.0,26.0,38.5,17.0,21.0,81,1.0,12.0,13.0,17.0,1.0,0.0,18.0,7.0,88.6,36.0,4.4,0.9,0.7,40,121.0,30.2,6.6,2,2.0,0,2,113.6,0.9,1,-3.36,-2.93,-0.43,2.4,2.1,26.0,13.0,50,14.0,4.0,28.6,0.0,0.0,0,11.0,4.0,5.0,11.0,0.0,0.0,8.0,17.0,12.0
SBB Baskets,Travis Henson,2,Travis Henson,4,32.0,128.1,62.0,15.5,18.0,43.0,41.9,6.0,20.0,30,20.0,23.0,87,5.0,10.0,15.0,4.0,4.0,4.0,3.0,9.0,49.1,20.2,4.5,0.3,1.1,9,71.0,17.8,5.1,11,5.5,9,6,47.3,12.6,2,2.09,-0.58,2.67,3.2,3.4,13.0,10.0,76.9,10.0,2.0,20,0.0,0.0,0,4.0,1.0,1.0,1.0,0.0,0.0,8.0,13.0,11.0
BMA365 Bamberg Baskets,Demarcus Demonia,8,Demarcus Demonia,4,28.3,113.3,51.0,12.8,17.0,37.0,45.9,7.0,20.0,35,10.0,15.0,66.7,5.0,15.0,20.0,11.0,6.0,0.0,3.0,11.0,39.9,18.2,16.0,3.4,6.3,29,80.0,20.0,25.0,5,2.5,1,2,133.0,1.9,2,4.08,-1.4,5.48,3.0,3.6,13.0,8.0,61.5,4.0,2.0,50,0.0,0.0,0,2.0,4.0,0.0,2.0,0.0,0.0,11.0,10.0,12.0
BMA365 Bamberg Baskets,Daniel Keppeler,31,Daniel Keppeler,4,14.4,57.7,34.0,8.5,14.0,21.0,66.7,2.0,6.0,33.3,4.0,6.0,66.7,2.0,6.0,8.0,2.0,2.0,4.0,1.0,10.0,21.7,19.5,10.6,0.6,2.5,2,36.0,9.0,11.3,10,10.0,5,3,79.1,6.3,1,6.54,-0.61,7.15,3.9,3.3,15.0,12.0,80,0.0,0.0,0,0.0,0.0,0,3.0,0.0,1.0,0.0,0.0,0.0,4.0,1.0,8.0
BMA365 Bamberg Baskets,Ejiofor Onu,35,Ejiofor Onu,4,21.4,85.4,33.0,8.2,14.0,22.0,63.6,1.0,5.0,20,4.0,7.0,57.1,3.0,13.0,16.0,2.0,0.0,7.0,7.0,12.0,27.9,16.9,10.3,0.6,5.0,3,36.0,9.0,11.3,7,2.3,3,3,81.0,5.3,3,-1.61,-6.93,5.32,4.8,4.1,14.0,13.0,92.9,3.0,0.0,0,0.0,0.0,0,0.0,0.0,2.0,2.0,0.0,1.0,4.0,3.0,5.0
BMA365 Bamberg Baskets,Austin Crowley,85,Austin Crowley,4,25.0,100.0,31.0,7.8,13.0,28.0,46.4,2.0,12.0,16.7,3.0,8.0,37.5,2.0,15.0,17.0,6.0,6.0,2.0,11.0,12.0,38.9,20.1,9.7,1.9,5.3,15,46.0,11.5,14.4,8,4.0,5,2,68.0,7.9,2,-4.13,-9.35,5.22,3.3,4.6,12.0,10.0,83.3,4.0,1.0,25,0.0,0.0,0,7.0,0.0,6.0,2.0,0.0,2.0,3.0,9.0,11.0
Uni Baskets Münster,Curtis Tarell Jones Jr,27,Curtis Tarell Jones Jr,4,16.8,67.2,30.0,7.5,13.0,35.0,37.1,3.0,16.0,18.8,1.0,4.0,25,1.0,13.0,14.0,5.0,1.0,0.0,7.0,5.0,41.0,33.4,1.7,0.3,0.8,7,37.0,9.2,2.1,0,0.0,1,0,0.0,1.0,1,-8.88,-8.47,-0.41,3.2,3.9,11.0,8.0,72.7,8.0,2.0,25,0.0,0.0,0,7.0,1.0,3.0,4.0,0.0,0.0,5.0,6.0,7.0
SBB Baskets,Kevin Wohlrath,22,Kevin Wohlrath,4,20.0,80.0,27.0,6.8,10.0,22.0,45.5,6.0,12.0,50,1.0,1.0,100,4.0,8.0,12.0,3.0,0.0,1.0,3.0,6.0,20.6,13.5,1.9,0.2,0.9,6,33.0,8.2,2.4,3,3.0,1,0,150.0,1.0,1,-1.15,-2.02,0.88,3.4,3.8,5.0,3.0,60,5.0,1.0,20,0.0,0.0,0,1.0,0.0,2.0,0.0,0.0,1.0,3.0,0.0,2.0
BMA365 Bamberg Baskets,Richard Balint,11,Richard Balint,4,16.7,66.8,20.0,5.0,6.0,21.0,28.6,6.0,18.0,33.3,2.0,2.0,100,0.0,1.0,1.0,11.0,5.0,1.0,9.0,7.0,29.6,22.9,6.3,3.4,0.3,23,43.0,10.8,13.5,0,0.0,3,0,0.0,3.0,2,-2.44,-6.3,3.87,1.7,3.9,2.0,0.0,0,1.0,0.0,0,0.0,0.0,0,0.0,4.0,4.0,3.0,0.0,1.0,0.0,8.0,6.0
BMA365 Bamberg Baskets,Adrian Petkovic,15,Adrian Petkovic,4,7.7,30.7,18.0,4.5,6.0,11.0,54.5,3.0,7.0,42.9,3.0,6.0,50,0.0,1.0,1.0,2.0,0.0,0.0,3.0,2.0,16.0,26.8,5.6,0.6,0.3,6,24.0,6.0,7.5,0,0,0,0,0,0.0,0,-1.38,-2.49,1.1,2.7,3.5,2.0,1.0,50,2.0,2.0,100,0.0,0.0,0,1.0,0.0,1.0,2.0,0.0,0.0,5.0,0.0,5.0
BMA365 Bamberg Baskets,Zachary Ensminger,1,Zachary Ensminger,4,15.4,61.8,13.0,3.2,5.0,15.0,33.3,2.0,6.0,33.3,1.0,4.0,25,2.0,9.0,11.0,12.0,2.0,0.0,1.0,7.0,15.1,12.6,4.1,3.8,3.4,28,41.0,10.2,12.8,0,0.0,1,0,0.0,1.0,1,0.93,-4.45,5.39,2.8,3.7,1.0,0.0,0,8.0,3.0,37.5,0.0,0.0,0,0.0,1.0,0.0,0.0,0.0,0.0,0.0,4.0,4.0
SBB Baskets,Matthew Thomas Lane,18,Matthew Thomas Lane,4,5.8,23.3,10.0,2.5,4.0,4.0,100,0.0,0.0,0,2.0,3.0,66.7,5.0,2.0,7.0,0.0,0.0,2.0,1.0,7.0,1.3,2.9,0.7,0.0,0.5,0,10.0,2.5,0.7,0,0,0,0,0,0.0,0,2.04,-1.55,3.59,4.4,3.5,4.0,4.0,100,0.0,0.0,0,0.0,0.0,0,4.0,0.0,0.0,0.0,0.0,1.0,8.0,0.0,0.0
Tigers Tübingen,Larry Matthew Thomas,0,Larry Matthew Thomas,4,11.5,45.9,7.0,1.8,2.0,14.0,14.3,2.0,9.0,22.2,1.0,2.0,50,0.0,2.0,2.0,11.0,3.0,0.0,3.0,7.0,17.2,19.7,0.4,0.6,0.1,20,27.0,6.8,1.5,0,0,0,0,0,0.0,0,-7.44,-9.49,2.04,1.6,3.2,1.0,0.0,0,4.0,0.0,0,0.0,0.0,0,0.0,0.0,2.0,1.0,0.0,0.0,3.0,1.0,1.0
Phoenix Hagen,Richard Fernando de Jesus Nunez Rivera,1,Richard Fernando de Jesus Nunez Rivera,4,3.2,12.7,6.0,1.5,2.0,4.0,50,1.0,1.0,100,1.0,1.0,100,1.0,1.0,2.0,3.0,0.0,0.0,0.0,3.0,3.3,13.0,0.3,0.2,0.1,8,14.0,3.5,0.7,2,2.0,1,0,100.0,1.0,1,9.7,3.09,6.61,2.9,3.4,1.0,0.0,0,2.0,1.0,50,0.0,0.0,0,0.0,0.0,0.0,0.0,0.0,0.0,0.0,3.0,0.0
BMA365 Bamberg Baskets,Finn Döntgens,7,Finn Döntgens,4,1.7,6.7,2.0,0.5,1.0,1.0,100,0.0,0.0,0,0.0,0.0,0,0.0,0.0,0.0,0.0,0.0,0.0,0.0,2.0,1.0,7.4,0.6,0.0,0.0,0,2.0,0.5,0.6,0,0,0,0,0,0.0,0,-4.07,-8.26,4.19,3.0,4.0,1.0,1.0,100,0.0,0.0,0,0.0,0.0,0,0.0,0.0,0.0,0.0,0.0,0.0,0.0,0.0,0.0
EPG Baskets Koblenz,Jakob Hanzalek,77,Jakob Hanzalek,4,3.2,12.7,0.0,0.0,0.0,1.0,0,0.0,1.0,0,0.0,0.0,0,0.0,0.0,0.0,1.0,0.0,0.0,0.0,1.0,1.0,3.8,0.0,0.1,0.0,2,2.0,0.5,0.1,0,0,0,0,0,0.0,0,-7.89,-8.06,0.17,2.7,4.2,0.0,0.0,0,0.0,0.0,0,0.0,0.0,0,0.0,0.0,0.0,0.0,0.0,0.0,0.0,0.0,0.0
HAKRO Merlins Crailsheim,Teodor Regoršek,13,Teodor Regoršek,4,0.4,1.5,0.0,0.0,0.0,0.0,0,0.0,0.0,0,0.0,0.0,0,0.0,0.0,0.0,0.0,0.0,0.0,0.0,0.0,0.0,0.0,0.0,0.0,0.0,0,0.0,0.0,0.0,0,0,0,0,0,0.0,0,-4.11,-6.69,2.59,3.0,4.1,0.0,0.0,0,0.0,0.0,0,0.0,0.0,0,0.0,0.0,0.0,0.0,0.0,0.0,0.0,0.0,0.0
RASTA Vechta,Alonzo Verge Jr.,11,Alonzo Verge Jr.,3,29.3,88.0,73.0,24.3,27.0,50.0,54,3.0,9.0,33.3,16.0,19.0,84.2,3.0,11.0,14.0,16.0,4.0,0.0,6.0,7.0,58.9,35.7,32.4,7.1,6.2,0,73.0,24.3,32.4,0,0,0,0,0,0.0,0,13.81,5.62,8.19,2.3,1.0,0.0,0.0,0,0.0,0.0,0,0.0,0.0,0,0.0,0.0,0.0,0.0,0.0,0.0,0.0,0.0,0.0
BMA365 Bamberg Baskets,Ibi Watson,2,Ibi Watson,3,30.8,92.4,54.0,18.0,17.0,27.0,63,11.0,15.0,73.3,9.0,10.0,90,6.0,13.0,19.0,11.0,2.0,0.0,5.0,5.0,29.2,16.3,16.9,3.4,5.9,29,83.0,27.7,26.0,16,8.0,5,5,111.1,9.2,2,11.62,6.1,5.52,3.3,1.9,4.0,3.0,75,8.0,3.0,37.5,0.0,0.0,0,1.0,2.0,3.0,2.0,0.0,0.0,3.0,8.0,10.0
RASTA Vechta,TJ Bamba,5,TJ Bamba,3,24.1,72.4,30.0,10.0,12.0,25.0,48,3.0,8.0,37.5,3.0,3.0,100,1.0,11.0,12.0,8.0,1.0,2.0,6.0,7.0,30.1,22.2,13.3,3.6,5.3,15,45.0,15.0,20.0,6,3.0,4,0,75.0,5.0,2,1.31,-4.9,6.21,3.5,3.0,12.0,8.0,66.7,5.0,1.0,20,0.0,0.0,0,4.0,0.0,1.0,4.0,0.0,0.0,3.0,6.0,4.0
HAKRO Merlins Crailsheim,Charles Tyrone Harris Jr.,11,Charles Tyrone Harris Jr.,3,14.4,43.2,29.0,9.7,9.0,21.0,42.9,3.0,9.0,33.3,8.0,9.0,88.9,2.0,2.0,4.0,8.0,0.0,0.0,3.0,6.0,24.9,30.3,1.6,0.4,0.2,0,29.0,9.7,1.6,0,0,0,0,0,0.0,0,5.61,1.89,3.72,2.4,2.3,0.0,0.0,0,0.0,0.0,0,0.0,0.0,0,0.0,0.0,0.0,0.0,0.0,0.0,0.0,0.0,0.0
RASTA Vechta,Joschka Ferner,9,Joschka Ferner,3,23.5,70.6,20.0,6.7,7.0,20.0,35,6.0,19.0,31.6,0.0,0.0,0,3.0,4.0,7.0,1.0,3.0,1.0,0.0,6.0,16.3,12.3,8.9,0.4,3.1,3,23.0,7.7,10.2,0,0.0,2,0,0.0,2.0,1,1.14,-3.89,5.03,3.1,4.5,0.0,0.0,0,1.0,1.0,100,0.0,0.0,0,0.0,0.0,0.0,0.0,0.0,0.0,0.0,0.0,3.0
RASTA Vechta,Malcolm Dandridge,23,Malcolm Dandridge,3,15.4,46.3,18.0,6.0,7.0,12.0,58.3,0.0,0.0,0,4.0,10.0,40,3.0,9.0,12.0,0.0,1.0,2.0,6.0,10.0,18.6,21.5,8.0,0.0,5.3,0,18.0,6.0,8.0,2,2.0,0,2,113.6,1.9,1,-8.01,-12.88,4.87,4.7,4.2,12.0,7.0,58.3,0.0,0.0,0,0.0,0.0,0,1.0,0.0,0.0,3.0,0.0,1.0,5.0,4.0,11.0
VfL SparkassenStars Bochum,Aitor Julen Pickett Lazo,99,Aitor Julen Pickett Lazo,3,22.2,66.6,16.0,5.3,7.0,14.0,50,0.0,6.0,0,2.0,2.0,100,5.0,9.0,14.0,2.0,2.0,1.0,3.0,8.0,12.4,9.8,0.9,0.1,0.8,6,22.0,7.3,1.2,0,0.0,1,0,0.0,1.0,1,-3.94,-6.23,2.29,4.0,4.4,6.0,6.0,100,2.0,1.0,50,0.0,0.0,0,3.0,0.0,1.0,1.0,0.0,0.0,6.0,0.0,2.0
RASTA Vechta,Philipp Herkenhoff,14,Philipp Herkenhoff,3,23.6,70.8,14.0,4.7,5.0,15.0,33.3,3.0,9.0,33.3,1.0,2.0,50,1.0,6.0,7.0,2.0,2.0,0.0,2.0,5.0,16.2,12.2,6.2,0.9,3.1,5,19.0,6.3,8.4,3,3.0,3,0,50.0,3.0,1,-3.69,-7.93,4.23,2.9,4.7,3.0,1.0,33.3,3.0,1.0,33.3,0.0,0.0,0,0.0,1.0,1.0,1.0,0.0,0.0,1.0,2.0,2.0
BMA365 Bamberg Baskets,Patrick Heckmann,33,Patrick Heckmann,3,14.2,42.7,14.0,4.7,4.0,8.0,50,1.0,5.0,20,5.0,6.0,83.3,1.0,9.0,10.0,4.0,2.0,0.0,2.0,5.0,11.2,13.5,4.4,1.3,3.1,7,21.0,7.0,6.6,0,0,0,0,0,0.0,0,2.88,-3.87,6.76,3.3,3.7,2.0,2.0,100,1.0,1.0,100,0.0,0.0,0,0.0,0.0,0.0,2.0,0.0,0.0,4.0,0.0,2.0
RASTA Vechta,Lars Thiemann,21,Lars Thiemann,3,17.2,51.5,12.0,4.0,4.0,7.0,57.1,0.0,0.0,0,4.0,8.0,50,5.0,8.0,13.0,0.0,1.0,1.0,2.0,5.0,7.2,7.5,5.3,0.0,5.8,0,12.0,4.0,5.3,0,0,0,0,0,0.0,0,-2.31,-6.51,4.2,4.3,4.5,7.0,4.0,57.1,0.0,0.0,0,0.0,0.0,0,2.0,0.0,0.0,2.0,0.0,0.0,4.0,4.0,2.0
RASTA Vechta,Luc van Slooten,6,Luc van Slooten,3,14.4,43.1,9.0,3.0,4.0,10.0,40,1.0,5.0,20,0.0,0.0,0,0.0,4.0,4.0,8.0,3.0,0.0,3.0,10.0,12.5,15.4,4.0,3.6,1.8,19,28.0,9.3,12.4,0,0.0,1,0,0.0,2.0,1,-1.9,-10.06,8.16,2.1,3.3,5.0,3.0,60,0.0,0.0,0,0.0,0.0,0,3.0,0.0,2.0,1.0,0.0,0.0,0.0,4.0,4.0
Phoenix Hagen,Nicola Schultze,33,Nicola Schultze,3,3.3,10.0,6.0,2.0,2.0,4.0,50,2.0,3.0,66.7,0.0,0.0,0,0.0,0.0,0.0,0.0,0.0,0.0,0.0,2.0,3.8,19.3,0.3,0.0,0.0,0,6.0,2.0,0.3,0,0,0,0,0,0.0,0,4.44,1.62,2.82,2.9,3.8,1.0,0.0,0,0.0,0.0,0,0.0,0.0,0,0.0,0.0,0.0,0.0,0.0,0.0,0.0,0.0,3.0
Bayer Giants Leverkusen,David Koch,26,David Koch,3,1.6,4.9,6.0,2.0,2.0,4.0,50,2.0,4.0,50,0.0,0.0,0,0.0,0.0,0.0,0.0,0.0,0.0,0.0,0.0,3.8,42.6,0.3,0.0,0.0,0,6.0,2.0,0.3,0,0,0,0,0,0.0,0,23.12,22.8,0.32,2.9,3.4,0.0,0.0,0,0.0,0.0,0,0.0,0.0,0,0.0,0.0,0.0,0.0,0.0,0.0,0.0,0.0,0.0
RheinStars Köln,Ferdinand Justus Trefzger,2,Ferdinand Justus Trefzger,3,2.4,7.3,2.0,0.7,1.0,3.0,33.3,0.0,1.0,0,0.0,0.0,0,0.0,0.0,0.0,0.0,1.0,0.0,1.0,1.0,3.8,27.7,0.1,0.0,0.0,0,2.0,0.7,0.1,0,0,0,0,0,0.0,0,-12.19,-14.69,2.5,2.6,4.3,1.0,0.0,0,1.0,1.0,100,0.0,0.0,0,0.0,0.0,1.0,0.0,0.0,0.0,0.0,0.0,0.0
Bayer Giants Leverkusen,Calvin Eugene Oldham JR,1,Calvin Eugene Oldham JR,3,5.4,16.2,2.0,0.7,1.0,4.0,25,0.0,2.0,0,0.0,0.0,0,0.0,1.0,1.0,0.0,0.0,0.0,2.0,3.0,5.8,19.4,0.1,0.0,0.1,0,2.0,0.7,0.1,0,0,0,0,0,0.0,0,-21.21,-17.91,-3.3,3.0,4.5,1.0,1.0,100,1.0,0.0,0,0.0,0.0,0,0.0,0.0,2.0,0.0,0.0,0.0,0.0,0.0,0.0
Eisbären Bremerhaven,Alejandro Ruano Garayoa,33,Alejandro Ruano Garayoa,3,5.2,15.7,0.0,0.0,0.0,2.0,0,0.0,1.0,0,0.0,0.0,0,0.0,0.0,0.0,0.0,0.0,0.0,2.0,3.0,3.8,13.0,0.0,0.0,0.0,0,0.0,0.0,0.0,0,0,0,0,0,0.0,0,-21.06,-19.14,-1.92,2.9,4.5,1.0,0.0,0,0.0,0.0,0,0.0,0.0,0,0.0,0.0,1.0,1.0,0.0,0.0,0.0,0.0,0.0
RASTA Vechta,Linus Trettin,15,Linus Trettin,3,0.6,1.7,0.0,0.0,0.0,0.0,0,0.0,0.0,0,0.0,0.0,0,0.0,1.0,1.0,0.0,0.0,0.0,0.0,0.0,0.0,0.0,0.0,0.0,0.4,0,0.0,0.0,0.0,0,0,0,0,0,0.0,0,-1.02,-8.27,7.25,3.2,4.1,0.0,0.0,0,0.0,0.0,0,0.0,0.0,0,0.0,0.0,0.0,0.0,0.0,0.0,0.0,0.0,0.0
MLP Academics Heidelberg,Marcus Weathers,0,Marcus Weathers; Damariae Horne,2,46.3,92.5,45.0,22.5,15.0,33.0,45.5,3.0,11.0,27.3,12.0,18.0,66.7,7.0,11.0,18.0,12.0,1.0,3.0,6.0,9.0,38.3,21.5,29.2,7.8,11.7,26,71.0,35.5,46.1,4,4.0,1,4,72.5,2.8,1,6.39,-0.65,7.04,3.6,2.2,17.0,14.0,82.4,21.0,6.0,28.6,0.0,0.0,0,9.0,4.0,1.0,9.0,0.0,0.0,18.0,10.0,20.0
MHP RIESEN Ludwigsburg,Elijah Hughes,7,Elijah Hughes,2,28.3,56.7,35.0,17.5,11.0,24.0,45.8,6.0,15.0,40,7.0,8.0,87.5,2.0,6.0,8.0,1.0,0.0,0.0,6.0,7.0,30.3,28.5,22.0,0.6,5.0,2,37.0,18.5,23.2,5,5.0,3,0,83.3,5.0,1,0.15,0.09,0.06,3.2,3.2,2.0,2.0,100,7.0,3.0,42.9,0.0,0.0,0,1.0,4.0,1.0,3.0,0.0,1.0,8.0,0.0,3.0
EWE Baskets Oldenburg,Nicholas Tischler,11,Nicholas Tischler,2,28.6,57.3,33.0,16.5,11.0,24.0,45.8,4.0,14.0,28.6,7.0,7.0,100,4.0,5.0,9.0,5.0,4.0,0.0,4.0,5.0,26.0,25.9,23.6,3.6,6.4,13,46.0,23.0,32.8,7,3.5,1,4,126.8,4.8,2,12.7,1.67,11.03,2.5,1.8,8.0,7.0,87.5,2.0,0.0,0,0.0,0.0,0,4.0,0.0,2.0,2.0,0.0,0.0,4.0,6.0,11.0
RASTA Vechta,Tommy Kuhse,12,Tommy Kuhse,2,26.4,52.8,31.0,15.5,11.0,28.0,39.3,6.0,17.0,35.3,3.0,4.0,75,1.0,5.0,6.0,5.0,2.0,0.0,6.0,3.0,33.4,33.7,13.8,2.2,2.7,10,41.0,20.5,18.2,9,9.0,3,2,116.0,3.9,1,0.63,-2.94,3.56,2.6,3.1,7.0,2.0,28.6,4.0,3.0,75,0.0,0.0,0,2.0,0.0,6.0,0.0,0.0,0.0,3.0,6.0,10.0
MLP Academics Heidelberg,Michael Weathers,20,Michael Weathers,2,28.0,56.0,28.0,14.0,9.0,20.0,45,3.0,9.0,33.3,7.0,9.0,77.8,0.0,10.0,10.0,9.0,5.0,0.0,8.0,8.0,30.7,28.4,18.2,5.8,6.5,19,47.0,23.5,30.5,5,2.5,5,1,46.0,5.4,2,5.41,-4.44,9.85,2.0,2.1,4.0,2.0,50,7.0,4.0,57.1,0.0,0.0,0,1.0,0.0,5.0,2.0,0.0,0.0,0.0,7.0,9.0
FC Bayern München Basketball,Andreas Obst,13,Andreas Obst,2,24.2,48.5,28.0,14.0,7.0,21.0,33.3,5.0,14.0,35.7,9.0,9.0,100,1.0,3.0,4.0,6.0,5.0,0.0,4.0,3.0,26.8,29.6,17.6,3.8,2.5,12,40.0,20.0,25.2,11,11.0,6,3,75.1,8.3,1,7.47,0.85,6.62,1.9,3.4,5.0,2.0,40,2.0,0.0,0,0.0,0.0,0,2.0,1.0,3.0,1.0,0.0,0.0,3.0,7.0,6.0
FC Bayern München Basketball,Isiaha Mike,22,Isiaha Mike,2,27.0,54.0,28.0,14.0,6.0,16.0,37.5,2.0,10.0,20,14.0,18.0,77.8,4.0,13.0,17.0,3.0,1.0,0.0,3.0,4.0,22.0,21.8,17.6,1.9,10.7,8,36.0,18.0,22.7,2,2.0,4,4,17.4,5.8,1,2.74,-1.01,3.75,3.6,3.8,5.0,4.0,80,1.0,0.0,0,0.0,0.0,0,1.0,0.0,2.0,0.0,0.0,0.0,2.0,4.0,3.0
MHP RIESEN Ludwigsburg,Traveon Buchanan,2,Traveon Buchanan,2,31.9,63.7,26.0,13.0,9.0,27.0,33.3,4.0,16.0,25,4.0,5.0,80,3.0,4.0,7.0,4.0,0.0,0.0,6.0,6.0,30.9,25.9,16.3,2.5,4.4,6,32.0,16.0,20.1,7,7.0,5,1,64.3,6.4,1,-6.22,-4.42,-1.8,2.7,3.9,5.0,3.0,60,6.0,2.0,33.3,0.0,0.0,0,3.0,4.0,3.0,2.0,0.0,1.0,4.0,5.0,1.0
FC Bayern München Basketball,Justus Hollatz,21,Justus Hollatz,2,18.3,36.7,26.0,13.0,10.0,10.0,100,4.0,4.0,100,2.0,2.0,100,1.0,3.0,4.0,4.0,1.0,0.0,2.0,7.0,11.4,16.6,16.4,2.5,2.5,5,31.0,15.5,19.5,0,0,0,0,0,0.0,0,16.82,8.21,8.62,2.7,1.9,5.0,5.0,100,1.0,1.0,100,0.0,0.0,0,4.0,0.0,1.0,0.0,0.0,0.0,7.0,5.0,8.0
EWE Baskets Oldenburg,Christopher Clemons,3,Christopher Clemons,2,32.9,65.7,24.0,12.0,6.0,26.0,23.1,4.0,14.0,28.6,8.0,8.0,100,3.0,8.0,11.0,6.0,3.0,0.0,6.0,3.0,31.2,27.1,17.1,4.3,7.9,10,34.0,17.0,24.3,3,1.5,10,0,15.0,10.0,2,1.07,-6.29,7.36,2.6,3.2,8.0,1.0,12.5,4.0,1.0,25,0.0,0.0,0,1.0,4.0,2.0,2.0,0.0,1.0,2.0,0.0,3.0
MHP RIESEN Ludwigsburg,Babacar Sane,0,Babacar Sane,2,17.0,34.0,21.0,10.5,7.0,15.0,46.7,4.0,9.0,44.4,3.0,6.0,50,3.0,6.0,9.0,2.0,0.0,0.0,3.0,6.0,16.9,26.6,13.2,1.3,5.6,5,26.0,13.0,16.3,3,3.0,2,0,75.0,2.0,1,2.37,1.52,0.85,3.4,3.1,4.0,1.0,25,2.0,2.0,100,0.0,0.0,0,1.0,3.0,0.0,2.0,0.0,1.0,8.0,0.0,0.0
FC Bayern München Basketball,Vladimir Lucic,11,Vladimir Lucic,2,27.8,55.6,19.0,9.5,5.0,12.0,41.7,1.0,6.0,16.7,8.0,8.0,100,5.0,10.0,15.0,8.0,1.0,0.0,1.0,3.0,11.1,10.7,12.0,5.0,9.4,16,35.0,17.5,22.0,1,1.0,1,1,34.7,1.4,1,7.65,1.98,5.68,3.1,3.4,5.0,4.0,80,1.0,0.0,0,0.0,0.0,0,3.0,0.0,1.0,0.0,0.0,0.0,6.0,5.0,3.0
EWE Baskets Oldenburg,Michale Kyser,12,Michale Kyser,2,22.5,45.0,17.0,8.5,6.0,11.0,54.5,0.0,1.0,0,5.0,6.0,83.3,5.0,6.0,11.0,0.0,0.0,1.0,1.0,2.0,9.3,11.7,12.1,0.0,7.9,0,17.0,8.5,12.1,4,2.0,1,4,72.5,2.8,2,4.04,-2.42,6.46,5.0,3.6,4.0,3.0,75,6.0,3.0,50,0.0,0.0,0,1.0,0.0,0.0,1.0,0.0,0.0,3.0,2.0,6.0
MLP Academics Heidelberg,Samuell Williamson,10,Samuell Williamson,2,17.3,34.6,17.0,8.5,7.0,13.0,53.8,1.0,4.0,25,2.0,2.0,100,3.0,5.0,8.0,0.0,0.0,0.0,4.0,3.0,14.3,21.4,11.0,0.0,5.2,0,17.0,8.5,11.0,2,2.0,1,0,100.0,1.0,1,-1.86,-5.27,3.41,3.7,3.7,7.0,5.0,71.4,2.0,1.0,50,0.0,0.0,0,3.0,0.0,1.0,2.0,0.0,1.0,6.0,0.0,0.0
FC Bayern München Basketball,Oscar da Silva,1,Oscar da Silva,2,18.8,37.6,17.0,8.5,6.0,11.0,54.5,1.0,2.0,50,4.0,5.0,80,3.0,5.0,8.0,1.0,1.0,2.0,4.0,6.0,13.6,19.4,10.7,0.6,5.0,3,20.0,10.0,12.6,5,5.0,3,0,83.3,5.0,1,0.47,-4.63,5.1,3.8,3.9,8.0,5.0,62.5,1.0,0.0,0,0.0,0.0,0,1.0,0.0,2.0,1.0,0.0,1.0,2.0,2.0,4.0
RASTA Vechta,Lloyd Pandi,41,Lloyd Pandi,2,22.0,43.9,16.0,8.0,8.0,10.0,80,0.0,0.0,0,0.0,0.0,0,3.0,7.0,10.0,4.0,4.0,1.0,0.0,6.0,6.7,8.2,7.1,1.8,4.4,12,28.0,14.0,12.4,6,6.0,3,0,100.0,3.0,1,11.82,0.03,11.79,3.3,3.0,10.0,8.0,80,0.0,0.0,0,0.0,0.0,0,3.0,0.0,0.0,0.0,0.0,0.0,0.0,2.0,0.0
MHP RIESEN Ludwigsburg,Keeshawn Kellman,32,Keeshawn Kellman,2,28.5,57.0,16.0,8.0,8.0,13.0,61.5,0.0,0.0,0,0.0,4.0,0,7.0,8.0,15.0,1.0,2.0,2.0,1.0,7.0,8.4,7.9,10.0,0.6,9.4,2,18.0,9.0,11.3,0,0,0,0,0,0.0,0,2.59,-0.5,3.09,4.1,4.3,9.0,6.0,66.7,4.0,2.0,50,0.0,0.0,0,1.0,0.0,0.0,0.0,0.0,0.0,8.0,2.0,2.0
MLP Academics Heidelberg,Osun Osunniyi,12,Osun Osunniyi,2,25.9,51.8,16.0,8.0,7.0,13.0,53.8,1.0,1.0,100,1.0,2.0,50,4.0,2.0,6.0,0.0,1.0,0.0,4.0,7.0,13.3,13.4,10.4,0.0,3.9,0,16.0,8.0,10.4,0,0,0,0,0,0.0,0,-3.67,-7.74,4.07,3.1,4.2,9.0,5.0,55.6,3.0,1.0,33.3,0.0,0.0,0,1.0,0.0,1.0,1.0,0.0,0.0,4.0,2.0,2.0
Nürnberg Falcons BC,Georgios Gkiouzelis,12,Georgios Gkiouzelis,2,21.9,43.9,15.0,7.5,5.0,12.0,41.7,2.0,6.0,33.3,3.0,3.0,100,0.0,6.0,6.0,0.0,1.0,0.0,3.0,4.0,15.7,18.8,0.8,0.0,0.3,0,15.0,7.5,0.8,0,0,0,0,0,0.0,0,-6.08,-7.31,1.23,3.2,4.3,3.0,3.0,100,3.0,0.0,0,0.0,0.0,0,0.0,0.0,1.0,2.0,0.0,0.0,2.0,0.0,0.0
MLP Academics Heidelberg,Erol Ersek,11,Erol Ersek,2,15.7,31.5,14.0,7.0,5.0,11.0,45.5,4.0,8.0,50,0.0,0.0,0,0.0,3.0,3.0,2.0,0.0,0.0,1.0,5.0,11.5,19.0,9.1,1.3,1.9,6,20.0,10.0,13.0,0,0,0,0,0,0.0,0,3.27,-2.23,5.49,2.9,3.3,0.0,0.0,0,3.0,1.0,33.3,0.0,0.0,0,0.0,2.0,1.0,0.0,0.0,0.0,3.0,0.0,5.0
FC Bayern München Basketball,Justinian Jessup,10,Justinian Jessup,2,19.0,38.0,14.0,7.0,6.0,14.0,42.9,1.0,6.0,16.7,1.0,2.0,50,2.0,4.0,6.0,3.0,0.0,0.0,3.0,4.0,15.2,21.5,8.8,1.9,3.8,9,23.0,11.5,14.5,0,0,0,0,0,0.0,0,-5.33,-6.65,1.32,3.0,4.3,2.0,2.0,100,6.0,3.0,50,0.0,0.0,0,0.0,0.0,2.0,1.0,0.0,0.0,0.0,0.0,2.0
EWE Baskets Oldenburg,Filip Stanic,65,Filip Stanic,2,17.5,35.0,13.0,6.5,4.0,9.0,44.4,0.0,0.0,0,5.0,7.0,71.4,3.0,5.0,8.0,0.0,1.0,0.0,5.0,5.0,13.5,22.1,9.3,0.0,5.7,0,13.0,6.5,9.3,2,2.0,1,0,100.0,2.0,1,-5.09,-11.68,6.59,3.5,3.9,8.0,4.0,50,1.0,0.0,0,0.0,0.0,0,3.0,0.0,2.0,2.0,0.0,1.0,4.0,0.0,2.0
RASTA Vechta,Tevin Brown,10,Tevin Brown,2,24.0,48.0,12.0,6.0,5.0,24.0,20.8,1.0,12.0,8.3,1.0,1.0,100,1.0,4.0,5.0,5.0,2.0,0.0,0.0,3.0,22.5,25.0,5.3,2.2,2.2,7,19.0,9.5,8.4,2,2.0,2,0,50.0,2.0,1,-8.65,-10.9,2.25,2.5,4.1,9.0,4.0,44.4,3.0,0.0,0,0.0,0.0,0,0.0,0.0,0.0,0.0,0.0,0.0,0.0,0.0,2.0
EWE Baskets Oldenburg,Brian Fobbs,4,Brian Fobbs,2,32.2,64.3,12.0,6.0,4.0,19.0,21.1,2.0,12.0,16.7,2.0,4.0,50,2.0,5.0,7.0,3.0,1.0,0.0,4.0,6.0,21.8,19.4,8.6,2.1,5.0,8,20.0,10.0,14.3,3,1.5,5,2,25.5,5.9,2,-7.17,-12.38,5.21,2.8,4.5,2.0,1.0,50,5.0,1.0,20,0.0,0.0,0,1.0,1.0,2.0,1.0,0.0,0.0,0.0,2.0,5.0
MHP RIESEN Ludwigsburg,Yorman Polas Bartolo,13,Yorman Polas Bartolo,2,24.3,48.7,11.0,5.5,2.0,11.0,18.2,1.0,7.0,14.3,6.0,10.0,60,5.0,8.0,13.0,1.0,1.0,0.0,4.0,5.0,13.8,15.1,6.9,0.6,8.2,2,13.0,6.5,8.2,5,5.0,1,3,107.8,3.3,1,-6.93,-6.57,-0.36,3.5,4.7,2.0,0.0,0,2.0,1.0,50,0.0,0.0,0,0.0,0.0,2.0,1.0,0.0,0.0,1.0,3.0,2.0
MLP Academics Heidelberg,Marcel Keßen,15,Marcel Keßen,2,14.1,28.2,11.0,5.5,4.0,10.0,40,3.0,7.0,42.9,0.0,4.0,0,4.0,6.0,10.0,0.0,1.0,0.0,0.0,3.0,7.4,13.7,7.1,0.0,6.5,0,11.0,5.5,7.1,0,0,0,0,0,0.0,0,3.65,-0.58,4.23,3.9,4.2,1.0,0.0,0,2.0,1.0,50,0.0,0.0,0,0.0,0.0,0.0,0.0,0.0,0.0,0.0,3.0,8.0
MHP RIESEN Ludwigsburg,Jonas Wohlfarth-Bottermann,18,Jonas Wohlfarth-Bottermann,2,13.3,26.7,10.0,5.0,4.0,5.0,80,0.0,0.0,0,2.0,4.0,50,4.0,2.0,6.0,1.0,0.0,2.0,1.0,5.0,3.6,7.2,6.3,0.6,3.8,0,10.0,5.0,6.3,2,2.0,1,0,100.0,1.0,1,4.72,0.97,3.75,4.3,3.6,5.0,4.0,80,0.0,0.0,0,0.0,0.0,0,2.0,0.0,1.0,0.0,0.0,0.0,4.0,2.0,2.0
FC Bayern München Basketball,Niels Giffey,5,Niels Giffey,2,11.7,23.4,10.0,5.0,3.0,11.0,27.3,2.0,6.0,33.3,2.0,2.0,100,2.0,1.0,3.0,0.0,1.0,0.0,2.0,0.0,11.4,26.0,6.3,0.0,1.9,0,10.0,5.0,6.3,0,0,0,0,0,0.0,0,-5.84,-5.21,-0.63,2.9,4.6,2.0,0.0,0,3.0,1.0,33.3,0.0,0.0,0,0.0,1.0,1.0,1.0,0.0,0.0,2.0,0.0,0.0
MHP RIESEN Ludwigsburg,Brandon Tischler,24,Brandon Tischler,2,24.1,48.1,9.0,4.5,2.0,7.0,28.6,1.0,3.0,33.3,4.0,6.0,66.7,2.0,8.0,10.0,5.0,2.0,0.0,4.0,5.0,11.2,12.4,5.6,3.1,6.3,12,21.0,10.5,13.2,3,3.0,1,0,150.0,1.0,1,-1.02,-4.43,3.41,2.5,3.5,2.0,1.0,50,2.0,0.0,0,0.0,0.0,0,0.0,0.0,2.0,0.0,0.0,1.0,0.0,0.0,1.0
EWE Baskets Oldenburg,James Woodard,10,James Woodard,2,23.4,46.8,9.0,4.5,3.0,12.0,25,1.0,7.0,14.3,2.0,2.0,100,4.0,9.0,13.0,4.0,3.0,0.0,2.0,3.0,10.4,12.7,6.4,2.9,9.3,5,14.0,7.0,10.0,2,2.0,2,2,34.7,2.9,1,3.16,-6.72,9.89,3.1,3.9,5.0,2.0,40,0.0,0.0,0,0.0,0.0,0,1.0,0.0,1.0,0.0,0.0,1.0,0.0,3.0,0.0
Phoenix Hagen,Finn Pook,6,Finn Pook,2,3.7,7.5,8.0,4.0,3.0,5.0,60,2.0,4.0,50,0.0,0.0,0,0.0,0.0,0.0,1.0,0.0,0.0,0.0,1.0,4.8,32.3,0.4,0.1,0.0,2,10.0,5.0,0.5,0,0,0,0,0,0.0,0,20.54,14.82,5.71,2.8,3.2,1.0,1.0,100,0.0,0.0,0,0.0,0.0,0,1.0,0.0,0.0,0.0,0.0,0.0,0.0,0.0,0.0
EWE Baskets Oldenburg,Seth Hinrichs,21,Seth Hinrichs,2,21.6,43.2,8.0,4.0,3.0,12.0,25,2.0,5.0,40,0.0,0.0,0,2.0,7.0,9.0,2.0,2.0,0.0,4.0,3.0,13.4,17.8,5.7,1.4,6.4,4,12.0,6.0,8.6,0,0.0,1,0,0.0,2.0,1,-3.31,-10.85,7.54,3.1,4.3,4.0,1.0,25,3.0,0.0,0,0.0,0.0,0,1.0,0.0,3.0,0.0,0.0,0.0,5.0,0.0,0.0
MLP Academics Heidelberg,Mateo Seric,21,Mateo Seric,2,14.3,28.6,6.0,3.0,2.0,10.0,20,2.0,6.0,33.3,0.0,2.0,0,1.0,3.0,4.0,2.0,1.0,1.0,0.0,5.0,9.5,17.2,3.9,1.3,2.6,5,11.0,5.5,7.1,0,0,0,0,0,0.0,0,-2.84,-8.63,5.79,3.3,4.3,0.0,0.0,0,4.0,0.0,0,0.0,0.0,0,0.0,0.0,0.0,0.0,0.0,0.0,0.0,0.0,0.0
PS Karlsruhe LIONS,Jason George,24,Jason George,2,18.9,37.9,5.0,2.5,2.0,8.0,25,1.0,4.0,25,0.0,0.0,0,1.0,4.0,5.0,4.0,0.0,1.0,1.0,0.0,7.7,10.7,0.3,0.2,0.3,10,15.0,7.5,0.8,0,0.0,1,0,0.0,1.0,1,-3.01,-4.43,1.42,3.1,4.1,3.0,0.0,0,1.0,1.0,100,0.0,0.0,0,0.0,0.0,0.0,0.0,0.0,1.0,0.0,0.0,0.0
EWE Baskets Oldenburg,Jonil Fugett,19,Jonil Fugett,2,7.0,14.1,5.0,2.5,1.0,1.0,100,0.0,0.0,0,3.0,4.0,75,1.0,1.0,2.0,2.0,2.0,0.0,0.0,4.0,1.7,6.8,3.6,1.4,1.4,5,10.0,5.0,7.1,0,0,0,0,0,0.0,0,16.88,-2.06,18.94,2.5,3.0,1.0,1.0,100,0.0,0.0,0,0.0,0.0,0,1.0,0.0,0.0,0.0,0.0,0.0,0.0,3.0,1.0
MHP RIESEN Ludwigsburg,Johannes Patrick,6,Johannes Patrick,2,6.9,13.8,4.0,2.0,1.0,2.0,50,0.0,0.0,0,2.0,2.0,100,1.0,1.0,2.0,1.0,2.0,0.0,2.0,4.0,3.7,14.4,2.5,0.6,1.3,3,7.0,3.5,4.4,0,0,0,0,0,0.0,0,1.89,-6.9,8.79,2.3,3.7,2.0,1.0,50,0.0,0.0,0,0.0,0.0,0,1.0,0.0,0.0,2.0,0.0,0.0,0.0,2.0,2.0
MLP Academics Heidelberg,Dusan Neskovic,7,Dusan Neskovic,2,14.0,28.0,4.0,2.0,1.0,6.0,16.7,0.0,1.0,0,2.0,2.0,100,0.0,4.0,4.0,2.0,0.0,0.0,3.0,5.0,9.5,17.6,2.6,1.3,2.6,6,10.0,5.0,6.5,0,0,0,0,0,0.0,0,-11.92,-15.66,3.74,3.1,4.2,4.0,1.0,25,1.0,0.0,0,0.0,0.0,0,0.0,0.0,0.0,2.0,0.0,1.0,0.0,0.0,0.0
FC Bayern München Basketball,Xavier Rathan-Mayes,4,Xavier Rathan-Mayes,2,2.4,4.8,4.0,2.0,1.0,2.0,50,0.0,1.0,0,2.0,2.0,100,0.0,1.0,1.0,1.0,0.0,0.0,0.0,1.0,2.8,30.6,2.5,0.6,0.6,3,7.0,3.5,4.4,0,0,0,0,0,0.0,0,12.42,3.89,8.53,3.0,3.6,0.0,0.0,0,1.0,1.0,100,0.0,0.0,0,0.0,0.0,0.0,0.0,0.0,0.0,0.0,0.0,2.0
FC Bayern München Basketball,Leon Kratzer,8,Leon Kratzer,2,13.4,26.8,4.0,2.0,2.0,4.0,50,0.0,0.0,0,0.0,2.0,0,3.0,6.0,9.0,1.0,2.0,1.0,3.0,2.0,4.7,9.4,2.5,0.6,5.7,2,6.0,3.0,3.8,0,0,0,0,0,0.0,0,0.18,-6.27,6.45,3.6,4.5,4.0,2.0,50,0.0,0.0,0,0.0,0.0,0,2.0,0.0,0.0,0.0,0.0,1.0,4.0,0.0,0.0
MHP RIESEN Ludwigsburg,Julis Baumer,37,Julis Baumer,2,4.7,9.4,3.0,1.5,1.0,1.0,100,1.0,1.0,100,0.0,0.0,0,0.0,1.0,1.0,0.0,0.0,0.0,1.0,2.0,1.9,10.8,1.9,0.0,0.6,0,3.0,1.5,1.9,0,0,0,0,0,0.0,0,-0.35,-3.03,2.68,3.1,3.8,0.0,0.0,0,0.0,0.0,0,0.0,0.0,0,0.0,0.0,0.0,1.0,0.0,0.0,0.0,0.0,0.0
Eisbären Bremerhaven,Benjamin Zintz,5,Benjamin Zintz,2,1.1,2.3,2.0,1.0,1.0,1.0,100,0.0,0.0,0,0.0,0.0,0,0.0,0.0,0.0,0.0,0.0,0.0,0.0,0.0,1.0,22.3,0.1,0.0,0.0,0,2.0,1.0,0.1,0,0,0,0,0,0.0,0,14.24,9.23,5.01,3.0,3.8,1.0,1.0,100,0.0,0.0,0,0.0,0.0,0,0.0,0.0,0.0,0.0,0.0,0.0,0.0,0.0,0.0
MHP RIESEN Ludwigsburg,Lenny Anigbata,12,Lenny Anigbata,2,12.3,24.7,2.0,1.0,1.0,5.0,20,0.0,4.0,0,0.0,1.0,0,1.0,2.0,3.0,1.0,0.0,0.0,0.0,4.0,4.3,9.2,1.3,0.6,1.9,3,5.0,2.5,3.1,0,0,0,0,0,0.0,0,-9.12,-8.79,-0.33,3.0,4.3,0.0,0.0,0,1.0,1.0,100,0.0,0.0,0,0.0,0.0,0.0,0.0,0.0,0.0,2.0,0.0,0.0
SBB Baskets Wolmirstedt,Matthew Thomas Lane,18,Matthew Thomas Lane,2,4.9,9.8,1.0,0.5,0.0,2.0,0,0.0,0.0,0,1.0,2.0,50,1.0,3.0,4.0,0.0,0.0,1.0,1.0,2.0,2.8,14.8,0.2,0.0,0.9,0,1.0,0.5,0.2,0,0,0,0,0,0.0,0,-15.85,-15.29,-0.56,4.1,4.3,2.0,0.0,0,0.0,0.0,0,0.0,0.0,0,0.0,0.0,0.0,1.0,0.0,0.0,1.0,0.0,0.0
MLP Academics Heidelberg,Noah Koch,1,Noah Koch,2,1.2,2.5,1.0,0.5,0.0,1.0,0,0.0,0.0,0,1.0,2.0,50,0.0,0.0,0.0,0.0,0.0,0.0,0.0,0.0,1.8,38.3,0.6,0.0,0.0,0,1.0,0.5,0.6,0,0,0,0,0,0.0,0,-15.54,-12.95,-2.59,3.0,4.1,1.0,0.0,0,0.0,0.0,0,0.0,0.0,0,0.0,0.0,0.0,0.0,0.0,0.0,0.0,0.0,0.0
MHP RIESEN Ludwigsburg,Lukas Modic,38,Lukas Modic,2,0.6,1.2,0.0,0.0,0.0,0.0,0,0.0,0.0,0,0.0,0.0,0,0.0,0.0,0.0,0.0,0.0,0.0,0.0,0.0,0.0,0.0,0.0,0.0,0.0,0,0.0,0.0,0.0,0,0,0,0,0,0.0,0,-3.45,-3.87,0.43,3.0,4.0,0.0,0.0,0,0.0,0.0,0,0.0,0.0,0,0.0,0.0,0.0,0.0,0.0,0.0,0.0,0.0,0.0
MLP Academics Heidelberg,Niklas Würzner,2,Niklas Würzner,2,3.1,6.1,0.0,0.0,0.0,1.0,0,0.0,1.0,0,0.0,0.0,0,0.0,0.0,0.0,0.0,0.0,0.0,3.0,4.0,3.8,32.6,0.0,0.0,0.0,0,0.0,0.0,0.0,0,0,0,0,0,0.0,0,-48.03,-45.79,-2.25,3.0,4.2,0.0,0.0,0,0.0,0.0,0,0.0,0.0,0,0.0,0.0,1.0,1.0,0.0,1.0,0.0,0.0,0.0
MHP RIESEN Ludwigsburg,Stefan Smith,3,Stefan Smith,1,36.5,36.5,35.0,35.0,6.0,16.0,37.5,4.0,9.0,44.4,19.0,20.0,95,0.0,4.0,4.0,5.0,3.0,0.0,4.0,4.0,27.6,40.5,22.0,3.1,2.5,12,47.0,47.0,29.5,11,11.0,5,2,93.5,6.9,1,17.66,10.64,7.03,1.6,1.0,6.0,1.0,16.7,1.0,1.0,100,0.0,0.0,0,1.0,3.0,2.0,2.0,0.0,0.0,0.0,7.0,11.0
SYNTAINICS MBC,Charles Callison,23,Charles Callison,1,28.1,28.1,29.0,29.0,11.0,13.0,84.6,7.0,8.0,87.5,0.0,0.0,0,0.0,0.0,0.0,2.0,0.0,0.0,2.0,0.0,14.4,28.2,39.9,2.8,0.0,2,31.0,31.0,42.6,0,0,0,0,0,0.0,0,17.85,21.63,-3.77,2.4,1.5,3.0,2.0,66.7,2.0,2.0,100,0.0,0.0,0,2.0,3.0,1.0,0.0,0.0,1.0,6.0,3.0,0.0
Veolia Towers Hamburg,Justin Edler Davis,19,Justin Edler Davis,1,27.5,27.5,24.0,24.0,7.0,17.0,41.2,6.0,13.0,46.2,4.0,5.0,80,5.0,9.0,14.0,0.0,2.0,0.0,2.0,1.0,15.6,28.1,29.8,0.0,17.4,0,24.0,24.0,29.8,6,6.0,4,4,52.1,6.8,1,8.95,8.42,0.52,4.5,3.6,3.0,1.0,33.3,1.0,0.0,0,0.0,0.0,0,0.0,2.0,1.0,1.0,0.0,0.0,5.0,7.0,7.0
VET-CONCEPT Gladiators Trier,Eli Brooks,55,Eli Brooks,1,29.1,29.1,24.0,24.0,9.0,13.0,69.2,6.0,8.0,75,0.0,0.0,0,0.0,2.0,2.0,9.0,0.0,0.0,1.0,1.0,13.4,23.8,31.0,11.6,2.6,19,43.0,43.0,55.5,0,0,0,0,0,0.0,0,19.42,16.39,3.03,2.4,2.2,5.0,3.0,60,0.0,0.0,0,0.0,0.0,0,2.0,3.0,1.0,0.0,0.0,0.0,0.0,3.0,3.0
FC Bayern München Basketball,Nenad Dimitrijevic,0,Nenad Dimitrijevic,1,31.0,31.0,24.0,24.0,6.0,12.0,50,2.0,4.0,50,10.0,12.0,83.3,1.0,4.0,5.0,7.0,0.0,0.0,2.0,4.0,17.5,30.3,15.1,4.4,3.1,16,40.0,40.0,25.2,15,15.0,7,6,77.8,10.6,1,11.96,6.04,5.92,2.6,2.2,3.0,2.0,66.7,5.0,2.0,40,0.0,0.0,0,2.0,1.0,1.0,1.0,0.0,0.0,3.0,0.0,2.0
SKYLINERS,William Christmas,8,William Christmas,1,31.3,31.3,22.0,22.0,7.0,12.0,58.3,2.0,4.0,50,6.0,9.0,66.7,3.0,6.0,9.0,1.0,2.0,1.0,4.0,4.0,16.3,26.9,25.2,1.1,10.3,0,22.0,22.0,25.2,6,6.0,3,2,77.3,5.9,1,4.43,1.24,3.18,4.2,3.2,8.0,5.0,62.5,0.0,0.0,0,0.0,0.0,0,5.0,1.0,0.0,2.0,0.0,0.0,0.0,5.0,6.0
Fitness First Würzburg Baskets,Davion Mintz,10,Davion Mintz,1,26.3,26.3,21.0,21.0,7.0,10.0,70,4.0,4.0,100,3.0,4.0,75,0.0,4.0,4.0,1.0,2.0,0.0,2.0,1.0,13.2,28.7,30.0,1.4,5.7,2,23.0,23.0,32.8,3,3.0,2,0,75.0,2.0,1,23.32,9.47,13.84,2.7,2.3,3.0,2.0,66.7,3.0,1.0,33.3,0.0,0.0,0,2.0,1.0,2.0,0.0,0.0,0.0,0.0,7.0,10.0
Telekom Baskets Bonn,Jeff Garrett Jr.,4,Jeff Garrett Jr.,1,24.5,24.5,20.0,20.0,7.0,9.0,77.8,6.0,8.0,75,0.0,0.0,0,1.0,4.0,5.0,0.0,2.0,2.0,3.0,4.0,10.6,22.8,26.4,0.0,6.6,3,23.0,23.0,30.4,0,0,0,0,0,0.0,0,14.17,10.72,3.44,3.6,2.7,0.0,0.0,0,0.0,0.0,0,0.0,0.0,0,0.0,0.0,0.0,0.0,0.0,0.0,0.0,0.0,0.0
SKYLINERS,Jaedon Le Dee,13,Jaedon Le Dee,1,31.3,31.3,19.0,19.0,8.0,14.0,57.1,1.0,1.0,100,2.0,3.0,66.7,1.0,5.0,6.0,0.0,0.0,1.0,1.0,3.0,14.7,24.2,21.8,0.0,6.9,0,19.0,19.0,21.8,6,6.0,4,2,61.5,5.9,1,-0.44,-0.61,0.17,4.1,3.9,7.0,5.0,71.4,6.0,2.0,33.3,0.0,0.0,0,2.0,0.0,0.0,1.0,0.0,0.0,4.0,0.0,5.0
Veolia Towers Hamburg,Zacharie Perrin,52,Zacharie Perrin,1,26.4,26.4,18.0,18.0,8.0,10.0,80,0.0,0.0,0,2.0,7.0,28.6,1.0,7.0,8.0,3.0,0.0,0.0,1.0,1.0,12.6,23.6,22.3,3.7,9.9,5,23.0,23.0,28.5,7,7.0,3,5,67.3,5.2,1,5.58,2.22,3.36,3.6,3.2,9.0,8.0,88.9,1.0,0.0,0,0.0,0.0,0,2.0,0.0,0.0,1.0,0.0,0.0,1.0,4.0,2.0
Basketball Löwen Braunschweig,Ferdinand Zylka,6,Ferdinand Zylka,1,22.4,22.4,18.0,18.0,6.0,10.0,60,4.0,6.0,66.7,2.0,2.0,100,0.0,1.0,1.0,0.0,1.0,0.0,2.0,4.0,12.4,29.2,23.8,0.0,1.3,0,18.0,18.0,23.8,0,0,0,0,0,0.0,0,3.1,3.04,0.06,2.8,2.7,0.0,0.0,0,4.0,2.0,50,0.0,0.0,0,0.0,3.0,1.0,1.0,0.0,0.0,0.0,0.0,6.0
SYNTAINICS MBC,Khyri Thomas,0,Khyri Thomas,1,28.7,28.7,17.0,17.0,7.0,12.0,58.3,0.0,1.0,0,3.0,3.0,100,0.0,3.0,3.0,3.0,1.0,1.0,3.0,3.0,15.7,30.0,23.4,4.1,4.1,9,26.0,26.0,35.8,0,0,0,0,0,0.0,0,-5.09,-1.87,-3.22,3.3,3.0,7.0,6.0,85.7,4.0,1.0,25,0.0,0.0,0,5.0,0.0,1.0,1.0,0.0,0.0,0.0,0.0,0.0
NINERS Chemnitz,Corey Davis,5,Corey Davis,1,36.1,36.1,16.0,16.0,4.0,10.0,40,3.0,7.0,42.9,5.0,5.0,100,0.0,1.0,1.0,5.0,0.0,0.0,7.0,2.0,18.4,25.3,23.5,7.3,1.5,13,29.0,29.0,42.6,5,5.0,3,0,83.3,3.0,1,-7.77,-3.93,-3.84,2.4,3.5,2.0,1.0,50,1.0,0.0,0,0.0,0.0,0,1.0,1.0,4.0,2.0,0.0,0.0,0.0,0.0,0.0
NINERS Chemnitz,Kostja Mushidi,11,Kostja Mushidi,1,24.0,24.0,16.0,16.0,6.0,11.0,54.5,2.0,7.0,28.6,2.0,4.0,50,0.0,2.0,2.0,1.0,0.0,0.0,1.0,1.0,13.2,27.3,23.5,1.5,2.9,3,19.0,19.0,27.9,3,3.0,2,2,52.1,2.9,1,-2.25,0.51,-2.76,3.0,3.8,4.0,4.0,100,0.0,0.0,0,0.0,0.0,0,4.0,0.0,1.0,0.0,0.0,0.0,0.0,0.0,2.0
SKYLINERS,Isaiah Swope,1,Isaiah Swope,1,29.0,29.0,15.0,15.0,5.0,12.0,41.7,3.0,5.0,60,2.0,2.0,100,0.0,0.0,0.0,2.0,2.0,0.0,5.0,3.0,17.2,30.6,17.2,2.3,0.0,5,20.0,20.0,22.9,5,5.0,5,2,42.5,6.9,1,-4.58,-4.39,-0.19,2.1,3.6,2.0,0.0,0,5.0,2.0,40,0.0,0.0,0,0.0,2.0,2.0,3.0,0.0,0.0,0.0,6.0,6.0
NINERS Chemnitz,Kevin Yebo,0,Kevin Yebo,1,24.5,24.5,15.0,15.0,3.0,4.0,75,2.0,3.0,66.7,7.0,8.0,87.5,1.0,3.0,4.0,1.0,0.0,0.0,2.0,3.0,8.2,16.6,22.0,1.5,5.9,0,15.0,15.0,22.0,2,2.0,1,2,53.2,1.9,1,2.75,2.72,0.03,3.4,3.3,1.0,1.0,100,0.0,0.0,0,0.0,0.0,0,0.0,0.0,1.0,1.0,0.0,0.0,1.0,2.0,3.0
BMA365 Bamberg Baskets,Moritz Krimmer,27,Moritz Krimmer,1,24.2,24.2,15.0,15.0,6.0,13.0,46.2,2.0,6.0,33.3,1.0,1.0,100,3.0,5.0,8.0,0.0,0.0,0.0,0.0,2.0,10.0,21.4,4.7,0.0,2.5,0,15.0,15.0,4.7,10,10.0,6,1,77.6,6.4,1,-0.0,-0.05,0.05,4.0,4.2,5.0,2.0,40,2.0,2.0,100,0.0,0.0,0,1.0,0.0,0.0,0.0,0.0,0.0,7.0,0.0,2.0
VET-CONCEPT Gladiators Trier,Nolan Adekunle,22,Nolan Adekunle,1,23.9,23.9,14.0,14.0,4.0,8.0,50,2.0,6.0,33.3,4.0,5.0,80,2.0,3.0,5.0,2.0,1.0,0.0,0.0,2.0,7.9,17.0,18.1,2.6,6.5,4,18.0,18.0,23.2,0,0,0,0,0,0.0,0,4.95,3.86,1.09,3.3,4.0,2.0,2.0,100,0.0,0.0,0,0.0,0.0,0,1.0,0.0,0.0,0.0,0.0,0.0,5.0,2.0,6.0
Telekom Baskets Bonn,Michael Kessens,6,Michael Kessens,1,24.2,24.2,14.0,14.0,7.0,8.0,87.5,0.0,0.0,0,0.0,1.0,0,5.0,1.0,6.0,1.0,0.0,1.0,2.0,4.0,5.2,11.4,18.5,1.3,7.9,3,17.0,17.0,22.5,0,0,0,0,0,0.0,0,-1.72,2.33,-4.05,3.8,3.3,8.0,7.0,87.5,0.0,0.0,0,0.0,0.0,0,4.0,0.0,0.0,2.0,0.0,0.0,6.0,0.0,2.0
Telekom Baskets Bonn,Grayson Murphy,7,Grayson Murphy,1,27.9,27.9,14.0,14.0,6.0,14.0,42.9,2.0,6.0,33.3,0.0,0.0,0,1.0,4.0,5.0,7.0,2.0,1.0,1.0,1.0,13.4,25.5,18.5,9.2,6.6,12,26.0,26.0,34.4,0,0,0,0,0,0.0,0,5.31,4.71,0.6,2.5,2.7,8.0,4.0,50,0.0,0.0,0,0.0,0.0,0,4.0,2.0,1.0,0.0,0.0,0.0,0.0,0.0,2.0
BBC Bayreuth,Kyle Sturdivant,0,Kyle Sturdivant,1,19.2,19.2,13.0,13.0,5.0,10.0,50,3.0,7.0,42.9,0.0,0.0,0,0.0,0.0,0.0,4.0,0.0,0.0,0.0,1.0,9.6,25.7,0.7,0.2,0.0,7,20.0,20.0,1.0,0,0,0,0,0,0.0,0,12.15,9.16,2.99,2.3,2.6,2.0,2.0,100,1.0,0.0,0,0.0,0.0,0,2.0,0.0,0.0,0.0,0.0,0.0,3.0,2.0,5.0
Veolia Towers Hamburg,Leonard Jr. Thorpe,2,Leonard Jr. Thorpe,1,30.3,30.3,13.0,13.0,5.0,7.0,71.4,2.0,3.0,66.7,1.0,2.0,50,0.0,1.0,1.0,6.0,0.0,1.0,3.0,4.0,10.4,17.1,16.1,7.4,1.2,0,13.0,13.0,16.1,0,0,0,0,0,0.0,0,3.26,-0.78,4.04,3.2,2.9,0.0,0.0,0,0.0,0.0,0,0.0,0.0,0,0.0,0.0,0.0,0.0,0.0,0.0,0.0,0.0,0.0
SYNTAINICS MBC,Marcus Foster,5,Marcus Foster,1,30.6,30.6,13.0,13.0,5.0,11.0,45.5,3.0,5.0,60,0.0,2.0,0,2.0,4.0,6.0,0.0,1.0,0.0,5.0,0.0,14.3,25.6,17.9,0.0,8.3,0,13.0,13.0,17.9,0,0,0,0,0,0.0,0,-13.41,-4.34,-9.07,3.3,4.3,6.0,2.0,33.3,0.0,0.0,0,0.0,0.0,0,2.0,1.0,2.0,1.0,0.0,2.0,2.0,0.0,0.0
VET-CONCEPT Gladiators Trier,Clay Guillozet,4,Clay Guillozet,1,18.5,18.5,12.0,12.0,5.0,8.0,62.5,1.0,1.0,100,1.0,2.0,50,0.0,1.0,1.0,2.0,3.0,1.0,0.0,2.0,8.5,23.7,15.5,2.6,1.3,3,15.0,15.0,19.4,0,0,0,0,0,0.0,0,12.79,3.5,9.29,2.5,3.9,7.0,4.0,57.1,0.0,0.0,0,0.0,0.0,0,2.0,0.0,0.0,0.0,0.0,0.0,0.0,0.0,1.0
VET-CONCEPT Gladiators Trier,Evans Rapieque,21,Evans Rapieque,1,11.4,11.4,12.0,12.0,4.0,4.0,100,4.0,4.0,100,0.0,0.0,0,1.0,0.0,1.0,1.0,0.0,0.0,0.0,0.0,2.9,13.0,15.5,1.3,1.3,3,15.0,15.0,19.4,0,0,0,0,0,0.0,0,33.31,29.42,3.89,2.9,2.8,0.0,0.0,0,0.0,0.0,0,0.0,0.0,0,0.0,0.0,0.0,0.0,0.0,0.0,3.0,3.0,3.0
NINERS Chemnitz,Kaza Kajami-Keane,10,Kaza Kajami-Keane,1,24.0,24.0,12.0,12.0,4.0,6.0,66.7,4.0,6.0,66.7,0.0,0.0,0,1.0,2.0,3.0,5.0,1.0,0.0,0.0,4.0,4.8,9.9,17.6,7.3,4.4,12,24.0,24.0,35.2,0,0,0,0,0,0.0,0,12.62,8.86,3.76,2.4,2.8,0.0,0.0,0,0.0,0.0,0,0.0,0.0,0,0.0,2.0,0.0,0.0,0.0,0.0,0.0,0.0,0.0
FC Bayern München Basketball,Kamar Baldwin,44,Kamar Baldwin,1,19.4,19.4,12.0,12.0,5.0,8.0,62.5,1.0,2.0,50,1.0,2.0,50,0.0,3.0,3.0,3.0,3.0,1.0,1.0,2.0,9.5,26.2,7.6,1.9,1.9,7,19.0,19.0,12.0,0,0,0,0,0,0.0,0,19.72,4.74,14.98,2.7,3.2,4.0,2.0,50,2.0,2.0,100,0.0,0.0,0,1.0,0.0,1.0,0.0,0.0,0.0,0.0,4.0,4.0
EWE Baskets Oldenburg,Dakarai Tucker,7,Dakarai Tucker,1,28.6,28.6,12.0,12.0,5.0,12.0,41.7,2.0,8.0,25,0.0,0.0,0,0.0,1.0,1.0,1.0,1.0,0.0,1.0,2.0,12.5,24.9,8.6,0.7,0.7,3,15.0,15.0,10.7,5,5.0,4,0,62.5,4.0,1,2.57,-4.9,7.47,2.6,3.6,4.0,3.0,75,0.0,0.0,0,0.0,0.0,0,3.0,0.0,1.0,0.0,0.0,0.0,6.0,4.0,7.0
SKYLINERS,Nahiem Alleyne,4,Nahiem Alleyne,1,29.9,29.9,11.0,11.0,3.0,7.0,42.9,2.0,5.0,40,3.0,4.0,75,0.0,1.0,1.0,2.0,1.0,0.0,0.0,4.0,8.4,14.5,12.6,2.3,1.1,3,14.0,14.0,16.1,0,0.0,2,0,0.0,2.0,1,0.89,-0.94,1.83,2.5,3.7,2.0,1.0,50,0.0,0.0,0,0.0,0.0,0,0.0,1.0,0.0,0.0,0.0,0.0,0.0,4.0,5.0
Fitness First Würzburg Baskets,Brae Ivey,11,Brae Ivey,1,27.5,27.5,11.0,11.0,4.0,9.0,44.4,3.0,7.0,42.9,0.0,2.0,0,0.0,3.0,3.0,2.0,1.0,0.0,4.0,2.0,13.3,27.7,15.7,2.9,4.3,5,16.0,16.0,22.8,3,3.0,3,0,50.0,5.0,1,0.16,-6.71,6.87,2.6,3.4,1.0,1.0,100,1.0,0.0,0,0.0,0.0,0,1.0,1.0,2.0,1.0,0.0,0.0,0.0,0.0,0.0
NINERS Chemnitz,Amadou Sow,12,Amadou Sow,1,22.7,22.7,11.0,11.0,5.0,10.0,50,1.0,3.0,33.3,0.0,0.0,0,4.0,6.0,10.0,3.0,0.0,1.0,1.0,3.0,6.7,14.7,16.2,4.4,14.7,7,18.0,18.0,26.4,0,0.0,1,0,0.0,1.0,1,1.78,1.84,-0.06,4.6,3.8,7.0,4.0,57.1,0.0,0.0,0,0.0,0.0,0,2.0,0.0,0.0,0.0,0.0,0.0,4.0,0.0,0.0
Veolia Towers Hamburg,Jean-Pierre Tokoto II,7,Jean-Pierre Tokoto II,1,22.6,22.6,10.0,10.0,3.0,5.0,60,1.0,1.0,100,3.0,4.0,75,0.0,1.0,1.0,3.0,1.0,0.0,0.0,3.0,6.5,14.3,12.4,3.7,1.2,5,15.0,15.0,18.6,0,0.0,1,0,0.0,1.0,1,4.72,0.06,4.66,2.5,3.4,0.0,0.0,0,4.0,2.0,50,0.0,0.0,0,0.0,0.0,0.0,0.0,0.0,0.0,0.0,0.0,0.0
VET-CONCEPT Gladiators Trier,Jordan Roland,15,Jordan Roland,1,25.0,25.0,10.0,10.0,4.0,10.0,40,1.0,6.0,16.7,1.0,1.0,100,0.0,2.0,2.0,2.0,2.0,0.0,1.0,0.0,11.0,22.7,12.9,2.6,2.6,6,16.0,16.0,20.6,0,0,0,0,0,0.0,0,-4.12,-4.47,0.35,2.6,4.4,1.0,1.0,100,3.0,2.0,66.7,0.0,0.0,0,0.0,0.0,0.0,0.0,0.0,1.0,3.0,0.0,3.0
VET-CONCEPT Gladiators Trier,Urald King,20,Urald King,1,22.8,22.8,10.0,10.0,4.0,7.0,57.1,0.0,2.0,0,2.0,2.0,100,2.0,3.0,5.0,2.0,0.0,2.0,3.0,1.0,8.5,19.3,12.9,2.6,6.5,5,15.0,15.0,19.4,0,0,0,0,0,0.0,0,-2.52,-3.39,0.87,3.9,4.2,5.0,4.0,80,0.0,0.0,0,0.0,0.0,0,1.0,0.0,2.0,1.0,0.0,0.0,6.0,2.0,2.0
VET-CONCEPT Gladiators Trier,Maik Zirbes,33,Maik Zirbes,1,20.8,20.8,10.0,10.0,2.0,3.0,66.7,0.0,0.0,0,6.0,6.0,100,0.0,2.0,2.0,3.0,0.0,1.0,3.0,2.0,8.3,20.6,12.9,3.9,2.6,8,18.0,18.0,23.2,0,0,0,0,0,0.0,0,0.34,-2.12,2.46,3.2,3.6,3.0,2.0,66.7,0.0,0.0,0,0.0,0.0,0,0.0,0.0,0.0,2.0,0.0,0.0,0.0,2.0,4.0
Telekom Baskets Bonn,Alijah Comithier,2,Alijah Comithier,1,22.1,22.1,10.0,10.0,3.0,7.0,42.9,0.0,0.0,0,4.0,6.0,66.7,2.0,0.0,2.0,0.0,0.0,0.0,2.0,5.0,9.3,22.1,13.2,0.0,2.6,0,10.0,10.0,13.2,0,0,0,0,0,0.0,0,-18.35,-10.06,-8.29,3.2,4.3,5.0,3.0,60,2.0,0.0,0,0.0,0.0,0,2.0,0.0,0.0,2.0,0.0,0.0,4.0,4.0,4.0
Telekom Baskets Bonn,Joel Aminu,21,Joel Aminu,1,27.0,27.0,10.0,10.0,2.0,8.0,25,2.0,8.0,25,4.0,6.0,66.7,2.0,1.0,3.0,3.0,1.0,0.0,2.0,2.0,10.2,20.0,13.2,4.0,4.0,2,12.0,12.0,15.9,0,0,0,0,0,0.0,0,-8.15,-2.6,-5.55,2.7,3.8,0.0,0.0,0,0.0,0.0,0,0.0,0.0,0,0.0,0.0,2.0,0.0,0.0,0.0,7.0,0.0,3.0
Fitness First Würzburg Baskets,Marcus Carr,5,Marcus Carr,1,21.1,21.1,10.0,10.0,3.0,6.0,50,0.0,1.0,0,4.0,7.0,57.1,0.0,1.0,1.0,6.0,0.0,1.0,1.0,3.0,9.7,26.1,14.3,8.6,1.4,16,26.0,26.0,37.1,2,2.0,1,1,69.4,2.4,1,10.18,0.44,9.74,1.9,1.7,3.0,3.0,100,2.0,0.0,0,0.0,0.0,0,3.0,0.0,0.0,1.0,0.0,0.0,2.0,2.0,2.0
SKYLINERS,Logan Johnson,0,Logan Johnson,1,19.2,19.2,9.0,9.0,1.0,1.0,100,0.0,0.0,0,7.0,10.0,70,0.0,2.0,2.0,7.0,1.0,0.0,2.0,2.0,7.1,19.0,10.3,8.0,2.3,17,26.0,26.0,29.8,2,2.0,0,4,56.8,1.8,1,10.4,4.78,5.62,1.8,1.6,1.0,1.0,100,0.0,0.0,0,0.0,0.0,0,1.0,0.0,1.0,1.0,0.0,0.0,0.0,4.0,4.0
SKYLINERS,Till Pape,19,Till Pape,1,22.8,22.8,9.0,9.0,3.0,6.0,50,0.0,2.0,0,3.0,5.0,60,1.0,2.0,3.0,0.0,0.0,0.0,2.0,1.0,8.8,20.0,10.3,0.0,3.4,0,9.0,9.0,10.3,0,0,0,0,0,0.0,0,-7.96,-5.66,-2.3,3.3,4.3,3.0,2.0,66.7,1.0,1.0,100,0.0,0.0,0,1.0,0.0,1.0,1.0,0.0,0.0,2.0,2.0,1.0
Veolia Towers Hamburg,Eric Jr. Reed,43,Eric Jr. Reed,1,29.9,29.9,9.0,9.0,3.0,12.0,25,1.0,9.0,11.1,2.0,2.0,100,1.0,1.0,2.0,3.0,0.0,0.0,1.0,3.0,12.4,20.6,11.2,3.7,2.5,0,9.0,9.0,11.2,0,0,0,0,0,0.0,0,-10.71,-8.56,-2.14,2.8,4.3,0.0,0.0,0,0.0,0.0,0,0.0,0.0,0,0.0,0.0,0.0,0.0,0.0,0.0,0.0,0.0,0.0
VET-CONCEPT Gladiators Trier,Marten Linßen,12,Marten Linßen,1,15.2,15.2,9.0,9.0,3.0,5.0,60,1.0,1.0,100,2.0,2.0,100,1.0,4.0,5.0,1.0,0.0,0.0,2.0,4.0,6.6,22.5,11.6,1.3,6.5,2,11.0,11.0,14.2,0,0,0,0,0,0.0,0,-5.32,-5.52,0.2,3.8,3.9,4.0,2.0,50,0.0,0.0,0,0.0,0.0,0,0.0,0.0,0.0,2.0,0.0,0.0,0.0,0.0,3.0
Basketball Löwen Braunschweig,David NGuessan,1,David NGuessan,1,24.9,24.9,9.0,9.0,4.0,8.0,50,0.0,2.0,0,1.0,2.0,50,3.0,2.0,5.0,1.0,0.0,0.0,2.0,2.0,7.6,16.1,11.9,1.3,6.6,2,11.0,11.0,14.5,0,0,0,0,0,0.0,0,-12.12,-6.98,-5.14,3.7,3.9,6.0,4.0,66.7,0.0,0.0,0,0.0,0.0,0,1.0,0.0,1.0,1.0,0.0,0.0,2.0,2.0,2.0
Veolia Towers Hamburg,Zsombor Maronka,5,Zsombor Maronka,1,17.4,17.4,8.0,8.0,2.0,4.0,50,2.0,3.0,66.7,2.0,2.0,100,0.0,2.0,2.0,0.0,0.0,0.0,2.0,1.0,6.6,18.8,9.9,0.0,2.5,0,8.0,8.0,9.9,3,3.0,1,0,150.0,2.0,1,-3.11,-3.19,0.08,3.1,3.9,0.0,0.0,0,1.0,0.0,0,0.0,0.0,0,0.0,0.0,0.0,2.0,0.0,0.0,0.0,0.0,3.0
SYNTAINICS MBC,Spencer Reaves,31,Spencer Reaves,1,22.5,22.5,8.0,8.0,3.0,9.0,33.3,2.0,8.0,25,0.0,0.0,0,1.0,2.0,3.0,1.0,0.0,0.0,1.0,0.0,8.6,21.1,11.0,1.4,4.1,3,11.0,11.0,15.1,0,0,0,0,0,0.0,0,-12.03,-2.2,-9.83,3.1,4.3,1.0,1.0,100,0.0,0.0,0,0.0,0.0,0,1.0,0.0,0.0,1.0,0.0,0.0,0.0,0.0,0.0
Basketball Löwen Braunschweig,Luka Scuka,5,Luka Scuka,1,20.2,20.2,8.0,8.0,2.0,6.0,33.3,2.0,5.0,40,2.0,2.0,100,0.0,4.0,4.0,2.0,1.0,0.0,1.0,1.0,7.6,19.7,10.6,2.6,5.3,0,8.0,8.0,10.6,0,0,0,0,0,0.0,0,-1.7,-2.09,0.39,3.1,3.4,1.0,0.0,0,0.0,0.0,0,0.0,0.0,0,0.0,1.0,1.0,0.0,0.0,0.0,3.0,0.0,0.0
Uni Baskets Münster,Adam Touray,19,Adam Touray,1,27.6,27.6,7.0,7.0,3.0,7.0,42.9,0.0,0.0,0,1.0,2.0,50,1.0,3.0,4.0,1.0,0.0,0.0,0.0,2.0,6.6,13.1,0.4,0.1,0.2,2,9.0,9.0,0.5,2,2.0,3,0,33.3,3.0,1,-5.07,-5.57,0.5,3.1,4.2,6.0,2.0,33.3,1.0,1.0,100,0.0,0.0,0,0.0,0.0,0.0,0.0,0.0,0.0,1.0,0.0,0.0
BMA365 Bamberg Baskets,Ibrahim Watson-Boye,2,Ibrahim Watson-Boye,1,25.4,25.4,7.0,7.0,3.0,7.0,42.9,0.0,3.0,0,1.0,1.0,100,2.0,3.0,5.0,2.0,0.0,0.0,1.0,2.0,6.2,12.6,2.2,0.6,1.6,29,36.0,36.0,11.3,5,5.0,3,1,72.7,4.4,1,-3.76,-5.74,1.98,3.3,4.3,2.0,1.0,50,2.0,2.0,100,0.0,0.0,0,0.0,0.0,1.0,0.0,0.0,0.0,2.0,0.0,2.0
Telekom Baskets Bonn,Melvin Jostmann,12,Melvin Jostmann,1,17.2,17.2,7.0,7.0,3.0,5.0,60,0.0,1.0,0,1.0,2.0,50,1.0,3.0,4.0,0.0,0.0,0.0,0.0,1.0,4.7,14.4,9.2,0.0,5.3,0,7.0,7.0,9.2,0,0,0,0,0,0.0,0,-7.74,-2.25,-5.5,3.5,4.1,3.0,3.0,100,1.0,0.0,0,0.0,0.0,0,1.0,0.0,0.0,0.0,0.0,0.0,4.0,1.0,0.0
Basketball Löwen Braunschweig,Benjamin Schröder,2,Benjamin Schröder,1,25.6,25.6,7.0,7.0,3.0,5.0,60,0.0,0.0,0,1.0,4.0,25,1.0,1.0,2.0,0.0,0.0,0.0,2.0,3.0,7.4,15.4,9.2,0.0,2.6,0,7.0,7.0,9.2,0,0,0,0,0,0.0,0,-16.76,-11.55,-5.21,3.2,4.2,4.0,3.0,75,1.0,0.0,0,0.0,0.0,0,1.0,0.0,2.0,0.0,0.0,0.0,2.0,3.0,4.0
VET-CONCEPT Gladiators Trier,Marco Hollersbacher,9,Marco Hollersbacher,1,21.2,21.2,6.0,6.0,2.0,5.0,40,1.0,2.0,50,1.0,3.0,33.3,1.0,4.0,5.0,5.0,2.0,0.0,2.0,4.0,7.0,17.1,7.7,6.5,6.5,12,18.0,18.0,23.2,0,0,0,0,0,0.0,0,0.55,-4.58,5.13,3.0,3.9,3.0,1.0,33.3,0.0,0.0,0,0.0,0.0,0,0.0,0.0,1.0,0.0,0.0,0.0,0.0,0.0,0.0
Telekom Baskets Bonn,Tylan Birts,5,Tylan Birts,1,30.2,30.2,6.0,6.0,2.0,10.0,20,2.0,7.0,28.6,0.0,0.0,0,0.0,2.0,2.0,0.0,3.0,1.0,1.0,1.0,10.6,18.5,7.9,0.0,2.6,0,6.0,6.0,7.9,0,0,0,0,0,0.0,0,-10.13,-7.31,-2.82,2.7,4.8,1.0,0.0,0,2.0,0.0,0,0.0,0.0,0,0.0,1.0,1.0,0.0,0.0,0.0,0.0,0.0,0.0
SYNTAINICS MBC,Jure Planinic,44,Jure Planinic,1,23.0,23.0,6.0,6.0,2.0,4.0,50,0.0,1.0,0,2.0,4.0,50,2.0,2.0,4.0,2.0,0.0,0.0,1.0,2.0,4.6,10.9,8.3,2.8,5.5,6,12.0,12.0,16.5,0,0,0,0,0,0.0,0,-10.17,-2.96,-7.22,3.2,3.8,2.0,2.0,100,1.0,0.0,0,0.0,0.0,0,2.0,0.0,0.0,1.0,0.0,0.0,5.0,0.0,0.0
NINERS Chemnitz,Ty Brewer,15,Ty Brewer,1,23.7,23.7,6.0,6.0,2.0,8.0,25,2.0,7.0,28.6,0.0,0.0,0,0.0,0.0,0.0,2.0,1.0,2.0,0.0,4.0,7.7,16.1,8.8,2.9,0.0,5,11.0,11.0,16.2,6,6.0,3,0,100.0,3.0,1,-3.31,-4.07,0.77,2.6,4.3,1.0,0.0,0,0.0,0.0,0,0.0,0.0,0,0.0,0.0,0.0,0.0,0.0,0.0,0.0,0.0,0.0
Basketball Löwen Braunschweig,Grant Sherfield,25,Grant Sherfield,1,24.5,24.5,6.0,6.0,3.0,12.0,25,0.0,5.0,0,0.0,0.0,0,0.0,0.0,0.0,6.0,1.0,0.0,1.0,2.0,12.5,26.9,7.9,7.9,0.0,10,16.0,16.0,21.1,0,0,0,0,0,0.0,0,-13.73,-9.34,-4.39,1.8,3.3,4.0,2.0,50,3.0,1.0,33.3,0.0,0.0,0,1.0,0.0,1.0,0.0,0.0,0.0,2.0,2.0,2.0
MLP Academics Heidelberg,Kevin McClain,3,Kevin McClain,1,26.5,26.5,6.0,6.0,3.0,7.0,42.9,0.0,2.0,0,0.0,0.0,0,2.0,1.0,3.0,2.0,3.0,0.0,1.0,4.0,5.8,11.3,3.9,1.3,1.9,5,11.0,11.0,7.1,0,0,0,0,0,0.0,0,3.24,-6.63,9.87,2.3,4.0,3.0,1.0,33.3,2.0,2.0,100,0.0,0.0,0,0.0,0.0,0.0,0.0,0.0,0.0,2.0,2.0,0.0
GIESSEN 46ers,Adnan Arslanagic,4,Adnan Arslanagic,1,16.0,16.0,5.0,5.0,1.0,5.0,20,1.0,1.0,100,2.0,2.0,100,0.0,1.0,1.0,7.0,1.0,0.0,0.0,3.0,5.6,18.4,0.3,0.4,0.1,18,23.0,23.0,1.2,3,3.0,1,0,150.0,1.0,1,10.96,2.27,8.69,1.9,2.6,4.0,0.0,0,0.0,0.0,0,0.0,0.0,0,0.0,0.0,0.0,0.0,0.0,0.0,0.0,0.0,0.0
SKYLINERS,Ryan Hawkins,33,Ryan Hawkins,1,25.9,25.9,5.0,5.0,1.0,6.0,16.7,1.0,6.0,16.7,2.0,2.0,100,0.0,4.0,4.0,0.0,1.0,0.0,0.0,4.0,6.6,13.2,5.7,0.0,4.6,0,5.0,5.0,5.7,3,3.0,1,0,150.0,1.0,1,-7.17,-7.87,0.7,3.3,4.7,0.0,0.0,0,0.0,0.0,0,0.0,0.0,0,0.0,0.0,0.0,0.0,0.0,0.0,0.0,0.0,0.0
Telekom Baskets Bonn,Zachery Cooks,3,Zachery Cooks,1,12.9,12.9,5.0,5.0,2.0,8.0,25,1.0,4.0,25,0.0,0.0,0,0.0,1.0,1.0,4.0,0.0,0.0,1.0,0.0,8.6,35.4,6.6,5.3,1.3,6,11.0,11.0,14.5,0,0,0,0,0,0.0,0,-11.94,-3.79,-8.15,2.4,3.3,3.0,1.0,33.3,1.0,0.0,0,0.0,0.0,0,1.0,1.0,0.0,1.0,0.0,0.0,0.0,0.0,0.0
FC Bayern München Basketball,Nikolas Sermpezis,30,Nikolas Sermpezis,1,7.0,7.0,5.0,5.0,1.0,1.0,100,1.0,1.0,100,2.0,2.0,100,0.0,0.0,0.0,1.0,0.0,0.0,0.0,1.0,1.8,13.7,3.1,0.6,0.0,2,7.0,7.0,4.4,0,0,0,0,0,0.0,0,21.89,13.15,8.74,2.8,3.3,0.0,0.0,0,0.0,0.0,0,0.0,0.0,0,0.0,0.0,0.0,0.0,0.0,0.0,0.0,2.0,0.0
Basketball Löwen Braunschweig,Barra Njie,13,Barra Njie,1,16.8,16.8,5.0,5.0,2.0,10.0,20,0.0,4.0,0,1.0,1.0,100,0.0,1.0,1.0,2.0,0.0,0.0,2.0,0.0,11.9,37.4,6.6,2.6,1.3,2,7.0,7.0,9.2,0,0,0,0,0,0.0,0,-24.48,-15.45,-9.03,2.8,4.0,5.0,2.0,40,1.0,0.0,0,0.0,0.0,0,1.0,0.0,1.0,1.0,0.0,0.0,0.0,2.0,0.0
Paderborn Baskets,Nathan Lewis Scott,25,Nathan Lewis Scott,1,18.6,18.6,4.0,4.0,2.0,6.0,33.3,0.0,1.0,0,0.0,0.0,0,0.0,3.0,3.0,0.0,0.0,0.0,0.0,1.0,5.8,16.5,0.2,0.0,0.2,0,4.0,4.0,0.2,0,0,0,0,0,0.0,0,-10.17,-8.99,-1.18,3.3,4.5,4.0,2.0,50,1.0,0.0,0,0.0,0.0,0,1.0,0.0,0.0,0.0,0.0,0.0,0.0,0.0,0.0
SKYLINERS,Radii Caisin,16,Radii Caisin,1,17.7,17.7,4.0,4.0,1.0,2.0,50,1.0,2.0,50,1.0,2.0,50,1.0,1.0,2.0,1.0,2.0,0.0,1.0,3.0,2.8,8.0,4.6,1.1,2.3,2,6.0,6.0,6.9,0,0,0,0,0,0.0,0,3.14,-2.48,5.62,2.7,3.9,0.0,0.0,0,0.0,0.0,0,0.0,0.0,0,0.0,0.0,1.0,0.0,0.0,0.0,0.0,0.0,0.0
Telekom Baskets Bonn,Kur Jongkuch,15,Kur Jongkuch,1,12.9,12.9,4.0,4.0,1.0,3.0,33.3,0.0,0.0,0,2.0,2.0,100,2.0,1.0,3.0,0.0,1.0,0.0,0.0,5.0,1.8,7.4,5.3,0.0,4.0,0,4.0,4.0,5.3,0,0,0,0,0,0.0,0,-10.76,-8.33,-2.43,3.3,4.2,3.0,1.0,33.3,0.0,0.0,0,0.0,0.0,0,0.0,0.0,0.0,0.0,0.0,0.0,2.0,0.0,2.0
Fitness First Würzburg Baskets,Christian Skladanowski,19,Christian Skladanowski,1,15.6,15.6,4.0,4.0,2.0,2.0,100,0.0,0.0,0,0.0,0.0,0,2.0,0.0,2.0,0.0,0.0,0.0,1.0,1.0,1.0,3.5,5.7,0.0,2.9,0,4.0,4.0,5.7,0,0,0,0,0,0.0,0,2.09,-3.6,5.69,3.1,4.0,2.0,2.0,100,0.0,0.0,0,0.0,0.0,0,1.0,0.0,1.0,0.0,0.0,0.0,2.0,2.0,2.0
Fitness First Würzburg Baskets,Eddy Edigin Jr,27,Eddy Edigin Jr,1,13.2,13.2,4.0,4.0,2.0,4.0,50,0.0,0.0,0,0.0,0.0,0,0.0,0.0,0.0,1.0,1.0,0.0,3.0,4.0,6.7,29.1,5.7,1.4,0.0,2,6.0,6.0,8.6,0,0,0,0,0,0.0,0,-11.9,-19.82,7.92,2.4,3.8,4.0,2.0,50,0.0,0.0,0,0.0,0.0,0,1.0,0.0,1.0,1.0,0.0,0.0,0.0,0.0,2.0
Fitness First Würzburg Baskets,Charles Thompson,32,Charles Thompson,1,14.9,14.9,4.0,4.0,2.0,2.0,100,0.0,0.0,0,0.0,0.0,0,2.0,3.0,5.0,0.0,1.0,0.0,3.0,4.0,2.9,11.0,5.7,0.0,7.1,0,4.0,4.0,5.7,0,0,0,0,0,0.0,0,-3.38,-13.36,9.98,3.5,4.0,2.0,2.0,100,0.0,0.0,0,0.0,0.0,0,1.0,0.0,1.0,0.0,0.0,0.0,0.0,0.0,0.0
Basketball Löwen Braunschweig,Philipp Hartwich,15,Philipp Hartwich,1,19.9,19.9,4.0,4.0,1.0,2.0,50,0.0,0.0,0,2.0,2.0,100,1.0,2.0,3.0,0.0,1.0,1.0,0.0,3.0,1.8,4.8,5.3,0.0,4.0,0,4.0,4.0,5.3,0,0,0,0,0,0.0,0,-6.23,-7.0,0.78,3.7,4.2,2.0,1.0,50,0.0,0.0,0,0.0,0.0,0,1.0,0.0,0.0,0.0,0.0,0.0,2.0,0.0,2.0
Uni Baskets Münster,Deshon Davion Taylor,21,Deshon Davion Taylor,1,15.0,15.0,3.0,3.0,0.0,1.0,0,0.0,1.0,0,3.0,3.0,100,0.0,4.0,4.0,0.0,0.0,0.0,4.0,3.0,6.1,22.2,0.2,0.0,0.2,0,3.0,3.0,0.2,0,0,0,0,0,0.0,0,-19.51,-19.77,0.26,3.5,4.2,0.0,0.0,0,0.0,0.0,0,0.0,0.0,0,0.0,0.0,2.0,2.0,0.0,0.0,0.0,0.0,2.0
Veolia Towers Hamburg,Kenneth Ogbe,25,Kenneth Ogbe,1,9.7,9.7,3.0,3.0,1.0,4.0,25,0.0,2.0,0,1.0,2.0,50,0.0,0.0,0.0,1.0,0.0,0.0,1.0,4.0,5.6,28.9,3.7,1.2,0.0,3,6.0,6.0,7.4,0,0,0,0,0,0.0,0,-23.79,-20.95,-2.84,2.9,4.1,2.0,1.0,50,0.0,0.0,0,0.0,0.0,0,1.0,0.0,1.0,0.0,0.0,0.0,0.0,0.0,0.0
SYNTAINICS MBC,Akeem Vargas,11,Akeem Vargas,1,8.3,8.3,3.0,3.0,1.0,2.0,50,1.0,2.0,50,0.0,0.0,0,0.0,1.0,1.0,0.0,0.0,0.0,0.0,1.0,1.9,12.7,4.1,0.0,1.4,0,3.0,3.0,4.1,0,0,0,0,0,0.0,0,-6.13,0.16,-6.29,3.2,4.0,0.0,0.0,0,0.0,0.0,0,0.0,0.0,0,0.0,0.0,0.0,0.0,0.0,0.0,0.0,0.0,0.0
Basketball Löwen Braunschweig,Adrian Worthy,0,Adrian Worthy,1,8.6,8.6,3.0,3.0,1.0,2.0,50,1.0,1.0,100,0.0,0.0,0,0.0,1.0,1.0,3.0,0.0,0.0,2.0,1.0,3.8,23.5,4.0,4.0,1.3,4,7.0,7.0,9.2,0,0,0,0,0,0.0,0,-4.49,-3.88,-0.61,2.7,3.1,1.0,0.0,0,0.0,0.0,0,0.0,0.0,0,0.0,0.0,0.0,2.0,0.0,0.0,0.0,0.0,0.0
RASTA Vechta,Booker Coplin,30,Booker Coplin,1,10.9,10.9,3.0,3.0,1.0,1.0,100,1.0,1.0,100,0.0,0.0,0,0.0,2.0,2.0,0.0,0.0,0.0,1.0,2.0,1.9,9.4,1.3,0.0,0.9,0,3.0,3.0,1.3,0,0,0,0,0,0.0,0,-2.05,-7.54,5.48,3.3,3.9,0.0,0.0,0,0.0,0.0,0,0.0,0.0,0,0.0,0.0,1.0,0.0,0.0,0.0,0.0,0.0,0.0
FC Bayern München Basketball,David McCormack,33,David McCormack,1,20.4,20.4,3.0,3.0,1.0,5.0,20,0.0,0.0,0,1.0,2.0,50,5.0,4.0,9.0,1.0,1.0,0.0,0.0,4.0,0.8,2.2,1.9,0.6,5.7,2,5.0,5.0,3.1,2,2.0,1,0,100.0,1.0,1,-2.65,-5.15,2.5,3.6,4.4,3.0,1.0,33.3,2.0,0.0,0,0.0,0.0,0,1.0,0.0,0.0,0.0,0.0,0.0,3.0,0.0,0.0
SBB Baskets Wolmirstedt,Matthias Fichtner,35,Matthias Fichtner,1,9.9,9.9,2.0,2.0,0.0,0.0,0,0.0,0.0,0,2.0,2.0,100,0.0,0.0,0.0,0.0,0.0,0.0,1.0,3.0,1.8,9.6,0.4,0.0,0.0,0,2.0,2.0,0.4,0,0,0,0,0,0.0,0,-13.71,-13.46,-0.25,3.0,4.0,0.0,0.0,0,0.0,0.0,0,0.0,0.0,0,0.0,0.0,0.0,1.0,0.0,0.0,2.0,0.0,0.0
SKYLINERS,Lorenz Brenneke,21,Lorenz Brenneke,1,9.3,9.3,2.0,2.0,1.0,1.0,100,0.0,0.0,0,0.0,0.0,0,1.0,0.0,1.0,1.0,0.0,0.0,0.0,5.0,0.0,0.0,2.3,1.1,1.1,3,5.0,5.0,5.7,2,2.0,1,0,100.0,1.0,1,-4.61,-7.69,3.08,3.0,3.7,1.0,1.0,100,0.0,0.0,0,0.0,0.0,0,1.0,0.0,0.0,0.0,0.0,0.0,2.0,0.0,0.0
Veolia Towers Hamburg,Osaro Rich Igbineweka,3,Osaro Rich Igbineweka,1,15.6,15.6,2.0,2.0,1.0,2.0,50,0.0,0.0,0,0.0,0.0,0,0.0,1.0,1.0,1.0,3.0,0.0,3.0,3.0,4.8,15.2,2.5,1.2,1.2,0,2.0,2.0,2.5,0,0,0,0,0,0.0,0,-4.95,-13.28,8.33,2.4,4.2,2.0,1.0,50,0.0,0.0,0,0.0,0.0,0,0.0,0.0,2.0,1.0,0.0,0.0,0.0,0.0,2.0
Veolia Towers Hamburg,Jared Grey,8,Jared Grey,1,7.0,7.0,2.0,2.0,1.0,2.0,50,0.0,0.0,0,0.0,0.0,0,0.0,1.0,1.0,0.0,1.0,0.0,0.0,1.0,1.9,13.5,2.5,0.0,1.2,0,2.0,2.0,2.5,2,2.0,2,0,50.0,2.0,1,-0.26,-7.22,6.96,2.9,4.2,2.0,1.0,50,0.0,0.0,0,0.0,0.0,0,0.0,0.0,0.0,0.0,0.0,0.0,0.0,2.0,2.0
Fitness First Würzburg Baskets,Lukas Herzog,1,Lukas Herzog,1,10.6,10.6,2.0,2.0,0.0,1.0,0,0.0,1.0,0,2.0,2.0,100,0.0,0.0,0.0,0.0,0.0,0.0,0.0,1.0,1.8,9.7,2.9,0.0,0.0,0,2.0,2.0,2.9,0,0,0,0,0,0.0,0,-3.19,-9.01,5.82,2.9,4.2,0.0,0.0,0,0.0,0.0,0,0.0,0.0,0,0.0,0.0,0.0,0.0,0.0,0.0,0.0,0.0,0.0
Fitness First Würzburg Baskets,Leo Saffer,3,Leo Saffer,1,11.9,11.9,2.0,2.0,1.0,2.0,50,0.0,0.0,0,0.0,0.0,0,0.0,4.0,4.0,0.0,0.0,2.0,4.0,3.0,5.8,27.7,2.9,0.0,5.7,0,2.0,2.0,2.9,0,0,0,0,0,0.0,0,-14.01,-25.46,11.45,4.0,4.3,2.0,1.0,50,0.0,0.0,0,0.0,0.0,0,0.0,0.0,2.0,0.0,0.0,0.0,2.0,0.0,0.0
Fitness First Würzburg Baskets,Alen Pjanic,35,Alen Pjanic,1,21.7,21.7,2.0,2.0,1.0,4.0,25,0.0,3.0,0,0.0,0.0,0,1.0,3.0,4.0,0.0,1.0,1.0,0.0,3.0,2.9,7.6,2.9,0.0,5.7,0,2.0,2.0,2.9,2,2.0,2,0,50.0,2.0,1,-0.99,-10.47,9.48,3.3,4.6,1.0,1.0,100,0.0,0.0,0,0.0,0.0,0,0.0,0.0,0.0,0.0,0.0,0.0,0.0,0.0,0.0
SYNTAINICS MBC,Collin Welp,40,Collin Welp,1,15.2,15.2,2.0,2.0,0.0,4.0,0,0.0,2.0,0,2.0,2.0,100,1.0,0.0,1.0,2.0,0.0,0.0,2.0,4.0,5.6,20.4,2.8,2.8,1.4,6,8.0,8.0,11.0,0,0,0,0,0,0.0,0,-27.26,-16.43,-10.84,2.8,3.8,2.0,0.0,0,0.0,0.0,0,0.0,0.0,0,0.0,0.0,0.0,1.0,0.0,1.0,0.0,0.0,0.0
MHP RIESEN Ludwigsburg,Booker Coplin,9,Booker Coplin,1,4.6,4.6,2.0,2.0,1.0,1.0,100,0.0,0.0,0,0.0,0.0,0,0.0,1.0,1.0,0.0,0.0,0.0,3.0,1.0,3.8,44.7,1.3,0.0,0.6,0,2.0,2.0,1.3,0,0,0,0,0,0.0,0,-29.18,-26.52,-2.66,3.1,3.9,0.0,0.0,0,1.0,1.0,100,0.0,0.0,0,0.0,0.0,1.0,1.0,0.0,0.0,2.0,0.0,0.0
FC Bayern München Basketball,Wenyen Gabriel,32,Wenyen Gabriel,1,16.8,16.8,2.0,2.0,1.0,2.0,50,0.0,0.0,0,0.0,4.0,0,0.0,3.0,3.0,1.0,0.0,2.0,2.0,1.0,5.5,17.6,1.3,0.6,1.9,2,4.0,4.0,2.5,0,0,0,0,0,0.0,0,-5.38,-10.71,5.32,3.8,4.3,2.0,1.0,50,0.0,0.0,0,0.0,0.0,0,0.0,0.0,1.0,1.0,0.0,0.0,0.0,2.0,2.0
Basketball Löwen Braunschweig,Romario Holloway,11,Romario Holloway,1,6.3,6.3,2.0,2.0,0.0,0.0,0,0.0,0.0,0,2.0,2.0,100,0.0,0.0,0.0,0.0,0.0,0.0,2.0,5.0,2.8,23.0,2.6,0.0,0.0,0,2.0,2.0,2.6,0,0,0,0,0,0.0,0,-36.76,-33.38,-3.38,3.0,3.9,0.0,0.0,0,0.0,0.0,0,0.0,0.0,0,0.0,0.0,1.0,0.0,0.0,0.0,0.0,0.0,0.0
Basketball Löwen Braunschweig,Chip Flanigan,30,Chip Flanigan,1,19.4,19.4,2.0,2.0,1.0,2.0,50,0.0,0.0,0,0.0,0.0,0,0.0,5.0,5.0,2.0,1.0,1.0,0.0,2.0,1.9,5.2,2.6,2.6,6.6,5,7.0,7.0,9.2,0,0,0,0,0,0.0,0,-2.93,-6.5,3.57,3.9,3.9,0.0,0.0,0,2.0,1.0,50,0.0,0.0,0,0.0,0.0,0.0,0.0,0.0,0.0,0.0,0.0,0.0
Eisbären Bremerhaven,Daniel Isaiah Almarante,13,Daniel Isaiah Almarante,1,9.3,9.3,0.0,0.0,0.0,0.0,0,0.0,0.0,0,0.0,0.0,0,1.0,3.0,4.0,1.0,0.0,0.0,1.0,1.0,0.0,0.0,0.0,0.1,0.2,2,2.0,2.0,0.1,0,0,0,0,0,0.0,0,-2.96,-7.06,4.1,3.5,4.1,0.0,0.0,0,0.0,0.0,0,0.0,0.0,0,0.0,0.0,0.0,0.0,0.0,1.0,0.0,0.0,0.0
Eisbären Bremerhaven,Dominique Kevin Johnson,25,Dominique Kevin Johnson,1,4.5,4.5,0.0,0.0,0.0,0.0,0,0.0,0.0,0,0.0,0.0,0,0.0,0.0,0.0,1.0,0.0,0.0,1.0,2.0,1.0,11.5,0.0,0.1,0.0,2,2.0,2.0,0.1,0,0,0,0,0,0.0,0,-16.21,-19.78,3.57,2.9,3.9,0.0,0.0,0,0.0,0.0,0,0.0,0.0,0,0.0,0.0,0.0,0.0,0.0,0.0,0.0,0.0,0.0
SKYLINERS,Garai Zeeb,3,Garai Zeeb,1,8.5,8.5,0.0,0.0,0.0,1.0,0,0.0,1.0,0,0.0,4.0,0,1.0,1.0,2.0,0.0,0.0,0.0,0.0,1.0,1.7,10.2,0.0,0.0,2.3,0,0.0,0.0,0.0,0,0,0,0,0,0.0,0,-19.23,-13.27,-5.95,3.3,4.3,0.0,0.0,0,0.0,0.0,0,0.0,0.0,0,0.0,0.0,0.0,0.0,0.0,0.0,0.0,0.0,0.0
Veolia Towers Hamburg,Benedikt Turudic,44,Benedikt Turudic,1,13.6,13.6,0.0,0.0,0.0,2.0,0,0.0,0.0,0,0.0,0.0,0,0.0,0.0,0.0,3.0,1.0,0.0,0.0,2.0,1.9,7.0,0.0,3.7,0.0,5,5.0,5.0,6.2,0,0.0,1,0,0.0,1.0,1,-3.77,-7.9,4.13,2.3,3.8,1.0,0.0,0,1.0,0.0,0,0.0,0.0,0,0.0,0.0,0.0,0.0,0.0,0.0,0.0,0.0,0.0
VET-CONCEPT Gladiators Trier,Dexter Akanno,2,Dexter Akanno,1,0.1,0.1,0.0,0.0,0.0,0.0,0,0.0,0.0,0,0.0,0.0,0,0.0,0.0,0.0,0.0,0.0,0.0,0.0,0.0,0.0,0.0,0.0,0.0,0.0,0,0.0,0.0,0.0,0,0,0,0,0,0.0,0,-5.7,-4.04,-1.66,3.0,4.0,0.0,0.0,0,0.0,0.0,0,0.0,0.0,0,0.0,0.0,0.0,0.0,0.0,0.0,0.0,0.0,0.0
VET-CONCEPT Gladiators Trier,Behnam Yakhchali Dehkordi,8,Behnam Yakhchali Dehkordi,1,11.9,11.9,0.0,0.0,0.0,2.0,0,0.0,2.0,0,0.0,0.0,0,0.0,2.0,2.0,1.0,0.0,0.0,0.0,2.0,1.9,8.3,0.0,1.3,2.6,3,3.0,3.0,3.9,0,0,0,0,0,0.0,0,-13.4,-11.82,-1.58,3.2,4.2,0.0,0.0,0,0.0,0.0,0,0.0,0.0,0,0.0,0.0,0.0,0.0,0.0,0.0,0.0,0.0,0.0
VET-CONCEPT Gladiators Trier,JJ Mann,24,JJ Mann,1,0.1,0.1,0.0,0.0,0.0,0.0,0,0.0,0.0,0,0.0,0.0,0,0.0,0.0,0.0,0.0,0.0,0.0,0.0,0.0,0.0,0.0,0.0,0.0,0.0,0,0.0,0.0,0.0,0,0,0,0,0,0.0,0,-5.7,-4.04,-1.66,3.0,4.0,0.0,0.0,0,0.0,0.0,0,0.0,0.0,0,0.0,0.0,0.0,0.0,0.0,0.0,0.0,0.0,0.0
Telekom Baskets Bonn,Kenan Reinhart,8,Kenan Reinhart,1,1.2,1.2,0.0,0.0,0.0,0.0,0,0.0,0.0,0,0.0,0.0,0,0.0,0.0,0.0,0.0,0.0,0.0,0.0,0.0,0.0,0.0,0.0,0.0,0.0,0,0.0,0.0,0.0,0,0,0,0,0,0.0,0,-12.47,-6.24,-6.23,3.0,4.0,0.0,0.0,0,0.0,0.0,0,0.0,0.0,0,0.0,0.0,0.0,0.0,0.0,0.0,0.0,0.0,0.0
Fitness First Würzburg Baskets,Johnathan Stove,22,Johnathan Stove,1,18.9,18.9,0.0,0.0,0.0,5.0,0,0.0,4.0,0,0.0,0.0,0,0.0,6.0,6.0,0.0,0.0,0.0,0.0,2.0,4.8,14.5,0.0,0.0,8.6,0,0.0,0.0,0.0,0,0.0,1,0,0.0,1.0,1,-13.48,-17.53,4.05,3.7,4.5,0.0,0.0,0,1.0,0.0,0,0.0,0.0,0,0.0,0.0,0.0,0.0,0.0,0.0,0.0,0.0,0.0
Fitness First Würzburg Baskets,David Muenkat,55,David Muenkat,1,18.3,18.3,0.0,0.0,0.0,5.0,0,0.0,3.0,0,0.0,0.0,0,2.0,2.0,4.0,0.0,0.0,2.0,3.0,2.0,5.8,17.9,0.0,0.0,5.7,0,0.0,0.0,0.0,0,0,0,0,0,0.0,0,-17.3,-20.81,3.51,3.8,4.5,0.0,0.0,0,2.0,0.0,0,0.0,0.0,0,0.0,0.0,0.0,3.0,0.0,0.0,0.0,0.0,0.0
SYNTAINICS MBC,Moritz Heck,3,Moritz Heck,1,1.7,1.7,0.0,0.0,0.0,0.0,0,0.0,0.0,0,0.0,0.0,0,0.0,1.0,1.0,0.0,0.0,0.0,0.0,1.0,0.0,0.0,0.0,0.0,1.4,0,0.0,0.0,0.0,0,0,0,0,0,0.0,0,-19.42,-18.54,-0.88,3.3,4.1,0.0,0.0,0,0.0,0.0,0,0.0,0.0,0,0.0,0.0,0.0,0.0,0.0,0.0,0.0,0.0,0.0
SYNTAINICS MBC,RJ Gunn,21,RJ Gunn,1,24.7,24.7,0.0,0.0,0.0,3.0,0,0.0,1.0,0,0.0,0.0,0,0.0,3.0,3.0,0.0,1.0,0.0,1.0,1.0,3.8,8.6,0.0,0.0,4.1,0,0.0,0.0,0.0,0,0,0,0,0,0.0,0,-17.25,-10.41,-6.84,2.9,4.7,1.0,0.0,0,1.0,0.0,0,0.0,0.0,0,0.0,0.0,0.0,1.0,0.0,0.0,0.0,0.0,0.0
SYNTAINICS MBC,Stephon Jelks,30,Stephon Jelks,1,12.1,12.1,0.0,0.0,0.0,1.0,0,0.0,1.0,0,0.0,0.0,0,1.0,1.0,2.0,2.0,0.0,0.0,1.0,1.0,1.0,4.4,0.0,2.8,2.8,3,3.0,3.0,4.1,0,0,0,0,0,0.0,0,-13.39,-6.24,-7.15,2.9,3.7,0.0,0.0,0,0.0,0.0,0,0.0,0.0,0,0.0,0.0,1.0,0.0,0.0,0.0,0.0,0.0,0.0
SYNTAINICS MBC,John Bryant,54,John Bryant,1,5.0,5.0,0.0,0.0,0.0,2.0,0,0.0,2.0,0,0.0,0.0,0,1.0,0.0,1.0,0.0,0.0,0.0,0.0,0.0,1.0,10.5,0.0,0.0,1.4,0,0.0,0.0,0.0,0,0,0,0,0,0.0,0,-27.78,-11.33,-16.45,3.2,4.2,0.0,0.0,0,0.0,0.0,0,0.0,0.0,0,0.0,0.0,0.0,0.0,0.0,0.0,0.0,0.0,0.0
NINERS Chemnitz,Nike Sibande,2,Nike Sibande,1,13.9,13.9,0.0,0.0,0.0,6.0,0,0.0,3.0,0,0.0,0.0,0,0.0,1.0,1.0,0.0,0.0,0.0,2.0,1.0,7.7,27.5,0.0,0.0,1.5,0,0.0,0.0,0.0,0,0,0,0,0,0.0,0,-33.93,-23.39,-10.55,3.1,4.4,3.0,0.0,0,0.0,0.0,0,0.0,0.0,0,0.0,0.0,0.0,1.0,0.0,1.0,0.0,0.0,0.0
Basketball Löwen Braunschweig,Joshua Obiesie,8,Joshua Obiesie,1,5.8,5.8,0.0,0.0,0.0,2.0,0,0.0,1.0,0,0.0,0.0,0,0.0,0.0,0.0,0.0,0.0,0.0,1.0,1.0,2.9,26.0,0.0,0.0,0.0,0,0.0,0.0,0.0,0,0,0,0,0,0.0,0,-39.03,-27.86,-11.17,2.9,4.2,1.0,0.0,0,0.0,0.0,0,0.0,0.0,0,0.0,0.0,0.0,1.0,0.0,0.0,0.0,0.0,0.0
Basketball Löwen Braunschweig,Leonhard Laar,21,Leonhard Laar,1,5.5,5.5,0.0,0.0,0.0,1.0,0,0.0,0.0,0,0.0,0.0,0,0.0,0.0,0.0,0.0,0.0,0.0,0.0,1.0,1.0,9.2,0.0,0.0,0.0,0,0.0,0.0,0.0,0,0,0,0,0,0.0,0,-24.5,-17.93,-6.57,2.9,4.2,1.0,0.0,0,0.0,0.0,0,0.0,0.0,0,0.0,0.0,0.0,0.0,0.0,0.0,0.0,0.0,0.0
MLP Academics Heidelberg,Eric Reed II,43,Eric Reed II,1,13.7,13.7,0.0,0.0,0.0,4.0,0,0.0,3.0,0,0.0,0.0,0,0.0,1.0,1.0,0.0,0.0,0.0,0.0,2.0,3.8,14.6,0.0,0.0,0.6,0,0.0,0.0,0.0,0,0,0,0,0,0.0,0,-17.68,-18.19,0.51,3.0,4.4,1.0,0.0,0,0.0,0.0,0,0.0,0.0,0,0.0,0.0,0.0,0.0,0.0,0.0,0.0,0.0,0.0
FC Bayern München Basketball,Johannes Voigtmann,7,Johannes Voigtmann,1,5.1,5.1,0.0,0.0,0.0,0.0,0,0.0,0.0,0,0.0,2.0,0,0.0,2.0,2.0,0.0,1.0,0.0,0.0,0.0,0.8,8.9,0.0,0.0,1.3,0,0.0,0.0,0.0,0,0,0,0,0,0.0,0,4.16,-8.04,12.2,3.0,4.2,0.0,0.0,0,0.0,0.0,0,0.0,0.0,0,0.0,0.0,0.0,0.0,0.0,0.0,0.0,0.0,0.0
