Player,Team,Numbers,Name_Variations,Teammates,Games,Minutes,PTS,FGM,FGA,FG%,3PM,3PA,3P%,FTM,FTA,FT%,OREB,DREB,REB,AST,STL,BLK,TOV,PF,POSS,PTS_AST,TPC,TPC/G,TPC/100,OFF_RTG,DEF_RTG,NET_RTG,eFG%,TS%,AST%,TOV%,RIM_ATT,RIM_MADE,RIM%,OTD_2PT_ATT,OTD_2PT_MADE,OTD_2PT%,OTD_3PT_ATT,OTD_3PT_MADE,OTD_3PT%,UNAST_RIM_MADE,UNAST_3PT_MADE,PASS_TO,DRIBBLE_TO,DEFENSE_TO,MISC_TO,2ND_CHANCE_PTS,FAST_BREAK_PTS,PTS_OFF_TOV
Alexandre LIBERT,Brussels Basketball,5,Alexandre LIBERT,"Demetric HORTON, Jared AMBROSE, Louis HAZARD, Tonko VUKO",1,7.2,0,0,2,0.0,0,2,0.0,0,0,0,0,0,0,1,0,0,0,0,2,2,2,2.0,17.3,69.1,115.5,-46.4,0.0,0.0,0,0.0,0,0,0,0,0,0,0,0,0,0,0,0,0,0,0,0,0,0
Alexandre LIBERT,Brussels Basketball,5,Alexandre LIBERT,"Arne SCHREVENS, Demetric HORTON, Louis HAZARD, Tonko VUKO",1,6.2,9,2,3,66.7,2,2,100.0,3,3,100.0,0,0,0,1,0,0,0,0,4,2,11,11.0,86.2,148.9,124.2,24.7,100.0,104.2,50.0,0.0,0,0,0,1,0,0,0,0,0,0,0,0,0,0,0,3,0,3
Alexandre LIBERT,Brussels Basketball,5,Alexandre LIBERT,"Demetric HORTON, Godwin TSHIMANGA, Louis HAZARD, Tonko VUKO",1,6.2,3,0,0,0,0,0,0,3,4,75.0,0,1,1,0,0,0,3,1,5,0,3,3.0,22.3,126.5,118.5,8.0,0,85.2,0,63.0,0,0,0,0,0,0,0,0,0,0,0,0,3,0,0,0,3,0
Alexandre LIBERT,Brussels Basketball,5,Alexandre LIBERT,"Demetric HORTON, Godwin TSHIMANGA, Jared AMBROSE, Louis HAZARD",1,3.1,0,0,0,0,0,0,0,0,0,0,0,0,0,1,0,0,1,1,1,2,2,2.0,66.7,66.7,115.7,-49.0,0,0,0,50.0,0,0,0,0,0,0,0,0,0,0,0,1,0,0,0,0,0,0
Alexandre LIBERT,Brussels Basketball,5,Alexandre LIBERT,"Deishuan BOOKER, Demetric HORTON, Godwin TSHIMANGA, Tonko VUKO",1,1.3,3,1,2,50.0,1,2,50.0,0,0,0,1,0,1,0,0,0,0,0,1,0,3,3.0,106.8,142.3,0.0,142.3,75.0,75.0,0.0,0.0,0,0,0,0,0,0,0,0,0,0,0,0,0,0,0,0,0,0
Alexandre LIBERT,Brussels Basketball,5,Alexandre LIBERT,"Arne SCHREVENS, Demetric HORTON, Godwin TSHIMANGA, Louis HAZARD",1,1.3,0,0,0,0,0,0,0,0,0,0,0,0,0,1,1,0,0,0,0,3,3,3.0,100.0,200.0,0.0,200.0,0,0,0,0.0,0,0,0,0,0,0,0,0,0,0,0,0,0,0,0,0,0,0
Alexandre LIBERT,Brussels Basketball,5,Alexandre LIBERT,"Arne SCHREVENS, Jamison OVERTON, Louis HAZARD, Tonko VUKO",1,1.0,0,0,0,0,0,0,0,0,0,0,0,0,0,0,0,0,0,2,0,0,0,0.0,0.0,0.0,106.4,-106.4,0,0,0,0,0,0,0,0,0,0,0,0,0,0,0,0,0,0,0,0,0,0
Arne SCHREVENS,Brussels Basketball,22,Arne SCHREVENS,"Alexandre LIBERT, Demetric HORTON, Louis HAZARD, Tonko VUKO",1,6.2,2,1,2,50.0,0,0,0,0,0,0,0,0,0,0,0,0,0,0,2,0,2,2.0,15.7,148.9,124.2,24.7,50.0,50.0,0.0,0.0,0,0,0,2,1,50,0,0,0,0,0,0,0,0,0,0,0,0
Arne SCHREVENS,Brussels Basketball,22,Arne SCHREVENS,"Demetric HORTON, Jomaru BROWN, Louis HAZARD, Tonko VUKO",1,3.8,0,0,0,0,0,0,0,0,0,0,0,0,0,0,0,0,0,0,0,0,0,0.0,0.0,139.8,147.8,-8.1,0,0,0,0,0,0,0,0,0,0,0,0,0,0,0,0,0,0,0,0,0,0
Arne SCHREVENS,Brussels Basketball,22,Arne SCHREVENS,"Jamison OVERTON, Jomaru BROWN, Louis HAZARD, Tonko VUKO",1,2.4,0,0,0,0,0,0,0,0,0,0,0,0,0,0,0,0,1,2,1,0,0,0.0,0.0,0.0,146.0,-146.0,0,0,0,100.0,0,0,0,0,0,0,0,0,0,0,0,0,0,0,0,0,0,0
Arne SCHREVENS,Brussels Basketball,22,Arne SCHREVENS,"Deishuan BOOKER, Jamison OVERTON, Jomaru BROWN, Tonko VUKO",1,1.7,0,0,0,0,0,0,0,0,0,0,0,0,0,0,0,0,0,0,0,0,0,0.0,0.0,150.0,146.0,4.0,0,0,0,0,0,0,0,0,0,0,0,0,0,0,0,0,0,0,0,0,0,0
Arne SCHREVENS,Brussels Basketball,22,Arne SCHREVENS,"Demetric HORTON, Jamison OVERTON, Jomaru BROWN, Tonko VUKO",1,1.6,0,0,1,0.0,0,0,0,0,0,0,0,1,1,0,0,0,0,0,1,0,0,0.0,0.0,207.7,0.0,207.7,0.0,0.0,0,0.0,0,0,0,1,0,0,0,0,0,0,0,0,0,0,0,0,0,0
Arne SCHREVENS,Brussels Basketball,22,Arne SCHREVENS,"Alexandre LIBERT, Demetric HORTON, Godwin TSHIMANGA, Louis HAZARD",1,1.3,0,0,0,0,0,0,0,0,0,0,0,0,0,0,0,0,0,0,0,0,0,0.0,0.0,200.0,0.0,200.0,0,0,0,0,0,0,0,0,0,0,0,0,0,0,0,0,0,0,0,0,0,0
Arne SCHREVENS,Brussels Basketball,22,Arne SCHREVENS,"Alexandre LIBERT, Jamison OVERTON, Louis HAZARD, Tonko VUKO",1,1.0,0,0,0,0,0,0,0,0,0,0,0,0,0,0,0,0,0,1,0,0,0,0.0,0.0,0.0,106.4,-106.4,0,0,0,0,0,0,0,0,0,0,0,0,0,0,0,0,0,0,0,0,0,0
Deishuan BOOKER,Brussels Basketball,0,Deishuan BOOKER,"Arne SCHREVENS, Jamison OVERTON, Jomaru BROWN, Tonko VUKO",1,1.7,0,0,0,0,0,0,0,0,0,0,0,0,0,1,1,0,0,0,0,3,3,3.0,150.0,150.0,146.0,4.0,0,0,0,0.0,0,0,0,0,0,0,0,0,0,0,0,0,0,0,0,0,0,0
Deishuan BOOKER,Brussels Basketball,0,Deishuan BOOKER,"Alexandre LIBERT, Demetric HORTON, Godwin TSHIMANGA, Tonko VUKO",1,1.3,0,0,1,0.0,0,1,0.0,0,0,0,0,0,0,0,0,0,0,0,1,0,0,0.0,0.0,142.3,0.0,142.3,0.0,0.0,0,0.0,0,0,0,0,0,0,0,0,0,0,0,0,0,0,0,0,0,0
Demetric HORTON,Brussels Basketball,17,Demetric HORTON,"Alexandre LIBERT, Jared AMBROSE, Louis HAZARD, Tonko VUKO",1,7.2,3,1,5,20.0,1,3,33.3,0,0,0,0,2,2,1,0,0,0,0,5,3,6,6.0,51.8,69.1,115.5,-46.4,30.0,30.0,100.0,0.0,0,0,0,2,0,0,0,0,0,0,0,0,0,0,0,0,0,0
Demetric HORTON,Brussels Basketball,17,Demetric HORTON,"Alexandre LIBERT, Arne SCHREVENS, Louis HAZARD, Tonko VUKO",1,6.2,3,1,1,100.0,1,1,100.0,0,0,0,0,0,0,3,0,0,0,0,1,6,9,9.0,70.5,148.9,124.2,24.7,150.0,150.0,300.0,0.0,0,0,0,0,0,0,0,0,0,0,1,0,0,0,0,3,0,0
Demetric HORTON,Brussels Basketball,17,Demetric HORTON,"Alexandre LIBERT, Godwin TSHIMANGA, Louis HAZARD, Tonko VUKO",1,6.2,3,1,3,33.3,0,0,0,1,1,100.0,0,0,0,2,2,0,0,0,3,5,8,8.0,59.5,126.5,118.5,8.0,33.3,43.6,200.0,0.0,0,0,0,3,1,33.3,0,0,0,0,0,0,0,0,0,0,1,0
Demetric HORTON,Brussels Basketball,17,Demetric HORTON,"Arne SCHREVENS, Jomaru BROWN, Louis HAZARD, Tonko VUKO",1,3.8,3,1,1,100.0,0,0,0,1,1,100.0,0,0,0,2,0,0,0,0,1,4,7,7.0,108.7,139.8,147.8,-8.1,100.0,104.2,200.0,0.0,0,0,0,1,1,100,0,0,0,0,0,0,0,0,0,0,0,0
Demetric HORTON,Brussels Basketball,17,Demetric HORTON,"Alexandre LIBERT, Godwin TSHIMANGA, Jared AMBROSE, Louis HAZARD",1,3.1,0,0,0,0,0,0,0,0,0,0,0,0,0,0,0,1,0,1,0,0,0,0.0,0.0,66.7,115.7,-49.0,0,0,0,0,0,0,0,0,0,0,0,0,0,0,0,0,0,0,0,0,0,0
Demetric HORTON,Brussels Basketball,17,Demetric HORTON,"Arne SCHREVENS, Jamison OVERTON, Jomaru BROWN, Tonko VUKO",1,1.6,0,0,0,0,0,0,0,0,0,0,0,0,0,0,0,0,0,0,0,0,0,0.0,0.0,207.7,0.0,207.7,0,0,0,0,0,0,0,0,0,0,0,0,0,0,0,0,0,0,0,0,0,0
Demetric HORTON,Brussels Basketball,17,Demetric HORTON,"Alexandre LIBERT, Deishuan BOOKER, Godwin TSHIMANGA, Tonko VUKO",1,1.3,0,0,0,0,0,0,0,0,0,0,0,1,1,0,0,0,0,0,0,0,0,0.0,0.0,142.3,0.0,142.3,0,0,0,0,0,0,0,0,0,0,0,0,0,0,0,0,0,0,0,0,0,0
Demetric HORTON,Brussels Basketball,17,Demetric HORTON,"Alexandre LIBERT, Arne SCHREVENS, Godwin TSHIMANGA, Louis HAZARD",1,1.3,3,1,1,100.0,1,1,100.0,0,0,0,0,0,0,0,0,0,0,0,1,0,3,3.0,100.0,200.0,0.0,200.0,150.0,150.0,0.0,0.0,0,0,0,0,0,0,0,0,0,0,0,0,0,0,0,0,0,0
Godwin TSHIMANGA,Brussels Basketball,24,Godwin TSHIMANGA,"Alexandre LIBERT, Demetric HORTON, Louis HAZARD, Tonko VUKO",1,6.2,2,1,1,100.0,0,0,0,0,0,0,1,0,1,1,1,0,0,1,0,3,5,5.0,37.2,126.5,118.5,8.0,100.0,100.0,100.0,0.0,0,0,0,1,1,100,0,0,0,0,0,0,0,0,0,0,0,0
Godwin TSHIMANGA,Brussels Basketball,24,Godwin TSHIMANGA,"Alexandre LIBERT, Demetric HORTON, Jared AMBROSE, Louis HAZARD",1,3.1,0,0,0,0,0,0,0,0,0,0,0,0,0,0,0,0,0,0,0,0,0,0.0,0.0,66.7,115.7,-49.0,0,0,0,0,0,0,0,0,0,0,0,0,0,0,0,0,0,0,0,0,0,0
Godwin TSHIMANGA,Brussels Basketball,24,Godwin TSHIMANGA,"Alexandre LIBERT, Deishuan BOOKER, Demetric HORTON, Tonko VUKO",1,1.3,1,0,0,0,0,0,0,1,2,50.0,0,0,0,0,0,0,0,0,1,0,1,1.0,35.6,142.3,0.0,142.3,0,56.8,0,0.0,0,0,0,0,0,0,0,0,0,0,0,0,0,0,0,1,0,0
Godwin TSHIMANGA,Brussels Basketball,24,Godwin TSHIMANGA,"Alexandre LIBERT, Arne SCHREVENS, Demetric HORTON, Louis HAZARD",1,1.3,0,0,0,0,0,0,0,0,0,0,0,1,1,0,0,0,0,0,0,0,0,0.0,0.0,200.0,0.0,200.0,0,0,0,0,0,0,0,0,0,0,0,0,0,0,0,0,0,0,0,0,0,0
Jamison OVERTON,Brussels Basketball,6,Jamison OVERTON,"Arne SCHREVENS, Jomaru BROWN, Louis HAZARD, Tonko VUKO",1,2.4,0,0,1,0.0,0,1,0.0,0,0,0,0,0,0,0,0,0,1,0,2,0,0,0.0,0.0,0.0,146.0,-146.0,0.0,0.0,0,50.0,0,0,0,0,0,0,0,0,0,0,0,0,1,0,0,0,0,0
Jamison OVERTON,Brussels Basketball,6,Jamison OVERTON,"Arne SCHREVENS, Deishuan BOOKER, Jomaru BROWN, Tonko VUKO",1,1.7,0,0,0,0,0,0,0,0,0,0,0,0,0,0,0,0,0,2,0,0,0,0.0,0.0,150.0,146.0,4.0,0,0,0,0,0,0,0,0,0,0,0,0,0,0,0,0,0,0,0,0,0,0
Jamison OVERTON,Brussels Basketball,6,Jamison OVERTON,"Arne SCHREVENS, Demetric HORTON, Jomaru BROWN, Tonko VUKO",1,1.6,0,0,0,0,0,0,0,0,0,0,0,0,0,0,0,0,0,0,0,0,0,0.0,0.0,207.7,0.0,207.7,0,0,0,0,0,0,0,0,0,0,0,0,0,0,0,0,0,0,0,0,0,0
Jamison OVERTON,Brussels Basketball,6,Jamison OVERTON,"Alexandre LIBERT, Arne SCHREVENS, Louis HAZARD, Tonko VUKO",1,1.0,0,0,0,0,0,0,0,0,0,0,0,0,0,0,0,0,0,0,0,0,0,0.0,0.0,0.0,106.4,-106.4,0,0,0,0,0,0,0,0,0,0,0,0,0,0,0,0,0,0,0,0,0,0
Jared AMBROSE,Brussels Basketball,27,Jared AMBROSE,"Alexandre LIBERT, Demetric HORTON, Louis HAZARD, Tonko VUKO",1,7.2,0,0,1,0.0,0,0,0,0,0,0,1,0,1,0,0,0,1,1,1,0,0,0.0,0.0,69.1,115.5,-46.4,0.0,0.0,0,50.0,0,0,0,1,0,0,0,0,0,0,0,0,1,0,0,0,0,0
Jared AMBROSE,Brussels Basketball,27,Jared AMBROSE,"Alexandre LIBERT, Demetric HORTON, Godwin TSHIMANGA, Louis HAZARD",1,3.1,0,0,1,0.0,0,0,0,0,0,0,0,0,0,0,0,0,0,2,1,0,0,0.0,0.0,66.7,115.7,-49.0,0.0,0.0,0,0.0,0,0,0,1,0,0,0,0,0,0,0,0,0,0,0,0,0,0
Jomaru BROWN,Brussels Basketball,11,Jomaru BROWN,"Arne SCHREVENS, Demetric HORTON, Louis HAZARD, Tonko VUKO",1,3.8,4,2,4,50.0,0,0,0,0,0,0,0,1,1,0,0,0,0,0,4,0,4,4.0,62.1,139.8,147.8,-8.1,50.0,50.0,0.0,0.0,0,0,0,4,2,50,0,0,0,0,0,0,0,0,0,0,2,0
Jomaru BROWN,Brussels Basketball,11,Jomaru BROWN,"Arne SCHREVENS, Jamison OVERTON, Louis HAZARD, Tonko VUKO",1,2.4,0,0,0,0,0,0,0,0,0,0,0,0,0,0,0,0,0,0,0,0,0,0.0,0.0,0.0,146.0,-146.0,0,0,0,0,0,0,0,0,0,0,0,0,0,0,0,0,0,0,0,0,0,0
Jomaru BROWN,Brussels Basketball,11,Jomaru BROWN,"Arne SCHREVENS, Deishuan BOOKER, Jamison OVERTON, Tonko VUKO",1,1.7,0,0,1,0.0,0,0,0,0,0,0,0,0,0,0,0,0,0,0,1,0,0,0.0,0.0,150.0,146.0,4.0,0.0,0.0,0,0.0,0,0,0,1,0,0,0,0,0,0,0,0,0,0,0,0,0,0
Jomaru BROWN,Brussels Basketball,11,Jomaru BROWN,"Arne SCHREVENS, Demetric HORTON, Jamison OVERTON, Tonko VUKO",1,1.6,2,1,1,100.0,0,0,0,0,0,0,0,1,1,0,0,0,0,0,1,0,2,2.0,59.3,207.7,0.0,207.7,100.0,100.0,0.0,0.0,0,0,0,1,1,100,0,0,0,0,0,0,0,0,0,0,0,2
Louis HAZARD,Brussels Basketball,10,Louis HAZARD,"Alexandre LIBERT, Demetric HORTON, Jared AMBROSE, Tonko VUKO",1,7.2,2,1,2,50.0,0,0,0,0,0,0,0,0,0,0,1,0,0,0,2,0,2,2.0,17.3,69.1,115.5,-46.4,50.0,50.0,0.0,0.0,0,0,0,2,1,50,0,0,0,0,0,0,0,0,0,0,0,0
Louis HAZARD,Brussels Basketball,10,Louis HAZARD,"Alexandre LIBERT, Arne SCHREVENS, Demetric HORTON, Tonko VUKO",1,6.2,2,1,2,50.0,0,0,0,0,0,0,0,1,1,0,0,0,0,0,2,0,2,2.0,15.7,148.9,124.2,24.7,50.0,50.0,0.0,0.0,0,0,0,2,1,50,0,0,0,0,0,0,0,0,0,0,0,0
Louis HAZARD,Brussels Basketball,10,Louis HAZARD,"Alexandre LIBERT, Demetric HORTON, Godwin TSHIMANGA, Tonko VUKO",1,6.2,6,2,2,100.0,1,1,100.0,1,2,50.0,0,0,0,0,0,0,0,0,3,0,6,6.0,44.6,126.5,118.5,8.0,125.0,104.2,0.0,0.0,0,0,0,1,1,100,0,0,0,0,0,0,0,0,0,0,1,5
Louis HAZARD,Brussels Basketball,10,Louis HAZARD,"Arne SCHREVENS, Demetric HORTON, Jomaru BROWN, Tonko VUKO",1,3.8,2,1,1,100.0,0,0,0,0,0,0,0,0,0,0,0,0,0,1,1,0,2,2.0,31.1,139.8,147.8,-8.1,100.0,100.0,0.0,0.0,0,0,0,1,1,100,0,0,0,0,0,0,0,0,0,0,0,0
Louis HAZARD,Brussels Basketball,10,Louis HAZARD,"Alexandre LIBERT, Demetric HORTON, Godwin TSHIMANGA, Jared AMBROSE",1,3.1,2,1,1,100.0,0,0,0,0,0,0,0,1,1,0,0,0,0,0,1,0,2,2.0,66.7,66.7,115.7,-49.0,100.0,100.0,0.0,0.0,0,0,0,1,1,100,0,0,0,0,0,0,0,0,0,0,0,0
Louis HAZARD,Brussels Basketball,10,Louis HAZARD,"Arne SCHREVENS, Jamison OVERTON, Jomaru BROWN, Tonko VUKO",1,2.4,0,0,1,0.0,0,0,0,0,0,0,0,1,1,0,0,0,0,0,1,0,0,0.0,0.0,0.0,146.0,-146.0,0.0,0.0,0,0.0,0,0,0,1,0,0,0,0,0,0,0,0,0,0,0,0,0,0
Louis HAZARD,Brussels Basketball,10,Louis HAZARD,"Alexandre LIBERT, Arne SCHREVENS, Demetric HORTON, Godwin TSHIMANGA",1,1.3,3,1,2,50.0,1,2,50.0,0,0,0,0,0,0,1,0,0,0,0,2,3,6,6.0,200.0,200.0,0.0,200.0,75.0,75.0,100.0,0.0,0,0,0,0,0,0,0,0,0,0,0,0,0,0,0,0,0,3
Louis HAZARD,Brussels Basketball,10,Louis HAZARD,"Alexandre LIBERT, Arne SCHREVENS, Jamison OVERTON, Tonko VUKO",1,1.0,0,0,0,0,0,0,0,0,0,0,0,0,0,0,0,0,0,0,0,0,0,0.0,0.0,0.0,106.4,-106.4,0,0,0,0,0,0,0,0,0,0,0,0,0,0,0,0,0,0,0,0,0,0
Tonko VUKO,Brussels Basketball,7,Tonko VUKO,"Alexandre LIBERT, Demetric HORTON, Jared AMBROSE, Louis HAZARD",1,7.2,3,1,1,100.0,1,1,100.0,0,0,0,0,1,1,1,0,0,1,0,2,3,6,6.0,51.8,69.1,115.5,-46.4,150.0,150.0,100.0,33.3,0,0,0,0,0,0,0,0,0,0,0,0,1,0,0,0,0,0
Tonko VUKO,Brussels Basketball,7,Tonko VUKO,"Alexandre LIBERT, Arne SCHREVENS, Demetric HORTON, Louis HAZARD",1,6.2,3,1,3,33.3,0,0,0,1,1,100.0,0,0,0,0,0,0,0,0,3,0,3,3.0,23.5,148.9,124.2,24.7,33.3,43.6,0.0,0.0,0,0,0,3,1,33.3,0,0,0,0,0,0,0,0,0,0,0,0
Tonko VUKO,Brussels Basketball,7,Tonko VUKO,"Alexandre LIBERT, Demetric HORTON, Godwin TSHIMANGA, Louis HAZARD",1,6.2,3,1,2,50.0,1,2,50.0,0,0,0,0,1,1,0,0,0,0,1,2,0,3,3.0,22.3,126.5,118.5,8.0,75.0,75.0,0.0,0.0,0,0,0,0,0,0,0,0,0,0,0,0,0,0,0,3,0,0
Tonko VUKO,Brussels Basketball,7,Tonko VUKO,"Arne SCHREVENS, Demetric HORTON, Jomaru BROWN, Louis HAZARD",1,3.8,0,0,0,0,0,0,0,0,0,0,0,0,0,0,0,0,0,0,0,0,0,0.0,0.0,139.8,147.8,-8.1,0,0,0,0,0,0,0,0,0,0,0,0,0,0,0,0,0,0,0,0,0,0
Tonko VUKO,Brussels Basketball,7,Tonko VUKO,"Arne SCHREVENS, Jamison OVERTON, Jomaru BROWN, Louis HAZARD",1,2.4,0,0,0,0,0,0,0,0,0,0,0,0,0,0,0,0,0,0,0,0,0,0.0,0.0,0.0,146.0,-146.0,0,0,0,0,0,0,0,0,0,0,0,0,0,0,0,0,0,0,0,0,0,0
Tonko VUKO,Brussels Basketball,7,Tonko VUKO,"Arne SCHREVENS, Deishuan BOOKER, Jamison OVERTON, Jomaru BROWN",1,1.7,3,1,1,100.0,1,1,100.0,0,0,0,0,0,0,0,0,0,0,1,1,0,3,3.0,150.0,150.0,146.0,4.0,150.0,150.0,0.0,0.0,0,0,0,0,0,0,0,0,0,0,0,0,0,0,0,0,0,0
Tonko VUKO,Brussels Basketball,7,Tonko VUKO,"Arne SCHREVENS, Demetric HORTON, Jamison OVERTON, Jomaru BROWN",1,1.6,5,2,2,100.0,0,0,0,1,1,100.0,1,0,1,0,0,0,0,0,1,0,5,5.0,148.4,207.7,0.0,207.7,100.0,102.5,0.0,0.0,0,0,0,2,2,100,0,0,0,0,0,0,0,0,0,2,0,0
Tonko VUKO,Brussels Basketball,7,Tonko VUKO,"Alexandre LIBERT, Deishuan BOOKER, Demetric HORTON, Godwin TSHIMANGA",1,1.3,0,0,0,0,0,0,0,0,0,0,0,1,1,1,0,0,0,0,0,3,3,3.0,106.8,142.3,0.0,142.3,0,0,0,0.0,0,0,0,0,0,0,0,0,0,0,0,0,0,0,0,0,0,0
Tonko VUKO,Brussels Basketball,7,Tonko VUKO,"Alexandre LIBERT, Arne SCHREVENS, Jamison OVERTON, Louis HAZARD",1,1.0,0,0,1,0.0,0,0,0,0,0,0,0,0,0,0,0,0,0,0,1,0,0,0.0,0.0,0.0,106.4,-106.4,0.0,0.0,0,0.0,0,0,0,1,0,0,0,0,0,0,0,0,0,0,0,0,0,0
Bryan ANTOINE,Den Helder Suns,0,Bryan ANTOINE,"Carter GILMORE, Drew STOVER, Reginald MESIDOR, Siem UIJTENDAAL",1,17.8,9,4,10,40.0,1,5,20.0,0,0,0,2,1,3,1,0,0,0,2,8,2,11,11.0,32.3,79.3,159.2,-79.9,45.0,45.0,25.0,0.0,1,1,100,4,2,50,0,0,0,1,1,0,0,0,0,2,3,2
Bryan ANTOINE,Den Helder Suns,0,Bryan ANTOINE,"Carter GILMORE, Jonas VISSER, Nick THRAN, Siem UIJTENDAAL",1,4.6,7,2,3,66.7,1,1,100.0,2,2,100.0,0,0,0,0,1,0,0,0,4,0,7,7.0,70.9,121.5,54.5,67.0,83.3,90.2,0.0,0.0,0,0,0,2,1,50,0,0,0,0,1,0,0,0,0,2,0,2
Bryan ANTOINE,Den Helder Suns,0,Bryan ANTOINE,"Carter GILMORE, Jonas VISSER, Nick THRAN, Thijs BEENS",1,2.1,0,0,2,0.0,0,1,0.0,0,0,0,0,0,0,0,0,0,0,0,2,0,0,0.0,0.0,37.5,215.1,-177.6,0.0,0.0,0,0.0,0,0,0,1,0,0,0,0,0,0,0,0,0,0,0,0,0,0
Bryan ANTOINE,Den Helder Suns,0,Bryan ANTOINE,"Carter GILMORE, Drew STOVER, Nick THRAN, Reginald MESIDOR",1,1.8,0,0,1,0.0,0,0,0,0,0,0,0,0,0,0,0,0,0,0,1,0,0,0.0,0.0,0.0,25.8,-25.8,0.0,0.0,0,0.0,0,0,0,1,0,0,0,0,0,0,0,0,0,0,0,0,0,0
Bryan ANTOINE,Den Helder Suns,0,Bryan ANTOINE,"Drew STOVER, Noah VAN DER HEIDEN, Reginald MESIDOR, Siem UIJTENDAAL",1,1.4,2,0,0,0,0,0,0,2,2,100.0,0,0,0,0,0,0,0,0,1,0,2,2.0,71.2,71.2,50.0,21.2,0,113.6,0,0.0,0,0,0,0,0,0,0,0,0,0,0,0,0,0,0,0,2,2
Bryan ANTOINE,Den Helder Suns,0,Bryan ANTOINE,"Carter GILMORE, Jonas VISSER, Reginald MESIDOR, Siem UIJTENDAAL",1,1.2,3,1,1,100.0,1,1,100.0,0,0,0,0,0,0,0,0,0,0,1,1,0,3,3.0,92.3,153.8,138.9,15.0,150.0,150.0,0.0,0.0,0,0,0,0,0,0,0,0,0,0,0,0,0,0,0,0,0,0
Carter GILMORE,Den Helder Suns,7,Carter GILMORE,"Bryan ANTOINE, Drew STOVER, Reginald MESIDOR, Siem UIJTENDAAL",1,17.8,2,1,6,16.7,0,3,0.0,0,0,0,1,2,3,0,1,0,0,2,5,0,2,2.0,5.9,79.3,159.2,-79.9,16.7,16.7,0.0,0.0,0,0,0,3,1,33.3,0,0,0,0,0,0,0,0,0,2,0,0
Carter GILMORE,Den Helder Suns,7,Carter GILMORE,"Jonas VISSER, Nick THRAN, Reginald MESIDOR, Siem UIJTENDAAL",1,6.2,6,1,2,50.0,1,1,100.0,3,3,100.0,0,0,0,1,0,0,0,0,3,3,9,9.0,57.6,140.8,82.0,58.8,75.0,90.4,100.0,0.0,0,0,0,1,0,0,0,0,0,0,1,0,0,0,0,2,0,2
Carter GILMORE,Den Helder Suns,7,Carter GILMORE,"Bryan ANTOINE, Jonas VISSER, Nick THRAN, Siem UIJTENDAAL",1,4.6,3,1,1,100.0,1,1,100.0,0,0,0,0,1,1,0,1,0,0,0,1,0,3,3.0,30.4,121.5,54.5,67.0,150.0,150.0,0.0,0.0,0,0,0,0,0,0,0,0,0,0,0,0,0,0,0,0,3,0
Carter GILMORE,Den Helder Suns,7,Carter GILMORE,"Bryan ANTOINE, Jonas VISSER, Nick THRAN, Thijs BEENS",1,2.1,1,0,0,0,0,0,0,1,2,50.0,1,0,1,0,0,0,0,0,0,0,1,1.0,37.5,37.5,215.1,-177.6,0,56.8,0,0.0,0,0,0,0,0,0,0,0,0,0,0,0,0,0,0,1,0,0
Carter GILMORE,Den Helder Suns,7,Carter GILMORE,"Bryan ANTOINE, Drew STOVER, Nick THRAN, Reginald MESIDOR",1,1.8,0,0,1,0.0,0,0,0,0,0,0,1,2,3,0,0,0,0,0,0,0,0,0.0,0.0,0.0,25.8,-25.8,0.0,0.0,0,0.0,0,0,0,1,0,0,0,0,0,0,0,0,0,0,0,0,0,0
Carter GILMORE,Den Helder Suns,7,Carter GILMORE,"Bryan ANTOINE, Jonas VISSER, Reginald MESIDOR, Siem UIJTENDAAL",1,1.2,0,0,0,0,0,0,0,0,0,0,0,0,0,0,0,0,0,0,0,0,0,0.0,0.0,153.8,138.9,15.0,0,0,0,0,0,0,0,0,0,0,0,0,0,0,0,0,0,0,0,0,0,0
Drew STOVER,Den Helder Suns,42,Drew STOVER,"Bryan ANTOINE, Carter GILMORE, Reginald MESIDOR, Siem UIJTENDAAL",1,17.8,4,2,2,100.0,0,0,0,0,0,0,1,2,3,2,0,1,1,0,2,4,8,8.0,23.5,79.3,159.2,-79.9,100.0,100.0,100.0,20.0,1,1,100,1,1,100,0,0,0,0,0,0,1,0,0,0,0,0
Drew STOVER,Den Helder Suns,42,Drew STOVER,"Bryan ANTOINE, Carter GILMORE, Nick THRAN, Reginald MESIDOR",1,1.8,0,0,1,0.0,0,1,0.0,0,0,0,0,0,0,0,0,0,0,1,1,0,0,0.0,0.0,0.0,25.8,-25.8,0.0,0.0,0,0.0,0,0,0,0,0,0,0,0,0,0,0,0,0,0,0,0,0,0
Drew STOVER,Den Helder Suns,42,Drew STOVER,"Bryan ANTOINE, Noah VAN DER HEIDEN, Reginald MESIDOR, Siem UIJTENDAAL",1,1.4,0,0,1,0.0,0,0,0,0,0,0,1,1,2,0,0,0,0,0,0,0,0,0.0,0.0,71.2,50.0,21.2,0.0,0.0,0,0.0,0,0,0,1,0,0,0,0,0,0,0,0,0,0,0,0,0,0
Jonas VISSER,Den Helder Suns,10,Jonas VISSER,"Carter GILMORE, Nick THRAN, Reginald MESIDOR, Siem UIJTENDAAL",1,6.2,5,2,5,40.0,0,0,0,1,2,50.0,2,2,4,0,0,0,1,0,5,0,5,5.0,32.0,140.8,82.0,58.8,40.0,42.5,0.0,14.5,0,0,0,5,2,40,0,0,0,0,0,0,0,0,1,5,0,0
Jonas VISSER,Den Helder Suns,10,Jonas VISSER,"Bryan ANTOINE, Carter GILMORE, Nick THRAN, Siem UIJTENDAAL",1,4.6,0,0,0,0,0,0,0,0,0,0,0,0,0,0,1,0,1,0,1,0,0,0.0,0.0,121.5,54.5,67.0,0,0,0,100.0,0,0,0,0,0,0,0,0,0,0,0,1,0,0,0,0,0,0
Jonas VISSER,Den Helder Suns,10,Jonas VISSER,"Bryan ANTOINE, Carter GILMORE, Nick THRAN, Thijs BEENS",1,2.1,0,0,1,0.0,0,0,0,0,0,0,2,0,2,0,0,0,1,0,0,0,0,0.0,0.0,37.5,215.1,-177.6,0.0,0.0,0,50.0,0,0,0,1,0,0,0,0,0,0,0,0,1,0,0,0,0,0
Jonas VISSER,Den Helder Suns,10,Jonas VISSER,"Bryan ANTOINE, Carter GILMORE, Reginald MESIDOR, Siem UIJTENDAAL",1,1.2,0,0,0,0,0,0,0,0,0,0,0,0,0,0,1,0,0,0,0,0,0,0.0,0.0,153.8,138.9,15.0,0,0,0,0,0,0,0,0,0,0,0,0,0,0,0,0,0,0,0,0,0,0
Jonas VISSER,Den Helder Suns,10,Jonas VISSER,"Nick THRAN, Noah VAN DER HEIDEN, Reginald MESIDOR, Siem UIJTENDAAL",1,1.0,0,0,0,0,0,0,0,0,0,0,0,0,0,0,0,0,0,1,0,0,0,0.0,0.0,300.0,110.5,189.5,0,0,0,0,0,0,0,0,0,0,0,0,0,0,0,0,0,0,0,0,0,0
Nick THRAN,Den Helder Suns,33,Nick THRAN,"Carter GILMORE, Jonas VISSER, Reginald MESIDOR, Siem UIJTENDAAL",1,6.2,0,0,0,0,0,0,0,0,0,0,0,0,0,0,0,0,0,2,0,0,0,0.0,0.0,140.8,82.0,58.8,0,0,0,0,0,0,0,0,0,0,0,0,0,0,0,0,0,0,0,0,0,0
Nick THRAN,Den Helder Suns,33,Nick THRAN,"Bryan ANTOINE, Carter GILMORE, Jonas VISSER, Siem UIJTENDAAL",1,4.6,2,1,3,33.3,0,1,0.0,0,0,0,0,0,0,2,0,0,0,1,3,5,7,7.0,70.9,121.5,54.5,67.0,33.3,33.3,200.0,0.0,0,0,0,2,1,50,0,0,0,0,0,0,0,0,0,0,2,2
Nick THRAN,Den Helder Suns,33,Nick THRAN,"Bryan ANTOINE, Carter GILMORE, Jonas VISSER, Thijs BEENS",1,2.1,0,0,0,0,0,0,0,0,0,0,0,0,0,0,0,0,0,0,0,0,0,0.0,0.0,37.5,215.1,-177.6,0,0,0,0,0,0,0,0,0,0,0,0,0,0,0,0,0,0,0,0,0,0
Nick THRAN,Den Helder Suns,33,Nick THRAN,"Bryan ANTOINE, Carter GILMORE, Drew STOVER, Reginald MESIDOR",1,1.8,0,0,0,0,0,0,0,0,0,0,0,1,1,0,0,0,0,0,0,0,0,0.0,0.0,0.0,25.8,-25.8,0,0,0,0,0,0,0,0,0,0,0,0,0,0,0,0,0,0,0,0,0,0
Nick THRAN,Den Helder Suns,33,Nick THRAN,"Jonas VISSER, Noah VAN DER HEIDEN, Reginald MESIDOR, Siem UIJTENDAAL",1,1.0,0,0,0,0,0,0,0,0,0,0,0,0,0,0,0,0,0,0,0,0,0,0.0,0.0,300.0,110.5,189.5,0,0,0,0,0,0,0,0,0,0,0,0,0,0,0,0,0,0,0,0,0,0
Noah VAN DER HEIDEN,Den Helder Suns,77,Noah VAN DER HEIDEN,"Bryan ANTOINE, Drew STOVER, Reginald MESIDOR, Siem UIJTENDAAL",1,1.4,0,0,0,0,0,0,0,0,0,0,0,0,0,0,0,0,1,0,1,0,0,0.0,0.0,71.2,50.0,21.2,0,0,0,100.0,0,0,0,0,0,0,0,0,0,0,0,1,0,0,0,0,0,0
Noah VAN DER HEIDEN,Den Helder Suns,77,Noah VAN DER HEIDEN,"Jonas VISSER, Nick THRAN, Reginald MESIDOR, Siem UIJTENDAAL",1,1.0,0,0,0,0,0,0,0,0,0,0,0,0,0,0,0,0,0,0,0,0,0,0.0,0.0,300.0,110.5,189.5,0,0,0,0,0,0,0,0,0,0,0,0,0,0,0,0,0,0,0,0,0,0
Reginald MESIDOR,Den Helder Suns,1,Reginald MESIDOR,"Bryan ANTOINE, Carter GILMORE, Drew STOVER, Siem UIJTENDAAL",1,17.8,6,1,10,10.0,1,5,20.0,3,4,75.0,2,1,3,2,0,0,3,2,12,4,10,10.0,29.4,79.3,159.2,-79.9,15.0,25.5,200.0,17.9,0,0,0,5,0,0,0,0,0,0,1,1,2,0,0,1,0,0
Reginald MESIDOR,Den Helder Suns,1,Reginald MESIDOR,"Carter GILMORE, Jonas VISSER, Nick THRAN, Siem UIJTENDAAL",1,6.2,9,3,4,75.0,3,4,75.0,0,0,0,2,2,4,2,0,0,1,0,3,4,13,13.0,83.2,140.8,82.0,58.8,112.5,112.5,66.7,14.3,0,0,0,0,0,0,0,0,0,0,1,0,1,0,0,3,3,3
Reginald MESIDOR,Den Helder Suns,1,Reginald MESIDOR,"Bryan ANTOINE, Carter GILMORE, Drew STOVER, Nick THRAN",1,1.8,0,0,1,0.0,0,0,0,0,0,0,0,0,0,0,0,0,0,0,1,0,0,0.0,0.0,0.0,25.8,-25.8,0.0,0.0,0,0.0,0,0,0,1,0,0,0,0,0,0,0,0,0,0,0,0,0,0
Reginald MESIDOR,Den Helder Suns,1,Reginald MESIDOR,"Bryan ANTOINE, Drew STOVER, Noah VAN DER HEIDEN, Siem UIJTENDAAL",1,1.4,0,0,0,0,0,0,0,0,0,0,0,0,0,0,1,0,0,1,0,0,0,0.0,0.0,71.2,50.0,21.2,0,0,0,0,0,0,0,0,0,0,0,0,0,0,0,0,0,0,0,0,0,0
Reginald MESIDOR,Den Helder Suns,1,Reginald MESIDOR,"Bryan ANTOINE, Carter GILMORE, Jonas VISSER, Siem UIJTENDAAL",1,1.2,0,0,1,0.0,0,0,0,0,0,0,1,0,1,1,0,0,0,0,0,3,3,3.0,92.3,153.8,138.9,15.0,0.0,0.0,0,0.0,0,0,0,1,0,0,0,0,0,0,0,0,0,0,0,0,0,0
Reginald MESIDOR,Den Helder Suns,1,Reginald MESIDOR,"Jonas VISSER, Nick THRAN, Noah VAN DER HEIDEN, Siem UIJTENDAAL",1,1.0,0,0,0,0,0,0,0,0,0,0,0,0,0,0,0,0,0,0,0,0,0,0.0,0.0,300.0,110.5,189.5,0,0,0,0,0,0,0,0,0,0,0,0,0,0,0,0,0,0,0,0,0,0
Siem UIJTENDAAL,Den Helder Suns,2,Siem UIJTENDAAL,"Bryan ANTOINE, Carter GILMORE, Drew STOVER, Reginald MESIDOR",1,17.8,6,3,6,50.0,0,0,0,0,0,0,0,1,1,1,0,0,1,3,7,2,8,8.0,23.5,79.3,159.2,-79.9,50.0,50.0,33.3,12.5,0,0,0,6,3,50,0,0,0,0,0,0,0,0,1,0,0,0
Siem UIJTENDAAL,Den Helder Suns,2,Siem UIJTENDAAL,"Carter GILMORE, Jonas VISSER, Nick THRAN, Reginald MESIDOR",1,6.2,0,0,3,0.0,0,2,0.0,0,2,0.0,0,0,0,1,1,0,0,2,4,3,3,3.0,19.2,140.8,82.0,58.8,0.0,0.0,0,0.0,0,0,0,1,0,0,0,0,0,0,0,0,0,0,0,0,0,0
Siem UIJTENDAAL,Den Helder Suns,2,Siem UIJTENDAAL,"Bryan ANTOINE, Carter GILMORE, Jonas VISSER, Nick THRAN",1,4.6,0,0,1,0.0,0,0,0,0,0,0,0,1,1,1,1,0,0,0,1,2,2,2.0,20.2,121.5,54.5,67.0,0.0,0.0,0,0.0,0,0,0,1,0,0,0,0,0,0,0,0,0,0,0,0,0,0
Siem UIJTENDAAL,Den Helder Suns,2,Siem UIJTENDAAL,"Bryan ANTOINE, Drew STOVER, Noah VAN DER HEIDEN, Reginald MESIDOR",1,1.4,0,0,1,0.0,0,0,0,0,0,0,0,1,1,0,0,0,0,0,1,0,0,0.0,0.0,71.2,50.0,21.2,0.0,0.0,0,0.0,0,0,0,1,0,0,0,0,0,0,0,0,0,0,0,0,0,0
Siem UIJTENDAAL,Den Helder Suns,2,Siem UIJTENDAAL,"Bryan ANTOINE, Carter GILMORE, Jonas VISSER, Reginald MESIDOR",1,1.2,2,0,1,0.0,0,0,0,2,3,66.7,0,0,0,0,0,0,0,0,2,0,2,2.0,61.5,153.8,138.9,15.0,0.0,43.1,0,0.0,0,0,0,1,0,0,0,0,0,0,0,0,0,0,0,0,0,1
Siem UIJTENDAAL,Den Helder Suns,2,Siem UIJTENDAAL,"Jonas VISSER, Nick THRAN, Noah VAN DER HEIDEN, Reginald MESIDOR",1,1.0,3,1,1,100.0,1,1,100.0,0,0,0,0,0,0,0,0,0,0,0,1,0,3,3.0,300.0,300.0,110.5,189.5,150.0,150.0,0.0,0.0,0,0,0,0,0,0,0,0,0,0,1,0,0,0,0,0,0,0
Thijs BEENS,Den Helder Suns,3,Thijs BEENS,"Bryan ANTOINE, Carter GILMORE, Jonas VISSER, Nick THRAN",1,2.1,0,0,1,0.0,0,0,0,0,0,0,0,0,0,0,0,0,0,0,1,0,0,0.0,0.0,37.5,215.1,-177.6,0.0,0.0,0,0.0,0,0,0,1,0,0,0,0,0,0,0,0,0,0,0,0,0,0
Austin LUKE,Donar Groningen,1,Austin LUKE,"Damian FORREST, Evan TAYLOR, Malik MILLER, Wietze NOSSEK",1,9.5,3,1,2,50.0,1,2,50.0,0,0,0,0,4,4,5,1,0,2,0,4,13,16,16.0,84.5,121.5,84.3,37.2,75.0,75.0,500.0,22.2,0,0,0,0,0,0,0,0,0,0,1,1,1,0,0,0,3,0
Austin LUKE,Donar Groningen,1,Austin LUKE,"Damian FORREST, Dane ERIKSTRUP, Evan TAYLOR, Tim HOEVE",1,4.1,0,0,1,0.0,0,1,0.0,0,0,0,0,0,0,2,0,0,1,1,2,5,5,5.0,64.4,141.8,107.8,33.9,0.0,0.0,0,25.0,0,0,0,0,0,0,0,0,0,0,0,1,0,0,0,0,0,0
Austin LUKE,Donar Groningen,1,Austin LUKE,"Damian FORREST, Evan TAYLOR, Tim HOEVE, Wietze NOSSEK",1,2.8,0,0,0,0,0,0,0,0,0,0,0,1,1,2,0,0,0,0,0,3,3,3.0,61.5,102.5,108.3,-5.8,0,0,0,0.0,0,0,0,0,0,0,0,0,0,0,0,0,0,0,0,0,0,0
Austin LUKE,Donar Groningen,1,Austin LUKE,"Coen GELLING, Damian FORREST, Malik MILLER, Tim HOEVE",1,2.5,0,0,1,0.0,0,1,0.0,0,0,0,0,0,0,0,1,0,0,0,1,0,0,0.0,0.0,69.4,51.5,17.8,0.0,0.0,0,0.0,0,0,0,0,0,0,0,0,0,0,0,0,0,0,0,0,0,0
Austin LUKE,Donar Groningen,1,Austin LUKE,"Damian FORREST, Dane ERIKSTRUP, Malik MILLER, Tim HOEVE",1,2.1,0,0,0,0,0,0,0,0,0,0,0,0,0,1,0,0,0,0,0,3,3,3.0,86.9,173.7,206.2,-32.4,0,0,0,0.0,0,0,0,0,0,0,0,0,0,0,0,0,0,0,0,0,0,0
Austin LUKE,Donar Groningen,1,Austin LUKE,"Dane ERIKSTRUP, Dele ADETUNJI, Malik MILLER, Tim HOEVE",1,2.1,0,0,0,0,0,0,0,0,0,0,0,0,0,1,0,0,0,0,0,2,2,2.0,39.0,175.4,159.6,15.9,0,0,0,0.0,0,0,0,0,0,0,0,0,0,0,0,0,0,0,0,0,0,0
Austin LUKE,Donar Groningen,1,Austin LUKE,"Dane ERIKSTRUP, Evan TAYLOR, Malik MILLER, Wietze NOSSEK",1,2.0,0,0,0,0,0,0,0,0,0,0,0,0,0,0,0,0,0,1,0,0,0,0.0,0.0,138.9,180.4,-41.5,0,0,0,0,0,0,0,0,0,0,0,0,0,0,0,0,0,0,0,0,0,0
Austin LUKE,Donar Groningen,1,Austin LUKE,"Dane ERIKSTRUP, Dele ADETUNJI, Evan TAYLOR, Wietze NOSSEK",1,1.7,0,0,0,0,0,0,0,0,0,0,0,1,1,1,0,0,0,0,0,2,2,2.0,100.0,200.0,173.6,26.4,0,0,0,0.0,0,0,0,0,0,0,0,0,0,0,0,0,0,0,0,0,0,0
Austin LUKE,Donar Groningen,1,Austin LUKE,"Damian FORREST, Dane ERIKSTRUP, Dele ADETUNJI, Tim HOEVE",1,1.4,0,0,0,0,0,0,0,0,0,0,0,0,0,0,0,0,0,0,0,0,0,0.0,0.0,165.7,138.9,26.9,0,0,0,0,0,0,0,0,0,0,0,0,0,0,0,0,0,0,0,0,0,0
Austin LUKE,Donar Groningen,1,Austin LUKE,"Damian FORREST, Dele ADETUNJI, Evan TAYLOR, Wietze NOSSEK",1,1.1,0,0,0,0,0,0,0,0,0,0,0,1,1,0,0,0,0,0,0,0,0,0.0,0.0,212.8,100.0,112.8,0,0,0,0,0,0,0,0,0,0,0,0,0,0,0,0,0,0,0,0,0,0
Austin LUKE,Donar Groningen,1,Austin LUKE,"Dane ERIKSTRUP, Evan TAYLOR, Tim HOEVE, Wietze NOSSEK",1,1.0,0,0,0,0,0,0,0,0,0,0,1,0,1,1,0,0,0,0,0,2,2,2.0,59.3,89.0,0.0,89.0,0,0,0,0.0,0,0,0,0,0,0,0,0,0,0,0,0,0,0,0,0,0,0
Coen GELLING,Donar Groningen,9,Coen GELLING,"Austin LUKE, Damian FORREST, Malik MILLER, Tim HOEVE",1,2.5,0,0,1,0.0,0,1,0.0,0,0,0,0,0,0,0,0,0,0,0,1,0,0,0.0,0.0,69.4,51.5,17.8,0.0,0.0,0,0.0,0,0,0,0,0,0,0,0,0,0,0,0,0,0,0,0,0,0
Damian FORREST,Donar Groningen,33,Damian FORREST,"Austin LUKE, Evan TAYLOR, Malik MILLER, Wietze NOSSEK",1,9.5,6,3,5,60.0,0,0,0,0,0,0,0,1,1,0,0,0,1,0,6,0,6,6.0,31.7,121.5,84.3,37.2,60.0,60.0,0.0,16.7,1,1,100,4,2,50,0,0,0,0,0,0,1,0,0,2,0,0
Damian FORREST,Donar Groningen,33,Damian FORREST,"Austin LUKE, Dane ERIKSTRUP, Evan TAYLOR, Tim HOEVE",1,4.1,3,1,1,100.0,0,0,0,1,2,50.0,0,1,1,1,0,0,0,1,2,3,6,6.0,77.3,141.8,107.8,33.9,100.0,79.8,100.0,0.0,0,0,0,1,1,100,0,0,0,0,0,0,0,0,0,0,0,0
Damian FORREST,Donar Groningen,33,Damian FORREST,"Dane ERIKSTRUP, Evan TAYLOR, Malik MILLER, Tim HOEVE",1,3.0,3,1,1,100.0,0,0,0,1,2,50.0,0,0,0,1,0,0,0,0,2,2,5,5.0,85.0,136.1,133.3,2.7,100.0,79.8,100.0,0.0,0,0,0,1,1,100,0,0,0,0,0,0,0,0,0,0,0,2
Damian FORREST,Donar Groningen,33,Damian FORREST,"Austin LUKE, Evan TAYLOR, Tim HOEVE, Wietze NOSSEK",1,2.8,2,0,0,0,0,0,0,2,2,100.0,0,0,0,0,0,0,0,0,1,0,2,2.0,41.0,102.5,108.3,-5.8,0,113.6,0,0.0,0,0,0,0,0,0,0,0,0,0,0,0,0,0,0,0,0,2
Damian FORREST,Donar Groningen,33,Damian FORREST,"Austin LUKE, Coen GELLING, Malik MILLER, Tim HOEVE",1,2.5,0,0,0,0,0,0,0,0,0,0,0,0,0,0,0,0,1,2,1,0,0,0.0,0.0,69.4,51.5,17.8,0,0,0,100.0,0,0,0,0,0,0,0,0,0,0,0,0,1,0,0,0,0,0
Damian FORREST,Donar Groningen,33,Damian FORREST,"Austin LUKE, Dane ERIKSTRUP, Malik MILLER, Tim HOEVE",1,2.1,0,0,0,0,0,0,0,0,0,0,1,0,1,1,1,0,0,0,0,3,3,3.0,86.9,173.7,206.2,-32.4,0,0,0,0.0,0,0,0,0,0,0,0,0,0,0,0,0,0,0,0,0,0,0
Damian FORREST,Donar Groningen,33,Damian FORREST,"Austin LUKE, Dane ERIKSTRUP, Dele ADETUNJI, Tim HOEVE",1,1.4,1,0,0,0,0,0,0,1,2,50.0,0,1,1,0,0,0,0,1,1,0,1,1.0,55.2,165.7,138.9,26.9,0,56.8,0,0.0,0,0,0,0,0,0,0,0,0,0,0,0,0,0,0,0,0,0
Damian FORREST,Donar Groningen,33,Damian FORREST,"Austin LUKE, Dele ADETUNJI, Evan TAYLOR, Wietze NOSSEK",1,1.1,0,0,0,0,0,0,0,0,0,0,0,0,0,0,0,0,0,0,0,0,0,0.0,0.0,212.8,100.0,112.8,0,0,0,0,0,0,0,0,0,0,0,0,0,0,0,0,0,0,0,0,0,0
Dane ERIKSTRUP,Donar Groningen,3,Dane ERIKSTRUP,"Dele ADETUNJI, Evan TAYLOR, Tim HOEVE, Wietze NOSSEK",1,5.2,2,1,4,25.0,0,1,0.0,0,0,0,0,2,2,0,0,0,0,0,4,0,2,2.0,22.7,56.8,125.0,-68.2,25.0,25.0,0.0,0.0,0,0,0,3,1,33.3,0,0,0,0,0,0,0,0,0,0,0,0
Dane ERIKSTRUP,Donar Groningen,3,Dane ERIKSTRUP,"Austin LUKE, Damian FORREST, Evan TAYLOR, Tim HOEVE",1,4.1,2,0,0,0,0,0,0,2,2,100.0,0,0,0,0,1,0,0,1,1,0,2,2.0,25.8,141.8,107.8,33.9,0,113.6,0,0.0,0,0,0,0,0,0,0,0,0,0,0,0,0,0,0,0,0,2
Dane ERIKSTRUP,Donar Groningen,3,Dane ERIKSTRUP,"Damian FORREST, Evan TAYLOR, Malik MILLER, Tim HOEVE",1,3.0,0,0,0,0,0,0,0,0,0,0,0,1,1,1,0,0,1,0,1,2,2,2.0,34.0,136.1,133.3,2.7,0,0,0,50.0,0,0,0,0,0,0,0,0,0,0,0,0,1,0,0,0,0,0
Dane ERIKSTRUP,Donar Groningen,3,Dane ERIKSTRUP,"Austin LUKE, Damian FORREST, Malik MILLER, Tim HOEVE",1,2.1,0,0,0,0,0,0,0,0,0,0,1,0,1,0,0,0,0,0,0,0,0,0.0,0.0,173.7,206.2,-32.4,0,0,0,0,0,0,0,0,0,0,0,0,0,0,0,0,0,0,0,0,0,0
Dane ERIKSTRUP,Donar Groningen,3,Dane ERIKSTRUP,"Austin LUKE, Dele ADETUNJI, Malik MILLER, Tim HOEVE",1,2.1,4,1,2,50.0,0,1,0.0,2,2,100.0,0,0,0,0,0,1,0,0,3,0,4,4.0,78.0,175.4,159.6,15.9,50.0,69.4,0.0,0.0,0,0,0,1,1,100,0,0,0,0,0,0,0,0,0,0,0,0
Dane ERIKSTRUP,Donar Groningen,3,Dane ERIKSTRUP,"Austin LUKE, Evan TAYLOR, Malik MILLER, Wietze NOSSEK",1,2.0,0,0,0,0,0,0,0,0,0,0,0,0,0,0,0,0,0,0,0,0,0,0.0,0.0,138.9,180.4,-41.5,0,0,0,0,0,0,0,0,0,0,0,0,0,0,0,0,0,0,0,0,0,0
Dane ERIKSTRUP,Donar Groningen,3,Dane ERIKSTRUP,"Austin LUKE, Dele ADETUNJI, Evan TAYLOR, Wietze NOSSEK",1,1.7,0,0,0,0,0,0,0,0,0,0,0,0,0,0,0,0,0,0,0,0,0,0.0,0.0,200.0,173.6,26.4,0,0,0,0,0,0,0,0,0,0,0,0,0,0,0,0,0,0,0,0,0,0
Dane ERIKSTRUP,Donar Groningen,3,Dane ERIKSTRUP,"Austin LUKE, Damian FORREST, Dele ADETUNJI, Tim HOEVE",1,1.4,2,1,2,50.0,0,0,0,0,0,0,1,0,1,0,0,0,0,0,1,0,2,2.0,110.5,165.7,138.9,26.9,50.0,50.0,0.0,0.0,1,1,100,1,0,0,0,0,0,1,0,0,0,0,0,2,0,0
Dane ERIKSTRUP,Donar Groningen,3,Dane ERIKSTRUP,"Austin LUKE, Evan TAYLOR, Tim HOEVE, Wietze NOSSEK",1,1.0,3,1,3,33.3,0,1,0.0,1,1,100.0,0,1,1,0,0,0,1,0,4,0,3,3.0,89.0,89.0,0.0,89.0,33.3,43.6,0.0,22.5,0,0,0,2,1,50,0,0,0,0,0,1,0,0,0,2,0,0
Dele ADETUNJI,Donar Groningen,11,Dele ADETUNJI,"Dane ERIKSTRUP, Evan TAYLOR, Tim HOEVE, Wietze NOSSEK",1,5.2,0,0,0,0,0,0,0,0,0,0,0,0,0,0,0,0,1,1,1,0,0,0.0,0.0,56.8,125.0,-68.2,0,0,0,100.0,0,0,0,0,0,0,0,0,0,0,0,0,0,0,1,0,0,0
Dele ADETUNJI,Donar Groningen,11,Dele ADETUNJI,"Austin LUKE, Dane ERIKSTRUP, Malik MILLER, Tim HOEVE",1,2.1,5,1,2,50.0,0,1,0.0,3,3,100.0,1,1,2,0,0,0,0,1,2,0,5,5.0,97.5,175.4,159.6,15.9,50.0,75.3,0.0,0.0,1,1,100,0,0,0,0,0,0,1,0,0,0,0,0,2,2,0
Dele ADETUNJI,Donar Groningen,11,Dele ADETUNJI,"Austin LUKE, Dane ERIKSTRUP, Evan TAYLOR, Wietze NOSSEK",1,1.7,2,1,1,100.0,0,0,0,0,0,0,0,0,0,0,0,0,0,0,1,0,2,2.0,100.0,200.0,173.6,26.4,100.0,100.0,0.0,0.0,0,0,0,1,1,100,0,0,0,0,0,0,0,0,0,0,0,0
Dele ADETUNJI,Donar Groningen,11,Dele ADETUNJI,"Austin LUKE, Damian FORREST, Dane ERIKSTRUP, Tim HOEVE",1,1.4,0,0,0,0,0,0,0,0,0,0,0,0,0,0,0,0,0,0,0,0,0,0.0,0.0,165.7,138.9,26.9,0,0,0,0,0,0,0,0,0,0,0,0,0,0,0,0,0,0,0,0,0,0
Dele ADETUNJI,Donar Groningen,11,Dele ADETUNJI,"Austin LUKE, Damian FORREST, Evan TAYLOR, Wietze NOSSEK",1,1.1,0,0,0,0,0,0,0,0,0,0,0,0,0,0,0,0,0,0,0,0,0,0.0,0.0,212.8,100.0,112.8,0,0,0,0,0,0,0,0,0,0,0,0,0,0,0,0,0,0,0,0,0,0
Evan TAYLOR,Donar Groningen,5,Evan TAYLOR,"Austin LUKE, Damian FORREST, Malik MILLER, Wietze NOSSEK",1,9.5,6,2,3,66.7,2,3,66.7,0,0,0,0,1,1,0,3,0,0,0,3,0,6,6.0,31.7,121.5,84.3,37.2,100.0,100.0,0.0,0.0,0,0,0,0,0,0,0,0,0,0,0,0,0,0,0,0,3,0
Evan TAYLOR,Donar Groningen,5,Evan TAYLOR,"Dane ERIKSTRUP, Dele ADETUNJI, Tim HOEVE, Wietze NOSSEK",1,5.2,0,0,0,0,0,0,0,0,0,0,0,0,0,0,0,0,0,0,0,0,0,0.0,0.0,56.8,125.0,-68.2,0,0,0,0,0,0,0,0,0,0,0,0,0,0,0,0,0,0,0,0,0,0
Evan TAYLOR,Donar Groningen,5,Evan TAYLOR,"Austin LUKE, Damian FORREST, Dane ERIKSTRUP, Tim HOEVE",1,4.1,0,0,0,0,0,0,0,0,0,0,0,1,1,0,0,0,0,0,0,0,0,0.0,0.0,141.8,107.8,33.9,0,0,0,0,0,0,0,0,0,0,0,0,0,0,0,0,0,0,0,0,0,0
Evan TAYLOR,Donar Groningen,5,Evan TAYLOR,"Damian FORREST, Dane ERIKSTRUP, Malik MILLER, Tim HOEVE",1,3.0,0,0,1,0.0,0,1,0.0,0,0,0,0,0,0,1,0,0,0,0,1,3,3,3.0,51.0,136.1,133.3,2.7,0.0,0.0,0,0.0,0,0,0,0,0,0,0,0,0,0,0,0,0,0,0,0,0,0
Evan TAYLOR,Donar Groningen,5,Evan TAYLOR,"Austin LUKE, Damian FORREST, Tim HOEVE, Wietze NOSSEK",1,2.8,0,0,1,0.0,0,1,0.0,0,0,0,0,0,0,0,0,0,0,0,1,0,0,0.0,0.0,102.5,108.3,-5.8,0.0,0.0,0,0.0,0,0,0,0,0,0,0,0,0,0,0,0,0,0,0,0,0,0
Evan TAYLOR,Donar Groningen,5,Evan TAYLOR,"Austin LUKE, Dane ERIKSTRUP, Malik MILLER, Wietze NOSSEK",1,2.0,2,1,2,50.0,0,1,0.0,0,0,0,0,0,0,1,0,0,0,0,2,0,2,2.0,69.4,138.9,180.4,-41.5,50.0,50.0,100.0,0.0,0,0,0,1,1,100,0,0,0,0,0,0,0,0,0,0,0,2
Evan TAYLOR,Donar Groningen,5,Evan TAYLOR,"Austin LUKE, Dane ERIKSTRUP, Dele ADETUNJI, Wietze NOSSEK",1,1.7,0,0,0,0,0,0,0,0,0,0,0,0,0,1,0,0,0,1,0,2,2,2.0,100.0,200.0,173.6,26.4,0,0,0,0.0,0,0,0,0,0,0,0,0,0,0,0,0,0,0,0,0,0,0
Evan TAYLOR,Donar Groningen,5,Evan TAYLOR,"Austin LUKE, Damian FORREST, Dele ADETUNJI, Wietze NOSSEK",1,1.1,4,1,1,100.0,1,1,100.0,1,2,50.0,0,0,0,0,0,0,0,0,2,0,4,4.0,212.8,212.8,100.0,112.8,150.0,106.4,0.0,0.0,0,0,0,0,0,0,0,0,0,0,0,0,0,0,0,0,1,0
Evan TAYLOR,Donar Groningen,5,Evan TAYLOR,"Austin LUKE, Dane ERIKSTRUP, Tim HOEVE, Wietze NOSSEK",1,1.0,0,0,0,0,0,0,0,0,0,0,0,0,0,0,0,0,0,0,0,0,0,0.0,0.0,89.0,0.0,89.0,0,0,0,0,0,0,0,0,0,0,0,0,0,0,0,0,0,0,0,0,0,0
Malik MILLER,Donar Groningen,4,Malik MILLER,"Austin LUKE, Damian FORREST, Evan TAYLOR, Wietze NOSSEK",1,9.5,0,0,1,0.0,0,1,0.0,0,0,0,1,1,2,3,0,0,2,0,2,7,7,7.0,37.0,121.5,84.3,37.2,0.0,0.0,0,33.3,0,0,0,0,0,0,0,0,0,0,0,0,2,0,0,0,0,0
Malik MILLER,Donar Groningen,4,Malik MILLER,"Damian FORREST, Dane ERIKSTRUP, Evan TAYLOR, Tim HOEVE",1,3.0,2,1,1,100.0,0,0,0,0,0,0,0,1,1,0,1,0,0,0,1,0,2,2.0,34.0,136.1,133.3,2.7,100.0,100.0,0.0,0.0,1,1,100,0,0,0,0,0,0,0,0,0,0,0,0,0,0,0
Malik MILLER,Donar Groningen,4,Malik MILLER,"Austin LUKE, Coen GELLING, Damian FORREST, Tim HOEVE",1,2.5,0,0,1,0.0,0,0,0,0,0,0,2,1,3,1,1,0,0,0,0,3,3,3.0,69.4,69.4,51.5,17.8,0.0,0.0,0,0.0,0,0,0,1,0,0,0,0,0,0,0,0,0,0,0,0,0,0
Malik MILLER,Donar Groningen,4,Malik MILLER,"Austin LUKE, Damian FORREST, Dane ERIKSTRUP, Tim HOEVE",1,2.1,0,0,1,0.0,0,1,0.0,0,2,0.0,0,0,0,0,0,0,0,1,2,0,0,0.0,0.0,173.7,206.2,-32.4,0.0,0.0,0,0.0,0,0,0,0,0,0,0,0,0,0,0,0,0,0,0,0,0,0
Malik MILLER,Donar Groningen,4,Malik MILLER,"Austin LUKE, Dane ERIKSTRUP, Dele ADETUNJI, Tim HOEVE",1,2.1,0,0,0,0,0,0,0,0,0,0,0,0,0,0,0,0,0,1,0,0,0,0.0,0.0,175.4,159.6,15.9,0,0,0,0,0,0,0,0,0,0,0,0,0,0,0,0,0,0,0,0,0,0
Malik MILLER,Donar Groningen,4,Malik MILLER,"Austin LUKE, Dane ERIKSTRUP, Evan TAYLOR, Wietze NOSSEK",1,2.0,2,0,0,0,0,0,0,2,2,100.0,0,0,0,0,0,0,0,0,1,0,2,2.0,69.4,138.9,180.4,-41.5,0,113.6,0,0.0,0,0,0,0,0,0,0,0,0,0,0,0,0,0,0,0,0,2
Tim HOEVE,Donar Groningen,21,Tim HOEVE,"Dane ERIKSTRUP, Dele ADETUNJI, Evan TAYLOR, Wietze NOSSEK",1,5.2,1,0,1,0.0,0,1,0.0,1,2,50.0,0,1,1,0,0,0,0,0,2,0,1,1.0,11.4,56.8,125.0,-68.2,0.0,26.6,0,0.0,0,0,0,0,0,0,0,0,0,0,0,0,0,0,0,0,0,0
Tim HOEVE,Donar Groningen,21,Tim HOEVE,"Austin LUKE, Damian FORREST, Dane ERIKSTRUP, Evan TAYLOR",1,4.1,6,2,3,66.7,2,3,66.7,0,0,0,0,0,0,0,0,0,0,0,3,0,6,6.0,77.3,141.8,107.8,33.9,100.0,100.0,0.0,0.0,0,0,0,0,0,0,0,0,0,0,0,0,0,0,0,0,0,3
Tim HOEVE,Donar Groningen,21,Tim HOEVE,"Damian FORREST, Dane ERIKSTRUP, Evan TAYLOR, Malik MILLER",1,3.0,3,1,1,100.0,1,1,100.0,0,0,0,0,0,0,0,0,0,0,0,1,0,3,3.0,51.0,136.1,133.3,2.7,150.0,150.0,0.0,0.0,0,0,0,0,0,0,0,0,0,0,0,0,0,0,0,0,0,0
Tim HOEVE,Donar Groningen,21,Tim HOEVE,"Austin LUKE, Damian FORREST, Evan TAYLOR, Wietze NOSSEK",1,2.8,3,1,1,100.0,1,1,100.0,0,0,0,0,0,0,0,0,0,0,0,1,0,3,3.0,61.5,102.5,108.3,-5.8,150.0,150.0,0.0,0.0,0,0,0,0,0,0,0,0,0,0,0,0,0,0,0,0,3,0
Tim HOEVE,Donar Groningen,21,Tim HOEVE,"Austin LUKE, Coen GELLING, Damian FORREST, Malik MILLER",1,2.5,3,1,3,33.3,1,3,33.3,0,0,0,0,0,0,0,0,0,0,0,3,0,3,3.0,69.4,69.4,51.5,17.8,50.0,50.0,0.0,0.0,0,0,0,0,0,0,0,0,0,0,0,0,0,0,0,0,0,0
Tim HOEVE,Donar Groningen,21,Tim HOEVE,"Austin LUKE, Damian FORREST, Dane ERIKSTRUP, Malik MILLER",1,2.1,6,2,3,66.7,2,3,66.7,0,0,0,0,0,0,0,0,0,0,0,3,0,6,6.0,173.7,173.7,206.2,-32.4,100.0,100.0,0.0,0.0,0,0,0,0,0,0,0,0,0,0,0,0,0,0,0,3,0,0
Tim HOEVE,Donar Groningen,21,Tim HOEVE,"Austin LUKE, Dane ERIKSTRUP, Dele ADETUNJI, Malik MILLER",1,2.1,0,0,0,0,0,0,0,0,0,0,0,0,0,0,0,0,0,0,0,0,0,0.0,0.0,175.4,159.6,15.9,0,0,0,0,0,0,0,0,0,0,0,0,0,0,0,0,0,0,0,0,0,0
Tim HOEVE,Donar Groningen,21,Tim HOEVE,"Austin LUKE, Damian FORREST, Dane ERIKSTRUP, Dele ADETUNJI",1,1.4,0,0,0,0,0,0,0,0,0,0,0,0,0,0,0,0,0,0,0,0,0,0.0,0.0,165.7,138.9,26.9,0,0,0,0,0,0,0,0,0,0,0,0,0,0,0,0,0,0,0,0,0,0
Tim HOEVE,Donar Groningen,21,Tim HOEVE,"Austin LUKE, Dane ERIKSTRUP, Evan TAYLOR, Wietze NOSSEK",1,1.0,0,0,0,0,0,0,0,0,0,0,0,0,0,0,0,0,0,0,0,0,0,0.0,0.0,89.0,0.0,89.0,0,0,0,0,0,0,0,0,0,0,0,0,0,0,0,0,0,0,0,0,0,0
Wietze NOSSEK,Donar Groningen,22,Wietze NOSSEK,"Austin LUKE, Damian FORREST, Evan TAYLOR, Malik MILLER",1,9.5,8,3,4,75.0,2,3,66.7,0,0,0,0,1,1,0,0,0,0,1,4,0,8,8.0,42.3,121.5,84.3,37.2,100.0,100.0,0.0,0.0,0,0,0,1,1,100,0,0,0,0,0,0,0,0,0,0,3,3
Wietze NOSSEK,Donar Groningen,22,Wietze NOSSEK,"Dane ERIKSTRUP, Dele ADETUNJI, Evan TAYLOR, Tim HOEVE",1,5.2,2,1,2,50.0,0,0,0,0,0,0,1,0,1,0,0,0,1,0,2,0,2,2.0,22.7,56.8,125.0,-68.2,50.0,50.0,0.0,33.3,1,1,100,1,0,0,0,0,0,1,0,1,0,0,0,2,0,0
Wietze NOSSEK,Donar Groningen,22,Wietze NOSSEK,"Austin LUKE, Damian FORREST, Evan TAYLOR, Tim HOEVE",1,2.8,0,0,1,0.0,0,1,0.0,0,0,0,0,0,0,0,0,0,1,0,2,0,0,0.0,0.0,102.5,108.3,-5.8,0.0,0.0,0,50.0,0,0,0,0,0,0,0,0,0,0,0,1,0,0,0,0,0,0
Wietze NOSSEK,Donar Groningen,22,Wietze NOSSEK,"Austin LUKE, Dane ERIKSTRUP, Evan TAYLOR, Malik MILLER",1,2.0,0,0,0,0,0,0,0,0,0,0,0,0,0,0,0,0,0,0,0,0,0,0.0,0.0,138.9,180.4,-41.5,0,0,0,0,0,0,0,0,0,0,0,0,0,0,0,0,0,0,0,0,0,0
Wietze NOSSEK,Donar Groningen,22,Wietze NOSSEK,"Austin LUKE, Dane ERIKSTRUP, Dele ADETUNJI, Evan TAYLOR",1,1.7,2,1,1,100.0,0,0,0,0,0,0,0,0,0,0,0,0,0,0,1,0,2,2.0,100.0,200.0,173.6,26.4,100.0,100.0,0.0,0.0,0,0,0,1,1,100,0,0,0,0,0,0,0,0,0,0,0,0
Wietze NOSSEK,Donar Groningen,22,Wietze NOSSEK,"Austin LUKE, Damian FORREST, Dele ADETUNJI, Evan TAYLOR",1,1.1,0,0,0,0,0,0,0,0,0,0,0,0,0,1,0,0,0,0,0,3,3,3.0,159.6,212.8,100.0,112.8,0,0,0,0.0,0,0,0,0,0,0,0,0,0,0,0,0,0,0,0,0,0,0
Wietze NOSSEK,Donar Groningen,22,Wietze NOSSEK,"Austin LUKE, Dane ERIKSTRUP, Evan TAYLOR, Tim HOEVE",1,1.0,0,0,0,0,0,0,0,0,0,0,0,1,1,0,0,0,0,0,0,0,0,0.0,0.0,89.0,0.0,89.0,0,0,0,0,0,0,0,0,0,0,0,0,0,0,0,0,0,0,0,0,0,0
Aleksandre MERKVILADZE,Filou Oostende,23,Aleksandre MERKVILADZE,"Joppe MENNES, Max FIEDLER, Simon BUYSSE, Tim WAERNIERS",1,4.1,2,1,2,50.0,0,0,0,0,1,0.0,0,0,0,1,0,0,0,1,2,2,4,4.0,63.3,126.6,87.2,39.4,50.0,41.0,100.0,0.0,0,0,0,2,1,50,0,0,0,0,0,0,0,0,0,0,0,2
Aleksandre MERKVILADZE,Filou Oostende,23,Aleksandre MERKVILADZE,"Joppe MENNES, Max FIEDLER, Pierre-Antoine GILLET, Simon BUYSSE",1,3.7,0,0,0,0,0,0,0,0,0,0,0,0,0,1,0,0,0,1,0,3,3,3.0,43.6,218.0,41.2,176.9,0,0,0,0.0,0,0,0,0,0,0,0,0,0,0,0,0,0,0,0,0,0,0
Aleksandre MERKVILADZE,Filou Oostende,23,Aleksandre MERKVILADZE,"Haris BRATANOVIC, Noam YAACOV, Simon BUYSSE, Tim WAERNIERS",1,2.5,4,1,1,100.0,0,0,0,2,2,100.0,0,0,0,0,0,0,0,0,2,0,4,4.0,107.0,213.9,80.0,133.9,100.0,106.4,0.0,0.0,0,0,0,1,1,100,0,0,0,0,0,0,0,0,0,2,2,0
Aleksandre MERKVILADZE,Filou Oostende,23,Aleksandre MERKVILADZE,"Andre GUSTAVSON, Max FIEDLER, Noam YAACOV, Simon BUYSSE",1,2.3,0,0,0,0,0,0,0,0,0,0,0,0,0,0,0,0,0,0,0,0,0,0.0,0.0,150.0,125.0,25.0,0,0,0,0,0,0,0,0,0,0,0,0,0,0,0,0,0,0,0,0,0,0
Aleksandre MERKVILADZE,Filou Oostende,23,Aleksandre MERKVILADZE,"Andre GUSTAVSON, Moussa SYLLA, Noam YAACOV, Pierre-Antoine GILLET",1,1.9,4,2,2,100.0,0,0,0,0,0,0,0,0,0,0,0,0,0,0,2,0,4,4.0,133.3,133.3,0.0,133.3,100.0,100.0,0.0,0.0,0,0,0,2,2,100,0,0,0,0,0,0,0,0,0,0,0,0
Aleksandre MERKVILADZE,Filou Oostende,23,Aleksandre MERKVILADZE,"Andre GUSTAVSON, Haris BRATANOVIC, Joppe MENNES, Tim WAERNIERS",1,1.9,0,0,1,0.0,0,1,0.0,0,0,0,0,0,0,1,1,0,0,0,1,2,2,2.0,69.9,139.9,0.0,139.9,0.0,0.0,0,0.0,0,0,0,0,0,0,0,0,0,0,0,0,0,0,0,0,0,0
Aleksandre MERKVILADZE,Filou Oostende,23,Aleksandre MERKVILADZE,"Andre GUSTAVSON, Joppe MENNES, Max FIEDLER, Noam YAACOV",1,1.5,3,1,2,50.0,0,1,0.0,1,1,100.0,0,1,1,0,0,0,0,0,2,0,3,3.0,67.6,67.6,100.0,-32.4,50.0,61.5,0.0,0.0,0,0,0,1,1,100,0,0,0,0,0,0,0,0,0,0,2,0
Aleksandre MERKVILADZE,Filou Oostende,23,Aleksandre MERKVILADZE,"Andre GUSTAVSON, Haris BRATANOVIC, Noam YAACOV, Tim WAERNIERS",1,1.4,2,1,1,100.0,0,0,0,0,0,0,0,0,0,0,0,0,0,0,1,0,2,2.0,71.2,213.5,0.0,213.5,100.0,100.0,0.0,0.0,0,0,0,1,1,100,0,0,0,0,0,0,0,0,0,0,0,0
Andre GUSTAVSON,Filou Oostende,22,Andre GUSTAVSON,"Haris BRATANOVIC, Noam YAACOV, Pierre-Antoine GILLET, Simon BUYSSE",1,5.0,0,0,2,0.0,0,1,0.0,0,0,0,0,1,1,0,2,0,0,0,2,0,0,0.0,0.0,59.6,60.1,-0.6,0.0,0.0,0,0.0,0,0,0,1,0,0,0,0,0,0,0,0,0,0,0,0,0,0
Andre GUSTAVSON,Filou Oostende,22,Andre GUSTAVSON,"Moussa SYLLA, Noam YAACOV, Pierre-Antoine GILLET, Simon BUYSSE",1,4.5,5,2,3,66.7,1,2,50.0,0,0,0,0,3,3,0,1,0,0,0,3,0,5,5.0,49.0,147.0,0.0,147.0,83.3,83.3,0.0,0.0,0,0,0,1,1,100,0,0,0,0,0,0,0,0,0,0,2,2
Andre GUSTAVSON,Filou Oostende,22,Andre GUSTAVSON,"Haris BRATANOVIC, Joppe MENNES, Moussa SYLLA, Tim WAERNIERS",1,2.6,0,0,0,0,0,0,0,0,0,0,0,1,1,1,0,0,0,0,0,3,3,3.0,67.6,202.7,40.0,162.7,0,0,0,0.0,0,0,0,0,0,0,0,0,0,0,0,0,0,0,0,0,0,0
Andre GUSTAVSON,Filou Oostende,22,Andre GUSTAVSON,"Aleksandre MERKVILADZE, Max FIEDLER, Noam YAACOV, Simon BUYSSE",1,2.3,0,0,0,0,0,0,0,0,0,0,0,1,1,0,0,0,0,0,0,0,0,0.0,0.0,150.0,125.0,25.0,0,0,0,0,0,0,0,0,0,0,0,0,0,0,0,0,0,0,0,0,0,0
Andre GUSTAVSON,Filou Oostende,22,Andre GUSTAVSON,"Moussa SYLLA, Noam YAACOV, Simon BUYSSE, Tim WAERNIERS",1,1.9,0,0,0,0,0,0,0,0,0,0,0,0,0,0,0,0,0,0,0,0,0,0.0,0.0,66.7,100.0,-33.3,0,0,0,0,0,0,0,0,0,0,0,0,0,0,0,0,0,0,0,0,0,0
Andre GUSTAVSON,Filou Oostende,22,Andre GUSTAVSON,"Aleksandre MERKVILADZE, Moussa SYLLA, Noam YAACOV, Pierre-Antoine GILLET",1,1.9,0,0,0,0,0,0,0,0,0,0,0,2,2,0,0,0,0,0,0,0,0,0.0,0.0,133.3,0.0,133.3,0,0,0,0,0,0,0,0,0,0,0,0,0,0,0,0,0,0,0,0,0,0
Andre GUSTAVSON,Filou Oostende,22,Andre GUSTAVSON,"Joppe MENNES, Max FIEDLER, Noam YAACOV, Pierre-Antoine GILLET",1,1.9,0,0,0,0,0,0,0,0,0,0,0,1,1,2,0,0,0,0,0,2,2,2.0,41.8,188.1,143.4,44.6,0,0,0,0.0,0,0,0,0,0,0,0,0,0,0,0,0,0,0,0,0,0,0
Andre GUSTAVSON,Filou Oostende,22,Andre GUSTAVSON,"Aleksandre MERKVILADZE, Haris BRATANOVIC, Joppe MENNES, Tim WAERNIERS",1,1.9,0,0,1,0.0,0,0,0,0,0,0,0,1,1,0,0,0,0,0,1,0,0,0.0,0.0,139.9,0.0,139.9,0.0,0.0,0,0.0,0,0,0,1,0,0,0,0,0,0,0,0,0,0,0,0,0,0
Andre GUSTAVSON,Filou Oostende,22,Andre GUSTAVSON,"Aleksandre MERKVILADZE, Joppe MENNES, Max FIEDLER, Noam YAACOV",1,1.5,0,0,0,0,0,0,0,0,0,0,0,0,0,0,0,0,0,0,0,0,0,0.0,0.0,67.6,100.0,-32.4,0,0,0,0,0,0,0,0,0,0,0,0,0,0,0,0,0,0,0,0,0,0
Andre GUSTAVSON,Filou Oostende,22,Andre GUSTAVSON,"Aleksandre MERKVILADZE, Haris BRATANOVIC, Noam YAACOV, Tim WAERNIERS",1,1.4,0,0,1,0.0,0,0,0,0,0,0,0,0,0,0,0,0,0,0,1,0,0,0.0,0.0,213.5,0.0,213.5,0.0,0.0,0,0.0,1,0,0,0,0,0,0,0,0,0,0,0,0,0,0,0,0,0
Andre GUSTAVSON,Filou Oostende,22,Andre GUSTAVSON,"Haris BRATANOVIC, Joppe MENNES, Noam YAACOV, Tim WAERNIERS",1,1.2,0,0,0,0,0,0,0,0,0,0,0,0,0,0,0,0,0,0,0,0,0,0.0,0.0,172.4,212.8,-40.4,0,0,0,0,0,0,0,0,0,0,0,0,0,0,0,0,0,0,0,0,0,0
Haris BRATANOVIC,Filou Oostende,16,Haris BRATANOVIC,"Andre GUSTAVSON, Noam YAACOV, Pierre-Antoine GILLET, Simon BUYSSE",1,5.0,6,3,5,60.0,0,0,0,0,0,0,2,1,3,0,0,0,1,1,4,0,6,6.0,59.6,59.6,60.1,-0.6,60.0,60.0,0.0,16.7,2,2,100,3,1,33.3,0,0,0,2,0,0,1,0,0,4,0,2
Haris BRATANOVIC,Filou Oostende,16,Haris BRATANOVIC,"Andre GUSTAVSON, Joppe MENNES, Moussa SYLLA, Tim WAERNIERS",1,2.6,4,2,2,100.0,0,0,0,0,1,0.0,0,1,1,0,0,0,0,0,2,0,4,4.0,90.1,202.7,40.0,162.7,100.0,82.0,0.0,0.0,2,2,100,0,0,0,0,0,0,0,0,0,0,0,0,0,0,2
Haris BRATANOVIC,Filou Oostende,16,Haris BRATANOVIC,"Aleksandre MERKVILADZE, Noam YAACOV, Simon BUYSSE, Tim WAERNIERS",1,2.5,4,2,2,100.0,0,0,0,0,0,0,1,0,1,0,0,0,0,0,1,0,4,4.0,107.0,213.9,80.0,133.9,100.0,100.0,0.0,0.0,1,1,100,1,1,100,0,0,0,1,0,0,0,0,0,2,0,0
Haris BRATANOVIC,Filou Oostende,16,Haris BRATANOVIC,"Aleksandre MERKVILADZE, Andre GUSTAVSON, Joppe MENNES, Tim WAERNIERS",1,1.9,4,2,3,66.7,0,0,0,0,0,0,1,0,1,0,1,0,0,0,2,0,4,4.0,139.9,139.9,0.0,139.9,66.7,66.7,0.0,0.0,0,0,0,3,2,66.7,0,0,0,0,0,0,0,0,0,4,0,2
Haris BRATANOVIC,Filou Oostende,16,Haris BRATANOVIC,"Aleksandre MERKVILADZE, Andre GUSTAVSON, Noam YAACOV, Tim WAERNIERS",1,1.4,0,0,0,0,0,0,0,0,0,0,0,0,0,0,0,0,0,0,0,0,0,0.0,0.0,213.5,0.0,213.5,0,0,0,0,0,0,0,0,0,0,0,0,0,0,0,0,0,0,0,0,0,0
Haris BRATANOVIC,Filou Oostende,16,Haris BRATANOVIC,"Andre GUSTAVSON, Joppe MENNES, Noam YAACOV, Tim WAERNIERS",1,1.2,1,0,0,0,0,0,0,1,2,50.0,1,0,1,0,0,0,0,1,0,0,1,1.0,57.5,172.4,212.8,-40.4,0,56.8,0,0.0,0,0,0,0,0,0,0,0,0,0,0,0,0,0,0,1,0,0
Joppe MENNES,Filou Oostende,8,Joppe MENNES,"Aleksandre MERKVILADZE, Max FIEDLER, Simon BUYSSE, Tim WAERNIERS",1,4.1,0,0,0,0,0,0,0,0,0,0,0,0,0,0,0,1,0,0,0,0,0,0.0,0.0,126.6,87.2,39.4,0,0,0,0,0,0,0,0,0,0,0,0,0,0,0,0,0,0,0,0,0,0
Joppe MENNES,Filou Oostende,8,Joppe MENNES,"Aleksandre MERKVILADZE, Max FIEDLER, Pierre-Antoine GILLET, Simon BUYSSE",1,3.7,6,2,2,100.0,1,1,100.0,1,2,50.0,0,0,0,0,1,0,0,0,3,0,6,6.0,87.2,218.0,41.2,176.9,125.0,104.2,0.0,0.0,0,0,0,1,1,100,0,0,0,0,0,0,0,0,0,0,3,2
Joppe MENNES,Filou Oostende,8,Joppe MENNES,"Andre GUSTAVSON, Haris BRATANOVIC, Moussa SYLLA, Tim WAERNIERS",1,2.6,0,0,0,0,0,0,0,0,0,0,0,0,0,1,0,0,0,0,0,2,2,2.0,45.0,202.7,40.0,162.7,0,0,0,0.0,0,0,0,0,0,0,0,0,0,0,0,0,0,0,0,0,0,0
Joppe MENNES,Filou Oostende,8,Joppe MENNES,"Andre GUSTAVSON, Max FIEDLER, Noam YAACOV, Pierre-Antoine GILLET",1,1.9,1,0,0,0,0,0,0,1,2,50.0,0,0,0,0,0,0,0,0,1,0,1,1.0,20.9,188.1,143.4,44.6,0,56.8,0,0.0,0,0,0,0,0,0,0,0,0,0,0,0,0,0,0,0,0,0
Joppe MENNES,Filou Oostende,8,Joppe MENNES,"Aleksandre MERKVILADZE, Andre GUSTAVSON, Haris BRATANOVIC, Tim WAERNIERS",1,1.9,0,0,0,0,0,0,0,0,0,0,0,0,0,0,0,0,0,0,0,0,0,0.0,0.0,139.9,0.0,139.9,0,0,0,0,0,0,0,0,0,0,0,0,0,0,0,0,0,0,0,0,0,0
Joppe MENNES,Filou Oostende,8,Joppe MENNES,"Aleksandre MERKVILADZE, Andre GUSTAVSON, Max FIEDLER, Noam YAACOV",1,1.5,0,0,0,0,0,0,0,0,0,0,0,0,0,0,0,0,0,0,0,0,0,0.0,0.0,67.6,100.0,-32.4,0,0,0,0,0,0,0,0,0,0,0,0,0,0,0,0,0,0,0,0,0,0
Joppe MENNES,Filou Oostende,8,Joppe MENNES,"Andre GUSTAVSON, Haris BRATANOVIC, Noam YAACOV, Tim WAERNIERS",1,1.2,0,0,0,0,0,0,0,0,0,0,0,0,0,0,0,0,0,0,0,0,0,0.0,0.0,172.4,212.8,-40.4,0,0,0,0,0,0,0,0,0,0,0,0,0,0,0,0,0,0,0,0,0,0
Max FIEDLER,Filou Oostende,15,Max FIEDLER,"Aleksandre MERKVILADZE, Joppe MENNES, Simon BUYSSE, Tim WAERNIERS",1,4.1,3,1,1,100.0,0,0,0,1,2,50.0,0,0,0,0,0,0,0,1,2,0,3,3.0,47.5,126.6,87.2,39.4,100.0,79.8,0.0,0.0,0,0,0,1,1,100,0,0,0,0,0,0,0,0,0,0,0,0
Max FIEDLER,Filou Oostende,15,Max FIEDLER,"Aleksandre MERKVILADZE, Joppe MENNES, Pierre-Antoine GILLET, Simon BUYSSE",1,3.7,6,3,3,100.0,0,0,0,0,0,0,0,2,2,0,1,1,0,0,3,0,6,6.0,87.2,218.0,41.2,176.9,100.0,100.0,0.0,0.0,0,0,0,3,3,100,0,0,0,0,0,0,0,0,0,0,0,0
Max FIEDLER,Filou Oostende,15,Max FIEDLER,"Aleksandre MERKVILADZE, Andre GUSTAVSON, Noam YAACOV, Simon BUYSSE",1,2.3,2,1,2,50.0,0,0,0,0,0,0,0,0,0,0,0,0,0,0,2,0,2,2.0,50.0,150.0,125.0,25.0,50.0,50.0,0.0,0.0,0,0,0,2,1,50,0,0,0,0,0,0,0,0,0,0,0,0
Max FIEDLER,Filou Oostende,15,Max FIEDLER,"Andre GUSTAVSON, Joppe MENNES, Noam YAACOV, Pierre-Antoine GILLET",1,1.9,5,2,2,100.0,0,0,0,1,1,100.0,1,0,1,0,0,0,0,0,1,0,5,5.0,104.5,188.1,143.4,44.6,100.0,102.5,0.0,0.0,0,0,0,2,2,100,0,0,0,0,0,0,0,0,0,0,2,0
Max FIEDLER,Filou Oostende,15,Max FIEDLER,"Aleksandre MERKVILADZE, Andre GUSTAVSON, Joppe MENNES, Noam YAACOV",1,1.5,0,0,1,0.0,0,0,0,0,0,0,0,1,1,0,0,0,0,0,1,0,0,0.0,0.0,67.6,100.0,-32.4,0.0,0.0,0,0.0,0,0,0,1,0,0,0,0,0,0,0,0,0,0,0,0,0,0
Moussa SYLLA,Filou Oostende,17,Moussa SYLLA,"Andre GUSTAVSON, Noam YAACOV, Pierre-Antoine GILLET, Simon BUYSSE",1,4.5,2,1,1,100.0,0,0,0,0,2,0.0,1,1,2,1,1,0,0,0,1,2,4,4.0,39.2,147.0,0.0,147.0,100.0,53.2,100.0,0.0,0,0,0,1,1,100,0,0,0,0,0,0,0,0,0,0,2,0
Moussa SYLLA,Filou Oostende,17,Moussa SYLLA,"Andre GUSTAVSON, Haris BRATANOVIC, Joppe MENNES, Tim WAERNIERS",1,2.6,2,1,1,100.0,0,0,0,0,0,0,0,1,1,2,0,0,0,0,1,4,6,6.0,135.1,202.7,40.0,162.7,100.0,100.0,200.0,0.0,0,0,0,1,1,100,0,0,0,0,0,0,0,0,0,2,0,2
Moussa SYLLA,Filou Oostende,17,Moussa SYLLA,"Andre GUSTAVSON, Noam YAACOV, Simon BUYSSE, Tim WAERNIERS",1,1.9,0,0,1,0.0,0,0,0,0,0,0,0,0,0,0,0,0,0,0,1,0,0,0.0,0.0,66.7,100.0,-33.3,0.0,0.0,0,0.0,0,0,0,1,0,0,0,0,0,0,0,0,0,0,0,0,0,0
Moussa SYLLA,Filou Oostende,17,Moussa SYLLA,"Aleksandre MERKVILADZE, Andre GUSTAVSON, Noam YAACOV, Pierre-Antoine GILLET",1,1.9,0,0,0,0,0,0,0,0,0,0,0,0,0,0,0,0,0,0,0,0,0,0.0,0.0,133.3,0.0,133.3,0,0,0,0,0,0,0,0,0,0,0,0,0,0,0,0,0,0,0,0,0,0
Noam YAACOV,Filou Oostende,31,Noam YAACOV,"Andre GUSTAVSON, Haris BRATANOVIC, Pierre-Antoine GILLET, Simon BUYSSE",1,5.0,0,0,2,0.0,0,1,0.0,0,2,0.0,0,0,0,1,1,0,1,0,4,2,2,2.0,19.9,59.6,60.1,-0.6,0.0,0.0,0,20.5,0,0,0,1,0,0,0,0,0,0,0,1,0,0,0,0,0,0
Noam YAACOV,Filou Oostende,31,Noam YAACOV,"Andre GUSTAVSON, Moussa SYLLA, Pierre-Antoine GILLET, Simon BUYSSE",1,4.5,5,2,4,50.0,1,1,100.0,0,0,0,0,2,2,0,1,0,0,1,4,0,5,5.0,49.0,147.0,0.0,147.0,62.5,62.5,0.0,0.0,0,0,0,3,1,33.3,0,0,0,0,1,0,0,0,0,3,2,2
Noam YAACOV,Filou Oostende,31,Noam YAACOV,"Aleksandre MERKVILADZE, Haris BRATANOVIC, Simon BUYSSE, Tim WAERNIERS",1,2.5,0,0,1,0.0,0,0,0,0,0,0,1,1,2,1,0,0,0,0,0,2,2,2.0,53.5,213.9,80.0,133.9,0.0,0.0,0,0.0,0,0,0,1,0,0,0,0,0,0,0,0,0,0,0,0,0,0
Noam YAACOV,Filou Oostende,31,Noam YAACOV,"Aleksandre MERKVILADZE, Andre GUSTAVSON, Max FIEDLER, Simon BUYSSE",1,2.3,0,0,0,0,0,0,0,0,0,0,0,0,0,0,0,0,0,0,0,0,0,0.0,0.0,150.0,125.0,25.0,0,0,0,0,0,0,0,0,0,0,0,0,0,0,0,0,0,0,0,0,0,0
Noam YAACOV,Filou Oostende,31,Noam YAACOV,"Andre GUSTAVSON, Moussa SYLLA, Simon BUYSSE, Tim WAERNIERS",1,1.9,2,1,1,100.0,0,0,0,0,0,0,0,0,0,0,0,0,1,0,2,0,2,2.0,66.7,66.7,100.0,-33.3,100.0,100.0,0.0,50.0,0,0,0,1,1,100,0,0,0,0,0,1,0,0,0,0,0,2
Noam YAACOV,Filou Oostende,31,Noam YAACOV,"Aleksandre MERKVILADZE, Andre GUSTAVSON, Moussa SYLLA, Pierre-Antoine GILLET",1,1.9,0,0,1,0.0,0,1,0.0,0,0,0,0,0,0,2,0,0,0,0,1,4,4,4.0,133.3,133.3,0.0,133.3,0.0,0.0,0,0.0,0,0,0,0,0,0,0,0,0,0,0,0,0,0,0,0,0,0
Noam YAACOV,Filou Oostende,31,Noam YAACOV,"Andre GUSTAVSON, Joppe MENNES, Max FIEDLER, Pierre-Antoine GILLET",1,1.9,3,1,2,50.0,1,1,100.0,0,0,0,0,0,0,1,0,0,0,1,2,2,5,5.0,104.5,188.1,143.4,44.6,75.0,75.0,100.0,0.0,0,0,0,1,0,0,0,0,0,0,1,0,0,0,0,0,0,3
Noam YAACOV,Filou Oostende,31,Noam YAACOV,"Aleksandre MERKVILADZE, Andre GUSTAVSON, Joppe MENNES, Max FIEDLER",1,1.5,0,0,1,0.0,0,1,0.0,0,0,0,0,0,0,1,0,0,0,0,1,2,2,2.0,45.0,67.6,100.0,-32.4,0.0,0.0,0,0.0,0,0,0,0,0,0,0,0,0,0,0,0,0,0,0,0,0,0
Noam YAACOV,Filou Oostende,31,Noam YAACOV,"Aleksandre MERKVILADZE, Andre GUSTAVSON, Haris BRATANOVIC, Tim WAERNIERS",1,1.4,2,1,1,100.0,0,0,0,0,0,0,0,0,0,0,0,0,0,0,1,0,2,2.0,71.2,213.5,0.0,213.5,100.0,100.0,0.0,0.0,0,0,0,1,1,100,0,0,0,0,0,0,0,0,0,0,0,2
Noam YAACOV,Filou Oostende,31,Noam YAACOV,"Andre GUSTAVSON, Haris BRATANOVIC, Joppe MENNES, Tim WAERNIERS",1,1.2,2,1,3,33.3,0,0,0,0,0,0,0,0,0,0,0,0,0,0,3,0,2,2.0,114.9,172.4,212.8,-40.4,33.3,33.3,0.0,0.0,0,0,0,3,1,33.3,0,0,0,0,0,0,0,0,0,0,0,2
Pierre-Antoine GILLET,Filou Oostende,30,Pierre-Antoine GILLET,"Andre GUSTAVSON, Haris BRATANOVIC, Noam YAACOV, Simon BUYSSE",1,5.0,0,0,1,0.0,0,0,0,0,0,0,1,2,3,0,0,0,0,1,0,0,0,0.0,0.0,59.6,60.1,-0.6,0.0,0.0,0,0.0,0,0,0,1,0,0,0,0,0,0,0,0,0,0,0,0,0,0
Pierre-Antoine GILLET,Filou Oostende,30,Pierre-Antoine GILLET,"Andre GUSTAVSON, Moussa SYLLA, Noam YAACOV, Simon BUYSSE",1,4.5,0,0,0,0,0,0,0,0,0,0,1,0,1,2,0,0,0,0,0,5,5,5.0,49.0,147.0,0.0,147.0,0,0,0,0.0,0,0,0,0,0,0,0,0,0,0,0,0,0,0,0,0,0,0
Pierre-Antoine GILLET,Filou Oostende,30,Pierre-Antoine GILLET,"Aleksandre MERKVILADZE, Joppe MENNES, Max FIEDLER, Simon BUYSSE",1,3.7,3,1,1,100.0,1,1,100.0,0,0,0,0,0,0,0,0,0,0,0,1,0,3,3.0,43.6,218.0,41.2,176.9,150.0,150.0,0.0,0.0,0,0,0,0,0,0,0,0,0,0,0,0,0,0,0,0,0,3
Pierre-Antoine GILLET,Filou Oostende,30,Pierre-Antoine GILLET,"Aleksandre MERKVILADZE, Andre GUSTAVSON, Moussa SYLLA, Noam YAACOV",1,1.9,0,0,0,0,0,0,0,0,0,0,0,1,1,0,0,0,0,0,0,0,0,0.0,0.0,133.3,0.0,133.3,0,0,0,0,0,0,0,0,0,0,0,0,0,0,0,0,0,0,0,0,0,0
Pierre-Antoine GILLET,Filou Oostende,30,Pierre-Antoine GILLET,"Andre GUSTAVSON, Joppe MENNES, Max FIEDLER, Noam YAACOV",1,1.9,0,0,0,0,0,0,0,0,0,0,0,0,0,0,0,0,0,0,0,0,0,0.0,0.0,188.1,143.4,44.6,0,0,0,0,0,0,0,0,0,0,0,0,0,0,0,0,0,0,0,0,0,0
Simon BUYSSE,Filou Oostende,4,Simon BUYSSE,"Andre GUSTAVSON, Haris BRATANOVIC, Noam YAACOV, Pierre-Antoine GILLET",1,5.0,0,0,0,0,0,0,0,0,0,0,0,0,0,0,0,0,0,1,0,0,0,0.0,0.0,59.6,60.1,-0.6,0,0,0,0,0,0,0,0,0,0,0,0,0,0,0,0,0,0,0,0,0,0
Simon BUYSSE,Filou Oostende,4,Simon BUYSSE,"Andre GUSTAVSON, Moussa SYLLA, Noam YAACOV, Pierre-Antoine GILLET",1,4.5,3,1,3,33.3,1,3,33.3,0,0,0,0,0,0,1,0,0,1,0,4,3,6,6.0,58.8,147.0,0.0,147.0,50.0,50.0,100.0,20.0,0,0,0,0,0,0,0,0,0,0,0,0,1,0,0,3,0,0
Simon BUYSSE,Filou Oostende,4,Simon BUYSSE,"Aleksandre MERKVILADZE, Joppe MENNES, Max FIEDLER, Tim WAERNIERS",1,4.1,3,1,1,100.0,1,1,100.0,0,0,0,0,0,0,1,0,0,0,0,1,2,5,5.0,79.1,126.6,87.2,39.4,150.0,150.0,100.0,0.0,0,0,0,0,0,0,0,0,0,0,1,0,0,0,0,0,0,3
Simon BUYSSE,Filou Oostende,4,Simon BUYSSE,"Aleksandre MERKVILADZE, Joppe MENNES, Max FIEDLER, Pierre-Antoine GILLET",1,3.7,0,0,0,0,0,0,0,0,0,0,0,0,0,5,0,0,0,0,0,9,9,9.0,130.8,218.0,41.2,176.9,0,0,0,0.0,0,0,0,0,0,0,0,0,0,0,0,0,0,0,0,0,0,0
Simon BUYSSE,Filou Oostende,4,Simon BUYSSE,"Aleksandre MERKVILADZE, Haris BRATANOVIC, Noam YAACOV, Tim WAERNIERS",1,2.5,0,0,0,0,0,0,0,0,0,0,0,0,0,2,0,0,0,0,0,2,2,2.0,53.5,213.9,80.0,133.9,0,0,0,0.0,0,0,0,0,0,0,0,0,0,0,0,0,0,0,0,0,0,0
Simon BUYSSE,Filou Oostende,4,Simon BUYSSE,"Aleksandre MERKVILADZE, Andre GUSTAVSON, Max FIEDLER, Noam YAACOV",1,2.3,4,2,2,100.0,0,0,0,0,0,0,0,0,0,1,1,0,0,0,2,2,6,6.0,150.0,150.0,125.0,25.0,100.0,100.0,50.0,0.0,0,0,0,2,2,100,0,0,0,0,0,0,0,0,0,0,0,0
Simon BUYSSE,Filou Oostende,4,Simon BUYSSE,"Andre GUSTAVSON, Moussa SYLLA, Noam YAACOV, Tim WAERNIERS",1,1.9,0,0,0,0,0,0,0,0,0,0,0,0,0,0,0,0,0,0,0,0,0,0.0,0.0,66.7,100.0,-33.3,0,0,0,0,0,0,0,0,0,0,0,0,0,0,0,0,0,0,0,0,0,0
Tim WAERNIERS,Filou Oostende,19,Tim WAERNIERS,"Aleksandre MERKVILADZE, Joppe MENNES, Max FIEDLER, Simon BUYSSE",1,4.1,0,0,1,0.0,0,1,0.0,0,0,0,0,0,0,0,1,0,0,0,1,0,0,0.0,0.0,126.6,87.2,39.4,0.0,0.0,0,0.0,0,0,0,0,0,0,0,0,0,0,0,0,0,0,0,0,0,0
Tim WAERNIERS,Filou Oostende,19,Tim WAERNIERS,"Andre GUSTAVSON, Haris BRATANOVIC, Joppe MENNES, Moussa SYLLA",1,2.6,3,1,1,100.0,1,1,100.0,0,0,0,0,0,0,0,0,0,0,0,1,0,3,3.0,67.6,202.7,40.0,162.7,150.0,150.0,0.0,0.0,0,0,0,0,0,0,0,0,0,0,0,0,0,0,0,0,0,0
Tim WAERNIERS,Filou Oostende,19,Tim WAERNIERS,"Aleksandre MERKVILADZE, Haris BRATANOVIC, Noam YAACOV, Simon BUYSSE",1,2.5,0,0,1,0.0,0,1,0.0,0,0,0,0,1,1,0,0,0,0,0,1,0,0,0.0,0.0,213.9,80.0,133.9,0.0,0.0,0,0.0,0,0,0,0,0,0,0,0,0,0,0,0,0,0,0,0,0,0
Tim WAERNIERS,Filou Oostende,19,Tim WAERNIERS,"Andre GUSTAVSON, Moussa SYLLA, Noam YAACOV, Simon BUYSSE",1,1.9,0,0,0,0,0,0,0,0,0,0,0,0,0,0,0,0,0,0,0,0,0,0.0,0.0,66.7,100.0,-33.3,0,0,0,0,0,0,0,0,0,0,0,0,0,0,0,0,0,0,0,0,0,0
Tim WAERNIERS,Filou Oostende,19,Tim WAERNIERS,"Aleksandre MERKVILADZE, Andre GUSTAVSON, Haris BRATANOVIC, Joppe MENNES",1,1.9,0,0,0,0,0,0,0,0,0,0,1,1,2,1,0,0,0,1,0,2,2,2.0,69.9,139.9,0.0,139.9,0,0,0,0.0,0,0,0,0,0,0,0,0,0,0,0,0,0,0,0,0,0,0
Tim WAERNIERS,Filou Oostende,19,Tim WAERNIERS,"Aleksandre MERKVILADZE, Andre GUSTAVSON, Haris BRATANOVIC, Noam YAACOV",1,1.4,2,0,0,0,0,0,0,2,2,100.0,1,0,1,0,0,0,0,0,0,0,2,2.0,71.2,213.5,0.0,213.5,0,113.6,0,0.0,0,0,0,0,0,0,0,0,0,0,0,0,0,0,0,2,0,0
Tim WAERNIERS,Filou Oostende,19,Tim WAERNIERS,"Andre GUSTAVSON, Haris BRATANOVIC, Joppe MENNES, Noam YAACOV",1,1.2,0,0,0,0,0,0,0,0,0,0,0,0,0,0,0,0,0,0,0,0,0,0.0,0.0,172.4,212.8,-40.4,0,0,0,0,0,0,0,0,0,0,0,0,0,0,0,0,0,0,0,0,0,0
Aubin GATERETSE,Hubo Limburg United,10,Aubin GATERETSE,"Jalen BLACKMON, Marijn VERVERS, Noah BAUMANN, Wout LEEMANS",1,15.2,17,8,8,100.0,0,0,0,1,1,100.0,2,1,3,1,1,0,1,2,7,2,19,19.0,59.7,132.1,122.0,10.0,100.0,100.7,12.5,9.6,2,2,100,6,6,100,0,0,0,0,0,1,0,0,0,0,10,4
Aubin GATERETSE,Hubo Limburg United,10,Aubin GATERETSE,"Jalen BLACKMON, Noah BAUMANN, Oshean BRATHWAITE, Wout LEEMANS",1,4.0,4,2,2,100.0,0,0,0,0,0,0,1,0,1,0,1,0,1,1,2,0,4,4.0,54.3,95.0,74.0,21.0,100.0,100.0,0.0,33.3,0,0,0,2,2,100,0,0,0,0,0,1,0,0,0,2,2,2
Aubin GATERETSE,Hubo Limburg United,10,Aubin GATERETSE,"Nicolas TIMBERLAKE, Oshean BRATHWAITE, Quentin SERRON, Thibault VANDERHAEGEN",1,1.4,0,0,1,0.0,0,0,0,0,0,0,1,0,1,1,0,0,1,0,1,0,0,0.0,0.0,110.5,259.1,-148.6,0.0,0.0,0,33.3,0,0,0,1,0,0,0,0,0,0,0,0,1,0,0,0,0,0
Aubin GATERETSE,Hubo Limburg United,10,Aubin GATERETSE,"Marijn VERVERS, Quentin SERRON, Thibault VANDERHAEGEN, Wout LEEMANS",1,1.4,0,0,0,0,0,0,0,0,0,0,0,1,1,0,0,0,1,1,1,0,0,0.0,0.0,138.9,229.4,-90.5,0,0,0,100.0,0,0,0,0,0,0,0,0,0,0,0,0,1,0,0,0,0,0
Aubin GATERETSE,Hubo Limburg United,10,Aubin GATERETSE,"Jalen BLACKMON, Marijn VERVERS, Thibault VANDERHAEGEN, Wout LEEMANS",1,1.4,2,1,1,100.0,0,0,0,0,0,0,0,0,0,0,0,0,0,0,1,0,2,2.0,50.0,50.0,69.4,-19.4,100.0,100.0,0.0,0.0,0,0,0,1,1,100,0,0,0,0,0,0,0,0,0,0,0,0
Jalen BLACKMON,Hubo Limburg United,55,Jalen BLACKMON,"Aubin GATERETSE, Marijn VERVERS, Noah BAUMANN, Wout LEEMANS",1,15.2,10,3,8,37.5,0,2,0.0,4,4,100.0,1,3,4,5,1,0,0,0,8,11,21,21.0,66.0,132.1,122.0,10.0,37.5,51.2,166.7,0.0,0,0,0,6,3,50,0,0,0,0,0,0,0,0,0,0,6,2
Jalen BLACKMON,Hubo Limburg United,55,Jalen BLACKMON,"Marijn VERVERS, Nicholas MUSZYNSKI, Noah BAUMANN, Wout LEEMANS",1,4.8,6,1,1,100.0,1,1,100.0,3,4,75.0,0,0,0,1,0,0,0,0,3,2,8,8.0,83.6,125.4,173.9,-48.5,150.0,108.7,100.0,0.0,0,0,0,0,0,0,0,0,0,0,0,0,0,0,0,0,1,3
Jalen BLACKMON,Hubo Limburg United,55,Jalen BLACKMON,"Aubin GATERETSE, Noah BAUMANN, Oshean BRATHWAITE, Wout LEEMANS",1,4.0,3,1,1,100.0,0,0,0,1,1,100.0,0,0,0,0,0,0,1,1,2,0,3,3.0,40.7,95.0,74.0,21.0,100.0,104.2,0.0,41.0,0,0,0,1,1,100,0,0,0,0,0,1,0,0,0,0,3,2
Jalen BLACKMON,Hubo Limburg United,55,Jalen BLACKMON,"Nicolas TIMBERLAKE, Noah BAUMANN, Quentin SERRON, Thibault VANDERHAEGEN",1,2.8,0,0,1,0.0,0,1,0.0,0,0,0,0,1,1,0,1,0,0,0,1,0,0,0.0,0.0,70.3,77.6,-7.3,0.0,0.0,0,0.0,0,0,0,0,0,0,0,0,0,0,0,0,0,0,0,0,0,0
Jalen BLACKMON,Hubo Limburg United,55,Jalen BLACKMON,"Aubin GATERETSE, Marijn VERVERS, Thibault VANDERHAEGEN, Wout LEEMANS",1,1.4,0,0,1,0.0,0,0,0,0,0,0,0,0,0,0,0,0,1,0,2,0,0,0.0,0.0,50.0,69.4,-19.4,0.0,0.0,0,50.0,0,0,0,1,0,0,0,0,0,0,0,0,1,0,0,0,0,0
Jalen BLACKMON,Hubo Limburg United,55,Jalen BLACKMON,"Marijn VERVERS, Nicholas MUSZYNSKI, Quentin SERRON, Thibault VANDERHAEGEN",1,1.1,1,0,0,0,0,0,0,1,2,50.0,0,0,0,0,0,0,0,1,1,0,1,1.0,53.2,53.2,120.5,-67.3,0,56.8,0,0.0,0,0,0,0,0,0,0,0,0,0,0,0,0,0,0,0,0,0
Marijn VERVERS,Hubo Limburg United,3,Marijn VERVERS,"Aubin GATERETSE, Jalen BLACKMON, Noah BAUMANN, Wout LEEMANS",1,15.2,8,4,6,66.7,0,0,0,0,1,0.0,1,1,2,7,1,0,2,0,7,10,18,18.0,56.6,132.1,122.0,10.0,66.7,62.1,175.0,13.0,0,0,0,6,4,66.7,0,0,0,0,0,1,1,0,0,0,2,2
Marijn VERVERS,Hubo Limburg United,3,Marijn VERVERS,"Jalen BLACKMON, Nicholas MUSZYNSKI, Noah BAUMANN, Wout LEEMANS",1,4.8,4,1,3,33.3,0,0,0,2,2,100.0,0,0,0,1,0,0,0,0,4,3,7,7.0,73.1,125.4,173.9,-48.5,33.3,51.5,100.0,0.0,0,0,0,3,1,33.3,0,0,0,0,0,0,0,0,0,0,4,0
Marijn VERVERS,Hubo Limburg United,3,Marijn VERVERS,"Nicholas MUSZYNSKI, Nicolas TIMBERLAKE, Quentin SERRON, Thibault VANDERHAEGEN",1,2.0,0,0,1,0.0,0,1,0.0,0,0,0,0,0,0,0,0,1,0,0,1,0,0,0.0,0.0,77.3,238.5,-161.2,0.0,0.0,0,0.0,0,0,0,0,0,0,0,0,0,0,0,0,0,0,0,0,0,0
Marijn VERVERS,Hubo Limburg United,3,Marijn VERVERS,"Aubin GATERETSE, Quentin SERRON, Thibault VANDERHAEGEN, Wout LEEMANS",1,1.4,2,0,0,0,0,0,0,2,2,100.0,0,0,0,1,0,0,0,1,1,2,4,4.0,138.9,138.9,229.4,-90.5,0,113.6,0,0.0,0,0,0,0,0,0,0,0,0,0,0,0,0,0,0,0,0,0
Marijn VERVERS,Hubo Limburg United,3,Marijn VERVERS,"Aubin GATERETSE, Jalen BLACKMON, Thibault VANDERHAEGEN, Wout LEEMANS",1,1.4,0,0,0,0,0,0,0,0,0,0,0,1,1,1,0,0,0,1,0,2,2,2.0,50.0,50.0,69.4,-19.4,0,0,0,0.0,0,0,0,0,0,0,0,0,0,0,0,0,0,0,0,0,0,0
Marijn VERVERS,Hubo Limburg United,3,Marijn VERVERS,"Jalen BLACKMON, Nicholas MUSZYNSKI, Quentin SERRON, Thibault VANDERHAEGEN",1,1.1,0,0,0,0,0,0,0,0,0,0,0,0,0,0,0,0,0,0,0,0,0,0.0,0.0,53.2,120.5,-67.3,0,0,0,0,0,0,0,0,0,0,0,0,0,0,0,0,0,0,0,0,0,0
Nicholas MUSZYNSKI,Hubo Limburg United,33,Nicholas MUSZYNSKI,"Jalen BLACKMON, Marijn VERVERS, Noah BAUMANN, Wout LEEMANS",1,4.8,2,1,2,50.0,0,0,0,0,0,0,1,2,3,0,0,0,1,1,2,0,2,2.0,20.9,125.4,173.9,-48.5,50.0,50.0,0.0,33.3,0,0,0,2,1,50,0,0,0,0,0,0,0,0,1,2,0,0
Nicholas MUSZYNSKI,Hubo Limburg United,33,Nicholas MUSZYNSKI,"Nicolas TIMBERLAKE, Oshean BRATHWAITE, Quentin SERRON, Thibault VANDERHAEGEN",1,2.5,0,0,1,0.0,0,0,0,0,0,0,0,0,0,0,0,0,0,1,1,0,0,0.0,0.0,103.6,81.7,21.9,0.0,0.0,0,0.0,0,0,0,1,0,0,0,0,0,0,0,0,0,0,0,0,0,0
Nicholas MUSZYNSKI,Hubo Limburg United,33,Nicholas MUSZYNSKI,"Marijn VERVERS, Nicolas TIMBERLAKE, Quentin SERRON, Thibault VANDERHAEGEN",1,2.0,0,0,0,0,0,0,0,0,0,0,0,0,0,1,0,0,0,0,0,2,2,2.0,51.5,77.3,238.5,-161.2,0,0,0,0.0,0,0,0,0,0,0,0,0,0,0,0,0,0,0,0,0,0,0
Nicholas MUSZYNSKI,Hubo Limburg United,33,Nicholas MUSZYNSKI,"Jalen BLACKMON, Marijn VERVERS, Quentin SERRON, Thibault VANDERHAEGEN",1,1.1,0,0,0,0,0,0,0,0,0,0,0,0,0,0,0,0,0,0,0,0,0,0.0,0.0,53.2,120.5,-67.3,0,0,0,0,0,0,0,0,0,0,0,0,0,0,0,0,0,0,0,0,0,0
Nicolas TIMBERLAKE,Hubo Limburg United,25,Nicolas TIMBERLAKE,"Jalen BLACKMON, Noah BAUMANN, Quentin SERRON, Thibault VANDERHAEGEN",1,2.8,2,0,1,0.0,0,1,0.0,2,2,100.0,0,0,0,0,0,0,0,0,2,0,2,2.0,35.1,70.3,77.6,-7.3,0.0,53.2,0,0.0,0,0,0,0,0,0,0,0,0,0,0,0,0,0,0,0,0,0
Nicolas TIMBERLAKE,Hubo Limburg United,25,Nicolas TIMBERLAKE,"Nicholas MUSZYNSKI, Oshean BRATHWAITE, Quentin SERRON, Thibault VANDERHAEGEN",1,2.5,2,1,1,100.0,0,0,0,0,0,0,0,0,0,0,0,0,0,1,1,0,2,2.0,103.6,103.6,81.7,21.9,100.0,100.0,0.0,0.0,0,0,0,1,1,100,0,0,0,0,0,0,0,0,0,2,0,2
Nicolas TIMBERLAKE,Hubo Limburg United,25,Nicolas TIMBERLAKE,"Marijn VERVERS, Nicholas MUSZYNSKI, Quentin SERRON, Thibault VANDERHAEGEN",1,2.0,3,1,1,100.0,0,0,0,1,2,50.0,0,0,0,0,0,0,0,1,2,0,3,3.0,77.3,77.3,238.5,-161.2,100.0,79.8,0.0,0.0,0,0,0,1,1,100,0,0,0,0,0,0,0,0,0,0,0,0
Nicolas TIMBERLAKE,Hubo Limburg United,25,Nicolas TIMBERLAKE,"Aubin GATERETSE, Oshean BRATHWAITE, Quentin SERRON, Thibault VANDERHAEGEN",1,1.4,0,0,0,0,0,0,0,0,0,0,0,0,0,0,0,0,0,0,0,0,0,0.0,0.0,110.5,259.1,-148.6,0,0,0,0,0,0,0,0,0,0,0,0,0,0,0,0,0,0,0,0,0,0
Noah BAUMANN,Hubo Limburg United,7,Noah BAUMANN,"Aubin GATERETSE, Jalen BLACKMON, Marijn VERVERS, Wout LEEMANS",1,15.2,3,1,3,33.3,1,3,33.3,0,0,0,0,6,6,2,0,1,2,0,5,4,7,7.0,22.0,132.1,122.0,10.0,50.0,50.0,200.0,28.6,0,0,0,0,0,0,0,0,0,0,0,2,0,0,0,3,0,0
Noah BAUMANN,Hubo Limburg United,7,Noah BAUMANN,"Jalen BLACKMON, Marijn VERVERS, Nicholas MUSZYNSKI, Wout LEEMANS",1,4.8,0,0,1,0.0,0,1,0.0,0,0,0,0,3,3,0,0,0,0,0,1,0,0,0.0,0.0,125.4,173.9,-48.5,0.0,0.0,0,0.0,0,0,0,0,0,0,0,0,0,0,0,0,0,0,0,0,0,0
Noah BAUMANN,Hubo Limburg United,7,Noah BAUMANN,"Aubin GATERETSE, Jalen BLACKMON, Oshean BRATHWAITE, Wout LEEMANS",1,4.0,0,0,2,0.0,0,2,0.0,0,0,0,0,2,2,0,0,0,0,0,2,0,0,0.0,0.0,95.0,74.0,21.0,0.0,0.0,0,0.0,0,0,0,0,0,0,0,0,0,0,0,0,0,0,0,0,0,0
Noah BAUMANN,Hubo Limburg United,7,Noah BAUMANN,"Jalen BLACKMON, Nicolas TIMBERLAKE, Quentin SERRON, Thibault VANDERHAEGEN",1,2.8,0,0,0,0,0,0,0,0,0,0,0,0,0,0,0,0,0,0,0,0,0,0.0,0.0,70.3,77.6,-7.3,0,0,0,0,0,0,0,0,0,0,0,0,0,0,0,0,0,0,0,0,0,0
Oshean BRATHWAITE,Hubo Limburg United,6,Oshean BRATHWAITE,"Aubin GATERETSE, Jalen BLACKMON, Noah BAUMANN, Wout LEEMANS",1,4.0,0,0,0,0,0,0,0,0,0,0,0,0,0,0,0,0,0,0,0,0,0,0.0,0.0,95.0,74.0,21.0,0,0,0,0,0,0,0,0,0,0,0,0,0,0,0,0,0,0,0,0,0,0
Oshean BRATHWAITE,Hubo Limburg United,6,Oshean BRATHWAITE,"Nicholas MUSZYNSKI, Nicolas TIMBERLAKE, Quentin SERRON, Thibault VANDERHAEGEN",1,2.5,0,0,0,0,0,0,0,0,0,0,1,0,1,0,0,0,0,0,0,0,0,0.0,0.0,103.6,81.7,21.9,0,0,0,0,0,0,0,0,0,0,0,0,0,0,0,0,0,0,0,0,0,0
Oshean BRATHWAITE,Hubo Limburg United,6,Oshean BRATHWAITE,"Aubin GATERETSE, Nicolas TIMBERLAKE, Quentin SERRON, Thibault VANDERHAEGEN",1,1.4,0,0,0,0,0,0,0,0,0,0,0,0,0,0,0,0,0,0,0,0,0,0.0,0.0,110.5,259.1,-148.6,0,0,0,0,0,0,0,0,0,0,0,0,0,0,0,0,0,0,0,0,0,0
Quentin SERRON,Hubo Limburg United,5,Quentin SERRON,"Jalen BLACKMON, Nicolas TIMBERLAKE, Noah BAUMANN, Thibault VANDERHAEGEN",1,2.8,0,0,1,0.0,0,0,0,0,0,0,0,0,0,0,0,0,1,0,2,0,0,0.0,0.0,70.3,77.6,-7.3,0.0,0.0,0,50.0,0,0,0,1,0,0,0,0,0,0,0,0,1,0,0,0,0,0
Quentin SERRON,Hubo Limburg United,5,Quentin SERRON,"Nicholas MUSZYNSKI, Nicolas TIMBERLAKE, Oshean BRATHWAITE, Thibault VANDERHAEGEN",1,2.5,0,0,1,0.0,0,0,0,0,0,0,0,0,0,0,0,0,0,1,1,0,0,0.0,0.0,103.6,81.7,21.9,0.0,0.0,0,0.0,0,0,0,1,0,0,0,0,0,0,0,0,0,0,0,0,0,0
Quentin SERRON,Hubo Limburg United,5,Quentin SERRON,"Marijn VERVERS, Nicholas MUSZYNSKI, Nicolas TIMBERLAKE, Thibault VANDERHAEGEN",1,2.0,0,0,0,0,0,0,0,0,0,0,0,0,0,0,0,0,1,0,1,0,0,0.0,0.0,77.3,238.5,-161.2,0,0,0,100.0,0,0,0,0,0,0,0,0,0,0,0,0,1,0,0,0,0,0
Quentin SERRON,Hubo Limburg United,5,Quentin SERRON,"Aubin GATERETSE, Nicolas TIMBERLAKE, Oshean BRATHWAITE, Thibault VANDERHAEGEN",1,1.4,2,0,0,0,0,0,0,2,2,100.0,0,0,0,0,0,0,0,0,1,0,2,2.0,110.5,110.5,259.1,-148.6,0,113.6,0,0.0,0,0,0,0,0,0,0,0,0,0,0,0,0,0,0,0,0,0
Quentin SERRON,Hubo Limburg United,5,Quentin SERRON,"Aubin GATERETSE, Marijn VERVERS, Thibault VANDERHAEGEN, Wout LEEMANS",1,1.4,2,1,1,100.0,0,0,0,0,0,0,0,0,0,0,0,0,0,0,1,0,2,2.0,69.4,138.9,229.4,-90.5,100.0,100.0,0.0,0.0,0,0,0,1,1,100,0,0,0,0,0,0,0,0,0,0,2,0
Quentin SERRON,Hubo Limburg United,5,Quentin SERRON,"Jalen BLACKMON, Marijn VERVERS, Nicholas MUSZYNSKI, Thibault VANDERHAEGEN",1,1.1,0,0,0,0,0,0,0,0,0,0,0,0,0,0,0,0,1,0,1,0,0,0.0,0.0,53.2,120.5,-67.3,0,0,0,100.0,0,0,0,0,0,0,0,0,0,0,0,1,0,0,0,0,0,0
Thibault VANDERHAEGEN,Hubo Limburg United,21,Thibault VANDERHAEGEN,"Jalen BLACKMON, Nicolas TIMBERLAKE, Noah BAUMANN, Quentin SERRON",1,2.8,2,0,0,0,0,0,0,2,2,100.0,1,2,3,0,0,1,1,1,1,0,2,2.0,35.1,70.3,77.6,-7.3,0,113.6,0,53.2,0,0,0,0,0,0,0,0,0,0,0,0,1,0,0,2,0,0
Thibault VANDERHAEGEN,Hubo Limburg United,21,Thibault VANDERHAEGEN,"Nicholas MUSZYNSKI, Nicolas TIMBERLAKE, Oshean BRATHWAITE, Quentin SERRON",1,2.5,0,0,0,0,0,0,0,0,0,0,0,0,0,0,0,0,0,0,0,0,0,0.0,0.0,103.6,81.7,21.9,0,0,0,0,0,0,0,0,0,0,0,0,0,0,0,0,0,0,0,0,0,0
Thibault VANDERHAEGEN,Hubo Limburg United,21,Thibault VANDERHAEGEN,"Marijn VERVERS, Nicholas MUSZYNSKI, Nicolas TIMBERLAKE, Quentin SERRON",1,2.0,0,0,0,0,0,0,0,0,0,0,0,0,0,0,0,0,0,0,0,0,0,0.0,0.0,77.3,238.5,-161.2,0,0,0,0,0,0,0,0,0,0,0,0,0,0,0,0,0,0,0,0,0,0
Thibault VANDERHAEGEN,Hubo Limburg United,21,Thibault VANDERHAEGEN,"Aubin GATERETSE, Nicolas TIMBERLAKE, Oshean BRATHWAITE, Quentin SERRON",1,1.4,0,0,0,0,0,0,0,0,0,0,0,0,0,0,0,0,0,0,0,0,0,0.0,0.0,110.5,259.1,-148.6,0,0,0,0,0,0,0,0,0,0,0,0,0,0,0,0,0,0,0,0,0,0
Thibault VANDERHAEGEN,Hubo Limburg United,21,Thibault VANDERHAEGEN,"Aubin GATERETSE, Marijn VERVERS, Quentin SERRON, Wout LEEMANS",1,1.4,0,0,0,0,0,0,0,0,0,0,0,0,0,0,0,0,0,0,0,0,0,0.0,0.0,138.9,229.4,-90.5,0,0,0,0,0,0,0,0,0,0,0,0,0,0,0,0,0,0,0,0,0,0
Thibault VANDERHAEGEN,Hubo Limburg United,21,Thibault VANDERHAEGEN,"Aubin GATERETSE, Jalen BLACKMON, Marijn VERVERS, Wout LEEMANS",1,1.4,0,0,1,0.0,0,0,0,0,0,0,0,1,1,0,0,0,0,0,1,0,0,0.0,0.0,50.0,69.4,-19.4,0.0,0.0,0,0.0,0,0,0,1,0,0,0,0,0,0,0,0,0,0,0,0,0,0
Thibault VANDERHAEGEN,Hubo Limburg United,21,Thibault VANDERHAEGEN,"Jalen BLACKMON, Marijn VERVERS, Nicholas MUSZYNSKI, Quentin SERRON",1,1.1,0,0,0,0,0,0,0,0,0,0,0,1,1,0,0,0,0,0,0,0,0,0.0,0.0,53.2,120.5,-67.3,0,0,0,0,0,0,0,0,0,0,0,0,0,0,0,0,0,0,0,0,0,0
Wout LEEMANS,Hubo Limburg United,16,Wout LEEMANS,"Aubin GATERETSE, Jalen BLACKMON, Marijn VERVERS, Noah BAUMANN",1,15.2,4,2,5,40.0,0,1,0.0,0,0,0,1,2,3,2,0,0,0,1,4,4,8,8.0,25.2,132.1,122.0,10.0,40.0,40.0,100.0,0.0,0,0,0,4,2,50,0,0,0,0,0,0,0,0,0,2,2,0
Wout LEEMANS,Hubo Limburg United,16,Wout LEEMANS,"Jalen BLACKMON, Marijn VERVERS, Nicholas MUSZYNSKI, Noah BAUMANN",1,4.8,0,0,0,0,0,0,0,0,0,0,0,0,0,0,0,0,0,0,0,0,0,0.0,0.0,125.4,173.9,-48.5,0,0,0,0,0,0,0,0,0,0,0,0,0,0,0,0,0,0,0,0,0,0
Wout LEEMANS,Hubo Limburg United,16,Wout LEEMANS,"Aubin GATERETSE, Jalen BLACKMON, Noah BAUMANN, Oshean BRATHWAITE",1,4.0,0,0,1,0.0,0,0,0,0,0,0,0,1,1,1,0,0,0,1,1,2,2,2.0,27.1,95.0,74.0,21.0,0.0,0.0,0,0.0,0,0,0,1,0,0,0,0,0,0,0,0,0,0,0,0,0,0
Wout LEEMANS,Hubo Limburg United,16,Wout LEEMANS,"Aubin GATERETSE, Marijn VERVERS, Quentin SERRON, Thibault VANDERHAEGEN",1,1.4,0,0,0,0,0,0,0,0,0,0,0,0,0,0,0,0,0,0,0,0,0,0.0,0.0,138.9,229.4,-90.5,0,0,0,0,0,0,0,0,0,0,0,0,0,0,0,0,0,0,0,0,0,0
Wout LEEMANS,Hubo Limburg United,16,Wout LEEMANS,"Aubin GATERETSE, Jalen BLACKMON, Marijn VERVERS, Thibault VANDERHAEGEN",1,1.4,0,0,0,0,0,0,0,0,0,0,0,0,0,0,0,0,0,1,0,0,0,0.0,0.0,50.0,69.4,-19.4,0,0,0,0,0,0,0,0,0,0,0,0,0,0,0,0,0,0,0,0,0,0
Augustas PECIUKEVICIUS,Kangoeroes Basket Mechelen,12,Augustas PECIUKEVICIUS,"Joshua HEATH, Nick STAMPLEY, Yannick DAMMEN, Zaba BANGALA",1,10.9,5,1,3,33.3,1,1,100.0,2,2,100.0,0,4,4,0,1,1,0,0,4,0,5,5.0,26.3,105.3,100.6,4.7,50.0,64.4,0.0,0.0,0,0,0,2,0,0,0,0,0,0,0,0,0,0,0,0,2,0
Augustas PECIUKEVICIUS,Kangoeroes Basket Mechelen,12,Augustas PECIUKEVICIUS,"Joshua HEATH, Leander DEDROOG, Nick STAMPLEY, Seppe WILLEMS",1,5.0,0,0,0,0,0,0,0,0,0,0,0,0,0,0,0,0,1,0,1,0,0,0.0,0.0,57.1,96.6,-39.4,0,0,0,100.0,0,0,0,0,0,0,0,0,0,0,0,1,0,0,0,0,0,0
Augustas PECIUKEVICIUS,Kangoeroes Basket Mechelen,12,Augustas PECIUKEVICIUS,"Nick STAMPLEY, Yannick DAMMEN, Zaba BANGALA, Zan KOSIC",1,1.7,0,0,1,0.0,0,0,0,0,0,0,0,0,0,0,0,0,0,0,1,0,0,0.0,0.0,0.0,83.0,-83.0,0.0,0.0,0,0.0,0,0,0,1,0,0,0,0,0,0,0,0,0,0,0,0,0,0
Augustas PECIUKEVICIUS,Kangoeroes Basket Mechelen,12,Augustas PECIUKEVICIUS,"Leander DEDROOG, Mojeed EWUOSHO, Zaba BANGALA, Zan KOSIC",1,1.6,0,0,1,0.0,0,0,0,0,0,0,0,0,0,0,0,0,0,0,1,0,0,0.0,0.0,51.2,66.7,-15.5,0.0,0.0,0,0.0,0,0,0,1,0,0,0,0,0,0,0,0,0,0,0,0,0,0
Augustas PECIUKEVICIUS,Kangoeroes Basket Mechelen,12,Augustas PECIUKEVICIUS,"Leander DEDROOG, Nick STAMPLEY, Seppe WILLEMS, Zan KOSIC",1,1.2,0,0,0,0,0,0,0,0,0,0,0,0,0,0,0,0,0,0,0,0,0,0.0,0.0,0.0,0.0,0.0,0,0,0,0,0,0,0,0,0,0,0,0,0,0,0,0,0,0,0,0,0,0
Augustas PECIUKEVICIUS,Kangoeroes Basket Mechelen,12,Augustas PECIUKEVICIUS,"Joshua HEATH, Leander DEDROOG, Nick STAMPLEY, Zaba BANGALA",1,1.1,0,0,0,0,0,0,0,0,0,0,0,0,0,0,0,0,0,0,0,0,0,0.0,0.0,0.0,123.0,-123.0,0,0,0,0,0,0,0,0,0,0,0,0,0,0,0,0,0,0,0,0,0,0
Joshua HEATH,Kangoeroes Basket Mechelen,30,Joshua HEATH,"Augustas PECIUKEVICIUS, Nick STAMPLEY, Yannick DAMMEN, Zaba BANGALA",1,10.9,6,3,4,75.0,0,0,0,0,0,0,0,0,0,2,1,0,3,2,7,5,11,11.0,57.9,105.3,100.6,4.7,75.0,75.0,66.7,33.3,0,0,0,4,3,75,0,0,0,0,0,1,2,0,0,0,0,0
Joshua HEATH,Kangoeroes Basket Mechelen,30,Joshua HEATH,"Leander DEDROOG, Nick STAMPLEY, Yannick DAMMEN, Zaba BANGALA",1,8.9,2,1,6,16.7,0,0,0,0,0,0,0,2,2,7,2,0,0,0,6,17,19,19.0,117.3,160.6,119.3,41.3,16.7,16.7,700.0,0.0,0,0,0,6,1,16.7,0,0,0,0,0,0,0,0,0,2,0,0
Joshua HEATH,Kangoeroes Basket Mechelen,30,Joshua HEATH,"Mojeed EWUOSHO, Nick STAMPLEY, Yannick DAMMEN, Zaba BANGALA",1,6.3,4,2,3,66.7,0,0,0,0,0,0,0,0,0,0,1,0,0,0,3,0,4,4.0,37.1,83.4,116.4,-33.0,66.7,66.7,0.0,0.0,0,0,0,3,2,66.7,0,0,0,0,0,0,0,0,0,0,2,2
Joshua HEATH,Kangoeroes Basket Mechelen,30,Joshua HEATH,"Augustas PECIUKEVICIUS, Leander DEDROOG, Nick STAMPLEY, Seppe WILLEMS",1,5.0,0,0,1,0.0,0,1,0.0,0,0,0,0,1,1,0,0,0,1,0,2,0,0,0.0,0.0,57.1,96.6,-39.4,0.0,0.0,0,50.0,0,0,0,0,0,0,0,0,0,0,0,1,0,0,0,0,0,0
Joshua HEATH,Kangoeroes Basket Mechelen,30,Joshua HEATH,"Leander DEDROOG, Nick STAMPLEY, Seppe WILLEMS, Yannick DAMMEN",1,3.9,2,1,2,50.0,0,1,0.0,0,0,0,0,0,0,2,0,0,0,0,2,5,7,7.0,116.7,166.7,158.3,8.4,50.0,50.0,200.0,0.0,0,0,0,1,1,100,0,0,0,0,0,0,0,0,0,0,0,0
Joshua HEATH,Kangoeroes Basket Mechelen,30,Joshua HEATH,"Leander DEDROOG, Yannick DAMMEN, Zaba BANGALA, Zan KOSIC",1,1.4,0,0,0,0,0,0,0,0,0,0,0,0,0,0,0,0,0,0,0,0,0,0.0,0.0,100.0,200.0,-100.0,0,0,0,0,0,0,0,0,0,0,0,0,0,0,0,0,0,0,0,0,0,0
Joshua HEATH,Kangoeroes Basket Mechelen,30,Joshua HEATH,"Augustas PECIUKEVICIUS, Leander DEDROOG, Nick STAMPLEY, Zaba BANGALA",1,1.1,0,0,1,0.0,0,0,0,0,0,0,0,0,0,0,0,0,0,0,1,0,0,0.0,0.0,0.0,123.0,-123.0,0.0,0.0,0,0.0,0,0,0,1,0,0,0,0,0,0,0,0,0,0,0,0,0,0
Leander DEDROOG,Kangoeroes Basket Mechelen,22,Leander DEDROOG,"Joshua HEATH, Nick STAMPLEY, Yannick DAMMEN, Zaba BANGALA",1,8.9,8,2,2,100.0,2,2,100.0,2,2,100.0,0,1,1,0,0,0,0,2,3,0,8,8.0,49.4,160.6,119.3,41.3,150.0,138.9,0.0,0.0,0,0,0,0,0,0,0,0,0,0,0,0,0,0,0,0,2,3
Leander DEDROOG,Kangoeroes Basket Mechelen,22,Leander DEDROOG,"Augustas PECIUKEVICIUS, Joshua HEATH, Nick STAMPLEY, Seppe WILLEMS",1,5.0,0,0,1,0.0,0,0,0,0,0,0,0,0,0,0,0,0,0,0,1,0,0,0.0,0.0,57.1,96.6,-39.4,0.0,0.0,0,0.0,0,0,0,1,0,0,0,0,0,0,0,0,0,0,0,0,0,0
Leander DEDROOG,Kangoeroes Basket Mechelen,22,Leander DEDROOG,"Joshua HEATH, Nick STAMPLEY, Seppe WILLEMS, Yannick DAMMEN",1,3.9,3,1,1,100.0,1,1,100.0,0,0,0,0,2,2,0,0,0,0,1,1,0,3,3.0,50.0,166.7,158.3,8.4,150.0,150.0,0.0,0.0,0,0,0,0,0,0,0,0,0,0,0,0,0,0,0,0,0,3
Leander DEDROOG,Kangoeroes Basket Mechelen,22,Leander DEDROOG,"Augustas PECIUKEVICIUS, Mojeed EWUOSHO, Zaba BANGALA, Zan KOSIC",1,1.6,0,0,0,0,0,0,0,0,0,0,0,0,0,0,0,0,0,0,0,0,0,0.0,0.0,51.2,66.7,-15.5,0,0,0,0,0,0,0,0,0,0,0,0,0,0,0,0,0,0,0,0,0,0
Leander DEDROOG,Kangoeroes Basket Mechelen,22,Leander DEDROOG,"Joshua HEATH, Yannick DAMMEN, Zaba BANGALA, Zan KOSIC",1,1.4,0,0,0,0,0,0,0,0,0,0,0,0,0,0,0,0,0,0,0,0,0,0.0,0.0,100.0,200.0,-100.0,0,0,0,0,0,0,0,0,0,0,0,0,0,0,0,0,0,0,0,0,0,0
Leander DEDROOG,Kangoeroes Basket Mechelen,22,Leander DEDROOG,"Augustas PECIUKEVICIUS, Nick STAMPLEY, Seppe WILLEMS, Zan KOSIC",1,1.2,0,0,1,0.0,0,1,0.0,0,0,0,0,0,0,0,0,0,0,1,1,0,0,0.0,0.0,0.0,0.0,0.0,0.0,0.0,0,0.0,0,0,0,0,0,0,0,0,0,0,0,0,0,0,0,0,0,0
Leander DEDROOG,Kangoeroes Basket Mechelen,22,Leander DEDROOG,"Mojeed EWUOSHO, Yannick DAMMEN, Zaba BANGALA, Zan KOSIC",1,1.2,0,0,0,0,0,0,0,0,0,0,0,0,0,0,0,0,0,0,0,0,0,0.0,0.0,106.4,131.2,-24.8,0,0,0,0,0,0,0,0,0,0,0,0,0,0,0,0,0,0,0,0,0,0
Leander DEDROOG,Kangoeroes Basket Mechelen,22,Leander DEDROOG,"Augustas PECIUKEVICIUS, Joshua HEATH, Nick STAMPLEY, Zaba BANGALA",1,1.1,0,0,0,0,0,0,0,0,0,0,0,0,0,0,0,0,0,1,0,0,0,0.0,0.0,0.0,123.0,-123.0,0,0,0,0,0,0,0,0,0,0,0,0,0,0,0,0,0,0,0,0,0,0
Mojeed EWUOSHO,Kangoeroes Basket Mechelen,8,Mojeed EWUOSHO,"Joshua HEATH, Nick STAMPLEY, Yannick DAMMEN, Zaba BANGALA",1,6.3,2,1,3,33.3,0,0,0,0,0,0,1,1,2,1,0,0,2,1,4,3,5,5.0,46.3,83.4,116.4,-33.0,33.3,33.3,100.0,33.3,0,0,0,3,1,33.3,0,0,0,0,0,0,1,0,0,0,0,0
Mojeed EWUOSHO,Kangoeroes Basket Mechelen,8,Mojeed EWUOSHO,"Augustas PECIUKEVICIUS, Leander DEDROOG, Zaba BANGALA, Zan KOSIC",1,1.6,2,1,1,100.0,0,0,0,0,1,0.0,1,0,1,0,0,0,1,0,1,0,2,2.0,51.2,51.2,66.7,-15.5,100.0,69.4,0.0,41.0,1,1,100,0,0,0,0,0,0,1,0,0,1,0,0,2,0,2
Mojeed EWUOSHO,Kangoeroes Basket Mechelen,8,Mojeed EWUOSHO,"Leander DEDROOG, Yannick DAMMEN, Zaba BANGALA, Zan KOSIC",1,1.2,0,0,0,0,0,0,0,0,0,0,0,0,0,0,0,0,1,0,1,0,0,0.0,0.0,106.4,131.2,-24.8,0,0,0,100.0,0,0,0,0,0,0,0,0,0,0,0,0,1,0,0,0,0,0
Nick STAMPLEY,Kangoeroes Basket Mechelen,24,Nick STAMPLEY,"Augustas PECIUKEVICIUS, Joshua HEATH, Yannick DAMMEN, Zaba BANGALA",1,10.9,0,0,0,0,0,0,0,0,0,0,0,0,0,0,0,2,0,1,0,0,0,0.0,0.0,105.3,100.6,4.7,0,0,0,0,0,0,0,0,0,0,0,0,0,0,0,0,0,0,0,0,0,0
Nick STAMPLEY,Kangoeroes Basket Mechelen,24,Nick STAMPLEY,"Joshua HEATH, Leander DEDROOG, Yannick DAMMEN, Zaba BANGALA",1,8.9,9,3,3,100.0,3,3,100.0,0,0,0,0,1,1,0,0,0,1,0,4,0,9,9.0,55.6,160.6,119.3,41.3,150.0,150.0,0.0,25.0,0,0,0,0,0,0,0,0,0,0,0,0,0,0,1,3,6,0
Nick STAMPLEY,Kangoeroes Basket Mechelen,24,Nick STAMPLEY,"Joshua HEATH, Mojeed EWUOSHO, Yannick DAMMEN, Zaba BANGALA",1,6.3,3,1,1,100.0,1,1,100.0,0,0,0,0,1,1,0,0,1,0,1,1,0,3,3.0,27.8,83.4,116.4,-33.0,150.0,150.0,0.0,0.0,0,0,0,0,0,0,0,0,0,0,0,0,0,0,0,3,3,0
Nick STAMPLEY,Kangoeroes Basket Mechelen,24,Nick STAMPLEY,"Augustas PECIUKEVICIUS, Joshua HEATH, Leander DEDROOG, Seppe WILLEMS",1,5.0,2,1,1,100.0,0,0,0,0,0,0,0,0,0,0,0,0,0,0,1,0,2,2.0,28.6,57.1,96.6,-39.4,100.0,100.0,0.0,0.0,0,0,0,1,1,100,0,0,0,0,0,0,0,0,0,0,0,0
Nick STAMPLEY,Kangoeroes Basket Mechelen,24,Nick STAMPLEY,"Joshua HEATH, Leander DEDROOG, Seppe WILLEMS, Yannick DAMMEN",1,3.9,3,1,1,100.0,1,1,100.0,0,0,0,0,0,0,0,1,0,0,0,1,0,3,3.0,50.0,166.7,158.3,8.4,150.0,150.0,0.0,0.0,0,0,0,0,0,0,0,0,0,0,1,0,0,0,0,0,3,0
Nick STAMPLEY,Kangoeroes Basket Mechelen,24,Nick STAMPLEY,"Augustas PECIUKEVICIUS, Yannick DAMMEN, Zaba BANGALA, Zan KOSIC",1,1.7,0,0,0,0,0,0,0,0,0,0,0,0,0,0,0,0,0,1,0,0,0,0.0,0.0,0.0,83.0,-83.0,0,0,0,0,0,0,0,0,0,0,0,0,0,0,0,0,0,0,0,0,0,0
Nick STAMPLEY,Kangoeroes Basket Mechelen,24,Nick STAMPLEY,"Augustas PECIUKEVICIUS, Leander DEDROOG, Seppe WILLEMS, Zan KOSIC",1,1.2,0,0,0,0,0,0,0,0,0,0,0,0,0,0,0,0,0,0,0,0,0,0.0,0.0,0.0,0.0,0.0,0,0,0,0,0,0,0,0,0,0,0,0,0,0,0,0,0,0,0,0,0,0
Nick STAMPLEY,Kangoeroes Basket Mechelen,24,Nick STAMPLEY,"Augustas PECIUKEVICIUS, Joshua HEATH, Leander DEDROOG, Zaba BANGALA",1,1.1,0,0,0,0,0,0,0,0,0,0,0,0,0,0,0,0,0,0,0,0,0,0.0,0.0,0.0,123.0,-123.0,0,0,0,0,0,0,0,0,0,0,0,0,0,0,0,0,0,0,0,0,0,0
Seppe WILLEMS,Kangoeroes Basket Mechelen,32,Seppe WILLEMS,"Augustas PECIUKEVICIUS, Joshua HEATH, Leander DEDROOG, Nick STAMPLEY",1,5.0,2,1,2,50.0,0,0,0,0,0,0,0,2,2,0,0,0,0,2,2,0,2,2.0,28.6,57.1,96.6,-39.4,50.0,50.0,0.0,0.0,0,0,0,2,1,50,0,0,0,0,0,0,0,0,0,0,0,0
Seppe WILLEMS,Kangoeroes Basket Mechelen,32,Seppe WILLEMS,"Joshua HEATH, Leander DEDROOG, Nick STAMPLEY, Yannick DAMMEN",1,3.9,2,1,2,50.0,0,0,0,0,0,0,0,0,0,0,0,0,0,2,2,0,2,2.0,33.3,166.7,158.3,8.4,50.0,50.0,0.0,0.0,0,0,0,2,1,50,0,0,0,0,0,0,0,0,0,0,2,0
Seppe WILLEMS,Kangoeroes Basket Mechelen,32,Seppe WILLEMS,"Augustas PECIUKEVICIUS, Leander DEDROOG, Nick STAMPLEY, Zan KOSIC",1,1.2,0,0,2,0.0,0,0,0,0,0,0,1,1,2,0,0,0,0,0,1,0,0,0.0,0.0,0.0,0.0,0.0,0.0,0.0,0,0.0,1,0,0,1,0,0,0,0,0,0,0,0,0,0,0,0,0,0
Yannick DAMMEN,Kangoeroes Basket Mechelen,2,Yannick DAMMEN,"Augustas PECIUKEVICIUS, Joshua HEATH, Nick STAMPLEY, Zaba BANGALA",1,10.9,0,0,0,0,0,0,0,0,0,0,0,1,1,0,0,0,1,1,1,0,0,0.0,0.0,105.3,100.6,4.7,0,0,0,100.0,0,0,0,0,0,0,0,0,0,0,0,1,0,0,0,0,0,0
Yannick DAMMEN,Kangoeroes Basket Mechelen,2,Yannick DAMMEN,"Joshua HEATH, Leander DEDROOG, Nick STAMPLEY, Zaba BANGALA",1,8.9,0,0,0,0,0,0,0,0,0,0,0,1,1,0,0,0,0,2,0,0,0,0.0,0.0,160.6,119.3,41.3,0,0,0,0,0,0,0,0,0,0,0,0,0,0,0,0,0,0,0,0,0,0
Yannick DAMMEN,Kangoeroes Basket Mechelen,2,Yannick DAMMEN,"Joshua HEATH, Mojeed EWUOSHO, Nick STAMPLEY, Zaba BANGALA",1,6.3,0,0,0,0,0,0,0,0,0,0,0,1,1,0,0,0,0,0,0,0,0,0.0,0.0,83.4,116.4,-33.0,0,0,0,0,0,0,0,0,0,0,0,0,0,0,0,0,0,0,0,0,0,0
Yannick DAMMEN,Kangoeroes Basket Mechelen,2,Yannick DAMMEN,"Joshua HEATH, Leander DEDROOG, Nick STAMPLEY, Seppe WILLEMS",1,3.9,0,0,0,0,0,0,0,0,0,0,0,0,0,0,0,0,0,0,0,0,0,0.0,0.0,166.7,158.3,8.4,0,0,0,0,0,0,0,0,0,0,0,0,0,0,0,0,0,0,0,0,0,0
Yannick DAMMEN,Kangoeroes Basket Mechelen,2,Yannick DAMMEN,"Augustas PECIUKEVICIUS, Nick STAMPLEY, Zaba BANGALA, Zan KOSIC",1,1.7,0,0,0,0,0,0,0,0,0,0,0,1,1,0,0,0,0,0,0,0,0,0.0,0.0,0.0,83.0,-83.0,0,0,0,0,0,0,0,0,0,0,0,0,0,0,0,0,0,0,0,0,0,0
Yannick DAMMEN,Kangoeroes Basket Mechelen,2,Yannick DAMMEN,"Joshua HEATH, Leander DEDROOG, Zaba BANGALA, Zan KOSIC",1,1.4,3,1,1,100.0,1,1,100.0,0,0,0,0,0,0,0,0,0,1,0,2,0,3,3.0,100.0,100.0,200.0,-100.0,150.0,150.0,0.0,50.0,0,0,0,0,0,0,0,0,0,0,0,0,1,0,0,0,0,0
Yannick DAMMEN,Kangoeroes Basket Mechelen,2,Yannick DAMMEN,"Leander DEDROOG, Mojeed EWUOSHO, Zaba BANGALA, Zan KOSIC",1,1.2,0,0,0,0,0,0,0,0,0,0,0,0,0,0,0,0,0,0,0,0,0,0.0,0.0,106.4,131.2,-24.8,0,0,0,0,0,0,0,0,0,0,0,0,0,0,0,0,0,0,0,0,0,0
Zaba BANGALA,Kangoeroes Basket Mechelen,5,Zaba BANGALA,"Augustas PECIUKEVICIUS, Joshua HEATH, Nick STAMPLEY, Yannick DAMMEN",1,10.9,9,3,5,60.0,0,0,0,3,6,50.0,2,1,3,0,0,1,1,1,6,0,9,9.0,47.4,105.3,100.6,4.7,60.0,58.9,0.0,11.6,1,1,100,4,2,50,0,0,0,1,0,0,0,0,1,3,2,2
Zaba BANGALA,Kangoeroes Basket Mechelen,5,Zaba BANGALA,"Joshua HEATH, Leander DEDROOG, Nick STAMPLEY, Yannick DAMMEN",1,8.9,7,3,4,75.0,0,0,0,1,2,50.0,2,5,7,0,0,0,1,1,4,0,7,7.0,43.2,160.6,119.3,41.3,75.0,71.7,0.0,17.0,0,0,0,4,3,75,0,0,0,0,0,0,1,0,0,0,2,2
Zaba BANGALA,Kangoeroes Basket Mechelen,5,Zaba BANGALA,"Joshua HEATH, Mojeed EWUOSHO, Nick STAMPLEY, Yannick DAMMEN",1,6.3,0,0,2,0.0,0,0,0,0,0,0,2,0,2,0,1,1,3,1,3,0,0,0.0,0.0,83.4,116.4,-33.0,0.0,0.0,0,60.0,0,0,0,2,0,0,0,0,0,0,0,1,2,0,0,0,0,0
Zaba BANGALA,Kangoeroes Basket Mechelen,5,Zaba BANGALA,"Augustas PECIUKEVICIUS, Nick STAMPLEY, Yannick DAMMEN, Zan KOSIC",1,1.7,0,0,0,0,0,0,0,0,0,0,0,0,0,0,0,0,0,0,0,0,0,0.0,0.0,0.0,83.0,-83.0,0,0,0,0,0,0,0,0,0,0,0,0,0,0,0,0,0,0,0,0,0,0
Zaba BANGALA,Kangoeroes Basket Mechelen,5,Zaba BANGALA,"Augustas PECIUKEVICIUS, Leander DEDROOG, Mojeed EWUOSHO, Zan KOSIC",1,1.6,0,0,0,0,0,0,0,0,0,0,0,1,1,0,0,0,0,0,0,0,0,0.0,0.0,51.2,66.7,-15.5,0,0,0,0,0,0,0,0,0,0,0,0,0,0,0,0,0,0,0,0,0,0
Zaba BANGALA,Kangoeroes Basket Mechelen,5,Zaba BANGALA,"Joshua HEATH, Leander DEDROOG, Yannick DAMMEN, Zan KOSIC",1,1.4,0,0,0,0,0,0,0,0,0,0,0,0,0,0,0,0,0,0,0,0,0,0.0,0.0,100.0,200.0,-100.0,0,0,0,0,0,0,0,0,0,0,0,0,0,0,0,0,0,0,0,0,0,0
Zaba BANGALA,Kangoeroes Basket Mechelen,5,Zaba BANGALA,"Leander DEDROOG, Mojeed EWUOSHO, Yannick DAMMEN, Zan KOSIC",1,1.2,2,0,0,0,0,0,0,2,2,100.0,0,0,0,0,0,0,0,0,1,0,2,2.0,106.4,106.4,131.2,-24.8,0,113.6,0,0.0,0,0,0,0,0,0,0,0,0,0,0,0,0,0,0,0,0,0
Zaba BANGALA,Kangoeroes Basket Mechelen,5,Zaba BANGALA,"Augustas PECIUKEVICIUS, Joshua HEATH, Leander DEDROOG, Nick STAMPLEY",1,1.1,0,0,0,0,0,0,0,0,2,0.0,0,0,0,0,0,0,0,0,1,0,0,0.0,0.0,0.0,123.0,-123.0,0,0.0,0,0.0,0,0,0,0,0,0,0,0,0,0,0,0,0,0,0,0,0,0
Zan KOSIC,Kangoeroes Basket Mechelen,11,Zan KOSIC,"Augustas PECIUKEVICIUS, Nick STAMPLEY, Yannick DAMMEN, Zaba BANGALA",1,1.7,0,0,1,0.0,0,1,0.0,0,0,0,0,0,0,0,0,0,0,0,1,0,0,0.0,0.0,0.0,83.0,-83.0,0.0,0.0,0,0.0,0,0,0,0,0,0,0,0,0,0,0,0,0,0,0,0,0,0
Zan KOSIC,Kangoeroes Basket Mechelen,11,Zan KOSIC,"Augustas PECIUKEVICIUS, Leander DEDROOG, Mojeed EWUOSHO, Zaba BANGALA",1,1.6,0,0,0,0,0,0,0,0,0,0,0,0,0,0,1,0,1,0,1,0,0,0.0,0.0,51.2,66.7,-15.5,0,0,0,100.0,0,0,0,0,0,0,0,0,0,0,0,1,0,0,0,0,0,0
Zan KOSIC,Kangoeroes Basket Mechelen,11,Zan KOSIC,"Joshua HEATH, Leander DEDROOG, Yannick DAMMEN, Zaba BANGALA",1,1.4,0,0,1,0.0,0,1,0.0,0,0,0,0,0,0,1,0,0,0,1,1,3,3,3.0,100.0,100.0,200.0,-100.0,0.0,0.0,0,0.0,0,0,0,0,0,0,0,0,0,0,0,0,0,0,0,0,0,0
Zan KOSIC,Kangoeroes Basket Mechelen,11,Zan KOSIC,"Augustas PECIUKEVICIUS, Leander DEDROOG, Nick STAMPLEY, Seppe WILLEMS",1,1.2,0,0,1,0.0,0,1,0.0,0,0,0,0,0,0,0,0,0,0,0,1,0,0,0.0,0.0,0.0,0.0,0.0,0.0,0.0,0,0.0,0,0,0,0,0,0,0,0,0,0,0,0,0,0,0,0,0,0
Zan KOSIC,Kangoeroes Basket Mechelen,11,Zan KOSIC,"Leander DEDROOG, Mojeed EWUOSHO, Yannick DAMMEN, Zaba BANGALA",1,1.2,0,0,0,0,0,0,0,0,0,0,0,0,0,0,0,0,0,0,0,0,0,0.0,0.0,106.4,131.2,-24.8,0,0,0,0,0,0,0,0,0,0,0,0,0,0,0,0,0,0,0,0,0,0
Bram TER WEEME,LWD Basket,6,Bram TER WEEME,"Maik BOUWER, Sam MAILLET, Shakael PRYCE, Tristan DE ZWART FORSYTH",1,3.2,3,1,1,100.0,1,1,100.0,0,0,0,0,0,0,0,0,0,1,0,2,0,3,3.0,43.3,43.3,159.9,-116.6,150.0,150.0,0.0,50.0,0,0,0,0,0,0,0,0,0,0,1,0,1,0,0,0,0,0
Bram TER WEEME,LWD Basket,6,Bram TER WEEME,"Maik BOUWER, Reinder BRANDSMA, Shakael PRYCE, Tristan DE ZWART FORSYTH",1,2.0,0,0,0,0,0,0,0,0,0,0,0,0,0,0,0,0,0,0,0,0,0,0.0,0.0,101.8,160.0,-58.2,0,0,0,0,0,0,0,0,0,0,0,0,0,0,0,0,0,0,0,0,0,0
Bram TER WEEME,LWD Basket,6,Bram TER WEEME,"Christopher MAIDOH, Reinder BRANDSMA, Sam MAILLET, Shakael PRYCE",1,1.2,0,0,0,0,0,0,0,0,0,0,0,0,0,0,0,0,0,0,0,0,0,0.0,0.0,100.0,266.0,-166.0,0,0,0,0,0,0,0,0,0,0,0,0,0,0,0,0,0,0,0,0,0,0
Christopher MAIDOH,LWD Basket,4,Christopher MAIDOH,"Maik BOUWER, Matt FRIERSON, Sam MAILLET, Shakael PRYCE",1,5.9,5,2,2,100.0,0,0,0,1,2,50.0,1,1,2,0,0,0,0,1,2,0,5,5.0,36.9,81.2,151.4,-70.2,100.0,86.8,0.0,0.0,1,1,100,1,1,100,0,0,0,0,0,0,0,0,0,2,0,2
Christopher MAIDOH,LWD Basket,4,Christopher MAIDOH,"Maik BOUWER, Matt FRIERSON, Reinder BRANDSMA, Shakael PRYCE",1,2.8,2,1,1,100.0,0,0,0,0,0,0,0,0,0,0,0,0,2,1,3,0,2,2.0,34.8,69.7,121.0,-51.3,100.0,100.0,0.0,66.7,1,1,100,0,0,0,0,0,0,0,0,1,0,0,0,0,2,0
Christopher MAIDOH,LWD Basket,4,Christopher MAIDOH,"Dyami JANECK, Matt FRIERSON, Reinder BRANDSMA, Sam MAILLET",1,2.2,2,1,1,100.0,0,0,0,0,0,0,0,0,0,0,0,0,0,0,1,0,2,2.0,40.0,40.0,102.5,-62.5,100.0,100.0,0.0,0.0,1,1,100,0,0,0,0,0,0,0,0,0,0,0,0,0,2,2
Christopher MAIDOH,LWD Basket,4,Christopher MAIDOH,"Bram TER WEEME, Reinder BRANDSMA, Sam MAILLET, Shakael PRYCE",1,1.2,0,0,1,0.0,0,0,0,0,0,0,0,0,0,0,0,0,0,1,1,0,0,0.0,0.0,100.0,266.0,-166.0,0.0,0.0,0,0.0,0,0,0,1,0,0,0,0,0,0,0,0,0,0,0,0,0,0
Dyami JANECK,LWD Basket,21,Dyami JANECK,"Christopher MAIDOH, Matt FRIERSON, Reinder BRANDSMA, Sam MAILLET",1,2.2,0,0,1,0.0,0,0,0,0,0,0,0,0,0,0,0,0,0,1,1,0,0,0.0,0.0,40.0,102.5,-62.5,0.0,0.0,0,0.0,0,0,0,1,0,0,0,0,0,0,0,0,0,0,0,0,0,0
Dyami JANECK,LWD Basket,21,Dyami JANECK,"Maik BOUWER, Sam MAILLET, Shakael PRYCE, Tristan DE ZWART FORSYTH",1,1.8,0,0,1,0.0,0,0,0,0,0,0,0,0,0,0,0,0,0,0,1,0,0,0.0,0.0,125.0,200.0,-75.0,0.0,0.0,0,0.0,0,0,0,1,0,0,0,0,0,0,0,0,0,0,0,0,0,0
Maik BOUWER,LWD Basket,10,Maik BOUWER,"Matt FRIERSON, Reinder BRANDSMA, Shakael PRYCE, Tristan DE ZWART FORSYTH",1,8.3,4,2,2,100.0,0,0,0,0,0,0,0,0,0,0,0,0,1,0,3,0,4,4.0,25.5,95.7,170.4,-74.6,100.0,100.0,0.0,33.3,0,0,0,2,2,100,0,0,0,0,0,0,1,0,0,0,0,0
Maik BOUWER,LWD Basket,10,Maik BOUWER,"Matt FRIERSON, Sam MAILLET, Shakael PRYCE, Tristan DE ZWART FORSYTH",1,6.0,4,2,5,40.0,0,1,0.0,0,1,0.0,1,3,4,0,0,0,1,0,5,0,4,4.0,30.3,68.3,115.9,-47.6,40.0,36.8,0.0,15.5,0,0,0,4,2,50,0,0,0,0,0,0,1,0,0,0,0,0
Maik BOUWER,LWD Basket,10,Maik BOUWER,"Christopher MAIDOH, Matt FRIERSON, Sam MAILLET, Shakael PRYCE",1,5.9,3,1,4,25.0,0,0,0,1,2,50.0,1,0,1,0,1,0,0,0,4,0,3,3.0,22.1,81.2,151.4,-70.2,25.0,30.7,0.0,0.0,1,1,100,3,0,0,0,0,0,1,0,0,0,0,0,2,1,0
Maik BOUWER,LWD Basket,10,Maik BOUWER,"Bram TER WEEME, Sam MAILLET, Shakael PRYCE, Tristan DE ZWART FORSYTH",1,3.2,0,0,0,0,0,0,0,0,0,0,0,0,0,0,0,0,0,0,0,0,0,0.0,0.0,43.3,159.9,-116.6,0,0,0,0,0,0,0,0,0,0,0,0,0,0,0,0,0,0,0,0,0,0
Maik BOUWER,LWD Basket,10,Maik BOUWER,"Christopher MAIDOH, Matt FRIERSON, Reinder BRANDSMA, Shakael PRYCE",1,2.8,0,0,1,0.0,0,0,0,0,0,0,0,1,1,0,0,0,0,2,1,0,0,0.0,0.0,69.7,121.0,-51.3,0.0,0.0,0,0.0,0,0,0,1,0,0,0,0,0,0,0,0,0,0,0,0,0,0
Maik BOUWER,LWD Basket,10,Maik BOUWER,"Matt FRIERSON, Reinder BRANDSMA, Sam MAILLET, Shakael PRYCE",1,2.1,0,0,0,0,0,0,0,0,0,0,0,0,0,0,0,0,0,0,0,0,0,0.0,0.0,92.6,50.0,42.6,0,0,0,0,0,0,0,0,0,0,0,0,0,0,0,0,0,0,0,0,0,0
Maik BOUWER,LWD Basket,10,Maik BOUWER,"Bram TER WEEME, Reinder BRANDSMA, Shakael PRYCE, Tristan DE ZWART FORSYTH",1,2.0,2,1,2,50.0,0,0,0,0,0,0,0,0,0,0,0,0,0,0,2,0,2,2.0,50.9,101.8,160.0,-58.2,50.0,50.0,0.0,0.0,0,0,0,2,1,50,0,0,0,0,0,0,0,0,0,0,0,0
Maik BOUWER,LWD Basket,10,Maik BOUWER,"Dyami JANECK, Sam MAILLET, Shakael PRYCE, Tristan DE ZWART FORSYTH",1,1.8,0,0,0,0,0,0,0,0,0,0,0,0,0,0,0,0,0,0,0,0,0,0.0,0.0,125.0,200.0,-75.0,0,0,0,0,0,0,0,0,0,0,0,0,0,0,0,0,0,0,0,0,0,0
Matt FRIERSON,LWD Basket,3,Matt FRIERSON,"Maik BOUWER, Reinder BRANDSMA, Shakael PRYCE, Tristan DE ZWART FORSYTH",1,8.3,3,1,3,33.3,1,3,33.3,0,0,0,0,1,1,1,0,0,1,2,4,2,5,5.0,31.9,95.7,170.4,-74.6,50.0,50.0,100.0,20.0,0,0,0,0,0,0,0,0,0,0,1,1,0,0,0,0,0,0
Matt FRIERSON,LWD Basket,3,Matt FRIERSON,"Maik BOUWER, Sam MAILLET, Shakael PRYCE, Tristan DE ZWART FORSYTH",1,6.0,1,0,0,0,0,0,0,1,2,50.0,0,0,0,1,1,0,0,1,1,2,3,3.0,22.8,68.3,115.9,-47.6,0,56.8,0,0.0,0,0,0,0,0,0,0,0,0,0,0,0,0,0,0,0,1,1
Matt FRIERSON,LWD Basket,3,Matt FRIERSON,"Christopher MAIDOH, Maik BOUWER, Sam MAILLET, Shakael PRYCE",1,5.9,0,0,3,0.0,0,3,0.0,0,0,0,0,1,1,0,0,0,0,0,3,0,0,0.0,0.0,81.2,151.4,-70.2,0.0,0.0,0,0.0,0,0,0,0,0,0,0,0,0,0,0,0,0,0,0,0,0,0
Matt FRIERSON,LWD Basket,3,Matt FRIERSON,"Christopher MAIDOH, Maik BOUWER, Reinder BRANDSMA, Shakael PRYCE",1,2.8,0,0,1,0.0,0,1,0.0,0,0,0,0,0,0,1,0,0,0,0,1,2,2,2.0,34.8,69.7,121.0,-51.3,0.0,0.0,0,0.0,0,0,0,0,0,0,0,0,0,0,0,0,0,0,0,0,0,0
Matt FRIERSON,LWD Basket,3,Matt FRIERSON,"Christopher MAIDOH, Dyami JANECK, Reinder BRANDSMA, Sam MAILLET",1,2.2,0,0,1,0.0,0,1,0.0,0,0,0,0,1,1,1,0,0,0,0,1,2,2,2.0,40.0,40.0,102.5,-62.5,0.0,0.0,0,0.0,0,0,0,0,0,0,0,0,0,0,0,0,0,0,0,0,0,0
Matt FRIERSON,LWD Basket,3,Matt FRIERSON,"Maik BOUWER, Reinder BRANDSMA, Sam MAILLET, Shakael PRYCE",1,2.1,0,0,1,0.0,0,1,0.0,0,0,0,0,0,0,0,0,0,0,0,1,0,0,0.0,0.0,92.6,50.0,42.6,0.0,0.0,0,0.0,0,0,0,0,0,0,0,0,0,0,0,0,0,0,0,0,0,0
Reinder BRANDSMA,LWD Basket,15,Reinder BRANDSMA,"Maik BOUWER, Matt FRIERSON, Shakael PRYCE, Tristan DE ZWART FORSYTH",1,8.3,0,0,4,0.0,0,0,0,0,0,0,0,0,0,1,0,0,0,2,4,2,2,2.0,12.8,95.7,170.4,-74.6,0.0,0.0,0,0.0,0,0,0,4,0,0,0,0,0,0,0,0,0,0,0,0,0,0
Reinder BRANDSMA,LWD Basket,15,Reinder BRANDSMA,"Christopher MAIDOH, Maik BOUWER, Matt FRIERSON, Shakael PRYCE",1,2.8,2,0,2,0.0,0,0,0,2,2,100.0,2,0,2,0,0,0,0,0,1,0,2,2.0,34.8,69.7,121.0,-51.3,0.0,34.7,0,0.0,1,0,0,1,0,0,0,0,0,0,0,0,0,0,0,2,0,0
Reinder BRANDSMA,LWD Basket,15,Reinder BRANDSMA,"Christopher MAIDOH, Dyami JANECK, Matt FRIERSON, Sam MAILLET",1,2.2,0,0,0,0,0,0,0,0,0,0,0,0,0,0,1,0,0,0,0,0,0,0.0,0.0,40.0,102.5,-62.5,0,0,0,0,0,0,0,0,0,0,0,0,0,0,0,0,0,0,0,0,0,0
Reinder BRANDSMA,LWD Basket,15,Reinder BRANDSMA,"Maik BOUWER, Matt FRIERSON, Sam MAILLET, Shakael PRYCE",1,2.1,0,0,1,0.0,0,1,0.0,0,0,0,0,1,1,1,1,0,0,0,1,2,2,2.0,46.3,92.6,50.0,42.6,0.0,0.0,0,0.0,0,0,0,0,0,0,0,0,0,0,0,0,0,0,0,0,0,0
Reinder BRANDSMA,LWD Basket,15,Reinder BRANDSMA,"Bram TER WEEME, Maik BOUWER, Shakael PRYCE, Tristan DE ZWART FORSYTH",1,2.0,2,1,1,100.0,0,0,0,0,0,0,1,0,1,0,0,0,0,1,0,0,2,2.0,50.9,101.8,160.0,-58.2,100.0,100.0,0.0,0.0,1,1,100,0,0,0,0,0,0,1,0,0,0,0,0,2,0,2
Reinder BRANDSMA,LWD Basket,15,Reinder BRANDSMA,"Bram TER WEEME, Christopher MAIDOH, Sam MAILLET, Shakael PRYCE",1,1.2,0,0,0,0,0,0,0,0,0,0,0,0,0,0,0,0,0,0,0,0,0,0.0,0.0,100.0,266.0,-166.0,0,0,0,0,0,0,0,0,0,0,0,0,0,0,0,0,0,0,0,0,0,0
Sam MAILLET,LWD Basket,0,Sam MAILLET,"Maik BOUWER, Matt FRIERSON, Shakael PRYCE, Tristan DE ZWART FORSYTH",1,6.0,2,1,2,50.0,0,0,0,0,0,0,0,0,0,0,0,0,0,0,2,0,2,2.0,15.2,68.3,115.9,-47.6,50.0,50.0,0.0,0.0,0,0,0,2,1,50,0,0,0,0,0,0,0,0,0,0,0,0
Sam MAILLET,LWD Basket,0,Sam MAILLET,"Christopher MAIDOH, Maik BOUWER, Matt FRIERSON, Shakael PRYCE",1,5.9,0,0,2,0.0,0,0,0,0,0,0,1,0,1,1,0,0,0,1,1,2,2,2.0,14.8,81.2,151.4,-70.2,0.0,0.0,0,0.0,1,0,0,1,0,0,0,0,0,0,0,0,0,0,0,0,0,0
Sam MAILLET,LWD Basket,0,Sam MAILLET,"Bram TER WEEME, Maik BOUWER, Shakael PRYCE, Tristan DE ZWART FORSYTH",1,3.2,0,0,2,0.0,0,1,0.0,0,0,0,1,0,1,0,0,0,1,1,2,0,0,0.0,0.0,43.3,159.9,-116.6,0.0,0.0,0,33.3,0,0,0,1,0,0,0,0,0,0,0,1,0,0,0,0,0,0
Sam MAILLET,LWD Basket,0,Sam MAILLET,"Christopher MAIDOH, Dyami JANECK, Matt FRIERSON, Reinder BRANDSMA",1,2.2,0,0,1,0.0,0,1,0.0,0,0,0,0,0,0,0,0,0,1,0,2,0,0,0.0,0.0,40.0,102.5,-62.5,0.0,0.0,0,50.0,0,0,0,0,0,0,0,0,0,0,0,1,0,0,0,0,0,0
Sam MAILLET,LWD Basket,0,Sam MAILLET,"Maik BOUWER, Matt FRIERSON, Reinder BRANDSMA, Shakael PRYCE",1,2.1,1,0,0,0,0,0,0,1,2,50.0,0,1,1,0,0,0,0,0,1,0,1,1.0,23.1,92.6,50.0,42.6,0,56.8,0,0.0,0,0,0,0,0,0,0,0,0,0,0,0,0,0,0,0,0,0
Sam MAILLET,LWD Basket,0,Sam MAILLET,"Dyami JANECK, Maik BOUWER, Shakael PRYCE, Tristan DE ZWART FORSYTH",1,1.8,0,0,0,0,0,0,0,0,0,0,0,0,0,0,0,1,1,1,1,0,0,0.0,0.0,125.0,200.0,-75.0,0,0,0,100.0,0,0,0,0,0,0,0,0,0,0,0,0,1,0,0,0,0,0
Sam MAILLET,LWD Basket,0,Sam MAILLET,"Bram TER WEEME, Christopher MAIDOH, Reinder BRANDSMA, Shakael PRYCE",1,1.2,0,0,0,0,0,0,0,0,0,0,0,0,0,0,0,0,0,0,0,0,0,0.0,0.0,100.0,266.0,-166.0,0,0,0,0,0,0,0,0,0,0,0,0,0,0,0,0,0,0,0,0,0,0
Shakael PRYCE,LWD Basket,11,Shakael PRYCE,"Maik BOUWER, Matt FRIERSON, Reinder BRANDSMA, Tristan DE ZWART FORSYTH",1,8.3,4,1,2,50.0,0,0,0,2,2,100.0,0,1,1,2,0,0,1,0,4,4,8,8.0,51.1,95.7,170.4,-74.6,50.0,69.4,200.0,17.0,0,0,0,2,1,50,0,0,0,0,0,0,1,0,0,0,0,0
Shakael PRYCE,LWD Basket,11,Shakael PRYCE,"Maik BOUWER, Matt FRIERSON, Sam MAILLET, Tristan DE ZWART FORSYTH",1,6.0,2,1,2,50.0,0,0,0,0,0,0,0,0,0,1,0,0,0,0,2,2,4,4.0,30.3,68.3,115.9,-47.6,50.0,50.0,100.0,0.0,0,0,0,2,1,50,0,0,0,0,0,0,0,0,0,0,0,0
Shakael PRYCE,LWD Basket,11,Shakael PRYCE,"Christopher MAIDOH, Maik BOUWER, Matt FRIERSON, Sam MAILLET",1,5.9,3,1,3,33.3,1,3,33.3,0,0,0,0,1,1,2,0,0,1,0,4,2,5,5.0,36.9,81.2,151.4,-70.2,50.0,50.0,200.0,16.7,0,0,0,0,0,0,0,0,0,0,1,1,0,0,0,0,0,3
Shakael PRYCE,LWD Basket,11,Shakael PRYCE,"Bram TER WEEME, Maik BOUWER, Sam MAILLET, Tristan DE ZWART FORSYTH",1,3.2,0,0,0,0,0,0,0,0,0,0,0,1,1,0,0,0,2,0,2,0,0,0.0,0.0,43.3,159.9,-116.6,0,0,0,100.0,0,0,0,0,0,0,0,0,0,0,0,1,1,0,0,0,0,0
Shakael PRYCE,LWD Basket,11,Shakael PRYCE,"Christopher MAIDOH, Maik BOUWER, Matt FRIERSON, Reinder BRANDSMA",1,2.8,0,0,0,0,0,0,0,0,0,0,0,0,0,1,0,0,0,0,0,0,0,0.0,0.0,69.7,121.0,-51.3,0,0,0,0.0,0,0,0,0,0,0,0,0,0,0,0,0,0,0,0,0,0,0
Shakael PRYCE,LWD Basket,11,Shakael PRYCE,"Maik BOUWER, Matt FRIERSON, Reinder BRANDSMA, Sam MAILLET",1,2.1,3,1,1,100.0,0,0,0,1,1,100.0,0,0,0,0,0,0,0,0,1,0,3,3.0,69.4,92.6,50.0,42.6,100.0,104.2,0.0,0.0,0,0,0,1,1,100,0,0,0,0,0,0,0,0,0,0,2,2
Shakael PRYCE,LWD Basket,11,Shakael PRYCE,"Bram TER WEEME, Maik BOUWER, Reinder BRANDSMA, Tristan DE ZWART FORSYTH",1,2.0,0,0,0,0,0,0,0,0,0,0,0,0,0,0,0,0,1,0,1,0,0,0.0,0.0,101.8,160.0,-58.2,0,0,0,100.0,0,0,0,0,0,0,0,0,0,0,0,0,0,0,1,0,0,0
Shakael PRYCE,LWD Basket,11,Shakael PRYCE,"Dyami JANECK, Maik BOUWER, Sam MAILLET, Tristan DE ZWART FORSYTH",1,1.8,3,1,1,100.0,1,1,100.0,0,0,0,0,1,1,1,0,0,0,0,1,2,5,5.0,125.0,125.0,200.0,-75.0,150.0,150.0,100.0,0.0,0,0,0,0,0,0,0,0,0,0,1,0,0,0,0,0,3,0
Shakael PRYCE,LWD Basket,11,Shakael PRYCE,"Bram TER WEEME, Christopher MAIDOH, Reinder BRANDSMA, Sam MAILLET",1,1.2,2,1,1,100.0,0,0,0,0,0,0,0,0,0,0,0,0,0,0,1,0,2,2.0,100.0,100.0,266.0,-166.0,100.0,100.0,0.0,0.0,0,0,0,1,1,100,0,0,0,0,0,0,0,0,0,0,0,2
Tristan DE ZWART FORSYTH,LWD Basket,28,Tristan DE ZWART FORSYTH,"Maik BOUWER, Matt FRIERSON, Reinder BRANDSMA, Shakael PRYCE",1,8.3,4,2,4,50.0,0,0,0,0,0,0,2,2,4,0,1,0,0,1,2,0,4,4.0,25.5,95.7,170.4,-74.6,50.0,50.0,0.0,0.0,1,0,0,3,2,66.7,0,0,0,0,0,0,0,0,0,0,0,0
Tristan DE ZWART FORSYTH,LWD Basket,28,Tristan DE ZWART FORSYTH,"Maik BOUWER, Matt FRIERSON, Sam MAILLET, Shakael PRYCE",1,6.0,0,0,2,0.0,0,0,0,0,0,0,1,1,2,0,0,0,2,0,3,0,0,0.0,0.0,68.3,115.9,-47.6,0.0,0.0,0,50.0,0,0,0,2,0,0,0,0,0,0,0,0,1,0,1,0,0,0
Tristan DE ZWART FORSYTH,LWD Basket,28,Tristan DE ZWART FORSYTH,"Bram TER WEEME, Maik BOUWER, Sam MAILLET, Shakael PRYCE",1,3.2,0,0,1,0.0,0,0,0,0,0,0,0,1,1,0,0,0,0,1,1,0,0,0.0,0.0,43.3,159.9,-116.6,0.0,0.0,0,0.0,0,0,0,1,0,0,0,0,0,0,0,0,0,0,0,0,0,0
Tristan DE ZWART FORSYTH,LWD Basket,28,Tristan DE ZWART FORSYTH,"Bram TER WEEME, Maik BOUWER, Reinder BRANDSMA, Shakael PRYCE",1,2.0,0,0,1,0.0,0,0,0,0,0,0,0,0,0,0,0,0,0,0,1,0,0,0.0,0.0,101.8,160.0,-58.2,0.0,0.0,0,0.0,0,0,0,1,0,0,0,0,0,0,0,0,0,0,0,0,0,0
Tristan DE ZWART FORSYTH,LWD Basket,28,Tristan DE ZWART FORSYTH,"Dyami JANECK, Maik BOUWER, Sam MAILLET, Shakael PRYCE",1,1.8,2,1,1,100.0,0,0,0,0,0,0,0,0,0,0,0,0,0,0,1,0,2,2.0,50.0,125.0,200.0,-75.0,100.0,100.0,0.0,0.0,0,0,0,1,1,100,0,0,0,0,0,0,0,0,0,0,0,0
Boyd VAN DER VUURST,Landstede Hammers,13,Boyd VAN DER VUURST,"Coen STOLK, Devin WHITFIELD, Jalen THOMAS, Troy Drake DOBBS",1,11.3,3,1,1,100.0,1,1,100.0,0,0,0,0,0,0,3,0,0,0,2,1,8,11,11.0,54.2,113.2,150.1,-36.9,150.0,150.0,300.0,0.0,0,0,0,0,0,0,0,0,0,0,0,0,0,0,0,0,0,0
Boyd VAN DER VUURST,Landstede Hammers,13,Boyd VAN DER VUURST,"Coen STOLK, Devin WHITFIELD, Jalen THOMAS, Leon WILLIAMS",1,3.2,0,0,1,0.0,0,1,0.0,0,0,0,0,0,0,1,0,0,1,0,2,3,3,3.0,42.9,128.6,162.2,-33.6,0.0,0.0,0,33.3,0,0,0,0,0,0,0,0,0,0,0,0,1,0,0,0,0,0
Boyd VAN DER VUURST,Landstede Hammers,13,Boyd VAN DER VUURST,"Coen STOLK, Erik SAJANTILA, Jalen THOMAS, Leon WILLIAMS",1,2.8,0,0,1,0.0,0,1,0.0,0,0,0,0,0,0,0,0,0,0,0,1,0,0,0.0,0.0,131.9,51.0,80.9,0.0,0.0,0,0.0,0,0,0,0,0,0,0,0,0,0,0,0,0,0,0,0,0,0
Boyd VAN DER VUURST,Landstede Hammers,13,Boyd VAN DER VUURST,"Coen STOLK, Devin WHITFIELD, Grayson Alexander CARTER, Troy Drake DOBBS",1,2.4,3,1,2,50.0,1,2,50.0,0,0,0,0,0,0,1,1,0,0,1,2,3,6,6.0,140.4,187.1,112.6,74.5,75.0,75.0,100.0,0.0,0,0,0,0,0,0,0,0,0,0,0,0,0,0,0,0,0,3
Boyd VAN DER VUURST,Landstede Hammers,13,Boyd VAN DER VUURST,"Coen STOLK, Devin WHITFIELD, Grayson Alexander CARTER, Leon WILLIAMS",1,2.2,0,0,1,0.0,0,1,0.0,0,0,0,0,0,0,0,0,0,0,0,1,0,0,0.0,0.0,100.0,60.2,39.8,0.0,0.0,0,0.0,0,0,0,0,0,0,0,0,0,0,0,0,0,0,0,0,0,0
Boyd VAN DER VUURST,Landstede Hammers,13,Boyd VAN DER VUURST,"Erik SAJANTILA, Grayson Alexander CARTER, Leon WILLIAMS, Nelson Ellis HASKIN",1,1.8,0,0,0,0,0,0,0,0,0,0,0,0,0,0,0,0,1,0,1,0,0,0.0,0.0,125.0,0,125.0,0,0,0,100.0,0,0,0,0,0,0,0,0,0,0,0,0,1,0,0,0,0,0
Boyd VAN DER VUURST,Landstede Hammers,13,Boyd VAN DER VUURST,"Coen STOLK, Erik SAJANTILA, Grayson Alexander CARTER, Leon WILLIAMS",1,1.1,0,0,0,0,0,0,0,0,0,0,0,0,0,0,0,0,0,0,0,0,0,0.0,0.0,150.0,100.0,50.0,0,0,0,0,0,0,0,0,0,0,0,0,0,0,0,0,0,0,0,0,0,0
Coen STOLK,Landstede Hammers,6,Coen STOLK,"Boyd VAN DER VUURST, Devin WHITFIELD, Jalen THOMAS, Troy Drake DOBBS",1,11.3,3,1,4,25.0,1,2,50.0,0,0,0,0,2,2,0,0,0,1,1,5,0,3,3.0,14.8,113.2,150.1,-36.9,37.5,37.5,0.0,20.0,0,0,0,2,0,0,0,0,0,0,0,1,0,0,0,0,0,0
Coen STOLK,Landstede Hammers,6,Coen STOLK,"Boyd VAN DER VUURST, Devin WHITFIELD, Jalen THOMAS, Leon WILLIAMS",1,3.2,3,1,1,100.0,1,1,100.0,0,0,0,0,0,0,1,0,0,0,1,1,2,5,5.0,71.4,128.6,162.2,-33.6,150.0,150.0,100.0,0.0,0,0,0,0,0,0,0,0,0,0,0,0,0,0,0,0,0,0
Coen STOLK,Landstede Hammers,6,Coen STOLK,"Boyd VAN DER VUURST, Erik SAJANTILA, Jalen THOMAS, Leon WILLIAMS",1,2.8,0,0,0,0,0,0,0,0,0,0,1,1,2,1,0,0,1,0,0,3,3,3.0,79.2,131.9,51.0,80.9,0,0,0,50.0,0,0,0,0,0,0,0,0,0,0,0,0,1,0,0,0,0,0
Coen STOLK,Landstede Hammers,6,Coen STOLK,"Devin WHITFIELD, Erik SAJANTILA, Jalen THOMAS, Leon WILLIAMS",1,2.7,7,1,2,50.0,1,2,50.0,4,4,100.0,0,2,2,0,0,0,2,0,6,0,7,7.0,73.5,94.5,153.4,-58.9,75.0,93.1,0.0,34.7,0,0,0,0,0,0,0,0,0,0,1,1,1,0,0,0,4,0
Coen STOLK,Landstede Hammers,6,Coen STOLK,"Boyd VAN DER VUURST, Devin WHITFIELD, Grayson Alexander CARTER, Troy Drake DOBBS",1,2.4,0,0,0,0,0,0,0,0,0,0,0,0,0,0,0,0,0,0,0,0,0,0.0,0.0,187.1,112.6,74.5,0,0,0,0,0,0,0,0,0,0,0,0,0,0,0,0,0,0,0,0,0,0
Coen STOLK,Landstede Hammers,6,Coen STOLK,"Boyd VAN DER VUURST, Devin WHITFIELD, Grayson Alexander CARTER, Leon WILLIAMS",1,2.2,0,0,0,0,0,0,0,0,0,0,0,4,4,1,0,0,1,0,1,3,3,3.0,100.0,100.0,60.2,39.8,0,0,0,50.0,0,0,0,0,0,0,0,0,0,0,0,0,1,0,0,0,0,0
Coen STOLK,Landstede Hammers,6,Coen STOLK,"Devin WHITFIELD, Jalen THOMAS, Nelson Ellis HASKIN, Troy Drake DOBBS",1,2.0,2,1,1,100.0,0,0,0,0,0,0,0,0,0,0,1,0,0,0,1,0,2,2.0,66.7,66.7,112.2,-45.5,100.0,100.0,0.0,0.0,1,1,100,0,0,0,0,0,0,1,0,0,0,0,0,0,0,0
Coen STOLK,Landstede Hammers,6,Coen STOLK,"Erik SAJANTILA, Jalen THOMAS, Leon WILLIAMS, Nelson Ellis HASKIN",1,1.8,0,0,2,0.0,0,1,0.0,0,0,0,0,0,0,0,0,0,0,0,2,0,0,0.0,0.0,139.9,133.3,6.5,0.0,0.0,0,0.0,0,0,0,1,0,0,0,0,0,0,0,0,0,0,0,0,0,0
Coen STOLK,Landstede Hammers,6,Coen STOLK,"Devin WHITFIELD, Erik SAJANTILA, Grayson Alexander CARTER, Leon WILLIAMS",1,1.6,3,1,1,100.0,1,1,100.0,0,0,0,0,0,0,0,0,0,0,0,1,0,3,3.0,75.0,150.0,0.0,150.0,150.0,150.0,0.0,0.0,0,0,0,0,0,0,0,0,0,0,0,0,0,0,0,0,0,3
Coen STOLK,Landstede Hammers,6,Coen STOLK,"Devin WHITFIELD, Jalen THOMAS, Leon WILLIAMS, Troy Drake DOBBS",1,1.6,0,0,0,0,0,0,0,0,0,0,0,0,0,0,0,0,0,0,0,0,0,0.0,0.0,68.3,126.3,-58.1,0,0,0,0,0,0,0,0,0,0,0,0,0,0,0,0,0,0,0,0,0,0
Coen STOLK,Landstede Hammers,6,Coen STOLK,"Erik SAJANTILA, Grayson Alexander CARTER, Leon WILLIAMS, Nelson Ellis HASKIN",1,1.4,3,1,1,100.0,1,1,100.0,0,0,0,0,0,0,0,0,0,1,0,2,0,3,3.0,100.0,166.7,0.0,166.7,150.0,150.0,0.0,50.0,0,0,0,0,0,0,0,0,0,0,0,0,1,0,0,0,0,3
Coen STOLK,Landstede Hammers,6,Coen STOLK,"Boyd VAN DER VUURST, Erik SAJANTILA, Grayson Alexander CARTER, Leon WILLIAMS",1,1.1,0,0,0,0,0,0,0,0,0,0,0,0,0,1,0,0,0,0,0,3,3,3.0,150.0,150.0,100.0,50.0,0,0,0,0.0,0,0,0,0,0,0,0,0,0,0,0,0,0,0,0,0,0,0
Coen STOLK,Landstede Hammers,6,Coen STOLK,"Erik SAJANTILA, Jalen THOMAS, Leon WILLIAMS, Troy Drake DOBBS",1,1.1,0,0,0,0,0,0,0,0,0,0,0,0,0,0,0,0,0,0,0,0,0,0.0,0.0,0.0,212.8,-212.8,0,0,0,0,0,0,0,0,0,0,0,0,0,0,0,0,0,0,0,0,0,0
Devin WHITFIELD,Landstede Hammers,9,Devin WHITFIELD,"Boyd VAN DER VUURST, Coen STOLK, Jalen THOMAS, Troy Drake DOBBS",1,11.3,5,2,5,40.0,1,3,33.3,0,0,0,0,4,4,1,0,0,2,1,7,3,8,8.0,39.4,113.2,150.1,-36.9,50.0,50.0,50.0,25.0,0,0,0,2,1,50,0,0,0,0,1,1,1,0,0,2,0,0
Devin WHITFIELD,Landstede Hammers,9,Devin WHITFIELD,"Boyd VAN DER VUURST, Coen STOLK, Jalen THOMAS, Leon WILLIAMS",1,3.2,2,1,1,100.0,0,0,0,0,0,0,0,0,0,0,0,0,0,0,1,0,2,2.0,28.6,128.6,162.2,-33.6,100.0,100.0,0.0,0.0,0,0,0,1,1,100,0,0,0,0,0,0,0,0,0,0,0,0
Devin WHITFIELD,Landstede Hammers,9,Devin WHITFIELD,"Coen STOLK, Erik SAJANTILA, Jalen THOMAS, Leon WILLIAMS",1,2.7,0,0,1,0.0,0,1,0.0,0,0,0,0,0,0,0,0,0,0,0,1,0,0,0.0,0.0,94.5,153.4,-58.9,0.0,0.0,0,0.0,0,0,0,0,0,0,0,0,0,0,0,0,0,0,0,0,0,0
Devin WHITFIELD,Landstede Hammers,9,Devin WHITFIELD,"Boyd VAN DER VUURST, Coen STOLK, Grayson Alexander CARTER, Troy Drake DOBBS",1,2.4,2,0,0,0,0,0,0,2,2,100.0,0,0,0,1,0,0,0,0,1,3,5,5.0,117.0,187.1,112.6,74.5,0,113.6,0,0.0,0,0,0,0,0,0,0,0,0,0,0,0,0,0,0,0,0,2
Devin WHITFIELD,Landstede Hammers,9,Devin WHITFIELD,"Boyd VAN DER VUURST, Coen STOLK, Grayson Alexander CARTER, Leon WILLIAMS",1,2.2,3,1,1,100.0,1,1,100.0,0,0,0,0,0,0,0,0,0,0,0,1,0,3,3.0,100.0,100.0,60.2,39.8,150.0,150.0,0.0,0.0,0,0,0,0,0,0,0,0,0,0,0,0,0,0,0,0,0,0
Devin WHITFIELD,Landstede Hammers,9,Devin WHITFIELD,"Coen STOLK, Jalen THOMAS, Nelson Ellis HASKIN, Troy Drake DOBBS",1,2.0,0,0,0,0,0,0,0,0,0,0,0,0,0,0,0,0,1,0,1,0,0,0.0,0.0,66.7,112.2,-45.5,0,0,0,100.0,0,0,0,0,0,0,0,0,0,0,0,0,1,0,0,0,0,0
Devin WHITFIELD,Landstede Hammers,9,Devin WHITFIELD,"Coen STOLK, Erik SAJANTILA, Grayson Alexander CARTER, Leon WILLIAMS",1,1.6,0,0,0,0,0,0,0,0,0,0,0,0,0,1,0,0,0,1,0,3,3,3.0,75.0,150.0,0.0,150.0,0,0,0,0.0,0,0,0,0,0,0,0,0,0,0,0,0,0,0,0,0,0,0
Devin WHITFIELD,Landstede Hammers,9,Devin WHITFIELD,"Coen STOLK, Jalen THOMAS, Leon WILLIAMS, Troy Drake DOBBS",1,1.6,2,1,2,50.0,0,0,0,0,0,0,1,0,1,0,0,0,0,1,1,0,2,2.0,68.3,68.3,126.3,-58.1,50.0,50.0,0.0,0.0,1,0,0,1,1,100,0,0,0,0,0,0,0,0,0,0,2,0
Erik SAJANTILA,Landstede Hammers,12,Erik SAJANTILA,"Boyd VAN DER VUURST, Coen STOLK, Jalen THOMAS, Leon WILLIAMS",1,2.8,0,0,0,0,0,0,0,0,0,0,0,1,1,0,0,0,0,0,0,0,0,0.0,0.0,131.9,51.0,80.9,0,0,0,0,0,0,0,0,0,0,0,0,0,0,0,0,0,0,0,0,0,0
Erik SAJANTILA,Landstede Hammers,12,Erik SAJANTILA,"Coen STOLK, Devin WHITFIELD, Jalen THOMAS, Leon WILLIAMS",1,2.7,1,0,0,0,0,0,0,1,2,50.0,0,0,0,0,0,0,0,2,1,0,1,1.0,10.5,94.5,153.4,-58.9,0,56.8,0,0.0,0,0,0,0,0,0,0,0,0,0,0,0,0,0,0,0,1,0
Erik SAJANTILA,Landstede Hammers,12,Erik SAJANTILA,"Boyd VAN DER VUURST, Grayson Alexander CARTER, Leon WILLIAMS, Nelson Ellis HASKIN",1,1.8,3,1,1,100.0,1,1,100.0,0,0,0,0,1,1,0,0,0,1,0,2,0,3,3.0,75.0,125.0,0,125.0,150.0,150.0,0.0,50.0,0,0,0,0,0,0,0,0,0,0,1,0,1,0,0,0,0,0
Erik SAJANTILA,Landstede Hammers,12,Erik SAJANTILA,"Coen STOLK, Jalen THOMAS, Leon WILLIAMS, Nelson Ellis HASKIN",1,1.8,2,1,1,100.0,0,0,0,0,0,0,1,0,1,0,0,0,0,0,0,0,2,2.0,69.9,139.9,133.3,6.5,100.0,100.0,0.0,0.0,1,1,100,0,0,0,0,0,0,1,0,0,0,0,0,2,0,0
Erik SAJANTILA,Landstede Hammers,12,Erik SAJANTILA,"Coen STOLK, Devin WHITFIELD, Grayson Alexander CARTER, Leon WILLIAMS",1,1.6,0,0,1,0.0,0,0,0,0,0,0,0,0,0,0,0,0,0,0,1,0,0,0.0,0.0,150.0,0.0,150.0,0.0,0.0,0,0.0,0,0,0,1,0,0,0,0,0,0,0,0,0,0,0,0,0,0
Erik SAJANTILA,Landstede Hammers,12,Erik SAJANTILA,"Coen STOLK, Grayson Alexander CARTER, Leon WILLIAMS, Nelson Ellis HASKIN",1,1.4,2,1,1,100.0,0,0,0,0,0,0,0,0,0,1,0,0,0,0,1,3,5,5.0,166.7,166.7,0.0,166.7,100.0,100.0,100.0,0.0,0,0,0,1,1,100,0,0,0,0,0,0,0,0,0,0,0,2
Erik SAJANTILA,Landstede Hammers,12,Erik SAJANTILA,"Boyd VAN DER VUURST, Coen STOLK, Grayson Alexander CARTER, Leon WILLIAMS",1,1.1,3,1,1,100.0,1,1,100.0,0,0,0,0,0,0,0,0,0,0,0,1,0,3,3.0,150.0,150.0,100.0,50.0,150.0,150.0,0.0,0.0,0,0,0,0,0,0,0,0,0,0,0,0,0,0,0,0,0,3
Erik SAJANTILA,Landstede Hammers,12,Erik SAJANTILA,"Coen STOLK, Jalen THOMAS, Leon WILLIAMS, Troy Drake DOBBS",1,1.1,0,0,0,0,0,0,0,0,0,0,0,0,0,0,0,0,0,1,0,0,0,0.0,0.0,0.0,212.8,-212.8,0,0,0,0,0,0,0,0,0,0,0,0,0,0,0,0,0,0,0,0,0,0
Grayson Alexander CARTER,Landstede Hammers,25,Grayson Alexander CARTER,"Boyd VAN DER VUURST, Coen STOLK, Devin WHITFIELD, Troy Drake DOBBS",1,2.4,0,0,1,0.0,0,0,0,0,0,0,1,0,1,0,0,0,0,0,0,0,0,0.0,0.0,187.1,112.6,74.5,0.0,0.0,0,0.0,0,0,0,1,0,0,0,0,0,0,0,0,0,0,0,0,0,0
Grayson Alexander CARTER,Landstede Hammers,25,Grayson Alexander CARTER,"Boyd VAN DER VUURST, Coen STOLK, Devin WHITFIELD, Leon WILLIAMS",1,2.2,0,0,0,0,0,0,0,0,0,0,0,0,0,0,0,0,0,0,0,0,0,0.0,0.0,100.0,60.2,39.8,0,0,0,0,0,0,0,0,0,0,0,0,0,0,0,0,0,0,0,0,0,0
Grayson Alexander CARTER,Landstede Hammers,25,Grayson Alexander CARTER,"Boyd VAN DER VUURST, Erik SAJANTILA, Leon WILLIAMS, Nelson Ellis HASKIN",1,1.8,0,0,0,0,0,0,0,0,0,0,0,0,0,0,0,0,0,1,0,0,0,0.0,0.0,125.0,0,125.0,0,0,0,0,0,0,0,0,0,0,0,0,0,0,0,0,0,0,0,0,0,0
Grayson Alexander CARTER,Landstede Hammers,25,Grayson Alexander CARTER,"Coen STOLK, Devin WHITFIELD, Erik SAJANTILA, Leon WILLIAMS",1,1.6,0,0,0,0,0,0,0,0,0,0,0,0,0,0,0,0,1,1,1,0,0,0.0,0.0,150.0,0.0,150.0,0,0,0,100.0,0,0,0,0,0,0,0,0,0,0,0,0,0,0,0,0,0,0
Grayson Alexander CARTER,Landstede Hammers,25,Grayson Alexander CARTER,"Coen STOLK, Erik SAJANTILA, Leon WILLIAMS, Nelson Ellis HASKIN",1,1.4,0,0,0,0,0,0,0,0,0,0,0,0,0,0,0,0,0,0,0,0,0,0.0,0.0,166.7,0.0,166.7,0,0,0,0,0,0,0,0,0,0,0,0,0,0,0,0,0,0,0,0,0,0
Grayson Alexander CARTER,Landstede Hammers,25,Grayson Alexander CARTER,"Boyd VAN DER VUURST, Coen STOLK, Erik SAJANTILA, Leon WILLIAMS",1,1.1,0,0,1,0.0,0,0,0,0,0,0,0,0,0,0,0,0,0,0,1,0,0,0.0,0.0,150.0,100.0,50.0,0.0,0.0,0,0.0,0,0,0,1,0,0,0,0,0,0,0,0,0,0,0,0,0,0
Jalen THOMAS,Landstede Hammers,1,Jalen THOMAS,"Boyd VAN DER VUURST, Coen STOLK, Devin WHITFIELD, Troy Drake DOBBS",1,11.3,6,2,2,100.0,0,0,0,2,2,100.0,2,0,2,1,1,0,0,0,1,2,8,8.0,39.4,113.2,150.1,-36.9,100.0,104.2,50.0,0.0,0,0,0,2,2,100,0,0,0,0,0,0,0,0,0,2,2,2
Jalen THOMAS,Landstede Hammers,1,Jalen THOMAS,"Boyd VAN DER VUURST, Coen STOLK, Devin WHITFIELD, Leon WILLIAMS",1,3.2,2,1,1,100.0,0,0,0,0,0,0,0,1,1,0,0,0,0,0,1,0,2,2.0,28.6,128.6,162.2,-33.6,100.0,100.0,0.0,0.0,1,1,100,0,0,0,0,0,0,0,0,0,0,0,0,0,0,0
Jalen THOMAS,Landstede Hammers,1,Jalen THOMAS,"Boyd VAN DER VUURST, Coen STOLK, Erik SAJANTILA, Leon WILLIAMS",1,2.8,0,0,1,0.0,0,0,0,0,0,0,1,1,2,0,0,0,1,1,1,0,0,0.0,0.0,131.9,51.0,80.9,0.0,0.0,0,50.0,0,0,0,1,0,0,0,0,0,0,0,0,1,0,0,0,0,0
Jalen THOMAS,Landstede Hammers,1,Jalen THOMAS,"Coen STOLK, Devin WHITFIELD, Erik SAJANTILA, Leon WILLIAMS",1,2.7,0,0,0,0,0,0,0,0,0,0,0,0,0,0,0,0,0,2,0,0,0,0.0,0.0,94.5,153.4,-58.9,0,0,0,0,0,0,0,0,0,0,0,0,0,0,0,0,0,0,0,0,0,0
Jalen THOMAS,Landstede Hammers,1,Jalen THOMAS,"Coen STOLK, Devin WHITFIELD, Nelson Ellis HASKIN, Troy Drake DOBBS",1,2.0,0,0,1,0.0,0,1,0.0,0,0,0,0,0,0,0,0,1,0,0,1,0,0,0.0,0.0,66.7,112.2,-45.5,0.0,0.0,0,0.0,0,0,0,0,0,0,0,0,0,0,0,0,0,0,0,0,0,0
Jalen THOMAS,Landstede Hammers,1,Jalen THOMAS,"Coen STOLK, Erik SAJANTILA, Leon WILLIAMS, Nelson Ellis HASKIN",1,1.8,2,1,2,50.0,0,0,0,0,0,0,1,0,1,0,0,0,0,1,1,0,2,2.0,69.9,139.9,133.3,6.5,50.0,50.0,0.0,0.0,0,0,0,2,1,50,0,0,0,0,0,0,0,0,0,2,0,0
Jalen THOMAS,Landstede Hammers,1,Jalen THOMAS,"Coen STOLK, Devin WHITFIELD, Leon WILLIAMS, Troy Drake DOBBS",1,1.6,0,0,0,0,0,0,0,0,0,0,0,1,1,0,0,0,0,0,0,0,0,0.0,0.0,68.3,126.3,-58.1,0,0,0,0,0,0,0,0,0,0,0,0,0,0,0,0,0,0,0,0,0,0
Jalen THOMAS,Landstede Hammers,1,Jalen THOMAS,"Coen STOLK, Erik SAJANTILA, Leon WILLIAMS, Troy Drake DOBBS",1,1.1,0,0,0,0,0,0,0,0,0,0,0,0,0,0,0,0,0,0,0,0,0,0.0,0.0,0.0,212.8,-212.8,0,0,0,0,0,0,0,0,0,0,0,0,0,0,0,0,0,0,0,0,0,0
Leon WILLIAMS,Landstede Hammers,5,Leon WILLIAMS,"Boyd VAN DER VUURST, Coen STOLK, Devin WHITFIELD, Jalen THOMAS",1,3.2,2,1,2,50.0,0,1,0.0,0,0,0,0,0,0,0,0,0,0,1,2,0,2,2.0,28.6,128.6,162.2,-33.6,50.0,50.0,0.0,0.0,0,0,0,1,1,100,0,0,0,0,0,0,0,0,0,0,0,0
Leon WILLIAMS,Landstede Hammers,5,Leon WILLIAMS,"Boyd VAN DER VUURST, Coen STOLK, Erik SAJANTILA, Jalen THOMAS",1,2.8,5,2,3,66.7,1,1,100.0,0,0,0,0,0,0,0,0,0,0,0,3,0,5,5.0,131.9,131.9,51.0,80.9,83.3,83.3,0.0,0.0,0,0,0,2,1,50,0,0,0,0,0,0,0,0,0,3,0,3
Leon WILLIAMS,Landstede Hammers,5,Leon WILLIAMS,"Coen STOLK, Devin WHITFIELD, Erik SAJANTILA, Jalen THOMAS",1,2.7,1,0,0,0,0,0,0,1,2,50.0,0,1,1,0,0,0,1,0,2,0,1,1.0,10.5,94.5,153.4,-58.9,0,56.8,0,53.2,0,0,0,0,0,0,0,0,0,0,0,1,0,0,0,0,0,0
Leon WILLIAMS,Landstede Hammers,5,Leon WILLIAMS,"Boyd VAN DER VUURST, Coen STOLK, Devin WHITFIELD, Grayson Alexander CARTER",1,2.2,0,0,0,0,0,0,0,0,0,0,0,0,0,0,0,0,0,0,0,0,0,0.0,0.0,100.0,60.2,39.8,0,0,0,0,0,0,0,0,0,0,0,0,0,0,0,0,0,0,0,0,0,0
Leon WILLIAMS,Landstede Hammers,5,Leon WILLIAMS,"Boyd VAN DER VUURST, Erik SAJANTILA, Grayson Alexander CARTER, Nelson Ellis HASKIN",1,1.8,2,1,1,100.0,0,0,0,0,0,0,0,0,0,0,0,0,0,0,1,0,2,2.0,50.0,125.0,0,125.0,100.0,100.0,0.0,0.0,0,0,0,1,1,100,0,0,0,0,0,0,0,0,0,0,0,0
Leon WILLIAMS,Landstede Hammers,5,Leon WILLIAMS,"Coen STOLK, Erik SAJANTILA, Jalen THOMAS, Nelson Ellis HASKIN",1,1.8,0,0,0,0,0,0,0,0,0,0,0,0,0,1,0,0,0,0,0,2,2,2.0,69.9,139.9,133.3,6.5,0,0,0,0.0,0,0,0,0,0,0,0,0,0,0,0,0,0,0,0,0,0,0
Leon WILLIAMS,Landstede Hammers,5,Leon WILLIAMS,"Coen STOLK, Devin WHITFIELD, Erik SAJANTILA, Grayson Alexander CARTER",1,1.6,3,1,1,100.0,1,1,100.0,0,0,0,0,0,0,0,0,0,0,1,1,0,3,3.0,75.0,150.0,0.0,150.0,150.0,150.0,0.0,0.0,0,0,0,0,0,0,0,0,0,0,1,0,0,0,0,0,0,3
Leon WILLIAMS,Landstede Hammers,5,Leon WILLIAMS,"Coen STOLK, Devin WHITFIELD, Jalen THOMAS, Troy Drake DOBBS",1,1.6,0,0,0,0,0,0,0,0,0,0,0,0,0,1,0,0,1,0,1,2,2,2.0,68.3,68.3,126.3,-58.1,0,0,0,50.0,0,0,0,0,0,0,0,0,0,0,0,0,1,0,0,0,0,0
Leon WILLIAMS,Landstede Hammers,5,Leon WILLIAMS,"Coen STOLK, Erik SAJANTILA, Grayson Alexander CARTER, Nelson Ellis HASKIN",1,1.4,0,0,0,0,0,0,0,0,0,0,0,1,1,0,0,0,0,0,0,0,0,0.0,0.0,166.7,0.0,166.7,0,0,0,0,0,0,0,0,0,0,0,0,0,0,0,0,0,0,0,0,0,0
Leon WILLIAMS,Landstede Hammers,5,Leon WILLIAMS,"Boyd VAN DER VUURST, Coen STOLK, Erik SAJANTILA, Grayson Alexander CARTER",1,1.1,0,0,0,0,0,0,0,0,0,0,0,0,0,0,0,0,0,0,0,0,0,0.0,0.0,150.0,100.0,50.0,0,0,0,0,0,0,0,0,0,0,0,0,0,0,0,0,0,0,0,0,0,0
Leon WILLIAMS,Landstede Hammers,5,Leon WILLIAMS,"Coen STOLK, Erik SAJANTILA, Jalen THOMAS, Troy Drake DOBBS",1,1.1,0,0,0,0,0,0,0,0,0,0,0,0,0,0,0,0,0,0,0,0,0,0.0,0.0,0.0,212.8,-212.8,0,0,0,0,0,0,0,0,0,0,0,0,0,0,0,0,0,0,0,0,0,0
Nelson Ellis HASKIN,Landstede Hammers,20,Nelson Ellis HASKIN,"Coen STOLK, Devin WHITFIELD, Jalen THOMAS, Troy Drake DOBBS",1,2.0,0,0,0,0,0,0,0,0,0,0,0,1,1,0,0,0,0,1,0,0,0,0.0,0.0,66.7,112.2,-45.5,0,0,0,0,0,0,0,0,0,0,0,0,0,0,0,0,0,0,0,0,0,0
Nelson Ellis HASKIN,Landstede Hammers,20,Nelson Ellis HASKIN,"Boyd VAN DER VUURST, Erik SAJANTILA, Grayson Alexander CARTER, Leon WILLIAMS",1,1.8,0,0,0,0,0,0,0,0,0,0,0,0,0,0,0,2,0,0,0,0,0,0.0,0.0,125.0,0,125.0,0,0,0,0,0,0,0,0,0,0,0,0,0,0,0,0,0,0,0,0,0,0
Nelson Ellis HASKIN,Landstede Hammers,20,Nelson Ellis HASKIN,"Coen STOLK, Erik SAJANTILA, Jalen THOMAS, Leon WILLIAMS",1,1.8,0,0,0,0,0,0,0,0,0,0,0,1,1,0,0,0,0,0,0,0,0,0.0,0.0,139.9,133.3,6.5,0,0,0,0,0,0,0,0,0,0,0,0,0,0,0,0,0,0,0,0,0,0
Nelson Ellis HASKIN,Landstede Hammers,20,Nelson Ellis HASKIN,"Coen STOLK, Erik SAJANTILA, Grayson Alexander CARTER, Leon WILLIAMS",1,1.4,0,0,0,0,0,0,0,0,0,0,0,0,0,0,1,0,0,0,0,0,0,0.0,0.0,166.7,0.0,166.7,0,0,0,0,0,0,0,0,0,0,0,0,0,0,0,0,0,0,0,0,0,0
Troy Drake DOBBS,Landstede Hammers,11,Troy Drake DOBBS,"Boyd VAN DER VUURST, Coen STOLK, Devin WHITFIELD, Jalen THOMAS",1,11.3,6,2,2,100.0,2,2,100.0,0,0,0,0,0,0,2,0,0,5,0,7,5,11,11.0,54.2,113.2,150.1,-36.9,150.0,150.0,100.0,55.6,0,0,0,0,0,0,0,0,0,0,0,3,2,0,0,0,0,0
Troy Drake DOBBS,Landstede Hammers,11,Troy Drake DOBBS,"Boyd VAN DER VUURST, Coen STOLK, Devin WHITFIELD, Grayson Alexander CARTER",1,2.4,3,1,2,50.0,1,2,50.0,0,0,0,0,0,0,0,0,0,0,1,2,0,3,3.0,70.2,187.1,112.6,74.5,75.0,75.0,0.0,0.0,0,0,0,0,0,0,0,0,0,0,0,0,0,0,0,0,0,0
Troy Drake DOBBS,Landstede Hammers,11,Troy Drake DOBBS,"Coen STOLK, Devin WHITFIELD, Jalen THOMAS, Nelson Ellis HASKIN",1,2.0,0,0,0,0,0,0,0,0,0,0,0,0,0,0,0,0,0,0,0,0,0,0.0,0.0,66.7,112.2,-45.5,0,0,0,0,0,0,0,0,0,0,0,0,0,0,0,0,0,0,0,0,0,0
Troy Drake DOBBS,Landstede Hammers,11,Troy Drake DOBBS,"Coen STOLK, Devin WHITFIELD, Jalen THOMAS, Leon WILLIAMS",1,1.6,0,0,1,0.0,0,0,0,0,0,0,0,0,0,0,0,0,0,0,1,0,0,0.0,0.0,68.3,126.3,-58.1,0.0,0.0,0,0.0,0,0,0,1,0,0,0,0,0,0,0,0,0,0,0,0,0,0
Troy Drake DOBBS,Landstede Hammers,11,Troy Drake DOBBS,"Coen STOLK, Erik SAJANTILA, Jalen THOMAS, Leon WILLIAMS",1,1.1,0,0,1,0.0,0,0,0,0,0,0,0,0,0,0,0,0,0,0,1,0,0,0.0,0.0,0.0,212.8,-212.8,0.0,0.0,0,0.0,0,0,0,1,0,0,0,0,0,0,0,0,0,0,0,0,0,0
Dante Jr MADDOX,Okapi Aalst,21,Dante Jr MADDOX,"Eddie COLBERT III, Ivan MARAS, Niels VAN DEN EYNDE, Siebe LEDEGEN",1,12.4,7,2,2,100.0,1,1,100.0,2,2,100.0,0,1,1,0,0,0,1,1,4,0,7,7.0,30.4,143.1,131.5,11.6,125.0,121.5,0.0,25.8,0,0,0,1,1,100,0,0,0,0,0,0,0,0,1,0,5,0
Dante Jr MADDOX,Okapi Aalst,21,Dante Jr MADDOX,"Ivan MARAS, Malcolm CARREIRA KREPS, Niels VAN DEN EYNDE, Ozzy MASSEY",1,3.9,7,2,4,50.0,1,3,33.3,2,2,100.0,0,0,0,0,0,0,0,0,5,0,7,7.0,156.3,267.9,160.0,107.9,62.5,71.7,0.0,0.0,0,0,0,1,1,100,0,0,0,0,0,0,0,0,0,5,0,0
Dante Jr MADDOX,Okapi Aalst,21,Dante Jr MADDOX,"Mattias PALINCKX, Niels VAN DEN EYNDE, Ozzy MASSEY, Siebe LEDEGEN",1,3.3,3,1,1,100.0,1,1,100.0,0,0,0,0,0,0,1,0,0,0,0,1,0,3,3.0,34.2,148.4,95.0,53.4,150.0,150.0,100.0,0.0,0,0,0,0,0,0,0,0,0,0,0,0,0,0,0,0,0,3
Dante Jr MADDOX,Okapi Aalst,21,Dante Jr MADDOX,"Eddie COLBERT III, Mattias PALINCKX, Niels VAN DEN EYNDE, Siebe LEDEGEN",1,2.6,0,0,0,0,0,0,0,0,0,0,0,1,1,0,0,0,0,0,0,0,0,0.0,0.0,73.4,208.3,-134.9,0,0,0,0,0,0,0,0,0,0,0,0,0,0,0,0,0,0,0,0,0,0
Dante Jr MADDOX,Okapi Aalst,21,Dante Jr MADDOX,"Eddie COLBERT III, Jasper UNAL, Joseph ERUKA, Siebe LEDEGEN",1,1.9,0,0,1,0.0,0,0,0,0,0,0,0,0,0,1,0,0,0,0,1,3,3,3.0,89.7,209.3,50.0,159.3,0.0,0.0,0,0.0,0,0,0,1,0,0,0,0,0,0,0,0,0,0,0,0,0,0
Dante Jr MADDOX,Okapi Aalst,21,Dante Jr MADDOX,"Eddie COLBERT III, Glenn TEMMERMAN, Ivan MARAS, Niels VAN DEN EYNDE",1,1.7,0,0,0,0,0,0,0,0,0,0,0,0,0,0,0,0,0,0,0,0,0,0.0,0.0,178.1,150.0,28.1,0,0,0,0,0,0,0,0,0,0,0,0,0,0,0,0,0,0,0,0,0,0
Dante Jr MADDOX,Okapi Aalst,21,Dante Jr MADDOX,"Eddie COLBERT III, Joseph ERUKA, Niels VAN DEN EYNDE, Siebe LEDEGEN",1,1.5,2,1,1,100.0,0,0,0,0,0,0,0,0,0,0,0,0,0,0,1,0,2,2.0,50.0,50.0,75.0,-25.0,100.0,100.0,0.0,0.0,1,1,100,0,0,0,0,0,0,0,0,0,0,0,0,0,2,0
Dante Jr MADDOX,Okapi Aalst,21,Dante Jr MADDOX,"Eddie COLBERT III, Jasper UNAL, Malcolm CARREIRA KREPS, Mattias PALINCKX",1,1.4,0,0,0,0,0,0,0,0,0,0,0,0,0,0,0,0,0,0,0,0,0,0.0,0.0,71.2,0.0,71.2,0,0,0,0,0,0,0,0,0,0,0,0,0,0,0,0,0,0,0,0,0,0
Dante Jr MADDOX,Okapi Aalst,21,Dante Jr MADDOX,"Eddie COLBERT III, Ivan MARAS, Malcolm CARREIRA KREPS, Niels VAN DEN EYNDE",1,1.2,1,0,0,0,0,0,0,1,1,100.0,0,0,0,0,0,0,0,0,0,0,1,1.0,41.0,245.9,0.0,245.9,0,113.6,0,0.0,0,0,0,0,0,0,0,0,0,0,0,0,0,0,0,0,1,1
Eddie COLBERT III,Okapi Aalst,0,Eddie COLBERT III,"Dante Jr MADDOX, Ivan MARAS, Niels VAN DEN EYNDE, Siebe LEDEGEN",1,12.4,0,0,3,0.0,0,1,0.0,0,0,0,1,5,6,1,0,1,1,0,3,3,3,3.0,13.0,143.1,131.5,11.6,0.0,0.0,0,20.0,0,0,0,2,0,0,0,0,0,0,0,0,1,0,0,0,0,0
Eddie COLBERT III,Okapi Aalst,0,Eddie COLBERT III,"Ivan MARAS, Malcolm CARREIRA KREPS, Niels VAN DEN EYNDE, Siebe LEDEGEN",1,3.7,8,3,5,60.0,1,2,50.0,1,1,100.0,1,0,1,0,0,0,0,1,4,0,8,8.0,109.6,137.0,114.3,22.7,70.0,73.5,0.0,0.0,0,0,0,3,2,66.7,0,0,0,0,0,0,0,0,0,5,2,3
Eddie COLBERT III,Okapi Aalst,0,Eddie COLBERT III,"Dante Jr MADDOX, Mattias PALINCKX, Niels VAN DEN EYNDE, Siebe LEDEGEN",1,2.6,3,1,2,50.0,0,0,0,1,2,50.0,1,0,1,0,0,0,1,0,3,0,3,3.0,44.1,73.4,208.3,-134.9,50.0,52.1,0.0,25.8,1,1,100,1,0,0,0,0,0,0,0,0,1,0,0,0,2,1
Eddie COLBERT III,Okapi Aalst,0,Eddie COLBERT III,"Jasper UNAL, Joseph ERUKA, Malcolm CARREIRA KREPS, Niels VAN DEN EYNDE",1,2.4,0,0,2,0.0,0,1,0.0,0,0,0,0,0,0,0,1,0,1,1,3,0,0,0.0,0.0,58.1,88.8,-30.6,0.0,0.0,0,33.3,0,0,0,1,0,0,0,0,0,0,0,0,0,0,1,0,0,0
Eddie COLBERT III,Okapi Aalst,0,Eddie COLBERT III,"Dante Jr MADDOX, Jasper UNAL, Joseph ERUKA, Siebe LEDEGEN",1,1.9,4,1,1,100.0,1,1,100.0,1,2,50.0,0,0,0,0,0,0,0,0,2,0,4,4.0,119.6,209.3,50.0,159.3,150.0,106.4,0.0,0.0,0,0,0,0,0,0,0,0,0,0,0,0,0,0,0,0,0,0
Eddie COLBERT III,Okapi Aalst,0,Eddie COLBERT III,"Dante Jr MADDOX, Glenn TEMMERMAN, Ivan MARAS, Niels VAN DEN EYNDE",1,1.7,3,1,1,100.0,1,1,100.0,0,0,0,0,0,0,0,0,0,0,0,1,0,3,3.0,76.3,178.1,150.0,28.1,150.0,150.0,0.0,0.0,0,0,0,0,0,0,0,0,0,0,0,0,0,0,0,0,0,0
Eddie COLBERT III,Okapi Aalst,0,Eddie COLBERT III,"Dante Jr MADDOX, Joseph ERUKA, Niels VAN DEN EYNDE, Siebe LEDEGEN",1,1.5,0,0,0,0,0,0,0,0,0,0,0,0,0,0,0,0,0,0,0,0,0,0.0,0.0,50.0,75.0,-25.0,0,0,0,0,0,0,0,0,0,0,0,0,0,0,0,0,0,0,0,0,0,0
Eddie COLBERT III,Okapi Aalst,0,Eddie COLBERT III,"Dante Jr MADDOX, Jasper UNAL, Malcolm CARREIRA KREPS, Mattias PALINCKX",1,1.4,2,0,1,0.0,0,1,0.0,2,2,100.0,0,0,0,0,1,0,0,0,2,0,2,2.0,71.2,71.2,0.0,71.2,0.0,53.2,0,0.0,0,0,0,0,0,0,0,0,0,0,0,0,0,0,0,0,0,2
Eddie COLBERT III,Okapi Aalst,0,Eddie COLBERT III,"Dante Jr MADDOX, Ivan MARAS, Malcolm CARREIRA KREPS, Niels VAN DEN EYNDE",1,1.2,3,1,1,100.0,1,1,100.0,0,0,0,0,0,0,0,0,0,0,0,1,0,3,3.0,123.0,245.9,0.0,245.9,150.0,150.0,0.0,0.0,0,0,0,0,0,0,0,0,0,0,1,0,0,0,0,0,0,3
Glenn TEMMERMAN,Okapi Aalst,6,Glenn TEMMERMAN,"Dante Jr MADDOX, Eddie COLBERT III, Ivan MARAS, Niels VAN DEN EYNDE",1,1.7,0,0,1,0.0,0,1,0.0,0,0,0,0,0,0,0,0,0,0,0,1,0,0,0.0,0.0,178.1,150.0,28.1,0.0,0.0,0,0.0,0,0,0,0,0,0,0,0,0,0,0,0,0,0,0,0,0,0
Ivan MARAS,Okapi Aalst,3,Ivan MARAS,"Dante Jr MADDOX, Eddie COLBERT III, Niels VAN DEN EYNDE, Siebe LEDEGEN",1,12.4,9,4,5,80.0,0,1,0.0,1,1,100.0,1,1,2,2,0,0,3,3,7,4,13,13.0,56.4,143.1,131.5,11.6,80.0,82.7,50.0,28.7,0,0,0,4,4,100,0,0,0,0,0,0,3,0,0,2,2,0
Ivan MARAS,Okapi Aalst,3,Ivan MARAS,"Dante Jr MADDOX, Malcolm CARREIRA KREPS, Niels VAN DEN EYNDE, Ozzy MASSEY",1,3.9,0,0,1,0.0,0,1,0.0,0,0,0,1,0,1,1,0,0,0,0,0,3,3,3.0,67.0,267.9,160.0,107.9,0.0,0.0,0,0.0,0,0,0,0,0,0,0,0,0,0,0,0,0,0,0,0,0,0
Ivan MARAS,Okapi Aalst,3,Ivan MARAS,"Eddie COLBERT III, Malcolm CARREIRA KREPS, Niels VAN DEN EYNDE, Siebe LEDEGEN",1,3.7,0,0,1,0.0,0,0,0,0,0,0,0,1,1,0,0,0,0,0,1,0,0,0.0,0.0,137.0,114.3,22.7,0.0,0.0,0,0.0,0,0,0,1,0,0,0,0,0,0,0,0,0,0,0,0,0,0
Ivan MARAS,Okapi Aalst,3,Ivan MARAS,"Dante Jr MADDOX, Eddie COLBERT III, Glenn TEMMERMAN, Niels VAN DEN EYNDE",1,1.7,0,0,0,0,0,0,0,0,0,0,0,0,0,0,0,0,0,0,0,0,0,0.0,0.0,178.1,150.0,28.1,0,0,0,0,0,0,0,0,0,0,0,0,0,0,0,0,0,0,0,0,0,0
Ivan MARAS,Okapi Aalst,3,Ivan MARAS,"Dante Jr MADDOX, Eddie COLBERT III, Malcolm CARREIRA KREPS, Niels VAN DEN EYNDE",1,1.2,2,1,1,100.0,0,0,0,0,0,0,0,0,0,0,1,0,0,1,1,0,2,2.0,82.0,245.9,0.0,245.9,100.0,100.0,0.0,0.0,0,0,0,1,1,100,0,0,0,0,0,0,0,0,0,0,2,2
Jasper UNAL,Okapi Aalst,4,Jasper UNAL,"Eddie COLBERT III, Joseph ERUKA, Malcolm CARREIRA KREPS, Niels VAN DEN EYNDE",1,2.4,0,0,0,0,0,0,0,0,0,0,0,0,0,0,0,0,0,0,0,0,0,0.0,0.0,58.1,88.8,-30.6,0,0,0,0,0,0,0,0,0,0,0,0,0,0,0,0,0,0,0,0,0,0
Jasper UNAL,Okapi Aalst,4,Jasper UNAL,"Dante Jr MADDOX, Eddie COLBERT III, Joseph ERUKA, Siebe LEDEGEN",1,1.9,0,0,0,0,0,0,0,0,0,0,0,2,2,0,0,0,0,0,0,0,0,0.0,0.0,209.3,50.0,159.3,0,0,0,0,0,0,0,0,0,0,0,0,0,0,0,0,0,0,0,0,0,0
Jasper UNAL,Okapi Aalst,4,Jasper UNAL,"Dante Jr MADDOX, Eddie COLBERT III, Malcolm CARREIRA KREPS, Mattias PALINCKX",1,1.4,0,0,0,0,0,0,0,0,0,0,0,0,0,0,0,0,1,0,1,0,0,0.0,0.0,71.2,0.0,71.2,0,0,0,100.0,0,0,0,0,0,0,0,0,0,0,0,1,0,0,0,0,0,0
Joseph ERUKA,Okapi Aalst,12,Joseph ERUKA,"Eddie COLBERT III, Jasper UNAL, Malcolm CARREIRA KREPS, Niels VAN DEN EYNDE",1,2.4,0,0,0,0,0,0,0,0,0,0,0,1,1,0,0,0,1,1,1,0,0,0.0,0.0,58.1,88.8,-30.6,0,0,0,100.0,0,0,0,0,0,0,0,0,0,0,0,1,0,0,0,0,0,0
Joseph ERUKA,Okapi Aalst,12,Joseph ERUKA,"Dante Jr MADDOX, Eddie COLBERT III, Jasper UNAL, Siebe LEDEGEN",1,1.9,0,0,0,0,0,0,0,0,0,0,0,0,0,0,0,0,0,0,0,0,0,0.0,0.0,209.3,50.0,159.3,0,0,0,0,0,0,0,0,0,0,0,0,0,0,0,0,0,0,0,0,0,0
Joseph ERUKA,Okapi Aalst,12,Joseph ERUKA,"Dante Jr MADDOX, Eddie COLBERT III, Niels VAN DEN EYNDE, Siebe LEDEGEN",1,1.5,0,0,0,0,0,0,0,0,0,0,0,1,1,0,0,0,0,0,0,0,0,0.0,0.0,50.0,75.0,-25.0,0,0,0,0,0,0,0,0,0,0,0,0,0,0,0,0,0,0,0,0,0,0
Malcolm CARREIRA KREPS,Okapi Aalst,18,Malcolm CARREIRA KREPS,"Dante Jr MADDOX, Ivan MARAS, Niels VAN DEN EYNDE, Ozzy MASSEY",1,3.9,3,1,1,100.0,1,1,100.0,0,0,0,0,0,0,0,0,0,0,0,1,0,3,3.0,67.0,267.9,160.0,107.9,150.0,150.0,0.0,0.0,0,0,0,0,0,0,0,0,0,0,0,0,0,0,0,3,0,0
Malcolm CARREIRA KREPS,Okapi Aalst,18,Malcolm CARREIRA KREPS,"Eddie COLBERT III, Ivan MARAS, Niels VAN DEN EYNDE, Siebe LEDEGEN",1,3.7,0,0,0,0,0,0,0,0,0,0,0,0,0,0,0,0,0,0,0,0,0,0.0,0.0,137.0,114.3,22.7,0,0,0,0,0,0,0,0,0,0,0,0,0,0,0,0,0,0,0,0,0,0
Malcolm CARREIRA KREPS,Okapi Aalst,18,Malcolm CARREIRA KREPS,"Eddie COLBERT III, Jasper UNAL, Joseph ERUKA, Niels VAN DEN EYNDE",1,2.4,0,0,0,0,0,0,0,0,0,0,0,0,0,0,0,0,0,0,0,0,0,0.0,0.0,58.1,88.8,-30.6,0,0,0,0,0,0,0,0,0,0,0,0,0,0,0,0,0,0,0,0,0,0
Malcolm CARREIRA KREPS,Okapi Aalst,18,Malcolm CARREIRA KREPS,"Dante Jr MADDOX, Eddie COLBERT III, Jasper UNAL, Mattias PALINCKX",1,1.4,0,0,0,0,0,0,0,0,0,0,1,0,1,0,0,1,1,0,0,0,0,0.0,0.0,71.2,0.0,71.2,0,0,0,100.0,0,0,0,0,0,0,0,0,0,0,0,0,1,0,0,0,0,0
Malcolm CARREIRA KREPS,Okapi Aalst,18,Malcolm CARREIRA KREPS,"Dante Jr MADDOX, Eddie COLBERT III, Ivan MARAS, Niels VAN DEN EYNDE",1,1.2,0,0,0,0,0,0,0,0,0,0,0,0,0,0,0,0,0,0,0,0,0,0.0,0.0,245.9,0.0,245.9,0,0,0,0,0,0,0,0,0,0,0,0,0,0,0,0,0,0,0,0,0,0
Mattias PALINCKX,Okapi Aalst,15,Mattias PALINCKX,"Dante Jr MADDOX, Niels VAN DEN EYNDE, Ozzy MASSEY, Siebe LEDEGEN",1,3.3,2,0,0,0,0,0,0,2,2,100.0,0,1,1,1,0,0,0,0,1,3,5,5.0,57.1,148.4,95.0,53.4,0,113.6,0,0.0,0,0,0,0,0,0,0,0,0,0,0,0,0,0,0,0,0,0
Mattias PALINCKX,Okapi Aalst,15,Mattias PALINCKX,"Dante Jr MADDOX, Eddie COLBERT III, Niels VAN DEN EYNDE, Siebe LEDEGEN",1,2.6,0,0,1,0.0,0,0,0,0,0,0,0,1,1,0,0,0,1,5,2,0,0,0.0,0.0,73.4,208.3,-134.9,0.0,0.0,0,50.0,0,0,0,1,0,0,0,0,0,0,0,0,0,0,0,0,0,0
Mattias PALINCKX,Okapi Aalst,15,Mattias PALINCKX,"Dante Jr MADDOX, Eddie COLBERT III, Jasper UNAL, Malcolm CARREIRA KREPS",1,1.4,0,0,0,0,0,0,0,0,0,0,0,0,0,1,0,0,0,1,0,0,0,0.0,0.0,71.2,0.0,71.2,0,0,0,0.0,0,0,0,0,0,0,0,0,0,0,0,0,0,0,0,0,0,0
Niels VAN DEN EYNDE,Okapi Aalst,9,Niels VAN DEN EYNDE,"Dante Jr MADDOX, Eddie COLBERT III, Ivan MARAS, Siebe LEDEGEN",1,12.4,6,2,3,66.7,0,0,0,2,2,100.0,0,1,1,3,0,0,0,1,4,7,13,13.0,56.4,143.1,131.5,11.6,66.7,77.3,150.0,0.0,0,0,0,3,2,66.7,0,0,0,0,0,0,0,0,0,0,2,0
Niels VAN DEN EYNDE,Okapi Aalst,9,Niels VAN DEN EYNDE,"Dante Jr MADDOX, Ivan MARAS, Malcolm CARREIRA KREPS, Ozzy MASSEY",1,3.9,0,0,0,0,0,0,0,0,0,0,1,1,2,0,0,0,0,0,0,0,0,0.0,0.0,267.9,160.0,107.9,0,0,0,0,0,0,0,0,0,0,0,0,0,0,0,0,0,0,0,0,0,0
Niels VAN DEN EYNDE,Okapi Aalst,9,Niels VAN DEN EYNDE,"Eddie COLBERT III, Ivan MARAS, Malcolm CARREIRA KREPS, Siebe LEDEGEN",1,3.7,0,0,1,0.0,0,1,0.0,0,0,0,0,1,1,1,1,0,0,0,1,3,3,3.0,41.1,137.0,114.3,22.7,0.0,0.0,0,0.0,0,0,0,0,0,0,0,0,0,0,0,0,0,0,0,0,0,0
Niels VAN DEN EYNDE,Okapi Aalst,9,Niels VAN DEN EYNDE,"Dante Jr MADDOX, Mattias PALINCKX, Ozzy MASSEY, Siebe LEDEGEN",1,3.3,4,1,2,50.0,0,0,0,2,2,100.0,0,1,1,0,2,0,1,0,4,0,4,4.0,45.7,148.4,95.0,53.4,50.0,69.4,0.0,25.8,0,0,0,2,1,50,0,0,0,0,0,1,0,0,0,0,4,2
Niels VAN DEN EYNDE,Okapi Aalst,9,Niels VAN DEN EYNDE,"Dante Jr MADDOX, Eddie COLBERT III, Mattias PALINCKX, Siebe LEDEGEN",1,2.6,2,1,1,100.0,0,0,0,0,0,0,0,0,0,1,0,0,0,0,1,2,4,4.0,58.7,73.4,208.3,-134.9,100.0,100.0,100.0,0.0,0,0,0,1,1,100,0,0,0,0,0,0,0,0,0,0,0,0
Niels VAN DEN EYNDE,Okapi Aalst,9,Niels VAN DEN EYNDE,"Eddie COLBERT III, Jasper UNAL, Joseph ERUKA, Malcolm CARREIRA KREPS",1,2.4,4,1,1,100.0,0,0,0,2,2,100.0,0,1,1,0,0,0,1,0,3,0,4,4.0,58.1,58.1,88.8,-30.6,100.0,106.4,0.0,34.7,0,0,0,1,1,100,0,0,0,0,0,1,0,0,0,2,2,0
Niels VAN DEN EYNDE,Okapi Aalst,9,Niels VAN DEN EYNDE,"Dante Jr MADDOX, Eddie COLBERT III, Glenn TEMMERMAN, Ivan MARAS",1,1.7,4,2,3,66.7,0,1,0.0,0,0,0,1,0,1,1,0,0,0,0,2,3,7,7.0,178.1,178.1,150.0,28.1,66.7,66.7,50.0,0.0,0,0,0,2,2,100,0,0,0,0,0,0,0,0,0,2,0,0
Niels VAN DEN EYNDE,Okapi Aalst,9,Niels VAN DEN EYNDE,"Dante Jr MADDOX, Eddie COLBERT III, Joseph ERUKA, Siebe LEDEGEN",1,1.5,0,0,1,0.0,0,1,0.0,0,0,0,0,0,0,0,0,0,0,0,1,0,0,0.0,0.0,50.0,75.0,-25.0,0.0,0.0,0,0.0,0,0,0,0,0,0,0,0,0,0,0,0,0,0,0,0,0,0
Niels VAN DEN EYNDE,Okapi Aalst,9,Niels VAN DEN EYNDE,"Dante Jr MADDOX, Eddie COLBERT III, Ivan MARAS, Malcolm CARREIRA KREPS",1,1.2,0,0,0,0,0,0,0,0,0,0,0,0,0,0,0,0,0,0,0,0,0,0.0,0.0,245.9,0.0,245.9,0,0,0,0,0,0,0,0,0,0,0,0,0,0,0,0,0,0,0,0,0,0
Ozzy MASSEY,Okapi Aalst,11,Ozzy MASSEY,"Dante Jr MADDOX, Ivan MARAS, Malcolm CARREIRA KREPS, Niels VAN DEN EYNDE",1,3.9,2,0,1,0.0,0,1,0.0,2,2,100.0,1,0,1,1,0,1,0,0,1,3,5,5.0,111.6,267.9,160.0,107.9,0.0,53.2,0,0.0,0,0,0,0,0,0,0,0,0,0,0,0,0,0,0,0,0,0
Ozzy MASSEY,Okapi Aalst,11,Ozzy MASSEY,"Dante Jr MADDOX, Mattias PALINCKX, Niels VAN DEN EYNDE, Siebe LEDEGEN",1,3.3,2,1,1,100.0,0,0,0,0,0,0,0,0,0,0,0,0,1,1,2,0,2,2.0,22.8,148.4,95.0,53.4,100.0,100.0,0.0,50.0,0,0,0,1,1,100,0,0,0,0,0,1,0,0,0,0,0,0
Siebe LEDEGEN,Okapi Aalst,10,Siebe LEDEGEN,"Dante Jr MADDOX, Eddie COLBERT III, Ivan MARAS, Niels VAN DEN EYNDE",1,12.4,11,5,5,100.0,1,1,100.0,0,0,0,0,2,2,0,0,0,0,2,5,0,11,11.0,47.7,143.1,131.5,11.6,110.0,110.0,0.0,0.0,1,1,100,3,3,100,0,0,0,0,0,0,0,0,0,0,2,0
Siebe LEDEGEN,Okapi Aalst,10,Siebe LEDEGEN,"Eddie COLBERT III, Ivan MARAS, Malcolm CARREIRA KREPS, Niels VAN DEN EYNDE",1,3.7,2,1,2,50.0,0,1,0.0,0,0,0,1,0,1,0,0,0,0,0,1,0,2,2.0,27.4,137.0,114.3,22.7,50.0,50.0,0.0,0.0,0,0,0,1,1,100,0,0,0,0,0,0,0,0,0,0,0,0
Siebe LEDEGEN,Okapi Aalst,10,Siebe LEDEGEN,"Dante Jr MADDOX, Mattias PALINCKX, Niels VAN DEN EYNDE, Ozzy MASSEY",1,3.3,2,1,1,100.0,0,0,0,0,0,0,0,1,1,0,0,0,0,0,1,0,2,2.0,22.8,148.4,95.0,53.4,100.0,100.0,0.0,0.0,0,0,0,1,1,100,0,0,0,0,0,0,0,0,0,0,2,0
Siebe LEDEGEN,Okapi Aalst,10,Siebe LEDEGEN,"Dante Jr MADDOX, Eddie COLBERT III, Mattias PALINCKX, Niels VAN DEN EYNDE",1,2.6,0,0,1,0.0,0,1,0.0,0,0,0,0,0,0,0,0,0,0,0,1,0,0,0.0,0.0,73.4,208.3,-134.9,0.0,0.0,0,0.0,0,0,0,0,0,0,0,0,0,0,0,0,0,0,0,0,0,0
Siebe LEDEGEN,Okapi Aalst,10,Siebe LEDEGEN,"Dante Jr MADDOX, Eddie COLBERT III, Jasper UNAL, Joseph ERUKA",1,1.9,3,1,1,100.0,1,1,100.0,0,0,0,0,0,0,1,0,0,0,0,1,3,6,6.0,179.4,209.3,50.0,159.3,150.0,150.0,100.0,0.0,0,0,0,0,0,0,0,0,0,0,0,0,0,0,0,0,0,0
Siebe LEDEGEN,Okapi Aalst,10,Siebe LEDEGEN,"Dante Jr MADDOX, Eddie COLBERT III, Joseph ERUKA, Niels VAN DEN EYNDE",1,1.5,0,0,2,0.0,0,1,0.0,0,0,0,0,1,1,0,0,0,0,0,2,0,0,0.0,0.0,50.0,75.0,-25.0,0.0,0.0,0,0.0,1,0,0,0,0,0,0,0,0,0,0,0,0,0,0,0,0,0
Gido NANNINGA,PrismaWorx BAL,10,Gido NANNINGA,"Kenyuoe ONDAAN, Kjell DE GRAAF, Roel VAN OVERBEEK, Romano SIBILO",1,2.8,0,0,0,0,0,0,0,0,0,0,0,0,0,0,0,0,0,0,0,0,0,0.0,0.0,101.5,71.4,30.1,0,0,0,0,0,0,0,0,0,0,0,0,0,0,0,0,0,0,0,0,0,0
Kara SENE,PrismaWorx BAL,81,Kara SENE,"Kenyuoe ONDAAN, Milo HAUTEKEET, Niels VAN HOLST, Roel VAN OVERBEEK",1,2.7,2,1,1,100.0,0,0,0,0,0,0,0,2,2,0,0,0,0,0,1,0,2,2.0,40.0,160.0,188.2,-28.2,100.0,100.0,0.0,0.0,0,0,0,1,1,100,0,0,0,0,0,0,0,0,0,0,2,0
Kara SENE,PrismaWorx BAL,81,Kara SENE,"Lon LICAN, Milo HAUTEKEET, Niels VAN HOLST, Roel VAN OVERBEEK",1,2.5,0,0,1,0.0,0,1,0.0,0,0,0,0,0,0,0,0,0,0,0,1,0,0,0.0,0.0,0.0,187.2,-187.2,0.0,0.0,0,0.0,0,0,0,0,0,0,0,0,0,0,0,0,0,0,0,0,0,0
Kara SENE,PrismaWorx BAL,81,Kara SENE,"Milo HAUTEKEET, Roel VAN OVERBEEK, Romano SIBILO, Ryan MUHR",1,1.5,2,1,1,100.0,0,0,0,0,0,0,0,0,0,0,0,0,0,0,1,0,2,2.0,100.0,100.0,243.1,-143.1,100.0,100.0,0.0,0.0,0,0,0,1,1,100,0,0,0,0,0,0,0,0,0,0,0,0
Kenyuoe ONDAAN,PrismaWorx BAL,7,Kenyuoe ONDAAN,"Kjell DE GRAAF, Niels VAN HOLST, Roel VAN OVERBEEK, Romano SIBILO",1,5.8,2,0,2,0.0,0,1,0.0,2,2,100.0,0,0,0,1,0,0,1,0,4,3,5,5.0,50.9,162.8,121.4,41.4,0.0,34.7,0,20.5,0,0,0,1,0,0,0,0,0,0,0,0,1,0,0,2,0,0
Kenyuoe ONDAAN,PrismaWorx BAL,7,Kenyuoe ONDAAN,"Kjell DE GRAAF, Niels VAN HOLST, Roel VAN OVERBEEK, Ryan MUHR",1,5.0,2,1,2,50.0,0,1,0.0,0,0,0,0,0,0,2,0,0,1,0,3,5,7,7.0,78.4,134.4,139.1,-4.7,50.0,50.0,200.0,20.0,0,0,0,1,1,100,0,0,0,0,0,0,0,0,1,0,0,0
Kenyuoe ONDAAN,PrismaWorx BAL,7,Kenyuoe ONDAAN,"Kjell DE GRAAF, Roel VAN OVERBEEK, Romano SIBILO, Ryan MUHR",1,4.0,0,0,4,0.0,0,3,0.0,0,0,0,0,1,1,2,0,0,0,0,4,6,6,6.0,63.1,94.6,100.4,-5.8,0.0,0.0,0,0.0,0,0,0,1,0,0,0,0,0,0,0,0,0,0,0,0,0,0
Kenyuoe ONDAAN,PrismaWorx BAL,7,Kenyuoe ONDAAN,"Kjell DE GRAAF, Lon LICAN, Roel VAN OVERBEEK, Ryan MUHR",1,3.6,2,1,1,100.0,0,0,0,0,0,0,0,0,0,0,0,0,0,1,1,0,2,2.0,40.0,160.0,200.6,-40.6,100.0,100.0,0.0,0.0,0,0,0,1,1,100,0,0,0,0,0,0,0,0,0,0,0,2
Kenyuoe ONDAAN,PrismaWorx BAL,7,Kenyuoe ONDAAN,"Gido NANNINGA, Kjell DE GRAAF, Roel VAN OVERBEEK, Romano SIBILO",1,2.8,5,2,3,66.7,1,2,50.0,0,0,0,0,0,0,0,1,0,0,0,3,0,5,5.0,63.5,101.5,71.4,30.1,83.3,83.3,0.0,0.0,0,0,0,1,1,100,0,0,0,0,0,0,0,0,0,0,2,2
Kenyuoe ONDAAN,PrismaWorx BAL,7,Kenyuoe ONDAAN,"Kara SENE, Milo HAUTEKEET, Niels VAN HOLST, Roel VAN OVERBEEK",1,2.7,2,1,1,100.0,0,0,0,0,0,0,0,0,0,0,0,0,1,0,2,0,2,2.0,40.0,160.0,188.2,-28.2,100.0,100.0,0.0,50.0,0,0,0,1,1,100,0,0,0,0,0,1,0,0,0,0,0,0
Kenyuoe ONDAAN,PrismaWorx BAL,7,Kenyuoe ONDAAN,"Kjell DE GRAAF, Lon LICAN, Niels VAN HOLST, Ryan MUHR",1,2.1,0,0,1,0.0,0,1,0.0,0,0,0,0,0,0,0,0,0,0,0,1,0,0,0.0,0.0,41.2,116.1,-75.0,0.0,0.0,0,0.0,0,0,0,0,0,0,0,0,0,0,0,0,0,0,0,0,0,0
Kenyuoe ONDAAN,PrismaWorx BAL,7,Kenyuoe ONDAAN,"Kjell DE GRAAF, Lon LICAN, Romano SIBILO, Ryan MUHR",1,1.8,2,1,2,50.0,0,0,0,0,0,0,0,0,0,0,0,0,0,0,2,0,2,2.0,66.7,66.7,233.3,-166.7,50.0,50.0,0.0,0.0,0,0,0,2,1,50,0,0,0,0,0,0,0,0,0,0,2,0
Kenyuoe ONDAAN,PrismaWorx BAL,7,Kenyuoe ONDAAN,"Lon LICAN, Milo HAUTEKEET, Roel VAN OVERBEEK, Ryan MUHR",1,1.6,0,0,0,0,0,0,0,0,0,0,0,1,1,0,0,0,0,1,0,0,0,0.0,0.0,103.1,41.0,62.1,0,0,0,0,0,0,0,0,0,0,0,0,0,0,0,0,0,0,0,0,0,0
Kenyuoe ONDAAN,PrismaWorx BAL,7,Kenyuoe ONDAAN,"Kjell DE GRAAF, Lon LICAN, Niels VAN HOLST, Roel VAN OVERBEEK",1,1.3,0,0,0,0,0,0,0,0,0,0,0,0,0,0,0,0,0,0,0,0,0,0.0,0.0,66.7,217.4,-150.7,0,0,0,0,0,0,0,0,0,0,0,0,0,0,0,0,0,0,0,0,0,0
Kjell DE GRAAF,PrismaWorx BAL,33,Kjell DE GRAAF,"Kenyuoe ONDAAN, Niels VAN HOLST, Roel VAN OVERBEEK, Romano SIBILO",1,5.8,5,1,3,33.3,1,1,100.0,2,2,100.0,1,0,1,1,0,0,1,0,4,0,5,5.0,50.9,162.8,121.4,41.4,50.0,64.4,100.0,17.0,0,0,0,2,0,0,0,0,0,0,0,0,1,0,0,2,5,0
Kjell DE GRAAF,PrismaWorx BAL,33,Kjell DE GRAAF,"Kenyuoe ONDAAN, Niels VAN HOLST, Roel VAN OVERBEEK, Ryan MUHR",1,5.0,3,1,1,100.0,1,1,100.0,0,0,0,0,0,0,0,0,0,0,0,1,0,3,3.0,33.6,134.4,139.1,-4.7,150.0,150.0,0.0,0.0,0,0,0,0,0,0,0,0,0,0,0,0,0,0,0,0,0,0
Kjell DE GRAAF,PrismaWorx BAL,33,Kjell DE GRAAF,"Kenyuoe ONDAAN, Roel VAN OVERBEEK, Romano SIBILO, Ryan MUHR",1,4.0,2,0,0,0,0,0,0,2,2,100.0,1,0,1,0,0,0,0,0,0,0,2,2.0,21.0,94.6,100.4,-5.8,0,113.6,0,0.0,0,0,0,0,0,0,0,0,0,0,0,0,0,0,0,2,0,0
Kjell DE GRAAF,PrismaWorx BAL,33,Kjell DE GRAAF,"Kenyuoe ONDAAN, Lon LICAN, Roel VAN OVERBEEK, Ryan MUHR",1,3.6,3,1,2,50.0,1,1,100.0,0,0,0,0,0,0,1,0,0,0,0,2,3,6,6.0,120.0,160.0,200.6,-40.6,75.0,75.0,100.0,0.0,0,0,0,1,0,0,0,0,0,0,0,0,0,0,0,0,0,0
Kjell DE GRAAF,PrismaWorx BAL,33,Kjell DE GRAAF,"Gido NANNINGA, Kenyuoe ONDAAN, Roel VAN OVERBEEK, Romano SIBILO",1,2.8,1,0,1,0.0,0,0,0,1,2,50.0,0,1,1,1,0,0,0,0,2,2,3,3.0,38.1,101.5,71.4,30.1,0.0,26.6,0,0.0,0,0,0,1,0,0,0,0,0,0,0,0,0,0,0,0,0,0
Kjell DE GRAAF,PrismaWorx BAL,33,Kjell DE GRAAF,"Kenyuoe ONDAAN, Lon LICAN, Niels VAN HOLST, Ryan MUHR",1,2.1,0,0,2,0.0,0,1,0.0,0,0,0,0,0,0,0,0,0,0,0,2,0,0,0.0,0.0,41.2,116.1,-75.0,0.0,0.0,0,0.0,0,0,0,1,0,0,0,0,0,0,0,0,0,0,0,0,0,0
Kjell DE GRAAF,PrismaWorx BAL,33,Kjell DE GRAAF,"Kenyuoe ONDAAN, Lon LICAN, Romano SIBILO, Ryan MUHR",1,1.8,0,0,0,0,0,0,0,0,0,0,0,0,0,0,0,0,0,0,0,0,0,0.0,0.0,66.7,233.3,-166.7,0,0,0,0,0,0,0,0,0,0,0,0,0,0,0,0,0,0,0,0,0,0
Kjell DE GRAAF,PrismaWorx BAL,33,Kjell DE GRAAF,"Kenyuoe ONDAAN, Lon LICAN, Niels VAN HOLST, Roel VAN OVERBEEK",1,1.3,0,0,0,0,0,0,0,0,0,0,0,0,0,0,0,0,0,1,0,0,0,0.0,0.0,66.7,217.4,-150.7,0,0,0,0,0,0,0,0,0,0,0,0,0,0,0,0,0,0,0,0,0,0
Lon LICAN,PrismaWorx BAL,13,Lon LICAN,"Kenyuoe ONDAAN, Kjell DE GRAAF, Roel VAN OVERBEEK, Ryan MUHR",1,3.6,3,1,1,100.0,1,1,100.0,0,0,0,0,0,0,0,0,0,0,1,1,0,3,3.0,60.0,160.0,200.6,-40.6,150.0,150.0,0.0,0.0,0,0,0,0,0,0,0,0,0,0,0,0,0,0,0,0,0,0
Lon LICAN,PrismaWorx BAL,13,Lon LICAN,"Kara SENE, Milo HAUTEKEET, Niels VAN HOLST, Roel VAN OVERBEEK",1,2.5,0,0,1,0.0,0,0,0,0,0,0,0,0,0,0,0,0,0,0,1,0,0,0.0,0.0,0.0,187.2,-187.2,0.0,0.0,0,0.0,0,0,0,1,0,0,0,0,0,0,0,0,0,0,0,0,0,0
Lon LICAN,PrismaWorx BAL,13,Lon LICAN,"Kenyuoe ONDAAN, Kjell DE GRAAF, Niels VAN HOLST, Ryan MUHR",1,2.1,0,0,1,0.0,0,1,0.0,0,0,0,0,0,0,0,0,0,1,0,2,0,0,0.0,0.0,41.2,116.1,-75.0,0.0,0.0,0,50.0,0,0,0,0,0,0,0,0,0,0,0,0,1,0,0,0,0,0
Lon LICAN,PrismaWorx BAL,13,Lon LICAN,"Kenyuoe ONDAAN, Kjell DE GRAAF, Romano SIBILO, Ryan MUHR",1,1.8,0,0,0,0,0,0,0,0,0,0,0,0,0,1,0,0,0,0,0,2,2,2.0,66.7,66.7,233.3,-166.7,0,0,0,0.0,0,0,0,0,0,0,0,0,0,0,0,0,0,0,0,0,0,0
Lon LICAN,PrismaWorx BAL,13,Lon LICAN,"Kenyuoe ONDAAN, Milo HAUTEKEET, Roel VAN OVERBEEK, Ryan MUHR",1,1.6,2,0,0,0,0,0,0,2,2,100.0,0,0,0,0,1,0,0,0,1,0,2,2.0,51.5,103.1,41.0,62.1,0,113.6,0,0.0,0,0,0,0,0,0,0,0,0,0,0,0,0,0,0,0,2,2
Lon LICAN,PrismaWorx BAL,13,Lon LICAN,"Kenyuoe ONDAAN, Kjell DE GRAAF, Niels VAN HOLST, Roel VAN OVERBEEK",1,1.3,2,1,1,100.0,0,0,0,0,0,0,0,0,0,0,0,0,1,1,2,0,2,2.0,66.7,66.7,217.4,-150.7,100.0,100.0,0.0,50.0,0,0,0,1,1,100,0,0,0,0,0,1,0,0,0,0,0,0
Milo HAUTEKEET,PrismaWorx BAL,91,Milo HAUTEKEET,"Kara SENE, Kenyuoe ONDAAN, Niels VAN HOLST, Roel VAN OVERBEEK",1,2.7,2,1,1,100.0,0,0,0,0,0,0,0,0,0,0,0,0,0,1,1,0,2,2.0,40.0,160.0,188.2,-28.2,100.0,100.0,0.0,0.0,0,0,0,1,1,100,0,0,0,0,0,0,0,0,0,0,0,0
Milo HAUTEKEET,PrismaWorx BAL,91,Milo HAUTEKEET,"Kara SENE, Lon LICAN, Niels VAN HOLST, Roel VAN OVERBEEK",1,2.5,0,0,0,0,0,0,0,0,0,0,0,0,0,0,1,0,0,0,0,0,0,0.0,0.0,0.0,187.2,-187.2,0,0,0,0,0,0,0,0,0,0,0,0,0,0,0,0,0,0,0,0,0,0
Milo HAUTEKEET,PrismaWorx BAL,91,Milo HAUTEKEET,"Kenyuoe ONDAAN, Lon LICAN, Roel VAN OVERBEEK, Ryan MUHR",1,1.6,0,0,0,0,0,0,0,0,0,0,0,0,0,0,1,0,0,0,0,0,0,0.0,0.0,103.1,41.0,62.1,0,0,0,0,0,0,0,0,0,0,0,0,0,0,0,0,0,0,0,0,0,0
Milo HAUTEKEET,PrismaWorx BAL,91,Milo HAUTEKEET,"Kara SENE, Roel VAN OVERBEEK, Romano SIBILO, Ryan MUHR",1,1.5,0,0,0,0,0,0,0,0,0,0,0,0,0,0,0,0,0,0,0,0,0,0.0,0.0,100.0,243.1,-143.1,0,0,0,0,0,0,0,0,0,0,0,0,0,0,0,0,0,0,0,0,0,0
Niels VAN HOLST,PrismaWorx BAL,14,Niels VAN HOLST,"Kenyuoe ONDAAN, Kjell DE GRAAF, Roel VAN OVERBEEK, Romano SIBILO",1,5.8,2,1,1,100.0,0,0,0,0,0,0,0,1,1,0,0,0,0,1,1,0,2,2.0,20.4,162.8,121.4,41.4,100.0,100.0,0.0,0.0,0,0,0,1,1,100,0,0,0,0,0,0,0,0,0,0,0,2
Niels VAN HOLST,PrismaWorx BAL,14,Niels VAN HOLST,"Kenyuoe ONDAAN, Kjell DE GRAAF, Roel VAN OVERBEEK, Ryan MUHR",1,5.0,7,3,4,75.0,1,2,50.0,0,0,0,0,0,0,0,0,0,0,0,4,0,7,7.0,78.4,134.4,139.1,-4.7,87.5,87.5,0.0,0.0,0,0,0,2,2,100,0,0,0,0,0,0,0,0,0,0,3,0
Niels VAN HOLST,PrismaWorx BAL,14,Niels VAN HOLST,"Kara SENE, Kenyuoe ONDAAN, Milo HAUTEKEET, Roel VAN OVERBEEK",1,2.7,2,1,1,100.0,0,0,0,0,0,0,0,0,0,1,0,0,0,0,1,2,4,4.0,80.0,160.0,188.2,-28.2,100.0,100.0,100.0,0.0,1,1,100,0,0,0,0,0,0,0,0,0,0,0,0,0,2,0
Niels VAN HOLST,PrismaWorx BAL,14,Niels VAN HOLST,"Kara SENE, Lon LICAN, Milo HAUTEKEET, Roel VAN OVERBEEK",1,2.5,0,0,0,0,0,0,0,0,0,0,0,0,0,0,0,0,0,1,0,0,0,0.0,0.0,0.0,187.2,-187.2,0,0,0,0,0,0,0,0,0,0,0,0,0,0,0,0,0,0,0,0,0,0
Niels VAN HOLST,PrismaWorx BAL,14,Niels VAN HOLST,"Kenyuoe ONDAAN, Kjell DE GRAAF, Lon LICAN, Ryan MUHR",1,2.1,0,0,0,0,0,0,0,0,0,0,2,1,3,0,0,0,0,1,0,0,0,0.0,0.0,41.2,116.1,-75.0,0,0,0,0,0,0,0,0,0,0,0,0,0,0,0,0,0,0,0,0,0,0
Niels VAN HOLST,PrismaWorx BAL,14,Niels VAN HOLST,"Kenyuoe ONDAAN, Kjell DE GRAAF, Lon LICAN, Roel VAN OVERBEEK",1,1.3,0,0,0,0,0,0,0,0,0,0,0,0,0,0,0,0,0,0,0,0,0,0.0,0.0,66.7,217.4,-150.7,0,0,0,0,0,0,0,0,0,0,0,0,0,0,0,0,0,0,0,0,0,0
Roel VAN OVERBEEK,PrismaWorx BAL,1,Roel VAN OVERBEEK,"Kenyuoe ONDAAN, Kjell DE GRAAF, Niels VAN HOLST, Romano SIBILO",1,5.8,4,1,2,50.0,0,0,0,2,2,100.0,2,1,3,1,1,0,0,2,1,3,7,7.0,71.2,162.8,121.4,41.4,50.0,69.4,100.0,0.0,0,0,0,2,1,50,0,0,0,0,0,0,0,0,0,2,0,0
Roel VAN OVERBEEK,PrismaWorx BAL,1,Roel VAN OVERBEEK,"Kenyuoe ONDAAN, Kjell DE GRAAF, Niels VAN HOLST, Ryan MUHR",1,5.0,0,0,1,0.0,0,1,0.0,0,0,0,1,1,2,2,0,0,0,1,0,5,5,5.0,56.0,134.4,139.1,-4.7,0.0,0.0,0,0.0,0,0,0,0,0,0,0,0,0,0,0,0,0,0,0,0,0,0
Roel VAN OVERBEEK,PrismaWorx BAL,1,Roel VAN OVERBEEK,"Kenyuoe ONDAAN, Kjell DE GRAAF, Romano SIBILO, Ryan MUHR",1,4.0,0,0,0,0,0,0,0,0,0,0,0,2,2,0,0,0,0,0,0,0,0,0.0,0.0,94.6,100.4,-5.8,0,0,0,0,0,0,0,0,0,0,0,0,0,0,0,0,0,0,0,0,0,0
Roel VAN OVERBEEK,PrismaWorx BAL,1,Roel VAN OVERBEEK,"Kenyuoe ONDAAN, Kjell DE GRAAF, Lon LICAN, Ryan MUHR",1,3.6,0,0,0,0,0,0,0,0,0,0,0,0,0,1,0,0,0,1,0,3,3,3.0,60.0,160.0,200.6,-40.6,0,0,0,0.0,0,0,0,0,0,0,0,0,0,0,0,0,0,0,0,0,0,0
Roel VAN OVERBEEK,PrismaWorx BAL,1,Roel VAN OVERBEEK,"Gido NANNINGA, Kenyuoe ONDAAN, Kjell DE GRAAF, Romano SIBILO",1,2.8,0,0,1,0.0,0,0,0,0,0,0,0,1,1,1,1,0,0,0,1,0,0,0.0,0.0,101.5,71.4,30.1,0.0,0.0,0,0.0,0,0,0,1,0,0,0,0,0,0,0,0,0,0,0,0,0,0
Roel VAN OVERBEEK,PrismaWorx BAL,1,Roel VAN OVERBEEK,"Kara SENE, Kenyuoe ONDAAN, Milo HAUTEKEET, Niels VAN HOLST",1,2.7,0,0,0,0,0,0,0,0,0,0,0,0,0,2,0,0,0,0,0,4,4,4.0,80.0,160.0,188.2,-28.2,0,0,0,0.0,0,0,0,0,0,0,0,0,0,0,0,0,0,0,0,0,0,0
Roel VAN OVERBEEK,PrismaWorx BAL,1,Roel VAN OVERBEEK,"Kara SENE, Lon LICAN, Milo HAUTEKEET, Niels VAN HOLST",1,2.5,0,0,1,0.0,0,0,0,0,0,0,0,0,0,0,0,0,1,0,2,0,0,0.0,0.0,0.0,187.2,-187.2,0.0,0.0,0,50.0,0,0,0,1,0,0,0,0,0,0,0,1,0,0,0,0,0,0
Roel VAN OVERBEEK,PrismaWorx BAL,1,Roel VAN OVERBEEK,"Kenyuoe ONDAAN, Lon LICAN, Milo HAUTEKEET, Ryan MUHR",1,1.6,0,0,1,0.0,0,1,0.0,0,0,0,0,0,0,0,0,0,1,0,2,0,0,0.0,0.0,103.1,41.0,62.1,0.0,0.0,0,50.0,0,0,0,0,0,0,0,0,0,0,0,1,0,0,0,0,0,0
Roel VAN OVERBEEK,PrismaWorx BAL,1,Roel VAN OVERBEEK,"Kara SENE, Milo HAUTEKEET, Romano SIBILO, Ryan MUHR",1,1.5,0,0,0,0,0,0,0,0,0,0,0,0,0,0,0,0,0,0,0,0,0,0.0,0.0,100.0,243.1,-143.1,0,0,0,0,0,0,0,0,0,0,0,0,0,0,0,0,0,0,0,0,0,0
Roel VAN OVERBEEK,PrismaWorx BAL,1,Roel VAN OVERBEEK,"Kenyuoe ONDAAN, Kjell DE GRAAF, Lon LICAN, Niels VAN HOLST",1,1.3,0,0,0,0,0,0,0,0,0,0,0,0,0,0,0,0,1,0,1,0,0,0.0,0.0,66.7,217.4,-150.7,0,0,0,100.0,0,0,0,0,0,0,0,0,0,0,0,1,0,0,0,0,0,0
Romano SIBILO,PrismaWorx BAL,2,Romano SIBILO,"Kenyuoe ONDAAN, Kjell DE GRAAF, Niels VAN HOLST, Roel VAN OVERBEEK",1,5.8,3,1,2,50.0,1,2,50.0,0,0,0,0,1,1,0,1,0,0,0,2,0,3,3.0,30.5,162.8,121.4,41.4,75.0,75.0,0.0,0.0,0,0,0,0,0,0,0,0,0,0,0,0,0,0,0,0,0,0
Romano SIBILO,PrismaWorx BAL,2,Romano SIBILO,"Kenyuoe ONDAAN, Kjell DE GRAAF, Roel VAN OVERBEEK, Ryan MUHR",1,4.0,6,2,4,50.0,2,4,50.0,0,0,0,0,0,0,0,0,0,0,0,4,0,6,6.0,63.1,94.6,100.4,-5.8,75.0,75.0,0.0,0.0,0,0,0,0,0,0,0,0,0,0,0,0,0,0,0,3,3,0
Romano SIBILO,PrismaWorx BAL,2,Romano SIBILO,"Gido NANNINGA, Kenyuoe ONDAAN, Kjell DE GRAAF, Roel VAN OVERBEEK",1,2.8,2,1,1,100.0,0,0,0,0,0,0,0,0,0,1,0,0,1,1,2,3,5,5.0,63.5,101.5,71.4,30.1,100.0,100.0,100.0,33.3,0,0,0,1,1,100,0,0,0,0,0,1,0,0,0,0,0,0
Romano SIBILO,PrismaWorx BAL,2,Romano SIBILO,"Kenyuoe ONDAAN, Kjell DE GRAAF, Lon LICAN, Ryan MUHR",1,1.8,0,0,0,0,0,0,0,0,0,0,0,0,0,0,0,0,0,0,0,0,0,0.0,0.0,66.7,233.3,-166.7,0,0,0,0,0,0,0,0,0,0,0,0,0,0,0,0,0,0,0,0,0,0
Romano SIBILO,PrismaWorx BAL,2,Romano SIBILO,"Kara SENE, Milo HAUTEKEET, Roel VAN OVERBEEK, Ryan MUHR",1,1.5,0,0,1,0.0,0,1,0.0,0,0,0,0,0,0,0,0,0,0,1,1,0,0,0.0,0.0,100.0,243.1,-143.1,0.0,0.0,0,0.0,0,0,0,0,0,0,0,0,0,0,0,0,0,0,0,0,0,0
Ryan MUHR,PrismaWorx BAL,17,Ryan MUHR,"Kenyuoe ONDAAN, Kjell DE GRAAF, Niels VAN HOLST, Roel VAN OVERBEEK",1,5.0,0,0,1,0.0,0,0,0,0,0,0,0,0,0,0,0,0,0,1,1,0,0,0.0,0.0,134.4,139.1,-4.7,0.0,0.0,0,0.0,0,0,0,1,0,0,0,0,0,0,0,0,0,0,0,0,0,0
Ryan MUHR,PrismaWorx BAL,17,Ryan MUHR,"Kenyuoe ONDAAN, Kjell DE GRAAF, Roel VAN OVERBEEK, Romano SIBILO",1,4.0,1,0,1,0.0,0,0,0,1,2,50.0,0,1,1,0,1,0,0,1,2,0,1,1.0,10.5,94.6,100.4,-5.8,0.0,26.6,0,0.0,0,0,0,1,0,0,0,0,0,0,0,0,0,0,0,1,1,0
Ryan MUHR,PrismaWorx BAL,17,Ryan MUHR,"Kenyuoe ONDAAN, Kjell DE GRAAF, Lon LICAN, Roel VAN OVERBEEK",1,3.6,0,0,1,0.0,0,1,0.0,0,0,0,0,0,0,0,0,0,0,0,1,0,0,0.0,0.0,160.0,200.6,-40.6,0.0,0.0,0,0.0,0,0,0,0,0,0,0,0,0,0,0,0,0,0,0,0,0,0
Ryan MUHR,PrismaWorx BAL,17,Ryan MUHR,"Kenyuoe ONDAAN, Kjell DE GRAAF, Lon LICAN, Niels VAN HOLST",1,2.1,2,1,1,100.0,0,0,0,0,0,0,0,0,0,0,0,0,1,0,2,0,2,2.0,41.2,41.2,116.1,-75.0,100.0,100.0,0.0,50.0,0,0,0,1,1,100,0,0,0,0,0,0,1,0,0,0,0,2
Ryan MUHR,PrismaWorx BAL,17,Ryan MUHR,"Kenyuoe ONDAAN, Kjell DE GRAAF, Lon LICAN, Romano SIBILO",1,1.8,0,0,1,0.0,0,0,0,0,0,0,0,0,0,0,0,0,0,0,1,0,0,0.0,0.0,66.7,233.3,-166.7,0.0,0.0,0,0.0,0,0,0,1,0,0,0,0,0,0,0,0,0,0,0,0,0,0
Ryan MUHR,PrismaWorx BAL,17,Ryan MUHR,"Kenyuoe ONDAAN, Lon LICAN, Milo HAUTEKEET, Roel VAN OVERBEEK",1,1.6,2,1,1,100.0,0,0,0,0,0,0,0,0,0,0,0,0,0,0,1,0,2,2.0,51.5,103.1,41.0,62.1,100.0,100.0,0.0,0.0,1,1,100,0,0,0,0,0,0,1,0,0,0,0,0,0,2,2
Ryan MUHR,PrismaWorx BAL,17,Ryan MUHR,"Kara SENE, Milo HAUTEKEET, Roel VAN OVERBEEK, Romano SIBILO",1,1.5,0,0,0,0,0,0,0,0,0,0,0,0,0,0,0,0,0,0,0,0,0,0.0,0.0,100.0,243.1,-143.1,0,0,0,0,0,0,0,0,0,0,0,0,0,0,0,0,0,0,0,0,0,0
Chermano VAN LA PARRA,Rotterdam City Basketball,2,Chermano VAN LA PARRA,"Jakari SPENCE, James GRAHAM, Tjall DE VAAL, Tydus VERHOEVEN",1,4.1,0,0,0,0,0,0,0,0,0,0,0,1,1,0,0,0,0,1,0,0,0,0.0,0.0,53.6,69.9,-16.2,0,0,0,0,0,0,0,0,0,0,0,0,0,0,0,0,0,0,0,0,0,0
Chermano VAN LA PARRA,Rotterdam City Basketball,2,Chermano VAN LA PARRA,"Chukwuzinife NWOKEJI, Jakari SPENCE, James GRAHAM, Tydus VERHOEVEN",1,2.7,0,0,0,0,0,0,0,0,0,0,0,0,0,0,0,0,1,1,1,0,0,0.0,0.0,131.6,120.0,11.6,0,0,0,100.0,0,0,0,0,0,0,0,0,0,0,0,0,1,0,0,0,0,0
Chermano VAN LA PARRA,Rotterdam City Basketball,2,Chermano VAN LA PARRA,"Lars NILSEN, Nino VRENCKEN, Noah SLINGERLAND, Tjall DE VAAL",1,1.9,2,1,1,100.0,0,0,0,0,0,0,0,0,0,2,0,0,0,0,1,3,5,5.0,102.5,143.4,188.1,-44.6,100.0,100.0,200.0,0.0,0,0,0,1,1,100,0,0,0,0,0,0,0,0,0,0,2,0
Chermano VAN LA PARRA,Rotterdam City Basketball,2,Chermano VAN LA PARRA,"Lars NILSEN, Nino VRENCKEN, Tjall DE VAAL, Tydus VERHOEVEN",1,1.6,0,0,0,0,0,0,0,0,0,0,0,0,0,0,0,0,0,0,0,0,0,0.0,0.0,34.7,82.0,-47.2,0,0,0,0,0,0,0,0,0,0,0,0,0,0,0,0,0,0,0,0,0,0
Chermano VAN LA PARRA,Rotterdam City Basketball,2,Chermano VAN LA PARRA,"Lars NILSEN, Liam VAN DER SCHALIE, Noah SLINGERLAND, Tydus VERHOEVEN",1,1.4,0,0,1,0.0,0,0,0,0,0,0,0,0,0,0,0,0,0,0,1,0,0,0.0,0.0,0.0,203.5,-203.5,0.0,0.0,0,0.0,0,0,0,1,0,0,0,0,0,0,0,0,0,0,0,0,0,0
Chermano VAN LA PARRA,Rotterdam City Basketball,2,Chermano VAN LA PARRA,"Chukwuzinife NWOKEJI, Jakari SPENCE, James GRAHAM, Noah SLINGERLAND",1,1.2,0,0,0,0,0,0,0,0,0,0,0,0,0,0,0,0,0,0,0,0,0,0.0,0.0,0.0,200.0,-200.0,0,0,0,0,0,0,0,0,0,0,0,0,0,0,0,0,0,0,0,0,0,0
Chermano VAN LA PARRA,Rotterdam City Basketball,2,Chermano VAN LA PARRA,"James GRAHAM, Lars NILSEN, Tjall DE VAAL, Tydus VERHOEVEN",1,1.2,0,0,0,0,0,0,0,0,0,0,0,0,0,0,0,0,0,0,0,0,0,0.0,0.0,100.0,200.0,-100.0,0,0,0,0,0,0,0,0,0,0,0,0,0,0,0,0,0,0,0,0,0,0
Chermano VAN LA PARRA,Rotterdam City Basketball,2,Chermano VAN LA PARRA,"Liam VAN DER SCHALIE, Nino VRENCKEN, Tjall DE VAAL, Tydus VERHOEVEN",1,1.1,0,0,0,0,0,0,0,0,0,0,0,0,0,0,0,0,0,0,0,0,0,0.0,0.0,0.0,100.0,-100.0,0,0,0,0,0,0,0,0,0,0,0,0,0,0,0,0,0,0,0,0,0,0
Chukwuzinife NWOKEJI,Rotterdam City Basketball,9,Chukwuzinife NWOKEJI,"Jakari SPENCE, James GRAHAM, Lars NILSEN, Tydus VERHOEVEN",1,4.6,0,0,0,0,0,0,0,0,0,0,0,0,0,0,0,0,0,0,0,0,0,0.0,0.0,22.2,65.5,-43.3,0,0,0,0,0,0,0,0,0,0,0,0,0,0,0,0,0,0,0,0,0,0
Chukwuzinife NWOKEJI,Rotterdam City Basketball,9,Chukwuzinife NWOKEJI,"Jakari SPENCE, James GRAHAM, Liam VAN DER SCHALIE, Tydus VERHOEVEN",1,3.9,0,0,0,0,0,0,0,0,0,0,0,0,0,0,0,0,0,1,0,0,0,0.0,0.0,75.0,189.3,-114.3,0,0,0,0,0,0,0,0,0,0,0,0,0,0,0,0,0,0,0,0,0,0
Chukwuzinife NWOKEJI,Rotterdam City Basketball,9,Chukwuzinife NWOKEJI,"Chermano VAN LA PARRA, Jakari SPENCE, James GRAHAM, Tydus VERHOEVEN",1,2.7,3,1,1,100.0,1,1,100.0,0,0,0,0,2,2,0,0,0,0,0,1,0,3,3.0,56.4,131.6,120.0,11.6,150.0,150.0,0.0,0.0,0,0,0,0,0,0,0,0,0,0,0,0,0,0,0,0,0,0
Chukwuzinife NWOKEJI,Rotterdam City Basketball,9,Chukwuzinife NWOKEJI,"Jakari SPENCE, James GRAHAM, Lars NILSEN, Noah SLINGERLAND",1,1.5,0,0,1,0.0,0,0,0,0,0,0,0,2,2,0,0,0,0,0,1,0,0,0.0,0.0,100.0,67.6,32.4,0.0,0.0,0,0.0,0,0,0,1,0,0,0,0,0,0,0,0,0,0,0,0,0,0
Chukwuzinife NWOKEJI,Rotterdam City Basketball,9,Chukwuzinife NWOKEJI,"Chermano VAN LA PARRA, Jakari SPENCE, James GRAHAM, Noah SLINGERLAND",1,1.2,0,0,0,0,0,0,0,0,0,0,0,0,0,0,0,0,0,0,0,0,0,0.0,0.0,0.0,200.0,-200.0,0,0,0,0,0,0,0,0,0,0,0,0,0,0,0,0,0,0,0,0,0,0
Jakari SPENCE,Rotterdam City Basketball,1,Jakari SPENCE,"James GRAHAM, Lars NILSEN, Tjall DE VAAL, Tydus VERHOEVEN",1,4.8,0,0,2,0.0,0,1,0.0,0,0,0,0,1,1,0,0,0,2,0,4,0,0,0.0,0.0,0.0,172.5,-172.5,0.0,0.0,0,50.0,0,0,0,1,0,0,0,0,0,0,0,0,2,0,0,0,0,0
Jakari SPENCE,Rotterdam City Basketball,1,Jakari SPENCE,"Chukwuzinife NWOKEJI, James GRAHAM, Lars NILSEN, Tydus VERHOEVEN",1,4.6,0,0,3,0.0,0,1,0.0,0,0,0,0,2,2,0,0,0,0,0,3,0,0,0.0,0.0,22.2,65.5,-43.3,0.0,0.0,0,0.0,0,0,0,2,0,0,0,0,0,0,0,0,0,0,0,0,0,0
Jakari SPENCE,Rotterdam City Basketball,1,Jakari SPENCE,"Chermano VAN LA PARRA, James GRAHAM, Tjall DE VAAL, Tydus VERHOEVEN",1,4.1,3,1,3,33.3,0,0,0,1,1,100.0,0,0,0,0,1,0,1,1,4,0,3,3.0,32.2,53.6,69.9,-16.2,33.3,43.6,0.0,22.5,0,0,0,3,1,33.3,0,0,0,0,0,1,0,0,0,0,2,0
Jakari SPENCE,Rotterdam City Basketball,1,Jakari SPENCE,"Chukwuzinife NWOKEJI, James GRAHAM, Liam VAN DER SCHALIE, Tydus VERHOEVEN",1,3.9,2,1,2,50.0,0,0,0,0,0,0,0,0,0,0,0,0,1,0,3,0,2,2.0,25.0,75.0,189.3,-114.3,50.0,50.0,0.0,33.3,0,0,0,2,1,50,0,0,0,0,0,0,1,0,0,0,0,0
Jakari SPENCE,Rotterdam City Basketball,1,Jakari SPENCE,"James GRAHAM, Noah SLINGERLAND, Tjall DE VAAL, Tydus VERHOEVEN",1,3.0,2,1,2,50.0,0,0,0,0,0,0,0,0,0,0,0,0,0,0,2,0,2,2.0,41.0,82.0,121.7,-39.7,50.0,50.0,0.0,0.0,0,0,0,2,1,50,0,0,0,0,0,0,0,0,0,0,0,0
Jakari SPENCE,Rotterdam City Basketball,1,Jakari SPENCE,"Chermano VAN LA PARRA, Chukwuzinife NWOKEJI, James GRAHAM, Tydus VERHOEVEN",1,2.7,2,0,0,0,0,0,0,2,3,66.7,0,0,0,1,0,0,0,0,1,2,4,4.0,75.2,131.6,120.0,11.6,0,75.8,0,0.0,0,0,0,0,0,0,0,0,0,0,0,0,0,0,0,0,2,0
Jakari SPENCE,Rotterdam City Basketball,1,Jakari SPENCE,"Chukwuzinife NWOKEJI, James GRAHAM, Lars NILSEN, Noah SLINGERLAND",1,1.5,3,1,1,100.0,1,1,100.0,0,0,0,0,0,0,0,0,0,0,0,1,0,3,3.0,100.0,100.0,67.6,32.4,150.0,150.0,0.0,0.0,0,0,0,0,0,0,0,0,0,0,0,0,0,0,0,0,0,0
Jakari SPENCE,Rotterdam City Basketball,1,Jakari SPENCE,"Lars NILSEN, Nino VRENCKEN, Noah SLINGERLAND, Tjall DE VAAL",1,1.4,0,0,1,0.0,0,0,0,0,0,0,0,0,0,0,0,0,1,0,2,0,0,0.0,0.0,0.0,250.0,-250.0,0.0,0.0,0,50.0,0,0,0,1,0,0,0,0,0,0,0,1,0,0,0,0,0,0
Jakari SPENCE,Rotterdam City Basketball,1,Jakari SPENCE,"Chermano VAN LA PARRA, Chukwuzinife NWOKEJI, James GRAHAM, Noah SLINGERLAND",1,1.2,0,0,1,0.0,0,1,0.0,0,0,0,0,0,0,0,0,0,0,0,1,0,0,0.0,0.0,0.0,200.0,-200.0,0.0,0.0,0,0.0,0,0,0,0,0,0,0,0,0,0,0,0,0,0,0,0,0,0
Jakari SPENCE,Rotterdam City Basketball,1,Jakari SPENCE,"Lars NILSEN, Nino VRENCKEN, Noah SLINGERLAND, Tydus VERHOEVEN",1,1.1,0,0,1,0.0,0,1,0.0,0,0,0,0,1,1,0,0,0,0,0,1,0,0,0.0,0.0,0.0,0.0,0.0,0.0,0.0,0,0.0,0,0,0,0,0,0,0,0,0,0,0,0,0,0,0,0,0,0
James GRAHAM,Rotterdam City Basketball,11,James GRAHAM,"Jakari SPENCE, Lars NILSEN, Tjall DE VAAL, Tydus VERHOEVEN",1,4.8,0,0,0,0,0,0,0,0,0,0,0,0,0,0,0,0,1,0,1,0,0,0.0,0.0,0.0,172.5,-172.5,0,0,0,100.0,0,0,0,0,0,0,0,0,0,0,0,0,1,0,0,0,0,0
James GRAHAM,Rotterdam City Basketball,11,James GRAHAM,"Chukwuzinife NWOKEJI, Jakari SPENCE, Lars NILSEN, Tydus VERHOEVEN",1,4.6,0,0,2,0.0,0,1,0.0,0,0,0,0,0,0,1,1,1,2,2,4,2,2,2.0,22.2,22.2,65.5,-43.3,0.0,0.0,0,40.0,0,0,0,1,0,0,0,0,0,0,0,1,1,0,0,0,0,0
James GRAHAM,Rotterdam City Basketball,11,James GRAHAM,"Chermano VAN LA PARRA, Jakari SPENCE, Tjall DE VAAL, Tydus VERHOEVEN",1,4.1,0,0,0,0,0,0,0,0,0,0,0,0,0,0,0,1,1,1,1,0,0,0.0,0.0,53.6,69.9,-16.2,0,0,0,100.0,0,0,0,0,0,0,0,0,0,0,0,0,1,0,0,0,0,0
James GRAHAM,Rotterdam City Basketball,11,James GRAHAM,"Chukwuzinife NWOKEJI, Jakari SPENCE, Liam VAN DER SCHALIE, Tydus VERHOEVEN",1,3.9,4,2,3,66.7,0,0,0,0,0,0,0,0,0,0,0,0,0,0,3,0,4,4.0,50.0,75.0,189.3,-114.3,66.7,66.7,0.0,0.0,0,0,0,3,2,66.7,0,0,0,0,0,0,0,0,0,0,0,0
James GRAHAM,Rotterdam City Basketball,11,James GRAHAM,"Jakari SPENCE, Noah SLINGERLAND, Tjall DE VAAL, Tydus VERHOEVEN",1,3.0,2,1,1,100.0,0,0,0,0,2,0.0,0,0,0,0,0,0,1,0,3,0,2,2.0,41.0,82.0,121.7,-39.7,100.0,53.2,0.0,34.7,0,0,0,1,1,100,0,0,0,0,0,0,1,0,0,0,0,0
James GRAHAM,Rotterdam City Basketball,11,James GRAHAM,"Chermano VAN LA PARRA, Chukwuzinife NWOKEJI, Jakari SPENCE, Tydus VERHOEVEN",1,2.7,0,0,1,0.0,0,1,0.0,0,0,0,0,0,0,0,0,0,0,0,1,0,0,0.0,0.0,131.6,120.0,11.6,0.0,0.0,0,0.0,0,0,0,0,0,0,0,0,0,0,0,0,0,0,0,0,0,0
James GRAHAM,Rotterdam City Basketball,11,James GRAHAM,"Chukwuzinife NWOKEJI, Jakari SPENCE, Lars NILSEN, Noah SLINGERLAND",1,1.5,0,0,1,0.0,0,0,0,0,0,0,0,1,1,1,0,0,0,0,1,3,3,3.0,100.0,100.0,67.6,32.4,0.0,0.0,0,0.0,0,0,0,1,0,0,0,0,0,0,0,0,0,0,0,0,0,0
James GRAHAM,Rotterdam City Basketball,11,James GRAHAM,"Chermano VAN LA PARRA, Chukwuzinife NWOKEJI, Jakari SPENCE, Noah SLINGERLAND",1,1.2,0,0,0,0,0,0,0,0,0,0,0,0,0,0,0,0,0,0,0,0,0,0.0,0.0,0.0,200.0,-200.0,0,0,0,0,0,0,0,0,0,0,0,0,0,0,0,0,0,0,0,0,0,0
James GRAHAM,Rotterdam City Basketball,11,James GRAHAM,"Chermano VAN LA PARRA, Lars NILSEN, Tjall DE VAAL, Tydus VERHOEVEN",1,1.2,0,0,0,0,0,0,0,0,0,0,0,0,0,0,0,0,1,0,1,0,0,0.0,0.0,100.0,200.0,-100.0,0,0,0,100.0,0,0,0,0,0,0,0,0,0,0,0,0,1,0,0,0,0,0
Lars NILSEN,Rotterdam City Basketball,3,Lars NILSEN,"Jakari SPENCE, James GRAHAM, Tjall DE VAAL, Tydus VERHOEVEN",1,4.8,0,0,1,0.0,0,0,0,0,0,0,0,0,0,0,0,0,0,0,1,0,0,0.0,0.0,0.0,172.5,-172.5,0.0,0.0,0,0.0,0,0,0,1,0,0,0,0,0,0,0,0,0,0,0,0,0,0
Lars NILSEN,Rotterdam City Basketball,3,Lars NILSEN,"Chukwuzinife NWOKEJI, Jakari SPENCE, James GRAHAM, Tydus VERHOEVEN",1,4.6,2,1,1,100.0,0,0,0,0,0,0,0,1,1,0,0,0,0,2,1,0,2,2.0,22.2,22.2,65.5,-43.3,100.0,100.0,0.0,0.0,0,0,0,1,1,100,0,0,0,0,0,0,0,0,0,0,0,0
Lars NILSEN,Rotterdam City Basketball,3,Lars NILSEN,"Chermano VAN LA PARRA, Nino VRENCKEN, Noah SLINGERLAND, Tjall DE VAAL",1,1.9,5,1,2,50.0,1,2,50.0,2,2,100.0,0,0,0,0,0,0,0,0,3,0,5,5.0,102.5,143.4,188.1,-44.6,75.0,86.8,0.0,0.0,0,0,0,0,0,0,0,0,0,0,0,0,0,0,0,0,0,0
Lars NILSEN,Rotterdam City Basketball,3,Lars NILSEN,"Chermano VAN LA PARRA, Nino VRENCKEN, Tjall DE VAAL, Tydus VERHOEVEN",1,1.6,1,0,0,0,0,0,0,1,2,50.0,0,0,0,0,0,0,0,0,1,0,1,1.0,34.7,34.7,82.0,-47.2,0,56.8,0,0.0,0,0,0,0,0,0,0,0,0,0,0,0,0,0,0,0,0,0
Lars NILSEN,Rotterdam City Basketball,3,Lars NILSEN,"Chukwuzinife NWOKEJI, Jakari SPENCE, James GRAHAM, Noah SLINGERLAND",1,1.5,0,0,0,0,0,0,0,0,0,0,0,0,0,0,0,0,0,0,0,0,0,0.0,0.0,100.0,67.6,32.4,0,0,0,0,0,0,0,0,0,0,0,0,0,0,0,0,0,0,0,0,0,0
Lars NILSEN,Rotterdam City Basketball,3,Lars NILSEN,"Jakari SPENCE, Nino VRENCKEN, Noah SLINGERLAND, Tjall DE VAAL",1,1.4,0,0,1,0.0,0,1,0.0,0,0,0,0,0,0,0,0,0,0,0,1,0,0,0.0,0.0,0.0,250.0,-250.0,0.0,0.0,0,0.0,0,0,0,0,0,0,0,0,0,0,0,0,0,0,0,0,0,0
Lars NILSEN,Rotterdam City Basketball,3,Lars NILSEN,"Chermano VAN LA PARRA, Liam VAN DER SCHALIE, Noah SLINGERLAND, Tydus VERHOEVEN",1,1.4,0,0,0,0,0,0,0,0,0,0,0,0,0,0,0,0,0,0,0,0,0,0.0,0.0,0.0,203.5,-203.5,0,0,0,0,0,0,0,0,0,0,0,0,0,0,0,0,0,0,0,0,0,0
Lars NILSEN,Rotterdam City Basketball,3,Lars NILSEN,"Chermano VAN LA PARRA, James GRAHAM, Tjall DE VAAL, Tydus VERHOEVEN",1,1.2,0,0,0,0,0,0,0,0,0,0,0,0,0,0,0,0,0,0,0,0,0,0.0,0.0,100.0,200.0,-100.0,0,0,0,0,0,0,0,0,0,0,0,0,0,0,0,0,0,0,0,0,0,0
Lars NILSEN,Rotterdam City Basketball,3,Lars NILSEN,"Jakari SPENCE, Nino VRENCKEN, Noah SLINGERLAND, Tydus VERHOEVEN",1,1.1,0,0,2,0.0,0,2,0.0,0,0,0,1,0,1,0,0,0,0,0,1,0,0,0.0,0.0,0.0,0.0,0.0,0.0,0.0,0,0.0,0,0,0,0,0,0,0,0,0,0,0,0,0,0,0,0,0,0
Liam VAN DER SCHALIE,Rotterdam City Basketball,12,Liam VAN DER SCHALIE,"Chukwuzinife NWOKEJI, Jakari SPENCE, James GRAHAM, Tydus VERHOEVEN",1,3.9,0,0,1,0.0,0,1,0.0,0,0,0,0,0,0,0,0,0,0,0,1,0,0,0.0,0.0,75.0,189.3,-114.3,0.0,0.0,0,0.0,0,0,0,0,0,0,0,0,0,0,0,0,0,0,0,0,0,0
Liam VAN DER SCHALIE,Rotterdam City Basketball,12,Liam VAN DER SCHALIE,"Chermano VAN LA PARRA, Lars NILSEN, Noah SLINGERLAND, Tydus VERHOEVEN",1,1.4,0,0,0,0,0,0,0,0,0,0,0,0,0,0,0,0,0,0,0,0,0,0.0,0.0,0.0,203.5,-203.5,0,0,0,0,0,0,0,0,0,0,0,0,0,0,0,0,0,0,0,0,0,0
Liam VAN DER SCHALIE,Rotterdam City Basketball,12,Liam VAN DER SCHALIE,"Chermano VAN LA PARRA, Nino VRENCKEN, Tjall DE VAAL, Tydus VERHOEVEN",1,1.1,0,0,0,0,0,0,0,0,0,0,0,0,0,0,0,0,0,0,0,0,0,0.0,0.0,0.0,100.0,-100.0,0,0,0,0,0,0,0,0,0,0,0,0,0,0,0,0,0,0,0,0,0,0
Nino VRENCKEN,Rotterdam City Basketball,4,Nino VRENCKEN,"Chermano VAN LA PARRA, Lars NILSEN, Noah SLINGERLAND, Tjall DE VAAL",1,1.9,0,0,0,0,0,0,0,0,0,0,0,0,0,0,0,0,1,1,1,0,0,0.0,0.0,143.4,188.1,-44.6,0,0,0,100.0,0,0,0,0,0,0,0,0,0,0,0,0,0,0,1,0,0,0
Nino VRENCKEN,Rotterdam City Basketball,4,Nino VRENCKEN,"Chermano VAN LA PARRA, Lars NILSEN, Tjall DE VAAL, Tydus VERHOEVEN",1,1.6,0,0,1,0.0,0,0,0,0,0,0,0,0,0,0,0,0,1,0,2,0,0,0.0,0.0,34.7,82.0,-47.2,0.0,0.0,0,50.0,0,0,0,1,0,0,0,0,0,0,0,1,0,0,0,0,0,0
Nino VRENCKEN,Rotterdam City Basketball,4,Nino VRENCKEN,"Jakari SPENCE, Lars NILSEN, Noah SLINGERLAND, Tjall DE VAAL",1,1.4,0,0,0,0,0,0,0,0,0,0,0,0,0,0,0,0,0,0,0,0,0,0.0,0.0,0.0,250.0,-250.0,0,0,0,0,0,0,0,0,0,0,0,0,0,0,0,0,0,0,0,0,0,0
Nino VRENCKEN,Rotterdam City Basketball,4,Nino VRENCKEN,"Jakari SPENCE, Lars NILSEN, Noah SLINGERLAND, Tydus VERHOEVEN",1,1.1,0,0,0,0,0,0,0,0,0,0,0,0,0,0,0,0,0,0,0,0,0,0.0,0.0,0.0,0.0,0.0,0,0,0,0,0,0,0,0,0,0,0,0,0,0,0,0,0,0,0,0,0,0
Nino VRENCKEN,Rotterdam City Basketball,4,Nino VRENCKEN,"Chermano VAN LA PARRA, Liam VAN DER SCHALIE, Tjall DE VAAL, Tydus VERHOEVEN",1,1.1,0,0,0,0,0,0,0,0,0,0,0,1,1,0,0,0,0,0,0,0,0,0.0,0.0,0.0,100.0,-100.0,0,0,0,0,0,0,0,0,0,0,0,0,0,0,0,0,0,0,0,0,0,0
Noah SLINGERLAND,Rotterdam City Basketball,13,Noah SLINGERLAND,"Jakari SPENCE, James GRAHAM, Tjall DE VAAL, Tydus VERHOEVEN",1,3.0,0,0,0,0,0,0,0,0,0,0,0,0,0,0,0,0,0,0,0,0,0,0.0,0.0,82.0,121.7,-39.7,0,0,0,0,0,0,0,0,0,0,0,0,0,0,0,0,0,0,0,0,0,0
Noah SLINGERLAND,Rotterdam City Basketball,13,Noah SLINGERLAND,"Chermano VAN LA PARRA, Lars NILSEN, Nino VRENCKEN, Tjall DE VAAL",1,1.9,0,0,0,0,0,0,0,0,0,0,0,1,1,0,0,0,0,1,0,0,0,0.0,0.0,143.4,188.1,-44.6,0,0,0,0,0,0,0,0,0,0,0,0,0,0,0,0,0,0,0,0,0,0
Noah SLINGERLAND,Rotterdam City Basketball,13,Noah SLINGERLAND,"Chukwuzinife NWOKEJI, Jakari SPENCE, James GRAHAM, Lars NILSEN",1,1.5,0,0,0,0,0,0,0,0,0,0,0,0,0,0,0,0,0,1,0,0,0,0.0,0.0,100.0,67.6,32.4,0,0,0,0,0,0,0,0,0,0,0,0,0,0,0,0,0,0,0,0,0,0
Noah SLINGERLAND,Rotterdam City Basketball,13,Noah SLINGERLAND,"Jakari SPENCE, Lars NILSEN, Nino VRENCKEN, Tjall DE VAAL",1,1.4,0,0,0,0,0,0,0,0,0,0,0,0,0,0,0,0,0,0,0,0,0,0.0,0.0,0.0,250.0,-250.0,0,0,0,0,0,0,0,0,0,0,0,0,0,0,0,0,0,0,0,0,0,0
Noah SLINGERLAND,Rotterdam City Basketball,13,Noah SLINGERLAND,"Chermano VAN LA PARRA, Lars NILSEN, Liam VAN DER SCHALIE, Tydus VERHOEVEN",1,1.4,0,0,1,0.0,0,1,0.0,0,0,0,0,1,1,0,0,0,0,1,1,0,0,0.0,0.0,0.0,203.5,-203.5,0.0,0.0,0,0.0,0,0,0,0,0,0,0,0,0,0,0,0,0,0,0,0,0,0
Noah SLINGERLAND,Rotterdam City Basketball,13,Noah SLINGERLAND,"Chermano VAN LA PARRA, Chukwuzinife NWOKEJI, Jakari SPENCE, James GRAHAM",1,1.2,0,0,0,0,0,0,0,0,0,0,0,0,0,0,0,0,1,1,1,0,0,0.0,0.0,0.0,200.0,-200.0,0,0,0,100.0,0,0,0,0,0,0,0,0,0,0,0,0,0,0,0,0,0,0
Noah SLINGERLAND,Rotterdam City Basketball,13,Noah SLINGERLAND,"Jakari SPENCE, Lars NILSEN, Nino VRENCKEN, Tydus VERHOEVEN",1,1.1,0,0,0,0,0,0,0,0,0,0,0,0,0,0,0,0,0,0,0,0,0,0.0,0.0,0.0,0.0,0.0,0,0,0,0,0,0,0,0,0,0,0,0,0,0,0,0,0,0,0,0,0,0
Tjall DE VAAL,Rotterdam City Basketball,21,Tjall DE VAAL,"Jakari SPENCE, James GRAHAM, Lars NILSEN, Tydus VERHOEVEN",1,4.8,0,0,1,0.0,0,1,0.0,0,0,0,0,0,0,0,0,0,1,1,2,0,0,0.0,0.0,0.0,172.5,-172.5,0.0,0.0,0,50.0,0,0,0,0,0,0,0,0,0,0,0,0,1,0,0,0,0,0
Tjall DE VAAL,Rotterdam City Basketball,21,Tjall DE VAAL,"Chermano VAN LA PARRA, Jakari SPENCE, James GRAHAM, Tydus VERHOEVEN",1,4.1,2,0,1,0.0,0,0,0,2,2,100.0,0,1,1,0,0,0,0,0,2,0,2,2.0,21.5,53.6,69.9,-16.2,0.0,53.2,0,0.0,0,0,0,1,0,0,0,0,0,0,0,0,0,0,0,0,0,0
Tjall DE VAAL,Rotterdam City Basketball,21,Tjall DE VAAL,"Jakari SPENCE, James GRAHAM, Noah SLINGERLAND, Tydus VERHOEVEN",1,3.0,0,0,0,0,0,0,0,0,0,0,0,0,0,0,0,0,0,0,0,0,0,0.0,0.0,82.0,121.7,-39.7,0,0,0,0,0,0,0,0,0,0,0,0,0,0,0,0,0,0,0,0,0,0
Tjall DE VAAL,Rotterdam City Basketball,21,Tjall DE VAAL,"Chermano VAN LA PARRA, Lars NILSEN, Nino VRENCKEN, Noah SLINGERLAND",1,1.9,0,0,0,0,0,0,0,0,0,0,0,0,0,0,0,0,0,0,0,0,0,0.0,0.0,143.4,188.1,-44.6,0,0,0,0,0,0,0,0,0,0,0,0,0,0,0,0,0,0,0,0,0,0
Tjall DE VAAL,Rotterdam City Basketball,21,Tjall DE VAAL,"Chermano VAN LA PARRA, Lars NILSEN, Nino VRENCKEN, Tydus VERHOEVEN",1,1.6,0,0,0,0,0,0,0,0,0,0,0,0,0,0,0,0,0,1,0,0,0,0.0,0.0,34.7,82.0,-47.2,0,0,0,0,0,0,0,0,0,0,0,0,0,0,0,0,0,0,0,0,0,0
Tjall DE VAAL,Rotterdam City Basketball,21,Tjall DE VAAL,"Jakari SPENCE, Lars NILSEN, Nino VRENCKEN, Noah SLINGERLAND",1,1.4,0,0,0,0,0,0,0,0,0,0,1,0,1,0,0,0,0,0,0,0,0,0.0,0.0,0.0,250.0,-250.0,0,0,0,0,0,0,0,0,0,0,0,0,0,0,0,0,0,0,0,0,0,0
Tjall DE VAAL,Rotterdam City Basketball,21,Tjall DE VAAL,"Chermano VAN LA PARRA, James GRAHAM, Lars NILSEN, Tydus VERHOEVEN",1,1.2,0,0,0,0,0,0,0,0,0,0,0,0,0,0,0,0,0,0,0,0,0,0.0,0.0,100.0,200.0,-100.0,0,0,0,0,0,0,0,0,0,0,0,0,0,0,0,0,0,0,0,0,0,0
Tjall DE VAAL,Rotterdam City Basketball,21,Tjall DE VAAL,"Chermano VAN LA PARRA, Liam VAN DER SCHALIE, Nino VRENCKEN, Tydus VERHOEVEN",1,1.1,0,0,0,0,0,0,0,0,0,0,0,0,0,0,0,0,1,0,1,0,0,0.0,0.0,0.0,100.0,-100.0,0,0,0,100.0,0,0,0,0,0,0,0,0,0,0,0,0,1,0,0,0,0,0
Tydus VERHOEVEN,Rotterdam City Basketball,17,Tydus VERHOEVEN,"Jakari SPENCE, James GRAHAM, Lars NILSEN, Tjall DE VAAL",1,4.8,0,0,1,0.0,0,0,0,0,0,0,0,0,0,0,0,0,0,0,1,0,0,0.0,0.0,0.0,172.5,-172.5,0.0,0.0,0,0.0,0,0,0,1,0,0,0,0,0,0,0,0,0,0,0,0,0,0
Tydus VERHOEVEN,Rotterdam City Basketball,17,Tydus VERHOEVEN,"Chukwuzinife NWOKEJI, Jakari SPENCE, James GRAHAM, Lars NILSEN",1,4.6,0,0,0,0,0,0,0,0,0,0,0,0,0,0,0,0,1,0,1,0,0,0.0,0.0,22.2,65.5,-43.3,0,0,0,100.0,0,0,0,0,0,0,0,0,0,0,0,1,0,0,0,0,0,0
Tydus VERHOEVEN,Rotterdam City Basketball,17,Tydus VERHOEVEN,"Chermano VAN LA PARRA, Jakari SPENCE, James GRAHAM, Tjall DE VAAL",1,4.1,0,0,1,0.0,0,0,0,0,0,0,0,1,1,0,0,0,1,0,2,0,0,0.0,0.0,53.6,69.9,-16.2,0.0,0.0,0,50.0,0,0,0,1,0,0,0,0,0,0,0,1,0,0,0,0,0,0
Tydus VERHOEVEN,Rotterdam City Basketball,17,Tydus VERHOEVEN,"Chukwuzinife NWOKEJI, Jakari SPENCE, James GRAHAM, Liam VAN DER SCHALIE",1,3.9,0,0,0,0,0,0,0,0,0,0,0,0,0,0,0,0,1,0,1,0,0,0.0,0.0,75.0,189.3,-114.3,0,0,0,100.0,0,0,0,0,0,0,0,0,0,0,0,1,0,0,0,0,0,0
Tydus VERHOEVEN,Rotterdam City Basketball,17,Tydus VERHOEVEN,"Jakari SPENCE, James GRAHAM, Noah SLINGERLAND, Tjall DE VAAL",1,3.0,0,0,0,0,0,0,0,0,0,0,0,1,1,0,0,0,0,0,0,0,0,0.0,0.0,82.0,121.7,-39.7,0,0,0,0,0,0,0,0,0,0,0,0,0,0,0,0,0,0,0,0,0,0
Tydus VERHOEVEN,Rotterdam City Basketball,17,Tydus VERHOEVEN,"Chermano VAN LA PARRA, Chukwuzinife NWOKEJI, Jakari SPENCE, James GRAHAM",1,2.7,2,1,1,100.0,0,0,0,0,0,0,0,0,0,1,0,1,0,0,1,3,5,5.0,94.0,131.6,120.0,11.6,100.0,100.0,100.0,0.0,0,0,0,1,1,100,0,0,0,0,0,0,0,0,0,0,0,0
Tydus VERHOEVEN,Rotterdam City Basketball,17,Tydus VERHOEVEN,"Chermano VAN LA PARRA, Lars NILSEN, Nino VRENCKEN, Tjall DE VAAL",1,1.6,0,0,0,0,0,0,0,0,0,0,0,2,2,0,0,0,0,0,0,0,0,0.0,0.0,34.7,82.0,-47.2,0,0,0,0,0,0,0,0,0,0,0,0,0,0,0,0,0,0,0,0,0,0
Tydus VERHOEVEN,Rotterdam City Basketball,17,Tydus VERHOEVEN,"Chermano VAN LA PARRA, Lars NILSEN, Liam VAN DER SCHALIE, Noah SLINGERLAND",1,1.4,0,0,1,0.0,0,0,0,0,0,0,0,0,0,0,0,0,0,0,1,0,0,0.0,0.0,0.0,203.5,-203.5,0.0,0.0,0,0.0,0,0,0,1,0,0,0,0,0,0,0,0,0,0,0,0,0,0
Tydus VERHOEVEN,Rotterdam City Basketball,17,Tydus VERHOEVEN,"Chermano VAN LA PARRA, James GRAHAM, Lars NILSEN, Tjall DE VAAL",1,1.2,2,1,1,100.0,0,0,0,0,0,0,0,0,0,0,0,0,0,0,1,0,2,2.0,100.0,100.0,200.0,-100.0,100.0,100.0,0.0,0.0,0,0,0,1,1,100,0,0,0,0,0,0,0,0,0,0,0,0
Tydus VERHOEVEN,Rotterdam City Basketball,17,Tydus VERHOEVEN,"Jakari SPENCE, Lars NILSEN, Nino VRENCKEN, Noah SLINGERLAND",1,1.1,0,0,0,0,0,0,0,0,0,0,0,0,0,0,0,0,0,0,0,0,0,0.0,0.0,0.0,0.0,0.0,0,0,0,0,0,0,0,0,0,0,0,0,0,0,0,0,0,0,0,0,0,0
Tydus VERHOEVEN,Rotterdam City Basketball,17,Tydus VERHOEVEN,"Chermano VAN LA PARRA, Liam VAN DER SCHALIE, Nino VRENCKEN, Tjall DE VAAL",1,1.1,0,0,0,0,0,0,0,0,0,0,0,0,0,0,0,0,0,0,0,0,0,0.0,0.0,0.0,100.0,-100.0,0,0,0,0,0,0,0,0,0,0,0,0,0,0,0,0,0,0,0,0,0,0
Guillaume DE MOL,Stella Artois Leuven Bears,7,Guillaume DE MOL,"Kelton TALFORD, Roel BUCUMI, Tytan ANDERSON, Wilson PRUITT",1,13.7,0,0,1,0.0,0,0,0,0,0,0,1,1,2,1,0,0,0,3,0,3,3,3.0,12.0,95.9,129.1,-33.2,0.0,0.0,0,0.0,0,0,0,1,0,0,0,0,0,0,0,0,0,0,0,0,0,0
Guillaume DE MOL,Stella Artois Leuven Bears,7,Guillaume DE MOL,"Roel BUCUMI, Tytan ANDERSON, Wen MUKUBU, Wilson PRUITT",1,10.2,1,0,2,0.0,0,1,0.0,1,2,50.0,2,0,2,0,0,0,0,0,1,0,1,1.0,6.1,90.8,110.0,-19.2,0.0,17.4,0,0.0,0,0,0,1,0,0,0,0,0,0,0,0,0,0,0,1,0,0
Guillaume DE MOL,Stella Artois Leuven Bears,7,Guillaume DE MOL,"Kelton TALFORD, Tytan ANDERSON, Wen MUKUBU, Wilson PRUITT",1,4.0,1,0,0,0,0,0,0,1,2,50.0,0,0,0,0,0,0,0,0,1,0,1,1.0,14.0,97.8,57.1,40.7,0,56.8,0,0.0,0,0,0,0,0,0,0,0,0,0,0,0,0,0,0,1,0,0
Guillaume DE MOL,Stella Artois Leuven Bears,7,Guillaume DE MOL,"Roel BUCUMI, Victor VANDERSTRAETEN, Wen MUKUBU, Wilson PRUITT",1,2.3,0,0,0,0,0,0,0,0,0,0,0,0,0,0,0,0,0,0,0,0,0,0.0,0.0,66.7,175.0,-108.3,0,0,0,0,0,0,0,0,0,0,0,0,0,0,0,0,0,0,0,0,0,0
Guillaume DE MOL,Stella Artois Leuven Bears,7,Guillaume DE MOL,"Tytan ANDERSON, Victor VANDERSTRAETEN, Wen MUKUBU, Wilson PRUITT",1,1.2,0,0,0,0,0,0,0,0,0,0,0,0,0,1,0,0,0,0,0,2,2,2.0,66.7,133.3,34.7,98.6,0,0,0,0.0,0,0,0,0,0,0,0,0,0,0,0,0,0,0,0,0,0,0
James BLACKMON,Stella Artois Leuven Bears,1,James BLACKMON,"Kelton TALFORD, Roel BUCUMI, Tytan ANDERSON, Wilson PRUITT",1,4.4,0,0,1,0.0,0,1,0.0,0,0,0,0,0,0,0,0,0,0,0,1,0,0,0.0,0.0,74.3,115.9,-41.6,0.0,0.0,0,0.0,0,0,0,0,0,0,0,0,0,0,0,0,0,0,0,0,0,0
James BLACKMON,Stella Artois Leuven Bears,1,James BLACKMON,"Stef SCHAUVLIEGER, Tytan ANDERSON, Victor VANDERSTRAETEN, Wen MUKUBU",1,3.7,2,1,4,25.0,0,2,0.0,0,0,0,0,0,0,0,0,0,0,0,4,0,2,2.0,34.0,34.0,46.2,-12.2,25.0,25.0,0.0,0.0,0,0,0,2,1,50,0,0,0,0,0,0,0,0,0,0,0,0
James BLACKMON,Stella Artois Leuven Bears,1,James BLACKMON,"Noa TERCLAVERS, Victor VANDERSTRAETEN, Wen MUKUBU, Wilson PRUITT",1,1.5,0,0,0,0,0,0,0,0,0,0,0,1,1,0,0,0,0,0,0,0,0,0.0,0.0,100.0,162.6,-62.6,0,0,0,0,0,0,0,0,0,0,0,0,0,0,0,0,0,0,0,0,0,0
Kelton TALFORD,Stella Artois Leuven Bears,3,Kelton TALFORD,"Guillaume DE MOL, Roel BUCUMI, Tytan ANDERSON, Wilson PRUITT",1,13.7,5,2,7,28.6,0,0,0,1,3,33.3,2,2,4,0,1,0,2,3,8,0,5,5.0,20.0,95.9,129.1,-33.2,28.6,30.0,0.0,19.4,2,2,100,5,0,0,0,0,0,1,0,1,1,0,0,2,1,2
Kelton TALFORD,Stella Artois Leuven Bears,3,Kelton TALFORD,"James BLACKMON, Roel BUCUMI, Tytan ANDERSON, Wilson PRUITT",1,4.4,2,1,2,50.0,0,0,0,0,0,0,0,0,0,1,0,0,1,0,3,2,4,4.0,49.5,74.3,115.9,-41.6,50.0,50.0,100.0,25.0,0,0,0,2,1,50,0,0,0,0,0,0,1,0,0,2,0,0
Kelton TALFORD,Stella Artois Leuven Bears,3,Kelton TALFORD,"Guillaume DE MOL, Tytan ANDERSON, Wen MUKUBU, Wilson PRUITT",1,4.0,0,0,1,0.0,0,0,0,0,0,0,0,0,0,0,0,0,1,1,2,0,0,0.0,0.0,97.8,57.1,40.7,0.0,0.0,0,50.0,0,0,0,1,0,0,0,0,0,0,0,0,1,0,0,0,0,0
Kelton TALFORD,Stella Artois Leuven Bears,3,Kelton TALFORD,"Roel BUCUMI, Tytan ANDERSON, Wen MUKUBU, Wilson PRUITT",1,2.1,5,2,3,66.7,0,0,0,1,1,100.0,0,0,0,0,0,0,0,0,3,0,5,5.0,112.6,157.7,66.7,91.0,66.7,72.7,0.0,0.0,0,0,0,3,2,66.7,0,0,0,0,0,0,0,0,0,2,0,4
Noa TERCLAVERS,Stella Artois Leuven Bears,8,Noa TERCLAVERS,"James BLACKMON, Victor VANDERSTRAETEN, Wen MUKUBU, Wilson PRUITT",1,1.5,0,0,0,0,0,0,0,0,0,0,0,1,1,1,0,0,0,0,0,2,2,2.0,100.0,100.0,162.6,-62.6,0,0,0,0.0,0,0,0,0,0,0,0,0,0,0,0,0,0,0,0,0,0,0
Roel BUCUMI,Stella Artois Leuven Bears,11,Roel BUCUMI,"Guillaume DE MOL, Kelton TALFORD, Tytan ANDERSON, Wilson PRUITT",1,13.7,9,3,8,37.5,2,5,40.0,1,1,100.0,0,1,1,1,3,0,0,0,8,2,11,11.0,43.9,95.9,129.1,-33.2,50.0,53.3,33.3,0.0,0,0,0,3,1,33.3,0,0,0,0,0,0,0,0,0,3,0,0
Roel BUCUMI,Stella Artois Leuven Bears,11,Roel BUCUMI,"Guillaume DE MOL, Tytan ANDERSON, Wen MUKUBU, Wilson PRUITT",1,10.2,3,1,6,16.7,1,5,20.0,0,0,0,0,0,0,0,1,0,0,1,6,0,3,3.0,18.2,90.8,110.0,-19.2,25.0,25.0,0.0,0.0,0,0,0,1,0,0,0,0,0,0,0,0,0,0,0,0,0,3
Roel BUCUMI,Stella Artois Leuven Bears,11,Roel BUCUMI,"James BLACKMON, Kelton TALFORD, Tytan ANDERSON, Wilson PRUITT",1,4.4,2,1,1,100.0,0,0,0,0,0,0,0,0,0,0,1,0,0,0,1,0,2,2.0,24.8,74.3,115.9,-41.6,100.0,100.0,0.0,0.0,0,0,0,1,1,100,0,0,0,0,0,0,0,0,0,0,0,0
Roel BUCUMI,Stella Artois Leuven Bears,11,Roel BUCUMI,"Guillaume DE MOL, Victor VANDERSTRAETEN, Wen MUKUBU, Wilson PRUITT",1,2.3,0,0,0,0,0,0,0,0,0,0,0,0,0,0,0,0,0,0,0,0,0,0.0,0.0,66.7,175.0,-108.3,0,0,0,0,0,0,0,0,0,0,0,0,0,0,0,0,0,0,0,0,0,0
Roel BUCUMI,Stella Artois Leuven Bears,11,Roel BUCUMI,"Kelton TALFORD, Tytan ANDERSON, Wen MUKUBU, Wilson PRUITT",1,2.1,0,0,0,0,0,0,0,0,0,0,0,0,0,0,0,0,0,1,0,0,0,0.0,0.0,157.7,66.7,91.0,0,0,0,0,0,0,0,0,0,0,0,0,0,0,0,0,0,0,0,0,0,0
Roel BUCUMI,Stella Artois Leuven Bears,11,Roel BUCUMI,"Tytan ANDERSON, Victor VANDERSTRAETEN, Wen MUKUBU, Wilson PRUITT",1,1.4,0,0,2,0.0,0,1,0.0,0,0,0,0,0,0,0,0,0,0,0,2,0,0,0.0,0.0,107.5,250.0,-142.5,0.0,0.0,0,0.0,0,0,0,1,0,0,0,0,0,0,0,0,0,0,0,0,0,0
Stef SCHAUVLIEGER,Stella Artois Leuven Bears,17,Stef SCHAUVLIEGER,"James BLACKMON, Tytan ANDERSON, Victor VANDERSTRAETEN, Wen MUKUBU",1,3.7,0,0,0,0,0,0,0,0,0,0,0,0,0,0,1,0,1,2,1,0,0,0.0,0.0,34.0,46.2,-12.2,0,0,0,100.0,0,0,0,0,0,0,0,0,0,0,0,0,0,0,0,0,0,0
Tytan ANDERSON,Stella Artois Leuven Bears,32,Tytan ANDERSON,"Guillaume DE MOL, Kelton TALFORD, Roel BUCUMI, Wilson PRUITT",1,13.7,4,1,3,33.3,0,1,0.0,2,2,100.0,1,0,1,2,1,0,1,1,4,5,9,9.0,36.0,95.9,129.1,-33.2,33.3,51.5,200.0,14.5,1,1,100,1,0,0,0,0,0,0,0,0,0,0,0,0,2,0
Tytan ANDERSON,Stella Artois Leuven Bears,32,Tytan ANDERSON,"Guillaume DE MOL, Roel BUCUMI, Wen MUKUBU, Wilson PRUITT",1,10.2,0,0,5,0.0,0,2,0.0,0,0,0,0,4,4,1,1,0,1,1,6,3,3,3.0,18.2,90.8,110.0,-19.2,0.0,0.0,0,14.3,0,0,0,3,0,0,0,0,0,0,0,1,0,0,0,0,0,0
Tytan ANDERSON,Stella Artois Leuven Bears,32,Tytan ANDERSON,"James BLACKMON, Kelton TALFORD, Roel BUCUMI, Wilson PRUITT",1,4.4,0,0,0,0,0,0,0,0,0,0,1,0,1,0,0,0,0,0,0,0,0,0.0,0.0,74.3,115.9,-41.6,0,0,0,0,0,0,0,0,0,0,0,0,0,0,0,0,0,0,0,0,0,0
Tytan ANDERSON,Stella Artois Leuven Bears,32,Tytan ANDERSON,"Guillaume DE MOL, Kelton TALFORD, Wen MUKUBU, Wilson PRUITT",1,4.0,2,1,2,50.0,0,0,0,0,0,0,1,2,3,1,0,0,1,1,2,2,4,4.0,55.9,97.8,57.1,40.7,50.0,50.0,100.0,25.0,1,1,100,1,0,0,0,0,0,1,0,0,0,0,0,2,0,0
Tytan ANDERSON,Stella Artois Leuven Bears,32,Tytan ANDERSON,"James BLACKMON, Stef SCHAUVLIEGER, Victor VANDERSTRAETEN, Wen MUKUBU",1,3.7,0,0,0,0,0,0,0,0,0,0,0,1,1,0,0,0,0,0,0,0,0,0.0,0.0,34.0,46.2,-12.2,0,0,0,0,0,0,0,0,0,0,0,0,0,0,0,0,0,0,0,0,0,0
Tytan ANDERSON,Stella Artois Leuven Bears,32,Tytan ANDERSON,"Kelton TALFORD, Roel BUCUMI, Wen MUKUBU, Wilson PRUITT",1,2.1,2,1,1,100.0,0,0,0,0,0,0,0,0,0,1,0,0,0,0,1,2,4,4.0,90.1,157.7,66.7,91.0,100.0,100.0,100.0,0.0,0,0,0,1,1,100,0,0,0,0,0,0,0,0,0,0,0,0
Tytan ANDERSON,Stella Artois Leuven Bears,32,Tytan ANDERSON,"Roel BUCUMI, Victor VANDERSTRAETEN, Wen MUKUBU, Wilson PRUITT",1,1.4,0,0,0,0,0,0,0,0,0,0,0,0,0,0,0,0,0,0,0,0,0,0.0,0.0,107.5,250.0,-142.5,0,0,0,0,0,0,0,0,0,0,0,0,0,0,0,0,0,0,0,0,0,0
Tytan ANDERSON,Stella Artois Leuven Bears,32,Tytan ANDERSON,"Guillaume DE MOL, Victor VANDERSTRAETEN, Wen MUKUBU, Wilson PRUITT",1,1.2,0,0,0,0,0,0,0,0,0,0,0,1,1,0,0,0,0,0,0,0,0,0.0,0.0,133.3,34.7,98.6,0,0,0,0,0,0,0,0,0,0,0,0,0,0,0,0,0,0,0,0,0,0
Victor VANDERSTRAETEN,Stella Artois Leuven Bears,6,Victor VANDERSTRAETEN,"James BLACKMON, Stef SCHAUVLIEGER, Tytan ANDERSON, Wen MUKUBU",1,3.7,0,0,0,0,0,0,0,0,2,0.0,0,1,1,0,0,0,0,1,1,0,0,0.0,0.0,34.0,46.2,-12.2,0,0.0,0,0.0,0,0,0,0,0,0,0,0,0,0,0,0,0,0,0,0,0,0
Victor VANDERSTRAETEN,Stella Artois Leuven Bears,6,Victor VANDERSTRAETEN,"Guillaume DE MOL, Roel BUCUMI, Wen MUKUBU, Wilson PRUITT",1,2.3,2,1,2,50.0,0,0,0,0,0,0,0,0,0,0,0,1,0,0,2,0,2,2.0,66.7,66.7,175.0,-108.3,50.0,50.0,0.0,0.0,0,0,0,2,1,50,0,0,0,0,0,0,0,0,0,0,0,0
Victor VANDERSTRAETEN,Stella Artois Leuven Bears,6,Victor VANDERSTRAETEN,"James BLACKMON, Noa TERCLAVERS, Wen MUKUBU, Wilson PRUITT",1,1.5,0,0,0,0,0,0,0,0,0,0,0,0,0,0,0,0,0,0,0,0,0,0.0,0.0,100.0,162.6,-62.6,0,0,0,0,0,0,0,0,0,0,0,0,0,0,0,0,0,0,0,0,0,0
Victor VANDERSTRAETEN,Stella Artois Leuven Bears,6,Victor VANDERSTRAETEN,"Roel BUCUMI, Tytan ANDERSON, Wen MUKUBU, Wilson PRUITT",1,1.4,2,1,1,100.0,0,0,0,0,0,0,1,0,1,0,0,0,0,0,0,0,2,2.0,107.5,107.5,250.0,-142.5,100.0,100.0,0.0,0.0,1,1,100,0,0,0,0,0,0,1,0,0,0,0,0,2,0,0
Victor VANDERSTRAETEN,Stella Artois Leuven Bears,6,Victor VANDERSTRAETEN,"Guillaume DE MOL, Tytan ANDERSON, Wen MUKUBU, Wilson PRUITT",1,1.2,0,0,0,0,0,0,0,0,0,0,0,1,1,0,0,0,1,1,1,0,0,0.0,0.0,133.3,34.7,98.6,0,0,0,100.0,0,0,0,0,0,0,0,0,0,0,0,0,1,0,0,0,0,0
Wen MUKUBU,Stella Artois Leuven Bears,4,Wen MUKUBU,"Guillaume DE MOL, Roel BUCUMI, Tytan ANDERSON, Wilson PRUITT",1,10.2,4,2,3,66.7,0,1,0.0,0,0,0,1,1,2,1,0,0,1,1,3,2,6,6.0,36.3,90.8,110.0,-19.2,66.7,66.7,50.0,20.0,1,1,100,1,1,100,0,0,0,1,0,0,1,0,0,2,0,0
Wen MUKUBU,Stella Artois Leuven Bears,4,Wen MUKUBU,"Guillaume DE MOL, Kelton TALFORD, Tytan ANDERSON, Wilson PRUITT",1,4.0,0,0,0,0,0,0,0,0,0,0,0,1,1,0,0,0,0,0,0,0,0,0.0,0.0,97.8,57.1,40.7,0,0,0,0,0,0,0,0,0,0,0,0,0,0,0,0,0,0,0,0,0,0
Wen MUKUBU,Stella Artois Leuven Bears,4,Wen MUKUBU,"James BLACKMON, Stef SCHAUVLIEGER, Tytan ANDERSON, Victor VANDERSTRAETEN",1,3.7,0,0,0,0,0,0,0,0,0,0,0,0,0,0,0,1,0,0,0,0,0,0.0,0.0,34.0,46.2,-12.2,0,0,0,0,0,0,0,0,0,0,0,0,0,0,0,0,0,0,0,0,0,0
Wen MUKUBU,Stella Artois Leuven Bears,4,Wen MUKUBU,"Guillaume DE MOL, Roel BUCUMI, Victor VANDERSTRAETEN, Wilson PRUITT",1,2.3,0,0,0,0,0,0,0,0,0,0,0,0,0,0,0,0,0,0,0,0,0,0.0,0.0,66.7,175.0,-108.3,0,0,0,0,0,0,0,0,0,0,0,0,0,0,0,0,0,0,0,0,0,0
Wen MUKUBU,Stella Artois Leuven Bears,4,Wen MUKUBU,"Kelton TALFORD, Roel BUCUMI, Tytan ANDERSON, Wilson PRUITT",1,2.1,0,0,0,0,0,0,0,0,0,0,0,1,1,0,1,0,0,0,0,0,0,0.0,0.0,157.7,66.7,91.0,0,0,0,0,0,0,0,0,0,0,0,0,0,0,0,0,0,0,0,0,0,0
Wen MUKUBU,Stella Artois Leuven Bears,4,Wen MUKUBU,"James BLACKMON, Noa TERCLAVERS, Victor VANDERSTRAETEN, Wilson PRUITT",1,1.5,2,1,1,100.0,0,0,0,0,0,0,0,0,0,0,0,0,0,1,1,0,2,2.0,100.0,100.0,162.6,-62.6,100.0,100.0,0.0,0.0,0,0,0,1,1,100,0,0,0,0,0,0,0,0,0,0,0,0
Wen MUKUBU,Stella Artois Leuven Bears,4,Wen MUKUBU,"Roel BUCUMI, Tytan ANDERSON, Victor VANDERSTRAETEN, Wilson PRUITT",1,1.4,0,0,0,0,0,0,0,0,0,0,1,0,1,0,0,0,0,0,0,0,0,0.0,0.0,107.5,250.0,-142.5,0,0,0,0,0,0,0,0,0,0,0,0,0,0,0,0,0,0,0,0,0,0
Wen MUKUBU,Stella Artois Leuven Bears,4,Wen MUKUBU,"Guillaume DE MOL, Tytan ANDERSON, Victor VANDERSTRAETEN, Wilson PRUITT",1,1.2,2,1,1,100.0,0,0,0,0,0,0,0,0,0,0,0,0,0,0,1,0,2,2.0,66.7,133.3,34.7,98.6,100.0,100.0,0.0,0.0,0,0,0,1,1,100,0,0,0,0,0,0,0,0,0,0,0,0
Wilson PRUITT,Stella Artois Leuven Bears,2,Wilson PRUITT,"Guillaume DE MOL, Kelton TALFORD, Roel BUCUMI, Tytan ANDERSON",1,13.7,6,3,4,75.0,0,0,0,0,0,0,0,2,2,3,0,0,1,1,5,2,8,8.0,32.0,95.9,129.1,-33.2,75.0,75.0,100.0,12.5,0,0,0,4,3,75,0,0,0,0,0,0,1,0,0,0,4,6
Wilson PRUITT,Stella Artois Leuven Bears,2,Wilson PRUITT,"Guillaume DE MOL, Roel BUCUMI, Tytan ANDERSON, Wen MUKUBU",1,10.2,7,1,4,25.0,0,1,0.0,5,5,100.0,3,0,3,1,0,0,0,2,3,2,9,9.0,54.5,90.8,110.0,-19.2,25.0,56.5,100.0,0.0,1,0,0,2,1,50,0,0,0,0,0,0,0,0,0,0,0,4
Wilson PRUITT,Stella Artois Leuven Bears,2,Wilson PRUITT,"James BLACKMON, Kelton TALFORD, Roel BUCUMI, Tytan ANDERSON",1,4.4,2,1,2,50.0,0,1,0.0,0,2,0.0,0,0,0,1,1,0,1,1,4,2,4,4.0,49.5,74.3,115.9,-41.6,50.0,34.7,100.0,20.5,0,0,0,1,1,100,0,0,0,0,0,1,0,0,0,0,0,2
Wilson PRUITT,Stella Artois Leuven Bears,2,Wilson PRUITT,"Guillaume DE MOL, Kelton TALFORD, Tytan ANDERSON, Wen MUKUBU",1,4.0,4,1,2,50.0,0,0,0,2,2,100.0,1,0,1,0,0,0,0,0,2,0,4,4.0,55.9,97.8,57.1,40.7,50.0,69.4,0.0,0.0,0,0,0,2,1,50,0,0,0,0,0,0,0,0,0,0,0,2
Wilson PRUITT,Stella Artois Leuven Bears,2,Wilson PRUITT,"Guillaume DE MOL, Roel BUCUMI, Victor VANDERSTRAETEN, Wen MUKUBU",1,2.3,0,0,0,0,0,0,0,0,0,0,0,1,1,1,0,0,1,0,1,2,2,2.0,66.7,66.7,175.0,-108.3,0,0,0,50.0,0,0,0,0,0,0,0,0,0,0,0,0,1,0,0,0,0,0
Wilson PRUITT,Stella Artois Leuven Bears,2,Wilson PRUITT,"Kelton TALFORD, Roel BUCUMI, Tytan ANDERSON, Wen MUKUBU",1,2.1,0,0,0,0,0,0,0,0,0,0,0,0,0,1,0,0,0,0,0,2,2,2.0,45.0,157.7,66.7,91.0,0,0,0,0.0,0,0,0,0,0,0,0,0,0,0,0,0,0,0,0,0,0,0
Wilson PRUITT,Stella Artois Leuven Bears,2,Wilson PRUITT,"James BLACKMON, Noa TERCLAVERS, Victor VANDERSTRAETEN, Wen MUKUBU",1,1.5,0,0,0,0,0,0,0,0,0,0,0,0,0,0,0,0,1,0,1,0,0,0.0,0.0,100.0,162.6,-62.6,0,0,0,100.0,0,0,0,0,0,0,0,0,0,0,0,0,1,0,0,0,0,0
Wilson PRUITT,Stella Artois Leuven Bears,2,Wilson PRUITT,"Roel BUCUMI, Tytan ANDERSON, Victor VANDERSTRAETEN, Wen MUKUBU",1,1.4,0,0,1,0.0,0,0,0,0,0,0,0,0,0,0,0,0,0,0,1,0,0,0.0,0.0,107.5,250.0,-142.5,0.0,0.0,0,0.0,0,0,0,1,0,0,0,0,0,0,0,0,0,0,0,0,0,0
Wilson PRUITT,Stella Artois Leuven Bears,2,Wilson PRUITT,"Guillaume DE MOL, Tytan ANDERSON, Victor VANDERSTRAETEN, Wen MUKUBU",1,1.2,2,1,1,100.0,0,0,0,0,0,0,0,0,0,0,0,0,0,0,1,0,2,2.0,66.7,133.3,34.7,98.6,100.0,100.0,0.0,0.0,0,0,0,1,1,100,0,0,0,0,0,0,0,0,0,0,0,0
Fortune KATIKI,Union Mons-Hainaut,27,Fortune KATIKI,"Greg MILTON III, Lual DIING, Maks KLANJSCEK, Malik WHITAKER",1,4.6,0,0,0,0,0,0,0,0,0,0,0,0,0,0,0,0,0,0,0,0,0,0.0,0.0,130.8,129.5,1.3,0,0,0,0,0,0,0,0,0,0,0,0,0,0,0,0,0,0,0,0,0,0
Fortune KATIKI,Union Mons-Hainaut,27,Fortune KATIKI,"Greg MILTON III, Malik WHITAKER, Matic MIKUS, Matteo VERSTRAETE",1,1.8,0,0,0,0,0,0,0,0,0,0,0,0,0,0,0,0,0,0,0,0,0,0.0,0.0,66.7,66.7,0.0,0,0,0,0,0,0,0,0,0,0,0,0,0,0,0,0,0,0,0,0,0,0
Fortune KATIKI,Union Mons-Hainaut,27,Fortune KATIKI,"Maks KLANJSCEK, Malik WHITAKER, Matic MIKUS, Sacha GODIMUS",1,1.6,0,0,0,0,0,0,0,0,0,0,0,0,0,0,0,0,0,0,0,0,0,0.0,0.0,138.9,219.0,-80.1,0,0,0,0,0,0,0,0,0,0,0,0,0,0,0,0,0,0,0,0,0,0
Garrett HIEN,Union Mons-Hainaut,3,Garrett HIEN,"Greg MILTON III, Lual DIING, Maks KLANJSCEK, Malik WHITAKER",1,9.6,8,3,3,100.0,2,2,100.0,0,0,0,0,0,0,1,0,0,1,3,4,3,11,11.0,62.3,147.1,107.7,39.4,133.3,133.3,33.3,20.0,0,0,0,1,1,100,0,0,0,0,0,0,1,0,0,0,0,0
Garrett HIEN,Union Mons-Hainaut,3,Garrett HIEN,"Greg MILTON III, Lual DIING, Maks KLANJSCEK, Matteo VERSTRAETE",1,6.8,2,1,3,33.3,0,0,0,0,0,0,0,1,1,0,1,0,0,2,3,0,2,2.0,14.4,57.6,143.8,-86.2,33.3,33.3,0.0,0.0,0,0,0,3,1,33.3,0,0,0,0,0,0,0,0,0,0,0,0
Garrett HIEN,Union Mons-Hainaut,3,Garrett HIEN,"Greg MILTON III, Malik WHITAKER, Matic MIKUS, Matteo VERSTRAETE",1,1.3,0,0,0,0,0,0,0,0,0,0,0,0,0,0,0,0,0,0,0,0,0,0.0,0.0,150.0,0.0,150.0,0,0,0,0,0,0,0,0,0,0,0,0,0,0,0,0,0,0,0,0,0,0
Greg MILTON III,Union Mons-Hainaut,0,Greg MILTON III,"Garrett HIEN, Lual DIING, Maks KLANJSCEK, Malik WHITAKER",1,9.6,6,2,4,50.0,0,1,0.0,2,2,100.0,1,1,2,1,0,0,1,0,5,3,9,9.0,50.9,147.1,107.7,39.4,50.0,61.5,50.0,14.5,0,0,0,3,2,66.7,0,0,0,0,0,1,0,0,0,0,2,2
Greg MILTON III,Union Mons-Hainaut,0,Greg MILTON III,"Maks KLANJSCEK, Malik WHITAKER, Matic MIKUS, Matteo VERSTRAETE",1,9.4,2,1,2,50.0,0,0,0,0,0,0,0,0,0,0,0,0,1,0,3,0,2,2.0,10.8,124.5,158.5,-34.0,50.0,50.0,0.0,33.3,0,0,0,2,1,50,0,0,0,0,0,1,0,0,0,0,0,0
Greg MILTON III,Union Mons-Hainaut,0,Greg MILTON III,"Garrett HIEN, Lual DIING, Maks KLANJSCEK, Matteo VERSTRAETE",1,6.8,0,0,1,0.0,0,1,0.0,0,0,0,0,0,0,2,2,0,1,0,2,4,4,4.0,28.8,57.6,143.8,-86.2,0.0,0.0,0,25.0,0,0,0,0,0,0,0,0,0,0,0,1,0,0,0,0,0,0
Greg MILTON III,Union Mons-Hainaut,0,Greg MILTON III,"Fortune KATIKI, Lual DIING, Maks KLANJSCEK, Malik WHITAKER",1,4.6,0,0,0,0,0,0,0,0,0,0,0,0,0,1,0,0,0,1,0,3,3,3.0,43.6,130.8,129.5,1.3,0,0,0,0.0,0,0,0,0,0,0,0,0,0,0,0,0,0,0,0,0,0,0
Greg MILTON III,Union Mons-Hainaut,0,Greg MILTON III,"Lual DIING, Maks KLANJSCEK, Malik WHITAKER, Matic MIKUS",1,3.0,4,2,3,66.7,0,1,0.0,0,0,0,0,1,1,0,0,0,0,0,3,0,4,4.0,50.0,50.0,235.7,-185.7,66.7,66.7,0.0,0.0,0,0,0,2,2,100,0,0,0,0,0,0,0,0,0,0,0,0
Greg MILTON III,Union Mons-Hainaut,0,Greg MILTON III,"Fortune KATIKI, Malik WHITAKER, Matic MIKUS, Matteo VERSTRAETE",1,1.8,0,0,0,0,0,0,0,0,0,0,0,0,0,0,0,0,0,0,0,0,0,0.0,0.0,66.7,66.7,0.0,0,0,0,0,0,0,0,0,0,0,0,0,0,0,0,0,0,0,0,0,0,0
Greg MILTON III,Union Mons-Hainaut,0,Greg MILTON III,"Garrett HIEN, Malik WHITAKER, Matic MIKUS, Matteo VERSTRAETE",1,1.3,0,0,0,0,0,0,0,0,0,0,0,1,1,1,0,0,0,0,0,3,3,3.0,150.0,150.0,0.0,150.0,0,0,0,0.0,0,0,0,0,0,0,0,0,0,0,0,0,0,0,0,0,0,0
Lual DIING,Union Mons-Hainaut,10,Lual DIING,"Garrett HIEN, Greg MILTON III, Maks KLANJSCEK, Malik WHITAKER",1,9.6,0,0,2,0.0,0,2,0.0,0,0,0,2,1,3,0,0,0,0,2,0,0,0,0.0,0.0,147.1,107.7,39.4,0.0,0.0,0,0.0,0,0,0,0,0,0,0,0,0,0,0,0,0,0,0,0,0,0
Lual DIING,Union Mons-Hainaut,10,Lual DIING,"Garrett HIEN, Greg MILTON III, Maks KLANJSCEK, Matteo VERSTRAETE",1,6.8,2,1,1,100.0,0,0,0,0,0,0,0,1,1,0,0,0,0,0,1,0,2,2.0,14.4,57.6,143.8,-86.2,100.0,100.0,0.0,0.0,0,0,0,1,1,100,0,0,0,0,0,0,0,0,0,0,2,2
Lual DIING,Union Mons-Hainaut,10,Lual DIING,"Fortune KATIKI, Greg MILTON III, Maks KLANJSCEK, Malik WHITAKER",1,4.6,7,2,3,66.7,1,1,100.0,2,2,100.0,0,0,0,0,1,0,0,0,4,0,7,7.0,101.7,130.8,129.5,1.3,83.3,90.2,0.0,0.0,0,0,0,2,1,50,0,0,0,0,0,0,0,0,0,0,0,2
Lual DIING,Union Mons-Hainaut,10,Lual DIING,"Greg MILTON III, Maks KLANJSCEK, Malik WHITAKER, Matic MIKUS",1,3.0,0,0,2,0.0,0,0,0,0,0,0,0,0,0,0,0,0,0,1,2,0,0,0.0,0.0,50.0,235.7,-185.7,0.0,0.0,0,0.0,0,0,0,2,0,0,0,0,0,0,0,0,0,0,0,0,0,0
Maks KLANJSCEK,Union Mons-Hainaut,13,Maks KLANJSCEK,"Garrett HIEN, Greg MILTON III, Lual DIING, Malik WHITAKER",1,9.6,6,2,3,66.7,2,3,66.7,0,0,0,0,1,1,2,1,0,1,2,4,6,12,12.0,67.9,147.1,107.7,39.4,100.0,100.0,100.0,16.7,0,0,0,0,0,0,0,0,0,0,1,0,1,0,0,3,3,6
Maks KLANJSCEK,Union Mons-Hainaut,13,Maks KLANJSCEK,"Greg MILTON III, Malik WHITAKER, Matic MIKUS, Matteo VERSTRAETE",1,9.4,8,1,4,25.0,0,1,0.0,6,8,75.0,0,2,2,0,0,0,0,0,7,0,8,8.0,43.3,124.5,158.5,-34.0,25.0,53.2,0.0,0.0,0,0,0,3,1,33.3,0,0,0,0,0,0,0,0,0,2,4,0
Maks KLANJSCEK,Union Mons-Hainaut,13,Maks KLANJSCEK,"Garrett HIEN, Greg MILTON III, Lual DIING, Matteo VERSTRAETE",1,6.8,4,1,4,25.0,0,1,0.0,2,2,100.0,0,0,0,0,1,0,1,0,6,0,4,4.0,28.8,57.6,143.8,-86.2,25.0,41.0,0.0,17.0,0,0,0,3,1,33.3,0,0,0,0,0,1,0,0,0,0,2,2
Maks KLANJSCEK,Union Mons-Hainaut,13,Maks KLANJSCEK,"Fortune KATIKI, Greg MILTON III, Lual DIING, Malik WHITAKER",1,4.6,2,1,2,50.0,0,1,0.0,0,0,0,0,0,0,0,0,0,0,0,2,0,2,2.0,29.1,130.8,129.5,1.3,50.0,50.0,0.0,0.0,0,0,0,1,1,100,0,0,0,0,0,0,0,0,0,0,2,2
Maks KLANJSCEK,Union Mons-Hainaut,13,Maks KLANJSCEK,"Greg MILTON III, Lual DIING, Malik WHITAKER, Matic MIKUS",1,3.0,0,0,0,0,0,0,0,0,0,0,0,0,0,0,0,0,1,1,1,0,0,0.0,0.0,50.0,235.7,-185.7,0,0,0,100.0,0,0,0,0,0,0,0,0,0,0,0,1,0,0,0,0,0,0
Maks KLANJSCEK,Union Mons-Hainaut,13,Maks KLANJSCEK,"Fortune KATIKI, Malik WHITAKER, Matic MIKUS, Sacha GODIMUS",1,1.6,2,0,0,0,0,0,0,2,2,100.0,0,1,1,1,0,0,0,0,1,2,4,4.0,138.9,138.9,219.0,-80.1,0,113.6,0,0.0,0,0,0,0,0,0,0,0,0,0,0,0,0,0,0,0,0,0
Maks KLANJSCEK,Union Mons-Hainaut,13,Maks KLANJSCEK,"Malik WHITAKER, Matic MIKUS, Matteo VERSTRAETE, Sacha GODIMUS",1,1.6,0,0,0,0,0,0,0,0,0,0,0,1,1,0,0,0,0,0,0,0,0,0.0,0.0,200.0,379.7,-179.7,0,0,0,0,0,0,0,0,0,0,0,0,0,0,0,0,0,0,0,0,0,0
Malik WHITAKER,Union Mons-Hainaut,7,Malik WHITAKER,"Garrett HIEN, Greg MILTON III, Lual DIING, Maks KLANJSCEK",1,9.6,6,2,3,66.7,2,3,66.7,0,0,0,0,2,2,1,2,0,2,0,5,3,9,9.0,50.9,147.1,107.7,39.4,100.0,100.0,50.0,33.3,0,0,0,0,0,0,0,0,0,0,0,0,1,0,1,3,0,0
Malik WHITAKER,Union Mons-Hainaut,7,Malik WHITAKER,"Greg MILTON III, Maks KLANJSCEK, Matic MIKUS, Matteo VERSTRAETE",1,9.4,9,3,4,75.0,1,2,50.0,2,2,100.0,0,2,2,0,0,1,0,0,5,0,9,9.0,48.7,124.5,158.5,-34.0,87.5,92.2,0.0,0.0,0,0,0,2,2,100,0,0,0,0,1,0,0,0,0,0,0,2
Malik WHITAKER,Union Mons-Hainaut,7,Malik WHITAKER,"Fortune KATIKI, Greg MILTON III, Lual DIING, Maks KLANJSCEK",1,4.6,0,0,0,0,0,0,0,0,0,0,0,0,0,0,1,0,1,1,1,0,0,0.0,0.0,130.8,129.5,1.3,0,0,0,100.0,0,0,0,0,0,0,0,0,0,0,0,0,1,0,0,0,0,0
Malik WHITAKER,Union Mons-Hainaut,7,Malik WHITAKER,"Greg MILTON III, Lual DIING, Maks KLANJSCEK, Matic MIKUS",1,3.0,0,0,1,0.0,0,0,0,0,0,0,0,2,2,0,0,0,0,0,1,0,0,0.0,0.0,50.0,235.7,-185.7,0.0,0.0,0,0.0,0,0,0,1,0,0,0,0,0,0,0,0,0,0,0,0,0,0
Malik WHITAKER,Union Mons-Hainaut,7,Malik WHITAKER,"Fortune KATIKI, Greg MILTON III, Matic MIKUS, Matteo VERSTRAETE",1,1.8,0,0,1,0.0,0,0,0,0,0,0,0,0,0,0,0,0,0,0,1,0,0,0.0,0.0,66.7,66.7,0.0,0.0,0.0,0,0.0,0,0,0,1,0,0,0,0,0,0,0,0,0,0,0,0,0,0
Malik WHITAKER,Union Mons-Hainaut,7,Malik WHITAKER,"Fortune KATIKI, Maks KLANJSCEK, Matic MIKUS, Sacha GODIMUS",1,1.6,0,0,0,0,0,0,0,0,0,0,0,0,0,0,0,0,1,0,1,0,0,0.0,0.0,138.9,219.0,-80.1,0,0,0,100.0,0,0,0,0,0,0,0,0,0,0,0,1,0,0,0,0,0,0
Malik WHITAKER,Union Mons-Hainaut,7,Malik WHITAKER,"Maks KLANJSCEK, Matic MIKUS, Matteo VERSTRAETE, Sacha GODIMUS",1,1.6,6,2,2,100.0,2,2,100.0,0,0,0,0,0,0,0,0,0,0,0,2,0,6,6.0,200.0,200.0,379.7,-179.7,150.0,150.0,0.0,0.0,0,0,0,0,0,0,0,0,0,0,1,0,0,0,0,0,0,0
Malik WHITAKER,Union Mons-Hainaut,7,Malik WHITAKER,"Garrett HIEN, Greg MILTON III, Matic MIKUS, Matteo VERSTRAETE",1,1.3,3,1,1,100.0,1,1,100.0,0,0,0,0,0,0,0,0,0,0,0,1,0,3,3.0,150.0,150.0,0.0,150.0,150.0,150.0,0.0,0.0,0,0,0,0,0,0,0,0,0,0,0,0,0,0,0,0,0,3
Matic MIKUS,Union Mons-Hainaut,14,Matic MIKUS,"Greg MILTON III, Maks KLANJSCEK, Malik WHITAKER, Matteo VERSTRAETE",1,9.4,2,0,1,0.0,0,0,0,2,2,100.0,1,1,2,1,0,0,1,2,2,2,4,4.0,21.6,124.5,158.5,-34.0,0.0,53.2,0,25.8,0,0,0,1,0,0,0,0,0,0,0,0,1,0,0,0,2,0
Matic MIKUS,Union Mons-Hainaut,14,Matic MIKUS,"Greg MILTON III, Lual DIING, Maks KLANJSCEK, Malik WHITAKER",1,3.0,0,0,1,0.0,0,0,0,0,0,0,0,0,0,0,0,0,0,0,1,0,0,0.0,0.0,50.0,235.7,-185.7,0.0,0.0,0,0.0,0,0,0,1,0,0,0,0,0,0,0,0,0,0,0,0,0,0
Matic MIKUS,Union Mons-Hainaut,14,Matic MIKUS,"Fortune KATIKI, Greg MILTON III, Malik WHITAKER, Matteo VERSTRAETE",1,1.8,2,1,1,100.0,0,0,0,0,0,0,0,1,1,0,0,0,0,0,1,0,2,2.0,66.7,66.7,66.7,0.0,100.0,100.0,0.0,0.0,0,0,0,1,1,100,0,0,0,0,0,0,0,0,0,0,0,0
Matic MIKUS,Union Mons-Hainaut,14,Matic MIKUS,"Fortune KATIKI, Maks KLANJSCEK, Malik WHITAKER, Sacha GODIMUS",1,1.6,2,1,1,100.0,0,0,0,0,0,0,0,0,0,0,0,0,0,0,1,0,2,2.0,69.4,138.9,219.0,-80.1,100.0,100.0,0.0,0.0,0,0,0,1,1,100,0,0,0,0,0,0,0,0,0,0,0,0
Matic MIKUS,Union Mons-Hainaut,14,Matic MIKUS,"Maks KLANJSCEK, Malik WHITAKER, Matteo VERSTRAETE, Sacha GODIMUS",1,1.6,0,0,0,0,0,0,0,0,0,0,0,0,0,0,0,0,0,1,0,0,0,0.0,0.0,200.0,379.7,-179.7,0,0,0,0,0,0,0,0,0,0,0,0,0,0,0,0,0,0,0,0,0,0
Matic MIKUS,Union Mons-Hainaut,14,Matic MIKUS,"Garrett HIEN, Greg MILTON III, Malik WHITAKER, Matteo VERSTRAETE",1,1.3,0,0,0,0,0,0,0,0,0,0,0,0,0,0,0,0,0,0,0,0,0,0.0,0.0,150.0,0.0,150.0,0,0,0,0,0,0,0,0,0,0,0,0,0,0,0,0,0,0,0,0,0,0
Matteo VERSTRAETE,Union Mons-Hainaut,18,Matteo VERSTRAETE,"Greg MILTON III, Maks KLANJSCEK, Malik WHITAKER, Matic MIKUS",1,9.4,2,1,1,100.0,0,0,0,0,0,0,0,0,0,0,0,0,0,3,1,0,2,2.0,10.8,124.5,158.5,-34.0,100.0,100.0,0.0,0.0,0,0,0,1,1,100,0,0,0,0,0,0,0,0,0,0,0,0
Matteo VERSTRAETE,Union Mons-Hainaut,18,Matteo VERSTRAETE,"Garrett HIEN, Greg MILTON III, Lual DIING, Maks KLANJSCEK",1,6.8,0,0,1,0.0,0,0,0,0,0,0,0,0,0,0,0,0,1,0,2,0,0,0.0,0.0,57.6,143.8,-86.2,0.0,0.0,0,50.0,0,0,0,1,0,0,0,0,0,0,0,0,1,0,0,0,0,0
Matteo VERSTRAETE,Union Mons-Hainaut,18,Matteo VERSTRAETE,"Fortune KATIKI, Greg MILTON III, Malik WHITAKER, Matic MIKUS",1,1.8,0,0,1,0.0,0,1,0.0,0,0,0,0,1,1,0,0,0,0,1,1,0,0,0.0,0.0,66.7,66.7,0.0,0.0,0.0,0,0.0,0,0,0,0,0,0,0,0,0,0,0,0,0,0,0,0,0,0
Matteo VERSTRAETE,Union Mons-Hainaut,18,Matteo VERSTRAETE,"Maks KLANJSCEK, Malik WHITAKER, Matic MIKUS, Sacha GODIMUS",1,1.6,0,0,0,0,0,0,0,0,0,0,0,0,0,0,0,0,0,0,0,0,0,0.0,0.0,200.0,379.7,-179.7,0,0,0,0,0,0,0,0,0,0,0,0,0,0,0,0,0,0,0,0,0,0
Matteo VERSTRAETE,Union Mons-Hainaut,18,Matteo VERSTRAETE,"Garrett HIEN, Greg MILTON III, Malik WHITAKER, Matic MIKUS",1,1.3,0,0,1,0.0,0,1,0.0,0,0,0,0,0,0,0,0,0,0,0,1,0,0,0.0,0.0,150.0,0.0,150.0,0.0,0.0,0,0.0,0,0,0,0,0,0,0,0,0,0,0,0,0,0,0,0,0,0
Sacha GODIMUS,Union Mons-Hainaut,9,Sacha GODIMUS,"Fortune KATIKI, Maks KLANJSCEK, Malik WHITAKER, Matic MIKUS",1,1.6,0,0,0,0,0,0,0,0,0,0,0,0,0,0,0,0,0,1,0,0,0,0.0,0.0,138.9,219.0,-80.1,0,0,0,0,0,0,0,0,0,0,0,0,0,0,0,0,0,0,0,0,0,0
Sacha GODIMUS,Union Mons-Hainaut,9,Sacha GODIMUS,"Maks KLANJSCEK, Malik WHITAKER, Matic MIKUS, Matteo VERSTRAETE",1,1.6,0,0,0,0,0,0,0,0,0,0,0,0,0,1,0,0,1,1,1,3,3,3.0,100.0,200.0,379.7,-179.7,0,0,0,50.0,0,0,0,0,0,0,0,0,0,0,0,1,0,0,0,0,0,0
Adedayo POLET,Val-Dieu Spirou Basket,5,Adedayo POLET,"Dontrez STYLES, Enoch BOAKYE, Eric NOTTAGE, Juwan GARY",1,6.2,0,0,2,0.0,0,0,0,0,0,0,0,1,1,0,0,0,0,1,2,0,0,0.0,0.0,128.4,305.7,-177.3,0.0,0.0,0,0.0,0,0,0,2,0,0,0,0,0,0,0,0,0,0,0,0,0,0
Adedayo POLET,Val-Dieu Spirou Basket,5,Adedayo POLET,"Dontrez STYLES, Eric NOTTAGE, Juwan GARY, Njegos SIKIRAS",1,4.5,0,0,1,0.0,0,1,0.0,0,0,0,0,0,0,1,0,0,0,1,1,2,2,2.0,33.3,133.3,100.0,33.3,0.0,0.0,0,0.0,0,0,0,0,0,0,0,0,0,0,0,0,0,0,0,0,0,0
Adedayo POLET,Val-Dieu Spirou Basket,5,Adedayo POLET,"Dontrez STYLES, Eric NOTTAGE, Njegos SIKIRAS, Zeb JACKSON",1,3.1,0,0,0,0,0,0,0,0,0,0,0,1,1,0,0,0,1,0,1,0,0,0.0,0.0,71.4,110.3,-38.9,0,0,0,100.0,0,0,0,0,0,0,0,0,0,0,0,0,1,0,0,0,0,0
Adedayo POLET,Val-Dieu Spirou Basket,5,Adedayo POLET,"Dontrez STYLES, Eric NOTTAGE, Lukijan ZECEVIC, Njegos SIKIRAS",1,2.7,0,0,0,0,0,0,0,0,0,0,0,0,0,0,0,0,1,1,1,0,0,0.0,0.0,110.5,50.9,59.6,0,0,0,100.0,0,0,0,0,0,0,0,0,0,0,0,1,0,0,0,0,0,0
Adedayo POLET,Val-Dieu Spirou Basket,5,Adedayo POLET,"Enoch BOAKYE, Eric NOTTAGE, Lukijan ZECEVIC, Maxime BILOLO KATUALA",1,1.8,0,0,1,0.0,0,1,0.0,0,0,0,0,0,0,0,1,0,1,0,2,0,0,0.0,0.0,152.7,0.0,152.7,0.0,0.0,0,50.0,0,0,0,0,0,0,0,0,0,0,0,0,1,0,0,0,0,0
Adedayo POLET,Val-Dieu Spirou Basket,5,Adedayo POLET,"Juwan GARY, Lukijan ZECEVIC, Malcolm MAKWA, Njegos SIKIRAS",1,1.2,0,0,0,0,0,0,0,0,0,0,0,0,0,0,0,0,0,0,0,0,0,0.0,0.0,100.0,150.0,-50.0,0,0,0,0,0,0,0,0,0,0,0,0,0,0,0,0,0,0,0,0,0,0
Dontrez STYLES,Val-Dieu Spirou Basket,3,Dontrez STYLES,"Adedayo POLET, Enoch BOAKYE, Eric NOTTAGE, Juwan GARY",1,6.2,2,1,1,100.0,0,0,0,0,0,0,0,1,1,0,0,0,0,0,1,0,2,2.0,25.7,128.4,305.7,-177.3,100.0,100.0,0.0,0.0,0,0,0,1,1,100,0,0,0,0,0,0,0,0,0,2,0,0
Dontrez STYLES,Val-Dieu Spirou Basket,3,Dontrez STYLES,"Eric NOTTAGE, Juwan GARY, Njegos SIKIRAS, Zeb JACKSON",1,5.4,0,0,1,0.0,0,1,0.0,0,0,0,0,0,0,0,0,0,0,0,1,0,0,0.0,0.0,69.0,123.0,-54.0,0.0,0.0,0,0.0,0,0,0,0,0,0,0,0,0,0,0,0,0,0,0,0,0,0
Dontrez STYLES,Val-Dieu Spirou Basket,3,Dontrez STYLES,"Adedayo POLET, Eric NOTTAGE, Juwan GARY, Njegos SIKIRAS",1,4.5,2,1,1,100.0,0,0,0,0,0,0,0,0,0,0,0,0,0,0,1,0,2,2.0,33.3,133.3,100.0,33.3,100.0,100.0,0.0,0.0,0,0,0,1,1,100,0,0,0,0,0,0,0,0,0,0,0,0
Dontrez STYLES,Val-Dieu Spirou Basket,3,Dontrez STYLES,"Enoch BOAKYE, Eric NOTTAGE, Juwan GARY, Zeb JACKSON",1,3.6,3,1,2,50.0,1,2,50.0,0,0,0,0,0,0,0,0,0,0,4,2,0,3,3.0,22.8,121.6,105.6,16.0,75.0,75.0,0.0,0.0,0,0,0,0,0,0,0,0,0,0,0,0,0,0,0,0,3,0
Dontrez STYLES,Val-Dieu Spirou Basket,3,Dontrez STYLES,"Adedayo POLET, Eric NOTTAGE, Njegos SIKIRAS, Zeb JACKSON",1,3.1,0,0,1,0.0,0,0,0,0,0,0,0,0,0,0,0,0,0,0,1,0,0,0.0,0.0,71.4,110.3,-38.9,0.0,0.0,0,0.0,0,0,0,1,0,0,0,0,0,0,0,0,0,0,0,0,0,0
Dontrez STYLES,Val-Dieu Spirou Basket,3,Dontrez STYLES,"Adedayo POLET, Eric NOTTAGE, Lukijan ZECEVIC, Njegos SIKIRAS",1,2.7,0,0,0,0,0,0,0,0,0,0,0,0,0,0,0,0,0,0,0,0,0,0.0,0.0,110.5,50.9,59.6,0,0,0,0,0,0,0,0,0,0,0,0,0,0,0,0,0,0,0,0,0,0
Dontrez STYLES,Val-Dieu Spirou Basket,3,Dontrez STYLES,"Enoch BOAKYE, Eric NOTTAGE, Juwan GARY, Lukijan ZECEVIC",1,2.3,0,0,0,0,0,0,0,0,0,0,0,0,0,0,0,0,0,0,0,0,0,0.0,0.0,174.8,66.7,108.2,0,0,0,0,0,0,0,0,0,0,0,0,0,0,0,0,0,0,0,0,0,0
Dontrez STYLES,Val-Dieu Spirou Basket,3,Dontrez STYLES,"Eric NOTTAGE, Juwan GARY, Njegos SIKIRAS, Quinten SMOUT",1,2.2,2,1,1,100.0,0,0,0,0,1,0.0,0,0,0,0,0,0,0,0,1,0,2,2.0,36.8,165.4,157.7,7.8,100.0,69.4,0.0,0.0,0,0,0,1,1,100,0,0,0,0,0,0,0,0,0,0,0,0
Dontrez STYLES,Val-Dieu Spirou Basket,3,Dontrez STYLES,"Enoch BOAKYE, Eric NOTTAGE, Lukijan ZECEVIC, Zeb JACKSON",1,1.7,0,0,2,0.0,0,2,0.0,0,0,0,0,1,1,0,0,0,0,0,2,0,0,0.0,0.0,103.6,69.4,34.2,0.0,0.0,0,0.0,0,0,0,0,0,0,0,0,0,0,0,0,0,0,0,0,0,0
Dontrez STYLES,Val-Dieu Spirou Basket,3,Dontrez STYLES,"Juwan GARY, Malcolm MAKWA, Njegos SIKIRAS, Zeb JACKSON",1,1.6,0,0,0,0,0,0,0,0,0,0,0,0,0,0,0,0,0,0,0,0,0,0.0,0.0,0.0,171.4,-171.4,0,0,0,0,0,0,0,0,0,0,0,0,0,0,0,0,0,0,0,0,0,0
Dontrez STYLES,Val-Dieu Spirou Basket,3,Dontrez STYLES,"Enoch BOAKYE, Eric NOTTAGE, Maxime BILOLO KATUALA, Zeb JACKSON",1,1.3,0,0,1,0.0,0,1,0.0,0,0,0,0,1,1,0,0,0,0,0,1,0,0,0.0,0.0,0.0,126.3,-126.3,0.0,0.0,0,0.0,0,0,0,0,0,0,0,0,0,0,0,0,0,0,0,0,0,0
Enoch BOAKYE,Val-Dieu Spirou Basket,31,Enoch BOAKYE,"Adedayo POLET, Dontrez STYLES, Eric NOTTAGE, Juwan GARY",1,6.2,0,0,0,0,0,0,0,0,0,0,1,0,1,1,0,1,0,1,0,2,2,2.0,25.7,128.4,305.7,-177.3,0,0,0,0.0,0,0,0,0,0,0,0,0,0,0,0,0,0,0,0,0,0,0
Enoch BOAKYE,Val-Dieu Spirou Basket,31,Enoch BOAKYE,"Dontrez STYLES, Eric NOTTAGE, Juwan GARY, Zeb JACKSON",1,3.6,5,2,3,66.7,0,0,0,1,2,50.0,1,2,3,0,0,0,0,0,3,0,5,5.0,38.0,121.6,105.6,16.0,66.7,64.4,0.0,0.0,2,1,50,1,1,100,0,0,0,0,0,0,0,0,0,1,0,0
Enoch BOAKYE,Val-Dieu Spirou Basket,31,Enoch BOAKYE,"Dontrez STYLES, Eric NOTTAGE, Juwan GARY, Lukijan ZECEVIC",1,2.3,0,0,0,0,0,0,0,0,0,0,0,0,0,0,0,0,0,0,0,0,0,0.0,0.0,174.8,66.7,108.2,0,0,0,0,0,0,0,0,0,0,0,0,0,0,0,0,0,0,0,0,0,0
Enoch BOAKYE,Val-Dieu Spirou Basket,31,Enoch BOAKYE,"Adedayo POLET, Eric NOTTAGE, Lukijan ZECEVIC, Maxime BILOLO KATUALA",1,1.8,0,0,1,0.0,0,0,0,0,0,0,0,0,0,0,0,0,0,0,1,0,0,0.0,0.0,152.7,0.0,152.7,0.0,0.0,0,0.0,0,0,0,1,0,0,0,0,0,0,0,0,0,0,0,0,0,0
Enoch BOAKYE,Val-Dieu Spirou Basket,31,Enoch BOAKYE,"Dontrez STYLES, Eric NOTTAGE, Lukijan ZECEVIC, Zeb JACKSON",1,1.7,2,1,1,100.0,0,0,0,0,0,0,1,0,1,0,0,0,0,0,0,0,2,2.0,103.6,103.6,69.4,34.2,100.0,100.0,0.0,0.0,0,0,0,1,1,100,0,0,0,0,0,0,0,0,0,2,0,0
Enoch BOAKYE,Val-Dieu Spirou Basket,31,Enoch BOAKYE,"Dontrez STYLES, Eric NOTTAGE, Maxime BILOLO KATUALA, Zeb JACKSON",1,1.3,0,0,0,0,0,0,0,0,0,0,0,0,0,0,0,0,0,1,0,0,0,0.0,0.0,0.0,126.3,-126.3,0,0,0,0,0,0,0,0,0,0,0,0,0,0,0,0,0,0,0,0,0,0
Eric NOTTAGE,Val-Dieu Spirou Basket,11,Eric NOTTAGE,"Adedayo POLET, Dontrez STYLES, Enoch BOAKYE, Juwan GARY",1,6.2,0,0,1,0.0,0,1,0.0,0,0,0,0,0,0,0,0,0,0,0,1,0,0,0.0,0.0,128.4,305.7,-177.3,0.0,0.0,0,0.0,0,0,0,0,0,0,0,0,0,0,0,0,0,0,0,0,0,0
Eric NOTTAGE,Val-Dieu Spirou Basket,11,Eric NOTTAGE,"Dontrez STYLES, Juwan GARY, Njegos SIKIRAS, Zeb JACKSON",1,5.4,3,1,2,50.0,0,0,0,1,1,100.0,0,0,0,0,0,0,0,2,2,0,3,3.0,29.6,69.0,123.0,-54.0,50.0,61.5,0.0,0.0,0,0,0,2,1,50,0,0,0,0,0,0,0,0,0,2,1,1
Eric NOTTAGE,Val-Dieu Spirou Basket,11,Eric NOTTAGE,"Adedayo POLET, Dontrez STYLES, Juwan GARY, Njegos SIKIRAS",1,4.5,0,0,0,0,0,0,0,0,0,0,0,1,1,1,0,1,1,0,1,2,2,2.0,33.3,133.3,100.0,33.3,0,0,0,50.0,0,0,0,0,0,0,0,0,0,0,0,1,0,0,0,0,0,0
Eric NOTTAGE,Val-Dieu Spirou Basket,11,Eric NOTTAGE,"Dontrez STYLES, Enoch BOAKYE, Juwan GARY, Zeb JACKSON",1,3.6,6,2,4,50.0,0,1,0.0,2,2,100.0,0,1,1,1,1,0,1,0,6,3,9,9.0,68.4,121.6,105.6,16.0,50.0,61.5,50.0,14.5,0,0,0,3,2,66.7,0,0,0,0,0,1,0,0,0,0,4,2
Eric NOTTAGE,Val-Dieu Spirou Basket,11,Eric NOTTAGE,"Adedayo POLET, Dontrez STYLES, Njegos SIKIRAS, Zeb JACKSON",1,3.1,0,0,0,0,0,0,0,0,0,0,0,0,0,2,1,0,0,0,0,5,5,5.0,71.4,71.4,110.3,-38.9,0,0,0,0.0,0,0,0,0,0,0,0,0,0,0,0,0,0,0,0,0,0,0
Eric NOTTAGE,Val-Dieu Spirou Basket,11,Eric NOTTAGE,"Adedayo POLET, Dontrez STYLES, Lukijan ZECEVIC, Njegos SIKIRAS",1,2.7,0,0,0,0,0,0,0,0,0,0,0,0,0,0,0,0,1,0,1,0,0,0.0,0.0,110.5,50.9,59.6,0,0,0,100.0,0,0,0,0,0,0,0,0,0,0,0,0,1,0,0,0,0,0
Eric NOTTAGE,Val-Dieu Spirou Basket,11,Eric NOTTAGE,"Dontrez STYLES, Enoch BOAKYE, Juwan GARY, Lukijan ZECEVIC",1,2.3,3,1,2,50.0,1,2,50.0,0,0,0,0,2,2,0,0,0,0,0,2,0,3,3.0,104.9,174.8,66.7,108.2,75.0,75.0,0.0,0.0,0,0,0,0,0,0,0,0,0,0,1,0,0,0,0,0,0,0
Eric NOTTAGE,Val-Dieu Spirou Basket,11,Eric NOTTAGE,"Dontrez STYLES, Juwan GARY, Njegos SIKIRAS, Quinten SMOUT",1,2.2,2,1,1,100.0,0,0,0,0,0,0,0,0,0,1,0,0,0,0,1,3,5,5.0,91.9,165.4,157.7,7.8,100.0,100.0,100.0,0.0,0,0,0,1,1,100,0,0,0,0,0,0,0,0,0,0,0,0
Eric NOTTAGE,Val-Dieu Spirou Basket,11,Eric NOTTAGE,"Adedayo POLET, Enoch BOAKYE, Lukijan ZECEVIC, Maxime BILOLO KATUALA",1,1.8,4,0,0,0,0,0,0,4,4,100.0,2,1,3,0,0,0,0,0,0,0,4,4.0,152.7,152.7,0.0,152.7,0,113.6,0,0.0,0,0,0,0,0,0,0,0,0,0,0,0,0,0,0,4,2,2
Eric NOTTAGE,Val-Dieu Spirou Basket,11,Eric NOTTAGE,"Dontrez STYLES, Enoch BOAKYE, Lukijan ZECEVIC, Zeb JACKSON",1,1.7,0,0,0,0,0,0,0,0,0,0,0,0,0,0,0,0,0,0,0,0,0,0.0,0.0,103.6,69.4,34.2,0,0,0,0,0,0,0,0,0,0,0,0,0,0,0,0,0,0,0,0,0,0
Eric NOTTAGE,Val-Dieu Spirou Basket,11,Eric NOTTAGE,"Dontrez STYLES, Enoch BOAKYE, Maxime BILOLO KATUALA, Zeb JACKSON",1,1.3,0,0,0,0,0,0,0,0,0,0,0,0,0,0,0,0,0,0,0,0,0,0.0,0.0,0.0,126.3,-126.3,0,0,0,0,0,0,0,0,0,0,0,0,0,0,0,0,0,0,0,0,0,0
Juwan GARY,Val-Dieu Spirou Basket,4,Juwan GARY,"Adedayo POLET, Dontrez STYLES, Enoch BOAKYE, Eric NOTTAGE",1,6.2,8,4,6,66.7,0,1,0.0,0,0,0,2,1,3,0,0,0,1,0,5,0,8,8.0,102.7,128.4,305.7,-177.3,66.7,66.7,0.0,14.3,1,1,100,4,3,75,0,0,0,1,0,0,1,0,0,4,0,0
Juwan GARY,Val-Dieu Spirou Basket,4,Juwan GARY,"Dontrez STYLES, Eric NOTTAGE, Njegos SIKIRAS, Zeb JACKSON",1,5.4,0,0,1,0.0,0,1,0.0,0,0,0,1,0,1,0,0,0,0,0,0,0,0,0.0,0.0,69.0,123.0,-54.0,0.0,0.0,0,0.0,0,0,0,0,0,0,0,0,0,0,0,0,0,0,0,0,0,0
Juwan GARY,Val-Dieu Spirou Basket,4,Juwan GARY,"Adedayo POLET, Dontrez STYLES, Eric NOTTAGE, Njegos SIKIRAS",1,4.5,2,1,1,100.0,0,0,0,0,0,0,0,1,1,0,0,0,0,0,1,0,2,2.0,33.3,133.3,100.0,33.3,100.0,100.0,0.0,0.0,0,0,0,1,1,100,0,0,0,0,0,0,0,0,0,0,2,0
Juwan GARY,Val-Dieu Spirou Basket,4,Juwan GARY,"Dontrez STYLES, Enoch BOAKYE, Eric NOTTAGE, Zeb JACKSON",1,3.6,0,0,1,0.0,0,1,0.0,0,0,0,0,1,1,0,0,0,0,0,1,0,0,0.0,0.0,121.6,105.6,16.0,0.0,0.0,0,0.0,0,0,0,0,0,0,0,0,0,0,0,0,0,0,0,0,0,0
Juwan GARY,Val-Dieu Spirou Basket,4,Juwan GARY,"Dontrez STYLES, Enoch BOAKYE, Eric NOTTAGE, Lukijan ZECEVIC",1,2.3,2,1,1,100.0,0,0,0,0,0,0,1,0,1,0,0,0,1,1,1,0,2,2.0,69.9,174.8,66.7,108.2,100.0,100.0,0.0,50.0,1,1,100,0,0,0,0,0,0,1,0,0,0,0,0,2,0,0
Juwan GARY,Val-Dieu Spirou Basket,4,Juwan GARY,"Dontrez STYLES, Eric NOTTAGE, Njegos SIKIRAS, Quinten SMOUT",1,2.2,2,1,2,50.0,0,1,0.0,0,0,0,0,0,0,0,0,0,0,2,2,0,2,2.0,36.8,165.4,157.7,7.8,50.0,50.0,0.0,0.0,0,0,0,1,1,100,0,0,0,0,0,0,0,0,0,0,0,0
Juwan GARY,Val-Dieu Spirou Basket,4,Juwan GARY,"Dontrez STYLES, Malcolm MAKWA, Njegos SIKIRAS, Zeb JACKSON",1,1.6,0,0,0,0,0,0,0,0,0,0,0,0,0,0,0,1,1,0,1,0,0,0.0,0.0,0.0,171.4,-171.4,0,0,0,100.0,0,0,0,0,0,0,0,0,0,0,0,1,0,0,0,0,0,0
Juwan GARY,Val-Dieu Spirou Basket,4,Juwan GARY,"Adedayo POLET, Lukijan ZECEVIC, Malcolm MAKWA, Njegos SIKIRAS",1,1.2,0,0,0,0,0,0,0,0,0,0,0,0,0,0,0,0,0,0,0,0,0,0.0,0.0,100.0,150.0,-50.0,0,0,0,0,0,0,0,0,0,0,0,0,0,0,0,0,0,0,0,0,0,0
Lukijan ZECEVIC,Val-Dieu Spirou Basket,13,Lukijan ZECEVIC,"Adedayo POLET, Dontrez STYLES, Eric NOTTAGE, Njegos SIKIRAS",1,2.7,0,0,0,0,0,0,0,0,0,0,0,0,0,0,0,0,0,0,0,0,0,0.0,0.0,110.5,50.9,59.6,0,0,0,0,0,0,0,0,0,0,0,0,0,0,0,0,0,0,0,0,0,0
Lukijan ZECEVIC,Val-Dieu Spirou Basket,13,Lukijan ZECEVIC,"Dontrez STYLES, Enoch BOAKYE, Eric NOTTAGE, Juwan GARY",1,2.3,0,0,1,0.0,0,1,0.0,0,0,0,0,0,0,0,0,0,0,0,1,0,0,0.0,0.0,174.8,66.7,108.2,0.0,0.0,0,0.0,0,0,0,0,0,0,0,0,0,0,0,0,0,0,0,0,0,0
Lukijan ZECEVIC,Val-Dieu Spirou Basket,13,Lukijan ZECEVIC,"Adedayo POLET, Enoch BOAKYE, Eric NOTTAGE, Maxime BILOLO KATUALA",1,1.8,0,0,0,0,0,0,0,0,0,0,0,0,0,0,0,0,0,0,0,0,0,0.0,0.0,152.7,0.0,152.7,0,0,0,0,0,0,0,0,0,0,0,0,0,0,0,0,0,0,0,0,0,0
Lukijan ZECEVIC,Val-Dieu Spirou Basket,13,Lukijan ZECEVIC,"Dontrez STYLES, Enoch BOAKYE, Eric NOTTAGE, Zeb JACKSON",1,1.7,0,0,0,0,0,0,0,0,0,0,0,0,0,0,0,0,0,0,0,0,0,0.0,0.0,103.6,69.4,34.2,0,0,0,0,0,0,0,0,0,0,0,0,0,0,0,0,0,0,0,0,0,0
Lukijan ZECEVIC,Val-Dieu Spirou Basket,13,Lukijan ZECEVIC,"Adedayo POLET, Juwan GARY, Malcolm MAKWA, Njegos SIKIRAS",1,1.2,0,0,0,0,0,0,0,0,0,0,0,0,0,0,0,0,0,0,0,0,0,0.0,0.0,100.0,150.0,-50.0,0,0,0,0,0,0,0,0,0,0,0,0,0,0,0,0,0,0,0,0,0,0
Malcolm MAKWA,Val-Dieu Spirou Basket,77,Malcolm MAKWA,"Dontrez STYLES, Juwan GARY, Njegos SIKIRAS, Zeb JACKSON",1,1.6,0,0,0,0,0,0,0,0,0,0,0,0,0,0,0,0,0,0,0,0,0,0.0,0.0,0.0,171.4,-171.4,0,0,0,0,0,0,0,0,0,0,0,0,0,0,0,0,0,0,0,0,0,0
Malcolm MAKWA,Val-Dieu Spirou Basket,77,Malcolm MAKWA,"Adedayo POLET, Juwan GARY, Lukijan ZECEVIC, Njegos SIKIRAS",1,1.2,0,0,0,0,0,0,0,0,0,0,0,1,1,0,0,0,1,0,1,0,0,0.0,0.0,100.0,150.0,-50.0,0,0,0,100.0,0,0,0,0,0,0,0,0,0,0,0,1,0,0,0,0,0,0
Maxime BILOLO KATUALA,Val-Dieu Spirou Basket,12,Maxime BILOLO KATUALA,"Adedayo POLET, Enoch BOAKYE, Eric NOTTAGE, Lukijan ZECEVIC",1,1.8,0,0,0,0,0,0,0,0,0,0,0,0,0,0,0,0,0,0,0,0,0,0.0,0.0,152.7,0.0,152.7,0,0,0,0,0,0,0,0,0,0,0,0,0,0,0,0,0,0,0,0,0,0
Maxime BILOLO KATUALA,Val-Dieu Spirou Basket,12,Maxime BILOLO KATUALA,"Dontrez STYLES, Enoch BOAKYE, Eric NOTTAGE, Zeb JACKSON",1,1.3,0,0,1,0.0,0,0,0,0,0,0,0,0,0,0,0,0,0,0,1,0,0,0.0,0.0,0.0,126.3,-126.3,0.0,0.0,0,0.0,0,0,0,1,0,0,0,0,0,0,0,0,0,0,0,0,0,0
Njegos SIKIRAS,Val-Dieu Spirou Basket,16,Njegos SIKIRAS,"Dontrez STYLES, Eric NOTTAGE, Juwan GARY, Zeb JACKSON",1,5.4,1,0,1,0.0,0,0,0,1,2,50.0,0,0,0,0,0,0,1,2,3,0,1,1.0,9.9,69.0,123.0,-54.0,0.0,26.6,0,34.7,0,0,0,1,0,0,0,0,0,0,0,0,1,0,0,0,0,0
Njegos SIKIRAS,Val-Dieu Spirou Basket,16,Njegos SIKIRAS,"Adedayo POLET, Dontrez STYLES, Eric NOTTAGE, Juwan GARY",1,4.5,4,2,2,100.0,0,0,0,0,0,0,0,1,1,0,0,0,0,1,2,0,4,4.0,66.7,133.3,100.0,33.3,100.0,100.0,0.0,0.0,0,0,0,2,2,100,0,0,0,0,0,0,0,0,0,0,0,0
Njegos SIKIRAS,Val-Dieu Spirou Basket,16,Njegos SIKIRAS,"Adedayo POLET, Dontrez STYLES, Eric NOTTAGE, Zeb JACKSON",1,3.1,0,0,0,0,0,0,0,0,0,0,0,0,0,0,0,0,1,1,1,0,0,0.0,0.0,71.4,110.3,-38.9,0,0,0,100.0,0,0,0,0,0,0,0,0,0,0,0,0,0,0,0,0,0,0
Njegos SIKIRAS,Val-Dieu Spirou Basket,16,Njegos SIKIRAS,"Adedayo POLET, Dontrez STYLES, Eric NOTTAGE, Lukijan ZECEVIC",1,2.7,4,0,2,0.0,0,0,0,4,4,100.0,1,1,2,0,0,0,0,1,3,0,4,4.0,110.5,110.5,50.9,59.6,0.0,53.2,0,0.0,0,0,0,2,0,0,0,0,0,0,0,0,0,0,0,0,4,0
Njegos SIKIRAS,Val-Dieu Spirou Basket,16,Njegos SIKIRAS,"Dontrez STYLES, Eric NOTTAGE, Juwan GARY, Quinten SMOUT",1,2.2,3,1,1,100.0,1,1,100.0,0,0,0,0,0,0,0,0,0,0,0,1,0,3,3.0,55.1,165.4,157.7,7.8,150.0,150.0,0.0,0.0,0,0,0,0,0,0,0,0,0,0,0,0,0,0,0,0,0,0
Njegos SIKIRAS,Val-Dieu Spirou Basket,16,Njegos SIKIRAS,"Dontrez STYLES, Juwan GARY, Malcolm MAKWA, Zeb JACKSON",1,1.6,0,0,2,0.0,0,1,0.0,0,0,0,0,0,0,0,0,0,0,0,2,0,0,0.0,0.0,0.0,171.4,-171.4,0.0,0.0,0,0.0,0,0,0,1,0,0,0,0,0,0,0,0,0,0,0,0,0,0
Njegos SIKIRAS,Val-Dieu Spirou Basket,16,Njegos SIKIRAS,"Adedayo POLET, Juwan GARY, Lukijan ZECEVIC, Malcolm MAKWA",1,1.2,2,1,1,100.0,0,0,0,0,0,0,0,0,0,0,0,0,0,0,1,0,2,2.0,100.0,100.0,150.0,-50.0,100.0,100.0,0.0,0.0,0,0,0,1,1,100,0,0,0,0,0,0,0,0,0,0,0,0
Quinten SMOUT,Val-Dieu Spirou Basket,22,Quinten SMOUT,"Dontrez STYLES, Eric NOTTAGE, Juwan GARY, Njegos SIKIRAS",1,2.2,0,0,0,0,0,0,0,0,0,0,0,0,0,0,0,0,0,0,0,0,0,0.0,0.0,165.4,157.7,7.8,0,0,0,0,0,0,0,0,0,0,0,0,0,0,0,0,0,0,0,0,0,0
Zeb JACKSON,Val-Dieu Spirou Basket,2,Zeb JACKSON,"Dontrez STYLES, Eric NOTTAGE, Juwan GARY, Njegos SIKIRAS",1,5.4,3,1,4,25.0,0,3,0.0,1,3,33.3,1,0,1,1,1,0,0,0,4,0,3,3.0,29.6,69.0,123.0,-54.0,25.0,28.2,100.0,0.0,0,0,0,1,1,100,0,0,0,0,0,0,0,0,0,0,1,1
Zeb JACKSON,Val-Dieu Spirou Basket,2,Zeb JACKSON,"Dontrez STYLES, Enoch BOAKYE, Eric NOTTAGE, Juwan GARY",1,3.6,2,1,2,50.0,0,1,0.0,0,0,0,0,0,0,1,0,0,0,0,2,2,4,4.0,30.4,121.6,105.6,16.0,50.0,50.0,100.0,0.0,0,0,0,1,1,100,0,0,0,0,0,0,0,0,0,0,0,0
Zeb JACKSON,Val-Dieu Spirou Basket,2,Zeb JACKSON,"Adedayo POLET, Dontrez STYLES, Eric NOTTAGE, Njegos SIKIRAS",1,3.1,5,2,3,66.7,1,2,50.0,0,0,0,0,2,2,0,0,0,1,0,4,0,5,5.0,71.4,71.4,110.3,-38.9,83.3,83.3,0.0,25.0,0,0,0,1,1,100,0,0,0,0,0,1,0,0,0,0,5,2
Zeb JACKSON,Val-Dieu Spirou Basket,2,Zeb JACKSON,"Dontrez STYLES, Enoch BOAKYE, Eric NOTTAGE, Lukijan ZECEVIC",1,1.7,0,0,0,0,0,0,0,0,0,0,0,0,0,0,0,0,0,2,0,0,0,0.0,0.0,103.6,69.4,34.2,0,0,0,0,0,0,0,0,0,0,0,0,0,0,0,0,0,0,0,0,0,0
Zeb JACKSON,Val-Dieu Spirou Basket,2,Zeb JACKSON,"Dontrez STYLES, Juwan GARY, Malcolm MAKWA, Njegos SIKIRAS",1,1.6,0,0,0,0,0,0,0,0,0,0,0,0,0,0,0,0,0,1,0,0,0,0.0,0.0,0.0,171.4,-171.4,0,0,0,0,0,0,0,0,0,0,0,0,0,0,0,0,0,0,0,0,0,0
Zeb JACKSON,Val-Dieu Spirou Basket,2,Zeb JACKSON,"Dontrez STYLES, Enoch BOAKYE, Eric NOTTAGE, Maxime BILOLO KATUALA",1,1.3,0,0,0,0,0,0,0,0,0,0,0,0,0,0,0,0,0,0,0,0,0,0.0,0.0,0.0,126.3,-126.3,0,0,0,0,0,0,0,0,0,0,0,0,0,0,0,0,0,0,0,0,0,0
Andrew FUNK,Windrose Giants Antwerp,10,Andrew FUNK,"Enoch CHEEKS, Niels DE RIDDER, Rasheed BELLO, Vincent KESTELOOT",1,4.8,2,1,1,100.0,0,0,0,0,0,0,0,0,0,2,0,1,0,0,1,5,7,7.0,78.8,168.9,80.6,88.4,100.0,100.0,200.0,0.0,0,0,0,1,1,100,0,0,0,0,0,0,0,0,0,0,2,0
Andrew FUNK,Windrose Giants Antwerp,10,Andrew FUNK,"Enoch CHEEKS, Niels DE RIDDER, Rasheed BELLO, Yoeri SCHOEPEN",1,4.6,6,3,3,100.0,0,0,0,0,0,0,0,0,0,0,1,0,2,0,5,0,6,6.0,50.0,125.0,88.3,36.7,100.0,100.0,0.0,40.0,0,0,0,3,3,100,0,0,0,0,0,1,1,0,0,0,2,0
Andrew FUNK,Windrose Giants Antwerp,10,Andrew FUNK,"Enoch CHEEKS, Joel MURRAY, Kevin TUMBA, Vincent KESTELOOT",1,3.2,0,0,3,0.0,0,2,0.0,0,0,0,1,1,2,0,0,0,0,0,2,0,0,0.0,0.0,76.6,91.7,-15.1,0.0,0.0,0,0.0,0,0,0,1,0,0,0,0,0,0,0,0,0,0,0,0,0,0
Andrew FUNK,Windrose Giants Antwerp,10,Andrew FUNK,"Enoch CHEEKS, Kaden ANDERSON, Rasheed BELLO, Vincent KESTELOOT",1,1.9,0,0,0,0,0,0,0,0,0,0,0,0,0,0,0,0,0,0,0,0,0,0.0,0.0,200.0,100.0,100.0,0,0,0,0,0,0,0,0,0,0,0,0,0,0,0,0,0,0,0,0,0,0
Andrew FUNK,Windrose Giants Antwerp,10,Andrew FUNK,"Christian ELOCOBE, Feie TALLIR, Kaden ANDERSON, Kevin TUMBA",1,1.6,0,0,1,0.0,0,1,0.0,0,0,0,0,0,0,1,2,0,0,0,1,0,0,0.0,0.0,71.2,75.0,-3.8,0.0,0.0,0,0.0,0,0,0,0,0,0,0,0,0,0,0,0,0,0,0,0,0,0
Andrew FUNK,Windrose Giants Antwerp,10,Andrew FUNK,"Enoch CHEEKS, Kaden ANDERSON, Rasheed BELLO, Yoeri SCHOEPEN",1,1.2,0,0,0,0,0,0,0,0,0,0,0,0,0,0,0,0,0,0,0,0,0,0.0,0.0,100.0,52.2,47.8,0,0,0,0,0,0,0,0,0,0,0,0,0,0,0,0,0,0,0,0,0,0
Andrew FUNK,Windrose Giants Antwerp,10,Andrew FUNK,"Elias LASISI, Niels DE RIDDER, Rasheed BELLO, Vincent KESTELOOT",1,1.1,0,0,0,0,0,0,0,0,0,0,0,0,0,0,0,0,0,0,0,0,0,0.0,0.0,66.7,207.3,-140.6,0,0,0,0,0,0,0,0,0,0,0,0,0,0,0,0,0,0,0,0,0,0
Andrew FUNK,Windrose Giants Antwerp,10,Andrew FUNK,"Elias LASISI, Joel MURRAY, Kaden ANDERSON, Vincent KESTELOOT",1,1.0,3,1,2,50.0,1,2,50.0,0,0,0,0,0,0,0,0,0,0,0,2,0,3,3.0,150.0,150.0,212.8,-62.8,75.0,75.0,0.0,0.0,0,0,0,0,0,0,0,0,0,0,0,0,0,0,0,3,0,0
Christian ELOCOBE,Windrose Giants Antwerp,40,Christian ELOCOBE,"Elias LASISI, Kaden ANDERSON, Rasheed BELLO, Yoeri SCHOEPEN",1,1.7,0,0,0,0,0,0,0,0,0,0,0,0,0,0,1,0,0,0,0,0,0,0.0,0.0,73.6,125.0,-51.4,0,0,0,0,0,0,0,0,0,0,0,0,0,0,0,0,0,0,0,0,0,0
Christian ELOCOBE,Windrose Giants Antwerp,40,Christian ELOCOBE,"Andrew FUNK, Feie TALLIR, Kaden ANDERSON, Kevin TUMBA",1,1.6,0,0,0,0,0,0,0,0,0,0,0,0,0,0,0,0,0,1,0,0,0,0.0,0.0,71.2,75.0,-3.8,0,0,0,0,0,0,0,0,0,0,0,0,0,0,0,0,0,0,0,0,0,0
Elias LASISI,Windrose Giants Antwerp,9,Elias LASISI,"Joel MURRAY, Kaden ANDERSON, Kevin TUMBA, Vincent KESTELOOT",1,4.6,0,0,0,0,0,0,0,0,0,0,0,0,0,0,0,0,0,0,0,0,0,0.0,0.0,50.6,99.9,-49.3,0,0,0,0,0,0,0,0,0,0,0,0,0,0,0,0,0,0,0,0,0,0
Elias LASISI,Windrose Giants Antwerp,9,Elias LASISI,"Enoch CHEEKS, Joel MURRAY, Niels DE RIDDER, Yoeri SCHOEPEN",1,3.8,2,1,1,100.0,0,0,0,0,0,0,0,2,2,2,0,0,0,0,1,5,7,7.0,87.5,150.0,0.0,150.0,100.0,100.0,200.0,0.0,1,1,100,0,0,0,0,0,0,0,0,0,0,0,0,0,2,2
Elias LASISI,Windrose Giants Antwerp,9,Elias LASISI,"Joel MURRAY, Kevin TUMBA, Vincent KESTELOOT, Yoeri SCHOEPEN",1,2.3,0,0,0,0,0,0,0,0,0,0,0,1,1,1,0,0,0,0,0,2,2,2.0,36.8,165.4,84.4,81.1,0,0,0,0.0,0,0,0,0,0,0,0,0,0,0,0,0,0,0,0,0,0,0
Elias LASISI,Windrose Giants Antwerp,9,Elias LASISI,"Christian ELOCOBE, Kaden ANDERSON, Rasheed BELLO, Yoeri SCHOEPEN",1,1.7,2,1,1,100.0,0,0,0,0,0,0,0,0,0,0,0,0,0,0,1,0,2,2.0,49.0,73.6,125.0,-51.4,100.0,100.0,0.0,0.0,1,1,100,0,0,0,0,0,0,0,0,0,0,0,0,0,2,2
Elias LASISI,Windrose Giants Antwerp,9,Elias LASISI,"Enoch CHEEKS, Kaden ANDERSON, Niels DE RIDDER, Rasheed BELLO",1,1.4,5,2,3,66.7,0,0,0,1,1,100.0,0,0,0,0,0,0,0,0,3,0,5,5.0,148.4,148.4,0.0,148.4,66.7,72.7,0.0,0.0,0,0,0,3,2,66.7,0,0,0,0,0,0,0,0,0,2,2,4
Elias LASISI,Windrose Giants Antwerp,9,Elias LASISI,"Kaden ANDERSON, Kevin TUMBA, Rasheed BELLO, Vincent KESTELOOT",1,1.2,0,0,0,0,0,0,0,0,0,0,0,0,0,0,0,0,0,0,0,0,0,0.0,0.0,266.0,100.0,166.0,0,0,0,0,0,0,0,0,0,0,0,0,0,0,0,0,0,0,0,0,0,0
Elias LASISI,Windrose Giants Antwerp,9,Elias LASISI,"Joel MURRAY, Kaden ANDERSON, Rasheed BELLO, Yoeri SCHOEPEN",1,1.2,2,1,1,100.0,0,0,0,0,0,0,1,0,1,0,0,0,0,1,0,0,2,2.0,68.3,136.5,0.0,136.5,100.0,100.0,0.0,0.0,1,1,100,0,0,0,0,0,0,1,0,0,0,0,0,2,0,0
Elias LASISI,Windrose Giants Antwerp,9,Elias LASISI,"Andrew FUNK, Niels DE RIDDER, Rasheed BELLO, Vincent KESTELOOT",1,1.1,0,0,0,0,0,0,0,0,0,0,0,0,0,1,0,0,0,0,0,2,2,2.0,66.7,66.7,207.3,-140.6,0,0,0,0.0,0,0,0,0,0,0,0,0,0,0,0,0,0,0,0,0,0,0
Elias LASISI,Windrose Giants Antwerp,9,Elias LASISI,"Andrew FUNK, Joel MURRAY, Kaden ANDERSON, Vincent KESTELOOT",1,1.0,0,0,0,0,0,0,0,0,0,0,0,0,0,0,0,0,0,0,0,0,0,0.0,0.0,150.0,212.8,-62.8,0,0,0,0,0,0,0,0,0,0,0,0,0,0,0,0,0,0,0,0,0,0
Enoch CHEEKS,Windrose Giants Antwerp,5,Enoch CHEEKS,"Andrew FUNK, Niels DE RIDDER, Rasheed BELLO, Vincent KESTELOOT",1,4.8,7,3,4,75.0,1,2,50.0,0,0,0,0,0,0,0,2,1,0,1,4,0,7,7.0,78.8,168.9,80.6,88.4,87.5,87.5,0.0,0.0,0,0,0,2,2,100,0,0,0,0,0,0,0,0,0,0,2,2
Enoch CHEEKS,Windrose Giants Antwerp,5,Enoch CHEEKS,"Andrew FUNK, Niels DE RIDDER, Rasheed BELLO, Yoeri SCHOEPEN",1,4.6,2,1,2,50.0,0,1,0.0,0,0,0,0,1,1,0,1,0,1,0,3,0,2,2.0,16.7,125.0,88.3,36.7,50.0,50.0,0.0,33.3,1,1,100,0,0,0,0,0,0,0,0,1,0,0,0,0,2,2
Enoch CHEEKS,Windrose Giants Antwerp,5,Enoch CHEEKS,"Elias LASISI, Joel MURRAY, Niels DE RIDDER, Yoeri SCHOEPEN",1,3.8,3,1,1,100.0,1,1,100.0,0,0,0,0,0,0,1,1,0,1,0,2,2,5,5.0,62.5,150.0,0.0,150.0,150.0,150.0,100.0,33.3,0,0,0,0,0,0,0,0,0,0,0,1,0,0,0,0,3,0
Enoch CHEEKS,Windrose Giants Antwerp,5,Enoch CHEEKS,"Andrew FUNK, Joel MURRAY, Kevin TUMBA, Vincent KESTELOOT",1,3.2,3,1,3,33.3,0,2,0.0,1,2,50.0,1,1,2,0,0,0,0,0,3,0,3,3.0,45.9,76.6,91.7,-15.1,33.3,38.7,0.0,0.0,0,0,0,1,1,100,0,0,0,0,0,0,0,0,0,0,3,0
Enoch CHEEKS,Windrose Giants Antwerp,5,Enoch CHEEKS,"Andrew FUNK, Kaden ANDERSON, Rasheed BELLO, Vincent KESTELOOT",1,1.9,3,1,1,100.0,1,1,100.0,0,0,0,0,1,1,0,0,0,0,0,1,0,3,3.0,75.0,200.0,100.0,100.0,150.0,150.0,0.0,0.0,0,0,0,0,0,0,0,0,0,0,0,0,0,0,0,0,3,0
Enoch CHEEKS,Windrose Giants Antwerp,5,Enoch CHEEKS,"Elias LASISI, Kaden ANDERSON, Niels DE RIDDER, Rasheed BELLO",1,1.4,0,0,0,0,0,0,0,0,0,0,0,0,0,1,1,0,0,0,0,2,2,2.0,59.3,148.4,0.0,148.4,0,0,0,0.0,0,0,0,0,0,0,0,0,0,0,0,0,0,0,0,0,0,0
Enoch CHEEKS,Windrose Giants Antwerp,5,Enoch CHEEKS,"Andrew FUNK, Kaden ANDERSON, Rasheed BELLO, Yoeri SCHOEPEN",1,1.2,0,0,0,0,0,0,0,0,0,0,0,0,0,0,0,0,0,0,0,0,0,0.0,0.0,100.0,52.2,47.8,0,0,0,0,0,0,0,0,0,0,0,0,0,0,0,0,0,0,0,0,0,0
Feie TALLIR,Windrose Giants Antwerp,1,Feie TALLIR,"Andrew FUNK, Christian ELOCOBE, Kaden ANDERSON, Kevin TUMBA",1,1.6,0,0,1,0.0,0,0,0,0,0,0,0,0,0,0,0,0,0,0,1,0,0,0.0,0.0,71.2,75.0,-3.8,0.0,0.0,0,0.0,0,0,0,1,0,0,0,0,0,0,0,0,0,0,0,0,0,0
Joel MURRAY,Windrose Giants Antwerp,11,Joel MURRAY,"Elias LASISI, Kaden ANDERSON, Kevin TUMBA, Vincent KESTELOOT",1,4.6,3,1,5,20.0,0,1,0.0,1,2,50.0,0,0,0,1,1,0,2,0,8,2,5,5.0,50.6,50.6,99.9,-49.3,20.0,25.5,100.0,22.5,0,0,0,4,1,25,0,0,0,0,0,2,0,0,0,0,2,2
Joel MURRAY,Windrose Giants Antwerp,11,Joel MURRAY,"Elias LASISI, Enoch CHEEKS, Niels DE RIDDER, Yoeri SCHOEPEN",1,3.8,0,0,0,0,0,0,0,0,0,0,0,0,0,0,0,0,0,1,0,0,0,0.0,0.0,150.0,0.0,150.0,0,0,0,0,0,0,0,0,0,0,0,0,0,0,0,0,0,0,0,0,0,0
Joel MURRAY,Windrose Giants Antwerp,11,Joel MURRAY,"Andrew FUNK, Enoch CHEEKS, Kevin TUMBA, Vincent KESTELOOT",1,3.2,0,0,0,0,0,0,0,0,0,0,0,0,0,0,0,0,0,0,0,0,0,0.0,0.0,76.6,91.7,-15.1,0,0,0,0,0,0,0,0,0,0,0,0,0,0,0,0,0,0,0,0,0,0
Joel MURRAY,Windrose Giants Antwerp,11,Joel MURRAY,"Elias LASISI, Kevin TUMBA, Vincent KESTELOOT, Yoeri SCHOEPEN",1,2.3,5,2,2,100.0,1,1,100.0,0,0,0,0,0,0,1,0,0,1,1,3,2,7,7.0,128.7,165.4,84.4,81.1,125.0,125.0,50.0,25.0,0,0,0,1,1,100,0,0,0,0,0,1,0,0,0,0,0,3
Joel MURRAY,Windrose Giants Antwerp,11,Joel MURRAY,"Elias LASISI, Kaden ANDERSON, Rasheed BELLO, Yoeri SCHOEPEN",1,1.2,0,0,2,0.0,0,0,0,0,0,0,0,0,0,1,0,0,0,0,2,2,2,2.0,68.3,136.5,0.0,136.5,0.0,0.0,0,0.0,0,0,0,2,0,0,0,0,0,0,0,0,0,0,0,0,0,0
Joel MURRAY,Windrose Giants Antwerp,11,Joel MURRAY,"Andrew FUNK, Elias LASISI, Kaden ANDERSON, Vincent KESTELOOT",1,1.0,0,0,0,0,0,0,0,0,0,0,0,0,0,1,0,0,0,1,0,3,3,3.0,150.0,150.0,212.8,-62.8,0,0,0,0.0,0,0,0,0,0,0,0,0,0,0,0,0,0,0,0,0,0,0
Kaden ANDERSON,Windrose Giants Antwerp,23,Kaden ANDERSON,"Elias LASISI, Joel MURRAY, Kevin TUMBA, Vincent KESTELOOT",1,4.6,0,0,1,0.0,0,0,0,0,0,0,0,0,0,0,0,0,0,0,1,0,0,0.0,0.0,50.6,99.9,-49.3,0.0,0.0,0,0.0,0,0,0,1,0,0,0,0,0,0,0,0,0,0,0,0,0,0
Kaden ANDERSON,Windrose Giants Antwerp,23,Kaden ANDERSON,"Andrew FUNK, Enoch CHEEKS, Rasheed BELLO, Vincent KESTELOOT",1,1.9,0,0,0,0,0,0,0,0,0,0,0,0,0,1,0,0,0,1,0,3,3,3.0,75.0,200.0,100.0,100.0,0,0,0,0.0,0,0,0,0,0,0,0,0,0,0,0,0,0,0,0,0,0,0
Kaden ANDERSON,Windrose Giants Antwerp,23,Kaden ANDERSON,"Christian ELOCOBE, Elias LASISI, Rasheed BELLO, Yoeri SCHOEPEN",1,1.7,0,0,1,0.0,0,0,0,0,0,0,0,0,0,0,0,0,0,0,1,0,0,0.0,0.0,73.6,125.0,-51.4,0.0,0.0,0,0.0,0,0,0,1,0,0,0,0,0,0,0,0,0,0,0,0,0,0
Kaden ANDERSON,Windrose Giants Antwerp,23,Kaden ANDERSON,"Andrew FUNK, Christian ELOCOBE, Feie TALLIR, Kevin TUMBA",1,1.6,2,0,0,0,0,0,0,2,2,100.0,0,1,1,0,0,0,0,0,1,0,2,2.0,71.2,71.2,75.0,-3.8,0,113.6,0,0.0,0,0,0,0,0,0,0,0,0,0,0,0,0,0,0,0,2,2
Kaden ANDERSON,Windrose Giants Antwerp,23,Kaden ANDERSON,"Elias LASISI, Enoch CHEEKS, Niels DE RIDDER, Rasheed BELLO",1,1.4,0,0,1,0.0,0,1,0.0,0,0,0,0,0,0,0,0,0,0,0,1,0,0,0.0,0.0,148.4,0.0,148.4,0.0,0.0,0,0.0,0,0,0,0,0,0,0,0,0,0,0,0,0,0,0,0,0,0
Kaden ANDERSON,Windrose Giants Antwerp,23,Kaden ANDERSON,"Andrew FUNK, Enoch CHEEKS, Rasheed BELLO, Yoeri SCHOEPEN",1,1.2,2,1,1,100.0,0,0,0,0,0,0,0,2,2,0,0,0,1,0,2,0,2,2.0,100.0,100.0,52.2,47.8,100.0,100.0,0.0,50.0,0,0,0,1,1,100,0,0,0,0,0,0,0,0,1,0,0,2
Kaden ANDERSON,Windrose Giants Antwerp,23,Kaden ANDERSON,"Elias LASISI, Kevin TUMBA, Rasheed BELLO, Vincent KESTELOOT",1,1.2,3,1,1,100.0,1,1,100.0,0,0,0,0,0,0,0,0,0,0,0,1,0,3,3.0,159.6,266.0,100.0,166.0,150.0,150.0,0.0,0.0,0,0,0,0,0,0,0,0,0,0,0,0,0,0,0,0,0,0
Kaden ANDERSON,Windrose Giants Antwerp,23,Kaden ANDERSON,"Elias LASISI, Joel MURRAY, Rasheed BELLO, Yoeri SCHOEPEN",1,1.2,2,1,1,100.0,0,0,0,0,0,0,0,1,1,0,0,0,0,0,1,0,2,2.0,68.3,136.5,0.0,136.5,100.0,100.0,0.0,0.0,0,0,0,1,1,100,0,0,0,0,0,0,0,0,0,0,0,0
Kaden ANDERSON,Windrose Giants Antwerp,23,Kaden ANDERSON,"Andrew FUNK, Elias LASISI, Joel MURRAY, Vincent KESTELOOT",1,1.0,0,0,0,0,0,0,0,0,0,0,0,0,0,0,0,0,0,0,0,0,0,0.0,0.0,150.0,212.8,-62.8,0,0,0,0,0,0,0,0,0,0,0,0,0,0,0,0,0,0,0,0,0,0
Kevin TUMBA,Windrose Giants Antwerp,24,Kevin TUMBA,"Elias LASISI, Joel MURRAY, Kaden ANDERSON, Vincent KESTELOOT",1,4.6,2,1,1,100.0,0,0,0,0,0,0,0,3,3,0,0,2,0,0,1,0,2,2.0,20.2,50.6,99.9,-49.3,100.0,100.0,0.0,0.0,0,0,0,1,1,100,0,0,0,0,0,0,0,0,0,0,2,0
Kevin TUMBA,Windrose Giants Antwerp,24,Kevin TUMBA,"Andrew FUNK, Enoch CHEEKS, Joel MURRAY, Vincent KESTELOOT",1,3.2,2,1,1,100.0,0,0,0,0,0,0,1,0,1,0,0,0,1,2,1,0,2,2.0,30.6,76.6,91.7,-15.1,100.0,100.0,0.0,50.0,1,1,100,0,0,0,0,0,0,1,0,0,0,0,0,2,0,0
Kevin TUMBA,Windrose Giants Antwerp,24,Kevin TUMBA,"Elias LASISI, Joel MURRAY, Vincent KESTELOOT, Yoeri SCHOEPEN",1,2.3,0,0,0,0,0,0,0,0,0,0,0,0,0,0,0,0,0,1,0,0,0,0.0,0.0,165.4,84.4,81.1,0,0,0,0,0,0,0,0,0,0,0,0,0,0,0,0,0,0,0,0,0,0
Kevin TUMBA,Windrose Giants Antwerp,24,Kevin TUMBA,"Andrew FUNK, Christian ELOCOBE, Feie TALLIR, Kaden ANDERSON",1,1.6,0,0,0,0,0,0,0,0,0,0,1,0,1,0,0,0,1,0,0,0,0,0.0,0.0,71.2,75.0,-3.8,0,0,0,100.0,0,0,0,0,0,0,0,0,0,0,0,0,1,0,0,0,0,0
Kevin TUMBA,Windrose Giants Antwerp,24,Kevin TUMBA,"Elias LASISI, Kaden ANDERSON, Rasheed BELLO, Vincent KESTELOOT",1,1.2,0,0,0,0,0,0,0,0,0,0,0,0,0,0,0,0,0,0,0,0,0,0.0,0.0,266.0,100.0,166.0,0,0,0,0,0,0,0,0,0,0,0,0,0,0,0,0,0,0,0,0,0,0
Niels DE RIDDER,Windrose Giants Antwerp,26,Niels DE RIDDER,"Andrew FUNK, Enoch CHEEKS, Rasheed BELLO, Vincent KESTELOOT",1,4.8,0,0,1,0.0,0,0,0,0,0,0,0,1,1,0,0,0,0,0,1,0,0,0.0,0.0,168.9,80.6,88.4,0.0,0.0,0,0.0,0,0,0,1,0,0,0,0,0,0,0,0,0,0,0,0,0,0
Niels DE RIDDER,Windrose Giants Antwerp,26,Niels DE RIDDER,"Andrew FUNK, Enoch CHEEKS, Rasheed BELLO, Yoeri SCHOEPEN",1,4.6,4,2,2,100.0,0,0,0,0,0,0,0,1,1,1,0,0,0,2,2,2,6,6.0,50.0,125.0,88.3,36.7,100.0,100.0,50.0,0.0,0,0,0,2,2,100,0,0,0,0,0,0,0,0,0,0,0,0
Niels DE RIDDER,Windrose Giants Antwerp,26,Niels DE RIDDER,"Elias LASISI, Enoch CHEEKS, Joel MURRAY, Yoeri SCHOEPEN",1,3.8,2,1,2,50.0,0,0,0,0,0,0,0,1,1,1,0,0,1,0,3,2,4,4.0,50.0,150.0,0.0,150.0,50.0,50.0,100.0,25.0,0,0,0,2,1,50,0,0,0,0,0,1,0,0,0,0,2,0
Niels DE RIDDER,Windrose Giants Antwerp,26,Niels DE RIDDER,"Elias LASISI, Enoch CHEEKS, Kaden ANDERSON, Rasheed BELLO",1,1.4,0,0,0,0,0,0,0,0,0,0,1,0,1,0,0,0,0,0,0,0,0,0.0,0.0,148.4,0.0,148.4,0,0,0,0,0,0,0,0,0,0,0,0,0,0,0,0,0,0,0,0,0,0
Niels DE RIDDER,Windrose Giants Antwerp,26,Niels DE RIDDER,"Andrew FUNK, Elias LASISI, Rasheed BELLO, Vincent KESTELOOT",1,1.1,0,0,0,0,0,0,0,0,0,0,0,0,0,0,0,0,0,0,0,0,0,0.0,0.0,66.7,207.3,-140.6,0,0,0,0,0,0,0,0,0,0,0,0,0,0,0,0,0,0,0,0,0,0
Rasheed BELLO,Windrose Giants Antwerp,0,Rasheed BELLO,"Andrew FUNK, Enoch CHEEKS, Niels DE RIDDER, Vincent KESTELOOT",1,4.8,4,1,1,100.0,1,1,100.0,1,2,50.0,0,0,0,3,0,0,0,0,2,6,10,10.0,112.6,168.9,80.6,88.4,150.0,106.4,300.0,0.0,0,0,0,0,0,0,0,0,0,0,1,0,0,0,0,3,1,4
Rasheed BELLO,Windrose Giants Antwerp,0,Rasheed BELLO,"Andrew FUNK, Enoch CHEEKS, Niels DE RIDDER, Yoeri SCHOEPEN",1,4.6,0,0,0,0,0,0,0,0,0,0,0,0,0,3,1,0,0,0,0,7,7,7.0,58.3,125.0,88.3,36.7,0,0,0,0.0,0,0,0,0,0,0,0,0,0,0,0,0,0,0,0,0,0,0
Rasheed BELLO,Windrose Giants Antwerp,0,Rasheed BELLO,"Andrew FUNK, Enoch CHEEKS, Kaden ANDERSON, Vincent KESTELOOT",1,1.9,3,1,2,50.0,1,1,100.0,0,0,0,0,1,1,0,0,0,0,0,2,0,3,3.0,75.0,200.0,100.0,100.0,75.0,75.0,0.0,0.0,0,0,0,1,0,0,0,0,0,0,0,0,0,0,0,0,0,0
Rasheed BELLO,Windrose Giants Antwerp,0,Rasheed BELLO,"Christian ELOCOBE, Elias LASISI, Kaden ANDERSON, Yoeri SCHOEPEN",1,1.7,0,0,1,0.0,0,1,0.0,0,0,0,0,0,0,1,0,0,0,0,1,2,2,2.0,49.0,73.6,125.0,-51.4,0.0,0.0,0,0.0,0,0,0,0,0,0,0,0,0,0,0,0,0,0,0,0,0,0
Rasheed BELLO,Windrose Giants Antwerp,0,Rasheed BELLO,"Elias LASISI, Enoch CHEEKS, Kaden ANDERSON, Niels DE RIDDER",1,1.4,0,0,0,0,0,0,0,0,0,0,0,0,0,0,0,0,0,1,0,0,0,0.0,0.0,148.4,0.0,148.4,0,0,0,0,0,0,0,0,0,0,0,0,0,0,0,0,0,0,0,0,0,0
Rasheed BELLO,Windrose Giants Antwerp,0,Rasheed BELLO,"Andrew FUNK, Enoch CHEEKS, Kaden ANDERSON, Yoeri SCHOEPEN",1,1.2,0,0,0,0,0,0,0,0,0,0,0,0,0,1,0,0,0,0,0,2,2,2.0,100.0,100.0,52.2,47.8,0,0,0,0.0,0,0,0,0,0,0,0,0,0,0,0,0,0,0,0,0,0,0
Rasheed BELLO,Windrose Giants Antwerp,0,Rasheed BELLO,"Elias LASISI, Kaden ANDERSON, Kevin TUMBA, Vincent KESTELOOT",1,1.2,2,0,0,0,0,0,0,2,2,100.0,0,1,1,0,0,0,0,0,1,0,2,2.0,106.4,266.0,100.0,166.0,0,113.6,0,0.0,0,0,0,0,0,0,0,0,0,0,0,0,0,0,0,0,0,0
Rasheed BELLO,Windrose Giants Antwerp,0,Rasheed BELLO,"Elias LASISI, Joel MURRAY, Kaden ANDERSON, Yoeri SCHOEPEN",1,1.2,0,0,0,0,0,0,0,0,0,0,0,0,0,0,0,0,0,0,0,0,0,0.0,0.0,136.5,0.0,136.5,0,0,0,0,0,0,0,0,0,0,0,0,0,0,0,0,0,0,0,0,0,0
Rasheed BELLO,Windrose Giants Antwerp,0,Rasheed BELLO,"Andrew FUNK, Elias LASISI, Niels DE RIDDER, Vincent KESTELOOT",1,1.1,0,0,1,0.0,0,0,0,0,0,0,0,0,0,0,0,0,1,0,2,0,0,0.0,0.0,66.7,207.3,-140.6,0.0,0.0,0,50.0,0,0,0,1,0,0,0,0,0,0,0,0,1,0,0,0,0,0
Vincent KESTELOOT,Windrose Giants Antwerp,32,Vincent KESTELOOT,"Andrew FUNK, Enoch CHEEKS, Niels DE RIDDER, Rasheed BELLO",1,4.8,2,1,1,100.0,0,0,0,0,0,0,0,0,0,0,1,0,0,0,1,0,2,2.0,22.5,168.9,80.6,88.4,100.0,100.0,0.0,0.0,1,1,100,0,0,0,0,0,0,0,0,0,0,0,0,0,0,2
Vincent KESTELOOT,Windrose Giants Antwerp,32,Vincent KESTELOOT,"Elias LASISI, Joel MURRAY, Kaden ANDERSON, Kevin TUMBA",1,4.6,0,0,0,0,0,0,0,0,0,0,0,0,0,0,0,0,0,0,0,0,0,0.0,0.0,50.6,99.9,-49.3,0,0,0,0,0,0,0,0,0,0,0,0,0,0,0,0,0,0,0,0,0,0
Vincent KESTELOOT,Windrose Giants Antwerp,32,Vincent KESTELOOT,"Andrew FUNK, Enoch CHEEKS, Joel MURRAY, Kevin TUMBA",1,3.2,0,0,3,0.0,0,1,0.0,0,0,0,2,1,3,0,0,0,0,0,1,0,0,0.0,0.0,76.6,91.7,-15.1,0.0,0.0,0,0.0,2,0,0,0,0,0,0,0,0,0,0,0,0,0,0,0,0,0
Vincent KESTELOOT,Windrose Giants Antwerp,32,Vincent KESTELOOT,"Elias LASISI, Joel MURRAY, Kevin TUMBA, Yoeri SCHOEPEN",1,2.3,4,2,2,100.0,0,0,0,0,1,0.0,0,0,0,1,0,0,0,0,2,3,7,7.0,128.7,165.4,84.4,81.1,100.0,82.0,50.0,0.0,1,1,100,1,1,100,0,0,0,0,0,0,0,0,0,0,2,0
Vincent KESTELOOT,Windrose Giants Antwerp,32,Vincent KESTELOOT,"Andrew FUNK, Enoch CHEEKS, Kaden ANDERSON, Rasheed BELLO",1,1.9,2,1,1,100.0,0,0,0,0,0,0,0,0,0,1,0,0,0,0,1,3,5,5.0,125.0,200.0,100.0,100.0,100.0,100.0,100.0,0.0,0,0,0,1,1,100,0,0,0,0,0,0,0,0,0,0,0,0
Vincent KESTELOOT,Windrose Giants Antwerp,32,Vincent KESTELOOT,"Elias LASISI, Kaden ANDERSON, Kevin TUMBA, Rasheed BELLO",1,1.2,0,0,0,0,0,0,0,0,0,0,0,0,0,1,0,0,0,0,0,3,3,3.0,159.6,266.0,100.0,166.0,0,0,0,0.0,0,0,0,0,0,0,0,0,0,0,0,0,0,0,0,0,0,0
Vincent KESTELOOT,Windrose Giants Antwerp,32,Vincent KESTELOOT,"Andrew FUNK, Elias LASISI, Niels DE RIDDER, Rasheed BELLO",1,1.1,2,1,1,100.0,0,0,0,0,0,0,0,0,0,0,0,0,0,0,1,0,2,2.0,66.7,66.7,207.3,-140.6,100.0,100.0,0.0,0.0,0,0,0,1,1,100,0,0,0,0,0,0,0,0,0,0,0,0
Vincent KESTELOOT,Windrose Giants Antwerp,32,Vincent KESTELOOT,"Andrew FUNK, Elias LASISI, Joel MURRAY, Kaden ANDERSON",1,1.0,0,0,0,0,0,0,0,0,0,0,0,0,0,0,0,0,0,0,0,0,0,0.0,0.0,150.0,212.8,-62.8,0,0,0,0,0,0,0,0,0,0,0,0,0,0,0,0,0,0,0,0,0,0
Yoeri SCHOEPEN,Windrose Giants Antwerp,13,Yoeri SCHOEPEN,"Andrew FUNK, Enoch CHEEKS, Niels DE RIDDER, Rasheed BELLO",1,4.6,3,1,2,50.0,1,2,50.0,0,0,0,0,1,1,0,0,0,0,1,2,0,3,3.0,25.0,125.0,88.3,36.7,75.0,75.0,0.0,0.0,0,0,0,0,0,0,0,0,0,0,0,0,0,0,0,0,3,3
Yoeri SCHOEPEN,Windrose Giants Antwerp,13,Yoeri SCHOEPEN,"Elias LASISI, Enoch CHEEKS, Joel MURRAY, Niels DE RIDDER",1,3.8,5,2,2,100.0,1,1,100.0,0,0,0,0,2,2,0,0,0,0,0,2,0,5,5.0,62.5,150.0,0.0,150.0,125.0,125.0,0.0,0.0,1,1,100,0,0,0,0,0,0,0,1,0,0,0,0,0,2,0
Yoeri SCHOEPEN,Windrose Giants Antwerp,13,Yoeri SCHOEPEN,"Elias LASISI, Joel MURRAY, Kevin TUMBA, Vincent KESTELOOT",1,2.3,0,0,0,0,0,0,0,0,0,0,0,1,1,0,0,0,0,0,0,0,0,0.0,0.0,165.4,84.4,81.1,0,0,0,0,0,0,0,0,0,0,0,0,0,0,0,0,0,0,0,0,0,0
Yoeri SCHOEPEN,Windrose Giants Antwerp,13,Yoeri SCHOEPEN,"Christian ELOCOBE, Elias LASISI, Kaden ANDERSON, Rasheed BELLO",1,1.7,1,0,1,0.0,0,1,0.0,1,2,50.0,1,1,2,0,0,0,0,0,1,0,1,1.0,24.5,73.6,125.0,-51.4,0.0,26.6,0,0.0,0,0,0,0,0,0,0,0,0,0,0,0,0,0,0,1,0,0
Yoeri SCHOEPEN,Windrose Giants Antwerp,13,Yoeri SCHOEPEN,"Andrew FUNK, Enoch CHEEKS, Kaden ANDERSON, Rasheed BELLO",1,1.2,0,0,0,0,0,0,0,0,0,0,0,0,0,0,0,0,0,1,0,0,0,0.0,0.0,100.0,52.2,47.8,0,0,0,0,0,0,0,0,0,0,0,0,0,0,0,0,0,0,0,0,0,0
Yoeri SCHOEPEN,Windrose Giants Antwerp,13,Yoeri SCHOEPEN,"Elias LASISI, Joel MURRAY, Kaden ANDERSON, Rasheed BELLO",1,1.2,0,0,0,0,0,0,0,0,0,0,0,1,1,0,0,1,0,0,0,0,0,0.0,0.0,136.5,0.0,136.5,0,0,0,0,0,0,0,0,0,0,0,0,0,0,0,0,0,0,0,0,0,0
Dimitri MACONDA,Zorg en Zekerheid Leiden,2,Dimitri MACONDA,"Jibbe SICKING, Lucas KRUITHOF, Nate ROBERTS, Stan VAN DEN ELZEN",1,10.4,5,2,4,50.0,1,3,33.3,0,0,0,0,0,0,1,1,0,0,1,4,2,7,7.0,38.4,82.2,183.6,-101.4,62.5,62.5,50.0,0.0,0,0,0,1,1,100,0,0,0,0,0,0,0,0,0,0,0,2
Dimitri MACONDA,Zorg en Zekerheid Leiden,2,Dimitri MACONDA,"Jibbe SICKING, Lucas KRUITHOF, Nate ROBERTS, Tyreek SCOTT-GRAYSON",1,7.0,2,1,4,25.0,0,1,0.0,0,0,0,0,0,0,2,2,0,0,0,4,5,7,7.0,54.9,125.6,122.5,3.1,25.0,25.0,200.0,0.0,0,0,0,3,1,33.3,0,0,0,0,0,0,0,0,0,0,0,0
Dimitri MACONDA,Zorg en Zekerheid Leiden,2,Dimitri MACONDA,"Lucas KRUITHOF, Nate ROBERTS, Sam HUURMAN, Tyreek SCOTT-GRAYSON",1,3.4,0,0,0,0,0,0,0,0,0,0,0,0,0,1,0,0,0,1,0,3,3,3.0,36.6,170.7,85.7,85.0,0,0,0,0.0,0,0,0,0,0,0,0,0,0,0,0,0,0,0,0,0,0,0
Dimitri MACONDA,Zorg en Zekerheid Leiden,2,Dimitri MACONDA,"Lucas KRUITHOF, Roeland SCHAFTENAAR, Sam HUURMAN, Stan VAN DEN ELZEN",1,2.0,2,1,3,33.3,0,1,0.0,0,0,0,0,0,0,0,0,0,0,0,3,0,2,2.0,68.3,68.3,100.0,-31.7,33.3,33.3,0.0,0.0,1,1,100,1,0,0,0,0,0,1,0,0,0,0,0,0,0,2
Dimitri MACONDA,Zorg en Zekerheid Leiden,2,Dimitri MACONDA,"Nate ROBERTS, Sam HUURMAN, Stan VAN DEN ELZEN, Tyreek SCOTT-GRAYSON",1,1.2,0,0,0,0,0,0,0,0,0,0,0,0,0,0,0,0,1,0,1,0,0,0.0,0.0,0.0,100.0,-100.0,0,0,0,100.0,0,0,0,0,0,0,0,0,0,0,0,0,1,0,0,0,0,0
Dimitri MACONDA,Zorg en Zekerheid Leiden,2,Dimitri MACONDA,"Jibbe SICKING, Roeland SCHAFTENAAR, Stan VAN DEN ELZEN, Tyreek SCOTT-GRAYSON",1,1.0,0,0,0,0,0,0,0,0,0,0,0,0,0,0,0,0,1,0,1,0,0,0.0,0.0,100.0,106.4,-6.4,0,0,0,100.0,0,0,0,0,0,0,0,0,0,0,0,1,0,0,0,0,0,0
Jibbe SICKING,Zorg en Zekerheid Leiden,12,Jibbe SICKING,"Dimitri MACONDA, Lucas KRUITHOF, Nate ROBERTS, Stan VAN DEN ELZEN",1,10.4,2,1,2,50.0,0,1,0.0,0,0,0,2,0,2,0,0,1,1,0,1,0,2,2.0,11.0,82.2,183.6,-101.4,50.0,50.0,0.0,33.3,0,0,0,1,1,100,0,0,0,0,0,1,0,0,0,0,0,0
Jibbe SICKING,Zorg en Zekerheid Leiden,12,Jibbe SICKING,"Dimitri MACONDA, Lucas KRUITHOF, Nate ROBERTS, Tyreek SCOTT-GRAYSON",1,7.0,1,0,0,0,0,0,0,1,2,50.0,1,0,1,1,0,0,1,1,1,2,3,3.0,23.5,125.6,122.5,3.1,0,56.8,0,34.7,0,0,0,0,0,0,0,0,0,0,0,0,0,0,1,0,0,0
Jibbe SICKING,Zorg en Zekerheid Leiden,12,Jibbe SICKING,"Lucas KRUITHOF, Nate ROBERTS, Stan VAN DEN ELZEN, Tyreek SCOTT-GRAYSON",1,5.5,2,1,1,100.0,0,0,0,0,0,0,1,1,2,2,2,0,0,3,0,2,4,4.0,26.5,152.3,81.8,70.5,100.0,100.0,200.0,0.0,0,0,0,1,1,100,0,0,0,0,0,0,0,0,0,0,0,0
Jibbe SICKING,Zorg en Zekerheid Leiden,12,Jibbe SICKING,"Lucas KRUITHOF, Roeland SCHAFTENAAR, Stan VAN DEN ELZEN, Tyreek SCOTT-GRAYSON",1,3.9,0,0,1,0.0,0,0,0,0,0,0,1,0,1,0,1,0,0,0,0,0,0,0.0,0.0,110.5,67.0,43.5,0.0,0.0,0,0.0,0,0,0,1,0,0,0,0,0,0,0,0,0,0,0,0,0,0
Jibbe SICKING,Zorg en Zekerheid Leiden,12,Jibbe SICKING,"Dimitri MACONDA, Roeland SCHAFTENAAR, Stan VAN DEN ELZEN, Tyreek SCOTT-GRAYSON",1,1.0,0,0,0,0,0,0,0,0,0,0,0,0,0,0,0,0,0,0,0,0,0,0.0,0.0,100.0,106.4,-6.4,0,0,0,0,0,0,0,0,0,0,0,0,0,0,0,0,0,0,0,0,0,0
Loek VAN ZEIL,Zorg en Zekerheid Leiden,11,Loek VAN ZEIL,"Roeland SCHAFTENAAR, Sam HUURMAN, Stan VAN DEN ELZEN, Tyreek SCOTT-GRAYSON",1,1.1,0,0,0,0,0,0,0,0,0,0,0,0,0,0,0,0,0,0,0,0,0,0.0,0.0,0.0,66.7,-66.7,0,0,0,0,0,0,0,0,0,0,0,0,0,0,0,0,0,0,0,0,0,0
Lucas KRUITHOF,Zorg en Zekerheid Leiden,17,Lucas KRUITHOF,"Dimitri MACONDA, Jibbe SICKING, Nate ROBERTS, Stan VAN DEN ELZEN",1,10.4,2,1,3,33.3,0,2,0.0,0,0,0,0,1,1,1,2,0,1,0,4,2,4,4.0,21.9,82.2,183.6,-101.4,33.3,33.3,100.0,20.0,0,0,0,1,1,100,0,0,0,0,0,1,0,0,0,0,0,0
Lucas KRUITHOF,Zorg en Zekerheid Leiden,17,Lucas KRUITHOF,"Dimitri MACONDA, Jibbe SICKING, Nate ROBERTS, Tyreek SCOTT-GRAYSON",1,7.0,5,2,2,100.0,1,1,100.0,0,0,0,0,0,0,1,1,0,1,0,3,2,7,7.0,54.9,125.6,122.5,3.1,125.0,125.0,50.0,25.0,0,0,0,1,1,100,0,0,0,0,0,1,0,0,0,2,0,0
Lucas KRUITHOF,Zorg en Zekerheid Leiden,17,Lucas KRUITHOF,"Jibbe SICKING, Nate ROBERTS, Stan VAN DEN ELZEN, Tyreek SCOTT-GRAYSON",1,5.5,2,1,3,33.3,0,2,0.0,0,0,0,0,1,1,0,1,0,0,0,3,0,2,2.0,13.2,152.3,81.8,70.5,33.3,33.3,0.0,0.0,0,0,0,1,1,100,0,0,0,0,0,0,0,0,0,0,2,2
Lucas KRUITHOF,Zorg en Zekerheid Leiden,17,Lucas KRUITHOF,"Jibbe SICKING, Roeland SCHAFTENAAR, Stan VAN DEN ELZEN, Tyreek SCOTT-GRAYSON",1,3.9,3,1,1,100.0,0,0,0,1,1,100.0,1,1,2,1,0,0,0,0,0,2,5,5.0,61.4,110.5,67.0,43.5,100.0,104.2,100.0,0.0,0,0,0,1,1,100,0,0,0,0,0,0,0,0,0,0,0,0
Lucas KRUITHOF,Zorg en Zekerheid Leiden,17,Lucas KRUITHOF,"Dimitri MACONDA, Nate ROBERTS, Sam HUURMAN, Tyreek SCOTT-GRAYSON",1,3.4,0,0,1,0.0,0,0,0,0,0,0,0,0,0,0,1,0,0,0,1,0,0,0.0,0.0,170.7,85.7,85.0,0.0,0.0,0,0.0,0,0,0,1,0,0,0,0,0,0,0,0,0,0,0,0,0,0
Lucas KRUITHOF,Zorg en Zekerheid Leiden,17,Lucas KRUITHOF,"Roeland SCHAFTENAAR, Sam HUURMAN, Stan VAN DEN ELZEN, Tyreek SCOTT-GRAYSON",1,2.6,0,0,0,0,0,0,0,0,0,0,0,0,0,0,0,0,0,0,0,0,0,0.0,0.0,136.5,181.3,-44.8,0,0,0,0,0,0,0,0,0,0,0,0,0,0,0,0,0,0,0,0,0,0
Lucas KRUITHOF,Zorg en Zekerheid Leiden,17,Lucas KRUITHOF,"Dimitri MACONDA, Roeland SCHAFTENAAR, Sam HUURMAN, Stan VAN DEN ELZEN",1,2.0,0,0,0,0,0,0,0,0,0,0,0,0,0,0,0,0,0,0,0,0,0,0.0,0.0,68.3,100.0,-31.7,0,0,0,0,0,0,0,0,0,0,0,0,0,0,0,0,0,0,0,0,0,0
Nate ROBERTS,Zorg en Zekerheid Leiden,28,Nate ROBERTS,"Dimitri MACONDA, Jibbe SICKING, Lucas KRUITHOF, Stan VAN DEN ELZEN",1,10.4,4,2,3,66.7,0,0,0,0,0,0,0,1,1,0,0,1,1,2,4,0,4,4.0,21.9,82.2,183.6,-101.4,66.7,66.7,0.0,25.0,0,0,0,3,2,66.7,0,0,0,0,0,0,0,0,0,2,0,0
Nate ROBERTS,Zorg en Zekerheid Leiden,28,Nate ROBERTS,"Dimitri MACONDA, Jibbe SICKING, Lucas KRUITHOF, Tyreek SCOTT-GRAYSON",1,7.0,6,3,4,75.0,0,0,0,0,0,0,1,2,3,0,0,0,0,1,3,0,6,6.0,47.1,125.6,122.5,3.1,75.0,75.0,0.0,0.0,2,2,100,2,1,50,0,0,0,0,0,0,0,0,0,0,4,2
Nate ROBERTS,Zorg en Zekerheid Leiden,28,Nate ROBERTS,"Jibbe SICKING, Lucas KRUITHOF, Stan VAN DEN ELZEN, Tyreek SCOTT-GRAYSON",1,5.5,4,2,2,100.0,0,0,0,0,1,0.0,0,1,1,1,0,0,0,1,2,2,6,6.0,39.7,152.3,81.8,70.5,100.0,82.0,50.0,0.0,0,0,0,2,2,100,0,0,0,0,0,0,0,0,0,0,2,2
Nate ROBERTS,Zorg en Zekerheid Leiden,28,Nate ROBERTS,"Dimitri MACONDA, Lucas KRUITHOF, Sam HUURMAN, Tyreek SCOTT-GRAYSON",1,3.4,3,1,1,100.0,0,0,0,1,1,100.0,0,2,2,0,0,0,0,0,1,0,3,3.0,36.6,170.7,85.7,85.0,100.0,104.2,0.0,0.0,0,0,0,1,1,100,0,0,0,0,0,0,0,0,0,0,0,0
Nate ROBERTS,Zorg en Zekerheid Leiden,28,Nate ROBERTS,"Dimitri MACONDA, Sam HUURMAN, Stan VAN DEN ELZEN, Tyreek SCOTT-GRAYSON",1,1.2,0,0,0,0,0,0,0,0,0,0,0,1,1,0,0,0,0,0,0,0,0,0.0,0.0,0.0,100.0,-100.0,0,0,0,0,0,0,0,0,0,0,0,0,0,0,0,0,0,0,0,0,0,0
Roeland SCHAFTENAAR,Zorg en Zekerheid Leiden,10,Roeland SCHAFTENAAR,"Jibbe SICKING, Lucas KRUITHOF, Stan VAN DEN ELZEN, Tyreek SCOTT-GRAYSON",1,3.9,0,0,0,0,0,0,0,0,0,0,0,0,0,0,1,0,1,0,1,0,0,0.0,0.0,110.5,67.0,43.5,0,0,0,100.0,0,0,0,0,0,0,0,0,0,0,0,1,0,0,0,0,0,0
Roeland SCHAFTENAAR,Zorg en Zekerheid Leiden,10,Roeland SCHAFTENAAR,"Lucas KRUITHOF, Sam HUURMAN, Stan VAN DEN ELZEN, Tyreek SCOTT-GRAYSON",1,2.6,0,0,1,0.0,0,0,0,0,0,0,0,0,0,0,0,0,0,0,1,0,0,0.0,0.0,136.5,181.3,-44.8,0.0,0.0,0,0.0,0,0,0,1,0,0,0,0,0,0,0,0,0,0,0,0,0,0
Roeland SCHAFTENAAR,Zorg en Zekerheid Leiden,10,Roeland SCHAFTENAAR,"Dimitri MACONDA, Lucas KRUITHOF, Sam HUURMAN, Stan VAN DEN ELZEN",1,2.0,0,0,0,0,0,0,0,0,0,0,0,1,1,0,0,0,0,0,0,0,0,0.0,0.0,68.3,100.0,-31.7,0,0,0,0,0,0,0,0,0,0,0,0,0,0,0,0,0,0,0,0,0,0
Roeland SCHAFTENAAR,Zorg en Zekerheid Leiden,10,Roeland SCHAFTENAAR,"Loek VAN ZEIL, Sam HUURMAN, Stan VAN DEN ELZEN, Tyreek SCOTT-GRAYSON",1,1.1,0,0,1,0.0,0,0,0,0,0,0,0,0,0,0,0,0,0,0,1,0,0,0.0,0.0,0.0,66.7,-66.7,0.0,0.0,0,0.0,0,0,0,1,0,0,0,0,0,0,0,0,0,0,0,0,0,0
Roeland SCHAFTENAAR,Zorg en Zekerheid Leiden,10,Roeland SCHAFTENAAR,"Dimitri MACONDA, Jibbe SICKING, Stan VAN DEN ELZEN, Tyreek SCOTT-GRAYSON",1,1.0,0,0,0,0,0,0,0,0,0,0,0,1,1,0,0,1,0,1,0,0,0,0.0,0.0,100.0,106.4,-6.4,0,0,0,0,0,0,0,0,0,0,0,0,0,0,0,0,0,0,0,0,0,0
Sam HUURMAN,Zorg en Zekerheid Leiden,13,Sam HUURMAN,"Dimitri MACONDA, Lucas KRUITHOF, Nate ROBERTS, Tyreek SCOTT-GRAYSON",1,3.4,4,1,1,100.0,1,1,100.0,1,2,50.0,0,0,0,0,0,0,0,0,2,0,4,4.0,48.8,170.7,85.7,85.0,150.0,106.4,0.0,0.0,0,0,0,0,0,0,0,0,0,0,0,0,0,0,0,0,1,0
Sam HUURMAN,Zorg en Zekerheid Leiden,13,Sam HUURMAN,"Lucas KRUITHOF, Roeland SCHAFTENAAR, Stan VAN DEN ELZEN, Tyreek SCOTT-GRAYSON",1,2.6,2,1,2,50.0,0,0,0,0,0,0,0,1,1,0,0,0,0,0,2,0,2,2.0,68.3,136.5,181.3,-44.8,50.0,50.0,0.0,0.0,0,0,0,2,1,50,0,0,0,0,0,0,0,0,0,2,0,2
Sam HUURMAN,Zorg en Zekerheid Leiden,13,Sam HUURMAN,"Dimitri MACONDA, Lucas KRUITHOF, Roeland SCHAFTENAAR, Stan VAN DEN ELZEN",1,2.0,0,0,1,0.0,0,0,0,0,0,0,1,0,1,0,1,0,0,1,0,0,0,0.0,0.0,68.3,100.0,-31.7,0.0,0.0,0,0.0,0,0,0,1,0,0,0,0,0,0,0,0,0,0,0,0,0,0
Sam HUURMAN,Zorg en Zekerheid Leiden,13,Sam HUURMAN,"Dimitri MACONDA, Nate ROBERTS, Stan VAN DEN ELZEN, Tyreek SCOTT-GRAYSON",1,1.2,0,0,0,0,0,0,0,0,0,0,0,0,0,0,0,0,0,0,0,0,0,0.0,0.0,0.0,100.0,-100.0,0,0,0,0,0,0,0,0,0,0,0,0,0,0,0,0,0,0,0,0,0,0
Sam HUURMAN,Zorg en Zekerheid Leiden,13,Sam HUURMAN,"Loek VAN ZEIL, Roeland SCHAFTENAAR, Stan VAN DEN ELZEN, Tyreek SCOTT-GRAYSON",1,1.1,0,0,0,0,0,0,0,0,0,0,0,0,0,0,0,0,0,0,0,0,0,0.0,0.0,0.0,66.7,-66.7,0,0,0,0,0,0,0,0,0,0,0,0,0,0,0,0,0,0,0,0,0,0
Stan VAN DEN ELZEN,Zorg en Zekerheid Leiden,9,Stan VAN DEN ELZEN,"Dimitri MACONDA, Jibbe SICKING, Lucas KRUITHOF, Nate ROBERTS",1,10.4,2,1,4,25.0,0,1,0.0,0,0,0,0,0,0,1,0,0,2,0,6,3,5,5.0,27.4,82.2,183.6,-101.4,25.0,25.0,100.0,28.6,0,0,0,3,1,33.3,0,0,0,0,0,2,0,0,0,0,0,0
Stan VAN DEN ELZEN,Zorg en Zekerheid Leiden,9,Stan VAN DEN ELZEN,"Jibbe SICKING, Lucas KRUITHOF, Nate ROBERTS, Tyreek SCOTT-GRAYSON",1,5.5,9,3,4,75.0,0,1,0.0,3,4,75.0,0,0,0,0,0,0,0,1,6,0,9,9.0,59.6,152.3,81.8,70.5,75.0,78.1,0.0,0.0,0,0,0,3,3,100,0,0,0,0,0,0,0,0,0,0,0,2
Stan VAN DEN ELZEN,Zorg en Zekerheid Leiden,9,Stan VAN DEN ELZEN,"Jibbe SICKING, Lucas KRUITHOF, Roeland SCHAFTENAAR, Tyreek SCOTT-GRAYSON",1,3.9,1,0,4,0.0,0,2,0.0,1,2,50.0,2,0,2,1,0,0,0,0,3,2,3,3.0,36.8,110.5,67.0,43.5,0.0,10.2,0,0.0,0,0,0,2,0,0,0,0,0,0,0,0,0,0,0,1,0,0
Stan VAN DEN ELZEN,Zorg en Zekerheid Leiden,9,Stan VAN DEN ELZEN,"Lucas KRUITHOF, Roeland SCHAFTENAAR, Sam HUURMAN, Tyreek SCOTT-GRAYSON",1,2.6,2,1,1,100.0,0,0,0,0,0,0,0,0,0,1,0,0,0,0,1,2,4,4.0,136.5,136.5,181.3,-44.8,100.0,100.0,100.0,0.0,0,0,0,1,1,100,0,0,0,0,0,0,0,0,0,0,2,0
Stan VAN DEN ELZEN,Zorg en Zekerheid Leiden,9,Stan VAN DEN ELZEN,"Dimitri MACONDA, Lucas KRUITHOF, Roeland SCHAFTENAAR, Sam HUURMAN",1,2.0,0,0,0,0,0,0,0,0,0,0,0,0,0,0,0,0,0,0,0,0,0,0.0,0.0,68.3,100.0,-31.7,0,0,0,0,0,0,0,0,0,0,0,0,0,0,0,0,0,0,0,0,0,0
Stan VAN DEN ELZEN,Zorg en Zekerheid Leiden,9,Stan VAN DEN ELZEN,"Dimitri MACONDA, Nate ROBERTS, Sam HUURMAN, Tyreek SCOTT-GRAYSON",1,1.2,0,0,1,0.0,0,0,0,0,0,0,0,0,0,0,0,0,0,0,1,0,0,0.0,0.0,0.0,100.0,-100.0,0.0,0.0,0,0.0,0,0,0,1,0,0,0,0,0,0,0,0,0,0,0,0,0,0
Stan VAN DEN ELZEN,Zorg en Zekerheid Leiden,9,Stan VAN DEN ELZEN,"Loek VAN ZEIL, Roeland SCHAFTENAAR, Sam HUURMAN, Tyreek SCOTT-GRAYSON",1,1.1,0,0,0,0,0,0,0,0,0,0,0,0,0,0,0,0,0,0,0,0,0,0.0,0.0,0.0,66.7,-66.7,0,0,0,0,0,0,0,0,0,0,0,0,0,0,0,0,0,0,0,0,0,0
Stan VAN DEN ELZEN,Zorg en Zekerheid Leiden,9,Stan VAN DEN ELZEN,"Dimitri MACONDA, Jibbe SICKING, Roeland SCHAFTENAAR, Tyreek SCOTT-GRAYSON",1,1.0,2,1,1,100.0,0,0,0,0,0,0,0,0,0,0,0,0,0,0,1,0,2,2.0,100.0,100.0,106.4,-6.4,100.0,100.0,0.0,0.0,0,0,0,1,1,100,0,0,0,0,0,0,0,0,0,0,0,0
Tyreek SCOTT-GRAYSON,Zorg en Zekerheid Leiden,5,Tyreek SCOTT-GRAYSON,"Dimitri MACONDA, Jibbe SICKING, Lucas KRUITHOF, Nate ROBERTS",1,7.0,2,1,2,50.0,0,0,0,0,0,0,0,1,1,2,0,0,0,0,2,2,4,4.0,31.4,125.6,122.5,3.1,50.0,50.0,200.0,0.0,0,0,0,2,1,50,0,0,0,0,0,0,0,0,0,2,0,2
Tyreek SCOTT-GRAYSON,Zorg en Zekerheid Leiden,5,Tyreek SCOTT-GRAYSON,"Jibbe SICKING, Lucas KRUITHOF, Nate ROBERTS, Stan VAN DEN ELZEN",1,5.5,6,1,2,50.0,0,0,0,4,4,100.0,0,0,0,0,0,0,0,1,4,0,6,6.0,39.7,152.3,81.8,70.5,50.0,79.8,0.0,0.0,0,0,0,2,1,50,0,0,0,0,0,0,0,0,0,2,2,0
Tyreek SCOTT-GRAYSON,Zorg en Zekerheid Leiden,5,Tyreek SCOTT-GRAYSON,"Jibbe SICKING, Lucas KRUITHOF, Roeland SCHAFTENAAR, Stan VAN DEN ELZEN",1,3.9,5,2,2,100.0,0,0,0,1,2,50.0,0,0,0,0,0,0,0,1,3,0,5,5.0,61.4,110.5,67.0,43.5,100.0,86.8,0.0,0.0,0,0,0,2,2,100,0,0,0,0,0,0,0,0,0,0,3,3
Tyreek SCOTT-GRAYSON,Zorg en Zekerheid Leiden,5,Tyreek SCOTT-GRAYSON,"Dimitri MACONDA, Lucas KRUITHOF, Nate ROBERTS, Sam HUURMAN",1,3.4,7,2,3,66.7,1,2,50.0,2,2,100.0,0,1,1,1,0,0,0,0,4,2,9,9.0,109.8,170.7,85.7,85.0,83.3,90.2,50.0,0.0,0,0,0,1,1,100,0,0,0,0,1,0,0,0,0,0,5,0
Tyreek SCOTT-GRAYSON,Zorg en Zekerheid Leiden,5,Tyreek SCOTT-GRAYSON,"Lucas KRUITHOF, Roeland SCHAFTENAAR, Sam HUURMAN, Stan VAN DEN ELZEN",1,2.6,0,0,0,0,0,0,0,0,0,0,1,0,1,0,0,0,0,0,0,0,0,0.0,0.0,136.5,181.3,-44.8,0,0,0,0,0,0,0,0,0,0,0,0,0,0,0,0,0,0,0,0,0,0
Tyreek SCOTT-GRAYSON,Zorg en Zekerheid Leiden,5,Tyreek SCOTT-GRAYSON,"Dimitri MACONDA, Nate ROBERTS, Sam HUURMAN, Stan VAN DEN ELZEN",1,1.2,0,0,0,0,0,0,0,0,0,0,0,0,0,0,0,0,0,0,0,0,0,0.0,0.0,0.0,100.0,-100.0,0,0,0,0,0,0,0,0,0,0,0,0,0,0,0,0,0,0,0,0,0,0
Tyreek SCOTT-GRAYSON,Zorg en Zekerheid Leiden,5,Tyreek SCOTT-GRAYSON,"Loek VAN ZEIL, Roeland SCHAFTENAAR, Sam HUURMAN, Stan VAN DEN ELZEN",1,1.1,0,0,1,0.0,0,0,0,0,0,0,0,0,0,0,0,0,0,0,1,0,0,0.0,0.0,0.0,66.7,-66.7,0.0,0.0,0,0.0,0,0,0,1,0,0,0,0,0,0,0,0,0,0,0,0,0,0
Tyreek SCOTT-GRAYSON,Zorg en Zekerheid Leiden,5,Tyreek SCOTT-GRAYSON,"Dimitri MACONDA, Jibbe SICKING, Roeland SCHAFTENAAR, Stan VAN DEN ELZEN",1,1.0,0,0,0,0,0,0,0,0,0,0,0,0,0,0,0,0,0,0,0,0,0,0.0,0.0,100.0,106.4,-6.4,0,0,0,0,0,0,0,0,0,0,0,0,0,0,0,0,0,0,0,0,0,0
