Team,Player_Name,Numbers_Worn,Name_Variations,Games,MPG,MIN,PTS,PPG,FGM,FGA,FG%,3PM,3PA,3P%,FTM,FTA,FT%,OREB,DREB,REB,AST,STL,BLK,TOV,PF,POSS,USG%,PTS/100,AST/100,REB/100,PTS_AST,TPC,TPC/G,TPC/100,CLUTCH_PTS,CLUTCH_PPG,CLUTCH_FGA,CLUTCH_FTA,CLUTCH_TS%,CLUTCH_USG,CLUTCH_GAMES,BPM,OBPM,DBPM,POSITION,ROLE,RIM_ATT,RIM_MADE,RIM%,OTD_2PT_ATT,OTD_2PT_MADE,OTD_2PT%,OTD_3PT_ATT,OTD_3PT_MADE,OTD_3PT%,UNAST_RIM_MADE,UNAST_3PT_MADE,PASS_TO,DRIBBLE_TO,DEFENSE_TO,MISC_TO,2ND_CHANCE_PTS,FAST_BREAK_PTS,PTS_OFF_TOV
Worcester Wolves Senior Men,E. Burgess,21/23,E. Burgess,21,28.6,599.7,380.0,18.1,158.0,275.0,57.5,5.0,18.0,27.8,59.0,83.0,71.1,90.0,124.0,214.0,33.0,26.0,14.0,36.0,42.0,247.2,20.3,22.1,1.9,12.5,77,457.0,21.8,26.6,30,3.3,24,6,56.3,27.6,9,9.18,4.2,4.98,5.0,1.5,178.0,120.0,67.4,78.0,32.0,41,18.0,5.0,27.8,49.0,0.0,13.0,14.0,0.0,9.0,117.0,82.0,96.0
Oxford Hoops Senior Men,P. Wrencher Jr,33,P. Wrencher Jr,21,33.0,693.4,363.0,17.3,134.0,321.0,41.7,5.0,29.0,17.2,90.0,131.0,68.7,102.0,147.0,249.0,32.0,13.0,7.0,44.0,21.0,307.8,22.3,21.5,1.9,14.7,70,433.0,20.6,25.6,10,2.0,12,3,37.5,16.3,5,0.35,1.78,-1.43,4.4,2.4,204.0,96.0,47.1,87.0,32.0,36.8,29.0,5.0,17.2,46.0,2.0,13.0,25.0,2.0,4.0,102.0,74.0,65.0
Myerscough Basketball Academy Senior Men I,H. Sheehan,0,H. Sheehan,21,26.1,548.9,299.0,14.2,90.0,245.0,36.7,63.0,171.0,36.8,56.0,72.0,77.8,8.0,56.0,64.0,23.0,12.0,1.0,42.0,31.0,298.3,27.6,18.0,1.4,3.9,54,353.0,16.8,21.3,34,3.4,22,16,58.5,32.0,10,2.88,0.23,2.65,2.6,2.7,49.0,21.0,42.9,23.0,4.0,17.4,171.0,63.0,36.8,15.0,4.0,21.0,16.0,1.0,4.0,70.0,73.0,46.0
Sheffield Arrows Senior Men,D. Soares,10/23,D. Soares,21,37.4,785.0,279.0,13.3,108.0,228.0,47.4,40.0,118.0,33.9,23.0,50.0,46,49.0,159.0,208.0,109.0,48.0,30.0,43.0,54.0,234.2,14.0,15.6,6.1,11.6,249,528.0,25.1,29.5,15,2.1,14,9,41.8,22.0,7,6.93,1.27,5.66,3.5,2.5,99.0,66.0,66.7,10.0,2.0,20,118.0,40.0,33.9,38.0,3.0,20.0,15.0,1.0,7.0,57.0,90.0,60.0
Liverpool Senior Men,K. Ulett-Waul,5,K. Ulett-Waul,21,32.9,691.5,252.0,12.0,92.0,230.0,40,24.0,88.0,27.3,44.0,67.0,65.7,15.0,55.0,70.0,82.0,25.0,0.0,57.0,40.0,289.4,19.3,13.5,4.4,3.8,190,442.0,21.0,23.7,28,2.0,31,10,39.5,48.4,14,-1.49,-3.4,1.91,1.8,2.6,116.0,65.0,56,24.0,3.0,12.5,88.0,24.0,27.3,46.0,7.0,27.0,24.0,0.0,6.0,44.0,111.0,56.0
Leicester Warriors Senior Men,M. Nelson,9,M. Nelson,21,27.1,569.7,216.0,10.3,69.0,201.0,34.3,17.0,73.0,23.3,61.0,97.0,62.9,26.0,54.0,80.0,20.0,29.0,3.0,52.0,53.0,258.9,21.6,12.0,1.1,4.5,41,257.0,12.2,14.3,26,2.4,26,9,43.4,35.0,11,-5.82,-6.48,0.66,3.0,3.9,109.0,46.0,42.2,18.0,6.0,33.3,73.0,17.0,23.3,21.0,0.0,20.0,28.0,0.0,4.0,31.0,37.0,59.0
Sheffield Arrows Senior Men,M. Ibrahim,14/26/44/50,M. Ibrahim,21,23.0,482.7,215.0,10.2,88.0,166.0,53,16.0,39.0,41,23.0,45.0,51.1,40.0,72.0,112.0,27.0,5.0,8.0,39.0,44.0,177.4,17.2,12.0,1.5,6.3,111,326.0,15.5,18.2,8,1.6,6,1,62.1,6.4,5,-0.19,-1.58,1.39,4.0,3.1,102.0,62.0,60.8,25.0,10.0,40,39.0,16.0,41,35.0,5.0,7.0,23.0,2.0,7.0,63.0,30.0,31.0
Myerscough Basketball Academy Senior Men I,O. Esingle,9,O. Esingle,21,21.0,442.0,183.0,8.7,76.0,158.0,48.1,9.0,42.0,21.4,22.0,46.0,47.8,12.0,70.0,82.0,76.0,27.0,8.0,36.0,38.0,194.2,22.3,11.0,4.6,4.9,164,347.0,16.5,20.9,15,2.5,7,5,81.5,11.2,6,6.05,-0.83,6.88,2.1,1.7,87.0,56.0,64.4,29.0,11.0,37.9,42.0,9.0,21.4,30.0,1.0,17.0,16.0,0.0,3.0,33.0,56.0,45.0
Manchester Magic Senior Men I,S. Gordon,6,S. Gordon,21,20.7,434.8,155.0,7.4,71.0,150.0,47.3,2.0,17.0,11.8,11.0,17.0,64.7,39.0,73.0,112.0,25.0,22.0,6.0,26.0,41.0,138.7,16.1,9.3,1.5,6.7,48,203.0,9.7,12.2,3,0.6,5,1,27.6,5.4,5,2.4,-3.05,5.46,4.0,3.9,106.0,59.0,55.7,27.0,10.0,37,17.0,2.0,11.8,26.0,1.0,5.0,13.0,0.0,8.0,43.0,43.0,53.0
Worcester Wolves Senior Men,G. Stergiopoulos,13/9,G. Stergiopoulos,21,18.3,384.5,97.0,4.6,35.0,108.0,32.4,17.0,62.0,27.4,10.0,18.0,55.6,19.0,57.0,76.0,43.0,31.0,3.0,26.0,28.0,118.0,15.1,5.6,2.5,4.4,160,257.0,12.2,15.0,10,1.7,14,2,33.6,17.9,6,3.03,-3.66,6.69,2.7,3.6,38.0,18.0,47.4,8.0,0.0,0,62.0,17.0,27.4,10.0,1.0,18.0,5.0,0.0,3.0,22.0,25.0,41.0
Manchester Magic Senior Men I,B. Goodall,15,B. Goodall,21,24.4,512.7,70.0,3.3,30.0,62.0,48.4,2.0,16.0,12.5,8.0,24.0,33.3,26.0,89.0,115.0,48.0,20.0,5.0,35.0,65.0,78.3,7.7,4.2,2.9,6.9,110,180.0,8.6,10.8,2,0.7,2,2,34.7,5.9,3,0.7,-5.97,6.67,3.6,4.2,44.0,27.0,61.4,2.0,1.0,50,16.0,2.0,12.5,8.0,0.0,16.0,16.0,0.0,3.0,19.0,21.0,9.0
Myerscough Basketball Academy Senior Men I,E. Akubuo,7/8,E. Akubuo,21,13.2,276.3,69.0,3.3,24.0,78.0,30.8,11.0,42.0,26.2,10.0,21.0,47.6,17.0,30.0,47.0,21.0,10.0,6.0,15.0,28.0,81.8,15.0,4.2,1.3,2.8,173,242.0,11.5,14.6,8,1.3,8,6,37.6,13.6,6,-0.06,-4.43,4.37,3.1,4.2,29.0,11.0,37.9,6.0,2.0,33.3,42.0,11.0,26.2,4.0,1.0,5.0,6.0,0.0,4.0,18.0,13.0,18.0
Worcester Wolves Senior Men,C. Okibe,3/30,C. Okibe,21,10.6,221.8,55.0,2.6,21.0,43.0,48.8,0.0,0.0,0,13.0,19.0,68.4,16.0,49.0,65.0,2.0,5.0,3.0,17.0,17.0,50.3,11.1,3.2,0.1,3.8,4,59.0,2.8,3.4,4,4.0,2,0,100.0,2.0,1,-1.92,-5.69,3.77,4.6,4.5,30.0,17.0,56.7,13.0,4.0,30.8,0.0,0.0,0,7.0,0.0,1.0,8.0,4.0,4.0,21.0,13.0,11.0
Sheffield Arrows Senior Men,H. Ibrahim,24/33/9,H. Ibrahim,20,37.4,748.9,487.0,24.4,175.0,352.0,49.7,14.0,61.0,23,123.0,169.0,72.8,71.0,185.0,256.0,97.0,35.0,10.0,83.0,44.0,420.8,26.4,27.2,5.4,14.3,248,735.0,36.8,41.0,33,3.3,22,20,53.6,38.8,10,6.76,2.73,4.03,3.7,1.2,202.0,131.0,64.9,89.0,30.0,33.7,61.0,14.0,23,88.0,3.0,25.0,42.0,1.0,15.0,103.0,181.0,117.0
Liverpool Senior Men,L. Rogerson-Evans,0/00/6/8,K. Forsythe; L. Rogerson-Evans,20,43.3,865.9,419.0,20.9,164.0,396.0,41.4,50.0,173.0,28.9,41.0,64.0,64.1,35.0,132.0,167.0,78.0,41.0,12.0,56.0,54.0,427.4,22.8,22.5,4.2,9.0,222,641.0,32.0,34.4,50,3.3,46,13,48.3,63.7,15,2.82,-0.79,3.61,3.0,2.4,155.0,94.0,60.6,68.0,20.0,29.4,173.0,50.0,28.9,56.0,7.0,23.0,22.0,0.0,11.0,64.0,175.0,83.0
Manchester Magic Senior Men I,J. Walton,8,J. Walton,20,31.6,631.0,377.0,18.9,139.0,309.0,45,67.0,158.0,42.4,32.0,45.0,71.1,9.0,62.0,71.0,99.0,34.0,0.0,63.0,24.0,367.5,29.4,22.6,5.9,4.3,192,569.0,28.4,34.2,24,2.7,21,9,48.1,29.0,9,8.55,3.63,4.92,1.6,1.0,64.0,33.0,51.6,86.0,39.0,45.3,158.0,67.0,42.4,24.0,13.0,35.0,23.0,0.0,5.0,54.0,103.0,89.0
Manchester Magic Senior Men I,A. Bile,7,A. Bile,20,27.7,554.8,342.0,17.1,121.0,270.0,44.8,30.0,100.0,30,70.0,102.0,68.6,29.0,80.0,109.0,38.0,27.0,7.0,44.0,31.0,316.7,28.8,20.5,2.3,6.5,87,429.0,21.4,25.8,27,3.4,23,4,54.5,25.8,8,6.45,1.17,5.28,3.3,2.3,134.0,78.0,58.2,32.0,9.0,28.1,100.0,30.0,30,50.0,3.0,11.0,25.0,0.0,8.0,58.0,129.0,82.0
Oxford Hoops Senior Men,A. Marzec,14,A. Marzec,20,32.8,655.1,297.0,14.8,99.0,226.0,43.8,46.0,110.0,41.8,53.0,66.0,80.3,35.0,49.0,84.0,29.0,10.0,1.0,49.0,26.0,258.3,19.8,17.6,1.7,5.0,62,359.0,17.9,21.2,24,3.4,10,7,91.7,14.1,7,-1.08,0.38,-1.46,2.6,2.2,83.0,40.0,48.2,31.0,11.0,35.5,110.0,46.0,41.8,24.0,6.0,14.0,28.0,0.0,7.0,51.0,81.0,39.0
Myerscough Basketball Academy Senior Men I,C. Sanchez Falette,4/6,C. Sanchez Falette,20,25.4,508.7,245.0,12.2,86.0,229.0,37.6,30.0,97.0,30.9,43.0,71.0,60.6,36.0,92.0,128.0,49.0,33.0,4.0,52.0,36.0,265.2,26.4,14.8,3.0,7.7,148,393.0,19.6,23.7,11,1.4,16,6,29.5,26.6,8,4.21,-1.06,5.26,2.8,2.7,98.0,46.0,46.9,30.0,8.0,26.7,97.0,30.0,30.9,30.0,4.0,19.0,26.0,2.0,5.0,73.0,47.0,38.0
Leicester Warriors Senior Men,A. Kalugin-Ugo,10,A. Kalugin-Ugo,20,27.1,542.9,218.0,10.9,83.0,195.0,42.6,14.0,56.0,25,38.0,81.0,46.9,41.0,108.0,149.0,76.0,39.0,5.0,67.0,45.0,246.4,21.6,12.1,4.2,8.3,161,379.0,18.9,21.1,24,2.7,22,12,44.0,33.3,9,0.04,-3.36,3.4,3.3,2.1,120.0,64.0,53.3,18.0,4.0,22.2,56.0,14.0,25,46.0,1.0,29.0,31.0,0.0,7.0,67.0,66.0,61.0
Worcester Wolves Senior Men,H. Ferreira,10/8,H. Ferreira,20,29.8,595.2,216.0,10.8,88.0,162.0,54.3,6.0,27.0,22.2,34.0,68.0,50,58.0,45.0,103.0,38.0,62.0,8.0,51.0,70.0,177.5,14.7,12.6,2.2,6.0,86,302.0,15.1,17.6,19,2.1,13,6,60.7,23.6,9,4.65,-2.74,7.38,2.9,3.1,119.0,76.0,63.9,16.0,6.0,37.5,27.0,6.0,22.2,36.0,1.0,22.0,20.0,0.0,9.0,35.0,90.0,72.0
Worcester Wolves Senior Men,W. Santhe,6,W. Santhe,20,31.0,619.5,200.0,10.0,76.0,218.0,34.9,24.0,106.0,22.6,24.0,42.0,57.1,11.0,74.0,85.0,117.0,39.0,0.0,95.0,44.0,307.7,24.4,11.6,6.8,4.9,242,442.0,22.1,25.7,22,2.2,25,6,39.8,35.6,10,-1.85,-5.56,3.71,1.6,2.3,94.0,48.0,51.1,18.0,4.0,22.2,106.0,24.0,22.6,43.0,10.0,51.0,37.0,0.0,7.0,27.0,65.0,61.0
Sheffield Sharks Senior Men,D. Kom,2/34/8,D. Kom,20,24.0,480.5,183.0,9.2,67.0,207.0,32.4,30.0,90.0,33.3,19.0,32.0,59.4,24.0,36.0,60.0,45.0,19.0,8.0,59.0,32.0,245.8,25.0,11.2,2.7,3.7,150,333.0,16.6,20.3,10,1.2,13,3,34.9,18.3,8,-4.1,-4.22,0.12,2.3,2.8,67.0,24.0,35.8,50.0,13.0,26,90.0,30.0,33.3,17.0,3.0,28.0,23.0,0.0,8.0,29.0,52.0,38.0
Myerscough Basketball Academy Senior Men I,D. Azancot,7/8,D. Azancot,20,19.6,391.8,171.0,8.6,64.0,185.0,34.6,23.0,80.0,28.7,20.0,27.0,74.1,6.0,33.0,39.0,53.0,24.0,0.0,35.0,15.0,216.8,28.1,10.3,3.2,2.4,173,344.0,17.2,20.8,11,1.6,16,3,31.8,23.3,7,1.9,-1.78,3.69,1.4,2.7,46.0,20.0,43.5,59.0,21.0,35.6,80.0,23.0,28.7,13.0,3.0,22.0,12.0,0.0,1.0,27.0,46.0,25.0
Myerscough Basketball Academy Senior Men I,S. Laditan-Adebiyi,10/13/15/24/5/6,S. Laditan-Adebiyi,20,34.7,694.2,170.0,8.5,74.0,160.0,46.2,4.0,27.0,14.8,18.0,44.0,40.9,143.0,135.0,278.0,56.0,40.0,6.0,29.0,50.0,62.7,4.6,10.3,3.4,16.8,232,402.0,20.1,24.3,4,0.7,10,0,20.0,10.0,6,5.59,0.63,4.96,4.0,3.8,112.0,59.0,52.7,20.0,10.0,50,27.0,4.0,14.8,27.0,1.0,15.0,9.0,1.0,4.0,63.0,38.0,50.0
Sheffield Arrows Senior Men,S. Matewe,12/14/15/26,S. Matewe,20,20.1,401.0,143.0,7.2,57.0,146.0,39,12.0,45.0,26.7,17.0,29.0,58.6,19.0,44.0,63.0,13.0,6.0,5.0,24.0,37.0,157.2,18.4,8.0,0.7,3.5,72,215.0,10.8,12.0,25,4.2,17,3,68.2,20.3,6,-4.42,-4.9,0.48,3.4,4.5,68.0,37.0,54.4,33.0,8.0,24.2,45.0,12.0,26.7,20.0,1.0,10.0,7.0,0.0,7.0,32.0,40.0,25.0
Birmingham City University Senior Men,E. Haywood,4,E. Haywood,20,15.0,299.2,132.0,6.6,43.0,123.0,35,25.0,79.0,31.6,21.0,40.0,52.5,5.0,28.0,33.0,37.0,18.0,0.0,34.0,40.0,162.8,24.6,7.6,2.1,1.9,85,217.0,10.8,12.4,3,0.8,5,0,30.0,6.0,4,-0.36,-4.55,4.19,2.0,2.8,28.0,12.0,42.9,16.0,6.0,37.5,79.0,25.0,31.6,8.0,5.0,19.0,12.0,0.0,3.0,28.0,31.0,49.0
Myerscough Basketball Academy Senior Men I,J. Bobkowski,10/5/6,J. Bobkowski,20,14.2,283.4,131.0,6.5,48.0,122.0,39.3,19.0,56.0,33.9,16.0,27.0,59.3,11.0,23.0,34.0,22.0,12.0,2.0,37.0,18.0,153.5,27.5,7.9,1.3,2.1,141,272.0,13.6,16.4,2,1.0,3,1,29.1,4.4,2,-0.12,-2.99,2.88,2.4,3.0,52.0,27.0,51.9,14.0,2.0,14.3,56.0,19.0,33.9,14.0,2.0,16.0,15.0,0.0,6.0,44.0,35.0,37.0
Teesside Lions Senior Men,B. Maldutis,20/4,B. Maldutis,20,15.4,307.9,120.0,6.0,44.0,113.0,38.9,23.0,61.0,37.7,9.0,13.0,69.2,16.0,27.0,43.0,15.0,21.0,2.0,21.0,35.0,118.8,19.1,7.4,0.9,2.7,38,158.0,7.9,9.8,0,0.0,3,0,0.0,3.0,1,-1.04,-3.19,2.15,2.6,3.1,29.0,16.0,55.2,23.0,5.0,21.7,61.0,23.0,37.7,10.0,5.0,15.0,4.0,0.0,2.0,18.0,26.0,33.0
Oxford Hoops Senior Men,M. Adelakun,10,M. Adelakun,20,15.1,302.8,78.0,3.9,34.0,90.0,37.8,0.0,13.0,0,10.0,21.0,47.6,25.0,60.0,85.0,19.0,15.0,15.0,39.0,35.0,108.7,18.0,4.6,1.1,5.0,41,119.0,6.0,7.0,14,3.5,11,7,49.7,18.1,4,-5.9,-7.51,1.61,3.9,3.9,57.0,27.0,47.4,19.0,7.0,36.8,13.0,0.0,0,19.0,0.0,16.0,14.0,0.0,9.0,25.0,24.0,28.0
Myerscough Basketball Academy Senior Men I,F. Morgan,14,F. Morgan,20,10.5,209.2,56.0,2.8,21.0,65.0,32.3,11.0,32.0,34.4,3.0,8.0,37.5,8.0,29.0,37.0,12.0,5.0,2.0,10.0,21.0,67.7,16.4,3.4,0.7,2.2,35,91.0,4.5,5.5,3,1.5,2,2,52.1,2.9,2,-1.39,-4.98,3.59,3.1,4.3,18.0,7.0,38.9,15.0,3.0,20,32.0,11.0,34.4,3.0,0.0,3.0,7.0,0.0,0.0,13.0,13.0,17.0
St Helens Saints Senior Men,D. Lufadeju,14,D. Lufadeju,19,34.4,653.7,419.0,22.1,139.0,311.0,44.7,46.0,124.0,37.1,95.0,116.0,81.9,44.0,100.0,144.0,85.0,53.0,3.0,61.0,54.0,363.9,26.6,26.0,5.3,9.0,181,600.0,31.6,37.3,34,3.8,27,15,50.6,41.6,9,8.93,3.55,5.37,2.6,1.1,105.0,67.0,63.8,82.0,26.0,31.7,124.0,46.0,37.1,45.0,13.0,23.0,29.0,0.0,9.0,59.0,177.0,123.0
Leicester Warriors Senior Men,M. Alechicus Legania,5,M. Alechicus Legania; M. Legania,19,33.1,628.9,335.0,17.6,148.0,299.0,49.5,3.0,24.0,12.5,36.0,70.0,51.4,45.0,95.0,140.0,44.0,30.0,9.0,31.0,35.0,303.2,22.9,18.6,2.4,7.8,106,441.0,23.2,24.5,41,3.4,41,3,48.4,46.3,12,1.9,-0.3,2.2,3.6,2.3,163.0,106.0,65,109.0,37.0,33.9,24.0,3.0,12.5,52.0,1.0,14.0,14.0,0.0,3.0,93.0,104.0,88.0
Liverpool Senior Men,A. Gayle,10/13/8/9,A. Gayle,19,30.5,580.4,318.0,16.7,108.0,248.0,43.5,44.0,141.0,31.2,58.0,96.0,60.4,22.0,105.0,127.0,27.0,39.0,6.0,46.0,32.0,301.7,24.0,17.1,1.4,6.8,172,490.0,25.8,26.3,59,4.9,40,24,58.3,63.6,12,4.34,0.06,4.28,3.2,2.5,80.0,58.0,72.5,27.0,6.0,22.2,141.0,44.0,31.2,32.0,10.0,10.0,29.0,0.0,7.0,61.0,92.0,59.0
Sheffield Sharks Senior Men,S. Hanson-Young,10/12,S. Hanson-Young,19,32.4,615.2,280.0,14.7,85.0,278.0,30.6,49.0,173.0,28.3,61.0,83.0,73.5,8.0,95.0,103.0,79.0,23.0,0.0,57.0,29.0,349.0,27.7,17.1,4.8,6.3,158,438.0,23.1,26.8,13,1.3,19,9,28.3,28.0,10,-0.66,-1.61,0.95,2.0,1.6,71.0,25.0,35.2,34.0,11.0,32.4,173.0,49.0,28.3,22.0,25.0,33.0,18.0,0.0,6.0,55.0,72.0,50.0
Sheffield Sharks Senior Men,O. Baldwin,1/31/6/66/7/8,O. Baldwin,19,29.3,556.5,268.0,14.1,98.0,213.0,46,13.0,44.0,29.5,59.0,95.0,62.1,51.0,175.0,226.0,36.0,23.0,26.0,70.0,53.0,262.8,23.1,16.4,2.2,13.8,182,450.0,23.7,27.5,15,1.9,14,11,39.8,23.8,8,1.29,-2.19,3.48,5.0,2.0,122.0,70.0,57.4,46.0,15.0,32.6,44.0,13.0,29.5,35.0,2.0,22.0,34.0,1.0,13.0,55.0,62.0,56.0
Liverpool Senior Men,D. Sofia,1/10/11/14/9,D. Sofia,19,25.6,486.3,189.0,9.9,73.0,163.0,44.8,9.0,41.0,22,34.0,66.0,51.5,45.0,106.0,151.0,48.0,31.0,13.0,66.0,56.0,204.5,19.4,10.1,2.6,8.1,205,394.0,20.7,21.1,27,2.7,15,11,68.0,25.8,10,0.24,-4.51,4.75,4.0,2.8,62.0,45.0,72.6,59.0,19.0,32.2,41.0,9.0,22,30.0,1.0,17.0,34.0,0.0,15.0,30.0,43.0,42.0
Myerscough Basketball Academy Senior Men I,Z. Trezvant,12/14/6,Z. Trezvant,19,23.5,446.3,181.0,9.5,75.0,167.0,44.9,11.0,43.0,25.6,20.0,36.0,55.6,64.0,138.0,202.0,42.0,19.0,32.0,56.0,23.0,167.8,19.1,10.9,2.5,12.2,164,345.0,18.2,20.8,27,2.7,19,10,57.7,32.4,10,5.78,-0.69,6.48,5.0,2.9,94.0,53.0,56.4,30.0,11.0,36.7,43.0,11.0,25.6,24.0,2.0,33.0,18.0,1.0,4.0,79.0,28.0,43.0
Sheffield Sharks Senior Men,C. Andrews,21/22,C. Andrews,19,20.0,379.8,160.0,8.4,66.0,127.0,52,0.0,0.0,0,28.0,57.0,49.1,69.0,67.0,136.0,14.0,13.0,11.0,22.0,39.0,100.9,13.0,9.8,0.9,8.3,32,192.0,10.1,11.7,8,1.6,4,4,69.4,6.8,5,0.36,-0.55,0.91,5.0,2.8,89.0,50.0,56.2,38.0,16.0,42.1,0.0,0.0,0,21.0,0.0,7.0,13.0,0.0,2.0,75.0,28.0,36.0
Teesside Lions Senior Men,Z. Missouri,2,Z. Missouri,19,31.5,597.8,158.0,8.3,48.0,179.0,26.8,13.0,50.0,26,49.0,69.0,71,15.0,55.0,70.0,89.0,24.0,2.0,49.0,25.0,233.6,19.3,9.8,5.5,4.3,203,361.0,19.0,22.3,9,2.2,9,8,35.9,13.5,4,-5.19,-5.26,0.08,1.7,2.7,49.0,18.0,36.7,80.0,17.0,21.2,50.0,13.0,26,13.0,4.0,24.0,21.0,0.0,4.0,33.0,35.0,32.0
St Helens Saints Senior Men,J. Collamat,4/5/6,J. Collamat,19,19.3,367.2,145.0,7.6,51.0,123.0,41.5,16.0,34.0,47.1,27.0,44.0,61.4,19.0,33.0,52.0,41.0,15.0,0.0,36.0,28.0,153.0,19.9,9.0,2.5,3.2,207,352.0,18.5,21.9,5,1.2,7,1,33.6,9.4,4,-0.49,-2.57,2.09,2.4,2.9,62.0,25.0,40.3,27.0,10.0,37,34.0,16.0,47.1,14.0,3.0,12.0,16.0,0.0,8.0,13.0,51.0,38.0
Worcester Wolves Senior Men,D. Antonio,2/4,D. Antonio,19,23.5,446.8,139.0,7.3,57.0,153.0,37.3,17.0,65.0,26.2,8.0,17.0,47.1,38.0,38.0,76.0,33.0,28.0,9.0,23.0,36.0,139.7,15.4,8.1,1.9,4.4,70,209.0,11.0,12.2,13,1.9,17,1,37.3,20.4,7,2.49,-2.71,5.2,3.2,3.9,63.0,33.0,52.4,25.0,7.0,28,65.0,17.0,26.2,18.0,3.0,8.0,11.0,0.0,4.0,36.0,40.0,44.0
Manchester Magic Senior Men I,O. Iguma,10/12/5/9,O. Iguma,19,18.3,348.1,121.0,6.4,40.0,103.0,38.8,18.0,46.0,39.1,23.0,32.0,71.9,17.0,46.0,63.0,16.0,17.0,2.0,25.0,33.0,120.1,17.4,7.3,1.0,3.8,97,218.0,11.5,13.1,13,2.6,7,5,70.7,9.2,5,1.47,-3.61,5.08,3.3,3.9,51.0,22.0,43.1,6.0,0.0,0,46.0,18.0,39.1,3.0,1.0,8.0,10.0,0.0,7.0,27.0,30.0,37.0
Cardiff Met Archers Senior Men I,L. Scotland,6/7,L. Scotland,19,20.4,388.5,114.0,6.0,40.0,153.0,26.1,14.0,56.0,25,20.0,27.0,74.1,15.0,75.0,90.0,26.0,20.0,2.0,33.0,34.0,175.6,22.2,7.1,1.6,5.6,128,242.0,12.7,15.0,11,2.2,9,4,51.1,12.8,5,-6.3,-7.83,1.53,3.7,4.2,35.0,10.0,28.6,61.0,16.0,26.2,56.0,14.0,25,7.0,4.0,15.0,13.0,0.0,5.0,22.0,34.0,27.0
Sheffield Arrows Senior Men,J. Paredes,25/7,J. Paredes,19,23.6,448.0,106.0,5.6,39.0,106.0,36.8,21.0,67.0,31.3,7.0,16.0,43.8,19.0,39.0,58.0,52.0,13.0,2.0,36.0,34.0,124.8,13.1,5.9,2.9,3.2,149,255.0,13.4,14.2,13,2.6,6,2,94.5,7.9,5,-2.08,-3.57,1.49,2.3,3.6,23.0,14.0,60.9,16.0,4.0,25,67.0,21.0,31.3,7.0,3.0,23.0,7.0,0.0,6.0,8.0,29.0,11.0
Myerscough Basketball Academy Senior Men I,A. Ibirinde,13/23,A. Ibirinde,19,10.1,191.4,82.0,4.3,32.0,64.0,50,0.0,2.0,0,18.0,32.0,56.2,41.0,37.0,78.0,9.0,6.0,8.0,27.0,26.0,61.5,16.3,4.9,0.5,4.7,22,104.0,5.5,6.3,2,2.0,2,1,41.0,3.4,1,-0.31,-3.64,3.33,5.0,3.3,51.0,26.0,51,11.0,6.0,54.5,2.0,0.0,0,17.0,0.0,5.0,14.0,1.0,7.0,45.0,4.0,11.0
Oxford Hoops Senior Men,M. Hilsdon,3,M. Hilsdon,19,19.7,374.6,66.0,3.5,22.0,74.0,29.7,14.0,48.0,29.2,8.0,13.0,61.5,1.0,34.0,35.0,33.0,12.0,4.0,54.0,22.0,127.4,17.1,3.9,2.0,2.1,68,134.0,7.1,7.9,0,0.0,1,0,0.0,1.0,1,-9.5,-8.16,-1.35,1.9,3.6,15.0,4.0,26.7,11.0,4.0,36.4,48.0,14.0,29.2,4.0,6.0,32.0,18.0,0.0,4.0,4.0,13.0,4.0
St Helens Saints Senior Men,S. Simmonds,12,S. Simmonds,19,25.3,480.2,60.0,3.2,24.0,75.0,32,4.0,31.0,12.9,8.0,18.0,44.4,34.0,98.0,132.0,34.0,21.0,15.0,31.0,52.0,76.7,7.6,3.7,2.1,8.2,84,144.0,7.6,9.0,3,0.8,4,4,26.0,7.8,4,-1.0,-5.52,4.53,4.3,4.8,24.0,15.0,62.5,20.0,5.0,25,31.0,4.0,12.9,4.0,0.0,13.0,8.0,2.0,8.0,13.0,17.0,11.0
Birmingham City University Senior Men,R. Oberia,3,R. Oberia,18,29.4,528.7,352.0,19.6,123.0,291.0,42.3,50.0,145.0,34.5,56.0,79.0,70.9,28.0,53.0,81.0,23.0,48.0,6.0,38.0,31.0,322.3,27.6,20.2,1.3,4.6,48,400.0,22.2,22.9,19,2.7,15,3,58.2,20.3,7,7.86,1.86,5.99,2.8,2.4,106.0,62.0,58.5,38.0,11.0,28.9,145.0,50.0,34.5,37.0,8.0,12.0,21.0,0.0,5.0,58.0,158.0,97.0
Birmingham City University Senior Men,R. Faure-Daley,11,R. Faure-Daley,18,29.0,522.1,213.0,11.8,75.0,206.0,36.4,43.0,131.0,32.8,20.0,28.0,71.4,18.0,81.0,99.0,134.0,85.0,2.0,65.0,53.0,254.7,22.1,12.2,7.7,5.7,303,516.0,28.7,29.5,17,2.4,18,4,43.0,23.8,7,9.57,-0.26,9.83,1.0,1.0,33.0,20.0,60.6,41.0,11.0,26.8,131.0,43.0,32.8,19.0,13.0,51.0,11.0,0.0,3.0,38.0,58.0,80.0
Liverpool Senior Men,T. Dubiel,12/13,T. Dubiel,18,23.7,427.4,180.0,10.0,76.0,143.0,53.1,2.0,16.0,12.5,26.0,67.0,38.8,67.0,80.0,147.0,39.0,20.0,28.0,51.0,49.0,150.2,16.2,9.7,2.1,7.9,94,274.0,15.2,14.7,33,3.7,20,15,62.0,36.6,9,2.02,-2.65,4.67,5.0,2.6,118.0,73.0,61.9,8.0,1.0,12.5,16.0,2.0,12.5,37.0,1.0,9.0,33.0,0.0,9.0,59.0,65.0,54.0
Cardiff Met Archers Senior Men I,J. Dawe,8,J. Dawe,18,23.0,413.3,153.0,8.5,58.0,110.0,52.7,21.0,47.0,44.7,16.0,19.0,84.2,5.0,31.0,36.0,49.0,25.0,0.0,32.0,17.0,139.5,16.6,9.5,3.0,2.2,90,243.0,13.5,15.1,4,0.8,4,1,45.0,4.4,5,1.09,-1.55,2.64,1.6,1.4,10.0,7.0,70,53.0,30.0,56.6,47.0,21.0,44.7,6.0,5.0,22.0,8.0,0.0,2.0,28.0,44.0,37.0
Worcester Wolves Senior Men,H. Godwin,1/10,H. Godwin,18,15.6,281.2,153.0,8.5,46.0,129.0,35.7,20.0,62.0,32.3,41.0,51.0,80.4,5.0,27.0,32.0,27.0,18.0,0.0,24.0,20.0,163.6,28.6,8.9,1.6,1.9,137,290.0,16.1,16.9,9,1.8,8,4,46.1,11.8,5,3.81,-0.98,4.79,2.1,2.3,53.0,23.0,43.4,12.0,2.0,16.7,62.0,20.0,32.3,19.0,4.0,8.0,14.0,0.0,2.0,15.0,58.0,48.0
Oxford Hoops Senior Men,O. Berzins,5,O. Berzins,18,32.0,576.5,145.0,8.1,56.0,173.0,32.4,22.0,96.0,22.9,11.0,23.0,47.8,17.0,83.0,100.0,71.0,21.0,3.0,57.0,37.0,214.2,18.7,8.6,4.2,5.9,154,299.0,16.6,17.7,10,2.5,14,4,31.7,19.8,4,-5.61,-5.21,-0.4,2.0,2.8,39.0,20.0,51.3,37.0,13.0,35.1,96.0,22.0,22.9,15.0,8.0,43.0,10.0,0.0,4.0,33.0,9.0,19.0
Sheffield Arrows Senior Men,G. Brownell,11/21/4,G. Brownell,18,22.9,412.1,135.0,7.5,45.0,151.0,29.8,32.0,107.0,29.9,13.0,17.0,76.5,8.0,24.0,32.0,23.0,14.0,1.0,9.0,42.0,153.1,17.4,7.5,1.3,1.8,52,187.0,10.4,10.4,16,2.7,13,0,61.5,13.0,6,-2.38,-3.52,1.14,2.3,4.4,14.0,7.0,50,30.0,6.0,20,107.0,32.0,29.9,2.0,1.0,5.0,1.0,0.0,3.0,25.0,23.0,27.0
Cardiff Met Archers Senior Men I,M. James,5,M. James,18,22.4,404.1,119.0,6.6,39.0,122.0,32,14.0,59.0,23.7,27.0,47.0,57.4,10.0,51.0,61.0,34.0,16.0,1.0,38.0,40.0,163.9,19.9,7.4,2.1,3.8,78,197.0,10.9,12.2,18,3.0,12,5,63.4,17.2,6,-6.09,-7.4,1.3,2.9,3.4,49.0,21.0,42.9,14.0,4.0,28.6,59.0,14.0,23.7,10.0,1.0,23.0,4.0,1.0,10.0,18.0,30.0,33.0
Oxford Hoops Senior Men,E. Otto,30,E. Otto,18,20.4,366.3,87.0,4.8,37.0,103.0,35.9,2.0,8.0,25,11.0,23.0,47.8,23.0,77.0,100.0,19.0,13.0,23.0,29.0,12.0,114.4,15.7,5.1,1.1,5.9,45,132.0,7.3,7.8,0,0.0,1,0,0.0,1.0,1,-2.97,-4.55,1.59,4.2,4.2,46.0,23.0,50,47.0,12.0,25.5,8.0,2.0,25,10.0,0.0,10.0,13.0,0.0,6.0,20.0,12.0,6.0
Sheffield Sharks Senior Men,T. Lister,0/18,T. Lister,18,18.1,324.9,57.0,3.2,23.0,68.0,33.8,8.0,39.0,20.5,3.0,6.0,50,9.0,26.0,35.0,14.0,3.0,2.0,15.0,15.0,73.6,11.1,3.5,0.9,2.1,30,87.0,4.8,5.3,0,0.0,3,2,0.0,3.9,2,-6.07,-6.17,0.09,2.8,4.4,16.0,10.0,62.5,13.0,5.0,38.5,39.0,8.0,20.5,0.0,2.0,9.0,5.0,0.0,1.0,13.0,20.0,17.0
Liverpool Senior Men,A. Ulett-Waul,10/12/4/6/7/8,A. Ulett-Waul,18,8.9,160.1,35.0,1.9,10.0,35.0,28.6,7.0,21.0,33.3,8.0,10.0,80,7.0,18.0,25.0,7.0,5.0,0.0,22.0,18.0,52.2,15.1,1.9,0.4,1.3,303,338.0,18.8,18.1,0,0.0,2,0,0.0,2.0,2,-7.11,-8.71,1.59,3.0,4.4,10.0,2.0,20,4.0,1.0,25,21.0,7.0,33.3,2.0,0.0,14.0,8.0,0.0,0.0,5.0,11.0,15.0
Leicester Warriors Senior Men,B. Agrobo,11,B. Agrobo,18,10.4,187.3,26.0,1.4,12.0,32.0,37.5,0.0,0.0,0,2.0,5.0,40,7.0,31.0,38.0,10.0,7.0,3.0,16.0,24.0,41.5,10.5,1.4,0.6,2.1,31,57.0,3.2,3.2,0,0,0,0,0,0.0,0,-7.18,-9.39,2.21,3.8,4.6,26.0,11.0,42.3,6.0,1.0,16.7,0.0,0.0,0,4.0,0.0,9.0,4.0,0.0,3.0,4.0,4.0,4.0
St Helens Saints Senior Men,W. Self,11/4/5/6/7,W. Self,17,22.8,388.3,210.0,12.4,79.0,193.0,40.9,41.0,116.0,35.3,11.0,18.0,61.1,4.0,42.0,46.0,35.0,19.0,1.0,24.0,14.0,212.1,26.1,13.1,2.2,2.9,308,518.0,30.5,32.2,11,2.2,15,5,32.0,17.2,5,3.79,1.12,2.67,2.2,2.6,27.0,16.0,59.3,50.0,22.0,44,116.0,41.0,35.3,8.0,3.0,13.0,8.0,0.0,3.0,33.0,66.0,48.0
St Helens Saints Senior Men,K. Jones,10/8,K. Jones,17,20.7,351.6,128.0,7.5,48.0,126.0,38.1,5.0,27.0,18.5,27.0,46.0,58.7,18.0,24.0,42.0,32.0,19.0,3.0,32.0,25.0,153.8,20.9,8.0,2.0,2.6,110,238.0,14.0,14.8,12,2.4,16,0,37.5,24.0,5,-2.14,-4.43,2.28,2.4,3.7,68.0,33.0,48.5,31.0,10.0,32.3,27.0,5.0,18.5,23.0,0.0,15.0,8.0,0.0,9.0,27.0,41.0,38.0
Worcester Wolves Senior Men,F. Rennie,5,F. Rennie,17,18.2,309.4,123.0,7.2,49.0,140.0,35,17.0,63.0,27,8.0,18.0,44.4,11.0,51.0,62.0,22.0,10.0,0.0,26.0,16.0,156.4,24.9,7.2,1.3,3.6,42,165.0,9.7,9.6,12,2.4,10,4,51.0,14.8,5,-1.87,-4.79,2.92,3.1,3.8,49.0,24.0,49,28.0,8.0,28.6,63.0,17.0,27,15.0,1.0,13.0,10.0,0.0,3.0,24.0,41.0,17.0
Cardiff Met Archers Senior Men I,C. Smith,4,C. Smith,17,22.5,381.7,80.0,4.7,30.0,90.0,33.3,10.0,47.0,21.3,10.0,22.0,45.5,4.0,28.0,32.0,36.0,23.0,3.0,53.0,24.0,142.7,18.4,5.0,2.2,2.0,109,189.0,11.1,11.7,4,1.3,4,2,41.0,4.9,3,-7.38,-8.79,1.41,2.1,3.6,37.0,19.0,51.4,6.0,1.0,16.7,47.0,10.0,21.3,10.0,2.0,25.0,23.0,0.0,5.0,19.0,21.0,16.0
Birmingham City University Senior Men,D. Ogodan,10/12/14/16/17/2/5/7/9,D. Ogodan,17,20.3,345.4,80.0,4.7,33.0,85.0,38.8,2.0,16.0,12.5,12.0,29.0,41.4,47.0,16.0,63.0,15.0,20.0,11.0,30.0,48.0,77.5,10.2,4.6,0.9,3.6,313,393.0,23.1,22.5,0,0.0,1,0,0.0,1.0,1,-1.75,-6.26,4.51,3.9,4.7,60.0,30.0,50,9.0,1.0,11.1,16.0,2.0,12.5,19.0,1.0,12.0,12.0,0.0,6.0,25.0,33.0,34.0
Leicester Warriors Senior Men,K. Cross,13/8,K. Cross,17,10.0,170.4,38.0,2.2,16.0,34.0,47.1,0.0,0.0,0,6.0,17.0,35.3,24.0,23.0,47.0,4.0,6.0,3.0,18.0,14.0,34.1,9.5,2.1,0.2,2.6,88,126.0,7.4,7.0,9,3.0,6,3,61.5,8.3,3,-6.43,-6.63,0.2,4.4,4.5,26.0,12.0,46.2,8.0,4.0,50,0.0,0.0,0,5.0,0.0,6.0,9.0,0.0,3.0,12.0,5.0,5.0
Sheffield Sharks Senior Men,H. Wildie,7,H. Wildie,17,15.0,255.2,34.0,2.0,13.0,53.0,24.5,4.0,22.0,18.2,4.0,7.0,57.1,14.0,26.0,40.0,21.0,12.0,4.0,27.0,28.0,66.3,12.7,2.1,1.3,2.4,49,83.0,4.9,5.1,1,1.0,0,2,56.8,0.9,1,-7.22,-8.94,1.71,2.7,4.3,25.0,9.0,36,6.0,0.0,0,22.0,4.0,18.2,4.0,1.0,17.0,8.0,0.0,2.0,10.0,4.0,6.0
Leicester Warriors Senior Men,P. Banda,14/4/6/7,P. Banda,17,12.2,207.1,28.0,1.6,12.0,41.0,29.3,1.0,7.0,14.3,3.0,8.0,37.5,20.0,22.0,42.0,13.0,7.0,1.0,12.0,14.0,35.1,8.1,1.6,0.7,2.3,295,323.0,19.0,18.0,2,0.5,4,0,25.0,4.0,4,-5.69,-6.4,0.71,3.4,4.8,21.0,9.0,42.9,13.0,2.0,15.4,7.0,1.0,14.3,4.0,0.0,7.0,3.0,0.0,2.0,5.0,12.0,12.0
Worcester Wolves Senior Men,I. Dapaah,11/14,I. Dapaah,17,4.5,76.5,25.0,1.5,10.0,34.0,29.4,4.0,22.0,18.2,1.0,4.0,25,2.0,7.0,9.0,2.0,6.0,0.0,4.0,12.0,36.2,23.3,1.5,0.1,0.5,5,30.0,1.8,1.7,0,0,0,0,0,0.0,0,-4.61,-8.77,4.16,2.8,4.8,8.0,6.0,75,4.0,0.0,0,22.0,4.0,18.2,3.0,0.0,0.0,3.0,0.0,1.0,3.0,9.0,7.0
Liverpool Senior Men,D. Walsh,4,D. Walsh,17,12.2,207.1,24.0,1.4,7.0,44.0,15.9,4.0,25.0,16,6.0,10.0,60,6.0,18.0,24.0,27.0,4.0,2.0,11.0,17.0,51.3,11.4,1.3,1.4,1.3,58,82.0,4.8,4.4,1,0.2,7,2,6.3,8.9,6,-5.17,-6.95,1.78,2.3,3.9,14.0,3.0,21.4,4.0,0.0,0,25.0,4.0,16,2.0,0.0,4.0,6.0,0.0,1.0,10.0,9.0,6.0
CoLA Southwark Pride Senior Men,K. Hawes,5/6,K. Hawes,16,37.5,600.8,241.0,15.1,82.0,224.0,36.6,27.0,83.0,32.5,50.0,86.0,58.1,8.0,67.0,75.0,75.0,41.0,1.0,60.0,54.0,301.3,24.1,18.0,5.6,5.6,174,415.0,25.9,31.0,26,2.9,33,11,34.4,49.8,9,0.35,-3.97,4.32,1.8,1.9,101.0,45.0,44.6,40.0,10.0,25,83.0,27.0,32.5,36.0,6.0,27.0,27.0,0.0,6.0,43.0,72.0,95.0
CoLA Southwark Pride Senior Men,A. Wol,14,A. Wol,16,34.9,559.0,193.0,12.1,80.0,182.0,44,2.0,7.0,28.6,31.0,103.0,30.1,63.0,97.0,160.0,34.0,26.0,7.0,43.0,46.0,199.0,17.1,14.4,2.5,11.9,73,266.0,16.6,19.9,21,2.1,19,16,40.3,29.0,10,-0.79,-4.15,3.37,4.2,3.5,148.0,70.0,47.3,27.0,8.0,29.6,7.0,2.0,28.6,27.0,1.0,14.0,17.0,1.0,11.0,70.0,36.0,40.0
Worcester Wolves Senior Men,E. Yeboah,1/10/9,E. Yeboah,16,24.4,390.2,182.0,11.4,68.0,172.0,39.5,19.0,67.0,28.4,27.0,50.0,54,11.0,74.0,85.0,37.0,33.0,4.0,40.0,33.0,214.1,27.0,10.6,2.2,4.9,211,393.0,24.6,22.9,20,2.5,17,5,52.1,25.2,8,3.25,-3.34,6.58,3.1,2.9,77.0,38.0,49.4,26.0,9.0,34.6,67.0,19.0,28.4,26.0,3.0,22.0,16.0,0.0,2.0,43.0,55.0,59.0
Leicester Warriors Senior Men,D. Mcdonald,12,D. Mcdonald,16,28.9,463.0,177.0,11.1,72.0,168.0,42.9,23.0,74.0,31.1,10.0,15.0,66.7,16.0,38.0,54.0,25.0,17.0,11.0,32.0,27.0,183.0,18.8,9.9,1.4,3.0,52,229.0,14.3,12.7,14,1.4,17,0,41.2,20.0,10,-1.84,-3.18,1.34,3.2,3.3,59.0,31.0,52.5,34.0,17.0,50,74.0,23.0,31.1,15.0,3.0,15.0,15.0,0.0,2.0,23.0,57.0,47.0
Barnet Bulldogs Senior Men,C. Duru,0,C. Duru,16,24.4,391.2,176.0,11.0,62.0,144.0,43.1,26.0,72.0,36.1,26.0,39.0,66.7,14.0,40.0,54.0,33.0,17.0,2.0,21.0,38.0,161.4,20.0,13.3,2.5,4.1,73,249.0,15.6,18.9,4,1.0,3,3,46.3,4.3,4,4.3,-0.57,4.86,2.7,2.7,46.0,25.0,54.3,26.0,11.0,42.3,72.0,26.0,36.1,10.0,1.0,6.0,10.0,0.0,5.0,34.0,64.0,48.0
Cardiff Met Archers Senior Men I,A. Rosario,13/4/5/6/7/8/9,A. Rosario,16,21.4,341.7,155.0,9.7,69.0,146.0,47.3,3.0,15.0,20,14.0,23.0,60.9,15.0,29.0,44.0,38.0,40.0,0.0,44.0,28.0,177.7,25.6,9.6,2.4,2.7,505,660.0,41.2,41.0,3,1.5,4,2,30.7,4.9,2,0.78,-3.77,4.55,1.7,1.8,85.0,48.0,56.5,46.0,18.0,39.1,15.0,3.0,20,33.0,1.0,20.0,15.0,0.0,9.0,19.0,70.0,58.0
Barnet Bulldogs Senior Men,D. Brown,1,D. Brown,16,22.6,361.9,154.0,9.6,50.0,125.0,40,11.0,41.0,26.8,43.0,66.0,65.2,24.0,44.0,68.0,40.0,26.0,10.0,32.0,34.0,155.6,20.9,11.7,3.0,5.2,94,248.0,15.5,18.8,13,4.3,7,3,78.1,9.3,3,5.16,-1.47,6.63,3.4,2.7,67.0,33.0,49.3,17.0,6.0,35.3,41.0,11.0,26.8,22.0,0.0,14.0,16.0,0.0,2.0,30.0,51.0,58.0
Teesside Lions Senior Men,H. Omitowoju,27,H. Omitowoju,16,24.0,384.6,143.0,8.9,58.0,147.0,39.5,10.0,51.0,19.6,17.0,31.0,54.8,25.0,60.0,85.0,29.0,18.0,2.0,41.0,26.0,169.6,21.8,8.8,1.8,5.3,62,205.0,12.8,12.7,17,2.8,14,7,49.8,18.1,6,-4.2,-5.16,0.96,3.2,3.1,75.0,42.0,56,20.0,5.0,25,51.0,10.0,19.6,28.0,0.0,23.0,13.0,0.0,5.0,28.0,50.0,50.0
Teesside Lions Senior Men,C. Smythe,22/45/7,C. Smythe,16,21.6,346.3,128.0,8.0,46.0,134.0,34.3,25.0,80.0,31.2,11.0,15.0,73.3,11.0,57.0,68.0,28.0,21.0,4.0,30.0,33.0,153.2,21.9,7.9,1.7,4.2,79,207.0,12.9,12.8,7,1.2,8,1,41.5,12.4,6,-1.92,-4.24,2.32,3.0,3.0,36.0,16.0,44.4,17.0,4.0,23.5,80.0,25.0,31.2,9.0,1.0,16.0,7.0,0.0,7.0,26.0,41.0,25.0
Barnet Bulldogs Senior Men,J. Gray,7,J. Gray,16,20.5,328.7,118.0,7.4,43.0,123.0,35,13.0,54.0,24.1,19.0,26.0,73.1,5.0,26.0,31.0,41.0,19.0,0.0,26.0,19.0,149.2,22.0,8.9,3.1,2.4,93,211.0,13.2,16.0,2,0.7,2,2,34.7,2.9,3,0.68,-3.42,4.1,1.8,3.1,33.0,19.0,57.6,36.0,11.0,30.6,54.0,13.0,24.1,15.0,2.0,11.0,8.0,0.0,7.0,19.0,44.0,35.0
Birmingham City University Senior Men,J. Miller,7,J. Miller,16,15.4,247.0,97.0,6.1,40.0,100.0,40,2.0,33.0,6.1,15.0,28.0,53.6,5.0,31.0,36.0,10.0,8.0,4.0,23.0,26.0,125.1,22.9,5.6,0.6,2.1,25,122.0,7.6,7.0,5,2.5,2,2,86.8,2.9,2,-4.29,-7.77,3.49,3.3,4.3,32.0,22.0,68.8,35.0,16.0,45.7,33.0,2.0,6.1,14.0,0.0,10.0,8.0,0.0,5.0,9.0,30.0,29.0
Barnet Bulldogs Senior Men,S. Williams,11/14/21,S. Williams,16,19.8,317.4,89.0,5.6,36.0,89.0,40.4,5.0,19.0,26.3,12.0,27.0,44.4,37.0,38.0,75.0,11.0,13.0,2.0,20.0,30.0,80.5,12.3,6.7,0.8,5.7,39,128.0,8.0,9.7,1,0.3,3,2,12.9,3.9,3,-0.64,-4.06,3.42,3.9,4.6,56.0,27.0,48.2,14.0,4.0,28.6,19.0,5.0,26.3,12.0,0.0,3.0,10.0,1.0,6.0,25.0,24.0,29.0
St Helens Saints Senior Men,S. Obika,13/15/6/8,S. Obika,16,13.1,209.0,83.0,5.2,36.0,76.0,47.4,1.0,10.0,10,10.0,17.0,58.8,14.0,23.0,37.0,10.0,5.0,6.0,17.0,36.0,83.0,19.0,5.2,0.6,2.3,202,285.0,17.8,17.7,2,1.0,2,0,50.0,2.0,2,-3.51,-5.99,2.48,3.8,3.8,52.0,28.0,53.8,14.0,7.0,50,10.0,1.0,10,15.0,0.0,5.0,6.0,0.0,6.0,18.0,31.0,23.0
St Helens Saints Senior Men,R. Reynolds,7/8,R. Reynolds,16,14.6,233.9,63.0,3.9,22.0,58.0,37.9,18.0,48.0,37.5,1.0,2.0,50,7.0,22.0,29.0,20.0,10.0,0.0,11.0,22.0,60.4,12.4,3.9,1.2,1.8,142,205.0,12.8,12.7,0,0.0,3,0,0.0,4.0,2,0.76,-2.43,3.18,2.5,3.6,3.0,1.0,33.3,7.0,3.0,42.9,48.0,18.0,37.5,0.0,2.0,4.0,4.0,0.0,3.0,9.0,20.0,8.0
Cardiff Met Archers Senior Men I,R. Cornelius,10/11/12/13/18,R. Cornelius,16,20.4,326.9,63.0,3.9,29.0,101.0,28.7,3.0,23.0,13,2.0,10.0,20,25.0,59.0,84.0,14.0,5.0,5.0,15.0,20.0,91.6,13.8,3.9,0.9,5.2,124,187.0,11.7,11.6,5,1.7,6,0,41.7,6.0,3,-7.11,-7.16,0.05,4.7,5.0,43.0,15.0,34.9,35.0,11.0,31.4,23.0,3.0,13,3.0,0.0,7.0,8.0,0.0,0.0,12.0,7.0,13.0
Barnet Bulldogs Senior Men,M. Dunn,12,M. Dunn,16,7.9,127.0,55.0,3.4,21.0,41.0,51.2,4.0,14.0,28.6,9.0,16.0,56.2,4.0,5.0,9.0,3.0,9.0,0.0,1.0,7.0,43.2,16.5,4.2,0.2,0.7,7,62.0,3.9,4.7,0,0,0,0,0,0.0,0,5.9,-0.01,5.91,2.4,3.6,20.0,11.0,55,7.0,6.0,85.7,14.0,4.0,28.6,8.0,0.0,0.0,0.0,0.0,1.0,9.0,17.0,16.0
Liverpool Senior Men,E. Cain,12/13/8,E. Cain,16,5.7,91.1,32.0,2.0,12.0,39.0,30.8,3.0,18.0,16.7,5.0,6.0,83.3,6.0,9.0,15.0,3.0,4.0,0.0,7.0,12.0,40.9,20.7,1.7,0.2,0.8,130,162.0,10.1,8.7,4,4.0,2,2,69.4,2.9,1,-6.04,-7.34,1.3,3.1,4.5,16.0,7.0,43.8,5.0,2.0,40,18.0,3.0,16.7,4.0,0.0,1.0,6.0,0.0,0.0,5.0,11.0,11.0
Sheffield Arrows Senior Men,Z. Goodwin-Hockney,10/11/13,Z. Goodwin-Hockney,16,2.5,39.3,9.0,0.6,3.0,10.0,30,1.0,3.0,33.3,2.0,7.0,28.6,5.0,2.0,7.0,1.0,2.0,0.0,8.0,2.0,15.4,18.4,0.5,0.1,0.4,30,39.0,2.4,2.2,0,0,0,0,0,0.0,0,-10.75,-9.27,-1.49,2.9,4.7,7.0,2.0,28.6,0.0,0.0,0,3.0,1.0,33.3,0.0,0.0,3.0,4.0,0.0,1.0,2.0,2.0,2.0
Barnet Bulldogs Senior Men,S. Cooper,6,S. Cooper,15,31.6,473.8,342.0,22.8,115.0,257.0,44.7,43.0,119.0,36.1,69.0,85.0,81.2,12.0,82.0,94.0,50.0,50.0,5.0,43.0,31.0,312.4,32.0,25.9,3.8,7.1,110,452.0,30.1,34.3,18,3.6,11,4,70.5,13.8,5,13.58,4.89,8.69,2.7,1.0,88.0,54.0,61.4,50.0,18.0,36,119.0,43.0,36.1,47.0,23.0,15.0,17.0,0.0,11.0,58.0,99.0,118.0
Barking Abbey Senior Men I,J. Mendes,23,J. Mendes,15,25.9,388.9,214.0,14.3,79.0,181.0,43.6,19.0,56.0,33.9,37.0,47.0,78.7,51.0,75.0,126.0,17.0,16.0,13.0,34.0,33.0,177.3,22.7,17.6,1.4,10.4,34,248.0,16.5,20.4,20,4.0,13,7,62.2,19.1,5,7.17,1.57,5.6,4.5,2.4,70.0,42.0,60,45.0,15.0,33.3,50.0,14.0,28,26.0,1.0,8.0,20.0,1.0,5.0,59.0,41.0,53.0
Solent Kestrels Senior Men,E. Round,6,E. Round,15,26.8,402.0,177.0,11.8,62.0,151.0,41.1,35.0,95.0,36.8,18.0,22.0,81.8,16.0,54.0,70.0,45.0,22.0,2.0,18.0,25.0,156.2,19.1,14.5,3.7,5.7,94,271.0,18.1,22.2,5,2.5,4,1,56.3,6.4,2,9.1,1.03,8.07,2.5,2.6,23.0,17.0,73.9,30.0,10.0,33.3,88.0,33.0,37.5,12.0,4.0,11.0,5.0,0.0,2.0,14.0,74.0,41.0
Manchester Magic Senior Men I,D. Davies,13,D. Davies,15,29.4,441.3,155.0,10.3,56.0,115.0,48.7,0.0,3.0,0,43.0,57.0,75.4,60.0,93.0,153.0,38.0,18.0,10.0,33.0,30.0,108.6,12.4,9.3,2.3,9.2,119,274.0,18.3,16.5,13,2.2,10,1,62.3,10.4,6,5.15,-0.61,5.75,4.8,3.2,91.0,50.0,54.9,21.0,6.0,28.6,3.0,0.0,0,23.0,0.0,10.0,17.0,0.0,6.0,45.0,35.0,29.0
CoLA Southwark Pride Senior Men,D. Banjoko,12/8,D. Banjoko,15,26.9,404.1,135.0,9.0,55.0,108.0,50.9,6.0,28.0,21.4,19.0,34.0,55.9,34.0,43.0,77.0,20.0,26.0,7.0,45.0,37.0,128.6,15.3,10.1,1.5,5.7,56,191.0,12.7,14.3,22,2.8,13,12,60.2,25.3,8,-0.05,-4.68,4.64,3.5,3.1,61.0,44.0,72.1,19.0,5.0,26.3,28.0,6.0,21.4,27.0,0.0,14.0,19.0,0.0,12.0,32.0,52.0,51.0
London Lions Senior Men II,L. Roach,13/8,L. Roach,15,19.6,293.4,135.0,9.0,52.0,143.0,36.4,16.0,68.0,23.5,15.0,21.0,71.4,10.0,41.0,51.0,16.0,19.0,0.0,26.0,10.0,161.5,27.9,10.1,1.2,3.8,85,220.0,14.7,16.4,8,2.0,4,4,69.4,6.8,4,0.42,-2.21,2.63,2.4,2.8,43.0,24.0,55.8,32.0,12.0,37.5,68.0,16.0,23.5,17.0,2.0,18.0,4.0,0.0,4.0,7.0,68.0,34.0
Greenwich Titans Senior Men,A. Charles,5,A. Charles,15,24.5,366.9,122.0,8.1,47.0,134.0,35.1,6.0,36.0,16.7,22.0,41.0,53.7,13.0,24.0,37.0,18.0,18.0,1.0,40.0,27.0,171.9,20.8,9.0,1.3,2.7,42,164.0,10.9,12.1,4,1.3,8,2,22.5,11.9,3,-8.06,-8.04,-0.02,2.5,4.0,76.0,35.0,46.1,22.0,6.0,27.3,36.0,6.0,16.7,17.0,3.0,15.0,21.0,0.0,4.0,24.0,55.0,39.0
Cardiff Met Archers Senior Men I,G. Williams,10,G. Williams,15,24.9,374.1,122.0,8.1,48.0,117.0,41,6.0,26.0,23.1,20.0,31.0,64.5,16.0,53.0,69.0,21.0,19.0,0.0,39.0,39.0,147.5,19.4,7.6,1.3,4.3,48,170.0,11.3,10.6,4,4.0,4,0,50.0,5.0,1,-5.61,-7.41,1.81,3.2,3.4,73.0,37.0,50.7,18.0,5.0,27.8,26.0,6.0,23.1,11.0,0.0,22.0,11.0,0.0,6.0,17.0,29.0,36.0
Teesside Lions Senior Men,F. Rogers,29/49/9,F. Rogers,15,23.9,358.9,115.0,7.7,44.0,140.0,31.4,19.0,71.0,26.8,8.0,12.0,66.7,14.0,42.0,56.0,22.0,9.0,10.0,16.0,28.0,141.4,19.5,7.1,1.4,3.5,90,205.0,13.7,12.7,2,1.0,3,0,33.3,4.0,2,-3.95,-4.61,0.65,3.5,3.8,37.0,17.0,45.9,32.0,8.0,25,71.0,19.0,26.8,11.0,2.0,6.0,7.0,0.0,3.0,20.0,44.0,23.0
St Helens Saints Senior Men,E. Evans,10/13,E. Evans,15,18.7,280.8,107.0,7.1,46.0,98.0,46.9,0.0,3.0,0,15.0,24.0,62.5,35.0,65.0,100.0,12.0,8.0,27.0,34.0,41.0,103.3,17.6,6.7,0.7,6.2,52,159.0,10.6,9.9,14,4.7,9,0,77.8,11.0,3,-1.54,-5.69,4.15,5.0,4.0,62.0,31.0,50,33.0,15.0,45.5,3.0,0.0,0,14.0,0.0,7.0,18.0,0.0,9.0,31.0,24.0,24.0
Solent Kestrels Senior Men,W. Kitenge,16,W. Kitenge,15,15.7,236.0,102.0,6.8,45.0,77.0,58.4,0.0,0.0,0,12.0,21.0,57.1,51.0,56.0,107.0,12.0,8.0,7.0,25.0,17.0,57.8,12.1,8.4,1.0,8.8,26,128.0,8.5,10.5,6,6.0,5,0,60.0,6.0,1,5.63,-0.28,5.91,5.0,3.2,53.0,31.0,58.5,22.0,13.0,59.1,0.0,0.0,0,15.0,0.0,9.0,7.0,2.0,7.0,30.0,18.0,28.0
Cobham Cobras Senior Men,R. Akpofure,91,R. Akpofure,15,15.1,226.9,97.0,6.5,43.0,83.0,51.8,4.0,15.0,26.7,7.0,17.0,41.2,31.0,36.0,67.0,13.0,7.0,0.0,13.0,24.0,69.6,15.3,8.1,1.1,5.6,29,126.0,8.4,10.5,10,2.5,5,3,79.1,7.3,4,1.78,-0.66,2.44,3.8,2.8,40.0,23.0,57.5,28.0,16.0,57.1,15.0,4.0,26.7,11.0,0.0,4.0,6.0,0.0,3.0,32.0,13.0,19.0
Cobham Cobras Senior Men,M. Dias Mendes,17,M. Dias Mendes,15,15.4,230.9,78.0,5.2,28.0,58.0,48.3,2.0,10.0,20,20.0,45.0,44.4,28.0,32.0,60.0,13.0,15.0,4.0,25.0,40.0,71.8,15.6,6.5,1.1,5.0,36,114.0,7.6,9.5,2,1.0,2,0,50.0,2.0,2,-1.52,-5.62,4.1,3.8,3.4,25.0,17.0,68,23.0,9.0,39.1,10.0,2.0,20,9.0,0.0,8.0,7.0,0.0,10.0,30.0,24.0,24.0
Birmingham City University Senior Men,C. Hayden,16/17,C. Hayden,15,24.7,370.3,74.0,4.9,33.0,67.0,49.3,0.0,1.0,0,8.0,21.0,38.1,62.0,122.0,184.0,19.0,13.0,4.0,19.0,38.0,31.9,3.9,4.2,1.1,10.5,61,135.0,9.0,7.7,0,0.0,2,0,0.0,3.0,1,1.87,-2.54,4.42,5.0,4.4,39.0,24.0,61.5,27.0,9.0,33.3,1.0,0.0,0,12.0,0.0,11.0,5.0,0.0,3.0,32.0,14.0,20.0
Barnet Bulldogs Senior Men,E. Djanogly,23,E. Djanogly,15,14.8,221.8,71.0,4.7,32.0,62.0,51.6,0.0,3.0,0,7.0,16.0,43.8,46.0,44.0,90.0,3.0,10.0,6.0,27.0,35.0,48.0,10.5,5.4,0.2,6.8,6,77.0,5.1,5.8,0,0,0,0,0,0.0,0,-2.12,-5.19,3.07,5.0,4.4,54.0,28.0,51.9,5.0,4.0,80,3.0,0.0,0,14.0,0.0,3.0,14.0,1.0,9.0,35.0,11.0,14.0
Solent Kestrels Senior Men,D. Cimochowski,14,D. Cimochowski,15,7.1,105.9,70.0,4.7,29.0,46.0,63,0.0,1.0,0,12.0,20.0,60,26.0,18.0,44.0,0.0,4.0,3.0,16.0,19.0,43.0,20.0,5.7,0.0,3.6,0,70.0,4.7,5.7,2,2.0,2,0,50.0,2.0,1,3.47,-1.51,4.98,5.0,2.7,34.0,24.0,70.6,11.0,5.0,45.5,1.0,0.0,0,13.0,0.0,4.0,10.0,1.0,1.0,32.0,18.0,25.0
Teesside Lions Senior Men,S. Forster,34,S. Forster,15,18.7,280.3,49.0,3.3,21.0,52.0,40.4,3.0,12.0,25,4.0,6.0,66.7,13.0,45.0,58.0,10.0,3.0,5.0,18.0,23.0,57.3,10.1,3.0,0.6,3.6,18,67.0,4.5,4.1,0,0,0,0,0,0.0,0,-6.59,-7.31,0.72,4.0,4.5,19.0,13.0,68.4,21.0,5.0,23.8,12.0,3.0,25,4.0,0.0,8.0,7.0,0.0,3.0,13.0,22.0,11.0
Solent Kestrels Senior Men,T. Blower,9,T. Blower,15,10.0,149.4,47.0,3.1,12.0,60.0,20,9.0,44.0,20.5,14.0,22.0,63.6,11.0,5.0,16.0,11.0,10.0,0.0,11.0,13.0,66.9,22.1,3.9,0.9,1.3,24,71.0,4.7,5.8,1,1.0,0,2,56.8,0.9,1,-0.99,-6.02,5.03,2.3,4.7,6.0,2.0,33.3,10.0,1.0,10,42.0,9.0,21.4,0.0,0.0,4.0,2.0,0.0,5.0,9.0,10.0,19.0
Solent Kestrels Senior Men,E. Lotriet,8,E. Lotriet,15,16.3,244.6,44.0,2.9,19.0,63.0,30.2,5.0,31.0,16.1,1.0,2.0,50,8.0,20.0,28.0,21.0,10.0,0.0,12.0,17.0,65.2,13.1,3.6,1.7,2.3,45,89.0,5.9,7.3,0,0.0,2,0,0.0,3.0,1,-0.14,-6.35,6.2,2.3,4.7,12.0,4.0,33.3,20.0,10.0,50,30.0,5.0,16.7,1.0,0.0,7.0,5.0,0.0,0.0,3.0,16.0,6.0
Worcester Wolves Senior Men,L. Ferreira,12,L. Ferreira,15,11.9,179.2,44.0,2.9,19.0,42.0,45.2,2.0,6.0,33.3,4.0,10.0,40,21.0,18.0,39.0,16.0,12.0,3.0,14.0,44.0,37.8,10.4,2.6,0.9,2.3,35,79.0,5.3,4.6,8,2.0,6,0,66.7,7.0,4,-0.4,-6.75,6.35,3.6,3.7,33.0,16.0,48.5,3.0,1.0,33.3,6.0,2.0,33.3,8.0,0.0,4.0,5.0,0.0,5.0,12.0,23.0,18.0
Richmond Knights Senior Men,J. Carvalho,13/2/22/44,J. Carvalho,15,11.3,168.9,43.0,2.9,19.0,49.0,38.8,1.0,4.0,25,4.0,6.0,66.7,8.0,24.0,32.0,5.0,3.0,1.0,25.0,12.0,65.9,18.1,3.3,0.4,2.5,56,99.0,6.6,7.7,4,1.3,3,2,51.5,3.9,3,-8.58,-10.23,1.65,3.5,4.3,32.0,13.0,40.6,13.0,5.0,38.5,4.0,1.0,25,3.0,0.0,12.0,8.0,0.0,5.0,6.0,16.0,10.0
Solent Kestrels Senior Men,B. Cope,3,B. Cope,15,8.4,125.6,41.0,2.7,15.0,42.0,35.7,5.0,17.0,29.4,6.0,9.0,66.7,4.0,11.0,15.0,18.0,5.0,0.0,17.0,17.0,56.6,22.2,3.4,1.5,1.2,48,89.0,5.9,7.3,0,0,0,0,0,0.0,0,-1.35,-6.99,5.64,2.3,3.3,10.0,5.0,50,15.0,5.0,33.3,17.0,5.0,29.4,3.0,0.0,8.0,7.0,0.0,2.0,4.0,11.0,10.0
Oxford Hoops Senior Men,Z. Patterson,20/4/91,Z. Patterson,15,8.0,120.3,31.0,2.1,11.0,36.0,30.6,0.0,3.0,0,9.0,14.0,64.3,5.0,8.0,13.0,8.0,5.0,0.0,8.0,8.0,43.4,18.1,1.8,0.5,0.8,24,55.0,3.7,3.3,2,2.0,1,0,100.0,1.0,1,-7.09,-6.24,-0.85,2.2,4.0,20.0,5.0,25,11.0,4.0,36.4,3.0,0.0,0,4.0,0.0,4.0,4.0,0.0,0.0,6.0,8.0,2.0
Liverpool Senior Men,N. Murphy,6/8,N. Murphy,15,7.0,105.6,29.0,1.9,12.0,41.0,29.3,3.0,13.0,23.1,2.0,4.0,50,4.0,14.0,18.0,10.0,5.0,0.0,11.0,14.0,47.8,20.9,1.6,0.5,1.0,90,119.0,7.9,6.4,7,2.3,4,4,60.8,7.8,3,-6.66,-8.78,2.12,2.7,4.2,20.0,7.0,35,8.0,2.0,25,13.0,3.0,23.1,5.0,2.0,4.0,6.0,0.0,1.0,10.0,11.0,4.0
Birmingham City University Senior Men,E. Nweke,15/16,E. Nweke,15,8.2,122.9,27.0,1.8,12.0,20.0,60,0.0,0.0,0,3.0,4.0,75,15.0,32.0,47.0,3.0,1.0,4.0,9.0,19.0,15.1,5.6,1.5,0.2,2.7,39,66.0,4.4,3.8,0,0,0,0,0,0.0,0,-1.08,-5.42,4.34,5.0,4.3,13.0,9.0,69.2,7.0,3.0,42.9,0.0,0.0,0,6.0,0.0,1.0,3.0,1.0,4.0,17.0,0.0,7.0
Worcester Wolves Senior Men,J. Kilara,22/24,J. Kilara,15,4.6,69.5,17.0,1.1,7.0,12.0,58.3,1.0,2.0,50,2.0,6.0,33.3,4.0,6.0,10.0,1.0,3.0,1.0,8.0,5.0,17.9,12.7,1.0,0.1,0.6,3,20.0,1.3,1.2,0,0,0,0,0,0.0,0,-2.57,-6.64,4.06,3.3,4.2,8.0,6.0,75,2.0,0.0,0,2.0,1.0,50,3.0,0.0,3.0,3.0,0.0,2.0,4.0,6.0,9.0
Richmond Knights Senior Men,M. Diallo,00/6/7,M. Diallo,15,3.2,47.7,14.0,0.9,5.0,8.0,62.5,0.0,1.0,0,4.0,6.0,66.7,1.0,11.0,12.0,1.0,2.0,1.0,6.0,7.0,15.0,14.6,1.1,0.1,0.9,5,19.0,1.3,1.5,0,0.0,1,0,0.0,1.0,1,-3.57,-8.9,5.33,3.7,3.7,5.0,4.0,80,1.0,0.0,0,0.0,0.0,0,1.0,0.0,6.0,0.0,0.0,0.0,3.0,7.0,4.0
Oxford Hoops Senior Men,M. Robinson,0/3/6,M. Robinson,15,4.5,68.0,13.0,0.9,5.0,17.0,29.4,0.0,4.0,0,3.0,4.0,75,4.0,8.0,12.0,1.0,0.0,0.0,9.0,18.0,22.8,16.8,0.8,0.1,0.7,70,83.0,5.5,4.9,3,3.0,1,2,79.8,2.9,1,-17.54,-14.9,-2.64,3.7,4.7,10.0,4.0,40,3.0,1.0,33.3,4.0,0.0,0,2.0,0.0,3.0,5.0,0.0,1.0,0.0,1.0,4.0
Worcester Wolves Senior Men,C. Rufus Shaba,15,C. Rufus Shaba,15,1.7,25.6,2.0,0.1,1.0,5.0,20,0.0,0.0,0,0.0,0.0,0,3.0,3.0,6.0,0.0,0.0,2.0,1.0,2.0,2.9,5.5,0.1,0.0,0.3,2,4.0,0.3,0.2,0,0,0,0,0,0.0,0,-5.07,-7.56,2.49,4.2,4.7,5.0,1.0,20,0.0,0.0,0,0.0,0.0,0,1.0,0.0,0.0,1.0,0.0,0.0,2.0,0.0,0.0
Birmingham City University Senior Men,S. Toluwase,9,S. Toluwase,14,30.4,425.0,311.0,22.2,94.0,234.0,40.2,30.0,106.0,28.3,93.0,124.0,75,34.0,69.0,103.0,31.0,34.0,2.0,46.0,37.0,288.5,30.7,17.8,1.8,5.9,77,388.0,27.7,22.2,17,3.4,6,11,78.4,17.8,5,7.33,1.56,5.77,3.2,1.8,96.0,54.0,56.2,32.0,10.0,31.2,106.0,30.0,28.3,33.0,5.0,11.0,21.0,1.0,13.0,84.0,102.0,77.0
St Helens Saints Senior Men,C. Murtagh,9,C. Murtagh,14,31.1,435.6,282.0,20.1,94.0,217.0,43.3,49.0,141.0,34.8,45.0,56.0,80.4,24.0,59.0,83.0,21.0,38.0,2.0,24.0,46.0,232.0,25.5,17.5,1.3,5.2,50,332.0,23.7,20.6,29,7.2,20,9,60.5,25.0,4,8.24,3.22,5.02,3.0,2.2,41.0,32.0,78,35.0,13.0,37.1,141.0,49.0,34.8,18.0,13.0,5.0,7.0,0.0,12.0,46.0,83.0,74.0
London Stars Senior Men,N. Zajankauskas,99,N. Zajankauskas,14,31.3,438.1,259.0,18.5,98.0,220.0,44.5,21.0,80.0,26.2,42.0,51.0,82.4,14.0,50.0,64.0,42.0,30.0,6.0,29.0,40.0,247.1,26.1,21.4,3.5,5.3,101,360.0,25.7,29.8,18,2.6,14,1,62.3,15.4,7,4.8,-0.15,4.95,2.5,1.9,108.0,64.0,59.3,32.0,13.0,40.6,80.0,21.0,26.2,30.0,3.0,13.0,10.0,0.0,6.0,37.0,113.0,67.0
London Lions Senior Men II,M. John,1/3/4,M. John,14,29.0,406.7,191.0,13.6,61.0,196.0,31.1,29.0,110.0,26.4,40.0,50.0,80,18.0,35.0,53.0,51.0,15.0,0.0,30.0,24.0,220.8,27.5,14.2,3.8,3.9,182,373.0,26.6,27.8,19,2.7,16,8,48.7,21.5,7,1.34,0.28,1.06,1.6,1.4,46.0,17.0,37,40.0,15.0,37.5,110.0,29.0,26.4,14.0,13.0,15.0,14.0,0.0,1.0,28.0,35.0,37.0
Solent Kestrels Senior Men,J. Ofman,4,J. Ofman,14,20.1,280.9,172.0,12.3,67.0,175.0,38.3,19.0,73.0,26,19.0,27.0,70.4,32.0,54.0,86.0,12.0,9.0,2.0,14.0,15.0,162.1,28.4,14.1,1.0,7.1,29,201.0,14.4,16.5,2,0.7,7,0,14.3,7.0,3,5.18,0.6,4.58,3.9,3.4,63.0,33.0,52.4,38.0,15.0,39.5,68.0,18.0,26.5,20.0,2.0,5.0,6.0,1.0,2.0,49.0,48.0,50.0
Barking Abbey Senior Men I,K. Mabaya,10/5,K. Mabaya,14,22.6,315.8,168.0,12.0,65.0,144.0,45.1,9.0,41.0,22,29.0,40.0,72.5,32.0,69.0,101.0,25.0,21.0,6.0,48.0,32.0,170.5,26.9,13.8,2.1,8.3,105,273.0,19.5,22.5,27,3.9,16,4,76.0,25.8,7,5.33,-1.7,7.03,3.7,2.1,83.0,47.0,56.6,20.0,9.0,45,41.0,9.0,22,27.0,1.0,19.0,25.0,0.0,4.0,36.0,74.0,62.0
Sheffield Arrows Senior Men,K. Bagga,12/2/8,K. Bagga,14,19.2,268.5,158.0,11.3,48.0,124.0,38.7,31.0,78.0,39.7,31.0,36.0,86.1,6.0,28.0,34.0,27.0,11.0,1.0,25.0,33.0,152.5,26.6,8.8,1.5,1.9,80,238.0,17.0,13.3,9,2.2,3,7,74.0,8.1,4,2.49,0.45,2.04,2.4,2.2,27.0,11.0,40.7,19.0,6.0,31.6,78.0,31.0,39.7,9.0,6.0,6.0,9.0,1.0,9.0,14.0,51.0,24.0
London Stars Senior Men,J. Jarrett,15,J. Jarrett,14,25.0,350.7,153.0,10.9,64.0,129.0,49.6,19.0,57.0,33.3,6.0,11.0,54.5,22.0,51.0,73.0,14.0,19.0,12.0,32.0,37.0,138.1,18.2,12.6,1.2,6.0,33,186.0,13.3,15.4,13,3.2,6,0,108.3,8.0,4,1.5,-2.91,4.41,3.9,3.2,43.0,35.0,81.4,29.0,10.0,34.5,57.0,19.0,33.3,15.0,2.0,11.0,14.0,1.0,6.0,32.0,52.0,41.0
Barking Abbey Senior Men I,E. Tomking,10/15/24/32/8,E. Tomking,14,23.1,323.5,150.0,10.7,55.0,124.0,44.4,15.0,47.0,31.9,25.0,44.0,56.8,39.0,70.0,109.0,22.0,7.0,5.0,36.0,35.0,134.7,20.7,12.4,1.8,9.0,145,295.0,21.1,24.3,16,3.2,13,3,55.9,17.3,5,3.73,-1.25,4.98,4.3,2.6,60.0,36.0,60,12.0,3.0,25,42.0,10.0,23.8,20.0,1.0,13.0,17.0,0.0,6.0,40.0,43.0,34.0
CoLA Southwark Pride Senior Men,T. Gass,13,T. Gass,14,23.5,328.5,141.0,10.1,53.0,116.0,45.7,13.0,39.0,33.3,22.0,27.0,81.5,35.0,61.0,96.0,21.0,10.0,6.0,21.0,26.0,109.3,16.0,10.5,1.6,7.2,41,182.0,13.0,13.6,29,3.6,20,1,70.9,22.4,8,3.69,-0.18,3.86,4.5,2.4,39.0,25.0,64.1,38.0,15.0,39.5,39.0,13.0,33.3,7.0,1.0,9.0,7.0,0.0,5.0,44.0,31.0,44.0
London Lions Senior Men II,J. Ako - Mensah,8,J. Ako - Mensah,14,26.6,371.8,135.0,9.6,47.0,120.0,39.2,4.0,27.0,14.8,37.0,57.0,64.9,36.0,51.0,87.0,14.0,17.0,8.0,36.0,46.0,139.3,19.0,10.1,1.0,6.5,39,174.0,12.4,13.0,16,4.0,9,4,74.3,13.8,4,-2.49,-4.97,2.49,3.8,3.4,77.0,39.0,50.6,16.0,4.0,25,27.0,4.0,14.8,24.0,2.0,16.0,13.0,1.0,6.0,38.0,42.0,38.0
London Stars Senior Men,O. Striuga,8,O. Striuga,14,26.0,363.8,126.0,9.0,43.0,133.0,32.3,26.0,91.0,28.6,14.0,19.0,73.7,18.0,45.0,63.0,39.0,27.0,5.0,31.0,50.0,148.2,18.9,10.4,3.2,5.2,94,220.0,15.7,18.2,9,3.0,9,0,50.0,10.0,3,0.28,-4.44,4.72,2.7,3.3,33.0,16.0,48.5,9.0,1.0,11.1,91.0,26.0,28.6,14.0,1.0,12.0,12.0,0.0,7.0,18.0,53.0,39.0
Greenwich Titans Senior Men,M. Barnett,11,M. Barnett,14,21.4,299.0,118.0,8.4,48.0,139.0,34.5,16.0,72.0,22.2,6.0,15.0,40,21.0,49.0,70.0,9.0,15.0,3.0,21.0,35.0,139.8,20.8,8.7,0.7,5.2,17,135.0,9.6,10.0,2,0.7,5,0,20.0,6.0,3,-5.3,-5.87,0.58,3.9,4.1,45.0,27.0,60,22.0,5.0,22.7,72.0,16.0,22.2,18.0,3.0,9.0,9.0,0.0,3.0,25.0,41.0,39.0
Sheffield Arrows Senior Men,P. Walsh,15/2/5,P. Walsh,14,14.3,200.0,113.0,8.1,43.0,125.0,34.4,14.0,56.0,25,13.0,13.0,100,3.0,20.0,23.0,14.0,14.0,1.0,7.0,7.0,129.3,30.3,6.3,0.8,1.3,36,149.0,10.6,8.3,5,1.7,4,0,62.5,5.0,3,0.9,-1.16,2.05,2.1,3.7,20.0,9.0,45,49.0,20.0,40.8,56.0,14.0,25,8.0,3.0,5.0,1.0,0.0,1.0,12.0,40.0,31.0
Solent Kestrels Senior Men,A. Briggs,15,A. Briggs,14,18.2,254.4,110.0,7.9,48.0,87.0,55.2,2.0,7.0,28.6,12.0,22.0,54.5,24.0,58.0,82.0,31.0,10.0,18.0,26.0,29.0,94.7,18.3,9.0,2.5,6.7,70,180.0,12.9,14.8,2,2.0,1,0,100.0,1.0,1,8.6,-1.66,10.26,4.7,2.5,39.0,24.0,61.5,32.0,16.0,50,6.0,2.0,33.3,8.0,0.0,16.0,2.0,0.0,8.0,11.0,24.0,33.0
London Lions Senior Men II,A. Ogidan,11/14/7,A. Ogidan,14,26.2,367.0,105.0,7.5,43.0,77.0,55.8,1.0,5.0,20,18.0,43.0,41.9,26.0,67.0,93.0,20.0,8.0,17.0,21.0,16.0,87.3,12.0,7.8,1.5,6.9,83,188.0,13.4,14.0,4,1.3,2,7,39.4,5.1,3,1.56,-2.07,3.63,4.3,3.1,65.0,41.0,63.1,7.0,1.0,14.3,5.0,1.0,20,22.0,0.0,4.0,10.0,0.0,7.0,25.0,20.0,18.0
London Lions Senior Men II,A. Dugou,0/2/4/5,A. Dugou,14,16.1,225.5,96.0,6.9,30.0,100.0,30,20.0,66.0,30.3,16.0,19.0,84.2,9.0,10.0,19.0,15.0,11.0,2.0,20.0,21.0,114.6,25.7,7.1,1.1,1.4,167,263.0,18.8,19.6,16,3.2,5,7,99.0,10.1,5,-0.99,-2.35,1.35,2.1,2.8,21.0,8.0,38.1,13.0,2.0,15.4,66.0,20.0,30.3,4.0,3.0,6.0,11.0,0.0,3.0,11.0,39.0,40.0
Barnet Bulldogs Senior Men,T. Ojuri,13/8,T. Ojuri,14,17.4,243.6,93.0,6.6,34.0,79.0,43,8.0,29.0,27.6,17.0,25.0,68,17.0,19.0,36.0,19.0,11.0,3.0,18.0,21.0,87.4,17.4,7.1,1.4,2.7,44,137.0,9.8,10.4,0,0,0,0,0,0.0,0,2.45,-2.08,4.53,3.0,3.3,38.0,22.0,57.9,12.0,4.0,33.3,29.0,8.0,27.6,14.0,0.0,9.0,7.0,0.0,2.0,12.0,32.0,26.0
Richmond Knights Senior Men,Z. Sweeney Zinman,35/45,Z. Sweeney Zinman,14,21.7,304.2,86.0,6.1,32.0,117.0,27.4,6.0,33.0,18.2,16.0,26.0,61.5,15.0,36.0,51.0,22.0,16.0,8.0,37.0,16.0,144.4,22.1,6.7,1.7,4.0,45,131.0,9.4,10.1,5,1.7,12,3,18.8,16.3,3,-4.99,-8.14,3.15,3.2,4.2,53.0,21.0,39.6,31.0,5.0,16.1,33.0,6.0,18.2,14.0,0.0,18.0,11.0,1.0,7.0,2.0,41.0,26.0
Barking Abbey Senior Men I,R. Connolly,12/8,R. Connolly,14,18.8,263.1,77.0,5.5,32.0,90.0,35.6,8.0,35.0,22.9,5.0,11.0,45.5,11.0,39.0,50.0,14.0,14.0,3.0,27.0,26.0,106.4,20.1,6.3,1.2,4.1,45,122.0,8.7,10.0,2,0.7,4,2,20.5,5.9,3,-0.88,-6.54,5.66,3.0,4.2,34.0,18.0,52.9,15.0,2.0,13.3,33.0,7.0,21.2,12.0,0.0,10.0,12.0,0.0,5.0,11.0,19.0,15.0
Richmond Knights Senior Men,J. Murray-White,3,J. Murray-White,14,24.3,340.1,76.0,5.4,26.0,96.0,27.1,10.0,45.0,22.2,14.0,25.0,56,18.0,36.0,54.0,17.0,23.0,2.0,28.0,22.0,112.3,15.3,5.9,1.3,4.2,36,112.0,8.0,8.7,9,2.2,5,12,43.8,10.3,4,-3.13,-7.1,3.97,2.7,4.5,42.0,15.0,35.7,9.0,1.0,11.1,45.0,10.0,22.2,7.0,0.0,17.0,7.0,0.0,4.0,17.0,34.0,30.0
London Stars Senior Men,J. Hayes,11,J. Hayes,14,21.6,302.0,65.0,4.6,22.0,64.0,34.4,11.0,35.0,31.4,10.0,18.0,55.6,7.0,52.0,59.0,18.0,9.0,1.0,12.0,13.0,73.8,11.3,5.4,1.5,4.9,47,112.0,8.0,9.3,6,1.5,8,0,37.5,10.0,4,-1.09,-4.55,3.46,3.2,4.3,16.0,8.0,50,13.0,3.0,23.1,35.0,11.0,31.4,6.0,0.0,7.0,1.0,0.0,4.0,22.0,16.0,21.0
Barking Abbey Senior Men I,I. Warari,6,I. Warari,14,27.6,386.6,55.0,3.9,20.0,75.0,26.7,2.0,26.0,7.7,13.0,22.0,59.1,16.0,35.0,51.0,65.0,19.0,2.0,36.0,22.0,100.5,13.0,4.5,5.4,4.2,160,215.0,15.4,17.7,6,1.2,9,5,26.8,12.2,5,0.15,-5.11,5.25,1.6,3.2,31.0,15.0,48.4,16.0,3.0,18.8,25.0,1.0,4,10.0,0.0,24.0,10.0,0.0,2.0,12.0,24.0,22.0
Greenwich Titans Senior Men,S. Mantis,9/99,S. Mantis,14,10.9,152.5,49.0,3.5,16.0,53.0,30.2,9.0,27.0,33.3,8.0,8.0,100,9.0,17.0,26.0,9.0,6.0,0.0,10.0,19.0,55.2,16.1,3.6,0.7,1.9,29,78.0,5.6,5.8,0,0.0,1,0,0.0,1.0,1,-5.11,-5.79,0.69,3.1,3.8,14.0,5.0,35.7,12.0,2.0,16.7,27.0,9.0,33.3,3.0,1.0,4.0,5.0,0.0,1.0,4.0,22.0,10.0
Cobham Cobras Senior Men,G. Rundle,5,G. Rundle,14,18.6,260.1,45.0,3.2,16.0,58.0,27.6,4.0,21.0,19,9.0,12.0,75,8.0,27.0,35.0,26.0,17.0,5.0,40.0,26.0,91.5,17.6,3.8,2.2,2.9,56,101.0,7.2,8.4,3,1.0,6,1,23.3,7.4,3,-5.7,-9.39,3.69,2.5,4.0,16.0,5.0,31.2,21.0,7.0,33.3,21.0,4.0,19,5.0,0.0,23.0,12.0,0.0,5.0,10.0,11.0,9.0
London Stars Senior Men,B. Moncrieffe,4,B. Moncrieffe,14,18.3,255.6,29.0,2.1,10.0,50.0,20,3.0,17.0,17.6,6.0,14.0,42.9,9.0,36.0,45.0,16.0,8.0,0.0,18.0,28.0,62.6,11.3,2.4,1.3,3.7,40,69.0,4.9,5.7,3,3.0,2,0,75.0,2.0,1,-7.0,-9.52,2.53,3.1,4.9,14.0,3.0,21.4,19.0,4.0,21.1,17.0,3.0,17.6,3.0,0.0,8.0,3.0,0.0,7.0,4.0,8.0,5.0
Barnet Bulldogs Senior Men,L. Clarke,19/8/9,L. Clarke,14,9.8,137.2,25.0,1.8,11.0,32.0,34.4,0.0,12.0,0,3.0,8.0,37.5,8.0,20.0,28.0,8.0,7.0,2.0,8.0,5.0,34.1,12.1,1.9,0.6,2.1,53,78.0,5.6,5.9,0,0,0,0,0,0.0,0,-0.13,-5.04,4.91,3.5,4.7,14.0,9.0,64.3,6.0,2.0,33.3,12.0,0.0,0,2.0,0.0,3.0,4.0,0.0,1.0,5.0,9.0,12.0
Manchester Magic Senior Men I,K. Lee,12/5/9,K. Lee,14,4.3,60.0,9.0,0.6,4.0,19.0,21.1,1.0,12.0,8.3,0.0,0.0,0,1.0,4.0,5.0,8.0,2.0,0.0,9.0,4.0,25.9,21.8,0.5,0.5,0.3,68,77.0,5.5,4.6,0,0,0,0,0,0.0,0,-9.59,-11.11,1.53,2.3,4.1,5.0,3.0,60,2.0,0.0,0,12.0,1.0,8.3,1.0,0.0,7.0,1.0,0.0,1.0,0.0,2.0,0.0
Oxford Hoops Senior Men,J. White,8,J. White,14,5.8,80.8,7.0,0.5,3.0,13.0,23.1,1.0,6.0,16.7,0.0,0.0,0,3.0,2.0,5.0,4.0,2.0,0.0,6.0,6.0,15.4,9.5,0.4,0.2,0.3,11,18.0,1.3,1.1,2,1.0,2,0,50.0,2.0,2,-10.05,-8.35,-1.71,2.3,4.7,3.0,1.0,33.3,4.0,1.0,25,6.0,1.0,16.7,0.0,0.0,2.0,2.0,0.0,2.0,0.0,0.0,2.0
Richmond Knights Senior Men,C. Vines,9,C. Vines,13,32.5,422.0,240.0,18.5,98.0,163.0,60.1,0.0,1.0,0,44.0,78.0,56.4,59.0,101.0,160.0,25.0,22.0,11.0,31.0,26.0,162.5,17.9,18.6,1.9,12.4,60,300.0,23.1,23.2,15,2.5,12,8,48.3,18.5,6,7.23,2.19,5.04,4.9,1.4,142.0,91.0,64.1,20.0,7.0,35,1.0,0.0,0,35.0,0.0,11.0,15.0,3.0,2.0,84.0,60.0,67.0
Solent Kestrels Senior Men,A. Arissol,5,A. Arissol,13,31.0,403.6,237.0,18.2,86.0,195.0,44.1,31.0,91.0,34.1,34.0,43.0,79.1,16.0,51.0,67.0,47.0,44.0,4.0,40.0,18.0,228.4,27.9,19.5,3.9,5.5,109,346.0,26.6,28.4,2,1.0,5,1,18.4,7.4,2,12.32,2.19,10.13,2.0,1.8,39.0,29.0,74.4,60.0,25.0,41.7,83.0,29.0,34.9,19.0,3.0,19.0,10.0,0.0,11.0,53.0,76.0,80.0
Cobham Cobras Senior Men,C. Ollis,19/98,C. Ollis,13,30.7,398.9,220.0,16.9,80.0,202.0,39.6,33.0,94.0,35.1,27.0,37.0,73,29.0,66.0,95.0,28.0,12.0,2.0,32.0,29.0,212.4,26.7,18.4,2.3,7.9,55,275.0,21.2,22.9,12,1.7,19,2,30.2,20.9,7,3.29,0.88,2.41,3.5,2.0,41.0,23.0,56.1,67.0,24.0,35.8,94.0,33.0,35.1,13.0,5.0,13.0,14.0,0.0,5.0,33.0,53.0,47.0
Leicester Warriors Senior Men,D. Perez Tosca,11/5/7,D. Perez Tosca,13,26.3,341.7,165.0,12.7,55.0,146.0,37.7,22.0,84.0,26.2,33.0,44.0,75,13.0,27.0,40.0,26.0,16.0,7.0,28.0,13.0,173.1,24.1,9.2,1.4,2.2,191,356.0,27.4,19.8,19,3.8,12,4,69.0,17.8,5,0.27,-1.11,1.38,2.8,2.6,51.0,30.0,58.8,11.0,3.0,27.3,84.0,22.0,26.2,19.0,2.0,10.0,14.0,0.0,4.0,27.0,60.0,42.0
Cobham Cobras Senior Men,J. Stewart,6,J. Stewart,13,30.4,395.1,150.0,11.5,61.0,161.0,37.9,12.0,45.0,26.7,16.0,54.0,29.6,38.0,87.0,125.0,39.0,20.0,7.0,36.0,20.0,175.4,22.2,12.5,3.3,10.4,78,228.0,17.5,19.0,6,1.0,9,4,27.9,11.8,6,1.02,-2.5,3.52,3.9,3.2,60.0,29.0,48.3,56.0,20.0,35.7,45.0,12.0,26.7,15.0,1.0,19.0,13.0,0.0,4.0,28.0,30.0,29.0
Barnet Bulldogs Senior Men,R. Mccowan,22,R. Mccowan,13,17.7,230.1,126.0,9.7,45.0,111.0,40.5,20.0,61.0,32.8,16.0,25.0,64,9.0,23.0,32.0,21.0,17.0,0.0,18.0,24.0,125.8,26.5,9.6,1.6,2.4,42,168.0,12.9,12.7,9,4.5,6,0,75.0,6.0,2,5.42,-0.04,5.46,2.4,2.5,32.0,18.0,56.2,18.0,7.0,38.9,61.0,20.0,32.8,10.0,1.0,6.0,7.0,0.0,5.0,29.0,38.0,46.0
Birmingham City University Senior Men,V. Ferreira,10/14/8,V. Ferreira,13,19.9,258.5,90.0,6.9,36.0,90.0,40,2.0,17.0,11.8,16.0,33.0,48.5,33.0,46.0,79.0,24.0,26.0,6.0,17.0,44.0,85.0,14.9,5.2,1.4,4.5,113,203.0,15.6,11.6,4,1.3,3,4,42.0,4.8,3,3.28,-3.93,7.22,3.9,3.7,61.0,33.0,54.1,12.0,1.0,8.3,17.0,2.0,11.8,19.0,0.0,5.0,10.0,0.0,2.0,17.0,47.0,32.0
Cardiff Met Archers Senior Men I,A. Bajwa,14,A. Bajwa,13,17.1,222.9,75.0,5.8,31.0,86.0,36,4.0,9.0,44.4,9.0,11.0,81.8,23.0,37.0,60.0,12.0,11.0,5.0,9.0,15.0,73.8,16.3,4.7,0.7,3.7,26,101.0,7.8,6.3,6,3.0,5,0,60.0,5.0,2,-1.39,-3.07,1.68,4.6,3.8,38.0,17.0,44.7,39.0,10.0,25.6,9.0,4.0,44.4,9.0,1.0,4.0,4.0,0.0,1.0,15.0,6.0,18.0
Manchester Magic Senior Men I,T. Regent-Bascombe,11/12/14/16,T. Regent-Bascombe,13,17.5,228.0,54.0,4.2,21.0,60.0,35,8.0,32.0,25,4.0,6.0,66.7,9.0,28.0,37.0,17.0,6.0,1.0,14.0,15.0,64.9,14.4,3.2,1.0,2.2,113,167.0,12.8,10.0,4,1.3,7,2,25.4,7.9,3,-0.52,-4.73,4.21,3.0,4.3,25.0,12.0,48,3.0,1.0,33.3,32.0,8.0,25,1.0,0.0,8.0,4.0,0.0,2.0,8.0,17.0,17.0
Cardiff Met Archers Senior Men I,D. Koukouravas,22,D. Koukouravas,13,10.4,135.3,43.0,3.3,15.0,44.0,34.1,11.0,35.0,31.4,2.0,2.0,100,4.0,11.0,15.0,14.0,7.0,2.0,6.0,18.0,45.0,16.4,2.7,0.9,0.9,27,70.0,5.4,4.4,3,3.0,3,0,50.0,3.0,1,-0.25,-3.28,3.03,2.8,2.9,8.0,3.0,37.5,1.0,1.0,100,35.0,11.0,31.4,3.0,0.0,3.0,3.0,0.0,0.0,10.0,6.0,10.0
Sheffield Sharks Senior Men,C. Holondo,13,C. Holondo,13,8.5,110.8,30.0,2.3,12.0,28.0,42.9,0.0,0.0,0,6.0,15.0,40,15.0,18.0,33.0,4.0,5.0,5.0,10.0,11.0,28.4,12.5,1.8,0.2,2.0,10,40.0,3.1,2.4,0,0,0,0,0,0.0,0,-3.3,-5.28,1.98,4.3,4.0,25.0,10.0,40,3.0,2.0,66.7,0.0,0.0,0,3.0,0.0,6.0,3.0,0.0,1.0,11.0,6.0,4.0
Myerscough Basketball Academy Senior Men I,D. Okhuoya,21,D. Okhuoya,13,7.1,92.6,29.0,2.2,13.0,29.0,44.8,1.0,11.0,9.1,2.0,4.0,50,7.0,7.0,14.0,6.0,3.0,3.0,9.0,8.0,31.4,17.2,1.8,0.4,0.8,17,46.0,3.5,2.8,0,0,0,0,0,0.0,0,-0.59,-4.61,4.02,3.1,3.8,18.0,12.0,66.7,0.0,0.0,0,11.0,1.0,9.1,8.0,0.0,1.0,6.0,1.0,1.0,9.0,8.0,4.0
Birmingham City University Senior Men,E. Adebambo,14/5,E. Adebambo,13,5.0,64.9,27.0,2.1,10.0,30.0,33.3,5.0,16.0,31.2,2.0,3.0,66.7,2.0,5.0,7.0,2.0,4.0,0.0,1.0,6.0,29.1,20.3,1.5,0.1,0.4,23,50.0,3.8,2.9,0,0,0,0,0,0.0,0,0.82,-3.36,4.19,2.7,4.2,4.0,3.0,75,9.0,2.0,22.2,16.0,5.0,31.2,1.0,1.0,0.0,1.0,0.0,0.0,3.0,6.0,4.0
Barnet Bulldogs Senior Men,K. Akinmoyo,28,K. Akinmoyo,13,8.8,114.5,18.0,1.4,6.0,15.0,40,2.0,4.0,50,4.0,5.0,80,10.0,20.0,30.0,8.0,9.0,1.0,7.0,12.0,13.6,5.8,1.4,0.6,2.3,21,39.0,3.0,3.0,2,2.0,0,2,113.6,0.9,1,3.76,-3.46,7.22,3.6,4.1,5.0,3.0,60,6.0,1.0,16.7,4.0,2.0,50,2.0,0.0,3.0,3.0,0.0,1.0,9.0,2.0,0.0
Cardiff Met Archers Senior Men I,G. Lokmadzhiev,11/12,G. Lokmadzhiev,13,8.0,104.4,17.0,1.3,7.0,23.0,30.4,0.0,0.0,0,3.0,4.0,75,8.0,21.0,29.0,3.0,3.0,1.0,5.0,14.0,20.9,9.8,1.1,0.2,1.8,54,71.0,5.5,4.4,0,0,0,0,0,0.0,0,-7.17,-8.38,1.21,4.4,4.8,14.0,6.0,42.9,9.0,1.0,11.1,0.0,0.0,0,1.0,0.0,4.0,0.0,1.0,0.0,2.0,3.0,2.0
Liverpool Senior Men,K. Mcnally,11/13,K. Mcnally,13,5.6,73.4,10.0,0.8,5.0,18.0,27.8,0.0,3.0,0,0.0,1.0,0,6.0,12.0,18.0,3.0,1.0,0.0,6.0,7.0,17.7,11.1,0.5,0.2,1.0,22,32.0,2.5,1.7,2,2.0,3,0,33.3,3.0,1,-8.26,-9.06,0.8,3.6,4.8,14.0,5.0,35.7,1.0,0.0,0,3.0,0.0,0,1.0,0.0,1.0,2.0,1.0,2.0,0.0,2.0,2.0
St Helens Saints Senior Men,H. Camara,11/13/4/6/8/9,H. Camara,13,5.1,65.8,8.0,0.6,4.0,16.0,25,0.0,6.0,0,0.0,4.0,0,5.0,7.0,12.0,5.0,6.0,1.0,6.0,13.0,18.0,13.1,0.5,0.3,0.7,308,316.0,24.3,19.6,0,0.0,1,0,0.0,2.0,1,-6.28,-10.45,4.17,3.0,4.5,6.0,2.0,33.3,4.0,2.0,50,6.0,0.0,0,2.0,0.0,1.0,2.0,0.0,3.0,0.0,2.0,2.0
Sheffield Sharks Senior Men,O. Mccarthy,9,O. Mccarthy,13,0.6,8.3,5.0,0.4,2.0,3.0,66.7,1.0,1.0,100,0.0,0.0,0,0.0,0.0,0.0,1.0,0.0,0.0,1.0,3.0,3.8,22.6,0.3,0.1,0.0,2,7.0,0.5,0.4,0,0,0,0,0,0.0,0,0.48,-2.54,3.02,2.8,3.2,2.0,1.0,50,0.0,0.0,0,1.0,1.0,100,0.0,0.0,0.0,1.0,0.0,0.0,0.0,2.0,0.0
London Stars Senior Men,R. Martin,9,R.  Martin; R. Martin,12,35.8,429.8,234.0,19.5,65.0,168.0,38.7,20.0,55.0,36.4,84.0,110.0,76.4,37.0,108.0,145.0,66.0,22.0,15.0,61.0,33.0,230.8,24.9,19.3,5.5,12.0,151,385.0,32.1,31.8,22,3.7,15,12,54.2,22.3,6,5.62,-0.24,5.86,4.1,1.3,64.0,34.0,53.1,49.0,11.0,22.4,55.0,20.0,36.4,24.0,4.0,32.0,22.0,2.0,5.0,61.0,50.0,50.0
Teesside Lions Senior Men,M. Felletti-O’Donnell,23/34/48,M. Felletti-O’Donnell,12,34.8,417.4,215.0,17.9,76.0,191.0,39.8,40.0,106.0,37.7,23.0,28.0,82.1,7.0,41.0,48.0,16.0,11.0,4.0,34.0,31.0,221.1,26.2,13.3,1.0,3.0,66,281.0,23.4,17.4,24,4.0,17,6,61.1,22.6,6,-1.7,-1.82,0.12,2.9,2.4,42.0,17.0,40.5,43.0,19.0,44.2,106.0,40.0,37.7,12.0,7.0,13.0,13.0,0.0,8.0,29.0,52.0,48.0
Greenwich Titans Senior Men,A. Hughes,10,A. Hughes,12,26.4,316.7,163.0,13.6,50.0,128.0,39.1,21.0,57.0,36.8,42.0,55.0,76.4,17.0,38.0,55.0,33.0,22.0,2.0,29.0,23.0,157.6,22.1,12.1,2.4,4.1,75,238.0,19.8,17.6,13,4.3,9,4,60.4,12.8,3,1.92,-0.72,2.63,2.6,1.7,49.0,25.0,51,22.0,4.0,18.2,57.0,21.0,36.8,21.0,7.0,16.0,11.0,0.0,2.0,32.0,45.0,35.0
Manchester Magic Senior Men I,O. Babalola,13/3,O. Babalola,12,28.5,342.0,126.0,10.5,47.0,133.0,35.3,10.0,60.0,16.7,22.0,35.0,62.9,19.0,63.0,82.0,28.0,27.0,6.0,34.0,29.0,156.9,23.1,7.6,1.7,4.9,158,284.0,23.7,17.1,10,2.0,9,7,41.4,16.1,5,1.49,-4.93,6.42,3.5,4.0,58.0,32.0,55.2,15.0,5.0,33.3,60.0,10.0,16.7,14.0,0.0,14.0,14.0,0.0,6.0,31.0,59.0,48.0
CoLA Southwark Pride Senior Men,K. Capanzana,11,K. Capanzana,12,23.5,281.7,98.0,8.2,29.0,92.0,31.5,15.0,53.0,28.3,25.0,32.0,78.1,8.0,34.0,42.0,38.0,17.0,1.0,28.0,18.0,121.0,20.7,7.3,2.8,3.1,89,187.0,15.6,14.0,24,3.0,21,3,53.8,27.3,8,0.92,-3.28,4.19,2.1,2.1,27.0,11.0,40.7,12.0,3.0,25,53.0,15.0,28.3,9.0,2.0,15.0,10.0,0.0,3.0,32.0,29.0,40.0
Sheffield Sharks Senior Men,C. Alexander,15/31,C. Alexander,12,24.0,288.3,95.0,7.9,41.0,78.0,52.6,0.0,1.0,0,13.0,42.0,31,27.0,23.0,50.0,12.0,6.0,5.0,19.0,24.0,84.9,14.4,5.8,0.7,3.1,49,144.0,12.0,8.8,11,2.2,7,7,54.6,12.1,5,-3.51,-4.12,0.61,3.4,3.4,64.0,36.0,56.2,12.0,5.0,41.7,1.0,0.0,0,10.0,0.0,4.0,11.0,0.0,4.0,28.0,20.0,18.0
Cobham Cobras Senior Men,A. Oladipupo,11/12,A. Oladipupo,12,32.0,384.4,94.0,7.8,37.0,103.0,35.9,9.0,31.0,29,11.0,18.0,61.1,10.0,25.0,35.0,35.0,11.0,3.0,27.0,24.0,122.8,16.0,7.8,2.9,2.9,87,181.0,15.1,15.1,9,2.2,6,0,75.0,6.0,4,-3.26,-5.27,2.01,2.3,3.6,37.0,20.0,54.1,35.0,8.0,22.9,31.0,9.0,29,13.0,1.0,16.0,8.0,0.0,3.0,10.0,33.0,18.0
Solent Kestrels Senior Men,G. Durand,10,G. Durand,12,25.6,307.4,84.0,7.0,32.0,100.0,32,3.0,29.0,10.3,17.0,36.0,47.2,18.0,58.0,76.0,36.0,16.0,2.0,15.0,23.0,108.3,17.4,6.9,3.0,6.2,80,164.0,13.7,13.5,0,0.0,4,2,0.0,4.9,3,2.71,-4.88,7.59,3.0,4.2,18.0,10.0,55.6,50.0,18.0,36,25.0,2.0,8,5.0,0.0,6.0,7.0,0.0,2.0,13.0,21.0,23.0
Teesside Lions Senior Men,J. Wise-Malcolm,31,J. Wise-Malcolm,12,19.4,232.8,77.0,6.4,31.0,62.0,50,1.0,6.0,16.7,14.0,36.0,38.9,25.0,51.0,76.0,6.0,8.0,8.0,16.0,22.0,66.1,14.0,4.8,0.4,4.7,17,94.0,7.8,5.8,10,5.0,7,6,51.9,10.6,2,-3.2,-4.34,1.14,5.0,3.8,34.0,17.0,50,21.0,12.0,57.1,6.0,1.0,16.7,11.0,0.0,5.0,8.0,1.0,2.0,26.0,30.0,13.0
Richmond Knights Senior Men,I. Stephens,22/33/44,I. Stephens,12,16.0,192.1,66.0,5.5,26.0,79.0,32.9,8.0,27.0,29.6,6.0,11.0,54.5,8.0,21.0,29.0,18.0,6.0,2.0,30.0,25.0,101.6,24.6,5.1,1.4,2.2,65,131.0,10.9,10.1,19,3.8,14,1,65.8,19.4,5,-7.11,-9.11,2.0,2.9,3.3,26.0,12.0,46.2,26.0,6.0,23.1,27.0,8.0,29.6,8.0,3.0,14.0,9.0,1.0,6.0,19.0,13.0,24.0
Liverpool Senior Men,P. Deveney,10/11/14/9,P. Deveney,12,13.1,157.0,60.0,5.0,25.0,62.0,40.3,5.0,18.0,27.8,5.0,10.0,50,7.0,24.0,31.0,9.0,9.0,1.0,14.0,30.0,70.5,20.7,3.2,0.5,1.7,152,212.0,17.7,11.4,12,3.0,8,0,75.0,11.0,4,-3.55,-7.15,3.59,3.2,3.7,13.0,7.0,53.8,31.0,13.0,41.9,18.0,5.0,27.8,3.0,0.0,3.0,8.0,1.0,2.0,9.0,10.0,17.0
Birmingham City University Senior Men,S. Lyn,12/17/9,S. Lyn,12,11.9,142.6,59.0,4.9,26.0,53.0,49.1,7.0,19.0,36.8,0.0,2.0,0,8.0,17.0,25.0,10.0,10.0,2.0,14.0,14.0,57.5,18.3,3.4,0.6,1.4,148,207.0,17.2,11.8,3,3.0,1,0,150.0,1.0,1,2.79,-3.06,5.86,3.1,3.3,29.0,17.0,58.6,5.0,2.0,40,19.0,7.0,36.8,8.0,2.0,4.0,7.0,0.0,3.0,4.0,19.0,19.0
London Stars Senior Men,D. Vazgys,7,D. Vazgys,12,12.5,150.1,48.0,4.0,18.0,46.0,39.1,4.0,16.0,25,8.0,12.0,66.7,7.0,10.0,17.0,3.0,8.0,1.0,12.0,11.0,54.0,16.7,4.0,0.2,1.4,7,55.0,4.6,4.5,0,0,0,0,0,0.0,0,-3.27,-5.96,2.69,2.8,4.4,19.0,9.0,47.4,11.0,5.0,45.5,16.0,4.0,25,4.0,0.0,2.0,5.0,0.0,5.0,4.0,27.0,9.0
Greenwich Titans Senior Men,H. Yusuf,2/6,H. Yusuf,12,19.3,231.3,46.0,3.8,18.0,50.0,36,1.0,15.0,6.7,9.0,20.0,45,11.0,27.0,38.0,14.0,12.0,5.0,15.0,20.0,60.3,11.6,3.4,1.0,2.8,71,117.0,9.8,8.7,0,0.0,1,0,0.0,1.0,1,-4.89,-7.12,2.23,3.3,4.3,31.0,16.0,51.6,4.0,1.0,25,15.0,1.0,6.7,10.0,0.0,5.0,7.0,0.0,3.0,5.0,5.0,13.0
Sheffield Sharks Senior Men,C. Johnstone,34/9,C. Johnstone,12,11.1,133.7,41.0,3.4,12.0,53.0,22.6,4.0,28.0,14.3,13.0,19.0,68.4,7.0,25.0,32.0,6.0,5.0,1.0,18.0,13.0,69.5,25.4,2.5,0.4,2.0,16,57.0,4.8,3.5,0,0.0,4,0,0.0,6.0,4,-10.16,-9.99,-0.17,3.5,4.4,20.0,7.0,35,5.0,1.0,20,28.0,4.0,14.3,3.0,2.0,9.0,6.0,0.0,3.0,7.0,6.0,8.0
Barking Abbey Senior Men I,M. Filho,5,M. Filho,12,20.4,244.2,41.0,3.4,14.0,39.0,35.9,2.0,15.0,13.3,11.0,14.0,78.6,10.0,23.0,33.0,23.0,9.0,0.0,22.0,18.0,54.9,11.2,3.4,1.9,2.7,49,90.0,7.5,7.4,2,0.7,5,0,20.0,5.0,3,-0.47,-5.77,5.3,2.3,3.8,16.0,8.0,50,5.0,3.0,60,13.0,1.0,7.7,7.0,0.0,12.0,5.0,1.0,4.0,9.0,10.0,13.0
Teesside Lions Senior Men,G. Groves,18/20,G. Groves,12,10.0,120.6,38.0,3.2,18.0,46.0,39.1,2.0,19.0,10.5,0.0,0.0,0,7.0,19.0,26.0,8.0,3.0,3.0,7.0,11.0,44.2,18.1,2.3,0.5,1.6,21,59.0,4.9,3.6,2,2.0,1,0,100.0,1.0,1,-4.35,-5.42,1.07,3.7,3.7,18.0,12.0,66.7,9.0,4.0,44.4,19.0,2.0,10.5,3.0,1.0,5.0,1.0,0.0,1.0,4.0,16.0,12.0
Leicester Warriors Senior Men,E. Toure Jabby,14/15,E. Toure Jabby,12,9.4,113.2,26.0,2.2,11.0,35.0,31.4,0.0,1.0,0,4.0,7.0,57.1,13.0,31.0,44.0,1.0,0.0,3.0,8.0,12.0,31.8,13.4,1.4,0.1,2.4,5,31.0,2.6,1.7,0,0.0,2,0,0.0,2.0,1,-9.3,-8.07,-1.23,5.0,5.0,16.0,7.0,43.8,18.0,4.0,22.2,1.0,0.0,0,3.0,0.0,2.0,4.0,1.0,1.0,5.0,2.0,4.0
Barking Abbey Senior Men I,F. Oguntuase,11/44,F. Oguntuase,12,5.1,60.9,16.0,1.3,8.0,16.0,50,0.0,0.0,0,0.0,5.0,0,9.0,6.0,15.0,1.0,5.0,1.0,3.0,13.0,11.7,9.6,1.3,0.1,1.2,5,21.0,1.8,1.7,2,2.0,1,1,69.4,1.4,1,1.76,-5.2,6.96,3.5,4.4,16.0,8.0,50,0.0,0.0,0,0.0,0.0,0,4.0,0.0,0.0,1.0,0.0,2.0,4.0,2.0,6.0
CoLA Southwark Pride Senior Men,D. Patel,12/4/5,D. Patel,12,7.2,86.5,8.0,0.7,3.0,20.0,15,1.0,9.0,11.1,1.0,2.0,50,1.0,10.0,11.0,9.0,7.0,0.0,10.0,6.0,28.7,16.0,0.6,0.7,0.8,185,193.0,16.1,14.4,0,0.0,1,0,0.0,1.0,1,-6.73,-10.82,4.09,2.2,4.1,7.0,2.0,28.6,4.0,0.0,0,9.0,1.0,11.1,0.0,0.0,5.0,4.0,0.0,1.0,1.0,2.0,0.0
Solent Kestrels Senior Men,G. Andrews,12,G. Andrews,12,4.6,54.8,7.0,0.6,3.0,12.0,25,0.0,2.0,0,1.0,6.0,16.7,2.0,6.0,8.0,3.0,5.0,0.0,3.0,8.0,15.0,13.5,0.6,0.2,0.7,8,15.0,1.2,1.2,0,0,0,0,0,0.0,0,-2.35,-10.38,8.03,2.7,4.7,6.0,2.0,33.3,4.0,1.0,25,2.0,0.0,0,2.0,0.0,1.0,2.0,0.0,0.0,0.0,2.0,1.0
Sheffield Arrows Senior Men,H. Handuleh,10/14/15/25/30/4/8,H. Handuleh,12,1.3,16.1,6.0,0.5,2.0,12.0,16.7,2.0,6.0,33.3,0.0,0.0,0,4.0,1.0,5.0,1.0,0.0,0.0,3.0,1.0,10.6,30.7,0.3,0.1,0.3,193,199.0,16.6,11.1,0,0,0,0,0,0.0,0,-16.95,-8.82,-8.13,3.3,4.3,4.0,0.0,0,2.0,0.0,0,6.0,2.0,33.3,0.0,0.0,2.0,1.0,0.0,0.0,0.0,0.0,0.0
Cardiff Met Archers Senior Men I,E. Kizito,15,E. Kizito,12,2.8,33.3,5.0,0.4,2.0,6.0,33.3,1.0,2.0,50,0.0,0.0,0,0.0,7.0,7.0,2.0,1.0,0.0,1.0,3.0,6.7,9.9,0.3,0.1,0.4,9,14.0,1.2,0.9,0,0,0,0,0,0.0,0,-4.45,-7.14,2.69,3.2,4.1,0.0,0.0,0,4.0,1.0,25,2.0,1.0,50,0.0,0.0,1.0,0.0,0.0,0.0,0.0,0.0,0.0
Teesside Lions Senior Men,A. Harris-Gilbert,3/42,A. Harris-Gilbert,12,2.8,34.1,2.0,0.2,1.0,6.0,16.7,0.0,2.0,0,0.0,2.0,0,3.0,3.0,6.0,3.0,0.0,0.0,2.0,1.0,5.6,8.2,0.1,0.2,0.4,8,10.0,0.8,0.6,0,0,0,0,0,0.0,0,-10.19,-8.16,-2.03,3.0,4.2,3.0,1.0,33.3,1.0,0.0,0,2.0,0.0,0,1.0,0.0,0.0,2.0,0.0,0.0,2.0,0.0,0.0
Oxford Hoops Senior Men,J. Cummins,23,J. Cummins,11,28.3,311.1,135.0,12.3,60.0,151.0,39.7,3.0,20.0,15,12.0,15.0,80,38.0,72.0,110.0,24.0,6.0,16.0,25.0,34.0,138.8,22.4,8.0,1.4,6.5,62,197.0,17.9,11.6,17,4.2,18,2,45.0,22.9,4,-1.72,-2.2,0.48,4.8,2.8,103.0,45.0,43.7,26.0,11.0,42.3,20.0,3.0,15,21.0,0.0,6.0,13.0,1.0,5.0,42.0,27.0,19.0
Solent Kestrels Senior Men,L. Busumbru,11,L. Busumbru,11,29.1,320.1,122.0,11.1,44.0,84.0,52.4,7.0,22.0,31.8,27.0,46.0,58.7,15.0,56.0,71.0,58.0,15.0,7.0,21.0,12.0,105.8,16.3,10.0,4.8,5.8,132,254.0,23.1,20.9,4,4.0,3,3,46.3,7.3,1,10.31,0.94,9.36,2.7,1.9,42.0,28.0,66.7,16.0,7.0,43.8,19.0,6.0,31.6,19.0,0.0,15.0,5.0,0.0,1.0,18.0,50.0,43.0
London Stars Senior Men,N. Cassel,53/6/83,N. Cassel,11,18.1,199.2,104.0,9.5,31.0,78.0,39.7,17.0,41.0,41.5,25.0,30.0,83.3,1.0,20.0,21.0,23.0,10.0,1.0,21.0,15.0,106.8,24.8,8.6,1.9,1.7,68,172.0,15.6,14.2,11,2.8,6,2,79.9,7.9,4,2.26,-1.19,3.45,2.1,2.0,18.0,7.0,38.9,19.0,7.0,36.8,41.0,17.0,41.5,4.0,4.0,10.0,7.0,0.0,4.0,12.0,33.0,26.0
Oxford Hoops Senior Men,B. Read Strahan,9,B. Read Strahan,11,24.5,269.1,96.0,8.7,35.0,101.0,34.7,20.0,58.0,34.5,6.0,11.0,54.5,4.0,32.0,36.0,25.0,10.0,0.0,19.0,9.0,116.0,21.7,5.7,1.5,2.1,52,148.0,13.5,8.7,15,3.8,8,2,84.5,13.9,4,-2.54,-2.02,-0.52,1.9,2.7,7.0,3.0,42.9,35.0,12.0,34.3,58.0,20.0,34.5,3.0,7.0,10.0,7.0,0.0,2.0,13.0,27.0,14.0
CoLA Southwark Pride Senior Men,A. Nwokolo,15,A. Nwokolo,11,18.7,205.7,90.0,8.2,28.0,72.0,38.9,2.0,18.0,11.1,32.0,54.0,59.3,15.0,22.0,37.0,6.0,16.0,4.0,27.0,19.0,103.4,24.2,6.7,0.4,2.8,19,109.0,9.9,8.1,18,6.0,13,12,49.2,19.3,3,-1.58,-5.81,4.24,3.5,3.4,47.0,25.0,53.2,7.0,1.0,14.3,18.0,2.0,11.1,14.0,1.0,7.0,9.0,0.0,11.0,30.0,33.0,40.0
Barking Abbey Senior Men I,O. Anyanwu,12/14/15/22/32/7,O. Anyanwu,11,18.5,203.1,78.0,7.1,31.0,70.0,44.3,2.0,5.0,40,14.0,26.0,53.8,16.0,51.0,67.0,9.0,6.0,7.0,16.0,32.0,78.2,19.2,6.4,0.7,5.5,137,215.0,19.5,17.7,4,1.3,5,2,34.0,7.9,3,1.64,-4.55,6.19,4.7,3.6,40.0,22.0,55,17.0,4.0,23.5,5.0,2.0,40,10.0,0.0,5.0,8.0,0.0,3.0,22.0,17.0,20.0
Richmond Knights Senior Men,K. Hypolite-Sealy,14,K. Hypolite-Sealy,11,24.6,270.9,78.0,7.1,28.0,85.0,32.9,4.0,16.0,25,18.0,27.0,66.7,21.0,53.0,74.0,23.0,7.0,5.0,29.0,27.0,100.7,17.3,6.0,1.8,5.7,58,136.0,12.4,10.5,15,3.0,11,7,53.3,16.1,5,-3.6,-7.02,3.42,3.9,3.5,35.0,15.0,42.9,34.0,9.0,26.5,16.0,4.0,25,6.0,0.0,9.0,12.0,2.0,6.0,13.0,35.0,22.0
Sheffield Sharks Senior Men,N. Montgomery,2/4,N. Montgomery,11,21.7,239.0,73.0,6.6,23.0,85.0,27.1,14.0,54.0,25.9,13.0,17.0,76.5,4.0,14.0,18.0,26.0,8.0,0.0,22.0,19.0,106.1,21.7,4.5,1.6,1.1,142,215.0,19.5,13.1,5,1.2,5,3,39.6,7.3,4,-5.99,-5.57,-0.42,1.7,3.0,13.0,6.0,46.2,18.0,3.0,16.7,54.0,14.0,25.9,5.0,5.0,16.0,5.0,0.0,1.0,7.0,20.0,12.0
Barnet Bulldogs Senior Men,L. Francis,32,L. Francis,11,14.4,158.2,54.0,4.9,23.0,53.0,43.4,0.0,0.0,0,8.0,19.0,42.1,23.0,38.0,61.0,9.0,13.0,0.0,12.0,14.0,48.3,14.8,4.1,0.7,4.6,24,78.0,7.1,5.9,2,0.7,4,2,20.5,4.9,3,2.46,-2.65,5.12,4.3,4.1,40.0,19.0,47.5,13.0,4.0,30.8,0.0,0.0,0,8.0,0.0,5.0,5.0,0.0,2.0,18.0,11.0,23.0
London Stars Senior Men,S. Pleszak,5,S. Pleszak,11,12.1,132.6,48.0,4.4,19.0,48.0,39.6,9.0,25.0,36,1.0,2.0,50,3.0,15.0,18.0,7.0,6.0,6.0,7.0,13.0,50.8,17.7,4.0,0.6,1.5,18,66.0,6.0,5.5,6,2.0,4,0,75.0,4.0,3,1.12,-3.37,4.49,3.4,3.8,19.0,7.0,36.8,4.0,3.0,75,25.0,9.0,36,2.0,2.0,2.0,3.0,0.0,2.0,9.0,16.0,22.0
Birmingham City University Senior Men,M. Mahamoud,14/2,M. Mahamoud,11,15.7,172.5,42.0,3.8,17.0,43.0,39.5,4.0,17.0,23.5,4.0,6.0,66.7,12.0,14.0,26.0,16.0,11.0,3.0,22.0,33.0,53.4,14.0,2.4,0.9,1.5,58,100.0,9.1,5.7,0,0.0,1,0,0.0,1.0,1,-2.56,-8.05,5.49,3.0,3.9,19.0,11.0,57.9,6.0,2.0,33.3,17.0,4.0,23.5,9.0,1.0,10.0,6.0,0.0,6.0,8.0,13.0,20.0
London Lions Senior Men II,M. Andre,11,M. Andre,11,15.4,169.6,41.0,3.7,17.0,40.0,42.5,2.0,5.0,40,5.0,11.0,45.5,17.0,37.0,54.0,3.0,5.0,3.0,11.0,26.0,37.3,11.1,3.1,0.2,4.0,11,52.0,4.7,3.9,0,0,0,0,0,0.0,0,-3.77,-5.97,2.2,4.6,4.3,25.0,11.0,44,10.0,4.0,40,5.0,2.0,40,7.0,1.0,2.0,6.0,1.0,2.0,9.0,8.0,4.0
Birmingham City University Senior Men,Z. Sinkala,12/2/5/8,Z. Sinkala,11,7.9,86.6,39.0,3.5,14.0,30.0,46.7,6.0,11.0,54.5,5.0,8.0,62.5,6.0,9.0,15.0,7.0,8.0,1.0,5.0,7.0,31.2,16.3,2.2,0.4,0.9,169,208.0,18.9,11.9,0,0.0,2,0,0.0,3.0,1,7.87,0.6,7.28,2.8,3.1,17.0,7.0,41.2,2.0,1.0,50,11.0,6.0,54.5,6.0,2.0,1.0,3.0,0.0,1.0,5.0,19.0,15.0
Greenwich Titans Senior Men,L. Macaraig,4/8,L. Macaraig,11,13.5,148.5,35.0,3.2,9.0,33.0,27.3,3.0,18.0,16.7,14.0,24.0,58.3,11.0,7.0,18.0,17.0,15.0,0.0,19.0,19.0,49.5,14.8,2.6,1.3,1.3,51,86.0,7.8,6.4,4,4.0,4,0,50.0,4.0,1,-4.77,-7.38,2.61,2.0,3.4,9.0,5.0,55.6,6.0,1.0,16.7,18.0,3.0,16.7,5.0,1.0,14.0,2.0,0.0,3.0,16.0,5.0,5.0
CoLA Southwark Pride Senior Men,S. Shirwac,10/13/7/9,S. Shirwac,11,7.7,85.0,22.0,2.0,10.0,18.0,55.6,1.0,2.0,50,1.0,3.0,33.3,6.0,8.0,14.0,1.0,4.0,0.0,14.0,1.0,26.2,14.9,1.6,0.1,1.0,96,118.0,10.7,8.8,2,2.0,1,0,100.0,1.0,1,-4.86,-7.19,2.33,3.1,4.1,15.0,9.0,60,1.0,0.0,0,2.0,1.0,50,2.0,0.0,4.0,7.0,0.0,3.0,8.0,6.0,4.0
Liverpool Senior Men,J. Irving,15,J. Irving,11,9.8,107.8,16.0,1.5,6.0,15.0,40,4.0,10.0,40,0.0,0.0,0,2.0,18.0,20.0,4.0,4.0,5.0,9.0,12.0,21.1,9.0,0.9,0.2,1.1,9,25.0,2.3,1.3,3,3.0,1,0,150.0,1.0,1,-1.91,-6.73,4.82,3.9,4.4,2.0,2.0,100,3.0,0.0,0,10.0,4.0,40,1.0,1.0,6.0,2.0,0.0,1.0,3.0,2.0,5.0
Liverpool Senior Men,E. Olubodun,10/11/7,E. Olubodun,11,5.4,59.8,7.0,0.6,2.0,8.0,25,0.0,2.0,0,3.0,4.0,75,2.0,9.0,11.0,3.0,7.0,1.0,2.0,7.0,9.4,7.2,0.4,0.2,0.6,83,90.0,8.2,4.8,0,0.0,1,0,0.0,1.0,1,1.41,-6.27,7.68,2.8,4.6,5.0,2.0,40,1.0,0.0,0,2.0,0.0,0,2.0,0.0,0.0,2.0,0.0,0.0,3.0,2.0,2.0
Greenwich Titans Senior Men,J. Sabaliauskas,3/6/7,J. Sabaliauskas,11,3.2,35.7,7.0,0.6,3.0,6.0,50,1.0,3.0,33.3,0.0,0.0,0,1.0,3.0,4.0,4.0,0.0,0.0,7.0,3.0,11.5,14.3,0.5,0.3,0.3,47,54.0,4.9,4.0,0,0,0,0,0,0.0,0,-11.03,-9.91,-1.12,2.7,3.5,2.0,2.0,100,1.0,0.0,0,3.0,1.0,33.3,0.0,0.0,4.0,2.0,0.0,1.0,0.0,4.0,2.0
Leicester Warriors Senior Men,J. Jackson,4/6,J. Jackson,10,32.2,322.4,158.0,15.8,56.0,150.0,37.3,27.0,89.0,30.3,19.0,26.0,73.1,10.0,43.0,53.0,46.0,16.0,3.0,22.0,23.0,166.5,24.6,8.8,2.6,2.9,236,394.0,39.4,21.9,13,2.6,25,3,24.7,32.3,5,2.54,0.21,2.33,2.5,1.7,43.0,25.0,58.1,18.0,4.0,22.2,89.0,27.0,30.3,18.0,9.0,13.0,5.0,0.0,4.0,25.0,36.0,33.0
Richmond Knights Senior Men,K. Smith,1/10,K. Smith,10,28.7,287.1,137.0,13.7,60.0,134.0,44.8,1.0,13.0,7.7,16.0,35.0,45.7,27.0,28.0,55.0,39.0,26.0,3.0,39.0,26.0,154.9,25.1,10.6,3.0,4.3,92,229.0,22.9,17.7,12,2.4,14,6,36.1,21.6,5,2.42,-2.81,5.23,2.3,1.7,89.0,47.0,52.8,32.0,12.0,37.5,13.0,1.0,7.7,30.0,1.0,22.0,6.0,0.0,11.0,24.0,61.0,42.0
Cobham Cobras Senior Men,M. Coupe,30,M. Coupe,10,23.8,238.1,98.0,9.8,31.0,73.0,42.5,8.0,28.0,28.6,28.0,37.0,75.7,3.0,28.0,31.0,22.0,11.0,1.0,29.0,21.0,110.7,23.3,8.2,1.8,2.6,46,144.0,14.4,12.0,8,1.3,10,4,34.0,14.8,6,-1.14,-4.36,3.22,2.4,2.3,16.0,10.0,62.5,29.0,13.0,44.8,28.0,8.0,28.6,9.0,3.0,13.0,12.0,0.0,4.0,9.0,30.0,24.0
Greenwich Titans Senior Men,J. Green,21,J. Green,10,26.5,265.0,84.0,8.4,28.0,116.0,24.1,27.0,111.0,24.3,1.0,6.0,16.7,4.0,28.0,32.0,53.0,24.0,3.0,31.0,15.0,139.8,23.5,6.2,3.9,2.4,105,189.0,18.9,14.0,13,2.6,10,1,62.3,10.4,5,-2.04,-3.82,1.78,1.4,2.2,2.0,1.0,50,3.0,0.0,0,111.0,27.0,24.3,0.0,3.0,24.0,3.0,0.0,4.0,9.0,19.0,24.0
Barking Abbey Senior Men I,O. Visockas,14/25/9,O. Visockas,10,13.1,131.4,68.0,6.8,23.0,53.0,43.4,11.0,34.0,32.4,11.0,18.0,61.1,3.0,16.0,19.0,5.0,5.0,4.0,12.0,13.0,67.1,25.4,5.6,0.4,1.6,40,108.0,10.8,8.9,3,3.0,4,2,30.7,5.9,1,5.35,-0.77,6.13,3.3,2.8,16.0,11.0,68.8,3.0,1.0,33.3,34.0,11.0,32.4,6.0,1.0,3.0,7.0,0.0,2.0,16.0,21.0,18.0
Manchester Magic Senior Men I,N. Brown,1/2/7,N. Brown,10,13.6,136.1,58.0,5.8,24.0,57.0,42.1,7.0,20.0,35,3.0,4.0,75,3.0,5.0,8.0,16.0,10.0,2.0,5.0,11.0,58.3,21.6,3.5,1.0,0.5,156,214.0,21.4,12.9,1,0.3,8,1,5.9,9.4,3,6.36,-0.23,6.59,2.1,3.1,22.0,11.0,50,15.0,6.0,40,20.0,7.0,35,9.0,1.0,1.0,3.0,0.0,1.0,16.0,20.0,13.0
CoLA Southwark Pride Senior Men,J. Hannick,4/7,J. Hannick,10,13.3,133.0,58.0,5.8,19.0,59.0,32.2,11.0,31.0,35.5,9.0,14.0,64.3,4.0,14.0,18.0,11.0,8.0,0.0,17.0,10.0,75.0,27.2,4.3,0.8,1.3,53,111.0,11.1,8.3,0,0.0,2,2,0.0,2.9,2,-1.22,-4.23,3.01,2.4,2.9,15.0,7.0,46.7,13.0,1.0,7.7,31.0,11.0,35.5,7.0,1.0,6.0,7.0,0.0,4.0,11.0,16.0,17.0
Cardiff Met Archers Senior Men I,E. Andam,11,E. Andam,10,18.2,182.0,57.0,5.7,23.0,47.0,48.9,0.0,7.0,0,11.0,19.0,57.9,16.0,21.0,37.0,11.0,7.0,2.0,21.0,10.0,57.9,15.7,3.5,0.7,2.3,31,88.0,8.8,5.5,8,4.0,8,1,47.4,8.4,2,-4.25,-5.6,1.35,3.7,3.3,31.0,21.0,67.7,8.0,2.0,25,7.0,0.0,0,9.0,0.0,4.0,14.0,0.0,3.0,15.0,8.0,14.0
London Elite Senior Men I,W. Mumuni,24,W. Mumuni,10,23.4,233.8,56.0,5.6,13.0,48.0,27.1,1.0,13.0,7.7,29.0,38.0,76.3,9.0,26.0,35.0,22.0,19.0,4.0,18.0,12.0,70.8,13.8,6.4,2.5,4.0,50,106.0,10.6,12.1,0,0,0,0,0,0.0,0,-2.9,-5.76,2.87,2.5,3.3,21.0,7.0,33.3,14.0,5.0,35.7,13.0,1.0,7.7,3.0,0.0,16.0,2.0,0.0,0.0,9.0,16.0,19.0
Birmingham City University Senior Men,R. Quinland,8,R. Quinland,10,11.4,114.5,47.0,4.7,19.0,60.0,31.7,9.0,28.0,32.1,0.0,1.0,0,10.0,16.0,26.0,11.0,3.0,1.0,13.0,14.0,60.9,24.1,2.7,0.6,1.5,66,113.0,11.3,6.5,2,2.0,2,0,50.0,2.0,1,-3.32,-5.68,2.36,3.3,3.9,14.0,6.0,42.9,18.0,4.0,22.2,28.0,9.0,32.1,5.0,2.0,8.0,3.0,0.0,2.0,9.0,15.0,22.0
Birmingham City University Senior Men,J. Graham,10,J. Graham,10,6.9,68.8,45.0,4.5,17.0,38.0,44.7,10.0,21.0,47.6,1.0,1.0,100,5.0,7.0,12.0,7.0,2.0,1.0,5.0,9.0,36.9,24.3,2.6,0.4,0.7,36,81.0,8.1,4.6,0,0,0,0,0,0.0,0,8.0,3.28,4.72,3.1,2.3,10.0,6.0,60,7.0,1.0,14.3,21.0,10.0,47.6,2.0,0.0,4.0,1.0,0.0,0.0,8.0,19.0,12.0
Teesside Lions Senior Men,O. Adeniyi,30,O. Adeniyi,10,22.5,225.3,39.0,3.9,14.0,42.0,33.3,1.0,3.0,33.3,10.0,22.0,45.5,23.0,27.0,50.0,11.0,3.0,12.0,14.0,24.0,41.0,9.0,2.4,0.7,3.1,27,66.0,6.6,4.1,2,2.0,1,0,100.0,1.0,1,-5.87,-6.97,1.09,4.7,4.5,16.0,8.0,50,23.0,5.0,21.7,3.0,1.0,33.3,2.0,0.0,3.0,6.0,1.0,4.0,15.0,10.0,10.0
Cobham Cobras Senior Men,J. Osei,41/42,J. Osei,10,16.5,164.8,36.0,3.6,16.0,42.0,38.1,0.0,6.0,0,4.0,16.0,25,13.0,23.0,36.0,14.0,9.0,2.0,12.0,23.0,46.1,14.0,3.0,1.2,3.0,28,64.0,6.4,5.3,0,0.0,1,0,0.0,1.0,1,-2.96,-6.94,3.98,3.2,4.1,25.0,14.0,56,11.0,2.0,18.2,6.0,0.0,0,8.0,0.0,3.0,4.0,0.0,5.0,16.0,6.0,9.0
London Elite Senior Men I,N. Erokwu,9,N. Erokwu,10,16.1,161.3,33.0,3.3,14.0,31.0,45.2,3.0,12.0,25,2.0,3.0,66.7,5.0,13.0,18.0,12.0,6.0,5.0,8.0,11.0,33.9,9.6,3.8,1.4,2.1,29,62.0,6.2,7.1,0,0.0,4,0,0.0,5.0,1,-3.54,-5.33,1.79,2.9,3.5,16.0,9.0,56.2,3.0,2.0,66.7,12.0,3.0,25,3.0,0.0,3.0,2.0,1.0,2.0,3.0,12.0,6.0
London Elite Senior Men I,M. Eziashi,2,M. Eziashi,10,8.6,86.0,30.0,3.0,10.0,30.0,33.3,7.0,16.0,43.8,3.0,4.0,75,6.0,15.0,21.0,8.0,8.0,2.0,19.0,17.0,43.0,22.8,3.4,0.9,2.4,17,47.0,4.7,5.4,0,0,0,0,0,0.0,0,-6.81,-9.57,2.75,3.5,3.0,4.0,1.0,25,10.0,2.0,20,16.0,7.0,43.8,1.0,1.0,8.0,8.0,0.0,3.0,4.0,12.0,12.0
Greenwich Titans Senior Men,U. Umekwe,14/15,U. Umekwe,10,13.2,132.2,30.0,3.0,12.0,27.0,44.4,0.0,0.0,0,6.0,13.0,46.2,7.0,16.0,23.0,7.0,5.0,2.0,9.0,11.0,33.3,11.2,2.2,0.5,1.7,18,48.0,4.8,3.6,2,2.0,1,0,100.0,1.0,1,-5.13,-6.75,1.62,3.3,4.0,18.0,9.0,50,9.0,3.0,33.3,0.0,0.0,0,1.0,0.0,2.0,2.0,0.0,5.0,7.0,2.0,9.0
Barking Abbey Senior Men I,A. Maitland,14/15,A. Maitland,10,15.8,158.3,28.0,2.8,10.0,25.0,40,4.0,12.0,33.3,4.0,8.0,50,6.0,13.0,19.0,26.0,4.0,0.0,15.0,11.0,36.0,11.3,2.3,2.1,1.6,81,109.0,10.9,9.0,2,2.0,1,0,100.0,1.0,1,0.63,-3.94,4.56,1.9,2.8,12.0,6.0,50,1.0,0.0,0,11.0,4.0,36.4,3.0,4.0,10.0,5.0,0.0,0.0,6.0,11.0,7.0
St Helens Saints Senior Men,L. Lara-Sanchez,13/4/5/6,L. Lara-Sanchez,10,15.0,150.1,26.0,2.6,9.0,35.0,25.7,2.0,11.0,18.2,6.0,8.0,75,6.0,18.0,24.0,25.0,15.0,1.0,13.0,10.0,43.7,13.9,1.6,1.6,1.5,230,256.0,25.6,15.9,2,1.0,4,0,25.0,6.0,2,0.88,-4.7,5.58,1.9,3.6,14.0,4.0,28.6,10.0,3.0,30,11.0,2.0,18.2,3.0,0.0,7.0,3.0,0.0,3.0,7.0,9.0,2.0
Greenwich Titans Senior Men,J. Kannukaden,24/8,J. Kannukaden,10,5.7,57.3,22.0,2.2,8.0,24.0,33.3,2.0,11.0,18.2,4.0,4.0,100,1.0,5.0,6.0,3.0,2.0,0.0,4.0,6.0,27.6,21.4,1.6,0.2,0.4,23,45.0,4.5,3.3,0,0,0,0,0,0.0,0,-6.64,-6.83,0.19,2.8,3.8,10.0,5.0,50,3.0,1.0,33.3,11.0,2.0,18.2,2.0,0.0,0.0,2.0,0.0,2.0,4.0,6.0,6.0
Oxford Hoops Senior Men,C. Pintoy,12/4,C. Pintoy,10,6.2,61.5,13.0,1.3,5.0,13.0,38.5,1.0,2.0,50,2.0,2.0,100,3.0,5.0,8.0,6.0,1.0,3.0,13.0,8.0,22.9,18.7,0.8,0.4,0.5,22,35.0,3.5,2.1,0,0,0,0,0,0.0,0,-10.74,-10.22,-0.52,3.1,3.5,5.0,2.0,40,6.0,2.0,33.3,2.0,1.0,50,0.0,1.0,9.0,4.0,0.0,0.0,2.0,2.0,0.0
Leicester Warriors Senior Men,K. Miller,11/12/14/15/7,K. Miller,10,4.2,42.1,6.0,0.6,2.0,10.0,20,1.0,5.0,20,1.0,2.0,50,1.0,7.0,8.0,1.0,0.0,0.0,2.0,4.0,11.4,12.9,0.3,0.1,0.4,142,148.0,14.8,8.2,3,3.0,3,2,38.7,3.9,1,-10.99,-9.88,-1.11,3.4,4.7,3.0,0.0,0,2.0,1.0,50,5.0,1.0,20,0.0,0.0,0.0,1.0,0.0,1.0,1.0,0.0,3.0
Teesside Lions Senior Men,R. Radchenko,16,R. Radchenko,10,2.4,23.6,5.0,0.5,2.0,6.0,33.3,1.0,3.0,33.3,0.0,0.0,0,0.0,1.0,1.0,2.0,1.0,1.0,1.0,3.0,6.7,14.0,0.3,0.1,0.1,2,7.0,0.7,0.4,0,0,0,0,0,0.0,0,-3.44,-6.12,2.68,2.8,3.9,1.0,1.0,100,2.0,0.0,0,3.0,1.0,33.3,1.0,1.0,1.0,0.0,0.0,0.0,0.0,0.0,3.0
Greenwich Titans Senior Men,I. Temilola,13,I. Temilola,9,30.4,273.7,202.0,22.4,92.0,154.0,59.7,0.0,4.0,0,18.0,42.0,42.9,45.0,89.0,134.0,10.0,12.0,20.0,49.0,31.0,169.4,27.5,15.0,0.7,9.9,26,228.0,25.3,16.9,6,3.0,3,7,49.3,8.1,2,2.34,-0.68,3.02,5.0,1.3,117.0,79.0,67.5,33.0,13.0,39.4,4.0,0.0,0,36.0,0.0,10.0,23.0,0.0,16.0,66.0,69.0,50.0
Cardiff Met Archers Senior Men I,S. Scruggs,9,S. Scruggs,9,23.8,214.4,125.0,13.9,52.0,94.0,55.3,2.0,7.0,28.6,19.0,30.0,63.3,15.0,36.0,51.0,7.0,5.0,2.0,25.0,25.0,112.5,25.8,7.8,0.4,3.2,80,205.0,22.8,12.7,12,3.0,6,5,73.2,11.2,4,-1.88,-3.25,1.37,4.3,1.8,57.0,43.0,75.4,30.0,7.0,23.3,7.0,2.0,28.6,19.0,1.0,10.0,9.0,0.0,6.0,29.0,16.0,24.0
Liverpool Senior Men,K. Forsythe,0/00,K. Forsythe; L. Rogerson-Evans,9,21.3,192.0,87.0,9.7,32.0,89.0,36,17.0,58.0,29.3,6.0,9.0,66.7,6.0,26.0,32.0,8.0,7.0,1.0,17.0,23.0,99.8,24.0,4.7,0.4,1.7,132,219.0,24.3,11.8,14,2.3,12,2,54.3,14.9,6,-2.57,-4.5,1.92,3.2,3.6,1.0,0.0,0,8.0,2.0,25,10.0,3.0,30,0.0,1.0,2.0,1.0,0.0,1.0,4.0,5.0,5.0
Leicester Warriors Senior Men,P. Chingombe,14/6/8,P. Chingombe,9,23.0,206.8,59.0,6.6,18.0,49.0,36.7,6.0,20.0,30,17.0,23.0,73.9,8.0,18.0,26.0,44.0,18.0,0.0,12.0,13.0,60.6,13.9,3.3,2.4,1.4,209,268.0,29.8,14.9,5,2.5,3,0,83.3,4.0,2,2.44,-1.28,3.73,1.2,1.7,25.0,11.0,44,4.0,1.0,25,20.0,6.0,30,9.0,1.0,11.0,0.0,0.0,1.0,5.0,18.0,17.0
Oxford Hoops Senior Men,M. Keita Sakine,18/23,M. Keita Sakine,9,15.2,137.2,55.0,6.1,22.0,60.0,36.7,8.0,28.0,28.6,3.0,12.0,25,13.0,25.0,38.0,8.0,6.0,8.0,19.0,23.0,68.4,25.1,3.3,0.5,2.2,69,124.0,13.8,7.3,4,2.0,5,1,36.8,5.4,2,-4.92,-5.89,0.97,4.1,3.4,18.0,10.0,55.6,14.0,4.0,28.6,28.0,8.0,28.6,7.0,2.0,6.0,9.0,0.0,4.0,12.0,20.0,10.0
London Elite Senior Men I,F. Bozzelli,0/14,F. Bozzelli,9,17.6,158.8,39.0,4.3,17.0,37.0,45.9,4.0,9.0,44.4,1.0,4.0,25,4.0,15.0,19.0,14.0,6.0,4.0,14.0,10.0,46.8,13.5,4.5,1.6,2.2,36,75.0,8.3,8.6,0,0.0,1,0,0.0,1.0,1,-4.72,-5.97,1.25,2.8,3.2,12.0,7.0,58.3,16.0,6.0,37.5,9.0,4.0,44.4,1.0,1.0,8.0,3.0,0.0,3.0,0.0,22.0,13.0
CoLA Southwark Pride Senior Men,O. Leigh-Hales,9,O. Leigh-Hales,9,16.9,151.9,34.0,3.8,12.0,65.0,18.5,6.0,49.0,12.2,4.0,6.0,66.7,3.0,11.0,14.0,8.0,6.0,1.0,9.0,20.0,70.7,22.4,2.5,0.6,1.0,16,50.0,5.6,3.7,7,1.2,10,4,29.8,11.8,6,-9.37,-10.73,1.36,2.7,4.8,8.0,4.0,50,8.0,2.0,25,49.0,6.0,12.2,2.0,0.0,2.0,3.0,0.0,4.0,6.0,14.0,5.0
Sheffield Sharks Senior Men,D. Quinland,11,D. Quinland,9,13.6,122.0,33.0,3.7,12.0,47.0,25.5,7.0,31.0,22.6,2.0,3.0,66.7,1.0,12.0,13.0,4.0,9.0,0.0,9.0,10.0,54.1,21.7,2.0,0.2,0.8,6,39.0,4.3,2.4,5,1.2,8,3,26.8,11.3,4,-6.24,-7.92,1.69,2.2,4.5,13.0,5.0,38.5,3.0,0.0,0,31.0,7.0,22.6,2.0,1.0,4.0,4.0,0.0,1.0,0.0,21.0,0.0
London Lions Senior Men II,A. Thibault,0/1/2/24/5,A. Thibault,9,15.3,137.8,31.0,3.4,12.0,44.0,27.3,4.0,22.0,18.2,3.0,7.0,42.9,3.0,25.0,28.0,14.0,7.0,0.0,30.0,17.0,71.1,26.1,2.3,1.0,2.1,194,225.0,25.0,16.8,0,0,0,0,0,0.0,0,-11.71,-12.82,1.1,2.5,3.5,13.0,5.0,38.5,9.0,3.0,33.3,22.0,4.0,18.2,4.0,1.0,11.0,13.0,0.0,6.0,2.0,4.0,8.0
Barking Abbey Senior Men I,S. Dobson-Smith,7/9,S. Dobson-Smith,9,8.4,75.4,18.0,2.0,7.0,22.0,31.8,2.0,12.0,16.7,2.0,4.0,50,1.0,5.0,6.0,2.0,5.0,0.0,10.0,10.0,31.4,20.8,1.5,0.2,0.5,20,38.0,4.2,3.1,0,0,0,0,0,0.0,0,-5.53,-10.4,4.86,2.4,4.6,7.0,4.0,57.1,2.0,1.0,50,11.0,2.0,18.2,1.0,1.0,3.0,6.0,0.0,1.0,2.0,6.0,8.0
Sheffield Sharks Senior Men,W. Skaines,3,W. Skaines,9,14.4,129.5,16.0,1.8,7.0,18.0,38.9,0.0,3.0,0,2.0,3.0,66.7,1.0,16.0,17.0,13.0,7.0,0.0,17.0,14.0,33.9,12.8,1.0,0.8,1.0,29,45.0,5.0,2.7,2,2.0,1,1,69.4,1.4,1,-8.31,-10.48,2.17,2.2,3.7,5.0,3.0,60,10.0,4.0,40,3.0,0.0,0,3.0,0.0,13.0,3.0,0.0,1.0,4.0,4.0,4.0
Cobham Cobras Senior Men,V. Steponavicius,20,V. Steponavicius,9,3.5,31.6,12.0,1.3,5.0,11.0,45.5,2.0,7.0,28.6,0.0,0.0,0,1.0,3.0,4.0,0.0,0.0,0.0,0.0,4.0,9.6,15.2,1.0,0.0,0.3,0,12.0,1.3,1.0,0,0,0,0,0,0.0,0,-1.41,-2.75,1.34,3.2,3.9,2.0,2.0,100,2.0,1.0,50,7.0,2.0,28.6,1.0,0.0,0.0,0.0,0.0,0.0,3.0,4.0,7.0
Richmond Knights Senior Men,J. Maccarthy,13/17/19/22/5,J. Maccarthy,9,3.5,31.6,9.0,1.0,4.0,5.0,80,0.0,1.0,0,1.0,4.0,25,2.0,2.0,4.0,0.0,1.0,0.0,1.0,1.0,5.5,8.1,0.7,0.0,0.3,28,37.0,4.1,2.9,0,0,0,0,0,0.0,0,0.0,-3.34,3.34,3.0,3.9,0.0,0.0,0,4.0,4.0,100,1.0,0.0,0,0.0,0.0,0.0,1.0,0.0,0.0,0.0,5.0,5.0
Richmond Knights Senior Men,J. Tahraoui,16/44,J. Tahraoui,8,31.4,251.2,110.0,13.8,35.0,100.0,35,22.0,63.0,34.9,18.0,27.0,66.7,11.0,36.0,47.0,22.0,11.0,1.0,32.0,32.0,127.6,23.6,8.5,1.7,3.6,99,209.0,26.1,16.2,13,4.3,11,3,52.8,15.3,3,-1.22,-4.63,3.41,2.9,2.4,14.0,9.0,64.3,23.0,4.0,17.4,63.0,22.0,34.9,9.0,7.0,10.0,13.0,0.0,9.0,36.0,40.0,29.0
London Elite Senior Men I,H. Loader,5,H. Loader,8,27.3,218.4,70.0,8.8,18.0,56.0,32.1,4.0,18.0,22.2,30.0,41.0,73.2,14.0,29.0,43.0,21.0,16.0,1.0,18.0,21.0,74.9,15.7,8.0,2.4,4.9,41,111.0,13.9,12.7,0,0,0,0,0,0.0,0,-2.75,-5.07,2.32,2.8,2.8,25.0,10.0,40,13.0,4.0,30.8,18.0,4.0,22.2,7.0,0.0,9.0,7.0,0.0,2.0,13.0,20.0,19.0
Leicester Warriors Senior Men,T. Hamilton,6/8,T. Hamilton,8,23.8,190.4,51.0,6.4,20.0,63.0,31.7,3.0,14.0,21.4,8.0,13.0,61.5,11.0,14.0,25.0,25.0,14.0,0.0,17.0,11.0,71.7,17.9,2.8,1.4,1.4,204,255.0,31.9,14.2,17,4.2,6,6,98.4,10.6,4,-3.55,-5.26,1.71,1.9,3.4,23.0,10.0,43.5,26.0,7.0,26.9,14.0,3.0,21.4,7.0,0.0,7.0,7.0,0.0,3.0,8.0,14.0,25.0
Greenwich Titans Senior Men,J. Palmer,1/13/2/7/8,J. Palmer,8,25.5,204.4,47.0,5.9,18.0,49.0,36.7,2.0,14.0,14.3,9.0,15.0,60,12.0,44.0,56.0,25.0,13.0,1.0,17.0,16.0,58.2,12.7,3.5,1.9,4.1,175,222.0,27.8,16.4,12,4.0,9,7,49.7,13.1,3,-2.57,-5.79,3.22,3.2,3.2,23.0,11.0,47.8,12.0,5.0,41.7,14.0,2.0,14.3,10.0,0.0,5.0,5.0,1.0,6.0,4.0,29.0,21.0
London Lions Senior Men II,L. Bennett,4,L. Bennett,8,15.9,127.3,34.0,4.2,11.0,41.0,26.8,5.0,20.0,25,7.0,10.0,70,3.0,13.0,16.0,10.0,1.0,1.0,13.0,18.0,53.2,21.2,2.5,0.7,1.2,70,104.0,13.0,7.7,5,5.0,2,1,102.5,3.4,1,-8.37,-8.6,0.23,2.8,3.6,9.0,3.0,33.3,12.0,3.0,25,20.0,5.0,25,3.0,0.0,5.0,6.0,0.0,2.0,4.0,14.0,5.0
Sheffield Sharks Senior Men,G. Cousins,8,G. Cousins,8,18.3,146.6,23.0,2.9,7.0,39.0,17.9,3.0,15.0,20,6.0,12.0,50,5.0,12.0,17.0,6.0,7.0,1.0,19.0,10.0,55.9,18.6,1.4,0.4,1.0,34,57.0,7.1,3.5,2,0.5,8,2,11.3,8.9,4,-11.31,-11.11,-0.2,2.5,4.9,19.0,4.0,21.1,5.0,0.0,0,15.0,3.0,20,1.0,0.0,11.0,7.0,0.0,1.0,3.0,11.0,3.0
Liverpool Senior Men,L. Harris,7,L. Harris,8,11.8,94.4,22.0,2.8,8.0,23.0,34.8,3.0,10.0,30,3.0,6.0,50,1.0,8.0,9.0,5.0,5.0,0.0,8.0,12.0,31.3,15.3,1.2,0.3,0.5,27,49.0,6.1,2.6,3,3.0,3,2,38.7,3.9,1,-4.98,-7.99,3.01,2.5,4.2,8.0,5.0,62.5,5.0,0.0,0,10.0,3.0,30,3.0,2.0,2.0,4.0,0.0,2.0,4.0,8.0,8.0
Cobham Cobras Senior Men,C. Ntifo,1/19/50/77,C. Ntifo,8,10.2,81.3,18.0,2.2,6.0,13.0,46.2,0.0,0.0,0,6.0,10.0,60,5.0,4.0,9.0,0.0,1.0,1.0,13.0,12.0,24.4,15.0,1.5,0.0,0.8,53,71.0,8.9,5.9,0,0,0,0,0,0.0,0,-11.06,-11.56,0.5,3.4,4.4,9.0,5.0,55.6,4.0,1.0,25,0.0,0.0,0,0.0,0.0,7.0,2.0,0.0,4.0,7.0,1.0,3.0
Birmingham City University Senior Men,S. Barnaby,12/2/5/7/8,S. Barnaby,8,6.3,50.5,17.0,2.1,6.0,20.0,30,4.0,12.0,33.3,1.0,2.0,50,0.0,2.0,2.0,2.0,1.0,0.0,7.0,8.0,26.8,24.0,1.0,0.1,0.1,194,211.0,26.4,12.1,0,0,0,0,0,0.0,0,-9.24,-10.3,1.07,2.6,4.3,2.0,0.0,0,6.0,2.0,33.3,12.0,4.0,33.3,0.0,1.0,4.0,2.0,0.0,1.0,6.0,3.0,6.0
Manchester Magic Senior Men I,J. Kubacki,10/17,J. Kubacki,8,9.4,75.3,16.0,2.0,5.0,16.0,31.2,4.0,13.0,30.8,2.0,2.0,100,3.0,8.0,11.0,6.0,6.0,1.0,7.0,6.0,20.0,13.4,1.0,0.4,0.7,44,60.0,7.5,3.6,0,0,0,0,0,0.0,0,2.53,-4.41,6.93,2.8,4.1,3.0,1.0,33.3,0.0,0.0,0,13.0,4.0,30.8,1.0,1.0,2.0,3.0,0.0,2.0,3.0,0.0,0.0
Cobham Cobras Senior Men,A. Wilding,4,A. Wilding,8,13.6,108.8,12.0,1.5,4.0,18.0,22.2,0.0,5.0,0,4.0,6.0,66.7,2.0,18.0,20.0,18.0,6.0,0.0,16.0,5.0,33.3,15.3,1.0,1.5,1.7,36,48.0,6.0,4.0,0,0.0,2,0,0.0,2.0,1,-5.41,-8.81,3.39,2.1,3.6,4.0,4.0,100,9.0,0.0,0,5.0,0.0,0,3.0,0.0,10.0,5.0,0.0,1.0,1.0,4.0,6.0
London Lions Senior Men II,U. Busairi,3,U. Busairi,8,12.6,100.6,10.0,1.2,5.0,19.0,26.3,0.0,7.0,0,0.0,0.0,0,1.0,9.0,10.0,3.0,0.0,0.0,5.0,21.0,22.1,11.1,0.7,0.2,0.7,18,28.0,3.5,2.1,0,0,0,0,0,0.0,0,-11.74,-12.43,0.7,3.1,4.9,8.0,3.0,37.5,4.0,2.0,50,7.0,0.0,0,3.0,0.0,3.0,2.0,0.0,0.0,0.0,8.0,2.0
Greenwich Titans Senior Men,G. Vasiliauskas,7/8,G. Vasiliauskas,8,11.8,94.3,10.0,1.2,4.0,23.0,17.4,2.0,16.0,12.5,0.0,2.0,0,7.0,10.0,17.0,4.0,2.0,0.0,11.0,6.0,26.8,12.6,0.7,0.3,1.3,41,51.0,6.4,3.8,0,0.0,1,0,0.0,1.0,1,-12.36,-10.83,-1.53,3.2,4.8,4.0,2.0,50,3.0,0.0,0,16.0,2.0,12.5,1.0,0.0,4.0,6.0,0.0,1.0,2.0,5.0,5.0
Richmond Knights Senior Men,E. Buckle,22/7/8,E. Buckle,8,2.4,19.1,5.0,0.6,2.0,5.0,40,0.0,1.0,0,1.0,2.0,50,1.0,6.0,7.0,0.0,0.0,1.0,4.0,4.0,8.5,20.7,0.4,0.0,0.5,17,22.0,2.8,1.7,0,0,0,0,0,0.0,0,-12.57,-15.32,2.75,4.1,4.2,3.0,1.0,33.3,1.0,1.0,100,1.0,0.0,0,1.0,0.0,1.0,1.0,0.0,2.0,3.0,0.0,2.0
Cardiff Met Archers Senior Men I,M. Jones,9,M. Jones,7,31.3,219.1,129.0,18.4,52.0,110.0,47.3,11.0,35.0,31.4,14.0,25.0,56,11.0,36.0,47.0,24.0,19.0,7.0,12.0,21.0,117.1,26.3,8.0,1.5,2.9,80,209.0,29.9,13.0,5,5.0,4,6,37.7,7.6,1,8.67,2.63,6.04,3.8,1.1,42.0,25.0,59.5,33.0,16.0,48.5,35.0,11.0,31.4,19.0,1.0,6.0,3.0,0.0,3.0,26.0,38.0,27.0
London Lions Senior Men II,N. Saa,21,N. Saa,7,24.8,173.7,102.0,14.6,39.0,100.0,39,14.0,43.0,32.6,10.0,17.0,58.8,8.0,37.0,45.0,5.0,6.0,2.0,11.0,12.0,106.1,30.9,7.6,0.4,3.4,20,122.0,17.4,9.1,3,0.8,6,4,19.3,7.8,4,2.74,0.67,2.07,3.8,2.6,37.0,18.0,48.6,20.0,7.0,35,43.0,14.0,32.6,10.0,4.0,4.0,6.0,0.0,1.0,19.0,26.0,28.0
Barking Abbey Senior Men I,L. Sayles,4,L. Sayles,7,27.3,190.9,89.0,12.7,32.0,81.0,39.5,9.0,38.0,23.7,16.0,26.0,61.5,12.0,22.0,34.0,15.0,13.0,1.0,18.0,14.0,94.5,24.7,7.3,1.2,2.8,32,121.0,17.3,10.0,10,2.5,10,2,46.0,10.9,4,5.03,-1.22,6.25,2.5,2.8,22.0,17.0,77.3,16.0,5.0,31.2,33.0,8.0,24.2,11.0,3.0,8.0,7.0,0.0,3.0,24.0,17.0,33.0
Manchester Magic Senior Men I,P. Gordon,10,P. Gordon,7,17.9,125.0,87.0,12.4,32.0,60.0,53.3,7.0,22.0,31.8,16.0,19.0,84.2,5.0,34.0,39.0,12.0,11.0,0.0,10.0,4.0,70.4,28.4,5.2,0.7,2.3,29,116.0,16.6,7.0,2,2.0,3,0,33.3,3.0,1,14.71,5.42,9.29,3.2,1.5,35.0,24.0,68.6,3.0,1.0,33.3,22.0,7.0,31.8,17.0,0.0,3.0,6.0,0.0,1.0,11.0,39.0,25.0
Barking Abbey Senior Men I,D. Orija,13/30,D. Orija,7,25.1,175.9,75.0,10.7,22.0,71.0,31,13.0,49.0,26.5,18.0,23.0,78.3,1.0,22.0,23.0,12.0,7.0,5.0,13.0,11.0,89.4,25.3,6.2,1.0,1.9,26,101.0,14.4,8.3,7,2.3,5,1,64.3,6.4,3,3.81,-2.01,5.83,2.9,3.2,18.0,8.0,44.4,4.0,1.0,25,49.0,13.0,26.5,3.0,1.0,5.0,5.0,0.0,3.0,15.0,20.0,19.0
Cobham Cobras Senior Men,D. Orija,99,D. Orija,7,17.9,125.0,52.0,7.4,13.0,44.0,29.5,9.0,31.0,29,17.0,23.0,73.9,1.0,16.0,17.0,7.0,4.0,1.0,14.0,7.0,64.4,25.8,4.3,0.6,1.4,16,68.0,9.7,5.7,10,2.5,9,4,46.5,13.8,4,-2.41,-4.35,1.95,2.9,3.2,6.0,4.0,66.7,7.0,0.0,0,31.0,9.0,29,3.0,1.0,6.0,4.0,1.0,3.0,9.0,11.0,9.0
London Stars Senior Men,S. Stiklakis,17/6,S. Stiklakis,7,14.0,97.9,40.0,5.7,17.0,46.0,37,2.0,10.0,20,4.0,6.0,66.7,13.0,8.0,21.0,4.0,2.0,0.0,12.0,8.0,45.7,21.6,3.3,0.3,1.7,57,97.0,13.9,8.0,2,2.0,3,0,33.3,3.0,1,-7.12,-6.63,-0.49,3.5,4.3,31.0,15.0,48.4,5.0,0.0,0,10.0,2.0,20,12.0,0.0,2.0,7.0,0.0,3.0,14.0,6.0,13.0
Cardiff Met Archers Senior Men I,J. Tudor,11/13/15/9,J. Tudor,7,13.4,93.6,39.0,5.6,14.0,30.0,46.7,0.0,1.0,0,11.0,19.0,57.9,2.0,7.0,9.0,4.0,1.0,1.0,11.0,23.0,45.5,23.9,2.4,0.2,0.6,140,179.0,25.6,11.1,0,0,0,0,0,0.0,0,-10.35,-10.91,0.56,3.4,3.2,23.0,14.0,60.9,6.0,0.0,0,1.0,0.0,0,7.0,0.0,4.0,2.0,0.0,5.0,2.0,8.0,9.0
Cobham Cobras Senior Men,L. Mustre,33/7/85,L. Mustre,7,19.9,139.6,34.0,4.9,12.0,32.0,37.5,10.0,27.0,37,0.0,0.0,0,1.0,11.0,12.0,14.0,4.0,1.0,18.0,14.0,47.0,16.9,2.8,1.2,1.0,48,82.0,11.7,6.8,5,1.7,9,0,27.8,10.0,3,-4.31,-6.32,2.0,2.3,3.2,2.0,0.0,0,3.0,2.0,66.7,27.0,10.0,37,0.0,1.0,15.0,0.0,0.0,3.0,6.0,6.0,15.0
Manchester Magic Senior Men I,L. Lara Sanchez,11/9,L. Lara Sanchez,7,16.7,116.6,34.0,4.9,14.0,30.0,46.7,2.0,7.0,28.6,4.0,8.0,50,4.0,10.0,14.0,13.0,2.0,0.0,9.0,10.0,37.0,16.0,2.0,0.8,0.8,87,121.0,17.3,7.3,0,0,0,0,0,0.0,0,-0.58,-4.41,3.82,2.6,3.5,13.0,7.0,53.8,10.0,5.0,50,7.0,2.0,28.6,3.0,0.0,7.0,0.0,0.0,2.0,2.0,10.0,9.0
London Lions Senior Men II,A. Brooks,2/5/7/8,A. Brooks,7,19.8,138.9,32.0,4.6,11.0,33.0,33.3,6.0,20.0,30,4.0,7.0,57.1,4.0,18.0,22.0,10.0,7.0,0.0,22.0,8.0,51.9,18.9,2.4,0.7,1.6,157,189.0,27.0,14.1,0,0,0,0,0,0.0,0,-5.97,-7.7,1.73,2.4,3.5,10.0,4.0,40,3.0,1.0,33.3,20.0,6.0,30,3.0,3.0,12.0,8.0,1.0,1.0,2.0,3.0,5.0
Birmingham City University Senior Men,C. Lynch,11/13/14/16/17/2,C. Lynch,7,8.0,55.7,20.0,2.9,10.0,23.0,43.5,0.0,1.0,0,0.0,0.0,0,2.0,11.0,13.0,2.0,1.0,0.0,2.0,7.0,22.1,18.0,1.1,0.1,0.7,425,445.0,63.6,25.5,0,0,0,0,0,0.0,0,-3.06,-6.57,3.51,3.4,4.2,9.0,4.0,44.4,13.0,6.0,46.2,1.0,0.0,0,2.0,0.0,1.0,0.0,0.0,1.0,2.0,4.0,4.0
Solent Kestrels Senior Men,J. Osei-Owusu,7,J. Osei-Owusu,7,14.7,103.2,20.0,2.9,7.0,22.0,31.8,0.0,5.0,0,6.0,10.0,60,6.0,25.0,31.0,5.0,7.0,4.0,8.0,7.0,27.3,13.0,1.6,0.4,2.5,10,30.0,4.3,2.5,0,0,0,0,0,0.0,0,2.63,-6.28,8.91,3.9,4.7,9.0,4.0,44.4,8.0,3.0,37.5,5.0,0.0,0,1.0,0.0,3.0,2.0,0.0,3.0,2.0,9.0,5.0
Cardiff Met Archers Senior Men I,L. Davies,6,L. Davies,7,14.7,102.8,19.0,2.7,6.0,24.0,25,2.0,13.0,15.4,5.0,7.0,71.4,2.0,9.0,11.0,14.0,3.0,0.0,12.0,10.0,35.6,17.0,1.2,0.9,0.7,63,82.0,11.7,5.1,0,0.0,2,0,0.0,3.0,2,-8.81,-9.14,0.33,2.3,3.5,5.0,4.0,80,6.0,0.0,0,13.0,2.0,15.4,2.0,0.0,10.0,2.0,0.0,0.0,5.0,5.0,11.0
Birmingham City University Senior Men,S. Drysdale,10/13/16/3/5/7/9,S. Drysdale,7,6.3,44.3,18.0,2.6,8.0,15.0,53.3,2.0,5.0,40,0.0,2.0,0,6.0,0.0,6.0,2.0,3.0,0.0,4.0,4.0,13.3,13.6,1.0,0.1,0.3,235,253.0,36.1,14.5,0,0,0,0,0,0.0,0,2.77,-1.39,4.16,2.8,3.7,6.0,2.0,33.3,3.0,3.0,100,5.0,2.0,40,2.0,1.0,1.0,1.0,0.0,2.0,11.0,2.0,4.0
London Lions Senior Men II,T. Mbye,10/11/5,T. Mbye,7,9.8,68.9,14.0,2.0,5.0,16.0,31.2,4.0,11.0,36.4,0.0,0.0,0,3.0,9.0,12.0,3.0,3.0,2.0,10.0,4.0,22.1,16.2,1.0,0.2,0.9,25,39.0,5.6,2.9,0,0,0,0,0,0.0,0,-4.55,-6.97,2.42,3.2,4.1,3.0,1.0,33.3,2.0,0.0,0,11.0,4.0,36.4,1.0,0.0,3.0,4.0,0.0,3.0,0.0,2.0,8.0
Barnet Bulldogs Senior Men,P. Lartey,11/3/99,P. Lartey,7,11.5,80.8,13.0,1.9,4.0,20.0,20,0.0,6.0,0,5.0,8.0,62.5,3.0,5.0,8.0,11.0,8.0,0.0,12.0,7.0,31.2,18.8,1.0,0.8,0.6,39,52.0,7.4,3.9,0,0,0,0,0,0.0,0,-4.19,-9.11,4.92,1.9,3.8,8.0,3.0,37.5,6.0,1.0,16.7,6.0,0.0,0,1.0,0.0,7.0,5.0,0.0,0.0,0.0,8.0,4.0
London Lions Senior Men II,Z. Mwaniki,10/11/3/5,Z. Mwaniki,7,5.9,41.2,10.0,1.4,2.0,10.0,20,1.0,5.0,20,5.0,8.0,62.5,5.0,3.0,8.0,0.0,2.0,0.0,7.0,5.0,14.9,18.3,0.7,0.0,0.6,43,53.0,7.6,3.9,0,0,0,0,0,0.0,0,-10.7,-10.3,-0.4,3.2,4.6,5.0,1.0,20,0.0,0.0,0,5.0,1.0,20,1.0,0.0,1.0,5.0,0.0,1.0,1.0,3.0,3.0
Oxford Hoops Senior Men,J. Sapigao,19,J. Sapigao,7,8.7,60.5,8.0,1.1,3.0,23.0,13,2.0,17.0,11.8,0.0,0.0,0,5.0,3.0,8.0,1.0,3.0,0.0,6.0,12.0,23.0,19.1,0.5,0.1,0.5,2,10.0,1.4,0.6,3,3.0,2,0,75.0,2.0,1,-17.03,-13.85,-3.18,2.9,4.9,2.0,1.0,50,4.0,0.0,0,17.0,2.0,11.8,0.0,0.0,6.0,0.0,0.0,0.0,2.0,3.0,3.0
London Lions Senior Men II,F. Heath,13/14/21/5,F. Heath,7,11.5,80.2,5.0,0.7,2.0,11.0,18.2,1.0,3.0,33.3,0.0,2.0,0,7.0,2.0,9.0,4.0,1.0,2.0,6.0,6.0,10.4,6.6,0.4,0.3,0.7,108,113.0,16.1,8.4,0,0,0,0,0,0.0,0,-6.88,-7.37,0.49,3.0,4.6,4.0,1.0,25,4.0,0.0,0,3.0,1.0,33.3,0.0,0.0,3.0,1.0,0.0,2.0,0.0,0.0,0.0
Cobham Cobras Senior Men,A. Zakay,1/50/8/97,A. Zakay,7,0.3,2.0,2.0,0.3,1.0,3.0,33.3,0.0,2.0,0,0.0,0.0,0,1.0,0.0,1.0,0.0,0.0,0.0,0.0,0.0,1.9,48.1,0.2,0.0,0.1,0,2.0,0.3,0.2,0,0,0,0,0,0.0,0,-3.37,6.52,-9.89,3.1,4.0,0.0,0.0,0,1.0,1.0,100,2.0,0.0,0,0.0,0.0,0.0,0.0,0.0,0.0,2.0,0.0,0.0
Richmond Knights Senior Men,A. Williams,0/24,A. Williams,6,27.7,166.2,58.0,9.7,23.0,46.0,50,6.0,14.0,42.9,6.0,10.0,60,1.0,9.0,10.0,24.0,15.0,0.0,24.0,9.0,70.5,19.7,4.5,1.9,0.8,49,107.0,17.8,8.3,2,1.0,0,4,56.8,1.8,2,0.31,-4.22,4.53,1.2,1.9,17.0,8.0,47.1,15.0,9.0,60,14.0,6.0,42.9,5.0,1.0,12.0,4.0,0.0,8.0,3.0,21.0,22.0
London Elite Senior Men I,A. Ozobuekwe,37/8,A. Ozobuekwe,6,26.5,159.1,53.0,8.8,21.0,47.0,44.7,0.0,0.0,0,11.0,24.0,45.8,20.0,21.0,41.0,6.0,7.0,3.0,15.0,20.0,50.5,14.5,6.1,0.7,4.7,24,77.0,12.8,8.8,1,1.0,0,2,56.8,0.9,1,-6.2,-6.5,0.29,4.2,3.7,38.0,18.0,47.4,9.0,3.0,33.3,0.0,0.0,0,10.0,0.0,5.0,6.0,2.0,2.0,19.0,15.0,13.0
Teesside Lions Senior Men,M. Maffezzoli,14,M. Maffezzoli,6,16.8,100.5,41.0,6.8,15.0,39.0,38.5,3.0,17.0,17.6,8.0,9.0,88.9,10.0,12.0,22.0,8.0,5.0,2.0,10.0,15.0,41.2,20.3,2.5,0.5,1.4,23,64.0,10.7,4.0,0,0.0,1,0,0.0,1.0,1,-2.68,-4.48,1.8,3.4,3.0,7.0,4.0,57.1,14.0,8.0,57.1,17.0,3.0,17.6,4.0,0.0,2.0,5.0,0.0,3.0,6.0,8.0,2.0
St Helens Saints Senior Men,B. Tew,15,B. Tew,6,16.9,101.6,38.0,6.3,17.0,38.0,44.7,0.0,4.0,0,4.0,10.0,40,15.0,19.0,34.0,11.0,2.0,2.0,8.0,21.0,34.0,16.0,2.4,0.7,2.1,42,80.0,13.3,5.0,0,0,0,0,0,0.0,0,-2.03,-4.66,2.63,4.3,3.5,22.0,15.0,68.2,12.0,2.0,16.7,4.0,0.0,0,7.0,0.0,3.0,3.0,0.0,2.0,15.0,14.0,10.0
Cobham Cobras Senior Men,J. Muzikevicius,21,J. Muzikevicius,6,16.8,100.6,38.0,6.3,14.0,33.0,42.4,1.0,3.0,33.3,9.0,15.0,60,13.0,27.0,40.0,11.0,4.0,4.0,9.0,13.0,34.2,17.0,3.2,0.9,3.3,24,62.0,10.3,5.2,5,1.7,3,4,52.5,5.8,3,2.9,-2.15,5.06,4.7,2.9,12.0,3.0,25,18.0,10.0,55.6,3.0,1.0,33.3,3.0,0.0,2.0,2.0,0.0,5.0,11.0,4.0,11.0
Richmond Knights Senior Men,B. Oyeyemi,16,B. Oyeyemi,6,32.3,193.5,35.0,5.8,16.0,35.0,45.7,0.0,4.0,0,3.0,9.0,33.3,11.0,37.0,48.0,24.0,21.0,2.0,22.0,15.0,48.0,11.5,2.7,1.9,3.7,70,105.0,17.5,8.1,6,1.5,5,0,60.0,8.0,4,1.2,-6.49,7.69,2.6,3.2,28.0,16.0,57.1,3.0,0.0,0,4.0,0.0,0,7.0,0.0,11.0,7.0,0.0,4.0,10.0,12.0,12.0
Teesside Lions Senior Men,W. Day,6,W. Day,6,18.1,108.8,30.0,5.0,9.0,32.0,28.1,4.0,10.0,40,8.0,9.0,88.9,4.0,18.0,22.0,17.0,8.0,0.0,4.0,10.0,34.5,15.7,1.9,1.1,1.4,40,70.0,11.7,4.3,4,2.0,1,4,72.5,2.8,2,0.76,-3.22,3.98,2.3,2.8,5.0,3.0,60,17.0,2.0,11.8,10.0,4.0,40,1.0,0.0,1.0,3.0,0.0,0.0,4.0,2.0,12.0
Barking Abbey Senior Men I,A. Nwabueze,14/22/30/4/44,A. Nwabueze,6,13.2,79.3,28.0,4.7,9.0,31.0,29,7.0,25.0,28,3.0,4.0,75,7.0,4.0,11.0,0.0,4.0,2.0,7.0,8.0,31.4,19.7,2.3,0.0,0.9,86,114.0,19.0,9.4,0,0.0,2,0,0.0,2.0,1,0.15,-3.87,4.03,3.2,4.5,4.0,2.0,50,2.0,0.0,0,25.0,7.0,28,1.0,1.0,2.0,5.0,0.0,0.0,5.0,14.0,6.0
London Lions Senior Men II,E. Griffith,0/3,E. Griffith,6,10.4,62.3,27.0,4.5,11.0,23.0,47.8,4.0,10.0,40,1.0,3.0,33.3,4.0,10.0,14.0,4.0,10.0,0.0,6.0,6.0,25.3,20.5,2.0,0.3,1.0,39,66.0,11.0,4.9,0,0,0,0,0,0.0,0,8.94,-0.22,9.17,2.2,2.7,6.0,4.0,66.7,7.0,3.0,42.9,10.0,4.0,40,3.0,0.0,5.0,0.0,0.0,1.0,1.0,11.0,16.0
Greenwich Titans Senior Men,P. Kamat,6,P. Kamat,6,10.6,63.8,23.0,3.8,8.0,21.0,38.1,2.0,7.0,28.6,5.0,6.0,83.3,0.0,3.0,3.0,5.0,6.0,0.0,9.0,5.0,31.3,21.8,1.7,0.4,0.2,21,44.0,7.3,3.3,0,0.0,3,0,0.0,4.0,2,-4.87,-7.13,2.26,2.0,3.4,6.0,2.0,33.3,8.0,4.0,50,7.0,2.0,28.6,2.0,0.0,2.0,5.0,0.0,2.0,2.0,6.0,6.0
London Elite Senior Men I,T. Olaseinde,0/10/50/52,T. Olaseinde,6,14.4,86.5,23.0,3.8,10.0,26.0,38.5,2.0,7.0,28.6,1.0,2.0,50,0.0,7.0,7.0,3.0,6.0,1.0,10.0,6.0,35.4,18.7,2.6,0.3,0.8,31,54.0,9.0,6.2,0,0,0,0,0,0.0,0,-7.84,-9.0,1.16,2.6,4.1,13.0,5.0,38.5,6.0,3.0,50,7.0,2.0,28.6,5.0,0.0,3.0,2.0,0.0,5.0,5.0,3.0,7.0
London Lions Senior Men II,J. Pelling,24,J. Pelling,6,11.9,71.4,16.0,2.7,7.0,14.0,50,0.0,0.0,0,2.0,7.0,28.6,8.0,19.0,27.0,0.0,2.0,1.0,4.0,8.0,12.6,8.9,1.2,0.0,2.0,3,19.0,3.2,1.4,0,0,0,0,0,0.0,0,-3.12,-4.98,1.85,4.5,4.5,11.0,6.0,54.5,3.0,1.0,33.3,0.0,0.0,0,4.0,0.0,2.0,1.0,0.0,1.0,10.0,2.0,2.0
London Lions Senior Men II,C. Smith,14/21,C. Smith,6,8.4,50.2,6.0,1.0,3.0,6.0,50,0.0,0.0,0,0.0,4.0,0,6.0,10.0,16.0,0.0,0.0,6.0,4.0,3.0,5.5,5.6,0.4,0.0,1.2,50,56.0,9.3,4.2,0,0,0,0,0,0.0,0,-3.1,-6.2,3.1,5.0,4.8,6.0,3.0,50,0.0,0.0,0,0.0,0.0,0,3.0,0.0,0.0,2.0,0.0,2.0,6.0,0.0,0.0
Oxford Hoops Senior Men,F. Wabwire,11,F. Wabwire,6,4.6,27.9,5.0,0.8,2.0,13.0,15.4,1.0,5.0,20,0.0,0.0,0,2.0,5.0,7.0,2.0,1.0,0.0,4.0,3.0,14.4,26.0,0.3,0.1,0.4,4,9.0,1.5,0.5,0,0,0,0,0,0.0,0,-16.38,-12.87,-3.51,3.1,4.2,3.0,1.0,33.3,5.0,0.0,0,5.0,1.0,20,1.0,0.0,3.0,0.0,0.0,1.0,2.0,0.0,2.0
CoLA Southwark Pride Senior Men,N. Senessie,10/11/4,N. Senessie,6,3.0,17.7,1.0,0.2,0.0,2.0,0,0.0,1.0,0,1.0,2.0,50,0.0,1.0,1.0,1.0,0.0,0.0,2.0,1.0,4.7,12.7,0.1,0.1,0.1,125,126.0,21.0,9.4,0,0,0,0,0,0.0,0,-12.4,-12.46,0.06,2.8,4.3,0.0,0.0,0,1.0,0.0,0,1.0,0.0,0,0.0,0.0,2.0,0.0,0.0,0.0,1.0,0.0,0.0
Sheffield Sharks Senior Men,O. Norfolk,47/6,O. Norfolk,6,6.2,37.4,0.0,0.0,0.0,6.0,0,0.0,2.0,0,0.0,0.0,0,3.0,2.0,5.0,4.0,1.0,0.0,0.0,1.0,2.9,3.8,0.0,0.2,0.3,24,24.0,4.0,1.5,0,0,0,0,0,0.0,0,-5.98,-6.11,0.13,2.6,4.0,2.0,0.0,0,2.0,0.0,0,2.0,0.0,0,0.0,0.0,0.0,0.0,0.0,0.0,0.0,0.0,0.0
Sheffield Arrows Senior Men,A. Lycoudis,25,A. Lycoudis,5,30.4,151.8,74.0,14.8,26.0,76.0,34.2,15.0,46.0,32.6,7.0,8.0,87.5,7.0,28.0,35.0,15.0,5.0,3.0,8.0,12.0,77.3,23.9,4.1,0.8,2.0,42,116.0,23.2,6.5,5,1.7,6,0,41.7,6.0,3,2.36,0.06,2.3,3.4,3.3,19.0,8.0,42.1,11.0,3.0,27.3,46.0,15.0,32.6,3.0,2.0,4.0,2.0,0.0,2.0,17.0,18.0,13.0
London Elite Senior Men I,T. Agbede,11/12,T. Agbede,5,27.8,138.8,65.0,13.0,27.0,67.0,40.3,4.0,6.0,66.7,7.0,15.0,46.7,10.0,24.0,34.0,9.0,9.0,8.0,27.0,11.0,87.0,28.6,7.4,1.0,3.9,46,111.0,22.2,12.7,0,0.0,1,1,0.0,1.4,1,-5.58,-7.45,1.87,4.2,3.0,33.0,14.0,42.4,28.0,9.0,32.1,6.0,4.0,66.7,11.0,0.0,4.0,18.0,0.0,5.0,8.0,29.0,22.0
London Elite Senior Men I,A. Pyne,27,A. Pyne,5,23.1,115.7,63.0,12.6,22.0,64.0,34.4,6.0,23.0,26.1,13.0,16.0,81.2,7.0,7.0,14.0,12.0,13.0,0.0,19.0,14.0,79.7,31.5,7.2,1.4,1.6,25,88.0,17.6,10.1,0,0,0,0,0,0.0,0,-2.81,-4.65,1.84,2.0,2.2,28.0,12.0,42.9,13.0,4.0,30.8,23.0,6.0,26.1,8.0,2.0,8.0,7.0,0.0,4.0,9.0,24.0,20.0
Sheffield Sharks Senior Men,M. Moore,31,M. Moore,5,21.5,107.6,43.0,8.6,17.0,39.0,43.6,3.0,11.0,27.3,6.0,6.0,100,7.0,16.0,23.0,7.0,7.0,2.0,11.0,7.0,43.8,19.9,2.6,0.4,1.4,22,65.0,13.0,4.0,3,3.0,2,1,61.5,2.4,1,0.5,-2.74,3.24,3.0,2.9,22.0,11.0,50,5.0,3.0,60,11.0,3.0,27.3,5.0,0.0,5.0,6.0,0.0,0.0,2.0,14.0,13.0
Teesside Lions Senior Men,Z. Lawson,27/53,Z. Lawson,5,11.9,59.5,39.0,7.8,13.0,25.0,52,2.0,6.0,33.3,11.0,16.0,68.8,6.0,5.0,11.0,6.0,5.0,0.0,8.0,8.0,32.7,27.1,2.4,0.4,0.7,77,116.0,23.2,7.2,0,0,0,0,0,0.0,0,5.01,1.22,3.79,2.6,1.6,17.0,10.0,58.8,2.0,1.0,50,6.0,2.0,33.3,8.0,0.0,5.0,3.0,0.0,0.0,8.0,16.0,15.0
Manchester Magic Senior Men I,N. Togo,1,N. Togo,5,15.5,77.5,29.0,5.8,11.0,28.0,39.3,2.0,13.0,15.4,5.0,12.0,41.7,1.0,9.0,10.0,22.0,5.0,0.0,9.0,4.0,39.6,25.8,1.7,1.3,0.6,61,90.0,18.0,5.4,3,3.0,2,2,52.1,2.9,1,4.12,-1.33,5.45,1.5,2.2,11.0,7.0,63.6,3.0,2.0,66.7,13.0,2.0,15.4,4.0,0.0,3.0,5.0,0.0,1.0,1.0,10.0,6.0
London Elite Senior Men I,D. Magloire,11,D. Magloire,5,24.9,124.4,28.0,5.6,11.0,58.0,19,3.0,25.0,12,3.0,6.0,50,8.0,16.0,24.0,10.0,8.0,1.0,11.0,11.0,61.1,22.5,3.2,1.1,2.7,39,67.0,13.4,7.7,0,0,0,0,0,0.0,0,-10.96,-10.33,-0.63,3.0,4.3,22.0,6.0,27.3,11.0,2.0,18.2,25.0,3.0,12,2.0,2.0,5.0,5.0,0.0,1.0,2.0,15.0,7.0
CoLA Southwark Pride Senior Men,B. Olowoshile,10/15/9,B. Olowoshile,5,13.8,68.8,24.0,4.8,10.0,21.0,47.6,0.0,0.0,0,4.0,7.0,57.1,4.0,9.0,13.0,1.0,2.0,1.0,5.0,6.0,24.1,16.8,1.8,0.1,1.0,46,70.0,14.0,5.2,4,4.0,2,0,100.0,2.0,1,-2.6,-5.63,3.03,3.7,3.9,17.0,7.0,41.2,4.0,3.0,75,0.0,0.0,0,1.0,0.0,3.0,0.0,0.0,2.0,5.0,4.0,8.0
London Lions Senior Men II,H. Edwards Meade,0/5,H. Edwards Meade,5,10.6,53.0,22.0,4.4,8.0,17.0,47.1,3.0,5.0,60,3.0,5.0,60,0.0,2.0,2.0,5.0,3.0,0.0,9.0,4.0,27.1,25.9,1.6,0.4,0.1,33,55.0,11.0,4.1,0,0,0,0,0,0.0,0,-2.53,-4.29,1.75,1.9,2.5,3.0,2.0,66.7,9.0,3.0,33.3,5.0,3.0,60,1.0,1.0,4.0,3.0,0.0,2.0,6.0,7.0,9.0
Manchester Magic Senior Men I,D. Tejada Garcia,9,D. Tejada Garcia,5,8.1,40.6,18.0,3.6,7.0,13.0,53.8,1.0,1.0,100,3.0,4.0,75,5.0,4.0,9.0,5.0,5.0,2.0,4.0,4.0,13.2,16.4,1.1,0.3,0.5,25,43.0,8.6,2.6,0,0,0,0,0,0.0,0,13.19,2.31,10.88,3.3,3.0,10.0,5.0,50,2.0,1.0,50,1.0,1.0,100,4.0,1.0,3.0,1.0,0.0,0.0,5.0,4.0,9.0
London Elite Senior Men I,D. Idowu,12/17,D. Idowu,5,11.8,59.1,15.0,3.0,7.0,13.0,53.8,0.0,1.0,0,1.0,4.0,25,6.0,10.0,16.0,2.0,3.0,0.0,4.0,5.0,12.2,9.5,1.7,0.2,1.8,7,22.0,4.4,2.5,0,0,0,0,0,0.0,0,-4.51,-5.59,1.07,3.7,3.9,9.0,6.0,66.7,3.0,1.0,33.3,1.0,0.0,0,2.0,0.0,0.0,4.0,0.0,0.0,7.0,6.0,8.0
London Stars Senior Men,K. Sinkevicius,1,K. Sinkevicius,5,5.5,27.5,8.0,1.6,2.0,6.0,33.3,2.0,5.0,40,2.0,5.0,40,1.0,3.0,4.0,4.0,0.0,0.0,5.0,1.0,11.7,19.7,0.7,0.3,0.3,5,13.0,2.6,1.1,0,0,0,0,0,0.0,0,-5.33,-5.88,0.55,2.8,3.5,1.0,0.0,0,0.0,0.0,0,5.0,2.0,40,0.0,0.0,3.0,2.0,0.0,0.0,2.0,6.0,1.0
CoLA Southwark Pride Senior Men,A. Martinez De Morentin,7/9,A. Martinez De Morentin; A. Morentin,5,4.0,19.9,8.0,1.6,2.0,5.0,40,0.0,0.0,0,4.0,5.0,80,1.0,0.0,1.0,0.0,0.0,2.0,3.0,2.0,8.8,21.4,0.6,0.0,0.1,44,52.0,10.4,3.9,0,0,0,0,0,0.0,0,-4.39,-7.61,3.23,3.9,3.9,5.0,2.0,40,0.0,0.0,0,0.0,0.0,0,1.0,0.0,2.0,1.0,0.0,0.0,1.0,2.0,2.0
Sheffield Arrows Senior Men,A. Moore,12,A. Moore,5,4.6,22.8,7.0,1.4,3.0,7.0,42.9,1.0,2.0,50,0.0,0.0,0,1.0,5.0,6.0,0.0,0.0,0.0,2.0,3.0,7.7,15.8,0.4,0.0,0.3,24,31.0,6.2,1.7,0,0,0,0,0,0.0,0,-6.93,-6.96,0.03,3.5,4.3,3.0,1.0,33.3,2.0,1.0,50,2.0,1.0,50,1.0,0.0,0.0,1.0,0.0,1.0,0.0,2.0,0.0
London Stars Senior Men,D. Campbell-Deeble,83,D. Campbell-Deeble,5,8.7,43.6,6.0,1.2,2.0,7.0,28.6,0.0,1.0,0,2.0,8.0,25,3.0,10.0,13.0,2.0,0.0,1.0,2.0,7.0,9.1,9.7,0.5,0.2,1.1,10,16.0,3.2,1.3,0,0,0,0,0,0.0,0,-7.0,-9.18,2.18,4.0,4.6,5.0,2.0,40,1.0,0.0,0,1.0,0.0,0,0.0,0.0,0.0,2.0,0.0,0.0,2.0,2.0,0.0
Richmond Knights Senior Men,M. Obamakin,5/7,M. Obamakin,5,5.7,28.6,4.0,0.8,2.0,10.0,20,0.0,6.0,0,0.0,0.0,0,0.0,2.0,2.0,1.0,3.0,0.0,4.0,4.0,13.4,21.9,0.3,0.1,0.2,2,6.0,1.2,0.5,0,0,0,0,0,0.0,0,-12.0,-15.53,3.53,2.6,4.5,1.0,1.0,100,3.0,1.0,33.3,6.0,0.0,0,0.0,0.0,2.0,2.0,0.0,0.0,0.0,2.0,2.0
London Lions Senior Men II,D. Emenogu,10/5,D. Emenogu,5,5.7,28.4,4.0,0.8,2.0,4.0,50,0.0,1.0,0,0.0,0.0,0,2.0,4.0,6.0,1.0,2.0,0.0,1.0,4.0,2.9,5.1,0.3,0.1,0.4,14,18.0,3.6,1.3,0,0,0,0,0,0.0,0,-1.07,-5.96,4.89,3.0,4.1,3.0,2.0,66.7,0.0,0.0,0,1.0,0.0,0,0.0,0.0,1.0,0.0,0.0,0.0,2.0,4.0,4.0
Oxford Hoops Senior Men,B. Isaac,1/9,B. Isaac,5,3.2,15.9,0.0,0.0,0.0,1.0,0,0.0,0.0,0,0.0,0.0,0,0.0,2.0,2.0,1.0,1.0,0.0,3.0,0.0,3.8,12.1,0.0,0.1,0.1,56,56.0,11.2,3.3,0,0,0,0,0,0.0,0,-12.66,-12.39,-0.28,2.6,4.2,0.0,0.0,0,1.0,0.0,0,0.0,0.0,0,0.0,0.0,0.0,2.0,0.0,1.0,0.0,0.0,0.0
London Elite Senior Men I,J. Jackson,3,J. Jackson,4,31.2,125.0,88.0,22.0,32.0,82.0,39,13.0,40.0,32.5,11.0,15.0,73.3,3.0,15.0,18.0,2.0,18.0,0.0,15.0,9.0,96.6,35.3,10.1,0.2,2.1,4,92.0,23.0,10.5,0,0.0,1,0,0.0,3.0,1,3.09,-0.89,3.98,2.6,2.5,32.0,17.0,53.1,10.0,2.0,20,40.0,13.0,32.5,15.0,6.0,6.0,4.0,0.0,5.0,22.0,28.0,36.0
London Elite Senior Men I,J. Alimi,0,J. Alimi,4,21.5,85.9,66.0,16.5,26.0,50.0,52,1.0,1.0,100,13.0,20.0,65,6.0,11.0,17.0,1.0,2.0,1.0,9.0,6.0,59.3,31.6,7.5,0.1,1.9,21,87.0,21.8,9.9,0,0,0,0,0,0.0,0,-0.19,-0.25,0.05,3.7,2.1,25.0,17.0,68,24.0,8.0,33.3,1.0,1.0,100,10.0,1.0,3.0,4.0,0.0,2.0,16.0,24.0,13.0
Sheffield Arrows Senior Men,A. Tavares,44,A. Tavares,4,31.9,127.8,52.0,13.0,17.0,46.0,37,7.0,23.0,30.4,11.0,15.0,73.3,7.0,26.0,33.0,8.0,5.0,1.0,11.0,4.0,54.3,20.0,2.9,0.4,1.8,71,123.0,30.8,6.9,6,3.0,2,3,90.4,3.3,2,0.16,-1.86,2.02,3.4,3.7,16.0,8.0,50,7.0,2.0,28.6,23.0,7.0,30.4,4.0,0.0,5.0,3.0,0.0,3.0,9.0,13.0,15.0
Oxford Hoops Senior Men,A. Prescott-Cornejo,15,A. Prescott-Cornejo,4,23.5,94.0,38.0,9.5,17.0,39.0,43.6,0.0,2.0,0,4.0,13.0,30.8,5.0,10.0,15.0,10.0,7.0,6.0,20.0,10.0,57.3,30.6,2.2,0.6,0.9,27,65.0,16.2,3.8,11,5.5,6,4,70.9,10.8,2,-5.11,-6.95,1.84,2.6,2.8,32.0,14.0,43.8,5.0,3.0,60,2.0,0.0,0,12.0,0.0,8.0,7.0,0.0,5.0,3.0,11.0,9.0
Teesside Lions Senior Men,E. Ndaw,31/77,E. Ndaw,4,17.1,68.5,35.0,8.8,14.0,41.0,34.1,5.0,19.0,26.3,2.0,2.0,100,5.0,23.0,28.0,4.0,4.0,0.0,4.0,11.0,39.2,28.3,2.2,0.2,1.7,24,59.0,14.8,3.6,0,0.0,2,0,0.0,2.0,1,-1.27,-3.01,1.74,4.2,3.4,12.0,4.0,33.3,10.0,5.0,50,19.0,5.0,26.3,2.0,1.0,3.0,0.0,0.0,1.0,2.0,13.0,6.0
London Lions Senior Men II,D. Campbell-Deeble,21,D. Campbell-Deeble,4,19.1,76.4,31.0,7.8,11.0,25.0,44,3.0,6.0,50,6.0,12.0,50,9.0,18.0,27.0,4.0,3.0,2.0,10.0,8.0,30.0,19.9,2.3,0.3,2.0,20,51.0,12.8,3.8,0,0,0,0,0,0.0,0,-0.18,-3.08,2.91,4.1,3.0,12.0,7.0,58.3,7.0,1.0,14.3,6.0,3.0,50,5.0,0.0,5.0,4.0,0.0,1.0,8.0,4.0,4.0
Richmond Knights Senior Men,J. Amui,17,J. Amui,4,12.4,49.5,23.0,5.8,10.0,21.0,47.6,1.0,1.0,100,2.0,2.0,100,3.0,4.0,7.0,2.0,1.0,0.0,4.0,3.0,22.0,20.6,1.8,0.2,0.5,6,29.0,7.2,2.2,2,2.0,3,0,33.3,4.0,1,-1.16,-3.35,2.19,2.9,3.3,8.0,2.0,25,12.0,7.0,58.3,1.0,1.0,100,1.0,0.0,2.0,1.0,0.0,1.0,0.0,10.0,6.0
Richmond Knights Senior Men,T. Badmus,10/2,T. Badmus,4,8.5,33.9,13.0,3.2,4.0,8.0,50,3.0,4.0,75,2.0,3.0,66.7,2.0,1.0,3.0,2.0,6.0,0.0,4.0,5.0,10.9,14.9,1.0,0.2,0.2,67,80.0,20.0,6.2,2,2.0,1,3,43.1,2.3,1,7.72,-2.24,9.96,2.2,3.2,2.0,1.0,50,2.0,0.0,0,4.0,3.0,75,1.0,0.0,3.0,1.0,0.0,0.0,2.0,5.0,8.0
Sheffield Arrows Senior Men,I. Ashwith,11/12/5,I. Ashwith,4,10.7,42.8,12.0,3.0,4.0,11.0,36.4,3.0,5.0,60,1.0,1.0,100,1.0,5.0,6.0,1.0,7.0,0.0,5.0,5.0,14.8,16.3,0.7,0.1,0.3,51,63.0,15.8,3.5,0,0,0,0,0,0.0,0,2.0,-5.33,7.33,2.2,4.2,6.0,1.0,16.7,0.0,0.0,0,5.0,3.0,60,0.0,1.0,2.0,1.0,0.0,2.0,3.0,3.0,4.0
St Helens Saints Senior Men,K. Crawford,4,K. Crawford,4,6.1,24.5,11.0,2.8,4.0,13.0,30.8,2.0,9.0,22.2,1.0,2.0,50,1.0,1.0,2.0,2.0,0.0,0.0,0.0,2.0,12.4,24.2,0.7,0.1,0.1,58,69.0,17.2,4.3,0,0,0,0,0,0.0,0,-2.85,-2.07,-0.78,2.8,4.0,1.0,1.0,100,3.0,1.0,33.3,9.0,2.0,22.2,1.0,2.0,0.0,0.0,0.0,0.0,0.0,6.0,3.0
Manchester Magic Senior Men I,J. Pearce,14,J. Pearce,4,12.8,51.2,9.0,2.2,4.0,14.0,28.6,1.0,7.0,14.3,0.0,2.0,0,4.0,3.0,7.0,2.0,2.0,1.0,1.0,7.0,11.4,11.2,0.5,0.1,0.4,4,13.0,3.2,0.8,0,0,0,0,0,0.0,0,-2.82,-6.69,3.87,3.3,4.7,4.0,3.0,75,3.0,0.0,0,7.0,1.0,14.3,1.0,0.0,0.0,0.0,1.0,0.0,0.0,4.0,7.0
CoLA Southwark Pride Senior Men,L. Thompson,6,L. Thompson,4,10.8,43.3,9.0,2.2,3.0,6.0,50,1.0,1.0,100,2.0,3.0,66.7,6.0,5.0,11.0,2.0,0.0,1.0,2.0,7.0,3.2,3.5,0.7,0.1,0.8,46,55.0,13.8,4.1,0,0,0,0,0,0.0,0,-1.39,-4.25,2.86,4.0,3.9,4.0,1.0,25,1.0,1.0,100,1.0,1.0,100,0.0,0.0,1.0,0.0,0.0,1.0,4.0,2.0,3.0
Cobham Cobras Senior Men,A. Orlu,0,A. Orlu,4,7.6,30.4,8.0,2.0,4.0,13.0,30.8,0.0,0.0,0,0.0,0.0,0,3.0,7.0,10.0,3.0,0.0,0.0,3.0,1.0,12.5,20.6,0.7,0.3,0.8,8,16.0,4.0,1.3,0,0.0,2,0,0.0,2.0,1,-6.67,-6.79,0.12,3.4,4.1,7.0,4.0,57.1,6.0,0.0,0,0.0,0.0,0,3.0,0.0,0.0,3.0,0.0,0.0,6.0,0.0,2.0
Teesside Lions Senior Men,S. Mamuini,46/5,S. Mamuini,4,9.3,37.2,7.0,1.8,2.0,11.0,18.2,2.0,8.0,25,1.0,2.0,50,1.0,2.0,3.0,3.0,2.0,1.0,9.0,6.0,19.1,25.3,0.4,0.2,0.2,9,16.0,4.0,1.0,0,0,0,0,0,0.0,0,-15.82,-15.08,-0.74,2.8,4.2,2.0,0.0,0,1.0,0.0,0,8.0,2.0,25,0.0,0.0,2.0,7.0,0.0,0.0,0.0,1.0,4.0
Richmond Knights Senior Men,C. Reid,10/11/7,C. Reid,4,3.7,14.8,4.0,1.0,1.0,5.0,20,0.0,2.0,0,2.0,5.0,40,0.0,4.0,4.0,0.0,1.0,1.0,1.0,5.0,7.9,24.8,0.3,0.0,0.3,64,68.0,17.0,5.3,0,0,0,0,0,0.0,0,-10.31,-15.86,5.54,3.8,4.5,2.0,1.0,50,1.0,0.0,0,2.0,0.0,0,1.0,0.0,0.0,1.0,0.0,0.0,0.0,1.0,0.0
St Helens Saints Senior Men,C. Morrell,13,C. Morrell,4,7.1,28.4,3.0,0.8,1.0,12.0,8.3,1.0,9.0,11.1,0.0,0.0,0,1.0,2.0,3.0,1.0,0.0,0.0,1.0,3.0,11.5,19.4,0.2,0.1,0.2,23,26.0,6.5,1.6,0,0,0,0,0,0.0,0,-16.15,-12.85,-3.3,3.0,4.5,1.0,0.0,0,2.0,0.0,0,9.0,1.0,11.1,0.0,0.0,1.0,0.0,0.0,0.0,0.0,3.0,0.0
Sheffield Arrows Senior Men,F. Banire,12/13,F. Banire,4,6.2,25.0,3.0,0.8,0.0,7.0,0,0.0,2.0,0,3.0,4.0,75,1.0,3.0,4.0,0.0,0.0,0.0,0.0,3.0,7.4,14.0,0.2,0.0,0.2,26,29.0,7.2,1.6,0,0,0,0,0,0.0,0,-13.24,-10.99,-2.25,3.2,4.7,4.0,0.0,0,1.0,0.0,0,2.0,0.0,0,0.0,0.0,0.0,0.0,0.0,0.0,1.0,0.0,0.0
Myerscough Basketball Academy Senior Men I,N. Byfield,4/6,N. Byfield,4,6.7,26.7,3.0,0.8,1.0,10.0,10,1.0,5.0,20,0.0,0.0,0,0.0,3.0,3.0,2.0,0.0,0.0,5.0,1.0,14.4,27.3,0.2,0.1,0.2,148,151.0,37.8,9.1,0,0,0,0,0,0.0,0,-18.0,-15.8,-2.2,2.8,4.3,3.0,0.0,0,2.0,0.0,0,5.0,1.0,20,0.0,0.0,1.0,4.0,0.0,0.0,3.0,0.0,0.0
Worcester Wolves Senior Men,M. Sung,7,M. Sung,4,2.0,7.9,2.0,0.5,0.0,4.0,0,0.0,2.0,0,2.0,2.0,100,1.0,1.0,2.0,2.0,0.0,0.0,0.0,0.0,3.7,23.2,0.1,0.1,0.1,4,6.0,1.5,0.3,0,0,0,0,0,0.0,0,-2.2,-2.91,0.71,2.9,3.8,1.0,0.0,0,1.0,0.0,0,2.0,0.0,0,0.0,0.0,0.0,0.0,0.0,0.0,0.0,2.0,2.0
Sheffield Arrows Senior Men,R. Anderson,12/14/25,R. Anderson,4,5.2,20.8,0.0,0.0,0.0,5.0,0,0.0,2.0,0,0.0,0.0,0,1.0,4.0,5.0,0.0,0.0,0.0,3.0,1.0,6.7,15.1,0.0,0.0,0.3,80,80.0,20.0,4.5,0,0,0,0,0,0.0,0,-18.69,-15.32,-3.37,3.4,4.6,1.0,0.0,0,2.0,0.0,0,2.0,0.0,0,0.0,0.0,2.0,0.0,0.0,1.0,0.0,0.0,0.0
CoLA Southwark Pride Senior Men,R. Tesfay,12/4/7/8,R. Tesfay,4,4.5,18.1,0.0,0.0,0.0,1.0,0,0.0,1.0,0,0.0,0.0,0,0.0,2.0,2.0,1.0,1.0,0.0,4.0,1.0,4.8,12.8,0.0,0.1,0.1,109,109.0,27.2,8.1,0,0,0,0,0,0.0,0,-12.8,-15.29,2.49,2.8,4.3,0.0,0.0,0,0.0,0.0,0,1.0,0.0,0,0.0,0.0,0.0,3.0,0.0,1.0,0.0,0.0,0.0
Barking Abbey Senior Men I,K. N'gabala,8,K. N'gabala; K. Ngabala,4,4.9,19.4,0.0,0.0,0.0,2.0,0,0.0,1.0,0,0.0,0.0,0,0.0,0.0,0.0,4.0,3.0,0.0,3.0,5.0,4.8,12.3,0.0,0.3,0.0,13,13.0,3.2,1.1,0,0,0,0,0,0.0,0,-2.16,-12.56,10.4,1.9,3.6,1.0,0.0,0,0.0,0.0,0,1.0,0.0,0,0.0,0.0,2.0,1.0,0.0,0.0,0.0,0.0,0.0
Teesside Lions Senior Men,M. Hood,29,M. Hood,3,37.4,112.3,74.0,24.7,23.0,54.0,42.6,11.0,28.0,39.3,17.0,20.0,85,4.0,14.0,18.0,14.0,6.0,2.0,11.0,7.0,67.0,29.5,4.6,0.9,1.1,50,124.0,41.3,7.7,6,6.0,3,0,100.0,3.0,1,7.82,4.41,3.41,2.6,1.0,20.0,10.0,50,6.0,2.0,33.3,28.0,11.0,39.3,8.0,8.0,5.0,3.0,1.0,2.0,7.0,34.0,9.0
Leicester Warriors Senior Men,C. Keys,6,C. Keys,3,27.5,82.4,66.0,22.0,25.0,49.0,51,10.0,24.0,41.7,6.0,7.0,85.7,3.0,13.0,16.0,7.0,5.0,0.0,7.0,9.0,53.8,31.1,3.7,0.4,0.9,121,187.0,62.3,10.4,4,4.0,3,0,66.7,4.0,1,9.8,5.7,4.1,3.0,1.1,18.0,12.0,66.7,7.0,3.0,42.9,24.0,10.0,41.7,7.0,1.0,1.0,5.0,0.0,1.0,9.0,17.0,7.0
Greenwich Titans Senior Men,B. Daye,1,B. Daye,3,22.8,68.5,57.0,19.0,20.0,52.0,38.5,8.0,25.0,32,9.0,12.0,75,4.0,9.0,13.0,5.0,3.0,0.0,9.0,5.0,59.8,38.8,4.2,0.4,1.0,58,115.0,38.3,8.5,5,5.0,4,0,62.5,5.0,1,2.35,1.79,0.56,3.0,1.9,21.0,10.0,47.6,6.0,2.0,33.3,25.0,8.0,32,5.0,4.0,3.0,5.0,0.0,1.0,15.0,22.0,18.0
London Lions Senior Men II,I. Temilola,14,I. Temilola,3,28.4,85.3,31.0,10.3,13.0,25.0,52,0.0,1.0,0,5.0,9.0,55.6,10.0,27.0,37.0,4.0,4.0,7.0,5.0,7.0,23.0,13.6,2.3,0.3,2.8,30,61.0,20.3,4.5,2,2.0,1,0,100.0,1.0,1,5.4,-0.11,5.51,5.0,3.2,15.0,10.0,66.7,9.0,3.0,33.3,1.0,0.0,0,6.0,0.0,0.0,5.0,0.0,0.0,18.0,8.0,9.0
Cobham Cobras Senior Men,J. Tahraoui,85,J. Tahraoui,3,20.8,62.4,30.0,10.0,10.0,31.0,32.3,5.0,18.0,27.8,5.0,5.0,100,3.0,8.0,11.0,7.0,4.0,3.0,5.0,9.0,33.8,27.1,2.5,0.6,0.9,15,45.0,15.0,3.8,2,2.0,2,0,50.0,2.0,1,4.37,-1.26,5.63,3.4,2.9,4.0,3.0,75,9.0,2.0,22.2,18.0,5.0,27.8,3.0,1.0,3.0,2.0,0.0,0.0,9.0,5.0,2.0
Sheffield Sharks Senior Men,M. Tuck,47,M. Tuck,3,20.7,62.2,21.0,7.0,8.0,21.0,38.1,1.0,7.0,14.3,4.0,4.0,100,6.0,11.0,17.0,6.0,1.0,1.0,5.0,3.0,20.9,16.4,1.3,0.4,1.0,15,36.0,12.0,2.2,0,0,0,0,0,0.0,0,-1.18,-2.48,1.3,3.4,3.1,9.0,4.0,44.4,5.0,3.0,60,7.0,1.0,14.3,2.0,0.0,3.0,2.0,0.0,0.0,2.0,9.0,0.0
Leicester Warriors Senior Men,L. Hewson,6,L. Hewson,3,29.4,88.3,17.0,5.7,6.0,18.0,33.3,1.0,9.0,11.1,4.0,6.0,66.7,2.0,4.0,6.0,13.0,3.0,0.0,5.0,3.0,22.7,12.2,0.9,0.7,0.3,121,138.0,46.0,7.7,0,0,0,0,0,0.0,0,-3.92,-4.62,0.69,1.9,3.4,6.0,5.0,83.3,2.0,0.0,0,9.0,1.0,11.1,2.0,0.0,3.0,2.0,0.0,0.0,2.0,2.0,4.0
Richmond Knights Senior Men,P. Onubogu,00,P. Onubogu,3,17.8,53.3,12.0,4.0,6.0,23.0,26.1,0.0,0.0,0,0.0,4.0,0,12.0,10.0,22.0,1.0,0.0,1.0,3.0,5.0,15.1,13.2,0.9,0.1,1.7,0,12.0,4.0,0.9,0,0,0,0,0,0.0,0,-9.47,-7.7,-1.76,4.6,4.9,0,0,0,0,0,0,0,0,0,0,0,0,0,0,0,0,0,0
St Helens Saints Senior Men,N. Conaty,11,N. Conaty,3,10.1,30.2,10.0,3.3,4.0,9.0,44.4,2.0,5.0,40,0.0,0.0,0,2.0,6.0,8.0,2.0,1.0,0.0,4.0,1.0,10.6,16.8,0.6,0.1,0.5,40,50.0,16.7,3.1,3,3.0,1,0,150.0,1.0,1,-0.85,-3.1,2.25,3.3,3.8,3.0,1.0,33.3,1.0,1.0,100,5.0,2.0,40,0.0,0.0,3.0,0.0,0.0,1.0,2.0,0.0,0.0
Leicester Warriors Senior Men,C. Martin,13/6,C. Martin,3,8.1,24.2,7.0,2.3,2.0,8.0,25,1.0,5.0,20,2.0,2.0,100,1.0,3.0,4.0,1.0,0.0,0.0,2.0,1.0,9.5,18.7,0.4,0.1,0.2,126,133.0,44.3,7.4,0,0,0,0,0,0.0,0,-8.68,-6.89,-1.78,3.1,4.2,1.0,0.0,0,2.0,1.0,50,5.0,1.0,20,0.0,0.0,2.0,0.0,0.0,0.0,0.0,2.0,0.0
Worcester Wolves Senior Men,P. Mcintosh,15/4,P. Mcintosh,3,4.2,12.6,6.0,2.0,2.0,3.0,66.7,1.0,2.0,50,1.0,2.0,50,1.0,2.0,3.0,1.0,0.0,1.0,1.0,3.0,3.7,14.5,0.3,0.1,0.2,5,11.0,3.7,0.6,0,0,0,0,0,0.0,0,7.4,-0.17,7.57,3.7,3.4,1.0,1.0,100,0.0,0.0,0,2.0,1.0,50,0.0,0.0,0.0,1.0,0.0,0.0,6.0,2.0,3.0
CoLA Southwark Pride Senior Men,R. Solomon,11/4/8,R. Solomon,3,5.4,16.2,4.0,1.3,2.0,4.0,50,0.0,2.0,0,0.0,0.0,0,0.0,1.0,1.0,0.0,0.0,0.0,2.0,0.0,5.8,17.1,0.3,0.0,0.1,138,142.0,47.3,10.6,0,0,0,0,0,0.0,0,-8.78,-8.97,0.19,2.9,4.2,1.0,1.0,100,1.0,1.0,100,2.0,0.0,0,0.0,0.0,2.0,0.0,0.0,0.0,0.0,0.0,0.0
Worcester Wolves Senior Men,E. Neblett,22/3,E. Neblett,3,1.8,5.3,3.0,1.0,1.0,3.0,33.3,1.0,2.0,50,0.0,0.0,0,0.0,0.0,0.0,0.0,1.0,0.0,0.0,0.0,2.9,26.8,0.2,0.0,0.0,4,7.0,2.3,0.4,0,0,0,0,0,0.0,0,14.34,4.91,9.44,2.8,3.9,0.0,0.0,0,1.0,0.0,0,2.0,1.0,50,0.0,1.0,0.0,0.0,0.0,0.0,0.0,0.0,0.0
London Elite Senior Men I,R. Quidam,10,R. Quidam,3,13.2,39.6,3.0,1.0,1.0,4.0,25,1.0,3.0,33.3,0.0,0.0,0,0.0,5.0,5.0,2.0,1.0,0.0,2.0,3.0,5.8,6.6,0.3,0.2,0.6,4,7.0,2.3,0.8,0,0.0,2,0,0.0,2.0,2,-8.13,-8.83,0.69,2.9,4.3,1.0,0.0,0,0.0,0.0,0,3.0,1.0,33.3,0.0,1.0,1.0,1.0,0.0,0.0,0.0,0.0,0.0
Greenwich Titans Senior Men,R. Allicock,12,R. Allicock,3,3.9,11.6,2.0,0.7,1.0,6.0,16.7,0.0,0.0,0,0.0,4.0,0,2.0,3.0,5.0,0.0,1.0,0.0,2.0,0.0,7.4,28.7,0.1,0.0,0.4,8,10.0,3.3,0.7,0,0,0,0,0,0.0,0,-20.0,-15.55,-4.45,3.4,4.4,5.0,1.0,20,1.0,0.0,0,0.0,0.0,0,0.0,0.0,1.0,1.0,0.0,0.0,0.0,0.0,0.0
St Helens Saints Senior Men,M. Cooper,6/7/9,M. Cooper,3,2.9,8.7,2.0,0.7,1.0,3.0,33.3,0.0,0.0,0,0.0,0.0,0,1.0,0.0,1.0,1.0,0.0,0.0,0.0,2.0,1.9,10.5,0.1,0.1,0.1,167,169.0,56.3,10.5,0,0,0,0,0,0.0,0,-5.62,-6.0,0.38,3.0,4.0,3.0,1.0,33.3,0.0,0.0,0,0.0,0.0,0,0.0,0.0,0.0,0.0,0.0,0.0,0.0,0.0,0.0
Barking Abbey Senior Men I,M. Nyamutenha,11/4/7,M. Nyamutenha,3,2.7,8.1,0.0,0.0,0.0,3.0,0,0.0,2.0,0,0.0,0.0,0,0.0,0.0,0.0,1.0,0.0,0.0,2.0,0.0,4.8,29.5,0.0,0.1,0.0,42,42.0,14.0,3.5,0,0,0,0,0,0.0,0,-22.56,-19.35,-3.21,2.7,4.0,1.0,0.0,0,0.0,0.0,0,2.0,0.0,0,0.0,0.0,2.0,0.0,0.0,0.0,0.0,0.0,0.0
London Elite Senior Men I,B. Coulibali,16/50,B. Coulibali,2,31.6,63.3,28.0,14.0,12.0,29.0,41.4,2.0,9.0,22.2,2.0,2.0,100,4.0,5.0,9.0,0.0,1.0,1.0,6.0,6.0,30.6,22.1,3.2,0.0,1.0,6,34.0,17.0,3.9,2,2.0,3,0,33.3,4.0,1,-8.06,-6.5,-1.56,3.5,3.9,8.0,7.0,87.5,12.0,3.0,25,9.0,2.0,22.2,4.0,0.0,4.0,2.0,0.0,0.0,4.0,10.0,11.0
CoLA Southwark Pride Senior Men,A. Nkwolo,15,A. Nkwolo,2,24.3,48.7,28.0,14.0,9.0,23.0,39.1,3.0,7.0,42.9,7.0,10.0,70,2.0,11.0,13.0,1.0,3.0,0.0,2.0,1.0,26.3,26.0,2.1,0.1,1.0,19,47.0,23.5,3.5,0,0.0,2,0,0.0,3.0,1,6.05,1.35,4.71,3.4,3.2,14.0,6.0,42.9,2.0,0.0,0,7.0,3.0,42.9,3.0,0.0,2.0,0.0,0.0,0.0,7.0,8.0,9.0
London Lions Senior Men II,M. Edwards Meade,2,M. Edwards Meade,2,19.1,38.3,18.0,9.0,7.0,8.0,87.5,1.0,2.0,50,3.0,4.0,75,3.0,2.0,5.0,0.0,2.0,1.0,1.0,2.0,7.4,9.9,1.3,0.0,0.4,64,82.0,41.0,6.1,4,4.0,1,2,106.4,1.9,1,9.43,4.17,5.26,3.1,3.0,5.0,5.0,100,1.0,1.0,100,2.0,1.0,50,3.0,0.0,1.0,0.0,0.0,0.0,6.0,3.0,9.0
London Lions Senior Men II,H. Edwards-Meade,2/7,H. Edwards-Meade,2,20.6,41.2,16.0,8.0,5.0,15.0,33.3,4.0,10.0,40,2.0,2.0,100,1.0,0.0,1.0,7.0,3.0,0.0,9.0,6.0,22.9,28.2,1.2,0.5,0.1,106,122.0,61.0,9.1,2,2.0,1,2,53.2,1.9,1,-3.53,-4.63,1.1,1.5,2.2,1.0,0.0,0,4.0,1.0,25,10.0,4.0,40,0.0,3.0,5.0,3.0,0.0,1.0,7.0,0.0,7.0
Leicester Warriors Senior Men,R. Lacitis,7,R. Lacitis,2,24.2,48.3,14.0,7.0,4.0,18.0,22.2,1.0,6.0,16.7,5.0,10.0,50,2.0,10.0,12.0,2.0,1.0,0.0,1.0,7.0,20.5,20.2,0.8,0.1,0.7,54,68.0,34.0,3.8,2,2.0,4,0,25.0,5.0,1,-9.17,-8.75,-0.43,3.6,4.6,7.0,2.0,28.6,5.0,1.0,20,6.0,1.0,16.7,2.0,1.0,0.0,1.0,0.0,0.0,8.0,0.0,9.0
Greenwich Titans Senior Men,K. Jezewski,43,K. Jezewski,2,19.3,38.6,13.0,6.5,6.0,11.0,54.5,0.0,0.0,0,1.0,4.0,25,5.0,5.0,10.0,2.0,4.0,1.0,2.0,7.0,9.4,10.8,1.0,0.1,0.7,5,18.0,9.0,1.3,0,0,0,0,0,0.0,0,0.54,-4.09,4.62,3.5,3.7,9.0,6.0,66.7,2.0,0.0,0,0.0,0.0,0,1.0,0.0,1.0,1.0,0.0,0.0,2.0,8.0,2.0
CoLA Southwark Pride Senior Men,B. Nguru,12/8,B. Nguru,2,14.5,28.9,13.0,6.5,6.0,16.0,37.5,0.0,8.0,0,1.0,7.0,14.3,0.0,3.0,3.0,2.0,3.0,0.0,4.0,4.0,22.2,36.9,1.0,0.1,0.2,56,69.0,34.5,5.1,0,0,0,0,0,0.0,0,-7.53,-11.36,3.83,2.6,3.9,6.0,5.0,83.3,2.0,1.0,50,8.0,0.0,0,5.0,0.0,4.0,0.0,0.0,0.0,3.0,7.0,4.0
London Elite Senior Men I,R. Barker,1,R. Barker,2,15.8,31.5,11.0,5.5,4.0,16.0,25,1.0,6.0,16.7,2.0,3.0,66.7,3.0,3.0,6.0,4.0,2.0,1.0,3.0,5.0,16.6,24.1,1.3,0.5,0.7,10,21.0,10.5,2.4,0,0,0,0,0,0.0,0,-6.24,-7.2,0.96,3.1,3.6,8.0,2.0,25,2.0,1.0,50,6.0,1.0,16.7,2.0,0.0,2.0,1.0,0.0,0.0,4.0,4.0,2.0
Teesside Lions Senior Men,C. Smithe,22/45,C. Smithe,2,17.4,34.8,8.0,4.0,4.0,13.0,30.8,0.0,6.0,0,0.0,0.0,0,1.0,7.0,8.0,4.0,4.0,3.0,4.0,3.0,15.4,21.8,0.5,0.2,0.5,56,64.0,32.0,4.0,0,0,0,0,0,0.0,0,-0.71,-7.6,6.89,3.4,3.9,6.0,4.0,66.7,1.0,0.0,0,6.0,0.0,0,2.0,0.0,1.0,1.0,0.0,2.0,0.0,6.0,4.0
Myerscough Basketball Academy Senior Men I,M. Rangeley,12,M. Rangeley,2,16.4,32.8,8.0,4.0,2.0,6.0,33.3,1.0,1.0,100,3.0,5.0,60,2.0,3.0,5.0,2.0,2.0,0.0,3.0,3.0,8.8,13.6,0.5,0.1,0.3,85,93.0,46.5,5.6,0,0,0,0,0,0.0,0,-0.32,-5.15,4.83,2.7,4.0,5.0,1.0,20,0.0,0.0,0,1.0,1.0,100,0.0,0.0,1.0,0.0,0.0,2.0,1.0,3.0,5.0
London Lions Senior Men II,M. Kakou,24,M. Kakou,2,16.8,33.5,7.0,3.5,3.0,10.0,30,0.0,1.0,0,1.0,1.0,100,2.0,8.0,10.0,1.0,1.0,5.0,4.0,7.0,11.9,18.0,0.5,0.1,0.7,3,10.0,5.0,0.7,0,0,0,0,0,0.0,0,-5.39,-11.35,5.96,4.7,4.4,6.0,1.0,16.7,3.0,2.0,66.7,1.0,0.0,0,1.0,0.0,1.0,2.0,0.0,1.0,0.0,0.0,0.0
St Helens Saints Senior Men,O. Irvine,10/9,O. Irvine,2,4.9,9.7,6.0,3.0,2.0,4.0,50,2.0,4.0,50,0.0,0.0,0,0.0,0.0,0.0,0.0,0.0,0.0,0.0,1.0,3.8,18.9,0.4,0.0,0.0,79,85.0,42.5,5.3,0,0,0,0,0,0.0,0,7.18,5.62,1.56,2.9,3.7,0.0,0.0,0,0.0,0.0,0,4.0,2.0,50,0.0,0.0,0.0,0.0,0.0,0.0,3.0,0.0,0.0
London Elite Senior Men I,C. Thomas,6/8,C. Thomas,2,6.6,13.2,6.0,3.0,2.0,6.0,33.3,2.0,3.0,66.7,0.0,2.0,0,1.0,0.0,1.0,1.0,1.0,0.0,1.0,3.0,6.6,22.9,0.7,0.1,0.1,16,22.0,11.0,2.5,0,0,0,0,0,0.0,0,-3.1,-3.88,0.78,2.8,3.7,2.0,0.0,0,1.0,0.0,0,3.0,2.0,66.7,0.0,0.0,0.0,1.0,0.0,0.0,0.0,3.0,6.0
Cobham Cobras Senior Men,I. Inwugwu,3,I. Inwugwu,2,7.8,15.6,4.0,2.0,1.0,3.0,33.3,0.0,2.0,0,2.0,2.0,100,0.0,0.0,0.0,1.0,1.0,0.0,5.0,0.0,8.5,27.3,0.3,0.1,0.0,2,6.0,3.0,0.5,0,0,0,0,0,0.0,0,-12.73,-12.89,0.16,2.5,3.9,0.0,0.0,0,1.0,1.0,100,2.0,0.0,0,0.0,0.0,3.0,2.0,0.0,0.0,2.0,2.0,0.0
Greenwich Titans Senior Men,D. Ghebremedhin,9,D. Ghebremedhin,2,16.5,33.0,4.0,2.0,1.0,8.0,12.5,0.0,4.0,0,2.0,2.0,100,1.0,4.0,5.0,3.0,6.0,0.0,4.0,3.0,11.4,15.3,0.3,0.2,0.4,27,31.0,15.5,2.3,0,0,0,0,0,0.0,0,-4.1,-10.38,6.28,2.3,4.2,3.0,1.0,33.3,1.0,0.0,0,4.0,0.0,0,0.0,0.0,3.0,1.0,0.0,0.0,2.0,2.0,2.0
Teesside Lions Senior Men,B. Sproul,10/28,B. Sproul,2,13.9,27.9,3.0,1.5,1.0,5.0,20,1.0,3.0,33.3,0.0,0.0,0,2.0,8.0,10.0,2.0,1.0,0.0,4.0,2.0,6.7,11.9,0.2,0.1,0.6,5,8.0,4.0,0.5,0,0,0,0,0,0.0,0,-8.7,-9.68,0.97,3.6,4.3,1.0,0.0,0,1.0,0.0,0,3.0,1.0,33.3,0.0,0.0,3.0,1.0,0.0,0.0,3.0,0.0,0.0
Oxford Hoops Senior Men,C. Wong,2,C. Wong,2,11.6,23.2,2.0,1.0,1.0,1.0,100,0.0,0.0,0,0.0,2.0,0,1.0,2.0,3.0,2.0,0.0,0.0,1.0,6.0,1.8,3.9,0.1,0.1,0.2,4,6.0,3.0,0.4,0,0,0,0,0,0.0,0,-9.69,-9.79,0.09,3.0,3.9,1.0,1.0,100,0.0,0.0,0,0.0,0.0,0,0.0,0.0,1.0,0.0,0.0,0.0,0.0,2.0,2.0
Greenwich Titans Senior Men,S. Sebastian,6,S. Sebastian,2,3.7,7.4,2.0,1.0,1.0,2.0,50,0.0,0.0,0,0.0,0.0,0,0.0,0.0,0.0,0.0,0.0,0.0,1.0,1.0,2.9,17.4,0.1,0.0,0.0,21,23.0,11.5,1.7,0,0,0,0,0,0.0,0,-14.22,-12.14,-2.08,2.9,4.1,1.0,1.0,100,1.0,0.0,0,0.0,0.0,0,1.0,0.0,0.0,1.0,0.0,0.0,0.0,0.0,0.0
CoLA Southwark Pride Senior Men,R. Johnson,10/9,R. Johnson,2,1.2,2.4,2.0,1.0,0.0,1.0,0,0.0,0.0,0,2.0,2.0,100,0.0,0.0,0.0,0.0,0.0,0.0,0.0,0.0,1.8,36.2,0.1,0.0,0.0,27,29.0,14.5,2.2,0,0,0,0,0,0.0,0,4.32,2.85,1.47,3.0,3.9,1.0,0.0,0,0.0,0.0,0,0.0,0.0,0,0.0,0.0,0.0,0.0,0.0,0.0,0.0,0.0,0.0
London Lions Senior Men II,M. Messenger,10/14,M. Messenger,2,4.2,8.4,2.0,1.0,0.0,0.0,0,0.0,0.0,0,2.0,2.0,100,0.0,0.0,0.0,0.0,0.0,0.0,0.0,0.0,0.8,5.1,0.1,0.0,0.0,32,34.0,17.0,2.5,0,0,0,0,0,0.0,0,0.3,-1.46,1.76,2.9,3.9,0.0,0.0,0,0.0,0.0,0,0.0,0.0,0,0.0,0.0,0.0,0.0,0.0,0.0,0.0,2.0,0.0
Greenwich Titans Senior Men,T. Fowler,47,T. Fowler,2,0.6,1.1,0.0,0.0,0.0,0.0,0,0.0,0.0,0,0.0,0.0,0,0.0,0.0,0.0,0.0,0.0,0.0,1.0,1.0,1.0,37.1,0.0,0.0,0.0,0,0.0,0.0,0.0,0,0,0,0,0,0.0,0,-60.39,-53.24,-7.14,3.0,4.0,0.0,0.0,0,0.0,0.0,0,0.0,0.0,0,0.0,0.0,1.0,0.0,0.0,0.0,0.0,0.0,0.0
London Stars Senior Men,T. Johnson,83,T. Johnson,2,1.5,3.1,0.0,0.0,0.0,1.0,0,0.0,0.0,0,0.0,0.0,0,0.0,0.0,0.0,0.0,0.0,0.0,1.0,0.0,1.9,29.0,0.0,0.0,0.0,10,10.0,5.0,0.8,0,0,0,0,0,0.0,0,-31.31,-24.35,-6.96,2.9,4.1,0.0,0.0,0,1.0,0.0,0,0.0,0.0,0,0.0,0.0,0.0,1.0,0.0,0.0,0.0,0.0,0.0
London Stars Senior Men,T. Wulff,0/88,T. Wulff,2,0.8,1.6,0.0,0.0,0.0,0.0,0,0.0,0.0,0,0.0,0.0,0,0.0,0.0,0.0,0.0,0.0,0.0,0.0,0.0,0.0,0.0,0.0,0.0,0.0,0,0.0,0.0,0.0,0,0,0,0,0,0.0,0,-5.72,-6.72,1.0,3.0,4.1,0.0,0.0,0,0.0,0.0,0,0.0,0.0,0,0.0,0.0,0.0,0.0,0.0,0.0,0.0,0.0,0.0
CoLA Southwark Pride Senior Men,R. Nunn,7/8,R. Nunn,2,1.1,2.2,0.0,0.0,0.0,0.0,0,0.0,0.0,0,0.0,0.0,0,0.0,0.0,0.0,0.0,0.0,1.0,0.0,0.0,0.0,0.0,0.0,0.0,0.0,52,52.0,26.0,3.9,0,0,0,0,0,0.0,0,14.74,-0.08,14.82,3.6,4.1,0.0,0.0,0,0.0,0.0,0,0.0,0.0,0,0.0,0.0,0.0,0.0,0.0,0.0,0.0,0.0,0.0
Solent Kestrels Senior Men,R. Radu,11/4,R. Radu,2,4.2,8.4,0.0,0.0,0.0,1.0,0,0.0,1.0,0,0.0,0.0,0,1.0,1.0,2.0,1.0,0.0,0.0,1.0,0.0,1.0,5.7,0.0,0.1,0.2,161,161.0,80.5,13.2,0,0,0,0,0,0.0,0,-4.44,-7.76,3.32,3.0,4.1,0.0,0.0,0,0.0,0.0,0,1.0,0.0,0,0.0,0.0,0.0,1.0,0.0,0.0,0.0,0.0,0.0
Solent Kestrels Senior Men,M. Edwards,12,M. Edwards,2,1.9,3.7,0.0,0.0,0.0,0.0,0,0.0,0.0,0,0.0,0.0,0,0.0,0.0,0.0,0.0,0.0,1.0,1.0,0.0,1.0,12.7,0.0,0.0,0.0,8,8.0,4.0,0.7,0,0,0,0,0,0.0,0,-2.3,-11.74,9.44,3.3,4.1,0.0,0.0,0,0.0,0.0,0,0.0,0.0,0,0.0,0.0,0.0,1.0,0.0,0.0,0.0,0.0,0.0
St Helens Saints Senior Men,T. Ellwood,11,T. Ellwood,2,3.6,7.2,0.0,0.0,0.0,2.0,0,0.0,2.0,0,0.0,0.0,0,0.0,0.0,0.0,0.0,0.0,0.0,1.0,0.0,2.9,19.2,0.0,0.0,0.0,40,40.0,20.0,2.5,0,0,0,0,0,0.0,0,-21.54,-16.59,-4.95,2.9,4.3,0.0,0.0,0,0.0,0.0,0,2.0,0.0,0,0.0,0.0,0.0,1.0,0.0,0.0,0.0,0.0,0.0
Cobham Cobras Senior Men,T. Castillo,60,T. Castillo,2,0.3,0.6,0.0,0.0,0.0,0.0,0,0.0,0.0,0,0.0,0.0,0,0.0,0.0,0.0,0.0,0.0,0.0,0.0,0.0,0.0,0.0,0.0,0.0,0.0,0,0.0,0.0,0.0,0,0,0,0,0,0.0,0,-6.33,-6.92,0.59,3.0,4.0,0.0,0.0,0,0.0,0.0,0,0.0,0.0,0,0.0,0.0,0.0,0.0,0.0,0.0,0.0,0.0,0.0
London Lions Senior Men II,D. Nemunaitis,24/5,D. Nemunaitis,2,4.8,9.6,0.0,0.0,0.0,1.0,0,0.0,1.0,0,0.0,0.0,0,0.0,0.0,0.0,0.0,0.0,0.0,1.0,1.0,1.9,10.1,0.0,0.0,0.0,15,15.0,7.5,1.1,0,0,0,0,0,0.0,0,-16.56,-14.61,-1.95,2.9,4.3,0.0,0.0,0,0.0,0.0,0,1.0,0.0,0,0.0,0.0,0.0,0.0,0.0,1.0,0.0,0.0,0.0
Barnet Bulldogs Senior Men,L. Pelaez Diaz,13/21,L. Pelaez Diaz,2,2.1,4.2,0.0,0.0,0.0,1.0,0,0.0,1.0,0,0.0,0.0,0,0.0,0.0,0.0,0.0,0.0,0.0,0.0,0.0,1.0,11.1,0.0,0.0,0.0,25,25.0,12.5,1.9,0,0,0,0,0,0.0,0,-12.19,-10.96,-1.23,2.9,4.2,0.0,0.0,0,0.0,0.0,0,1.0,0.0,0,0.0,0.0,0.0,0.0,0.0,0.0,0.0,0.0,0.0
St Helens Saints Senior Men,N. Diboe Weaver,10/13,N. Diboe Weaver,2,3.1,6.2,0.0,0.0,0.0,1.0,0,0.0,0.0,0,0.0,0.0,0,1.0,0.0,1.0,0.0,0.0,0.0,0.0,0.0,0.0,0.0,0.0,0.0,0.1,52,52.0,26.0,3.2,0,0,0,0,0,0.0,0,-7.91,-5.31,-2.59,3.1,4.2,1.0,0.0,0,0.0,0.0,0,0.0,0.0,0,0.0,0.0,0.0,0.0,0.0,0.0,0.0,0.0,0.0
Teesside Lions Senior Men,M. Felletti-O'donnell,48,M. Felletti-O'donnell,1,34.8,34.8,25.0,25.0,8.0,17.0,47.1,5.0,9.0,55.6,4.0,5.0,80,0.0,4.0,4.0,3.0,0.0,0.0,2.0,2.0,20.4,28.9,1.5,0.2,0.2,10,35.0,35.0,2.2,0,0,0,0,0,0.0,0,7.05,5.8,1.25,2.8,2.0,3.0,2.0,66.7,5.0,1.0,20,9.0,5.0,55.6,1.0,0.0,1.0,1.0,0.0,0.0,0.0,8.0,4.0
Teesside Lions Senior Men,H. Omitowotjo,27,H. Omitowotjo,1,36.0,36.0,24.0,24.0,8.0,19.0,42.1,4.0,8.0,50,4.0,6.0,66.7,1.0,2.0,3.0,2.0,1.0,0.0,0.0,2.0,19.8,27.2,1.5,0.1,0.2,62,86.0,86.0,5.3,0,0,0,0,0,0.0,0,6.11,4.9,1.21,2.7,2.7,5.0,3.0,60,6.0,1.0,16.7,8.0,4.0,50,3.0,1.0,0.0,0.0,0.0,0.0,2.0,9.0,0.0
Greenwich Titans Senior Men,7. Temilola,13,7. Temilola,1,27.1,27.1,23.0,23.0,9.0,16.0,56.2,0.0,0.0,0,5.0,9.0,55.6,1.0,4.0,5.0,1.0,5.0,0.0,2.0,5.0,20.1,33.0,1.7,0.1,0.4,26,49.0,49.0,3.6,1,1.0,1,2,26.6,2.9,1,9.75,0.64,9.11,2.8,2.6,12.0,7.0,58.3,4.0,2.0,50,0.0,0.0,0,4.0,0.0,0.0,2.0,0.0,0.0,8.0,6.0,8.0
Greenwich Titans Senior Men,D. Vazgys,12,D. Vazgys,1,30.4,30.4,19.0,19.0,8.0,18.0,44.4,1.0,4.0,25,2.0,5.0,40,0.0,2.0,2.0,3.0,1.0,0.0,0.0,1.0,19.4,28.3,1.4,0.2,0.1,8,27.0,27.0,2.0,6,6.0,3,1,87.2,3.4,1,1.71,0.44,1.27,2.5,3.0,7.0,5.0,71.4,7.0,2.0,28.6,4.0,1.0,25,2.0,1.0,0.0,0.0,0.0,0.0,3.0,7.0,9.0
London Elite Senior Men I,N. Ebifemi,8,N. Ebifemi,1,40.0,40.0,15.0,15.0,6.0,11.0,54.5,0.0,2.0,0,3.0,3.0,100,1.0,8.0,9.0,3.0,0.0,0.0,5.0,5.0,15.7,17.9,1.7,0.3,1.0,16,31.0,31.0,3.5,0,0.0,1,0,0.0,1.0,1,-7.25,-7.64,0.39,3.4,3.1,1.0,1.0,100,8.0,5.0,62.5,2.0,0.0,0,0.0,0.0,1.0,3.0,0.0,1.0,0.0,4.0,0.0
Greenwich Titans Senior Men,B. Dave,1,B. Dave,1,21.2,21.2,14.0,14.0,4.0,13.0,30.8,3.0,9.0,33.3,3.0,4.0,75,0.0,3.0,3.0,3.0,2.0,0.0,1.0,0.0,15.1,31.7,1.0,0.2,0.2,58,72.0,72.0,5.3,3,3.0,2,0,75.0,2.0,1,7.93,3.83,4.1,2.5,2.9,3.0,1.0,33.3,1.0,0.0,0,9.0,3.0,33.3,1.0,1.0,0.0,0.0,0.0,1.0,1.0,5.0,6.0
Birmingham City University Senior Men,R. Faure,11,R. Faure,1,26.9,26.9,13.0,13.0,3.0,11.0,27.3,3.0,8.0,37.5,4.0,4.0,100,2.0,5.0,7.0,5.0,1.0,0.0,4.0,3.0,14.2,23.9,0.7,0.3,0.4,303,316.0,316.0,18.1,0,0,0,0,0,0.0,0,3.68,-1.19,4.87,2.9,3.0,1.0,0.0,0,2.0,0.0,0,8.0,3.0,37.5,0.0,0.0,3.0,1.0,0.0,0.0,3.0,4.0,5.0
Richmond Knights Senior Men,I. Stephans,22,I. Stephans,1,13.0,13.0,12.0,12.0,5.0,9.0,55.6,1.0,2.0,50,1.0,1.0,100,0.0,1.0,1.0,0.0,1.0,0.0,2.0,1.0,11.0,39.2,0.9,0.0,0.1,15,27.0,27.0,2.1,0,0,0,0,0,0.0,0,7.33,1.78,5.56,2.8,3.0,5.0,4.0,80,2.0,0.0,0,2.0,1.0,50,4.0,0.0,0.0,2.0,0.0,0.0,0.0,6.0,7.0
Teesside Lions Senior Men,M. Mafezzoli,14,M. Mafezzoli,1,20.5,20.5,12.0,12.0,4.0,6.0,66.7,1.0,2.0,50,3.0,7.0,42.9,2.0,3.0,5.0,1.0,3.0,0.0,3.0,3.0,9.7,23.3,0.7,0.1,0.3,23,35.0,35.0,2.2,0,0,0,0,0,0.0,0,6.37,-0.55,6.92,2.9,3.1,3.0,3.0,100,1.0,0.0,0,2.0,1.0,50,1.0,0.0,0.0,1.0,0.0,2.0,3.0,11.0,3.0
Richmond Knights Senior Men,G. Lazarre,1,G. Lazarre,1,31.9,31.9,12.0,12.0,4.0,12.0,33.3,2.0,7.0,28.6,2.0,5.0,40,0.0,0.0,0.0,4.0,1.0,0.0,6.0,4.0,19.4,28.3,0.9,0.3,0.0,30,42.0,42.0,3.3,0,0,0,0,0,0.0,0,-8.34,-8.95,0.61,2.2,3.3,0.0,0.0,0,5.0,2.0,40,7.0,2.0,28.6,0.0,0.0,6.0,0.0,0.0,0.0,3.0,1.0,1.0
Teesside Lions Senior Men,C. Smitte,22,C. Smitte,1,26.6,26.6,11.0,11.0,5.0,13.0,38.5,1.0,5.0,20,0.0,2.0,0,0.0,5.0,5.0,3.0,2.0,0.0,2.0,2.0,15.2,28.3,0.7,0.2,0.3,50,61.0,61.0,3.8,0,0,0,0,0,0.0,0,-2.28,-5.23,2.95,2.7,3.5,4.0,3.0,75,4.0,1.0,25,5.0,1.0,20,1.0,0.0,1.0,1.0,0.0,0.0,0.0,4.0,2.0
London Elite Senior Men I,N. Ebifeni,13,N. Ebifeni,1,30.8,30.8,11.0,11.0,5.0,18.0,27.8,0.0,3.0,0,1.0,2.0,50,1.0,9.0,10.0,0.0,2.0,1.0,1.0,2.0,18.1,26.9,1.3,0.0,1.1,0,11.0,11.0,1.3,0,0,0,0,0,0.0,0,-8.68,-8.79,0.11,4.0,4.7,1.0,1.0,100,14.0,4.0,28.6,3.0,0.0,0,1.0,0.0,1.0,0.0,0.0,0.0,2.0,3.0,1.0
Greenwich Titans Senior Men,D. Gmebarenedhin,9,D. Gmebarenedhin,1,18.6,18.6,11.0,11.0,4.0,6.0,66.7,3.0,4.0,75,0.0,1.0,0,1.0,6.0,7.0,0.0,1.0,0.0,2.0,1.0,7.1,17.1,0.8,0.0,0.5,27,38.0,38.0,2.8,5,5.0,3,1,72.7,3.4,1,6.69,3.03,3.66,3.6,3.2,0.0,0.0,0,2.0,1.0,50,4.0,3.0,75,0.0,3.0,1.0,1.0,0.0,0.0,0.0,3.0,3.0
Leicester Warriors Senior Men,D. Tosia,5,D. Tosia,1,21.4,21.4,9.0,9.0,4.0,14.0,28.6,1.0,7.0,14.3,0.0,1.0,0,1.0,3.0,4.0,1.0,1.0,0.0,1.0,1.0,13.9,30.8,0.5,0.1,0.2,106,115.0,115.0,6.4,0,0,0,0,0,0.0,0,-8.69,-7.11,-1.58,3.0,4.3,4.0,2.0,50,3.0,1.0,33.3,7.0,1.0,14.3,0.0,0.0,0.0,1.0,0.0,0.0,0.0,6.0,2.0
CoLA Southwark Pride Senior Men,T. Fairbairn,10,T. Fairbairn,1,26.7,26.7,8.0,8.0,3.0,7.0,42.9,0.0,1.0,0,2.0,4.0,50,4.0,2.0,6.0,2.0,3.0,1.0,5.0,4.0,9.4,16.9,0.6,0.1,0.4,11,19.0,19.0,1.4,0,0,0,0,0,0.0,0,-1.06,-7.27,6.21,3.3,3.7,5.0,3.0,60,1.0,0.0,0,1.0,0.0,0,1.0,0.0,0.0,3.0,0.0,2.0,2.0,2.0,4.0
London Lions Senior Men II,L. Ogdan,7,L. Ogdan,1,28.4,28.4,8.0,8.0,4.0,6.0,66.7,0.0,0.0,0,0.0,0.0,0,1.0,3.0,4.0,3.0,0.0,0.0,2.0,2.0,6.7,12.0,0.6,0.2,0.3,42,50.0,50.0,3.7,0,0,0,0,0,0.0,0,-1.08,-3.19,2.11,2.7,3.1,5.0,3.0,60,1.0,1.0,100,0.0,0.0,0,3.0,0.0,1.0,1.0,0.0,0.0,2.0,2.0,0.0
Manchester Magic Senior Men I,L. Lara-Sanchez,11,L. Lara-Sanchez,1,18.5,18.5,8.0,8.0,3.0,6.0,50,2.0,4.0,50,0.0,0.0,0,1.0,0.0,1.0,2.0,1.0,1.0,1.0,0.0,5.8,15.7,0.5,0.1,0.1,62,70.0,70.0,4.2,0,0,0,0,0,0.0,0,13.53,6.03,7.5,3.0,3.4,1.0,1.0,100,1.0,0.0,0,4.0,2.0,50,0.0,0.0,0.0,1.0,0.0,0.0,3.0,0.0,2.0
Greenwich Titans Senior Men,T. Barns,6,T. Barns,1,13.1,13.1,8.0,8.0,2.0,7.0,28.6,2.0,3.0,66.7,2.0,2.0,100,0.0,1.0,1.0,0.0,1.0,0.0,0.0,0.0,7.6,25.8,0.6,0.0,0.1,21,29.0,29.0,2.1,0,0,0,0,0,0.0,0,4.6,2.53,2.07,2.8,3.7,2.0,0.0,0,2.0,0.0,0,3.0,2.0,66.7,0.0,0.0,0.0,0.0,0.0,0.0,3.0,5.0,2.0
London Lions Senior Men II,L. Williams,5,L. Williams,1,13.0,13.0,7.0,7.0,3.0,5.0,60,1.0,1.0,100,0.0,0.0,0,0.0,2.0,2.0,0.0,2.0,0.0,4.0,2.0,8.6,33.6,0.5,0.0,0.1,12,19.0,19.0,1.4,0,0,0,0,0,0.0,0,-1.74,-8.65,6.92,2.8,3.5,4.0,2.0,50,0.0,0.0,0,1.0,1.0,100,2.0,0.0,1.0,2.0,0.0,1.0,0.0,0.0,0.0
Birmingham City University Senior Men,J. Granam,8,J. Granam,1,9.4,9.4,7.0,7.0,2.0,2.0,100,1.0,1.0,100,2.0,2.0,100,0.0,0.0,0.0,0.0,0.0,0.0,0.0,1.0,2.8,13.3,0.4,0.0,0.0,66,73.0,73.0,4.2,0,0,0,0,0,0.0,0,14.14,7.77,6.38,2.9,3.3,1.0,1.0,100,0.0,0.0,0,1.0,1.0,100,0.0,1.0,0.0,0.0,0.0,0.0,0.0,5.0,0.0
Leicester Warriors Senior Men,T. Mears,13,T. Mears,1,24.5,24.5,7.0,7.0,3.0,3.0,100,0.0,0.0,0,1.0,1.0,100,1.0,0.0,1.0,0.0,0.0,5.0,3.0,5.0,5.2,10.1,0.4,0.0,0.1,5,12.0,12.0,0.7,0,0,0,0,0,0.0,0,-2.77,-9.07,6.3,4.8,3.8,3.0,3.0,100,0.0,0.0,0,0.0,0.0,0,2.0,0.0,1.0,2.0,0.0,0.0,4.0,0.0,0.0
London Elite Senior Men I,E. Thomas,6,E. Thomas,1,22.7,22.7,6.0,6.0,2.0,6.0,33.3,2.0,4.0,50,0.0,0.0,0,1.0,3.0,4.0,0.0,0.0,1.0,4.0,3.0,8.6,17.4,0.7,0.0,0.5,0,6.0,6.0,0.7,0,0,0,0,0,0.0,0,-11.6,-10.38,-1.22,3.6,4.2,2.0,0.0,0,0.0,0.0,0,4.0,2.0,50,0.0,0.0,1.0,2.0,0.0,1.0,3.0,0.0,3.0
Greenwich Titans Senior Men,K. Jezewskiok,43,K. Jezewskiok,1,24.6,24.6,6.0,6.0,2.0,4.0,50,0.0,0.0,0,2.0,2.0,100,2.0,1.0,3.0,0.0,1.0,0.0,0.0,2.0,2.8,5.0,0.4,0.0,0.2,5,11.0,11.0,0.8,0,0.0,1,0,0.0,1.0,1,-2.49,-3.86,1.37,3.0,4.1,2.0,1.0,50,2.0,1.0,50,0.0,0.0,0,0.0,0.0,0.0,0.0,0.0,0.0,2.0,2.0,2.0
Richmond Knights Senior Men,T. Barmus,10,T. Barmus,1,21.1,21.1,5.0,5.0,2.0,8.0,25,1.0,3.0,33.3,0.0,0.0,0,0.0,2.0,2.0,1.0,1.0,0.0,3.0,4.0,10.6,23.2,0.4,0.1,0.2,62,67.0,67.0,5.2,0,0,0,0,0,0.0,0,-11.82,-13.77,1.94,2.9,4.3,3.0,0.0,0,2.0,1.0,50,3.0,1.0,33.3,0.0,0.0,2.0,1.0,0.0,0.0,0.0,0.0,0.0
Barnet Bulldogs Senior Men,A. A,9,A. A,1,9.6,9.6,5.0,5.0,2.0,2.0,100,1.0,1.0,100,0.0,0.0,0,2.0,2.0,4.0,1.0,0.0,0.0,1.0,1.0,1.0,4.8,0.4,0.1,0.3,16,21.0,21.0,1.6,0,0,0,0,0,0.0,0,14.75,8.73,6.01,3.4,3.3,1.0,1.0,100,0.0,0.0,0,1.0,1.0,100,1.0,0.0,0.0,1.0,0.0,0.0,3.0,2.0,0.0
Myerscough Basketball Academy Senior Men I,J. Sanchez,6,J. Sanchez,1,22.6,22.6,5.0,5.0,1.0,13.0,7.7,1.0,5.0,20,2.0,2.0,100,1.0,2.0,3.0,3.0,1.0,0.0,1.0,1.0,13.3,29.8,0.3,0.2,0.2,44,49.0,49.0,3.0,0,0.0,2,0,0.0,2.0,1,-9.16,-9.23,0.08,2.6,4.0,7.0,0.0,0,1.0,0.0,0,5.0,1.0,20,0.0,1.0,0.0,1.0,0.0,0.0,0.0,0.0,0.0
London Lions Senior Men II,I. Chucks,0,I. Chucks,1,15.0,15.0,4.0,4.0,2.0,7.0,28.6,0.0,1.0,0,0.0,0.0,0,0.0,3.0,3.0,2.0,0.0,0.0,0.0,0.0,6.7,22.7,0.3,0.1,0.2,21,25.0,25.0,1.9,0,0,0,0,0,0.0,0,-3.44,-4.42,0.98,2.8,3.8,6.0,2.0,33.3,0.0,0.0,0,1.0,0.0,0,2.0,0.0,0.0,0.0,0.0,0.0,0.0,2.0,0.0
Richmond Knights Senior Men,I. Hypolite-Cealy,14,I. Hypolite-Cealy,1,29.3,29.3,4.0,4.0,2.0,13.0,15.4,0.0,3.0,0,0.0,0.0,0,2.0,4.0,6.0,3.0,1.0,0.0,3.0,3.0,13.4,21.3,0.3,0.2,0.5,58,62.0,62.0,4.8,0,0,0,0,0,0.0,0,-12.55,-12.99,0.44,2.9,4.1,8.0,2.0,25,2.0,0.0,0,3.0,0.0,0,0.0,0.0,0.0,2.0,0.0,1.0,0.0,2.0,0.0
Myerscough Basketball Academy Senior Men I,S. Laditan-Adebigi,10/15,S. Laditan-Adebigi,1,26.1,26.1,4.0,4.0,2.0,3.0,66.7,0.0,0.0,0,0.0,2.0,0,2.0,2.0,4.0,3.0,1.0,0.0,0.0,1.0,1.8,3.5,0.2,0.2,0.2,82,86.0,86.0,5.2,0,0.0,1,0,0.0,1.0,1,4.86,-0.73,5.58,2.7,3.9,2.0,1.0,50,1.0,1.0,100,0.0,0.0,0,1.0,0.0,0.0,0.0,0.0,0.0,2.0,0.0,0.0
Greenwich Titans Senior Men,U. Unekwe,14,U. Unekwe,1,21.4,21.4,4.0,4.0,2.0,4.0,50,0.0,1.0,0,0.0,0.0,0,1.0,2.0,3.0,1.0,0.0,0.0,2.0,2.0,4.8,10.0,0.3,0.1,0.2,13,17.0,17.0,1.3,0,0,0,0,0,0.0,0,-9.35,-8.76,-0.59,3.1,4.1,2.0,2.0,100,1.0,0.0,0,1.0,0.0,0,1.0,0.0,1.0,1.0,0.0,0.0,2.0,2.0,2.0
CoLA Southwark Pride Senior Men,B. Owoloshile,10,B. Owoloshile,1,15.4,15.4,4.0,4.0,2.0,6.0,33.3,0.0,0.0,0,0.0,0.0,0,2.0,2.0,4.0,0.0,0.0,0.0,0.0,1.0,3.8,12.0,0.3,0.0,0.3,11,15.0,15.0,1.1,0,0,0,0,0,0.0,0,-5.19,-4.97,-0.22,3.4,4.4,5.0,2.0,40,1.0,0.0,0,0.0,0.0,0,2.0,0.0,0.0,0.0,0.0,0.0,4.0,0.0,2.0
Sheffield Sharks Senior Men,J. Days,7,J. Days,1,2.5,2.5,3.0,3.0,1.0,2.0,50,1.0,2.0,50,0.0,0.0,0,0.0,0.0,0.0,0.0,0.0,0.0,0.0,0.0,1.9,37.5,0.2,0.0,0.0,49,52.0,52.0,3.2,0,0,0,0,0,0.0,0,25.87,23.53,2.34,3.0,3.6,0.0,0.0,0,0.0,0.0,0,2.0,1.0,50,0.0,0.0,0.0,0.0,0.0,0.0,0.0,0.0,0.0
Oxford Hoops Senior Men,B. Issac,9,B. Issac,1,8.2,8.2,3.0,3.0,1.0,1.0,100,1.0,1.0,100,0.0,0.0,0,0.0,0.0,0.0,0.0,1.0,0.0,2.0,0.0,2.9,17.7,0.2,0.0,0.0,52,55.0,55.0,3.3,0,0,0,0,0,0.0,0,0.67,-2.38,3.05,2.6,3.7,0.0,0.0,0,0.0,0.0,0,1.0,1.0,100,0.0,1.0,0.0,2.0,0.0,0.0,0.0,0.0,3.0
Greenwich Titans Senior Men,J. Parma,1,J. Parma,1,17.9,17.9,3.0,3.0,1.0,4.0,25,1.0,4.0,25,0.0,0.0,0,0.0,3.0,3.0,3.0,1.0,0.0,3.0,3.0,6.7,16.7,0.2,0.2,0.2,58,61.0,61.0,4.5,0,0,0,0,0,0.0,0,-8.23,-10.67,2.45,2.7,3.6,0.0,0.0,0,0.0,0.0,0,4.0,1.0,25,0.0,0.0,1.0,2.0,0.0,0.0,0.0,0.0,3.0
Richmond Knights Senior Men,J. Murray White,3,J. Murray White,1,29.7,29.7,3.0,3.0,1.0,7.0,14.3,0.0,3.0,0,1.0,1.0,100,0.0,2.0,2.0,1.0,1.0,0.0,4.0,3.0,11.0,17.2,0.2,0.1,0.2,36,39.0,39.0,3.0,0,0,0,0,0,0.0,0,-13.64,-14.62,0.97,2.7,4.5,0.0,0.0,0,4.0,1.0,25,3.0,0.0,0,0.0,0.0,3.0,0.0,0.0,1.0,0.0,2.0,0.0
St Helens Saints Senior Men,R. Hageith,7,R. Hageith,1,17.3,17.3,3.0,3.0,1.0,6.0,16.7,1.0,5.0,20,0.0,0.0,0,1.0,0.0,1.0,1.0,1.0,0.0,1.0,2.0,5.8,15.9,0.2,0.1,0.1,61,64.0,64.0,4.0,0,0,0,0,0,0.0,0,-7.42,-7.95,0.52,2.7,4.3,0.0,0.0,0,1.0,0.0,0,5.0,1.0,20,0.0,0.0,0.0,1.0,0.0,0.0,3.0,0.0,0.0
London Lions Senior Men II,A. Duonn,2,A. Duonn,1,20.3,20.3,3.0,3.0,1.0,4.0,25,1.0,4.0,25,0.0,0.0,0,1.0,0.0,1.0,3.0,1.0,0.0,1.0,4.0,3.8,9.6,0.2,0.2,0.1,64,67.0,67.0,5.0,0,0,0,0,0,0.0,0,-2.46,-5.62,3.16,2.3,3.5,0.0,0.0,0,0.0,0.0,0,4.0,1.0,25,0.0,0.0,0.0,0.0,0.0,1.0,0.0,0.0,3.0
Sheffield Arrows Senior Men,C. Camara,12,C. Camara,1,3.9,3.9,2.0,2.0,1.0,1.0,100,0.0,0.0,0,0.0,0.0,0,1.0,2.0,3.0,1.0,0.0,0.0,0.0,1.0,0.0,0.0,0.1,0.1,0.2,24,26.0,26.0,1.5,0,0,0,0,0,0.0,0,19.79,10.33,9.46,3.3,3.6,0.0,0.0,0,1.0,1.0,100,0.0,0.0,0,0.0,0.0,0.0,0.0,0.0,0.0,2.0,0.0,0.0
London Lions Senior Men II,I. Chuks,0,I. Chuks,1,7.5,7.5,2.0,2.0,1.0,5.0,20,0.0,1.0,0,0.0,0.0,0,1.0,0.0,1.0,0.0,0.0,0.0,1.0,0.0,4.8,32.2,0.1,0.0,0.1,21,23.0,23.0,1.7,0,0,0,0,0,0.0,0,-20.54,-12.92,-7.62,3.0,4.3,2.0,1.0,50,2.0,0.0,0,1.0,0.0,0,0.0,0.0,0.0,1.0,0.0,0.0,0.0,0.0,0.0
London Lions Senior Men II,U. Busair,3,U. Busair,1,11.6,11.6,2.0,2.0,1.0,2.0,50,0.0,0.0,0,0.0,2.0,0,0.0,0.0,0.0,0.0,1.0,0.0,0.0,1.0,2.8,12.1,0.1,0.0,0.0,18,20.0,20.0,1.5,0,0,0,0,0,0.0,0,-3.27,-7.06,3.79,2.7,4.3,2.0,1.0,50,0.0,0.0,0,0.0,0.0,0,0.0,0.0,0.0,0.0,0.0,0.0,0.0,2.0,2.0
CoLA Southwark Pride Senior Men,A. Morenti,12,A. Morenti,1,5.5,5.5,2.0,2.0,1.0,1.0,100,0.0,0.0,0,0.0,0.0,0,0.0,1.0,1.0,0.0,0.0,0.0,1.0,0.0,1.9,16.7,0.1,0.0,0.1,32,34.0,34.0,2.5,0,0,0,0,0,0.0,0,-3.93,-6.56,2.62,3.1,3.9,1.0,1.0,100,0.0,0.0,0,0.0,0.0,0,1.0,0.0,1.0,0.0,0.0,0.0,0.0,0.0,0.0
Greenwich Titans Senior Men,G. Vasiliausuas,7,G. Vasiliausuas,1,11.5,11.5,2.0,2.0,1.0,4.0,25,0.0,1.0,0,0.0,0.0,0,0.0,0.0,0.0,3.0,0.0,0.0,2.0,1.0,5.8,22.2,0.1,0.2,0.0,18,20.0,20.0,1.5,0,0,0,0,0,0.0,0,-12.76,-10.65,-2.11,2.4,3.5,2.0,1.0,50,1.0,0.0,0,1.0,0.0,0,1.0,0.0,1.0,1.0,0.0,0.0,0.0,0.0,2.0
Manchester Magic Senior Men I,L. Morris,9,L. Morris,1,6.4,6.4,2.0,2.0,1.0,3.0,33.3,0.0,1.0,0,0.0,0.0,0,1.0,1.0,2.0,0.0,0.0,0.0,0.0,0.0,1.9,15.1,0.1,0.0,0.1,25,27.0,27.0,1.6,0,0,0,0,0,0.0,0,-3.68,-3.29,-0.39,3.2,4.2,1.0,0.0,0,1.0,1.0,100,1.0,0.0,0,0.0,0.0,0.0,0.0,0.0,0.0,0.0,0.0,0.0
CoLA Southwark Pride Senior Men,J. Grant,5,J. Grant,1,1.9,1.9,2.0,2.0,1.0,1.0,100,0.0,0.0,0,0.0,0.0,0,2.0,0.0,2.0,0.0,0.0,0.0,0.0,0.0,0.0,0.0,0.1,0.0,0.1,128,130.0,130.0,9.7,0,0,0,0,0,0.0,0,38.94,38.48,0.46,3.3,3.7,1.0,1.0,100,0.0,0.0,0,0.0,0.0,0,1.0,0.0,0.0,0.0,0.0,0.0,2.0,0.0,2.0
Greenwich Titans Senior Men,T. Barnes,6,T. Barnes,1,6.0,6.0,2.0,2.0,1.0,2.0,50,0.0,1.0,0,0.0,0.0,0,0.0,0.0,0.0,0.0,0.0,0.0,0.0,1.0,1.9,14.1,0.1,0.0,0.0,21,23.0,23.0,1.7,0,0,0,0,0,0.0,0,-8.33,-7.75,-0.58,2.9,4.0,1.0,1.0,100,0.0,0.0,0,1.0,0.0,0,0.0,0.0,0.0,0.0,0.0,0.0,2.0,2.0,2.0
CoLA Southwark Pride Senior Men,J. Fairbairn,7,J. Fairbairn,1,21.4,21.4,1.0,1.0,0.0,6.0,0,0.0,3.0,0,1.0,2.0,50,2.0,3.0,5.0,2.0,1.0,1.0,1.0,1.0,5.6,12.7,0.1,0.1,0.4,28,29.0,29.0,2.2,0,0,0,0,0,0.0,0,-5.84,-8.71,2.87,3.5,4.1,1.0,0.0,0,2.0,0.0,0,3.0,0.0,0,0.0,0.0,1.0,0.0,0.0,0.0,1.0,0.0,1.0
CoLA Southwark Pride Senior Men,L. Thomson,6,L. Thomson,1,8.7,8.7,1.0,1.0,0.0,0.0,0,0.0,0.0,0,1.0,2.0,50,0.0,3.0,3.0,0.0,0.0,0.0,0.0,0.0,0.8,4.7,0.1,0.0,0.2,46,47.0,47.0,3.5,0,0,0,0,0,0.0,0,-1.6,-5.44,3.85,3.3,4.2,0.0,0.0,0,0.0,0.0,0,0.0,0.0,0,0.0,0.0,0.0,0.0,0.0,0.0,1.0,0.0,0.0
Sheffield Arrows Senior Men,I. Askwith,14,I. Askwith,1,3.7,3.7,1.0,1.0,0.0,0.0,0,0.0,0.0,0,1.0,2.0,50,0.0,2.0,2.0,0.0,0.0,0.0,0.0,1.0,0.8,10.8,0.1,0.0,0.1,14,15.0,15.0,0.8,0,0,0,0,0,0.0,0,-3.79,-8.24,4.45,3.3,4.0,0.0,0.0,0,0.0,0.0,0,0.0,0.0,0,0.0,0.0,0.0,0.0,0.0,0.0,0.0,1.0,1.0
CoLA Southwark Pride Senior Men,R. Cryer,10,R. Cryer,1,11.1,11.1,1.0,1.0,0.0,2.0,0,0.0,1.0,0,1.0,2.0,50,0.0,1.0,1.0,0.0,0.0,0.0,1.0,0.0,3.7,16.1,0.1,0.0,0.1,11,12.0,12.0,0.9,0,0,0,0,0,0.0,0,-13.79,-12.6,-1.2,3.0,4.4,0.0,0.0,0,1.0,0.0,0,1.0,0.0,0,0.0,0.0,1.0,0.0,0.0,0.0,1.0,0.0,0.0
Greenwich Titans Senior Men,B. Deogun,8,B. Deogun,1,6.8,6.8,0.0,0.0,0.0,0.0,0,0.0,0.0,0,0.0,0.0,0,1.0,1.0,2.0,0.0,0.0,1.0,2.0,2.0,1.0,6.3,0.0,0.0,0.1,23,23.0,23.0,1.7,0,0,0,0,0,0.0,0,-16.83,-18.43,1.6,3.7,4.2,0.0,0.0,0,0.0,0.0,0,0.0,0.0,0,0.0,0.0,0.0,1.0,0.0,1.0,0.0,0.0,0.0
London Lions Senior Men II,T. Barnes,5,T. Barnes,1,4.9,4.9,0.0,0.0,0.0,2.0,0,0.0,0.0,0,0.0,0.0,0,0.0,0.0,0.0,0.0,0.0,0.0,0.0,0.0,1.9,19.9,0.0,0.0,0.0,12,12.0,12.0,0.9,0,0,0,0,0,0.0,0,-19.85,-14.56,-5.28,2.9,4.2,0.0,0.0,0,2.0,0.0,0,0.0,0.0,0,0.0,0.0,0.0,0.0,0.0,0.0,0.0,0.0,0.0
Cardiff Met Archers Senior Men I,D. Kookoogravas,22,D. Kookoogravas,1,10.8,10.8,0.0,0.0,0.0,2.0,0,0.0,1.0,0,0.0,0.0,0,0.0,1.0,1.0,1.0,0.0,0.0,2.0,3.0,3.8,17.4,0.0,0.1,0.1,27,27.0,27.0,1.7,0,0,0,0,0,0.0,0,-23.72,-21.67,-2.05,3.0,4.1,0.0,0.0,0,1.0,0.0,0,1.0,0.0,0,0.0,0.0,1.0,1.0,0.0,0.0,0.0,0.0,0.0
Teesside Lions Senior Men,A. Maszer,20,A. Maszer,1,0.5,0.5,0.0,0.0,0.0,0.0,0,0.0,0.0,0,0.0,0.0,0,0.0,0.0,0.0,0.0,0.0,0.0,0.0,0.0,0.0,0.0,0.0,0.0,0.0,2,2.0,2.0,0.1,0,0,0,0,0,0.0,0,-8.9,-7.67,-1.24,3.0,4.0,0.0,0.0,0,0.0,0.0,0,0.0,0.0,0,0.0,0.0,0.0,0.0,0.0,0.0,0.0,0.0,0.0
CoLA Southwark Pride Senior Men,R. Cyer,4,R. Cyer,1,0.5,0.5,0.0,0.0,0.0,0.0,0,0.0,0.0,0,0.0,0.0,0,0.0,0.0,0.0,0.0,0.0,0.0,0.0,0.0,0.0,0.0,0.0,0.0,0.0,25,25.0,25.0,1.9,0,0,0,0,0,0.0,0,-6.1,-7.33,1.22,3.0,4.0,0.0,0.0,0,0.0,0.0,0,0.0,0.0,0,0.0,0.0,0.0,0.0,0.0,0.0,0.0,0.0,0.0
CoLA Southwark Pride Senior Men,J. Mcpherson,12,J. Mcpherson,1,0.3,0.3,0.0,0.0,0.0,0.0,0,0.0,0.0,0,0.0,0.0,0,0.0,0.0,0.0,0.0,0.0,0.0,0.0,0.0,0.0,0.0,0.0,0.0,0.0,32,32.0,32.0,2.4,0,0,0,0,0,0.0,0,-6.11,-7.33,1.22,3.0,4.0,0.0,0.0,0,0.0,0.0,0,0.0,0.0,0,0.0,0.0,0.0,0.0,0.0,0.0,0.0,0.0,0.0
London Elite Senior Men I,N. Binun,18,N. Binun,1,6.0,6.0,0.0,0.0,0.0,0.0,0,0.0,0.0,0,0.0,0.0,0,0.0,0.0,0.0,2.0,0.0,0.0,2.0,0.0,1.9,14.5,0.0,0.2,0.0,6,6.0,6.0,0.7,0,0,0,0,0,0.0,0,-13.53,-11.75,-1.79,2.5,3.5,0.0,0.0,0,0.0,0.0,0,0.0,0.0,0,0.0,0.0,2.0,0.0,0.0,0.0,0.0,0.0,0.0
CoLA Southwark Pride Senior Men,B. Manfo-Marc,11,B. Manfo-Marc,1,4.7,4.7,0.0,0.0,0.0,2.0,0,0.0,2.0,0,0.0,0.0,0,2.0,1.0,3.0,1.0,0.0,0.0,2.0,0.0,1.9,19.7,0.0,0.1,0.2,89,89.0,89.0,6.6,0,0,0,0,0,0.0,0,-21.57,-15.28,-6.29,3.3,3.8,0.0,0.0,0,0.0,0.0,0,2.0,0.0,0,0.0,0.0,0.0,2.0,0.0,0.0,0.0,0.0,0.0
Oxford Hoops Senior Men,D. Okereke,1,D. Okereke,1,3.3,3.3,0.0,0.0,0.0,1.0,0,0.0,0.0,0,0.0,0.0,0,0.0,0.0,0.0,1.0,0.0,0.0,0.0,1.0,1.0,14.5,0.0,0.1,0.0,4,4.0,4.0,0.2,0,0,0,0,0,0.0,0,-12.33,-11.84,-0.49,2.8,3.8,1.0,0.0,0,0.0,0.0,0,0.0,0.0,0,0.0,0.0,0.0,0.0,0.0,0.0,0.0,0.0,0.0
London Stars Senior Men,H. Kmitas,0,H. Kmitas,1,4.7,4.7,0.0,0.0,0.0,0.0,0,0.0,0.0,0,0.0,0.0,0,0.0,0.0,0.0,0.0,0.0,0.0,0.0,0.0,0.0,0.0,0.0,0.0,0.0,0,0.0,0.0,0.0,0,0,0,0,0,0.0,0,-5.57,-6.64,1.07,2.9,4.2,0.0,0.0,0,0.0,0.0,0,0.0,0.0,0,0.0,0.0,0.0,0.0,0.0,0.0,0.0,0.0,0.0
CoLA Southwark Pride Senior Men,D. Ekwukoma,8,D. Ekwukoma,1,8.6,8.6,0.0,0.0,0.0,3.0,0,0.0,3.0,0,0.0,0.0,0,0.0,0.0,0.0,0.0,0.0,0.0,2.0,0.0,4.8,26.8,0.0,0.0,0.0,24,24.0,24.0,1.8,0,0.0,1,0,0.0,1.0,1,-27.79,-21.88,-5.91,2.9,4.3,0.0,0.0,0,0.0,0.0,0,3.0,0.0,0,0.0,0.0,1.0,0.0,0.0,1.0,0.0,0.0,0.0
Cobham Cobras Senior Men,T. Castilo,21,T. Castilo,1,3.0,3.0,0.0,0.0,0.0,0.0,0,0.0,0.0,0,0.0,0.0,0,0.0,0.0,0.0,0.0,0.0,0.0,1.0,0.0,1.0,16.0,0.0,0.0,0.0,24,24.0,24.0,2.0,0,0,0,0,0,0.0,0,-22.1,-18.84,-3.26,3.0,4.1,0.0,0.0,0,0.0,0.0,0,0.0,0.0,0,0.0,0.0,1.0,0.0,0.0,0.0,0.0,0.0,0.0
London Lions Senior Men II,J. Mensan,8,J. Mensan,1,19.8,19.8,0.0,0.0,0.0,1.0,0,0.0,0.0,0,0.0,0.0,0,0.0,2.0,2.0,2.0,2.0,0.0,3.0,5.0,3.8,9.8,0.0,0.1,0.1,39,39.0,39.0,2.9,0,0,0,0,0,0.0,0,-9.59,-15.25,5.67,2.5,3.9,0.0,0.0,0,1.0,0.0,0,0.0,0.0,0,0.0,0.0,0.0,1.0,0.0,2.0,0.0,0.0,0.0
London Lions Senior Men II,Z. Mwanki,3,Z. Mwanki,1,4.6,4.6,0.0,0.0,0.0,0.0,0,0.0,0.0,0,0.0,0.0,0,1.0,0.0,1.0,0.0,0.0,0.0,0.0,0.0,0.0,0.0,0.0,0.0,0.1,18,18.0,18.0,1.3,0,0,0,0,0,0.0,0,-2.02,-0.94,-1.08,3.1,4.2,0.0,0.0,0,0.0,0.0,0,0.0,0.0,0,0.0,0.0,0.0,0.0,0.0,0.0,0.0,0.0,0.0
Myerscough Basketball Academy Senior Men I,A. Cisse,4,A. Cisse,1,6.8,6.8,0.0,0.0,0.0,1.0,0,0.0,0.0,0,0.0,0.0,0,0.0,0.0,0.0,0.0,0.0,0.0,0.0,0.0,1.0,7.1,0.0,0.0,0.0,104,104.0,104.0,6.3,0,0,0,0,0,0.0,0,-9.58,-9.45,-0.13,2.9,4.2,1.0,0.0,0,0.0,0.0,0,0.0,0.0,0,0.0,0.0,0.0,0.0,0.0,0.0,0.0,0.0,0.0
CoLA Southwark Pride Senior Men,J. Azeeez,4,J. Azeeez,1,3.6,3.6,0.0,0.0,0.0,0.0,0,0.0,0.0,0,0.0,0.0,0,0.0,0.0,0.0,0.0,0.0,0.0,0.0,0.0,0.0,0.0,0.0,0.0,0.0,25,25.0,25.0,1.9,0,0,0,0,0,0.0,0,-5.94,-7.24,1.3,2.9,4.1,0.0,0.0,0,0.0,0.0,0,0.0,0.0,0,0.0,0.0,0.0,0.0,0.0,0.0,0.0,0.0,0.0
CoLA Southwark Pride Senior Men,J. Azeez,9,J. Azeez,1,14.2,14.2,0.0,0.0,0.0,4.0,0,0.0,1.0,0,0.0,0.0,0,0.0,0.0,0.0,0.0,1.0,0.0,4.0,1.0,7.7,26.0,0.0,0.0,0.0,16,16.0,16.0,1.2,0,0,0,0,0,0.0,0,-25.04,-22.92,-2.12,2.7,4.4,2.0,0.0,0,1.0,0.0,0,1.0,0.0,0,0.0,0.0,1.0,2.0,0.0,1.0,0.0,0.0,0.0
Cardiff Met Archers Senior Men I,R. Edirimuni,6,R. Edirimuni,1,7.2,7.2,0.0,0.0,0.0,4.0,0,0.0,4.0,0,0.0,0.0,0,0.0,0.0,0.0,0.0,1.0,0.0,1.0,0.0,4.8,32.6,0.0,0.0,0.0,63,63.0,63.0,3.9,0,0,0,0,0,0.0,0,-24.48,-21.54,-2.94,2.7,4.3,0.0,0.0,0,0.0,0.0,0,4.0,0.0,0,0.0,0.0,0.0,1.0,0.0,0.0,0.0,0.0,0.0
London Lions Senior Men II,K. Perez Pineda,10,K. Perez Pineda,1,14.4,14.4,0.0,0.0,0.0,0.0,0,0.0,0.0,0,0.0,0.0,0,1.0,4.0,5.0,0.0,1.0,0.0,0.0,1.0,0.0,0.0,0.0,0.0,0.4,2,2.0,2.0,0.1,0,0,0,0,0,0.0,0,0.35,-5.08,5.43,3.3,4.4,0.0,0.0,0,0.0,0.0,0,0.0,0.0,0,0.0,0.0,0.0,0.0,0.0,0.0,0.0,0.0,0.0
