Player,Team,Numbers,Name_Variations,Teammates,Games,Minutes,PTS,FGM,FGA,FG%,3PM,3PA,3P%,FTM,FTA,FT%,OREB,DREB,REB,AST,STL,BLK,TOV,PF,POSS,PTS_AST,TPC,TPC/G,TPC/100,OFF_RTG,DEF_RTG,NET_RTG,eFG%,TS%,AST%,TOV%,RIM_ATT,RIM_MADE,RIM%,OTD_2PT_ATT,OTD_2PT_MADE,OTD_2PT%,OTD_3PT_ATT,OTD_3PT_MADE,OTD_3PT%,UNAST_RIM_MADE,UNAST_3PT_MADE,PASS_TO,DRIBBLE_TO,DEFENSE_TO,MISC_TO,2ND_CHANCE_PTS,FAST_BREAK_PTS,PTS_OFF_TOV
ALPHA DIALLO,AS Monaco,11,ALPHA DIALLO,"DANIEL THEIS, ELIE OKOBO, JARON BLOSSOMGAME, MIKE JAMES, NEMANJA NEDOVIC",1,6.4,2,1,3,33.3,0,2,0.0,0,0,0,0,0,0,0,0,0,1,0,4,0,2,2.0,18.3,146.3,150.7,-4.4,33.3,33.3,0.0,25.0,0,0,0,1,1,100,2,0,0,0,0,0,0,0,1,0,0,0
ALPHA DIALLO,AS Monaco,11,ALPHA DIALLO,"DANIEL THEIS, ELIE OKOBO, JARON BLOSSOMGAME, MATTHEW STRAZEL, MIKE JAMES",1,4.0,0,0,3,0.0,0,1,0.0,0,0,0,0,1,1,0,0,0,0,1,3,0,0,0.0,0.0,101.5,133.1,-31.6,0.0,0.0,0,0.0,0,0,0,2,0,0,1,0,0,0,0,0,0,0,0,0,0,0
ALPHA DIALLO,AS Monaco,11,ALPHA DIALLO,"ELIE OKOBO, JARON BLOSSOMGAME, JUHANN BEGARIN, KEVARRIUS HAYES, MIKE JAMES",1,2.7,2,1,1,100.0,0,0,0,0,0,0,1,0,1,0,0,0,1,1,1,0,2,2.0,37.1,111.2,82.0,29.2,100.0,100.0,0.0,50.0,0,0,0,1,1,100,0,0,0,0,0,0,0,0,1,2,0,0
ALPHA DIALLO,AS Monaco,11,ALPHA DIALLO,"ELIE OKOBO, JARON BLOSSOMGAME, KEVARRIUS HAYES, MATTHEW STRAZEL, MIKE JAMES",1,2.6,0,0,0,0,0,0,0,0,0,0,0,1,1,0,0,0,0,0,0,0,0,0.0,0.0,50.0,140.0,-90.0,0,0,0,0,0,0,0,0,0,0,0,0,0,0,0,0,0,0,0,0,0,0
ALPHA DIALLO,AS Monaco,11,ALPHA DIALLO,"DANIEL THEIS, ELIE OKOBO, JARON BLOSSOMGAME, JUHANN BEGARIN, MIKE JAMES",1,1.1,0,0,0,0,0,0,0,0,0,0,0,0,0,0,1,0,0,0,0,0,0,0.0,0.0,0.0,100.0,-100.0,0,0,0,0,0,0,0,0,0,0,0,0,0,0,0,0,0,0,0,0,0,0
ALPHA DIALLO,AS Monaco,11,ALPHA DIALLO,"ELIE OKOBO, JUHANN BEGARIN, KEVARRIUS HAYES, MATTHEW STRAZEL, MIKE JAMES, NEMANJA NEDOVIC",1,1.0,0,0,0,0,0,0,0,0,0,0,0,0,0,0,0,0,0,0,0,0,0,0.0,0.0,0.0,0,0.0,0,0,0,0,0,0,0,0,0,0,0,0,0,0,0,0,0,0,0,0,0,0
DANIEL THEIS,AS Monaco,10,DANIEL THEIS,"ALPHA DIALLO, ELIE OKOBO, JARON BLOSSOMGAME, MIKE JAMES, NEMANJA NEDOVIC",1,6.4,7,2,3,66.7,1,2,50.0,2,2,100.0,2,0,2,1,0,0,0,2,2,2,9,9.0,82.3,146.3,150.7,-4.4,83.3,90.2,50.0,0.0,0,0,0,1,1,100,2,1,50,0,0,0,0,0,0,7,0,2
DANIEL THEIS,AS Monaco,10,DANIEL THEIS,"ALPHA DIALLO, ELIE OKOBO, JARON BLOSSOMGAME, MATTHEW STRAZEL, MIKE JAMES",1,4.0,2,1,2,50.0,0,1,0.0,0,0,0,0,2,2,1,0,0,0,2,2,2,4,4.0,50.8,101.5,133.1,-31.6,50.0,50.0,100.0,0.0,0,0,0,1,1,100,1,0,0,0,0,0,0,0,0,0,0,0
DANIEL THEIS,AS Monaco,10,DANIEL THEIS,"ELIE OKOBO, JUHANN BEGARIN, MATTHEW STRAZEL, NEMANJA NEDOVIC, TERRY TARPEY",1,3.3,0,0,0,0,0,0,0,0,0,0,0,0,0,1,0,0,0,0,0,3,3,3.0,40.3,121.0,129.7,-8.8,0,0,0,0.0,0,0,0,0,0,0,0,0,0,0,0,0,0,0,0,0,0,0
DANIEL THEIS,AS Monaco,10,DANIEL THEIS,"ALPHA DIALLO, ELIE OKOBO, JARON BLOSSOMGAME, JUHANN BEGARIN, MIKE JAMES",1,1.1,0,0,0,0,0,0,0,0,0,0,0,0,0,0,0,0,0,0,0,0,0,0.0,0.0,0.0,100.0,-100.0,0,0,0,0,0,0,0,0,0,0,0,0,0,0,0,0,0,0,0,0,0,0
ELIE OKOBO,AS Monaco,0,ELIE OKOBO,"ALPHA DIALLO, DANIEL THEIS, JARON BLOSSOMGAME, MIKE JAMES, NEMANJA NEDOVIC",1,6.4,0,0,0,0,0,0,0,0,0,0,0,0,0,0,0,0,0,0,0,0,0,0.0,0.0,146.3,150.7,-4.4,0,0,0,0,0,0,0,0,0,0,0,0,0,0,0,0,0,0,0,0,0,0
ELIE OKOBO,AS Monaco,0,ELIE OKOBO,"JUHANN BEGARIN, KEVARRIUS HAYES, MATTHEW STRAZEL, NEMANJA NEDOVIC, TERRY TARPEY",1,6.1,0,0,0,0,0,0,0,0,0,0,0,0,0,0,0,0,0,0,0,0,0,0.0,0.0,105.5,50.6,54.9,0,0,0,0,0,0,0,0,0,0,0,0,0,0,0,0,0,0,0,0,0,0
ELIE OKOBO,AS Monaco,0,ELIE OKOBO,"MATTHEW STRAZEL, MIKE JAMES, NEMANJA NEDOVIC, TERRY TARPEY",1,4.8,0,0,0,0,0,0,0,0,0,0,0,0,0,0,0,0,0,0,0,0,0,0.0,0.0,147.1,150.5,-3.4,0,0,0,0,0,0,0,0,0,0,0,0,0,0,0,0,0,0,0,0,0,0
ELIE OKOBO,AS Monaco,0,ELIE OKOBO,"ALPHA DIALLO, DANIEL THEIS, JARON BLOSSOMGAME, MATTHEW STRAZEL, MIKE JAMES",1,4.0,0,0,0,0,0,0,0,0,0,0,0,0,0,0,0,0,0,0,0,0,0,0.0,0.0,101.5,133.1,-31.6,0,0,0,0,0,0,0,0,0,0,0,0,0,0,0,0,0,0,0,0,0,0
ELIE OKOBO,AS Monaco,0,ELIE OKOBO,"DANIEL THEIS, JUHANN BEGARIN, MATTHEW STRAZEL, NEMANJA NEDOVIC, TERRY TARPEY",1,3.3,0,0,0,0,0,0,0,0,0,0,0,0,0,0,0,0,0,0,0,0,0,0.0,0.0,121.0,129.7,-8.8,0,0,0,0,0,0,0,0,0,0,0,0,0,0,0,0,0,0,0,0,0,0
ELIE OKOBO,AS Monaco,0,ELIE OKOBO,"ALPHA DIALLO, JARON BLOSSOMGAME, JUHANN BEGARIN, KEVARRIUS HAYES, MIKE JAMES",1,2.7,0,0,0,0,0,0,0,0,0,0,0,0,0,0,0,0,0,0,0,0,0,0.0,0.0,111.2,82.0,29.2,0,0,0,0,0,0,0,0,0,0,0,0,0,0,0,0,0,0,0,0,0,0
ELIE OKOBO,AS Monaco,0,ELIE OKOBO,"ALPHA DIALLO, JARON BLOSSOMGAME, KEVARRIUS HAYES, MATTHEW STRAZEL, MIKE JAMES",1,2.6,0,0,0,0,0,0,0,0,0,0,0,0,0,0,0,0,0,0,0,0,0,0.0,0.0,50.0,140.0,-90.0,0,0,0,0,0,0,0,0,0,0,0,0,0,0,0,0,0,0,0,0,0,0
ELIE OKOBO,AS Monaco,0,ELIE OKOBO,"JUHANN BEGARIN, KEVARRIUS HAYES, MATTHEW STRAZEL, MIKE JAMES, TERRY TARPEY",1,2.1,0,0,0,0,0,0,0,0,0,0,0,0,0,0,0,0,0,0,0,0,0,0.0,0.0,133.3,134.5,-1.2,0,0,0,0,0,0,0,0,0,0,0,0,0,0,0,0,0,0,0,0,0,0
ELIE OKOBO,AS Monaco,0,ELIE OKOBO,"KEVARRIUS HAYES, MATTHEW STRAZEL, MIKE JAMES, TERRY TARPEY",1,1.7,0,0,0,0,0,0,0,0,0,0,0,0,0,0,0,0,0,0,0,0,0,0.0,0.0,77.3,138.9,-61.6,0,0,0,0,0,0,0,0,0,0,0,0,0,0,0,0,0,0,0,0,0,0
ELIE OKOBO,AS Monaco,0,ELIE OKOBO,"JARON BLOSSOMGAME, JUHANN BEGARIN, KEVARRIUS HAYES, MATTHEW STRAZEL, MIKE JAMES",1,1.7,0,0,0,0,0,0,0,0,0,0,0,0,0,0,0,0,0,0,0,0,0,0.0,0.0,50.9,99.7,-48.8,0,0,0,0,0,0,0,0,0,0,0,0,0,0,0,0,0,0,0,0,0,0
ELIE OKOBO,AS Monaco,0,ELIE OKOBO,"ALPHA DIALLO, DANIEL THEIS, JARON BLOSSOMGAME, JUHANN BEGARIN, MIKE JAMES",1,1.1,0,0,0,0,0,0,0,0,0,0,0,0,0,0,0,0,0,0,0,0,0,0.0,0.0,0.0,100.0,-100.0,0,0,0,0,0,0,0,0,0,0,0,0,0,0,0,0,0,0,0,0,0,0
ELIE OKOBO,AS Monaco,0,ELIE OKOBO,"ALPHA DIALLO, JUHANN BEGARIN, KEVARRIUS HAYES, MATTHEW STRAZEL, MIKE JAMES, NEMANJA NEDOVIC",1,1.0,0,0,0,0,0,0,0,0,0,0,0,0,0,0,0,0,0,0,0,0,0,0.0,0.0,0.0,0,0.0,0,0,0,0,0,0,0,0,0,0,0,0,0,0,0,0,0,0,0,0,0,0
JARON BLOSSOMGAME,AS Monaco,4,JARON BLOSSOMGAME,"ALPHA DIALLO, DANIEL THEIS, ELIE OKOBO, MIKE JAMES, NEMANJA NEDOVIC",1,6.4,2,1,2,50.0,0,1,0.0,0,0,0,0,0,0,0,0,0,0,1,2,0,2,2.0,18.3,146.3,150.7,-4.4,50.0,50.0,0.0,0.0,0,0,0,1,1,100,1,0,0,0,0,0,0,0,0,0,0,0
JARON BLOSSOMGAME,AS Monaco,4,JARON BLOSSOMGAME,"ALPHA DIALLO, DANIEL THEIS, ELIE OKOBO, MATTHEW STRAZEL, MIKE JAMES",1,4.0,4,2,2,100.0,0,0,0,0,0,0,0,0,0,0,0,0,0,1,2,0,4,4.0,50.8,101.5,133.1,-31.6,100.0,100.0,0.0,0.0,0,0,0,2,2,100,0,0,0,0,0,0,0,0,0,0,2,0
JARON BLOSSOMGAME,AS Monaco,4,JARON BLOSSOMGAME,"ALPHA DIALLO, ELIE OKOBO, JUHANN BEGARIN, KEVARRIUS HAYES, MIKE JAMES",1,2.7,2,1,1,100.0,0,0,0,0,0,0,0,1,1,0,0,0,0,0,1,0,2,2.0,37.1,111.2,82.0,29.2,100.0,100.0,0.0,0.0,0,0,0,1,1,100,0,0,0,0,0,0,0,0,0,0,2,0
JARON BLOSSOMGAME,AS Monaco,4,JARON BLOSSOMGAME,"ALPHA DIALLO, ELIE OKOBO, KEVARRIUS HAYES, MATTHEW STRAZEL, MIKE JAMES",1,2.6,2,1,1,100.0,0,0,0,0,0,0,0,0,0,0,0,0,0,1,1,0,2,2.0,50.0,50.0,140.0,-90.0,100.0,100.0,0.0,0.0,0,0,0,1,1,100,0,0,0,0,0,0,0,0,0,0,2,0
JARON BLOSSOMGAME,AS Monaco,4,JARON BLOSSOMGAME,"ELIE OKOBO, JUHANN BEGARIN, KEVARRIUS HAYES, MATTHEW STRAZEL, MIKE JAMES",1,1.7,0,0,0,0,0,0,0,0,0,0,0,0,0,0,0,0,1,0,1,0,0,0.0,0.0,50.9,99.7,-48.8,0,0,0,100.0,0,0,0,0,0,0,0,0,0,0,0,0,0,0,1,0,0,0
JARON BLOSSOMGAME,AS Monaco,4,JARON BLOSSOMGAME,"ALPHA DIALLO, DANIEL THEIS, ELIE OKOBO, JUHANN BEGARIN, MIKE JAMES",1,1.1,0,0,0,0,0,0,0,0,0,0,0,0,0,0,0,0,1,0,1,0,0,0.0,0.0,0.0,100.0,-100.0,0,0,0,100.0,0,0,0,0,0,0,0,0,0,0,0,0,0,0,1,0,0,0
JUHANN BEGARIN,AS Monaco,23,JUHANN BEGARIN,"ELIE OKOBO, KEVARRIUS HAYES, MATTHEW STRAZEL, NEMANJA NEDOVIC, TERRY TARPEY",1,6.1,4,2,4,50.0,0,2,0.0,0,0,0,0,2,2,1,0,0,0,0,4,3,7,7.0,56.8,105.5,50.6,54.9,50.0,50.0,50.0,0.0,0,0,0,2,2,100,2,0,0,0,0,0,0,0,0,0,4,0
JUHANN BEGARIN,AS Monaco,23,JUHANN BEGARIN,"DANIEL THEIS, ELIE OKOBO, MATTHEW STRAZEL, NEMANJA NEDOVIC, TERRY TARPEY",1,3.3,1,0,0,0,0,0,0,1,1,100.0,0,1,1,0,0,0,0,1,0,0,1,1.0,13.4,121.0,129.7,-8.8,0,113.6,0,0.0,0,0,0,0,0,0,0,0,0,0,0,0,0,0,0,0,0,0
JUHANN BEGARIN,AS Monaco,23,JUHANN BEGARIN,"ALPHA DIALLO, ELIE OKOBO, JARON BLOSSOMGAME, KEVARRIUS HAYES, MIKE JAMES",1,2.7,2,1,2,50.0,0,1,0.0,0,0,0,0,1,1,0,0,0,0,0,2,0,2,2.0,37.1,111.2,82.0,29.2,50.0,50.0,0.0,0.0,0,0,0,1,1,100,1,0,0,0,0,0,0,0,0,0,2,0
JUHANN BEGARIN,AS Monaco,23,JUHANN BEGARIN,"ELIE OKOBO, KEVARRIUS HAYES, MATTHEW STRAZEL, MIKE JAMES, TERRY TARPEY",1,2.1,0,0,0,0,0,0,0,0,0,0,0,0,0,0,0,1,0,0,0,0,0,0.0,0.0,133.3,134.5,-1.2,0,0,0,0,0,0,0,0,0,0,0,0,0,0,0,0,0,0,0,0,0,0
JUHANN BEGARIN,AS Monaco,23,JUHANN BEGARIN,"ELIE OKOBO, JARON BLOSSOMGAME, KEVARRIUS HAYES, MATTHEW STRAZEL, MIKE JAMES",1,1.7,2,1,1,100.0,0,0,0,0,0,0,1,1,2,0,0,0,0,0,0,0,2,2.0,50.9,50.9,99.7,-48.8,100.0,100.0,0.0,0.0,0,0,0,1,1,100,0,0,0,0,0,0,0,0,0,2,0,0
JUHANN BEGARIN,AS Monaco,23,JUHANN BEGARIN,"ALPHA DIALLO, DANIEL THEIS, ELIE OKOBO, JARON BLOSSOMGAME, MIKE JAMES",1,1.1,0,0,0,0,0,0,0,0,0,0,0,0,0,0,0,0,0,0,0,0,0,0.0,0.0,0.0,100.0,-100.0,0,0,0,0,0,0,0,0,0,0,0,0,0,0,0,0,0,0,0,0,0,0
JUHANN BEGARIN,AS Monaco,23,JUHANN BEGARIN,"ALPHA DIALLO, ELIE OKOBO, KEVARRIUS HAYES, MATTHEW STRAZEL, MIKE JAMES, NEMANJA NEDOVIC",1,1.0,0,0,0,0,0,0,0,0,0,0,0,0,0,0,0,0,0,0,0,0,0,0.0,0.0,0.0,0,0.0,0,0,0,0,0,0,0,0,0,0,0,0,0,0,0,0,0,0,0,0,0,0
KEVARRIUS HAYES,AS Monaco,13,KEVARRIUS HAYES,"ELIE OKOBO, JUHANN BEGARIN, MATTHEW STRAZEL, NEMANJA NEDOVIC, TERRY TARPEY",1,6.1,0,0,1,0.0,0,0,0,0,0,0,0,0,0,0,0,0,0,1,1,0,0,0.0,0.0,105.5,50.6,54.9,0.0,0.0,0,0.0,0,0,0,1,0,0,0,0,0,0,0,0,0,0,0,0,0,0
KEVARRIUS HAYES,AS Monaco,13,KEVARRIUS HAYES,"ALPHA DIALLO, ELIE OKOBO, JARON BLOSSOMGAME, JUHANN BEGARIN, MIKE JAMES",1,2.7,0,0,0,0,0,0,0,0,0,0,0,0,0,0,0,0,0,0,0,0,0,0.0,0.0,111.2,82.0,29.2,0,0,0,0,0,0,0,0,0,0,0,0,0,0,0,0,0,0,0,0,0,0
KEVARRIUS HAYES,AS Monaco,13,KEVARRIUS HAYES,"ALPHA DIALLO, ELIE OKOBO, JARON BLOSSOMGAME, MATTHEW STRAZEL, MIKE JAMES",1,2.6,0,0,2,0.0,0,0,0,0,0,0,0,0,0,0,0,0,0,0,2,0,0,0.0,0.0,50.0,140.0,-90.0,0.0,0.0,0,0.0,0,0,0,2,0,0,0,0,0,0,0,0,0,0,0,0,0,0
KEVARRIUS HAYES,AS Monaco,13,KEVARRIUS HAYES,"ELIE OKOBO, JUHANN BEGARIN, MATTHEW STRAZEL, MIKE JAMES, TERRY TARPEY",1,2.1,0,0,0,0,0,0,0,0,0,0,0,0,0,0,0,0,1,0,1,0,0,0.0,0.0,133.3,134.5,-1.2,0,0,0,100.0,0,0,0,0,0,0,0,0,0,0,0,0,0,0,1,0,0,0
KEVARRIUS HAYES,AS Monaco,13,KEVARRIUS HAYES,"ELIE OKOBO, MATTHEW STRAZEL, MIKE JAMES, TERRY TARPEY",1,1.7,0,0,1,0.0,0,0,0,0,0,0,0,0,0,0,0,0,0,1,1,0,0,0.0,0.0,77.3,138.9,-61.6,0.0,0.0,0,0.0,0,0,0,1,0,0,0,0,0,0,0,0,0,0,0,0,0,0
KEVARRIUS HAYES,AS Monaco,13,KEVARRIUS HAYES,"ELIE OKOBO, JARON BLOSSOMGAME, JUHANN BEGARIN, MATTHEW STRAZEL, MIKE JAMES",1,1.7,0,0,0,0,0,0,0,0,0,0,0,0,0,0,0,0,0,1,0,0,0,0.0,0.0,50.9,99.7,-48.8,0,0,0,0,0,0,0,0,0,0,0,0,0,0,0,0,0,0,0,0,0,0
KEVARRIUS HAYES,AS Monaco,13,KEVARRIUS HAYES,"ALPHA DIALLO, ELIE OKOBO, JUHANN BEGARIN, MATTHEW STRAZEL, MIKE JAMES, NEMANJA NEDOVIC",1,1.0,0,0,0,0,0,0,0,0,0,0,0,0,0,0,0,0,0,0,0,0,0,0.0,0.0,0.0,0,0.0,0,0,0,0,0,0,0,0,0,0,0,0,0,0,0,0,0,0,0,0,0,0
MATTHEW STRAZEL,AS Monaco,32,MATTHEW STRAZEL,"ELIE OKOBO, JUHANN BEGARIN, KEVARRIUS HAYES, NEMANJA NEDOVIC, TERRY TARPEY",1,6.1,2,1,2,50.0,0,1,0.0,0,0,0,0,1,1,2,1,0,1,1,3,4,6,6.0,48.7,105.5,50.6,54.9,50.0,50.0,200.0,20.0,0,0,0,1,1,100,1,0,0,0,0,0,0,0,1,0,0,0
MATTHEW STRAZEL,AS Monaco,32,MATTHEW STRAZEL,"ELIE OKOBO, MIKE JAMES, NEMANJA NEDOVIC, TERRY TARPEY",1,4.8,0,0,0,0,0,0,0,0,0,0,0,0,0,0,0,0,0,0,0,0,0,0.0,0.0,147.1,150.5,-3.4,0,0,0,0,0,0,0,0,0,0,0,0,0,0,0,0,0,0,0,0,0,0
MATTHEW STRAZEL,AS Monaco,32,MATTHEW STRAZEL,"ALPHA DIALLO, DANIEL THEIS, ELIE OKOBO, JARON BLOSSOMGAME, MIKE JAMES",1,4.0,0,0,0,0,0,0,0,0,0,0,0,0,0,1,0,0,0,0,0,2,2,2.0,25.4,101.5,133.1,-31.6,0,0,0,0.0,0,0,0,0,0,0,0,0,0,0,0,0,0,0,0,0,0,0
MATTHEW STRAZEL,AS Monaco,32,MATTHEW STRAZEL,"DANIEL THEIS, ELIE OKOBO, JUHANN BEGARIN, NEMANJA NEDOVIC, TERRY TARPEY",1,3.3,3,1,2,50.0,1,1,100.0,0,0,0,0,0,0,0,0,0,1,1,3,0,3,3.0,40.3,121.0,129.7,-8.8,75.0,75.0,0.0,33.3,0,0,0,1,0,0,1,1,100,0,0,0,0,0,1,0,0,0
MATTHEW STRAZEL,AS Monaco,32,MATTHEW STRAZEL,"ALPHA DIALLO, ELIE OKOBO, JARON BLOSSOMGAME, KEVARRIUS HAYES, MIKE JAMES",1,2.6,0,0,0,0,0,0,0,0,0,0,0,0,0,0,0,0,0,0,0,0,0,0.0,0.0,50.0,140.0,-90.0,0,0,0,0,0,0,0,0,0,0,0,0,0,0,0,0,0,0,0,0,0,0
MATTHEW STRAZEL,AS Monaco,32,MATTHEW STRAZEL,"ELIE OKOBO, JUHANN BEGARIN, KEVARRIUS HAYES, MIKE JAMES, TERRY TARPEY",1,2.1,2,1,1,100.0,0,0,0,0,0,0,0,0,0,1,1,0,0,0,1,2,4,4.0,133.3,133.3,134.5,-1.2,100.0,100.0,100.0,0.0,0,0,0,1,1,100,0,0,0,0,0,0,0,0,0,0,0,0
MATTHEW STRAZEL,AS Monaco,32,MATTHEW STRAZEL,"ELIE OKOBO, KEVARRIUS HAYES, MIKE JAMES, TERRY TARPEY",1,1.7,0,0,1,0.0,0,1,0.0,0,0,0,0,0,0,1,0,0,0,0,1,2,2,2.0,51.5,77.3,138.9,-61.6,0.0,0.0,0,0.0,0,0,0,0,0,0,1,0,0,0,0,0,0,0,0,0,0,0
MATTHEW STRAZEL,AS Monaco,32,MATTHEW STRAZEL,"ELIE OKOBO, JARON BLOSSOMGAME, JUHANN BEGARIN, KEVARRIUS HAYES, MIKE JAMES",1,1.7,0,0,1,0.0,0,1,0.0,0,0,0,0,0,0,0,0,0,0,0,1,0,0,0.0,0.0,50.9,99.7,-48.8,0.0,0.0,0,0.0,0,0,0,0,0,0,1,0,0,0,0,0,0,0,0,0,0,0
MATTHEW STRAZEL,AS Monaco,32,MATTHEW STRAZEL,"ALPHA DIALLO, ELIE OKOBO, JUHANN BEGARIN, KEVARRIUS HAYES, MIKE JAMES, NEMANJA NEDOVIC",1,1.0,0,0,0,0,0,0,0,0,0,0,0,0,0,0,0,0,0,0,0,0,0,0.0,0.0,0.0,0,0.0,0,0,0,0,0,0,0,0,0,0,0,0,0,0,0,0,0,0,0,0,0,0
MIKE JAMES,AS Monaco,55,MIKE JAMES,"ALPHA DIALLO, DANIEL THEIS, ELIE OKOBO, JARON BLOSSOMGAME, NEMANJA NEDOVIC",1,6.4,5,0,1,0.0,0,0,0,5,5,100.0,0,0,0,2,1,0,0,0,3,5,10,10.0,91.4,146.3,150.7,-4.4,0.0,78.1,0,0.0,0,0,0,1,0,0,0,0,0,0,0,0,0,0,0,0,3,3
MIKE JAMES,AS Monaco,55,MIKE JAMES,"ELIE OKOBO, MATTHEW STRAZEL, NEMANJA NEDOVIC, TERRY TARPEY",1,4.8,5,2,3,66.7,0,0,0,1,1,100.0,0,1,1,0,0,0,1,0,4,0,5,5.0,56.6,147.1,150.5,-3.4,66.7,72.7,0.0,22.5,0,0,0,3,2,66.7,0,0,0,0,0,0,0,0,1,0,5,0
MIKE JAMES,AS Monaco,55,MIKE JAMES,"ALPHA DIALLO, DANIEL THEIS, ELIE OKOBO, JARON BLOSSOMGAME, MATTHEW STRAZEL",1,4.0,2,0,0,0,0,0,0,2,2,100.0,0,0,0,1,1,0,0,0,1,2,4,4.0,50.8,101.5,133.1,-31.6,0,113.6,0,0.0,0,0,0,0,0,0,0,0,0,0,0,0,0,0,0,0,0,0
MIKE JAMES,AS Monaco,55,MIKE JAMES,"ALPHA DIALLO, ELIE OKOBO, JARON BLOSSOMGAME, JUHANN BEGARIN, KEVARRIUS HAYES",1,2.7,0,0,2,0.0,0,1,0.0,0,0,0,0,1,1,1,0,0,0,0,2,2,2,2.0,37.1,111.2,82.0,29.2,0.0,0.0,0,0.0,0,0,0,1,0,0,1,0,0,0,0,0,0,0,0,0,0,0
MIKE JAMES,AS Monaco,55,MIKE JAMES,"ALPHA DIALLO, ELIE OKOBO, JARON BLOSSOMGAME, KEVARRIUS HAYES, MATTHEW STRAZEL",1,2.6,0,0,1,0.0,0,0,0,0,0,0,0,0,0,1,0,0,0,0,1,2,2,2.0,50.0,50.0,140.0,-90.0,0.0,0.0,0,0.0,0,0,0,1,0,0,0,0,0,0,0,0,0,0,0,0,0,0
MIKE JAMES,AS Monaco,55,MIKE JAMES,"ELIE OKOBO, JUHANN BEGARIN, KEVARRIUS HAYES, MATTHEW STRAZEL, TERRY TARPEY",1,2.1,0,0,0,0,0,0,0,0,0,0,0,2,2,0,0,0,0,1,0,0,0,0.0,0.0,133.3,134.5,-1.2,0,0,0,0,0,0,0,0,0,0,0,0,0,0,0,0,0,0,0,0,0,0
MIKE JAMES,AS Monaco,55,MIKE JAMES,"ELIE OKOBO, KEVARRIUS HAYES, MATTHEW STRAZEL, TERRY TARPEY",1,1.7,2,1,1,100.0,0,0,0,0,0,0,0,0,0,0,0,0,0,0,1,0,2,2.0,51.5,77.3,138.9,-61.6,100.0,100.0,0.0,0.0,0,0,0,1,1,100,0,0,0,0,0,0,0,0,0,0,0,0
MIKE JAMES,AS Monaco,55,MIKE JAMES,"ELIE OKOBO, JARON BLOSSOMGAME, JUHANN BEGARIN, KEVARRIUS HAYES, MATTHEW STRAZEL",1,1.7,0,0,1,0.0,0,1,0.0,0,0,0,0,0,0,0,0,0,1,0,2,0,0,0.0,0.0,50.9,99.7,-48.8,0.0,0.0,0,50.0,0,0,0,0,0,0,1,0,0,0,0,0,0,0,1,0,0,0
MIKE JAMES,AS Monaco,55,MIKE JAMES,"ALPHA DIALLO, DANIEL THEIS, ELIE OKOBO, JARON BLOSSOMGAME, JUHANN BEGARIN",1,1.1,0,0,1,0.0,0,0,0,0,0,0,0,1,1,0,0,0,0,0,1,0,0,0.0,0.0,0.0,100.0,-100.0,0.0,0.0,0,0.0,0,0,0,1,0,0,0,0,0,0,0,0,0,0,0,0,0,0
MIKE JAMES,AS Monaco,55,MIKE JAMES,"ALPHA DIALLO, ELIE OKOBO, JUHANN BEGARIN, KEVARRIUS HAYES, MATTHEW STRAZEL, NEMANJA NEDOVIC",1,1.0,0,0,0,0,0,0,0,0,0,0,0,0,0,0,0,0,0,0,0,0,0,0.0,0.0,0.0,0,0.0,0,0,0,0,0,0,0,0,0,0,0,0,0,0,0,0,0,0,0,0,0,0
NEMANJA NEDOVIC,AS Monaco,26,NEMANJA NEDOVIC,"ALPHA DIALLO, DANIEL THEIS, ELIE OKOBO, JARON BLOSSOMGAME, MIKE JAMES",1,6.4,0,0,0,0,0,0,0,0,0,0,0,0,0,0,0,0,0,1,0,0,0,0.0,0.0,146.3,150.7,-4.4,0,0,0,0,0,0,0,0,0,0,0,0,0,0,0,0,0,0,0,0,0,0
NEMANJA NEDOVIC,AS Monaco,26,NEMANJA NEDOVIC,"ELIE OKOBO, JUHANN BEGARIN, KEVARRIUS HAYES, MATTHEW STRAZEL, TERRY TARPEY",1,6.1,5,1,2,50.0,1,2,50.0,2,3,66.7,0,2,2,0,0,0,0,1,3,0,5,5.0,40.6,105.5,50.6,54.9,75.0,75.3,0.0,0.0,0,0,0,0,0,0,2,1,50,0,0,0,0,0,0,0,0,0
NEMANJA NEDOVIC,AS Monaco,26,NEMANJA NEDOVIC,"ELIE OKOBO, MATTHEW STRAZEL, MIKE JAMES, TERRY TARPEY",1,4.8,0,0,2,0.0,0,1,0.0,0,0,0,0,1,1,3,0,0,0,0,2,6,6,6.0,67.9,147.1,150.5,-3.4,0.0,0.0,0,0.0,0,0,0,1,0,0,1,0,0,0,0,0,0,0,0,0,0,0
NEMANJA NEDOVIC,AS Monaco,26,NEMANJA NEDOVIC,"DANIEL THEIS, ELIE OKOBO, JUHANN BEGARIN, MATTHEW STRAZEL, TERRY TARPEY",1,3.3,0,0,2,0.0,0,1,0.0,0,0,0,0,0,0,0,0,0,0,0,2,0,0,0.0,0.0,121.0,129.7,-8.8,0.0,0.0,0,0.0,0,0,0,1,0,0,1,0,0,0,0,0,0,0,0,0,0,0
NEMANJA NEDOVIC,AS Monaco,26,NEMANJA NEDOVIC,"ALPHA DIALLO, ELIE OKOBO, JUHANN BEGARIN, KEVARRIUS HAYES, MATTHEW STRAZEL, MIKE JAMES",1,1.0,0,0,0,0,0,0,0,0,0,0,0,0,0,0,0,0,0,0,0,0,0,0.0,0.0,0.0,0,0.0,0,0,0,0,0,0,0,0,0,0,0,0,0,0,0,0,0,0,0,0,0,0
TERRY TARPEY,AS Monaco,22,TERRY TARPEY,"ELIE OKOBO, JUHANN BEGARIN, KEVARRIUS HAYES, MATTHEW STRAZEL, NEMANJA NEDOVIC",1,6.1,2,1,1,100.0,0,0,0,0,0,0,0,2,2,0,0,0,0,1,1,0,2,2.0,16.2,105.5,50.6,54.9,100.0,100.0,0.0,0.0,0,0,0,1,1,100,0,0,0,0,0,0,0,0,0,0,2,2
TERRY TARPEY,AS Monaco,22,TERRY TARPEY,"ELIE OKOBO, MATTHEW STRAZEL, MIKE JAMES, NEMANJA NEDOVIC",1,4.8,0,0,0,0,0,0,0,0,0,0,0,0,0,0,0,0,0,0,0,0,0,0.0,0.0,147.1,150.5,-3.4,0,0,0,0,0,0,0,0,0,0,0,0,0,0,0,0,0,0,0,0,0,0
TERRY TARPEY,AS Monaco,22,TERRY TARPEY,"DANIEL THEIS, ELIE OKOBO, JUHANN BEGARIN, MATTHEW STRAZEL, NEMANJA NEDOVIC",1,3.3,5,2,2,100.0,1,1,100.0,0,0,0,0,1,1,0,1,0,0,0,2,0,5,5.0,67.2,121.0,129.7,-8.8,125.0,125.0,0.0,0.0,0,0,0,1,1,100,1,1,100,0,1,0,0,0,0,0,2,2
TERRY TARPEY,AS Monaco,22,TERRY TARPEY,"ELIE OKOBO, JUHANN BEGARIN, KEVARRIUS HAYES, MATTHEW STRAZEL, MIKE JAMES",1,2.1,0,0,0,0,0,0,0,0,0,0,0,0,0,0,0,0,0,0,0,0,0,0.0,0.0,133.3,134.5,-1.2,0,0,0,0,0,0,0,0,0,0,0,0,0,0,0,0,0,0,0,0,0,0
TERRY TARPEY,AS Monaco,22,TERRY TARPEY,"ELIE OKOBO, KEVARRIUS HAYES, MATTHEW STRAZEL, MIKE JAMES",1,1.7,0,0,0,0,0,0,0,0,0,0,0,0,0,0,0,0,0,0,0,0,0,0.0,0.0,77.3,138.9,-61.6,0,0,0,0,0,0,0,0,0,0,0,0,0,0,0,0,0,0,0,0,0,0
BRICE DESSERT,Anadolu Efes Istanbul,13,BRICE DESSERT,"ERCAN OSMANI, JORDAN LOYD, NICK WEILER-BABB, PJ DOZIER, RODRIGUE BEAUBOIS, SHANE LARKIN",1,4.5,2,1,1,100.0,0,0,0,0,0,0,0,0,0,0,1,0,0,1,1,0,2,2.0,22.8,171.2,87.5,83.7,100.0,100.0,0.0,0.0,0,0,0,1,1,100,0,0,0,0,0,0,0,0,0,0,0,0
BRICE DESSERT,Anadolu Efes Istanbul,13,BRICE DESSERT,"ISAIA CORDINIER, JORDAN LOYD, PJ DOZIER, RODRIGUE BEAUBOIS, SABEN LEE, SHANE LARKIN",1,2.7,2,1,1,100.0,0,0,0,0,0,0,0,0,0,0,0,0,0,0,1,0,2,2.0,50.0,100.0,60.0,40.0,100.0,100.0,0.0,0.0,0,0,0,1,1,100,0,0,0,0,0,0,0,0,0,0,2,0
BRICE DESSERT,Anadolu Efes Istanbul,13,BRICE DESSERT,"ERCAN OSMANI, JORDAN LOYD, PJ DOZIER, RODRIGUE BEAUBOIS, SABEN LEE, SHANE LARKIN",1,2.1,0,0,1,0.0,0,0,0,0,0,0,0,0,0,0,0,0,0,0,1,0,0,0.0,0.0,84.0,131.6,-47.5,0.0,0.0,0,0.0,0,0,0,1,0,0,0,0,0,0,0,0,0,0,0,0,0,0
COLE SWIDER,Anadolu Efes Istanbul,21,COLE SWIDER,"ERKAN YILMAZ, KAI JONES, RODRIGUE BEAUBOIS, SABEN LEE, SEHMUS HAZER, SHANE LARKIN",1,1.2,0,0,1,0.0,0,0,0,0,0,0,0,0,0,0,0,0,0,0,1,0,0,0.0,0.0,0.0,208.3,-208.3,0.0,0.0,0,0.0,0,0,0,1,0,0,0,0,0,0,0,0,0,0,0,0,0,0
COLE SWIDER,Anadolu Efes Istanbul,21,COLE SWIDER,"ISAIA CORDINIER, NICK WEILER-BABB, RODRIGUE BEAUBOIS, ROLANDS SMITS, SEHMUS HAZER, SHANE LARKIN",1,1.1,0,0,1,0.0,0,1,0.0,0,0,0,0,1,1,0,0,0,0,1,1,0,0,0.0,0.0,100.0,58.1,41.9,0.0,0.0,0,0.0,0,0,0,0,0,0,1,0,0,0,0,0,0,0,0,0,0,0
ERCAN OSMANI,Anadolu Efes Istanbul,24,ERCAN OSMANI,"BRICE DESSERT, JORDAN LOYD, NICK WEILER-BABB, PJ DOZIER, RODRIGUE BEAUBOIS, SHANE LARKIN",1,4.5,0,0,1,0.0,0,1,0.0,0,0,0,0,1,1,1,0,0,0,0,1,2,2,2.0,22.8,171.2,87.5,83.7,0.0,0.0,0,0.0,0,0,0,0,0,0,1,0,0,0,0,0,0,0,0,0,0,0
ERCAN OSMANI,Anadolu Efes Istanbul,24,ERCAN OSMANI,"ISAIA CORDINIER, NICK WEILER-BABB, RODRIGUE BEAUBOIS, ROLANDS SMITS, SEHMUS HAZER, SHANE LARKIN",1,2.8,0,0,0,0,0,0,0,0,0,0,0,0,0,0,0,0,0,0,0,0,0,0.0,0.0,68.0,96.2,-28.2,0,0,0,0,0,0,0,0,0,0,0,0,0,0,0,0,0,0,0,0,0,0
ERCAN OSMANI,Anadolu Efes Istanbul,24,ERCAN OSMANI,"BRICE DESSERT, JORDAN LOYD, PJ DOZIER, RODRIGUE BEAUBOIS, SABEN LEE, SHANE LARKIN",1,2.1,2,0,1,0.0,0,0,0,2,2,100.0,0,1,1,1,0,0,0,1,2,0,2,2.0,42.0,84.0,131.6,-47.5,0.0,53.2,0,0.0,0,0,0,1,0,0,0,0,0,0,0,0,0,0,0,0,2,0
ERCAN OSMANI,Anadolu Efes Istanbul,24,ERCAN OSMANI,"JORDAN LOYD, NICK WEILER-BABB, RODRIGUE BEAUBOIS, ROLANDS SMITS, SEHMUS HAZER, SHANE LARKIN",1,1.8,0,0,1,0.0,0,0,0,0,0,0,0,2,2,0,0,0,0,0,1,0,0,0.0,0.0,51.5,103.1,-51.5,0.0,0.0,0,0.0,0,0,0,1,0,0,0,0,0,0,0,0,0,0,0,0,0,0
ERKAN YILMAZ,Anadolu Efes Istanbul,33,ERKAN YILMAZ,"JORDAN LOYD, KAI JONES, RODRIGUE BEAUBOIS, SABEN LEE, SEHMUS HAZER, SHANE LARKIN",1,3.6,3,1,2,50.0,1,2,50.0,0,0,0,0,3,3,0,0,0,0,1,2,0,3,3.0,43.6,116.3,138.7,-22.4,75.0,75.0,0.0,0.0,0,0,0,0,0,0,2,1,50,0,0,0,0,0,0,0,0,0
ERKAN YILMAZ,Anadolu Efes Istanbul,33,ERKAN YILMAZ,"JORDAN LOYD, RODRIGUE BEAUBOIS, SABEN LEE, SEHMUS HAZER, SHANE LARKIN",1,2.4,0,0,1,0.0,0,0,0,0,0,0,1,0,1,0,0,0,0,0,0,0,0,0.0,0.0,107.8,40.0,67.8,0.0,0.0,0,0.0,0,0,0,1,0,0,0,0,0,0,0,0,0,0,0,0,0,0
ERKAN YILMAZ,Anadolu Efes Istanbul,33,ERKAN YILMAZ,"COLE SWIDER, KAI JONES, RODRIGUE BEAUBOIS, SABEN LEE, SEHMUS HAZER, SHANE LARKIN",1,1.2,0,0,0,0,0,0,0,0,0,0,0,0,0,0,0,0,0,0,0,0,0,0.0,0.0,0.0,208.3,-208.3,0,0,0,0,0,0,0,0,0,0,0,0,0,0,0,0,0,0,0,0,0,0
ISAIA CORDINIER,Anadolu Efes Istanbul,10,ISAIA CORDINIER,"KAI JONES, NICK WEILER-BABB, PJ DOZIER, RODRIGUE BEAUBOIS, SEHMUS HAZER, SHANE LARKIN",1,3.1,0,0,0,0,0,0,0,0,0,0,0,1,1,1,0,0,0,0,0,3,3,3.0,76.3,279.9,100.0,179.9,0,0,0,0.0,0,0,0,0,0,0,0,0,0,0,0,0,0,0,0,0,0,0
ISAIA CORDINIER,Anadolu Efes Istanbul,10,ISAIA CORDINIER,"ERCAN OSMANI, NICK WEILER-BABB, RODRIGUE BEAUBOIS, ROLANDS SMITS, SEHMUS HAZER, SHANE LARKIN",1,2.8,0,0,1,0.0,0,1,0.0,0,0,0,0,1,1,0,0,0,1,1,2,0,0,0.0,0.0,68.0,96.2,-28.2,0.0,0.0,0,50.0,0,0,0,0,0,0,1,0,0,0,0,0,0,0,1,0,0,0
ISAIA CORDINIER,Anadolu Efes Istanbul,10,ISAIA CORDINIER,"BRICE DESSERT, JORDAN LOYD, PJ DOZIER, RODRIGUE BEAUBOIS, SABEN LEE, SHANE LARKIN",1,2.7,0,0,0,0,0,0,0,0,0,0,0,0,0,0,0,0,0,0,0,0,0,0.0,0.0,100.0,60.0,40.0,0,0,0,0,0,0,0,0,0,0,0,0,0,0,0,0,0,0,0,0,0,0
ISAIA CORDINIER,Anadolu Efes Istanbul,10,ISAIA CORDINIER,"JORDAN LOYD, NICK WEILER-BABB, RODRIGUE BEAUBOIS, ROLANDS SMITS, SEHMUS HAZER, SHANE LARKIN",1,2.5,0,0,0,0,0,0,0,0,0,0,0,0,0,1,1,0,0,0,0,2,2,2.0,50.0,175.0,148.4,26.6,0,0,0,0.0,0,0,0,0,0,0,0,0,0,0,0,0,0,0,0,0,0,0
ISAIA CORDINIER,Anadolu Efes Istanbul,10,ISAIA CORDINIER,"JORDAN LOYD, KAI JONES, PJ DOZIER, RODRIGUE BEAUBOIS, SABEN LEE, SHANE LARKIN",1,1.4,0,0,0,0,0,0,0,0,0,0,0,0,0,1,0,0,0,0,0,3,3,3.0,104.2,173.6,266.0,-92.3,0,0,0,0.0,0,0,0,0,0,0,0,0,0,0,0,0,0,0,0,0,0,0
ISAIA CORDINIER,Anadolu Efes Istanbul,10,ISAIA CORDINIER,"COLE SWIDER, NICK WEILER-BABB, RODRIGUE BEAUBOIS, ROLANDS SMITS, SEHMUS HAZER, SHANE LARKIN",1,1.1,0,0,0,0,0,0,0,0,0,0,0,1,1,0,0,0,0,0,0,0,0,0.0,0.0,100.0,58.1,41.9,0,0,0,0,0,0,0,0,0,0,0,0,0,0,0,0,0,0,0,0,0,0
JORDAN LOYD,Anadolu Efes Istanbul,3,JORDAN LOYD,"RODRIGUE BEAUBOIS, SABEN LEE, SEHMUS HAZER, SHANE LARKIN",1,5.5,0,0,0,0,0,0,0,0,0,0,0,0,0,0,0,0,0,0,0,0,0,0.0,0.0,40.0,120.0,-80.0,0,0,0,0,0,0,0,0,0,0,0,0,0,0,0,0,0,0,0,0,0,0
JORDAN LOYD,Anadolu Efes Istanbul,3,JORDAN LOYD,"BRICE DESSERT, ERCAN OSMANI, NICK WEILER-BABB, PJ DOZIER, RODRIGUE BEAUBOIS, SHANE LARKIN",1,4.5,6,2,2,100.0,2,2,100.0,0,0,0,0,0,0,0,0,0,0,1,2,0,6,6.0,68.5,171.2,87.5,83.7,150.0,150.0,0.0,0.0,0,0,0,0,0,0,2,2,100,0,0,0,0,0,0,0,0,0
JORDAN LOYD,Anadolu Efes Istanbul,3,JORDAN LOYD,"ERKAN YILMAZ, KAI JONES, RODRIGUE BEAUBOIS, SABEN LEE, SEHMUS HAZER, SHANE LARKIN",1,3.6,0,0,1,0.0,0,1,0.0,0,0,0,0,0,0,1,0,0,0,0,1,3,3,3.0,43.6,116.3,138.7,-22.4,0.0,0.0,0,0.0,0,0,0,0,0,0,1,0,0,0,0,0,0,0,0,0,0,0
JORDAN LOYD,Anadolu Efes Istanbul,3,JORDAN LOYD,"BRICE DESSERT, ISAIA CORDINIER, PJ DOZIER, RODRIGUE BEAUBOIS, SABEN LEE, SHANE LARKIN",1,2.7,0,0,0,0,0,0,0,0,0,0,0,0,0,1,0,0,0,0,0,2,2,2.0,50.0,100.0,60.0,40.0,0,0,0,0.0,0,0,0,0,0,0,0,0,0,0,0,0,0,0,0,0,0,0
JORDAN LOYD,Anadolu Efes Istanbul,3,JORDAN LOYD,"ISAIA CORDINIER, NICK WEILER-BABB, RODRIGUE BEAUBOIS, ROLANDS SMITS, SEHMUS HAZER, SHANE LARKIN",1,2.5,0,0,0,0,0,0,0,0,0,0,0,0,0,0,0,0,0,1,0,0,0,0.0,0.0,175.0,148.4,26.6,0,0,0,0,0,0,0,0,0,0,0,0,0,0,0,0,0,0,0,0,0,0
JORDAN LOYD,Anadolu Efes Istanbul,3,JORDAN LOYD,"ERKAN YILMAZ, RODRIGUE BEAUBOIS, SABEN LEE, SEHMUS HAZER, SHANE LARKIN",1,2.4,3,1,2,50.0,1,2,50.0,0,0,0,0,0,0,0,1,0,0,0,2,0,3,3.0,64.7,107.8,40.0,67.8,75.0,75.0,0.0,0.0,0,0,0,0,0,0,2,1,50,0,1,0,0,0,0,0,0,0
JORDAN LOYD,Anadolu Efes Istanbul,3,JORDAN LOYD,"BRICE DESSERT, ERCAN OSMANI, PJ DOZIER, RODRIGUE BEAUBOIS, SABEN LEE, SHANE LARKIN",1,2.1,2,0,0,0,0,0,0,2,2,100.0,0,0,0,0,0,0,0,0,1,0,2,2.0,42.0,84.0,131.6,-47.5,0,113.6,0,0.0,0,0,0,0,0,0,0,0,0,0,0,0,0,0,0,0,0,0
JORDAN LOYD,Anadolu Efes Istanbul,3,JORDAN LOYD,"NICK WEILER-BABB, PJ DOZIER, RODRIGUE BEAUBOIS, ROLANDS SMITS, SEHMUS HAZER, SHANE LARKIN",1,1.9,2,1,1,100.0,0,0,0,0,0,0,1,1,2,0,0,0,0,1,0,0,2,2.0,69.9,139.9,95.2,44.6,100.0,100.0,0.0,0.0,0,0,0,1,1,100,0,0,0,0,0,0,0,0,0,2,0,0
JORDAN LOYD,Anadolu Efes Istanbul,3,JORDAN LOYD,"ERCAN OSMANI, NICK WEILER-BABB, RODRIGUE BEAUBOIS, ROLANDS SMITS, SEHMUS HAZER, SHANE LARKIN",1,1.8,2,0,0,0,0,0,0,2,2,100.0,0,0,0,0,0,0,1,0,2,0,2,2.0,51.5,51.5,103.1,-51.5,0,113.6,0,53.2,0,0,0,0,0,0,0,0,0,0,0,0,0,0,1,0,0,0
JORDAN LOYD,Anadolu Efes Istanbul,3,JORDAN LOYD,"ISAIA CORDINIER, KAI JONES, PJ DOZIER, RODRIGUE BEAUBOIS, SABEN LEE, SHANE LARKIN",1,1.4,5,1,2,50.0,1,1,100.0,2,2,100.0,0,0,0,0,0,0,0,1,3,0,5,5.0,173.6,173.6,266.0,-92.3,75.0,86.8,0.0,0.0,0,0,0,1,0,0,1,1,100,0,0,0,0,0,0,0,0,0
KAI JONES,Anadolu Efes Istanbul,88,KAI JONES,"ERKAN YILMAZ, JORDAN LOYD, RODRIGUE BEAUBOIS, SABEN LEE, SEHMUS HAZER, SHANE LARKIN",1,3.6,0,0,0,0,0,0,0,0,0,0,0,1,1,0,0,0,0,0,0,0,0,0.0,0.0,116.3,138.7,-22.4,0,0,0,0,0,0,0,0,0,0,0,0,0,0,0,0,0,0,0,0,0,0
KAI JONES,Anadolu Efes Istanbul,88,KAI JONES,"ISAIA CORDINIER, NICK WEILER-BABB, PJ DOZIER, RODRIGUE BEAUBOIS, SEHMUS HAZER, SHANE LARKIN",1,3.1,0,0,0,0,0,0,0,0,0,0,1,1,2,0,0,0,0,0,0,0,0,0.0,0.0,279.9,100.0,179.9,0,0,0,0,0,0,0,0,0,0,0,0,0,0,0,0,0,0,0,0,0,0
KAI JONES,Anadolu Efes Istanbul,88,KAI JONES,"ISAIA CORDINIER, JORDAN LOYD, PJ DOZIER, RODRIGUE BEAUBOIS, SABEN LEE, SHANE LARKIN",1,1.4,0,0,0,0,0,0,0,0,0,0,0,0,0,0,0,0,0,0,0,0,0,0.0,0.0,173.6,266.0,-92.3,0,0,0,0,0,0,0,0,0,0,0,0,0,0,0,0,0,0,0,0,0,0
KAI JONES,Anadolu Efes Istanbul,88,KAI JONES,"COLE SWIDER, ERKAN YILMAZ, RODRIGUE BEAUBOIS, SABEN LEE, SEHMUS HAZER, SHANE LARKIN",1,1.2,0,0,0,0,0,0,0,0,0,0,0,0,0,0,0,0,0,0,0,0,0,0.0,0.0,0.0,208.3,-208.3,0,0,0,0,0,0,0,0,0,0,0,0,0,0,0,0,0,0,0,0,0,0
NICK WEILER-BABB,Anadolu Efes Istanbul,8,NICK WEILER-BABB,"BRICE DESSERT, ERCAN OSMANI, JORDAN LOYD, PJ DOZIER, RODRIGUE BEAUBOIS, SHANE LARKIN",1,4.5,2,0,0,0,0,0,0,2,2,100.0,0,1,1,2,0,0,1,0,2,6,8,8.0,91.3,171.2,87.5,83.7,0,113.6,0,25.8,0,0,0,0,0,0,0,0,0,0,0,0,0,0,1,0,2,0
NICK WEILER-BABB,Anadolu Efes Istanbul,8,NICK WEILER-BABB,"ISAIA CORDINIER, KAI JONES, PJ DOZIER, RODRIGUE BEAUBOIS, SEHMUS HAZER, SHANE LARKIN",1,3.1,3,1,1,100.0,1,1,100.0,0,0,0,0,0,0,0,0,0,0,0,1,0,3,3.0,76.3,279.9,100.0,179.9,150.0,150.0,0.0,0.0,0,0,0,0,0,0,1,1,100,0,1,0,0,0,0,3,0,0
NICK WEILER-BABB,Anadolu Efes Istanbul,8,NICK WEILER-BABB,"ERCAN OSMANI, ISAIA CORDINIER, RODRIGUE BEAUBOIS, ROLANDS SMITS, SEHMUS HAZER, SHANE LARKIN",1,2.8,0,0,0,0,0,0,0,0,0,0,0,0,0,1,1,0,0,0,0,2,2,2.0,34.0,68.0,96.2,-28.2,0,0,0,0.0,0,0,0,0,0,0,0,0,0,0,0,0,0,0,0,0,0,0
NICK WEILER-BABB,Anadolu Efes Istanbul,8,NICK WEILER-BABB,"ISAIA CORDINIER, JORDAN LOYD, RODRIGUE BEAUBOIS, ROLANDS SMITS, SEHMUS HAZER, SHANE LARKIN",1,2.5,2,1,1,100.0,0,0,0,0,0,0,0,0,0,0,0,0,0,0,1,0,2,2.0,50.0,175.0,148.4,26.6,100.0,100.0,0.0,0.0,0,0,0,1,1,100,0,0,0,0,0,0,0,0,0,0,0,0
NICK WEILER-BABB,Anadolu Efes Istanbul,8,NICK WEILER-BABB,"JORDAN LOYD, PJ DOZIER, RODRIGUE BEAUBOIS, ROLANDS SMITS, SEHMUS HAZER, SHANE LARKIN",1,1.9,0,0,0,0,0,0,0,0,0,0,0,0,0,0,0,0,0,0,0,0,0,0.0,0.0,139.9,95.2,44.6,0,0,0,0,0,0,0,0,0,0,0,0,0,0,0,0,0,0,0,0,0,0
NICK WEILER-BABB,Anadolu Efes Istanbul,8,NICK WEILER-BABB,"ERCAN OSMANI, JORDAN LOYD, RODRIGUE BEAUBOIS, ROLANDS SMITS, SEHMUS HAZER, SHANE LARKIN",1,1.8,0,0,0,0,0,0,0,0,0,0,0,0,0,0,0,0,0,0,0,0,0,0.0,0.0,51.5,103.1,-51.5,0,0,0,0,0,0,0,0,0,0,0,0,0,0,0,0,0,0,0,0,0,0
NICK WEILER-BABB,Anadolu Efes Istanbul,8,NICK WEILER-BABB,"COLE SWIDER, ISAIA CORDINIER, RODRIGUE BEAUBOIS, ROLANDS SMITS, SEHMUS HAZER, SHANE LARKIN",1,1.1,0,0,0,0,0,0,0,0,0,0,0,0,0,0,0,0,0,0,0,0,0,0.0,0.0,100.0,58.1,41.9,0,0,0,0,0,0,0,0,0,0,0,0,0,0,0,0,0,0,0,0,0,0
PJ DOZIER,Anadolu Efes Istanbul,15,PJ DOZIER,"BRICE DESSERT, ERCAN OSMANI, JORDAN LOYD, NICK WEILER-BABB, RODRIGUE BEAUBOIS, SHANE LARKIN",1,4.5,5,1,2,50.0,1,1,100.0,2,2,100.0,0,1,1,1,1,0,0,0,3,3,8,8.0,91.3,171.2,87.5,83.7,75.0,86.8,100.0,0.0,0,0,0,1,0,0,1,1,100,0,0,0,0,0,0,0,2,2
PJ DOZIER,Anadolu Efes Istanbul,15,PJ DOZIER,"ISAIA CORDINIER, KAI JONES, NICK WEILER-BABB, RODRIGUE BEAUBOIS, SEHMUS HAZER, SHANE LARKIN",1,3.1,5,2,3,66.7,1,1,100.0,0,0,0,0,0,0,0,0,0,0,0,3,0,5,5.0,127.2,279.9,100.0,179.9,83.3,83.3,0.0,0.0,0,0,0,2,1,50,1,1,100,0,1,0,0,0,0,0,0,0
PJ DOZIER,Anadolu Efes Istanbul,15,PJ DOZIER,"BRICE DESSERT, ISAIA CORDINIER, JORDAN LOYD, RODRIGUE BEAUBOIS, SABEN LEE, SHANE LARKIN",1,2.7,2,1,3,33.3,0,1,0.0,0,0,0,0,1,1,0,1,0,0,0,3,0,2,2.0,50.0,100.0,60.0,40.0,33.3,33.3,0.0,0.0,0,0,0,2,1,50,1,0,0,0,0,0,0,0,0,0,0,2
PJ DOZIER,Anadolu Efes Istanbul,15,PJ DOZIER,"BRICE DESSERT, ERCAN OSMANI, JORDAN LOYD, RODRIGUE BEAUBOIS, SABEN LEE, SHANE LARKIN",1,2.1,0,0,0,0,0,0,0,0,0,0,0,0,0,0,1,0,0,1,0,0,0,0.0,0.0,84.0,131.6,-47.5,0,0,0,0,0,0,0,0,0,0,0,0,0,0,0,0,0,0,0,0,0,0
PJ DOZIER,Anadolu Efes Istanbul,15,PJ DOZIER,"JORDAN LOYD, NICK WEILER-BABB, RODRIGUE BEAUBOIS, ROLANDS SMITS, SEHMUS HAZER, SHANE LARKIN",1,1.9,0,0,1,0.0,0,0,0,0,0,0,1,0,1,0,0,0,0,0,0,0,0,0.0,0.0,139.9,95.2,44.6,0.0,0.0,0,0.0,0,0,0,1,0,0,0,0,0,0,0,0,0,0,0,0,0,0
PJ DOZIER,Anadolu Efes Istanbul,15,PJ DOZIER,"ISAIA CORDINIER, JORDAN LOYD, KAI JONES, RODRIGUE BEAUBOIS, SABEN LEE, SHANE LARKIN",1,1.4,0,0,0,0,0,0,0,0,0,0,0,0,0,0,0,0,0,0,0,0,0,0.0,0.0,173.6,266.0,-92.3,0,0,0,0,0,0,0,0,0,0,0,0,0,0,0,0,0,0,0,0,0,0
RODRIGUE BEAUBOIS,Anadolu Efes Istanbul,1,RODRIGUE BEAUBOIS,"JORDAN LOYD, SABEN LEE, SEHMUS HAZER, SHANE LARKIN",1,5.5,0,0,0,0,0,0,0,0,0,0,0,0,0,0,0,0,0,0,0,0,0,0.0,0.0,40.0,120.0,-80.0,0,0,0,0,0,0,0,0,0,0,0,0,0,0,0,0,0,0,0,0,0,0
RODRIGUE BEAUBOIS,Anadolu Efes Istanbul,1,RODRIGUE BEAUBOIS,"BRICE DESSERT, ERCAN OSMANI, JORDAN LOYD, NICK WEILER-BABB, PJ DOZIER, SHANE LARKIN",1,4.5,0,0,0,0,0,0,0,0,0,0,0,0,0,0,0,0,0,0,0,0,0,0.0,0.0,171.2,87.5,83.7,0,0,0,0,0,0,0,0,0,0,0,0,0,0,0,0,0,0,0,0,0,0
RODRIGUE BEAUBOIS,Anadolu Efes Istanbul,1,RODRIGUE BEAUBOIS,"ERKAN YILMAZ, JORDAN LOYD, KAI JONES, SABEN LEE, SEHMUS HAZER, SHANE LARKIN",1,3.6,0,0,0,0,0,0,0,0,0,0,0,0,0,0,0,0,0,0,0,0,0,0.0,0.0,116.3,138.7,-22.4,0,0,0,0,0,0,0,0,0,0,0,0,0,0,0,0,0,0,0,0,0,0
RODRIGUE BEAUBOIS,Anadolu Efes Istanbul,1,RODRIGUE BEAUBOIS,"ISAIA CORDINIER, KAI JONES, NICK WEILER-BABB, PJ DOZIER, SEHMUS HAZER, SHANE LARKIN",1,3.1,0,0,0,0,0,0,0,0,0,0,0,0,0,0,0,0,0,0,0,0,0,0.0,0.0,279.9,100.0,179.9,0,0,0,0,0,0,0,0,0,0,0,0,0,0,0,0,0,0,0,0,0,0
RODRIGUE BEAUBOIS,Anadolu Efes Istanbul,1,RODRIGUE BEAUBOIS,"ERCAN OSMANI, ISAIA CORDINIER, NICK WEILER-BABB, ROLANDS SMITS, SEHMUS HAZER, SHANE LARKIN",1,2.8,0,0,0,0,0,0,0,0,0,0,0,0,0,0,0,0,0,0,0,0,0,0.0,0.0,68.0,96.2,-28.2,0,0,0,0,0,0,0,0,0,0,0,0,0,0,0,0,0,0,0,0,0,0
RODRIGUE BEAUBOIS,Anadolu Efes Istanbul,1,RODRIGUE BEAUBOIS,"BRICE DESSERT, ISAIA CORDINIER, JORDAN LOYD, PJ DOZIER, SABEN LEE, SHANE LARKIN",1,2.7,0,0,0,0,0,0,0,0,0,0,0,0,0,0,0,0,0,0,0,0,0,0.0,0.0,100.0,60.0,40.0,0,0,0,0,0,0,0,0,0,0,0,0,0,0,0,0,0,0,0,0,0,0
RODRIGUE BEAUBOIS,Anadolu Efes Istanbul,1,RODRIGUE BEAUBOIS,"ISAIA CORDINIER, JORDAN LOYD, NICK WEILER-BABB, ROLANDS SMITS, SEHMUS HAZER, SHANE LARKIN",1,2.5,0,0,0,0,0,0,0,0,0,0,0,0,0,0,0,0,0,0,0,0,0,0.0,0.0,175.0,148.4,26.6,0,0,0,0,0,0,0,0,0,0,0,0,0,0,0,0,0,0,0,0,0,0
RODRIGUE BEAUBOIS,Anadolu Efes Istanbul,1,RODRIGUE BEAUBOIS,"ERKAN YILMAZ, JORDAN LOYD, SABEN LEE, SEHMUS HAZER, SHANE LARKIN",1,2.4,0,0,0,0,0,0,0,0,0,0,0,0,0,0,0,0,0,0,0,0,0,0.0,0.0,107.8,40.0,67.8,0,0,0,0,0,0,0,0,0,0,0,0,0,0,0,0,0,0,0,0,0,0
RODRIGUE BEAUBOIS,Anadolu Efes Istanbul,1,RODRIGUE BEAUBOIS,"BRICE DESSERT, ERCAN OSMANI, JORDAN LOYD, PJ DOZIER, SABEN LEE, SHANE LARKIN",1,2.1,0,0,0,0,0,0,0,0,0,0,0,0,0,0,0,0,0,0,0,0,0,0.0,0.0,84.0,131.6,-47.5,0,0,0,0,0,0,0,0,0,0,0,0,0,0,0,0,0,0,0,0,0,0
RODRIGUE BEAUBOIS,Anadolu Efes Istanbul,1,RODRIGUE BEAUBOIS,"JORDAN LOYD, NICK WEILER-BABB, PJ DOZIER, ROLANDS SMITS, SEHMUS HAZER, SHANE LARKIN",1,1.9,0,0,0,0,0,0,0,0,0,0,0,0,0,0,0,0,0,0,0,0,0,0.0,0.0,139.9,95.2,44.6,0,0,0,0,0,0,0,0,0,0,0,0,0,0,0,0,0,0,0,0,0,0
RODRIGUE BEAUBOIS,Anadolu Efes Istanbul,1,RODRIGUE BEAUBOIS,"ERCAN OSMANI, JORDAN LOYD, NICK WEILER-BABB, ROLANDS SMITS, SEHMUS HAZER, SHANE LARKIN",1,1.8,0,0,0,0,0,0,0,0,0,0,0,0,0,0,0,0,0,0,0,0,0,0.0,0.0,51.5,103.1,-51.5,0,0,0,0,0,0,0,0,0,0,0,0,0,0,0,0,0,0,0,0,0,0
RODRIGUE BEAUBOIS,Anadolu Efes Istanbul,1,RODRIGUE BEAUBOIS,"ISAIA CORDINIER, JORDAN LOYD, KAI JONES, PJ DOZIER, SABEN LEE, SHANE LARKIN",1,1.4,0,0,0,0,0,0,0,0,0,0,0,0,0,0,0,0,0,0,0,0,0,0.0,0.0,173.6,266.0,-92.3,0,0,0,0,0,0,0,0,0,0,0,0,0,0,0,0,0,0,0,0,0,0
RODRIGUE BEAUBOIS,Anadolu Efes Istanbul,1,RODRIGUE BEAUBOIS,"COLE SWIDER, ERKAN YILMAZ, KAI JONES, SABEN LEE, SEHMUS HAZER, SHANE LARKIN",1,1.2,0,0,0,0,0,0,0,0,0,0,0,0,0,0,0,0,0,0,0,0,0,0.0,0.0,0.0,208.3,-208.3,0,0,0,0,0,0,0,0,0,0,0,0,0,0,0,0,0,0,0,0,0,0
RODRIGUE BEAUBOIS,Anadolu Efes Istanbul,1,RODRIGUE BEAUBOIS,"COLE SWIDER, ISAIA CORDINIER, NICK WEILER-BABB, ROLANDS SMITS, SEHMUS HAZER, SHANE LARKIN",1,1.1,0,0,0,0,0,0,0,0,0,0,0,0,0,0,0,0,0,0,0,0,0,0.0,0.0,100.0,58.1,41.9,0,0,0,0,0,0,0,0,0,0,0,0,0,0,0,0,0,0,0,0,0,0
ROLANDS SMITS,Anadolu Efes Istanbul,11,ROLANDS SMITS,"ERCAN OSMANI, ISAIA CORDINIER, NICK WEILER-BABB, RODRIGUE BEAUBOIS, SEHMUS HAZER, SHANE LARKIN",1,2.8,2,0,0,0,0,0,0,2,2,100.0,0,0,0,0,0,0,0,0,1,0,2,2.0,34.0,68.0,96.2,-28.2,0,113.6,0,0.0,0,0,0,0,0,0,0,0,0,0,0,0,0,0,0,0,2,0
ROLANDS SMITS,Anadolu Efes Istanbul,11,ROLANDS SMITS,"ISAIA CORDINIER, JORDAN LOYD, NICK WEILER-BABB, RODRIGUE BEAUBOIS, SEHMUS HAZER, SHANE LARKIN",1,2.5,3,1,1,100.0,1,1,100.0,0,0,0,0,0,0,0,0,0,1,0,2,0,3,3.0,75.0,175.0,148.4,26.6,150.0,150.0,0.0,50.0,0,0,0,0,0,0,1,1,100,0,0,0,0,0,1,0,0,0
ROLANDS SMITS,Anadolu Efes Istanbul,11,ROLANDS SMITS,"JORDAN LOYD, NICK WEILER-BABB, PJ DOZIER, RODRIGUE BEAUBOIS, SEHMUS HAZER, SHANE LARKIN",1,1.9,0,0,0,0,0,0,0,0,0,0,0,0,0,0,0,0,0,0,0,0,0,0.0,0.0,139.9,95.2,44.6,0,0,0,0,0,0,0,0,0,0,0,0,0,0,0,0,0,0,0,0,0,0
ROLANDS SMITS,Anadolu Efes Istanbul,11,ROLANDS SMITS,"ERCAN OSMANI, JORDAN LOYD, NICK WEILER-BABB, RODRIGUE BEAUBOIS, SEHMUS HAZER, SHANE LARKIN",1,1.8,0,0,0,0,0,0,0,0,0,0,0,0,0,0,0,0,0,0,0,0,0,0.0,0.0,51.5,103.1,-51.5,0,0,0,0,0,0,0,0,0,0,0,0,0,0,0,0,0,0,0,0,0,0
ROLANDS SMITS,Anadolu Efes Istanbul,11,ROLANDS SMITS,"COLE SWIDER, ISAIA CORDINIER, NICK WEILER-BABB, RODRIGUE BEAUBOIS, SEHMUS HAZER, SHANE LARKIN",1,1.1,0,0,0,0,0,0,0,0,0,0,0,0,0,0,0,0,0,0,0,0,0,0.0,0.0,100.0,58.1,41.9,0,0,0,0,0,0,0,0,0,0,0,0,0,0,0,0,0,0,0,0,0,0
SABEN LEE,Anadolu Efes Istanbul,5,SABEN LEE,"JORDAN LOYD, RODRIGUE BEAUBOIS, SEHMUS HAZER, SHANE LARKIN",1,5.5,0,0,0,0,0,0,0,0,0,0,0,0,0,0,0,0,0,0,0,0,0,0.0,0.0,40.0,120.0,-80.0,0,0,0,0,0,0,0,0,0,0,0,0,0,0,0,0,0,0,0,0,0,0
SABEN LEE,Anadolu Efes Istanbul,5,SABEN LEE,"ERKAN YILMAZ, JORDAN LOYD, KAI JONES, RODRIGUE BEAUBOIS, SEHMUS HAZER, SHANE LARKIN",1,3.6,0,0,1,0.0,0,1,0.0,0,0,0,0,0,0,1,0,0,0,0,1,3,3,3.0,43.6,116.3,138.7,-22.4,0.0,0.0,0,0.0,0,0,0,0,0,0,1,0,0,0,0,0,0,0,0,0,0,0
SABEN LEE,Anadolu Efes Istanbul,5,SABEN LEE,"BRICE DESSERT, ISAIA CORDINIER, JORDAN LOYD, PJ DOZIER, RODRIGUE BEAUBOIS, SHANE LARKIN",1,2.7,0,0,0,0,0,0,0,0,0,0,0,0,0,0,0,0,0,0,0,0,0,0.0,0.0,100.0,60.0,40.0,0,0,0,0,0,0,0,0,0,0,0,0,0,0,0,0,0,0,0,0,0,0
SABEN LEE,Anadolu Efes Istanbul,5,SABEN LEE,"ERKAN YILMAZ, JORDAN LOYD, RODRIGUE BEAUBOIS, SEHMUS HAZER, SHANE LARKIN",1,2.4,0,0,0,0,0,0,0,0,0,0,0,0,0,0,0,0,0,0,0,0,0,0.0,0.0,107.8,40.0,67.8,0,0,0,0,0,0,0,0,0,0,0,0,0,0,0,0,0,0,0,0,0,0
SABEN LEE,Anadolu Efes Istanbul,5,SABEN LEE,"BRICE DESSERT, ERCAN OSMANI, JORDAN LOYD, PJ DOZIER, RODRIGUE BEAUBOIS, SHANE LARKIN",1,2.1,0,0,1,0.0,0,1,0.0,0,0,0,0,0,0,0,0,0,0,0,1,0,0,0.0,0.0,84.0,131.6,-47.5,0.0,0.0,0,0.0,0,0,0,0,0,0,1,0,0,0,0,0,0,0,0,0,0,0
SABEN LEE,Anadolu Efes Istanbul,5,SABEN LEE,"ISAIA CORDINIER, JORDAN LOYD, KAI JONES, PJ DOZIER, RODRIGUE BEAUBOIS, SHANE LARKIN",1,1.4,0,0,0,0,0,0,0,0,0,0,0,0,0,0,0,0,0,1,0,0,0,0.0,0.0,173.6,266.0,-92.3,0,0,0,0,0,0,0,0,0,0,0,0,0,0,0,0,0,0,0,0,0,0
SABEN LEE,Anadolu Efes Istanbul,5,SABEN LEE,"COLE SWIDER, ERKAN YILMAZ, KAI JONES, RODRIGUE BEAUBOIS, SEHMUS HAZER, SHANE LARKIN",1,1.2,0,0,0,0,0,0,0,0,0,0,0,0,0,0,0,0,1,1,1,0,0,0.0,0.0,0.0,208.3,-208.3,0,0,0,100.0,0,0,0,0,0,0,0,0,0,0,0,0,0,0,1,0,0,0
SEHMUS HAZER,Anadolu Efes Istanbul,2,SEHMUS HAZER,"JORDAN LOYD, RODRIGUE BEAUBOIS, SABEN LEE, SHANE LARKIN",1,5.5,0,0,0,0,0,0,0,0,0,0,0,0,0,0,0,0,0,0,0,0,0,0.0,0.0,40.0,120.0,-80.0,0,0,0,0,0,0,0,0,0,0,0,0,0,0,0,0,0,0,0,0,0,0
SEHMUS HAZER,Anadolu Efes Istanbul,2,SEHMUS HAZER,"ERKAN YILMAZ, JORDAN LOYD, KAI JONES, RODRIGUE BEAUBOIS, SABEN LEE, SHANE LARKIN",1,3.6,0,0,0,0,0,0,0,0,0,0,0,0,0,0,0,0,0,0,0,0,0,0.0,0.0,116.3,138.7,-22.4,0,0,0,0,0,0,0,0,0,0,0,0,0,0,0,0,0,0,0,0,0,0
SEHMUS HAZER,Anadolu Efes Istanbul,2,SEHMUS HAZER,"ISAIA CORDINIER, KAI JONES, NICK WEILER-BABB, PJ DOZIER, RODRIGUE BEAUBOIS, SHANE LARKIN",1,3.1,3,1,1,100.0,1,1,100.0,0,0,0,0,0,0,0,0,0,0,0,1,0,3,3.0,76.3,279.9,100.0,179.9,150.0,150.0,0.0,0.0,0,0,0,0,0,0,1,1,100,0,0,0,0,0,0,0,0,0
SEHMUS HAZER,Anadolu Efes Istanbul,2,SEHMUS HAZER,"ERCAN OSMANI, ISAIA CORDINIER, NICK WEILER-BABB, RODRIGUE BEAUBOIS, ROLANDS SMITS, SHANE LARKIN",1,2.8,2,1,3,33.3,0,2,0.0,0,0,0,0,0,0,0,0,0,0,0,3,0,2,2.0,34.0,68.0,96.2,-28.2,33.3,33.3,0.0,0.0,0,0,0,1,1,100,2,0,0,0,0,0,0,0,0,0,0,2
SEHMUS HAZER,Anadolu Efes Istanbul,2,SEHMUS HAZER,"ISAIA CORDINIER, JORDAN LOYD, NICK WEILER-BABB, RODRIGUE BEAUBOIS, ROLANDS SMITS, SHANE LARKIN",1,2.5,2,1,1,100.0,0,0,0,0,0,0,0,0,0,1,0,0,0,0,1,3,5,5.0,125.0,175.0,148.4,26.6,100.0,100.0,100.0,0.0,0,0,0,1,1,100,0,0,0,0,0,0,0,0,0,0,2,2
SEHMUS HAZER,Anadolu Efes Istanbul,2,SEHMUS HAZER,"ERKAN YILMAZ, JORDAN LOYD, RODRIGUE BEAUBOIS, SABEN LEE, SHANE LARKIN",1,2.4,0,0,0,0,0,0,0,0,0,0,0,0,0,0,0,0,0,0,0,0,0,0.0,0.0,107.8,40.0,67.8,0,0,0,0,0,0,0,0,0,0,0,0,0,0,0,0,0,0,0,0,0,0
SEHMUS HAZER,Anadolu Efes Istanbul,2,SEHMUS HAZER,"JORDAN LOYD, NICK WEILER-BABB, PJ DOZIER, RODRIGUE BEAUBOIS, ROLANDS SMITS, SHANE LARKIN",1,1.9,2,1,3,33.3,0,1,0.0,0,0,0,0,0,0,0,0,0,0,0,3,0,2,2.0,69.9,139.9,95.2,44.6,33.3,33.3,0.0,0.0,0,0,0,2,1,50,1,0,0,0,0,0,0,0,0,0,0,0
SEHMUS HAZER,Anadolu Efes Istanbul,2,SEHMUS HAZER,"ERCAN OSMANI, JORDAN LOYD, NICK WEILER-BABB, RODRIGUE BEAUBOIS, ROLANDS SMITS, SHANE LARKIN",1,1.8,0,0,0,0,0,0,0,0,0,0,0,0,0,0,0,0,1,1,1,0,0,0.0,0.0,51.5,103.1,-51.5,0,0,0,100.0,0,0,0,0,0,0,0,0,0,0,0,0,0,0,1,0,0,0
SEHMUS HAZER,Anadolu Efes Istanbul,2,SEHMUS HAZER,"COLE SWIDER, ERKAN YILMAZ, KAI JONES, RODRIGUE BEAUBOIS, SABEN LEE, SHANE LARKIN",1,1.2,0,0,0,0,0,0,0,0,0,0,0,0,0,0,0,0,0,0,0,0,0,0.0,0.0,0.0,208.3,-208.3,0,0,0,0,0,0,0,0,0,0,0,0,0,0,0,0,0,0,0,0,0,0
SEHMUS HAZER,Anadolu Efes Istanbul,2,SEHMUS HAZER,"COLE SWIDER, ISAIA CORDINIER, NICK WEILER-BABB, RODRIGUE BEAUBOIS, ROLANDS SMITS, SHANE LARKIN",1,1.1,2,1,1,100.0,0,0,0,0,0,0,0,1,1,0,0,0,0,0,1,0,2,2.0,100.0,100.0,58.1,41.9,100.0,100.0,0.0,0.0,0,0,0,1,1,100,0,0,0,0,0,0,0,0,0,0,0,0
SHANE LARKIN,Anadolu Efes Istanbul,0,SHANE LARKIN,"JORDAN LOYD, RODRIGUE BEAUBOIS, SABEN LEE, SEHMUS HAZER",1,5.5,0,0,0,0,0,0,0,0,0,0,0,0,0,0,0,0,0,0,0,0,0,0.0,0.0,40.0,120.0,-80.0,0,0,0,0,0,0,0,0,0,0,0,0,0,0,0,0,0,0,0,0,0,0
SHANE LARKIN,Anadolu Efes Istanbul,0,SHANE LARKIN,"BRICE DESSERT, ERCAN OSMANI, JORDAN LOYD, NICK WEILER-BABB, PJ DOZIER, RODRIGUE BEAUBOIS",1,4.5,0,0,0,0,0,0,0,0,0,0,0,0,0,0,0,0,0,0,0,0,0,0.0,0.0,171.2,87.5,83.7,0,0,0,0,0,0,0,0,0,0,0,0,0,0,0,0,0,0,0,0,0,0
SHANE LARKIN,Anadolu Efes Istanbul,0,SHANE LARKIN,"ERKAN YILMAZ, JORDAN LOYD, KAI JONES, RODRIGUE BEAUBOIS, SABEN LEE, SEHMUS HAZER",1,3.6,0,0,0,0,0,0,0,0,0,0,0,0,0,0,0,0,0,0,0,0,0,0.0,0.0,116.3,138.7,-22.4,0,0,0,0,0,0,0,0,0,0,0,0,0,0,0,0,0,0,0,0,0,0
SHANE LARKIN,Anadolu Efes Istanbul,0,SHANE LARKIN,"ISAIA CORDINIER, KAI JONES, NICK WEILER-BABB, PJ DOZIER, RODRIGUE BEAUBOIS, SEHMUS HAZER",1,3.1,0,0,0,0,0,0,0,0,0,0,0,0,0,0,0,0,0,0,0,0,0,0.0,0.0,279.9,100.0,179.9,0,0,0,0,0,0,0,0,0,0,0,0,0,0,0,0,0,0,0,0,0,0
SHANE LARKIN,Anadolu Efes Istanbul,0,SHANE LARKIN,"ERCAN OSMANI, ISAIA CORDINIER, NICK WEILER-BABB, RODRIGUE BEAUBOIS, ROLANDS SMITS, SEHMUS HAZER",1,2.8,0,0,0,0,0,0,0,0,0,0,0,0,0,0,0,0,0,0,0,0,0,0.0,0.0,68.0,96.2,-28.2,0,0,0,0,0,0,0,0,0,0,0,0,0,0,0,0,0,0,0,0,0,0
SHANE LARKIN,Anadolu Efes Istanbul,0,SHANE LARKIN,"BRICE DESSERT, ISAIA CORDINIER, JORDAN LOYD, PJ DOZIER, RODRIGUE BEAUBOIS, SABEN LEE",1,2.7,0,0,0,0,0,0,0,0,0,0,0,0,0,0,0,0,0,0,0,0,0,0.0,0.0,100.0,60.0,40.0,0,0,0,0,0,0,0,0,0,0,0,0,0,0,0,0,0,0,0,0,0,0
SHANE LARKIN,Anadolu Efes Istanbul,0,SHANE LARKIN,"ISAIA CORDINIER, JORDAN LOYD, NICK WEILER-BABB, RODRIGUE BEAUBOIS, ROLANDS SMITS, SEHMUS HAZER",1,2.5,0,0,0,0,0,0,0,0,0,0,0,0,0,0,0,0,0,0,0,0,0,0.0,0.0,175.0,148.4,26.6,0,0,0,0,0,0,0,0,0,0,0,0,0,0,0,0,0,0,0,0,0,0
SHANE LARKIN,Anadolu Efes Istanbul,0,SHANE LARKIN,"ERKAN YILMAZ, JORDAN LOYD, RODRIGUE BEAUBOIS, SABEN LEE, SEHMUS HAZER",1,2.4,0,0,0,0,0,0,0,0,0,0,0,0,0,0,0,0,0,0,0,0,0,0.0,0.0,107.8,40.0,67.8,0,0,0,0,0,0,0,0,0,0,0,0,0,0,0,0,0,0,0,0,0,0
SHANE LARKIN,Anadolu Efes Istanbul,0,SHANE LARKIN,"BRICE DESSERT, ERCAN OSMANI, JORDAN LOYD, PJ DOZIER, RODRIGUE BEAUBOIS, SABEN LEE",1,2.1,0,0,0,0,0,0,0,0,0,0,0,0,0,0,0,0,0,0,0,0,0,0.0,0.0,84.0,131.6,-47.5,0,0,0,0,0,0,0,0,0,0,0,0,0,0,0,0,0,0,0,0,0,0
SHANE LARKIN,Anadolu Efes Istanbul,0,SHANE LARKIN,"JORDAN LOYD, NICK WEILER-BABB, PJ DOZIER, RODRIGUE BEAUBOIS, ROLANDS SMITS, SEHMUS HAZER",1,1.9,0,0,0,0,0,0,0,0,0,0,0,0,0,0,0,0,0,0,0,0,0,0.0,0.0,139.9,95.2,44.6,0,0,0,0,0,0,0,0,0,0,0,0,0,0,0,0,0,0,0,0,0,0
SHANE LARKIN,Anadolu Efes Istanbul,0,SHANE LARKIN,"ERCAN OSMANI, JORDAN LOYD, NICK WEILER-BABB, RODRIGUE BEAUBOIS, ROLANDS SMITS, SEHMUS HAZER",1,1.8,0,0,0,0,0,0,0,0,0,0,0,0,0,0,0,0,0,0,0,0,0,0.0,0.0,51.5,103.1,-51.5,0,0,0,0,0,0,0,0,0,0,0,0,0,0,0,0,0,0,0,0,0,0
SHANE LARKIN,Anadolu Efes Istanbul,0,SHANE LARKIN,"ISAIA CORDINIER, JORDAN LOYD, KAI JONES, PJ DOZIER, RODRIGUE BEAUBOIS, SABEN LEE",1,1.4,0,0,0,0,0,0,0,0,0,0,0,0,0,0,0,0,0,0,0,0,0,0.0,0.0,173.6,266.0,-92.3,0,0,0,0,0,0,0,0,0,0,0,0,0,0,0,0,0,0,0,0,0,0
SHANE LARKIN,Anadolu Efes Istanbul,0,SHANE LARKIN,"COLE SWIDER, ERKAN YILMAZ, KAI JONES, RODRIGUE BEAUBOIS, SABEN LEE, SEHMUS HAZER",1,1.2,0,0,0,0,0,0,0,0,0,0,0,0,0,0,0,0,0,0,0,0,0,0.0,0.0,0.0,208.3,-208.3,0,0,0,0,0,0,0,0,0,0,0,0,0,0,0,0,0,0,0,0,0,0
SHANE LARKIN,Anadolu Efes Istanbul,0,SHANE LARKIN,"COLE SWIDER, ISAIA CORDINIER, NICK WEILER-BABB, RODRIGUE BEAUBOIS, ROLANDS SMITS, SEHMUS HAZER",1,1.1,0,0,0,0,0,0,0,0,0,0,0,0,0,0,0,0,0,0,0,0,0,0.0,0.0,100.0,58.1,41.9,0,0,0,0,0,0,0,0,0,0,0,0,0,0,0,0,0,0,0,0,0,0
ALEKSA AVRAMOVIC,Dubai Basketball,4,ALEKSA AVRAMOVIC,"BOOGIE ELLIS, KLEMEN PREPELIC, KOSTA KONDIC, NATE MASON",1,8.0,0,0,0,0,0,0,0,0,0,0,0,0,0,0,0,0,0,0,0,0,0,0.0,0.0,162.0,125.0,37.0,0,0,0,0,0,0,0,0,0,0,0,0,0,0,0,0,0,0,0,0,0,0
ALEKSA AVRAMOVIC,Dubai Basketball,4,ALEKSA AVRAMOVIC,"AWUDU ABASS, BOOGIE ELLIS, BRUNO CABOCLO, DWAYNE BACON, KLEMEN PREPELIC, KOSTA KONDIC, NATE MASON",1,7.0,1,0,3,0.0,0,3,0.0,1,2,50.0,0,1,1,2,1,0,1,0,5,5,6,6.0,41.2,116.8,121.5,-4.7,0.0,12.9,0,14.5,0,0,0,0,0,0,3,0,0,0,0,0,0,0,1,0,1,1
ALEKSA AVRAMOVIC,Dubai Basketball,4,ALEKSA AVRAMOVIC,"BOOGIE ELLIS, DWAYNE BACON, JUSTIN ANDERSON, KENAN KAMENJAS, KLEMEN PREPELIC, KOSTA KONDIC, NATE MASON",1,4.8,1,0,1,0.0,0,1,0.0,1,2,50.0,2,1,3,0,1,0,1,1,1,0,1,1.0,9.0,72.0,156.5,-84.5,0.0,26.6,0,34.7,0,0,0,0,0,0,1,0,0,0,0,0,0,0,1,0,1,1
AWUDU ABASS,Dubai Basketball,5,AWUDU ABASS,"ALEKSA AVRAMOVIC, BOOGIE ELLIS, BRUNO CABOCLO, DWAYNE BACON, KLEMEN PREPELIC, KOSTA KONDIC, NATE MASON",1,7.0,0,0,0,0,0,0,0,0,0,0,0,0,0,0,0,0,0,2,0,0,0,0.0,0.0,116.8,121.5,-4.7,0,0,0,0,0,0,0,0,0,0,0,0,0,0,0,0,0,0,0,0,0,0
BOOGIE ELLIS,Dubai Basketball,9,BOOGIE ELLIS,"ALEKSA AVRAMOVIC, KLEMEN PREPELIC, KOSTA KONDIC, NATE MASON",1,8.0,0,0,0,0,0,0,0,0,0,0,0,0,0,0,0,0,0,0,0,0,0,0.0,0.0,162.0,125.0,37.0,0,0,0,0,0,0,0,0,0,0,0,0,0,0,0,0,0,0,0,0,0,0
BOOGIE ELLIS,Dubai Basketball,9,BOOGIE ELLIS,"ALEKSA AVRAMOVIC, AWUDU ABASS, BRUNO CABOCLO, DWAYNE BACON, KLEMEN PREPELIC, KOSTA KONDIC, NATE MASON",1,7.0,0,0,0,0,0,0,0,0,0,0,0,0,0,0,0,0,0,0,0,0,0,0.0,0.0,116.8,121.5,-4.7,0,0,0,0,0,0,0,0,0,0,0,0,0,0,0,0,0,0,0,0,0,0
BOOGIE ELLIS,Dubai Basketball,9,BOOGIE ELLIS,"DZANAN MUSA, FILIP PETRUSEV, JUSTIN ANDERSON, KOSTA KONDIC, MCKINLEY WRIGHT IV, MFIONDU KABENGELE, NATE MASON",1,6.3,0,0,0,0,0,0,0,0,0,0,0,0,0,0,0,0,0,0,0,0,0,0.0,0.0,122.3,129.9,-7.6,0,0,0,0,0,0,0,0,0,0,0,0,0,0,0,0,0,0,0,0,0,0
BOOGIE ELLIS,Dubai Basketball,9,BOOGIE ELLIS,"ALEKSA AVRAMOVIC, DWAYNE BACON, JUSTIN ANDERSON, KENAN KAMENJAS, KLEMEN PREPELIC, KOSTA KONDIC, NATE MASON",1,4.8,0,0,0,0,0,0,0,0,0,0,0,0,0,0,0,0,0,0,0,0,0,0.0,0.0,72.0,156.5,-84.5,0,0,0,0,0,0,0,0,0,0,0,0,0,0,0,0,0,0,0,0,0,0
BOOGIE ELLIS,Dubai Basketball,9,BOOGIE ELLIS,"BRUNO CABOCLO, DZANAN MUSA, FILIP PETRUSEV, KOSTA KONDIC, MCKINLEY WRIGHT IV, NATE MASON",1,2.4,0,0,0,0,0,0,0,0,0,0,0,0,0,0,0,0,0,0,0,0,0,0.0,0.0,0.0,130.0,-130.0,0,0,0,0,0,0,0,0,0,0,0,0,0,0,0,0,0,0,0,0,0,0
BOOGIE ELLIS,Dubai Basketball,9,BOOGIE ELLIS,"DWAYNE BACON, FILIP PETRUSEV, KLEMEN PREPELIC, KOSTA KONDIC, MCKINLEY WRIGHT IV, MFIONDU KABENGELE, NATE MASON",1,2.3,0,0,0,0,0,0,0,0,0,0,0,0,0,0,0,0,0,0,0,0,0,0.0,0.0,74.0,60.0,14.0,0,0,0,0,0,0,0,0,0,0,0,0,0,0,0,0,0,0,0,0,0,0
BOOGIE ELLIS,Dubai Basketball,9,BOOGIE ELLIS,"DZANAN MUSA, FILIP PETRUSEV, KLEMEN PREPELIC, KOSTA KONDIC, MCKINLEY WRIGHT IV, MFIONDU KABENGELE, NATE MASON",1,2.1,0,0,0,0,0,0,0,0,0,0,0,0,0,0,0,0,0,0,0,0,0,0.0,0.0,244.8,0.0,244.8,0,0,0,0,0,0,0,0,0,0,0,0,0,0,0,0,0,0,0,0,0,0
BOOGIE ELLIS,Dubai Basketball,9,BOOGIE ELLIS,"DWAYNE BACON, DZANAN MUSA, FILIP PETRUSEV, KOSTA KONDIC, MCKINLEY WRIGHT IV, MFIONDU KABENGELE, NATE MASON",1,1.5,0,0,0,0,0,0,0,0,0,0,0,0,0,0,0,0,0,0,0,0,0,0.0,0.0,185.9,69.4,116.4,0,0,0,0,0,0,0,0,0,0,0,0,0,0,0,0,0,0,0,0,0,0
BOOGIE ELLIS,Dubai Basketball,9,BOOGIE ELLIS,"BRUNO CABOCLO, DWAYNE BACON, DZANAN MUSA, JUSTIN ANDERSON, MCKINLEY WRIGHT IV, NATE MASON",1,1.3,0,0,0,0,0,0,0,0,0,0,0,0,0,0,0,0,0,0,0,0,0,0.0,0.0,103.1,236.2,-133.1,0,0,0,0,0,0,0,0,0,0,0,0,0,0,0,0,0,0,0,0,0,0
BRUNO CABOCLO,Dubai Basketball,51,BRUNO CABOCLO,"ALEKSA AVRAMOVIC, AWUDU ABASS, BOOGIE ELLIS, DWAYNE BACON, KLEMEN PREPELIC, KOSTA KONDIC, NATE MASON",1,7.0,2,1,3,33.3,0,0,0,0,0,0,2,2,4,1,0,0,1,2,2,3,5,5.0,34.4,116.8,121.5,-4.7,33.3,33.3,100.0,20.0,0,0,0,3,1,33.3,0,0,0,0,0,0,0,0,1,0,0,0
BRUNO CABOCLO,Dubai Basketball,51,BRUNO CABOCLO,"BOOGIE ELLIS, DZANAN MUSA, FILIP PETRUSEV, KOSTA KONDIC, MCKINLEY WRIGHT IV, NATE MASON",1,2.4,0,0,0,0,0,0,0,0,0,0,0,1,1,0,0,1,1,1,1,0,0,0.0,0.0,0.0,130.0,-130.0,0,0,0,100.0,0,0,0,0,0,0,0,0,0,0,0,0,0,0,1,0,0,0
BRUNO CABOCLO,Dubai Basketball,51,BRUNO CABOCLO,"BOOGIE ELLIS, DWAYNE BACON, DZANAN MUSA, JUSTIN ANDERSON, MCKINLEY WRIGHT IV, NATE MASON",1,1.3,2,0,0,0,0,0,0,2,2,100.0,0,0,0,0,0,0,0,1,1,0,2,2.0,51.5,103.1,236.2,-133.1,0,113.6,0,0.0,0,0,0,0,0,0,0,0,0,0,0,0,0,0,0,0,2,0
DWAYNE BACON,Dubai Basketball,3,DWAYNE BACON,"ALEKSA AVRAMOVIC, AWUDU ABASS, BOOGIE ELLIS, BRUNO CABOCLO, KLEMEN PREPELIC, KOSTA KONDIC, NATE MASON",1,7.0,8,4,6,66.7,0,0,0,0,2,0.0,1,1,2,0,0,0,0,0,6,0,8,8.0,55.0,116.8,121.5,-4.7,66.7,58.1,0.0,0.0,0,0,0,6,4,66.7,0,0,0,0,0,0,0,0,0,2,2,2
DWAYNE BACON,Dubai Basketball,3,DWAYNE BACON,"ALEKSA AVRAMOVIC, BOOGIE ELLIS, JUSTIN ANDERSON, KENAN KAMENJAS, KLEMEN PREPELIC, KOSTA KONDIC, NATE MASON",1,4.8,7,2,4,50.0,0,1,0.0,3,4,75.0,0,0,0,0,0,1,0,2,6,0,7,7.0,63.0,72.0,156.5,-84.5,50.0,60.8,0.0,0.0,0,0,0,3,2,66.7,1,0,0,0,0,0,0,0,0,0,0,0
DWAYNE BACON,Dubai Basketball,3,DWAYNE BACON,"BOOGIE ELLIS, FILIP PETRUSEV, KLEMEN PREPELIC, KOSTA KONDIC, MCKINLEY WRIGHT IV, MFIONDU KABENGELE, NATE MASON",1,2.3,2,1,2,50.0,0,0,0,0,0,0,0,0,0,0,0,0,0,0,2,0,2,2.0,29.6,74.0,60.0,14.0,50.0,50.0,0.0,0.0,0,0,0,2,1,50,0,0,0,0,0,0,0,0,0,0,0,0
DWAYNE BACON,Dubai Basketball,3,DWAYNE BACON,"BOOGIE ELLIS, DZANAN MUSA, FILIP PETRUSEV, KOSTA KONDIC, MCKINLEY WRIGHT IV, MFIONDU KABENGELE, NATE MASON",1,1.5,0,0,0,0,0,0,0,0,0,0,0,0,0,0,0,0,0,0,0,0,0,0.0,0.0,185.9,69.4,116.4,0,0,0,0,0,0,0,0,0,0,0,0,0,0,0,0,0,0,0,0,0,0
DWAYNE BACON,Dubai Basketball,3,DWAYNE BACON,"BOOGIE ELLIS, BRUNO CABOCLO, DZANAN MUSA, JUSTIN ANDERSON, MCKINLEY WRIGHT IV, NATE MASON",1,1.3,2,1,1,100.0,0,0,0,0,0,0,0,0,0,0,0,0,0,0,1,0,2,2.0,51.5,103.1,236.2,-133.1,100.0,100.0,0.0,0.0,0,0,0,1,1,100,0,0,0,0,0,0,0,0,0,0,0,0
DZANAN MUSA,Dubai Basketball,13,DZANAN MUSA,"BOOGIE ELLIS, FILIP PETRUSEV, JUSTIN ANDERSON, KOSTA KONDIC, MCKINLEY WRIGHT IV, MFIONDU KABENGELE, NATE MASON",1,6.3,5,1,2,50.0,0,0,0,3,4,75.0,2,2,4,2,0,0,0,0,2,4,9,9.0,73.4,122.3,129.9,-7.6,50.0,66.5,200.0,0.0,0,0,0,2,1,50,0,0,0,0,0,0,0,0,0,5,0,0
DZANAN MUSA,Dubai Basketball,13,DZANAN MUSA,"BOOGIE ELLIS, BRUNO CABOCLO, FILIP PETRUSEV, KOSTA KONDIC, MCKINLEY WRIGHT IV, NATE MASON",1,2.4,0,0,1,0.0,0,0,0,0,0,0,0,0,0,0,0,0,1,1,2,0,0,0.0,0.0,0.0,130.0,-130.0,0.0,0.0,0,50.0,0,0,0,1,0,0,0,0,0,0,0,0,0,0,1,0,0,0
DZANAN MUSA,Dubai Basketball,13,DZANAN MUSA,"BOOGIE ELLIS, FILIP PETRUSEV, KLEMEN PREPELIC, KOSTA KONDIC, MCKINLEY WRIGHT IV, MFIONDU KABENGELE, NATE MASON",1,2.1,2,1,1,100.0,0,0,0,0,0,0,1,1,2,0,0,0,0,0,0,0,2,2.0,69.9,244.8,0.0,244.8,100.0,100.0,0.0,0.0,0,0,0,1,1,100,0,0,0,0,0,0,0,0,0,2,0,2
DZANAN MUSA,Dubai Basketball,13,DZANAN MUSA,"BOOGIE ELLIS, DWAYNE BACON, FILIP PETRUSEV, KOSTA KONDIC, MCKINLEY WRIGHT IV, MFIONDU KABENGELE, NATE MASON",1,1.5,3,1,2,50.0,0,0,0,1,2,50.0,1,0,1,0,0,0,0,1,2,0,3,3.0,111.5,185.9,69.4,116.4,50.0,52.1,0.0,0.0,0,0,0,2,1,50,0,0,0,0,0,0,0,0,0,1,0,0
DZANAN MUSA,Dubai Basketball,13,DZANAN MUSA,"BOOGIE ELLIS, BRUNO CABOCLO, DWAYNE BACON, JUSTIN ANDERSON, MCKINLEY WRIGHT IV, NATE MASON",1,1.3,0,0,0,0,0,0,0,0,0,0,0,0,0,0,0,0,0,0,0,0,0,0.0,0.0,103.1,236.2,-133.1,0,0,0,0,0,0,0,0,0,0,0,0,0,0,0,0,0,0,0,0,0,0
FILIP PETRUSEV,Dubai Basketball,30,FILIP PETRUSEV,"BOOGIE ELLIS, DZANAN MUSA, JUSTIN ANDERSON, KOSTA KONDIC, MCKINLEY WRIGHT IV, MFIONDU KABENGELE, NATE MASON",1,6.3,4,2,3,66.7,0,0,0,0,0,0,0,0,0,0,0,0,0,0,3,0,4,4.0,32.6,122.3,129.9,-7.6,66.7,66.7,0.0,0.0,0,0,0,3,2,66.7,0,0,0,0,0,0,0,0,0,0,0,0
FILIP PETRUSEV,Dubai Basketball,30,FILIP PETRUSEV,"BOOGIE ELLIS, BRUNO CABOCLO, DZANAN MUSA, KOSTA KONDIC, MCKINLEY WRIGHT IV, NATE MASON",1,2.4,0,0,0,0,0,0,0,0,0,0,0,0,0,0,0,0,0,0,0,0,0,0.0,0.0,0.0,130.0,-130.0,0,0,0,0,0,0,0,0,0,0,0,0,0,0,0,0,0,0,0,0,0,0
FILIP PETRUSEV,Dubai Basketball,30,FILIP PETRUSEV,"BOOGIE ELLIS, DWAYNE BACON, KLEMEN PREPELIC, KOSTA KONDIC, MCKINLEY WRIGHT IV, MFIONDU KABENGELE, NATE MASON",1,2.3,2,0,0,0,0,0,0,2,2,100.0,0,1,1,0,0,0,0,0,1,0,2,2.0,29.6,74.0,60.0,14.0,0,113.6,0,0.0,0,0,0,0,0,0,0,0,0,0,0,0,0,0,0,0,2,0
FILIP PETRUSEV,Dubai Basketball,30,FILIP PETRUSEV,"BOOGIE ELLIS, DZANAN MUSA, KLEMEN PREPELIC, KOSTA KONDIC, MCKINLEY WRIGHT IV, MFIONDU KABENGELE, NATE MASON",1,2.1,3,1,2,50.0,1,1,100.0,0,0,0,0,0,0,0,0,0,0,0,2,0,3,3.0,104.9,244.8,0.0,244.8,75.0,75.0,0.0,0.0,0,0,0,1,0,0,1,1,100,0,0,0,0,0,0,0,0,3
FILIP PETRUSEV,Dubai Basketball,30,FILIP PETRUSEV,"BOOGIE ELLIS, DWAYNE BACON, DZANAN MUSA, KOSTA KONDIC, MCKINLEY WRIGHT IV, MFIONDU KABENGELE, NATE MASON",1,1.5,0,0,0,0,0,0,0,0,0,0,0,0,0,0,0,0,0,0,0,0,0,0.0,0.0,185.9,69.4,116.4,0,0,0,0,0,0,0,0,0,0,0,0,0,0,0,0,0,0,0,0,0,0
JUSTIN ANDERSON,Dubai Basketball,10,JUSTIN ANDERSON,"BOOGIE ELLIS, DZANAN MUSA, FILIP PETRUSEV, KOSTA KONDIC, MCKINLEY WRIGHT IV, MFIONDU KABENGELE, NATE MASON",1,6.3,2,1,1,100.0,0,0,0,0,0,0,0,0,0,0,0,0,0,1,1,0,2,2.0,16.3,122.3,129.9,-7.6,100.0,100.0,0.0,0.0,0,0,0,1,1,100,0,0,0,0,0,0,0,0,0,2,2,2
JUSTIN ANDERSON,Dubai Basketball,10,JUSTIN ANDERSON,"ALEKSA AVRAMOVIC, BOOGIE ELLIS, DWAYNE BACON, KENAN KAMENJAS, KLEMEN PREPELIC, KOSTA KONDIC, NATE MASON",1,4.8,0,0,0,0,0,0,0,0,0,0,0,0,0,0,0,0,0,1,0,0,0,0.0,0.0,72.0,156.5,-84.5,0,0,0,0,0,0,0,0,0,0,0,0,0,0,0,0,0,0,0,0,0,0
JUSTIN ANDERSON,Dubai Basketball,10,JUSTIN ANDERSON,"BOOGIE ELLIS, BRUNO CABOCLO, DWAYNE BACON, DZANAN MUSA, MCKINLEY WRIGHT IV, NATE MASON",1,1.3,0,0,0,0,0,0,0,0,0,0,0,0,0,0,0,0,0,0,0,0,0,0.0,0.0,103.1,236.2,-133.1,0,0,0,0,0,0,0,0,0,0,0,0,0,0,0,0,0,0,0,0,0,0
KENAN KAMENJAS,Dubai Basketball,34,KENAN KAMENJAS,"ALEKSA AVRAMOVIC, BOOGIE ELLIS, DWAYNE BACON, JUSTIN ANDERSON, KLEMEN PREPELIC, KOSTA KONDIC, NATE MASON",1,4.8,0,0,1,0.0,0,0,0,0,2,0.0,1,1,2,0,0,0,1,0,2,0,0,0.0,0.0,72.0,156.5,-84.5,0.0,0.0,0,34.7,0,0,0,1,0,0,0,0,0,0,0,0,0,0,1,0,0,0
KLEMEN PREPELIC,Dubai Basketball,7,KLEMEN PREPELIC,"ALEKSA AVRAMOVIC, BOOGIE ELLIS, KOSTA KONDIC, NATE MASON",1,8.0,0,0,0,0,0,0,0,0,0,0,0,0,0,0,0,0,0,0,0,0,0,0.0,0.0,162.0,125.0,37.0,0,0,0,0,0,0,0,0,0,0,0,0,0,0,0,0,0,0,0,0,0,0
KLEMEN PREPELIC,Dubai Basketball,7,KLEMEN PREPELIC,"ALEKSA AVRAMOVIC, AWUDU ABASS, BOOGIE ELLIS, BRUNO CABOCLO, DWAYNE BACON, KOSTA KONDIC, NATE MASON",1,7.0,6,2,2,100.0,2,2,100.0,0,0,0,0,0,0,0,1,0,0,1,2,0,6,6.0,41.2,116.8,121.5,-4.7,150.0,150.0,0.0,0.0,0,0,0,0,0,0,2,2,100,0,0,0,0,0,0,0,3,0
KLEMEN PREPELIC,Dubai Basketball,7,KLEMEN PREPELIC,"ALEKSA AVRAMOVIC, BOOGIE ELLIS, DWAYNE BACON, JUSTIN ANDERSON, KENAN KAMENJAS, KOSTA KONDIC, NATE MASON",1,4.8,0,0,2,0.0,0,0,0,0,0,0,0,0,0,0,0,0,0,1,2,0,0,0.0,0.0,72.0,156.5,-84.5,0.0,0.0,0,0.0,0,0,0,2,0,0,0,0,0,0,0,0,0,0,0,0,0,0
KLEMEN PREPELIC,Dubai Basketball,7,KLEMEN PREPELIC,"BOOGIE ELLIS, DWAYNE BACON, FILIP PETRUSEV, KOSTA KONDIC, MCKINLEY WRIGHT IV, MFIONDU KABENGELE, NATE MASON",1,2.3,0,0,0,0,0,0,0,0,0,0,0,1,1,1,0,0,0,0,0,0,0,0.0,0.0,74.0,60.0,14.0,0,0,0,0.0,0,0,0,0,0,0,0,0,0,0,0,0,0,0,0,0,0,0
KLEMEN PREPELIC,Dubai Basketball,7,KLEMEN PREPELIC,"BOOGIE ELLIS, DZANAN MUSA, FILIP PETRUSEV, KOSTA KONDIC, MCKINLEY WRIGHT IV, MFIONDU KABENGELE, NATE MASON",1,2.1,0,0,0,0,0,0,0,0,0,0,0,0,0,1,0,0,0,0,0,3,3,3.0,104.9,244.8,0.0,244.8,0,0,0,0.0,0,0,0,0,0,0,0,0,0,0,0,0,0,0,0,0,0,0
KOSTA KONDIC,Dubai Basketball,11,KOSTA KONDIC,"ALEKSA AVRAMOVIC, BOOGIE ELLIS, KLEMEN PREPELIC, NATE MASON",1,8.0,0,0,0,0,0,0,0,0,0,0,0,0,0,0,0,0,0,0,0,0,0,0.0,0.0,162.0,125.0,37.0,0,0,0,0,0,0,0,0,0,0,0,0,0,0,0,0,0,0,0,0,0,0
KOSTA KONDIC,Dubai Basketball,11,KOSTA KONDIC,"ALEKSA AVRAMOVIC, AWUDU ABASS, BOOGIE ELLIS, BRUNO CABOCLO, DWAYNE BACON, KLEMEN PREPELIC, NATE MASON",1,7.0,0,0,0,0,0,0,0,0,0,0,0,0,0,0,0,0,0,0,0,0,0,0.0,0.0,116.8,121.5,-4.7,0,0,0,0,0,0,0,0,0,0,0,0,0,0,0,0,0,0,0,0,0,0
KOSTA KONDIC,Dubai Basketball,11,KOSTA KONDIC,"BOOGIE ELLIS, DZANAN MUSA, FILIP PETRUSEV, JUSTIN ANDERSON, MCKINLEY WRIGHT IV, MFIONDU KABENGELE, NATE MASON",1,6.3,0,0,0,0,0,0,0,0,0,0,0,0,0,0,0,0,0,0,0,0,0,0.0,0.0,122.3,129.9,-7.6,0,0,0,0,0,0,0,0,0,0,0,0,0,0,0,0,0,0,0,0,0,0
KOSTA KONDIC,Dubai Basketball,11,KOSTA KONDIC,"ALEKSA AVRAMOVIC, BOOGIE ELLIS, DWAYNE BACON, JUSTIN ANDERSON, KENAN KAMENJAS, KLEMEN PREPELIC, NATE MASON",1,4.8,0,0,0,0,0,0,0,0,0,0,0,0,0,0,0,0,0,0,0,0,0,0.0,0.0,72.0,156.5,-84.5,0,0,0,0,0,0,0,0,0,0,0,0,0,0,0,0,0,0,0,0,0,0
KOSTA KONDIC,Dubai Basketball,11,KOSTA KONDIC,"BOOGIE ELLIS, BRUNO CABOCLO, DZANAN MUSA, FILIP PETRUSEV, MCKINLEY WRIGHT IV, NATE MASON",1,2.4,0,0,0,0,0,0,0,0,0,0,0,1,1,0,1,0,1,1,1,0,0,0.0,0.0,0.0,130.0,-130.0,0,0,0,100.0,0,0,0,0,0,0,0,0,0,0,0,0,0,0,1,0,0,0
KOSTA KONDIC,Dubai Basketball,11,KOSTA KONDIC,"BOOGIE ELLIS, DWAYNE BACON, FILIP PETRUSEV, KLEMEN PREPELIC, MCKINLEY WRIGHT IV, MFIONDU KABENGELE, NATE MASON",1,2.3,0,0,0,0,0,0,0,0,0,0,0,0,0,0,0,0,0,0,0,0,0,0.0,0.0,74.0,60.0,14.0,0,0,0,0,0,0,0,0,0,0,0,0,0,0,0,0,0,0,0,0,0,0
KOSTA KONDIC,Dubai Basketball,11,KOSTA KONDIC,"BOOGIE ELLIS, DZANAN MUSA, FILIP PETRUSEV, KLEMEN PREPELIC, MCKINLEY WRIGHT IV, MFIONDU KABENGELE, NATE MASON",1,2.1,0,0,0,0,0,0,0,0,0,0,0,0,0,0,0,0,0,0,0,0,0,0.0,0.0,244.8,0.0,244.8,0,0,0,0,0,0,0,0,0,0,0,0,0,0,0,0,0,0,0,0,0,0
KOSTA KONDIC,Dubai Basketball,11,KOSTA KONDIC,"BOOGIE ELLIS, DWAYNE BACON, DZANAN MUSA, FILIP PETRUSEV, MCKINLEY WRIGHT IV, MFIONDU KABENGELE, NATE MASON",1,1.5,0,0,0,0,0,0,0,0,0,0,0,0,0,0,0,0,0,0,0,0,0,0.0,0.0,185.9,69.4,116.4,0,0,0,0,0,0,0,0,0,0,0,0,0,0,0,0,0,0,0,0,0,0
MCKINLEY WRIGHT IV,Dubai Basketball,25,MCKINLEY WRIGHT IV,"BOOGIE ELLIS, DZANAN MUSA, FILIP PETRUSEV, JUSTIN ANDERSON, KOSTA KONDIC, MFIONDU KABENGELE, NATE MASON",1,6.3,2,1,4,25.0,0,1,0.0,0,0,0,0,1,1,1,1,0,0,2,4,2,4,4.0,32.6,122.3,129.9,-7.6,25.0,25.0,100.0,0.0,0,0,0,3,1,33.3,1,0,0,0,0,0,0,0,0,0,0,0
MCKINLEY WRIGHT IV,Dubai Basketball,25,MCKINLEY WRIGHT IV,"BOOGIE ELLIS, BRUNO CABOCLO, DZANAN MUSA, FILIP PETRUSEV, KOSTA KONDIC, NATE MASON",1,2.4,0,0,1,0.0,0,0,0,0,0,0,0,0,0,0,0,1,0,1,1,0,0,0.0,0.0,0.0,130.0,-130.0,0.0,0.0,0,0.0,0,0,0,1,0,0,0,0,0,0,0,0,0,0,0,0,0,0
MCKINLEY WRIGHT IV,Dubai Basketball,25,MCKINLEY WRIGHT IV,"BOOGIE ELLIS, DWAYNE BACON, FILIP PETRUSEV, KLEMEN PREPELIC, KOSTA KONDIC, MFIONDU KABENGELE, NATE MASON",1,2.3,0,0,1,0.0,0,0,0,0,0,0,0,1,1,0,0,1,0,0,1,0,0,0.0,0.0,74.0,60.0,14.0,0.0,0.0,0,0.0,0,0,0,1,0,0,0,0,0,0,0,0,0,0,0,0,0,0
MCKINLEY WRIGHT IV,Dubai Basketball,25,MCKINLEY WRIGHT IV,"BOOGIE ELLIS, DZANAN MUSA, FILIP PETRUSEV, KLEMEN PREPELIC, KOSTA KONDIC, MFIONDU KABENGELE, NATE MASON",1,2.1,2,1,1,100.0,0,0,0,0,0,0,0,0,0,0,0,0,0,0,1,0,2,2.0,69.9,244.8,0.0,244.8,100.0,100.0,0.0,0.0,0,0,0,1,1,100,0,0,0,0,0,0,0,0,0,0,0,0
MCKINLEY WRIGHT IV,Dubai Basketball,25,MCKINLEY WRIGHT IV,"BOOGIE ELLIS, DWAYNE BACON, DZANAN MUSA, FILIP PETRUSEV, KOSTA KONDIC, MFIONDU KABENGELE, NATE MASON",1,1.5,0,0,0,0,0,0,0,0,0,0,0,0,0,1,0,0,0,0,0,2,2,2.0,74.3,185.9,69.4,116.4,0,0,0,0.0,0,0,0,0,0,0,0,0,0,0,0,0,0,0,0,0,0,0
MCKINLEY WRIGHT IV,Dubai Basketball,25,MCKINLEY WRIGHT IV,"BOOGIE ELLIS, BRUNO CABOCLO, DWAYNE BACON, DZANAN MUSA, JUSTIN ANDERSON, NATE MASON",1,1.3,0,0,0,0,0,0,0,0,0,0,0,0,0,0,0,0,1,0,1,0,0,0.0,0.0,103.1,236.2,-133.1,0,0,0,100.0,0,0,0,0,0,0,0,0,0,0,0,0,0,0,1,0,0,0
MFIONDU KABENGELE,Dubai Basketball,17,MFIONDU KABENGELE,"BOOGIE ELLIS, DZANAN MUSA, FILIP PETRUSEV, JUSTIN ANDERSON, KOSTA KONDIC, MCKINLEY WRIGHT IV, NATE MASON",1,6.3,2,1,3,33.3,0,2,0.0,0,0,0,0,0,0,0,1,0,0,1,3,0,2,2.0,16.3,122.3,129.9,-7.6,33.3,33.3,0.0,0.0,0,0,0,1,1,100,2,0,0,0,0,0,0,0,0,0,0,0
MFIONDU KABENGELE,Dubai Basketball,17,MFIONDU KABENGELE,"BOOGIE ELLIS, DWAYNE BACON, FILIP PETRUSEV, KLEMEN PREPELIC, KOSTA KONDIC, MCKINLEY WRIGHT IV, NATE MASON",1,2.3,1,0,2,0.0,0,0,0,1,2,50.0,0,0,0,0,0,0,0,1,3,0,1,1.0,14.8,74.0,60.0,14.0,0.0,17.4,0,0.0,0,0,0,2,0,0,0,0,0,0,0,0,0,0,0,0,0,0
MFIONDU KABENGELE,Dubai Basketball,17,MFIONDU KABENGELE,"BOOGIE ELLIS, DZANAN MUSA, FILIP PETRUSEV, KLEMEN PREPELIC, KOSTA KONDIC, MCKINLEY WRIGHT IV, NATE MASON",1,2.1,0,0,1,0.0,0,1,0.0,0,0,0,0,1,1,0,0,0,0,2,1,0,0,0.0,0.0,244.8,0.0,244.8,0.0,0.0,0,0.0,0,0,0,0,0,0,1,0,0,0,0,0,0,0,0,0,0,0
MFIONDU KABENGELE,Dubai Basketball,17,MFIONDU KABENGELE,"BOOGIE ELLIS, DWAYNE BACON, DZANAN MUSA, FILIP PETRUSEV, KOSTA KONDIC, MCKINLEY WRIGHT IV, NATE MASON",1,1.5,2,0,0,0,0,0,0,2,2,100.0,0,1,1,0,0,0,0,0,1,0,2,2.0,74.3,185.9,69.4,116.4,0,113.6,0,0.0,0,0,0,0,0,0,0,0,0,0,0,0,0,0,0,2,0,0
NATE MASON,Dubai Basketball,1,NATE MASON,"ALEKSA AVRAMOVIC, BOOGIE ELLIS, KLEMEN PREPELIC, KOSTA KONDIC",1,8.0,0,0,0,0,0,0,0,0,0,0,0,0,0,0,0,0,0,0,0,0,0,0.0,0.0,162.0,125.0,37.0,0,0,0,0,0,0,0,0,0,0,0,0,0,0,0,0,0,0,0,0,0,0
NATE MASON,Dubai Basketball,1,NATE MASON,"ALEKSA AVRAMOVIC, AWUDU ABASS, BOOGIE ELLIS, BRUNO CABOCLO, DWAYNE BACON, KLEMEN PREPELIC, KOSTA KONDIC",1,7.0,0,0,0,0,0,0,0,0,0,0,0,0,0,0,0,0,0,0,0,0,0,0.0,0.0,116.8,121.5,-4.7,0,0,0,0,0,0,0,0,0,0,0,0,0,0,0,0,0,0,0,0,0,0
NATE MASON,Dubai Basketball,1,NATE MASON,"BOOGIE ELLIS, DZANAN MUSA, FILIP PETRUSEV, JUSTIN ANDERSON, KOSTA KONDIC, MCKINLEY WRIGHT IV, MFIONDU KABENGELE",1,6.3,0,0,0,0,0,0,0,0,0,0,0,0,0,0,0,0,0,0,0,0,0,0.0,0.0,122.3,129.9,-7.6,0,0,0,0,0,0,0,0,0,0,0,0,0,0,0,0,0,0,0,0,0,0
NATE MASON,Dubai Basketball,1,NATE MASON,"ALEKSA AVRAMOVIC, BOOGIE ELLIS, DWAYNE BACON, JUSTIN ANDERSON, KENAN KAMENJAS, KLEMEN PREPELIC, KOSTA KONDIC",1,4.8,0,0,0,0,0,0,0,0,0,0,0,0,0,0,0,0,0,0,0,0,0,0.0,0.0,72.0,156.5,-84.5,0,0,0,0,0,0,0,0,0,0,0,0,0,0,0,0,0,0,0,0,0,0
NATE MASON,Dubai Basketball,1,NATE MASON,"BOOGIE ELLIS, BRUNO CABOCLO, DZANAN MUSA, FILIP PETRUSEV, KOSTA KONDIC, MCKINLEY WRIGHT IV",1,2.4,0,0,0,0,0,0,0,0,0,0,0,0,0,0,0,0,0,0,0,0,0,0.0,0.0,0.0,130.0,-130.0,0,0,0,0,0,0,0,0,0,0,0,0,0,0,0,0,0,0,0,0,0,0
NATE MASON,Dubai Basketball,1,NATE MASON,"BOOGIE ELLIS, DWAYNE BACON, FILIP PETRUSEV, KLEMEN PREPELIC, KOSTA KONDIC, MCKINLEY WRIGHT IV, MFIONDU KABENGELE",1,2.3,0,0,0,0,0,0,0,0,0,0,0,0,0,0,0,0,0,0,0,0,0,0.0,0.0,74.0,60.0,14.0,0,0,0,0,0,0,0,0,0,0,0,0,0,0,0,0,0,0,0,0,0,0
NATE MASON,Dubai Basketball,1,NATE MASON,"BOOGIE ELLIS, DZANAN MUSA, FILIP PETRUSEV, KLEMEN PREPELIC, KOSTA KONDIC, MCKINLEY WRIGHT IV, MFIONDU KABENGELE",1,2.1,0,0,0,0,0,0,0,0,0,0,0,0,0,0,0,0,0,0,0,0,0,0.0,0.0,244.8,0.0,244.8,0,0,0,0,0,0,0,0,0,0,0,0,0,0,0,0,0,0,0,0,0,0
NATE MASON,Dubai Basketball,1,NATE MASON,"BOOGIE ELLIS, DWAYNE BACON, DZANAN MUSA, FILIP PETRUSEV, KOSTA KONDIC, MCKINLEY WRIGHT IV, MFIONDU KABENGELE",1,1.5,0,0,0,0,0,0,0,0,0,0,0,0,0,0,0,0,0,0,0,0,0,0.0,0.0,185.9,69.4,116.4,0,0,0,0,0,0,0,0,0,0,0,0,0,0,0,0,0,0,0,0,0,0
NATE MASON,Dubai Basketball,1,NATE MASON,"BOOGIE ELLIS, BRUNO CABOCLO, DWAYNE BACON, DZANAN MUSA, JUSTIN ANDERSON, MCKINLEY WRIGHT IV",1,1.3,0,0,0,0,0,0,0,0,0,0,0,0,0,0,0,0,0,0,0,0,0,0.0,0.0,103.1,236.2,-133.1,0,0,0,0,0,0,0,0,0,0,0,0,0,0,0,0,0,0,0,0,0,0
ANDREAS OBST,FC Bayern Munich,13,ANDREAS OBST,"JUSTINIAN JESSUP, NENO DIMITRIJEVIC, STEFAN JOVIC, XAVIER RATHAN-MAYES",1,5.9,2,1,3,33.3,0,2,0.0,0,0,0,0,1,1,1,0,0,0,0,3,3,5,5.0,45.5,109.1,54.5,54.5,33.3,33.3,100.0,0.0,0,0,0,1,1,100,2,0,0,0,0,0,0,0,0,0,2,0
ANDREAS OBST,FC Bayern Munich,13,ANDREAS OBST,"ISIAHA MIKE, JOHANNES VOIGTMANN, JUSTINIAN JESSUP, STEFAN JOVIC, XAVIER RATHAN-MAYES",1,4.9,0,0,0,0,0,0,0,0,0,0,0,0,0,1,0,0,1,0,1,3,3,3.0,42.9,157.1,202.0,-44.9,0,0,0,50.0,0,0,0,0,0,0,0,0,0,0,0,0,0,0,1,0,0,0
ANDREAS OBST,FC Bayern Munich,13,ANDREAS OBST,"ISIAHA MIKE, JOHANNES VOIGTMANN, JUSTUS HOLLATZ, STEFAN JOVIC, VLADIMIR LUCIC",1,2.8,2,1,2,50.0,0,1,0.0,0,0,0,0,1,1,0,0,0,0,0,2,0,2,2.0,45.5,113.8,68.0,45.7,50.0,50.0,0.0,0.0,0,0,0,1,1,100,1,0,0,0,0,0,0,0,0,2,0,0
ANDREAS OBST,FC Bayern Munich,13,ANDREAS OBST,"JUSTUS HOLLATZ, OSCAR DA SILVA, STEFAN JOVIC, VLADIMIR LUCIC, WENYEN GABRIEL",1,2.7,3,1,1,100.0,1,1,100.0,0,0,0,0,0,0,0,0,0,0,1,1,0,3,3.0,50.0,50.0,143.4,-93.4,150.0,150.0,0.0,0.0,0,0,0,0,0,0,1,1,100,0,1,0,0,0,0,0,0,3
ANDREAS OBST,FC Bayern Munich,13,ANDREAS OBST,"DAVID MCCORMACK, JUSTINIAN JESSUP, NENO DIMITRIJEVIC, STEFAN JOVIC, XAVIER RATHAN-MAYES",1,2.0,0,0,0,0,0,0,0,0,0,0,0,0,0,0,0,0,0,0,0,0,0,0.0,0.0,50.0,89.0,-39.0,0,0,0,0,0,0,0,0,0,0,0,0,0,0,0,0,0,0,0,0,0,0
ANDREAS OBST,FC Bayern Munich,13,ANDREAS OBST,"JUSTINIAN JESSUP, JUSTUS HOLLATZ, OSCAR DA SILVA, STEFAN JOVIC, WENYEN GABRIEL",1,1.9,0,0,0,0,0,0,0,0,0,0,0,0,0,0,0,0,0,0,0,0,0,0.0,0.0,200.0,206.2,-6.2,0,0,0,0,0,0,0,0,0,0,0,0,0,0,0,0,0,0,0,0,0,0
ANDREAS OBST,FC Bayern Munich,13,ANDREAS OBST,"JOHANNES VOIGTMANN, JUSTINIAN JESSUP, NENO DIMITRIJEVIC, STEFAN JOVIC, VLADIMIR LUCIC",1,1.9,0,0,0,0,0,0,0,0,0,0,0,0,0,0,0,0,0,0,0,0,0,0.0,0.0,136.5,233.3,-96.8,0,0,0,0,0,0,0,0,0,0,0,0,0,0,0,0,0,0,0,0,0,0
ANDREAS OBST,FC Bayern Munich,13,ANDREAS OBST,"JOHANNES VOIGTMANN, JUSTUS HOLLATZ, OSCAR DA SILVA, STEFAN JOVIC, VLADIMIR LUCIC",1,1.8,2,0,2,0.0,0,2,0.0,2,2,100.0,0,1,1,0,0,0,0,0,3,0,2,2.0,41.0,82.0,51.5,30.4,0.0,34.7,0,0.0,0,0,0,0,0,0,2,0,0,0,0,0,0,0,0,0,2,0
ANDREAS OBST,FC Bayern Munich,13,ANDREAS OBST,"DAVID MCCORMACK, ISIAHA MIKE, NENO DIMITRIJEVIC, STEFAN JOVIC, VLADIMIR LUCIC",1,1.4,0,0,0,0,0,0,0,0,0,0,0,1,1,0,0,0,0,0,0,0,0,0.0,0.0,58.1,66.7,-8.5,0,0,0,0,0,0,0,0,0,0,0,0,0,0,0,0,0,0,0,0,0,0
ANDREAS OBST,FC Bayern Munich,13,ANDREAS OBST,"JOHANNES VOIGTMANN, NENO DIMITRIJEVIC, STEFAN JOVIC, VLADIMIR LUCIC, XAVIER RATHAN-MAYES",1,1.4,0,0,0,0,0,0,0,0,0,0,0,0,0,0,0,0,0,0,0,0,0,0.0,0.0,106.4,100.0,6.4,0,0,0,0,0,0,0,0,0,0,0,0,0,0,0,0,0,0,0,0,0,0
ANDREAS OBST,FC Bayern Munich,13,ANDREAS OBST,"DAVID MCCORMACK, ISIAHA MIKE, JUSTINIAN JESSUP, NENO DIMITRIJEVIC, STEFAN JOVIC",1,1.0,0,0,1,0.0,0,1,0.0,0,0,0,0,0,0,0,0,0,0,0,1,0,0,0.0,0.0,41.0,0.0,41.0,0.0,0.0,0,0.0,0,0,0,0,0,0,1,0,0,0,0,0,0,0,0,0,0,0
DAVID MCCORMACK,FC Bayern Munich,33,DAVID MCCORMACK,"ISIAHA MIKE, JUSTINIAN JESSUP, NENO DIMITRIJEVIC, STEFAN JOVIC, XAVIER RATHAN-MAYES",1,8.9,6,2,3,66.7,0,0,0,2,2,100.0,0,1,1,0,0,0,0,2,4,0,6,6.0,38.4,108.8,95.9,12.8,66.7,77.3,0.0,0.0,0,0,0,3,2,66.7,0,0,0,0,0,0,0,0,0,0,0,2
DAVID MCCORMACK,FC Bayern Munich,33,DAVID MCCORMACK,"ANDREAS OBST, JUSTINIAN JESSUP, NENO DIMITRIJEVIC, STEFAN JOVIC, XAVIER RATHAN-MAYES",1,2.0,0,0,0,0,0,0,0,0,0,0,0,0,0,0,0,0,0,0,0,0,0,0.0,0.0,50.0,89.0,-39.0,0,0,0,0,0,0,0,0,0,0,0,0,0,0,0,0,0,0,0,0,0,0
DAVID MCCORMACK,FC Bayern Munich,33,DAVID MCCORMACK,"ANDREAS OBST, ISIAHA MIKE, NENO DIMITRIJEVIC, STEFAN JOVIC, VLADIMIR LUCIC",1,1.4,0,0,0,0,0,0,0,0,0,0,0,0,0,0,0,0,0,1,0,0,0,0.0,0.0,58.1,66.7,-8.5,0,0,0,0,0,0,0,0,0,0,0,0,0,0,0,0,0,0,0,0,0,0
DAVID MCCORMACK,FC Bayern Munich,33,DAVID MCCORMACK,"ANDREAS OBST, ISIAHA MIKE, JUSTINIAN JESSUP, NENO DIMITRIJEVIC, STEFAN JOVIC",1,1.0,1,0,0,0,0,0,0,1,1,100.0,0,1,1,0,0,0,0,1,0,0,1,1.0,41.0,41.0,0.0,41.0,0,113.6,0,0.0,0,0,0,0,0,0,0,0,0,0,0,0,0,0,0,0,0,0
ISIAHA MIKE,FC Bayern Munich,22,ISIAHA MIKE,"DAVID MCCORMACK, JUSTINIAN JESSUP, NENO DIMITRIJEVIC, STEFAN JOVIC, XAVIER RATHAN-MAYES",1,8.9,3,1,3,33.3,1,2,50.0,0,0,0,0,0,0,2,0,0,0,0,3,5,8,8.0,51.2,108.8,95.9,12.8,50.0,50.0,200.0,0.0,0,0,0,1,0,0,2,1,50,0,0,0,0,0,0,0,0,0
ISIAHA MIKE,FC Bayern Munich,22,ISIAHA MIKE,"ANDREAS OBST, JOHANNES VOIGTMANN, JUSTINIAN JESSUP, STEFAN JOVIC, XAVIER RATHAN-MAYES",1,4.9,2,1,1,100.0,0,0,0,0,0,0,0,1,1,0,0,0,0,0,1,0,2,2.0,28.6,157.1,202.0,-44.9,100.0,100.0,0.0,0.0,0,0,0,1,1,100,0,0,0,0,0,0,0,0,0,0,0,0
ISIAHA MIKE,FC Bayern Munich,22,ISIAHA MIKE,"ANDREAS OBST, JOHANNES VOIGTMANN, JUSTUS HOLLATZ, STEFAN JOVIC, VLADIMIR LUCIC",1,2.8,0,0,0,0,0,0,0,0,0,0,1,1,2,0,1,0,1,0,0,0,0,0.0,0.0,113.8,68.0,45.7,0,0,0,100.0,0,0,0,0,0,0,0,0,0,0,0,0,0,0,1,0,0,0
ISIAHA MIKE,FC Bayern Munich,22,ISIAHA MIKE,"ANDREAS OBST, DAVID MCCORMACK, NENO DIMITRIJEVIC, STEFAN JOVIC, VLADIMIR LUCIC",1,1.4,2,1,2,50.0,0,1,0.0,0,1,0.0,0,0,0,0,0,0,0,0,2,0,2,2.0,58.1,58.1,66.7,-8.5,50.0,41.0,0.0,0.0,0,0,0,1,1,100,1,0,0,0,0,0,0,0,0,0,2,0
ISIAHA MIKE,FC Bayern Munich,22,ISIAHA MIKE,"ANDREAS OBST, DAVID MCCORMACK, JUSTINIAN JESSUP, NENO DIMITRIJEVIC, STEFAN JOVIC",1,1.0,0,0,0,0,0,0,0,0,0,0,0,1,1,0,0,0,1,0,1,0,0,0.0,0.0,41.0,0.0,41.0,0,0,0,100.0,0,0,0,0,0,0,0,0,0,0,0,0,0,0,1,0,0,0
JOHANNES VOIGTMANN,FC Bayern Munich,7,JOHANNES VOIGTMANN,"ANDREAS OBST, ISIAHA MIKE, JUSTINIAN JESSUP, STEFAN JOVIC, XAVIER RATHAN-MAYES",1,4.9,6,2,2,100.0,2,2,100.0,0,0,0,0,1,1,2,0,0,0,1,2,5,11,11.0,157.1,157.1,202.0,-44.9,150.0,150.0,100.0,0.0,0,0,0,0,0,0,2,2,100,0,0,0,0,0,0,0,0,0
JOHANNES VOIGTMANN,FC Bayern Munich,7,JOHANNES VOIGTMANN,"ANDREAS OBST, ISIAHA MIKE, JUSTUS HOLLATZ, STEFAN JOVIC, VLADIMIR LUCIC",1,2.8,0,0,0,0,0,0,0,0,0,0,0,0,0,0,0,0,0,0,0,0,0,0.0,0.0,113.8,68.0,45.7,0,0,0,0,0,0,0,0,0,0,0,0,0,0,0,0,0,0,0,0,0,0
JOHANNES VOIGTMANN,FC Bayern Munich,7,JOHANNES VOIGTMANN,"ANDREAS OBST, JUSTINIAN JESSUP, NENO DIMITRIJEVIC, STEFAN JOVIC, VLADIMIR LUCIC",1,1.9,2,1,1,100.0,0,0,0,0,0,0,1,0,1,1,0,0,1,1,1,2,4,4.0,136.5,136.5,233.3,-96.8,100.0,100.0,100.0,33.3,0,0,0,1,1,100,0,0,0,0,0,0,0,0,1,2,0,0
JOHANNES VOIGTMANN,FC Bayern Munich,7,JOHANNES VOIGTMANN,"ANDREAS OBST, JUSTUS HOLLATZ, OSCAR DA SILVA, STEFAN JOVIC, VLADIMIR LUCIC",1,1.8,0,0,0,0,0,0,0,0,0,0,0,0,0,0,0,0,0,0,0,0,0,0.0,0.0,82.0,51.5,30.4,0,0,0,0,0,0,0,0,0,0,0,0,0,0,0,0,0,0,0,0,0,0
JOHANNES VOIGTMANN,FC Bayern Munich,7,JOHANNES VOIGTMANN,"ANDREAS OBST, NENO DIMITRIJEVIC, STEFAN JOVIC, VLADIMIR LUCIC, XAVIER RATHAN-MAYES",1,1.4,0,0,0,0,0,0,0,0,0,0,0,0,0,0,0,0,0,0,0,0,0,0.0,0.0,106.4,100.0,6.4,0,0,0,0,0,0,0,0,0,0,0,0,0,0,0,0,0,0,0,0,0,0
JUSTINIAN JESSUP,FC Bayern Munich,10,JUSTINIAN JESSUP,"DAVID MCCORMACK, ISIAHA MIKE, NENO DIMITRIJEVIC, STEFAN JOVIC, XAVIER RATHAN-MAYES",1,8.9,0,0,0,0,0,0,0,0,0,0,1,0,1,1,0,0,0,0,0,0,0,0.0,0.0,108.8,95.9,12.8,0,0,0,0.0,0,0,0,0,0,0,0,0,0,0,0,0,0,0,0,0,0,0
JUSTINIAN JESSUP,FC Bayern Munich,10,JUSTINIAN JESSUP,"ANDREAS OBST, NENO DIMITRIJEVIC, STEFAN JOVIC, XAVIER RATHAN-MAYES",1,5.9,0,0,0,0,0,0,0,0,0,0,0,0,0,0,0,0,0,0,0,0,0,0.0,0.0,109.1,54.5,54.5,0,0,0,0,0,0,0,0,0,0,0,0,0,0,0,0,0,0,0,0,0,0
JUSTINIAN JESSUP,FC Bayern Munich,10,JUSTINIAN JESSUP,"ANDREAS OBST, ISIAHA MIKE, JOHANNES VOIGTMANN, STEFAN JOVIC, XAVIER RATHAN-MAYES",1,4.9,3,1,2,50.0,1,1,100.0,0,0,0,0,0,0,0,0,0,0,0,2,0,3,3.0,42.9,157.1,202.0,-44.9,75.0,75.0,0.0,0.0,0,0,0,1,0,0,1,1,100,0,0,0,0,0,0,0,3,0
JUSTINIAN JESSUP,FC Bayern Munich,10,JUSTINIAN JESSUP,"ANDREAS OBST, DAVID MCCORMACK, NENO DIMITRIJEVIC, STEFAN JOVIC, XAVIER RATHAN-MAYES",1,2.0,0,0,0,0,0,0,0,0,0,0,0,0,0,0,0,0,0,0,0,0,0,0.0,0.0,50.0,89.0,-39.0,0,0,0,0,0,0,0,0,0,0,0,0,0,0,0,0,0,0,0,0,0,0
JUSTINIAN JESSUP,FC Bayern Munich,10,JUSTINIAN JESSUP,"ANDREAS OBST, JUSTUS HOLLATZ, OSCAR DA SILVA, STEFAN JOVIC, WENYEN GABRIEL",1,1.9,2,1,1,100.0,0,0,0,0,0,0,0,0,0,0,0,0,0,0,1,0,2,2.0,100.0,200.0,206.2,-6.2,100.0,100.0,0.0,0.0,0,0,0,1,1,100,0,0,0,0,0,0,0,0,0,0,0,0
JUSTINIAN JESSUP,FC Bayern Munich,10,JUSTINIAN JESSUP,"ANDREAS OBST, JOHANNES VOIGTMANN, NENO DIMITRIJEVIC, STEFAN JOVIC, VLADIMIR LUCIC",1,1.9,2,1,1,100.0,0,0,0,0,0,0,0,0,0,0,0,0,0,1,1,0,2,2.0,68.3,136.5,233.3,-96.8,100.0,100.0,0.0,0.0,0,0,0,1,1,100,0,0,0,0,0,0,0,0,0,0,0,0
JUSTINIAN JESSUP,FC Bayern Munich,10,JUSTINIAN JESSUP,"ANDREAS OBST, DAVID MCCORMACK, ISIAHA MIKE, NENO DIMITRIJEVIC, STEFAN JOVIC",1,1.0,0,0,0,0,0,0,0,0,0,0,0,0,0,0,0,0,0,0,0,0,0,0.0,0.0,41.0,0.0,41.0,0,0,0,0,0,0,0,0,0,0,0,0,0,0,0,0,0,0,0,0,0,0
JUSTUS HOLLATZ,FC Bayern Munich,21,JUSTUS HOLLATZ,"ANDREAS OBST, ISIAHA MIKE, JOHANNES VOIGTMANN, STEFAN JOVIC, VLADIMIR LUCIC",1,2.8,3,1,2,50.0,1,2,50.0,0,0,0,0,0,0,0,0,0,0,0,2,0,3,3.0,68.3,113.8,68.0,45.7,75.0,75.0,0.0,0.0,0,0,0,0,0,0,2,1,50,0,1,0,0,0,0,0,3,0
JUSTUS HOLLATZ,FC Bayern Munich,21,JUSTUS HOLLATZ,"ANDREAS OBST, OSCAR DA SILVA, STEFAN JOVIC, VLADIMIR LUCIC, WENYEN GABRIEL",1,2.7,0,0,1,0.0,0,1,0.0,0,0,0,0,0,0,0,1,0,0,1,1,0,0,0.0,0.0,50.0,143.4,-93.4,0.0,0.0,0,0.0,0,0,0,0,0,0,1,0,0,0,0,0,0,0,0,0,0,0
JUSTUS HOLLATZ,FC Bayern Munich,21,JUSTUS HOLLATZ,"ANDREAS OBST, JUSTINIAN JESSUP, OSCAR DA SILVA, STEFAN JOVIC, WENYEN GABRIEL",1,1.9,0,0,0,0,0,0,0,0,0,0,0,0,0,2,0,0,0,0,0,4,4,4.0,200.0,200.0,206.2,-6.2,0,0,0,0.0,0,0,0,0,0,0,0,0,0,0,0,0,0,0,0,0,0,0
JUSTUS HOLLATZ,FC Bayern Munich,21,JUSTUS HOLLATZ,"ANDREAS OBST, JOHANNES VOIGTMANN, OSCAR DA SILVA, STEFAN JOVIC, VLADIMIR LUCIC",1,1.8,2,1,1,100.0,0,0,0,0,0,0,0,0,0,0,0,0,0,0,1,0,2,2.0,41.0,82.0,51.5,30.4,100.0,100.0,0.0,0.0,0,0,0,1,1,100,0,0,0,0,0,0,0,0,0,0,0,0
NENO DIMITRIJEVIC,FC Bayern Munich,0,NENO DIMITRIJEVIC,"DAVID MCCORMACK, ISIAHA MIKE, JUSTINIAN JESSUP, STEFAN JOVIC, XAVIER RATHAN-MAYES",1,8.9,0,0,3,0.0,0,2,0.0,0,0,0,0,1,1,1,2,0,2,1,5,3,3,3.0,19.2,108.8,95.9,12.8,0.0,0.0,0,33.3,0,0,0,1,0,0,2,0,0,0,0,0,0,0,2,0,0,0
NENO DIMITRIJEVIC,FC Bayern Munich,0,NENO DIMITRIJEVIC,"ANDREAS OBST, JUSTINIAN JESSUP, STEFAN JOVIC, XAVIER RATHAN-MAYES",1,5.9,0,0,0,0,0,0,0,0,0,0,0,0,0,0,0,0,0,0,0,0,0,0.0,0.0,109.1,54.5,54.5,0,0,0,0,0,0,0,0,0,0,0,0,0,0,0,0,0,0,0,0,0,0
NENO DIMITRIJEVIC,FC Bayern Munich,0,NENO DIMITRIJEVIC,"ANDREAS OBST, DAVID MCCORMACK, JUSTINIAN JESSUP, STEFAN JOVIC, XAVIER RATHAN-MAYES",1,2.0,0,0,0,0,0,0,0,0,0,0,0,0,0,0,0,0,0,0,0,0,0,0.0,0.0,50.0,89.0,-39.0,0,0,0,0,0,0,0,0,0,0,0,0,0,0,0,0,0,0,0,0,0,0
NENO DIMITRIJEVIC,FC Bayern Munich,0,NENO DIMITRIJEVIC,"ANDREAS OBST, JOHANNES VOIGTMANN, JUSTINIAN JESSUP, STEFAN JOVIC, VLADIMIR LUCIC",1,1.9,0,0,0,0,0,0,0,0,0,0,0,0,0,0,0,0,0,0,0,0,0,0.0,0.0,136.5,233.3,-96.8,0,0,0,0,0,0,0,0,0,0,0,0,0,0,0,0,0,0,0,0,0,0
NENO DIMITRIJEVIC,FC Bayern Munich,0,NENO DIMITRIJEVIC,"ANDREAS OBST, DAVID MCCORMACK, ISIAHA MIKE, STEFAN JOVIC, VLADIMIR LUCIC",1,1.4,0,0,1,0.0,0,1,0.0,0,0,0,0,1,1,1,0,0,0,0,1,2,2,2.0,58.1,58.1,66.7,-8.5,0.0,0.0,0,0.0,0,0,0,0,0,0,1,0,0,0,0,0,0,0,0,0,0,0
NENO DIMITRIJEVIC,FC Bayern Munich,0,NENO DIMITRIJEVIC,"ANDREAS OBST, JOHANNES VOIGTMANN, STEFAN JOVIC, VLADIMIR LUCIC, XAVIER RATHAN-MAYES",1,1.4,0,0,0,0,0,0,0,0,0,0,0,0,0,0,0,0,0,0,0,0,0,0.0,0.0,106.4,100.0,6.4,0,0,0,0,0,0,0,0,0,0,0,0,0,0,0,0,0,0,0,0,0,0
NENO DIMITRIJEVIC,FC Bayern Munich,0,NENO DIMITRIJEVIC,"ANDREAS OBST, DAVID MCCORMACK, ISIAHA MIKE, JUSTINIAN JESSUP, STEFAN JOVIC",1,1.0,0,0,0,0,0,0,0,0,0,0,0,0,0,0,0,0,0,0,0,0,0,0.0,0.0,41.0,0.0,41.0,0,0,0,0,0,0,0,0,0,0,0,0,0,0,0,0,0,0,0,0,0,0
OSCAR DA SILVA,FC Bayern Munich,1,OSCAR DA SILVA,"ANDREAS OBST, JUSTUS HOLLATZ, STEFAN JOVIC, VLADIMIR LUCIC, WENYEN GABRIEL",1,2.7,0,0,0,0,0,0,0,0,0,0,0,1,1,0,0,0,0,0,0,0,0,0.0,0.0,50.0,143.4,-93.4,0,0,0,0,0,0,0,0,0,0,0,0,0,0,0,0,0,0,0,0,0,0
OSCAR DA SILVA,FC Bayern Munich,1,OSCAR DA SILVA,"ANDREAS OBST, JUSTINIAN JESSUP, JUSTUS HOLLATZ, STEFAN JOVIC, WENYEN GABRIEL",1,1.9,0,0,0,0,0,0,0,0,0,0,0,1,1,0,0,0,0,1,0,0,0,0.0,0.0,200.0,206.2,-6.2,0,0,0,0,0,0,0,0,0,0,0,0,0,0,0,0,0,0,0,0,0,0
OSCAR DA SILVA,FC Bayern Munich,1,OSCAR DA SILVA,"ANDREAS OBST, JOHANNES VOIGTMANN, JUSTUS HOLLATZ, STEFAN JOVIC, VLADIMIR LUCIC",1,1.8,0,0,0,0,0,0,0,0,0,0,0,0,0,0,0,0,0,0,0,0,0,0.0,0.0,82.0,51.5,30.4,0,0,0,0,0,0,0,0,0,0,0,0,0,0,0,0,0,0,0,0,0,0
STEFAN JOVIC,FC Bayern Munich,16,STEFAN JOVIC,"DAVID MCCORMACK, ISIAHA MIKE, JUSTINIAN JESSUP, NENO DIMITRIJEVIC, XAVIER RATHAN-MAYES",1,8.9,0,0,0,0,0,0,0,0,0,0,0,0,0,0,0,0,0,0,0,0,0,0.0,0.0,108.8,95.9,12.8,0,0,0,0,0,0,0,0,0,0,0,0,0,0,0,0,0,0,0,0,0,0
STEFAN JOVIC,FC Bayern Munich,16,STEFAN JOVIC,"ANDREAS OBST, JUSTINIAN JESSUP, NENO DIMITRIJEVIC, XAVIER RATHAN-MAYES",1,5.9,0,0,0,0,0,0,0,0,0,0,0,0,0,0,0,0,0,0,0,0,0,0.0,0.0,109.1,54.5,54.5,0,0,0,0,0,0,0,0,0,0,0,0,0,0,0,0,0,0,0,0,0,0
STEFAN JOVIC,FC Bayern Munich,16,STEFAN JOVIC,"ANDREAS OBST, ISIAHA MIKE, JOHANNES VOIGTMANN, JUSTINIAN JESSUP, XAVIER RATHAN-MAYES",1,4.9,0,0,0,0,0,0,0,0,0,0,0,0,0,0,0,0,0,0,0,0,0,0.0,0.0,157.1,202.0,-44.9,0,0,0,0,0,0,0,0,0,0,0,0,0,0,0,0,0,0,0,0,0,0
STEFAN JOVIC,FC Bayern Munich,16,STEFAN JOVIC,"ANDREAS OBST, ISIAHA MIKE, JOHANNES VOIGTMANN, JUSTUS HOLLATZ, VLADIMIR LUCIC",1,2.8,0,0,0,0,0,0,0,0,0,0,0,0,0,0,0,0,0,0,0,0,0,0.0,0.0,113.8,68.0,45.7,0,0,0,0,0,0,0,0,0,0,0,0,0,0,0,0,0,0,0,0,0,0
STEFAN JOVIC,FC Bayern Munich,16,STEFAN JOVIC,"ANDREAS OBST, JUSTUS HOLLATZ, OSCAR DA SILVA, VLADIMIR LUCIC, WENYEN GABRIEL",1,2.7,0,0,0,0,0,0,0,0,0,0,0,0,0,0,0,0,0,0,0,0,0,0.0,0.0,50.0,143.4,-93.4,0,0,0,0,0,0,0,0,0,0,0,0,0,0,0,0,0,0,0,0,0,0
STEFAN JOVIC,FC Bayern Munich,16,STEFAN JOVIC,"ANDREAS OBST, DAVID MCCORMACK, JUSTINIAN JESSUP, NENO DIMITRIJEVIC, XAVIER RATHAN-MAYES",1,2.0,0,0,0,0,0,0,0,0,0,0,0,0,0,0,0,0,0,0,0,0,0,0.0,0.0,50.0,89.0,-39.0,0,0,0,0,0,0,0,0,0,0,0,0,0,0,0,0,0,0,0,0,0,0
STEFAN JOVIC,FC Bayern Munich,16,STEFAN JOVIC,"ANDREAS OBST, JUSTINIAN JESSUP, JUSTUS HOLLATZ, OSCAR DA SILVA, WENYEN GABRIEL",1,1.9,0,0,0,0,0,0,0,0,0,0,0,0,0,0,0,0,0,0,0,0,0,0.0,0.0,200.0,206.2,-6.2,0,0,0,0,0,0,0,0,0,0,0,0,0,0,0,0,0,0,0,0,0,0
STEFAN JOVIC,FC Bayern Munich,16,STEFAN JOVIC,"ANDREAS OBST, JOHANNES VOIGTMANN, JUSTINIAN JESSUP, NENO DIMITRIJEVIC, VLADIMIR LUCIC",1,1.9,0,0,0,0,0,0,0,0,0,0,0,0,0,0,0,0,0,0,0,0,0,0.0,0.0,136.5,233.3,-96.8,0,0,0,0,0,0,0,0,0,0,0,0,0,0,0,0,0,0,0,0,0,0
STEFAN JOVIC,FC Bayern Munich,16,STEFAN JOVIC,"ANDREAS OBST, JOHANNES VOIGTMANN, JUSTUS HOLLATZ, OSCAR DA SILVA, VLADIMIR LUCIC",1,1.8,0,0,0,0,0,0,0,0,0,0,0,0,0,0,0,0,0,0,0,0,0,0.0,0.0,82.0,51.5,30.4,0,0,0,0,0,0,0,0,0,0,0,0,0,0,0,0,0,0,0,0,0,0
STEFAN JOVIC,FC Bayern Munich,16,STEFAN JOVIC,"ANDREAS OBST, DAVID MCCORMACK, ISIAHA MIKE, NENO DIMITRIJEVIC, VLADIMIR LUCIC",1,1.4,0,0,0,0,0,0,0,0,0,0,0,0,0,0,0,0,0,0,0,0,0,0.0,0.0,58.1,66.7,-8.5,0,0,0,0,0,0,0,0,0,0,0,0,0,0,0,0,0,0,0,0,0,0
STEFAN JOVIC,FC Bayern Munich,16,STEFAN JOVIC,"ANDREAS OBST, JOHANNES VOIGTMANN, NENO DIMITRIJEVIC, VLADIMIR LUCIC, XAVIER RATHAN-MAYES",1,1.4,0,0,0,0,0,0,0,0,0,0,0,0,0,0,0,0,0,0,0,0,0,0.0,0.0,106.4,100.0,6.4,0,0,0,0,0,0,0,0,0,0,0,0,0,0,0,0,0,0,0,0,0,0
STEFAN JOVIC,FC Bayern Munich,16,STEFAN JOVIC,"ANDREAS OBST, DAVID MCCORMACK, ISIAHA MIKE, JUSTINIAN JESSUP, NENO DIMITRIJEVIC",1,1.0,0,0,0,0,0,0,0,0,0,0,0,0,0,0,0,0,0,0,0,0,0,0.0,0.0,41.0,0.0,41.0,0,0,0,0,0,0,0,0,0,0,0,0,0,0,0,0,0,0,0,0,0,0
VLADIMIR LUCIC,FC Bayern Munich,11,VLADIMIR LUCIC,"ANDREAS OBST, ISIAHA MIKE, JOHANNES VOIGTMANN, JUSTUS HOLLATZ, STEFAN JOVIC",1,2.8,0,0,1,0.0,0,1,0.0,0,0,0,0,1,1,0,0,0,0,0,1,0,0,0.0,0.0,113.8,68.0,45.7,0.0,0.0,0,0.0,0,0,0,0,0,0,1,0,0,0,0,0,0,0,0,0,0,0
VLADIMIR LUCIC,FC Bayern Munich,11,VLADIMIR LUCIC,"ANDREAS OBST, JUSTUS HOLLATZ, OSCAR DA SILVA, STEFAN JOVIC, WENYEN GABRIEL",1,2.7,0,0,1,0.0,0,0,0,0,0,0,0,0,0,0,0,0,0,1,1,0,0,0.0,0.0,50.0,143.4,-93.4,0.0,0.0,0,0.0,0,0,0,1,0,0,0,0,0,0,0,0,0,0,0,0,0,0
VLADIMIR LUCIC,FC Bayern Munich,11,VLADIMIR LUCIC,"ANDREAS OBST, JOHANNES VOIGTMANN, JUSTINIAN JESSUP, NENO DIMITRIJEVIC, STEFAN JOVIC",1,1.9,0,0,1,0.0,0,0,0,0,0,0,0,0,0,0,0,0,0,0,1,0,0,0.0,0.0,136.5,233.3,-96.8,0.0,0.0,0,0.0,0,0,0,1,0,0,0,0,0,0,0,0,0,0,0,0,0,0
VLADIMIR LUCIC,FC Bayern Munich,11,VLADIMIR LUCIC,"ANDREAS OBST, JOHANNES VOIGTMANN, JUSTUS HOLLATZ, OSCAR DA SILVA, STEFAN JOVIC",1,1.8,0,0,1,0.0,0,0,0,0,0,0,0,0,0,0,0,0,0,1,1,0,0,0.0,0.0,82.0,51.5,30.4,0.0,0.0,0,0.0,0,0,0,1,0,0,0,0,0,0,0,0,0,0,0,0,0,0
VLADIMIR LUCIC,FC Bayern Munich,11,VLADIMIR LUCIC,"ANDREAS OBST, DAVID MCCORMACK, ISIAHA MIKE, NENO DIMITRIJEVIC, STEFAN JOVIC",1,1.4,0,0,0,0,0,0,0,0,0,0,0,0,0,0,0,0,0,0,0,0,0,0.0,0.0,58.1,66.7,-8.5,0,0,0,0,0,0,0,0,0,0,0,0,0,0,0,0,0,0,0,0,0,0
VLADIMIR LUCIC,FC Bayern Munich,11,VLADIMIR LUCIC,"ANDREAS OBST, JOHANNES VOIGTMANN, NENO DIMITRIJEVIC, STEFAN JOVIC, XAVIER RATHAN-MAYES",1,1.4,0,0,0,0,0,0,0,0,0,0,0,0,0,0,0,0,0,0,0,0,0,0.0,0.0,106.4,100.0,6.4,0,0,0,0,0,0,0,0,0,0,0,0,0,0,0,0,0,0,0,0,0,0
WENYEN GABRIEL,FC Bayern Munich,32,WENYEN GABRIEL,"ANDREAS OBST, JUSTUS HOLLATZ, OSCAR DA SILVA, STEFAN JOVIC, VLADIMIR LUCIC",1,2.7,0,0,1,0.0,0,0,0,0,0,0,0,0,0,0,0,0,2,0,3,0,0,0.0,0.0,50.0,143.4,-93.4,0.0,0.0,0,66.7,0,0,0,1,0,0,0,0,0,0,0,0,0,0,2,0,0,0
WENYEN GABRIEL,FC Bayern Munich,32,WENYEN GABRIEL,"ANDREAS OBST, JUSTINIAN JESSUP, JUSTUS HOLLATZ, OSCAR DA SILVA, STEFAN JOVIC",1,1.9,2,1,1,100.0,0,0,0,0,0,0,0,0,0,0,0,0,0,0,1,0,2,2.0,100.0,200.0,206.2,-6.2,100.0,100.0,0.0,0.0,0,0,0,1,1,100,0,0,0,0,0,0,0,0,0,0,0,0
XAVIER RATHAN-MAYES,FC Bayern Munich,4,XAVIER RATHAN-MAYES,"DAVID MCCORMACK, ISIAHA MIKE, JUSTINIAN JESSUP, NENO DIMITRIJEVIC, STEFAN JOVIC",1,8.9,8,3,4,75.0,2,3,66.7,0,0,0,0,1,1,0,0,0,1,1,5,0,8,8.0,51.2,108.8,95.9,12.8,100.0,100.0,0.0,20.0,0,0,0,1,1,100,3,2,66.7,0,1,0,0,0,1,0,2,5
XAVIER RATHAN-MAYES,FC Bayern Munich,4,XAVIER RATHAN-MAYES,"ANDREAS OBST, JUSTINIAN JESSUP, NENO DIMITRIJEVIC, STEFAN JOVIC",1,5.9,0,0,0,0,0,0,0,0,0,0,0,0,0,0,0,0,0,0,0,0,0,0.0,0.0,109.1,54.5,54.5,0,0,0,0,0,0,0,0,0,0,0,0,0,0,0,0,0,0,0,0,0,0
XAVIER RATHAN-MAYES,FC Bayern Munich,4,XAVIER RATHAN-MAYES,"ANDREAS OBST, ISIAHA MIKE, JOHANNES VOIGTMANN, JUSTINIAN JESSUP, STEFAN JOVIC",1,4.9,0,0,1,0.0,0,0,0,0,0,0,0,0,0,1,0,0,0,0,1,3,3,3.0,42.9,157.1,202.0,-44.9,0.0,0.0,0,0.0,0,0,0,1,0,0,0,0,0,0,0,0,0,0,0,0,0,0
XAVIER RATHAN-MAYES,FC Bayern Munich,4,XAVIER RATHAN-MAYES,"ANDREAS OBST, DAVID MCCORMACK, JUSTINIAN JESSUP, NENO DIMITRIJEVIC, STEFAN JOVIC",1,2.0,0,0,0,0,0,0,0,0,0,0,0,0,0,0,0,0,0,0,0,0,0,0.0,0.0,50.0,89.0,-39.0,0,0,0,0,0,0,0,0,0,0,0,0,0,0,0,0,0,0,0,0,0,0
XAVIER RATHAN-MAYES,FC Bayern Munich,4,XAVIER RATHAN-MAYES,"ANDREAS OBST, JOHANNES VOIGTMANN, NENO DIMITRIJEVIC, STEFAN JOVIC, VLADIMIR LUCIC",1,1.4,2,0,1,0.0,0,1,0.0,2,2,100.0,0,0,0,0,0,0,0,1,2,0,2,2.0,106.4,106.4,100.0,6.4,0.0,53.2,0,0.0,0,0,0,0,0,0,1,0,0,0,0,0,0,0,0,0,0,2
CLEMENT FRISCH,Kosner Baskonia Vitoria-Gasteiz,25,CLEMENT FRISCH,"KOBI SIMMONS, MAMADI DIAKITE, MARKUS HOWARD, MATTEO SPAGNOLO",1,3.4,2,1,2,50.0,0,0,0,0,0,0,1,0,1,0,0,0,0,0,1,0,2,2.0,23.0,115.1,30.4,84.6,50.0,50.0,0.0,0.0,0,0,0,2,1,50,0,0,0,0,0,0,0,0,0,0,0,2
CLEMENT FRISCH,Kosner Baskonia Vitoria-Gasteiz,25,CLEMENT FRISCH,"EUGENE OMORUYI, GYTIS RADZEVICIUS, MARKQUIS NOWELL, MATTEO SPAGNOLO",1,1.5,0,0,0,0,0,0,0,0,0,0,0,1,1,0,0,0,0,0,0,0,0,0.0,0.0,0.0,128.9,-128.9,0,0,0,0,0,0,0,0,0,0,0,0,0,0,0,0,0,0,0,0,0,0
CLEMENT FRISCH,Kosner Baskonia Vitoria-Gasteiz,25,CLEMENT FRISCH,"GYTIS RADZEVICIUS, KOBI SIMMONS, MAMADI DIAKITE, MARKUS HOWARD",1,1.3,0,0,0,0,0,0,0,0,0,0,0,1,1,0,0,0,0,0,0,0,0,0.0,0.0,144.9,74.1,70.8,0,0,0,0,0,0,0,0,0,0,0,0,0,0,0,0,0,0,0,0,0,0
CLEMENT FRISCH,Kosner Baskonia Vitoria-Gasteiz,25,CLEMENT FRISCH,"KOBI SIMMONS, MARKQUIS NOWELL, MARKUS HOWARD, MATTEO SPAGNOLO, RAFA VILLAR",1,1.2,0,0,0,0,0,0,0,0,0,0,0,0,0,0,0,0,0,2,0,0,0,0.0,0.0,100.0,81.6,18.4,0,0,0,0,0,0,0,0,0,0,0,0,0,0,0,0,0,0,0,0,0,0
CLEMENT FRISCH,Kosner Baskonia Vitoria-Gasteiz,25,CLEMENT FRISCH,"MAMADI DIAKITE, MARKQUIS NOWELL, MATTEO SPAGNOLO, TRENT FORREST",1,1.2,0,0,0,0,0,0,0,0,0,0,0,0,0,0,0,0,0,0,0,0,0,0.0,0.0,200.0,200.0,0.0,0,0,0,0,0,0,0,0,0,0,0,0,0,0,0,0,0,0,0,0,0,0
CLEMENT FRISCH,Kosner Baskonia Vitoria-Gasteiz,25,CLEMENT FRISCH,"GYTIS RADZEVICIUS, MAMADI DIAKITE, MATTEO SPAGNOLO, TRENT FORREST",1,1.2,0,0,0,0,0,0,0,0,0,0,0,0,0,0,0,0,0,0,0,0,0,0.0,0.0,0.0,104.2,-104.2,0,0,0,0,0,0,0,0,0,0,0,0,0,0,0,0,0,0,0,0,0,0
EUGENE OMORUYI,Kosner Baskonia Vitoria-Gasteiz,5,EUGENE OMORUYI,"KOBI SIMMONS, MAMADI DIAKITE, MARKUS HOWARD, TRENT FORREST",1,4.2,2,1,2,50.0,0,0,0,0,0,0,0,0,0,1,0,0,0,0,2,2,4,4.0,50.8,114.2,95.7,18.5,50.0,50.0,100.0,0.0,0,0,0,2,1,50,0,0,0,0,0,0,0,0,0,0,2,0
EUGENE OMORUYI,Kosner Baskonia Vitoria-Gasteiz,5,EUGENE OMORUYI,"GYTIS RADZEVICIUS, KOBI SIMMONS, MARKQUIS NOWELL, MATTEO SPAGNOLO, RAFA VILLAR",1,2.9,2,1,1,100.0,0,0,0,0,0,0,0,0,0,0,0,0,1,0,2,0,2,2.0,40.6,142.0,126.1,15.9,100.0,100.0,0.0,50.0,0,0,0,1,1,100,0,0,0,0,0,0,0,0,1,0,0,0
EUGENE OMORUYI,Kosner Baskonia Vitoria-Gasteiz,5,EUGENE OMORUYI,"GYTIS RADZEVICIUS, MAMADI DIAKITE, MARKUS HOWARD, RAFA VILLAR, TRENT FORREST",1,2.7,2,0,2,0.0,0,1,0.0,2,2,100.0,1,1,2,0,0,0,0,0,2,0,2,2.0,32.0,112.0,80.0,32.0,0.0,34.7,0,0.0,0,0,0,1,0,0,1,0,0,0,0,0,0,0,0,0,0,0
EUGENE OMORUYI,Kosner Baskonia Vitoria-Gasteiz,5,EUGENE OMORUYI,"GYTIS RADZEVICIUS, MAMADI DIAKITE, MARKQUIS NOWELL, MARKUS HOWARD",1,2.6,2,0,0,0,0,0,0,2,2,100.0,0,0,0,0,0,0,0,0,1,0,2,2.0,34.4,68.8,15.9,52.9,0,113.6,0,0.0,0,0,0,0,0,0,0,0,0,0,0,0,0,0,0,0,0,2
EUGENE OMORUYI,Kosner Baskonia Vitoria-Gasteiz,5,EUGENE OMORUYI,"KOBI SIMMONS, MARKUS HOWARD, RAFA VILLAR, TRENT FORREST, VIT HRABAR",1,2.3,2,1,2,50.0,0,1,0.0,0,0,0,0,1,1,0,0,0,1,0,3,0,2,2.0,40.0,80.0,119.9,-39.9,50.0,50.0,0.0,33.3,0,0,0,1,1,100,1,0,0,0,0,0,0,0,1,0,0,0
EUGENE OMORUYI,Kosner Baskonia Vitoria-Gasteiz,5,EUGENE OMORUYI,"KOBI SIMMONS, MAMADI DIAKITE, MARKUS HOWARD, MATTEO SPAGNOLO",1,1.8,0,0,0,0,0,0,0,0,0,0,0,0,0,0,0,0,0,2,0,0,0,0.0,0.0,191.6,103.6,88.1,0,0,0,0,0,0,0,0,0,0,0,0,0,0,0,0,0,0,0,0,0,0
EUGENE OMORUYI,Kosner Baskonia Vitoria-Gasteiz,5,EUGENE OMORUYI,"CLEMENT FRISCH, GYTIS RADZEVICIUS, MARKQUIS NOWELL, MATTEO SPAGNOLO",1,1.5,0,0,0,0,0,0,0,0,0,0,0,0,0,0,0,0,0,1,0,0,0,0.0,0.0,0.0,128.9,-128.9,0,0,0,0,0,0,0,0,0,0,0,0,0,0,0,0,0,0,0,0,0,0
EUGENE OMORUYI,Kosner Baskonia Vitoria-Gasteiz,5,EUGENE OMORUYI,"GYTIS RADZEVICIUS, KOBI SIMMONS, MAMADI DIAKITE, MARKUS HOWARD",1,1.1,0,0,0,0,0,0,0,0,0,0,0,0,0,0,0,0,0,0,0,0,0,0.0,0.0,200.0,79.3,120.7,0,0,0,0,0,0,0,0,0,0,0,0,0,0,0,0,0,0,0,0,0,0
EUGENE OMORUYI,Kosner Baskonia Vitoria-Gasteiz,5,EUGENE OMORUYI,"GYTIS RADZEVICIUS, KOBI SIMMONS, MAMADI DIAKITE, MARKQUIS NOWELL",1,1.1,0,0,0,0,0,0,0,0,0,0,0,0,0,0,0,0,1,0,1,0,0,0.0,0.0,0.0,250.0,-250.0,0,0,0,100.0,0,0,0,0,0,0,0,0,0,0,0,0,0,0,1,0,0,0
GYTIS RADZEVICIUS,Kosner Baskonia Vitoria-Gasteiz,17,GYTIS RADZEVICIUS,"EUGENE OMORUYI, KOBI SIMMONS, MARKQUIS NOWELL, MATTEO SPAGNOLO, RAFA VILLAR",1,2.9,2,1,2,50.0,0,1,0.0,0,0,0,1,0,1,0,0,0,0,0,1,0,2,2.0,40.6,142.0,126.1,15.9,50.0,50.0,0.0,0.0,0,0,0,1,1,100,1,0,0,0,0,0,0,0,0,2,0,0
GYTIS RADZEVICIUS,Kosner Baskonia Vitoria-Gasteiz,17,GYTIS RADZEVICIUS,"EUGENE OMORUYI, MAMADI DIAKITE, MARKUS HOWARD, RAFA VILLAR, TRENT FORREST",1,2.7,0,0,0,0,0,0,0,0,0,0,0,0,0,0,0,0,0,0,0,0,0,0.0,0.0,112.0,80.0,32.0,0,0,0,0,0,0,0,0,0,0,0,0,0,0,0,0,0,0,0,0,0,0
GYTIS RADZEVICIUS,Kosner Baskonia Vitoria-Gasteiz,17,GYTIS RADZEVICIUS,"EUGENE OMORUYI, MAMADI DIAKITE, MARKQUIS NOWELL, MARKUS HOWARD",1,2.6,0,0,0,0,0,0,0,0,0,0,0,0,0,0,0,0,0,0,0,0,0,0.0,0.0,68.8,15.9,52.9,0,0,0,0,0,0,0,0,0,0,0,0,0,0,0,0,0,0,0,0,0,0
GYTIS RADZEVICIUS,Kosner Baskonia Vitoria-Gasteiz,17,GYTIS RADZEVICIUS,"CLEMENT FRISCH, EUGENE OMORUYI, MARKQUIS NOWELL, MATTEO SPAGNOLO",1,1.5,0,0,0,0,0,0,0,0,0,0,0,0,0,0,0,0,0,0,0,0,0,0.0,0.0,0.0,128.9,-128.9,0,0,0,0,0,0,0,0,0,0,0,0,0,0,0,0,0,0,0,0,0,0
GYTIS RADZEVICIUS,Kosner Baskonia Vitoria-Gasteiz,17,GYTIS RADZEVICIUS,"CLEMENT FRISCH, KOBI SIMMONS, MAMADI DIAKITE, MARKUS HOWARD",1,1.3,0,0,0,0,0,0,0,0,0,0,0,1,1,0,0,0,0,0,0,0,0,0.0,0.0,144.9,74.1,70.8,0,0,0,0,0,0,0,0,0,0,0,0,0,0,0,0,0,0,0,0,0,0
GYTIS RADZEVICIUS,Kosner Baskonia Vitoria-Gasteiz,17,GYTIS RADZEVICIUS,"CLEMENT FRISCH, MAMADI DIAKITE, MATTEO SPAGNOLO, TRENT FORREST",1,1.2,0,0,0,0,0,0,0,0,0,0,0,1,1,0,0,0,0,0,0,0,0,0.0,0.0,0.0,104.2,-104.2,0,0,0,0,0,0,0,0,0,0,0,0,0,0,0,0,0,0,0,0,0,0
GYTIS RADZEVICIUS,Kosner Baskonia Vitoria-Gasteiz,17,GYTIS RADZEVICIUS,"EUGENE OMORUYI, KOBI SIMMONS, MAMADI DIAKITE, MARKUS HOWARD",1,1.1,0,0,0,0,0,0,0,0,0,0,0,0,0,0,0,0,0,0,0,0,0,0.0,0.0,200.0,79.3,120.7,0,0,0,0,0,0,0,0,0,0,0,0,0,0,0,0,0,0,0,0,0,0
GYTIS RADZEVICIUS,Kosner Baskonia Vitoria-Gasteiz,17,GYTIS RADZEVICIUS,"EUGENE OMORUYI, KOBI SIMMONS, MAMADI DIAKITE, MARKQUIS NOWELL",1,1.1,0,0,0,0,0,0,0,0,0,0,0,0,0,0,0,0,0,0,0,0,0,0.0,0.0,0.0,250.0,-250.0,0,0,0,0,0,0,0,0,0,0,0,0,0,0,0,0,0,0,0,0,0,0
KOBI SIMMONS,Kosner Baskonia Vitoria-Gasteiz,2,KOBI SIMMONS,"EUGENE OMORUYI, MAMADI DIAKITE, MARKUS HOWARD, TRENT FORREST",1,4.2,2,1,2,50.0,0,0,0,0,0,0,0,1,1,1,0,0,0,0,2,3,5,5.0,63.5,114.2,95.7,18.5,50.0,50.0,100.0,0.0,0,0,0,2,1,50,0,0,0,0,0,0,0,0,0,0,0,0
KOBI SIMMONS,Kosner Baskonia Vitoria-Gasteiz,2,KOBI SIMMONS,"MAMADI DIAKITE, MARKUS HOWARD, MATTEO SPAGNOLO, RAFA VILLAR, VIT HRABAR",1,4.1,2,0,1,0.0,0,0,0,2,2,100.0,0,0,0,2,0,0,0,0,2,5,7,7.0,92.8,119.3,175.3,-56.0,0.0,53.2,0,0.0,0,0,0,1,0,0,0,0,0,0,0,0,0,0,0,2,0,2
KOBI SIMMONS,Kosner Baskonia Vitoria-Gasteiz,2,KOBI SIMMONS,"CLEMENT FRISCH, MAMADI DIAKITE, MARKUS HOWARD, MATTEO SPAGNOLO",1,3.4,3,1,1,100.0,0,0,0,1,1,100.0,0,1,1,0,1,0,0,0,1,0,3,3.0,34.5,115.1,30.4,84.6,100.0,104.2,0.0,0.0,0,0,0,1,1,100,0,0,0,0,0,0,0,0,0,0,2,2
KOBI SIMMONS,Kosner Baskonia Vitoria-Gasteiz,2,KOBI SIMMONS,"MARKQUIS NOWELL, MARKUS HOWARD, MATTEO SPAGNOLO, RAFA VILLAR",1,3.2,0,0,0,0,0,0,0,0,0,0,0,0,0,0,0,0,0,0,0,0,0,0.0,0.0,61.1,168.1,-107.0,0,0,0,0,0,0,0,0,0,0,0,0,0,0,0,0,0,0,0,0,0,0
KOBI SIMMONS,Kosner Baskonia Vitoria-Gasteiz,2,KOBI SIMMONS,"EUGENE OMORUYI, GYTIS RADZEVICIUS, MARKQUIS NOWELL, MATTEO SPAGNOLO, RAFA VILLAR",1,2.9,0,0,1,0.0,0,1,0.0,0,0,0,0,0,0,1,0,0,0,0,1,3,3,3.0,60.9,142.0,126.1,15.9,0.0,0.0,0,0.0,0,0,0,0,0,0,1,0,0,0,0,0,0,0,0,0,0,0
KOBI SIMMONS,Kosner Baskonia Vitoria-Gasteiz,2,KOBI SIMMONS,"EUGENE OMORUYI, MARKUS HOWARD, RAFA VILLAR, TRENT FORREST, VIT HRABAR",1,2.3,2,1,2,50.0,0,1,0.0,0,0,0,0,0,0,0,1,0,0,0,2,0,2,2.0,40.0,80.0,119.9,-39.9,50.0,50.0,0.0,0.0,0,0,0,1,1,100,1,0,0,0,0,0,0,0,0,0,2,2
KOBI SIMMONS,Kosner Baskonia Vitoria-Gasteiz,2,KOBI SIMMONS,"EUGENE OMORUYI, MAMADI DIAKITE, MARKUS HOWARD, MATTEO SPAGNOLO",1,1.8,5,1,2,50.0,1,1,100.0,2,2,100.0,0,0,0,0,0,0,0,0,3,0,5,5.0,87.1,191.6,103.6,88.1,75.0,86.8,0.0,0.0,0,0,0,1,0,0,1,1,100,0,0,0,0,0,0,0,0,0
KOBI SIMMONS,Kosner Baskonia Vitoria-Gasteiz,2,KOBI SIMMONS,"CLEMENT FRISCH, GYTIS RADZEVICIUS, MAMADI DIAKITE, MARKUS HOWARD",1,1.3,0,0,0,0,0,0,0,0,0,0,0,0,0,0,0,0,1,1,1,0,0,0.0,0.0,144.9,74.1,70.8,0,0,0,100.0,0,0,0,0,0,0,0,0,0,0,0,0,0,0,1,0,0,0
KOBI SIMMONS,Kosner Baskonia Vitoria-Gasteiz,2,KOBI SIMMONS,"CLEMENT FRISCH, MARKQUIS NOWELL, MARKUS HOWARD, MATTEO SPAGNOLO, RAFA VILLAR",1,1.2,0,0,0,0,0,0,0,0,0,0,0,0,0,0,0,0,0,0,0,0,0,0.0,0.0,100.0,81.6,18.4,0,0,0,0,0,0,0,0,0,0,0,0,0,0,0,0,0,0,0,0,0,0
KOBI SIMMONS,Kosner Baskonia Vitoria-Gasteiz,2,KOBI SIMMONS,"EUGENE OMORUYI, GYTIS RADZEVICIUS, MAMADI DIAKITE, MARKUS HOWARD",1,1.1,0,0,0,0,0,0,0,0,0,0,0,0,0,0,1,0,0,0,0,0,0,0.0,0.0,200.0,79.3,120.7,0,0,0,0,0,0,0,0,0,0,0,0,0,0,0,0,0,0,0,0,0,0
KOBI SIMMONS,Kosner Baskonia Vitoria-Gasteiz,2,KOBI SIMMONS,"EUGENE OMORUYI, GYTIS RADZEVICIUS, MAMADI DIAKITE, MARKQUIS NOWELL",1,1.1,0,0,0,0,0,0,0,0,0,0,0,0,0,0,0,0,0,0,0,0,0,0.0,0.0,0.0,250.0,-250.0,0,0,0,0,0,0,0,0,0,0,0,0,0,0,0,0,0,0,0,0,0,0
MAMADI DIAKITE,Kosner Baskonia Vitoria-Gasteiz,1,MAMADI DIAKITE,"EUGENE OMORUYI, KOBI SIMMONS, MARKUS HOWARD, TRENT FORREST",1,4.2,3,1,2,50.0,1,2,50.0,0,0,0,0,1,1,0,0,0,1,0,3,0,3,3.0,38.1,114.2,95.7,18.5,75.0,75.0,0.0,33.3,0,0,0,0,0,0,2,1,50,0,0,0,0,0,1,0,0,0
MAMADI DIAKITE,Kosner Baskonia Vitoria-Gasteiz,1,MAMADI DIAKITE,"KOBI SIMMONS, MARKUS HOWARD, MATTEO SPAGNOLO, RAFA VILLAR, VIT HRABAR",1,4.1,3,1,2,50.0,1,2,50.0,0,0,0,0,1,1,0,0,0,0,1,2,0,3,3.0,39.8,119.3,175.3,-56.0,75.0,75.0,0.0,0.0,0,0,0,0,0,0,2,1,50,0,0,0,0,0,0,0,0,0
MAMADI DIAKITE,Kosner Baskonia Vitoria-Gasteiz,1,MAMADI DIAKITE,"CLEMENT FRISCH, KOBI SIMMONS, MARKUS HOWARD, MATTEO SPAGNOLO",1,3.4,5,1,1,100.0,0,0,0,3,3,100.0,0,1,1,0,0,0,1,0,3,0,5,5.0,57.5,115.1,30.4,84.6,100.0,107.8,0.0,30.1,0,0,0,1,1,100,0,0,0,0,0,0,0,0,1,0,4,0
MAMADI DIAKITE,Kosner Baskonia Vitoria-Gasteiz,1,MAMADI DIAKITE,"EUGENE OMORUYI, GYTIS RADZEVICIUS, MARKUS HOWARD, RAFA VILLAR, TRENT FORREST",1,2.7,2,1,2,50.0,0,1,0.0,0,0,0,0,2,2,0,0,0,1,0,3,0,2,2.0,32.0,112.0,80.0,32.0,50.0,50.0,0.0,33.3,0,0,0,1,1,100,1,0,0,0,0,0,0,0,1,0,0,0
MAMADI DIAKITE,Kosner Baskonia Vitoria-Gasteiz,1,MAMADI DIAKITE,"EUGENE OMORUYI, GYTIS RADZEVICIUS, MARKQUIS NOWELL, MARKUS HOWARD",1,2.6,2,1,1,100.0,0,0,0,0,0,0,1,3,4,0,1,0,0,0,0,0,2,2.0,34.4,68.8,15.9,52.9,100.0,100.0,0.0,0.0,0,0,0,1,1,100,0,0,0,0,0,0,0,0,0,2,0,2
MAMADI DIAKITE,Kosner Baskonia Vitoria-Gasteiz,1,MAMADI DIAKITE,"EUGENE OMORUYI, KOBI SIMMONS, MARKUS HOWARD, MATTEO SPAGNOLO",1,1.8,4,2,2,100.0,0,0,0,0,0,0,2,0,2,1,0,0,0,0,0,2,6,6.0,104.5,191.6,103.6,88.1,100.0,100.0,50.0,0.0,0,0,0,2,2,100,0,0,0,0,0,0,0,0,0,2,2,4
MAMADI DIAKITE,Kosner Baskonia Vitoria-Gasteiz,1,MAMADI DIAKITE,"CLEMENT FRISCH, GYTIS RADZEVICIUS, KOBI SIMMONS, MARKUS HOWARD",1,1.3,4,0,0,0,0,0,0,4,4,100.0,0,1,1,0,0,0,0,0,2,0,4,4.0,144.9,144.9,74.1,70.8,0,113.6,0,0.0,0,0,0,0,0,0,0,0,0,0,0,0,0,0,0,0,2,0
MAMADI DIAKITE,Kosner Baskonia Vitoria-Gasteiz,1,MAMADI DIAKITE,"CLEMENT FRISCH, MARKQUIS NOWELL, MATTEO SPAGNOLO, TRENT FORREST",1,1.2,2,1,1,100.0,0,0,0,0,0,0,0,0,0,0,0,0,0,0,1,0,2,2.0,66.7,200.0,200.0,0.0,100.0,100.0,0.0,0.0,0,0,0,1,1,100,0,0,0,0,0,0,0,0,0,0,0,0
MAMADI DIAKITE,Kosner Baskonia Vitoria-Gasteiz,1,MAMADI DIAKITE,"CLEMENT FRISCH, GYTIS RADZEVICIUS, MATTEO SPAGNOLO, TRENT FORREST",1,1.2,0,0,1,0.0,0,0,0,0,0,0,0,0,0,0,0,0,0,0,1,0,0,0.0,0.0,0.0,104.2,-104.2,0.0,0.0,0,0.0,0,0,0,1,0,0,0,0,0,0,0,0,0,0,0,0,0,0
MAMADI DIAKITE,Kosner Baskonia Vitoria-Gasteiz,1,MAMADI DIAKITE,"EUGENE OMORUYI, GYTIS RADZEVICIUS, KOBI SIMMONS, MARKUS HOWARD",1,1.1,2,1,1,100.0,0,0,0,0,0,0,0,0,0,0,0,0,0,0,1,0,2,2.0,200.0,200.0,79.3,120.7,100.0,100.0,0.0,0.0,0,0,0,1,1,100,0,0,0,0,0,0,0,0,0,0,0,0
MAMADI DIAKITE,Kosner Baskonia Vitoria-Gasteiz,1,MAMADI DIAKITE,"EUGENE OMORUYI, GYTIS RADZEVICIUS, KOBI SIMMONS, MARKQUIS NOWELL",1,1.1,0,0,1,0.0,0,1,0.0,0,0,0,0,0,0,0,0,0,0,0,1,0,0,0.0,0.0,0.0,250.0,-250.0,0.0,0.0,0,0.0,0,0,0,0,0,0,1,0,0,0,0,0,0,0,0,0,0,0
MARKQUIS NOWELL,Kosner Baskonia Vitoria-Gasteiz,3,MARKQUIS NOWELL,"KOBI SIMMONS, MARKUS HOWARD, MATTEO SPAGNOLO, RAFA VILLAR",1,3.2,0,0,0,0,0,0,0,0,0,0,0,0,0,0,0,0,0,0,0,0,0,0.0,0.0,61.1,168.1,-107.0,0,0,0,0,0,0,0,0,0,0,0,0,0,0,0,0,0,0,0,0,0,0
MARKQUIS NOWELL,Kosner Baskonia Vitoria-Gasteiz,3,MARKQUIS NOWELL,"EUGENE OMORUYI, GYTIS RADZEVICIUS, KOBI SIMMONS, MATTEO SPAGNOLO, RAFA VILLAR",1,2.9,3,1,1,100.0,1,1,100.0,0,0,0,0,0,0,0,0,0,0,0,1,0,3,3.0,60.9,142.0,126.1,15.9,150.0,150.0,0.0,0.0,0,0,0,0,0,0,1,1,100,0,0,0,0,0,0,0,3,0
MARKQUIS NOWELL,Kosner Baskonia Vitoria-Gasteiz,3,MARKQUIS NOWELL,"EUGENE OMORUYI, GYTIS RADZEVICIUS, MAMADI DIAKITE, MARKUS HOWARD",1,2.6,0,0,1,0.0,0,0,0,0,0,0,0,1,1,1,0,0,0,1,1,0,0,0.0,0.0,68.8,15.9,52.9,0.0,0.0,0,0.0,0,0,0,1,0,0,0,0,0,0,0,0,0,0,0,0,0,0
MARKQUIS NOWELL,Kosner Baskonia Vitoria-Gasteiz,3,MARKQUIS NOWELL,"CLEMENT FRISCH, EUGENE OMORUYI, GYTIS RADZEVICIUS, MATTEO SPAGNOLO",1,1.5,0,0,1,0.0,0,1,0.0,0,0,0,0,0,0,0,0,0,0,0,1,0,0,0.0,0.0,0.0,128.9,-128.9,0.0,0.0,0,0.0,0,0,0,0,0,0,1,0,0,0,0,0,0,0,0,0,0,0
MARKQUIS NOWELL,Kosner Baskonia Vitoria-Gasteiz,3,MARKQUIS NOWELL,"CLEMENT FRISCH, KOBI SIMMONS, MARKUS HOWARD, MATTEO SPAGNOLO, RAFA VILLAR",1,1.2,0,0,0,0,0,0,0,0,0,0,0,0,0,0,0,0,0,0,0,0,0,0.0,0.0,100.0,81.6,18.4,0,0,0,0,0,0,0,0,0,0,0,0,0,0,0,0,0,0,0,0,0,0
MARKQUIS NOWELL,Kosner Baskonia Vitoria-Gasteiz,3,MARKQUIS NOWELL,"CLEMENT FRISCH, MAMADI DIAKITE, MATTEO SPAGNOLO, TRENT FORREST",1,1.2,2,1,1,100.0,0,0,0,0,0,0,0,0,0,0,0,0,0,0,1,0,2,2.0,66.7,200.0,200.0,0.0,100.0,100.0,0.0,0.0,0,0,0,1,1,100,0,0,0,0,0,0,0,0,0,0,0,0
MARKQUIS NOWELL,Kosner Baskonia Vitoria-Gasteiz,3,MARKQUIS NOWELL,"EUGENE OMORUYI, GYTIS RADZEVICIUS, KOBI SIMMONS, MAMADI DIAKITE",1,1.1,0,0,0,0,0,0,0,0,0,0,0,0,0,0,0,0,0,0,0,0,0,0.0,0.0,0.0,250.0,-250.0,0,0,0,0,0,0,0,0,0,0,0,0,0,0,0,0,0,0,0,0,0,0
MARKUS HOWARD,Kosner Baskonia Vitoria-Gasteiz,0,MARKUS HOWARD,"EUGENE OMORUYI, KOBI SIMMONS, MAMADI DIAKITE, TRENT FORREST",1,4.2,0,0,0,0,0,0,0,0,0,0,0,1,1,1,0,0,0,0,0,2,2,2.0,25.4,114.2,95.7,18.5,0,0,0,0.0,0,0,0,0,0,0,0,0,0,0,0,0,0,0,0,0,0,0
MARKUS HOWARD,Kosner Baskonia Vitoria-Gasteiz,0,MARKUS HOWARD,"KOBI SIMMONS, MAMADI DIAKITE, MATTEO SPAGNOLO, RAFA VILLAR, VIT HRABAR",1,4.1,2,1,4,25.0,0,3,0.0,0,0,0,0,0,0,0,0,0,0,0,4,0,2,2.0,26.5,119.3,175.3,-56.0,25.0,25.0,0.0,0.0,0,0,0,1,1,100,3,0,0,0,0,0,0,0,0,0,0,0
MARKUS HOWARD,Kosner Baskonia Vitoria-Gasteiz,0,MARKUS HOWARD,"CLEMENT FRISCH, KOBI SIMMONS, MAMADI DIAKITE, MATTEO SPAGNOLO",1,3.4,0,0,3,0.0,0,2,0.0,0,0,0,0,0,0,1,0,0,0,1,3,2,2,2.0,23.0,115.1,30.4,84.6,0.0,0.0,0,0.0,0,0,0,1,0,0,2,0,0,0,0,0,0,0,0,0,0,0
MARKUS HOWARD,Kosner Baskonia Vitoria-Gasteiz,0,MARKUS HOWARD,"KOBI SIMMONS, MARKQUIS NOWELL, MATTEO SPAGNOLO, RAFA VILLAR",1,3.2,2,0,0,0,0,0,0,2,2,100.0,0,0,0,0,0,0,0,0,1,0,2,2.0,30.6,61.1,168.1,-107.0,0,113.6,0,0.0,0,0,0,0,0,0,0,0,0,0,0,0,0,0,0,0,0,0
MARKUS HOWARD,Kosner Baskonia Vitoria-Gasteiz,0,MARKUS HOWARD,"EUGENE OMORUYI, GYTIS RADZEVICIUS, MAMADI DIAKITE, RAFA VILLAR, TRENT FORREST",1,2.7,0,0,0,0,0,0,0,0,0,0,0,0,0,0,0,0,0,1,0,0,0,0.0,0.0,112.0,80.0,32.0,0,0,0,0,0,0,0,0,0,0,0,0,0,0,0,0,0,0,0,0,0,0
MARKUS HOWARD,Kosner Baskonia Vitoria-Gasteiz,0,MARKUS HOWARD,"EUGENE OMORUYI, GYTIS RADZEVICIUS, MAMADI DIAKITE, MARKQUIS NOWELL",1,2.6,0,0,3,0.0,0,2,0.0,0,0,0,0,0,0,0,0,0,1,0,4,0,0,0.0,0.0,68.8,15.9,52.9,0.0,0.0,0,25.0,0,0,0,1,0,0,2,0,0,0,0,0,0,0,1,0,0,0
MARKUS HOWARD,Kosner Baskonia Vitoria-Gasteiz,0,MARKUS HOWARD,"EUGENE OMORUYI, KOBI SIMMONS, RAFA VILLAR, TRENT FORREST, VIT HRABAR",1,2.3,0,0,0,0,0,0,0,0,0,0,0,0,0,1,0,0,0,0,0,2,2,2.0,40.0,80.0,119.9,-39.9,0,0,0,0.0,0,0,0,0,0,0,0,0,0,0,0,0,0,0,0,0,0,0
MARKUS HOWARD,Kosner Baskonia Vitoria-Gasteiz,0,MARKUS HOWARD,"EUGENE OMORUYI, KOBI SIMMONS, MAMADI DIAKITE, MATTEO SPAGNOLO",1,1.8,0,0,1,0.0,0,1,0.0,0,0,0,0,0,0,2,0,0,0,0,1,5,5,5.0,87.1,191.6,103.6,88.1,0.0,0.0,0,0.0,0,0,0,0,0,0,1,0,0,0,0,0,0,0,0,0,0,0
MARKUS HOWARD,Kosner Baskonia Vitoria-Gasteiz,0,MARKUS HOWARD,"CLEMENT FRISCH, GYTIS RADZEVICIUS, KOBI SIMMONS, MAMADI DIAKITE",1,1.3,0,0,0,0,0,0,0,0,0,0,0,0,0,0,0,0,0,0,0,0,0,0.0,0.0,144.9,74.1,70.8,0,0,0,0,0,0,0,0,0,0,0,0,0,0,0,0,0,0,0,0,0,0
MARKUS HOWARD,Kosner Baskonia Vitoria-Gasteiz,0,MARKUS HOWARD,"CLEMENT FRISCH, KOBI SIMMONS, MARKQUIS NOWELL, MATTEO SPAGNOLO, RAFA VILLAR",1,1.2,3,1,1,100.0,1,1,100.0,0,0,0,0,1,1,0,0,0,0,0,1,0,3,3.0,100.0,100.0,81.6,18.4,150.0,150.0,0.0,0.0,0,0,0,0,0,0,1,1,100,0,1,0,0,0,0,0,3,0
MARKUS HOWARD,Kosner Baskonia Vitoria-Gasteiz,0,MARKUS HOWARD,"EUGENE OMORUYI, GYTIS RADZEVICIUS, KOBI SIMMONS, MAMADI DIAKITE",1,1.1,0,0,0,0,0,0,0,0,0,0,0,0,0,0,0,0,0,1,0,0,0,0.0,0.0,200.0,79.3,120.7,0,0,0,0,0,0,0,0,0,0,0,0,0,0,0,0,0,0,0,0,0,0
MATTEO SPAGNOLO,Kosner Baskonia Vitoria-Gasteiz,10,MATTEO SPAGNOLO,"KOBI SIMMONS, MAMADI DIAKITE, MARKUS HOWARD, RAFA VILLAR, VIT HRABAR",1,4.1,0,0,0,0,0,0,0,0,0,0,0,0,0,1,0,0,0,0,0,0,0,0.0,0.0,119.3,175.3,-56.0,0,0,0,0.0,0,0,0,0,0,0,0,0,0,0,0,0,0,0,0,0,0,0
MATTEO SPAGNOLO,Kosner Baskonia Vitoria-Gasteiz,10,MATTEO SPAGNOLO,"CLEMENT FRISCH, KOBI SIMMONS, MAMADI DIAKITE, MARKUS HOWARD",1,3.4,0,0,0,0,0,0,0,0,0,0,0,0,0,0,0,0,0,0,0,0,0,0.0,0.0,115.1,30.4,84.6,0,0,0,0,0,0,0,0,0,0,0,0,0,0,0,0,0,0,0,0,0,0
MATTEO SPAGNOLO,Kosner Baskonia Vitoria-Gasteiz,10,MATTEO SPAGNOLO,"KOBI SIMMONS, MARKQUIS NOWELL, MARKUS HOWARD, RAFA VILLAR",1,3.2,0,0,0,0,0,0,0,0,0,0,0,0,0,0,0,0,0,0,0,0,0,0.0,0.0,61.1,168.1,-107.0,0,0,0,0,0,0,0,0,0,0,0,0,0,0,0,0,0,0,0,0,0,0
MATTEO SPAGNOLO,Kosner Baskonia Vitoria-Gasteiz,10,MATTEO SPAGNOLO,"EUGENE OMORUYI, GYTIS RADZEVICIUS, KOBI SIMMONS, MARKQUIS NOWELL, RAFA VILLAR",1,2.9,0,0,0,0,0,0,0,0,0,0,0,2,2,0,0,0,0,0,0,0,0,0.0,0.0,142.0,126.1,15.9,0,0,0,0,0,0,0,0,0,0,0,0,0,0,0,0,0,0,0,0,0,0
MATTEO SPAGNOLO,Kosner Baskonia Vitoria-Gasteiz,10,MATTEO SPAGNOLO,"EUGENE OMORUYI, KOBI SIMMONS, MAMADI DIAKITE, MARKUS HOWARD",1,1.8,2,1,2,50.0,0,1,0.0,0,0,0,0,0,0,0,0,0,0,0,2,0,2,2.0,34.8,191.6,103.6,88.1,50.0,50.0,0.0,0.0,0,0,0,1,1,100,1,0,0,0,0,0,0,0,0,2,0,0
MATTEO SPAGNOLO,Kosner Baskonia Vitoria-Gasteiz,10,MATTEO SPAGNOLO,"CLEMENT FRISCH, EUGENE OMORUYI, GYTIS RADZEVICIUS, MARKQUIS NOWELL",1,1.5,0,0,0,0,0,0,0,0,0,0,0,0,0,0,0,0,0,0,0,0,0,0.0,0.0,0.0,128.9,-128.9,0,0,0,0,0,0,0,0,0,0,0,0,0,0,0,0,0,0,0,0,0,0
MATTEO SPAGNOLO,Kosner Baskonia Vitoria-Gasteiz,10,MATTEO SPAGNOLO,"CLEMENT FRISCH, KOBI SIMMONS, MARKQUIS NOWELL, MARKUS HOWARD, RAFA VILLAR",1,1.2,0,0,0,0,0,0,0,0,0,0,0,0,0,0,0,0,1,0,1,0,0,0.0,0.0,100.0,81.6,18.4,0,0,0,100.0,0,0,0,0,0,0,0,0,0,0,0,0,0,0,1,0,0,0
MATTEO SPAGNOLO,Kosner Baskonia Vitoria-Gasteiz,10,MATTEO SPAGNOLO,"CLEMENT FRISCH, MAMADI DIAKITE, MARKQUIS NOWELL, TRENT FORREST",1,1.2,2,1,1,100.0,0,0,0,0,0,0,0,0,0,0,0,0,0,0,1,0,2,2.0,66.7,200.0,200.0,0.0,100.0,100.0,0.0,0.0,0,0,0,1,1,100,0,0,0,0,0,0,0,0,0,0,0,0
MATTEO SPAGNOLO,Kosner Baskonia Vitoria-Gasteiz,10,MATTEO SPAGNOLO,"CLEMENT FRISCH, GYTIS RADZEVICIUS, MAMADI DIAKITE, TRENT FORREST",1,1.2,0,0,1,0.0,0,0,0,0,0,0,0,0,0,0,0,0,0,0,1,0,0,0.0,0.0,0.0,104.2,-104.2,0.0,0.0,0,0.0,0,0,0,1,0,0,0,0,0,0,0,0,0,0,0,0,0,0
RAFA VILLAR,Kosner Baskonia Vitoria-Gasteiz,4,RAFA VILLAR,"KOBI SIMMONS, MAMADI DIAKITE, MARKUS HOWARD, MATTEO SPAGNOLO, VIT HRABAR",1,4.1,0,0,0,0,0,0,0,0,0,0,0,0,0,0,0,0,0,0,0,0,0,0.0,0.0,119.3,175.3,-56.0,0,0,0,0,0,0,0,0,0,0,0,0,0,0,0,0,0,0,0,0,0,0
RAFA VILLAR,Kosner Baskonia Vitoria-Gasteiz,4,RAFA VILLAR,"KOBI SIMMONS, MARKQUIS NOWELL, MARKUS HOWARD, MATTEO SPAGNOLO",1,3.2,0,0,0,0,0,0,0,0,0,0,0,0,0,0,0,0,0,0,0,0,0,0.0,0.0,61.1,168.1,-107.0,0,0,0,0,0,0,0,0,0,0,0,0,0,0,0,0,0,0,0,0,0,0
RAFA VILLAR,Kosner Baskonia Vitoria-Gasteiz,4,RAFA VILLAR,"EUGENE OMORUYI, GYTIS RADZEVICIUS, KOBI SIMMONS, MARKQUIS NOWELL, MATTEO SPAGNOLO",1,2.9,0,0,0,0,0,0,0,0,0,0,0,0,0,0,0,0,0,0,0,0,0,0.0,0.0,142.0,126.1,15.9,0,0,0,0,0,0,0,0,0,0,0,0,0,0,0,0,0,0,0,0,0,0
RAFA VILLAR,Kosner Baskonia Vitoria-Gasteiz,4,RAFA VILLAR,"EUGENE OMORUYI, GYTIS RADZEVICIUS, MAMADI DIAKITE, MARKUS HOWARD, TRENT FORREST",1,2.7,0,0,0,0,0,0,0,0,0,0,0,0,0,0,0,0,0,0,0,0,0,0.0,0.0,112.0,80.0,32.0,0,0,0,0,0,0,0,0,0,0,0,0,0,0,0,0,0,0,0,0,0,0
RAFA VILLAR,Kosner Baskonia Vitoria-Gasteiz,4,RAFA VILLAR,"EUGENE OMORUYI, KOBI SIMMONS, MARKUS HOWARD, TRENT FORREST, VIT HRABAR",1,2.3,0,0,0,0,0,0,0,0,0,0,0,0,0,0,0,0,0,0,0,0,0,0.0,0.0,80.0,119.9,-39.9,0,0,0,0,0,0,0,0,0,0,0,0,0,0,0,0,0,0,0,0,0,0
RAFA VILLAR,Kosner Baskonia Vitoria-Gasteiz,4,RAFA VILLAR,"CLEMENT FRISCH, KOBI SIMMONS, MARKQUIS NOWELL, MARKUS HOWARD, MATTEO SPAGNOLO",1,1.2,0,0,0,0,0,0,0,0,0,0,0,0,0,0,0,0,0,0,0,0,0,0.0,0.0,100.0,81.6,18.4,0,0,0,0,0,0,0,0,0,0,0,0,0,0,0,0,0,0,0,0,0,0
TRENT FORREST,Kosner Baskonia Vitoria-Gasteiz,11,TRENT FORREST,"EUGENE OMORUYI, KOBI SIMMONS, MAMADI DIAKITE, MARKUS HOWARD",1,4.2,2,0,0,0,0,0,0,2,2,100.0,0,1,1,0,0,0,0,1,1,0,2,2.0,25.4,114.2,95.7,18.5,0,113.6,0,0.0,0,0,0,0,0,0,0,0,0,0,0,0,0,0,0,0,2,0
TRENT FORREST,Kosner Baskonia Vitoria-Gasteiz,11,TRENT FORREST,"EUGENE OMORUYI, GYTIS RADZEVICIUS, MAMADI DIAKITE, MARKUS HOWARD, RAFA VILLAR",1,2.7,3,1,1,100.0,0,0,0,1,1,100.0,0,0,0,0,0,0,0,0,1,0,3,3.0,48.0,112.0,80.0,32.0,100.0,104.2,0.0,0.0,0,0,0,1,1,100,0,0,0,0,0,0,0,0,0,0,0,0
TRENT FORREST,Kosner Baskonia Vitoria-Gasteiz,11,TRENT FORREST,"EUGENE OMORUYI, KOBI SIMMONS, MARKUS HOWARD, RAFA VILLAR, VIT HRABAR",1,2.3,0,0,0,0,0,0,0,0,0,0,0,0,0,0,0,0,0,0,0,0,0,0.0,0.0,80.0,119.9,-39.9,0,0,0,0,0,0,0,0,0,0,0,0,0,0,0,0,0,0,0,0,0,0
TRENT FORREST,Kosner Baskonia Vitoria-Gasteiz,11,TRENT FORREST,"CLEMENT FRISCH, MAMADI DIAKITE, MARKQUIS NOWELL, MATTEO SPAGNOLO",1,1.2,0,0,0,0,0,0,0,0,0,0,0,0,0,1,0,0,0,0,0,2,2,2.0,66.7,200.0,200.0,0.0,0,0,0,0.0,0,0,0,0,0,0,0,0,0,0,0,0,0,0,0,0,0,0
TRENT FORREST,Kosner Baskonia Vitoria-Gasteiz,11,TRENT FORREST,"CLEMENT FRISCH, GYTIS RADZEVICIUS, MAMADI DIAKITE, MATTEO SPAGNOLO",1,1.2,0,0,1,0.0,0,0,0,0,0,0,1,0,1,0,0,0,0,3,0,0,0,0.0,0.0,0.0,104.2,-104.2,0.0,0.0,0,0.0,0,0,0,1,0,0,0,0,0,0,0,0,0,0,0,0,0,0
VIT HRABAR,Kosner Baskonia Vitoria-Gasteiz,33,VIT HRABAR,"KOBI SIMMONS, MAMADI DIAKITE, MARKUS HOWARD, MATTEO SPAGNOLO, RAFA VILLAR",1,4.1,2,1,1,100.0,0,0,0,0,0,0,1,0,1,0,0,0,0,1,0,0,2,2.0,26.5,119.3,175.3,-56.0,100.0,100.0,0.0,0.0,0,0,0,1,1,100,0,0,0,0,0,0,0,0,0,0,0,0
VIT HRABAR,Kosner Baskonia Vitoria-Gasteiz,33,VIT HRABAR,"EUGENE OMORUYI, KOBI SIMMONS, MARKUS HOWARD, RAFA VILLAR, TRENT FORREST",1,2.3,0,0,0,0,0,0,0,0,0,0,0,0,0,0,0,0,0,1,0,0,0,0.0,0.0,80.0,119.9,-39.9,0,0,0,0,0,0,0,0,0,0,0,0,0,0,0,0,0,0,0,0,0,0
ADAM ATAMNA,LDLC ASVEL Villeurbanne,2,ADAM ATAMNA,"ARMEL TRAORE, GLYNN WATSON, MARVYN WADE, PAUL EBOUA, SHAQUILLE HARRISON, THOMAS HEURTEL",1,5.5,0,0,0,0,0,0,0,0,0,0,0,0,0,0,0,0,0,0,0,0,0,0.0,0.0,222.9,148.7,74.2,0,0,0,0,0,0,0,0,0,0,0,0,0,0,0,0,0,0,0,0,0,0
ADAM ATAMNA,LDLC ASVEL Villeurbanne,2,ADAM ATAMNA,"ARMEL TRAORE, BASTIEN VAUTIER, MARVYN WADE, SHAQUILLE HARRISON, THOMAS HEURTEL, ZACHARY SELJAAS",1,3.0,0,0,0,0,0,0,0,0,0,0,0,0,0,0,0,0,0,0,0,0,0,0.0,0.0,165.4,96.5,68.9,0,0,0,0,0,0,0,0,0,0,0,0,0,0,0,0,0,0,0,0,0,0
ADAM ATAMNA,LDLC ASVEL Villeurbanne,2,ADAM ATAMNA,"BRAIAN ANGOLA, DAVID LIGHTY, GLYNN WATSON, MARVYN WADE, MELVIN AJINCA, PAUL EBOUA",1,2.9,0,0,0,0,0,0,0,0,0,0,0,0,0,0,0,0,0,0,0,0,0,0.0,0.0,68.8,84.3,-15.5,0,0,0,0,0,0,0,0,0,0,0,0,0,0,0,0,0,0,0,0,0,0
ADAM ATAMNA,LDLC ASVEL Villeurbanne,2,ADAM ATAMNA,"BODIAN MASSA, BRAIAN ANGOLA, GLYNN WATSON, MARVYN WADE, MELVIN AJINCA, ZACHARY SELJAAS",1,2.9,0,0,0,0,0,0,0,0,0,0,0,0,0,0,0,0,0,0,0,0,0,0.0,0.0,124.7,146.7,-22.0,0,0,0,0,0,0,0,0,0,0,0,0,0,0,0,0,0,0,0,0,0,0
ADAM ATAMNA,LDLC ASVEL Villeurbanne,2,ADAM ATAMNA,"BASTIEN VAUTIER, GLYNN WATSON, MARVYN WADE, SHAQUILLE HARRISON, THOMAS HEURTEL, ZACHARY SELJAAS",1,2.9,0,0,0,0,0,0,0,0,0,0,0,0,0,0,0,0,0,0,0,0,0,0.0,0.0,75.0,128.7,-53.7,0,0,0,0,0,0,0,0,0,0,0,0,0,0,0,0,0,0,0,0,0,0
ADAM ATAMNA,LDLC ASVEL Villeurbanne,2,ADAM ATAMNA,"GLYNN WATSON, MARVYN WADE, SHAQUILLE HARRISON, THOMAS HEURTEL",1,2.8,0,0,0,0,0,0,0,0,0,0,0,0,0,0,0,0,0,0,0,0,0,0.0,0.0,133.3,104.0,29.4,0,0,0,0,0,0,0,0,0,0,0,0,0,0,0,0,0,0,0,0,0,0
ADAM ATAMNA,LDLC ASVEL Villeurbanne,2,ADAM ATAMNA,"ARMEL TRAORE, BASTIEN VAUTIER, DAVID LIGHTY, MARVYN WADE, SHAQUILLE HARRISON, THOMAS HEURTEL",1,2.3,0,0,0,0,0,0,0,0,0,0,0,0,0,0,0,0,0,0,0,0,0,0.0,0.0,41.8,71.7,-29.9,0,0,0,0,0,0,0,0,0,0,0,0,0,0,0,0,0,0,0,0,0,0
ADAM ATAMNA,LDLC ASVEL Villeurbanne,2,ADAM ATAMNA,"DAVID LIGHTY, GLYNN WATSON, MARVYN WADE, PAUL EBOUA, THOMAS HEURTEL, ZACHARY SELJAAS",1,2.0,0,0,0,0,0,0,0,0,0,0,0,0,0,0,0,0,0,0,0,0,0,0.0,0.0,150.0,50.0,100.0,0,0,0,0,0,0,0,0,0,0,0,0,0,0,0,0,0,0,0,0,0,0
ADAM ATAMNA,LDLC ASVEL Villeurbanne,2,ADAM ATAMNA,"ARMEL TRAORE, DAVID LIGHTY, MARVYN WADE, PAUL EBOUA, SHAQUILLE HARRISON, THOMAS HEURTEL",1,1.6,0,0,0,0,0,0,0,0,0,0,0,0,0,0,0,0,0,0,0,0,0,0.0,0.0,0.0,94.7,-94.7,0,0,0,0,0,0,0,0,0,0,0,0,0,0,0,0,0,0,0,0,0,0
ADAM ATAMNA,LDLC ASVEL Villeurbanne,2,ADAM ATAMNA,"DAVID LIGHTY, GLYNN WATSON, MARVYN WADE, MELVIN AJINCA, PAUL EBOUA, THOMAS HEURTEL",1,1.3,0,0,0,0,0,0,0,0,0,0,0,0,0,0,0,0,0,0,0,0,0,0.0,0.0,66.7,159.6,-92.9,0,0,0,0,0,0,0,0,0,0,0,0,0,0,0,0,0,0,0,0,0,0
ADAM ATAMNA,LDLC ASVEL Villeurbanne,2,ADAM ATAMNA,"ARMEL TRAORE, BODIAN MASSA, MARVYN WADE, SHAQUILLE HARRISON, THOMAS HEURTEL, ZACHARY SELJAAS",1,1.3,0,0,0,0,0,0,0,0,0,0,0,0,0,0,0,0,0,0,0,0,0,0.0,0.0,0.0,34.7,-34.7,0,0,0,0,0,0,0,0,0,0,0,0,0,0,0,0,0,0,0,0,0,0
ADAM ATAMNA,LDLC ASVEL Villeurbanne,2,ADAM ATAMNA,"BODIAN MASSA, DAVID LIGHTY, GLYNN WATSON, MARVYN WADE, MELVIN AJINCA, THOMAS HEURTEL",1,1.2,0,0,0,0,0,0,0,0,0,0,0,0,0,0,0,0,0,0,0,0,0,0.0,0.0,0.0,123.0,-123.0,0,0,0,0,0,0,0,0,0,0,0,0,0,0,0,0,0,0,0,0,0,0
ADAM ATAMNA,LDLC ASVEL Villeurbanne,2,ADAM ATAMNA,"ARMEL TRAORE, BASTIEN VAUTIER, MARVYN WADE, SHAQUILLE HARRISON, THOMAS HEURTEL",1,1.1,0,0,0,0,0,0,0,0,0,0,0,0,0,0,0,0,0,0,0,0,0,0.0,0.0,66.7,51.5,15.1,0,0,0,0,0,0,0,0,0,0,0,0,0,0,0,0,0,0,0,0,0,0
ADAM ATAMNA,LDLC ASVEL Villeurbanne,2,ADAM ATAMNA,"BRAIAN ANGOLA, GLYNN WATSON, MARVYN WADE, MELVIN AJINCA, PAUL EBOUA, ZACHARY SELJAAS",1,1.1,0,0,0,0,0,0,0,0,0,0,0,0,0,0,0,0,0,0,0,0,0,0.0,0.0,0.0,0.0,0.0,0,0,0,0,0,0,0,0,0,0,0,0,0,0,0,0,0,0,0,0,0,0
ADAM ATAMNA,LDLC ASVEL Villeurbanne,2,ADAM ATAMNA,"BODIAN MASSA, BRAIAN ANGOLA, DAVID LIGHTY, GLYNN WATSON, MARVYN WADE, MELVIN AJINCA",1,1.1,0,0,0,0,0,0,0,0,0,0,0,0,0,0,0,0,0,0,0,0,0,0.0,0.0,212.8,266.0,-53.2,0,0,0,0,0,0,0,0,0,0,0,0,0,0,0,0,0,0,0,0,0,0
ARMEL TRAORE,LDLC ASVEL Villeurbanne,94,ARMEL TRAORE,"ADAM ATAMNA, GLYNN WATSON, MARVYN WADE, PAUL EBOUA, SHAQUILLE HARRISON, THOMAS HEURTEL",1,5.5,9,3,3,100.0,3,3,100.0,0,0,0,0,1,1,0,0,0,0,0,3,0,9,9.0,87.2,222.9,148.7,74.2,150.0,150.0,0.0,0.0,0,0,0,0,0,0,3,3,100,0,0,0,0,0,0,0,0,0
ARMEL TRAORE,LDLC ASVEL Villeurbanne,94,ARMEL TRAORE,"ADAM ATAMNA, BASTIEN VAUTIER, MARVYN WADE, SHAQUILLE HARRISON, THOMAS HEURTEL, ZACHARY SELJAAS",1,3.0,0,0,0,0,0,0,0,0,0,0,0,0,0,0,0,0,1,0,1,0,0,0.0,0.0,165.4,96.5,68.9,0,0,0,100.0,0,0,0,0,0,0,0,0,0,0,0,0,0,0,1,0,0,0
ARMEL TRAORE,LDLC ASVEL Villeurbanne,94,ARMEL TRAORE,"ADAM ATAMNA, BASTIEN VAUTIER, DAVID LIGHTY, MARVYN WADE, SHAQUILLE HARRISON, THOMAS HEURTEL",1,2.3,0,0,0,0,0,0,0,0,0,0,1,0,1,0,0,0,0,0,0,0,0,0.0,0.0,41.8,71.7,-29.9,0,0,0,0,0,0,0,0,0,0,0,0,0,0,0,0,0,0,0,0,0,0
ARMEL TRAORE,LDLC ASVEL Villeurbanne,94,ARMEL TRAORE,"ADAM ATAMNA, DAVID LIGHTY, MARVYN WADE, PAUL EBOUA, SHAQUILLE HARRISON, THOMAS HEURTEL",1,1.6,0,0,0,0,0,0,0,0,0,0,0,1,1,0,0,0,0,0,0,0,0,0.0,0.0,0.0,94.7,-94.7,0,0,0,0,0,0,0,0,0,0,0,0,0,0,0,0,0,0,0,0,0,0
ARMEL TRAORE,LDLC ASVEL Villeurbanne,94,ARMEL TRAORE,"ADAM ATAMNA, BODIAN MASSA, MARVYN WADE, SHAQUILLE HARRISON, THOMAS HEURTEL, ZACHARY SELJAAS",1,1.3,0,0,0,0,0,0,0,0,0,0,1,0,1,0,0,0,1,0,0,0,0,0.0,0.0,0.0,34.7,-34.7,0,0,0,100.0,0,0,0,0,0,0,0,0,0,0,0,0,0,0,1,0,0,0
ARMEL TRAORE,LDLC ASVEL Villeurbanne,94,ARMEL TRAORE,"ADAM ATAMNA, BASTIEN VAUTIER, MARVYN WADE, SHAQUILLE HARRISON, THOMAS HEURTEL",1,1.1,0,0,0,0,0,0,0,0,0,0,0,0,0,0,0,0,1,0,1,0,0,0.0,0.0,66.7,51.5,15.1,0,0,0,100.0,0,0,0,0,0,0,0,0,0,0,0,0,0,0,1,0,0,0
BASTIEN VAUTIER,LDLC ASVEL Villeurbanne,32,BASTIEN VAUTIER,"ADAM ATAMNA, ARMEL TRAORE, MARVYN WADE, SHAQUILLE HARRISON, THOMAS HEURTEL, ZACHARY SELJAAS",1,3.0,3,1,2,50.0,0,0,0,1,1,100.0,0,0,0,0,1,0,0,0,2,0,3,3.0,55.1,165.4,96.5,68.9,50.0,61.5,0.0,0.0,0,0,0,2,1,50,0,0,0,0,0,0,0,0,0,0,0,0
BASTIEN VAUTIER,LDLC ASVEL Villeurbanne,32,BASTIEN VAUTIER,"ADAM ATAMNA, GLYNN WATSON, MARVYN WADE, SHAQUILLE HARRISON, THOMAS HEURTEL, ZACHARY SELJAAS",1,2.9,3,1,1,100.0,0,0,0,1,2,50.0,0,0,0,1,0,0,0,0,2,0,3,3.0,56.2,75.0,128.7,-53.7,100.0,79.8,100.0,0.0,0,0,0,1,1,100,0,0,0,0,0,0,0,0,0,1,0,3
BASTIEN VAUTIER,LDLC ASVEL Villeurbanne,32,BASTIEN VAUTIER,"ADAM ATAMNA, ARMEL TRAORE, DAVID LIGHTY, MARVYN WADE, SHAQUILLE HARRISON, THOMAS HEURTEL",1,2.3,0,0,1,0.0,0,0,0,0,0,0,1,0,1,0,0,0,0,0,0,0,0,0.0,0.0,41.8,71.7,-29.9,0.0,0.0,0,0.0,0,0,0,1,0,0,0,0,0,0,0,0,0,0,0,0,0,0
BASTIEN VAUTIER,LDLC ASVEL Villeurbanne,32,BASTIEN VAUTIER,"ADAM ATAMNA, ARMEL TRAORE, MARVYN WADE, SHAQUILLE HARRISON, THOMAS HEURTEL",1,1.1,0,0,0,0,0,0,0,0,0,0,0,1,1,0,0,0,1,1,1,0,0,0.0,0.0,66.7,51.5,15.1,0,0,0,100.0,0,0,0,0,0,0,0,0,0,0,0,0,0,0,1,0,0,0
BODIAN MASSA,LDLC ASVEL Villeurbanne,10,BODIAN MASSA,"ADAM ATAMNA, BRAIAN ANGOLA, GLYNN WATSON, MARVYN WADE, MELVIN AJINCA, ZACHARY SELJAAS",1,2.9,2,1,1,100.0,0,0,0,0,0,0,1,0,1,0,0,0,0,0,0,0,2,2.0,41.6,124.7,146.7,-22.0,100.0,100.0,0.0,0.0,0,0,0,1,1,100,0,0,0,0,0,0,0,0,0,2,0,0
BODIAN MASSA,LDLC ASVEL Villeurbanne,10,BODIAN MASSA,"ADAM ATAMNA, ARMEL TRAORE, MARVYN WADE, SHAQUILLE HARRISON, THOMAS HEURTEL, ZACHARY SELJAAS",1,1.3,0,0,0,0,0,0,0,0,0,0,0,0,0,0,0,0,0,0,0,0,0,0.0,0.0,0.0,34.7,-34.7,0,0,0,0,0,0,0,0,0,0,0,0,0,0,0,0,0,0,0,0,0,0
BODIAN MASSA,LDLC ASVEL Villeurbanne,10,BODIAN MASSA,"ADAM ATAMNA, DAVID LIGHTY, GLYNN WATSON, MARVYN WADE, MELVIN AJINCA, THOMAS HEURTEL",1,1.2,0,0,0,0,0,0,0,0,0,0,0,0,0,0,0,0,0,0,0,0,0,0.0,0.0,0.0,123.0,-123.0,0,0,0,0,0,0,0,0,0,0,0,0,0,0,0,0,0,0,0,0,0,0
BODIAN MASSA,LDLC ASVEL Villeurbanne,10,BODIAN MASSA,"ADAM ATAMNA, BRAIAN ANGOLA, DAVID LIGHTY, GLYNN WATSON, MARVYN WADE, MELVIN AJINCA",1,1.1,0,0,0,0,0,0,0,0,0,0,0,0,0,0,0,0,0,0,0,0,0,0.0,0.0,212.8,266.0,-53.2,0,0,0,0,0,0,0,0,0,0,0,0,0,0,0,0,0,0,0,0,0,0
BRAIAN ANGOLA,LDLC ASVEL Villeurbanne,6,BRAIAN ANGOLA,"ADAM ATAMNA, DAVID LIGHTY, GLYNN WATSON, MARVYN WADE, MELVIN AJINCA, PAUL EBOUA",1,2.9,0,0,2,0.0,0,1,0.0,0,0,0,0,0,0,0,0,0,0,0,2,0,0,0.0,0.0,68.8,84.3,-15.5,0.0,0.0,0,0.0,0,0,0,1,0,0,1,0,0,0,0,0,0,0,0,0,0,0
BRAIAN ANGOLA,LDLC ASVEL Villeurbanne,6,BRAIAN ANGOLA,"ADAM ATAMNA, BODIAN MASSA, GLYNN WATSON, MARVYN WADE, MELVIN AJINCA, ZACHARY SELJAAS",1,2.9,0,0,2,0.0,0,2,0.0,0,0,0,0,1,1,1,0,0,0,0,2,3,3,3.0,62.4,124.7,146.7,-22.0,0.0,0.0,0,0.0,0,0,0,0,0,0,2,0,0,0,0,0,0,0,0,0,0,0
BRAIAN ANGOLA,LDLC ASVEL Villeurbanne,6,BRAIAN ANGOLA,"ADAM ATAMNA, GLYNN WATSON, MARVYN WADE, MELVIN AJINCA, PAUL EBOUA, ZACHARY SELJAAS",1,1.1,0,0,0,0,0,0,0,0,0,0,0,0,0,0,0,0,0,0,0,0,0,0.0,0.0,0.0,0.0,0.0,0,0,0,0,0,0,0,0,0,0,0,0,0,0,0,0,0,0,0,0,0,0
BRAIAN ANGOLA,LDLC ASVEL Villeurbanne,6,BRAIAN ANGOLA,"ADAM ATAMNA, BODIAN MASSA, DAVID LIGHTY, GLYNN WATSON, MARVYN WADE, MELVIN AJINCA",1,1.1,0,0,0,0,0,0,0,0,0,0,0,0,0,1,0,0,0,0,0,3,3,3.0,159.6,212.8,266.0,-53.2,0,0,0,0.0,0,0,0,0,0,0,0,0,0,0,0,0,0,0,0,0,0,0
DAVID LIGHTY,LDLC ASVEL Villeurbanne,23,DAVID LIGHTY,"ADAM ATAMNA, BRAIAN ANGOLA, GLYNN WATSON, MARVYN WADE, MELVIN AJINCA, PAUL EBOUA",1,2.9,0,0,1,0.0,0,1,0.0,0,0,0,0,0,0,0,0,0,0,0,1,0,0,0.0,0.0,68.8,84.3,-15.5,0.0,0.0,0,0.0,0,0,0,0,0,0,1,0,0,0,0,0,0,0,0,0,0,0
DAVID LIGHTY,LDLC ASVEL Villeurbanne,23,DAVID LIGHTY,"ADAM ATAMNA, ARMEL TRAORE, BASTIEN VAUTIER, MARVYN WADE, SHAQUILLE HARRISON, THOMAS HEURTEL",1,2.3,0,0,0,0,0,0,0,0,0,0,0,1,1,1,1,0,1,0,1,2,2,2.0,41.8,41.8,71.7,-29.9,0,0,0,50.0,0,0,0,0,0,0,0,0,0,0,0,0,0,0,1,0,0,0
DAVID LIGHTY,LDLC ASVEL Villeurbanne,23,DAVID LIGHTY,"ADAM ATAMNA, GLYNN WATSON, MARVYN WADE, PAUL EBOUA, THOMAS HEURTEL, ZACHARY SELJAAS",1,2.0,2,1,1,100.0,0,0,0,0,0,0,0,0,0,0,0,0,0,0,1,0,2,2.0,50.0,150.0,50.0,100.0,100.0,100.0,0.0,0.0,0,0,0,1,1,100,0,0,0,0,0,0,0,0,0,0,2,0
DAVID LIGHTY,LDLC ASVEL Villeurbanne,23,DAVID LIGHTY,"ADAM ATAMNA, ARMEL TRAORE, MARVYN WADE, PAUL EBOUA, SHAQUILLE HARRISON, THOMAS HEURTEL",1,1.6,0,0,0,0,0,0,0,0,0,0,0,0,0,0,0,0,0,1,0,0,0,0.0,0.0,0.0,94.7,-94.7,0,0,0,0,0,0,0,0,0,0,0,0,0,0,0,0,0,0,0,0,0,0
DAVID LIGHTY,LDLC ASVEL Villeurbanne,23,DAVID LIGHTY,"ADAM ATAMNA, GLYNN WATSON, MARVYN WADE, MELVIN AJINCA, PAUL EBOUA, THOMAS HEURTEL",1,1.3,0,0,1,0.0,0,0,0,0,0,0,0,0,0,0,0,0,0,1,1,0,0,0.0,0.0,66.7,159.6,-92.9,0.0,0.0,0,0.0,0,0,0,1,0,0,0,0,0,0,0,0,0,0,0,0,0,0
DAVID LIGHTY,LDLC ASVEL Villeurbanne,23,DAVID LIGHTY,"ADAM ATAMNA, BODIAN MASSA, GLYNN WATSON, MARVYN WADE, MELVIN AJINCA, THOMAS HEURTEL",1,1.2,0,0,0,0,0,0,0,0,0,0,0,0,0,0,0,0,0,0,0,0,0,0.0,0.0,0.0,123.0,-123.0,0,0,0,0,0,0,0,0,0,0,0,0,0,0,0,0,0,0,0,0,0,0
DAVID LIGHTY,LDLC ASVEL Villeurbanne,23,DAVID LIGHTY,"ADAM ATAMNA, BODIAN MASSA, BRAIAN ANGOLA, GLYNN WATSON, MARVYN WADE, MELVIN AJINCA",1,1.1,1,0,0,0,0,0,0,1,2,50.0,0,0,0,0,0,0,0,0,1,0,1,1.0,53.2,212.8,266.0,-53.2,0,56.8,0,0.0,0,0,0,0,0,0,0,0,0,0,0,0,0,0,0,0,0,0
GLYNN WATSON,LDLC ASVEL Villeurbanne,30,GLYNN WATSON,"ADAM ATAMNA, ARMEL TRAORE, MARVYN WADE, PAUL EBOUA, SHAQUILLE HARRISON, THOMAS HEURTEL",1,5.5,5,2,3,66.7,1,2,50.0,0,0,0,0,1,1,2,0,0,0,1,3,6,11,11.0,106.6,222.9,148.7,74.2,83.3,83.3,100.0,0.0,0,0,0,1,1,100,2,1,50,0,1,0,0,0,0,0,3,0
GLYNN WATSON,LDLC ASVEL Villeurbanne,30,GLYNN WATSON,"ADAM ATAMNA, BRAIAN ANGOLA, DAVID LIGHTY, MARVYN WADE, MELVIN AJINCA, PAUL EBOUA",1,2.9,2,1,2,50.0,0,1,0.0,0,0,0,0,0,0,0,1,0,0,0,2,0,2,2.0,34.4,68.8,84.3,-15.5,50.0,50.0,0.0,0.0,0,0,0,1,1,100,1,0,0,0,0,0,0,0,0,0,2,2
GLYNN WATSON,LDLC ASVEL Villeurbanne,30,GLYNN WATSON,"ADAM ATAMNA, BODIAN MASSA, BRAIAN ANGOLA, MARVYN WADE, MELVIN AJINCA, ZACHARY SELJAAS",1,2.9,1,0,0,0,0,0,0,1,2,50.0,0,0,0,0,0,1,0,1,1,0,1,1.0,20.8,124.7,146.7,-22.0,0,56.8,0,0.0,0,0,0,0,0,0,0,0,0,0,0,0,0,0,0,0,0,0
GLYNN WATSON,LDLC ASVEL Villeurbanne,30,GLYNN WATSON,"ADAM ATAMNA, BASTIEN VAUTIER, MARVYN WADE, SHAQUILLE HARRISON, THOMAS HEURTEL, ZACHARY SELJAAS",1,2.9,0,0,0,0,0,0,0,0,0,0,0,0,0,0,0,0,0,1,0,0,0,0.0,0.0,75.0,128.7,-53.7,0,0,0,0,0,0,0,0,0,0,0,0,0,0,0,0,0,0,0,0,0,0
GLYNN WATSON,LDLC ASVEL Villeurbanne,30,GLYNN WATSON,"ADAM ATAMNA, MARVYN WADE, SHAQUILLE HARRISON, THOMAS HEURTEL",1,2.8,0,0,1,0.0,0,1,0.0,0,0,0,0,2,2,2,0,0,0,0,1,6,6,6.0,100.0,133.3,104.0,29.4,0.0,0.0,0,0.0,0,0,0,0,0,0,1,0,0,0,0,0,0,0,0,0,0,0
GLYNN WATSON,LDLC ASVEL Villeurbanne,30,GLYNN WATSON,"ADAM ATAMNA, DAVID LIGHTY, MARVYN WADE, PAUL EBOUA, THOMAS HEURTEL, ZACHARY SELJAAS",1,2.0,2,1,1,100.0,0,0,0,0,0,0,0,1,1,1,0,0,1,0,2,2,4,4.0,100.0,150.0,50.0,100.0,100.0,100.0,100.0,33.3,0,0,0,1,1,100,0,0,0,0,0,0,0,0,1,0,2,0
GLYNN WATSON,LDLC ASVEL Villeurbanne,30,GLYNN WATSON,"ADAM ATAMNA, DAVID LIGHTY, MARVYN WADE, MELVIN AJINCA, PAUL EBOUA, THOMAS HEURTEL",1,1.3,0,0,0,0,0,0,0,0,0,0,0,0,0,1,0,0,0,0,0,2,2,2.0,66.7,66.7,159.6,-92.9,0,0,0,0.0,0,0,0,0,0,0,0,0,0,0,0,0,0,0,0,0,0,0
GLYNN WATSON,LDLC ASVEL Villeurbanne,30,GLYNN WATSON,"ADAM ATAMNA, BODIAN MASSA, DAVID LIGHTY, MARVYN WADE, MELVIN AJINCA, THOMAS HEURTEL",1,1.2,0,0,1,0.0,0,1,0.0,0,0,0,0,0,0,0,0,0,0,0,1,0,0,0.0,0.0,0.0,123.0,-123.0,0.0,0.0,0,0.0,0,0,0,0,0,0,1,0,0,0,0,0,0,0,0,0,0,0
GLYNN WATSON,LDLC ASVEL Villeurbanne,30,GLYNN WATSON,"ADAM ATAMNA, BRAIAN ANGOLA, MARVYN WADE, MELVIN AJINCA, PAUL EBOUA, ZACHARY SELJAAS",1,1.1,0,0,0,0,0,0,0,0,0,0,0,0,0,0,0,0,0,0,0,0,0,0.0,0.0,0.0,0.0,0.0,0,0,0,0,0,0,0,0,0,0,0,0,0,0,0,0,0,0,0,0,0,0
GLYNN WATSON,LDLC ASVEL Villeurbanne,30,GLYNN WATSON,"ADAM ATAMNA, BODIAN MASSA, BRAIAN ANGOLA, DAVID LIGHTY, MARVYN WADE, MELVIN AJINCA",1,1.1,3,1,1,100.0,1,1,100.0,0,0,0,0,0,0,0,0,0,0,0,1,0,3,3.0,159.6,212.8,266.0,-53.2,150.0,150.0,0.0,0.0,0,0,0,0,0,0,1,1,100,0,0,0,0,0,0,0,0,0
MARVYN WADE,LDLC ASVEL Villeurbanne,88,MARVYN WADE,"ADAM ATAMNA, ARMEL TRAORE, GLYNN WATSON, PAUL EBOUA, SHAQUILLE HARRISON, THOMAS HEURTEL",1,5.5,0,0,0,0,0,0,0,0,0,0,0,0,0,0,0,0,0,0,0,0,0,0.0,0.0,222.9,148.7,74.2,0,0,0,0,0,0,0,0,0,0,0,0,0,0,0,0,0,0,0,0,0,0
MARVYN WADE,LDLC ASVEL Villeurbanne,88,MARVYN WADE,"ADAM ATAMNA, ARMEL TRAORE, BASTIEN VAUTIER, SHAQUILLE HARRISON, THOMAS HEURTEL, ZACHARY SELJAAS",1,3.0,0,0,0,0,0,0,0,0,0,0,0,0,0,0,0,0,0,0,0,0,0,0.0,0.0,165.4,96.5,68.9,0,0,0,0,0,0,0,0,0,0,0,0,0,0,0,0,0,0,0,0,0,0
MARVYN WADE,LDLC ASVEL Villeurbanne,88,MARVYN WADE,"ADAM ATAMNA, BRAIAN ANGOLA, DAVID LIGHTY, GLYNN WATSON, MELVIN AJINCA, PAUL EBOUA",1,2.9,0,0,0,0,0,0,0,0,0,0,0,0,0,0,0,0,0,0,0,0,0,0.0,0.0,68.8,84.3,-15.5,0,0,0,0,0,0,0,0,0,0,0,0,0,0,0,0,0,0,0,0,0,0
MARVYN WADE,LDLC ASVEL Villeurbanne,88,MARVYN WADE,"ADAM ATAMNA, BODIAN MASSA, BRAIAN ANGOLA, GLYNN WATSON, MELVIN AJINCA, ZACHARY SELJAAS",1,2.9,0,0,0,0,0,0,0,0,0,0,0,0,0,0,0,0,0,0,0,0,0,0.0,0.0,124.7,146.7,-22.0,0,0,0,0,0,0,0,0,0,0,0,0,0,0,0,0,0,0,0,0,0,0
MARVYN WADE,LDLC ASVEL Villeurbanne,88,MARVYN WADE,"ADAM ATAMNA, BASTIEN VAUTIER, GLYNN WATSON, SHAQUILLE HARRISON, THOMAS HEURTEL, ZACHARY SELJAAS",1,2.9,0,0,0,0,0,0,0,0,0,0,0,0,0,0,0,0,0,0,0,0,0,0.0,0.0,75.0,128.7,-53.7,0,0,0,0,0,0,0,0,0,0,0,0,0,0,0,0,0,0,0,0,0,0
MARVYN WADE,LDLC ASVEL Villeurbanne,88,MARVYN WADE,"ADAM ATAMNA, GLYNN WATSON, SHAQUILLE HARRISON, THOMAS HEURTEL",1,2.8,0,0,0,0,0,0,0,0,0,0,0,0,0,0,0,0,0,0,0,0,0,0.0,0.0,133.3,104.0,29.4,0,0,0,0,0,0,0,0,0,0,0,0,0,0,0,0,0,0,0,0,0,0
MARVYN WADE,LDLC ASVEL Villeurbanne,88,MARVYN WADE,"ADAM ATAMNA, ARMEL TRAORE, BASTIEN VAUTIER, DAVID LIGHTY, SHAQUILLE HARRISON, THOMAS HEURTEL",1,2.3,0,0,0,0,0,0,0,0,0,0,0,0,0,0,0,0,0,0,0,0,0,0.0,0.0,41.8,71.7,-29.9,0,0,0,0,0,0,0,0,0,0,0,0,0,0,0,0,0,0,0,0,0,0
MARVYN WADE,LDLC ASVEL Villeurbanne,88,MARVYN WADE,"ADAM ATAMNA, DAVID LIGHTY, GLYNN WATSON, PAUL EBOUA, THOMAS HEURTEL, ZACHARY SELJAAS",1,2.0,0,0,0,0,0,0,0,0,0,0,0,0,0,0,0,0,0,0,0,0,0,0.0,0.0,150.0,50.0,100.0,0,0,0,0,0,0,0,0,0,0,0,0,0,0,0,0,0,0,0,0,0,0
MARVYN WADE,LDLC ASVEL Villeurbanne,88,MARVYN WADE,"ADAM ATAMNA, ARMEL TRAORE, DAVID LIGHTY, PAUL EBOUA, SHAQUILLE HARRISON, THOMAS HEURTEL",1,1.6,0,0,0,0,0,0,0,0,0,0,0,0,0,0,0,0,0,0,0,0,0,0.0,0.0,0.0,94.7,-94.7,0,0,0,0,0,0,0,0,0,0,0,0,0,0,0,0,0,0,0,0,0,0
MARVYN WADE,LDLC ASVEL Villeurbanne,88,MARVYN WADE,"ADAM ATAMNA, DAVID LIGHTY, GLYNN WATSON, MELVIN AJINCA, PAUL EBOUA, THOMAS HEURTEL",1,1.3,0,0,0,0,0,0,0,0,0,0,0,0,0,0,0,0,0,0,0,0,0,0.0,0.0,66.7,159.6,-92.9,0,0,0,0,0,0,0,0,0,0,0,0,0,0,0,0,0,0,0,0,0,0
MARVYN WADE,LDLC ASVEL Villeurbanne,88,MARVYN WADE,"ADAM ATAMNA, ARMEL TRAORE, BODIAN MASSA, SHAQUILLE HARRISON, THOMAS HEURTEL, ZACHARY SELJAAS",1,1.3,0,0,0,0,0,0,0,0,0,0,0,0,0,0,0,0,0,0,0,0,0,0.0,0.0,0.0,34.7,-34.7,0,0,0,0,0,0,0,0,0,0,0,0,0,0,0,0,0,0,0,0,0,0
MARVYN WADE,LDLC ASVEL Villeurbanne,88,MARVYN WADE,"ADAM ATAMNA, BODIAN MASSA, DAVID LIGHTY, GLYNN WATSON, MELVIN AJINCA, THOMAS HEURTEL",1,1.2,0,0,0,0,0,0,0,0,0,0,0,0,0,0,0,0,0,0,0,0,0,0.0,0.0,0.0,123.0,-123.0,0,0,0,0,0,0,0,0,0,0,0,0,0,0,0,0,0,0,0,0,0,0
MARVYN WADE,LDLC ASVEL Villeurbanne,88,MARVYN WADE,"ADAM ATAMNA, ARMEL TRAORE, BASTIEN VAUTIER, SHAQUILLE HARRISON, THOMAS HEURTEL",1,1.1,0,0,0,0,0,0,0,0,0,0,0,0,0,0,0,0,0,0,0,0,0,0.0,0.0,66.7,51.5,15.1,0,0,0,0,0,0,0,0,0,0,0,0,0,0,0,0,0,0,0,0,0,0
MARVYN WADE,LDLC ASVEL Villeurbanne,88,MARVYN WADE,"ADAM ATAMNA, BRAIAN ANGOLA, GLYNN WATSON, MELVIN AJINCA, PAUL EBOUA, ZACHARY SELJAAS",1,1.1,0,0,0,0,0,0,0,0,0,0,0,0,0,0,0,0,0,0,0,0,0,0.0,0.0,0.0,0.0,0.0,0,0,0,0,0,0,0,0,0,0,0,0,0,0,0,0,0,0,0,0,0,0
MARVYN WADE,LDLC ASVEL Villeurbanne,88,MARVYN WADE,"ADAM ATAMNA, BODIAN MASSA, BRAIAN ANGOLA, DAVID LIGHTY, GLYNN WATSON, MELVIN AJINCA",1,1.1,0,0,0,0,0,0,0,0,0,0,0,0,0,0,0,0,0,0,0,0,0,0.0,0.0,212.8,266.0,-53.2,0,0,0,0,0,0,0,0,0,0,0,0,0,0,0,0,0,0,0,0,0,0
MELVIN AJINCA,LDLC ASVEL Villeurbanne,8,MELVIN AJINCA,"ADAM ATAMNA, BRAIAN ANGOLA, DAVID LIGHTY, GLYNN WATSON, MARVYN WADE, PAUL EBOUA",1,2.9,0,0,1,0.0,0,0,0,0,0,0,0,0,0,0,0,0,0,1,1,0,0,0.0,0.0,68.8,84.3,-15.5,0.0,0.0,0,0.0,0,0,0,1,0,0,0,0,0,0,0,0,0,0,0,0,0,0
MELVIN AJINCA,LDLC ASVEL Villeurbanne,8,MELVIN AJINCA,"ADAM ATAMNA, BODIAN MASSA, BRAIAN ANGOLA, GLYNN WATSON, MARVYN WADE, ZACHARY SELJAAS",1,2.9,0,0,1,0.0,0,1,0.0,0,0,0,0,0,0,0,0,0,0,0,1,0,0,0.0,0.0,124.7,146.7,-22.0,0.0,0.0,0,0.0,0,0,0,0,0,0,1,0,0,0,0,0,0,0,0,0,0,0
MELVIN AJINCA,LDLC ASVEL Villeurbanne,8,MELVIN AJINCA,"ADAM ATAMNA, DAVID LIGHTY, GLYNN WATSON, MARVYN WADE, PAUL EBOUA, THOMAS HEURTEL",1,1.3,0,0,1,0.0,0,1,0.0,0,0,0,0,0,0,0,0,0,0,0,1,0,0,0.0,0.0,66.7,159.6,-92.9,0.0,0.0,0,0.0,0,0,0,0,0,0,1,0,0,0,0,0,0,0,0,0,0,0
MELVIN AJINCA,LDLC ASVEL Villeurbanne,8,MELVIN AJINCA,"ADAM ATAMNA, BODIAN MASSA, DAVID LIGHTY, GLYNN WATSON, MARVYN WADE, THOMAS HEURTEL",1,1.2,0,0,0,0,0,0,0,0,0,0,0,0,0,0,0,0,0,1,0,0,0,0.0,0.0,0.0,123.0,-123.0,0,0,0,0,0,0,0,0,0,0,0,0,0,0,0,0,0,0,0,0,0,0
MELVIN AJINCA,LDLC ASVEL Villeurbanne,8,MELVIN AJINCA,"ADAM ATAMNA, BRAIAN ANGOLA, GLYNN WATSON, MARVYN WADE, PAUL EBOUA, ZACHARY SELJAAS",1,1.1,0,0,1,0.0,0,1,0.0,0,0,0,0,0,0,0,0,0,0,0,1,0,0,0.0,0.0,0.0,0.0,0.0,0.0,0.0,0,0.0,0,0,0,0,0,0,1,0,0,0,0,0,0,0,0,0,0,0
MELVIN AJINCA,LDLC ASVEL Villeurbanne,8,MELVIN AJINCA,"ADAM ATAMNA, BODIAN MASSA, BRAIAN ANGOLA, DAVID LIGHTY, GLYNN WATSON, MARVYN WADE",1,1.1,0,0,0,0,0,0,0,0,0,0,0,0,0,0,0,0,0,0,0,0,0,0.0,0.0,212.8,266.0,-53.2,0,0,0,0,0,0,0,0,0,0,0,0,0,0,0,0,0,0,0,0,0,0
PAUL EBOUA,LDLC ASVEL Villeurbanne,0,PAUL EBOUA,"ADAM ATAMNA, ARMEL TRAORE, GLYNN WATSON, MARVYN WADE, SHAQUILLE HARRISON, THOMAS HEURTEL",1,5.5,6,2,2,100.0,2,2,100.0,0,0,0,0,1,1,0,0,0,0,0,2,0,6,6.0,58.1,222.9,148.7,74.2,150.0,150.0,0.0,0.0,0,0,0,0,0,0,2,2,100,0,0,0,0,0,0,0,0,0
PAUL EBOUA,LDLC ASVEL Villeurbanne,0,PAUL EBOUA,"ADAM ATAMNA, BRAIAN ANGOLA, DAVID LIGHTY, GLYNN WATSON, MARVYN WADE, MELVIN AJINCA",1,2.9,2,0,0,0,0,0,0,2,2,100.0,1,2,3,0,0,0,0,0,0,0,2,2.0,34.4,68.8,84.3,-15.5,0,113.6,0,0.0,0,0,0,0,0,0,0,0,0,0,0,0,0,0,0,0,0,0
PAUL EBOUA,LDLC ASVEL Villeurbanne,0,PAUL EBOUA,"ADAM ATAMNA, DAVID LIGHTY, GLYNN WATSON, MARVYN WADE, THOMAS HEURTEL, ZACHARY SELJAAS",1,2.0,0,0,0,0,0,0,0,0,0,0,0,0,0,1,0,1,0,0,0,2,2,2.0,50.0,150.0,50.0,100.0,0,0,0,0.0,0,0,0,0,0,0,0,0,0,0,0,0,0,0,0,0,0,0
PAUL EBOUA,LDLC ASVEL Villeurbanne,0,PAUL EBOUA,"ADAM ATAMNA, ARMEL TRAORE, DAVID LIGHTY, MARVYN WADE, SHAQUILLE HARRISON, THOMAS HEURTEL",1,1.6,0,0,0,0,0,0,0,0,0,0,0,0,0,0,0,0,1,1,1,0,0,0.0,0.0,0.0,94.7,-94.7,0,0,0,100.0,0,0,0,0,0,0,0,0,0,0,0,0,0,0,1,0,0,0
PAUL EBOUA,LDLC ASVEL Villeurbanne,0,PAUL EBOUA,"ADAM ATAMNA, DAVID LIGHTY, GLYNN WATSON, MARVYN WADE, MELVIN AJINCA, THOMAS HEURTEL",1,1.3,0,0,0,0,0,0,0,0,0,0,0,0,0,0,0,0,0,0,0,0,0,0.0,0.0,66.7,159.6,-92.9,0,0,0,0,0,0,0,0,0,0,0,0,0,0,0,0,0,0,0,0,0,0
PAUL EBOUA,LDLC ASVEL Villeurbanne,0,PAUL EBOUA,"ADAM ATAMNA, BRAIAN ANGOLA, GLYNN WATSON, MARVYN WADE, MELVIN AJINCA, ZACHARY SELJAAS",1,1.1,0,0,0,0,0,0,0,0,0,0,0,2,2,0,0,0,0,0,0,0,0,0.0,0.0,0.0,0.0,0.0,0,0,0,0,0,0,0,0,0,0,0,0,0,0,0,0,0,0,0,0,0,0
SHAQUILLE HARRISON,LDLC ASVEL Villeurbanne,3,SHAQUILLE HARRISON,"ADAM ATAMNA, ARMEL TRAORE, GLYNN WATSON, MARVYN WADE, PAUL EBOUA, THOMAS HEURTEL",1,5.5,0,0,0,0,0,0,0,0,0,0,0,1,1,0,0,0,0,0,0,0,0,0.0,0.0,222.9,148.7,74.2,0,0,0,0,0,0,0,0,0,0,0,0,0,0,0,0,0,0,0,0,0,0
SHAQUILLE HARRISON,LDLC ASVEL Villeurbanne,3,SHAQUILLE HARRISON,"ADAM ATAMNA, ARMEL TRAORE, BASTIEN VAUTIER, MARVYN WADE, THOMAS HEURTEL, ZACHARY SELJAAS",1,3.0,0,0,0,0,0,0,0,0,0,0,0,1,1,1,0,0,0,0,0,3,3,3.0,55.1,165.4,96.5,68.9,0,0,0,0.0,0,0,0,0,0,0,0,0,0,0,0,0,0,0,0,0,0,0
SHAQUILLE HARRISON,LDLC ASVEL Villeurbanne,3,SHAQUILLE HARRISON,"ADAM ATAMNA, BASTIEN VAUTIER, GLYNN WATSON, MARVYN WADE, THOMAS HEURTEL, ZACHARY SELJAAS",1,2.9,1,0,1,0.0,0,0,0,1,2,50.0,0,0,0,0,1,0,0,1,2,0,1,1.0,18.8,75.0,128.7,-53.7,0.0,26.6,0,0.0,0,0,0,1,0,0,0,0,0,0,0,0,0,0,0,0,0,1
SHAQUILLE HARRISON,LDLC ASVEL Villeurbanne,3,SHAQUILLE HARRISON,"ADAM ATAMNA, GLYNN WATSON, MARVYN WADE, THOMAS HEURTEL",1,2.8,0,0,0,0,0,0,0,0,0,0,0,0,0,0,0,0,0,0,0,0,0,0.0,0.0,133.3,104.0,29.4,0,0,0,0,0,0,0,0,0,0,0,0,0,0,0,0,0,0,0,0,0,0
SHAQUILLE HARRISON,LDLC ASVEL Villeurbanne,3,SHAQUILLE HARRISON,"ADAM ATAMNA, ARMEL TRAORE, BASTIEN VAUTIER, DAVID LIGHTY, MARVYN WADE, THOMAS HEURTEL",1,2.3,2,1,2,50.0,0,0,0,0,0,0,1,0,1,0,0,0,0,0,1,0,2,2.0,41.8,41.8,71.7,-29.9,50.0,50.0,0.0,0.0,0,0,0,2,1,50,0,0,0,0,0,0,0,0,0,0,2,2
SHAQUILLE HARRISON,LDLC ASVEL Villeurbanne,3,SHAQUILLE HARRISON,"ADAM ATAMNA, ARMEL TRAORE, DAVID LIGHTY, MARVYN WADE, PAUL EBOUA, THOMAS HEURTEL",1,1.6,0,0,0,0,0,0,0,0,0,0,0,0,0,0,0,0,0,0,0,0,0,0.0,0.0,0.0,94.7,-94.7,0,0,0,0,0,0,0,0,0,0,0,0,0,0,0,0,0,0,0,0,0,0
SHAQUILLE HARRISON,LDLC ASVEL Villeurbanne,3,SHAQUILLE HARRISON,"ADAM ATAMNA, ARMEL TRAORE, BODIAN MASSA, MARVYN WADE, THOMAS HEURTEL, ZACHARY SELJAAS",1,1.3,0,0,1,0.0,0,1,0.0,0,0,0,0,1,1,0,0,0,0,0,1,0,0,0.0,0.0,0.0,34.7,-34.7,0.0,0.0,0,0.0,0,0,0,0,0,0,1,0,0,0,0,0,0,0,0,0,0,0
SHAQUILLE HARRISON,LDLC ASVEL Villeurbanne,3,SHAQUILLE HARRISON,"ADAM ATAMNA, ARMEL TRAORE, BASTIEN VAUTIER, MARVYN WADE, THOMAS HEURTEL",1,1.1,2,1,1,100.0,0,0,0,0,0,0,0,1,1,0,0,0,0,0,1,0,2,2.0,66.7,66.7,51.5,15.1,100.0,100.0,0.0,0.0,0,0,0,1,1,100,0,0,0,0,0,0,0,0,0,0,0,0
THOMAS HEURTEL,LDLC ASVEL Villeurbanne,7,THOMAS HEURTEL,"ADAM ATAMNA, ARMEL TRAORE, GLYNN WATSON, MARVYN WADE, PAUL EBOUA, SHAQUILLE HARRISON",1,5.5,3,0,1,0.0,0,0,0,3,3,100.0,0,0,0,3,0,0,0,1,2,9,12,12.0,116.3,222.9,148.7,74.2,0.0,64.7,0,0.0,0,0,0,1,0,0,0,0,0,0,0,0,0,0,0,0,0,0
THOMAS HEURTEL,LDLC ASVEL Villeurbanne,7,THOMAS HEURTEL,"ADAM ATAMNA, ARMEL TRAORE, BASTIEN VAUTIER, MARVYN WADE, SHAQUILLE HARRISON, ZACHARY SELJAAS",1,3.0,3,1,1,100.0,1,1,100.0,0,0,0,0,1,1,2,0,0,0,0,1,5,8,8.0,147.1,165.4,96.5,68.9,150.0,150.0,200.0,0.0,0,0,0,0,0,0,1,1,100,0,0,0,0,0,0,0,0,0
THOMAS HEURTEL,LDLC ASVEL Villeurbanne,7,THOMAS HEURTEL,"ADAM ATAMNA, BASTIEN VAUTIER, GLYNN WATSON, MARVYN WADE, SHAQUILLE HARRISON, ZACHARY SELJAAS",1,2.9,0,0,2,0.0,0,2,0.0,0,0,0,0,0,0,0,0,0,0,0,2,0,0,0.0,0.0,75.0,128.7,-53.7,0.0,0.0,0,0.0,0,0,0,0,0,0,2,0,0,0,0,0,0,0,0,0,0,0
THOMAS HEURTEL,LDLC ASVEL Villeurbanne,7,THOMAS HEURTEL,"ADAM ATAMNA, GLYNN WATSON, MARVYN WADE, SHAQUILLE HARRISON",1,2.8,0,0,0,0,0,0,0,0,0,0,0,0,0,0,0,0,0,0,0,0,0,0.0,0.0,133.3,104.0,29.4,0,0,0,0,0,0,0,0,0,0,0,0,0,0,0,0,0,0,0,0,0,0
THOMAS HEURTEL,LDLC ASVEL Villeurbanne,7,THOMAS HEURTEL,"ADAM ATAMNA, ARMEL TRAORE, BASTIEN VAUTIER, DAVID LIGHTY, MARVYN WADE, SHAQUILLE HARRISON",1,2.3,0,0,2,0.0,0,0,0,0,0,0,0,0,0,0,1,0,1,0,3,0,0,0.0,0.0,41.8,71.7,-29.9,0.0,0.0,0,33.3,0,0,0,2,0,0,0,0,0,0,0,0,0,0,1,0,0,0
THOMAS HEURTEL,LDLC ASVEL Villeurbanne,7,THOMAS HEURTEL,"ADAM ATAMNA, DAVID LIGHTY, GLYNN WATSON, MARVYN WADE, PAUL EBOUA, ZACHARY SELJAAS",1,2.0,2,1,1,100.0,0,0,0,0,0,0,0,1,1,1,0,0,0,0,1,2,4,4.0,100.0,150.0,50.0,100.0,100.0,100.0,100.0,0.0,0,0,0,1,1,100,0,0,0,0,0,0,0,0,0,0,0,0
THOMAS HEURTEL,LDLC ASVEL Villeurbanne,7,THOMAS HEURTEL,"ADAM ATAMNA, ARMEL TRAORE, DAVID LIGHTY, MARVYN WADE, PAUL EBOUA, SHAQUILLE HARRISON",1,1.6,0,0,0,0,0,0,0,0,0,0,0,0,0,0,0,0,1,1,1,0,0,0.0,0.0,0.0,94.7,-94.7,0,0,0,100.0,0,0,0,0,0,0,0,0,0,0,0,0,0,0,1,0,0,0
THOMAS HEURTEL,LDLC ASVEL Villeurbanne,7,THOMAS HEURTEL,"ADAM ATAMNA, DAVID LIGHTY, GLYNN WATSON, MARVYN WADE, MELVIN AJINCA, PAUL EBOUA",1,1.3,2,1,1,100.0,0,0,0,0,0,0,0,0,0,0,0,0,0,0,1,0,2,2.0,66.7,66.7,159.6,-92.9,100.0,100.0,0.0,0.0,0,0,0,1,1,100,0,0,0,0,0,0,0,0,0,0,0,0
THOMAS HEURTEL,LDLC ASVEL Villeurbanne,7,THOMAS HEURTEL,"ADAM ATAMNA, ARMEL TRAORE, BODIAN MASSA, MARVYN WADE, SHAQUILLE HARRISON, ZACHARY SELJAAS",1,1.3,0,0,0,0,0,0,0,0,0,0,0,0,0,0,0,0,0,0,0,0,0,0.0,0.0,0.0,34.7,-34.7,0,0,0,0,0,0,0,0,0,0,0,0,0,0,0,0,0,0,0,0,0,0
THOMAS HEURTEL,LDLC ASVEL Villeurbanne,7,THOMAS HEURTEL,"ADAM ATAMNA, BODIAN MASSA, DAVID LIGHTY, GLYNN WATSON, MARVYN WADE, MELVIN AJINCA",1,1.2,0,0,2,0.0,0,1,0.0,0,0,0,0,0,0,0,0,0,0,0,2,0,0,0.0,0.0,0.0,123.0,-123.0,0.0,0.0,0,0.0,0,0,0,1,0,0,1,0,0,0,0,0,0,0,0,0,0,0
THOMAS HEURTEL,LDLC ASVEL Villeurbanne,7,THOMAS HEURTEL,"ADAM ATAMNA, ARMEL TRAORE, BASTIEN VAUTIER, MARVYN WADE, SHAQUILLE HARRISON",1,1.1,0,0,0,0,0,0,0,0,0,0,0,0,0,1,0,0,0,0,0,2,2,2.0,66.7,66.7,51.5,15.1,0,0,0,0.0,0,0,0,0,0,0,0,0,0,0,0,0,0,0,0,0,0,0
ZACHARY SELJAAS,LDLC ASVEL Villeurbanne,1,ZACHARY SELJAAS,"ADAM ATAMNA, ARMEL TRAORE, BASTIEN VAUTIER, MARVYN WADE, SHAQUILLE HARRISON, THOMAS HEURTEL",1,3.0,3,1,1,100.0,1,1,100.0,0,0,0,0,0,0,0,0,0,0,0,1,0,3,3.0,55.1,165.4,96.5,68.9,150.0,150.0,0.0,0.0,0,0,0,0,0,0,1,1,100,0,0,0,0,0,0,0,3,3
ZACHARY SELJAAS,LDLC ASVEL Villeurbanne,1,ZACHARY SELJAAS,"ADAM ATAMNA, BODIAN MASSA, BRAIAN ANGOLA, GLYNN WATSON, MARVYN WADE, MELVIN AJINCA",1,2.9,3,1,1,100.0,1,1,100.0,0,0,0,0,0,0,0,0,0,0,0,1,0,3,3.0,62.4,124.7,146.7,-22.0,150.0,150.0,0.0,0.0,0,0,0,0,0,0,1,1,100,0,0,0,0,0,0,0,0,0
ZACHARY SELJAAS,LDLC ASVEL Villeurbanne,1,ZACHARY SELJAAS,"ADAM ATAMNA, BASTIEN VAUTIER, GLYNN WATSON, MARVYN WADE, SHAQUILLE HARRISON, THOMAS HEURTEL",1,2.9,0,0,1,0.0,0,1,0.0,0,0,0,1,0,1,0,0,0,0,0,0,0,0,0.0,0.0,75.0,128.7,-53.7,0.0,0.0,0,0.0,0,0,0,0,0,0,1,0,0,0,0,0,0,0,0,0,0,0
ZACHARY SELJAAS,LDLC ASVEL Villeurbanne,1,ZACHARY SELJAAS,"ADAM ATAMNA, DAVID LIGHTY, GLYNN WATSON, MARVYN WADE, PAUL EBOUA, THOMAS HEURTEL",1,2.0,0,0,0,0,0,0,0,0,0,0,0,1,1,0,0,0,0,1,0,0,0,0.0,0.0,150.0,50.0,100.0,0,0,0,0,0,0,0,0,0,0,0,0,0,0,0,0,0,0,0,0,0,0
ZACHARY SELJAAS,LDLC ASVEL Villeurbanne,1,ZACHARY SELJAAS,"ADAM ATAMNA, ARMEL TRAORE, BODIAN MASSA, MARVYN WADE, SHAQUILLE HARRISON, THOMAS HEURTEL",1,1.3,0,0,1,0.0,0,1,0.0,0,0,0,0,1,1,0,0,0,0,0,1,0,0,0.0,0.0,0.0,34.7,-34.7,0.0,0.0,0,0.0,0,0,0,0,0,0,1,0,0,0,0,0,0,0,0,0,0,0
ZACHARY SELJAAS,LDLC ASVEL Villeurbanne,1,ZACHARY SELJAAS,"ADAM ATAMNA, BRAIAN ANGOLA, GLYNN WATSON, MARVYN WADE, MELVIN AJINCA, PAUL EBOUA",1,1.1,0,0,0,0,0,0,0,0,0,0,0,0,0,0,0,0,0,0,0,0,0,0.0,0.0,0.0,0.0,0.0,0,0,0,0,0,0,0,0,0,0,0,0,0,0,0,0,0,0,0,0,0,0
ALEC PETERS,Olympiacos Piraeus,25,ALEC PETERS,"FRANK NTILIKINA, GIANNOULIS LARENTZAKIS, KOSTAS PAPANIKOLAOU, MONTE MORRIS, NIKOLA MILUTINOV, OMIROS NETZIPOGLOU, THOMAS WALKUP, TYLER DORSEY",1,6.0,2,1,2,50.0,0,1,0.0,0,0,0,0,1,1,0,1,0,1,1,3,0,2,2.0,18.5,166.5,140.1,26.4,50.0,50.0,0.0,33.3,0,0,0,1,1,100,1,0,0,0,0,0,0,0,1,0,0,2
ALEC PETERS,Olympiacos Piraeus,25,ALEC PETERS,"FRANK NTILIKINA, GIANNOULIS LARENTZAKIS, MONTE MORRIS, NIKOLA MILUTINOV, OMIROS NETZIPOGLOU, THOMAS WALKUP, TYLER DORSEY, TYSON WARD",1,4.3,3,1,1,100.0,0,0,0,1,2,50.0,0,0,0,0,0,0,0,1,2,0,3,3.0,34.2,102.7,113.9,-11.1,100.0,79.8,0.0,0.0,0,0,0,1,1,100,0,0,0,0,0,0,0,0,0,0,2,0
ALEC PETERS,Olympiacos Piraeus,25,ALEC PETERS,"CORY JOSEPH, DONTA HALL, GIANNOULIS LARENTZAKIS, MONTE MORRIS, OMIROS NETZIPOGLOU, THOMAS WALKUP, TYLER DORSEY, TYSON WARD",1,3.1,0,0,1,0.0,0,0,0,0,0,0,0,0,0,0,0,0,0,0,1,0,0,0.0,0.0,81.6,66.7,14.9,0.0,0.0,0,0.0,0,0,0,1,0,0,0,0,0,0,0,0,0,0,0,0,0,0
ALEC PETERS,Olympiacos Piraeus,25,ALEC PETERS,"EVAN FOURNIER, FRANK NTILIKINA, GIANNOULIS LARENTZAKIS, KOSTAS PAPANIKOLAOU, MONTE MORRIS, NIKOLA MILUTINOV, OMIROS NETZIPOGLOU, THOMAS WALKUP",1,2.7,4,2,2,100.0,0,0,0,0,0,0,0,0,0,1,0,0,0,0,2,3,7,7.0,140.0,140.0,50.0,90.0,100.0,100.0,50.0,0.0,0,0,0,2,2,100,0,0,0,0,0,0,0,0,0,0,0,0
ALEC PETERS,Olympiacos Piraeus,25,ALEC PETERS,"CORY JOSEPH, DONTA HALL, EVAN FOURNIER, GIANNOULIS LARENTZAKIS, MONTE MORRIS, OMIROS NETZIPOGLOU, THOMAS WALKUP, TYSON WARD",1,2.5,3,1,1,100.0,1,1,100.0,0,0,0,0,0,0,0,0,0,0,0,1,0,3,3.0,75.0,75.0,131.6,-56.6,150.0,150.0,0.0,0.0,0,0,0,0,0,0,1,1,100,0,0,0,0,0,0,0,0,0
ALEC PETERS,Olympiacos Piraeus,25,ALEC PETERS,"DONTA HALL, EVAN FOURNIER, FRANK NTILIKINA, GIANNOULIS LARENTZAKIS, MONTE MORRIS, OMIROS NETZIPOGLOU, THOMAS WALKUP, TYSON WARD",1,1.3,0,0,1,0.0,0,0,0,0,0,0,0,0,0,0,0,0,0,0,1,0,0,0.0,0.0,34.7,161.3,-126.6,0.0,0.0,0,0.0,0,0,0,1,0,0,0,0,0,0,0,0,0,0,0,0,0,0
CORY JOSEPH,Olympiacos Piraeus,34,CORY JOSEPH,"ALEC PETERS, DONTA HALL, GIANNOULIS LARENTZAKIS, MONTE MORRIS, OMIROS NETZIPOGLOU, THOMAS WALKUP, TYLER DORSEY, TYSON WARD",1,3.1,2,0,1,0.0,0,0,0,2,2,100.0,0,1,1,0,0,0,0,0,2,0,2,2.0,32.6,81.6,66.7,14.9,0.0,53.2,0,0.0,0,0,0,1,0,0,0,0,0,0,0,0,0,0,0,2,0,0
CORY JOSEPH,Olympiacos Piraeus,34,CORY JOSEPH,"ALEC PETERS, DONTA HALL, EVAN FOURNIER, GIANNOULIS LARENTZAKIS, MONTE MORRIS, OMIROS NETZIPOGLOU, THOMAS WALKUP, TYSON WARD",1,2.5,0,0,1,0.0,0,1,0.0,0,0,0,0,0,0,1,0,0,0,0,1,3,3,3.0,75.0,75.0,131.6,-56.6,0.0,0.0,0,0.0,0,0,0,0,0,0,1,0,0,0,0,0,0,0,0,0,0,0
CORY JOSEPH,Olympiacos Piraeus,34,CORY JOSEPH,"DONTA HALL, GIANNOULIS LARENTZAKIS, MONTE MORRIS, OMIROS NETZIPOGLOU, SHAQUIELLE MCKISSIC, THOMAS WALKUP, TYLER DORSEY, TYSON WARD",1,2.3,0,0,0,0,0,0,0,0,0,0,1,0,1,0,0,0,1,0,0,0,0,0.0,0.0,99.7,40.6,59.2,0,0,0,100.0,0,0,0,0,0,0,0,0,0,0,0,0,0,0,1,0,0,0
CORY JOSEPH,Olympiacos Piraeus,34,CORY JOSEPH,"EVAN FOURNIER, GIANNOULIS LARENTZAKIS, MONTE MORRIS, OMIROS NETZIPOGLOU, SHAQUIELLE MCKISSIC, THOMAS WALKUP, TYRIQUE JONES, TYSON WARD",1,2.0,0,0,0,0,0,0,0,0,0,0,0,1,1,0,0,0,1,0,1,0,0,0.0,0.0,0.0,202.7,-202.7,0,0,0,100.0,0,0,0,0,0,0,0,0,0,0,0,0,0,0,1,0,0,0
CORY JOSEPH,Olympiacos Piraeus,34,CORY JOSEPH,"GIANNOULIS LARENTZAKIS, MONTE MORRIS, NIKOLA MILUTINOV, OMIROS NETZIPOGLOU, SHAQUIELLE MCKISSIC, THOMAS WALKUP, TYLER DORSEY, TYSON WARD",1,1.2,0,0,0,0,0,0,0,0,0,0,0,0,0,0,0,0,0,0,0,0,0,0.0,0.0,181.2,100.0,81.2,0,0,0,0,0,0,0,0,0,0,0,0,0,0,0,0,0,0,0,0,0,0
DONTA HALL,Olympiacos Piraeus,45,DONTA HALL,"ALEC PETERS, CORY JOSEPH, GIANNOULIS LARENTZAKIS, MONTE MORRIS, OMIROS NETZIPOGLOU, THOMAS WALKUP, TYLER DORSEY, TYSON WARD",1,3.1,0,0,0,0,0,0,0,0,0,0,1,0,1,0,0,0,0,1,0,0,0,0.0,0.0,81.6,66.7,14.9,0,0,0,0,0,0,0,0,0,0,0,0,0,0,0,0,0,0,0,0,0,0
DONTA HALL,Olympiacos Piraeus,45,DONTA HALL,"ALEC PETERS, CORY JOSEPH, EVAN FOURNIER, GIANNOULIS LARENTZAKIS, MONTE MORRIS, OMIROS NETZIPOGLOU, THOMAS WALKUP, TYSON WARD",1,2.5,0,0,0,0,0,0,0,0,0,0,0,1,1,0,0,0,0,0,0,0,0,0.0,0.0,75.0,131.6,-56.6,0,0,0,0,0,0,0,0,0,0,0,0,0,0,0,0,0,0,0,0,0,0
DONTA HALL,Olympiacos Piraeus,45,DONTA HALL,"CORY JOSEPH, GIANNOULIS LARENTZAKIS, MONTE MORRIS, OMIROS NETZIPOGLOU, SHAQUIELLE MCKISSIC, THOMAS WALKUP, TYLER DORSEY, TYSON WARD",1,2.3,0,0,1,0.0,0,0,0,0,0,0,1,0,1,0,0,0,0,0,0,0,0,0.0,0.0,99.7,40.6,59.2,0.0,0.0,0,0.0,0,0,0,1,0,0,0,0,0,0,0,0,0,0,0,0,0,0
DONTA HALL,Olympiacos Piraeus,45,DONTA HALL,"ALEC PETERS, EVAN FOURNIER, FRANK NTILIKINA, GIANNOULIS LARENTZAKIS, MONTE MORRIS, OMIROS NETZIPOGLOU, THOMAS WALKUP, TYSON WARD",1,1.3,0,0,0,0,0,0,0,0,0,0,0,0,0,0,0,0,0,0,0,0,0,0.0,0.0,34.7,161.3,-126.6,0,0,0,0,0,0,0,0,0,0,0,0,0,0,0,0,0,0,0,0,0,0
EVAN FOURNIER,Olympiacos Piraeus,94,EVAN FOURNIER,"FRANK NTILIKINA, GIANNOULIS LARENTZAKIS, MONTE MORRIS, OMIROS NETZIPOGLOU, THOMAS WALKUP",1,3.1,3,1,2,50.0,1,1,100.0,0,0,0,0,0,0,0,0,0,0,1,2,0,3,3.0,58.1,174.2,116.1,58.1,75.0,75.0,0.0,0.0,0,0,0,1,0,0,1,1,100,0,0,0,0,0,0,0,0,0
EVAN FOURNIER,Olympiacos Piraeus,94,EVAN FOURNIER,"ALEC PETERS, FRANK NTILIKINA, GIANNOULIS LARENTZAKIS, KOSTAS PAPANIKOLAOU, MONTE MORRIS, NIKOLA MILUTINOV, OMIROS NETZIPOGLOU, THOMAS WALKUP",1,2.7,0,0,0,0,0,0,0,0,0,0,0,1,1,0,0,0,0,0,0,0,0,0.0,0.0,140.0,50.0,90.0,0,0,0,0,0,0,0,0,0,0,0,0,0,0,0,0,0,0,0,0,0,0
EVAN FOURNIER,Olympiacos Piraeus,94,EVAN FOURNIER,"ALEC PETERS, CORY JOSEPH, DONTA HALL, GIANNOULIS LARENTZAKIS, MONTE MORRIS, OMIROS NETZIPOGLOU, THOMAS WALKUP, TYSON WARD",1,2.5,0,0,1,0.0,0,1,0.0,0,0,0,0,0,0,0,0,0,0,2,1,0,0,0.0,0.0,75.0,131.6,-56.6,0.0,0.0,0,0.0,0,0,0,0,0,0,1,0,0,0,0,0,0,0,0,0,0,0
EVAN FOURNIER,Olympiacos Piraeus,94,EVAN FOURNIER,"CORY JOSEPH, GIANNOULIS LARENTZAKIS, MONTE MORRIS, OMIROS NETZIPOGLOU, SHAQUIELLE MCKISSIC, THOMAS WALKUP, TYRIQUE JONES, TYSON WARD",1,2.0,0,0,1,0.0,0,1,0.0,0,0,0,0,0,0,0,0,0,0,1,1,0,0,0.0,0.0,0.0,202.7,-202.7,0.0,0.0,0,0.0,0,0,0,0,0,0,1,0,0,0,0,0,0,0,0,0,0,0
EVAN FOURNIER,Olympiacos Piraeus,94,EVAN FOURNIER,"FRANK NTILIKINA, GIANNOULIS LARENTZAKIS, MONTE MORRIS, OMIROS NETZIPOGLOU, THOMAS WALKUP, TYRIQUE JONES, TYSON WARD",1,1.7,0,0,0,0,0,0,0,0,0,0,0,0,0,0,0,0,0,0,0,0,0,0.0,0.0,0.0,133.3,-133.3,0,0,0,0,0,0,0,0,0,0,0,0,0,0,0,0,0,0,0,0,0,0
EVAN FOURNIER,Olympiacos Piraeus,94,EVAN FOURNIER,"ALEC PETERS, DONTA HALL, FRANK NTILIKINA, GIANNOULIS LARENTZAKIS, MONTE MORRIS, OMIROS NETZIPOGLOU, THOMAS WALKUP, TYSON WARD",1,1.3,0,0,0,0,0,0,0,0,0,0,0,0,0,0,0,0,0,0,0,0,0,0.0,0.0,34.7,161.3,-126.6,0,0,0,0,0,0,0,0,0,0,0,0,0,0,0,0,0,0,0,0,0,0
FRANK NTILIKINA,Olympiacos Piraeus,1,FRANK NTILIKINA,"ALEC PETERS, GIANNOULIS LARENTZAKIS, KOSTAS PAPANIKOLAOU, MONTE MORRIS, NIKOLA MILUTINOV, OMIROS NETZIPOGLOU, THOMAS WALKUP, TYLER DORSEY",1,6.0,3,1,1,100.0,1,1,100.0,0,0,0,1,0,1,0,0,0,0,0,0,0,3,3.0,27.8,166.5,140.1,26.4,150.0,150.0,0.0,0.0,0,0,0,0,0,0,1,1,100,0,1,0,0,0,0,0,0,0
FRANK NTILIKINA,Olympiacos Piraeus,1,FRANK NTILIKINA,"ALEC PETERS, GIANNOULIS LARENTZAKIS, MONTE MORRIS, NIKOLA MILUTINOV, OMIROS NETZIPOGLOU, THOMAS WALKUP, TYLER DORSEY, TYSON WARD",1,4.3,0,0,0,0,0,0,0,0,0,0,0,0,0,0,0,0,2,1,2,0,0,0.0,0.0,102.7,113.9,-11.1,0,0,0,100.0,0,0,0,0,0,0,0,0,0,0,0,0,0,0,2,0,0,0
FRANK NTILIKINA,Olympiacos Piraeus,1,FRANK NTILIKINA,"GIANNOULIS LARENTZAKIS, MONTE MORRIS, NIKOLA MILUTINOV, OMIROS NETZIPOGLOU, SHAQUIELLE MCKISSIC, THOMAS WALKUP, TYLER DORSEY, TYSON WARD",1,4.1,0,0,2,0.0,0,1,0.0,0,0,0,0,2,2,2,0,0,0,2,2,6,6,6.0,89.0,133.5,126.9,6.6,0.0,0.0,0,0.0,0,0,0,1,0,0,1,0,0,0,0,0,0,0,0,0,0,0
FRANK NTILIKINA,Olympiacos Piraeus,1,FRANK NTILIKINA,"GIANNOULIS LARENTZAKIS, MONTE MORRIS, OMIROS NETZIPOGLOU, THOMAS WALKUP",1,3.4,0,0,2,0.0,0,2,0.0,0,0,0,0,0,0,0,0,1,0,0,2,0,0,0.0,0.0,33.7,133.3,-99.6,0.0,0.0,0,0.0,0,0,0,0,0,0,2,0,0,0,0,0,0,0,0,0,0,0
FRANK NTILIKINA,Olympiacos Piraeus,1,FRANK NTILIKINA,"EVAN FOURNIER, GIANNOULIS LARENTZAKIS, MONTE MORRIS, OMIROS NETZIPOGLOU, THOMAS WALKUP",1,3.1,0,0,1,0.0,0,0,0,0,0,0,0,0,0,2,0,0,0,0,1,3,3,3.0,58.1,174.2,116.1,58.1,0.0,0.0,0,0.0,0,0,0,1,0,0,0,0,0,0,0,0,0,0,0,0,0,0
FRANK NTILIKINA,Olympiacos Piraeus,1,FRANK NTILIKINA,"ALEC PETERS, EVAN FOURNIER, GIANNOULIS LARENTZAKIS, KOSTAS PAPANIKOLAOU, MONTE MORRIS, NIKOLA MILUTINOV, OMIROS NETZIPOGLOU, THOMAS WALKUP",1,2.7,3,1,2,50.0,1,2,50.0,0,0,0,0,0,0,0,0,0,0,0,2,0,3,3.0,60.0,140.0,50.0,90.0,75.0,75.0,0.0,0.0,0,0,0,0,0,0,2,1,50,0,0,0,0,0,0,0,0,0
FRANK NTILIKINA,Olympiacos Piraeus,1,FRANK NTILIKINA,"EVAN FOURNIER, GIANNOULIS LARENTZAKIS, MONTE MORRIS, OMIROS NETZIPOGLOU, THOMAS WALKUP, TYRIQUE JONES, TYSON WARD",1,1.7,0,0,0,0,0,0,0,0,0,0,0,0,0,0,0,0,0,0,0,0,0,0.0,0.0,0.0,133.3,-133.3,0,0,0,0,0,0,0,0,0,0,0,0,0,0,0,0,0,0,0,0,0,0
FRANK NTILIKINA,Olympiacos Piraeus,1,FRANK NTILIKINA,"ALEC PETERS, DONTA HALL, EVAN FOURNIER, GIANNOULIS LARENTZAKIS, MONTE MORRIS, OMIROS NETZIPOGLOU, THOMAS WALKUP, TYSON WARD",1,1.3,0,0,0,0,0,0,0,0,0,0,0,0,0,0,0,0,0,0,0,0,0,0.0,0.0,34.7,161.3,-126.6,0,0,0,0,0,0,0,0,0,0,0,0,0,0,0,0,0,0,0,0,0,0
GIANNOULIS LARENTZAKIS,Olympiacos Piraeus,5,GIANNOULIS LARENTZAKIS,"ALEC PETERS, FRANK NTILIKINA, KOSTAS PAPANIKOLAOU, MONTE MORRIS, NIKOLA MILUTINOV, OMIROS NETZIPOGLOU, THOMAS WALKUP, TYLER DORSEY",1,6.0,0,0,0,0,0,0,0,0,0,0,0,0,0,0,0,0,0,0,0,0,0,0.0,0.0,166.5,140.1,26.4,0,0,0,0,0,0,0,0,0,0,0,0,0,0,0,0,0,0,0,0,0,0
GIANNOULIS LARENTZAKIS,Olympiacos Piraeus,5,GIANNOULIS LARENTZAKIS,"ALEC PETERS, FRANK NTILIKINA, MONTE MORRIS, NIKOLA MILUTINOV, OMIROS NETZIPOGLOU, THOMAS WALKUP, TYLER DORSEY, TYSON WARD",1,4.3,0,0,0,0,0,0,0,0,0,0,0,0,0,0,0,0,0,0,0,0,0,0.0,0.0,102.7,113.9,-11.1,0,0,0,0,0,0,0,0,0,0,0,0,0,0,0,0,0,0,0,0,0,0
GIANNOULIS LARENTZAKIS,Olympiacos Piraeus,5,GIANNOULIS LARENTZAKIS,"FRANK NTILIKINA, MONTE MORRIS, NIKOLA MILUTINOV, OMIROS NETZIPOGLOU, SHAQUIELLE MCKISSIC, THOMAS WALKUP, TYLER DORSEY, TYSON WARD",1,4.1,0,0,0,0,0,0,0,0,0,0,0,0,0,0,0,0,0,0,0,0,0,0.0,0.0,133.5,126.9,6.6,0,0,0,0,0,0,0,0,0,0,0,0,0,0,0,0,0,0,0,0,0,0
GIANNOULIS LARENTZAKIS,Olympiacos Piraeus,5,GIANNOULIS LARENTZAKIS,"FRANK NTILIKINA, MONTE MORRIS, OMIROS NETZIPOGLOU, THOMAS WALKUP",1,3.4,0,0,0,0,0,0,0,0,0,0,0,0,0,0,0,0,0,0,0,0,0,0.0,0.0,33.7,133.3,-99.6,0,0,0,0,0,0,0,0,0,0,0,0,0,0,0,0,0,0,0,0,0,0
GIANNOULIS LARENTZAKIS,Olympiacos Piraeus,5,GIANNOULIS LARENTZAKIS,"EVAN FOURNIER, FRANK NTILIKINA, MONTE MORRIS, OMIROS NETZIPOGLOU, THOMAS WALKUP",1,3.1,0,0,0,0,0,0,0,0,0,0,0,0,0,0,0,0,0,0,0,0,0,0.0,0.0,174.2,116.1,58.1,0,0,0,0,0,0,0,0,0,0,0,0,0,0,0,0,0,0,0,0,0,0
GIANNOULIS LARENTZAKIS,Olympiacos Piraeus,5,GIANNOULIS LARENTZAKIS,"ALEC PETERS, CORY JOSEPH, DONTA HALL, MONTE MORRIS, OMIROS NETZIPOGLOU, THOMAS WALKUP, TYLER DORSEY, TYSON WARD",1,3.1,0,0,0,0,0,0,0,0,0,0,0,0,0,0,0,0,0,0,0,0,0,0.0,0.0,81.6,66.7,14.9,0,0,0,0,0,0,0,0,0,0,0,0,0,0,0,0,0,0,0,0,0,0
GIANNOULIS LARENTZAKIS,Olympiacos Piraeus,5,GIANNOULIS LARENTZAKIS,"ALEC PETERS, EVAN FOURNIER, FRANK NTILIKINA, KOSTAS PAPANIKOLAOU, MONTE MORRIS, NIKOLA MILUTINOV, OMIROS NETZIPOGLOU, THOMAS WALKUP",1,2.7,0,0,0,0,0,0,0,0,0,0,0,0,0,0,0,0,0,0,0,0,0,0.0,0.0,140.0,50.0,90.0,0,0,0,0,0,0,0,0,0,0,0,0,0,0,0,0,0,0,0,0,0,0
GIANNOULIS LARENTZAKIS,Olympiacos Piraeus,5,GIANNOULIS LARENTZAKIS,"ALEC PETERS, CORY JOSEPH, DONTA HALL, EVAN FOURNIER, MONTE MORRIS, OMIROS NETZIPOGLOU, THOMAS WALKUP, TYSON WARD",1,2.5,0,0,0,0,0,0,0,0,0,0,0,0,0,0,0,0,0,0,0,0,0,0.0,0.0,75.0,131.6,-56.6,0,0,0,0,0,0,0,0,0,0,0,0,0,0,0,0,0,0,0,0,0,0
GIANNOULIS LARENTZAKIS,Olympiacos Piraeus,5,GIANNOULIS LARENTZAKIS,"CORY JOSEPH, DONTA HALL, MONTE MORRIS, OMIROS NETZIPOGLOU, SHAQUIELLE MCKISSIC, THOMAS WALKUP, TYLER DORSEY, TYSON WARD",1,2.3,0,0,0,0,0,0,0,0,0,0,0,0,0,0,0,0,0,0,0,0,0,0.0,0.0,99.7,40.6,59.2,0,0,0,0,0,0,0,0,0,0,0,0,0,0,0,0,0,0,0,0,0,0
GIANNOULIS LARENTZAKIS,Olympiacos Piraeus,5,GIANNOULIS LARENTZAKIS,"CORY JOSEPH, EVAN FOURNIER, MONTE MORRIS, OMIROS NETZIPOGLOU, SHAQUIELLE MCKISSIC, THOMAS WALKUP, TYRIQUE JONES, TYSON WARD",1,2.0,0,0,0,0,0,0,0,0,0,0,0,0,0,0,0,0,0,0,0,0,0,0.0,0.0,0.0,202.7,-202.7,0,0,0,0,0,0,0,0,0,0,0,0,0,0,0,0,0,0,0,0,0,0
GIANNOULIS LARENTZAKIS,Olympiacos Piraeus,5,GIANNOULIS LARENTZAKIS,"EVAN FOURNIER, FRANK NTILIKINA, MONTE MORRIS, OMIROS NETZIPOGLOU, THOMAS WALKUP, TYRIQUE JONES, TYSON WARD",1,1.7,0,0,0,0,0,0,0,0,0,0,0,0,0,0,0,0,0,0,0,0,0,0.0,0.0,0.0,133.3,-133.3,0,0,0,0,0,0,0,0,0,0,0,0,0,0,0,0,0,0,0,0,0,0
GIANNOULIS LARENTZAKIS,Olympiacos Piraeus,5,GIANNOULIS LARENTZAKIS,"ALEC PETERS, DONTA HALL, EVAN FOURNIER, FRANK NTILIKINA, MONTE MORRIS, OMIROS NETZIPOGLOU, THOMAS WALKUP, TYSON WARD",1,1.3,0,0,0,0,0,0,0,0,0,0,0,0,0,0,0,0,0,0,0,0,0,0.0,0.0,34.7,161.3,-126.6,0,0,0,0,0,0,0,0,0,0,0,0,0,0,0,0,0,0,0,0,0,0
GIANNOULIS LARENTZAKIS,Olympiacos Piraeus,5,GIANNOULIS LARENTZAKIS,"CORY JOSEPH, MONTE MORRIS, NIKOLA MILUTINOV, OMIROS NETZIPOGLOU, SHAQUIELLE MCKISSIC, THOMAS WALKUP, TYLER DORSEY, TYSON WARD",1,1.2,0,0,0,0,0,0,0,0,0,0,0,0,0,0,0,0,0,0,0,0,0,0.0,0.0,181.2,100.0,81.2,0,0,0,0,0,0,0,0,0,0,0,0,0,0,0,0,0,0,0,0,0,0
KOSTAS PAPANIKOLAOU,Olympiacos Piraeus,16,KOSTAS PAPANIKOLAOU,"ALEC PETERS, FRANK NTILIKINA, GIANNOULIS LARENTZAKIS, MONTE MORRIS, NIKOLA MILUTINOV, OMIROS NETZIPOGLOU, THOMAS WALKUP, TYLER DORSEY",1,6.0,5,2,2,100.0,1,1,100.0,0,0,0,0,0,0,0,0,0,2,2,4,0,5,5.0,46.3,166.5,140.1,26.4,125.0,125.0,0.0,50.0,0,0,0,1,1,100,1,1,100,0,1,0,0,0,2,0,0,0
KOSTAS PAPANIKOLAOU,Olympiacos Piraeus,16,KOSTAS PAPANIKOLAOU,"ALEC PETERS, EVAN FOURNIER, FRANK NTILIKINA, GIANNOULIS LARENTZAKIS, MONTE MORRIS, NIKOLA MILUTINOV, OMIROS NETZIPOGLOU, THOMAS WALKUP",1,2.7,0,0,0,0,0,0,0,0,0,0,0,1,1,0,0,0,1,1,1,0,0,0.0,0.0,140.0,50.0,90.0,0,0,0,100.0,0,0,0,0,0,0,0,0,0,0,0,0,0,0,1,0,0,0
MONTE MORRIS,Olympiacos Piraeus,11,MONTE MORRIS,"ALEC PETERS, FRANK NTILIKINA, GIANNOULIS LARENTZAKIS, KOSTAS PAPANIKOLAOU, NIKOLA MILUTINOV, OMIROS NETZIPOGLOU, THOMAS WALKUP, TYLER DORSEY",1,6.0,0,0,0,0,0,0,0,0,0,0,0,0,0,0,0,0,0,0,0,0,0,0.0,0.0,166.5,140.1,26.4,0,0,0,0,0,0,0,0,0,0,0,0,0,0,0,0,0,0,0,0,0,0
MONTE MORRIS,Olympiacos Piraeus,11,MONTE MORRIS,"ALEC PETERS, FRANK NTILIKINA, GIANNOULIS LARENTZAKIS, NIKOLA MILUTINOV, OMIROS NETZIPOGLOU, THOMAS WALKUP, TYLER DORSEY, TYSON WARD",1,4.3,0,0,0,0,0,0,0,0,0,0,0,0,0,0,0,0,0,0,0,0,0,0.0,0.0,102.7,113.9,-11.1,0,0,0,0,0,0,0,0,0,0,0,0,0,0,0,0,0,0,0,0,0,0
MONTE MORRIS,Olympiacos Piraeus,11,MONTE MORRIS,"FRANK NTILIKINA, GIANNOULIS LARENTZAKIS, NIKOLA MILUTINOV, OMIROS NETZIPOGLOU, SHAQUIELLE MCKISSIC, THOMAS WALKUP, TYLER DORSEY, TYSON WARD",1,4.1,0,0,0,0,0,0,0,0,0,0,0,0,0,0,0,0,0,0,0,0,0,0.0,0.0,133.5,126.9,6.6,0,0,0,0,0,0,0,0,0,0,0,0,0,0,0,0,0,0,0,0,0,0
MONTE MORRIS,Olympiacos Piraeus,11,MONTE MORRIS,"FRANK NTILIKINA, GIANNOULIS LARENTZAKIS, OMIROS NETZIPOGLOU, THOMAS WALKUP",1,3.4,0,0,0,0,0,0,0,0,0,0,0,0,0,0,0,0,0,0,0,0,0,0.0,0.0,33.7,133.3,-99.6,0,0,0,0,0,0,0,0,0,0,0,0,0,0,0,0,0,0,0,0,0,0
MONTE MORRIS,Olympiacos Piraeus,11,MONTE MORRIS,"EVAN FOURNIER, FRANK NTILIKINA, GIANNOULIS LARENTZAKIS, OMIROS NETZIPOGLOU, THOMAS WALKUP",1,3.1,0,0,0,0,0,0,0,0,0,0,0,0,0,0,0,0,0,0,0,0,0,0.0,0.0,174.2,116.1,58.1,0,0,0,0,0,0,0,0,0,0,0,0,0,0,0,0,0,0,0,0,0,0
MONTE MORRIS,Olympiacos Piraeus,11,MONTE MORRIS,"ALEC PETERS, CORY JOSEPH, DONTA HALL, GIANNOULIS LARENTZAKIS, OMIROS NETZIPOGLOU, THOMAS WALKUP, TYLER DORSEY, TYSON WARD",1,3.1,0,0,0,0,0,0,0,0,0,0,0,0,0,0,0,0,0,0,0,0,0,0.0,0.0,81.6,66.7,14.9,0,0,0,0,0,0,0,0,0,0,0,0,0,0,0,0,0,0,0,0,0,0
MONTE MORRIS,Olympiacos Piraeus,11,MONTE MORRIS,"ALEC PETERS, EVAN FOURNIER, FRANK NTILIKINA, GIANNOULIS LARENTZAKIS, KOSTAS PAPANIKOLAOU, NIKOLA MILUTINOV, OMIROS NETZIPOGLOU, THOMAS WALKUP",1,2.7,0,0,0,0,0,0,0,0,0,0,0,0,0,0,0,0,0,0,0,0,0,0.0,0.0,140.0,50.0,90.0,0,0,0,0,0,0,0,0,0,0,0,0,0,0,0,0,0,0,0,0,0,0
MONTE MORRIS,Olympiacos Piraeus,11,MONTE MORRIS,"ALEC PETERS, CORY JOSEPH, DONTA HALL, EVAN FOURNIER, GIANNOULIS LARENTZAKIS, OMIROS NETZIPOGLOU, THOMAS WALKUP, TYSON WARD",1,2.5,0,0,0,0,0,0,0,0,0,0,0,0,0,0,0,0,0,0,0,0,0,0.0,0.0,75.0,131.6,-56.6,0,0,0,0,0,0,0,0,0,0,0,0,0,0,0,0,0,0,0,0,0,0
MONTE MORRIS,Olympiacos Piraeus,11,MONTE MORRIS,"CORY JOSEPH, DONTA HALL, GIANNOULIS LARENTZAKIS, OMIROS NETZIPOGLOU, SHAQUIELLE MCKISSIC, THOMAS WALKUP, TYLER DORSEY, TYSON WARD",1,2.3,0,0,0,0,0,0,0,0,0,0,0,0,0,0,0,0,0,0,0,0,0,0.0,0.0,99.7,40.6,59.2,0,0,0,0,0,0,0,0,0,0,0,0,0,0,0,0,0,0,0,0,0,0
MONTE MORRIS,Olympiacos Piraeus,11,MONTE MORRIS,"CORY JOSEPH, EVAN FOURNIER, GIANNOULIS LARENTZAKIS, OMIROS NETZIPOGLOU, SHAQUIELLE MCKISSIC, THOMAS WALKUP, TYRIQUE JONES, TYSON WARD",1,2.0,0,0,0,0,0,0,0,0,0,0,0,0,0,0,0,0,0,0,0,0,0,0.0,0.0,0.0,202.7,-202.7,0,0,0,0,0,0,0,0,0,0,0,0,0,0,0,0,0,0,0,0,0,0
MONTE MORRIS,Olympiacos Piraeus,11,MONTE MORRIS,"EVAN FOURNIER, FRANK NTILIKINA, GIANNOULIS LARENTZAKIS, OMIROS NETZIPOGLOU, THOMAS WALKUP, TYRIQUE JONES, TYSON WARD",1,1.7,0,0,0,0,0,0,0,0,0,0,0,0,0,0,0,0,0,0,0,0,0,0.0,0.0,0.0,133.3,-133.3,0,0,0,0,0,0,0,0,0,0,0,0,0,0,0,0,0,0,0,0,0,0
MONTE MORRIS,Olympiacos Piraeus,11,MONTE MORRIS,"ALEC PETERS, DONTA HALL, EVAN FOURNIER, FRANK NTILIKINA, GIANNOULIS LARENTZAKIS, OMIROS NETZIPOGLOU, THOMAS WALKUP, TYSON WARD",1,1.3,0,0,0,0,0,0,0,0,0,0,0,0,0,0,0,0,0,0,0,0,0,0.0,0.0,34.7,161.3,-126.6,0,0,0,0,0,0,0,0,0,0,0,0,0,0,0,0,0,0,0,0,0,0
MONTE MORRIS,Olympiacos Piraeus,11,MONTE MORRIS,"CORY JOSEPH, GIANNOULIS LARENTZAKIS, NIKOLA MILUTINOV, OMIROS NETZIPOGLOU, SHAQUIELLE MCKISSIC, THOMAS WALKUP, TYLER DORSEY, TYSON WARD",1,1.2,0,0,0,0,0,0,0,0,0,0,0,0,0,0,0,0,0,0,0,0,0,0.0,0.0,181.2,100.0,81.2,0,0,0,0,0,0,0,0,0,0,0,0,0,0,0,0,0,0,0,0,0,0
NIKOLA MILUTINOV,Olympiacos Piraeus,33,NIKOLA MILUTINOV,"ALEC PETERS, FRANK NTILIKINA, GIANNOULIS LARENTZAKIS, KOSTAS PAPANIKOLAOU, MONTE MORRIS, OMIROS NETZIPOGLOU, THOMAS WALKUP, TYLER DORSEY",1,6.0,2,0,0,0,0,0,0,2,2,100.0,0,2,2,1,0,0,0,1,1,3,5,5.0,46.3,166.5,140.1,26.4,0,113.6,0,0.0,0,0,0,0,0,0,0,0,0,0,0,0,0,0,0,0,0,0
NIKOLA MILUTINOV,Olympiacos Piraeus,33,NIKOLA MILUTINOV,"ALEC PETERS, FRANK NTILIKINA, GIANNOULIS LARENTZAKIS, MONTE MORRIS, OMIROS NETZIPOGLOU, THOMAS WALKUP, TYLER DORSEY, TYSON WARD",1,4.3,1,0,1,0.0,0,1,0.0,1,2,50.0,0,1,1,1,1,0,0,0,2,2,3,3.0,34.2,102.7,113.9,-11.1,0.0,26.6,0,0.0,0,0,0,0,0,0,1,0,0,0,0,0,0,0,0,0,0,0
NIKOLA MILUTINOV,Olympiacos Piraeus,33,NIKOLA MILUTINOV,"FRANK NTILIKINA, GIANNOULIS LARENTZAKIS, MONTE MORRIS, OMIROS NETZIPOGLOU, SHAQUIELLE MCKISSIC, THOMAS WALKUP, TYLER DORSEY, TYSON WARD",1,4.1,0,0,0,0,0,0,0,0,0,0,1,1,2,0,0,0,0,0,0,0,0,0.0,0.0,133.5,126.9,6.6,0,0,0,0,0,0,0,0,0,0,0,0,0,0,0,0,0,0,0,0,0,0
NIKOLA MILUTINOV,Olympiacos Piraeus,33,NIKOLA MILUTINOV,"ALEC PETERS, EVAN FOURNIER, FRANK NTILIKINA, GIANNOULIS LARENTZAKIS, KOSTAS PAPANIKOLAOU, MONTE MORRIS, OMIROS NETZIPOGLOU, THOMAS WALKUP",1,2.7,0,0,0,0,0,0,0,0,0,0,0,1,1,0,0,0,0,0,0,0,0,0.0,0.0,140.0,50.0,90.0,0,0,0,0,0,0,0,0,0,0,0,0,0,0,0,0,0,0,0,0,0,0
NIKOLA MILUTINOV,Olympiacos Piraeus,33,NIKOLA MILUTINOV,"CORY JOSEPH, GIANNOULIS LARENTZAKIS, MONTE MORRIS, OMIROS NETZIPOGLOU, SHAQUIELLE MCKISSIC, THOMAS WALKUP, TYLER DORSEY, TYSON WARD",1,1.2,4,1,1,100.0,0,0,0,2,2,100.0,0,1,1,0,0,0,0,0,2,0,4,4.0,144.9,181.2,100.0,81.2,100.0,106.4,0.0,0.0,0,0,0,1,1,100,0,0,0,0,0,0,0,0,0,0,0,0
OMIROS NETZIPOGLOU,Olympiacos Piraeus,21,OMIROS NETZIPOGLOU,"ALEC PETERS, FRANK NTILIKINA, GIANNOULIS LARENTZAKIS, KOSTAS PAPANIKOLAOU, MONTE MORRIS, NIKOLA MILUTINOV, THOMAS WALKUP, TYLER DORSEY",1,6.0,0,0,0,0,0,0,0,0,0,0,0,0,0,0,0,0,0,0,0,0,0,0.0,0.0,166.5,140.1,26.4,0,0,0,0,0,0,0,0,0,0,0,0,0,0,0,0,0,0,0,0,0,0
OMIROS NETZIPOGLOU,Olympiacos Piraeus,21,OMIROS NETZIPOGLOU,"ALEC PETERS, FRANK NTILIKINA, GIANNOULIS LARENTZAKIS, MONTE MORRIS, NIKOLA MILUTINOV, THOMAS WALKUP, TYLER DORSEY, TYSON WARD",1,4.3,0,0,0,0,0,0,0,0,0,0,0,0,0,0,0,0,0,0,0,0,0,0.0,0.0,102.7,113.9,-11.1,0,0,0,0,0,0,0,0,0,0,0,0,0,0,0,0,0,0,0,0,0,0
OMIROS NETZIPOGLOU,Olympiacos Piraeus,21,OMIROS NETZIPOGLOU,"FRANK NTILIKINA, GIANNOULIS LARENTZAKIS, MONTE MORRIS, NIKOLA MILUTINOV, SHAQUIELLE MCKISSIC, THOMAS WALKUP, TYLER DORSEY, TYSON WARD",1,4.1,0,0,0,0,0,0,0,0,0,0,0,0,0,0,0,0,0,0,0,0,0,0.0,0.0,133.5,126.9,6.6,0,0,0,0,0,0,0,0,0,0,0,0,0,0,0,0,0,0,0,0,0,0
OMIROS NETZIPOGLOU,Olympiacos Piraeus,21,OMIROS NETZIPOGLOU,"FRANK NTILIKINA, GIANNOULIS LARENTZAKIS, MONTE MORRIS, THOMAS WALKUP",1,3.4,0,0,0,0,0,0,0,0,0,0,0,0,0,0,0,0,0,0,0,0,0,0.0,0.0,33.7,133.3,-99.6,0,0,0,0,0,0,0,0,0,0,0,0,0,0,0,0,0,0,0,0,0,0
OMIROS NETZIPOGLOU,Olympiacos Piraeus,21,OMIROS NETZIPOGLOU,"EVAN FOURNIER, FRANK NTILIKINA, GIANNOULIS LARENTZAKIS, MONTE MORRIS, THOMAS WALKUP",1,3.1,0,0,0,0,0,0,0,0,0,0,0,0,0,0,0,0,0,0,0,0,0,0.0,0.0,174.2,116.1,58.1,0,0,0,0,0,0,0,0,0,0,0,0,0,0,0,0,0,0,0,0,0,0
OMIROS NETZIPOGLOU,Olympiacos Piraeus,21,OMIROS NETZIPOGLOU,"ALEC PETERS, CORY JOSEPH, DONTA HALL, GIANNOULIS LARENTZAKIS, MONTE MORRIS, THOMAS WALKUP, TYLER DORSEY, TYSON WARD",1,3.1,0,0,0,0,0,0,0,0,0,0,0,0,0,0,0,0,0,0,0,0,0,0.0,0.0,81.6,66.7,14.9,0,0,0,0,0,0,0,0,0,0,0,0,0,0,0,0,0,0,0,0,0,0
OMIROS NETZIPOGLOU,Olympiacos Piraeus,21,OMIROS NETZIPOGLOU,"ALEC PETERS, EVAN FOURNIER, FRANK NTILIKINA, GIANNOULIS LARENTZAKIS, KOSTAS PAPANIKOLAOU, MONTE MORRIS, NIKOLA MILUTINOV, THOMAS WALKUP",1,2.7,0,0,0,0,0,0,0,0,0,0,0,0,0,0,0,0,0,0,0,0,0,0.0,0.0,140.0,50.0,90.0,0,0,0,0,0,0,0,0,0,0,0,0,0,0,0,0,0,0,0,0,0,0
OMIROS NETZIPOGLOU,Olympiacos Piraeus,21,OMIROS NETZIPOGLOU,"ALEC PETERS, CORY JOSEPH, DONTA HALL, EVAN FOURNIER, GIANNOULIS LARENTZAKIS, MONTE MORRIS, THOMAS WALKUP, TYSON WARD",1,2.5,0,0,0,0,0,0,0,0,0,0,0,0,0,0,0,0,0,0,0,0,0,0.0,0.0,75.0,131.6,-56.6,0,0,0,0,0,0,0,0,0,0,0,0,0,0,0,0,0,0,0,0,0,0
OMIROS NETZIPOGLOU,Olympiacos Piraeus,21,OMIROS NETZIPOGLOU,"CORY JOSEPH, DONTA HALL, GIANNOULIS LARENTZAKIS, MONTE MORRIS, SHAQUIELLE MCKISSIC, THOMAS WALKUP, TYLER DORSEY, TYSON WARD",1,2.3,0,0,0,0,0,0,0,0,0,0,0,0,0,0,0,0,0,0,0,0,0,0.0,0.0,99.7,40.6,59.2,0,0,0,0,0,0,0,0,0,0,0,0,0,0,0,0,0,0,0,0,0,0
OMIROS NETZIPOGLOU,Olympiacos Piraeus,21,OMIROS NETZIPOGLOU,"CORY JOSEPH, EVAN FOURNIER, GIANNOULIS LARENTZAKIS, MONTE MORRIS, SHAQUIELLE MCKISSIC, THOMAS WALKUP, TYRIQUE JONES, TYSON WARD",1,2.0,0,0,0,0,0,0,0,0,0,0,0,0,0,0,0,0,0,0,0,0,0,0.0,0.0,0.0,202.7,-202.7,0,0,0,0,0,0,0,0,0,0,0,0,0,0,0,0,0,0,0,0,0,0
OMIROS NETZIPOGLOU,Olympiacos Piraeus,21,OMIROS NETZIPOGLOU,"EVAN FOURNIER, FRANK NTILIKINA, GIANNOULIS LARENTZAKIS, MONTE MORRIS, THOMAS WALKUP, TYRIQUE JONES, TYSON WARD",1,1.7,0,0,0,0,0,0,0,0,0,0,0,0,0,0,0,0,0,0,0,0,0,0.0,0.0,0.0,133.3,-133.3,0,0,0,0,0,0,0,0,0,0,0,0,0,0,0,0,0,0,0,0,0,0
OMIROS NETZIPOGLOU,Olympiacos Piraeus,21,OMIROS NETZIPOGLOU,"ALEC PETERS, DONTA HALL, EVAN FOURNIER, FRANK NTILIKINA, GIANNOULIS LARENTZAKIS, MONTE MORRIS, THOMAS WALKUP, TYSON WARD",1,1.3,0,0,0,0,0,0,0,0,0,0,0,0,0,0,0,0,0,0,0,0,0,0.0,0.0,34.7,161.3,-126.6,0,0,0,0,0,0,0,0,0,0,0,0,0,0,0,0,0,0,0,0,0,0
OMIROS NETZIPOGLOU,Olympiacos Piraeus,21,OMIROS NETZIPOGLOU,"CORY JOSEPH, GIANNOULIS LARENTZAKIS, MONTE MORRIS, NIKOLA MILUTINOV, SHAQUIELLE MCKISSIC, THOMAS WALKUP, TYLER DORSEY, TYSON WARD",1,1.2,0,0,0,0,0,0,0,0,0,0,0,0,0,0,0,0,0,0,0,0,0,0.0,0.0,181.2,100.0,81.2,0,0,0,0,0,0,0,0,0,0,0,0,0,0,0,0,0,0,0,0,0,0
SHAQUIELLE MCKISSIC,Olympiacos Piraeus,77,SHAQUIELLE MCKISSIC,"FRANK NTILIKINA, GIANNOULIS LARENTZAKIS, MONTE MORRIS, NIKOLA MILUTINOV, OMIROS NETZIPOGLOU, THOMAS WALKUP, TYLER DORSEY, TYSON WARD",1,4.1,1,0,1,0.0,0,1,0.0,1,2,50.0,1,0,1,0,0,0,0,0,1,0,1,1.0,14.8,133.5,126.9,6.6,0.0,26.6,0,0.0,0,0,0,0,0,0,1,0,0,0,0,0,0,0,0,0,0,0
SHAQUIELLE MCKISSIC,Olympiacos Piraeus,77,SHAQUIELLE MCKISSIC,"CORY JOSEPH, DONTA HALL, GIANNOULIS LARENTZAKIS, MONTE MORRIS, OMIROS NETZIPOGLOU, THOMAS WALKUP, TYLER DORSEY, TYSON WARD",1,2.3,0,0,0,0,0,0,0,0,0,0,0,0,0,1,1,0,0,0,0,3,3,3.0,59.8,99.7,40.6,59.2,0,0,0,0.0,0,0,0,0,0,0,0,0,0,0,0,0,0,0,0,0,0,0
SHAQUIELLE MCKISSIC,Olympiacos Piraeus,77,SHAQUIELLE MCKISSIC,"CORY JOSEPH, EVAN FOURNIER, GIANNOULIS LARENTZAKIS, MONTE MORRIS, OMIROS NETZIPOGLOU, THOMAS WALKUP, TYRIQUE JONES, TYSON WARD",1,2.0,0,0,0,0,0,0,0,0,0,0,0,0,0,0,0,0,1,0,1,0,0,0.0,0.0,0.0,202.7,-202.7,0,0,0,100.0,0,0,0,0,0,0,0,0,0,0,0,0,0,0,1,0,0,0
SHAQUIELLE MCKISSIC,Olympiacos Piraeus,77,SHAQUIELLE MCKISSIC,"CORY JOSEPH, GIANNOULIS LARENTZAKIS, MONTE MORRIS, NIKOLA MILUTINOV, OMIROS NETZIPOGLOU, THOMAS WALKUP, TYLER DORSEY, TYSON WARD",1,1.2,0,0,0,0,0,0,0,0,0,0,0,0,0,0,0,0,0,0,0,0,0,0.0,0.0,181.2,100.0,81.2,0,0,0,0,0,0,0,0,0,0,0,0,0,0,0,0,0,0,0,0,0,0
THOMAS WALKUP,Olympiacos Piraeus,0,THOMAS WALKUP,"ALEC PETERS, FRANK NTILIKINA, GIANNOULIS LARENTZAKIS, KOSTAS PAPANIKOLAOU, MONTE MORRIS, NIKOLA MILUTINOV, OMIROS NETZIPOGLOU, TYLER DORSEY",1,6.0,0,0,0,0,0,0,0,0,0,0,0,0,0,0,0,0,0,0,0,0,0,0.0,0.0,166.5,140.1,26.4,0,0,0,0,0,0,0,0,0,0,0,0,0,0,0,0,0,0,0,0,0,0
THOMAS WALKUP,Olympiacos Piraeus,0,THOMAS WALKUP,"ALEC PETERS, FRANK NTILIKINA, GIANNOULIS LARENTZAKIS, MONTE MORRIS, NIKOLA MILUTINOV, OMIROS NETZIPOGLOU, TYLER DORSEY, TYSON WARD",1,4.3,0,0,0,0,0,0,0,0,0,0,0,0,0,0,0,0,0,0,0,0,0,0.0,0.0,102.7,113.9,-11.1,0,0,0,0,0,0,0,0,0,0,0,0,0,0,0,0,0,0,0,0,0,0
THOMAS WALKUP,Olympiacos Piraeus,0,THOMAS WALKUP,"FRANK NTILIKINA, GIANNOULIS LARENTZAKIS, MONTE MORRIS, NIKOLA MILUTINOV, OMIROS NETZIPOGLOU, SHAQUIELLE MCKISSIC, TYLER DORSEY, TYSON WARD",1,4.1,0,0,0,0,0,0,0,0,0,0,0,0,0,0,0,0,0,0,0,0,0,0.0,0.0,133.5,126.9,6.6,0,0,0,0,0,0,0,0,0,0,0,0,0,0,0,0,0,0,0,0,0,0
THOMAS WALKUP,Olympiacos Piraeus,0,THOMAS WALKUP,"FRANK NTILIKINA, GIANNOULIS LARENTZAKIS, MONTE MORRIS, OMIROS NETZIPOGLOU",1,3.4,0,0,0,0,0,0,0,0,0,0,0,0,0,0,0,0,0,0,0,0,0,0.0,0.0,33.7,133.3,-99.6,0,0,0,0,0,0,0,0,0,0,0,0,0,0,0,0,0,0,0,0,0,0
THOMAS WALKUP,Olympiacos Piraeus,0,THOMAS WALKUP,"EVAN FOURNIER, FRANK NTILIKINA, GIANNOULIS LARENTZAKIS, MONTE MORRIS, OMIROS NETZIPOGLOU",1,3.1,0,0,0,0,0,0,0,0,0,0,0,0,0,0,0,0,0,0,0,0,0,0.0,0.0,174.2,116.1,58.1,0,0,0,0,0,0,0,0,0,0,0,0,0,0,0,0,0,0,0,0,0,0
THOMAS WALKUP,Olympiacos Piraeus,0,THOMAS WALKUP,"ALEC PETERS, CORY JOSEPH, DONTA HALL, GIANNOULIS LARENTZAKIS, MONTE MORRIS, OMIROS NETZIPOGLOU, TYLER DORSEY, TYSON WARD",1,3.1,0,0,0,0,0,0,0,0,0,0,0,0,0,0,0,0,0,0,0,0,0,0.0,0.0,81.6,66.7,14.9,0,0,0,0,0,0,0,0,0,0,0,0,0,0,0,0,0,0,0,0,0,0
THOMAS WALKUP,Olympiacos Piraeus,0,THOMAS WALKUP,"ALEC PETERS, EVAN FOURNIER, FRANK NTILIKINA, GIANNOULIS LARENTZAKIS, KOSTAS PAPANIKOLAOU, MONTE MORRIS, NIKOLA MILUTINOV, OMIROS NETZIPOGLOU",1,2.7,0,0,0,0,0,0,0,0,0,0,0,0,0,0,0,0,0,0,0,0,0,0.0,0.0,140.0,50.0,90.0,0,0,0,0,0,0,0,0,0,0,0,0,0,0,0,0,0,0,0,0,0,0
THOMAS WALKUP,Olympiacos Piraeus,0,THOMAS WALKUP,"ALEC PETERS, CORY JOSEPH, DONTA HALL, EVAN FOURNIER, GIANNOULIS LARENTZAKIS, MONTE MORRIS, OMIROS NETZIPOGLOU, TYSON WARD",1,2.5,0,0,0,0,0,0,0,0,0,0,0,0,0,0,0,0,0,0,0,0,0,0.0,0.0,75.0,131.6,-56.6,0,0,0,0,0,0,0,0,0,0,0,0,0,0,0,0,0,0,0,0,0,0
THOMAS WALKUP,Olympiacos Piraeus,0,THOMAS WALKUP,"CORY JOSEPH, DONTA HALL, GIANNOULIS LARENTZAKIS, MONTE MORRIS, OMIROS NETZIPOGLOU, SHAQUIELLE MCKISSIC, TYLER DORSEY, TYSON WARD",1,2.3,0,0,0,0,0,0,0,0,0,0,0,0,0,0,0,0,0,0,0,0,0,0.0,0.0,99.7,40.6,59.2,0,0,0,0,0,0,0,0,0,0,0,0,0,0,0,0,0,0,0,0,0,0
THOMAS WALKUP,Olympiacos Piraeus,0,THOMAS WALKUP,"CORY JOSEPH, EVAN FOURNIER, GIANNOULIS LARENTZAKIS, MONTE MORRIS, OMIROS NETZIPOGLOU, SHAQUIELLE MCKISSIC, TYRIQUE JONES, TYSON WARD",1,2.0,0,0,0,0,0,0,0,0,0,0,0,0,0,0,0,0,0,0,0,0,0,0.0,0.0,0.0,202.7,-202.7,0,0,0,0,0,0,0,0,0,0,0,0,0,0,0,0,0,0,0,0,0,0
THOMAS WALKUP,Olympiacos Piraeus,0,THOMAS WALKUP,"EVAN FOURNIER, FRANK NTILIKINA, GIANNOULIS LARENTZAKIS, MONTE MORRIS, OMIROS NETZIPOGLOU, TYRIQUE JONES, TYSON WARD",1,1.7,0,0,0,0,0,0,0,0,0,0,0,0,0,0,0,0,0,0,0,0,0,0.0,0.0,0.0,133.3,-133.3,0,0,0,0,0,0,0,0,0,0,0,0,0,0,0,0,0,0,0,0,0,0
THOMAS WALKUP,Olympiacos Piraeus,0,THOMAS WALKUP,"ALEC PETERS, DONTA HALL, EVAN FOURNIER, FRANK NTILIKINA, GIANNOULIS LARENTZAKIS, MONTE MORRIS, OMIROS NETZIPOGLOU, TYSON WARD",1,1.3,0,0,0,0,0,0,0,0,0,0,0,0,0,0,0,0,0,0,0,0,0,0.0,0.0,34.7,161.3,-126.6,0,0,0,0,0,0,0,0,0,0,0,0,0,0,0,0,0,0,0,0,0,0
THOMAS WALKUP,Olympiacos Piraeus,0,THOMAS WALKUP,"CORY JOSEPH, GIANNOULIS LARENTZAKIS, MONTE MORRIS, NIKOLA MILUTINOV, OMIROS NETZIPOGLOU, SHAQUIELLE MCKISSIC, TYLER DORSEY, TYSON WARD",1,1.2,0,0,0,0,0,0,0,0,0,0,0,0,0,0,0,0,0,0,0,0,0,0.0,0.0,181.2,100.0,81.2,0,0,0,0,0,0,0,0,0,0,0,0,0,0,0,0,0,0,0,0,0,0
TYLER DORSEY,Olympiacos Piraeus,22,TYLER DORSEY,"ALEC PETERS, FRANK NTILIKINA, GIANNOULIS LARENTZAKIS, KOSTAS PAPANIKOLAOU, MONTE MORRIS, NIKOLA MILUTINOV, OMIROS NETZIPOGLOU, THOMAS WALKUP",1,6.0,6,2,3,66.7,2,3,66.7,0,0,0,0,1,1,0,0,0,0,0,3,0,6,6.0,55.5,166.5,140.1,26.4,100.0,100.0,0.0,0.0,0,0,0,0,0,0,3,2,66.7,0,1,0,0,0,0,0,0,0
TYLER DORSEY,Olympiacos Piraeus,22,TYLER DORSEY,"ALEC PETERS, FRANK NTILIKINA, GIANNOULIS LARENTZAKIS, MONTE MORRIS, NIKOLA MILUTINOV, OMIROS NETZIPOGLOU, THOMAS WALKUP, TYSON WARD",1,4.3,3,1,1,100.0,1,1,100.0,0,0,0,0,0,0,1,0,0,0,0,1,2,5,5.0,57.1,102.7,113.9,-11.1,150.0,150.0,100.0,0.0,0,0,0,0,0,0,1,1,100,0,1,0,0,0,0,0,0,0
TYLER DORSEY,Olympiacos Piraeus,22,TYLER DORSEY,"FRANK NTILIKINA, GIANNOULIS LARENTZAKIS, MONTE MORRIS, NIKOLA MILUTINOV, OMIROS NETZIPOGLOU, SHAQUIELLE MCKISSIC, THOMAS WALKUP, TYSON WARD",1,4.1,3,1,2,50.0,1,2,50.0,0,0,0,0,0,0,0,0,0,0,0,2,0,3,3.0,44.5,133.5,126.9,6.6,75.0,75.0,0.0,0.0,0,0,0,0,0,0,2,1,50,0,0,0,0,0,0,0,3,0
TYLER DORSEY,Olympiacos Piraeus,22,TYLER DORSEY,"ALEC PETERS, CORY JOSEPH, DONTA HALL, GIANNOULIS LARENTZAKIS, MONTE MORRIS, OMIROS NETZIPOGLOU, THOMAS WALKUP, TYSON WARD",1,3.1,1,0,2,0.0,0,0,0,1,1,100.0,0,0,0,0,0,0,0,0,2,0,1,1.0,16.3,81.6,66.7,14.9,0.0,20.5,0,0.0,0,0,0,2,0,0,0,0,0,0,0,0,0,0,0,1,0,0
TYLER DORSEY,Olympiacos Piraeus,22,TYLER DORSEY,"CORY JOSEPH, DONTA HALL, GIANNOULIS LARENTZAKIS, MONTE MORRIS, OMIROS NETZIPOGLOU, SHAQUIELLE MCKISSIC, THOMAS WALKUP, TYSON WARD",1,2.3,5,2,3,66.7,1,2,50.0,0,1,0.0,0,1,1,0,1,0,1,0,4,0,5,5.0,99.7,99.7,40.6,59.2,83.3,72.7,0.0,22.5,0,0,0,1,1,100,2,1,50,0,0,0,0,0,1,0,2,2
TYLER DORSEY,Olympiacos Piraeus,22,TYLER DORSEY,"CORY JOSEPH, GIANNOULIS LARENTZAKIS, MONTE MORRIS, NIKOLA MILUTINOV, OMIROS NETZIPOGLOU, SHAQUIELLE MCKISSIC, THOMAS WALKUP, TYSON WARD",1,1.2,1,0,0,0,0,0,0,1,2,50.0,0,0,0,1,0,0,0,0,1,2,3,3.0,108.7,181.2,100.0,81.2,0,56.8,0,0.0,0,0,0,0,0,0,0,0,0,0,0,0,0,0,0,1,0,0
TYRIQUE JONES,Olympiacos Piraeus,88,TYRIQUE JONES,"CORY JOSEPH, EVAN FOURNIER, GIANNOULIS LARENTZAKIS, MONTE MORRIS, OMIROS NETZIPOGLOU, SHAQUIELLE MCKISSIC, THOMAS WALKUP, TYSON WARD",1,2.0,0,0,0,0,0,0,0,0,0,0,0,0,0,0,0,0,0,0,0,0,0,0.0,0.0,0.0,202.7,-202.7,0,0,0,0,0,0,0,0,0,0,0,0,0,0,0,0,0,0,0,0,0,0
TYRIQUE JONES,Olympiacos Piraeus,88,TYRIQUE JONES,"EVAN FOURNIER, FRANK NTILIKINA, GIANNOULIS LARENTZAKIS, MONTE MORRIS, OMIROS NETZIPOGLOU, THOMAS WALKUP, TYSON WARD",1,1.7,0,0,0,0,0,0,0,0,0,0,0,0,0,0,1,0,0,1,0,0,0,0.0,0.0,0.0,133.3,-133.3,0,0,0,0,0,0,0,0,0,0,0,0,0,0,0,0,0,0,0,0,0,0
TYSON WARD,Olympiacos Piraeus,3,TYSON WARD,"ALEC PETERS, FRANK NTILIKINA, GIANNOULIS LARENTZAKIS, MONTE MORRIS, NIKOLA MILUTINOV, OMIROS NETZIPOGLOU, THOMAS WALKUP, TYLER DORSEY",1,4.3,2,1,2,50.0,0,0,0,0,0,0,0,1,1,0,0,0,0,0,2,0,2,2.0,22.8,102.7,113.9,-11.1,50.0,50.0,0.0,0.0,0,0,0,2,1,50,0,0,0,0,0,0,0,0,0,0,0,0
TYSON WARD,Olympiacos Piraeus,3,TYSON WARD,"FRANK NTILIKINA, GIANNOULIS LARENTZAKIS, MONTE MORRIS, NIKOLA MILUTINOV, OMIROS NETZIPOGLOU, SHAQUIELLE MCKISSIC, THOMAS WALKUP, TYLER DORSEY",1,4.1,5,2,2,100.0,1,1,100.0,0,0,0,0,0,0,0,0,0,0,0,2,0,5,5.0,74.2,133.5,126.9,6.6,125.0,125.0,0.0,0.0,0,0,0,1,1,100,1,1,100,0,0,0,0,0,0,0,0,0
TYSON WARD,Olympiacos Piraeus,3,TYSON WARD,"ALEC PETERS, CORY JOSEPH, DONTA HALL, GIANNOULIS LARENTZAKIS, MONTE MORRIS, OMIROS NETZIPOGLOU, THOMAS WALKUP, TYLER DORSEY",1,3.1,2,0,1,0.0,0,1,0.0,2,2,100.0,0,1,1,0,0,0,0,0,2,0,2,2.0,32.6,81.6,66.7,14.9,0.0,53.2,0,0.0,0,0,0,0,0,0,1,0,0,0,0,0,0,0,0,0,0,0
TYSON WARD,Olympiacos Piraeus,3,TYSON WARD,"ALEC PETERS, CORY JOSEPH, DONTA HALL, EVAN FOURNIER, GIANNOULIS LARENTZAKIS, MONTE MORRIS, OMIROS NETZIPOGLOU, THOMAS WALKUP",1,2.5,0,0,1,0.0,0,0,0,0,0,0,0,0,0,0,0,0,0,0,1,0,0,0.0,0.0,75.0,131.6,-56.6,0.0,0.0,0,0.0,0,0,0,1,0,0,0,0,0,0,0,0,0,0,0,0,0,0
TYSON WARD,Olympiacos Piraeus,3,TYSON WARD,"CORY JOSEPH, DONTA HALL, GIANNOULIS LARENTZAKIS, MONTE MORRIS, OMIROS NETZIPOGLOU, SHAQUIELLE MCKISSIC, THOMAS WALKUP, TYLER DORSEY",1,2.3,0,0,0,0,0,0,0,0,0,0,0,0,0,0,0,0,0,0,0,0,0,0.0,0.0,99.7,40.6,59.2,0,0,0,0,0,0,0,0,0,0,0,0,0,0,0,0,0,0,0,0,0,0
TYSON WARD,Olympiacos Piraeus,3,TYSON WARD,"CORY JOSEPH, EVAN FOURNIER, GIANNOULIS LARENTZAKIS, MONTE MORRIS, OMIROS NETZIPOGLOU, SHAQUIELLE MCKISSIC, THOMAS WALKUP, TYRIQUE JONES",1,2.0,0,0,1,0.0,0,1,0.0,0,0,0,0,0,0,0,0,0,0,0,1,0,0,0.0,0.0,0.0,202.7,-202.7,0.0,0.0,0,0.0,0,0,0,0,0,0,1,0,0,0,0,0,0,0,0,0,0,0
TYSON WARD,Olympiacos Piraeus,3,TYSON WARD,"EVAN FOURNIER, FRANK NTILIKINA, GIANNOULIS LARENTZAKIS, MONTE MORRIS, OMIROS NETZIPOGLOU, THOMAS WALKUP, TYRIQUE JONES",1,1.7,0,0,0,0,0,0,0,0,0,0,0,0,0,0,0,0,1,0,1,0,0,0.0,0.0,0.0,133.3,-133.3,0,0,0,100.0,0,0,0,0,0,0,0,0,0,0,0,0,0,0,1,0,0,0
TYSON WARD,Olympiacos Piraeus,3,TYSON WARD,"ALEC PETERS, DONTA HALL, EVAN FOURNIER, FRANK NTILIKINA, GIANNOULIS LARENTZAKIS, MONTE MORRIS, OMIROS NETZIPOGLOU, THOMAS WALKUP",1,1.3,1,0,0,0,0,0,0,1,2,50.0,0,0,0,0,1,0,0,0,1,0,1,1.0,34.7,34.7,161.3,-126.6,0,56.8,0,0.0,0,0,0,0,0,0,0,0,0,0,0,0,0,0,0,0,0,0
TYSON WARD,Olympiacos Piraeus,3,TYSON WARD,"CORY JOSEPH, GIANNOULIS LARENTZAKIS, MONTE MORRIS, NIKOLA MILUTINOV, OMIROS NETZIPOGLOU, SHAQUIELLE MCKISSIC, THOMAS WALKUP, TYLER DORSEY",1,1.2,0,0,0,0,0,0,0,0,0,0,0,0,0,0,0,0,0,0,0,0,0,0.0,0.0,181.2,100.0,81.2,0,0,0,0,0,0,0,0,0,0,0,0,0,0,0,0,0,0,0,0,0,0
CEDI OSMAN,Panathinaikos AKTOR Athens,6,CEDI OSMAN,"JERIAN GRANT, KENDRICK NUNN, MATHIAS LESSORT, NIGEL HAYES-DAVIS",1,4.8,7,3,3,100.0,1,1,100.0,0,0,0,0,0,0,0,1,0,0,0,3,0,7,7.0,77.0,132.0,111.3,20.7,116.7,116.7,0.0,0.0,0,0,0,2,2,100,1,1,100,0,0,0,0,0,0,0,4,2
CEDI OSMAN,Panathinaikos AKTOR Athens,6,CEDI OSMAN,"JERIAN GRANT, JUANCHO HERNANGOMEZ, KOSTAS SLOUKAS, MATHIAS LESSORT",1,4.1,3,1,1,100.0,1,1,100.0,0,0,0,0,0,0,1,0,0,0,0,1,2,5,5.0,57.1,125.6,122.1,3.5,150.0,150.0,100.0,0.0,0,0,0,0,0,0,1,1,100,0,0,0,0,0,0,0,0,3
CEDI OSMAN,Panathinaikos AKTOR Athens,6,CEDI OSMAN,"JUANCHO HERNANGOMEZ, KENDRICK NUNN, MATHIAS LESSORT, TJ SHORTS",1,3.6,4,1,1,100.0,0,0,0,2,3,66.7,1,1,2,0,0,0,0,1,1,0,4,4.0,59.8,134.5,118.0,16.5,100.0,86.2,0.0,0.0,0,0,0,1,1,100,0,0,0,0,0,0,0,0,0,2,2,0
CEDI OSMAN,Panathinaikos AKTOR Athens,6,CEDI OSMAN,"JERIAN GRANT, JUANCHO HERNANGOMEZ, KENDRICK NUNN, MATHIAS LESSORT",1,3.2,1,0,0,0,0,0,0,1,2,50.0,0,1,1,0,0,0,0,0,1,0,1,1.0,14.8,118.3,164.3,-45.9,0,56.8,0,0.0,0,0,0,0,0,0,0,0,0,0,0,0,0,0,0,0,1,0
CEDI OSMAN,Panathinaikos AKTOR Athens,6,CEDI OSMAN,"JUANCHO HERNANGOMEZ, KENDRICK NUNN, KOSTAS SLOUKAS, MATHIAS LESSORT",1,2.9,4,2,2,100.0,0,0,0,0,0,0,0,0,0,0,1,0,0,0,2,0,4,4.0,91.0,136.5,163.1,-26.6,100.0,100.0,0.0,0.0,0,0,0,2,2,100,0,0,0,0,0,0,0,0,0,2,2,2
CEDI OSMAN,Panathinaikos AKTOR Athens,6,CEDI OSMAN,"JUANCHO HERNANGOMEZ, KENDRICK NUNN, KOSTAS SLOUKAS, NIGEL HAYES-DAVIS",1,2.8,0,0,0,0,0,0,0,0,0,0,0,0,0,0,0,0,0,0,0,0,0,0.0,0.0,150.4,0.0,150.4,0,0,0,0,0,0,0,0,0,0,0,0,0,0,0,0,0,0,0,0,0,0
CEDI OSMAN,Panathinaikos AKTOR Athens,6,CEDI OSMAN,"JUANCHO HERNANGOMEZ, KOSTAS SLOUKAS, RICHAUN HOLMES, TJ SHORTS",1,2.5,0,0,0,0,0,0,0,0,0,0,0,0,0,0,0,0,0,0,0,0,0,0.0,0.0,104.3,98.1,6.2,0,0,0,0,0,0,0,0,0,0,0,0,0,0,0,0,0,0,0,0,0,0
CEDI OSMAN,Panathinaikos AKTOR Athens,6,CEDI OSMAN,"KENDRICK NUNN, KENNETH FARIED, KOSTAS SLOUKAS, TJ SHORTS",1,1.9,0,0,0,0,0,0,0,0,0,0,0,1,1,0,0,0,0,0,0,0,0,0.0,0.0,100.0,122.1,-22.1,0,0,0,0,0,0,0,0,0,0,0,0,0,0,0,0,0,0,0,0,0,0
CEDI OSMAN,Panathinaikos AKTOR Athens,6,CEDI OSMAN,"JERIAN GRANT, KENDRICK NUNN, NIGEL HAYES-DAVIS, RICHAUN HOLMES",1,1.9,2,0,0,0,0,0,0,2,2,100.0,0,1,1,1,0,0,0,0,1,2,4,4.0,103.1,103.1,0.0,103.1,0,113.6,0,0.0,0,0,0,0,0,0,0,0,0,0,0,0,0,0,0,0,2,2
CEDI OSMAN,Panathinaikos AKTOR Athens,6,CEDI OSMAN,"JERIAN GRANT, NIGEL HAYES-DAVIS, PANAGIOTIS KALAITZAKIS, RICHAUN HOLMES",1,1.5,0,0,0,0,0,0,0,0,0,0,0,0,0,0,0,0,0,0,0,0,0,0.0,0.0,100.0,66.7,33.3,0,0,0,0,0,0,0,0,0,0,0,0,0,0,0,0,0,0,0,0,0,0
CEDI OSMAN,Panathinaikos AKTOR Athens,6,CEDI OSMAN,"JERIAN GRANT, JUANCHO HERNANGOMEZ, KENDRICK NUNN, NIGEL HAYES-DAVIS",1,1.3,0,0,0,0,0,0,0,0,0,0,0,0,0,0,0,0,0,0,0,0,0,0.0,0.0,103.6,208.3,-104.7,0,0,0,0,0,0,0,0,0,0,0,0,0,0,0,0,0,0,0,0,0,0
CEDI OSMAN,Panathinaikos AKTOR Athens,6,CEDI OSMAN,"JUANCHO HERNANGOMEZ, KENDRICK NUNN, RICHAUN HOLMES, TJ SHORTS",1,1.2,0,0,0,0,0,0,0,0,0,0,0,0,0,0,0,0,0,1,0,0,0,0.0,0.0,66.7,266.0,-199.3,0,0,0,0,0,0,0,0,0,0,0,0,0,0,0,0,0,0,0,0,0,0
JERIAN GRANT,Panathinaikos AKTOR Athens,22,JERIAN GRANT,"CEDI OSMAN, KENDRICK NUNN, MATHIAS LESSORT, NIGEL HAYES-DAVIS",1,4.8,0,0,0,0,0,0,0,0,0,0,1,0,1,1,1,0,0,0,0,3,3,3.0,33.0,132.0,111.3,20.7,0,0,0,0.0,0,0,0,0,0,0,0,0,0,0,0,0,0,0,0,0,0,0
JERIAN GRANT,Panathinaikos AKTOR Athens,22,JERIAN GRANT,"CEDI OSMAN, JUANCHO HERNANGOMEZ, KOSTAS SLOUKAS, MATHIAS LESSORT",1,4.1,0,0,0,0,0,0,0,0,0,0,0,1,1,2,1,0,0,1,0,5,5,5.0,57.1,125.6,122.1,3.5,0,0,0,0.0,0,0,0,0,0,0,0,0,0,0,0,0,0,0,0,0,0,0
JERIAN GRANT,Panathinaikos AKTOR Athens,22,JERIAN GRANT,"KENDRICK NUNN, KOSTAS SLOUKAS, PANAGIOTIS KALAITZAKIS, TJ SHORTS",1,3.5,0,0,1,0.0,0,0,0,0,0,0,0,0,0,0,0,0,0,1,1,0,0,0.0,0.0,150.0,150.0,0.0,0.0,0.0,0,0.0,0,0,0,1,0,0,0,0,0,0,0,0,0,0,0,0,0,0
JERIAN GRANT,Panathinaikos AKTOR Athens,22,JERIAN GRANT,"CEDI OSMAN, JUANCHO HERNANGOMEZ, KENDRICK NUNN, MATHIAS LESSORT",1,3.2,0,0,1,0.0,0,0,0,0,0,0,0,1,1,1,0,0,1,1,2,2,2,2.0,29.6,118.3,164.3,-45.9,0.0,0.0,0,33.3,0,0,0,1,0,0,0,0,0,0,0,0,0,0,1,0,0,0
JERIAN GRANT,Panathinaikos AKTOR Athens,22,JERIAN GRANT,"CEDI OSMAN, KENDRICK NUNN, NIGEL HAYES-DAVIS, RICHAUN HOLMES",1,1.9,0,0,1,0.0,0,0,0,0,0,0,0,0,0,0,1,0,0,0,1,0,0,0.0,0.0,103.1,0.0,103.1,0.0,0.0,0,0.0,0,0,0,1,0,0,0,0,0,0,0,0,0,0,0,0,0,0
JERIAN GRANT,Panathinaikos AKTOR Athens,22,JERIAN GRANT,"CEDI OSMAN, NIGEL HAYES-DAVIS, PANAGIOTIS KALAITZAKIS, RICHAUN HOLMES",1,1.5,0,0,0,0,0,0,0,0,0,0,0,0,0,0,0,0,0,0,0,0,0,0.0,0.0,100.0,66.7,33.3,0,0,0,0,0,0,0,0,0,0,0,0,0,0,0,0,0,0,0,0,0,0
JERIAN GRANT,Panathinaikos AKTOR Athens,22,JERIAN GRANT,"CEDI OSMAN, JUANCHO HERNANGOMEZ, KENDRICK NUNN, NIGEL HAYES-DAVIS",1,1.3,0,0,0,0,0,0,0,0,0,0,0,0,0,1,0,0,0,0,0,2,2,2.0,103.6,103.6,208.3,-104.7,0,0,0,0.0,0,0,0,0,0,0,0,0,0,0,0,0,0,0,0,0,0,0
JUANCHO HERNANGOMEZ,Panathinaikos AKTOR Athens,41,JUANCHO HERNANGOMEZ,"CEDI OSMAN, JERIAN GRANT, KOSTAS SLOUKAS, MATHIAS LESSORT",1,4.1,0,0,0,0,0,0,0,0,0,0,0,1,1,0,0,0,0,0,0,0,0,0.0,0.0,125.6,122.1,3.5,0,0,0,0,0,0,0,0,0,0,0,0,0,0,0,0,0,0,0,0,0,0
JUANCHO HERNANGOMEZ,Panathinaikos AKTOR Athens,41,JUANCHO HERNANGOMEZ,"CEDI OSMAN, KENDRICK NUNN, MATHIAS LESSORT, TJ SHORTS",1,3.6,0,0,0,0,0,0,0,0,0,0,0,1,1,0,0,0,0,0,0,0,0,0.0,0.0,134.5,118.0,16.5,0,0,0,0,0,0,0,0,0,0,0,0,0,0,0,0,0,0,0,0,0,0
JUANCHO HERNANGOMEZ,Panathinaikos AKTOR Athens,41,JUANCHO HERNANGOMEZ,"CEDI OSMAN, JERIAN GRANT, KENDRICK NUNN, MATHIAS LESSORT",1,3.2,5,1,2,50.0,1,2,50.0,2,2,100.0,0,1,1,0,0,0,0,0,3,0,5,5.0,74.0,118.3,164.3,-45.9,75.0,86.8,0.0,0.0,0,0,0,0,0,0,2,1,50,0,0,0,0,0,0,0,0,0
JUANCHO HERNANGOMEZ,Panathinaikos AKTOR Athens,41,JUANCHO HERNANGOMEZ,"CEDI OSMAN, KENDRICK NUNN, KOSTAS SLOUKAS, MATHIAS LESSORT",1,2.9,0,0,0,0,0,0,0,0,0,0,1,0,1,1,0,0,0,0,0,2,2,2.0,45.5,136.5,163.1,-26.6,0,0,0,0.0,0,0,0,0,0,0,0,0,0,0,0,0,0,0,0,0,0,0
JUANCHO HERNANGOMEZ,Panathinaikos AKTOR Athens,41,JUANCHO HERNANGOMEZ,"CEDI OSMAN, KENDRICK NUNN, KOSTAS SLOUKAS, NIGEL HAYES-DAVIS",1,2.8,0,0,0,0,0,0,0,0,0,0,0,1,1,0,0,0,0,0,0,0,0,0.0,0.0,150.4,0.0,150.4,0,0,0,0,0,0,0,0,0,0,0,0,0,0,0,0,0,0,0,0,0,0
JUANCHO HERNANGOMEZ,Panathinaikos AKTOR Athens,41,JUANCHO HERNANGOMEZ,"CEDI OSMAN, KOSTAS SLOUKAS, RICHAUN HOLMES, TJ SHORTS",1,2.5,0,0,1,0.0,0,0,0,0,0,0,1,1,2,0,0,0,0,0,0,0,0,0.0,0.0,104.3,98.1,6.2,0.0,0.0,0,0.0,0,0,0,1,0,0,0,0,0,0,0,0,0,0,0,0,0,0
JUANCHO HERNANGOMEZ,Panathinaikos AKTOR Athens,41,JUANCHO HERNANGOMEZ,"CEDI OSMAN, JERIAN GRANT, KENDRICK NUNN, NIGEL HAYES-DAVIS",1,1.3,0,0,0,0,0,0,0,0,0,0,1,0,1,0,0,0,0,1,0,0,0,0.0,0.0,103.6,208.3,-104.7,0,0,0,0,0,0,0,0,0,0,0,0,0,0,0,0,0,0,0,0,0,0
JUANCHO HERNANGOMEZ,Panathinaikos AKTOR Athens,41,JUANCHO HERNANGOMEZ,"CEDI OSMAN, KENDRICK NUNN, RICHAUN HOLMES, TJ SHORTS",1,1.2,0,0,0,0,0,0,0,0,0,0,0,0,0,0,0,0,0,0,0,0,0,0.0,0.0,66.7,266.0,-199.3,0,0,0,0,0,0,0,0,0,0,0,0,0,0,0,0,0,0,0,0,0,0
KENDRICK NUNN,Panathinaikos AKTOR Athens,25,KENDRICK NUNN,"CEDI OSMAN, JERIAN GRANT, MATHIAS LESSORT, NIGEL HAYES-DAVIS",1,4.8,4,1,5,20.0,0,1,0.0,2,2,100.0,0,1,1,1,0,0,1,1,7,2,6,6.0,66.0,132.0,111.3,20.7,20.0,34.0,100.0,12.7,0,0,0,4,1,25,1,0,0,0,0,0,0,0,1,0,0,0
KENDRICK NUNN,Panathinaikos AKTOR Athens,25,KENDRICK NUNN,"CEDI OSMAN, JUANCHO HERNANGOMEZ, MATHIAS LESSORT, TJ SHORTS",1,3.6,5,2,4,50.0,0,1,0.0,1,1,100.0,0,0,0,0,1,0,0,0,4,0,5,5.0,74.7,134.5,118.0,16.5,50.0,56.3,0.0,0.0,0,0,0,3,2,66.7,1,0,0,0,0,0,0,0,0,0,0,0
KENDRICK NUNN,Panathinaikos AKTOR Athens,25,KENDRICK NUNN,"JERIAN GRANT, KOSTAS SLOUKAS, PANAGIOTIS KALAITZAKIS, TJ SHORTS",1,3.5,2,1,1,100.0,0,0,0,0,0,0,0,0,0,1,1,0,0,0,1,2,4,4.0,66.7,150.0,150.0,0.0,100.0,100.0,100.0,0.0,0,0,0,1,1,100,0,0,0,0,0,0,0,0,0,0,0,0
KENDRICK NUNN,Panathinaikos AKTOR Athens,25,KENDRICK NUNN,"CEDI OSMAN, JERIAN GRANT, JUANCHO HERNANGOMEZ, MATHIAS LESSORT",1,3.2,0,0,0,0,0,0,0,0,0,0,0,0,0,0,0,0,0,1,0,0,0,0.0,0.0,118.3,164.3,-45.9,0,0,0,0,0,0,0,0,0,0,0,0,0,0,0,0,0,0,0,0,0,0
KENDRICK NUNN,Panathinaikos AKTOR Athens,25,KENDRICK NUNN,"KENNETH FARIED, KOSTAS SLOUKAS, PANAGIOTIS KALAITZAKIS, TJ SHORTS",1,3.1,4,2,2,100.0,0,0,0,0,0,0,0,0,0,1,0,0,0,0,2,2,6,6.0,100.0,100.0,124.0,-24.0,100.0,100.0,50.0,0.0,0,0,0,2,2,100,0,0,0,0,0,0,0,0,0,0,0,0
KENDRICK NUNN,Panathinaikos AKTOR Athens,25,KENDRICK NUNN,"CEDI OSMAN, JUANCHO HERNANGOMEZ, KOSTAS SLOUKAS, MATHIAS LESSORT",1,2.9,2,1,3,33.3,0,1,0.0,0,0,0,0,0,0,0,0,0,0,1,3,0,2,2.0,45.5,136.5,163.1,-26.6,33.3,33.3,0.0,0.0,0,0,0,2,1,50,1,0,0,0,0,0,0,0,0,0,0,0
KENDRICK NUNN,Panathinaikos AKTOR Athens,25,KENDRICK NUNN,"CEDI OSMAN, JUANCHO HERNANGOMEZ, KOSTAS SLOUKAS, NIGEL HAYES-DAVIS",1,2.8,3,1,2,50.0,1,1,100.0,0,0,0,0,0,0,0,0,0,0,0,2,0,3,3.0,56.4,150.4,0.0,150.4,75.0,75.0,0.0,0.0,0,0,0,1,0,0,1,1,100,0,1,0,0,0,0,0,0,0
KENDRICK NUNN,Panathinaikos AKTOR Athens,25,KENDRICK NUNN,"CEDI OSMAN, KENNETH FARIED, KOSTAS SLOUKAS, TJ SHORTS",1,1.9,0,0,0,0,0,0,0,0,0,0,0,0,0,0,0,0,0,0,0,0,0,0.0,0.0,100.0,122.1,-22.1,0,0,0,0,0,0,0,0,0,0,0,0,0,0,0,0,0,0,0,0,0,0
KENDRICK NUNN,Panathinaikos AKTOR Athens,25,KENDRICK NUNN,"CEDI OSMAN, JERIAN GRANT, NIGEL HAYES-DAVIS, RICHAUN HOLMES",1,1.9,2,1,1,100.0,0,0,0,0,0,0,0,0,0,0,0,0,0,0,1,0,2,2.0,51.5,103.1,0.0,103.1,100.0,100.0,0.0,0.0,0,0,0,1,1,100,0,0,0,0,0,0,0,0,0,0,2,0
KENDRICK NUNN,Panathinaikos AKTOR Athens,25,KENDRICK NUNN,"CEDI OSMAN, JERIAN GRANT, JUANCHO HERNANGOMEZ, NIGEL HAYES-DAVIS",1,1.3,0,0,1,0.0,0,1,0.0,0,0,0,0,0,0,0,0,0,0,0,1,0,0,0.0,0.0,103.6,208.3,-104.7,0.0,0.0,0,0.0,0,0,0,0,0,0,1,0,0,0,0,0,0,0,0,0,0,0
KENDRICK NUNN,Panathinaikos AKTOR Athens,25,KENDRICK NUNN,"CEDI OSMAN, JUANCHO HERNANGOMEZ, RICHAUN HOLMES, TJ SHORTS",1,1.2,0,0,0,0,0,0,0,0,0,0,0,0,0,0,0,0,1,0,1,0,0,0.0,0.0,66.7,266.0,-199.3,0,0,0,100.0,0,0,0,0,0,0,0,0,0,0,0,0,0,0,1,0,0,0
KENNETH FARIED,Panathinaikos AKTOR Athens,35,KENNETH FARIED,"KENDRICK NUNN, KOSTAS SLOUKAS, PANAGIOTIS KALAITZAKIS, TJ SHORTS",1,3.1,2,1,1,100.0,0,0,0,0,0,0,0,0,0,0,0,0,1,2,2,0,2,2.0,33.3,100.0,124.0,-24.0,100.0,100.0,0.0,50.0,0,0,0,1,1,100,0,0,0,0,0,0,0,0,1,0,2,2
KENNETH FARIED,Panathinaikos AKTOR Athens,35,KENNETH FARIED,"CEDI OSMAN, KENDRICK NUNN, KOSTAS SLOUKAS, TJ SHORTS",1,1.9,0,0,0,0,0,0,0,0,0,0,0,0,0,1,0,0,0,0,0,2,2,2.0,100.0,100.0,122.1,-22.1,0,0,0,0.0,0,0,0,0,0,0,0,0,0,0,0,0,0,0,0,0,0,0
KOSTAS SLOUKAS,Panathinaikos AKTOR Athens,10,KOSTAS SLOUKAS,"CEDI OSMAN, JERIAN GRANT, JUANCHO HERNANGOMEZ, MATHIAS LESSORT",1,4.1,6,1,1,100.0,0,0,0,4,4,100.0,0,0,0,0,0,1,2,0,5,0,6,6.0,68.5,125.6,122.1,3.5,100.0,108.7,0.0,42.0,0,0,0,1,1,100,0,0,0,0,0,0,0,0,2,0,4,0
KOSTAS SLOUKAS,Panathinaikos AKTOR Athens,10,KOSTAS SLOUKAS,"JERIAN GRANT, KENDRICK NUNN, PANAGIOTIS KALAITZAKIS, TJ SHORTS",1,3.5,0,0,0,0,0,0,0,0,0,0,0,0,0,0,0,0,0,0,0,0,0,0.0,0.0,150.0,150.0,0.0,0,0,0,0,0,0,0,0,0,0,0,0,0,0,0,0,0,0,0,0,0,0
KOSTAS SLOUKAS,Panathinaikos AKTOR Athens,10,KOSTAS SLOUKAS,"KENDRICK NUNN, KENNETH FARIED, PANAGIOTIS KALAITZAKIS, TJ SHORTS",1,3.1,0,0,1,0.0,0,0,0,0,0,0,0,0,0,0,1,0,0,0,1,0,0,0.0,0.0,100.0,124.0,-24.0,0.0,0.0,0,0.0,0,0,0,1,0,0,0,0,0,0,0,0,0,0,0,0,0,0
KOSTAS SLOUKAS,Panathinaikos AKTOR Athens,10,KOSTAS SLOUKAS,"CEDI OSMAN, JUANCHO HERNANGOMEZ, KENDRICK NUNN, MATHIAS LESSORT",1,2.9,0,0,0,0,0,0,0,0,0,0,0,0,0,1,0,0,0,0,0,2,2,2.0,45.5,136.5,163.1,-26.6,0,0,0,0.0,0,0,0,0,0,0,0,0,0,0,0,0,0,0,0,0,0,0
KOSTAS SLOUKAS,Panathinaikos AKTOR Athens,10,KOSTAS SLOUKAS,"CEDI OSMAN, JUANCHO HERNANGOMEZ, KENDRICK NUNN, NIGEL HAYES-DAVIS",1,2.8,2,1,1,100.0,0,0,0,0,0,0,0,0,0,0,0,0,0,0,1,0,2,2.0,37.6,150.4,0.0,150.4,100.0,100.0,0.0,0.0,0,0,0,1,1,100,0,0,0,0,0,0,0,0,0,0,0,0
KOSTAS SLOUKAS,Panathinaikos AKTOR Athens,10,KOSTAS SLOUKAS,"CEDI OSMAN, JUANCHO HERNANGOMEZ, RICHAUN HOLMES, TJ SHORTS",1,2.5,0,0,1,0.0,0,0,0,0,0,0,0,0,0,0,0,0,0,1,1,0,0,0.0,0.0,104.3,98.1,6.2,0.0,0.0,0,0.0,0,0,0,1,0,0,0,0,0,0,0,0,0,0,0,0,0,0
KOSTAS SLOUKAS,Panathinaikos AKTOR Athens,10,KOSTAS SLOUKAS,"CEDI OSMAN, KENDRICK NUNN, KENNETH FARIED, TJ SHORTS",1,1.9,2,1,1,100.0,0,0,0,0,0,0,0,0,0,0,0,0,0,0,1,0,2,2.0,100.0,100.0,122.1,-22.1,100.0,100.0,0.0,0.0,0,0,0,1,1,100,0,0,0,0,0,0,0,0,0,0,0,0
MATHIAS LESSORT,Panathinaikos AKTOR Athens,26,MATHIAS LESSORT,"CEDI OSMAN, JERIAN GRANT, KENDRICK NUNN, NIGEL HAYES-DAVIS",1,4.8,1,0,2,0.0,0,0,0,1,2,50.0,2,0,2,0,0,1,0,1,1,0,1,1.0,11.0,132.0,111.3,20.7,0.0,17.4,0,0.0,0,0,0,2,0,0,0,0,0,0,0,0,0,0,0,1,0,1
MATHIAS LESSORT,Panathinaikos AKTOR Athens,26,MATHIAS LESSORT,"CEDI OSMAN, JERIAN GRANT, JUANCHO HERNANGOMEZ, KOSTAS SLOUKAS",1,4.1,2,1,2,50.0,0,0,0,0,0,0,0,1,1,0,0,0,1,0,3,0,2,2.0,22.8,125.6,122.1,3.5,50.0,50.0,0.0,33.3,0,0,0,2,1,50,0,0,0,0,0,0,0,0,1,0,2,2
MATHIAS LESSORT,Panathinaikos AKTOR Athens,26,MATHIAS LESSORT,"CEDI OSMAN, JUANCHO HERNANGOMEZ, KENDRICK NUNN, TJ SHORTS",1,3.6,0,0,0,0,0,0,0,0,0,0,0,0,0,0,0,0,0,0,0,0,0,0.0,0.0,134.5,118.0,16.5,0,0,0,0,0,0,0,0,0,0,0,0,0,0,0,0,0,0,0,0,0,0
MATHIAS LESSORT,Panathinaikos AKTOR Athens,26,MATHIAS LESSORT,"CEDI OSMAN, JERIAN GRANT, JUANCHO HERNANGOMEZ, KENDRICK NUNN",1,3.2,2,1,1,100.0,0,0,0,0,0,0,0,0,0,1,0,0,0,0,1,3,5,5.0,74.0,118.3,164.3,-45.9,100.0,100.0,100.0,0.0,0,0,0,1,1,100,0,0,0,0,0,0,0,0,0,0,0,0
MATHIAS LESSORT,Panathinaikos AKTOR Athens,26,MATHIAS LESSORT,"CEDI OSMAN, JUANCHO HERNANGOMEZ, KENDRICK NUNN, KOSTAS SLOUKAS",1,2.9,0,0,1,0.0,0,0,0,0,0,0,0,0,0,0,0,0,0,1,1,0,0,0.0,0.0,136.5,163.1,-26.6,0.0,0.0,0,0.0,0,0,0,1,0,0,0,0,0,0,0,0,0,0,0,0,0,0
NIGEL HAYES-DAVIS,Panathinaikos AKTOR Athens,11,NIGEL HAYES-DAVIS,"CEDI OSMAN, JERIAN GRANT, KENDRICK NUNN, MATHIAS LESSORT",1,4.8,0,0,0,0,0,0,0,0,0,0,1,1,2,1,0,0,0,0,0,2,2,2.0,22.0,132.0,111.3,20.7,0,0,0,0.0,0,0,0,0,0,0,0,0,0,0,0,0,0,0,0,0,0,0
NIGEL HAYES-DAVIS,Panathinaikos AKTOR Athens,11,NIGEL HAYES-DAVIS,"CEDI OSMAN, JUANCHO HERNANGOMEZ, KENDRICK NUNN, KOSTAS SLOUKAS",1,2.8,3,0,0,0,0,0,0,3,3,100.0,0,1,1,0,0,0,1,3,2,0,3,3.0,56.4,150.4,0.0,150.4,0,113.6,0,43.1,0,0,0,0,0,0,0,0,0,0,0,0,0,0,1,0,3,0
NIGEL HAYES-DAVIS,Panathinaikos AKTOR Athens,11,NIGEL HAYES-DAVIS,"CEDI OSMAN, JERIAN GRANT, KENDRICK NUNN, RICHAUN HOLMES",1,1.9,0,0,0,0,0,0,0,0,0,0,0,0,0,0,0,0,0,1,0,0,0,0.0,0.0,103.1,0.0,103.1,0,0,0,0,0,0,0,0,0,0,0,0,0,0,0,0,0,0,0,0,0,0
NIGEL HAYES-DAVIS,Panathinaikos AKTOR Athens,11,NIGEL HAYES-DAVIS,"CEDI OSMAN, JERIAN GRANT, PANAGIOTIS KALAITZAKIS, RICHAUN HOLMES",1,1.5,2,1,2,50.0,0,0,0,0,0,0,0,0,0,0,0,0,0,0,2,0,2,2.0,100.0,100.0,66.7,33.3,50.0,50.0,0.0,0.0,0,0,0,2,1,50,0,0,0,0,0,0,0,0,0,0,0,0
NIGEL HAYES-DAVIS,Panathinaikos AKTOR Athens,11,NIGEL HAYES-DAVIS,"CEDI OSMAN, JERIAN GRANT, JUANCHO HERNANGOMEZ, KENDRICK NUNN",1,1.3,2,1,1,100.0,0,0,0,0,0,0,0,0,0,0,0,0,0,1,1,0,2,2.0,103.6,103.6,208.3,-104.7,100.0,100.0,0.0,0.0,0,0,0,1,1,100,0,0,0,0,0,0,0,0,0,0,0,0
PANAGIOTIS KALAITZAKIS,Panathinaikos AKTOR Athens,5,PANAGIOTIS KALAITZAKIS,"JERIAN GRANT, KENDRICK NUNN, KOSTAS SLOUKAS, TJ SHORTS",1,3.5,0,0,0,0,0,0,0,0,0,0,0,0,0,0,0,0,0,0,0,0,0,0.0,0.0,150.0,150.0,0.0,0,0,0,0,0,0,0,0,0,0,0,0,0,0,0,0,0,0,0,0,0,0
PANAGIOTIS KALAITZAKIS,Panathinaikos AKTOR Athens,5,PANAGIOTIS KALAITZAKIS,"KENDRICK NUNN, KENNETH FARIED, KOSTAS SLOUKAS, TJ SHORTS",1,3.1,0,0,1,0.0,0,0,0,0,0,0,0,0,0,0,0,0,0,0,1,0,0,0.0,0.0,100.0,124.0,-24.0,0.0,0.0,0,0.0,0,0,0,1,0,0,0,0,0,0,0,0,0,0,0,0,0,0
PANAGIOTIS KALAITZAKIS,Panathinaikos AKTOR Athens,5,PANAGIOTIS KALAITZAKIS,"CEDI OSMAN, JERIAN GRANT, NIGEL HAYES-DAVIS, RICHAUN HOLMES",1,1.5,0,0,0,0,0,0,0,0,0,0,0,1,1,0,0,0,0,0,0,0,0,0.0,0.0,100.0,66.7,33.3,0,0,0,0,0,0,0,0,0,0,0,0,0,0,0,0,0,0,0,0,0,0
RICHAUN HOLMES,Panathinaikos AKTOR Athens,8,RICHAUN HOLMES,"CEDI OSMAN, JUANCHO HERNANGOMEZ, KOSTAS SLOUKAS, TJ SHORTS",1,2.5,2,1,2,50.0,0,0,0,0,0,0,1,1,2,0,0,0,0,0,1,0,2,2.0,52.2,104.3,98.1,6.2,50.0,50.0,0.0,0.0,0,0,0,2,1,50,0,0,0,0,0,0,0,0,0,2,0,0
RICHAUN HOLMES,Panathinaikos AKTOR Athens,8,RICHAUN HOLMES,"CEDI OSMAN, JERIAN GRANT, KENDRICK NUNN, NIGEL HAYES-DAVIS",1,1.9,0,0,1,0.0,0,0,0,0,0,0,0,0,0,0,0,0,0,0,1,0,0,0.0,0.0,103.1,0.0,103.1,0.0,0.0,0,0.0,0,0,0,1,0,0,0,0,0,0,0,0,0,0,0,0,0,0
RICHAUN HOLMES,Panathinaikos AKTOR Athens,8,RICHAUN HOLMES,"CEDI OSMAN, JERIAN GRANT, NIGEL HAYES-DAVIS, PANAGIOTIS KALAITZAKIS",1,1.5,0,0,0,0,0,0,0,0,0,0,0,0,0,0,0,0,0,0,0,0,0,0.0,0.0,100.0,66.7,33.3,0,0,0,0,0,0,0,0,0,0,0,0,0,0,0,0,0,0,0,0,0,0
RICHAUN HOLMES,Panathinaikos AKTOR Athens,8,RICHAUN HOLMES,"CEDI OSMAN, JUANCHO HERNANGOMEZ, KENDRICK NUNN, TJ SHORTS",1,1.2,0,0,0,0,0,0,0,0,0,0,0,0,0,0,0,0,0,0,0,0,0,0.0,0.0,66.7,266.0,-199.3,0,0,0,0,0,0,0,0,0,0,0,0,0,0,0,0,0,0,0,0,0,0
TJ SHORTS,Panathinaikos AKTOR Athens,0,TJ SHORTS,"CEDI OSMAN, JUANCHO HERNANGOMEZ, KENDRICK NUNN, MATHIAS LESSORT",1,3.6,0,0,1,0.0,0,0,0,0,0,0,0,0,0,1,0,0,0,0,1,2,2,2.0,29.9,134.5,118.0,16.5,0.0,0.0,0,0.0,0,0,0,1,0,0,0,0,0,0,0,0,0,0,0,0,0,0
TJ SHORTS,Panathinaikos AKTOR Athens,0,TJ SHORTS,"JERIAN GRANT, KENDRICK NUNN, KOSTAS SLOUKAS, PANAGIOTIS KALAITZAKIS",1,3.5,0,0,0,0,0,0,0,0,0,0,0,0,0,0,0,0,0,0,0,0,0,0.0,0.0,150.0,150.0,0.0,0,0,0,0,0,0,0,0,0,0,0,0,0,0,0,0,0,0,0,0,0,0
TJ SHORTS,Panathinaikos AKTOR Athens,0,TJ SHORTS,"KENDRICK NUNN, KENNETH FARIED, KOSTAS SLOUKAS, PANAGIOTIS KALAITZAKIS",1,3.1,0,0,0,0,0,0,0,0,0,0,0,0,0,0,0,0,0,0,0,0,0,0.0,0.0,100.0,124.0,-24.0,0,0,0,0,0,0,0,0,0,0,0,0,0,0,0,0,0,0,0,0,0,0
TJ SHORTS,Panathinaikos AKTOR Athens,0,TJ SHORTS,"CEDI OSMAN, JUANCHO HERNANGOMEZ, KOSTAS SLOUKAS, RICHAUN HOLMES",1,2.5,2,1,1,100.0,0,0,0,0,1,0.0,0,0,0,0,0,0,0,0,1,0,2,2.0,52.2,104.3,98.1,6.2,100.0,69.4,0.0,0.0,0,0,0,1,1,100,0,0,0,0,0,0,0,0,0,0,0,0
TJ SHORTS,Panathinaikos AKTOR Athens,0,TJ SHORTS,"CEDI OSMAN, KENDRICK NUNN, KENNETH FARIED, KOSTAS SLOUKAS",1,1.9,0,0,0,0,0,0,0,0,0,0,0,0,0,0,0,0,0,0,0,0,0,0.0,0.0,100.0,122.1,-22.1,0,0,0,0,0,0,0,0,0,0,0,0,0,0,0,0,0,0,0,0,0,0
TJ SHORTS,Panathinaikos AKTOR Athens,0,TJ SHORTS,"CEDI OSMAN, JUANCHO HERNANGOMEZ, KENDRICK NUNN, RICHAUN HOLMES",1,1.2,2,1,2,50.0,0,0,0,0,0,0,0,0,0,0,0,0,0,1,2,0,2,2.0,66.7,66.7,266.0,-199.3,50.0,50.0,0.0,0.0,0,0,0,2,1,50,0,0,0,0,0,0,0,0,0,0,0,0
ALLAN DOKOSSI,Paris Basketball,13,ALLAN DOKOSSI,"JARED RHODEN, JOEL AYAYI, JUSTIN ROBINSON, LEOPOLD CAVALIERE, SEBASTIAN HERRERA",1,10.6,8,4,4,100.0,0,0,0,0,0,0,1,1,2,0,0,1,0,1,3,0,8,8.0,47.1,135.3,120.9,14.5,100.0,100.0,0.0,0.0,0,0,0,4,4,100,0,0,0,0,0,0,0,0,0,0,4,0
ALLAN DOKOSSI,Paris Basketball,13,ALLAN DOKOSSI,"AMATH M'BAYE, JARED RHODEN, JOEL AYAYI, JUSTIN ROBINSON, YAKUBA OUATTARA",1,4.2,4,2,2,100.0,0,0,0,0,0,0,0,1,1,1,1,0,1,1,3,2,6,6.0,58.1,106.6,90.9,15.7,100.0,100.0,50.0,25.0,0,0,0,2,2,100,0,0,0,0,0,0,0,0,1,0,4,2
ALLAN DOKOSSI,Paris Basketball,13,ALLAN DOKOSSI,"AMATH M'BAYE, JARED RHODEN, JOEL AYAYI, JUSTIN ROBINSON, SEBASTIAN HERRERA",1,1.5,0,0,0,0,0,0,0,0,0,0,0,0,0,0,0,0,0,0,0,0,0,0.0,0.0,277.8,212.8,65.0,0,0,0,0,0,0,0,0,0,0,0,0,0,0,0,0,0,0,0,0,0,0
ALLAN DOKOSSI,Paris Basketball,13,ALLAN DOKOSSI,"JEREMY MORGAN, JOEL AYAYI, JUSTIN ROBINSON, LAMAR STEVENS, LEOPOLD CAVALIERE",1,1.5,0,0,0,0,0,0,0,0,2,0.0,0,0,0,0,0,0,0,1,1,0,0,0.0,0.0,215.5,123.0,92.6,0,0.0,0,0.0,0,0,0,0,0,0,0,0,0,0,0,0,0,0,0,0,0,0
ALLAN DOKOSSI,Paris Basketball,13,ALLAN DOKOSSI,"AMATH M'BAYE, JARED RHODEN, JOEL AYAYI, JUSTIN ROBINSON, LEOPOLD CAVALIERE, YAKUBA OUATTARA",1,1.1,0,0,0,0,0,0,0,0,0,0,0,0,0,0,0,0,0,0,0,0,0,0.0,0.0,0.0,0,0.0,0,0,0,0,0,0,0,0,0,0,0,0,0,0,0,0,0,0,0,0,0,0
AMATH M'BAYE,Paris Basketball,22,AMATH M'BAYE,"ALLAN DOKOSSI, JARED RHODEN, JOEL AYAYI, JUSTIN ROBINSON, YAKUBA OUATTARA",1,4.2,6,2,3,66.7,1,2,50.0,1,2,50.0,0,1,1,0,0,0,0,1,4,0,6,6.0,58.1,106.6,90.9,15.7,83.3,77.3,0.0,0.0,0,0,0,1,1,100,2,1,50,0,0,0,0,0,0,0,1,0
AMATH M'BAYE,Paris Basketball,22,AMATH M'BAYE,"JEREMY MORGAN, JOEL AYAYI, LAMAR STEVENS, MOUHAMED FAYE, NADIR HIFI",1,2.8,0,0,0,0,0,0,0,0,0,0,0,0,0,1,0,0,0,0,0,3,3,3.0,51.0,136.1,183.8,-47.8,0,0,0,0.0,0,0,0,0,0,0,0,0,0,0,0,0,0,0,0,0,0,0
AMATH M'BAYE,Paris Basketball,22,AMATH M'BAYE,"ALLAN DOKOSSI, JARED RHODEN, JOEL AYAYI, JUSTIN ROBINSON, SEBASTIAN HERRERA",1,1.5,0,0,0,0,0,0,0,0,0,0,0,0,0,0,0,0,0,0,0,0,0,0.0,0.0,277.8,212.8,65.0,0,0,0,0,0,0,0,0,0,0,0,0,0,0,0,0,0,0,0,0,0,0
AMATH M'BAYE,Paris Basketball,22,AMATH M'BAYE,"JARED RHODEN, JOEL AYAYI, MOUHAMED FAYE, NADIR HIFI, YAKUBA OUATTARA",1,1.3,3,1,1,100.0,1,1,100.0,0,0,0,0,0,0,0,0,0,0,0,1,0,3,3.0,75.0,75.0,100.0,-25.0,150.0,150.0,0.0,0.0,0,0,0,0,0,0,1,1,100,0,0,0,0,0,0,0,0,3
AMATH M'BAYE,Paris Basketball,22,AMATH M'BAYE,"ALLAN DOKOSSI, JARED RHODEN, JOEL AYAYI, JUSTIN ROBINSON, LEOPOLD CAVALIERE, YAKUBA OUATTARA",1,1.1,0,0,0,0,0,0,0,0,0,0,0,0,0,0,0,0,0,0,0,0,0,0.0,0.0,0.0,0,0.0,0,0,0,0,0,0,0,0,0,0,0,0,0,0,0,0,0,0,0,0,0,0
DEREK WILLIS,Paris Basketball,35,DEREK WILLIS,"JEREMY MORGAN, JOEL AYAYI, LAMAR STEVENS, MOUHAMED FAYE, NADIR HIFI",1,12.3,2,0,0,0,0,0,0,2,2,100.0,2,1,3,1,0,0,1,2,0,3,5,5.0,21.6,95.1,94.8,0.3,0,113.6,0,34.7,0,0,0,0,0,0,0,0,0,0,0,0,0,0,1,0,2,2
JARED RHODEN,Paris Basketball,8,JARED RHODEN,"ALLAN DOKOSSI, JOEL AYAYI, JUSTIN ROBINSON, LEOPOLD CAVALIERE, SEBASTIAN HERRERA",1,10.6,0,0,3,0.0,0,1,0.0,0,0,0,0,1,1,0,0,1,0,3,3,0,0,0.0,0.0,135.3,120.9,14.5,0.0,0.0,0,0.0,0,0,0,2,0,0,1,0,0,0,0,0,0,0,0,0,0,0
JARED RHODEN,Paris Basketball,8,JARED RHODEN,"ALLAN DOKOSSI, AMATH M'BAYE, JOEL AYAYI, JUSTIN ROBINSON, YAKUBA OUATTARA",1,4.2,0,0,1,0.0,0,0,0,0,0,0,0,1,1,1,0,0,0,0,1,2,2,2.0,19.4,106.6,90.9,15.7,0.0,0.0,0,0.0,0,0,0,1,0,0,0,0,0,0,0,0,0,0,0,0,0,0
JARED RHODEN,Paris Basketball,8,JARED RHODEN,"JOEL AYAYI, JUSTIN ROBINSON, NADIR HIFI, SEBASTIAN HERRERA",1,2.8,2,0,1,0.0,0,1,0.0,2,2,100.0,0,0,0,0,0,0,0,0,2,0,2,2.0,41.6,104.0,133.3,-29.4,0.0,53.2,0,0.0,0,0,0,0,0,0,1,0,0,0,0,0,0,0,0,0,0,0
JARED RHODEN,Paris Basketball,8,JARED RHODEN,"ALLAN DOKOSSI, AMATH M'BAYE, JOEL AYAYI, JUSTIN ROBINSON, SEBASTIAN HERRERA",1,1.5,0,0,0,0,0,0,0,0,0,0,0,0,0,0,0,0,0,0,0,0,0,0.0,0.0,277.8,212.8,65.0,0,0,0,0,0,0,0,0,0,0,0,0,0,0,0,0,0,0,0,0,0,0
JARED RHODEN,Paris Basketball,8,JARED RHODEN,"AMATH M'BAYE, JOEL AYAYI, MOUHAMED FAYE, NADIR HIFI, YAKUBA OUATTARA",1,1.3,0,0,2,0.0,0,2,0.0,0,0,0,0,0,0,0,0,0,0,0,2,0,0,0.0,0.0,75.0,100.0,-25.0,0.0,0.0,0,0.0,0,0,0,0,0,0,2,0,0,0,0,0,0,0,0,0,0,0
JARED RHODEN,Paris Basketball,8,JARED RHODEN,"ALLAN DOKOSSI, AMATH M'BAYE, JOEL AYAYI, JUSTIN ROBINSON, LEOPOLD CAVALIERE, YAKUBA OUATTARA",1,1.1,0,0,0,0,0,0,0,0,0,0,0,0,0,0,0,0,0,0,0,0,0,0.0,0.0,0.0,0,0.0,0,0,0,0,0,0,0,0,0,0,0,0,0,0,0,0,0,0,0,0,0,0
JEREMY MORGAN,Paris Basketball,20,JEREMY MORGAN,"DEREK WILLIS, JOEL AYAYI, LAMAR STEVENS, MOUHAMED FAYE, NADIR HIFI",1,12.3,4,1,2,50.0,1,2,50.0,1,2,50.0,1,1,2,2,2,0,1,3,3,3,7,7.0,30.2,95.1,94.8,0.3,75.0,69.4,200.0,17.0,0,0,0,0,0,0,2,1,50,0,0,0,0,0,1,0,0,1
JEREMY MORGAN,Paris Basketball,20,JEREMY MORGAN,"AMATH M'BAYE, JOEL AYAYI, LAMAR STEVENS, MOUHAMED FAYE, NADIR HIFI",1,2.8,0,0,1,0.0,0,1,0.0,0,0,0,0,1,1,1,0,0,0,0,1,2,2,2.0,34.0,136.1,183.8,-47.8,0.0,0.0,0,0.0,0,0,0,0,0,0,1,0,0,0,0,0,0,0,0,0,0,0
JEREMY MORGAN,Paris Basketball,20,JEREMY MORGAN,"ALLAN DOKOSSI, JOEL AYAYI, JUSTIN ROBINSON, LAMAR STEVENS, LEOPOLD CAVALIERE",1,1.5,0,0,0,0,0,0,0,0,0,0,0,0,0,1,0,0,0,0,0,3,3,3.0,64.7,215.5,123.0,92.6,0,0,0,0.0,0,0,0,0,0,0,0,0,0,0,0,0,0,0,0,0,0,0
JOEL AYAYI,Paris Basketball,11,JOEL AYAYI,"DEREK WILLIS, JEREMY MORGAN, LAMAR STEVENS, MOUHAMED FAYE, NADIR HIFI",1,12.3,0,0,0,0,0,0,0,0,0,0,0,0,0,0,0,0,0,0,0,0,0,0.0,0.0,95.1,94.8,0.3,0,0,0,0,0,0,0,0,0,0,0,0,0,0,0,0,0,0,0,0,0,0
JOEL AYAYI,Paris Basketball,11,JOEL AYAYI,"ALLAN DOKOSSI, JARED RHODEN, JUSTIN ROBINSON, LEOPOLD CAVALIERE, SEBASTIAN HERRERA",1,10.6,0,0,0,0,0,0,0,0,0,0,0,0,0,0,0,0,0,0,0,0,0,0.0,0.0,135.3,120.9,14.5,0,0,0,0,0,0,0,0,0,0,0,0,0,0,0,0,0,0,0,0,0,0
JOEL AYAYI,Paris Basketball,11,JOEL AYAYI,"ALLAN DOKOSSI, AMATH M'BAYE, JARED RHODEN, JUSTIN ROBINSON, YAKUBA OUATTARA",1,4.2,0,0,0,0,0,0,0,0,0,0,0,0,0,0,0,0,0,0,0,0,0,0.0,0.0,106.6,90.9,15.7,0,0,0,0,0,0,0,0,0,0,0,0,0,0,0,0,0,0,0,0,0,0
JOEL AYAYI,Paris Basketball,11,JOEL AYAYI,"JARED RHODEN, JUSTIN ROBINSON, NADIR HIFI, SEBASTIAN HERRERA",1,2.8,0,0,0,0,0,0,0,0,0,0,0,0,0,0,0,0,0,0,0,0,0,0.0,0.0,104.0,133.3,-29.4,0,0,0,0,0,0,0,0,0,0,0,0,0,0,0,0,0,0,0,0,0,0
JOEL AYAYI,Paris Basketball,11,JOEL AYAYI,"AMATH M'BAYE, JEREMY MORGAN, LAMAR STEVENS, MOUHAMED FAYE, NADIR HIFI",1,2.8,0,0,0,0,0,0,0,0,0,0,0,0,0,0,0,0,0,0,0,0,0,0.0,0.0,136.1,183.8,-47.8,0,0,0,0,0,0,0,0,0,0,0,0,0,0,0,0,0,0,0,0,0,0
JOEL AYAYI,Paris Basketball,11,JOEL AYAYI,"ALLAN DOKOSSI, AMATH M'BAYE, JARED RHODEN, JUSTIN ROBINSON, SEBASTIAN HERRERA",1,1.5,0,0,0,0,0,0,0,0,0,0,0,0,0,0,0,0,0,0,0,0,0,0.0,0.0,277.8,212.8,65.0,0,0,0,0,0,0,0,0,0,0,0,0,0,0,0,0,0,0,0,0,0,0
JOEL AYAYI,Paris Basketball,11,JOEL AYAYI,"ALLAN DOKOSSI, JEREMY MORGAN, JUSTIN ROBINSON, LAMAR STEVENS, LEOPOLD CAVALIERE",1,1.5,0,0,0,0,0,0,0,0,0,0,0,0,0,0,0,0,0,0,0,0,0,0.0,0.0,215.5,123.0,92.6,0,0,0,0,0,0,0,0,0,0,0,0,0,0,0,0,0,0,0,0,0,0
JOEL AYAYI,Paris Basketball,11,JOEL AYAYI,"AMATH M'BAYE, JARED RHODEN, MOUHAMED FAYE, NADIR HIFI, YAKUBA OUATTARA",1,1.3,0,0,0,0,0,0,0,0,0,0,0,0,0,0,0,0,0,0,0,0,0,0.0,0.0,75.0,100.0,-25.0,0,0,0,0,0,0,0,0,0,0,0,0,0,0,0,0,0,0,0,0,0,0
JOEL AYAYI,Paris Basketball,11,JOEL AYAYI,"ALLAN DOKOSSI, AMATH M'BAYE, JARED RHODEN, JUSTIN ROBINSON, LEOPOLD CAVALIERE, YAKUBA OUATTARA",1,1.1,0,0,0,0,0,0,0,0,0,0,0,0,0,0,0,0,0,0,0,0,0,0.0,0.0,0.0,0,0.0,0,0,0,0,0,0,0,0,0,0,0,0,0,0,0,0,0,0,0,0,0,0
JUSTIN ROBINSON,Paris Basketball,5,JUSTIN ROBINSON,"ALLAN DOKOSSI, JARED RHODEN, JOEL AYAYI, LEOPOLD CAVALIERE, SEBASTIAN HERRERA",1,10.6,9,4,7,57.1,0,3,0.0,1,1,100.0,1,3,4,4,0,0,1,0,7,9,18,18.0,105.9,135.3,120.9,14.5,57.1,60.5,100.0,8.0,0,0,0,4,4,100,3,0,0,0,0,0,0,0,1,2,4,0
JUSTIN ROBINSON,Paris Basketball,5,JUSTIN ROBINSON,"ALLAN DOKOSSI, AMATH M'BAYE, JARED RHODEN, JOEL AYAYI, YAKUBA OUATTARA",1,4.2,1,0,2,0.0,0,1,0.0,1,1,100.0,0,0,0,1,0,0,0,0,2,3,4,4.0,38.8,106.6,90.9,15.7,0.0,20.5,0,0.0,0,0,0,1,0,0,1,0,0,0,0,0,0,0,0,0,1,1
JUSTIN ROBINSON,Paris Basketball,5,JUSTIN ROBINSON,"JARED RHODEN, JOEL AYAYI, NADIR HIFI, SEBASTIAN HERRERA",1,2.8,0,0,1,0.0,0,1,0.0,0,0,0,0,1,1,0,0,0,0,0,1,0,0,0.0,0.0,104.0,133.3,-29.4,0.0,0.0,0,0.0,0,0,0,0,0,0,1,0,0,0,0,0,0,0,0,0,0,0
JUSTIN ROBINSON,Paris Basketball,5,JUSTIN ROBINSON,"ALLAN DOKOSSI, AMATH M'BAYE, JARED RHODEN, JOEL AYAYI, SEBASTIAN HERRERA",1,1.5,5,1,1,100.0,1,1,100.0,2,2,100.0,0,0,0,1,0,0,0,1,2,3,8,8.0,277.8,277.8,212.8,65.0,150.0,133.0,100.0,0.0,0,0,0,0,0,0,1,1,100,0,1,0,0,0,0,0,2,0
JUSTIN ROBINSON,Paris Basketball,5,JUSTIN ROBINSON,"ALLAN DOKOSSI, JEREMY MORGAN, JOEL AYAYI, LAMAR STEVENS, LEOPOLD CAVALIERE",1,1.5,10,2,2,100.0,2,2,100.0,4,4,100.0,0,1,1,0,0,0,0,0,4,0,10,10.0,215.5,215.5,123.0,92.6,150.0,133.0,0.0,0.0,0,0,0,0,0,0,2,2,100,0,1,0,0,0,0,0,2,0
JUSTIN ROBINSON,Paris Basketball,5,JUSTIN ROBINSON,"ALLAN DOKOSSI, AMATH M'BAYE, JARED RHODEN, JOEL AYAYI, LEOPOLD CAVALIERE, YAKUBA OUATTARA",1,1.1,0,0,0,0,0,0,0,0,0,0,0,0,0,0,0,0,0,0,0,0,0,0.0,0.0,0.0,0,0.0,0,0,0,0,0,0,0,0,0,0,0,0,0,0,0,0,0,0,0,0,0,0
LAMAR STEVENS,Paris Basketball,9,LAMAR STEVENS,"DEREK WILLIS, JEREMY MORGAN, JOEL AYAYI, MOUHAMED FAYE, NADIR HIFI",1,12.3,10,3,6,50.0,2,3,66.7,2,3,66.7,1,1,2,1,2,0,0,1,6,2,12,12.0,51.9,95.1,94.8,0.3,66.7,68.3,33.3,0.0,0,0,0,3,1,33.3,3,2,66.7,0,0,0,0,0,0,1,3,4
LAMAR STEVENS,Paris Basketball,9,LAMAR STEVENS,"AMATH M'BAYE, JEREMY MORGAN, JOEL AYAYI, MOUHAMED FAYE, NADIR HIFI",1,2.8,1,0,1,0.0,0,1,0.0,1,2,50.0,0,0,0,0,0,0,0,0,2,0,1,1.0,17.0,136.1,183.8,-47.8,0.0,26.6,0,0.0,0,0,0,0,0,0,1,0,0,0,0,0,0,0,0,0,0,0
LAMAR STEVENS,Paris Basketball,9,LAMAR STEVENS,"ALLAN DOKOSSI, JEREMY MORGAN, JOEL AYAYI, JUSTIN ROBINSON, LEOPOLD CAVALIERE",1,1.5,0,0,0,0,0,0,0,0,0,0,0,0,0,0,0,0,0,0,0,0,0,0.0,0.0,215.5,123.0,92.6,0,0,0,0,0,0,0,0,0,0,0,0,0,0,0,0,0,0,0,0,0,0
LEOPOLD CAVALIERE,Paris Basketball,4,LEOPOLD CAVALIERE,"ALLAN DOKOSSI, JARED RHODEN, JOEL AYAYI, JUSTIN ROBINSON, SEBASTIAN HERRERA",1,10.6,3,1,2,50.0,0,0,0,1,1,100.0,3,4,7,1,0,0,0,0,0,2,5,5.0,29.4,135.3,120.9,14.5,50.0,61.5,100.0,0.0,0,0,0,2,1,50,0,0,0,0,0,0,0,0,0,0,0,0
LEOPOLD CAVALIERE,Paris Basketball,4,LEOPOLD CAVALIERE,"ALLAN DOKOSSI, JEREMY MORGAN, JOEL AYAYI, JUSTIN ROBINSON, LAMAR STEVENS",1,1.5,0,0,0,0,0,0,0,0,0,0,0,0,0,0,0,0,0,0,0,0,0,0.0,0.0,215.5,123.0,92.6,0,0,0,0,0,0,0,0,0,0,0,0,0,0,0,0,0,0,0,0,0,0
LEOPOLD CAVALIERE,Paris Basketball,4,LEOPOLD CAVALIERE,"ALLAN DOKOSSI, AMATH M'BAYE, JARED RHODEN, JOEL AYAYI, JUSTIN ROBINSON, YAKUBA OUATTARA",1,1.1,0,0,0,0,0,0,0,0,0,0,0,0,0,0,0,0,0,0,0,0,0,0.0,0.0,0.0,0,0.0,0,0,0,0,0,0,0,0,0,0,0,0,0,0,0,0,0,0,0,0,0,0
MOUHAMED FAYE,Paris Basketball,15,MOUHAMED FAYE,"DEREK WILLIS, JEREMY MORGAN, JOEL AYAYI, LAMAR STEVENS, NADIR HIFI",1,12.3,4,2,2,100.0,0,0,0,0,0,0,1,1,2,0,1,1,0,2,1,0,4,4.0,17.3,95.1,94.8,0.3,100.0,100.0,0.0,0.0,0,0,0,2,2,100,0,0,0,0,0,0,0,0,0,4,0,2
MOUHAMED FAYE,Paris Basketball,15,MOUHAMED FAYE,"AMATH M'BAYE, JEREMY MORGAN, JOEL AYAYI, LAMAR STEVENS, NADIR HIFI",1,2.8,2,1,1,100.0,0,0,0,0,0,0,0,0,0,0,0,0,0,0,1,0,2,2.0,34.0,136.1,183.8,-47.8,100.0,100.0,0.0,0.0,0,0,0,1,1,100,0,0,0,0,0,0,0,0,0,0,0,0
MOUHAMED FAYE,Paris Basketball,15,MOUHAMED FAYE,"AMATH M'BAYE, JARED RHODEN, JOEL AYAYI, NADIR HIFI, YAKUBA OUATTARA",1,1.3,0,0,0,0,0,0,0,0,0,0,0,0,0,0,0,0,0,0,0,0,0,0.0,0.0,75.0,100.0,-25.0,0,0,0,0,0,0,0,0,0,0,0,0,0,0,0,0,0,0,0,0,0,0
NADIR HIFI,Paris Basketball,2,NADIR HIFI,"DEREK WILLIS, JEREMY MORGAN, JOEL AYAYI, LAMAR STEVENS, MOUHAMED FAYE",1,12.3,2,1,9,11.1,0,4,0.0,0,0,0,0,0,0,1,0,0,4,2,12,3,5,5.0,21.6,95.1,94.8,0.3,11.1,11.1,100.0,28.6,0,0,0,5,1,20,4,0,0,0,0,0,0,0,4,2,0,2
NADIR HIFI,Paris Basketball,2,NADIR HIFI,"JARED RHODEN, JOEL AYAYI, JUSTIN ROBINSON, SEBASTIAN HERRERA",1,2.8,0,0,0,0,0,0,0,0,0,0,0,0,0,0,0,0,0,0,0,0,0,0.0,0.0,104.0,133.3,-29.4,0,0,0,0,0,0,0,0,0,0,0,0,0,0,0,0,0,0,0,0,0,0
NADIR HIFI,Paris Basketball,2,NADIR HIFI,"AMATH M'BAYE, JEREMY MORGAN, JOEL AYAYI, LAMAR STEVENS, MOUHAMED FAYE",1,2.8,5,2,2,100.0,1,1,100.0,0,0,0,0,1,1,0,0,0,0,0,2,0,5,5.0,85.0,136.1,183.8,-47.8,125.0,125.0,0.0,0.0,0,0,0,1,1,100,1,1,100,0,0,0,0,0,0,0,0,0
NADIR HIFI,Paris Basketball,2,NADIR HIFI,"AMATH M'BAYE, JARED RHODEN, JOEL AYAYI, MOUHAMED FAYE, YAKUBA OUATTARA",1,1.3,0,0,0,0,0,0,0,0,0,0,0,0,0,1,0,0,0,0,0,3,3,3.0,75.0,75.0,100.0,-25.0,0,0,0,0.0,0,0,0,0,0,0,0,0,0,0,0,0,0,0,0,0,0,0
SEBASTIAN HERRERA,Paris Basketball,7,SEBASTIAN HERRERA,"ALLAN DOKOSSI, JARED RHODEN, JOEL AYAYI, JUSTIN ROBINSON, LEOPOLD CAVALIERE",1,10.6,3,1,5,20.0,1,4,25.0,0,0,0,0,0,0,1,0,0,0,2,5,2,5,5.0,29.4,135.3,120.9,14.5,30.0,30.0,100.0,0.0,0,0,0,1,0,0,4,1,25,0,0,0,0,0,0,0,0,0
SEBASTIAN HERRERA,Paris Basketball,7,SEBASTIAN HERRERA,"JARED RHODEN, JOEL AYAYI, JUSTIN ROBINSON, NADIR HIFI",1,2.8,3,1,2,50.0,1,2,50.0,0,0,0,0,1,1,0,0,0,0,0,2,0,3,3.0,62.4,104.0,133.3,-29.4,75.0,75.0,0.0,0.0,0,0,0,0,0,0,2,1,50,0,0,0,0,0,0,0,0,0
SEBASTIAN HERRERA,Paris Basketball,7,SEBASTIAN HERRERA,"ALLAN DOKOSSI, AMATH M'BAYE, JARED RHODEN, JOEL AYAYI, JUSTIN ROBINSON",1,1.5,3,1,1,100.0,1,1,100.0,0,0,0,0,0,0,0,0,0,0,0,1,0,3,3.0,104.2,277.8,212.8,65.0,150.0,150.0,0.0,0.0,0,0,0,0,0,0,1,1,100,0,0,0,0,0,0,0,0,0
YAKUBA OUATTARA,Paris Basketball,24,YAKUBA OUATTARA,"ALLAN DOKOSSI, AMATH M'BAYE, JARED RHODEN, JOEL AYAYI, JUSTIN ROBINSON",1,4.2,0,0,0,0,0,0,0,0,0,0,0,0,0,0,0,0,0,0,0,0,0,0.0,0.0,106.6,90.9,15.7,0,0,0,0,0,0,0,0,0,0,0,0,0,0,0,0,0,0,0,0,0,0
YAKUBA OUATTARA,Paris Basketball,24,YAKUBA OUATTARA,"AMATH M'BAYE, JARED RHODEN, JOEL AYAYI, MOUHAMED FAYE, NADIR HIFI",1,1.3,0,0,1,0.0,0,0,0,0,0,0,0,0,0,0,1,0,0,0,1,0,0,0.0,0.0,75.0,100.0,-25.0,0.0,0.0,0,0.0,0,0,0,1,0,0,0,0,0,0,0,0,0,0,0,0,0,0
YAKUBA OUATTARA,Paris Basketball,24,YAKUBA OUATTARA,"ALLAN DOKOSSI, AMATH M'BAYE, JARED RHODEN, JOEL AYAYI, JUSTIN ROBINSON, LEOPOLD CAVALIERE",1,1.1,0,0,0,0,0,0,0,0,0,0,0,0,0,0,0,0,0,0,0,0,0,0.0,0.0,0.0,0,0.0,0,0,0,0,0,0,0,0,0,0,0,0,0,0,0,0,0,0,0,0,0,0
ALEKSEJ POKUSEVSKI,Partizan Mozzart Bet Belgrade,11,ALEKSEJ POKUSEVSKI,"ARIJAN LAKIC, BRUNO FERNANDO, DUANE WASHINGTON, MITAR BOSNJAKOVIC, NICK CALATHES, SHAKE MILTON",1,4.2,0,0,0,0,0,0,0,0,0,0,0,1,1,0,0,1,0,2,0,0,0,0.0,0.0,37.4,76.1,-38.8,0,0,0,0,0,0,0,0,0,0,0,0,0,0,0,0,0,0,0,0,0,0
ALEKSEJ POKUSEVSKI,Partizan Mozzart Bet Belgrade,11,ALEKSEJ POKUSEVSKI,"CARLIK JONES, DUANE WASHINGTON, ISAAC BONGA, MITAR BOSNJAKOVIC, SHAKE MILTON, TONYE JEKIRI",1,2.4,2,1,2,50.0,0,1,0.0,0,0,0,0,0,0,0,1,0,0,0,2,0,2,2.0,50.0,50.0,41.0,9.0,50.0,50.0,0.0,0.0,0,0,0,1,1,100,1,0,0,0,0,0,0,0,0,0,2,2
ALEKSEJ POKUSEVSKI,Partizan Mozzart Bet Belgrade,11,ALEKSEJ POKUSEVSKI,"BRUNO FERNANDO, CARLIK JONES, DUANE WASHINGTON, MITAR BOSNJAKOVIC, NICK CALATHES, SHAKE MILTON",1,1.4,0,0,0,0,0,0,0,0,0,0,0,1,1,0,0,0,0,0,0,0,0,0.0,0.0,150.0,147.3,2.7,0,0,0,0,0,0,0,0,0,0,0,0,0,0,0,0,0,0,0,0,0,0
ALEKSEJ POKUSEVSKI,Partizan Mozzart Bet Belgrade,11,ALEKSEJ POKUSEVSKI,"BRUNO FERNANDO, DUANE WASHINGTON, ISAAC BONGA, MITAR BOSNJAKOVIC, NICK CALATHES, SHAKE MILTON",1,1.4,0,0,1,0.0,0,1,0.0,0,0,0,0,0,0,0,0,0,0,0,1,0,0,0.0,0.0,87.2,200.0,-112.8,0.0,0.0,0,0.0,0,0,0,0,0,0,1,0,0,0,0,0,0,0,0,0,0,0
ALEKSEJ POKUSEVSKI,Partizan Mozzart Bet Belgrade,11,ALEKSEJ POKUSEVSKI,"BRUNO FERNANDO, DUANE WASHINGTON, MITAR BOSNJAKOVIC, NICK CALATHES, SHAKE MILTON, STERLING BROWN",1,1.2,0,0,0,0,0,0,0,0,0,0,0,0,0,0,0,0,0,0,0,0,0,0.0,0.0,166.7,155.4,11.2,0,0,0,0,0,0,0,0,0,0,0,0,0,0,0,0,0,0,0,0,0,0
ALEKSEJ POKUSEVSKI,Partizan Mozzart Bet Belgrade,11,ALEKSEJ POKUSEVSKI,"CARLIK JONES, DUANE WASHINGTON, ISAAC BONGA, MITAR BOSNJAKOVIC, STERLING BROWN, TONYE JEKIRI",1,1.1,0,0,0,0,0,0,0,0,0,0,0,0,0,0,0,0,0,0,0,0,0,0.0,0.0,103.6,34.7,68.9,0,0,0,0,0,0,0,0,0,0,0,0,0,0,0,0,0,0,0,0,0,0
ARIJAN LAKIC,Partizan Mozzart Bet Belgrade,19,ARIJAN LAKIC,"ALEKSEJ POKUSEVSKI, BRUNO FERNANDO, DUANE WASHINGTON, MITAR BOSNJAKOVIC, NICK CALATHES, SHAKE MILTON",1,4.2,0,0,0,0,0,0,0,0,0,0,0,0,0,0,1,0,0,0,0,0,0,0.0,0.0,37.4,76.1,-38.8,0,0,0,0,0,0,0,0,0,0,0,0,0,0,0,0,0,0,0,0,0,0
ARIJAN LAKIC,Partizan Mozzart Bet Belgrade,19,ARIJAN LAKIC,"BRUNO FERNANDO, DUANE WASHINGTON, DYLAN OSETKOWSKI, MITAR BOSNJAKOVIC, NICK CALATHES, SHAKE MILTON",1,1.8,0,0,1,0.0,0,1,0.0,0,0,0,0,0,0,0,0,0,0,0,1,0,0,0.0,0.0,170.6,104.2,66.5,0.0,0.0,0,0.0,0,0,0,0,0,0,1,0,0,0,0,0,0,0,0,0,0,0
ARIJAN LAKIC,Partizan Mozzart Bet Belgrade,19,ARIJAN LAKIC,"DUANE WASHINGTON, DYLAN OSETKOWSKI, MITAR BOSNJAKOVIC, NICK CALATHES, SHAKE MILTON, TONYE JEKIRI",1,1.1,0,0,1,0.0,0,1,0.0,0,0,0,0,0,0,0,0,0,1,1,2,0,0,0.0,0.0,0.0,155.4,-155.4,0.0,0.0,0,50.0,0,0,0,0,0,0,1,0,0,0,0,0,0,0,1,0,0,0
BRUNO FERNANDO,Partizan Mozzart Bet Belgrade,24,BRUNO FERNANDO,"ALEKSEJ POKUSEVSKI, ARIJAN LAKIC, DUANE WASHINGTON, MITAR BOSNJAKOVIC, NICK CALATHES, SHAKE MILTON",1,4.2,3,1,1,100.0,0,0,0,1,2,50.0,1,0,1,0,0,0,2,0,3,0,3,3.0,37.4,37.4,76.1,-38.8,100.0,79.8,0.0,51.5,0,0,0,1,1,100,0,0,0,0,0,0,0,0,2,0,0,0
BRUNO FERNANDO,Partizan Mozzart Bet Belgrade,24,BRUNO FERNANDO,"CARLIK JONES, DUANE WASHINGTON, DYLAN OSETKOWSKI, ISAAC BONGA, MITAR BOSNJAKOVIC, STERLING BROWN",1,2.0,2,0,0,0,0,0,0,2,6,33.3,1,1,2,0,0,0,0,1,2,0,2,2.0,45.8,137.4,25.8,111.6,0,37.9,0,0.0,0,0,0,0,0,0,0,0,0,0,0,0,0,0,0,2,0,0
BRUNO FERNANDO,Partizan Mozzart Bet Belgrade,24,BRUNO FERNANDO,"ARIJAN LAKIC, DUANE WASHINGTON, DYLAN OSETKOWSKI, MITAR BOSNJAKOVIC, NICK CALATHES, SHAKE MILTON",1,1.8,0,0,0,0,0,0,0,0,0,0,0,0,0,0,0,0,0,1,0,0,0,0.0,0.0,170.6,104.2,66.5,0,0,0,0,0,0,0,0,0,0,0,0,0,0,0,0,0,0,0,0,0,0
BRUNO FERNANDO,Partizan Mozzart Bet Belgrade,24,BRUNO FERNANDO,"ALEKSEJ POKUSEVSKI, CARLIK JONES, DUANE WASHINGTON, MITAR BOSNJAKOVIC, NICK CALATHES, SHAKE MILTON",1,1.4,0,0,0,0,0,0,0,0,0,0,0,0,0,0,0,1,0,0,0,0,0,0.0,0.0,150.0,147.3,2.7,0,0,0,0,0,0,0,0,0,0,0,0,0,0,0,0,0,0,0,0,0,0
BRUNO FERNANDO,Partizan Mozzart Bet Belgrade,24,BRUNO FERNANDO,"ALEKSEJ POKUSEVSKI, DUANE WASHINGTON, ISAAC BONGA, MITAR BOSNJAKOVIC, NICK CALATHES, SHAKE MILTON",1,1.4,0,0,0,0,0,0,0,0,0,0,0,0,0,0,0,0,1,1,1,0,0,0.0,0.0,87.2,200.0,-112.8,0,0,0,100.0,0,0,0,0,0,0,0,0,0,0,0,0,0,0,1,0,0,0
BRUNO FERNANDO,Partizan Mozzart Bet Belgrade,24,BRUNO FERNANDO,"ALEKSEJ POKUSEVSKI, DUANE WASHINGTON, MITAR BOSNJAKOVIC, NICK CALATHES, SHAKE MILTON, STERLING BROWN",1,1.2,2,1,1,100.0,0,0,0,0,0,0,0,0,0,0,0,0,0,2,1,0,2,2.0,66.7,166.7,155.4,11.2,100.0,100.0,0.0,0.0,0,0,0,1,1,100,0,0,0,0,0,0,0,0,0,0,0,0
CARLIK JONES,Partizan Mozzart Bet Belgrade,1,CARLIK JONES,"DUANE WASHINGTON, DYLAN OSETKOWSKI, ISAAC BONGA, MITAR BOSNJAKOVIC, STERLING BROWN, TONYE JEKIRI",1,10.0,8,3,6,50.0,0,1,0.0,2,2,100.0,1,1,2,2,1,0,0,0,6,2,10,10.0,54.0,108.1,118.8,-10.7,50.0,58.1,66.7,0.0,0,0,0,5,3,60,1,0,0,0,0,0,0,0,0,4,2,4
CARLIK JONES,Partizan Mozzart Bet Belgrade,1,CARLIK JONES,"DUANE WASHINGTON, MITAR BOSNJAKOVIC, NICK CALATHES, SHAKE MILTON",1,5.5,9,4,4,100.0,0,0,0,1,1,100.0,0,0,0,1,1,0,0,1,4,3,12,12.0,106.0,176.7,135.4,41.2,100.0,101.4,25.0,0.0,0,0,0,4,4,100,0,0,0,0,0,0,0,0,0,0,2,2
CARLIK JONES,Partizan Mozzart Bet Belgrade,1,CARLIK JONES,"ALEKSEJ POKUSEVSKI, DUANE WASHINGTON, ISAAC BONGA, MITAR BOSNJAKOVIC, SHAKE MILTON, TONYE JEKIRI",1,2.4,0,0,2,0.0,0,1,0.0,0,0,0,0,0,0,0,0,0,0,0,2,0,0,0.0,0.0,50.0,41.0,9.0,0.0,0.0,0,0.0,0,0,0,1,0,0,1,0,0,0,0,0,0,0,0,0,0,0
CARLIK JONES,Partizan Mozzart Bet Belgrade,1,CARLIK JONES,"BRUNO FERNANDO, DUANE WASHINGTON, DYLAN OSETKOWSKI, ISAAC BONGA, MITAR BOSNJAKOVIC, STERLING BROWN",1,2.0,0,0,0,0,0,0,0,0,0,0,0,0,0,0,0,0,0,0,0,0,0,0.0,0.0,137.4,25.8,111.6,0,0,0,0,0,0,0,0,0,0,0,0,0,0,0,0,0,0,0,0,0,0
CARLIK JONES,Partizan Mozzart Bet Belgrade,1,CARLIK JONES,"DUANE WASHINGTON, DYLAN OSETKOWSKI, ISAAC BONGA, MITAR BOSNJAKOVIC, SHAKE MILTON, STERLING BROWN",1,1.5,0,0,1,0.0,0,0,0,0,0,0,0,0,0,0,0,0,0,0,1,0,0,0.0,0.0,348.8,133.3,215.5,0.0,0.0,0,0.0,0,0,0,1,0,0,0,0,0,0,0,0,0,0,0,0,0,0
CARLIK JONES,Partizan Mozzart Bet Belgrade,1,CARLIK JONES,"ALEKSEJ POKUSEVSKI, BRUNO FERNANDO, DUANE WASHINGTON, MITAR BOSNJAKOVIC, NICK CALATHES, SHAKE MILTON",1,1.4,0,0,0,0,0,0,0,0,0,0,0,0,0,0,0,0,0,0,0,0,0,0.0,0.0,150.0,147.3,2.7,0,0,0,0,0,0,0,0,0,0,0,0,0,0,0,0,0,0,0,0,0,0
CARLIK JONES,Partizan Mozzart Bet Belgrade,1,CARLIK JONES,"DUANE WASHINGTON, DYLAN OSETKOWSKI, ISAAC BONGA, MITAR BOSNJAKOVIC, NICK CALATHES, STERLING BROWN",1,1.1,0,0,0,0,0,0,0,0,0,0,0,0,0,0,0,0,1,0,1,0,0,0.0,0.0,66.7,100.0,-33.3,0,0,0,100.0,0,0,0,0,0,0,0,0,0,0,0,0,0,0,1,0,0,0
CARLIK JONES,Partizan Mozzart Bet Belgrade,1,CARLIK JONES,"ALEKSEJ POKUSEVSKI, DUANE WASHINGTON, ISAAC BONGA, MITAR BOSNJAKOVIC, STERLING BROWN, TONYE JEKIRI",1,1.1,0,0,1,0.0,0,0,0,0,0,0,0,0,0,0,0,0,0,0,1,0,0,0.0,0.0,103.6,34.7,68.9,0.0,0.0,0,0.0,0,0,0,1,0,0,0,0,0,0,0,0,0,0,0,0,0,0
DUANE WASHINGTON,Partizan Mozzart Bet Belgrade,4,DUANE WASHINGTON,"CARLIK JONES, DYLAN OSETKOWSKI, ISAAC BONGA, MITAR BOSNJAKOVIC, STERLING BROWN, TONYE JEKIRI",1,10.0,0,0,0,0,0,0,0,0,0,0,0,0,0,0,0,0,0,0,0,0,0,0.0,0.0,108.1,118.8,-10.7,0,0,0,0,0,0,0,0,0,0,0,0,0,0,0,0,0,0,0,0,0,0
DUANE WASHINGTON,Partizan Mozzart Bet Belgrade,4,DUANE WASHINGTON,"CARLIK JONES, MITAR BOSNJAKOVIC, NICK CALATHES, SHAKE MILTON",1,5.5,0,0,0,0,0,0,0,0,0,0,0,0,0,0,0,0,0,0,0,0,0,0.0,0.0,176.7,135.4,41.2,0,0,0,0,0,0,0,0,0,0,0,0,0,0,0,0,0,0,0,0,0,0
DUANE WASHINGTON,Partizan Mozzart Bet Belgrade,4,DUANE WASHINGTON,"ALEKSEJ POKUSEVSKI, ARIJAN LAKIC, BRUNO FERNANDO, MITAR BOSNJAKOVIC, NICK CALATHES, SHAKE MILTON",1,4.2,0,0,0,0,0,0,0,0,0,0,0,0,0,0,0,0,0,0,0,0,0,0.0,0.0,37.4,76.1,-38.8,0,0,0,0,0,0,0,0,0,0,0,0,0,0,0,0,0,0,0,0,0,0
DUANE WASHINGTON,Partizan Mozzart Bet Belgrade,4,DUANE WASHINGTON,"ALEKSEJ POKUSEVSKI, CARLIK JONES, ISAAC BONGA, MITAR BOSNJAKOVIC, SHAKE MILTON, TONYE JEKIRI",1,2.4,0,0,0,0,0,0,0,0,0,0,0,0,0,0,0,0,0,0,0,0,0,0.0,0.0,50.0,41.0,9.0,0,0,0,0,0,0,0,0,0,0,0,0,0,0,0,0,0,0,0,0,0,0
DUANE WASHINGTON,Partizan Mozzart Bet Belgrade,4,DUANE WASHINGTON,"DYLAN OSETKOWSKI, MITAR BOSNJAKOVIC, NICK CALATHES, SHAKE MILTON, STERLING BROWN, TONYE JEKIRI",1,2.0,0,0,0,0,0,0,0,0,0,0,0,0,0,0,0,0,0,0,0,0,0,0.0,0.0,125.0,171.3,-46.3,0,0,0,0,0,0,0,0,0,0,0,0,0,0,0,0,0,0,0,0,0,0
DUANE WASHINGTON,Partizan Mozzart Bet Belgrade,4,DUANE WASHINGTON,"BRUNO FERNANDO, CARLIK JONES, DYLAN OSETKOWSKI, ISAAC BONGA, MITAR BOSNJAKOVIC, STERLING BROWN",1,2.0,0,0,0,0,0,0,0,0,0,0,0,0,0,0,0,0,0,0,0,0,0,0.0,0.0,137.4,25.8,111.6,0,0,0,0,0,0,0,0,0,0,0,0,0,0,0,0,0,0,0,0,0,0
DUANE WASHINGTON,Partizan Mozzart Bet Belgrade,4,DUANE WASHINGTON,"ARIJAN LAKIC, BRUNO FERNANDO, DYLAN OSETKOWSKI, MITAR BOSNJAKOVIC, NICK CALATHES, SHAKE MILTON",1,1.8,0,0,0,0,0,0,0,0,0,0,0,0,0,0,0,0,0,0,0,0,0,0.0,0.0,170.6,104.2,66.5,0,0,0,0,0,0,0,0,0,0,0,0,0,0,0,0,0,0,0,0,0,0
DUANE WASHINGTON,Partizan Mozzart Bet Belgrade,4,DUANE WASHINGTON,"CARLIK JONES, DYLAN OSETKOWSKI, ISAAC BONGA, MITAR BOSNJAKOVIC, SHAKE MILTON, STERLING BROWN",1,1.5,0,0,0,0,0,0,0,0,0,0,0,0,0,0,0,0,0,0,0,0,0,0.0,0.0,348.8,133.3,215.5,0,0,0,0,0,0,0,0,0,0,0,0,0,0,0,0,0,0,0,0,0,0
DUANE WASHINGTON,Partizan Mozzart Bet Belgrade,4,DUANE WASHINGTON,"ALEKSEJ POKUSEVSKI, BRUNO FERNANDO, CARLIK JONES, MITAR BOSNJAKOVIC, NICK CALATHES, SHAKE MILTON",1,1.4,0,0,0,0,0,0,0,0,0,0,0,0,0,0,0,0,0,0,0,0,0,0.0,0.0,150.0,147.3,2.7,0,0,0,0,0,0,0,0,0,0,0,0,0,0,0,0,0,0,0,0,0,0
DUANE WASHINGTON,Partizan Mozzart Bet Belgrade,4,DUANE WASHINGTON,"ALEKSEJ POKUSEVSKI, BRUNO FERNANDO, ISAAC BONGA, MITAR BOSNJAKOVIC, NICK CALATHES, SHAKE MILTON",1,1.4,0,0,0,0,0,0,0,0,0,0,0,0,0,0,0,0,0,0,0,0,0,0.0,0.0,87.2,200.0,-112.8,0,0,0,0,0,0,0,0,0,0,0,0,0,0,0,0,0,0,0,0,0,0
DUANE WASHINGTON,Partizan Mozzart Bet Belgrade,4,DUANE WASHINGTON,"ALEKSEJ POKUSEVSKI, BRUNO FERNANDO, MITAR BOSNJAKOVIC, NICK CALATHES, SHAKE MILTON, STERLING BROWN",1,1.2,0,0,0,0,0,0,0,0,0,0,0,0,0,0,0,0,0,0,0,0,0,0.0,0.0,166.7,155.4,11.2,0,0,0,0,0,0,0,0,0,0,0,0,0,0,0,0,0,0,0,0,0,0
DUANE WASHINGTON,Partizan Mozzart Bet Belgrade,4,DUANE WASHINGTON,"ARIJAN LAKIC, DYLAN OSETKOWSKI, MITAR BOSNJAKOVIC, NICK CALATHES, SHAKE MILTON, TONYE JEKIRI",1,1.1,0,0,0,0,0,0,0,0,0,0,0,0,0,0,0,0,0,0,0,0,0,0.0,0.0,0.0,155.4,-155.4,0,0,0,0,0,0,0,0,0,0,0,0,0,0,0,0,0,0,0,0,0,0
DUANE WASHINGTON,Partizan Mozzart Bet Belgrade,4,DUANE WASHINGTON,"CARLIK JONES, DYLAN OSETKOWSKI, ISAAC BONGA, MITAR BOSNJAKOVIC, NICK CALATHES, STERLING BROWN",1,1.1,0,0,0,0,0,0,0,0,0,0,0,0,0,0,0,0,0,0,0,0,0,0.0,0.0,66.7,100.0,-33.3,0,0,0,0,0,0,0,0,0,0,0,0,0,0,0,0,0,0,0,0,0,0
DUANE WASHINGTON,Partizan Mozzart Bet Belgrade,4,DUANE WASHINGTON,"ALEKSEJ POKUSEVSKI, CARLIK JONES, ISAAC BONGA, MITAR BOSNJAKOVIC, STERLING BROWN, TONYE JEKIRI",1,1.1,0,0,0,0,0,0,0,0,0,0,0,0,0,0,0,0,0,0,0,0,0,0.0,0.0,103.6,34.7,68.9,0,0,0,0,0,0,0,0,0,0,0,0,0,0,0,0,0,0,0,0,0,0
DYLAN OSETKOWSKI,Partizan Mozzart Bet Belgrade,5,DYLAN OSETKOWSKI,"CARLIK JONES, DUANE WASHINGTON, ISAAC BONGA, MITAR BOSNJAKOVIC, STERLING BROWN, TONYE JEKIRI",1,10.0,3,1,3,33.3,1,3,33.3,0,0,0,0,1,1,0,0,0,0,3,3,0,3,3.0,16.2,108.1,118.8,-10.7,50.0,50.0,0.0,0.0,0,0,0,0,0,0,3,1,33.3,0,0,0,0,0,0,0,3,0
DYLAN OSETKOWSKI,Partizan Mozzart Bet Belgrade,5,DYLAN OSETKOWSKI,"DUANE WASHINGTON, MITAR BOSNJAKOVIC, NICK CALATHES, SHAKE MILTON, STERLING BROWN, TONYE JEKIRI",1,2.0,2,1,1,100.0,0,0,0,0,0,0,0,0,0,0,0,0,0,0,1,0,2,2.0,50.0,125.0,171.3,-46.3,100.0,100.0,0.0,0.0,0,0,0,1,1,100,0,0,0,0,0,0,0,0,0,0,0,0
DYLAN OSETKOWSKI,Partizan Mozzart Bet Belgrade,5,DYLAN OSETKOWSKI,"BRUNO FERNANDO, CARLIK JONES, DUANE WASHINGTON, ISAAC BONGA, MITAR BOSNJAKOVIC, STERLING BROWN",1,2.0,0,0,0,0,0,0,0,0,0,0,0,0,0,0,0,0,0,0,0,0,0,0.0,0.0,137.4,25.8,111.6,0,0,0,0,0,0,0,0,0,0,0,0,0,0,0,0,0,0,0,0,0,0
DYLAN OSETKOWSKI,Partizan Mozzart Bet Belgrade,5,DYLAN OSETKOWSKI,"ARIJAN LAKIC, BRUNO FERNANDO, DUANE WASHINGTON, MITAR BOSNJAKOVIC, NICK CALATHES, SHAKE MILTON",1,1.8,2,1,1,100.0,0,0,0,0,0,0,1,0,1,0,0,0,1,0,1,0,2,2.0,68.3,170.6,104.2,66.5,100.0,100.0,0.0,50.0,0,0,0,1,1,100,0,0,0,0,0,0,0,0,1,2,0,0
DYLAN OSETKOWSKI,Partizan Mozzart Bet Belgrade,5,DYLAN OSETKOWSKI,"CARLIK JONES, DUANE WASHINGTON, ISAAC BONGA, MITAR BOSNJAKOVIC, SHAKE MILTON, STERLING BROWN",1,1.5,3,1,1,100.0,1,1,100.0,0,0,0,0,1,1,0,0,0,0,0,1,0,3,3.0,348.8,348.8,133.3,215.5,150.0,150.0,0.0,0.0,0,0,0,0,0,0,1,1,100,0,0,0,0,0,0,3,0,0
DYLAN OSETKOWSKI,Partizan Mozzart Bet Belgrade,5,DYLAN OSETKOWSKI,"ARIJAN LAKIC, DUANE WASHINGTON, MITAR BOSNJAKOVIC, NICK CALATHES, SHAKE MILTON, TONYE JEKIRI",1,1.1,0,0,1,0.0,0,1,0.0,0,0,0,0,1,1,0,0,0,0,0,1,0,0,0.0,0.0,0.0,155.4,-155.4,0.0,0.0,0,0.0,0,0,0,0,0,0,1,0,0,0,0,0,0,0,0,0,0,0
DYLAN OSETKOWSKI,Partizan Mozzart Bet Belgrade,5,DYLAN OSETKOWSKI,"CARLIK JONES, DUANE WASHINGTON, ISAAC BONGA, MITAR BOSNJAKOVIC, NICK CALATHES, STERLING BROWN",1,1.1,0,0,1,0.0,0,1,0.0,0,0,0,0,0,0,0,0,0,0,0,1,0,0,0.0,0.0,66.7,100.0,-33.3,0.0,0.0,0,0.0,0,0,0,0,0,0,1,0,0,0,0,0,0,0,0,0,0,0
ISAAC BONGA,Partizan Mozzart Bet Belgrade,17,ISAAC BONGA,"CARLIK JONES, DUANE WASHINGTON, DYLAN OSETKOWSKI, MITAR BOSNJAKOVIC, STERLING BROWN, TONYE JEKIRI",1,10.0,2,0,2,0.0,0,1,0.0,2,2,100.0,1,1,2,1,0,0,1,1,3,3,5,5.0,27.0,108.1,118.8,-10.7,0.0,34.7,0,20.5,0,0,0,1,0,0,1,0,0,0,0,0,0,0,1,0,0,0
ISAAC BONGA,Partizan Mozzart Bet Belgrade,17,ISAAC BONGA,"ALEKSEJ POKUSEVSKI, CARLIK JONES, DUANE WASHINGTON, MITAR BOSNJAKOVIC, SHAKE MILTON, TONYE JEKIRI",1,2.4,0,0,0,0,0,0,0,0,0,0,0,1,1,0,0,0,0,1,0,0,0,0.0,0.0,50.0,41.0,9.0,0,0,0,0,0,0,0,0,0,0,0,0,0,0,0,0,0,0,0,0,0,0
ISAAC BONGA,Partizan Mozzart Bet Belgrade,17,ISAAC BONGA,"BRUNO FERNANDO, CARLIK JONES, DUANE WASHINGTON, DYLAN OSETKOWSKI, MITAR BOSNJAKOVIC, STERLING BROWN",1,2.0,1,0,1,0.0,0,1,0.0,1,1,100.0,1,1,2,1,0,0,0,0,0,3,4,4.0,91.6,137.4,25.8,111.6,0.0,34.7,0,0.0,0,0,0,0,0,0,1,0,0,0,0,0,0,0,0,0,0,0
ISAAC BONGA,Partizan Mozzart Bet Belgrade,17,ISAAC BONGA,"CARLIK JONES, DUANE WASHINGTON, DYLAN OSETKOWSKI, MITAR BOSNJAKOVIC, SHAKE MILTON, STERLING BROWN",1,1.5,0,0,0,0,0,0,0,0,0,0,0,0,0,0,0,0,0,0,0,0,0,0.0,0.0,348.8,133.3,215.5,0,0,0,0,0,0,0,0,0,0,0,0,0,0,0,0,0,0,0,0,0,0
ISAAC BONGA,Partizan Mozzart Bet Belgrade,17,ISAAC BONGA,"ALEKSEJ POKUSEVSKI, BRUNO FERNANDO, DUANE WASHINGTON, MITAR BOSNJAKOVIC, NICK CALATHES, SHAKE MILTON",1,1.4,3,1,1,100.0,0,0,0,1,1,100.0,0,0,0,0,0,0,0,0,1,0,3,3.0,87.2,87.2,200.0,-112.8,100.0,104.2,0.0,0.0,0,0,0,1,1,100,0,0,0,0,0,0,0,0,0,0,0,0
ISAAC BONGA,Partizan Mozzart Bet Belgrade,17,ISAAC BONGA,"CARLIK JONES, DUANE WASHINGTON, DYLAN OSETKOWSKI, MITAR BOSNJAKOVIC, NICK CALATHES, STERLING BROWN",1,1.1,2,1,1,100.0,0,0,0,0,0,0,0,1,1,0,0,0,0,0,1,0,2,2.0,66.7,66.7,100.0,-33.3,100.0,100.0,0.0,0.0,0,0,0,1,1,100,0,0,0,0,0,0,0,0,0,0,2,0
ISAAC BONGA,Partizan Mozzart Bet Belgrade,17,ISAAC BONGA,"ALEKSEJ POKUSEVSKI, CARLIK JONES, DUANE WASHINGTON, MITAR BOSNJAKOVIC, STERLING BROWN, TONYE JEKIRI",1,1.1,0,0,0,0,0,0,0,0,0,0,1,1,2,1,0,0,0,0,0,2,2,2.0,103.6,103.6,34.7,68.9,0,0,0,0.0,0,0,0,0,0,0,0,0,0,0,0,0,0,0,0,0,0,0
MITAR BOSNJAKOVIC,Partizan Mozzart Bet Belgrade,8,MITAR BOSNJAKOVIC,"CARLIK JONES, DUANE WASHINGTON, DYLAN OSETKOWSKI, ISAAC BONGA, STERLING BROWN, TONYE JEKIRI",1,10.0,0,0,0,0,0,0,0,0,0,0,0,0,0,0,0,0,0,0,0,0,0,0.0,0.0,108.1,118.8,-10.7,0,0,0,0,0,0,0,0,0,0,0,0,0,0,0,0,0,0,0,0,0,0
MITAR BOSNJAKOVIC,Partizan Mozzart Bet Belgrade,8,MITAR BOSNJAKOVIC,"CARLIK JONES, DUANE WASHINGTON, NICK CALATHES, SHAKE MILTON",1,5.5,0,0,0,0,0,0,0,0,0,0,0,0,0,0,0,0,0,0,0,0,0,0.0,0.0,176.7,135.4,41.2,0,0,0,0,0,0,0,0,0,0,0,0,0,0,0,0,0,0,0,0,0,0
MITAR BOSNJAKOVIC,Partizan Mozzart Bet Belgrade,8,MITAR BOSNJAKOVIC,"ALEKSEJ POKUSEVSKI, ARIJAN LAKIC, BRUNO FERNANDO, DUANE WASHINGTON, NICK CALATHES, SHAKE MILTON",1,4.2,0,0,0,0,0,0,0,0,0,0,0,0,0,0,0,0,0,0,0,0,0,0.0,0.0,37.4,76.1,-38.8,0,0,0,0,0,0,0,0,0,0,0,0,0,0,0,0,0,0,0,0,0,0
MITAR BOSNJAKOVIC,Partizan Mozzart Bet Belgrade,8,MITAR BOSNJAKOVIC,"ALEKSEJ POKUSEVSKI, CARLIK JONES, DUANE WASHINGTON, ISAAC BONGA, SHAKE MILTON, TONYE JEKIRI",1,2.4,0,0,0,0,0,0,0,0,0,0,0,0,0,0,0,0,0,0,0,0,0,0.0,0.0,50.0,41.0,9.0,0,0,0,0,0,0,0,0,0,0,0,0,0,0,0,0,0,0,0,0,0,0
MITAR BOSNJAKOVIC,Partizan Mozzart Bet Belgrade,8,MITAR BOSNJAKOVIC,"DUANE WASHINGTON, DYLAN OSETKOWSKI, NICK CALATHES, SHAKE MILTON, STERLING BROWN, TONYE JEKIRI",1,2.0,0,0,0,0,0,0,0,0,0,0,0,0,0,0,0,0,0,0,0,0,0,0.0,0.0,125.0,171.3,-46.3,0,0,0,0,0,0,0,0,0,0,0,0,0,0,0,0,0,0,0,0,0,0
MITAR BOSNJAKOVIC,Partizan Mozzart Bet Belgrade,8,MITAR BOSNJAKOVIC,"BRUNO FERNANDO, CARLIK JONES, DUANE WASHINGTON, DYLAN OSETKOWSKI, ISAAC BONGA, STERLING BROWN",1,2.0,0,0,0,0,0,0,0,0,0,0,0,0,0,0,0,0,0,0,0,0,0,0.0,0.0,137.4,25.8,111.6,0,0,0,0,0,0,0,0,0,0,0,0,0,0,0,0,0,0,0,0,0,0
MITAR BOSNJAKOVIC,Partizan Mozzart Bet Belgrade,8,MITAR BOSNJAKOVIC,"ARIJAN LAKIC, BRUNO FERNANDO, DUANE WASHINGTON, DYLAN OSETKOWSKI, NICK CALATHES, SHAKE MILTON",1,1.8,0,0,0,0,0,0,0,0,0,0,0,0,0,0,0,0,0,0,0,0,0,0.0,0.0,170.6,104.2,66.5,0,0,0,0,0,0,0,0,0,0,0,0,0,0,0,0,0,0,0,0,0,0
MITAR BOSNJAKOVIC,Partizan Mozzart Bet Belgrade,8,MITAR BOSNJAKOVIC,"CARLIK JONES, DUANE WASHINGTON, DYLAN OSETKOWSKI, ISAAC BONGA, SHAKE MILTON, STERLING BROWN",1,1.5,0,0,0,0,0,0,0,0,0,0,0,0,0,0,0,0,0,0,0,0,0,0.0,0.0,348.8,133.3,215.5,0,0,0,0,0,0,0,0,0,0,0,0,0,0,0,0,0,0,0,0,0,0
MITAR BOSNJAKOVIC,Partizan Mozzart Bet Belgrade,8,MITAR BOSNJAKOVIC,"ALEKSEJ POKUSEVSKI, BRUNO FERNANDO, CARLIK JONES, DUANE WASHINGTON, NICK CALATHES, SHAKE MILTON",1,1.4,0,0,0,0,0,0,0,0,0,0,0,0,0,0,0,0,0,0,0,0,0,0.0,0.0,150.0,147.3,2.7,0,0,0,0,0,0,0,0,0,0,0,0,0,0,0,0,0,0,0,0,0,0
MITAR BOSNJAKOVIC,Partizan Mozzart Bet Belgrade,8,MITAR BOSNJAKOVIC,"ALEKSEJ POKUSEVSKI, BRUNO FERNANDO, DUANE WASHINGTON, ISAAC BONGA, NICK CALATHES, SHAKE MILTON",1,1.4,0,0,0,0,0,0,0,0,0,0,0,0,0,0,0,0,0,0,0,0,0,0.0,0.0,87.2,200.0,-112.8,0,0,0,0,0,0,0,0,0,0,0,0,0,0,0,0,0,0,0,0,0,0
MITAR BOSNJAKOVIC,Partizan Mozzart Bet Belgrade,8,MITAR BOSNJAKOVIC,"ALEKSEJ POKUSEVSKI, BRUNO FERNANDO, DUANE WASHINGTON, NICK CALATHES, SHAKE MILTON, STERLING BROWN",1,1.2,0,0,0,0,0,0,0,0,0,0,0,0,0,0,0,0,0,0,0,0,0,0.0,0.0,166.7,155.4,11.2,0,0,0,0,0,0,0,0,0,0,0,0,0,0,0,0,0,0,0,0,0,0
MITAR BOSNJAKOVIC,Partizan Mozzart Bet Belgrade,8,MITAR BOSNJAKOVIC,"ARIJAN LAKIC, DUANE WASHINGTON, DYLAN OSETKOWSKI, NICK CALATHES, SHAKE MILTON, TONYE JEKIRI",1,1.1,0,0,0,0,0,0,0,0,0,0,0,0,0,0,0,0,0,0,0,0,0,0.0,0.0,0.0,155.4,-155.4,0,0,0,0,0,0,0,0,0,0,0,0,0,0,0,0,0,0,0,0,0,0
MITAR BOSNJAKOVIC,Partizan Mozzart Bet Belgrade,8,MITAR BOSNJAKOVIC,"CARLIK JONES, DUANE WASHINGTON, DYLAN OSETKOWSKI, ISAAC BONGA, NICK CALATHES, STERLING BROWN",1,1.1,0,0,0,0,0,0,0,0,0,0,0,0,0,0,0,0,0,0,0,0,0,0.0,0.0,66.7,100.0,-33.3,0,0,0,0,0,0,0,0,0,0,0,0,0,0,0,0,0,0,0,0,0,0
MITAR BOSNJAKOVIC,Partizan Mozzart Bet Belgrade,8,MITAR BOSNJAKOVIC,"ALEKSEJ POKUSEVSKI, CARLIK JONES, DUANE WASHINGTON, ISAAC BONGA, STERLING BROWN, TONYE JEKIRI",1,1.1,0,0,0,0,0,0,0,0,0,0,0,0,0,0,0,0,0,0,0,0,0,0.0,0.0,103.6,34.7,68.9,0,0,0,0,0,0,0,0,0,0,0,0,0,0,0,0,0,0,0,0,0,0
NICK CALATHES,Partizan Mozzart Bet Belgrade,33,NICK CALATHES,"CARLIK JONES, DUANE WASHINGTON, MITAR BOSNJAKOVIC, SHAKE MILTON",1,5.5,0,0,0,0,0,0,0,0,0,0,0,0,0,0,0,0,0,0,0,0,0,0.0,0.0,176.7,135.4,41.2,0,0,0,0,0,0,0,0,0,0,0,0,0,0,0,0,0,0,0,0,0,0
NICK CALATHES,Partizan Mozzart Bet Belgrade,33,NICK CALATHES,"ALEKSEJ POKUSEVSKI, ARIJAN LAKIC, BRUNO FERNANDO, DUANE WASHINGTON, MITAR BOSNJAKOVIC, SHAKE MILTON",1,4.2,0,0,2,0.0,0,1,0.0,0,0,0,0,2,2,1,0,0,0,0,2,2,2,2.0,24.9,37.4,76.1,-38.8,0.0,0.0,0,0.0,0,0,0,1,0,0,1,0,0,0,0,0,0,0,0,0,0,0
NICK CALATHES,Partizan Mozzart Bet Belgrade,33,NICK CALATHES,"DUANE WASHINGTON, DYLAN OSETKOWSKI, MITAR BOSNJAKOVIC, SHAKE MILTON, STERLING BROWN, TONYE JEKIRI",1,2.0,0,0,0,0,0,0,0,0,0,0,0,0,0,1,0,0,0,0,0,3,3,3.0,75.0,125.0,171.3,-46.3,0,0,0,0.0,0,0,0,0,0,0,0,0,0,0,0,0,0,0,0,0,0,0
NICK CALATHES,Partizan Mozzart Bet Belgrade,33,NICK CALATHES,"ARIJAN LAKIC, BRUNO FERNANDO, DUANE WASHINGTON, DYLAN OSETKOWSKI, MITAR BOSNJAKOVIC, SHAKE MILTON",1,1.8,3,1,1,100.0,1,1,100.0,0,0,0,0,1,1,0,0,0,0,1,1,0,3,3.0,102.4,170.6,104.2,66.5,150.0,150.0,0.0,0.0,0,0,0,0,0,0,1,1,100,0,0,0,0,0,0,0,0,0
NICK CALATHES,Partizan Mozzart Bet Belgrade,33,NICK CALATHES,"ALEKSEJ POKUSEVSKI, BRUNO FERNANDO, CARLIK JONES, DUANE WASHINGTON, MITAR BOSNJAKOVIC, SHAKE MILTON",1,1.4,0,0,0,0,0,0,0,0,0,0,0,0,0,0,0,0,0,0,0,0,0,0.0,0.0,150.0,147.3,2.7,0,0,0,0,0,0,0,0,0,0,0,0,0,0,0,0,0,0,0,0,0,0
NICK CALATHES,Partizan Mozzart Bet Belgrade,33,NICK CALATHES,"ALEKSEJ POKUSEVSKI, BRUNO FERNANDO, DUANE WASHINGTON, ISAAC BONGA, MITAR BOSNJAKOVIC, SHAKE MILTON",1,1.4,0,0,0,0,0,0,0,0,0,0,0,0,0,0,0,0,0,0,0,0,0,0.0,0.0,87.2,200.0,-112.8,0,0,0,0,0,0,0,0,0,0,0,0,0,0,0,0,0,0,0,0,0,0
NICK CALATHES,Partizan Mozzart Bet Belgrade,33,NICK CALATHES,"ALEKSEJ POKUSEVSKI, BRUNO FERNANDO, DUANE WASHINGTON, MITAR BOSNJAKOVIC, SHAKE MILTON, STERLING BROWN",1,1.2,0,0,0,0,0,0,0,0,0,0,0,0,0,1,0,0,0,0,0,3,3,3.0,100.0,166.7,155.4,11.2,0,0,0,0.0,0,0,0,0,0,0,0,0,0,0,0,0,0,0,0,0,0,0
NICK CALATHES,Partizan Mozzart Bet Belgrade,33,NICK CALATHES,"ARIJAN LAKIC, DUANE WASHINGTON, DYLAN OSETKOWSKI, MITAR BOSNJAKOVIC, SHAKE MILTON, TONYE JEKIRI",1,1.1,0,0,0,0,0,0,0,0,0,0,0,0,0,0,0,0,0,0,0,0,0,0.0,0.0,0.0,155.4,-155.4,0,0,0,0,0,0,0,0,0,0,0,0,0,0,0,0,0,0,0,0,0,0
NICK CALATHES,Partizan Mozzart Bet Belgrade,33,NICK CALATHES,"CARLIK JONES, DUANE WASHINGTON, DYLAN OSETKOWSKI, ISAAC BONGA, MITAR BOSNJAKOVIC, STERLING BROWN",1,1.1,0,0,0,0,0,0,0,0,0,0,0,0,0,1,0,0,0,0,0,2,2,2.0,66.7,66.7,100.0,-33.3,0,0,0,0.0,0,0,0,0,0,0,0,0,0,0,0,0,0,0,0,0,0,0
SHAKE MILTON,Partizan Mozzart Bet Belgrade,2,SHAKE MILTON,"CARLIK JONES, DUANE WASHINGTON, MITAR BOSNJAKOVIC, NICK CALATHES",1,5.5,0,0,0,0,0,0,0,0,0,0,0,0,0,0,0,0,0,0,0,0,0,0.0,0.0,176.7,135.4,41.2,0,0,0,0,0,0,0,0,0,0,0,0,0,0,0,0,0,0,0,0,0,0
SHAKE MILTON,Partizan Mozzart Bet Belgrade,2,SHAKE MILTON,"ALEKSEJ POKUSEVSKI, ARIJAN LAKIC, BRUNO FERNANDO, DUANE WASHINGTON, MITAR BOSNJAKOVIC, NICK CALATHES",1,4.2,0,0,2,0.0,0,1,0.0,0,0,0,0,0,0,0,0,0,1,0,3,0,0,0.0,0.0,37.4,76.1,-38.8,0.0,0.0,0,33.3,0,0,0,1,0,0,1,0,0,0,0,0,0,0,1,0,0,0
SHAKE MILTON,Partizan Mozzart Bet Belgrade,2,SHAKE MILTON,"ALEKSEJ POKUSEVSKI, CARLIK JONES, DUANE WASHINGTON, ISAAC BONGA, MITAR BOSNJAKOVIC, TONYE JEKIRI",1,2.4,0,0,0,0,0,0,0,0,0,0,0,0,0,0,0,0,0,0,0,0,0,0.0,0.0,50.0,41.0,9.0,0,0,0,0,0,0,0,0,0,0,0,0,0,0,0,0,0,0,0,0,0,0
SHAKE MILTON,Partizan Mozzart Bet Belgrade,2,SHAKE MILTON,"DUANE WASHINGTON, DYLAN OSETKOWSKI, MITAR BOSNJAKOVIC, NICK CALATHES, STERLING BROWN, TONYE JEKIRI",1,2.0,3,1,1,100.0,1,1,100.0,0,0,0,0,0,0,0,1,0,1,0,2,0,3,3.0,75.0,125.0,171.3,-46.3,150.0,150.0,0.0,50.0,0,0,0,0,0,0,1,1,100,0,0,0,0,0,1,0,0,0
SHAKE MILTON,Partizan Mozzart Bet Belgrade,2,SHAKE MILTON,"ARIJAN LAKIC, BRUNO FERNANDO, DUANE WASHINGTON, DYLAN OSETKOWSKI, MITAR BOSNJAKOVIC, NICK CALATHES",1,1.8,0,0,0,0,0,0,0,0,0,0,0,0,0,1,0,0,0,0,0,3,3,3.0,102.4,170.6,104.2,66.5,0,0,0,0.0,0,0,0,0,0,0,0,0,0,0,0,0,0,0,0,0,0,0
SHAKE MILTON,Partizan Mozzart Bet Belgrade,2,SHAKE MILTON,"CARLIK JONES, DUANE WASHINGTON, DYLAN OSETKOWSKI, ISAAC BONGA, MITAR BOSNJAKOVIC, STERLING BROWN",1,1.5,0,0,0,0,0,0,0,0,0,0,1,0,1,1,0,0,0,0,0,3,3,3.0,348.8,348.8,133.3,215.5,0,0,0,0.0,0,0,0,0,0,0,0,0,0,0,0,0,0,0,0,0,0,0
SHAKE MILTON,Partizan Mozzart Bet Belgrade,2,SHAKE MILTON,"ALEKSEJ POKUSEVSKI, BRUNO FERNANDO, CARLIK JONES, DUANE WASHINGTON, MITAR BOSNJAKOVIC, NICK CALATHES",1,1.4,0,0,0,0,0,0,0,0,0,0,0,0,0,1,0,0,1,0,1,3,3,3.0,150.0,150.0,147.3,2.7,0,0,0,50.0,0,0,0,0,0,0,0,0,0,0,0,0,0,0,1,0,0,0
SHAKE MILTON,Partizan Mozzart Bet Belgrade,2,SHAKE MILTON,"ALEKSEJ POKUSEVSKI, BRUNO FERNANDO, DUANE WASHINGTON, ISAAC BONGA, MITAR BOSNJAKOVIC, NICK CALATHES",1,1.4,0,0,0,0,0,0,0,0,0,0,0,0,0,0,0,0,0,0,0,0,0,0.0,0.0,87.2,200.0,-112.8,0,0,0,0,0,0,0,0,0,0,0,0,0,0,0,0,0,0,0,0,0,0
SHAKE MILTON,Partizan Mozzart Bet Belgrade,2,SHAKE MILTON,"ALEKSEJ POKUSEVSKI, BRUNO FERNANDO, DUANE WASHINGTON, MITAR BOSNJAKOVIC, NICK CALATHES, STERLING BROWN",1,1.2,0,0,0,0,0,0,0,0,0,0,0,0,0,0,0,0,0,0,0,0,0,0.0,0.0,166.7,155.4,11.2,0,0,0,0,0,0,0,0,0,0,0,0,0,0,0,0,0,0,0,0,0,0
SHAKE MILTON,Partizan Mozzart Bet Belgrade,2,SHAKE MILTON,"ARIJAN LAKIC, DUANE WASHINGTON, DYLAN OSETKOWSKI, MITAR BOSNJAKOVIC, NICK CALATHES, TONYE JEKIRI",1,1.1,0,0,0,0,0,0,0,0,0,0,0,0,0,0,0,0,0,0,0,0,0,0.0,0.0,0.0,155.4,-155.4,0,0,0,0,0,0,0,0,0,0,0,0,0,0,0,0,0,0,0,0,0,0
STERLING BROWN,Partizan Mozzart Bet Belgrade,12,STERLING BROWN,"CARLIK JONES, DUANE WASHINGTON, DYLAN OSETKOWSKI, ISAAC BONGA, MITAR BOSNJAKOVIC, TONYE JEKIRI",1,10.0,2,1,3,33.3,0,2,0.0,0,0,0,1,0,1,1,1,0,1,1,3,2,4,4.0,21.6,108.1,118.8,-10.7,33.3,33.3,100.0,20.0,0,0,0,1,1,100,2,0,0,0,0,0,0,0,1,2,0,0
STERLING BROWN,Partizan Mozzart Bet Belgrade,12,STERLING BROWN,"DUANE WASHINGTON, DYLAN OSETKOWSKI, MITAR BOSNJAKOVIC, NICK CALATHES, SHAKE MILTON, TONYE JEKIRI",1,2.0,0,0,0,0,0,0,0,0,0,0,0,0,0,1,0,0,1,1,1,2,2,2.0,50.0,125.0,171.3,-46.3,0,0,0,50.0,0,0,0,0,0,0,0,0,0,0,0,0,0,0,1,0,0,0
STERLING BROWN,Partizan Mozzart Bet Belgrade,12,STERLING BROWN,"BRUNO FERNANDO, CARLIK JONES, DUANE WASHINGTON, DYLAN OSETKOWSKI, ISAAC BONGA, MITAR BOSNJAKOVIC",1,2.0,3,1,1,100.0,1,1,100.0,0,0,0,0,0,0,0,0,1,0,0,1,0,3,3.0,68.7,137.4,25.8,111.6,150.0,150.0,0.0,0.0,0,0,0,0,0,0,1,1,100,0,0,0,0,0,0,3,0,0
STERLING BROWN,Partizan Mozzart Bet Belgrade,12,STERLING BROWN,"CARLIK JONES, DUANE WASHINGTON, DYLAN OSETKOWSKI, ISAAC BONGA, MITAR BOSNJAKOVIC, SHAKE MILTON",1,1.5,0,0,1,0.0,0,1,0.0,0,0,0,0,0,0,0,0,0,0,0,1,0,0,0.0,0.0,348.8,133.3,215.5,0.0,0.0,0,0.0,0,0,0,0,0,0,1,0,0,0,0,0,0,0,0,0,0,0
STERLING BROWN,Partizan Mozzart Bet Belgrade,12,STERLING BROWN,"ALEKSEJ POKUSEVSKI, BRUNO FERNANDO, DUANE WASHINGTON, MITAR BOSNJAKOVIC, NICK CALATHES, SHAKE MILTON",1,1.2,3,1,2,50.0,1,2,50.0,0,0,0,0,0,0,1,0,0,0,0,2,2,5,5.0,166.7,166.7,155.4,11.2,75.0,75.0,100.0,0.0,0,0,0,0,0,0,2,1,50,0,0,0,0,0,0,0,0,0
STERLING BROWN,Partizan Mozzart Bet Belgrade,12,STERLING BROWN,"CARLIK JONES, DUANE WASHINGTON, DYLAN OSETKOWSKI, ISAAC BONGA, MITAR BOSNJAKOVIC, NICK CALATHES",1,1.1,0,0,0,0,0,0,0,0,0,0,0,0,0,0,0,0,0,0,0,0,0,0.0,0.0,66.7,100.0,-33.3,0,0,0,0,0,0,0,0,0,0,0,0,0,0,0,0,0,0,0,0,0,0
STERLING BROWN,Partizan Mozzart Bet Belgrade,12,STERLING BROWN,"ALEKSEJ POKUSEVSKI, CARLIK JONES, DUANE WASHINGTON, ISAAC BONGA, MITAR BOSNJAKOVIC, TONYE JEKIRI",1,1.1,0,0,0,0,0,0,0,0,0,0,0,1,1,0,0,0,0,0,0,0,0,0.0,0.0,103.6,34.7,68.9,0,0,0,0,0,0,0,0,0,0,0,0,0,0,0,0,0,0,0,0,0,0
TONYE JEKIRI,Partizan Mozzart Bet Belgrade,23,TONYE JEKIRI,"CARLIK JONES, DUANE WASHINGTON, DYLAN OSETKOWSKI, ISAAC BONGA, MITAR BOSNJAKOVIC, STERLING BROWN",1,10.0,5,2,5,40.0,0,0,0,1,2,50.0,1,2,3,0,1,0,0,1,5,0,5,5.0,27.0,108.1,118.8,-10.7,40.0,42.5,0.0,0.0,0,0,0,5,2,40,0,0,0,0,0,0,0,0,0,2,0,1
TONYE JEKIRI,Partizan Mozzart Bet Belgrade,23,TONYE JEKIRI,"ALEKSEJ POKUSEVSKI, CARLIK JONES, DUANE WASHINGTON, ISAAC BONGA, MITAR BOSNJAKOVIC, SHAKE MILTON",1,2.4,0,0,0,0,0,0,0,0,0,0,0,1,1,0,0,0,0,0,0,0,0,0.0,0.0,50.0,41.0,9.0,0,0,0,0,0,0,0,0,0,0,0,0,0,0,0,0,0,0,0,0,0,0
TONYE JEKIRI,Partizan Mozzart Bet Belgrade,23,TONYE JEKIRI,"DUANE WASHINGTON, DYLAN OSETKOWSKI, MITAR BOSNJAKOVIC, NICK CALATHES, SHAKE MILTON, STERLING BROWN",1,2.0,0,0,0,0,0,0,0,0,0,0,0,0,0,0,0,0,0,1,0,0,0,0.0,0.0,125.0,171.3,-46.3,0,0,0,0,0,0,0,0,0,0,0,0,0,0,0,0,0,0,0,0,0,0
TONYE JEKIRI,Partizan Mozzart Bet Belgrade,23,TONYE JEKIRI,"ARIJAN LAKIC, DUANE WASHINGTON, DYLAN OSETKOWSKI, MITAR BOSNJAKOVIC, NICK CALATHES, SHAKE MILTON",1,1.1,0,0,0,0,0,0,0,0,0,0,1,0,1,0,0,0,0,0,0,0,0,0.0,0.0,0.0,155.4,-155.4,0,0,0,0,0,0,0,0,0,0,0,0,0,0,0,0,0,0,0,0,0,0
TONYE JEKIRI,Partizan Mozzart Bet Belgrade,23,TONYE JEKIRI,"ALEKSEJ POKUSEVSKI, CARLIK JONES, DUANE WASHINGTON, ISAAC BONGA, MITAR BOSNJAKOVIC, STERLING BROWN",1,1.1,2,1,2,50.0,0,0,0,0,0,0,0,0,0,0,0,0,0,0,2,0,2,2.0,103.6,103.6,34.7,68.9,50.0,50.0,0.0,0.0,0,0,0,2,1,50,0,0,0,0,0,0,0,0,0,2,0,0
ALBERTO ABALDE,Real Madrid,6,ALBERTO ABALDE,"CHUMA OKEKE, FACUNDO CAMPAZZO, MARIO HEZONJA, WALTER TAVARES",1,6.3,6,2,3,66.7,2,3,66.7,0,0,0,0,0,0,0,0,0,0,2,3,0,6,6.0,46.6,139.8,199.6,-59.8,100.0,100.0,0.0,0.0,0,0,0,0,0,0,3,2,66.7,0,0,0,0,0,0,0,0,3
ALEX LEN,Real Madrid,25,ALEX LEN,"ANDRES FELIZ, CHUMA OKEKE, MARIO HEZONJA, SERGIO LLULL",1,1.6,0,0,0,0,0,0,0,0,0,0,0,0,0,0,0,0,0,0,0,0,0,0.0,0.0,170.6,193.5,-22.9,0,0,0,0,0,0,0,0,0,0,0,0,0,0,0,0,0,0,0,0,0,0
ALEX LEN,Real Madrid,25,ALEX LEN,"CHUMA OKEKE, FACUNDO CAMPAZZO, MARIO HEZONJA, SERGIO LLULL",1,1.4,0,0,0,0,0,0,0,0,0,0,0,0,0,0,0,0,0,0,0,0,0,0.0,0.0,284.7,100.0,184.7,0,0,0,0,0,0,0,0,0,0,0,0,0,0,0,0,0,0,0,0,0,0
ALEX LEN,Real Madrid,25,ALEX LEN,"FACUNDO CAMPAZZO, GABRIEL DECK, SERGIO LLULL, TREY LYLES",1,1.3,0,0,0,0,0,0,0,0,0,0,0,0,0,0,0,0,0,0,0,0,0,0.0,0.0,0.0,200.0,-200.0,0,0,0,0,0,0,0,0,0,0,0,0,0,0,0,0,0,0,0,0,0,0
ANDRES FELIZ,Real Madrid,24,ANDRES FELIZ,"FACUNDO CAMPAZZO, SERGIO LLULL, THEO MALEDON, TREY LYLES",1,6.0,0,0,0,0,0,0,0,0,0,0,0,0,0,0,0,0,0,0,0,0,0,0.0,0.0,104.7,154.3,-49.7,0,0,0,0,0,0,0,0,0,0,0,0,0,0,0,0,0,0,0,0,0,0
ANDRES FELIZ,Real Madrid,24,ANDRES FELIZ,"GABRIEL DECK, THEO MALEDON, TREY LYLES, USMAN GARUBA",1,5.9,2,0,2,0.0,0,1,0.0,2,2,100.0,1,3,4,3,0,0,0,1,2,7,9,9.0,80.3,124.9,91.5,33.3,0.0,34.7,0,0.0,0,0,0,1,0,0,1,0,0,0,0,0,0,0,0,2,0,0
ANDRES FELIZ,Real Madrid,24,ANDRES FELIZ,"GABRIEL DECK, SERGIO LLULL, THEO MALEDON, TREY LYLES, USMAN GARUBA",1,4.7,0,0,0,0,0,0,0,0,0,0,0,1,1,1,0,0,0,1,0,2,2,2.0,27.6,124.1,212.8,-88.7,0,0,0,0.0,0,0,0,0,0,0,0,0,0,0,0,0,0,0,0,0,0,0
ANDRES FELIZ,Real Madrid,24,ANDRES FELIZ,"ALEX LEN, CHUMA OKEKE, MARIO HEZONJA, SERGIO LLULL",1,1.6,2,1,1,100.0,0,0,0,0,0,0,1,0,1,1,0,0,0,1,0,3,5,5.0,170.6,170.6,193.5,-22.9,100.0,100.0,100.0,0.0,0,0,0,1,1,100,0,0,0,0,0,0,0,0,0,2,0,0
ANDRES FELIZ,Real Madrid,24,ANDRES FELIZ,"SERGIO LLULL, THEO MALEDON, TREY LYLES",1,1.4,3,1,1,100.0,1,1,100.0,0,0,0,0,1,1,0,0,0,0,0,1,0,3,3.0,150.0,150.0,43.5,106.5,150.0,150.0,0.0,0.0,0,0,0,0,0,0,1,1,100,0,1,0,0,0,0,0,0,0
CHUMA OKEKE,Real Madrid,8,CHUMA OKEKE,"ALBERTO ABALDE, FACUNDO CAMPAZZO, MARIO HEZONJA, WALTER TAVARES",1,6.3,5,2,3,66.7,0,1,0.0,1,2,50.0,0,3,3,0,0,0,0,0,4,0,5,5.0,38.8,139.8,199.6,-59.8,66.7,64.4,0.0,0.0,0,0,0,2,2,100,1,0,0,0,0,0,0,0,0,0,4,0
CHUMA OKEKE,Real Madrid,8,CHUMA OKEKE,"ALEX LEN, ANDRES FELIZ, MARIO HEZONJA, SERGIO LLULL",1,1.6,0,0,0,0,0,0,0,0,0,0,0,0,0,0,0,0,1,1,1,0,0,0.0,0.0,170.6,193.5,-22.9,0,0,0,100.0,0,0,0,0,0,0,0,0,0,0,0,0,0,0,1,0,0,0
CHUMA OKEKE,Real Madrid,8,CHUMA OKEKE,"ALEX LEN, FACUNDO CAMPAZZO, MARIO HEZONJA, SERGIO LLULL",1,1.4,0,0,0,0,0,0,0,0,0,0,1,0,1,0,0,0,0,0,0,0,0,0.0,0.0,284.7,100.0,184.7,0,0,0,0,0,0,0,0,0,0,0,0,0,0,0,0,0,0,0,0,0,0
FACUNDO CAMPAZZO,Real Madrid,7,FACUNDO CAMPAZZO,"ALBERTO ABALDE, CHUMA OKEKE, MARIO HEZONJA, WALTER TAVARES",1,6.3,3,1,4,25.0,1,2,50.0,0,0,0,0,0,0,2,1,0,0,0,4,4,7,7.0,54.3,139.8,199.6,-59.8,37.5,37.5,200.0,0.0,0,0,0,2,0,0,2,1,50,0,0,0,0,0,0,0,0,0
FACUNDO CAMPAZZO,Real Madrid,7,FACUNDO CAMPAZZO,"ANDRES FELIZ, SERGIO LLULL, THEO MALEDON, TREY LYLES",1,6.0,1,0,3,0.0,0,2,0.0,1,2,50.0,0,1,1,2,0,0,0,1,4,5,6,6.0,52.3,104.7,154.3,-49.7,0.0,12.9,0,0.0,0,0,0,1,0,0,2,0,0,0,0,0,0,0,0,0,0,0
FACUNDO CAMPAZZO,Real Madrid,7,FACUNDO CAMPAZZO,"GABRIEL DECK, MARIO HEZONJA, SERGIO LLULL, USMAN GARUBA",1,2.4,0,0,1,0.0,0,1,0.0,0,0,0,0,0,0,2,0,0,0,0,1,5,5,5.0,125.0,125.0,84.0,41.0,0.0,0.0,0,0.0,0,0,0,0,0,0,1,0,0,0,0,0,0,0,0,0,0,0
FACUNDO CAMPAZZO,Real Madrid,7,FACUNDO CAMPAZZO,"GABRIEL DECK, SERGIO LLULL, TREY LYLES, WALTER TAVARES",1,2.2,3,1,1,100.0,1,1,100.0,0,0,0,0,0,0,2,0,0,1,0,2,5,8,8.0,200.0,200.0,77.7,122.3,150.0,150.0,200.0,25.0,0,0,0,0,0,0,1,1,100,0,0,0,0,0,1,0,0,3
FACUNDO CAMPAZZO,Real Madrid,7,FACUNDO CAMPAZZO,"ALEX LEN, CHUMA OKEKE, MARIO HEZONJA, SERGIO LLULL",1,1.4,2,0,0,0,0,0,0,2,2,100.0,0,0,0,1,0,0,0,1,1,3,5,5.0,177.9,284.7,100.0,184.7,0,113.6,0,0.0,0,0,0,0,0,0,0,0,0,0,0,0,0,0,0,0,0,0
FACUNDO CAMPAZZO,Real Madrid,7,FACUNDO CAMPAZZO,"GABRIEL DECK, MARIO HEZONJA, SERGIO LLULL, WALTER TAVARES",1,1.4,0,0,0,0,0,0,0,0,0,0,0,0,0,0,0,0,0,0,0,0,0,0.0,0.0,0.0,66.7,-66.7,0,0,0,0,0,0,0,0,0,0,0,0,0,0,0,0,0,0,0,0,0,0
FACUNDO CAMPAZZO,Real Madrid,7,FACUNDO CAMPAZZO,"ALEX LEN, GABRIEL DECK, SERGIO LLULL, TREY LYLES",1,1.3,0,0,0,0,0,0,0,0,0,0,0,0,0,0,0,0,0,0,0,0,0,0.0,0.0,0.0,200.0,-200.0,0,0,0,0,0,0,0,0,0,0,0,0,0,0,0,0,0,0,0,0,0,0
GABRIEL DECK,Real Madrid,14,GABRIEL DECK,"ANDRES FELIZ, THEO MALEDON, TREY LYLES, USMAN GARUBA",1,5.9,5,2,3,66.7,1,1,100.0,0,0,0,0,0,0,0,1,0,0,0,3,0,5,5.0,44.6,124.9,91.5,33.3,83.3,83.3,0.0,0.0,0,0,0,2,1,50,1,1,100,0,0,0,0,0,0,0,2,0
GABRIEL DECK,Real Madrid,14,GABRIEL DECK,"ANDRES FELIZ, SERGIO LLULL, THEO MALEDON, TREY LYLES, USMAN GARUBA",1,4.7,0,0,1,0.0,0,1,0.0,0,0,0,0,1,1,1,0,0,0,0,1,3,3,3.0,41.4,124.1,212.8,-88.7,0.0,0.0,0,0.0,0,0,0,0,0,0,1,0,0,0,0,0,0,0,0,0,0,0
GABRIEL DECK,Real Madrid,14,GABRIEL DECK,"FACUNDO CAMPAZZO, MARIO HEZONJA, SERGIO LLULL, USMAN GARUBA",1,2.4,0,0,0,0,0,0,0,0,0,0,0,1,1,0,0,0,0,0,0,0,0,0.0,0.0,125.0,84.0,41.0,0,0,0,0,0,0,0,0,0,0,0,0,0,0,0,0,0,0,0,0,0,0
GABRIEL DECK,Real Madrid,14,GABRIEL DECK,"FACUNDO CAMPAZZO, SERGIO LLULL, TREY LYLES, WALTER TAVARES",1,2.2,0,0,0,0,0,0,0,0,0,0,0,1,1,0,0,0,0,1,0,0,0,0.0,0.0,200.0,77.7,122.3,0,0,0,0,0,0,0,0,0,0,0,0,0,0,0,0,0,0,0,0,0,0
GABRIEL DECK,Real Madrid,14,GABRIEL DECK,"SERGIO LLULL, THEO MALEDON, TREY LYLES, USMAN GARUBA",1,2.1,4,2,3,66.7,0,0,0,0,0,0,1,0,1,0,0,0,0,0,2,0,4,4.0,105.0,157.5,179.2,-21.7,66.7,66.7,0.0,0.0,0,0,0,3,2,66.7,0,0,0,0,0,0,0,0,0,0,2,0
GABRIEL DECK,Real Madrid,14,GABRIEL DECK,"FACUNDO CAMPAZZO, MARIO HEZONJA, SERGIO LLULL, WALTER TAVARES",1,1.4,0,0,1,0.0,0,1,0.0,0,0,0,0,1,1,0,0,0,0,0,1,0,0,0.0,0.0,0.0,66.7,-66.7,0.0,0.0,0,0.0,0,0,0,0,0,0,1,0,0,0,0,0,0,0,0,0,0,0
GABRIEL DECK,Real Madrid,14,GABRIEL DECK,"ALEX LEN, FACUNDO CAMPAZZO, SERGIO LLULL, TREY LYLES",1,1.3,0,0,1,0.0,0,0,0,0,0,0,1,0,1,0,0,0,0,0,0,0,0,0.0,0.0,0.0,200.0,-200.0,0.0,0.0,0,0.0,0,0,0,1,0,0,0,0,0,0,0,0,0,0,0,0,0,0
MARIO HEZONJA,Real Madrid,11,MARIO HEZONJA,"ALBERTO ABALDE, CHUMA OKEKE, FACUNDO CAMPAZZO, WALTER TAVARES",1,6.3,2,1,1,100.0,0,0,0,0,0,0,0,1,1,2,0,0,0,0,1,5,7,7.0,54.3,139.8,199.6,-59.8,100.0,100.0,200.0,0.0,0,0,0,1,1,100,0,0,0,0,0,0,0,0,0,0,2,0
MARIO HEZONJA,Real Madrid,11,MARIO HEZONJA,"FACUNDO CAMPAZZO, GABRIEL DECK, SERGIO LLULL, USMAN GARUBA",1,2.4,3,1,1,100.0,1,1,100.0,0,0,0,0,1,1,0,0,0,0,0,1,0,3,3.0,75.0,125.0,84.0,41.0,150.0,150.0,0.0,0.0,0,0,0,0,0,0,1,1,100,0,0,0,0,0,0,0,0,0
MARIO HEZONJA,Real Madrid,11,MARIO HEZONJA,"ALEX LEN, ANDRES FELIZ, CHUMA OKEKE, SERGIO LLULL",1,1.6,3,1,2,50.0,1,2,50.0,0,0,0,0,1,1,0,0,0,0,0,2,0,3,3.0,102.4,170.6,193.5,-22.9,75.0,75.0,0.0,0.0,0,0,0,0,0,0,2,1,50,0,0,0,0,0,0,0,3,0
MARIO HEZONJA,Real Madrid,11,MARIO HEZONJA,"ALEX LEN, CHUMA OKEKE, FACUNDO CAMPAZZO, SERGIO LLULL",1,1.4,3,1,2,50.0,1,2,50.0,0,0,0,0,0,0,0,0,0,0,0,2,0,3,3.0,106.8,284.7,100.0,184.7,75.0,75.0,0.0,0.0,0,0,0,0,0,0,2,1,50,0,0,0,0,0,0,0,0,0
MARIO HEZONJA,Real Madrid,11,MARIO HEZONJA,"FACUNDO CAMPAZZO, GABRIEL DECK, SERGIO LLULL, WALTER TAVARES",1,1.4,0,0,0,0,0,0,0,0,0,0,0,0,0,0,0,0,0,0,0,0,0,0.0,0.0,0.0,66.7,-66.7,0,0,0,0,0,0,0,0,0,0,0,0,0,0,0,0,0,0,0,0,0,0
SERGIO LLULL,Real Madrid,23,SERGIO LLULL,"ANDRES FELIZ, FACUNDO CAMPAZZO, THEO MALEDON, TREY LYLES",1,6.0,0,0,0,0,0,0,0,0,0,0,0,0,0,0,0,0,0,0,0,0,0,0.0,0.0,104.7,154.3,-49.7,0,0,0,0,0,0,0,0,0,0,0,0,0,0,0,0,0,0,0,0,0,0
SERGIO LLULL,Real Madrid,23,SERGIO LLULL,"ANDRES FELIZ, GABRIEL DECK, THEO MALEDON, TREY LYLES, USMAN GARUBA",1,4.7,0,0,0,0,0,0,0,0,0,0,0,0,0,0,0,0,0,0,0,0,0,0.0,0.0,124.1,212.8,-88.7,0,0,0,0,0,0,0,0,0,0,0,0,0,0,0,0,0,0,0,0,0,0
SERGIO LLULL,Real Madrid,23,SERGIO LLULL,"FACUNDO CAMPAZZO, GABRIEL DECK, MARIO HEZONJA, USMAN GARUBA",1,2.4,0,0,1,0.0,0,0,0,0,0,0,0,0,0,0,0,0,0,0,1,0,0,0.0,0.0,125.0,84.0,41.0,0.0,0.0,0,0.0,0,0,0,1,0,0,0,0,0,0,0,0,0,0,0,0,0,0
SERGIO LLULL,Real Madrid,23,SERGIO LLULL,"FACUNDO CAMPAZZO, GABRIEL DECK, TREY LYLES, WALTER TAVARES",1,2.2,3,1,1,100.0,1,1,100.0,0,0,0,0,0,0,1,1,0,0,0,1,3,6,6.0,150.0,200.0,77.7,122.3,150.0,150.0,100.0,0.0,0,0,0,0,0,0,1,1,100,0,0,0,0,0,0,0,0,0
SERGIO LLULL,Real Madrid,23,SERGIO LLULL,"GABRIEL DECK, THEO MALEDON, TREY LYLES, USMAN GARUBA",1,2.1,0,0,0,0,0,0,0,0,0,0,0,0,0,0,0,0,0,1,0,0,0,0.0,0.0,157.5,179.2,-21.7,0,0,0,0,0,0,0,0,0,0,0,0,0,0,0,0,0,0,0,0,0,0
SERGIO LLULL,Real Madrid,23,SERGIO LLULL,"ALEX LEN, ANDRES FELIZ, CHUMA OKEKE, MARIO HEZONJA",1,1.6,0,0,0,0,0,0,0,0,0,0,0,1,1,0,0,0,0,0,0,0,0,0.0,0.0,170.6,193.5,-22.9,0,0,0,0,0,0,0,0,0,0,0,0,0,0,0,0,0,0,0,0,0,0
SERGIO LLULL,Real Madrid,23,SERGIO LLULL,"ANDRES FELIZ, THEO MALEDON, TREY LYLES",1,1.4,0,0,0,0,0,0,0,0,0,0,0,0,0,0,0,0,0,0,0,0,0,0.0,0.0,150.0,43.5,106.5,0,0,0,0,0,0,0,0,0,0,0,0,0,0,0,0,0,0,0,0,0,0
SERGIO LLULL,Real Madrid,23,SERGIO LLULL,"ALEX LEN, CHUMA OKEKE, FACUNDO CAMPAZZO, MARIO HEZONJA",1,1.4,3,1,1,100.0,1,1,100.0,0,0,0,0,0,0,1,0,0,0,0,1,3,6,6.0,213.5,284.7,100.0,184.7,150.0,150.0,100.0,0.0,0,0,0,0,0,0,1,1,100,0,0,0,0,0,0,3,0,0
SERGIO LLULL,Real Madrid,23,SERGIO LLULL,"FACUNDO CAMPAZZO, GABRIEL DECK, MARIO HEZONJA, WALTER TAVARES",1,1.4,0,0,1,0.0,0,1,0.0,0,0,0,0,0,0,0,0,0,0,0,1,0,0,0.0,0.0,0.0,66.7,-66.7,0.0,0.0,0,0.0,0,0,0,0,0,0,1,0,0,0,0,0,0,0,0,0,0,0
SERGIO LLULL,Real Madrid,23,SERGIO LLULL,"ALEX LEN, FACUNDO CAMPAZZO, GABRIEL DECK, TREY LYLES",1,1.3,0,0,0,0,0,0,0,0,0,0,0,0,0,0,0,0,0,0,0,0,0,0.0,0.0,0.0,200.0,-200.0,0,0,0,0,0,0,0,0,0,0,0,0,0,0,0,0,0,0,0,0,0,0
THEO MALEDON,Real Madrid,12,THEO MALEDON,"ANDRES FELIZ, FACUNDO CAMPAZZO, SERGIO LLULL, TREY LYLES",1,6.0,0,0,0,0,0,0,0,0,0,0,0,0,0,0,0,0,0,0,0,0,0,0.0,0.0,104.7,154.3,-49.7,0,0,0,0,0,0,0,0,0,0,0,0,0,0,0,0,0,0,0,0,0,0
THEO MALEDON,Real Madrid,12,THEO MALEDON,"ANDRES FELIZ, GABRIEL DECK, TREY LYLES, USMAN GARUBA",1,5.9,0,0,2,0.0,0,0,0,0,0,0,1,0,1,0,0,0,0,0,1,0,0,0.0,0.0,124.9,91.5,33.3,0.0,0.0,0,0.0,0,0,0,2,0,0,0,0,0,0,0,0,0,0,0,0,0,0
THEO MALEDON,Real Madrid,12,THEO MALEDON,"ANDRES FELIZ, GABRIEL DECK, SERGIO LLULL, TREY LYLES, USMAN GARUBA",1,4.7,5,2,4,50.0,1,1,100.0,0,0,0,0,0,0,0,0,0,0,1,4,0,5,5.0,68.9,124.1,212.8,-88.7,62.5,62.5,0.0,0.0,0,0,0,3,1,33.3,1,1,100,0,0,0,0,0,0,3,0,0
THEO MALEDON,Real Madrid,12,THEO MALEDON,"GABRIEL DECK, SERGIO LLULL, TREY LYLES, USMAN GARUBA",1,2.1,0,0,1,0.0,0,0,0,0,0,0,0,1,1,0,1,0,0,0,1,0,0,0.0,0.0,157.5,179.2,-21.7,0.0,0.0,0,0.0,0,0,0,1,0,0,0,0,0,0,0,0,0,0,0,0,0,0
THEO MALEDON,Real Madrid,12,THEO MALEDON,"ANDRES FELIZ, SERGIO LLULL, TREY LYLES",1,1.4,0,0,0,0,0,0,0,0,0,0,0,0,0,0,0,0,0,0,0,0,0,0.0,0.0,150.0,43.5,106.5,0,0,0,0,0,0,0,0,0,0,0,0,0,0,0,0,0,0,0,0,0,0
TREY LYLES,Real Madrid,0,TREY LYLES,"ANDRES FELIZ, FACUNDO CAMPAZZO, SERGIO LLULL, THEO MALEDON",1,6.0,0,0,0,0,0,0,0,0,0,0,0,0,0,0,0,0,0,0,0,0,0,0.0,0.0,104.7,154.3,-49.7,0,0,0,0,0,0,0,0,0,0,0,0,0,0,0,0,0,0,0,0,0,0
TREY LYLES,Real Madrid,0,TREY LYLES,"ANDRES FELIZ, GABRIEL DECK, THEO MALEDON, USMAN GARUBA",1,5.9,5,2,3,66.7,1,1,100.0,0,0,0,0,1,1,0,2,0,0,2,3,0,5,5.0,44.6,124.9,91.5,33.3,83.3,83.3,0.0,0.0,0,0,0,2,1,50,1,1,100,0,0,0,0,0,0,0,5,3
TREY LYLES,Real Madrid,0,TREY LYLES,"ANDRES FELIZ, GABRIEL DECK, SERGIO LLULL, THEO MALEDON, USMAN GARUBA",1,4.7,2,1,4,25.0,0,2,0.0,0,0,0,0,0,0,0,0,0,0,0,4,0,2,2.0,27.6,124.1,212.8,-88.7,25.0,25.0,0.0,0.0,0,0,0,2,1,50,2,0,0,0,0,0,0,0,0,0,0,0
TREY LYLES,Real Madrid,0,TREY LYLES,"FACUNDO CAMPAZZO, GABRIEL DECK, SERGIO LLULL, WALTER TAVARES",1,2.2,0,0,0,0,0,0,0,0,0,0,0,0,0,0,0,0,0,0,0,0,0,0.0,0.0,200.0,77.7,122.3,0,0,0,0,0,0,0,0,0,0,0,0,0,0,0,0,0,0,0,0,0,0
TREY LYLES,Real Madrid,0,TREY LYLES,"GABRIEL DECK, SERGIO LLULL, THEO MALEDON, USMAN GARUBA",1,2.1,2,0,0,0,0,0,0,2,2,100.0,0,0,0,0,0,0,0,0,1,0,2,2.0,52.5,157.5,179.2,-21.7,0,113.6,0,0.0,0,0,0,0,0,0,0,0,0,0,0,0,0,0,0,0,0,0
TREY LYLES,Real Madrid,0,TREY LYLES,"ANDRES FELIZ, SERGIO LLULL, THEO MALEDON",1,1.4,0,0,0,0,0,0,0,0,0,0,0,0,0,0,0,0,0,0,0,0,0,0.0,0.0,150.0,43.5,106.5,0,0,0,0,0,0,0,0,0,0,0,0,0,0,0,0,0,0,0,0,0,0
TREY LYLES,Real Madrid,0,TREY LYLES,"ALEX LEN, FACUNDO CAMPAZZO, GABRIEL DECK, SERGIO LLULL",1,1.3,0,0,1,0.0,0,1,0.0,0,0,0,0,0,0,0,0,0,0,0,1,0,0,0.0,0.0,0.0,200.0,-200.0,0.0,0.0,0,0.0,0,0,0,0,0,0,1,0,0,0,0,0,0,0,0,0,0,0
USMAN GARUBA,Real Madrid,16,USMAN GARUBA,"ANDRES FELIZ, GABRIEL DECK, THEO MALEDON, TREY LYLES",1,5.9,2,1,3,33.3,0,0,0,0,0,0,1,1,2,1,0,1,1,0,3,3,5,5.0,44.6,124.9,91.5,33.3,33.3,33.3,100.0,20.0,0,0,0,3,1,33.3,0,0,0,0,0,0,0,0,1,0,0,0
USMAN GARUBA,Real Madrid,16,USMAN GARUBA,"ANDRES FELIZ, GABRIEL DECK, SERGIO LLULL, THEO MALEDON, TREY LYLES",1,4.7,2,1,2,50.0,0,0,0,0,0,0,2,0,2,0,0,0,0,0,0,0,2,2.0,27.6,124.1,212.8,-88.7,50.0,50.0,0.0,0.0,0,0,0,2,1,50,0,0,0,0,0,0,0,0,0,0,0,0
USMAN GARUBA,Real Madrid,16,USMAN GARUBA,"FACUNDO CAMPAZZO, GABRIEL DECK, MARIO HEZONJA, SERGIO LLULL",1,2.4,2,1,1,100.0,0,0,0,0,0,0,0,0,0,0,0,0,0,1,1,0,2,2.0,50.0,125.0,84.0,41.0,100.0,100.0,0.0,0.0,0,0,0,1,1,100,0,0,0,0,0,0,0,0,0,0,0,0
USMAN GARUBA,Real Madrid,16,USMAN GARUBA,"GABRIEL DECK, SERGIO LLULL, THEO MALEDON, TREY LYLES",1,2.1,0,0,0,0,0,0,0,0,0,0,0,0,0,0,0,0,0,0,0,0,0,0.0,0.0,157.5,179.2,-21.7,0,0,0,0,0,0,0,0,0,0,0,0,0,0,0,0,0,0,0,0,0,0
WALTER TAVARES,Real Madrid,22,WALTER TAVARES,"ALBERTO ABALDE, CHUMA OKEKE, FACUNDO CAMPAZZO, MARIO HEZONJA",1,6.3,2,1,1,100.0,0,0,0,0,0,0,0,2,2,2,0,1,0,0,1,6,8,8.0,62.1,139.8,199.6,-59.8,100.0,100.0,200.0,0.0,0,0,0,1,1,100,0,0,0,0,0,0,0,0,0,0,0,0
WALTER TAVARES,Real Madrid,22,WALTER TAVARES,"FACUNDO CAMPAZZO, GABRIEL DECK, SERGIO LLULL, TREY LYLES",1,2.2,2,1,1,100.0,0,0,0,0,0,0,0,0,0,0,0,1,0,0,1,0,2,2.0,50.0,200.0,77.7,122.3,100.0,100.0,0.0,0.0,0,0,0,1,1,100,0,0,0,0,0,0,0,0,0,0,0,0
WALTER TAVARES,Real Madrid,22,WALTER TAVARES,"FACUNDO CAMPAZZO, GABRIEL DECK, MARIO HEZONJA, SERGIO LLULL",1,1.4,0,0,0,0,0,0,0,0,0,0,0,1,1,0,0,0,0,0,0,0,0,0.0,0.0,0.0,66.7,-66.7,0,0,0,0,0,0,0,0,0,0,0,0,0,0,0,0,0,0,0,0,0,0
BRANCOU BADIO,Valencia Basket,0,BRANCOU BADIO,"JAIME PRADILLA, JEAN MONTERO, JOSEP PUERTO, NATHAN REUVERS",1,5.2,2,1,3,33.3,0,1,0.0,0,0,0,0,0,0,0,0,0,1,1,4,0,2,2.0,22.2,88.9,144.6,-55.8,33.3,33.3,0.0,25.0,0,0,0,2,1,50,1,0,0,0,0,0,0,0,1,0,2,0
BRANCOU BADIO,Valencia Basket,0,BRANCOU BADIO,"BRAXTON KEY, JAIME PRADILLA, NEAL SAKO, SERGIO DE LARREA",1,3.3,0,0,1,0.0,0,1,0.0,0,0,0,0,0,0,1,0,0,1,0,2,3,3,3.0,58.3,116.6,137.7,-21.1,0.0,0.0,0,33.3,0,0,0,0,0,0,1,0,0,0,0,0,0,0,1,0,0,0
BRANCOU BADIO,Valencia Basket,0,BRANCOU BADIO,"JEAN MONTERO, JOSEP PUERTO, SERGIO DE LARREA, XABI LOPEZ-AROSTEGUI",1,3.2,3,1,2,50.0,1,1,100.0,0,0,0,0,0,0,0,0,0,0,2,2,0,3,3.0,42.9,71.4,128.2,-56.8,75.0,75.0,0.0,0.0,0,0,0,1,0,0,1,1,100,0,1,0,0,0,0,0,0,0
BRANCOU BADIO,Valencia Basket,0,BRANCOU BADIO,"JAIME PRADILLA, JOSEP PUERTO, NATHAN REUVERS, SERGIO DE LARREA",1,2.6,2,1,1,100.0,0,0,0,0,0,0,0,0,0,1,0,0,0,0,1,3,5,5.0,112.6,225.2,125.6,99.6,100.0,100.0,100.0,0.0,0,0,0,1,1,100,0,0,0,0,0,0,0,0,0,0,0,0
BRANCOU BADIO,Valencia Basket,0,BRANCOU BADIO,"BRAXTON KEY, MATTHEW COSTELLO, SERGIO DE LARREA, XABI LOPEZ-AROSTEGUI",1,1.6,0,0,0,0,0,0,0,0,0,0,0,0,0,0,0,0,0,0,0,0,0,0.0,0.0,95.1,137.2,-42.1,0,0,0,0,0,0,0,0,0,0,0,0,0,0,0,0,0,0,0,0,0,0
BRAXTON KEY,Valencia Basket,7,BRAXTON KEY,"BRANCOU BADIO, JAIME PRADILLA, NEAL SAKO, SERGIO DE LARREA",1,3.3,3,1,1,100.0,1,1,100.0,0,0,0,0,1,1,0,0,0,0,1,1,0,3,3.0,58.3,116.6,137.7,-21.1,150.0,150.0,0.0,0.0,0,0,0,0,0,0,1,1,100,0,0,0,0,0,0,3,0,3
BRAXTON KEY,Valencia Basket,7,BRAXTON KEY,"JEAN MONTERO, NEAL SAKO, OMARI MOORE, XABI LOPEZ-AROSTEGUI",1,2.6,2,1,2,50.0,0,1,0.0,0,0,0,0,0,0,0,0,0,0,1,2,0,2,2.0,51.8,155.4,215.3,-59.9,50.0,50.0,0.0,0.0,0,0,0,1,1,100,1,0,0,0,0,0,0,0,0,0,0,0
BRAXTON KEY,Valencia Basket,7,BRAXTON KEY,"JAIME PRADILLA, JEAN MONTERO, NATHAN REUVERS, OMARI MOORE",1,2.1,2,1,1,100.0,0,0,0,0,0,0,0,0,0,0,0,0,0,0,1,0,2,2.0,34.7,104.2,41.0,63.2,100.0,100.0,0.0,0.0,0,0,0,1,1,100,0,0,0,0,0,0,0,0,0,0,0,0
BRAXTON KEY,Valencia Basket,7,BRAXTON KEY,"BRANCOU BADIO, MATTHEW COSTELLO, SERGIO DE LARREA, XABI LOPEZ-AROSTEGUI",1,1.6,0,0,1,0.0,0,1,0.0,0,0,0,0,0,0,0,1,0,0,0,1,0,0,0.0,0.0,95.1,137.2,-42.1,0.0,0.0,0,0.0,0,0,0,0,0,0,1,0,0,0,0,0,0,0,0,0,0,0
BRAXTON KEY,Valencia Basket,7,BRAXTON KEY,"JEAN MONTERO, MATTHEW COSTELLO, OMARI MOORE, XABI LOPEZ-AROSTEGUI",1,1.4,0,0,0,0,0,0,0,0,0,0,0,0,0,0,0,0,0,0,0,0,0,0.0,0.0,100.0,284.7,-184.7,0,0,0,0,0,0,0,0,0,0,0,0,0,0,0,0,0,0,0,0,0,0
BRAXTON KEY,Valencia Basket,7,BRAXTON KEY,"JEAN MONTERO, MATTHEW COSTELLO, NATHAN REUVERS, OMARI MOORE",1,1.2,0,0,1,0.0,0,0,0,0,0,0,0,0,0,0,0,0,0,0,1,0,0,0.0,0.0,34.7,250.0,-215.3,0.0,0.0,0,0.0,0,0,0,1,0,0,0,0,0,0,0,0,0,0,0,0,0,0
BRAXTON KEY,Valencia Basket,7,BRAXTON KEY,"JEAN MONTERO, MATTHEW COSTELLO, NEAL SAKO, OMARI MOORE",1,1.2,0,0,0,0,0,0,0,0,0,0,0,0,0,1,0,0,0,0,0,2,2,2.0,106.4,159.6,0.0,159.6,0,0,0,0.0,0,0,0,0,0,0,0,0,0,0,0,0,0,0,0,0,0,0
BRAXTON KEY,Valencia Basket,7,BRAXTON KEY,"MATTHEW COSTELLO, NEAL SAKO, OMARI MOORE, SERGIO DE LARREA",1,1.1,0,0,1,0.0,0,0,0,0,0,0,1,0,1,0,0,0,0,0,0,0,0,0.0,0.0,155.4,100.0,55.4,0.0,0.0,0,0.0,0,0,0,1,0,0,0,0,0,0,0,0,0,0,0,0,0,0
BRAXTON KEY,Valencia Basket,7,BRAXTON KEY,"MATTHEW COSTELLO, NATHAN REUVERS, OMARI MOORE, SERGIO DE LARREA",1,1.1,0,0,0,0,0,0,0,0,0,0,1,0,1,0,0,0,0,0,0,0,0,0.0,0.0,230.8,0.0,230.8,0,0,0,0,0,0,0,0,0,0,0,0,0,0,0,0,0,0,0,0,0,0
JAIME PRADILLA,Valencia Basket,4,JAIME PRADILLA,"BRANCOU BADIO, JEAN MONTERO, JOSEP PUERTO, NATHAN REUVERS",1,5.2,3,1,2,50.0,1,1,100.0,0,0,0,0,3,3,0,0,0,1,2,3,0,3,3.0,33.3,88.9,144.6,-55.8,75.0,75.0,0.0,33.3,0,0,0,1,0,0,1,1,100,0,0,0,0,0,1,0,0,0
JAIME PRADILLA,Valencia Basket,4,JAIME PRADILLA,"BRANCOU BADIO, BRAXTON KEY, NEAL SAKO, SERGIO DE LARREA",1,3.3,3,1,2,50.0,1,1,100.0,0,0,0,2,1,3,0,0,0,0,0,0,0,3,3.0,58.3,116.6,137.7,-21.1,75.0,75.0,0.0,0.0,0,0,0,1,0,0,1,1,100,0,0,0,0,0,0,0,0,0
JAIME PRADILLA,Valencia Basket,4,JAIME PRADILLA,"BRANCOU BADIO, JOSEP PUERTO, NATHAN REUVERS, SERGIO DE LARREA",1,2.6,0,0,0,0,0,0,0,0,0,0,0,0,0,0,0,0,0,0,0,0,0,0.0,0.0,225.2,125.6,99.6,0,0,0,0,0,0,0,0,0,0,0,0,0,0,0,0,0,0,0,0,0,0
JAIME PRADILLA,Valencia Basket,4,JAIME PRADILLA,"BRAXTON KEY, JEAN MONTERO, NATHAN REUVERS, OMARI MOORE",1,2.1,0,0,0,0,0,0,0,0,0,0,0,2,2,1,0,0,0,0,0,2,2,2.0,34.7,104.2,41.0,63.2,0,0,0,0.0,0,0,0,0,0,0,0,0,0,0,0,0,0,0,0,0,0,0
JAIME PRADILLA,Valencia Basket,4,JAIME PRADILLA,"JEAN MONTERO, JOSEP PUERTO, NATHAN REUVERS, OMARI MOORE",1,2.1,0,0,1,0.0,0,0,0,0,0,0,0,1,1,0,0,0,0,0,1,0,0,0.0,0.0,33.3,160.0,-126.7,0.0,0.0,0,0.0,0,0,0,1,0,0,0,0,0,0,0,0,0,0,0,0,0,0
JAIME PRADILLA,Valencia Basket,4,JAIME PRADILLA,"JEAN MONTERO, JOSEP PUERTO, NATHAN REUVERS, SERGIO DE LARREA",1,1.2,0,0,1,0.0,0,1,0.0,0,0,0,0,0,0,0,0,0,0,0,1,0,0,0.0,0.0,0.0,200.0,-200.0,0.0,0.0,0,0.0,0,0,0,0,0,0,1,0,0,0,0,0,0,0,0,0,0,0
JEAN MONTERO,Valencia Basket,8,JEAN MONTERO,"BRANCOU BADIO, JAIME PRADILLA, JOSEP PUERTO, NATHAN REUVERS",1,5.2,3,1,1,100.0,1,1,100.0,0,0,0,0,1,1,1,0,1,0,0,1,3,6,6.0,66.7,88.9,144.6,-55.8,150.0,150.0,100.0,0.0,0,0,0,0,0,0,1,1,100,0,1,0,0,0,0,0,0,0
JEAN MONTERO,Valencia Basket,8,JEAN MONTERO,"BRANCOU BADIO, JOSEP PUERTO, SERGIO DE LARREA, XABI LOPEZ-AROSTEGUI",1,3.2,0,0,0,0,0,0,0,0,0,0,0,0,0,0,0,0,0,0,0,0,0,0.0,0.0,71.4,128.2,-56.8,0,0,0,0,0,0,0,0,0,0,0,0,0,0,0,0,0,0,0,0,0,0
JEAN MONTERO,Valencia Basket,8,JEAN MONTERO,"MATTHEW COSTELLO, NEAL SAKO, OMARI MOORE, SERGIO DE LARREA, XABI LOPEZ-AROSTEGUI",1,2.7,4,1,2,50.0,1,1,100.0,1,1,100.0,0,0,0,1,0,0,0,0,2,2,6,6.0,113.2,113.2,127.2,-14.0,75.0,82.0,100.0,0.0,0,0,0,1,0,0,1,1,100,0,0,0,0,0,0,0,0,0
JEAN MONTERO,Valencia Basket,8,JEAN MONTERO,"BRAXTON KEY, NEAL SAKO, OMARI MOORE, XABI LOPEZ-AROSTEGUI",1,2.6,2,1,1,100.0,0,0,0,0,0,0,0,0,0,1,0,0,0,0,1,2,4,4.0,103.6,155.4,215.3,-59.9,100.0,100.0,100.0,0.0,0,0,0,1,1,100,0,0,0,0,0,0,0,0,0,0,0,0
JEAN MONTERO,Valencia Basket,8,JEAN MONTERO,"BRAXTON KEY, JAIME PRADILLA, NATHAN REUVERS, OMARI MOORE",1,2.1,3,1,2,50.0,0,0,0,1,1,100.0,0,0,0,1,0,0,0,0,2,2,5,5.0,86.8,104.2,41.0,63.2,50.0,61.5,100.0,0.0,0,0,0,2,1,50,0,0,0,0,0,0,0,0,0,0,3,0
JEAN MONTERO,Valencia Basket,8,JEAN MONTERO,"JAIME PRADILLA, JOSEP PUERTO, NATHAN REUVERS, OMARI MOORE",1,2.1,0,0,1,0.0,0,1,0.0,0,0,0,0,0,0,0,0,0,0,0,1,0,0,0.0,0.0,33.3,160.0,-126.7,0.0,0.0,0,0.0,0,0,0,0,0,0,1,0,0,0,0,0,0,0,0,0,0,0
JEAN MONTERO,Valencia Basket,8,JEAN MONTERO,"JOSEP PUERTO, NEAL SAKO, OMARI MOORE, SERGIO DE LARREA, XABI LOPEZ-AROSTEGUI",1,1.6,0,0,0,0,0,0,0,0,0,0,0,0,0,0,0,0,0,0,0,0,0,0.0,0.0,170.6,51.2,119.4,0,0,0,0,0,0,0,0,0,0,0,0,0,0,0,0,0,0,0,0,0,0
JEAN MONTERO,Valencia Basket,8,JEAN MONTERO,"JOSEP PUERTO, MATTHEW COSTELLO, NEAL SAKO, OMARI MOORE",1,1.6,0,0,0,0,0,0,0,0,0,0,0,1,1,0,0,0,0,0,0,0,0,0.0,0.0,133.3,87.2,46.1,0,0,0,0,0,0,0,0,0,0,0,0,0,0,0,0,0,0,0,0,0,0
JEAN MONTERO,Valencia Basket,8,JEAN MONTERO,"BRAXTON KEY, MATTHEW COSTELLO, OMARI MOORE, XABI LOPEZ-AROSTEGUI",1,1.4,2,1,2,50.0,0,1,0.0,0,0,0,0,0,0,0,0,0,0,0,2,0,2,2.0,100.0,100.0,284.7,-184.7,50.0,50.0,0.0,0.0,0,0,0,1,1,100,1,0,0,0,0,0,0,0,0,0,0,0
JEAN MONTERO,Valencia Basket,8,JEAN MONTERO,"JAIME PRADILLA, JOSEP PUERTO, NATHAN REUVERS, SERGIO DE LARREA",1,1.2,0,0,0,0,0,0,0,0,0,0,0,0,0,0,0,0,0,0,0,0,0,0.0,0.0,0.0,200.0,-200.0,0,0,0,0,0,0,0,0,0,0,0,0,0,0,0,0,0,0,0,0,0,0
JEAN MONTERO,Valencia Basket,8,JEAN MONTERO,"BRAXTON KEY, MATTHEW COSTELLO, NATHAN REUVERS, OMARI MOORE",1,1.2,0,0,0,0,0,0,0,0,0,0,0,0,0,0,0,0,0,0,0,0,0,0.0,0.0,34.7,250.0,-215.3,0,0,0,0,0,0,0,0,0,0,0,0,0,0,0,0,0,0,0,0,0,0
JEAN MONTERO,Valencia Basket,8,JEAN MONTERO,"BRAXTON KEY, MATTHEW COSTELLO, NEAL SAKO, OMARI MOORE",1,1.2,1,0,0,0,0,0,0,1,2,50.0,0,0,0,0,0,1,0,0,1,0,1,1.0,53.2,159.6,0.0,159.6,0,56.8,0,0.0,0,0,0,0,0,0,0,0,0,0,0,0,0,0,0,0,0,0
JOSEP PUERTO,Valencia Basket,2,JOSEP PUERTO,"BRANCOU BADIO, JAIME PRADILLA, JEAN MONTERO, NATHAN REUVERS",1,5.2,0,0,1,0.0,0,1,0.0,0,0,0,0,0,0,0,0,0,0,0,1,0,0,0.0,0.0,88.9,144.6,-55.8,0.0,0.0,0,0.0,0,0,0,0,0,0,1,0,0,0,0,0,0,0,0,0,0,0
JOSEP PUERTO,Valencia Basket,2,JOSEP PUERTO,"BRANCOU BADIO, JEAN MONTERO, SERGIO DE LARREA, XABI LOPEZ-AROSTEGUI",1,3.2,2,1,3,33.3,0,2,0.0,0,0,0,0,0,0,0,0,0,0,1,3,0,2,2.0,28.6,71.4,128.2,-56.8,33.3,33.3,0.0,0.0,0,0,0,1,1,100,2,0,0,0,0,0,0,0,0,0,0,0
JOSEP PUERTO,Valencia Basket,2,JOSEP PUERTO,"BRANCOU BADIO, JAIME PRADILLA, NATHAN REUVERS, SERGIO DE LARREA",1,2.6,3,1,1,100.0,1,1,100.0,0,0,0,0,0,0,0,0,0,0,0,1,0,3,3.0,67.6,225.2,125.6,99.6,150.0,150.0,0.0,0.0,0,0,0,0,0,0,1,1,100,0,0,0,0,0,0,0,3,0
JOSEP PUERTO,Valencia Basket,2,JOSEP PUERTO,"JAIME PRADILLA, JEAN MONTERO, NATHAN REUVERS, OMARI MOORE",1,2.1,0,0,0,0,0,0,0,0,0,0,0,0,0,0,0,0,1,0,1,0,0,0.0,0.0,33.3,160.0,-126.7,0,0,0,100.0,0,0,0,0,0,0,0,0,0,0,0,0,0,0,1,0,0,0
JOSEP PUERTO,Valencia Basket,2,JOSEP PUERTO,"JEAN MONTERO, NEAL SAKO, OMARI MOORE, SERGIO DE LARREA, XABI LOPEZ-AROSTEGUI",1,1.6,2,1,1,100.0,0,0,0,0,0,0,0,1,1,0,0,0,0,0,1,0,2,2.0,68.3,170.6,51.2,119.4,100.0,100.0,0.0,0.0,0,0,0,1,1,100,0,0,0,0,0,0,0,0,0,0,2,0
JOSEP PUERTO,Valencia Basket,2,JOSEP PUERTO,"JEAN MONTERO, MATTHEW COSTELLO, NEAL SAKO, OMARI MOORE",1,1.6,4,2,2,100.0,0,0,0,0,0,0,0,0,0,0,0,0,0,0,2,0,4,4.0,133.3,133.3,87.2,46.1,100.0,100.0,0.0,0.0,0,0,0,2,2,100,0,0,0,0,0,0,0,0,0,0,0,0
JOSEP PUERTO,Valencia Basket,2,JOSEP PUERTO,"JAIME PRADILLA, JEAN MONTERO, NATHAN REUVERS, SERGIO DE LARREA",1,1.2,0,0,2,0.0,0,0,0,0,0,0,1,0,1,0,0,0,0,0,1,0,0,0.0,0.0,0.0,200.0,-200.0,0.0,0.0,0,0.0,0,0,0,2,0,0,0,0,0,0,0,0,0,0,0,0,0,0
MATTHEW COSTELLO,Valencia Basket,24,MATTHEW COSTELLO,"JEAN MONTERO, NEAL SAKO, OMARI MOORE, SERGIO DE LARREA, XABI LOPEZ-AROSTEGUI",1,2.7,0,0,1,0.0,0,0,0,0,0,0,1,1,2,0,0,0,0,0,0,0,0,0.0,0.0,113.2,127.2,-14.0,0.0,0.0,0,0.0,0,0,0,1,0,0,0,0,0,0,0,0,0,0,0,0,0,0
MATTHEW COSTELLO,Valencia Basket,24,MATTHEW COSTELLO,"BRANCOU BADIO, BRAXTON KEY, SERGIO DE LARREA, XABI LOPEZ-AROSTEGUI",1,1.6,0,0,0,0,0,0,0,0,0,0,1,0,1,0,0,0,0,0,0,0,0,0.0,0.0,95.1,137.2,-42.1,0,0,0,0,0,0,0,0,0,0,0,0,0,0,0,0,0,0,0,0,0,0
MATTHEW COSTELLO,Valencia Basket,24,MATTHEW COSTELLO,"JEAN MONTERO, JOSEP PUERTO, NEAL SAKO, OMARI MOORE",1,1.6,0,0,1,0.0,0,1,0.0,0,0,0,0,1,1,0,0,0,0,0,1,0,0,0.0,0.0,133.3,87.2,46.1,0.0,0.0,0,0.0,0,0,0,0,0,0,1,0,0,0,0,0,0,0,0,0,0,0
MATTHEW COSTELLO,Valencia Basket,24,MATTHEW COSTELLO,"BRAXTON KEY, JEAN MONTERO, OMARI MOORE, XABI LOPEZ-AROSTEGUI",1,1.4,0,0,0,0,0,0,0,0,0,0,0,0,0,0,0,0,0,0,0,0,0,0.0,0.0,100.0,284.7,-184.7,0,0,0,0,0,0,0,0,0,0,0,0,0,0,0,0,0,0,0,0,0,0
MATTHEW COSTELLO,Valencia Basket,24,MATTHEW COSTELLO,"BRAXTON KEY, JEAN MONTERO, NATHAN REUVERS, OMARI MOORE",1,1.2,0,0,0,0,0,0,0,0,0,0,0,0,0,0,0,0,0,0,0,0,0,0.0,0.0,34.7,250.0,-215.3,0,0,0,0,0,0,0,0,0,0,0,0,0,0,0,0,0,0,0,0,0,0
MATTHEW COSTELLO,Valencia Basket,24,MATTHEW COSTELLO,"BRAXTON KEY, JEAN MONTERO, NEAL SAKO, OMARI MOORE",1,1.2,0,0,0,0,0,0,0,0,0,0,0,0,0,0,0,0,0,0,0,0,0,0.0,0.0,159.6,0.0,159.6,0,0,0,0,0,0,0,0,0,0,0,0,0,0,0,0,0,0,0,0,0,0
MATTHEW COSTELLO,Valencia Basket,24,MATTHEW COSTELLO,"BRAXTON KEY, NEAL SAKO, OMARI MOORE, SERGIO DE LARREA",1,1.1,0,0,0,0,0,0,0,0,0,0,0,0,0,0,0,0,0,0,0,0,0,0.0,0.0,155.4,100.0,55.4,0,0,0,0,0,0,0,0,0,0,0,0,0,0,0,0,0,0,0,0,0,0
MATTHEW COSTELLO,Valencia Basket,24,MATTHEW COSTELLO,"BRAXTON KEY, NATHAN REUVERS, OMARI MOORE, SERGIO DE LARREA",1,1.1,0,0,1,0.0,0,1,0.0,0,0,0,0,0,0,0,0,0,0,0,1,0,0,0.0,0.0,230.8,0.0,230.8,0.0,0.0,0,0.0,0,0,0,0,0,0,1,0,0,0,0,0,0,0,0,0,0,0
NATHAN REUVERS,Valencia Basket,3,NATHAN REUVERS,"BRANCOU BADIO, JAIME PRADILLA, JEAN MONTERO, JOSEP PUERTO",1,5.2,0,0,0,0,0,0,0,0,0,0,0,0,0,0,0,0,0,1,0,0,0,0.0,0.0,88.9,144.6,-55.8,0,0,0,0,0,0,0,0,0,0,0,0,0,0,0,0,0,0,0,0,0,0
NATHAN REUVERS,Valencia Basket,3,NATHAN REUVERS,"BRANCOU BADIO, JAIME PRADILLA, JOSEP PUERTO, SERGIO DE LARREA",1,2.6,3,1,1,100.0,1,1,100.0,0,0,0,0,0,0,0,0,0,0,0,1,0,3,3.0,67.6,225.2,125.6,99.6,150.0,150.0,0.0,0.0,0,0,0,0,0,0,1,1,100,0,0,0,0,0,0,0,0,0
NATHAN REUVERS,Valencia Basket,3,NATHAN REUVERS,"BRAXTON KEY, JAIME PRADILLA, JEAN MONTERO, OMARI MOORE",1,2.1,1,0,0,0,0,0,0,1,3,33.3,0,1,1,0,0,0,0,1,1,0,1,1.0,17.4,104.2,41.0,63.2,0,37.9,0,0.0,0,0,0,0,0,0,0,0,0,0,0,0,0,0,0,0,1,0
NATHAN REUVERS,Valencia Basket,3,NATHAN REUVERS,"JAIME PRADILLA, JEAN MONTERO, JOSEP PUERTO, OMARI MOORE",1,2.1,0,0,0,0,0,0,0,0,0,0,0,0,0,0,1,0,0,0,0,0,0,0.0,0.0,33.3,160.0,-126.7,0,0,0,0,0,0,0,0,0,0,0,0,0,0,0,0,0,0,0,0,0,0
NATHAN REUVERS,Valencia Basket,3,NATHAN REUVERS,"JAIME PRADILLA, JEAN MONTERO, JOSEP PUERTO, SERGIO DE LARREA",1,1.2,0,0,0,0,0,0,0,0,0,0,0,0,0,0,0,0,0,0,0,0,0,0.0,0.0,0.0,200.0,-200.0,0,0,0,0,0,0,0,0,0,0,0,0,0,0,0,0,0,0,0,0,0,0
NATHAN REUVERS,Valencia Basket,3,NATHAN REUVERS,"BRAXTON KEY, JEAN MONTERO, MATTHEW COSTELLO, OMARI MOORE",1,1.2,1,0,0,0,0,0,0,1,2,50.0,0,0,0,0,0,0,0,0,1,0,1,1.0,34.7,34.7,250.0,-215.3,0,56.8,0,0.0,0,0,0,0,0,0,0,0,0,0,0,0,0,0,0,0,1,1
NATHAN REUVERS,Valencia Basket,3,NATHAN REUVERS,"BRAXTON KEY, MATTHEW COSTELLO, OMARI MOORE, SERGIO DE LARREA",1,1.1,0,0,0,0,0,0,0,0,0,0,1,0,1,0,0,0,0,0,0,0,0,0.0,0.0,230.8,0.0,230.8,0,0,0,0,0,0,0,0,0,0,0,0,0,0,0,0,0,0,0,0,0,0
NEAL SAKO,Valencia Basket,12,NEAL SAKO,"BRANCOU BADIO, BRAXTON KEY, JAIME PRADILLA, SERGIO DE LARREA",1,3.3,0,0,2,0.0,0,0,0,0,0,0,0,0,0,0,0,1,0,0,2,0,0,0.0,0.0,116.6,137.7,-21.1,0.0,0.0,0,0.0,0,0,0,2,0,0,0,0,0,0,0,0,0,0,0,0,0,0
NEAL SAKO,Valencia Basket,12,NEAL SAKO,"JEAN MONTERO, MATTHEW COSTELLO, OMARI MOORE, SERGIO DE LARREA, XABI LOPEZ-AROSTEGUI",1,2.7,2,1,1,100.0,0,0,0,0,0,0,0,1,1,0,0,1,0,0,1,0,2,2.0,37.7,113.2,127.2,-14.0,100.0,100.0,0.0,0.0,0,0,0,1,1,100,0,0,0,0,0,0,0,0,0,0,2,0
NEAL SAKO,Valencia Basket,12,NEAL SAKO,"BRAXTON KEY, JEAN MONTERO, OMARI MOORE, XABI LOPEZ-AROSTEGUI",1,2.6,2,1,1,100.0,0,0,0,0,0,0,1,1,2,0,0,1,0,1,0,0,2,2.0,51.8,155.4,215.3,-59.9,100.0,100.0,0.0,0.0,0,0,0,1,1,100,0,0,0,0,0,0,0,0,0,2,0,0
NEAL SAKO,Valencia Basket,12,NEAL SAKO,"JEAN MONTERO, JOSEP PUERTO, OMARI MOORE, SERGIO DE LARREA, XABI LOPEZ-AROSTEGUI",1,1.6,0,0,0,0,0,0,0,0,0,0,0,1,1,0,0,0,0,0,0,0,0,0.0,0.0,170.6,51.2,119.4,0,0,0,0,0,0,0,0,0,0,0,0,0,0,0,0,0,0,0,0,0,0
NEAL SAKO,Valencia Basket,12,NEAL SAKO,"JEAN MONTERO, JOSEP PUERTO, MATTHEW COSTELLO, OMARI MOORE",1,1.6,0,0,0,0,0,0,0,0,0,0,0,1,1,0,0,0,0,0,0,0,0,0.0,0.0,133.3,87.2,46.1,0,0,0,0,0,0,0,0,0,0,0,0,0,0,0,0,0,0,0,0,0,0
NEAL SAKO,Valencia Basket,12,NEAL SAKO,"BRAXTON KEY, JEAN MONTERO, MATTHEW COSTELLO, OMARI MOORE",1,1.2,2,1,1,100.0,0,0,0,0,0,0,0,1,1,0,0,0,0,0,1,0,2,2.0,106.4,159.6,0.0,159.6,100.0,100.0,0.0,0.0,0,0,0,1,1,100,0,0,0,0,0,0,0,0,0,0,0,0
NEAL SAKO,Valencia Basket,12,NEAL SAKO,"BRAXTON KEY, MATTHEW COSTELLO, OMARI MOORE, SERGIO DE LARREA",1,1.1,0,0,0,0,0,0,0,0,0,0,0,0,0,0,0,0,0,0,0,0,0,0.0,0.0,155.4,100.0,55.4,0,0,0,0,0,0,0,0,0,0,0,0,0,0,0,0,0,0,0,0,0,0
OMARI MOORE,Valencia Basket,10,OMARI MOORE,"JEAN MONTERO, MATTHEW COSTELLO, NEAL SAKO, SERGIO DE LARREA, XABI LOPEZ-AROSTEGUI",1,2.7,0,0,2,0.0,0,0,0,0,0,0,1,0,1,1,0,0,0,0,1,3,3,3.0,56.6,113.2,127.2,-14.0,0.0,0.0,0,0.0,0,0,0,2,0,0,0,0,0,0,0,0,0,0,0,0,0,0
OMARI MOORE,Valencia Basket,10,OMARI MOORE,"BRAXTON KEY, JEAN MONTERO, NEAL SAKO, XABI LOPEZ-AROSTEGUI",1,2.6,0,0,1,0.0,0,1,0.0,0,0,0,1,0,1,1,0,0,1,0,1,2,2,2.0,51.8,155.4,215.3,-59.9,0.0,0.0,0,33.3,0,0,0,0,0,0,1,0,0,0,0,0,0,0,1,0,0,0
OMARI MOORE,Valencia Basket,10,OMARI MOORE,"BRAXTON KEY, JAIME PRADILLA, JEAN MONTERO, NATHAN REUVERS",1,2.1,0,0,1,0.0,0,0,0,0,0,0,0,0,0,0,0,0,0,0,1,0,0,0.0,0.0,104.2,41.0,63.2,0.0,0.0,0,0.0,0,0,0,1,0,0,0,0,0,0,0,0,0,0,0,0,0,0
OMARI MOORE,Valencia Basket,10,OMARI MOORE,"JAIME PRADILLA, JEAN MONTERO, JOSEP PUERTO, NATHAN REUVERS",1,2.1,2,1,2,50.0,0,0,0,0,0,0,0,0,0,0,0,0,1,0,3,0,2,2.0,33.3,33.3,160.0,-126.7,50.0,50.0,0.0,33.3,0,0,0,2,1,50,0,0,0,0,0,0,0,0,1,0,0,2
OMARI MOORE,Valencia Basket,10,OMARI MOORE,"JEAN MONTERO, JOSEP PUERTO, NEAL SAKO, SERGIO DE LARREA, XABI LOPEZ-AROSTEGUI",1,1.6,3,1,1,100.0,1,1,100.0,0,0,0,0,0,0,0,0,0,0,0,1,0,3,3.0,102.4,170.6,51.2,119.4,150.0,150.0,0.0,0.0,0,0,0,0,0,0,1,1,100,0,1,0,0,0,0,0,0,0
OMARI MOORE,Valencia Basket,10,OMARI MOORE,"JEAN MONTERO, JOSEP PUERTO, MATTHEW COSTELLO, NEAL SAKO",1,1.6,0,0,0,0,0,0,0,0,0,0,0,0,0,1,0,0,0,0,0,2,2,2.0,66.7,133.3,87.2,46.1,0,0,0,0.0,0,0,0,0,0,0,0,0,0,0,0,0,0,0,0,0,0,0
OMARI MOORE,Valencia Basket,10,OMARI MOORE,"BRAXTON KEY, JEAN MONTERO, MATTHEW COSTELLO, XABI LOPEZ-AROSTEGUI",1,1.4,0,0,0,0,0,0,0,0,0,0,0,0,0,0,0,0,0,0,0,0,0,0.0,0.0,100.0,284.7,-184.7,0,0,0,0,0,0,0,0,0,0,0,0,0,0,0,0,0,0,0,0,0,0
OMARI MOORE,Valencia Basket,10,OMARI MOORE,"BRAXTON KEY, JEAN MONTERO, MATTHEW COSTELLO, NATHAN REUVERS",1,1.2,0,0,1,0.0,0,1,0.0,0,0,0,0,0,0,0,0,0,0,0,1,0,0,0.0,0.0,34.7,250.0,-215.3,0.0,0.0,0,0.0,0,0,0,0,0,0,1,0,0,0,0,0,0,0,0,0,0,0
OMARI MOORE,Valencia Basket,10,OMARI MOORE,"BRAXTON KEY, JEAN MONTERO, MATTHEW COSTELLO, NEAL SAKO",1,1.2,0,0,0,0,0,0,0,0,0,0,0,0,0,0,0,0,0,0,0,0,0,0.0,0.0,159.6,0.0,159.6,0,0,0,0,0,0,0,0,0,0,0,0,0,0,0,0,0,0,0,0,0,0
OMARI MOORE,Valencia Basket,10,OMARI MOORE,"BRAXTON KEY, MATTHEW COSTELLO, NEAL SAKO, SERGIO DE LARREA",1,1.1,0,0,0,0,0,0,0,0,0,0,0,0,0,0,0,0,0,0,0,0,0,0.0,0.0,155.4,100.0,55.4,0,0,0,0,0,0,0,0,0,0,0,0,0,0,0,0,0,0,0,0,0,0
OMARI MOORE,Valencia Basket,10,OMARI MOORE,"BRAXTON KEY, MATTHEW COSTELLO, NATHAN REUVERS, SERGIO DE LARREA",1,1.1,3,1,1,100.0,0,0,0,1,1,100.0,0,0,0,0,0,0,0,0,1,0,3,3.0,230.8,230.8,0.0,230.8,100.0,104.2,0.0,0.0,0,0,0,1,1,100,0,0,0,0,0,0,0,0,0,2,0,2
SERGIO DE LARREA,Valencia Basket,5,SERGIO DE LARREA,"BRANCOU BADIO, BRAXTON KEY, JAIME PRADILLA, NEAL SAKO",1,3.3,0,0,0,0,0,0,0,0,0,0,0,0,0,1,1,0,1,1,1,3,3,3.0,58.3,116.6,137.7,-21.1,0,0,0,50.0,0,0,0,0,0,0,0,0,0,0,0,0,0,0,1,0,0,0
SERGIO DE LARREA,Valencia Basket,5,SERGIO DE LARREA,"BRANCOU BADIO, JEAN MONTERO, JOSEP PUERTO, XABI LOPEZ-AROSTEGUI",1,3.2,0,0,0,0,0,0,0,0,0,0,0,0,0,0,0,0,0,0,0,0,0,0.0,0.0,71.4,128.2,-56.8,0,0,0,0,0,0,0,0,0,0,0,0,0,0,0,0,0,0,0,0,0,0
SERGIO DE LARREA,Valencia Basket,5,SERGIO DE LARREA,"JEAN MONTERO, MATTHEW COSTELLO, NEAL SAKO, OMARI MOORE, XABI LOPEZ-AROSTEGUI",1,2.7,0,0,0,0,0,0,0,0,0,0,0,0,0,0,0,0,0,0,0,0,0,0.0,0.0,113.2,127.2,-14.0,0,0,0,0,0,0,0,0,0,0,0,0,0,0,0,0,0,0,0,0,0,0
SERGIO DE LARREA,Valencia Basket,5,SERGIO DE LARREA,"BRANCOU BADIO, JAIME PRADILLA, JOSEP PUERTO, NATHAN REUVERS",1,2.6,2,1,1,100.0,0,0,0,0,1,0.0,0,0,0,1,0,0,0,0,1,3,5,5.0,112.6,225.2,125.6,99.6,100.0,69.4,100.0,0.0,0,0,0,1,1,100,0,0,0,0,0,0,0,0,0,0,2,0
SERGIO DE LARREA,Valencia Basket,5,SERGIO DE LARREA,"JEAN MONTERO, JOSEP PUERTO, NEAL SAKO, OMARI MOORE, XABI LOPEZ-AROSTEGUI",1,1.6,0,0,0,0,0,0,0,0,0,0,0,0,0,0,0,0,0,0,0,0,0,0.0,0.0,170.6,51.2,119.4,0,0,0,0,0,0,0,0,0,0,0,0,0,0,0,0,0,0,0,0,0,0
SERGIO DE LARREA,Valencia Basket,5,SERGIO DE LARREA,"BRANCOU BADIO, BRAXTON KEY, MATTHEW COSTELLO, XABI LOPEZ-AROSTEGUI",1,1.6,3,0,0,0,0,0,0,3,4,75.0,1,0,1,0,0,0,0,0,1,0,3,3.0,95.1,95.1,137.2,-42.1,0,85.2,0,0.0,0,0,0,0,0,0,0,0,0,0,0,0,0,0,0,3,0,1
SERGIO DE LARREA,Valencia Basket,5,SERGIO DE LARREA,"JAIME PRADILLA, JEAN MONTERO, JOSEP PUERTO, NATHAN REUVERS",1,1.2,0,0,0,0,0,0,0,0,0,0,0,0,0,0,0,0,0,0,0,0,0,0.0,0.0,0.0,200.0,-200.0,0,0,0,0,0,0,0,0,0,0,0,0,0,0,0,0,0,0,0,0,0,0
SERGIO DE LARREA,Valencia Basket,5,SERGIO DE LARREA,"BRAXTON KEY, MATTHEW COSTELLO, NEAL SAKO, OMARI MOORE",1,1.1,3,1,2,50.0,1,1,100.0,0,0,0,0,0,0,0,0,0,0,0,2,0,3,3.0,155.4,155.4,100.0,55.4,75.0,75.0,0.0,0.0,0,0,0,1,0,0,1,1,100,0,1,0,0,0,0,0,0,0
SERGIO DE LARREA,Valencia Basket,5,SERGIO DE LARREA,"BRAXTON KEY, MATTHEW COSTELLO, NATHAN REUVERS, OMARI MOORE",1,1.1,0,0,1,0.0,0,0,0,0,0,0,0,0,0,0,0,0,0,0,1,0,0,0.0,0.0,230.8,0.0,230.8,0.0,0.0,0,0.0,0,0,0,1,0,0,0,0,0,0,0,0,0,0,0,0,0,0
XABI LOPEZ-AROSTEGUI,Valencia Basket,6,XABI LOPEZ-AROSTEGUI,"BRANCOU BADIO, JEAN MONTERO, JOSEP PUERTO, SERGIO DE LARREA",1,3.2,0,0,0,0,0,0,0,0,0,0,0,0,0,0,0,0,0,0,0,0,0,0.0,0.0,71.4,128.2,-56.8,0,0,0,0,0,0,0,0,0,0,0,0,0,0,0,0,0,0,0,0,0,0
XABI LOPEZ-AROSTEGUI,Valencia Basket,6,XABI LOPEZ-AROSTEGUI,"JEAN MONTERO, MATTHEW COSTELLO, NEAL SAKO, OMARI MOORE, SERGIO DE LARREA",1,2.7,0,0,1,0.0,0,1,0.0,0,0,0,0,0,0,0,0,0,0,0,1,0,0,0.0,0.0,113.2,127.2,-14.0,0.0,0.0,0,0.0,0,0,0,0,0,0,1,0,0,0,0,0,0,0,0,0,0,0
XABI LOPEZ-AROSTEGUI,Valencia Basket,6,XABI LOPEZ-AROSTEGUI,"BRAXTON KEY, JEAN MONTERO, NEAL SAKO, OMARI MOORE",1,2.6,0,0,0,0,0,0,0,0,0,0,0,0,0,0,0,0,0,1,0,0,0,0.0,0.0,155.4,215.3,-59.9,0,0,0,0,0,0,0,0,0,0,0,0,0,0,0,0,0,0,0,0,0,0
XABI LOPEZ-AROSTEGUI,Valencia Basket,6,XABI LOPEZ-AROSTEGUI,"JEAN MONTERO, JOSEP PUERTO, NEAL SAKO, OMARI MOORE, SERGIO DE LARREA",1,1.6,0,0,0,0,0,0,0,0,0,0,0,0,0,0,0,0,0,0,0,0,0,0.0,0.0,170.6,51.2,119.4,0,0,0,0,0,0,0,0,0,0,0,0,0,0,0,0,0,0,0,0,0,0
XABI LOPEZ-AROSTEGUI,Valencia Basket,6,XABI LOPEZ-AROSTEGUI,"BRANCOU BADIO, BRAXTON KEY, MATTHEW COSTELLO, SERGIO DE LARREA",1,1.6,0,0,2,0.0,0,1,0.0,0,0,0,0,0,0,0,0,0,0,0,2,0,0,0.0,0.0,95.1,137.2,-42.1,0.0,0.0,0,0.0,0,0,0,1,0,0,1,0,0,0,0,0,0,0,0,0,0,0
XABI LOPEZ-AROSTEGUI,Valencia Basket,6,XABI LOPEZ-AROSTEGUI,"BRAXTON KEY, JEAN MONTERO, MATTHEW COSTELLO, OMARI MOORE",1,1.4,0,0,0,0,0,0,0,0,0,0,0,0,0,0,0,0,0,0,0,0,0,0.0,0.0,100.0,284.7,-184.7,0,0,0,0,0,0,0,0,0,0,0,0,0,0,0,0,0,0,0,0,0,0
ALEN SMAILAGIC,Virtus Bologna,9,ALEN SMAILAGIC,"ALESSANDRO PAJOLA, CARSEN EDWARDS, FRANCESCO FERRARI, MATTEO ACCORSI, MATTEO BAIOCCHI, MATTHEW MORGAN, SALIOU NIANG",1,3.8,5,1,3,33.3,1,2,50.0,2,2,100.0,1,0,1,0,0,0,0,0,3,0,5,5.0,70.5,140.9,67.2,73.7,50.0,64.4,0.0,0.0,0,0,0,1,0,0,2,1,50,0,0,0,0,0,0,5,0,3
ALEN SMAILAGIC,Virtus Bologna,9,ALEN SMAILAGIC,"ALESSANDRO PAJOLA, CARSEN EDWARDS, FRANCESCO FERRARI, MATTEO ACCORSI, MATTHEW MORGAN, SALIOU NIANG",1,2.8,0,0,0,0,0,0,0,0,0,0,0,0,0,1,0,0,0,0,0,3,3,3.0,51.0,85.0,133.1,-48.1,0,0,0,0.0,0,0,0,0,0,0,0,0,0,0,0,0,0,0,0,0,0,0
ALEN SMAILAGIC,Virtus Bologna,9,ALEN SMAILAGIC,"ALESSANDRO PAJOLA, DERRICK ALSTON JR., FRANCESCO FERRARI, MATTEO ACCORSI, MATTEO BAIOCCHI, MATTHEW MORGAN, SALIOU NIANG",1,1.8,0,0,0,0,0,0,0,0,0,0,0,0,0,0,0,0,0,1,0,0,0,0.0,0.0,34.7,144.0,-109.3,0,0,0,0,0,0,0,0,0,0,0,0,0,0,0,0,0,0,0,0,0,0
ALEN SMAILAGIC,Virtus Bologna,9,ALEN SMAILAGIC,"ALESSANDRO PAJOLA, ALIOU DIARRA, CARSEN EDWARDS, DERRICK ALSTON JR., MATTEO ACCORSI, MATTEO BAIOCCHI, MATTHEW MORGAN",1,1.6,0,0,0,0,0,0,0,0,0,0,0,0,0,0,0,0,0,0,0,0,0,0.0,0.0,131.2,166.7,-35.4,0,0,0,0,0,0,0,0,0,0,0,0,0,0,0,0,0,0,0,0,0,0
ALEN SMAILAGIC,Virtus Bologna,9,ALEN SMAILAGIC,"ALESSANDRO PAJOLA, FRANCESCO FERRARI, MATTEO ACCORSI, MATTEO BAIOCCHI, MATTHEW MORGAN, SALIOU NIANG",1,1.2,0,0,1,0.0,0,1,0.0,0,0,0,0,0,0,0,0,0,0,0,1,0,0,0.0,0.0,224.2,75.7,148.6,0.0,0.0,0,0.0,0,0,0,0,0,0,1,0,0,0,0,0,0,0,0,0,0,0
ALEN SMAILAGIC,Virtus Bologna,9,ALEN SMAILAGIC,"ALESSANDRO PAJOLA, MATTEO ACCORSI, MATTEO BAIOCCHI, MATTHEW MORGAN, MOUHAMET DIOUF, SALIOU NIANG",1,1.2,0,0,0,0,0,0,0,0,0,0,0,0,0,0,0,0,0,0,0,0,0,0.0,0.0,0.0,66.7,-66.7,0,0,0,0,0,0,0,0,0,0,0,0,0,0,0,0,0,0,0,0,0,0
ALESSANDRO PAJOLA,Virtus Bologna,6,ALESSANDRO PAJOLA,"ALIOU DIARRA, CARSEN EDWARDS, DERRICK ALSTON JR., LUCA VILDOZA, MATTEO ACCORSI, MATTEO BAIOCCHI, SALIOU NIANG",1,5.4,0,0,0,0,0,0,0,0,0,0,0,0,0,0,0,0,0,0,0,0,0,0.0,0.0,180.2,151.8,28.4,0,0,0,0,0,0,0,0,0,0,0,0,0,0,0,0,0,0,0,0,0,0
ALESSANDRO PAJOLA,Virtus Bologna,6,ALESSANDRO PAJOLA,"CARSEN EDWARDS, DERRICK ALSTON JR., FRANCESCO FERRARI, MATTEO ACCORSI, MATTEO BAIOCCHI, MOUHAMET DIOUF, SALIOU NIANG",1,4.0,0,0,0,0,0,0,0,0,0,0,0,0,0,0,0,0,0,0,0,0,0,0.0,0.0,65.6,34.5,31.1,0,0,0,0,0,0,0,0,0,0,0,0,0,0,0,0,0,0,0,0,0,0
ALESSANDRO PAJOLA,Virtus Bologna,6,ALESSANDRO PAJOLA,"ALEN SMAILAGIC, CARSEN EDWARDS, FRANCESCO FERRARI, MATTEO ACCORSI, MATTEO BAIOCCHI, MATTHEW MORGAN, SALIOU NIANG",1,3.8,0,0,0,0,0,0,0,0,0,0,0,0,0,0,0,0,0,0,0,0,0,0.0,0.0,140.9,67.2,73.7,0,0,0,0,0,0,0,0,0,0,0,0,0,0,0,0,0,0,0,0,0,0
ALESSANDRO PAJOLA,Virtus Bologna,6,ALESSANDRO PAJOLA,"DERRICK ALSTON JR., LUCA VILDOZA, MATTEO ACCORSI, MATTEO BAIOCCHI, MATTHEW MORGAN, MOUHAMET DIOUF, SALIOU NIANG",1,3.1,0,0,0,0,0,0,0,0,0,0,0,0,0,0,0,0,0,0,0,0,0,0.0,0.0,86.8,23.4,63.4,0,0,0,0,0,0,0,0,0,0,0,0,0,0,0,0,0,0,0,0,0,0
ALESSANDRO PAJOLA,Virtus Bologna,6,ALESSANDRO PAJOLA,"ALEN SMAILAGIC, CARSEN EDWARDS, FRANCESCO FERRARI, MATTEO ACCORSI, MATTHEW MORGAN, SALIOU NIANG",1,2.8,0,0,0,0,0,0,0,0,0,0,0,0,0,0,0,0,0,0,0,0,0,0.0,0.0,85.0,133.1,-48.1,0,0,0,0,0,0,0,0,0,0,0,0,0,0,0,0,0,0,0,0,0,0
ALESSANDRO PAJOLA,Virtus Bologna,6,ALESSANDRO PAJOLA,"CARSEN EDWARDS, LUCA VILDOZA, MATTEO ACCORSI, MATTEO BAIOCCHI",1,2.4,0,0,0,0,0,0,0,0,0,0,0,0,0,0,0,0,0,0,0,0,0,0.0,0.0,50.0,239.0,-189.0,0,0,0,0,0,0,0,0,0,0,0,0,0,0,0,0,0,0,0,0,0,0
ALESSANDRO PAJOLA,Virtus Bologna,6,ALESSANDRO PAJOLA,"CARSEN EDWARDS, FRANCESCO FERRARI, MATTEO ACCORSI, MATTEO BAIOCCHI, MATTHEW MORGAN, MOUHAMET DIOUF, SALIOU NIANG",1,2.0,0,0,0,0,0,0,0,0,0,0,0,0,0,0,0,0,0,0,0,0,0,0.0,0.0,151.5,174.4,-22.9,0,0,0,0,0,0,0,0,0,0,0,0,0,0,0,0,0,0,0,0,0,0
ALESSANDRO PAJOLA,Virtus Bologna,6,ALESSANDRO PAJOLA,"CARSEN EDWARDS, FRANCESCO FERRARI, MATTEO ACCORSI, MATTEO BAIOCCHI, MOUHAMET DIOUF, SALIOU NIANG",1,1.9,0,0,0,0,0,0,0,0,0,0,0,0,0,0,0,0,0,0,0,0,0,0.0,0.0,51.5,100.0,-48.5,0,0,0,0,0,0,0,0,0,0,0,0,0,0,0,0,0,0,0,0,0,0
ALESSANDRO PAJOLA,Virtus Bologna,6,ALESSANDRO PAJOLA,"CARSEN EDWARDS, DERRICK ALSTON JR., MATTEO ACCORSI, MATTEO BAIOCCHI, MATTHEW MORGAN, MOUHAMET DIOUF, SALIOU NIANG",1,1.8,0,0,0,0,0,0,0,0,0,0,0,0,0,0,0,0,0,0,0,0,0,0.0,0.0,170.6,129.5,41.1,0,0,0,0,0,0,0,0,0,0,0,0,0,0,0,0,0,0,0,0,0,0
ALESSANDRO PAJOLA,Virtus Bologna,6,ALESSANDRO PAJOLA,"ALEN SMAILAGIC, DERRICK ALSTON JR., FRANCESCO FERRARI, MATTEO ACCORSI, MATTEO BAIOCCHI, MATTHEW MORGAN, SALIOU NIANG",1,1.8,0,0,0,0,0,0,0,0,0,0,0,0,0,0,0,0,0,0,0,0,0,0.0,0.0,34.7,144.0,-109.3,0,0,0,0,0,0,0,0,0,0,0,0,0,0,0,0,0,0,0,0,0,0
ALESSANDRO PAJOLA,Virtus Bologna,6,ALESSANDRO PAJOLA,"CARSEN EDWARDS, FRANCESCO FERRARI, KARIM JALLOW, MATTEO ACCORSI, MATTEO BAIOCCHI, MATTHEW MORGAN, MOUHAMET DIOUF",1,1.6,0,0,0,0,0,0,0,0,0,0,0,0,0,0,0,0,0,0,0,0,0,0.0,0.0,155.4,100.0,55.4,0,0,0,0,0,0,0,0,0,0,0,0,0,0,0,0,0,0,0,0,0,0
ALESSANDRO PAJOLA,Virtus Bologna,6,ALESSANDRO PAJOLA,"ALEN SMAILAGIC, ALIOU DIARRA, CARSEN EDWARDS, DERRICK ALSTON JR., MATTEO ACCORSI, MATTEO BAIOCCHI, MATTHEW MORGAN",1,1.6,0,0,0,0,0,0,0,0,0,0,0,0,0,0,0,0,0,0,0,0,0,0.0,0.0,131.2,166.7,-35.4,0,0,0,0,0,0,0,0,0,0,0,0,0,0,0,0,0,0,0,0,0,0
ALESSANDRO PAJOLA,Virtus Bologna,6,ALESSANDRO PAJOLA,"ALIOU DIARRA, CARSEN EDWARDS, DERRICK ALSTON JR., MATTEO ACCORSI, MATTEO BAIOCCHI, MATTHEW MORGAN, NICOLA AKELE",1,1.2,0,0,0,0,0,0,0,0,0,0,0,0,0,0,0,0,0,0,0,0,0,0.0,0.0,200.0,287.4,-87.4,0,0,0,0,0,0,0,0,0,0,0,0,0,0,0,0,0,0,0,0,0,0
ALESSANDRO PAJOLA,Virtus Bologna,6,ALESSANDRO PAJOLA,"ALEN SMAILAGIC, FRANCESCO FERRARI, MATTEO ACCORSI, MATTEO BAIOCCHI, MATTHEW MORGAN, SALIOU NIANG",1,1.2,0,0,0,0,0,0,0,0,0,0,0,0,0,0,0,0,0,0,0,0,0,0.0,0.0,224.2,75.7,148.6,0,0,0,0,0,0,0,0,0,0,0,0,0,0,0,0,0,0,0,0,0,0
ALESSANDRO PAJOLA,Virtus Bologna,6,ALESSANDRO PAJOLA,"ALEN SMAILAGIC, MATTEO ACCORSI, MATTEO BAIOCCHI, MATTHEW MORGAN, MOUHAMET DIOUF, SALIOU NIANG",1,1.2,0,0,0,0,0,0,0,0,0,0,0,0,0,0,0,0,0,0,0,0,0,0.0,0.0,0.0,66.7,-66.7,0,0,0,0,0,0,0,0,0,0,0,0,0,0,0,0,0,0,0,0,0,0
ALIOU DIARRA,Virtus Bologna,31,ALIOU DIARRA,"ALESSANDRO PAJOLA, CARSEN EDWARDS, DERRICK ALSTON JR., LUCA VILDOZA, MATTEO ACCORSI, MATTEO BAIOCCHI, SALIOU NIANG",1,5.4,2,1,3,33.3,0,0,0,0,0,0,2,0,2,0,0,0,0,1,1,0,2,2.0,21.2,180.2,151.8,28.4,33.3,33.3,0.0,0.0,0,0,0,3,1,33.3,0,0,0,0,0,0,0,0,0,2,0,2
ALIOU DIARRA,Virtus Bologna,31,ALIOU DIARRA,"ALEN SMAILAGIC, ALESSANDRO PAJOLA, CARSEN EDWARDS, DERRICK ALSTON JR., MATTEO ACCORSI, MATTEO BAIOCCHI, MATTHEW MORGAN",1,1.6,0,0,1,0.0,0,0,0,0,0,0,1,0,1,1,0,0,0,0,0,3,3,3.0,78.7,131.2,166.7,-35.4,0.0,0.0,0,0.0,0,0,0,1,0,0,0,0,0,0,0,0,0,0,0,0,0,0
ALIOU DIARRA,Virtus Bologna,31,ALIOU DIARRA,"ALESSANDRO PAJOLA, CARSEN EDWARDS, DERRICK ALSTON JR., MATTEO ACCORSI, MATTEO BAIOCCHI, MATTHEW MORGAN, NICOLA AKELE",1,1.2,2,1,1,100.0,0,0,0,0,0,0,0,0,0,0,0,0,0,0,1,0,2,2.0,100.0,200.0,287.4,-87.4,100.0,100.0,0.0,0.0,0,0,0,1,1,100,0,0,0,0,0,0,0,0,0,0,0,0
CARSEN EDWARDS,Virtus Bologna,3,CARSEN EDWARDS,"ALESSANDRO PAJOLA, ALIOU DIARRA, DERRICK ALSTON JR., LUCA VILDOZA, MATTEO ACCORSI, MATTEO BAIOCCHI, SALIOU NIANG",1,5.4,8,3,5,60.0,2,3,66.7,0,0,0,0,0,0,0,0,0,0,0,5,0,8,8.0,84.8,180.2,151.8,28.4,80.0,80.0,0.0,0.0,0,0,0,2,1,50,3,2,66.7,0,1,0,0,0,0,3,2,0
CARSEN EDWARDS,Virtus Bologna,3,CARSEN EDWARDS,"ALESSANDRO PAJOLA, DERRICK ALSTON JR., FRANCESCO FERRARI, MATTEO ACCORSI, MATTEO BAIOCCHI, MOUHAMET DIOUF, SALIOU NIANG",1,4.0,2,0,1,0.0,0,1,0.0,2,2,100.0,0,0,0,0,0,0,1,0,3,0,2,2.0,32.8,65.6,34.5,31.1,0.0,53.2,0,34.7,0,0,0,0,0,0,1,0,0,0,0,0,0,0,1,0,2,0
CARSEN EDWARDS,Virtus Bologna,3,CARSEN EDWARDS,"ALEN SMAILAGIC, ALESSANDRO PAJOLA, FRANCESCO FERRARI, MATTEO ACCORSI, MATTEO BAIOCCHI, MATTHEW MORGAN, SALIOU NIANG",1,3.8,2,1,2,50.0,0,1,0.0,0,0,0,0,0,0,0,1,0,0,1,2,0,2,2.0,28.2,140.9,67.2,73.7,50.0,50.0,0.0,0.0,0,0,0,1,1,100,1,0,0,0,0,0,0,0,0,0,2,0
CARSEN EDWARDS,Virtus Bologna,3,CARSEN EDWARDS,"ALEN SMAILAGIC, ALESSANDRO PAJOLA, FRANCESCO FERRARI, MATTEO ACCORSI, MATTHEW MORGAN, SALIOU NIANG",1,2.8,2,0,2,0.0,0,1,0.0,2,2,100.0,0,0,0,0,0,0,1,0,4,0,2,2.0,34.0,85.0,133.1,-48.1,0.0,34.7,0,25.8,0,0,0,1,0,0,1,0,0,0,0,0,0,0,1,0,2,0
CARSEN EDWARDS,Virtus Bologna,3,CARSEN EDWARDS,"ALESSANDRO PAJOLA, LUCA VILDOZA, MATTEO ACCORSI, MATTEO BAIOCCHI",1,2.4,2,1,2,50.0,0,1,0.0,0,0,0,0,0,0,0,0,0,0,0,2,0,2,2.0,50.0,50.0,239.0,-189.0,50.0,50.0,0.0,0.0,0,0,0,1,1,100,1,0,0,0,0,0,0,0,0,0,0,0
CARSEN EDWARDS,Virtus Bologna,3,CARSEN EDWARDS,"ALESSANDRO PAJOLA, FRANCESCO FERRARI, MATTEO ACCORSI, MATTEO BAIOCCHI, MATTHEW MORGAN, MOUHAMET DIOUF, SALIOU NIANG",1,2.0,0,0,2,0.0,0,1,0.0,0,0,0,1,0,1,2,0,0,0,0,1,2,2,2.0,43.3,151.5,174.4,-22.9,0.0,0.0,0,0.0,0,0,0,1,0,0,1,0,0,0,0,0,0,0,0,0,0,0
CARSEN EDWARDS,Virtus Bologna,3,CARSEN EDWARDS,"ALESSANDRO PAJOLA, FRANCESCO FERRARI, MATTEO ACCORSI, MATTEO BAIOCCHI, MOUHAMET DIOUF, SALIOU NIANG",1,1.9,0,0,1,0.0,0,0,0,0,0,0,0,0,0,1,0,0,0,0,1,0,0,0.0,0.0,51.5,100.0,-48.5,0.0,0.0,0,0.0,0,0,0,1,0,0,0,0,0,0,0,0,0,0,0,0,0,0
CARSEN EDWARDS,Virtus Bologna,3,CARSEN EDWARDS,"ALESSANDRO PAJOLA, DERRICK ALSTON JR., MATTEO ACCORSI, MATTEO BAIOCCHI, MATTHEW MORGAN, MOUHAMET DIOUF, SALIOU NIANG",1,1.8,3,1,1,100.0,1,1,100.0,0,0,0,0,1,1,0,0,0,0,0,1,0,3,3.0,102.4,170.6,129.5,41.1,150.0,150.0,0.0,0.0,0,0,0,0,0,0,1,1,100,0,1,0,0,0,0,0,3,0
CARSEN EDWARDS,Virtus Bologna,3,CARSEN EDWARDS,"ALESSANDRO PAJOLA, FRANCESCO FERRARI, KARIM JALLOW, MATTEO ACCORSI, MATTEO BAIOCCHI, MATTHEW MORGAN, MOUHAMET DIOUF",1,1.6,0,0,2,0.0,0,0,0,0,0,0,0,0,0,0,1,0,0,1,2,0,0,0.0,0.0,155.4,100.0,55.4,0.0,0.0,0,0.0,0,0,0,2,0,0,0,0,0,0,0,0,0,0,0,0,0,0
CARSEN EDWARDS,Virtus Bologna,3,CARSEN EDWARDS,"ALEN SMAILAGIC, ALESSANDRO PAJOLA, ALIOU DIARRA, DERRICK ALSTON JR., MATTEO ACCORSI, MATTEO BAIOCCHI, MATTHEW MORGAN",1,1.6,0,0,1,0.0,0,0,0,0,0,0,0,0,0,0,0,0,0,1,1,0,0,0.0,0.0,131.2,166.7,-35.4,0.0,0.0,0,0.0,0,0,0,1,0,0,0,0,0,0,0,0,0,0,0,0,0,0
CARSEN EDWARDS,Virtus Bologna,3,CARSEN EDWARDS,"ALESSANDRO PAJOLA, ALIOU DIARRA, DERRICK ALSTON JR., MATTEO ACCORSI, MATTEO BAIOCCHI, MATTHEW MORGAN, NICOLA AKELE",1,1.2,0,0,0,0,0,0,0,0,0,0,0,0,0,0,0,0,0,0,0,0,0,0.0,0.0,200.0,287.4,-87.4,0,0,0,0,0,0,0,0,0,0,0,0,0,0,0,0,0,0,0,0,0,0
DERRICK ALSTON JR.,Virtus Bologna,21,DERRICK ALSTON JR.,"ALESSANDRO PAJOLA, ALIOU DIARRA, CARSEN EDWARDS, LUCA VILDOZA, MATTEO ACCORSI, MATTEO BAIOCCHI, SALIOU NIANG",1,5.4,0,0,0,0,0,0,0,0,0,0,0,0,0,0,0,0,0,0,0,0,0,0.0,0.0,180.2,151.8,28.4,0,0,0,0,0,0,0,0,0,0,0,0,0,0,0,0,0,0,0,0,0,0
DERRICK ALSTON JR.,Virtus Bologna,21,DERRICK ALSTON JR.,"ALESSANDRO PAJOLA, CARSEN EDWARDS, FRANCESCO FERRARI, MATTEO ACCORSI, MATTEO BAIOCCHI, MOUHAMET DIOUF, SALIOU NIANG",1,4.0,0,0,0,0,0,0,0,0,0,0,0,0,0,0,0,0,0,0,0,0,0,0.0,0.0,65.6,34.5,31.1,0,0,0,0,0,0,0,0,0,0,0,0,0,0,0,0,0,0,0,0,0,0
DERRICK ALSTON JR.,Virtus Bologna,21,DERRICK ALSTON JR.,"ALESSANDRO PAJOLA, LUCA VILDOZA, MATTEO ACCORSI, MATTEO BAIOCCHI, MATTHEW MORGAN, MOUHAMET DIOUF, SALIOU NIANG",1,3.1,0,0,0,0,0,0,0,0,0,0,0,0,0,0,0,0,0,0,0,0,0,0.0,0.0,86.8,23.4,63.4,0,0,0,0,0,0,0,0,0,0,0,0,0,0,0,0,0,0,0,0,0,0
DERRICK ALSTON JR.,Virtus Bologna,21,DERRICK ALSTON JR.,"ALESSANDRO PAJOLA, CARSEN EDWARDS, MATTEO ACCORSI, MATTEO BAIOCCHI, MATTHEW MORGAN, MOUHAMET DIOUF, SALIOU NIANG",1,1.8,0,0,0,0,0,0,0,0,0,0,0,0,0,0,0,0,0,0,0,0,0,0.0,0.0,170.6,129.5,41.1,0,0,0,0,0,0,0,0,0,0,0,0,0,0,0,0,0,0,0,0,0,0
DERRICK ALSTON JR.,Virtus Bologna,21,DERRICK ALSTON JR.,"ALEN SMAILAGIC, ALESSANDRO PAJOLA, FRANCESCO FERRARI, MATTEO ACCORSI, MATTEO BAIOCCHI, MATTHEW MORGAN, SALIOU NIANG",1,1.8,0,0,0,0,0,0,0,0,0,0,0,0,0,0,0,0,0,0,0,0,0,0.0,0.0,34.7,144.0,-109.3,0,0,0,0,0,0,0,0,0,0,0,0,0,0,0,0,0,0,0,0,0,0
DERRICK ALSTON JR.,Virtus Bologna,21,DERRICK ALSTON JR.,"ALEN SMAILAGIC, ALESSANDRO PAJOLA, ALIOU DIARRA, CARSEN EDWARDS, MATTEO ACCORSI, MATTEO BAIOCCHI, MATTHEW MORGAN",1,1.6,0,0,0,0,0,0,0,0,0,0,0,0,0,0,0,0,0,0,0,0,0,0.0,0.0,131.2,166.7,-35.4,0,0,0,0,0,0,0,0,0,0,0,0,0,0,0,0,0,0,0,0,0,0
DERRICK ALSTON JR.,Virtus Bologna,21,DERRICK ALSTON JR.,"ALESSANDRO PAJOLA, ALIOU DIARRA, CARSEN EDWARDS, MATTEO ACCORSI, MATTEO BAIOCCHI, MATTHEW MORGAN, NICOLA AKELE",1,1.2,0,0,0,0,0,0,0,0,0,0,0,0,0,0,0,0,0,0,0,0,0,0.0,0.0,200.0,287.4,-87.4,0,0,0,0,0,0,0,0,0,0,0,0,0,0,0,0,0,0,0,0,0,0
FRANCESCO FERRARI,Virtus Bologna,24,FRANCESCO FERRARI,"ALESSANDRO PAJOLA, CARSEN EDWARDS, DERRICK ALSTON JR., MATTEO ACCORSI, MATTEO BAIOCCHI, MOUHAMET DIOUF, SALIOU NIANG",1,4.0,0,0,2,0.0,0,2,0.0,0,0,0,0,1,1,0,0,0,0,0,2,0,0,0.0,0.0,65.6,34.5,31.1,0.0,0.0,0,0.0,0,0,0,0,0,0,2,0,0,0,0,0,0,0,0,0,0,0
FRANCESCO FERRARI,Virtus Bologna,24,FRANCESCO FERRARI,"ALEN SMAILAGIC, ALESSANDRO PAJOLA, CARSEN EDWARDS, MATTEO ACCORSI, MATTEO BAIOCCHI, MATTHEW MORGAN, SALIOU NIANG",1,3.8,0,0,0,0,0,0,0,0,0,0,0,1,1,1,0,0,0,0,0,3,3,3.0,42.3,140.9,67.2,73.7,0,0,0,0.0,0,0,0,0,0,0,0,0,0,0,0,0,0,0,0,0,0,0
FRANCESCO FERRARI,Virtus Bologna,24,FRANCESCO FERRARI,"ALEN SMAILAGIC, ALESSANDRO PAJOLA, CARSEN EDWARDS, MATTEO ACCORSI, MATTHEW MORGAN, SALIOU NIANG",1,2.8,3,1,1,100.0,1,1,100.0,0,0,0,0,0,0,0,0,0,0,1,1,0,3,3.0,51.0,85.0,133.1,-48.1,150.0,150.0,0.0,0.0,0,0,0,0,0,0,1,1,100,0,0,0,0,0,0,0,0,0
FRANCESCO FERRARI,Virtus Bologna,24,FRANCESCO FERRARI,"ALESSANDRO PAJOLA, CARSEN EDWARDS, MATTEO ACCORSI, MATTEO BAIOCCHI, MATTHEW MORGAN, MOUHAMET DIOUF, SALIOU NIANG",1,2.0,0,0,0,0,0,0,0,0,0,0,1,0,1,0,0,0,0,0,0,0,0,0.0,0.0,151.5,174.4,-22.9,0,0,0,0,0,0,0,0,0,0,0,0,0,0,0,0,0,0,0,0,0,0
FRANCESCO FERRARI,Virtus Bologna,24,FRANCESCO FERRARI,"ALESSANDRO PAJOLA, CARSEN EDWARDS, MATTEO ACCORSI, MATTEO BAIOCCHI, MOUHAMET DIOUF, SALIOU NIANG",1,1.9,0,0,0,0,0,0,0,0,0,0,0,0,0,0,0,0,0,0,0,0,0,0.0,0.0,51.5,100.0,-48.5,0,0,0,0,0,0,0,0,0,0,0,0,0,0,0,0,0,0,0,0,0,0
FRANCESCO FERRARI,Virtus Bologna,24,FRANCESCO FERRARI,"ALEN SMAILAGIC, ALESSANDRO PAJOLA, DERRICK ALSTON JR., MATTEO ACCORSI, MATTEO BAIOCCHI, MATTHEW MORGAN, SALIOU NIANG",1,1.8,0,0,0,0,0,0,0,0,0,0,0,0,0,0,0,0,0,0,0,0,0,0.0,0.0,34.7,144.0,-109.3,0,0,0,0,0,0,0,0,0,0,0,0,0,0,0,0,0,0,0,0,0,0
FRANCESCO FERRARI,Virtus Bologna,24,FRANCESCO FERRARI,"ALESSANDRO PAJOLA, CARSEN EDWARDS, KARIM JALLOW, MATTEO ACCORSI, MATTEO BAIOCCHI, MATTHEW MORGAN, MOUHAMET DIOUF",1,1.6,0,0,0,0,0,0,0,0,0,0,1,0,1,0,0,0,1,2,0,0,0,0.0,0.0,155.4,100.0,55.4,0,0,0,100.0,0,0,0,0,0,0,0,0,0,0,0,0,0,0,1,0,0,0
FRANCESCO FERRARI,Virtus Bologna,24,FRANCESCO FERRARI,"ALEN SMAILAGIC, ALESSANDRO PAJOLA, MATTEO ACCORSI, MATTEO BAIOCCHI, MATTHEW MORGAN, SALIOU NIANG",1,1.2,3,1,1,100.0,0,0,0,1,1,100.0,2,1,3,0,0,0,0,0,0,0,3,3.0,134.5,224.2,75.7,148.6,100.0,104.2,0.0,0.0,0,0,0,1,1,100,0,0,0,0,0,0,0,0,0,2,0,0
KARIM JALLOW,Virtus Bologna,34,KARIM JALLOW,"ALESSANDRO PAJOLA, CARSEN EDWARDS, FRANCESCO FERRARI, MATTEO ACCORSI, MATTEO BAIOCCHI, MATTHEW MORGAN, MOUHAMET DIOUF",1,1.6,2,1,1,100.0,0,0,0,0,0,0,0,0,0,0,0,0,0,0,1,0,2,2.0,51.8,155.4,100.0,55.4,100.0,100.0,0.0,0.0,0,0,0,1,1,100,0,0,0,0,0,0,0,0,0,0,0,2
LUCA VILDOZA,Virtus Bologna,1,LUCA VILDOZA,"ALESSANDRO PAJOLA, ALIOU DIARRA, CARSEN EDWARDS, DERRICK ALSTON JR., MATTEO ACCORSI, MATTEO BAIOCCHI, SALIOU NIANG",1,5.4,3,1,1,100.0,1,1,100.0,0,0,0,0,1,1,2,0,0,0,0,1,5,8,8.0,84.8,180.2,151.8,28.4,150.0,150.0,200.0,0.0,0,0,0,0,0,0,1,1,100,0,0,0,0,0,0,0,0,0
LUCA VILDOZA,Virtus Bologna,1,LUCA VILDOZA,"ALESSANDRO PAJOLA, DERRICK ALSTON JR., MATTEO ACCORSI, MATTEO BAIOCCHI, MATTHEW MORGAN, MOUHAMET DIOUF, SALIOU NIANG",1,3.1,0,0,0,0,0,0,0,0,0,0,0,0,0,0,0,0,0,0,0,0,0,0.0,0.0,86.8,23.4,63.4,0,0,0,0,0,0,0,0,0,0,0,0,0,0,0,0,0,0,0,0,0,0
LUCA VILDOZA,Virtus Bologna,1,LUCA VILDOZA,"ALESSANDRO PAJOLA, CARSEN EDWARDS, MATTEO ACCORSI, MATTEO BAIOCCHI",1,2.4,0,0,0,0,0,0,0,0,0,0,0,0,0,0,0,0,0,0,0,0,0,0.0,0.0,50.0,239.0,-189.0,0,0,0,0,0,0,0,0,0,0,0,0,0,0,0,0,0,0,0,0,0,0
MATTEO ACCORSI,Virtus Bologna,8,MATTEO ACCORSI,"ALESSANDRO PAJOLA, ALIOU DIARRA, CARSEN EDWARDS, DERRICK ALSTON JR., LUCA VILDOZA, MATTEO BAIOCCHI, SALIOU NIANG",1,5.4,0,0,0,0,0,0,0,0,0,0,0,0,0,0,0,0,0,0,0,0,0,0.0,0.0,180.2,151.8,28.4,0,0,0,0,0,0,0,0,0,0,0,0,0,0,0,0,0,0,0,0,0,0
MATTEO ACCORSI,Virtus Bologna,8,MATTEO ACCORSI,"ALESSANDRO PAJOLA, CARSEN EDWARDS, DERRICK ALSTON JR., FRANCESCO FERRARI, MATTEO BAIOCCHI, MOUHAMET DIOUF, SALIOU NIANG",1,4.0,0,0,0,0,0,0,0,0,0,0,0,0,0,0,0,0,0,0,0,0,0,0.0,0.0,65.6,34.5,31.1,0,0,0,0,0,0,0,0,0,0,0,0,0,0,0,0,0,0,0,0,0,0
MATTEO ACCORSI,Virtus Bologna,8,MATTEO ACCORSI,"ALEN SMAILAGIC, ALESSANDRO PAJOLA, CARSEN EDWARDS, FRANCESCO FERRARI, MATTEO BAIOCCHI, MATTHEW MORGAN, SALIOU NIANG",1,3.8,0,0,0,0,0,0,0,0,0,0,0,0,0,0,0,0,0,0,0,0,0,0.0,0.0,140.9,67.2,73.7,0,0,0,0,0,0,0,0,0,0,0,0,0,0,0,0,0,0,0,0,0,0
MATTEO ACCORSI,Virtus Bologna,8,MATTEO ACCORSI,"ALESSANDRO PAJOLA, DERRICK ALSTON JR., LUCA VILDOZA, MATTEO BAIOCCHI, MATTHEW MORGAN, MOUHAMET DIOUF, SALIOU NIANG",1,3.1,0,0,0,0,0,0,0,0,0,0,0,0,0,0,0,0,0,0,0,0,0,0.0,0.0,86.8,23.4,63.4,0,0,0,0,0,0,0,0,0,0,0,0,0,0,0,0,0,0,0,0,0,0
MATTEO ACCORSI,Virtus Bologna,8,MATTEO ACCORSI,"ALEN SMAILAGIC, ALESSANDRO PAJOLA, CARSEN EDWARDS, FRANCESCO FERRARI, MATTHEW MORGAN, SALIOU NIANG",1,2.8,0,0,0,0,0,0,0,0,0,0,0,0,0,0,0,0,0,0,0,0,0,0.0,0.0,85.0,133.1,-48.1,0,0,0,0,0,0,0,0,0,0,0,0,0,0,0,0,0,0,0,0,0,0
MATTEO ACCORSI,Virtus Bologna,8,MATTEO ACCORSI,"ALESSANDRO PAJOLA, CARSEN EDWARDS, LUCA VILDOZA, MATTEO BAIOCCHI",1,2.4,0,0,0,0,0,0,0,0,0,0,0,0,0,0,0,0,0,0,0,0,0,0.0,0.0,50.0,239.0,-189.0,0,0,0,0,0,0,0,0,0,0,0,0,0,0,0,0,0,0,0,0,0,0
MATTEO ACCORSI,Virtus Bologna,8,MATTEO ACCORSI,"ALESSANDRO PAJOLA, CARSEN EDWARDS, FRANCESCO FERRARI, MATTEO BAIOCCHI, MATTHEW MORGAN, MOUHAMET DIOUF, SALIOU NIANG",1,2.0,0,0,0,0,0,0,0,0,0,0,0,0,0,0,0,0,0,0,0,0,0,0.0,0.0,151.5,174.4,-22.9,0,0,0,0,0,0,0,0,0,0,0,0,0,0,0,0,0,0,0,0,0,0
MATTEO ACCORSI,Virtus Bologna,8,MATTEO ACCORSI,"ALESSANDRO PAJOLA, CARSEN EDWARDS, FRANCESCO FERRARI, MATTEO BAIOCCHI, MOUHAMET DIOUF, SALIOU NIANG",1,1.9,0,0,0,0,0,0,0,0,0,0,0,0,0,0,0,0,0,0,0,0,0,0.0,0.0,51.5,100.0,-48.5,0,0,0,0,0,0,0,0,0,0,0,0,0,0,0,0,0,0,0,0,0,0
MATTEO ACCORSI,Virtus Bologna,8,MATTEO ACCORSI,"ALESSANDRO PAJOLA, CARSEN EDWARDS, DERRICK ALSTON JR., MATTEO BAIOCCHI, MATTHEW MORGAN, MOUHAMET DIOUF, SALIOU NIANG",1,1.8,0,0,0,0,0,0,0,0,0,0,0,0,0,0,0,0,0,0,0,0,0,0.0,0.0,170.6,129.5,41.1,0,0,0,0,0,0,0,0,0,0,0,0,0,0,0,0,0,0,0,0,0,0
MATTEO ACCORSI,Virtus Bologna,8,MATTEO ACCORSI,"ALEN SMAILAGIC, ALESSANDRO PAJOLA, DERRICK ALSTON JR., FRANCESCO FERRARI, MATTEO BAIOCCHI, MATTHEW MORGAN, SALIOU NIANG",1,1.8,0,0,0,0,0,0,0,0,0,0,0,0,0,0,0,0,0,0,0,0,0,0.0,0.0,34.7,144.0,-109.3,0,0,0,0,0,0,0,0,0,0,0,0,0,0,0,0,0,0,0,0,0,0
MATTEO ACCORSI,Virtus Bologna,8,MATTEO ACCORSI,"ALESSANDRO PAJOLA, CARSEN EDWARDS, FRANCESCO FERRARI, KARIM JALLOW, MATTEO BAIOCCHI, MATTHEW MORGAN, MOUHAMET DIOUF",1,1.6,0,0,0,0,0,0,0,0,0,0,0,0,0,0,0,0,0,0,0,0,0,0.0,0.0,155.4,100.0,55.4,0,0,0,0,0,0,0,0,0,0,0,0,0,0,0,0,0,0,0,0,0,0
MATTEO ACCORSI,Virtus Bologna,8,MATTEO ACCORSI,"ALEN SMAILAGIC, ALESSANDRO PAJOLA, ALIOU DIARRA, CARSEN EDWARDS, DERRICK ALSTON JR., MATTEO BAIOCCHI, MATTHEW MORGAN",1,1.6,0,0,0,0,0,0,0,0,0,0,0,0,0,0,0,0,0,0,0,0,0,0.0,0.0,131.2,166.7,-35.4,0,0,0,0,0,0,0,0,0,0,0,0,0,0,0,0,0,0,0,0,0,0
MATTEO ACCORSI,Virtus Bologna,8,MATTEO ACCORSI,"ALESSANDRO PAJOLA, ALIOU DIARRA, CARSEN EDWARDS, DERRICK ALSTON JR., MATTEO BAIOCCHI, MATTHEW MORGAN, NICOLA AKELE",1,1.2,0,0,0,0,0,0,0,0,0,0,0,0,0,0,0,0,0,0,0,0,0,0.0,0.0,200.0,287.4,-87.4,0,0,0,0,0,0,0,0,0,0,0,0,0,0,0,0,0,0,0,0,0,0
MATTEO ACCORSI,Virtus Bologna,8,MATTEO ACCORSI,"ALEN SMAILAGIC, ALESSANDRO PAJOLA, FRANCESCO FERRARI, MATTEO BAIOCCHI, MATTHEW MORGAN, SALIOU NIANG",1,1.2,0,0,0,0,0,0,0,0,0,0,0,0,0,0,0,0,0,0,0,0,0,0.0,0.0,224.2,75.7,148.6,0,0,0,0,0,0,0,0,0,0,0,0,0,0,0,0,0,0,0,0,0,0
MATTEO ACCORSI,Virtus Bologna,8,MATTEO ACCORSI,"ALEN SMAILAGIC, ALESSANDRO PAJOLA, MATTEO BAIOCCHI, MATTHEW MORGAN, MOUHAMET DIOUF, SALIOU NIANG",1,1.2,0,0,0,0,0,0,0,0,0,0,0,0,0,0,0,0,0,0,0,0,0,0.0,0.0,0.0,66.7,-66.7,0,0,0,0,0,0,0,0,0,0,0,0,0,0,0,0,0,0,0,0,0,0
MATTEO BAIOCCHI,Virtus Bologna,2,MATTEO BAIOCCHI,"ALESSANDRO PAJOLA, ALIOU DIARRA, CARSEN EDWARDS, DERRICK ALSTON JR., LUCA VILDOZA, MATTEO ACCORSI, SALIOU NIANG",1,5.4,0,0,0,0,0,0,0,0,0,0,0,0,0,0,0,0,0,0,0,0,0,0.0,0.0,180.2,151.8,28.4,0,0,0,0,0,0,0,0,0,0,0,0,0,0,0,0,0,0,0,0,0,0
MATTEO BAIOCCHI,Virtus Bologna,2,MATTEO BAIOCCHI,"ALESSANDRO PAJOLA, CARSEN EDWARDS, DERRICK ALSTON JR., FRANCESCO FERRARI, MATTEO ACCORSI, MOUHAMET DIOUF, SALIOU NIANG",1,4.0,0,0,0,0,0,0,0,0,0,0,0,0,0,0,0,0,0,0,0,0,0,0.0,0.0,65.6,34.5,31.1,0,0,0,0,0,0,0,0,0,0,0,0,0,0,0,0,0,0,0,0,0,0
MATTEO BAIOCCHI,Virtus Bologna,2,MATTEO BAIOCCHI,"ALEN SMAILAGIC, ALESSANDRO PAJOLA, CARSEN EDWARDS, FRANCESCO FERRARI, MATTEO ACCORSI, MATTHEW MORGAN, SALIOU NIANG",1,3.8,0,0,0,0,0,0,0,0,0,0,0,0,0,0,0,0,0,0,0,0,0,0.0,0.0,140.9,67.2,73.7,0,0,0,0,0,0,0,0,0,0,0,0,0,0,0,0,0,0,0,0,0,0
MATTEO BAIOCCHI,Virtus Bologna,2,MATTEO BAIOCCHI,"ALESSANDRO PAJOLA, DERRICK ALSTON JR., LUCA VILDOZA, MATTEO ACCORSI, MATTHEW MORGAN, MOUHAMET DIOUF, SALIOU NIANG",1,3.1,0,0,0,0,0,0,0,0,0,0,0,0,0,0,0,0,0,0,0,0,0,0.0,0.0,86.8,23.4,63.4,0,0,0,0,0,0,0,0,0,0,0,0,0,0,0,0,0,0,0,0,0,0
MATTEO BAIOCCHI,Virtus Bologna,2,MATTEO BAIOCCHI,"ALESSANDRO PAJOLA, CARSEN EDWARDS, LUCA VILDOZA, MATTEO ACCORSI",1,2.4,0,0,0,0,0,0,0,0,0,0,0,0,0,0,0,0,0,0,0,0,0,0.0,0.0,50.0,239.0,-189.0,0,0,0,0,0,0,0,0,0,0,0,0,0,0,0,0,0,0,0,0,0,0
MATTEO BAIOCCHI,Virtus Bologna,2,MATTEO BAIOCCHI,"ALESSANDRO PAJOLA, CARSEN EDWARDS, FRANCESCO FERRARI, MATTEO ACCORSI, MATTHEW MORGAN, MOUHAMET DIOUF, SALIOU NIANG",1,2.0,0,0,0,0,0,0,0,0,0,0,0,0,0,0,0,0,0,0,0,0,0,0.0,0.0,151.5,174.4,-22.9,0,0,0,0,0,0,0,0,0,0,0,0,0,0,0,0,0,0,0,0,0,0
MATTEO BAIOCCHI,Virtus Bologna,2,MATTEO BAIOCCHI,"ALESSANDRO PAJOLA, CARSEN EDWARDS, FRANCESCO FERRARI, MATTEO ACCORSI, MOUHAMET DIOUF, SALIOU NIANG",1,1.9,0,0,0,0,0,0,0,0,0,0,0,0,0,0,0,0,1,0,1,0,0,0.0,0.0,51.5,100.0,-48.5,0,0,0,100.0,0,0,0,0,0,0,0,0,0,0,0,0,0,0,1,0,0,0
MATTEO BAIOCCHI,Virtus Bologna,2,MATTEO BAIOCCHI,"ALESSANDRO PAJOLA, CARSEN EDWARDS, DERRICK ALSTON JR., MATTEO ACCORSI, MATTHEW MORGAN, MOUHAMET DIOUF, SALIOU NIANG",1,1.8,0,0,0,0,0,0,0,0,0,0,0,0,0,0,0,0,0,0,0,0,0,0.0,0.0,170.6,129.5,41.1,0,0,0,0,0,0,0,0,0,0,0,0,0,0,0,0,0,0,0,0,0,0
MATTEO BAIOCCHI,Virtus Bologna,2,MATTEO BAIOCCHI,"ALEN SMAILAGIC, ALESSANDRO PAJOLA, DERRICK ALSTON JR., FRANCESCO FERRARI, MATTEO ACCORSI, MATTHEW MORGAN, SALIOU NIANG",1,1.8,0,0,0,0,0,0,0,0,0,0,0,0,0,0,0,0,0,0,0,0,0,0.0,0.0,34.7,144.0,-109.3,0,0,0,0,0,0,0,0,0,0,0,0,0,0,0,0,0,0,0,0,0,0
MATTEO BAIOCCHI,Virtus Bologna,2,MATTEO BAIOCCHI,"ALESSANDRO PAJOLA, CARSEN EDWARDS, FRANCESCO FERRARI, KARIM JALLOW, MATTEO ACCORSI, MATTHEW MORGAN, MOUHAMET DIOUF",1,1.6,0,0,0,0,0,0,0,0,0,0,0,0,0,0,0,0,0,0,0,0,0,0.0,0.0,155.4,100.0,55.4,0,0,0,0,0,0,0,0,0,0,0,0,0,0,0,0,0,0,0,0,0,0
MATTEO BAIOCCHI,Virtus Bologna,2,MATTEO BAIOCCHI,"ALEN SMAILAGIC, ALESSANDRO PAJOLA, ALIOU DIARRA, CARSEN EDWARDS, DERRICK ALSTON JR., MATTEO ACCORSI, MATTHEW MORGAN",1,1.6,0,0,0,0,0,0,0,0,0,0,0,0,0,0,0,0,0,0,0,0,0,0.0,0.0,131.2,166.7,-35.4,0,0,0,0,0,0,0,0,0,0,0,0,0,0,0,0,0,0,0,0,0,0
MATTEO BAIOCCHI,Virtus Bologna,2,MATTEO BAIOCCHI,"ALESSANDRO PAJOLA, ALIOU DIARRA, CARSEN EDWARDS, DERRICK ALSTON JR., MATTEO ACCORSI, MATTHEW MORGAN, NICOLA AKELE",1,1.2,0,0,0,0,0,0,0,0,0,0,0,0,0,0,0,0,0,0,0,0,0,0.0,0.0,200.0,287.4,-87.4,0,0,0,0,0,0,0,0,0,0,0,0,0,0,0,0,0,0,0,0,0,0
MATTEO BAIOCCHI,Virtus Bologna,2,MATTEO BAIOCCHI,"ALEN SMAILAGIC, ALESSANDRO PAJOLA, FRANCESCO FERRARI, MATTEO ACCORSI, MATTHEW MORGAN, SALIOU NIANG",1,1.2,0,0,1,0.0,0,0,0,0,0,0,0,0,0,0,0,0,0,0,1,0,0,0.0,0.0,224.2,75.7,148.6,0.0,0.0,0,0.0,0,0,0,1,0,0,0,0,0,0,0,0,0,0,0,0,0,0
MATTEO BAIOCCHI,Virtus Bologna,2,MATTEO BAIOCCHI,"ALEN SMAILAGIC, ALESSANDRO PAJOLA, MATTEO ACCORSI, MATTHEW MORGAN, MOUHAMET DIOUF, SALIOU NIANG",1,1.2,0,0,0,0,0,0,0,0,0,0,0,0,0,0,0,0,0,1,0,0,0,0.0,0.0,0.0,66.7,-66.7,0,0,0,0,0,0,0,0,0,0,0,0,0,0,0,0,0,0,0,0,0,0
MATTHEW MORGAN,Virtus Bologna,30,MATTHEW MORGAN,"ALEN SMAILAGIC, ALESSANDRO PAJOLA, CARSEN EDWARDS, FRANCESCO FERRARI, MATTEO ACCORSI, MATTEO BAIOCCHI, SALIOU NIANG",1,3.8,3,1,1,100.0,1,1,100.0,0,0,0,0,0,0,0,0,0,0,0,1,0,3,3.0,42.3,140.9,67.2,73.7,150.0,150.0,0.0,0.0,0,0,0,0,0,0,1,1,100,0,1,0,0,0,0,0,3,0
MATTHEW MORGAN,Virtus Bologna,30,MATTHEW MORGAN,"ALESSANDRO PAJOLA, DERRICK ALSTON JR., LUCA VILDOZA, MATTEO ACCORSI, MATTEO BAIOCCHI, MOUHAMET DIOUF, SALIOU NIANG",1,3.1,2,0,2,0.0,0,0,0,2,2,100.0,0,0,0,2,0,0,0,0,3,2,4,4.0,69.4,86.8,23.4,63.4,0.0,34.7,0,0.0,0,0,0,2,0,0,0,0,0,0,0,0,0,0,0,0,2,2
MATTHEW MORGAN,Virtus Bologna,30,MATTHEW MORGAN,"ALEN SMAILAGIC, ALESSANDRO PAJOLA, CARSEN EDWARDS, FRANCESCO FERRARI, MATTEO ACCORSI, SALIOU NIANG",1,2.8,0,0,0,0,0,0,0,0,0,0,0,1,1,0,0,0,1,0,1,0,0,0.0,0.0,85.0,133.1,-48.1,0,0,0,100.0,0,0,0,0,0,0,0,0,0,0,0,0,0,0,1,0,0,0
MATTHEW MORGAN,Virtus Bologna,30,MATTHEW MORGAN,"ALESSANDRO PAJOLA, CARSEN EDWARDS, FRANCESCO FERRARI, MATTEO ACCORSI, MATTEO BAIOCCHI, MOUHAMET DIOUF, SALIOU NIANG",1,2.0,2,1,2,50.0,0,1,0.0,0,0,0,0,0,0,0,0,0,0,0,2,0,2,2.0,43.3,151.5,174.4,-22.9,50.0,50.0,0.0,0.0,0,0,0,1,1,100,1,0,0,0,0,0,0,0,0,0,0,2
MATTHEW MORGAN,Virtus Bologna,30,MATTHEW MORGAN,"ALESSANDRO PAJOLA, CARSEN EDWARDS, DERRICK ALSTON JR., MATTEO ACCORSI, MATTEO BAIOCCHI, MOUHAMET DIOUF, SALIOU NIANG",1,1.8,2,1,1,100.0,0,0,0,0,0,0,0,0,0,0,0,0,0,0,1,0,2,2.0,68.3,170.6,129.5,41.1,100.0,100.0,0.0,0.0,0,0,0,1,1,100,0,0,0,0,0,0,0,0,0,0,0,2
MATTHEW MORGAN,Virtus Bologna,30,MATTHEW MORGAN,"ALEN SMAILAGIC, ALESSANDRO PAJOLA, DERRICK ALSTON JR., FRANCESCO FERRARI, MATTEO ACCORSI, MATTEO BAIOCCHI, SALIOU NIANG",1,1.8,0,0,0,0,0,0,0,0,0,0,0,0,0,0,0,0,0,0,0,0,0,0.0,0.0,34.7,144.0,-109.3,0,0,0,0,0,0,0,0,0,0,0,0,0,0,0,0,0,0,0,0,0,0
MATTHEW MORGAN,Virtus Bologna,30,MATTHEW MORGAN,"ALESSANDRO PAJOLA, CARSEN EDWARDS, FRANCESCO FERRARI, KARIM JALLOW, MATTEO ACCORSI, MATTEO BAIOCCHI, MOUHAMET DIOUF",1,1.6,2,1,1,100.0,0,0,0,0,0,0,0,0,0,0,0,0,0,0,1,0,2,2.0,51.8,155.4,100.0,55.4,100.0,100.0,0.0,0.0,0,0,0,1,1,100,0,0,0,0,0,0,0,0,0,0,2,2
MATTHEW MORGAN,Virtus Bologna,30,MATTHEW MORGAN,"ALEN SMAILAGIC, ALESSANDRO PAJOLA, ALIOU DIARRA, CARSEN EDWARDS, DERRICK ALSTON JR., MATTEO ACCORSI, MATTEO BAIOCCHI",1,1.6,5,1,1,100.0,1,1,100.0,2,2,100.0,0,0,0,0,0,0,1,0,3,0,5,5.0,131.2,131.2,166.7,-35.4,150.0,133.0,0.0,34.7,0,0,0,0,0,0,1,1,100,0,0,0,0,0,1,3,0,3
MATTHEW MORGAN,Virtus Bologna,30,MATTHEW MORGAN,"ALESSANDRO PAJOLA, ALIOU DIARRA, CARSEN EDWARDS, DERRICK ALSTON JR., MATTEO ACCORSI, MATTEO BAIOCCHI, NICOLA AKELE",1,1.2,0,0,0,0,0,0,0,0,0,0,0,0,0,1,0,0,0,0,0,2,2,2.0,100.0,200.0,287.4,-87.4,0,0,0,0.0,0,0,0,0,0,0,0,0,0,0,0,0,0,0,0,0,0,0
MATTHEW MORGAN,Virtus Bologna,30,MATTHEW MORGAN,"ALEN SMAILAGIC, ALESSANDRO PAJOLA, FRANCESCO FERRARI, MATTEO ACCORSI, MATTEO BAIOCCHI, SALIOU NIANG",1,1.2,0,0,1,0.0,0,1,0.0,0,0,0,0,0,0,0,0,0,0,0,1,0,0,0.0,0.0,224.2,75.7,148.6,0.0,0.0,0,0.0,0,0,0,0,0,0,1,0,0,0,0,0,0,0,0,0,0,0
MATTHEW MORGAN,Virtus Bologna,30,MATTHEW MORGAN,"ALEN SMAILAGIC, ALESSANDRO PAJOLA, MATTEO ACCORSI, MATTEO BAIOCCHI, MOUHAMET DIOUF, SALIOU NIANG",1,1.2,0,0,0,0,0,0,0,0,0,0,0,1,1,0,0,0,1,0,1,0,0,0.0,0.0,0.0,66.7,-66.7,0,0,0,100.0,0,0,0,0,0,0,0,0,0,0,0,0,0,0,1,0,0,0
MOUHAMET DIOUF,Virtus Bologna,35,MOUHAMET DIOUF,"ALESSANDRO PAJOLA, CARSEN EDWARDS, DERRICK ALSTON JR., FRANCESCO FERRARI, MATTEO ACCORSI, MATTEO BAIOCCHI, SALIOU NIANG",1,4.0,0,0,0,0,0,0,0,0,0,0,0,1,1,0,2,0,0,1,0,0,0,0.0,0.0,65.6,34.5,31.1,0,0,0,0,0,0,0,0,0,0,0,0,0,0,0,0,0,0,0,0,0,0
MOUHAMET DIOUF,Virtus Bologna,35,MOUHAMET DIOUF,"ALESSANDRO PAJOLA, DERRICK ALSTON JR., LUCA VILDOZA, MATTEO ACCORSI, MATTEO BAIOCCHI, MATTHEW MORGAN, SALIOU NIANG",1,3.1,3,1,1,100.0,0,0,0,1,2,50.0,0,2,2,0,0,0,1,1,3,0,3,3.0,52.1,86.8,23.4,63.4,100.0,79.8,0.0,34.7,0,0,0,1,1,100,0,0,0,0,0,0,0,0,1,0,0,1
MOUHAMET DIOUF,Virtus Bologna,35,MOUHAMET DIOUF,"ALESSANDRO PAJOLA, CARSEN EDWARDS, FRANCESCO FERRARI, MATTEO ACCORSI, MATTEO BAIOCCHI, MATTHEW MORGAN, SALIOU NIANG",1,2.0,5,1,1,100.0,0,0,0,3,4,75.0,0,0,0,0,0,0,0,1,3,0,5,5.0,108.2,151.5,174.4,-22.9,100.0,90.6,0.0,0.0,0,0,0,1,1,100,0,0,0,0,0,0,0,0,0,4,0,0
MOUHAMET DIOUF,Virtus Bologna,35,MOUHAMET DIOUF,"ALESSANDRO PAJOLA, CARSEN EDWARDS, FRANCESCO FERRARI, MATTEO ACCORSI, MATTEO BAIOCCHI, SALIOU NIANG",1,1.9,2,0,0,0,0,0,0,2,2,100.0,0,1,1,0,0,1,1,2,2,0,2,2.0,51.5,51.5,100.0,-48.5,0,113.6,0,53.2,0,0,0,0,0,0,0,0,0,0,0,0,0,0,1,0,0,0
MOUHAMET DIOUF,Virtus Bologna,35,MOUHAMET DIOUF,"ALESSANDRO PAJOLA, CARSEN EDWARDS, DERRICK ALSTON JR., MATTEO ACCORSI, MATTEO BAIOCCHI, MATTHEW MORGAN, SALIOU NIANG",1,1.8,0,0,0,0,0,0,0,0,0,0,0,0,0,0,0,0,0,0,0,0,0,0.0,0.0,170.6,129.5,41.1,0,0,0,0,0,0,0,0,0,0,0,0,0,0,0,0,0,0,0,0,0,0
MOUHAMET DIOUF,Virtus Bologna,35,MOUHAMET DIOUF,"ALESSANDRO PAJOLA, CARSEN EDWARDS, FRANCESCO FERRARI, KARIM JALLOW, MATTEO ACCORSI, MATTEO BAIOCCHI, MATTHEW MORGAN",1,1.6,2,1,1,100.0,0,0,0,0,0,0,1,0,1,1,0,0,0,0,0,2,4,4.0,103.6,155.4,100.0,55.4,100.0,100.0,100.0,0.0,0,0,0,1,1,100,0,0,0,0,0,0,0,0,0,2,0,0
MOUHAMET DIOUF,Virtus Bologna,35,MOUHAMET DIOUF,"ALEN SMAILAGIC, ALESSANDRO PAJOLA, MATTEO ACCORSI, MATTEO BAIOCCHI, MATTHEW MORGAN, SALIOU NIANG",1,1.2,0,0,1,0.0,0,0,0,0,0,0,0,0,0,0,0,0,0,0,1,0,0,0.0,0.0,0.0,66.7,-66.7,0.0,0.0,0,0.0,0,0,0,1,0,0,0,0,0,0,0,0,0,0,0,0,0,0
NICOLA AKELE,Virtus Bologna,45,NICOLA AKELE,"ALESSANDRO PAJOLA, ALIOU DIARRA, CARSEN EDWARDS, DERRICK ALSTON JR., MATTEO ACCORSI, MATTEO BAIOCCHI, MATTHEW MORGAN",1,1.2,0,0,0,0,0,0,0,0,0,0,0,0,0,0,0,0,0,0,0,0,0,0.0,0.0,200.0,287.4,-87.4,0,0,0,0,0,0,0,0,0,0,0,0,0,0,0,0,0,0,0,0,0,0
SALIOU NIANG,Virtus Bologna,7,SALIOU NIANG,"ALESSANDRO PAJOLA, ALIOU DIARRA, CARSEN EDWARDS, DERRICK ALSTON JR., LUCA VILDOZA, MATTEO ACCORSI, MATTEO BAIOCCHI",1,5.4,4,2,3,66.7,0,1,0.0,0,0,0,0,0,0,0,1,0,1,1,4,0,4,4.0,42.4,180.2,151.8,28.4,66.7,66.7,0.0,25.0,0,0,0,2,2,100,1,0,0,0,0,0,0,0,1,0,0,0
SALIOU NIANG,Virtus Bologna,7,SALIOU NIANG,"ALESSANDRO PAJOLA, CARSEN EDWARDS, DERRICK ALSTON JR., FRANCESCO FERRARI, MATTEO ACCORSI, MATTEO BAIOCCHI, MOUHAMET DIOUF",1,4.0,2,1,1,100.0,0,0,0,0,0,0,1,0,1,0,0,0,0,0,0,0,2,2.0,32.8,65.6,34.5,31.1,100.0,100.0,0.0,0.0,0,0,0,1,1,100,0,0,0,0,0,0,0,0,0,2,0,2
SALIOU NIANG,Virtus Bologna,7,SALIOU NIANG,"ALEN SMAILAGIC, ALESSANDRO PAJOLA, CARSEN EDWARDS, FRANCESCO FERRARI, MATTEO ACCORSI, MATTEO BAIOCCHI, MATTHEW MORGAN",1,3.8,0,0,2,0.0,0,1,0.0,0,0,0,0,1,1,1,0,0,0,0,2,0,0,0.0,0.0,140.9,67.2,73.7,0.0,0.0,0,0.0,0,0,0,1,0,0,1,0,0,0,0,0,0,0,0,0,0,0
SALIOU NIANG,Virtus Bologna,7,SALIOU NIANG,"ALESSANDRO PAJOLA, DERRICK ALSTON JR., LUCA VILDOZA, MATTEO ACCORSI, MATTEO BAIOCCHI, MATTHEW MORGAN, MOUHAMET DIOUF",1,3.1,0,0,0,0,0,0,0,0,0,0,0,1,1,0,0,0,0,0,0,0,0,0.0,0.0,86.8,23.4,63.4,0,0,0,0,0,0,0,0,0,0,0,0,0,0,0,0,0,0,0,0,0,0
SALIOU NIANG,Virtus Bologna,7,SALIOU NIANG,"ALEN SMAILAGIC, ALESSANDRO PAJOLA, CARSEN EDWARDS, FRANCESCO FERRARI, MATTEO ACCORSI, MATTHEW MORGAN",1,2.8,0,0,0,0,0,0,0,0,0,0,0,0,0,0,0,0,0,1,0,0,0,0.0,0.0,85.0,133.1,-48.1,0,0,0,0,0,0,0,0,0,0,0,0,0,0,0,0,0,0,0,0,0,0
SALIOU NIANG,Virtus Bologna,7,SALIOU NIANG,"ALESSANDRO PAJOLA, CARSEN EDWARDS, FRANCESCO FERRARI, MATTEO ACCORSI, MATTEO BAIOCCHI, MATTHEW MORGAN, MOUHAMET DIOUF",1,2.0,0,0,0,0,0,0,0,0,0,0,0,0,0,0,0,0,0,0,0,0,0,0.0,0.0,151.5,174.4,-22.9,0,0,0,0,0,0,0,0,0,0,0,0,0,0,0,0,0,0,0,0,0,0
SALIOU NIANG,Virtus Bologna,7,SALIOU NIANG,"ALESSANDRO PAJOLA, CARSEN EDWARDS, FRANCESCO FERRARI, MATTEO ACCORSI, MATTEO BAIOCCHI, MOUHAMET DIOUF",1,1.9,0,0,0,0,0,0,0,0,0,0,0,1,1,0,0,0,0,0,0,0,0,0.0,0.0,51.5,100.0,-48.5,0,0,0,0,0,0,0,0,0,0,0,0,0,0,0,0,0,0,0,0,0,0
SALIOU NIANG,Virtus Bologna,7,SALIOU NIANG,"ALESSANDRO PAJOLA, CARSEN EDWARDS, DERRICK ALSTON JR., MATTEO ACCORSI, MATTEO BAIOCCHI, MATTHEW MORGAN, MOUHAMET DIOUF",1,1.8,0,0,2,0.0,0,0,0,0,0,0,1,0,1,0,0,0,0,0,1,0,0,0.0,0.0,170.6,129.5,41.1,0.0,0.0,0,0.0,0,0,0,2,0,0,0,0,0,0,0,0,0,0,0,0,0,0
SALIOU NIANG,Virtus Bologna,7,SALIOU NIANG,"ALEN SMAILAGIC, ALESSANDRO PAJOLA, DERRICK ALSTON JR., FRANCESCO FERRARI, MATTEO ACCORSI, MATTEO BAIOCCHI, MATTHEW MORGAN",1,1.8,0,0,0,0,0,0,0,0,0,0,0,1,1,0,0,0,0,0,0,0,0,0.0,0.0,34.7,144.0,-109.3,0,0,0,0,0,0,0,0,0,0,0,0,0,0,0,0,0,0,0,0,0,0
SALIOU NIANG,Virtus Bologna,7,SALIOU NIANG,"ALEN SMAILAGIC, ALESSANDRO PAJOLA, FRANCESCO FERRARI, MATTEO ACCORSI, MATTEO BAIOCCHI, MATTHEW MORGAN",1,1.2,2,1,1,100.0,0,0,0,0,0,0,1,0,1,0,0,0,0,0,0,0,2,2.0,89.7,224.2,75.7,148.6,100.0,100.0,0.0,0.0,0,0,0,1,1,100,0,0,0,0,0,0,0,0,0,2,0,0
SALIOU NIANG,Virtus Bologna,7,SALIOU NIANG,"ALEN SMAILAGIC, ALESSANDRO PAJOLA, MATTEO ACCORSI, MATTEO BAIOCCHI, MATTHEW MORGAN, MOUHAMET DIOUF",1,1.2,0,0,0,0,0,0,0,0,0,0,0,0,0,0,0,0,0,0,0,0,0,0.0,0.0,0.0,66.7,-66.7,0,0,0,0,0,0,0,0,0,0,0,0,0,0,0,0,0,0,0,0,0,0
ARNAS BUTKEVICIUS,Zalgiris Kaunas,51,ARNAS BUTKEVICIUS,"DOVYDAS GIEDRAITIS, EDGARAS ULANOVAS, KAJUS MIKALAUSKAS, MOSES WRIGHT, SYLVAIN FRANCISCO",1,1.2,0,0,0,0,0,0,0,0,0,0,0,0,0,0,0,0,0,1,0,0,0,0.0,0.0,173.6,73.3,100.3,0,0,0,0,0,0,0,0,0,0,0,0,0,0,0,0,0,0,0,0,0,0
AZUOLAS TUBELIS,Zalgiris Kaunas,10,AZUOLAS TUBELIS,"DUSTIN SLEVA, IGNAS BRAZDEIKIS, KAJUS MIKALAUSKAS, MAODO LO, NIGEL WILLIAMS-GOSS",1,3.2,0,0,0,0,0,0,0,0,0,0,0,0,0,0,0,1,0,0,0,0,0,0.0,0.0,0.0,147.1,-147.1,0,0,0,0,0,0,0,0,0,0,0,0,0,0,0,0,0,0,0,0,0,0
AZUOLAS TUBELIS,Zalgiris Kaunas,10,AZUOLAS TUBELIS,"DOVYDAS GIEDRAITIS, DUSTIN SLEVA, IGNAS BRAZDEIKIS, KAJUS MIKALAUSKAS, SYLVAIN FRANCISCO",1,2.5,2,1,1,100.0,0,0,0,0,0,0,0,1,1,0,0,0,0,0,1,0,2,2.0,50.0,125.0,114.3,10.7,100.0,100.0,0.0,0.0,0,0,0,1,1,100,0,0,0,0,0,0,0,0,0,0,0,0
AZUOLAS TUBELIS,Zalgiris Kaunas,10,AZUOLAS TUBELIS,"DEIVIDAS SIRVYDIS, EDGARAS ULANOVAS, KAJUS MIKALAUSKAS, NIGEL WILLIAMS-GOSS, SYLVAIN FRANCISCO",1,2.0,2,1,1,100.0,0,0,0,0,0,0,0,0,0,0,2,0,1,2,2,0,2,2.0,66.7,133.3,69.9,63.4,100.0,100.0,0.0,50.0,0,0,0,1,1,100,0,0,0,0,0,0,0,0,1,0,0,2
AZUOLAS TUBELIS,Zalgiris Kaunas,10,AZUOLAS TUBELIS,"IGNAS BRAZDEIKIS, KAJUS MIKALAUSKAS, MAODO LO, MOSES WRIGHT, SYLVAIN FRANCISCO",1,2.0,0,0,1,0.0,0,0,0,0,0,0,0,0,0,0,0,0,1,0,2,0,0,0.0,0.0,178.0,209.8,-31.7,0.0,0.0,0,50.0,0,0,0,1,0,0,0,0,0,0,0,0,0,0,1,0,0,0
AZUOLAS TUBELIS,Zalgiris Kaunas,10,AZUOLAS TUBELIS,"DEIVIDAS SIRVYDIS, DOVYDAS GIEDRAITIS, EDGARAS ULANOVAS, KAJUS MIKALAUSKAS, NIGEL WILLIAMS-GOSS",1,1.4,0,0,1,0.0,0,0,0,0,0,0,0,1,1,0,0,0,0,0,1,0,0,0.0,0.0,0.0,87.5,-87.5,0.0,0.0,0,0.0,0,0,0,1,0,0,0,0,0,0,0,0,0,0,0,0,0,0
DEIVIDAS SIRVYDIS,Zalgiris Kaunas,91,DEIVIDAS SIRVYDIS,"AZUOLAS TUBELIS, EDGARAS ULANOVAS, KAJUS MIKALAUSKAS, NIGEL WILLIAMS-GOSS, SYLVAIN FRANCISCO",1,2.0,0,0,0,0,0,0,0,0,0,0,0,0,0,0,0,0,0,0,0,0,0,0.0,0.0,133.3,69.9,63.4,0,0,0,0,0,0,0,0,0,0,0,0,0,0,0,0,0,0,0,0,0,0
DEIVIDAS SIRVYDIS,Zalgiris Kaunas,91,DEIVIDAS SIRVYDIS,"EDGARAS ULANOVAS, KAJUS MIKALAUSKAS, LAURYNAS BIRUTIS, MAODO LO, NIGEL WILLIAMS-GOSS",1,1.6,0,0,1,0.0,0,1,0.0,0,0,0,0,0,0,0,0,0,0,0,1,0,0,0.0,0.0,100.0,180.4,-80.4,0.0,0.0,0,0.0,0,0,0,0,0,0,1,0,0,0,0,0,0,0,0,0,0,0
DEIVIDAS SIRVYDIS,Zalgiris Kaunas,91,DEIVIDAS SIRVYDIS,"AZUOLAS TUBELIS, DOVYDAS GIEDRAITIS, EDGARAS ULANOVAS, KAJUS MIKALAUSKAS, NIGEL WILLIAMS-GOSS",1,1.4,0,0,0,0,0,0,0,0,0,0,0,0,0,0,0,0,0,0,0,0,0,0.0,0.0,0.0,87.5,-87.5,0,0,0,0,0,0,0,0,0,0,0,0,0,0,0,0,0,0,0,0,0,0
DOVYDAS GIEDRAITIS,Zalgiris Kaunas,9,DOVYDAS GIEDRAITIS,"KAJUS MIKALAUSKAS, MAODO LO, NIGEL WILLIAMS-GOSS, SYLVAIN FRANCISCO",1,3.2,0,0,0,0,0,0,0,0,0,0,0,0,0,0,0,0,0,0,0,0,0,0.0,0.0,180.0,180.0,0.0,0,0,0,0,0,0,0,0,0,0,0,0,0,0,0,0,0,0,0,0,0,0
DOVYDAS GIEDRAITIS,Zalgiris Kaunas,9,DOVYDAS GIEDRAITIS,"IGNAS BRAZDEIKIS, KAJUS MIKALAUSKAS, LAURYNAS BIRUTIS, MAODO LO, SYLVAIN FRANCISCO",1,3.0,0,0,0,0,0,0,0,0,0,0,0,0,0,0,0,0,0,0,0,0,0,0.0,0.0,166.3,100.0,66.3,0,0,0,0,0,0,0,0,0,0,0,0,0,0,0,0,0,0,0,0,0,0
DOVYDAS GIEDRAITIS,Zalgiris Kaunas,9,DOVYDAS GIEDRAITIS,"AZUOLAS TUBELIS, DUSTIN SLEVA, IGNAS BRAZDEIKIS, KAJUS MIKALAUSKAS, SYLVAIN FRANCISCO",1,2.5,0,0,0,0,0,0,0,0,0,0,0,0,0,0,0,0,0,0,0,0,0,0.0,0.0,125.0,114.3,10.7,0,0,0,0,0,0,0,0,0,0,0,0,0,0,0,0,0,0,0,0,0,0
DOVYDAS GIEDRAITIS,Zalgiris Kaunas,9,DOVYDAS GIEDRAITIS,"DUSTIN SLEVA, IGNAS BRAZDEIKIS, KAJUS MIKALAUSKAS, LAURYNAS BIRUTIS, SYLVAIN FRANCISCO",1,2.4,0,0,0,0,0,0,0,0,0,0,0,0,0,0,0,0,0,0,0,0,0,0.0,0.0,109.0,66.7,42.3,0,0,0,0,0,0,0,0,0,0,0,0,0,0,0,0,0,0,0,0,0,0
DOVYDAS GIEDRAITIS,Zalgiris Kaunas,9,DOVYDAS GIEDRAITIS,"AZUOLAS TUBELIS, DEIVIDAS SIRVYDIS, EDGARAS ULANOVAS, KAJUS MIKALAUSKAS, NIGEL WILLIAMS-GOSS",1,1.4,0,0,0,0,0,0,0,0,0,0,0,0,0,0,0,0,0,0,0,0,0,0.0,0.0,0.0,87.5,-87.5,0,0,0,0,0,0,0,0,0,0,0,0,0,0,0,0,0,0,0,0,0,0
DOVYDAS GIEDRAITIS,Zalgiris Kaunas,9,DOVYDAS GIEDRAITIS,"ARNAS BUTKEVICIUS, EDGARAS ULANOVAS, KAJUS MIKALAUSKAS, MOSES WRIGHT, SYLVAIN FRANCISCO",1,1.2,0,0,0,0,0,0,0,0,0,0,0,1,1,0,0,0,0,0,0,0,0,0.0,0.0,173.6,73.3,100.3,0,0,0,0,0,0,0,0,0,0,0,0,0,0,0,0,0,0,0,0,0,0
DUSTIN SLEVA,Zalgiris Kaunas,14,DUSTIN SLEVA,"IGNAS BRAZDEIKIS, KAJUS MIKALAUSKAS, LAURYNAS BIRUTIS, MAODO LO, NIGEL WILLIAMS-GOSS",1,3.4,0,0,1,0.0,0,1,0.0,0,0,0,0,0,0,0,0,0,0,0,1,0,0,0.0,0.0,59.2,71.8,-12.6,0.0,0.0,0,0.0,0,0,0,0,0,0,1,0,0,0,0,0,0,0,0,0,0,0
DUSTIN SLEVA,Zalgiris Kaunas,14,DUSTIN SLEVA,"AZUOLAS TUBELIS, IGNAS BRAZDEIKIS, KAJUS MIKALAUSKAS, MAODO LO, NIGEL WILLIAMS-GOSS",1,3.2,0,0,1,0.0,0,0,0,0,0,0,1,0,1,0,0,0,0,0,0,0,0,0.0,0.0,0.0,147.1,-147.1,0.0,0.0,0,0.0,0,0,0,1,0,0,0,0,0,0,0,0,0,0,0,0,0,0
DUSTIN SLEVA,Zalgiris Kaunas,14,DUSTIN SLEVA,"IGNAS BRAZDEIKIS, KAJUS MIKALAUSKAS, LAURYNAS BIRUTIS, MAODO LO, SYLVAIN FRANCISCO",1,2.9,0,0,1,0.0,0,0,0,0,0,0,0,1,1,0,0,0,0,0,1,0,0,0.0,0.0,33.3,123.0,-89.6,0.0,0.0,0,0.0,0,0,0,1,0,0,0,0,0,0,0,0,0,0,0,0,0,0
DUSTIN SLEVA,Zalgiris Kaunas,14,DUSTIN SLEVA,"KAJUS MIKALAUSKAS, MAODO LO, MOSES WRIGHT, NIGEL WILLIAMS-GOSS, SYLVAIN FRANCISCO",1,2.7,0,0,0,0,0,0,0,0,0,0,0,0,0,0,0,0,0,1,0,0,0,0.0,0.0,192.8,112.3,80.5,0,0,0,0,0,0,0,0,0,0,0,0,0,0,0,0,0,0,0,0,0,0
DUSTIN SLEVA,Zalgiris Kaunas,14,DUSTIN SLEVA,"AZUOLAS TUBELIS, DOVYDAS GIEDRAITIS, IGNAS BRAZDEIKIS, KAJUS MIKALAUSKAS, SYLVAIN FRANCISCO",1,2.5,0,0,0,0,0,0,0,0,0,0,0,0,0,1,0,0,1,0,1,3,3,3.0,75.0,125.0,114.3,10.7,0,0,0,50.0,0,0,0,0,0,0,0,0,0,0,0,0,0,0,1,0,0,0
DUSTIN SLEVA,Zalgiris Kaunas,14,DUSTIN SLEVA,"DOVYDAS GIEDRAITIS, IGNAS BRAZDEIKIS, KAJUS MIKALAUSKAS, LAURYNAS BIRUTIS, SYLVAIN FRANCISCO",1,2.4,2,0,1,0.0,0,0,0,2,2,100.0,1,0,1,0,0,0,0,1,1,0,2,2.0,54.5,109.0,66.7,42.3,0.0,53.2,0,0.0,0,0,0,1,0,0,0,0,0,0,0,0,0,0,0,2,0,0
DUSTIN SLEVA,Zalgiris Kaunas,14,DUSTIN SLEVA,"IGNAS BRAZDEIKIS, KAJUS MIKALAUSKAS, MOSES WRIGHT, NIGEL WILLIAMS-GOSS, SYLVAIN FRANCISCO",1,1.7,0,0,0,0,0,0,0,0,0,0,0,0,0,0,0,0,0,1,0,0,0,0.0,0.0,125.0,69.4,55.6,0,0,0,0,0,0,0,0,0,0,0,0,0,0,0,0,0,0,0,0,0,0
DUSTIN SLEVA,Zalgiris Kaunas,14,DUSTIN SLEVA,"KAJUS MIKALAUSKAS, LAURYNAS BIRUTIS, MAODO LO, NIGEL WILLIAMS-GOSS, SYLVAIN FRANCISCO",1,1.2,2,0,0,0,0,0,0,2,2,100.0,1,0,1,0,0,0,0,0,0,0,2,2.0,110.5,221.0,150.0,71.0,0,113.6,0,0.0,0,0,0,0,0,0,0,0,0,0,0,0,0,0,0,2,0,0
EDGARAS ULANOVAS,Zalgiris Kaunas,92,EDGARAS ULANOVAS,"AZUOLAS TUBELIS, DEIVIDAS SIRVYDIS, KAJUS MIKALAUSKAS, NIGEL WILLIAMS-GOSS, SYLVAIN FRANCISCO",1,2.0,0,0,0,0,0,0,0,0,0,0,0,0,0,0,0,0,0,0,0,0,0,0.0,0.0,133.3,69.9,63.4,0,0,0,0,0,0,0,0,0,0,0,0,0,0,0,0,0,0,0,0,0,0
EDGARAS ULANOVAS,Zalgiris Kaunas,92,EDGARAS ULANOVAS,"DEIVIDAS SIRVYDIS, KAJUS MIKALAUSKAS, LAURYNAS BIRUTIS, MAODO LO, NIGEL WILLIAMS-GOSS",1,1.6,3,1,1,100.0,1,1,100.0,0,0,0,0,0,0,0,0,0,0,0,1,0,3,3.0,100.0,100.0,180.4,-80.4,150.0,150.0,0.0,0.0,0,0,0,0,0,0,1,1,100,0,0,0,0,0,0,0,0,0
EDGARAS ULANOVAS,Zalgiris Kaunas,92,EDGARAS ULANOVAS,"AZUOLAS TUBELIS, DEIVIDAS SIRVYDIS, DOVYDAS GIEDRAITIS, KAJUS MIKALAUSKAS, NIGEL WILLIAMS-GOSS",1,1.4,0,0,1,0.0,0,0,0,0,0,0,0,0,0,0,0,0,0,0,1,0,0,0.0,0.0,0.0,87.5,-87.5,0.0,0.0,0,0.0,0,0,0,1,0,0,0,0,0,0,0,0,0,0,0,0,0,0
EDGARAS ULANOVAS,Zalgiris Kaunas,92,EDGARAS ULANOVAS,"ARNAS BUTKEVICIUS, DOVYDAS GIEDRAITIS, KAJUS MIKALAUSKAS, MOSES WRIGHT, SYLVAIN FRANCISCO",1,1.2,0,0,0,0,0,0,0,0,0,0,0,0,0,0,0,0,0,1,0,0,0,0.0,0.0,173.6,73.3,100.3,0,0,0,0,0,0,0,0,0,0,0,0,0,0,0,0,0,0,0,0,0,0
IGNAS BRAZDEIKIS,Zalgiris Kaunas,8,IGNAS BRAZDEIKIS,"DUSTIN SLEVA, KAJUS MIKALAUSKAS, LAURYNAS BIRUTIS, MAODO LO, NIGEL WILLIAMS-GOSS",1,3.4,0,0,0,0,0,0,0,0,0,0,0,0,0,0,0,0,0,0,0,0,0,0.0,0.0,59.2,71.8,-12.6,0,0,0,0,0,0,0,0,0,0,0,0,0,0,0,0,0,0,0,0,0,0
IGNAS BRAZDEIKIS,Zalgiris Kaunas,8,IGNAS BRAZDEIKIS,"AZUOLAS TUBELIS, DUSTIN SLEVA, KAJUS MIKALAUSKAS, MAODO LO, NIGEL WILLIAMS-GOSS",1,3.2,0,0,1,0.0,0,0,0,0,0,0,0,1,1,0,0,0,0,1,1,0,0,0.0,0.0,0.0,147.1,-147.1,0.0,0.0,0,0.0,0,0,0,1,0,0,0,0,0,0,0,0,0,0,0,0,0,0
IGNAS BRAZDEIKIS,Zalgiris Kaunas,8,IGNAS BRAZDEIKIS,"DOVYDAS GIEDRAITIS, KAJUS MIKALAUSKAS, LAURYNAS BIRUTIS, MAODO LO, SYLVAIN FRANCISCO",1,3.0,0,0,0,0,0,0,0,0,0,0,0,0,0,0,0,0,0,0,0,0,0,0.0,0.0,166.3,100.0,66.3,0,0,0,0,0,0,0,0,0,0,0,0,0,0,0,0,0,0,0,0,0,0
IGNAS BRAZDEIKIS,Zalgiris Kaunas,8,IGNAS BRAZDEIKIS,"DUSTIN SLEVA, KAJUS MIKALAUSKAS, LAURYNAS BIRUTIS, MAODO LO, SYLVAIN FRANCISCO",1,2.9,0,0,2,0.0,0,1,0.0,0,0,0,0,0,0,0,0,0,0,0,2,0,0,0.0,0.0,33.3,123.0,-89.6,0.0,0.0,0,0.0,0,0,0,1,0,0,1,0,0,0,0,0,0,0,0,0,0,0
IGNAS BRAZDEIKIS,Zalgiris Kaunas,8,IGNAS BRAZDEIKIS,"AZUOLAS TUBELIS, DOVYDAS GIEDRAITIS, DUSTIN SLEVA, KAJUS MIKALAUSKAS, SYLVAIN FRANCISCO",1,2.5,3,1,2,50.0,1,1,100.0,0,0,0,0,0,0,0,0,0,0,0,2,0,3,3.0,75.0,125.0,114.3,10.7,75.0,75.0,0.0,0.0,0,0,0,1,0,0,1,1,100,0,0,0,0,0,0,0,0,0
IGNAS BRAZDEIKIS,Zalgiris Kaunas,8,IGNAS BRAZDEIKIS,"DOVYDAS GIEDRAITIS, DUSTIN SLEVA, KAJUS MIKALAUSKAS, LAURYNAS BIRUTIS, SYLVAIN FRANCISCO",1,2.4,0,0,2,0.0,0,1,0.0,0,0,0,0,0,0,0,0,1,0,0,2,0,0,0.0,0.0,109.0,66.7,42.3,0.0,0.0,0,0.0,0,0,0,1,0,0,1,0,0,0,0,0,0,0,0,0,0,0
IGNAS BRAZDEIKIS,Zalgiris Kaunas,8,IGNAS BRAZDEIKIS,"AZUOLAS TUBELIS, KAJUS MIKALAUSKAS, MAODO LO, MOSES WRIGHT, SYLVAIN FRANCISCO",1,2.0,0,0,0,0,0,0,0,0,0,0,0,1,1,0,0,0,0,0,0,0,0,0.0,0.0,178.0,209.8,-31.7,0,0,0,0,0,0,0,0,0,0,0,0,0,0,0,0,0,0,0,0,0,0
IGNAS BRAZDEIKIS,Zalgiris Kaunas,8,IGNAS BRAZDEIKIS,"DUSTIN SLEVA, KAJUS MIKALAUSKAS, MOSES WRIGHT, NIGEL WILLIAMS-GOSS, SYLVAIN FRANCISCO",1,1.7,0,0,0,0,0,0,0,0,0,0,0,0,0,0,1,0,0,0,0,0,0,0.0,0.0,125.0,69.4,55.6,0,0,0,0,0,0,0,0,0,0,0,0,0,0,0,0,0,0,0,0,0,0
KAJUS MIKALAUSKAS,Zalgiris Kaunas,4,KAJUS MIKALAUSKAS,"DUSTIN SLEVA, IGNAS BRAZDEIKIS, LAURYNAS BIRUTIS, MAODO LO, NIGEL WILLIAMS-GOSS",1,3.4,0,0,0,0,0,0,0,0,0,0,0,0,0,0,0,0,0,0,0,0,0,0.0,0.0,59.2,71.8,-12.6,0,0,0,0,0,0,0,0,0,0,0,0,0,0,0,0,0,0,0,0,0,0
KAJUS MIKALAUSKAS,Zalgiris Kaunas,4,KAJUS MIKALAUSKAS,"DOVYDAS GIEDRAITIS, MAODO LO, NIGEL WILLIAMS-GOSS, SYLVAIN FRANCISCO",1,3.2,0,0,0,0,0,0,0,0,0,0,0,0,0,0,0,0,0,0,0,0,0,0.0,0.0,180.0,180.0,0.0,0,0,0,0,0,0,0,0,0,0,0,0,0,0,0,0,0,0,0,0,0,0
KAJUS MIKALAUSKAS,Zalgiris Kaunas,4,KAJUS MIKALAUSKAS,"AZUOLAS TUBELIS, DUSTIN SLEVA, IGNAS BRAZDEIKIS, MAODO LO, NIGEL WILLIAMS-GOSS",1,3.2,0,0,0,0,0,0,0,0,0,0,0,0,0,0,0,0,0,0,0,0,0,0.0,0.0,0.0,147.1,-147.1,0,0,0,0,0,0,0,0,0,0,0,0,0,0,0,0,0,0,0,0,0,0
KAJUS MIKALAUSKAS,Zalgiris Kaunas,4,KAJUS MIKALAUSKAS,"DOVYDAS GIEDRAITIS, IGNAS BRAZDEIKIS, LAURYNAS BIRUTIS, MAODO LO, SYLVAIN FRANCISCO",1,3.0,0,0,0,0,0,0,0,0,0,0,0,0,0,0,0,0,0,0,0,0,0,0.0,0.0,166.3,100.0,66.3,0,0,0,0,0,0,0,0,0,0,0,0,0,0,0,0,0,0,0,0,0,0
KAJUS MIKALAUSKAS,Zalgiris Kaunas,4,KAJUS MIKALAUSKAS,"DUSTIN SLEVA, IGNAS BRAZDEIKIS, LAURYNAS BIRUTIS, MAODO LO, SYLVAIN FRANCISCO",1,2.9,0,0,0,0,0,0,0,0,0,0,0,0,0,0,0,0,0,0,0,0,0,0.0,0.0,33.3,123.0,-89.6,0,0,0,0,0,0,0,0,0,0,0,0,0,0,0,0,0,0,0,0,0,0
KAJUS MIKALAUSKAS,Zalgiris Kaunas,4,KAJUS MIKALAUSKAS,"DUSTIN SLEVA, MAODO LO, MOSES WRIGHT, NIGEL WILLIAMS-GOSS, SYLVAIN FRANCISCO",1,2.7,0,0,0,0,0,0,0,0,0,0,0,0,0,0,0,0,0,0,0,0,0,0.0,0.0,192.8,112.3,80.5,0,0,0,0,0,0,0,0,0,0,0,0,0,0,0,0,0,0,0,0,0,0
KAJUS MIKALAUSKAS,Zalgiris Kaunas,4,KAJUS MIKALAUSKAS,"AZUOLAS TUBELIS, DOVYDAS GIEDRAITIS, DUSTIN SLEVA, IGNAS BRAZDEIKIS, SYLVAIN FRANCISCO",1,2.5,0,0,0,0,0,0,0,0,0,0,0,0,0,0,0,0,0,0,0,0,0,0.0,0.0,125.0,114.3,10.7,0,0,0,0,0,0,0,0,0,0,0,0,0,0,0,0,0,0,0,0,0,0
KAJUS MIKALAUSKAS,Zalgiris Kaunas,4,KAJUS MIKALAUSKAS,"DOVYDAS GIEDRAITIS, DUSTIN SLEVA, IGNAS BRAZDEIKIS, LAURYNAS BIRUTIS, SYLVAIN FRANCISCO",1,2.4,0,0,0,0,0,0,0,0,0,0,0,0,0,0,0,0,0,0,0,0,0,0.0,0.0,109.0,66.7,42.3,0,0,0,0,0,0,0,0,0,0,0,0,0,0,0,0,0,0,0,0,0,0
KAJUS MIKALAUSKAS,Zalgiris Kaunas,4,KAJUS MIKALAUSKAS,"AZUOLAS TUBELIS, DEIVIDAS SIRVYDIS, EDGARAS ULANOVAS, NIGEL WILLIAMS-GOSS, SYLVAIN FRANCISCO",1,2.0,0,0,0,0,0,0,0,0,0,0,0,0,0,0,0,0,0,0,0,0,0,0.0,0.0,133.3,69.9,63.4,0,0,0,0,0,0,0,0,0,0,0,0,0,0,0,0,0,0,0,0,0,0
KAJUS MIKALAUSKAS,Zalgiris Kaunas,4,KAJUS MIKALAUSKAS,"AZUOLAS TUBELIS, IGNAS BRAZDEIKIS, MAODO LO, MOSES WRIGHT, SYLVAIN FRANCISCO",1,2.0,0,0,0,0,0,0,0,0,0,0,0,0,0,0,0,0,0,0,0,0,0,0.0,0.0,178.0,209.8,-31.7,0,0,0,0,0,0,0,0,0,0,0,0,0,0,0,0,0,0,0,0,0,0
KAJUS MIKALAUSKAS,Zalgiris Kaunas,4,KAJUS MIKALAUSKAS,"DUSTIN SLEVA, IGNAS BRAZDEIKIS, MOSES WRIGHT, NIGEL WILLIAMS-GOSS, SYLVAIN FRANCISCO",1,1.7,0,0,0,0,0,0,0,0,0,0,0,0,0,0,0,0,0,0,0,0,0,0.0,0.0,125.0,69.4,55.6,0,0,0,0,0,0,0,0,0,0,0,0,0,0,0,0,0,0,0,0,0,0
KAJUS MIKALAUSKAS,Zalgiris Kaunas,4,KAJUS MIKALAUSKAS,"DEIVIDAS SIRVYDIS, EDGARAS ULANOVAS, LAURYNAS BIRUTIS, MAODO LO, NIGEL WILLIAMS-GOSS",1,1.6,0,0,0,0,0,0,0,0,0,0,0,0,0,0,0,0,0,0,0,0,0,0.0,0.0,100.0,180.4,-80.4,0,0,0,0,0,0,0,0,0,0,0,0,0,0,0,0,0,0,0,0,0,0
KAJUS MIKALAUSKAS,Zalgiris Kaunas,4,KAJUS MIKALAUSKAS,"AZUOLAS TUBELIS, DEIVIDAS SIRVYDIS, DOVYDAS GIEDRAITIS, EDGARAS ULANOVAS, NIGEL WILLIAMS-GOSS",1,1.4,0,0,0,0,0,0,0,0,0,0,0,0,0,0,0,0,0,0,0,0,0,0.0,0.0,0.0,87.5,-87.5,0,0,0,0,0,0,0,0,0,0,0,0,0,0,0,0,0,0,0,0,0,0
KAJUS MIKALAUSKAS,Zalgiris Kaunas,4,KAJUS MIKALAUSKAS,"ARNAS BUTKEVICIUS, DOVYDAS GIEDRAITIS, EDGARAS ULANOVAS, MOSES WRIGHT, SYLVAIN FRANCISCO",1,1.2,0,0,0,0,0,0,0,0,0,0,0,0,0,0,0,0,0,0,0,0,0,0.0,0.0,173.6,73.3,100.3,0,0,0,0,0,0,0,0,0,0,0,0,0,0,0,0,0,0,0,0,0,0
KAJUS MIKALAUSKAS,Zalgiris Kaunas,4,KAJUS MIKALAUSKAS,"DUSTIN SLEVA, LAURYNAS BIRUTIS, MAODO LO, NIGEL WILLIAMS-GOSS, SYLVAIN FRANCISCO",1,1.2,0,0,0,0,0,0,0,0,0,0,0,0,0,0,0,0,0,0,0,0,0,0.0,0.0,221.0,150.0,71.0,0,0,0,0,0,0,0,0,0,0,0,0,0,0,0,0,0,0,0,0,0,0
LAURYNAS BIRUTIS,Zalgiris Kaunas,15,LAURYNAS BIRUTIS,"DUSTIN SLEVA, IGNAS BRAZDEIKIS, KAJUS MIKALAUSKAS, MAODO LO, NIGEL WILLIAMS-GOSS",1,3.4,0,0,0,0,0,0,0,0,0,0,0,1,1,0,0,0,0,0,0,0,0,0.0,0.0,59.2,71.8,-12.6,0,0,0,0,0,0,0,0,0,0,0,0,0,0,0,0,0,0,0,0,0,0
LAURYNAS BIRUTIS,Zalgiris Kaunas,15,LAURYNAS BIRUTIS,"DOVYDAS GIEDRAITIS, IGNAS BRAZDEIKIS, KAJUS MIKALAUSKAS, MAODO LO, SYLVAIN FRANCISCO",1,3.0,3,1,1,100.0,0,0,0,1,2,50.0,0,0,0,0,0,0,0,0,2,0,3,3.0,62.4,166.3,100.0,66.3,100.0,79.8,0.0,0.0,0,0,0,1,1,100,0,0,0,0,0,0,0,0,0,0,1,0
LAURYNAS BIRUTIS,Zalgiris Kaunas,15,LAURYNAS BIRUTIS,"DUSTIN SLEVA, IGNAS BRAZDEIKIS, KAJUS MIKALAUSKAS, MAODO LO, SYLVAIN FRANCISCO",1,2.9,0,0,0,0,0,0,0,0,0,0,0,0,0,0,0,0,0,0,0,0,0,0.0,0.0,33.3,123.0,-89.6,0,0,0,0,0,0,0,0,0,0,0,0,0,0,0,0,0,0,0,0,0,0
LAURYNAS BIRUTIS,Zalgiris Kaunas,15,LAURYNAS BIRUTIS,"DOVYDAS GIEDRAITIS, DUSTIN SLEVA, IGNAS BRAZDEIKIS, KAJUS MIKALAUSKAS, SYLVAIN FRANCISCO",1,2.4,2,1,1,100.0,0,0,0,0,0,0,1,1,2,0,0,0,0,0,0,0,2,2.0,54.5,109.0,66.7,42.3,100.0,100.0,0.0,0.0,0,0,0,1,1,100,0,0,0,0,0,0,0,0,0,2,0,0
LAURYNAS BIRUTIS,Zalgiris Kaunas,15,LAURYNAS BIRUTIS,"DEIVIDAS SIRVYDIS, EDGARAS ULANOVAS, KAJUS MIKALAUSKAS, MAODO LO, NIGEL WILLIAMS-GOSS",1,1.6,0,0,0,0,0,0,0,0,0,0,0,0,0,0,0,0,0,1,0,0,0,0.0,0.0,100.0,180.4,-80.4,0,0,0,0,0,0,0,0,0,0,0,0,0,0,0,0,0,0,0,0,0,0
LAURYNAS BIRUTIS,Zalgiris Kaunas,15,LAURYNAS BIRUTIS,"DUSTIN SLEVA, KAJUS MIKALAUSKAS, MAODO LO, NIGEL WILLIAMS-GOSS, SYLVAIN FRANCISCO",1,1.2,0,0,0,0,0,0,0,0,0,0,0,0,0,0,0,0,0,0,0,0,0,0.0,0.0,221.0,150.0,71.0,0,0,0,0,0,0,0,0,0,0,0,0,0,0,0,0,0,0,0,0,0,0
MAODO LO,Zalgiris Kaunas,12,MAODO LO,"DUSTIN SLEVA, IGNAS BRAZDEIKIS, KAJUS MIKALAUSKAS, LAURYNAS BIRUTIS, NIGEL WILLIAMS-GOSS",1,3.4,3,1,2,50.0,0,1,0.0,1,2,50.0,0,1,1,0,0,0,2,1,5,0,3,3.0,44.4,59.2,71.8,-12.6,50.0,52.1,0.0,41.0,0,0,0,1,1,100,1,0,0,0,0,0,0,0,2,0,0,0
MAODO LO,Zalgiris Kaunas,12,MAODO LO,"DOVYDAS GIEDRAITIS, KAJUS MIKALAUSKAS, NIGEL WILLIAMS-GOSS, SYLVAIN FRANCISCO",1,3.2,3,1,1,100.0,1,1,100.0,0,0,0,0,0,0,0,0,0,0,0,1,0,3,3.0,60.0,180.0,180.0,0.0,150.0,150.0,0.0,0.0,0,0,0,0,0,0,1,1,100,0,1,0,0,0,0,0,0,0
MAODO LO,Zalgiris Kaunas,12,MAODO LO,"AZUOLAS TUBELIS, DUSTIN SLEVA, IGNAS BRAZDEIKIS, KAJUS MIKALAUSKAS, NIGEL WILLIAMS-GOSS",1,3.2,0,0,0,0,0,0,0,0,0,0,0,0,0,0,0,0,1,0,1,0,0,0.0,0.0,0.0,147.1,-147.1,0,0,0,100.0,0,0,0,0,0,0,0,0,0,0,0,0,0,0,1,0,0,0
MAODO LO,Zalgiris Kaunas,12,MAODO LO,"DOVYDAS GIEDRAITIS, IGNAS BRAZDEIKIS, KAJUS MIKALAUSKAS, LAURYNAS BIRUTIS, SYLVAIN FRANCISCO",1,3.0,3,1,2,50.0,1,2,50.0,0,0,0,0,2,2,2,0,0,0,0,2,2,5,5.0,104.0,166.3,100.0,66.3,75.0,75.0,200.0,0.0,0,0,0,0,0,0,2,1,50,0,0,0,0,0,0,0,0,0
MAODO LO,Zalgiris Kaunas,12,MAODO LO,"DUSTIN SLEVA, IGNAS BRAZDEIKIS, KAJUS MIKALAUSKAS, LAURYNAS BIRUTIS, SYLVAIN FRANCISCO",1,2.9,2,1,2,50.0,0,1,0.0,0,0,0,0,1,1,0,0,0,0,0,2,0,2,2.0,33.3,33.3,123.0,-89.6,50.0,50.0,0.0,0.0,0,0,0,1,1,100,1,0,0,0,0,0,0,0,0,0,0,0
MAODO LO,Zalgiris Kaunas,12,MAODO LO,"DUSTIN SLEVA, KAJUS MIKALAUSKAS, MOSES WRIGHT, NIGEL WILLIAMS-GOSS, SYLVAIN FRANCISCO",1,2.7,0,0,0,0,0,0,0,0,0,0,0,0,0,0,0,0,0,0,0,0,0,0.0,0.0,192.8,112.3,80.5,0,0,0,0,0,0,0,0,0,0,0,0,0,0,0,0,0,0,0,0,0,0
MAODO LO,Zalgiris Kaunas,12,MAODO LO,"AZUOLAS TUBELIS, IGNAS BRAZDEIKIS, KAJUS MIKALAUSKAS, MOSES WRIGHT, SYLVAIN FRANCISCO",1,2.0,0,0,0,0,0,0,0,0,0,0,0,0,0,0,0,0,0,0,0,0,0,0.0,0.0,178.0,209.8,-31.7,0,0,0,0,0,0,0,0,0,0,0,0,0,0,0,0,0,0,0,0,0,0
MAODO LO,Zalgiris Kaunas,12,MAODO LO,"DEIVIDAS SIRVYDIS, EDGARAS ULANOVAS, KAJUS MIKALAUSKAS, LAURYNAS BIRUTIS, NIGEL WILLIAMS-GOSS",1,1.6,0,0,0,0,0,0,0,0,0,0,0,0,0,1,0,0,0,0,0,3,3,3.0,100.0,100.0,180.4,-80.4,0,0,0,0.0,0,0,0,0,0,0,0,0,0,0,0,0,0,0,0,0,0,0
MAODO LO,Zalgiris Kaunas,12,MAODO LO,"DUSTIN SLEVA, KAJUS MIKALAUSKAS, LAURYNAS BIRUTIS, NIGEL WILLIAMS-GOSS, SYLVAIN FRANCISCO",1,1.2,0,0,1,0.0,0,1,0.0,0,0,0,0,1,1,0,0,0,0,0,1,0,0,0.0,0.0,221.0,150.0,71.0,0.0,0.0,0,0.0,0,0,0,0,0,0,1,0,0,0,0,0,0,0,0,0,0,0
MOSES WRIGHT,Zalgiris Kaunas,7,MOSES WRIGHT,"DUSTIN SLEVA, KAJUS MIKALAUSKAS, MAODO LO, NIGEL WILLIAMS-GOSS, SYLVAIN FRANCISCO",1,2.7,3,1,1,100.0,0,0,0,1,2,50.0,0,0,0,0,0,0,0,1,2,0,3,3.0,48.2,192.8,112.3,80.5,100.0,79.8,0.0,0.0,0,0,0,1,1,100,0,0,0,0,0,0,0,0,0,0,3,0
MOSES WRIGHT,Zalgiris Kaunas,7,MOSES WRIGHT,"AZUOLAS TUBELIS, IGNAS BRAZDEIKIS, KAJUS MIKALAUSKAS, MAODO LO, SYLVAIN FRANCISCO",1,2.0,3,1,1,100.0,0,0,0,1,1,100.0,1,0,1,0,0,0,0,0,0,0,3,3.0,89.0,178.0,209.8,-31.7,100.0,104.2,0.0,0.0,0,0,0,1,1,100,0,0,0,0,0,0,0,0,0,2,0,0
MOSES WRIGHT,Zalgiris Kaunas,7,MOSES WRIGHT,"DUSTIN SLEVA, IGNAS BRAZDEIKIS, KAJUS MIKALAUSKAS, NIGEL WILLIAMS-GOSS, SYLVAIN FRANCISCO",1,1.7,2,1,1,100.0,0,0,0,0,0,0,0,0,0,1,1,0,0,0,1,3,5,5.0,125.0,125.0,69.4,55.6,100.0,100.0,100.0,0.0,0,0,0,1,1,100,0,0,0,0,0,0,0,0,0,0,0,0
MOSES WRIGHT,Zalgiris Kaunas,7,MOSES WRIGHT,"ARNAS BUTKEVICIUS, DOVYDAS GIEDRAITIS, EDGARAS ULANOVAS, KAJUS MIKALAUSKAS, SYLVAIN FRANCISCO",1,1.2,0,0,1,0.0,0,0,0,0,0,0,0,1,1,0,0,0,0,0,1,0,0,0.0,0.0,173.6,73.3,100.3,0.0,0.0,0,0.0,0,0,0,1,0,0,0,0,0,0,0,0,0,0,0,0,0,0
NIGEL WILLIAMS-GOSS,Zalgiris Kaunas,1,NIGEL WILLIAMS-GOSS,"DUSTIN SLEVA, IGNAS BRAZDEIKIS, KAJUS MIKALAUSKAS, LAURYNAS BIRUTIS, MAODO LO",1,3.4,1,0,0,0,0,0,0,1,2,50.0,0,1,1,0,1,0,0,0,1,0,1,1.0,14.8,59.2,71.8,-12.6,0,56.8,0,0.0,0,0,0,0,0,0,0,0,0,0,0,0,0,0,0,0,1,1
NIGEL WILLIAMS-GOSS,Zalgiris Kaunas,1,NIGEL WILLIAMS-GOSS,"DOVYDAS GIEDRAITIS, KAJUS MIKALAUSKAS, MAODO LO, SYLVAIN FRANCISCO",1,3.2,2,1,1,100.0,0,0,0,0,0,0,0,0,0,1,0,0,1,0,2,2,4,4.0,80.0,180.0,180.0,0.0,100.0,100.0,100.0,33.3,0,0,0,1,1,100,0,0,0,0,0,0,0,0,1,0,0,2
NIGEL WILLIAMS-GOSS,Zalgiris Kaunas,1,NIGEL WILLIAMS-GOSS,"AZUOLAS TUBELIS, DUSTIN SLEVA, IGNAS BRAZDEIKIS, KAJUS MIKALAUSKAS, MAODO LO",1,3.2,0,0,2,0.0,0,0,0,0,0,0,0,0,0,0,0,0,0,2,2,0,0,0.0,0.0,0.0,147.1,-147.1,0.0,0.0,0,0.0,0,0,0,2,0,0,0,0,0,0,0,0,0,0,0,0,0,0
NIGEL WILLIAMS-GOSS,Zalgiris Kaunas,1,NIGEL WILLIAMS-GOSS,"DUSTIN SLEVA, KAJUS MIKALAUSKAS, MAODO LO, MOSES WRIGHT, SYLVAIN FRANCISCO",1,2.7,2,1,1,100.0,0,0,0,0,0,0,1,1,2,1,0,0,0,0,0,2,4,4.0,64.3,192.8,112.3,80.5,100.0,100.0,100.0,0.0,0,0,0,1,1,100,0,0,0,0,0,0,0,0,0,2,0,0
NIGEL WILLIAMS-GOSS,Zalgiris Kaunas,1,NIGEL WILLIAMS-GOSS,"AZUOLAS TUBELIS, DEIVIDAS SIRVYDIS, EDGARAS ULANOVAS, KAJUS MIKALAUSKAS, SYLVAIN FRANCISCO",1,2.0,2,1,1,100.0,0,0,0,0,0,0,0,0,0,0,0,0,0,0,1,0,2,2.0,66.7,133.3,69.9,63.4,100.0,100.0,0.0,0.0,0,0,0,1,1,100,0,0,0,0,0,0,0,0,0,0,0,2
NIGEL WILLIAMS-GOSS,Zalgiris Kaunas,1,NIGEL WILLIAMS-GOSS,"DUSTIN SLEVA, IGNAS BRAZDEIKIS, KAJUS MIKALAUSKAS, MOSES WRIGHT, SYLVAIN FRANCISCO",1,1.7,0,0,1,0.0,0,1,0.0,0,0,0,0,0,0,1,0,0,0,0,1,2,2,2.0,50.0,125.0,69.4,55.6,0.0,0.0,0,0.0,0,0,0,0,0,0,1,0,0,0,0,0,0,0,0,0,0,0
NIGEL WILLIAMS-GOSS,Zalgiris Kaunas,1,NIGEL WILLIAMS-GOSS,"DEIVIDAS SIRVYDIS, EDGARAS ULANOVAS, KAJUS MIKALAUSKAS, LAURYNAS BIRUTIS, MAODO LO",1,1.6,0,0,1,0.0,0,0,0,0,0,0,0,1,1,0,0,0,0,0,1,0,0,0.0,0.0,100.0,180.4,-80.4,0.0,0.0,0,0.0,0,0,0,1,0,0,0,0,0,0,0,0,0,0,0,0,0,0
NIGEL WILLIAMS-GOSS,Zalgiris Kaunas,1,NIGEL WILLIAMS-GOSS,"AZUOLAS TUBELIS, DEIVIDAS SIRVYDIS, DOVYDAS GIEDRAITIS, EDGARAS ULANOVAS, KAJUS MIKALAUSKAS",1,1.4,0,0,1,0.0,0,0,0,0,0,0,0,0,0,0,0,0,0,0,1,0,0,0.0,0.0,0.0,87.5,-87.5,0.0,0.0,0,0.0,0,0,0,1,0,0,0,0,0,0,0,0,0,0,0,0,0,0
NIGEL WILLIAMS-GOSS,Zalgiris Kaunas,1,NIGEL WILLIAMS-GOSS,"DUSTIN SLEVA, KAJUS MIKALAUSKAS, LAURYNAS BIRUTIS, MAODO LO, SYLVAIN FRANCISCO",1,1.2,2,1,1,100.0,0,0,0,0,0,0,0,0,0,0,0,0,0,0,1,0,2,2.0,110.5,221.0,150.0,71.0,100.0,100.0,0.0,0.0,0,0,0,1,1,100,0,0,0,0,0,0,0,0,0,2,0,0
SYLVAIN FRANCISCO,Zalgiris Kaunas,3,SYLVAIN FRANCISCO,"DOVYDAS GIEDRAITIS, KAJUS MIKALAUSKAS, MAODO LO, NIGEL WILLIAMS-GOSS",1,3.2,0,0,0,0,0,0,0,0,0,0,0,0,0,0,0,0,0,0,0,0,0,0.0,0.0,180.0,180.0,0.0,0,0,0,0,0,0,0,0,0,0,0,0,0,0,0,0,0,0,0,0,0,0
SYLVAIN FRANCISCO,Zalgiris Kaunas,3,SYLVAIN FRANCISCO,"DOVYDAS GIEDRAITIS, IGNAS BRAZDEIKIS, KAJUS MIKALAUSKAS, LAURYNAS BIRUTIS, MAODO LO",1,3.0,0,0,0,0,0,0,0,0,0,0,0,0,0,1,0,0,0,0,0,3,3,3.0,62.4,166.3,100.0,66.3,0,0,0,0.0,0,0,0,0,0,0,0,0,0,0,0,0,0,0,0,0,0,0
SYLVAIN FRANCISCO,Zalgiris Kaunas,3,SYLVAIN FRANCISCO,"DUSTIN SLEVA, IGNAS BRAZDEIKIS, KAJUS MIKALAUSKAS, LAURYNAS BIRUTIS, MAODO LO",1,2.9,0,0,1,0.0,0,1,0.0,0,0,0,0,0,0,0,0,0,0,0,1,0,0,0.0,0.0,33.3,123.0,-89.6,0.0,0.0,0,0.0,0,0,0,0,0,0,1,0,0,0,0,0,0,0,0,0,0,0
SYLVAIN FRANCISCO,Zalgiris Kaunas,3,SYLVAIN FRANCISCO,"DUSTIN SLEVA, KAJUS MIKALAUSKAS, MAODO LO, MOSES WRIGHT, NIGEL WILLIAMS-GOSS",1,2.7,7,2,3,66.7,1,2,50.0,2,2,100.0,0,0,0,0,0,0,0,0,4,0,7,7.0,112.4,192.8,112.3,80.5,83.3,90.2,0.0,0.0,0,0,0,1,1,100,2,1,50,0,1,0,0,0,0,0,1,2
SYLVAIN FRANCISCO,Zalgiris Kaunas,3,SYLVAIN FRANCISCO,"AZUOLAS TUBELIS, DOVYDAS GIEDRAITIS, DUSTIN SLEVA, IGNAS BRAZDEIKIS, KAJUS MIKALAUSKAS",1,2.5,0,0,0,0,0,0,0,0,0,0,0,1,1,0,0,0,0,0,0,0,0,0.0,0.0,125.0,114.3,10.7,0,0,0,0,0,0,0,0,0,0,0,0,0,0,0,0,0,0,0,0,0,0
SYLVAIN FRANCISCO,Zalgiris Kaunas,3,SYLVAIN FRANCISCO,"DOVYDAS GIEDRAITIS, DUSTIN SLEVA, IGNAS BRAZDEIKIS, KAJUS MIKALAUSKAS, LAURYNAS BIRUTIS",1,2.4,0,0,1,0.0,0,1,0.0,0,0,0,1,1,2,1,0,0,1,0,1,2,2,2.0,54.5,109.0,66.7,42.3,0.0,0.0,0,33.3,0,0,0,0,0,0,1,0,0,0,0,0,0,0,1,0,0,0
SYLVAIN FRANCISCO,Zalgiris Kaunas,3,SYLVAIN FRANCISCO,"AZUOLAS TUBELIS, DEIVIDAS SIRVYDIS, EDGARAS ULANOVAS, KAJUS MIKALAUSKAS, NIGEL WILLIAMS-GOSS",1,2.0,0,0,0,0,0,0,0,0,0,0,0,0,0,1,0,0,0,0,0,2,2,2.0,66.7,133.3,69.9,63.4,0,0,0,0.0,0,0,0,0,0,0,0,0,0,0,0,0,0,0,0,0,0,0
SYLVAIN FRANCISCO,Zalgiris Kaunas,3,SYLVAIN FRANCISCO,"AZUOLAS TUBELIS, IGNAS BRAZDEIKIS, KAJUS MIKALAUSKAS, MAODO LO, MOSES WRIGHT",1,2.0,3,1,1,100.0,1,1,100.0,0,0,0,0,0,0,0,0,0,0,0,1,0,3,3.0,89.0,178.0,209.8,-31.7,150.0,150.0,0.0,0.0,0,0,0,0,0,0,1,1,100,0,1,0,0,0,0,0,3,0
SYLVAIN FRANCISCO,Zalgiris Kaunas,3,SYLVAIN FRANCISCO,"DUSTIN SLEVA, IGNAS BRAZDEIKIS, KAJUS MIKALAUSKAS, MOSES WRIGHT, NIGEL WILLIAMS-GOSS",1,1.7,3,1,2,50.0,1,1,100.0,0,0,0,0,0,0,0,0,0,0,0,2,0,3,3.0,75.0,125.0,69.4,55.6,75.0,75.0,0.0,0.0,0,0,0,1,0,0,1,1,100,0,0,0,0,0,0,0,3,3
SYLVAIN FRANCISCO,Zalgiris Kaunas,3,SYLVAIN FRANCISCO,"ARNAS BUTKEVICIUS, DOVYDAS GIEDRAITIS, EDGARAS ULANOVAS, KAJUS MIKALAUSKAS, MOSES WRIGHT",1,1.2,5,1,1,100.0,1,1,100.0,2,2,100.0,0,0,0,0,0,0,0,0,2,0,5,5.0,173.6,173.6,73.3,100.3,150.0,133.0,0.0,0.0,0,0,0,0,0,0,1,1,100,0,1,0,0,0,0,0,0,0
SYLVAIN FRANCISCO,Zalgiris Kaunas,3,SYLVAIN FRANCISCO,"DUSTIN SLEVA, KAJUS MIKALAUSKAS, LAURYNAS BIRUTIS, MAODO LO, NIGEL WILLIAMS-GOSS",1,1.2,0,0,0,0,0,0,0,0,0,0,0,0,0,0,0,0,0,1,0,0,0,0.0,0.0,221.0,150.0,71.0,0,0,0,0,0,0,0,0,0,0,0,0,0,0,0,0,0,0,0,0,0,0
