Team,Lineup,GAMES,TOTAL_TIME,PTS,FGM,FGA,FG%,3PM,3PA,3P%,FTM,FTA,FT%,OREB,DREB,REB,AST,STL,BLK,TOV,PF,POSS,PACE,PACE_FOR,PACE_VS,APL_OFF,APL_DEF,OFF_eFG%,OFF_TS%,OFF_AST%,OFF_OREB%,OFF_DREB%,OFF_TOV%,OFF_FT_RATE,OFF_3PA_RATE,OFF_RTG,PTS_VS,FGM_VS,FGA_VS,FG%_VS,3PM_VS,3PA_VS,3P%_VS,FTM_VS,FTA_VS,FT%_VS,OREB_VS,DREB_VS,REB_VS,AST_VS,STL_VS,BLK_VS,TOV_VS,PF_VS,POSS_VS,DEF_eFG%,DEF_TS%,DEF_TOV%,DEF_OREB%_VS,DEF_3PA_RATE,DEF_RTG,NET_RTG,RIM_ATT,RIM_MADE,RIM%,OTD_2PT_ATT,OTD_2PT_MADE,OTD_2PT%,OTD_3PT_ATT,OTD_3PT_MADE,OTD_3PT%,PASS_TO,DRIBBLE_TO,DEFENSE_TO,MISC_TO,RIM_ATT_VS,RIM_MADE_VS,RIM%_VS,OTD_2PT_ATT_VS,OTD_2PT_MADE_VS,OTD_2PT%_VS,OTD_3PT_ATT_VS,OTD_3PT_MADE_VS,OTD_3PT%_VS,PASS_TO_VS,DRIBBLE_TO_VS,DEFENSE_TO_VS,MISC_TO_VS
London Cavaliers,"J. Manning, M. Collins, M. Beasley, D. Braster, A. Roberts",19,16326,628,247,500,49.4,76,179,42.5,58,93,62.4,83,200,283,124,33,27,99,84,534,77.2,78.6,75.7,30.5,31.7,57,58,50.2,34.9,78.7,13,18.6,35.8,117.5,566,225,500,45,73,207,35.3,43,65,66.2,54,155,209,121,56,15,62,90,515,52.3,53.5,10.5,21.3,41.4,109.9,7.6,242,139,57.4,78,31,39.7,179,76,42.5,47,24,4,18,219,125,57.1,74,27,36.5,207,73,35.3,31,19,3,9
Derby Trailblazers,"C. Washington, J. Pathmarajah, S. Walker, C. Brown, R. May-Thompson",17,12613,485,191,375,50.9,47,108,43.5,56,82,68.3,45,150,195,120,52,16,72,59,420,78.7,80,77.4,30.0,31.0,57.2,59,62.8,25.1,78.9,11.9,21.9,28.8,115.3,431,172,374,46,57,152,37.5,30,45,66.7,40,134,174,102,41,12,70,88,406,53.6,54.7,15.1,21.1,40.6,105.9,9.4,194,119,61.3,73,25,34.2,108,47,43.5,24,31,5,10,138,80,58,84,35,41.7,152,57,37.5,23,34,3,9
Birmingham Rockets,"R. Blain, Z. Powell, L. Okosieme, E. Donaldson, L. Mcgregor",16,11793,393,150,330,45.5,34,94,36.2,59,92,64.1,38,151,189,99,40,22,76,52,392,78.9,79.8,78.1,30.1,30.7,50.6,53,66,22.2,71.2,13.9,27.9,28.5,100.2,357,141,366,38.5,49,152,32.2,26,40,65,61,133,194,82,37,18,77,87,383,45.2,46.5,16.7,28.8,41.5,93.1,7.2,160,89,55.6,76,27,35.5,94,34,36.2,35,20,2,13,154,72,46.8,59,19,32.2,152,49,32.2,34,22,2,14
Milton Keynes Breakers,"D. Jackson, J. Dietrich, X. Wilson, J. Spencer, C. Thompson",14,10046,372,150,326,46,43,122,35.2,29,45,64.4,49,134,183,106,28,21,42,51,325,77.3,77.7,77,30.9,31.2,52.6,53.8,70.7,29.7,75.7,8.5,13.8,37.4,114.4,298,116,298,38.9,39,123,31.7,27,47,57.4,43,116,159,77,30,14,60,59,322,45.5,46.8,15.8,24.3,41.3,92.5,21.9,143,87,60.8,60,20,33.3,122,43,35.2,26,10,2,5,107,58,54.2,64,15,23.4,123,39,31.7,27,20,1,11
Yorkshire Dragons,"D. Ulph, J. Whelan, J. Mielke, C. Johnson, N. Lewis",9,7426,307,108,235,46,37,100,37,54,70,77.1,35,93,128,63,37,7,36,53,256,84.3,82.8,85.8,29.0,28.0,53.8,57.8,58.3,28.5,74.4,9.9,29.8,42.6,119.9,268,96,224,42.9,34,93,36.6,42,58,72.4,32,88,120,54,23,9,59,63,265,50.4,53.7,19.1,25.6,41.5,101,18.9,112,65,58,23,6,26.1,100,37,37,18,9,0,6,92,54,58.7,39,8,20.5,93,34,36.6,19,26,1,8
Newcastle Knights,"B. Dean, S. Trunley, J. Thames, H. Abdul, M. Jones",6,6927,255,93,204,45.6,40,108,37,29,39,74.4,25,67,92,59,20,5,32,34,219,76.1,75.9,76.4,31.6,31.4,55.4,57.7,63.4,25.3,67.7,10.3,19.1,52.9,116.4,242,96,197,48.7,22,78,28.2,28,47,59.6,32,74,106,54,16,6,44,38,220,54.3,55.6,16.8,32.3,39.6,109.8,6.7,60,34,56.7,36,19,52.8,108,40,37,14,13,0,4,85,62,72.9,34,12,35.3,78,22,28.2,19,18,2,4
Reading Rockets,"T. Nsangu, C. Creek, J. Bouknight, Z. Poorman, V. Olarerin",17,6964,264,106,215,49.3,32,82,39,20,30,66.7,48,67,115,66,34,8,45,36,216,73.1,74.5,71.8,32.2,33.4,56.7,57.8,62.3,45.7,77,13.3,14,38.1,122.1,203,80,184,43.5,34,84,40.5,9,9,100,20,57,77,48,22,4,49,34,208,52.7,54,20.7,23,45.7,97.5,24.6,102,68,66.7,31,6,19.4,82,32,39,23,16,2,4,75,38,50.7,25,8,32,84,34,40.5,27,14,2,7
Worthing Thunder,"D. Evans, M. Bryan-Amaning, J. Hopkins, E. Maynard, E. Dadds",14,5348,188,78,176,44.3,16,51,31.4,16,25,64,17,52,69,37,15,6,22,22,184,84.2,82.7,85.8,29.0,28.0,48.9,50.3,47.4,18.1,65,8.9,14.2,29,102,215,83,176,47.2,24,62,38.7,25,32,78.1,28,77,105,59,17,8,37,32,191,54,56.6,16.3,35,35.2,112.5,-10.5,81,49,60.5,44,13,29.5,51,16,31.4,11,10,1,1,73,45,61.6,40,13,32.5,62,24,38.7,17,11,3,6
Nottingham Hoods,"T. Williams, B. Johnson, D. Nixon Ii, E. Bailey, S. Akano",9,4748,229,87,158,55.1,29,66,43.9,26,40,65,20,59,79,48,27,8,25,39,173,88.5,87.6,89.4,27.4,26.8,64.2,65.2,55.2,28.2,76.6,10.1,25.3,41.8,132.1,162,62,142,43.7,13,51,25.5,25,37,67.6,18,51,69,50,14,3,44,40,176,48.2,51.2,21.8,23.4,35.9,91.6,40.5,70,52,74.3,22,6,27.3,66,29,43.9,9,10,0,4,60,38,63.3,31,11,35.5,51,13,25.5,21,12,0,7
Hemel Storm,"D. Nelson-Henry, K. Walker, M. Norman, B. Inger, S. Newman",7,5067,218,90,152,59.2,24,55,43.6,14,17,82.4,17,66,83,53,20,6,37,28,172,79.1,81.6,76.6,29.4,31.3,67.1,68.3,58.9,30.4,76.7,14.8,11.2,36.2,126.5,163,65,156,41.7,19,57,33.3,14,17,82.4,20,39,59,36,18,4,25,21,161,47.8,49.9,13.3,23.3,36.5,100.8,25.7,84,59,70.2,13,7,53.8,55,24,43.6,16,8,1,7,68,36,52.9,31,10,32.3,57,19,33.3,14,10,1,1
Birmingham Rockets,"R. Blain, O. Jackman, Z. Powell, E. Donaldson, L. Mcgregor",15,4646,194,70,145,48.3,7,44,15.9,47,64,73.4,24,51,75,37,19,5,21,44,163,85.1,84.4,85.8,28.4,28.0,50.7,56,52.9,32.9,69.9,9.1,44.1,30.3,118.8,168,59,142,41.5,16,59,27.1,34,41,82.9,22,49,71,30,14,4,35,52,166,47.2,52.5,17.9,30.1,41.5,101.1,17.6,74,52,70.3,26,11,42.3,44,7,15.9,10,9,2,1,70,39,55.7,13,4,30.8,59,16,27.1,17,10,2,4
Worthing Thunder,"M. Bryan-Amaning, J. Hopkins, E. Maynard, B. Adeluola, E. Dadds",13,4564,156,54,126,42.9,11,34,32.4,37,52,71.2,9,54,63,27,11,3,29,30,162,82.5,85.3,79.8,28.2,30.1,47.2,52.4,50,12.3,68.4,14.2,41.3,27,96.2,177,72,150,48,20,53,37.7,13,23,56.5,25,64,89,49,10,5,23,41,151,54.7,55.3,12.6,31.6,35.3,116.6,-20.4,61,33,54.1,31,10,32.3,34,11,32.4,10,9,1,5,71,47,66.2,26,5,19.2,53,20,37.7,6,9,0,6
Reading Rockets,"M. Bryant, C. Creek, J. Bouknight, Z. Poorman, V. Olarerin",17,5032,179,70,149,47,22,59,37.3,17,23,73.9,23,42,65,44,18,6,25,36,154,75,73.8,76.3,32.5,31.5,54.4,56.2,62.9,34.3,67.7,11,15.4,39.6,115.7,169,63,134,47,20,55,36.4,23,31,74.2,20,44,64,40,15,8,39,26,159,54.5,57.2,20.9,32.3,41,105.6,10.1,73,42,57.5,16,5,31.2,59,22,37.3,13,5,2,4,56,33,58.9,23,10,43.5,55,20,36.4,18,16,1,2
Hemel Storm,"D. Nelson-Henry, K. Walker, S. Lewis, M. Norman, S. Newman",6,4570,165,66,128,51.6,16,54,29.6,17,23,73.9,10,52,62,46,17,5,26,29,147,80.1,77.7,82.6,30.9,29.1,57.8,59.7,69.7,18.9,74.3,12.4,18,42.2,111.5,161,61,139,43.9,15,42,35.7,24,29,82.8,18,43,61,29,16,8,30,35,157,49.3,53,16.5,25.7,30.2,102.4,9.1,68,50,73.5,6,0,0,54,16,29.6,6,15,2,4,68,39,57.4,29,7,24.1,42,15,35.7,12,8,0,7
Bristol Hurricanes,"D. Edozie, E. Dusha, D. Ubiaro, C. Samuels, V. Dilys",7,4804,168,64,131,48.9,16,40,40,24,43,55.8,19,59,78,43,12,5,18,27,142,71.9,71.4,72.4,33.6,33.2,55,56,67.2,26,65.6,8.5,32.8,30.5,117.5,147,56,146,38.4,18,67,26.9,17,27,63,31,54,85,31,9,4,24,36,144,44.5,46.6,13.2,34.4,45.9,101.5,16,69,40,58,22,8,36.4,40,16,40,11,2,3,4,56,28,50,23,10,43.5,67,18,26.9,11,8,0,4
Worthing Thunder,"M. Bryan-Amaning, J. Hopkins, E. Maynard, A. Scarborough, E. Dadds",11,4015,136,48,123,39,11,39,28.2,29,39,74.4,24,55,79,25,11,6,32,28,142,83.6,85,82.3,28.2,29.2,43.5,48.5,52.1,32,72.4,16.2,31.7,31.7,95.6,129,53,134,39.6,13,54,24.1,10,19,52.6,21,51,72,33,17,5,22,33,137,44.4,45.3,13.4,27.6,40.3,93.7,1.9,59,25,42.4,24,11,45.8,39,11,28.2,6,15,1,6,52,33,63.5,28,7,25,54,13,24.1,9,8,3,4
Yorkshire Dragons,"D. Ulph, J. Jefferson, J. Mielke, C. Johnson, N. Lewis",5,4466,126,49,133,36.8,17,65,26.2,11,16,68.8,17,49,66,24,14,4,25,22,142,74.4,76.4,72.5,31.4,33.1,43.2,45,49,24.6,74.2,13.2,12,48.9,88.7,118,44,117,37.6,9,46,19.6,21,26,80.8,17,52,69,26,14,2,29,23,134,41.5,45.9,18.4,25.8,39.3,87.5,1.1,47,22,46.8,21,10,47.6,65,17,26.2,13,8,1,2,52,27,51.9,18,8,44.4,46,9,19.6,12,9,2,4
Bristol Flyers II,"Y. Hafid, L. Ayinla, R. Eigbe, N. Sagkovits, N. Ladjimi",9,4397,121,49,125,39.2,18,54,33.3,5,11,45.5,16,42,58,27,16,2,32,33,140,76.3,76.4,76.1,31.4,31.5,46.4,46.6,55.1,22.5,70,16.9,8.8,43.2,86.4,156,60,122,49.2,16,43,37.2,20,28,71.4,18,55,73,40,21,5,29,13,139,55.7,58.1,17.8,30,35.2,111.8,-25.4,48,21,43.8,19,6,31.6,54,18,33.3,14,12,3,5,59,35,59.3,19,8,42.1,43,16,37.2,18,10,0,1
Loughborough Riders,"J. Campbell, M. Joiner, D. Hadley, J. Cook, T. Akinsuku",6,4053,144,53,122,43.4,24,58,41.4,14,24,58.3,17,50,67,38,14,10,29,31,138,81.2,82.2,80.3,29.2,29.9,53.3,54.3,71.7,23.9,70.4,14.5,19.7,47.5,103.8,142,57,132,43.2,12,39,30.8,16,30,53.3,21,54,75,33,14,8,17,22,135,47.7,48.9,10.5,29.6,29.5,104.8,-1,49,26,53.1,15,3,20,58,24,41.4,12,11,0,4,68,35,51.5,25,10,40,39,12,30.8,10,7,0,0
Reading Rockets,"M. Bryant, T. Nsangu, C. Creek, J. Bouknight, V. Olarerin",13,4232,171,63,124,50.8,20,54,37,25,36,69.4,22,44,66,40,18,2,23,26,135,77,76.7,77.3,31.3,31.1,58.9,61.1,63.5,35.5,83,11.3,29,43.5,126.5,139,59,116,50.9,11,44,25,10,18,55.6,9,40,49,37,14,3,27,29,136,55.6,56.1,17.9,17,37.9,102,24.4,56,38,67.9,14,5,35.7,54,20,37,9,10,2,3,50,37,74,22,11,50,44,11,25,14,8,1,3
Essex Rebels,"K. Martin, R. Udeh, M. Brown, T. Child, H. Gent",11,3460,135,47,103,45.6,16,47,34,25,35,71.4,15,30,45,25,21,3,29,20,127,86.6,88.2,85.1,27.2,28.2,53.4,57,53.2,25.4,65.2,16.8,34,45.6,106.2,136,56,106,52.8,15,39,38.5,9,20,45,16,44,60,31,16,2,29,23,122,59.9,59.2,20.2,34.8,36.8,110.9,-4.6,41,27,65.9,14,3,21.4,47,16,34,8,13,1,5,50,33,66,15,6,40,39,15,38.5,15,12,3,1
Worthing Thunder,"J. Hopkins, E. Maynard, J. Lashley, A. Scarborough, B. Adeluola",8,3807,108,41,106,38.7,8,31,25.8,18,27,66.7,13,37,50,19,12,0,18,16,117,75.2,74.4,76,32.3,31.6,42.5,45.8,46.3,20.3,66.1,11.6,25.5,29.2,91.6,146,58,117,49.6,22,56,39.3,8,15,53.3,19,51,70,41,13,7,21,22,120,59,59.1,14.5,33.9,47.9,121.1,-29.5,44,20,45.5,31,13,41.9,31,8,25.8,10,8,1,0,46,30,65.2,14,5,35.7,56,22,39.3,7,8,3,3
Derby Trailblazers,"C. Washington, J. Pathmarajah, R. Marsden, C. Brown, R. May-Thompson",13,3575,115,42,104,40.4,9,27,33.3,22,28,78.6,12,44,56,25,10,6,15,13,114,78.6,76.9,80.2,31.2,29.9,44.7,49.4,59.5,20.7,77.2,9.6,26.9,26,100.4,118,43,109,39.4,17,42,40.5,15,17,88.2,13,46,59,24,8,8,21,24,119,47.2,50.7,15.3,22.8,38.5,98.7,1.7,50,23,46,27,10,37,27,9,33.3,5,6,2,2,43,21,48.8,24,5,20.8,42,17,40.5,7,7,1,5
Essex Rebels,"K. Martin, D. Johnson-Thompson, R. Udeh, M. Brown, T. Child",8,3377,117,37,92,40.2,11,43,25.6,32,40,80,14,39,53,29,12,5,20,19,110,80.6,78.9,82.3,30.4,29.2,46.2,53.4,78.4,26.9,75,12.6,43.5,46.7,105.4,119,46,102,45.1,14,37,37.8,13,24,54.2,13,38,51,24,11,3,21,20,115,52,52.9,15.7,25,36.3,102.8,2.6,44,24,54.5,5,2,40,43,11,25.6,9,7,2,3,45,24,53.3,20,8,40,37,14,37.8,9,11,1,1
Newcastle Knights,"B. Dean, J. Thames, W. Neighbour, M. Hendry, M. Jones",6,3209,125,53,105,50.5,14,43,32.6,5,5,100,10,29,39,31,14,0,15,16,107,79.9,80.6,79.3,29.8,30.3,57.1,58.3,58.5,20.8,74.4,9.8,4.8,41,116.1,141,58,96,60.4,13,34,38.2,12,17,70.6,10,38,48,21,10,1,17,5,106,67.2,68.1,14.1,25.6,35.4,132.9,-16.9,38,29,76.3,24,10,41.7,43,14,32.6,7,3,0,4,37,29,78.4,25,16,64,34,13,38.2,8,9,0,0
Reading Rockets,"M. Bryant, T. Nsangu, J. Bouknight, Z. Poorman, V. Olarerin",14,3100,118,45,100,45,12,31,38.7,16,26,61.5,21,26,47,27,13,1,17,21,103,79.2,79.9,78.5,30.1,30.6,51,52.9,60,40.4,76.5,10.9,26,31,114.4,102,37,76,48.7,11,29,37.9,17,24,70.8,8,31,39,29,8,2,27,25,101,55.9,58.9,23.8,23.5,38.2,100.7,13.8,58,31,53.4,11,2,18.2,31,12,38.7,4,8,1,4,37,23,62.2,10,3,30,29,11,37.9,10,8,0,5
Newcastle Knights,"S. Trunley, J. Thames, H. Abdul, M. Jones, M. Matthews",4,2891,125,39,86,45.3,16,47,34,31,38,81.6,22,28,50,24,7,2,23,21,99,84.5,82.7,86.4,29.0,27.8,54.7,60.8,61.5,47.8,65.1,15.4,44.2,54.7,125.5,110,41,89,46.1,8,31,25.8,20,26,76.9,15,24,39,18,8,2,23,29,104,50.6,54.8,18.6,34.9,34.8,105.7,19.9,29,20,69,10,3,30,47,16,34,3,10,2,8,48,29,60.4,9,3,33.3,31,8,25.8,2,7,2,9
Worthing Thunder,"M. Bryan-Amaning, J. Hopkins, E. Maynard, A. Scarborough, B. Adeluola",12,2840,124,51,95,53.7,3,16,18.8,19,28,67.9,19,30,49,26,12,4,14,22,98,81.8,83,80.5,28.9,29.8,55.3,57.8,51,42.2,68.2,9.5,29.5,16.8,126.2,111,43,91,47.3,17,44,38.6,8,12,66.7,14,26,40,24,8,2,17,19,95,56.6,57.6,15,31.8,48.4,116.5,9.8,57,38,66.7,21,9,42.9,16,3,18.8,5,4,2,3,32,20,62.5,14,6,42.9,44,17,38.6,8,5,1,2
Yorkshire Dragons,"D. Ulph, J. Whelan, L. Rooney, J. Mielke, N. Lewis",4,2851,100,37,79,46.8,9,33,27.3,17,24,70.8,9,30,39,21,7,4,22,19,98,83.4,82.9,83.9,29.0,28.6,52.5,55.8,56.8,23.7,57.7,16.6,30.4,41.8,101.6,125,49,102,48,14,39,35.9,13,20,65,22,29,51,19,11,3,15,26,99,54.9,56.4,11.9,42.3,38.2,125.4,-23.9,32,24,75,14,4,28.6,33,9,27.3,10,7,1,3,41,28,68.3,22,7,31.8,39,14,35.9,6,5,1,2
Bristol Hurricanes,"D. Edozie, D. Ubiaro, C. Samuels, V. Dilys, C. Taylor",2,2747,102,41,87,47.1,10,28,35.7,10,18,55.6,11,26,37,24,13,0,17,10,96,80.8,84.6,76.9,28.4,31.2,52.9,53.7,58.5,28.2,81.2,12.5,20.7,32.2,105.3,84,35,74,47.3,10,38,26.3,4,6,66.7,6,28,34,11,7,5,21,13,87,54.1,54.8,21.5,18.8,51.4,95.5,9.8,39,23,59,20,8,40,28,10,35.7,7,6,0,3,22,17,77.3,13,7,53.8,38,10,26.3,6,11,2,3
Essex Rebels,"K. Martin, R. Udeh, M. Brown, T. Child, T. Hudson",10,2663,123,44,86,51.2,21,44,47.7,14,27,51.9,15,29,44,30,14,3,18,22,96,86.9,87.3,86.4,27.5,27.8,63.4,62.8,68.2,35.7,65.9,12.3,31.4,51.2,127,99,39,82,47.6,12,32,37.5,9,18,50,15,27,42,22,9,7,25,32,95,54.9,55,21.8,34.1,39,103.2,23.8,37,22,59.5,5,1,20,44,21,47.7,8,5,0,3,44,25,56.8,6,2,33.3,32,12,37.5,5,10,1,6
Derby Trailblazers,"C. Washington, J. Pathmarajah, R. Marsden, C. Brown, M. Smith",7,2708,95,38,77,49.4,4,16,25,15,22,68.2,10,35,45,24,8,1,22,19,94,81.1,84,78.3,28.6,30.6,51.9,54.8,63.2,28.6,76.1,16.6,28.6,20.8,100.3,96,35,80,43.8,12,30,40,14,16,87.5,11,25,36,17,7,2,16,26,88,51.2,55.1,15.5,23.9,37.5,108.6,-8.4,27,19,70.4,34,15,44.1,16,4,25,7,3,1,6,30,16,53.3,20,7,35,30,12,40,6,4,0,4
Worthing Thunder,"D. Evans, M. Bryan-Amaning, J. Hopkins, A. Scarborough, E. Dadds",8,2894,85,36,88,40.9,5,26,19.2,8,12,66.7,13,35,48,19,15,0,17,22,93,80.1,77.4,82.7,31.0,29.0,43.8,45.6,52.8,25.5,79.5,13.1,13.6,29.5,91,105,40,87,46,17,45,37.8,8,11,72.7,9,38,47,29,7,3,21,13,99,55.7,57.2,18.6,20.5,51.7,105.3,-14.3,49,27,55.1,13,4,30.8,26,5,19.2,4,5,0,6,29,17,58.6,13,6,46.2,45,17,37.8,9,8,0,2
Birmingham Rockets,"R. Blain, O. Jackman, Z. Powell, E. Donaldson, M. Gayle",11,2612,132,47,84,56,8,20,40,30,37,81.1,14,31,45,30,10,1,10,11,92,86.1,84.9,87.3,28.3,27.5,60.7,65.8,63.8,38.9,73.8,7.1,44,23.8,142.8,112,45,90,50,16,41,39,6,9,66.7,11,22,33,24,5,4,16,23,95,58.9,59.6,14.6,26.2,45.6,117.9,24.9,53,37,69.8,11,2,18.2,20,8,40,5,4,0,4,41,27,65.9,8,2,25,41,16,39,5,8,1,1
Derby Trailblazers,"C. Burr, C. Washington, J. Pathmarajah, S. Walker, R. May-Thompson",4,2479,101,39,76,51.3,10,26,38.5,13,19,68.4,7,35,42,25,9,4,16,8,89,87,86.8,87.2,27.7,27.5,57.9,59.9,64.1,21.2,77.8,12.8,25,34.2,112.7,85,31,78,39.7,14,38,36.8,9,11,81.8,10,26,36,19,12,4,21,20,90,48.7,51.3,20.2,22.2,48.7,94.4,18.3,35,24,68.6,15,5,33.3,26,10,38.5,9,5,1,1,28,13,46.4,12,4,33.3,38,14,36.8,7,7,0,4
Essex Rebels,"D. Johnson-Thompson, R. Udeh, M. Brown, T. Child, B. Winter",3,2694,98,37,83,44.6,15,44,34.1,9,10,90,6,23,29,25,12,3,11,20,88,78,79,76.9,30.4,31.2,53.6,56.1,67.6,14.6,67.6,8.9,12,53,110.5,88,35,68,51.5,6,17,35.3,12,18,66.7,11,35,46,18,4,5,25,10,86,55.9,58,24.8,32.4,25,101.9,8.5,35,22,62.9,4,0,0,44,15,34.1,3,5,1,2,43,23,53.5,8,6,75,17,6,35.3,9,7,2,5
Bristol Flyers II,"Y. Hafid, R. Eigbe, N. Sagkovits, N. Ladjimi, E. Ekwegh",6,2867,76,29,70,41.4,13,38,34.2,5,6,83.3,6,32,38,16,7,1,25,16,87,75.5,73.6,77.3,32.6,31.1,50.7,52.3,55.2,17.1,76.2,22,8.6,54.3,86.4,111,45,89,50.6,10,29,34.5,11,14,78.6,10,29,39,26,15,3,11,14,92,56.2,58.3,10.4,23.8,32.6,120.2,-33.9,16,8,50,16,8,50,38,13,34.2,9,10,1,3,47,27,57.4,13,8,61.5,29,10,34.5,5,2,3,3
Birmingham Rockets,"R. Blain, L. Okosieme, E. Donaldson, L. Mcgregor, F. Mughaal",7,2588,90,36,76,47.4,10,27,37,8,10,80,8,31,39,22,12,7,17,10,85,79.2,79.6,78.8,30.2,30.5,53.9,56,61.1,21.6,73.8,14.2,13.2,35.5,104.9,76,30,74,40.5,13,34,38.2,3,8,37.5,11,29,40,19,8,2,22,12,84,49.3,49,22.1,26.2,45.9,89.4,15.4,39,23,59,10,3,30,27,10,37,8,9,1,0,32,13,40.6,8,4,50,34,13,38.2,8,7,2,5
Birmingham Rockets,"R. Blain, O. Jackman, Z. Powell, F. Mughaal, M. Gayle",10,2525,106,41,76,53.9,11,30,36.7,13,20,65,6,32,38,24,6,1,9,9,84,81.2,80.1,82.4,30.0,29.1,61.2,62.5,58.5,18.2,64,7.6,26.3,39.5,125.8,103,39,91,42.9,18,43,41.9,7,12,58.3,18,27,45,28,5,1,12,19,86,52.7,53.5,11.1,36,47.3,118.8,6.9,34,27,79.4,12,3,25,30,11,36.7,2,5,0,2,36,17,47.2,12,4,33.3,43,18,41.9,4,4,0,3
Newcastle Knights,"B. Dean, S. Trunley, J. Thames, W. Neighbour, M. Jones",6,2343,117,43,82,52.4,18,31,58.1,13,18,72.2,10,31,41,24,10,1,7,8,83,86,85.5,86.5,28.1,27.7,63.4,65.1,55.8,27,81.6,5.8,22,37.8,140.2,77,30,69,43.5,9,24,37.5,8,9,88.9,7,27,34,21,5,6,22,21,84,50,52.8,23.2,18.4,34.8,91.2,49,25,16,64,26,9,34.6,31,18,58.1,2,5,0,0,28,15,53.6,17,6,35.3,24,9,37.5,5,7,1,5
Bristol Hurricanes,"D. Edozie, E. Dusha, K. Hill, D. Ubiaro, V. Dilys",6,2316,81,30,60,50,7,17,41.2,14,18,77.8,4,26,30,24,7,0,21,13,81,83.1,84.5,81.7,28.4,29.4,55.8,59.6,80,14.3,72.2,18.6,30,28.3,99.4,78,31,73,42.5,5,33,15.2,11,14,78.6,10,24,34,21,10,1,13,16,78,45.9,49.3,14.1,27.8,45.2,98.9,0.5,28,17,60.7,14,5,35.7,17,7,41.2,12,5,0,2,34,23,67.6,6,3,50,33,5,15.2,8,4,0,1
Birmingham Rockets,"R. Blain, O. Jackman, E. Donaldson, L. Mcgregor, F. Mughaal",13,2339,95,33,70,47.1,7,26,26.9,22,32,68.8,14,27,41,21,8,3,13,20,79,84.5,81.8,87.2,29.3,27.5,52.1,56.5,63.6,35,81.8,11,45.7,37.1,119.1,70,27,64,42.2,4,18,22.2,12,17,70.6,6,26,32,14,9,2,23,22,84,45.3,49,24.3,18.2,28.1,82.4,36.7,38,25,65.8,6,1,16.7,26,7,26.9,6,4,0,2,38,21,55.3,8,2,25,18,4,22.2,8,8,0,4
Essex Rebels,"M. Amako, K. Martin, M. Brown, T. Child, T. Hudson",9,2367,87,31,78,39.7,13,33,39.4,12,16,75,13,29,42,19,7,1,11,12,79,80,80.8,79.1,29.7,30.3,48.1,51.2,61.3,29.5,61.7,9.6,20.5,42.3,109.1,79,27,78,34.6,10,37,27,15,21,71.4,18,31,49,18,4,4,12,18,77,41,45.3,12.1,38.3,47.4,101.3,7.8,35,15,42.9,9,3,33.3,33,13,39.4,2,5,0,3,27,12,44.4,14,5,35.7,37,10,27,2,8,1,1
Essex Rebels,"R. Udeh, M. Brown, A. Idiata-Mendez, T. Child, H. Gent",8,2616,74,29,73,39.7,10,33,30.3,6,7,85.7,11,24,35,18,13,4,18,23,79,75.1,73.2,76.9,32.8,31.2,46.6,48.6,62.1,25.6,63.2,16.1,9.6,45.2,92.8,76,30,72,41.7,2,22,9.1,14,19,73.7,14,32,46,18,11,5,21,7,83,43.1,47.3,20.7,36.8,30.6,90.6,2.2,28,15,53.6,12,4,33.3,33,10,30.3,8,8,1,1,34,20,58.8,16,8,50,22,2,9.1,7,11,0,3
Milton Keynes Breakers,"B. Baker-Mccann, L. Gregory, M. New Jr., J. Spencer, B. Freckleton",10,2404,92,33,70,47.1,13,27,48.1,13,16,81.2,12,28,40,24,11,2,17,13,78,73.8,78.6,69,30.5,34.8,56.4,59.7,72.7,35.3,70,14.4,22.9,38.6,116.8,63,24,67,35.8,7,28,25,8,9,88.9,12,22,34,9,7,2,13,19,69,41,44.4,15.5,30,41.8,91.2,25.6,34,16,47.1,9,4,44.4,27,13,48.1,11,3,0,2,26,14,53.8,13,3,23.1,28,7,25,7,5,1,2
Nottingham Hoods,"T. Bonsu, T. Williams, D. Nixon Ii, K. Bartholomew, E. Bailey",5,2229,76,29,72,40.3,13,35,37.1,5,8,62.5,13,23,36,19,10,1,16,11,75,80.1,81.2,79,29.6,30.4,49.3,50.3,65.5,31,69.7,14.5,11.1,48.6,100.8,82,34,66,51.5,5,18,27.8,9,10,90,10,29,39,22,8,4,16,13,73,55.3,58.2,18.5,30.3,27.3,111.8,-11,23,13,56.5,14,3,21.4,35,13,37.1,7,6,0,3,32,23,71.9,16,6,37.5,18,5,27.8,9,2,0,3
Yorkshire Dragons,"D. Ulph, L. Rooney, J. Mielke, C. Johnson, N. Lewis",5,2161,73,27,63,42.9,9,28,32.1,10,16,62.5,7,27,34,21,7,0,15,22,74,83.6,83.2,84,28.8,28.6,50,52.1,77.8,19.4,75,14.1,25.4,44.4,97.4,80,28,63,44.4,5,19,26.3,19,29,65.5,9,29,38,15,11,3,12,13,75,48.4,52.8,13.7,25,30.2,105.8,-8.4,21,10,47.6,14,8,57.1,28,9,32.1,9,4,0,1,33,20,60.6,11,3,27.3,19,5,26.3,7,3,0,1
Hemel Storm,"M. Sokoli, K. Walker, M. Norman, B. Inger, S. Newman",8,2293,81,35,68,51.5,10,29,34.5,1,1,100,6,27,33,23,7,3,14,17,73,81.4,76.8,86,31.2,27.9,58.8,59.2,65.7,18.8,65.9,13.3,1.5,42.6,110.4,92,36,78,46.2,7,22,31.8,13,15,86.7,14,26,40,19,10,5,15,9,82,50.6,54.4,15.1,34.1,28.2,112,-1.6,29,18,62.1,10,7,70,29,10,34.5,6,5,0,3,45,26,57.8,11,3,27.3,22,7,31.8,7,1,0,4
Newcastle Knights,"B. Dean, S. Trunley, J. Thames, M. Jones, M. Matthews",7,2078,81,30,72,41.7,7,29,24.1,14,18,77.8,12,21,33,18,9,2,9,16,73,85.4,85.3,85.6,28.1,28.1,46.5,50.7,60,30,63.6,8.4,25,40.3,109.7,78,31,68,45.6,5,18,27.8,11,14,78.6,12,28,40,14,6,4,15,14,74,49.3,52.6,16.8,36.4,26.5,105.3,4.4,32,17,53.1,11,6,54.5,29,7,24.1,5,4,0,0,35,21,60,15,5,33.3,18,5,27.8,6,6,0,2
Bristol Hurricanes,"D. Edozie, E. Dusha, J. Dang-Akodo, D. Ubiaro, C. Samuels",6,2330,71,27,70,38.6,7,28,25,10,15,66.7,9,14,23,16,11,1,8,22,72,74.6,74.8,74.5,32.1,32.2,43.6,46.3,59.3,23.7,58.3,8,21.4,40,97.8,86,30,55,54.5,8,21,38.1,18,28,64.3,10,29,39,19,3,3,18,11,72,61.8,63.9,21.1,41.7,38.2,118.9,-21.1,20,12,60,22,8,36.4,28,7,25,3,1,0,3,28,18,64.3,6,4,66.7,21,8,38.1,7,7,1,2
Nottingham Hoods,"T. Williams, B. Johnson, K. Bartholomew, E. Bailey, S. Akano",5,2358,66,26,64,40.6,6,29,20.7,8,13,61.5,6,25,31,17,9,1,12,16,72,72.8,74,71.6,32.4,33.5,45.3,47.3,65.4,18.8,59.5,12.2,20.3,45.3,90.8,75,27,65,41.5,7,24,29.2,14,21,66.7,17,26,43,18,7,0,16,18,70,46.9,50.5,17.7,40.5,36.9,106.7,-15.9,24,16,66.7,11,4,36.4,29,6,20.7,9,2,1,1,29,20,69,12,0,0,24,7,29.2,10,3,1,2
Derby Trailblazers,"J. Pathmarajah, S. Walker, C. Brown, R. May-Thompson, M. Smith",6,2191,88,33,62,53.2,10,24,41.7,12,18,66.7,5,23,28,22,7,8,8,8,70,78.4,76.7,80.1,31.3,30.0,61.3,62.9,66.7,17.9,60.5,8,29,38.7,125.7,89,33,74,44.6,13,34,38.2,10,14,71.4,15,23,38,24,3,2,11,15,73,53.4,55.5,12.1,39.5,45.9,121.7,4,29,21,72.4,9,2,22.2,24,10,41.7,4,3,0,1,32,18,56.2,8,2,25,34,13,38.2,6,3,0,1
Worthing Thunder,"D. Evans, J. Hopkins, E. Maynard, J. Lashley, E. Dadds",8,1846,47,17,63,27,4,25,16,9,18,50,10,16,26,8,8,1,13,21,70,87,92.3,81.8,26.0,29.3,30.2,33.1,47.1,20.8,69.6,14.1,28.6,39.7,66.2,63,26,54,48.1,5,21,23.8,6,8,75,7,38,45,16,3,1,15,9,62,52.8,54.8,20.7,30.4,38.9,100.2,-33.9,27,12,44.4,11,1,9.1,25,4,16,5,2,0,3,22,15,68.2,11,6,54.5,21,5,23.8,3,8,1,3
Hemel Storm,"K. Walker, M. Norman, V. Eze, B. Inger, S. Newman",10,1979,101,41,64,64.1,8,21,38.1,11,12,91.7,7,26,33,22,4,2,10,10,69,83.2,84.2,82.2,28.5,29.2,70.3,72.9,53.7,35,76.5,9.9,18.8,32.8,145.6,70,28,61,45.9,4,15,26.7,10,15,66.7,8,13,21,12,5,2,11,11,67,49.2,51.8,14,23.5,24.6,103.3,42.3,36,29,80.6,7,4,57.1,21,8,38.1,4,5,1,1,33,21,63.6,13,3,23.1,15,4,26.7,2,5,1,2
Hemel Storm,"D. Nelson-Henry, S. Lewis, B. Inger, S. Newman, J. Burnell",4,1803,77,33,63,52.4,9,23,39.1,2,2,100,5,26,31,22,2,2,12,7,68,90.7,90.6,90.8,26.5,26.4,59.5,60.3,66.7,20,78.8,12.3,3.2,36.5,113.2,90,36,69,52.2,16,31,51.6,2,7,28.6,7,20,27,20,9,1,6,10,68,63.8,62.4,7.7,21.2,44.9,131.9,-18.7,33,23,69.7,7,1,14.3,23,9,39.1,7,5,0,0,29,16,55.2,9,4,44.4,31,16,51.6,1,2,0,2
Worthing Thunder,"J. Hopkins, E. Maynard, J. Lashley, B. Adeluola, E. Dadds",7,1852,66,26,60,43.3,9,26,34.6,5,9,55.6,6,16,22,13,8,0,13,13,68,86.3,88.3,84.4,27.2,28.4,50.8,51.6,50,19.4,80,14.5,15,43.3,96.9,67,29,52,55.8,3,22,13.6,6,11,54.5,4,25,29,16,7,0,15,7,65,58.7,58.9,20.9,20,42.3,102.9,-6,25,12,48,9,5,55.6,26,9,34.6,5,3,0,3,26,24,92.3,4,2,50,22,3,13.6,9,5,0,1
Milton Keynes Breakers,"D. Jackson, J. Dietrich, X. Wilson, J. Spencer, C. Thompson",3,2110,93,34,63,54,17,29,58.6,8,10,80,8,24,32,25,5,4,9,9,65,75.8,74.7,77,32.1,31.2,67.5,69,73.5,33.3,77.4,8.9,15.9,46,141.6,72,28,62,45.2,12,25,48,4,8,50,7,16,23,17,6,3,12,11,67,54.8,54.9,15.5,22.6,40.3,106.4,35.3,26,15,57.7,8,2,25,29,17,58.6,4,4,0,1,30,14,46.7,7,2,28.6,25,12,48,5,2,0,3
Yorkshire Dragons,"R. Ani, D. Ulph, J. Whelan, J. Mielke, N. Lewis",6,1925,76,24,55,43.6,8,23,34.8,20,25,80,11,19,30,18,4,2,13,14,65,81.3,81.4,81.3,29.5,29.5,50.9,57.6,75,39.3,61.3,13.4,45.5,41.8,116.4,73,28,61,45.9,6,24,25,11,18,61.1,12,17,29,25,6,4,11,19,65,50.8,53,13.8,38.7,39.3,112,4.5,23,11,47.8,9,5,55.6,23,8,34.8,4,6,1,1,29,17,58.6,8,5,62.5,24,6,25,4,3,1,3
Derby Trailblazers,"C. Washington, J. Pathmarajah, S. Walker, C. Brown, M. Smith",8,1876,73,31,64,48.4,2,5,40,9,18,50,15,29,44,18,4,2,10,14,64,84.9,82.2,87.7,29.2,27.4,50,50.8,58.1,41.7,80.6,10,28.1,7.8,113.6,66,25,66,37.9,9,35,25.7,7,10,70,7,21,28,14,6,2,8,13,68,44.7,46.9,10.2,19.4,53,96.3,17.3,45,22,48.9,14,7,50,5,2,40,4,4,1,1,28,16,57.1,3,0,0,35,9,25.7,3,4,0,1
Derby Trailblazers,"C. Burr, C. Washington, J. Pathmarajah, R. Marsden, M. Smith",6,2043,70,25,57,43.9,7,15,46.7,13,22,59.1,8,27,35,20,7,3,7,14,63,75.4,74.1,76.7,32.4,31.3,50,52.5,80,28.6,77.1,7.5,38.6,26.3,111,67,21,55,38.2,8,23,34.8,17,25,68,8,20,28,18,3,2,10,13,65,45.5,50.8,13.2,22.9,41.8,102.6,8.4,23,10,43.5,19,8,42.1,15,7,46.7,4,1,0,2,27,12,44.4,5,1,20,23,8,34.8,3,4,1,2
Yorkshire Dragons,"D. Ulph, J. Whelan, J. Jefferson, C. Johnson, N. Lewis",3,1880,69,23,53,43.4,10,28,35.7,13,17,76.5,6,19,25,12,12,0,10,8,61,79.5,79,79.9,30.4,30.0,52.8,57,52.2,21.4,86.4,12.1,32.1,52.8,111.5,61,26,50,52,7,17,41.2,2,5,40,3,22,25,16,6,2,16,17,62,59,58.4,23.5,13.6,34,97.5,14,19,11,57.9,5,1,20,28,10,35.7,3,4,3,3,22,15,68.2,11,4,36.4,17,7,41.2,11,3,1,1
Bristol Flyers II,"Y. Hafid, L. Ayinla, R. Price, R. Eigbe, N. Ladjimi",7,1834,62,26,61,42.6,9,29,31,1,8,12.5,10,18,28,13,5,4,9,10,60,81.6,79.8,83.4,30.1,28.8,50,48,50,26.3,72,10.4,13.1,47.5,101.7,74,31,59,52.5,7,17,41.2,5,10,50,7,28,35,19,5,2,10,10,63,58.5,58.4,13.6,28,28.8,116.1,-14.4,20,11,55,12,6,50,29,9,31,5,2,0,1,34,23,67.6,8,1,12.5,17,7,41.2,5,3,0,1
Loughborough Riders,"J. Campbell, M. Joiner, J. Cook, T. Akinsuku, C. Keys",3,1693,57,24,47,51.1,6,16,37.5,3,7,42.9,1,17,18,20,10,1,14,11,60,84,85.8,82.2,28.0,29.2,57.4,56.9,83.3,4.5,63,16.7,14.9,34,94.1,53,20,46,43.5,5,15,33.3,8,10,80,10,21,31,12,9,2,20,6,57,48.9,52.6,28.4,37,32.6,91.4,2.7,20,14,70,11,4,36.4,16,6,37.5,4,7,0,2,26,14,53.8,5,1,20,15,5,33.3,7,7,0,4
Newcastle Knights,"B. Dean, S. Trunley, J. Thames, M. Jones, T. Riley",8,1793,73,30,56,53.6,7,17,41.2,6,9,66.7,8,14,22,15,9,3,10,11,59,78.3,79.6,77,30.1,31.1,59.8,60.9,50,34.8,66.7,11.8,16.1,30.4,122.7,62,25,49,51,6,18,33.3,6,9,66.7,7,15,22,14,5,4,14,9,57,57.1,58.5,20.9,33.3,36.7,107.7,15,25,17,68,14,6,42.9,17,7,41.2,6,2,0,1,23,18,78.3,8,1,12.5,18,6,33.3,5,7,0,1
Birmingham Rockets,"R. Blain, Z. Powell, L. Okosieme, E. Donaldson, M. Gayle",8,1764,90,34,55,61.8,6,12,50,16,23,69.6,8,25,33,22,9,2,4,7,58,76.8,79.8,73.8,30.1,32.5,67.3,69.1,64.7,36.4,75.8,4.4,41.8,21.8,153.4,40,15,50,30,5,20,25,5,8,62.5,8,14,22,8,2,4,11,17,54,35,37.4,17,24.2,40,73.7,79.7,33,23,69.7,10,5,50,12,6,50,3,1,1,0,19,8,42.1,11,2,18.2,20,5,25,9,1,0,1
Yorkshire Dragons,"D. Ulph, J. Whelan, J. Jefferson, J. Mielke, C. Johnson",4,1844,64,23,56,41.1,4,22,18.2,14,18,77.8,9,23,32,12,9,2,6,5,58,77.3,76.1,78.4,31.5,30.6,44.6,50.1,52.2,28.1,95.8,7.3,32.1,39.3,109.4,53,22,48,45.8,7,19,36.8,2,4,50,1,23,24,17,5,0,14,16,60,53.1,53.3,22,4.2,39.6,88,21.5,23,13,56.5,11,6,54.5,22,4,18.2,3,3,1,0,22,14,63.6,6,1,16.7,19,7,36.8,6,5,0,2
Essex Rebels,"K. Martin, M. Brown, A. Idiata-Mendez, T. Child, H. Gent",7,1735,69,24,51,47.1,7,22,31.8,14,17,82.4,10,21,31,12,12,1,11,13,57,86.7,79,94.5,30.4,25.4,53.9,59,50,40,61.8,13.5,33.3,43.1,120.8,66,25,60,41.7,7,26,26.9,9,14,64.3,13,15,28,11,7,0,18,16,68,47.5,49.9,21.4,38.2,43.3,96.6,24.2,25,15,60,4,2,50,22,7,31.8,3,5,1,2,19,13,68.4,15,5,33.3,26,7,26.9,8,6,0,2
Milton Keynes Breakers,"B. Baker-Mccann, M. New Jr., X. Wilson, J. Spencer, B. Freckleton",9,1698,77,31,56,55.4,8,18,44.4,7,10,70,9,17,26,21,8,2,8,9,57,77.9,80.6,75.2,29.8,31.9,62.5,63.7,67.7,37.5,77.3,8.9,17.9,32.1,135,59,23,47,48.9,4,12,33.3,9,10,90,5,15,20,15,5,3,9,10,53,53.2,57.4,14.9,22.7,25.5,110.9,24.1,30,20,66.7,8,3,37.5,18,8,44.4,3,5,0,0,24,14,58.3,10,4,40,12,4,33.3,6,3,0,0
Bristol Hurricanes,"D. Edozie, E. Dusha, D. Ubiaro, C. Samuels, C. Taylor",3,1667,53,22,54,40.7,7,27,25.9,2,3,66.7,8,18,26,12,1,1,10,8,55,77.5,79.2,75.8,30.3,31.7,47.2,47.9,54.5,28.6,75,12.9,5.6,50,96.3,53,20,47,42.6,3,13,23.1,10,11,90.9,6,20,26,8,8,1,9,9,52,45.7,51.1,14.8,25,27.7,100.7,-4.4,15,11,73.3,12,4,33.3,27,7,25.9,5,4,1,1,24,13,54.2,10,4,40,13,3,23.1,3,4,0,1
Reading Rockets,"M. Bryant, T. Nsangu, Y. Salih, Z. Poorman, V. Olarerin",5,1824,57,21,45,46.7,4,16,25,11,13,84.6,7,19,26,14,7,1,14,14,55,72,72.9,71.1,32.9,33.8,51.1,56.2,66.7,33.3,82.6,17.8,28.9,35.6,102.9,51,20,44,45.5,5,15,33.3,6,12,50,4,14,18,13,6,2,11,10,54,51.1,51.7,18.2,17.4,34.1,94.4,8.5,20,12,60,9,5,55.6,16,4,25,5,3,2,3,21,13,61.9,8,2,25,15,5,33.3,4,5,3,1
Loughborough Riders,"J. Campbell, M. Joiner, L. Ehiorobo, T. Akinsuku, M. Joiner",2,1582,62,23,40,57.5,5,12,41.7,11,16,68.8,2,17,19,11,3,3,10,9,52,82.4,80.2,84.6,29.9,28.4,63.7,65.9,47.8,11.1,77.3,14.7,40,30,117.3,72,31,54,57.4,7,17,41.2,3,7,42.9,5,16,21,17,5,0,6,12,55,63.9,63.1,9.5,22.7,31.5,129.1,-11.8,15,12,80,13,6,46.2,12,5,41.7,1,4,0,3,28,23,82.1,9,1,11.1,17,7,41.2,2,2,0,1
Nottingham Hoods,"T. Williams, T. Bonsu, B. Johnson, E. Bailey, S. Akano",4,1775,65,22,47,46.8,5,20,25,16,22,72.7,9,12,21,14,6,0,7,9,52,69.9,71,68.9,33.8,34.8,52.1,57.3,63.6,36,60,9,46.8,42.6,123.8,70,28,48,58.3,12,24,50,2,7,28.6,8,16,24,13,1,2,10,14,50,70.8,68.5,16.4,40,50,137.4,-13.5,16,12,75,11,5,45.5,20,5,25,2,3,0,2,17,13,76.5,7,3,42.9,24,12,50,4,4,0,1
Milton Keynes Breakers,"D. Jackson, J. Dietrich, M. New Jr., X. Wilson, J. Spencer",9,1616,54,21,46,45.7,5,18,27.8,7,11,63.6,6,15,21,15,8,4,9,8,51,80.1,76.8,83.4,31.3,28.8,51.1,53.1,71.4,23.1,78.9,12,23.9,39.1,104.5,65,24,46,52.2,13,27,48.1,4,8,50,4,20,24,15,5,0,13,9,56,66.3,65.6,20.8,21.1,58.7,115.7,-11.2,18,11,61.1,9,5,55.6,18,5,27.8,5,4,0,0,15,8,53.3,4,3,75,27,13,48.1,4,5,2,2
Worthing Thunder,"M. Bryan-Amaning, J. Hopkins, E. Maynard, J. Lashley, E. Dadds",5,1496,49,18,42,42.9,2,13,15.4,11,14,78.6,6,19,25,10,5,2,12,16,51,86.3,83.4,89.2,28.8,26.9,45.2,50.9,55.6,31.6,73.1,17.1,33.3,31,94.2,62,21,49,42.9,6,15,40,14,18,77.8,7,13,20,16,8,1,8,12,55,49,54.5,12.3,26.9,30.6,111.5,-17.3,23,12,52.2,6,4,66.7,13,2,15.4,6,4,1,1,23,14,60.9,11,1,9.1,15,6,40,2,6,1,0
London Cavaliers,"J. Manning, J. Richards, M. Collins, M. Beasley, A. Roberts",8,1499,49,19,41,46.3,5,15,33.3,6,12,50,6,25,31,5,2,2,12,6,50,78.3,80.4,76.2,29.9,31.5,52.4,52.9,26.3,28.6,71.4,19,29.3,36.6,97.6,41,14,49,28.6,4,23,17.4,9,15,60,10,15,25,9,8,3,4,9,47,32.7,36.9,6.7,28.6,46.9,86.1,11.5,22,14,63.6,4,0,0,15,5,33.3,6,5,0,1,19,9,47.4,7,1,14.3,23,4,17.4,1,3,0,0
Hemel Storm,"D. Nelson-Henry, S. Lewis, M. Norman, B. Inger, S. Newman",5,1364,45,19,44,43.2,3,17,17.6,4,7,57.1,8,18,26,8,5,3,12,12,49,83.5,86.3,80.7,27.8,29.7,46.6,47.8,42.1,30.8,60,17.9,15.9,38.6,91.8,39,16,48,33.3,3,19,15.8,4,4,100,12,18,30,9,4,1,10,8,45,36.5,39.2,16.7,40,39.6,85.1,6.7,21,13,61.9,6,3,50,17,3,17.6,2,4,1,3,18,9,50,11,4,36.4,19,3,15.8,7,2,0,1
Loughborough Riders,"J. Campbell, J. Campbell, M. Joiner, D. Hadley, J. Cook",3,1505,49,19,51,37.3,5,25,20,6,8,75,11,19,30,12,1,1,8,11,49,80,78.9,81.1,30.4,29.6,42.2,44.9,63.2,34.4,82.6,10.7,15.7,49,99.1,48,20,47,42.6,3,14,21.4,5,9,55.6,4,21,25,8,3,1,6,8,50,45.7,47.1,10.5,17.4,29.8,94.4,4.7,22,13,59.1,4,1,25,25,5,20,2,2,0,3,20,12,60,13,5,38.5,14,3,21.4,1,3,0,1
Birmingham Rockets,"R. Blain, Z. Powell, L. Okosieme, E. Donaldson, F. Mughaal",6,1502,51,22,59,37.3,2,17,11.8,5,7,71.4,14,18,32,13,6,5,2,6,48,77.4,76.8,78,31.2,30.8,39,41.1,59.1,36.8,81.8,2.6,11.9,28.8,106.1,51,21,45,46.7,7,19,36.8,2,2,100,4,24,28,15,1,3,9,7,48,54.4,55.6,16.4,18.2,42.2,104.4,1.7,29,15,51.7,13,5,38.5,17,2,11.8,0,2,0,0,21,12,57.1,5,2,40,19,7,36.8,3,4,0,1
Nottingham Hoods,"T. Williams, J. Griffith, D. Nixon Ii, K. Bartholomew, E. Bailey",5,1675,41,14,39,35.9,6,16,37.5,7,10,70,5,14,19,11,4,1,12,13,48,73.8,69.3,78.2,34.6,30.7,43.6,47.2,78.6,19.2,58.3,18.1,25.6,41,84.7,60,24,51,47.1,4,14,28.6,8,11,72.7,10,21,31,17,7,3,11,10,54,51,53.7,16.5,41.7,27.5,110,-25.2,17,7,41.2,6,1,16.7,16,6,37.5,7,5,3,0,27,18,66.7,10,2,20,14,4,28.6,5,5,1,1
Birmingham Rockets,"R. Blain, O. Jackman, E. Donaldson, L. Mcgregor, M. Gayle",10,1365,53,19,41,46.3,7,17,41.2,8,11,72.7,5,20,25,16,5,1,9,15,47,88.3,84.1,92.6,28.5,25.9,54.9,57.8,84.2,23.8,80,12.7,26.8,41.5,110.8,48,18,43,41.9,5,18,27.8,7,11,63.6,5,16,21,8,2,1,12,9,52,47.7,50.2,20.1,20,41.9,91.2,19.6,19,11,57.9,5,1,20,17,7,41.2,2,1,0,3,19,10,52.6,6,3,50,18,5,27.8,3,3,0,3
Newcastle Knights,"B. Dean, S. Trunley, J. Thames, F. Cork, M. Matthews",3,1409,48,20,48,41.7,5,16,31.2,3,5,60,8,15,23,13,2,0,7,7,47,74.5,80.5,68.5,29.8,35.0,46.9,47.8,65,33.3,83.3,10,10.4,33.3,101.6,49,22,39,56.4,4,9,44.4,1,2,50,3,16,19,12,5,2,5,3,40,61.5,61.4,11.1,16.7,23.1,121.9,-20.2,21,9,42.9,11,6,54.5,16,5,31.2,3,4,0,0,24,15,62.5,6,3,50,9,4,44.4,4,1,1,0
Worthing Thunder,"D. Evans, M. Bryan-Amaning, J. Hopkins, E. Maynard, B. Adeluola",8,1336,45,18,41,43.9,7,19,36.8,2,8,25,2,14,16,9,3,0,7,7,47,90.4,85.4,95.3,28.1,25.2,52.4,50.5,50,8.7,73.7,11.6,19.5,46.3,94.7,69,25,45,55.6,9,20,45,10,12,83.3,5,21,26,19,2,1,10,10,53,65.6,68.6,16.6,26.3,44.4,130,-35.4,16,9,56.2,6,2,33.3,19,7,36.8,2,3,0,1,19,15,78.9,6,1,16.7,20,9,45,3,1,0,3
Newcastle Knights,"B. Dean, S. Trunley, J. Thames, R. Graham-Bell, M. Jones",3,1340,49,17,42,40.5,3,11,27.3,12,14,85.7,6,6,12,9,7,0,6,7,46,81.5,82.8,80.2,29.0,29.9,44,50.9,52.9,26.1,60,9.5,33.3,26.2,106,68,27,39,69.2,10,17,58.8,4,6,66.7,4,17,21,11,4,4,9,11,44,82.1,81.7,17.8,40,43.6,151.9,-45.9,24,12,50,7,2,28.6,11,3,27.3,2,4,0,0,19,14,73.7,3,3,100,17,10,58.8,6,2,0,1
Worthing Thunder,"J. Hopkins, E. Maynard, A. Scarborough, B. Adeluola, E. Dadds",8,1076,43,15,40,37.5,2,16,12.5,11,18,61.1,4,11,15,5,9,0,4,7,46,98.4,102.6,94.1,23.4,25.5,40,44.9,33.3,17.4,61.1,7,45,40,93.5,46,18,38,47.4,4,11,36.4,6,9,66.7,7,19,26,8,3,1,9,13,42,52.6,54.8,17.7,38.9,28.9,109,-15.5,15,9,60,9,4,44.4,16,2,12.5,3,1,0,0,19,13,68.4,8,1,12.5,11,4,36.4,5,4,0,0
Newcastle Knights,"B. Dean, S. Trunley, J. Thames, M. Hendry, M. Jones",5,1193,60,21,39,53.8,8,16,50,10,13,76.9,5,9,14,10,11,1,8,9,45,91.5,92.2,90.9,26.0,26.4,64.1,67.1,47.6,26.3,90,12.8,33.3,41,131,43,16,29,55.2,5,12,41.7,6,7,85.7,1,14,15,9,2,0,16,11,45,63.8,67,33.3,10,41.4,95.1,35.8,18,11,61.1,5,2,40,16,8,50,0,3,0,3,14,9,64.3,3,2,66.7,12,5,41.7,8,5,0,2
Nottingham Hoods,"T. Williams, T. Bonsu, B. Johnson, D. Nixon Ii, S. Akano",4,1602,59,23,42,54.8,6,14,42.9,7,13,53.8,5,23,28,17,3,0,5,6,45,73.8,68.6,78.9,35.0,30.4,61.9,61.8,73.9,25,76.7,7.2,31,33.3,128.8,38,15,45,33.3,3,22,13.6,5,11,45.5,7,15,22,8,2,0,12,17,52,36.7,38.1,19.4,23.3,48.9,72.2,56.6,20,12,60,8,5,62.5,14,6,42.9,1,1,0,2,14,6,42.9,9,6,66.7,22,3,13.6,3,2,2,3
Worthing Thunder,"D. Evans, J. Hopkins, A. Scarborough, B. Adeluola, E. Dadds",5,1184,47,20,38,52.6,4,17,23.5,3,5,60,2,15,17,10,5,1,9,9,45,91.5,91.8,91.1,26.1,26.3,57.9,58.5,50,14.3,88.2,15.2,13.2,44.7,103.7,42,13,33,39.4,8,17,47.1,8,11,72.7,2,12,14,10,7,0,11,5,44,51.5,55.5,22.5,11.8,51.5,93.4,10.3,14,11,78.6,7,5,71.4,17,4,23.5,3,4,1,1,8,3,37.5,8,2,25,17,8,47.1,2,5,0,2
Bristol Hurricanes,"D. Edozie, D. Forsyth, E. Dusha, D. Ubiaro, C. Samuels",7,1279,42,15,30,50,2,7,28.6,10,11,90.9,4,19,23,10,4,2,15,9,44,82.6,82.6,82.7,29.1,29.0,53.3,60.3,66.7,30.8,73.1,25.1,36.7,23.3,95.4,53,18,41,43.9,4,15,26.7,13,18,72.2,7,9,16,12,9,1,4,9,44,48.8,54.2,7.6,26.9,36.6,120.2,-24.8,14,9,64.3,9,4,44.4,7,2,28.6,7,5,0,3,17,13,76.5,9,1,11.1,15,4,26.7,4,0,1,0
London Cavaliers,"J. Manning, D. Delsol-Lowry, M. Collins, D. Braster, A. Roberts",3,1362,58,17,40,42.5,8,14,57.1,16,17,94.1,8,10,18,9,4,0,7,5,44,76.6,78.6,74.6,30.5,32.2,52.5,61.1,52.9,36.4,58.8,11,42.5,35,130,49,19,40,47.5,6,16,37.5,5,7,71.4,7,14,21,10,6,3,8,12,42,55,56.9,15.7,41.2,40,115.8,14.2,21,8,38.1,5,1,20,14,8,57.1,5,1,0,1,21,11,52.4,3,2,66.7,16,6,37.5,5,3,0,0
Milton Keynes Breakers,"B. Baker-Mccann, J. Dietrich, X. Wilson, J. Spencer, C. Thompson",9,1342,53,21,40,52.5,6,13,46.2,5,8,62.5,7,11,18,8,9,2,10,10,44,79.3,79.9,78.7,30.0,30.5,60,60.9,38.1,36.8,61.1,16.3,20,32.5,118.7,42,15,33,45.5,5,11,45.5,7,11,63.6,7,12,19,8,7,0,15,8,44,53,55.5,28.4,38.9,33.3,95.4,23.2,17,11,64.7,9,3,33.3,13,6,46.2,6,3,1,1,14,8,57.1,8,2,25,11,5,45.5,7,3,0,3
Newcastle Knights,"S. Trunley, J. Thames, H. Abdul, N. Saa, M. Jones",1,1284,60,22,34,64.7,6,10,60,10,15,66.7,4,19,23,9,2,1,10,7,44,81.4,83.6,79.1,28.7,30.3,73.5,73.9,40.9,33.3,95,16.8,44.1,29.4,134.1,37,15,34,44.1,5,16,31.2,2,7,28.6,1,8,9,10,4,0,8,15,42,51.5,49.9,17.7,5,47.1,87.4,46.7,19,13,68.4,5,3,60,10,6,60,0,8,0,2,13,7,53.8,5,3,60,16,5,31.2,1,3,0,2
Reading Rockets,"M. Bryant, C. Creek, J. Bouknight, V. Olarerin, S. Chamberlain",9,1417,56,23,45,51.1,6,18,33.3,4,5,80,5,15,20,12,8,2,4,6,44,76.8,75.1,78.6,31.9,30.5,57.8,59.3,52.2,22.7,78.9,6.3,11.1,40,126.3,48,19,39,48.7,8,18,44.4,2,3,66.7,4,17,21,10,2,2,12,4,46,59,59.5,22.9,21.1,46.2,103.5,22.8,16,10,62.5,11,7,63.6,18,6,33.3,2,2,0,1,16,9,56.2,5,2,40,18,8,44.4,7,4,1,1
Bristol Hurricanes,"E. Dusha, J. Claar, D. Ubiaro, C. Samuels, V. Dilys",2,1522,48,19,41,46.3,4,14,28.6,6,9,66.7,7,11,18,12,9,2,7,6,43,72.4,68.1,76.7,35.3,31.3,51.2,53.4,63.2,33.3,84.6,10.9,22,34.1,111.2,46,19,35,54.3,3,9,33.3,5,6,83.3,2,14,16,9,6,1,15,11,48,58.6,61.1,28.5,15.4,25.7,94.6,16.6,22,12,54.5,5,3,60,14,4,28.6,5,2,0,0,16,11,68.8,10,5,50,9,3,33.3,7,2,0,3
Nottingham Hoods,"D. Nixon Ii, K. Bartholomew, T. Williams, E. Bailey, M. Savery-Richards",2,1349,51,15,39,38.5,5,15,33.3,16,22,72.7,6,10,16,7,12,0,3,10,43,83.4,78,88.7,30.8,27.0,44.9,52.4,46.7,25,66.7,5.1,56.4,38.5,116.3,36,14,29,48.3,2,13,15.4,6,9,66.7,5,18,23,10,2,2,24,23,49,51.7,54.6,42.1,33.3,44.8,72.2,44.1,21,10,47.6,3,0,0,15,5,33.3,1,2,1,0,15,11,73.3,1,1,100,13,2,15.4,6,8,0,5
Yorkshire Dragons,"D. Ulph, J. Whelan, L. Rooney, J. Jefferson, C. Johnson",3,1289,48,17,41,41.5,4,13,30.8,10,13,76.9,5,15,20,8,5,0,4,8,43,81.3,81.7,80.9,29.4,29.7,46.3,51.4,47.1,26.3,83.3,6.8,31.7,31.7,109.4,30,9,31,29,2,17,11.8,10,12,83.3,3,14,17,5,3,3,12,11,43,32.3,41.3,24.9,16.7,54.8,69,40.3,18,9,50,10,4,40,13,4,30.8,2,1,0,1,9,5,55.6,5,2,40,17,2,11.8,2,4,0,3
Newcastle Knights,"S. Trunley, J. Thames, M. Hendry, H. Abdul, M. Jones",2,1187,45,17,33,51.5,3,11,27.3,8,9,88.9,3,15,18,9,4,1,10,6,42,78.9,85.3,72.4,28.1,33.1,56.1,60.9,52.9,23.1,68.2,17.9,27.3,33.3,106.6,44,17,39,43.6,8,17,47.1,2,3,66.7,7,10,17,11,4,2,4,6,35,53.8,54.6,9,31.8,43.6,122.8,-16.2,18,13,72.2,4,1,25,11,3,27.3,2,3,0,3,16,8,50,6,1,16.7,17,8,47.1,3,1,1,0
Worthing Thunder,"D. Evans, M. Bryan-Amaning, E. Maynard, B. Adeluola, E. Dadds",6,1125,46,19,39,48.7,3,14,21.4,5,7,71.4,3,17,20,8,4,1,5,9,42,88,90.3,85.7,26.6,28.0,52.6,54.7,42.1,15,85,9.1,17.9,35.9,108.7,26,9,27,33.3,3,11,27.3,5,11,45.5,3,17,20,6,2,1,13,8,40,38.9,40.8,29,15,40.7,64.7,44,16,13,81.2,9,3,33.3,14,3,21.4,4,0,0,1,12,5,41.7,4,1,25,11,3,27.3,4,5,1,4
Birmingham Rockets,"O. Jackman, E. Donaldson, L. Mcgregor, F. Mughaal, M. Gayle",7,1406,53,17,41,41.5,6,22,27.3,13,13,100,8,10,18,10,6,1,5,5,41,73.2,71.6,74.8,33.5,32.1,48.8,56.7,58.8,40,58.8,8.1,31.7,53.7,126.3,46,17,38,44.7,8,17,47.1,4,6,66.7,7,12,19,12,2,0,12,11,43,55.3,56.6,22.8,41.2,44.7,105,21.3,15,10,66.7,4,1,25,22,6,27.3,1,1,1,2,16,8,50,5,1,20,17,8,47.1,3,5,0,2
Derby Trailblazers,"C. Washington, R. Marsden, G. Pastor, J. Lemon, R. May-Thompson",2,1231,40,16,33,48.5,5,17,29.4,3,3,100,1,10,11,8,2,2,10,6,41,84.6,81.1,88.1,29.6,27.2,56.1,58.3,50,6.7,66.7,19.1,9.1,51.5,96.2,60,25,41,61,6,14,42.9,4,7,57.1,5,14,19,13,8,1,8,6,45,68.3,68.1,15.4,33.3,34.1,132.8,-36.6,13,8,61.5,3,3,100,17,5,29.4,7,3,0,0,23,17,73.9,4,2,50,14,6,42.9,2,3,0,2
Loughborough Riders,"J. Campbell, M. Joiner, L. Ehiorobo, T. Akinsuku, D. Hadley",2,1162,46,16,32,50,8,14,57.1,6,10,60,3,19,22,12,1,2,10,8,41,83.5,86.1,81,27.9,29.6,62.5,63.2,75,18.8,82.6,17.1,31.2,43.8,110.4,33,14,34,41.2,0,6,0,5,11,45.5,4,13,17,9,9,1,6,9,39,41.2,42.5,13.4,17.4,17.6,84.2,26.2,12,5,41.7,6,3,50,14,8,57.1,4,6,0,0,22,12,54.5,6,2,33.3,6,0,0,1,1,0,3
Loughborough Riders,"J. Campbell, J. Cook, J. Cook, T. Akinsuku, D. Hadley",2,1430,43,17,38,44.7,5,16,31.2,4,5,80,5,18,23,14,2,2,8,10,41,69.2,69.6,68.9,34.5,34.8,51.3,53.5,82.4,23.8,66.7,12.9,13.2,42.1,103.7,44,17,46,37,6,19,31.6,4,4,100,9,16,25,9,4,1,4,6,41,43.5,46.1,7.7,33.3,41.3,107.2,-3.5,14,9,64.3,8,3,37.5,16,5,31.2,5,2,0,1,18,8,44.4,9,3,33.3,19,6,31.6,1,1,1,1
Yorkshire Dragons,"R. Ani, D. Ulph, J. Whelan, J. Mielke, C. Johnson",3,1260,36,11,33,33.3,1,13,7.7,13,17,76.5,7,11,18,4,3,4,10,7,41,77.6,79.5,75.7,30.2,31.7,34.8,44.5,36.4,35,57.9,18.4,51.5,39.4,86.2,44,18,40,45,2,7,28.6,6,10,60,8,13,21,8,4,2,5,9,39,47.5,49.5,10.1,42.1,17.5,110.7,-24.5,12,6,50,8,4,50,13,1,7.7,4,4,0,1,26,13,50,7,3,42.9,7,2,28.6,2,2,0,1
Derby Trailblazers,"C. Washington, J. Pathmarajah, S. Walker, R. Marsden, C. Brown",6,1335,46,19,32,59.4,3,7,42.9,5,10,50,1,13,14,15,2,3,7,7,40,77,73.2,80.8,32.8,29.7,64.1,63.2,78.9,8.3,65,12,31.2,21.9,113,51,17,40,42.5,9,20,45,8,11,72.7,7,11,18,12,4,1,9,8,44,53.8,56.9,16.7,35,50,113.4,-0.4,19,14,73.7,6,2,33.3,7,3,42.9,3,2,0,1,13,5,38.5,7,3,42.9,20,9,45,3,1,0,4
Yorkshire Dragons,"D. Ulph, J. Whelan, J. Mielke, S. Mamuini, N. Lewis",1,1116,40,17,38,44.7,4,15,26.7,2,4,50,6,14,20,11,6,4,8,7,40,86.2,86.2,86.2,27.8,27.8,50,50.3,64.7,35.3,82.4,13.6,10.5,39.5,99.8,35,13,33,39.4,5,13,38.5,4,4,100,3,11,14,9,1,1,10,3,40,47,50.3,22.3,17.6,39.4,87.3,12.5,21,12,57.1,2,1,50,15,4,26.7,2,3,0,2,14,7,50,6,1,16.7,13,5,38.5,4,5,0,1
Milton Keynes Breakers,"D. Jackson, B. Baker-Mccann, J. Dietrich, X. Wilson, C. Thompson",2,1322,45,19,43,44.2,6,16,37.5,1,4,25,10,14,24,11,10,3,6,4,39,73.8,71,76.5,33.8,31.4,51.2,50.3,57.9,43.5,73.7,9.7,9.3,37.2,115,27,11,35,31.4,3,8,37.5,2,2,100,5,13,18,6,3,4,13,5,42,35.7,37.6,26.6,26.3,22.9,64.1,50.9,20,10,50,7,3,42.9,16,6,37.5,3,1,0,1,18,7,38.9,9,1,11.1,8,3,37.5,7,5,2,1
Nottingham Hoods,"T. Williams, A. Adedo, D. Nixon Ii, E. Bailey, M. Savery-Richards",3,1223,50,20,38,52.6,5,18,27.8,5,7,71.4,4,16,20,11,5,1,4,10,39,80.3,77.4,83.3,31.0,28.8,59.2,60.9,55,25,84.2,7.1,18.4,47.4,126.8,36,13,35,37.1,6,15,40,4,5,80,3,12,15,9,0,0,10,6,42,45.7,48.4,21.2,15.8,42.9,84.8,41.9,17,13,76.5,3,2,66.7,18,5,27.8,1,1,0,1,15,6,40,5,1,20,15,6,40,6,1,1,2
Nottingham Hoods,"T. Williams, B. Johnson, D. Nixon Ii, K. Bartholomew, E. Bailey",5,1065,55,20,34,58.8,5,17,29.4,10,12,83.3,3,13,16,10,6,2,5,11,39,87.5,89.3,85.7,26.9,28.0,66.2,70,50,25,81.2,9.2,35.3,50,138.8,46,14,30,46.7,6,16,37.5,12,15,80,3,9,12,8,1,1,6,9,38,56.7,62.8,14.1,18.8,53.3,121,17.8,16,14,87.5,1,1,100,17,5,29.4,1,1,0,2,12,7,58.3,2,1,50,16,6,37.5,5,1,1,0
Reading Rockets,"M. Bryant, C. Creek, Y. Salih, V. Olarerin, S. Chamberlain",9,1289,55,17,31,54.8,11,20,55,10,10,100,4,13,17,12,5,1,10,8,39,72.8,74,71.6,32.4,33.5,72.6,77.7,70.6,28.6,92.9,17.4,32.3,64.5,138.4,41,18,31,58.1,3,11,27.3,2,7,28.6,1,10,11,9,7,0,7,7,38,62.9,60.2,17,7.1,35.5,106.6,31.8,7,6,85.7,4,0,0,20,11,55,3,6,0,1,17,13,76.5,3,2,66.7,11,3,27.3,2,5,0,0
Derby Trailblazers,"C. Washington, J. Pathmarajah, R. Marsden, R. May-Thompson, M. Smith",6,1074,42,14,35,40,4,12,33.3,10,12,83.3,6,16,22,11,4,1,6,6,38,85.3,86.4,84.1,27.8,28.5,45.7,52.1,78.6,30,84.2,10.5,34.3,34.3,108.6,29,12,29,41.4,2,10,20,3,5,60,3,14,17,4,3,2,11,10,37,44.8,46.5,26.1,15.8,34.5,77.1,31.6,9,4,44.4,14,6,42.9,12,4,33.3,4,1,0,1,9,5,55.6,10,5,50,10,2,20,1,6,0,2
London Cavaliers,"J. Manning, M. Collins, M. Beasley, D. Delsol-Lowry, A. Roberts",2,1067,54,22,41,53.7,7,16,43.8,3,5,60,6,10,16,9,6,0,3,3,38,83.2,86.8,79.6,27.6,30.1,62.2,62.5,40.9,33.3,83.3,5.4,12.2,39,139.9,38,16,30,53.3,5,11,45.5,1,2,50,2,12,14,7,1,0,8,7,35,61.7,61.5,20.6,16.7,36.7,107.3,32.6,22,15,68.2,3,0,0,16,7,43.8,0,1,0,2,12,7,58.3,7,4,57.1,11,5,45.5,3,5,0,0
Reading Rockets,"M. Bryant, J. Bouknight, Z. Poorman, V. Olarerin, S. Chamberlain",7,1156,50,20,40,50,6,16,37.5,4,5,80,7,8,15,13,10,0,5,10,38,80.1,80.1,80,30.0,30.0,57.5,59.2,65,35,61.5,8.3,12.5,40,129.6,39,13,27,48.1,3,14,21.4,10,14,71.4,5,13,18,9,1,0,12,5,38,53.7,58.8,26.6,38.5,51.9,101.2,28.4,17,13,76.5,7,1,14.3,16,6,37.5,3,1,0,1,9,8,88.9,4,2,50,14,3,21.4,6,4,0,2
Hemel Storm,"D. Nelson-Henry, K. Walker, M. Norman, V. Eze, S. Newman",5,1243,46,20,31,64.5,5,9,55.6,1,4,25,3,13,16,13,1,1,9,5,37,72,71.8,72.2,33.4,33.2,72.6,70.2,65,27.3,81.2,16.4,12.9,29,123.6,46,18,35,51.4,4,11,36.4,6,9,66.7,3,8,11,7,6,1,3,5,37,57.1,59,7.1,18.8,31.4,123,0.6,20,13,65,2,2,100,9,5,55.6,4,4,0,1,19,12,63.2,5,2,40,11,4,36.4,2,1,0,0
London Cavaliers,"J. Manning, M. Collins, M. Beasley, A. Roberts, A. Pyne",7,1039,34,14,30,46.7,4,11,36.4,2,3,66.7,5,12,17,8,2,1,13,6,37,79.2,87.2,71.1,27.5,33.7,53.3,54.3,57.1,33.3,80,24.8,10,36.7,90.1,33,13,28,46.4,2,10,20,5,7,71.4,3,10,13,9,7,0,4,4,30,50,53.1,11.4,20,35.7,107.2,-17.1,16,8,50,3,2,66.7,11,4,36.4,9,0,1,2,13,8,61.5,5,3,60,10,2,20,2,1,0,1
Nottingham Hoods,"T. Williams, B. Johnson, D. Nixon Ii, E. Bailey, M. Savery-Richards",3,1039,50,20,40,50,3,16,18.8,7,10,70,8,16,24,13,10,1,3,12,37,86.4,87.4,85.4,27.5,28.1,53.8,56.3,65,42.1,76.2,5,25,40,132.2,18,7,28,25,0,12,0,4,8,50,5,11,16,4,1,4,12,10,36,25,28.6,27.6,23.8,42.9,48.7,83.5,22,16,72.7,2,1,50,16,3,18.8,0,1,0,1,14,6,42.9,2,1,50,12,0,0,4,8,0,0
Birmingham Rockets,"R. Blain, O. Jackman, Z. Powell, E. Donaldson, F. Mughaal",12,1138,46,15,35,42.9,6,15,40,10,14,71.4,7,10,17,8,3,1,4,7,36,77.1,77.3,76.9,31.1,31.2,51.4,55.9,53.3,38.9,58.8,7.5,40,42.9,125.6,37,17,39,43.6,3,13,23.1,0,0,0,7,11,18,10,3,2,6,8,36,47.4,47.4,13.3,41.2,33.3,101.4,24.1,15,9,60,5,0,0,15,6,40,2,2,0,0,20,10,50,6,4,66.7,13,3,23.1,3,1,0,2
Bristol Flyers II,"Y. Hafid, L. Ayinla, R. Eigbe, N. Ladjimi, T. Browne",8,944,25,9,32,28.1,5,20,25,2,4,50,3,13,16,8,4,1,7,10,36,93.3,92.2,94.5,26.0,25.4,35.9,37,88.9,16.7,76.5,14.4,12.5,62.5,69,36,13,28,46.4,4,12,33.3,6,13,46.2,4,15,19,8,5,3,9,9,37,53.6,53.4,21.1,23.5,42.9,96.8,-27.9,9,3,33.3,3,1,33.3,20,5,25,2,4,1,1,12,7,58.3,4,2,50,12,4,33.3,5,2,0,2
London Cavaliers,"J. Manning, M. Collins, M. Beasley, D. Ainembabazi, A. Roberts",5,1035,36,14,37,37.8,7,16,43.8,1,2,50,8,12,20,5,4,1,8,10,36,80,84.3,75.6,28.5,31.7,47.3,47.5,35.7,42.1,80,15.7,5.4,43.2,99,31,11,26,42.3,3,10,30,6,9,66.7,3,11,14,8,4,2,7,5,32,48.1,51.7,18.9,20,38.5,95.1,3.9,15,7,46.7,6,0,0,16,7,43.8,5,1,0,2,13,6,46.2,3,2,66.7,10,3,30,3,1,1,2
Newcastle Knights,"B. Dean, S. Trunley, J. Thames, W. Neighbour, M. Matthews",4,1074,53,20,39,51.3,8,15,53.3,5,9,55.6,11,13,24,12,5,1,6,1,36,82.5,81.4,83.7,29.5,28.7,61.5,61.7,60,55,81.2,9.8,23.1,38.5,145.4,37,16,35,45.7,5,14,35.7,0,0,0,3,9,12,9,4,1,7,8,37,52.9,52.9,16.7,18.8,40,98.8,46.6,15,10,66.7,9,2,22.2,15,8,53.3,1,5,0,0,18,11,61.1,3,0,0,14,5,35.7,4,3,0,0
Reading Rockets,"M. Bryant, C. Creek, Y. Salih, Z. Poorman, V. Olarerin",7,1082,36,14,32,43.8,1,7,14.3,7,8,87.5,4,14,18,4,6,1,6,3,36,80.7,79.9,81.6,30.0,29.4,45.3,50.7,28.6,26.7,63.6,13.2,25,21.9,99.9,37,15,36,41.7,6,16,37.5,1,3,33.3,8,11,19,9,4,2,9,6,36,50,49.6,19.4,36.4,44.4,100.6,-0.6,18,9,50,7,4,57.1,7,1,14.3,4,1,0,1,13,9,69.2,7,0,0,16,6,37.5,3,4,0,2
Bristol Hurricanes,"D. Edozie, J. Dang-Akodo, D. Ubiaro, C. Samuels, C. Taylor",4,964,32,13,32,40.6,2,9,22.2,4,7,57.1,8,10,18,3,7,1,10,8,35,85.4,88.6,82.2,27.1,29.2,43.8,45.6,23.1,57.1,83.3,20.8,21.9,28.1,89.9,34,12,24,50,1,6,16.7,9,10,90,2,6,8,6,4,0,8,4,33,52.1,59.9,22,16.7,25,103,-13.1,19,11,57.9,4,0,0,9,2,22.2,2,3,0,5,13,10,76.9,5,1,20,6,1,16.7,4,4,0,0
London Cavaliers,"J. Manning, M. Collins, D. Braster, D. Ainembabazi, A. Roberts",7,1244,44,18,34,52.9,4,12,33.3,4,9,44.4,6,15,21,8,2,1,5,6,35,71.7,68.5,75,35.1,32.0,58.8,58,44.4,37.5,75,9.8,26.5,35.3,124,31,11,35,31.4,3,18,16.7,6,8,75,5,10,15,6,5,1,7,8,38,35.7,40.2,15.4,25,51.4,79.7,44.3,17,12,70.6,5,2,40,12,4,33.3,4,1,1,0,8,2,25,9,6,66.7,18,3,16.7,1,3,1,1
Yorkshire Dragons,"D. Ulph, B. Tew, J. Whelan, C. Johnson, N. Lewis",2,980,46,15,27,55.6,1,7,14.3,15,17,88.2,4,11,15,6,5,2,7,8,35,82.1,88.1,76,27.2,31.6,57.4,66.7,40,40,91.7,14.7,63,25.9,127.8,32,13,26,50,3,9,33.3,3,3,100,1,6,7,6,7,2,6,9,31,55.8,58.6,18,8.3,34.6,103.1,24.7,14,8,57.1,6,6,100,7,1,14.3,6,1,0,0,13,7,53.8,4,3,75,9,3,33.3,3,3,0,0
Yorkshire Dragons,"J. Whelan, L. Rooney, J. Mielke, C. Johnson, N. Lewis",1,892,42,17,29,58.6,7,18,38.9,1,2,50,3,10,13,6,4,4,10,8,35,93.5,95.3,91.7,25.2,26.2,70.7,70.3,35.3,23.1,71.4,21.8,6.9,62.1,118.6,39,14,29,48.3,7,16,43.8,4,8,50,4,10,14,9,4,0,7,7,34,60.3,60,17.7,28.6,55.2,114.4,4.3,10,9,90,1,1,100,18,7,38.9,2,2,0,4,12,7,58.3,1,0,0,16,7,43.8,6,1,0,0
London Cavaliers,"J. Manning, J. Richards, M. Beasley, D. Braster, A. Roberts",7,1162,31,11,30,36.7,3,11,27.3,6,10,60,9,14,23,4,3,3,11,6,34,75.1,72.2,78.1,33.3,30.7,41.7,45.1,36.4,40.9,66.7,22.3,33.3,36.7,88.7,43,16,37,43.2,4,12,33.3,7,10,70,7,13,20,3,9,0,5,7,37,48.6,51.9,10.8,33.3,32.4,113.7,-25,12,4,33.3,7,4,57.1,11,3,27.3,7,4,0,0,21,10,47.6,4,2,50,12,4,33.3,3,0,0,1
Worthing Thunder,"D. Evans, J. Hopkins, E. Maynard, B. Adeluola, E. Dadds",3,1070,30,12,38,31.6,1,12,8.3,5,7,71.4,5,14,19,4,8,1,0,6,34,76.5,77.7,75.3,30.9,31.9,32.9,36.5,33.3,21.7,87.5,0,18.4,31.6,86.6,23,9,23,39.1,2,8,25,3,9,33.3,2,18,20,2,0,1,10,7,33,43.5,42.7,27.1,12.5,34.8,68.5,18.1,15,6,40,11,5,45.5,12,1,8.3,0,0,1,0,11,6,54.5,4,1,25,8,2,25,5,3,0,1
Hemel Storm,"D. Nelson-Henry, S. Lewis, V. Eze, S. Newman, J. Burnell",2,825,29,9,31,29,5,18,27.8,6,7,85.7,8,13,21,6,2,1,9,8,33,97.4,98,96.7,24.5,24.8,37.1,42.5,66.7,38.1,76.5,18.3,22.6,58.1,86.1,30,11,30,36.7,3,13,23.1,5,6,83.3,4,13,17,3,3,0,6,6,33,41.7,46,15.5,23.5,43.3,90.2,-4.1,13,4,30.8,0,0,0,18,5,27.8,2,3,0,2,12,5,41.7,5,3,60,13,3,23.1,4,1,0,1
Milton Keynes Breakers,"B. Baker-Mccann, J. Dietrich, M. New Jr., X. Wilson, J. Spencer",8,1098,36,13,30,43.3,3,8,37.5,7,10,70,6,13,19,8,5,3,6,7,33,72.8,72.2,73.4,33.2,32.7,48.3,52.3,61.5,35.3,81.2,12.4,33.3,26.7,109,32,10,28,35.7,7,19,36.8,5,9,55.6,3,11,14,5,2,1,6,8,33,48.2,50.1,15.8,18.8,67.9,95.3,13.7,18,8,44.4,4,2,50,8,3,37.5,2,4,0,0,8,3,37.5,1,0,0,19,7,36.8,5,1,1,0
Nottingham Hoods,"D. Nixon Ii, K. Bartholomew, T. Williams, E. Bailey, S. Akano",2,979,34,12,28,42.9,2,9,22.2,8,9,88.9,5,7,12,5,2,1,8,6,33,83.6,82.3,84.9,29.2,28.3,46.4,53.2,41.7,33.3,58.3,17.8,32.1,32.1,101.3,42,18,32,56.2,2,8,25,4,7,57.1,5,10,15,9,5,0,6,6,34,59.4,59.9,14.6,41.7,25,121.3,-20,14,9,64.3,5,1,20,9,2,22.2,2,4,1,1,19,12,63.2,5,4,80,8,2,25,2,1,1,2
Birmingham Rockets,"R. Blain, Z. Powell, L. Okosieme, L. Mcgregor, M. Gayle",6,977,41,16,25,64,1,5,20,8,9,88.9,3,9,12,6,2,2,8,6,32,79.4,80.1,78.8,30.0,30.5,66,70.8,37.5,37.5,45,18.6,36,20,125.8,41,14,33,42.4,7,15,46.7,6,10,60,11,5,16,10,2,1,7,6,32,53,54.8,15.8,55,45.5,127.9,-2.1,15,14,93.3,5,1,20,5,1,20,2,2,1,2,15,7,46.7,3,0,0,15,7,46.7,2,3,0,2
Hemel Storm,"D. Nelson-Henry, S. Lewis, M. Norman, V. Eze, S. Newman",5,830,33,12,27,44.4,1,9,11.1,8,8,100,4,14,18,10,2,1,7,7,32,89.9,93,86.8,25.8,27.6,46.3,54.1,83.3,26.7,87.5,14.7,29.6,33.3,102.6,33,11,25,44,3,11,27.3,8,12,66.7,2,11,13,7,2,1,3,11,30,50,54.5,9,12.5,44,109.9,-7.3,15,10,66.7,3,1,33.3,9,1,11.1,3,1,0,2,10,7,70,4,1,25,11,3,27.3,1,2,0,0
Hemel Storm,"D. Nelson-Henry, V. Eze, B. Inger, S. Newman, J. Burnell",2,1036,33,15,31,48.4,3,9,33.3,0,0,0,4,16,20,7,1,2,7,4,32,75,75.6,74.4,31.7,32.3,53.2,53.2,46.7,28.6,76.2,15.6,0,29,101.1,40,17,37,45.9,6,13,46.2,0,1,0,5,10,15,9,4,1,1,4,32,54.1,53.4,2.6,23.8,35.1,124.6,-23.5,18,11,61.1,4,1,25,9,3,33.3,3,2,0,2,12,5,41.7,12,6,50,13,6,46.2,1,0,0,0
Hemel Storm,"V. Eze, D. Parkinson, B. Inger, S. Newman, J. Burnell",4,947,39,13,26,50,4,9,44.4,9,11,81.8,2,9,11,7,2,1,5,5,32,80.2,82.3,78,29.2,30.7,57.7,63.2,53.8,22.2,64.3,11.7,42.3,34.6,120.1,38,15,31,48.4,4,12,33.3,4,7,57.1,5,7,12,10,3,0,3,9,30,54.8,55.8,8.1,35.7,38.7,123.4,-3.3,14,9,64.3,3,0,0,9,4,44.4,1,3,0,1,15,10,66.7,4,1,25,12,4,33.3,2,1,2,0
Nottingham Hoods,"T. Bonsu, K. Bartholomew, K. Bartholomew, E. Bailey, S. Akano",2,971,33,14,30,46.7,5,12,41.7,0,0,0,4,6,10,6,5,1,8,9,32,81,80.7,81.3,29.7,29.5,55,55,42.9,30.8,75,18.2,0,40,101.1,39,13,24,54.2,4,11,36.4,9,12,75,2,9,11,8,4,1,7,1,32,62.5,66.6,19.3,25,45.8,118.5,-17.4,12,7,58.3,6,2,33.3,12,5,41.7,3,3,0,1,8,6,75,5,3,60,11,4,36.4,3,4,0,0
Reading Rockets,"M. Bryant, T. Nsangu, C. Creek, J. Bouknight, Y. Salih",5,1190,47,20,33,60.6,4,10,40,3,5,60,6,9,15,10,2,1,5,8,32,66.3,66.2,66.4,36.2,36.1,66.7,66.8,50,50,56.2,10,15.2,30.3,143.2,33,14,32,43.8,3,15,20,2,3,66.7,7,6,13,9,5,3,8,7,32,48.4,49.5,19.4,43.8,46.9,100.2,43,12,9,75,11,7,63.6,10,4,40,3,2,1,0,13,10,76.9,4,1,25,15,3,20,2,4,0,1
Yorkshire Dragons,"D. Ulph, J. Whelan, J. Mielke, A. Lycoudis, C. Johnson",2,1062,36,13,27,48.1,3,12,25,7,12,58.3,7,12,19,7,4,0,9,7,32,78.6,74.4,82.9,32.3,29.0,53.7,55.8,53.8,46.7,80,18.6,44.4,44.4,109.4,36,15,33,45.5,3,10,30,3,5,60,3,8,11,5,6,0,6,12,36,50,51.1,14.6,20,30.3,98.2,11.2,8,7,87.5,7,3,42.9,12,3,25,5,2,0,1,16,10,62.5,7,2,28.6,10,3,30,4,2,0,0
Bristol Flyers II,"Y. Hafid, R. Eigbe, N. Sagkovits, N. Ladjimi, T. Browne",5,1008,25,9,33,27.3,5,14,35.7,2,2,100,6,4,10,3,4,0,5,8,31,74.4,75.2,73.6,31.9,32.6,34.8,36.9,33.3,28.6,57.1,11.9,6.1,42.4,79.2,48,18,25,72,7,10,70,5,5,100,3,15,18,10,1,5,8,3,30,86,88.2,22.7,42.9,40,155.3,-76.1,12,3,25,7,1,14.3,14,5,35.7,1,1,1,2,12,10,83.3,3,1,33.3,10,7,70,3,2,1,2
Loughborough Riders,"J. Campbell, M. Joiner, L. Ehiorobo, T. Akinsuku, C. Keys",4,789,30,12,26,46.2,2,10,20,4,6,66.7,1,8,9,5,4,0,5,6,31,98.9,95.3,102.4,25.2,23.4,50,52.4,41.7,7.1,53.3,12.9,23.1,38.5,95.7,39,16,30,53.3,4,11,36.4,3,7,42.9,7,13,20,7,4,2,9,6,33,60,58.9,21.4,46.7,36.7,115.8,-20.1,11,6,54.5,5,4,80,10,2,20,2,3,0,0,17,10,58.8,2,2,100,11,4,36.4,4,2,0,3
Bristol Hurricanes,"D. Forsyth, E. Dusha, J. Dang-Akodo, D. Ubiaro, V. Dilys",4,936,27,12,36,33.3,1,15,6.7,2,7,28.6,9,14,23,8,6,2,2,8,30,79.8,79,80.6,30.4,29.8,34.7,34.5,66.7,34.6,87.5,4.1,19.4,41.7,87.7,18,7,24,29.2,1,8,12.5,3,4,75,2,17,19,3,1,1,9,8,31,31.2,34.9,25.9,12.5,33.3,57.2,30.4,18,10,55.6,3,1,33.3,15,1,6.7,2,0,0,0,13,4,30.8,3,2,66.7,8,1,12.5,4,3,0,2
London Cavaliers,"J. Manning, J. Richards, M. Collins, D. Braster, A. Roberts",4,765,25,11,23,47.8,1,10,10,2,4,50,4,8,12,4,1,3,11,9,30,87.8,95.7,79.9,25.1,30.0,50,50.5,36.4,33.3,61.5,27.7,17.4,43.5,82,26,10,25,40,1,8,12.5,5,8,62.5,5,8,13,4,6,0,3,5,25,42,45.6,9.5,38.5,32,102.1,-20.1,9,8,88.9,4,2,50,10,1,10,2,5,0,2,12,6,50,5,3,60,8,1,12.5,1,2,0,1
London Cavaliers,"J. Manning, D. Delsol-Lowry, M. Collins, M. Beasley, A. Roberts",4,943,37,15,33,45.5,7,15,46.7,0,0,0,5,10,15,13,2,1,4,7,30,75.6,78.2,73,30.7,32.9,56.1,56.1,86.7,31.2,76.9,8,0,45.5,120.4,38,16,30,53.3,5,14,35.7,1,2,50,3,11,14,7,4,0,2,1,28,61.7,61.5,6.1,23.1,46.7,132.5,-12,14,8,57.1,4,0,0,15,7,46.7,3,1,0,0,12,8,66.7,4,3,75,14,5,35.7,1,1,0,0
Loughborough Riders,"J. Campbell, M. Joiner, J. Cook, T. Akinsuku, S. Wylie",2,838,25,8,22,36.4,2,9,22.2,7,9,77.8,4,10,14,3,2,1,10,3,30,83.6,87.9,79.4,27.3,30.2,40.9,48.2,37.5,33.3,58.8,25.7,40.9,40.9,81.5,25,10,30,33.3,4,13,30.8,1,2,50,7,8,15,4,4,1,5,9,27,40,40.5,13.9,41.2,43.3,90.2,-8.7,10,5,50,3,1,33.3,9,2,22.2,4,4,0,2,16,6,37.5,1,0,0,13,4,30.8,1,4,0,0
Nottingham Hoods,"T. Bonsu, J. Griffith, K. Bartholomew, E. Bailey, S. Akano",2,1176,31,12,28,42.9,3,11,27.3,4,6,66.7,3,9,12,7,2,0,4,10,30,65,62,68,38.7,35.3,48.2,50.6,58.3,17.6,60,9.6,21.4,39.3,102.1,50,17,31,54.8,6,15,40,10,13,76.9,6,14,20,12,1,1,4,5,33,64.5,68.1,9.8,40,48.4,150,-47.9,11,7,63.6,6,2,33.3,11,3,27.3,1,3,1,0,14,9,64.3,2,2,100,15,6,40,0,2,0,1
Reading Rockets,"M. Bryant, C. Creek, J. Bouknight, Y. Salih, S. Chamberlain",7,928,42,16,30,53.3,7,13,53.8,3,6,50,4,12,16,12,5,2,3,4,30,82.3,78.6,86,30.6,27.9,65,64.3,75,28.6,70.6,6.3,20,43.3,138.3,23,9,27,33.3,2,9,22.2,3,6,50,5,10,15,7,1,0,10,6,33,37,38.8,25.2,29.4,33.3,69.2,69.1,14,8,57.1,3,1,33.3,13,7,53.8,2,0,0,1,14,4,28.6,4,3,75,9,2,22.2,6,0,0,3
Bristol Hurricanes,"D. Edozie, E. Dusha, J. Dang-Akodo, D. Ubiaro, V. Dilys",4,890,28,11,27,40.7,1,6,16.7,5,9,55.6,3,10,13,5,3,0,3,3,29,77.5,80.1,74.8,29.9,32.1,42.6,45.2,45.5,17.6,90.9,7.7,33.3,22.2,94.2,38,14,26,53.8,8,14,57.1,2,2,100,1,14,15,9,3,1,3,6,27,69.2,70.7,10,9.1,53.8,137.1,-42.9,19,10,52.6,2,0,0,6,1,16.7,3,0,0,0,8,6,75,4,0,0,14,8,57.1,2,1,0,0
Derby Trailblazers,"C. Washington, J. Pathmarajah, S. Walker, R. May-Thompson, M. Smith",7,946,41,17,26,65.4,5,7,71.4,2,4,50,3,11,14,12,1,2,6,8,29,72.9,74.9,70.8,32.0,33.9,75,73.8,70.6,30,78.6,13.1,15.4,26.9,138.8,33,12,27,44.4,3,12,25,6,7,85.7,3,7,10,7,3,0,2,6,27,50,54.9,6.2,21.4,44.4,118.2,20.6,11,9,81.8,8,3,37.5,7,5,71.4,0,3,1,1,9,6,66.7,6,3,50,12,3,25,0,2,0,0
Derby Trailblazers,"J. Pathmarajah, S. Walker, G. Pastor, J. Lemon, R. May-Thompson",2,872,31,13,30,43.3,3,6,50,2,3,66.7,6,6,12,6,5,1,5,6,29,73.1,80.1,66.1,30.0,36.3,48.3,49.5,46.2,40,60,11.8,10,20,106.5,26,11,23,47.8,4,10,40,0,0,0,4,9,13,5,2,3,6,3,24,56.5,56.5,20.7,40,43.5,108.3,-1.8,15,7,46.7,9,3,33.3,6,3,50,0,3,0,1,8,5,62.5,5,2,40,10,4,40,2,4,1,0
Essex Rebels,"M. Amako, K. Martin, R. Udeh, M. Brown, T. Hudson",5,825,26,10,22,45.5,3,8,37.5,3,3,100,1,7,8,7,2,1,8,13,29,86.4,84.7,88.1,28.3,27.2,52.3,55.7,70,10,87.5,20.9,13.6,36.4,89.3,37,8,15,53.3,2,5,40,19,24,79.2,1,9,10,8,4,2,7,4,30,60,72.4,21.5,12.5,33.3,122.1,-32.8,11,6,54.5,2,0,0,8,3,37.5,4,1,0,2,10,6,60,0,0,0,5,2,40,2,1,1,3
Nottingham Hoods,"T. Williams, J. Griffith, D. Nixon Ii, E. Bailey, S. Akano",3,857,35,12,21,57.1,4,10,40,7,7,100,0,7,7,11,4,2,7,9,29,80.3,83.6,77,28.7,31.2,66.7,72.7,91.7,0,58.3,16.6,33.3,47.6,117.3,30,11,26,42.3,3,10,30,5,6,83.3,5,8,13,9,2,0,5,9,27,48.1,52.4,14.9,41.7,38.5,109.1,8.2,8,6,75,3,2,66.7,10,4,40,4,0,1,1,10,5,50,6,3,50,10,3,30,4,1,2,0
Reading Rockets,"M. Bryant, C. Creek, J. Bouknight, Y. Salih, Z. Poorman",6,802,30,12,27,44.4,2,10,20,4,5,80,4,10,14,8,3,1,6,3,29,83.6,89.6,77.6,26.8,30.9,48.1,51.4,66.7,28.6,83.3,13.9,18.5,37,100.2,20,8,23,34.8,4,9,44.4,0,0,0,2,10,12,4,3,0,6,7,25,43.5,43.5,20.7,16.7,39.1,77.2,23,12,7,58.3,5,3,60,10,2,20,2,1,0,2,10,3,30,4,1,25,9,4,44.4,1,3,1,1
Yorkshire Dragons,"D. Ulph, L. Rooney, J. Mielke, A. Lycoudis, C. Johnson",2,957,24,10,25,40,2,11,18.2,2,2,100,3,16,19,5,2,2,8,8,29,79.9,74.3,85.5,32.3,28.1,44,46.4,50,23.1,88.9,20.6,8,44,81,31,11,30,36.7,3,12,25,6,8,75,2,10,12,6,6,1,4,2,34,41.7,46.2,10.7,11.1,40,90.9,-10,3,3,100,11,5,45.5,11,2,18.2,4,4,0,0,10,7,70,8,1,12.5,12,3,25,1,1,0,1
Milton Keynes Breakers,"D. Jackson, J. Dietrich, M. New Jr., X. Wilson, J. Spencer",3,908,28,11,29,37.9,3,10,30,3,4,75,6,14,20,6,0,2,5,4,28,81.3,75.5,87.1,31.8,27.6,43.1,45.5,54.5,35.3,82.4,12,13.8,34.5,98,32,14,33,42.4,1,6,16.7,3,3,100,3,11,14,8,5,2,3,6,32,43.9,46.6,8,17.6,18.2,97.1,0.9,15,6,40,4,2,50,10,3,30,3,2,0,0,20,12,60,7,1,14.3,6,1,16.7,0,1,1,1
Newcastle Knights,"B. Dean, S. Trunley, J. Thames, J. Soodeen, T. Riley",2,799,42,15,21,71.4,4,4,100,8,12,66.7,3,13,16,6,3,0,6,7,28,82.4,84.4,80.4,28.4,29.9,81,79.9,40,50,81.2,15.7,57.1,19,149.4,18,7,23,30.4,2,12,16.7,2,2,100,3,3,6,3,2,0,7,10,26,34.8,37.7,22.7,18.8,52.2,67.3,82.2,10,8,80,7,3,42.9,4,4,100,0,3,0,2,9,4,44.4,2,1,50,12,2,16.7,2,1,0,4
Reading Rockets,"M. Bryant, T. Nsangu, C. Creek, Y. Salih, V. Olarerin",5,863,33,14,34,41.2,2,11,18.2,3,4,75,7,8,15,6,3,0,1,6,28,78.4,79.5,77.3,30.2,31.0,44.1,46.1,42.9,38.9,80,2.3,11.8,32.4,115.5,32,12,23,52.2,3,11,27.3,5,9,55.6,2,11,13,10,0,0,4,8,27,58.7,59.3,12.9,20,47.8,115.1,0.4,14,10,71.4,9,2,22.2,11,2,18.2,0,1,0,0,8,6,75,4,3,75,11,3,27.3,3,1,0,0
Worthing Thunder,"D. Evans, M. Bryan-Amaning, J. Hopkins, A. Scarborough, B. Adeluola",8,780,33,13,24,54.2,2,9,22.2,5,11,45.5,3,5,8,8,3,2,4,5,28,81.8,88.1,75.4,27.2,31.8,58.3,57.2,61.5,30,83.3,9.8,45.8,37.5,115.2,39,14,19,73.7,5,6,83.3,6,8,75,1,7,8,10,3,0,4,7,24,86.8,86.6,15.1,16.7,31.6,159.2,-44,13,9,69.2,2,2,100,9,2,22.2,1,3,0,0,9,7,77.8,4,2,50,6,5,83.3,0,4,0,0
Birmingham Rockets,"O. Jackman, Z. Powell, E. Donaldson, F. Mughaal, M. Gayle",5,871,38,15,26,57.7,4,7,57.1,4,5,80,5,8,13,12,4,1,5,2,27,70.9,74.6,67.3,32.2,35.7,65.4,67.4,80,41.7,57.1,11.1,19.2,26.9,140.4,22,9,25,36,3,11,27.3,1,1,100,6,7,13,6,2,1,6,4,24,42,43.2,19.1,42.9,44,90.1,50.3,15,9,60,4,2,50,7,4,57.1,1,1,0,2,10,5,50,4,1,25,11,3,27.3,2,4,1,0
Derby Trailblazers,"C. Burr, C. Washington, S. Walker, R. Marsden, C. Brown",3,917,27,12,24,50,1,5,20,2,3,66.7,5,12,17,7,3,0,8,3,27,74.2,71.2,77.3,33.7,31.1,52.1,53.3,58.3,38.5,80,19.8,12.5,20.8,99.3,26,11,26,42.3,3,10,30,1,4,25,3,8,11,6,3,0,6,7,29,48.1,46.8,17.8,20,38.5,88,11.3,15,11,73.3,4,0,0,5,1,20,2,2,0,3,8,6,75,8,2,25,10,3,30,1,2,0,2
Essex Rebels,"M. Wol-Cummings, K. Martin, M. Brown, T. Child, H. Gent",2,744,26,8,19,42.1,2,8,25,8,11,72.7,2,7,9,5,4,0,7,5,27,87.6,89.3,86,26.9,27.9,47.4,54.5,62.5,18.2,63.6,19.5,57.9,42.1,93.9,28,12,25,48,1,10,10,3,4,75,4,9,13,8,5,0,5,4,26,50,52.3,15.7,36.4,40,105.1,-11.2,8,5,62.5,3,1,33.3,8,2,25,5,1,1,0,14,11,78.6,1,0,0,10,1,10,1,4,1,0
Hemel Storm,"K. Walker, V. Eze, B. Inger, S. Newman, J. Burnell",5,774,29,12,22,54.5,5,11,45.5,0,0,0,1,11,12,8,1,2,8,9,27,89.4,86.3,92.4,27.8,26.0,65.9,65.9,66.7,12.5,73.3,21.1,0,50,104.2,34,9,23,39.1,1,7,14.3,15,16,93.8,4,7,11,4,5,0,5,2,29,41.3,56.6,14.3,26.7,30.4,114.1,-9.9,9,6,66.7,2,1,50,11,5,45.5,5,2,0,1,11,6,54.5,5,2,40,7,1,14.3,3,1,1,0
Loughborough Riders,"J. Campbell, M. Joiner, L. Ehiorobo, D. Hadley, M. Joiner",2,756,19,7,19,36.8,1,8,12.5,4,10,40,2,8,10,4,4,1,7,5,27,87,86.6,87.5,27.7,27.4,39.5,40.6,57.1,20,53.3,20.3,52.6,42.1,69.7,24,8,22,36.4,0,4,0,8,13,61.5,7,8,15,5,4,1,8,8,27,36.4,43.3,22.4,46.7,18.2,87,-17.4,10,5,50,1,1,100,8,1,12.5,5,2,0,0,16,7,43.8,2,1,50,4,0,0,1,5,0,1
Loughborough Riders,"M. Joiner, D. Hadley, J. Cook, T. Akinsuku, L. Campbell",2,942,31,12,24,50,4,8,50,3,4,75,2,8,10,6,3,1,5,6,27,71.3,70.3,72.2,34.1,33.2,58.3,60.2,50,16.7,50,13.6,16.7,33.3,112.3,35,14,31,45.2,1,8,12.5,6,8,75,8,10,18,9,2,0,3,5,28,46.8,50.7,8,50,25.8,123.5,-11.2,14,7,50,2,1,50,8,4,50,1,1,0,2,16,8,50,7,5,71.4,8,1,12.5,2,1,0,0
Milton Keynes Breakers,"D. Jackson, B. Baker-Mccann, M. New Jr., X. Wilson, J. Spencer",5,744,29,9,20,45,3,9,33.3,8,10,80,2,7,9,8,2,0,6,5,27,89,87.9,90.1,27.3,26.7,52.5,59.4,88.9,28.6,50,15.6,50,45,106.4,30,11,26,42.3,4,12,33.3,4,7,57.1,7,5,12,5,3,1,7,5,27,50,51.6,19.4,50,46.2,107.5,-1.1,10,6,60,1,0,0,9,3,33.3,2,3,0,1,12,7,58.3,2,0,0,12,4,33.3,4,2,1,1
Milton Keynes Breakers,"D. Jackson, B. Baker-Mccann, X. Wilson, J. Spencer, C. Thompson",6,877,23,8,23,34.8,0,8,0,7,9,77.8,4,6,10,8,4,0,6,8,27,74.8,76.1,73.5,31.5,32.7,34.8,42.7,100,25,66.7,14.6,39.1,34.8,82.7,30,10,20,50,3,7,42.9,7,9,77.8,3,12,15,8,0,1,7,6,26,57.5,62.6,22.6,33.3,35,111.8,-29,6,4,66.7,9,4,44.4,8,0,0,1,2,0,2,10,6,60,3,1,33.3,7,3,42.9,3,3,0,1
Nottingham Hoods,"T. Bonsu, J. Griffith, K. Bartholomew, S. Akano, M. Savery-Richards",2,638,31,12,19,63.2,4,7,57.1,3,5,60,1,8,9,9,1,2,8,7,27,97,101.8,92.2,23.6,26.0,73.7,73.1,75,20,72.7,20.9,26.3,36.8,114.5,39,14,24,58.3,5,9,55.6,6,8,75,3,4,7,12,3,0,1,6,24,68.8,70.9,3.5,27.3,37.5,159.2,-44.7,9,7,77.8,3,1,33.3,7,4,57.1,2,2,0,2,9,7,77.8,6,2,33.3,9,5,55.6,0,1,0,0
Nottingham Hoods,"B. Johnson, D. Nixon Ii, E. Bailey, S. Akano, M. Savery-Richards",2,763,39,13,22,59.1,6,14,42.9,7,9,77.8,3,9,12,10,5,0,6,5,27,83.6,87.4,79.8,27.4,30.1,72.7,75.1,76.9,30,64.3,14.3,40.9,63.6,140.3,23,10,24,41.7,2,9,22.2,1,1,100,5,7,12,5,3,0,7,5,25,45.8,47.1,22.3,35.7,37.5,90.6,49.7,8,7,87.5,0,0,0,14,6,42.9,1,3,0,1,12,6,50,3,2,66.7,9,2,22.2,2,4,0,1
Reading Rockets,"M. Bryant, T. Nsangu, J. Bouknight, Y. Salih, S. Chamberlain",8,923,29,12,24,50,3,11,27.3,2,6,33.3,1,10,11,7,3,0,3,3,27,71.5,71.5,71.5,33.6,33.6,56.2,54.4,58.3,8.3,83.3,8.2,25,45.8,105.5,27,9,22,40.9,5,8,62.5,4,6,66.7,2,11,13,6,0,3,6,5,27,52.3,54.8,19.6,16.7,36.4,98.2,7.3,9,6,66.7,4,3,75,11,3,27.3,1,1,0,1,8,3,37.5,6,1,16.7,8,5,62.5,3,0,0,2
Reading Rockets,"M. Bryant, T. Nsangu, Z. Poorman, E. Harrington, V. Olarerin",2,777,33,14,28,50,2,9,22.2,3,4,75,6,6,12,7,4,1,5,7,27,80.8,85.3,76.3,28.1,31.5,53.6,55.4,50,54.5,66.7,12,14.3,32.1,119.5,31,9,17,52.9,6,9,66.7,7,13,53.8,3,5,8,7,0,1,6,5,24,70.6,68.2,20.9,33.3,52.9,125.6,-6,18,12,66.7,1,0,0,9,2,22.2,1,2,0,1,5,3,60,3,0,0,9,6,66.7,4,1,0,1
Worthing Thunder,"M. Bryan-Amaning, J. Hopkins, E. Maynard, J. Lashley, B. Adeluola",5,832,28,10,24,41.7,2,8,25,6,6,100,2,6,8,7,1,3,4,7,27,85.2,79.3,91.1,30.3,26.4,45.8,52.6,70,16.7,46.2,10.6,25,33.3,101.8,35,15,32,46.9,3,10,30,2,2,100,7,10,17,9,2,1,7,5,31,51.6,53.2,17.6,53.8,31.2,110.9,-9,10,6,60,6,2,33.3,8,2,25,2,1,0,1,13,8,61.5,9,4,44.4,10,3,30,3,0,0,3
Bristol Hurricanes,"D. Edozie, D. Forsyth, D. Ubiaro, H. Bligen, C. Taylor",1,850,26,10,24,41.7,1,2,50,5,8,62.5,4,7,11,5,5,1,4,7,26,77.1,74.6,79.7,32.2,30.1,43.8,47.2,50,44.4,63.6,11,33.3,8.3,98.4,24,8,20,40,1,10,10,7,10,70,4,5,9,3,4,2,9,7,28,42.5,49.2,26.9,36.4,50,85,13.4,13,6,46.2,9,3,33.3,2,1,50,1,3,0,0,7,4,57.1,3,3,100,10,1,10,3,4,0,1
Bristol Hurricanes,"D. Edozie, E. Dusha, K. Hill, D. Ubiaro, C. Samuels",3,706,20,6,20,30,0,5,0,8,12,66.7,3,11,14,2,0,1,5,7,26,82.7,89,76.4,27.0,31.4,30,39.6,33.3,23.1,57.9,15.5,60,25,76.4,22,8,25,32,0,8,0,6,10,60,8,10,18,3,2,1,2,8,22,32,37.4,6.4,42.1,32,97.9,-21.6,11,4,36.4,4,2,50,5,0,0,1,2,0,1,14,8,57.1,3,0,0,8,0,0,0,0,0,2
Derby Trailblazers,"J. Pathmarajah, R. Marsden, C. Brown, R. May-Thompson, M. Smith",3,775,28,12,25,48,2,5,40,2,7,28.6,2,12,14,10,3,1,2,8,26,87.2,83.5,91,28.7,26.4,52,49.9,83.3,14.3,85.7,5,28,20,103.9,31,8,21,38.1,2,7,28.6,13,15,86.7,2,12,14,5,2,0,5,5,29,42.9,56.2,15.3,14.3,33.3,105.5,-1.7,12,8,66.7,8,2,25,5,2,40,2,0,0,0,7,4,57.1,7,2,28.6,7,2,28.6,3,2,0,0
Hemel Storm,"S. Lewis, M. Norman, V. Eze, B. Inger, S. Newman",5,701,24,8,17,47.1,1,7,14.3,7,9,77.8,0,9,9,5,1,1,7,5,26,89.9,91.9,88,26.1,27.3,50,57.3,62.5,0,64.3,21.2,52.9,41.2,89.4,37,14,29,48.3,6,10,60,3,4,75,5,9,14,8,6,1,1,4,25,58.6,60.1,3.1,35.7,34.5,144,-54.6,8,6,75,2,1,50,7,1,14.3,3,4,0,0,18,7,38.9,1,1,100,10,6,60,1,0,0,0
Reading Rockets,"C. Creek, J. Bouknight, Z. Poorman, V. Olarerin, S. Chamberlain",8,923,16,7,26,26.9,2,11,18.2,0,3,0,6,12,18,3,3,2,6,9,26,74.9,68.2,81.7,35.2,29.4,30.8,29.3,42.9,33.3,70.6,16.5,11.5,42.3,61,29,9,25,36,2,6,33.3,9,13,69.2,5,12,17,4,4,2,7,4,31,40,47.2,18.6,29.4,24,92.3,-31.3,13,4,30.8,2,1,50,11,2,18.2,5,0,1,1,12,5,41.7,7,2,28.6,6,2,33.3,1,3,0,2
Worthing Thunder,"D. Evans, J. Hopkins, E. Maynard, A. Scarborough, B. Adeluola",5,869,30,10,23,43.5,2,7,28.6,8,16,50,4,6,10,3,3,1,2,6,26,81,74.3,87.7,32.3,27.4,47.8,49.9,30,22.2,75,5.7,69.6,30.4,111.4,35,13,22,59.1,4,7,57.1,5,7,71.4,2,14,16,9,1,0,10,13,31,68.2,69.8,28.5,25,31.8,110.2,1.2,11,7,63.6,5,1,20,7,2,28.6,1,1,0,0,12,7,58.3,2,1,50,7,4,57.1,1,4,0,3
Birmingham Rockets,"Z. Powell, L. Okosieme, E. Donaldson, L. Mcgregor, M. Gayle",8,773,35,13,21,61.9,3,5,60,6,8,75,1,9,10,10,4,4,3,6,25,82,79,85,30.4,28.2,69,71.4,76.9,14.3,56.2,8,38.1,23.8,137.5,30,12,27,44.4,1,7,14.3,5,8,62.5,7,6,13,8,0,0,5,6,27,46.3,49.1,14.1,43.8,25.9,109.6,27.9,12,9,75,4,1,25,5,3,60,0,0,0,2,16,9,56.2,4,2,50,7,1,14.3,2,3,0,0
Bristol Flyers II,"Y. Hafid, J. Craggs, R. Eigbe, N. Ladjimi, E. Ekwegh",2,654,8,3,17,17.6,0,7,0,2,4,50,1,6,7,2,2,0,9,2,25,93.7,94.3,93.1,25.5,25.8,17.6,21.3,66.7,7.7,60,30.2,23.5,41.2,31.1,21,9,21,42.9,3,8,37.5,0,1,0,4,12,16,6,7,1,9,4,25,50,49,29.6,40,38.1,82.7,-51.6,6,3,50,4,0,0,7,0,0,5,2,0,2,11,6,54.5,2,0,0,8,3,37.5,1,2,0,5
Newcastle Knights,"B. Dean, S. Trunley, J. Thames, M. Hendry, T. Riley",4,624,37,12,23,52.2,3,7,42.9,10,12,83.3,4,4,8,3,7,0,2,1,25,94.4,97,91.9,24.7,26.1,58.7,65.4,25,57.1,57.1,6,52.2,30.4,146.7,26,10,18,55.6,4,8,50,2,2,100,3,3,6,6,0,0,9,10,23,66.7,68.9,32.3,42.9,44.4,108.9,37.8,11,7,63.6,5,2,40,7,3,42.9,0,2,0,0,8,6,75,2,0,0,8,4,50,6,3,1,0
Newcastle Knights,"B. Dean, S. Trunley, J. Thames, M. Jones, R. Reed",3,846,22,8,30,26.7,3,10,30,3,4,75,6,7,13,5,2,0,1,4,25,76.5,72.9,80.2,32.9,29.9,31.7,34.6,62.5,26.1,70,2.6,13.3,33.3,85.6,37,17,29,58.6,2,7,28.6,1,1,100,3,17,20,10,0,2,3,6,28,62.1,62.8,9.2,30,24.1,130.9,-45.3,13,2,15.4,7,3,42.9,10,3,30,0,1,0,0,10,8,80,12,7,58.3,7,2,28.6,0,2,1,0
Nottingham Hoods,"T. Williams, A. Adedo, B. Johnson, D. Nixon Ii, M. Savery-Richards",2,644,28,10,25,40,6,10,60,2,4,50,5,5,10,9,3,0,5,2,25,95.7,95.7,95.7,25.1,25.1,52,52.3,90,35.7,83.3,12.3,16,40,109,23,9,17,52.9,2,8,25,3,4,75,1,9,10,8,1,1,9,8,25,58.8,61.3,32.4,16.7,47.1,89.5,19.5,11,4,36.4,4,0,0,10,6,60,1,3,1,1,8,6,75,1,1,100,8,2,25,4,2,1,2
Nottingham Hoods,"A. Adedo, D. Nixon Ii, T. Williams, E. Bailey, M. Savery-Richards",2,905,22,10,25,40,2,12,16.7,0,0,0,3,6,9,5,2,0,5,8,25,69.1,68.7,69.6,34.9,34.5,44,44,50,25,60,14.3,0,48,84.9,38,15,24,62.5,7,10,70,1,3,33.3,4,9,13,10,4,1,6,6,26,77.1,75,19.2,40,41.7,144.9,-60,11,8,72.7,2,0,0,12,2,16.7,4,1,1,0,13,8,61.5,1,0,0,10,7,70,1,4,0,1
Worthing Thunder,"J. Hopkins, E. Maynard, J. Lashley, A. Scarborough, E. Dadds",5,763,28,11,24,45.8,2,7,28.6,4,6,66.7,7,7,14,6,1,0,7,4,25,76.4,80.4,72.4,29.8,33.2,50,52.6,54.5,58.3,70,17.7,25,29.2,109.5,24,9,18,50,1,6,16.7,5,9,55.6,3,5,8,8,3,1,5,6,23,52.8,54.6,18.5,30,33.3,104.3,5.1,13,7,53.8,4,2,50,7,2,28.6,1,4,0,1,6,3,50,6,5,83.3,6,1,16.7,2,1,1,1
Bristol Flyers II,"Y. Hafid, R. Eigbe, N. Ladjimi, T. Browne, E. Ekwegh",2,866,35,11,24,45.8,7,13,53.8,6,6,100,4,8,12,6,0,1,3,6,24,66.1,68.2,64.1,35.2,37.5,60.4,65.7,54.5,36.4,61.5,8.4,25,54.2,142.2,32,12,26,46.2,2,12,16.7,6,7,85.7,5,7,12,5,1,1,0,5,23,50,55,0,38.5,46.2,138.4,3.8,9,3,33.3,2,1,50,13,7,53.8,2,1,1,0,9,7,77.8,5,3,60,12,2,16.7,0,0,2,0
Bristol Hurricanes,"D. Edozie, K. Hill, D. Ubiaro, V. Dilys, C. Taylor",2,686,20,10,21,47.6,0,4,0,0,1,0,3,6,9,3,3,0,7,7,24,81.1,85.4,76.8,28.1,31.2,47.6,46.6,30,27.3,66.7,22.3,4.8,19,81.9,25,10,22,45.5,3,8,37.5,2,2,100,3,8,11,7,3,1,3,2,21,52.3,54.6,11.6,33.3,36.4,113.8,-31.9,12,8,66.7,5,2,40,4,0,0,1,3,0,2,5,4,80,9,3,33.3,8,3,37.5,0,3,0,0
Bristol Hurricanes,"D. Forsyth, E. Dusha, J. Dang-Akodo, D. Ubiaro, C. Taylor",4,749,23,8,21,38.1,5,13,38.5,2,2,100,4,7,11,5,6,2,8,7,24,79.4,79.6,79.2,30.1,30.3,50,52.6,62.5,36.4,70,22.9,9.5,61.9,92.6,18,7,18,38.9,1,4,25,3,4,75,3,7,10,6,1,1,9,5,24,41.7,45.5,31.3,30,22.2,72.8,19.8,7,3,42.9,1,0,0,13,5,38.5,2,2,1,2,10,5,50,4,1,25,4,1,25,5,3,0,1
Essex Rebels,"K. Martin, M. Brown, T. Child, W. White, T. Hudson",1,583,35,14,20,70,5,9,55.6,2,3,66.7,1,3,4,8,3,0,5,6,24,94.8,100.1,89.5,24.0,26.8,82.5,82.1,57.1,16.7,42.9,14.6,15,45,144,32,13,21,61.9,2,5,40,4,6,66.7,4,5,9,9,1,0,3,3,21,66.7,67.7,11.3,57.1,23.8,147.2,-3.2,7,7,100,4,2,50,9,5,55.6,0,1,0,2,12,8,66.7,4,3,75,5,2,40,0,3,0,0
Hemel Storm,"D. Nelson-Henry, K. Walker, M. Norman, S. Newman, J. Burnell",2,698,37,14,27,51.9,4,12,33.3,5,6,83.3,6,11,17,11,0,1,2,0,24,80.1,84.6,75.5,28.4,31.8,59.3,62.4,78.6,66.7,73.3,4.7,22.2,44.4,150.3,24,10,26,38.5,2,10,20,2,2,100,4,3,7,8,1,1,0,4,21,42.3,44.6,0,26.7,38.5,109.3,41.1,14,10,71.4,1,0,0,12,4,33.3,0,2,0,0,13,6,46.2,3,2,66.7,10,2,20,0,0,0,0
Loughborough Riders,"J. Campbell, L. Ehiorobo, T. Akinsuku, L. Campbell, C. Keys",2,647,28,9,20,45,6,16,37.5,4,4,100,3,5,8,7,4,0,7,8,24,87.2,91.7,82.6,26.2,29.0,60,64.3,77.8,33.3,71.4,19.6,20,80,113.2,20,8,16,50,0,2,0,4,5,80,2,6,8,5,2,1,7,6,22,50,54.9,27.8,28.6,12.5,89.8,23.4,4,3,75,0,0,0,16,6,37.5,3,0,0,2,8,6,75,6,2,33.3,2,0,0,2,3,1,1
Milton Keynes Breakers,"J. Dietrich, X. Wilson, J. Spencer, B. Freckleton, C. Thompson",4,734,22,9,22,40.9,2,7,28.6,2,3,66.7,2,9,11,5,2,0,4,5,24,77.5,79.5,75.6,30.2,31.8,45.5,47.2,55.6,18.2,81.8,12.4,13.6,31.8,90.5,27,9,19,47.4,4,8,50,5,7,71.4,2,9,11,5,1,1,4,3,23,57.9,61.1,15.3,18.2,42.1,116.8,-26.3,10,5,50,5,2,40,7,2,28.6,0,1,0,2,6,3,50,5,2,40,8,4,50,2,2,0,0
Nottingham Hoods,"T. Bonsu, K. Bartholomew, E. Bailey, S. Akano, M. Savery-Richards",2,687,19,9,20,45,0,6,0,1,2,50,2,9,11,2,3,4,7,5,24,79.9,86.8,73,27.7,32.9,45,45.5,22.2,20,75,23.4,10,30,76.5,15,7,18,38.9,1,5,20,0,4,0,3,8,11,4,4,0,5,4,20,41.7,38,20.2,25,27.8,71.8,4.7,14,9,64.3,0,0,0,6,0,0,2,5,0,0,13,6,46.2,0,0,0,5,1,20,2,2,1,1
Reading Rockets,"C. Creek, J. Bouknight, Y. Salih, V. Olarerin, S. Chamberlain",9,560,32,12,24,50,4,9,44.4,4,4,100,7,10,17,7,0,0,7,10,24,96.8,106,87.6,22.6,27.4,58.3,62.1,58.3,58.3,90.9,17.6,16.7,37.5,129.4,19,5,15,33.3,0,7,0,9,12,75,1,5,6,3,2,1,2,5,20,33.3,46.8,9,9.1,46.7,93,36.4,11,7,63.6,4,1,25,9,4,44.4,2,1,0,2,6,5,83.3,2,0,0,7,0,0,1,1,1,0
Bristol Hurricanes,"D. Edozie, D. Forsyth, E. Dusha, J. Dang-Akodo, D. Ubiaro",4,791,18,7,26,26.9,1,10,10,3,10,30,8,10,18,4,2,0,2,5,23,74.3,71.1,77.6,33.8,30.9,28.8,29.6,57.1,33.3,66.7,5.5,38.5,38.5,76.8,30,10,26,38.5,5,9,55.6,5,6,83.3,5,16,21,5,1,1,3,7,25,48.1,52.4,9.5,33.3,34.6,117.3,-40.5,11,4,36.4,5,2,40,10,1,10,0,1,0,1,12,3,25,5,2,40,9,5,55.6,2,0,0,1
Hemel Storm,"K. Walker, M. Norman, B. Inger, S. Newman, J. Burnell",3,823,31,12,22,54.5,6,11,54.5,1,2,50,4,5,9,9,2,1,6,6,23,74.9,69.7,80.2,34.5,29.9,68.2,67.7,75,36.4,55.6,15.8,9.1,50,129.8,43,18,27,66.7,3,6,50,4,6,66.7,4,7,11,7,3,1,3,3,27,72.2,72.5,9.2,44.4,22.2,156.4,-26.6,9,4,44.4,1,1,100,11,6,54.5,3,2,1,1,17,13,76.5,4,2,50,6,3,50,3,0,0,0
London Cavaliers,"J. Manning, J. Richards, D. Delsol-Lowry, A. Roberts, A. Pyne",1,494,29,12,21,57.1,1,5,20,4,7,57.1,3,7,10,6,3,1,3,1,23,108.5,112.3,104.7,21.4,22.9,59.5,60.2,50,30,58.3,9.1,33.3,23.8,125.4,22,11,22,50,0,5,0,0,1,0,5,7,12,8,1,1,5,5,21,50,49,18.2,41.7,22.7,102.1,23.3,13,9,69.2,3,2,66.7,5,1,20,0,3,0,0,13,8,61.5,4,3,75,5,0,0,2,2,0,1
London Cavaliers,"J. Manning, M. Collins, D. Delsol-Lowry, D. Braster, A. Roberts",3,613,36,12,23,52.2,4,9,44.4,8,9,88.9,6,12,18,10,1,0,4,3,23,93.2,93.8,92.6,25.6,25.9,60.9,66.8,83.3,54.5,75,9.8,39.1,39.1,150.2,23,8,24,33.3,3,15,20,4,6,66.7,4,5,9,5,2,1,2,10,23,39.6,43.2,7,25,62.5,97.2,53,13,8,61.5,1,0,0,9,4,44.4,0,3,0,1,6,4,66.7,3,1,33.3,15,3,20,2,0,0,0
London Cavaliers,"J. Manning, M. Beasley, D. Braster, D. Ainembabazi, A. Roberts",4,588,23,9,18,50,2,6,33.3,3,3,100,3,2,5,2,3,0,8,4,23,86.6,95.3,77.9,25.2,30.8,55.6,59.5,22.2,42.9,100,27.3,16.7,33.3,98.5,20,8,12,66.7,2,6,33.3,2,2,100,0,4,4,5,4,0,7,2,19,75,77.6,35.2,0,50,104.8,-6.3,11,7,63.6,1,0,0,6,2,33.3,2,2,0,2,5,5,100,1,1,100,6,2,33.3,5,1,1,0
Newcastle Knights,"B. Dean, S. Trunley, J. Thames, R. Graham-Bell, T. Riley",3,609,24,9,21,42.9,3,11,27.3,3,4,75,3,4,7,5,2,1,5,3,23,90.9,93.7,88.2,25.6,27.2,50,52.7,55.6,30,57.1,15.3,19,52.4,101,32,13,22,59.1,3,7,42.9,3,3,100,3,7,10,9,3,0,3,2,22,65.9,68.6,11.4,42.9,31.8,142.9,-42,8,6,75,2,0,0,11,3,27.3,1,4,0,0,12,9,75,3,1,33.3,7,3,42.9,2,1,0,0
Newcastle Knights,"B. Dean, J. Thames, R. Graham-Bell, W. Neighbour, M. Hendry",1,714,31,12,22,54.5,3,8,37.5,4,4,100,3,7,10,8,3,1,4,6,23,77.2,79.9,74.5,30.0,32.2,61.4,65.2,66.7,30,70,11.2,18.2,36.4,130.4,30,11,20,55,3,6,50,5,7,71.4,3,7,10,8,0,1,3,5,22,62.5,65,11.5,30,30,135.4,-5,10,8,80,4,1,25,8,3,37.5,2,0,0,1,9,7,77.8,5,1,20,6,3,50,1,2,0,0
Newcastle Knights,"S. Trunley, J. Thames, F. Cork, R. Graham-Bell, M. Matthews",1,749,29,11,22,50,7,14,50,0,0,0,2,12,14,9,4,3,4,1,23,76,73.8,78.3,32.5,30.7,65.9,65.9,81.8,20,75,11.4,0,63.6,125.9,23,10,25,40,3,10,30,0,1,0,4,8,12,3,3,0,4,5,24,46,45.2,13.6,25,40,94.2,31.7,7,4,57.1,1,0,0,14,7,50,2,2,1,0,12,6,50,3,1,33.3,10,3,30,3,1,0,0
Worthing Thunder,"D. Evans, J. Hopkins, T. Mcindoe, A. Scarborough, B. Adeluola",2,816,35,14,36,38.9,2,10,20,5,8,62.5,19,10,29,4,1,0,4,5,23,71.6,69.2,74,34.7,32.4,41.7,44.3,28.6,82.6,90.9,8.4,22.2,27.8,148.7,23,8,21,38.1,3,13,23.1,4,5,80,1,4,5,6,2,1,4,8,25,45.2,49.6,14.7,9.1,61.9,91.4,57.2,19,11,57.9,7,1,14.3,10,2,20,1,1,0,1,6,5,83.3,2,0,0,13,3,23.1,1,1,0,1
Yorkshire Dragons,"R. Ani, D. Ulph, J. Jefferson, J. Mielke, C. Johnson",2,713,27,10,23,43.5,0,10,0,7,12,58.3,5,5,10,3,5,2,1,5,23,78.5,78.5,78.5,30.6,30.6,43.5,47.7,30,38.5,50,3.1,52.2,43.5,115.8,25,7,17,41.2,1,4,25,10,12,83.3,5,8,13,0,0,0,7,9,23,44.1,56.1,23.9,50,23.5,107.3,8.6,11,8,72.7,2,2,100,10,0,0,1,0,1,0,9,4,44.4,4,2,50,4,1,25,5,0,1,1
Yorkshire Dragons,"D. Ulph, J. Whelan, L. Rooney, C. Johnson, N. Lewis",4,626,18,8,22,36.4,1,8,12.5,1,1,100,2,4,6,3,2,1,4,0,23,89.1,90,88.3,26.7,27.2,38.6,40.1,37.5,16.7,57.1,13.6,4.5,36.4,76.7,37,16,25,64,5,6,83.3,0,0,0,3,10,13,8,3,2,2,2,23,74,74,7.4,42.9,24,160.6,-83.9,8,3,37.5,5,3,60,8,1,12.5,4,0,0,0,13,7,53.8,6,4,66.7,6,5,83.3,1,1,0,0
Yorkshire Dragons,"B. Tew, J. Whelan, J. Jefferson, J. Mielke, C. Johnson",2,689,23,9,21,42.9,2,9,22.2,3,3,100,2,5,7,3,0,0,4,4,23,78,81.3,74.6,29.5,32.2,47.6,51.5,33.3,18.2,71.4,13.6,14.3,42.9,98.5,30,10,18,55.6,8,11,72.7,2,3,66.7,2,9,11,6,0,0,5,4,21,77.8,77.6,20.6,28.6,61.1,140,-41.5,8,6,75,4,1,25,9,2,22.2,2,0,0,1,4,1,25,2,0,0,11,8,72.7,2,1,0,1
Birmingham Rockets,"R. Blain, O. Jackman, Z. Powell, L. Mcgregor, M. Gayle",7,837,33,12,23,52.2,1,7,14.3,8,12,66.7,6,11,17,5,2,1,1,6,22,67.9,64.1,71.8,37.5,33.4,54.3,58.3,41.7,60,100,2.9,52.2,30.4,147.7,22,7,18,38.9,3,11,27.3,5,7,71.4,0,4,4,3,1,0,5,10,25,47.2,52.2,19.2,0,61.1,87.9,59.8,12,10,83.3,4,1,25,7,1,14.3,1,0,1,1,5,3,60,2,1,50,11,3,27.3,0,2,0,2
Bristol Flyers II,"Y. Hafid, L. Ayinla, J. Craggs, N. Sagkovits, N. Ladjimi",5,675,12,5,16,31.2,1,8,12.5,1,3,33.3,0,6,6,3,5,0,6,3,22,81.3,79.6,83,30.2,28.9,34.4,34.6,60,0,75,22.8,18.8,50,53.6,28,12,19,63.2,3,6,50,1,3,33.3,2,10,12,4,3,1,6,5,23,71.1,68.9,22.8,25,31.6,119.9,-66.3,6,4,66.7,2,0,0,8,1,12.5,2,2,1,2,9,8,88.9,4,1,25,6,3,50,3,3,1,0
Derby Trailblazers,"C. Burr, C. Washington, R. Marsden, C. Brown, M. Smith",3,710,29,13,21,61.9,3,5,60,0,0,0,2,6,8,8,3,2,4,4,22,78.2,74.6,81.8,32.2,29.3,69,69,61.5,33.3,75,12.1,0,23.8,131.3,22,7,18,38.9,3,6,50,5,5,100,2,4,6,4,2,0,7,5,24,47.2,54.5,25.7,25,33.3,90.9,40.4,7,5,71.4,9,5,55.6,5,3,60,2,1,0,1,8,3,37.5,4,1,25,6,3,50,3,3,0,1
Hemel Storm,"K. Walker, S. Lewis, M. Norman, B. Inger, S. Newman",4,669,29,10,15,66.7,5,9,55.6,4,4,100,0,7,7,7,4,1,7,5,22,81.6,81.8,81.4,29.3,29.5,83.3,86.5,70,0,63.6,22.8,26.7,60,127.1,22,9,19,47.4,2,5,40,2,6,33.3,4,5,9,4,4,0,6,3,22,52.6,50.8,21.7,36.4,26.3,96.9,30.2,5,4,80,1,1,100,9,5,55.6,4,2,0,1,10,6,60,4,1,25,5,2,40,3,2,0,1
Newcastle Knights,"S. Trunley, J. Thames, F. Cork, M. Hendry, H. Abdul",4,744,30,11,25,44,4,7,57.1,4,4,100,6,8,14,5,3,0,3,1,22,72.2,73.6,70.9,32.6,33.9,52,56.1,45.5,54.5,80,8.6,16,28,131.5,23,10,21,47.6,2,7,28.6,1,2,50,2,5,7,6,2,0,3,3,21,52.4,52.6,12.1,20,33.3,104.7,26.8,12,5,41.7,6,2,33.3,7,4,57.1,2,1,1,0,8,7,87.5,6,1,16.7,7,2,28.6,3,0,0,0
Nottingham Hoods,"T. Williams, T. Bonsu, B. Johnson, D. Nixon Ii, E. Bailey",2,630,27,11,24,45.8,1,6,16.7,4,8,50,6,3,9,5,6,0,2,4,22,91.3,86,96.5,27.9,24.9,47.9,49.1,45.5,50,100,5.8,33.3,25,119.6,20,5,10,50,3,5,60,7,10,70,0,6,6,3,0,2,12,8,25,65,69.4,45.5,0,50,78.9,40.7,18,10,55.6,0,0,0,6,1,16.7,2,0,0,1,3,1,33.3,2,1,50,5,3,60,6,1,0,3
Nottingham Hoods,"T. Bonsu, B. Johnson, D. Nixon Ii, E. Bailey, S. Akano",3,731,17,4,18,22.2,2,8,25,7,8,87.5,3,11,14,4,1,0,5,3,22,75,74.1,75.9,32.4,31.6,27.8,39.5,100,23.1,78.6,16.4,44.4,44.4,75.3,21,6,20,30,2,10,20,7,7,100,3,10,13,5,4,2,4,5,23,35,45.5,14.8,21.4,50,90.8,-15.6,4,2,50,6,0,0,8,2,25,4,1,0,0,4,2,50,6,2,33.3,10,2,20,1,2,0,1
Reading Rockets,"M. Bryant, T. Nsangu, J. Bouknight, V. Olarerin, S. Chamberlain",8,784,27,9,23,39.1,4,8,50,5,6,83.3,4,14,18,7,0,0,2,9,22,74,69.5,78.5,34.5,30.6,47.8,52.7,77.8,36.4,93.3,5.8,26.1,34.8,119,30,9,22,40.9,3,9,33.3,9,13,69.2,1,7,8,6,0,0,0,4,25,47.7,54.1,0,6.7,40.9,117,2,8,4,50,7,1,14.3,8,4,50,1,1,1,0,7,4,57.1,6,2,33.3,9,3,33.3,0,0,0,1
Reading Rockets,"T. Nsangu, J. Bouknight, Y. Salih, Z. Poorman, V. Olarerin",4,707,13,5,20,25,0,8,0,3,5,60,6,6,12,2,1,0,7,6,22,70.9,75.6,66.2,31.7,36.2,25,29.3,40,42.9,46.2,22.4,25,40,58.4,17,7,20,35,2,6,33.3,1,3,33.3,7,8,15,2,1,0,6,7,19,40,39.9,22,53.8,30,87.1,-28.8,6,3,50,6,2,33.3,8,0,0,0,2,0,3,11,4,36.4,3,1,33.3,6,2,33.3,3,0,1,2
Worthing Thunder,"D. Evans, J. Hopkins, E. Maynard, J. Lashley, B. Adeluola",2,646,22,10,20,50,2,6,33.3,0,1,0,1,5,6,6,4,1,4,3,22,87.7,83.6,91.9,28.7,26.1,55,53.8,60,10,55.6,13.1,5,30,97.8,31,12,22,54.5,3,5,60,4,4,100,4,9,13,8,3,1,6,4,24,61.4,65.2,20.2,44.4,22.7,125.4,-27.6,6,5,83.3,7,3,42.9,6,2,33.3,1,3,0,0,11,7,63.6,5,1,20,5,3,60,1,4,0,1
Yorkshire Dragons,"J. Whelan, L. Rooney, J. Mielke, A. Lycoudis, C. Johnson",1,644,27,11,19,57.9,3,9,33.3,2,2,100,1,7,8,6,4,0,5,3,22,82.9,85.4,80.3,28.1,29.9,65.8,67.9,54.5,14.3,70,16.2,10.5,47.4,117.8,24,10,20,50,4,9,44.4,0,1,0,3,6,9,6,2,0,5,3,21,60,58.7,19.7,30,45,111.4,6.4,8,7,87.5,2,1,50,9,3,33.3,0,2,0,2,6,3,50,5,3,60,9,4,44.4,3,2,0,0
Birmingham Rockets,"R. Blain, O. Jackman, L. Mcgregor, F. Mughaal, M. Gayle",4,580,18,7,20,35,3,9,33.3,1,2,50,4,5,9,4,4,1,5,4,21,84.7,86.9,82.5,27.6,29.1,42.5,43.1,57.1,33.3,50,16.7,10,45,85.7,18,8,18,44.4,1,3,33.3,1,4,25,5,8,13,6,3,2,6,2,19,47.2,45.5,23.3,50,16.7,90.3,-4.6,9,3,33.3,2,1,50,9,3,33.3,1,2,0,1,12,7,58.3,3,0,0,3,1,33.3,1,5,0,0
Bristol Flyers II,"Y. Hafid, L. Ayinla, R. Eigbe, N. Ladjimi, E. Ekwegh",3,520,27,9,18,50,1,6,16.7,8,10,80,2,9,11,4,1,0,2,8,21,99.7,99.2,100.1,24.2,24.0,52.8,60.3,44.4,25,75,7,55.6,33.3,125.6,19,7,17,41.2,1,5,20,4,15,26.7,3,6,9,1,1,1,2,8,21,44.1,40.3,7.8,25,29.4,87.6,38,8,4,50,3,3,100,6,1,16.7,1,1,0,0,10,6,60,1,0,0,5,1,20,2,0,0,0
Bristol Flyers II,"R. Price, J. Craggs, L. Matthews, T. Browne, E. Ekwegh",3,612,17,7,15,46.7,3,8,37.5,0,2,0,1,5,6,4,2,1,8,3,21,80.3,86.1,74.4,27.9,32.3,56.7,53.5,57.1,11.1,62.5,28.7,13.3,53.3,77.4,16,6,16,37.5,1,6,16.7,3,4,75,3,8,11,2,5,1,5,4,18,40.6,45,22,37.5,37.5,84.3,-6.9,5,3,60,2,1,50,8,3,37.5,5,1,1,1,9,5,55.6,1,0,0,6,1,16.7,1,3,1,4
Derby Trailblazers,"C. Burr, C. Washington, J. Pathmarajah, S. Walker, R. Marsden",4,581,14,6,18,33.3,0,4,0,2,2,100,2,7,9,2,1,0,5,7,21,85.2,86.8,83.6,27.7,28.7,33.3,37.1,33.3,18.2,87.5,19.3,11.1,22.2,66.7,30,10,17,58.8,7,11,63.6,3,7,42.9,1,9,10,6,2,0,2,3,20,79.4,74.7,9.1,12.5,64.7,148.2,-81.6,6,4,66.7,8,2,25,4,0,0,2,1,1,1,3,2,66.7,3,1,33.3,11,7,63.6,2,0,0,0
Hemel Storm,"M. Sokoli, K. Walker, M. Norman, V. Eze, S. Newman",4,517,17,8,15,53.3,1,3,33.3,0,0,0,1,5,6,5,1,0,8,3,21,95,98,92,24.5,26.1,56.7,56.7,62.5,20,83.3,28.6,0,20,80.5,30,11,17,64.7,3,5,60,5,6,83.3,1,4,5,8,3,1,2,4,19,73.5,76.4,9.2,16.7,29.4,151.4,-70.9,11,7,63.6,1,0,0,3,1,33.3,4,2,0,1,10,8,80,2,0,0,5,3,60,1,0,0,1
Hemel Storm,"D. Nelson-Henry, V. Eze, D. Parkinson, B. Inger, S. Newman",3,565,22,8,16,50,4,10,40,2,3,66.7,1,8,9,6,2,0,6,6,21,87.1,91,83.2,26.4,28.9,62.5,63.5,75,16.7,80,20.5,18.8,62.5,102.7,18,6,16,37.5,1,9,11.1,5,10,50,2,5,7,3,5,0,2,2,19,40.6,44.1,8.9,20,56.2,91.9,10.8,5,4,80,1,0,0,10,4,40,3,2,1,0,4,3,75,3,2,66.7,9,1,11.1,1,1,0,0
Milton Keynes Breakers,"D. Jackson, J. Dietrich, X. Wilson, C. Tawiah, C. Thompson",1,623,20,9,16,56.2,2,5,40,0,0,0,0,3,3,5,3,0,6,4,21,75.4,81.4,69.4,29.5,34.6,62.5,62.5,55.6,0,75,22.2,0,31.2,94.7,23,9,14,64.3,2,7,28.6,3,4,75,1,5,6,8,4,0,4,1,18,71.4,73,20.2,25,50,127.7,-33,7,4,57.1,4,3,75,5,2,40,3,1,0,1,5,5,100,2,2,100,7,2,28.6,3,1,0,0
Newcastle Knights,"B. Dean, S. Trunley, J. Thames, S. Angus, M. Matthews",2,687,17,7,21,33.3,1,6,16.7,2,3,66.7,3,10,13,3,1,1,3,5,21,74.1,74.9,73.4,32.1,32.7,35.7,38.1,42.9,21.4,76.9,10.6,14.3,28.6,79.3,23,9,22,40.9,3,9,33.3,2,2,100,3,11,14,4,0,0,2,3,21,47.7,50.3,8,23.1,40.9,109.5,-30.2,10,4,40,5,2,40,6,1,16.7,0,3,2,0,10,5,50,3,1,33.3,9,3,33.3,2,0,0,0
Reading Rockets,"M. Bryant, C. Creek, E. Harrington, V. Olarerin, S. Chamberlain",3,592,25,8,17,47.1,3,9,33.3,6,6,100,2,5,7,6,4,1,5,2,21,82.7,88.1,77.4,27.2,31.0,55.9,63.6,75,28.6,62.5,16.3,35.3,52.9,115,17,7,17,41.2,2,9,22.2,1,2,50,3,5,8,5,2,0,5,5,19,47.1,47.5,21.9,37.5,52.9,89.1,25.9,7,5,71.4,1,0,0,9,3,33.3,1,1,0,2,7,5,71.4,1,0,0,9,2,22.2,2,3,0,0
Reading Rockets,"M. Bryant, Y. Salih, Z. Poorman, V. Olarerin, S. Chamberlain",4,784,27,11,24,45.8,5,12,41.7,0,0,0,4,8,12,7,3,1,2,4,21,68.9,64.7,73.1,37.1,32.8,56.2,56.2,63.6,30.8,80,6.1,0,50,127.8,27,11,23,47.8,3,12,25,2,2,100,2,9,11,4,2,0,3,2,23,54.3,56.5,11.2,20,52.2,113,14.8,7,4,57.1,5,2,40,12,5,41.7,1,1,0,0,10,7,70,1,1,100,12,3,25,2,1,1,0
Reading Rockets,"J. Waterhouse, C. Creek, J. Bouknight, Z. Poorman, V. Olarerin",2,660,29,11,26,42.3,2,9,22.2,5,8,62.5,11,6,17,5,3,0,4,5,21,78.5,78.6,78.3,30.5,30.6,46.2,49.1,45.5,78.6,75,10.4,30.8,34.6,134.1,25,10,20,50,4,12,33.3,1,1,100,2,3,5,6,1,3,4,6,21,60,61.2,16.4,25,60,116.1,18.1,15,9,60,2,0,0,9,2,22.2,3,1,0,0,5,5,100,3,1,33.3,12,4,33.3,0,3,0,1
Reading Rockets,"C. Creek, J. Bouknight, Y. Salih, Z. Poorman, V. Olarerin",6,770,17,6,17,35.3,2,8,25,3,4,75,3,3,6,5,1,3,7,3,21,71.3,68.1,74.4,35.2,32.2,41.2,45.3,83.3,27.3,37.5,22.8,23.5,47.1,77.8,26,11,21,52.4,3,5,60,1,2,50,5,8,13,7,2,1,8,8,23,59.5,59.4,26.8,62.5,23.8,108.9,-31.1,5,3,60,4,1,25,8,2,25,3,1,0,2,13,7,53.8,3,1,33.3,5,3,60,1,1,1,3
Bristol Flyers II,"Y. Hafid, J. Craggs, N. Ladjimi, T. Browne, E. Ekwegh",3,607,14,3,18,16.7,2,10,20,6,7,85.7,3,4,7,1,1,0,3,5,20,74.5,80,69.1,30.0,34.7,22.2,33.2,33.3,23.1,33.3,12,38.9,55.6,69.2,24,10,21,47.6,1,6,16.7,3,5,60,8,10,18,4,1,0,3,5,17,50,51.7,11.5,66.7,28.6,137.4,-68.2,4,1,25,4,0,0,10,2,20,1,0,0,1,12,6,50,3,3,100,6,1,16.7,2,1,1,0
Essex Rebels,"K. Martin, M. Brown, A. Idiata-Mendez, T. Child, T. Hudson",6,572,16,5,16,31.2,4,12,33.3,2,2,100,1,5,6,4,2,0,5,6,20,81.1,84.1,78.1,28.5,30.7,43.8,47.4,80,12.5,50,19.3,12.5,75,79.8,25,8,17,47.1,2,7,28.6,7,10,70,5,7,12,4,3,1,3,1,18,52.9,58.4,12.3,50,41.2,134.2,-54.4,2,0,0,2,1,50,12,4,33.3,1,3,0,1,9,6,66.7,1,0,0,7,2,28.6,0,2,0,1
Essex Rebels,"D. Johnson-Thompson, R. Udeh, A. Idiata-Mendez, T. Child, B. Winter",2,594,23,8,18,44.4,3,6,50,4,5,80,3,8,11,5,2,2,4,6,20,81.6,82.2,81,29.2,29.6,52.8,56.9,62.5,37.5,72.7,13.7,27.8,33.3,113,19,9,19,47.4,1,6,16.7,0,2,0,3,5,8,5,4,2,4,4,20,50,47.8,16.8,27.3,31.6,94.8,18.2,12,5,41.7,0,0,0,6,3,50,4,0,0,0,13,8,61.5,0,0,0,6,1,16.7,2,1,0,1
Hemel Storm,"D. Nelson-Henry, K. Walker, S. Lewis, V. Eze, S. Newman",2,523,21,10,16,62.5,1,2,50,0,2,0,1,7,8,6,2,0,5,4,20,89.3,92,86.5,26.1,27.7,65.6,62.2,60,14.3,87.5,17.9,12.5,12.5,104.8,24,8,16,50,3,6,50,5,6,83.3,1,6,7,3,1,0,2,1,18,59.4,64.4,9.7,12.5,37.5,127.3,-22.5,10,9,90,4,0,0,2,1,50,2,2,0,1,8,4,50,2,1,50,6,3,50,2,0,0,0
Hemel Storm,"D. Nelson-Henry, V. Eze, D. Parkinson, S. Newman, J. Burnell",3,572,20,7,17,41.2,3,6,50,3,5,60,3,6,9,6,1,3,5,4,20,87.4,85.4,89.4,28.1,26.8,50,52.1,85.7,27.3,54.5,16.6,29.4,35.3,98.3,31,11,23,47.8,4,5,80,5,5,100,5,8,13,8,3,2,2,5,21,56.5,61.5,7.4,45.5,21.7,145.5,-47.2,10,4,40,1,0,0,6,3,50,4,1,0,0,14,7,50,4,0,0,5,4,80,0,1,0,1
Newcastle Knights,"B. Dean, J. Thames, F. Cork, H. Abdul, M. Matthews",2,682,25,11,18,61.1,1,3,33.3,2,7,28.6,4,8,12,8,2,0,4,4,20,78,71.2,84.7,33.7,28.3,63.9,59.3,72.7,40,88.9,12.1,38.9,16.7,123.5,22,8,19,42.1,0,8,0,6,7,85.7,1,6,7,6,4,1,4,6,24,42.1,49.8,15.3,11.1,42.1,91.4,32.2,10,8,80,5,2,40,3,1,33.3,2,2,1,0,6,5,83.3,5,3,60,8,0,0,1,3,0,0
Nottingham Hoods,"A. Adedo, D. Nixon Ii, K. Bartholomew, T. Williams, S. Akano",1,682,24,9,14,64.3,3,7,42.9,3,7,42.9,1,4,5,7,3,0,5,3,20,69.2,71.2,67.2,33.7,35.7,75,70.3,77.8,12.5,44.4,17.2,50,50,118.6,29,11,20,55,5,11,45.5,2,2,100,5,7,12,9,3,1,4,4,19,67.5,69.4,16.1,55.6,55,152,-33.4,7,6,85.7,0,0,0,7,3,42.9,2,3,0,0,6,5,83.3,3,1,33.3,11,5,45.5,3,1,1,0
Worthing Thunder,"D. Evans, M. Bryan-Amaning, E. Maynard, J. Lashley, B. Adeluola",2,554,14,7,16,43.8,0,4,0,0,0,0,0,5,5,2,2,1,5,4,20,85,87.3,82.7,27.5,29.0,43.8,43.8,28.6,0,83.3,21.7,0,25,69.4,28,11,18,61.1,4,7,57.1,2,2,100,1,9,10,8,2,1,2,1,19,72.2,74.2,9.6,16.7,38.9,146.7,-77.3,8,5,62.5,4,2,50,4,0,0,0,3,0,1,11,7,63.6,0,0,0,7,4,57.1,2,0,0,0
Yorkshire Dragons,"R. Ani, D. Ulph, J. Mielke, A. Lycoudis, C. Johnson",3,697,18,7,21,33.3,1,10,10,3,3,100,6,9,15,3,2,1,5,2,20,74.3,70.5,78.1,34.1,30.7,35.7,40.3,42.9,54.5,75,16.5,14.3,47.6,87.9,18,7,18,38.9,1,7,14.3,3,6,50,3,5,8,3,3,0,6,11,22,41.7,43.6,22.5,25,38.9,79.3,8.6,4,4,100,7,2,28.6,10,1,10,4,1,0,0,8,5,62.5,3,1,33.3,7,1,14.3,1,2,0,2
Birmingham Rockets,"R. Blain, O. Jackman, L. Okosieme, L. Mcgregor, M. Gayle",4,724,20,8,17,47.1,1,6,16.7,3,6,50,4,6,10,6,2,2,5,2,19,69.1,65.7,72.4,36.5,33.1,50,50.9,75,44.4,60,16.3,35.3,35.3,100.9,28,10,22,45.5,5,13,38.5,3,4,75,4,5,9,7,3,1,3,5,21,56.8,58.9,11.2,40,59.1,128.1,-27.2,10,7,70,1,0,0,6,1,16.7,1,4,0,0,5,2,40,4,3,75,13,5,38.5,1,2,0,0
Birmingham Rockets,"O. Jackman, Z. Powell, E. Donaldson, L. Mcgregor, M. Gayle",6,535,16,6,17,35.3,2,4,50,2,4,50,2,3,5,4,3,0,4,6,19,89.1,89.4,88.9,26.8,27.0,41.2,42.6,66.7,22.2,50,14.9,23.5,23.5,80.3,20,7,17,41.2,1,7,14.3,5,6,83.3,3,7,10,3,1,1,4,6,19,44.1,50.9,16.9,50,41.2,100.9,-20.7,10,4,40,3,0,0,4,2,50,1,1,1,1,8,6,75,2,0,0,7,1,14.3,2,1,0,1
Bristol Flyers II,"Y. Hafid, R. Price, R. Eigbe, N. Ladjimi, E. Ekwegh",5,576,12,5,20,25,2,12,16.7,0,0,0,3,3,6,2,3,0,3,5,19,78.4,80,76.8,30.0,31.3,30,30,40,21.4,37.5,12,0,60,62.5,24,10,17,58.8,0,3,0,4,5,80,5,11,16,6,2,2,5,1,18,58.8,62.5,20.7,62.5,17.6,130.2,-67.7,3,1,33.3,5,2,40,12,2,16.7,0,3,0,0,9,7,77.8,5,3,60,3,0,0,2,1,0,2
Derby Trailblazers,"C. Burr, C. Washington, J. Pathmarajah, R. Marsden, R. May-Thompson",3,656,25,10,17,58.8,0,5,0,5,5,100,1,6,7,4,0,1,2,1,19,75.9,70.9,80.8,33.8,29.7,58.8,65.1,40,16.7,66.7,7.9,29.4,29.4,128.9,21,8,20,40,5,11,45.5,0,0,0,3,5,8,4,2,0,6,7,22,52.5,52.5,23.1,33.3,55,95.1,33.8,8,7,87.5,4,3,75,5,0,0,0,2,0,0,3,1,33.3,6,2,33.3,11,5,45.5,0,2,0,2
Derby Trailblazers,"C. Burr, C. Washington, R. Marsden, C. Brown, R. May-Thompson",4,601,17,7,19,36.8,3,6,50,0,0,0,1,6,7,6,1,1,2,10,19,79.1,76.7,81.6,31.3,29.4,44.7,44.7,85.7,9.1,75,7.4,0,31.6,88.5,25,7,16,43.8,3,9,33.3,8,12,66.7,2,10,12,5,1,2,2,1,20,53.1,58.7,8.6,25,56.2,122.4,-33.8,10,4,40,3,0,0,6,3,50,2,0,0,0,6,4,66.7,1,0,0,9,3,33.3,2,0,0,0
Essex Rebels,"M. Amako, K. Martin, M. Brown, T. Child, H. Gent",4,550,23,7,15,46.7,4,10,40,5,6,83.3,0,8,8,5,2,0,3,6,19,86.5,86.5,86.5,27.8,27.8,60,65.2,71.4,0,72.7,11.7,40,66.7,116.1,16,7,17,41.2,0,8,0,2,6,33.3,3,9,12,2,2,0,4,7,19,41.2,40.7,16.9,27.3,47.1,80.7,35.3,3,2,66.7,2,1,50,10,4,40,1,1,0,1,6,5,83.3,3,2,66.7,8,0,0,1,1,1,1
Essex Rebels,"D. Johnson-Thompson, R. Udeh, M. Brown, A. Idiata-Mendez, T. Child",3,649,23,9,23,39.1,4,10,40,1,2,50,5,7,12,7,2,1,1,4,19,68.8,70.6,67,34.0,35.8,47.8,48.2,77.8,38.5,77.8,3.1,8.7,43.5,120.5,19,7,17,41.2,4,6,66.7,1,2,50,2,8,10,3,1,1,3,3,18,52.9,53.1,14.4,22.2,35.3,104.8,15.7,10,4,40,3,1,33.3,10,4,40,0,1,0,0,10,3,30,1,0,0,6,4,66.7,1,1,1,1
Hemel Storm,"S. Lewis, M. Norman, V. Eze, D. Parkinson, B. Inger",3,605,12,5,15,33.3,2,7,28.6,0,0,0,1,5,6,3,1,0,6,0,19,86.5,76.2,96.9,31.5,24.8,40,40,60,12.5,50,25,0,46.7,62.5,34,15,26,57.7,3,9,33.3,1,1,100,5,7,12,5,5,0,4,3,24,63.5,64.3,13.1,50,34.6,139.2,-76.7,6,2,33.3,2,1,50,7,2,28.6,1,5,0,0,15,11,73.3,2,1,50,9,3,33.3,0,2,0,1
London Cavaliers,"J. Richards, M. Beasley, D. Braster, D. Ainembabazi, A. Roberts",5,578,12,5,12,41.7,0,5,0,2,2,100,1,5,6,2,1,0,8,5,19,87.6,79.2,96,30.3,25.0,41.7,46.6,40,14.3,71.4,35,16.7,41.7,62.9,28,10,20,50,2,8,25,6,7,85.7,2,6,8,5,5,0,3,3,23,55,60.7,11.5,28.6,40,121.1,-58.2,6,5,83.3,1,0,0,5,0,0,1,5,0,1,8,6,75,4,2,50,8,2,25,1,1,0,1
Milton Keynes Breakers,"D. Jackson, L. Gregory, M. New Jr., J. Spencer, B. Freckleton",3,589,21,9,17,52.9,3,7,42.9,0,0,0,2,9,11,8,1,0,5,6,19,84.3,78.2,90.3,30.7,26.6,61.8,61.8,88.9,28.6,90,16.7,0,41.2,109.4,23,8,18,44.4,3,10,30,4,7,57.1,1,5,6,4,4,0,3,0,22,52.8,54.6,12.5,10,55.6,103.8,5.6,10,6,60,0,0,0,7,3,42.9,2,3,1,0,7,4,57.1,1,1,100,10,3,30,0,2,0,1
Milton Keynes Breakers,"D. Jackson, M. New Jr., X. Wilson, J. Spencer, B. Freckleton",2,475,20,7,17,41.2,4,9,44.4,2,2,100,1,7,8,4,2,1,3,5,19,96.6,96.4,96.8,24.9,24.8,52.9,55.9,57.1,12.5,70,12.1,11.8,52.9,104.8,17,5,15,33.3,1,2,50,6,9,66.7,3,7,10,4,1,0,4,3,19,36.7,44.8,17.4,30,13.3,88.7,16.1,5,3,60,3,0,0,9,4,44.4,1,1,0,1,8,3,37.5,5,1,20,2,1,50,2,0,0,1
Milton Keynes Breakers,"B. Baker-Mccann, M. New Jr., J. Spencer, B. Freckleton, C. Thompson",4,580,28,11,22,50,5,11,45.5,1,1,100,2,4,6,6,3,0,0,5,19,85.3,81.2,89.5,29.6,26.8,61.4,62.4,54.5,20,80,0,4.5,50,142.7,23,7,12,58.3,3,5,60,6,8,75,1,8,9,6,0,1,8,5,21,70.8,74.1,34,20,41.7,106.4,36.3,10,6,60,1,0,0,11,5,45.5,0,0,0,0,4,4,100,3,0,0,5,3,60,0,6,0,2
Newcastle Knights,"B. Dean, J. Thames, H. Abdul, M. Jones, M. Matthews",2,490,31,8,12,66.7,2,3,66.7,13,15,86.7,1,8,9,2,2,0,3,4,19,103,96.9,109.1,24.8,22.0,75,83.3,25,33.3,72.7,12.7,125,25,156.8,16,6,18,33.3,2,12,16.7,2,5,40,3,2,5,3,2,0,6,11,22,38.9,39.6,22.9,27.3,66.7,71.8,84.9,6,4,66.7,3,2,66.7,3,2,66.7,0,3,0,0,4,4,100,2,0,0,12,2,16.7,1,1,0,2
Nottingham Hoods,"T. Bonsu, T. Williams, K. Bartholomew, E. Bailey, S. Akano",1,521,11,4,12,33.3,1,5,20,2,2,100,0,7,7,1,1,0,7,7,19,83.5,87.9,79.1,27.3,30.4,37.5,42.7,25,0,63.6,33.5,16.7,41.7,57.6,17,7,18,38.9,2,10,20,1,2,50,4,5,9,4,3,1,3,2,17,44.4,45,13.7,36.4,55.6,99,-41.4,5,3,60,2,0,0,5,1,20,3,1,0,2,6,4,66.7,2,1,50,10,2,20,1,0,0,1
Nottingham Hoods,"T. Williams, A. Adedo, B. Johnson, D. Nixon Ii, S. Akano",2,616,35,14,21,66.7,2,6,33.3,5,6,83.3,5,4,9,11,3,0,2,2,19,74.1,77.2,71.1,31.1,33.8,71.4,74,78.6,62.5,100,5.5,28.6,28.6,176.6,9,4,14,28.6,1,7,14.3,0,0,0,0,3,3,3,0,1,5,3,18,32.1,32.1,26.3,0,50,49.3,127.3,12,11,91.7,3,1,33.3,6,2,33.3,1,1,0,0,3,1,33.3,4,2,50,7,1,14.3,4,1,1,0
Nottingham Hoods,"A. Adedo, S. Jamison, K. Bartholomew, E. Bailey, C. Ross",1,466,20,8,15,53.3,4,8,50,0,0,0,1,6,7,6,3,0,6,7,19,89.5,98.9,80.1,24.3,30.0,66.7,66.7,75,25,85.7,22.2,0,53.3,104.2,10,3,10,30,0,4,0,4,5,80,1,3,4,2,0,2,5,1,15,30,41,29.1,14.3,40,64.3,39.9,5,3,60,2,1,50,8,4,50,2,1,0,1,4,2,50,2,1,50,4,0,0,4,1,0,0
Worthing Thunder,"J. Hopkins, J. Lashley, A. Scarborough, B. Adeluola, E. Dadds",2,532,23,9,13,69.2,3,5,60,2,2,100,1,8,9,6,0,1,7,2,19,82.7,86.1,79.3,27.9,30.2,80.8,82.9,66.7,25,61.5,26,15.4,38.5,120.5,22,9,21,42.9,2,7,28.6,2,3,66.7,5,3,8,7,3,0,1,0,17,47.6,49.3,4.3,38.5,33.3,125.1,-4.6,4,4,100,4,2,50,5,3,60,3,2,0,2,9,5,55.6,5,2,40,7,2,28.6,0,0,0,1
Yorkshire Dragons,"B. Tew, J. Whelan, J. Mielke, A. Lycoudis, C. Johnson",2,555,18,6,18,33.3,2,9,22.2,4,4,100,3,6,9,4,4,1,4,3,19,78.1,86.2,70.1,27.8,34.2,38.9,45.5,66.7,27.3,66.7,14.4,22.2,50,90.3,14,5,14,35.7,2,8,25,2,2,100,3,8,11,2,2,0,5,2,16,42.9,47,25.2,33.3,57.1,86.4,3.9,7,4,57.1,2,0,0,9,2,22.2,3,1,0,0,6,3,50,0,0,0,8,2,25,3,2,0,0
Birmingham Rockets,"O. Jackman, Z. Powell, E. Donaldson, L. Mcgregor, F. Mughaal",3,534,22,5,14,35.7,1,4,25,11,16,68.8,4,6,10,3,1,0,2,4,18,84.1,82.2,86.1,29.2,27.9,39.3,52.3,60,40,75,7.7,114.3,28.6,120.4,14,3,13,23.1,2,9,22.2,6,9,66.7,2,6,8,3,0,0,5,11,19,30.8,41.3,22.8,25,69.2,73.1,47.3,7,4,57.1,3,0,0,4,1,25,0,2,0,0,3,1,33.3,1,0,0,9,2,22.2,1,1,0,2
Bristol Hurricanes,"D. Forsyth, E. Dusha, D. Ubiaro, C. Samuels, V. Dilys",4,529,29,13,16,81.2,1,2,50,2,5,40,1,4,5,7,2,0,2,1,18,76.7,83.6,69.7,28.7,34.4,84.4,79.7,53.8,20,80,7.4,31.2,12.5,157.3,7,3,9,33.3,1,4,25,0,0,0,1,4,5,2,2,0,8,7,15,38.9,38.9,47.1,20,44.4,45.6,111.8,9,8,88.9,5,4,80,2,1,50,1,1,0,0,4,2,50,1,0,0,4,1,25,3,1,0,3
Derby Trailblazers,"C. Washington, J. Pathmarajah, S. Walker, R. Marsden, R. May-Thompson",2,684,16,7,20,35,1,4,25,1,2,50,6,4,10,5,1,1,4,6,18,76.7,63.6,89.7,37.7,26.7,37.5,38.3,71.4,42.9,80,13.4,10,20,88.3,33,12,19,63.2,4,7,57.1,5,6,83.3,1,8,9,7,4,0,6,4,25,73.7,76.2,21.7,20,36.8,129,-40.8,7,3,42.9,9,3,33.3,4,1,25,4,0,1,0,10,7,70,2,1,50,7,4,57.1,1,0,0,3
Hemel Storm,"D. Nelson-Henry, S. Lewis, V. Eze, B. Inger, S. Newman",3,431,15,4,12,33.3,0,6,0,7,8,87.5,1,6,7,5,4,0,5,3,18,101.1,104.3,97.9,23.0,24.5,33.3,48.3,125,12.5,85.7,19.6,66.7,50,80,16,7,14,50,0,3,0,2,3,66.7,1,7,8,3,4,0,4,5,17,50,52.2,20.7,14.3,21.4,91,-10.9,5,3,60,1,1,100,6,0,0,2,3,0,0,6,6,100,5,1,20,3,0,0,3,1,0,0
London Cavaliers,"J. Manning, J. Richards, M. Collins, M. Beasley, D. Braster",3,647,20,9,17,52.9,1,2,50,1,3,33.3,3,6,9,2,2,0,4,2,18,68,68.8,67.2,34.9,35.7,55.9,54.6,22.2,30,60,16.4,17.6,11.8,107.8,17,8,19,42.1,0,7,0,1,2,50,4,7,11,8,3,0,3,4,18,42.1,42.8,13.1,40,36.8,93.8,14,8,4,50,7,4,57.1,2,1,50,3,1,0,0,10,7,70,2,1,50,7,0,0,1,2,0,0
London Cavaliers,"J. Manning, J. Richards, M. Collins, D. Ainembabazi, A. Roberts",6,591,16,6,18,33.3,4,10,40,0,0,0,2,8,10,5,0,0,3,6,18,78.8,74.1,83.6,32.4,28.7,44.4,44.4,83.3,18.2,72.7,11.5,0,55.6,87.7,23,9,23,39.1,4,10,40,1,1,100,3,9,12,6,2,0,1,2,20,47.8,49.1,4.1,27.3,43.5,111.7,-24,6,2,33.3,2,0,0,10,4,40,1,2,0,0,7,4,57.1,6,1,16.7,10,4,40,0,0,0,1
London Cavaliers,"J. Manning, M. Collins, D. Delsol-Lowry, A. Roberts, A. Pyne",2,579,13,4,13,30.8,1,7,14.3,4,6,66.7,2,4,6,3,3,0,6,4,18,84.4,78.2,90.6,30.7,26.5,34.6,41.6,75,28.6,44.4,24.4,46.2,53.8,68.9,27,11,21,52.4,1,8,12.5,4,4,100,5,5,10,6,6,0,5,3,21,54.8,59.3,18,55.6,38.1,123.6,-54.6,6,3,50,0,0,0,7,1,14.3,5,1,2,0,12,10,83.3,1,0,0,8,1,12.5,1,3,0,1
London Cavaliers,"D. Delsol-Lowry, M. Collins, M. Beasley, D. Braster, A. Roberts",3,543,25,10,20,50,1,8,12.5,4,4,100,5,4,9,3,1,0,2,2,18,80.7,79.6,81.8,30.2,29.3,52.5,57.4,30,55.6,100,7.5,20,40,138.8,25,7,11,63.6,2,5,40,9,12,75,0,4,4,6,1,0,3,6,18,72.7,76.8,15.6,0,45.5,135.1,3.7,12,9,75,0,0,0,8,1,12.5,0,2,1,0,4,3,75,2,2,100,5,2,40,1,0,0,1
Loughborough Riders,"J. Campbell, M. Joiner, L. Ehiorobo, S. Wylie, C. Keys",1,548,21,8,19,42.1,4,10,40,1,2,50,2,7,9,8,0,0,1,2,18,83.3,79.4,87.3,30.2,27.5,52.6,52.8,100,18.2,87.5,3.5,10.5,52.6,115.9,19,7,16,43.8,3,9,33.3,2,4,50,1,9,10,4,1,0,4,5,19,53.1,53.5,18.4,12.5,56.2,95.3,20.5,6,3,50,3,1,33.3,10,4,40,1,0,0,0,6,4,66.7,1,0,0,9,3,33.3,0,1,0,2
Loughborough Riders,"J. Campbell, M. Joiner, J. Cook, C. Nyarko, J. Cook",1,457,16,5,12,41.7,3,7,42.9,3,3,100,1,9,10,3,2,0,7,4,18,87.6,97.4,77.8,24.6,30.8,54.2,60.1,60,14.3,90,30,25,58.3,86.3,8,3,14,21.4,1,7,14.3,1,1,100,1,6,7,1,3,0,2,2,14,25,27.7,12.2,10,50,54,32.3,4,2,50,1,0,0,7,3,42.9,0,3,0,2,7,2,28.6,0,0,0,7,1,14.3,2,0,0,0
Milton Keynes Breakers,"B. Baker-Mccann, J. Dietrich, L. Gregory, M. New Jr., J. Spencer",4,492,17,7,15,46.7,2,6,33.3,1,5,20,1,5,6,4,2,0,3,3,18,79.8,89.9,69.7,26.7,34.4,53.3,49.4,57.1,20,83.3,12.4,33.3,40,92.2,13,5,13,38.5,1,6,16.7,2,2,100,1,4,5,4,2,0,2,4,14,42.3,46.8,12.6,16.7,46.2,91,1.2,7,5,71.4,2,0,0,6,2,33.3,0,3,1,0,5,4,80,2,0,0,6,1,16.7,2,0,0,0
Reading Rockets,"M. Bryant, T. Nsangu, J. Bouknight, Y. Salih, Z. Poorman",5,575,23,8,19,42.1,2,6,33.3,5,7,71.4,5,4,9,3,2,1,2,7,18,82.2,76.5,88,31.4,27.3,47.4,52.1,37.5,41.7,50,7.4,36.8,31.6,125.6,18,4,17,23.5,2,9,22.2,8,9,88.9,4,7,11,2,2,3,5,4,21,29.4,42.9,19.3,50,52.9,85.4,40.2,12,5,41.7,1,1,100,6,2,33.3,2,0,0,0,8,2,25,0,0,0,9,2,22.2,3,2,0,0
Worthing Thunder,"D. Evans, M. Bryan-Amaning, J. Lashley, B. Adeluola, E. Dadds",2,532,15,6,17,35.3,0,5,0,3,4,75,3,7,10,1,2,0,3,3,18,83.4,81.2,85.6,29.5,28.0,35.3,40,16.7,27.3,70,13.2,23.5,29.4,83.3,20,7,15,46.7,5,6,83.3,1,4,25,3,8,11,6,2,1,6,5,18,63.3,59.7,26.4,30,40,105.4,-22.1,10,4,40,2,2,100,5,0,0,2,1,0,0,7,2,28.6,2,0,0,6,5,83.3,1,1,0,3
Birmingham Rockets,"R. Blain, O. Jackman, Z. Powell, L. Okosieme, M. Gayle",5,472,26,9,13,69.2,3,6,50,5,8,62.5,1,10,11,8,4,1,3,0,17,94,90.4,97.6,26.5,24.6,80.8,78.7,88.9,20,76.9,10.9,61.5,46.2,146.2,9,4,17,23.5,1,5,20,0,0,0,3,4,7,3,2,0,6,4,19,26.5,26.5,26.1,23.1,29.4,46.9,99.4,6,5,83.3,1,1,100,6,3,50,2,1,0,0,9,2,22.2,3,1,33.3,5,1,20,4,2,0,0
Bristol Flyers II,"R. Eigbe, N. Ladjimi, A. Bhebhe, W. Simba, T. Browne",3,419,15,6,15,40,3,8,37.5,0,1,0,1,5,6,4,1,0,4,5,17,99.5,101.4,97.7,23.7,24.6,50,48.6,66.7,12.5,62.5,17.1,6.7,53.3,84.7,18,7,15,46.7,0,2,0,4,4,100,3,7,10,5,1,0,4,2,17,46.7,53.7,19.3,37.5,13.3,105.6,-20.8,5,2,40,2,1,50,8,3,37.5,2,0,0,2,11,6,54.5,2,1,50,2,0,0,2,0,1,1
Derby Trailblazers,"C. Burr, J. Pathmarajah, R. Marsden, R. May-Thompson, M. Smith",1,562,16,7,15,46.7,1,4,25,1,2,50,0,5,5,4,0,2,2,1,17,73.1,73.3,72.8,32.7,33.0,50,50.4,57.1,0,71.4,9.1,13.3,26.7,93.2,15,6,15,40,1,7,14.3,2,4,50,2,7,9,2,1,0,3,2,17,43.3,44.7,15.2,28.6,46.7,88,5.2,6,4,66.7,5,2,40,4,1,25,1,1,0,0,4,2,50,4,3,75,7,1,14.3,1,2,0,0
London Cavaliers,"J. Manning, J. Richards, D. Braster, D. Ainembabazi, A. Roberts",5,572,18,7,15,46.7,2,3,66.7,2,3,66.7,2,9,11,4,1,1,4,4,17,70.7,73.8,67.5,32.5,35.6,53.3,55.1,57.1,28.6,69.2,16.4,20,20,102.3,13,4,17,23.5,1,6,16.7,4,4,100,4,5,9,3,3,2,2,3,16,26.5,34.6,9.6,30.8,35.3,80.8,21.5,5,2,40,7,3,42.9,3,2,66.7,0,4,0,0,7,2,28.6,4,1,25,6,1,16.7,0,2,0,0
London Cavaliers,"J. Manning, M. Collins, D. Braster, A. Roberts, A. Pyne",4,490,15,5,13,38.5,2,4,50,3,4,75,3,6,9,3,1,0,6,2,17,79.1,83.5,74.7,28.7,32.1,46.2,50.8,60,33.3,100,25.3,30.8,30.8,88,23,8,14,57.1,5,10,50,2,2,100,0,6,6,5,2,0,1,2,15,75,77.3,6.3,0,71.4,150.9,-62.9,7,3,42.9,2,0,0,4,2,50,2,1,0,2,4,3,75,0,0,0,10,5,50,1,0,0,0
London Cavaliers,"J. Manning, M. Beasley, D. Braster, A. Roberts, A. Pyne",3,518,17,6,14,42.9,2,6,33.3,3,3,100,1,5,6,6,2,0,4,4,17,80,81.5,78.5,29.5,30.6,50,55.5,100,14.3,55.6,15.8,21.4,42.9,96.7,22,7,16,43.8,4,8,50,4,6,66.7,4,6,10,5,3,1,3,3,16,56.2,59,13.9,44.4,50,129.9,-33.3,8,4,50,0,0,0,6,2,33.3,2,1,0,1,8,3,37.5,0,0,0,8,4,50,2,1,0,0
Loughborough Riders,"J. Campbell, J. Cook, J. Cook, S. Wylie, C. Keys",2,471,24,8,13,61.5,3,7,42.9,5,7,71.4,1,4,5,8,0,0,3,5,17,86.3,88.4,84.1,27.1,28.5,73.1,74.6,100,20,57.1,11.1,53.8,53.8,138.3,29,11,18,61.1,4,8,50,3,5,60,3,4,7,6,1,0,0,5,16,72.2,71.8,0,42.9,44.4,175.6,-37.4,6,5,83.3,0,0,0,7,3,42.9,0,1,0,1,8,6,75,2,1,50,8,4,50,0,0,0,0
Milton Keynes Breakers,"K. Williams, J. Dietrich, M. New Jr., J. Spencer, B. Freckleton",4,590,25,10,13,76.9,5,7,71.4,0,0,0,1,6,7,8,0,0,6,4,17,70.1,70.3,69.8,34.1,34.4,96.2,96.2,80,50,85.7,22.2,0,53.8,144.7,14,5,13,38.5,2,8,25,2,2,100,1,1,2,4,4,0,5,4,17,46.2,50.4,26.5,14.3,61.5,81.6,63.1,3,2,66.7,3,3,100,7,5,71.4,2,2,1,1,4,3,75,1,0,0,8,2,25,0,0,0,3
Milton Keynes Breakers,"D. Jackson, B. Baker-Mccann, L. Gregory, M. New Jr., J. Spencer",4,485,23,9,17,52.9,4,6,66.7,1,1,100,3,9,12,5,1,0,4,5,17,87,87.6,86.5,27.4,27.8,64.7,65.9,55.6,60,81.8,15.1,5.9,35.3,129.9,17,6,16,37.5,1,5,20,4,5,80,2,2,4,4,3,1,2,1,17,40.6,46.7,9.9,18.2,31.2,97.3,32.6,8,4,50,2,0,0,6,4,66.7,2,2,0,0,5,4,80,5,1,20,5,1,20,1,1,0,0
Milton Keynes Breakers,"D. Jackson, J. Dietrich, M. New Jr., J. Spencer, C. Thompson",2,472,11,3,11,27.3,1,7,14.3,4,4,100,0,7,7,1,0,0,5,8,17,84,86.7,81.2,27.7,29.5,31.8,43.1,33.3,0,70,26.7,36.4,63.6,64.5,22,7,17,41.2,3,5,60,5,6,83.3,3,7,10,6,1,0,0,2,15,50,56,0,30,29.4,137.7,-73.2,2,1,50,2,1,50,7,1,14.3,0,3,0,1,7,2,28.6,5,2,40,5,3,60,0,0,0,0
Milton Keynes Breakers,"D. Jackson, J. Dietrich, L. Gregory, J. Spencer, C. Thompson",1,592,24,8,12,66.7,3,7,42.9,5,8,62.5,1,8,9,8,4,1,4,2,17,73,72.1,73.9,33.3,32.5,79.2,77.3,100,20,80,14.5,66.7,58.3,135,14,6,17,35.3,2,8,25,0,0,0,2,4,6,3,1,0,4,6,18,41.2,41.2,19,20,47.1,76.8,58.2,5,5,100,0,0,0,7,3,42.9,1,1,1,1,5,2,40,3,1,33.3,8,2,25,1,3,0,0
Milton Keynes Breakers,"B. Baker-Mccann, L. Gregory, M. New Jr., J. Spencer, C. Thompson",2,583,23,7,19,36.8,4,10,40,5,8,62.5,7,9,16,2,0,0,3,4,17,78.5,73.2,83.8,32.8,28.6,47.4,51.1,28.6,50,90,10.9,42.1,52.6,129.4,15,5,16,31.2,1,9,11.1,4,5,80,1,7,8,3,2,1,4,7,20,34.4,41.2,18,10,56.2,73.7,55.7,7,3,42.9,2,0,0,10,4,40,1,1,0,1,4,3,75,3,1,33.3,9,1,11.1,0,0,0,2
Milton Keynes Breakers,"B. Baker-Mccann, L. Gregory, J. Spencer, B. Freckleton, C. Thompson",5,463,24,10,19,52.6,3,8,37.5,1,2,50,3,6,9,6,3,0,1,4,17,85.9,89,82.8,27.0,29.0,60.5,60.4,60,42.9,66.7,3.7,10.5,42.1,139.8,13,3,12,25,1,4,25,6,6,100,3,4,7,2,0,0,5,2,15,29.2,44.4,25.5,33.3,33.3,81.4,58.4,10,6,60,1,1,100,8,3,37.5,0,1,0,0,4,2,50,4,0,0,4,1,25,2,1,0,1
Newcastle Knights,"B. Dean, S. Trunley, J. Thames, F. Cork, M. Jones",2,535,14,5,16,31.2,0,2,0,4,4,100,4,3,7,3,1,0,4,2,17,72.4,76.5,68.4,31.4,35.1,31.2,39.4,60,40,50,16.2,25,12.5,82.1,17,7,13,53.8,2,7,28.6,1,2,50,3,6,9,4,1,1,5,6,15,61.5,61.2,26.5,50,53.8,111.5,-29.4,1,0,0,13,5,38.5,2,0,0,3,0,0,1,3,2,66.7,3,3,100,7,2,28.6,0,1,1,2
Newcastle Knights,"J. Soodeen, F. Cork, M. Hendry, R. Reed, M. Matthews",2,470,19,6,18,33.3,2,8,25,5,10,50,5,8,13,1,1,1,1,3,17,88.6,90.2,87.1,26.6,27.6,38.9,42.4,16.7,41.7,72.7,4.1,55.6,44.4,107.6,15,4,15,26.7,3,8,37.5,4,4,100,3,7,10,3,0,1,4,6,17,36.7,44.7,19.3,27.3,53.3,88,19.6,8,4,50,2,0,0,8,2,25,0,1,0,0,5,1,20,2,0,0,8,3,37.5,0,2,0,1
Nottingham Hoods,"T. Williams, T. Bonsu, D. Nixon Ii, E. Bailey, S. Akano",4,610,27,12,22,54.5,1,6,16.7,2,3,66.7,5,7,12,5,4,0,0,7,17,78,69.2,86.7,34.7,27.7,56.8,57.9,41.7,55.6,63.6,0,13.6,27.3,153.5,11,2,11,18.2,0,3,0,7,9,77.8,4,4,8,1,0,0,12,7,22,18.2,36.8,44.5,36.4,27.3,49.9,103.6,7,4,57.1,9,7,77.8,6,1,16.7,0,0,0,0,5,1,20,3,1,33.3,3,0,0,5,1,0,3
Reading Rockets,"T. Nsangu, J. Bouknight, Z. Poorman, V. Olarerin, S. Chamberlain",4,550,29,12,22,54.5,2,8,25,3,5,60,7,7,14,6,3,2,1,4,17,78.3,76.2,80.4,31.5,29.8,59.1,59.9,50,77.8,58.3,3.2,22.7,36.4,166,19,6,18,33.3,3,7,42.9,4,5,80,5,2,7,4,1,0,4,5,18,41.7,47,16.5,41.7,38.9,103.1,62.9,13,10,76.9,1,0,0,8,2,25,1,0,0,0,8,2,25,3,1,33.3,7,3,42.9,1,2,0,1
Worthing Thunder,"D. Evans, J. Hopkins, J. Lashley, B. Adeluola, E. Dadds",3,463,11,4,12,33.3,0,6,0,3,5,60,0,4,4,2,4,0,4,9,17,90.3,90.6,90,26.5,26.7,33.3,38.7,50,0,57.1,19.8,41.7,50,63,16,5,12,41.7,1,2,50,5,7,71.4,3,6,9,4,2,0,6,2,17,45.8,53.1,28.5,42.9,16.7,92.2,-29.2,3,2,66.7,3,2,66.7,6,0,0,3,0,0,1,8,4,50,2,0,0,2,1,50,2,4,0,0
Yorkshire Dragons,"R. Ani, B. Tew, J. Whelan, L. Rooney, C. Johnson",1,341,21,9,12,75,0,1,0,3,5,60,0,8,8,7,2,1,4,4,17,117.3,123,111.6,19.5,21.5,75,73.9,77.8,0,80,15.9,41.7,8.3,120.2,12,4,13,30.8,1,6,16.7,3,8,37.5,2,4,6,1,3,1,2,5,15,34.6,36.3,10.8,20,46.2,75.7,44.5,9,8,88.9,2,1,50,1,0,0,3,1,0,0,5,3,60,2,0,0,6,1,16.7,1,1,0,0
Yorkshire Dragons,"D. Ulph, J. Whelan, L. Rooney, J. Mielke, A. Lycoudis",3,408,15,6,13,46.2,0,3,0,3,4,75,2,3,5,2,3,0,5,5,17,95.2,100.3,90.1,23.9,26.6,46.2,50.8,33.3,25,75,23,30.8,23.1,88,23,6,9,66.7,3,4,75,8,9,88.9,1,6,7,4,3,1,4,2,15,83.3,88.7,23.6,25,44.4,150.1,-62.1,8,5,62.5,2,1,50,3,0,0,2,1,0,1,4,2,50,1,1,100,4,3,75,2,2,0,0
Bristol Hurricanes,"A. Pearce, E. Dusha, D. Ubiaro, C. Samuels, V. Dilys",3,535,14,5,16,31.2,1,7,14.3,3,4,75,2,2,4,2,2,0,1,4,16,69.8,72.2,67.4,33.3,35.6,34.4,39.4,40,16.7,40,4.8,25,43.8,87,25,9,14,64.3,1,4,25,6,6,100,3,10,13,10,0,0,2,3,15,67.9,75.1,10.7,60,28.6,166.5,-79.5,5,3,60,4,1,25,7,1,14.3,1,0,0,0,6,5,83.3,4,3,75,4,1,25,2,0,0,0
Derby Trailblazers,"C. Burr, C. Washington, E. Lawrence, J. Pathmarajah, R. Marsden",1,531,20,7,17,41.2,3,7,42.9,3,4,75,3,4,7,4,2,0,1,7,16,77.2,72.7,81.7,33.0,29.4,50,53.3,57.1,33.3,100,4.2,23.5,41.2,124.3,19,6,10,60,1,2,50,6,11,54.5,0,6,6,4,0,1,4,3,18,65,64,21.2,0,20,105.1,19.3,6,3,50,4,1,25,7,3,42.9,0,0,1,1,7,5,71.4,1,0,0,2,1,50,1,2,0,1
Derby Trailblazers,"C. Burr, C. Washington, J. Pathmarajah, S. Walker, M. Smith",4,426,21,9,14,64.3,2,4,50,1,1,100,1,10,11,7,1,1,4,3,16,88.6,94.3,82.9,25.4,29.0,71.4,72.7,77.8,20,90.9,15.7,7.1,28.6,125.4,12,5,14,35.7,2,9,22.2,0,3,0,1,4,5,3,3,0,1,3,14,42.9,39.2,6.1,9.1,64.3,81.6,43.8,8,5,62.5,2,2,100,4,2,50,2,1,0,1,4,2,50,1,1,100,9,2,22.2,0,1,0,0
Derby Trailblazers,"C. Burr, C. Washington, S. Walker, C. Brown, R. May-Thompson",3,548,23,10,19,52.6,3,3,100,0,0,0,6,6,12,8,2,0,4,3,16,67.3,71.5,63.1,33.6,38.1,60.5,60.5,80,75,66.7,12.9,0,15.8,140.9,12,5,14,35.7,2,6,33.3,0,0,0,3,2,5,3,2,2,4,2,14,42.9,42.9,22.2,33.3,42.9,83.3,57.6,11,6,54.5,5,1,20,3,3,100,1,1,0,1,5,2,40,3,1,33.3,6,2,33.3,1,3,0,0
Hemel Storm,"M. Sokoli, K. Walker, B. Inger, S. Newman, J. Burnell",7,436,16,7,16,43.8,2,5,40,0,0,0,1,3,4,5,4,0,2,7,16,85.1,89.8,80.3,26.7,29.9,50,50,71.4,16.7,37.5,8.7,0,31.2,98,17,5,13,38.5,2,5,40,5,5,100,5,5,10,3,0,1,5,2,14,46.2,55.9,24.8,62.5,38.5,116.5,-18.5,8,4,50,3,1,33.3,5,2,40,1,1,0,0,6,2,33.3,2,1,50,5,2,40,3,1,0,1
Hemel Storm,"D. Nelson-Henry, M. Norman, B. Inger, S. Newman, J. Rai",2,511,21,9,15,60,3,5,60,0,0,0,0,7,7,7,1,0,2,4,16,76.1,76.6,75.6,31.3,31.8,70,70,77.8,0,77.8,8.3,0,33.3,128.7,18,6,15,40,2,6,33.3,4,4,100,2,6,8,6,2,0,2,1,16,46.7,53.7,10.7,22.2,40,111.9,16.8,6,2,33.3,4,4,100,5,3,60,2,0,0,0,7,4,57.1,2,0,0,6,2,33.3,1,0,0,1
Loughborough Riders,"J. Campbell, J. Cook, J. Cook, D. Hadley, C. Keys",2,475,14,6,17,35.3,0,4,0,2,3,66.7,2,10,12,2,1,0,1,2,16,82.9,84,81.9,28.6,29.3,35.3,38.2,33.3,16.7,83.3,4.7,17.6,23.5,84.2,12,6,17,35.3,0,3,0,0,2,0,2,10,12,4,1,0,1,5,16,35.3,33.6,5.3,16.7,17.6,74.1,10.1,11,5,45.5,2,1,50,4,0,0,1,0,0,0,8,3,37.5,6,3,50,3,0,0,0,1,0,0
Milton Keynes Breakers,"D. Jackson, B. Baker-Mccann, M. New Jr., J. Spencer, C. Thompson",3,446,19,6,15,40,3,9,33.3,4,5,80,1,4,5,5,2,1,1,6,16,84.2,88.9,79.6,27.0,30.2,50,55.2,83.3,12.5,66.7,4.3,33.3,60,115.1,22,6,11,54.5,1,1,100,9,10,90,2,7,9,3,1,0,2,2,14,59.1,71.4,11.5,33.3,9.1,148.8,-33.7,6,3,50,0,0,0,9,3,33.3,0,1,0,0,8,5,62.5,1,0,0,1,1,100,2,0,0,0
Milton Keynes Breakers,"J. Dietrich, M. New Jr., X. Wilson, J. Spencer, B. Freckleton",5,453,35,12,18,66.7,7,8,87.5,4,4,100,4,8,12,9,2,1,1,2,16,87,85.2,88.7,28.2,27.1,86.1,88.6,75,66.7,80,3.4,22.2,44.4,217.5,8,3,16,18.8,1,10,10,1,1,100,2,2,4,1,1,0,3,4,16,21.9,24.3,15.4,20,62.5,47.8,169.7,8,5,62.5,2,0,0,8,7,87.5,1,0,0,0,3,2,66.7,3,0,0,10,1,10,1,2,0,0
Nottingham Hoods,"T. Bonsu, T. Williams, L. Maitland, D. Nixon Ii, E. Bailey",1,486,21,9,16,56.2,3,7,42.9,0,1,0,1,5,6,5,3,0,2,3,16,81.1,82.7,79.5,29.0,30.2,65.6,63.9,55.6,12.5,100,8.5,6.2,43.8,125.4,17,5,11,45.5,3,7,42.9,4,4,100,0,7,7,4,2,0,4,1,16,59.1,66.6,23.9,0,63.6,105.7,19.8,6,4,66.7,3,2,66.7,7,3,42.9,2,0,0,0,4,2,50,0,0,0,7,3,42.9,1,3,0,0
Nottingham Hoods,"T. Williams, B. Johnson, D. Nixon Ii, S. Akano, M. Savery-Richards",2,452,19,8,16,50,3,6,50,0,0,0,1,7,8,6,1,2,2,1,16,76.5,86.7,66.3,27.7,36.2,59.4,59.4,75,20,77.8,8.3,0,37.5,116.4,6,3,13,23.1,0,2,0,0,0,0,2,4,6,3,1,1,2,1,12,23.1,23.1,13.3,22.2,15.4,48.1,68.3,5,4,80,5,1,20,6,3,50,0,1,0,1,6,3,50,5,0,0,2,0,0,2,0,1,0
Nottingham Hoods,"A. Adedo, B. Johnson, L. Maitland, D. Nixon Ii, S. Akano",2,478,19,7,16,43.8,0,5,0,5,6,83.3,3,6,9,5,5,1,2,0,16,83.5,85,81.9,28.2,29.3,43.8,51,71.4,42.9,85.7,7.8,37.5,31.2,112.2,8,3,13,23.1,2,7,28.6,0,0,0,1,4,5,2,1,3,5,2,16,30.8,30.8,27.8,14.3,53.8,49,63.2,9,6,66.7,2,1,50,5,0,0,1,0,1,1,6,1,16.7,0,0,0,7,2,28.6,2,3,0,0
Nottingham Hoods,"A. Adedo, B. Johnson, D. Nixon Ii, E. Bailey, S. Akano",1,397,16,4,14,28.6,2,4,50,6,8,75,2,4,6,3,1,0,2,1,16,92.7,101.7,83.8,23.6,28.6,35.7,45.7,75,22.2,100,8.9,57.1,28.6,95.1,13,6,11,54.5,0,1,0,1,1,100,0,7,7,3,1,0,3,5,13,54.5,56.8,20.8,0,9.1,93.8,1.4,6,1,16.7,4,1,25,4,2,50,2,0,0,0,5,4,80,5,2,40,1,0,0,3,0,0,0
Reading Rockets,"T. Nsangu, J. Bouknight, Y. Salih, V. Olarerin, S. Chamberlain",4,461,28,11,15,73.3,5,6,83.3,1,1,100,3,6,9,3,0,0,5,4,16,83.8,87.2,80.4,27.5,29.9,90,90.7,27.3,75,75,21.3,6.7,40,167.2,17,7,15,46.7,0,4,0,3,7,42.9,2,1,3,4,4,0,0,2,15,46.7,47,0,25,26.7,110.1,57.1,6,4,66.7,3,2,66.7,6,5,83.3,3,2,0,0,9,7,77.8,2,0,0,4,0,0,0,0,0,0
Worthing Thunder,"D. Evans, J. Hopkins, J. Lashley, A. Scarborough, B. Adeluola",2,454,19,7,14,50,3,7,42.9,2,4,50,1,3,4,6,2,1,2,2,16,80.6,85.1,76.1,28.2,31.5,60.7,60.3,85.7,16.7,60,8.4,28.6,50,118.1,19,8,13,61.5,3,5,60,0,0,0,2,5,7,5,1,0,4,4,14,73.1,73.1,23.5,40,38.5,131.9,-13.9,4,3,75,3,1,33.3,7,3,42.9,1,1,0,0,6,5,83.3,2,0,0,5,3,60,1,1,1,1
Yorkshire Dragons,"R. Ani, D. Ulph, L. Rooney, J. Mielke, N. Lewis",1,542,18,6,10,60,5,8,62.5,1,2,50,0,6,6,5,0,0,6,3,16,70.3,71.8,68.9,33.4,34.9,85,82.7,83.3,0,66.7,27.4,20,80,111.1,21,7,17,41.2,2,8,25,5,5,100,3,3,6,5,3,0,0,4,15,47.1,54.7,0,33.3,47.1,135,-24,2,1,50,0,0,0,8,5,62.5,0,3,0,2,7,5,71.4,2,0,0,8,2,25,0,0,0,0
Yorkshire Dragons,"R. Ani, D. Ulph, J. Mielke, C. Johnson, N. Lewis",3,482,14,5,14,35.7,2,7,28.6,2,3,66.7,3,3,6,3,1,0,5,5,16,82.5,82.8,82.2,29.0,29.2,42.9,45.7,60,33.3,60,21.4,21.4,50,84.2,21,9,15,60,0,4,0,3,5,60,2,6,8,4,3,0,2,4,16,60,61,10.4,40,26.7,127.2,-43,5,3,60,2,0,0,7,2,28.6,2,1,0,1,9,7,77.8,2,2,100,4,0,0,2,0,1,0
Yorkshire Dragons,"R. Ani, L. Rooney, J. Mielke, A. Lycoudis, C. Johnson",1,445,13,4,15,26.7,0,9,0,5,5,100,3,4,7,0,4,1,3,2,16,87.6,89.1,86.2,27.0,27.9,26.7,37.8,0,37.5,40,14.9,33.3,60,78.7,19,6,16,37.5,4,10,40,3,6,50,6,5,11,5,3,1,4,5,15,50,51,17.7,60,62.5,118.9,-40.2,5,3,60,1,1,100,9,0,0,0,3,1,0,4,2,50,2,0,0,10,4,40,1,3,1,0
Birmingham Rockets,"R. Blain, O. Jackman, Z. Powell, L. Okosieme, F. Mughaal",4,539,15,5,14,35.7,1,4,25,4,6,66.7,4,7,11,4,3,1,4,5,15,74.7,71.1,78.3,33.7,30.6,39.3,45.1,80,50,87.5,16.2,42.9,28.6,93.9,15,6,14,42.9,1,6,16.7,2,3,66.7,1,4,5,2,4,1,4,4,17,46.4,49,20.7,12.5,42.9,85.3,8.6,8,3,37.5,2,1,50,4,1,25,1,3,0,0,7,5,71.4,1,0,0,6,1,16.7,1,2,0,1
Bristol Hurricanes,"D. Forsyth, E. Dusha, J. Dang-Akodo, D. Ubiaro, C. Samuels",3,418,15,5,13,38.5,3,6,50,2,2,100,2,4,6,4,3,1,4,0,15,85.1,87.5,82.7,27.4,29.0,50,54,80,28.6,44.4,18.3,15.4,46.2,98.4,16,6,16,37.5,4,5,80,0,0,0,5,5,10,4,3,0,4,1,14,50,50,20,55.6,31.2,111.1,-12.7,5,1,20,2,1,50,6,3,50,3,1,1,0,6,2,33.3,5,0,0,5,4,80,3,1,0,0
Derby Trailblazers,"J. Pathmarajah, S. Walker, C. Brown, G. Pastor, R. May-Thompson",1,553,20,9,14,64.3,1,4,25,1,1,100,2,5,7,7,2,0,4,2,15,69.4,68.5,70.3,35.0,34.1,67.9,69.3,77.8,50,55.6,15.7,7.1,28.6,126.7,18,7,18,38.9,3,8,37.5,1,2,50,4,2,6,4,0,0,2,1,16,47.2,47.7,9.6,44.4,44.4,111.1,15.6,9,7,77.8,1,1,100,4,1,25,2,0,1,1,4,2,50,6,2,33.3,8,3,37.5,0,2,0,0
Essex Rebels,"M. Wol-Cummings, M. Amako, K. Martin, A. Idiata-Mendez, H. Gent",2,343,13,6,19,31.6,1,5,20,0,0,0,5,5,10,1,3,1,2,0,15,115.3,107.5,123.1,22.3,19.5,34.2,34.2,16.7,41.7,100,9.1,0,26.3,84.6,15,6,11,54.5,2,4,50,1,3,33.3,0,7,7,4,0,2,6,2,17,63.6,60.9,32.8,0,36.4,85.3,-0.7,14,5,35.7,0,0,0,5,1,20,0,0,0,2,7,4,57.1,0,0,0,4,2,50,1,3,0,1
Essex Rebels,"M. Wol-Cummings, K. Martin, D. Johnson-Thompson, M. Brown, T. Child",2,391,17,5,16,31.2,2,6,33.3,5,6,83.3,4,9,13,3,2,0,2,1,15,100.4,98.1,102.8,24.5,23.4,37.5,45.6,60,36.4,90,8.5,37.5,37.5,106.4,3,1,12,8.3,1,8,12.5,0,1,0,1,7,8,1,1,1,6,7,16,12.5,12.1,32.5,10,66.7,17.9,88.5,9,3,33.3,1,0,0,6,2,33.3,1,0,0,1,3,0,0,1,0,0,8,1,12.5,2,0,1,2
Essex Rebels,"M. Amako, M. Brown, A. Idiata-Mendez, T. Child, T. Hudson",4,448,20,8,13,61.5,2,3,66.7,2,4,50,3,2,5,5,1,1,4,5,15,77.9,81.1,74.7,29.6,32.1,69.2,67.8,62.5,42.9,50,16.8,30.8,23.1,132.2,21,6,10,60,2,2,100,7,8,87.5,2,4,6,7,2,1,3,4,13,70,77.7,18.2,50,20,150.7,-18.5,6,4,66.7,4,2,50,3,2,66.7,2,2,0,0,6,3,50,2,1,50,2,2,100,1,2,1,0
Essex Rebels,"K. Martin, D. Johnson-Thompson, M. Brown, T. Child, B. Winter",3,438,24,9,18,50,4,7,57.1,2,2,100,5,4,9,5,0,1,2,0,15,76,83.5,68.4,28.7,35.1,61.1,63.6,55.6,62.5,50,7.7,11.1,38.9,157.4,15,7,15,46.7,1,3,33.3,0,0,0,4,3,7,2,2,1,2,4,12,50,50,11.8,50,20,120.2,37.2,10,4,40,1,1,100,7,4,57.1,2,0,0,0,8,4,50,4,2,50,3,1,33.3,0,2,0,0
Hemel Storm,"D. Nelson-Henry, M. Norman, V. Eze, B. Inger, S. Newman",4,523,18,8,14,57.1,1,5,20,1,1,100,2,3,5,6,1,2,4,4,15,70.9,72.4,69.4,33.1,34.6,60.7,62.3,75,33.3,50,16.4,7.1,35.7,114.1,18,8,14,57.1,1,4,25,1,4,25,3,4,7,3,1,1,3,2,15,60.7,57.1,16,50,28.6,119,-4.9,6,4,66.7,3,3,100,5,1,20,0,2,0,1,7,5,71.4,3,2,66.7,4,1,25,1,1,0,1
Hemel Storm,"S. Lewis, V. Eze, D. Parkinson, B. Inger, S. Newman",2,413,17,6,14,42.9,3,10,30,2,4,50,3,4,7,5,0,1,3,2,15,86.7,87.9,85.5,27.3,28.1,53.6,53.9,83.3,50,80,12.6,28.6,71.4,112.4,12,4,11,36.4,1,3,33.3,3,3,100,1,3,4,3,2,0,4,2,14,40.9,48.7,24.5,20,27.3,81.6,30.8,2,2,100,2,1,50,10,3,30,3,0,1,0,7,3,42.9,1,0,0,3,1,33.3,2,2,0,0
London Cavaliers,"J. Manning, J. Richards, M. Collins, A. Roberts, A. Pyne",4,518,18,6,12,50,1,5,20,5,6,83.3,2,4,6,1,2,1,4,6,15,76.5,74,79,32.4,30.4,54.2,61.5,16.7,33.3,57.1,20.4,50,41.7,112.7,10,4,11,36.4,0,3,0,2,4,50,3,4,7,2,2,0,8,6,17,36.4,39.2,38.5,42.9,27.3,58.7,54,6,4,66.7,1,1,100,5,1,20,1,1,0,1,6,4,66.7,2,0,0,3,0,0,1,1,0,3
London Cavaliers,"J. Manning, M. Collins, M. Beasley, D. Braster, D. Ainembabazi",3,613,19,6,14,42.9,1,7,14.3,6,7,85.7,4,5,9,1,1,3,3,2,15,59,60.4,57.6,39.7,41.7,46.4,55.6,16.7,57.1,62.5,14.2,50,50,123.1,20,7,15,46.7,4,5,80,2,3,66.7,3,3,6,2,2,1,2,4,14,60,61.3,10.9,37.5,33.3,136,-12.9,4,3,75,3,2,66.7,7,1,14.3,1,2,0,0,8,3,37.5,2,0,0,5,4,80,1,1,0,0
Loughborough Riders,"J. Campbell, J. Cook, J. Cook, L. Campbell, C. Keys",2,508,23,7,14,50,4,10,40,5,6,83.3,3,6,9,5,1,1,2,5,15,70.5,70.9,70,33.8,34.3,64.3,69.1,71.4,42.9,75,8.5,42.9,71.4,153.2,17,7,15,46.7,3,7,42.9,0,1,0,2,4,6,4,0,0,2,3,14,56.7,55.1,11.5,25,46.7,114.7,38.5,4,3,75,0,0,0,10,4,40,2,0,0,0,6,3,50,2,1,50,7,3,42.9,1,1,0,0
Loughborough Riders,"J. Campbell, T. Akinsuku, J. Cook, C. Keys, M. Joiner",1,471,16,7,13,53.8,1,4,25,1,2,50,1,6,7,6,0,0,3,4,15,73.9,77.7,70,30.9,34.3,57.7,57.6,85.7,14.3,75,13.1,15.4,30.8,105,15,7,14,50,0,3,0,1,3,33.3,2,6,8,4,1,0,1,2,13,50,49,6.1,25,21.4,109.1,-4.2,3,3,100,6,3,50,4,1,25,1,0,0,1,9,6,66.7,2,1,50,3,0,0,1,0,0,0
Newcastle Knights,"B. Dean, S. Trunley, J. Thames, F. Cork, M. Hendry",1,471,21,9,19,47.4,3,6,50,0,1,0,3,5,8,7,3,0,0,2,15,81.2,80.4,82,29.8,29.3,55.3,54,77.8,30,100,0,5.3,31.6,133.1,17,6,12,50,2,5,40,3,4,75,0,7,7,5,0,0,3,1,16,58.3,61.8,17.9,0,41.7,105.7,27.4,5,3,60,8,3,37.5,6,3,50,0,0,0,0,3,2,66.7,4,2,50,5,2,40,3,0,0,0
Newcastle Knights,"B. Dean, S. Trunley, J. Thames, F. Cork, T. Riley",3,419,14,3,9,33.3,1,1,100,7,10,70,1,1,2,2,2,0,4,3,15,84.5,90.2,78.7,26.6,30.5,38.9,52.2,66.7,12.5,33.3,20.6,111.1,11.1,88.9,23,9,13,69.2,2,5,40,3,3,100,2,7,9,6,2,0,2,3,13,76.9,80.3,12.3,66.7,38.5,167.3,-78.4,2,2,100,6,0,0,1,1,100,2,0,0,1,5,4,80,3,3,100,5,2,40,2,0,0,0
Newcastle Knights,"S. Trunley, J. Thames, M. Hendry, H. Abdul, S. Angus",1,368,13,4,10,40,2,6,33.3,3,4,75,1,3,4,2,2,0,5,3,15,83.8,98.7,68.9,24.3,34.8,50,55.3,50,16.7,50,26.7,40,60,85.9,14,6,12,50,2,5,40,0,0,0,3,5,8,5,1,0,2,4,10,58.3,58.3,14.3,50,41.7,132.6,-46.7,3,2,66.7,1,0,0,6,2,33.3,1,0,0,2,2,1,50,5,3,60,5,2,40,2,0,0,0
Nottingham Hoods,"T. Williams, T. Bonsu, B. Johnson, K. Bartholomew, S. Akano",4,434,7,1,11,9.1,1,7,14.3,4,6,66.7,2,2,4,1,1,0,4,6,15,76.2,83,69.4,28.9,34.6,13.6,25.7,100,20,40,21.5,54.5,63.6,46.6,11,3,10,30,0,4,0,5,7,71.4,3,8,11,3,2,1,3,2,12,30,42,18.7,60,40,87.6,-41,2,0,0,2,0,0,7,1,14.3,2,0,0,1,2,1,50,4,2,50,4,0,0,1,2,0,0
Nottingham Hoods,"T. Williams, B. Johnson, L. Maitland, E. Bailey, S. Akano",6,431,15,5,12,41.7,2,6,33.3,3,3,100,1,3,4,4,1,0,4,8,15,82.8,87.2,78.3,27.5,30.7,50,56.3,80,25,50,18.8,25,50,95.7,22,8,14,57.1,1,3,33.3,5,6,83.3,3,3,6,4,3,0,1,4,14,60.7,66.1,5.7,50,21.4,156.5,-60.8,5,3,60,1,0,0,6,2,33.3,2,1,0,1,7,4,57.1,4,3,75,3,1,33.3,1,0,0,0
Nottingham Hoods,"B. Johnson, L. Maitland, D. Nixon Ii, E. Bailey, S. Akano",1,445,29,11,17,64.7,6,10,60,1,2,50,2,7,9,7,2,0,0,1,15,85.9,82.2,89.7,29.2,26.8,82.4,81.1,63.6,28.6,100,0,11.8,58.8,190.2,9,3,12,25,0,4,0,3,3,100,0,5,5,4,0,0,4,1,16,25,33.8,23.1,0,33.3,54.1,136.1,7,5,71.4,0,0,0,10,6,60,0,0,0,0,7,3,42.9,1,0,0,4,0,0,3,1,0,0
Reading Rockets,"M. Bryant, C. Creek, J. Bouknight, Z. Poorman, E. Harrington",2,418,21,8,13,61.5,3,5,60,2,4,50,1,6,7,8,2,0,2,1,15,83.2,86.9,79.6,27.6,30.2,73.1,71.1,100,33.3,66.7,8.1,30.8,38.5,138.8,5,2,12,16.7,1,3,33.3,0,1,0,3,2,5,2,0,0,5,3,13,20.8,20.1,28.7,33.3,25,36.1,102.7,7,5,71.4,1,0,0,5,3,60,2,0,1,0,7,1,14.3,2,0,0,3,1,33.3,2,1,0,1
Reading Rockets,"T. Nsangu, C. Creek, Z. Poorman, E. Harrington, V. Olarerin",4,443,23,9,15,60,2,5,40,3,3,100,3,5,8,7,3,1,3,1,15,84,84.9,83.2,28.3,28.8,66.7,70.5,77.8,60,62.5,11.4,20,33.3,146.8,16,6,14,42.9,4,11,36.4,0,0,0,3,2,5,5,2,0,5,4,15,57.1,57.1,26.3,37.5,78.6,104.2,42.6,6,5,83.3,4,2,50,5,2,40,1,2,0,0,3,2,66.7,0,0,0,11,4,36.4,2,2,0,1
Worthing Thunder,"D. Evans, J. Hopkins, A. Scarborough, B. Adeluola, B. Lomeka",1,482,32,12,14,85.7,4,5,80,4,6,66.7,2,5,7,9,0,1,1,2,15,80.1,74.8,85.5,32.1,28.1,100,96.2,75,100,100,3.8,42.9,35.7,213.1,20,7,13,53.8,4,7,57.1,2,2,100,0,0,0,6,1,0,4,4,17,69.2,72,22.4,0,53.8,116.5,96.6,7,7,100,2,1,50,5,4,80,0,1,0,0,5,2,40,1,1,100,7,4,57.1,0,1,0,2
Yorkshire Dragons,"R. Ani, J. Whelan, J. Mielke, C. Johnson, N. Lewis",2,448,11,1,8,12.5,0,2,0,9,11,81.8,1,5,6,1,1,0,4,2,15,79.3,81.5,77.1,29.5,31.1,12.5,42.8,100,14.3,71.4,22.4,137.5,25,72.3,18,8,16,50,2,7,28.6,0,0,0,2,6,8,8,4,2,1,3,14,56.2,56.2,5.9,28.6,43.8,125,-52.7,3,0,0,3,1,33.3,2,0,0,2,2,0,0,5,4,80,4,2,50,7,2,28.6,0,1,0,0
Yorkshire Dragons,"D. Ulph, J. Whelan, J. Mielke, A. Lycoudis, N. Lewis",2,449,12,5,13,38.5,1,4,25,1,2,50,2,5,7,3,2,0,4,5,15,81.2,81.5,80.9,29.5,29.7,42.3,43.2,60,40,83.3,19.2,15.4,30.8,78.7,10,3,11,27.3,1,6,16.7,3,4,75,1,3,4,3,2,0,4,2,15,31.8,39.2,23.9,16.7,54.5,66.1,12.6,7,4,57.1,2,0,0,4,1,25,2,0,0,1,4,2,50,1,0,0,6,1,16.7,1,1,1,1
Bristol Flyers II,"Y. Hafid, L. Ayinla, N. Sagkovits, N. Ladjimi, W. Simba",2,398,11,5,13,38.5,0,2,0,1,2,50,3,4,7,2,0,0,4,3,14,80,86.1,73.9,27.9,32.5,38.5,39.6,40,37.5,100,20.1,15.4,15.4,77,18,7,10,70,2,4,50,2,4,50,0,5,5,4,4,1,1,1,12,80,76.5,7.8,0,40,146.9,-69.9,8,5,62.5,3,0,0,2,0,0,1,3,1,0,6,5,83.3,0,0,0,4,2,50,1,0,0,0
Bristol Hurricanes,"D. Edozie, D. Forsyth, J. Dang-Akodo, D. Ubiaro, C. Samuels",3,430,18,6,11,54.5,0,5,0,6,7,85.7,0,4,4,7,2,0,1,0,14,82.6,80.8,84.4,29.7,28.4,54.5,63.9,116.7,0,66.7,4.5,63.6,45.5,124.3,16,5,11,45.5,2,5,40,4,4,100,2,6,8,4,1,0,5,4,15,54.5,62.7,28.2,33.3,45.5,105.8,18.6,5,5,100,1,1,100,5,0,0,0,1,0,0,3,3,100,3,0,0,5,2,40,2,1,0,1
Bristol Hurricanes,"D. Edozie, E. Dusha, J. Claar, H. Bligen, C. Samuels",1,356,11,5,13,38.5,1,2,50,0,0,0,1,7,8,3,0,0,3,5,14,94.5,97.1,91.9,24.7,26.1,42.3,42.3,60,12.5,87.5,15.8,0,15.4,76.4,18,6,12,50,3,5,60,3,5,60,1,7,8,2,1,0,1,0,13,62.5,63.4,6.6,12.5,41.7,132,-55.7,5,4,80,6,0,0,2,1,50,1,0,0,1,5,2,40,2,1,50,5,3,60,1,0,0,0
Derby Trailblazers,"C. Burr, E. Norman, J. Pathmarajah, R. Marsden, M. Smith",1,390,21,6,10,60,1,4,25,8,10,80,2,5,7,4,1,0,3,0,14,86.8,91,82.7,26.4,29.0,65,72.9,66.7,50,62.5,14,100,40,142,13,6,15,40,1,5,20,0,0,0,3,2,5,4,1,0,2,6,13,43.3,43.3,11.8,37.5,33.3,96.7,45.3,3,3,100,3,2,66.7,4,1,25,2,1,0,0,6,3,50,4,2,50,5,1,20,2,0,0,0
Essex Rebels,"M. Amako, D. Johnson-Thompson, M. Brown, A. Idiata-Mendez, T. Child",2,458,19,6,13,46.2,5,9,55.6,2,4,50,3,2,5,5,2,1,3,5,14,79,74.3,83.7,32.3,28.7,65.4,64.4,83.3,37.5,66.7,13.2,30.8,69.2,134.1,19,6,13,46.2,3,4,75,4,6,66.7,1,5,6,4,3,1,2,3,15,57.7,60.7,11.3,33.3,30.8,118.9,15.1,3,1,33.3,1,0,0,9,5,55.6,1,2,0,0,7,2,28.6,2,1,50,4,3,75,1,1,0,0
Essex Rebels,"K. Martin, R. Udeh, M. Brown, A. Idiata-Mendez, H. Gent",3,399,11,4,11,36.4,3,8,37.5,0,0,0,1,4,5,3,0,3,5,5,14,80.5,86.6,74.4,27.7,32.3,50,50,75,33.3,66.7,26.3,0,72.7,76.4,20,8,14,57.1,2,3,66.7,2,2,100,2,2,4,3,2,2,0,1,12,64.3,67.2,0,33.3,21.4,161.7,-85.4,2,1,50,1,0,0,8,3,37.5,3,0,1,1,11,6,54.5,0,0,0,3,2,66.7,0,0,0,0
Essex Rebels,"K. Martin, M. Brown, T. Child, H. Gent, B. Winter",3,479,26,8,10,80,3,4,75,7,12,58.3,1,3,4,6,2,2,1,3,14,70.4,73.5,67.3,32.7,35.6,95,85.1,75,20,50,4.5,120,40,177.2,12,5,13,38.5,2,7,28.6,0,0,0,3,4,7,4,1,1,4,6,13,46.2,46.2,23.5,50,53.8,89.3,88,5,4,80,1,1,100,4,3,75,1,0,0,0,5,3,60,1,0,0,7,2,28.6,2,2,1,0
Loughborough Riders,"J. Campbell, J. Campbell, M. Joiner, D. Hadley, D. Hadley",3,377,12,5,8,62.5,0,3,0,2,5,40,0,7,7,1,2,0,5,2,14,99.7,92.9,106.6,25.8,22.5,62.5,58.8,20,0,77.8,30.9,62.5,37.5,82.2,17,7,17,41.2,2,6,33.3,1,1,100,2,4,6,2,3,0,2,3,16,47.1,48.7,10.3,22.2,35.3,101.5,-19.3,4,4,100,1,1,100,3,0,0,2,3,0,0,7,3,42.9,4,2,50,6,2,33.3,2,0,0,0
Loughborough Riders,"J. Campbell, M. Joiner, L. Ehiorobo, M. Joiner, C. Keys",1,418,23,10,22,45.5,1,7,14.3,2,2,100,8,5,13,4,4,0,0,1,14,78,82,74.1,29.3,32.4,47.7,50.3,40,66.7,71.4,0,9.1,31.8,161,8,4,10,40,0,3,0,0,1,0,2,4,6,1,0,0,5,0,12,40,38.3,32.4,28.6,30,62,99,12,8,66.7,3,1,33.3,7,1,14.3,0,0,0,0,5,3,60,2,1,50,3,0,0,4,1,1,0
Loughborough Riders,"J. Campbell, M. Joiner, S. Wylie, J. Cook, T. Akinsuku",1,379,18,8,15,53.3,1,3,33.3,1,2,50,2,7,9,2,1,2,1,1,14,87.4,90.5,84.4,26.5,28.4,56.7,56.7,25,33.3,100,5.3,13.3,20,126,9,4,11,36.4,0,4,0,1,2,50,0,4,4,3,1,0,2,2,13,36.4,37.9,14.4,0,36.4,67.5,58.5,8,4,50,4,3,75,3,1,33.3,1,0,0,0,5,4,80,2,0,0,4,0,0,1,0,0,1
Loughborough Riders,"J. Campbell, M. Joiner, J. Cook, L. Campbell, C. Keys",1,502,10,3,11,27.3,2,7,28.6,2,2,100,2,8,10,0,0,0,5,4,14,68.6,68.3,68.8,35.1,34.9,36.4,42.1,0,33.3,88.9,29.6,18.2,63.6,70,9,4,14,28.6,1,6,16.7,0,0,0,1,4,5,1,0,0,2,2,14,32.1,32.1,12.5,11.1,42.9,62.5,7.5,1,0,0,3,1,33.3,7,2,28.6,1,2,0,1,6,3,50,2,0,0,6,1,16.7,2,0,0,0
Milton Keynes Breakers,"K. Williams, B. Baker-Mccann, M. New Jr., J. Spencer, B. Freckleton",5,398,18,5,12,41.7,2,6,33.3,6,10,60,4,10,14,2,1,0,3,4,14,96,89.1,102.8,26.9,23.3,50,54.9,40,57.1,90.9,14,83.3,50,121.8,12,5,16,31.2,0,3,0,2,4,50,1,3,4,4,1,1,1,6,17,31.2,33.8,5.3,9.1,18.8,70.4,51.4,5,3,60,1,0,0,6,2,33.3,1,0,0,1,9,5,55.6,4,0,0,3,0,0,0,1,0,0
Milton Keynes Breakers,"D. Jackson, J. Dietrich, L. Gregory, X. Wilson, J. Spencer",2,350,14,5,11,45.5,1,3,33.3,3,3,100,1,9,10,3,0,1,4,4,14,93.2,100.8,85.6,23.8,28.0,50,56.8,60,16.7,90,20.7,27.3,27.3,95.2,3,1,11,9.1,1,6,16.7,0,0,0,1,5,6,1,2,0,3,1,12,13.6,13.6,21.4,10,54.5,24,71.2,6,3,50,2,1,50,3,1,33.3,1,1,0,1,5,0,0,0,0,0,6,1,16.7,1,0,0,1
Milton Keynes Breakers,"D. Jackson, L. Gregory, J. Spencer, B. Freckleton, C. Thompson",4,348,17,8,16,50,1,3,33.3,0,0,0,5,4,9,4,3,0,4,1,14,96,99.3,92.7,24.2,25.9,53.1,53.1,50,71.4,80,16.7,0,18.8,118.1,9,4,9,44.4,1,3,33.3,0,0,0,1,2,3,2,2,0,6,2,13,50,50,40,20,33.3,67,51.1,8,6,75,4,0,0,3,1,33.3,3,0,0,1,4,3,75,2,0,0,3,1,33.3,2,2,0,1
Milton Keynes Breakers,"D. Jackson, M. New Jr., J. Spencer, B. Freckleton, C. Thompson",3,468,18,6,14,42.9,2,6,33.3,4,4,100,2,6,8,6,2,1,1,5,14,74.8,72.7,77,33.0,31.2,50,57.1,100,28.6,75,4.4,28.6,42.9,127,14,4,12,33.3,3,7,42.9,3,6,50,2,5,7,3,0,1,3,3,15,45.8,47.8,17,25,58.3,93.2,33.8,4,2,50,4,2,50,6,2,33.3,0,0,0,2,4,1,25,1,0,0,7,3,42.9,0,3,0,0
Newcastle Knights,"B. Dean, S. Trunley, J. Thames, W. Neighbour, H. Abdul",1,381,24,11,15,73.3,1,4,25,1,1,100,2,2,4,4,0,2,2,1,14,83,93.4,72.6,25.7,33.1,76.7,77.7,36.4,50,50,9.3,6.7,26.7,161.9,26,9,13,69.2,8,10,80,0,0,0,2,2,4,7,1,0,1,3,11,100,100,7.1,50,76.9,225.7,-63.8,8,7,87.5,3,3,100,4,1,25,2,0,0,0,2,0,0,1,1,100,10,8,80,1,0,0,0
Nottingham Hoods,"A. Adedo, D. Nixon Ii, E. Bailey, S. Akano, M. Savery-Richards",1,437,23,8,13,61.5,2,4,50,5,5,100,1,6,7,6,0,0,1,4,14,73.7,80.1,67.3,29.9,35.7,69.2,75.7,75,25,66.7,4.5,38.5,30.8,157.6,10,4,13,30.8,0,2,0,2,4,50,3,3,6,3,0,0,1,4,12,30.8,33.9,6.3,33.3,15.4,81.6,76,6,4,66.7,3,2,66.7,4,2,50,0,1,0,0,8,2,25,3,2,66.7,2,0,0,0,1,1,0
Reading Rockets,"M. Bryant, T. Nsangu, Y. Salih, V. Olarerin, S. Chamberlain",3,446,20,9,16,56.2,0,1,0,2,4,50,4,3,7,1,2,0,1,3,14,75.4,76.2,74.6,31.5,32.2,56.2,56.3,11.1,50,60,5.1,25,6.2,141.1,16,6,12,50,3,7,42.9,1,1,100,2,4,6,4,1,0,4,4,13,62.5,64.3,24.3,40,58.3,115.4,25.7,10,7,70,5,2,40,1,0,0,0,1,0,0,3,2,66.7,2,1,50,7,3,42.9,3,1,0,0
Worthing Thunder,"D. Evans, M. Bryan-Amaning, J. Hopkins, B. Adeluola, E. Dadds",5,475,22,7,11,63.6,3,5,60,5,6,83.3,1,3,4,6,3,1,2,3,14,76.4,71,81.9,33.8,29.3,77.3,80.6,85.7,25,50,9.2,54.5,45.5,156.5,17,6,13,46.2,3,8,37.5,2,2,100,3,3,6,3,1,0,6,5,16,57.7,61.2,30.2,50,61.5,104.9,51.6,5,3,60,1,1,100,5,3,60,0,2,0,0,5,3,60,0,0,0,8,3,37.5,0,4,0,1
Yorkshire Dragons,"R. Ani, D. Ulph, L. Rooney, J. Mielke, C. Johnson",2,396,26,10,14,71.4,4,7,57.1,2,2,100,2,6,8,7,1,0,2,2,14,84.9,86.6,83.3,27.7,28.8,85.7,87.4,70,66.7,100,8.4,14.3,50,182,9,3,10,30,1,3,33.3,2,3,66.7,0,1,1,1,2,0,3,2,13,35,39.8,20.9,0,30,65.5,116.5,7,6,85.7,0,0,0,7,4,57.1,0,2,0,0,6,2,33.3,1,0,0,3,1,33.3,3,0,0,0
Yorkshire Dragons,"R. Ani, J. Whelan, L. Rooney, J. Mielke, C. Johnson",2,369,8,3,14,21.4,0,3,0,2,2,100,5,6,11,2,0,2,5,3,14,92.5,92.9,92.2,25.8,26.0,21.4,26.9,66.7,50,75,22.9,14.3,21.4,56,15,5,15,33.3,2,8,25,3,4,75,2,5,7,2,4,1,0,2,14,40,44.7,0,25,53.3,105.9,-49.9,9,3,33.3,2,0,0,3,0,0,4,1,0,0,4,2,50,3,1,33.3,8,2,25,0,0,1,0
Yorkshire Dragons,"B. Tew, L. Rooney, J. Mielke, A. Lycoudis, C. Johnson",1,484,21,8,18,44.4,4,9,44.4,1,3,33.3,5,7,12,5,1,0,1,4,14,71.3,72.9,69.7,32.9,34.4,55.6,54.3,62.5,45.5,63.6,3.9,16.7,50,142.8,14,4,15,26.7,1,7,14.3,5,6,83.3,4,6,10,3,0,1,1,4,14,30,39.7,5.4,36.4,46.7,99.6,43.2,6,3,50,3,1,33.3,9,4,44.4,0,0,0,1,5,2,40,3,1,33.3,7,1,14.3,1,0,0,0
Bristol Flyers II,"Y. Hafid, J. Craggs, N. Sagkovits, N. Ladjimi, W. Simba",1,423,12,5,13,38.5,2,7,28.6,0,0,0,2,1,3,3,1,0,3,5,13,69,76.3,61.7,31.5,38.9,46.2,46.2,60,28.6,100,15.8,0,53.8,89.3,18,7,8,87.5,2,3,66.7,2,3,66.7,0,5,5,7,3,1,2,1,10,100,96.6,17.7,0,37.5,165.6,-76.4,4,2,50,2,1,50,7,2,28.6,0,3,0,0,5,5,100,0,0,0,3,2,66.7,1,1,1,0
Bristol Flyers II,"Y. Hafid, N. Sagkovits, N. Ladjimi, W. Simba, E. Ekwegh",2,419,11,5,13,38.5,1,5,20,0,0,0,4,4,8,3,0,1,5,3,13,81.5,77,86,31.2,27.9,42.3,42.3,60,50,40,23.8,0,38.5,81.8,17,6,14,42.9,1,3,33.3,4,6,66.7,6,4,10,1,3,2,5,2,15,46.4,51.1,23.1,60,21.4,113.2,-31.4,6,2,33.3,2,2,100,5,1,20,2,2,0,1,11,5,45.5,0,0,0,3,1,33.3,1,0,0,2
Bristol Hurricanes,"A. Pearce, D. Edozie, D. Ubiaro, C. Samuels, V. Dilys",1,557,16,7,17,41.2,1,3,33.3,1,3,33.3,5,7,12,1,4,1,1,3,13,67.5,59.2,75.8,40.5,31.7,44.1,43.7,14.3,45.5,53.8,4.9,17.6,17.6,116.4,13,5,18,27.8,1,8,12.5,2,3,66.7,6,6,12,1,1,0,5,4,17,30.6,33.6,20.6,46.2,44.4,73.9,42.5,12,5,41.7,2,1,50,3,1,33.3,0,1,1,0,5,3,60,5,1,20,8,1,12.5,2,2,0,1
Bristol Hurricanes,"D. Edozie, E. Dusha, J. Dang-Akodo, C. Samuels, C. Taylor",2,463,15,6,15,40,3,6,50,0,0,0,2,2,4,4,1,0,1,4,13,69.9,69.7,70.1,34.4,34.3,50,50,66.7,25,50,5,0,40,111.6,20,5,11,45.5,3,8,37.5,7,7,100,2,6,8,4,1,0,2,0,13,59.1,71,12.4,50,72.7,148,-36.4,7,3,42.9,2,0,0,6,3,50,1,0,0,0,2,2,100,1,0,0,8,3,37.5,2,0,0,0
Bristol Hurricanes,"D. Forsyth, E. Dusha, K. Hill, J. Dang-Akodo, D. Ubiaro",2,421,17,7,12,58.3,3,5,60,0,1,0,1,5,6,4,1,1,3,4,13,80.8,79,82.5,30.4,29.1,70.8,68.3,57.1,16.7,71.4,15.4,8.3,41.7,122.6,21,6,13,46.2,3,8,37.5,6,7,85.7,2,5,7,4,1,0,1,2,14,57.7,65.3,5.9,28.6,61.5,145.1,-22.4,6,3,50,1,1,100,5,3,60,1,2,1,0,5,3,60,0,0,0,8,3,37.5,1,0,0,0
Derby Trailblazers,"J. Pathmarajah, R. Marsden, C. Brown, J. Lemon, R. May-Thompson",1,427,19,6,8,75,2,3,66.7,5,6,83.3,0,3,3,3,0,1,3,0,13,79.6,73.6,85.7,32.6,28.0,87.5,89.3,50,0,42.9,18,75,37.5,145.1,13,5,12,41.7,2,4,50,1,2,50,4,2,6,1,1,0,7,8,15,50,50.5,35.2,57.1,33.3,85.3,59.8,4,4,100,1,0,0,3,2,66.7,1,2,0,0,8,3,37.5,0,0,0,4,2,50,1,1,0,2
Essex Rebels,"M. Wol-Cummings, D. Johnson-Thompson, I. Temilola, T. Child, B. Winter",1,412,10,4,10,40,1,3,33.3,1,2,50,1,4,5,3,2,1,4,0,13,69.6,77.6,61.5,30.9,39.0,45,46,75,16.7,100,22.4,20,30,75,6,3,8,37.5,0,2,0,0,0,0,0,5,5,1,2,1,3,2,10,37.5,37.5,27.3,0,25,56.8,18.2,4,2,50,3,1,33.3,3,1,33.3,3,0,0,1,3,2,66.7,3,1,33.3,2,0,0,2,1,0,0
Essex Rebels,"M. Wol-Cummings, M. Brown, A. Idiata-Mendez, T. Child, T. Hudson",2,349,17,6,14,42.9,2,4,50,3,3,100,1,3,4,5,0,0,0,2,13,94.9,94.5,95.3,25.4,25.2,50,55.5,83.3,16.7,75,0,21.4,28.6,123.7,14,6,10,60,1,4,25,1,1,100,1,5,6,4,0,5,5,4,13,65,67,32.4,25,40,101,22.7,10,4,40,0,0,0,4,2,50,0,0,0,0,6,5,83.3,0,0,0,4,1,25,1,0,0,2
Essex Rebels,"K. Martin, R. Udeh, T. Child, H. Gent, B. Winter",3,373,9,4,12,33.3,1,4,25,0,0,0,3,2,5,2,1,1,5,6,13,89.8,86.5,93.1,27.8,25.8,37.5,37.5,50,42.9,50,26.3,0,33.3,67,17,7,10,70,0,2,0,3,7,42.9,2,4,6,4,2,1,4,5,14,70,65,23.4,50,20,117.4,-50.5,8,3,37.5,0,0,0,4,1,25,1,1,0,3,8,7,87.5,0,0,0,2,0,0,1,1,0,1
Hemel Storm,"M. Sokoli, K. Walker, V. Eze, D. Parkinson, J. Burnell",2,359,17,7,15,46.7,1,3,33.3,2,3,66.7,4,5,9,2,1,0,2,1,13,87.7,91.9,83.4,26.1,28.8,50,52.1,28.6,44.4,83.3,9.8,20,20,123.7,8,4,12,33.3,0,3,0,0,0,0,1,5,6,2,1,0,2,2,12,33.3,33.3,14.3,16.7,25,64.1,59.6,8,6,75,4,0,0,3,1,33.3,2,0,0,0,3,2,66.7,6,2,33.3,3,0,0,1,1,0,0
Hemel Storm,"M. Sokoli, M. Norman, V. Eze, B. Inger, S. Newman",4,316,7,3,6,50,0,3,0,1,2,50,0,3,3,1,0,1,7,3,13,102.4,101.2,103.5,23.7,23.2,50,50.9,33.3,0,60,47,33.3,50,52.5,20,7,12,58.3,2,4,50,4,5,80,2,3,5,4,1,0,2,1,13,66.7,70.4,12.3,40,33.3,146.7,-94.2,2,2,100,1,1,100,3,0,0,3,1,0,2,7,5,71.4,1,0,0,4,2,50,0,1,0,1
Hemel Storm,"M. Sokoli, V. Eze, B. Inger, S. Newman, J. Burnell",4,383,18,8,11,72.7,2,5,40,0,0,0,1,2,3,4,2,1,4,2,13,83.9,84.2,83.5,28.5,28.7,81.8,81.8,50,33.3,50,21.1,0,45.5,133.9,16,6,11,54.5,2,3,66.7,2,2,100,2,2,4,0,3,0,4,1,13,63.6,67.3,25.2,50,27.3,120.1,13.9,6,6,100,0,0,0,5,2,40,2,1,0,1,5,3,60,3,1,33.3,3,2,66.7,1,1,0,2
Hemel Storm,"D. Nelson-Henry, K. Walker, B. Inger, S. Newman, J. Burnell",2,357,15,7,10,70,1,2,50,0,0,0,1,9,10,4,0,0,5,4,13,94.6,90.4,98.9,26.6,24.3,75,75,57.1,33.3,64.3,26.3,0,20,111.6,13,5,19,26.3,1,8,12.5,2,3,66.7,5,2,7,2,2,0,0,1,14,28.9,32,0,35.7,42.1,88.4,23.2,8,6,75,0,0,0,2,1,50,2,1,0,1,5,2,40,6,2,33.3,8,1,12.5,0,0,0,0
Hemel Storm,"K. Walker, M. Norman, B. Inger, S. Newman, J. Rai",4,403,13,6,10,60,1,2,50,0,0,0,0,5,5,2,2,0,4,6,13,81.3,80,82.6,30.0,29.1,65,65,33.3,0,83.3,25,0,20,96.7,3,1,10,10,0,3,0,1,1,100,1,4,5,0,2,0,5,1,13,10,14.4,32.4,16.7,30,21.6,75.1,6,3,50,2,2,100,2,1,50,3,1,0,0,6,1,16.7,1,0,0,3,0,0,3,0,1,1
Hemel Storm,"S. Lewis, V. Eze, D. Parkinson, B. Inger, J. Burnell",2,300,17,6,9,66.7,1,4,25,4,4,100,1,2,3,1,3,0,4,2,13,106.6,105.7,107.5,22.7,22.3,72.2,79,16.7,50,100,25.4,44.4,44.4,128.7,15,7,11,63.6,1,4,25,0,0,0,0,1,1,3,4,0,3,2,13,68.2,68.2,21.4,0,36.4,111.6,17.1,5,5,100,0,0,0,4,1,25,1,3,0,0,7,6,85.7,0,0,0,4,1,25,1,2,0,0
Hemel Storm,"M. Norman, V. Eze, B. Inger, S. Newman, J. Burnell",4,447,9,4,11,36.4,0,3,0,1,1,100,0,4,4,4,3,0,3,4,13,72.7,74.4,70.9,32.2,33.8,36.4,39.3,100,0,50,16.3,9.1,27.3,64.9,12,4,13,30.8,2,8,25,2,4,50,4,5,9,3,2,2,3,0,13,38.5,40.7,16.9,50,61.5,90.8,-25.9,7,3,42.9,1,1,100,3,0,0,2,0,1,1,3,2,66.7,2,0,0,8,2,25,1,2,0,0
London Cavaliers,"J. Manning, M. Collins, D. Braster, A. Roberts, O. Pond-Mckenzie",1,435,23,9,13,69.2,4,5,80,1,2,50,2,6,8,4,1,0,2,2,13,68.2,73.5,62.9,32.6,38.1,84.6,82.9,44.4,66.7,66.7,10.1,15.4,38.5,172.6,10,3,13,23.1,2,7,28.6,2,2,100,3,1,4,2,0,0,1,5,11,30.8,36,6.7,33.3,53.8,87.7,84.9,8,5,62.5,0,0,0,5,4,80,0,0,0,1,2,1,50,4,0,0,7,2,28.6,0,1,0,0
Milton Keynes Breakers,"K. Williams, D. Jackson, J. Dietrich, M. New Jr., J. Spencer",3,430,9,3,12,25,1,6,16.7,2,2,100,1,5,6,4,0,0,2,0,13,76.7,74.4,79.1,32.3,30.3,29.2,34.9,133.3,14.3,71.4,10.6,16.7,50,67.5,14,5,14,35.7,0,6,0,4,4,100,2,6,8,4,1,0,1,3,14,35.7,44.4,6,28.6,42.9,98.8,-31.3,4,2,50,2,0,0,6,1,16.7,1,1,0,0,3,2,66.7,5,3,60,6,0,0,0,0,0,1
Milton Keynes Breakers,"K. Williams, B. Baker-Mccann, L. Gregory, J. Spencer, B. Freckleton",1,421,15,6,12,50,3,5,60,0,0,0,1,3,4,3,1,0,3,5,13,80.6,76.6,84.5,31.3,28.4,62.5,62.5,50,20,100,16.7,0,41.7,111.6,22,10,13,76.9,1,1,100,1,1,100,0,4,4,7,2,1,2,0,14,80.8,81.8,13,0,7.7,148.4,-36.8,5,3,60,2,0,0,5,3,60,2,0,0,1,5,5,100,7,4,57.1,1,1,100,1,0,0,1
Milton Keynes Breakers,"D. Jackson, J. Dietrich, L. Gregory, J. Spencer, C. Thompson",5,375,8,3,9,33.3,1,4,25,1,1,100,0,9,9,2,1,0,5,4,13,91.1,88.7,93.4,27.1,25.7,38.9,42.4,66.7,0,90,30.4,11.1,44.4,57.7,13,5,13,38.5,1,3,33.3,2,5,40,1,6,7,3,3,0,1,1,14,42.3,42.8,6.2,10,23.1,89.1,-31.4,4,1,25,1,1,100,4,1,25,3,0,0,1,6,4,66.7,4,0,0,3,1,33.3,0,1,0,0
Milton Keynes Breakers,"D. Jackson, M. New Jr., X. Wilson, J. Spencer, B. Freckleton",3,420,21,9,12,75,3,4,75,0,0,0,2,6,8,5,1,0,4,4,13,71,76.8,65.2,31.2,36.8,87.5,87.5,55.6,66.7,85.7,19,0,33.3,156.2,11,4,11,36.4,2,8,25,1,2,50,1,1,2,3,2,1,1,3,11,45.5,46.3,7.8,14.3,72.7,96.5,59.8,6,4,66.7,2,2,100,4,3,75,2,2,0,0,1,0,0,2,2,100,8,2,25,1,0,0,1
Milton Keynes Breakers,"D. Jackson, B. Baker-Mccann, L. Gregory, M. New Jr., B. Freckleton",2,556,21,8,16,50,1,5,20,4,7,57.1,5,7,12,4,2,0,0,6,13,63.7,58.3,69,41.1,34.8,53.1,55,50,55.6,63.6,0,43.8,31.2,155.4,14,4,15,26.7,2,6,33.3,4,6,66.7,4,4,8,3,0,0,3,5,15,33.3,39.7,14.5,36.4,40,87.6,67.7,8,7,87.5,3,0,0,5,1,20,0,0,0,0,8,2,25,1,0,0,6,2,33.3,2,1,0,0
Milton Keynes Breakers,"D. Jackson, B. Baker-Mccann, M. New Jr., X. Wilson, J. Spencer",2,343,8,3,10,30,0,4,0,2,4,50,1,4,5,2,3,0,3,1,13,83.2,92.4,73.9,26.0,32.5,30,34,66.7,14.3,80,17.9,40,40,60.6,8,3,8,37.5,2,3,66.7,0,0,0,1,6,7,3,1,0,4,1,10,50,50,33.3,20,37.5,75.8,-15.2,3,2,66.7,3,1,33.3,4,0,0,1,0,0,1,4,1,25,1,0,0,3,2,66.7,1,3,0,0
Newcastle Knights,"B. Dean, S. Trunley, J. Thames, H. Abdul, S. Angus",1,374,12,6,11,54.5,0,3,0,0,0,0,0,4,4,5,1,0,3,1,13,76.6,86.2,67,27.8,35.8,54.5,54.5,83.3,0,80,15.8,0,27.3,89.3,13,5,10,50,1,3,33.3,2,2,100,1,3,4,4,2,0,1,1,10,55,59.7,8.4,20,30,124.5,-35.2,5,5,100,3,1,33.3,3,0,0,1,2,0,0,4,3,75,3,1,33.3,3,1,33.3,1,0,0,0
Newcastle Knights,"S. Trunley, J. Thames, R. Graham-Bell, H. Abdul, M. Jones",3,409,14,6,13,46.2,1,7,14.3,1,2,50,2,0,2,1,3,1,2,4,13,75,78.2,71.9,30.7,33.4,50,50.4,16.7,28.6,0,11.8,15.4,53.8,105.1,16,6,7,85.7,0,0,0,4,4,100,0,5,5,4,2,0,4,6,12,85.7,91.3,31.3,0,0,130.6,-25.5,5,4,80,1,1,100,7,1,14.3,1,1,0,0,5,4,80,2,2,100,0,0,0,2,2,0,0
Newcastle Knights,"S. Trunley, R. Graham-Bell, M. Hendry, H. Abdul, M. Jones",1,383,10,3,14,21.4,2,9,22.2,2,3,66.7,2,6,8,3,1,0,1,1,13,82.2,86.1,78.2,27.9,30.7,28.6,32.6,100,22.2,100,5.2,21.4,64.3,72.7,13,6,12,50,1,3,33.3,0,0,0,0,7,7,4,1,0,1,3,12,54.2,54.2,7.7,0,25,104.2,-31.4,1,0,0,4,1,25,9,2,22.2,1,0,0,0,6,4,66.7,3,1,33.3,3,1,33.3,0,1,0,0
Nottingham Hoods,"T. Bonsu, T. Williams, B. Johnson, D. Nixon Ii, K. Bartholomew",1,405,12,5,14,35.7,2,8,25,0,0,0,2,4,6,3,1,1,2,2,13,86.6,79.6,93.5,30.1,25.7,42.9,42.9,60,22.2,80,10.5,0,57.1,89.3,17,8,12,66.7,1,3,33.3,0,1,0,1,7,8,6,1,0,5,4,15,70.8,68.3,28.7,20,25,107.7,-18.4,4,2,50,2,1,50,8,2,25,0,2,0,0,5,4,80,4,3,75,3,1,33.3,0,1,0,2
Nottingham Hoods,"T. Williams, T. Bonsu, B. Johnson, L. Maitland, S. Akano",3,475,16,6,11,54.5,1,6,16.7,3,3,100,2,3,5,4,2,1,4,3,13,74.8,69.5,80.1,34.6,30.0,59.1,64.9,66.7,50,60,19.7,27.3,54.5,116.4,13,4,10,40,0,2,0,5,8,62.5,2,2,4,3,3,0,5,3,15,40,48.1,27,40,20,82,34.4,5,5,100,0,0,0,6,1,16.7,4,0,0,0,7,4,57.1,1,0,0,2,0,0,3,0,0,1
Yorkshire Dragons,"R. Ani, D. Ulph, J. Mielke, A. Lycoudis, N. Lewis",2,419,20,8,13,61.5,3,5,60,1,2,50,3,4,7,4,0,0,3,4,13,75.1,76.3,73.9,31.4,32.5,73.1,72,50,60,100,14.4,15.4,38.5,150.1,14,6,12,50,1,4,25,1,1,100,0,2,2,3,1,1,1,3,12,54.2,56.3,7.4,0,33.3,108.5,41.6,4,3,75,4,2,50,5,3,60,0,1,0,1,3,3,100,5,2,40,4,1,25,0,0,1,1
Yorkshire Dragons,"R. Ani, J. Whelan, L. Rooney, J. Mielke, A. Lycoudis",3,383,14,5,10,50,1,3,33.3,3,4,75,2,4,6,3,2,0,4,3,13,83.5,82.8,84.2,29.0,28.5,55,59.5,60,50,66.7,21.3,40,30,106,7,3,11,27.3,1,4,25,0,0,0,2,2,4,1,4,0,5,3,13,31.8,31.8,31.2,33.3,36.4,52.1,53.9,6,4,66.7,1,0,0,3,1,33.3,1,3,0,0,4,1,25,3,1,33.3,4,1,25,1,1,0,2
Yorkshire Dragons,"D. Ulph, B. Tew, J. Mielke, S. Mamuini, N. Lewis",1,420,26,9,13,69.2,8,11,72.7,0,0,0,1,3,4,4,2,0,2,2,13,81.6,76.8,86.5,31.2,27.8,100,100,44.4,25,75,10.5,0,84.6,193.5,19,7,12,58.3,2,6,33.3,3,4,75,1,3,4,4,2,0,3,2,15,66.7,69,17.9,25,50,125.6,67.9,2,1,50,0,0,0,11,8,72.7,0,2,0,0,5,4,80,1,1,100,6,2,33.3,2,1,0,0
Yorkshire Dragons,"D. Ulph, J. Whelan, L. Rooney, J. Mielke, C. Johnson",4,383,11,5,14,35.7,1,7,14.3,0,0,0,2,5,7,3,0,1,2,2,13,79.2,84.2,74.1,28.5,32.4,39.3,39.3,60,33.3,83.3,10.5,0,50,81.8,13,6,11,54.5,0,4,0,1,3,33.3,1,4,5,3,1,0,1,2,11,54.5,52.8,7.5,16.7,36.4,109.9,-28.1,5,3,60,2,1,50,7,1,14.3,1,1,0,0,3,3,100,4,3,75,4,0,0,0,0,0,1
Yorkshire Dragons,"B. Tew, J. Whelan, L. Rooney, J. Mielke, N. Lewis",2,417,11,4,13,30.8,1,6,16.7,2,2,100,3,7,10,2,1,0,3,1,13,71.5,76.7,66.3,31.3,36.2,34.6,39.6,50,37.5,77.8,15.9,15.4,46.2,82.6,8,3,12,25,2,4,50,0,0,0,2,5,7,1,3,0,2,3,11,33.3,33.3,14.3,22.2,33.3,69.4,13.1,3,2,66.7,4,1,25,6,1,16.7,2,1,0,0,5,1,20,3,0,0,4,2,50,0,1,1,1
Birmingham Rockets,"R. Blain, O. Jackman, L. Okosieme, E. Donaldson, L. Mcgregor",5,465,15,5,12,41.7,1,4,25,4,7,57.1,4,5,9,3,0,1,2,2,12,71.4,64.8,78.1,37.0,30.7,45.8,49.7,60,57.1,83.3,10,58.3,33.3,119.5,13,4,12,33.3,2,6,33.3,3,4,75,1,3,4,3,1,0,3,7,15,41.7,47.2,17.9,16.7,50,85.9,33.5,4,4,100,4,0,0,4,1,25,2,0,0,0,5,2,40,1,0,0,6,2,33.3,0,0,0,2
Birmingham Rockets,"R. Blain, O. Jackman, L. Okosieme, L. Mcgregor, F. Mughaal",3,304,7,2,6,33.3,1,3,33.3,2,4,50,0,3,3,2,1,2,5,2,12,90,96.7,83.4,24.8,28.8,41.7,45.1,100,0,60,33.9,66.7,50,57.1,7,3,9,33.3,1,5,20,0,0,0,2,4,6,2,0,1,4,2,10,38.9,38.9,30.8,40,55.6,66.3,-9.1,3,1,33.3,0,0,0,3,1,33.3,1,0,0,2,3,1,33.3,1,1,100,5,1,20,1,0,0,2
Birmingham Rockets,"O. Jackman, Z. Powell, L. Mcgregor, F. Mughaal, M. Gayle",2,424,11,3,8,37.5,2,4,50,3,4,75,2,6,8,2,1,0,5,1,12,72.7,69.3,76.1,34.6,31.5,50,56.4,66.7,40,75,29.8,50,50,89.8,12,5,14,35.7,2,6,33.3,0,0,0,2,3,5,4,1,0,2,3,13,42.9,42.9,12.5,25,42.9,89.3,0.5,1,0,0,3,1,33.3,4,2,50,2,1,0,1,6,3,50,2,0,0,6,2,33.3,0,2,0,0
Bristol Flyers II,"Y. Hafid, L. Ayinla, R. Price, N. Ladjimi, T. Browne",2,326,13,5,12,41.7,3,6,50,0,0,0,1,2,3,4,1,0,2,2,12,84.8,91.9,77.7,26.1,30.9,54.2,54.2,80,20,40,11.1,0,50,104.2,13,6,12,50,1,2,50,0,0,0,3,4,7,0,1,0,2,2,10,54.2,54.2,14.3,60,16.7,123.1,-18.9,4,2,50,2,0,0,6,3,50,1,1,0,1,6,3,50,4,2,50,2,1,50,1,1,0,0
Bristol Flyers II,"R. Price, J. Craggs, L. Matthews, E. Ekwegh, R. Bawden",1,262,2,1,3,33.3,0,1,0,0,0,0,0,6,6,0,0,0,10,2,12,109.4,114.3,104.5,21.0,23.0,33.3,33.3,0,0,75,76.9,0,33.3,16,13,5,13,38.5,1,4,25,2,2,100,2,2,4,3,5,0,0,1,11,42.3,46.8,0,25,30.8,114,-98,1,0,0,1,1,100,1,0,0,6,2,0,1,8,4,50,1,0,0,4,1,25,0,0,1,0
Bristol Hurricanes,"D. Edozie, D. Forsyth, E. Dusha, K. Hill, D. Ubiaro",3,449,13,5,10,50,0,1,0,3,4,75,2,3,5,1,1,0,3,2,12,73.2,65.5,80.9,36.7,29.7,50,55.3,20,40,60,19,40,10,106.1,23,8,14,57.1,3,7,42.9,4,4,100,2,3,5,6,1,0,2,2,15,67.9,73,11.3,40,50,152,-45.9,6,5,83.3,3,0,0,1,0,0,1,1,1,0,6,4,66.7,1,1,100,7,3,42.9,2,0,0,0
Bristol Hurricanes,"D. Edozie, E. Dusha, K. Hill, C. Samuels, V. Dilys",3,372,7,3,9,33.3,1,5,20,0,0,0,1,2,3,3,1,0,5,2,12,84.2,80.5,87.9,29.8,27.3,38.9,38.9,100,16.7,33.3,29.4,0,55.6,56.1,25,8,14,57.1,4,8,50,5,5,100,4,5,9,6,1,0,2,3,13,71.4,77.2,11,66.7,57.1,183.4,-127.3,4,2,50,0,0,0,5,1,20,4,0,0,1,5,3,60,1,1,100,8,4,50,2,0,0,0
Bristol Hurricanes,"D. Edozie, E. Dusha, J. Claar, D. Ubiaro, C. Samuels",1,315,9,4,14,28.6,1,4,25,0,2,0,3,4,7,3,0,0,1,0,12,91,94.2,87.8,25.5,27.3,32.1,30.2,75,27.3,80,5.3,14.3,28.6,72.8,14,6,12,50,2,6,33.3,0,0,0,1,8,9,3,0,0,1,3,11,58.3,58.3,7.7,20,50,121.5,-48.7,7,3,42.9,3,0,0,4,1,25,0,0,0,1,3,3,100,3,1,33.3,6,2,33.3,1,0,0,0
Bristol Hurricanes,"D. Edozie, J. Dang-Akodo, D. Ubiaro, C. Samuels, V. Dilys",3,346,9,1,8,12.5,1,3,33.3,6,12,50,3,4,7,1,0,0,3,3,12,87.1,88.4,85.8,27.1,28.0,18.8,33.9,100,37.5,66.7,17.4,150,37.5,70.6,18,6,12,50,4,7,57.1,2,2,100,2,5,7,2,2,0,2,6,12,66.7,69.9,13.4,33.3,58.3,145.6,-75,3,0,0,2,0,0,3,1,33.3,1,2,0,0,5,2,40,0,0,0,7,4,57.1,0,0,0,2
Bristol Hurricanes,"D. Forsyth, E. Dusha, K. Hill, D. Ubiaro, V. Dilys",3,381,9,3,6,50,0,2,0,3,5,60,0,4,4,2,0,2,5,4,12,79.8,79.8,79.8,30.1,30.1,50,54.9,66.7,0,66.7,32.9,83.3,33.3,71,14,5,12,41.7,1,6,16.7,3,5,60,2,3,5,2,2,0,1,5,12,45.8,49.3,6.6,33.3,50,110.5,-39.5,3,3,100,1,0,0,2,0,0,2,3,0,0,6,4,66.7,0,0,0,6,1,16.7,0,0,0,1
Bristol Hurricanes,"D. Forsyth, E. Dusha, J. Dang-Akodo, V. Dilys, C. Taylor",2,392,17,7,13,53.8,3,5,60,0,0,0,0,2,2,5,2,0,0,0,12,76.4,76.4,76.4,31.4,31.4,65.4,65.4,71.4,0,40,0,0,38.5,136.2,16,7,12,58.3,2,5,40,0,0,0,3,5,8,6,0,0,4,1,12,66.7,66.7,25,60,41.7,128.2,8,7,4,57.1,1,0,0,5,3,60,0,0,0,0,5,3,60,2,2,100,5,2,40,2,1,0,1
Bristol Hurricanes,"E. Dusha, K. Hill, D. Ubiaro, V. Dilys",1,359,18,7,11,63.6,4,6,66.7,0,0,0,1,4,5,5,2,0,3,3,12,89.5,83.4,95.5,28.8,25.1,81.8,81.8,71.4,25,100,15.8,0,54.5,144.2,13,5,10,50,1,4,25,2,2,100,0,3,3,3,2,0,4,1,14,55,59.7,26.9,0,40,91,53.2,3,2,66.7,2,1,50,6,4,66.7,1,2,0,0,4,3,75,2,1,50,4,1,25,0,2,0,1
Essex Rebels,"M. Wol-Cummings, M. Amako, A. Idiata-Mendez, T. Child, T. Hudson",3,319,12,4,8,50,2,5,40,2,2,100,0,4,4,0,1,1,4,3,12,86.2,93,79.4,25.8,30.2,62.5,67.6,0,0,66.7,31.1,25,62.5,97,10,4,11,36.4,2,6,33.3,0,0,0,2,2,4,3,3,0,2,1,10,45.5,45.5,15.4,33.3,54.5,94.7,2.4,2,2,100,1,0,0,5,2,40,1,2,0,1,5,2,40,0,0,0,6,2,33.3,2,0,1,0
Essex Rebels,"K. Martin, D. Johnson-Thompson, R. Udeh, H. Gent, B. Winter",1,347,7,3,9,33.3,0,3,0,1,2,50,2,5,7,3,0,0,5,3,12,73.7,85.5,61.9,28.1,38.8,33.3,35.4,100,50,62.5,28,22.2,33.3,56.6,8,3,9,33.3,1,3,33.3,1,3,33.3,3,2,5,4,2,1,2,3,8,38.9,38.8,16.2,37.5,33.3,89.4,-32.8,5,2,40,1,1,100,3,0,0,3,0,0,1,5,2,40,1,0,0,3,1,33.3,0,2,1,0
Essex Rebels,"K. Martin, R. Udeh, M. Brown, A. Idiata-Mendez, T. Child",2,394,23,9,15,60,5,7,71.4,0,0,0,2,3,5,6,4,1,0,3,12,85.7,76,95.4,31.6,25.1,76.7,76.7,66.7,33.3,75,0,0,46.7,184.3,18,7,11,63.6,1,2,50,3,3,100,1,4,5,3,0,0,5,2,15,68.2,73.1,28.9,25,18.2,114.9,69.4,5,4,80,3,0,0,7,5,71.4,0,0,0,0,4,3,75,5,3,60,2,1,50,3,2,0,0
Essex Rebels,"D. Johnson-Thompson, R. Udeh, I. Temilola, T. Child, B. Winter",1,440,11,5,13,38.5,1,4,25,0,2,0,4,4,8,2,0,2,3,2,12,67.1,67.4,66.8,35.6,35.9,42.3,39.6,40,44.4,80,15.9,15.4,30.8,89,15,6,11,54.5,1,2,50,2,4,50,1,5,6,4,2,0,1,2,12,59.1,58.8,7.3,20,18.2,122.5,-33.5,8,4,50,1,0,0,4,1,25,0,3,0,0,7,4,57.1,2,1,50,2,1,50,1,0,0,0
Hemel Storm,"M. Sokoli, D. Nelson-Henry, V. Eze, S. Newman, J. Burnell",2,363,15,7,11,63.6,0,2,0,1,2,50,1,5,6,5,1,0,2,1,12,86.7,81.8,91.7,29.4,26.2,63.6,63.1,71.4,25,62.5,10.6,18.2,18.2,121.3,11,5,14,35.7,0,4,0,1,1,100,3,3,6,2,2,0,3,2,13,35.7,38.1,17.2,37.5,28.6,79.4,42,8,6,75,1,1,100,2,0,0,2,0,0,0,8,4,50,2,1,50,4,0,0,1,2,0,0
Hemel Storm,"D. Nelson-Henry, S. Lewis, M. Norman, S. Newman, J. Burnell",2,318,10,2,7,28.6,0,2,0,6,7,85.7,0,5,5,2,1,1,3,2,12,90.4,94.8,86.1,25.3,27.9,28.6,49.6,100,0,100,19.9,100,28.6,79.6,10,4,10,40,1,5,20,1,2,50,0,3,3,3,2,0,1,5,11,45,46,8.4,0,50,87.7,-8,4,2,50,1,0,0,2,0,0,1,2,0,0,4,2,50,1,1,100,5,1,20,1,0,0,0
Hemel Storm,"K. Walker, M. Norman, D. Parkinson, B. Inger, S. Newman",2,362,11,4,13,30.8,1,7,14.3,2,2,100,3,2,5,1,0,0,2,2,12,80.6,82,79.2,29.3,30.3,34.6,39.6,25,42.9,100,11.8,15.4,53.8,89,19,9,12,75,0,1,0,1,1,100,0,4,4,4,0,0,0,1,11,75,76.4,0,0,8.3,159.1,-70.1,6,3,50,0,0,0,7,1,14.3,1,1,0,0,11,9,81.8,0,0,0,1,0,0,0,0,0,0
Hemel Storm,"S. Lewis, V. Eze, B. Inger, S. Newman, J. Burnell",4,330,17,6,15,40,0,6,0,5,5,100,4,3,7,4,4,0,0,0,12,82.5,92.2,72.9,26.0,32.9,40,49.4,66.7,50,75,0,33.3,40,134.2,4,2,5,40,0,2,0,0,1,0,1,4,5,0,0,0,6,4,10,40,36.8,52.4,25,40,39.9,94.2,7,5,71.4,2,1,50,6,0,0,0,0,0,0,3,2,66.7,0,0,0,2,0,0,2,3,1,0
Hemel Storm,"M. Norman, V. Eze, D. Parkinson, B. Inger, S. Newman",6,308,3,1,8,12.5,0,3,0,1,1,100,2,3,5,0,2,0,7,3,12,107.6,100.5,114.6,23.9,20.9,12.5,17.8,0,28.6,75,45.3,12.5,37.5,23.3,19,8,13,61.5,0,3,0,3,3,100,1,5,6,3,5,0,2,2,14,61.5,66.3,12.3,25,23.1,129.2,-105.9,3,1,33.3,2,0,0,3,0,0,2,3,0,1,10,8,80,0,0,0,3,0,0,1,1,0,0
London Cavaliers,"J. Manning, J. Richards, D. Delsol-Lowry, M. Beasley, A. Roberts",3,427,13,4,11,36.4,4,7,57.1,1,2,50,1,2,3,4,2,2,2,0,12,69.8,69.5,70.1,34.5,34.2,54.5,54.7,100,20,40,11.2,18.2,63.6,105.1,20,8,14,57.1,4,6,66.7,0,0,0,3,4,7,4,1,0,2,2,12,71.4,71.4,12.5,60,42.9,160.3,-55.1,4,0,0,0,0,0,7,4,57.1,1,1,0,0,6,3,50,2,1,50,6,4,66.7,2,0,0,0
London Cavaliers,"J. Manning, J. Richards, M. Collins, D. Braster, D. Ainembabazi",3,424,13,5,15,33.3,0,5,0,3,5,60,4,9,13,2,1,1,0,1,12,76,71.7,80.2,33.5,29.9,33.3,37.8,40,57.1,90,0,33.3,33.3,102.6,7,2,13,15.4,0,6,0,3,4,75,1,3,4,2,0,1,1,4,14,15.4,23.7,6.3,10,46.2,49.4,53.2,8,5,62.5,2,0,0,5,0,0,0,0,0,0,5,2,40,2,0,0,6,0,0,1,0,0,0
London Cavaliers,"J. Manning, J. Richards, M. Beasley, D. Delsol-Lowry, D. Ainembabazi",1,330,19,7,10,70,2,5,40,3,4,75,0,4,4,4,4,2,1,1,12,91.5,89.1,93.8,26.9,25.6,80,80.8,57.1,0,100,6,40,50,155.1,9,4,9,44.4,0,2,0,1,1,100,0,3,3,2,1,0,4,2,12,44.4,47.7,29.8,0,22.2,69.8,85.4,5,5,100,0,0,0,5,2,40,1,0,0,0,5,3,60,2,1,50,2,0,0,2,2,0,0
London Cavaliers,"J. Manning, J. Richards, M. Beasley, D. Ainembabazi, A. Roberts",5,365,9,2,8,25,2,3,66.7,3,4,75,2,3,5,1,0,0,5,3,12,76,80.5,71.5,29.8,33.6,37.5,46.1,50,40,42.9,31.7,50,37.5,73.5,16,6,13,46.2,1,4,25,3,3,100,4,3,7,4,2,0,1,5,10,50,55.9,6.5,57.1,30.8,147.2,-73.8,2,0,0,3,0,0,3,2,66.7,3,1,0,1,6,4,66.7,3,1,33.3,4,1,25,0,0,0,1
London Cavaliers,"J. Manning, J. Richards, D. Braster, A. Roberts, A. Pyne",2,389,16,6,13,46.2,4,11,36.4,0,0,0,1,1,2,2,3,0,1,1,12,81.3,77,85.5,31.2,28.1,61.5,61.5,33.3,16.7,25,6.2,0,84.6,128.2,17,7,11,63.6,2,2,100,1,1,100,3,5,8,4,1,0,6,2,13,72.7,74.3,34.4,75,18.2,122.6,5.6,2,2,100,0,0,0,11,4,36.4,1,0,0,0,6,4,66.7,3,1,33.3,2,2,100,5,0,0,1
Loughborough Riders,"J. Campbell, J. Campbell, M. Joiner, S. Wylie, J. Cook",1,376,9,4,9,44.4,1,4,25,0,0,0,1,4,5,1,1,0,5,1,12,85.1,79.7,90.4,30.1,26.5,50,50,25,20,80,33.3,0,44.4,72.1,9,3,9,33.3,0,2,0,3,4,75,1,4,5,1,1,0,5,1,14,33.3,41.8,31.7,20,22.2,63.5,8.6,2,1,50,3,2,66.7,4,1,25,2,2,0,1,6,3,50,1,0,0,2,0,0,2,3,0,0
Loughborough Riders,"J. Campbell, M. Joiner, D. Hadley, L. Campbell, S. Wylie",1,361,14,6,13,46.2,2,5,40,0,0,0,1,3,4,5,1,0,1,4,12,73,83,63.1,28.9,38.1,53.8,53.8,83.3,25,42.9,5.3,0,38.5,112.2,10,4,11,36.4,0,5,0,2,2,100,4,3,7,3,0,0,2,0,9,36.4,42.1,14.4,57.1,45.5,105.4,6.7,7,4,57.1,1,0,0,5,2,40,1,0,0,0,4,4,100,2,0,0,5,0,0,1,0,0,1
Milton Keynes Breakers,"D. Jackson, B. Baker-Mccann, L. Gregory, J. Spencer, C. Thompson",3,350,26,7,10,70,2,3,66.7,10,11,90.9,2,5,7,4,1,0,0,1,12,83.2,84.5,81.9,28.4,29.3,80,87.6,57.1,66.7,83.3,0,110,30,210.9,8,3,11,27.3,1,6,16.7,1,1,100,1,1,2,1,0,0,2,4,11,31.8,35,14.9,16.7,54.5,67,143.9,6,4,66.7,1,1,100,3,2,66.7,0,0,0,0,4,2,50,0,0,0,6,1,16.7,1,0,0,1
Milton Keynes Breakers,"B. Baker-Mccann, J. Dietrich, L. Gregory, J. Spencer, C. Thompson",4,370,10,4,10,40,1,3,33.3,1,4,25,2,5,7,3,1,2,3,2,12,79.8,79.5,80.2,30.2,29.9,45,42.5,75,25,83.3,16.9,40,30,81.6,15,6,12,50,1,5,20,2,2,100,1,6,7,4,1,0,1,5,12,54.2,58.2,7.2,16.7,41.7,121.3,-39.7,6,3,50,1,0,0,3,1,33.3,1,0,1,2,6,5,83.3,1,0,0,5,1,20,1,0,0,0
Milton Keynes Breakers,"B. Baker-Mccann, L. Gregory, M. New Jr., X. Wilson, J. Spencer",3,334,10,4,11,36.4,2,4,50,0,0,0,4,6,10,2,1,1,6,3,12,82,89.7,74.2,26.8,32.3,45.5,45.5,50,57.1,85.7,31.6,0,36.4,80.1,10,3,9,33.3,2,7,28.6,2,4,50,1,3,4,3,3,2,1,2,10,44.4,46.5,8.5,14.3,77.8,96.8,-16.7,6,2,33.3,1,0,0,4,2,50,2,2,0,1,2,1,50,0,0,0,7,2,28.6,1,0,0,0
Milton Keynes Breakers,"B. Baker-Mccann, X. Wilson, J. Spencer, B. Freckleton, C. Thompson",5,316,6,3,9,33.3,0,4,0,0,2,0,1,2,3,2,0,1,4,2,12,80.9,93.9,68,25.6,35.3,33.3,30.4,66.7,20,66.7,25.2,22.2,44.4,48.5,16,6,9,66.7,1,2,50,3,3,100,1,4,5,3,1,0,0,2,8,72.2,77.5,0,33.3,22.2,178.8,-130.3,2,2,100,3,1,33.3,4,0,0,1,1,0,1,6,5,83.3,1,0,0,2,1,50,0,0,0,0
Newcastle Knights,"S. Trunley, J. Thames, H. Abdul, M. Jones, S. Angus",1,314,16,5,10,50,4,7,57.1,2,4,50,2,3,5,3,3,0,3,1,12,94.8,93.6,96,25.6,25.0,70,68,60,40,75,16.9,40,70,130.6,12,3,7,42.9,2,4,50,4,7,57.1,1,3,4,2,2,0,4,2,12,57.1,59.5,28.4,25,57.1,95.6,35.1,3,1,33.3,0,0,0,7,4,57.1,2,1,0,0,2,1,50,1,0,0,4,2,50,1,2,0,1
Nottingham Hoods,"T. Bonsu, T. Williams, K. Bartholomew, S. Akano, M. Savery-Richards",1,325,21,5,8,62.5,3,4,75,8,11,72.7,2,6,8,3,0,1,2,5,12,86.8,91,82.5,26.4,29.1,81.2,81.8,60,50,75,11.2,137.5,50,170.4,5,2,9,22.2,0,5,0,1,6,16.7,2,2,4,1,0,1,2,5,11,22.2,21.5,14.7,25,55.6,44.7,125.6,4,2,50,0,0,0,4,3,75,0,0,0,1,4,2,50,0,0,0,5,0,0,1,0,0,1
Nottingham Hoods,"T. Bonsu, J. Griffith, K. Bartholomew, K. Bartholomew, S. Akano",1,372,16,6,10,60,2,4,50,2,2,100,0,4,4,4,0,0,2,3,12,76.3,79.8,72.8,30.1,33.0,70,73.5,66.7,0,80,11.8,20,40,129.4,11,4,8,50,1,3,33.3,2,4,50,1,3,4,4,2,0,3,2,11,56.2,56.4,23.5,20,37.5,97.4,32,5,4,80,1,0,0,4,2,50,1,1,0,0,5,3,60,0,0,0,3,1,33.3,0,1,1,1
Nottingham Hoods,"T. Williams, T. Bonsu, K. Bartholomew, E. Bailey, S. Akano",4,358,12,5,9,55.6,0,2,0,2,4,50,1,5,6,3,2,0,3,5,12,94.2,82.1,106.3,29.2,22.6,55.6,55.8,60,20,100,17.9,44.4,22.2,98,14,5,8,62.5,0,0,0,4,8,50,0,4,4,3,2,1,5,3,15,62.5,60.8,30.3,0,0,88.3,9.7,5,4,80,2,1,50,2,0,0,1,2,0,0,7,5,71.4,1,0,0,0,0,0,2,1,0,1
Reading Rockets,"M. Bryant, C. Creek, J. Bouknight, Y. Salih, V. Olarerin",2,310,16,5,13,38.5,3,8,37.5,3,3,100,2,2,4,2,3,0,1,5,12,90.7,99,82.3,24.2,29.1,50,55.9,40,28.6,66.7,5.8,23.1,61.5,125.1,15,4,6,66.7,1,2,50,6,7,85.7,1,5,6,2,0,0,3,3,10,75,82.6,24.8,33.3,33.3,141,-15.9,4,2,50,1,0,0,8,3,37.5,0,1,0,0,2,2,100,2,1,50,2,1,50,3,0,1,0
Worthing Thunder,"D. Evans, M. Bryan-Amaning, E. Maynard, A. Scarborough, B. Adeluola",3,410,15,6,14,42.9,0,4,0,3,5,60,4,5,9,2,1,1,1,0,12,81.7,74.2,89.2,32.4,26.9,42.9,46.3,33.3,57.1,83.3,5.2,35.7,28.6,118.4,17,7,15,46.7,1,6,16.7,2,2,100,1,3,4,1,1,1,1,2,15,50,53.5,5.9,16.7,40,111.5,6.9,7,4,57.1,3,2,66.7,4,0,0,0,1,0,0,4,3,75,5,3,60,6,1,16.7,0,1,0,0
Worthing Thunder,"D. Evans, J. Hopkins, E. Maynard, T. Mcindoe, B. Adeluola",2,390,17,6,10,60,3,3,100,2,4,50,3,2,5,3,0,0,4,1,12,71.5,75.4,67.6,31.8,35.5,75,72.3,50,75,40,21.3,40,30,138.8,18,8,14,57.1,1,3,33.3,1,1,100,3,1,4,5,0,0,0,3,10,60.7,62.3,0,60,21.4,163.9,-25.1,4,2,50,3,1,33.3,3,3,100,1,0,0,2,11,7,63.6,0,0,0,3,1,33.3,0,0,0,0
Worthing Thunder,"D. Evans, J. Hopkins, J. Lashley, A. Scarborough, E. Dadds",3,423,17,5,9,55.6,0,2,0,7,8,87.5,1,8,9,4,2,1,2,3,12,83.3,73.6,93,32.6,25.8,55.6,67.9,80,20,88.9,10.8,88.9,22.2,131,12,5,13,38.5,1,5,20,1,7,14.3,1,4,5,3,1,0,2,6,16,42.3,37.3,11.1,11.1,38.5,73.2,57.8,7,5,71.4,0,0,0,2,0,0,1,0,0,1,6,4,66.7,2,0,0,5,1,20,2,0,0,0
Yorkshire Dragons,"R. Ani, D. Ulph, A. Lycoudis, J. Mielke, N. Lewis",1,260,10,4,9,44.4,2,4,50,0,2,0,0,6,6,4,1,0,3,6,12,117,114.1,119.8,21.0,20.0,55.6,50.6,100,0,85.7,17.8,22.2,44.4,80.9,14,4,10,40,0,2,0,6,8,75,1,6,7,2,3,0,1,1,12,40,51.8,6.9,14.3,20,107.9,-27,5,2,40,0,0,0,4,2,50,3,0,0,0,5,3,60,3,1,33.3,2,0,0,0,1,0,0
Yorkshire Dragons,"B. Tew, J. Whelan, L. Rooney, J. Mielke, A. Lycoudis",1,490,11,3,12,25,2,5,40,3,4,75,2,3,5,4,1,0,1,1,12,65,60,70,40.0,34.3,33.3,40,133.3,22.2,75,5.3,33.3,41.7,89.8,24,9,13,69.2,5,6,83.3,1,2,50,1,7,8,8,1,1,2,4,14,88.5,86.5,12.6,25,46.2,168,-78.2,4,0,0,3,1,33.3,5,2,40,1,0,0,0,7,4,57.1,0,0,0,6,5,83.3,1,0,0,1
Birmingham Rockets,"R. Blain, L. Okosieme, E. Donaldson, L. Mcgregor, M. Gayle",3,280,12,4,8,50,0,3,0,4,5,80,1,4,5,1,2,1,3,3,11,86.7,100.4,73.1,23.9,32.8,50,58.8,25,33.3,66.7,21.1,62.5,37.5,102.5,6,2,8,25,1,2,50,1,2,50,2,2,4,1,1,0,2,3,8,31.2,33.8,18.4,33.3,25,70.4,32.1,4,4,100,1,0,0,3,0,0,1,0,0,2,6,1,16.7,0,0,0,2,1,50,2,0,0,0
Bristol Flyers II,"Y. Hafid, L. Ayinla, J. Craggs, R. Eigbe, E. Ekwegh",3,371,9,4,13,30.8,1,7,14.3,0,1,0,2,5,7,1,0,0,1,3,11,80.4,77.3,83.5,31.1,28.8,34.6,33.5,25,20,100,6.5,7.7,53.8,75.4,17,7,13,53.8,2,5,40,1,1,100,0,8,8,4,1,1,0,2,12,61.5,63.2,0,0,38.5,131.8,-56.4,5,3,60,1,0,0,7,1,14.3,1,0,0,0,7,5,71.4,1,0,0,5,2,40,0,0,0,0
Bristol Flyers II,"Y. Hafid, L. Ayinla, J. Craggs, N. Ladjimi, T. Browne",2,290,3,1,9,11.1,0,6,0,1,2,50,2,3,5,0,0,0,4,1,11,96.1,94.4,97.9,25.4,24.5,11.1,15.2,0,25,75,28.8,22.2,66.7,26.3,19,7,11,63.6,2,2,100,3,3,100,1,6,7,5,4,0,1,2,11,72.7,77.1,7.5,25,18.2,160.6,-134.3,2,1,50,1,0,0,6,0,0,3,1,1,0,7,5,71.4,2,0,0,2,2,100,1,0,0,0
Bristol Flyers II,"Y. Hafid, R. Eigbe, N. Ladjimi, L. Matthews, T. Browne",2,329,9,3,8,37.5,1,2,50,2,4,50,2,6,8,2,0,0,4,4,11,82.4,82.4,82.4,29.1,29.1,43.8,46.1,66.7,28.6,100,25.4,50,25,79.7,9,4,10,40,0,2,0,1,4,25,0,5,5,2,2,0,0,2,11,40,38.3,0,0,20,79.7,0,4,2,50,1,0,0,2,1,50,2,0,0,1,6,3,50,2,1,50,2,0,0,0,0,0,0
Bristol Hurricanes,"D. Edozie, D. Forsyth, E. Dusha, K. Hill, V. Dilys",2,403,12,3,7,42.9,0,0,0,6,11,54.5,1,5,6,5,0,1,1,1,11,68.1,67.7,68.6,35.5,35.0,42.9,50.7,166.7,16.7,83.3,5.6,157.1,0,105.6,9,4,12,33.3,1,6,16.7,0,0,0,1,5,6,3,1,1,1,7,11,37.5,37.5,7.7,16.7,50,78.1,27.4,7,3,42.9,0,0,0,0,0,0,1,0,0,0,5,3,60,1,0,0,6,1,16.7,0,1,0,0
Bristol Hurricanes,"D. Edozie, D. Forsyth, E. Dusha, J. Oyewole, C. Samuels",1,450,8,3,11,27.3,0,2,0,2,2,100,2,3,5,3,0,0,2,1,11,58.6,60.8,56.3,39.5,42.6,27.3,33.7,100,40,100,11.8,18.2,18.2,70.1,13,5,10,50,3,6,50,0,0,0,0,3,3,2,1,1,1,1,10,65,65,9.1,0,60,123.1,-53,4,1,25,5,2,40,2,0,0,1,1,0,0,2,1,50,2,1,50,6,3,50,0,1,0,0
Bristol Hurricanes,"D. Edozie, D. Forsyth, K. Hill, D. Ubiaro, C. Samuels",2,344,12,6,12,50,0,2,0,0,0,0,2,3,5,3,0,0,2,5,11,74.7,80.4,69.1,29.9,34.7,50,50,50,33.3,50,11.8,0,16.7,104.2,14,6,11,54.5,1,4,25,1,3,33.3,3,4,7,3,1,0,1,0,9,59.1,56.8,7.5,50,36.4,141.3,-37.1,7,5,71.4,3,1,33.3,2,0,0,2,0,0,0,7,5,71.4,0,0,0,4,1,25,1,0,0,0
Bristol Hurricanes,"D. Edozie, E. Dusha, J. Oyewole, C. Samuels, V. Dilys",1,395,6,2,7,28.6,2,7,28.6,0,0,0,0,4,4,2,1,0,5,3,11,70,70,70,34.3,34.3,42.9,42.9,100,0,50,35.7,0,100,52.1,12,6,14,42.9,0,4,0,0,0,0,4,5,9,3,4,0,2,2,11,42.9,42.9,12.5,50,28.6,104.2,-52.1,0,0,0,0,0,0,7,2,28.6,3,2,0,0,8,6,75,2,0,0,4,0,0,0,2,0,0
Bristol Hurricanes,"D. Forsyth, J. Dang-Akodo, D. Ubiaro, C. Samuels, V. Dilys",3,420,9,4,9,44.4,1,4,25,0,0,0,0,7,7,3,0,1,3,5,11,69.4,65.8,73.1,36.5,32.8,50,50,75,0,77.8,20,0,44.4,78.1,10,4,13,30.8,0,5,0,2,3,66.7,2,5,7,2,2,0,1,3,12,30.8,34.9,6.5,22.2,38.5,78.2,-0.1,4,3,75,1,0,0,4,1,25,1,1,0,1,7,4,57.1,1,0,0,5,0,0,0,1,0,0
Bristol Hurricanes,"E. Dusha, K. Hill, D. Ubiaro, C. Samuels, V. Dilys",2,399,17,7,11,63.6,3,3,100,0,1,0,1,3,4,4,3,1,2,5,11,71.5,71.8,71.1,33.4,33.7,77.3,74.3,57.1,25,50,11.5,9.1,27.3,142.3,9,3,11,27.3,0,5,0,3,3,100,3,3,6,0,1,1,3,1,11,27.3,36.5,19.6,50,45.5,76.1,66.3,6,4,66.7,2,0,0,3,3,100,0,1,0,1,5,2,40,0,0,0,5,0,0,2,1,0,0
Derby Trailblazers,"C. Burr, E. Norman, C. Washington, R. Marsden, R. May-Thompson",2,425,7,3,10,30,1,4,25,0,0,0,0,2,2,1,0,1,2,0,11,65.1,65.1,65.1,36.9,36.9,35,35,33.3,0,66.7,15.4,0,40,60.8,24,9,13,69.2,6,8,75,0,0,0,1,7,8,8,1,0,0,1,11,92.3,92.3,0,33.3,61.5,208.3,-147.6,3,1,33.3,3,1,33.3,4,1,25,0,2,0,0,3,1,33.3,2,2,100,8,6,75,0,0,0,0
Derby Trailblazers,"C. Burr, J. Pathmarajah, S. Walker, R. Marsden, C. Brown",4,370,12,4,7,57.1,1,4,25,3,4,75,2,1,3,4,1,0,5,2,11,78.5,73.2,83.7,32.8,28.7,64.3,68.5,100,66.7,100,28.2,57.1,57.1,106.3,27,10,11,90.9,6,6,100,1,1,100,0,1,1,5,1,0,2,3,12,118.2,118,14.9,0,54.5,209.3,-103,3,3,100,0,0,0,4,1,25,1,2,1,1,2,2,100,3,2,66.7,6,6,100,1,1,0,0
Derby Trailblazers,"C. Washington, S. Walker, C. Brown, R. May-Thompson, M. Smith",4,288,12,5,9,55.6,0,2,0,2,2,100,1,9,10,4,0,0,3,4,11,98.1,95,101.1,25.3,23.7,55.6,60.7,80,25,81.8,17.8,22.2,22.2,105.2,8,1,12,8.3,1,9,11.1,5,6,83.3,2,3,5,2,2,0,0,2,12,12.5,27.3,0,18.2,75,65.9,39.3,5,4,80,2,1,50,2,0,0,0,2,0,1,2,0,0,1,0,0,9,1,11.1,0,0,0,0
Derby Trailblazers,"J. Pathmarajah, S. Walker, C. Brown, J. Lemon, R. May-Thompson",1,371,22,8,10,80,3,3,100,3,4,75,1,5,6,8,2,2,1,5,11,72.7,73,72.3,32.9,33.2,95,93.5,100,50,71.4,4.8,40,30,194.9,9,2,9,22.2,1,5,20,4,6,66.7,2,1,3,2,1,0,2,4,11,27.8,38.7,14.7,28.6,55.6,80.5,114.3,4,2,50,3,3,100,3,3,100,1,0,0,0,4,1,25,0,0,0,5,1,20,0,2,0,0
Essex Rebels,"M. Wol-Cummings, K. Martin, R. Udeh, M. Brown, T. Hudson",2,311,16,6,11,54.5,3,5,60,1,1,100,2,1,3,3,0,1,3,3,11,85.5,92.2,78.8,26.0,30.4,68.2,69.9,50,40,25,17.2,9.1,45.5,134,19,7,10,70,0,0,0,5,6,83.3,3,3,6,3,2,1,1,1,10,70,75.2,7.3,75,0,186,-52,5,3,60,1,0,0,5,3,60,1,2,0,0,9,6,66.7,1,1,100,0,0,0,0,1,1,0
Essex Rebels,"M. Amako, K. Martin, D. Johnson-Thompson, M. Brown, T. Child",4,319,4,2,6,33.3,0,1,0,0,2,0,0,5,5,0,1,0,5,2,11,94.6,85.8,103.4,28.0,23.2,33.3,29.1,0,0,62.5,42.1,33.3,16.7,35.1,13,5,13,38.5,1,7,14.3,2,3,66.7,3,5,8,3,5,0,3,4,13,42.3,45.4,17.3,37.5,53.8,94.6,-59.5,3,2,66.7,2,0,0,1,0,0,0,5,0,0,5,4,80,1,0,0,7,1,14.3,1,2,0,0
Essex Rebels,"M. Amako, K. Martin, T. Child, B. Winter, T. Hudson",3,326,5,1,4,25,1,3,33.3,2,2,100,0,1,1,1,0,1,7,1,11,83.5,84,83.1,28.6,28.9,37.5,51.2,100,0,50,54.3,50,75,43.8,15,6,8,75,0,0,0,3,4,75,1,2,3,1,2,0,3,2,11,75,76.8,23.5,50,0,132.9,-89,1,0,0,0,0,0,3,1,33.3,2,2,0,2,7,5,71.4,1,1,100,0,0,0,2,0,1,0
Essex Rebels,"K. Martin, D. Johnson-Thompson, H. Gent, B. Winter, J. Mckew",1,331,16,6,9,66.7,4,7,57.1,0,1,0,0,2,2,4,0,0,3,3,11,91.2,86.6,95.8,27.7,25.1,88.9,84.7,66.7,0,66.7,18.2,11.1,77.8,134,13,5,9,55.6,0,3,0,3,4,75,1,4,5,3,3,0,4,4,13,55.6,60.4,27.1,33.3,33.3,98.4,35.6,2,2,100,0,0,0,7,4,57.1,3,0,0,0,6,5,83.3,0,0,0,3,0,0,0,0,0,2
Essex Rebels,"D. Johnson-Thompson, R. Udeh, T. Child, B. Winter, T. Hudson",2,557,9,4,16,25,1,5,20,0,0,0,7,1,8,1,0,0,3,7,11,53.3,49.6,56.9,48.4,42.2,28.1,28.1,25,70,11.1,15,0,31.2,78.1,21,9,17,52.9,1,6,16.7,2,4,50,8,3,11,4,2,0,3,2,13,55.9,56,13.8,88.9,35.3,159,-80.9,10,3,30,1,0,0,5,1,20,2,1,0,0,9,6,66.7,2,2,100,6,1,16.7,0,1,0,1
Essex Rebels,"D. Johnson-Thompson, I. Temilola, M. Brown, T. Child, B. Winter",1,281,9,3,11,27.3,3,5,60,0,0,0,1,4,5,2,1,0,2,3,11,89.2,98.4,80,24.4,30.0,40.9,40.9,66.7,12.5,80,13.3,0,45.5,78.1,9,2,8,25,1,3,33.3,4,4,100,1,7,8,1,0,0,1,1,9,31.2,46.1,9.3,20,37.5,96.1,-17.9,6,0,0,0,0,0,5,3,60,0,0,0,1,3,0,0,2,1,50,3,1,33.3,0,1,0,0
Hemel Storm,"M. Sokoli, D. Nelson-Henry, M. Norman, S. Newman, J. Burnell",1,252,13,5,8,62.5,0,2,0,3,4,75,0,2,2,3,0,0,2,2,11,103.5,107.5,99.5,22.3,24.1,62.5,66.6,60,0,66.7,13.6,50,25,115.2,13,5,10,50,1,3,33.3,2,2,100,1,2,3,2,2,0,1,6,10,55,59.7,8.4,33.3,30,124.5,-9.3,5,5,100,1,0,0,2,0,0,0,2,0,0,7,4,57.1,0,0,0,3,1,33.3,0,1,0,0
London Cavaliers,"J. Manning, J. Richards, M. Beasley, D. Braster, D. Ainembabazi",3,356,14,5,12,41.7,1,4,25,3,4,75,3,6,9,1,0,0,1,3,11,76.9,76.1,77.7,31.5,30.9,45.8,50.9,20,42.9,85.7,6.3,33.3,33.3,124,9,4,12,33.3,1,5,20,0,0,0,1,4,5,3,1,0,1,3,11,37.5,37.5,7.7,14.3,41.7,78.1,45.9,7,4,57.1,1,0,0,4,1,25,1,0,0,0,6,2,33.3,1,1,100,5,1,20,0,1,0,0
London Cavaliers,"J. Manning, J. Richards, D. Ainembabazi, A. Roberts, A. Pyne",2,366,18,7,14,50,3,7,42.9,1,1,100,2,4,6,2,1,1,0,2,11,76.2,78.3,74,30.6,32.4,60.7,62.3,28.6,33.3,50,0,7.1,50,150.7,13,4,13,30.8,1,3,33.3,4,4,100,4,4,8,1,0,0,1,1,11,34.6,44,6.3,50,23.1,115.2,35.6,5,3,60,2,1,50,7,3,42.9,0,0,1,0,7,2,28.6,3,1,33.3,3,1,33.3,0,1,0,1
London Cavaliers,"J. Richards, M. Collins, D. Braster, D. Ainembabazi, O. Pond-Mckenzie",2,316,11,4,12,33.3,1,5,20,2,2,100,4,5,9,1,0,2,3,2,11,86.2,86.6,85.7,27.7,28.0,37.5,42.7,25,50,100,17.8,16.7,41.7,96.5,11,4,9,44.4,1,4,25,2,4,50,0,4,4,4,3,0,1,2,11,50,51.1,8.5,0,44.4,97.4,-1,6,2,33.3,1,1,100,5,1,20,1,2,0,0,5,3,60,0,0,0,4,1,25,0,1,0,0
Loughborough Riders,"J. Campbell, J. Campbell, M. Joiner, S. Wylie, D. Hadley",3,386,8,3,12,25,2,9,22.2,0,0,0,4,4,8,3,0,0,4,2,11,64.9,71.6,58.3,33.5,41.2,33.3,33.3,100,57.1,66.7,21.1,0,75,69.4,14,5,10,50,2,3,66.7,2,4,50,2,3,5,3,2,1,0,0,9,60,59.5,0,33.3,30,149.4,-80,2,0,0,1,1,100,9,2,22.2,2,0,0,1,6,3,50,1,0,0,3,2,66.7,0,0,0,0
Loughborough Riders,"J. Campbell, M. Joiner, T. Akinsuku, C. Nyarko, D. Hadley",2,362,9,4,9,44.4,1,3,33.3,0,0,0,0,2,2,2,1,1,3,2,11,69.6,76.4,62.9,31.4,38.2,50,50,50,0,40,21.4,0,33.3,78.1,11,4,10,40,2,6,33.3,1,2,50,3,4,7,2,1,3,2,1,9,50,50.6,15.5,60,60,116,-37.9,5,3,60,1,0,0,3,1,33.3,0,2,0,1,4,2,50,0,0,0,6,2,33.3,1,1,0,0
Loughborough Riders,"J. Campbell, M. Joiner, J. Cook, L. Campbell, S. Wylie",1,389,13,5,9,55.6,3,5,60,0,2,0,0,4,4,4,2,1,2,1,11,79.2,70.4,88.1,34.1,27.2,72.2,65.8,80,0,66.7,12.6,22.2,55.6,114,11,5,12,41.7,0,0,0,1,2,50,2,4,6,4,0,1,4,2,14,41.7,42.7,23.7,33.3,0,77,37,2,1,50,2,1,50,5,3,60,0,1,0,1,8,5,62.5,4,0,0,0,0,0,2,0,0,1
Loughborough Riders,"M. Joiner, L. Ehiorobo, T. Akinsuku, L. Campbell, C. Keys",2,372,15,5,12,41.7,2,8,25,3,8,37.5,4,3,7,2,2,0,0,0,11,69.7,71.3,68.1,33.6,35.2,50,48.3,40,44.4,100,0,66.7,66.7,135.6,13,6,9,66.7,1,3,33.3,0,0,0,0,5,5,5,0,0,2,3,10,72.2,72.2,18.2,0,33.3,123.1,12.5,2,2,100,2,1,50,8,2,25,0,0,0,0,5,4,80,1,1,100,3,1,33.3,2,0,0,0
Milton Keynes Breakers,"D. Jackson, B. Baker-Mccann, L. Gregory, X. Wilson, J. Spencer",2,385,16,5,9,55.6,2,2,100,4,4,100,2,3,5,2,2,0,3,1,11,73.7,70.4,77.1,34.1,31.1,66.7,74.3,40,66.7,75,19,44.4,22.2,141.7,12,4,8,50,2,6,33.3,2,2,100,1,1,2,2,1,1,5,3,12,62.5,67.6,36,25,75,97,44.7,4,1,25,2,1,50,2,2,100,2,1,1,0,2,2,100,0,0,0,6,2,33.3,1,4,0,0
Milton Keynes Breakers,"B. Baker-Mccann, J. Dietrich, L. Gregory, X. Wilson, C. Thompson",1,352,15,6,9,66.7,0,2,0,3,3,100,1,5,6,4,2,0,3,3,11,80.6,80.6,80.6,29.8,29.8,66.7,72.7,66.7,33.3,71.4,17.3,33.3,22.2,126.8,11,4,11,36.4,2,3,66.7,1,3,33.3,2,2,4,2,2,0,2,2,11,45.5,44.6,14,28.6,27.3,93,33.8,6,6,100,1,0,0,2,0,0,3,0,0,0,6,2,33.3,2,0,0,3,2,66.7,2,0,0,0
Milton Keynes Breakers,"B. Baker-Mccann, L. Gregory, X. Wilson, J. Spencer, B. Freckleton",3,380,15,6,10,60,1,3,33.3,2,2,100,2,2,4,4,2,0,3,6,11,79.1,72,86.1,33.3,27.9,65,68.9,66.7,50,40,16.8,20,30,131.5,13,4,11,36.4,1,5,20,4,5,80,3,2,5,2,1,0,4,4,13,40.9,49.2,23.3,60,45.5,95.4,36.2,4,3,75,3,2,66.7,3,1,33.3,0,1,0,1,6,3,50,0,0,0,5,1,20,1,1,0,1
Nottingham Hoods,"T. Bonsu, T. Williams, T. Bonsu, B. Johnson, D. Nixon Ii",1,314,19,8,12,66.7,3,5,60,0,0,0,3,2,5,4,1,0,3,3,11,87.6,88.1,87.2,27.3,27.5,79.2,79.2,50,100,66.7,15.8,0,41.7,164.9,9,3,7,42.9,1,4,25,2,2,100,1,0,1,3,1,0,5,3,11,50,57.1,38.8,33.3,57.1,78.9,86,6,4,66.7,1,1,100,5,3,60,1,0,0,1,2,1,50,1,1,100,4,1,25,1,2,0,1
Nottingham Hoods,"T. Bonsu, T. Williams, E. Bailey, S. Akano, M. Savery-Richards",1,273,9,2,6,33.3,0,2,0,5,6,83.3,1,6,7,2,1,1,4,3,11,99.8,98.2,101.3,24.4,23.7,33.3,52.1,100,20,75,27.3,100,33.3,80.5,9,4,13,30.8,1,4,25,0,0,0,2,4,6,3,4,0,1,4,11,34.6,34.6,7.1,25,30.8,78.1,2.4,3,2,66.7,1,0,0,2,0,0,1,3,0,0,8,3,37.5,1,0,0,4,1,25,1,0,0,0
Nottingham Hoods,"T. Williams, A. Thomson, B. Johnson, D. Nixon Ii, S. Akano",1,349,13,5,11,45.5,0,5,0,3,4,75,3,4,7,2,1,0,2,1,11,79.5,77.6,81.3,30.9,29.5,45.5,50.9,40,50,100,11.9,36.4,45.5,115.2,10,4,9,44.4,0,1,0,2,3,66.7,0,3,3,3,2,1,2,1,11,44.4,48.4,16.2,0,11.1,84.6,30.6,5,5,100,1,0,0,5,0,0,0,2,0,0,5,4,80,3,0,0,1,0,0,2,0,0,0
Nottingham Hoods,"T. Williams, T. Bonsu, B. Johnson, K. Bartholomew, E. Bailey",2,350,12,5,15,33.3,0,4,0,2,4,50,5,4,9,1,1,0,0,3,11,75.6,77.4,73.7,31.0,32.6,33.3,35.8,20,50,80,0,26.7,26.7,106.3,13,5,9,55.6,0,1,0,3,5,60,1,5,6,3,0,1,1,1,10,55.6,58,8.2,20,11.1,120.9,-14.6,8,5,62.5,3,0,0,4,0,0,0,0,0,0,5,3,60,3,2,66.7,1,0,0,1,0,1,0
Reading Rockets,"M. Bryant, T. Nsangu, C. Creek, J. Bouknight, Z. Poorman",4,354,7,3,9,33.3,0,3,0,1,2,50,2,4,6,1,0,1,4,6,11,81.2,77.3,85.1,31.0,28.2,33.3,35.4,33.3,33.3,80,26.9,22.2,33.3,61.4,12,3,9,33.3,0,4,0,6,7,85.7,1,4,5,6,0,0,2,3,12,33.3,49.7,14.2,20,44.4,95.6,-34.2,4,2,50,2,1,50,3,0,0,0,0,0,2,4,3,75,1,0,0,4,0,0,0,0,0,1
Reading Rockets,"L. Sayles, C. Creek, J. Bouknight, Y. Salih, Z. Poorman",3,364,17,8,10,80,1,2,50,0,2,0,2,6,8,2,1,0,3,0,11,78.4,75.2,81.5,31.9,29.4,85,78.1,25,66.7,75,18.9,20,20,149.1,8,3,12,25,0,5,0,2,2,100,2,1,3,1,1,0,2,4,12,25,31.1,13.4,25,41.7,64.7,84.4,6,5,83.3,2,2,100,2,1,50,2,0,0,1,5,3,60,2,0,0,5,0,0,1,1,0,0
Worthing Thunder,"D. Evans, J. Hopkins, E. Maynard, A. Price, B. Lomeka",1,220,16,7,12,58.3,1,4,25,1,2,50,3,1,4,4,4,0,2,1,11,124.4,124.4,124.4,19.3,19.3,62.5,62.1,57.1,60,50,10.6,16.7,33.3,140.3,13,5,7,71.4,1,2,50,2,2,100,1,2,3,3,2,0,5,1,11,78.6,82.5,38.8,50,28.6,114,26.3,7,6,85.7,1,0,0,4,1,25,2,0,0,0,4,4,100,1,0,0,2,1,50,1,4,0,0
Worthing Thunder,"M. Bryan-Amaning, E. Maynard, A. Scarborough, B. Adeluola, E. Dadds",3,384,12,5,10,50,1,3,33.3,1,2,50,1,3,4,5,0,1,2,2,11,70.9,71.3,70.6,33.7,34.0,55,55.1,100,25,50,11.2,20,30,105.2,14,5,11,45.5,0,1,0,4,4,100,3,3,6,1,2,1,2,2,11,45.5,54.9,13.6,50,9.1,124,-18.8,5,2,40,1,1,100,3,1,33.3,0,2,0,0,4,3,75,6,2,33.3,1,0,0,0,2,0,0
Yorkshire Dragons,"R. Ani, D. Ulph, J. Whelan, J. Mielke, A. Lycoudis",2,338,13,6,11,54.5,0,2,0,1,2,50,2,2,4,1,2,1,2,4,11,84,81,87,29.6,27.6,54.5,54.7,16.7,50,66.7,13.4,18.2,18.2,114,12,5,10,50,0,1,0,2,4,50,1,2,3,2,1,1,2,2,12,50,51,14.5,33.3,10,98,16,7,5,71.4,2,1,50,2,0,0,1,0,0,1,7,5,71.4,2,0,0,1,0,0,1,1,0,0
Yorkshire Dragons,"R. Ani, D. Ulph, J. Whelan, C. Johnson, N. Lewis",2,281,9,3,7,42.9,0,1,0,3,5,60,1,3,4,2,1,1,4,2,11,94.6,100,89.2,24.0,26.9,42.9,48.9,66.7,20,75,26.3,71.4,14.3,76.8,10,4,9,44.4,0,2,0,2,2,100,1,4,5,1,0,0,2,3,10,44.4,50.6,16.8,25,22.2,95.7,-18.9,3,2,66.7,3,1,33.3,1,0,0,1,1,0,1,3,3,100,4,1,25,2,0,0,1,0,0,1
Yorkshire Dragons,"D. Ulph, B. Tew, J. Mielke, C. Johnson, N. Lewis",1,334,10,4,12,33.3,2,7,28.6,0,3,0,3,3,6,3,3,0,2,3,11,91.5,85,98,28.2,24.5,41.7,37.5,75,37.5,100,10.9,25,58.3,84.6,17,5,8,62.5,2,5,40,5,5,100,0,5,5,4,1,1,4,3,13,75,83.3,28.2,0,62.5,124.7,-40.2,5,2,40,0,0,0,7,2,28.6,1,1,0,0,3,3,100,0,0,0,5,2,40,2,2,0,0
Birmingham Rockets,"R. Blain, O. Jackman, Z. Powell, L. Duru, M. Gayle",2,297,13,6,10,60,0,1,0,1,2,50,1,5,6,2,4,1,1,0,10,84.9,84.4,85.3,28.4,28.1,60,59.7,33.3,25,83.3,7.2,20,10,124.5,2,1,7,14.3,0,4,0,0,0,0,1,3,4,0,0,0,5,2,10,14.3,14.3,41.7,16.7,57.1,18.9,105.5,6,5,83.3,3,1,33.3,1,0,0,0,1,0,0,2,1,50,1,0,0,4,0,0,1,4,0,0
Birmingham Rockets,"O. Jackman, Z. Powell, L. Duru, F. Mughaal, M. Gayle",2,262,10,4,12,33.3,1,2,50,1,1,100,2,5,7,3,1,0,1,1,10,93.7,100.6,86.9,23.9,27.6,37.5,40.2,75,28.6,100,6.1,8.3,16.7,91.1,3,1,6,16.7,0,3,0,1,2,50,0,5,5,0,1,2,3,1,9,16.7,21.8,30.4,0,50,31.6,59.4,8,3,37.5,2,0,0,2,1,50,0,1,0,0,3,1,33.3,0,0,0,3,0,0,0,1,0,2
Bristol Flyers II,"Y. Hafid, L. Ayinla, R. Eigbe, N. Ladjimi, W. Simba",3,381,8,3,7,42.9,0,3,0,2,2,100,1,4,5,1,0,0,4,3,10,68.5,65.8,71.1,36.5,33.7,42.9,50.8,33.3,33.3,66.7,31.1,28.6,42.9,76.6,17,6,12,50,2,7,28.6,3,4,75,2,2,4,4,2,0,0,3,11,58.3,61.8,0,33.3,58.3,150.6,-74,2,2,100,2,1,50,3,0,0,2,0,0,2,3,3,100,2,1,50,7,2,28.6,0,0,0,0
Bristol Flyers II,"Y. Hafid, R. Price, R. Eigbe, N. Ladjimi, W. Simba",3,207,12,4,7,57.1,2,3,66.7,2,2,100,0,2,2,3,0,0,3,1,10,113.1,121.1,105.1,19.8,22.8,71.4,76.1,75,0,100,21.6,28.6,42.9,114.9,11,5,8,62.5,0,3,0,1,1,100,0,3,3,1,1,1,1,1,9,62.5,65.2,10.6,0,37.5,121.4,-6.5,3,1,33.3,1,1,100,3,2,66.7,1,0,0,2,4,4,100,1,1,100,3,0,0,0,0,0,1
Bristol Flyers II,"Y. Hafid, J. Craggs, R. Eigbe, N. Ladjimi, W. Simba",2,316,7,3,7,42.9,1,3,33.3,0,2,0,0,5,5,1,1,0,3,5,10,83.3,79.3,87.2,30.3,27.5,50,44.4,33.3,0,71.4,25.3,28.6,42.9,67,14,3,7,42.9,2,5,40,6,9,66.7,2,5,7,2,3,0,3,3,11,57.1,63.9,21.5,28.6,71.4,121.9,-54.9,2,1,50,1,0,0,3,1,33.3,3,0,0,0,2,1,50,0,0,0,5,2,40,1,0,0,1
Bristol Flyers II,"Y. Hafid, J. Craggs, R. Eigbe, N. Ladjimi, T. Browne",3,348,13,4,10,40,4,9,44.4,1,2,50,2,3,5,1,2,0,2,2,10,70.8,72,69.6,33.3,34.5,60,59.7,25,50,100,14.4,20,90,124.5,10,2,5,40,1,2,50,5,8,62.5,0,2,2,4,0,0,2,1,10,50,58.7,19,0,40,99,25.4,1,0,0,0,0,0,9,4,44.4,2,0,0,0,2,0,0,1,1,100,2,1,50,1,1,1,0
Bristol Flyers II,"L. Ayinla, R. Price, L. Matthews, W. Simba, T. Browne",2,326,11,4,11,36.4,0,2,0,3,3,100,3,5,8,2,1,1,2,1,10,78.9,80,77.7,30.0,30.9,36.4,44.6,50,42.9,83.3,12.3,27.3,18.2,101.2,8,3,9,33.3,2,2,100,0,0,0,1,4,5,2,0,0,3,4,10,44.4,44.4,25,16.7,22.2,75.8,25.5,8,4,50,1,0,0,2,0,0,0,1,0,1,3,0,0,4,1,25,2,2,100,0,2,0,1
Bristol Hurricanes,"A. Pearce, D. Edozie, J. Dang-Akodo, D. Ubiaro, C. Samuels",2,318,12,3,9,33.3,2,3,66.7,4,4,100,2,2,4,1,0,0,2,2,10,74.8,78,71.6,30.8,33.5,44.4,55.8,33.3,66.7,66.7,14.5,44.4,33.3,116.2,16,6,10,60,2,2,100,2,2,100,1,1,2,3,2,0,0,3,9,70,73.5,0,33.3,20,168.7,-52.5,4,1,25,2,0,0,3,2,66.7,1,1,0,0,6,4,66.7,2,0,0,2,2,100,0,0,0,0
Bristol Hurricanes,"D. Edozie, K. Hill, D. Ubiaro, C. Samuels, V. Dilys",3,355,12,5,11,45.5,0,3,0,2,4,50,4,5,9,2,0,0,2,1,10,71.7,69.8,73.5,34.4,32.7,45.5,47,40,57.1,100,11.9,36.4,27.3,116.2,15,5,10,50,3,7,42.9,2,3,66.7,0,3,3,1,2,1,0,2,10,65,66.3,0,0,70,138,-21.9,6,3,50,2,2,100,3,0,0,2,0,0,0,2,1,50,1,1,100,7,3,42.9,0,0,0,0
Bristol Hurricanes,"D. Edozie, J. Dang-Akodo, C. Samuels, V. Dilys, C. Taylor",2,300,6,2,9,22.2,0,6,0,2,2,100,1,3,4,1,0,0,2,4,10,68.2,83.6,52.8,28.7,45.4,22.2,30.4,50,20,60,15.5,22.2,66.7,57.4,5,2,8,25,1,4,25,0,2,0,2,4,6,1,2,1,0,2,6,31.2,28.2,0,40,50,75.7,-18.3,1,0,0,2,2,100,6,0,0,0,2,0,0,4,1,25,0,0,0,4,1,25,0,0,1,0
Bristol Hurricanes,"D. Forsyth, D. Ubiaro, C. Samuels, V. Dilys, C. Taylor",2,288,4,2,8,25,0,1,0,0,0,0,2,4,6,2,1,0,5,4,10,92.8,88,97.6,27.3,24.6,25,25,100,33.3,80,33.3,0,12.5,37.9,14,4,9,44.4,2,4,50,4,5,80,1,4,5,0,3,0,2,1,11,55.6,62.5,15.2,20,44.4,119.5,-81.7,5,2,40,2,0,0,1,0,0,0,3,0,1,3,2,66.7,2,0,0,4,2,50,2,0,0,0
Derby Trailblazers,"C. Burr, C. Washington, J. Pathmarajah, S. Walker, C. Brown",2,411,9,4,12,33.3,0,2,0,1,1,100,2,3,5,2,0,0,1,1,10,62.2,64.1,60.3,37.4,39.8,33.3,36.2,50,28.6,60,6.5,8.3,16.7,81.9,14,5,11,45.5,0,4,0,4,4,100,2,5,7,3,1,1,0,3,10,45.5,54.9,0,40,36.4,135.5,-53.6,7,4,57.1,3,0,0,2,0,0,0,1,0,0,5,4,80,2,1,50,4,0,0,0,0,0,0
Derby Trailblazers,"C. Burr, C. Washington, J. Pathmarajah, R. Marsden, C. Brown",1,330,15,4,6,66.7,1,2,50,6,6,100,0,6,6,3,0,0,2,4,10,78.2,74.3,82.1,32.3,29.2,75,86.8,75,0,75,14.7,100,33.3,146.9,12,4,11,36.4,1,3,33.3,3,4,75,2,2,4,2,2,0,1,2,11,40.9,47,7.3,25,27.3,106.3,40.6,2,1,50,2,2,100,2,1,50,1,1,1,0,7,3,42.9,1,0,0,3,1,33.3,0,0,0,1
Derby Trailblazers,"C. Burr, C. Washington, J. Pathmarajah, R. May-Thompson, M. Smith",1,360,5,1,7,14.3,0,1,0,3,7,42.9,2,1,3,0,0,0,3,3,10,69.9,70.9,68.9,33.8,34.9,14.3,24.8,0,25,100,22.9,100,14.3,47,15,5,7,71.4,1,2,50,4,4,100,0,6,6,2,1,0,2,3,10,78.6,85.6,18.6,0,28.6,145.2,-98.2,5,0,0,1,1,100,1,0,0,0,1,0,1,2,2,100,3,2,66.7,2,1,50,0,0,0,2
Derby Trailblazers,"C. Washington, S. Walker, R. Marsden, C. Brown, R. May-Thompson",2,412,6,3,8,37.5,0,2,0,0,0,0,2,6,8,1,0,1,5,1,10,70.5,61.5,79.4,39.0,30.2,37.5,37.5,33.3,50,66.7,35.7,0,25,56.8,13,4,15,26.7,1,7,14.3,4,5,80,3,2,5,1,4,0,0,3,13,30,37.8,0,33.3,46.7,95.4,-38.5,6,3,50,0,0,0,2,0,0,5,0,1,0,6,2,33.3,2,1,50,7,1,14.3,0,0,1,0
Derby Trailblazers,"C. Washington, R. Marsden, C. Brown, R. May-Thompson, M. Smith",3,343,12,5,9,55.6,1,2,50,1,1,100,2,4,6,3,1,1,3,3,10,77.5,70.1,84.9,34.2,28.3,61.1,63.6,60,66.7,66.7,19.4,11.1,22.2,119.7,6,1,9,11.1,1,6,16.7,3,6,50,2,1,3,2,0,0,3,4,12,16.7,25.8,20.5,33.3,66.7,49.4,70.3,5,3,60,2,1,50,2,1,50,0,0,1,2,2,0,0,1,0,0,6,1,16.7,1,0,1,1
Essex Rebels,"M. Wol-Cummings, K. Martin, M. Brown, A. Idiata-Mendez, H. Gent",2,228,13,5,6,83.3,2,3,66.7,1,1,100,0,3,3,2,0,0,4,4,10,86.9,105.5,68.3,22.7,35.1,100,100.9,40,0,75,32.2,16.7,50,129.7,10,4,6,66.7,1,3,33.3,1,4,25,1,1,2,2,2,0,0,2,6,75,64.4,0,25,50,154.1,-24.4,3,3,100,0,0,0,3,2,66.7,2,0,0,1,3,3,100,0,0,0,3,1,33.3,0,0,1,0
Essex Rebels,"M. Wol-Cummings, D. Johnson-Thompson, R. Udeh, M. Brown, T. Child",2,278,10,5,8,62.5,0,3,0,0,2,0,0,4,4,2,3,0,2,2,10,86,90.2,81.9,26.6,29.3,62.5,56.3,40,0,66.7,15.5,25,37.5,95.7,4,2,7,28.6,0,3,0,0,2,0,2,3,5,1,0,0,4,1,9,28.6,25.4,33.7,33.3,42.9,42.2,53.6,5,5,100,0,0,0,3,0,0,1,1,0,0,4,2,50,0,0,0,3,0,0,0,4,0,0
Essex Rebels,"M. Amako, K. Martin, M. Brown, A. Idiata-Mendez, H. Gent",3,393,4,1,7,14.3,1,6,16.7,1,4,25,2,2,4,1,0,2,4,3,10,64.7,63.1,66.4,38.0,36.2,21.4,22.8,100,50,20,29.1,57.1,85.7,38.7,14,5,16,31.2,2,6,33.3,2,3,66.7,8,2,10,2,2,1,2,3,10,37.5,40.4,10.4,80,37.5,128.8,-90.1,1,0,0,0,0,0,6,1,16.7,2,0,0,1,7,3,42.9,3,0,0,6,2,33.3,0,0,0,1
Essex Rebels,"M. Amako, K. Martin, M. Brown, H. Gent, T. Hudson",1,305,15,7,12,58.3,1,4,25,0,0,0,2,4,6,5,1,0,1,3,10,86.9,83.1,90.6,28.9,26.5,62.5,62.5,71.4,40,66.7,5.6,0,33.3,142,17,7,13,53.8,3,6,50,0,0,0,2,3,5,5,1,0,1,3,11,65.4,65.4,7.1,33.3,46.2,147.6,-5.5,8,6,75,0,0,0,4,1,25,0,1,0,0,6,3,50,1,1,100,6,3,50,1,0,0,0
Essex Rebels,"D. Johnson-Thompson, M. Brown, T. Child, B. Winter, J. Mckew",1,293,12,5,10,50,2,5,40,0,0,0,2,1,3,3,1,0,3,1,10,90,86.5,93.4,27.7,25.7,60,60,60,50,100,18.8,0,50,113.6,17,7,9,77.8,1,1,100,2,2,100,0,2,2,6,2,1,2,2,11,83.3,86,16.8,0,11.1,149.1,-35.4,4,3,75,1,0,0,5,2,40,1,2,0,0,8,6,75,0,0,0,1,1,100,0,1,0,1
Hemel Storm,"K. Walker, S. Lewis, M. Norman, V. Eze, S. Newman",3,233,11,4,12,33.3,1,5,20,2,3,66.7,3,3,6,1,3,0,1,4,10,116.7,111.9,121.4,21.4,19.8,37.5,41.3,25,42.9,60,6.5,25,41.7,101.2,7,1,4,25,0,1,0,5,12,41.7,2,4,6,0,0,0,5,4,11,25,37.7,35,40,25,59.4,41.8,3,1,33.3,4,2,50,5,1,20,0,1,0,0,2,1,50,1,0,0,1,0,0,1,3,1,0
London Cavaliers,"J. Manning, D. Delsol-Lowry, M. Collins, A. Roberts, A. Pyne",2,272,2,0,5,0,0,3,0,2,2,100,0,3,3,0,0,0,5,5,10,88.8,92.2,85.4,26.0,28.1,0,17,0,0,60,46,40,60,19.1,14,5,8,62.5,1,4,25,3,7,42.9,2,4,6,4,3,0,1,5,9,68.8,63.2,8.3,40,50,144.7,-125.5,1,0,0,1,0,0,3,0,0,1,2,0,1,4,4,100,0,0,0,4,1,25,0,1,0,0
London Cavaliers,"J. Richards, M. Collins, D. Braster, D. Ainembabazi, A. Roberts",3,433,7,3,8,37.5,1,3,33.3,0,0,0,2,4,6,1,2,0,5,1,10,65.9,58.5,73.2,41.0,32.8,43.8,43.8,33.3,40,66.7,35.7,0,37.5,66.3,14,6,12,50,1,5,20,1,4,25,2,3,5,2,4,0,2,2,13,54.2,50.9,12.7,33.3,41.7,106,-39.7,2,1,50,3,1,33.3,3,1,33.3,2,2,1,1,4,3,75,3,2,66.7,5,1,20,2,0,1,0
London Cavaliers,"D. Delsol-Lowry, M. Collins, M. Beasley, A. Roberts, A. Pyne",3,306,4,2,11,18.2,0,3,0,0,0,0,2,1,3,0,0,0,2,0,10,86.1,82.8,89.4,29.0,26.8,18.2,18.2,0,25,33.3,15.4,0,27.3,37.9,24,9,12,75,4,4,100,2,2,100,2,6,8,6,1,1,1,4,11,91.7,93.2,7.2,66.7,33.3,210.4,-172.6,7,2,28.6,1,0,0,3,0,0,0,2,0,0,7,5,71.4,1,0,0,4,4,100,0,0,1,1
Loughborough Riders,"J. Campbell, J. Campbell, M. Joiner, D. Hadley, S. Wylie",3,348,15,6,11,54.5,3,6,50,0,0,0,2,3,5,2,0,0,2,3,10,71,72.8,69.1,33.0,34.7,68.2,68.2,33.3,40,100,13.3,0,54.5,142,13,6,9,66.7,1,4,25,0,1,0,0,3,3,2,1,0,1,1,10,72.2,68.9,9.6,0,44.4,129.7,12.3,5,3,60,0,0,0,6,3,50,1,1,0,0,5,5,100,0,0,0,4,1,25,1,0,0,0
Loughborough Riders,"J. Campbell, J. Campbell, M. Joiner, S. Wylie, C. Keys",3,254,11,4,10,40,2,6,33.3,1,2,50,1,3,4,3,1,0,1,0,10,89.6,98.7,80.5,24.3,29.8,50,50.6,75,20,100,6.7,20,60,105.3,9,4,7,57.1,0,2,0,1,2,50,0,4,4,1,1,0,1,1,8,57.1,57.1,11.3,0,28.6,105.6,-0.3,3,1,33.3,1,1,100,6,2,33.3,1,0,0,0,4,3,75,1,1,100,2,0,0,1,0,0,0
Loughborough Riders,"J. Campbell, J. Campbell, J. Cook, S. Wylie, D. Hadley",1,276,8,3,7,42.9,2,4,50,0,0,0,1,5,6,2,0,2,5,3,10,87.2,91.8,82.5,26.1,29.1,57.1,57.1,66.7,33.3,83.3,35.7,0,57.1,75.8,11,4,10,40,1,1,100,2,2,100,1,2,3,2,4,0,0,0,9,45,50.6,0,16.7,10,116,-40.2,3,1,33.3,0,0,0,4,2,50,1,3,0,1,9,3,33.3,0,0,0,1,1,100,0,0,0,0
Loughborough Riders,"J. Campbell, M. Joiner, D. Hadley, J. Cook, C. Keys",2,347,10,4,9,44.4,2,3,66.7,0,0,0,0,4,4,3,0,1,2,0,10,79.7,73,86.3,32.9,27.8,55.6,55.6,75,0,57.1,14.3,0,33.3,94.7,10,4,12,33.3,2,4,50,0,0,0,3,5,8,2,1,0,4,1,12,41.7,41.7,25,42.9,33.3,80.1,14.6,5,2,40,1,0,0,3,2,66.7,1,1,0,0,7,2,28.6,1,0,0,4,2,50,1,1,0,1
Loughborough Riders,"J. Campbell, M. Joiner, L. Campbell, S. Wylie, D. Hadley",1,249,11,4,9,44.4,2,3,66.7,1,3,33.3,1,0,1,2,2,0,2,3,10,98.1,104.7,91.4,22.9,26.3,55.6,53.3,50,16.7,0,14,33.3,33.3,101.2,14,5,5,100,2,2,100,2,2,100,0,5,5,5,0,0,4,2,9,120,119,40.5,0,40,147.6,-46.4,5,2,40,1,0,0,3,2,66.7,0,0,0,1,3,3,100,0,0,0,2,2,100,2,2,0,0
Loughborough Riders,"M. Joiner, D. Hadley, J. Cook, T. Akinsuku, D. Hadley",1,342,13,6,8,75,0,1,0,1,5,20,1,3,4,3,0,1,2,6,10,67.6,75.5,59.8,31.8,40.1,75,63.7,50,20,75,13.2,62.5,12.5,120.9,14,5,9,55.6,2,4,50,2,2,100,1,4,5,2,0,0,0,3,8,66.7,70.9,0,25,44.4,164.2,-43.3,7,6,85.7,0,0,0,1,0,0,0,0,0,1,2,1,50,3,2,66.7,4,2,50,0,0,0,0
Loughborough Riders,"L. Ehiorobo, T. Akinsuku, L. Campbell, S. Wylie, C. Keys",1,338,14,5,9,55.6,2,4,50,2,2,100,1,2,3,2,1,1,2,1,10,74.6,74.2,75,32.4,32.0,66.7,70.9,40,25,50,14.4,22.2,44.4,134,17,7,11,63.6,3,5,60,0,0,0,2,3,5,2,2,0,2,2,10,77.3,77.3,15.4,50,45.5,161,-26.9,3,2,66.7,2,1,50,4,2,50,1,1,0,0,4,3,75,2,1,50,5,3,60,1,1,0,0
Loughborough Riders,"T. Akinsuku, S. Wylie, S. Wylie, D. Hadley, C. Keys",1,349,13,6,9,66.7,1,3,33.3,0,0,0,1,4,5,4,2,1,3,2,10,78.4,72.6,84.2,33.0,28.5,72.2,72.2,66.7,33.3,100,18.8,0,33.3,123.1,7,2,7,28.6,0,3,0,3,4,75,0,2,2,2,1,0,4,1,12,28.6,40,31.3,0,42.9,57.1,66,6,5,83.3,0,0,0,3,1,33.3,1,1,0,1,2,1,50,2,1,50,3,0,0,1,1,0,1
Milton Keynes Breakers,"D. Jackson, L. Gregory, J. Spencer, K. Oates, C. Thompson",1,229,10,3,10,30,2,7,28.6,2,2,100,3,3,6,2,4,0,3,2,10,103.8,109.5,98.2,21.9,24.4,40,46,66.7,50,75,18.9,20,70,95.7,6,2,5,40,0,1,0,2,4,50,1,3,4,0,1,1,4,2,9,40,44.4,37.2,25,20,64,31.7,3,1,33.3,0,0,0,7,2,28.6,0,2,0,1,2,0,0,2,2,100,1,0,0,2,2,0,0
Milton Keynes Breakers,"B. Baker-Mccann, J. Dietrich, M. New Jr., J. Spencer, C. Thompson",3,306,7,2,8,25,0,2,0,3,4,75,0,3,3,0,4,0,1,2,10,90.7,81,100.3,29.6,23.9,25,35.9,0,0,100,9.3,50,25,67.8,12,4,8,50,1,2,50,3,3,100,0,5,5,2,1,2,4,2,12,56.2,64.4,30,0,25,93.8,-26.1,6,2,33.3,0,0,0,2,0,0,1,0,0,0,4,2,50,2,1,50,2,1,50,3,1,0,0
Newcastle Knights,"B. Dean, S. Trunley, J. Thames, F. Cork, H. Abdul",2,248,9,4,8,50,1,3,33.3,0,1,0,0,2,2,2,0,0,3,3,10,94.4,106.3,82.5,22.6,29.1,56.2,53.3,50,0,40,22.3,12.5,37.5,81.9,12,5,9,55.6,1,2,50,1,2,50,3,3,6,3,0,0,2,1,8,61.1,60.7,16.8,60,22.2,140.8,-58.8,2,1,50,3,2,66.7,3,1,33.3,0,1,0,1,5,3,60,2,1,50,2,1,50,1,1,0,0
Newcastle Knights,"B. Dean, S. Trunley, J. Thames, H. Abdul, M. Matthews",2,363,12,4,11,36.4,0,2,0,4,6,66.7,3,5,8,5,1,1,0,2,10,71.5,67.5,75.4,35.5,31.8,36.4,44,125,42.9,71.4,0,54.5,18.2,117.5,5,2,9,22.2,0,5,0,1,2,50,2,4,6,1,0,1,4,5,11,22.2,25.3,28.8,28.6,55.6,43.8,73.6,6,4,66.7,3,0,0,2,0,0,0,0,0,0,2,2,100,2,0,0,5,0,0,2,0,0,1
Newcastle Knights,"B. Dean, S. Trunley, J. Thames, M. Matthews, T. Riley",2,311,14,6,11,54.5,2,4,50,0,0,0,0,0,0,1,0,0,0,3,10,80.2,81.5,78.8,29.5,30.4,63.6,63.6,16.7,0,0,0,0,36.4,132.6,20,7,11,63.6,2,5,40,4,6,66.7,4,4,8,4,0,1,1,1,10,72.7,73.3,6.8,100,45.5,195.8,-63.2,4,3,75,3,1,33.3,4,2,50,0,0,0,0,4,3,75,2,2,100,5,2,40,0,1,0,0
Nottingham Hoods,"T. Bonsu, K. Bartholomew, K. Bartholomew, S. Akano, M. Savery-Richards",3,347,12,5,11,45.5,1,5,20,1,1,100,1,5,6,2,2,0,1,3,10,76.6,76,77.3,31.6,31.1,50,52.4,40,16.7,83.3,6.9,9.1,45.5,109.3,9,2,8,25,1,6,16.7,4,6,66.7,1,5,6,1,0,0,2,2,11,31.2,42.3,15.8,16.7,75,80.5,28.7,5,4,80,1,0,0,5,1,20,1,0,0,0,2,1,50,0,0,0,6,1,16.7,2,0,0,0
Nottingham Hoods,"T. Williams, T. Bonsu, D. Nixon Ii, K. Bartholomew, E. Bailey",1,246,7,3,10,30,0,3,0,1,1,100,1,4,5,1,1,0,1,1,10,86.4,97.8,74.9,24.5,32.0,30,33.5,33.3,16.7,80,8,10,30,69.8,4,2,8,25,0,5,0,0,0,0,1,5,6,1,1,2,1,3,7,25,25,11.1,20,62.5,52.1,17.8,2,2,100,5,1,20,3,0,0,0,1,0,0,1,1,100,2,1,50,5,0,0,0,1,0,0
Reading Rockets,"M. Bryant, L. Sayles, C. Creek, Y. Salih, S. Chamberlain",3,341,11,4,12,33.3,3,7,42.9,0,0,0,2,5,7,1,0,1,1,1,10,77.3,74.3,80.3,32.3,29.9,45.8,45.8,25,28.6,100,7.1,0,58.3,104.2,14,5,10,50,3,5,60,1,2,50,0,5,5,3,1,0,1,4,11,65,64.3,8.4,0,50,122.8,-18.6,1,0,0,3,0,0,7,3,42.9,1,0,0,0,5,2,40,0,0,0,5,3,60,0,1,0,0
Reading Rockets,"M. Bryant, L. Sayles, Y. Salih, Z. Poorman, V. Olarerin",1,338,14,6,11,54.5,1,3,33.3,1,1,100,1,5,6,2,3,0,0,1,10,69.3,71.2,67.3,33.7,35.6,59.1,61.2,33.3,33.3,71.4,0,9.1,27.3,139.7,4,1,8,12.5,1,5,20,1,2,50,2,2,4,2,0,1,3,2,9,18.8,22.5,25.3,28.6,62.5,42.2,97.5,6,3,50,2,2,100,3,1,33.3,0,0,0,0,2,0,0,1,0,0,5,1,20,3,0,0,0
Reading Rockets,"M. Bryant, C. Creek, Z. Poorman, E. Harrington, S. Chamberlain",2,245,7,2,6,33.3,0,2,0,3,4,75,2,4,6,0,0,0,5,2,10,92.9,101.2,84.6,23.7,28.4,33.3,45.1,0,66.7,100,39.2,66.7,33.3,67.8,9,4,8,50,1,2,50,0,0,0,0,1,1,2,3,1,1,3,8,56.2,56.2,11.1,0,25,104.2,-36.4,3,2,66.7,1,0,0,2,0,0,2,1,0,1,4,2,50,2,1,50,2,1,50,1,0,0,1
Reading Rockets,"C. Creek, J. Bouknight, Y. Salih, Z. Poorman, S. Chamberlain",1,364,15,5,11,45.5,3,4,75,2,3,66.7,1,3,4,3,2,1,0,3,10,72,71.7,72.4,33.5,33.1,59.1,60.9,60,16.7,75,0,27.3,36.4,138,8,3,10,30,1,4,25,1,1,100,1,5,6,1,0,0,2,5,10,35,38.3,16.1,25,40,72.8,65.2,5,2,40,2,0,0,4,3,75,0,0,0,0,4,2,50,2,0,0,4,1,25,1,1,0,0
Worthing Thunder,"D. Evans, M. Bryan-Amaning, J. Hopkins, E. Maynard, J. Lashley",2,392,6,3,9,33.3,0,2,0,0,0,0,0,3,3,1,0,0,2,3,10,71.5,64.7,78.3,37.1,30.7,33.3,33.3,33.3,0,60,16.7,0,22.2,56.8,20,8,14,57.1,2,7,28.6,2,3,66.7,2,6,8,5,1,0,0,2,12,64.3,65.3,0,40,50,156.4,-99.6,5,2,40,2,1,50,2,0,0,1,1,1,0,6,5,83.3,1,1,100,7,2,28.6,0,0,0,0
Worthing Thunder,"D. Evans, M. Bryan-Amaning, J. Hopkins, J. Lashley, B. Adeluola",3,345,13,6,9,66.7,1,2,50,0,0,0,0,3,3,3,2,1,2,1,10,82.7,73.5,91.9,32.7,26.1,72.2,72.2,50,0,75,14.3,0,22.2,123.1,18,6,11,54.5,3,4,75,3,4,75,1,3,4,4,2,0,2,1,13,68.2,70.5,13.6,25,36.4,136.3,-13.2,5,4,80,2,1,50,2,1,50,0,2,0,0,7,3,42.9,0,0,0,4,3,75,1,1,0,0
Yorkshire Dragons,"B. Tew, L. Rooney, J. Mielke, C. Johnson, N. Lewis",1,258,7,3,9,33.3,0,3,0,1,1,100,1,2,3,1,1,0,3,3,10,86.3,102.2,70.4,23.5,34.1,33.3,37.1,33.3,20,100,22.3,11.1,33.3,63.7,11,5,6,83.3,1,1,100,0,2,0,0,4,4,2,1,0,1,2,7,91.7,79.9,12.7,0,16.7,145.4,-81.7,6,3,50,0,0,0,3,0,0,0,1,0,1,3,2,66.7,2,2,100,1,1,100,0,1,0,0
Birmingham Rockets,"R. Blain, Z. Powell, L. Okosieme, F. Mughaal, M. Gayle",3,249,8,3,7,42.9,2,3,66.7,0,2,0,1,2,3,2,0,0,3,0,9,86.8,91.4,82.2,26.3,29.2,57.1,50.8,66.7,25,66.7,23.3,28.6,42.9,84.3,12,5,8,62.5,0,0,0,2,2,100,1,3,4,2,3,0,1,0,8,62.5,67.6,10.1,33.3,0,140.8,-56.4,1,1,100,3,0,0,3,2,66.7,1,2,0,0,6,5,83.3,2,0,0,0,0,0,1,0,0,0
Bristol Flyers II,"Y. Hafid, L. Ayinla, J. Craggs, R. Eigbe, T. Browne",2,290,6,3,8,37.5,0,3,0,0,0,0,0,6,6,2,3,1,2,1,9,87.4,79.4,95.3,30.2,25.2,37.5,37.5,66.7,0,100,16.7,0,37.5,62.5,5,2,9,22.2,1,5,20,0,0,0,0,5,5,2,0,1,3,1,11,27.8,27.8,25,0,55.6,43.4,19.1,4,3,75,1,0,0,3,0,0,0,0,0,1,2,1,50,2,0,0,5,1,20,1,2,0,0
Bristol Flyers II,"Y. Hafid, J. Craggs, N. Sagkovits, N. Ladjimi, L. Matthews",1,204,7,2,8,25,1,4,25,2,2,100,2,3,5,2,0,0,3,0,9,95.3,111.6,79.1,21.5,30.4,31.2,39.4,100,66.7,60,21.6,25,50,73.8,6,3,8,37.5,0,5,0,0,0,0,2,1,3,1,2,1,1,2,6,37.5,37.5,11.1,40,62.5,89.3,-15.5,3,1,33.3,1,0,0,4,1,25,2,1,0,0,3,3,100,0,0,0,5,0,0,0,0,0,1
Bristol Flyers II,"Y. Hafid, J. Craggs, N. Sagkovits, N. Ladjimi, R. Bawden",3,262,10,4,11,36.4,2,8,25,0,0,0,2,3,5,2,2,0,1,3,9,78.6,87.9,69.3,27.3,34.6,45.5,45.5,50,40,75,7.1,0,72.7,104.2,4,1,5,20,0,1,0,2,2,100,1,3,4,1,0,0,3,1,7,20,34,33.8,25,20,52.9,51.3,1,0,0,2,2,100,8,2,25,0,0,0,1,3,1,33.3,1,0,0,1,0,0,1,2,0,0
Bristol Flyers II,"R. Price, N. Ladjimi, A. Bhebhe, W. Simba, T. Browne",2,200,2,1,6,16.7,0,2,0,0,0,0,1,4,5,0,0,0,5,2,9,92.2,115.2,69.1,20.8,34.7,16.7,16.7,0,25,80,45.5,0,33.3,20.8,4,2,7,28.6,0,2,0,0,0,0,1,3,4,1,2,2,0,0,5,28.6,28.6,0,20,28.6,69.4,-48.6,3,1,33.3,1,0,0,2,0,0,1,2,0,1,4,2,50,1,0,0,2,0,0,0,0,0,0
Bristol Hurricanes,"A. Pearce, E. Dusha, J. Claar, D. Ubiaro, V. Dilys",1,250,11,3,7,42.9,1,2,50,4,6,66.7,2,2,4,2,0,0,2,2,9,83.3,88.8,77.8,27.0,30.9,50,57.1,66.7,40,66.7,14.7,85.7,28.6,118.9,11,5,8,62.5,0,2,0,1,1,100,1,3,4,2,2,0,1,3,8,62.5,65.2,10.6,33.3,25,135.8,-16.9,4,2,50,1,0,0,2,1,50,2,0,0,0,5,5,100,1,0,0,2,0,0,1,0,0,0
Bristol Hurricanes,"D. Edozie, K. Hill, J. Dang-Akodo, D. Ubiaro, C. Samuels",2,357,18,7,10,70,2,3,66.7,2,3,66.7,1,4,5,3,3,2,0,3,9,68,66.6,69.4,36.0,34.6,80,79.5,42.9,33.3,66.7,0,30,30,181.7,5,1,7,14.3,0,3,0,3,4,75,2,2,4,0,0,0,4,2,10,14.3,28.5,31.3,33.3,42.9,48.4,133.3,7,5,71.4,0,0,0,3,2,66.7,0,0,0,0,3,0,0,1,1,100,3,0,0,4,0,0,0
Bristol Hurricanes,"D. Edozie, K. Hill, J. Oyewole, C. Samuels, V. Dilys",1,277,13,5,7,71.4,1,1,100,2,3,66.7,0,2,2,4,0,0,2,0,9,84,85.8,82.2,28.0,29.2,78.6,78.1,80,0,100,14,42.9,14.3,131.2,16,6,9,66.7,2,4,50,2,2,100,0,2,2,3,2,0,0,3,9,77.8,81,0,0,44.4,168.7,-37.5,3,2,66.7,3,2,66.7,1,1,100,2,0,0,0,3,3,100,2,1,50,4,2,50,0,0,0,0
Bristol Hurricanes,"D. Forsyth, E. Dusha, J. Dang-Akodo, C. Samuels, V. Dilys",1,365,8,4,10,40,0,3,0,0,0,0,2,4,6,1,2,0,2,2,9,67.3,63.1,71.5,38.0,33.6,40,40,25,40,80,15.4,0,30,83.3,11,4,8,50,1,3,33.3,2,3,66.7,1,3,4,2,0,0,3,3,10,56.2,59,24.4,20,37.5,101.2,-17.9,6,4,66.7,1,0,0,3,0,0,0,0,0,2,1,0,0,4,3,75,3,1,33.3,2,1,0,0
Derby Trailblazers,"C. Burr, E. Norman, C. Washington, S. Walker, R. May-Thompson",2,359,16,5,8,62.5,4,4,100,2,2,100,0,5,5,5,0,0,1,1,9,74.8,63.4,86.3,37.9,27.8,87.5,90.1,100,0,62.5,6.7,25,50,168.7,11,4,14,28.6,3,7,42.9,0,1,0,3,3,6,2,1,0,2,3,12,39.3,38.1,12.2,37.5,50,85.3,83.4,2,1,50,2,0,0,4,4,100,0,1,0,0,4,1,25,3,0,0,7,3,42.9,0,0,0,1
Essex Rebels,"M. Wol-Cummings, M. Amako, K. Martin, M. Brown, T. Hudson",3,236,16,4,6,66.7,2,2,100,6,6,100,1,5,6,3,1,0,2,1,9,90.4,94.1,86.7,25.5,27.7,83.3,92.6,75,50,83.3,14.7,100,33.3,172.9,4,2,7,28.6,0,2,0,0,2,0,1,1,2,2,0,1,2,3,8,28.6,25.4,20.2,16.7,28.6,46.9,126,3,2,66.7,1,0,0,2,2,100,0,0,1,2,4,2,50,1,0,0,2,0,0,1,1,0,0
Essex Rebels,"M. Wol-Cummings, M. Amako, D. Johnson-Thompson, A. Idiata-Mendez, T. Child",2,273,8,2,11,18.2,2,5,40,2,2,100,3,3,6,3,0,0,1,0,9,77.3,83.4,71.2,28.8,33.7,27.3,33.7,150,42.9,75,6.3,18.2,45.5,84.3,7,3,7,42.9,1,2,50,0,1,0,1,4,5,3,1,1,2,0,8,50,47,21.2,25,28.6,86.4,-2,6,0,0,0,0,0,5,2,40,0,1,0,0,3,1,33.3,2,1,50,2,1,50,1,0,0,1
Essex Rebels,"M. Amako, M. Brown, A. Idiata-Mendez, T. Child, H. Gent",2,288,3,1,9,11.1,1,5,20,0,0,0,3,3,6,1,0,0,4,2,9,72,80,64,30.0,37.5,16.7,16.7,100,50,42.9,28.6,0,55.6,31.2,7,3,10,30,1,4,25,0,0,0,4,3,7,2,1,1,2,0,7,35,35,16.7,57.1,40,91.1,-59.9,4,0,0,0,0,0,5,1,20,0,1,0,2,4,2,50,2,0,0,4,1,25,1,1,0,0
Essex Rebels,"K. Martin, D. Johnson-Thompson, M. Brown, T. Child, T. Hudson",3,320,7,3,8,37.5,1,5,20,0,1,0,2,3,5,2,1,0,3,3,9,77.9,68,87.8,35.3,27.3,43.8,41.5,66.7,40,60,22.3,12.5,62.5,77.2,17,6,10,60,1,4,25,4,5,80,2,3,5,0,2,0,2,3,11,65,69.7,14.1,40,40,145.2,-67.9,3,2,66.7,0,0,0,5,1,20,3,0,0,0,6,5,83.3,0,0,0,4,1,25,0,1,0,1
Essex Rebels,"K. Martin, R. Udeh, I. Temilola, T. Child, B. Winter",1,290,11,4,8,50,1,2,50,2,6,33.3,1,2,3,3,1,0,0,3,9,81,76.6,85.5,31.3,28.1,56.2,51.7,75,20,66.7,0,75,25,118.9,14,5,7,71.4,1,2,50,3,4,75,1,4,5,3,0,1,3,4,10,78.6,79.9,25.5,33.3,28.6,135.5,-16.7,5,3,60,1,0,0,2,1,50,0,0,0,0,4,3,75,1,1,100,2,1,50,1,1,1,0
Essex Rebels,"K. Martin, R. Udeh, M. Brown, T. Child, J. Mckew",1,259,14,5,8,62.5,3,5,60,1,1,100,1,2,3,4,0,0,2,1,9,84,84,84,28.6,28.6,81.2,82.9,80,33.3,40,13.9,12.5,62.5,154.5,10,4,10,40,1,4,25,1,1,100,3,2,5,1,2,0,2,2,9,45,47.9,16.1,60,40,110.3,44.1,2,2,100,1,0,0,5,3,60,2,0,0,0,5,3,60,1,0,0,4,1,25,0,0,0,1
Essex Rebels,"R. Udeh, M. Brown, A. Idiata-Mendez, T. Child, T. Hudson",4,217,2,1,4,25,0,1,0,0,0,0,0,1,1,1,0,0,6,5,9,100.2,106.2,94.3,22.6,25.5,25,25,100,0,33.3,54.5,0,25,20.8,18,7,10,70,3,6,50,1,2,50,2,2,4,6,4,0,0,1,8,85,82.7,0,66.7,60,211.1,-190.3,2,1,50,1,0,0,1,0,0,3,1,0,1,2,2,100,2,2,100,6,3,50,0,0,0,0
Essex Rebels,"R. Udeh, M. Brown, T. Child, B. Winter, T. Hudson",2,241,12,6,8,75,0,2,0,0,0,0,0,1,1,4,1,1,2,2,9,89.7,95.6,83.7,25.1,28.7,75,75,66.7,0,50,14.3,0,25,125,12,4,7,57.1,1,3,33.3,3,4,75,1,2,3,5,0,0,1,0,8,64.3,68.5,10.2,50,42.9,142.7,-17.7,5,5,100,1,1,100,2,0,0,0,0,0,1,4,3,75,0,0,0,3,1,33.3,0,1,0,0
Hemel Storm,"M. Sokoli, K. Walker, M. Norman, S. Lewis, S. Newman",1,314,2,1,7,14.3,0,2,0,0,0,0,0,5,5,1,0,0,3,4,9,64.7,73.4,56.1,32.7,42.8,14.3,14.3,100,0,83.3,27.3,0,28.6,20.8,7,2,6,33.3,0,3,0,3,6,50,1,5,6,1,2,2,0,1,7,33.3,40.5,0,16.7,50,95.4,-74.6,4,1,25,1,0,0,2,0,0,1,2,0,0,2,2,100,1,0,0,3,0,0,0,0,0,0
Hemel Storm,"M. Sokoli, M. Norman, B. Inger, S. Newman, J. Rai",4,294,4,2,10,20,0,4,0,0,0,0,2,5,7,0,0,0,2,2,9,90.4,78.4,102.5,30.6,23.4,20,20,0,28.6,71.4,16.7,0,40,41.7,16,6,12,50,0,4,0,4,7,57.1,2,5,7,3,1,0,0,3,12,50,53.1,0,28.6,33.3,127.4,-85.8,5,2,40,1,0,0,4,0,0,1,1,0,0,5,4,80,3,2,66.7,4,0,0,0,0,0,0
Hemel Storm,"D. Nelson-Henry, K. Walker, V. Eze, J. Rai, J. Burnell",3,332,6,2,9,22.2,1,6,16.7,1,2,50,2,6,8,3,0,2,2,4,9,71.6,68.6,74.7,35.0,32.1,27.8,30.4,150,33.3,85.7,13.4,22.2,66.7,63.3,5,2,10,20,0,6,0,1,4,25,1,4,5,2,1,2,0,3,10,20,21.3,0,14.3,60,48.4,14.9,3,1,33.3,0,0,0,6,1,16.7,1,0,0,1,4,2,50,0,0,0,6,0,0,0,0,0,0
Hemel Storm,"D. Nelson-Henry, S. Lewis, V. Eze, D. Parkinson, S. Newman",2,305,18,7,11,63.6,2,6,33.3,2,2,100,2,3,5,5,1,0,0,2,9,70,74.6,65.3,32.2,36.8,72.7,75.8,71.4,50,100,0,18.2,54.5,189.8,9,2,5,40,0,1,0,5,6,83.3,0,2,2,2,0,0,1,1,8,40,58.9,11.6,0,20,108.5,81.3,3,3,100,2,2,100,6,2,33.3,0,0,1,0,1,1,100,3,1,33.3,1,0,0,0,1,0,0
Hemel Storm,"D. Nelson-Henry, S. Lewis, D. Parkinson, S. Newman, J. Burnell",2,251,10,4,7,57.1,1,3,33.3,1,1,100,1,4,5,3,1,0,3,2,9,84.6,86.7,82.6,27.7,29.1,64.3,67.2,75,50,57.1,22.3,14.3,42.9,110.3,4,2,10,20,0,6,0,0,0,0,3,1,4,1,0,0,2,1,8,20,20,16.7,42.9,60,46.3,64,4,3,75,0,0,0,3,1,33.3,1,1,0,1,3,2,66.7,1,0,0,6,0,0,0,2,0,0
London Cavaliers,"J. Manning, J. Richards, D. Delsol-Lowry, M. Beasley, A. Pyne",2,243,13,5,7,71.4,1,1,100,2,2,100,1,2,3,2,1,0,3,6,9,95.8,93.7,97.8,25.6,24.5,78.6,82.5,40,50,66.7,23.3,28.6,14.3,137.1,12,5,9,55.6,0,2,0,2,3,66.7,1,1,2,3,2,0,1,1,9,55.6,58.1,8.8,33.3,22.2,121.1,15.9,6,4,66.7,0,0,0,1,1,100,0,3,0,0,6,5,83.3,1,0,0,2,0,0,0,1,0,0
London Cavaliers,"J. Manning, J. Richards, M. Beasley, D. Delsol-Lowry, A. Pyne",1,290,6,1,8,12.5,0,2,0,4,4,100,2,3,5,0,1,1,2,1,9,82,77.5,86.4,31.0,27.8,12.5,30.7,0,33.3,100,17,50,25,64,9,3,7,42.9,1,3,33.3,2,2,100,0,4,4,3,2,0,3,1,10,50,57.1,27.6,0,42.9,86.2,-22.1,4,1,25,2,0,0,2,0,0,0,2,0,0,4,2,50,0,0,0,3,1,33.3,1,1,1,1
London Cavaliers,"J. Manning, J. Richards, D. Delsol-Lowry, D. Braster, A. Roberts",1,279,11,4,7,57.1,3,4,75,0,0,0,0,4,4,3,1,0,3,2,9,84.4,82.6,86.2,29.1,27.8,78.6,78.6,75,0,57.1,23.1,0,57.1,114.6,4,2,10,20,0,3,0,0,1,0,3,3,6,0,0,1,3,0,10,20,19.2,22.3,42.9,30,39.9,74.7,2,1,50,1,0,0,4,3,75,1,0,0,1,5,1,20,2,1,50,3,0,0,0,3,0,0
London Cavaliers,"J. Manning, D. Delsol-Lowry, M. Beasley, D. Braster, A. Roberts",3,260,4,2,8,25,0,3,0,0,0,0,1,4,5,1,1,2,3,2,9,100.3,88.6,112,27.1,21.4,25,25,50,20,66.7,25,0,37.5,41.7,16,5,11,45.5,2,3,66.7,4,6,66.7,2,4,6,5,2,1,1,0,12,54.5,58.7,6.8,33.3,27.3,131.9,-90.2,4,2,50,1,0,0,3,0,0,1,2,0,0,8,3,37.5,0,0,0,3,2,66.7,1,0,0,0
London Cavaliers,"J. Manning, M. Collins, M. Beasley, D. Braster, A. Pyne",2,263,9,4,8,50,1,2,50,0,0,0,1,2,3,3,3,0,3,1,9,100.2,87.6,112.8,27.4,21.3,56.2,56.2,75,33.3,100,21.4,0,25,93.8,4,1,5,20,0,3,0,2,2,100,0,2,2,1,3,0,7,3,12,20,34,54.3,0,60,32.3,61.4,5,3,60,1,0,0,2,1,50,2,1,0,0,1,1,100,1,0,0,3,0,0,2,1,0,2
London Cavaliers,"J. Manning, D. Delsol-Lowry, D. Braster, A. Roberts, A. Pyne",1,167,7,3,6,50,0,2,0,1,4,25,0,3,3,0,0,0,2,2,9,111.8,134.7,88.8,17.8,27.0,50,45.1,0,0,75,20.5,66.7,33.3,74.7,8,3,7,42.9,1,2,50,1,1,100,1,4,5,1,0,0,0,3,6,50,53.8,0,25,28.6,129.4,-54.7,4,3,75,0,0,0,2,0,0,0,0,0,2,3,2,66.7,2,0,0,2,1,50,0,0,0,0
Loughborough Riders,"J. Campbell, M. Joiner, L. Ehiorobo, T. Akinsuku, C. Keys",1,324,8,3,9,33.3,0,2,0,2,2,100,0,2,2,2,0,0,0,3,9,70.3,70.3,70.3,34.2,34.2,33.3,40.5,66.7,0,50,0,22.2,22.2,84.3,16,6,11,54.5,3,4,75,1,2,50,2,5,7,3,0,1,0,1,9,68.2,67.3,0,50,36.4,168.7,-84.3,6,3,50,1,0,0,2,0,0,0,0,0,0,7,3,42.9,0,0,0,4,3,75,0,0,0,0
Loughborough Riders,"J. Campbell, M. Joiner, J. Cook, J. Cook, D. Hadley",2,302,11,4,9,44.4,1,4,25,2,2,100,1,4,5,2,0,0,1,2,9,77.1,75.4,78.7,31.8,30.5,50,55.7,50,25,66.7,7.8,22.2,44.4,116,13,5,11,45.5,0,5,0,3,3,100,2,3,5,4,1,0,0,1,9,45.5,52.8,0,33.3,45.5,131.2,-15.2,4,3,75,1,0,0,4,1,25,1,0,0,0,3,2,66.7,3,3,100,5,0,0,0,0,0,0
Loughborough Riders,"J. Campbell, M. Joiner, J. Cook, S. Wylie, D. Hadley",1,275,11,4,8,50,1,5,20,2,2,100,1,1,2,2,1,1,2,1,9,83.3,82.8,83.8,29.0,28.6,56.2,61.9,50,25,50,15.5,25,62.5,116,19,7,10,70,5,6,83.3,0,0,0,1,3,4,5,2,0,1,0,9,95,95,9.1,50,60,197.9,-81.9,3,3,100,0,0,0,5,1,20,2,0,0,0,4,2,50,0,0,0,6,5,83.3,1,0,0,0
Loughborough Riders,"J. Campbell, L. Ehiorobo, T. Akinsuku, L. Campbell, M. Joiner",1,315,17,6,10,60,4,7,57.1,1,2,50,1,4,5,4,0,0,0,3,9,65.4,72.3,58.5,33.2,41.0,80,78.1,66.7,25,66.7,0,20,70,179.2,8,4,10,40,0,3,0,0,0,0,2,3,5,1,0,0,0,1,7,40,40,0,33.3,30,104.2,75.1,1,1,100,2,1,50,7,4,57.1,0,0,0,0,3,2,66.7,4,2,50,3,0,0,0,0,1,0
Loughborough Riders,"J. Campbell, L. Ehiorobo, T. Akinsuku, S. Wylie, M. Joiner",2,273,10,4,6,66.7,2,2,100,0,0,0,0,4,4,2,0,1,4,2,9,75.4,84.4,66.5,28.4,36.1,83.3,83.3,50,0,50,33.3,0,33.3,104.2,8,3,11,27.3,0,4,0,2,2,100,4,2,6,0,1,0,0,2,7,27.3,33.7,0,50,36.4,105.8,-1.6,3,2,66.7,1,0,0,2,2,100,1,1,0,1,7,3,42.9,0,0,0,4,0,0,0,0,0,0
Loughborough Riders,"M. Joiner, S. Wylie, J. Cook, T. Akinsuku, L. Campbell",1,260,14,5,7,71.4,2,3,66.7,2,3,66.7,1,5,6,2,2,0,3,0,9,94.5,91.5,97.5,26.2,24.6,85.7,84.1,40,50,83.3,22.5,42.9,42.9,141.3,5,2,9,22.2,1,5,20,0,0,0,1,1,2,2,3,0,3,2,10,27.8,27.8,25,16.7,55.6,47.3,94,4,3,75,0,0,0,3,2,66.7,1,2,0,0,2,1,50,2,0,0,5,1,20,0,3,0,0
Loughborough Riders,"D. Hadley, J. Cook, T. Akinsuku, S. Wylie, C. Keys",1,322,13,4,10,40,2,6,33.3,3,5,60,2,1,3,5,2,0,0,1,9,68.3,73,63.5,32.9,37.8,50,53.3,125,25,100,0,50,60,132.8,8,3,4,75,1,1,100,1,2,50,0,6,6,3,0,1,4,4,8,87.5,82,45,0,25,93.8,38.9,4,2,50,0,0,0,6,2,33.3,0,0,0,0,3,2,66.7,0,0,0,1,1,100,2,2,0,0
Milton Keynes Breakers,"K. Williams, D. Jackson, J. Dietrich, J. Spencer, C. Thompson",2,291,8,3,9,33.3,0,3,0,2,2,100,1,6,7,2,1,0,1,3,9,74.7,78.2,71.3,30.7,33.7,33.3,40.5,66.7,16.7,75,7.8,22.2,33.3,84.3,6,2,10,20,2,9,22.2,0,0,0,2,5,7,2,1,0,1,1,8,30,30,9.1,25,90,69.4,14.9,5,3,60,1,0,0,3,0,0,1,0,0,0,1,0,0,0,0,0,9,2,22.2,0,1,0,0
Milton Keynes Breakers,"D. Jackson, B. Baker-Mccann, J. Dietrich, X. Wilson, J. Spencer",1,210,5,2,6,33.3,1,3,33.3,0,2,0,0,1,1,2,3,0,3,2,9,106,108.4,103.6,22.1,23.2,41.7,36.3,100,0,100,25.3,33.3,50,52.7,13,5,6,83.3,2,3,66.7,1,1,100,0,5,5,3,2,0,3,0,9,100,100.9,31.8,0,50,143.4,-90.7,2,1,50,1,0,0,3,1,33.3,0,3,0,0,3,3,100,0,0,0,3,2,66.7,1,2,0,0
Milton Keynes Breakers,"D. Jackson, J. Dietrich, L. Gregory, B. Freckleton, C. Thompson",2,260,8,3,7,42.9,2,6,33.3,0,0,0,0,2,2,2,0,0,3,1,9,79.2,88.6,69.8,27.1,34.4,57.1,57.1,66.7,0,66.7,25,0,85.7,83.3,10,4,7,57.1,0,1,0,2,2,100,1,3,4,2,3,1,1,0,7,57.1,63.5,11.3,33.3,14.3,132.2,-48.9,0,0,0,1,1,100,6,2,33.3,2,1,0,0,6,4,66.7,0,0,0,1,0,0,1,0,0,0
Milton Keynes Breakers,"B. Baker-Mccann, J. Dietrich, M. New Jr., B. Freckleton, C. Thompson",1,206,13,5,7,71.4,2,3,66.7,1,2,50,0,2,2,2,0,0,2,2,9,88.8,110.5,67.1,21.7,35.8,85.7,82.5,40,0,100,16.8,28.6,42.9,137.1,10,4,6,66.7,2,4,50,0,0,0,0,1,1,2,0,0,0,0,5,83.3,83.3,0,0,66.7,173.6,-36.5,2,1,50,2,2,100,3,2,66.7,0,0,0,1,1,1,100,1,1,100,4,2,50,0,0,0,0
Milton Keynes Breakers,"B. Baker-Mccann, J. Dietrich, X. Wilson, B. Freckleton, C. Thompson",2,222,10,3,10,30,0,3,0,4,6,66.7,3,3,6,1,0,0,0,4,9,91.3,100,82.6,24.0,29.1,30,39.6,33.3,42.9,50,0,60,30,108.1,10,3,7,42.9,1,4,25,3,9,33.3,3,4,7,2,0,0,0,3,7,50,45.6,0,50,57.1,130.9,-22.8,5,2,40,2,1,50,3,0,0,0,0,0,0,3,2,66.7,0,0,0,4,1,25,0,0,0,0
Newcastle Knights,"B. Dean, J. Thames, M. Hendry, H. Abdul, M. Jones",1,253,6,2,7,28.6,1,4,25,1,1,100,0,2,2,1,1,0,2,1,9,83.4,86,80.9,27.9,29.7,35.7,40.3,50,0,100,19.2,14.3,57.1,66.2,11,5,7,71.4,0,2,0,1,2,50,0,5,5,3,2,0,1,1,8,71.4,69.8,11.3,0,28.6,129,-62.8,3,1,33.3,0,0,0,4,1,25,0,2,0,0,4,4,100,1,1,100,2,0,0,0,1,0,0
Newcastle Knights,"B. Dean, J. Thames, M. Jones, M. Matthews, T. Riley",3,271,12,4,8,50,0,2,0,4,5,80,1,3,4,3,0,0,1,1,9,93.9,86.7,101,27.7,23.8,50,58.8,75,33.3,75,7,62.5,25,122.5,6,2,8,25,1,4,25,1,2,50,1,2,3,1,0,1,4,4,11,31.2,33.8,31.1,25,50,52.6,69.9,3,2,66.7,3,2,66.7,2,0,0,1,0,0,0,2,1,50,2,0,0,4,1,25,0,0,0,2
Nottingham Hoods,"T. Bonsu, T. Williams, D. Nixon Ii, E. Bailey, S. Akano",4,359,5,2,12,16.7,0,8,0,1,2,50,4,4,8,0,0,0,1,4,9,63,63.4,62.6,37.9,38.3,16.7,19.4,0,44.4,100,7.2,16.7,66.7,52.7,12,4,8,50,0,2,0,4,4,100,0,5,5,2,1,0,0,4,9,50,61.5,0,0,25,128.1,-75.4,2,1,50,2,1,50,8,0,0,1,0,0,0,3,3,100,3,1,33.3,2,0,0,0,0,0,0
Nottingham Hoods,"T. Williams, T. Bonsu, L. Maitland, E. Bailey, S. Akano",3,338,4,2,6,33.3,0,3,0,0,0,0,0,1,1,1,0,0,4,2,9,79.5,68.2,90.8,35.2,26.4,33.3,33.3,50,0,50,36.4,0,50,41.7,21,9,13,69.2,1,1,100,2,3,66.7,1,4,5,5,3,0,0,0,12,73.1,73.3,0,50,7.7,164.2,-122.6,2,2,100,1,0,0,3,0,0,3,0,1,1,10,7,70,2,1,50,1,1,100,0,0,0,0
Reading Rockets,"M. Bryant, T. Nsangu, C. Creek, Z. Poorman, V. Olarerin",3,312,10,2,12,16.7,1,3,33.3,5,6,83.3,5,5,10,2,1,1,0,1,9,75.8,71.2,80.3,33.7,29.9,20.8,34.2,100,55.6,83.3,0,50,25,108.1,9,3,8,37.5,2,5,40,1,2,50,1,4,5,2,0,1,3,4,10,50,50.7,25.3,16.7,62.5,86.2,21.9,7,1,14.3,2,0,0,3,1,33.3,0,0,1,0,3,1,33.3,0,0,0,5,2,40,1,1,0,1
Reading Rockets,"M. Bryant, C. Creek, Z. Poorman, E. Harrington, V. Olarerin",3,241,8,2,5,40,1,2,50,3,6,50,0,5,5,3,1,0,2,2,9,88,92.2,83.7,26.0,28.7,50,52.4,150,0,83.3,15.8,120,40,86.4,6,1,7,14.3,1,3,33.3,3,4,75,1,5,6,0,1,0,1,6,8,21.4,34.2,10.2,16.7,42.9,71.3,15.1,2,0,0,1,1,100,2,1,50,1,1,0,0,2,0,0,2,0,0,3,1,33.3,1,0,0,0
Reading Rockets,"T. Nsangu, L. Sayles, M. Hassan-Taylor, J. Bouknight, Y. Salih",1,236,7,3,8,37.5,1,4,25,0,0,0,0,3,3,1,2,2,2,0,9,83,97.6,68.3,24.6,35.1,43.8,43.8,33.3,0,75,18.2,0,50,72.9,3,1,6,16.7,1,4,25,0,0,0,1,3,4,1,0,0,2,0,6,25,25,25,25,66.7,44.6,28.3,4,2,50,0,0,0,4,1,25,1,1,1,0,2,0,0,0,0,0,4,1,25,2,0,2,0
Reading Rockets,"L. Sayles, C. Creek, J. Bouknight, Z. Poorman, V. Olarerin",1,294,11,3,9,33.3,1,5,20,4,5,80,1,4,5,2,0,1,0,2,9,79.2,79.9,78.4,30.0,30.6,38.9,49.1,66.7,33.3,100,0,55.6,55.6,112.3,9,4,8,50,1,3,33.3,0,0,0,0,2,2,1,0,0,2,4,9,56.2,56.2,20,0,37.5,93.8,18.6,3,2,66.7,1,0,0,5,1,20,0,0,1,0,2,0,0,3,3,100,3,1,33.3,0,0,0,1
Reading Rockets,"C. Creek, Z. Poorman, E. Harrington, V. Olarerin, S. Chamberlain",2,218,7,2,5,40,0,0,0,3,4,75,0,2,2,1,2,0,3,1,9,98.5,103.2,93.9,23.3,25.6,40,51.8,50,0,100,27.9,80,0,74.7,10,4,6,66.7,1,2,50,1,2,50,0,3,3,1,1,1,2,1,8,75,72.7,22.5,0,33.3,117.3,-42.6,4,2,50,1,0,0,0,0,0,1,1,0,1,3,3,100,1,0,0,2,1,50,0,2,0,0
Worthing Thunder,"D. Evans, J. Hopkins, E. Maynard, J. Lashley, A. Price",1,212,14,6,8,75,2,4,50,0,0,0,0,3,3,4,0,0,2,1,9,108.7,108.7,108.7,22.1,22.1,87.5,87.5,66.7,0,75,14.3,0,50,145.8,14,5,10,50,4,5,80,0,0,0,1,2,3,4,1,0,1,1,9,70,70,9.1,25,50,145.8,0,4,4,100,0,0,0,4,2,50,1,1,0,0,5,1,20,0,0,0,5,4,80,0,1,0,0
Worthing Thunder,"J. Hopkins, E. Maynard, T. Mcindoe, B. Adeluola, E. Dadds",2,310,8,2,8,25,1,2,50,3,4,75,1,3,4,1,0,0,1,0,9,73.4,72.5,74.3,33.1,32.3,31.2,41,50,20,100,8.5,50,25,85.4,14,6,10,60,2,2,100,0,0,0,0,4,4,6,1,1,0,1,9,70,70,0,0,20,145.8,-60.5,3,1,33.3,3,0,0,2,1,50,1,0,0,0,7,4,57.1,1,0,0,2,2,100,0,0,0,0
Yorkshire Dragons,"D. Ulph, E. Brownell, J. Whelan, J. Mielke, C. Johnson",1,274,10,4,6,66.7,1,3,33.3,1,4,25,0,2,2,3,1,0,2,3,9,86.3,82.1,90.5,29.2,26.5,75,64.4,75,0,66.7,15.7,66.7,50,106.7,9,4,6,66.7,0,2,0,1,4,25,1,3,4,2,0,0,4,2,10,66.7,58,34,33.3,33.3,87.1,19.6,3,3,100,0,0,0,3,1,33.3,1,0,1,0,3,3,100,1,1,100,2,0,0,1,0,0,2
Birmingham Rockets,"P. Basioudis, T. Grayling, L. Duru, A. Mutothori, F. Mughaal",1,157,2,1,7,14.3,0,3,0,0,2,0,4,4,8,1,1,0,5,4,8,131.8,130.3,133.3,18.4,18.0,14.3,12.7,100,57.1,66.7,36,28.6,42.9,23.5,10,3,7,42.9,1,4,25,3,7,42.9,2,3,5,3,2,0,1,1,8,50,49.6,9,33.3,57.1,114.7,-91.3,3,1,33.3,1,0,0,3,0,0,2,1,0,1,3,2,66.7,0,0,0,4,1,25,0,1,0,0
Birmingham Rockets,"O. Jackman, Z. Powell, L. Okosieme, E. Donaldson, L. Mcgregor",2,251,4,2,6,33.3,0,0,0,0,0,0,0,1,1,0,1,0,3,2,8,79.5,82.6,76.4,29.1,31.4,33.3,33.3,0,0,33.3,33.3,0,0,46.3,13,5,8,62.5,1,3,33.3,2,3,66.7,2,3,5,2,2,1,1,0,7,68.8,69.7,9.7,66.7,37.5,162.8,-116.5,2,2,100,4,0,0,0,0,0,0,3,0,0,5,4,80,0,0,0,3,1,33.3,1,0,0,0
Birmingham Rockets,"O. Jackman, Z. Powell, L. Okosieme, E. Donaldson, F. Mughaal",2,190,8,3,7,42.9,0,2,0,2,3,66.7,1,2,3,2,2,1,2,1,8,104.3,113,95.6,21.2,25.1,42.9,48.1,66.7,25,66.7,16.2,42.9,28.6,89.4,4,1,5,20,0,2,0,2,2,100,1,3,4,1,1,0,3,1,7,20,34,33.8,33.3,40,52.9,36.5,2,2,100,3,1,33.3,2,0,0,1,1,0,0,2,0,0,1,1,100,2,0,0,2,1,0,0
Bristol Flyers II,"Y. Hafid, R. Eigbe, N. Sagkovits, N. Ladjimi, A. Bhebhe",4,232,2,1,6,16.7,0,2,0,0,0,0,1,0,1,1,2,0,4,3,8,88.2,89.4,87,26.9,27.6,16.7,16.7,100,33.3,0,36.4,0,33.3,23.1,16,5,7,71.4,3,5,60,3,4,75,2,2,4,2,3,1,2,0,8,92.9,91.3,18.6,100,71.4,190.3,-167.1,3,1,33.3,1,0,0,2,0,0,2,1,0,1,2,2,100,0,0,0,5,3,60,2,0,0,0
Bristol Flyers II,"Y. Hafid, N. Sagkovits, N. Ladjimi, A. Bhebhe, W. Simba",1,163,4,1,4,25,0,0,0,2,2,100,1,2,3,0,3,0,5,2,8,114.5,125.5,103.5,19.1,23.2,25,41,0,33.3,100,50.6,50,0,46.9,4,1,2,50,0,1,0,2,3,66.7,0,2,2,2,2,1,4,0,7,50,60.2,54.6,0,50,56.9,-10,3,0,0,1,1,100,0,0,0,0,3,0,1,0,0,0,1,1,100,1,0,0,3,0,0,1
Bristol Flyers II,"L. Ayinla, R. Price, J. Craggs, A. Bhebhe, E. Ekwegh",1,223,8,3,7,42.9,1,3,33.3,1,1,100,0,2,2,1,2,0,1,0,8,90.1,87.2,93,27.5,25.8,50,53.8,33.3,0,100,10.6,14.3,42.9,98.7,9,4,6,66.7,1,2,50,0,0,0,0,3,3,2,0,1,3,1,8,75,75,33.3,0,33.3,104.2,-5.4,3,2,66.7,1,0,0,3,1,33.3,0,1,0,0,2,2,100,2,1,50,2,1,50,2,1,0,0
Bristol Flyers II,"L. Ayinla, R. Price, R. Eigbe, A. Bhebhe, T. Browne",2,195,14,6,7,85.7,2,3,66.7,0,0,0,0,2,2,3,0,0,2,3,8,95.7,106.3,85.1,22.6,28.2,100,100,50,0,100,16.7,0,42.9,162,11,4,5,80,0,1,0,3,5,60,0,0,0,2,0,0,0,0,6,80,76.4,0,0,20,159.1,2.9,4,4,100,0,0,0,3,2,66.7,0,0,0,1,4,4,100,0,0,0,1,0,0,0,0,0,0
Bristol Flyers II,"L. Ayinla, J. Craggs, R. Eigbe, A. Bhebhe, E. Ekwegh",2,203,7,3,4,75,0,1,0,1,1,100,0,3,3,0,1,0,4,3,8,91.3,95.8,86.7,25.1,27.7,75,78.8,0,0,75,47.4,25,25,86.4,9,2,5,40,0,2,0,5,6,83.3,1,1,2,0,4,0,1,0,7,40,58.9,11.6,25,40,122.7,-36.3,3,3,100,0,0,0,1,0,0,3,1,0,0,2,2,100,1,0,0,2,0,0,1,0,0,0
Bristol Flyers II,"R. Price, Z. Riabi, Z. Riabi, L. Matthews, E. Ekwegh",1,303,7,3,8,37.5,1,4,25,0,0,0,1,2,3,3,1,0,2,7,8,70.1,68.4,71.8,35.1,33.4,43.8,43.8,100,25,100,15.4,0,50,81,10,4,7,57.1,1,3,33.3,1,1,100,0,3,3,4,1,0,2,1,9,64.3,67.2,21.2,0,42.9,110.3,-29.3,3,1,33.3,1,1,100,4,1,25,1,1,1,0,3,3,100,1,0,0,3,1,33.3,1,0,1,0
Bristol Flyers II,"J. Craggs, R. Eigbe, N. Ladjimi, A. Bhebhe, T. Browne",4,132,1,0,4,0,0,2,0,1,1,100,0,3,3,0,1,0,4,1,8,138.6,147.3,129.9,16.3,18.5,0,11.3,0,0,75,47.4,25,50,12.3,5,2,7,28.6,0,2,0,1,1,100,1,3,4,1,2,0,1,1,7,28.6,33.6,11.8,25,28.6,70,-57.7,0,0,0,2,0,0,2,0,0,2,1,0,1,4,2,50,1,0,0,2,0,0,0,1,0,0
Bristol Flyers II,"J. Craggs, Z. Riabi, A. Bhebhe, W. Simba, E. Ekwegh",1,203,0,0,7,0,0,2,0,0,0,0,1,2,3,0,1,0,3,1,8,110.3,102.1,118.5,23.5,20.3,0,0,0,14.3,40,30,0,28.6,0,17,8,12,66.7,1,2,50,0,1,0,3,6,9,2,3,0,1,0,10,70.8,68.3,7.4,60,16.7,169.6,-169.6,4,0,0,1,0,0,2,0,0,1,2,0,0,9,7,77.8,1,0,0,2,1,50,0,1,0,0
Bristol Flyers II,"J. Craggs, N. Sagkovits, A. Bhebhe, T. Browne, R. Bawden",2,233,11,4,5,80,1,2,50,2,2,100,0,1,1,1,1,0,3,3,8,82.3,87.8,76.7,27.3,31.3,90,93.5,25,0,33.3,30.4,40,40,129,7,1,6,16.7,1,5,20,4,4,100,2,0,2,3,2,0,2,0,7,25,45.1,20.5,66.7,83.3,94,35.1,2,2,100,1,1,100,2,1,50,0,3,0,0,0,0,0,1,0,0,5,1,20,1,1,1,0
Bristol Flyers II,"Z. Riabi, Z. Riabi, L. Matthews, T. Browne, E. Ekwegh",1,261,9,2,5,40,0,2,0,5,6,83.3,1,2,3,0,0,0,2,0,8,77.3,76.3,78.4,31.5,30.6,40,58.9,0,33.3,50,20.7,120,40,108.5,12,5,9,55.6,0,1,0,2,2,100,2,2,4,3,2,0,1,3,8,55.6,60.7,9.2,50,11.1,140.8,-32.3,2,1,50,1,1,100,2,0,0,0,2,0,0,7,5,71.4,1,0,0,1,0,0,0,1,0,0
Bristol Flyers II,"N. Sagkovits, L. Matthews, W. Simba, T. Browne, E. Ekwegh",2,258,12,3,7,42.9,3,7,42.9,3,5,60,2,2,4,3,1,0,2,2,8,75.7,82.2,69.3,29.2,34.6,64.3,65.2,100,50,100,14.1,71.4,100,135.9,9,3,4,75,1,2,50,2,4,50,0,2,2,2,1,0,2,3,7,87.5,78.1,25.8,0,50,120.8,15.1,0,0,0,0,0,0,7,3,42.9,0,2,0,0,2,2,100,0,0,0,2,1,50,1,1,0,0
Bristol Hurricanes,"A. Pearce, D. Edozie, D. Forsyth, E. Dusha, K. Hill",1,267,7,2,8,25,1,5,20,2,2,100,3,3,6,2,1,0,3,3,8,87.7,76.6,98.7,31.3,24.3,31.2,39.4,100,50,60,21.6,25,62.5,82.1,4,2,6,33.3,0,2,0,0,1,0,2,3,5,0,1,0,7,3,10,33.3,31.1,52.1,40,33.3,36.4,45.7,2,1,50,1,0,0,5,1,20,3,0,0,0,4,2,50,0,0,0,2,0,0,0,2,0,3
Bristol Hurricanes,"A. Pearce, D. Forsyth, K. Hill, J. Claar, C. Samuels",1,103,9,4,12,33.3,0,3,0,1,1,100,4,1,5,1,4,0,0,2,8,166.4,188.8,144.1,12.7,16.7,33.3,36.2,25,80,100,0,8.3,25,111.1,3,1,2,50,0,1,0,1,1,100,0,1,1,0,0,0,4,1,6,50,61.5,62.1,0,50,48.5,62.6,8,4,50,1,0,0,3,0,0,0,0,0,0,0,0,0,1,1,100,1,0,0,3,1,0,0
Bristol Hurricanes,"D. Edozie, D. Forsyth, K. Hill, D. Ubiaro, H. Bligen",2,169,8,3,5,60,0,2,0,2,4,50,0,0,0,0,1,0,2,2,8,109.6,119.4,99.8,20.1,24.0,60,59.2,0,0,0,22.8,80,40,95.1,9,3,4,75,1,2,50,2,3,66.7,0,2,2,1,2,0,2,1,7,87.5,84.6,27.3,0,50,128.1,-32.9,3,3,100,0,0,0,2,0,0,1,1,0,0,1,1,100,1,1,100,2,1,50,1,0,0,1
Bristol Hurricanes,"D. Edozie, E. Dusha, K. Hill, D. Ubiaro, H. Bligen",1,230,11,5,7,71.4,1,1,100,0,0,0,1,4,5,1,0,0,3,2,8,89.6,90.2,89,26.6,27.0,78.6,78.6,20,50,100,27.3,0,14.3,127.3,13,5,8,62.5,2,4,50,1,2,50,0,1,1,2,2,1,0,0,8,75,73.2,0,0,50,152.5,-25.2,6,4,66.7,0,0,0,1,1,100,1,1,0,1,4,3,75,0,0,0,4,2,50,0,0,0,0
Bristol Hurricanes,"D. Forsyth, E. Dusha, J. Claar, D. Ubiaro, C. Samuels",2,350,13,5,6,83.3,1,1,100,2,2,100,0,2,2,2,1,0,2,1,8,68.3,58.5,78.2,41.1,30.7,91.7,94.5,40,0,66.7,18.4,33.3,16.7,152.5,12,5,9,55.6,0,2,0,2,2,100,1,1,2,0,2,1,3,3,11,55.6,60.7,23.3,33.3,22.2,105.2,47.3,4,4,100,1,0,0,1,1,100,2,0,0,0,5,5,100,2,0,0,2,0,0,0,1,0,1
Derby Trailblazers,"E. Norman, C. Washington, J. Pathmarajah, R. Marsden, M. Smith",1,289,15,5,8,62.5,1,1,100,4,4,100,2,1,3,4,0,0,1,1,8,66.8,69.8,63.8,34.4,37.6,68.8,76.8,80,66.7,50,6.8,50,12.5,178.4,12,5,7,71.4,2,3,66.7,0,0,0,1,1,2,2,0,1,2,2,7,85.7,85.7,22.2,50,42.9,156.2,22.1,5,3,60,2,1,50,1,1,100,0,1,0,0,3,3,100,1,0,0,3,2,66.7,1,1,0,0
Derby Trailblazers,"S. Walker, R. Marsden, C. Brown, R. May-Thompson, M. Smith",1,263,12,4,7,57.1,2,4,50,2,5,40,0,3,3,5,0,0,0,0,8,75.3,80.6,70.1,29.8,34.2,71.4,65.2,125,0,75,0,71.4,57.1,135.9,10,4,9,44.4,2,4,50,0,0,0,1,3,4,3,0,0,0,3,7,55.6,55.6,0,25,44.4,130.2,5.7,2,2,100,1,0,0,4,2,50,0,0,0,0,3,2,66.7,2,0,0,4,2,50,0,0,0,0
Essex Rebels,"M. Wol-Cummings, M. Amako, M. Brown, B. Winter, T. Hudson",1,183,13,6,9,66.7,1,2,50,0,1,0,2,6,8,2,2,0,1,0,8,103.5,106.3,100.7,22.6,23.8,72.2,68.9,33.3,50,85.7,8,11.1,22.2,160.4,0,0,7,0,0,2,0,0,0,0,1,2,3,0,1,0,2,1,7,0,0,22.2,14.3,28.6,0,160.4,7,5,71.4,0,0,0,2,1,50,0,1,0,0,4,0,0,1,0,0,2,0,0,1,1,0,0
Essex Rebels,"M. Wol-Cummings, R. Udeh, A. Idiata-Mendez, T. Child, H. Gent",1,212,4,1,5,20,1,3,33.3,1,2,50,1,2,3,2,2,0,4,1,8,94.1,96.5,91.7,24.9,26.2,30,34,200,25,100,33.7,40,60,46.9,12,4,6,66.7,3,5,60,1,1,100,0,3,3,2,4,1,2,3,8,91.7,93.2,23.7,0,83.3,148.1,-101.2,1,0,0,1,0,0,3,1,33.3,1,3,0,0,1,1,100,0,0,0,5,3,60,2,0,0,0
Essex Rebels,"M. Amako, K. Martin, A. Idiata-Mendez, T. Child, T. Hudson",4,247,8,2,8,25,2,4,50,2,3,66.7,1,4,5,2,3,0,1,4,8,92.2,86.9,97.4,27.6,24.6,37.5,42.9,100,16.7,80,8.1,37.5,50,89.4,5,2,6,33.3,1,5,20,0,1,0,1,5,6,1,0,1,5,2,10,41.7,38.8,43.7,20,83.3,49.9,39.5,2,0,0,2,0,0,4,2,50,0,1,0,0,1,1,100,0,0,0,5,1,20,3,1,0,1
Essex Rebels,"M. Amako, M. Brown, T. Child, H. Gent, B. Winter",2,291,8,3,8,37.5,0,3,0,2,2,100,2,1,3,2,1,0,2,2,8,70.8,70.3,71.3,34.1,33.7,37.5,45,66.7,50,50,15.5,25,37.5,93.8,12,5,7,71.4,2,2,100,0,0,0,1,2,3,3,0,1,3,4,8,85.7,85.7,30,50,28.6,138.9,-45,3,2,66.7,2,1,50,3,0,0,0,0,0,1,4,3,75,1,0,0,2,2,100,0,2,0,1
Essex Rebels,"R. Udeh, I. Temilola, T. Child, B. Winter, J. Mckew",2,281,6,3,10,30,0,2,0,0,0,0,4,2,6,0,0,0,3,2,8,76.9,73.8,80,32.5,30.0,30,30,0,66.7,66.7,23.1,0,20,69.4,14,6,9,66.7,0,1,0,2,4,50,1,2,3,4,3,1,0,0,9,66.7,65.1,0,33.3,11.1,149.4,-80,7,3,42.9,1,0,0,2,0,0,1,2,0,0,5,4,80,3,2,66.7,1,0,0,0,0,0,0
Hemel Storm,"D. Nelson-Henry, K. Walker, M. Norman, V. Eze, J. Rai",2,169,2,1,5,20,0,1,0,0,0,0,0,6,6,1,0,0,4,2,8,112.1,122.7,101.4,19.6,23.7,20,20,100,0,85.7,40,0,20,23.1,4,2,8,25,0,4,0,0,1,0,1,3,4,2,1,0,0,1,7,25,23.7,0,14.3,50,56,-32.9,3,1,33.3,1,0,0,1,0,0,0,2,0,1,3,1,33.3,1,1,100,4,0,0,0,0,0,0
Hemel Storm,"K. Walker, S. Lewis, B. Inger, S. Newman, J. Burnell",2,280,10,4,7,57.1,0,1,0,2,2,100,0,1,1,3,3,0,1,0,8,77.2,73.1,81.3,32.8,29.5,57.1,63.5,75,0,50,8.4,28.6,14.3,117.3,10,3,6,50,2,4,50,2,2,100,1,3,4,0,0,1,4,2,9,66.7,72.7,36.8,50,66.7,105.4,11.9,6,4,66.7,0,0,0,1,0,0,0,0,1,1,2,1,50,0,0,0,4,2,50,2,2,0,0
Hemel Storm,"M. Norman, V. Eze, B. Inger, S. Newman, J. Rai",3,224,13,5,6,83.3,3,3,100,0,0,0,0,1,1,3,2,0,3,3,8,86.8,92.6,81.1,25.9,29.6,108.3,108.3,60,0,100,25,0,50,150.5,12,4,5,80,2,3,66.7,2,2,100,0,1,1,2,1,0,2,0,7,100,102,25.4,0,60,158.6,-8.2,1,1,100,2,1,50,3,3,100,1,0,0,1,1,1,100,1,1,100,3,2,66.7,2,0,0,0
London Cavaliers,"J. Manning, J. Richards, M. Collins, D. Braster, O. Pond-Mckenzie",1,270,9,4,8,50,0,3,0,1,1,100,2,6,8,2,2,1,2,0,8,74.4,72,76.8,33.3,31.2,50,53.3,50,66.7,85.7,16.1,12.5,37.5,111.1,0,0,8,0,0,5,0,0,0,0,1,1,2,0,2,0,2,2,8,0,0,20,14.3,62.5,0,111.1,4,3,75,1,1,100,3,0,0,2,0,0,0,2,0,0,1,0,0,5,0,0,0,2,0,0
London Cavaliers,"M. Collins, M. Beasley, D. Delsol-Lowry, D. Braster, A. Roberts",2,261,11,5,8,62.5,1,2,50,0,0,0,2,0,2,2,2,0,3,1,8,88.3,79.4,97.1,30.2,24.7,68.8,68.8,40,66.7,0,23.1,0,25,127.3,13,6,9,66.7,1,1,100,0,0,0,2,1,3,2,2,0,4,0,10,72.2,72.2,30.8,100,11.1,123.1,4.2,6,4,66.7,0,0,0,2,1,50,1,2,0,0,7,5,71.4,1,0,0,1,1,100,2,1,0,1
London Cavaliers,"M. Collins, M. Beasley, D. Braster, D. Ainembabazi, A. Roberts",6,292,8,3,10,30,0,4,0,2,4,50,3,4,7,2,0,0,0,2,8,73.1,69.1,77,34.7,31.2,30,34,66.7,50,100,0,40,40,95.1,7,3,7,42.9,0,3,0,1,4,25,0,3,3,3,0,0,1,5,9,42.9,40,10.2,0,42.9,74.7,20.4,4,3,75,2,0,0,4,0,0,0,0,0,0,3,2,66.7,1,1,100,3,0,0,0,1,0,0
London Cavaliers,"M. Beasley, D. Delsol-Lowry, D. Braster, D. Ainembabazi, A. Roberts",1,228,8,4,9,44.4,0,1,0,0,0,0,3,4,7,2,1,0,3,4,8,87.5,90.9,84.1,26.4,28.5,44.4,44.4,50,60,80,21.4,0,11.1,92.6,4,1,6,16.7,0,3,0,2,3,66.7,1,2,3,0,2,0,2,1,7,16.7,27.3,21.5,20,50,50.1,42.5,8,4,50,0,0,0,1,0,0,0,3,0,0,2,0,0,1,1,100,3,0,0,1,0,0,1
Loughborough Riders,"J. Campbell, M. Joiner, D. Hadley, T. Akinsuku, D. Hadley",3,306,14,5,9,55.6,3,5,60,1,1,100,2,3,5,3,0,1,1,1,8,69.4,63.5,75.3,37.8,31.9,72.2,74.2,60,50,100,7.4,11.1,55.6,172.8,10,5,10,50,0,1,0,0,0,0,0,2,2,4,0,0,0,0,9,50,50,0,0,10,104.2,68.6,3,2,66.7,1,0,0,5,3,60,0,0,0,1,5,3,60,4,2,50,1,0,0,0,0,0,0
Loughborough Riders,"J. Campbell, S. Wylie, D. Hadley, J. Cook, T. Akinsuku",1,287,4,2,5,40,0,2,0,0,2,0,0,6,6,0,0,0,3,0,8,67.8,71.3,64.2,33.7,37.4,40,34,0,0,66.7,33.8,40,40,46.9,5,2,11,18.2,1,4,25,0,0,0,3,4,7,1,3,0,0,1,7,22.7,22.7,0,33.3,36.4,65.1,-18.2,3,2,66.7,0,0,0,2,0,0,2,1,0,0,4,1,25,3,0,0,4,1,25,0,0,1,0
Loughborough Riders,"J. Campbell, J. Cook, J. Cook, T. Akinsuku, S. Wylie",2,206,4,1,1,100,0,0,0,2,2,100,0,2,2,0,0,1,7,4,8,94.4,99.3,89.5,24.2,26.8,100,106.4,0,0,66.7,78.8,200,0,46.9,4,2,7,28.6,0,2,0,0,0,0,1,0,1,1,4,0,2,2,7,28.6,28.6,22.2,33.3,28.6,52.1,-5.2,1,1,100,0,0,0,0,0,0,2,3,0,1,3,2,66.7,2,0,0,2,0,0,0,0,0,1
Loughborough Riders,"J. Campbell, S. Wylie, C. Keys, M. Joiner, C. Keys",2,283,12,4,7,57.1,2,3,66.7,2,2,100,0,2,2,4,0,0,1,1,8,71.8,72.3,71.3,33.2,33.7,71.4,76.1,100,0,66.7,7.8,28.6,42.9,140.8,12,4,8,50,0,1,0,4,4,100,1,3,4,2,1,0,0,0,8,50,61.5,0,33.3,12.5,142.7,-1.9,2,2,100,2,0,0,3,2,66.7,1,0,0,0,3,2,66.7,4,2,50,1,0,0,0,0,0,0
Loughborough Riders,"T. Akinsuku, S. Wylie, L. Campbell, D. Hadley, C. Keys",1,233,10,3,5,60,1,3,33.3,3,4,75,2,3,5,2,3,1,4,2,8,91.6,86.6,96.5,27.7,24.9,70,74,66.7,100,100,31.3,80,60,118.9,10,4,5,80,1,1,100,1,4,25,0,0,0,4,2,0,3,2,9,90,74,30.7,0,20,106.7,12.2,2,2,100,0,0,0,3,1,33.3,0,3,0,1,2,2,100,2,1,50,1,1,100,1,2,0,0
Loughborough Riders,"L. Campbell, S. Wylie, D. Hadley, C. Keys, C. Keys",2,246,5,2,7,28.6,1,5,20,0,2,0,1,2,3,2,1,0,2,5,8,81.5,83.2,79.8,28.9,30.1,35.7,31.7,100,16.7,66.7,16.8,28.6,71.4,58.7,10,2,5,40,1,2,50,5,8,62.5,1,5,6,1,2,0,1,1,8,50,58.7,10.5,33.3,40,122.3,-63.6,2,1,50,0,0,0,5,1,20,0,2,0,0,3,1,33.3,0,0,0,2,1,50,0,1,0,0
Milton Keynes Breakers,"D. Jackson, J. Dietrich, X. Wilson, B. Freckleton, C. Thompson",3,210,11,4,8,50,3,3,100,0,0,0,0,2,2,4,2,0,1,5,8,107.7,98.7,116.7,24.3,20.6,68.8,68.8,100,0,66.7,7.7,0,37.5,127.3,5,0,4,0,0,0,0,5,6,83.3,1,4,5,1,0,0,5,2,10,0,37.7,43,33.3,0,49,78.4,4,1,25,1,0,0,3,3,100,0,0,0,1,2,0,0,2,0,0,0,0,0,1,2,0,1
Milton Keynes Breakers,"D. Jackson, J. Dietrich, J. Spencer, B. Freckleton, C. Thompson",1,274,14,6,8,75,1,3,33.3,1,1,100,0,5,5,4,0,1,0,1,8,72.8,71,74.7,33.8,32.1,81.2,82.9,66.7,0,100,0,12.5,37.5,172.8,7,2,8,25,1,4,25,2,2,100,0,2,2,3,0,0,0,1,8,31.2,39.4,0,0,50,82.1,90.7,5,5,100,0,0,0,3,1,33.3,0,0,0,0,3,1,33.3,1,0,0,4,1,25,0,0,0,0
Newcastle Knights,"B. Dean, S. Trunley, J. Thames, W. Neighbour, M. Hendry",2,197,10,3,7,42.9,2,5,40,2,5,40,0,1,1,4,0,0,0,0,8,100.6,107.6,93.6,22.3,25.7,57.1,54.3,133.3,0,50,0,71.4,71.4,113.2,15,7,9,77.8,1,3,33.3,0,0,0,1,6,7,3,0,1,0,2,7,83.3,83.3,0,50,33.3,195.3,-82.1,2,1,50,0,0,0,5,2,40,0,0,0,0,6,6,100,0,0,0,3,1,33.3,0,0,0,0
Newcastle Knights,"B. Dean, S. Trunley, J. Thames, S. Angus, T. Riley",1,211,17,6,8,75,3,5,60,2,2,100,0,4,4,5,1,0,0,2,8,102.4,97,107.9,24.8,22.2,93.8,95.7,83.3,0,80,0,25,62.5,199.4,10,4,9,44.4,1,2,50,1,2,50,1,1,2,3,0,0,1,2,9,50,50.6,9.2,20,22.2,105.4,94,3,3,100,0,0,0,5,3,60,0,0,0,0,6,3,50,1,0,0,2,1,50,0,1,0,0
Newcastle Knights,"B. Dean, S. Trunley, F. Cork, M. Hendry, H. Abdul",2,323,11,4,9,44.4,2,5,40,1,2,50,3,3,6,1,1,1,2,0,8,63.8,63.3,64.2,37.9,37.4,55.6,55.7,25,50,60,15.5,22.2,55.6,129,8,4,10,40,0,3,0,0,0,0,2,3,5,1,1,0,1,2,8,40,40,9.1,40,30,92.6,36.4,2,2,100,2,0,0,5,2,40,1,1,0,0,3,3,100,4,1,25,3,0,0,0,1,0,0
Newcastle Knights,"B. Dean, J. Thames, W. Neighbour, H. Abdul, M. Matthews",1,246,7,2,6,33.3,2,6,33.3,1,1,100,0,4,4,2,0,1,2,1,8,77,79,74.9,30.4,32.0,50,54.3,100,0,50,19.2,16.7,100,86.4,5,2,10,20,1,2,50,0,0,0,4,3,7,0,0,0,2,0,7,25,25,16.7,50,20,65.1,21.3,0,0,0,0,0,0,6,2,33.3,0,2,0,0,5,0,0,3,1,33.3,2,1,50,0,1,0,1
Newcastle Knights,"B. Dean, J. Thames, W. Neighbour, M. Jones, M. Matthews",2,203,15,6,8,75,1,3,33.3,2,2,100,0,2,2,3,2,0,0,1,8,95.8,100.8,90.8,23.8,26.4,81.2,84.5,50,0,66.7,0,25,37.5,176,9,3,6,50,3,5,60,0,0,0,1,2,3,3,0,0,3,2,7,75,75,33.3,33.3,83.3,117.2,58.8,2,2,100,3,3,100,3,1,33.3,0,0,0,0,0,0,0,1,0,0,5,3,60,2,1,1,0
Newcastle Knights,"S. Trunley, J. Thames, M. Hendry, S. Angus, M. Matthews",1,268,11,5,10,50,1,2,50,0,0,0,1,5,6,2,1,1,0,0,8,81.7,77.4,86,31.0,27.9,55,55,40,25,100,0,0,20,127.3,3,1,6,16.7,1,3,33.3,0,0,0,0,3,3,1,0,1,4,2,9,25,25,40,0,50,31.2,96.1,5,2,40,3,2,66.7,2,1,50,0,0,0,0,3,0,0,0,0,0,3,1,33.3,1,0,0,2
Newcastle Knights,"F. Cork, R. Graham-Bell, R. Reed, S. Angus, M. Matthews",1,367,16,7,13,53.8,2,5,40,0,0,0,4,1,5,5,0,0,0,1,8,62.8,56.5,69.1,42.5,34.8,61.5,61.5,71.4,66.7,33.3,0,0,38.5,185.2,16,7,11,63.6,2,5,40,0,0,0,2,2,4,4,0,0,2,1,10,72.7,72.7,15.4,66.7,45.5,151.5,33.7,5,4,80,3,1,33.3,5,2,40,0,0,0,0,5,4,80,1,1,100,5,2,40,0,0,0,1
Nottingham Hoods,"T. Bonsu, T. Williams, T. Bonsu, D. Nixon Ii, K. Bartholomew",1,217,6,2,7,28.6,0,2,0,2,4,50,1,1,2,1,2,0,1,3,8,95.3,93,97.7,25.8,24.6,28.6,34.2,50,20,50,9.3,57.1,28.6,71.3,8,2,4,50,0,1,0,4,5,80,1,4,5,1,1,2,4,2,8,50,64.5,39.2,50,25,90.6,-19.2,4,2,50,1,0,0,2,0,0,1,0,0,0,1,1,100,2,1,50,1,0,0,2,2,0,0
Nottingham Hoods,"T. Bonsu, K. Bartholomew, C. Ross, S. Akano, M. Savery-Richards",1,294,6,3,8,37.5,0,3,0,0,0,0,1,2,3,0,3,1,2,1,8,81.8,70.5,93.1,34.0,25.8,37.5,37.5,0,25,100,20,0,37.5,69.4,13,5,8,62.5,1,2,50,2,2,100,0,3,3,2,2,1,3,1,11,68.8,73.2,25.3,0,25,114,-44.5,3,2,66.7,2,1,50,3,0,0,0,2,0,0,4,2,50,2,2,100,2,1,50,3,0,0,0
Nottingham Hoods,"T. Williams, J. Griffith, B. Johnson, D. Nixon Ii, K. Bartholomew",1,293,8,3,10,30,0,2,0,2,2,100,2,2,4,1,2,0,0,1,8,78.2,69.8,86.5,34.4,27.7,30,36.8,33.3,40,100,0,20,20,93.8,10,5,9,55.6,0,2,0,0,0,0,0,3,3,2,0,1,2,1,10,55.6,55.6,18.2,0,22.2,94.7,-0.9,4,2,50,4,1,25,2,0,0,0,0,0,0,4,3,75,3,2,66.7,2,0,0,0,2,0,0
Nottingham Hoods,"A. Adedo, T. Bonsu, S. Jamison, K. Bartholomew, S. Akano",1,166,7,3,5,60,1,2,50,0,0,0,1,2,3,1,1,0,5,0,8,131.9,124.9,138.8,19.2,17.3,70,70,33.3,50,40,45.5,0,40,81,15,7,12,58.3,1,4,25,0,0,0,3,1,4,3,4,0,1,1,9,62.5,62.5,7.7,60,33.3,156.2,-75.2,2,2,100,1,0,0,2,1,50,1,4,0,0,7,6,85.7,1,0,0,4,1,25,1,0,0,0
Nottingham Hoods,"A. Adedo, B. Johnson, D. Nixon Ii, A. Sandu-Nelson, S. Akano",1,277,12,5,8,62.5,0,2,0,2,4,50,2,4,6,1,1,0,1,2,8,79.4,72.9,85.8,32.9,28.0,62.5,61.5,20,50,66.7,8.5,50,25,142.7,13,5,10,50,2,4,50,1,3,33.3,2,2,4,1,1,1,1,3,9,60,57.4,8.1,33.3,40,131.2,11.5,5,4,80,1,1,100,2,0,0,0,1,0,0,2,2,100,4,1,25,4,2,50,1,0,0,0
Nottingham Hoods,"T. Bonsu, J. Griffith, B. Johnson, D. Nixon Ii, S. Akano",1,246,8,4,7,57.1,0,2,0,0,0,0,1,2,3,1,0,0,3,2,8,74.4,84.3,64.4,28.5,37.2,57.1,57.1,25,50,66.7,27.3,0,28.6,92.6,7,2,5,40,1,2,50,2,2,100,1,1,2,2,2,0,2,1,6,50,59.5,25.4,33.3,40,106,-13.4,3,3,100,2,1,50,2,0,0,2,0,0,1,3,1,33.3,0,0,0,2,1,50,1,1,1,0
Reading Rockets,"M. Bryant, T. Nsangu, L. Sayles, J. Bouknight, Z. Poorman",2,231,1,0,5,0,0,1,0,1,2,50,0,3,3,1,2,0,3,3,8,79.2,88.6,69.8,27.1,34.4,0,8.5,0,0,100,30.4,40,20,11.7,4,2,5,40,0,0,0,0,0,0,0,3,3,0,1,2,2,1,6,40,40,28.6,0,0,59.5,-47.8,3,0,0,1,0,0,1,0,0,0,1,0,1,3,1,33.3,2,1,50,0,0,0,1,1,0,0
Reading Rockets,"M. Bryant, J. Bouknight, Y. Salih, Z. Poorman, V. Olarerin",2,228,10,4,7,57.1,0,2,0,2,2,100,1,2,3,1,2,0,2,2,8,97.6,89.7,105.5,26.7,22.7,57.1,63.5,25,50,100,18.4,28.6,28.6,117.3,5,2,6,33.3,0,3,0,1,1,100,0,1,1,0,1,1,4,2,10,33.3,38.8,38.3,0,50,49.9,67.4,4,3,75,1,1,100,2,0,0,0,2,0,0,2,2,100,1,0,0,3,0,0,3,0,0,1
Reading Rockets,"J. Waterhouse, T. Nsangu, C. Creek, J. Bouknight, V. Olarerin",2,286,8,4,8,50,0,1,0,0,0,0,0,5,5,2,2,0,1,5,8,69.8,72.5,67,33.1,35.8,50,50,50,0,83.3,9.1,0,12.5,92.6,3,1,6,16.7,0,3,0,1,3,33.3,1,3,4,1,1,1,2,2,7,16.7,20.5,21.5,16.7,50,37.6,55,5,3,60,2,1,50,1,0,0,0,1,0,0,3,1,33.3,0,0,0,3,0,0,1,1,0,0
Reading Rockets,"L. Sayles, Y. Salih, Z. Poorman, V. Olarerin, S. Chamberlain",1,392,13,6,10,60,1,4,25,0,0,0,2,5,7,4,1,1,1,1,8,62.3,52.9,71.7,45.4,33.5,65,65,66.7,50,100,6.7,0,40,150.5,5,0,6,0,0,2,0,5,5,100,0,2,2,0,0,0,4,1,11,0,30.5,32.8,0,33.3,42.7,107.8,4,4,100,2,1,50,4,1,25,0,1,0,0,1,0,0,3,0,0,2,0,0,1,0,0,2
Worthing Thunder,"D. Evans, M. Bryan-Amaning, J. Hopkins, J. Lashley, E. Dadds",3,213,5,1,5,20,0,2,0,3,4,75,2,1,3,1,1,1,4,2,8,90.6,94.8,86.5,25.3,27.7,20,37,100,40,100,34,80,40,59.5,4,2,3,66.7,0,0,0,0,0,0,0,3,3,1,0,1,5,1,7,66.7,66.7,62.5,0,0,52.1,7.4,1,1,100,2,0,0,2,0,0,0,0,0,2,2,1,50,1,1,100,0,0,0,1,1,0,2
Worthing Thunder,"D. Evans, J. Hopkins, T. Mcindoe, B. Adeluola, E. Dadds",1,202,11,4,8,50,3,4,75,0,0,0,1,4,5,4,1,0,2,1,8,97,102.7,91.2,23.4,26.3,68.8,68.8,100,25,100,14.3,0,50,127.3,3,1,5,20,1,2,50,0,0,0,0,3,3,0,0,1,3,3,7,30,30,37.5,0,40,39.1,88.3,4,1,25,0,0,0,4,3,75,0,0,0,1,1,0,0,2,0,0,2,1,50,0,1,0,1
Worthing Thunder,"D. Evans, J. Hopkins, B. Adeluola, A. Price, B. Lomeka",1,149,6,3,5,60,0,0,0,0,0,0,0,6,6,1,0,1,4,1,8,131.4,139.2,123.7,17.2,19.4,60,60,33.3,0,75,40,0,0,69.4,4,2,10,20,0,3,0,0,0,0,2,1,3,0,1,0,0,0,7,20,20,0,25,30,52.1,17.4,5,3,60,0,0,0,0,0,0,1,1,0,1,7,2,28.6,0,0,0,3,0,0,0,0,0,0
Yorkshire Dragons,"R. Ani, D. Ulph, E. Brownell, J. Mielke, C. Johnson",1,311,5,2,6,33.3,0,3,0,1,4,25,1,1,2,1,2,0,2,1,8,61.2,64.9,57.5,37.0,41.7,33.3,32.2,50,20,50,18.6,66.7,50,59.5,5,1,4,25,0,2,0,3,4,75,1,4,5,1,1,0,3,3,7,25,43.4,34.2,50,50,67.1,-7.7,3,2,66.7,0,0,0,3,0,0,1,1,0,0,2,1,50,0,0,0,2,0,0,2,1,1,0
Yorkshire Dragons,"R. Ani, D. Ulph, J. Whelan, L. Rooney, N. Lewis",2,240,8,2,8,25,0,2,0,4,4,100,2,4,6,2,0,0,1,1,8,84.1,84.1,84.1,28.5,28.5,25,41,100,50,80,7.8,50,25,95.1,9,3,7,42.9,0,1,0,3,4,75,1,2,3,1,1,0,1,2,8,42.9,51.4,10.2,20,14.3,107,-11.9,6,2,33.3,0,0,0,2,0,0,0,1,0,0,6,3,50,0,0,0,1,0,0,0,0,0,1
Yorkshire Dragons,"D. Ulph, L. Rooney, J. Jefferson, C. Johnson, N. Lewis",1,269,9,4,8,50,1,4,25,0,0,0,0,5,5,2,1,0,1,1,8,77.1,77.1,77.1,31.1,31.1,56.2,56.2,50,0,100,9.1,0,50,104.2,6,2,7,28.6,2,4,50,0,0,0,0,3,3,0,1,0,2,1,8,42.9,42.9,22.2,0,57.1,69.4,34.7,3,2,66.7,1,1,100,4,1,25,0,1,1,0,1,0,0,2,0,0,4,2,50,0,1,0,1
Yorkshire Dragons,"B. Tew, J. Whelan, J. Jefferson, C. Johnson, N. Lewis",1,254,14,5,6,83.3,3,3,100,1,1,100,0,1,1,3,1,0,2,3,8,74,76.6,71.5,31.3,33.6,108.3,108.7,60,0,33.3,17.5,16.7,50,172.8,9,3,6,50,1,3,33.3,2,2,100,2,1,3,2,2,0,3,2,7,58.3,65.4,30.4,66.7,50,119,53.8,2,1,50,1,1,100,3,3,100,1,1,0,0,2,2,100,1,0,0,3,1,33.3,1,0,0,1
Birmingham Rockets,"R. Blain, O. Jackman, L. Duru, F. Mughaal, M. Gayle",1,276,8,2,7,28.6,0,3,0,4,4,100,2,2,4,3,1,0,1,0,7,74.1,64.8,83.5,37.0,28.8,28.6,45.7,150,40,50,7.8,57.1,42.9,107.4,11,5,10,50,1,3,33.3,0,0,0,2,3,5,4,0,0,2,3,9,55,55,16.7,50,30,114.6,-7.2,3,2,66.7,1,0,0,3,0,0,0,0,0,1,6,3,50,1,1,100,3,1,33.3,2,0,0,0
Birmingham Rockets,"T. Grayling, L. Duru, L. Okosieme, L. Mcgregor, M. Gayle",1,205,7,2,5,40,1,2,50,2,3,66.7,1,2,3,0,0,0,3,1,7,86.1,93.5,78.7,25.7,30.5,50,55.4,0,50,66.7,32.2,60,40,87.6,8,3,7,42.9,2,6,33.3,0,0,0,1,1,2,2,2,1,1,0,6,57.1,57.1,12.5,33.3,85.7,119,-31.4,2,1,50,1,0,0,2,1,50,1,1,0,1,1,1,100,0,0,0,6,2,33.3,0,0,0,1
Birmingham Rockets,"O. Jackman, L. Duru, E. Donaldson, L. Mcgregor, M. Gayle",1,176,12,4,4,100,2,2,100,2,2,100,0,3,3,4,2,1,3,0,7,97.4,103.2,91.6,23.3,26.2,125,123,100,0,100,25.3,50,50,158.6,4,2,5,40,0,2,0,0,0,0,0,0,0,1,3,0,2,2,6,40,40,28.6,0,40,59.5,99.1,2,2,100,0,0,0,2,2,100,2,1,0,0,3,2,66.7,0,0,0,2,0,0,0,2,0,0
Bristol Flyers II,"Y. Hafid, L. Ayinla, R. Price, R. Eigbe, T. Browne",2,267,4,2,9,22.2,0,2,0,0,0,0,2,1,3,1,0,1,1,0,7,69,69,69,34.8,34.8,22.2,22.2,50,40,100,9.1,0,22.2,52.1,11,5,7,71.4,1,2,50,0,0,0,0,3,3,4,1,3,1,0,7,78.6,78.6,12.5,0,28.6,143.2,-91.1,4,1,25,3,1,33.3,2,0,0,0,1,0,0,3,3,100,2,1,50,2,1,50,0,0,1,1
Bristol Flyers II,"Y. Hafid, L. Ayinla, J. Craggs, R. Eigbe, N. Ladjimi",3,183,2,1,5,20,0,2,0,0,0,0,0,4,4,1,0,1,3,4,7,84.6,100.7,68.5,23.8,35.0,20,20,100,0,50,33.3,0,40,26,3,1,9,11.1,0,3,0,1,1,100,4,4,8,0,1,0,0,1,5,11.1,15.9,0,50,33.3,57.4,-31.4,3,1,33.3,0,0,0,2,0,0,2,0,0,1,6,1,16.7,0,0,0,3,0,0,0,0,0,0
Bristol Flyers II,"Y. Hafid, L. Ayinla, J. Craggs, E. Ekwegh, R. Bawden",1,194,10,4,5,80,1,2,50,1,3,33.3,1,1,2,3,1,0,2,1,7,85,86.9,83.1,27.6,28.9,90,79.1,75,50,50,17.7,60,40,142.3,10,5,7,71.4,0,2,0,0,0,0,1,1,2,0,1,0,1,2,6,71.4,71.4,12.5,50,28.6,148.8,-6.5,3,3,100,0,0,0,2,1,50,1,1,0,0,5,5,100,0,0,0,2,0,0,1,0,0,0
Bristol Flyers II,"Y. Hafid, R. Price, N. Ladjimi, W. Simba, E. Ekwegh",1,239,11,4,7,57.1,3,5,60,0,0,0,1,2,3,3,0,0,2,2,7,86.2,77.1,95.2,31.1,25.2,78.6,78.6,75,33.3,66.7,16.7,0,71.4,143.2,16,7,10,70,0,0,0,2,2,100,1,2,3,2,2,0,0,1,9,70,73.5,0,33.3,0,168.7,-25.5,1,1,100,1,0,0,5,3,60,2,0,0,0,5,4,80,5,3,60,0,0,0,0,0,0,0
Bristol Flyers II,"Y. Hafid, J. Craggs, N. Sagkovits, A. Bhebhe, T. Browne",2,251,13,4,7,57.1,2,4,50,3,3,100,0,2,2,3,0,2,0,0,7,74.9,76.4,73.4,31.4,32.7,71.4,78.1,75,0,100,0,42.9,57.1,162.8,9,4,7,57.1,1,3,33.3,0,0,0,0,2,2,3,0,0,1,2,7,64.3,64.3,12.5,0,42.9,117.2,45.6,3,2,66.7,0,0,0,4,2,50,0,0,0,0,3,2,66.7,1,1,100,3,1,33.3,0,0,0,1
Bristol Flyers II,"Y. Hafid, R. Eigbe, N. Ladjimi, A. Bhebhe, W. Simba",2,281,10,4,10,40,2,7,28.6,0,0,0,3,1,4,2,1,0,1,3,7,72.8,65.6,80,36.6,30.0,50,50,50,50,25,7.7,0,70,130.2,11,4,9,44.4,0,0,0,3,4,75,3,3,6,4,0,1,2,0,9,44.4,51.1,15.7,75,0,117.4,12.8,2,2,100,1,0,0,7,2,28.6,0,1,0,0,8,3,37.5,1,1,100,0,0,0,1,0,0,1
Bristol Flyers II,"Y. Hafid, R. Eigbe, N. Ladjimi, W. Simba, T. Browne",2,227,8,3,8,37.5,2,5,40,0,0,0,2,3,5,2,0,0,2,3,7,68.2,81.2,55.2,29.6,43.5,50,50,66.7,66.7,100,16.7,0,62.5,104.2,7,3,5,60,1,3,33.3,0,1,0,0,1,1,1,1,1,0,0,5,70,64.3,0,0,60,134,-29.9,3,1,33.3,0,0,0,5,2,40,0,2,0,0,1,1,100,1,1,100,3,1,33.3,0,0,0,0
Bristol Flyers II,"Y. Hafid, N. Sagkovits, N. Ladjimi, W. Simba, T. Browne",3,303,10,4,8,50,2,3,66.7,0,0,0,2,3,5,2,0,1,2,0,7,60.4,60.8,59.9,39.5,40.1,62.5,62.5,50,100,100,16.7,0,37.5,130.2,12,5,7,71.4,1,1,100,1,2,50,0,0,0,3,1,1,0,2,7,78.6,76.1,0,0,14.3,158.6,-28.4,4,1,25,1,1,100,3,2,66.7,2,0,0,0,5,3,60,1,1,100,1,1,100,0,0,0,0
Bristol Flyers II,"L. Ayinla, R. Price, J. Craggs, A. Bhebhe, T. Browne",3,214,7,3,4,75,1,1,100,0,0,0,0,2,2,1,0,0,4,3,7,91.9,86.1,97.8,27.9,24.6,87.5,87.5,33.3,0,50,44.4,0,25,91.1,15,5,8,62.5,0,2,0,5,7,71.4,2,1,3,1,3,0,0,1,8,62.5,67.7,0,50,25,172.1,-80.9,2,1,50,1,1,100,1,1,100,2,1,0,1,4,4,100,2,1,50,2,0,0,0,0,0,0
Bristol Flyers II,"L. Ayinla, J. Craggs, N. Sagkovits, A. Bhebhe, T. Browne",2,234,13,5,8,62.5,2,4,50,1,1,100,1,3,4,5,0,1,0,1,7,66.2,73.3,59.1,32.8,40.6,75,77,100,33.3,100,0,12.5,50,182,7,3,6,50,1,1,100,0,0,0,0,2,2,3,0,0,0,3,5,58.3,58.3,0,0,16.7,121.5,60.5,3,2,66.7,1,1,100,4,2,50,0,0,0,0,5,2,40,0,0,0,1,1,100,0,0,0,0
Bristol Flyers II,"L. Ayinla, J. Craggs, N. Ladjimi, L. Matthews, T. Browne",1,241,8,3,6,50,1,2,50,1,2,50,0,1,1,3,1,0,1,1,7,75.3,75.3,75.3,31.9,31.9,58.3,58.1,100,0,25,9.2,33.3,33.3,105.8,8,3,7,42.9,1,4,25,1,2,50,3,3,6,2,1,1,3,1,7,50,50.8,27.6,75,57.1,105.8,0,3,2,66.7,1,0,0,2,1,50,0,1,0,0,3,2,66.7,0,0,0,4,1,25,1,2,0,0
Bristol Flyers II,"L. Ayinla, J. Craggs, A. Bhebhe, T. Browne, E. Ekwegh",1,197,3,1,7,14.3,1,3,33.3,0,0,0,0,0,0,1,2,0,1,0,7,81.9,93.6,70.2,25.7,34.2,21.4,21.4,100,0,0,11.1,0,42.9,39.1,10,4,5,80,2,2,100,0,0,0,1,4,5,3,0,0,2,0,5,100,100,28.6,100,40,173.6,-134.5,0,0,0,4,0,0,3,1,33.3,0,1,0,0,1,1,100,2,1,50,2,2,100,1,1,0,0
Bristol Flyers II,"R. Price, R. Eigbe, A. Bhebhe, L. Matthews, E. Ekwegh",1,282,10,5,8,62.5,0,3,0,0,0,0,2,2,4,3,0,0,2,1,7,61.3,65.4,57.2,36.7,42.0,62.5,62.5,60,66.7,50,15.4,0,37.5,130.2,10,5,9,55.6,0,2,0,0,0,0,2,1,3,3,0,0,0,1,6,55.6,55.6,0,50,22.2,148.8,-18.6,4,4,100,1,1,100,3,0,0,0,0,0,1,5,4,80,2,1,50,2,0,0,0,0,0,0
Bristol Flyers II,"R. Price, R. Eigbe, L. Matthews, T. Browne, E. Ekwegh",1,186,5,2,6,33.3,0,2,0,1,1,100,1,2,3,1,0,0,2,1,7,98.4,92.2,104.5,26.0,23.0,33.3,38.8,50,25,66.7,21.2,16.7,33.3,70,12,5,8,62.5,1,2,50,1,1,100,1,3,4,3,2,0,1,2,8,68.8,71.1,10.6,33.3,25,148.1,-78.1,3,2,66.7,1,0,0,2,0,0,1,1,0,0,4,3,75,2,1,50,2,1,50,1,0,0,0
Bristol Flyers II,"J. Craggs, R. Eigbe, N. Ladjimi, L. Matthews, T. Browne",1,197,5,2,10,20,1,4,25,0,0,0,2,3,5,0,1,0,0,1,7,93.6,93.6,93.6,25.7,25.7,25,25,0,28.6,75,0,0,40,65.1,8,3,8,37.5,2,4,50,0,0,0,1,5,6,3,0,1,1,0,7,50,50,11.1,25,50,104.2,-39.1,5,1,20,1,0,0,4,1,25,0,0,0,0,4,1,25,0,0,0,4,2,50,0,1,0,0
Bristol Flyers II,"J. Craggs, R. Eigbe, A. Bhebhe, L. Matthews, E. Ekwegh",1,252,9,4,9,44.4,1,1,100,0,0,0,2,0,2,2,0,0,1,3,7,76.1,73.1,79,32.8,30.4,50,50,50,50,0,8.3,0,11.1,117.2,16,5,5,100,1,1,100,5,6,83.3,0,2,2,3,1,1,1,1,8,110,104.7,11.6,0,20,192.9,-75.7,6,3,50,2,0,0,1,1,100,0,1,0,0,4,4,100,0,0,0,1,1,100,0,1,0,0
Bristol Hurricanes,"A. Pearce, D. Edozie, E. Dusha, D. Ubiaro, C. Samuels",2,199,5,1,3,33.3,0,0,0,3,6,50,0,4,4,0,0,0,2,1,7,84.8,88.5,81,27.1,29.6,33.3,44.3,0,0,100,26.2,200,0,68.2,6,3,7,42.9,0,2,0,0,0,0,0,4,4,3,2,0,0,4,6,42.9,42.9,0,0,28.6,89.3,-21.1,1,1,100,2,0,0,0,0,0,1,1,0,0,4,2,50,1,1,100,2,0,0,0,0,0,0
Bristol Hurricanes,"A. Pearce, D. Edozie, E. Dusha, C. Samuels, V. Dilys",1,241,4,2,7,28.6,0,4,0,0,1,0,3,1,4,0,1,0,3,0,7,64.2,71.1,57.4,33.7,41.8,28.6,26.9,0,50,100,28.7,14.3,57.1,56,10,4,5,80,2,3,66.7,0,0,0,0,3,3,2,1,0,1,3,5,100,100,16.7,0,60,173.6,-117.6,3,2,66.7,0,0,0,4,0,0,1,2,0,0,1,1,100,1,1,100,3,2,66.7,0,1,1,0
Bristol Hurricanes,"A. Pearce, D. Forsyth, E. Dusha, C. Samuels, C. Taylor",1,170,8,3,5,60,2,3,66.7,0,0,0,0,1,1,1,2,0,3,1,7,101.6,108.4,94.9,22.1,25.3,80,80,33.3,0,50,33.3,0,60,104.2,9,4,6,66.7,1,2,50,0,0,0,1,2,3,3,1,1,2,1,6,75,75,25,50,33.3,133.9,-29.8,1,1,100,1,0,0,3,2,66.7,0,1,0,1,3,3,100,1,0,0,2,1,50,1,1,0,0
Bristol Hurricanes,"E. Dusha, J. Dang-Akodo, C. Samuels, V. Dilys, C. Taylor",1,151,7,3,4,75,1,2,50,0,0,0,0,1,1,3,2,0,4,2,7,121.2,122.1,120.2,19.7,20.0,87.5,87.5,100,0,100,36.4,0,50,91.1,6,2,3,66.7,0,0,0,2,2,100,0,1,1,1,2,0,4,0,7,66.7,77.3,50.8,0,0,79.3,11.8,2,2,100,0,0,0,2,1,50,0,2,0,1,3,2,66.7,0,0,0,0,0,0,1,1,0,2
Bristol Hurricanes,"E. Dusha, D. Ubiaro, C. Samuels, V. Dilys, C. Taylor",1,302,13,5,9,55.6,2,2,100,1,2,50,3,1,4,4,0,0,1,2,7,63.9,60.1,67.7,39.9,35.4,66.7,65.8,80,60,100,6.7,22.2,22.2,171.8,13,5,7,71.4,1,1,100,2,2,100,0,2,2,3,1,0,1,3,8,78.6,82.5,11.3,0,14.3,152.5,19.4,6,3,50,0,0,0,2,2,100,1,0,0,0,5,4,80,1,0,0,1,1,100,0,1,0,0
Bristol Hurricanes,"J. Dang-Akodo, D. Ubiaro, C. Samuels, V. Dilys, C. Taylor",2,226,5,2,7,28.6,0,1,0,1,7,14.3,2,2,4,1,0,0,0,2,7,93.8,82.4,105.2,29.1,22.8,28.6,24.8,50,40,40,0,100,14.3,64.5,9,4,8,50,1,3,33.3,0,3,0,3,3,6,1,0,0,4,8,9,56.2,48.3,30,60,37.5,90.8,-26.4,5,2,40,1,0,0,1,0,0,0,0,0,0,2,1,50,2,1,50,3,1,33.3,0,0,0,2
Derby Trailblazers,"C. Burr, C. Washington, S. Walker, C. Brown, M. Smith",3,205,9,4,7,57.1,0,1,0,1,3,33.3,1,1,2,2,0,1,0,3,7,73.5,82.3,64.7,29.2,37.1,57.1,54.1,50,33.3,100,0,42.9,14.3,128.1,5,1,4,25,0,1,0,3,4,75,0,2,2,0,0,0,0,0,5,25,43.4,0,0,25,90.4,37.7,4,4,100,2,0,0,1,0,0,0,0,0,0,3,1,33.3,0,0,0,1,0,0,0,0,0,0
Derby Trailblazers,"E. Norman, C. Washington, J. Pathmarajah, S. Walker, R. May-Thompson",1,251,8,3,6,50,1,2,50,1,3,33.3,1,3,4,1,0,1,2,2,7,74.9,76.4,73.4,31.4,32.7,58.3,54.6,33.3,25,42.9,19.4,50,33.3,100.2,8,4,11,36.4,0,6,0,0,0,0,4,3,7,3,0,0,1,3,7,36.4,36.4,8.3,57.1,54.5,104.2,-4,4,2,50,0,0,0,2,1,50,0,0,0,1,3,2,66.7,2,2,100,6,0,0,0,1,0,0
Derby Trailblazers,"E. Norman, C. Washington, J. Pathmarajah, R. Marsden, R. May-Thompson",2,273,6,2,7,28.6,1,2,50,1,2,50,1,0,1,1,0,0,1,1,7,67,66.5,67.5,36.1,35.5,35.7,38.1,50,33.3,0,10.1,28.6,28.6,79.3,18,8,9,88.9,2,2,100,0,0,0,1,2,3,7,1,0,0,0,7,100,100,0,100,22.2,234.4,-155.1,4,1,25,1,0,0,2,1,50,0,1,0,0,6,6,100,1,0,0,2,2,100,0,0,0,0
Essex Rebels,"M. Wol-Cummings, M. Amako, K. Martin, T. Child, T. Hudson",2,207,8,4,10,40,0,3,0,0,0,0,2,3,5,3,1,0,0,1,7,94.6,89,100.2,27.0,24.0,40,40,75,33.3,75,0,0,30,104.2,6,3,7,42.9,0,4,0,0,0,0,1,4,5,2,0,0,3,3,8,42.9,42.9,30,25,57.1,69.4,34.7,5,4,80,2,0,0,3,0,0,0,0,0,0,3,3,100,0,0,0,4,0,0,1,0,0,1
Essex Rebels,"M. Wol-Cummings, M. Amako, D. Johnson-Thompson, M. Brown, A. Idiata-Mendez",2,212,6,2,7,28.6,0,2,0,2,2,100,2,2,4,2,3,1,2,1,7,91.1,85.6,96.5,28.0,24.9,28.6,38.1,100,50,100,16.8,28.6,28.6,79.3,9,3,5,60,1,2,50,2,2,100,0,2,2,2,1,0,3,0,8,70,76.5,33.8,0,40,105.6,-26.3,4,2,50,1,0,0,2,0,0,1,0,1,1,2,2,100,1,0,0,2,1,50,3,0,0,0
Essex Rebels,"M. Wol-Cummings, R. Udeh, A. Idiata-Mendez, H. Gent, T. Hudson",1,267,8,3,6,50,2,3,66.7,0,0,0,0,0,0,3,0,0,2,1,7,72.8,69,76.6,34.8,31.3,66.7,66.7,100,0,0,18.2,0,50,104.2,19,8,9,88.9,2,3,66.7,1,2,50,1,3,4,4,0,0,0,0,8,100,96.2,0,100,33.3,222.9,-118.7,2,0,0,1,1,100,3,2,66.7,0,1,0,1,5,5,100,1,1,100,3,2,66.7,0,0,0,0
Essex Rebels,"K. Martin, D. Johnson-Thompson, M. Brown, A. Idiata-Mendez, T. Child",5,192,12,4,4,100,2,2,100,2,2,100,0,1,1,3,2,0,3,2,7,89.3,94.6,84,25.4,28.6,125,123,75,0,50,27.6,50,50,158.6,9,4,6,66.7,1,1,100,0,0,0,1,0,1,1,1,0,2,0,6,75,75,25,50,16.7,133.9,24.7,1,1,100,1,1,100,2,2,100,2,0,0,1,4,2,50,1,1,100,1,1,100,1,1,0,0
Hemel Storm,"M. Sokoli, K. Walker, V. Eze, S. Newman, J. Burnell",3,227,13,5,11,45.5,3,6,50,0,0,0,3,1,4,2,0,0,0,1,7,80,81.2,78.8,29.6,30.5,59.1,59.1,40,60,100,0,0,54.5,169.3,13,4,5,80,1,1,100,4,4,100,0,2,2,1,0,0,1,1,7,90,96.2,12.9,0,20,174.5,-5.2,5,2,40,0,0,0,6,3,50,0,0,0,0,3,3,100,1,0,0,1,1,100,0,1,0,0
Hemel Storm,"D. Nelson-Henry, K. Walker, V. Eze, S. Newman, J. Burnell",3,230,1,0,3,0,0,3,0,1,2,50,2,0,2,1,0,0,6,5,7,79.9,78.9,80.9,30.4,29.7,0,12.9,0,100,0,55.1,66.7,100,13.2,14,4,4,100,2,2,100,4,7,57.1,1,0,1,4,2,0,2,4,7,125,98.9,22,100,50,180.5,-167.3,0,0,0,0,0,0,3,0,0,1,1,1,2,2,2,100,0,0,0,2,2,100,0,2,0,0
Hemel Storm,"D. Nelson-Henry, V. Eze, S. Newman, J. Rai, J. Burnell",1,209,10,4,6,66.7,1,1,100,1,2,50,1,3,4,3,1,0,2,1,7,86.9,86.9,86.9,27.6,27.6,75,72.7,75,50,75,16.8,33.3,16.7,132.2,6,2,6,33.3,0,2,0,2,2,100,1,1,2,2,2,0,2,1,7,33.3,43.6,22.5,25,33.3,79.3,52.9,4,3,75,1,0,0,1,1,100,2,0,0,0,4,2,50,0,0,0,2,0,0,0,1,0,1
Hemel Storm,"D. Nelson-Henry, D. Parkinson, B. Inger, S. Newman, J. Burnell",2,132,3,1,4,25,0,3,0,1,3,33.3,0,1,1,1,0,0,2,1,7,116.2,127.8,104.7,18.8,22.9,25,28.2,100,0,33.3,24,75,75,42.7,10,4,7,57.1,2,4,50,0,0,0,2,3,5,2,0,0,1,1,5,71.4,71.4,12.5,66.7,57.1,173.6,-130.9,1,1,100,0,0,0,3,0,0,0,0,0,1,1,1,100,2,1,50,4,2,50,1,0,0,0
Hemel Storm,"K. Walker, D. Parkinson, B. Inger, S. Newman, J. Burnell",2,231,6,2,7,28.6,0,4,0,2,2,100,0,2,2,1,0,1,0,0,7,78.6,78.6,78.6,30.5,30.5,28.6,38.1,50,0,66.7,0,28.6,57.1,79.3,10,4,8,50,1,3,33.3,1,2,50,1,4,5,2,0,0,0,2,7,56.2,56.3,0,33.3,37.5,132.2,-52.9,3,2,66.7,0,0,0,4,0,0,0,0,0,0,3,2,66.7,2,1,50,3,1,33.3,0,0,0,0
London Cavaliers,"J. Manning, J. Richards, D. Delsol-Lowry, D. Ainembabazi, A. Pyne",1,210,9,4,7,57.1,1,3,33.3,0,2,0,0,4,4,2,1,0,0,0,7,87.1,86.5,87.8,27.8,27.3,64.3,57.1,50,0,80,0,28.6,42.9,119,7,3,8,37.5,1,4,25,0,0,0,1,4,5,1,0,0,1,1,7,43.8,43.8,11.1,20,50,91.1,27.8,4,3,75,0,0,0,3,1,33.3,0,0,0,0,1,1,100,3,1,33.3,4,1,25,1,0,0,0
London Cavaliers,"J. Manning, D. Delsol-Lowry, D. Braster, A. Roberts, A. Pyne",1,155,9,3,8,37.5,1,1,100,2,3,66.7,4,2,6,2,2,0,2,1,7,99,108.8,89.2,22.1,26.9,43.8,48.3,66.7,80,100,15,37.5,12.5,128.1,5,2,4,50,1,2,50,0,0,0,0,1,1,2,2,1,2,2,5,62.5,62.5,33.3,0,50,86.8,41.3,7,2,28.6,0,0,0,1,1,100,1,1,0,0,1,1,100,1,0,0,2,1,50,2,0,0,0
London Cavaliers,"J. Manning, M. Beasley, D. Braster, A. Roberts, O. Pond-Mckenzie",1,290,17,6,10,60,5,7,71.4,0,0,0,2,3,5,3,3,0,0,0,7,71.5,63.6,79.4,37.8,30.2,85,85,50,50,50,0,0,70,221.4,2,1,8,12.5,0,5,0,0,0,0,3,2,5,0,0,0,5,0,9,12.5,12.5,38.5,50,62.5,20.8,200.5,3,1,33.3,0,0,0,7,5,71.4,0,0,1,0,2,1,50,1,0,0,5,0,0,4,1,0,0
London Cavaliers,"J. Richards, M. Collins, D. Delsol-Lowry, D. Ainembabazi, A. Roberts",1,256,10,4,8,50,0,3,0,2,2,100,2,3,5,2,3,0,1,0,7,76,70.9,81,33.8,29.6,50,56.3,50,50,75,8.4,25,37.5,132.2,3,1,6,16.7,1,5,20,0,0,0,1,2,3,1,0,0,4,1,8,25,25,40,25,83.3,34.7,97.5,5,4,80,0,0,0,3,0,0,0,0,0,1,1,0,0,0,0,0,5,1,20,2,2,0,0
London Cavaliers,"J. Richards, D. Braster, D. Ainembabazi, A. Roberts, O. Pond-Mckenzie",1,209,7,3,8,37.5,1,5,20,0,0,0,2,1,3,1,2,0,2,0,7,88.2,88.2,88.2,27.2,27.2,43.8,43.8,33.3,50,50,18.2,0,62.5,91.1,11,4,6,66.7,3,4,75,0,0,0,1,2,3,4,2,0,3,1,7,91.7,91.7,33.3,50,66.7,143.2,-52.1,2,2,100,1,0,0,5,1,20,2,0,0,0,0,0,0,2,1,50,4,3,75,1,2,0,0
London Cavaliers,"M. Beasley, D. Delsol-Lowry, D. Braster, A. Roberts, O. Pond-Mckenzie",1,163,8,3,6,50,0,2,0,2,4,50,0,4,4,2,0,1,0,1,7,109.7,109.7,109.7,21.9,21.9,50,51.5,66.7,0,100,0,66.7,33.3,107.4,7,2,6,33.3,0,1,0,3,4,75,0,3,3,2,0,1,0,2,7,33.3,45.1,0,0,16.7,94,13.4,4,3,75,0,0,0,2,0,0,0,0,0,0,5,2,40,0,0,0,1,0,0,0,0,0,0
Loughborough Riders,"J. Campbell, M. Joiner, L. Ehiorobo, T. Akinsuku, S. Wylie",1,204,8,3,7,42.9,1,3,33.3,1,1,100,0,3,3,2,1,0,0,0,7,87.2,84,90.4,28.6,26.6,50,53.8,66.7,0,60,0,14.3,42.9,112,4,2,8,25,0,1,0,0,0,0,2,4,6,2,0,1,2,1,7,25,25,20,40,12.5,52.1,59.9,4,2,50,0,0,0,3,1,33.3,0,0,0,0,6,2,33.3,1,0,0,1,0,0,1,1,1,0
Loughborough Riders,"J. Campbell, L. Ehiorobo, S. Wylie, D. Hadley, M. Joiner",2,290,8,4,8,50,0,3,0,0,0,0,1,2,3,2,1,0,1,3,7,75.8,63.6,88,37.8,27.3,50,50,50,33.3,40,9.1,0,37.5,104.2,15,5,10,50,0,2,0,5,7,71.4,3,2,5,3,0,0,1,0,10,50,57.3,7.1,60,20,141,-36.9,4,4,100,1,0,0,3,0,0,0,1,0,0,6,4,66.7,2,1,50,2,0,0,0,1,0,0
Loughborough Riders,"J. Campbell, T. Akinsuku, L. Campbell, S. Wylie, C. Keys",1,226,9,4,9,44.4,1,4,25,0,1,0,3,6,9,1,0,0,1,2,7,83.2,75.8,90.5,31.6,26.5,50,47.7,25,60,85.7,8.7,11.1,44.4,126,6,2,9,22.2,1,3,33.3,1,2,50,1,2,3,1,1,0,0,1,8,27.8,30.4,0,14.3,33.3,70.4,55.6,4,3,75,1,0,0,4,1,25,1,0,0,0,4,1,25,2,0,0,3,1,33.3,0,0,0,0
Loughborough Riders,"J. Campbell, J. Cook, J. Cook, L. Campbell, D. Hadley",2,214,11,4,8,50,1,3,33.3,2,2,100,1,1,2,2,0,0,0,3,7,79.5,84.8,74.1,28.3,32.4,56.2,61.9,50,25,100,0,25,37.5,145.4,12,4,6,66.7,2,3,66.7,2,2,100,0,3,3,5,0,0,0,0,6,83.3,87.2,0,0,50,181.7,-36.3,3,2,66.7,2,1,50,3,1,33.3,0,0,0,0,2,1,50,1,1,100,3,2,66.7,0,0,0,0
Loughborough Riders,"J. Campbell, D. Hadley, J. Cook, T. Akinsuku, C. Keys",2,130,5,1,3,33.3,1,3,33.3,2,2,100,0,2,2,0,1,0,4,2,7,121.9,139.7,104.2,17.2,23.0,50,64.4,0,0,100,50.8,66.7,100,66.1,2,0,3,0,0,2,0,2,2,100,0,1,1,0,2,0,2,0,5,0,25.8,34,0,66.7,35.4,30.7,0,0,0,0,0,0,3,1,33.3,1,1,0,1,1,0,0,0,0,0,2,0,0,2,0,0,0
Loughborough Riders,"J. Campbell, M. Joiner, S. Wylie, S. Wylie, C. Keys",1,272,11,5,7,71.4,1,2,50,0,0,0,1,2,3,3,0,0,2,1,7,63,67.8,58.3,35.4,41.2,78.6,78.6,60,50,50,16.7,0,28.6,143.2,9,4,8,50,0,2,0,1,2,50,2,1,3,3,1,0,0,1,6,50,50.7,0,50,25,136.3,7,3,2,66.7,2,2,100,2,1,50,1,0,0,1,3,3,100,3,1,33.3,2,0,0,0,0,0,0
Loughborough Riders,"J. Campbell, M. Joiner, S. Wylie, C. Keys, C. Keys",1,250,7,3,5,60,0,1,0,1,3,33.3,0,4,4,0,1,1,1,1,7,70.6,67.5,73.7,35.6,32.6,60,55.4,0,0,100,13.7,60,20,99.6,8,3,7,42.9,2,4,50,0,0,0,0,2,2,2,1,0,1,3,7,57.1,57.1,12.5,0,57.1,104.2,-4.6,3,2,66.7,0,0,0,1,0,0,1,0,0,0,2,1,50,1,0,0,4,2,50,0,1,0,0
Loughborough Riders,"M. Joiner, L. Ehiorobo, T. Akinsuku, S. Wylie, C. Keys",1,227,4,2,6,33.3,0,4,0,0,1,0,0,3,3,0,1,0,1,1,7,80.6,75.5,85.7,31.8,28.0,33.3,31.1,0,0,50,13.4,16.7,66.7,56,11,4,10,40,2,3,66.7,1,1,100,3,5,8,2,1,0,1,0,8,50,52.7,8.7,50,30,135.8,-79.8,2,2,100,0,0,0,4,0,0,1,0,0,0,5,2,40,2,0,0,3,2,66.7,0,1,0,0
Loughborough Riders,"M. Joiner, T. Akinsuku, L. Campbell, S. Wylie, C. Keys",1,247,5,2,8,25,1,2,50,0,0,0,2,1,3,2,3,1,2,1,7,78.7,74.6,82.8,32.2,29.0,31.2,31.2,100,33.3,100,16.7,0,25,65.1,7,3,5,60,0,1,0,1,2,50,0,4,4,1,2,1,3,1,8,60,59.5,33.8,0,20,82.1,-17,4,1,25,2,0,0,2,1,50,0,2,0,0,2,2,100,2,1,50,1,0,0,0,3,0,0
Loughborough Riders,"M. Joiner, T. Akinsuku, L. Campbell, S. Wylie, D. Hadley",1,248,4,1,6,16.7,0,4,0,2,2,100,1,2,3,0,1,2,2,1,7,64.5,73.2,55.7,32.8,43.1,16.7,29.1,0,20,100,22.5,33.3,66.7,52.9,6,3,5,60,0,0,0,0,0,0,0,4,4,2,2,0,1,2,5,60,60,16.7,0,0,104.2,-51.3,1,1,100,1,0,0,4,0,0,1,1,0,0,4,3,75,1,0,0,0,0,0,0,1,0,0
Loughborough Riders,"L. Ehiorobo, D. Hadley, O. Curran, L. Campbell, C. Nyarko",1,185,12,3,5,60,2,3,66.7,4,5,80,0,4,4,3,0,0,1,1,7,97.4,102.1,92.7,23.5,25.9,80,83.3,100,0,66.7,8.9,100,60,152.4,7,3,8,37.5,1,3,33.3,0,1,0,2,2,4,1,1,0,1,3,7,43.8,41.5,10.6,33.3,37.5,98,54.4,2,1,50,0,0,0,3,2,66.7,1,0,0,0,5,2,40,0,0,0,3,1,33.3,0,1,0,0
Loughborough Riders,"J. Cook, J. Cook, L. Campbell, S. Wylie, C. Keys",1,280,7,2,5,40,0,1,0,3,4,75,1,5,6,1,0,0,2,1,7,72.6,63.9,81.3,37.6,29.5,40,51.8,50,33.3,100,20.5,80,20,94,5,2,6,33.3,0,1,0,1,2,50,0,2,2,1,0,0,3,3,9,33.3,36.3,30.4,0,16.7,52.7,41.2,0,0,0,4,2,50,1,0,0,0,1,0,1,3,1,33.3,2,1,50,1,0,0,0,0,0,2
Loughborough Riders,"J. Cook, T. Akinsuku, L. Campbell, S. Wylie, C. Keys",1,172,8,3,4,75,1,1,100,1,2,50,1,4,5,2,0,0,4,1,7,106.4,105.6,107.2,22.7,22.4,87.5,82,66.7,100,100,36.8,50,25,105.8,5,2,6,33.3,1,1,100,0,0,0,0,0,0,2,4,0,2,4,7,41.7,41.7,25,0,16.7,65.1,40.6,1,1,100,2,1,50,1,1,100,3,1,0,0,3,1,33.3,2,0,0,1,1,100,0,0,0,1
Milton Keynes Breakers,"K. Williams, B. Baker-Mccann, M. New Jr., X. Wilson, J. Spencer",2,240,6,1,7,14.3,0,4,0,4,4,100,2,3,5,2,0,0,1,2,7,73.9,74.5,73.3,32.2,32.7,14.3,34.2,200,33.3,75,8.5,57.1,57.1,80.5,12,2,6,33.3,2,4,50,6,6,100,1,4,5,2,0,0,0,2,7,50,69.4,0,25,66.7,163.6,-83.1,0,0,0,3,1,33.3,4,0,0,0,1,0,0,0,0,0,2,0,0,4,2,50,0,0,0,0
Milton Keynes Breakers,"K. Williams, J. Dietrich, J. Spencer, B. Freckleton, C. Thompson",2,181,6,3,5,60,0,1,0,0,0,0,0,2,2,2,0,0,3,2,7,88.3,101.8,74.8,23.6,32.1,60,60,66.7,0,100,30,0,20,78.1,6,2,4,50,1,3,33.3,1,2,50,0,2,2,2,0,0,1,0,5,62.5,61.5,17,0,75,106.3,-28.2,2,1,50,2,2,100,1,0,0,0,0,0,2,1,1,100,0,0,0,3,1,33.3,0,0,1,0
Milton Keynes Breakers,"D. Jackson, B. Baker-Mccann, J. Dietrich, M. New Jr., C. Thompson",2,261,8,3,9,33.3,0,2,0,2,2,100,2,3,5,2,2,0,0,1,7,74.5,69.6,79.4,34.5,30.2,33.3,40.5,66.7,33.3,50,0,22.2,22.2,105.8,8,4,10,40,0,2,0,0,0,0,3,4,7,0,0,0,2,1,8,40,40,16.7,50,20,92.6,13.2,6,3,50,1,0,0,2,0,0,0,0,0,0,6,3,50,2,1,50,2,0,0,1,1,0,0
Milton Keynes Breakers,"D. Jackson, B. Baker-Mccann, L. Gregory, M. New Jr., B. Freckleton",3,160,5,1,5,20,0,2,0,3,3,100,2,4,6,0,1,0,4,4,7,104.5,119.8,89.3,20.0,26.9,20,39.6,0,50,100,38.8,60,40,62.6,5,1,3,33.3,0,1,0,3,5,60,0,2,2,0,0,0,1,3,5,33.3,48.1,16.1,0,33.3,84,-21.4,3,1,33.3,0,0,0,2,0,0,0,0,0,2,2,1,50,0,0,0,1,0,0,0,1,0,0
Milton Keynes Breakers,"D. Jackson, B. Baker-Mccann, M. New Jr., X. Wilson, B. Freckleton",2,230,9,4,8,50,1,3,33.3,0,0,0,3,3,6,3,1,2,3,2,7,79.5,80.1,78.9,29.9,30.4,56.2,56.2,75,75,75,21.4,0,37.5,117.2,7,2,6,33.3,1,2,50,2,2,100,1,1,2,1,1,0,2,2,7,41.7,50.9,22.5,25,33.3,92.5,24.7,4,2,50,1,1,100,3,1,33.3,0,2,0,1,2,0,0,2,1,50,2,1,50,0,2,0,0
Milton Keynes Breakers,"D. Jackson, J. Dietrich, L. Gregory, X. Wilson, C. Thompson",1,272,9,3,6,50,1,2,50,2,2,100,1,2,3,2,2,0,2,1,7,68.6,66.7,70.5,36.0,34.1,58.3,65.4,66.7,33.3,66.7,18.4,33.3,33.3,119,9,3,6,50,0,1,0,3,3,100,1,2,3,1,2,0,2,3,7,50,61.5,21.5,33.3,16.7,112.7,6.3,2,2,100,2,0,0,2,1,50,2,0,0,0,3,2,66.7,2,1,50,1,0,0,2,0,0,0
Milton Keynes Breakers,"D. Jackson, J. Dietrich, M. New Jr., X. Wilson, C. Thompson",3,225,3,0,4,0,0,1,0,3,4,75,2,4,6,0,0,1,4,3,7,85.2,79.5,90.9,30.2,26.4,0,26,0,40,100,41,100,25,40.3,6,2,7,28.6,0,3,0,2,2,100,0,3,3,2,2,0,1,5,8,28.6,38.1,11.3,0,42.9,70.4,-30.1,2,0,0,1,0,0,1,0,0,1,1,0,1,3,2,66.7,1,0,0,3,0,0,0,0,0,1
Milton Keynes Breakers,"D. Jackson, M. New Jr., X. Wilson, J. Spencer, C. Thompson",3,248,7,3,10,30,1,3,33.3,0,0,0,2,1,3,2,0,0,0,2,7,68.6,74.3,62.8,32.3,38.2,35,35,66.7,40,33.3,0,0,30,91.1,9,3,6,50,0,1,0,3,4,75,2,3,5,2,0,0,1,1,6,50,58,11.4,66.7,16.7,138.7,-47.5,1,1,100,6,1,16.7,3,1,33.3,0,0,0,0,1,0,0,3,2,66.7,1,0,0,0,1,0,0
Milton Keynes Breakers,"D. Jackson, L. Gregory, X. Wilson, J. Spencer, B. Freckleton",2,255,12,5,7,71.4,2,3,66.7,0,0,0,0,4,4,3,0,0,1,1,7,76.3,72.3,80.2,33.2,29.9,85.7,85.7,60,0,80,9.1,0,42.9,156.2,7,2,7,28.6,1,3,33.3,2,2,100,1,2,3,2,1,0,2,1,8,35.7,44.4,20.2,20,42.9,82.1,74.1,3,3,100,1,0,0,3,2,66.7,1,0,0,0,1,0,0,3,1,33.3,3,1,33.3,0,0,0,1
Milton Keynes Breakers,"D. Jackson, X. Wilson, J. Spencer, B. Freckleton, C. Thompson",2,267,14,5,8,62.5,2,3,66.7,2,2,100,1,1,2,4,1,0,0,4,7,67.5,68,67,35.3,35.8,75,78.8,80,33.3,50,0,25,37.5,185.1,11,3,6,50,2,2,100,3,4,75,1,2,3,2,0,0,1,2,7,66.7,70.9,11.4,50,33.3,147.7,37.4,4,3,75,1,0,0,3,2,66.7,0,0,0,0,2,0,0,2,1,50,2,2,100,1,0,0,0
Milton Keynes Breakers,"B. Baker-Mccann, J. Dietrich, L. Gregory, M. New Jr., X. Wilson",1,259,8,4,5,80,0,0,0,0,0,0,0,1,1,0,1,0,3,4,7,65.7,71.2,60.1,33.7,39.9,80,80,0,0,50,37.5,0,0,104.2,7,2,5,40,0,2,0,3,4,75,1,1,2,1,1,0,1,1,6,40,51.8,12.9,50,40,107.9,-3.7,4,4,100,1,0,0,0,0,0,0,1,0,1,3,2,66.7,0,0,0,2,0,0,1,0,0,0
Milton Keynes Breakers,"J. Dietrich, M. New Jr., J. Spencer, B. Freckleton, C. Thompson",3,226,10,4,9,44.4,2,7,28.6,0,0,0,2,4,6,2,1,0,1,1,7,78.7,81.6,75.8,29.4,31.6,55.6,55.6,50,40,66.7,8.3,0,77.8,130.2,4,2,8,25,0,2,0,0,1,0,2,3,5,0,1,0,1,4,7,25,23.7,10.6,33.3,25,56,74.2,0,0,0,2,2,100,7,2,28.6,0,1,0,0,5,1,20,1,1,100,2,0,0,0,1,0,0
Newcastle Knights,"B. Dean, S. Trunley, J. Thames, J. Soodeen, F. Cork",1,237,8,3,7,42.9,1,4,25,1,3,33.3,1,3,4,2,0,1,1,2,7,80.9,80.9,80.9,29.7,29.7,50,48.1,66.7,33.3,100,8.8,42.9,57.1,100.2,10,3,6,50,1,2,50,3,3,100,0,2,2,2,1,0,1,3,7,58.3,68.3,12,0,33.3,125.2,-25,1,1,100,2,1,50,4,1,25,1,0,0,0,1,0,0,3,2,66.7,2,1,50,0,1,0,0
Newcastle Knights,"B. Dean, S. Trunley, J. Thames, J. Soodeen, W. Neighbour",1,241,18,7,7,100,4,4,100,0,0,0,0,3,3,4,0,0,1,1,7,81.3,76.5,86,31.4,27.9,128.6,128.6,57.1,0,100,8.3,0,57.1,234.4,11,5,9,55.6,1,5,20,0,0,0,0,0,0,4,1,0,0,1,8,61.1,61.1,0,0,55.6,127.3,107.1,2,2,100,1,1,100,4,4,100,1,0,0,0,4,4,100,0,0,0,5,1,20,0,0,0,0
Newcastle Knights,"B. Dean, S. Trunley, J. Thames, J. Soodeen, M. Hendry",2,272,10,4,12,33.3,0,5,0,2,3,66.7,5,1,6,0,2,1,0,1,7,77.1,70.5,83.7,34.1,28.7,33.3,37.5,0,55.6,50,0,25,41.7,125.2,8,3,6,50,1,1,100,1,2,50,1,4,5,0,0,0,4,4,9,58.3,58.1,36.8,50,16.7,84.3,40.9,5,2,40,2,2,100,5,0,0,0,0,0,0,5,2,40,0,0,0,1,1,100,1,1,0,1
Newcastle Knights,"B. Dean, S. Trunley, J. Thames, M. Hendry, H. Abdul",1,227,7,1,5,20,1,4,25,4,6,66.7,1,4,5,0,0,0,1,2,7,84.4,77.5,91.3,31.0,26.3,30,45.8,0,16.7,50,11.6,120,80,95.4,4,2,11,18.2,0,2,0,0,0,0,4,5,9,0,1,0,2,5,8,18.2,18.2,15.4,50,18.2,46.3,49.1,0,0,0,1,0,0,4,1,25,0,1,0,0,6,2,33.3,3,0,0,2,0,0,0,0,1,1
Newcastle Knights,"B. Dean, S. Trunley, J. Thames, H. Abdul, T. Riley",1,208,13,4,5,80,2,3,66.7,3,3,100,0,1,1,4,0,1,1,0,7,76.2,81.1,71.3,29.6,33.6,100,102.8,100,0,20,8.8,60,60,185,9,4,8,50,1,2,50,0,1,0,4,1,5,1,1,0,2,1,6,56.2,53.3,19.2,80,25,145.6,39.4,1,1,100,1,1,100,3,2,66.7,0,1,0,0,6,3,50,0,0,0,2,1,50,2,0,0,0
Newcastle Knights,"B. Dean, S. Trunley, J. Thames, R. Reed, S. Angus",1,219,8,3,7,42.9,0,2,0,2,2,100,1,3,4,2,0,1,1,1,7,78.3,82.9,73.6,28.9,32.6,42.9,50.8,66.7,25,100,9.2,28.6,28.6,105.8,7,3,6,50,1,2,50,0,0,0,0,3,3,2,0,0,1,1,6,58.3,58.3,14.3,0,33.3,104.2,1.6,5,3,60,0,0,0,2,0,0,0,0,0,1,2,2,100,2,0,0,2,1,50,0,1,1,0
Newcastle Knights,"B. Dean, J. Thames, R. Graham-Bell, M. Hendry, M. Jones",2,276,9,4,10,40,0,3,0,1,2,50,5,2,7,3,3,0,2,2,7,66.3,65.8,66.8,36.5,35.9,40,41.4,75,71.4,100,12.6,20,30,119,7,3,5,60,1,2,50,0,0,0,0,2,2,3,0,1,3,4,7,70,70,37.5,0,40,91.1,27.8,4,2,50,3,2,66.7,3,0,0,0,1,0,1,2,2,100,1,0,0,2,1,50,2,1,0,0
Newcastle Knights,"B. Dean, J. Thames, M. Hendry, M. Jones, T. Riley",1,153,5,1,4,25,0,1,0,3,6,50,0,0,0,1,2,0,1,1,7,110.2,115,105.4,20.9,22.8,25,37.7,100,0,0,11.6,150,25,68.2,10,4,5,80,2,2,100,0,0,0,1,4,5,3,1,0,3,2,6,100,100,37.5,100,40,148.8,-80.6,1,1,100,2,0,0,1,0,0,1,0,0,0,3,2,66.7,0,0,0,2,2,100,3,0,0,0
Newcastle Knights,"B. Dean, F. Cork, M. Hendry, M. Jones, M. Matthews",1,231,12,4,7,57.1,0,0,0,4,4,100,2,2,4,2,2,0,1,1,7,78.6,77.4,79.8,31.0,30.1,57.1,68.5,50,66.7,66.7,8.5,57.1,0,161.1,8,3,6,50,2,4,50,0,0,0,1,1,2,2,0,0,3,1,7,66.7,66.7,33.3,33.3,66.7,104.2,56.9,5,3,60,2,1,50,0,0,0,1,0,0,0,1,1,100,1,0,0,4,2,50,2,1,0,0
Newcastle Knights,"F. Cork, R. Graham-Bell, M. Hendry, R. Reed, M. Matthews",1,163,4,1,2,50,0,1,0,2,3,66.7,0,2,2,2,2,1,4,0,7,114.5,103.5,125.5,23.2,19.1,50,60.2,200,0,66.7,42.9,150,50,56.9,4,1,4,25,0,0,0,2,2,100,1,2,3,0,3,0,5,2,8,25,41,50.6,33.3,0,46.9,10,0,0,0,1,1,100,1,0,0,3,0,0,1,3,0,0,1,1,100,0,0,0,0,3,0,1
Nottingham Hoods,"T. Williams, A. Adedo, B. Johnson, L. Maitland, S. Akano",1,181,9,4,7,57.1,1,2,50,0,0,0,1,1,2,3,3,1,2,2,7,103.9,101.8,105.9,23.6,22.7,64.3,64.3,75,33.3,20,16.7,0,28.6,117.2,9,3,8,37.5,1,1,100,2,3,66.7,4,2,6,2,2,0,3,1,7,43.8,48.3,24.4,80,12.5,112.7,4.5,4,3,75,1,0,0,2,1,50,2,0,0,0,7,2,28.6,0,0,0,1,1,100,2,1,0,0
Nottingham Hoods,"T. Williams, K. Bartholomew, T. Williams, S. Akano, M. Savery-Richards",1,214,6,2,4,50,1,2,50,1,2,50,2,4,6,0,1,0,5,1,7,90.2,84.8,95.6,28.3,25.1,62.5,61.5,0,100,80,50.6,50,50,79.3,6,2,8,25,0,4,0,2,2,100,1,0,1,1,5,0,1,1,8,25,33.8,10.1,20,50,70.4,8.9,2,1,50,0,0,0,2,1,50,2,3,0,0,3,2,66.7,1,0,0,4,0,0,0,1,0,0
Nottingham Hoods,"A. Adedo, S. Jamison, E. Bailey, S. Akano, C. Ross",1,238,16,6,8,75,4,5,80,0,0,0,0,2,2,4,2,2,0,1,7,82.3,77.4,87.1,31.0,27.5,100,100,66.7,0,50,0,0,62.5,208.3,8,4,9,44.4,0,1,0,0,0,0,2,2,4,1,0,0,2,0,8,44.4,44.4,18.2,50,11.1,92.6,115.7,3,2,66.7,0,0,0,5,4,80,0,0,0,0,7,3,42.9,1,1,100,1,0,0,2,0,0,0
Nottingham Hoods,"A. Adedo, K. Bartholomew, S. Akano, M. Savery-Richards, C. Ross",1,223,7,1,5,20,0,2,0,5,6,83.3,0,2,2,0,0,0,0,2,7,85.3,78.9,91.7,30.4,26.2,20,45.8,0,0,100,0,120,40,95.4,12,5,7,71.4,1,1,100,1,2,50,0,5,5,5,0,1,1,3,8,78.6,76.1,11.3,0,14.3,140.8,-45.3,1,0,0,2,1,50,2,0,0,0,0,0,0,3,2,66.7,3,2,66.7,1,1,100,0,0,0,1
Nottingham Hoods,"T. Bonsu, S. Jamison, B. Johnson, A. Sandu-Nelson, E. Bailey",1,241,10,4,7,57.1,0,2,0,2,3,66.7,1,2,3,1,2,0,1,1,7,91.8,79.5,104,30.2,23.1,57.1,60.1,25,25,100,9.7,42.9,28.6,125.2,9,4,5,80,1,1,100,0,2,0,0,3,3,1,1,0,5,3,10,90,76.5,46,0,20,86.2,39,4,4,100,1,0,0,2,0,0,1,0,1,0,4,3,75,0,0,0,1,1,100,1,1,1,2
Reading Rockets,"M. Bryant, T. Nsangu, L. Sayles, C. Creek, J. Bouknight",3,224,8,3,4,75,1,1,100,1,3,33.3,1,3,4,3,0,1,3,5,7,71.8,75.3,68.3,31.9,35.1,87.5,75.2,100,50,100,26.5,75,25,113.8,6,1,4,25,1,2,50,3,6,50,0,1,1,2,1,0,0,3,6,37.5,45.2,0,0,50,94.1,19.7,2,2,100,1,0,0,1,1,100,2,1,0,0,1,0,0,1,0,0,2,1,50,0,0,0,0
Reading Rockets,"M. Bryant, T. Nsangu, C. Creek, E. Harrington, V. Olarerin",2,318,9,4,7,57.1,1,3,33.3,0,2,0,1,2,3,3,0,2,1,4,7,61.9,57.1,66.7,42.0,36.0,64.3,57.1,75,25,28.6,8.4,28.6,42.9,119,12,4,12,33.3,0,2,0,4,5,80,5,3,8,4,1,0,0,3,8,33.3,42.3,0,71.4,16.7,135.9,-16.9,2,2,100,2,1,50,3,1,33.3,0,1,0,0,9,4,44.4,1,0,0,2,0,0,0,0,0,0
Reading Rockets,"M. Bryant, T. Nsangu, Z. Poorman, E. Harrington, S. Chamberlain",2,258,11,5,7,71.4,1,3,33.3,0,1,0,1,3,4,3,0,0,1,2,7,68.4,66.4,70.4,36.1,34.1,78.6,73.9,60,50,75,8.7,14.3,42.9,154,8,3,8,37.5,0,2,0,2,2,100,1,1,2,3,0,0,0,1,7,37.5,45,0,25,25,105.8,48.3,3,3,100,1,1,100,3,1,33.3,0,1,0,0,3,2,66.7,3,1,33.3,2,0,0,0,0,0,0
Reading Rockets,"M. Bryant, C. Creek, Z. Poorman, V. Olarerin, S. Chamberlain",2,229,6,3,7,42.9,0,1,0,0,0,0,0,3,3,1,0,0,1,2,7,78.7,80.5,76.9,29.8,31.2,42.9,42.9,33.3,0,75,11.1,0,14.3,78.1,11,2,6,33.3,1,2,50,6,6,100,1,4,5,1,1,0,0,1,7,41.7,63.7,0,25,33.3,150,-71.9,3,2,66.7,3,1,33.3,1,0,0,1,0,0,0,2,0,0,2,1,50,2,1,50,0,0,0,0
Reading Rockets,"T. Nsangu, C. Creek, J. Bouknight, V. Olarerin, S. Chamberlain",1,235,7,3,9,33.3,1,5,20,0,0,0,3,2,5,2,2,1,2,1,7,73.5,78.4,68.6,30.6,35.0,38.9,38.9,66.7,60,100,15.4,0,55.6,91.1,4,2,5,40,0,1,0,0,0,0,0,2,2,1,0,0,2,0,6,40,40,28.6,0,20,59.5,31.6,2,1,50,2,1,50,5,1,20,0,0,0,1,3,2,66.7,1,0,0,1,0,0,1,1,0,0
Reading Rockets,"L. Sayles, C. Creek, J. Bouknight, Y. Salih, S. Chamberlain",1,190,4,2,8,25,0,1,0,0,0,0,1,1,2,1,1,0,1,1,7,84.9,97,72.8,24.7,33.0,25,25,50,20,33.3,10,0,12.5,52.1,7,3,6,50,1,3,33.3,0,0,0,2,4,6,2,1,0,2,1,5,58.3,58.3,25,66.7,50,121.5,-69.4,4,2,50,3,0,0,1,0,0,1,0,0,0,3,2,66.7,0,0,0,3,1,33.3,1,0,0,1
Worthing Thunder,"D. Evans, M. Bryan-Amaning, E. Maynard, J. Lashley, E. Dadds",3,248,10,2,6,33.3,2,5,40,4,5,80,0,3,3,3,0,0,0,2,7,82.9,76.2,89.6,31.5,26.8,50,61,150,0,75,0,83.3,83.3,127,13,4,7,57.1,1,1,100,4,6,66.7,1,4,5,3,0,0,1,2,9,64.3,67.4,9.4,25,14.3,140.5,-13.4,0,0,0,1,0,0,5,2,40,0,0,0,0,3,1,33.3,3,2,66.7,1,1,100,0,0,0,1
Worthing Thunder,"D. Evans, E. Maynard, J. Lashley, B. Adeluola, E. Dadds",3,288,3,1,9,11.1,1,2,50,0,2,0,4,2,6,1,2,0,2,1,7,73.3,63,83.5,38.1,28.7,16.7,15.2,100,44.4,66.7,15.5,22.2,22.2,39.7,12,5,9,55.6,1,4,25,1,1,100,1,5,6,4,1,2,2,2,10,61.1,63.6,17.5,33.3,44.4,119.7,-80.1,5,0,0,2,0,0,2,1,50,0,2,0,0,5,4,80,0,0,0,4,1,25,0,2,0,0
Worthing Thunder,"D. Evans, A. Scarborough, B. Adeluola, A. Price, B. Lomeka",1,179,10,4,6,66.7,1,3,33.3,1,5,20,1,1,2,2,2,1,1,0,7,104.3,105.5,103,22.7,23.3,75,61,50,20,33.3,8.9,83.3,50,127,6,3,6,50,0,1,0,0,0,0,2,4,6,1,1,0,4,3,7,50,50,40,66.7,16.7,78.1,48.9,3,3,100,0,0,0,3,1,33.3,0,1,0,0,5,3,60,0,0,0,1,0,0,2,0,0,2
Worthing Thunder,"E. Maynard, A. Scarborough, E. Dadds, A. Price, B. Lomeka",2,180,13,6,8,75,1,2,50,0,0,0,1,2,3,3,2,0,1,1,7,96,102.4,89.6,23.4,26.8,81.2,81.2,50,50,50,8.3,0,25,169.3,5,2,6,33.3,1,2,50,0,0,0,2,1,3,0,1,0,3,0,6,41.7,41.7,33.3,50,33.3,74.4,94.9,4,3,75,2,2,100,2,1,50,0,1,0,0,3,0,0,1,1,100,2,1,50,3,0,0,0
Yorkshire Dragons,"R. Ani, D. Ulph, B. Tew, J. Mielke, N. Lewis",1,223,10,4,7,57.1,2,5,40,0,0,0,0,1,1,3,1,0,1,1,7,79.8,82.7,76.9,29.0,31.2,71.4,71.4,75,0,100,9.1,0,71.4,130.2,7,3,4,75,0,1,0,1,1,100,0,3,3,3,0,0,3,2,7,75,78.8,40.3,0,25,98,32.2,2,2,100,0,0,0,5,2,40,0,0,0,1,3,3,100,0,0,0,1,0,0,1,1,0,1
Yorkshire Dragons,"R. Ani, J. Whelan, L. Rooney, C. Johnson, N. Lewis",1,205,13,5,8,62.5,2,4,50,1,2,50,1,1,2,2,0,1,0,3,7,90.4,88.6,92.2,27.1,26.0,75,73.2,40,33.3,33.3,0,25,50,171.8,15,4,8,50,2,4,50,5,5,100,2,2,4,2,0,0,0,2,7,62.5,73.5,0,66.7,50,190.5,-18.7,2,2,100,2,1,50,4,2,50,0,0,0,0,4,2,50,0,0,0,4,2,50,0,0,0,0
Yorkshire Dragons,"D. Ulph, E. Brownell, J. Whelan, L. Rooney, N. Lewis",1,240,10,4,7,57.1,1,4,25,1,2,50,1,1,2,2,1,0,1,1,7,71.4,75.6,67.2,31.7,35.7,64.3,63.5,50,33.3,33.3,9.2,28.6,57.1,132.2,8,4,7,57.1,0,2,0,0,0,0,2,2,4,1,1,0,2,2,6,57.1,57.1,22.2,66.7,28.6,119,13.1,2,2,100,1,1,100,4,1,25,0,1,0,0,4,4,100,1,0,0,2,0,0,1,1,0,0
Yorkshire Dragons,"D. Ulph, J. Jefferson, S. Mamuini, C. Johnson, N. Lewis",1,211,11,3,4,75,2,2,100,3,3,100,0,2,2,2,0,0,2,3,7,77.5,79.9,75.1,30.0,31.9,100,103.4,66.7,0,66.7,21.5,75,50,156.5,12,4,7,57.1,3,5,60,1,2,50,1,1,2,1,1,0,0,4,6,78.6,76.1,0,33.3,71.4,181.7,-25.2,1,1,100,1,0,0,2,2,100,1,0,0,1,1,0,0,1,1,100,5,3,60,0,0,0,0
Yorkshire Dragons,"B. Tew, J. Whelan, L. Rooney, J. Jefferson, C. Johnson",1,270,13,6,8,75,1,2,50,0,2,0,2,3,5,0,1,1,1,2,7,62.5,67.2,57.7,35.7,41.6,81.2,73.2,0,66.7,75,10.1,25,25,171.8,6,1,5,20,1,2,50,3,4,75,1,1,2,1,0,0,1,3,6,30,44.4,12.9,25,40,92.5,79.4,6,5,83.3,0,0,0,2,1,50,0,0,0,1,2,0,0,1,0,0,2,1,50,0,1,1,0
Yorkshire Dragons,"B. Tew, L. Rooney, J. Jefferson, J. Mielke, C. Johnson",1,280,10,4,9,44.4,2,5,40,0,0,0,2,3,5,2,0,1,1,4,7,64.8,65.8,63.9,36.5,37.6,55.6,55.6,50,50,60,8.3,0,55.6,130.2,14,4,8,50,3,6,50,3,4,75,2,2,4,3,0,1,0,0,7,68.8,71.7,0,40,75,187.9,-57.7,2,1,50,2,1,50,5,2,40,0,1,0,0,2,1,50,0,0,0,6,3,50,0,0,0,0
Yorkshire Dragons,"J. Whelan, J. Mielke, S. Mamuini, A. Lycoudis, N. Lewis",1,188,5,1,5,20,0,4,0,3,4,75,1,4,5,0,1,0,2,2,7,87,95.1,78.9,25.2,30.4,20,37,0,33.3,100,22.8,80,80,67.1,4,1,5,20,1,2,50,1,1,100,0,2,2,0,0,0,1,2,6,30,36.8,15.5,0,40,64.7,2.4,1,1,100,0,0,0,4,0,0,0,0,0,1,2,0,0,1,0,0,2,1,50,0,1,0,0
Yorkshire Dragons,"J. Whelan, J. Mielke, A. Lycoudis, C. Johnson, N. Lewis",1,163,5,1,5,20,1,2,50,2,2,100,1,1,2,0,0,0,3,5,7,91,111.4,70.7,21.5,34.0,30,42.5,0,25,100,33.8,40,40,66.1,4,2,4,50,0,0,0,0,0,0,0,3,3,1,1,0,1,2,4,50,50,20,0,0,83.3,-17.2,3,0,0,0,0,0,2,1,50,0,1,0,1,4,2,50,0,0,0,0,0,0,0,0,0,1
Birmingham Rockets,"R. Blain, T. Grayling, Z. Powell, L. Okosieme, M. Gayle",1,188,2,1,5,20,0,1,0,0,0,0,1,2,3,0,0,0,3,0,6,85.8,85.8,85.8,28.0,28.0,20,20,0,25,66.7,37.5,0,20,29.8,10,4,8,50,2,6,33.3,0,0,0,1,3,4,2,2,0,0,0,6,62.5,62.5,0,33.3,75,148.8,-119,3,1,33.3,1,0,0,1,0,0,1,2,0,0,0,0,0,2,2,100,6,2,33.3,0,0,0,0
Birmingham Rockets,"R. Blain, T. Grayling, Z. Powell, E. Donaldson, L. Mcgregor",1,195,2,1,6,16.7,0,2,0,0,0,0,0,3,3,0,0,0,1,0,6,82.7,82.7,82.7,29.0,29.0,16.7,16.7,0,0,75,14.3,0,33.3,29.8,10,4,8,50,2,3,66.7,0,0,0,1,5,6,2,0,0,0,1,6,62.5,62.5,0,25,37.5,148.8,-119,1,1,100,3,0,0,2,0,0,0,1,0,0,2,1,50,2,0,0,3,2,66.7,0,0,0,0
Birmingham Rockets,"R. Blain, O. Jackman, L. Okosieme, F. Mughaal, M. Gayle",2,210,15,5,5,100,2,2,100,3,3,100,0,1,1,3,0,1,0,1,6,72.4,69.3,75.5,34.6,31.8,120,118.7,60,0,50,0,60,40,247.2,11,4,7,57.1,2,4,50,1,2,50,1,0,1,3,0,0,0,2,6,71.4,69.8,0,50,57.1,166.5,80.7,3,3,100,0,0,0,2,2,100,0,0,0,0,2,1,50,1,1,100,4,2,50,0,0,0,0
Birmingham Rockets,"R. Blain, Z. Powell, E. Donaldson, L. Mcgregor, F. Mughaal",4,128,5,0,4,0,0,4,0,5,8,62.5,1,1,2,0,0,0,0,2,6,94.7,117.4,72,20.4,33.3,0,33.2,0,25,100,0,200,100,79.9,4,2,4,50,0,2,0,0,0,0,0,3,3,2,0,0,0,3,3,50,50,0,0,50,104.2,-24.3,0,0,0,0,0,0,4,0,0,0,0,0,0,2,2,100,0,0,0,2,0,0,0,0,0,0
Birmingham Rockets,"P. Basioudis, T. Grayling, L. Okosieme, A. Mutothori, M. Gayle",1,153,4,1,4,25,1,2,50,1,4,25,1,0,1,1,1,0,2,0,6,110.2,101.8,118.7,23.6,20.2,37.5,34.7,100,25,0,22.8,100,50,61.6,10,4,6,66.7,1,2,50,1,2,50,1,3,4,2,2,0,2,2,7,75,72.7,22.5,100,33.3,132.2,-70.6,2,0,0,0,0,0,2,1,50,1,1,0,0,4,3,75,0,0,0,2,1,50,0,2,0,0
Birmingham Rockets,"O. Jackman, L. Duru, E. Donaldson, L. Mcgregor, F. Mughaal",1,174,13,5,5,100,2,2,100,1,2,50,0,3,3,4,1,0,1,2,6,90.3,91.1,89.5,26.3,26.8,120,110.5,80,0,75,9.2,40,40,196.8,5,1,5,20,0,3,0,3,4,75,1,0,1,0,1,0,1,1,6,20,37,12.9,25,60,77,119.8,2,2,100,1,1,100,2,2,100,0,1,0,0,1,1,100,1,0,0,3,0,0,0,1,0,0
Birmingham Rockets,"Z. Powell, L. Okosieme, E. Donaldson, F. Mughaal, M. Gayle",3,177,9,3,5,60,1,2,50,2,2,100,0,6,6,2,0,0,1,0,6,90.3,89.6,91.1,26.8,26.3,70,76.5,66.7,0,85.7,11.3,40,40,136.3,2,1,8,12.5,0,4,0,0,0,0,1,1,2,0,0,1,0,1,6,12.5,12.5,0,14.3,50,29.8,106.5,2,1,50,1,1,100,2,1,50,0,0,0,1,3,1,33.3,1,0,0,4,0,0,0,0,0,0
Bristol Flyers II,"Y. Hafid, L. Ayinla, R. Price, N. Ladjimi, W. Simba",1,224,11,5,7,71.4,1,3,33.3,0,0,0,1,1,2,2,2,0,1,2,6,70.8,72,69.5,33.3,34.5,78.6,78.6,40,50,100,10,0,42.9,163.7,6,2,3,66.7,0,0,0,2,4,50,0,1,1,0,1,0,2,2,6,66.7,63,29.6,0,0,92.5,71.2,3,3,100,1,1,100,3,1,33.3,0,1,0,0,2,2,100,1,0,0,0,0,0,2,0,0,0
Bristol Flyers II,"Y. Hafid, L. Ayinla, J. Craggs, N. Ladjimi, W. Simba",1,144,5,2,4,50,0,1,0,1,2,50,0,0,0,2,4,1,2,3,6,125.1,110.1,140.2,21.8,17.1,50,51.2,100,0,0,22.5,50,25,75.7,7,2,4,50,0,1,0,3,4,75,1,3,4,2,0,0,4,2,8,50,60.8,41,100,25,83.2,-7.5,3,2,66.7,0,0,0,1,0,0,0,0,0,2,3,2,66.7,0,0,0,1,0,0,2,2,0,0
Bristol Flyers II,"Y. Hafid, L. Ayinla, R. Eigbe, N. Sagkovits, T. Browne",4,204,9,3,6,50,0,2,0,3,4,75,2,1,3,2,1,0,1,1,6,59.4,76.3,42.5,31.4,56.5,50,58,66.7,66.7,100,9.3,66.7,33.3,138.7,3,0,1,0,0,1,0,3,4,75,0,1,1,0,1,0,1,1,3,0,54.3,26.6,0,100,83.1,55.6,3,2,66.7,1,1,100,2,0,0,0,1,0,0,0,0,0,0,0,0,1,0,0,1,0,2,0
Bristol Flyers II,"Y. Hafid, L. Ayinla, Z. Riabi, W. Simba, E. Ekwegh",2,161,2,1,8,12.5,0,2,0,0,0,0,2,1,3,1,1,0,1,1,6,92.2,100.2,84.1,24.0,28.5,12.5,12.5,100,33.3,100,10,0,25,29.8,5,2,3,66.7,0,0,0,1,2,50,0,4,4,3,0,1,2,2,5,66.7,64.4,34,0,0,88.6,-58.8,5,1,20,1,0,0,2,0,0,1,0,1,0,2,2,100,1,0,0,0,0,0,2,0,0,0
Bristol Flyers II,"Y. Hafid, L. Ayinla, N. Sagkovits, N. Ladjimi, T. Browne",2,183,8,3,5,60,1,3,33.3,1,2,50,1,2,3,1,2,0,2,1,6,74.8,86.6,63,27.7,38.1,70,68,33.3,50,100,22.5,40,60,121.1,2,1,3,33.3,0,0,0,0,0,0,0,1,1,0,1,0,2,3,4,33.3,33.3,40,0,0,41.7,79.5,1,1,100,1,1,100,3,1,33.3,1,0,0,1,2,1,50,1,0,0,0,0,0,1,1,0,0
Bristol Flyers II,"Y. Hafid, R. Price, J. Craggs, W. Simba, E. Ekwegh",1,163,4,1,6,16.7,1,3,33.3,1,2,50,1,0,1,0,0,1,1,2,6,90.2,97.2,83.1,24.7,28.9,25,29.1,0,25,0,12.7,33.3,50,60.6,6,2,6,33.3,1,2,50,1,2,50,3,3,6,1,1,0,2,1,5,41.7,43.6,22.5,100,33.3,106.3,-45.7,2,0,0,1,0,0,3,1,33.3,1,0,0,0,4,1,25,0,0,0,2,1,50,2,0,0,1
Bristol Flyers II,"Y. Hafid, R. Eigbe, N. Sagkovits, N. Ladjimi, L. Matthews",4,167,3,1,8,12.5,1,5,20,0,0,0,2,1,3,1,2,0,1,2,6,88.8,96.6,81.1,24.9,29.6,18.8,18.8,100,40,100,10,0,62.5,44.6,5,2,3,66.7,0,1,0,1,2,50,0,3,3,1,0,1,2,3,5,66.7,64.4,34,0,33.3,88.6,-43.9,3,0,0,0,0,0,5,1,20,0,1,0,0,2,2,100,0,0,0,1,0,0,1,1,0,0
Bristol Flyers II,"Y. Hafid, R. Eigbe, N. Sagkovits, A. Bhebhe, T. Browne",1,166,6,3,4,75,0,0,0,0,0,0,0,3,3,2,0,0,3,0,6,96.3,97.2,95.5,24.7,25.1,75,75,66.7,0,100,33.3,0,0,89.3,8,3,6,50,0,3,0,2,2,100,0,1,1,1,3,1,0,1,6,50,58.1,0,0,50,121.1,-31.8,3,2,66.7,1,1,100,0,0,0,2,1,0,0,3,3,100,0,0,0,3,0,0,0,0,0,0
Bristol Flyers II,"Y. Hafid, R. Eigbe, N. Ladjimi, L. Matthews, E. Ekwegh",1,208,5,2,5,40,1,3,33.3,0,0,0,1,2,3,0,0,0,3,1,6,71.3,77.5,65.1,31.0,36.8,50,50,0,33.3,100,37.5,0,60,74.4,8,3,5,60,0,1,0,2,2,100,0,2,2,1,1,0,0,1,5,60,68,0,0,20,141.7,-67.3,0,0,0,1,0,0,3,1,33.3,1,0,0,1,3,3,100,1,0,0,1,0,0,0,0,0,0
Bristol Flyers II,"Y. Hafid, A. Bhebhe, W. Simba, E. Ekwegh, R. Bawden",1,165,5,2,4,50,1,2,50,0,0,0,0,1,1,1,0,0,3,1,6,90.8,97.7,83.8,24.6,28.6,62.5,62.5,50,0,33.3,37.5,0,50,74.4,9,4,7,57.1,1,4,25,0,0,0,2,1,3,4,1,0,1,0,5,64.3,64.3,12.5,66.7,57.1,156.2,-81.8,2,1,50,0,0,0,2,1,50,0,1,0,1,3,3,100,0,0,0,4,1,25,0,0,0,1
Bristol Flyers II,"L. Ayinla, R. Price, N. Ladjimi, A. Bhebhe, T. Browne",2,215,7,3,6,50,1,4,25,0,0,0,0,4,4,3,0,0,1,0,6,75,75,75,32.0,32.0,58.3,58.3,100,0,80,10,0,66.7,104.2,5,2,8,25,1,3,33.3,0,0,0,1,3,4,2,1,0,0,1,6,31.2,31.2,0,20,37.5,74.4,29.8,2,2,100,0,0,0,4,1,25,0,1,0,0,4,1,25,1,0,0,3,1,33.3,0,0,1,0
Bristol Flyers II,"L. Ayinla, J. Craggs, Z. Riabi, A. Bhebhe, T. Browne",1,163,0,0,5,0,0,3,0,0,0,0,0,1,1,0,0,0,2,1,6,98.1,98.9,97.2,24.3,24.7,0,0,0,0,33.3,28.6,0,60,0,13,5,8,62.5,1,4,25,2,2,100,2,5,7,1,1,0,0,0,6,68.8,73.2,0,66.7,50,196.8,-196.8,2,0,0,0,0,0,3,0,0,2,0,0,0,3,3,100,1,1,100,4,1,25,0,0,0,0
Bristol Flyers II,"L. Ayinla, R. Eigbe, N. Sagkovits, N. Ladjimi, L. Matthews",3,271,3,1,7,14.3,1,3,33.3,0,0,0,1,1,2,0,0,1,1,1,6,62.2,59.5,65,40.3,36.9,21.4,21.4,0,25,50,12.5,0,42.9,44.6,14,3,5,60,2,2,100,6,6,100,1,3,4,4,1,2,1,0,7,80,91.6,11.6,50,40,190.9,-146.2,4,0,0,0,0,0,3,1,33.3,0,1,1,0,0,0,0,3,1,33.3,2,2,100,0,1,0,0
Bristol Flyers II,"R. Price, J. Craggs, N. Ladjimi, A. Bhebhe, T. Browne",2,215,5,2,7,28.6,1,4,25,0,0,0,0,2,2,1,1,0,0,4,6,76.1,75,77.2,32.0,31.1,35.7,35.7,50,0,50,0,0,57.1,74.4,11,2,6,33.3,2,4,50,5,5,100,2,3,5,2,0,0,1,1,6,50,67.1,10.9,50,66.7,159.1,-84.7,3,1,33.3,0,0,0,4,1,25,0,0,0,0,2,0,0,0,0,0,4,2,50,0,1,0,0
Bristol Flyers II,"R. Price, R. Eigbe, N. Ladjimi, A. Bhebhe, T. Browne",1,181,13,5,6,83.3,2,3,66.7,1,1,100,0,0,0,4,0,0,0,2,6,72,82,62.1,29.3,38.6,100,100.9,80,0,0,0,16.7,50,210.3,10,3,5,60,2,2,100,2,2,100,2,0,2,1,0,0,1,1,4,80,85,14.5,100,40,213.5,-3.2,3,3,100,0,0,0,3,2,66.7,0,0,0,0,2,1,50,1,0,0,2,2,100,0,0,1,0
Bristol Flyers II,"R. Price, Z. Riabi, L. Matthews, T. Browne, E. Ekwegh",1,119,6,2,4,50,1,1,100,1,1,100,1,2,3,1,0,0,3,4,6,104.2,124.7,83.6,19.2,28.7,62.5,67.6,50,50,66.7,35.5,25,25,97,6,2,4,50,0,2,0,2,3,66.7,1,1,2,2,1,0,0,1,4,50,56.4,0,33.3,50,144.7,-47.6,1,1,100,2,0,0,1,1,100,1,0,0,1,0,0,0,2,2,100,2,0,0,0,0,0,0
Bristol Flyers II,"R. Price, N. Ladjimi, A. Bhebhe, W. Simba, E. Ekwegh",2,151,5,2,6,33.3,1,3,33.3,0,0,0,1,3,4,1,0,0,2,1,6,101.6,106.8,96.4,22.5,24.9,41.7,41.7,50,25,100,22.2,0,50,74.4,9,3,5,60,1,3,33.3,2,3,66.7,0,3,3,1,2,0,0,0,6,70,71.2,0,0,60,148.3,-73.9,3,1,33.3,0,0,0,3,1,33.3,2,0,0,0,2,2,100,0,0,0,3,1,33.3,0,0,0,0
Bristol Flyers II,"J. Craggs, R. Eigbe, A. Bhebhe, T. Browne, R. Bawden",3,228,6,2,4,50,0,0,0,2,2,100,0,2,2,2,1,0,2,5,6,69.9,69.5,70.3,34.5,34.1,50,61.5,100,0,40,22.5,50,0,90.8,11,2,5,40,1,4,25,6,9,66.7,3,2,5,1,1,0,1,1,6,50,61.4,10,60,80,164.6,-73.8,2,2,100,2,0,0,0,0,0,0,2,1,0,0,0,0,1,1,100,4,1,25,1,0,0,0
Bristol Hurricanes,"D. Edozie, D. Forsyth, E. Dusha, K. Hill, C. Samuels",3,272,13,6,7,85.7,1,2,50,0,0,0,0,0,0,2,0,0,0,3,6,58.3,59.3,57.3,40.5,41.9,92.9,92.9,33.3,0,0,0,0,28.6,193.5,14,5,7,71.4,1,2,50,3,4,75,2,1,3,4,0,0,0,0,6,78.6,79.9,0,100,28.6,215.7,-22.3,4,4,100,1,1,100,2,1,50,0,0,0,0,4,3,75,1,1,100,2,1,50,0,0,0,0
Bristol Hurricanes,"D. Edozie, D. Forsyth, K. Hill, C. Samuels, V. Dilys",1,235,4,2,5,40,0,1,0,0,0,0,0,2,2,1,0,0,2,0,6,73.5,68.6,78.4,35.0,30.6,40,40,50,0,40,25,0,20,59.5,7,3,9,33.3,1,5,20,0,0,0,3,2,5,2,2,1,2,1,7,38.9,38.9,18.2,60,55.6,91.1,-31.6,3,2,66.7,1,0,0,1,0,0,1,1,0,0,2,1,50,2,1,50,5,1,20,0,0,0,1
Bristol Hurricanes,"D. Forsyth, E. Dusha, K. Hill, C. Samuels, V. Dilys",2,178,5,2,7,28.6,0,2,0,1,1,100,1,2,3,1,0,1,0,0,6,85.4,83.4,87.5,28.8,27.4,28.6,33.6,50,20,100,0,14.3,28.6,80.9,6,2,4,50,1,1,100,1,4,25,0,4,4,1,0,0,1,1,6,62.5,52.1,14.8,0,25,92.5,-11.6,5,2,40,0,0,0,2,0,0,0,0,0,0,3,1,33.3,0,0,0,1,1,100,1,0,1,0
Bristol Hurricanes,"D. Forsyth, E. Dusha, J. Dang-Akodo, C. Samuels, C. Taylor",1,194,10,4,6,66.7,2,2,100,0,0,0,0,1,1,4,1,0,1,2,6,83.1,83.1,83.1,28.9,28.9,83.3,83.3,100,0,100,9.1,0,33.3,148.8,7,3,4,75,1,1,100,0,0,0,0,2,2,4,0,0,3,1,6,87.5,87.5,42.9,0,25,104.2,44.6,3,1,33.3,1,1,100,2,2,100,1,0,0,0,2,2,100,1,0,0,1,1,100,1,0,0,1
Bristol Hurricanes,"E. Dusha, J. Dang-Akodo, D. Ubiaro, V. Dilys, C. Taylor",3,218,3,1,6,16.7,0,4,0,1,2,50,0,3,3,0,1,0,0,1,6,78,72.7,83.3,33.0,28.8,16.7,21.8,0,0,60,0,33.3,66.7,45.4,9,3,8,37.5,2,3,66.7,1,2,50,2,5,7,2,0,0,1,3,7,50,50.7,10.1,40,37.5,119,-73.6,1,0,0,1,1,100,4,0,0,0,0,0,0,4,1,25,1,0,0,3,2,66.7,0,1,0,0
Bristol Hurricanes,"L. Davies, K. Hill, D. Ubiaro, C. Samuels, V. Dilys",1,259,5,1,2,50,0,0,0,3,4,75,0,3,3,0,0,1,3,3,6,56.2,60.1,52.3,39.9,45.9,50,66.5,0,0,100,44.4,200,0,77,6,2,5,40,1,2,50,1,2,50,0,1,1,0,1,0,0,2,5,50,51,0,0,40,106.3,-29.2,1,1,100,1,0,0,0,0,0,1,0,0,1,2,1,50,1,0,0,2,1,50,0,0,0,0
Derby Trailblazers,"C. Burr, E. Norman, C. Washington, R. Marsden, M. Smith",1,189,3,1,3,33.3,0,0,0,1,3,33.3,0,1,1,0,1,0,2,3,6,80.5,77,83.9,31.2,28.6,33.3,34.7,0,0,50,31.6,100,0,49.4,8,3,6,50,1,4,25,1,2,50,1,3,4,1,2,0,1,3,6,58.3,58.1,12.7,50,66.7,121.1,-71.7,2,1,50,1,0,0,0,0,0,1,1,0,0,1,1,100,1,1,100,4,1,25,1,0,0,0
Derby Trailblazers,"C. Burr, E. Norman, E. Lawrence, R. Marsden, J. Lemon",1,133,8,2,4,50,1,2,50,3,4,75,0,2,2,2,0,0,1,2,6,110.5,117.1,103.9,20.5,23.1,62.5,69.4,100,0,66.7,11.4,100,50,123.3,7,3,7,42.9,1,3,33.3,0,0,0,1,2,3,1,1,1,0,1,5,50,50,0,33.3,42.9,121.5,1.7,2,1,50,0,0,0,2,1,50,0,1,0,0,4,2,50,0,0,0,3,1,33.3,0,0,0,0
Derby Trailblazers,"C. Burr, J. Pathmarajah, S. Walker, C. Brown, M. Smith",3,203,11,5,7,71.4,1,1,100,0,1,0,1,0,1,5,2,0,0,1,6,69.9,73.1,66.7,32.8,36.0,78.6,73.9,100,33.3,0,0,14.3,14.3,177.9,8,2,3,66.7,2,3,66.7,2,2,100,0,2,2,1,0,0,2,2,5,100,103.1,34,0,100,141.7,36.2,2,2,100,4,2,50,1,1,100,0,0,0,0,0,0,0,0,0,0,3,2,66.7,2,0,1,0
Derby Trailblazers,"E. Norman, J. Pathmarajah, W. Tallon, R. Marsden, M. Smith",1,170,9,4,6,66.7,1,2,50,0,0,0,1,2,3,3,1,1,2,1,6,101.6,94.9,108.4,25.3,22.1,75,75,75,50,100,18.2,0,33.3,133.9,8,3,5,60,2,3,66.7,0,0,0,0,1,1,1,2,0,3,1,7,80,80,37.5,0,60,104.2,29.8,3,3,100,1,0,0,2,1,50,1,1,0,0,1,1,100,1,0,0,3,2,66.7,0,1,0,1
Derby Trailblazers,"C. Washington, J. Pathmarajah, C. Brown, R. May-Thompson, M. Smith",1,195,4,2,7,28.6,0,2,0,0,0,0,0,2,2,2,0,0,0,0,6,82.7,82.7,82.7,29.0,29.0,28.6,28.6,100,0,66.7,0,0,28.6,59.5,10,4,7,57.1,2,4,50,0,0,0,1,5,6,1,0,0,1,3,6,71.4,71.4,12.5,33.3,57.1,148.8,-89.3,4,1,25,1,1,100,2,0,0,0,0,0,0,3,2,66.7,0,0,0,4,2,50,1,0,0,0
Derby Trailblazers,"C. Washington, S. Walker, G. Pastor, J. Lemon, R. May-Thompson",1,153,6,2,6,33.3,0,3,0,2,2,100,2,0,2,0,1,0,2,1,6,92.8,103.6,81.9,23.2,29.3,33.3,43.6,0,50,0,22.5,33.3,50,90.8,9,4,5,80,0,1,0,1,1,100,1,2,3,0,0,1,1,2,5,80,82.7,15.5,100,20,172.3,-81.5,3,2,66.7,0,0,0,3,0,0,0,0,0,2,4,4,100,0,0,0,1,0,0,0,1,0,0
Essex Rebels,"M. Wol-Cummings, M. Amako, K. Martin, R. Udeh, T. Hudson",3,212,5,2,5,40,1,2,50,0,2,0,1,0,1,2,0,0,2,2,6,72.4,74.8,70,32.1,34.3,50,42.5,100,33.3,0,20.2,40,40,75.7,14,6,7,85.7,1,1,100,1,1,100,1,2,3,3,0,1,0,1,6,92.9,94.1,0,100,14.3,226.4,-150.7,3,1,33.3,0,0,0,2,1,50,0,2,0,0,4,3,75,2,2,100,1,1,100,0,0,0,0
Essex Rebels,"M. Wol-Cummings, M. Amako, D. Johnson-Thompson, R. Udeh, H. Gent",1,183,14,5,5,100,0,0,0,4,5,80,0,0,0,2,3,0,0,2,6,76.8,90.6,63,26.5,38.1,100,97.2,40,0,0,0,100,0,202.5,4,2,3,66.7,0,1,0,0,0,0,1,1,2,2,0,0,3,3,4,66.7,66.7,50,100,33.3,83.3,119.2,5,5,100,0,0,0,0,0,0,0,0,0,0,2,2,100,0,0,0,1,0,0,1,2,1,0
Essex Rebels,"M. Wol-Cummings, M. Amako, R. Udeh, A. Idiata-Mendez, H. Gent",1,215,10,3,6,50,1,3,33.3,3,4,75,2,2,4,1,2,2,1,0,6,89.8,72.4,107.2,33.1,22.4,58.3,64.4,33.3,66.7,66.7,10.2,66.7,50,154.1,0,0,7,0,0,3,0,0,0,0,1,1,2,0,1,0,4,2,9,0,0,36.4,33.3,42.9,0,154.1,3,2,66.7,0,0,0,3,1,33.3,1,0,0,0,4,0,0,0,0,0,3,0,0,1,1,0,1
Essex Rebels,"M. Amako, K. Martin, T. Child, W. White, J. Mckew",1,158,11,2,4,50,1,3,33.3,6,7,85.7,2,1,3,3,1,0,2,1,6,102.7,103.2,102.1,23.2,23.5,62.5,77.7,150,66.7,50,16.6,175,75,161.8,8,4,6,66.7,0,1,0,0,0,0,1,1,2,2,1,0,2,3,6,66.7,66.7,25,50,16.7,119,42.8,1,1,100,0,0,0,3,1,33.3,0,2,0,0,5,4,80,0,0,0,1,0,0,1,1,0,0
Essex Rebels,"M. Amako, R. Udeh, M. Brown, T. Child, T. Hudson",2,127,8,3,5,60,0,2,0,2,4,50,0,2,2,2,2,0,0,0,6,106.7,122.6,90.7,19.6,26.5,60,59.2,66.7,0,100,0,80,40,123.3,2,1,3,33.3,0,0,0,0,0,0,0,3,3,1,0,0,2,2,4,33.3,33.3,40,0,0,41.7,81.6,3,3,100,0,0,0,2,0,0,0,0,0,0,2,1,50,1,0,0,0,0,0,0,2,0,0
Essex Rebels,"M. Amako, M. Brown, T. Child, B. Winter, T. Hudson",2,219,10,3,6,50,0,2,0,4,4,100,1,3,4,0,1,1,0,0,6,67.1,71.1,63.1,33.7,38.0,50,64.4,0,50,60,0,66.7,33.3,154.1,2,1,6,16.7,0,4,0,0,0,0,2,1,3,0,0,0,2,2,5,16.7,16.7,25,40,66.7,34.7,119.4,3,3,100,1,0,0,2,0,0,0,0,1,0,1,1,100,1,0,0,4,0,0,1,1,1,0
Essex Rebels,"K. Martin, D. Johnson-Thompson, R. Udeh, I. Temilola, B. Winter",1,200,6,3,4,75,0,0,0,0,1,0,1,1,2,1,0,0,3,1,6,71.7,74.2,69.1,32.3,34.7,75,67.6,33.3,100,100,35.5,25,0,97,11,5,6,83.3,1,1,100,0,0,0,0,0,0,4,3,0,0,1,5,91.7,91.7,0,0,16.7,191,-93.9,3,2,66.7,1,1,100,0,0,0,0,3,0,0,4,4,100,1,0,0,1,1,100,0,0,0,0
Essex Rebels,"K. Martin, D. Johnson-Thompson, R. Udeh, M. Brown, A. Idiata-Mendez",2,142,11,2,3,66.7,2,3,66.7,5,5,100,0,2,2,1,0,0,2,2,6,106.1,116.8,95.4,20.5,25.2,100,105.8,50,0,66.7,24.4,166.7,100,159.1,8,3,6,50,1,3,33.3,1,2,50,1,1,2,1,0,0,0,2,5,58.3,58.1,0,33.3,50,141.7,17.4,0,0,0,0,0,0,3,2,66.7,0,0,0,1,2,2,100,1,0,0,3,1,33.3,0,0,0,0
Essex Rebels,"K. Martin, R. Udeh, M. Brown, A. Idiata-Mendez, T. Hudson",2,150,4,2,6,33.3,0,2,0,0,1,0,1,1,2,1,0,1,1,0,6,86.9,98.9,75,24.3,32.0,33.3,31.1,50,50,100,11.8,16.7,33.3,64.7,6,2,4,50,1,2,50,1,2,50,0,1,1,2,1,0,0,3,4,62.5,61.5,0,0,50,128.1,-63.4,3,1,33.3,1,1,100,2,0,0,0,1,0,0,1,0,0,1,1,100,2,1,50,0,0,0,0
Essex Rebels,"K. Martin, R. Udeh, H. Gent, B. Winter, J. Mckew",1,182,10,2,4,50,2,4,50,4,4,100,0,3,3,1,0,1,1,2,6,79.2,85.6,72.9,28.0,32.9,75,86.8,50,0,100,12.9,100,100,154.1,7,2,4,50,0,1,0,3,4,75,0,2,2,2,0,0,0,2,5,50,60.8,0,0,25,126.6,27.5,0,0,0,0,0,0,4,2,50,0,1,0,0,2,1,50,1,1,100,1,0,0,0,0,0,0
Essex Rebels,"D. Johnson-Thompson, R. Udeh, T. Child, B. Winter, J. Mckew",1,189,5,2,6,33.3,1,4,25,0,0,0,0,4,4,1,0,0,1,2,6,84.6,85.3,83.9,28.1,28.6,41.7,41.7,50,0,100,12.5,0,66.7,74.4,5,2,6,33.3,0,0,0,1,2,50,0,3,3,1,1,0,0,0,6,33.3,36.3,0,0,0,75.7,-1.3,2,1,50,0,0,0,4,1,25,0,1,0,0,5,2,40,1,0,0,0,0,0,0,0,0,0
Hemel Storm,"M. Sokoli, M. Norman, V. Eze, S. Newman, J. Rai",3,137,4,2,5,40,0,3,0,0,0,0,1,2,3,2,0,0,3,2,6,109.3,117.7,100.9,20.4,23.8,40,40,100,50,40,30,0,60,59.5,4,2,7,28.6,0,2,0,0,0,0,3,1,4,0,1,0,2,1,5,28.6,28.6,22.2,60,28.6,69.4,-9.9,2,2,100,0,0,0,3,0,0,1,0,0,1,4,2,50,1,0,0,2,0,0,0,0,0,1
Hemel Storm,"M. Sokoli, V. Eze, S. Newman, J. Rai, J. Burnell",2,150,7,2,2,100,2,2,100,1,3,33.3,0,3,3,3,0,0,3,2,6,86,97.1,75,24.7,32.0,150,105.4,150,0,100,32.2,150,100,115.4,4,1,3,33.3,1,1,100,1,2,50,0,0,0,1,1,0,1,1,4,50,51.5,20.5,0,33.3,85.4,30,0,0,0,0,0,0,2,2,100,0,1,0,1,0,0,0,2,0,0,1,1,100,0,1,0,0
Hemel Storm,"D. Nelson-Henry, K. Walker, M. Norman, D. Parkinson, S. Newman",2,201,13,5,7,71.4,2,3,66.7,1,2,50,1,3,4,5,2,0,0,2,6,78.9,78.9,78.9,30.4,30.4,85.7,82.5,100,50,100,0,28.6,42.9,196.8,4,1,4,25,0,1,0,2,2,100,0,1,1,0,0,0,2,0,6,25,41,29.1,0,25,60.6,136.3,4,3,75,0,0,0,3,2,66.7,0,0,1,0,2,0,0,1,1,100,1,0,0,2,0,0,0
Hemel Storm,"D. Nelson-Henry, S. Lewis, M. Norman, D. Parkinson, B. Inger",3,234,5,2,7,28.6,1,3,33.3,0,0,0,1,4,5,0,1,0,1,1,6,80.9,68.9,92.9,34.8,25.8,35.7,35.7,0,25,80,12.5,0,42.9,74.4,10,4,9,44.4,1,3,33.3,1,1,100,1,3,4,2,1,0,1,2,9,50,53,9.6,20,33.3,110.3,-35.9,2,1,50,2,0,0,3,1,33.3,0,1,0,0,6,3,50,0,0,0,3,1,33.3,0,1,0,0
Hemel Storm,"K. Walker, M. Norman, V. Eze, B. Inger, J. Rai",2,247,11,5,7,71.4,1,2,50,0,0,0,1,3,4,2,2,0,1,1,6,67.3,65.3,69.4,36.8,34.6,78.6,78.6,40,50,60,10,0,28.6,163.7,6,2,7,28.6,1,3,33.3,1,1,100,2,1,3,1,0,0,2,1,7,35.7,40.3,21.2,40,42.9,84,79.7,4,4,100,1,0,0,2,1,50,0,1,0,0,3,1,33.3,1,0,0,3,1,33.3,1,1,0,0
Hemel Storm,"K. Walker, V. Eze, D. Parkinson, J. Rai, J. Burnell",1,238,6,3,7,42.9,0,3,0,0,0,0,2,6,8,0,0,0,2,1,6,71.4,67.8,75.1,35.4,31.9,42.9,42.9,0,50,75,22.2,0,42.9,89.3,2,1,7,14.3,0,3,0,0,4,0,2,2,4,0,2,0,1,0,7,14.3,11.4,10.2,25,42.9,26.8,62.4,3,2,66.7,1,1,100,3,0,0,0,2,0,0,3,1,33.3,1,0,0,3,0,0,1,0,0,0
Hemel Storm,"M. Norman, V. Eze, S. Lewis, S. Newman, J. Rai",1,224,6,2,7,28.6,2,7,28.6,0,0,0,1,5,6,2,0,0,1,1,6,66.9,72,61.7,33.3,38.9,42.9,42.9,100,20,100,10,0,100,89.3,2,1,6,16.7,0,3,0,0,0,0,0,4,4,1,1,0,0,1,5,16.7,16.7,0,0,50,34.7,54.6,0,0,0,0,0,0,7,2,28.6,0,1,0,0,2,1,50,1,0,0,3,0,0,0,0,0,0
Hemel Storm,"V. Eze, B. Inger, S. Newman, J. Rai, J. Burnell",3,229,5,2,9,22.2,1,4,25,0,0,0,2,4,6,1,0,2,0,1,6,72,70.4,73.6,34.1,32.6,27.8,27.8,50,28.6,80,0,0,44.4,74.4,7,2,7,28.6,1,2,50,2,3,66.7,1,5,6,1,0,0,0,2,7,35.7,42.1,0,20,28.6,99.6,-25.2,3,1,33.3,2,0,0,4,1,25,0,0,0,0,5,1,20,0,0,0,2,1,50,0,0,0,0
London Cavaliers,"J. Manning, J. Richards, M. Beasley, D. Ainembabazi, O. Pond-Mckenzie",1,205,8,3,7,42.9,2,6,33.3,0,0,0,1,1,2,2,2,1,1,0,6,86.1,78.7,93.5,30.5,25.7,57.1,57.1,66.7,33.3,50,10,0,85.7,119,7,2,5,40,1,2,50,2,3,66.7,1,2,3,0,0,0,3,1,7,50,55.4,32.2,50,40,87.6,31.4,1,1,100,0,0,0,6,2,33.3,0,0,0,1,2,1,50,1,0,0,2,1,50,1,1,0,1
London Cavaliers,"J. Manning, M. Beasley, D. Delsol-Lowry, D. Braster, A. Roberts",2,206,0,0,3,0,0,1,0,0,0,0,0,2,2,0,0,1,4,2,6,76.9,78.3,75.6,30.7,31.7,0,0,0,0,33.3,57.1,0,33.3,0,8,3,9,33.3,0,4,0,2,4,50,4,3,7,1,0,0,0,0,6,33.3,37.2,0,66.7,44.4,123.3,-123.3,1,0,0,1,0,0,1,0,0,1,0,0,2,4,2,50,1,1,100,4,0,0,0,0,0,0
London Cavaliers,"J. Richards, M. Beasley, D. Delsol-Lowry, A. Roberts, A. Pyne",2,274,7,3,4,75,0,0,0,1,2,50,0,2,2,0,0,1,2,5,6,59.2,57.9,60.5,41.5,39.6,75,71.7,0,0,100,29.1,50,0,106,7,2,4,50,0,1,0,3,5,60,0,0,0,0,2,0,1,1,6,50,56.5,13.9,0,25,101.3,4.7,3,2,66.7,1,1,100,0,0,0,0,2,0,0,2,1,50,1,1,100,1,0,0,1,0,0,0
London Cavaliers,"J. Richards, D. Delsol-Lowry, D. Braster, D. Ainembabazi, A. Roberts",1,168,5,2,4,50,1,2,50,0,0,0,1,0,1,2,2,0,4,0,6,96,96,96,25.0,25.0,62.5,62.5,100,50,0,40,0,50,74.4,11,4,5,80,3,4,75,0,0,0,0,1,1,2,2,1,2,0,6,110,110,28.6,0,80,163.7,-89.3,2,1,50,0,0,0,2,1,50,1,3,0,0,1,1,100,0,0,0,4,3,75,2,0,0,0
London Cavaliers,"D. Delsol-Lowry, M. Collins, D. Braster, A. Roberts, A. Pyne",2,226,9,3,5,60,0,0,0,3,4,75,0,0,0,3,0,0,0,1,6,69.5,68.9,70.1,34.8,34.2,60,66.6,100,0,0,0,80,0,138.7,14,6,6,100,1,1,100,1,2,50,0,2,2,4,0,1,0,3,6,108.3,101.7,0,0,16.7,212,-73.3,3,2,66.7,2,1,50,0,0,0,0,0,0,0,4,4,100,1,1,100,1,1,100,0,0,0,0
Loughborough Riders,"J. Campbell, J. Campbell, M. Joiner, J. Cook, C. Keys",3,212,8,3,7,42.9,1,3,33.3,1,2,50,1,3,4,2,1,0,0,4,6,88,74.8,101.3,32.1,23.7,50,50.8,66.7,25,100,0,28.6,42.9,121.1,10,3,7,42.9,1,3,33.3,3,3,100,0,3,3,1,0,0,1,1,8,50,60.1,10.7,0,42.9,111.8,9.4,2,1,50,2,1,50,3,1,33.3,0,0,0,0,3,2,66.7,1,0,0,3,1,33.3,1,0,0,0
Loughborough Riders,"J. Campbell, M. Joiner, J. Cook, J. Cook, S. Wylie",1,247,6,2,6,33.3,2,4,50,0,0,0,0,4,4,0,0,0,1,1,6,78.2,65.3,91,36.8,26.4,50,50,0,0,80,14.3,0,66.7,89.3,7,1,7,14.3,1,7,14.3,4,4,100,1,3,4,1,1,0,2,3,9,21.4,40,18.6,20,100,74.7,14.6,1,0,0,1,0,0,4,2,50,0,1,0,0,0,0,0,0,0,0,7,1,14.3,0,0,0,1
Loughborough Riders,"J. Campbell, M. Joiner, C. Nyarko, T. Akinsuku, D. Hadley",2,221,8,3,7,42.9,0,0,0,2,2,100,2,1,3,2,1,0,1,2,6,66.5,71.7,61.3,33.5,39.2,42.9,50.8,66.7,50,100,9.2,28.6,0,121.1,8,3,4,75,1,2,50,1,2,50,0,2,2,2,1,1,1,3,5,87.5,82,17,0,50,141.7,-20.6,7,3,42.9,0,0,0,0,0,0,1,0,0,0,2,2,100,0,0,0,2,1,50,1,0,0,0
Loughborough Riders,"J. Campbell, M. Joiner, J. Cook, T. Akinsuku, D. Hadley",1,215,16,6,6,100,4,4,100,0,0,0,0,2,2,5,1,1,1,2,6,79.7,75,84.4,32.0,28.4,133.3,133.3,83.3,0,100,8.3,0,66.7,238.1,8,3,6,50,0,0,0,2,2,100,0,0,0,3,0,0,1,0,7,50,58.1,12.7,0,0,105.8,132.3,2,2,100,0,0,0,4,4,100,1,0,0,0,3,2,66.7,3,1,33.3,0,0,0,1,0,0,0
Loughborough Riders,"J. Campbell, M. Joiner, J. Cook, T. Akinsuku, C. Keys",1,210,6,2,8,25,1,4,25,1,2,50,2,0,2,1,0,0,0,1,6,65.2,75.5,54.9,31.8,43.8,31.2,33.8,50,33.3,0,0,25,50,90.8,8,4,6,66.7,0,1,0,0,0,0,2,4,6,2,0,0,1,1,4,66.7,66.7,14.3,100,16.7,166.7,-75.8,1,0,0,3,1,33.3,4,1,25,0,0,0,0,5,4,80,0,0,0,1,0,0,1,0,0,0
Loughborough Riders,"J. Campbell, M. Joiner, T. Akinsuku, L. Campbell, D. Hadley",1,211,6,2,5,40,2,4,50,0,0,0,0,3,3,1,0,1,2,2,6,87.4,76.4,98.3,31.4,24.4,60,60,50,0,60,25,0,80,89.3,8,3,9,33.3,2,6,33.3,0,0,0,2,3,5,3,2,1,2,1,8,44.4,44.4,18.2,40,66.7,92.6,-3.3,1,0,0,0,0,0,4,2,50,1,1,0,0,3,1,33.3,0,0,0,6,2,33.3,0,0,0,1
Loughborough Riders,"J. Campbell, M. Joiner, S. Wylie, D. Hadley, C. Keys",1,220,2,1,7,14.3,0,4,0,0,0,0,1,1,2,0,0,0,1,0,6,73.3,73.3,73.3,32.7,32.7,14.3,14.3,0,16.7,100,12.5,0,57.1,29.8,13,6,7,85.7,1,2,50,0,0,0,0,5,5,6,1,0,0,1,6,92.9,92.9,0,0,28.6,193.5,-163.7,3,1,33.3,0,0,0,4,0,0,1,0,0,0,5,5,100,0,0,0,2,1,50,0,0,0,0
Loughborough Riders,"J. Campbell, L. Ehiorobo, T. Akinsuku, D. Hadley, M. Joiner",2,166,3,1,4,25,0,0,0,1,2,50,0,2,2,1,0,0,2,2,6,89.4,95.5,83.3,25.1,28.8,25,30.7,100,0,50,25.4,50,0,45.4,6,3,7,42.9,0,2,0,0,0,0,2,4,6,1,2,0,1,0,5,42.9,42.9,12.5,50,28.6,104.2,-58.7,4,1,25,0,0,0,0,0,0,1,1,0,0,4,3,75,1,0,0,2,0,0,1,0,0,0
Loughborough Riders,"J. Campbell, L. Ehiorobo, T. Akinsuku, D. Hadley, C. Keys",1,195,6,2,6,33.3,0,2,0,2,3,66.7,3,3,6,1,1,0,2,2,6,78.7,74.7,82.7,32.1,29.0,33.3,41,50,60,100,19.4,50,33.3,98.9,7,3,6,50,1,2,50,0,0,0,0,2,2,2,1,1,1,2,6,58.3,58.3,14.3,0,33.3,104.2,-5.3,2,2,100,2,0,0,2,0,0,0,2,0,0,4,2,50,0,0,0,2,1,50,1,0,0,0
Loughborough Riders,"J. Campbell, L. Ehiorobo, T. Akinsuku, C. Keys, M. Joiner",1,279,8,3,6,50,1,4,25,1,2,50,1,2,3,2,0,0,1,1,6,71.5,56.8,86.2,42.2,27.8,58.3,58.1,66.7,33.3,66.7,10.1,33.3,66.7,121.1,12,5,8,62.5,1,2,50,1,1,100,1,2,3,3,1,0,3,4,10,68.8,71.1,26.2,33.3,25,119.7,1.4,2,2,100,0,0,0,4,1,25,1,0,1,0,4,2,50,2,2,100,2,1,50,0,1,0,1
Loughborough Riders,"J. Campbell, L. Ehiorobo, L. Campbell, S. Wylie, D. Hadley",1,218,5,2,7,28.6,1,4,25,0,0,0,0,2,2,2,0,0,0,2,6,68.7,74,63.4,32.4,37.8,35.7,35.7,100,0,66.7,0,0,57.1,74.4,5,2,6,33.3,1,1,100,0,0,0,1,4,5,1,0,1,1,1,5,41.7,41.7,14.3,33.3,16.7,86.8,-12.4,3,1,33.3,0,0,0,4,1,25,0,0,0,0,2,1,50,3,0,0,1,1,100,1,0,0,0
Loughborough Riders,"J. Campbell, M. Joiner, S. Wylie, J. Cook, C. Keys",1,157,2,1,3,33.3,0,0,0,0,0,0,0,1,1,1,0,0,4,1,6,88.1,102.7,73.4,23.4,32.7,33.3,33.3,100,0,100,50,0,0,29.8,9,4,5,80,1,1,100,0,0,0,0,1,1,3,1,0,0,0,4,90,90,0,0,20,187.5,-157.7,2,1,50,1,0,0,0,0,0,0,2,0,1,3,2,66.7,1,1,100,1,1,100,0,0,0,0
Loughborough Riders,"M. Joiner, L. Ehiorobo, L. Campbell, M. Joiner, C. Keys",2,215,4,2,6,33.3,0,4,0,0,0,0,0,1,1,0,0,0,1,4,6,85.1,75,95.2,32.0,25.2,33.3,33.3,0,0,50,14.3,0,66.7,59.5,15,6,9,66.7,1,2,50,2,2,100,1,4,5,2,1,0,0,0,8,72.2,75.9,0,50,22.2,176,-116.4,2,2,100,0,0,0,4,0,0,1,0,0,0,5,4,80,2,1,50,2,1,50,0,0,0,0
Loughborough Riders,"M. Joiner, T. Akinsuku, C. Nyarko, L. Campbell, C. Keys",1,166,6,2,6,33.3,2,5,40,0,0,0,0,2,2,2,1,0,1,1,6,90.2,97.2,83.3,24.7,28.8,50,50,100,0,100,11.1,0,83.3,89.3,9,3,5,60,3,4,75,0,0,0,0,4,4,3,0,0,1,0,5,90,90,16.7,0,80,156.2,-67,1,0,0,0,0,0,5,2,40,0,1,0,0,0,0,0,1,0,0,4,3,75,0,1,0,0
Loughborough Riders,"M. Joiner, S. Wylie, J. Cook, T. Akinsuku, D. Hadley",1,256,11,5,9,55.6,0,3,0,1,2,50,3,2,5,2,1,0,0,2,6,67.3,61.9,72.7,38.8,33.0,55.6,55.7,40,75,33.3,0,22.2,33.3,166.5,6,1,8,12.5,0,1,0,4,7,57.1,4,1,5,0,0,0,1,2,7,12.5,27.1,8.3,66.7,12.5,77.4,89.2,5,5,100,1,0,0,3,0,0,0,0,1,0,5,0,0,2,1,50,1,0,0,0,1,0,0
Loughborough Riders,"L. Ehiorobo, S. Wylie, D. Hadley, O. Curran, M. Joiner",1,234,3,1,5,20,1,4,25,0,0,0,0,4,4,1,2,0,2,2,6,77.6,68.9,86.3,34.8,27.8,30,30,100,0,100,25,0,80,44.6,8,2,5,40,1,3,33.3,3,4,75,0,4,4,2,2,0,2,1,8,50,59.2,22.8,0,60,95.1,-50.5,0,0,0,1,0,0,4,1,25,2,0,0,0,1,1,100,1,0,0,3,1,33.3,1,1,0,0
Loughborough Riders,"T. Akinsuku, J. Cook, D. Hadley, O. Curran, M. Joiner",1,196,12,3,5,60,2,3,66.7,4,5,80,1,3,4,3,0,0,1,0,6,83.5,84.6,82.3,28.4,29.2,80,83.3,100,50,100,8.9,100,60,173.6,9,4,7,57.1,1,4,25,0,0,0,0,1,1,1,1,0,0,4,6,64.3,64.3,0,0,57.1,133.9,39.7,2,1,50,0,0,0,3,2,66.7,1,0,0,0,2,2,100,1,1,100,4,1,25,0,0,0,0
Milton Keynes Breakers,"K. Williams, D. Jackson, M. New Jr., X. Wilson, B. Freckleton",1,246,7,3,7,42.9,1,3,33.3,0,0,0,1,3,4,1,1,0,1,0,6,62.9,65.6,60.3,36.6,39.8,50,50,33.3,33.3,100,11.1,0,42.9,104.2,6,2,5,40,1,3,33.3,1,1,100,0,2,2,1,1,0,1,0,6,50,55.1,15.5,0,60,97,7.1,3,2,66.7,1,0,0,3,1,33.3,1,0,0,0,2,1,50,0,0,0,3,1,33.3,1,0,0,0
Milton Keynes Breakers,"K. Williams, B. Baker-Mccann, X. Wilson, J. Spencer, B. Freckleton",2,236,4,2,7,28.6,0,2,0,0,0,0,3,3,6,0,0,0,3,2,6,72.6,68.3,76.9,35.1,31.2,28.6,28.6,0,60,60,30,0,28.6,59.5,11,4,9,44.4,2,4,50,1,2,50,2,2,4,4,1,0,0,1,7,55.6,55.7,0,40,44.4,145.4,-85.9,4,2,50,1,0,0,2,0,0,0,3,0,0,4,1,25,1,1,100,4,2,50,0,0,0,0
Milton Keynes Breakers,"D. Jackson, B. Baker-Mccann, M. New Jr., X. Wilson, C. Thompson",2,160,5,2,2,100,1,1,100,0,0,0,0,2,2,0,1,2,5,2,6,114.3,100.8,127.9,23.8,18.8,125,125,0,0,100,71.4,0,50,74.4,5,2,6,33.3,0,1,0,1,2,50,0,0,0,1,3,0,2,1,8,33.3,36.3,22.5,0,16.7,58.7,15.8,1,1,100,0,0,0,1,1,100,0,3,0,1,3,2,66.7,2,0,0,1,0,0,1,1,1,0
Milton Keynes Breakers,"D. Jackson, B. Baker-Mccann, L. Gregory, J. Spencer, C. Thompson",2,132,2,0,3,0,0,2,0,2,3,66.7,0,2,2,0,0,0,2,0,6,90.1,110.3,69.8,21.8,34.4,0,23.1,0,0,66.7,31.6,100,66.7,33,5,2,5,40,1,4,25,0,0,0,1,3,4,1,1,0,0,1,3,50,50,0,33.3,80,130.2,-97.2,1,0,0,0,0,0,2,0,0,0,2,0,0,1,1,100,0,0,0,4,1,25,0,0,0,0
Milton Keynes Breakers,"B. Baker-Mccann, J. Dietrich, L. Gregory, M. New Jr., B. Freckleton",2,199,7,2,6,33.3,1,4,25,2,2,100,1,3,4,0,1,0,1,2,6,79.7,79.7,79.7,30.1,30.1,41.7,50.9,0,25,100,12.7,33.3,66.7,106,8,2,5,40,2,3,66.7,2,2,100,0,3,3,2,1,0,1,1,6,60,68,14.5,0,60,121.1,-15.1,2,1,50,0,0,0,4,1,25,0,1,0,0,1,0,0,1,0,0,3,2,66.7,0,1,0,0
Milton Keynes Breakers,"B. Baker-Mccann, M. New Jr., X. Wilson, K. Oates, G. Formeloza",1,145,11,4,4,100,1,1,100,2,2,100,0,2,2,2,1,0,2,0,6,102.3,109.3,95.3,22.0,25.2,112.5,112.7,50,0,100,22.5,50,25,166.5,6,3,5,60,0,1,0,0,0,0,0,0,0,1,1,0,1,2,5,60,60,16.7,0,20,104.2,62.4,3,3,100,0,0,0,1,1,100,1,1,0,0,3,3,100,1,0,0,1,0,0,1,0,0,0
Newcastle Knights,"B. Dean, S. Trunley, F. Cork, H. Abdul, R. Reed",1,129,3,1,4,25,0,0,0,1,4,25,1,3,4,0,0,0,2,2,6,135.7,120.7,150.7,19.9,15.9,25,26,0,20,100,25.8,100,0,46.2,11,4,8,50,2,4,50,1,1,100,0,4,4,3,2,0,0,1,8,62.5,65.2,0,0,50,135.8,-89.5,3,0,0,1,1,100,0,0,0,1,1,0,0,3,1,33.3,1,1,100,4,2,50,0,0,0,0
Newcastle Knights,"B. Dean, J. Thames, W. Neighbour, M. Jones, R. Reed",1,209,8,3,4,75,1,1,100,1,3,33.3,0,2,2,2,0,0,1,1,6,78.3,69.7,86.9,34.4,27.6,87.5,75.2,66.7,0,66.7,12,75,25,131.9,8,3,6,50,0,0,0,2,2,100,1,2,3,0,0,0,2,2,7,50,58.1,22.5,33.3,0,105.8,26.1,2,2,100,1,0,0,1,1,100,0,1,0,0,3,2,66.7,3,1,33.3,0,0,0,0,0,0,1
Newcastle Knights,"B. Dean, J. Thames, M. Hendry, H. Abdul, S. Angus",1,135,5,2,4,50,0,1,0,1,1,100,1,1,2,0,0,0,3,1,6,108.9,109.9,107.9,21.8,22.3,50,56.3,0,50,50,40.3,25,25,80.9,13,4,6,66.7,2,3,66.7,3,3,100,1,1,2,3,3,0,0,1,6,83.3,88.8,0,50,50,214.3,-133.4,1,1,100,2,1,50,1,0,0,1,2,0,0,2,2,100,1,0,0,3,2,66.7,0,0,0,0
Newcastle Knights,"J. Soodeen, F. Cork, R. Graham-Bell, H. Abdul, S. Angus",1,160,9,3,6,50,0,2,0,3,4,75,1,3,4,2,1,0,0,1,6,91,97.3,84.7,24.7,28.3,50,58,66.7,100,75,0,66.7,33.3,138.7,4,1,5,20,1,4,25,1,2,50,1,0,1,2,0,0,1,1,5,30,34,14.5,25,80,70.9,67.8,4,3,75,0,0,0,2,0,0,0,0,0,0,0,0,0,1,0,0,4,1,25,1,0,0,0
Newcastle Knights,"J. Soodeen, F. Cork, R. Graham-Bell, H. Abdul, M. Matthews",1,161,4,2,4,50,0,0,0,0,2,0,1,2,3,2,2,0,3,0,6,92.2,98.5,85.9,24.4,28.0,50,41,100,50,66.7,30.4,50,0,60.6,4,2,5,40,0,3,0,0,0,0,1,1,2,1,3,0,2,3,5,40,40,28.6,33.3,60,69.4,-8.9,3,1,33.3,1,1,100,0,0,0,3,0,0,0,2,2,100,0,0,0,3,0,0,2,0,1,0
Nottingham Hoods,"T. Bonsu, T. Williams, T. Williams, E. Bailey, S. Akano",1,167,6,2,5,40,1,4,25,1,2,50,1,2,3,1,0,0,2,0,6,88.8,94.9,82.8,25.3,29.0,50,51,50,33.3,100,22.5,40,80,90.8,7,3,5,60,1,3,33.3,0,0,0,0,2,2,1,1,0,1,1,5,70,70,16.7,0,60,121.5,-30.7,1,1,100,0,0,0,4,1,25,0,2,0,0,2,2,100,0,0,0,3,1,33.3,0,0,0,1
Nottingham Hoods,"T. Bonsu, T. Bonsu, B. Johnson, D. Nixon Ii, S. Akano",1,186,5,1,5,20,0,3,0,3,4,75,0,0,0,2,4,0,0,1,6,84.5,83.7,85.2,28.7,28.2,20,37,200,0,0,0,80,60,77,6,2,2,100,1,1,100,1,2,50,0,4,4,2,0,1,4,1,6,125,104.2,58.1,0,50,90.8,-13.8,2,1,50,0,0,0,3,0,0,0,0,0,0,1,1,100,0,0,0,1,1,100,2,2,0,0
Nottingham Hoods,"T. Bonsu, S. Jamison, K. Bartholomew, A. Sandu-Nelson, E. Bailey",1,178,3,1,4,25,0,1,0,1,2,50,1,2,3,2,0,0,3,2,6,83.4,89.1,77.7,27.0,30.9,25,30.7,200,50,100,30.4,50,25,45.4,11,4,6,66.7,3,4,75,0,0,0,0,1,1,2,3,0,0,1,5,91.7,91.7,0,0,66.7,191,-145.6,1,1,100,2,0,0,1,0,0,2,1,0,0,1,1,100,1,0,0,4,3,75,0,0,0,0
Nottingham Hoods,"T. Bonsu, D. Nixon Ii, K. Bartholomew, T. Williams, E. Bailey",1,235,8,3,7,42.9,1,4,25,1,2,50,2,1,3,1,2,0,1,1,6,63.1,67.5,58.8,35.6,40.8,50,50.8,33.3,40,50,10.1,28.6,57.1,121.1,5,2,4,50,1,3,33.3,0,0,0,1,3,4,2,0,0,3,2,5,62.5,62.5,42.9,50,75,86.8,34.3,3,2,66.7,0,0,0,4,1,25,0,1,0,0,1,1,100,0,0,0,3,1,33.3,3,0,0,0
Nottingham Hoods,"T. Williams, C. Ross, T. Bonsu, B. Johnson, S. Akano",1,250,7,3,5,60,0,1,0,1,2,50,1,1,2,1,1,0,2,4,6,79.3,63.4,95.1,37.9,25.2,60,59.5,33.3,33.3,50,22.5,40,20,106,15,6,9,66.7,1,3,33.3,2,3,66.7,1,2,3,5,2,0,1,1,9,72.2,72.7,8.8,50,33.3,151.4,-45.4,2,2,100,2,1,50,1,0,0,0,2,1,0,6,5,83.3,0,0,0,3,1,33.3,1,0,0,0
Nottingham Hoods,"A. Adedo, S. Jamison, S. Akano, M. Savery-Richards, C. Ross",1,212,10,4,7,57.1,2,3,66.7,0,0,0,0,2,2,1,2,0,0,1,6,83.2,76.1,90.4,31.5,26.5,71.4,71.4,25,0,66.7,0,0,42.9,148.8,5,1,4,25,0,0,0,3,3,100,1,2,3,1,0,1,4,2,7,25,47,42.9,33.3,0,62.6,86.2,3,2,66.7,1,0,0,3,2,66.7,0,0,1,0,2,1,50,2,0,0,0,0,0,1,1,0,1
Nottingham Hoods,"A. Adedo, B. Johnson, D. Nixon Ii, S. Akano, M. Savery-Richards",2,176,11,3,5,60,1,2,50,4,4,100,1,2,3,2,0,0,1,1,6,89.3,88.5,90.1,27.1,26.6,70,81.4,66.7,100,100,10.2,80,40,169.5,11,4,6,66.7,2,4,50,1,2,50,0,0,0,3,0,0,0,3,6,83.3,79.9,0,0,66.7,166.5,3,3,2,66.7,0,0,0,2,1,50,0,1,0,0,2,2,100,0,0,0,4,2,50,0,0,0,0
Nottingham Hoods,"T. Bonsu, B. Johnson, D. Nixon Ii, A. Sandu-Nelson, E. Bailey",1,211,12,2,3,66.7,2,2,100,6,8,75,1,4,5,2,2,0,1,1,6,73.8,71.2,76.4,33.7,31.4,100,92,100,50,80,10.5,266.7,66.7,191.7,2,1,6,16.7,0,3,0,0,0,0,1,1,2,1,0,0,2,5,6,16.7,16.7,25,20,50,29.8,162,1,0,0,0,0,0,2,2,100,1,0,0,0,2,1,50,1,0,0,3,0,0,2,0,0,0
Nottingham Hoods,"S. Jamison, B. Johnson, A. Sandu-Nelson, E. Bailey, S. Akano",2,82,5,1,1,100,0,0,0,3,8,37.5,0,5,5,0,0,0,2,3,6,198.9,183.2,214.7,13.1,11.2,100,55.3,0,0,100,30.7,800,0,79.9,7,1,5,20,1,3,33.3,4,6,66.7,0,4,4,2,2,0,0,4,7,30,45.8,0,0,60,95.4,-15.6,0,0,0,1,1,100,0,0,0,0,2,0,0,2,0,0,0,0,0,3,1,33.3,0,0,0,0
Reading Rockets,"M. Bryant, J. Waterhouse, T. Nsangu, Z. Poorman, V. Olarerin",2,240,8,4,8,50,0,2,0,0,0,0,1,2,3,2,2,0,0,1,6,66,67.2,64.9,35.7,37.0,50,50,50,33.3,50,0,0,25,119,6,2,5,40,0,1,0,2,4,50,2,2,4,0,0,1,2,0,6,40,44.4,22.8,50,20,92.5,26.6,4,4,100,2,0,0,2,0,0,0,0,0,0,2,2,100,2,0,0,1,0,0,2,0,1,0
Reading Rockets,"M. Bryant, T. Nsangu, C. Creek, Y. Salih, E. Harrington",1,181,4,2,5,40,0,1,0,0,0,0,2,3,5,0,3,0,4,1,6,82.7,89.1,76.4,26.9,31.4,40,40,0,100,100,44.4,0,20,59.5,0,0,3,0,0,3,0,0,0,0,0,0,0,0,1,0,3,1,5,0,0,50,0,100,0,59.5,4,2,50,0,0,0,1,0,0,1,0,0,2,0,0,0,0,0,0,3,0,0,1,2,0,0
Reading Rockets,"M. Bryant, T. Nsangu, E. Harrington, V. Olarerin, S. Chamberlain",2,154,12,4,7,57.1,2,3,66.7,2,2,100,1,1,2,3,1,0,0,1,6,111.3,102.9,119.7,23.3,20.1,71.4,76.1,75,33.3,100,0,28.6,42.9,181.7,0,0,1,0,0,1,0,0,0,0,0,2,2,0,0,0,7,3,7,0,0,87.5,0,100,0,181.7,4,2,50,0,0,0,3,2,66.7,0,0,0,0,0,0,0,0,0,0,1,0,0,2,1,0,2
Reading Rockets,"M. Bryant, C. Creek, J. Bouknight, Z. Poorman, S. Chamberlain",4,210,10,3,7,42.9,2,5,40,2,2,100,1,2,3,3,0,1,0,2,6,70,75.5,64.5,31.8,37.2,57.1,63.5,100,33.3,100,0,28.6,71.4,151.4,4,1,3,33.3,0,1,0,2,2,100,0,2,2,2,0,0,2,2,5,33.3,51.5,34,0,33.3,70.9,80.5,0,0,0,2,1,50,5,2,40,0,0,0,0,1,1,100,1,0,0,1,0,0,0,2,0,0
Reading Rockets,"M. Bryant, M. Hassan-Taylor, J. Bouknight, Y. Salih, S. Chamberlain",1,205,10,4,5,80,0,0,0,2,4,50,0,2,2,4,0,1,0,0,6,71.7,76,67.4,31.6,35.6,80,74,100,0,100,0,80,0,154.1,8,3,5,60,2,2,100,0,0,0,0,1,1,2,0,0,1,2,5,80,80,16.7,0,40,138.9,15.2,3,3,100,2,1,50,0,0,0,0,0,0,0,1,1,100,2,0,0,2,2,100,0,1,0,0
Reading Rockets,"J. Waterhouse, L. Sayles, M. Hassan-Taylor, M. Daines, Y. Salih",2,164,3,1,6,16.7,0,1,0,1,2,50,1,3,4,1,0,1,1,3,6,102,96.7,107.3,24.8,22.4,16.7,21.8,100,20,60,11.3,33.3,16.7,45.4,5,1,7,14.3,0,2,0,3,6,50,2,4,6,1,1,1,0,0,7,14.3,25.9,0,40,28.6,68.2,-22.8,5,1,20,0,0,0,1,0,0,0,1,0,0,5,1,20,0,0,0,2,0,0,0,0,0,0
Reading Rockets,"L. Sayles, C. Creek, M. Daines, Y. Salih, S. Chamberlain",1,144,5,2,2,100,1,1,100,0,0,0,0,1,1,2,0,0,5,4,6,118.1,112,124.2,21.4,19.3,125,125,100,0,50,55.6,0,50,74.4,6,2,6,33.3,0,2,0,2,4,50,1,0,1,0,4,0,1,0,7,33.3,38.7,11.4,50,33.3,80.5,-6.1,1,1,100,0,0,0,1,1,100,4,1,0,0,4,2,50,0,0,0,2,0,0,0,1,0,0
Reading Rockets,"C. Creek, J. Bouknight, E. Harrington, V. Olarerin, S. Chamberlain",2,194,8,3,8,37.5,2,6,33.3,0,0,0,1,2,3,3,0,0,0,1,6,87.6,83.1,92.2,28.9,26.0,50,50,100,25,100,0,0,75,119,14,4,6,66.7,2,3,66.7,4,4,100,0,3,3,4,0,0,0,2,7,83.3,90.2,0,0,50,187.9,-68.9,1,1,100,1,0,0,6,2,33.3,0,0,0,0,3,2,66.7,0,0,0,3,2,66.7,0,0,0,0
Reading Rockets,"J. Bouknight, Y. Salih, Z. Poorman, V. Olarerin, S. Chamberlain",1,250,8,3,6,50,2,3,66.7,0,0,0,0,1,1,3,2,0,1,2,6,73.2,64.5,81.8,37.2,29.3,66.7,66.7,100,0,50,10,0,50,119,12,4,7,57.1,2,4,50,2,2,100,1,3,4,4,0,0,2,0,8,71.4,76.1,20.2,50,57.1,140.8,-21.7,1,1,100,2,0,0,3,2,66.7,0,1,0,0,2,2,100,1,0,0,4,2,50,1,1,0,0
Worthing Thunder,"J. Hopkins, E. Maynard, T. Mcindoe, A. Scarborough, E. Dadds",1,181,0,0,6,0,0,1,0,0,0,0,3,0,3,0,0,0,4,2,6,75.6,89.1,62.1,26.9,38.6,0,0,0,60,0,40,0,16.7,0,8,3,4,75,1,2,50,1,2,50,1,2,3,3,1,0,1,0,4,87.5,82,17,100,50,170.8,-170.8,5,0,0,0,0,0,1,0,0,1,1,0,1,2,2,100,0,0,0,2,1,50,1,0,0,0
Worthing Thunder,"J. Hopkins, E. Maynard, J. Lashley, E. Dadds, A. Price",1,178,9,2,6,33.3,2,3,66.7,3,4,75,2,2,4,3,1,0,1,3,6,98.9,87.5,110.3,27.4,21.8,50,58,150,50,66.7,8.5,66.7,50,138.7,8,1,2,50,1,2,50,5,8,62.5,1,2,3,2,1,0,4,6,8,75,72.5,42,33.3,100,97.8,40.9,2,0,0,1,0,0,3,2,66.7,0,1,0,0,0,0,0,0,0,0,2,1,50,0,2,0,1
Worthing Thunder,"J. Hopkins, E. Maynard, A. Scarborough, E. Dadds, A. Price",2,139,6,2,6,33.3,1,2,50,1,2,50,0,4,4,1,1,0,0,1,6,114,114,114,21.0,21.0,41.7,43.6,50,0,100,0,33.3,33.3,90.8,5,2,5,40,1,2,50,0,2,0,0,3,3,2,0,0,1,0,6,50,42.5,14.5,0,40,75.7,15.1,3,1,33.3,1,0,0,2,1,50,0,0,0,0,3,1,33.3,0,0,0,2,1,50,0,1,0,0
Yorkshire Dragons,"R. Ani, B. Tew, J. Whelan, C. Johnson, N. Lewis",1,209,11,4,5,80,0,0,0,3,4,75,0,0,0,2,0,0,0,2,6,69.7,74.5,64.8,32.2,37.0,80,81.4,50,0,0,0,80,0,169.5,12,5,6,83.3,1,1,100,1,2,50,1,0,1,3,0,0,0,1,5,91.7,87.2,0,100,16.7,212.6,-43.1,3,2,66.7,2,2,100,0,0,0,0,0,0,0,4,3,75,1,1,100,1,1,100,0,0,0,0
Yorkshire Dragons,"R. Ani, J. Whelan, A. Lycoudis, C. Johnson, N. Lewis",1,166,7,3,7,42.9,1,1,100,0,0,0,1,1,2,2,2,0,1,1,6,95.5,97.2,93.8,24.7,25.6,50,50,66.7,33.3,50,10,0,14.3,104.2,9,2,4,50,1,2,50,4,4,100,1,2,3,1,1,0,2,0,6,62.5,78.1,25.8,50,50,138.7,-34.5,5,2,40,1,0,0,1,1,100,1,0,0,0,2,1,50,0,0,0,2,1,50,1,1,0,0
Yorkshire Dragons,"A. Lycoudis, B. Tew, L. Rooney, J. Mielke, C. Johnson",1,175,5,2,5,40,1,4,25,0,0,0,1,1,2,1,0,0,3,1,6,85.6,92.2,79,26.0,30.4,50,50,50,33.3,50,33.3,0,80,74.4,13,5,7,71.4,3,4,75,0,0,0,1,2,3,2,1,0,0,0,5,92.9,92.9,0,50,57.1,225.7,-151.3,1,1,100,0,0,0,4,1,25,3,0,0,0,3,2,66.7,0,0,0,4,3,75,0,0,0,0
Birmingham Rockets,"R. Blain, T. Grayling, Z. Powell, L. Mcgregor, M. Gayle",1,189,5,2,7,28.6,0,4,0,1,2,50,2,0,2,1,1,0,0,3,5,71.7,71.7,71.7,33.5,33.5,28.6,31.7,50,40,0,0,28.6,57.1,88.6,6,2,3,66.7,0,0,0,2,2,100,1,3,4,1,0,0,3,1,5,66.7,77.3,43.6,100,0,106.3,-17.7,1,1,100,2,1,50,4,0,0,0,0,0,0,2,2,100,1,0,0,0,0,0,1,0,0,2
Birmingham Rockets,"R. Blain, Z. Powell, E. Donaldson, F. Mughaal, M. Gayle",1,162,3,1,4,25,1,2,50,0,0,0,0,2,2,1,1,0,2,0,5,92.4,85.3,99.6,28.1,24.1,37.5,37.5,100,0,100,28.6,0,50,52.1,8,4,6,66.7,0,2,0,0,0,0,0,3,3,1,1,1,1,2,6,66.7,66.7,14.3,0,33.3,119,-67,2,0,0,0,0,0,2,1,50,1,1,0,0,3,3,100,1,1,100,2,0,0,0,1,0,0
Birmingham Rockets,"P. Basioudis, T. Grayling, Z. Powell, L. Duru, F. Mughaal",1,150,4,2,6,33.3,0,4,0,0,0,0,1,1,2,1,2,1,1,2,5,106.6,92.2,121,26.0,19.8,33.3,33.3,50,25,33.3,12.5,0,66.7,69.4,7,2,7,28.6,1,3,33.3,2,2,100,2,3,5,2,0,0,2,0,7,35.7,44.4,20.2,66.7,42.9,92.5,-23.1,2,2,100,0,0,0,4,0,0,0,0,0,1,3,1,33.3,1,0,0,3,1,33.3,2,0,0,0
Birmingham Rockets,"T. Grayling, Z. Powell, L. Duru, F. Mughaal, M. Gayle",1,189,0,0,3,0,0,2,0,0,0,0,0,1,1,0,0,0,3,0,5,79.2,73.1,85.3,32.8,28.1,0,0,0,0,33.3,50,0,66.7,0,8,4,8,50,0,2,0,0,0,0,2,1,3,2,2,0,1,2,6,50,50,11.1,66.7,25,119,-119,0,0,0,1,0,0,2,0,0,1,1,0,1,4,3,75,2,1,50,2,0,0,0,0,0,1
Birmingham Rockets,"O. Jackman, Z. Powell, L. Okosieme, E. Donaldson, M. Gayle",2,232,2,0,3,0,0,1,0,2,2,100,0,2,2,0,0,0,2,3,5,65.5,58.4,72.7,41.1,33.0,0,25.8,0,0,33.3,34,66.7,33.3,35.4,14,5,10,50,2,4,50,2,3,66.7,4,2,6,3,0,0,0,1,7,60,61.8,0,66.7,40,199.2,-163.8,1,0,0,1,0,0,1,0,0,1,1,0,0,4,3,75,2,0,0,4,2,50,0,0,0,0
Bristol Flyers II,"Y. Hafid, L. Ayinla, R. Price, E. Ekwegh, R. Bawden",1,169,5,2,8,25,1,6,16.7,0,0,0,2,0,2,1,1,0,0,1,5,78,81.8,74.2,29.3,32.4,31.2,31.2,50,40,0,0,0,75,86.8,12,4,5,80,3,3,100,1,1,100,1,3,4,3,0,0,1,0,5,110,110.3,15.5,100,60,229.8,-143,1,1,100,1,0,0,6,1,16.7,0,0,0,0,2,1,50,0,0,0,3,3,100,1,0,0,0
Bristol Flyers II,"Y. Hafid, L. Ayinla, R. Eigbe, Z. Riabi, N. Ladjimi",1,196,6,3,8,37.5,0,2,0,0,0,0,2,2,4,0,0,0,0,2,5,76.4,70.5,82.3,34.0,29.2,37.5,37.5,0,40,66.7,0,0,25,104.2,11,5,8,62.5,1,3,33.3,0,0,0,1,3,4,3,0,1,0,0,6,68.8,68.8,0,33.3,37.5,163.7,-59.5,5,3,60,1,0,0,2,0,0,0,0,0,0,5,4,80,0,0,0,3,1,33.3,0,0,0,0
Bristol Flyers II,"Y. Hafid, L. Ayinla, R. Eigbe, N. Ladjimi, R. Bawden",1,139,5,2,4,50,1,2,50,0,1,0,0,1,1,1,1,0,1,0,5,93.8,90.2,97.5,26.6,24.6,62.5,56.3,50,0,100,15.5,25,50,95.7,7,3,4,75,0,0,0,1,2,50,0,3,3,1,1,0,1,1,5,75,71.7,17,0,0,124,-28.3,1,1,100,1,0,0,2,1,50,0,1,0,0,4,3,75,0,0,0,0,0,0,1,0,0,0
Bristol Flyers II,"Y. Hafid, R. Price, J. Craggs, N. Ladjimi, R. Bawden",2,168,9,3,4,75,3,3,100,0,0,0,0,2,2,2,0,0,2,3,5,79.8,82.3,77.3,29.2,31.0,112.5,112.5,66.7,0,40,25,0,75,156.2,7,1,6,16.7,0,5,0,5,6,83.3,3,1,4,0,2,1,0,0,5,16.7,40.5,0,60,83.3,129.3,27,1,0,0,0,0,0,3,3,100,1,1,0,0,1,1,100,0,0,0,5,0,0,0,0,0,0
Bristol Flyers II,"Y. Hafid, R. Price, J. Craggs, T. Browne, E. Ekwegh",1,139,4,2,6,33.3,0,3,0,0,0,0,1,3,4,1,1,0,1,1,5,91.2,99.5,82.9,24.1,29.0,33.3,33.3,50,33.3,100,12.5,0,50,69.4,2,1,4,25,0,2,0,0,0,0,0,2,2,0,0,0,1,0,4,25,25,20,0,50,41.7,27.8,3,2,66.7,0,0,0,3,0,0,1,0,0,0,1,1,100,1,0,0,2,0,0,1,0,0,0
Bristol Flyers II,"Y. Hafid, J. Craggs, L. Matthews, W. Simba, T. Browne",2,100,6,1,4,25,0,1,0,4,4,100,0,2,2,2,1,0,0,3,5,149.3,132.7,165.9,18.1,14.5,25,52.1,200,0,100,0,100,25,108.5,8,2,4,50,1,1,100,3,5,60,0,2,2,1,0,0,1,2,6,62.5,64.5,13.9,0,25,115.7,-7.2,1,0,0,2,1,50,1,0,0,0,0,0,0,2,1,50,1,0,0,1,1,100,0,1,0,0
Bristol Flyers II,"Y. Hafid, R. Eigbe, Z. Riabi, N. Ladjimi, A. Bhebhe",1,126,5,2,4,50,1,2,50,0,0,0,0,1,1,1,3,0,2,3,5,107.5,109.7,105.3,21.9,22.8,62.5,62.5,50,0,100,28.6,0,50,86.8,4,1,1,100,1,1,100,1,4,25,0,1,1,1,2,1,3,0,5,150,72.5,52.1,0,100,72.3,14.5,1,0,0,1,1,100,2,1,50,2,0,1,0,0,0,0,0,0,0,1,1,100,2,1,0,0
Bristol Flyers II,"Y. Hafid, R. Eigbe, N. Ladjimi, W. Simba, E. Ekwegh",2,214,1,0,4,0,0,2,0,1,2,50,0,2,2,0,1,0,1,0,5,74.1,63.3,84.8,37.9,28.3,0,10.2,0,0,50,17,50,50,17.7,7,3,7,42.9,0,3,0,1,2,50,2,5,7,2,1,0,2,1,7,42.9,44.4,20.2,50,42.9,92.5,-74.8,1,0,0,1,0,0,2,0,0,0,1,0,0,3,2,66.7,1,1,100,3,0,0,1,0,0,1
Bristol Flyers II,"Y. Hafid, R. Eigbe, N. Ladjimi, W. Simba, R. Bawden",2,187,8,4,7,57.1,0,2,0,0,0,0,2,2,4,1,0,0,1,2,5,73.9,73.9,73.9,32.5,32.5,57.1,57.1,25,100,50,11.1,0,28.6,138.9,9,4,8,50,1,1,100,0,0,0,2,0,2,3,1,0,0,1,5,56.2,56.2,0,50,12.5,156.2,-17.4,5,4,80,0,0,0,2,0,0,0,1,0,0,6,3,50,1,0,0,1,1,100,0,0,0,0
Bristol Flyers II,"Y. Hafid, N. Sagkovits, T. Browne, E. Ekwegh, R. Bawden",1,100,5,2,5,40,1,2,50,0,0,0,1,0,1,0,1,0,2,1,5,115.2,138.2,92.2,17.4,26.0,50,50,0,33.3,0,28.6,0,40,86.8,2,1,1,100,0,0,0,0,0,0,0,2,2,1,0,1,3,0,3,100,100,75,0,0,52.1,34.7,3,1,33.3,0,0,0,2,1,50,0,0,0,1,1,1,100,0,0,0,0,0,0,0,2,0,1
Bristol Flyers II,"Y. Hafid, N. Ladjimi, A. Bhebhe, T. Browne, E. Ekwegh",1,200,5,2,4,50,1,3,33.3,0,2,0,0,3,3,2,0,0,1,2,5,68.4,67.7,69.1,35.4,34.7,62.5,51.2,100,0,60,12.7,50,75,88.6,4,2,8,25,0,3,0,0,0,0,2,2,4,0,1,0,0,1,5,25,25,0,40,37.5,69.4,19.1,1,1,100,0,0,0,3,1,33.3,0,1,0,0,3,2,66.7,2,0,0,3,0,0,0,0,0,0
Bristol Flyers II,"Y. Hafid, A. Bhebhe, L. Matthews, T. Browne, E. Ekwegh",1,178,7,3,7,42.9,1,3,33.3,0,0,0,1,2,3,0,0,0,0,2,5,81.8,77.7,85.9,30.9,27.9,50,50,0,33.3,66.7,0,0,42.9,121.5,5,1,4,25,0,3,0,3,6,50,1,2,3,0,0,1,1,0,6,25,37.7,13.1,33.3,75,78.4,43.1,2,1,50,2,1,50,3,1,33.3,0,0,0,0,1,1,100,0,0,0,3,0,0,1,0,0,0
Bristol Flyers II,"L. Ayinla, R. Price, Z. Riabi, A. Bhebhe, E. Ekwegh",1,147,2,1,3,33.3,0,2,0,0,0,0,0,0,0,1,0,0,3,2,5,86.2,94,78.4,25.5,30.6,33.3,33.3,100,0,0,42.9,0,66.7,34.7,4,2,4,50,0,0,0,0,0,0,2,1,3,0,2,0,3,1,4,50,50,42.9,100,0,83.3,-48.6,0,0,0,1,1,100,2,0,0,1,1,1,0,4,2,50,0,0,0,0,0,0,0,0,2,1
Bristol Flyers II,"L. Ayinla, J. Craggs, R. Eigbe, Z. Riabi, A. Bhebhe",1,139,9,2,3,66.7,0,0,0,5,6,83.3,1,3,4,1,0,0,1,2,5,86.2,93.5,78.9,25.7,30.4,66.7,79.8,50,100,75,13.1,200,0,166.2,3,0,4,0,0,2,0,3,4,75,1,0,1,0,1,0,0,2,4,0,26,0,25,50,65.7,100.6,3,2,66.7,0,0,0,0,0,0,1,0,0,0,1,0,0,1,0,0,2,0,0,0,0,0,0
Bristol Flyers II,"L. Ayinla, J. Craggs, R. Eigbe, Z. Riabi, A. Bhebhe",1,165,5,2,5,40,1,2,50,0,1,0,1,1,2,1,1,0,1,0,5,82.9,76,89.9,31.6,26.7,50,46,50,33.3,100,13.4,20,40,95.7,9,4,5,80,1,1,100,0,1,0,0,2,2,3,1,0,1,1,6,90,82.7,15.5,0,20,145.6,-49.8,3,1,33.3,0,0,0,2,1,50,0,1,0,0,2,2,100,2,1,50,1,1,100,1,0,0,0
Bristol Flyers II,"L. Ayinla, J. Craggs, R. Eigbe, Z. Riabi, L. Matthews",1,137,9,3,4,75,2,2,100,1,2,50,0,2,2,3,0,0,1,1,5,98.9,98.9,98.9,24.3,24.3,100,92.2,100,0,66.7,11.3,50,50,159.4,6,2,5,40,0,2,0,2,2,100,1,1,2,1,1,0,1,2,5,40,51,14.5,33.3,40,106.3,53.1,1,1,100,1,0,0,2,2,100,1,0,0,0,2,2,100,1,0,0,2,0,0,1,0,0,0
Bristol Flyers II,"L. Ayinla, J. Craggs, Z. Riabi, L. Matthews, R. Bawden",1,88,2,1,2,50,0,1,0,0,2,0,0,1,1,1,1,0,3,1,5,129.3,153.9,104.7,15.6,22.9,50,34.7,100,0,100,43.6,100,50,35.4,5,2,3,66.7,1,1,100,0,0,0,0,2,2,2,0,0,1,0,3,83.3,83.3,25,0,33.3,130.2,-94.8,0,0,0,1,1,100,1,0,0,0,0,0,2,1,1,100,1,0,0,1,1,100,0,1,0,0
Bristol Flyers II,"L. Ayinla, J. Craggs, N. Sagkovits, N. Ladjimi, A. Bhebhe",1,172,8,4,6,66.7,0,1,0,0,0,0,1,1,2,2,2,0,1,2,5,80.4,80.4,80.4,29.9,29.9,66.7,66.7,50,50,100,11.1,0,16.7,138.9,0,0,3,0,0,2,0,0,0,0,0,1,1,0,0,0,3,0,5,0,0,50,0,66.7,0,138.9,4,3,75,1,1,100,1,0,0,0,0,0,1,0,0,0,1,0,0,2,0,0,1,1,0,1
Bristol Flyers II,"L. Ayinla, R. Eigbe, N. Sagkovits, A. Bhebhe, T. Browne",2,155,3,1,3,33.3,1,1,100,0,0,0,0,2,2,1,0,1,3,4,5,95.7,89.2,102.3,26.9,23.5,50,50,100,0,40,42.9,0,33.3,52.1,8,3,8,37.5,0,2,0,2,2,100,3,1,4,0,2,1,1,0,6,37.5,45,10.1,60,25,121.1,-69,2,0,0,0,0,0,1,1,100,1,1,0,1,6,3,50,0,0,0,2,0,0,0,1,0,0
Bristol Flyers II,"L. Ayinla, R. Eigbe, N. Ladjimi, L. Matthews, E. Ekwegh",1,169,6,3,6,50,0,2,0,0,0,0,1,2,3,1,0,0,1,1,5,87.8,81.8,93.8,29.3,25.6,50,50,33.3,33.3,66.7,12.5,0,33.3,104.2,8,3,6,50,1,2,50,1,2,50,1,2,3,3,0,0,1,0,6,58.3,58.1,12.7,33.3,33.3,121.1,-17,3,2,66.7,1,1,100,2,0,0,1,0,0,0,4,2,50,0,0,0,2,1,50,0,1,0,0
Bristol Flyers II,"L. Ayinla, N. Sagkovits, N. Ladjimi, A. Bhebhe, W. Simba",1,147,2,1,7,14.3,0,2,0,0,0,0,1,0,1,1,1,0,0,0,5,85.3,94,76.5,25.5,31.4,14.3,14.3,100,25,0,0,0,28.6,34.7,8,2,3,66.7,2,3,66.7,2,2,100,1,3,4,2,0,0,2,0,4,100,103.1,34,100,100,170.8,-136,3,1,33.3,2,0,0,2,0,0,0,0,0,0,0,0,0,0,0,0,3,2,66.7,2,0,0,0
Bristol Flyers II,"R. Price, R. Eigbe, Z. Riabi, L. Matthews, T. Browne",1,82,2,0,1,0,0,0,0,2,4,50,0,1,1,1,1,0,3,1,5,149.5,161.8,137.1,14.8,17.5,0,36.2,0,0,100,44.4,400,0,36.2,7,2,3,66.7,1,2,50,2,2,100,0,1,1,3,1,1,1,2,4,83.3,90.2,20.5,0,66.7,149.4,-113.3,0,0,0,1,0,0,0,0,0,1,0,0,1,1,1,100,0,0,0,2,1,50,1,0,0,0
Bristol Flyers II,"R. Price, N. Ladjimi, A. Bhebhe, L. Matthews, W. Simba",1,170,8,3,3,100,2,2,100,0,0,0,0,2,2,2,0,0,3,0,5,81.3,81.3,81.3,29.5,29.5,133.3,133.3,66.7,0,100,37.5,0,66.7,138.9,7,3,6,50,1,3,33.3,0,0,0,0,0,0,2,3,0,0,0,5,58.3,58.3,0,0,50,121.5,17.4,1,1,100,0,0,0,2,2,100,1,2,0,0,2,2,100,1,0,0,3,1,33.3,0,0,0,0
Bristol Flyers II,"J. Craggs, R. Eigbe, Z. Riabi, A. Bhebhe, W. Simba",1,143,4,1,2,50,0,0,0,2,4,50,1,2,3,0,1,1,3,2,5,98.3,92.8,103.8,25.9,23.1,50,53.2,0,50,50,44.4,200,0,72.3,4,1,6,16.7,1,4,25,1,1,100,2,1,3,1,3,0,2,3,6,25,31.1,23.7,50,66.7,64.7,7.6,1,0,0,1,1,100,0,0,0,2,1,0,0,2,0,0,0,0,0,4,1,25,0,1,0,1
Bristol Flyers II,"J. Craggs, N. Sagkovits, N. Ladjimi, A. Bhebhe, W. Simba",1,188,11,4,6,66.7,3,5,60,0,0,0,0,0,0,3,0,0,0,0,5,91.9,73.5,110.3,32.6,21.8,91.7,91.7,75,0,0,0,0,83.3,191,12,5,7,71.4,2,3,66.7,0,0,0,0,2,2,3,0,0,2,2,8,85.7,85.7,22.2,0,42.9,138.9,52.1,1,1,100,0,0,0,5,3,60,0,0,0,0,2,1,50,2,2,100,3,2,66.7,0,0,0,1
Bristol Flyers II,"J. Craggs, N. Ladjimi, L. Matthews, T. Browne, R. Bawden",2,102,0,0,3,0,0,1,0,0,2,0,0,2,2,0,0,0,2,0,5,122.9,132.8,112.9,18.1,21.2,0,0,0,0,100,34,66.7,33.3,0,5,2,4,50,1,2,50,0,0,0,0,2,2,2,1,1,1,1,4,62.5,62.5,20,0,50,104.2,-104.2,2,0,0,0,0,0,1,0,0,1,0,0,1,2,1,50,0,0,0,2,1,50,0,0,0,1
Bristol Flyers II,"R. Eigbe, N. Sagkovits, A. Bhebhe, L. Matthews, T. Browne",1,108,5,2,4,50,0,1,0,1,2,50,1,2,3,1,0,0,2,2,5,105.4,125.4,85.3,19.1,28.1,50,51.2,50,33.3,100,25.4,50,25,88.6,4,2,4,50,0,2,0,0,0,0,0,2,2,0,0,0,0,0,3,50,50,0,0,50,104.2,-15.6,1,1,100,2,1,50,1,0,0,0,0,0,1,2,2,100,0,0,0,2,0,0,0,0,0,0
Bristol Flyers II,"N. Sagkovits, L. Matthews, W. Simba, T. Browne, R. Bawden",1,190,4,2,3,66.7,0,0,0,0,0,0,0,1,1,0,0,0,3,4,5,78.8,72.8,84.9,33.0,28.3,66.7,66.7,0,0,100,50,0,0,69.4,10,5,7,71.4,0,2,0,0,0,0,0,1,1,1,2,0,0,2,6,71.4,71.4,0,0,28.6,148.8,-79.4,2,1,50,1,1,100,0,0,0,1,2,1,0,4,4,100,1,1,100,2,0,0,0,0,0,0
Bristol Hurricanes,"A. Pearce, D. Forsyth, E. Dusha, K. Hill, J. Oyewole",1,121,0,0,2,0,0,2,0,0,0,0,0,0,0,0,1,0,4,1,5,113.1,114.2,112,21.0,21.4,0,0,0,0,0,66.7,0,100,0,9,4,4,100,0,0,0,1,2,50,0,2,2,3,2,0,1,0,5,100,92.2,17,0,0,159.4,-159.4,0,0,0,0,0,0,2,0,0,2,0,0,1,3,3,100,1,1,100,0,0,0,0,1,0,0
Bristol Hurricanes,"D. Edozie, D. Forsyth, E. Dusha, H. Bligen, C. Samuels",1,88,6,2,3,66.7,1,1,100,1,1,100,0,1,1,2,1,0,2,0,5,136.7,142.4,130.9,16.9,18.3,83.3,87.2,100,0,50,26.9,33.3,33.3,114.9,4,2,5,40,0,1,0,0,0,0,1,1,2,0,1,0,1,0,4,40,40,16.7,50,20,83.3,31.6,1,1,100,1,0,0,1,1,100,0,1,0,1,3,2,66.7,1,0,0,1,0,0,1,0,0,0
Bristol Hurricanes,"D. Edozie, D. Forsyth, K. Hill, D. Ubiaro, C. Taylor",1,162,5,2,6,33.3,1,3,33.3,0,0,0,1,1,2,2,1,0,1,1,5,77.4,85.3,69.4,28.1,34.6,41.7,41.7,100,25,50,11.1,0,50,86.8,3,1,3,33.3,0,1,0,1,2,50,1,3,4,0,0,0,2,0,4,33.3,38.7,34,50,33.3,64,22.8,1,1,100,2,0,0,3,1,33.3,0,1,0,0,1,0,0,1,1,100,1,0,0,2,0,0,0
Bristol Hurricanes,"D. Edozie, D. Forsyth, D. Ubiaro, C. Samuels, C. Taylor",2,191,11,4,4,100,1,1,100,2,2,100,0,1,1,4,1,0,1,0,5,83,70.9,95.1,33.8,25.2,112.5,112.7,100,0,100,10.1,50,25,194.9,7,2,3,66.7,1,1,100,2,2,100,0,0,0,2,1,0,4,3,7,83.3,90.2,50.8,0,33.3,92.5,102.3,2,2,100,1,1,100,1,1,100,0,1,0,0,2,1,50,0,0,0,1,1,100,1,1,0,1
Bristol Hurricanes,"D. Edozie, E. Dusha, J. Oyewole, D. Ubiaro, C. Taylor",1,116,2,1,4,25,0,2,0,0,0,0,0,2,2,0,0,1,2,3,5,113.6,119.2,108,20.1,22.2,25,25,0,0,100,33.3,0,50,34.7,8,4,5,80,0,0,0,0,1,0,0,2,2,1,2,0,0,0,5,80,73.5,0,0,0,153.2,-118.5,1,0,0,1,1,100,2,0,0,2,0,0,0,5,4,80,0,0,0,0,0,0,0,0,0,0
Bristol Hurricanes,"D. Edozie, E. Dusha, D. Ubiaro, H. Bligen, V. Dilys",1,137,6,2,4,50,0,0,0,2,2,100,0,1,1,1,1,0,1,0,5,83.1,98.9,67.3,24.3,35.7,50,61.5,50,0,100,14.5,50,0,106.3,5,2,3,66.7,1,2,50,0,0,0,0,2,2,2,1,0,1,3,3,83.3,83.3,25,0,66.7,130.2,-23.9,2,1,50,2,1,50,0,0,0,1,0,0,0,1,1,100,0,0,0,2,1,50,1,0,0,0
Bristol Hurricanes,"D. Forsyth, E. Dusha, K. Hill, H. Bligen, V. Dilys",1,132,6,3,6,50,0,2,0,0,1,0,1,2,3,1,1,0,0,0,5,91.1,95,87.3,25.3,27.5,50,46.6,33.3,25,100,0,16.7,33.3,114.9,4,2,4,50,0,1,0,0,0,0,0,3,3,2,0,0,1,2,4,50,50,20,0,25,83.3,31.6,4,3,75,0,0,0,2,0,0,0,0,0,0,2,2,100,1,0,0,1,0,0,1,0,0,0
Bristol Hurricanes,"D. Forsyth, E. Dusha, D. Ubiaro, V. Dilys, C. Taylor",2,187,10,3,3,100,2,2,100,2,2,100,0,3,3,2,0,0,2,2,5,90.2,72.4,107.9,33.1,22.2,133.3,128.9,66.7,0,100,25.4,66.7,66.7,177.2,7,2,5,40,0,0,0,3,4,75,0,0,0,0,1,0,2,2,8,40,51.8,22.8,0,0,83.2,93.9,1,1,100,0,0,0,2,2,100,2,0,0,0,4,1,25,1,1,100,0,0,0,0,0,0,1
Bristol Hurricanes,"D. Forsyth, K. Hill, J. Oyewole, C. Samuels, H. Whysall",1,161,7,2,4,50,1,2,50,2,2,100,0,2,2,1,0,1,1,1,5,84.1,84.1,84.1,28.5,28.5,62.5,71.7,50,0,40,14.5,50,50,124,7,3,8,37.5,0,1,0,1,2,50,3,1,4,2,1,0,0,2,5,37.5,39.4,0,60,12.5,124,0,2,1,50,0,0,0,2,1,50,1,0,0,0,7,3,42.9,0,0,0,1,0,0,0,0,0,0
Bristol Hurricanes,"D. Forsyth, J. Claar, D. Ubiaro, C. Samuels, V. Dilys",1,235,3,1,6,16.7,1,3,33.3,0,0,0,0,2,2,0,0,1,0,2,5,58.8,58.8,58.8,40.8,40.8,25,25,0,0,100,0,0,50,52.1,8,3,6,50,2,3,66.7,0,0,0,0,5,5,3,0,0,0,0,5,66.7,66.7,0,0,50,138.9,-86.8,1,0,0,2,0,0,3,1,33.3,0,0,0,0,3,1,33.3,0,0,0,3,2,66.7,0,0,0,0
Derby Trailblazers,"C. Washington, E. Lawrence, J. Pathmarajah, R. Marsden, C. Brown",1,127,9,2,4,50,1,2,50,4,4,100,1,2,3,3,0,1,1,0,5,88.5,104.5,72.6,23.0,33.1,62.5,78.1,150,50,100,10.2,100,50,162.8,2,1,3,33.3,0,1,0,0,0,0,0,1,1,1,0,0,1,1,3,33.3,33.3,25,0,33.3,52.1,110.7,1,1,100,1,0,0,2,1,50,1,0,0,0,2,1,50,0,0,0,1,0,0,1,0,0,0
Derby Trailblazers,"J. Pathmarajah, S. Walker, R. Marsden, C. Brown, J. Lemon",1,168,5,2,5,40,1,1,100,0,0,0,1,3,4,1,0,0,2,2,5,82.3,82.3,82.3,29.2,29.2,50,50,50,33.3,100,25,0,20,86.8,6,3,6,50,0,1,0,0,0,0,0,2,2,1,1,0,0,0,5,50,50,0,0,16.7,104.2,-17.4,2,1,50,2,0,0,1,1,100,1,0,0,1,2,1,50,3,2,66.7,1,0,0,0,0,0,0
Derby Trailblazers,"R. Marsden, C. Brown, G. Pastor, J. Lemon, R. May-Thompson",1,138,5,1,3,33.3,0,2,0,3,5,60,0,3,3,0,0,0,1,5,5,99.8,103.5,96.2,23.2,25.0,33.3,48.1,0,0,75,16.1,166.7,66.7,84,6,2,4,50,2,2,100,0,4,0,1,2,3,1,0,0,1,3,5,75,52.1,14.8,25,50,108.5,-24.5,1,1,100,0,0,0,2,0,0,0,0,1,1,1,0,0,1,0,0,2,2,100,0,0,0,1
Essex Rebels,"M. Wol-Cummings, M. Amako, D. Johnson-Thompson, R. Udeh, A. Idiata-Mendez",1,172,2,1,4,25,0,0,0,0,0,0,1,2,3,0,0,0,3,1,5,73.7,80.4,67,29.9,35.8,25,25,0,33.3,66.7,42.9,0,0,34.7,4,2,5,40,0,1,0,0,0,0,1,2,3,1,1,1,1,1,4,40,40,16.7,33.3,20,83.3,-48.6,2,0,0,2,1,50,0,0,0,0,2,0,1,4,2,50,0,0,0,1,0,0,0,1,0,0
Essex Rebels,"M. Wol-Cummings, M. Amako, M. Brown, T. Child, T. Hudson",1,104,6,2,2,100,0,0,0,2,3,66.7,0,1,1,0,1,0,2,1,5,92.2,117.9,66.5,20.4,36.1,100,90.4,0,0,50,37.6,150,0,117.5,3,1,3,33.3,1,3,33.3,0,0,0,1,0,1,1,0,0,1,2,2,50,50,25,50,100,104.2,13.3,2,2,100,0,0,0,0,0,0,0,0,0,1,0,0,0,0,0,0,3,1,33.3,0,1,0,0
Essex Rebels,"M. Wol-Cummings, D. Johnson-Thompson, A. Idiata-Mendez, B. Winter, J. Mckew",1,168,3,1,4,25,0,2,0,1,2,50,1,1,2,1,2,1,2,3,5,74.6,80.6,68.6,29.8,35.0,25,30.7,100,33.3,50,25.4,50,50,53.1,4,2,4,50,0,1,0,0,0,0,1,2,3,0,2,0,2,1,4,50,50,33.3,50,25,83.3,-30.2,2,1,50,0,0,0,2,0,0,1,1,0,0,3,2,66.7,0,0,0,1,0,0,2,0,0,0
Essex Rebels,"M. Wol-Cummings, D. Johnson-Thompson, T. Child, B. Winter, T. Hudson",1,208,3,1,4,25,1,2,50,0,0,0,0,0,0,1,0,0,2,1,5,65.8,66.5,65.1,36.1,36.8,37.5,37.5,100,0,0,28.6,0,50,52.1,12,5,7,71.4,1,2,50,1,2,50,2,3,5,3,2,1,0,1,5,78.6,76.1,0,100,28.6,212.6,-160.5,2,0,0,0,0,0,2,1,50,1,1,0,0,5,4,80,0,0,0,2,1,50,0,0,0,0
Essex Rebels,"M. Wol-Cummings, D. Johnson-Thompson, H. Gent, B. Winter, J. Mckew",1,196,6,2,6,33.3,2,5,40,0,0,0,2,5,7,2,0,0,2,2,5,75.7,70.5,80.9,34.0,29.7,50,50,100,50,83.3,20,0,83.3,104.2,2,1,6,16.7,0,3,0,0,2,0,1,2,3,0,2,0,1,0,6,16.7,14.5,12.7,16.7,50,30.3,73.9,1,0,0,0,0,0,5,2,40,1,1,0,0,3,1,33.3,0,0,0,3,0,0,0,1,0,0
Essex Rebels,"M. Wol-Cummings, I. Temilola, A. Idiata-Mendez, J. Mckew, T. Hudson",1,76,10,3,4,75,1,2,50,3,5,60,1,2,3,3,1,0,1,1,5,167.9,188,147.9,12.8,16.2,87.5,80.6,100,50,66.7,9.8,125,50,168,2,1,3,33.3,0,1,0,0,2,0,1,1,2,1,1,0,2,3,4,33.3,25.8,34,33.3,33.3,42.7,125.3,2,2,100,0,0,0,2,1,50,0,1,0,0,2,1,50,0,0,0,1,0,0,2,0,0,0
Essex Rebels,"M. Wol-Cummings, M. Brown, A. Idiata-Mendez, T. Child, H. Gent",3,168,1,0,3,0,0,1,0,1,2,50,0,1,1,0,0,0,2,0,5,86.7,80.6,92.7,29.8,25.9,0,12.9,0,0,100,34,66.7,33.3,17.7,6,2,4,50,0,1,0,2,4,50,0,2,2,2,2,1,1,0,6,50,52.1,14.8,0,25,92.5,-74.7,2,0,0,0,0,0,1,0,0,2,0,0,0,2,2,100,1,0,0,1,0,0,0,0,0,1
Essex Rebels,"M. Amako, K. Martin, R. Udeh, T. Child, H. Gent",1,132,9,3,4,75,2,3,66.7,1,1,100,0,3,3,1,1,0,1,1,5,91.1,95,87.3,25.3,27.5,100,101.4,33.3,0,100,15.5,25,75,172.3,2,1,4,25,0,2,0,0,0,0,0,0,0,0,1,0,1,0,4,25,25,20,0,50,41.7,130.7,1,1,100,0,0,0,3,2,66.7,0,1,0,0,1,0,0,1,1,100,2,0,0,1,0,0,0
Essex Rebels,"M. Amako, K. Martin, M. Brown, A. Idiata-Mendez, T. Child",2,164,3,1,5,20,0,2,0,1,2,50,1,1,2,1,0,0,1,2,5,76.4,82.6,70.2,29.1,34.2,20,25.5,100,20,100,12.7,40,40,53.1,5,2,5,40,1,4,25,0,0,0,0,4,4,1,0,0,0,3,4,50,50,0,0,80,104.2,-51,3,1,33.3,0,0,0,2,0,0,0,0,0,1,1,1,100,0,0,0,4,1,25,0,0,0,0
Essex Rebels,"K. Martin, R. Udeh, I. Temilola, A. Idiata-Mendez, B. Winter",2,213,4,2,4,50,0,0,0,0,0,0,1,2,3,0,2,1,3,1,5,69.7,64.9,74.4,37.0,32.2,50,50,0,50,40,42.9,0,0,69.4,6,2,7,28.6,0,1,0,2,2,100,3,1,4,2,1,0,2,2,6,28.6,38.1,20.2,60,14.3,90.8,-21.4,3,2,66.7,1,0,0,0,0,0,0,1,0,2,5,1,20,1,1,100,1,0,0,0,2,0,0
Essex Rebels,"K. Martin, T. Child, H. Gent, B. Winter, J. Mckew",2,150,7,3,6,50,1,4,25,0,0,0,1,3,4,1,0,0,1,3,5,94.6,92.2,97.1,26.0,24.7,58.3,58.3,33.3,50,75,12.5,0,66.7,121.5,2,0,5,0,0,2,0,2,3,66.7,1,1,2,0,0,0,1,1,6,0,15.8,13.7,25,40,33,88.6,2,2,100,0,0,0,4,1,25,0,0,0,1,2,0,0,1,0,0,2,0,0,0,1,0,0
Essex Rebels,"M. Brown, A. Idiata-Mendez, T. Child, W. White, H. Gent",1,172,4,1,5,20,0,2,0,2,2,100,1,4,5,1,0,0,1,1,5,86.3,78.8,93.8,30.5,25.6,20,34,100,25,80,12.7,40,40,70.9,7,3,8,37.5,1,4,25,0,0,0,1,3,4,1,1,0,0,1,6,43.8,43.8,0,20,50,104.2,-33.3,1,0,0,2,1,50,2,0,0,0,1,0,0,3,2,66.7,1,0,0,4,1,25,0,0,0,0
Hemel Storm,"M. Sokoli, K. Walker, M. Norman, S. Newman, J. Rai",1,206,12,5,6,83.3,2,3,66.7,0,0,0,1,0,1,3,0,0,1,2,5,73.8,67.1,80.5,35.8,29.8,100,100,60,100,0,10,0,50,208.3,18,5,7,71.4,3,4,75,5,5,100,2,0,2,3,0,0,0,0,6,92.9,97.8,0,100,57.1,260.4,-52.1,2,2,100,1,1,100,3,2,66.7,0,1,0,0,2,1,50,1,1,100,4,3,75,0,0,0,0
Hemel Storm,"M. Sokoli, V. Eze, B. Inger, S. Newman, J. Rai",2,183,7,3,6,50,1,4,25,0,0,0,2,2,4,2,0,0,2,2,5,63,75.5,50.4,31.8,47.7,58.3,58.3,66.7,100,50,20,0,66.7,121.5,4,2,6,33.3,0,0,0,0,0,0,2,0,2,0,1,0,0,0,3,33.3,33.3,0,50,0,104.2,17.4,2,2,100,0,0,0,4,1,25,0,2,0,0,3,1,33.3,3,1,33.3,0,0,0,0,0,0,0
Hemel Storm,"D. Nelson-Henry, K. Walker, V. Eze, B. Inger, S. Newman",2,209,3,1,2,50,0,1,0,1,2,50,0,1,1,0,0,0,3,0,5,60,64.8,55.1,37.0,43.5,50,52.1,0,0,33.3,51,100,50,53.1,8,4,7,57.1,0,1,0,0,0,0,2,2,4,1,1,0,0,1,4,57.1,57.1,0,66.7,14.3,166.7,-113.5,1,1,100,0,0,0,1,0,0,3,0,0,0,3,2,66.7,3,2,66.7,1,0,0,0,0,0,0
Hemel Storm,"D. Nelson-Henry, K. Walker, V. Eze, B. Inger, J. Burnell",1,170,4,1,3,33.3,0,1,0,2,2,100,0,2,2,1,1,0,2,0,5,87.3,79.7,94.9,30.1,25.3,33.3,51.5,100,0,66.7,29.1,66.7,33.3,70.9,8,3,7,42.9,2,4,50,0,0,0,1,2,3,2,1,0,1,2,6,57.1,57.1,12.5,33.3,57.1,119,-48.2,2,1,50,0,0,0,1,0,0,1,1,0,0,2,1,50,1,0,0,4,2,50,1,0,0,0
Hemel Storm,"D. Nelson-Henry, M. Norman, V. Eze, D. Parkinson, S. Newman",2,149,6,3,5,60,0,1,0,0,0,0,1,2,3,1,1,1,2,1,5,92.8,92.8,92.8,25.9,25.9,60,60,33.3,50,100,25,0,20,104.2,4,2,5,40,0,1,0,0,0,0,0,1,1,2,0,0,1,1,5,40,40,16.7,0,20,69.4,34.7,4,3,75,0,0,0,1,0,0,1,1,0,0,3,1,33.3,1,1,100,1,0,0,0,1,0,0
Hemel Storm,"D. Nelson-Henry, M. Norman, V. Eze, S. Newman, J. Burnell",2,202,11,4,5,80,1,2,50,2,2,100,0,2,2,2,1,0,0,1,5,66.4,67.1,65.7,35.8,36.5,90,93.5,50,0,100,0,40,40,194.9,8,3,3,100,1,1,100,1,4,25,0,1,1,2,0,0,1,1,5,116.7,84,17.4,0,33.3,144.7,50.2,2,2,100,1,1,100,2,1,50,0,0,0,0,1,1,100,1,1,100,1,1,100,0,1,0,0
Hemel Storm,"D. Nelson-Henry, M. Norman, D. Parkinson, B. Inger, S. Newman",1,179,8,3,4,75,2,3,66.7,0,0,0,0,1,1,2,0,0,2,0,5,83.7,77.2,90.1,31.1,26.6,100,100,66.7,0,100,25,0,75,138.9,15,6,7,85.7,3,4,75,0,0,0,0,1,1,2,2,0,0,1,6,107.1,107.1,0,0,57.1,223.2,-84.3,1,1,100,0,0,0,3,2,66.7,1,1,1,0,1,1,100,2,2,100,4,3,75,0,0,0,0
Hemel Storm,"K. Walker, S. Lewis, M. Norman, D. Parkinson, B. Inger",3,187,2,1,4,25,0,1,0,0,0,0,1,4,5,0,0,0,3,1,5,73.9,73.9,73.9,32.5,32.5,25,25,0,33.3,50,42.9,0,25,34.7,4,2,10,20,0,2,0,0,0,0,4,2,6,0,0,0,0,2,5,20,20,0,50,20,69.4,-34.7,2,0,0,1,1,100,1,0,0,0,0,0,2,6,1,16.7,2,1,50,2,0,0,0,0,0,0
Hemel Storm,"K. Walker, M. Norman, V. Eze, D. Parkinson, S. Newman",2,164,5,2,4,50,1,2,50,0,0,0,0,0,0,1,2,0,2,2,5,84.3,84.3,84.3,28.5,28.5,62.5,62.5,50,0,0,28.6,0,50,86.8,6,3,5,60,0,0,0,0,0,0,2,2,4,2,1,0,3,0,5,60,60,37.5,100,0,104.2,-17.4,2,1,50,0,0,0,2,1,50,0,1,0,1,5,3,60,0,0,0,0,0,0,1,2,0,0
Hemel Storm,"K. Walker, M. Norman, S. Lewis, S. Newman, J. Burnell",1,140,4,2,7,28.6,0,3,0,0,0,0,1,1,2,1,1,0,0,0,5,94.1,98.7,89.5,24.3,26.8,28.6,28.6,50,25,100,0,0,42.9,69.4,6,2,3,66.7,1,2,50,1,1,100,0,3,3,2,0,0,2,0,5,83.3,87.2,36.8,0,66.7,114.9,-45.4,3,2,66.7,1,0,0,3,0,0,0,0,0,0,1,1,100,0,0,0,2,1,50,1,1,0,0
Hemel Storm,"K. Walker, V. Eze, D. Parkinson, B. Inger, J. Rai",1,185,7,3,6,50,1,3,33.3,0,0,0,1,1,2,1,0,0,1,0,5,89.2,74.7,103.6,32.1,23.2,58.3,58.3,33.3,33.3,100,12.5,0,50,121.5,9,2,4,50,2,4,50,3,3,100,0,2,2,3,0,0,3,2,7,75,84.6,36.1,0,100,112.7,8.8,2,2,100,1,0,0,3,1,33.3,0,1,0,0,0,0,0,0,0,0,4,2,50,0,1,0,1
London Cavaliers,"J. Manning, J. Richards, M. Beasley, A. Roberts, A. Pyne",2,166,10,3,5,60,2,2,100,2,2,100,1,2,3,3,0,0,1,1,5,75.5,81.6,69.4,29.4,34.6,80,85,100,50,50,10.1,40,40,177.2,6,3,7,42.9,0,2,0,0,0,0,2,1,3,2,1,0,0,0,4,42.9,42.9,0,50,28.6,125,52.2,3,1,33.3,0,0,0,2,2,100,1,0,0,0,2,1,50,3,2,66.7,2,0,0,0,0,0,0
London Cavaliers,"J. Richards, M. Collins, D. Delsol-Lowry, A. Roberts, A. Pyne",2,233,7,3,4,75,0,1,0,1,2,50,0,4,4,0,0,1,1,2,5,63.1,58.1,68,41.3,35.3,75,71.7,0,0,80,17,50,25,124,6,2,7,28.6,1,2,50,1,2,50,1,1,2,2,1,0,0,3,6,35.7,38.1,0,20,28.6,90.8,33.2,2,2,100,1,1,100,1,0,0,0,1,0,0,3,1,33.3,2,0,0,2,1,50,0,0,0,0
London Cavaliers,"J. Richards, M. Beasley, D. Delsol-Lowry, D. Braster, D. Ainembabazi",1,104,7,3,4,75,1,1,100,0,0,0,0,0,0,0,2,0,2,1,5,99.7,132.9,66.5,18.1,36.1,87.5,87.5,0,0,0,33.3,0,25,121.5,2,1,1,100,0,0,0,0,0,0,0,0,0,0,0,0,2,0,2,100,100,66.7,0,0,69.4,52.1,3,2,66.7,0,0,0,1,1,100,0,0,0,1,0,0,0,1,1,100,0,0,0,0,2,0,0
London Cavaliers,"J. Richards, D. Delsol-Lowry, D. Braster, A. Roberts, A. Pyne",1,138,4,2,4,50,0,1,0,0,0,0,0,2,2,1,2,0,2,0,5,91.8,100.2,83.5,24.0,28.8,50,50,50,0,66.7,28.6,0,25,69.4,2,1,4,25,0,1,0,0,0,0,1,1,2,1,2,1,2,0,4,25,25,33.3,33.3,25,41.7,27.8,2,2,100,1,0,0,1,0,0,0,2,0,0,2,1,50,1,0,0,1,0,0,0,2,0,0
Loughborough Riders,"J. Campbell, J. Campbell, C. Nyarko, S. Wylie, D. Hadley",1,218,7,3,7,42.9,1,2,50,0,0,0,1,2,3,2,1,0,0,2,5,75.7,63.4,87.9,37.8,27.3,50,50,66.7,33.3,40,0,0,28.6,121.5,8,3,9,33.3,0,1,0,2,3,66.7,3,2,5,0,0,1,1,2,7,33.3,38.8,8.8,60,11.1,100.2,21.4,3,2,66.7,2,0,0,2,1,50,0,0,0,0,6,2,33.3,2,1,50,1,0,0,1,0,0,0
Loughborough Riders,"J. Campbell, M. Joiner, S. Wylie, D. Hadley, T. Akinsuku",2,166,2,1,4,25,0,2,0,0,2,0,0,1,1,1,0,0,1,2,5,82.4,81.6,83.3,29.4,28.8,25,20.5,100,0,100,14.5,50,50,35.4,9,4,5,80,1,1,100,0,0,0,0,4,4,3,1,0,1,1,5,90,90,16.7,0,20,156.2,-120.8,1,1,100,1,0,0,2,0,0,1,0,0,0,3,3,100,1,0,0,1,1,100,1,0,0,0
Loughborough Riders,"J. Campbell, M. Joiner, S. Wylie, T. Akinsuku, C. Keys",1,191,6,3,6,50,0,1,0,0,0,0,1,2,3,2,1,0,1,1,5,80.3,72.4,88.3,33.2,27.2,50,50,66.7,33.3,100,11.1,0,16.7,104.2,10,4,5,80,1,2,50,1,3,33.3,0,2,2,2,0,0,1,1,7,90,79.1,13.7,0,40,142.3,-38.1,4,3,75,1,0,0,1,0,0,0,1,0,0,3,3,100,0,0,0,2,1,50,0,1,0,0
Loughborough Riders,"J. Campbell, M. Joiner, J. Cook, C. Nyarko, D. Hadley",1,167,9,2,5,40,1,3,33.3,4,4,100,1,3,4,2,1,0,0,0,5,74.2,79.5,69,30.2,34.8,50,66.6,100,100,100,0,80,60,162.8,2,1,4,25,0,2,0,0,0,0,0,0,0,0,0,0,1,2,4,25,25,20,0,50,41.7,121.1,1,1,100,1,0,0,3,1,33.3,0,0,0,0,1,1,100,1,0,0,2,0,0,1,0,0,0
Loughborough Riders,"J. Campbell, L. Ehiorobo, T. Akinsuku, D. Hadley, D. Hadley",1,141,6,1,5,20,0,1,0,4,4,100,2,2,4,2,2,1,1,0,5,87.9,94.1,81.7,25.5,29.4,20,44.4,200,50,66.7,10.2,80,20,108.5,2,1,4,25,0,1,0,0,0,0,1,2,3,0,0,0,2,2,4,25,25,33.3,33.3,25,41.7,66.8,3,1,33.3,1,0,0,1,0,0,1,0,0,0,3,1,33.3,0,0,0,1,0,0,1,1,0,0
Loughborough Riders,"J. Campbell, J. Cook, J. Cook, T. Akinsuku, C. Keys",1,159,5,2,4,50,1,1,100,0,0,0,0,1,1,2,0,0,2,0,5,93.3,86.9,99.7,27.6,24.1,62.5,62.5,100,0,50,25,0,25,86.8,9,4,6,66.7,0,0,0,1,2,50,1,2,3,4,2,0,1,1,6,66.7,65.4,12.7,50,0,136.3,-49.5,0,0,0,3,1,33.3,1,1,100,2,0,0,0,5,4,80,1,0,0,0,0,0,0,0,0,1
Loughborough Riders,"J. Campbell, T. Akinsuku, J. Cook, L. Campbell, C. Keys",1,139,9,4,4,100,1,1,100,0,0,0,0,4,4,4,0,0,2,1,5,99.5,99.5,99.5,24.1,24.1,112.5,112.5,100,0,100,20,0,25,156.2,5,2,6,33.3,1,3,33.3,0,0,0,0,0,0,2,1,0,0,0,5,41.7,41.7,0,0,50,86.8,69.4,2,2,100,1,1,100,1,1,100,1,0,0,1,2,1,50,1,0,0,3,1,33.3,0,0,0,0
Loughborough Riders,"J. Campbell, B. Woog, J. Cook, C. Keys, M. Joiner",1,175,7,3,7,42.9,1,4,25,0,0,0,1,2,3,2,0,0,0,2,5,84,79,89,30.4,27.0,50,50,66.7,25,100,0,0,57.1,121.5,9,3,5,60,0,1,0,3,4,75,0,3,3,3,0,0,0,0,6,60,66.6,0,0,20,138.7,-17.2,3,2,66.7,0,0,0,4,1,25,0,0,0,0,1,1,100,3,2,66.7,1,0,0,0,0,0,0
Loughborough Riders,"M. Joiner, L. Campbell, S. Wylie, M. Joiner, C. Keys",1,155,7,3,5,60,1,2,50,0,0,0,0,1,1,2,2,0,1,0,5,89.2,89.2,89.2,26.9,26.9,70,70,66.7,0,50,12.5,0,40,121.5,2,1,3,33.3,0,2,0,0,0,0,1,2,3,1,1,0,4,0,5,33.3,33.3,57.1,50,66.7,34.7,86.8,2,2,100,1,0,0,2,1,50,0,1,0,0,0,0,0,1,1,100,2,0,0,0,3,0,1
Loughborough Riders,"M. Joiner, L. Campbell, D. Hadley, C. Keys, C. Keys",1,159,7,2,4,50,0,1,0,3,4,75,1,0,1,2,2,0,1,1,5,84.3,83.5,85.2,28.8,28.2,50,60.8,100,50,0,11.4,100,25,126.6,8,3,4,75,0,1,0,2,2,100,1,1,2,2,1,1,2,2,5,75,82,29.1,100,25,141.7,-15.1,3,2,66.7,0,0,0,1,0,0,1,0,0,0,2,2,100,1,1,100,1,0,0,1,1,0,0
Loughborough Riders,"L. Ehiorobo, S. Wylie, L. Campbell, M. Joiner, C. Keys",1,105,4,2,4,50,0,1,0,0,0,0,0,1,1,0,0,0,2,2,5,114.5,131.7,97.4,18.2,24.6,50,50,0,0,100,33.3,0,25,69.4,7,3,4,75,0,0,0,1,1,100,0,2,2,2,0,1,0,0,4,75,78.8,0,0,0,164.2,-94.8,2,1,50,1,1,100,1,0,0,0,0,0,1,4,3,75,0,0,0,0,0,0,0,0,0,0
Loughborough Riders,"L. Ehiorobo, C. Nyarko, L. Campbell, S. Wylie, C. Keys",1,117,8,2,5,40,2,3,66.7,2,2,100,1,2,3,1,0,0,1,0,5,126.8,115.8,137.8,20.7,17.4,60,68,50,33.3,100,12.7,40,60,141.7,10,4,6,66.7,2,3,66.7,0,0,0,0,2,2,1,0,1,1,1,6,83.3,83.3,14.3,0,50,148.8,-7.1,1,0,0,1,0,0,3,2,66.7,0,1,0,0,3,2,66.7,0,0,0,3,2,66.7,0,1,0,0
Loughborough Riders,"J. Cook, J. Cook, T. Akinsuku, S. Wylie, C. Keys",1,244,13,5,6,83.3,3,4,75,0,0,0,0,4,4,5,0,1,0,1,5,56.1,56.7,55.5,42.4,43.2,108.3,108.3,100,0,100,0,0,66.7,225.7,6,2,5,40,1,2,50,1,2,50,0,1,1,1,0,0,0,2,5,50,51,0,0,40,106.3,119.4,2,2,100,0,0,0,4,3,75,0,0,0,0,2,1,50,1,0,0,2,1,50,0,0,0,0
Milton Keynes Breakers,"K. Williams, D. Jackson, B. Baker-Mccann, M. New Jr., J. Spencer",1,216,4,2,5,40,0,2,0,0,0,0,0,2,2,1,0,0,1,0,5,64,64,64,37.5,37.5,40,40,50,0,66.7,14.3,0,40,69.4,7,3,6,50,1,3,33.3,0,0,0,1,3,4,2,1,0,1,0,5,58.3,58.3,14.3,33.3,50,121.5,-52.1,2,2,100,1,0,0,2,0,0,1,0,0,0,1,1,100,1,0,0,3,1,33.3,0,1,0,0
Milton Keynes Breakers,"K. Williams, D. Jackson, J. Spencer, B. Freckleton, C. Thompson",1,135,8,3,5,60,1,1,100,1,1,100,1,1,2,2,1,0,1,2,5,71,92.8,49.2,25.9,48.8,70,73.5,66.7,50,33.3,11.8,20,20,153.2,1,0,3,0,0,2,0,1,2,50,2,1,3,0,0,0,1,1,2,0,12.9,20.5,66.7,66.7,36.2,117,2,1,50,2,1,50,1,1,100,0,1,0,0,1,0,0,0,0,0,2,0,0,0,1,0,0
Milton Keynes Breakers,"K. Williams, B. Baker-Mccann, J. Dietrich, J. Spencer, C. Thompson",1,158,7,3,5,60,1,1,100,0,0,0,1,2,3,1,1,0,2,2,5,87.5,87.5,87.5,27.4,27.4,70,70,33.3,50,100,25,0,20,121.5,8,3,5,60,2,4,50,0,0,0,0,1,1,3,0,0,1,0,5,80,80,16.7,0,80,138.9,-17.4,3,1,33.3,1,1,100,1,1,100,0,0,0,1,1,1,100,0,0,0,4,2,50,0,1,0,0
Milton Keynes Breakers,"D. Jackson, X. Wilson, J. Spencer, B. Freckleton, C. Thompson",5,190,8,3,5,60,1,2,50,1,2,50,0,0,0,3,1,1,0,5,5,76.6,71.3,82,33.7,29.3,70,68,100,0,0,0,40,40,141.7,9,2,3,66.7,1,1,100,4,4,100,0,3,3,1,0,0,2,0,6,83.3,94.5,29.6,0,33.3,138.7,3,3,2,66.7,0,0,0,2,1,50,0,0,0,0,2,1,50,0,0,0,1,1,100,1,1,0,0
Milton Keynes Breakers,"D. Jackson, B. Baker-Mccann, L. Gregory, M. New Jr., C. Thompson",1,157,2,1,5,20,0,3,0,0,2,0,1,2,3,0,1,0,1,0,5,87.2,86.3,88.1,27.8,27.3,20,17,0,25,100,14.5,40,60,35.4,8,3,5,60,2,4,50,0,0,0,0,3,3,2,1,0,1,2,5,80,80,16.7,0,80,138.9,-103.5,2,1,50,0,0,0,3,0,0,1,0,0,0,1,1,100,0,0,0,4,2,50,0,1,0,0
Milton Keynes Breakers,"D. Jackson, B. Baker-Mccann, L. Gregory, B. Freckleton, C. Thompson",1,137,3,1,2,50,1,1,100,0,0,0,0,2,2,1,1,0,4,1,5,91.5,100.9,82.1,23.8,29.2,75,75,100,0,100,57.1,0,50,52.1,4,1,3,33.3,0,2,0,2,2,100,0,1,1,1,1,0,1,0,4,33.3,51.5,20.5,0,66.7,85.4,-33.3,0,0,0,1,0,0,1,1,100,2,0,0,1,1,1,100,0,0,0,2,0,0,0,1,0,0
Milton Keynes Breakers,"B. Baker-Mccann, J. Dietrich, L. Gregory, X. Wilson, J. Spencer",2,207,8,4,8,50,0,2,0,0,0,0,2,4,6,2,1,1,0,2,5,66.8,66.8,66.8,35.9,35.9,50,50,50,50,80,0,0,25,138.9,0,0,6,0,0,4,0,0,0,0,1,2,3,0,0,0,1,0,5,0,0,14.3,20,66.7,0,138.9,4,2,50,2,2,100,2,0,0,0,0,0,0,2,0,0,0,0,0,4,0,0,0,1,0,0
Milton Keynes Breakers,"B. Baker-Mccann, J. Dietrich, M. New Jr., K. Oates, B. Freckleton",1,253,8,2,6,33.3,1,4,25,3,3,100,2,1,3,2,0,1,0,1,5,56.1,48.4,63.7,49.5,37.6,41.7,54.6,100,50,33.3,0,50,66.7,156.6,10,4,8,50,2,3,66.7,0,0,0,2,2,4,2,0,0,1,1,6,62.5,62.5,11.1,66.7,37.5,148.8,7.8,1,1,100,1,0,0,4,1,25,0,0,0,0,4,2,50,1,0,0,3,2,66.7,0,1,0,0
Milton Keynes Breakers,"B. Baker-Mccann, L. Gregory, M. New Jr., K. Oates, B. Freckleton",1,135,0,0,5,0,0,2,0,0,0,0,1,0,1,0,2,0,2,0,5,85.3,102.4,68.3,23.4,35.2,0,0,0,25,0,28.6,0,40,0,0,0,1,0,0,1,0,0,0,0,0,3,3,0,1,0,3,1,3,0,0,75,0,100,0,0,3,0,0,0,0,0,2,0,0,1,0,0,1,0,0,0,0,0,0,1,0,0,1,2,0,0
Newcastle Knights,"B. Dean, S. Trunley, M. Jones, M. Matthews, T. Riley",1,145,6,3,6,50,0,1,0,0,0,0,0,2,2,2,0,0,0,2,5,93.4,95.3,91.5,25.2,26.2,50,50,66.7,0,100,0,0,16.7,104.2,4,1,2,50,0,1,0,2,4,50,0,3,3,1,0,0,2,0,5,50,53.2,34.7,0,50,72.3,31.8,2,2,100,3,1,33.3,1,0,0,0,0,0,0,1,1,100,0,0,0,1,0,0,0,0,0,2
Newcastle Knights,"B. Dean, J. Thames, J. Soodeen, M. Jones, R. Reed",1,132,9,2,5,40,0,1,0,5,5,100,2,2,4,1,1,1,1,2,5,115.2,108.2,122.2,22.2,19.6,40,62.5,50,66.7,100,10.9,100,20,151.2,7,3,5,60,1,2,50,0,0,0,0,1,1,3,1,0,2,3,6,70,70,28.6,0,40,104.2,47,3,2,66.7,1,0,0,1,0,0,1,0,0,0,3,2,66.7,0,0,0,2,1,50,1,0,0,1
Newcastle Knights,"B. Dean, J. Thames, M. Hendry, M. Jones, M. Matthews",1,145,8,3,6,50,1,2,50,1,1,100,1,4,5,1,0,0,0,3,5,112.8,86.4,139.2,27.8,17.2,58.3,62.1,33.3,33.3,100,0,16.7,33.3,153.2,7,3,6,50,0,1,0,1,4,25,0,2,2,0,0,0,1,3,8,50,45.1,11.4,0,16.7,83.2,69.9,2,2,100,2,0,0,2,1,50,0,0,0,0,5,3,60,0,0,0,1,0,0,0,0,0,1
Newcastle Knights,"B. Dean, J. Thames, M. Hendry, S. Angus, M. Matthews",1,216,9,4,6,66.7,1,1,100,0,0,0,1,1,2,2,1,0,1,2,5,62.7,64,61.4,37.5,39.1,75,75,50,50,100,11.1,0,16.7,156.2,11,3,3,100,2,2,100,3,4,75,0,1,1,2,1,0,1,0,5,133.3,115.5,17.4,0,66.7,198.9,-42.7,2,2,100,3,1,33.3,1,1,100,1,0,1,0,1,1,100,0,0,0,2,2,100,1,0,1,0
Newcastle Knights,"S. Trunley, J. Thames, J. Soodeen, M. Hendry, M. Jones",1,223,9,3,6,50,1,3,33.3,2,2,100,1,0,1,1,0,0,0,0,5,61.4,60.8,62,39.5,38.7,58.3,65.4,33.3,50,0,0,33.3,50,159.4,15,6,8,75,3,5,60,0,0,0,2,1,3,4,0,1,0,1,5,93.8,93.8,0,100,62.5,260.4,-101,3,2,66.7,0,0,0,3,1,33.3,0,0,0,0,2,2,100,1,1,100,5,3,60,0,0,0,0
Newcastle Knights,"S. Trunley, J. Thames, F. Cork, R. Graham-Bell, M. Hendry",2,165,4,1,2,50,0,1,0,2,2,100,0,2,2,1,2,0,3,2,5,89.1,82.1,96.1,29.2,25.0,50,69.4,100,0,66.7,43.6,100,50,70.9,7,3,5,60,0,1,0,1,2,50,1,1,2,3,1,0,2,2,6,60,59.5,25.4,33.3,20,106,-35.1,1,1,100,0,0,0,1,0,0,1,2,0,0,3,3,100,1,0,0,1,0,0,1,1,0,0
Newcastle Knights,"S. Trunley, J. Thames, R. Graham-Bell, M. Jones, M. Matthews",2,139,5,1,7,14.3,0,3,0,3,3,100,3,3,6,1,1,1,0,0,5,85.5,88.2,82.9,27.2,29.0,14.3,30,100,60,100,0,42.9,42.9,97.9,2,1,4,25,0,2,0,0,0,0,0,2,2,1,0,0,1,3,4,25,25,20,0,50,41.7,56.2,3,1,33.3,1,0,0,3,0,0,0,0,0,0,2,1,50,0,0,0,2,0,0,0,1,0,0
Newcastle Knights,"S. Trunley, J. Thames, W. Neighbour, M. Matthews, T. Riley",1,208,6,2,7,28.6,1,4,25,1,2,50,2,1,3,2,1,0,0,0,5,59.6,65.1,54.1,36.8,44.4,35.7,38.1,100,40,100,0,28.6,57.1,106.3,6,2,3,66.7,0,0,0,2,2,100,0,3,3,2,0,0,1,2,4,66.7,77.3,20.5,0,0,128.1,-21.8,2,1,50,1,0,0,4,1,25,0,0,0,0,2,2,100,1,0,0,0,0,0,0,1,0,0
Newcastle Knights,"S. Trunley, J. Thames, H. Abdul, M. Jones, T. Riley",2,200,9,3,4,75,2,2,100,1,1,100,1,1,2,2,0,0,2,3,5,67.7,62.7,72.8,38.3,33.0,100,101.4,66.7,100,50,23.7,25,50,172.3,8,3,6,50,0,2,0,2,3,66.7,1,0,1,1,1,0,0,2,6,50,54.6,0,50,33.3,131.9,40.5,1,1,100,1,0,0,2,2,100,1,1,0,0,2,1,50,2,2,100,2,0,0,0,0,0,0
Newcastle Knights,"J. Thames, F. Cork, R. Graham-Bell, M. Hendry, M. Jones",1,144,6,2,4,50,1,3,33.3,1,1,100,1,2,3,1,1,0,2,1,5,83.5,87,80,27.6,30.0,62.5,67.6,50,50,50,26.9,25,75,114.9,5,2,6,33.3,1,4,25,0,0,0,2,1,3,2,0,0,1,1,4,41.7,41.7,14.3,50,66.7,104.2,10.7,1,1,100,0,0,0,3,1,33.3,0,0,0,1,2,1,50,0,0,0,4,1,25,0,1,0,0
Newcastle Knights,"J. Thames, R. Graham-Bell, H. Abdul, R. Reed, T. Riley",1,153,3,1,3,33.3,1,3,33.3,0,0,0,1,2,3,1,0,0,4,2,5,81.9,90.4,73.5,26.6,32.7,50,50,100,50,66.7,50,0,100,52.1,6,2,5,40,0,2,0,2,2,100,1,1,2,1,0,0,0,0,4,40,51,0,33.3,40,128.1,-76,0,0,0,0,0,0,3,1,33.3,0,2,0,1,2,1,50,1,1,100,2,0,0,0,0,0,0
Newcastle Knights,"J. Thames, R. Graham-Bell, R. Reed, S. Angus, M. Matthews",1,146,5,2,5,40,0,2,0,1,2,50,0,1,1,1,1,0,0,0,5,85.8,92.8,78.9,25.9,30.4,40,42.5,50,0,100,0,40,40,88.6,7,3,4,75,1,2,50,0,0,0,0,3,3,2,0,0,1,3,4,87.5,87.5,20,0,50,145.8,-57.3,2,2,100,1,0,0,2,0,0,0,0,0,0,2,2,100,0,0,0,2,1,50,0,1,0,0
Nottingham Hoods,"T. Bonsu, J. Griffith, E. Bailey, S. Akano, M. Savery-Richards",1,161,3,1,3,33.3,0,1,0,1,2,50,0,1,1,0,2,0,2,1,5,81,84.1,77.8,28.5,30.8,33.3,38.7,0,0,50,34,66.7,33.3,53.1,5,2,4,50,0,0,0,1,1,100,1,1,2,1,0,0,2,2,5,50,56.3,31.1,50,0,95.7,-42.6,2,1,50,0,0,0,1,0,0,1,0,0,1,4,2,50,0,0,0,0,0,0,2,0,0,0
Nottingham Hoods,"T. Williams, C. Ross, B. Johnson, E. Bailey, S. Akano",2,200,7,3,5,60,0,0,0,1,2,50,1,3,4,0,1,0,1,4,5,78.6,67.7,89.4,35.4,26.8,60,59.5,0,33.3,60,14.5,40,0,124,6,1,7,14.3,0,4,0,4,4,100,2,2,4,1,1,1,1,2,7,14.3,34.2,10.2,40,57.1,80.5,43.5,3,2,66.7,2,1,50,0,0,0,0,1,0,0,3,1,33.3,0,0,0,4,0,0,1,0,0,0
Nottingham Hoods,"T. Williams, T. Bonsu, J. Griffith, B. Johnson, K. Bartholomew",1,196,3,1,4,25,0,0,0,1,2,50,2,2,4,0,2,0,3,0,5,78.3,69.1,87.5,34.7,27.4,25,30.7,0,50,66.7,38.1,50,0,53.1,6,2,5,40,1,2,50,1,1,100,1,2,3,2,1,0,3,1,7,50,55.1,35.5,33.3,40,84,-30.9,3,1,33.3,1,0,0,0,0,0,1,0,2,1,0,0,0,3,1,33.3,2,1,50,1,1,1,0
Nottingham Hoods,"T. Williams, T. Bonsu, B. Johnson, D. Nixon Ii, K. Bartholomew",2,135,6,2,5,40,1,3,33.3,1,1,100,1,2,3,1,0,0,1,0,5,84.3,92.8,75.8,25.9,31.7,50,55.1,50,50,100,13.4,20,60,114.9,6,2,4,50,1,2,50,1,1,100,0,1,1,2,0,0,0,1,4,62.5,67.6,0,0,50,140.8,-25.9,2,1,50,0,0,0,3,1,33.3,1,0,0,0,2,1,50,0,0,0,2,1,50,0,0,0,0
Nottingham Hoods,"T. Williams, B. Johnson, L. Maitland, K. Bartholomew, E. Bailey",1,138,6,2,5,40,0,3,0,2,2,100,1,1,2,1,1,0,1,1,5,90.8,98.2,83.5,24.4,28.8,40,51,50,33.3,100,12.7,40,60,106.3,4,2,3,66.7,0,0,0,0,0,0,0,2,2,2,1,0,2,1,4,66.7,66.7,40,0,0,83.3,23,2,2,100,0,0,0,3,0,0,1,0,0,0,3,2,66.7,0,0,0,0,0,0,1,1,0,0
Nottingham Hoods,"T. Williams, K. Bartholomew, E. Bailey, S. Akano, M. Savery-Richards",1,216,6,3,7,42.9,0,2,0,0,0,0,2,1,3,2,1,1,1,2,5,69.8,64,75.5,37.5,31.8,42.9,42.9,66.7,50,50,10,0,28.6,104.2,9,1,4,25,1,3,33.3,6,7,85.7,1,2,3,2,0,1,1,1,6,37.5,63.6,12.4,50,75,132.4,-28.2,5,3,60,0,0,0,2,0,0,0,0,0,1,1,0,0,0,0,0,3,1,33.3,1,0,0,0
Nottingham Hoods,"A. Adedo, K. Bartholomew, E. Bailey, S. Akano, C. Ross",1,142,5,2,5,40,0,2,0,1,2,50,2,0,2,0,0,0,2,2,5,83.7,95.4,72,25.2,33.3,40,42.5,0,66.7,0,25.4,40,40,88.6,10,4,4,100,1,1,100,1,1,100,0,1,1,2,0,1,0,2,4,112.5,112.6,0,0,25,234.6,-146,3,2,66.7,0,0,0,2,0,0,0,0,0,1,3,3,100,0,0,0,1,1,100,0,0,0,0
Nottingham Hoods,"T. Bonsu, L. Maitland, D. Nixon Ii, K. Bartholomew, E. Bailey",2,177,8,2,4,50,0,1,0,4,5,80,0,1,1,1,0,0,0,2,5,78.6,80.7,76.5,29.7,31.4,50,64.5,50,0,25,0,125,25,134.4,7,3,6,50,1,2,50,0,2,0,3,3,6,2,0,1,2,2,5,58.3,50.9,22.5,75,33.3,124,10.4,2,2,100,1,0,0,1,0,0,0,0,0,0,3,1,33.3,1,1,100,2,1,50,1,1,0,0
Nottingham Hoods,"K. Bartholomew, T. Williams, E. Bailey, S. Akano, M. Savery-Richards",2,164,3,1,4,25,0,2,0,1,2,50,1,0,1,1,1,0,2,0,5,82.6,82.6,82.6,29.1,29.1,25,30.7,100,50,0,25.4,50,50,53.1,12,4,5,80,2,2,100,2,2,100,1,1,2,3,2,0,1,2,5,100,102,14.5,100,40,212.6,-159.4,2,1,50,0,0,0,2,0,0,0,2,0,0,1,1,100,2,1,50,2,2,100,1,0,0,0
Reading Rockets,"M. Bryant, T. Nsangu, Y. Salih, E. Harrington, S. Chamberlain",1,105,10,4,5,80,1,1,100,1,3,33.3,1,3,4,4,2,1,0,1,5,135.2,116.7,153.6,20.6,15.6,90,79.1,100,50,75,0,60,20,195.8,0,0,5,0,0,3,0,0,0,0,1,1,2,0,0,0,3,2,6,0,0,37.5,25,60,0,195.8,4,3,75,0,0,0,1,1,100,0,0,1,0,2,0,0,0,0,0,3,0,0,2,0,0,1
Reading Rockets,"M. Bryant, L. Sayles, C. Creek, J. Bouknight, V. Olarerin",1,140,5,2,2,100,1,1,100,0,1,0,0,2,2,2,0,0,3,2,5,85.9,89.5,82.3,26.8,29.2,125,102.5,100,0,100,40.3,50,50,95.7,0,0,2,0,0,1,0,0,0,0,0,1,1,0,0,0,3,2,4,0,0,60,0,50,0,95.7,1,1,100,0,0,0,1,1,100,0,1,0,1,1,0,0,0,0,0,1,0,0,1,0,0,1
Reading Rockets,"M. Bryant, L. Sayles, Y. Salih, V. Olarerin, S. Chamberlain",1,202,5,2,6,33.3,1,4,25,0,0,0,1,3,4,0,0,0,1,1,5,62.7,68.4,57,35.1,42.1,41.7,41.7,0,25,100,14.3,0,66.7,86.8,4,2,5,40,0,2,0,0,0,0,0,3,3,0,1,0,0,0,4,40,40,0,0,40,83.3,3.5,1,1,100,1,0,0,4,1,25,0,1,0,0,3,2,66.7,0,0,0,2,0,0,0,0,1,0
Reading Rockets,"M. Bryant, C. Creek, Y. Salih, Z. Poorman, S. Chamberlain",1,81,4,2,7,28.6,0,1,0,0,0,0,2,3,5,1,0,0,1,0,5,128,170.7,85.3,14.1,28.1,28.6,28.6,50,66.7,100,11.1,0,14.3,69.4,0,0,3,0,0,2,0,0,0,0,0,1,1,0,0,1,0,0,2,0,0,0,0,66.7,0,69.4,6,2,33.3,0,0,0,1,0,0,0,0,0,1,0,0,0,1,0,0,2,0,0,0,0,0,0
Reading Rockets,"T. Nsangu, M. Daines, J. Bouknight, Z. Poorman, S. Chamberlain",1,258,7,3,5,60,1,2,50,0,0,0,0,2,2,1,1,0,1,1,5,62,53.6,70.4,44.8,34.1,70,70,33.3,0,66.7,14.3,0,40,121.5,6,2,6,33.3,0,1,0,2,2,100,1,1,2,2,0,0,2,1,7,33.3,43.6,22.5,33.3,16.7,79.3,42.2,2,1,50,1,1,100,2,1,50,0,1,0,0,1,0,0,4,2,50,1,0,0,1,1,0,0
Worthing Thunder,"D. Evans, J. Hopkins, A. Scarborough, E. Dadds, B. Lomeka",1,114,7,2,3,66.7,1,1,100,2,4,50,0,1,1,1,0,0,1,1,5,97.4,116.4,78.4,20.6,30.6,83.3,73.5,50,0,33.3,14.8,133.3,33.3,126.6,1,0,4,0,0,2,0,1,2,50,2,1,3,0,1,0,1,2,3,0,10.2,17,66.7,50,26.8,99.7,1,1,100,1,0,0,1,1,100,0,1,0,0,2,0,0,0,0,0,2,0,0,0,0,0,1
Worthing Thunder,"D. Evans, E. Maynard, J. Lashley, A. Scarborough, B. Adeluola",1,80,0,0,3,0,0,2,0,0,0,0,1,1,2,0,0,0,4,3,5,127.9,172.8,82.9,13.9,28.9,0,0,0,50,100,57.1,0,66.7,0,4,1,2,50,0,0,0,2,2,100,0,1,1,1,0,0,0,0,2,50,69.4,0,0,0,144.7,-144.7,0,0,0,1,0,0,2,0,0,0,0,0,2,1,0,0,1,1,100,0,0,0,0,0,0,0
Worthing Thunder,"M. Bryan-Amaning, J. Hopkins, J. Lashley, B. Adeluola, E. Dadds",1,77,0,0,6,0,0,2,0,0,0,0,2,2,4,0,0,0,2,1,5,119.7,179.5,59.8,13.4,40.1,0,0,0,50,66.7,25,0,33.3,0,0,0,3,0,0,2,0,0,0,0,1,2,3,0,0,3,0,0,1,0,0,0,33.3,66.7,0,0,3,0,0,1,0,0,2,0,0,0,0,0,1,1,0,0,0,0,0,2,0,0,0,0,0,0
Yorkshire Dragons,"R. Ani, D. Ulph, B. Tew, S. Mamuini, N. Lewis",1,173,9,3,5,60,1,2,50,2,2,100,1,1,2,1,0,0,1,0,5,72.4,78.3,66.6,30.6,36.0,70,76.5,33.3,100,100,12.7,40,40,159.4,2,1,4,25,0,2,0,0,0,0,0,0,0,1,0,0,1,0,4,25,25,20,0,50,41.7,117.8,3,2,66.7,0,0,0,2,1,50,0,1,0,0,2,1,50,0,0,0,2,0,0,0,0,0,1
Yorkshire Dragons,"R. Ani, B. Tew, J. Whelan, L. Rooney, N. Lewis",1,146,4,2,5,40,0,1,0,0,0,0,1,3,4,1,1,1,2,4,5,93.7,94.7,92.8,25.3,25.9,40,40,50,33.3,50,25,0,20,69.4,3,1,7,14.3,1,3,33.3,0,2,0,3,2,5,1,1,1,1,0,5,21.4,19,11.3,50,42.9,53.1,16.3,4,2,50,0,0,0,1,0,0,1,1,0,0,2,0,0,2,0,0,3,1,33.3,1,0,0,0
Yorkshire Dragons,"R. Ani, B. Tew, J. Mielke, C. Johnson, N. Lewis",1,149,5,2,3,66.7,1,1,100,0,0,0,0,1,1,0,0,0,3,2,5,83.2,92.8,73.6,25.9,32.6,83.3,83.3,0,0,100,50,0,33.3,86.8,7,2,3,66.7,1,2,50,2,4,50,0,1,1,2,0,0,0,0,4,83.3,73.5,0,0,66.7,153.2,-66.4,2,1,50,0,0,0,1,1,100,0,1,0,1,1,1,100,0,0,0,2,1,50,0,0,0,0
Yorkshire Dragons,"D. Ulph, B. Tew, J. Whelan, J. Mielke, N. Lewis",1,147,4,1,3,33.3,0,1,0,2,5,40,0,1,1,1,0,0,1,1,5,95.6,97.2,94,24.7,25.5,33.3,38.5,100,0,33.3,13.9,166.7,33.3,67.2,8,3,6,50,2,4,50,0,0,0,2,4,6,2,1,0,2,4,5,66.7,66.7,25,66.7,66.7,138.9,-71.7,2,1,50,0,0,0,1,0,0,1,0,0,0,2,1,50,0,0,0,4,2,50,0,0,0,1
Yorkshire Dragons,"A. Lycoudis, B. Tew, J. Whelan, J. Mielke, C. Johnson",1,151,8,3,6,50,2,4,50,0,0,0,1,2,3,3,1,0,1,0,5,91.5,91.5,91.5,26.2,26.2,66.7,66.7,100,100,66.7,10,0,66.7,138.9,4,2,6,33.3,0,1,0,0,0,0,1,0,1,2,1,1,1,0,5,33.3,33.3,14.3,33.3,16.7,69.4,69.4,0,0,0,2,1,50,4,2,50,1,0,0,0,2,2,100,3,0,0,1,0,0,1,0,0,0
Birmingham Rockets,"R. Blain, O. Jackman, Z. Powell, L. Mcgregor, F. Mughaal",2,128,2,1,2,50,0,1,0,0,0,0,0,2,2,0,1,0,3,1,4,90,90,90,26.7,26.7,50,50,0,0,100,60,0,50,41.7,2,1,4,25,0,2,0,0,0,0,0,0,0,1,0,0,1,0,4,25,25,20,0,50,41.7,0,1,1,100,0,0,0,1,0,0,0,0,0,2,1,1,100,1,0,0,2,0,0,1,0,0,0
Birmingham Rockets,"P. Basioudis, T. Grayling, E. Donaldson, L. Mcgregor, M. Gayle",1,75,8,2,3,66.7,1,2,50,3,3,100,0,1,1,1,0,0,0,0,4,127.8,132.7,122.9,18.1,19.5,83.3,92.6,50,0,100,0,100,66.7,192.9,2,1,4,25,0,1,0,0,0,0,0,1,1,0,0,0,0,2,3,25,25,0,0,25,52.1,140.8,1,1,100,0,0,0,2,1,50,0,0,0,0,3,1,33.3,0,0,0,1,0,0,0,0,0,0
Birmingham Rockets,"T. Grayling, L. Duru, L. Okosieme, A. Mutothori, F. Mughaal",1,134,4,2,5,40,0,2,0,0,0,0,0,1,1,2,0,0,0,0,4,84.9,86,83.9,27.9,28.6,40,40,100,0,100,0,0,40,83.3,10,3,4,75,2,3,66.7,2,2,100,0,2,2,3,0,2,0,0,4,100,102.5,0,0,75,213.5,-130.1,2,1,50,1,1,100,2,0,0,0,0,0,0,1,1,100,0,0,0,3,2,66.7,0,0,0,0
Birmingham Rockets,"O. Jackman, Z. Powell, L. Duru, L. Mcgregor, M. Gayle",1,164,7,2,3,66.7,1,2,50,2,2,100,0,0,0,2,2,0,1,1,4,61.5,68.6,54.5,35.0,44.0,83.3,90.2,100,0,0,14.5,66.7,66.7,149.4,2,0,2,0,0,2,0,2,2,100,1,1,2,0,1,0,2,1,3,0,34.7,41,100,100,53.7,95.7,1,1,100,0,0,0,2,1,50,0,1,0,0,0,0,0,0,0,0,2,0,0,2,0,0,0
Birmingham Rockets,"O. Jackman, Z. Powell, L. Okosieme, L. Mcgregor, F. Mughaal",1,149,6,3,4,75,0,0,0,0,0,0,0,2,2,1,0,1,1,1,4,77.3,77.3,77.3,31.0,31.0,75,75,33.3,0,40,16.7,0,0,125,7,3,8,37.5,1,2,50,0,0,0,3,1,4,3,1,0,0,0,4,43.8,43.8,0,60,25,145.8,-20.8,3,2,66.7,1,1,100,0,0,0,0,1,0,0,6,2,33.3,0,0,0,2,1,50,0,0,0,0
Bristol Flyers II,"Y. Hafid, L. Ayinla, R. Price, R. Eigbe, Z. Riabi",1,192,6,2,4,50,2,3,66.7,0,0,0,1,1,2,2,0,0,2,0,4,65.3,60,70.6,40.0,34.0,75,75,100,100,100,25,0,75,125,8,3,5,60,1,2,50,1,2,50,0,0,0,2,1,1,0,0,5,70,68,0,0,40,141.7,-16.7,1,0,0,0,0,0,3,2,66.7,1,1,1,0,2,2,100,1,0,0,2,1,50,0,0,1,0
Bristol Flyers II,"Y. Hafid, L. Ayinla, J. Craggs, R. Eigbe, L. Matthews",1,144,4,2,7,28.6,0,3,0,0,0,0,2,2,4,1,1,0,0,0,4,88,80,96,30.0,25.0,28.6,28.6,50,50,100,0,0,42.9,83.3,2,1,3,33.3,0,0,0,0,0,0,0,2,2,0,0,0,3,1,5,33.3,33.3,50,0,0,34.7,48.6,3,1,33.3,1,1,100,3,0,0,0,0,0,0,0,0,0,2,0,0,0,0,0,1,0,0,1
Bristol Flyers II,"Y. Hafid, R. Price, J. Craggs, L. Matthews, E. Ekwegh",1,154,3,1,3,33.3,0,1,0,1,2,50,0,1,1,2,0,0,1,3,4,73.9,73,74.8,32.9,32.1,33.3,38.7,200,0,100,14.5,66.7,33.3,64,6,3,4,75,0,1,0,0,0,0,0,2,2,0,1,0,1,1,4,75,75,20,0,25,125,-61,2,1,50,0,0,0,1,0,0,0,1,0,0,3,3,100,0,0,0,1,0,0,1,0,0,0
Bristol Flyers II,"Y. Hafid, R. Price, R. Eigbe, W. Simba, T. Browne",1,209,0,0,3,0,0,2,0,0,4,0,1,3,4,0,1,0,1,1,4,58.6,52.5,64.8,45.7,37.0,0,0,0,20,60,17.4,133.3,66.7,0,3,1,6,16.7,0,3,0,1,2,50,2,4,6,0,0,0,1,2,5,16.7,21.8,12.7,40,50,53.1,-53.1,0,0,0,1,0,0,2,0,0,1,0,0,0,3,1,33.3,0,0,0,3,0,0,0,1,0,0
Bristol Flyers II,"Y. Hafid, J. Craggs, N. Sagkovits, N. Ladjimi, E. Ekwegh",1,126,3,0,2,0,0,0,0,3,4,75,0,1,1,0,0,0,1,2,4,83,87,79,27.6,30.4,0,39.9,0,0,100,21,200,0,65.7,5,1,3,33.3,0,0,0,3,3,100,0,3,3,0,0,1,0,3,4,33.3,57.9,0,0,0,120.6,-54.9,1,0,0,1,0,0,0,0,0,0,0,1,1,2,1,50,1,0,0,0,0,0,0,0,0,0
Bristol Flyers II,"Y. Hafid, J. Craggs, N. Ladjimi, W. Simba, R. Bawden",2,183,4,2,4,50,0,1,0,0,1,0,1,1,2,1,0,0,1,1,4,65,55.9,74,42.9,32.4,50,45,50,50,20,15.5,25,25,93.8,9,4,9,44.4,0,0,0,1,2,50,4,1,5,1,1,0,0,2,5,44.4,45.5,0,80,0,159.4,-65.6,2,2,100,1,0,0,1,0,0,1,0,1,0,8,4,50,1,0,0,0,0,0,0,0,0,0
Bristol Flyers II,"Y. Hafid, J. Craggs, A. Bhebhe, W. Simba, R. Bawden",1,69,2,1,2,50,0,0,0,0,2,0,0,0,0,1,2,0,2,0,4,162.9,162.9,162.9,14.7,14.7,50,34.7,100,0,0,34,100,0,42.7,4,1,1,100,0,0,0,2,2,100,0,2,2,1,2,1,3,1,4,100,106.4,61.5,0,0,85.4,-42.7,0,0,0,2,1,50,0,0,0,1,1,0,0,1,1,100,0,0,0,0,0,0,0,2,0,1
Bristol Flyers II,"Y. Hafid, R. Eigbe, N. Sagkovits, L. Matthews, E. Ekwegh",2,150,8,2,4,50,2,2,100,2,2,100,0,1,1,1,0,0,0,1,4,68.2,75,61.4,32.0,39.1,75,82,50,0,25,0,50,50,170.8,8,3,7,42.9,2,3,66.7,0,0,0,3,1,4,2,0,0,0,0,3,57.1,57.1,0,75,42.9,208.3,-37.6,1,0,0,1,0,0,2,2,100,0,0,0,0,3,1,33.3,1,0,0,3,2,66.7,0,0,0,0
Bristol Flyers II,"Y. Hafid, Z. Riabi, N. Sagkovits, N. Ladjimi, L. Matthews",1,106,3,1,3,33.3,0,2,0,1,1,100,0,2,2,1,0,0,1,1,4,107.4,96.5,118.2,24.9,20.3,33.3,43.6,100,0,66.7,18.4,33.3,66.7,70.4,8,3,6,50,1,2,50,1,1,100,1,2,3,1,1,0,0,1,5,58.3,62.1,0,33.3,33.3,153.2,-82.8,1,1,100,0,0,0,2,0,0,0,1,0,0,3,2,66.7,1,0,0,2,1,50,0,0,0,0
Bristol Flyers II,"Y. Hafid, N. Sagkovits, N. Ladjimi, T. Browne, E. Ekwegh",1,126,0,0,3,0,0,1,0,0,0,0,1,1,2,0,0,0,3,1,4,73.1,91.4,54.9,26.2,43.8,0,0,0,50,100,50,0,33.3,0,5,2,3,66.7,1,2,50,0,0,0,0,1,1,2,1,0,0,0,2,83.3,83.3,0,0,66.7,173.6,-173.6,2,0,0,0,0,0,1,0,0,0,1,0,1,1,1,100,0,0,0,2,1,50,0,0,0,0
Bristol Flyers II,"L. Ayinla, R. Price, J. Craggs, Z. Riabi, A. Bhebhe",1,164,4,1,3,33.3,1,3,33.3,1,2,50,0,1,1,1,0,0,1,0,4,76.4,68.6,84.3,35.0,28.5,50,51.5,100,0,100,17,66.7,100,85.4,8,4,6,66.7,0,1,0,0,0,0,0,2,2,3,1,0,0,2,5,66.7,66.7,0,0,16.7,138.9,-53.5,0,0,0,0,0,0,3,1,33.3,1,0,0,0,3,2,66.7,2,2,100,1,0,0,0,0,0,0
Bristol Flyers II,"L. Ayinla, R. Price, R. Eigbe, L. Matthews, T. Browne",1,95,3,1,2,50,0,0,0,1,5,20,1,1,2,1,0,0,1,1,4,99.4,101.9,97,23.6,24.7,50,35.7,100,33.3,100,16.1,250,0,74.4,7,3,4,75,1,2,50,0,0,0,0,2,2,2,1,0,0,3,3,87.5,87.5,0,0,50,182.3,-107.9,2,1,50,0,0,0,0,0,0,1,0,0,0,2,2,100,0,0,0,2,1,50,0,0,0,0
Bristol Flyers II,"L. Ayinla, J. Craggs, R. Eigbe, A. Bhebhe, T. Browne",2,146,4,1,5,20,0,1,0,2,2,100,1,1,2,0,0,0,0,1,4,85.8,77,94.7,31.2,25.3,20,34,0,33.3,50,0,40,20,85.4,6,3,6,50,0,1,0,0,0,0,1,2,3,3,0,1,1,0,5,50,50,14.3,50,16.7,104.2,-18.8,3,1,33.3,1,0,0,1,0,0,0,0,0,0,5,3,60,0,0,0,1,0,0,1,0,0,0
Bristol Flyers II,"L. Ayinla, R. Eigbe, Z. Riabi, Z. Riabi, A. Bhebhe",1,110,3,1,3,33.3,0,0,0,1,4,25,1,2,3,1,2,0,1,1,4,102.2,99.7,104.7,24.1,22.9,33.3,31.5,100,25,100,14.8,133.3,0,65.7,2,1,3,33.3,0,1,0,0,0,0,0,3,3,0,1,1,2,2,4,33.3,33.3,40,0,33.3,41.7,24,1,1,100,2,0,0,0,0,0,1,0,0,0,2,1,50,0,0,0,1,0,0,2,0,0,0
Bristol Flyers II,"L. Ayinla, R. Eigbe, Z. Riabi, A. Bhebhe, T. Browne",1,117,4,1,4,25,1,2,50,1,1,100,1,2,3,1,1,0,1,1,4,81.9,87.4,76.4,27.4,31.4,37.5,45,100,33.3,66.7,15.5,25,50,93.8,1,0,2,0,0,0,0,1,2,50,1,2,3,0,1,0,2,0,3,0,17.4,41,33.3,0,26.8,67,0,0,0,2,0,0,2,1,50,1,0,0,0,1,0,0,1,0,0,0,0,0,1,0,0,1
Bristol Flyers II,"L. Ayinla, R. Eigbe, N. Sagkovits, N. Ladjimi, A. Bhebhe",1,181,7,3,6,50,1,1,100,0,0,0,1,0,1,0,0,0,0,1,4,57.3,63.6,50.9,37.7,47.1,58.3,58.3,0,33.3,0,0,0,16.7,145.8,10,4,5,80,2,3,66.7,0,0,0,1,2,3,2,0,0,0,0,3,100,100,0,100,60,260.4,-114.6,3,2,66.7,2,0,0,1,1,100,0,0,0,0,2,2,100,0,0,0,3,2,66.7,0,0,0,0
Bristol Flyers II,"R. Price, J. Craggs, N. Ladjimi, A. Bhebhe, E. Ekwegh",1,149,3,1,3,33.3,1,3,33.3,0,0,0,1,1,2,1,0,0,3,1,4,69.6,77.3,61.9,31.0,38.8,50,50,100,50,33.3,42.9,0,100,62.5,4,2,5,40,0,2,0,0,0,0,2,1,3,1,2,0,1,0,3,40,40,16.7,66.7,40,104.2,-41.7,0,0,0,0,0,0,3,1,33.3,2,1,0,0,3,2,66.7,0,0,0,2,0,0,0,0,0,1
Bristol Flyers II,"R. Price, J. Craggs, A. Bhebhe, L. Matthews, T. Browne",2,141,0,0,3,0,0,2,0,0,0,0,0,1,1,0,0,0,2,0,4,80.7,81.7,79.7,29.4,30.1,0,0,0,0,100,40,0,66.7,0,8,3,4,75,0,1,0,2,2,100,0,2,2,2,1,0,0,0,4,75,82,0,0,25,170.8,-170.8,1,0,0,0,0,0,2,0,0,1,1,0,0,3,3,100,0,0,0,1,0,0,0,0,0,0
Bristol Flyers II,"R. Price, J. Craggs, L. Matthews, W. Simba, E. Ekwegh",1,159,0,0,6,0,0,4,0,0,0,0,2,0,2,0,2,0,1,1,4,78.8,72.5,85.2,33.1,28.2,0,0,0,40,0,14.3,0,66.7,0,5,1,3,33.3,1,2,50,2,2,100,0,3,3,0,0,1,2,3,5,50,64.4,34,0,66.7,88.6,-88.6,2,0,0,0,0,0,4,0,0,1,0,1,0,0,0,0,1,0,0,2,1,50,1,1,0,0
Bristol Flyers II,"J. Craggs, R. Eigbe, Z. Riabi, Z. Riabi, L. Matthews",1,131,1,0,2,0,0,2,0,1,2,50,0,0,0,0,0,0,2,1,4,95.7,85.8,105.5,28.0,22.7,0,17.4,0,0,0,41,100,100,21.3,7,3,4,75,1,1,100,0,0,0,0,2,2,3,1,0,2,2,5,87.5,87.5,33.3,0,25,121.5,-100.2,0,0,0,0,0,0,2,0,0,1,1,0,0,1,1,100,2,1,50,1,1,100,0,0,0,1
Bristol Flyers II,"J. Craggs, R. Eigbe, Z. Riabi, A. Bhebhe, L. Matthews",1,175,4,2,5,40,0,2,0,0,0,0,0,3,3,0,1,0,0,0,4,65.8,65.8,65.8,36.5,36.5,40,40,0,0,75,0,0,40,83.3,3,1,5,20,1,4,25,0,0,0,1,3,4,0,0,0,1,1,4,30,30,16.7,25,80,62.5,20.8,3,2,66.7,0,0,0,2,0,0,0,0,1,0,0,0,0,1,0,0,4,1,25,0,1,0,0
Bristol Flyers II,"J. Craggs, N. Sagkovits, A. Bhebhe, L. Matthews, T. Browne",1,125,3,1,4,25,1,3,33.3,0,0,0,0,3,3,0,0,0,1,0,4,91.1,92.2,89.9,26.0,26.7,37.5,37.5,0,0,100,20,0,75,62.5,5,2,4,50,1,2,50,0,2,0,0,3,3,2,1,0,0,0,4,62.5,51.2,0,0,50,106.7,-44.2,0,0,0,1,0,0,3,1,33.3,1,0,0,0,2,1,50,0,0,0,2,1,50,0,0,0,0
Bristol Flyers II,"J. Craggs, A. Bhebhe, W. Simba, T. Browne, R. Bawden",1,215,6,3,6,50,0,2,0,0,0,0,1,1,2,3,2,0,0,2,4,63,53.6,72.4,44.8,33.1,50,50,100,33.3,25,0,0,33.3,125,7,2,6,33.3,0,2,0,3,4,75,3,2,5,0,0,0,2,0,6,33.3,45.1,20.5,75,33.3,107.9,17.1,4,3,75,0,0,0,2,0,0,0,0,0,0,2,2,100,2,0,0,2,0,0,2,0,0,0
Bristol Flyers II,"R. Eigbe, Z. Riabi, Z. Riabi, L. Matthews, T. Browne",1,142,5,2,3,66.7,0,1,0,1,2,50,1,1,2,0,1,0,2,0,4,88.3,79.2,97.4,30.3,24.7,66.7,64.4,0,50,50,34,66.7,33.3,106.7,7,3,6,50,1,3,33.3,0,0,0,1,1,2,1,2,0,1,2,5,58.3,58.3,14.3,50,50,121.5,-14.8,2,2,100,0,0,0,1,0,0,2,0,0,0,2,1,50,1,1,100,3,1,33.3,1,0,0,0
Bristol Flyers II,"R. Eigbe, N. Sagkovits, N. Ladjimi, A. Bhebhe, L. Matthews",1,155,4,2,4,50,0,1,0,0,0,0,1,1,2,0,0,1,2,3,4,66,74.3,57.7,32.3,41.6,50,50,0,50,33.3,33.3,0,25,83.3,5,2,5,40,0,1,0,1,2,50,2,1,3,0,2,0,0,0,3,40,42.5,0,66.7,20,134.2,-50.9,2,2,100,1,0,0,1,0,0,1,1,0,0,4,2,50,0,0,0,1,0,0,0,0,0,0
Bristol Flyers II,"N. Sagkovits, N. Ladjimi, A. Bhebhe, W. Simba, T. Browne",1,146,2,1,3,33.3,0,2,0,0,0,0,0,1,1,1,0,0,2,1,4,74.5,78.9,70.1,30.4,34.3,33.3,33.3,100,0,33.3,33.3,0,66.7,41.7,10,4,6,66.7,2,2,100,0,1,0,2,2,4,2,1,0,0,1,4,83.3,77.6,0,66.7,33.3,234.6,-192.9,0,0,0,1,1,100,2,0,0,1,0,1,0,3,2,66.7,1,0,0,2,2,100,0,0,0,0
Bristol Flyers II,"N. Sagkovits, N. Ladjimi, L. Matthews, W. Simba, T. Browne",1,121,2,1,4,25,0,1,0,0,0,0,1,2,3,0,1,0,2,0,4,95.2,95.2,95.2,25.2,25.2,25,25,0,33.3,50,33.3,0,25,41.7,6,2,6,33.3,2,4,50,0,0,0,2,2,4,2,2,0,1,0,4,50,50,14.3,50,66.7,125,-83.3,2,1,50,1,0,0,1,0,0,1,1,0,0,2,0,0,0,0,0,4,2,50,0,1,0,0
Bristol Flyers II,"N. Sagkovits, A. Bhebhe, W. Simba, E. Ekwegh, R. Bawden",1,165,0,0,4,0,0,3,0,0,0,0,1,1,2,0,0,0,2,2,4,72.9,69.8,76,34.4,31.6,0,0,0,25,100,33.3,0,75,0,9,4,5,80,0,0,0,1,1,100,0,3,3,2,2,1,0,0,5,80,82.7,0,0,0,172.3,-172.3,1,0,0,0,0,0,3,0,0,1,1,0,0,3,3,100,2,1,50,0,0,0,0,0,0,0
Bristol Hurricanes,"A. Pearce, D. Edozie, D. Forsyth, J. Oyewole, C. Samuels",1,129,5,1,2,50,0,0,0,3,4,75,0,2,2,0,0,1,1,1,4,85,85,85,28.2,28.2,50,66.5,0,0,100,21,200,0,109.4,5,1,3,33.3,0,1,0,3,4,75,0,2,2,0,1,0,0,2,4,33.3,52.5,0,0,33.3,109.4,0,1,1,100,1,0,0,0,0,0,1,0,0,0,1,1,100,1,0,0,1,0,0,0,0,0,0
Bristol Hurricanes,"A. Pearce, D. Edozie, H. Bligen, V. Dilys, C. Taylor",1,166,2,1,6,16.7,0,2,0,0,0,0,1,3,4,1,0,0,0,1,4,71.6,69.4,73.8,34.6,32.5,16.7,16.7,100,33.3,100,0,0,33.3,41.7,4,1,4,25,0,2,0,2,3,66.7,0,2,2,2,0,0,0,0,5,25,37.6,0,0,50,78.3,-36.7,3,1,33.3,1,0,0,2,0,0,0,0,0,0,1,1,100,1,0,0,2,0,0,0,0,0,0
Bristol Hurricanes,"A. Pearce, D. Forsyth, D. Ubiaro, H. Bligen, V. Dilys",1,146,4,2,5,40,0,1,0,0,2,0,1,2,3,0,0,0,0,1,4,62.2,77,47.3,31.2,50.7,40,34,0,33.3,50,0,40,20,85.4,2,1,5,20,0,1,0,0,0,0,2,2,4,0,0,1,0,0,2,20,20,0,50,20,69.4,15.9,4,2,50,0,0,0,1,0,0,0,0,0,0,3,1,33.3,1,0,0,1,0,0,0,0,0,0
Bristol Hurricanes,"D. Edozie, D. Forsyth, J. Oyewole, D. Ubiaro, C. Samuels",1,184,2,1,6,16.7,0,2,0,0,0,0,2,1,3,0,0,0,1,4,4,61.9,62.6,61.1,38.3,39.3,16.7,16.7,0,50,33.3,14.3,0,33.3,41.7,8,2,5,40,2,4,50,2,2,100,2,2,4,1,1,0,1,0,4,60,68,14.5,66.7,80,170.8,-129.1,0,0,0,4,1,25,2,0,0,0,1,0,0,0,0,0,1,0,0,4,2,50,0,1,0,0
Bristol Hurricanes,"D. Edozie, D. Forsyth, C. Samuels, J. Oyewole, C. Taylor",1,137,1,0,5,0,0,3,0,1,2,50,3,2,5,0,0,0,2,2,4,73.7,82.1,65.3,29.2,36.8,0,8.5,0,50,100,25.4,40,60,21.3,4,1,3,33.3,0,1,0,2,2,100,0,3,3,0,0,1,0,1,3,33.3,51.5,0,0,33.3,107.4,-86,1,0,0,1,0,0,3,0,0,0,0,0,1,0,0,0,2,1,50,1,0,0,0,0,0,0
Bristol Hurricanes,"D. Edozie, E. Dusha, K. Hill, V. Dilys, C. Taylor",2,122,2,1,4,25,0,2,0,0,0,0,0,0,0,1,0,0,1,3,4,93.3,94.4,92.2,25.4,26.0,25,25,100,0,0,16.7,0,50,41.7,6,2,3,66.7,0,0,0,2,2,100,0,2,2,1,0,0,1,0,4,66.7,77.3,20.5,0,0,128.1,-86.4,2,1,50,0,0,0,2,0,0,1,0,0,0,3,2,66.7,0,0,0,0,0,0,0,0,0,1
Bristol Hurricanes,"D. Forsyth, E. Dusha, K. Hill, J. Dang-Akodo, C. Samuels",1,150,7,2,5,40,1,3,33.3,2,2,100,1,1,2,2,2,0,0,1,4,75,75,75,32.0,32.0,50,59.5,100,33.3,100,0,40,60,149.4,5,1,2,50,1,2,50,2,2,100,0,2,2,1,0,0,2,2,4,75,86.8,41,0,100,106.7,42.7,1,1,100,1,0,0,3,1,33.3,0,0,0,0,0,0,0,0,0,0,2,1,50,2,0,0,0
Bristol Hurricanes,"D. Forsyth, E. Dusha, K. Hill, J. Oyewole, D. Ubiaro",1,152,4,2,4,50,0,1,0,0,0,0,0,2,2,1,0,0,1,3,4,68.2,75.8,60.6,31.7,39.6,50,50,50,0,100,16.7,0,25,83.3,4,2,4,50,0,1,0,0,0,0,0,2,2,0,1,0,0,0,3,50,50,0,0,25,104.2,-20.8,1,1,100,2,1,50,1,0,0,1,0,0,0,1,1,100,2,1,50,1,0,0,0,0,0,0
Bristol Hurricanes,"D. Forsyth, K. Hill, D. Ubiaro, C. Samuels, V. Dilys",2,179,3,1,4,25,1,3,33.3,0,0,0,2,0,2,0,1,0,3,2,4,63.6,64.4,62.8,37.3,38.2,37.5,37.5,0,66.7,0,42.9,0,75,62.5,11,4,4,100,2,2,100,1,2,50,1,1,2,3,3,0,1,2,4,125,112.7,17,100,50,234.8,-172.3,1,0,0,0,0,0,3,1,33.3,3,0,0,0,2,2,100,0,0,0,2,2,100,0,1,0,0
Bristol Hurricanes,"D. Forsyth, J. Claar, D. Ubiaro, C. Samuels, C. Taylor",1,218,5,2,7,28.6,1,3,33.3,0,0,0,3,2,5,2,0,0,1,2,4,52.8,52.8,52.8,45.4,45.4,35.7,35.7,100,75,100,10,0,42.9,104.2,7,3,5,60,1,3,33.3,0,0,0,0,1,1,2,1,1,0,0,4,70,70,0,0,60,145.8,-41.7,2,0,0,2,1,50,3,1,33.3,0,1,2,0,1,1,100,1,1,100,3,1,33.3,0,0,0,0
Bristol Hurricanes,"E. Dusha, J. Dang-Akodo, D. Ubiaro, C. Samuels, V. Dilys",2,102,5,1,2,50,1,1,100,2,2,100,0,2,2,1,0,0,2,2,4,97.6,110.2,84.9,21.8,28.3,75,86.8,100,0,100,34,100,50,106.7,4,1,2,50,0,0,0,2,4,50,0,1,1,2,1,1,0,0,3,50,53.2,0,0,0,110.8,-4.1,1,0,0,0,0,0,1,1,100,1,1,0,0,2,1,50,0,0,0,0,0,0,0,0,0,0
Derby Trailblazers,"C. Burr, E. Norman, W. Tallon, R. Marsden, M. Smith",1,72,7,3,6,50,1,1,100,0,0,0,1,1,2,3,1,0,0,0,4,144,160,128,15.0,18.8,58.3,58.3,100,50,100,0,0,16.7,145.8,6,2,3,66.7,2,2,100,0,0,0,0,1,1,1,0,0,1,0,3,100,100,25,0,66.7,156.2,-10.4,4,1,25,1,1,100,1,1,100,0,0,0,0,0,0,0,1,0,0,2,2,100,0,1,0,0
Derby Trailblazers,"C. Burr, C. Washington, S. Walker, R. May-Thompson, M. Smith",2,112,2,1,4,25,0,2,0,0,0,0,0,2,2,0,0,0,1,2,4,91.3,102.9,79.8,23.3,30.1,25,25,0,0,66.7,20,0,50,41.7,2,1,2,50,0,1,0,0,2,0,1,2,3,0,1,0,2,1,3,50,34.7,41,33.3,50,53.7,-12,1,1,100,1,0,0,2,0,0,0,1,0,0,1,1,100,0,0,0,1,0,0,0,0,0,1
Derby Trailblazers,"E. Norman, C. Washington, E. Lawrence, J. Pathmarajah, M. Smith",1,173,10,3,4,75,1,2,50,3,4,75,1,0,1,1,2,0,0,1,4,71.7,63.4,79.9,37.9,30.0,87.5,86.8,33.3,100,0,0,100,50,218.8,6,3,4,75,0,1,0,0,0,0,0,0,0,1,0,0,2,4,5,75,75,33.3,0,25,104.2,114.7,2,2,100,0,0,0,2,1,50,0,0,0,0,1,1,100,2,2,100,1,0,0,2,0,0,0
Derby Trailblazers,"E. Norman, C. Washington, S. Walker, C. Brown, R. May-Thompson",2,185,9,3,5,60,3,5,60,0,0,0,1,2,3,3,0,0,1,1,4,58.8,62.3,55.3,38.5,43.4,90,90,100,100,100,11.1,0,100,187.5,7,2,4,50,2,2,100,1,1,100,0,0,0,1,1,0,0,0,4,75,78.8,0,0,50,164.2,23.3,0,0,0,0,0,0,5,3,60,1,0,0,0,1,0,0,1,0,0,2,2,100,0,0,0,0
Derby Trailblazers,"E. Norman, J. Pathmarajah, S. Walker, C. Brown, R. May-Thompson",1,121,5,2,3,66.7,0,0,0,1,1,100,0,2,2,1,0,1,1,0,4,80.4,84.5,76.2,28.4,31.5,66.7,72.7,50,0,100,18.4,33.3,0,117.3,2,1,4,25,0,2,0,0,0,0,0,1,1,0,1,0,0,1,3,25,25,0,0,50,52.1,65.2,2,2,100,1,0,0,0,0,0,1,0,0,0,1,1,100,1,0,0,2,0,0,0,0,0,0
Derby Trailblazers,"C. Washington, S. Walker, R. Marsden, C. Brown, G. Pastor",1,119,2,1,3,33.3,0,0,0,0,4,0,0,4,4,1,0,2,0,1,4,97.6,92.2,103,26.0,23.3,33.3,21,100,0,80,0,133.3,0,43.8,3,0,5,0,0,4,0,3,3,100,1,4,5,0,0,0,0,1,5,0,23.7,0,20,80,58.7,-15,3,1,33.3,0,0,0,0,0,0,0,0,0,0,0,0,0,1,0,0,4,0,0,0,0,0,0
Derby Trailblazers,"J. Pathmarajah, S. Walker, R. Marsden, C. Brown, R. May-Thompson",1,109,5,2,4,50,1,1,100,0,0,0,0,2,2,0,0,0,1,0,4,95.1,105.7,84.6,22.7,28.4,62.5,62.5,0,0,100,20,0,25,104.2,5,2,4,50,1,3,33.3,0,0,0,0,2,2,2,0,0,0,0,3,62.5,62.5,0,0,75,130.2,-26,2,1,50,1,0,0,1,1,100,1,0,0,0,1,1,100,0,0,0,3,1,33.3,0,0,0,0
Derby Trailblazers,"S. Walker, C. Brown, G. Pastor, J. Lemon, R. May-Thompson",1,160,6,3,6,50,0,1,0,0,0,0,2,1,3,0,0,0,1,0,4,72,72,72,33.3,33.3,50,50,0,66.7,100,14.3,0,16.7,125,11,4,5,80,3,4,75,0,0,0,0,1,1,4,1,1,0,1,4,110,110,0,0,80,229.2,-104.2,5,3,60,0,0,0,1,0,0,1,0,0,0,1,1,100,0,0,0,4,3,75,0,0,0,0
Essex Rebels,"M. Wol-Cummings, M. Amako, K. Martin, M. Brown, H. Gent",1,144,3,1,6,16.7,0,2,0,1,2,50,3,1,4,0,1,0,1,2,4,101.1,78.1,124.2,30.7,19.3,16.7,21.8,0,75,100,12.7,33.3,33.3,64,7,2,3,66.7,1,1,100,2,4,50,0,1,1,1,0,0,3,2,7,83.3,73.5,38.7,0,33.3,94,-29.9,4,1,25,0,0,0,2,0,0,0,0,0,1,1,1,100,1,0,0,1,1,100,0,1,0,1
Essex Rebels,"M. Wol-Cummings, M. Amako, R. Udeh, M. Brown, H. Gent",2,93,2,0,7,0,0,1,0,2,2,100,3,1,4,0,0,0,0,0,4,97.6,120.9,74.3,19.9,32.3,0,12.7,0,60,50,0,28.6,14.3,42.7,5,2,4,50,1,1,100,0,0,0,1,2,3,1,0,1,0,2,2,62.5,62.5,0,50,25,173.6,-130.9,5,0,0,1,0,0,1,0,0,0,0,0,0,1,1,100,2,0,0,1,1,100,0,0,0,0
Essex Rebels,"M. Wol-Cummings, K. Martin, H. Gent, B. Winter, T. Hudson",2,177,0,0,5,0,0,2,0,0,0,0,3,3,6,0,0,0,3,1,4,84.6,65.1,104.1,36.9,23.0,0,0,0,60,100,37.5,0,40,0,7,3,7,42.9,1,2,50,0,0,0,0,2,2,2,3,1,1,0,7,50,50,12.5,0,28.6,91.1,-91.1,3,0,0,0,0,0,2,0,0,2,1,1,0,3,2,66.7,2,0,0,2,1,50,1,0,0,0
Essex Rebels,"M. Wol-Cummings, D. Johnson-Thompson, R. Udeh, I. Temilola, B. Winter",2,127,3,1,4,25,0,1,0,1,3,33.3,2,1,3,2,0,1,1,1,4,74.4,78.4,70.4,30.6,34.1,25,28.2,200,50,100,12,75,25,72.3,6,2,3,66.7,1,1,100,1,2,50,0,2,2,1,1,1,0,1,3,83.3,77.3,0,0,33.3,161.1,-88.7,3,1,33.3,0,0,0,1,0,0,1,0,0,0,2,1,50,0,0,0,1,1,100,0,0,0,0
Essex Rebels,"M. Wol-Cummings, R. Udeh, A. Idiata-Mendez, J. Mckew, T. Hudson",1,166,4,2,6,33.3,0,1,0,0,0,0,1,3,4,2,1,0,0,0,4,76.3,69.4,83.3,34.6,28.8,33.3,33.3,100,33.3,100,0,0,16.7,83.3,2,1,5,20,0,1,0,0,0,0,0,2,2,1,0,0,1,0,5,20,20,16.7,0,20,34.7,48.6,2,2,100,3,0,0,1,0,0,0,0,0,0,1,1,100,3,0,0,1,0,0,0,1,0,0
Essex Rebels,"M. Amako, K. Martin, M. Brown, H. Gent, J. Mckew",1,170,7,3,3,100,1,1,100,0,2,0,0,1,1,1,0,0,1,1,4,66.1,66.1,66.1,36.3,36.3,116.7,90.2,33.3,0,100,17,66.7,33.3,149.4,9,3,4,75,1,2,50,2,2,100,0,1,1,2,1,0,0,1,4,87.5,92.2,0,0,50,192.1,-42.7,1,1,100,1,1,100,1,1,100,0,1,0,0,1,1,100,1,1,100,2,1,50,0,0,0,0
Essex Rebels,"M. Amako, R. Udeh, M. Brown, A. Idiata-Mendez, T. Child",1,123,3,1,5,20,1,4,25,0,0,0,1,1,2,1,2,0,1,1,4,101.9,93.7,110.1,25.6,21.8,30,30,100,33.3,100,14.3,0,80,62.5,6,2,3,66.7,0,1,0,2,2,100,0,2,2,0,1,0,2,0,5,66.7,77.3,34,0,33.3,106.3,-43.8,0,0,0,1,0,0,4,1,25,0,1,0,0,2,2,100,0,0,0,1,0,0,0,2,0,0
Essex Rebels,"M. Amako, M. Brown, T. Child, W. White, T. Hudson",2,129,1,0,4,0,0,2,0,1,2,50,1,0,1,0,0,0,1,0,4,78.2,87.2,69.3,27.5,34.6,0,10.2,0,50,0,17,50,50,21.3,5,2,4,50,0,1,0,1,2,50,1,1,2,0,1,1,0,2,3,50,51.2,0,100,25,134.2,-112.9,2,0,0,0,0,0,2,0,0,0,1,0,0,3,2,66.7,0,0,0,1,0,0,0,0,1,0
Essex Rebels,"K. Martin, D. Johnson-Thompson, M. Brown, B. Winter, T. Hudson",1,113,3,0,3,0,0,1,0,3,3,100,0,1,1,1,0,0,0,2,4,79.1,88.1,70.1,27.2,34.2,0,34.7,0,0,100,0,100,33.3,72.3,5,2,3,66.7,1,1,100,0,1,0,0,3,3,1,0,1,0,1,3,83.3,72.7,0,0,33.3,151.4,-79.1,2,0,0,0,0,0,1,0,0,0,0,0,0,1,1,100,1,0,0,1,1,100,0,0,0,0
Essex Rebels,"K. Martin, D. Johnson-Thompson, T. Child, B. Winter, J. Mckew",1,178,2,1,4,25,0,1,0,0,0,0,1,2,3,0,0,0,2,1,4,64.7,64.7,64.7,37.1,37.1,25,25,0,33.3,100,33.3,0,25,41.7,8,3,5,60,2,2,100,0,0,0,0,2,2,2,1,0,0,0,4,80,80,0,0,40,166.7,-125,3,1,33.3,0,0,0,1,0,0,1,1,0,0,2,1,50,1,0,0,2,2,100,0,0,0,0
Essex Rebels,"K. Martin, R. Udeh, T. Child, B. Winter, T. Hudson",2,101,2,0,3,0,0,1,0,2,3,66.7,0,0,0,0,0,0,0,2,4,92.2,98.5,85.8,24.4,28.0,0,23.1,0,0,0,0,100,33.3,48.2,4,1,1,100,0,0,0,2,4,50,1,3,4,1,0,0,2,1,3,100,72.5,42,100,0,110.8,-62.6,2,0,0,0,0,0,1,0,0,0,0,0,0,1,1,100,0,0,0,0,0,0,0,1,0,1
Essex Rebels,"K. Martin, R. Udeh, H. Gent, B. Winter, T. Hudson",1,95,0,0,3,0,0,1,0,0,0,0,0,1,1,0,1,0,2,1,4,121.3,121.3,121.3,19.8,19.8,0,0,0,0,50,40,0,33.3,0,7,3,5,60,1,3,33.3,0,0,0,1,2,3,1,0,0,1,0,4,70,70,16.7,50,60,145.8,-145.8,1,0,0,1,0,0,1,0,0,2,0,0,0,2,2,100,0,0,0,3,1,33.3,1,0,0,0
Essex Rebels,"K. Martin, A. Idiata-Mendez, T. Child, H. Gent, B. Winter",1,168,8,3,6,50,2,4,50,0,0,0,1,2,3,2,0,0,0,1,4,74.6,68.6,80.6,35.0,29.8,66.7,66.7,66.7,33.3,100,0,0,66.7,166.7,9,3,5,60,1,2,50,2,2,100,0,2,2,3,0,0,0,0,5,70,76.5,0,0,40,159.4,7.2,2,1,50,0,0,0,4,2,50,0,0,0,0,3,2,66.7,0,0,0,2,1,50,0,0,0,0
Essex Rebels,"K. Martin, T. Child, H. Gent, B. Winter, T. Hudson",1,146,3,1,3,33.3,1,3,33.3,0,0,0,0,2,2,1,0,0,2,1,4,73.5,78.9,68.2,30.4,35.2,50,50,100,0,100,33.3,0,100,62.5,6,2,3,66.7,0,1,0,2,3,66.7,0,1,1,2,1,0,0,1,4,66.7,69.4,0,0,33.3,144.7,-82.2,0,0,0,0,0,0,3,1,33.3,1,0,0,1,1,1,100,1,1,100,1,0,0,0,0,0,0
Hemel Storm,"M. Sokoli, D. Nelson-Henry, K. Walker, S. Newman, J. Burnell",3,157,4,1,3,33.3,0,0,0,2,2,100,0,1,1,0,0,0,1,1,4,79,71.6,86.3,33.5,27.8,33.3,51.5,0,0,50,20.5,66.7,0,85.4,5,2,5,40,0,3,0,1,2,50,1,2,3,0,1,0,1,0,5,40,42.5,14.5,50,60,88.6,-3.2,2,1,50,1,0,0,0,0,0,1,0,0,0,2,2,100,0,0,0,3,0,0,1,0,0,0
Hemel Storm,"M. Sokoli, D. Nelson-Henry, S. Newman, J. Rai, J. Burnell",1,122,1,0,1,0,0,0,0,1,2,50,0,2,2,0,0,0,3,1,4,92.2,92.2,92.2,26.0,26.0,0,26.6,0,0,50,61.5,200,0,21.3,7,2,6,33.3,1,4,25,2,2,100,2,1,3,0,2,0,0,2,4,41.7,50.9,0,50,66.7,149.4,-128.1,1,0,0,0,0,0,0,0,0,3,0,0,0,2,1,50,0,0,0,4,1,25,0,0,0,0
Hemel Storm,"M. Sokoli, K. Walker, S. Lewis, B. Inger, J. Burnell",1,76,4,2,4,50,0,0,0,0,0,0,0,1,1,1,0,0,1,1,4,132.8,151.6,114,15.8,21.1,50,50,50,0,100,16.7,0,0,83.3,4,0,2,0,0,1,0,4,4,100,0,1,1,0,1,0,0,2,3,0,53.2,0,0,50,110.8,-27.5,3,2,66.7,1,0,0,0,0,0,1,0,0,0,1,0,0,0,0,0,1,0,0,0,0,1,0
Hemel Storm,"M. Sokoli, K. Walker, V. Eze, S. Newman, J. Rai",1,171,6,2,5,40,2,4,50,0,0,0,1,1,2,2,1,0,1,1,4,73.3,67.4,79.2,35.6,30.3,60,60,100,33.3,50,12.5,0,80,125,9,3,5,60,1,2,50,2,2,100,1,2,3,2,0,1,1,1,5,70,76.5,14.5,50,40,159.4,-34.4,1,0,0,0,0,0,4,2,50,1,0,0,0,2,1,50,1,1,100,2,1,50,1,0,0,0
Hemel Storm,"D. Nelson-Henry, K. Walker, M. Norman, B. Inger, J. Rai",1,120,2,1,4,25,0,1,0,0,0,0,1,1,2,0,0,0,2,2,4,94.8,96,93.7,25.0,25.6,25,25,0,33.3,50,33.3,0,25,41.7,11,4,5,80,2,2,100,1,2,50,1,2,3,3,2,0,0,0,4,100,93.5,0,50,40,234.8,-193.1,3,1,33.3,0,0,0,1,0,0,1,1,0,0,2,1,50,1,1,100,2,2,100,0,0,0,0
Hemel Storm,"D. Nelson-Henry, S. Lewis, V. Eze, D. Parkinson, B. Inger",1,78,4,2,2,100,0,0,0,0,0,0,0,1,1,1,2,0,3,1,4,132.9,147.7,118.2,16.2,20.3,100,100,50,0,100,50,0,0,83.3,2,1,2,50,0,1,0,0,0,0,0,0,0,0,1,0,2,0,3,50,50,50,0,50,52.1,31.3,2,2,100,0,0,0,0,0,0,1,0,0,1,1,1,100,0,0,0,1,0,0,1,1,0,0
Hemel Storm,"K. Walker, D. Parkinson, B. Inger, J. Rai, J. Burnell",1,166,5,2,4,50,1,3,33.3,0,0,0,0,1,1,1,1,0,1,2,4,74.7,69.4,79.9,34.6,30.0,62.5,62.5,50,0,100,16.7,0,75,104.2,9,3,3,100,0,0,0,3,4,75,0,2,2,2,0,0,1,0,5,100,94.5,17.4,0,0,162.8,-58.6,1,1,100,0,0,0,3,1,33.3,0,1,0,0,3,3,100,0,0,0,0,0,0,0,1,0,0
Hemel Storm,"S. Lewis, M. Norman, B. Inger, S. Newman, J. Burnell",2,90,6,3,5,60,0,1,0,0,0,0,0,1,1,0,0,0,0,1,4,150.5,128,173.1,18.8,13.9,60,60,0,0,100,0,0,20,125,11,3,4,75,1,1,100,4,4,100,0,2,2,3,0,0,1,0,6,87.5,95.5,14.8,0,25,169.5,-44.5,4,3,75,0,0,0,1,0,0,0,0,0,0,2,1,50,1,1,100,1,1,100,1,0,0,0
London Cavaliers,"J. Manning, J. Richards, D. Delsol-Lowry, D. Braster, A. Roberts",1,159,6,2,4,50,1,1,100,1,1,100,0,1,1,2,0,0,0,0,4,68.4,64.3,72.5,37.3,33.1,62.5,67.6,100,0,50,0,25,25,140.8,10,4,6,66.7,2,3,66.7,0,0,0,1,2,3,3,0,0,0,2,4,83.3,83.3,0,50,50,208.3,-67.6,3,1,33.3,0,0,0,1,1,100,0,0,0,0,2,2,100,1,0,0,3,2,66.7,0,0,0,0
London Cavaliers,"J. Manning, J. Richards, M. Collins, M. Beasley, D. Delsol-Lowry",1,122,6,2,4,50,0,2,0,2,2,100,0,1,1,0,0,0,0,2,4,93.3,92.2,94.4,26.0,25.4,50,61.5,0,0,100,0,50,50,128.1,6,3,4,75,0,1,0,0,0,0,0,2,2,0,0,0,1,1,4,75,75,20,0,25,125,3.1,1,1,100,1,1,100,2,0,0,0,0,0,0,2,2,100,1,1,100,1,0,0,0,1,0,0
London Cavaliers,"J. Manning, M. Beasley, D. Delsol-Lowry, D. Braster, A. Pyne",1,165,4,1,4,25,0,1,0,2,4,50,1,3,4,0,0,0,0,1,4,64.2,66.5,62,36.1,38.7,25,34.7,0,20,60,0,100,25,87.5,3,1,6,16.7,0,1,0,1,1,100,2,4,6,1,0,1,0,3,4,16.7,23.3,0,40,16.7,70.4,17.2,2,0,0,1,1,100,1,0,0,0,0,0,0,2,1,50,3,0,0,1,0,0,0,0,0,0
London Cavaliers,"J. Manning, D. Delsol-Lowry, A. Roberts, O. Pond-Mckenzie, A. Pyne",2,115,8,3,4,75,2,3,66.7,0,0,0,1,3,4,2,0,0,2,2,4,99,100.2,97.8,24.0,24.5,100,100,66.7,100,75,25,0,75,166.7,4,1,5,20,0,2,0,2,2,100,1,0,1,1,1,0,0,0,4,20,34,0,25,40,85.4,81.3,0,0,0,1,1,100,3,2,66.7,0,1,0,1,2,0,0,1,1,100,2,0,0,0,0,0,0
London Cavaliers,"J. Richards, D. Delsol-Lowry, M. Collins, D. Braster, A. Roberts",1,189,2,1,6,16.7,0,2,0,0,0,0,1,0,1,0,1,0,0,2,4,69,61,77,39.4,31.2,16.7,16.7,0,25,0,0,0,33.3,41.7,11,3,3,100,2,2,100,3,3,100,0,3,3,2,0,0,2,2,6,133.3,127.3,31.6,0,66.7,181.3,-139.6,4,1,25,0,0,0,2,0,0,0,0,0,0,1,1,100,0,0,0,2,2,100,0,1,0,1
London Cavaliers,"J. Richards, D. Delsol-Lowry, M. Collins, A. Roberts, A. Pyne",1,155,0,0,5,0,0,2,0,0,2,0,1,1,2,0,0,0,0,1,4,84.1,72.5,95.7,33.1,25.1,0,0,0,20,100,0,40,40,0,10,4,5,80,1,1,100,1,1,100,0,4,4,1,0,0,1,3,6,90,91.9,15.5,0,20,161.7,-161.7,2,0,0,1,0,0,2,0,0,0,0,1,0,3,2,66.7,1,1,100,1,1,100,1,0,0,0
London Cavaliers,"J. Richards, M. Collins, M. Beasley, D. Braster, D. Ainembabazi",2,159,6,2,3,66.7,0,1,0,2,2,100,1,2,3,2,1,1,2,1,4,78,70.7,85.2,33.9,28.2,66.7,77.3,100,100,50,25.4,66.7,33.3,128.1,7,2,6,33.3,2,4,50,1,2,50,2,0,2,1,1,0,1,1,5,50,50.9,12.7,50,66.7,124,4.1,2,2,100,0,0,0,1,0,0,0,2,0,0,1,0,0,1,0,0,4,2,50,1,0,0,0
London Cavaliers,"J. Richards, M. Collins, D. Braster, A. Roberts, A. Pyne",1,194,9,4,5,80,1,2,50,0,0,0,0,3,3,3,0,0,0,0,4,65.3,59.4,71.3,40.4,33.7,90,90,75,0,100,0,0,40,187.5,5,2,6,33.3,1,4,25,0,0,0,0,1,1,0,0,0,0,0,5,41.7,41.7,0,0,66.7,86.8,100.7,2,2,100,1,1,100,2,1,50,0,0,0,0,0,0,0,2,1,50,4,1,25,0,0,0,0
London Cavaliers,"J. Richards, M. Beasley, D. Ainembabazi, A. Roberts, O. Pond-Mckenzie",2,200,5,2,4,50,0,1,0,1,2,50,1,3,4,1,0,0,1,0,4,56.2,56.2,56.2,42.7,42.7,50,51.2,50,50,100,14.5,50,25,106.7,4,1,4,25,0,2,0,2,2,100,0,1,1,1,1,0,0,1,4,25,41,0,0,50,85.4,21.3,2,2,100,1,0,0,1,0,0,1,0,0,0,2,1,50,0,0,0,2,0,0,0,0,0,0
London Cavaliers,"J. Richards, D. Delsol-Lowry, D. Braster, O. Pond-Mckenzie, A. Pyne",1,143,7,1,1,100,0,0,0,5,8,62.5,0,3,3,1,1,0,0,0,4,68.6,72.8,64.4,33.0,37.2,100,77.4,100,0,75,0,800,0,161.3,0,0,4,0,0,3,0,0,0,0,1,0,1,0,0,0,1,4,3,0,0,20,25,75,0,161.3,1,1,100,0,0,0,0,0,0,0,0,0,0,1,0,0,0,0,0,3,0,0,0,1,0,0
London Cavaliers,"D. Delsol-Lowry, M. Beasley, D. Braster, A. Roberts, A. Pyne",2,183,2,1,3,33.3,0,1,0,0,0,0,1,1,2,0,2,1,3,0,4,75.5,63,88.1,38.1,27.2,33.3,33.3,0,100,20,50,0,33.3,41.7,2,1,7,14.3,0,3,0,0,0,0,4,0,4,1,2,0,4,3,6,14.3,14.3,36.4,80,42.9,29.8,11.9,2,1,50,0,0,0,1,0,0,1,2,0,0,2,1,50,2,0,0,3,0,0,1,1,0,1
Loughborough Riders,"J. Campbell, J. Campbell, M. Joiner, D. Hadley, C. Nyarko",1,101,5,2,3,66.7,1,2,50,0,0,0,0,2,2,2,0,0,2,1,4,102.7,114.1,91.2,21.0,26.3,83.3,83.3,100,0,100,28.6,0,66.7,104.2,5,2,4,50,1,3,33.3,0,0,0,0,1,1,0,2,0,0,0,3,62.5,62.5,0,0,75,130.2,-26,1,1,100,0,0,0,2,1,50,0,2,0,0,1,1,100,0,0,0,3,1,33.3,0,0,0,0
Loughborough Riders,"J. Campbell, M. Joiner, L. Ehiorobo, T. Akinsuku, C. Keys",1,166,3,1,3,33.3,1,3,33.3,0,0,0,0,1,1,1,0,0,2,2,4,83.3,69.4,97.2,34.6,24.7,50,50,100,0,100,33.3,0,100,62.5,15,6,7,85.7,3,3,100,0,0,0,0,2,2,4,1,0,0,0,6,107.1,107.1,0,0,42.9,223.2,-160.7,0,0,0,0,0,0,3,1,33.3,0,2,0,0,2,2,100,2,1,50,3,3,100,0,0,0,0
Loughborough Riders,"J. Campbell, M. Joiner, T. Akinsuku, D. Hadley, M. Joiner",1,98,4,2,5,40,0,2,0,0,1,0,1,2,3,2,0,0,0,1,4,99.2,104.4,94,23.0,25.5,40,36.8,100,25,100,0,20,40,93.8,0,0,3,0,0,1,0,0,0,0,0,3,3,0,0,0,1,1,3,0,0,25,0,33.3,0,93.8,2,1,50,1,1,100,2,0,0,0,0,0,0,1,0,0,1,0,0,1,0,0,0,1,0,0
Loughborough Riders,"J. Campbell, T. Akinsuku, C. Nyarko, D. Hadley, C. Keys",1,120,6,3,6,50,0,2,0,0,0,0,1,0,1,1,2,0,0,1,4,86.4,96,76.8,25.0,31.2,50,50,33.3,33.3,0,0,0,33.3,125,5,2,2,100,1,1,100,0,0,0,0,2,2,0,0,0,2,0,3,125,125,50,0,50,130.2,-5.2,4,3,75,0,0,0,2,0,0,0,0,0,0,0,0,0,1,1,100,1,1,100,1,1,0,0
Loughborough Riders,"J. Campbell, S. Wylie, L. Campbell, M. Joiner, C. Keys",1,91,4,1,2,50,0,0,0,2,3,66.7,0,2,2,2,0,0,1,0,4,129.1,109.4,148.9,21.9,16.1,50,60.2,200,0,100,15.8,150,0,96.5,4,1,3,33.3,0,0,0,2,2,100,0,1,1,2,0,0,2,3,5,33.3,51.5,34,0,0,70.9,25.6,1,1,100,1,0,0,0,0,0,0,0,0,1,3,1,33.3,0,0,0,0,0,0,0,0,0,1
Loughborough Riders,"J. Campbell, M. Joiner, J. Cook, C. Keys, C. Keys",1,160,5,2,4,50,0,1,0,1,2,50,0,2,2,0,1,0,0,0,4,71.1,70.3,72,34.2,33.3,50,51.2,0,0,100,0,50,25,106.7,4,2,4,50,0,1,0,0,0,0,0,2,2,1,0,0,1,3,4,50,50,20,0,25,83.3,23.4,1,1,100,2,1,50,1,0,0,0,0,0,0,1,1,100,2,1,50,1,0,0,1,0,0,0
Loughborough Riders,"J. Campbell, S. Wylie, B. Woog, J. Cook, M. Joiner",1,100,5,2,4,50,0,1,0,1,1,100,0,1,1,1,0,0,0,1,4,90.8,102.3,79.3,23.5,30.3,50,56.3,50,0,100,0,25,25,117.3,3,1,2,50,0,1,0,1,1,100,0,2,2,1,0,0,1,1,3,50,61.5,29.1,0,50,90.8,26.5,1,1,100,2,1,50,1,0,0,0,0,0,0,1,1,100,0,0,0,1,0,0,1,0,0,0
Loughborough Riders,"M. Joiner, L. Ehiorobo, C. Nyarko, L. Campbell, C. Keys",1,158,4,2,5,40,0,1,0,0,0,0,0,2,2,1,0,0,0,1,4,72.9,72.9,72.9,32.9,32.9,40,40,50,0,40,0,0,20,83.3,5,2,7,28.6,1,4,25,0,0,0,3,3,6,2,0,0,1,0,4,35.7,35.7,12.5,60,57.1,104.2,-20.8,2,1,50,2,1,50,1,0,0,0,0,0,0,2,1,50,1,0,0,4,1,25,1,0,0,0
Loughborough Riders,"M. Joiner, L. Ehiorobo, D. Hadley, M. Joiner, C. Keys",1,117,2,1,3,33.3,0,2,0,0,0,0,1,1,2,0,0,0,3,1,4,98.5,98.5,98.5,24.4,24.4,33.3,33.3,0,50,50,50,0,66.7,41.7,10,4,6,66.7,2,3,66.7,0,0,0,1,1,2,2,3,0,0,1,4,83.3,83.3,0,50,50,208.3,-166.7,1,1,100,0,0,0,2,0,0,3,0,0,0,2,2,100,1,0,0,3,2,66.7,0,0,0,0
Loughborough Riders,"M. Joiner, L. Ehiorobo, C. Keys, M. Joiner, C. Keys",2,220,10,4,7,57.1,2,3,66.7,0,0,0,2,2,4,3,0,0,0,3,4,59.3,52.4,66.2,45.8,36.3,71.4,71.4,75,66.7,50,0,0,42.9,208.3,7,2,7,28.6,0,2,0,3,3,100,2,1,3,1,0,0,0,2,6,28.6,42.1,0,50,28.6,115.4,93,4,2,50,0,0,0,3,2,66.7,0,0,0,0,4,2,50,1,0,0,2,0,0,0,0,0,0
Loughborough Riders,"M. Joiner, J. Cook, C. Nyarko, J. Cook, D. Hadley",1,151,9,3,7,42.9,1,2,50,2,2,100,3,1,4,0,1,0,0,0,4,67.7,74.5,61,32.2,39.3,50,57.1,0,75,50,0,28.6,28.6,192.1,3,1,4,25,1,3,33.3,0,0,0,1,1,2,1,0,0,1,1,3,37.5,37.5,20,50,75,78.1,114,5,2,40,0,0,0,2,1,50,0,0,0,0,1,0,0,0,0,0,3,1,33.3,1,0,0,0
Loughborough Riders,"M. Joiner, J. Cook, C. Nyarko, D. Hadley, C. Keys",1,156,4,2,2,100,0,0,0,0,0,0,0,1,1,0,0,1,3,2,4,73.8,73.8,73.8,32.5,32.5,100,100,0,0,100,60,0,0,83.3,5,2,5,40,1,1,100,0,0,0,0,0,0,1,0,0,0,0,4,50,50,0,0,20,104.2,-20.8,1,1,100,1,1,100,0,0,0,1,0,0,1,1,0,0,3,1,33.3,1,1,100,0,0,0,0
Loughborough Riders,"M. Joiner, D. Hadley, J. Cook, T. Akinsuku, C. Keys",1,96,2,1,2,50,0,0,0,0,0,0,0,1,1,1,0,0,3,1,4,108,120,96,20.0,25.0,50,50,100,0,100,50,0,0,41.7,2,1,2,50,0,0,0,0,0,0,0,0,0,1,0,0,2,1,3,50,50,50,0,0,52.1,-10.4,1,0,0,1,1,100,0,0,0,0,1,0,1,1,0,0,1,1,100,0,0,0,0,1,0,1
Loughborough Riders,"S. Wylie, B. Woog, J. Cook, O. Curran, M. Joiner",1,125,8,3,4,75,1,2,50,1,2,50,0,1,1,3,2,0,0,2,4,85.9,89.9,81.8,26.7,29.3,87.5,82,100,0,33.3,0,50,50,170.8,2,1,3,33.3,0,0,0,0,1,0,2,1,3,0,0,0,3,0,4,33.3,29.1,46.6,66.7,0,46.9,123.8,2,2,100,0,0,0,2,1,50,0,0,0,0,2,1,50,1,0,0,0,0,0,2,1,0,0
Loughborough Riders,"J. Cook, C. Nyarko, L. Campbell, D. Hadley, C. Keys",1,96,3,0,1,0,0,0,0,3,4,75,0,1,1,0,1,0,2,2,4,114.2,114.2,114.2,21.0,21.0,0,54.3,0,0,100,42,400,0,65.7,4,0,2,0,0,2,0,4,4,100,0,1,1,0,1,0,1,2,4,0,53.2,21,0,100,87.5,-21.9,1,0,0,0,0,0,0,0,0,1,0,0,1,0,0,0,0,0,0,2,0,0,0,1,0,0
Loughborough Riders,"C. Nyarko, T. Akinsuku, L. Campbell, S. Wylie, D. Hadley",1,130,5,2,4,50,0,1,0,1,2,50,0,2,2,0,0,0,0,1,4,78.7,86.5,70.9,27.7,33.9,50,51.2,0,0,66.7,0,50,25,106.7,4,2,5,40,0,2,0,0,0,0,1,3,4,0,0,0,0,0,3,40,40,0,33.3,40,104.2,2.6,1,1,100,2,1,50,1,0,0,0,0,0,0,3,2,66.7,0,0,0,2,0,0,0,0,0,0
Milton Keynes Breakers,"K. Williams, D. Jackson, B. Baker-Mccann, J. Dietrich, X. Wilson",1,142,3,1,6,16.7,0,5,0,1,1,100,3,1,4,0,0,0,1,1,4,80.2,72,88.3,33.3,27.2,16.7,23.3,0,60,50,13.4,16.7,83.3,70.4,8,3,5,60,1,1,100,1,1,100,1,2,3,2,1,0,1,0,5,70,73.5,15.5,50,20,153.2,-82.8,1,1,100,0,0,0,5,0,0,1,0,0,0,3,1,33.3,1,1,100,1,1,100,0,0,0,1
Milton Keynes Breakers,"K. Williams, D. Jackson, B. Baker-Mccann, M. New Jr., B. Freckleton",1,144,0,0,4,0,0,1,0,0,0,0,0,1,1,0,0,0,1,1,4,79,80,78.1,30.0,30.7,0,0,0,0,33.3,20,0,25,0,8,3,6,50,0,3,0,2,2,100,2,3,5,2,0,0,0,0,4,50,58.1,0,66.7,50,170.8,-170.8,1,0,0,2,0,0,1,0,0,0,1,0,0,3,3,100,0,0,0,3,0,0,0,0,0,0
Milton Keynes Breakers,"K. Williams, D. Jackson, J. Dietrich, M. New Jr., X. Wilson",2,158,6,3,5,60,0,2,0,0,0,0,0,2,2,2,0,0,0,1,4,65.6,72.9,58.3,32.9,41.1,60,60,66.7,0,66.7,0,0,40,125,4,2,5,40,0,2,0,0,0,0,1,1,2,0,0,0,0,1,3,40,40,0,33.3,40,104.2,20.8,3,3,100,0,0,0,2,0,0,0,0,0,0,3,2,66.7,0,0,0,2,0,0,0,0,0,0
Milton Keynes Breakers,"K. Williams, D. Jackson, J. Dietrich, M. New Jr., K. Oates",1,150,6,2,5,40,2,3,66.7,0,0,0,0,1,1,1,0,0,0,1,4,75.9,76.8,75,31.2,32.0,60,60,50,0,100,0,0,60,125,10,3,4,75,2,2,100,2,2,100,0,2,2,3,0,0,0,0,4,100,102.5,0,0,50,213.5,-88.5,1,0,0,1,0,0,3,2,66.7,0,0,0,0,1,1,100,1,0,0,2,2,100,0,0,0,0
Milton Keynes Breakers,"K. Williams, D. Jackson, J. Dietrich, C. Tawiah, C. Thompson",1,141,2,1,5,20,0,1,0,0,2,0,2,2,4,1,1,0,1,2,4,72.6,79.7,65.4,30.1,36.7,20,17,100,40,66.7,12.7,40,20,42.7,2,1,4,25,0,2,0,0,0,0,1,3,4,0,1,0,1,0,3,25,25,20,33.3,50,52.1,-9.4,2,0,0,2,1,50,1,0,0,1,0,0,0,2,1,50,0,0,0,2,0,0,0,1,0,0
Milton Keynes Breakers,"K. Williams, B. Baker-Mccann, M. New Jr., X. Wilson, B. Freckleton",1,130,7,3,5,60,1,1,100,0,0,0,1,1,2,3,1,0,1,0,4,79.8,88.6,70.9,27.1,33.9,70,70,100,50,100,11.1,0,20,145.8,5,2,3,66.7,1,1,100,0,0,0,0,1,1,1,0,1,1,1,3,83.3,83.3,25,0,33.3,130.2,15.6,2,2,100,2,0,0,1,1,100,0,1,0,0,2,1,50,0,0,0,1,1,100,0,1,0,0
Milton Keynes Breakers,"K. Williams, B. Baker-Mccann, J. Spencer, B. Freckleton, C. Thompson",2,159,3,0,3,0,0,2,0,3,5,60,0,2,2,0,0,0,0,0,4,66.7,75.4,58,31.9,41.4,0,28.8,0,0,50,0,166.7,66.7,60.1,5,2,6,33.3,1,2,50,0,0,0,2,4,6,2,0,0,0,1,3,41.7,41.7,0,50,33.3,130.2,-70.1,1,0,0,0,0,0,2,0,0,0,0,1,0,3,1,33.3,1,0,0,2,1,50,0,0,0,0
Milton Keynes Breakers,"D. Jackson, B. Baker-Mccann, J. Dietrich, J. Spencer, C. Thompson",2,125,3,1,5,20,0,2,0,1,1,100,2,0,2,0,0,0,1,0,4,67.5,81.8,53.1,29.3,45.2,20,27.6,0,66.7,0,15.5,20,40,70.4,3,1,2,50,0,0,0,1,2,50,1,1,2,0,1,0,1,1,2,50,52.1,25.8,100,0,108.5,-38.1,1,1,100,2,0,0,2,0,0,1,0,0,0,2,1,50,0,0,0,0,0,0,0,1,0,0
Milton Keynes Breakers,"D. Jackson, J. Dietrich, M. New Jr., X. Wilson, B. Freckleton",1,134,0,0,7,0,0,3,0,0,0,0,2,1,3,0,0,0,0,0,4,68.8,86,51.6,27.9,46.5,0,0,0,40,100,0,0,42.9,0,5,2,3,66.7,1,2,50,0,0,0,0,3,3,2,0,1,0,1,2,83.3,83.3,0,0,66.7,173.6,-173.6,3,0,0,1,0,0,3,0,0,0,0,0,0,1,1,100,0,0,0,2,1,50,0,0,0,0
Milton Keynes Breakers,"D. Jackson, B. Baker-Mccann, L. Gregory, J. Spencer, G. Formeloza",1,129,9,4,5,80,1,1,100,0,0,0,0,2,2,4,0,0,0,1,4,89.3,89.3,89.3,26.9,26.9,90,90,100,0,100,0,0,20,187.5,4,2,5,40,0,2,0,0,0,0,0,1,1,1,0,0,0,1,4,40,40,0,0,40,83.3,104.2,4,3,75,0,0,0,1,1,100,0,0,0,0,2,2,100,1,0,0,2,0,0,0,0,0,0
Milton Keynes Breakers,"M. New Jr., X. Wilson, J. Spencer, K. Oates, G. Formeloza",1,142,7,3,4,75,1,2,50,0,0,0,0,2,2,3,1,0,1,0,4,81.1,81.1,81.1,29.6,29.6,87.5,87.5,100,0,100,12.5,0,50,145.8,5,2,4,50,1,1,100,0,0,0,0,1,1,2,0,0,1,1,4,62.5,62.5,20,0,25,104.2,41.7,0,0,0,2,2,100,2,1,50,0,0,0,1,2,0,0,1,1,100,1,1,100,1,0,0,0
Newcastle Knights,"B. Dean, S. Trunley, J. Thames, J. Soodeen, R. Graham-Bell",1,102,8,3,3,100,0,0,0,2,2,100,0,1,1,3,1,1,1,1,4,111.6,110.2,112.9,21.8,21.2,100,103.1,100,0,100,12.7,66.7,0,170.8,4,2,3,66.7,0,0,0,0,0,0,0,0,0,1,1,0,2,0,4,66.7,66.7,40,0,0,83.3,87.4,3,3,100,0,0,0,0,0,0,1,0,0,0,3,2,66.7,0,0,0,0,0,0,2,0,0,0
Newcastle Knights,"B. Dean, S. Trunley, J. Thames, J. Soodeen, M. Matthews",2,201,0,0,6,0,0,3,0,0,0,0,3,3,6,0,0,0,2,2,4,56.6,57.3,55.9,41.9,42.9,0,0,0,60,60,25,0,50,0,3,1,6,16.7,0,3,0,1,2,50,2,2,4,1,1,0,0,2,4,16.7,21.8,0,40,50,64,-64,2,0,0,1,0,0,3,0,0,1,1,0,0,3,1,33.3,0,0,0,3,0,0,0,0,0,0
Newcastle Knights,"B. Dean, S. Trunley, J. Thames, F. Cork, R. Graham-Bell",1,128,6,2,5,40,1,1,100,1,1,100,2,1,3,1,0,2,1,2,4,65.9,79.9,51.8,30.0,46.3,50,55.1,50,100,50,13.4,20,20,140.8,2,0,3,0,0,0,0,2,2,100,1,0,1,0,0,0,0,0,2,0,25.8,0,50,0,72.3,68.4,4,1,25,0,0,0,1,1,100,1,0,0,0,2,0,0,1,0,0,0,0,0,0,0,0,0
Newcastle Knights,"B. Dean, S. Trunley, J. Thames, R. Graham-Bell, H. Abdul",2,103,2,1,2,50,0,1,0,0,0,0,0,2,2,0,0,0,3,0,4,100.7,111.8,89.5,21.5,26.8,50,50,0,0,100,60,0,50,41.7,4,2,4,50,0,2,0,0,0,0,0,1,1,2,2,0,0,0,3,50,50,0,0,50,104.2,-62.5,1,1,100,0,0,0,1,0,0,1,1,0,1,2,2,100,0,0,0,2,0,0,0,0,0,0
Newcastle Knights,"B. Dean, S. Trunley, J. Thames, R. Graham-Bell, M. Matthews",1,112,0,0,3,0,0,0,0,0,0,0,0,1,1,0,2,1,2,0,4,123.4,102.9,144,23.3,16.7,0,0,0,0,50,40,0,0,0,4,2,5,40,0,1,0,0,0,0,1,3,4,1,1,0,3,1,6,40,40,37.5,50,20,59.5,-59.5,2,0,0,1,0,0,0,0,0,0,2,0,0,4,2,50,0,0,0,1,0,0,2,1,0,0
Newcastle Knights,"B. Dean, S. Trunley, M. Hendry, M. Jones, M. Matthews",1,188,11,4,5,80,1,2,50,2,2,100,1,3,4,0,0,0,0,0,4,59.8,59.8,59.8,40.1,40.1,90,93.5,0,100,75,0,40,40,234.8,5,1,5,20,1,3,33.3,2,2,100,1,0,1,1,0,0,0,1,4,30,42.5,0,25,60,106.7,128.1,3,3,100,0,0,0,2,1,50,0,0,0,0,1,0,0,1,0,0,3,1,33.3,0,0,0,0
Newcastle Knights,"B. Dean, J. Thames, W. Neighbour, M. Matthews, T. Riley",1,114,5,2,5,40,1,2,50,0,0,0,0,2,2,1,0,0,0,2,4,99.8,101.1,98.6,23.8,24.3,50,50,50,0,100,0,0,40,104.2,5,2,4,50,0,2,0,1,2,50,0,3,3,2,0,1,0,1,4,50,51.2,0,0,50,106.7,-2.6,3,1,33.3,0,0,0,2,1,50,0,0,0,0,1,1,100,1,1,100,2,0,0,0,0,0,0
Newcastle Knights,"B. Dean, J. Thames, M. Jones, R. Reed, M. Matthews",1,112,8,4,5,80,0,1,0,0,0,0,0,0,0,1,2,0,0,0,4,102.9,102.9,102.9,23.3,23.3,80,80,25,0,0,0,0,20,166.7,7,3,3,100,1,1,100,0,0,0,0,1,1,2,0,0,2,0,4,116.7,116.7,40,0,33.3,145.8,20.8,2,2,100,2,2,100,1,0,0,0,0,0,0,1,1,100,1,1,100,1,1,100,2,0,0,0
Newcastle Knights,"B. Dean, R. Graham-Bell, R. Reed, S. Angus, M. Matthews",1,148,7,3,7,42.9,1,3,33.3,0,0,0,2,1,3,1,2,0,0,1,4,77.8,77.8,77.8,30.8,30.8,50,50,33.3,66.7,50,0,0,42.9,145.8,2,1,3,33.3,0,1,0,0,0,0,1,1,2,0,0,1,3,1,4,33.3,33.3,50,50,33.3,41.7,104.2,3,1,33.3,1,1,100,3,1,33.3,0,0,0,0,1,1,100,1,0,0,1,0,0,1,1,0,1
Newcastle Knights,"S. Trunley, J. Thames, J. Soodeen, H. Abdul, M. Jones",1,87,3,1,3,33.3,0,1,0,1,2,50,1,2,3,1,1,1,2,3,4,117.6,129.2,105.9,18.6,22.7,33.3,38.7,100,50,100,29.1,66.7,33.3,64,0,0,2,0,0,0,0,0,0,0,0,1,1,0,0,0,2,2,3,0,0,50,0,0,0,64,2,1,50,0,0,0,1,0,0,0,0,0,1,1,0,0,1,0,0,0,0,0,1,1,0,0
Newcastle Knights,"S. Trunley, J. Thames, R. Graham-Bell, M. Hendry, M. Jones",1,140,5,2,5,40,1,1,100,0,0,0,0,2,2,1,0,0,0,1,4,82.3,82.3,82.3,29.2,29.2,50,50,50,0,66.7,0,0,20,104.2,0,0,4,0,0,1,0,0,0,0,1,2,3,0,0,0,2,2,4,0,0,33.3,33.3,25,0,104.2,2,1,50,2,0,0,1,1,100,0,0,0,0,2,0,0,1,0,0,1,0,0,0,0,0,1
Newcastle Knights,"S. Trunley, J. Thames, W. Neighbour, M. Jones, M. Matthews",1,151,5,2,5,40,1,4,25,0,0,0,1,2,3,1,1,0,1,1,4,83.9,76.3,91.5,31.5,26.2,50,50,50,33.3,66.7,14.3,0,80,104.2,7,3,6,50,1,2,50,0,0,0,1,2,3,3,1,0,1,0,5,58.3,58.3,14.3,33.3,33.3,121.5,-17.4,0,0,0,1,1,100,4,1,25,0,1,0,0,3,2,66.7,1,0,0,2,1,50,1,0,0,0
Newcastle Knights,"S. Trunley, J. Soodeen, H. Abdul, S. Angus, M. Matthews",1,94,5,2,3,66.7,0,0,0,1,4,25,1,2,3,3,2,0,1,1,4,105.9,116.7,95.1,20.6,25.2,66.7,52.5,150,50,100,11.4,133.3,0,109.4,1,0,1,0,0,0,0,1,2,50,0,1,1,0,1,0,2,2,3,0,26.6,51.5,0,0,26.8,82.6,3,2,66.7,0,0,0,0,0,0,0,1,0,0,0,0,0,1,0,0,0,0,0,1,1,0,0
Newcastle Knights,"S. Trunley, R. Graham-Bell, H. Abdul, M. Jones, T. Riley",1,118,9,3,5,60,2,3,66.7,1,2,50,1,1,2,1,1,0,0,1,4,114.8,95.3,134.3,25.2,17.9,80,76.5,33.3,50,50,0,40,60,192.1,4,1,4,25,0,1,0,2,2,100,1,1,2,0,0,0,3,2,6,25,41,38.1,50,25,60.6,131.5,1,1,100,1,0,0,3,2,66.7,0,0,0,0,1,1,100,2,0,0,1,0,0,1,0,0,1
Newcastle Knights,"J. Thames, F. Cork, R. Graham-Bell, M. Hendry, M. Matthews",1,152,3,1,2,50,1,2,50,0,0,0,0,1,1,0,0,0,3,0,4,75.8,75.8,75.8,31.7,31.7,75,75,0,0,50,60,0,100,62.5,5,2,6,33.3,1,3,33.3,0,0,0,1,1,2,2,2,0,0,0,4,41.7,41.7,0,50,50,104.2,-41.7,0,0,0,0,0,0,2,1,50,1,2,0,0,3,1,33.3,0,0,0,3,1,33.3,0,0,0,0
Newcastle Knights,"J. Thames, R. Graham-Bell, H. Abdul, M. Jones, M. Matthews",1,149,2,1,3,33.3,0,2,0,0,2,0,0,1,1,1,0,0,1,0,4,83.2,75.5,90.9,31.8,26.4,33.3,25.8,100,0,100,17,66.7,66.7,42.7,9,4,5,80,0,0,0,1,2,50,0,3,3,2,0,0,0,1,5,80,76.5,0,0,0,159.4,-116.7,1,1,100,0,0,0,2,0,0,1,0,0,0,3,3,100,2,1,50,0,0,0,0,0,0,0
Nottingham Hoods,"T. Bonsu, T. Williams, B. Johnson, D. Nixon Ii, S. Akano",1,158,7,3,5,60,1,1,100,0,0,0,0,1,1,2,0,0,0,2,4,75.2,72.9,77.6,32.9,30.9,70,70,66.7,0,100,0,0,20,145.8,10,3,4,75,1,1,100,3,3,100,0,2,2,3,0,0,0,0,5,87.5,94,0,0,25,195.8,-50,3,2,66.7,1,0,0,1,1,100,0,0,0,0,3,2,66.7,0,0,0,1,1,100,0,0,0,0
Nottingham Hoods,"T. Bonsu, T. Williams, L. Maitland, E. Bailey, S. Akano",1,135,4,1,3,33.3,0,1,0,2,2,100,0,0,0,0,1,0,1,1,4,74.8,83.3,66.2,28.8,36.2,33.3,51.5,0,0,0,20.5,66.7,33.3,85.4,7,2,3,66.7,1,1,100,2,2,100,1,1,2,2,1,0,1,1,3,83.3,90.2,20.5,100,33.3,187.9,-102.5,1,1,100,1,0,0,1,0,0,0,1,0,0,1,1,100,1,0,0,1,1,100,1,0,0,0
Nottingham Hoods,"T. Bonsu, A. Adedo, K. Bartholomew, T. Williams, S. Akano",1,169,9,3,4,75,1,1,100,2,2,100,0,1,1,1,1,0,0,0,4,73.3,66.5,80.2,36.1,29.9,87.5,92.2,33.3,0,100,0,50,25,192.1,10,3,4,75,2,3,66.7,2,2,100,0,1,1,3,0,0,1,1,5,100,102.5,17,0,75,177.2,15,3,2,66.7,0,0,0,1,1,100,0,0,0,0,1,1,100,0,0,0,3,2,66.7,0,1,0,0
Nottingham Hoods,"T. Bonsu, K. Bartholomew, K. Bartholomew, T. Williams, M. Savery-Richards",1,152,5,2,6,33.3,1,3,33.3,0,0,0,1,1,2,2,2,0,0,0,4,75.8,75.8,75.8,31.7,31.7,41.7,41.7,100,50,100,0,0,50,104.2,3,1,2,50,1,2,50,0,0,0,0,1,1,0,0,0,3,0,4,75,75,60,0,100,62.5,41.7,3,1,33.3,0,0,0,3,1,33.3,0,0,0,0,0,0,0,0,0,0,2,1,50,1,2,0,0
Nottingham Hoods,"T. Williams, A. Adedo, B. Johnson, K. Bartholomew, A. Sandu-Nelson",1,98,2,1,3,33.3,0,1,0,0,0,0,0,1,1,1,0,0,2,0,4,127.9,117.6,138.2,20.4,17.4,33.3,33.3,100,0,100,33.3,0,33.3,41.7,10,4,5,80,1,2,50,1,2,50,0,2,2,1,0,0,0,0,5,90,85,0,0,40,177.2,-135.5,2,1,50,0,0,0,1,0,0,1,0,0,1,3,3,100,0,0,0,2,1,50,0,0,0,0
Nottingham Hoods,"T. Williams, A. Adedo, K. Bartholomew, E. Bailey, S. Akano",1,154,4,2,6,33.3,0,2,0,0,0,0,1,2,3,0,1,0,0,0,4,73.9,74.8,73,32.1,32.9,33.3,33.3,0,25,40,0,0,33.3,83.3,5,2,6,33.3,1,4,25,0,2,0,3,3,6,2,0,0,1,2,4,41.7,36.3,12.7,60,66.7,106.7,-23.4,3,2,66.7,1,0,0,2,0,0,0,0,0,0,2,1,50,0,0,0,4,1,25,1,0,0,0
Nottingham Hoods,"T. Williams, T. Bonsu, J. Griffith, S. Jamison, K. Bartholomew",1,133,8,3,5,60,0,0,0,2,2,100,2,2,4,1,1,0,1,0,4,85.6,84.5,86.6,28.4,27.7,60,68,33.3,100,66.7,12.7,40,0,170.8,2,1,5,20,0,1,0,0,0,0,1,0,1,0,1,0,1,1,4,20,20,16.7,33.3,20,41.7,129.1,5,3,60,0,0,0,0,0,0,1,0,0,0,4,1,25,0,0,0,1,0,0,1,0,0,0
Nottingham Hoods,"T. Williams, T. Bonsu, B. Johnson, K. Bartholomew, A. Sandu-Nelson",1,101,4,2,4,50,0,0,0,0,0,0,0,0,0,1,1,0,1,1,4,112.7,114.1,111.3,21.0,21.6,50,50,50,0,0,16.7,0,0,83.3,6,2,3,66.7,0,0,0,2,2,100,1,1,2,0,0,0,2,1,4,66.7,77.3,34,100,0,128.1,-44.7,1,1,100,3,1,33.3,0,0,0,1,0,0,1,2,2,100,1,0,0,0,0,0,1,1,0,0
Nottingham Hoods,"T. Williams, T. Bonsu, B. Johnson, A. Sandu-Nelson, S. Akano",1,107,8,3,4,75,0,1,0,2,2,100,0,1,1,2,1,0,0,0,4,95.6,105.1,86.1,22.8,27.9,75,82,66.7,0,50,0,50,25,170.8,4,2,4,50,0,2,0,0,0,0,1,1,2,0,0,0,1,1,3,50,50,20,50,50,104.2,66.6,2,2,100,1,1,100,1,0,0,0,0,0,0,2,2,100,0,0,0,2,0,0,0,1,0,0
Nottingham Hoods,"T. Williams, J. Griffith, B. Johnson, D. Nixon Ii, A. Sandu-Nelson",1,175,3,1,5,20,1,2,50,0,0,0,0,3,3,1,0,0,0,1,4,72.4,65.8,79,36.5,30.4,30,30,100,0,100,0,0,40,62.5,7,3,6,50,1,4,25,0,0,0,0,4,4,3,0,0,0,0,5,58.3,58.3,0,0,66.7,121.5,-59,3,0,0,0,0,0,2,1,50,0,0,1,0,2,2,100,0,0,0,4,1,25,0,0,0,0
Nottingham Hoods,"A. Adedo, S. Jamison, K. Bartholomew, K. Bartholomew, C. Ross",1,118,3,1,5,20,1,4,25,0,0,0,1,0,1,1,0,0,1,1,4,86.7,97.6,75.8,24.6,31.7,30,30,100,25,0,14.3,0,80,62.5,7,3,3,100,0,0,0,1,2,50,0,3,3,1,0,0,0,0,3,100,90.2,0,0,0,187.9,-125.4,0,0,0,1,0,0,4,1,25,0,0,0,1,3,3,100,0,0,0,0,0,0,0,0,0,0
Nottingham Hoods,"A. Adedo, D. Nixon Ii, K. Bartholomew, T. Williams, M. Savery-Richards",1,187,7,3,6,50,1,1,100,0,0,0,1,1,2,1,0,0,0,1,4,60.9,61.6,60.1,39.0,39.9,58.3,58.3,33.3,33.3,50,0,0,16.7,145.8,7,3,5,60,0,1,0,1,2,50,1,2,3,3,0,0,0,0,4,60,59.5,0,50,20,149.4,-3.6,3,2,66.7,2,0,0,1,1,100,0,0,0,0,3,3,100,1,0,0,1,0,0,0,0,1,0
Nottingham Hoods,"A. Adedo, D. Nixon Ii, K. Bartholomew, S. Akano, M. Savery-Richards",2,148,6,3,6,50,0,2,0,0,0,0,1,1,2,0,1,0,0,0,4,76.9,77.8,76,30.8,31.6,50,50,0,33.3,50,0,0,33.3,125,9,3,4,75,2,3,66.7,1,2,50,1,2,3,2,0,0,1,1,4,100,92.2,17,50,75,192.1,-67.1,3,2,66.7,1,1,100,2,0,0,0,0,0,0,1,1,100,0,0,0,3,2,66.7,0,1,0,0
Nottingham Hoods,"A. Adedo, K. Bartholomew, A. Sandu-Nelson, S. Akano, M. Savery-Richards",1,58,4,2,3,66.7,0,0,0,0,0,0,0,1,1,2,0,0,2,2,4,205,198.6,211.3,12.1,11.4,66.7,66.7,100,0,100,28.6,0,0,83.3,7,2,3,66.7,0,0,0,3,3,100,0,1,1,1,2,1,1,0,5,66.7,81,18.8,0,0,137.1,-53.7,3,2,66.7,0,0,0,0,0,0,1,1,0,0,2,1,50,1,1,100,0,0,0,0,1,0,0
Nottingham Hoods,"A. Adedo, E. Bailey, S. Akano, M. Savery-Richards, C. Ross",1,134,6,2,4,50,2,2,100,0,2,0,1,1,2,1,0,0,1,3,4,87.7,83.9,91.5,28.6,26.2,75,61.5,50,33.3,100,14.5,50,50,128.1,4,1,3,33.3,0,2,0,2,3,66.7,0,2,2,0,0,0,1,4,5,33.3,46.3,18.8,0,66.7,78.3,49.8,1,0,0,1,0,0,2,2,100,0,0,0,1,1,1,100,0,0,0,2,0,0,0,0,1,1
Nottingham Hoods,"T. Bonsu, B. Johnson, L. Maitland, D. Nixon Ii, E. Bailey",1,114,4,1,4,25,0,1,0,2,2,100,0,0,0,0,1,0,0,1,4,109.9,98.6,121.3,24.3,19.8,25,41,0,0,0,0,50,25,85.4,4,2,3,66.7,0,1,0,0,0,0,0,2,2,1,0,0,3,3,5,66.7,66.7,50,0,33.3,69.4,15.9,1,1,100,2,0,0,1,0,0,0,0,1,0,2,2,100,0,0,0,1,0,0,0,1,0,1
Nottingham Hoods,"S. Jamison, K. Bartholomew, A. Sandu-Nelson, E. Bailey, M. Savery-Richards",1,127,2,1,4,25,0,2,0,0,2,0,1,2,3,0,1,0,1,0,4,80.5,88.5,72.6,27.1,33.1,25,20.5,0,25,66.7,17,50,50,42.7,3,1,4,25,1,3,33.3,0,0,0,1,3,4,1,0,0,1,0,3,37.5,37.5,20,33.3,75,78.1,-35.4,2,1,50,0,0,0,2,0,0,0,1,0,0,1,0,0,0,0,0,3,1,33.3,0,1,0,0
Nottingham Hoods,"B. Johnson, L. Maitland, K. Bartholomew, A. Sandu-Nelson, S. Akano",1,133,3,1,3,33.3,1,1,100,0,1,0,0,2,2,1,0,1,1,0,4,72.1,76.9,67.2,31.2,35.7,50,43.6,100,0,50,18.4,33.3,33.3,70.4,4,2,5,40,0,1,0,0,2,0,2,2,4,1,1,0,0,1,3,40,34,0,50,20,107.4,-37,1,0,0,1,0,0,1,1,100,1,0,0,0,2,2,100,2,0,0,1,0,0,0,0,0,0
Nottingham Hoods,"B. Johnson, D. Nixon Ii, A. Sandu-Nelson, E. Bailey, M. Savery-Richards",1,137,0,0,4,0,0,2,0,0,0,0,1,1,2,0,1,0,2,0,4,100.9,84.1,117.7,28.5,20.4,0,0,0,50,100,33.3,0,50,0,7,3,6,50,1,3,33.3,0,0,0,0,1,1,2,1,0,1,3,6,58.3,58.3,14.3,0,50,104.2,-104.2,1,0,0,1,0,0,2,0,0,1,1,1,0,2,2,100,1,0,0,3,1,33.3,0,1,0,0
Nottingham Hoods,"K. Bartholomew, K. Bartholomew, T. Williams, E. Bailey, S. Akano",2,141,2,1,5,20,0,2,0,0,1,0,1,1,2,0,0,0,0,0,4,77.1,72.6,81.7,33.1,29.4,20,18.4,0,20,100,0,20,40,46.9,9,4,5,80,1,2,50,0,0,0,0,4,4,2,0,0,0,2,4,90,90,0,0,40,187.5,-140.6,3,1,33.3,0,0,0,2,0,0,0,0,0,0,2,2,100,1,1,100,2,1,50,0,0,0,0
Reading Rockets,"M. Bryant, T. Nsangu, L. Sayles, Y. Salih, Z. Poorman",2,169,2,1,5,20,0,3,0,0,0,0,0,3,3,0,2,0,0,2,4,81,68.2,93.8,35.2,25.6,20,20,0,0,100,0,0,60,41.7,3,1,4,25,0,3,0,1,2,50,0,3,3,2,0,0,2,1,6,25,30.7,29.1,0,75,45.4,-3.8,2,1,50,0,0,0,3,0,0,0,0,0,0,0,0,0,1,1,100,3,0,0,0,2,0,0
Reading Rockets,"M. Bryant, T. Nsangu, J. Bouknight, Z. Poorman, S. Chamberlain",2,137,5,2,4,50,1,3,33.3,0,0,0,1,0,1,1,0,0,2,3,4,81.1,84.1,78,28.5,30.8,62.5,62.5,50,50,0,28.6,0,75,104.2,6,0,2,0,0,1,0,6,6,100,2,1,3,1,2,0,2,0,4,0,64.7,30.1,100,50,134.7,-30.5,1,1,100,0,0,0,3,1,33.3,1,1,0,0,0,0,0,1,0,0,1,0,0,0,1,0,1
Reading Rockets,"M. Bryant, L. Sayles, C. Creek, J. Bouknight, Z. Poorman",2,120,4,1,3,33.3,0,2,0,2,3,66.7,0,2,2,1,1,0,0,2,4,82.9,82.9,82.9,28.9,28.9,33.3,46.3,100,0,100,0,100,66.7,96.5,5,2,2,100,0,0,0,1,3,33.3,0,2,2,1,0,0,1,2,4,100,75.3,23.1,0,0,120.6,-24.1,1,1,100,0,0,0,2,0,0,0,0,0,0,1,1,100,1,1,100,0,0,0,1,0,0,0
Reading Rockets,"M. Bryant, L. Sayles, C. Creek, J. Bouknight, S. Chamberlain",1,95,8,3,5,60,1,2,50,1,1,100,1,2,3,1,1,0,0,0,4,95.6,107.7,83.4,22.3,28.8,70,73.5,33.3,50,100,0,20,40,187.7,1,0,2,0,0,2,0,1,1,100,0,1,1,0,0,0,1,1,3,0,20.5,29.1,0,100,30.3,157.4,2,2,100,1,0,0,2,1,50,0,0,0,0,0,0,0,0,0,0,2,0,0,0,1,0,0
Reading Rockets,"M. Bryant, L. Sayles, Y. Salih, Z. Poorman, S. Chamberlain",2,137,5,2,4,50,1,2,50,0,0,0,0,0,0,1,2,0,1,2,4,84.1,84.1,84.1,28.5,28.5,62.5,62.5,50,0,0,16.7,0,50,104.2,8,3,4,75,2,2,100,0,0,0,1,2,3,2,1,0,2,0,4,100,100,33.3,100,50,166.7,-62.5,2,1,50,0,0,0,2,1,50,1,0,0,0,1,1,100,1,0,0,2,2,100,1,1,0,0
Reading Rockets,"T. Nsangu, L. Sayles, C. Creek, Y. Salih, V. Olarerin",1,185,8,3,4,75,0,0,0,2,2,100,0,2,2,0,0,0,0,0,4,61.5,60.8,62.3,39.5,38.5,75,82,0,0,50,0,50,0,170.8,6,2,7,28.6,2,3,66.7,0,0,0,2,1,3,2,0,0,0,0,4,42.9,42.9,0,50,42.9,125,45.8,0,0,0,4,3,75,0,0,0,0,0,0,0,3,0,0,1,0,0,3,2,66.7,0,0,0,0
Reading Rockets,"L. Sayles, J. Bouknight, Z. Poorman, V. Olarerin, S. Chamberlain",1,213,11,4,5,80,3,4,75,0,0,0,0,1,1,4,1,0,0,1,4,59.5,54.1,64.9,44.4,37.0,110,110,100,0,33.3,0,0,80,229.2,5,2,6,33.3,1,2,50,0,0,0,2,1,3,0,0,0,2,0,5,41.7,41.7,25,66.7,33.3,86.8,142.4,1,1,100,0,0,0,4,3,75,0,0,0,0,4,1,25,0,0,0,2,1,50,0,1,0,1
Worthing Thunder,"D. Evans, M. Bryan-Amaning, J. Hopkins, E. Maynard, A. Price",2,114,6,2,5,40,2,3,66.7,0,0,0,0,1,1,2,1,0,0,0,4,80.8,101.1,60.6,23.8,39.6,60,60,100,0,50,0,0,60,125,0,0,2,0,0,2,0,0,0,0,1,1,2,0,0,0,2,0,2,0,0,50,50,100,0,125,1,0,0,1,0,0,3,2,66.7,0,0,0,0,0,0,0,0,0,0,2,0,0,0,1,0,1
Worthing Thunder,"D. Evans, M. Bryan-Amaning, J. Hopkins, T. Mcindoe, B. Adeluola",1,141,6,2,4,50,2,4,50,0,0,0,0,3,3,1,0,0,1,1,4,80.7,81.7,79.7,29.4,30.1,75,75,50,0,60,16.7,0,100,125,4,2,6,33.3,0,0,0,0,2,0,2,2,4,1,0,0,0,0,4,33.3,29.1,0,40,0,85.4,39.6,0,0,0,0,0,0,4,2,50,1,0,0,0,5,2,40,1,0,0,0,0,0,0,0,0,0
Worthing Thunder,"D. Evans, M. Bryan-Amaning, J. Hopkins, E. Dadds, A. Price",1,123,6,2,4,50,0,1,0,2,2,100,1,2,3,0,0,0,1,1,4,92.5,91.4,93.7,26.3,25.6,50,61.5,0,50,100,17,50,25,128.1,2,1,5,20,0,1,0,0,0,0,0,1,1,0,1,0,0,1,4,20,20,0,0,20,41.7,86.4,3,2,66.7,0,0,0,1,0,0,0,1,0,0,1,1,100,3,0,0,1,0,0,0,0,0,0
Worthing Thunder,"D. Evans, J. Hopkins, E. Maynard, B. Adeluola, B. Lomeka",1,73,0,0,1,0,0,1,0,0,0,0,0,0,0,0,0,0,4,3,4,108.6,157.8,59.3,15.2,40.4,0,0,0,0,0,80,0,100,0,5,1,3,33.3,1,1,100,2,2,100,2,1,3,1,0,0,0,0,1,50,64.4,0,100,33.3,277,-277,0,0,0,0,0,0,1,0,0,0,0,0,2,2,0,0,0,0,0,1,1,100,0,0,0,0
Worthing Thunder,"D. Evans, J. Hopkins, T. Mcindoe, B. Adeluola, B. Lomeka",1,160,2,1,5,20,0,2,0,0,0,0,0,2,2,1,1,0,0,1,4,64.8,72,57.6,33.3,41.7,20,20,100,0,100,0,0,40,41.7,0,0,3,0,0,1,0,0,0,0,0,2,2,0,0,0,1,0,3,0,0,25,0,33.3,0,41.7,2,1,50,1,0,0,2,0,0,0,0,0,0,0,0,0,2,0,0,1,0,0,1,0,1,0
Worthing Thunder,"D. Evans, E. Maynard, T. Mcindoe, B. Adeluola, E. Dadds",1,116,5,2,4,50,1,2,50,0,1,0,1,1,2,1,2,0,1,1,4,82.6,88.2,77.1,27.2,31.1,62.5,56.3,50,50,100,15.5,25,50,117.3,2,0,1,0,0,1,0,2,2,100,0,1,1,0,1,0,2,1,3,0,53.2,51.5,0,100,53.7,63.6,1,1,100,1,0,0,2,1,50,0,1,0,0,0,0,0,0,0,0,1,0,0,2,0,0,0
Worthing Thunder,"D. Evans, E. Maynard, E. Dadds, A. Price, B. Lomeka",1,61,5,1,1,100,0,0,0,3,4,75,0,3,3,1,0,0,2,1,4,163.2,179.8,146.5,13.3,16.4,100,90.6,100,0,75,34.7,400,0,109.4,1,0,4,0,0,1,0,1,2,50,1,0,1,0,2,0,0,2,3,0,10.2,0,25,25,26.8,82.6,1,1,100,0,0,0,0,0,0,1,1,0,0,2,0,0,1,0,0,1,0,0,0,0,0,0
Worthing Thunder,"M. Bryan-Amaning, E. Maynard, J. Lashley, B. Adeluola, E. Dadds",2,149,0,0,6,0,0,2,0,0,0,0,1,1,2,0,2,0,0,0,4,69.6,77.3,61.9,31.0,38.8,0,0,0,25,100,0,0,33.3,0,3,1,2,50,1,2,50,0,0,0,0,3,3,1,0,0,2,0,3,75,75,50,0,100,78.1,-78.1,1,0,0,3,0,0,2,0,0,0,0,0,0,0,0,0,0,0,0,2,1,50,2,0,0,0
Yorkshire Dragons,"R. Ani, D. Ulph, E. Brownell, A. Lycoudis, N. Lewis",1,173,6,2,5,40,2,5,40,0,0,0,0,2,2,1,0,0,0,2,4,59.1,66.6,51.7,36.0,46.4,60,60,50,0,66.7,0,0,100,125,4,1,4,25,0,2,0,2,2,100,1,3,4,2,0,0,0,1,3,25,41,0,33.3,50,107.4,17.6,0,0,0,0,0,0,5,2,40,0,0,0,0,2,1,50,0,0,0,2,0,0,0,0,0,0
Yorkshire Dragons,"R. Ani, D. Ulph, J. Whelan, J. Jefferson, C. Johnson",1,146,5,2,5,40,1,1,100,0,2,0,1,2,3,0,1,0,0,1,4,78,77,78.9,31.2,30.4,50,42.5,0,25,66.7,0,40,20,106.7,6,2,5,40,2,5,40,0,0,0,1,3,4,1,0,1,1,1,4,60,60,16.7,33.3,100,125,-18.3,3,0,0,1,1,100,1,1,100,0,0,0,0,0,0,0,0,0,0,5,2,40,1,0,0,0
Yorkshire Dragons,"R. Ani, D. Ulph, L. Rooney, A. Lycoudis, N. Lewis",1,137,10,4,4,100,2,2,100,0,0,0,0,1,1,3,1,1,1,0,4,91.5,84.1,98.9,28.5,24.3,125,125,75,0,100,12.5,0,50,208.3,8,3,4,75,0,0,0,2,2,100,0,0,0,2,1,0,1,1,5,75,82,17,0,0,141.7,66.6,2,2,100,0,0,0,2,2,100,0,1,0,0,4,3,75,0,0,0,0,0,0,1,0,0,0
Yorkshire Dragons,"R. Ani, B. Tew, E. Brownell, J. Mielke, N. Lewis",1,88,4,0,2,0,0,2,0,4,4,100,0,1,1,0,0,0,1,2,4,111.5,124.6,98.4,19.3,24.4,0,53.2,0,0,100,21,200,100,87.5,3,0,1,0,0,0,0,3,4,75,0,1,1,0,1,0,1,1,3,0,54.3,26.6,0,0,83.1,4.4,0,0,0,0,0,0,2,0,0,0,1,0,0,1,0,0,0,0,0,0,0,0,0,0,0,1
Yorkshire Dragons,"R. Ani, B. Tew, J. Whelan, J. Mielke, C. Johnson",1,153,4,1,4,25,0,2,0,2,2,100,0,3,3,0,0,1,0,2,4,86.7,73.5,100,32.7,24.0,25,41,0,0,50,0,50,50,85.4,4,0,5,0,0,3,0,4,6,66.7,3,2,5,0,0,0,2,2,6,0,26.2,20.7,50,60,62.8,22.6,0,0,0,2,1,50,2,0,0,0,0,0,0,1,0,0,1,0,0,3,0,0,0,0,0,1
Yorkshire Dragons,"R. Ani, B. Tew, J. Whelan, J. Mielke, C. Johnson",1,178,5,2,4,50,1,3,33.3,0,0,0,1,0,1,1,1,0,2,1,4,70.4,64.7,76.1,37.1,31.5,62.5,62.5,50,50,0,28.6,0,75,104.2,8,3,3,100,1,1,100,1,2,50,0,1,1,3,2,0,2,0,5,116.7,103.1,34,0,33.3,141.7,-37.6,1,1,100,0,0,0,3,1,33.3,1,1,0,0,2,2,100,0,0,0,1,1,100,0,2,0,0
Yorkshire Dragons,"R. Ani, B. Tew, J. Whelan, C. Johnson, N. Lewis",2,122,2,1,5,20,0,4,0,0,0,0,0,0,0,0,2,0,0,2,4,93.3,94.4,92.2,25.4,26.0,20,20,0,0,0,0,0,80,41.7,7,2,2,100,1,1,100,2,2,100,0,3,3,2,0,0,2,0,4,125,121.5,41,0,50,149.4,-107.8,1,1,100,0,0,0,4,0,0,0,0,0,0,1,1,100,0,0,0,1,1,100,0,2,0,0
Yorkshire Dragons,"D. Ulph, E. Brownell, J. Mielke, A. Lycoudis, N. Lewis",1,94,6,2,4,50,0,0,0,2,2,100,0,1,1,0,0,0,0,0,4,108.8,119.6,98,20.1,24.5,50,61.5,0,0,100,0,50,0,128.1,4,2,3,66.7,0,1,0,0,0,0,0,1,1,2,0,1,1,1,3,66.7,66.7,25,0,33.3,104.2,23.9,3,2,66.7,1,0,0,0,0,0,0,0,0,0,2,2,100,0,0,0,1,0,0,0,1,0,0
Yorkshire Dragons,"D. Ulph, J. Whelan, L. Rooney, A. Lycoudis, N. Lewis",1,170,6,2,5,40,0,1,0,2,2,100,1,3,4,1,0,2,0,1,4,83.5,66.1,100.8,36.3,23.8,40,51,50,33.3,60,0,40,20,128.1,3,1,8,12.5,0,3,0,1,1,100,2,2,4,1,0,0,1,1,7,12.5,17.8,10.6,40,37.5,42,86.1,4,2,50,0,0,0,1,0,0,0,0,0,0,3,1,33.3,2,0,0,3,0,0,0,0,0,1
Yorkshire Dragons,"D. Ulph, L. Rooney, J. Mielke, A. Lycoudis, N. Lewis",2,110,3,1,2,50,0,1,0,1,1,100,0,0,0,0,0,0,2,1,4,88.4,93,83.8,25.8,28.6,50,61.5,0,0,0,45,50,50,70.4,7,3,4,75,1,1,100,0,0,0,1,1,2,2,2,0,1,1,3,87.5,87.5,20,100,25,182.3,-111.9,1,1,100,0,0,0,1,0,0,2,0,0,0,3,2,66.7,0,0,0,1,1,100,1,0,0,0
Yorkshire Dragons,"B. Tew, J. Whelan, J. Mielke, C. Johnson, N. Lewis",2,171,8,4,5,80,0,0,0,0,0,0,0,1,1,2,3,1,0,3,4,80,67.4,92.7,35.6,25.9,80,80,50,0,50,0,0,0,166.7,5,1,4,25,1,2,50,2,2,100,1,1,2,1,0,0,3,1,6,37.5,51.2,38.1,50,50,75.7,91,4,4,100,1,0,0,0,0,0,0,0,0,0,2,0,0,0,0,0,2,1,50,1,2,0,0
Yorkshire Dragons,"J. Whelan, L. Rooney, J. Jefferson, J. Mielke, C. Johnson",1,110,7,2,5,40,1,3,33.3,2,2,100,1,2,3,1,0,0,0,0,4,82.5,102.2,62.8,23.5,38.2,50,59.5,50,50,66.7,0,40,60,149.4,2,1,4,25,0,2,0,0,0,0,1,1,2,0,0,0,0,1,2,25,25,0,33.3,50,69.4,80,2,1,50,0,0,0,3,1,33.3,0,0,0,0,0,0,0,2,1,50,2,0,0,0,0,0,0
Birmingham Rockets,"R. Blain, O. Jackman, Z. Powell, L. Okosieme, E. Donaldson",2,168,2,1,4,25,0,1,0,0,0,0,0,1,1,1,0,0,0,0,3,71.6,54.9,88.3,43.8,27.2,25,25,100,0,100,0,0,25,52.1,6,2,3,66.7,1,2,50,1,1,100,0,3,3,1,0,2,3,0,6,83.3,87.2,46.6,0,66.7,97,-45,3,1,33.3,0,0,0,1,0,0,0,0,0,0,1,1,100,0,0,0,2,1,50,1,1,0,1
Birmingham Rockets,"R. Blain, O. Jackman, L. Okosieme, E. Donaldson, M. Gayle",2,136,4,2,3,66.7,0,1,0,0,0,0,0,2,2,0,2,0,1,0,3,84.7,67.8,101.6,35.4,23.6,66.7,66.7,0,0,66.7,25,0,33.3,104.2,3,1,4,25,1,3,33.3,0,0,0,1,1,2,1,1,0,3,1,5,37.5,37.5,42.9,33.3,75,52.1,52.1,2,2,100,0,0,0,1,0,0,1,0,0,0,0,0,0,1,0,0,3,1,33.3,1,2,0,0
Birmingham Rockets,"P. Basioudis, T. Grayling, L. Duru, L. Okosieme, F. Mughaal",1,88,3,1,5,20,0,2,0,1,2,50,2,3,5,1,0,0,0,2,3,101.6,101.6,101.6,23.6,23.6,20,25.5,100,50,75,0,40,40,80.5,2,0,4,0,0,4,0,2,2,100,1,2,3,0,0,0,0,1,3,0,20.5,0,25,100,53.7,26.8,3,1,33.3,0,0,0,2,0,0,0,0,0,0,0,0,0,0,0,0,4,0,0,0,0,0,0
Birmingham Rockets,"T. Grayling, L. Duru, E. Donaldson, L. Mcgregor, F. Mughaal",1,99,3,1,3,33.3,1,2,50,0,0,0,1,3,4,1,0,0,2,0,3,93.1,93.1,93.1,25.8,25.8,50,50,100,100,100,33.3,0,66.7,78.1,2,1,4,25,0,2,0,0,0,0,0,0,0,0,2,0,0,1,3,25,25,0,0,50,52.1,26,0,0,0,1,0,0,2,1,50,1,1,0,0,1,1,100,1,0,0,2,0,0,0,0,0,0
Birmingham Rockets,"T. Grayling, L. Duru, E. Donaldson, L. Mcgregor, M. Gayle",1,102,2,1,5,20,0,3,0,0,0,0,1,1,2,0,1,0,0,0,3,90.4,90.4,90.4,26.6,26.6,20,20,0,25,100,0,0,60,52.1,4,2,3,66.7,0,0,0,0,0,0,0,3,3,0,0,0,1,1,3,66.7,66.7,25,0,0,104.2,-52.1,1,0,0,1,1,100,3,0,0,0,0,0,0,2,2,100,1,0,0,0,0,0,1,0,0,0
Birmingham Rockets,"O. Jackman, Z. Powell, L. Duru, E. Donaldson, M. Gayle",1,110,7,2,3,66.7,0,0,0,3,4,75,1,2,3,1,0,0,0,1,3,60.3,78.8,41.9,30.5,57.3,66.7,73.5,50,50,100,0,133.3,0,193.9,0,0,2,0,0,2,0,0,0,0,0,1,1,0,0,0,0,1,1,0,0,0,0,100,0,193.9,3,2,66.7,0,0,0,0,0,0,0,0,0,0,0,0,0,0,0,0,2,0,0,0,0,0,0
Birmingham Rockets,"O. Jackman, L. Duru, L. Mcgregor, F. Mughaal, M. Gayle",1,93,3,1,1,100,1,1,100,0,0,0,0,1,1,1,0,0,3,0,3,86.7,99.1,74.3,24.2,32.3,150,150,100,0,100,60,0,100,78.1,5,2,3,66.7,1,1,100,0,0,0,0,0,0,1,1,0,0,0,2,83.3,83.3,0,0,33.3,173.6,-95.5,0,0,0,0,0,0,1,1,100,1,2,0,0,1,1,100,1,0,0,1,1,100,0,0,0,0
Birmingham Rockets,"O. Jackman, E. Donaldson, A. Mutothori, L. Mcgregor, F. Mughaal",1,74,2,0,1,0,0,0,0,2,3,66.7,0,1,1,0,1,0,1,0,3,98.4,103.4,93.4,23.2,25.7,0,43.1,0,0,33.3,30.1,300,0,62.8,2,1,4,25,0,2,0,0,0,0,2,2,4,0,0,0,1,1,2,25,25,20,66.7,50,69.4,-6.7,1,0,0,0,0,0,0,0,0,1,0,0,0,2,1,50,0,0,0,2,0,0,1,0,0,0
Bristol Flyers II,"Y. Hafid, L. Ayinla, R. Price, R. Eigbe, W. Simba",1,107,2,1,5,20,0,2,0,0,0,0,1,0,1,0,1,0,0,0,3,75.4,86.1,64.6,27.9,37.2,20,20,0,25,0,0,0,40,52.1,4,2,2,100,0,0,0,0,0,0,0,3,3,0,0,0,1,0,2,100,100,33.3,0,0,138.9,-86.8,3,1,33.3,0,0,0,2,0,0,0,0,0,0,1,1,100,1,1,100,0,0,0,0,1,0,0
Bristol Flyers II,"Y. Hafid, L. Ayinla, R. Price, R. Eigbe, R. Bawden",1,120,0,0,2,0,0,2,0,0,0,0,0,1,1,0,0,0,2,0,3,76.8,76.8,76.8,31.2,31.2,0,0,0,0,100,50,0,100,0,6,3,4,75,0,0,0,0,0,0,0,2,2,1,2,0,0,0,3,75,75,0,0,0,156.2,-156.2,0,0,0,0,0,0,2,0,0,0,2,0,0,3,2,66.7,1,1,100,0,0,0,0,0,0,0
Bristol Flyers II,"Y. Hafid, L. Ayinla, R. Price, Z. Riabi, T. Browne",1,109,0,0,3,0,0,2,0,0,0,0,1,1,2,0,0,0,2,1,3,84.6,84.6,84.6,28.4,28.4,0,0,0,33.3,100,40,0,66.7,0,2,1,3,33.3,0,1,0,0,0,0,0,2,2,0,2,0,1,0,3,33.3,33.3,25,0,33.3,52.1,-52.1,1,0,0,0,0,0,2,0,0,2,0,1,0,2,1,50,0,0,0,1,0,0,0,1,0,0
Bristol Flyers II,"Y. Hafid, L. Ayinla, R. Price, N. Ladjimi, E. Ekwegh",1,104,2,1,5,20,0,2,0,0,0,0,1,1,2,0,0,0,0,1,3,77.5,88.6,66.5,27.1,36.1,20,20,0,25,100,0,0,40,52.1,6,2,3,66.7,2,2,100,0,0,0,0,3,3,2,0,1,0,0,2,100,100,0,0,66.7,208.3,-156.2,2,0,0,1,1,100,2,0,0,0,0,0,0,1,0,0,0,0,0,2,2,100,0,0,0,0
Bristol Flyers II,"Y. Hafid, L. Ayinla, J. Craggs, N. Sagkovits, T. Browne",2,121,2,1,3,33.3,0,1,0,0,0,0,0,1,1,1,1,0,1,0,3,76.2,76.2,76.2,31.5,31.5,33.3,33.3,100,0,50,20,0,33.3,52.1,2,1,3,33.3,0,1,0,0,0,0,1,2,3,0,1,0,2,1,3,33.3,33.3,40,50,33.3,52.1,0,2,1,50,0,0,0,1,0,0,0,1,0,0,1,0,0,1,1,100,1,0,0,1,0,0,1
Bristol Flyers II,"Y. Hafid, L. Ayinla, R. Eigbe, T. Browne, R. Bawden",1,78,2,1,2,50,0,1,0,0,0,0,0,0,0,0,1,0,2,0,3,132.9,118.2,147.7,20.3,16.2,50,50,0,0,0,50,0,50,52.1,4,2,2,100,0,0,0,0,0,0,0,1,1,1,2,0,3,1,4,100,100,60,0,0,83.3,-31.3,1,1,100,0,0,0,1,0,0,1,1,0,0,2,2,100,0,0,0,0,0,0,1,0,0,1
Bristol Flyers II,"Y. Hafid, L. Ayinla, N. Sagkovits, N. Ladjimi, E. Ekwegh",1,107,1,0,3,0,0,0,0,1,2,50,1,0,1,0,0,0,1,1,3,74.1,83.5,64.6,28.7,37.2,0,12.9,0,33.3,0,20.5,66.7,0,26.8,9,3,3,100,3,3,100,0,0,0,0,2,2,3,1,0,0,2,2,150,150,0,0,100,312.5,-285.7,1,0,0,2,0,0,0,0,0,0,1,0,0,0,0,0,0,0,0,3,3,100,0,0,0,0
Bristol Flyers II,"Y. Hafid, L. Ayinla, N. Sagkovits, N. Ladjimi, R. Bawden",2,121,0,0,3,0,0,1,0,0,0,0,0,2,2,0,0,0,1,0,3,85.7,76.2,95.2,31.5,25.2,0,0,0,0,50,25,0,33.3,0,6,3,7,42.9,0,2,0,0,0,0,2,3,5,2,1,0,0,0,4,42.9,42.9,0,50,28.6,125,-125,2,0,0,0,0,0,1,0,0,1,0,0,0,5,3,60,0,0,0,2,0,0,0,0,0,0
Bristol Flyers II,"Y. Hafid, L. Ayinla, N. Sagkovits, W. Simba, T. Browne",1,92,2,1,1,100,0,0,0,0,0,0,0,2,2,0,0,0,3,0,3,87.7,100.2,75.1,24.0,31.9,100,100,0,0,100,75,0,0,52.1,2,1,3,33.3,0,1,0,0,0,0,0,0,0,0,2,0,0,0,2,33.3,33.3,0,0,33.3,69.4,-17.4,1,1,100,0,0,0,0,0,0,1,2,0,0,2,1,50,0,0,0,1,0,0,0,0,0,0
Bristol Flyers II,"Y. Hafid, L. Ayinla, N. Sagkovits, E. Ekwegh, R. Bawden",1,43,0,0,1,0,0,0,0,0,0,0,0,0,0,0,0,0,3,1,3,160.7,214.3,107.2,11.2,22.4,0,0,0,0,0,75,0,0,0,5,2,2,100,1,1,100,0,0,0,0,1,1,2,1,1,0,0,1,125,125,0,0,50,260.4,-260.4,1,0,0,0,0,0,0,0,0,1,0,0,1,1,1,100,0,0,0,1,1,100,0,0,0,0
Bristol Flyers II,"Y. Hafid, J. Craggs, N. Ladjimi, L. Matthews, T. Browne",2,114,5,2,3,66.7,1,2,50,0,0,0,0,0,0,1,0,0,1,0,3,79.6,80.8,78.4,29.7,30.6,83.3,83.3,50,0,0,20,0,66.7,130.2,8,3,5,60,1,1,100,1,2,50,2,1,3,1,0,0,0,0,3,70,68,0,100,20,214.8,-84.6,1,1,100,0,0,0,2,1,50,1,0,0,0,3,1,33.3,1,1,100,1,1,100,0,0,0,0
Bristol Flyers II,"Y. Hafid, R. Eigbe, A. Bhebhe, T. Browne, E. Ekwegh",1,103,5,2,2,100,1,1,100,0,0,0,0,1,1,1,1,0,2,0,3,89.5,89.5,89.5,26.8,26.8,125,125,50,0,50,40,0,50,130.2,5,2,4,50,1,3,33.3,0,0,0,1,0,1,1,1,0,1,1,3,62.5,62.5,20,50,75,130.2,0,1,1,100,0,0,0,1,1,100,2,0,0,0,1,1,100,0,0,0,3,1,33.3,0,1,0,0
Bristol Flyers II,"Y. Hafid, R. Eigbe, L. Matthews, W. Simba, T. Browne",1,126,2,1,4,25,0,3,0,0,0,0,0,2,2,1,0,0,0,0,3,73.1,73.1,73.1,32.8,32.8,25,25,100,0,100,0,0,75,52.1,2,1,4,25,0,1,0,0,0,0,0,2,2,1,0,0,0,0,3,25,25,0,0,25,52.1,0,1,1,100,0,0,0,3,0,0,0,0,0,0,2,1,50,1,0,0,1,0,0,0,0,0,0
Bristol Flyers II,"Y. Hafid, R. Eigbe, L. Matthews, T. Browne, R. Bawden",1,117,1,0,4,0,0,1,0,1,2,50,1,0,1,0,0,0,0,1,3,87.4,76.4,98.5,31.4,24.4,0,10.2,0,33.3,0,0,50,25,26.8,2,1,4,25,0,0,0,0,0,0,2,2,4,0,0,3,3,2,4,25,25,42.9,100,0,41.7,-14.8,1,0,0,2,0,0,1,0,0,0,0,0,0,2,1,50,2,0,0,0,0,0,0,0,1,2
Bristol Flyers II,"Y. Hafid, Z. Riabi, N. Ladjimi, W. Simba, E. Ekwegh",1,130,2,1,2,50,0,1,0,0,0,0,0,1,1,0,0,0,2,1,3,77.6,70.9,84.4,33.9,28.4,50,50,0,0,50,50,0,50,52.1,4,0,3,0,0,2,0,4,4,100,1,1,2,2,1,0,1,0,4,0,42,17.4,50,66.7,87.5,-35.5,1,1,100,0,0,0,1,0,0,0,2,0,0,0,0,0,1,0,0,2,0,0,1,0,0,0
Bristol Flyers II,"Y. Hafid, N. Sagkovits, L. Matthews, E. Ekwegh, R. Bawden",1,161,4,2,3,66.7,0,1,0,0,0,0,0,1,1,2,0,0,1,0,3,57.2,57.2,57.2,41.9,41.9,66.7,66.7,100,0,100,16.7,0,33.3,104.2,7,3,4,75,1,2,50,0,0,0,0,1,1,3,1,0,0,1,3,87.5,87.5,0,0,50,182.3,-78.1,1,1,100,1,1,100,1,0,0,1,0,0,0,2,2,100,0,0,0,2,1,50,0,0,0,0
Bristol Flyers II,"L. Ayinla, R. Price, J. Craggs, L. Matthews, T. Browne",1,182,4,1,4,25,0,1,0,2,2,100,1,1,2,0,0,0,0,1,3,61,49.1,72.9,48.9,32.9,25,41,0,33.3,20,0,50,25,107.4,8,2,8,25,1,5,20,3,4,75,4,2,6,1,0,0,0,0,5,31.2,41,0,80,62.5,144.7,-37.3,2,1,50,1,0,0,1,0,0,0,0,0,0,1,0,0,2,1,50,5,1,20,0,0,0,0
Bristol Flyers II,"L. Ayinla, J. Craggs, A. Bhebhe, T. Browne, R. Bawden",1,54,0,0,1,0,0,1,0,0,0,0,0,0,0,0,1,0,3,1,3,186.9,170.7,203.1,14.1,11.8,0,0,0,0,0,75,0,100,0,6,1,2,50,0,1,0,4,4,100,0,1,1,0,3,0,1,0,4,50,79.8,21,0,50,131.3,-131.3,0,0,0,0,0,0,1,0,0,1,2,0,0,1,1,100,0,0,0,1,0,0,1,0,0,0
Bristol Flyers II,"L. Ayinla, R. Eigbe, N. Ladjimi, L. Matthews, W. Simba",1,142,2,1,4,25,0,3,0,0,0,0,0,1,1,0,0,0,0,1,3,72,64.9,79.2,37.0,30.3,25,25,0,0,100,0,0,75,52.1,6,2,3,66.7,0,0,0,2,2,100,0,3,3,0,0,0,1,0,4,66.7,77.3,20.5,0,0,128.1,-76,1,1,100,0,0,0,3,0,0,0,0,0,0,1,0,0,2,2,100,0,0,0,0,1,0,0
Bristol Flyers II,"R. Price, R. Eigbe, Z. Riabi, L. Matthews, E. Ekwegh",1,80,2,1,2,50,0,0,0,0,0,0,0,1,1,1,0,0,2,1,3,99.1,115.2,82.9,20.8,28.9,50,50,100,0,100,40,0,0,52.1,1,0,1,0,0,0,0,1,2,50,0,1,1,1,0,1,1,1,2,0,26.6,34.7,0,0,36.2,15.9,1,1,100,1,0,0,0,0,0,0,0,0,1,1,0,0,0,0,0,0,0,0,1,0,0,0
Bristol Flyers II,"R. Price, R. Eigbe, N. Ladjimi, L. Matthews, R. Bawden",1,104,5,2,4,50,1,1,100,0,0,0,0,1,1,1,0,0,0,1,3,88.6,88.6,88.6,27.1,27.1,62.5,62.5,50,0,100,0,0,25,130.2,7,3,4,75,1,1,100,0,0,0,0,2,2,2,0,0,0,0,3,87.5,87.5,0,0,25,182.3,-52.1,1,0,0,2,1,50,1,1,100,0,0,0,0,3,2,66.7,0,0,0,1,1,100,0,0,0,0
Bristol Flyers II,"R. Price, R. Eigbe, A. Bhebhe, W. Simba, T. Browne",1,48,0,0,0,0,0,0,0,0,0,0,0,0,0,0,0,0,4,2,3,120,192,48,12.5,50.0,0,0,0,0,0,100,0,0,0,2,1,2,50,0,1,0,0,0,0,1,0,1,0,0,0,0,0,0,50,50,0,100,50,208.3,-208.3,0,0,0,0,0,0,0,0,0,0,0,0,2,1,1,100,0,0,0,1,0,0,0,0,0,0
Bristol Flyers II,"J. Craggs, R. Eigbe, Z. Riabi, A. Bhebhe, E. Ekwegh",1,98,2,1,3,33.3,0,1,0,0,0,0,0,1,1,0,0,0,1,0,3,104.4,94,114.7,25.5,20.9,33.3,33.3,0,0,50,25,0,33.3,52.1,7,2,4,50,1,3,33.3,2,2,100,1,2,3,1,1,0,1,0,4,62.5,71.7,17,50,75,149.4,-97.3,1,0,0,1,1,100,1,0,0,0,1,0,0,1,1,100,0,0,0,3,1,33.3,0,1,0,0
Bristol Flyers II,"J. Craggs, R. Eigbe, N. Ladjimi, A. Bhebhe, E. Ekwegh",1,95,3,1,3,33.3,1,2,50,0,0,0,1,1,2,1,1,0,2,0,3,97,97,97,24.7,24.7,50,50,100,50,100,33.3,0,66.7,78.1,2,1,3,33.3,0,2,0,0,0,0,0,1,1,0,2,0,1,0,3,33.3,33.3,25,0,66.7,52.1,26,1,0,0,0,0,0,2,1,50,1,1,0,0,1,1,100,0,0,0,2,0,0,1,0,0,0
Bristol Flyers II,"J. Craggs, Z. Riabi, N. Ladjimi, L. Matthews, R. Bawden",1,96,0,0,2,0,0,1,0,0,0,0,1,1,2,0,0,0,3,1,3,106.6,96,117.1,25.0,20.5,0,0,0,50,100,60,0,50,0,4,2,4,50,0,2,0,0,2,0,0,1,1,1,2,0,0,0,4,50,41,0,0,50,85.4,-85.4,0,0,0,1,0,0,1,0,0,0,3,0,0,2,2,100,0,0,0,2,0,0,0,0,0,0
Bristol Flyers II,"J. Craggs, N. Sagkovits, L. Matthews, W. Simba, E. Ekwegh",1,135,0,0,1,0,0,1,0,0,0,0,0,3,3,0,1,0,3,1,3,85.3,68.3,102.4,35.2,23.4,0,0,0,0,75,75,0,100,0,0,0,5,0,0,2,0,0,0,0,1,0,1,0,2,0,2,0,5,0,0,28.6,25,40,0,0,0,0,0,0,0,0,1,0,0,1,2,0,0,3,0,0,0,0,0,2,0,0,1,0,0,1
Bristol Flyers II,"R. Eigbe, N. Ladjimi, A. Bhebhe, W. Simba, E. Ekwegh",1,143,0,0,7,0,0,4,0,0,0,0,3,2,5,0,0,0,0,1,3,63.5,64.4,62.5,37.2,38.4,0,0,0,60,100,0,0,57.1,0,6,2,3,66.7,2,2,100,0,2,0,0,2,2,1,0,1,0,0,3,100,77.3,0,0,66.7,161.1,-161.1,3,0,0,0,0,0,4,0,0,0,0,1,0,1,0,0,0,0,0,2,2,100,0,0,0,0
Bristol Flyers II,"R. Eigbe, N. Ladjimi, A. Bhebhe, W. Simba, R. Bawden",1,79,0,0,2,0,0,1,0,0,0,0,0,0,0,0,0,0,2,1,3,87.5,116.7,58.3,20.6,41.1,0,0,0,0,0,50,0,50,0,4,2,2,100,0,0,0,0,0,0,0,2,2,2,0,0,0,0,1,100,100,0,0,0,208.3,-208.3,1,0,0,0,0,0,1,0,0,0,0,0,1,2,2,100,0,0,0,0,0,0,0,0,0,0
Bristol Flyers II,"R. Eigbe, N. Ladjimi, L. Matthews, T. Browne, E. Ekwegh",2,20,0,0,2,0,0,2,0,0,0,0,0,0,0,0,0,0,2,2,3,389.4,460.8,318,5.2,7.5,0,0,0,0,0,50,0,100,0,5,1,1,100,0,0,0,3,4,75,0,0,0,0,2,0,0,0,2,100,90.6,0,0,0,188.7,-188.7,0,0,0,0,0,0,2,0,0,2,0,0,0,1,1,100,0,0,0,0,0,0,0,0,0,0
Bristol Hurricanes,"A. Pearce, D. Edozie, D. Forsyth, H. Bligen, C. Taylor",1,101,4,1,4,25,0,0,0,2,2,100,1,1,2,0,0,0,0,2,3,87.1,88.5,85.8,27.1,28.0,25,41,0,33.3,100,0,50,0,107.4,5,1,2,50,0,1,0,3,4,75,0,2,2,1,0,2,0,1,3,50,66.5,0,0,50,138.5,-31.1,4,1,25,0,0,0,0,0,0,0,0,0,0,1,1,100,0,0,0,1,0,0,0,0,0,0
Bristol Hurricanes,"A. Pearce, D. Edozie, E. Dusha, J. Dang-Akodo, C. Taylor",1,165,2,1,4,25,0,3,0,0,0,0,0,0,0,0,0,0,0,1,3,69,55.9,82.1,43.0,29.2,25,25,0,0,0,0,0,75,52.1,9,4,4,100,1,1,100,0,2,0,0,2,2,2,0,0,1,1,5,112.5,92.2,17,0,25,159.4,-107.4,0,0,0,1,1,100,3,0,0,0,0,1,0,2,2,100,1,1,100,1,1,100,0,1,0,0
Bristol Hurricanes,"A. Pearce, D. Edozie, K. Hill, C. Samuels, C. Taylor",1,70,7,3,5,60,1,2,50,0,0,0,1,0,1,1,1,0,0,1,3,115.2,131.7,98.7,18.2,24.3,70,70,33.3,50,0,0,0,40,182.3,4,2,3,66.7,0,1,0,0,0,0,1,1,2,1,0,0,1,0,2,66.7,66.7,25,100,33.3,138.9,43.4,2,1,50,1,1,100,2,1,50,0,0,0,0,2,2,100,0,0,0,1,0,0,0,1,0,0
Bristol Hurricanes,"A. Pearce, D. Forsyth, J. Dang-Akodo, J. Oyewole, C. Samuels",1,88,2,0,4,0,0,4,0,2,2,100,1,2,3,0,0,0,0,1,3,101.6,101.6,101.6,23.6,23.6,0,20.5,0,25,50,0,50,100,53.7,3,1,5,20,0,2,0,1,2,50,2,3,5,1,0,0,0,2,3,20,25.5,0,50,40,80.5,-26.8,0,0,0,0,0,0,4,0,0,0,0,0,0,3,1,33.3,0,0,0,2,0,0,0,0,0,0
Bristol Hurricanes,"A. Pearce, D. Forsyth, D. Ubiaro, C. Samuels, C. Taylor",1,72,6,2,3,66.7,2,2,100,0,0,0,0,1,1,1,0,0,1,0,3,144,128,160,18.8,15.0,100,100,50,0,50,20,0,66.7,156.2,7,3,6,50,1,1,100,0,0,0,1,1,2,3,1,0,0,0,4,58.3,58.3,0,50,16.7,145.8,10.4,0,0,0,1,0,0,2,2,100,0,1,0,0,4,1,25,1,1,100,1,1,100,0,0,0,0
Bristol Hurricanes,"D. Edozie, D. Forsyth, K. Hill, J. Oyewole, C. Samuels",1,130,2,1,5,20,0,3,0,0,0,0,1,1,2,1,0,0,0,2,3,70.9,70.9,70.9,33.9,33.9,20,20,100,25,100,0,0,60,52.1,5,2,4,50,1,3,33.3,0,0,0,0,3,3,1,0,0,0,1,3,62.5,62.5,0,0,75,130.2,-78.1,2,1,50,0,0,0,3,0,0,0,0,0,0,1,1,100,0,0,0,3,1,33.3,0,0,0,0
Bristol Hurricanes,"D. Edozie, E. Dusha, K. Hill, J. Dang-Akodo, D. Ubiaro",2,139,3,1,3,33.3,1,2,50,0,0,0,0,2,2,1,0,1,1,0,3,73.6,66.3,80.9,36.2,29.7,50,50,100,0,100,20,0,66.7,78.1,5,2,4,50,0,1,0,1,2,50,0,1,1,2,1,0,0,0,4,50,51.2,0,0,25,106.7,-28.6,0,0,0,1,0,0,2,1,50,1,0,0,0,3,2,66.7,0,0,0,1,0,0,0,0,0,0
Bristol Hurricanes,"D. Edozie, E. Dusha, K. Hill, D. Ubiaro, C. Taylor",2,113,4,2,4,50,0,1,0,0,0,0,0,2,2,2,0,0,0,1,3,81.6,81.6,81.6,29.4,29.4,50,50,100,0,66.7,0,0,25,104.2,0,0,4,0,0,0,0,0,0,0,1,2,3,0,0,0,1,1,3,0,0,20,33.3,0,0,104.2,2,2,100,1,0,0,1,0,0,0,0,0,0,3,0,0,1,0,0,0,0,0,0,0,0,1
Bristol Hurricanes,"D. Edozie, E. Dusha, K. Hill, H. Bligen, V. Dilys",1,123,0,0,3,0,0,0,0,0,0,0,0,2,2,0,0,1,1,1,3,79,74.9,83.2,32.0,28.9,0,0,0,0,100,25,0,0,0,4,1,3,33.3,1,2,50,1,1,100,0,2,2,1,0,0,1,0,4,50,58.1,22.5,0,66.7,93.8,-93.8,3,0,0,0,0,0,0,0,0,1,0,0,0,1,0,0,0,0,0,2,1,50,0,0,0,1
Bristol Hurricanes,"D. Edozie, E. Dusha, D. Ubiaro, V. Dilys, C. Taylor",1,125,2,1,3,33.3,0,0,0,0,0,0,0,3,3,0,0,1,1,1,3,91.1,73.7,108.4,32.6,22.1,33.3,33.3,0,0,100,25,0,0,52.1,4,1,5,20,0,3,0,2,2,100,0,2,2,1,0,0,0,0,5,20,34,0,0,60,70.9,-18.8,2,1,50,1,0,0,0,0,0,1,0,0,0,1,0,0,1,1,100,3,0,0,0,0,0,0
Bristol Hurricanes,"D. Edozie, E. Dusha, H. Bligen, C. Samuels, V. Dilys",1,66,4,1,4,25,1,3,33.3,1,2,50,1,1,2,1,0,0,0,1,3,155,135.4,174.5,17.7,13.8,37.5,41,100,25,100,0,50,75,107.4,2,1,3,33.3,0,2,0,0,0,0,0,3,3,0,0,0,2,2,4,33.3,33.3,40,0,66.7,41.7,65.7,0,0,0,1,0,0,3,1,33.3,0,0,0,0,1,1,100,0,0,0,2,0,0,0,0,0,1
Bristol Hurricanes,"D. Edozie, D. Ubiaro, H. Bligen, V. Dilys, C. Taylor",1,156,4,2,4,50,0,1,0,0,0,0,1,1,2,1,1,0,1,0,3,66.5,59.1,73.8,40.6,32.5,50,50,50,50,50,16.7,0,25,104.2,6,3,5,60,0,1,0,0,0,0,1,1,2,0,1,0,1,2,4,60,60,16.7,50,20,125,-20.8,3,2,66.7,0,0,0,1,0,0,0,1,0,0,4,3,75,0,0,0,1,0,0,1,0,0,0
Bristol Hurricanes,"D. Forsyth, E. Dusha, D. Ubiaro, C. Samuels, C. Taylor",1,146,2,1,5,20,0,2,0,0,0,0,2,0,2,0,0,0,1,1,3,63.1,63.1,63.1,38.0,38.0,20,20,0,50,0,16.7,0,40,52.1,9,4,4,100,1,1,100,0,0,0,0,2,2,2,1,0,0,0,3,112.5,112.5,0,0,25,234.4,-182.3,2,1,50,1,0,0,2,0,0,0,1,0,0,3,3,100,0,0,0,1,1,100,0,0,0,0
Bristol Hurricanes,"D. Forsyth, J. Claar, D. Ubiaro, H. Bligen, C. Samuels",1,62,2,0,0,0,0,0,0,2,2,100,0,1,1,0,0,0,3,1,3,154.6,144.2,165,16.6,14.5,0,113.6,0,0,50,77.3,0,0,53.7,3,1,3,33.3,1,2,50,0,1,0,1,0,1,1,1,0,2,1,4,50,43.6,36.8,50,66.7,70.4,-16.7,0,0,0,0,0,0,0,0,0,0,1,0,1,1,0,0,0,0,0,2,1,50,0,0,0,1
Bristol Hurricanes,"E. Dusha, J. Claar, C. Tucker, V. Dilys, C. Taylor",1,115,2,1,4,25,0,2,0,0,0,0,1,2,3,0,1,0,1,0,3,80.1,80.1,80.1,29.9,29.9,25,25,0,33.3,100,20,0,50,52.1,2,1,3,33.3,0,0,0,0,0,0,0,2,2,1,1,0,1,1,3,33.3,33.3,25,0,0,52.1,0,2,1,50,0,0,0,2,0,0,0,1,0,0,1,0,0,2,1,50,0,0,0,1,0,0,0
Bristol Hurricanes,"K. Hill, D. Ubiaro, C. Samuels, V. Dilys, C. Taylor",1,98,2,1,4,25,0,0,0,0,0,0,1,1,2,0,1,0,1,0,3,82.3,94,70.5,25.5,34.0,25,25,0,33.3,100,20,0,0,52.1,2,1,2,50,0,1,0,0,0,0,0,2,2,0,0,0,1,1,2,50,50,33.3,0,50,69.4,-17.4,2,1,50,2,0,0,0,0,0,0,1,0,0,1,1,100,0,0,0,1,0,0,1,0,0,0
Derby Trailblazers,"C. Burr, C. Washington, C. Brown, R. May-Thompson, M. Smith",1,140,0,0,3,0,0,1,0,0,1,0,1,1,2,0,0,0,1,3,3,47.4,56.6,38.2,42.4,62.9,0,0,0,33.3,50,22.5,33.3,33.3,0,2,0,2,0,0,1,0,2,3,66.7,1,2,3,0,0,1,0,0,2,0,30.1,0,50,50,89.8,-89.8,2,0,0,0,0,0,1,0,0,0,0,0,1,1,0,0,0,0,0,1,0,0,0,0,0,0
Derby Trailblazers,"C. Burr, J. Pathmarajah, S. Walker, C. Brown, R. May-Thompson",2,145,2,1,3,33.3,0,1,0,0,0,0,0,1,1,0,1,0,1,0,3,70.6,63.6,77.5,37.8,31.0,33.3,33.3,0,0,50,25,0,33.3,52.1,5,1,4,25,1,3,33.3,2,2,100,1,0,1,1,1,0,1,0,4,37.5,51.2,17,50,75,106.7,-54.6,1,1,100,1,0,0,1,0,0,1,0,0,0,1,0,0,0,0,0,3,1,33.3,1,0,0,0
Derby Trailblazers,"C. Burr, J. Pathmarajah, R. Marsden, C. Brown, M. Smith",1,122,3,1,4,25,1,1,100,0,0,0,0,0,0,1,0,0,0,1,3,66.1,75.5,56.7,31.8,42.4,37.5,37.5,100,0,0,0,0,25,78.1,6,3,3,100,0,0,0,0,0,0,0,3,3,2,0,0,0,0,2,100,100,0,0,0,208.3,-130.2,1,0,0,2,0,0,1,1,100,0,0,0,0,2,2,100,1,1,100,0,0,0,0,0,0,0
Essex Rebels,"M. Wol-Cummings, M. Amako, A. Idiata-Mendez, H. Gent, B. Winter",1,181,10,4,5,80,2,3,66.7,0,0,0,1,2,3,2,0,0,0,0,3,57.3,50.9,63.6,47.1,37.7,100,100,50,100,66.7,0,0,60,260.4,7,3,6,50,1,1,100,0,0,0,1,0,1,0,0,0,0,1,4,58.3,58.3,0,33.3,16.7,145.8,114.6,2,2,100,0,0,0,3,2,66.7,0,0,0,0,3,2,66.7,2,0,0,1,1,100,0,0,0,0
Essex Rebels,"M. Wol-Cummings, K. Martin, D. Johnson-Thompson, R. Udeh, A. Idiata-Mendez",1,111,0,0,2,0,0,1,0,0,0,0,0,2,2,0,0,0,2,1,3,92.2,83,101.3,28.9,23.7,0,0,0,0,66.7,50,0,50,0,6,2,5,40,1,2,50,1,2,50,1,2,3,1,0,0,0,1,4,50,51,0,33.3,40,128.1,-128.1,1,0,0,0,0,0,1,0,0,0,1,0,1,3,1,33.3,0,0,0,2,1,50,0,0,0,0
Essex Rebels,"M. Wol-Cummings, K. Martin, A. Idiata-Mendez, T. Child, H. Gent",3,110,2,1,5,20,0,3,0,0,0,0,2,0,2,1,0,0,1,1,3,91.7,83.8,99.7,28.6,24.1,20,20,100,50,0,14.3,0,60,52.1,8,2,3,66.7,0,0,0,4,4,100,0,2,2,1,1,0,0,3,4,66.7,84,0,0,0,175.1,-123,1,0,0,1,1,100,3,0,0,0,1,0,0,3,2,66.7,0,0,0,0,0,0,0,0,0,0
Essex Rebels,"M. Wol-Cummings, K. Martin, A. Idiata-Mendez, J. Mckew, T. Hudson",1,136,2,1,4,25,0,3,0,0,0,0,0,1,1,1,0,1,0,2,3,74.2,67.8,80.6,35.4,29.8,25,25,100,0,33.3,0,0,75,52.1,10,3,5,60,1,2,50,3,4,75,2,2,4,3,0,0,0,1,4,70,74,0,66.7,40,218.8,-166.8,0,0,0,1,1,100,3,0,0,0,0,0,0,2,1,50,1,1,100,2,1,50,0,0,0,0
Essex Rebels,"M. Wol-Cummings, D. Johnson-Thompson, M. Brown, T. Child, J. Mckew",1,142,6,2,4,50,2,4,50,0,0,0,0,1,1,2,0,0,0,0,3,64.9,64.9,64.9,37.0,37.0,75,75,100,0,50,0,0,100,156.2,8,3,5,60,2,2,100,0,0,0,1,1,2,2,0,0,0,0,3,80,80,0,50,40,208.3,-52.1,0,0,0,0,0,0,4,2,50,0,0,1,0,3,1,33.3,0,0,0,2,2,100,0,0,0,0
Essex Rebels,"M. Wol-Cummings, D. Johnson-Thompson, A. Idiata-Mendez, H. Gent, T. Hudson",1,112,5,2,4,50,1,2,50,0,0,0,0,1,1,2,3,0,0,0,3,92.6,82.3,102.9,29.2,23.3,62.5,62.5,100,0,50,0,0,50,130.2,0,0,3,0,0,1,0,0,0,0,1,2,3,0,0,0,3,1,4,0,0,50,50,33.3,0,130.2,1,1,100,1,0,0,2,1,50,0,0,0,0,0,0,0,2,0,0,1,0,0,2,1,0,0
Essex Rebels,"M. Amako, K. Martin, D. Johnson-Thompson, R. Udeh, M. Brown",1,126,3,1,4,25,0,2,0,1,2,50,1,2,3,0,0,0,0,0,3,62.9,70.9,54.9,33.8,43.8,25,30.7,0,33.3,66.7,0,50,50,80.5,2,1,4,25,0,1,0,0,0,0,1,2,3,0,0,0,0,1,2,25,25,0,33.3,25,69.4,11.1,2,1,50,0,0,0,2,0,0,0,0,0,0,2,1,50,1,0,0,1,0,0,0,0,0,0
Essex Rebels,"M. Amako, K. Martin, D. Johnson-Thompson, T. Child, H. Gent",1,63,2,1,3,33.3,0,2,0,0,0,0,1,2,3,0,0,0,2,0,3,128,146.3,109.7,16.4,21.9,33.3,33.3,0,100,100,40,0,66.7,52.1,0,0,3,0,0,2,0,0,0,0,0,0,0,0,0,0,0,0,2,0,0,0,0,66.7,0,52.1,1,1,100,0,0,0,2,0,0,1,1,0,0,1,0,0,0,0,0,2,0,0,0,0,0,0
Essex Rebels,"M. Amako, K. Martin, R. Udeh, M. Brown, A. Idiata-Mendez",1,82,4,1,1,100,1,1,100,1,2,50,0,0,0,1,0,0,2,2,3,96.7,109,84.3,22.0,28.5,150,106.4,100,0,0,41,200,100,107.4,6,3,5,60,0,1,0,0,0,0,2,0,2,0,0,0,0,2,2,60,60,0,100,20,208.3,-100.9,0,0,0,0,0,0,1,1,100,0,0,0,1,3,3,100,1,0,0,1,0,0,0,0,0,0
Essex Rebels,"M. Amako, K. Martin, R. Udeh, M. Brown, H. Gent",2,128,1,0,3,0,0,0,0,1,1,100,1,0,1,0,1,0,1,2,3,79.9,61.9,97.9,38.8,24.5,0,14.5,0,33.3,0,22.5,33.3,0,30.3,3,1,3,33.3,1,2,50,0,1,0,1,2,3,1,1,0,3,2,5,50,43.6,46.6,100,66.7,57.4,-27.2,3,0,0,0,0,0,0,0,0,0,1,0,0,0,0,0,1,0,0,2,1,50,2,0,0,1
Essex Rebels,"M. Amako, K. Martin, R. Udeh, A. Idiata-Mendez, T. Hudson",1,139,3,1,3,33.3,0,1,0,1,2,50,0,2,2,0,0,0,0,3,3,56,64.3,47.7,37.3,50.3,33.3,38.7,0,0,66.7,0,66.7,33.3,80.5,0,0,2,0,0,2,0,0,2,0,1,2,3,0,0,0,1,1,2,0,0,25.8,33.3,100,0,80.5,2,1,50,0,0,0,1,0,0,0,0,0,0,0,0,0,0,0,0,2,0,0,0,0,0,1
Essex Rebels,"M. Amako, K. Martin, M. Brown, W. White, T. Hudson",1,92,7,2,3,66.7,1,2,50,2,2,100,0,1,1,2,0,0,0,1,3,98.7,97.2,100.2,24.7,24.0,83.3,90.2,100,0,50,0,66.7,66.7,187.9,8,3,5,60,2,4,50,0,0,0,1,1,2,3,0,0,0,0,3,80,80,0,50,80,208.3,-20.4,1,1,100,0,0,0,2,1,50,0,0,0,0,1,1,100,0,0,0,4,2,50,0,0,0,0
Essex Rebels,"M. Amako, K. Martin, T. Child, W. White, T. Hudson",1,130,2,0,3,0,0,1,0,2,2,100,0,0,0,0,0,1,0,2,3,81.5,68.8,94.3,34.9,25.5,0,25.8,0,0,0,0,66.7,33.3,53.7,13,5,10,50,1,3,33.3,2,3,66.7,6,3,9,0,0,0,0,1,5,55,57.4,0,100,30,254.5,-200.8,0,0,0,2,0,0,1,0,0,0,0,0,0,6,4,66.7,1,0,0,3,1,33.3,0,0,0,0
Essex Rebels,"M. Amako, D. Johnson-Thompson, R. Udeh, M. Brown, T. Child",1,99,4,1,1,100,0,0,0,2,2,100,0,2,2,0,0,0,2,0,3,91.7,90.3,93.1,26.6,25.8,100,106.4,0,0,100,51.5,200,0,107.4,4,2,4,50,0,1,0,0,0,0,0,0,0,2,2,0,0,0,3,50,50,0,0,25,104.2,3.2,1,1,100,0,0,0,0,0,0,2,0,0,0,2,1,50,1,1,100,1,0,0,0,0,0,0
Essex Rebels,"M. Amako, D. Johnson-Thompson, R. Udeh, M. Brown, T. Hudson",1,124,6,2,3,66.7,0,0,0,2,2,100,0,2,2,0,0,0,0,0,3,73.2,72.1,74.3,33.3,32.3,66.7,77.3,0,0,100,0,66.7,0,161.1,2,1,4,25,0,3,0,0,0,0,0,1,1,0,0,0,0,0,3,25,25,0,0,75,52.1,109,1,0,0,2,2,100,0,0,0,0,0,0,0,1,1,100,0,0,0,3,0,0,0,0,0,0
Essex Rebels,"M. Amako, M. Brown, A. Idiata-Mendez, W. White, T. Hudson",1,102,4,1,3,33.3,1,2,50,1,2,50,1,2,3,2,0,0,1,1,3,89,87.6,90.4,27.4,26.6,50,51.5,200,50,100,14.5,66.7,66.7,107.4,4,2,4,50,0,1,0,0,0,0,0,1,1,1,1,0,0,2,3,50,50,0,0,25,104.2,3.2,1,0,0,0,0,0,2,1,50,1,0,0,0,3,2,66.7,0,0,0,1,0,0,0,0,0,0
Essex Rebels,"K. Martin, D. Johnson-Thompson, R. Udeh, A. Idiata-Mendez, T. Child",2,114,3,1,2,50,1,2,50,0,0,0,1,2,3,1,0,0,3,1,3,79.6,80.8,78.4,29.7,30.6,75,75,100,100,66.7,50,0,100,78.1,3,1,4,25,1,1,100,0,2,0,1,0,1,1,3,0,0,0,3,37.5,30.7,0,33.3,25,80.5,-2.4,0,0,0,0,0,0,2,1,50,2,1,0,0,3,0,0,0,0,0,1,1,100,0,0,0,0
Essex Rebels,"K. Martin, D. Johnson-Thompson, R. Udeh, T. Child, B. Winter",1,110,2,0,1,0,0,1,0,2,4,50,0,0,0,0,1,0,1,2,3,64.9,78.8,51.1,30.5,47.0,0,36.2,0,0,0,26.6,400,100,55.4,3,1,1,100,0,0,0,1,1,100,0,2,2,1,0,0,1,2,2,100,104.2,41,0,0,128.1,-72.7,0,0,0,0,0,0,1,0,0,0,0,0,1,1,1,100,0,0,0,0,0,0,0,1,0,0
Essex Rebels,"K. Martin, R. Udeh, M. Brown, W. White, H. Gent",1,121,4,2,4,50,0,2,0,0,0,0,0,2,2,0,0,0,0,0,3,75,76.2,73.9,31.5,32.5,50,50,0,0,66.7,0,0,50,104.2,3,1,4,25,0,2,0,1,2,50,1,1,2,1,0,0,0,1,3,25,30.7,0,33.3,50,80.5,23.6,1,1,100,1,1,100,2,0,0,0,0,0,0,0,0,0,2,1,50,2,0,0,0,0,0,0
Essex Rebels,"K. Martin, I. Temilola, A. Idiata-Mendez, T. Child, B. Winter",1,146,7,2,3,66.7,1,1,100,2,4,50,1,0,1,1,1,1,0,1,3,61.2,59.3,63.1,40.4,38.0,83.3,73.5,50,50,0,0,133.3,33.3,193.9,2,1,3,33.3,0,1,0,0,0,0,1,1,2,0,0,0,2,2,3,33.3,33.3,40,100,33.3,52.1,141.8,2,1,50,0,0,0,1,1,100,0,0,0,0,1,0,0,1,1,100,1,0,0,1,1,0,0
Essex Rebels,"K. Martin, M. Brown, T. Child, H. Gent, T. Hudson",2,74,7,3,4,75,1,1,100,0,1,0,1,1,2,2,1,0,0,1,3,129.5,107.1,151.9,22.4,15.8,87.5,78.8,66.7,50,100,0,25,25,212,5,1,3,33.3,1,2,50,2,2,100,0,1,1,1,0,0,1,2,4,50,64.4,20.5,0,66.7,106.7,105.2,2,1,50,1,1,100,1,1,100,0,0,0,0,1,0,0,0,0,0,2,1,50,0,1,0,0
Essex Rebels,"D. Johnson-Thompson, R. Udeh, M. Brown, T. Child, T. Hudson",2,123,2,1,4,25,0,2,0,0,0,0,0,1,1,0,0,0,0,2,3,74.9,74.9,74.9,32.0,32.0,25,25,0,0,100,0,0,50,52.1,5,2,3,66.7,1,1,100,0,0,0,0,3,3,2,0,0,1,0,3,83.3,83.3,25,0,33.3,130.2,-78.1,1,0,0,1,1,100,2,0,0,0,0,0,0,2,1,50,0,0,0,1,1,100,0,1,0,0
Essex Rebels,"D. Johnson-Thompson, M. Brown, T. Child, B. Winter, T. Hudson",1,92,7,1,3,33.3,1,2,50,4,5,80,2,2,4,2,1,0,0,0,3,90.2,80.1,100.2,29.9,24.0,50,67.3,200,66.7,100,0,166.7,66.7,227.9,2,1,3,33.3,0,1,0,0,0,0,0,1,1,1,0,0,1,2,3,33.3,33.3,25,0,33.3,52.1,175.8,1,0,0,0,0,0,2,1,50,0,0,0,0,1,1,100,1,0,0,1,0,0,0,1,0,0
Essex Rebels,"R. Udeh, I. Temilola, M. Brown, T. Child, J. Mckew",1,104,5,1,3,33.3,1,3,33.3,2,2,100,0,1,1,1,0,0,0,1,3,86,86,86,27.9,27.9,50,64.4,100,0,100,0,66.7,100,134.2,4,1,2,50,0,1,0,2,2,100,0,2,2,1,0,0,1,1,3,50,69.4,25.8,0,50,107.4,26.8,0,0,0,0,0,0,3,1,33.3,0,0,0,0,1,1,100,0,0,0,1,0,0,0,1,0,0
Essex Rebels,"R. Udeh, I. Temilola, T. Child, B. Winter, T. Hudson",1,117,6,2,3,66.7,2,3,66.7,0,0,0,0,2,2,2,0,0,1,0,3,68.9,78.8,59.1,30.5,40.6,100,100,100,0,66.7,16.7,0,100,156.2,0,0,3,0,0,1,0,0,0,0,1,1,2,0,1,0,1,0,2,0,0,25,33.3,33.3,0,156.2,0,0,0,0,0,0,3,2,66.7,1,0,0,0,1,0,0,1,0,0,1,0,0,1,0,0,0
Essex Rebels,"R. Udeh, M. Brown, T. Child, H. Gent, B. Winter",1,118,4,1,3,33.3,0,1,0,2,2,100,0,2,2,1,0,0,0,1,3,67.2,75.8,58.6,31.7,41.0,33.3,51.5,100,0,100,0,66.7,33.3,107.4,2,1,3,33.3,0,1,0,0,0,0,0,2,2,0,0,0,0,1,2,33.3,33.3,0,0,33.3,69.4,37.9,2,1,50,0,0,0,1,0,0,0,0,0,0,2,1,50,0,0,0,1,0,0,0,0,1,0
Essex Rebels,"R. Udeh, A. Idiata-Mendez, T. Child, H. Gent, B. Winter",2,115,2,1,3,33.3,0,0,0,0,0,0,0,0,0,0,0,0,1,1,3,84.5,80.1,89,29.9,27.0,33.3,33.3,0,0,0,25,0,0,52.1,9,4,4,100,0,0,0,1,1,100,0,2,2,3,1,0,0,0,4,100,101.4,0,0,0,211.1,-159.1,3,1,33.3,0,0,0,0,0,0,1,0,0,0,4,4,100,0,0,0,0,0,0,0,0,0,0
Hemel Storm,"M. Sokoli, D. Nelson-Henry, K. Walker, M. Norman, J. Rai",1,91,4,0,2,0,0,1,0,4,4,100,0,1,1,1,1,0,0,0,3,85.6,95.2,76,25.2,31.6,0,53.2,0,0,100,0,200,50,110.8,3,1,2,50,1,2,50,0,0,0,0,1,1,1,0,0,1,2,2,75,75,33.3,0,100,104.2,6.6,1,0,0,0,0,0,1,0,0,0,0,0,0,0,0,0,0,0,0,2,1,50,0,1,0,0
Hemel Storm,"M. Sokoli, D. Nelson-Henry, K. Walker, V. Eze, D. Parkinson",1,84,2,0,2,0,0,0,0,2,2,100,0,1,1,0,0,0,1,2,3,104.8,106.4,103.1,22.6,23.3,0,34.7,0,0,33.3,25.8,100,0,53.7,7,2,4,50,0,0,0,3,4,75,2,2,4,1,0,0,0,0,3,50,60.8,0,66.7,0,193.9,-140.2,1,0,0,1,0,0,0,0,0,0,1,0,0,2,1,50,2,1,50,0,0,0,0,0,0,0
Hemel Storm,"M. Sokoli, D. Nelson-Henry, M. Norman, B. Inger, S. Newman",1,168,6,2,6,33.3,2,3,66.7,0,0,0,2,1,3,2,0,0,0,0,3,48,54.9,41.1,43.8,58.3,50,50,100,66.7,100,0,0,50,156.2,4,2,3,66.7,0,0,0,0,0,0,0,1,1,0,0,0,0,0,2,66.7,66.7,0,0,0,138.9,17.4,3,0,0,0,0,0,3,2,66.7,0,0,0,0,0,0,0,3,2,66.7,0,0,0,0,0,0,0
Hemel Storm,"M. Sokoli, D. Nelson-Henry, V. Eze, S. Newman, J. Rai",1,180,4,2,5,40,0,2,0,0,0,0,2,3,5,0,0,0,1,0,3,57.6,51.2,64,46.9,37.5,40,40,0,66.7,60,16.7,0,40,104.2,4,2,7,28.6,0,0,0,0,0,0,2,1,3,0,1,0,0,1,4,28.6,28.6,0,40,0,83.3,20.8,3,2,66.7,0,0,0,2,0,0,1,0,0,0,3,2,66.7,4,0,0,0,0,0,0,0,0,0
Hemel Storm,"M. Sokoli, K. Walker, M. Norman, B. Inger, J. Rai",1,134,7,3,4,75,0,1,0,1,2,50,1,1,2,0,0,0,0,0,3,67.7,66.7,68.8,36.0,34.9,75,71.7,0,50,100,0,50,25,187.9,8,3,4,75,2,2,100,0,0,0,0,1,1,1,0,0,0,2,3,100,100,0,0,50,208.3,-20.4,2,2,100,1,1,100,1,0,0,0,0,0,0,1,1,100,1,0,0,2,2,100,0,0,0,0
Hemel Storm,"M. Sokoli, M. Norman, V. Eze, D. Parkinson, B. Inger",1,96,3,0,2,0,0,0,0,3,4,75,0,2,2,1,0,1,0,1,3,86.4,90.2,82.6,26.6,29.1,0,39.9,0,0,50,0,200,0,83.1,3,1,5,20,0,1,0,1,1,100,2,2,4,1,0,0,0,2,3,20,27.6,0,50,20,90.8,-7.7,0,0,0,2,0,0,0,0,0,0,0,0,0,3,1,33.3,1,0,0,1,0,0,0,0,0,0
Hemel Storm,"M. Sokoli, M. Norman, B. Inger, S. Newman, J. Burnell",2,67,2,1,3,33.3,0,1,0,0,0,0,0,1,1,1,0,0,1,1,3,120.4,137.6,103.2,17.4,23.3,33.3,33.3,100,0,100,20,0,33.3,52.1,2,1,2,50,0,1,0,0,0,0,0,2,2,1,1,0,1,1,2,50,50,33.3,0,50,69.4,-17.4,2,1,50,0,0,0,1,0,0,0,1,0,0,1,1,100,0,0,0,1,0,0,0,1,0,0
Hemel Storm,"D. Nelson-Henry, K. Walker, S. Lewis, M. Norman, J. Burnell",1,117,2,1,3,33.3,0,0,0,0,0,0,0,1,1,0,1,0,1,0,3,78.8,78.8,78.8,30.5,30.5,33.3,33.3,0,0,33.3,25,0,0,52.1,5,2,5,40,1,2,50,0,0,0,2,1,3,1,0,0,1,1,3,50,50,16.7,66.7,40,130.2,-78.1,3,1,33.3,0,0,0,0,0,0,0,1,0,0,3,1,33.3,0,0,0,2,1,50,0,1,0,0
Hemel Storm,"D. Nelson-Henry, K. Walker, V. Eze, D. Parkinson, S. Newman",1,130,2,1,2,50,0,1,0,0,0,0,0,2,2,1,0,0,2,1,3,79.8,70.9,88.6,33.9,27.1,50,50,100,0,100,40,0,50,52.1,7,3,5,60,1,3,33.3,0,0,0,0,1,1,2,1,0,0,1,4,70,70,0,0,60,145.8,-93.8,1,1,100,0,0,0,1,0,0,1,1,0,0,2,2,100,0,0,0,3,1,33.3,0,0,0,0
Hemel Storm,"D. Nelson-Henry, S. Lewis, D. Parkinson, B. Inger, S. Newman",1,103,5,2,5,40,1,2,50,0,0,0,2,2,4,2,1,0,1,1,3,109.2,89.5,128.8,26.8,18.6,50,50,100,66.7,100,12.5,0,40,130.2,5,1,3,33.3,0,1,0,3,4,75,0,1,1,1,1,0,1,1,5,33.3,52.5,17.4,0,33.3,90.4,39.8,3,1,33.3,0,0,0,2,1,50,0,1,0,0,2,1,50,0,0,0,1,0,0,1,0,0,0
Hemel Storm,"D. Nelson-Henry, M. Norman, V. Eze, S. Newman, J. Rai",1,110,4,1,3,33.3,1,2,50,1,1,100,0,2,2,1,0,0,0,0,3,77.9,72.1,83.8,33.3,28.6,50,58.1,100,0,100,0,33.3,66.7,121.1,0,0,3,0,0,0,0,0,0,0,0,2,2,0,0,1,1,1,3,0,0,25,0,0,0,121.1,1,0,0,0,0,0,2,1,50,0,0,0,0,3,0,0,0,0,0,0,0,0,1,0,0,0
Hemel Storm,"K. Walker, V. Eze, B. Inger, J. Rai, J. Burnell",1,129,3,1,3,33.3,0,1,0,1,2,50,0,3,3,0,0,1,0,1,3,70.4,69.3,71.4,34.6,33.6,33.3,38.7,0,0,100,0,66.7,33.3,80.5,3,1,4,25,1,2,50,0,0,0,0,1,1,1,0,0,0,1,3,37.5,37.5,0,0,50,78.1,2.4,2,1,50,0,0,0,1,0,0,0,0,0,0,2,0,0,0,0,0,2,1,50,0,0,0,0
Hemel Storm,"S. Lewis, V. Eze, D. Parkinson, B. Inger, J. Chater",1,117,4,2,4,50,0,1,0,0,0,0,0,1,1,1,2,1,0,0,3,98.5,78.8,118.2,30.5,20.3,50,50,50,0,50,0,0,25,104.2,2,1,3,33.3,0,0,0,0,0,0,1,2,3,0,0,0,4,2,5,33.3,33.3,57.1,50,0,34.7,69.4,2,2,100,1,0,0,1,0,0,0,0,0,0,2,1,50,1,0,0,0,0,0,1,1,0,1
Hemel Storm,"S. Lewis, V. Eze, D. Parkinson, S. Newman, J. Burnell",1,81,5,1,2,50,1,1,100,2,2,100,0,2,2,1,0,0,1,1,3,110.4,110.4,110.4,21.7,21.7,75,86.8,100,0,100,20.5,100,50,134.2,4,1,3,33.3,0,0,0,2,2,100,0,1,1,2,1,0,0,1,3,33.3,51.5,0,0,0,107.4,26.8,1,0,0,0,0,0,1,1,100,0,1,0,0,1,0,0,2,1,50,0,0,0,0,0,0,0
Hemel Storm,"M. Norman, V. Eze, D. Parkinson, J. Rai, J. Burnell",1,138,2,0,3,0,0,2,0,2,2,100,1,0,1,0,2,0,1,0,3,69.5,64.8,74.1,37.0,32.4,0,25.8,0,33.3,0,20.5,66.7,66.7,53.7,5,2,2,100,0,0,0,1,1,100,0,2,2,0,1,0,2,1,4,100,102.5,45,0,0,117.3,-63.6,0,0,0,1,0,0,2,0,0,1,0,0,0,2,2,100,0,0,0,0,0,0,1,1,0,0
Hemel Storm,"V. Eze, D. Parkinson, B. Inger, J. Burnell, J. Chater",1,72,2,0,1,0,0,0,0,2,2,100,0,0,0,0,0,0,2,1,3,126.1,124.2,128,19.3,18.8,0,53.2,0,0,0,51.5,200,0,53.7,6,2,3,66.7,2,3,66.7,0,0,0,0,1,1,2,0,0,1,2,3,100,100,25,0,100,156.2,-102.6,1,0,0,0,0,0,0,0,0,0,0,1,1,0,0,0,0,0,0,3,2,66.7,0,0,0,1
London Cavaliers,"J. Manning, J. Richards, M. Collins, M. Beasley, D. Ainembabazi",2,154,2,1,4,25,0,2,0,0,0,0,2,2,4,1,1,0,2,3,3,82.3,59.8,104.7,40.1,22.9,25,25,100,66.7,66.7,28.6,0,50,52.1,2,1,5,20,0,4,0,0,0,0,1,1,2,0,1,1,3,1,6,20,20,37.5,33.3,80,29.8,22.3,2,1,50,0,0,0,2,0,0,1,1,0,0,1,1,100,0,0,0,4,0,0,1,0,0,1
London Cavaliers,"J. Manning, J. Richards, M. Collins, M. Beasley, A. Pyne",2,149,0,0,4,0,0,1,0,0,0,0,1,2,3,0,1,1,1,2,3,83.2,61.9,104.5,38.8,23.0,0,0,0,33.3,66.7,20,0,25,0,5,1,4,25,0,2,0,3,4,75,1,2,3,1,1,0,2,1,6,25,43.4,25.8,33.3,50,77,-77,3,0,0,0,0,0,1,0,0,1,0,0,0,1,1,100,1,0,0,2,0,0,1,0,0,1
London Cavaliers,"J. Manning, J. Richards, M. Collins, D. Braster, A. Pyne",2,110,4,2,3,66.7,0,0,0,0,0,0,0,1,1,2,0,0,1,2,3,70.8,83.8,57.8,28.6,41.5,66.7,66.7,100,0,33.3,16.7,0,0,104.2,4,1,3,33.3,1,3,33.3,1,4,25,2,1,3,1,1,0,0,0,2,50,42,0,66.7,100,151,-46.8,2,2,100,1,0,0,0,0,0,1,0,0,0,0,0,0,0,0,0,3,1,33.3,0,0,0,0
London Cavaliers,"J. Manning, J. Richards, M. Beasley, D. Delsol-Lowry, D. Braster",1,147,2,1,4,25,0,1,0,0,0,0,0,1,1,1,0,0,0,0,3,58.3,62.7,53.9,38.3,44.5,25,25,100,0,50,0,0,25,52.1,5,2,4,50,0,1,0,1,1,100,1,3,4,0,0,1,0,1,3,50,56.3,0,50,25,151.4,-99.3,2,1,50,1,0,0,1,0,0,0,0,0,0,2,1,50,1,1,100,1,0,0,0,0,0,0
London Cavaliers,"J. Manning, J. Richards, M. Beasley, D. Delsol-Lowry, A. Roberts",1,125,8,2,2,100,2,2,100,2,2,100,0,0,0,1,0,0,1,1,3,76.7,71.5,81.8,33.6,29.3,150,138.9,50,0,0,20.5,100,100,214.8,9,3,4,75,2,3,66.7,1,1,100,0,0,0,2,0,0,0,1,4,100,101.4,0,0,75,211.1,3.6,0,0,0,0,0,0,2,2,100,0,0,1,0,1,1,100,0,0,0,3,2,66.7,0,0,0,0
London Cavaliers,"J. Manning, D. Delsol-Lowry, M. Beasley, D. Braster, A. Pyne",1,136,5,2,3,66.7,1,2,50,0,0,0,0,1,1,1,2,1,1,0,3,76.2,67.8,84.7,35.4,28.3,83.3,83.3,50,0,33.3,20,0,66.7,130.2,2,1,5,20,0,2,0,0,0,0,2,1,3,1,0,0,2,0,4,20,20,28.6,66.7,40,41.7,88.5,1,1,100,0,0,0,2,1,50,0,0,0,1,2,1,50,1,0,0,2,0,0,1,1,0,0
London Cavaliers,"J. Manning, M. Collins, M. Beasley, D. Delsol-Lowry, A. Pyne",1,28,3,1,1,100,0,0,0,1,1,100,0,0,0,0,0,0,2,1,3,182.7,283.1,82.3,8.5,29.2,100,104.2,0,0,0,58.1,100,0,90.8,3,1,1,100,1,1,100,0,0,0,0,0,0,1,0,0,0,1,0,150,150,0,0,100,312.5,-221.7,1,1,100,0,0,0,0,0,0,0,0,0,1,0,0,0,0,0,0,1,1,100,0,0,0,0
London Cavaliers,"J. Richards, D. Delsol-Lowry, M. Beasley, A. Roberts, A. Pyne",1,94,6,2,4,50,2,4,50,0,0,0,0,1,1,2,0,0,0,0,3,85.8,98,73.5,24.5,32.6,75,75,100,0,100,0,0,100,156.2,4,2,3,66.7,0,1,0,0,0,0,0,1,1,1,0,0,0,0,2,66.7,66.7,0,0,33.3,138.9,17.4,0,0,0,0,0,0,4,2,50,0,0,0,0,1,1,100,1,1,100,1,0,0,0,0,0,0
London Cavaliers,"J. Richards, M. Beasley, D. Delsol-Lowry, D. Braster, O. Pond-Mckenzie",1,55,4,2,3,66.7,0,1,0,0,0,0,0,1,1,2,1,0,1,1,3,155.8,167.6,144.1,14.3,16.7,66.7,66.7,100,0,50,16.7,0,33.3,104.2,3,1,3,33.3,0,0,0,1,1,100,1,0,1,0,1,0,1,0,3,33.3,43.6,22.5,50,0,90.8,13.3,2,2,100,0,0,0,1,0,0,1,0,0,0,2,1,50,1,0,0,0,0,0,0,1,0,0
London Cavaliers,"D. Delsol-Lowry, M. Collins, M. Beasley, D. Braster, A. Pyne",1,106,4,1,5,20,0,1,0,2,2,100,2,1,3,0,0,0,0,1,3,74.8,84.3,65.2,28.5,36.8,20,34,0,66.7,100,0,40,20,107.4,3,1,2,50,1,1,100,0,0,0,0,1,1,1,0,1,1,0,2,75,75,33.3,0,50,104.2,3.2,3,1,33.3,1,0,0,1,0,0,0,0,0,0,0,0,0,1,0,0,1,1,100,1,0,0,0
Loughborough Riders,"J. Campbell, J. Campbell, M. Joiner, S. Wylie, S. Wylie",2,113,5,1,4,25,1,1,100,2,2,100,3,3,6,1,0,0,2,1,3,110.9,79.1,142.7,30.3,16.8,37.5,51.2,100,100,75,25.4,50,25,134.2,0,0,4,0,0,2,0,0,0,0,1,0,1,0,1,0,4,4,6,0,0,50,25,50,0,134.2,3,0,0,0,0,0,1,1,100,1,1,0,0,2,0,0,0,0,0,2,0,0,0,0,0,2
Loughborough Riders,"J. Campbell, J. Campbell, M. Joiner, J. Cook, L. Campbell",1,131,2,1,3,33.3,0,1,0,0,0,0,0,1,1,0,0,0,1,3,3,85.8,70.4,101.3,34.1,23.7,33.3,33.3,0,0,20,25,0,33.3,52.1,11,4,8,50,0,2,0,3,4,75,4,1,5,1,1,0,0,0,5,50,56.4,0,80,25,198.9,-146.8,1,0,0,1,1,100,1,0,0,0,1,0,0,4,3,75,2,1,50,2,0,0,0,0,0,0
Loughborough Riders,"J. Campbell, J. Campbell, M. Joiner, L. Campbell, S. Wylie",1,99,5,2,4,50,1,2,50,0,0,0,1,2,3,2,0,0,1,1,3,90.3,93.1,87.5,25.8,27.4,62.5,62.5,100,50,100,14.3,0,50,130.2,4,0,2,0,0,0,0,4,4,100,0,1,1,1,1,0,0,0,3,0,53.2,0,0,0,110.8,19.4,1,0,0,1,1,100,2,1,50,1,0,0,0,1,0,0,1,0,0,0,0,0,0,0,0,0
Loughborough Riders,"J. Campbell, J. Campbell, D. Hadley, J. Cook, L. Campbell",1,87,3,1,3,33.3,1,2,50,0,0,0,0,1,1,1,0,0,1,0,3,92.7,105.9,79.4,22.7,30.2,50,50,100,0,100,20,0,66.7,78.1,4,2,3,66.7,0,0,0,0,0,0,0,2,2,0,0,0,0,0,2,66.7,66.7,0,0,0,138.9,-60.8,1,0,0,0,0,0,2,1,50,1,0,0,0,2,1,50,1,1,100,0,0,0,0,0,0,0
Loughborough Riders,"J. Campbell, J. Campbell, J. Cook, L. Campbell, D. Hadley",1,83,3,1,3,33.3,1,3,33.3,0,0,0,0,3,3,0,0,0,1,0,3,111,111,111,21.6,21.6,50,50,0,0,75,25,0,100,78.1,2,1,5,20,0,0,0,0,0,0,1,1,2,0,1,0,0,0,3,20,20,0,25,0,52.1,26,0,0,0,0,0,0,3,1,33.3,1,0,0,0,4,1,25,1,0,0,0,0,0,0,0,0,0
Loughborough Riders,"J. Campbell, J. Campbell, L. Campbell, S. Wylie, C. Keys",1,78,3,1,5,20,1,3,33.3,0,0,0,1,2,3,1,0,0,0,1,3,103.4,118.2,88.6,20.3,27.1,30,30,100,25,100,0,0,60,78.1,0,0,2,0,0,0,0,0,0,0,0,3,3,0,0,0,1,0,2,0,0,33.3,0,0,0,78.1,1,0,0,1,0,0,3,1,33.3,0,0,0,0,1,0,0,1,0,0,0,0,0,0,1,0,0
Loughborough Riders,"J. Campbell, M. Joiner, L. Ehiorobo, T. Akinsuku, C. Nyarko",1,88,3,1,4,25,1,3,33.3,0,0,0,0,2,2,0,0,0,0,1,3,78.5,104.7,52.4,22.9,45.8,37.5,37.5,0,0,66.7,0,0,75,78.1,0,0,3,0,0,1,0,0,0,0,1,2,3,0,0,0,0,0,1,0,0,0,33.3,33.3,0,78.1,1,0,0,0,0,0,3,1,33.3,0,0,0,0,2,0,0,0,0,0,1,0,0,0,0,0,0
Loughborough Riders,"J. Campbell, M. Joiner, T. Akinsuku, C. Nyarko, S. Wylie",1,94,7,3,3,100,1,1,100,0,0,0,0,0,0,1,1,0,1,0,3,85.8,98,73.5,24.5,32.6,116.7,116.7,33.3,0,0,20,0,33.3,182.3,4,2,2,100,0,0,0,0,0,0,0,0,0,1,0,0,1,0,2,100,100,33.3,0,0,138.9,43.4,2,2,100,0,0,0,1,1,100,0,1,0,0,2,2,100,0,0,0,0,0,0,1,0,0,0
Loughborough Riders,"J. Campbell, M. Joiner, T. Akinsuku, L. Campbell, S. Wylie",1,115,5,2,3,66.7,1,1,100,0,0,0,0,2,2,2,0,0,1,0,3,70.1,80.1,60.1,29.9,39.9,83.3,83.3,100,0,100,16.7,0,33.3,130.2,3,1,3,33.3,1,3,33.3,0,0,0,0,1,1,1,0,0,0,0,2,50,50,0,0,100,104.2,26,2,1,50,0,0,0,1,1,100,1,0,0,0,0,0,0,0,0,0,3,1,33.3,0,0,0,0
Loughborough Riders,"J. Campbell, M. Joiner, J. Cook, J. Cook, C. Keys",1,115,3,1,2,50,0,1,0,1,2,50,0,1,1,1,0,1,1,1,3,112.2,77.7,146.7,30.9,16.4,50,52.1,100,0,50,20.5,100,50,80.5,7,2,7,28.6,1,4,25,2,3,66.7,1,2,3,1,1,0,0,1,7,35.7,42.1,0,50,57.1,99.6,-19.1,1,1,100,0,0,0,1,0,0,0,1,0,0,2,1,50,1,0,0,4,1,25,0,0,0,0
Loughborough Riders,"J. Campbell, M. Joiner, D. Hadley, C. Nyarko, T. Akinsuku",2,129,0,0,3,0,0,1,0,0,0,0,2,1,3,0,0,0,3,0,3,83.2,71.4,95,33.6,25.3,0,0,0,66.7,50,50,0,33.3,0,10,3,5,60,1,1,100,3,3,100,1,1,2,1,2,0,0,1,5,70,79.1,0,50,20,195.8,-195.8,1,0,0,1,0,0,1,0,0,1,2,0,0,2,2,100,2,0,0,1,1,100,0,0,0,0
Loughborough Riders,"J. Campbell, M. Joiner, D. Hadley, T. Akinsuku, S. Wylie",2,178,0,0,3,0,0,2,0,0,0,0,0,1,1,0,0,0,1,0,3,51.8,51.8,51.8,46.4,46.4,0,0,0,0,50,25,0,66.7,0,4,2,5,40,0,1,0,0,0,0,1,3,4,0,1,0,0,2,3,40,40,0,50,20,104.2,-104.2,1,0,0,0,0,0,2,0,0,1,0,0,0,3,1,33.3,1,1,100,1,0,0,0,0,0,0
Loughborough Riders,"J. Campbell, L. Ehiorobo, S. Wylie, C. Keys, M. Joiner",2,112,2,1,3,33.3,0,2,0,0,0,0,0,1,1,0,0,0,1,2,3,102.9,82.3,123.4,29.2,19.4,33.3,33.3,0,0,100,25,0,66.7,52.1,4,2,3,66.7,0,0,0,0,0,0,0,2,2,1,0,0,3,1,5,66.7,66.7,50,0,0,69.4,-17.4,1,1,100,0,0,0,2,0,0,0,0,0,1,2,2,100,1,0,0,0,0,0,0,1,0,1
Loughborough Riders,"J. Campbell, T. Akinsuku, L. Campbell, M. Joiner, C. Keys",1,106,2,1,3,33.3,0,1,0,0,0,0,0,1,1,1,0,0,1,1,3,76.1,86.9,65.2,27.6,36.8,33.3,33.3,100,0,100,20,0,33.3,52.1,2,1,3,33.3,0,1,0,0,0,0,0,2,2,1,1,0,0,0,2,33.3,33.3,0,0,33.3,69.4,-17.4,1,1,100,1,0,0,1,0,0,1,0,0,0,2,1,50,0,0,0,1,0,0,0,0,0,0
Loughborough Riders,"J. Campbell, J. Cook, C. Nyarko, J. Cook, D. Hadley",1,106,0,0,5,0,0,1,0,0,2,0,3,1,4,0,1,1,1,0,3,96.5,84.3,108.7,28.5,22.1,0,0,0,60,50,14.5,40,20,0,4,2,4,50,0,1,0,0,0,0,1,2,3,1,1,1,2,3,4,50,50,33.3,50,25,83.3,-83.3,2,0,0,2,0,0,1,0,0,1,0,0,0,3,2,66.7,0,0,0,1,0,0,1,1,0,0
Loughborough Riders,"J. Campbell, J. Cook, L. Campbell, S. Wylie, C. Keys",1,115,5,1,2,50,1,2,50,2,2,100,0,0,0,1,0,0,1,1,3,67.7,77.7,57.7,30.9,41.6,75,86.8,100,0,0,20.5,100,100,134.2,8,2,2,100,2,2,100,2,2,100,0,1,1,1,1,0,0,0,2,150,138.9,0,0,100,289.4,-155.1,0,0,0,0,0,0,2,1,50,0,1,0,0,0,0,0,0,0,0,2,2,100,0,0,0,0
Loughborough Riders,"J. Campbell, C. Nyarko, T. Akinsuku, S. Wylie, D. Hadley",2,89,6,3,5,60,0,2,0,0,0,0,1,1,2,0,0,0,0,2,3,113.4,103.6,123.2,23.2,19.5,60,60,0,100,100,0,0,40,156.2,4,0,1,0,0,0,0,4,4,100,0,0,0,0,0,0,2,1,4,0,72.5,42,0,0,87.5,68.7,3,3,100,0,0,0,2,0,0,0,0,0,0,1,0,0,0,0,0,0,0,0,0,0,0,1
Loughborough Riders,"J. Campbell, C. Nyarko, L. Campbell, D. Hadley, C. Keys",1,179,2,1,3,33.3,0,1,0,0,0,0,0,0,0,0,1,0,1,0,3,45.1,51.5,38.6,46.6,62.2,33.3,33.3,0,0,0,25,0,33.3,52.1,2,1,2,50,0,0,0,0,0,0,0,1,1,0,0,1,1,1,2,50,50,33.3,0,0,69.4,-17.4,1,0,0,1,1,100,1,0,0,1,0,0,0,2,1,50,0,0,0,0,0,0,0,1,0,0
Loughborough Riders,"J. Campbell, J. Cook, T. Akinsuku, D. Hadley, C. Keys",1,100,5,2,4,50,1,3,33.3,0,0,0,0,2,2,2,0,0,0,0,3,103.7,92.2,115.2,26.0,20.8,62.5,62.5,100,0,100,0,0,75,130.2,5,2,4,50,1,1,100,0,0,0,0,2,2,0,0,0,1,0,4,62.5,62.5,20,0,25,104.2,26,1,1,100,0,0,0,3,1,33.3,0,0,0,0,2,1,50,1,0,0,1,1,100,1,0,0,0
Loughborough Riders,"J. Campbell, M. Joiner, J. Cook, D. Hadley, C. Keys",1,82,3,1,3,33.3,0,0,0,1,1,100,0,1,1,1,0,0,0,1,3,102.8,96.7,109,24.8,22.0,33.3,43.6,100,0,100,0,33.3,0,90.8,4,1,3,33.3,0,1,0,2,2,100,0,2,2,1,0,0,0,0,3,33.3,51.5,0,0,33.3,107.4,-16.5,3,1,33.3,0,0,0,0,0,0,0,0,0,0,2,1,50,0,0,0,1,0,0,0,0,0,0
Loughborough Riders,"J. Campbell, S. Wylie, L. Campbell, S. Wylie, D. Hadley",1,75,2,1,4,25,0,1,0,0,0,0,0,1,1,0,0,0,0,2,3,127.8,122.9,132.7,19.5,18.1,25,25,0,0,100,0,0,25,52.1,8,2,3,66.7,1,2,50,3,3,100,0,1,1,1,0,0,0,0,4,83.3,92.6,0,0,66.7,192.9,-140.8,3,1,33.3,0,0,0,1,0,0,0,0,0,0,1,1,100,0,0,0,2,1,50,0,0,0,0
Loughborough Riders,"M. Joiner, L. Ehiorobo, D. Hadley, C. Keys, M. Joiner",1,159,5,2,4,50,1,3,33.3,0,0,0,1,0,1,2,0,0,1,1,3,58,58,58,41.4,41.4,62.5,62.5,100,50,0,14.3,0,75,130.2,8,4,4,100,0,0,0,0,0,0,0,1,1,2,1,0,0,0,3,100,100,0,0,0,208.3,-78.1,1,1,100,0,0,0,3,1,33.3,1,0,0,0,1,1,100,3,3,100,0,0,0,0,0,0,0
Loughborough Riders,"M. Joiner, T. Akinsuku, S. Wylie, D. Hadley, C. Keys",1,139,2,0,4,0,0,2,0,2,2,100,1,3,4,1,0,1,0,1,3,71.6,64.3,78.9,37.3,30.4,0,20.5,0,25,60,0,50,50,53.7,1,0,5,0,0,2,0,1,4,25,2,3,5,0,0,0,0,1,4,0,7.4,0,40,40,21.9,31.8,1,0,0,1,0,0,2,0,0,0,0,0,0,2,0,0,1,0,0,2,0,0,0,0,0,0
Loughborough Riders,"M. Joiner, S. Wylie, D. Hadley, T. Akinsuku, C. Keys",1,121,5,2,4,50,1,1,100,0,1,0,1,1,2,1,0,0,0,0,3,69.7,65.5,73.9,36.6,32.5,62.5,56.3,50,33.3,50,0,25,25,151.4,5,2,4,50,0,2,0,1,2,50,1,2,3,1,0,0,0,1,3,50,51.2,0,50,50,134.2,17.2,2,1,50,1,0,0,1,1,100,0,0,0,0,2,2,100,0,0,0,2,0,0,0,0,0,0
Loughborough Riders,"M. Joiner, D. Hadley, T. Akinsuku, S. Wylie, D. Hadley",1,164,3,1,4,25,1,3,33.3,0,0,0,0,2,2,1,0,0,0,2,3,56.2,56.2,56.2,42.7,42.7,37.5,37.5,100,0,100,0,0,75,78.1,3,1,4,25,1,3,33.3,0,0,0,0,3,3,1,0,0,0,0,3,37.5,37.5,0,0,75,78.1,0,1,0,0,0,0,0,3,1,33.3,0,0,0,0,0,0,0,1,0,0,3,1,33.3,0,0,0,0
Loughborough Riders,"L. Ehiorobo, S. Wylie, J. Cook, O. Curran, M. Joiner",1,160,11,4,6,66.7,3,5,60,0,0,0,2,2,4,2,1,0,0,2,3,63.9,57.6,70.3,41.7,34.2,91.7,91.7,50,100,50,0,0,83.3,286.5,2,1,5,20,0,1,0,0,2,0,2,0,2,1,0,0,1,1,4,20,17,14.5,50,20,42.7,243.8,1,1,100,0,0,0,5,3,60,0,0,0,0,2,1,50,2,0,0,1,0,0,0,1,0,0
Loughborough Riders,"L. Ehiorobo, J. Cook, D. Hadley, O. Curran, M. Joiner",1,94,5,2,2,100,0,0,0,1,1,100,0,2,2,1,0,0,1,0,3,84.3,84.3,84.3,28.5,28.5,100,102.5,50,0,100,22.5,50,0,151.4,0,0,2,0,0,1,0,0,1,0,0,0,0,0,1,0,1,2,3,0,0,29.1,0,50,0,151.4,0,0,0,2,2,100,0,0,0,1,0,0,0,1,0,0,0,0,0,1,0,0,1,0,0,0
Loughborough Riders,"L. Ehiorobo, D. Hadley, O. Curran, C. Keys, M. Joiner",1,153,4,2,3,66.7,0,1,0,0,0,0,0,1,1,2,0,0,1,0,3,67.8,60.2,75.3,39.8,31.9,66.7,66.7,100,0,100,16.7,0,33.3,104.2,7,3,5,60,1,1,100,0,0,0,0,1,1,1,1,0,0,0,4,70,70,0,0,20,145.8,-41.7,1,1,100,1,1,100,1,0,0,1,0,0,0,4,2,50,0,0,0,1,1,100,0,0,0,0
Loughborough Riders,"L. Ehiorobo, L. Campbell, D. Hadley, M. Joiner, C. Keys",1,83,3,1,3,33.3,1,1,100,0,0,0,1,0,1,1,1,0,2,1,3,109.4,111,107.7,21.6,22.3,50,50,100,50,0,33.3,0,33.3,78.1,1,0,0,0,0,0,0,1,2,50,0,1,1,0,1,0,3,1,3,0,56.8,77.3,0,0,26.8,51.3,2,0,0,0,0,0,1,1,100,1,0,0,1,0,0,0,0,0,0,0,0,0,1,0,0,1
Loughborough Riders,"L. Ehiorobo, D. Hadley, C. Keys, M. Joiner, C. Keys",1,112,4,2,4,50,0,2,0,0,0,0,0,1,1,1,2,0,0,0,3,82.3,82.3,82.3,29.2,29.2,50,50,50,0,50,0,0,50,104.2,2,1,3,33.3,0,0,0,0,0,0,1,2,3,1,0,0,2,0,3,33.3,33.3,40,50,0,52.1,52.1,2,2,100,0,0,0,2,0,0,0,0,0,0,2,1,50,1,0,0,0,0,0,2,0,0,0
Milton Keynes Breakers,"K. Williams, D. Jackson, M. New Jr., C. Tawiah, C. Thompson",1,269,6,2,5,40,2,5,40,0,0,0,2,2,4,2,2,1,1,1,3,42.8,34.3,51.4,70.1,46.7,60,60,100,50,33.3,12.5,0,100,156.2,2,1,7,14.3,0,2,0,0,0,0,4,2,6,1,1,0,3,4,5,14.3,14.3,30,66.7,28.6,34.7,121.5,0,0,0,0,0,0,5,2,40,1,0,0,0,3,0,0,2,1,50,2,0,0,2,1,1,0
Milton Keynes Breakers,"K. Williams, D. Jackson, L. Gregory, J. Spencer, B. Freckleton",1,141,3,1,3,33.3,1,1,100,0,0,0,0,0,0,1,0,0,1,0,3,64.4,65.4,63.4,36.7,37.9,50,50,100,0,0,20,0,33.3,78.1,6,2,3,66.7,0,0,0,2,2,100,0,1,1,0,1,1,0,0,3,66.7,77.3,0,0,0,161.1,-83,2,0,0,0,0,0,1,1,100,1,0,0,0,1,0,0,2,2,100,0,0,0,0,0,0,0
Milton Keynes Breakers,"D. Jackson, B. Baker-Mccann, J. Dietrich, M. New Jr., X. Wilson",2,118,4,1,2,50,0,0,0,2,2,100,0,0,0,0,0,0,1,0,3,67.2,75.8,58.6,31.7,41.0,50,69.4,0,0,0,25.8,100,0,107.4,4,2,2,100,0,0,0,0,0,0,0,1,1,1,0,0,1,1,2,100,100,33.3,0,0,138.9,-31.5,2,1,50,0,0,0,0,0,0,1,0,0,0,0,0,0,2,2,100,0,0,0,0,0,0,1
Milton Keynes Breakers,"D. Jackson, B. Baker-Mccann, L. Gregory, M. New Jr., X. Wilson",1,105,6,3,5,60,0,2,0,0,0,0,1,1,2,0,1,1,0,0,3,76.8,87.8,65.8,27.3,36.5,60,60,0,100,100,0,0,40,156.2,2,1,2,50,0,0,0,0,0,0,0,0,0,1,0,0,1,0,2,50,50,33.3,0,0,69.4,86.8,3,3,100,0,0,0,2,0,0,0,0,0,0,1,1,100,1,0,0,0,0,0,1,0,0,0
Milton Keynes Breakers,"D. Jackson, B. Baker-Mccann, M. New Jr., K. Oates, C. Thompson",1,133,4,2,5,40,0,2,0,0,0,0,1,3,4,0,0,1,0,1,3,76.9,69.3,84.5,34.6,28.4,40,40,0,33.3,75,0,0,40,104.2,5,2,5,40,0,1,0,1,2,50,1,2,3,0,0,0,0,1,4,40,42.5,0,25,20,106.7,-2.6,3,2,66.7,0,0,0,2,0,0,0,0,0,0,2,1,50,2,1,50,1,0,0,0,0,0,0
Milton Keynes Breakers,"D. Jackson, B. Baker-Mccann, J. Dietrich, X. Wilson, J. Spencer",1,83,4,2,3,66.7,0,0,0,0,1,0,0,0,0,1,1,0,0,2,3,79.9,95.5,64.4,25.1,37.3,66.7,58.1,50,0,0,0,33.3,0,121.1,3,0,0,0,0,0,0,3,3,100,0,1,1,1,0,0,1,1,2,0,113.6,43.1,0,0,134.7,-13.6,2,2,100,1,0,0,0,0,0,0,0,0,0,0,0,0,0,0,0,0,0,0,0,1,0,0
Milton Keynes Breakers,"D. Jackson, B. Baker-Mccann, M. New Jr., X. Wilson, B. Freckleton",2,142,1,0,2,0,0,1,0,1,2,50,0,2,2,1,0,0,1,0,3,63.9,63,64.9,38.1,37.0,0,17.4,0,0,100,20.5,100,50,26.8,5,2,4,50,1,2,50,0,0,0,0,2,2,1,1,0,0,0,3,62.5,62.5,0,0,50,130.2,-103.4,0,0,0,1,0,0,1,0,0,1,0,1,0,0,0,0,2,1,50,2,1,50,0,0,0,0
Milton Keynes Breakers,"D. Jackson, B. Baker-Mccann, X. Wilson, J. Spencer, C. Thompson",1,152,3,1,4,25,1,3,33.3,0,0,0,0,0,0,1,0,0,0,1,3,67.3,60.6,74,39.6,32.4,37.5,37.5,100,0,0,0,0,75,78.1,9,3,3,100,1,1,100,2,2,100,0,3,3,2,0,0,1,0,4,116.7,116,20.5,0,33.3,192.1,-114,0,0,0,1,0,0,3,1,33.3,0,0,0,0,2,2,100,0,0,0,1,1,100,0,0,0,1
Milton Keynes Breakers,"D. Jackson, L. Gregory, M. New Jr., K. Oates, B. Freckleton",1,95,2,1,3,33.3,0,2,0,0,0,0,0,1,1,0,2,0,1,0,3,97,97,97,24.7,24.7,33.3,33.3,0,0,50,25,0,66.7,52.1,3,1,3,33.3,1,2,50,0,0,0,1,1,2,1,1,0,2,0,3,50,50,40,50,66.7,78.1,-26,1,1,100,0,0,0,2,0,0,1,0,0,0,1,0,0,0,0,0,2,1,50,1,1,0,0
Milton Keynes Breakers,"J. Dietrich, L. Gregory, J. Spencer, B. Freckleton, C. Thompson",1,127,6,2,3,66.7,2,3,66.7,0,0,0,0,3,3,2,0,0,1,3,3,70.4,72.6,68.2,33.1,35.2,100,100,100,0,75,16.7,0,100,156.2,3,0,3,0,0,2,0,3,4,75,1,1,2,1,1,0,0,0,3,0,31.5,0,25,66.7,83.1,73.1,0,0,0,0,0,0,3,2,66.7,0,1,0,0,1,0,0,0,0,0,2,0,0,0,0,0,0
Milton Keynes Breakers,"J. Dietrich, M. New Jr., K. Oates, G. Formeloza, C. Thompson",1,89,5,2,3,66.7,1,1,100,0,0,0,1,1,2,1,1,0,2,0,3,116.5,103.6,129.4,23.2,18.5,83.3,83.3,50,100,100,33.3,0,33.3,130.2,2,1,3,33.3,0,2,0,0,0,0,0,0,0,0,1,0,2,0,4,33.3,33.3,40,0,66.7,41.7,88.5,2,1,50,0,0,0,1,1,100,0,1,0,1,1,1,100,0,0,0,2,0,0,1,0,0,1
Newcastle Knights,"B. Dean, S. Trunley, J. Thames, J. Soodeen, M. Jones",2,113,3,1,3,33.3,0,0,0,1,2,50,1,3,4,0,0,2,1,0,3,90.5,79.1,101.9,30.3,23.5,33.3,38.7,0,50,75,20.5,66.7,0,80.5,4,2,6,33.3,0,0,0,0,0,0,1,1,2,1,0,0,0,1,4,33.3,33.3,0,25,0,83.3,-2.8,3,1,33.3,0,0,0,0,0,0,0,1,0,1,6,2,33.3,0,0,0,0,0,0,0,0,0,0
Newcastle Knights,"B. Dean, S. Trunley, J. Thames, R. Graham-Bell, M. Hendry",1,79,7,3,4,75,1,2,50,0,0,0,0,0,0,1,0,0,0,2,3,121.3,116.7,126,20.6,19.0,87.5,87.5,33.3,0,0,0,0,50,182.3,9,3,3,100,0,0,0,3,3,100,0,1,1,2,0,0,0,0,4,100,104.2,0,0,0,217,-34.7,2,2,100,0,0,0,2,1,50,0,0,0,0,3,3,100,0,0,0,0,0,0,0,0,0,0
Newcastle Knights,"B. Dean, S. Trunley, J. Thames, M. Hendry, S. Angus",1,172,3,1,4,25,0,2,0,1,2,50,1,2,3,0,0,0,0,1,3,52.8,52,53.6,46.2,44.8,25,30.7,0,25,66.7,0,50,50,80.5,3,1,5,20,1,2,50,0,0,0,1,3,4,1,0,0,0,0,3,30,30,0,33.3,40,78.1,2.4,0,0,0,2,1,50,2,0,0,0,0,0,0,1,0,0,2,0,0,2,1,50,0,0,0,0
Newcastle Knights,"B. Dean, J. Thames, J. Soodeen, R. Graham-Bell, M. Hendry",1,97,5,2,3,66.7,1,1,100,0,2,0,0,1,1,1,0,0,0,1,3,92.2,92.2,92.2,26.0,26.0,83.3,64.4,50,0,100,0,66.7,33.3,134.2,6,2,3,66.7,0,1,0,2,2,100,0,2,2,1,0,1,0,1,3,66.7,77.3,0,0,33.3,161.1,-26.8,1,0,0,1,1,100,1,1,100,0,0,0,0,2,2,100,0,0,0,1,0,0,0,0,0,0
Newcastle Knights,"B. Dean, J. Thames, J. Soodeen, R. Reed, M. Matthews",1,118,5,2,5,40,1,3,33.3,0,0,0,1,3,4,2,0,0,0,0,3,87.9,78.1,97.6,30.7,24.6,50,50,100,33.3,100,0,0,60,130.2,4,2,5,40,0,1,0,0,0,0,0,2,2,1,0,0,0,1,4,40,40,0,0,20,83.3,46.9,2,1,50,0,0,0,3,1,33.3,0,0,0,0,2,1,50,2,1,50,1,0,0,0,0,0,0
Newcastle Knights,"S. Trunley, J. Thames, J. Soodeen, H. Abdul, S. Angus",1,125,5,2,3,66.7,0,0,0,1,2,50,0,2,2,3,0,0,0,2,3,72.6,71.5,73.7,33.6,32.6,66.7,64.4,150,0,100,0,66.7,0,134.2,2,1,4,25,0,2,0,0,0,0,0,1,1,1,0,0,0,0,3,25,25,0,0,50,52.1,82.2,2,2,100,1,0,0,0,0,0,0,0,0,0,1,1,100,1,0,0,2,0,0,0,0,1,0
Newcastle Knights,"S. Trunley, J. Thames, F. Cork, M. Hendry, T. Riley",1,109,4,2,4,50,0,1,0,0,0,0,2,1,3,1,0,0,2,1,3,93.9,84.6,103.2,28.4,23.3,50,50,50,100,33.3,28.6,0,25,104.2,5,2,5,40,0,1,0,1,2,50,2,0,2,1,2,1,1,0,4,40,42.5,14.5,66.7,20,106.7,-2.6,2,1,50,1,1,100,1,0,0,2,0,0,0,4,2,50,0,0,0,1,0,0,0,1,0,0
Newcastle Knights,"S. Trunley, J. Thames, H. Abdul, R. Reed, M. Matthews",1,105,3,1,5,20,1,3,33.3,0,0,0,2,0,2,1,1,0,1,0,3,98.7,87.8,109.7,27.3,21.9,30,30,100,66.7,0,14.3,0,60,78.1,2,1,2,50,0,1,0,0,0,0,0,1,1,0,1,1,3,1,4,50,50,60,0,50,41.7,36.5,1,0,0,1,0,0,3,1,33.3,1,0,0,0,1,1,100,0,0,0,1,0,0,1,0,0,1
Newcastle Knights,"J. Thames, J. Soodeen, R. Graham-Bell, H. Abdul, M. Jones",1,103,5,2,4,50,0,0,0,1,2,50,1,1,2,2,2,0,0,1,3,76.9,86.8,67.1,27.7,35.8,50,51.2,100,33.3,100,0,50,0,134.2,0,0,1,0,0,0,0,0,0,0,0,2,2,0,0,1,2,0,2,0,0,66.7,0,0,0,134.2,3,2,66.7,1,0,0,0,0,0,0,0,0,0,1,0,0,0,0,0,0,0,0,1,1,0,0
Newcastle Knights,"F. Cork, R. Graham-Bell, H. Abdul, M. Jones, M. Matthews",1,115,4,1,1,100,1,1,100,1,2,50,0,1,1,1,0,1,2,0,3,89,77.7,100.2,30.9,24.0,150,106.4,100,0,100,41,200,100,107.4,7,3,5,60,1,1,100,0,0,0,0,0,0,2,2,0,0,2,4,70,70,0,0,20,145.8,-38.4,0,0,0,0,0,0,1,1,100,1,1,0,0,2,1,50,2,1,50,1,1,100,0,0,0,0
Nottingham Hoods,"T. Bonsu, T. Williams, T. Bonsu, D. Nixon Ii, S. Akano",1,63,2,1,2,50,0,1,0,0,0,0,0,1,1,0,1,0,2,2,3,128,146.3,109.7,16.4,21.9,50,50,0,0,100,50,0,50,52.1,0,0,2,0,0,1,0,0,0,0,0,1,1,0,0,0,1,1,2,0,0,33.3,0,50,0,52.1,1,1,100,0,0,0,1,0,0,0,0,0,1,1,0,0,0,0,0,1,0,0,1,0,0,0
Nottingham Hoods,"T. Bonsu, T. Williams, K. Bartholomew, S. Akano, M. Savery-Richards",1,145,2,1,4,25,0,1,0,0,0,0,0,0,0,0,1,0,0,0,3,70.6,63.6,77.5,37.8,31.0,25,25,0,0,0,0,0,25,52.1,7,3,4,75,0,0,0,1,2,50,1,3,4,0,0,1,1,1,4,75,71.7,17,100,0,149.4,-97.3,2,0,0,1,1,100,1,0,0,0,0,0,0,2,1,50,2,2,100,0,0,0,0,1,0,0
Nottingham Hoods,"T. Williams, T. Bonsu, J. Griffith, D. Nixon Ii, K. Bartholomew",1,150,7,3,4,75,1,2,50,0,0,0,0,2,2,1,2,0,0,1,3,76.8,61.4,92.2,39.1,26.0,87.5,87.5,33.3,0,66.7,0,0,50,182.3,2,1,4,25,0,2,0,0,0,0,1,1,2,0,0,0,3,2,5,25,25,42.9,33.3,50,34.7,147.6,1,1,100,1,1,100,2,1,50,0,0,0,0,1,1,100,1,0,0,2,0,0,1,2,0,0
Nottingham Hoods,"T. Williams, B. Johnson, L. Maitland, D. Nixon Ii, E. Bailey",1,99,6,3,5,60,0,2,0,0,0,0,1,1,2,2,0,0,0,1,3,90.3,93.1,87.5,25.8,27.4,60,60,66.7,50,100,0,0,40,156.2,6,2,2,100,0,0,0,2,4,50,0,1,1,2,0,0,0,0,3,100,79.8,0,0,0,166.2,-10,2,2,100,1,1,100,2,0,0,0,0,0,0,2,2,100,0,0,0,0,0,0,0,0,0,0
Nottingham Hoods,"C. Ross, T. Bonsu, B. Johnson, E. Bailey, S. Akano",1,76,0,0,2,0,0,1,0,0,0,0,0,0,0,0,0,0,2,1,3,112.8,121.3,104.3,19.8,23.0,0,0,0,0,0,50,0,50,0,8,3,3,100,1,1,100,1,1,100,0,0,0,2,2,1,0,0,3,116.7,116.3,0,0,33.3,242.2,-242.2,0,0,0,1,0,0,1,0,0,0,2,0,0,2,2,100,0,0,0,1,1,100,0,0,0,0
Nottingham Hoods,"C. Ross, T. Bonsu, L. Maitland, E. Bailey, S. Akano",1,106,0,0,3,0,0,1,0,0,0,0,1,1,2,0,0,0,2,1,3,74.8,86.9,62.6,27.6,38.3,0,0,0,33.3,33.3,40,0,33.3,0,4,1,4,25,0,0,0,2,2,100,2,2,4,1,2,0,0,0,2,25,41,0,66.7,0,144.7,-144.7,1,0,0,1,0,0,1,0,0,1,1,0,0,4,1,25,0,0,0,0,0,0,0,0,0,0
Nottingham Hoods,"A. Adedo, S. Jamison, B. Johnson, D. Nixon Ii, M. Savery-Richards",1,89,2,1,3,33.3,0,0,0,0,0,0,0,1,1,1,1,0,1,2,3,120.6,103.6,137.7,23.2,17.4,33.3,33.3,100,0,50,20,0,0,52.1,6,2,3,66.7,1,2,50,1,3,33.3,1,2,3,2,0,0,2,0,5,83.3,69.4,31.6,50,66.7,117.5,-65.4,1,0,0,2,1,50,0,0,0,0,1,0,0,1,1,100,0,0,0,2,1,50,1,1,0,0
Nottingham Hoods,"A. Adedo, S. Jamison, K. Bartholomew, S. Akano, M. Savery-Richards",2,106,4,2,4,50,0,2,0,0,0,0,0,2,2,2,1,0,0,1,3,95.2,86.9,103.5,27.6,23.2,50,50,100,0,100,0,0,50,104.2,3,1,2,50,0,0,0,1,4,25,0,2,2,2,0,2,1,0,4,50,39.9,21,0,0,65.7,38.5,2,2,100,0,0,0,2,0,0,0,0,0,0,2,1,50,0,0,0,0,0,0,1,0,0,0
Nottingham Hoods,"A. Adedo, S. Jamison, T. Williams, E. Bailey, C. Ross",1,124,7,3,4,75,1,1,100,0,0,0,0,1,1,1,1,0,0,1,3,74.3,74.3,74.3,32.3,32.3,87.5,87.5,33.3,0,100,0,0,25,182.3,5,2,3,66.7,1,1,100,0,0,0,0,1,1,1,0,0,1,0,3,83.3,83.3,25,0,33.3,130.2,52.1,2,1,50,1,1,100,1,1,100,0,0,0,0,2,1,50,0,0,0,1,1,100,1,0,0,0
Nottingham Hoods,"A. Adedo, S. Jamison, T. Williams, M. Savery-Richards, C. Ross",1,112,0,0,3,0,0,0,0,0,0,0,2,1,3,0,0,0,3,1,3,66.2,82.3,50.2,29.2,47.8,0,0,0,66.7,100,50,0,0,0,1,0,1,0,0,1,0,1,1,100,0,1,1,0,0,0,1,0,2,0,34.7,41,0,100,42.7,-42.7,3,0,0,0,0,0,0,0,0,0,1,0,1,0,0,0,0,0,0,1,0,0,0,1,0,0
Nottingham Hoods,"A. Adedo, B. Johnson, D. Nixon Ii, A. Sandu-Nelson, M. Savery-Richards",1,104,0,0,4,0,0,3,0,0,0,0,1,2,3,0,0,0,1,1,3,99.7,88.6,110.8,27.1,21.7,0,0,0,33.3,100,20,0,75,0,5,2,5,40,1,3,33.3,0,0,0,0,2,2,2,1,0,0,0,4,50,50,0,0,60,104.2,-104.2,0,0,0,1,0,0,3,0,0,0,1,0,0,1,1,100,1,0,0,3,1,33.3,0,0,0,0
Nottingham Hoods,"A. Adedo, K. Bartholomew, A. Sandu-Nelson, T. Williams, M. Savery-Richards",1,156,3,1,4,25,1,1,100,0,0,0,0,0,0,1,1,0,0,0,3,59.1,59.1,59.1,40.6,40.6,37.5,37.5,100,0,0,0,0,25,78.1,4,2,4,50,0,0,0,0,0,0,1,2,3,1,0,1,1,0,3,50,50,20,100,0,104.2,-26,3,0,0,0,0,0,1,1,100,0,0,0,0,2,2,100,2,0,0,0,0,0,0,1,0,0
Nottingham Hoods,"T. Bonsu, J. Griffith, B. Johnson, L. Maitland, D. Nixon Ii",1,84,4,1,2,50,0,0,0,2,2,100,0,1,1,0,1,1,1,0,3,94.4,106.4,82.3,22.6,29.2,50,69.4,0,0,100,25.8,100,0,107.4,2,1,2,50,0,0,0,0,0,0,0,1,1,1,0,0,1,0,2,50,50,33.3,0,0,69.4,37.9,2,1,50,0,0,0,0,0,0,1,0,0,0,1,1,100,1,0,0,0,0,0,0,1,0,0
Nottingham Hoods,"T. Bonsu, J. Griffith, L. Maitland, D. Nixon Ii, E. Bailey",1,91,0,0,2,0,0,0,0,0,0,0,0,1,1,0,0,0,2,4,3,110.9,101.3,120.5,23.7,19.9,0,0,0,0,33.3,50,0,0,0,2,0,3,0,0,1,0,2,4,50,2,1,3,0,0,0,2,1,4,0,21,29.6,66.7,33.3,43.8,-43.8,0,0,0,2,0,0,0,0,0,0,0,0,1,2,0,0,0,0,0,1,0,0,0,0,0,1
Nottingham Hoods,"T. Bonsu, L. Maitland, K. Bartholomew, A. Sandu-Nelson, E. Bailey",1,114,6,3,5,60,0,0,0,0,0,0,1,1,2,3,1,0,0,2,3,88.5,80.8,96.2,29.7,24.9,60,60,100,50,100,0,0,0,156.2,6,1,2,50,0,1,0,4,4,100,0,1,1,0,0,0,1,0,4,50,79.8,21,0,50,131.3,24.9,5,3,60,0,0,0,0,0,0,0,0,0,0,1,1,100,0,0,0,1,0,0,0,1,0,0
Nottingham Hoods,"S. Jamison, K. Bartholomew, A. Sandu-Nelson, S. Akano, M. Savery-Richards",1,79,4,1,2,50,0,1,0,2,4,50,0,2,2,0,0,0,0,1,3,105,109.7,100.3,21.9,23.9,50,53.2,0,0,100,0,200,50,110.8,3,1,3,33.3,0,2,0,1,1,100,0,2,2,1,0,0,0,1,3,33.3,43.6,0,0,66.7,90.8,20,1,1,100,0,0,0,1,0,0,0,0,0,0,1,1,100,0,0,0,2,0,0,0,0,0,0
Reading Rockets,"M. Bryant, J. Waterhouse, J. Bouknight, Z. Poorman, S. Chamberlain",1,149,4,2,4,50,0,2,0,0,0,0,1,1,2,0,1,0,1,1,3,61.9,61.9,61.9,38.8,38.8,50,50,0,50,50,20,0,50,104.2,5,2,4,50,1,3,33.3,0,0,0,1,1,2,2,1,0,1,1,3,62.5,62.5,20,50,75,130.2,-26,2,2,100,0,0,0,2,0,0,1,0,0,0,1,1,100,0,0,0,3,1,33.3,0,1,0,0
Reading Rockets,"M. Bryant, T. Nsangu, C. Creek, Z. Poorman, E. Harrington",1,33,5,0,0,0,0,0,0,5,6,83.3,0,2,2,0,1,0,1,0,3,332.3,254.1,410.5,9.4,5.8,0,94.7,0,0,66.7,27.5,0,0,143.1,2,0,5,0,0,5,0,2,2,100,1,0,1,0,0,0,1,3,5,0,17,14.5,33.3,100,35.4,107.7,0,0,0,0,0,0,0,0,0,0,0,0,1,0,0,0,0,0,0,5,0,0,1,0,0,0
Reading Rockets,"M. Bryant, T. Nsangu, J. Bouknight, Y. Salih, V. Olarerin",1,93,4,2,5,40,0,1,0,0,0,0,1,2,3,0,0,0,0,0,3,99.1,99.1,99.1,24.2,24.2,40,40,0,33.3,100,0,0,20,104.2,5,2,4,50,1,3,33.3,0,0,0,0,2,2,1,0,0,0,4,3,62.5,62.5,0,0,75,130.2,-26,2,1,50,2,1,50,1,0,0,0,0,0,0,1,1,100,0,0,0,3,1,33.3,0,0,0,0
Reading Rockets,"M. Bryant, L. Sayles, C. Creek, J. Bouknight, Y. Salih",1,87,2,0,1,0,0,0,0,2,2,100,0,0,0,0,0,0,2,1,3,91.1,102.8,79.4,23.4,30.2,0,53.2,0,0,0,51.5,200,0,53.7,6,3,4,75,0,1,0,0,0,0,1,1,2,0,0,0,0,1,2,75,75,0,100,25,208.3,-154.6,1,0,0,0,0,0,0,0,0,0,0,0,1,3,3,100,0,0,0,1,0,0,0,0,0,0
Reading Rockets,"M. Bryant, L. Sayles, C. Creek, Y. Salih, Z. Poorman",2,111,3,1,2,50,0,1,0,1,1,100,0,2,2,0,1,0,1,1,3,66.8,71.4,62.3,33.6,38.5,50,61.5,0,0,100,29.1,50,50,90.8,0,0,2,0,0,1,0,0,0,0,0,1,1,0,0,0,1,1,2,0,0,33.3,0,50,0,90.8,1,1,100,0,0,0,1,0,0,0,1,0,0,1,0,0,0,0,0,1,0,0,1,0,0,0
Reading Rockets,"M. Bryant, J. Bouknight, Y. Salih, Z. Poorman, S. Chamberlain",1,103,5,2,4,50,1,2,50,0,0,0,1,2,3,1,0,0,1,0,3,89.5,89.5,89.5,26.8,26.8,62.5,62.5,50,50,66.7,16.7,0,50,130.2,5,2,5,40,1,2,50,0,0,0,1,1,2,1,1,0,0,0,3,50,50,0,33.3,40,130.2,0,2,1,50,0,0,0,2,1,50,0,1,0,0,3,1,33.3,0,0,0,2,1,50,0,0,0,0
Reading Rockets,"M. Bryant, J. Bouknight, Y. Salih, V. Olarerin, S. Chamberlain",2,90,4,1,2,50,0,0,0,2,2,100,0,0,0,0,1,0,1,1,3,106.5,99.3,113.7,24.2,21.1,50,69.4,0,0,0,25.8,100,0,107.4,5,2,3,66.7,0,1,0,1,1,100,0,1,1,1,0,0,1,1,4,66.7,72.7,22.5,0,33.3,117.3,-9.9,1,0,0,1,1,100,0,0,0,0,0,0,1,2,2,100,0,0,0,1,0,0,0,1,1,0
Reading Rockets,"M. Bryant, J. Bouknight, E. Harrington, V. Olarerin, S. Chamberlain",1,50,8,4,5,80,0,0,0,0,0,0,1,0,1,2,1,0,0,1,3,168.7,184.3,153,13.0,15.7,80,80,50,100,0,0,0,0,208.3,5,1,2,50,0,1,0,3,3,100,1,0,1,1,0,0,1,0,3,50,75.3,23.1,100,50,156.9,51.5,5,4,80,0,0,0,0,0,0,0,0,0,0,1,1,100,0,0,0,1,0,0,0,1,0,0
Reading Rockets,"J. Waterhouse, T. Nsangu, C. Creek, J. Bouknight, Z. Poorman",2,112,7,3,4,75,1,2,50,0,0,0,0,1,1,1,1,0,0,1,3,81.1,82.3,79.8,29.2,30.1,87.5,87.5,33.3,0,100,0,0,50,182.3,3,1,1,100,0,0,0,1,2,50,0,1,1,0,0,0,2,0,3,100,79.8,51.5,0,0,80.5,101.8,1,1,100,1,1,100,2,1,50,0,0,0,0,0,0,0,1,1,100,0,0,0,1,1,0,0
Reading Rockets,"J. Waterhouse, L. Sayles, M. Hassan-Taylor, J. Bouknight, Z. Poorman",1,124,2,1,5,20,0,2,0,0,0,0,1,0,1,1,0,0,0,2,3,63.9,74.3,53.5,32.3,44.8,20,20,100,25,0,0,0,40,52.1,5,2,2,100,0,0,0,1,2,50,0,3,3,0,0,0,0,0,2,100,86.8,0,0,0,180.8,-128.8,2,1,50,1,0,0,2,0,0,0,0,0,0,2,2,100,0,0,0,0,0,0,0,0,0,0
Reading Rockets,"J. Waterhouse, L. Sayles, M. Hassan-Taylor, Y. Salih, S. Chamberlain",1,94,3,1,3,33.3,1,2,50,0,0,0,0,1,1,1,0,0,1,1,3,85.8,98,73.5,24.5,32.6,50,50,100,0,50,20,0,66.7,78.1,4,2,4,50,0,1,0,0,0,0,1,2,3,1,1,0,0,0,2,50,50,0,50,25,138.9,-60.8,1,0,0,0,0,0,2,1,50,0,1,0,0,2,1,50,1,1,100,1,0,0,0,0,0,0
Reading Rockets,"T. Nsangu, L. Sayles, M. Hassan-Taylor, E. Harrington, S. Chamberlain",1,77,2,1,3,33.3,0,1,0,0,0,0,0,2,2,1,1,1,1,1,3,132.9,119.7,146,20.1,16.4,33.3,33.3,100,0,100,20,0,33.3,52.1,0,0,2,0,0,1,0,0,2,0,0,2,2,0,0,0,2,0,4,0,0,41,0,50,0,52.1,2,1,50,0,0,0,1,0,0,0,0,0,1,1,0,0,0,0,0,1,0,0,1,0,0,1
Reading Rockets,"T. Nsangu, L. Sayles, J. Bouknight, V. Olarerin, S. Chamberlain",1,150,4,1,4,25,0,2,0,2,2,100,1,2,3,1,0,0,0,1,3,60.5,59.6,61.4,40.3,39.1,25,41,100,50,66.7,0,50,50,107.4,5,2,5,40,1,1,100,0,0,0,1,1,2,1,0,0,0,1,3,50,50,0,33.3,20,130.2,-22.8,2,1,50,0,0,0,2,0,0,0,0,0,0,2,0,0,2,1,50,1,1,100,0,0,0,0
Reading Rockets,"T. Nsangu, L. Sayles, Y. Salih, E. Harrington, S. Chamberlain",1,100,2,1,1,100,0,0,0,0,0,0,0,2,2,1,0,1,3,0,3,115.2,92.2,138.2,26.0,17.4,100,100,100,0,66.7,60,0,0,52.1,5,2,5,40,1,2,50,0,0,0,1,0,1,0,1,0,2,1,5,50,50,28.6,33.3,40,86.8,-34.7,1,1,100,0,0,0,0,0,0,0,2,0,1,3,1,33.3,0,0,0,2,1,50,0,0,0,1
Reading Rockets,"T. Nsangu, C. Creek, J. Bouknight, Z. Poorman, E. Harrington",1,106,5,2,3,66.7,1,2,50,0,0,0,1,0,1,2,0,0,2,3,3,98.7,86.9,110.4,27.6,21.7,83.3,83.3,100,100,0,28.6,0,66.7,130.2,12,2,2,100,1,1,100,7,7,100,0,0,0,1,1,0,0,0,4,125,118.1,0,0,50,246.1,-115.9,1,1,100,0,0,0,2,1,50,1,0,0,1,0,0,0,1,1,100,1,1,100,0,0,0,0
Reading Rockets,"T. Nsangu, Y. Salih, Z. Poorman, V. Olarerin, S. Chamberlain",1,134,6,2,3,66.7,1,2,50,1,2,50,0,3,3,1,0,0,0,2,3,76.3,66.7,86,36.0,27.9,83.3,77.3,50,0,75,0,66.7,66.7,161.1,4,2,6,33.3,0,3,0,0,0,0,1,2,3,2,0,0,0,1,4,33.3,33.3,0,25,50,83.3,77.7,1,1,100,0,0,0,2,1,50,0,0,0,0,3,2,66.7,0,0,0,3,0,0,0,0,0,0
Reading Rockets,"L. Sayles, J. Bouknight, Y. Salih, Z. Poorman, V. Olarerin",1,150,4,1,5,20,1,4,25,1,2,50,3,1,4,0,0,0,1,1,3,68.2,59.6,76.8,40.3,31.2,30,34,0,75,50,14.5,40,80,107.4,2,1,3,33.3,0,1,0,0,0,0,1,1,2,0,1,0,3,2,4,33.3,33.3,50,50,33.3,41.7,65.7,0,0,0,1,0,0,4,1,25,1,0,0,0,2,1,50,0,0,0,1,0,0,0,1,0,1
Reading Rockets,"C. Creek, M. Hassan-Taylor, J. Bouknight, V. Olarerin, S. Chamberlain",2,159,8,2,3,66.7,2,3,66.7,2,2,100,0,0,0,2,0,0,0,0,3,57.1,56.2,58,42.7,41.4,100,103.1,100,0,0,0,66.7,100,214.8,9,4,4,100,1,1,100,0,0,0,0,0,0,2,0,0,0,2,3,112.5,112.5,0,0,25,234.4,-19.6,0,0,0,0,0,0,3,2,66.7,0,0,0,0,2,2,100,1,1,100,1,1,100,0,0,0,0
Reading Rockets,"C. Creek, J. Bouknight, Z. Poorman, E. Harrington, V. Olarerin",2,151,6,2,4,50,0,1,0,2,2,100,1,1,2,0,1,1,0,4,3,73.5,59.2,87.9,40.5,27.3,50,61.5,0,50,50,0,50,25,161.1,3,0,4,0,0,2,0,3,4,75,1,1,2,1,0,0,1,1,5,0,26,14.8,50,50,54.3,106.8,3,2,66.7,0,0,0,1,0,0,0,0,0,0,2,0,0,0,0,0,2,0,0,0,1,0,0
Worthing Thunder,"D. Evans, M. Bryan-Amaning, E. Maynard, A. Scarborough, E. Dadds",1,108,2,1,4,25,0,1,0,0,0,0,1,0,1,0,2,0,1,2,3,73.4,85.3,61.4,28.1,39.1,25,25,0,33.3,0,20,0,25,52.1,2,0,1,0,0,1,0,2,2,100,1,2,3,0,1,0,2,0,2,0,53.2,51.5,100,100,72.3,-20.3,2,1,50,1,0,0,1,0,0,0,1,0,0,0,0,0,0,0,0,1,0,0,1,1,0,0
Worthing Thunder,"D. Evans, J. Hopkins, E. Maynard, A. Scarborough, E. Dadds",2,108,0,0,2,0,0,2,0,0,0,0,0,2,2,0,1,0,2,1,3,79.4,85.3,73.4,28.1,32.7,0,0,0,0,66.7,50,0,100,0,2,1,3,33.3,0,0,0,0,1,0,1,2,3,0,0,0,1,1,3,33.3,29.1,22.5,33.3,0,60.6,-60.6,0,0,0,0,0,0,2,0,0,0,0,0,1,3,1,33.3,0,0,0,0,0,0,0,1,0,0
Worthing Thunder,"D. Evans, E. Maynard, A. Scarborough, B. Adeluola, E. Dadds",1,96,6,1,2,50,0,0,0,4,4,100,0,1,1,2,2,0,0,2,3,91.7,90.2,93.1,26.6,25.8,50,79.8,200,0,100,0,200,0,166.2,1,0,1,0,0,1,0,1,2,50,0,1,1,0,0,0,2,1,3,0,26.6,51.5,0,100,26.8,139.4,2,1,50,0,0,0,0,0,0,0,0,0,0,0,0,0,0,0,0,1,0,0,2,0,0,0
Worthing Thunder,"M. Bryan-Amaning, J. Hopkins, E. Maynard, B. Adeluola, B. Lomeka",1,96,6,3,4,75,0,0,0,0,0,0,0,1,1,2,0,0,0,0,3,120,96,144,25.0,16.7,75,75,66.7,0,100,0,0,0,156.2,9,3,4,75,3,4,75,0,0,0,0,1,1,3,0,0,2,1,5,112.5,112.5,33.3,0,100,156.2,0,3,2,66.7,1,1,100,0,0,0,0,0,0,0,0,0,0,0,0,0,4,3,75,0,0,0,1
Worthing Thunder,"J. Hopkins, E. Maynard, T. Mcindoe, A. Scarborough, B. Adeluola",1,105,8,3,4,75,2,3,66.7,0,0,0,0,0,0,2,0,0,0,2,3,75.5,87.8,63.2,27.3,38.0,100,100,66.7,0,0,0,0,75,208.3,5,2,2,100,0,0,0,1,2,50,0,1,1,0,0,0,0,1,2,100,86.8,0,0,0,180.8,27.5,1,1,100,0,0,0,3,2,66.7,0,0,0,0,2,2,100,0,0,0,0,0,0,0,0,0,0
Yorkshire Dragons,"R. Ani, D. Ulph, J. Whelan, L. Rooney, J. Jefferson",1,124,4,0,3,0,0,1,0,4,4,100,1,1,2,0,0,0,0,2,3,72.1,69.9,74.3,34.4,32.3,0,42,0,50,100,0,133.3,33.3,110.8,8,3,4,75,2,2,100,0,0,0,0,1,1,2,0,1,0,2,3,100,100,0,0,50,208.3,-97.5,1,0,0,1,0,0,1,0,0,0,0,0,0,2,1,50,0,0,0,2,2,100,0,0,0,0
Yorkshire Dragons,"R. Ani, D. Ulph, J. Whelan, A. Lycoudis, N. Lewis",1,72,0,0,3,0,0,2,0,0,0,0,0,1,1,0,0,0,1,1,3,126.1,128,124.2,18.8,19.3,0,0,0,0,100,25,0,66.7,0,5,2,3,66.7,0,1,0,1,2,50,0,2,2,1,1,0,0,0,3,66.7,64.4,0,0,33.3,134.2,-134.2,1,0,0,0,0,0,2,0,0,1,0,0,0,2,2,100,0,0,0,1,0,0,0,0,0,0
Yorkshire Dragons,"D. Ulph, A. Lycoudis, J. Whelan, J. Mielke, C. Johnson",1,85,4,2,4,50,0,1,0,0,0,0,0,0,0,1,0,0,0,1,3,93.2,108.4,78.1,22.1,30.7,50,50,50,0,0,0,0,25,104.2,6,2,2,100,0,0,0,2,2,100,0,1,1,0,0,0,0,0,2,100,104.2,0,0,0,217,-112.8,2,2,100,1,0,0,1,0,0,0,0,0,0,1,1,100,1,1,100,0,0,0,0,0,0,0
Yorkshire Dragons,"D. Ulph, B. Tew, E. Brownell, J. Whelan, S. Mamuini",1,87,2,1,3,33.3,0,1,0,0,0,0,0,2,2,0,0,0,1,0,3,105.9,105.9,105.9,22.7,22.7,33.3,33.3,0,0,100,25,0,33.3,52.1,2,1,3,33.3,0,2,0,0,0,0,0,2,2,1,1,0,1,0,3,33.3,33.3,25,0,66.7,52.1,0,1,0,0,1,1,100,1,0,0,1,0,0,0,1,1,100,0,0,0,2,0,0,1,0,0,0
Yorkshire Dragons,"D. Ulph, B. Tew, L. Rooney, C. Johnson, N. Lewis",1,97,3,1,1,100,1,1,100,0,0,0,0,1,1,1,1,0,3,1,3,92.2,95,89.3,25.3,26.9,150,150,100,0,100,60,0,100,78.1,3,0,1,0,0,1,0,3,4,75,0,0,0,1,1,0,1,0,3,0,54.3,26.6,0,100,83.1,-5,0,0,0,0,0,0,1,1,100,1,0,0,1,0,0,0,0,0,0,1,0,0,0,1,0,0
Birmingham Rockets,"R. Blain, T. Grayling, L. Mcgregor, F. Mughaal, M. Gayle",1,93,2,1,2,50,0,0,0,0,0,0,0,0,0,0,0,1,1,0,2,74.3,74.3,74.3,32.3,32.3,50,50,0,0,0,33.3,0,0,69.4,7,3,4,75,1,1,100,0,0,0,1,1,2,1,0,0,0,0,2,87.5,87.5,0,100,25,243.1,-173.6,1,1,100,1,0,0,0,0,0,0,0,0,1,3,2,66.7,0,0,0,1,1,100,0,0,0,0
Birmingham Rockets,"R. Blain, O. Jackman, L. Duru, L. Mcgregor, F. Mughaal",1,103,3,1,3,33.3,1,1,100,0,0,0,1,1,2,1,1,0,1,3,2,64.4,67.1,61.7,35.8,38.9,50,50,100,50,100,20,0,33.3,104.2,1,0,0,0,0,0,0,1,4,25,0,1,1,0,1,1,1,0,2,0,28.4,36.2,0,0,37.7,66.4,1,0,0,1,0,0,1,1,100,0,1,0,0,0,0,0,0,0,0,0,0,0,0,1,0,0
Birmingham Rockets,"R. Blain, Z. Powell, E. Donaldson, L. Mcgregor, M. Gayle",3,17,2,0,1,0,0,1,0,2,3,66.7,0,0,0,0,0,0,0,0,2,216.8,314.4,119.3,7.6,20.1,0,43.1,0,0,0,0,300,100,89.8,2,0,0,0,0,0,0,2,2,100,0,0,0,0,0,0,0,2,0,0,113.6,0,0,0,236.7,-146.9,0,0,0,0,0,0,1,0,0,0,0,0,0,0,0,0,0,0,0,0,0,0,0,0,0,0
Birmingham Rockets,"R. Blain, L. Duru, L. Okosieme, E. Donaldson, F. Mughaal",1,119,3,1,2,50,1,1,100,0,2,0,0,1,1,1,1,0,0,0,2,47.2,55.8,38.7,43.0,62.0,75,52.1,100,0,100,0,100,50,108.5,0,0,1,0,0,1,0,0,0,0,0,2,2,0,0,0,1,1,1,0,0,50,0,100,0,108.5,1,0,0,0,0,0,1,1,100,0,0,0,0,0,0,0,0,0,0,1,0,0,0,1,1,0
Birmingham Rockets,"R. Blain, L. Okosieme, L. Mcgregor, F. Mughaal, M. Gayle",1,77,0,0,3,0,0,2,0,0,0,0,1,1,2,0,0,0,1,0,2,74.8,89.8,59.8,26.7,40.1,0,0,0,33.3,100,25,0,66.7,0,0,0,1,0,0,0,0,0,0,0,0,2,2,0,0,0,1,0,1,0,0,50,0,0,0,0,0,0,0,1,0,0,2,0,0,0,1,0,0,0,0,0,1,0,0,0,0,0,0,1,0,0
Birmingham Rockets,"P. Basioudis, T. Grayling, E. Donaldson, L. Mcgregor, F. Mughaal",1,62,4,2,3,66.7,0,1,0,0,0,0,0,2,2,0,0,0,0,1,2,92.9,111.5,74.3,21.5,32.3,66.7,66.7,0,0,100,0,0,33.3,138.9,0,0,2,0,0,2,0,0,0,0,0,1,1,0,0,0,0,0,1,0,0,0,0,100,0,138.9,2,2,100,0,0,0,1,0,0,0,0,0,0,0,0,0,0,0,0,2,0,0,0,0,0,0
Birmingham Rockets,"T. Grayling, L. Duru, L. Okosieme, L. Mcgregor, F. Mughaal",1,85,4,2,3,66.7,0,0,0,0,0,0,0,0,0,2,0,0,0,0,2,79.7,81.3,78.1,29.5,30.7,66.7,66.7,100,0,0,0,0,0,138.9,5,1,2,50,1,1,100,2,2,100,0,0,0,0,0,0,0,0,2,75,86.8,0,0,50,180.8,-42,3,2,66.7,0,0,0,0,0,0,0,0,0,0,0,0,0,1,0,0,1,1,100,0,0,0,0
Birmingham Rockets,"Z. Powell, L. Okosieme, E. Donaldson, L. Mcgregor, F. Mughaal",2,81,4,2,2,100,0,0,0,0,0,0,0,0,0,0,0,0,1,2,2,56.9,85.3,28.4,28.1,84.4,100,100,0,0,0,33.3,0,0,138.9,0,0,1,0,0,1,0,0,0,0,0,0,0,0,0,0,0,0,0,0,0,0,0,100,0,138.9,2,2,100,0,0,0,0,0,0,0,1,0,0,0,0,0,0,0,0,1,0,0,0,0,0,0
Birmingham Rockets,"Z. Powell, L. Okosieme, A. Mutothori, F. Mughaal, M. Gayle",1,73,2,1,1,100,0,0,0,0,1,0,0,1,1,1,0,1,1,1,2,84,77,90.9,31.2,26.4,100,69.4,100,0,100,29.1,100,0,85.4,2,1,2,50,0,0,0,0,2,0,0,1,1,1,0,0,0,0,2,50,34.7,0,0,0,72.3,13,1,1,100,0,0,0,0,0,0,0,0,1,0,2,1,50,0,0,0,0,0,0,0,0,0,0
Birmingham Rockets,"Z. Powell, L. Okosieme, L. Mcgregor, F. Mughaal, M. Gayle",1,42,3,1,1,100,0,0,0,1,1,100,0,0,0,0,0,0,1,0,2,121.8,133.9,109.7,17.9,21.9,100,104.2,0,0,0,41,100,0,128.1,4,2,2,100,0,0,0,0,0,0,0,0,0,1,1,0,0,2,1,100,100,0,0,0,208.3,-80.3,0,0,0,1,1,100,0,0,0,1,0,0,0,2,2,100,0,0,0,0,0,0,0,0,0,0
Birmingham Rockets,"L. Duru, E. Donaldson, L. Mcgregor, F. Mughaal, M. Gayle",1,104,2,1,2,50,0,0,0,0,0,0,0,2,2,1,0,0,1,1,2,76.2,66.5,86,36.1,27.9,50,50,100,0,66.7,25,0,0,69.4,4,1,4,25,1,3,33.3,1,2,50,1,1,2,1,0,0,0,1,3,37.5,41,0,33.3,75,107.4,-37.9,2,1,50,0,0,0,0,0,0,0,1,0,0,1,0,0,0,0,0,3,1,33.3,0,0,0,0
Bristol Flyers II,"Y. Hafid, L. Ayinla, R. Price, J. Craggs, N. Ladjimi",1,37,0,0,2,0,0,1,0,0,0,0,0,0,0,0,0,0,1,1,2,183.1,186.8,179.3,12.8,13.4,0,0,0,0,0,33.3,0,50,0,5,2,2,100,0,0,0,1,2,50,0,1,1,2,1,1,0,0,2,100,86.8,0,0,0,180.8,-180.8,1,0,0,0,0,0,1,0,0,1,0,0,0,2,2,100,0,0,0,0,0,0,0,0,0,0
Bristol Flyers II,"Y. Hafid, L. Ayinla, J. Craggs, Z. Riabi, N. Sagkovits",1,67,5,2,3,66.7,1,1,100,0,0,0,0,1,1,0,0,0,0,1,2,86,103.2,68.8,23.3,34.9,83.3,83.3,0,0,50,0,0,33.3,173.6,3,1,3,33.3,1,1,100,0,0,0,1,1,2,0,0,1,0,0,1,50,50,0,50,33.3,156.2,17.4,2,1,50,0,0,0,1,1,100,0,0,0,0,1,0,0,1,0,0,1,1,100,0,0,0,0
Bristol Flyers II,"Y. Hafid, L. Ayinla, J. Craggs, N. Sagkovits, L. Matthews",1,112,2,1,3,33.3,0,2,0,0,0,0,2,1,3,0,0,0,2,0,2,72,61.7,82.3,38.9,29.2,33.3,33.3,0,100,100,40,0,66.7,69.4,6,2,3,66.7,2,3,66.7,0,0,0,0,0,0,2,1,0,1,2,3,100,100,25,0,100,156.2,-86.8,1,1,100,0,0,0,2,0,0,0,2,0,0,0,0,0,0,0,0,3,2,66.7,1,0,0,0
Bristol Flyers II,"Y. Hafid, L. Ayinla, R. Eigbe, Z. Riabi, T. Browne",1,67,4,1,2,50,1,2,50,1,2,50,0,0,0,1,0,0,0,0,2,83.9,99,68.8,24.2,34.9,75,69.4,100,0,0,0,100,100,144.7,2,1,2,50,0,0,0,0,0,0,1,1,2,0,0,0,1,0,1,50,50,33.3,100,0,104.2,40.5,0,0,0,0,0,0,2,1,50,0,0,0,0,2,1,50,0,0,0,0,0,0,0,1,0,0
Bristol Flyers II,"Y. Hafid, L. Ayinla, R. Eigbe, A. Bhebhe, W. Simba",1,49,0,0,2,0,0,1,0,0,0,0,1,0,1,0,0,0,2,1,2,94,141.1,47,17.0,51.0,0,0,0,100,0,50,0,50,0,2,1,3,33.3,0,1,0,0,0,0,2,0,2,0,0,1,0,0,0,33.3,33.3,0,100,33.3,208.3,-208.3,0,0,0,1,0,0,1,0,0,0,0,1,1,2,1,50,0,0,0,1,0,0,0,0,0,0
Bristol Flyers II,"Y. Hafid, L. Ayinla, R. Eigbe, T. Browne, E. Ekwegh",1,84,5,2,3,66.7,1,1,100,0,0,0,0,0,0,2,0,0,0,1,2,68.6,82.3,54.9,29.2,43.8,83.3,83.3,100,0,0,0,0,33.3,173.6,5,2,2,100,1,1,100,0,0,0,0,1,1,2,0,0,0,0,1,125,125,0,0,50,260.4,-86.8,1,0,0,1,1,100,1,1,100,0,0,0,0,0,0,0,1,1,100,1,1,100,0,0,0,0
Bristol Flyers II,"Y. Hafid, L. Ayinla, N. Sagkovits, L. Matthews, W. Simba",1,34,0,0,1,0,0,1,0,0,0,0,0,1,1,0,0,0,2,0,2,169.4,203.3,135.5,11.8,17.7,0,0,0,0,50,66.7,0,100,0,2,1,3,33.3,0,0,0,0,0,0,1,1,2,1,2,0,0,0,1,33.3,33.3,0,50,0,104.2,-104.2,0,0,0,0,0,0,1,0,0,1,1,0,0,3,1,33.3,0,0,0,0,0,0,0,0,0,0
Bristol Flyers II,"Y. Hafid, R. Price, J. Craggs, Z. Riabi, R. Bawden",1,64,3,1,2,50,1,2,50,0,0,0,0,0,0,1,0,0,1,1,2,108,108,108,22.2,22.2,75,75,100,0,0,25,0,100,104.2,2,1,2,50,0,0,0,0,0,0,1,0,1,0,1,0,2,1,2,50,50,50,100,0,69.4,34.7,0,0,0,0,0,0,2,1,50,0,1,0,0,2,1,50,0,0,0,0,0,0,0,0,0,1
Bristol Flyers II,"Y. Hafid, R. Price, R. Eigbe, N. Ladjimi, A. Bhebhe",2,81,0,0,0,0,0,0,0,0,0,0,0,1,1,0,0,0,3,1,2,71.1,85.3,56.9,28.1,42.2,0,0,0,0,50,100,0,0,0,2,1,3,33.3,0,2,0,0,0,0,1,0,1,0,1,0,0,0,1,33.3,33.3,0,50,66.7,104.2,-104.2,0,0,0,0,0,0,0,0,0,3,0,0,0,1,1,100,0,0,0,2,0,0,0,0,1,0
Bristol Flyers II,"Y. Hafid, R. Price, Z. Riabi, E. Ekwegh, R. Bawden",1,95,5,2,2,100,1,1,100,0,0,0,0,2,2,1,0,0,1,0,2,83.4,72.8,94.1,33.0,25.5,125,125,50,0,100,25,0,50,173.6,5,2,3,66.7,0,1,0,1,2,50,0,0,0,0,1,0,0,1,3,66.7,64.4,0,0,33.3,134.2,39.4,0,0,0,1,1,100,1,1,100,1,0,0,0,1,1,100,1,1,100,1,0,0,0,0,0,0
Bristol Flyers II,"Y. Hafid, J. Craggs, R. Eigbe, N. Ladjimi, L. Matthews",1,105,3,1,1,100,0,0,0,1,1,100,0,1,1,1,0,0,1,1,2,59.7,53.5,65.8,44.8,36.5,100,104.2,100,0,50,29.1,100,0,128.1,0,0,3,0,0,1,0,0,0,0,1,0,1,0,1,0,1,0,2,0,0,25,50,33.3,0,128.1,1,1,100,0,0,0,0,0,0,0,1,0,0,0,0,0,2,0,0,1,0,0,1,0,0,0
Bristol Flyers II,"Y. Hafid, J. Craggs, R. Eigbe, A. Bhebhe, E. Ekwegh",1,90,2,0,2,0,0,1,0,2,2,100,0,0,0,0,0,0,0,0,2,62.5,73.7,51.2,32.6,46.9,0,34.7,0,0,0,0,100,50,72.3,4,2,2,100,0,0,0,0,0,0,0,1,1,1,0,0,0,1,1,100,100,0,0,0,208.3,-136,0,0,0,1,0,0,1,0,0,0,0,0,0,2,2,100,0,0,0,0,0,0,0,0,0,0
Bristol Flyers II,"Y. Hafid, J. Craggs, N. Ladjimi, L. Matthews, E. Ekwegh",1,55,5,1,2,50,0,0,0,3,4,75,1,1,2,0,0,0,0,2,2,97.2,115.6,78.8,20.8,30.5,50,66.5,0,100,100,0,200,0,188.7,1,0,1,0,0,1,0,1,2,50,0,0,0,0,0,1,0,2,1,0,26.6,0,0,100,55.4,133.3,1,0,0,1,1,100,0,0,0,0,0,0,0,0,0,0,0,0,0,1,0,0,0,0,0,0
Bristol Flyers II,"Y. Hafid, R. Eigbe, N. Sagkovits, N. Ladjimi, R. Bawden",1,43,0,0,1,0,0,0,0,0,0,0,0,1,1,0,0,0,2,1,2,107.2,160.7,53.6,14.9,44.8,0,0,0,0,50,66.7,0,0,0,0,0,2,0,0,1,0,0,0,0,1,0,1,0,0,1,0,0,0,0,0,0,50,50,0,0,1,0,0,0,0,0,0,0,0,0,0,0,1,1,0,0,0,0,0,1,0,0,0,0,0,0
Bristol Flyers II,"Y. Hafid, R. Eigbe, A. Bhebhe, W. Simba, T. Browne",1,93,7,3,4,75,1,1,100,0,0,0,1,1,2,1,0,0,0,0,2,74.3,74.3,74.3,32.3,32.3,87.5,87.5,33.3,100,100,0,0,25,243.1,2,1,2,50,0,0,0,0,0,0,0,0,0,0,0,1,1,0,2,50,50,33.3,0,0,69.4,173.6,3,2,66.7,0,0,0,1,1,100,0,0,0,0,1,1,100,1,0,0,0,0,0,0,0,0,1
Bristol Flyers II,"Y. Hafid, R. Eigbe, W. Simba, T. Browne, R. Bawden",1,99,7,3,3,100,1,1,100,0,0,0,0,0,0,1,1,0,0,1,2,69.8,69.8,69.8,34.4,34.4,116.7,116.7,33.3,0,0,0,0,33.3,243.1,4,2,2,100,0,0,0,0,0,0,0,0,0,1,0,0,1,0,2,100,100,33.3,0,0,138.9,104.2,1,1,100,1,1,100,1,1,100,0,0,0,0,2,2,100,0,0,0,0,0,0,0,1,0,0
Bristol Flyers II,"Y. Hafid, Z. Riabi, N. Sagkovits, T. Browne, E. Ekwegh",1,83,3,1,3,33.3,1,3,33.3,0,0,0,0,2,2,1,0,0,0,0,2,97.2,83.3,111,28.8,21.6,50,50,100,0,100,0,0,100,104.2,2,1,3,33.3,0,1,0,0,0,0,0,2,2,0,0,1,1,0,3,33.3,33.3,25,0,33.3,52.1,52.1,0,0,0,0,0,0,3,1,33.3,0,0,0,0,2,1,50,0,0,0,1,0,0,1,0,0,0
Bristol Flyers II,"Y. Hafid, Z. Riabi, W. Simba, T. Browne, R. Bawden",1,61,2,1,2,50,0,1,0,0,0,0,0,2,2,1,0,0,1,1,2,111,113.3,108.8,21.2,22.1,50,50,100,0,100,25,0,50,69.4,2,0,2,0,0,1,0,2,2,100,0,1,1,0,1,0,0,0,2,0,34.7,0,0,50,72.3,-2.9,1,1,100,0,0,0,1,0,0,0,1,0,0,1,0,0,0,0,0,1,0,0,0,0,0,0
Bristol Flyers II,"Y. Hafid, N. Sagkovits, W. Simba, T. Browne, R. Bawden",1,103,0,0,1,0,0,0,0,0,0,0,0,2,2,0,0,1,2,0,2,76.9,67.1,86.8,35.8,27.7,0,0,0,0,66.7,66.7,0,0,0,5,2,4,50,0,0,0,1,2,50,1,1,2,2,2,0,0,1,3,50,51.2,0,33.3,0,134.2,-134.2,1,0,0,0,0,0,0,0,0,1,1,0,0,3,2,66.7,1,0,0,0,0,0,0,0,0,0
Bristol Flyers II,"L. Ayinla, R. Price, J. Craggs, N. Ladjimi, L. Matthews",1,65,0,0,1,0,0,0,0,0,0,0,0,3,3,0,0,0,2,0,2,104.2,106.3,102.1,22.6,23.5,0,0,0,0,100,66.7,0,0,0,1,0,2,0,0,1,0,1,2,50,0,0,0,0,1,0,0,0,2,0,17.4,0,0,50,36.2,-36.2,1,0,0,0,0,0,0,0,0,1,1,0,0,0,0,0,1,0,0,1,0,0,0,0,0,0
Bristol Flyers II,"L. Ayinla, R. Price, R. Eigbe, N. Ladjimi, A. Bhebhe",1,14,2,1,3,33.3,0,2,0,0,0,0,0,0,0,1,0,0,0,0,2,493.7,493.7,493.7,4.9,4.9,33.3,33.3,100,0,0,0,0,66.7,69.4,2,1,1,100,0,0,0,0,0,0,0,2,2,1,0,0,2,0,2,100,100,66.7,0,0,69.4,0,1,1,100,0,0,0,2,0,0,0,0,0,0,1,1,100,0,0,0,0,0,0,1,1,0,0
Bristol Flyers II,"L. Ayinla, R. Price, A. Bhebhe, L. Matthews, T. Browne",1,61,0,0,1,0,0,0,0,0,0,0,0,1,1,0,0,0,2,1,2,113.3,113.3,113.3,21.2,21.2,0,0,0,0,100,66.7,0,0,0,5,2,3,66.7,1,2,50,0,0,0,0,1,1,1,1,0,0,0,2,83.3,83.3,0,0,66.7,173.6,-173.6,1,0,0,0,0,0,0,0,0,1,0,0,1,1,1,100,0,0,0,2,1,50,0,0,0,0
Bristol Flyers II,"L. Ayinla, R. Eigbe, Z. Riabi, A. Bhebhe, W. Simba",1,126,0,0,1,0,0,0,0,0,0,0,0,0,0,0,0,0,2,0,2,54.9,54.9,54.9,43.8,43.8,0,0,0,0,0,66.7,0,0,0,6,3,5,60,0,1,0,0,0,0,2,1,3,1,1,1,0,0,2,60,60,0,100,20,208.3,-208.3,1,0,0,0,0,0,0,0,0,1,0,0,1,3,3,100,1,0,0,1,0,0,0,0,0,0
Bristol Flyers II,"L. Ayinla, R. Eigbe, Z. Riabi, A. Bhebhe, E. Ekwegh",1,106,2,1,2,50,0,1,0,0,0,0,0,0,0,0,0,0,1,0,2,63.9,65.2,62.6,36.8,38.3,50,50,0,0,0,33.3,0,50,69.4,6,3,3,100,0,0,0,0,2,0,1,1,2,0,0,0,0,0,2,100,77.3,0,100,0,217,-147.6,1,1,100,0,0,0,1,0,0,0,1,0,0,2,2,100,1,1,100,0,0,0,0,0,0,0
Bristol Flyers II,"L. Ayinla, R. Eigbe, N. Sagkovits, A. Bhebhe, R. Bawden",1,178,7,3,3,100,0,0,0,1,2,50,1,2,3,1,0,0,0,0,2,51,37.3,64.7,64.4,37.1,100,90.2,33.3,100,66.7,0,66.7,0,253.2,8,3,6,50,2,3,66.7,0,0,0,1,0,1,2,0,0,0,1,4,66.7,66.7,0,33.3,50,166.7,86.5,2,2,100,1,1,100,0,0,0,0,0,1,0,3,1,33.3,0,0,0,3,2,66.7,0,0,0,0
Bristol Flyers II,"L. Ayinla, R. Eigbe, A. Bhebhe, T. Browne, R. Bawden",1,97,1,0,2,0,0,1,0,1,4,25,1,1,2,0,0,0,0,0,2,78.9,65.6,92.2,36.6,26.0,0,13.3,0,33.3,100,0,200,50,37.7,3,1,3,33.3,0,1,0,1,2,50,0,2,2,1,0,0,0,2,3,33.3,38.7,0,0,33.3,80.5,-42.8,1,0,0,0,0,0,1,0,0,0,0,0,0,2,1,50,0,0,0,1,0,0,0,0,0,0
Bristol Flyers II,"L. Ayinla, Z. Riabi, N. Sagkovits, A. Bhebhe, E. Ekwegh",1,87,3,1,2,50,0,0,0,1,2,50,0,0,0,0,0,0,0,1,2,64.6,76.3,53,31.5,45.3,50,52.1,0,0,0,0,100,0,108.5,4,2,2,100,0,0,0,0,0,0,0,1,1,0,0,0,0,0,1,100,100,0,0,0,208.3,-99.8,1,1,100,1,0,0,0,0,0,0,0,0,0,2,2,100,0,0,0,0,0,0,0,0,0,0
Bristol Flyers II,"L. Ayinla, Z. Riabi, A. Bhebhe, W. Simba, T. Browne",1,94,2,1,3,33.3,0,1,0,0,0,0,0,0,0,1,1,0,0,1,2,72.1,73.5,70.6,32.6,34.0,33.3,33.3,100,0,0,0,0,33.3,69.4,4,1,1,100,0,0,0,2,2,100,0,2,2,1,0,0,1,1,2,100,106.4,34.7,0,0,144.7,-75.2,2,1,50,0,0,0,1,0,0,0,0,0,0,1,1,100,0,0,0,0,0,0,0,1,0,0
Bristol Flyers II,"L. Ayinla, N. Sagkovits, N. Ladjimi, A. Bhebhe, T. Browne",1,50,0,0,1,0,0,1,0,0,0,0,0,0,0,0,0,0,2,1,2,138.2,138.2,138.2,17.4,17.4,0,0,0,0,0,66.7,0,100,0,3,1,1,100,1,1,100,0,0,0,0,1,1,1,0,0,2,1,2,150,150,66.7,0,100,104.2,-104.2,0,0,0,0,0,0,1,0,0,0,0,0,1,0,0,0,0,0,0,1,1,100,0,0,0,1
Bristol Flyers II,"L. Ayinla, N. Sagkovits, N. Ladjimi, A. Bhebhe, R. Bawden",1,167,3,0,1,0,0,1,0,3,6,50,1,2,3,0,0,1,0,1,2,38.9,36.4,41.4,65.9,58.0,0,41.2,0,33.3,100,0,600,100,118.4,0,0,2,0,0,0,0,0,0,0,0,2,2,0,0,0,1,3,2,0,0,33.3,0,0,0,118.4,0,0,0,0,0,0,1,0,0,0,0,0,0,2,0,0,0,0,0,0,0,0,0,1,0,0
Bristol Flyers II,"L. Ayinla, N. Sagkovits, N. Ladjimi, L. Matthews, T. Browne",1,58,0,0,1,0,0,1,0,0,0,0,0,0,0,0,0,0,2,1,2,99.3,119.2,79.4,20.1,30.2,0,0,0,0,0,66.7,0,100,0,2,1,1,100,0,0,0,0,0,0,0,1,1,0,0,0,1,0,1,100,100,50,0,0,104.2,-104.2,0,0,0,0,0,0,1,0,0,0,0,0,1,1,1,100,0,0,0,0,0,0,0,0,0,1
Bristol Flyers II,"L. Ayinla, N. Sagkovits, A. Bhebhe, W. Simba, E. Ekwegh",2,103,0,0,3,0,0,1,0,0,0,0,0,2,2,0,0,1,0,0,2,94.4,67.1,121.7,35.8,19.7,0,0,0,0,100,0,0,33.3,0,5,2,5,40,0,1,0,1,1,100,0,3,3,2,0,0,0,1,5,40,46,0,0,20,95.7,-95.7,2,0,0,0,0,0,1,0,0,0,0,0,0,4,2,50,0,0,0,1,0,0,0,0,0,0
Bristol Flyers II,"L. Ayinla, N. Sagkovits, A. Bhebhe, T. Browne, R. Bawden",1,86,1,0,1,0,0,0,0,1,2,50,0,0,0,0,0,0,1,0,2,78.8,77.2,80.4,31.1,29.9,0,26.6,0,0,0,34.7,200,0,36.2,5,2,2,100,1,1,100,0,0,0,0,1,1,1,1,0,1,1,2,125,125,33.3,0,50,173.6,-137.4,0,0,0,1,0,0,0,0,0,0,1,0,0,0,0,0,1,1,100,1,1,100,1,0,0,0
Bristol Flyers II,"L. Ayinla, N. Sagkovits, L. Matthews, T. Browne, E. Ekwegh",1,81,0,0,1,0,0,0,0,0,0,0,0,2,2,0,0,1,2,0,2,99.6,85.3,113.8,28.1,21.1,0,0,0,0,100,66.7,0,0,0,2,1,3,33.3,0,1,0,0,0,0,0,1,1,1,2,0,1,0,3,33.3,33.3,25,0,33.3,52.1,-52.1,1,0,0,0,0,0,0,0,0,1,1,0,0,1,0,0,1,1,100,1,0,0,0,0,0,1
Bristol Flyers II,"R. Price, R. Eigbe, N. Ladjimi, A. Bhebhe, E. Ekwegh",1,83,2,1,3,33.3,0,1,0,0,0,0,0,1,1,0,0,0,0,0,2,81.6,83.3,79.9,28.8,30.0,33.3,33.3,0,0,50,0,0,33.3,69.4,5,1,3,33.3,1,1,100,2,2,100,1,1,2,2,0,0,0,0,2,50,64.4,0,50,33.3,180.8,-111.4,1,1,100,1,0,0,1,0,0,0,0,0,0,0,0,0,2,0,0,1,1,100,0,0,0,0
Bristol Flyers II,"R. Price, Z. Riabi, A. Bhebhe, E. Ekwegh, R. Bawden",1,82,2,0,2,0,0,2,0,2,2,100,0,0,0,1,0,0,0,1,2,68.6,80.9,56.2,29.7,42.7,0,34.7,0,0,0,0,100,100,72.3,2,1,2,50,0,0,0,0,0,0,0,2,2,1,0,0,0,0,1,50,50,0,0,0,104.2,-31.8,0,0,0,0,0,0,2,0,0,0,0,0,0,1,1,100,1,0,0,0,0,0,0,0,1,0
Bristol Flyers II,"J. Craggs, Z. Riabi, Z. Riabi, L. Matthews, T. Browne",1,62,0,0,2,0,0,1,0,0,0,0,0,1,1,0,1,0,1,1,2,146.4,111.5,181.3,21.5,13.2,0,0,0,0,33.3,33.3,0,50,0,3,1,5,20,1,2,50,0,2,0,2,2,4,1,0,1,1,0,4,30,25.5,14.5,66.7,40,64,-64,1,0,0,0,0,0,1,0,0,0,0,0,1,2,0,0,1,0,0,2,1,50,1,0,0,0
Bristol Flyers II,"J. Craggs, N. Sagkovits, N. Ladjimi, A. Bhebhe, R. Bawden",1,93,2,1,1,100,0,0,0,0,0,0,0,1,1,1,0,0,2,1,2,72.8,74.3,71.3,32.3,33.6,100,100,100,0,50,50,0,0,69.4,5,2,3,66.7,0,1,0,1,2,50,1,0,1,3,2,0,0,0,2,66.7,64.4,0,50,33.3,180.8,-111.4,1,1,100,0,0,0,0,0,0,1,1,0,0,2,2,100,0,0,0,1,0,0,0,0,0,0
Bristol Flyers II,"J. Craggs, N. Sagkovits, A. Bhebhe, W. Simba, R. Bawden",1,108,3,1,2,50,1,2,50,0,0,0,0,2,2,1,0,0,1,0,2,53.3,64,42.7,37.5,56.2,75,75,100,0,50,25,0,100,104.2,0,0,4,0,0,3,0,0,0,0,2,1,3,0,0,0,0,0,1,0,0,0,50,75,0,104.2,0,0,0,0,0,0,2,1,50,0,1,0,0,0,0,0,1,0,0,3,0,0,0,0,0,0
Bristol Flyers II,"J. Craggs, N. Ladjimi, A. Bhebhe, L. Matthews, T. Browne",1,126,0,0,3,0,0,1,0,0,0,0,0,0,0,0,1,0,0,1,2,64,54.9,73.1,43.8,32.8,0,0,0,0,0,0,0,33.3,0,7,3,3,100,1,1,100,0,0,0,0,2,2,2,0,0,1,0,3,116.7,116.7,25,0,33.3,182.3,-182.3,2,0,0,0,0,0,1,0,0,0,0,0,0,2,2,100,0,0,0,1,1,100,0,1,0,0
Bristol Flyers II,"J. Craggs, A. Bhebhe, L. Matthews, T. Browne, E. Ekwegh",1,68,1,0,2,0,0,1,0,1,2,50,0,0,0,0,0,0,0,0,2,99.6,97.6,101.6,24.6,23.6,0,17.4,0,0,0,0,100,50,36.2,4,2,3,66.7,0,1,0,0,0,0,0,2,2,2,0,0,0,1,2,66.7,66.7,0,0,33.3,138.9,-102.7,1,0,0,0,0,0,1,0,0,0,0,0,0,2,2,100,0,0,0,1,0,0,0,0,0,0
Bristol Flyers II,"R. Eigbe, N. Sagkovits, N. Ladjimi, L. Matthews, T. Browne",2,71,2,1,2,50,0,1,0,0,0,0,0,0,0,0,0,0,1,0,2,113.6,97.4,129.8,24.7,18.5,50,50,0,0,0,33.3,0,50,69.4,6,3,3,100,0,0,0,0,0,0,0,1,1,3,1,0,1,0,3,100,100,25,0,0,156.2,-86.8,1,1,100,0,0,0,1,0,0,0,1,0,0,2,2,100,1,1,100,0,0,0,0,1,0,0
Bristol Flyers II,"N. Ladjimi, A. Bhebhe, W. Simba, E. Ekwegh, R. Bawden",1,132,4,2,3,66.7,0,1,0,0,0,0,1,2,3,0,0,0,1,0,2,52.4,52.4,52.4,45.8,45.8,66.7,66.7,0,100,50,25,0,33.3,138.9,2,1,5,20,0,3,0,0,0,0,2,0,2,0,1,0,0,0,2,20,20,0,50,60,69.4,69.4,1,1,100,1,1,100,1,0,0,1,0,0,0,1,1,100,1,0,0,3,0,0,0,0,0,0
Bristol Hurricanes,"A. Pearce, D. Edozie, K. Hill, C. Samuels, V. Dilys",1,65,4,1,4,25,0,2,0,2,2,100,2,1,3,1,0,0,0,1,2,84.4,102.1,66.6,23.5,36.0,25,41,100,66.7,50,0,50,50,144.7,4,1,2,50,1,2,50,1,2,50,1,1,2,0,0,1,0,1,1,75,69.4,0,50,100,221.6,-77,2,1,50,0,0,0,2,0,0,0,0,0,0,0,0,0,0,0,0,2,1,50,0,0,0,0
Bristol Hurricanes,"A. Pearce, D. Forsyth, E. Dusha, J. Claar, C. Tucker",1,68,6,3,4,75,0,1,0,0,0,0,1,0,1,3,0,0,0,1,2,82.7,101.6,63.7,23.6,37.7,75,75,100,100,0,0,0,25,208.3,4,1,1,100,0,0,0,2,2,100,0,0,0,0,0,0,0,0,1,100,106.4,0,0,0,221.6,-13.3,1,1,100,2,2,100,1,0,0,0,0,0,0,1,1,100,0,0,0,0,0,0,0,0,0,0
Bristol Hurricanes,"A. Pearce, D. Forsyth, J. Oyewole, D. Ubiaro, C. Taylor",1,61,3,1,3,33.3,1,1,100,0,0,0,1,1,2,0,0,0,1,0,2,113.3,113.3,113.3,21.2,21.2,50,50,0,50,100,25,0,33.3,104.2,5,2,3,66.7,1,1,100,0,0,0,0,1,1,1,0,0,0,0,2,83.3,83.3,0,0,33.3,173.6,-69.4,2,0,0,0,0,0,1,1,100,1,0,0,0,1,0,0,1,1,100,1,1,100,0,0,0,0
Bristol Hurricanes,"D. Edozie, D. Forsyth, E. Dusha, J. Dang-Akodo, C. Samuels",1,88,0,0,1,0,0,1,0,0,0,0,0,2,2,0,0,0,2,0,2,78.5,78.5,78.5,30.6,30.6,0,0,0,0,100,66.7,0,100,0,3,1,3,33.3,1,3,33.3,0,0,0,0,1,1,1,2,0,0,0,2,50,50,0,0,100,104.2,-104.2,0,0,0,0,0,0,1,0,0,1,1,0,0,0,0,0,0,0,0,3,1,33.3,0,0,0,0
Bristol Hurricanes,"D. Edozie, D. Forsyth, J. Claar, H. Bligen, C. Samuels",1,97,3,1,3,33.3,1,1,100,0,1,0,1,1,2,1,0,0,0,0,2,64.6,58,71.3,41.4,33.7,50,43.6,100,50,100,0,33.3,33.3,128.1,5,2,3,66.7,1,1,100,0,0,0,0,1,1,2,0,0,0,1,2,83.3,83.3,0,0,33.3,173.6,-45.5,1,0,0,1,0,0,1,1,100,0,0,0,0,2,1,50,0,0,0,1,1,100,0,0,0,0
Bristol Hurricanes,"D. Edozie, J. Oyewole, D. Ubiaro, V. Dilys, C. Taylor",1,67,0,0,1,0,0,0,0,0,0,0,0,2,2,0,1,0,2,0,2,110.7,103.2,118.3,23.3,20.3,0,0,0,0,100,66.7,0,0,0,1,0,2,0,0,0,0,1,1,100,0,0,0,0,2,0,1,1,3,0,20.5,29.1,0,0,30.3,-30.3,1,0,0,0,0,0,0,0,0,1,1,0,0,1,0,0,1,0,0,0,0,0,0,1,0,0
Bristol Hurricanes,"D. Edozie, D. Ubiaro, H. Bligen, C. Samuels, V. Dilys",1,147,2,1,3,33.3,0,0,0,0,0,0,0,1,1,1,0,1,0,1,2,60.8,47,74.6,51.0,32.2,33.3,33.3,100,0,50,0,0,0,69.4,6,1,4,25,1,2,50,3,4,75,1,2,3,0,0,0,0,0,4,37.5,52.1,0,50,50,131.3,-61.9,3,1,33.3,0,0,0,0,0,0,0,0,0,0,1,0,0,1,0,0,2,1,50,0,0,0,0
Bristol Hurricanes,"D. Forsyth, E. Dusha, K. Hill, D. Ubiaro, H. Bligen",1,117,6,2,3,66.7,2,2,100,0,2,0,1,2,3,1,0,0,0,0,2,66.6,56.7,76.4,42.3,31.4,100,77.3,50,50,100,0,66.7,66.7,217,2,0,2,0,0,1,0,2,2,100,0,1,1,0,0,0,1,1,3,0,34.7,25.8,0,50,53.7,163.3,1,0,0,0,0,0,2,2,100,0,0,0,0,0,0,0,1,0,0,1,0,0,0,1,0,0
Bristol Hurricanes,"D. Forsyth, J. Oyewole, D. Ubiaro, V. Dilys, C. Taylor",1,52,2,1,4,25,0,0,0,0,0,0,1,1,2,0,1,0,0,1,2,110.8,132.9,88.6,18.1,27.1,25,25,0,33.3,50,0,0,0,69.4,0,0,2,0,0,2,0,0,0,0,1,2,3,0,0,0,1,0,1,0,0,33.3,50,100,0,69.4,2,1,50,2,0,0,0,0,0,0,0,0,0,0,0,0,0,0,0,2,0,0,0,1,0,0
Derby Trailblazers,"C. Burr, E. Norman, C. Washington, E. Lawrence, S. Walker",1,87,0,0,2,0,0,1,0,0,0,0,0,1,1,0,0,0,1,0,2,79.4,79.4,79.4,30.2,30.2,0,0,0,0,100,33.3,0,50,0,3,1,2,50,1,1,100,0,0,0,0,2,2,1,0,0,1,0,2,75,75,33.3,0,50,104.2,-104.2,0,0,0,1,0,0,1,0,0,1,0,0,0,0,0,0,1,0,0,1,1,100,0,0,0,1
Derby Trailblazers,"C. Burr, E. Norman, C. Washington, E. Lawrence, G. Pastor",1,65,2,1,3,33.3,0,1,0,0,0,0,0,1,1,1,0,0,0,0,2,88.6,106.3,70.9,22.6,33.9,33.3,33.3,100,0,100,0,0,33.3,69.4,0,0,2,0,0,2,0,0,0,0,0,1,1,0,0,0,0,1,1,0,0,0,0,100,0,69.4,1,0,0,1,1,100,1,0,0,0,0,0,0,0,0,0,0,0,0,2,0,0,0,0,0,0
Derby Trailblazers,"C. Burr, E. Norman, E. Lawrence, J. Pathmarajah, R. Marsden",1,70,5,2,2,100,1,1,100,0,0,0,0,1,1,1,1,0,1,0,2,98.7,98.7,98.7,24.3,24.3,125,125,50,0,100,25,0,50,173.6,2,1,2,50,0,0,0,0,0,0,0,0,0,1,1,0,1,1,2,50,50,33.3,0,0,69.4,104.2,1,1,100,0,0,0,1,1,100,0,1,0,0,2,1,50,0,0,0,0,0,0,1,0,0,0
Derby Trailblazers,"C. Burr, C. Washington, E. Lawrence, R. Marsden, C. Brown",1,103,2,1,3,33.3,0,1,0,0,0,0,0,2,2,0,0,0,0,0,2,78.3,67.1,89.5,35.8,26.8,33.3,33.3,0,0,100,0,0,33.3,69.4,2,1,4,25,0,2,0,0,0,0,0,2,2,1,0,0,0,0,3,25,25,0,0,50,52.1,17.4,1,1,100,1,0,0,1,0,0,0,0,0,0,1,1,100,1,0,0,2,0,0,0,0,0,0
Derby Trailblazers,"E. Norman, J. Pathmarajah, S. Walker, C. Brown, M. Smith",1,111,2,1,3,33.3,0,1,0,0,0,0,0,0,0,1,1,0,0,0,2,72.6,62.3,83,38.5,28.9,33.3,33.3,100,0,0,0,0,33.3,69.4,6,3,5,60,0,2,0,0,0,0,2,2,4,1,0,0,1,0,3,60,60,16.7,100,40,156.2,-86.8,2,1,50,0,0,0,1,0,0,0,0,0,0,3,3,100,0,0,0,2,0,0,0,1,0,0
Essex Rebels,"M. Wol-Cummings, M. Amako, R. Udeh, T. Child, H. Gent",2,137,2,1,3,33.3,0,0,0,0,0,0,1,0,1,0,0,0,1,0,2,71,50.5,91.5,47.6,26.2,33.3,33.3,0,50,0,25,0,0,69.4,7,3,4,75,1,1,100,0,1,0,1,1,2,1,1,0,2,0,5,87.5,78.8,31.1,100,25,134,-64.6,3,1,33.3,0,0,0,0,0,0,1,0,0,0,3,2,66.7,0,0,0,1,1,100,0,1,0,1
Essex Rebels,"M. Wol-Cummings, M. Amako, T. Child, W. White, T. Hudson",1,71,0,0,3,0,0,3,0,0,0,0,0,1,1,0,0,0,0,1,2,81.1,97.4,64.9,24.7,37.0,0,0,0,0,100,0,0,100,0,2,1,2,50,0,1,0,0,0,0,0,2,2,1,0,0,0,0,1,50,50,0,0,50,104.2,-104.2,0,0,0,0,0,0,3,0,0,0,0,0,0,1,1,100,0,0,0,1,0,0,0,0,0,0
Essex Rebels,"M. Wol-Cummings, K. Martin, R. Udeh, T. Child, H. Gent",2,66,0,0,2,0,0,2,0,0,0,0,0,1,1,0,0,0,1,0,2,87.3,104.7,69.8,22.9,34.4,0,0,0,0,100,33.3,0,100,0,0,0,1,0,0,0,0,0,0,0,0,0,0,0,1,0,1,0,1,0,0,50,0,0,0,0,0,0,0,0,0,0,2,0,0,0,1,0,0,0,0,0,1,0,0,0,0,0,0,1,0,0
Essex Rebels,"M. Wol-Cummings, K. Martin, R. Udeh, T. Child, B. Winter",1,160,5,1,3,33.3,1,3,33.3,2,2,100,1,2,3,1,0,0,0,2,2,56.7,41.5,72,57.9,33.3,50,64.4,100,50,40,0,66.7,100,180.8,4,2,8,25,0,2,0,0,0,0,3,1,4,1,0,0,0,2,4,25,25,0,60,25,83.3,97.5,0,0,0,0,0,0,3,1,33.3,0,0,0,0,4,2,50,2,0,0,2,0,0,0,0,0,0
Essex Rebels,"M. Wol-Cummings, K. Martin, R. Udeh, B. Winter, T. Hudson",1,109,0,0,2,0,0,1,0,0,0,0,0,0,0,0,0,0,1,1,2,62.1,63.4,60.9,37.8,39.4,0,0,0,0,0,33.3,0,50,0,7,2,3,66.7,1,1,100,2,2,100,1,1,2,2,0,0,0,0,2,83.3,90.2,0,100,33.3,253.2,-253.2,0,0,0,1,0,0,1,0,0,1,0,1,0,1,1,100,1,0,0,1,1,100,0,0,0,0
Essex Rebels,"M. Wol-Cummings, K. Martin, R. Udeh, J. Mckew, T. Hudson",1,105,2,1,1,100,0,0,0,0,0,0,0,1,1,0,0,0,2,3,2,57.1,65.8,48.3,36.5,49.7,100,100,0,0,100,66.7,0,0,69.4,4,0,0,0,0,0,0,4,5,80,0,0,0,0,0,0,0,0,2,0,90.9,0,0,0,189.4,-119.9,1,1,100,0,0,0,0,0,0,1,0,0,1,0,0,0,0,0,0,0,0,0,0,0,0,0
Essex Rebels,"M. Wol-Cummings, K. Martin, M. Brown, T. Child, T. Hudson",1,93,4,1,1,100,0,0,0,2,2,100,0,1,1,0,0,0,1,2,2,71.3,71.3,71.3,33.6,33.6,100,106.4,0,0,33.3,34.7,200,0,144.7,5,2,4,50,0,1,0,1,2,50,2,0,2,0,1,0,0,1,2,50,51.2,0,66.7,25,180.8,-36.2,0,0,0,1,1,100,0,0,0,1,0,0,0,2,2,100,1,0,0,1,0,0,0,0,0,0
Essex Rebels,"M. Wol-Cummings, K. Martin, A. Idiata-Mendez, T. Child, T. Hudson",2,102,3,1,2,50,1,1,100,0,0,0,0,0,0,1,0,0,1,2,2,89,67.8,110.2,35.4,21.8,75,75,100,0,0,25,0,50,104.2,5,2,3,66.7,0,0,0,1,2,50,0,1,1,0,1,0,1,0,4,66.7,64.4,20.5,0,0,106.7,-2.6,0,0,0,1,0,0,1,1,100,0,1,0,0,2,2,100,1,0,0,0,0,0,1,0,0,0
Essex Rebels,"M. Wol-Cummings, K. Martin, T. Child, H. Gent, J. Mckew",1,67,2,0,0,0,0,0,0,2,2,100,0,1,1,1,0,0,2,3,2,97,99,94.9,24.2,25.3,0,113.6,0,0,100,51.5,0,0,72.3,4,0,1,0,0,1,0,4,4,100,0,0,0,0,0,0,0,1,2,0,72.5,0,0,100,151,-78.6,0,0,0,0,0,0,0,0,0,0,0,0,1,0,0,0,0,0,0,1,0,0,0,0,0,0
Essex Rebels,"M. Wol-Cummings, D. Johnson-Thompson, I. Temilola, A. Idiata-Mendez, T. Child",1,130,2,1,2,50,0,0,0,0,0,0,0,2,2,0,1,1,1,1,2,61,53.2,68.8,45.1,34.9,50,50,0,0,100,33.3,0,0,69.4,1,0,2,0,0,0,0,1,2,50,0,1,1,1,1,0,1,1,3,0,17.4,25.8,0,0,26.8,42.6,2,1,50,0,0,0,0,0,0,0,1,0,0,1,0,0,1,0,0,0,0,0,0,1,0,0
Essex Rebels,"M. Wol-Cummings, R. Udeh, A. Idiata-Mendez, H. Gent, B. Winter",1,102,2,1,3,33.3,0,1,0,0,0,0,1,1,2,0,0,0,1,0,2,56.5,67.8,45.2,35.4,53.1,33.3,33.3,0,50,33.3,25,0,33.3,69.4,3,1,4,25,1,1,100,0,0,0,2,1,3,1,0,0,0,1,1,37.5,37.5,0,66.7,25,156.2,-86.8,1,0,0,1,1,100,1,0,0,0,0,0,1,2,0,0,1,0,0,1,1,100,0,0,0,0
Essex Rebels,"M. Amako, K. Martin, D. Johnson-Thompson, T. Child, T. Hudson",1,76,2,1,2,50,0,0,0,0,0,0,0,1,1,0,0,0,1,0,2,75.8,90.9,60.6,26.4,39.6,50,50,0,0,100,33.3,0,0,69.4,2,1,2,50,0,1,0,0,0,0,0,0,0,0,0,0,0,0,1,50,50,0,0,50,104.2,-34.7,1,1,100,1,0,0,0,0,0,1,0,0,0,1,1,100,0,0,0,1,0,0,0,0,0,0
Essex Rebels,"M. Amako, K. Martin, M. Brown, A. Idiata-Mendez, T. Hudson",1,70,3,1,3,33.3,1,2,50,0,0,0,0,0,0,1,1,0,0,0,2,115.2,98.7,131.7,24.3,18.2,50,50,100,0,0,0,0,66.7,104.2,0,0,1,0,0,1,0,0,0,0,0,2,2,0,0,0,3,1,3,0,0,75,0,100,0,104.2,1,0,0,0,0,0,2,1,50,0,0,0,0,0,0,0,0,0,0,1,0,0,0,1,0,1
Essex Rebels,"M. Amako, K. Martin, M. Brown, W. White, J. Mckew",1,91,6,2,3,66.7,0,0,0,2,2,100,1,1,2,0,1,0,0,1,2,80,72.9,87.1,32.9,27.6,66.7,77.3,0,100,33.3,0,66.7,0,217,5,2,4,50,1,2,50,0,1,0,2,0,2,1,0,1,1,1,3,62.5,56.3,18.4,66.7,50,151.4,65.6,2,1,50,1,1,100,0,0,0,0,0,0,0,1,1,100,1,0,0,2,1,50,1,0,0,0
Essex Rebels,"M. Amako, K. Martin, M. Brown, B. Winter, T. Hudson",1,106,3,1,3,33.3,0,1,0,1,2,50,1,0,1,0,0,0,0,0,2,63.9,62.6,65.2,38.3,36.8,33.3,38.7,0,33.3,0,0,66.7,33.3,108.5,2,1,3,33.3,0,1,0,0,0,0,1,2,3,0,0,1,1,2,2,33.3,33.3,25,100,33.3,69.4,39.1,2,1,50,0,0,0,1,0,0,0,0,0,0,1,0,0,1,1,100,1,0,0,0,1,0,0
Essex Rebels,"M. Amako, D. Johnson-Thompson, M. Brown, T. Child, T. Hudson",1,82,6,2,3,66.7,0,1,0,2,2,100,1,1,2,1,2,0,0,0,2,82.6,80.9,84.3,29.7,28.5,66.7,77.3,50,100,100,0,66.7,33.3,217,0,0,1,0,0,1,0,0,0,0,0,0,0,0,0,0,2,1,2,0,0,66.7,0,100,0,217,2,2,100,0,0,0,1,0,0,0,0,0,0,0,0,0,0,0,0,1,0,0,1,1,0,0
Essex Rebels,"M. Amako, R. Udeh, M. Brown, H. Gent, B. Winter",1,65,2,1,3,33.3,0,2,0,0,0,0,0,1,1,0,0,0,0,0,2,104.2,106.3,102.1,22.6,23.5,33.3,33.3,0,0,50,0,0,66.7,69.4,5,2,3,66.7,0,0,0,1,2,50,1,2,3,0,0,0,0,0,2,66.7,64.4,0,50,0,180.8,-111.4,1,1,100,0,0,0,2,0,0,0,0,0,0,3,2,66.7,0,0,0,0,0,0,0,0,0,0
Essex Rebels,"K. Martin, D. Johnson-Thompson, R. Udeh, M. Brown, B. Winter",2,80,3,1,2,50,0,1,0,1,2,50,0,0,0,1,0,0,0,1,2,89.3,82.9,95.6,28.9,25.1,50,52.1,100,0,0,0,100,50,108.5,8,2,2,100,1,1,100,3,3,100,0,1,1,2,0,0,0,0,3,125,120.5,0,0,50,251,-142.5,1,1,100,0,0,0,1,0,0,0,0,0,0,1,1,100,0,0,0,1,1,100,0,0,0,0
Essex Rebels,"K. Martin, D. Johnson-Thompson, R. Udeh, T. Child, T. Hudson",1,87,2,1,2,50,0,0,0,0,0,0,0,0,0,1,0,0,1,0,2,79.4,79.4,79.4,30.2,30.2,50,50,100,0,0,25,0,0,69.4,7,3,4,75,1,2,50,0,0,0,1,0,1,2,1,0,0,0,2,87.5,87.5,0,100,50,243.1,-173.6,2,1,50,0,0,0,0,0,0,0,1,0,0,2,2,100,0,0,0,2,1,50,0,0,0,0
Essex Rebels,"K. Martin, R. Udeh, I. Temilola, M. Brown, T. Child",1,94,2,1,4,25,0,3,0,0,0,0,1,2,3,0,1,0,0,0,2,102,73.5,130.4,32.6,18.4,25,25,0,33.3,100,0,0,75,69.4,2,0,2,0,0,1,0,2,3,66.7,0,2,2,0,0,0,2,0,5,0,30.1,37.6,0,50,39.2,30.3,1,1,100,0,0,0,3,0,0,0,0,0,0,1,0,0,0,0,0,1,0,0,0,2,0,0
Essex Rebels,"K. Martin, R. Udeh, A. Idiata-Mendez, H. Gent, B. Winter",1,110,6,3,4,75,0,0,0,0,0,0,1,0,1,1,0,0,0,1,2,52.4,62.8,41.9,38.2,57.3,75,75,33.3,100,0,0,0,0,208.3,5,2,2,100,1,1,100,0,0,0,0,0,0,2,0,0,0,0,1,125,125,0,0,50,260.4,-52.1,4,3,75,0,0,0,0,0,0,0,0,0,0,1,1,100,0,0,0,1,1,100,0,0,0,0
Essex Rebels,"K. Martin, R. Udeh, T. Child, W. White, H. Gent",1,70,3,1,2,50,1,2,50,0,0,0,0,1,1,0,1,0,1,1,2,82.3,98.7,65.8,24.3,36.5,75,75,0,0,33.3,33.3,0,100,104.2,0,0,3,0,0,1,0,0,0,0,2,0,2,0,1,0,1,0,1,0,0,25,66.7,33.3,0,104.2,0,0,0,0,0,0,2,1,50,0,1,0,0,1,0,0,1,0,0,1,0,0,1,0,0,0
Essex Rebels,"K. Martin, I. Temilola, T. Child, B. Winter, J. Mckew",2,110,0,0,3,0,0,2,0,0,2,0,1,1,2,0,1,0,0,0,2,72.1,60.3,83.8,39.8,28.6,0,0,0,25,25,0,66.7,66.7,0,0,0,4,0,0,2,0,0,0,0,3,3,6,0,0,0,3,3,3,0,0,42.9,75,50,0,0,1,0,0,0,0,0,2,0,0,0,0,0,0,1,0,0,1,0,0,2,0,0,0,1,0,1
Essex Rebels,"K. Martin, M. Brown, T. Child, B. Winter, T. Hudson",2,83,3,1,1,100,1,1,100,0,0,0,0,0,0,1,0,0,2,2,2,69.4,83.3,55.5,28.8,43.2,150,150,100,0,0,50,0,100,104.2,4,2,3,66.7,0,1,0,0,0,0,1,0,1,1,0,0,0,1,1,66.7,66.7,0,100,33.3,208.3,-104.2,0,0,0,0,0,0,1,1,100,0,0,0,1,2,2,100,0,0,0,1,0,0,0,0,0,0
Essex Rebels,"R. Udeh, M. Brown, A. Idiata-Mendez, T. Child, B. Winter",1,91,0,0,1,0,0,0,0,0,0,0,0,0,0,0,0,0,2,0,2,76,76,76,31.6,31.6,0,0,0,0,0,66.7,0,0,0,7,3,4,75,1,1,100,0,0,0,1,0,1,2,2,1,0,0,2,87.5,87.5,0,100,25,243.1,-243.1,1,0,0,0,0,0,0,0,0,2,0,0,0,2,2,100,1,0,0,1,1,100,0,0,0,0
Essex Rebels,"R. Udeh, M. Brown, T. Child, W. White, T. Hudson",1,66,3,1,2,50,1,2,50,0,0,0,0,0,0,1,0,0,1,1,2,95,104.7,85.2,22.9,28.2,75,75,100,0,0,25,0,100,104.2,5,2,3,66.7,0,0,0,1,1,100,1,1,2,1,1,0,0,0,2,66.7,72.7,0,100,0,213.5,-109.3,0,0,0,0,0,0,2,1,50,0,1,0,0,2,2,100,1,0,0,0,0,0,0,0,0,0
Hemel Storm,"M. Sokoli, K. Walker, M. Norman, V. Eze, D. Parkinson",1,132,5,2,4,50,1,1,100,0,0,0,1,0,1,1,0,0,0,1,2,59,52.4,65.6,45.8,36.6,62.5,62.5,50,50,0,0,0,25,173.6,5,1,2,50,0,1,0,3,4,75,0,1,1,2,0,0,0,0,3,50,66.5,0,0,50,138.5,35.1,2,0,0,1,1,100,1,1,100,0,0,0,0,1,1,100,0,0,0,1,0,0,0,0,0,0
Hemel Storm,"M. Sokoli, K. Walker, V. Eze, D. Parkinson, S. Newman",1,88,4,2,5,40,0,1,0,0,0,0,2,0,2,1,1,0,0,0,2,84.3,78.5,90.1,30.6,26.6,40,40,50,66.7,0,0,0,20,138.9,7,2,2,100,2,2,100,1,1,100,0,1,1,1,0,0,1,2,3,150,143.4,29.1,0,100,212,-73.1,3,2,66.7,1,0,0,1,0,0,0,0,0,0,0,0,0,0,0,0,2,2,100,0,1,0,0
Hemel Storm,"M. Sokoli, K. Walker, D. Parkinson, J. Rai, J. Burnell",1,48,2,1,1,100,0,0,0,0,1,0,0,1,1,0,0,0,1,1,2,93.1,117.1,69.1,20.5,34.7,100,69.4,0,0,100,41,100,0,85.4,1,0,1,0,0,1,0,1,1,100,0,1,1,0,1,0,0,1,1,0,34.7,0,0,100,72.3,13,1,1,100,0,0,0,0,0,0,0,1,0,0,0,0,0,0,0,0,1,0,0,0,0,0,0
Hemel Storm,"M. Sokoli, M. Norman, V. Eze, D. Parkinson, S. Newman",2,45,5,2,2,100,0,0,0,1,1,100,0,1,1,0,0,0,0,4,2,107.5,124.9,90.1,19.2,26.6,100,102.5,0,0,33.3,0,50,0,213.5,2,0,2,0,0,0,0,2,4,50,2,0,2,1,0,0,0,0,1,0,26.6,0,66.7,0,118.4,95.1,2,2,100,0,0,0,0,0,0,0,0,0,0,2,0,0,0,0,0,0,0,0,0,0,0,0
Hemel Storm,"M. Sokoli, M. Norman, D. Parkinson, B. Inger, J. Burnell",1,94,4,2,4,50,0,1,0,0,0,0,1,2,3,1,1,0,0,0,2,85.8,73.5,98,32.6,24.5,50,50,50,50,100,0,0,25,138.9,3,1,3,33.3,1,2,50,0,0,0,0,1,1,1,0,0,1,1,3,50,50,25,0,66.7,78.1,60.8,2,1,50,1,1,100,1,0,0,0,0,0,0,1,0,0,0,0,0,2,1,50,0,1,0,0
Hemel Storm,"M. Sokoli, D. Parkinson, S. Lewis, J. Rai, J. Burnell",1,53,1,0,0,0,0,0,0,1,2,50,0,1,1,0,0,0,2,1,2,125.2,125.2,125.2,19.2,19.2,0,56.8,0,0,33.3,69.4,0,0,36.2,5,1,4,25,1,1,100,2,2,100,2,0,2,1,1,0,0,0,2,37.5,51.2,0,66.7,25,180.8,-144.7,0,0,0,0,0,0,0,0,0,1,1,0,0,3,0,0,0,0,0,1,1,100,0,0,0,0
Hemel Storm,"D. Nelson-Henry, K. Walker, S. Lewis, M. Norman, V. Eze",1,113,5,2,2,100,1,1,100,0,0,0,0,1,1,2,0,0,1,1,2,80.3,61.2,99.5,39.2,24.1,125,125,100,0,50,20,0,50,173.6,3,1,5,20,0,2,0,1,2,50,1,0,1,0,0,0,0,1,4,20,25.5,0,50,40,64,109.6,1,1,100,0,0,0,1,1,100,1,0,0,0,3,1,33.3,0,0,0,2,0,0,0,0,0,0
Hemel Storm,"D. Nelson-Henry, K. Walker, S. Lewis, M. Norman, D. Parkinson",1,103,4,2,3,66.7,0,1,0,0,0,0,0,1,1,1,0,0,0,1,2,67.1,67.1,67.1,35.8,35.8,66.7,66.7,50,0,100,0,0,33.3,138.9,6,2,3,66.7,2,2,100,0,0,0,0,1,1,2,0,0,0,1,2,100,100,0,0,66.7,208.3,-69.4,2,2,100,0,0,0,1,0,0,0,0,0,0,1,0,0,0,0,0,2,2,100,0,0,0,0
Hemel Storm,"D. Nelson-Henry, S. Lewis, M. Norman, V. Eze, D. Parkinson",2,75,2,1,1,100,0,0,0,0,0,0,0,0,0,1,0,0,2,1,2,76.8,92.2,61.4,26.0,39.1,100,100,100,0,0,50,0,0,69.4,4,2,2,100,0,0,0,0,0,0,0,0,0,0,0,0,0,1,1,100,100,0,0,0,208.3,-138.9,1,1,100,0,0,0,0,0,0,0,0,0,1,2,2,100,0,0,0,0,0,0,0,0,0,0
Hemel Storm,"D. Nelson-Henry, S. Lewis, M. Norman, V. Eze, B. Inger",1,79,5,2,2,100,1,1,100,0,0,0,0,2,2,1,0,0,1,0,2,85.7,87.5,84,27.4,28.6,125,125,50,0,100,25,0,50,173.6,2,1,2,50,0,1,0,0,2,0,0,0,0,0,0,0,0,0,2,50,34.7,0,0,50,72.3,101.3,0,0,0,1,1,100,1,1,100,0,1,0,0,1,1,100,0,0,0,1,0,0,0,0,0,0
Hemel Storm,"D. Nelson-Henry, S. Lewis, M. Norman, B. Inger, J. Burnell",1,82,4,2,2,100,0,0,0,0,0,0,0,2,2,2,0,0,1,1,2,90.5,84.3,96.7,28.5,24.8,100,100,100,0,100,20,0,0,138.9,3,1,3,33.3,0,1,0,1,1,100,0,0,0,1,0,0,0,0,3,33.3,43.6,0,0,33.3,90.8,48,2,2,100,0,0,0,0,0,0,0,1,0,0,2,1,50,0,0,0,1,0,0,0,0,0,0
Hemel Storm,"D. Nelson-Henry, M. Norman, B. Inger, S. Newman, J. Burnell",2,80,2,1,1,100,0,0,0,0,0,0,0,1,1,1,0,0,2,1,2,86.4,86.4,86.4,27.8,27.8,100,100,100,0,100,50,0,0,69.4,2,1,3,33.3,0,2,0,0,0,0,0,0,0,0,2,0,0,0,2,33.3,33.3,0,0,66.7,69.4,0,1,1,100,0,0,0,0,0,0,1,1,0,0,1,1,100,0,0,0,2,0,0,0,0,0,0
Hemel Storm,"D. Nelson-Henry, V. Eze, B. Inger, S. Newman, J. Rai",1,117,5,2,3,66.7,1,2,50,0,0,0,0,1,1,2,1,0,0,1,2,67.7,59.1,76.4,40.6,31.4,83.3,83.3,100,0,100,0,0,66.7,173.6,4,1,2,50,0,0,0,2,2,100,0,1,1,1,0,0,1,0,3,50,69.4,25.8,0,0,107.4,66.2,1,1,100,0,0,0,2,1,50,0,0,0,0,1,0,0,1,1,100,0,0,0,1,0,0,0
Hemel Storm,"D. Nelson-Henry, D. Parkinson, S. Lewis, S. Newman, J. Burnell",1,108,3,1,3,33.3,1,2,50,0,0,0,0,1,1,1,0,0,0,1,2,62.7,64,61.4,37.5,39.1,50,50,100,0,100,0,0,66.7,104.2,5,1,2,50,1,2,50,2,2,100,0,2,2,1,0,0,0,0,2,75,86.8,0,0,100,180.8,-76.7,1,0,0,0,0,0,2,1,50,0,0,0,0,0,0,0,0,0,0,2,1,50,0,0,0,0
Hemel Storm,"K. Walker, S. Lewis, M. Norman, V. Eze, D. Parkinson",1,83,2,0,2,0,0,0,0,2,2,100,1,0,1,0,2,0,1,0,2,81.6,79.9,83.3,30.0,28.8,0,34.7,0,50,0,25.8,100,0,72.3,2,1,1,100,0,0,0,0,0,0,0,1,1,0,1,0,2,2,2,100,100,66.7,0,0,69.4,2.9,1,0,0,1,0,0,0,0,0,1,0,0,0,1,1,100,0,0,0,0,0,0,1,1,0,0
Hemel Storm,"K. Walker, S. Lewis, M. Norman, V. Eze, B. Inger",1,53,0,0,0,0,0,0,0,0,0,0,0,2,2,0,0,0,3,1,2,108.7,130.4,86.9,18.4,27.6,0,0,0,0,100,100,0,0,0,0,0,2,0,0,0,0,0,0,0,0,0,0,0,0,0,0,0,1,0,0,0,0,0,0,0,0,0,0,0,0,0,0,0,0,0,0,0,2,2,0,0,0,0,0,0,0,0,0,0,0,0
Hemel Storm,"K. Walker, S. Lewis, M. Norman, D. Parkinson, S. Newman",1,63,0,0,2,0,0,1,0,0,0,0,0,1,1,0,0,0,1,1,2,128,109.7,146.3,21.9,16.4,0,0,0,0,100,33.3,0,50,0,2,1,2,50,0,1,0,0,0,0,0,1,1,0,1,0,2,2,3,50,50,50,0,50,52.1,-52.1,1,0,0,0,0,0,1,0,0,1,0,0,0,1,1,100,0,0,0,1,0,0,0,0,0,1
Hemel Storm,"K. Walker, S. Lewis, B. Inger, S. Newman, J. Rai",1,70,0,0,3,0,0,1,0,0,0,0,0,1,1,0,0,0,0,1,2,82.3,98.7,65.8,24.3,36.5,0,0,0,0,100,0,0,33.3,0,2,1,2,50,0,1,0,0,0,0,0,3,3,0,0,0,0,0,1,50,50,0,0,50,104.2,-104.2,0,0,0,2,0,0,1,0,0,0,0,0,0,1,1,100,0,0,0,1,0,0,0,0,0,0
Hemel Storm,"S. Lewis, V. Eze, B. Inger, J. Burnell, J. Chater",1,45,4,1,2,50,0,0,0,2,2,100,0,0,0,1,0,0,0,1,2,161.8,147.5,176.1,16.3,13.6,50,69.4,100,0,0,0,100,0,144.7,7,3,4,75,1,2,50,0,1,0,1,1,2,1,0,0,0,1,3,87.5,78.8,0,100,50,212,-67.3,2,1,50,0,0,0,0,0,0,0,0,0,0,2,2,100,0,0,0,2,1,50,0,0,0,0
Hemel Storm,"M. Norman, B. Inger, S. Newman, J. Rai, J. Burnell",1,41,0,0,2,0,0,1,0,0,0,0,1,0,1,0,0,0,2,3,2,189.9,168.6,211.3,14.2,11.4,0,0,0,50,0,50,0,50,0,6,2,2,100,0,0,0,2,4,50,0,1,1,2,2,0,0,0,3,100,79.8,0,0,0,166.2,-166.2,0,0,0,1,0,0,1,0,0,2,0,0,0,2,2,100,0,0,0,0,0,0,0,0,0,0
London Cavaliers,"J. Manning, J. Richards, M. Beasley, D. Ainembabazi, A. Pyne",1,84,8,2,4,50,2,2,100,2,2,100,2,1,3,2,0,0,0,1,2,66.9,79,54.9,30.4,43.8,75,82,100,100,100,0,50,50,289.4,2,1,2,50,0,0,0,0,0,0,0,0,0,0,0,0,0,2,1,50,50,0,0,0,104.2,185.2,2,0,0,0,0,0,2,2,100,0,0,0,0,2,1,50,0,0,0,0,0,0,0,0,0,0
London Cavaliers,"J. Manning, M. Collins, M. Beasley, D. Delsol-Lowry, D. Braster",1,91,2,1,2,50,0,1,0,0,0,0,0,2,2,0,0,0,1,0,2,88.6,76,101.3,31.6,23.7,50,50,0,0,100,33.3,0,50,69.4,5,2,4,50,1,1,100,0,0,0,0,1,1,2,1,0,0,1,3,62.5,62.5,0,0,25,130.2,-60.8,1,1,100,0,0,0,1,0,0,1,0,0,0,3,1,33.3,0,0,0,1,1,100,0,0,0,0
London Cavaliers,"J. Manning, M. Collins, M. Beasley, D. Braster, O. Pond-Mckenzie",2,76,1,0,2,0,0,1,0,1,2,50,0,1,1,0,0,0,0,2,2,102.5,87.3,117.6,27.5,20.4,0,17.4,0,0,100,0,100,50,36.2,7,2,3,66.7,1,2,50,2,2,100,0,2,2,3,0,0,0,1,3,83.3,90.2,0,0,66.7,187.9,-151.8,1,0,0,0,0,0,1,0,0,0,0,0,0,1,1,100,0,0,0,2,1,50,0,0,0,0
London Cavaliers,"D. Delsol-Lowry, M. Collins, D. Braster, A. Roberts, O. Pond-Mckenzie",1,52,2,0,0,0,0,0,0,2,2,100,0,0,0,0,0,0,2,1,2,108.1,127.6,88.6,18.8,27.1,0,113.6,0,0,0,69.4,0,0,72.3,3,1,2,50,1,2,50,0,0,0,0,0,0,1,0,0,0,0,1,75,75,0,0,100,156.2,-83.9,0,0,0,0,0,0,0,0,0,0,0,0,1,0,0,0,0,0,0,2,1,50,0,0,0,0
Loughborough Riders,"J. Campbell, J. Campbell, M. Joiner, C. Nyarko, D. Hadley",1,103,4,1,3,33.3,1,2,50,1,2,50,1,1,2,1,0,0,0,0,2,65.8,64.4,67.1,37.3,35.8,50,51.5,100,50,100,0,66.7,66.7,144.7,5,2,3,66.7,1,1,100,0,0,0,0,1,1,1,0,0,0,0,2,83.3,83.3,0,0,33.3,173.6,-28.9,1,0,0,0,0,0,2,1,50,0,0,0,0,1,0,0,1,1,100,1,1,100,0,0,0,0
Loughborough Riders,"J. Campbell, J. Campbell, M. Joiner, J. Cook, S. Wylie",1,124,3,1,3,33.3,1,3,33.3,0,0,0,1,0,1,0,0,1,1,1,2,65,55.7,74.3,43.1,32.3,50,50,0,50,0,25,0,100,104.2,6,3,4,75,0,0,0,0,0,0,0,1,1,1,1,0,0,0,3,75,75,0,0,0,156.2,-52.1,0,0,0,0,0,0,3,1,33.3,0,1,0,0,2,2,100,2,1,50,0,0,0,0,0,0,0
Loughborough Riders,"J. Campbell, M. Joiner, L. Ehiorobo, T. Akinsuku, L. Campbell",1,100,6,3,4,75,0,1,0,0,0,0,1,1,2,2,1,0,0,0,2,69.1,69.1,69.1,34.7,34.7,75,75,66.7,100,50,0,0,25,208.3,3,1,3,33.3,1,1,100,0,0,0,1,0,1,1,0,0,1,1,2,50,50,25,50,33.3,104.2,104.2,1,1,100,2,2,100,1,0,0,0,0,0,0,2,0,0,0,0,0,1,1,100,1,0,0,0
Loughborough Riders,"J. Campbell, M. Joiner, L. Ehiorobo, L. Campbell, C. Keys",1,106,3,1,3,33.3,1,3,33.3,0,0,0,0,1,1,1,1,0,0,0,2,70,65.2,74.8,36.8,32.1,50,50,100,0,100,0,0,100,104.2,3,1,2,50,0,0,0,1,1,100,0,2,2,1,0,0,1,0,3,50,61.5,29.1,0,0,90.8,13.3,0,0,0,0,0,0,3,1,33.3,0,0,0,0,1,0,0,1,1,100,0,0,0,1,0,0,0
Loughborough Riders,"J. Campbell, M. Joiner, L. Ehiorobo, S. Wylie, M. Joiner",1,120,0,0,5,0,0,4,0,0,0,0,2,1,3,0,0,0,0,0,2,64.9,57.6,72.2,41.7,33.2,0,0,0,50,33.3,0,0,80,0,6,1,4,25,0,0,0,4,4,100,2,2,4,0,0,0,0,0,3,25,52.1,0,66.7,0,166.2,-166.2,0,0,0,1,0,0,4,0,0,0,0,0,0,3,1,33.3,1,0,0,0,0,0,0,0,0,0
Loughborough Riders,"J. Campbell, M. Joiner, T. Akinsuku, L. Campbell, D. Hadley",1,96,6,2,2,100,2,2,100,0,0,0,0,0,0,2,0,0,1,0,2,82.6,72,93.1,33.3,25.8,150,150,100,0,0,20,0,100,208.3,9,3,5,60,1,1,100,2,2,100,2,0,2,0,1,0,0,0,3,70,76.5,0,100,20,241.6,-33.3,0,0,0,0,0,0,2,2,100,0,1,0,0,3,2,66.7,1,0,0,1,1,100,0,0,0,0
Loughborough Riders,"J. Campbell, M. Joiner, T. Akinsuku, L. Campbell, S. Wylie",1,61,0,0,1,0,0,1,0,0,0,0,0,0,0,0,0,0,2,0,2,113.3,113.3,113.3,21.2,21.2,0,0,0,0,0,66.7,0,100,0,4,2,2,100,0,0,0,0,0,0,0,1,1,1,2,0,1,0,2,100,100,33.3,0,0,138.9,-138.9,0,0,0,0,0,0,1,0,0,0,2,0,0,2,2,100,0,0,0,0,0,0,0,1,0,0
Loughborough Riders,"J. Campbell, T. Akinsuku, D. Hadley, S. Wylie, D. Hadley",1,111,3,0,1,0,0,0,0,3,4,75,0,0,0,1,0,0,0,1,2,70.2,57.3,83,41.9,28.9,0,54.3,0,0,0,0,400,0,113.2,2,1,3,33.3,0,2,0,0,0,0,1,2,3,1,0,0,2,2,3,33.3,33.3,40,100,66.7,52.1,61.1,1,0,0,0,0,0,0,0,0,0,0,0,0,0,0,0,1,1,100,2,0,0,0,0,0,2
Loughborough Riders,"J. Campbell, J. Cook, C. Nyarko, S. Wylie, C. Keys",1,110,5,1,1,100,0,0,0,3,4,75,0,1,1,0,0,0,0,0,2,70.8,57.8,83.8,41.5,28.6,100,90.6,0,0,50,0,400,0,188.7,6,3,5,60,0,1,0,0,0,0,1,0,1,1,0,0,0,3,3,60,60,0,50,20,156.2,32.5,1,1,100,0,0,0,0,0,0,0,0,0,0,3,3,100,1,0,0,1,0,0,0,0,0,0
Loughborough Riders,"J. Campbell, D. Hadley, J. Cook, T. Akinsuku, D. Hadley",1,73,6,2,3,66.7,2,2,100,0,0,0,0,2,2,0,0,0,0,1,2,124.4,94.7,154,25.3,15.6,100,100,0,0,100,0,0,66.7,208.3,7,2,4,50,1,3,33.3,2,2,100,0,1,1,2,0,0,0,1,4,62.5,71.7,0,0,75,149.4,58.9,1,0,0,0,0,0,2,2,100,0,0,1,0,1,1,100,0,0,0,3,1,33.3,0,0,0,0
Loughborough Riders,"J. Campbell, L. Campbell, S. Wylie, M. Joiner, C. Keys",1,89,3,1,1,100,1,1,100,0,0,0,0,0,0,1,1,0,2,0,2,77.7,77.7,77.7,30.9,30.9,150,150,100,0,0,50,0,100,104.2,4,2,4,50,0,0,0,0,0,0,2,0,2,1,1,0,1,0,2,50,50,20,100,0,138.9,-34.7,0,0,0,0,0,0,1,1,100,1,1,0,0,4,2,50,0,0,0,0,0,0,0,1,0,0
Loughborough Riders,"J. Campbell, M. Joiner, S. Wylie, L. Campbell, S. Wylie",1,96,0,0,2,0,0,2,0,0,0,0,0,0,0,0,0,0,1,2,2,72,72,72,33.3,33.3,0,0,0,0,0,33.3,0,100,0,4,2,2,100,0,0,0,0,0,0,0,1,1,1,1,0,1,0,2,100,100,33.3,0,0,138.9,-138.9,0,0,0,0,0,0,2,0,0,1,0,0,0,1,1,100,1,1,100,0,0,0,0,1,0,0
Loughborough Riders,"J. Campbell, M. Joiner, D. Hadley, J. Cook, L. Campbell",1,56,2,1,3,33.3,0,0,0,0,0,0,0,0,0,0,0,0,0,0,2,123.4,123.4,123.4,19.4,19.4,33.3,33.3,0,0,0,0,0,0,69.4,6,3,3,100,0,0,0,0,0,0,0,2,2,1,0,0,0,0,2,100,100,0,0,0,208.3,-138.9,1,0,0,2,1,50,0,0,0,0,0,0,0,2,2,100,1,1,100,0,0,0,0,0,0,0
Loughborough Riders,"J. Campbell, M. Joiner, D. Hadley, J. Cook, D. Hadley",1,75,0,0,2,0,0,2,0,0,0,0,0,0,0,0,0,0,1,1,2,88.5,92.2,84.8,26.0,28.3,0,0,0,0,0,33.3,0,100,0,6,1,1,100,0,0,0,4,4,100,0,2,2,0,1,0,0,0,2,100,108.7,0,0,0,226.4,-226.4,0,0,0,0,0,0,2,0,0,1,0,0,0,1,1,100,0,0,0,0,0,0,0,0,0,0
Loughborough Riders,"J. Campbell, M. Joiner, L. Campbell, S. Wylie, C. Keys",1,101,2,0,2,0,0,0,0,2,2,100,2,0,2,0,0,0,2,2,2,65.7,65.7,65.7,36.5,36.5,0,34.7,0,100,0,41,100,0,72.3,7,2,3,66.7,1,1,100,2,2,100,1,0,1,2,0,0,0,1,2,83.3,90.2,0,100,33.3,253.2,-180.8,2,0,0,0,0,0,0,0,0,0,0,0,1,2,1,50,0,0,0,1,1,100,0,0,0,0
Loughborough Riders,"J. Campbell, T. Akinsuku, J. Cook, L. Campbell, M. Joiner",1,110,4,2,5,40,0,2,0,0,0,0,2,0,2,0,1,0,0,3,2,61.6,62.8,60.3,38.2,39.8,40,40,0,66.7,0,0,0,40,138.9,1,0,1,0,0,0,0,1,2,50,0,1,1,0,0,0,1,1,2,0,26.6,34.7,0,0,36.2,102.7,2,2,100,1,0,0,2,0,0,0,0,0,0,0,0,0,1,0,0,0,0,0,1,0,0,0
Loughborough Riders,"J. Campbell, S. Wylie, S. Wylie, D. Hadley, C. Keys",1,56,0,0,2,0,0,1,0,0,0,0,1,1,2,0,0,0,2,2,2,102.9,123.4,82.3,19.4,29.2,0,0,0,50,50,50,0,50,0,2,1,3,33.3,0,0,0,0,0,0,1,1,2,1,2,0,0,2,1,33.3,33.3,0,50,0,104.2,-104.2,0,0,0,1,0,0,1,0,0,2,0,0,0,3,1,33.3,0,0,0,0,0,0,0,0,0,0
Loughborough Riders,"J. Campbell, S. Wylie, D. Hadley, C. Keys, C. Keys",1,61,4,2,2,100,0,0,0,0,0,0,0,0,0,1,0,0,1,2,2,111,113.3,108.8,21.2,22.1,100,100,50,0,0,25,0,0,138.9,7,2,2,100,1,1,100,2,2,100,0,0,0,2,1,0,0,0,2,125,121.5,0,0,50,253.2,-114.3,2,2,100,0,0,0,0,0,0,1,0,0,0,1,1,100,0,0,0,1,1,100,0,0,0,0
Loughborough Riders,"M. Joiner, L. Ehiorobo, T. Akinsuku, L. Campbell, D. Hadley",1,112,0,0,3,0,0,1,0,0,0,0,1,1,2,0,0,1,1,1,2,51.4,61.7,41.1,38.9,58.3,0,0,0,50,50,25,0,33.3,0,3,1,3,33.3,1,2,50,0,0,0,1,1,2,0,1,1,0,0,1,50,50,0,50,66.7,156.2,-156.2,0,0,0,2,0,0,1,0,0,0,1,0,0,1,0,0,0,0,0,2,1,50,0,0,0,0
Loughborough Riders,"M. Joiner, L. Ehiorobo, S. Wylie, C. Keys, M. Joiner",1,111,2,1,4,25,0,3,0,0,0,0,1,2,3,0,0,0,0,0,2,62.3,62.3,62.3,38.5,38.5,25,25,0,50,100,0,0,75,69.4,2,1,3,33.3,0,0,0,0,0,0,0,1,1,0,0,0,0,0,2,33.3,33.3,0,0,0,69.4,0,1,1,100,0,0,0,3,0,0,0,0,0,0,2,1,50,1,0,0,0,0,0,0,0,0,0
Loughborough Riders,"M. Joiner, S. Wylie, J. Cook, S. Wylie, D. Hadley",1,21,2,0,1,0,0,1,0,2,3,66.7,0,1,1,0,0,0,0,1,2,230.4,254.5,206.3,9.4,11.6,0,43.1,0,0,100,0,300,100,89.8,1,0,1,0,0,0,0,1,2,50,0,1,1,0,0,0,0,1,1,0,26.6,0,0,0,55.4,34.4,0,0,0,0,0,0,1,0,0,0,0,0,0,0,0,0,1,0,0,0,0,0,0,0,0,0
Loughborough Riders,"M. Joiner, J. Cook, J. Cook, D. Hadley, C. Keys",1,89,0,0,3,0,0,2,0,0,0,0,1,3,4,0,0,0,1,1,2,89.1,77.7,100.4,30.9,23.9,0,0,0,33.3,100,25,0,66.7,0,3,1,3,33.3,0,0,0,1,2,50,0,2,2,1,1,0,0,1,3,33.3,38.7,0,0,0,80.5,-80.5,1,0,0,0,0,0,2,0,0,1,0,0,0,2,0,0,1,1,100,0,0,0,0,0,0,0
Loughborough Riders,"M. Joiner, J. Cook, L. Campbell, S. Wylie, D. Hadley",1,63,0,0,2,0,0,2,0,0,0,0,0,2,2,0,0,0,1,0,2,109.7,109.7,109.7,21.9,21.9,0,0,0,0,100,33.3,0,100,0,2,1,3,33.3,0,1,0,0,0,0,0,2,2,0,0,0,0,0,2,33.3,33.3,0,0,33.3,69.4,-69.4,0,0,0,0,0,0,2,0,0,1,0,0,0,1,0,0,1,1,100,1,0,0,0,0,0,0
Loughborough Riders,"M. Joiner, D. Hadley, J. Cook, S. Wylie, D. Hadley",1,65,2,1,1,100,0,0,0,0,0,0,0,1,1,0,0,0,2,2,2,104.2,106.3,102.1,22.6,23.5,100,100,0,0,100,66.7,0,0,69.4,4,1,2,50,0,1,0,2,2,100,0,0,0,0,0,0,0,1,2,50,69.4,0,0,50,144.7,-75.2,1,1,100,0,0,0,0,0,0,0,0,0,1,1,1,100,0,0,0,1,0,0,0,0,0,0
Loughborough Riders,"L. Ehiorobo, T. Akinsuku, S. Wylie, D. Hadley, C. Keys",1,79,0,0,3,0,0,2,0,0,0,0,1,1,2,0,1,0,1,0,2,72.9,87.5,58.3,27.4,41.1,0,0,0,50,100,25,0,66.7,0,0,0,1,0,0,1,0,0,0,0,0,1,1,0,1,0,1,0,1,0,0,50,0,100,0,0,0,0,0,1,0,0,2,0,0,0,1,0,0,0,0,0,0,0,0,1,0,0,1,0,0,0
Loughborough Riders,"D. Hadley, J. Cook, T. Akinsuku, D. Hadley, C. Keys",1,105,5,2,4,50,1,3,33.3,0,0,0,1,0,1,1,0,0,0,1,2,64.5,65.8,63.2,36.5,38.0,62.5,62.5,50,50,0,0,0,75,173.6,6,2,2,100,0,0,0,2,2,100,0,1,1,1,0,0,0,1,2,100,104.2,0,0,0,217,-43.4,1,1,100,0,0,0,3,1,33.3,0,0,0,0,0,0,0,2,2,100,0,0,0,0,0,0,0
Milton Keynes Breakers,"K. Williams, D. Jackson, B. Baker-Mccann, M. New Jr., C. Tawiah",1,40,2,0,1,0,0,1,0,2,2,100,0,0,0,0,1,0,1,0,2,111.7,165.9,57.6,14.5,41.7,0,53.2,0,0,0,34.7,200,100,72.3,0,0,0,0,0,0,0,0,0,0,0,0,0,0,0,0,1,1,0,0,0,100,0,0,0,72.3,0,0,0,0,0,0,1,0,0,1,0,0,0,0,0,0,0,0,0,0,0,0,0,1,0,0
Milton Keynes Breakers,"K. Williams, D. Jackson, B. Baker-Mccann, M. New Jr., K. Oates",1,87,3,1,2,50,1,1,100,0,0,0,0,2,2,1,0,0,1,0,2,79.4,79.4,79.4,30.2,30.2,75,75,100,0,100,25,0,50,104.2,0,0,2,0,0,1,0,0,0,0,0,1,1,0,0,0,1,0,2,0,0,33.3,0,50,0,104.2,0,0,0,1,0,0,1,1,100,0,0,0,1,0,0,0,1,0,0,1,0,0,1,0,0,0
Milton Keynes Breakers,"K. Williams, D. Jackson, B. Baker-Mccann, X. Wilson, C. Thompson",1,55,0,0,1,0,0,0,0,0,0,0,0,1,1,0,0,0,2,1,2,104.7,125.7,83.8,19.1,28.6,0,0,0,0,100,66.7,0,0,0,2,1,2,50,0,1,0,0,0,0,0,1,1,1,0,0,0,1,1,50,50,0,0,50,104.2,-104.2,1,0,0,0,0,0,0,0,0,0,0,0,1,1,1,100,0,0,0,1,0,0,0,0,0,0
Milton Keynes Breakers,"K. Williams, D. Jackson, B. Baker-Mccann, J. Spencer, C. Thompson",1,74,2,1,3,33.3,0,0,0,0,0,0,0,1,1,1,0,1,0,0,2,109,93.4,124.5,25.7,19.3,33.3,33.3,100,0,100,0,0,0,69.4,5,2,4,50,1,2,50,0,0,0,0,2,2,1,0,0,0,0,3,62.5,62.5,0,0,50,130.2,-60.8,1,0,0,2,1,50,0,0,0,0,0,0,0,2,1,50,0,0,0,2,1,50,0,0,0,0
Milton Keynes Breakers,"K. Williams, B. Baker-Mccann, J. Dietrich, L. Gregory, C. Thompson",1,113,4,2,2,100,0,0,0,0,0,0,0,1,1,2,0,0,1,1,2,70.1,61.2,79.1,39.2,30.3,100,100,100,0,100,20,0,0,138.9,4,1,2,50,0,1,0,2,2,100,0,0,0,0,1,0,1,0,3,50,69.4,25.8,0,50,107.4,31.5,2,2,100,0,0,0,0,0,0,1,0,0,0,1,1,100,0,0,0,1,0,0,1,0,0,0
Milton Keynes Breakers,"K. Williams, B. Baker-Mccann, J. Dietrich, B. Freckleton, C. Thompson",1,113,2,1,3,33.3,0,2,0,0,0,0,0,1,1,0,1,0,0,0,2,59.9,61.2,58.7,39.2,40.9,33.3,33.3,0,0,100,0,0,66.7,69.4,2,0,1,0,0,0,0,2,2,100,0,2,2,0,0,0,1,1,2,0,53.2,34.7,0,0,72.3,-2.9,1,1,100,0,0,0,2,0,0,0,0,0,0,1,0,0,0,0,0,0,0,0,0,1,0,0
Milton Keynes Breakers,"K. Williams, B. Baker-Mccann, M. New Jr., K. Oates, B. Freckleton",1,119,4,2,2,100,0,0,0,0,0,0,0,0,0,1,0,0,1,1,2,58.1,58.1,58.1,41.3,41.3,100,100,50,0,0,25,0,0,138.9,3,1,2,50,1,1,100,0,0,0,0,0,0,1,1,0,1,0,2,75,75,33.3,0,50,104.2,34.7,2,2,100,0,0,0,0,0,0,1,0,0,1,1,0,0,0,0,0,1,1,100,0,1,0,0
Milton Keynes Breakers,"D. Jackson, B. Baker-Mccann, J. Dietrich, L. Gregory, C. Thompson",1,56,2,1,3,33.3,0,0,0,0,0,0,0,1,1,0,0,0,0,0,2,82.3,123.4,41.1,19.4,58.3,33.3,33.3,0,0,100,0,0,0,69.4,0,0,1,0,0,1,0,0,0,0,0,1,1,0,0,0,0,1,0,0,0,0,0,100,0,69.4,2,1,50,1,0,0,0,0,0,0,0,0,0,0,0,0,0,0,0,1,0,0,0,0,0,0
Milton Keynes Breakers,"D. Jackson, B. Baker-Mccann, X. Wilson, J. Spencer, B. Freckleton",1,90,2,1,2,50,0,0,0,0,0,0,0,1,1,0,0,0,1,0,2,82.4,76.8,88.1,31.2,27.3,50,50,0,0,100,33.3,0,0,69.4,4,1,2,50,1,2,50,1,1,100,0,1,1,1,1,0,1,0,3,75,82,29.1,0,100,121.1,-51.7,1,0,0,1,1,100,0,0,0,1,0,0,0,0,0,0,0,0,0,2,1,50,1,0,0,0
Milton Keynes Breakers,"D. Jackson, B. Baker-Mccann, X. Wilson, K. Oates, G. Formeloza",1,80,3,1,1,100,1,1,100,0,0,0,0,1,1,1,0,0,2,1,2,99.1,86.4,111.7,27.8,21.5,150,150,100,0,100,50,0,100,104.2,6,2,2,100,1,1,100,1,2,50,0,0,0,1,1,0,1,0,3,125,104.2,25.8,0,50,161.1,-56.9,0,0,0,0,0,0,1,1,100,0,2,0,0,1,1,100,0,0,0,1,1,100,0,1,0,0
Milton Keynes Breakers,"D. Jackson, J. Dietrich, L. Gregory, M. New Jr., J. Spencer",2,106,2,1,2,50,0,0,0,0,0,0,0,1,1,0,0,0,1,1,2,90.4,65.2,115.6,36.8,20.8,50,50,0,0,50,33.3,0,0,69.4,6,2,5,40,1,3,33.3,1,3,33.3,1,1,2,1,1,1,0,0,5,50,47.5,0,50,60,117.5,-48,2,1,50,0,0,0,0,0,0,1,0,0,0,1,0,0,1,1,100,3,1,33.3,0,0,0,0
Milton Keynes Breakers,"D. Jackson, L. Gregory, M. New Jr., X. Wilson, C. Thompson",1,67,4,2,3,66.7,0,1,0,0,0,0,0,1,1,1,0,0,0,1,2,101.1,103.2,99,23.3,24.2,66.7,66.7,50,0,100,0,0,33.3,138.9,4,1,2,50,0,0,0,2,2,100,0,0,0,0,0,0,0,0,2,50,69.4,0,0,0,144.7,-5.8,2,2,100,0,0,0,1,0,0,0,0,0,0,1,1,100,1,0,0,0,0,0,0,0,0,0
Milton Keynes Breakers,"D. Jackson, L. Gregory, M. New Jr., B. Freckleton, C. Thompson",1,92,2,1,3,33.3,0,0,0,0,0,0,1,0,1,1,1,0,1,1,2,73.6,75.1,72.1,31.9,33.3,33.3,33.3,100,100,0,20,0,0,69.4,3,1,1,100,0,0,0,1,2,50,0,0,0,0,0,0,1,0,2,100,79.8,34.7,0,0,108.5,-39.1,1,1,100,2,0,0,0,0,0,1,0,0,0,1,1,100,0,0,0,0,0,0,0,1,0,0
Milton Keynes Breakers,"D. Jackson, L. Gregory, M. New Jr., J. Spencer, B. Freckleton",2,125,2,1,3,33.3,0,0,0,0,0,0,0,2,2,1,0,0,0,2,2,63.4,55.3,71.5,43.4,33.6,33.3,33.3,100,0,100,0,0,0,69.4,4,1,3,33.3,1,1,100,1,2,50,0,2,2,1,0,0,0,0,3,50,51.5,0,0,33.3,107.4,-37.9,1,1,100,2,0,0,0,0,0,0,0,0,0,0,0,0,2,0,0,1,1,100,0,0,0,0
Milton Keynes Breakers,"D. Jackson, M. New Jr., J. Spencer, K. Oates, C. Thompson",1,29,3,1,1,100,0,0,0,1,1,100,0,0,0,0,0,0,1,1,2,136.7,193.9,79.4,12.4,30.2,100,104.2,0,0,0,41,100,0,128.1,2,1,1,100,0,0,0,0,0,0,0,0,0,1,0,0,0,1,0,100,100,0,0,0,208.3,-80.3,1,1,100,0,0,0,0,0,0,0,1,0,0,1,1,100,0,0,0,0,0,0,0,0,0,0
Milton Keynes Breakers,"B. Baker-Mccann, J. Dietrich, M. New Jr., X. Wilson, C. Thompson",2,130,2,1,2,50,0,0,0,0,0,0,0,0,0,0,0,0,1,1,2,54.9,53.2,56.7,45.1,42.3,50,50,0,0,0,33.3,0,0,69.4,5,1,1,100,0,0,0,3,5,60,0,0,0,1,1,0,0,0,3,100,78.1,0,0,0,162.8,-93.3,1,0,0,1,1,100,0,0,0,0,1,1,0,1,1,100,0,0,0,0,0,0,0,0,0,0
Milton Keynes Breakers,"B. Baker-Mccann, J. Dietrich, M. New Jr., J. Spencer, B. Freckleton",1,25,5,2,2,100,0,0,0,1,1,100,0,1,1,0,0,0,0,0,2,204.6,224.9,184.3,10.7,13.0,100,102.5,0,0,100,0,50,0,213.5,2,1,2,50,0,0,0,0,0,0,0,0,0,1,0,0,0,2,1,50,50,0,0,0,104.2,109.3,2,2,100,0,0,0,0,0,0,0,0,0,0,2,1,50,0,0,0,0,0,0,0,0,0,0
Milton Keynes Breakers,"B. Baker-Mccann, L. Gregory, M. New Jr., K. Oates, G. Formeloza",1,104,3,1,4,25,1,3,33.3,0,0,0,1,3,4,0,1,0,0,1,2,76.2,66.5,86,36.1,27.9,37.5,37.5,0,50,75,0,0,75,104.2,0,0,3,0,0,3,0,0,2,0,1,1,2,0,0,0,1,0,3,0,0,20.5,25,100,0,104.2,1,0,0,0,0,0,3,1,33.3,0,0,0,0,0,0,0,0,0,0,3,0,0,1,0,0,0
Milton Keynes Breakers,"B. Baker-Mccann, M. New Jr., X. Wilson, J. Spencer, C. Thompson",1,63,3,1,3,33.3,1,2,50,0,0,0,0,1,1,1,1,0,0,1,2,91.4,109.7,73.1,21.9,32.8,50,50,100,0,100,0,0,66.7,104.2,0,0,1,0,0,0,0,0,0,0,0,2,2,0,0,0,1,0,1,0,0,50,0,0,0,104.2,0,0,0,1,0,0,2,1,50,0,0,0,0,1,0,0,0,0,0,0,0,0,1,0,0,0
Milton Keynes Breakers,"B. Baker-Mccann, M. New Jr., J. Spencer, K. Oates, G. Formeloza",1,61,0,0,2,0,0,1,0,0,0,0,0,2,2,0,0,1,1,0,2,113.3,113.3,113.3,21.2,21.2,0,0,0,0,100,33.3,0,50,0,0,0,3,0,0,2,0,0,0,0,0,2,2,0,0,0,0,0,2,0,0,0,0,66.7,0,0,1,0,0,0,0,0,1,0,0,1,0,0,0,1,0,0,0,0,0,2,0,0,0,0,0,0
Milton Keynes Breakers,"J. Dietrich, M. New Jr., X. Wilson, J. Spencer, C. Thompson",1,64,1,0,3,0,0,1,0,1,1,100,1,0,1,0,0,0,0,2,2,77.8,87.8,67.7,27.3,35.5,0,14.5,0,33.3,0,0,33.3,33.3,42.7,5,1,1,100,1,1,100,2,2,100,0,2,2,1,0,0,0,2,1,150,133,0,0,100,277,-234.3,1,0,0,1,0,0,1,0,0,0,0,0,0,0,0,0,0,0,0,1,1,100,0,0,0,0
Milton Keynes Breakers,"L. Gregory, M. New Jr., K. Oates, G. Formeloza, B. Freckleton",1,124,2,1,2,50,0,1,0,0,0,0,0,1,1,1,1,0,1,0,2,65,55.7,74.3,43.1,32.3,50,50,100,0,33.3,25,0,50,69.4,3,1,4,25,1,4,25,0,0,0,2,1,3,1,0,0,2,0,3,37.5,37.5,33.3,66.7,100,78.1,-8.7,1,1,100,0,0,0,1,0,0,0,1,0,0,0,0,0,0,0,0,4,1,25,0,2,0,0
Milton Keynes Breakers,"L. Gregory, J. Spencer, K. Oates, G. Formeloza, C. Thompson",1,34,0,0,1,0,0,1,0,0,0,0,0,0,0,0,0,0,2,1,2,135.5,203.3,67.8,11.8,35.4,0,0,0,0,0,66.7,0,100,0,0,0,1,0,0,0,0,0,0,0,0,1,1,0,0,0,0,0,0,0,0,0,0,0,0,0,0,0,0,0,0,0,1,0,0,0,0,0,1,1,0,0,0,0,0,0,0,0,0,0,0,0
Newcastle Knights,"B. Dean, S. Trunley, H. Abdul, M. Matthews, T. Riley",1,60,4,1,2,50,0,1,0,2,4,50,1,0,1,0,0,0,0,1,2,72.2,106,38.4,22.6,62.5,50,53.2,0,100,0,0,200,50,151,2,1,1,100,0,0,0,0,0,0,0,0,0,0,0,0,0,1,0,100,100,0,0,0,208.3,-57.4,0,0,0,1,1,100,1,0,0,0,0,0,0,1,1,100,0,0,0,0,0,0,0,0,0,0
Newcastle Knights,"B. Dean, S. Trunley, S. Angus, M. Matthews, T. Riley",1,92,2,1,4,25,0,1,0,0,0,0,3,1,4,0,1,1,2,0,2,75.1,75.1,75.1,31.9,31.9,25,25,0,100,100,33.3,0,25,69.4,2,1,2,50,0,0,0,0,0,0,0,0,0,1,1,1,1,2,2,50,50,33.3,0,0,69.4,0,3,1,33.3,0,0,0,1,0,0,1,1,0,0,2,1,50,0,0,0,0,0,0,0,1,0,0
Newcastle Knights,"B. Dean, J. Thames, J. Soodeen, M. Hendry, M. Matthews",1,96,2,1,3,33.3,0,0,0,0,0,0,0,0,0,0,0,0,0,1,2,72,72,72,33.3,33.3,33.3,33.3,0,0,0,0,0,0,69.4,4,2,3,66.7,0,1,0,0,0,0,0,2,2,0,0,0,0,1,2,66.7,66.7,0,0,33.3,138.9,-69.4,2,1,50,1,0,0,0,0,0,0,0,0,0,2,2,100,0,0,0,1,0,0,0,0,0,0
Newcastle Knights,"B. Dean, J. Thames, R. Reed, S. Angus, M. Matthews",1,83,7,3,3,100,1,1,100,0,0,0,0,0,0,2,2,0,0,0,2,83.3,83.3,83.3,28.8,28.8,116.7,116.7,66.7,0,0,0,0,33.3,243.1,3,1,1,100,1,1,100,0,0,0,0,0,0,0,0,0,2,0,2,150,150,66.7,0,100,104.2,138.9,2,2,100,0,0,0,1,1,100,0,0,0,0,0,0,0,0,0,0,1,1,100,1,1,0,0
Newcastle Knights,"S. Trunley, J. Thames, F. Cork, H. Abdul, M. Matthews",1,87,2,0,1,0,0,1,0,2,2,100,0,1,1,0,0,0,1,0,2,64.6,76.3,53,31.5,45.3,0,53.2,0,0,100,34.7,200,100,72.3,2,1,2,50,0,0,0,0,0,0,0,0,0,1,0,0,0,2,1,50,50,0,0,0,104.2,-31.8,0,0,0,0,0,0,1,0,0,0,0,0,1,1,1,100,1,0,0,0,0,0,0,0,0,0
Newcastle Knights,"S. Trunley, J. Thames, F. Cork, H. Abdul, T. Riley",1,111,0,0,5,0,0,3,0,0,0,0,3,0,3,0,1,0,1,0,2,62.3,62.3,62.3,38.5,38.5,0,0,0,60,0,16.7,0,60,0,4,2,3,66.7,0,0,0,0,0,0,1,2,3,1,1,0,1,2,2,66.7,66.7,25,100,0,138.9,-138.9,0,0,0,2,0,0,3,0,0,0,1,0,0,1,1,100,2,1,50,0,0,0,0,1,0,0
Newcastle Knights,"S. Trunley, J. Thames, R. Graham-Bell, M. Jones, T. Riley",1,50,4,1,1,100,0,0,0,2,2,100,0,1,1,0,1,0,1,0,2,135.5,132.7,138.2,18.1,17.4,100,106.4,0,0,100,34.7,200,0,144.7,2,1,2,50,0,1,0,0,0,0,0,0,0,1,1,0,1,1,2,50,50,33.3,0,50,69.4,75.2,1,1,100,0,0,0,0,0,0,0,1,0,0,1,1,100,0,0,0,1,0,0,1,0,0,0
Newcastle Knights,"S. Trunley, J. Thames, W. Neighbour, M. Jones, T. Riley",1,77,0,0,3,0,0,1,0,0,2,0,1,2,3,0,0,0,0,1,2,73,86.2,59.8,27.9,40.1,0,0,0,33.3,66.7,0,66.7,33.3,0,0,0,3,0,0,2,0,0,0,0,1,2,3,0,0,1,0,0,1,0,0,0,33.3,66.7,0,0,1,0,0,1,0,0,1,0,0,0,0,0,0,1,0,0,0,0,0,2,0,0,0,0,0,0
Newcastle Knights,"J. Thames, R. Graham-Bell, H. Abdul, M. Jones, T. Riley",1,91,4,2,4,50,0,1,0,0,0,0,2,1,3,0,1,0,1,0,2,76,76,76,31.6,31.6,50,50,0,100,100,20,0,25,138.9,3,1,2,50,1,1,100,0,0,0,0,0,0,1,0,0,1,0,2,75,75,33.3,0,50,104.2,34.7,3,2,66.7,0,0,0,1,0,0,0,1,0,0,1,0,0,0,0,0,1,1,100,0,1,0,0
Newcastle Knights,"J. Thames, H. Abdul, N. Saa, M. Jones, M. Matthews",1,16,1,0,2,0,0,2,0,1,1,100,0,0,0,0,0,0,0,1,2,183.2,351.4,15,6.8,160.0,0,20.5,0,0,0,0,50,100,42.7,0,0,0,0,0,0,0,0,0,0,0,1,1,0,0,0,0,1,0,0,0,0,0,0,0,42.7,0,0,0,0,0,0,2,0,0,0,0,0,0,0,0,0,0,0,0,0,0,0,0,0,0,0
Nottingham Hoods,"T. Bonsu, T. Bonsu, L. Maitland, E. Bailey, S. Akano",1,93,0,0,2,0,0,1,0,0,0,0,0,0,0,0,0,0,1,1,2,61.9,74.3,49.5,32.3,48.4,0,0,0,0,0,33.3,0,50,0,5,2,2,100,1,1,100,0,0,0,0,1,1,2,0,0,0,0,1,125,125,0,0,50,260.4,-260.4,0,0,0,1,0,0,1,0,0,1,0,0,0,1,1,100,0,0,0,1,1,100,0,0,0,0
Nottingham Hoods,"T. Bonsu, T. Bonsu, D. Nixon Ii, E. Bailey, S. Akano",1,108,2,1,6,16.7,0,1,0,0,0,0,3,1,4,0,1,1,0,1,2,79.4,64,94.7,37.5,25.3,16.7,16.7,0,75,33.3,0,0,16.7,69.4,4,2,5,40,0,0,0,0,1,0,2,1,3,1,0,0,1,1,4,40,36.8,15.5,66.7,0,93.8,-24.4,4,1,25,1,0,0,1,0,0,0,0,1,0,3,2,66.7,2,0,0,0,0,0,0,1,0,0
Nottingham Hoods,"T. Bonsu, D. Nixon Ii, K. Bartholomew, E. Bailey, S. Akano",1,104,6,2,4,50,2,3,66.7,0,0,0,1,0,1,2,0,0,0,1,2,66.5,66.5,66.5,36.1,36.1,75,75,100,50,0,0,0,75,208.3,4,2,3,66.7,0,0,0,0,0,0,0,1,1,1,0,0,0,0,2,66.7,66.7,0,0,0,138.9,69.4,0,0,0,1,0,0,3,2,66.7,0,0,0,0,2,1,50,1,1,100,0,0,0,0,0,0,0
Nottingham Hoods,"T. Williams, C. Ross, T. Bonsu, B. Johnson, K. Bartholomew",1,64,2,1,2,50,0,0,0,0,0,0,0,3,3,1,0,0,1,1,2,103.7,108,99.4,22.2,24.2,50,50,100,0,100,25,0,0,69.4,2,0,1,0,0,1,0,2,4,50,0,1,1,0,1,0,0,0,2,0,36.2,0,0,100,75.5,-6,2,1,50,0,0,0,0,0,0,1,0,0,0,0,0,0,0,0,0,1,0,0,0,0,0,0
Nottingham Hoods,"T. Williams, C. Ross, B. Johnson, K. Bartholomew, E. Bailey",1,72,3,1,2,50,0,1,0,1,1,100,0,1,1,1,0,0,0,0,2,69.1,78.1,60.2,30.7,39.9,50,61.5,100,0,100,0,50,50,128.1,2,0,1,0,0,0,0,2,2,100,0,1,1,0,0,0,0,1,1,0,53.2,0,0,0,110.8,17.3,1,1,100,0,0,0,1,0,0,0,0,0,0,0,0,0,1,0,0,0,0,0,0,0,0,0
Nottingham Hoods,"T. Williams, A. Thomson, T. Bonsu, B. Johnson, S. Akano",1,81,2,0,2,0,0,1,0,2,4,50,1,0,1,0,0,0,0,1,2,66,78.5,53.5,30.6,44.9,0,26.6,0,33.3,0,0,200,50,75.5,4,1,1,100,0,0,0,2,2,100,0,2,2,1,0,0,0,2,1,100,106.4,0,0,0,221.6,-146.1,1,0,0,0,0,0,1,0,0,0,0,0,0,1,1,100,0,0,0,0,0,0,0,0,0,0
Nottingham Hoods,"T. Williams, A. Adedo, B. Johnson, S. Akano, M. Savery-Richards",1,90,4,2,3,66.7,0,1,0,0,0,0,1,0,1,0,2,0,1,1,2,75.3,76.8,73.7,31.2,32.6,66.7,66.7,0,100,0,25,0,33.3,138.9,1,0,1,0,0,1,0,1,2,50,1,0,1,1,1,0,2,0,2,0,26.6,51.5,100,100,36.2,102.7,2,2,100,0,0,0,1,0,0,1,0,0,0,0,0,0,0,0,0,1,0,0,1,1,0,0
Nottingham Hoods,"T. Williams, A. Adedo, D. Nixon Ii, E. Bailey, S. Akano",1,89,6,3,3,100,0,0,0,0,0,0,0,0,0,2,2,0,0,1,2,77.7,77.7,77.7,30.9,30.9,100,100,66.7,0,0,0,0,0,208.3,2,1,1,100,0,0,0,0,0,0,0,0,0,1,0,0,2,0,2,100,100,66.7,0,0,69.4,138.9,3,3,100,0,0,0,0,0,0,0,0,0,0,1,1,100,0,0,0,0,0,0,0,2,0,0
Nottingham Hoods,"T. Williams, A. Adedo, E. Bailey, S. Akano, M. Savery-Richards",1,89,4,2,4,50,0,2,0,0,0,0,1,2,3,1,0,0,0,0,2,64.7,77.7,51.8,30.9,46.4,50,50,50,100,100,0,0,50,138.9,0,0,2,0,0,2,0,0,0,0,0,0,0,0,0,0,0,0,1,0,0,0,0,100,0,138.9,2,2,100,0,0,0,2,0,0,0,0,0,0,0,0,0,0,0,0,2,0,0,0,0,0,0
Nottingham Hoods,"T. Williams, T. Bonsu, J. Griffith, B. Johnson, D. Nixon Ii",1,68,2,1,2,50,0,0,0,0,0,0,1,1,2,0,1,0,2,1,2,101.6,101.6,101.6,23.6,23.6,50,50,0,100,100,50,0,0,69.4,0,0,2,0,0,2,0,0,0,0,0,0,0,0,0,0,1,2,2,0,0,33.3,0,100,0,69.4,2,1,50,0,0,0,0,0,0,0,0,0,1,0,0,0,0,0,0,2,0,0,1,0,0,0
Nottingham Hoods,"T. Williams, T. Bonsu, J. Griffith, K. Bartholomew, A. Sandu-Nelson",1,44,3,1,1,100,0,0,0,1,4,25,0,1,1,1,1,0,0,2,2,144.5,144.5,144.5,16.6,16.6,100,54.3,100,0,33.3,0,400,0,113.2,4,1,2,50,0,1,0,2,4,50,2,1,3,0,0,0,1,1,2,50,53.2,21,66.7,50,151,-37.7,1,1,100,0,0,0,0,0,0,0,0,0,0,1,1,100,0,0,0,1,0,0,1,0,0,0
Nottingham Hoods,"T. Williams, T. Bonsu, B. Johnson, K. Bartholomew, K. Bartholomew",1,141,2,1,5,20,0,2,0,0,0,0,2,1,3,1,1,0,0,1,2,48,49,47.1,49.0,51.0,20,20,100,50,50,0,0,40,69.4,2,0,2,0,0,0,0,2,2,100,1,2,3,0,0,1,1,1,2,0,34.7,25.8,50,0,72.3,-2.9,3,1,33.3,0,0,0,2,0,0,0,0,0,0,1,0,0,1,0,0,0,0,0,0,1,0,0
Nottingham Hoods,"T. Williams, T. Bonsu, B. Johnson, A. Sandu-Nelson, E. Bailey",1,94,2,1,3,33.3,0,0,0,0,0,0,0,0,0,0,0,1,0,0,2,61.3,73.5,49,32.6,49.0,33.3,33.3,0,0,0,0,0,0,69.4,2,1,3,33.3,0,1,0,0,0,0,1,2,3,1,0,1,0,0,1,33.3,33.3,0,100,33.3,104.2,-34.7,2,0,0,1,1,100,0,0,0,0,0,0,0,1,1,100,1,0,0,1,0,0,0,0,1,0
Nottingham Hoods,"C. Ross, B. Johnson, K. Bartholomew, E. Bailey, S. Akano",1,62,0,0,3,0,0,3,0,0,0,0,0,1,1,0,0,0,0,1,2,111.5,111.5,111.5,21.5,21.5,0,0,0,0,100,0,0,100,0,4,2,3,66.7,0,1,0,0,0,0,0,3,3,2,0,0,0,0,2,66.7,66.7,0,0,33.3,138.9,-138.9,0,0,0,0,0,0,3,0,0,0,0,0,0,1,1,100,1,1,100,1,0,0,0,0,0,0
Nottingham Hoods,"A. Adedo, S. Jamison, E. Bailey, S. Akano, M. Savery-Richards",1,19,3,0,2,0,0,1,0,3,3,100,1,1,2,0,0,0,0,0,2,201.3,281.3,121.3,8.5,19.8,0,45.2,0,50,100,0,150,50,134.7,0,0,1,0,0,0,0,0,0,0,0,1,1,0,0,0,0,1,0,0,0,0,0,0,0,134.7,0,0,0,1,0,0,1,0,0,0,0,0,0,1,0,0,0,0,0,0,0,0,0,0,0,0
Nottingham Hoods,"A. Adedo, B. Johnson, L. Maitland, D. Nixon Ii, K. Bartholomew",1,52,2,1,3,33.3,0,1,0,0,0,0,1,0,1,1,1,0,1,0,2,110.8,132.9,88.6,18.1,27.1,33.3,33.3,100,100,0,20,0,33.3,69.4,2,1,1,100,0,0,0,0,0,0,0,0,0,1,0,0,1,1,1,100,100,50,0,0,104.2,-34.7,2,1,50,0,0,0,1,0,0,0,1,0,0,1,1,100,0,0,0,0,0,0,0,1,0,0
Nottingham Hoods,"A. Adedo, L. Maitland, D. Nixon Ii, K. Bartholomew, M. Savery-Richards",1,48,1,0,2,0,0,1,0,1,2,50,1,0,1,1,0,0,1,1,2,138.2,138.2,138.2,17.4,17.4,0,17.4,0,33.3,0,20.5,100,50,36.2,3,1,2,50,0,1,0,1,2,50,0,2,2,2,1,0,0,0,2,50,52.1,0,0,50,108.5,-72.3,0,0,0,1,0,0,1,0,0,0,1,0,0,1,1,100,0,0,0,1,0,0,0,0,0,0
Nottingham Hoods,"T. Bonsu, J. Griffith, B. Johnson, D. Nixon Ii, A. Sandu-Nelson",1,50,3,1,1,100,1,1,100,0,0,0,0,1,1,1,0,0,2,1,2,138.2,138.2,138.2,17.4,17.4,150,150,100,0,100,50,0,100,104.2,0,0,1,0,0,1,0,0,0,0,0,0,0,0,0,0,2,1,2,0,0,66.7,0,100,0,104.2,0,0,0,0,0,0,1,1,100,0,0,0,1,0,0,0,0,0,0,1,0,0,0,0,0,1
Nottingham Hoods,"T. Bonsu, B. Johnson, L. Maitland, K. Bartholomew, S. Akano",1,51,2,1,2,50,0,1,0,0,0,0,0,1,1,0,1,0,1,2,2,130.1,135.5,124.7,17.7,19.2,50,50,0,0,100,33.3,0,50,69.4,3,0,0,0,0,0,0,3,4,75,0,1,1,0,1,0,1,0,2,0,85.2,36.2,0,0,113.2,-43.8,1,1,100,0,0,0,1,0,0,1,0,0,0,0,0,0,0,0,0,0,0,0,1,0,0,0
Nottingham Hoods,"T. Bonsu, B. Johnson, K. Bartholomew, K. Bartholomew, S. Akano",1,90,0,0,3,0,0,0,0,0,0,0,0,2,2,0,0,0,0,2,2,85,76.8,93.2,31.2,25.8,0,0,0,0,100,0,0,0,0,3,0,0,0,0,0,0,3,6,50,0,3,3,1,0,0,1,0,3,0,56.8,27.5,0,0,85.9,-85.9,1,0,0,2,0,0,0,0,0,0,0,0,0,0,0,0,0,0,0,0,0,0,0,1,0,0
Nottingham Hoods,"T. Bonsu, L. Maitland, A. Sandu-Nelson, E. Bailey, S. Akano",1,67,2,1,3,33.3,0,1,0,0,0,0,1,1,2,0,1,0,1,0,2,86,103.2,68.8,23.3,34.9,33.3,33.3,0,50,100,25,0,33.3,69.4,0,0,1,0,0,0,0,0,0,0,0,1,1,0,0,0,1,0,1,0,0,50,0,0,0,69.4,1,1,100,1,0,0,1,0,0,0,1,0,0,1,0,0,0,0,0,0,0,0,0,1,0,0
Reading Rockets,"M. Bryant, T. Nsangu, L. Sayles, C. Creek, Y. Salih",1,58,3,1,3,33.3,0,0,0,1,1,100,1,1,2,1,0,0,0,0,2,85.8,96.9,74.7,24.8,32.1,33.3,43.6,100,50,100,0,33.3,0,128.1,2,0,1,0,0,0,0,2,2,100,0,1,1,1,0,1,0,1,1,0,53.2,0,0,0,110.8,17.3,2,1,50,1,0,0,0,0,0,0,0,0,0,0,0,0,1,0,0,0,0,0,0,0,0,0
Reading Rockets,"M. Bryant, L. Sayles, J. Bouknight, Y. Salih, S. Chamberlain",1,77,3,0,2,0,0,0,0,3,4,75,1,0,1,0,1,0,0,1,2,91,82.6,99.3,29.1,24.2,0,39.9,0,50,0,0,200,0,113.2,5,1,2,50,0,0,0,3,3,100,1,1,2,0,0,0,1,2,3,50,75.3,23.1,100,0,156.9,-43.7,1,0,0,1,0,0,0,0,0,0,0,0,0,2,1,50,0,0,0,0,0,0,1,0,0,0
Reading Rockets,"M. Bryant, L. Sayles, J. Bouknight, Z. Poorman, V. Olarerin",1,88,2,1,2,50,0,1,0,0,0,0,0,1,1,1,0,0,1,0,2,65.5,78.5,52.4,30.6,45.8,50,50,100,0,100,25,0,50,69.4,0,0,1,0,0,1,0,0,0,0,0,1,1,0,0,0,1,1,1,0,0,50,0,100,0,69.4,1,1,100,0,0,0,1,0,0,0,1,0,0,0,0,0,0,0,0,1,0,0,0,1,0,0
Reading Rockets,"J. Waterhouse, T. Nsangu, J. Bouknight, Z. Poorman, V. Olarerin",2,74,3,1,2,50,1,1,100,0,0,0,0,1,1,1,0,0,1,1,2,77.8,93.4,62.3,25.7,38.5,75,75,100,0,50,25,0,50,104.2,2,1,3,33.3,0,0,0,0,0,0,1,0,1,0,1,0,0,0,1,33.3,33.3,0,50,0,104.2,0,1,0,0,0,0,0,1,1,100,1,0,1,0,3,1,33.3,0,0,0,0,0,0,0,0,0,0
Reading Rockets,"J. Waterhouse, C. Creek, J. Bouknight, V. Olarerin, S. Chamberlain",1,104,0,0,3,0,0,2,0,0,0,0,0,1,1,0,0,0,0,2,2,82.4,66.5,98.4,36.1,24.4,0,0,0,0,100,0,0,66.7,0,7,3,4,75,0,0,0,1,1,100,0,2,2,3,0,0,0,0,4,75,78.8,0,0,0,164.2,-164.2,0,0,0,1,0,0,2,0,0,0,0,0,0,2,2,100,2,1,50,0,0,0,0,0,0,0
Reading Rockets,"J. Waterhouse, M. Hassan-Taylor, M. Daines, J. Bouknight, S. Chamberlain",1,88,4,1,2,50,1,2,50,1,2,50,0,1,1,1,0,0,0,1,2,82.7,75.4,90.1,31.8,26.6,75,69.4,100,0,100,0,100,100,144.7,5,2,3,66.7,0,1,0,1,1,100,0,2,2,1,0,0,0,0,3,66.7,72.7,0,0,33.3,151.4,-6.7,0,0,0,0,0,0,2,1,50,0,0,0,0,2,2,100,0,0,0,1,0,0,0,0,0,0
Reading Rockets,"J. Waterhouse, J. Bouknight, Z. Poorman, V. Olarerin, S. Chamberlain",1,95,6,3,4,75,0,1,0,0,0,0,1,0,1,0,1,0,0,2,2,87.3,72.8,101.9,33.0,23.6,75,75,0,100,0,0,0,25,208.3,4,0,1,0,0,1,0,4,5,80,1,0,1,0,0,0,2,0,4,0,62.5,38.5,100,100,99.2,109.1,3,3,100,0,0,0,1,0,0,0,0,0,0,0,0,0,0,0,0,1,0,0,2,0,0,0
Reading Rockets,"T. Nsangu, L. Sayles, C. Creek, J. Bouknight, V. Olarerin",1,87,4,1,3,33.3,0,0,0,2,4,50,2,1,3,2,0,0,0,0,2,86.3,73.1,99.6,32.8,24.1,33.3,42,200,66.7,100,0,133.3,0,151,3,0,1,0,0,0,0,3,4,75,0,1,1,0,0,0,1,2,3,0,54.3,26.6,0,0,83.1,67.9,2,1,50,1,0,0,0,0,0,0,0,0,0,1,0,0,0,0,0,0,0,0,0,1,0,0
Reading Rockets,"T. Nsangu, L. Sayles, Y. Salih, Z. Poorman, V. Olarerin",1,115,6,3,4,75,0,1,0,0,0,0,1,1,2,3,0,0,0,1,2,60.1,60.1,60.1,39.9,39.9,75,75,100,100,33.3,0,0,25,208.3,4,2,5,40,0,0,0,0,0,0,2,0,2,0,0,0,0,0,2,40,40,0,66.7,0,138.9,69.4,3,3,100,0,0,0,1,0,0,0,0,0,0,2,1,50,3,1,33.3,0,0,0,0,0,0,0
Reading Rockets,"T. Nsangu, M. Daines, J. Bouknight, V. Olarerin, S. Chamberlain",1,119,6,2,3,66.7,2,2,100,0,0,0,0,1,1,1,0,0,0,0,2,48.4,58.1,38.7,41.3,62.0,100,100,50,0,50,0,0,66.7,208.3,0,0,3,0,0,1,0,0,0,0,1,1,2,0,0,0,0,0,1,0,0,0,50,33.3,0,208.3,0,0,0,1,0,0,2,2,100,0,0,0,0,1,0,0,1,0,0,1,0,0,0,0,0,0
Reading Rockets,"L. Sayles, C. Creek, Y. Salih, Z. Poorman, V. Olarerin",2,112,2,1,4,25,0,1,0,0,0,0,2,0,2,0,0,0,1,2,2,66.2,61.7,70.8,38.9,33.9,25,25,0,100,0,20,0,25,69.4,7,3,3,100,0,0,0,1,1,100,0,0,0,1,1,0,0,0,3,100,101.7,0,0,0,212,-142.5,2,0,0,1,1,100,1,0,0,0,1,0,0,2,2,100,1,1,100,0,0,0,0,0,0,0
Reading Rockets,"L. Sayles, J. Bouknight, Y. Salih, Z. Poorman, S. Chamberlain",1,82,3,1,3,33.3,1,3,33.3,0,0,0,0,0,0,1,1,0,0,2,2,88.8,84.3,93.3,28.5,25.7,50,50,100,0,0,0,0,100,104.2,4,1,1,100,0,0,0,2,3,66.7,0,2,2,1,0,0,1,0,3,100,86.2,30.1,0,0,125.5,-21.3,0,0,0,0,0,0,3,1,33.3,0,0,0,0,1,1,100,0,0,0,0,0,0,1,0,0,0
Reading Rockets,"C. Creek, M. Hassan-Taylor, J. Bouknight, Y. Salih, V. Olarerin",1,88,2,1,2,50,0,0,0,0,0,0,0,2,2,1,0,1,1,1,2,88.5,78.5,98.4,30.6,24.4,50,50,100,0,66.7,25,0,0,69.4,2,0,3,0,0,0,0,2,4,50,1,1,2,0,0,1,0,0,3,0,21,0,33.3,0,55.4,14,2,1,50,0,0,0,0,0,0,0,1,0,0,3,0,0,0,0,0,0,0,0,0,0,0,0
Worthing Thunder,"D. Evans, M. Bryan-Amaning, A. Scarborough, B. Adeluola, E. Dadds",2,96,1,0,2,0,0,1,0,1,2,50,1,1,2,0,1,0,1,2,2,82.6,69.1,96,34.7,25.0,0,17.4,0,33.3,100,25.8,100,50,36.2,5,2,3,66.7,1,2,50,0,0,0,0,2,2,2,1,0,1,4,3,83.3,83.3,25,0,66.7,130.2,-94,1,0,0,0,0,0,1,0,0,1,0,0,0,1,1,100,0,0,0,2,1,50,1,0,0,0
Worthing Thunder,"D. Evans, J. Hopkins, E. Maynard, T. Mcindoe, E. Dadds",1,58,3,1,2,50,0,0,0,1,1,100,0,0,0,0,0,0,0,0,2,88.2,96.9,79.4,24.8,30.2,50,61.5,0,0,0,0,50,0,128.1,5,2,2,100,1,1,100,0,0,0,0,1,1,0,0,0,0,1,1,125,125,0,0,50,260.4,-132.3,1,1,100,1,0,0,0,0,0,0,0,0,0,1,1,100,0,0,0,1,1,100,0,0,0,0
Worthing Thunder,"D. Evans, J. Hopkins, E. Maynard, E. Dadds, B. Lomeka",1,107,4,2,5,40,0,1,0,0,0,0,2,0,2,0,0,0,0,1,2,53.8,64.6,43.1,37.2,55.7,40,40,0,66.7,0,0,0,20,138.9,4,2,3,66.7,0,1,0,0,0,0,1,1,2,2,0,1,0,0,1,66.7,66.7,0,100,33.3,208.3,-69.4,3,2,66.7,1,0,0,1,0,0,0,0,0,0,1,1,100,1,1,100,1,0,0,0,0,0,0
Worthing Thunder,"D. Evans, J. Hopkins, J. Lashley, A. Price, B. Lomeka",1,45,0,0,1,0,0,1,0,0,0,0,0,0,0,0,1,0,2,0,2,128,153.6,102.4,15.6,23.4,0,0,0,0,0,66.7,0,100,0,3,1,1,100,1,1,100,0,0,0,0,1,1,1,1,0,1,0,1,150,150,50,0,100,156.2,-156.2,0,0,0,0,0,0,1,0,0,1,0,0,1,0,0,0,0,0,0,1,1,100,0,1,0,0
Worthing Thunder,"D. Evans, E. Maynard, T. Mcindoe, A. Scarborough, E. Dadds",1,80,3,1,2,50,1,2,50,0,0,0,0,0,0,1,0,0,1,4,2,105.4,86.4,124.4,27.8,19.3,75,75,100,0,0,25,0,100,104.2,8,3,3,100,0,0,0,2,3,66.7,0,0,0,1,1,0,0,0,4,100,92.6,0,0,0,192.9,-88.7,0,0,0,0,0,0,2,1,50,1,0,0,0,3,3,100,0,0,0,0,0,0,0,0,0,0
Worthing Thunder,"M. Bryan-Amaning, E. Maynard, T. Mcindoe, B. Adeluola, E. Dadds",1,65,4,2,4,50,0,0,0,0,0,0,1,2,3,0,0,0,0,1,2,124.1,106.3,141.8,22.6,16.9,50,50,0,50,66.7,0,0,0,138.9,5,2,5,40,1,3,33.3,0,0,0,1,1,2,2,0,0,0,0,3,50,50,0,33.3,60,130.2,8.7,1,1,100,3,1,33.3,0,0,0,0,0,0,0,2,1,50,0,0,0,3,1,33.3,0,0,0,0
Yorkshire Dragons,"R. Ani, A. Lycoudis, B. Tew, L. Rooney, J. Mielke",1,51,1,0,3,0,0,1,0,1,2,50,1,0,1,0,1,0,0,1,2,150,130.1,169.9,18.4,14.1,0,12.9,0,33.3,0,0,66.7,33.3,36.2,5,1,1,100,0,0,0,3,4,75,0,2,2,1,0,0,1,1,3,100,90.6,26.6,0,0,138.5,-102.4,1,0,0,1,0,0,1,0,0,0,0,0,0,1,1,100,0,0,0,0,0,0,1,0,0,0
Yorkshire Dragons,"R. Ani, B. Tew, J. Whelan, J. Jefferson, C. Johnson",1,148,5,2,5,40,0,1,0,1,2,50,3,2,5,0,0,0,0,2,2,59.5,44.8,74.1,53.5,32.4,40,42.5,0,75,66.7,0,40,20,180.8,3,0,4,0,0,3,0,3,4,75,1,1,2,0,0,0,0,3,4,0,26,0,33.3,75,65.7,115.2,4,2,50,0,0,0,1,0,0,0,0,0,0,0,0,0,1,0,0,3,0,0,0,0,0,0
Yorkshire Dragons,"R. Ani, J. Mielke, A. Lycoudis, C. Johnson, N. Lewis",1,67,5,2,3,66.7,1,2,50,0,0,0,0,1,1,1,0,0,0,1,2,83.9,103.2,64.6,23.3,37.1,83.3,83.3,50,0,100,0,0,66.7,173.6,2,0,1,0,0,0,0,2,2,100,0,1,1,0,0,0,0,0,1,0,53.2,0,0,0,110.8,62.8,1,1,100,0,0,0,2,1,50,0,0,0,0,1,0,0,0,0,0,0,0,0,0,0,0,0
Yorkshire Dragons,"D. Ulph, B. Tew, E. Brownell, S. Mamuini, N. Lewis",1,107,5,1,2,50,1,2,50,2,2,100,0,1,1,2,0,0,0,0,2,63.3,62,64.6,38.7,37.2,75,86.8,200,0,50,0,100,100,180.8,5,2,4,50,1,1,100,0,0,0,1,1,2,1,0,0,0,4,2,62.5,62.5,0,50,25,173.6,7.2,0,0,0,0,0,0,2,1,50,0,0,0,0,1,0,0,2,1,50,1,1,100,0,0,0,0
Yorkshire Dragons,"D. Ulph, B. Tew, J. Whelan, S. Mamuini, N. Lewis",1,82,3,1,4,25,1,3,33.3,0,0,0,1,1,2,1,1,0,0,0,2,70.2,84.3,56.2,28.5,42.7,37.5,37.5,100,33.3,100,0,0,75,104.2,0,0,1,0,0,1,0,0,0,0,0,2,2,0,0,1,1,1,1,0,0,50,0,100,0,104.2,1,0,0,0,0,0,3,1,33.3,0,0,0,0,0,0,0,0,0,0,1,0,0,0,1,0,0
Yorkshire Dragons,"D. Ulph, E. Brownell, J. Whelan, L. Rooney, A. Lycoudis",1,41,1,0,0,0,0,0,0,1,1,100,0,0,0,0,0,0,2,1,2,96.7,137.1,56.2,17.5,42.7,0,113.6,0,0,0,82,0,0,42.7,2,1,1,100,0,0,0,0,0,0,0,0,0,0,2,0,0,1,0,100,100,0,0,0,208.3,-165.6,0,0,0,0,0,0,0,0,0,2,0,0,0,1,1,100,0,0,0,0,0,0,0,0,0,0
Yorkshire Dragons,"D. Ulph, J. Jefferson, J. Mielke, S. Mamuini, C. Johnson",1,78,2,1,5,20,0,3,0,0,0,0,2,0,2,0,0,0,0,1,2,73.8,88.6,59.1,27.1,40.6,20,20,0,50,0,0,0,60,69.4,4,2,2,100,0,0,0,0,0,0,0,2,2,1,0,0,0,0,1,100,100,0,0,0,208.3,-138.9,1,0,0,1,1,100,3,0,0,0,0,0,0,2,2,100,0,0,0,0,0,0,0,0,0,0
Yorkshire Dragons,"B. Tew, J. Whelan, L. Rooney, C. Johnson, N. Lewis",1,83,0,0,2,0,0,0,0,0,0,0,0,0,0,0,0,0,1,1,2,97.2,83.3,111,28.8,21.6,0,0,0,0,0,33.3,0,0,0,0,0,0,0,0,0,0,0,0,0,0,2,2,0,0,0,4,1,3,0,0,100,0,0,0,0,1,0,0,1,0,0,0,0,0,1,0,0,0,0,0,0,0,0,0,0,0,0,2,0,0,1
Birmingham Rockets,"R. Blain, O. Jackman, Z. Powell, L. Okosieme, L. Mcgregor",2,35,0,0,1,0,0,0,0,0,0,0,0,2,2,0,1,0,1,0,1,160.6,131.7,189.6,18.2,12.7,0,0,0,0,100,50,0,0,0,0,0,1,0,0,1,0,0,2,0,0,1,1,0,0,0,1,1,2,0,0,34.7,0,100,0,0,1,0,0,0,0,0,0,0,0,1,0,0,0,0,0,0,0,0,0,1,0,0,0,1,0,0
Birmingham Rockets,"R. Blain, Z. Powell, L. Duru, L. Okosieme, E. Donaldson",1,49,0,0,1,0,0,1,0,0,0,0,0,1,1,0,0,0,1,0,1,70.5,94,47,25.5,51.0,0,0,0,0,100,50,0,100,0,0,0,1,0,0,1,0,0,0,0,0,1,1,0,0,0,0,0,0,0,0,0,0,100,0,0,0,0,0,0,0,0,1,0,0,1,0,0,0,0,0,0,0,0,0,1,0,0,0,0,0,0
Birmingham Rockets,"P. Basioudis, L. Duru, A. Mutothori, F. Mughaal, M. Gayle",1,52,0,0,2,0,0,0,0,0,0,0,0,1,1,0,1,0,0,0,1,88.6,88.6,88.6,27.1,27.1,0,0,0,0,100,0,0,0,0,0,0,1,0,0,0,0,0,0,0,0,2,2,0,0,0,1,0,1,0,0,50,0,0,0,0,2,0,0,0,0,0,0,0,0,0,0,0,0,1,0,0,0,0,0,0,0,0,0,1,0,0
Birmingham Rockets,"Z. Powell, L. Duru, L. Okosieme, E. Donaldson, M. Gayle",1,67,0,0,2,0,0,1,0,0,0,0,0,1,1,0,0,0,0,0,1,68.8,68.8,68.8,34.9,34.9,0,0,0,0,100,0,0,50,0,3,1,2,50,1,2,50,0,0,0,0,1,1,1,0,0,0,0,1,75,75,0,0,100,156.2,-156.2,0,0,0,1,0,0,1,0,0,0,0,0,0,0,0,0,0,0,0,2,1,50,0,0,0,0
Bristol Flyers II,"Y. Hafid, L. Ayinla, J. Craggs, R. Eigbe, Z. Riabi",1,63,0,0,1,0,0,1,0,0,0,0,0,1,1,0,0,0,1,0,1,73.1,73.1,73.1,32.8,32.8,0,0,0,0,50,50,0,100,0,2,1,3,33.3,0,1,0,0,0,0,1,1,2,0,0,0,0,0,1,33.3,33.3,0,50,33.3,104.2,-104.2,0,0,0,0,0,0,1,0,0,0,1,0,0,0,0,0,1,0,0,1,0,0,0,0,0,0
Bristol Flyers II,"Y. Hafid, L. Ayinla, R. Eigbe, Z. Riabi, W. Simba",1,66,2,0,0,0,0,0,0,2,2,100,0,1,1,0,0,0,1,0,1,67.7,65.6,69.8,36.6,34.4,0,113.6,0,0,100,53.2,0,0,110.8,3,1,2,50,1,2,50,0,0,0,0,0,0,1,1,0,0,1,1,75,75,0,0,100,156.2,-45.4,0,0,0,0,0,0,0,0,0,1,0,0,0,0,0,0,0,0,0,2,1,50,0,0,0,0
Bristol Flyers II,"Y. Hafid, L. Ayinla, R. Eigbe, Z. Riabi, E. Ekwegh",1,41,0,0,1,0,0,0,0,0,0,0,0,0,0,0,0,0,1,1,1,137.1,112.4,161.8,21.4,14.8,0,0,0,0,0,50,0,0,0,1,0,0,0,0,0,0,1,2,50,0,1,1,0,0,1,2,1,2,0,56.8,69.4,0,0,36.2,-36.2,1,0,0,0,0,0,0,0,0,1,0,0,0,0,0,0,0,0,0,0,0,0,0,0,0,1
Bristol Flyers II,"Y. Hafid, L. Ayinla, R. Eigbe, N. Ladjimi, A. Bhebhe",1,54,5,2,2,100,1,1,100,0,0,0,0,0,0,1,0,0,0,0,1,85.3,85.3,85.3,28.1,28.1,125,125,50,0,0,0,0,50,260.4,3,1,1,100,1,1,100,0,0,0,0,0,0,1,0,0,1,1,1,150,150,50,0,100,156.2,104.2,1,1,100,0,0,0,1,1,100,0,0,0,0,0,0,0,0,0,0,1,1,100,0,1,0,0
Bristol Flyers II,"Y. Hafid, L. Ayinla, N. Sagkovits, L. Matthews, E. Ekwegh",1,49,3,0,0,0,0,0,0,3,4,75,0,0,0,0,0,0,0,0,1,64.9,82.8,47,29.0,51.0,0,85.2,0,0,0,0,0,0,177.6,2,1,1,100,0,0,0,0,0,0,0,0,0,0,0,0,0,1,0,100,100,0,0,0,208.3,-30.8,0,0,0,0,0,0,0,0,0,0,0,0,0,1,1,100,0,0,0,0,0,0,0,0,0,0
Bristol Flyers II,"Y. Hafid, L. Ayinla, N. Sagkovits, W. Simba, E. Ekwegh",1,33,0,0,0,0,0,0,0,0,0,0,0,0,0,0,0,0,2,1,1,104.7,139.6,69.8,17.2,34.4,0,0,0,0,0,100,0,0,0,0,0,1,0,0,0,0,0,0,0,0,0,0,0,0,0,0,1,0,0,0,0,0,0,0,0,0,0,0,0,0,0,0,0,0,0,0,0,1,1,0,0,0,0,0,0,0,0,0,0,0,0
Bristol Flyers II,"Y. Hafid, R. Price, J. Craggs, N. Ladjimi, T. Browne",2,56,1,0,2,0,0,2,0,1,1,100,1,0,1,0,0,0,0,1,1,50.2,59.2,41.1,40.5,58.3,0,20.5,0,50,0,0,50,100,72.3,2,1,2,50,0,0,0,0,0,0,1,1,2,0,0,0,0,1,0,50,50,0,100,0,208.3,-136,0,0,0,0,0,0,2,0,0,0,0,0,0,2,1,50,0,0,0,0,0,0,0,0,0,0
Bristol Flyers II,"Y. Hafid, R. Price, R. Eigbe, N. Ladjimi, L. Matthews",1,75,4,2,4,50,0,1,0,0,0,0,2,2,4,0,0,0,0,0,1,61.4,61.4,61.4,39.1,39.1,50,50,0,100,100,0,0,25,208.3,0,0,2,0,0,1,0,0,0,0,0,0,0,0,0,0,0,2,1,0,0,0,0,50,0,208.3,2,2,100,1,0,0,1,0,0,0,0,0,0,1,0,0,0,0,0,1,0,0,0,0,0,0
Bristol Flyers II,"Y. Hafid, R. Price, R. Eigbe, A. Bhebhe, L. Matthews",1,52,0,0,1,0,0,1,0,0,0,0,0,1,1,0,0,0,1,0,1,110.8,88.6,132.9,27.1,18.1,0,0,0,0,100,50,0,100,0,5,2,3,66.7,1,2,50,0,0,0,0,1,1,1,0,0,0,1,2,83.3,83.3,0,0,66.7,173.6,-173.6,0,0,0,0,0,0,1,0,0,0,0,0,1,0,0,0,1,1,100,2,1,50,0,0,0,0
Bristol Flyers II,"Y. Hafid, R. Price, R. Eigbe, L. Matthews, T. Browne",1,53,1,0,1,0,0,1,0,1,2,50,0,0,0,0,0,0,0,1,1,62.6,81.7,43.5,29.4,55.2,0,26.6,0,0,0,0,200,100,55.4,2,1,1,100,0,0,0,0,0,0,0,1,1,0,0,0,0,1,0,100,100,0,0,0,208.3,-152.9,0,0,0,0,0,0,1,0,0,0,0,0,0,1,1,100,0,0,0,0,0,0,0,0,0,0
Bristol Flyers II,"Y. Hafid, R. Price, R. Eigbe, W. Simba, E. Ekwegh",1,53,1,0,0,0,0,0,0,1,2,50,0,0,0,0,0,0,1,0,1,62.6,81.7,43.5,29.4,55.2,0,56.8,0,0,0,53.2,0,0,55.4,2,1,2,50,0,1,0,0,0,0,1,0,1,0,0,0,0,0,0,50,50,0,100,50,208.3,-152.9,0,0,0,0,0,0,0,0,0,1,0,0,0,1,1,100,0,0,0,1,0,0,0,0,0,0
Bristol Flyers II,"Y. Hafid, R. Price, N. Ladjimi, W. Simba, T. Browne",1,40,0,0,2,0,0,0,0,0,0,0,1,0,1,0,0,0,1,0,1,111.7,115.2,108.3,20.8,22.2,0,0,0,50,0,33.3,0,0,0,4,1,3,33.3,0,0,0,2,2,100,2,1,3,0,1,0,0,0,1,33.3,51.5,0,100,0,221.6,-221.6,2,0,0,0,0,0,0,0,0,1,0,0,0,3,1,33.3,0,0,0,0,0,0,0,0,0,0
Bristol Flyers II,"Y. Hafid, R. Price, N. Ladjimi, E. Ekwegh, R. Bawden",1,68,3,1,1,100,1,1,100,0,0,0,0,0,0,1,0,0,1,0,1,67.8,67.8,67.8,35.4,35.4,150,150,100,0,0,33.3,0,100,156.2,5,2,2,100,1,1,100,0,0,0,0,0,0,2,0,0,0,0,1,125,125,0,0,50,260.4,-104.2,0,0,0,0,0,0,1,1,100,0,1,0,0,1,1,100,0,0,0,1,1,100,0,0,0,0
Bristol Flyers II,"Y. Hafid, R. Price, L. Matthews, T. Browne, E. Ekwegh",1,48,2,1,2,50,0,1,0,0,0,0,0,0,0,0,1,0,0,0,1,96,96,96,25.0,25.0,50,50,0,0,0,0,0,50,104.2,2,1,1,100,0,0,0,0,0,0,0,0,0,1,0,0,1,0,1,100,100,50,0,0,104.2,0,1,1,100,0,0,0,1,0,0,0,0,0,0,1,1,100,0,0,0,0,0,0,1,0,0,0
Bristol Flyers II,"Y. Hafid, J. Craggs, R. Eigbe, W. Simba, T. Browne",1,89,2,1,3,33.3,0,1,0,0,0,0,1,2,3,1,0,1,0,0,1,51.8,51.8,51.8,46.4,46.4,33.3,33.3,100,100,100,0,0,33.3,104.2,0,0,2,0,0,0,0,0,0,0,0,0,0,0,0,1,0,0,1,0,0,0,0,0,0,104.2,1,1,100,1,0,0,1,0,0,0,0,2,0,2,0,0,0,0,0,0,0,0,0,0,1,0
Bristol Flyers II,"Y. Hafid, J. Craggs, Z. Riabi, N. Sagkovits, E. Ekwegh",1,106,0,0,1,0,0,1,0,0,0,0,0,0,0,0,0,0,1,0,1,53,43.5,62.6,55.2,38.3,0,0,0,0,0,50,0,100,0,4,1,2,50,0,1,0,2,2,100,0,1,1,0,0,0,0,0,2,50,69.4,0,0,50,144.7,-144.7,0,0,0,0,0,0,1,0,0,1,0,1,0,1,1,100,0,0,0,1,0,0,0,0,0,0
Bristol Flyers II,"Y. Hafid, J. Craggs, N. Sagkovits, N. Ladjimi, T. Browne",1,34,0,0,0,0,0,0,0,0,0,0,0,0,0,0,0,0,2,1,1,101.6,135.5,67.8,17.7,35.4,0,0,0,0,0,100,0,0,0,0,0,0,0,0,0,0,0,0,0,0,0,0,0,0,0,1,1,0,0,0,100,0,0,0,0,0,0,0,0,0,0,0,0,0,0,0,0,1,0,0,0,0,0,0,0,0,0,0,1,0,0
Bristol Flyers II,"Y. Hafid, J. Craggs, N. Sagkovits, L. Matthews, T. Browne",1,79,0,0,0,0,0,0,0,0,0,0,0,0,0,0,0,0,2,1,1,58.3,58.3,58.3,41.1,41.1,0,0,0,0,0,100,0,0,0,4,2,2,100,0,0,0,0,0,0,0,0,0,2,2,0,0,0,1,100,100,0,0,0,208.3,-208.3,0,0,0,0,0,0,0,0,0,2,0,0,0,1,1,100,1,1,100,0,0,0,0,0,0,0
Bristol Flyers II,"Y. Hafid, J. Craggs, N. Sagkovits, L. Matthews, E. Ekwegh",1,74,5,2,2,100,1,1,100,0,0,0,0,0,0,1,0,0,0,2,1,91.5,62.3,120.8,38.5,19.9,125,125,50,0,0,0,0,50,260.4,4,1,1,100,0,0,0,2,2,100,0,0,0,0,0,0,2,1,3,100,106.4,51.5,0,0,107.4,153,0,0,0,1,1,100,1,1,100,0,0,0,0,1,1,100,0,0,0,0,0,0,0,0,0,1
Bristol Flyers II,"Y. Hafid, J. Craggs, N. Ladjimi, L. Matthews, W. Simba",1,72,3,1,2,50,1,1,100,0,0,0,0,0,0,0,0,0,0,1,1,62.1,64,60.2,37.5,39.9,75,75,0,0,0,0,0,50,156.2,4,1,1,100,0,0,0,2,2,100,0,1,1,0,0,0,0,1,1,100,106.4,0,0,0,221.6,-65.4,1,0,0,0,0,0,1,1,100,0,0,0,0,1,1,100,0,0,0,0,0,0,0,0,0,0
Bristol Flyers II,"Y. Hafid, J. Craggs, A. Bhebhe, L. Matthews, T. Browne",1,57,0,0,0,0,0,0,0,0,0,0,0,0,0,0,0,0,2,1,1,69.5,80.8,58.2,29.7,41.2,0,0,0,0,0,100,0,0,0,3,1,2,50,0,0,0,1,1,100,1,0,1,0,2,0,0,0,1,50,61.5,0,100,0,217,-217,0,0,0,0,0,0,0,0,0,2,0,0,0,2,1,50,0,0,0,0,0,0,0,0,0,0
Bristol Flyers II,"Y. Hafid, R. Eigbe, Z. Riabi, W. Simba, E. Ekwegh",1,25,0,0,0,0,0,0,0,0,0,0,0,0,0,0,0,0,2,1,1,199.1,184.3,213.8,13.0,11.2,0,0,0,0,0,100,0,0,0,5,1,1,100,0,0,0,3,3,100,0,0,0,0,2,0,0,0,2,100,107.8,0,0,0,224.5,-224.5,0,0,0,0,0,0,0,0,0,0,2,0,0,1,1,100,0,0,0,0,0,0,0,0,0,0
Bristol Flyers II,"Y. Hafid, R. Eigbe, N. Sagkovits, N. Ladjimi, W. Simba",1,23,0,0,0,0,0,0,0,0,0,0,0,0,0,0,0,0,2,1,1,150.3,200.3,100.2,12.0,24.0,0,0,0,0,0,100,0,0,0,0,0,0,0,0,0,0,0,0,0,0,0,0,0,0,0,1,0,0,0,0,100,0,0,0,0,0,0,0,0,0,0,0,0,0,0,0,0,1,0,0,0,0,0,0,0,0,0,0,1,0,0
Bristol Flyers II,"Y. Hafid, R. Eigbe, N. Sagkovits, T. Browne, R. Bawden",1,73,2,1,2,50,0,0,0,0,0,0,0,2,2,1,0,0,0,0,1,63.1,63.1,63.1,38.0,38.0,50,50,100,0,100,0,0,0,104.2,0,0,2,0,0,2,0,0,0,0,0,1,1,0,0,0,0,0,1,0,0,0,0,100,0,104.2,1,1,100,1,0,0,0,0,0,0,0,0,0,0,0,0,0,0,0,2,0,0,0,0,0,0
Bristol Flyers II,"Y. Hafid, R. Eigbe, L. Matthews, T. Browne, E. Ekwegh",1,79,2,1,3,33.3,0,2,0,0,0,0,1,0,1,1,0,0,0,0,1,58.3,58.3,58.3,41.1,41.1,33.3,33.3,100,50,0,0,0,66.7,104.2,3,1,1,100,1,1,100,0,0,0,0,1,1,1,0,0,1,1,1,150,150,50,0,100,156.2,-52.1,1,1,100,0,0,0,2,0,0,0,0,0,0,0,0,0,0,0,0,1,1,100,0,0,0,1
Bristol Flyers II,"Y. Hafid, N. Sagkovits, A. Bhebhe, W. Simba, T. Browne",1,48,3,1,2,50,1,2,50,0,0,0,0,0,0,1,0,0,0,0,1,72,96,48,25.0,50.0,75,75,100,0,0,0,0,100,156.2,3,1,1,100,1,1,100,0,0,0,0,1,1,1,0,0,0,0,0,150,150,0,0,100,312.5,-156.2,0,0,0,0,0,0,2,1,50,0,0,0,0,0,0,0,0,0,0,1,1,100,0,0,0,1
Bristol Flyers II,"L. Ayinla, R. Price, J. Craggs, R. Eigbe, A. Bhebhe",1,42,0,0,1,0,0,1,0,0,0,0,0,1,1,0,0,0,1,0,1,109.7,109.7,109.7,21.9,21.9,0,0,0,0,33.3,50,0,100,0,0,0,4,0,0,2,0,0,0,0,2,1,3,0,1,0,0,0,1,0,0,0,66.7,50,0,0,0,0,0,0,0,0,1,0,0,0,1,0,0,2,0,0,0,0,0,2,0,0,0,0,0,0
Bristol Flyers II,"L. Ayinla, R. Price, N. Ladjimi, A. Bhebhe, W. Simba",1,73,3,1,2,50,1,1,100,0,0,0,0,1,1,1,0,0,0,2,1,45.4,63.1,27.8,38.0,86.4,75,75,100,0,100,0,0,50,156.2,1,0,0,0,0,0,0,1,2,50,0,1,1,0,0,0,0,0,0,0,56.8,0,0,0,118.4,37.9,1,0,0,0,0,0,1,1,100,0,0,0,0,0,0,0,0,0,0,0,0,0,0,0,0,0
Bristol Flyers II,"L. Ayinla, R. Price, A. Bhebhe, W. Simba, T. Browne",1,42,0,0,1,0,0,0,0,0,0,0,0,0,0,0,0,0,1,1,1,106.4,109.7,103.1,21.9,23.3,0,0,0,0,0,50,0,0,0,3,1,1,100,0,0,0,1,2,50,0,1,1,0,1,0,0,0,1,100,79.8,0,0,0,166.2,-166.2,0,0,0,1,0,0,0,0,0,0,1,0,0,1,1,100,0,0,0,0,0,0,0,0,0,0
Bristol Flyers II,"L. Ayinla, R. Price, A. Bhebhe, W. Simba, E. Ekwegh",1,65,0,0,2,0,0,1,0,0,0,0,0,1,1,0,0,0,0,1,1,86.5,70.9,102.1,33.9,23.5,0,0,0,0,50,0,0,50,0,5,2,3,66.7,0,1,0,1,2,50,1,2,3,0,0,0,0,0,2,66.7,64.4,0,50,33.3,180.8,-180.8,1,0,0,0,0,0,1,0,0,0,0,0,0,2,2,100,0,0,0,1,0,0,0,0,0,0
Bristol Flyers II,"L. Ayinla, R. Price, L. Matthews, T. Browne, E. Ekwegh",1,5,3,0,0,0,0,0,0,3,3,100,0,0,0,1,0,0,0,0,1,328.1,608.3,48,3.9,50.0,0,113.6,0,0,0,0,0,0,236.7,0,0,0,0,0,0,0,0,0,0,0,0,0,0,0,0,0,0,0,0,0,0,0,0,0,236.7,0,0,0,0,0,0,0,0,0,0,0,0,0,0,0,0,0,0,0,0,0,0,0,0,0,0
Bristol Flyers II,"L. Ayinla, J. Craggs, Z. Riabi, A. Bhebhe, W. Simba",1,54,0,0,2,0,0,0,0,0,0,0,0,0,0,0,0,0,0,0,1,64,85.3,42.7,28.1,56.2,0,0,0,0,0,0,0,0,0,2,1,1,100,0,0,0,0,0,0,0,1,1,1,0,0,0,0,0,100,100,0,0,0,208.3,-208.3,0,0,0,2,0,0,0,0,0,0,0,0,0,1,1,100,0,0,0,0,0,0,0,0,0,0
Bristol Flyers II,"L. Ayinla, R. Eigbe, N. Sagkovits, L. Matthews, T. Browne",1,11,0,0,0,0,0,0,0,0,0,0,0,0,0,0,0,0,2,1,1,220.4,418.9,21.8,5.7,110.0,0,0,0,0,0,100,0,0,0,0,0,0,0,0,0,0,0,0,0,0,0,0,0,0,0,0,0,0,0,0,0,0,0,0,0,0,0,0,0,0,0,0,0,0,0,0,0,1,0,0,0,0,0,0,0,0,0,0,0,0,0
Bristol Flyers II,"L. Ayinla, R. Eigbe, N. Ladjimi, L. Matthews, T. Browne",1,79,2,1,3,33.3,0,1,0,0,0,0,1,1,2,1,0,0,0,1,1,63,58.3,67.7,41.1,35.5,33.3,33.3,100,50,100,0,0,33.3,104.2,2,0,1,0,0,1,0,2,3,66.7,0,1,1,0,0,0,0,0,2,0,43.1,0,0,100,89.8,14.4,2,1,50,0,0,0,1,0,0,0,0,0,0,0,0,0,0,0,0,1,0,0,0,0,0,0
Bristol Flyers II,"L. Ayinla, Z. Riabi, A. Bhebhe, T. Browne, R. Bawden",1,46,0,0,1,0,0,0,0,0,0,0,0,1,1,0,0,0,1,0,1,100.2,100.2,100.2,24.0,24.0,0,0,0,0,100,50,0,0,0,2,1,2,50,0,0,0,0,0,0,0,1,1,1,1,0,0,0,1,50,50,0,0,0,104.2,-104.2,0,0,0,1,0,0,0,0,0,0,1,0,0,2,1,50,0,0,0,0,0,0,0,0,0,0
Bristol Flyers II,"L. Ayinla, N. Sagkovits, L. Matthews, W. Simba, T. Browne",1,57,2,1,2,50,0,1,0,0,0,0,0,1,1,1,0,0,0,2,1,76,80.8,71.1,29.7,33.7,50,50,100,0,100,0,0,50,104.2,1,0,0,0,0,0,0,1,4,25,0,0,0,0,0,0,0,0,1,0,28.4,0,0,0,59.2,45,1,1,100,0,0,0,1,0,0,0,0,0,0,0,0,0,0,0,0,0,0,0,0,0,0,0
Bristol Flyers II,"R. Price, J. Craggs, N. Ladjimi, L. Matthews, T. Browne",1,45,0,0,1,0,0,0,0,0,0,0,1,0,1,0,0,0,2,0,1,76.8,102.4,51.2,23.4,46.9,0,0,0,100,0,66.7,0,0,0,2,1,1,100,0,0,0,0,0,0,0,0,0,1,0,0,0,0,0,100,100,0,0,0,208.3,-208.3,0,0,0,1,0,0,0,0,0,0,0,0,2,1,1,100,0,0,0,0,0,0,0,0,0,0
Bristol Flyers II,"R. Price, J. Craggs, L. Matthews, T. Browne, R. Bawden",1,120,2,1,3,33.3,0,0,0,0,0,0,2,0,2,0,1,0,1,1,1,66,38.4,93.7,62.5,25.6,33.3,33.3,0,100,0,25,0,0,104.2,5,2,2,100,0,0,0,1,2,50,0,0,0,2,1,1,2,0,4,100,86.8,41,0,0,106.7,-2.6,2,0,0,1,1,100,0,0,0,0,1,0,0,1,1,100,1,1,100,0,0,0,1,0,0,1
Bristol Flyers II,"R. Price, Z. Riabi, L. Matthews, T. Browne, R. Bawden",1,49,0,0,2,0,0,2,0,0,0,0,0,0,0,0,0,0,0,1,1,117.6,94,141.1,25.5,17.0,0,0,0,0,0,0,0,100,0,2,1,2,50,0,0,0,0,0,0,1,2,3,0,0,0,2,1,2,50,50,50,100,0,69.4,-69.4,0,0,0,0,0,0,2,0,0,0,0,0,0,2,1,50,0,0,0,0,0,0,0,0,0,1
Bristol Flyers II,"R. Price, N. Ladjimi, A. Bhebhe, E. Ekwegh, R. Bawden",1,71,0,0,3,0,0,1,0,0,0,0,1,0,1,0,0,0,0,1,1,81.1,64.9,97.4,37.0,24.7,0,0,0,33.3,0,0,0,33.3,0,4,2,4,50,0,1,0,0,0,0,1,2,3,1,0,0,0,0,2,50,50,0,100,25,138.9,-138.9,0,0,0,2,0,0,1,0,0,0,0,0,0,2,2,100,1,0,0,1,0,0,0,0,0,0
Bristol Flyers II,"J. Craggs, R. Eigbe, A. Bhebhe, W. Simba, R. Bawden",1,47,0,0,1,0,0,0,0,0,0,0,0,0,0,0,0,0,1,1,1,102.9,98,107.8,24.5,22.3,0,0,0,0,0,50,0,0,0,2,0,0,0,0,0,0,2,5,40,0,0,0,0,1,1,0,1,2,0,45.5,0,0,0,94.7,-94.7,0,0,0,1,0,0,0,0,0,0,1,0,0,0,0,0,0,0,0,0,0,0,0,0,0,0
Bristol Flyers II,"J. Craggs, R. Eigbe, A. Bhebhe, E. Ekwegh, R. Bawden",1,84,3,1,2,50,1,1,100,0,0,0,0,0,0,1,0,0,0,0,1,54.9,54.9,54.9,43.8,43.8,75,75,100,0,0,0,0,50,156.2,4,2,2,100,0,0,0,0,0,0,0,0,0,1,0,0,0,1,1,100,100,0,0,0,208.3,-52.1,1,0,0,0,0,0,1,1,100,0,0,0,0,2,2,100,0,0,0,0,0,0,0,0,0,1
Bristol Flyers II,"J. Craggs, R. Eigbe, L. Matthews, T. Browne, E. Ekwegh",1,70,2,0,1,0,0,1,0,2,2,100,1,0,1,0,1,0,1,0,1,63.9,61.9,65.8,38.8,36.5,0,53.2,0,100,0,34.7,200,100,110.8,2,1,1,100,0,0,0,0,0,0,0,0,0,1,1,0,1,1,1,100,100,50,0,0,104.2,6.6,0,0,0,0,0,0,1,0,0,1,0,0,0,1,1,100,0,0,0,0,0,0,0,1,0,0
Bristol Flyers II,"J. Craggs, N. Ladjimi, A. Bhebhe, L. Matthews, E. Ekwegh",1,53,3,0,0,0,0,0,0,3,4,75,0,0,0,0,0,0,0,1,1,81.7,76.5,86.9,31.4,27.6,0,85.2,0,0,0,0,0,0,177.6,4,2,3,66.7,0,1,0,0,0,0,1,0,1,1,0,0,0,1,1,66.7,66.7,0,100,33.3,208.3,-30.8,0,0,0,0,0,0,0,0,0,0,0,0,0,2,2,100,0,0,0,1,0,0,0,0,0,0
Bristol Flyers II,"J. Craggs, L. Matthews, T. Browne, E. Ekwegh, R. Bawden",1,31,2,1,2,50,0,1,0,0,0,0,0,0,0,0,0,0,0,1,1,111.5,148.6,74.3,16.1,32.3,50,50,0,0,0,0,0,50,104.2,2,1,1,100,0,0,0,0,0,0,0,0,0,0,0,0,0,0,0,100,100,0,0,0,208.3,-104.2,1,1,100,0,0,0,1,0,0,0,0,0,0,1,1,100,0,0,0,0,0,0,0,0,0,0
Bristol Flyers II,"R. Eigbe, Z. Riabi, Z. Riabi, A. Bhebhe, T. Browne",1,43,2,1,2,50,0,1,0,0,2,0,1,0,1,0,0,0,0,0,1,77.2,100.7,53.6,23.8,44.8,50,34.7,0,50,0,0,100,50,110.8,2,1,2,50,0,1,0,0,0,0,1,1,2,0,0,0,0,2,0,50,50,0,100,50,208.3,-97.5,1,1,100,0,0,0,1,0,0,0,0,0,0,1,1,100,0,0,0,1,0,0,0,0,0,0
Bristol Flyers II,"R. Eigbe, Z. Riabi, Z. Riabi, L. Matthews, E. Ekwegh",1,38,2,0,2,0,0,0,0,2,4,50,2,1,3,0,0,0,0,0,1,83.7,106.7,60.6,22.5,39.6,0,26.6,0,100,100,0,200,0,118.4,0,0,1,0,0,0,0,0,0,0,0,0,0,0,0,0,0,3,0,0,0,0,0,0,0,118.4,2,0,0,0,0,0,0,0,0,0,0,0,0,0,0,0,1,0,0,0,0,0,0,0,0,0
Bristol Flyers II,"R. Eigbe, Z. Riabi, N. Sagkovits, A. Bhebhe, L. Matthews",1,104,3,1,1,100,1,1,100,0,0,0,0,0,0,0,0,0,1,0,1,44.3,44.3,44.3,54.2,54.2,150,150,0,0,0,50,0,100,156.2,5,2,2,100,1,1,100,0,0,0,0,0,0,1,0,0,0,0,1,125,125,0,0,50,260.4,-104.2,0,0,0,0,0,0,1,1,100,0,0,0,1,1,1,100,0,0,0,1,1,100,0,0,0,0
Bristol Flyers II,"R. Eigbe, N. Sagkovits, N. Ladjimi, L. Matthews, W. Simba",1,20,0,0,0,0,0,0,0,0,0,0,0,1,1,0,0,0,2,1,1,165.9,230.4,101.4,10.4,23.7,0,0,0,0,100,100,0,0,0,0,0,0,0,0,0,0,0,2,0,0,0,0,0,0,0,0,0,0,0,0,0,0,0,0,0,0,0,0,0,0,0,0,0,0,0,0,0,1,0,0,0,0,0,0,0,0,0,0,0,0,0
Bristol Flyers II,"R. Eigbe, N. Sagkovits, A. Bhebhe, L. Matthews, E. Ekwegh",1,112,0,0,2,0,0,0,0,0,0,0,0,0,0,0,1,0,0,1,1,39.9,41.1,38.7,58.3,62.1,0,0,0,0,0,0,0,0,0,2,0,0,0,0,0,0,2,2,100,0,2,2,0,0,0,1,1,1,0,113.6,53.2,0,0,110.8,-110.8,1,0,0,1,0,0,0,0,0,0,0,0,0,0,0,0,0,0,0,0,0,0,1,0,0,0
Bristol Flyers II,"R. Eigbe, N. Sagkovits, L. Matthews, E. Ekwegh, R. Bawden",1,62,2,1,2,50,0,1,0,0,0,0,0,1,1,1,0,0,0,0,1,55.7,74.3,37.2,32.3,64.6,50,50,100,0,100,0,0,50,104.2,0,0,1,0,0,1,0,0,0,0,0,0,0,0,0,0,0,0,0,0,0,0,0,100,0,104.2,0,0,0,1,1,100,1,0,0,0,0,0,0,0,0,0,0,0,0,1,0,0,0,0,0,0
Bristol Flyers II,"R. Eigbe, N. Ladjimi, A. Bhebhe, T. Browne, R. Bawden",1,35,1,0,0,0,0,0,0,1,2,50,0,0,0,1,0,0,1,0,1,127.7,123.8,131.7,19.4,18.2,0,56.8,0,0,0,34.7,0,0,55.4,2,1,2,50,0,1,0,0,0,0,0,0,0,0,1,0,0,1,1,50,50,0,0,50,104.2,-48.8,0,0,0,0,0,0,0,0,0,1,0,0,0,1,1,100,0,0,0,1,0,0,0,0,0,0
Bristol Flyers II,"Z. Riabi, A. Bhebhe, W. Simba, T. Browne, E. Ekwegh",1,48,1,0,0,0,0,0,0,1,2,50,0,0,0,0,1,0,1,2,1,111.4,90.2,132.5,26.6,18.1,0,56.8,0,0,0,53.2,0,0,55.4,3,1,1,100,0,0,0,1,4,25,1,1,2,2,1,0,1,1,2,100,54.3,26.6,100,0,113.2,-57.8,0,0,0,0,0,0,0,0,0,1,0,0,0,1,1,100,0,0,0,0,0,0,0,1,0,0
Bristol Flyers II,"Z. Riabi, L. Matthews, W. Simba, T. Browne, R. Bawden",1,58,0,0,2,0,0,1,0,0,0,0,0,0,0,0,0,0,0,0,1,88.2,79.4,96.9,30.2,24.8,0,0,0,0,0,0,0,50,0,3,1,2,50,0,1,0,1,1,100,0,2,2,1,0,1,0,0,2,50,61.5,0,0,50,128.1,-128.1,1,0,0,0,0,0,1,0,0,0,0,0,0,1,1,100,0,0,0,1,0,0,0,0,0,0
Bristol Flyers II,"Z. Riabi, N. Sagkovits, A. Bhebhe, E. Ekwegh, R. Bawden",1,55,2,1,1,100,0,0,0,0,0,0,0,1,1,0,0,0,1,0,1,102.2,83.8,120.6,28.6,19.9,100,100,0,0,50,50,0,0,104.2,0,0,2,0,0,1,0,0,2,0,1,0,1,0,1,0,1,0,2,0,0,25.8,50,50,0,104.2,1,1,100,0,0,0,0,0,0,0,1,0,0,0,0,0,1,0,0,1,0,0,0,1,0,0
Bristol Hurricanes,"A. Pearce, D. Edozie, E. Dusha, K. Hill, V. Dilys",1,33,0,0,2,0,0,2,0,0,0,0,0,0,0,0,0,0,0,0,1,73.5,139.6,7.3,17.2,330.0,0,0,0,0,0,0,0,100,0,0,0,0,0,0,0,0,0,0,0,0,1,1,0,0,0,0,0,0,0,0,0,0,0,0,0,0,0,0,0,0,0,2,0,0,0,0,0,0,0,0,0,0,0,0,0,0,0,0,0,1,0
Bristol Hurricanes,"A. Pearce, D. Edozie, E. Dusha, J. Dang-Akodo, D. Ubiaro",1,70,2,0,1,0,0,1,0,2,2,100,0,2,2,0,0,0,0,1,1,54.6,61.9,47.4,38.8,50.6,0,53.2,0,0,100,0,200,100,110.8,0,0,1,0,0,0,0,0,1,0,0,0,0,0,0,0,0,1,1,0,0,0,0,0,0,110.8,0,0,0,0,0,0,1,0,0,0,0,0,0,0,0,0,1,0,0,0,0,0,0,0,0,0
Bristol Hurricanes,"A. Pearce, D. Edozie, J. Oyewole, C. Samuels, C. Taylor",1,99,0,0,1,0,0,1,0,0,0,0,0,1,1,0,0,0,1,1,1,45.1,46.5,43.8,51.6,54.9,0,0,0,0,100,50,0,100,0,2,1,1,100,0,0,0,0,2,0,0,1,1,0,0,0,0,1,1,100,53.2,0,0,0,110.8,-110.8,0,0,0,0,0,0,1,0,0,1,0,0,0,0,0,0,1,1,100,0,0,0,0,0,0,0
Bristol Hurricanes,"A. Pearce, D. Edozie, D. Ubiaro, H. Bligen, V. Dilys",1,46,2,1,2,50,0,1,0,0,0,0,0,1,1,0,0,0,0,0,1,100.2,100.2,100.2,24.0,24.0,50,50,0,0,100,0,0,50,104.2,2,1,2,50,0,1,0,0,0,0,0,1,1,0,0,0,0,0,1,50,50,0,0,50,104.2,0,1,1,100,0,0,0,1,0,0,0,0,0,0,1,1,100,0,0,0,1,0,0,0,0,0,0
Bristol Hurricanes,"A. Pearce, D. Forsyth, E. Dusha, J. Oyewole, D. Ubiaro",1,57,2,1,1,100,0,0,0,0,0,0,0,0,0,0,0,0,1,0,1,80.8,80.8,80.8,29.7,29.7,100,100,0,0,0,50,0,0,104.2,4,2,2,100,0,0,0,0,0,0,0,0,0,0,1,0,0,0,1,100,100,0,0,0,208.3,-104.2,0,0,0,1,1,100,0,0,0,1,0,0,0,1,1,100,1,1,100,0,0,0,0,0,0,0
Bristol Hurricanes,"D. Edozie, D. Forsyth, E. Dusha, J. Dang-Akodo, C. Taylor",1,56,2,1,1,100,0,0,0,0,0,0,0,1,1,1,0,0,1,0,1,82.3,82.3,82.3,29.2,29.2,100,100,100,0,100,33.3,0,0,104.2,2,1,2,50,0,0,0,0,0,0,0,0,0,0,0,0,0,0,1,50,50,0,0,0,104.2,0,1,1,100,0,0,0,0,0,0,1,0,0,0,1,1,100,1,0,0,0,0,0,0,0,0,0
Bristol Hurricanes,"D. Edozie, D. Forsyth, J. Dang-Akodo, C. Samuels, C. Taylor",1,93,2,1,2,50,0,0,0,0,0,0,0,1,1,1,0,0,0,0,1,61.9,49.5,74.3,48.4,32.3,50,50,100,0,100,0,0,0,104.2,2,1,3,33.3,0,2,0,0,0,0,0,1,1,1,0,0,0,0,2,33.3,33.3,0,0,66.7,69.4,34.7,1,1,100,1,0,0,0,0,0,0,0,0,0,1,1,100,0,0,0,2,0,0,0,0,0,0
Bristol Hurricanes,"D. Edozie, D. Forsyth, D. Ubiaro, H. Bligen, C. Samuels",1,51,0,0,1,0,0,1,0,0,0,0,0,1,1,0,0,0,1,0,1,90.4,90.4,90.4,26.6,26.6,0,0,0,0,100,50,0,100,0,0,0,2,0,0,0,0,0,0,0,0,0,0,0,1,0,0,0,1,0,0,0,0,0,0,0,0,0,0,0,0,0,1,0,0,1,0,1,0,1,0,0,1,0,0,0,0,0,0,0,0,0
Bristol Hurricanes,"D. Edozie, E. Dusha, K. Hill, J. Dang-Akodo, C. Taylor",1,82,0,0,2,0,0,1,0,0,0,0,1,0,1,0,1,0,1,1,1,48.3,56.2,40.5,42.7,59.3,0,0,0,50,0,33.3,0,50,0,1,0,0,0,0,0,0,1,1,100,0,1,1,0,0,0,1,1,1,0,113.6,69.4,0,0,72.3,-72.3,0,0,0,1,0,0,1,0,0,1,0,0,0,0,0,0,0,0,0,0,0,0,0,1,0,0
Bristol Hurricanes,"D. Edozie, E. Dusha, C. Samuels, J. Oyewole, V. Dilys",1,37,0,0,2,0,0,2,0,0,0,0,0,1,1,0,0,0,0,1,1,124.5,124.5,124.5,19.3,19.3,0,0,0,0,100,0,0,100,0,2,1,2,50,0,0,0,0,0,0,0,2,2,0,0,0,0,0,1,50,50,0,0,0,104.2,-104.2,0,0,0,0,0,0,2,0,0,0,0,0,0,2,1,50,0,0,0,0,0,0,0,0,0,0
Bristol Hurricanes,"D. Edozie, K. Hill, J. Oyewole, C. Samuels, H. Whysall",1,39,0,0,1,0,0,0,0,0,2,0,0,0,0,0,1,0,0,1,1,85.1,111.1,59.1,21.6,40.6,0,0,0,0,0,0,200,0,0,0,0,0,0,0,0,0,0,0,0,0,2,2,0,0,0,1,1,0,0,0,100,0,0,0,0,1,0,0,0,0,0,0,0,0,0,0,0,0,0,0,0,0,0,0,0,0,0,1,0,0,0
Bristol Hurricanes,"D. Edozie, J. Dang-Akodo, J. Oyewole, C. Samuels, C. Taylor",1,42,0,0,1,0,0,1,0,0,0,0,0,0,0,0,0,0,1,0,1,109.7,109.7,109.7,21.9,21.9,0,0,0,0,0,50,0,100,0,2,1,1,100,0,0,0,0,0,0,0,1,1,1,0,0,1,0,1,100,100,50,0,0,104.2,-104.2,0,0,0,0,0,0,1,0,0,0,1,0,0,1,1,100,0,0,0,0,0,0,0,1,0,0
Bristol Hurricanes,"D. Edozie, J. Oyewole, D. Ubiaro, C. Samuels, V. Dilys",1,56,0,0,1,0,0,1,0,0,0,0,0,1,1,0,0,0,1,1,1,91.3,82.3,100.4,29.2,23.9,0,0,0,0,100,50,0,100,0,4,1,2,50,1,1,100,1,1,100,0,1,1,0,1,0,0,0,2,75,82,0,0,50,170.8,-170.8,0,0,0,0,0,0,1,0,0,1,0,0,0,1,0,0,0,0,0,1,1,100,0,0,0,0
Bristol Hurricanes,"D. Forsyth, E. Dusha, J. Claar, D. Ubiaro, C. Taylor",1,45,0,0,2,0,0,1,0,0,0,0,0,0,0,0,0,0,0,0,1,76.8,102.4,51.2,23.4,46.9,0,0,0,0,0,0,0,50,0,3,1,1,100,1,1,100,0,0,0,0,2,2,1,0,0,0,0,0,150,150,0,0,100,312.5,-312.5,0,0,0,1,0,0,1,0,0,0,0,0,0,0,0,0,0,0,0,1,1,100,0,0,0,0
Bristol Hurricanes,"D. Forsyth, J. Oyewole, D. Ubiaro, C. Samuels, V. Dilys",1,112,2,1,3,33.3,0,1,0,0,0,0,1,2,3,0,0,0,0,2,1,59.2,41.1,77.3,58.3,31.0,33.3,33.3,0,50,100,0,0,33.3,104.2,6,1,2,50,1,2,50,3,4,75,0,1,1,0,0,0,0,1,3,75,79.8,0,0,100,166.2,-62.1,2,1,50,0,0,0,1,0,0,0,0,1,0,0,0,0,0,0,0,2,1,50,0,0,0,0
Bristol Hurricanes,"D. Forsyth, C. Tucker, C. Samuels, V. Dilys, C. Taylor",1,83,0,0,2,0,0,1,0,0,0,0,1,0,1,0,0,0,1,1,1,29.2,55.5,2.9,43.2,830.0,0,0,0,50,0,33.3,0,50,0,3,1,2,50,1,2,50,0,0,0,2,1,3,1,0,0,0,0,0,75,75,0,100,100,3000,-3000,1,0,0,0,0,0,1,0,0,1,0,0,0,0,0,0,0,0,0,2,1,50,0,0,0,0
Bristol Hurricanes,"D. Forsyth, D. Ubiaro, H. Bligen, V. Dilys, C. Taylor",1,66,2,1,2,50,0,0,0,0,0,0,1,0,1,0,2,0,1,0,1,87.3,69.8,104.7,34.4,22.9,50,50,0,100,0,33.3,0,0,104.2,0,0,0,0,0,0,0,0,0,0,0,0,0,0,1,0,3,1,2,0,0,100,0,0,0,104.2,1,0,0,1,1,100,0,0,0,1,0,0,0,0,0,0,0,0,0,0,0,0,2,1,0,0
Bristol Hurricanes,"E. Dusha, J. Claar, D. Ubiaro, H. Bligen, V. Dilys",1,95,5,2,3,66.7,1,2,50,0,0,0,1,0,1,2,0,0,0,0,1,48.5,48.5,48.5,49.5,49.5,83.3,83.3,100,100,0,0,0,66.7,260.4,5,2,3,66.7,1,1,100,0,0,0,1,0,1,1,0,0,0,0,1,83.3,83.3,0,100,33.3,260.4,0,1,1,100,0,0,0,2,1,50,0,0,0,0,1,1,100,1,0,0,1,1,100,0,0,0,0
Derby Trailblazers,"C. Burr, E. Norman, J. Pathmarajah, S. Walker, C. Brown",1,67,3,1,2,50,1,2,50,0,0,0,0,1,1,1,0,0,0,0,1,68.8,68.8,68.8,34.9,34.9,75,75,100,0,100,0,0,100,156.2,0,0,2,0,0,1,0,0,0,0,0,1,1,0,0,0,0,0,1,0,0,0,0,50,0,156.2,0,0,0,0,0,0,2,1,50,0,0,0,0,0,0,0,1,0,0,1,0,0,0,0,0,0
Derby Trailblazers,"C. Burr, E. Norman, W. Tallon, R. Marsden, G. Pastor",1,52,0,0,1,0,0,0,0,0,0,0,0,2,2,0,0,0,1,0,1,88.6,88.6,88.6,27.1,27.1,0,0,0,0,100,50,0,0,0,0,0,2,0,0,0,0,0,0,0,0,1,1,0,1,0,0,0,1,0,0,0,0,0,0,0,1,0,0,0,0,0,0,0,0,0,1,0,0,2,0,0,0,0,0,0,0,0,0,0,0,0
Derby Trailblazers,"C. Burr, E. Norman, S. Walker, R. May-Thompson, M. Smith",1,73,2,1,3,33.3,0,1,0,0,0,0,1,0,1,1,0,0,0,0,1,63.1,63.1,63.1,38.0,38.0,33.3,33.3,100,100,0,0,0,33.3,104.2,3,1,2,50,1,2,50,0,0,0,0,0,0,1,0,1,0,1,1,75,75,0,0,100,156.2,-52.1,1,0,0,1,1,100,1,0,0,0,0,1,0,0,0,0,0,0,0,2,1,50,0,0,0,0
Derby Trailblazers,"E. Norman, C. Washington, R. Marsden, C. Brown, M. Smith",1,58,0,0,2,0,0,1,0,0,0,0,1,1,2,0,0,0,1,0,1,77.1,79.4,74.7,30.2,32.1,0,0,0,100,100,33.3,0,50,0,1,0,1,0,0,0,0,1,2,50,0,0,0,0,0,0,0,0,1,0,26.6,0,0,0,55.4,-55.4,1,0,0,0,0,0,1,0,0,0,0,0,1,0,0,0,1,0,0,0,0,0,0,0,0,0
Derby Trailblazers,"E. Norman, S. Walker, C. Brown, R. May-Thompson, M. Smith",1,78,5,1,2,50,1,2,50,2,2,100,1,2,3,2,0,0,0,0,1,57.3,55.5,59.1,43.2,40.6,75,86.8,200,100,66.7,0,100,100,277,0,0,3,0,0,1,0,0,0,0,1,0,1,0,0,0,0,0,1,0,0,0,33.3,33.3,0,277,0,0,0,0,0,0,2,1,50,0,0,0,0,0,0,0,2,0,0,1,0,0,0,0,0,0
Essex Rebels,"M. Wol-Cummings, M. Amako, K. Martin, D. Johnson-Thompson, T. Child",1,52,2,1,3,33.3,0,1,0,0,0,0,1,0,1,0,0,0,0,1,1,110.8,88.6,132.9,27.1,18.1,33.3,33.3,0,100,0,0,0,33.3,104.2,2,1,1,100,0,0,0,0,0,0,0,0,0,0,0,0,2,1,2,100,100,66.7,0,0,69.4,34.7,2,1,50,0,0,0,1,0,0,0,0,0,0,1,1,100,0,0,0,0,0,0,0,0,0,1
Essex Rebels,"M. Wol-Cummings, M. Amako, K. Martin, T. Child, B. Winter",1,64,1,0,1,0,0,1,0,1,1,100,0,0,0,0,0,0,0,0,1,43.9,51.8,36,46.3,66.7,0,34.7,0,0,0,0,100,100,72.3,2,1,1,100,0,0,0,0,0,0,0,1,1,1,0,0,0,0,0,100,100,0,0,0,208.3,-136,0,0,0,0,0,0,1,0,0,0,0,0,0,1,1,100,0,0,0,0,0,0,0,0,0,0
Essex Rebels,"M. Wol-Cummings, M. Amako, D. Johnson-Thompson, M. Brown, T. Hudson",1,15,2,1,2,50,0,1,0,0,0,0,0,0,0,0,1,0,0,0,1,230.4,307.2,153.6,7.8,15.6,50,50,0,0,0,0,0,50,104.2,0,0,0,0,0,0,0,0,0,0,0,1,1,0,0,0,1,0,0,0,0,100,0,0,0,104.2,1,1,100,0,0,0,1,0,0,0,0,0,0,0,0,0,0,0,0,0,0,0,1,0,0,0
Essex Rebels,"M. Wol-Cummings, M. Amako, R. Udeh, M. Brown, T. Hudson",2,73,3,1,1,100,0,0,0,1,2,50,0,1,1,1,0,0,0,3,1,57.4,59.3,55.5,40.4,43.2,100,79.8,100,0,50,0,200,0,166.2,1,0,1,0,0,0,0,1,4,25,1,0,1,0,0,0,0,0,1,0,18.1,0,50,0,59.2,107,1,1,100,0,0,0,0,0,0,0,0,0,0,1,0,0,0,0,0,0,0,0,0,0,0,0
Essex Rebels,"M. Wol-Cummings, M. Amako, M. Brown, T. Child, H. Gent",1,39,0,0,2,0,0,1,0,0,0,0,0,0,0,0,2,0,0,0,1,147.7,118.2,177.2,20.3,13.5,0,0,0,0,0,0,0,50,0,2,1,1,100,0,0,0,0,0,0,0,1,1,0,0,1,2,1,2,100,100,66.7,0,0,69.4,-69.4,1,0,0,0,0,0,1,0,0,0,0,0,0,1,1,100,0,0,0,0,0,0,1,1,0,0
Essex Rebels,"M. Wol-Cummings, K. Martin, D. Johnson-Thompson, R. Udeh, M. Brown",1,94,0,0,2,0,0,0,0,0,0,0,1,0,1,0,0,0,1,2,1,59.8,49,70.6,49.0,34.0,0,0,0,50,0,33.3,0,0,0,4,1,1,100,0,0,0,2,2,100,0,1,1,1,1,0,1,0,2,100,106.4,34.7,0,0,144.7,-144.7,0,0,0,2,0,0,0,0,0,0,1,1,0,1,1,100,0,0,0,0,0,0,0,1,0,0
Essex Rebels,"M. Wol-Cummings, K. Martin, D. Johnson-Thompson, H. Gent, B. Winter",1,67,0,0,2,0,0,1,0,0,0,0,0,0,0,0,0,0,0,0,1,51.6,68.8,34.4,34.9,69.8,0,0,0,0,0,0,0,50,0,2,1,2,50,0,1,0,0,0,0,1,0,1,1,0,0,0,0,0,50,50,0,100,50,208.3,-208.3,1,0,0,0,0,0,1,0,0,0,0,0,0,1,1,100,0,0,0,1,0,0,0,0,0,0
Essex Rebels,"M. Wol-Cummings, K. Martin, D. Johnson-Thompson, H. Gent, T. Hudson",1,66,6,2,2,100,2,2,100,0,0,0,0,0,0,0,0,0,0,1,1,67.7,69.8,65.6,34.4,36.6,150,150,0,0,0,0,0,100,312.5,3,1,1,100,0,0,0,1,2,50,0,0,0,2,0,0,0,1,1,100,79.8,0,0,0,166.2,146.3,0,0,0,0,0,0,2,2,100,0,0,0,0,1,1,100,0,0,0,0,0,0,0,0,0,0
Essex Rebels,"M. Wol-Cummings, K. Martin, A. Idiata-Mendez, H. Gent, B. Winter",1,16,3,1,1,100,0,0,0,1,2,50,0,1,1,1,0,0,0,0,1,207.4,270.7,144,8.9,16.7,100,79.8,100,0,100,0,200,0,166.2,0,0,1,0,0,1,0,0,0,0,0,1,1,0,0,0,0,0,0,0,0,0,0,100,0,166.2,1,1,100,0,0,0,0,0,0,0,0,0,0,0,0,0,0,0,0,1,0,0,0,0,0,0
Essex Rebels,"M. Wol-Cummings, K. Martin, A. Idiata-Mendez, B. Winter, T. Hudson",1,80,0,0,2,0,0,2,0,0,0,0,0,0,0,0,0,0,0,0,1,86.4,57.6,115.2,41.7,20.8,0,0,0,0,0,0,0,100,0,4,2,2,100,0,0,0,0,0,0,0,1,1,1,0,0,2,0,3,100,100,50,0,0,104.2,-104.2,0,0,0,0,0,0,2,0,0,0,0,0,0,2,2,100,0,0,0,0,0,0,0,1,0,1
Essex Rebels,"M. Wol-Cummings, D. Johnson-Thompson, M. Brown, A. Idiata-Mendez, T. Child",2,45,3,1,2,50,1,1,100,0,0,0,0,1,1,1,1,0,0,1,1,153.6,102.4,204.8,23.4,11.7,75,75,100,0,100,0,0,50,156.2,2,1,3,33.3,0,2,0,0,0,0,0,1,1,0,0,0,1,1,3,33.3,33.3,25,0,66.7,52.1,104.2,1,0,0,0,0,0,1,1,100,0,0,0,0,1,1,100,0,0,0,2,0,0,1,0,0,0
Essex Rebels,"M. Wol-Cummings, R. Udeh, I. Temilola, T. Child, B. Winter",1,57,2,1,2,50,0,1,0,0,0,0,0,0,0,1,0,0,0,1,1,60.6,80.8,40.4,29.7,59.4,50,50,100,0,0,0,0,50,104.2,3,1,1,100,1,1,100,0,0,0,0,1,1,1,0,0,0,0,0,150,150,0,0,100,312.5,-208.3,1,1,100,0,0,0,1,0,0,0,0,0,0,0,0,0,0,0,0,1,1,100,0,0,0,0
Essex Rebels,"M. Wol-Cummings, R. Udeh, M. Brown, A. Idiata-Mendez, T. Child",1,71,1,0,1,0,0,1,0,1,2,50,0,1,1,0,0,0,0,0,1,79.2,61,97.4,39.3,24.7,0,26.6,0,0,50,0,200,100,55.4,4,2,4,50,0,0,0,0,0,0,1,1,2,1,0,0,0,1,2,50,50,0,50,0,138.9,-83.5,0,0,0,0,0,0,1,0,0,0,0,0,0,3,2,66.7,1,0,0,0,0,0,0,0,0,0
Essex Rebels,"M. Wol-Cummings, R. Udeh, M. Brown, T. Child, H. Gent",1,68,2,1,2,50,0,0,0,0,0,0,0,0,0,1,0,0,0,2,1,67.8,67.8,67.8,35.4,35.4,50,50,100,0,0,0,0,0,104.2,5,2,4,50,1,3,33.3,0,0,0,2,1,3,2,0,0,0,0,1,62.5,62.5,0,100,75,260.4,-156.2,1,1,100,1,0,0,0,0,0,0,0,0,0,1,1,100,0,0,0,3,1,33.3,0,0,0,0
Essex Rebels,"M. Wol-Cummings, R. Udeh, T. Child, H. Gent, B. Winter",1,55,2,0,2,0,0,0,0,2,2,100,1,0,1,0,0,1,0,0,1,60.3,78.8,41.9,30.5,57.3,0,34.7,0,50,0,0,100,0,110.8,3,1,2,50,1,2,50,0,0,0,1,1,2,0,0,0,0,0,0,75,75,0,100,100,312.5,-201.7,2,0,0,0,0,0,0,0,0,0,0,0,0,0,0,0,0,0,0,2,1,50,0,0,0,0
Essex Rebels,"M. Wol-Cummings, I. Temilola, M. Brown, A. Idiata-Mendez, T. Child",1,63,2,0,0,0,0,0,0,2,2,100,0,0,0,1,0,0,1,2,1,52.7,68.8,36.6,34.9,65.6,0,113.6,0,0,0,34.7,0,0,110.8,3,1,2,50,1,2,50,0,0,0,1,0,1,1,1,0,0,1,0,75,75,0,100,100,312.5,-201.7,0,0,0,0,0,0,0,0,0,1,0,0,0,0,0,0,0,0,0,2,1,50,0,0,0,0
Essex Rebels,"M. Amako, K. Martin, R. Udeh, A. Idiata-Mendez, T. Child",1,100,3,1,2,50,1,2,50,0,0,0,0,1,1,1,0,0,0,0,1,46.1,46.1,46.1,52.1,52.1,75,75,100,0,100,0,0,100,156.2,2,1,2,50,0,0,0,0,0,0,0,0,0,0,0,0,0,1,1,50,50,0,0,0,104.2,52.1,0,0,0,0,0,0,2,1,50,0,0,0,1,0,0,0,2,1,50,0,0,0,0,0,0,0
Essex Rebels,"M. Amako, K. Martin, R. Udeh, T. Child, J. Mckew",1,70,0,0,2,0,0,2,0,0,0,0,1,0,1,0,0,0,1,1,1,73.1,65.8,80.3,36.5,29.9,0,0,0,50,0,33.3,0,100,0,5,2,2,100,0,0,0,1,1,100,0,1,1,1,1,0,0,0,2,100,102.5,0,0,0,213.5,-213.5,0,0,0,0,0,0,2,0,0,0,1,0,0,2,2,100,0,0,0,0,0,0,0,0,0,0
Essex Rebels,"M. Amako, K. Martin, R. Udeh, T. Child, T. Hudson",1,32,0,0,0,0,0,0,0,0,2,0,0,0,0,0,0,0,1,1,1,139.7,135.4,144,17.7,16.7,0,0,0,0,0,53.2,0,0,0,0,0,0,0,0,0,0,0,0,0,0,1,1,0,1,0,2,1,1,0,0,100,0,0,0,0,0,0,0,0,0,0,0,0,0,1,0,0,0,0,0,0,0,0,0,0,0,0,0,0,0,1
Essex Rebels,"M. Amako, K. Martin, M. Brown, H. Gent, B. Winter",1,68,3,1,2,50,1,1,100,0,0,0,0,1,1,1,0,0,0,0,1,67.8,67.8,67.8,35.4,35.4,75,75,100,0,25,0,0,50,156.2,0,0,5,0,0,4,0,0,0,0,3,1,4,0,0,0,0,0,1,0,0,0,75,80,0,156.2,1,0,0,0,0,0,1,1,100,0,0,0,0,1,0,0,0,0,0,4,0,0,0,0,0,0
Essex Rebels,"M. Amako, K. Martin, A. Idiata-Mendez, H. Gent, B. Winter",1,26,0,0,2,0,0,2,0,0,0,0,0,1,1,0,0,0,0,1,1,127.6,177.2,78,13.5,30.8,0,0,0,0,100,0,0,100,0,1,0,0,0,0,0,0,1,2,50,0,1,1,1,0,0,0,0,0,0,56.8,0,0,0,118.4,-118.4,0,0,0,0,0,0,2,0,0,0,0,0,0,0,0,0,0,0,0,0,0,0,0,0,0,0
Essex Rebels,"M. Amako, K. Martin, T. Child, H. Gent, B. Winter",1,71,4,2,6,33.3,0,0,0,0,0,0,4,1,5,0,0,0,0,0,1,64.9,64.9,64.9,37.0,37.0,33.3,33.3,0,100,100,0,0,0,208.3,3,1,2,50,1,2,50,0,0,0,0,0,0,1,0,1,0,1,1,75,75,0,0,100,156.2,52.1,6,2,33.3,0,0,0,0,0,0,0,0,0,0,0,0,0,0,0,0,2,1,50,0,0,0,0
Essex Rebels,"M. Amako, K. Martin, T. Child, H. Gent, J. Mckew",1,42,3,1,2,50,1,2,50,0,0,0,0,1,1,1,0,0,0,0,1,82.3,109.7,54.9,21.9,43.8,75,75,100,0,100,0,0,100,156.2,0,0,1,0,0,1,0,0,0,0,0,0,0,0,0,0,0,0,0,0,0,0,0,100,0,156.2,0,0,0,0,0,0,2,1,50,0,0,0,0,0,0,0,0,0,0,1,0,0,0,0,0,0
Essex Rebels,"M. Amako, K. Martin, T. Child, H. Gent, T. Hudson",1,47,0,0,1,0,0,0,0,0,1,0,0,1,1,0,0,1,0,0,1,84.3,70.6,98,34.0,24.5,0,0,0,0,100,0,100,0,0,3,1,2,50,1,1,100,0,0,0,0,2,2,1,0,0,0,0,1,75,75,0,0,50,156.2,-156.2,1,0,0,0,0,0,0,0,0,0,0,0,0,1,0,0,0,0,0,1,1,100,0,0,0,0
Essex Rebels,"M. Amako, D. Johnson-Thompson, M. Brown, T. Child, B. Winter",1,86,1,0,2,0,0,1,0,1,2,50,1,0,1,1,0,0,0,0,1,52,50.4,53.6,47.7,44.8,0,17.4,0,50,0,0,100,50,55.4,4,2,2,100,0,0,0,0,0,0,0,1,1,2,0,0,0,1,1,100,100,0,0,0,208.3,-152.9,1,0,0,0,0,0,1,0,0,0,0,0,0,1,1,100,1,1,100,0,0,0,0,0,0,0
Essex Rebels,"M. Amako, I. Temilola, T. Child, B. Winter, J. Mckew",1,55,0,0,1,0,0,1,0,0,0,0,0,0,0,0,0,1,1,1,1,111.4,83.8,139.1,28.6,17.3,0,0,0,0,0,50,0,100,0,5,1,2,50,0,0,0,3,3,100,0,0,0,0,0,0,0,0,3,50,75.3,0,0,0,156.9,-156.9,0,0,0,0,0,0,1,0,0,0,1,0,0,2,1,50,0,0,0,0,0,0,0,0,0,0
Essex Rebels,"K. Martin, I. Temilola, H. Gent, B. Winter, J. Mckew",1,27,3,1,2,50,1,1,100,0,0,0,0,1,1,0,0,0,0,0,1,170.7,170.7,170.7,14.1,14.1,75,75,0,0,100,0,0,50,156.2,2,1,2,50,0,1,0,0,0,0,0,1,1,1,0,0,0,0,1,50,50,0,0,50,104.2,52.1,1,0,0,0,0,0,1,1,100,0,0,0,0,1,1,100,0,0,0,1,0,0,0,0,0,0
Essex Rebels,"K. Martin, A. Idiata-Mendez, T. Child, B. Winter, T. Hudson",1,24,0,0,2,0,0,1,0,0,0,0,0,0,0,0,1,0,0,1,1,192,192,192,12.5,12.5,0,0,0,0,0,0,0,50,0,3,1,1,100,1,1,100,0,0,0,0,2,2,1,0,0,1,0,1,150,150,50,0,100,156.2,-156.2,1,0,0,0,0,0,1,0,0,0,0,0,0,0,0,0,0,0,0,1,1,100,1,0,0,0
Essex Rebels,"R. Udeh, I. Temilola, A. Idiata-Mendez, B. Winter, J. Mckew",1,56,0,0,0,0,0,0,0,0,0,0,0,1,1,0,0,0,2,0,1,82.3,82.3,82.3,29.2,29.2,0,0,0,0,50,100,0,0,0,3,1,3,33.3,1,2,50,0,0,0,1,0,1,1,1,0,0,0,1,50,50,0,50,66.7,156.2,-156.2,0,0,0,0,0,0,0,0,0,2,0,0,0,1,0,0,0,0,0,2,1,50,0,0,0,0
Essex Rebels,"R. Udeh, M. Brown, T. Child, H. Gent, T. Hudson",1,48,1,0,1,0,0,1,0,1,2,50,0,1,1,1,0,0,0,0,1,90.2,90.2,90.2,26.6,26.6,0,26.6,0,0,100,0,200,100,55.4,1,0,1,0,0,1,0,1,2,50,0,1,1,0,0,0,0,1,1,0,26.6,0,0,100,55.4,0,0,0,0,0,0,0,1,0,0,0,0,0,0,0,0,0,0,0,0,1,0,0,0,0,0,0
Essex Rebels,"R. Udeh, A. Idiata-Mendez, T. Child, B. Winter, T. Hudson",1,63,4,2,2,100,0,0,0,0,0,0,0,0,0,0,0,0,0,1,1,70.9,73.1,68.8,32.8,34.9,100,100,0,0,0,0,0,0,208.3,4,1,1,100,0,0,0,2,2,100,0,0,0,0,0,0,0,0,1,100,106.4,0,0,0,221.6,-13.3,1,1,100,1,1,100,0,0,0,0,0,0,0,1,1,100,0,0,0,0,0,0,0,0,0,0
Hemel Storm,"M. Sokoli, D. Nelson-Henry, K. Walker, D. Parkinson, S. Newman",1,16,0,0,3,0,0,0,0,0,0,0,1,0,1,0,0,0,0,0,1,216,288,144,8.3,16.7,0,0,0,50,0,0,0,0,0,3,1,1,100,1,1,100,0,0,0,0,1,1,0,0,0,0,0,0,150,150,0,0,100,312.5,-312.5,2,0,0,1,0,0,0,0,0,0,0,0,0,0,0,0,0,0,0,1,1,100,0,0,0,0
Hemel Storm,"M. Sokoli, D. Nelson-Henry, D. Parkinson, S. Newman, J. Burnell",1,30,3,1,1,100,0,0,0,1,1,100,0,0,0,0,0,0,0,0,1,59.3,110.6,8,21.7,300.0,100,104.2,0,0,0,0,100,0,217,0,0,0,0,0,0,0,0,0,0,0,0,0,0,0,0,0,1,0,0,0,0,0,0,0,217,1,1,100,0,0,0,0,0,0,0,0,0,0,0,0,0,0,0,0,0,0,0,0,0,0,0
Hemel Storm,"M. Sokoli, K. Walker, S. Lewis, M. Norman, S. Newman",1,61,0,0,1,0,0,1,0,0,0,0,0,0,0,0,0,0,1,1,1,75.5,75.5,75.5,31.8,31.8,0,0,0,0,0,50,0,100,0,6,2,3,66.7,2,3,66.7,0,0,0,1,1,2,1,1,0,0,0,1,100,100,0,100,100,312.5,-312.5,0,0,0,0,0,0,1,0,0,0,1,0,0,0,0,0,0,0,0,3,2,66.7,0,0,0,0
Hemel Storm,"M. Sokoli, K. Walker, S. Newman, J. Rai, J. Burnell",1,63,2,1,2,50,0,0,0,0,0,0,0,1,1,1,0,0,0,0,1,107.5,73.1,141.9,32.8,16.9,50,50,100,0,100,0,0,0,104.2,4,1,2,50,0,1,0,2,2,100,0,1,1,0,0,0,1,1,3,50,69.4,25.8,0,50,107.4,-3.2,1,1,100,1,0,0,0,0,0,0,0,0,0,1,1,100,0,0,0,1,0,0,0,1,0,0
Hemel Storm,"M. Sokoli, M. Norman, V. Eze, D. Parkinson, J. Rai",1,37,4,2,2,100,0,0,0,0,0,0,0,1,1,1,0,0,0,2,1,89.7,124.5,54.8,19.3,43.8,100,100,50,0,50,0,0,0,208.3,0,0,1,0,0,1,0,0,2,0,1,0,1,0,0,0,0,0,0,0,0,0,50,100,0,208.3,2,2,100,0,0,0,0,0,0,0,0,0,0,0,0,0,0,0,0,1,0,0,0,0,0,0
Hemel Storm,"D. Nelson-Henry, K. Walker, S. Lewis, D. Parkinson, B. Inger",1,47,0,0,0,0,0,0,0,0,0,0,0,0,0,0,1,0,2,1,1,98,98,98,24.5,24.5,0,0,0,0,0,100,0,0,0,2,1,1,100,0,0,0,0,0,0,0,0,0,1,2,0,1,0,1,100,100,50,0,0,104.2,-104.2,0,0,0,0,0,0,0,0,0,0,2,0,0,1,1,100,0,0,0,0,0,0,1,0,0,0
Hemel Storm,"D. Nelson-Henry, K. Walker, S. Lewis, B. Inger, S. Newman",1,39,0,0,1,0,0,1,0,0,0,0,0,0,0,0,1,1,1,1,1,157.1,118.2,196.1,20.3,12.2,0,0,0,0,0,50,0,100,0,5,1,2,50,0,0,0,3,3,100,1,1,2,0,1,0,1,2,3,50,75.3,23.1,100,0,156.9,-156.9,0,0,0,0,0,0,1,0,0,1,0,0,0,2,1,50,0,0,0,0,0,0,0,1,0,0
Hemel Storm,"D. Nelson-Henry, K. Walker, M. Norman, D. Parkinson, J. Burnell",1,50,0,0,0,0,0,0,0,0,0,0,0,0,0,0,0,0,2,3,1,115.2,92.2,138.2,26.0,17.4,0,0,0,0,0,100,0,0,0,5,2,3,66.7,1,1,100,0,0,0,0,0,0,1,2,0,0,0,2,83.3,83.3,0,0,33.3,173.6,-173.6,0,0,0,0,0,0,0,0,0,0,2,0,0,1,1,100,1,0,0,1,1,100,0,0,0,0
Hemel Storm,"D. Nelson-Henry, K. Walker, D. Parkinson, B. Inger, J. Burnell",1,33,0,0,0,0,0,0,0,0,0,0,0,0,0,0,0,0,2,1,1,104.7,139.6,69.8,17.2,34.4,0,0,0,0,0,100,0,0,0,2,1,1,100,0,0,0,0,0,0,0,0,0,1,0,0,0,0,0,100,100,0,0,0,208.3,-208.3,0,0,0,0,0,0,0,0,0,0,0,0,1,0,0,0,1,1,100,0,0,0,0,0,0,0
Hemel Storm,"D. Nelson-Henry, S. Lewis, V. Eze, B. Inger, J. Burnell",1,52,2,1,3,33.3,0,1,0,0,0,0,1,0,1,1,0,0,0,1,1,98.4,88.6,108.1,27.1,22.2,33.3,33.3,100,50,0,0,0,33.3,104.2,6,2,2,100,1,1,100,1,1,100,0,1,1,1,0,0,0,0,2,125,123,0,0,50,256.1,-152,2,1,50,0,0,0,1,0,0,0,0,0,0,1,1,100,0,0,0,1,1,100,0,0,0,0
Hemel Storm,"K. Walker, S. Lewis, D. Parkinson, B. Inger, J. Burnell",1,43,0,0,1,0,0,0,0,0,0,0,0,0,0,0,0,0,1,1,1,80.4,107.2,53.6,22.4,44.8,0,0,0,0,0,50,0,0,0,2,1,1,100,0,0,0,0,0,0,0,1,1,0,1,0,0,0,0,100,100,0,0,0,208.3,-208.3,0,0,0,1,0,0,0,0,0,1,0,0,0,1,1,100,0,0,0,0,0,0,0,0,0,0
Hemel Storm,"K. Walker, M. Norman, D. Parkinson, S. Newman, J. Burnell",1,73,5,2,2,100,1,1,100,0,0,0,0,1,1,2,0,0,0,1,1,77,63.1,90.9,38.0,26.4,125,125,100,0,100,0,0,50,260.4,2,0,2,0,0,1,0,2,2,100,0,0,0,0,0,0,0,0,2,0,34.7,0,0,50,72.3,188.1,1,1,100,0,0,0,1,1,100,0,0,0,0,0,0,0,1,0,0,1,0,0,0,0,0,0
Hemel Storm,"K. Walker, M. Norman, S. Lewis, B. Inger, J. Rai",1,90,4,2,2,100,0,0,0,0,0,0,0,1,1,1,0,0,0,1,1,62.5,51.2,73.7,46.9,32.6,100,100,50,0,100,0,0,0,208.3,2,0,2,0,0,1,0,2,2,100,0,0,0,0,0,0,0,0,2,0,34.7,0,0,50,72.3,136,2,2,100,0,0,0,0,0,0,0,0,0,0,0,0,0,1,0,0,1,0,0,0,0,0,0
Hemel Storm,"K. Walker, V. Eze, D. Parkinson, S. Newman, J. Burnell",1,82,0,0,1,0,0,1,0,0,0,0,0,2,2,0,0,0,1,1,1,74.7,56.2,93.3,42.7,25.7,0,0,0,0,100,50,0,100,0,4,1,2,50,0,1,0,2,3,66.7,0,1,1,0,1,0,0,0,3,50,60.2,0,0,50,125.5,-125.5,0,0,0,0,0,0,1,0,0,1,0,0,0,1,1,100,0,0,0,1,0,0,0,0,0,0
Hemel Storm,"K. Walker, B. Inger, S. Newman, J. Rai, J. Burnell",1,56,5,2,2,100,1,1,100,0,0,0,0,0,0,2,0,0,0,0,1,121,82.3,159.6,29.2,15.0,125,125,100,0,0,0,0,50,260.4,1,0,1,0,0,1,0,1,2,50,0,0,0,1,0,0,2,1,3,0,26.6,51.5,0,100,26.8,233.6,0,0,0,1,1,100,1,1,100,0,0,0,0,0,0,0,0,0,0,1,0,0,0,0,0,1
London Cavaliers,"J. Manning, J. Richards, M. Collins, M. Beasley, O. Pond-Mckenzie",1,78,2,0,1,0,0,1,0,2,2,100,0,1,1,0,0,0,0,0,1,57.3,55.5,59.1,43.2,40.6,0,53.2,0,0,100,0,200,100,110.8,2,1,2,50,0,1,0,0,0,0,0,0,0,1,0,0,0,2,1,50,50,0,0,50,104.2,6.6,0,0,0,0,0,0,1,0,0,0,0,0,0,1,1,100,0,0,0,1,0,0,0,0,0,0
London Cavaliers,"J. Manning, J. Richards, M. Collins, D. Delsol-Lowry, D. Ainembabazi",1,40,2,0,1,0,0,1,0,2,2,100,0,1,1,0,0,0,0,1,1,137.1,108.3,165.9,22.2,14.5,0,53.2,0,0,100,0,200,100,110.8,1,0,0,0,0,0,0,1,2,50,0,1,1,0,0,0,2,2,2,0,56.8,69.4,0,0,36.2,74.6,0,0,0,0,0,0,1,0,0,0,0,0,0,0,0,0,0,0,0,0,0,0,0,0,0,1
London Cavaliers,"J. Manning, J. Richards, M. Beasley, D. Braster, O. Pond-Mckenzie",1,75,0,0,1,0,0,0,0,0,0,0,0,0,0,0,0,1,1,0,1,76.8,61.4,92.2,39.1,26.0,0,0,0,0,0,50,0,0,0,5,2,3,66.7,1,1,100,0,0,0,0,1,1,2,1,0,0,0,2,83.3,83.3,0,0,33.3,173.6,-173.6,1,0,0,0,0,0,0,0,0,1,0,0,0,2,1,50,0,0,0,1,1,100,0,0,0,0
London Cavaliers,"J. Manning, J. Richards, D. Braster, D. Ainembabazi, A. Pyne",1,43,0,0,2,0,0,1,0,0,0,0,0,0,0,0,0,0,0,0,1,107.2,107.2,107.2,22.4,22.4,0,0,0,0,0,0,0,50,0,6,2,2,100,2,2,100,0,0,0,0,2,2,2,0,0,0,0,1,150,150,0,0,100,312.5,-312.5,1,0,0,0,0,0,1,0,0,0,0,0,0,0,0,0,0,0,0,2,2,100,0,0,0,0
London Cavaliers,"J. Manning, J. Richards, D. Braster, A. Roberts, O. Pond-Mckenzie",1,53,0,0,1,0,0,1,0,0,0,0,0,0,0,0,0,0,1,0,1,65.2,86.9,43.5,27.6,55.2,0,0,0,0,0,50,0,100,0,2,1,1,100,0,0,0,0,0,0,0,1,1,0,0,0,0,0,0,100,100,0,0,0,208.3,-208.3,0,0,0,0,0,0,1,0,0,0,0,0,1,0,0,0,1,1,100,0,0,0,0,0,0,0
London Cavaliers,"J. Manning, D. Delsol-Lowry, M. Collins, M. Beasley, O. Pond-Mckenzie",1,76,5,2,2,100,1,1,100,0,0,0,0,1,1,1,0,0,0,1,1,52.1,60.6,43.7,39.6,55.0,125,125,50,0,50,0,0,50,260.4,3,1,2,50,1,2,50,0,1,0,1,0,1,1,0,0,0,0,1,75,61.5,0,50,100,217,43.4,0,0,0,1,1,100,1,1,100,0,0,0,0,0,0,0,0,0,0,2,1,50,0,0,0,0
London Cavaliers,"J. Manning, D. Delsol-Lowry, M. Collins, D. Braster, A. Pyne",1,45,0,0,0,0,0,0,0,0,0,0,0,0,0,0,0,0,2,2,1,76.8,102.4,51.2,23.4,46.9,0,0,0,0,0,100,0,0,0,2,1,1,100,0,0,0,0,0,0,0,0,0,1,0,0,0,0,0,100,100,0,0,0,208.3,-208.3,0,0,0,0,0,0,0,0,0,0,0,0,1,1,1,100,0,0,0,0,0,0,0,0,0,0
London Cavaliers,"J. Richards, M. Collins, M. Beasley, D. Ainembabazi, A. Roberts",1,32,4,2,2,100,0,0,0,0,0,0,0,0,0,1,1,0,0,1,1,108,144,72,16.7,33.3,100,100,50,0,0,0,0,0,208.3,0,0,0,0,0,0,0,0,0,0,0,0,0,0,0,0,1,0,0,0,0,100,0,0,0,208.3,1,1,100,1,1,100,0,0,0,0,0,0,0,0,0,0,0,0,0,0,0,0,1,0,0,0
London Cavaliers,"J. Richards, M. Beasley, D. Delsol-Lowry, D. Braster, A. Pyne",1,28,2,0,1,0,0,0,0,2,2,100,0,0,0,0,0,0,0,1,1,136.6,154.7,118.5,15.5,20.3,0,53.2,0,0,0,0,200,0,110.8,3,1,1,100,0,0,0,1,1,100,0,1,1,1,0,1,0,0,1,100,104.2,0,0,0,217,-106.2,1,0,0,0,0,0,0,0,0,0,0,0,0,1,1,100,0,0,0,0,0,0,0,0,0,0
London Cavaliers,"M. Collins, M. Beasley, D. Delsol-Lowry, D. Braster, A. Pyne",1,36,0,0,1,0,0,1,0,0,0,0,0,2,2,0,0,0,1,1,1,128,128,128,18.8,18.8,0,0,0,0,100,50,0,100,0,0,0,2,0,0,1,0,0,0,0,0,1,1,0,1,0,0,1,1,0,0,0,0,50,0,0,0,0,0,0,0,0,1,0,0,1,0,0,0,1,0,0,0,0,0,1,0,0,0,0,0,0
London Cavaliers,"M. Beasley, D. Delsol-Lowry, D. Braster, A. Roberts, A. Pyne",1,52,0,0,2,0,0,0,0,0,0,0,0,1,1,0,0,0,0,2,1,95.7,88.6,102.8,27.1,23.3,0,0,0,0,100,0,0,0,0,3,0,1,0,0,1,0,3,3,100,0,2,2,0,0,0,0,0,2,0,64.7,0,0,100,134.7,-134.7,1,0,0,1,0,0,0,0,0,0,0,0,0,0,0,0,0,0,0,1,0,0,0,0,0,0
Loughborough Riders,"J. Campbell, J. Campbell, M. Joiner, D. Hadley, C. Keys",1,54,0,0,1,0,0,1,0,0,0,0,0,1,1,0,0,0,1,0,1,85.3,85.3,85.3,28.1,28.1,0,0,0,0,50,50,0,100,0,2,1,3,33.3,0,0,0,0,0,0,1,1,2,0,0,0,0,0,1,33.3,33.3,0,50,0,104.2,-104.2,0,0,0,0,0,0,1,0,0,0,1,0,0,2,1,50,1,0,0,0,0,0,0,0,0,0
Loughborough Riders,"J. Campbell, J. Campbell, M. Joiner, J. Cook, D. Hadley",1,41,0,0,1,0,0,1,0,0,0,0,0,2,2,0,0,0,1,0,1,140.5,112.4,168.6,21.4,14.2,0,0,0,0,100,50,0,100,0,0,0,2,0,0,1,0,0,0,0,0,1,1,0,1,0,1,0,2,0,0,33.3,0,50,0,0,0,0,0,0,0,0,1,0,0,1,0,0,0,0,0,0,1,0,0,1,0,0,1,0,0,0
Loughborough Riders,"J. Campbell, J. Campbell, M. Joiner, L. Campbell, C. Keys",1,27,0,0,0,0,0,0,0,0,0,0,0,0,0,0,2,0,2,1,1,170.7,170.7,170.7,14.1,14.1,0,0,0,0,0,100,0,0,0,0,0,0,0,0,0,0,0,0,0,0,0,0,0,0,0,2,1,1,0,0,100,0,0,0,0,0,0,0,0,0,0,0,0,0,0,0,0,1,0,0,0,0,0,0,0,0,0,1,1,0,0
Loughborough Riders,"J. Campbell, J. Campbell, S. Wylie, J. Cook, S. Wylie",1,105,0,0,4,0,0,3,0,0,0,0,2,1,3,0,0,0,0,1,1,54.9,43.9,65.8,54.7,36.5,0,0,0,50,100,0,0,75,0,2,1,2,50,0,1,0,0,0,0,0,2,2,0,0,0,1,0,2,50,50,33.3,0,50,69.4,-69.4,1,0,0,0,0,0,3,0,0,0,0,0,0,0,0,0,1,1,100,1,0,0,0,0,0,1
Loughborough Riders,"J. Campbell, J. Campbell, S. Wylie, J. Cook, C. Keys",1,88,2,1,2,50,0,1,0,0,0,0,0,0,0,1,0,0,0,0,1,39.3,52.4,26.2,45.8,91.7,50,50,100,0,0,0,0,50,104.2,2,1,1,100,0,0,0,0,0,0,0,0,0,0,0,0,0,0,0,100,100,0,0,0,208.3,-104.2,1,1,100,0,0,0,1,0,0,0,0,0,0,1,1,100,0,0,0,0,0,0,0,0,0,0
Loughborough Riders,"J. Campbell, J. Campbell, C. Nyarko, L. Campbell, S. Wylie",1,55,2,1,1,100,0,0,0,0,2,0,0,0,0,0,0,0,0,1,1,102.2,78.8,125.7,30.5,19.1,100,53.2,0,0,0,0,200,0,110.8,0,0,0,0,0,0,0,0,0,0,0,1,1,0,0,0,3,2,2,0,0,100,0,0,0,110.8,1,1,100,0,0,0,0,0,0,0,0,0,0,0,0,0,0,0,0,0,0,0,0,0,0,2
Loughborough Riders,"J. Campbell, J. Campbell, S. Wylie, C. Keys, C. Keys",1,74,4,1,2,50,1,2,50,1,2,50,1,0,1,2,0,0,0,0,1,60.4,58.5,62.3,41.0,38.5,75,69.4,200,100,0,0,100,100,221.6,2,1,2,50,0,1,0,0,0,0,0,0,0,1,0,0,0,1,1,50,50,0,0,50,104.2,117.5,0,0,0,0,0,0,2,1,50,0,0,0,0,1,1,100,0,0,0,1,0,0,0,0,0,0
Loughborough Riders,"J. Campbell, M. Joiner, L. Ehiorobo, T. Akinsuku, S. Wylie",1,32,2,1,2,50,0,1,0,0,0,0,0,1,1,0,0,0,0,0,1,144,144,144,16.7,16.7,50,50,0,0,100,0,0,50,104.2,2,1,2,50,0,1,0,0,0,0,0,1,1,1,0,0,0,1,1,50,50,0,0,50,104.2,0,1,1,100,0,0,0,1,0,0,0,0,0,0,1,1,100,0,0,0,1,0,0,0,0,0,0
Loughborough Riders,"J. Campbell, M. Joiner, T. Akinsuku, S. Wylie, C. Keys",1,42,2,1,1,100,0,0,0,0,0,0,0,1,1,0,0,0,1,0,1,109.7,109.7,109.7,21.9,21.9,100,100,0,0,100,50,0,0,104.2,0,0,2,0,0,1,0,0,0,0,0,0,0,0,1,0,0,0,1,0,0,0,0,50,0,104.2,0,0,0,1,1,100,0,0,0,1,0,0,0,0,0,0,1,0,0,1,0,0,0,0,0,0
Loughborough Riders,"J. Campbell, M. Joiner, L. Campbell, C. Keys, M. Joiner",1,61,0,0,2,0,0,2,0,0,0,0,0,0,0,0,1,0,0,1,1,65,75.5,54.4,31.8,44.1,0,0,0,0,0,0,0,100,0,1,0,0,0,0,0,0,1,1,100,0,1,1,0,0,0,1,0,1,0,113.6,69.4,0,0,72.3,-72.3,0,0,0,0,0,0,2,0,0,0,0,0,0,0,0,0,0,0,0,0,0,0,1,0,0,0
Loughborough Riders,"J. Campbell, L. Ehiorobo, C. Nyarko, D. Hadley, C. Keys",1,70,2,1,2,50,0,1,0,0,0,0,0,0,0,1,0,0,0,1,1,63.9,65.8,61.9,36.5,38.8,50,50,100,0,0,0,0,50,104.2,2,0,1,0,0,1,0,2,2,100,0,1,1,0,0,0,0,0,1,0,53.2,0,0,100,110.8,-6.6,1,1,100,0,0,0,1,0,0,0,0,0,0,0,0,0,0,0,0,1,0,0,0,0,0,0
Loughborough Riders,"J. Campbell, L. Ehiorobo, L. Campbell, D. Hadley, C. Keys",1,37,0,0,2,0,0,1,0,0,0,0,0,1,1,0,0,1,0,1,1,124.5,124.5,124.5,19.3,19.3,0,0,0,0,100,0,0,50,0,2,1,2,50,0,0,0,0,0,0,0,2,2,0,0,0,0,0,1,50,50,0,0,0,104.2,-104.2,1,0,0,0,0,0,1,0,0,0,0,0,0,1,0,0,1,1,100,0,0,0,0,0,0,0
Loughborough Riders,"J. Campbell, T. Akinsuku, C. Nyarko, L. Campbell, D. Hadley",1,74,0,0,3,0,0,1,0,0,0,0,1,0,1,0,1,0,0,0,1,77.8,62.3,93.4,38.5,25.7,0,0,0,33.3,0,0,0,33.3,0,5,2,2,100,1,1,100,0,0,0,0,2,2,2,0,0,1,0,2,125,125,33.3,0,50,173.6,-173.6,1,0,0,1,0,0,1,0,0,0,0,0,0,1,1,100,0,0,0,1,1,100,0,1,0,0
Loughborough Riders,"J. Campbell, J. Cook, J. Cook, S. Wylie, D. Hadley",1,94,0,0,2,0,0,0,0,0,0,0,0,0,0,0,0,0,0,0,1,59.8,49,70.6,49.0,34.0,0,0,0,0,0,0,0,0,0,6,2,2,100,1,1,100,1,2,50,0,2,2,2,0,0,0,1,2,125,104.2,0,0,50,217,-217,0,0,0,2,0,0,0,0,0,0,0,0,0,1,1,100,0,0,0,1,1,100,0,0,0,0
Loughborough Riders,"J. Campbell, D. Hadley, J. Cook, T. Akinsuku, C. Keys",1,102,3,1,2,50,1,2,50,0,0,0,0,2,2,0,0,0,0,0,1,56.5,45.2,67.8,53.1,35.4,75,75,0,0,66.7,0,0,100,156.2,2,1,4,25,0,2,0,0,0,0,1,1,2,1,0,0,0,0,2,25,25,0,33.3,50,69.4,86.8,0,0,0,0,0,0,2,1,50,0,0,0,0,1,1,100,1,0,0,2,0,0,0,0,0,0
Loughborough Riders,"J. Campbell, T. Akinsuku, S. Wylie, D. Hadley, C. Keys",1,56,0,0,1,0,0,1,0,0,0,0,0,0,0,0,0,0,1,0,1,82.3,82.3,82.3,29.2,29.2,0,0,0,0,0,50,0,100,0,4,2,2,100,0,0,0,0,0,0,0,1,1,2,1,0,0,1,1,100,100,0,0,0,208.3,-208.3,0,0,0,0,0,0,1,0,0,1,0,0,0,1,1,100,1,1,100,0,0,0,0,0,0,0
Loughborough Riders,"J. Campbell, T. Akinsuku, S. Wylie, J. Cook, M. Joiner",1,41,3,1,1,100,1,1,100,0,2,0,0,1,1,1,0,0,0,0,1,109,105.6,112.4,22.7,21.4,150,79.8,100,0,100,0,200,100,166.2,2,1,2,50,0,0,0,0,0,0,0,1,1,0,0,0,0,1,1,50,50,0,0,0,104.2,62.1,0,0,0,0,0,0,1,1,100,0,0,0,0,1,1,100,1,0,0,0,0,0,0,0,0,0
Loughborough Riders,"J. Campbell, T. Akinsuku, J. Cook, D. Hadley, M. Joiner",1,63,2,1,1,100,0,0,0,0,0,0,0,0,0,0,0,0,1,0,1,91.4,73.1,109.7,32.8,21.9,100,100,0,0,0,50,0,0,104.2,5,2,2,100,1,1,100,0,0,0,0,0,0,0,1,0,1,0,2,125,125,33.3,0,50,173.6,-69.4,1,1,100,0,0,0,0,0,0,0,1,0,0,1,1,100,0,0,0,1,1,100,0,1,0,0
Loughborough Riders,"M. Joiner, L. Ehiorobo, T. Akinsuku, C. Keys, M. Joiner",1,59,2,0,0,0,0,0,0,2,2,100,0,0,0,1,0,0,1,0,1,75.8,73.4,78.1,32.7,30.7,0,113.6,0,0,0,34.7,0,0,110.8,4,2,2,100,0,0,0,0,0,0,0,0,0,1,1,0,0,1,1,100,100,0,0,0,208.3,-97.5,0,0,0,0,0,0,0,0,0,0,1,0,0,2,2,100,0,0,0,0,0,0,0,0,0,0
Loughborough Riders,"M. Joiner, L. Ehiorobo, L. Campbell, C. Keys, C. Keys",1,66,3,1,2,50,1,1,100,0,0,0,0,0,0,1,1,0,0,0,1,69.8,69.8,69.8,34.4,34.4,75,75,100,0,0,0,0,50,156.2,0,0,0,0,0,0,0,0,0,0,0,1,1,0,0,0,2,0,1,0,0,100,0,0,0,156.2,0,0,0,1,0,0,1,1,100,0,0,0,0,0,0,0,0,0,0,0,0,0,0,2,0,0
Loughborough Riders,"M. Joiner, T. Akinsuku, C. Nyarko, L. Campbell, D. Hadley",1,76,2,1,1,100,0,0,0,0,0,0,0,2,2,0,0,0,1,0,1,75.8,60.6,90.9,39.6,26.4,100,100,0,0,66.7,50,0,0,104.2,2,1,4,25,0,2,0,0,0,0,1,0,1,1,1,0,0,0,2,25,25,0,33.3,50,69.4,34.7,1,1,100,0,0,0,0,0,0,0,1,0,0,1,1,100,1,0,0,2,0,0,0,0,0,0
Loughborough Riders,"M. Joiner, T. Akinsuku, L. Campbell, S. Wylie, C. Keys",1,17,0,0,1,0,0,1,0,0,2,0,0,1,1,0,0,0,0,0,1,195.2,254.8,135.5,9.4,17.7,0,0,0,0,100,0,200,100,0,0,0,1,0,0,0,0,0,0,0,0,0,0,0,0,0,0,1,0,0,0,0,0,0,0,0,0,0,0,0,0,0,1,0,0,0,0,0,0,0,0,0,1,0,0,0,0,0,0,0,0,0
Loughborough Riders,"M. Joiner, S. Wylie, T. Akinsuku, L. Campbell, S. Wylie",1,21,1,0,1,0,0,0,0,1,2,50,0,0,0,0,0,0,0,2,1,151.4,206.3,96.5,11.6,24.9,0,26.6,0,0,0,0,200,0,55.4,1,0,0,0,0,0,0,1,2,50,0,0,0,0,0,0,0,0,0,0,56.8,0,0,0,118.4,-63,0,0,0,1,0,0,0,0,0,0,0,0,0,0,0,0,0,0,0,0,0,0,0,0,0,0
Loughborough Riders,"M. Joiner, J. Cook, C. Nyarko, J. Cook, L. Campbell",1,79,3,1,2,50,1,2,50,0,0,0,0,0,0,0,0,0,0,0,1,72.9,58.3,87.5,41.1,27.4,75,75,0,0,0,0,0,100,156.2,6,2,2,100,2,2,100,0,0,0,0,1,1,2,0,0,1,2,2,150,150,33.3,0,100,208.3,-52.1,0,0,0,0,0,0,2,1,50,0,0,0,0,0,0,0,0,0,0,2,2,100,0,0,0,1
Loughborough Riders,"M. Joiner, D. Hadley, T. Akinsuku, D. Hadley, C. Keys",1,110,2,1,2,50,0,0,0,0,0,0,0,0,0,0,0,0,0,0,1,52.4,41.9,62.8,57.3,38.2,50,50,0,0,0,0,0,0,104.2,4,2,3,66.7,0,0,0,0,0,0,0,1,1,0,0,0,0,0,2,66.7,66.7,0,0,0,138.9,-34.7,1,1,100,1,0,0,0,0,0,0,0,0,0,1,0,0,2,2,100,0,0,0,0,0,0,0
Loughborough Riders,"M. Joiner, J. Cook, T. Akinsuku, D. Hadley, C. Keys",1,39,4,2,2,100,0,0,0,0,0,0,0,0,0,1,0,0,0,0,1,114.6,118.2,111.1,20.3,21.6,100,100,50,0,0,0,0,0,208.3,4,1,1,100,0,0,0,2,2,100,0,0,0,2,0,0,0,1,1,100,106.4,0,0,0,221.6,-13.3,2,2,100,0,0,0,0,0,0,0,0,0,0,1,1,100,0,0,0,0,0,0,0,0,0,0
Loughborough Riders,"M. Joiner, J. Cook, T. Akinsuku, C. Keys, C. Keys",1,40,2,1,1,100,0,0,0,0,0,0,0,1,1,0,0,0,1,0,1,144,115.2,172.8,20.8,13.9,100,100,0,0,100,50,0,0,104.2,0,0,1,0,0,1,0,0,0,0,0,0,0,0,1,0,2,1,2,0,0,66.7,0,100,0,104.2,0,0,0,1,1,100,0,0,0,0,1,0,0,0,0,0,0,0,0,1,0,0,0,0,0,1
Loughborough Riders,"M. Joiner, T. Akinsuku, S. Wylie, D. Hadley, C. Keys",1,37,0,0,2,0,0,1,0,0,0,0,0,0,0,0,0,0,0,0,1,93.4,124.5,62.3,19.3,38.5,0,0,0,0,0,0,0,50,0,2,1,2,50,0,0,0,0,0,0,1,0,1,0,0,0,0,0,0,50,50,0,100,0,208.3,-208.3,1,0,0,0,0,0,1,0,0,0,0,0,0,2,1,50,0,0,0,0,0,0,0,0,0,0
Loughborough Riders,"M. Joiner, S. Wylie, C. Keys, M. Joiner, C. Keys",1,45,2,0,0,0,0,0,0,2,2,100,0,0,0,0,0,0,1,0,1,124.9,96.3,153.6,24.9,15.6,0,113.6,0,0,0,53.2,0,0,110.8,5,2,3,66.7,1,2,50,0,0,0,0,0,0,0,0,0,0,0,2,83.3,83.3,0,0,66.7,173.6,-62.8,0,0,0,0,0,0,0,0,0,1,0,0,0,1,1,100,0,0,0,2,1,50,0,0,0,0
Loughborough Riders,"L. Ehiorobo, T. Akinsuku, L. Campbell, C. Keys, C. Keys",1,102,2,1,2,50,0,1,0,0,0,0,0,1,1,0,0,0,0,0,1,56.5,45.2,67.8,53.1,35.4,50,50,0,0,50,0,0,50,104.2,2,1,3,33.3,0,1,0,0,0,0,1,1,2,0,0,0,1,0,2,33.3,33.3,25,50,33.3,69.4,34.7,1,1,100,0,0,0,1,0,0,0,0,0,0,2,1,50,0,0,0,1,0,0,0,0,0,1
Loughborough Riders,"T. Akinsuku, S. Wylie, D. Hadley, O. Curran, M. Joiner",1,50,2,0,1,0,0,1,0,2,2,100,0,0,0,0,0,0,0,1,1,66.4,86.6,46.1,27.7,52.1,0,53.2,0,0,0,0,200,100,110.8,2,1,1,100,0,0,0,0,0,0,0,1,1,1,0,0,0,0,0,100,100,0,0,0,208.3,-97.5,0,0,0,0,0,0,1,0,0,0,0,0,0,1,1,100,0,0,0,0,0,0,0,0,0,0
Loughborough Riders,"T. Akinsuku, S. Wylie, L. Campbell, S. Wylie, D. Hadley",1,51,4,2,2,100,0,0,0,0,0,0,0,0,0,2,1,0,0,0,1,90.4,90.4,90.4,26.6,26.6,100,100,100,0,0,0,0,0,208.3,2,1,1,100,0,0,0,0,0,0,0,0,0,1,0,0,1,0,1,100,100,50,0,0,104.2,104.2,2,2,100,0,0,0,0,0,0,0,0,0,0,1,1,100,0,0,0,0,0,0,0,1,0,0
Loughborough Riders,"T. Akinsuku, J. Cook, D. Hadley, O. Curran, C. Keys",1,21,4,0,0,0,0,0,0,4,4,100,0,0,0,1,0,0,0,1,1,102.3,193.1,11.4,12.4,210.0,0,113.6,0,0,0,0,0,0,236.7,0,0,0,0,0,0,0,0,0,0,0,0,0,0,0,0,0,1,0,0,0,0,0,0,0,236.7,0,0,0,0,0,0,0,0,0,0,0,0,0,0,0,0,0,0,0,0,0,0,0,0,0,0
Loughborough Riders,"S. Wylie, L. Campbell, S. Wylie, D. Hadley, M. Joiner",1,62,0,0,3,0,0,3,0,0,0,0,2,0,2,0,0,0,1,0,1,92.9,74.3,111.5,32.3,21.5,0,0,0,66.7,0,25,0,100,0,3,1,1,100,1,1,100,0,0,0,0,1,1,0,0,0,2,1,2,150,150,66.7,0,100,104.2,-104.2,0,0,0,0,0,0,3,0,0,0,0,0,1,0,0,0,0,0,0,1,1,100,0,0,0,1
Loughborough Riders,"J. Cook, J. Cook, L. Campbell, C. Keys, C. Keys",1,57,2,1,1,100,0,0,0,0,0,0,0,1,1,0,0,0,1,1,1,76,80.8,71.1,29.7,33.7,100,100,0,0,50,50,0,0,104.2,2,0,1,0,0,0,0,2,4,50,1,0,1,0,0,0,0,0,1,0,36.2,0,50,0,118.4,-14.2,1,1,100,0,0,0,0,0,0,0,0,0,1,1,0,0,0,0,0,0,0,0,0,0,0,0
Loughborough Riders,"D. Hadley, J. Cook, T. Akinsuku, L. Campbell, C. Keys",1,107,0,0,2,0,0,0,0,0,0,0,0,1,1,0,0,0,0,1,1,53.8,43.1,64.6,55.7,37.2,0,0,0,0,100,0,0,0,0,4,2,3,66.7,0,1,0,0,0,0,0,2,2,1,0,0,0,0,2,66.7,66.7,0,0,33.3,138.9,-138.9,1,0,0,1,0,0,0,0,0,0,0,0,0,2,2,100,0,0,0,1,0,0,0,0,0,0
Loughborough Riders,"C. Nyarko, L. Campbell, S. Wylie, D. Hadley, C. Keys",1,38,0,0,1,0,0,0,0,0,0,0,0,0,0,0,0,0,1,1,1,121.3,121.3,121.3,19.8,19.8,0,0,0,0,0,50,0,0,0,5,2,3,66.7,1,2,50,0,0,0,1,1,2,1,0,0,0,0,1,83.3,83.3,0,100,66.7,260.4,-260.4,0,0,0,1,0,0,0,0,0,0,0,0,1,1,1,100,0,0,0,2,1,50,0,0,0,0
Loughborough Riders,"L. Campbell, S. Wylie, D. Hadley, M. Joiner, C. Keys",1,52,5,2,2,100,1,1,100,0,0,0,0,1,1,2,0,0,0,0,1,88.6,88.6,88.6,27.1,27.1,125,125,100,0,100,0,0,50,260.4,0,0,2,0,0,1,0,0,0,0,0,0,0,0,0,0,0,0,1,0,0,0,0,50,0,260.4,1,1,100,0,0,0,1,1,100,0,0,0,0,1,0,0,0,0,0,1,0,0,0,0,0,0
Milton Keynes Breakers,"K. Williams, D. Jackson, B. Baker-Mccann, M. New Jr., C. Thompson",1,74,2,1,2,50,0,1,0,0,0,0,0,0,0,0,0,0,0,0,1,62.3,62.3,62.3,38.5,38.5,50,50,0,0,0,0,0,50,104.2,3,1,2,50,1,2,50,0,0,0,0,0,0,1,0,0,0,0,1,75,75,0,0,100,156.2,-52.1,0,0,0,1,1,100,1,0,0,0,0,1,0,0,0,0,0,0,0,2,1,50,0,0,0,0
Milton Keynes Breakers,"K. Williams, D. Jackson, B. Baker-Mccann, K. Oates, G. Formeloza",1,65,0,0,2,0,0,2,0,0,0,0,0,1,1,0,0,0,0,1,1,88.6,70.9,106.3,33.9,22.6,0,0,0,0,100,0,0,100,0,2,1,3,33.3,0,1,0,0,0,0,0,1,1,1,0,0,0,0,2,33.3,33.3,0,0,33.3,69.4,-69.4,0,0,0,0,0,0,2,0,0,0,0,0,0,1,0,0,1,1,100,1,0,0,0,0,0,0
Milton Keynes Breakers,"K. Williams, D. Jackson, J. Dietrich, X. Wilson, C. Thompson",1,63,2,1,2,50,0,1,0,0,0,0,0,1,1,0,0,0,0,1,1,70.9,73.1,68.8,32.8,34.9,50,50,0,0,100,0,0,50,104.2,0,0,0,0,0,0,0,0,2,0,0,0,0,0,0,0,1,1,1,0,0,53.2,0,0,0,104.2,1,1,100,0,0,0,1,0,0,0,0,0,0,0,0,0,0,0,0,0,0,0,0,1,0,0
Milton Keynes Breakers,"K. Williams, D. Jackson, M. New Jr., X. Wilson, J. Spencer",1,69,4,1,1,100,0,0,0,2,2,100,0,2,2,0,0,0,0,0,1,64.8,62.8,66.8,38.2,35.9,100,106.4,0,0,100,0,200,0,221.6,0,0,2,0,0,2,0,0,0,0,0,0,0,0,0,0,0,0,1,0,0,0,0,100,0,221.6,1,1,100,0,0,0,0,0,0,0,0,0,0,0,0,0,0,0,0,2,0,0,0,0,0,0
Milton Keynes Breakers,"K. Williams, B. Baker-Mccann, J. Dietrich, J. Spencer, B. Freckleton",1,43,3,0,0,0,0,0,0,3,4,75,0,0,0,0,0,0,0,0,1,49.9,94.3,5.6,25.4,430.0,0,85.2,0,0,0,0,0,0,177.6,0,0,0,0,0,0,0,0,0,0,0,1,1,0,0,0,0,2,0,0,0,0,0,0,0,177.6,0,0,0,0,0,0,0,0,0,0,0,0,0,0,0,0,0,0,0,0,0,0,0,0,1,0
Milton Keynes Breakers,"K. Williams, J. Dietrich, M. New Jr., B. Freckleton, C. Thompson",1,46,1,0,0,0,0,0,0,1,2,50,0,1,1,0,0,0,1,1,1,94.2,94.2,94.2,25.5,25.5,0,56.8,0,0,100,53.2,0,0,55.4,0,0,0,0,0,0,0,0,2,0,0,0,0,0,1,0,1,1,1,0,0,53.2,0,0,0,55.4,0,0,0,0,0,0,0,0,0,1,0,0,0,0,0,0,0,0,0,0,0,0,1,0,0,0
Milton Keynes Breakers,"D. Jackson, B. Baker-Mccann, L. Gregory, M. New Jr., C. Thompson",2,86,0,0,2,0,0,1,0,0,0,0,0,1,1,0,1,0,0,1,1,53.6,53.6,53.6,44.8,44.8,0,0,0,0,100,0,0,50,0,0,0,1,0,0,0,0,0,0,0,0,2,2,0,0,0,1,1,1,0,0,50,0,0,0,0,0,0,0,1,0,0,1,0,0,0,0,0,0,0,0,0,1,0,0,0,0,0,1,0,0,1
Milton Keynes Breakers,"D. Jackson, B. Baker-Mccann, M. New Jr., X. Wilson, K. Oates",1,42,3,1,2,50,1,2,50,0,0,0,0,1,1,1,0,0,0,0,1,137.1,109.7,164.6,21.9,14.6,75,75,100,0,100,0,0,100,156.2,2,1,3,33.3,0,2,0,0,0,0,0,1,1,0,0,0,0,0,2,33.3,33.3,0,0,66.7,69.4,86.8,0,0,0,0,0,0,2,1,50,0,0,0,0,1,1,100,0,0,0,2,0,0,0,0,0,0
Milton Keynes Breakers,"D. Jackson, B. Baker-Mccann, M. New Jr., K. Oates, G. Formeloza",1,38,5,2,3,66.7,1,2,50,0,0,0,1,1,2,1,0,0,0,0,1,121.3,121.3,121.3,19.8,19.8,83.3,83.3,50,100,100,0,0,66.7,260.4,0,0,1,0,0,0,0,0,0,0,0,0,0,0,0,0,1,1,1,0,0,50,0,0,0,260.4,1,1,100,0,0,0,2,1,50,0,0,0,0,0,0,0,1,0,0,0,0,0,0,0,0,1
Milton Keynes Breakers,"D. Jackson, B. Baker-Mccann, K. Oates, K. Oates, C. Thompson",1,37,0,0,2,0,0,0,0,0,0,0,0,2,2,0,0,0,0,0,1,124.5,124.5,124.5,19.3,19.3,0,0,0,0,100,0,0,0,0,0,0,2,0,0,2,0,0,0,0,0,2,2,0,0,0,0,0,1,0,0,0,0,100,0,0,0,0,0,2,0,0,0,0,0,0,0,0,0,0,0,0,0,0,0,2,0,0,0,0,0,0
Milton Keynes Breakers,"D. Jackson, L. Gregory, M. New Jr., X. Wilson, J. Spencer",1,62,0,0,0,0,0,0,0,0,0,0,0,1,1,0,0,0,2,1,1,74.3,74.3,74.3,32.3,32.3,0,0,0,0,100,100,0,0,0,2,1,2,50,0,1,0,0,0,0,0,0,0,1,2,0,0,0,1,50,50,0,0,50,104.2,-104.2,0,0,0,0,0,0,0,0,0,0,2,0,0,1,1,100,0,0,0,1,0,0,0,0,0,0
Milton Keynes Breakers,"D. Jackson, L. Gregory, X. Wilson, J. Spencer, B. Freckleton",1,91,4,2,2,100,0,0,0,0,0,0,0,0,0,2,0,0,0,2,1,50.6,50.6,50.6,47.4,47.4,100,100,100,0,0,0,0,0,208.3,3,1,3,33.3,1,3,33.3,0,0,0,2,0,2,1,0,0,1,0,1,50,50,25,100,100,156.2,52.1,2,2,100,0,0,0,0,0,0,0,0,0,0,0,0,0,0,0,0,3,1,33.3,1,0,0,0
Milton Keynes Breakers,"D. Jackson, X. Wilson, J. Spencer, K. Oates, G. Formeloza",1,61,5,2,2,100,1,1,100,0,0,0,0,1,1,2,0,0,0,1,1,56.7,75.5,37.8,31.8,63.5,125,125,100,0,100,0,0,50,260.4,0,0,1,0,0,1,0,0,0,0,0,0,0,0,0,0,0,0,0,0,0,0,0,100,0,260.4,0,0,0,1,1,100,1,1,100,0,0,0,0,0,0,0,0,0,0,1,0,0,0,0,0,0
Milton Keynes Breakers,"D. Jackson, B. Baker-Mccann, L. Gregory, M. New Jr., J. Spencer",1,88,0,0,3,0,0,0,0,0,0,0,1,2,3,0,0,0,0,1,1,63.9,52.4,75.4,45.8,31.8,0,0,0,50,100,0,0,0,0,3,1,2,50,0,0,0,1,2,50,0,1,1,2,0,1,0,1,2,50,52.1,0,0,0,108.5,-108.5,2,0,0,1,0,0,0,0,0,0,0,0,0,2,1,50,0,0,0,0,0,0,0,0,0,0
Milton Keynes Breakers,"D. Jackson, J. Dietrich, L. Gregory, M. New Jr., J. Spencer",1,57,2,1,3,33.3,0,1,0,0,0,0,1,1,2,1,1,0,0,1,1,78.4,80.8,76,29.7,31.6,33.3,33.3,100,50,100,0,0,33.3,104.2,1,0,0,0,0,0,0,1,2,50,0,1,1,0,0,0,1,0,1,0,56.8,53.2,0,0,55.4,48.8,2,1,50,0,0,0,1,0,0,0,0,0,0,0,0,0,0,0,0,0,0,0,0,1,0,0
Milton Keynes Breakers,"D. Jackson, J. Dietrich, L. Gregory, X. Wilson, J. Spencer",1,101,3,1,3,33.3,1,3,33.3,0,0,0,1,1,2,1,0,0,0,0,1,45.6,45.6,45.6,52.6,52.6,50,50,100,100,100,0,0,100,156.2,3,1,2,50,1,2,50,0,0,0,0,0,0,0,0,0,0,0,1,75,75,0,0,100,156.2,0,0,0,0,0,0,0,3,1,33.3,0,0,1,0,0,0,0,0,0,0,2,1,50,0,0,0,0
Milton Keynes Breakers,"D. Jackson, J. Dietrich, L. Gregory, G. Formeloza, B. Freckleton",1,100,4,2,2,100,0,0,0,0,0,0,0,2,2,2,0,1,0,1,1,80.6,46.1,115.2,52.1,20.8,100,100,100,0,100,0,0,0,208.3,0,0,3,0,0,1,0,0,0,0,0,0,0,0,0,0,2,1,4,0,0,40,0,33.3,0,208.3,2,2,100,0,0,0,0,0,0,0,0,0,0,1,0,0,1,0,0,1,0,0,0,0,0,1
Milton Keynes Breakers,"D. Jackson, J. Dietrich, M. New Jr., J. Spencer, C. Thompson",1,59,2,1,2,50,0,1,0,0,0,0,0,0,0,1,0,0,0,0,1,97.6,78.1,117.2,30.7,20.5,50,50,100,0,0,0,0,50,104.2,0,0,0,0,0,0,0,0,0,0,0,0,0,0,0,0,3,1,2,0,0,100,0,0,0,104.2,0,0,0,1,1,100,1,0,0,0,0,0,0,0,0,0,0,0,0,0,0,0,1,0,0,1
Milton Keynes Breakers,"D. Jackson, J. Dietrich, M. New Jr., K. Oates, B. Freckleton",1,33,1,0,0,0,0,0,0,1,3,33.3,0,0,0,0,2,0,0,0,1,115.9,92.2,139.6,26.0,17.2,0,37.9,0,0,0,0,0,0,78.9,0,0,0,0,0,0,0,0,0,0,0,0,0,0,0,0,2,2,1,0,0,100,0,0,0,78.9,0,0,0,0,0,0,0,0,0,0,0,0,0,0,0,0,0,0,0,0,0,0,1,1,0,0
Milton Keynes Breakers,"B. Baker-Mccann, J. Dietrich, L. Gregory, X. Wilson, K. Oates",1,64,4,1,1,100,0,0,0,2,2,100,0,0,0,0,0,0,0,0,1,87.8,67.7,108,35.5,22.2,100,106.4,0,0,0,0,200,0,221.6,6,3,4,75,0,1,0,0,0,0,1,0,1,3,0,0,0,1,2,75,75,0,100,25,208.3,13.3,1,1,100,0,0,0,0,0,0,0,0,0,0,1,1,100,2,2,100,1,0,0,0,0,0,0
Milton Keynes Breakers,"B. Baker-Mccann, J. Dietrich, X. Wilson, K. Oates, G. Formeloza",1,30,2,0,1,0,0,0,0,2,2,100,0,0,0,0,1,0,0,0,1,149,144.4,153.6,16.6,15.6,0,53.2,0,0,0,0,200,0,110.8,0,0,1,0,0,1,0,0,0,0,1,1,2,0,0,0,2,0,1,0,0,66.7,100,100,0,110.8,1,0,0,0,0,0,0,0,0,0,0,0,0,0,0,0,0,0,0,1,0,0,0,1,0,1
Milton Keynes Breakers,"B. Baker-Mccann, L. Gregory, J. Spencer, K. Oates, G. Formeloza",1,45,0,0,0,0,0,0,0,0,1,0,0,0,0,0,1,0,1,0,1,62.5,73.7,51.2,32.6,46.9,0,0,0,0,0,69.4,0,0,0,0,0,0,0,0,0,0,0,0,0,0,1,1,0,0,0,1,0,0,0,0,100,0,0,0,0,0,0,0,0,0,0,0,0,0,0,0,0,1,0,0,0,0,0,0,0,0,0,1,0,0,0
Milton Keynes Breakers,"J. Dietrich, M. New Jr., K. Oates, B. Freckleton, C. Thompson",1,22,2,1,1,100,0,0,0,0,0,0,0,0,0,1,0,0,1,0,1,157.1,209.5,104.7,11.5,22.9,100,100,100,0,0,33.3,0,0,104.2,2,1,1,100,0,0,0,0,0,0,0,0,0,1,1,0,0,0,0,100,100,0,0,0,208.3,-104.2,1,1,100,0,0,0,0,0,0,0,1,0,0,1,1,100,0,0,0,0,0,0,0,0,0,0
Newcastle Knights,"B. Dean, S. Trunley, J. Thames, F. Cork, R. Reed",1,73,2,1,2,50,0,1,0,0,0,0,1,2,3,1,0,0,1,0,1,94.7,63.1,126.2,38.0,19.0,50,50,100,100,66.7,25,0,50,104.2,0,0,3,0,0,3,0,0,0,0,1,0,1,0,1,0,2,1,3,0,0,40,33.3,100,0,104.2,1,1,100,0,0,0,1,0,0,1,0,0,0,0,0,0,0,0,0,3,0,0,0,0,0,1
Newcastle Knights,"B. Dean, S. Trunley, J. Thames, W. Neighbour, T. Riley",2,79,0,0,1,0,0,0,0,0,0,0,0,0,0,0,0,0,1,1,1,85.7,58.3,113.2,41.1,21.2,0,0,0,0,0,50,0,0,0,9,3,3,100,1,1,100,2,2,100,0,1,1,2,0,0,0,1,3,116.7,116,0,0,33.3,241.6,-241.6,0,0,0,1,0,0,0,0,0,0,1,0,0,1,1,100,1,1,100,1,1,100,0,0,0,0
Newcastle Knights,"B. Dean, S. Trunley, J. Thames, M. Jones, S. Angus",1,71,0,0,2,0,0,1,0,0,0,0,0,2,2,0,0,0,0,0,1,81.1,64.9,97.4,37.0,24.7,0,0,0,0,100,0,0,50,0,2,1,3,33.3,0,1,0,0,0,0,0,2,2,1,0,0,0,1,2,33.3,33.3,0,0,33.3,69.4,-69.4,0,0,0,1,0,0,1,0,0,0,0,0,0,0,0,0,2,1,50,1,0,0,0,0,0,0
Newcastle Knights,"B. Dean, S. Trunley, F. Cork, M. Hendry, R. Reed",1,38,2,1,3,33.3,0,2,0,0,0,0,1,0,1,0,0,0,0,0,1,90.9,121.3,60.6,19.8,39.6,33.3,33.3,0,100,0,0,0,66.7,104.2,2,1,1,100,0,0,0,0,0,0,0,0,0,0,0,0,0,0,0,100,100,0,0,0,208.3,-104.2,0,0,0,1,1,100,2,0,0,0,0,0,0,1,1,100,0,0,0,0,0,0,0,0,0,0
Newcastle Knights,"B. Dean, S. Trunley, M. Hendry, H. Abdul, S. Angus",1,46,0,0,2,0,0,0,0,0,0,0,0,1,1,0,0,0,0,1,1,111.2,100.2,122.2,24.0,19.6,0,0,0,0,50,0,0,0,0,4,1,3,33.3,1,3,33.3,1,1,100,1,2,3,0,0,0,0,0,2,50,58.1,0,50,100,170.8,-170.8,0,0,0,2,0,0,0,0,0,0,0,0,0,0,0,0,0,0,0,3,1,33.3,0,0,0,0
Newcastle Knights,"B. Dean, J. Thames, F. Cork, H. Abdul, M. Jones",1,42,2,1,1,100,0,0,0,0,0,0,0,1,1,0,0,0,1,0,1,109.7,109.7,109.7,21.9,21.9,100,100,0,0,100,50,0,0,104.2,2,1,2,50,0,0,0,0,0,0,0,0,0,1,1,0,0,1,1,50,50,0,0,0,104.2,0,1,1,100,0,0,0,0,0,0,1,0,0,0,2,1,50,0,0,0,0,0,0,0,0,0,0
Newcastle Knights,"B. Dean, J. Thames, F. Cork, M. Matthews, T. Riley",1,64,2,1,4,25,0,1,0,0,0,0,2,1,3,0,0,0,0,0,1,90,72,108,33.3,22.2,25,25,0,66.7,100,0,0,25,104.2,2,1,2,50,0,1,0,0,0,0,0,1,1,0,0,0,1,0,2,50,50,33.3,0,50,69.4,34.7,2,1,50,1,0,0,1,0,0,0,0,0,0,0,0,0,1,1,100,1,0,0,0,1,0,0
Newcastle Knights,"B. Dean, J. Thames, H. Abdul, M. Matthews, T. Riley",1,100,1,0,3,0,0,0,0,1,2,50,2,0,2,0,0,0,0,0,1,66.4,43.3,89.4,55.4,26.8,0,12.9,0,66.7,0,0,66.7,0,55.4,7,3,6,50,0,2,0,1,2,50,3,1,4,2,0,0,0,1,3,50,50.9,0,100,33.3,187.9,-132.5,2,0,0,1,0,0,0,0,0,0,0,0,0,3,3,100,1,0,0,2,0,0,0,0,0,0
Newcastle Knights,"B. Dean, J. Thames, S. Angus, M. Matthews, T. Riley",1,63,2,1,2,50,0,1,0,0,0,0,0,1,1,1,0,0,0,0,1,73.1,73.1,73.1,32.8,32.8,50,50,100,0,100,0,0,50,104.2,2,1,2,50,0,1,0,0,0,0,0,1,1,1,0,0,0,0,1,50,50,0,0,50,104.2,0,1,1,100,0,0,0,1,0,0,0,0,0,0,1,1,100,0,0,0,1,0,0,0,0,0,0
Newcastle Knights,"B. Dean, R. Graham-Bell, M. Jones, R. Reed, M. Matthews",1,64,2,1,3,33.3,0,2,0,0,0,0,1,0,1,0,1,0,0,0,1,72,72,72,33.3,33.3,33.3,33.3,0,50,0,0,0,66.7,104.2,0,0,0,0,0,0,0,0,0,0,0,1,1,0,0,0,2,0,1,0,0,100,0,0,0,104.2,1,1,100,0,0,0,2,0,0,0,0,0,0,0,0,0,0,0,0,0,0,0,2,0,0,0
Newcastle Knights,"S. Trunley, J. Thames, F. Cork, M. Jones, M. Matthews",1,69,1,0,0,0,0,0,0,1,2,50,0,1,1,0,0,0,1,0,1,79.5,62.8,96.2,38.2,25.0,0,56.8,0,0,50,53.2,0,0,55.4,2,0,2,0,0,1,0,2,2,100,1,0,1,0,1,0,1,1,2,0,34.7,25.8,50,50,72.3,-16.9,0,0,0,0,0,0,0,0,0,1,0,0,0,1,0,0,0,0,0,1,0,0,0,0,0,1
Newcastle Knights,"S. Trunley, J. Thames, F. Cork, M. Matthews, T. Riley",1,73,0,0,2,0,0,0,0,0,0,0,0,0,0,0,0,0,0,1,1,61.2,63.1,59.3,38.0,40.4,0,0,0,0,0,0,0,0,0,5,1,2,50,1,2,50,2,2,100,1,2,3,0,0,1,0,0,1,75,86.8,0,100,100,277,-277,1,0,0,1,0,0,0,0,0,0,0,0,0,0,0,0,0,0,0,2,1,50,0,0,0,0
Newcastle Knights,"S. Trunley, J. Thames, N. Saa, M. Jones, S. Angus",1,103,0,0,3,0,0,1,0,0,0,0,1,0,1,0,0,0,0,0,1,44.7,44.7,44.7,53.6,53.6,0,0,0,33.3,0,0,0,33.3,0,4,2,5,40,0,2,0,0,0,0,3,2,5,0,0,0,0,0,1,40,40,0,100,40,208.3,-208.3,1,0,0,1,0,0,1,0,0,0,0,0,0,3,2,66.7,0,0,0,2,0,0,0,0,0,0
Newcastle Knights,"J. Thames, J. Soodeen, H. Abdul, M. Jones, M. Matthews",1,78,0,0,2,0,0,0,0,0,0,0,0,1,1,0,1,2,0,0,1,103.4,59.1,147.7,40.6,16.2,0,0,0,0,50,0,0,0,0,3,1,5,20,1,2,50,0,0,0,1,2,3,1,0,1,1,0,4,30,30,16.7,50,40,62.5,-62.5,1,0,0,1,0,0,0,0,0,0,0,0,0,3,0,0,0,0,0,2,1,50,1,0,0,0
Newcastle Knights,"J. Thames, F. Cork, R. Graham-Bell, M. Hendry, R. Reed",1,41,2,1,3,33.3,0,0,0,0,0,0,2,0,2,0,0,0,1,0,1,84.3,112.4,56.2,21.4,42.7,33.3,33.3,0,100,0,25,0,0,104.2,2,1,1,100,0,0,0,0,0,0,0,0,0,0,0,1,0,1,0,100,100,0,0,0,208.3,-104.2,3,1,33.3,0,0,0,0,0,0,0,0,0,1,0,0,0,1,1,100,0,0,0,0,0,0,0
Newcastle Knights,"J. Thames, F. Cork, M. Hendry, H. Abdul, M. Matthews",1,68,4,2,2,100,0,0,0,0,0,0,0,1,1,1,0,0,0,1,1,65.7,67.8,63.7,35.4,37.7,100,100,50,0,50,0,0,0,208.3,2,0,2,0,0,1,0,2,2,100,1,0,1,0,0,0,0,0,1,0,34.7,0,50,50,110.8,97.5,1,1,100,1,1,100,0,0,0,0,0,0,0,1,0,0,0,0,0,1,0,0,0,0,0,0
Newcastle Knights,"J. Thames, R. Graham-Bell, M. Hendry, R. Reed, S. Angus",1,29,2,1,1,100,0,0,0,0,1,0,1,0,1,0,0,1,1,1,1,96.9,114.4,79.4,21.0,30.2,100,69.4,0,100,0,41,100,0,144.7,2,1,2,50,0,0,0,0,0,0,1,0,1,0,0,0,0,0,0,50,50,0,100,0,208.3,-63.7,1,1,100,0,0,0,0,0,0,0,0,0,0,2,1,50,0,0,0,0,0,0,0,0,0,0
Newcastle Knights,"J. Thames, W. Neighbour, M. Hendry, M. Matthews, T. Riley",1,42,2,1,1,100,0,0,0,0,0,0,0,0,0,1,0,0,1,0,1,109.7,109.7,109.7,21.9,21.9,100,100,100,0,0,33.3,0,0,104.2,4,2,3,66.7,0,0,0,0,0,0,1,0,1,0,0,0,0,0,1,66.7,66.7,0,100,0,208.3,-104.2,0,0,0,1,1,100,0,0,0,1,0,0,0,2,1,50,1,1,100,0,0,0,0,0,0,0
Newcastle Knights,"J. Thames, H. Abdul, M. Jones, S. Angus, M. Matthews",1,41,2,1,1,100,0,0,0,0,0,0,0,1,1,1,1,0,1,0,1,112.4,112.4,112.4,21.4,21.4,100,100,100,0,100,33.3,0,0,104.2,0,0,1,0,0,1,0,0,0,0,0,0,0,0,0,0,1,0,1,0,0,50,0,100,0,104.2,1,1,100,0,0,0,0,0,0,0,1,0,0,0,0,0,0,0,0,1,0,0,0,1,0,0
Newcastle Knights,"F. Cork, R. Graham-Bell, M. Hendry, R. Reed, S. Angus",1,46,2,1,3,33.3,0,1,0,0,0,0,1,0,1,0,0,0,0,1,1,75.1,100.2,50.1,24.0,47.9,33.3,33.3,0,50,0,0,0,33.3,104.2,3,1,1,100,1,1,100,0,0,0,0,1,1,0,0,0,0,0,0,150,150,0,0,100,312.5,-208.3,2,1,50,0,0,0,1,0,0,0,0,0,0,0,0,0,0,0,0,1,1,100,0,0,0,0
Newcastle Knights,"R. Graham-Bell, H. Abdul, S. Angus, M. Matthews, T. Riley",1,89,2,0,2,0,0,2,0,2,2,100,1,1,2,0,0,0,0,0,1,63.2,48.7,77.7,49.3,30.9,0,34.7,0,50,100,0,100,100,110.8,2,1,3,33.3,0,1,0,0,0,0,0,1,1,1,0,0,0,1,2,33.3,33.3,0,0,33.3,69.4,41.4,0,0,0,0,0,0,2,0,0,0,0,0,0,2,1,50,0,0,0,1,0,0,0,0,0,0
Nottingham Hoods,"T. Bonsu, T. Williams, K. Bartholomew, E. Bailey, S. Akano",1,59,5,1,2,50,1,2,50,2,2,100,1,0,1,0,1,0,0,1,1,92.9,73.4,112.5,32.7,21.3,75,86.8,0,100,0,0,100,100,277,4,1,1,100,0,0,0,2,2,100,0,0,0,0,0,0,1,2,2,100,106.4,34.7,0,0,144.7,132.4,0,0,0,0,0,0,2,1,50,0,0,0,0,1,1,100,0,0,0,0,0,0,0,1,0,0
Nottingham Hoods,"T. Bonsu, A. Adedo, D. Nixon Ii, K. Bartholomew, T. Williams",1,33,4,2,2,100,0,0,0,0,0,0,0,0,0,1,0,0,0,0,1,104.7,139.6,69.8,17.2,34.4,100,100,50,0,0,0,0,0,208.3,2,1,1,100,0,0,0,0,0,0,0,0,0,0,0,0,0,0,0,100,100,0,0,0,208.3,0,1,1,100,1,1,100,0,0,0,0,0,0,0,0,0,0,1,1,100,0,0,0,0,0,0,0
Nottingham Hoods,"T. Bonsu, T. Bonsu, B. Johnson, L. Maitland, S. Akano",1,72,3,1,1,100,1,1,100,0,0,0,0,0,0,1,0,0,1,0,1,64,64,64,37.5,37.5,150,150,100,0,0,33.3,0,100,156.2,5,2,2,100,1,1,100,0,0,0,0,0,0,1,0,0,0,1,1,125,125,0,0,50,260.4,-104.2,0,0,0,0,0,0,1,1,100,1,0,0,0,1,1,100,0,0,0,1,1,100,0,0,0,0
Nottingham Hoods,"T. Bonsu, J. Griffith, K. Bartholomew, K. Bartholomew, T. Williams",1,46,2,0,0,0,0,0,0,2,2,100,0,0,0,0,1,0,1,0,1,97.2,94.2,100.2,25.5,24.0,0,113.6,0,0,0,53.2,0,0,110.8,0,0,0,0,0,0,0,0,0,0,0,0,0,0,0,0,2,1,1,0,0,100,0,0,0,110.8,0,0,0,0,0,0,0,0,0,0,0,0,1,0,0,0,0,0,0,0,0,0,1,1,0,0
Nottingham Hoods,"T. Bonsu, L. Maitland, D. Nixon Ii, K. Bartholomew, E. Bailey",1,81,3,1,2,50,1,2,50,0,0,0,0,0,0,1,0,0,0,0,1,69.4,56.9,81.9,42.2,29.3,75,75,100,0,0,0,0,100,156.2,7,2,2,100,1,1,100,2,2,100,0,1,1,1,0,0,0,0,2,125,121.5,0,0,50,253.2,-96.9,0,0,0,0,0,0,2,1,50,0,0,0,0,1,1,100,0,0,0,1,1,100,0,0,0,0
Nottingham Hoods,"T. Bonsu, K. Bartholomew, T. Williams, S. Akano, M. Savery-Richards",1,88,2,1,2,50,0,1,0,0,0,0,0,0,0,1,0,0,0,1,1,39.3,52.4,26.2,45.8,91.7,50,50,100,0,0,0,0,50,104.2,0,0,0,0,0,0,0,0,0,0,0,1,1,0,0,0,1,0,0,0,0,100,0,0,0,104.2,1,1,100,0,0,0,1,0,0,0,0,0,0,0,0,0,0,0,0,0,0,0,0,1,0,0
Nottingham Hoods,"T. Williams, C. Ross, T. Bonsu, B. Johnson, K. Bartholomew",1,49,4,1,2,50,0,0,0,2,2,100,1,1,2,1,0,0,0,0,1,114.7,88.4,141.1,27.1,17.0,50,69.4,100,100,100,0,100,0,221.6,4,2,3,66.7,0,1,0,0,0,0,0,0,0,0,0,0,0,1,2,66.7,66.7,0,0,33.3,138.9,82.7,0,0,0,2,1,50,0,0,0,0,0,0,0,2,2,100,0,0,0,1,0,0,0,0,0,0
Nottingham Hoods,"T. Williams, C. Ross, T. Bonsu, E. Bailey, S. Akano",1,42,2,1,1,100,0,0,0,0,0,0,0,0,0,1,0,0,1,1,1,57.7,109.7,5.7,21.9,420.0,100,100,100,0,0,33.3,0,0,104.2,0,0,0,0,0,0,0,0,0,0,0,0,0,0,1,0,0,0,0,0,0,0,0,0,0,104.2,1,1,100,0,0,0,0,0,0,0,1,0,0,0,0,0,0,0,0,0,0,0,0,0,1,0
Nottingham Hoods,"T. Williams, C. Ross, L. Maitland, D. Nixon Ii, E. Bailey",1,48,0,0,1,0,0,1,0,0,0,0,0,0,0,0,0,0,1,0,1,72,96,48,25.0,50.0,0,0,0,0,0,50,0,100,0,3,1,1,100,1,1,100,0,0,0,0,1,1,1,1,0,0,0,0,150,150,0,0,100,312.5,-312.5,0,0,0,0,0,0,1,0,0,1,0,0,0,0,0,0,0,0,0,1,1,100,0,0,0,0
Nottingham Hoods,"T. Williams, A. Thomson, T. Bonsu, D. Nixon Ii, S. Akano",1,81,0,0,4,0,0,3,0,0,0,0,2,0,2,0,1,0,0,2,1,56.9,56.9,56.9,42.2,42.2,0,0,0,50,0,0,0,75,0,2,1,1,100,0,0,0,0,0,0,0,2,2,0,0,0,1,0,1,100,100,50,0,0,104.2,-104.2,1,0,0,0,0,0,3,0,0,0,0,0,0,1,1,100,0,0,0,0,0,0,0,1,0,0
Nottingham Hoods,"T. Williams, A. Thomson, D. Nixon Ii, E. Bailey, S. Akano",1,51,0,0,2,0,0,0,0,0,0,0,0,0,0,0,0,0,0,1,1,90.4,90.4,90.4,26.6,26.6,0,0,0,0,0,0,0,0,0,4,2,3,66.7,0,1,0,0,0,0,1,1,2,0,0,1,0,0,1,66.7,66.7,0,100,33.3,208.3,-208.3,2,0,0,0,0,0,0,0,0,0,0,0,0,1,1,100,1,1,100,1,0,0,0,0,0,0
Nottingham Hoods,"T. Williams, A. Adedo, K. Bartholomew, A. Sandu-Nelson, M. Savery-Richards",1,38,2,1,2,50,0,1,0,0,0,0,0,1,1,1,0,0,0,0,1,151.6,121.3,181.9,19.8,13.2,50,50,100,0,100,0,0,50,104.2,4,2,3,66.7,0,1,0,0,0,0,0,1,1,1,0,0,0,0,2,66.7,66.7,0,0,33.3,138.9,-34.7,1,1,100,0,0,0,1,0,0,0,0,0,0,2,2,100,0,0,0,1,0,0,0,0,0,0
Nottingham Hoods,"T. Williams, T. Bonsu, J. Griffith, D. Nixon Ii, A. Sandu-Nelson",1,59,1,0,1,0,0,0,0,1,2,50,0,0,0,0,0,0,0,0,1,56.2,73.4,39.1,32.7,61.5,0,26.6,0,0,0,0,200,0,55.4,2,1,1,100,0,0,0,0,0,0,0,0,0,0,0,0,0,1,0,100,100,0,0,0,208.3,-152.9,0,0,0,1,0,0,0,0,0,0,0,0,0,1,1,100,0,0,0,0,0,0,0,0,0,0
Nottingham Hoods,"T. Williams, T. Bonsu, B. Johnson, L. Maitland, K. Bartholomew",1,69,2,1,5,20,0,1,0,0,0,0,3,0,3,1,1,0,0,2,1,66.8,66.8,66.8,35.9,35.9,20,20,100,75,0,0,0,20,104.2,3,1,1,100,1,1,100,0,0,0,0,1,1,1,0,1,1,0,1,150,150,50,0,100,156.2,-52.1,3,1,33.3,1,0,0,1,0,0,0,0,0,0,0,0,0,0,0,0,1,1,100,1,0,0,0
Nottingham Hoods,"T. Williams, L. Maitland, D. Nixon Ii, E. Bailey, S. Akano",1,65,3,1,2,50,1,2,50,0,0,0,0,0,0,0,0,0,0,0,1,70.9,70.9,70.9,33.9,33.9,75,75,0,0,0,0,0,100,156.2,4,2,2,100,0,0,0,0,0,0,0,1,1,2,0,0,0,0,1,100,100,0,0,0,208.3,-52.1,0,0,0,0,0,0,2,1,50,0,0,0,0,2,2,100,0,0,0,0,0,0,0,0,0,0
Nottingham Hoods,"T. Williams, T. Williams, E. Bailey, S. Akano, M. Savery-Richards",1,69,2,1,2,50,0,1,0,0,0,0,0,1,1,1,0,0,0,1,1,66.8,66.8,66.8,35.9,35.9,50,50,100,0,50,0,0,50,104.2,3,1,3,33.3,1,3,33.3,0,0,0,1,1,2,1,0,0,0,0,1,50,50,0,50,100,156.2,-52.1,0,0,0,1,1,100,1,0,0,0,0,0,0,0,0,0,0,0,0,3,1,33.3,0,0,0,0
Nottingham Hoods,"C. Ross, T. Bonsu, K. Bartholomew, A. Sandu-Nelson, S. Akano",1,37,0,0,2,0,0,2,0,0,0,0,0,2,2,0,0,0,0,0,1,124.5,124.5,124.5,19.3,19.3,0,0,0,0,100,0,0,100,0,0,0,2,0,0,0,0,0,0,0,0,2,2,0,0,0,0,0,1,0,0,0,0,0,0,0,0,0,0,0,0,0,2,0,0,0,0,0,0,0,0,0,2,0,0,0,0,0,0,0,0,0
Nottingham Hoods,"C. Ross, L. Maitland, D. Nixon Ii, E. Bailey, S. Akano",1,44,3,1,2,50,1,1,100,0,0,0,0,0,0,1,0,0,0,0,1,104.7,104.7,104.7,22.9,22.9,75,75,100,0,0,0,0,50,156.2,2,1,1,100,0,0,0,0,0,0,0,0,0,0,0,0,1,0,1,100,100,50,0,0,104.2,52.1,1,0,0,0,0,0,1,1,100,0,0,0,0,1,1,100,0,0,0,0,0,0,0,1,0,0
Nottingham Hoods,"A. Adedo, S. Jamison, B. Johnson, E. Bailey, S. Akano",1,69,0,0,1,0,0,1,0,0,0,0,0,1,1,0,0,0,1,1,1,66.8,66.8,66.8,35.9,35.9,0,0,0,0,100,50,0,100,0,3,1,2,50,1,1,100,0,0,0,0,0,0,1,0,0,0,0,1,75,75,0,0,50,156.2,-156.2,0,0,0,0,0,0,1,0,0,0,1,0,0,1,0,0,0,0,0,1,1,100,0,0,0,0
Nottingham Hoods,"A. Adedo, B. Johnson, A. Sandu-Nelson, S. Akano, M. Savery-Richards",1,78,0,0,1,0,0,0,0,0,0,0,0,2,2,0,0,0,1,0,1,73.8,59.1,88.6,40.6,27.1,0,0,0,0,100,50,0,0,0,2,1,3,33.3,0,1,0,0,0,0,0,1,1,0,1,1,0,2,2,33.3,33.3,0,0,33.3,69.4,-69.4,1,0,0,0,0,0,0,0,0,1,0,0,0,2,1,50,0,0,0,1,0,0,0,0,0,0
Nottingham Hoods,"T. Bonsu, J. Griffith, D. Nixon Ii, E. Bailey, S. Akano",1,63,1,0,1,0,0,0,0,1,2,50,0,0,0,0,1,0,0,0,1,89.2,68.8,109.7,34.9,21.9,0,26.6,0,0,0,0,200,0,55.4,0,0,2,0,0,1,0,0,0,0,1,1,2,0,0,0,2,1,2,0,0,50,100,50,0,55.4,0,0,0,1,0,0,0,0,0,0,0,0,0,1,0,0,0,0,0,1,0,0,1,0,0,1
Nottingham Hoods,"K. Bartholomew, A. Sandu-Nelson, T. Williams, S. Akano, M. Savery-Richards",1,25,3,0,0,0,0,0,0,3,4,75,0,0,0,0,0,0,0,0,1,127.2,162.2,92.2,14.8,26.0,0,85.2,0,0,0,0,0,0,177.6,2,1,1,100,0,0,0,0,0,0,0,0,0,0,0,0,0,1,0,100,100,0,0,0,208.3,-30.8,0,0,0,0,0,0,0,0,0,0,0,0,0,1,1,100,0,0,0,0,0,0,0,0,0,0
Nottingham Hoods,"K. Bartholomew, T. Williams, S. Akano, M. Savery-Richards, C. Ross",1,52,3,1,1,100,1,1,100,0,0,0,0,1,1,1,0,0,1,1,1,88.6,88.6,88.6,27.1,27.1,150,150,100,0,100,33.3,0,100,156.2,3,1,2,50,1,2,50,0,0,0,0,0,0,1,1,0,0,1,1,75,75,0,0,100,156.2,0,0,0,0,0,0,0,1,1,100,0,1,0,0,0,0,0,0,0,0,2,1,50,0,0,0,0
Reading Rockets,"M. Bryant, J. Waterhouse, C. Creek, Z. Poorman, S. Chamberlain",1,56,0,0,1,0,0,1,0,0,0,0,0,0,0,0,0,0,1,1,1,61.7,82.3,41.1,29.2,58.3,0,0,0,0,0,50,0,100,0,3,1,1,100,1,1,100,0,0,0,0,0,0,1,1,0,0,0,0,150,150,0,0,100,312.5,-312.5,0,0,0,0,0,0,1,0,0,1,0,0,0,0,0,0,0,0,0,1,1,100,0,0,0,0
Reading Rockets,"M. Bryant, J. Waterhouse, C. Creek, V. Olarerin, S. Chamberlain",1,47,1,0,1,0,0,0,0,1,1,100,0,0,0,0,0,0,0,0,1,81.4,70.6,92.2,34.0,26.0,0,34.7,0,0,0,0,100,0,72.3,1,0,1,0,0,0,0,1,2,50,1,1,2,1,0,0,1,0,1,0,26.6,34.7,100,0,55.4,16.9,0,0,0,1,0,0,0,0,0,0,0,0,0,0,0,0,1,0,0,0,0,0,0,1,0,0
Reading Rockets,"M. Bryant, J. Waterhouse, J. Bouknight, V. Olarerin, S. Chamberlain",1,39,3,0,0,0,0,0,0,3,4,75,0,1,1,0,0,0,0,0,1,111.1,104,118.2,23.1,20.3,0,85.2,0,0,100,0,0,0,177.6,0,0,2,0,0,1,0,0,0,0,0,1,1,0,0,0,0,1,1,0,0,0,0,50,0,177.6,0,0,0,0,0,0,0,0,0,0,0,0,0,1,0,0,0,0,0,1,0,0,0,0,0,0
Reading Rockets,"M. Bryant, T. Nsangu, C. Creek, Y. Salih, Z. Poorman",1,49,0,0,1,0,0,0,0,0,0,0,0,0,0,0,0,1,1,1,1,94,94,94,25.5,25.5,0,0,0,0,0,50,0,0,0,3,1,2,50,1,1,100,0,0,0,0,1,1,1,1,0,0,0,1,75,75,0,0,50,156.2,-156.2,0,0,0,1,0,0,0,0,0,1,0,0,0,1,0,0,0,0,0,1,1,100,0,0,0,0
Reading Rockets,"M. Bryant, T. Nsangu, Z. Poorman, V. Olarerin, S. Chamberlain",1,53,3,1,2,50,0,0,0,1,1,100,1,0,1,0,0,0,0,3,1,53,62.6,43.5,38.3,55.2,50,61.5,0,100,0,0,50,0,217,0,0,1,0,0,1,0,0,0,0,0,0,0,0,0,0,0,1,0,0,0,0,0,100,0,217,2,1,50,0,0,0,0,0,0,0,0,0,0,0,0,0,0,0,0,1,0,0,0,0,0,0
Reading Rockets,"M. Bryant, C. Creek, M. Hassan-Taylor, Y. Salih, E. Harrington",1,23,1,0,2,0,0,2,0,1,1,100,1,1,2,0,0,1,0,0,1,122.2,144.3,100.2,16.6,24.0,0,20.5,0,50,100,0,50,100,72.3,0,0,1,0,0,0,0,0,0,0,0,1,1,0,0,0,0,1,0,0,0,0,0,0,0,72.3,0,0,0,0,0,0,2,0,0,0,0,0,0,1,0,0,0,0,0,0,0,0,0,0,0,0
Reading Rockets,"M. Bryant, M. Daines, Y. Salih, Z. Poorman, V. Olarerin",1,55,2,1,2,50,0,1,0,0,0,0,0,0,0,1,0,0,0,0,1,81.3,83.8,78.8,28.6,30.5,50,50,100,0,0,0,0,50,104.2,3,1,1,100,0,0,0,1,2,50,0,1,1,0,0,0,0,1,1,100,79.8,0,0,0,166.2,-62.1,1,1,100,0,0,0,1,0,0,0,0,0,0,1,1,100,0,0,0,0,0,0,0,0,0,0
Reading Rockets,"J. Waterhouse, T. Nsangu, L. Sayles, M. Hassan-Taylor, V. Olarerin",1,45,0,0,0,0,0,0,0,0,0,0,0,0,0,0,0,0,2,2,1,96.3,102.4,90.1,23.4,26.6,0,0,0,0,0,100,0,0,0,3,0,1,0,0,1,0,3,4,75,1,0,1,0,0,0,0,0,1,0,54.3,0,100,100,177.6,-177.6,0,0,0,0,0,0,0,0,0,0,0,0,1,0,0,0,0,0,0,1,0,0,0,0,0,0
Reading Rockets,"J. Waterhouse, L. Sayles, M. Daines, V. Olarerin, S. Chamberlain",1,68,4,2,4,50,0,0,0,0,0,0,2,0,2,1,1,0,0,0,1,67.8,67.8,67.8,35.4,35.4,50,50,50,100,0,0,0,0,208.3,3,1,1,100,1,1,100,0,0,0,0,0,0,0,0,0,1,1,1,150,150,50,0,100,156.2,52.1,4,2,50,0,0,0,0,0,0,0,0,0,0,0,0,0,0,0,0,1,1,100,1,0,0,0
Reading Rockets,"J. Waterhouse, M. Hassan-Taylor, M. Daines, Y. Salih, V. Olarerin",1,36,2,0,1,0,0,1,0,2,2,100,0,1,1,0,0,0,0,1,1,92.2,120.3,64,19.9,37.5,0,53.2,0,0,100,0,200,100,110.8,0,0,1,0,0,1,0,0,0,0,0,1,1,0,0,0,0,0,0,0,0,0,0,100,0,110.8,0,0,0,0,0,0,1,0,0,0,0,0,0,0,0,0,0,0,0,1,0,0,0,0,0,0
Reading Rockets,"T. Nsangu, C. Creek, J. Bouknight, Y. Salih, V. Olarerin",1,86,2,1,3,33.3,0,2,0,0,0,0,1,0,1,0,0,0,0,1,1,52,53.6,50.4,44.8,47.7,33.3,33.3,0,100,0,0,0,66.7,104.2,4,1,1,100,0,0,0,2,2,100,0,0,0,2,0,0,0,0,1,100,106.4,0,0,0,221.6,-117.5,1,1,100,0,0,0,2,0,0,0,0,0,0,1,1,100,0,0,0,0,0,0,0,0,0,0
Reading Rockets,"T. Nsangu, C. Creek, E. Harrington, V. Olarerin, S. Chamberlain",1,19,2,1,1,100,0,0,0,0,0,0,0,0,0,0,0,0,1,0,1,242.5,242.5,242.5,9.9,9.9,100,100,0,0,0,50,0,0,104.2,4,2,2,100,0,0,0,0,0,0,0,0,0,1,1,0,0,0,1,100,100,0,0,0,208.3,-104.2,1,1,100,0,0,0,0,0,0,0,1,0,0,2,2,100,0,0,0,0,0,0,0,0,0,0
Reading Rockets,"T. Nsangu, J. Bouknight, Z. Poorman, E. Harrington, V. Olarerin",1,85,2,1,1,100,0,0,0,0,0,0,0,0,0,1,0,0,1,0,1,54.2,54.2,54.2,44.3,44.3,100,100,100,0,0,33.3,0,0,104.2,3,1,3,33.3,1,1,100,0,0,0,1,0,1,1,0,0,0,0,1,50,50,0,100,33.3,156.2,-52.1,0,0,0,1,1,100,0,0,0,0,1,0,0,0,0,0,2,0,0,1,1,100,0,0,0,0
Reading Rockets,"T. Nsangu, J. Bouknight, Z. Poorman, E. Harrington, S. Chamberlain",1,69,2,1,2,50,0,1,0,0,0,0,0,2,2,1,0,0,0,0,1,64.8,66.8,62.8,35.9,38.2,50,50,100,0,100,0,0,50,104.2,1,0,1,0,0,1,0,1,2,50,0,0,0,0,0,0,0,0,1,0,26.6,0,0,100,55.4,48.8,1,1,100,0,0,0,1,0,0,0,0,0,0,0,0,0,0,0,0,1,0,0,0,0,0,0
Reading Rockets,"L. Sayles, C. Creek, J. Bouknight, Y. Salih, V. Olarerin",1,43,4,2,3,66.7,0,0,0,0,0,0,1,0,1,0,1,0,0,0,1,107.2,107.2,107.2,22.4,22.4,66.7,66.7,0,100,0,0,0,0,208.3,0,0,1,0,0,0,0,0,0,0,1,0,1,0,0,0,2,0,1,0,0,66.7,100,0,0,208.3,2,2,100,1,0,0,0,0,0,0,0,0,0,0,0,0,1,0,0,0,0,0,1,1,0,0
Reading Rockets,"L. Sayles, M. Hassan-Taylor, Y. Salih, E. Harrington, S. Chamberlain",1,37,2,0,2,0,0,2,0,2,3,66.7,2,0,2,0,0,0,0,0,1,103.4,82.2,124.5,29.2,19.3,0,30.1,0,100,0,0,150,100,157.8,3,1,2,50,1,2,50,0,0,0,0,0,0,1,0,0,0,1,1,75,75,0,0,100,156.2,1.6,0,0,0,0,0,0,2,0,0,0,0,0,0,0,0,0,0,0,0,2,1,50,0,0,0,0
Worthing Thunder,"D. Evans, E. Maynard, A. Scarborough, E. Dadds, A. Price",1,48,5,2,3,66.7,1,1,100,0,0,0,1,1,2,1,0,1,0,1,1,96,96,96,25.0,25.0,83.3,83.3,50,100,33.3,0,0,33.3,260.4,0,0,4,0,0,0,0,0,0,0,2,0,2,0,0,0,0,0,1,0,0,0,66.7,0,0,260.4,1,1,100,1,0,0,1,1,100,0,0,0,0,4,0,0,0,0,0,0,0,0,0,0,0,0
Worthing Thunder,"D. Evans, T. Mcindoe, B. Adeluola, E. Dadds, B. Lomeka",1,35,0,0,1,0,0,1,0,0,0,0,0,1,1,0,0,0,1,1,1,127.7,131.7,123.8,18.2,19.4,0,0,0,0,100,50,0,100,0,2,0,1,0,0,1,0,2,2,100,0,0,0,0,1,0,0,0,1,0,53.2,0,0,100,110.8,-110.8,0,0,0,0,0,0,1,0,0,0,1,0,0,0,0,0,0,0,0,1,0,0,0,0,0,0
Worthing Thunder,"C. Mcavoy-Smith, E. Maynard, A. Scarborough, A. Price, B. Lomeka",1,34,2,1,1,100,0,0,0,0,0,0,0,1,1,0,0,0,1,0,1,165.3,135.5,195.2,17.7,12.3,100,100,0,0,100,50,0,0,104.2,4,1,2,50,1,1,100,1,2,50,0,0,0,1,0,0,0,0,2,75,69.4,0,0,50,144.7,-40.5,1,1,100,0,0,0,0,0,0,0,1,0,0,1,0,0,0,0,0,1,1,100,0,0,0,0
Worthing Thunder,"M. Bryan-Amaning, J. Hopkins, A. Scarborough, B. Adeluola, E. Dadds",1,61,2,1,2,50,0,0,0,0,0,0,0,0,0,0,0,0,0,0,1,75.5,75.5,75.5,31.8,31.8,50,50,0,0,0,0,0,0,104.2,2,1,1,100,0,0,0,0,0,0,0,0,0,0,0,0,1,0,1,100,100,50,0,0,104.2,0,1,0,0,1,1,100,0,0,0,0,0,0,0,1,1,100,0,0,0,0,0,0,0,0,0,1
Yorkshire Dragons,"R. Ani, D. Ulph, B. Tew, E. Brownell, N. Lewis",1,31,0,0,0,0,0,0,0,0,0,0,0,0,0,0,1,0,2,1,1,148.6,148.6,148.6,16.1,16.1,0,0,0,0,0,100,0,0,0,0,0,1,0,0,1,0,0,0,0,0,0,0,0,0,0,1,1,1,0,0,50,0,100,0,0,0,0,0,0,0,0,0,0,0,0,0,0,1,0,0,0,0,0,0,1,0,0,1,0,0,0
Yorkshire Dragons,"R. Ani, D. Ulph, B. Tew, J. Whelan, J. Mielke",1,60,2,1,2,50,0,0,0,0,0,0,1,0,1,0,0,0,1,0,1,76.8,76.8,76.8,31.2,31.2,50,50,0,100,0,33.3,0,0,104.2,2,1,2,50,0,1,0,0,0,0,0,0,0,1,1,0,0,0,1,50,50,0,0,50,104.2,0,2,1,50,0,0,0,0,0,0,1,0,0,0,1,1,100,0,0,0,1,0,0,0,0,0,0
Yorkshire Dragons,"R. Ani, E. Brownell, L. Rooney, J. Mielke, A. Lycoudis",1,45,0,0,1,0,0,1,0,0,0,0,0,0,0,0,0,0,1,0,1,99.3,102.4,96.3,23.4,24.9,0,0,0,0,0,50,0,100,0,3,1,1,100,0,0,0,1,2,50,0,1,1,0,1,0,0,0,1,100,79.8,0,0,0,166.2,-166.2,0,0,0,0,0,0,1,0,0,1,0,0,0,1,1,100,0,0,0,0,0,0,0,0,0,0
Yorkshire Dragons,"D. Ulph, A. Lycoudis, B. Tew, L. Rooney, C. Johnson",1,29,0,0,0,0,0,0,0,0,0,0,0,1,1,0,0,1,2,0,1,158.9,158.9,158.9,15.1,15.1,0,0,0,0,50,100,0,0,0,2,1,3,33.3,0,0,0,0,0,0,1,0,1,0,2,0,0,0,1,33.3,33.3,0,50,0,104.2,-104.2,0,0,0,0,0,0,0,0,0,0,2,0,0,1,1,100,2,0,0,0,0,0,0,0,0,0
Yorkshire Dragons,"D. Ulph, A. Lycoudis, L. Rooney, J. Mielke, C. Johnson",1,52,3,1,2,50,1,2,50,0,0,0,0,0,0,1,0,0,0,0,1,108.1,88.6,127.6,27.1,18.8,75,75,100,0,0,0,0,100,156.2,2,0,0,0,0,0,0,2,2,100,0,0,0,0,0,0,2,1,2,0,113.6,69.4,0,0,72.3,83.9,0,0,0,0,0,0,2,1,50,0,0,0,0,0,0,0,0,0,0,0,0,0,0,0,0,1
Yorkshire Dragons,"D. Ulph, B. Tew, J. Mielke, A. Lycoudis, C. Johnson",1,32,2,0,1,0,0,1,0,2,2,100,0,2,2,0,0,1,0,1,1,171.4,135.4,207.4,17.7,11.6,0,53.2,0,0,66.7,0,200,100,110.8,2,0,3,0,0,2,0,2,2,100,1,1,2,0,0,0,0,2,2,0,25.8,0,33.3,66.7,72.3,38.5,0,0,0,0,0,0,1,0,0,0,0,0,0,1,0,0,0,0,0,2,0,0,0,0,0,0
Yorkshire Dragons,"D. Ulph, E. Brownell, J. Mielke, S. Mamuini, N. Lewis",1,61,0,0,3,0,0,3,0,0,0,0,1,0,1,0,0,0,0,0,1,75.5,75.5,75.5,31.8,31.8,0,0,0,33.3,0,0,0,100,0,3,1,2,50,1,2,50,0,0,0,0,2,2,0,0,0,0,0,1,75,75,0,0,100,156.2,-156.2,0,0,0,0,0,0,3,0,0,0,0,0,0,0,0,0,0,0,0,2,1,50,0,0,0,0
Yorkshire Dragons,"D. Ulph, L. Rooney, J. Jefferson, J. Mielke, C. Johnson",1,67,0,0,1,0,0,0,0,0,0,0,0,0,0,0,0,0,1,0,1,103.2,68.8,137.6,34.9,17.4,0,0,0,0,0,50,0,0,0,3,1,1,100,1,1,100,0,0,0,0,1,1,1,1,0,3,1,3,150,150,75,0,100,78.1,-78.1,1,0,0,0,0,0,0,0,0,1,0,0,0,0,0,0,0,0,0,1,1,100,1,0,0,1
Yorkshire Dragons,"E. Brownell, J. Whelan, L. Rooney, J. Mielke, A. Lycoudis",1,36,2,1,2,50,0,1,0,0,0,0,0,0,0,1,0,0,0,2,1,92.2,128,56.3,18.8,42.6,50,50,100,0,0,0,0,50,104.2,1,0,0,0,0,0,0,1,2,50,0,1,1,0,0,0,0,0,0,0,56.8,0,0,0,118.4,-14.2,1,1,100,0,0,0,1,0,0,0,0,0,0,0,0,0,0,0,0,0,0,0,0,0,0,0
Birmingham Rockets,"R. Blain, P. Basioudis, Z. Powell, L. Duru, E. Donaldson",1,8,0,0,0,0,0,0,0,0,1,0,0,1,1,0,0,0,0,0,0,207.4,126.7,288,18.9,8.3,0,0,0,0,100,0,0,0,0,0,0,1,0,0,0,0,0,0,0,0,1,1,0,0,0,0,0,0,0,0,0,0,0,0,0,0,0,0,0,0,0,0,0,0,0,0,0,0,1,0,0,0,0,0,0,0,0,0,0,0,0
Birmingham Rockets,"R. Blain, O. Jackman, L. Okosieme, E. Donaldson, F. Mughaal",1,37,3,1,1,100,1,1,100,0,0,0,0,0,0,1,0,0,0,0,0,58.5,62.3,54.8,38.5,43.8,150,150,100,0,0,0,0,100,312.5,1,0,0,0,0,0,0,1,2,50,0,0,0,0,0,0,0,0,0,0,56.8,0,0,0,118.4,194.1,0,0,0,0,0,0,1,1,100,0,0,0,0,0,0,0,0,0,0,0,0,0,0,0,0,0
Birmingham Rockets,"R. Blain, O. Jackman, E. Donaldson, A. Mutothori, M. Gayle",1,8,2,1,1,100,0,0,0,0,0,0,0,0,0,1,0,0,0,0,0,270.7,288,253.4,8.3,9.5,100,100,100,0,0,0,0,0,208.3,2,0,0,0,0,0,0,2,2,100,0,0,0,0,0,0,0,0,0,0,113.6,0,0,0,236.7,-28.4,0,0,0,1,1,100,0,0,0,0,0,0,0,0,0,0,0,0,0,0,0,0,0,0,0,0
Birmingham Rockets,"R. Blain, L. Okosieme, E. Donaldson, A. Mutothori, F. Mughaal",1,2,0,0,0,0,0,0,0,0,0,0,0,0,0,0,0,0,0,1,0,636,120,1152,20.0,2.1,0,0,0,0,0,0,0,0,0,0,0,1,0,0,1,0,0,0,0,0,0,0,0,0,0,0,0,0,0,0,0,0,100,0,0,0,0,0,0,0,0,0,0,0,0,0,0,0,0,0,0,0,0,0,1,0,0,0,0,0,0
Birmingham Rockets,"R. Blain, E. Donaldson, L. Mcgregor, F. Mughaal, M. Gayle",1,5,0,0,0,0,0,0,0,0,0,0,0,0,0,0,0,0,0,0,0,254.4,48,460.8,50.0,5.2,0,0,0,0,0,0,0,0,0,2,1,2,50,0,0,0,0,0,0,1,0,1,0,0,0,0,0,0,50,50,0,100,0,208.3,-208.3,0,0,0,0,0,0,0,0,0,0,0,0,0,2,1,50,0,0,0,0,0,0,0,0,0,0
Birmingham Rockets,"P. Basioudis, L. Duru, L. Okosieme, A. Mutothori, M. Gayle",1,12,0,0,0,0,0,0,0,0,0,0,0,0,0,0,0,0,0,0,0,20,20,20,120.0,120.0,0,0,0,0,0,0,0,0,0,0,0,0,0,0,0,0,0,0,0,0,0,0,0,0,0,0,0,0,0,0,0,0,0,0,0,0,0,0,0,0,0,0,0,0,0,0,0,0,0,0,0,0,0,0,0,0,0,0,0,0,0
Birmingham Rockets,"T. Grayling, Z. Powell, A. Mutothori, F. Mughaal, M. Gayle",1,27,2,1,1,100,0,0,0,0,0,0,0,1,1,0,0,0,0,0,0,85.3,85.3,85.3,28.1,28.1,100,100,0,0,100,0,0,0,208.3,0,0,1,0,0,0,0,0,0,0,0,0,0,0,0,0,0,0,0,0,0,0,0,0,0,208.3,1,1,100,0,0,0,0,0,0,0,0,0,0,0,0,0,1,0,0,0,0,0,0,0,0,0
Birmingham Rockets,"T. Grayling, L. Duru, A. Mutothori, F. Mughaal, M. Gayle",1,36,0,0,1,0,0,0,0,0,0,0,0,1,1,0,0,0,0,1,0,64,64,64,37.5,37.5,0,0,0,0,50,0,0,0,0,0,0,2,0,0,1,0,0,0,0,1,1,2,0,0,0,0,0,0,0,0,0,50,50,0,0,1,0,0,0,0,0,0,0,0,0,0,0,0,1,0,0,0,0,0,1,0,0,0,0,0,0
Birmingham Rockets,"T. Grayling, L. Okosieme, E. Donaldson, A. Mutothori, F. Mughaal",1,38,2,1,1,100,0,0,0,0,0,0,0,1,1,0,0,0,0,2,0,60.6,60.6,60.6,39.6,39.6,100,100,0,0,100,0,0,0,208.3,0,0,1,0,0,0,0,0,0,0,0,0,0,0,0,0,0,0,0,0,0,0,0,0,0,208.3,1,1,100,0,0,0,0,0,0,0,0,0,0,1,0,0,0,0,0,0,0,0,0,0,0,0
Birmingham Rockets,"T. Grayling, L. Okosieme, E. Donaldson, L. Mcgregor, F. Mughaal",1,48,3,1,1,100,1,1,100,0,0,0,0,1,1,1,0,0,0,0,0,72,48,96,50.0,25.0,150,150,100,0,100,0,0,100,312.5,3,1,2,50,1,2,50,0,0,0,0,0,0,1,0,0,0,0,1,75,75,0,0,100,156.2,156.2,0,0,0,0,0,0,1,1,100,0,0,0,1,0,0,0,0,0,0,2,1,50,0,0,0,0
Birmingham Rockets,"O. Jackman, Z. Powell, L. Okosieme, F. Mughaal, M. Gayle",1,14,0,0,0,0,0,0,0,0,0,0,0,0,0,0,0,0,0,0,0,17.1,17.1,17.1,140.0,140.0,0,0,0,0,0,0,0,0,0,0,0,0,0,0,0,0,0,0,0,0,0,0,0,0,0,0,0,0,0,0,0,0,0,0,0,0,0,0,0,0,0,0,0,0,0,0,0,0,0,0,0,0,0,0,0,0,0,0,0,0,0
Birmingham Rockets,"Z. Powell, L. Duru, L. Mcgregor, F. Mughaal, M. Gayle",1,19,2,1,1,100,0,0,0,0,0,0,0,0,0,1,0,0,0,1,0,66.9,121.3,12.6,19.8,190.0,100,100,100,0,0,0,0,0,208.3,0,0,0,0,0,0,0,0,0,0,0,0,0,0,0,0,0,0,0,0,0,0,0,0,0,208.3,0,0,0,1,1,100,0,0,0,0,0,0,0,0,0,0,0,0,0,0,0,0,0,0,0,0
Birmingham Rockets,"L. Okosieme, E. Donaldson, L. Mcgregor, F. Mughaal, M. Gayle",1,59,3,1,2,50,1,2,50,0,0,0,1,0,1,0,1,0,0,0,0,78.1,39.1,117.2,61.5,20.5,75,75,0,100,0,0,0,100,312.5,0,0,0,0,0,0,0,0,0,0,0,0,0,0,0,0,3,3,2,0,0,100,0,0,0,312.5,0,0,0,0,0,0,2,1,50,0,0,1,0,0,0,0,0,0,0,0,0,0,2,0,0,1
Bristol Flyers II,"Y. Hafid, L. Ayinla, R. Eigbe, Z. Riabi, N. Sagkovits",1,1,0,0,0,0,0,0,0,0,0,0,0,0,0,0,0,0,0,0,0,240,240,240,10.0,10.0,0,0,0,0,0,0,0,0,0,0,0,0,0,0,0,0,0,0,0,0,0,0,0,0,0,0,0,0,0,0,0,0,0,0,0,0,0,0,0,0,0,0,0,0,0,0,0,0,0,0,0,0,0,0,0,0,0,0,0,0,0
Bristol Flyers II,"Y. Hafid, L. Ayinla, R. Eigbe, N. Sagkovits, E. Ekwegh",1,21,0,0,0,0,0,0,0,0,0,0,0,0,0,0,0,0,1,1,0,60.6,109.7,11.4,21.9,210.0,0,0,0,0,0,100,0,0,0,0,0,0,0,0,0,0,0,0,0,0,0,0,0,0,0,0,0,0,0,0,0,0,0,0,0,0,0,0,0,0,0,0,0,0,1,0,0,0,0,0,0,0,0,0,0,0,0,0,0,0,0
Bristol Flyers II,"Y. Hafid, L. Ayinla, R. Eigbe, N. Sagkovits, R. Bawden",1,16,0,0,0,0,0,0,0,0,0,0,0,0,0,0,0,0,1,0,0,79.5,144,15,16.7,160.0,0,0,0,0,0,100,0,0,0,0,0,0,0,0,0,0,0,0,0,0,0,0,0,0,0,0,1,0,0,0,0,0,0,0,0,0,0,0,0,0,0,0,0,0,0,1,0,0,0,0,0,0,0,0,0,0,0,0,0,0,0
Bristol Flyers II,"Y. Hafid, L. Ayinla, Z. Riabi, N. Ladjimi, W. Simba",1,29,0,0,1,0,0,0,0,0,0,0,0,0,0,0,0,0,0,1,0,74.7,79.4,69.9,30.2,34.3,0,0,0,0,0,0,0,0,0,2,0,0,0,0,0,0,2,2,100,0,1,1,0,0,0,0,0,0,0,113.6,0,0,0,236.7,-236.7,1,0,0,0,0,0,0,0,0,0,0,0,0,0,0,0,0,0,0,0,0,0,0,0,0,0
Bristol Flyers II,"Y. Hafid, L. Ayinla, Z. Riabi, W. Simba, T. Browne",1,16,0,0,0,0,0,0,0,0,0,0,0,0,0,0,0,0,0,0,0,70.9,15,126.7,160.0,18.9,0,0,0,0,0,0,0,0,0,1,0,0,0,0,0,0,1,2,50,0,0,0,0,0,0,0,0,0,0,56.8,0,0,0,118.4,-118.4,0,0,0,0,0,0,0,0,0,0,0,0,0,0,0,0,0,0,0,0,0,0,0,0,0,0
Bristol Flyers II,"Y. Hafid, R. Price, J. Craggs, N. Ladjimi, E. Ekwegh",1,29,3,1,1,100,1,1,100,0,0,0,0,0,0,1,0,0,0,1,0,43.9,79.4,8.3,30.2,290.0,150,150,100,0,0,0,0,100,312.5,0,0,0,0,0,0,0,0,0,0,0,0,0,0,0,0,0,0,0,0,0,0,0,0,0,312.5,0,0,0,0,0,0,1,1,100,0,0,0,0,0,0,0,0,0,0,0,0,0,0,0,0,0
Bristol Flyers II,"Y. Hafid, R. Price, J. Craggs, L. Matthews, T. Browne",1,32,0,0,1,0,0,0,0,0,0,0,0,0,0,0,0,0,0,1,0,72,72,72,33.3,33.3,0,0,0,0,0,0,0,0,0,2,1,1,100,0,0,0,0,0,0,0,1,1,0,0,0,0,0,0,100,100,0,0,0,208.3,-208.3,0,0,0,1,0,0,0,0,0,0,0,0,0,1,1,100,0,0,0,0,0,0,0,0,0,0
Bristol Flyers II,"Y. Hafid, R. Price, J. Craggs, T. Browne, R. Bawden",1,38,0,0,1,0,0,1,0,0,0,0,0,0,0,0,0,0,0,0,0,60.6,60.6,60.6,39.6,39.6,0,0,0,0,0,0,0,100,0,0,0,2,0,0,1,0,0,0,0,1,1,2,0,0,0,0,0,0,0,0,0,100,50,0,0,0,0,0,0,0,0,1,0,0,0,0,0,0,1,0,0,0,0,0,1,0,0,0,0,0,0
Bristol Flyers II,"Y. Hafid, R. Price, Z. Riabi, T. Browne, R. Bawden",1,24,0,0,1,0,0,0,0,0,0,0,1,0,1,0,1,0,1,0,0,96,96,96,25.0,25.0,0,0,0,100,0,50,0,0,0,0,0,0,0,0,0,0,0,0,0,0,0,0,0,0,1,1,0,0,0,0,100,0,0,0,0,1,0,0,0,0,0,0,0,0,0,0,0,1,0,0,0,0,0,0,0,0,0,1,0,0,0
Bristol Flyers II,"Y. Hafid, J. Craggs, Z. Riabi, N. Sagkovits, N. Ladjimi",1,14,0,0,2,0,0,2,0,0,0,0,1,0,1,0,0,0,0,1,0,90.9,164.6,17.1,14.6,140.0,0,0,0,50,0,0,0,100,0,0,0,0,0,0,0,0,0,0,0,0,1,1,0,0,0,0,0,0,0,0,0,0,0,0,0,0,0,0,0,0,0,2,0,0,0,0,0,0,0,0,0,0,0,0,0,0,0,0,0,0,0
Bristol Flyers II,"Y. Hafid, J. Craggs, N. Sagkovits, T. Browne, E. Ekwegh",1,43,3,1,1,100,1,1,100,0,0,0,0,0,0,1,0,0,0,0,0,53.6,53.6,53.6,44.8,44.8,150,150,100,0,0,0,0,100,312.5,3,1,2,50,1,1,100,0,0,0,1,0,1,1,0,0,0,1,0,75,75,0,100,50,312.5,0,0,0,0,0,0,0,1,1,100,0,0,0,0,1,0,0,0,0,0,1,1,100,0,0,0,0
Bristol Flyers II,"Y. Hafid, J. Craggs, N. Ladjimi, A. Bhebhe, W. Simba",1,4,0,0,0,0,0,0,0,0,0,0,0,0,0,0,0,0,1,1,0,318,576,60,4.2,40.0,0,0,0,0,0,100,0,0,0,0,0,0,0,0,0,0,0,0,0,0,0,0,0,1,0,0,0,0,0,0,0,0,0,0,0,0,0,0,0,0,0,0,0,0,0,1,0,0,0,0,0,0,0,0,0,0,0,0,0,0,0
Bristol Flyers II,"Y. Hafid, J. Craggs, A. Bhebhe, T. Browne, E. Ekwegh",1,20,0,0,0,0,0,0,0,0,0,0,0,0,0,0,0,0,0,0,0,12,12,12,200.0,200.0,0,0,0,0,0,0,0,0,0,0,0,0,0,0,0,0,0,0,0,0,0,0,0,0,0,0,0,0,0,0,0,0,0,0,0,0,0,0,0,0,0,0,0,0,0,0,0,0,0,0,0,0,0,0,0,0,0,0,0,0,0
Bristol Flyers II,"Y. Hafid, R. Eigbe, Z. Riabi, N. Sagkovits, L. Matthews",1,30,2,1,2,50,0,0,0,0,0,0,1,0,1,0,0,0,0,0,0,76.8,76.8,76.8,31.2,31.2,50,50,0,100,0,0,0,0,208.3,3,1,1,100,1,1,100,0,0,0,0,0,0,1,0,0,0,1,0,150,150,0,0,100,312.5,-104.2,2,1,50,0,0,0,0,0,0,0,0,0,0,0,0,0,0,0,0,1,1,100,0,0,0,0
Bristol Flyers II,"Y. Hafid, R. Eigbe, Z. Riabi, T. Browne, R. Bawden",1,10,0,0,0,0,0,0,0,0,0,0,0,0,0,0,0,0,0,2,0,24,24,24,100.0,100.0,0,0,0,0,0,0,0,0,0,0,0,1,0,0,0,0,0,0,0,1,0,1,0,0,0,0,0,0,0,0,0,100,0,0,0,0,0,0,0,0,0,0,0,0,0,0,0,0,0,0,0,1,0,0,0,0,0,0,0,0,0
Bristol Flyers II,"Y. Hafid, R. Eigbe, N. Sagkovits, L. Matthews, T. Browne",1,17,0,0,0,0,0,0,0,0,0,0,0,0,0,0,0,0,0,1,0,66.7,14.1,119.3,170.0,20.1,0,0,0,0,0,0,0,0,0,2,0,0,0,0,0,0,2,2,100,0,0,0,0,0,0,0,1,0,0,113.6,0,0,0,236.7,-236.7,0,0,0,0,0,0,0,0,0,0,0,0,0,0,0,0,0,0,0,0,0,0,0,0,0,0
Bristol Flyers II,"Y. Hafid, R. Eigbe, N. Ladjimi, L. Matthews, W. Simba",1,35,0,0,1,0,0,1,0,0,0,0,0,0,0,0,0,0,0,1,0,65.8,65.8,65.8,36.5,36.5,0,0,0,0,0,0,0,100,0,2,1,1,100,0,0,0,0,0,0,0,1,1,1,0,0,0,0,0,100,100,0,0,0,208.3,-208.3,0,0,0,0,0,0,1,0,0,0,0,0,0,1,1,100,0,0,0,0,0,0,0,0,0,0
Bristol Flyers II,"Y. Hafid, Z. Riabi, N. Sagkovits, W. Simba, E. Ekwegh",1,51,2,1,2,50,0,1,0,0,0,0,1,1,2,1,0,0,0,1,0,65.1,45.2,84.9,53.1,28.3,50,50,100,100,100,0,0,50,208.3,3,1,1,100,0,0,0,1,2,50,0,0,0,1,0,0,0,1,1,100,79.8,0,0,0,166.2,42.1,1,1,100,0,0,0,1,0,0,0,0,0,0,1,1,100,0,0,0,0,0,0,0,0,0,0
Bristol Flyers II,"Y. Hafid, N. Sagkovits, N. Ladjimi, L. Matthews, W. Simba",1,20,0,0,1,0,0,1,0,0,0,0,0,0,0,0,0,0,0,1,0,172.8,115.2,230.4,20.8,10.4,0,0,0,0,0,0,0,100,0,2,1,3,33.3,0,0,0,0,0,0,1,1,2,0,0,0,0,0,1,33.3,33.3,0,100,0,104.2,-104.2,0,0,0,0,0,0,1,0,0,0,0,0,0,2,1,50,1,0,0,0,0,0,0,0,0,0
Bristol Flyers II,"Y. Hafid, N. Sagkovits, L. Matthews, T. Browne, E. Ekwegh",1,2,0,0,0,0,0,0,0,0,0,0,0,0,0,0,0,0,0,0,0,636,120,1152,20.0,2.1,0,0,0,0,0,0,0,0,0,2,1,1,100,0,0,0,0,0,0,0,0,0,1,0,0,0,0,0,100,100,0,0,0,208.3,-208.3,0,0,0,0,0,0,0,0,0,0,0,0,0,1,1,100,0,0,0,0,0,0,0,0,0,0
Bristol Flyers II,"Y. Hafid, N. Ladjimi, W. Simba, E. Ekwegh, R. Bawden",1,24,0,0,0,0,0,0,0,0,0,0,0,0,0,0,0,0,1,0,0,96,96,96,25.0,25.0,0,0,0,0,0,100,0,0,0,3,1,1,100,1,1,100,0,0,0,0,0,0,1,1,0,0,0,0,150,150,0,0,100,312.5,-312.5,0,0,0,0,0,0,0,0,0,1,0,0,0,0,0,0,0,0,0,1,1,100,0,0,0,0
Bristol Flyers II,"L. Ayinla, R. Price, R. Eigbe, Z. Riabi, A. Bhebhe",1,15,2,0,0,0,0,0,0,2,2,100,0,0,0,0,0,0,0,0,0,75.6,135.2,16,17.8,150.0,0,113.6,0,0,0,0,0,0,236.7,0,0,0,0,0,0,0,0,0,0,0,0,0,0,0,0,0,0,0,0,0,0,0,0,0,236.7,0,0,0,0,0,0,0,0,0,0,0,0,0,0,0,0,0,0,0,0,0,0,0,0,0,0
Bristol Flyers II,"L. Ayinla, R. Price, R. Eigbe, N. Ladjimi, L. Matthews",1,8,1,0,0,0,0,0,0,1,2,50,0,0,0,1,0,0,0,0,0,141.7,253.4,30,9.5,80.0,0,56.8,0,0,0,0,0,0,118.4,0,0,0,0,0,0,0,0,0,0,0,0,0,0,0,0,0,1,0,0,0,0,0,0,0,118.4,0,0,0,0,0,0,0,0,0,0,0,0,0,0,0,0,0,0,0,0,0,0,0,0,0,0
Bristol Flyers II,"L. Ayinla, R. Price, R. Eigbe, A. Bhebhe, R. Bawden",1,44,0,0,1,0,0,0,0,0,0,0,0,0,0,0,0,0,0,0,0,52.4,52.4,52.4,45.8,45.8,0,0,0,0,0,0,0,0,0,0,0,1,0,0,1,0,0,0,0,0,1,1,0,0,0,0,0,0,0,0,0,0,100,0,0,1,0,0,0,0,0,0,0,0,0,0,0,0,0,0,0,0,0,0,1,0,0,0,0,0,0
Bristol Flyers II,"L. Ayinla, R. Price, Z. Riabi, A. Bhebhe, E. Ekwegh",1,11,0,0,0,0,0,0,0,0,0,0,0,0,0,0,0,0,1,0,0,115.6,209.5,21.8,11.5,110.0,0,0,0,0,0,100,0,0,0,0,0,0,0,0,0,0,0,0,0,0,0,0,0,1,0,0,0,0,0,0,0,0,0,0,0,0,0,0,0,0,0,0,0,0,0,1,0,0,0,0,0,0,0,0,0,0,0,0,0,0,0
Bristol Flyers II,"L. Ayinla, R. Price, Z. Riabi, A. Bhebhe, L. Matthews",1,7,0,0,0,0,0,0,0,0,0,0,0,1,1,0,0,0,0,0,0,162,34.3,289.6,70.0,8.3,0,0,0,0,100,0,0,0,0,1,0,0,0,0,0,0,1,2,50,0,0,0,0,0,0,0,0,0,0,56.8,0,0,0,118.4,-118.4,0,0,0,0,0,0,0,0,0,0,0,0,0,0,0,0,0,0,0,0,0,0,0,0,0,0
Bristol Flyers II,"L. Ayinla, J. Craggs, R. Eigbe, N. Ladjimi, A. Bhebhe",1,79,0,0,0,0,0,0,0,0,0,0,0,1,1,0,0,0,1,1,0,33.8,29.2,38.5,82.3,62.3,0,0,0,0,100,100,0,0,0,1,0,0,0,0,0,0,1,3,33.3,0,0,0,0,0,0,0,0,1,0,37.9,0,0,0,78.9,-78.9,0,0,0,0,0,0,0,0,0,0,1,0,0,0,0,0,0,0,0,0,0,0,0,0,0,0
Bristol Flyers II,"L. Ayinla, J. Craggs, R. Eigbe, W. Simba, E. Ekwegh",1,10,0,0,0,0,0,0,0,0,0,0,0,0,0,0,0,0,0,0,0,127.2,24,230.4,100.0,10.4,0,0,0,0,0,0,0,0,0,2,1,1,100,0,0,0,0,0,0,0,0,0,0,0,0,0,0,0,100,100,0,0,0,208.3,-208.3,0,0,0,0,0,0,0,0,0,0,0,0,0,1,1,100,0,0,0,0,0,0,0,0,0,0
Bristol Flyers II,"L. Ayinla, J. Craggs, N. Sagkovits, L. Matthews, T. Browne",1,29,0,0,2,0,0,0,0,0,0,0,1,1,2,0,0,0,0,0,0,79.4,79.4,79.4,30.2,30.2,0,0,0,50,50,0,0,0,0,0,0,2,0,0,1,0,0,0,0,1,1,2,0,0,0,0,1,0,0,0,0,50,50,0,0,2,0,0,0,0,0,0,0,0,0,0,0,0,1,0,0,0,0,0,1,0,0,0,0,0,0
Bristol Flyers II,"L. Ayinla, J. Craggs, A. Bhebhe, L. Matthews, T. Browne",1,4,0,0,0,0,0,0,0,0,0,0,0,0,0,0,0,0,0,1,0,60,60,60,40.0,40.0,0,0,0,0,0,0,0,0,0,0,0,2,0,0,0,0,0,0,0,2,0,2,0,0,0,0,0,0,0,0,0,100,0,0,0,0,0,0,0,0,0,0,0,0,0,0,0,0,1,0,0,1,0,0,0,0,0,0,0,0,0
Bristol Flyers II,"L. Ayinla, J. Craggs, A. Bhebhe, W. Simba, E. Ekwegh",1,40,0,0,1,0,0,1,0,0,0,0,0,0,0,0,0,0,0,0,0,82.9,57.6,108.3,41.7,22.2,0,0,0,0,0,0,0,100,0,4,1,1,100,0,0,0,2,2,100,0,1,1,1,0,0,0,0,1,100,106.4,0,0,0,221.6,-221.6,0,0,0,0,0,0,1,0,0,0,0,0,0,1,1,100,0,0,0,0,0,0,0,0,0,0
Bristol Flyers II,"L. Ayinla, R. Eigbe, N. Sagkovits, L. Matthews, R. Bawden",1,16,0,0,0,0,0,0,0,0,0,0,0,0,0,0,0,0,0,0,0,70.9,15,126.7,160.0,18.9,0,0,0,0,0,0,0,0,0,2,0,0,0,0,0,0,2,2,100,0,0,0,0,0,0,0,0,0,0,113.6,0,0,0,236.7,-236.7,0,0,0,0,0,0,0,0,0,0,0,0,0,0,0,0,0,0,0,0,0,0,0,0,0,0
Bristol Flyers II,"L. Ayinla, R. Eigbe, N. Ladjimi, A. Bhebhe, T. Browne",1,59,2,1,1,100,0,0,0,0,0,0,0,0,0,0,0,0,0,1,0,56.2,39.1,73.4,61.5,32.7,100,100,0,0,0,0,0,0,208.3,1,0,1,0,0,0,0,1,2,50,0,0,0,0,0,0,0,0,1,0,26.6,0,0,0,55.4,152.9,1,1,100,0,0,0,0,0,0,0,0,0,0,0,0,0,1,0,0,0,0,0,0,0,0,0
Bristol Flyers II,"L. Ayinla, R. Eigbe, L. Matthews, T. Browne, E. Ekwegh",1,13,0,0,1,0,0,1,0,0,0,0,0,0,0,0,0,0,0,1,0,177.2,177.2,177.2,13.5,13.5,0,0,0,0,0,0,0,100,0,0,0,1,0,0,0,0,0,0,0,0,1,1,0,0,0,0,0,0,0,0,0,0,0,0,0,0,0,0,0,0,0,1,0,0,0,0,0,0,1,0,0,0,0,0,0,0,0,0,0,0,0
Bristol Flyers II,"L. Ayinla, Z. Riabi, N. Sagkovits, N. Ladjimi, A. Bhebhe",1,5,0,0,0,0,0,0,0,0,0,0,0,0,0,0,0,0,0,0,0,48,48,48,50.0,50.0,0,0,0,0,0,0,0,0,0,0,0,0,0,0,0,0,0,0,0,0,0,0,1,0,0,0,1,0,0,0,0,0,0,0,0,0,0,0,0,0,0,0,0,0,0,0,0,0,0,0,0,0,0,0,0,0,0,0,0,0,0
Bristol Flyers II,"L. Ayinla, Z. Riabi, N. Ladjimi, L. Matthews, R. Bawden",1,32,0,0,0,0,0,0,0,0,0,0,0,0,0,0,0,0,0,0,0,7.5,7.5,7.5,320.0,320.0,0,0,0,0,0,0,0,0,0,0,0,0,0,0,0,0,0,0,0,0,0,0,0,0,0,0,1,0,0,0,0,0,0,0,0,0,0,0,0,0,0,0,0,0,0,0,0,0,0,0,0,0,0,0,0,0,0,0,0,0,0
Bristol Flyers II,"L. Ayinla, N. Sagkovits, L. Matthews, W. Simba, R. Bawden",1,1,0,0,0,0,0,0,0,0,0,0,0,0,0,0,0,0,0,0,0,1272,240,2304,10.0,1.0,0,0,0,0,0,0,0,0,0,0,0,1,0,0,1,0,0,0,0,0,0,0,0,0,0,0,0,0,0,0,0,0,100,0,0,0,0,0,0,0,0,0,0,0,0,0,0,0,0,0,0,0,0,0,1,0,0,0,0,0,0
Bristol Flyers II,"R. Price, J. Craggs, N. Ladjimi, L. Matthews, W. Simba",1,12,0,0,0,0,0,0,0,0,0,0,0,0,0,0,0,0,1,1,0,106,192,20,12.5,120.0,0,0,0,0,0,100,0,0,0,0,0,0,0,0,0,0,0,0,0,0,0,0,0,1,0,0,0,0,0,0,0,0,0,0,0,0,0,0,0,0,0,0,0,0,1,0,0,0,0,0,0,0,0,0,0,0,0,0,0,0,0
Bristol Flyers II,"R. Price, J. Craggs, N. Ladjimi, L. Matthews, E. Ekwegh",1,63,2,1,1,100,0,0,0,0,0,0,0,0,0,0,0,0,0,1,0,52.7,36.6,68.8,65.6,34.9,100,100,0,0,0,0,0,0,208.3,2,1,3,33.3,0,0,0,0,2,0,2,0,2,0,0,0,0,0,1,33.3,25.8,0,100,0,110.8,97.5,0,0,0,1,1,100,0,0,0,0,0,0,0,2,0,0,1,1,100,0,0,0,0,0,0,0
Bristol Flyers II,"R. Price, J. Craggs, N. Ladjimi, L. Matthews, R. Bawden",1,12,0,0,2,0,0,2,0,0,0,0,1,0,1,0,0,0,0,1,0,106,192,20,12.5,120.0,0,0,0,50,0,0,0,100,0,0,0,1,0,0,0,0,0,0,0,1,1,2,0,0,0,0,0,0,0,0,0,100,0,0,0,0,0,0,0,0,0,2,0,0,0,0,0,0,1,0,0,0,0,0,0,0,0,0,0,0,0
Bristol Flyers II,"R. Price, R. Eigbe, Z. Riabi, N. Ladjimi, L. Matthews",1,20,0,0,1,0,0,0,0,0,0,0,0,0,0,0,0,0,0,1,0,108.3,115.2,101.4,20.8,23.7,0,0,0,0,0,0,0,0,0,1,0,0,0,0,0,0,1,2,50,0,1,1,1,0,0,0,0,0,0,56.8,0,0,0,118.4,-118.4,0,0,0,1,0,0,0,0,0,0,0,0,0,0,0,0,0,0,0,0,0,0,0,0,0,0
Bristol Flyers II,"R. Price, R. Eigbe, Z. Riabi, A. Bhebhe, E. Ekwegh",1,38,2,1,1,100,0,0,0,0,0,0,0,0,0,1,0,0,0,0,0,60.6,60.6,60.6,39.6,39.6,100,100,100,0,0,0,0,0,208.3,2,1,1,100,0,0,0,0,0,0,0,0,0,0,0,0,0,1,0,100,100,0,0,0,208.3,0,1,1,100,0,0,0,0,0,0,0,0,0,0,1,1,100,0,0,0,0,0,0,0,0,0,0
Bristol Flyers II,"R. Price, Z. Riabi, Z. Riabi, A. Bhebhe, E. Ekwegh",1,31,0,0,0,0,0,0,0,0,0,0,0,0,0,0,0,0,1,0,0,107,74.3,139.7,32.3,17.2,0,0,0,0,0,100,0,0,0,4,1,1,100,0,0,0,2,2,100,0,0,0,0,1,0,0,0,1,100,106.4,0,0,0,221.6,-221.6,0,0,0,0,0,0,0,0,0,0,1,0,0,1,1,100,0,0,0,0,0,0,0,0,0,0
Bristol Flyers II,"J. Craggs, R. Eigbe, N. Ladjimi, L. Matthews, E. Ekwegh",1,23,0,0,0,0,0,0,0,0,0,0,0,0,0,0,0,0,0,1,0,10.4,10.4,10.4,230.0,230.0,0,0,0,0,0,0,0,0,0,0,0,0,0,0,0,0,0,0,0,0,0,0,0,0,0,0,0,0,0,0,0,0,0,0,0,0,0,0,0,0,0,0,0,0,0,0,0,0,0,0,0,0,0,0,0,0,0,0,0,0,0
Bristol Flyers II,"J. Craggs, R. Eigbe, A. Bhebhe, W. Simba, T. Browne",1,28,0,0,1,0,0,0,0,0,2,0,1,0,1,0,0,0,0,1,0,40.5,72.4,8.6,33.1,280.0,0,0,0,50,0,0,200,0,0,0,0,0,0,0,0,0,0,0,0,0,1,1,0,0,1,0,1,0,0,0,0,0,0,0,0,1,0,0,0,0,0,0,0,0,0,0,0,0,0,0,0,0,0,0,0,0,0,0,0,0,0
Bristol Flyers II,"J. Craggs, N. Sagkovits, N. Ladjimi, A. Bhebhe, E. Ekwegh",1,32,0,0,1,0,0,1,0,0,0,0,0,1,1,0,1,0,0,0,0,108,72,144,33.3,16.7,0,0,0,0,100,0,0,100,0,0,0,1,0,0,0,0,0,0,0,0,1,1,0,0,0,1,0,1,0,0,50,0,0,0,0,0,0,0,0,0,0,1,0,0,0,0,0,0,1,0,0,0,0,0,0,0,0,1,0,0,0
Bristol Flyers II,"J. Craggs, N. Sagkovits, A. Bhebhe, L. Matthews, W. Simba",1,43,2,1,1,100,0,0,0,0,0,0,0,1,1,0,0,0,0,0,0,77.2,53.6,100.7,44.8,23.8,100,100,0,0,100,0,0,0,208.3,4,1,1,100,1,1,100,1,2,50,0,0,0,0,0,0,0,1,1,150,106.4,0,0,100,221.6,-13.3,0,0,0,1,1,100,0,0,0,0,0,0,0,0,0,0,0,0,0,1,1,100,0,0,0,0
Bristol Flyers II,"J. Craggs, N. Sagkovits, A. Bhebhe, L. Matthews, R. Bawden",1,11,0,0,0,0,0,0,0,0,0,0,0,0,0,0,0,0,1,1,0,115.6,209.5,21.8,11.5,110.0,0,0,0,0,0,100,0,0,0,0,0,0,0,0,0,0,0,0,0,0,0,0,0,1,0,0,0,0,0,0,0,0,0,0,0,0,0,0,0,0,0,0,0,0,1,0,0,0,0,0,0,0,0,0,0,0,0,0,0,0,0
Bristol Flyers II,"R. Eigbe, Z. Riabi, N. Sagkovits, N. Ladjimi, L. Matthews",1,50,0,0,1,0,0,0,0,0,0,0,0,0,0,0,0,0,0,1,0,46.1,46.1,46.1,52.1,52.1,0,0,0,0,0,0,0,0,0,2,1,1,100,0,0,0,0,0,0,0,1,1,0,0,1,0,0,0,100,100,0,0,0,208.3,-208.3,0,0,0,1,0,0,0,0,0,0,0,0,0,1,1,100,0,0,0,0,0,0,0,0,0,0
Bristol Flyers II,"R. Eigbe, N. Sagkovits, N. Ladjimi, A. Bhebhe, W. Simba",1,41,0,0,0,0,0,0,0,0,0,0,0,0,0,0,0,0,1,0,0,84.3,56.2,112.4,42.7,21.4,0,0,0,0,0,100,0,0,0,2,1,2,50,0,1,0,0,0,0,0,0,0,1,0,0,0,0,1,50,50,0,0,50,104.2,-104.2,0,0,0,0,0,0,0,0,0,1,0,0,0,0,0,0,1,1,100,1,0,0,0,0,0,0
Bristol Flyers II,"R. Eigbe, N. Sagkovits, A. Bhebhe, W. Simba, T. Browne",1,20,0,0,0,0,0,0,0,0,0,0,0,0,0,0,0,0,0,0,0,63.6,12,115.2,200.0,20.8,0,0,0,0,0,0,0,0,0,2,1,1,100,0,0,0,0,0,0,0,0,0,0,0,0,0,0,0,100,100,0,0,0,208.3,-208.3,0,0,0,0,0,0,0,0,0,0,0,0,0,0,0,0,1,1,100,0,0,0,0,0,0,0
Bristol Flyers II,"R. Eigbe, N. Ladjimi, L. Matthews, W. Simba, R. Bawden",1,55,0,0,3,0,0,2,0,0,0,0,2,0,2,0,1,0,0,1,0,60.3,41.9,78.8,57.3,30.5,0,0,0,66.7,0,0,0,66.7,0,1,0,0,0,0,0,0,1,2,50,0,1,1,0,0,0,1,1,1,0,56.8,53.2,0,0,55.4,-55.4,0,0,0,1,0,0,2,0,0,0,0,0,0,0,0,0,0,0,0,0,0,0,1,0,0,0
Bristol Flyers II,"R. Eigbe, A. Bhebhe, W. Simba, T. Browne, R. Bawden",1,42,0,0,1,0,0,1,0,0,0,0,0,0,0,0,0,0,0,0,0,79,54.9,103.1,43.8,23.3,0,0,0,0,0,0,0,100,0,2,0,1,0,0,1,0,2,2,100,0,1,1,0,0,0,0,0,1,0,53.2,0,0,100,110.8,-110.8,0,0,0,0,0,0,1,0,0,0,0,0,0,0,0,0,0,0,0,1,0,0,0,0,0,0
Bristol Hurricanes,"A. Pearce, D. Edozie, D. Forsyth, K. Hill, H. Bligen",1,2,0,0,0,0,0,0,0,0,0,0,0,0,0,0,0,0,0,1,0,636,120,1152,20.0,2.1,0,0,0,0,0,0,0,0,0,0,0,1,0,0,1,0,0,0,0,0,0,0,0,0,0,0,0,0,0,0,0,0,100,0,0,0,0,0,0,0,0,0,0,0,0,0,0,0,0,0,0,0,0,0,1,0,0,0,0,0,0
Bristol Hurricanes,"A. Pearce, D. Edozie, K. Hill, J. Claar, C. Samuels",1,162,2,1,1,100,0,0,0,0,0,0,0,0,0,0,0,0,0,0,0,14.2,14.2,14.2,168.8,168.8,100,100,0,0,0,0,0,0,208.3,0,0,0,0,0,0,0,0,0,0,0,0,0,0,0,0,1,0,0,0,0,100,0,0,0,208.3,1,1,100,0,0,0,0,0,0,0,0,0,0,0,0,0,0,0,0,0,0,0,1,0,0,0
Bristol Hurricanes,"A. Pearce, D. Edozie, K. Hill, D. Ubiaro, V. Dilys",1,45,0,0,1,0,0,1,0,0,0,0,0,1,1,0,0,0,0,0,0,51.2,51.2,51.2,46.9,46.9,0,0,0,0,100,0,0,100,0,0,0,1,0,0,0,0,0,0,0,0,0,0,0,0,0,0,0,0,0,0,0,0,0,0,0,0,0,0,0,0,0,1,0,0,0,0,0,0,0,0,0,1,0,0,0,0,0,0,0,0,0
Bristol Hurricanes,"A. Pearce, D. Edozie, J. Dang-Akodo, J. Oyewole, C. Samuels",1,24,0,0,1,0,0,0,0,0,0,0,0,0,0,0,0,0,0,0,0,96,96,96,25.0,25.0,0,0,0,0,0,0,0,0,0,2,1,1,100,0,0,0,0,0,0,0,0,0,1,0,0,0,0,0,100,100,0,0,0,208.3,-208.3,0,0,0,1,0,0,0,0,0,0,0,0,0,1,1,100,0,0,0,0,0,0,0,0,0,0
Bristol Hurricanes,"A. Pearce, D. Edozie, C. Samuels, V. Dilys, C. Taylor",1,25,0,0,1,0,0,1,0,0,0,0,0,0,0,0,0,0,0,0,0,92.2,92.2,92.2,26.0,26.0,0,0,0,0,0,0,0,100,0,2,1,1,100,0,0,0,0,0,0,0,1,1,0,0,0,0,0,0,100,100,0,0,0,208.3,-208.3,0,0,0,0,0,0,1,0,0,0,0,0,0,1,1,100,0,0,0,0,0,0,0,0,0,0
Bristol Hurricanes,"A. Pearce, D. Forsyth, E. Dusha, K. Hill, V. Dilys",1,29,0,0,1,0,0,0,0,0,0,0,0,0,0,0,0,0,0,0,0,79.4,79.4,79.4,30.2,30.2,0,0,0,0,0,0,0,0,0,0,0,0,0,0,0,0,0,0,0,0,1,1,0,0,0,1,0,0,0,0,100,0,0,0,0,1,0,0,0,0,0,0,0,0,0,0,0,0,0,0,0,0,0,0,0,0,0,0,0,0,1
Bristol Hurricanes,"A. Pearce, D. Forsyth, E. Dusha, J. Claar, C. Samuels",1,49,0,0,0,0,0,0,0,0,0,0,0,0,0,0,1,0,1,1,0,47,47,47,51.0,51.0,0,0,0,0,0,100,0,0,0,0,0,0,0,0,0,0,0,0,0,0,0,0,0,1,0,1,1,0,0,0,100,0,0,0,0,0,0,0,0,0,0,0,0,0,1,0,0,0,0,0,0,0,0,0,0,0,0,1,0,0,0
Bristol Hurricanes,"A. Pearce, D. Forsyth, J. Dang-Akodo, D. Ubiaro, C. Samuels",1,10,0,0,0,0,0,0,0,0,0,0,0,1,1,0,0,0,0,1,0,127.2,24,230.4,100.0,10.4,0,0,0,0,100,0,0,0,0,0,0,1,0,0,1,0,0,0,0,0,0,0,0,0,0,0,0,0,0,0,0,0,100,0,0,0,0,0,0,0,0,0,0,0,0,0,0,0,0,0,0,0,0,0,1,0,0,0,0,0,0
Bristol Hurricanes,"A. Pearce, D. Forsyth, J. Claar, D. Ubiaro, C. Samuels",1,21,0,0,0,0,0,0,0,0,0,0,0,0,0,0,0,0,0,0,0,60.6,11.4,109.7,210.0,21.9,0,0,0,0,0,0,0,0,0,2,1,1,100,0,0,0,0,0,0,0,0,0,0,0,0,0,0,0,100,100,0,0,0,208.3,-208.3,0,0,0,0,0,0,0,0,0,0,0,0,0,1,1,100,0,0,0,0,0,0,0,0,0,0
Bristol Hurricanes,"A. Pearce, E. Dusha, J. Claar, C. Samuels, V. Dilys",1,27,0,0,0,0,0,0,0,0,0,0,0,0,0,0,0,0,0,0,0,47.1,8.9,85.3,270.0,28.1,0,0,0,0,0,0,0,0,0,3,1,2,50,1,1,100,0,0,0,1,0,1,1,0,0,0,0,0,75,75,0,100,50,312.5,-312.5,0,0,0,0,0,0,0,0,0,0,0,0,0,0,0,0,1,0,0,1,1,100,0,0,0,0
Bristol Hurricanes,"D. Edozie, D. Forsyth, E. Dusha, K. Hill, H. Bligen",1,18,0,0,0,0,0,0,0,0,0,0,0,0,0,0,0,0,1,1,0,120.3,128,112.6,18.8,21.3,0,0,0,0,0,100,0,0,0,2,0,0,0,0,0,0,2,2,100,0,0,0,1,1,0,0,0,0,0,113.6,0,0,0,236.7,-236.7,0,0,0,0,0,0,0,0,0,1,0,0,0,0,0,0,0,0,0,0,0,0,0,0,0,0
Bristol Hurricanes,"D. Edozie, K. Hill, D. Ubiaro, C. Samuels, C. Taylor",1,24,0,0,1,0,0,1,0,0,0,0,0,0,0,0,0,0,0,1,0,90.2,96,84.5,25.0,28.4,0,0,0,0,0,0,0,100,0,2,0,0,0,0,0,0,2,2,100,0,0,0,0,0,0,0,0,0,0,113.6,0,0,0,236.7,-236.7,0,0,0,0,0,0,1,0,0,0,0,0,0,0,0,0,0,0,0,0,0,0,0,0,0,0
Bristol Hurricanes,"D. Edozie, J. Oyewole, D. Ubiaro, C. Samuels, C. Taylor",1,19,1,0,0,0,0,0,0,1,1,100,0,0,0,0,0,0,0,0,0,33,53.4,12.6,45.0,190.0,0,113.6,0,0,0,0,0,0,236.7,0,0,0,0,0,0,0,0,0,0,0,0,0,0,0,0,0,0,0,0,0,0,0,0,0,236.7,0,0,0,0,0,0,0,0,0,0,0,0,0,0,0,0,0,0,0,0,0,0,0,0,0,0
Bristol Hurricanes,"D. Forsyth, E. Dusha, J. Claar, D. Ubiaro, H. Bligen",1,54,0,0,1,0,0,1,0,0,0,0,0,1,1,0,0,0,0,0,0,64,42.7,85.3,56.2,28.1,0,0,0,0,100,0,0,100,0,3,1,2,50,1,1,100,0,0,0,0,1,1,1,0,0,0,1,1,75,75,0,0,50,156.2,-156.2,0,0,0,0,0,0,1,0,0,0,0,0,0,0,0,0,1,0,0,1,1,100,0,0,0,0
Bristol Hurricanes,"D. Forsyth, E. Dusha, C. Tucker, V. Dilys, C. Taylor",1,26,0,0,0,0,0,0,0,0,0,0,0,1,1,0,0,0,0,0,0,43.6,9.2,78,260.0,30.8,0,0,0,0,33.3,0,0,0,0,0,0,2,0,0,1,0,0,2,0,2,0,2,0,0,0,0,1,0,0,0,0,66.7,50,0,0,0,0,0,0,0,0,0,0,0,0,0,0,0,1,0,0,0,0,0,1,0,0,0,0,0,0
Bristol Hurricanes,"D. Forsyth, E. Dusha, D. Ubiaro, H. Bligen, V. Dilys",1,7,0,0,0,0,0,0,0,0,0,0,0,0,0,0,0,0,0,1,0,34.3,34.3,34.3,70.0,70.0,0,0,0,0,0,0,0,0,0,0,0,0,0,0,0,0,0,0,0,0,0,0,0,0,0,0,0,0,0,0,0,0,0,0,0,0,0,0,0,0,0,0,0,0,0,0,0,0,0,0,0,0,0,0,0,0,0,0,0,0,0
Bristol Hurricanes,"D. Forsyth, J. Claar, C. Tucker, D. Ubiaro, C. Taylor",1,3,0,0,0,0,0,0,0,0,0,0,0,0,0,0,0,0,0,0,0,424,80,768,30.0,3.1,0,0,0,0,0,0,0,0,0,3,1,1,100,1,1,100,0,0,0,0,0,0,0,0,0,0,0,0,150,150,0,0,100,312.5,-312.5,0,0,0,0,0,0,0,0,0,0,0,0,0,0,0,0,0,0,0,1,1,100,0,0,0,0
Bristol Hurricanes,"D. Forsyth, D. Ubiaro, H. Bligen, C. Samuels, V. Dilys",1,2,2,0,0,0,0,0,0,2,2,100,0,0,0,0,1,0,0,0,0,1589.8,1013.8,2165.8,2.4,1.1,0,113.6,0,0,0,0,0,0,236.7,1,0,0,0,0,0,0,1,2,50,0,0,0,0,0,0,1,1,1,0,56.8,53.2,0,0,55.4,181.3,0,0,0,0,0,0,0,0,0,0,0,0,0,0,0,0,0,0,0,0,0,0,0,1,0,0
Bristol Hurricanes,"E. Dusha, D. Ubiaro, V. Dilys",1,10,1,0,0,0,0,0,0,1,2,50,0,0,0,0,0,0,0,0,0,216.6,202.8,230.4,11.8,10.4,0,56.8,0,0,0,0,0,0,118.4,0,0,1,0,0,1,0,0,0,0,0,0,0,0,0,0,0,3,0,0,0,0,0,100,0,118.4,0,0,0,0,0,0,0,0,0,0,0,0,0,0,0,0,0,0,0,1,0,0,0,0,0,0
Derby Trailblazers,"C. Burr, E. Norman, W. Tallon, R. Marsden, C. Brown",1,12,0,0,0,0,0,0,0,0,0,0,0,0,0,0,0,0,0,0,0,20,20,20,120.0,120.0,0,0,0,0,0,0,0,0,0,0,0,0,0,0,0,0,0,0,0,0,0,0,0,0,0,0,0,0,0,0,0,0,0,0,0,0,0,0,0,0,0,0,0,0,0,0,0,0,0,0,0,0,0,0,0,0,0,0,0,0,0
Derby Trailblazers,"C. Burr, C. Washington, S. Walker, R. Marsden, M. Smith",1,42,1,0,0,0,0,0,0,1,2,50,0,0,0,0,0,0,0,0,0,51.6,48.3,54.9,49.7,43.8,0,56.8,0,0,0,0,0,0,118.4,3,1,1,100,1,1,100,0,0,0,0,1,1,1,0,0,0,0,0,150,150,0,0,100,312.5,-194.1,0,0,0,0,0,0,0,0,0,0,0,0,0,0,0,0,0,0,0,1,1,100,0,0,0,0
Derby Trailblazers,"C. Burr, R. Marsden, C. Brown, R. May-Thompson, M. Smith",1,22,2,0,0,0,0,0,0,2,2,100,0,0,0,0,0,0,0,0,0,98.4,92.2,104.7,26.0,22.9,0,113.6,0,0,0,0,0,0,236.7,3,1,1,100,1,1,100,0,0,0,0,0,0,0,0,0,0,0,0,150,150,0,0,100,312.5,-75.8,0,0,0,0,0,0,0,0,0,0,0,0,0,0,0,0,0,0,0,1,1,100,0,0,0,0
Derby Trailblazers,"C. Washington, J. Pathmarajah, S. Walker, R. Marsden, M. Smith",1,60,2,1,2,50,0,1,0,0,0,0,1,0,1,0,0,0,0,0,0,57.6,38.4,76.8,62.5,31.2,50,50,0,100,0,0,0,50,208.3,4,2,2,100,0,0,0,0,0,0,0,0,0,0,0,0,0,1,1,100,100,0,0,0,208.3,0,1,1,100,0,0,0,1,0,0,0,0,0,0,1,1,100,1,1,100,0,0,0,0,0,0,0
Derby Trailblazers,"C. Washington, J. Pathmarajah, S. Walker, C. Brown, G. Pastor",1,6,0,0,1,0,0,0,0,0,0,0,0,0,0,0,0,0,0,0,0,212,384,40,6.2,60.0,0,0,0,0,0,0,0,0,0,0,0,0,0,0,0,0,0,0,0,0,0,0,0,0,0,0,0,0,0,0,0,0,0,0,0,0,0,0,1,0,0,0,0,0,0,0,0,0,0,0,0,0,0,0,0,0,0,0,0,0,0
Derby Trailblazers,"J. Pathmarajah, S. Walker, R. Marsden, R. May-Thompson, M. Smith",1,54,0,0,0,0,0,0,0,0,0,0,0,1,1,0,0,0,1,0,0,64,42.7,85.3,56.2,28.1,0,0,0,0,100,100,0,0,0,2,1,2,50,0,0,0,0,0,0,0,0,0,0,1,0,0,1,1,50,50,0,0,0,104.2,-104.2,0,0,0,0,0,0,0,0,0,1,0,0,0,1,1,100,1,0,0,0,0,0,0,0,0,0
Essex Rebels,"M. Wol-Cummings, M. Amako, K. Martin, R. Udeh, H. Gent",1,30,3,1,1,100,1,1,100,0,0,0,0,0,0,1,0,0,0,0,0,76.8,76.8,76.8,31.2,31.2,150,150,100,0,0,0,0,100,312.5,3,1,1,100,1,1,100,0,0,0,0,1,1,1,0,0,0,0,0,150,150,0,0,100,312.5,0,0,0,0,0,0,0,1,1,100,0,0,0,0,0,0,0,0,0,0,1,1,100,0,0,0,0
Essex Rebels,"M. Wol-Cummings, M. Amako, K. Martin, B. Winter, T. Hudson",1,9,0,0,0,0,0,0,0,0,0,0,0,1,1,0,0,0,0,0,0,141.3,26.7,256,90.0,9.4,0,0,0,0,100,0,0,0,0,0,0,1,0,0,0,0,0,0,0,0,0,0,0,0,0,0,0,0,0,0,0,0,0,0,0,0,0,0,0,0,0,0,0,0,0,0,0,0,0,0,0,1,0,0,0,0,0,0,0,0,0
Essex Rebels,"M. Wol-Cummings, M. Amako, R. Udeh, A. Idiata-Mendez, T. Hudson",1,13,0,0,1,0,0,0,0,0,0,0,0,0,0,0,0,1,0,0,0,177.2,177.2,177.2,13.5,13.5,0,0,0,0,0,0,0,0,0,2,1,2,50,0,0,0,0,0,0,1,1,2,0,0,0,0,0,0,50,50,0,100,0,208.3,-208.3,1,0,0,0,0,0,0,0,0,0,0,0,0,2,1,50,0,0,0,0,0,0,0,0,0,0
Essex Rebels,"M. Wol-Cummings, M. Amako, R. Udeh, T. Child, T. Hudson",1,57,0,0,1,0,0,0,0,0,0,0,0,1,1,0,0,0,0,1,0,55.8,40.4,71.1,59.4,33.7,0,0,0,0,100,0,0,0,0,3,0,0,0,0,0,0,3,4,75,0,1,1,0,0,0,0,0,1,0,85.2,0,0,0,177.6,-177.6,0,0,0,1,0,0,0,0,0,0,0,0,0,0,0,0,0,0,0,0,0,0,0,0,0,0
Essex Rebels,"M. Wol-Cummings, M. Amako, M. Brown, A. Idiata-Mendez, H. Gent",1,34,0,0,1,0,0,0,0,0,0,0,0,0,0,0,2,0,0,0,0,101.6,67.8,135.5,35.4,17.7,0,0,0,0,0,0,0,0,0,0,0,1,0,0,0,0,0,0,0,1,1,2,0,0,0,2,0,1,0,0,66.7,100,0,0,0,1,0,0,0,0,0,0,0,0,0,0,0,0,0,0,0,1,0,0,0,0,0,0,2,0,0
Essex Rebels,"M. Wol-Cummings, M. Amako, M. Brown, A. Idiata-Mendez, T. Hudson",1,60,0,0,1,0,0,0,0,0,0,0,1,0,1,0,0,0,1,0,0,57.6,38.4,76.8,62.5,31.2,0,0,0,100,0,50,0,0,0,2,1,2,50,0,0,0,0,0,0,0,0,0,0,1,0,0,0,1,50,50,0,0,0,104.2,-104.2,1,0,0,0,0,0,0,0,0,1,0,0,0,2,1,50,0,0,0,0,0,0,0,0,0,0
Essex Rebels,"M. Wol-Cummings, K. Martin, D. Johnson-Thompson, R. Udeh, T. Child",2,64,0,0,1,0,0,1,0,0,0,0,0,1,1,0,0,0,0,0,0,72,36,108,66.7,22.2,0,0,0,0,25,0,0,100,0,2,1,6,16.7,0,3,0,0,0,0,3,1,4,1,0,0,0,0,2,16.7,16.7,0,75,50,69.4,-69.4,0,0,0,0,0,0,1,0,0,0,0,0,0,3,1,33.3,0,0,0,3,0,0,0,0,0,0
Essex Rebels,"M. Wol-Cummings, K. Martin, D. Johnson-Thompson, M. Brown, A. Idiata-Mendez",1,29,0,0,2,0,0,1,0,0,0,0,1,1,2,0,0,0,0,1,0,79.4,79.4,79.4,30.2,30.2,0,0,0,50,50,0,0,50,0,0,0,2,0,0,0,0,0,0,0,1,1,2,0,0,0,0,0,0,0,0,0,50,0,0,0,1,0,0,0,0,0,1,0,0,0,0,0,0,2,0,0,0,0,0,0,0,0,0,0,0,0
Essex Rebels,"M. Wol-Cummings, K. Martin, R. Udeh, M. Brown, H. Gent",1,13,0,0,1,0,0,1,0,0,0,0,1,0,1,0,0,0,0,0,0,18.5,18.5,18.5,130.0,130.0,0,0,0,100,0,0,0,100,0,0,0,0,0,0,0,0,0,0,0,0,0,0,0,0,0,0,0,0,0,0,0,0,0,0,0,0,0,0,0,0,0,1,0,0,0,0,0,0,0,0,0,0,0,0,0,0,0,0,0,0,0
Essex Rebels,"M. Wol-Cummings, K. Martin, R. Udeh, A. Idiata-Mendez, T. Hudson",1,20,0,0,1,0,0,0,0,0,0,0,0,0,0,0,0,1,0,0,0,115.2,115.2,115.2,20.8,20.8,0,0,0,0,0,0,0,0,0,0,0,1,0,0,0,0,0,0,0,0,1,1,0,0,0,0,0,0,0,0,0,0,0,0,0,0,0,0,1,0,0,0,0,0,0,0,0,0,0,0,0,1,0,0,0,0,0,0,0,0,0
Essex Rebels,"M. Wol-Cummings, K. Martin, M. Brown, H. Gent, T. Hudson",1,1,2,1,1,100,0,0,0,0,0,0,0,0,0,1,0,0,0,0,0,1658.9,2304,1013.8,1.0,2.4,100,100,100,0,0,0,0,0,208.3,1,0,0,0,0,0,0,1,1,100,0,0,0,0,0,0,0,0,0,0,113.6,0,0,0,236.7,-28.4,1,1,100,0,0,0,0,0,0,0,0,0,0,0,0,0,0,0,0,0,0,0,0,0,0,0
Essex Rebels,"M. Wol-Cummings, D. Johnson-Thompson, M. Brown, T. Child, H. Gent",1,49,3,1,1,100,1,1,100,0,0,0,0,0,0,1,0,0,0,1,0,67.7,47,88.4,51.0,27.1,150,150,100,0,0,0,0,100,312.5,4,1,2,50,0,1,0,2,2,100,1,0,1,1,0,0,0,0,1,50,69.4,0,100,50,221.6,90.9,0,0,0,0,0,0,1,1,100,0,0,0,0,1,1,100,0,0,0,1,0,0,0,0,0,0
Essex Rebels,"M. Wol-Cummings, D. Johnson-Thompson, M. Brown, T. Child, T. Hudson",1,58,0,0,2,0,0,1,0,0,0,0,1,1,2,0,0,0,0,0,0,39.7,39.7,39.7,60.4,60.4,0,0,0,50,50,0,0,50,0,0,0,2,0,0,1,0,0,0,0,1,1,2,0,0,0,0,1,0,0,0,0,50,50,0,0,1,0,0,0,0,0,1,0,0,0,0,0,0,1,0,0,0,0,0,1,0,0,0,0,0,0
Essex Rebels,"M. Wol-Cummings, D. Johnson-Thompson, A. Idiata-Mendez, T. Child, T. Hudson",1,64,0,0,1,0,0,1,0,0,0,0,0,0,0,0,0,0,0,1,0,33.8,36,31.7,66.7,75.8,0,0,0,0,0,0,0,100,0,2,0,0,0,0,0,0,2,2,100,0,1,1,0,0,0,0,0,0,0,113.6,0,0,0,236.7,-236.7,0,0,0,0,0,0,1,0,0,0,0,0,0,0,0,0,0,0,0,0,0,0,0,0,0,0
Essex Rebels,"M. Wol-Cummings, D. Johnson-Thompson, A. Idiata-Mendez, J. Mckew, T. Hudson",1,33,0,0,1,0,0,1,0,0,0,0,0,1,1,0,0,0,0,0,0,104.7,69.8,139.6,34.4,17.2,0,0,0,0,50,0,0,100,0,2,1,3,33.3,0,1,0,0,0,0,1,1,2,0,0,0,0,0,1,33.3,33.3,0,50,33.3,104.2,-104.2,0,0,0,0,0,0,1,0,0,0,0,0,0,1,1,100,1,0,0,1,0,0,0,0,0,0
Essex Rebels,"M. Wol-Cummings, A. Idiata-Mendez, T. Child, B. Winter, T. Hudson",1,39,0,0,1,0,0,1,0,0,0,0,0,0,0,0,0,0,0,1,0,55.5,59.1,52,40.6,46.2,0,0,0,0,0,0,0,100,0,1,0,0,0,0,0,0,1,2,50,0,1,1,0,0,0,0,0,0,0,56.8,0,0,0,118.4,-118.4,0,0,0,0,0,0,1,0,0,0,0,0,0,0,0,0,0,0,0,0,0,0,0,0,0,0
Essex Rebels,"M. Wol-Cummings, T. Child, B. Winter, J. Mckew, T. Hudson",1,5,0,0,0,0,0,0,0,0,0,0,0,0,0,0,0,0,0,0,0,226.8,48,405.5,50.0,5.9,0,0,0,0,0,0,0,0,0,2,0,0,0,0,0,0,2,2,100,0,0,0,0,0,0,0,0,0,0,113.6,0,0,0,236.7,-236.7,0,0,0,0,0,0,0,0,0,0,0,0,0,0,0,0,0,0,0,0,0,0,0,0,0,0
Essex Rebels,"M. Amako, K. Martin, D. Johnson-Thompson, M. Brown, A. Idiata-Mendez",1,7,2,0,0,0,0,0,0,2,2,100,0,0,0,0,0,0,0,0,0,162,289.6,34.3,8.3,70.0,0,113.6,0,0,0,0,0,0,236.7,0,0,0,0,0,0,0,0,0,0,0,0,0,0,0,0,0,0,0,0,0,0,0,0,0,236.7,0,0,0,0,0,0,0,0,0,0,0,0,0,0,0,0,0,0,0,0,0,0,0,0,0,0
Essex Rebels,"M. Amako, K. Martin, I. Temilola, T. Child, B. Winter",1,12,1,0,0,0,0,0,0,1,2,50,0,0,0,0,0,0,0,0,0,94.5,169,20,14.2,120.0,0,56.8,0,0,0,0,0,0,118.4,0,0,0,0,0,0,0,0,0,0,0,0,0,0,0,0,0,0,0,0,0,0,0,0,0,118.4,0,0,0,0,0,0,0,0,0,0,0,0,0,0,0,0,0,0,0,0,0,0,0,0,0,0
Essex Rebels,"M. Amako, K. Martin, M. Brown, T. Child",1,12,0,0,0,0,0,0,0,0,0,0,0,0,0,0,0,0,0,0,0,52.2,20,84.5,120.0,28.4,0,0,0,0,0,0,0,0,0,1,0,0,0,0,0,0,1,1,100,0,0,0,0,0,0,0,0,0,0,113.6,0,0,0,236.7,-236.7,0,0,0,0,0,0,0,0,0,0,0,0,0,0,0,0,0,0,0,0,0,0,0,0,0,0
Essex Rebels,"M. Amako, K. Martin, M. Brown, W. White, H. Gent",1,31,2,1,1,100,0,0,0,0,0,0,0,0,0,0,0,0,0,1,0,41,74.3,7.7,32.3,310.0,100,100,0,0,0,0,0,0,208.3,0,0,0,0,0,0,0,0,0,0,0,0,0,0,0,0,0,0,0,0,0,0,0,0,0,208.3,1,1,100,0,0,0,0,0,0,0,0,0,0,0,0,0,0,0,0,0,0,0,0,0,0,0
Essex Rebels,"M. Amako, D. Johnson-Thompson, R. Udeh, M. Brown, A. Idiata-Mendez",1,10,0,0,0,0,0,0,0,0,0,0,0,1,1,0,0,0,0,0,0,127.2,24,230.4,100.0,10.4,0,0,0,0,100,0,0,0,0,0,0,1,0,0,1,0,0,0,0,0,0,0,0,0,0,0,1,0,0,0,0,0,100,0,0,0,0,0,0,0,0,0,0,0,0,0,0,0,0,0,0,0,0,0,1,0,0,0,0,0,0
Essex Rebels,"M. Amako, D. Johnson-Thompson, R. Udeh, A. Idiata-Mendez, T. Child",1,6,0,0,0,0,0,0,0,0,0,0,0,0,0,0,0,0,0,1,0,189,40,337.9,60.0,7.1,0,0,0,0,0,0,0,0,0,2,0,0,0,0,0,0,2,2,100,0,0,0,0,0,0,0,0,0,0,113.6,0,0,0,236.7,-236.7,0,0,0,0,0,0,0,0,0,0,0,0,0,0,0,0,0,0,0,0,0,0,0,0,0,0
Essex Rebels,"M. Amako, R. Udeh, M. Brown, A. Idiata-Mendez, H. Gent",1,4,2,0,0,0,0,0,0,2,2,100,0,0,0,1,0,0,0,0,0,283.4,506.9,60,4.7,40.0,0,113.6,0,0,0,0,0,0,236.7,0,0,0,0,0,0,0,0,0,0,0,0,0,0,0,0,0,0,0,0,0,0,0,0,0,236.7,0,0,0,0,0,0,0,0,0,0,0,0,0,0,0,0,0,0,0,0,0,0,0,0,0,0
Essex Rebels,"M. Amako, R. Udeh, A. Idiata-Mendez, T. Child, T. Hudson",1,33,0,0,0,0,0,0,0,0,0,0,0,1,1,0,0,0,1,1,0,104.7,69.8,139.6,34.4,17.2,0,0,0,0,100,100,0,0,0,3,1,2,50,1,2,50,0,0,0,0,0,0,0,0,0,0,0,1,75,75,0,0,100,156.2,-156.2,0,0,0,0,0,0,0,0,0,0,0,0,1,0,0,0,0,0,0,2,1,50,0,0,0,0
Essex Rebels,"M. Amako, I. Temilola, M. Brown, T. Child, B. Winter",1,29,2,0,0,0,0,0,0,2,2,100,0,0,0,0,0,0,0,1,0,39.1,69.9,8.3,34.3,290.0,0,113.6,0,0,0,0,0,0,236.7,0,0,3,0,0,1,0,0,0,0,3,0,3,0,0,0,0,0,0,0,0,0,100,33.3,0,236.7,0,0,0,0,0,0,0,0,0,0,0,0,0,2,0,0,0,0,0,1,0,0,0,0,0,0
Essex Rebels,"K. Martin, R. Udeh, M. Brown, T. Child, B. Winter",1,14,2,0,0,0,0,0,0,2,2,100,0,0,0,1,0,0,0,0,0,237,144.8,329.1,16.6,7.3,0,113.6,0,0,0,0,0,0,236.7,0,0,4,0,0,1,0,0,0,0,2,0,2,0,0,0,0,1,1,0,0,0,100,25,0,236.7,0,0,0,0,0,0,0,0,0,0,0,0,0,3,0,0,0,0,0,1,0,0,0,0,0,0
Essex Rebels,"K. Martin, R. Udeh, M. Brown, H. Gent, B. Winter",1,25,0,0,0,0,0,0,0,0,0,0,0,0,0,0,0,1,0,0,0,50.9,9.6,92.2,250.0,26.0,0,0,0,0,0,0,0,0,0,0,0,2,0,0,1,0,0,0,0,1,0,1,0,0,0,0,0,0,0,0,0,100,50,0,0,0,0,0,0,0,0,0,0,0,0,0,0,0,0,0,0,1,0,0,1,0,0,0,0,1,0
Essex Rebels,"K. Martin, R. Udeh, T. Child, W. White, T. Hudson",1,26,2,1,1,100,0,0,0,0,0,0,0,0,0,1,0,0,0,1,0,88.6,88.6,88.6,27.1,27.1,100,100,100,0,0,0,0,0,208.3,2,1,1,100,0,0,0,0,0,0,0,0,0,0,0,0,0,0,0,100,100,0,0,0,208.3,0,0,0,0,1,1,100,0,0,0,0,0,0,0,0,0,0,1,1,100,0,0,0,0,0,0,0
Essex Rebels,"R. Udeh, I. Temilola, M. Brown, T. Child, B. Winter",2,51,0,0,1,0,0,1,0,0,0,0,0,0,0,0,0,0,0,2,0,42.5,45.2,39.8,53.1,60.4,0,0,0,0,0,0,0,100,0,3,1,2,50,0,1,0,1,2,50,2,1,3,0,0,0,0,0,0,50,52.1,0,100,50,355.1,-355.1,0,0,0,0,0,0,1,0,0,0,0,0,0,1,1,100,0,0,0,1,0,0,0,0,0,0
Essex Rebels,"I. Temilola, A. Idiata-Mendez, T. Child, B. Winter, T. Hudson",1,64,0,0,2,0,0,1,0,0,0,0,1,1,2,0,0,0,0,1,0,69.8,36,103.7,66.7,23.1,0,0,0,100,100,0,0,50,0,2,0,2,0,0,2,0,2,2,100,0,0,0,0,0,0,0,1,2,0,34.7,0,0,100,72.3,-72.3,1,0,0,0,0,0,1,0,0,0,0,1,0,0,0,0,0,0,0,2,0,0,0,0,0,0
Hemel Storm,"M. Sokoli, D. Nelson-Henry, K. Walker, S. Lewis, J. Burnell",1,35,0,0,0,0,0,0,0,0,0,0,0,0,0,0,0,0,1,1,0,36.3,65.8,6.9,36.5,350.0,0,0,0,0,0,100,0,0,0,0,0,1,0,0,0,0,0,0,0,1,0,1,0,1,0,0,0,0,0,0,0,100,0,0,0,0,0,0,0,0,0,0,0,0,0,1,0,0,0,0,0,1,0,0,0,0,0,0,0,0,0
Hemel Storm,"M. Sokoli, D. Nelson-Henry, V. Eze, J. Rai, J. Burnell",1,45,0,0,0,0,0,0,0,0,0,0,0,0,0,0,0,0,0,0,0,28.3,5.3,51.2,450.0,46.9,0,0,0,0,0,0,0,0,0,2,1,1,100,0,0,0,0,0,0,0,0,0,0,0,0,0,0,0,100,100,0,0,0,208.3,-208.3,0,0,0,0,0,0,0,0,0,0,0,1,0,1,1,100,0,0,0,0,0,0,0,0,0,0
Hemel Storm,"M. Sokoli, K. Walker, M. Norman, V. Eze, J. Burnell",1,9,3,1,1,100,1,1,100,0,0,0,0,0,0,1,0,0,0,0,0,240.6,256,225.3,9.4,10.7,150,150,100,0,0,0,0,100,312.5,2,0,0,0,0,0,0,2,2,100,0,0,0,1,0,0,0,0,0,0,113.6,0,0,0,236.7,75.8,0,0,0,0,0,0,1,1,100,0,0,0,0,0,0,0,0,0,0,0,0,0,0,0,0,0
Hemel Storm,"M. Sokoli, K. Walker, V. Eze, J. Rai, J. Burnell",1,16,0,0,0,0,0,0,0,0,0,0,0,0,0,0,1,0,1,1,0,144,144,144,16.7,16.7,0,0,0,0,0,100,0,0,0,0,0,0,0,0,0,0,0,0,0,0,0,0,0,1,0,1,0,0,0,0,100,0,0,0,0,0,0,0,0,0,0,0,0,0,1,0,0,0,0,0,0,0,0,0,0,0,0,1,0,0,0
Hemel Storm,"M. Sokoli, S. Lewis, M. Norman, D. Parkinson, B. Inger",1,3,0,0,1,0,0,1,0,0,0,0,1,0,1,0,0,0,0,0,0,80,80,80,30.0,30.0,0,0,0,100,0,0,0,100,0,0,0,0,0,0,0,0,0,0,0,0,0,0,0,0,0,0,1,0,0,0,0,0,0,0,0,0,0,0,0,0,0,1,0,0,0,0,0,0,0,0,0,0,0,0,0,0,0,0,0,0,0
Hemel Storm,"M. Sokoli, M. Norman, D. Parkinson, B. Inger, J. Rai",1,22,2,0,0,0,0,0,0,2,2,100,0,0,0,0,0,0,0,1,0,98.4,92.2,104.7,26.0,22.9,0,113.6,0,0,0,0,0,0,236.7,2,1,3,33.3,0,0,0,0,0,0,2,0,2,0,0,0,0,0,0,33.3,33.3,0,100,0,208.3,28.4,0,0,0,0,0,0,0,0,0,0,0,0,0,3,1,33.3,0,0,0,0,0,0,0,0,0,0
Hemel Storm,"M. Sokoli, B. Inger, S. Newman, J. Rai, J. Burnell",1,24,2,1,1,100,0,0,0,0,0,0,0,1,1,1,0,0,0,0,0,144,96,192,25.0,12.5,100,100,100,0,100,0,0,0,208.3,0,0,1,0,0,0,0,0,0,0,0,0,0,0,0,0,1,0,1,0,0,50,0,0,0,208.3,0,0,0,1,1,100,0,0,0,0,0,0,0,0,0,0,1,0,0,0,0,0,0,1,0,0
Hemel Storm,"D. Nelson-Henry, K. Walker, S. Lewis, V. Eze, D. Parkinson",1,15,0,0,0,0,0,0,0,0,0,0,0,0,0,0,0,0,1,0,0,84.8,153.6,16,15.6,150.0,0,0,0,0,0,100,0,0,0,0,0,0,0,0,0,0,0,0,0,0,0,0,0,1,0,0,0,0,0,0,0,0,0,0,0,0,0,0,0,0,0,0,0,0,1,0,0,0,0,0,0,0,0,0,0,0,0,0,0,0,0
Hemel Storm,"D. Nelson-Henry, K. Walker, V. Eze, S. Newman, J. Rai",1,26,2,0,0,0,0,0,0,2,2,100,0,0,0,0,0,0,0,0,0,43.6,78,9.2,30.8,260.0,0,113.6,0,0,0,0,0,0,236.7,0,0,0,0,0,0,0,0,0,0,0,0,0,0,0,0,0,0,0,0,0,0,0,0,0,236.7,0,0,0,0,0,0,0,0,0,0,0,0,0,0,0,0,0,0,0,0,0,0,0,0,0,0
Hemel Storm,"D. Nelson-Henry, K. Walker, V. Eze, S. Newman, J. Rai, J. Burnell",1,38,0,0,0,0,0,0,0,0,0,0,0,1,1,0,0,0,0,0,0,33.5,6.3,60.6,380.0,39.6,0,0,0,0,100,0,0,0,0,0,0,1,0,0,1,0,0,0,0,0,0,0,0,0,0,0,0,0,0,0,0,0,100,0,0,0,0,0,0,0,0,0,0,0,0,0,0,0,0,0,0,0,0,0,1,0,0,0,0,0,0
Hemel Storm,"D. Nelson-Henry, K. Walker, D. Parkinson, B. Inger, S. Newman",1,48,2,1,1,100,0,0,0,0,0,0,0,1,1,0,1,0,0,0,0,96,48,144,50.0,16.7,100,100,0,0,100,0,0,0,208.3,0,0,2,0,0,0,0,0,0,0,0,0,0,0,0,0,1,0,2,0,0,33.3,0,0,0,208.3,1,1,100,0,0,0,0,0,0,0,0,0,0,1,0,0,1,0,0,0,0,0,1,0,0,0
Hemel Storm,"D. Nelson-Henry, M. Norman, V. Eze, D. Parkinson, J. Burnell",1,20,1,0,0,0,0,0,0,1,1,100,0,0,0,0,0,0,0,0,0,31.3,50.7,12,47.3,200.0,0,113.6,0,0,0,0,0,0,236.7,0,0,0,0,0,0,0,0,0,0,0,0,0,0,0,0,0,0,0,0,0,0,0,0,0,236.7,0,0,0,0,0,0,0,0,0,0,0,0,0,0,0,0,0,0,0,0,0,0,0,0,0,0
Hemel Storm,"K. Walker, S. Lewis, M. Norman, D. Parkinson, J. Burnell",1,16,2,0,0,0,0,0,0,2,2,100,0,0,0,0,0,0,0,0,0,70.9,126.7,15,18.9,160.0,0,113.6,0,0,0,0,0,0,236.7,0,0,0,0,0,0,0,0,0,0,0,0,0,0,0,0,0,0,0,0,0,0,0,0,0,236.7,0,0,0,0,0,0,0,0,0,0,0,0,0,0,0,0,0,0,0,0,0,0,0,0,0,0
Hemel Storm,"K. Walker, M. Norman, V. Eze, D. Parkinson, J. Rai",1,20,2,1,1,100,0,0,0,0,0,0,0,0,0,0,1,0,0,0,0,115.2,115.2,115.2,20.8,20.8,100,100,0,0,0,0,0,0,208.3,0,0,0,0,0,0,0,0,0,0,0,0,0,0,0,0,1,0,0,0,0,100,0,0,0,208.3,1,1,100,0,0,0,0,0,0,0,0,0,0,0,0,0,0,0,0,0,0,0,1,0,0,0
Hemel Storm,"K. Walker, M. Norman, V. Eze, B. Inger, J. Burnell",1,23,0,0,1,0,0,1,0,0,0,0,0,0,0,0,0,0,0,1,0,116.2,100.2,132.2,24.0,18.2,0,0,0,0,0,0,0,100,0,3,0,0,0,0,0,0,3,3,100,0,1,1,0,0,0,0,1,1,0,113.6,0,0,0,236.7,-236.7,0,0,0,0,0,0,1,0,0,0,0,0,0,0,0,0,0,0,0,0,0,0,0,0,0,0
Hemel Storm,"K. Walker, M. Norman, V. Eze, J. Rai, J. Burnell",1,31,2,1,2,50,0,0,0,0,0,0,1,0,1,0,0,0,0,0,0,41,74.3,7.7,32.3,310.0,50,50,0,100,0,0,0,0,208.3,0,0,0,0,0,0,0,0,0,0,0,0,0,0,0,0,0,0,0,0,0,0,0,0,0,208.3,2,1,50,0,0,0,0,0,0,0,0,0,0,0,0,0,0,0,0,0,0,0,0,0,0,0
Hemel Storm,"K. Walker, V. Eze, D. Parkinson, B. Inger, S. Newman",1,7,0,0,0,0,0,0,0,0,0,0,0,0,0,0,0,0,0,1,0,181.7,34.3,329.1,70.0,7.3,0,0,0,0,0,0,0,0,0,0,0,0,0,0,0,0,0,0,0,0,0,0,0,0,0,1,0,0,0,0,100,0,0,0,0,0,0,0,0,0,0,0,0,0,0,0,0,0,0,0,0,0,0,0,0,0,0,0,0,0,1
Hemel Storm,"K. Walker, V. Eze, S. Lewis, S. Newman, J. Rai",1,11,0,0,0,0,0,0,0,0,0,0,0,0,0,0,0,0,0,0,0,103.1,21.8,184.3,110.0,13.0,0,0,0,0,0,0,0,0,0,2,0,0,0,0,0,0,2,2,100,0,0,0,0,0,0,0,0,0,0,113.6,0,0,0,236.7,-236.7,0,0,0,0,0,0,0,0,0,0,0,0,0,0,0,0,0,0,0,0,0,0,0,0,0,0
Hemel Storm,"K. Walker, V. Eze, B. Inger, S. Newman, J. Rai",1,35,2,0,0,0,0,0,0,2,4,50,1,1,2,0,0,0,0,1,0,54,50,57.9,48.0,41.4,0,56.8,0,100,100,0,0,0,274.1,0,0,0,0,0,0,0,0,2,0,0,0,0,0,0,0,0,3,0,0,0,0,0,0,0,274.1,0,0,0,0,0,0,0,0,0,0,0,0,0,0,0,0,0,0,0,0,0,0,0,0,0,0
Hemel Storm,"K. Walker, D. Parkinson, B. Inger, S. Newman, J. Rai",1,19,3,1,1,100,1,1,100,0,0,0,0,0,0,1,0,0,0,1,0,121.3,121.3,121.3,19.8,19.8,150,150,100,0,0,0,0,100,312.5,2,1,1,100,0,0,0,0,0,0,0,0,0,1,0,0,0,0,0,100,100,0,0,0,208.3,104.2,0,0,0,0,0,0,1,1,100,0,0,0,0,1,1,100,0,0,0,0,0,0,0,0,0,0
Hemel Storm,"M. Norman, V. Eze, D. Parkinson, B. Inger, J. Rai",1,22,0,0,1,0,0,0,0,0,0,0,0,1,1,0,0,0,0,0,0,98.4,104.7,92.2,22.9,26.0,0,0,0,0,100,0,0,0,0,1,0,0,0,0,0,0,1,2,50,0,0,0,0,0,0,0,0,0,0,56.8,0,0,0,118.4,-118.4,0,0,0,1,0,0,0,0,0,0,0,0,0,0,0,0,0,0,0,0,0,0,0,0,0,0
Hemel Storm,"M. Norman, D. Parkinson, B. Inger, S. Newman, J. Rai",1,8,0,0,1,0,0,0,0,0,0,0,0,1,1,0,0,0,0,0,0,207.4,288,126.7,8.3,18.9,0,0,0,0,100,0,0,0,0,0,0,0,0,0,0,0,0,1,0,0,1,1,0,0,0,0,0,0,0,0,0,0,0,0,0,1,0,0,0,0,0,0,0,0,0,0,0,0,0,0,0,0,0,0,0,0,0,0,0,0,0
London Cavaliers,"J. Manning, J. Richards, D. Delsol-Lowry, A. Pyne",1,9,0,0,0,0,0,0,0,0,0,0,0,0,0,0,0,0,0,1,0,69.7,26.7,112.6,90.0,21.3,0,0,0,0,0,0,0,0,0,1,0,0,0,0,0,0,1,1,100,0,0,0,0,0,0,0,0,0,0,113.6,0,0,0,236.7,-236.7,0,0,0,0,0,0,0,0,0,0,0,0,0,0,0,0,0,0,0,0,0,0,0,0,0,0
London Cavaliers,"J. Manning, J. Richards, M. Collins, D. Delsol-Lowry, A. Pyne",1,27,0,0,0,0,0,0,0,0,0,0,0,1,1,0,0,0,1,0,0,85.3,85.3,85.3,28.1,28.1,0,0,0,0,100,100,0,0,0,0,0,1,0,0,1,0,0,0,0,0,0,0,0,1,0,0,0,0,0,0,0,0,100,0,0,0,0,0,0,0,0,0,0,0,1,0,0,0,0,0,0,0,0,0,1,0,0,0,0,0,0
London Cavaliers,"J. Manning, J. Richards, M. Collins, D. Ainembabazi, A. Pyne",1,58,0,0,0,0,0,0,0,0,0,0,0,1,1,0,1,0,1,0,0,59.6,39.7,79.4,60.4,30.2,0,0,0,0,100,100,0,0,0,0,0,1,0,0,0,0,0,0,0,0,0,0,0,0,0,1,2,1,0,0,50,0,0,0,0,0,0,0,0,0,0,0,0,0,1,0,0,0,1,0,0,0,0,0,0,0,0,0,1,0,0
London Cavaliers,"J. Manning, J. Richards, M. Collins, A. Roberts, O. Pond-Mckenzie",1,2,0,0,1,0,0,1,0,0,0,0,0,0,0,0,1,0,0,0,0,1152,1152,1152,2.1,2.1,0,0,0,0,0,0,0,100,0,0,0,0,0,0,0,0,0,0,0,0,0,0,0,0,0,1,0,0,0,0,100,0,0,0,0,0,0,0,0,0,0,1,0,0,0,0,0,0,0,0,0,0,0,0,0,0,0,0,1,0,0
London Cavaliers,"J. Manning, J. Richards, M. Beasley, A. Roberts, O. Pond-Mckenzie",1,26,1,0,0,0,0,0,0,1,2,50,0,0,0,0,0,0,0,0,0,43.6,78,9.2,30.8,260.0,0,56.8,0,0,0,0,0,0,118.4,0,0,0,0,0,0,0,0,0,0,0,0,0,0,0,0,0,0,0,0,0,0,0,0,0,118.4,0,0,0,0,0,0,0,0,0,0,0,0,0,0,0,0,0,0,0,0,0,0,0,0,0,0
London Cavaliers,"J. Manning, D. Delsol-Lowry, M. Collins, M. Beasley, A. Pyne",1,5,0,0,0,0,0,0,0,0,0,0,0,0,0,0,0,0,0,0,0,48,48,48,50.0,50.0,0,0,0,0,0,0,0,0,0,0,0,0,0,0,0,0,0,0,0,0,0,0,0,0,0,0,0,0,0,0,0,0,0,0,0,0,0,0,0,0,0,0,0,0,0,0,0,0,0,0,0,0,0,0,0,0,0,0,0,0,0
London Cavaliers,"J. Manning, M. Collins, D. Braster, D. Ainembabazi, O. Pond-Mckenzie",1,30,0,0,1,0,0,1,0,0,0,0,0,1,1,0,0,0,0,1,0,106,76.8,135.2,31.2,17.8,0,0,0,0,100,0,0,100,0,1,0,0,0,0,0,0,1,4,25,0,1,1,0,0,0,0,0,1,0,28.4,0,0,0,59.2,-59.2,0,0,0,0,0,0,1,0,0,0,0,0,0,0,0,0,0,0,0,0,0,0,0,0,0,0
London Cavaliers,"J. Manning, M. Beasley, D. Delsol-Lowry, D. Ainembabazi, A. Pyne",1,12,0,0,0,0,0,0,0,0,0,0,0,0,0,0,0,0,1,0,0,106,192,20,12.5,120.0,0,0,0,0,0,100,0,0,0,0,0,0,0,0,0,0,0,0,0,0,0,0,0,0,0,0,0,0,0,0,0,0,0,0,0,0,0,0,0,0,0,0,0,0,0,0,0,1,0,0,0,0,0,0,0,0,0,0,0,0,0
London Cavaliers,"J. Manning, M. Beasley, D. Delsol-Lowry, A. Roberts, A. Pyne",1,14,0,0,0,0,0,0,0,0,0,0,0,0,0,0,0,0,0,0,0,17.1,17.1,17.1,140.0,140.0,0,0,0,0,0,0,0,0,0,0,0,1,0,0,0,0,0,0,0,1,0,1,0,0,0,0,0,0,0,0,0,100,0,0,0,0,0,0,0,0,0,0,0,0,0,0,0,0,0,0,0,1,0,0,0,0,0,0,0,0,0
London Cavaliers,"J. Richards, D. Delsol-Lowry, M. Collins, M. Beasley, A. Roberts",1,7,0,0,0,0,0,0,0,0,0,0,0,0,0,0,0,1,0,0,0,181.7,34.3,329.1,70.0,7.3,0,0,0,0,0,0,0,0,0,0,0,2,0,0,1,0,0,0,0,1,0,1,0,0,0,0,0,0,0,0,0,100,50,0,0,0,0,0,0,0,0,0,0,0,0,0,0,0,1,0,0,0,0,0,1,0,0,0,0,0,0
London Cavaliers,"J. Richards, M. Beasley, D. Braster, D. Ainembabazi, O. Pond-Mckenzie",1,1,0,0,0,0,0,0,0,0,0,0,0,0,0,0,0,0,0,0,0,240,240,240,10.0,10.0,0,0,0,0,0,0,0,0,0,0,0,0,0,0,0,0,0,0,0,0,0,0,0,0,0,0,1,0,0,0,0,0,0,0,0,0,0,0,0,0,0,0,0,0,0,0,0,0,0,0,0,0,0,0,0,0,0,0,0,0,1
London Cavaliers,"J. Richards, D. Delsol-Lowry, D. Braster, A. Roberts, O. Pond-Mckenzie",1,9,0,0,0,0,0,0,0,0,0,0,0,0,0,0,1,0,0,0,0,141.3,26.7,256,90.0,9.4,0,0,0,0,0,0,0,0,0,0,0,0,0,0,0,0,0,0,0,0,0,0,0,0,0,1,0,0,0,0,100,0,0,0,0,0,0,0,0,0,0,0,0,0,0,0,0,0,0,0,0,0,0,0,0,0,0,0,1,0,0
London Cavaliers,"D. Delsol-Lowry, M. Collins, M. Beasley, D. Braster, O. Pond-Mckenzie",1,27,0,0,0,0,0,0,0,0,0,0,0,0,0,0,0,0,1,0,0,128,85.3,170.7,28.1,14.1,0,0,0,0,0,100,0,0,0,4,2,2,100,0,0,0,0,0,0,0,0,0,2,1,0,0,0,1,100,100,0,0,0,208.3,-208.3,0,0,0,0,0,0,0,0,0,0,1,0,0,1,1,100,1,1,100,0,0,0,0,0,0,0
London Cavaliers,"D. Delsol-Lowry, M. Collins, M. Beasley, A. Roberts, O. Pond-Mckenzie",1,45,0,0,1,0,0,0,0,0,0,0,0,0,0,0,0,0,0,1,0,51.2,51.2,51.2,46.9,46.9,0,0,0,0,0,0,0,0,0,3,1,2,50,1,2,50,0,0,0,1,1,2,1,0,0,0,0,0,75,75,0,100,100,312.5,-312.5,0,0,0,1,0,0,0,0,0,0,0,0,0,0,0,0,0,0,0,2,1,50,0,0,0,0
London Cavaliers,"M. Collins, M. Beasley, D. Ainembabazi, A. Roberts, O. Pond-Mckenzie",1,30,2,0,0,0,0,0,0,2,2,100,0,0,0,0,0,0,0,0,0,72.2,67.6,76.8,35.5,31.2,0,113.6,0,0,0,0,0,0,236.7,0,0,1,0,0,1,0,0,0,0,0,0,0,0,0,0,0,1,0,0,0,0,0,100,0,236.7,0,0,0,0,0,0,0,0,0,0,0,0,0,0,0,0,0,0,0,1,0,0,0,0,1,0
Loughborough Riders,"J. Campbell, J. Campbell, S. Wylie, D. Hadley, J. Cook",1,21,1,0,0,0,0,0,0,1,2,50,0,0,0,1,0,0,0,0,0,54,96.5,11.4,24.9,210.0,0,56.8,0,0,0,0,0,0,118.4,0,0,0,0,0,0,0,0,0,0,0,1,1,0,0,0,0,0,0,0,0,0,0,0,0,118.4,0,0,0,0,0,0,0,0,0,0,0,0,0,0,0,0,0,0,0,0,0,0,0,0,0,0
Loughborough Riders,"J. Campbell, J. Campbell, S. Wylie, J. Cook, L. Campbell",1,52,4,1,2,50,1,1,100,1,2,50,2,1,3,1,0,0,0,0,0,63.8,39,88.6,61.6,27.1,75,69.4,100,100,100,0,100,50,473.5,0,0,1,0,0,1,0,0,0,0,0,0,0,0,0,0,1,1,1,0,0,50,0,100,0,473.5,1,0,0,0,0,0,1,1,100,0,0,0,0,0,0,0,0,0,0,1,0,0,1,0,0,0
Loughborough Riders,"J. Campbell, J. Campbell, J. Cook, J. Cook, C. Keys",1,8,0,0,0,0,0,0,0,0,0,0,0,0,0,0,0,0,0,0,0,159,30,288,80.0,8.3,0,0,0,0,0,0,0,0,0,2,1,1,100,0,0,0,0,0,0,0,0,0,1,0,0,0,0,0,100,100,0,0,0,208.3,-208.3,0,0,0,0,0,0,0,0,0,0,0,0,0,1,1,100,0,0,0,0,0,0,0,0,0,0
Loughborough Riders,"J. Campbell, J. Campbell, D. Hadley, J. Cook, D. Hadley",1,5,0,0,1,0,0,0,0,0,0,0,0,0,0,0,0,0,0,1,0,254.4,460.8,48,5.2,50.0,0,0,0,0,0,0,0,0,0,0,0,0,0,0,0,0,0,0,0,0,1,1,0,0,0,0,0,0,0,0,0,0,0,0,0,1,0,0,0,0,0,0,0,0,0,0,0,0,0,0,0,0,0,0,0,0,0,0,0,0,0
Loughborough Riders,"J. Campbell, M. Joiner, L. Ehiorobo, C. Nyarko, D. Hadley",1,35,0,0,0,0,0,0,0,0,0,0,0,0,0,0,0,0,0,1,0,36.3,6.9,65.8,350.0,36.5,0,0,0,0,0,0,0,0,0,3,1,1,100,1,1,100,0,0,0,0,0,0,1,0,0,0,0,0,150,150,0,0,100,312.5,-312.5,0,0,0,0,0,0,0,0,0,0,0,0,0,0,0,0,0,0,0,1,1,100,0,0,0,0
Loughborough Riders,"J. Campbell, M. Joiner, L. Ehiorobo, L. Campbell, S. Wylie",1,2,0,0,0,0,0,0,0,0,0,0,0,0,0,0,0,0,1,0,0,1152,1152,1152,2.1,2.1,0,0,0,0,0,100,0,0,0,0,0,1,0,0,1,0,0,0,0,0,0,0,0,1,0,0,0,0,0,0,0,0,100,0,0,0,0,0,0,0,0,0,0,0,0,1,0,0,0,0,0,0,0,0,1,0,0,0,0,0,0
Loughborough Riders,"J. Campbell, M. Joiner, J. Cook, J. Cook, L. Campbell",1,3,1,0,0,0,0,0,0,1,2,50,0,0,0,0,0,0,0,0,0,377.9,675.8,80,3.6,30.0,0,56.8,0,0,0,0,0,0,118.4,0,0,0,0,0,0,0,0,0,0,0,0,0,0,0,0,0,0,0,0,0,0,0,0,0,118.4,0,0,0,0,0,0,0,0,0,0,0,0,0,0,0,0,0,0,0,0,0,0,0,0,0,0
Loughborough Riders,"J. Campbell, M. Joiner, D. Hadley, T. Akinsuku, C. Keys",1,36,0,0,1,0,0,1,0,0,0,0,0,0,0,0,0,0,0,1,0,60.2,64,56.3,37.5,42.6,0,0,0,0,0,0,0,100,0,2,0,0,0,0,0,0,2,2,100,0,1,1,0,0,0,0,0,0,0,113.6,0,0,0,236.7,-236.7,0,0,0,0,0,0,1,0,0,0,0,0,0,0,0,0,0,0,0,0,0,0,0,0,0,0
Loughborough Riders,"J. Campbell, M. Joiner, T. Akinsuku, S. Wylie, D. Hadley",1,68,0,0,1,0,0,1,0,0,0,0,0,0,0,0,0,0,0,0,0,50.8,33.9,67.8,70.8,35.4,0,0,0,0,0,0,0,100,0,4,2,3,66.7,0,0,0,0,0,0,1,1,2,1,0,0,0,1,1,66.7,66.7,0,100,0,208.3,-208.3,0,0,0,0,0,0,1,0,0,0,0,0,0,2,2,100,1,0,0,0,0,0,0,0,0,0
Loughborough Riders,"J. Campbell, M. Joiner, T. Akinsuku, D. Hadley, C. Keys",1,14,0,0,0,0,0,0,0,0,0,0,0,0,0,0,0,0,0,1,0,81,17.1,144.8,140.0,16.6,0,0,0,0,0,0,0,0,0,2,0,0,0,0,0,0,2,2,100,0,0,0,0,0,0,0,0,0,0,113.6,0,0,0,236.7,-236.7,0,0,0,0,0,0,0,0,0,0,0,0,0,0,0,0,0,0,0,0,0,0,0,0,0,0
Loughborough Riders,"J. Campbell, M. Joiner, S. Wylie, M. Joiner, C. Keys",1,44,2,1,1,100,0,0,0,0,0,0,0,1,1,1,0,0,0,1,0,101.6,52.4,150.8,45.8,15.9,100,100,100,0,100,0,0,0,208.3,0,0,0,0,0,0,0,0,2,0,0,0,0,0,0,0,2,1,2,0,0,69.4,0,0,0,208.3,1,1,100,0,0,0,0,0,0,0,0,0,0,0,0,0,0,0,0,0,0,0,0,0,0,1
Loughborough Riders,"J. Campbell, L. Ehiorobo, D. Hadley, M. Joiner, C. Keys",1,15,0,0,1,0,0,1,0,0,0,0,0,0,0,0,0,0,0,1,0,221.2,153.6,288.8,15.6,8.3,0,0,0,0,0,0,0,100,0,4,1,1,100,0,0,0,2,2,100,0,1,1,1,0,0,0,0,1,100,106.4,0,0,0,221.6,-221.6,0,0,0,0,0,0,1,0,0,0,0,0,0,1,1,100,0,0,0,0,0,0,0,0,0,0
Loughborough Riders,"J. Campbell, T. Akinsuku, C. Nyarko, S. Wylie, C. Keys",1,51,0,0,2,0,0,1,0,0,0,0,1,0,1,0,0,0,0,0,0,67.8,45.2,90.4,53.1,26.6,0,0,0,50,0,0,0,50,0,5,2,2,100,1,1,100,0,0,0,0,1,1,0,0,0,0,0,1,125,125,0,0,50,260.4,-260.4,1,0,0,0,0,0,1,0,0,0,0,0,0,1,1,100,0,0,0,1,1,100,0,0,0,0
Loughborough Riders,"J. Campbell, T. Akinsuku, S. Wylie, C. Keys, C. Keys",1,19,0,0,1,0,0,1,0,0,0,0,1,0,1,0,0,0,1,0,0,66.9,121.3,12.6,19.8,190.0,0,0,0,100,0,50,0,100,0,0,0,0,0,0,0,0,0,0,0,0,0,0,0,0,0,0,0,0,0,0,0,0,0,0,0,0,0,0,0,0,0,1,0,0,1,0,0,0,0,0,0,0,0,0,0,0,0,0,0,0,0
Loughborough Riders,"J. Campbell, J. Cook, C. Nyarko, J. Cook, S. Wylie",1,23,3,1,1,100,1,1,100,0,0,0,0,0,0,0,0,0,0,0,0,55.3,100.2,10.4,24.0,230.0,150,150,0,0,0,0,0,100,312.5,0,0,0,0,0,0,0,0,0,0,0,0,0,0,0,0,0,0,0,0,0,0,0,0,0,312.5,0,0,0,0,0,0,1,1,100,0,0,0,0,0,0,0,0,0,0,0,0,0,0,0,0,0
Loughborough Riders,"J. Campbell, C. Nyarko, S. Wylie, C. Keys",1,16,0,0,0,0,0,0,0,0,0,0,0,0,0,0,0,0,0,0,0,15,15,15,160.0,160.0,0,0,0,0,0,0,0,0,0,0,0,0,0,0,0,0,0,0,0,0,0,0,0,0,0,0,0,0,0,0,0,0,0,0,0,0,0,0,0,0,0,0,0,0,0,0,0,0,0,0,0,0,0,0,0,0,0,0,0,0,0
Loughborough Riders,"J. Campbell, T. Akinsuku, S. Wylie, C. Keys, C. Keys",1,5,2,1,1,100,0,0,0,0,0,0,0,0,0,0,0,0,0,0,0,460.8,460.8,460.8,5.2,5.2,100,100,0,0,0,0,0,0,208.3,0,0,1,0,0,1,0,0,0,0,0,0,0,0,0,0,0,0,0,0,0,0,0,100,0,208.3,0,0,0,1,1,100,0,0,0,0,0,0,0,0,0,0,0,0,0,1,0,0,0,0,0,0
Loughborough Riders,"J. Campbell, M. Joiner, S. Wylie, D. Hadley, D. Hadley",1,51,0,0,1,0,0,1,0,0,0,0,0,1,1,0,0,1,0,0,0,67.8,45.2,90.4,53.1,26.6,0,0,0,0,50,0,0,100,0,2,1,3,33.3,0,1,0,0,0,0,1,1,2,1,0,0,0,1,1,33.3,33.3,0,50,33.3,104.2,-104.2,0,0,0,0,0,0,1,0,0,0,0,0,0,2,1,50,0,0,0,1,0,0,0,0,0,0
Loughborough Riders,"J. Campbell, M. Joiner, S. Wylie, J. Cook, T. Akinsuku",1,1,0,0,0,0,0,0,0,0,0,0,0,0,0,0,0,0,0,0,0,240,240,240,10.0,10.0,0,0,0,0,0,0,0,0,0,0,0,0,0,0,0,0,0,0,0,0,0,0,0,0,0,0,0,0,0,0,0,0,0,0,0,0,0,0,0,0,0,0,0,0,0,0,0,0,0,0,0,0,0,0,0,0,0,0,0,0,0
Loughborough Riders,"J. Campbell, M. Joiner, D. Hadley, S. Wylie, C. Keys",1,34,0,0,0,0,0,0,0,0,0,0,0,0,0,0,0,0,1,0,0,67.8,67.8,67.8,35.4,35.4,0,0,0,0,0,100,0,0,0,2,1,1,100,0,0,0,0,0,0,0,0,0,1,0,0,0,1,0,100,100,0,0,0,208.3,-208.3,0,0,0,0,0,0,0,0,0,1,0,0,0,1,1,100,0,0,0,0,0,0,0,0,0,0
Loughborough Riders,"J. Campbell, M. Joiner, S. Wylie, C. Keys, C. Keys",1,10,0,0,2,0,0,1,0,0,0,0,1,0,1,0,0,0,0,0,0,127.2,230.4,24,10.4,100.0,0,0,0,100,0,0,0,50,0,0,0,0,0,0,0,0,0,0,0,0,0,0,0,0,0,0,1,0,0,0,0,0,0,0,0,1,0,0,0,0,0,1,0,0,0,0,0,0,0,0,0,0,0,0,0,0,0,0,0,0,0
Loughborough Riders,"J. Campbell, T. Akinsuku, J. Cook, O. Curran, C. Keys",1,28,3,1,2,50,1,2,50,0,0,0,1,0,1,0,0,0,0,0,0,45.4,82.3,8.6,29.2,280.0,75,75,0,100,0,0,0,100,312.5,0,0,0,0,0,0,0,0,0,0,0,0,0,0,0,0,0,0,0,0,0,0,0,0,0,312.5,0,0,0,0,0,0,2,1,50,0,0,0,0,0,0,0,0,0,0,0,0,0,0,0,0,0
Loughborough Riders,"M. Joiner, T. Akinsuku, L. Campbell, D. Hadley, C. Keys",1,70,2,1,1,100,0,0,0,0,0,0,0,0,0,1,0,0,0,1,0,32.9,32.9,32.9,72.9,72.9,100,100,100,0,0,0,0,0,208.3,3,1,1,100,1,1,100,0,0,0,0,0,0,1,0,0,0,0,0,150,150,0,0,100,312.5,-104.2,1,1,100,0,0,0,0,0,0,0,0,0,0,0,0,0,0,0,0,1,1,100,0,0,0,0
Loughborough Riders,"M. Joiner, T. Akinsuku, L. Campbell, C. Keys, M. Joiner",1,1,0,0,0,0,0,0,0,0,0,0,0,0,0,0,0,0,0,0,0,1272,240,2304,10.0,1.0,0,0,0,0,0,0,0,0,0,3,1,1,100,1,1,100,0,0,0,0,0,0,1,0,0,0,0,0,150,150,0,0,100,312.5,-312.5,0,0,0,0,0,0,0,0,0,0,0,0,0,0,0,0,0,0,0,1,1,100,0,0,0,0
Loughborough Riders,"M. Joiner, S. Wylie, D. Hadley, T. Akinsuku, D. Hadley",2,33,2,0,0,0,0,0,0,2,2,100,0,0,0,0,0,0,0,1,0,34.4,61.4,7.3,39.1,330.0,0,113.6,0,0,0,0,0,0,236.7,0,0,0,0,0,0,0,0,0,0,0,0,0,0,0,0,0,0,0,0,0,0,0,0,0,236.7,0,0,0,0,0,0,0,0,0,0,0,0,0,0,0,0,0,0,0,0,0,0,0,0,0,0
Loughborough Riders,"M. Joiner, J. Cook, L. Campbell, D. Hadley, C. Keys",1,36,0,0,1,0,0,1,0,0,0,0,0,0,0,0,0,0,0,0,0,96,64,128,37.5,18.8,0,0,0,0,0,0,0,100,0,0,0,0,0,0,0,0,0,0,0,0,0,0,0,0,0,2,2,1,0,0,100,0,0,0,0,0,0,0,0,0,0,1,0,0,0,0,0,0,0,0,0,0,0,0,0,0,0,0,0,0,1
Loughborough Riders,"M. Joiner, J. Cook, T. Akinsuku, L. Campbell, S. Wylie",2,11,0,0,1,0,0,0,0,0,0,0,0,0,0,0,0,0,0,0,0,301.6,209.5,393.8,11.5,6.1,0,0,0,0,0,0,0,0,0,2,0,1,0,0,1,0,2,2,100,0,1,1,0,0,0,0,0,1,0,53.2,0,0,100,110.8,-110.8,0,0,0,1,0,0,0,0,0,0,0,0,0,0,0,0,0,0,0,1,0,0,0,0,0,0
Loughborough Riders,"T. Akinsuku, S. Wylie, J. Cook, D. Hadley, O. Curran",1,20,2,1,1,100,0,0,0,0,0,0,0,0,0,0,0,0,0,0,0,133.6,115.2,152.1,20.8,15.8,100,100,0,0,0,0,0,0,208.3,2,0,0,0,0,0,0,2,3,66.7,0,0,0,0,0,0,0,0,1,0,75.8,0,0,0,157.8,50.5,1,1,100,0,0,0,0,0,0,0,0,0,0,0,0,0,0,0,0,0,0,0,0,0,0,0
Loughborough Riders,"T. Akinsuku, J. Cook, D. Hadley, O. Curran, L. Campbell",1,35,0,0,1,0,0,1,0,0,0,0,0,0,0,0,1,0,0,0,0,98.7,65.8,131.7,36.5,18.2,0,0,0,0,0,0,0,100,0,0,0,0,0,0,0,0,0,0,0,0,1,1,0,0,1,2,0,1,0,0,100,0,0,0,0,0,0,0,0,0,0,1,0,0,0,0,0,0,0,0,0,0,0,0,0,0,0,1,1,0,0
Loughborough Riders,"J. Cook, C. Nyarko, J. Cook, L. Campbell, C. Keys",1,45,2,0,0,0,0,0,0,2,2,100,0,0,0,1,1,0,0,0,0,73.7,45.1,102.4,53.3,23.4,0,113.6,0,0,0,0,0,0,236.7,0,0,1,0,0,0,0,0,0,0,0,0,0,0,0,0,1,1,1,0,0,50,0,0,0,236.7,0,0,0,0,0,0,0,0,0,0,0,0,0,1,0,0,0,0,0,0,0,0,0,1,0,0
Loughborough Riders,"J. Cook, T. Akinsuku, S. Wylie, D. Hadley, C. Keys",1,3,0,0,0,0,0,0,0,0,0,0,0,0,0,0,0,0,0,0,0,424,80,768,30.0,3.1,0,0,0,0,0,0,0,0,0,0,0,1,0,0,1,0,0,0,0,0,0,0,0,0,0,0,0,0,0,0,0,0,100,0,0,0,0,0,0,0,0,0,0,0,0,0,0,0,0,0,0,0,0,0,1,0,0,0,0,0,0
Loughborough Riders,"J. Cook, T. Akinsuku, L. Campbell, D. Hadley, C. Keys",1,12,0,0,1,0,0,1,0,0,0,0,0,1,1,0,0,0,0,1,0,180.5,192,169,12.5,14.2,0,0,0,0,100,0,0,100,0,1,0,0,0,0,0,0,1,2,50,0,1,1,0,0,0,0,0,0,0,56.8,0,0,0,118.4,-118.4,0,0,0,0,0,0,1,0,0,0,0,0,0,0,0,0,0,0,0,0,0,0,0,0,0,0
Loughborough Riders,"J. Cook, T. Akinsuku, L. Campbell, C. Keys, C. Keys",1,35,2,1,1,100,0,0,0,0,0,0,0,1,1,0,0,0,0,1,0,47.4,65.8,29,36.5,82.9,100,100,0,0,50,0,0,0,208.3,0,0,1,0,0,0,0,0,1,0,1,0,1,0,0,0,0,0,0,0,0,0,50,0,0,208.3,1,1,100,0,0,0,0,0,0,0,0,0,0,1,0,0,0,0,0,0,0,0,0,0,0,0
Milton Keynes Breakers,"K. Williams, D. Jackson, B. Baker-Mccann, L. Gregory, M. New Jr.",1,62,2,1,1,100,0,0,0,0,0,0,0,0,0,1,0,0,0,0,0,37.2,37.2,37.2,64.6,64.6,100,100,100,0,0,0,0,0,208.3,3,1,1,100,1,1,100,0,0,0,0,0,0,1,0,0,0,0,0,150,150,0,0,100,312.5,-104.2,0,0,0,1,1,100,0,0,0,0,0,0,0,0,0,0,0,0,0,1,1,100,0,0,1,0
Milton Keynes Breakers,"K. Williams, D. Jackson, B. Baker-Mccann, B. Freckleton, C. Thompson",1,29,0,0,0,0,0,0,0,0,2,0,0,0,0,0,0,0,0,2,0,39.1,69.9,8.3,34.3,290.0,0,0,0,0,0,0,0,0,0,0,0,1,0,0,0,0,0,0,0,1,1,2,0,0,0,0,0,0,0,0,0,100,0,0,0,0,0,0,0,0,0,0,0,0,0,0,0,0,1,0,0,0,0,0,0,0,0,0,0,0,0
Milton Keynes Breakers,"K. Williams, D. Jackson, J. Dietrich, M. New Jr., C. Tawiah",1,3,3,1,1,100,1,1,100,0,0,0,0,0,0,0,0,0,0,0,0,424,768,80,3.1,30.0,150,150,0,0,0,0,0,100,312.5,0,0,0,0,0,0,0,0,0,0,0,0,0,0,0,0,0,0,0,0,0,0,0,0,0,312.5,0,0,0,0,0,0,1,1,100,0,0,0,0,0,0,0,0,0,0,0,0,0,0,0,0,0
Milton Keynes Breakers,"K. Williams, D. Jackson, L. Gregory, M. New Jr., C. Thompson",1,27,3,1,2,50,1,1,100,0,0,0,1,0,1,1,0,0,0,0,0,47.1,85.3,8.9,28.1,270.0,75,75,100,100,0,0,0,50,312.5,0,0,0,0,0,0,0,0,0,0,0,0,0,0,0,0,0,0,0,0,0,0,0,0,0,312.5,0,0,0,1,0,0,1,1,100,0,0,0,0,0,0,0,0,0,0,0,0,0,0,0,0,0
Milton Keynes Breakers,"K. Williams, D. Jackson, X. Wilson, J. Spencer, C. Thompson",1,43,0,0,1,0,0,0,0,0,0,0,0,0,0,0,0,0,0,1,0,53.6,53.6,53.6,44.8,44.8,0,0,0,0,0,0,0,0,0,3,1,2,50,1,2,50,0,0,0,1,1,2,1,0,0,0,0,0,75,75,0,100,100,312.5,-312.5,1,0,0,0,0,0,0,0,0,0,0,0,0,0,0,0,0,0,0,2,1,50,0,0,0,0
Milton Keynes Breakers,"K. Williams, D. Jackson, M. New Jr., J. Spencer, B. Freckleton",1,39,0,0,2,0,0,1,0,0,0,0,1,0,1,0,0,0,0,0,0,59.1,59.1,59.1,40.6,40.6,0,0,0,50,0,0,0,50,0,3,1,1,100,1,1,100,0,0,0,0,1,1,1,0,0,0,1,0,150,150,0,0,100,312.5,-312.5,0,0,0,1,0,0,1,0,0,0,0,0,0,0,0,0,0,0,0,1,1,100,0,0,0,0
Milton Keynes Breakers,"K. Williams, B. Baker-Mccann, J. Dietrich, M. New Jr., B. Freckleton",1,24,0,0,0,0,0,0,0,0,0,0,0,0,0,0,0,0,0,0,0,26.1,10,42.2,240.0,56.8,0,0,0,0,0,0,0,0,0,1,0,0,0,0,0,0,1,1,100,0,0,0,0,0,0,0,0,0,0,113.6,0,0,0,236.7,-236.7,0,0,0,0,0,0,0,0,0,0,0,0,0,0,0,0,0,0,0,0,0,0,0,0,0,0
Milton Keynes Breakers,"K. Williams, B. Baker-Mccann, J. Dietrich, K. Oates, B. Freckleton",1,17,0,0,0,0,0,0,0,0,0,0,0,0,0,0,1,0,0,0,0,74.8,14.1,135.5,170.0,17.7,0,0,0,0,0,0,0,0,0,0,0,0,0,0,0,0,0,0,0,0,0,0,0,0,0,1,0,0,0,0,100,0,0,0,0,0,0,0,0,0,0,0,0,0,0,0,0,0,0,0,0,0,0,0,0,0,0,0,1,0,0
Milton Keynes Breakers,"K. Williams, J. Dietrich, M. New Jr., J. Spencer, C. Thompson",1,24,2,1,1,100,0,0,0,0,0,0,0,0,0,1,1,0,0,0,0,96,96,96,25.0,25.0,100,100,100,0,0,0,0,0,208.3,0,0,0,0,0,0,0,0,0,0,0,0,0,0,0,0,1,0,0,0,0,100,0,0,0,208.3,0,0,0,1,1,100,0,0,0,0,0,0,0,0,0,0,0,0,0,0,0,0,0,1,0,0
Milton Keynes Breakers,"D. Jackson, B. Baker-Mccann, J. Dietrich, M. New Jr., J. Spencer",1,15,0,0,1,0,0,1,0,0,0,0,0,2,2,0,0,0,0,0,0,230.4,153.6,307.2,15.6,7.8,0,0,0,0,100,0,0,100,0,0,0,2,0,0,1,0,0,0,0,0,0,0,0,0,0,0,0,1,0,0,0,0,50,0,0,0,0,0,0,0,0,1,0,0,0,0,0,0,0,0,0,1,0,0,1,0,0,0,0,0,0
Milton Keynes Breakers,"D. Jackson, J. Dietrich, L. Gregory, M. New Jr., C. Thompson",1,26,3,1,1,100,1,1,100,0,0,0,0,1,1,1,0,0,0,0,0,127.6,88.6,166.6,27.1,14.4,150,150,100,0,100,0,0,100,312.5,1,0,1,0,0,1,0,1,2,50,0,0,0,0,0,0,0,0,1,0,26.6,0,0,100,55.4,257.1,0,0,0,0,0,0,1,1,100,0,0,0,0,0,0,0,0,0,0,1,0,0,0,0,0,0
Milton Keynes Breakers,"D. Jackson, J. Dietrich, M. New Jr., X. Wilson, C. Tawiah",1,45,3,1,1,100,1,1,100,0,0,0,0,2,2,1,0,0,0,0,0,76.8,51.2,102.4,46.9,23.4,150,150,100,0,100,0,0,100,312.5,0,0,2,0,0,1,0,0,0,0,0,0,0,0,0,0,0,0,1,0,0,0,0,50,0,312.5,0,0,0,0,0,0,1,1,100,0,0,0,0,0,0,0,1,0,0,1,0,0,0,0,0,0
Milton Keynes Breakers,"D. Jackson, M. New Jr., X. Wilson, B. Freckleton, C. Thompson",1,12,0,0,0,0,0,0,0,0,0,0,0,0,0,0,0,0,0,1,0,20,20,20,120.0,120.0,0,0,0,0,0,0,0,0,0,0,0,0,0,0,0,0,0,0,0,0,0,0,0,0,0,0,0,0,0,0,0,0,0,0,0,0,0,0,0,0,0,0,0,0,0,0,0,0,0,0,0,0,0,0,0,0,0,0,0,0,0
Milton Keynes Breakers,"D. Jackson, B. Baker-Mccann, J. Dietrich, M. New Jr., C. Thompson",1,25,3,1,1,100,1,1,100,0,0,0,0,0,0,1,0,0,0,1,0,92.2,92.2,92.2,26.0,26.0,150,150,100,0,0,0,0,100,312.5,3,1,1,100,1,1,100,0,0,0,0,0,0,1,0,0,0,0,0,150,150,0,0,100,312.5,0,0,0,0,0,0,0,1,1,100,0,0,0,0,0,0,0,0,0,0,1,1,100,0,0,0,0
Milton Keynes Breakers,"D. Jackson, J. Dietrich, L. Gregory, K. Oates, B. Freckleton",1,4,1,0,0,0,0,0,0,1,2,50,0,0,0,0,0,0,0,0,0,283.4,506.9,60,4.7,40.0,0,56.8,0,0,0,0,0,0,118.4,0,0,0,0,0,0,0,0,0,0,0,0,0,0,0,0,0,0,0,0,0,0,0,0,0,118.4,0,0,0,0,0,0,0,0,0,0,0,0,0,0,0,0,0,0,0,0,0,0,0,0,0,0
Milton Keynes Breakers,"B. Baker-Mccann, J. Dietrich, M. New Jr., X. Wilson, K. Oates",1,43,0,0,2,0,0,1,0,0,0,0,1,0,1,0,0,0,0,0,0,80.4,53.6,107.2,44.8,22.4,0,0,0,50,0,0,0,50,0,5,2,2,100,1,1,100,0,0,0,0,1,1,1,0,0,0,2,1,125,125,0,0,50,260.4,-260.4,1,0,0,0,0,0,1,0,0,0,0,0,0,0,0,0,1,1,100,1,1,100,0,0,0,0
Milton Keynes Breakers,"B. Baker-Mccann, J. Dietrich, M. New Jr., X. Wilson, B. Freckleton",1,5,0,0,0,0,0,0,0,0,0,0,0,0,0,0,0,0,0,1,0,254.4,48,460.8,50.0,5.2,0,0,0,0,0,0,0,0,0,0,0,1,0,0,1,0,0,0,0,0,0,0,0,0,0,0,0,0,0,0,0,0,100,0,0,0,0,0,0,0,0,0,0,0,0,0,0,0,0,0,0,0,0,0,1,0,0,0,0,0,0
Milton Keynes Breakers,"B. Baker-Mccann, J. Dietrich, X. Wilson, C. Tawiah, C. Thompson",1,15,1,0,0,0,0,0,0,1,2,50,0,0,0,0,0,0,0,0,0,75.6,135.2,16,17.8,150.0,0,56.8,0,0,0,0,0,0,118.4,0,0,0,0,0,0,0,0,0,0,0,0,0,0,0,0,0,0,0,0,0,0,0,0,0,118.4,0,0,0,0,0,0,0,0,0,0,0,0,0,0,0,0,0,0,0,0,0,0,0,0,0,0
Milton Keynes Breakers,"B. Baker-Mccann, L. Gregory, M. New Jr., X. Wilson, B. Freckleton",1,80,0,0,3,0,0,1,0,0,0,0,2,1,3,0,0,0,0,1,0,28.8,28.8,28.8,83.3,83.3,0,0,0,100,100,0,0,33.3,0,0,0,1,0,0,0,0,0,0,0,0,0,0,0,0,0,0,1,0,0,0,0,0,0,0,0,2,0,0,0,0,0,1,0,0,0,0,0,0,0,0,0,1,0,0,0,0,0,0,0,0,0
Milton Keynes Breakers,"B. Baker-Mccann, L. Gregory, K. Oates, G. Formeloza, C. Thompson",1,24,2,1,1,100,0,0,0,0,0,0,0,1,1,1,1,0,0,0,0,144,96,192,25.0,12.5,100,100,100,0,100,0,0,0,208.3,0,0,1,0,0,0,0,0,0,0,0,0,0,0,0,0,1,0,1,0,0,50,0,0,0,208.3,1,1,100,0,0,0,0,0,0,0,0,0,0,0,0,0,1,0,0,0,0,0,1,0,0,0
Milton Keynes Breakers,"B. Baker-Mccann, M. New Jr., X. Wilson, B. Freckleton, C. Thompson",1,39,2,1,1,100,0,0,0,0,0,0,0,0,0,1,0,0,0,1,0,59.1,59.1,59.1,40.6,40.6,100,100,100,0,0,0,0,0,208.3,3,1,1,100,1,1,100,0,0,0,0,0,0,1,0,0,0,0,0,150,150,0,0,100,312.5,-104.2,0,0,0,1,1,100,0,0,0,0,0,0,0,0,0,0,0,0,0,1,1,100,0,0,0,0
Milton Keynes Breakers,"L. Gregory, M. New Jr., J. Spencer, K. Oates, G. Formeloza",1,23,0,0,1,0,0,0,0,0,0,0,0,0,0,0,1,0,0,0,0,100.2,100.2,100.2,24.0,24.0,0,0,0,0,0,0,0,0,0,0,0,0,0,0,0,0,0,0,0,0,1,1,0,0,1,1,0,0,0,0,100,0,0,0,0,1,0,0,0,0,0,0,0,0,0,0,0,0,0,0,0,0,0,0,0,0,0,0,1,0,0
Newcastle Knights,"B. Dean, S. Trunley, J. Thames, M. Jones, R. Reed, S. Angus",1,23,2,0,0,0,0,0,0,2,2,100,0,0,0,0,0,0,0,0,0,49.3,88.2,10.4,27.2,230.0,0,113.6,0,0,0,0,0,0,236.7,0,0,0,0,0,0,0,0,0,0,0,0,0,0,0,0,0,0,0,0,0,0,0,0,0,236.7,0,0,0,0,0,0,0,0,0,0,0,0,0,0,0,0,0,0,0,0,0,0,0,0,0,0
Newcastle Knights,"B. Dean, S. Trunley, F. Cork, M. Hendry, M. Matthews",1,64,3,1,1,100,1,1,100,0,0,0,0,0,0,0,0,0,0,1,0,54,36,72,66.7,33.3,150,150,0,0,0,0,0,100,312.5,3,1,2,50,1,2,50,0,0,0,0,0,0,0,0,0,0,0,1,75,75,0,0,100,156.2,156.2,0,0,0,0,0,0,1,1,100,0,0,0,0,0,0,0,0,0,0,2,1,50,0,0,0,0
Newcastle Knights,"B. Dean, S. Trunley, F. Cork, M. Matthews, T. Riley",1,45,0,0,1,0,0,1,0,0,0,0,0,0,0,0,0,0,0,0,0,76.8,51.2,102.4,46.9,23.4,0,0,0,0,0,0,0,100,0,4,2,2,100,0,0,0,0,0,0,0,1,1,1,0,0,0,0,1,100,100,0,0,0,208.3,-208.3,0,0,0,0,0,0,1,0,0,0,0,0,0,2,2,100,0,0,0,0,0,0,0,0,0,0
Newcastle Knights,"B. Dean, J. Thames, J. Soodeen, F. Cork, M. Hendry",1,12,0,0,0,0,0,0,0,0,0,0,0,0,0,0,0,0,0,0,0,94.5,20,169,120.0,14.2,0,0,0,0,0,0,0,0,0,1,0,0,0,0,0,0,1,2,50,0,0,0,0,0,0,0,0,0,0,56.8,0,0,0,118.4,-118.4,0,0,0,0,0,0,0,0,0,0,0,0,0,0,0,0,0,0,0,0,0,0,0,0,0,0
Newcastle Knights,"B. Dean, J. Thames, R. Graham-Bell, H. Abdul, T. Riley",1,51,0,0,1,0,0,0,0,0,0,0,0,0,0,0,0,0,0,1,0,45.2,45.2,45.2,53.1,53.1,0,0,0,0,0,0,0,0,0,2,1,1,100,0,0,0,0,0,0,0,1,1,0,0,0,0,0,0,100,100,0,0,0,208.3,-208.3,1,0,0,0,0,0,0,0,0,0,0,0,0,1,1,100,0,0,0,0,0,0,0,0,1,0
Newcastle Knights,"B. Dean, J. Thames, W. Neighbour, M. Hendry, M. Matthews",1,6,0,0,0,0,0,0,0,0,0,0,0,1,1,0,0,0,0,0,0,212,40,384,60.0,6.2,0,0,0,0,100,0,0,0,0,0,0,1,0,0,1,0,0,0,0,0,0,0,0,0,0,0,1,0,0,0,0,0,100,0,0,0,0,0,0,0,0,0,0,0,0,0,0,0,0,0,0,0,0,0,1,0,0,0,0,0,0
Newcastle Knights,"B. Dean, J. Thames, W. Neighbour, M. Hendry, T. Riley",1,43,0,0,1,0,0,1,0,0,0,0,0,0,0,0,0,0,0,0,0,65.4,53.6,77.2,44.8,31.1,0,0,0,0,0,0,0,100,0,3,1,1,100,0,0,0,1,1,100,0,0,0,0,0,0,0,0,1,100,104.2,0,0,0,217,-217,0,0,0,0,0,0,1,0,0,0,0,0,0,1,1,100,0,0,0,0,0,0,0,0,0,0
Newcastle Knights,"B. Dean, J. Thames, M. Hendry, M. Jones, R. Reed",1,13,0,0,0,0,0,0,0,0,0,0,0,0,0,0,0,0,1,0,0,177.2,177.2,177.2,13.5,13.5,0,0,0,0,0,100,0,0,0,0,0,1,0,0,1,0,0,0,0,0,0,0,0,1,0,0,0,0,0,0,0,0,100,0,0,0,0,0,0,0,0,0,0,0,0,1,0,0,0,0,0,0,0,0,1,0,0,0,0,0,0
Newcastle Knights,"B. Dean, J. Thames, M. Hendry, M. Matthews, T. Riley",1,23,0,0,1,0,0,0,0,0,0,0,0,0,0,0,0,0,0,1,0,100.2,100.2,100.2,24.0,24.0,0,0,0,0,0,0,0,0,0,0,0,2,0,0,2,0,0,0,0,1,1,2,0,0,0,0,0,0,0,0,0,100,100,0,0,1,0,0,0,0,0,0,0,0,0,0,0,0,0,0,0,0,0,0,2,0,0,0,0,0,0
Newcastle Knights,"S. Trunley, J. Thames, J. Soodeen, R. Graham-Bell, T. Riley",1,3,1,0,0,0,0,0,0,1,2,50,0,0,0,0,0,0,0,0,0,377.9,675.8,80,3.6,30.0,0,56.8,0,0,0,0,0,0,118.4,0,0,0,0,0,0,0,0,0,0,0,1,1,0,0,0,0,0,0,0,0,0,0,0,0,118.4,0,0,0,0,0,0,0,0,0,0,0,0,0,0,0,0,0,0,0,0,0,0,0,0,0,0
Newcastle Knights,"S. Trunley, R. Graham-Bell, M. Hendry, H. Abdul, T. Riley",1,19,0,0,1,0,0,1,0,0,0,0,0,0,0,0,0,0,0,1,0,147.9,121.3,174.6,19.8,13.7,0,0,0,0,0,0,0,100,0,3,1,1,100,0,0,0,1,1,100,0,0,0,0,0,1,0,1,1,100,104.2,0,0,0,217,-217,0,0,0,0,0,0,1,0,0,0,0,0,0,1,1,100,0,0,0,0,0,0,0,0,0,0
Newcastle Knights,"S. Trunley, H. Abdul, M. Jones, S. Angus, M. Matthews",1,31,2,1,1,100,0,0,0,0,0,0,0,1,1,1,0,0,0,1,0,74.3,74.3,74.3,32.3,32.3,100,100,100,0,100,0,0,0,208.3,0,0,1,0,0,0,0,0,0,0,0,0,0,0,0,0,0,0,0,0,0,0,0,0,0,208.3,0,0,0,1,1,100,0,0,0,0,0,0,0,0,0,0,1,0,0,0,0,0,0,0,0,0
Newcastle Knights,"J. Thames, R. Graham-Bell, S. Angus, M. Matthews, T. Riley",1,22,0,0,0,0,0,0,0,0,0,0,0,0,0,0,0,0,1,1,0,98.4,104.7,92.2,22.9,26.0,0,0,0,0,0,100,0,0,0,1,0,0,0,0,0,0,1,2,50,0,0,0,0,0,0,0,0,0,0,56.8,0,0,0,118.4,-118.4,0,0,0,0,0,0,0,0,0,0,0,0,1,0,0,0,0,0,0,0,0,0,0,0,0,0
Nottingham Hoods,"T. Bonsu, T. Williams, T. Bonsu, L. Maitland, D. Nixon Ii",1,14,0,0,0,0,0,0,0,0,0,0,0,0,0,0,0,0,0,1,0,163.3,17.1,309.4,140.0,7.8,0,0,0,0,0,0,0,0,0,1,0,1,0,0,0,0,1,2,50,0,0,0,0,0,0,0,0,1,0,26.6,0,0,0,55.4,-55.4,0,0,0,0,0,0,0,0,0,0,0,0,0,0,0,0,1,0,0,0,0,0,0,0,0,0
Nottingham Hoods,"T. Bonsu, T. Williams, K. Bartholomew, T. Williams, S. Akano",1,4,0,0,0,0,0,0,0,0,0,0,0,0,0,0,0,0,0,1,0,283.4,60,506.9,40.0,4.7,0,0,0,0,0,0,0,0,0,2,0,0,0,0,0,0,2,2,100,0,0,0,0,0,0,0,0,0,0,113.6,0,0,0,236.7,-236.7,0,0,0,0,0,0,0,0,0,0,0,0,0,0,0,0,0,0,0,0,0,0,0,0,0,0
Nottingham Hoods,"T. Bonsu, K. Bartholomew, S. Akano, M. Savery-Richards, C. Ross",1,3,0,0,0,0,0,0,0,0,0,0,0,0,0,0,0,0,0,1,0,377.9,80,675.8,30.0,3.6,0,0,0,0,0,0,0,0,0,2,0,0,0,0,0,0,2,2,100,0,0,0,0,0,0,0,0,0,0,113.6,0,0,0,236.7,-236.7,0,0,0,0,0,0,0,0,0,0,0,0,0,0,0,0,0,0,0,0,0,0,0,0,0,0
Nottingham Hoods,"T. Bonsu, K. Bartholomew, T. Williams, S. Akano, M. Savery-Richards",1,1,0,0,1,0,0,1,0,0,0,0,0,0,0,0,0,0,0,0,0,1272,2304,240,1.0,10.0,0,0,0,0,0,0,0,100,0,0,0,0,0,0,0,0,0,0,0,0,0,0,0,0,0,0,0,0,0,0,0,0,0,0,0,0,0,0,0,0,0,1,0,0,0,0,0,0,0,0,0,0,0,0,0,0,0,0,0,0,0
Nottingham Hoods,"T. Williams, C. Ross, T. Bonsu, K. Bartholomew, E. Bailey",1,39,0,0,1,0,0,0,0,0,0,0,0,1,1,0,0,0,0,0,0,85.1,59.1,111.1,40.6,21.6,0,0,0,0,100,0,0,0,0,1,0,1,0,0,1,0,1,2,50,0,1,1,0,0,0,0,1,1,0,26.6,0,0,100,55.4,-55.4,0,0,0,1,0,0,0,0,0,0,0,0,0,0,0,0,0,0,0,1,0,0,0,0,0,0
Nottingham Hoods,"T. Williams, A. Thomson, B. Johnson, K. Bartholomew, E. Bailey, S. Akano",1,15,0,0,0,0,0,0,0,0,0,0,0,0,0,0,0,0,0,0,0,41.8,16,67.6,150.0,35.5,0,0,0,0,0,0,0,0,0,1,0,0,0,0,0,0,1,1,100,0,0,0,0,0,0,0,0,0,0,113.6,0,0,0,236.7,-236.7,0,0,0,0,0,0,0,0,0,0,0,0,0,0,0,0,0,0,0,0,0,0,0,0,0,0
Nottingham Hoods,"T. Williams, A. Adedo, B. Johnson, A. Sandu-Nelson, M. Savery-Richards",1,37,2,1,1,100,0,0,0,0,0,0,0,0,0,1,0,0,0,1,0,58.5,62.3,54.8,38.5,43.8,100,100,100,0,0,0,0,0,208.3,0,0,2,0,0,0,0,0,2,0,3,0,3,0,0,0,1,0,0,0,0,25.8,100,0,0,208.3,0,0,0,1,1,100,0,0,0,0,0,0,0,2,0,0,0,0,0,0,0,0,0,1,0,0
Nottingham Hoods,"T. Williams, T. Bonsu, B. Johnson, L. Maitland, D. Nixon Ii",1,27,0,0,1,0,0,1,0,0,0,0,0,0,0,0,0,0,0,0,0,47.1,85.3,8.9,28.1,270.0,0,0,0,0,0,0,0,100,0,0,0,0,0,0,0,0,0,0,0,0,0,0,0,0,0,0,0,0,0,0,0,0,0,0,0,0,0,0,0,0,0,1,0,0,0,0,0,0,0,0,0,0,0,0,0,0,0,0,0,0,0
Nottingham Hoods,"T. Williams, T. Bonsu, K. Bartholomew, A. Sandu-Nelson, E. Bailey",1,13,0,0,1,0,0,1,0,0,0,0,0,1,1,0,0,0,0,0,0,177.2,177.2,177.2,13.5,13.5,0,0,0,0,100,0,0,100,0,0,0,1,0,0,0,0,0,0,0,0,1,1,0,0,0,0,0,0,0,0,0,0,0,0,0,0,0,0,0,0,0,1,0,0,0,0,0,0,1,0,0,0,0,0,0,0,0,0,0,0,0
Nottingham Hoods,"T. Williams, B. Johnson, L. Maitland, K. Bartholomew, S. Akano",1,13,0,0,1,0,0,0,0,0,0,0,0,0,0,0,1,0,0,0,0,177.2,177.2,177.2,13.5,13.5,0,0,0,0,0,0,0,0,0,0,0,0,0,0,0,0,0,0,0,0,1,1,0,0,0,1,0,0,0,0,100,0,0,0,0,1,0,0,0,0,0,0,0,0,0,0,0,0,0,0,0,0,0,0,0,0,0,1,0,0,0
Nottingham Hoods,"T. Williams, B. Johnson, E. Bailey, S. Akano, M. Savery-Richards",1,22,0,0,1,0,0,0,0,0,0,0,0,0,0,0,0,0,0,1,0,98.4,104.7,92.2,22.9,26.0,0,0,0,0,0,0,0,0,0,1,0,0,0,0,0,0,1,2,50,0,1,1,0,0,0,0,0,0,0,56.8,0,0,0,118.4,-118.4,1,0,0,0,0,0,0,0,0,0,0,0,0,0,0,0,0,0,0,0,0,0,0,0,0,0
Nottingham Hoods,"A. Adedo, S. Jamison, B. Johnson, S. Akano, M. Savery-Richards",1,15,2,0,0,0,0,0,0,2,2,100,0,0,0,0,0,0,0,0,0,75.6,135.2,16,17.8,150.0,0,113.6,0,0,0,0,0,0,236.7,0,0,0,0,0,0,0,0,0,0,0,0,0,0,0,0,0,0,0,0,0,0,0,0,0,236.7,0,0,0,0,0,0,0,0,0,0,0,0,0,0,0,0,0,0,0,0,0,0,0,0,0,0
Nottingham Hoods,"A. Adedo, S. Jamison, K. Bartholomew, M. Savery-Richards, C. Ross",1,33,0,0,1,0,0,1,0,0,0,0,0,1,1,0,0,0,0,1,0,65.6,69.8,61.4,34.4,39.1,0,0,0,0,100,0,0,100,0,0,0,0,0,0,0,0,0,2,0,0,1,1,0,0,0,0,0,0,0,0,0,0,0,0,0,0,0,0,0,0,0,1,0,0,0,0,0,0,0,0,0,0,0,0,0,0,0,0,0,0,0
Nottingham Hoods,"A. Adedo, S. Jamison, K. Bartholomew, M. Savery-Richards, C. Ross",1,27,2,1,1,100,0,0,0,0,0,0,0,0,0,1,0,0,0,1,0,85.3,85.3,85.3,28.1,28.1,100,100,100,0,0,0,0,0,208.3,2,1,1,100,0,0,0,0,0,0,0,0,0,1,0,0,0,0,0,100,100,0,0,0,208.3,0,1,1,100,0,0,0,0,0,0,0,0,0,0,1,1,100,0,0,0,0,0,0,0,0,0,0
Nottingham Hoods,"A. Adedo, B. Johnson, E. Bailey, S. Akano, M. Savery-Richards",1,14,2,1,1,100,0,0,0,0,0,0,0,0,0,0,0,0,0,0,0,90.9,164.6,17.1,14.6,140.0,100,100,0,0,0,0,0,0,208.3,0,0,0,0,0,0,0,0,0,0,0,0,0,0,0,0,0,0,0,0,0,0,0,0,0,208.3,1,1,100,0,0,0,0,0,0,0,0,0,0,0,0,0,0,0,0,0,0,0,0,0,0,0
Nottingham Hoods,"A. Adedo, K. Bartholomew, T. Williams, E. Bailey, S. Akano",1,28,0,0,0,0,0,0,0,0,0,0,0,0,0,0,0,0,0,1,0,45.4,8.6,82.3,280.0,29.2,0,0,0,0,0,0,0,0,0,2,1,2,50,0,0,0,0,0,0,1,0,1,1,0,0,0,1,0,50,50,0,100,0,208.3,-208.3,0,0,0,0,0,0,0,0,0,0,0,0,0,1,0,0,1,1,100,0,0,0,0,0,0,0
Nottingham Hoods,"A. Adedo, K. Bartholomew, T. Williams, E. Bailey, C. Ross",1,33,0,0,1,0,0,1,0,0,0,0,0,0,0,0,0,0,0,0,0,69.8,69.8,69.8,34.4,34.4,0,0,0,0,0,0,0,100,0,2,1,2,50,0,0,0,0,0,0,1,1,2,0,0,0,0,1,0,50,50,0,100,0,208.3,-208.3,0,0,0,0,0,0,1,0,0,0,0,0,0,1,1,100,1,0,0,0,0,0,0,0,0,0
Nottingham Hoods,"A. Adedo, T. Williams, E. Bailey, S. Akano, M. Savery-Richards",1,4,0,0,0,0,0,0,0,0,2,0,0,1,1,0,0,0,0,0,0,506.9,506.9,506.9,4.7,4.7,0,0,0,0,100,0,0,0,0,1,0,0,0,0,0,0,1,2,50,0,1,1,0,0,0,0,1,0,0,56.8,0,0,0,118.4,-118.4,0,0,0,0,0,0,0,0,0,0,0,0,0,0,0,0,0,0,0,0,0,0,0,0,0,0
Nottingham Hoods,"A. Adedo, T. Williams, E. Bailey, M. Savery-Richards, C. Ross",1,37,0,0,2,0,0,0,0,0,0,0,1,0,1,0,1,0,0,1,0,62.3,62.3,62.3,38.5,38.5,0,0,0,50,0,0,0,0,0,0,0,0,0,0,0,0,0,0,0,0,1,1,0,0,1,1,0,0,0,0,100,0,0,0,0,2,0,0,0,0,0,0,0,0,0,0,0,0,0,0,0,0,0,0,0,0,0,0,1,0,0
Nottingham Hoods,"T. Bonsu, B. Johnson, L. Maitland, D. Nixon Ii, K. Bartholomew",1,38,2,1,1,100,0,0,0,0,0,0,0,0,0,0,0,0,0,1,0,60.6,60.6,60.6,39.6,39.6,100,100,0,0,0,0,0,0,208.3,2,1,1,100,0,0,0,0,0,0,0,0,0,1,0,0,0,0,0,100,100,0,0,0,208.3,0,1,1,100,0,0,0,0,0,0,0,0,0,0,1,1,100,0,0,0,0,0,0,0,0,0,0
Nottingham Hoods,"T. Bonsu, B. Johnson, L. Maitland, D. Nixon Ii, A. Sandu-Nelson",1,31,2,0,0,0,0,0,0,2,2,100,0,1,1,0,0,0,0,1,0,65.4,65.4,65.4,36.7,36.7,0,113.6,0,0,50,0,0,0,236.7,1,0,1,0,0,0,0,1,2,50,1,0,1,0,0,0,0,1,0,0,26.6,0,50,0,118.4,118.4,0,0,0,0,0,0,0,0,0,0,0,0,0,0,0,0,1,0,0,0,0,0,0,0,0,0
Nottingham Hoods,"T. Bonsu, B. Johnson, L. Maitland, E. Bailey, S. Akano",1,61,0,0,1,0,0,1,0,0,0,0,0,1,1,0,0,0,0,1,0,54.4,37.8,71,63.5,33.8,0,0,0,0,50,0,0,100,0,2,0,2,0,0,1,0,2,2,100,1,1,2,1,0,0,0,0,1,0,34.7,0,50,50,110.8,-110.8,0,0,0,0,0,0,1,0,0,0,0,0,0,1,0,0,0,0,0,1,0,0,0,0,0,0
Nottingham Hoods,"S. Jamison, T. Williams, E. Bailey, S. Akano, M. Savery-Richards",1,6,0,0,0,0,0,0,0,0,0,0,0,0,0,0,0,0,0,0,0,212,40,384,60.0,6.2,0,0,0,0,0,0,0,0,0,0,0,1,0,0,0,0,0,0,0,0,0,0,0,0,0,0,0,0,0,0,0,0,0,0,0,0,0,0,0,0,0,0,0,0,0,0,0,0,0,0,0,1,0,0,0,0,0,0,0,0,0
Nottingham Hoods,"K. Bartholomew, K. Bartholomew, T. Williams, S. Akano, M. Savery-Richards",1,24,2,0,0,0,0,0,0,2,2,100,0,0,0,0,0,0,0,0,0,47.2,84.5,10,28.4,240.0,0,113.6,0,0,0,0,0,0,236.7,0,0,0,0,0,0,0,0,0,0,0,0,0,0,0,0,0,0,0,0,0,0,0,0,0,236.7,0,0,0,0,0,0,0,0,0,0,0,0,0,0,0,0,0,0,0,0,0,0,0,0,0,0
Reading Rockets,"M. Bryant, J. Waterhouse, T. Nsangu, C. Creek, V. Olarerin",1,52,2,1,2,50,0,0,0,0,0,0,1,1,2,0,0,0,0,1,0,44.3,44.3,44.3,54.2,54.2,50,50,0,100,33.3,0,0,0,208.3,0,0,3,0,0,1,0,0,0,0,2,0,2,0,0,0,0,0,0,0,0,0,66.7,33.3,0,208.3,0,0,0,2,1,50,0,0,0,0,0,0,0,0,0,0,2,0,0,1,0,0,0,0,0,0
Reading Rockets,"M. Bryant, J. Waterhouse, C. Creek, J. Bouknight, S. Chamberlain",1,25,3,1,1,100,1,1,100,0,0,0,0,0,0,1,0,0,0,0,0,92.2,92.2,92.2,26.0,26.0,150,150,100,0,0,0,0,100,312.5,0,0,0,0,0,0,0,0,0,0,0,0,0,0,0,0,1,0,0,0,0,100,0,0,0,312.5,0,0,0,0,0,0,1,1,100,0,0,0,0,0,0,0,0,0,0,0,0,0,0,1,0,0
Reading Rockets,"M. Bryant, T. Nsangu, L. Sayles, C. Creek, V. Olarerin",1,2,1,0,0,0,0,0,0,1,2,50,1,0,1,1,0,0,0,0,0,120,120,120,20.0,20.0,0,56.8,0,100,0,0,0,0,1000,0,0,0,0,0,0,0,0,0,0,0,0,0,0,0,0,0,1,0,0,0,0,0,0,0,1000,0,0,0,0,0,0,0,0,0,0,0,0,0,0,0,0,0,0,0,0,0,0,0,0,0,0
Reading Rockets,"M. Bryant, T. Nsangu, L. Sayles, J. Bouknight, V. Olarerin",1,84,2,1,1,100,0,0,0,0,0,0,0,0,0,0,0,0,0,2,0,33.5,27.4,39.5,87.5,60.8,100,100,0,0,0,0,0,0,208.3,3,1,1,100,0,0,0,1,1,100,0,0,0,1,0,0,0,0,1,100,104.2,0,0,0,217,-8.7,0,0,0,1,1,100,0,0,0,0,0,0,0,1,1,100,0,0,0,0,0,0,0,0,0,0
Reading Rockets,"M. Bryant, T. Nsangu, J. Bouknight, Z. Poorman, E. Harrington",1,41,0,0,0,0,0,0,0,0,0,0,0,1,1,0,0,0,1,1,0,80.9,56.2,105.6,42.7,22.7,0,0,0,0,100,100,0,0,0,1,0,0,0,0,0,0,1,2,50,0,0,0,1,1,0,1,0,1,0,56.8,53.2,0,0,55.4,-55.4,0,0,0,0,0,0,0,0,0,1,0,0,0,0,0,0,0,0,0,0,0,0,0,1,0,0
Reading Rockets,"M. Bryant, T. Nsangu, Y. Salih, Z. Poorman, E. Harrington",1,18,2,1,1,100,0,0,0,0,0,0,0,0,0,1,0,0,0,0,0,128,128,128,18.8,18.8,100,100,100,0,0,0,0,0,208.3,0,0,1,0,0,1,0,0,0,0,0,0,0,0,0,0,0,0,0,0,0,0,0,100,0,208.3,1,1,100,0,0,0,0,0,0,0,0,0,0,0,0,0,0,0,0,1,0,0,0,0,0,0
Reading Rockets,"M. Bryant, T. Nsangu, Y. Salih, Z. Poorman, S. Chamberlain",1,66,2,0,2,0,0,1,0,2,2,100,2,0,2,0,0,0,0,1,0,50.3,30.7,69.8,78.1,34.4,0,34.7,0,100,0,0,100,50,236.7,5,2,2,100,1,1,100,0,0,0,0,0,0,2,0,0,0,1,1,125,125,0,0,50,260.4,-23.7,1,0,0,0,0,0,1,0,0,0,0,0,0,1,1,100,0,0,0,1,1,100,0,0,0,0
Reading Rockets,"M. Bryant, L. Sayles, C. Creek, Y. Salih, V. Olarerin",2,91,0,0,1,0,0,1,0,0,0,0,0,1,1,0,0,0,0,0,0,43.5,25.3,61.8,94.8,38.8,0,0,0,0,100,0,0,100,0,3,1,2,50,0,1,0,1,1,100,0,1,1,0,0,0,0,1,2,50,61.5,0,0,50,128.1,-128.1,0,0,0,0,0,0,1,0,0,0,0,1,0,1,1,100,0,0,0,1,0,0,0,0,0,0
Reading Rockets,"M. Bryant, L. Sayles, J. Bouknight, Y. Salih, V. Olarerin",1,6,2,0,0,0,0,0,0,2,2,100,0,0,0,0,1,0,0,0,0,361,337.9,384,7.1,6.2,0,113.6,0,0,0,0,0,0,236.7,0,0,0,0,0,0,0,0,0,0,0,0,0,0,0,0,1,0,0,0,0,100,0,0,0,236.7,0,0,0,0,0,0,0,0,0,0,0,0,0,0,0,0,0,0,0,0,0,0,0,1,0,0
Reading Rockets,"M. Bryant, L. Sayles, J. Bouknight, V. Olarerin, S. Chamberlain",1,48,0,0,0,0,0,0,0,0,2,0,0,1,1,0,0,0,0,0,0,69.1,42.2,96,56.8,25.0,0,0,0,0,100,0,0,0,0,0,0,1,0,0,1,0,0,0,0,0,1,1,0,0,0,1,1,1,0,0,50,0,100,0,0,0,0,0,0,0,0,0,0,0,0,0,0,0,0,0,0,0,0,0,1,0,0,1,0,0,0
Reading Rockets,"M. Bryant, C. Creek, M. Daines, Y. Salih, V. Olarerin",1,1,2,1,2,50,0,0,0,0,0,0,1,0,1,0,0,0,0,0,0,1272,2304,240,1.0,10.0,50,50,0,100,0,0,0,0,208.3,0,0,0,0,0,0,0,0,0,0,0,0,0,0,0,0,0,0,0,0,0,0,0,0,0,208.3,2,1,50,0,0,0,0,0,0,0,0,0,0,0,0,0,0,0,0,0,0,0,0,0,0,0
Reading Rockets,"M. Bryant, C. Creek, J. Bouknight, E. Harrington, V. Olarerin",1,11,2,0,0,0,0,0,0,2,2,100,0,0,0,0,0,0,0,0,0,196.9,184.3,209.5,13.0,11.5,0,113.6,0,0,0,0,0,0,236.7,0,0,1,0,0,1,0,0,0,0,0,0,0,0,0,0,0,0,0,0,0,0,0,100,0,236.7,0,0,0,0,0,0,0,0,0,0,0,0,0,0,0,0,0,0,0,1,0,0,0,0,0,0
Reading Rockets,"M. Bryant, M. Daines, Z. Poorman, E. Harrington, V. Olarerin",1,17,1,0,0,0,0,0,0,1,1,100,0,1,1,0,0,0,0,0,0,97.6,59.6,135.5,40.2,17.7,0,113.6,0,0,100,0,0,0,236.7,0,0,1,0,0,1,0,0,0,0,0,0,0,0,0,0,0,0,0,0,0,0,0,100,0,236.7,0,0,0,0,0,0,0,0,0,0,0,0,0,0,0,0,0,0,0,1,0,0,0,0,0,0
Reading Rockets,"M. Bryant, Z. Poorman, E. Harrington, V. Olarerin, S. Chamberlain",1,4,0,0,0,0,0,0,0,0,0,0,0,0,0,0,0,0,0,1,0,318,60,576,40.0,4.2,0,0,0,0,0,0,0,0,0,0,0,1,0,0,1,0,0,0,0,0,0,0,0,0,0,0,0,0,0,0,0,0,100,0,0,0,0,0,0,0,0,0,0,0,0,0,0,0,0,0,0,0,0,0,1,0,0,0,0,0,0
Reading Rockets,"J. Waterhouse, T. Nsangu, M. Hassan-Taylor, M. Daines, Y. Salih",1,46,0,0,0,0,0,0,0,0,2,0,0,2,2,0,0,0,0,0,0,72.1,44.1,100.2,54.5,24.0,0,0,0,0,100,0,0,0,0,0,0,2,0,0,1,0,0,0,0,0,1,1,0,0,0,0,1,1,0,0,0,0,50,0,0,0,0,0,0,0,0,0,0,0,0,0,0,0,1,0,0,0,0,0,1,0,0,0,0,0,0
Reading Rockets,"J. Waterhouse, T. Nsangu, M. Hassan-Taylor, Y. Salih, V. Olarerin",1,77,3,1,2,50,1,2,50,0,0,0,1,2,3,1,0,0,0,0,0,44.9,29.9,59.8,80.2,40.1,75,75,100,100,50,0,0,100,312.5,0,0,4,0,0,2,0,0,0,0,2,0,2,0,0,0,0,2,1,0,0,0,50,50,0,312.5,0,0,0,0,0,0,2,1,50,0,0,0,0,0,0,0,2,0,0,2,0,0,0,0,0,0
Reading Rockets,"J. Waterhouse, T. Nsangu, Y. Salih, Z. Poorman, V. Olarerin",1,33,0,0,0,0,0,0,0,0,0,0,0,0,0,0,0,0,1,0,0,50.3,69.8,30.7,34.4,78.1,0,0,0,0,0,100,0,0,0,1,0,0,0,0,0,0,1,1,100,0,0,0,0,0,0,0,0,0,0,113.6,0,0,0,236.7,-236.7,0,0,0,0,0,0,0,0,0,1,0,0,0,0,0,0,0,0,0,0,0,0,0,0,0,0
Reading Rockets,"J. Waterhouse, L. Sayles, M. Hassan-Taylor, J. Bouknight, S. Chamberlain",1,17,0,0,0,0,0,0,0,0,0,0,0,0,0,0,0,0,0,0,0,14.1,14.1,14.1,170.0,170.0,0,0,0,0,0,0,0,0,0,0,0,0,0,0,0,0,0,0,0,0,0,0,0,0,0,0,0,0,0,0,0,0,0,0,0,0,0,0,0,0,0,0,0,0,0,0,0,0,0,0,0,0,0,0,0,0,0,0,0,1,0
Reading Rockets,"J. Waterhouse, L. Sayles, J. Bouknight, Y. Salih, Z. Poorman",1,12,1,0,0,0,0,0,0,1,2,50,0,0,0,0,0,0,0,0,0,94.5,169,20,14.2,120.0,0,56.8,0,0,0,0,0,0,118.4,0,0,0,0,0,0,0,0,0,0,0,0,0,0,0,0,0,0,0,0,0,0,0,0,0,118.4,0,0,0,0,0,0,0,0,0,0,0,0,0,0,0,0,0,0,0,0,0,0,0,0,0,0
Reading Rockets,"T. Nsangu, C. Creek, M. Hassan-Taylor, J. Bouknight, V. Olarerin",1,44,0,0,0,0,0,0,0,0,0,0,0,1,1,0,0,1,1,0,0,78.5,52.4,104.7,45.8,22.9,0,0,0,0,100,100,0,0,0,0,0,2,0,0,1,0,0,0,0,0,0,0,0,1,0,0,0,1,0,0,0,0,50,0,0,0,0,0,0,0,0,0,0,0,0,1,0,0,1,0,0,0,0,0,1,0,0,0,0,0,0
Reading Rockets,"T. Nsangu, C. Creek, J. Bouknight, Y. Salih, Z. Poorman",1,19,0,0,1,0,0,1,0,0,0,0,0,0,0,0,0,0,0,0,0,114,121.3,106.7,19.8,22.5,0,0,0,0,0,0,0,100,0,1,0,0,0,0,0,0,1,2,50,0,0,0,0,0,0,0,1,0,0,56.8,0,0,0,118.4,-118.4,0,0,0,0,0,0,1,0,0,0,0,0,0,0,0,0,0,0,0,0,0,0,0,0,0,0
Reading Rockets,"T. Nsangu, C. Creek, Y. Salih, Z. Poorman, V. Olarerin",1,38,0,0,0,0,0,0,0,0,0,0,0,0,0,0,0,0,0,0,0,43.2,6.3,80,380.0,30.0,0,0,0,0,0,0,0,0,0,3,0,0,0,0,0,0,3,3,100,0,0,0,0,0,0,0,0,1,0,113.6,0,0,0,236.7,-236.7,0,0,0,0,0,0,0,0,0,0,0,0,0,0,0,0,0,0,0,0,0,0,0,0,0,0
Reading Rockets,"T. Nsangu, Z. Poorman, E. Harrington, V. Olarerin, S. Chamberlain",1,22,0,0,0,0,0,0,0,0,0,0,0,0,0,0,0,0,1,1,0,75.4,104.7,46.1,22.9,52.1,0,0,0,0,0,100,0,0,0,1,0,0,0,0,0,0,1,1,100,0,0,0,0,1,0,0,0,0,0,113.6,0,0,0,236.7,-236.7,0,0,0,0,0,0,0,0,0,1,0,0,0,0,0,0,0,0,0,0,0,0,0,0,0,0
Reading Rockets,"L. Sayles, M. Daines, J. Bouknight, V. Olarerin, S. Chamberlain",1,39,0,0,0,0,0,0,0,0,0,0,0,2,2,0,0,0,1,1,0,85.1,59.1,111.1,40.6,21.6,0,0,0,0,100,100,0,0,0,0,0,1,0,0,0,0,0,2,0,0,0,0,0,1,0,0,1,1,0,0,0,0,0,0,0,0,0,0,0,0,0,0,0,0,1,0,0,0,1,0,0,0,0,0,0,0,0,0,0,0,0
Reading Rockets,"C. Creek, M. Hassan-Taylor, M. Daines, V. Olarerin, S. Chamberlain",1,38,0,0,1,0,0,1,0,0,0,0,0,0,0,0,0,1,0,0,0,60.6,60.6,60.6,39.6,39.6,0,0,0,0,0,0,0,100,0,0,0,1,0,0,0,0,0,0,0,0,1,1,0,0,0,0,0,0,0,0,0,0,0,0,0,0,0,0,0,0,0,1,0,0,0,0,0,0,1,0,0,0,0,0,0,0,0,0,0,0,0
Reading Rockets,"C. Creek, Y. Salih, Z. Poorman, V. Olarerin, S. Chamberlain",1,48,0,0,0,0,0,0,0,0,0,0,0,0,0,0,0,0,1,0,0,72,48,96,50.0,25.0,0,0,0,0,0,100,0,0,0,4,2,2,100,0,0,0,0,0,0,0,0,0,0,1,0,0,0,1,100,100,0,0,0,208.3,-208.3,0,0,0,0,0,0,0,0,0,0,1,0,0,0,0,0,2,2,100,0,0,0,0,0,0,0
Worthing Thunder,"D. Evans, M. Bryan-Amaning, J. Hopkins, E. Maynard, A. Scarborough",1,16,0,0,1,0,0,1,0,0,0,0,0,0,0,0,0,0,0,0,0,79.5,144,15,16.7,160.0,0,0,0,0,0,0,0,100,0,0,0,0,0,0,0,0,0,0,0,0,0,0,0,0,0,0,0,0,0,0,0,0,0,0,0,0,0,0,0,0,0,1,0,0,0,0,0,0,0,0,0,0,0,0,0,0,0,0,0,0,0
Worthing Thunder,"D. Evans, M. Bryan-Amaning, E. Maynard, E. Dadds, A. Price",1,20,0,0,0,0,0,0,0,0,0,0,0,0,0,0,0,0,0,0,0,56.7,12,101.4,200.0,23.7,0,0,0,0,0,0,0,0,0,2,0,0,0,0,0,0,2,2,100,0,0,0,0,0,0,0,0,0,0,113.6,0,0,0,236.7,-236.7,0,0,0,0,0,0,0,0,0,0,0,0,0,0,0,0,0,0,0,0,0,0,0,0,0,0
Worthing Thunder,"D. Evans, J. Hopkins, E. Maynard, J. Lashley, B. Lomeka",1,10,0,0,1,0,0,0,0,0,0,0,0,1,1,0,0,0,0,0,0,216.6,230.4,202.8,10.4,11.8,0,0,0,0,100,0,0,0,0,1,0,0,0,0,0,0,1,2,50,0,1,1,0,0,0,0,0,0,0,56.8,0,0,0,118.4,-118.4,1,0,0,0,0,0,0,0,0,0,0,0,0,0,0,0,0,0,0,0,0,0,0,0,0,0
Worthing Thunder,"D. Evans, J. Hopkins, T. Mcindoe, A. Scarborough, E. Dadds",1,50,2,1,3,33.3,0,2,0,0,0,0,2,1,3,0,0,0,0,0,0,46.1,46.1,46.1,52.1,52.1,33.3,33.3,0,100,50,0,0,66.7,208.3,0,0,2,0,0,1,0,0,0,0,1,0,1,0,0,0,0,0,0,0,0,0,50,50,0,208.3,1,1,100,0,0,0,2,0,0,0,0,0,0,0,0,0,1,0,0,1,0,0,0,0,0,0
Worthing Thunder,"D. Evans, J. Hopkins, J. Lashley, B. Adeluola, B. Lomeka",1,12,0,0,0,0,0,0,0,0,0,0,0,0,0,0,0,0,0,0,0,106,20,192,120.0,12.5,0,0,0,0,0,0,0,0,0,2,1,2,50,0,0,0,0,0,0,1,0,1,0,0,0,0,0,0,50,50,0,100,0,208.3,-208.3,0,0,0,0,0,0,0,0,0,0,0,0,0,2,1,50,0,0,0,0,0,0,0,0,0,0
Worthing Thunder,"D. Evans, E. Maynard, J. Lashley, A. Scarborough, E. Dadds",1,18,0,0,1,0,0,1,0,0,0,0,0,0,0,0,0,0,0,0,0,128,128,128,18.8,18.8,0,0,0,0,0,0,0,100,0,2,1,1,100,0,0,0,0,0,0,0,0,0,1,0,0,0,0,0,100,100,0,0,0,208.3,-208.3,0,0,0,0,0,0,1,0,0,0,0,0,0,0,0,0,1,1,100,0,0,0,0,0,0,0
Worthing Thunder,"C. Mcavoy-Smith, M. Bryan-Amaning, E. Maynard, E. Dadds, A. Price",1,29,0,0,0,0,0,0,0,0,0,0,0,0,0,0,0,0,1,1,0,158.9,79.4,238.3,30.2,10.1,0,0,0,0,0,100,0,0,0,4,2,3,66.7,0,1,0,0,0,0,0,0,0,0,1,0,0,0,2,66.7,66.7,0,0,33.3,138.9,-138.9,0,0,0,0,0,0,0,0,0,0,1,0,0,2,2,100,0,0,0,1,0,0,0,0,0,0
Yorkshire Dragons,"R. Ani, D. Ulph, L. Rooney, C. Johnson, N. Lewis",1,54,0,0,1,0,0,1,0,0,0,0,0,0,0,0,0,0,0,0,0,64,42.7,85.3,56.2,28.1,0,0,0,0,0,0,0,100,0,3,1,1,100,1,1,100,0,0,0,0,1,1,1,0,0,1,0,1,150,150,50,0,100,156.2,-156.2,0,0,0,0,0,0,1,0,0,0,0,0,0,0,0,0,0,0,0,1,1,100,0,0,0,1
Yorkshire Dragons,"R. Ani, J. Jefferson, J. Mielke, C. Johnson, N. Lewis",1,4,0,0,0,0,0,0,0,0,0,0,0,0,0,0,0,0,0,1,0,283.4,60,506.9,40.0,4.7,0,0,0,0,0,0,0,0,0,1,0,0,0,0,0,0,1,2,50,0,0,0,0,0,0,0,0,0,0,56.8,0,0,0,118.4,-118.4,0,0,0,0,0,0,0,0,0,0,0,0,0,0,0,0,0,0,0,0,0,0,0,0,0,0
Yorkshire Dragons,"D. Ulph, B. Tew, E. Brownell, J. Whelan, N. Lewis",1,13,0,0,0,0,0,0,0,0,0,0,0,0,0,0,0,0,0,1,0,18.5,18.5,18.5,130.0,130.0,0,0,0,0,0,0,0,0,0,0,0,0,0,0,0,0,0,0,0,0,0,0,0,0,0,0,0,0,0,0,0,0,0,0,0,0,0,0,0,0,0,0,0,0,0,0,0,0,0,0,0,0,0,0,0,0,0,0,0,0,0
Yorkshire Dragons,"D. Ulph, B. Tew, J. Whelan, J. Mielke, C. Johnson",1,26,0,0,0,0,0,0,0,0,0,0,0,0,0,0,0,0,1,0,0,83.3,88.6,78,27.1,30.8,0,0,0,0,0,100,0,0,0,1,0,0,0,0,0,0,1,2,50,0,0,0,0,0,0,0,0,0,0,56.8,0,0,0,118.4,-118.4,0,0,0,0,0,0,0,0,0,1,0,0,0,0,0,0,0,0,0,0,0,0,0,0,0,0
Yorkshire Dragons,"D. Ulph, B. Tew, J. Whelan, A. Lycoudis, C. Johnson",1,31,2,1,1,100,0,0,0,0,0,0,0,0,0,0,2,0,0,0,0,111.5,74.3,148.6,32.3,16.1,100,100,0,0,0,0,0,0,208.3,0,0,0,0,0,0,0,0,0,0,0,0,0,0,0,0,2,0,1,0,0,100,0,0,0,208.3,1,1,100,0,0,0,0,0,0,0,0,0,0,0,0,0,0,0,0,0,0,0,0,2,0,0
Yorkshire Dragons,"D. Ulph, B. Tew, S. Mamuini, A. Lycoudis, N. Lewis",1,15,0,0,0,0,0,0,0,0,0,0,0,1,1,0,0,0,0,0,0,84.8,16,153.6,150.0,15.6,0,0,0,0,100,0,0,0,0,0,0,1,0,0,0,0,0,0,0,0,0,0,0,0,0,0,1,0,0,0,0,0,0,0,0,0,0,0,0,0,0,0,0,0,0,0,0,0,1,0,0,0,0,0,0,0,0,0,0,0,0
Yorkshire Dragons,"D. Ulph, J. Whelan, J. Jefferson, J. Mielke, N. Lewis",1,20,2,1,3,33.3,0,1,0,0,0,0,2,0,2,0,0,0,0,0,0,115.2,115.2,115.2,20.8,20.8,33.3,33.3,0,100,0,0,0,33.3,208.3,2,1,1,100,0,0,0,0,0,0,0,0,0,1,0,0,0,1,0,100,100,0,0,0,208.3,0,2,1,50,0,0,0,1,0,0,0,0,0,0,0,0,0,1,1,100,0,0,0,0,0,0,0
Yorkshire Dragons,"D. Ulph, J. Mielke, A. Lycoudis, C. Johnson, N. Lewis",1,1,0,0,1,0,0,0,0,0,0,0,0,0,0,0,0,0,0,0,0,1272,2304,240,1.0,10.0,0,0,0,0,0,0,0,0,0,0,0,0,0,0,0,0,0,0,0,0,0,0,0,0,0,0,0,0,0,0,0,0,0,0,0,0,0,0,1,0,0,0,0,0,0,0,0,0,0,0,0,0,0,0,0,0,0,0,0,0,0
Yorkshire Dragons,"B. Tew, E. Brownell, J. Mielke, C. Johnson, N. Lewis",1,9,2,1,1,100,0,0,0,0,0,0,0,0,0,0,0,0,0,0,0,256,256,256,9.4,9.4,100,100,0,0,0,0,0,0,208.3,0,0,1,0,0,1,0,0,0,0,0,0,0,0,0,0,0,0,0,0,0,0,0,100,0,208.3,1,1,100,0,0,0,0,0,0,0,0,0,0,0,0,0,0,0,0,1,0,0,0,0,0,0
Yorkshire Dragons,"B. Tew, J. Whelan, L. Rooney, J. Mielke, C. Johnson",1,29,0,0,0,0,0,0,0,0,0,0,0,1,1,0,0,0,0,0,0,21.6,8.3,35,290.0,68.7,0,0,0,0,100,0,0,0,0,0,0,0,0,0,0,0,0,1,0,0,0,0,0,0,0,0,0,0,0,0,0,0,0,0,0,0,0,0,0,0,0,0,0,0,0,0,0,0,0,0,0,0,0,0,0,0,0,0,0,0,0
Yorkshire Dragons,"E. Brownell, L. Rooney, J. Mielke, A. Lycoudis, N. Lewis",1,12,0,0,0,0,0,0,0,0,0,0,0,0,0,0,0,0,0,0,0,94.5,20,169,120.0,14.2,0,0,0,0,0,0,0,0,0,2,0,0,0,0,0,0,2,2,100,0,0,0,0,0,0,0,0,0,0,113.6,0,0,0,236.7,-236.7,0,0,0,0,0,0,0,0,0,0,0,0,0,0,0,0,0,0,0,0,0,0,0,0,0,0
Yorkshire Dragons,"B. Tew, J. Whelan, J. Mielke, C. Johnson, N. Lewis",1,12,0,0,1,0,0,1,0,0,0,0,0,0,0,0,0,0,0,2,0,106,192,20,12.5,120.0,0,0,0,0,0,0,0,100,0,0,0,0,0,0,0,0,0,0,0,0,1,1,0,0,0,0,0,0,0,0,0,0,0,0,0,0,0,0,0,0,0,1,0,0,0,0,0,0,0,0,0,0,0,0,0,0,0,0,0,0,0
Yorkshire Dragons,"B. Tew, L. Rooney, J. Jefferson, C. Johnson, N. Lewis",1,11,2,0,0,0,0,0,0,2,2,100,0,0,0,0,0,0,0,0,0,103.1,184.3,21.8,13.0,110.0,0,113.6,0,0,0,0,0,0,236.7,0,0,0,0,0,0,0,0,0,0,0,0,0,0,0,0,0,0,0,0,0,0,0,0,0,236.7,0,0,0,0,0,0,0,0,0,0,0,0,0,0,0,0,0,0,0,0,0,0,0,0,0,0
