Team,Player_Number,Player_Name,Conference,Games,MPG,MIN,PTS,PPG,FGM,FGA,FG%,3PM,3PA,3P%,FTM,FTA,FT%,OREB,DREB,REB,AST,STL,BLK,TOV,PF,eFG%,TS%,USG%,ORtg,PTS/100,3PA/100,ORB%,DRB%,TRB%,AST%,STL%,BLK%,TOV%,FTr,BPM,OBPM,DBPM,RIM_ATT,RIM_MADE,RIM%,OTD_2PT_ATT,OTD_2PT_MADE,OTD_2PT%,OTD_3PT_ATT,OTD_3PT_MADE,OTD_3PT%,PASS_TO,DRIBBLE_TO,DEFENSE_TO,MISC_TO,RIM_ATT_VS,RIM_MADE_VS,RIM%_VS,OTD_2PT_ATT_VS,OTD_2PT_MADE_VS,OTD_2PT%_VS,OTD_3PT_ATT_VS,OTD_3PT_MADE_VS,OTD_3PT%_VS,PASS_TO_VS,DRIBBLE_TO_VS,DEFENSE_TO_VS,MISC_TO_VS
Barnet Bulldogs Senior Men,6,S. Cooper,,16,31.5,504.2,362,22.6,124,278,44.6,45,126,35.7,69,85,81.2,13,84,97,57,56,5,45,34,52.7,57.4,29.4,100.4,28.4,9.9,2.1,15.1,8.3,22.5,5.7,1.0,12.5,0.31,17.82,10.04,7.78,97,59,60.8,55,20,36.4,126,45,35.7,17,17,0,11,0,0,0,0,0,0,0,0,0,0,0,0,0
Solent Kestrels Senior Men,5,A. Arissol,,14,30.9,433.1,247,17.6,90,204,44.1,32,96,33.3,35,45,77.8,17,55,72,52,49,4,44,21,52.0,55.2,25.1,92.2,21.9,8.5,3.2,10.2,6.7,20.8,5.6,0.8,16.4,0.22,17.24,7.83,9.41,41,31,75.6,62,26,41.9,88,30,34.1,21,11,0,12,0,0,0,0,0,0,0,0,0,0,0,0,0
Solent Kestrels Senior Men,11,L. Busumbru,,11,29.1,320.1,122,11.1,44,84,52.4,7,22,31.8,27,46,58.7,15,56,71,58,15,7,21,12,56.5,58.5,15.6,97.4,13.7,2.5,3.8,14.9,9.2,27.6,2.3,1.9,16.8,0.55,15.6,7.04,8.56,42,28,66.7,16,7,43.8,19,6,31.6,15,5,0,1,0,0,0,0,0,0,0,0,0,0,0,0,0
Birmingham City University Senior Men,11,R. Faure-Daley,,20,29.0,580.4,239,11.9,84,227,37.0,50,149,33.6,21,30,70.0,20,88,108,155,96,3,69,55,48.0,49.8,20.2,77.3,13.9,8.6,2.6,12.1,7.2,42.0,7.6,0.5,22.3,0.13,15.22,6.0,9.22,34,21,61.8,43,12,27.9,149,50,33.6,53,13,0,3,0,0,0,0,0,0,0,0,0,0,0,0,0
Manchester Magic Senior Men I,8,J. Walton,,21,31.7,665.6,396,18.9,145,326,44.5,71,170,41.8,35,48,72.9,9,68,77,108,35,0,64,24,55.4,57.0,26.3,96.3,24.2,10.4,1.2,8.5,5.0,30.3,2.7,0.0,15.6,0.15,14.41,8.75,5.66,66,34,51.5,88,40,45.5,170,71,41.8,36,23,0,5,0,0,0,0,0,0,0,0,0,0,0,0,0
Solent Kestrels Senior Men,6,E. Round,,16,26.8,428.6,191,11.9,67,166,40.4,38,107,35.5,19,23,82.6,17,55,72,50,26,2,19,25,51.8,54.2,18.3,97.9,14.8,8.3,3.2,10.4,6.8,18.7,3.0,0.4,9.7,0.14,13.87,6.71,7.16,24,18,75,32,11,34.4,100,36,36,12,5,0,2,0,0,0,0,0,0,0,0,0,0,0,0,0
St Helens Saints Senior Men,14,D. Lufadeju,,21,34.2,718.4,464,22.1,155,339,45.7,51,133,38.3,103,127,81.1,46,112,158,91,61,3,71,63,53.2,58.8,26.4,99.6,26.4,7.6,5.3,13.1,9.2,23.8,4.1,0.4,15.2,0.37,13.7,8.57,5.13,117,75,64.1,89,29,32.6,133,51,38.3,30,31,0,10,0,0,0,0,0,0,0,0,0,0,0,0,0
Sheffield Arrows Senior Men,23,D. Soares,,22,37.1,816.6,292,13.3,113,239,47.3,43,126,34.1,23,50,46.0,50,160,210,115,51,33,44,56,56.3,55.9,15.2,95.7,15.9,6.8,5.0,15.5,10.4,21.5,3.0,3.4,14.4,0.21,13.64,8.06,5.58,102,68,66.7,10,2,20,126,43,34.1,20,16,1,7,0,0,0,0,0,0,0,0,0,0,0,0,0
Sheffield Arrows Senior Men,33,H. Ibrahim,,21,37.4,784.8,519,24.7,187,370,50.5,15,64,23.4,130,178,73.0,72,195,267,100,36,10,86,45,52.6,57.9,27.8,97.1,29.8,3.7,7.7,19.6,13.8,22.7,2.2,1.1,16.1,0.48,13.14,9.07,4.07,212,139,65.6,94,33,35.1,64,15,23.4,25,44,1,16,0,0,0,0,0,0,0,0,0,0,0,0,0
London Stars Senior Men,9,R.  Martin,,1,31.8,31.8,20,20.0,7,14,50.0,1,3,33.3,5,8,62.5,5,12,17,9,1,2,7,3,53.6,57.1,25.9,81.6,21.6,3.2,12.1,30.8,21.2,43.2,1.4,5.7,28.5,0.57,12.8,6.56,6.23,9,5,55.6,2,1,50,3,1,33.3,4,3,0,0,0,0,0,0,0,0,0,0,0,0,0,0,0
Worcester Wolves Senior Men,21,E. Burgess,,22,28.7,632.0,398,18.1,165,289,57.1,5,19,26.3,63,93,67.7,94,132,226,36,26,14,36,44,58.0,60.3,23.7,108.8,22.3,1.1,12.6,18.1,15.4,11.5,2.1,2.2,9.8,0.32,12.69,7.85,4.84,189,127,67.2,80,32,40,19,5,26.3,13,14,0,9,0,0,0,0,0,0,0,0,0,0,0,0,0
London Stars Senior Men,9,R. Martin,,12,35.7,428.4,235,19.6,67,166,40.4,20,54,37.0,81,106,76.4,34,107,141,62,24,14,57,32,46.4,55.3,26.3,87.2,23.7,5.4,6.8,19.9,13.6,27.1,2.7,2.8,21.1,0.64,11.91,5.92,5.99,58,32,55.2,54,15,27.8,54,20,37,31,19,2,5,0,0,0,0,0,0,0,0,0,0,0,0,0
St Helens Saints Senior Men,9,C. Murtagh,,15,31.4,471.2,298,19.9,99,232,42.7,52,152,34.2,48,59,81.4,24,68,92,23,39,2,24,50,53.9,57.8,24.2,105.7,23.5,12.0,4.2,11.8,8.0,9.3,4.0,0.4,8.5,0.25,11.43,7.61,3.83,43,33,76.7,37,14,37.8,152,52,34.2,5,7,0,12,0,0,0,0,0,0,0,0,0,0,0,0,0
Teesside Lions Senior Men,29,M. Hood,,3,37.4,112.3,74,24.7,23,54,42.6,11,28,39.3,17,20,85.0,4,14,18,14,6,2,11,7,52.8,58.9,28.5,100.3,31.8,12.0,3.1,10.8,6.9,22.5,2.7,1.4,14.9,0.37,11.37,7.73,3.63,20,10,50,6,2,33.3,28,11,39.3,5,3,1,2,0,0,0,0,0,0,0,0,0,0,0,0,0
Manchester Magic Senior Men I,11,L. Lara-Sanchez,,1,18.5,18.5,8,8.0,3,6,50.0,2,4,50.0,0,0,0,1,0,1,2,1,1,1,0,66.7,66.7,15.3,114.3,10.5,5.2,4.2,0.0,2.2,15.7,2.9,4.5,14.3,0.0,11.19,6.69,4.5,1,1,100,1,0,0,4,2,50,0,1,0,0,0,0,0,0,0,0,0,0,0,0,0,0,0
Birmingham City University Senior Men,3,R. Oberia,,20,29.0,579.5,384,19.2,134,323,41.5,59,163,36.2,57,80,71.2,32,60,92,27,52,6,44,37,50.6,53.6,26.4,95.5,22.1,9.4,4.2,8.2,6.1,8.6,4.2,0.9,10.9,0.25,11.03,6.41,4.62,118,64,54.2,40,11,27.5,163,59,36.2,16,23,0,5,0,0,0,0,0,0,0,0,0,0,0,0,0
Birmingham City University Senior Men,9,S. Toluwase,,16,30.6,489.5,361,22.6,111,275,40.4,36,128,28.1,103,140,73.6,37,76,113,34,37,2,55,43,46.9,53.6,30.5,92.2,26.5,9.4,5.7,12.7,9.1,13.0,3.5,0.4,14.0,0.51,10.85,6.26,4.58,115,65,56.5,32,10,31.2,128,36,28.1,16,24,1,14,0,0,0,0,0,0,0,0,0,0,0,0,0
Manchester Magic Senior Men I,7,A. Bile,,21,28.2,592.1,362,17.2,128,288,44.4,32,109,29.4,74,109,67.9,32,88,120,42,30,7,46,32,50.0,53.9,27.6,94.8,22.1,6.7,5.0,12.3,8.8,13.3,2.6,1.1,12.0,0.38,10.61,6.13,4.48,141,82,58.2,34,10,29.4,109,32,29.4,12,26,0,8,0,0,0,0,0,0,0,0,0,0,0,0,0
Richmond Knights Senior Men,9,C. Vines,,16,33.6,538.1,308,19.2,125,203,61.6,0,1,0.0,58,101,57.4,69,134,203,28,29,16,45,28,61.6,62.2,21.4,105.3,22.8,0.1,10.7,20.2,15.5,11.7,2.6,2.7,15.4,0.5,10.51,4.89,5.62,176,113,64.2,26,12,46.2,1,0,0,13,25,3,4,0,0,0,0,0,0,0,0,0,0,0,0,0
Solent Kestrels Senior Men,15,A. Briggs,,15,18.0,269.6,118,7.9,51,93,54.8,2,8,25.0,14,24,58.3,26,63,89,34,10,19,27,32,55.9,57.0,19.6,90.4,9.7,0.7,7.9,18.6,13.3,21.1,1.8,6.2,20.7,0.26,10.5,3.72,6.78,39,24,61.5,37,19,51.4,7,2,28.6,17,2,0,8,0,0,0,0,0,0,0,0,0,0,0,0,0
Manchester Magic Senior Men I,13,D. Davies,,16,29.8,476.7,174,10.9,62,128,48.4,0,3,0.0,50,66,75.8,64,106,170,41,19,10,35,32,48.4,55.4,17.2,90.6,13.9,0.2,12.4,18.7,15.7,13.1,2.0,1.9,18.2,0.52,10.46,5.38,5.08,101,56,55.4,24,6,25,3,0,0,10,19,0,6,0,0,0,0,0,0,0,0,0,0,0,0,0
Manchester Magic Senior Men I,10,P. Gordon,,8,15.6,125.0,87,10.9,32,60,53.3,7,22,31.8,16,19,84.2,5,34,39,12,11,0,10,4,59.2,63.6,26.9,111.0,14.1,3.6,3.7,22.0,13.5,18.7,4.6,0.0,12.8,0.32,10.25,5.28,4.97,35,24,68.6,3,1,33.3,22,7,31.8,3,6,0,1,0,0,0,0,0,0,0,0,0,0,0,0,0
London Stars Senior Men,99,N. Zajankauskas,,15,31.3,469.8,289,19.3,111,241,46.1,25,90,27.8,42,52,80.8,16,54,70,47,31,6,30,42,51.2,54.8,25.7,98.3,23.0,7.2,2.9,9.3,6.2,21.0,3.1,1.1,10.2,0.22,10.07,5.43,4.64,114,70,61.4,37,16,43.2,90,25,27.8,14,10,0,6,0,0,0,0,0,0,0,0,0,0,0,0,0
Barking Abbey Senior Men I,43,J. Mendes,,16,25.4,405.7,222,13.9,83,191,43.5,19,60,31.7,37,47,78.7,54,79,133,18,18,15,34,36,48.4,52.4,24.9,90.4,17.4,4.7,11.4,15.1,13.3,9.5,2.3,3.8,13.8,0.25,9.41,4.15,5.25,74,45,60.8,47,16,34,54,14,25.9,8,20,1,5,0,0,0,0,0,0,0,0,0,0,0,0,0
Solent Kestrels Senior Men,4,J. Ofman,,15,19.8,296.5,181,12.1,70,183,38.3,21,79,26.6,20,29,69.0,35,58,93,13,10,2,15,18,44.0,46.2,28.7,85.9,15.0,6.5,9.5,15.9,12.7,8.1,1.7,0.6,7.1,0.16,9.31,4.8,4.51,65,34,52.3,38,15,39.5,74,20,27,5,7,1,2,0,0,0,0,0,0,0,0,0,0,0,0,0
Myerscough Basketball Academy Senior Men I,12,Z. Trezvant,,20,23.5,471.0,185,9.2,77,176,43.8,11,46,23.9,20,36,55.6,67,147,214,44,21,33,59,23,46.9,48.2,21.3,73.8,11.8,2.9,11.2,24.9,18.0,16.5,2.3,6.7,23.5,0.2,9.2,4.74,4.47,98,55,56.1,32,11,34.4,46,11,23.9,34,20,1,4,0,0,0,0,0,0,0,0,0,0,0,0,0
Worcester Wolves Senior Men,10,H. Ferreira,,21,29.5,619.9,229,10.9,92,169,54.4,7,29,24.1,38,74,51.4,62,47,109,39,64,9,53,74,56.5,56.8,16.7,90.0,13.4,1.7,8.4,6.6,7.5,10.5,5.2,1.5,20.8,0.44,9.06,3.26,5.8,124,79,63.7,16,6,37.5,29,7,24.1,24,20,0,9,0,0,0,0,0,0,0,0,0,0,0,0,0
Solent Kestrels Senior Men,16,W. Kitenge,,16,15.6,249.6,108,6.8,46,79,58.2,0,0,0,16,26,61.5,53,59,112,13,8,8,26,19,58.2,59.7,18.8,92.8,8.3,0.0,17.2,19.2,18.2,8.7,1.6,2.9,22.3,0.33,8.94,3.81,5.13,54,32,59.3,23,13,56.5,0,0,0,10,7,2,7,0,0,0,0,0,0,0,0,0,0,0,0,0
Teesside Lions Senior Men,48,M. Felletti-O'donnell,,1,34.8,34.8,25,25.0,8,17,47.1,5,9,55.6,4,5,80.0,0,4,4,3,0,0,2,2,61.8,65.1,27.7,117.9,30.8,11.1,0.0,8.1,4.5,23.3,0.0,0.0,9.4,0.29,8.82,7.95,0.87,3,2,66.7,5,1,20,9,5,55.6,1,1,0,0,0,0,0,0,0,0,0,0,0,0,0,0,0
Barnet Bulldogs Senior Men,22,R. Mccowan,,14,18.2,255.1,151,10.8,54,128,42.2,27,71,38.0,16,25,64.0,9,23,32,21,21,1,19,25,52.7,54.3,25.7,95.6,13.6,6.4,2.9,8.3,5.5,15.6,4.2,0.4,12.0,0.2,8.81,5.06,3.75,33,19,57.6,24,8,33.3,71,27,38,7,7,0,5,0,0,0,0,0,0,0,0,0,0,0,0,0
Sheffield Arrows Senior Men,25,A. Lycoudis,,6,29.9,179.4,93,15.5,32,87,36.8,18,52,34.6,11,12,91.7,9,36,45,19,7,3,9,14,47.1,50.4,22.7,91.8,18.5,10.4,4.3,15.9,10.3,16.2,1.9,1.4,8.9,0.14,8.72,6.59,2.13,23,10,43.5,12,4,33.3,52,18,34.6,5,2,0,2,0,0,0,0,0,0,0,0,0,0,0,0,0
Barnet Bulldogs Senior Men,0,C. Duru,,16,24.5,391.2,176,11.0,62,144,43.1,26,72,36.1,26,39,66.7,14,40,54,33,17,2,21,38,52.1,54.6,18.9,96.6,13.6,5.6,2.9,9.2,5.9,14.1,2.2,0.5,11.5,0.27,8.68,4.98,3.7,46,25,54.3,26,11,42.3,72,26,36.1,6,10,0,5,0,0,0,0,0,0,0,0,0,0,0,0,0
Teesside Lions Senior Men,27,H. Omitowotjo,,1,36.0,36.0,24,24.0,8,19,42.1,4,8,50.0,4,6,66.7,1,2,3,2,1,0,0,2,52.6,55.5,27.6,110.9,30.1,10.0,2.2,4.6,3.4,11.0,1.3,0.0,0.0,0.32,8.67,7.89,0.78,5,3,60,6,1,16.7,8,4,50,0,0,0,0,0,0,0,0,0,0,0,0,0,0,0,0,0
Myerscough Basketball Academy Senior Men I,9,O. Esingle,,22,21.4,470.6,199,9.0,83,171,48.5,10,47,21.3,23,47,48.9,12,72,84,77,28,8,39,39,51.5,51.9,19.7,86.3,11.6,2.7,2.0,12.1,7.0,29.8,3.0,1.6,16.9,0.27,8.63,4.06,4.57,92,61,66.3,32,12,37.5,47,10,21.3,18,17,0,4,0,0,0,0,0,0,0,0,0,0,0,0,0
Solent Kestrels Senior Men,10,G. Durand,,13,25.2,328.1,90,6.9,34,106,32.1,3,31,9.7,19,40,47.5,18,59,77,38,18,3,15,23,33.5,36.4,16.9,64.9,8.5,2.9,4.4,14.5,9.4,17.2,2.7,0.8,10.8,0.38,8.63,2.41,6.21,19,11,57.9,53,19,35.8,27,2,7.4,6,7,0,2,0,0,0,0,0,0,0,0,0,0,0,0,0
Birmingham City University Senior Men,11,R. Faure,,1,26.9,26.9,13,13.0,3,11,27.3,3,8,37.5,4,4,100.0,2,5,7,5,1,0,4,3,40.9,50.9,24.9,77.6,16.8,10.4,6.1,15.5,10.8,33.1,2.0,0.0,23.9,0.36,8.55,4.54,4.01,1,0,0,2,0,0,8,3,37.5,3,1,0,0,0,0,0,0,0,0,0,0,0,0,0,0,0
Barnet Bulldogs Senior Men,1,D. Brown,,17,21.8,371.0,154,9.1,50,127,39.4,11,43,25.6,43,66,65.2,24,44,68,42,27,10,33,36,43.7,49.3,20.7,81.5,11.2,3.1,5.3,10.8,7.9,18.2,3.7,2.7,17.5,0.52,8.33,3.96,4.37,67,33,49.3,17,6,35.3,43,11,25.6,14,16,0,3,0,0,0,0,0,0,0,0,0,0,0,0,0
Leicester Warriors Senior Men,6,C. Keys,,3,27.5,82.4,66,22.0,25,49,51.0,10,24,41.7,6,7,85.7,3,13,16,7,5,0,7,9,61.2,63.4,28.9,111.7,25.5,9.3,3.2,12.1,7.9,16.0,2.9,0.0,11.8,0.14,8.27,6.23,2.03,18,12,66.7,7,3,42.9,24,10,41.7,1,5,0,1,0,0,0,0,0,0,0,0,0,0,0,0,0
Liverpool Senior Men,0,L. Rogerson-Evans,,22,31.2,685.8,338,15.4,131,302,43.4,39,125,31.2,37,54,68.5,21,120,141,81,32,10,47,33,49.8,51.9,21.9,90.7,17.9,6.6,2.5,13.5,8.1,21.8,2.2,1.3,12.6,0.18,8.12,4.67,3.44,159,97,61,77,23,29.9,192,57,29.7,25,26,0,12,0,0,0,0,0,0,0,0,0,0,0,0,0
Myerscough Basketball Academy Senior Men I,4,C. Sanchez Falette,,21,25.1,526.8,253,12.0,88,237,37.1,32,104,30.8,45,73,61.6,37,94,131,50,34,4,54,40,43.9,47.0,24.7,78.3,15.4,6.3,5.6,14.0,9.8,16.9,3.3,0.7,16.7,0.31,8.1,4.38,3.72,99,46,46.5,30,8,26.7,104,32,30.8,20,27,2,5,0,0,0,0,0,0,0,0,0,0,0,0,0
Greenwich Titans Senior Men,12,D. Vazgys,,2,32.0,63.9,45,22.5,18,42,42.9,3,11,27.3,6,14,42.9,2,8,10,10,4,0,3,3,46.4,46.7,32.8,88.0,27.8,6.8,2.3,12.2,6.6,30.2,3.2,0.0,5.9,0.33,8.1,5.14,2.96,21,12,57.1,10,3,30,11,3,27.3,0,1,0,2,0,0,0,0,0,0,0,0,0,0,0,0,0
Cardiff Met Archers Senior Men I,6,M. Jones,,9,32.5,292.2,169,18.8,70,152,46.1,12,42,28.6,17,28,60.7,16,48,64,29,23,8,17,26,50.0,51.4,26.1,93.2,22.7,5.6,4.7,13.1,9.0,20.4,3.8,2.7,9.4,0.18,8.04,4.14,3.91,66,37,56.1,44,21,47.7,42,12,28.6,6,8,0,3,0,0,0,0,0,0,0,0,0,0,0,0,0
Barking Abbey Senior Men I,4,L. Sayles,,7,27.3,190.9,89,12.7,32,81,39.5,9,38,23.7,16,26,61.5,12,22,34,15,13,1,18,14,45.1,48.1,23.9,80.6,16.3,6.9,5.2,9.6,7.4,16.1,3.5,0.6,16.3,0.32,7.87,2.5,5.37,22,17,77.3,16,5,31.2,33,8,24.2,8,7,0,3,0,0,0,0,0,0,0,0,0,0,0,0,0
Liverpool Senior Men,9,A. Gayle,,20,30.9,617.0,339,16.9,116,266,43.6,47,148,31.8,60,98,61.2,24,111,135,30,41,6,47,35,52.4,54.8,23.3,95.2,19.6,8.6,3.1,13.8,8.6,8.7,3.1,0.9,13.2,0.37,7.81,4.52,3.3,85,61,71.8,33,8,24.2,148,47,31.8,11,29,0,7,0,0,0,0,0,0,0,0,0,0,0,0,0
Myerscough Basketball Academy Senior Men I,0,H. Sheehan,,22,25.0,549.4,299,13.6,90,245,36.7,63,171,36.8,56,72,77.8,8,56,64,23,13,1,42,31,49.6,54.0,23.4,93.8,17.4,10.0,1.1,8.0,4.6,7.4,1.2,0.2,13.2,0.29,7.5,5.3,2.2,49,21,42.9,23,4,17.4,171,63,36.8,21,16,1,4,0,0,0,0,0,0,0,0,0,0,0,0,0
Greenwich Titans Senior Men,13,7. Temilola,,1,27.1,27.1,23,23.0,9,16,56.2,0,0,0,5,9,55.6,1,4,5,1,5,0,2,5,56.2,57.6,32.2,104.7,25.3,0.0,3.1,12.1,7.6,9.4,8.5,0.0,9.1,0.56,7.49,1.78,5.71,12,7,58.3,4,2,50,0,0,0,0,2,0,0,0,0,0,0,0,0,0,0,0,0,0,0,0
Barnet Bulldogs Senior Men,9,A. A,,1,9.6,9.6,5,5.0,2,2,100.0,1,1,100.0,0,0,0,2,2,4,1,0,0,1,1,125.0,125.0,12.8,166.7,6.0,1.2,15.7,19.3,17.3,26.5,0.0,0.0,33.3,0.0,7.39,4.88,2.5,1,1,100,0,0,0,1,1,100,0,1,0,0,0,0,0,0,0,0,0,0,0,0,0,0,0
Myerscough Basketball Academy Senior Men I,10,S. Laditan-Adebiyi,,41,18.0,737.9,181,4.4,79,170,46.5,4,28,14.3,19,48,39.6,149,141,290,58,46,6,32,55,47.6,47.4,12.1,81.1,5.7,0.9,15.8,15.2,15.5,12.5,3.2,0.8,14.3,0.28,6.99,3.97,3.02,120,63,52.5,21,11,52.4,28,4,14.3,16,11,1,4,0,0,0,0,0,0,0,0,0,0,0,0,0
London Lions Senior Men II,14,I. Temilola,,3,28.4,85.3,31,10.3,13,25,52.0,0,1,0.0,5,9,55.6,10,27,37,4,4,7,5,7,52.0,53.5,16.7,91.3,13.1,0.4,10.0,21.7,16.5,8.2,2.4,7.1,14.7,0.36,6.98,2.07,4.91,15,10,66.7,9,3,33.3,1,0,0,0,5,0,0,0,0,0,0,0,0,0,0,0,0,0,0,0
Manchester Magic Senior Men I,3,O. Babalola,,12,28.5,342.0,126,10.5,47,133,35.3,10,60,16.7,22,35,62.9,19,63,82,28,27,6,34,29,39.1,42.5,22.7,69.1,13.5,6.4,4.9,15.6,10.4,13.4,4.1,1.6,18.6,0.26,6.94,1.92,5.01,58,32,55.2,15,5,33.3,60,10,16.7,14,14,0,6,0,0,0,0,0,0,0,0,0,0,0,0,0
Manchester Magic Senior Men I,1,N. Togo,,5,15.5,77.5,29,5.8,11,28,39.3,2,13,15.4,5,12,41.7,1,9,10,22,5,0,9,4,42.9,43.6,23.1,68.6,7.2,3.2,1.2,10.1,5.7,42.8,3.2,0.0,21.3,0.43,6.83,2.67,4.15,11,7,63.6,3,2,66.7,13,2,15.4,3,5,0,1,0,0,0,0,0,0,0,0,0,0,0,0,0
Barking Abbey Senior Men I,24,K. Mabaya,,15,22.2,333.6,175,11.7,68,150,45.3,10,43,23.3,29,40,72.5,33,72,105,29,21,6,51,33,48.7,52.2,26.9,80.1,14.6,3.6,8.4,16.8,12.8,19.2,3.2,1.8,23.3,0.27,6.81,1.52,5.29,86,48,55.8,21,10,47.6,43,10,23.3,19,28,0,4,0,0,0,0,0,0,0,0,0,0,0,0,0
Solent Kestrels Senior Men,7,J. Osei-Owusu,,8,14.1,112.6,24,3.0,9,26,34.6,0,6,0.0,6,11,54.5,8,26,34,6,8,4,8,7,34.6,38.9,14.1,61.8,3.7,0.9,5.9,17.9,12.1,7.7,3.5,3.2,20.6,0.42,6.78,1.26,5.51,11,5,45.5,9,4,44.4,6,0,0,3,2,0,3,0,0,0,0,0,0,0,0,0,0,0,0,0
Worcester Wolves Senior Men,9,E. Yeboah,,17,24.4,414.8,195,11.5,73,184,39.7,21,71,29.6,28,52,53.8,14,77,91,38,36,4,45,35,45.4,47.1,25.2,77.4,14.2,5.2,3.0,16.7,9.8,15.7,4.4,0.9,17.9,0.28,6.74,2.18,4.56,85,41,48.2,26,9,34.6,71,21,29.6,25,16,1,3,0,0,0,0,0,0,0,0,0,0,0,0,0
Manchester Magic Senior Men I,1,N. Brown,,10,13.6,136.1,58,5.8,24,57,42.1,7,20,35.0,3,4,75.0,3,5,8,16,10,2,5,11,48.2,49.4,19.8,91.0,7.6,2.6,2.0,3.1,2.6,20.9,3.8,1.3,7.8,0.07,6.51,2.9,3.61,22,11,50,15,6,40,20,7,35,1,3,0,1,0,0,0,0,0,0,0,0,0,0,0,0,0
Manchester Magic Senior Men I,6,S. Gordon,,22,20.8,458.4,163,7.4,75,157,47.8,2,17,11.8,11,17,64.7,42,79,121,28,22,8,27,44,48.4,49.6,17.8,85.1,9.5,1.0,8.4,14.4,11.5,10.4,2.5,1.6,14.1,0.11,6.44,2.61,3.83,111,62,55.9,29,11,37.9,17,2,11.8,5,14,0,8,0,0,0,0,0,0,0,0,0,0,0,0,0
Barking Abbey Senior Men I,30,D. Orija,,8,24.0,191.9,83,10.4,25,77,32.5,15,54,27.8,18,23,78.3,1,24,25,12,9,5,15,12,42.2,47.6,21.7,81.3,12.8,8.3,0.4,9.4,5.2,11.1,2.4,2.6,14.7,0.3,6.39,1.58,4.81,18,8,44.4,5,2,40,54,15,27.8,7,5,0,3,0,0,0,0,0,0,0,0,0,0,0,0,0
Myerscough Basketball Academy Senior Men I,7,D. Azancot,,21,20.0,419.3,185,8.8,70,200,35.0,24,86,27.9,21,31,67.7,6,36,42,59,26,1,38,16,41.0,43.3,24.2,73.5,11.3,5.2,1.1,6.7,3.9,25.1,3.2,0.2,15.1,0.15,6.36,3.38,2.98,54,24,44.4,60,22,36.7,86,24,27.9,23,14,0,1,0,0,0,0,0,0,0,0,0,0,0,0,0
CoLA Southwark Pride Senior Men,15,A. Nkwolo,,2,24.3,48.7,28,14.0,9,23,39.1,3,7,42.9,7,10,70.0,2,11,13,1,3,0,2,1,45.7,51.1,24.8,95.2,17.5,4.4,3.0,19.4,10.6,5.3,3.2,0.0,6.8,0.43,6.36,3.12,3.24,14,6,42.9,2,0,0,7,3,42.9,2,0,0,0,0,0,0,0,0,0,0,0,0,0,0,0,0
Manchester Magic Senior Men I,9,D. Tejada Garcia,,5,8.1,40.6,18,3.6,7,13,53.8,1,1,100.0,3,4,75.0,5,4,9,5,5,2,4,4,57.7,61.0,19.7,95.9,4.5,0.3,11.3,7.8,9.4,24.8,6.2,4.5,21.3,0.31,6.18,2.51,3.68,10,5,50,2,1,50,1,1,100,3,1,0,0,0,0,0,0,0,0,0,0,0,0,0,0,0
Barnet Bulldogs Senior Men,7,J. Gray,,17,20.7,352.5,126,7.4,46,129,35.7,14,56,25.0,20,28,71.4,5,28,33,43,20,0,28,20,41.1,44.6,19.5,74.4,9.2,4.1,1.2,7.2,4.1,19.5,2.9,0.0,16.5,0.22,6.16,2.95,3.21,35,20,57.1,38,12,31.6,56,14,25,13,8,0,7,0,0,0,0,0,0,0,0,0,0,0,0,0
Barking Abbey Senior Men I,26,E. Tomking,,15,23.2,348.1,158,10.5,57,130,43.8,15,49,30.6,29,48,60.4,42,79,121,24,9,5,40,37,49.6,52.3,22.6,82.7,13.2,4.1,10.5,17.7,14.3,13.3,1.3,1.5,20.9,0.37,6.15,1.81,4.34,63,38,60.3,13,3,23.1,44,10,22.7,16,18,0,6,0,0,0,0,0,0,0,0,0,0,0,0,0
Solent Kestrels Senior Men,14,D. Cimochowski,,16,7.3,117.1,74,4.6,31,51,60.8,0,1,0.0,12,20,60.0,28,21,49,0,4,3,17,22,60.8,61.9,26.4,96.4,5.7,0.1,19.4,14.6,17.0,0.0,1.7,2.3,22.1,0.39,6.07,1.88,4.19,35,25,71.4,15,6,40,1,0,0,5,10,1,1,0,0,0,0,0,0,0,0,0,0,0,0,0
Solent Kestrels Senior Men,8,E. Lotriet,,16,16.5,263.8,55,3.4,23,69,33.3,8,36,22.2,1,2,50.0,8,22,30,22,11,0,13,21,39.1,39.4,12.7,66.4,4.2,2.8,2.5,6.8,4.6,12.0,2.1,0.0,15.7,0.03,6.04,1.28,4.75,12,4,33.3,21,11,52.4,35,8,22.9,7,6,0,0,0,0,0,0,0,0,0,0,0,0,0,0,0
Barnet Bulldogs Senior Men,32,L. Francis,,12,15.3,183.5,62,5.2,26,59,44.1,0,0,0,10,21,47.6,26,44,70,12,14,0,13,17,44.1,45.4,18.2,76.3,6.5,0.0,11.7,22.4,16.7,10.9,3.9,0.0,16.0,0.36,5.96,2.8,3.16,46,22,47.8,13,4,30.8,0,0,0,5,6,0,2,0,0,0,0,0,0,0,0,0,0,0,0,0
Birmingham City University Senior Men,8,J. Granam,,1,9.4,9.4,7,7.0,2,2,100.0,1,1,100.0,2,2,100.0,0,0,0,0,0,0,0,1,125.0,121.5,12.3,243.1,8.1,1.2,0.0,0.0,0.0,0.0,0.0,0.0,0.0,1.0,5.95,3.46,2.49,1,1,100,0,0,0,1,1,100,0,0,0,0,0,0,0,0,0,0,0,0,0,0,0,0,0
Barnet Bulldogs Senior Men,8,T. Ojuri,,15,17.3,259.7,95,6.3,34,83,41.0,8,33,24.2,19,27,70.4,18,20,38,21,12,4,20,24,45.8,50.1,17.9,82.7,7.8,2.7,5.7,7.1,6.4,12.7,2.3,1.5,17.4,0.33,5.77,2.98,2.8,38,22,57.9,12,4,33.3,33,8,24.2,10,8,0,2,0,0,0,0,0,0,0,0,0,0,0,0,0
Solent Kestrels Senior Men,9,T. Blower,,16,10.8,172.2,62,3.9,17,72,23.6,14,54,25.9,14,23,60.9,11,9,20,12,11,1,11,15,33.3,37.7,21.8,66.6,4.8,4.2,5.2,4.2,4.7,10.2,3.1,0.5,11.8,0.32,5.77,1.56,4.21,6,2,33.3,12,1,8.3,52,14,26.9,4,2,0,5,0,0,0,0,0,0,0,0,0,0,0,0,0
St Helens Saints Senior Men,5,W. Self,,19,24.0,456.4,224,11.8,85,217,39.2,43,127,33.9,11,22,50.0,6,47,53,41,22,1,27,17,49.1,49.4,22.6,88.3,14.1,8.0,1.1,8.5,4.8,15.8,2.3,0.2,10.6,0.1,5.71,4.28,1.43,28,16,57.1,62,26,41.9,127,43,33.9,13,9,0,5,0,0,0,0,0,0,0,0,0,0,0,0,0
Worcester Wolves Senior Men,2,D. Antonio,,20,24.1,481.1,147,7.3,60,163,36.8,17,69,24.6,10,19,52.6,40,42,82,35,28,9,25,37,42.0,42.9,16.6,74.9,9.1,4.3,7.0,7.5,7.3,11.7,2.9,1.9,12.7,0.12,5.7,2.35,3.35,67,35,52.2,27,8,29.6,69,17,24.6,8,11,0,6,0,0,0,0,0,0,0,0,0,0,0,0,0
Birmingham City University Senior Men,8,V. Ferreira,,15,20.0,299.8,101,6.7,40,100,40.0,3,19,15.8,18,37,48.6,36,50,86,29,29,6,21,47,41.5,43.4,17.1,73.6,7.7,1.4,8.7,13.6,11.0,14.6,4.5,1.8,15.3,0.37,5.69,1.52,4.17,67,36,53.7,14,1,7.1,19,3,15.8,7,12,0,2,0,0,0,0,0,0,0,0,0,0,0,0,0
Manchester Magic Senior Men I,15,B. Goodall,,22,24.3,535.7,77,3.5,33,67,49.3,3,18,16.7,8,24,33.3,28,89,117,53,22,6,35,67,51.5,49.6,9.0,68.4,4.5,1.1,4.8,13.9,9.5,14.3,2.1,1.0,31.1,0.36,5.6,1.05,4.54,47,29,61.7,2,1,50,18,3,16.7,16,16,0,3,0,0,0,0,0,0,0,0,0,0,0,0,0
Birmingham City University Senior Men,16,C. Hayden,,17,25.0,424.3,86,5.1,39,77,50.6,0,1,0.0,8,23,34.8,71,135,206,21,15,4,23,43,50.6,49.4,9.7,78.1,5.8,0.1,12.4,25.0,18.6,7.2,1.6,0.9,20.9,0.3,5.59,2.06,3.52,47,29,61.7,29,10,34.5,1,0,0,13,5,0,5,0,0,0,0,0,0,0,0,0,0,0,0,0
Cobham Cobras Senior Men,19,C. Ollis,,13,30.7,398.9,220,16.9,80,202,39.6,33,94,35.1,27,37,73.0,29,66,95,28,12,2,32,29,47.8,50.4,26.1,87.9,21.5,9.2,5.9,13.3,9.7,15.8,1.5,0.5,12.8,0.18,5.51,3.91,1.6,41,23,56.1,67,24,35.8,94,33,35.1,13,14,0,5,0,0,0,0,0,0,0,0,0,0,0,0,0
Worcester Wolves Senior Men,6,W. Santhe,,21,31.4,659.0,210,10.0,79,230,34.3,24,110,21.8,28,46,60.9,11,80,91,123,39,0,98,47,39.6,42.0,21.5,60.3,12.3,6.5,1.4,10.4,5.9,29.2,3.0,0.0,28.1,0.2,5.47,0.96,4.51,101,51,50.5,19,4,21.1,110,24,21.8,51,40,0,7,0,0,0,0,0,0,0,0,0,0,0,0,0
London Stars Senior Men,15,J. Jarrett,,14,25.0,350.7,153,10.9,64,129,49.6,19,57,33.3,6,11,54.5,22,51,73,14,19,12,32,37,57.0,57.2,19.3,92.3,13.0,4.8,5.3,11.9,8.7,7.7,2.6,2.9,19.3,0.09,5.32,2.07,3.25,43,35,81.4,29,10,34.5,57,19,33.3,11,14,1,6,0,0,0,0,0,0,0,0,0,0,0,0,0
Sheffield Arrows Senior Men,44,A. Tavares,,4,31.9,127.8,52,13.0,17,46,37.0,7,23,30.4,11,15,73.3,7,26,33,8,5,1,11,4,44.6,49.4,19.4,81.8,15.0,6.7,4.1,17.0,10.2,10.3,1.8,0.7,17.3,0.33,5.29,4.08,1.22,16,8,50,7,2,28.6,23,7,30.4,5,3,0,3,0,0,0,0,0,0,0,0,0,0,0,0,0
Greenwich Titans Senior Men,13,I. Temilola,,9,30.4,273.7,202,22.4,92,154,59.7,0,4,0.0,18,42,42.9,45,89,134,10,12,20,49,31,59.7,58.6,30.3,91.2,25.0,0.5,12.8,25.3,19.0,9.0,2.0,5.6,22.1,0.27,5.07,2.11,2.96,117,79,67.5,33,13,39.4,4,0,0,10,23,0,16,0,0,0,0,0,0,0,0,0,0,0,0,0
Manchester Magic Senior Men I,12,O. Iguma,,20,18.7,373.2,130,6.5,43,110,39.1,19,49,38.8,25,36,69.4,18,49,67,16,18,2,28,37,47.7,51.7,17.6,84.5,8.3,3.1,4.4,10.9,7.8,6.7,2.5,0.5,18.2,0.33,5.07,1.88,3.19,55,24,43.6,6,0,0,49,19,38.8,10,11,0,7,0,0,0,0,0,0,0,0,0,0,0,0,0
Liverpool Senior Men,12,T. Dubiel,,18,23.7,427.4,180,10.0,76,143,53.1,2,16,12.5,26,67,38.8,67,80,147,39,20,28,51,49,53.8,52.2,21.0,80.5,11.6,1.0,12.6,14.4,13.5,16.3,2.2,5.8,22.8,0.47,5.05,2.3,2.75,118,73,61.9,8,1,12.5,16,2,12.5,9,33,0,9,0,0,0,0,0,0,0,0,0,0,0,0,0
Myerscough Basketball Academy Senior Men I,15,S. Laditan-Adebigi,,2,13.1,26.1,4,2.0,2,3,66.7,0,0,0,0,2,0.0,2,2,4,3,1,0,0,1,66.7,51.5,6.6,103.1,2.6,0.0,7.5,5.4,6.2,18.4,2.0,0.0,0.0,0.67,5.04,2.64,2.4,2,1,50,1,1,100,0,0,0,0,0,0,0,0,0,0,0,0,0,0,0,0,0,0,0,0
London Lions Senior Men II,2,M. Edwards Meade,,2,19.1,38.3,18,9.0,7,8,87.5,1,2,50.0,3,4,75.0,3,2,5,0,2,1,1,2,93.8,92.2,12.6,167.3,11.8,1.3,7.6,5.0,6.3,0.0,2.7,2.3,9.3,0.5,5.03,2.45,2.58,5,5,100,1,1,100,2,1,50,1,0,0,0,0,0,0,0,0,0,0,0,0,0,0,0,0
Worcester Wolves Senior Men,1,H. Godwin,,18,15.6,281.2,153,8.5,46,129,35.7,20,62,32.3,41,51,80.4,5,27,32,27,18,0,24,20,43.4,50.5,25.6,87.2,10.5,4.2,1.5,8.3,4.9,16.2,3.2,0.0,13.7,0.4,5.02,2.16,2.86,53,23,43.4,12,2,16.7,62,20,32.3,8,14,0,2,0,0,0,0,0,0,0,0,0,0,0,0,0
Solent Kestrels Senior Men,3,B. Cope,,16,8.9,141.9,41,2.6,15,45,33.3,5,19,26.3,6,9,66.7,5,14,19,22,5,1,19,21,38.9,41.9,19.3,60.3,3.2,1.5,2.9,8.0,5.4,23.0,1.7,0.6,28.0,0.2,4.99,0.63,4.36,10,5,50,16,5,31.2,19,5,26.3,10,7,0,2,0,0,0,0,0,0,0,0,0,0,0,0,0
Barking Abbey Senior Men I,28,I. Warari,,15,27.0,404.5,57,3.8,21,76,27.6,2,26,7.7,13,23,56.5,16,37,53,67,20,2,37,22,28.9,33.1,12.5,46.3,4.8,2.2,3.3,7.2,5.3,26.5,2.5,0.5,30.1,0.3,4.98,-0.31,5.29,32,16,50,16,3,18.8,25,1,4,24,10,1,2,0,0,0,0,0,0,0,0,0,0,0,0,0
Worcester Wolves Senior Men,13,G. Stergiopoulos,,22,17.8,392.7,103,4.7,37,112,33.0,19,64,29.7,10,18,55.6,20,57,77,43,31,3,28,28,41.5,42.9,15.4,69.6,5.8,3.6,4.3,12.6,8.4,16.6,4.0,0.8,18.9,0.16,4.96,1.4,3.56,40,18,45,8,0,0,64,19,29.7,19,5,0,4,0,0,0,0,0,0,0,0,0,0,0,0,0
Barking Abbey Senior Men I,32,O. Visockas,,11,13.9,153.4,77,7.0,26,59,44.1,12,38,31.6,13,20,65.0,5,16,21,8,6,4,14,13,54.2,56.8,21.9,94.1,8.7,4.3,2.8,7.7,5.4,10.4,2.0,2.5,17.1,0.34,4.93,0.98,3.96,18,13,72.2,3,1,33.3,38,12,31.6,3,8,0,3,0,0,0,0,0,0,0,0,0,0,0,0,0
Barnet Bulldogs Senior Men,11,S. Williams,,17,19.6,333.9,97,5.7,40,97,41.2,5,20,25.0,12,28,42.9,40,41,81,12,15,3,23,31,43.8,44.4,16.1,73.3,7.1,1.5,9.9,11.2,10.5,5.6,2.3,0.9,17.4,0.29,4.86,2.47,2.39,62,30,48.4,15,5,33.3,20,5,25,3,12,1,7,0,0,0,0,0,0,0,0,0,0,0,0,0
Leicester Warriors Senior Men,4,J. Jackson,,11,31.4,345.4,167,15.2,59,160,36.9,28,95,29.5,21,30,70.0,10,46,56,48,17,3,27,23,45.6,48.2,23.9,83.4,18.2,10.4,2.3,11.8,6.7,27.2,2.5,0.7,13.5,0.19,4.82,3.42,1.4,47,27,57.4,18,4,22.2,95,28,29.5,14,8,0,5,0,0,0,0,0,0,0,0,0,0,0,0,0
Barnet Bulldogs Senior Men,12,M. Dunn,,17,8.5,144.1,58,3.4,22,45,48.9,5,18,27.8,9,16,56.2,5,5,10,4,9,0,1,8,54.4,55.7,15.0,109.4,4.2,1.3,2.9,3.2,3.0,4.6,3.1,0.0,1.9,0.36,4.82,2.61,2.21,20,11,55,7,6,85.7,18,5,27.8,0,0,0,1,0,0,0,0,0,0,0,0,0,0,0,0,0
Sheffield Sharks Senior Men,1,O. Baldwin,,20,28.9,578.1,272,13.6,99,217,45.6,13,45,28.9,61,99,61.6,51,179,230,38,24,28,72,53,48.6,52.2,23.8,81.8,17.1,2.8,7.0,25.3,16.0,14.4,2.1,4.4,21.7,0.46,4.8,1.67,3.13,125,71,56.8,46,15,32.6,45,13,28.9,22,35,1,14,0,0,0,0,0,0,0,0,0,0,0,0,0
London Elite Senior Men I,3,J. Jackson,,4,31.2,124.9,88,22.0,32,82,39.0,13,40,32.5,11,15,73.3,3,15,18,2,18,0,15,9,47.0,49.7,32.3,84.9,24.8,11.3,2.0,10.6,6.1,3.4,6.4,0.0,14.5,0.18,4.76,1.67,3.09,32,17,53.1,10,2,20,40,13,32.5,6,4,0,5,0,0,0,0,0,0,0,0,0,0,0,0,0
Greenwich Titans Senior Men,1,B. Dave,,1,21.2,21.2,14,14.0,4,13,30.8,3,9,33.3,3,4,75.0,0,3,3,3,2,0,1,0,42.3,47.4,30.4,88.8,16.6,10.7,0.0,11.8,5.9,30.6,4.4,0.0,6.3,0.31,4.68,2.75,1.93,3,1,33.3,1,0,0,9,3,33.3,0,0,0,1,0,0,0,0,0,0,0,0,0,0,0,0,0
Leicester Warriors Senior Men,5,M. Legania,,19,32.1,609.3,319,16.8,140,288,48.6,3,23,13.0,36,68,52.9,44,92,136,44,28,9,30,37,49.1,50.2,23.5,91.7,20.2,1.5,5.7,13.4,9.3,15.6,2.3,1.2,8.6,0.24,4.66,3.4,1.25,155,98,63.2,107,37,34.6,23,3,13,13,14,0,3,0,0,0,0,0,0,0,0,0,0,0,0,0
Barnet Bulldogs Senior Men,28,K. Akinmoyo,,14,9.7,135.5,19,1.4,6,17,35.3,2,4,50.0,5,7,71.4,13,21,34,8,10,2,7,12,41.2,47.3,8.4,70.2,1.7,0.4,8.0,14.5,11.1,8.7,3.8,1.5,25.8,0.41,4.61,1.94,2.67,5,3,60,8,1,12.5,4,2,50,3,3,0,1,0,0,0,0,0,0,0,0,0,0,0,0,0
London Stars Senior Men,8,O. Striuga,,14,26.0,363.8,126,9.0,43,133,32.3,26,91,28.6,14,19,73.7,18,45,63,39,27,5,31,50,42.1,44.6,19.3,73.1,10.7,7.7,4.2,10.2,7.2,18.5,3.5,1.2,18.0,0.14,4.53,1.04,3.49,33,16,48.5,9,1,11.1,91,26,28.6,12,12,0,7,0,0,0,0,0,0,0,0,0,0,0,0,0
Sheffield Sharks Senior Men,10,S. Hanson-Young,,20,32.0,639.9,294,14.7,89,285,31.2,52,178,29.2,64,87,73.6,8,96,104,84,23,0,60,31,40.4,45.5,24.7,76.7,18.5,11.2,1.0,12.3,6.5,26.8,1.8,0.0,15.7,0.31,4.53,2.78,1.75,72,26,36.1,35,11,31.4,178,52,29.2,35,19,0,6,0,0,0,0,0,0,0,0,0,0,0,0,0
Sheffield Arrows Senior Men,8,K. Bagga,,15,19.1,286.0,163,10.9,50,134,37.3,31,82,37.8,32,37,86.5,7,28,35,30,14,1,27,35,48.9,54.2,25.4,91.9,13.1,6.6,2.0,7.4,4.9,16.8,2.4,0.3,15.2,0.28,4.49,3.62,0.87,31,13,41.9,21,6,28.6,82,31,37.8,6,10,1,10,0,0,0,0,0,0,0,0,0,0,0,0,0
Solent Kestrels Senior Men,12,G. Andrews,,12,4.6,54.8,7,0.6,3,12,25.0,0,2,0.0,1,6,16.7,2,6,8,3,5,0,3,8,25.0,23.9,13.1,39.7,0.7,0.2,3.1,8.9,6.0,7.5,4.5,0.0,17.0,0.5,4.48,0.31,4.16,6,2,33.3,4,1,25,2,0,0,1,2,0,0,0,0,0,0,0,0,0,0,0,0,0,0,0
Solent Kestrels Senior Men,12,M. Edwards,,2,1.9,3.7,0,0.0,0,0,0,0,0,0,0,0,0,0,0,0,0,0,1,1,0,0,0,10.4,0.0,0.0,0.0,0.0,0.0,0.0,0.0,0.0,23.3,100.0,0,4.46,0.5,3.96,0,0,0,0,0,0,0,0,0,0,1,0,0,0,0,0,0,0,0,0,0,0,0,0,0,0
CoLA Southwark Pride Senior Men,13,T. Gass,,15,22.9,344.2,146,9.7,54,122,44.3,13,40,32.5,25,32,78.1,39,64,103,22,10,6,23,26,49.6,53.6,19.1,91.8,12.1,3.3,8.9,16.0,12.3,13.5,1.5,1.6,14.5,0.26,4.42,1.87,2.55,40,26,65,42,15,35.7,40,13,32.5,9,9,0,5,0,0,0,0,0,0,0,0,0,0,0,0,0
Barnet Bulldogs Senior Men,23,E. Djanogly,,15,14.8,221.8,71,4.7,32,62,51.6,0,3,0.0,7,16,43.8,46,44,90,3,10,6,27,35,51.6,51.4,17.5,73.9,5.9,0.2,17.1,17.9,17.5,2.2,2.3,2.7,28.1,0.26,4.37,2.02,2.35,54,28,51.9,5,4,80,3,0,0,3,14,1,9,0,0,0,0,0,0,0,0,0,0,0,0,0
London Stars Senior Men,6,N. Cassel,,11,18.1,199.2,104,9.5,31,78,39.7,17,41,41.5,25,30,83.3,1,20,21,23,10,1,21,15,50.6,57.0,23.2,92.7,11.2,4.4,0.4,8.5,4.5,21.3,2.4,0.4,18.7,0.38,4.36,1.94,2.42,18,7,38.9,19,7,36.8,41,17,41.5,10,7,0,4,0,0,0,0,0,0,0,0,0,0,0,0,0
Solent Kestrels Senior Men,11,R. Radu,,2,4.2,8.4,0,0.0,0,1,0.0,0,1,0.0,0,0,0,1,1,2,1,0,0,1,0,0.0,0.0,9.2,0.0,0.0,0.6,10.1,9.0,9.5,14.7,0.0,0.0,50.0,0.0,4.27,0.61,3.65,0,0,0,0,0,0,1,0,0,0,1,0,0,0,0,0,0,0,0,0,0,0,0,0,0,0
Liverpool Senior Men,5,K. Ulett-Waul,,22,33.1,727.4,264,12.0,98,246,39.8,24,90,26.7,44,68,64.7,17,58,75,87,27,0,58,41,44.7,47.8,18.5,79.1,14.0,4.8,1.9,6.2,4.1,20.0,1.8,0.0,17.4,0.28,4.24,2.09,2.15,126,70,55.6,27,4,14.8,90,24,26.7,27,24,0,7,0,0,0,0,0,0,0,0,0,0,0,0,0
Leicester Warriors Senior Men,5,M. Alechicus Legania,,1,31.1,31.1,16,16.0,8,14,57.1,0,2,0.0,0,2,0.0,1,5,6,0,2,0,1,0,57.1,53.8,21.9,100.8,19.6,2.4,3.2,14.9,9.3,0.0,3.0,0.0,6.3,0.14,4.17,2.97,1.2,8,8,100,4,0,0,2,0,0,1,0,0,0,0,0,0,0,0,0,0,0,0,0,0,0,0
Richmond Knights Senior Men,10,K. Smith,,10,28.7,287.1,137,13.7,60,134,44.8,1,13,7.7,16,35,45.7,27,28,55,39,26,3,39,26,45.1,45.9,25.3,72.7,16.0,1.5,7.7,8.2,7.9,26.3,4.3,0.9,20.7,0.26,4.16,-0.09,4.25,89,47,52.8,32,12,37.5,13,1,7.7,22,6,0,11,0,0,0,0,0,0,0,0,0,0,0,0,0
Manchester Magic Senior Men I,11,T. Regent-Bascombe,,13,17.5,228.0,54,4.2,21,60,35.0,8,32,25.0,4,6,66.7,9,28,37,17,6,1,14,15,41.7,43.1,14.4,70.5,5.3,3.1,3.7,10.0,7.1,11.3,1.3,0.4,18.3,0.1,4.03,1.38,2.65,25,12,48,3,1,33.3,32,8,25,8,4,0,2,0,0,0,0,0,0,0,0,0,0,0,0,0
Manchester Magic Senior Men I,10,J. Kubacki,,8,9.4,75.3,16,2.0,5,16,31.2,4,13,30.8,2,2,100.0,3,8,11,6,6,1,7,6,43.8,47.4,13.5,67.0,2.5,2.1,3.6,9.3,6.5,11.7,4.1,1.3,29.3,0.12,4.03,1.1,2.92,3,1,33.3,0,0,0,13,4,30.8,2,3,0,2,0,0,0,0,0,0,0,0,0,0,0,0,0
Sheffield Arrows Senior Men,44,M. Ibrahim,,22,23.0,505.8,225,10.2,93,176,52.8,16,39,41.0,23,45,51.1,43,75,118,27,6,8,39,44,57.4,57.5,18.8,95.8,12.2,2.1,7.0,11.7,9.4,8.8,0.6,1.3,16.6,0.26,3.93,3.55,0.38,111,67,60.4,26,10,38.5,39,16,41,7,23,2,7,0,0,0,0,0,0,0,0,0,0,0,0,0
Manchester Magic Senior Men I,9,L. Lara Sanchez,,8,17.2,137.7,41,5.1,17,37,45.9,2,9,22.2,5,9,55.6,5,10,15,14,2,1,13,10,48.6,50.0,16.9,76.0,6.6,1.4,3.5,6.0,4.8,16.2,0.7,0.6,24.1,0.24,3.93,1.38,2.55,16,9,56.2,12,6,50,9,2,22.2,9,1,0,3,0,0,0,0,0,0,0,0,0,0,0,0,0
London Lions Senior Men II,3,M. John,,15,29.4,440.9,202,13.5,63,202,31.2,31,116,26.7,45,56,80.4,20,38,58,57,15,0,32,25,38.9,44.6,24.9,78.1,17.2,9.9,3.9,6.5,5.3,26.3,1.7,0.0,12.4,0.28,3.86,2.18,1.68,46,17,37,40,15,37.5,116,31,26.7,16,15,0,1,0,0,0,0,0,0,0,0,0,0,0,0,0
Liverpool Senior Men,1,D. Sofia,,20,25.9,518.4,204,10.2,78,180,43.3,10,44,22.7,38,70,54.3,46,114,160,50,32,19,68,58,46.1,48.4,21.8,73.2,11.9,2.6,7.2,16.8,12.1,16.7,2.9,3.2,24.4,0.39,3.85,0.84,3.01,68,48,70.6,67,20,29.9,44,10,22.7,18,35,0,15,0,0,0,0,0,0,0,0,0,0,0,0,0
Leicester Warriors Senior Men,8,P. Chingombe,,9,23.0,206.9,59,6.6,18,49,36.7,6,20,30.0,17,23,73.9,8,18,26,44,18,0,12,13,42.9,49.9,14.1,83.0,7.8,2.6,3.1,7.3,5.2,31.9,4.3,0.0,16.9,0.47,3.82,1.71,2.12,25,11,44,4,1,25,20,6,30,11,0,0,1,0,0,0,0,0,0,0,0,0,0,0,0,0
Myerscough Basketball Academy Senior Men I,6,J. Bobkowski,,20,14.2,283.4,131,6.5,48,122,39.3,19,56,33.9,16,27,59.3,11,23,34,22,12,2,37,18,47.1,48.9,24.2,76.7,8.4,3.6,3.0,6.5,4.7,14.0,2.2,0.7,21.7,0.22,3.82,2.02,1.8,52,27,51.9,14,2,14.3,56,19,33.9,16,15,0,6,0,0,0,0,0,0,0,0,0,0,0,0,0
Birmingham City University Senior Men,12,S. Lyn,,12,11.9,142.6,59,4.9,26,53,49.1,7,19,36.8,0,2,0.0,8,17,25,10,10,2,14,14,55.7,54.8,17.7,86.9,5.7,1.8,4.2,10.1,7.0,10.9,3.2,1.3,20.6,0.04,3.78,1.14,2.64,29,17,58.6,5,2,40,19,7,36.8,4,7,0,3,0,0,0,0,0,0,0,0,0,0,0,0,0
Cobham Cobras Senior Men,6,J. Stewart,,13,30.4,395.1,150,11.5,61,161,37.9,12,45,26.7,16,54,29.6,38,87,125,39,20,7,36,20,41.6,40.6,23.5,67.9,14.8,4.4,8.0,17.5,12.8,20.9,2.6,1.6,16.3,0.34,3.76,1.43,2.33,60,29,48.3,56,20,35.7,45,12,26.7,19,13,0,4,0,0,0,0,0,0,0,0,0,0,0,0,0
Myerscough Basketball Academy Senior Men I,12,M. Rangeley,,2,16.4,32.8,8,4.0,2,6,33.3,1,1,100.0,3,5,60.0,2,3,5,2,2,0,3,3,41.7,48.8,13.3,71.4,5.2,0.7,4.9,7.7,6.2,8.4,3.2,0.0,26.8,0.83,3.75,1.32,2.43,5,1,20,0,0,0,1,1,100,1,0,0,2,0,0,0,0,0,0,0,0,0,0,0,0,0
Oxford Hoops Senior Men,33,P. Wrencher Jr,,22,32.7,720.4,390,17.7,146,339,43.1,5,30,16.7,93,136,68.4,104,151,255,32,13,7,47,22,43.8,48.9,25.5,87.5,22.1,1.7,12.1,17.2,14.7,9.7,0.9,0.9,10.5,0.4,3.73,4.86,-1.13,206,98,47.6,102,42,41.2,30,5,16.7,14,26,2,5,0,0,0,0,0,0,0,0,0,0,0,0,0
Myerscough Basketball Academy Senior Men I,13,A. Ibirinde,,20,10.4,207.2,86,4.3,34,68,50.0,0,2,0.0,18,32,56.2,43,41,84,9,7,9,28,28,50.0,52.4,21.4,78.1,5.5,0.1,16.4,15.5,16.0,7.6,1.7,4.1,25.4,0.47,3.67,1.84,1.83,54,28,51.9,12,6,50,2,0,0,5,15,1,7,0,0,0,0,0,0,0,0,0,0,0,0,0
Barking Abbey Senior Men I,44,O. Anyanwu,,12,17.9,214.7,80,6.7,32,75,42.7,2,6,33.3,14,28,50.0,17,53,70,10,6,7,17,36,44.0,45.8,20.1,76.7,8.4,0.6,6.8,19.2,13.3,9.4,1.4,3.3,16.3,0.37,3.63,-0.69,4.32,43,22,51.2,18,5,27.8,6,2,33.3,6,8,0,3,0,0,0,0,0,0,0,0,0,0,0,0,0
Barnet Bulldogs Senior Men,9,L. Clarke,,15,9.9,148.8,26,1.7,11,34,32.4,0,13,0.0,4,10,40.0,9,21,30,9,8,2,10,5,32.4,33.9,13.2,53.7,2.2,1.1,5.0,13.0,8.8,8.7,2.7,1.3,20.7,0.29,3.54,1.43,2.12,15,9,60,6,2,33.3,13,0,0,4,4,0,2,0,0,0,0,0,0,0,0,0,0,0,0,0
CoLA Southwark Pride Senior Men,5,K. Hawes,,24,25.0,600.8,241,10.0,82,224,36.6,27,83,32.5,50,86,58.1,8,67,75,75,41,1,60,54,42.6,46.0,22.1,74.9,12.6,4.3,1.1,9.5,5.2,24.8,3.4,0.2,18.6,0.38,3.53,-0.01,3.54,101,45,44.6,40,10,25,83,27,32.5,27,27,0,6,0,0,0,0,0,0,0,0,0,0,0,0,0
CoLA Southwark Pride Senior Men,11,K. Capanzana,,12,23.5,281.7,98,8.2,29,92,31.5,15,53,28.3,25,32,78.1,8,34,42,38,17,1,28,18,39.7,46.2,19.8,73.1,10.4,5.6,2.3,10.5,6.2,24.4,3.1,0.3,20.9,0.35,3.53,0.3,3.23,27,11,40.7,12,3,25,53,15,28.3,15,10,0,3,0,0,0,0,0,0,0,0,0,0,0,0,0
Myerscough Basketball Academy Senior Men I,8,E. Akubuo,,22,13.4,295.4,71,3.2,25,83,30.1,11,44,25.0,10,21,47.6,17,31,48,25,11,6,15,29,36.7,38.5,14.6,66.2,4.1,2.6,4.5,8.3,6.4,13.2,1.9,1.9,14.0,0.25,3.48,1.46,2.02,30,12,40,8,2,25,44,11,25,5,6,0,4,0,0,0,0,0,0,0,0,0,0,0,0,0
Barking Abbey Senior Men I,25,A. Maitland,,11,14.6,160.8,28,2.5,10,25,40.0,4,12,33.3,4,8,50.0,6,13,19,27,4,0,16,12,48.0,49.1,11.6,62.9,3.2,1.4,3.5,6.1,4.9,27.2,1.3,0.0,35.9,0.32,3.47,-0.4,3.87,12,6,50,1,0,0,11,4,36.4,10,6,0,0,0,0,0,0,0,0,0,0,0,0,0,0,0
Birmingham City University Senior Men,5,Z. Sinkala,,12,7.8,93.1,41,3.4,15,34,44.1,6,14,42.9,5,8,62.5,6,9,15,7,8,1,6,9,52.9,54.6,17.5,94.2,3.9,1.3,4.8,7.7,6.2,11.6,4.0,1.0,13.8,0.24,3.43,1.1,2.33,18,8,44.4,2,1,50,14,6,42.9,1,3,0,2,0,0,0,0,0,0,0,0,0,0,0,0,0
CoLA Southwark Pride Senior Men,14,A. Wol,,17,34.7,589.3,195,11.5,81,191,42.4,2,8,25.0,31,109,28.4,63,107,170,35,26,7,43,48,42.9,40.8,19.6,69.2,14.2,0.6,8.3,15.6,11.8,12.1,2.2,1.1,15.3,0.57,3.41,0.43,2.98,148,70,47.3,35,9,25.7,8,2,25,14,17,1,11,0,0,0,0,0,0,0,0,0,0,0,0,0
Greenwich Titans Senior Men,1,B. Daye,,4,24.6,98.3,72,18.0,25,67,37.3,11,33,33.3,11,14,78.6,6,15,21,11,5,0,10,5,45.5,49.2,33.1,86.6,21.1,9.7,4.4,14.0,8.7,25.5,2.4,0.0,12.0,0.21,3.4,2.6,0.8,25,11,44,9,3,33.3,33,11,33.3,3,6,0,1,0,0,0,0,0,0,0,0,0,0,0,0,0
Barking Abbey Senior Men I,33,R. Connolly,,15,19.3,289.5,99,6.6,39,106,36.8,13,47,27.7,8,15,53.3,11,42,53,16,16,3,32,27,42.9,44.0,20.7,68.5,8.3,4.0,3.3,11.2,7.4,10.7,2.8,1.0,22.1,0.14,3.36,-0.75,4.1,36,20,55.6,17,2,11.8,45,12,26.7,12,14,0,6,0,0,0,0,0,0,0,0,0,0,0,0,0
St Helens Saints Senior Men,10,E. Evans,,17,19.2,326.8,123,7.2,51,109,46.8,0,4,0.0,21,32,65.6,37,76,113,14,10,32,37,51,46.8,50.0,19.6,76.8,8.6,0.3,9.1,18.9,14.0,7.5,1.5,8.5,23.1,0.29,3.33,1.32,2.01,64,33,51.6,41,18,43.9,4,0,0,8,20,0,9,0,0,0,0,0,0,0,0,0,0,0,0,0
Myerscough Basketball Academy Senior Men I,14,F. Morgan,,21,11.0,231.1,70,3.3,26,73,35.6,14,38,36.8,4,10,40.0,9,32,41,14,6,3,12,22,45.2,45.2,15.6,78.3,4.3,2.3,3.1,10.8,7.0,9.8,1.3,1.2,13.4,0.14,3.22,1.49,1.73,20,9,45,15,3,20,38,14,36.8,4,8,0,0,0,0,0,0,0,0,0,0,0,0,0,0,0
Birmingham City University Senior Men,4,E. Haywood,,21,14.5,304.9,132,6.3,43,124,34.7,25,79,31.6,21,40,52.5,6,29,35,37,18,0,38,40,44.8,46.6,22.3,73.5,7.3,4.4,1.5,7.7,4.5,19.1,2.7,0.0,21.2,0.32,3.18,0.69,2.49,29,12,41.4,16,6,37.5,79,25,31.6,22,13,0,3,0,0,0,0,0,0,0,0,0,0,0,0,0
Birmingham City University Senior Men,7,D. Ogodan,,19,20.2,383.5,85,4.5,35,92,38.0,3,17,17.6,12,29,41.4,50,20,70,18,22,12,32,48,39.7,40.6,13.5,62.2,5.2,1.0,9.8,4.2,7.1,7.0,2.7,2.9,23.4,0.32,3.14,0.53,2.61,66,31,47,9,1,11.1,17,3,17.6,13,13,0,6,0,0,0,0,0,0,0,0,0,0,0,0,0
Greenwich Titans Senior Men,9,D. Gmebarenedhin,,1,18.6,18.6,11,11.0,4,6,66.7,3,4,75.0,0,1,0.0,1,6,7,0,1,0,2,1,91.7,85.4,19.4,130.3,13.8,5.0,4.6,30.8,16.9,0.0,2.7,0.0,23.7,0.17,3.08,1.57,1.51,0,0,0,2,1,50,4,3,75,1,1,0,0,0,0,0,0,0,0,0,0,0,0,0,0,0
Worcester Wolves Senior Men,5,F. Rennie,,18,18.3,328.6,130,7.2,52,147,35.4,18,68,26.5,8,20,40.0,11,54,65,23,12,0,26,17,41.5,41.7,22.4,71.5,8.9,4.6,2.8,13.8,8.3,11.8,1.8,0.0,14.3,0.14,3.07,0.98,2.09,51,26,51,28,8,28.6,68,18,26.5,13,10,0,3,0,0,0,0,0,0,0,0,0,0,0,0,0
Barking Abbey Senior Men I,5,M. Filho,,12,20.4,244.3,41,3.4,14,39,35.9,2,15,13.3,11,14,78.6,10,23,33,23,9,0,22,18,38.5,45.4,11.4,61.0,4.3,1.6,3.6,7.3,5.5,15.7,1.9,0.0,32.8,0.36,3.07,-1.0,4.07,16,8,50,5,3,60,13,1,7.7,12,5,1,4,0,0,0,0,0,0,0,0,0,0,0,0,0
Birmingham City University Senior Men,10,J. Graham,,12,6.9,83.4,48,4.0,18,45,40.0,11,28,39.3,1,2,50.0,5,9,14,8,3,1,7,11,52.2,52.3,24.1,90.8,4.8,2.8,4.5,8.7,6.5,17.6,1.7,1.1,13.2,0.04,3.06,1.22,1.85,10,6,60,7,1,14.3,28,11,39.3,4,2,0,1,0,0,0,0,0,0,0,0,0,0,0,0,0
St Helens Saints Senior Men,7,R. Reynolds,,18,16.1,290.5,83,4.6,29,73,39.7,24,61,39.3,1,2,50.0,8,24,32,22,12,0,12,27,56.2,56.2,12.0,96.6,5.5,4.0,2.3,6.9,4.6,11.7,2.0,0.0,14.0,0.03,3.05,2.1,0.95,4,2,50,8,3,37.5,61,24,39.3,4,5,0,3,0,0,0,0,0,0,0,0,0,0,0,0,0
St Helens Saints Senior Men,6,J. Collamat,,20,19.2,384.3,148,7.4,52,127,40.9,16,35,45.7,28,46,60.9,20,35,55,44,15,0,37,32,47.2,50.3,19.4,80.3,8.8,2.1,4.3,7.7,6.0,18.6,1.9,0.0,20.1,0.36,3.01,2.05,0.95,65,26,40,27,10,37,35,16,45.7,12,17,0,8,0,0,0,0,0,0,0,0,0,0,0,0,0
Richmond Knights Senior Men,16,B. Oyeyemi,,9,34.0,306.1,53,5.9,23,56,41.1,1,9,11.1,6,13,46.2,17,51,68,36,27,5,37,21,42.0,42.9,13.2,53.7,7.0,1.2,5.0,13.5,9.5,20.8,4.3,1.6,37.5,0.23,2.98,-2.59,5.56,40,21,52.5,7,1,14.3,9,1,11.1,21,11,0,5,0,0,0,0,0,0,0,0,0,0,0,0,0
Sheffield Arrows Senior Men,7,J. Paredes,,20,23.5,470.9,110,5.5,41,110,37.3,21,69,30.4,7,17,41.2,19,41,60,55,15,2,36,34,46.8,46.8,13.3,71.7,6.6,4.2,3.3,6.9,5.1,16.7,1.5,0.4,23.5,0.15,2.97,2.24,0.73,25,16,64,16,4,25,69,21,30.4,23,7,0,6,0,0,0,0,0,0,0,0,0,0,0,0,0
Teesside Lions Senior Men,14,M. Mafezzoli,,1,20.5,20.5,12,12.0,4,6,66.7,1,2,50.0,3,7,42.9,2,3,5,1,3,0,3,3,75.0,66.1,25.2,99.3,16.1,2.7,8.0,11.8,9.9,17.1,7.5,0.0,24.8,1.17,2.97,0.22,2.76,3,3,100,1,0,0,2,1,50,0,1,0,2,0,0,0,0,0,0,0,0,0,0,0,0,0
Barnet Bulldogs Senior Men,3,P. Lartey,,7,11.5,80.8,13,1.9,4,20,20.0,0,6,0.0,5,8,62.5,3,5,8,11,8,0,12,7,20.0,27.6,17.8,36.6,2.3,1.0,3.0,5.4,4.2,20.8,4.9,0.0,33.8,0.4,2.93,0.39,2.54,8,3,37.5,6,1,16.7,6,0,0,7,5,0,0,0,0,0,0,0,0,0,0,0,0,0,0,0
Richmond Knights Senior Men,8,A. Williams,,7,28.7,201.2,68,9.7,26,59,44.1,8,19,42.1,8,14,57.1,2,14,16,28,17,0,29,11,50.8,52.2,18.6,72.2,11.3,3.2,0.9,5.5,3.3,25.3,4.0,0.0,30.8,0.24,2.9,-1.33,4.23,19,9,47.4,21,9,42.9,19,8,42.1,13,6,0,10,0,0,0,0,0,0,0,0,0,0,0,0,0
London Stars Senior Men,0,R. Osei-Nyarko,,1,6.7,6.7,4,4.0,1,1,100.0,1,1,100.0,1,2,50.0,0,0,0,0,0,0,0,0,150.0,106.4,12.6,212.8,5.0,1.3,0.0,0.0,0.0,0.0,0.0,0.0,0.0,2.0,2.9,1.8,1.1,0,0,0,0,0,0,1,1,100,0,0,0,0,0,0,0,0,0,0,0,0,0,0,0,0,0
Sheffield Arrows Senior Men,5,P. Walsh,,14,14.3,200.0,113,8.1,43,125,34.4,14,56,25.0,13,13,100.0,3,20,23,14,14,1,7,7,40.0,43.2,27.9,82.1,9.6,4.8,1.2,8.0,4.6,12.6,3.3,0.4,5.1,0.1,2.87,2.69,0.18,20,9,45,49,20,40.8,56,14,25,5,1,0,1,0,0,0,0,0,0,0,0,0,0,0,0,0
Manchester Magic Senior Men I,14,J. Pearce,,4,12.8,51.2,9,2.2,4,14,28.6,1,7,14.3,0,2,0.0,4,3,7,2,2,1,1,7,32.1,30.2,13.3,56.7,2.8,2.2,7.0,5.5,6.3,5.5,2.0,2.0,6.3,0.14,2.82,0.54,2.28,4,3,75,3,0,0,7,1,14.3,0,0,1,0,0,0,0,0,0,0,0,0,0,0,0,0,0
Cobham Cobras Senior Men,85,J. Tahraoui,,3,20.8,62.4,30,10.0,10,31,32.3,5,18,27.8,5,5,100.0,3,8,11,7,4,3,5,9,40.3,45.2,23.0,78.5,11.7,7.0,3.3,11.7,6.9,20.5,3.0,4.1,13.1,0.16,2.82,0.55,2.27,4,3,75,9,2,22.2,18,5,27.8,3,2,0,0,0,0,0,0,0,0,0,0,0,0,0,0,0
London Lions Senior Men II,21,N. Saa,,7,24.8,173.7,102,14.6,39,100,39.0,14,43,32.6,10,17,58.8,8,37,45,5,6,2,11,12,46.0,47.5,28.6,86.1,18.2,7.7,4.0,15.8,10.4,6.4,1.7,1.0,9.3,0.17,2.79,1.38,1.41,37,18,48.6,20,7,35,43,14,32.6,4,6,0,1,0,0,0,0,0,0,0,0,0,0,0,0,0
St Helens Saints Senior Men,6,L. Lara-Sanchez,,10,15.0,150.1,26,2.6,9,35,25.7,2,11,18.2,6,8,75.0,6,18,24,25,15,1,13,10,28.6,33.7,13.6,50.5,3.0,1.3,3.3,9.8,6.5,23.5,4.8,0.5,25.2,0.23,2.79,0.92,1.86,14,4,28.6,10,3,30,11,2,18.2,7,3,0,3,0,0,0,0,0,0,0,0,0,0,0,0,0
Barnet Bulldogs Senior Men,13,L. Pelaez Diaz,,3,2.7,8.2,3,1.0,1,2,50.0,1,2,50.0,0,0,0,0,1,1,0,0,0,1,2,75.0,75.0,15.5,100.0,1.3,0.9,0.0,10.6,5.3,0.0,0.0,0.0,33.3,0.0,2.73,1.2,1.53,0,0,0,0,0,0,2,1,50,0,1,0,0,0,0,0,0,0,0,0,0,0,0,0,0,0
Greenwich Titans Senior Men,10,A. Hughes,,12,26.4,316.7,163,13.6,50,128,39.1,21,57,36.8,42,55,76.4,17,38,55,33,22,2,29,23,47.3,53.5,21.9,90.0,15.4,5.4,4.1,9.6,6.8,18.7,3.1,0.5,16.0,0.43,2.7,0.88,1.82,49,25,51,22,4,18.2,57,21,36.8,16,11,0,2,0,0,0,0,0,0,0,0,0,0,0,0,0
Manchester Magic Senior Men I,9,L. Morris,,1,6.4,6.4,2,2.0,1,3,33.3,0,1,0.0,0,0,0,1,1,2,0,0,0,0,0,33.3,33.3,21.7,66.7,3.0,1.5,12.2,12.2,12.2,0.0,0.0,0.0,0.0,0.0,2.69,1.31,1.38,1,0,0,1,1,100,1,0,0,0,0,0,0,0,0,0,0,0,0,0,0,0,0,0,0,0
Birmingham City University Senior Men,2,M. Mahamoud,,12,14.9,178.8,47,3.9,19,45,42.2,4,17,23.5,5,7,71.4,13,15,28,18,13,3,22,38,46.7,48.9,14.7,67.1,4.5,1.6,5.5,6.8,6.1,14.4,3.3,1.5,31.4,0.16,2.67,-0.34,3.01,21,13,61.9,6,2,33.3,17,4,23.5,10,6,0,6,0,0,0,0,0,0,0,0,0,0,0,0,0
Birmingham City University Senior Men,15,E. Nweke,,17,8.5,145.0,38,2.2,16,26,61.5,0,0,0,6,8,75.0,20,36,56,4,3,6,11,21,61.5,64.4,10.6,93.8,2.6,0.0,10.3,19.7,14.9,4.1,1.0,3.8,27.1,0.31,2.64,0.49,2.15,18,13,72.2,8,3,37.5,0,0,0,3,3,1,4,0,0,0,0,0,0,0,0,0,0,0,0,0
Oxford Hoops Senior Men,14,A. Marzec,,21,32.1,674.6,314,15.0,106,241,44.0,49,119,41.2,53,68,77.9,38,49,87,29,13,1,49,27,54.1,58.0,19.6,98.1,18.7,7.1,4.7,5.9,5.3,8.5,1.0,0.1,15.3,0.28,2.63,3.94,-1.31,85,42,49.4,35,13,37.1,119,49,41.2,14,28,0,7,0,0,0,0,0,0,0,0,0,0,0,0,0
Birmingham City University Senior Men,16,S. Drysdale,,7,6.3,44.3,18,2.6,8,15,53.3,2,5,40.0,0,2,0.0,6,0,6,2,3,0,4,4,60.0,56.7,17.6,90.5,3.1,0.9,10.8,0.0,5.5,7.9,3.2,0.0,20.1,0.13,2.59,0.84,1.75,6,2,33.3,3,3,100,5,2,40,1,1,0,2,0,0,0,0,0,0,0,0,0,0,0,0,0
St Helens Saints Senior Men,8,K. Jones,,19,21.6,410.2,152,8.0,57,148,38.5,5,34,14.7,33,56,58.9,20,36,56,40,22,4,39,30,40.2,44.0,20.7,71.8,9.5,2.1,4.0,7.2,5.6,16.3,2.6,0.8,18.4,0.38,2.54,1.37,1.17,73,36,49.3,41,16,39,34,5,14.7,17,11,0,11,0,0,0,0,0,0,0,0,0,0,0,0,0
Myerscough Basketball Academy Senior Men I,21,D. Okhuoya,,13,7.1,92.6,29,2.2,13,29,44.8,1,11,9.1,2,4,50.0,7,7,14,6,3,3,9,8,46.6,47.1,17.3,72.9,2.9,1.1,5.8,6.2,6.0,11.5,1.7,2.9,22.6,0.14,2.53,1.03,1.5,18,12,66.7,0,0,0,11,1,9.1,1,6,1,1,0,0,0,0,0,0,0,0,0,0,0,0,0
Sheffield Arrows Senior Men,12,C. Camara,,1,3.9,3.9,2,2.0,1,1,100.0,0,0,0,0,0,0,1,2,3,1,0,0,0,1,100.0,100.0,10.7,200.0,2.4,0.0,21.6,41.6,31.8,40.6,0.0,0.0,0.0,0.0,2.44,2.25,0.18,0,0,0,1,1,100,0,0,0,0,0,0,0,0,0,0,0,0,0,0,0,0,0,0,0,0
Sheffield Sharks Senior Men,22,C. Andrews,,20,20.3,405.0,172,8.6,72,138,52.2,0,1,0.0,28,58,48.3,74,72,146,15,14,11,23,41,52.2,52.6,19.1,92.2,10.8,0.1,14.6,14.6,14.6,8.1,1.7,2.5,12.3,0.42,2.44,1.61,0.82,97,55,56.7,40,17,42.5,1,0,0,7,14,0,2,0,0,0,0,0,0,0,0,0,0,0,0,0
Worcester Wolves Senior Men,12,L. Ferreira,,16,11.4,182.5,46,2.9,20,44,45.5,2,6,33.3,4,11,36.4,21,20,41,16,12,3,15,44,47.7,47.1,14.1,72.1,3.5,0.5,9.6,9.5,9.6,13.6,3.3,1.7,23.5,0.25,2.43,-0.19,2.63,34,17,50,4,1,25,6,2,33.3,5,5,0,5,0,0,0,0,0,0,0,0,0,0,0,0,0
London Lions Senior Men II,7,A. Ogidan,,15,25.6,383.8,111,7.4,46,81,56.8,1,5,20.0,18,43,41.9,27,71,98,21,8,17,23,21,57.4,55.5,13.5,90.3,9.4,0.4,5.9,14.2,10.2,11.2,1.1,3.9,18.7,0.53,2.43,0.03,2.39,69,44,63.8,7,1,14.3,5,1,20,5,10,0,8,0,0,0,0,0,0,0,0,0,0,0,0,0
Cardiff Met Archers Senior Men I,8,J. Dawe,,18,23.0,413.3,153,8.5,58,110,52.7,21,47,44.7,16,19,84.2,5,31,36,49,25,0,32,17,62.3,64.6,16.0,101.8,10.8,3.3,1.1,6.3,3.8,22.8,3.0,0.0,21.3,0.17,2.42,0.81,1.62,10,7,70,53,30,56.6,47,21,44.7,22,8,0,2,0,0,0,0,0,0,0,0,0,0,0,0,0
Leicester Warriors Senior Men,10,A. Kalugin-Ugo,,21,27.0,567.8,238,11.3,90,208,43.3,16,61,26.2,42,86,48.8,44,112,156,78,41,5,74,46,47.1,48.4,23.1,74.4,13.6,3.5,6.2,17.2,11.4,24.4,3.5,0.7,23.1,0.41,2.41,0.84,1.57,126,68,54,20,5,25,61,16,26.2,33,34,0,7,0,0,0,0,0,0,0,0,0,0,0,0,0
Worcester Wolves Senior Men,15,P. Mcintosh,,3,4.2,12.6,6,2.0,2,3,66.7,1,2,50.0,1,2,50.0,1,2,3,1,0,1,1,3,83.3,77.3,16.7,123.0,2.5,0.8,7.6,13.5,10.7,11.1,0.0,7.1,20.5,0.67,2.41,0.47,1.93,1,1,100,0,0,0,2,1,50,0,1,0,0,0,0,0,0,0,0,0,0,0,0,0,0,0
St Helens Saints Senior Men,12,S. Simmonds,,21,24.1,506.8,64,3.0,26,83,31.3,4,33,12.1,8,18,44.4,35,106,141,39,22,15,33,58,33.7,35.2,9.9,51.6,3.6,1.9,5.8,17.5,11.6,11.1,2.1,2.6,26.6,0.22,2.39,0.31,2.09,25,16,64,25,6,24,33,4,12.1,14,9,2,8,0,0,0,0,0,0,0,0,0,0,0,0,0
Sheffield Arrows Senior Men,4,G. Brownell,,18,22.9,412.1,135,7.5,45,151,29.8,32,107,29.9,13,17,76.5,8,24,32,23,14,1,9,42,40.4,42.6,16.6,80.6,9.0,7.1,1.6,4.5,3.1,8.1,1.6,0.2,5.4,0.11,2.33,2.27,0.06,14,7,50,30,6,20,107,32,29.9,5,1,0,3,0,0,0,0,0,0,0,0,0,0,0,0,0
London Stars Senior Men,11,J. Hayes,,15,22.5,337.6,73,4.9,25,75,33.3,13,44,29.5,10,18,55.6,9,57,66,18,10,1,13,15,42.0,44.0,11.7,76.1,5.8,3.5,2.3,13.7,8.1,8.4,1.4,0.3,13.6,0.24,2.32,0.41,1.91,17,8,47.1,14,4,28.6,44,13,29.5,7,2,0,4,0,0,0,0,0,0,0,0,0,0,0,0,0
Barking Abbey Senior Men I,41,A. Nwabueze,,7,13.4,94.1,28,4.0,9,36,25.0,7,28,25.0,3,4,75.0,8,5,13,1,4,3,8,8,34.7,37.1,19.8,61.2,4.9,4.9,7.2,3.8,5.4,1.9,2.2,3.1,17.5,0.11,2.2,-0.69,2.9,4,2,50,4,0,0,28,7,25,2,6,0,0,0,0,0,0,0,0,0,0,0,0,0,0,0
London Stars Senior Men,5,S. Pleszak,,11,12.1,132.6,48,4.4,19,48,39.6,9,25,36.0,1,2,50.0,3,15,18,7,6,6,7,13,49.0,49.1,17.4,85.9,5.2,2.7,1.9,9.1,5.6,9.8,2.1,3.8,12.5,0.04,2.12,0.34,1.78,19,7,36.8,4,3,75,25,9,36,2,3,0,2,0,0,0,0,0,0,0,0,0,0,0,0,0
Birmingham City University Senior Men,5,E. Adebambo,,15,5.8,86.6,38,2.5,14,39,35.9,8,21,38.1,2,3,66.7,3,9,12,2,4,0,3,9,46.2,47.1,19.3,87.7,3.0,1.7,2.7,8.3,5.4,3.9,2.2,0.0,6.9,0.08,2.12,0.49,1.63,7,4,57.1,9,2,22.2,21,8,38.1,1,1,1,0,0,0,0,0,0,0,0,0,0,0,0,0,0
London Stars Senior Men,6,H. Kmitas,,2,9.0,17.9,4,2.0,2,2,100.0,0,0,0,0,0,0,0,4,4,2,1,0,1,1,100.0,100.0,7.0,133.3,2.3,0.0,0.0,17.7,9.7,14.6,2.6,0.0,33.3,0.0,2.12,0.06,2.06,0,0,0,2,2,100,0,0,0,0,1,0,0,0,0,0,0,0,0,0,0,0,0,0,0,0
Richmond Knights Senior Men,44,J. Tahraoui,,8,31.4,251.2,110,13.8,35,100,35.0,22,63,34.9,18,27,66.7,11,36,47,22,11,1,32,32,46.0,49.2,22.2,76.5,16.2,9.3,3.5,11.9,7.6,15.9,2.1,0.3,22.2,0.27,2.11,-0.83,2.94,14,9,64.3,23,4,17.4,63,22,34.9,10,13,0,9,0,0,0,0,0,0,0,0,0,0,0,0,0
Barking Abbey Senior Men I,31,S. Dobson-Smith,,10,9.7,96.9,23,2.3,9,28,32.1,3,14,21.4,2,4,50.0,1,6,7,6,8,2,10,12,37.5,38.6,17.2,57.8,3.0,1.8,0.9,4.9,3.0,11.0,4.3,2.1,25.2,0.14,2.11,-1.61,3.72,10,5,50,3,1,33.3,13,3,23.1,3,6,0,1,0,0,0,0,0,0,0,0,0,0,0,0,0
CoLA Southwark Pride Senior Men,10,T. Fairbairn,,1,26.7,26.7,8,8.0,3,7,42.9,0,1,0.0,2,4,50.0,4,2,6,2,3,1,5,4,42.9,45.7,20.6,58.1,9.7,1.2,11.5,6.5,9.2,20.7,5.6,3.1,36.3,0.57,2.05,-2.02,4.07,5,3,60,1,0,0,1,0,0,0,3,0,2,0,0,0,0,0,0,0,0,0,0,0,0,0
Sheffield Arrows Senior Men,5,I. Ashwith,,4,10.7,42.8,12,3.0,4,11,36.4,3,5,60.0,1,1,100.0,1,5,6,1,7,0,5,5,50.0,52.4,15.4,73.0,3.6,1.5,1.9,9.6,5.7,3.3,8.0,0.0,30.4,0.09,2.02,0.86,1.16,6,1,16.7,0,0,0,5,3,60,2,1,0,2,0,0,0,0,0,0,0,0,0,0,0,0,0
Sheffield Sharks Senior Men,31,M. Moore,,6,20.7,124.4,53,8.8,21,47,44.7,3,14,21.4,8,8,100.0,8,18,26,7,7,2,11,8,47.9,52.5,20.9,86.2,11.4,3.0,5.1,12.3,8.6,10.8,2.9,1.5,17.9,0.17,1.97,0.59,1.37,25,14,56,7,4,57.1,14,3,21.4,5,6,0,0,0,0,0,0,0,0,0,0,0,0,0,0,0
London Lions Senior Men II,7,L. Ogdan,,1,28.4,28.4,8,8.0,4,6,66.7,0,0,0,0,0,0,1,3,4,3,0,0,2,2,66.7,66.7,12.6,100.0,11.4,0.0,3.1,7.4,5.5,23.0,0.0,0.0,25.0,0.0,1.95,0.05,1.9,5,3,60,1,1,100,0,0,0,1,1,0,0,0,0,0,0,0,0,0,0,0,0,0,0,0
Manchester Magic Senior Men I,9,K. Lee,,14,4.3,59.9,9,0.6,4,19,21.1,1,12,8.3,0,0,0,1,4,5,8,2,0,9,4,23.7,23.7,20.0,32.1,0.8,1.1,1.5,5.6,3.6,18.7,1.7,0.0,32.1,0.0,1.95,0.12,1.82,5,3,60,2,0,0,12,1,8.3,7,1,0,1,0,0,0,0,0,0,0,0,0,0,0,0,0
Birmingham City University Senior Men,8,R. Quinland,,10,11.4,114.5,47,4.7,19,60,31.7,9,28,32.1,0,1,0.0,10,16,26,11,3,1,13,14,39.2,38.9,24.8,64.0,5.5,3.3,7.0,11.3,9.2,15.2,1.2,0.8,17.7,0.02,1.9,0.39,1.51,14,6,42.9,18,4,22.2,28,9,32.1,8,3,0,2,0,0,0,0,0,0,0,0,0,0,0,0,0
St Helens Saints Senior Men,15,B. Tew,,6,16.9,101.6,38,6.3,17,38,44.7,0,4,0.0,4,10,40.0,15,19,34,11,2,2,8,21,44.7,44.8,19.2,75.4,7.3,0.8,11.8,14.8,13.3,17.6,0.9,1.7,15.9,0.26,1.89,1.15,0.75,22,15,68.2,12,2,16.7,4,0,0,3,3,0,2,0,0,0,0,0,0,0,0,0,0,0,0,0
London Elite Senior Men I,13,N. Ebifeni,,3,33.4,100.2,52,17.3,22,54,40.7,1,8,12.5,7,12,58.3,8,19,27,3,5,4,8,7,41.7,43.9,28.1,77.3,21.6,3.3,6.3,16.5,11.1,7.9,2.5,3.7,11.9,0.22,1.89,0.36,1.53,15,6,40,31,15,48.4,8,1,12.5,5,2,0,1,0,0,0,0,0,0,0,0,0,0,0,0,0
Barking Abbey Senior Men I,36,F. Oguntuase,,13,5.3,69.1,16,1.2,8,17,47.1,0,0,0,0,5,0.0,10,6,16,1,5,1,4,15,47.1,41.7,13.8,69.0,1.5,0.0,12.5,6.7,9.4,2.5,3.7,1.5,17.2,0.29,1.83,-1.29,3.12,17,8,47.1,0,0,0,0,0,0,0,2,0,2,0,0,0,0,0,0,0,0,0,0,0,0,0
Oxford Hoops Senior Men,23,J. Cummins,,12,28.3,339.7,151,12.6,65,165,39.4,4,22,18.2,17,20,85.0,44,78,122,27,8,17,25,35,40.6,43.4,24.0,76.0,15.6,2.3,10.7,19.7,15.2,15.2,1.2,4.5,12.6,0.12,1.82,1.97,-0.16,106,46,43.4,35,14,40,22,4,18.2,6,13,1,5,0,0,0,0,0,0,0,0,0,0,0,0,0
Worcester Wolves Senior Men,22,E. Neblett,,3,1.8,5.3,3,1.0,1,3,33.3,1,2,50.0,0,0,0,0,0,0,0,1,0,0,0,50.0,50.0,21.8,100.0,1.2,0.8,0.0,0.0,0.0,0.0,9.4,0.0,0.0,0.0,1.82,0.19,1.62,0,0,0,1,0,0,2,1,50,0,0,0,0,0,0,0,0,0,0,0,0,0,0,0,0,0
Richmond Knights Senior Men,22,I. Stephans,,1,13.0,13.0,12,12.0,5,9,55.6,1,2,50.0,1,1,100.0,0,1,1,0,1,0,2,1,61.1,63.6,36.0,104.9,14.4,2.4,0.0,6.1,3.1,0.0,3.9,0.0,17.5,0.11,1.78,-0.42,2.2,5,4,80,2,0,0,2,1,50,0,2,0,0,0,0,0,0,0,0,0,0,0,0,0,0,0
Worcester Wolves Senior Men,3,C. Okibe,,22,10.4,229.6,55,2.5,21,44,47.7,0,0,0,13,19,68.4,17,51,68,3,5,3,18,19,47.7,52.5,12.5,78.2,3.1,0.0,6.3,19.3,12.7,2.0,1.1,1.3,25.6,0.43,1.77,-0.13,1.9,31,17,54.8,13,4,30.8,0,0,0,1,9,4,4,0,0,0,0,0,0,0,0,0,0,0,0,0
Barking Abbey Senior Men I,8,K. Ngabala,,3,6.5,19.4,0,0.0,0,2,0.0,0,1,0.0,0,0,0,0,0,0,4,3,0,3,5,0.0,0.0,10.0,0.0,0.0,0.4,0.0,0.0,0.0,28.7,7.6,0.0,60.0,0.0,1.69,-2.34,4.03,1,0,0,0,0,0,1,0,0,2,1,0,0,0,0,0,0,0,0,0,0,0,0,0,0,0
Cobham Cobras Senior Men,21,J. Muzikevicius,,6,16.8,100.6,38,6.3,14,33,42.4,1,3,33.3,9,15,60.0,13,27,40,11,4,4,9,13,43.9,48.0,20.8,78.2,8.2,0.6,11.8,20.8,16.7,22.9,2.0,3.7,18.5,0.45,1.67,-0.16,1.83,12,3,25,18,10,55.6,3,1,33.3,2,2,0,5,0,0,0,0,0,0,0,0,0,0,0,0,0
Birmingham City University Senior Men,14,C. Lynch,,7,8.0,55.7,20,2.9,10,23,43.5,0,1,0.0,0,0,0,2,11,13,2,1,0,2,7,43.5,43.5,17.7,80.0,3.5,0.2,2.9,16.4,9.6,5.9,0.9,0.0,8.0,0.0,1.66,-0.04,1.7,9,4,44.4,13,6,46.2,1,0,0,1,0,0,1,0,0,0,0,0,0,0,0,0,0,0,0,0
Birmingham City University Senior Men,7,J. Miller,,16,15.4,247.0,97,6.1,40,100,40.0,2,33,6.1,15,28,53.6,5,31,36,10,8,4,23,26,41.0,43.2,20.5,71.7,6.9,2.4,1.5,9.9,5.6,6.6,1.5,1.5,17.0,0.28,1.63,-0.32,1.95,32,22,68.8,35,16,45.7,33,2,6.1,10,8,0,5,0,0,0,0,0,0,0,0,0,0,0,0,0
Leicester Warriors Senior Men,7,D. Perez Tosca,,14,25.6,358.8,166,11.9,55,149,36.9,22,87,25.3,34,45,75.6,14,28,42,27,17,7,30,14,44.3,49.2,22.5,83.5,14.2,7.4,3.2,6.8,5.0,12.6,2.3,1.6,15.1,0.3,1.61,1.61,0.01,51,30,58.8,11,3,27.3,87,22,25.3,10,16,0,4,0,0,0,0,0,0,0,0,0,0,0,0,0
Leicester Warriors Senior Men,13,T. Mears,,1,24.5,24.5,7,7.0,3,3,100.0,0,0,0,1,1,100.0,1,0,1,0,0,5,3,5,100.0,101.7,11.3,108.7,9.1,0.0,3.1,0.0,1.7,0.0,0.0,16.3,46.6,0.33,1.59,-0.95,2.54,3,3,100,0,0,0,0,0,0,1,2,0,0,0,0,0,0,0,0,0,0,0,0,0,0,0
Worcester Wolves Senior Men,24,J. Kilara,,16,4.6,74.3,21,1.3,9,14,64.3,1,2,50.0,2,8,25.0,4,8,12,1,3,1,8,6,67.9,59.9,14.2,82.3,1.6,0.2,4.7,9.7,7.2,2.1,2.0,1.3,31.3,0.57,1.36,-0.22,1.59,10,8,80,2,0,0,2,1,50,3,3,0,2,0,0,0,0,0,0,0,0,0,0,0,0,0
Leicester Warriors Senior Men,12,D. Mcdonald,,17,28.7,487.8,188,11.1,76,179,42.5,25,82,30.5,11,17,64.7,19,40,59,25,20,12,34,29,49.4,50.4,18.5,85.3,13.4,5.8,3.2,7.0,5.1,8.8,2.0,2.0,15.4,0.09,1.34,1.14,0.2,61,33,54.1,35,17,48.6,82,25,30.5,16,16,0,2,0,0,0,0,0,0,0,0,0,0,0,0,0
Cobham Cobras Senior Men,30,M. Coupe,,10,23.8,238.1,98,9.8,31,73,42.5,8,28,28.6,28,37,75.7,3,28,31,22,11,1,29,21,47.9,54.9,21.0,82.9,12.5,3.6,1.1,9.4,5.3,17.9,2.3,0.4,24.5,0.51,1.28,-0.6,1.89,16,10,62.5,29,13,44.8,28,8,28.6,13,12,0,4,0,0,0,0,0,0,0,0,0,0,0,0,0
Sheffield Sharks Senior Men,47,M. Tuck,,4,19.2,77.0,31,7.8,13,28,46.4,1,8,12.5,4,5,80.0,7,15,22,6,1,1,5,4,48.2,51.3,19.0,88.1,9.9,2.5,7.6,16.4,12.0,14.2,0.7,1.1,14.2,0.18,1.26,0.8,0.46,12,7,58.3,8,5,62.5,8,1,12.5,3,2,0,0,0,0,0,0,0,0,0,0,0,0,0,0,0
Liverpool Senior Men,00,K. Forsythe,,21,20.0,420.5,190,9.0,73,196,37.2,32,115,27.8,12,23,52.2,22,47,69,12,17,3,29,46,45.4,46.1,22.6,80.8,10.5,6.4,4.2,8.7,6.5,5.1,1.9,0.6,12.3,0.12,1.23,0.59,0.64,0,0,0,0,0,0,0,0,0,0,0,0,0,0,0,0,0,0,0,0,0,0,0,0,0,0
St Helens Saints Senior Men,11,N. Conaty,,3,10.1,30.2,10,3.3,4,9,44.4,2,5,40.0,0,0,0,2,6,8,2,1,0,4,1,55.6,55.6,16.4,76.9,3.7,1.8,5.0,14.3,9.8,12.2,1.6,0.0,30.8,0.0,1.17,1.02,0.15,3,1,33.3,1,1,100,5,2,40,3,0,0,1,0,0,0,0,0,0,0,0,0,0,0,0,0
Worcester Wolves Senior Men,7,M. Sung,,4,2.0,7.9,2,0.5,0,4,0.0,0,2,0.0,2,2,100.0,1,1,2,2,0,0,0,0,0.0,20.5,24.7,41.0,0.6,0.6,11.1,11.9,11.5,33.8,0.0,0.0,0.0,0.5,1.17,-0.1,1.27,1,0,0,1,0,0,2,0,0,0,0,0,0,0,0,0,0,0,0,0,0,0,0,0,0,0
St Helens Saints Senior Men,4,O. Irvine,,3,3.2,9.7,6,2.0,2,4,50.0,2,4,50.0,0,0,0,0,0,0,0,0,0,0,1,75.0,75.0,18.3,150.0,2.5,1.7,0.0,0.0,0.0,0.0,0.0,0.0,0.0,0.0,1.07,1.27,-0.21,0,0,0,0,0,0,4,2,50,0,0,0,0,0,0,0,0,0,0,0,0,0,0,0,0,0
Cobham Cobras Senior Men,11,A. Oladipupo,,14,32.4,453.9,122,8.7,46,126,36.5,12,37,32.4,18,26,69.2,12,36,48,38,12,4,30,27,41.3,44.4,15.6,72.9,11.0,3.3,2.2,6.3,4.3,15.5,1.3,0.8,17.9,0.21,1.05,-0.32,1.37,44,22,50,45,12,26.7,37,12,32.4,19,8,0,3,0,0,0,0,0,0,0,0,0,0,0,0,0
Worcester Wolves Senior Men,11,I. Dapaah,,18,4.3,77.9,25,1.4,10,35,28.6,4,23,17.4,1,4,25.0,2,7,9,2,6,0,4,12,34.3,34.0,21.6,61.3,1.7,1.6,2.2,7.9,5.0,4.0,3.9,0.0,9.8,0.11,1.05,-0.48,1.53,8,6,75,4,0,0,23,4,17.4,0,3,0,1,0,0,0,0,0,0,0,0,0,0,0,0,0
Worcester Wolves Senior Men,15,C. Rufus Shaba,,16,1.6,25.6,2,0.1,1,5,20.0,0,0,0,0,0,0,3,3,6,0,0,2,1,2,20.0,20.0,9.6,33.3,0.2,0.0,9.8,10.1,10.0,0.0,0.0,7.9,16.7,0.0,0.99,-0.34,1.33,5,1,20,0,0,0,0,0,0,0,1,0,0,0,0,0,0,0,0,0,0,0,0,0,0,0
CoLA Southwark Pride Senior Men,12,D. Banjoko,,24,18.2,435.7,143,6.0,58,118,49.2,7,34,20.6,20,36,55.6,35,46,81,20,28,8,50,42,52.1,53.4,17.3,77.8,7.4,1.8,6.3,9.0,7.6,9.5,3.2,1.7,27.2,0.31,0.97,-1.34,2.31,62,45,72.6,22,6,27.3,34,7,20.6,15,23,0,12,0,0,0,0,0,0,0,0,0,0,0,0,0
St Helens Saints Senior Men,15,S. Obika,,16,13.1,209.0,83,5.2,36,76,47.4,1,10,10.0,10,17,58.8,14,23,37,10,5,6,17,36,48.0,49.7,19.4,82.6,6.1,0.7,5.6,9.3,7.5,8.1,1.1,2.5,16.9,0.22,0.95,0.52,0.44,52,28,53.8,14,7,50,10,1,10,5,6,0,6,0,0,0,0,0,0,0,0,0,0,0,0,0
Cardiff Met Archers Senior Men I,6,A. Rosario,,16,21.4,341.7,155,9.7,69,146,47.3,3,15,20.0,14,23,60.9,15,29,44,38,40,0,44,28,48.3,49.6,25.5,77.5,12.2,1.2,3.8,7.0,5.4,24.8,5.9,0.0,22.0,0.16,0.9,-1.09,1.99,85,48,56.5,46,18,39.1,15,3,20,20,15,0,9,0,0,0,0,0,0,0,0,0,0,0,0,0
London Lions Senior Men II,0,E. Griffith,,6,10.4,62.3,27,4.5,11,23,47.8,4,10,40.0,1,3,33.3,4,10,14,4,10,0,6,6,56.5,55.5,21.2,89.1,5.9,2.2,5.5,11.9,8.9,17.0,8.3,0.0,19.8,0.13,0.86,-1.31,2.17,6,4,66.7,7,3,42.9,10,4,40,5,0,0,1,0,0,0,0,0,0,0,0,0,0,0,0,0
Sheffield Arrows Senior Men,26,S. Matewe,,21,19.7,413.8,146,7.0,58,149,38.9,13,47,27.7,17,29,58.6,19,45,64,13,6,5,25,39,43.3,45.1,18.3,78.2,8.3,2.7,3.8,8.6,6.2,4.8,0.7,1.0,13.4,0.19,0.8,1.26,-0.46,69,37,53.6,33,8,24.2,47,13,27.7,10,7,0,8,0,0,0,0,0,0,0,0,0,0,0,0,0
Myerscough Basketball Academy Senior Men I,4,A. Cisse,,1,6.8,6.8,0,0.0,0,1,0.0,0,0,0,0,0,0,0,0,0,0,0,0,0,0,0.0,0.0,5.7,0.0,0.0,0.0,0.0,0.0,0.0,0.0,0.0,0.0,0.0,0.0,0.77,0.08,0.7,1,0,0,0,0,0,0,0,0,0,0,0,0,0,0,0,0,0,0,0,0,0,0,0,0,0
Birmingham City University Senior Men,2,S. Barnaby,,10,6.7,66.5,17,1.7,6,22,27.3,4,14,28.6,1,2,50.0,0,2,2,3,3,0,8,9,36.4,37.2,17.3,55.1,2.0,1.6,0.0,2.5,1.2,6.2,2.1,0.0,25.9,0.09,0.76,-0.67,1.43,2,0,0,6,2,33.3,14,4,28.6,4,3,0,1,0,0,0,0,0,0,0,0,0,0,0,0,0
CoLA Southwark Pride Senior Men,15,A. Nwokolo,,11,18.7,205.7,90,8.2,28,72,38.9,2,18,11.1,32,54,59.3,15,22,37,6,16,4,27,19,40.3,47.0,24.7,73.3,10.2,2.0,5.9,9.3,7.5,5.5,3.9,1.8,22.0,0.75,0.75,-1.5,2.25,47,25,53.2,7,1,14.3,18,2,11.1,7,9,0,11,0,0,0,0,0,0,0,0,0,0,0,0,0
Greenwich Titans Senior Men,21,J. Green,,10,26.5,265.0,84,8.4,28,116,24.1,27,111,24.3,1,6,16.7,4,28,32,53,24,3,31,15,35.8,35.4,21.5,56.1,9.4,12.5,1.2,8.3,4.7,32.8,4.1,0.9,20.7,0.05,0.72,-1.22,1.95,2,1,50,3,0,0,111,27,24.3,24,3,0,4,0,0,0,0,0,0,0,0,0,0,0,0,0
Cobham Cobras Senior Men,91,R. Akpofure,,15,15.1,226.9,97,6.5,43,83,51.8,4,15,26.7,7,17,41.2,31,36,67,13,7,0,13,24,54.2,53.6,19.2,93.7,8.2,1.3,11.4,12.6,12.0,12.8,1.6,0.0,12.6,0.2,0.66,0.08,0.58,40,23,57.5,28,16,57.1,15,4,26.7,4,6,0,3,0,0,0,0,0,0,0,0,0,0,0,0,0
London Stars Senior Men,7,D. Vazgys,,12,12.5,150.1,48,4.0,18,46,39.1,4,16,25.0,8,12,66.7,7,10,17,3,8,1,12,11,43.5,46.8,17.1,75.9,4.8,1.6,4.0,5.5,4.7,3.4,2.5,0.6,19.0,0.26,0.65,-0.51,1.16,19,9,47.4,11,5,45.5,16,4,25,2,5,0,5,0,0,0,0,0,0,0,0,0,0,0,0,0
Sheffield Arrows Senior Men,12,A. Moore,,6,5.7,34.1,15,2.5,6,13,46.2,1,3,33.3,2,2,100.0,3,10,13,0,0,0,2,3,50.0,54.0,19.4,94.5,3.0,0.6,7.7,23.0,15.8,0.0,0.0,0.0,12.6,0.15,0.52,1.16,-0.64,7,4,57.1,3,1,33.3,3,1,33.3,0,1,0,1,0,0,0,0,0,0,0,0,0,0,0,0,0
London Lions Senior Men II,13,L. Roach,,15,19.6,293.4,135,9.0,52,143,36.4,16,68,23.5,15,21,71.4,10,41,51,16,19,0,26,10,42.0,44.3,25.8,75.7,11.5,5.8,2.9,10.8,7.0,12.2,3.3,0.0,14.6,0.15,0.5,-0.74,1.24,43,24,55.8,32,12,37.5,68,16,23.5,18,4,0,4,0,0,0,0,0,0,0,0,0,0,0,0,0
London Lions Senior Men II,8,J. Ako - Mensah,,15,26.6,399.1,146,9.7,52,132,39.4,5,29,17.2,37,59,62.7,40,57,97,16,20,10,39,50,41.3,46.2,20.9,74.1,12.4,2.5,8.6,10.9,9.8,8.0,2.5,2.2,19.8,0.45,0.49,-1.43,1.92,87,43,49.4,16,4,25,29,5,17.2,16,14,1,8,0,0,0,0,0,0,0,0,0,0,0,0,0
Teesside Lions Senior Men,23,M. Felletti-O’Donnell,,14,34.7,485.9,244,17.4,83,217,38.2,44,121,36.4,34,45,75.6,8,52,60,22,13,5,46,38,48.4,51.5,24.9,86.3,21.9,10.9,1.4,8.9,5.2,8.9,1.3,0.9,16.3,0.21,0.49,0.74,-0.24,45,19,42.2,51,20,39.2,121,44,36.4,20,16,0,10,0,0,0,0,0,0,0,0,0,0,0,0,0
CoLA Southwark Pride Senior Men,6,L. Thompson,,5,13.2,66.1,17,3.4,6,11,54.5,2,3,66.7,3,6,50.0,7,7,14,3,1,2,3,8,63.6,62.3,10.0,102.2,4.2,0.7,7.9,9.1,8.5,9.2,0.7,2.8,18.0,0.55,0.45,-1.01,1.47,5,2,40,3,2,66.7,3,2,66.7,1,1,0,1,0,0,0,0,0,0,0,0,0,0,0,0,0
Leicester Warriors Senior Men,6,L. Hewson,,3,29.4,88.3,17,5.7,6,18,33.3,1,9,11.1,4,6,66.7,2,4,6,13,3,0,5,3,36.1,41.2,12.6,66.3,7.1,3.7,1.7,3.9,2.8,23.6,1.7,0.0,19.5,0.33,0.42,0.09,0.33,6,5,83.3,2,0,0,9,1,11.1,3,2,0,0,0,0,0,0,0,0,0,0,0,0,0,0,0
St Helens Saints Senior Men,4,K. Crawford,,5,4.9,24.5,11,2.2,4,13,30.8,2,9,22.2,1,2,50.0,1,1,2,2,0,0,0,2,38.5,39.6,22.5,79.3,2.6,2.1,3.3,3.2,3.3,14.3,0.0,0.0,0.0,0.15,0.4,0.82,-0.42,1,1,100,3,1,33.3,9,2,22.2,0,0,0,0,0,0,0,0,0,0,0,0,0,0,0,0,0
London Lions Senior Men II,21,D. Campbell-Deeble,,4,19.1,76.4,31,7.8,11,25,44.0,3,6,50.0,6,12,50.0,9,18,27,4,3,2,10,8,50.0,51.2,22.2,77.0,9.8,1.9,9.8,19.1,14.5,12.1,2.0,2.3,24.8,0.48,0.26,-1.14,1.4,12,7,58.3,7,1,14.3,6,3,50,5,4,0,1,0,0,0,0,0,0,0,0,0,0,0,0,0
CoLA Southwark Pride Senior Men,7,J. Hannick,,11,12.8,141.2,65,5.9,22,63,34.9,11,31,35.5,10,16,62.5,4,15,19,11,9,0,17,12,43.7,46.4,24.7,74.7,7.3,3.5,2.1,9.3,5.4,17.9,3.2,0.0,19.5,0.25,0.18,-1.33,1.51,16,8,50,16,3,18.8,31,11,35.5,6,7,0,4,0,0,0,0,0,0,0,0,0,0,0,0,0
Myerscough Basketball Academy Senior Men I,6,J. Sanchez,,1,22.6,22.6,5,5.0,1,13,7.7,1,5,20.0,2,2,100.0,1,2,3,3,1,0,1,1,11.5,18.0,25.7,33.6,6.4,6.4,3.2,7.8,5.3,20.2,2.2,0.0,6.7,0.15,0.18,-0.32,0.5,7,0,0,1,0,0,5,1,20,0,1,0,0,0,0,0,0,0,0,0,0,0,0,0,0,0
Richmond Knights Senior Men,2,T. Badmus,,4,8.5,33.9,13,3.2,4,8,50.0,3,4,75.0,2,3,66.7,2,1,3,2,6,0,4,5,68.8,69.7,16.2,97.6,4.1,1.3,5.0,2.5,3.7,10.5,9.0,0.0,30.0,0.38,0.16,-2.43,2.59,2,1,50,2,0,0,4,3,75,3,1,0,0,0,0,0,0,0,0,0,0,0,0,0,0,0
Sheffield Sharks Senior Men,2,D. Kom,,21,24.1,505.8,199,9.5,74,219,33.8,32,96,33.3,19,34,55.9,24,39,63,47,21,8,62,33,41.1,42.5,24.3,67.2,12.0,5.8,3.8,6.3,5.0,19.3,2.1,1.5,20.9,0.16,0.16,-0.2,0.36,71,27,38,52,15,28.8,96,32,33.3,31,23,0,8,0,0,0,0,0,0,0,0,0,0,0,0,0
Barking Abbey Senior Men I,4,M. Nyamutenha,,3,2.7,8.1,0,0.0,0,3,0.0,0,2,0.0,0,0,0,0,0,0,1,0,0,2,0,0.0,0.0,25.7,0.0,0.0,0.8,0.0,0.0,0.0,19.5,0.0,0.0,40.0,0.0,0.14,-2.16,2.31,1,0,0,0,0,0,2,0,0,2,0,0,0,0,0,0,0,0,0,0,0,0,0,0,0,0
Sheffield Sharks Senior Men,15,C. Alexander,,13,23.6,306.7,99,7.6,43,80,53.8,0,1,0.0,13,44,29.5,30,24,54,13,7,7,22,25,53.8,49.8,16.5,81.6,9.6,0.1,7.6,6.3,7.0,8.4,1.2,2.2,18.1,0.55,0.14,-0.13,0.27,64,36,56.2,14,7,50,1,0,0,4,13,0,5,0,0,0,0,0,0,0,0,0,0,0,0,0
London Elite Senior Men I,24,W. Mumuni,,12,25.9,311.1,85,7.1,22,68,32.4,4,20,20.0,37,48,77.1,15,36,51,27,25,5,24,17,35.3,47.7,14.6,75.1,8.4,2.0,4.0,10.3,7.0,15.1,3.7,1.4,21.2,0.71,0.09,-1.71,1.81,29,10,34.5,19,8,42.1,20,4,20,19,4,0,1,0,0,0,0,0,0,0,0,0,0,0,0,0
Sheffield Arrows Senior Men,14,I. Askwith,,1,3.7,3.7,1,1.0,0,0,0,0,0,0,1,2,50.0,0,2,2,0,0,0,0,1,0,56.8,10.8,113.6,1.3,0.0,0.0,39.7,21.8,0.0,0.0,0.0,0.0,0,0.09,0.4,-0.31,0,0,0,0,0,0,0,0,0,0,0,0,0,0,0,0,0,0,0,0,0,0,0,0,0,0
London Elite Senior Men I,5,H. Loader,,8,27.3,218.4,70,8.8,18,56,32.1,4,18,22.2,30,41,73.2,14,29,43,21,16,1,18,21,35.7,47.3,16.8,76.1,10.4,2.7,5.3,11.8,8.4,18.0,3.4,0.4,19.6,0.73,0.08,-1.63,1.71,25,10,40,13,4,30.8,18,4,22.2,9,7,0,2,0,0,0,0,0,0,0,0,0,0,0,0,0
Teesside Lions Senior Men,8,S. Gakuba,,4,0,0.0,0,0,0,0,0,0,0,0,0,0,0,0,0,0,0,0,0,0,0,0,0,0,0,0,0,0,0,0,0,0,0,0,0,0,0,0,0,0,0,0,0,0,0,0,0,0,0,0,0,0,0,0,0,0,0,0,0,0,0,0,0,0
London Lions Senior Men II,10,T. Mensah,,1,0,0.0,0,0,0,0,0,0,0,0,0,0,0,0,0,0,0,0,0,0,0,0,0,0,0,0,0,0,0,0,0,0,0,0,0,0,0,0,0,0,0,0,0,0,0,0,0,0,0,0,0,0,0,0,0,0,0,0,0,0,0,0,0,0
Liverpool Senior Men,15,D. Obamakinwa,,1,0,0.0,0,0,0,0,0,0,0,0,0,0,0,0,0,0,0,0,0,0,0,0,0,0,0,0,0,0,0,0,0,0,0,0,0,0,0,0,0,0,0,0,0,0,0,0,0,0,0,0,0,0,0,0,0,0,0,0,0,0,0,0,0,0
Liverpool Senior Men,21,L. Darby-Edwards,,2,0,0.0,0,0,0,0,0,0,0,0,0,0,0,0,0,0,0,0,0,0,0,0,0,0,0,0,0,0,0,0,0,0,0,0,0,0,0,0,0,0,0,0,0,0,0,0,0,0,0,0,0,0,0,0,0,0,0,0,0,0,0,0,0,0
Myerscough Basketball Academy Senior Men I,6,A. Scott,,1,0,0.0,0,0,0,0,0,0,0,0,0,0,0,0,0,0,0,0,0,0,0,0,0,0,0,0,0,0,0,0,0,0,0,0,0,0,0,0,0,0,0,0,0,0,0,0,0,0,0,0,0,0,0,0,0,0,0,0,0,0,0,0,0,0
Barking Abbey Senior Men I,8,K. N'gabala,,1,0,0.0,0,0,0,0,0,0,0,0,0,0,0,0,0,0,0,0,0,0,0,0,0,0,0,0,0,0,0,0,0,0,0,0,0,0,0,0,0,0,0,0,0,0,0,0,0,0,0,0,0,0,0,0,0,0,0,0,0,0,0,0,0,0
Worcester Wolves Senior Men,25,K. Steadman,,2,0,0.0,0,0,0,0,0,0,0,0,0,0,0,0,0,0,0,0,0,0,0,0,0,0,0,0,0,0,0,0,0,0,0,0,0,0,0,0,0,0,0,0,0,0,0,0,0,0,0,0,0,0,0,0,0,0,0,0,0,0,0,0,0,0
Cardiff Met Archers Senior Men I,8,S. Rosier,,2,0,0.0,0,0,0,0,0,0,0,0,0,0,0,0,0,0,0,0,0,0,0,0,0,0,0,0,0,0,0,0,0,0,0,0,0,0,0,0,0,0,0,0,0,0,0,0,0,0,0,0,0,0,0,0,0,0,0,0,0,0,0,0,0,0
Liverpool Senior Men,7,R. Griffiths,,2,0,0.0,0,0,0,0,0,0,0,0,0,0,0,0,0,0,0,0,0,0,0,0,0,0,0,0,0,0,0,0,0,0,0,0,0,0,0,0,0,0,0,0,0,0,0,0,0,0,0,0,0,0,0,0,0,0,0,0,0,0,0,0,0,0
CoLA Southwark Pride Senior Men,11,T. Ibiama,,1,0,0.0,0,0,0,0,0,0,0,0,0,0,0,0,0,0,0,0,0,0,0,0,0,0,0,0,0,0,0,0,0,0,0,0,0,0,0,0,0,0,0,0,0,0,0,0,0,0,0,0,0,0,0,0,0,0,0,0,0,0,0,0,0,0
Worcester Wolves Senior Men,16,A. Akewushola,,1,0,0.0,0,0,0,0,0,0,0,0,0,0,0,0,0,0,0,0,0,0,0,0,0,0,0,0,0,0,0,0,0,0,0,0,0,0,0,0,0,0,0,0,0,0,0,0,0,0,0,0,0,0,0,0,0,0,0,0,0,0,0,0,0,0
Sheffield Arrows Senior Men,14,A. Noore,,1,0,0.0,0,0,0,0,0,0,0,0,0,0,0,0,0,0,0,0,0,0,0,0,0,0,0,0,0,0,0,0,0,0,0,0,0,0,0,0,0,0,0,0,0,0,0,0,0,0,0,0,0,0,0,0,0,0,0,0,0,0,0,0,0,0
Richmond Knights Senior Men,7,Y. Antonelli,,2,0,0.0,0,0,0,0,0,0,0,0,0,0,0,0,0,0,0,0,0,0,0,0,0,0,0,0,0,0,0,0,0,0,0,0,0,0,0,0,0,0,0,0,0,0,0,0,0,0,0,0,0,0,0,0,0,0,0,0,0,0,0,0,0,0
London Elite Senior Men I,23,A. Fullah,,1,0,0.0,0,0,0,0,0,0,0,0,0,0,0,0,0,0,0,0,0,0,0,0,0,0,0,0,0,0,0,0,0,0,0,0,0,0,0,0,0,0,0,0,0,0,0,0,0,0,0,0,0,0,0,0,0,0,0,0,0,0,0,0,0,0
London Elite Senior Men I,23,A. Fulha,,1,0,0.0,0,0,0,0,0,0,0,0,0,0,0,0,0,0,0,0,0,0,0,0,0,0,0,0,0,0,0,0,0,0,0,0,0,0,0,0,0,0,0,0,0,0,0,0,0,0,0,0,0,0,0,0,0,0,0,0,0,0,0,0,0,0
London Stars Senior Men,30,M. Paulauskas,,1,0,0.0,0,0,0,0,0,0,0,0,0,0,0,0,0,0,0,0,0,0,0,0,0,0,0,0,0,0,0,0,0,0,0,0,0,0,0,0,0,0,0,0,0,0,0,0,0,0,0,0,0,0,0,0,0,0,0,0,0,0,0,0,0,0
Richmond Knights Senior Men,14,K. Hypolite-Sealy,,14,23.7,331.6,96,6.9,34,105,32.4,5,23,21.7,23,32,71.9,24,63,87,33,11,8,33,30,34.8,40.3,18.4,63.1,8.1,1.9,6.3,15.8,11.2,17.4,1.6,2.3,21.7,0.3,-0.0,-2.46,2.45,46,20,43.5,36,9,25,23,5,21.7,11,13,2,7,0,0,0,0,0,0,0,0,0,0,0,0,0
London Elite Senior Men I,4,J. Alimi,,5,22.9,114.4,79,15.8,32,64,50.0,2,6,33.3,13,21,61.9,8,15,23,5,2,1,11,7,51.6,53.9,29.1,93.8,18.0,1.4,6.1,11.4,8.7,10.2,0.8,0.7,13.1,0.33,-0.03,0.29,-0.33,30,20,66.7,28,10,35.7,6,2,33.3,3,5,0,3,0,0,0,0,0,0,0,0,0,0,0,0,0
Cardiff Met Archers Senior Men I,9,S. Scruggs,,9,23.8,214.4,125,13.9,52,94,55.3,2,7,28.6,19,30,63.3,15,36,51,7,5,2,25,25,56.4,58.3,27.6,94.6,17.8,1.0,6.5,15.0,10.8,8.8,1.2,1.0,18.9,0.32,-0.04,-0.31,0.27,57,43,75.4,30,7,23.3,7,2,28.6,10,9,0,6,0,0,0,0,0,0,0,0,0,0,0,0,0
St Helens Saints Senior Men,7,M. Cooper,,3,2.9,8.7,2,0.7,1,3,33.3,0,0,0,0,0,0,1,0,1,1,0,0,0,2,33.3,33.3,15.1,66.7,0.8,0.0,11.5,0.0,6.0,16.9,0.0,0.0,0.0,0.0,-0.06,0.27,-0.33,3,1,33.3,0,0,0,0,0,0,0,0,0,0,0,0,0,0,0,0,0,0,0,0,0,0,0
London Stars Senior Men,1,K. Sinkevicius,,5,5.5,27.5,8,1.6,2,6,33.3,2,5,40.0,2,5,40.0,1,3,4,4,0,0,5,1,50.0,48.8,19.6,60.6,2.0,1.2,3.0,8.7,5.9,23.4,0.0,0.0,37.9,0.83,-0.07,-0.69,0.62,1,0,0,0,0,0,5,2,40,3,2,0,0,0,0,0,0,0,0,0,0,0,0,0,0,0
Sheffield Arrows Senior Men,5,H. Handuleh,,13,1.9,24.2,13,1.0,5,16,31.2,3,8,37.5,0,0,0,4,1,5,1,0,0,4,1,40.6,40.6,33.7,65.0,1.2,0.7,13.9,3.3,8.5,7.0,0.0,0.0,20.0,0.0,-0.18,0.83,-1.01,6,2,33.3,2,0,0,8,3,37.5,2,2,0,0,0,0,0,0,0,0,0,0,0,0,0,0,0
Oxford Hoops Senior Men,9,B. Read Strahan,,12,24.1,289.1,102,8.5,38,108,35.2,20,60,33.3,6,11,54.5,5,34,39,31,11,0,21,10,44.4,45.2,19.0,76.2,10.5,6.2,1.4,10.1,5.7,18.4,1.9,0.0,15.7,0.1,-0.19,0.8,-0.99,8,4,50,39,14,35.9,60,20,33.3,12,7,0,2,0,0,0,0,0,0,0,0,0,0,0,0,0
St Helens Saints Senior Men,13,H. Camara,,15,6.1,90.8,15,1.0,6,22,27.3,0,7,0.0,3,10,30.0,9,10,19,6,6,2,9,18,27.3,28.4,16.1,42.4,1.2,0.6,8.4,9.6,9.0,9.8,3.2,1.9,25.4,0.45,-0.22,-0.3,0.08,8,4,50,7,2,28.6,7,0,0,2,3,0,4,0,0,0,0,0,0,0,0,0,0,0,0,0
St Helens Saints Senior Men,11,N. Diboe Weaver,,3,2.6,7.9,0,0.0,0,1,0.0,0,0,0,0,0,0,1,0,1,0,0,0,0,0,0.0,0.0,5.3,0.0,0.0,0.0,10.5,0.0,5.4,0.0,0.0,0.0,0.0,0.0,-0.24,0.27,-0.51,1,0,0,0,0,0,0,0,0,0,0,0,0,0,0,0,0,0,0,0,0,0,0,0,0,0
London Lions Senior Men II,0,H. Edwards Meade,,6,12.7,76.3,34,5.7,12,27,44.4,7,12,58.3,3,5,60.0,1,5,6,12,6,0,15,6,57.4,58.2,24.7,76.9,7.1,2.5,1.2,5.1,3.3,31.6,4.0,0.0,33.9,0.19,-0.29,-1.66,1.37,4,2,50,11,3,27.3,12,7,58.3,7,4,0,4,0,0,0,0,0,0,0,0,0,0,0,0,0
CoLA Southwark Pride Senior Men,5,J. Grant,,1,1.9,1.9,2,2.0,1,1,100.0,0,0,0,0,0,0,2,0,2,0,0,0,0,0,100.0,100.0,17.9,200.0,2.1,0.0,59.9,0.0,35.2,0,0.0,0.0,0.0,0.0,-0.32,-0.79,0.48,1,1,100,0,0,0,0,0,0,0,0,0,0,0,0,0,0,0,0,0,0,0,0,0,0,0
London Stars Senior Men,6,S. Stiklakis,,7,14.0,97.9,40,5.7,17,46,37.0,2,10,20.0,4,6,66.7,13,8,21,4,2,0,12,8,39.1,41.1,25.1,66.0,6.9,1.7,11.1,6.6,8.8,7.4,1.0,0.0,19.8,0.13,-0.37,-0.52,0.15,31,15,48.4,5,0,0,10,2,20,2,7,0,3,0,0,0,0,0,0,0,0,0,0,0,0,0
Sheffield Arrows Senior Men,10,Z. Goodwin-Hockney,,17,2.6,44.4,9,0.5,3,12,25.0,1,4,25.0,2,7,28.6,5,3,8,1,3,0,8,2,29.2,29.8,21.2,39.0,0.6,0.3,9.0,5.4,7.2,3.3,3.3,0.0,34.7,0.58,-0.42,0.42,-0.85,8,2,25,0,0,0,4,1,25,3,4,0,1,0,0,0,0,0,0,0,0,0,0,0,0,0
Liverpool Senior Men,15,J. Irving,,11,9.8,107.8,16,1.5,6,15,40.0,4,10,40.0,0,0,0,2,18,20,4,4,5,9,12,53.3,53.3,9.0,66.7,1.7,1.1,1.5,12.8,7.4,5.8,1.7,3.9,37.5,0.0,-0.46,-1.24,0.78,2,2,100,3,0,0,10,4,40,6,2,0,1,0,0,0,0,0,0,0,0,0,0,0,0,0
Myerscough Basketball Academy Senior Men I,6,N. Byfield,,4,6.7,26.7,3,0.8,1,10,10.0,1,5,20.0,0,0,0,0,3,3,2,0,0,5,1,15.0,15.0,22.7,20.0,1.0,1.6,0.0,8.8,4.5,12.1,0.0,0.0,33.3,0.0,-0.49,-0.92,0.43,3,0,0,2,0,0,5,1,20,1,4,0,0,0,0,0,0,0,0,0,0,0,0,0,0,0
Cobham Cobras Senior Men,17,M. Dias Mendes,,17,16.3,277.8,100,5.9,36,81,44.4,4,17,23.5,24,59,40.7,39,41,80,18,17,4,31,48,46.9,46.7,21.0,72.5,7.5,1.3,11.7,11.7,11.7,12.9,3.1,1.3,22.5,0.73,-0.51,-1.53,1.02,35,22,62.9,29,10,34.5,17,4,23.5,10,8,0,13,0,0,0,0,0,0,0,0,0,0,0,0,0
London Lions Senior Men II,2,A. Duonn,,1,20.3,20.3,3,3.0,1,4,25.0,1,4,25.0,0,0,0,1,0,1,3,1,0,1,4,37.5,37.5,11.0,60.0,4.3,5.7,4.4,0.0,1.9,26.8,2.7,0.0,20.0,0.0,-0.54,-2.45,1.91,0,0,0,0,0,0,4,1,25,0,0,0,1,0,0,0,0,0,0,0,0,0,0,0,0,0
St Helens Saints Senior Men,7,R. Hageith,,1,17.3,17.3,3,3.0,1,6,16.7,1,5,20.0,0,0,0,1,0,1,1,1,0,1,2,25.0,25.0,15.8,42.9,3.6,6.0,4.7,0.0,2.3,9.8,2.9,0.0,14.3,0.0,-0.61,-0.41,-0.2,0,0,0,1,0,0,5,1,20,0,1,0,0,0,0,0,0,0,0,0,0,0,0,0,0,0
London Lions Senior Men II,7,H. Edwards-Meade,,2,20.6,41.2,16,8.0,5,15,33.3,4,10,40.0,2,2,100.0,1,0,1,7,3,0,9,6,46.7,50.4,26.7,64.3,10.4,6.5,2.5,0.0,1.0,34.6,3.7,0.0,36.2,0.13,-0.66,-2.39,1.73,1,0,0,4,1,25,10,4,40,5,3,0,1,0,0,0,0,0,0,0,0,0,0,0,0,0
Liverpool Senior Men,10,E. Olubodun,,12,5.7,67.9,7,0.6,2,10,20.0,0,3,0.0,3,4,75.0,3,10,13,3,7,3,3,11,20.0,29.8,8.6,47.4,0.7,0.3,3.3,11.7,7.4,6.2,4.8,4.2,20.3,0.4,-0.66,-1.37,0.71,6,2,33.3,1,0,0,3,0,0,1,2,0,0,0,0,0,0,0,0,0,0,0,0,0,0,0
Cobham Cobras Senior Men,99,D. Orija,,7,17.9,125.0,52,7.4,13,44,29.5,9,31,29.0,17,23,73.9,1,16,17,7,4,1,14,7,39.8,48.0,23.7,76.3,9.6,5.7,0.7,9.9,5.7,10.8,1.6,0.7,20.6,0.52,-0.66,-1.09,0.43,6,4,66.7,7,0,0,31,9,29,6,4,1,3,0,0,0,0,0,0,0,0,0,0,0,0,0
CoLA Southwark Pride Senior Men,15,B. Olowoshile,,6,15.0,89.7,37,6.2,16,30,53.3,0,1,0.0,5,16,31.2,4,16,20,1,2,1,8,8,53.3,49.9,19.9,82.1,7.6,0.2,3.3,15.4,8.9,2.9,1.1,1.0,17.8,0.53,-0.68,-1.94,1.26,18,8,44.4,11,8,72.7,1,0,0,5,0,0,3,0,0,0,0,0,0,0,0,0,0,0,0,0
London Stars Senior Men,53,B. Kaboza,,1,30.2,30.2,11,11.0,5,13,38.5,0,5,0.0,1,2,50.0,0,3,3,3,0,0,3,1,38.5,39.6,25.1,65.2,13.8,6.3,0.0,7.0,4.1,13.5,0.0,0.0,17.8,0.15,-0.73,-1.14,0.4,2,2,100,6,3,50,5,0,0,3,0,0,0,0,0,0,0,0,0,0,0,0,0,0,0,0
Teesside Lions Senior Men,6,W. Day,,6,18.1,108.8,30,5.0,9,32,28.1,4,10,40.0,8,9,88.9,4,18,22,17,8,0,4,10,34.4,41.7,15.7,75.1,6.4,2.1,2.9,14.8,8.4,27.0,3.7,0.0,10.0,0.28,-0.75,-1.53,0.79,5,3,60,17,2,11.8,10,4,40,1,3,0,0,0,0,0,0,0,0,0,0,0,0,0,0,0
London Stars Senior Men,83,D. Campbell-Deeble,,6,11.0,65.8,10,1.7,4,11,36.4,0,1,0.0,2,8,25.0,4,14,18,2,0,1,3,12,36.4,34.4,11.0,57.1,2.0,0.2,5.5,17.4,11.7,4.4,0.0,1.3,17.1,0.73,-0.75,-1.66,0.91,7,3,42.9,3,1,33.3,1,0,0,1,2,0,0,0,0,0,0,0,0,0,0,0,0,0,0,0
Liverpool Senior Men,7,P. Deveney,,13,12.9,168.2,60,4.6,25,67,37.3,5,18,27.8,5,10,50.0,7,24,31,9,9,1,14,33,41.0,42.0,20.1,70.3,5.2,1.6,3.4,11.2,7.4,8.8,2.5,0.5,16.4,0.15,-0.76,-1.46,0.7,14,7,50,35,13,37.1,18,5,27.8,3,8,1,2,0,0,0,0,0,0,0,0,0,0,0,0,0
Teesside Lions Senior Men,22,C. Smitte,,1,26.6,26.6,11,11.0,5,13,38.5,1,5,20.0,0,2,0.0,0,5,5,3,2,0,2,2,42.3,39.6,27.5,69.3,13.8,6.3,0.0,15.7,7.7,21.0,3.6,0.0,12.6,0.15,-0.77,-1.9,1.13,4,3,75,4,1,25,5,1,20,1,1,0,0,0,0,0,0,0,0,0,0,0,0,0,0,0
Greenwich Titans Senior Men,13,J. Palmer,,8,25.5,204.4,47,5.9,18,49,36.7,2,14,14.3,9,15,60.0,12,44,56,25,13,1,17,16,38.8,42.3,13.9,64.7,6.8,2.0,4.3,17.8,10.6,20.6,3.0,0.4,23.4,0.31,-0.8,-2.57,1.78,23,11,47.8,12,5,41.7,14,2,14.3,5,5,1,6,0,0,0,0,0,0,0,0,0,0,0,0,0
London Lions Senior Men II,2,A. Dugou,,14,16.1,225.5,96,6.9,30,100,30.0,20,66,30.3,16,19,84.2,9,10,19,15,11,2,20,21,40.0,44.3,24.2,74.8,8.7,6.0,3.4,3.4,3.4,13.9,2.5,0.8,15.6,0.19,-0.81,-1.37,0.56,21,8,38.1,13,2,15.4,66,20,30.3,6,11,0,3,0,0,0,0,0,0,0,0,0,0,0,0,0
CoLA Southwark Pride Senior Men,11,R. Nunn,,3,6.5,19.4,2,0.7,1,3,33.3,0,2,0.0,0,0,0,2,3,5,2,0,2,1,1,33.3,33.3,8.5,50.0,0.8,0.8,7.5,12.8,10.0,19.3,0.0,10.8,25.0,0.0,-0.82,-1.98,1.16,0,0,0,1,1,100,2,0,0,0,0,0,1,0,0,0,0,0,0,0,0,0,0,0,0,0
Leicester Warriors Senior Men,6,T. Hamilton,,9,23.3,210.0,55,6.1,22,68,32.4,3,14,21.4,8,13,61.5,12,15,27,29,14,0,19,12,34.6,37.3,18.1,59.3,7.4,1.9,4.5,6.4,5.4,23.4,3.3,0.0,20.5,0.19,-0.83,-0.89,0.06,25,11,44,29,8,27.6,14,3,21.4,9,7,0,3,0,0,0,0,0,0,0,0,0,0,0,0,0
Cobham Cobras Senior Men,41,J. Osei,,12,19.1,228.7,59,4.9,23,60,38.3,1,10,10.0,12,29,41.4,14,34,48,19,11,3,17,29,39.2,40.5,16.7,65.7,6.3,1.1,5.1,11.6,8.4,15.7,2.4,1.2,18.9,0.48,-0.83,-2.1,1.27,33,19,57.6,17,3,17.6,10,1,10,5,6,0,6,0,0,0,0,0,0,0,0,0,0,0,0,0
Oxford Hoops Senior Men,5,O. Berzins,,19,31.9,607.0,153,8.1,59,179,33.0,24,100,24.0,11,23,47.8,19,88,107,78,22,3,60,41,39.7,40.5,17.0,61.4,10.0,6.5,2.7,11.9,7.3,22.6,1.8,0.4,24.1,0.13,-0.86,-0.59,-0.26,39,20,51.3,39,14,35.9,100,24,24,45,11,0,4,0,0,0,0,0,0,0,0,0,0,0,0,0
Liverpool Senior Men,4,D. Walsh,,17,12.2,207.1,24,1.4,7,44,15.9,4,25,16.0,6,10,60.0,6,18,24,27,4,2,11,17,20.5,24.8,11.6,40.4,1.6,1.7,2.3,6.7,4.6,18.7,0.9,0.9,18.5,0.23,-0.88,-1.21,0.33,14,3,21.4,4,0,0,25,4,16,4,6,0,1,0,0,0,0,0,0,0,0,0,0,0,0,0
Teesside Lions Senior Men,2,Z. Missouri,,21,32.0,671.6,188,9.0,56,202,27.7,13,53,24.5,63,89,70.8,16,65,81,102,25,2,55,29,30.9,39.0,19.0,63.5,11.3,3.2,2.0,8.0,5.0,27.4,1.9,0.3,18.6,0.44,-0.93,-1.39,0.46,51,19,37.3,98,24,24.5,53,13,24.5,29,22,0,4,0,0,0,0,0,0,0,0,0,0,0,0,0
Greenwich Titans Senior Men,6,T. Barns,,1,13.1,13.1,8,8.0,2,7,28.6,2,3,66.7,2,2,100.0,0,1,1,0,1,0,0,0,42.9,50.8,22.5,101.5,8.8,3.3,0.0,8.5,3.1,0.0,3.3,0.0,0.0,0.29,-0.96,-0.69,-0.27,2,0,0,2,0,0,3,2,66.7,0,0,0,0,0,0,0,0,0,0,0,0,0,0,0,0,0
Liverpool Senior Men,7,L. Harris,,8,11.8,94.4,22,2.8,8,23,34.8,3,10,30.0,3,6,50.0,1,8,9,5,5,0,8,12,41.3,42.9,14.6,65.4,3.1,1.4,0.9,6.9,3.9,8.3,2.5,0.0,23.8,0.26,-0.98,-1.52,0.54,8,5,62.5,5,0,0,10,3,30,2,4,0,2,0,0,0,0,0,0,0,0,0,0,0,0,0
London Elite Senior Men I,26,J. Harvey,,1,28.6,28.6,2,2.0,1,6,16.7,0,3,0.0,0,3,0.0,1,1,2,4,2,0,0,0,16.7,13.7,11.4,27.3,2.7,4.1,2.6,3.7,3.0,31.7,3.8,0.0,0.0,0.5,-0.98,-2.1,1.12,3,1,33.3,0,0,0,3,0,0,0,0,0,0,0,0,0,0,0,0,0,0,0,0,0,0,0
Sheffield Sharks Senior Men,4,N. Montgomery,,12,21.1,253.7,78,6.5,25,93,26.9,14,59,23.7,14,18,77.8,4,17,21,29,9,0,22,21,34.4,38.6,20.6,63.5,8.3,6.3,1.3,5.7,3.4,20.0,1.8,0.0,17.9,0.19,-1.11,-1.26,0.15,13,6,46.2,21,5,23.8,59,14,23.7,16,5,0,1,0,0,0,0,0,0,0,0,0,0,0,0,0
Greenwich Titans Senior Men,43,K. Jezewskiok,,1,24.6,24.6,6,6.0,2,4,50.0,0,0,0,2,2,100.0,2,1,3,0,1,0,0,2,50.0,61.5,8.5,123.0,7.5,0.0,6.9,3.9,5.5,0.0,2.1,0.0,0.0,0.5,-1.12,-1.41,0.29,2,1,50,2,1,50,0,0,0,0,0,0,0,0,0,0,0,0,0,0,0,0,0,0,0,0
Cobham Cobras Senior Men,4,A. Wilding,,10,16.6,166.0,25,2.5,9,29,31.0,0,8,0.0,7,10,70.0,4,32,36,24,11,0,22,7,31.0,37.4,14.2,45.1,3.2,1.0,2.1,15.5,9.0,25.7,3.4,0.0,39.7,0.34,-1.12,-2.64,1.52,7,5,71.4,14,4,28.6,8,0,0,12,8,0,2,0,0,0,0,0,0,0,0,0,0,0,0,0
Cardiff Met Archers Senior Men I,14,A. Bajwa,,14,16.9,236.8,81,5.8,34,92,37.0,4,10,40.0,9,11,81.8,23,40,63,12,13,5,9,16,39.1,41.8,19.6,76.5,7.4,0.9,8.9,14.7,11.9,9.8,2.8,2.2,8.5,0.12,-1.14,-1.19,0.05,42,20,47.6,40,10,25,10,4,40,4,4,0,1,0,0,0,0,0,0,0,0,0,0,0,0,0
London Stars Senior Men,4,B. Moncrieffe,,15,18.3,274.6,31,2.1,11,55,20.0,3,17,17.6,6,14,42.9,9,41,50,17,8,0,19,32,22.7,25.3,12.0,38.7,2.5,1.4,2.8,12.1,7.6,9.2,1.4,0.0,23.7,0.25,-1.17,-2.33,1.16,15,4,26.7,23,4,17.4,17,3,17.6,9,3,0,7,0,0,0,0,0,0,0,0,0,0,0,0,0
London Elite Senior Men I,27,A. Pyne,,5,23.1,115.7,63,12.6,22,64,34.4,6,23,26.1,13,16,81.2,7,7,14,12,13,0,19,14,39.1,44.3,30.2,70.0,14.4,5.3,4.8,5.4,5.1,21.0,5.1,0.0,21.1,0.25,-1.19,-2.2,1.01,28,12,42.9,13,4,30.8,23,6,26.1,8,7,0,4,0,0,0,0,0,0,0,0,0,0,0,0,0
London Lions Senior Men II,10,K. Perez Pineda,,1,14.4,14.4,0,0.0,0,0,0,0,0,0,0,0,0,1,4,5,0,1,0,0,1,0,0,0.0,0,0.0,0.0,6.0,24.7,15.3,0.0,3.9,0.0,0,0,-1.2,-2.89,1.69,0,0,0,0,0,0,0,0,0,0,0,0,0,0,0,0,0,0,0,0,0,0,0,0,0,0
CoLA Southwark Pride Senior Men,6,L. Thomson,,1,8.7,8.7,1,1.0,0,0,0,0,0,0,1,2,50.0,0,3,3,0,0,0,0,0,0,56.8,4.4,113.6,1.4,0.0,0.0,30.8,13.6,0.0,0.0,0.0,0.0,0,-1.22,-2.34,1.12,0,0,0,0,0,0,0,0,0,0,0,0,0,0,0,0,0,0,0,0,0,0,0,0,0,0
Richmond Knights Senior Men,17,J. Amui,,4,12.4,49.5,23,5.8,10,21,47.6,1,1,100.0,2,2,100.0,3,4,7,2,1,0,4,3,50.0,52.6,20.2,88.9,6.5,0.3,6.0,7.1,6.6,6.7,0.9,0.0,15.5,0.1,-1.27,-2.28,1.01,8,2,25,12,7,58.3,1,1,100,2,1,0,1,0,0,0,0,0,0,0,0,0,0,0,0,0
London Stars Senior Men,88,T. Wulff,,3,4.2,12.5,0,0.0,0,3,0.0,0,1,0.0,0,0,0,2,1,3,0,0,0,1,1,0.0,0.0,13.5,0.0,0.0,0.4,14.9,6.7,10.6,0.0,0.0,0.0,25.0,0.0,-1.28,-1.43,0.15,0,0,0,2,0,0,1,0,0,0,1,0,0,0,0,0,0,0,0,0,0,0,0,0,0,0
Sheffield Arrows Senior Men,13,F. Banire,,4,6.2,25.0,3,0.8,0,7,0.0,0,2,0.0,3,4,75.0,1,3,4,0,0,0,0,3,0.0,17.1,14.4,34.2,0.9,0.6,3.4,9.1,6.4,0.0,0.0,0.0,0.0,0.57,-1.3,-0.16,-1.14,4,0,0,1,0,0,2,0,0,0,0,0,0,0,0,0,0,0,0,0,0,0,0,0,0,0
Richmond Knights Senior Men,3,J. Murray-White,,17,26.3,446.5,101,5.9,33,131,25.2,12,62,19.4,23,37,62.2,26,45,71,23,26,2,38,24,29.8,34.3,16.5,54.5,7.0,4.3,4.9,8.2,6.6,8.6,2.8,0.4,20.5,0.28,-1.3,-3.18,1.88,57,19,33.3,12,2,16.7,62,12,19.4,23,10,0,5,0,0,0,0,0,0,0,0,0,0,0,0,0
Liverpool Senior Men,6,N. Murphy,,16,7.3,116.4,31,1.9,13,42,31.0,3,13,23.1,2,4,50.0,4,15,19,12,5,0,13,15,34.5,35.4,19.7,54.6,2.3,1.0,2.7,9.6,6.3,16.7,2.0,0.0,22.9,0.1,-1.33,-1.49,0.16,21,8,38.1,8,2,25,13,3,23.1,4,8,0,1,0,0,0,0,0,0,0,0,0,0,0,0,0
London Stars Senior Men,83,T. Johnson,,2,1.5,3.1,0,0.0,0,1,0.0,0,0,0,0,0,0,0,0,0,0,0,0,1,0,0.0,0.0,27.8,0.0,0.0,0.0,0.0,0.0,0.0,0.0,0.0,0.0,50.0,0.0,-1.34,-1.6,0.26,0,0,0,1,0,0,0,0,0,0,1,0,0,0,0,0,0,0,0,0,0,0,0,0,0,0
Liverpool Senior Men,8,E. Cain,,17,5.9,100.3,32,1.9,12,41,29.3,3,18,16.7,5,6,83.3,8,9,17,3,5,0,8,13,32.9,36.7,20.9,62.0,2.2,1.2,6.5,7.0,6.8,4.8,2.4,0.0,15.5,0.15,-1.35,-1.27,-0.08,17,7,41.2,6,2,33.3,18,3,16.7,1,7,0,0,0,0,0,0,0,0,0,0,0,0,0,0,0
Oxford Hoops Senior Men,15,A. Prescott-Cornejo,,5,23.4,116.9,49,9.8,21,47,44.7,1,3,33.3,6,15,40.0,7,16,23,14,7,6,21,14,45.7,45.7,25.5,65.7,12.0,0.7,5.3,11.9,8.6,20.3,2.9,4.4,28.2,0.32,-1.36,-1.45,0.1,34,15,44.1,10,5,50,3,1,33.3,9,7,0,5,0,0,0,0,0,0,0,0,0,0,0,0,0
CoLA Southwark Pride Senior Men,10,B. Owoloshile,,1,15.4,15.4,4,4.0,2,6,33.3,0,0,0,0,0,0,2,2,4,0,0,0,0,1,33.3,33.3,16.9,66.7,5.4,0.0,9.1,11.6,10.2,0.0,0.0,0.0,0.0,0.0,-1.36,-1.41,0.05,5,2,40,1,0,0,0,0,0,0,0,0,0,0,0,0,0,0,0,0,0,0,0,0,0,0
Teesside Lions Senior Men,9,F. Rogers,,17,24.2,410.9,150,8.8,57,165,34.5,28,87,32.2,8,12,66.7,15,47,62,28,10,10,18,33,43.0,44.0,19.7,79.7,11.1,6.5,3.0,9.5,6.3,14.0,1.2,2.1,9.6,0.07,-1.37,-0.86,-0.51,40,19,47.5,38,10,26.3,87,28,32.2,7,8,0,3,0,0,0,0,0,0,0,0,0,0,0,0,0
Teesside Lions Senior Men,7,C. Smythe,,18,21.5,386.2,149,8.3,55,149,36.9,27,85,31.8,12,17,70.6,15,62,77,31,24,4,35,40,46.0,47.6,21.1,77.8,10.4,6.0,3.2,13.4,8.2,16.1,3.1,0.9,18.3,0.11,-1.4,-1.71,0.3,43,21,48.8,20,6,30,85,27,31.8,17,11,0,7,0,0,0,0,0,0,0,0,0,0,0,0,0
Leicester Warriors Senior Men,9,M. Nelson,,22,27.3,600.7,238,10.8,75,217,34.6,22,82,26.8,66,106,62.3,27,54,81,22,31,4,53,54,39.6,45.1,21.6,75.2,12.9,4.5,3.6,7.8,5.6,6.2,2.5,0.6,16.7,0.49,-1.43,-0.93,-0.5,113,47,41.6,21,6,28.6,82,22,26.8,21,28,0,4,0,0,0,0,0,0,0,0,0,0,0,0,0
Teesside Lions Senior Men,53,Z. Lawson,,5,11.9,59.6,39,7.8,13,25,52.0,2,6,33.3,11,16,68.8,6,5,11,6,5,0,8,8,56.0,60.9,28.9,97.4,10.1,1.5,8.0,7.3,7.7,28.5,4.1,0.0,20.0,0.64,-1.5,-1.26,-0.24,17,10,58.8,2,1,50,6,2,33.3,5,3,0,0,0,0,0,0,0,0,0,0,0,0,0,0,0
St Helens Saints Senior Men,11,T. Ellwood,,2,3.6,7.2,0,0.0,0,2,0.0,0,2,0.0,0,0,0,0,0,0,0,0,0,1,0,0.0,0.0,17.2,0.0,0.0,1.2,0.0,0.0,0.0,0.0,0.0,0.0,33.3,0.0,-1.53,-0.71,-0.82,0,0,0,0,0,0,2,0,0,0,1,0,0,0,0,0,0,0,0,0,0,0,0,0,0,0
CoLA Southwark Pride Senior Men,7,J. Fairbairn,,1,21.4,21.4,1,1.0,0,6,0.0,0,3,0.0,1,2,50.0,2,3,5,2,1,1,1,1,0.0,7.3,14.8,12.7,1.2,3.6,7.2,12.2,9.6,19.7,2.3,3.8,12.7,0.33,-1.57,-3.07,1.5,1,0,0,2,0,0,3,0,0,1,0,0,0,0,0,0,0,0,0,0,0,0,0,0,0,0
Cardiff Met Archers Senior Men I,10,G. Williams,,17,25.3,429.4,142,8.4,57,131,43.5,6,30,20.0,22,35,62.9,20,59,79,25,24,1,42,42,45.8,48.5,18.9,75.4,10.4,2.2,4.1,11.4,7.9,11.0,2.7,0.2,22.3,0.27,-1.71,-2.36,0.65,82,45,54.9,19,6,31.6,30,6,20,24,11,0,7,0,0,0,0,0,0,0,0,0,0,0,0,0
Oxford Hoops Senior Men,30,E. Otto,,19,20.0,380.4,90,4.7,38,106,35.8,2,8,25.0,12,27,44.4,24,84,108,19,15,25,30,12,36.8,38.2,16.0,60.9,5.9,0.5,5.3,18.0,11.7,9.0,2.0,5.6,20.3,0.25,-1.72,-1.08,-0.64,46,23,50,50,13,26,8,2,25,11,13,0,6,0,0,0,0,0,0,0,0,0,0,0,0,0
Liverpool Senior Men,4,A. Ulett-Waul,,19,8.6,164.3,35,1.8,10,37,27.0,7,22,31.8,8,10,80.0,7,18,25,7,5,0,22,19,36.5,42.3,15.6,55.2,2.2,1.4,3.5,8.5,6.0,6.4,1.4,0.0,34.7,0.27,-1.73,-1.7,-0.03,11,2,18.2,4,1,25,22,7,31.8,14,8,0,0,0,0,0,0,0,0,0,0,0,0,0,0,0
Richmond Knights Senior Men,45,Z. Sweeney Zinman,,15,21.8,326.3,95,6.3,36,125,28.8,7,37,18.9,16,28,57.1,15,41,56,25,18,8,42,16,31.6,34.6,21.9,53.0,7.5,2.9,3.8,10.2,7.1,13.7,2.7,2.2,23.4,0.22,-1.74,-3.57,1.83,55,23,41.8,33,6,18.2,37,7,18.9,19,13,1,9,0,0,0,0,0,0,0,0,0,0,0,0,0
Liverpool Senior Men,11,K. Mcnally,,14,5.5,77.0,10,0.7,5,20,25.0,0,3,0.0,0,1,0.0,7,12,19,4,1,0,7,7,25.0,24.5,14.3,36.4,0.8,0.2,7.1,11.8,9.5,7.8,0.6,0.0,25.5,0.05,-1.83,-1.58,-0.25,15,5,33.3,2,0,0,3,0,0,2,2,1,2,0,0,0,0,0,0,0,0,0,0,0,0,0
CoLA Southwark Pride Senior Men,9,A. Martinez De Morentin,,4,4.9,19.5,8,2.0,2,5,40.0,0,0,0,4,5,80.0,1,0,1,0,0,2,3,2,40.0,55.6,21.3,78.4,2.5,0.0,4.4,0.0,2.1,0.0,0.0,8.2,29.4,1.0,-1.83,-2.53,0.7,5,2,40,0,0,0,0,0,0,2,1,0,0,0,0,0,0,0,0,0,0,0,0,0,0,0
Sheffield Arrows Senior Men,14,R. Anderson,,4,5.2,20.8,0,0.0,0,5,0.0,0,2,0.0,0,0,0,1,4,5,0,0,0,3,1,0.0,0.0,15.3,0.0,0.0,0.6,4.0,13.5,9.1,0.0,0.0,0.0,37.5,0.0,-1.85,-0.6,-1.25,1,0,0,2,0,0,2,0,0,2,0,0,1,0,0,0,0,0,0,0,0,0,0,0,0,0
St Helens Saints Senior Men,13,C. Morrell,,4,7.1,28.4,3,0.8,1,12,8.3,1,9,11.1,0,0,0,1,2,3,1,0,0,1,3,12.5,12.5,18.6,23.1,0.9,2.8,2.8,5.8,4.2,5.2,0.0,0.0,7.7,0.0,-1.89,-0.9,-0.99,1,0,0,2,0,0,9,1,11.1,1,0,0,0,0,0,0,0,0,0,0,0,0,0,0,0,0
CoLA Southwark Pride Senior Men,12,A. Morenti,,1,5.5,5.5,2,2.0,1,1,100.0,0,0,0,0,0,0,0,1,1,0,0,0,1,0,100.0,100.0,14.8,100.0,2.4,0.0,0.0,16.4,8.2,0.0,0.0,0.0,50.0,0.0,-1.91,-2.58,0.67,1,1,100,0,0,0,0,0,0,1,0,0,0,0,0,0,0,0,0,0,0,0,0,0,0,0
CoLA Southwark Pride Senior Men,13,S. Shirwac,,11,7.7,85.0,22,2.0,10,18,55.6,1,2,50.0,1,3,33.3,6,8,14,1,4,0,14,1,58.3,56.9,16.2,66.0,2.5,0.2,5.7,7.9,6.8,2.2,2.4,0.0,42.0,0.17,-1.91,-2.62,0.71,15,9,60,1,0,0,2,1,50,4,7,0,3,0,0,0,0,0,0,0,0,0,0,0,0,0
London Lions Senior Men II,0,I. Chucks,,1,15.0,15.0,4,4.0,2,7,28.6,0,1,0.0,0,0,0,0,3,3,2,0,0,0,0,28.6,28.6,19.1,57.1,5.1,1.3,0.0,16.4,8.1,27.2,0.0,0.0,0.0,0.0,-1.94,-2.13,0.18,6,2,33.3,0,0,0,1,0,0,0,0,0,0,0,0,0,0,0,0,0,0,0,0,0,0,0
CoLA Southwark Pride Senior Men,9,R. Johnson,,2,1.2,2.4,2,1.0,0,1,0.0,0,0,0,2,2,100.0,0,0,0,0,0,0,0,0,0.0,53.2,30.5,106.4,1.1,0.0,0.0,0.0,0.0,0.0,0.0,0.0,0.0,2.0,-1.94,-2.42,0.47,1,0,0,0,0,0,0,0,0,0,0,0,0,0,0,0,0,0,0,0,0,0,0,0,0,0
Cobham Cobras Senior Men,33,L. Mustre,,9,17.8,160.1,34,3.8,12,36,33.3,10,31,32.3,0,0,0,1,13,14,16,4,1,19,16,47.2,47.2,14.7,61.8,4.9,4.5,0.5,6.7,3.6,18.6,1.3,0.6,34.5,0.0,-2.01,-2.49,0.48,2,0,0,3,2,66.7,31,10,32.3,16,0,0,3,0,0,0,0,0,0,0,0,0,0,0,0,0
CoLA Southwark Pride Senior Men,8,B. Nguru,,2,14.5,28.9,13,6.5,6,16,37.5,0,8,0.0,1,7,14.3,0,3,3,2,3,0,4,4,37.5,34.1,31.4,56.3,7.7,4.8,0.0,9.2,4.3,12.5,5.0,0.0,17.3,0.44,-2.04,-3.69,1.65,6,5,83.3,2,1,50,8,0,0,4,0,0,0,0,0,0,0,0,0,0,0,0,0,0,0,0
Teesside Lions Senior Men,22,C. Smithe,,2,17.4,34.8,8,4.0,4,13,30.8,0,6,0.0,0,0,0,1,7,8,4,4,3,4,3,30.8,30.8,20.9,47.1,5.0,3.8,2.5,18.3,10.2,24.3,5.6,7.4,23.5,0.0,-2.09,-3.73,1.64,6,4,66.7,1,0,0,6,0,0,1,1,0,2,0,0,0,0,0,0,0,0,0,0,0,0,0
London Lions Senior Men II,11,M. Andre,,11,15.4,169.6,41,3.7,17,40,42.5,2,5,40.0,5,11,45.5,17,37,54,3,5,3,11,26,45.0,45.7,13.9,73.4,4.8,0.6,8.5,15.8,12.4,3.3,1.5,1.5,19.7,0.28,-2.13,-2.93,0.8,25,11,44,10,4,40,5,2,40,2,6,1,2,0,0,0,0,0,0,0,0,0,0,0,0,0
Cobham Cobras Senior Men,21,T. Castillo,,4,8.9,35.8,11,2.8,5,11,45.5,1,5,20.0,0,2,0.0,1,6,7,2,0,1,2,4,50.0,46.3,16.9,79.3,3.6,1.6,2.2,12.9,7.6,12.5,0.0,2.5,14.4,0.18,-2.15,-2.14,-0.01,1,1,100,5,3,60,5,1,20,2,0,0,0,0,0,0,0,0,0,0,0,0,0,0,0,0
Teesside Lions Senior Men,27,H. Omitowoju,,18,25.1,451.9,163,9.1,65,162,40.1,12,58,20.7,21,40,52.5,27,65,92,32,20,2,42,28,43.8,45.4,21.0,73.6,11.4,4.1,5.0,12.0,8.5,13.9,2.2,0.4,19.0,0.25,-2.18,-1.85,-0.34,80,46,57.5,23,6,26.1,58,12,20.7,24,13,0,5,0,0,0,0,0,0,0,0,0,0,0,0,0
Sheffield Sharks Senior Men,13,C. Holondo,,13,8.5,110.8,30,2.3,12,28,42.9,0,0,0,6,15,40.0,15,18,33,4,5,5,10,11,42.9,43.4,16.3,67.3,2.9,0.0,10.6,13.5,12.0,7.1,2.3,4.2,22.4,0.54,-2.2,-1.93,-0.27,25,10,40,3,2,66.7,0,0,0,6,3,0,1,0,0,0,0,0,0,0,0,0,0,0,0,0
Cobham Cobras Senior Men,20,V. Steponavicius,,11,7.5,82.7,34,3.1,14,37,37.8,6,22,27.3,0,0,0,1,11,12,2,2,0,4,8,45.9,45.9,21.3,82.9,3.9,2.5,1.1,10.5,6.1,5.2,1.2,0.0,9.8,0.0,-2.23,-1.98,-0.24,4,2,50,11,6,54.5,22,6,27.3,0,1,0,3,0,0,0,0,0,0,0,0,0,0,0,0,0
Greenwich Titans Senior Men,9,D. Ghebremedhin,,3,18.1,54.2,13,4.3,5,17,29.4,1,8,12.5,2,2,100.0,5,7,12,3,7,0,4,5,32.4,36.4,15.4,59.4,5.0,3.1,6.4,11.7,8.7,9.9,5.9,0.0,18.3,0.12,-2.26,-3.31,1.05,6,4,66.7,3,0,0,8,1,12.5,3,1,0,0,0,0,0,0,0,0,0,0,0,0,0,0,0
London Lions Senior Men II,24,J. Pelling,,6,11.9,71.4,16,2.7,7,14,50.0,0,0,0,2,7,28.6,8,19,27,0,2,1,4,8,50.0,46.8,12.6,75.9,3.5,0.0,9.3,20.0,15.0,0.0,1.4,1.3,19.0,0.5,-2.29,-2.81,0.52,11,6,54.5,3,1,33.3,0,0,0,2,1,0,1,0,0,0,0,0,0,0,0,0,0,0,0,0
CoLA Southwark Pride Senior Men,4,R. Cyer,,1,0.5,0.5,0,0.0,0,0,0,0,0,0,0,0,0,0,0,0,0,0,0,0,0,0,0,0.0,0,0.0,0.0,0.0,0.0,0.0,0.0,0.0,0.0,0,0,-2.3,-2.74,0.44,0,0,0,0,0,0,0,0,0,0,0,0,0,0,0,0,0,0,0,0,0,0,0,0,0,0
CoLA Southwark Pride Senior Men,7,A. Morentin,,1,0.3,0.3,0,0.0,0,0,0,0,0,0,0,0,0,0,0,0,0,0,0,0,0,0,0,0.0,0,0.0,0.0,0.0,0.0,0.0,0.0,0.0,0.0,0,0,-2.3,-2.74,0.44,0,0,0,0,0,0,0,0,0,0,0,0,0,0,0,0,0,0,0,0,0,0,0,0,0,0
CoLA Southwark Pride Senior Men,4,J. Azeeez,,1,3.6,3.6,0,0.0,0,0,0,0,0,0,0,0,0,0,0,0,0,0,0,0,0,0,0,0.0,0,0.0,0.0,0.0,0.0,0.0,0.0,0.0,0.0,0,0,-2.3,-2.74,0.44,0,0,0,0,0,0,0,0,0,0,0,0,0,0,0,0,0,0,0,0,0,0,0,0,0,0
Teesside Lions Senior Men,77,E. Ndaw,,4,17.1,68.5,35,8.8,14,41,34.1,5,19,26.3,2,2,100.0,5,23,28,4,4,0,4,11,40.2,41.8,28.0,76.3,11.0,6.0,5.7,26.5,16.0,12.6,2.8,0.0,8.7,0.05,-2.35,-2.11,-0.24,12,4,33.3,10,5,50,19,5,26.3,3,0,0,1,0,0,0,0,0,0,0,0,0,0,0,0,0
London Elite Senior Men I,8,N. Ebifemi,,1,40.0,40.0,15,15.0,6,11,54.5,0,2,0.0,3,3,100.0,1,8,9,3,0,0,5,5,54.5,60.9,18.2,86.6,17.3,2.3,2.3,15.7,9.6,14.3,0.0,0.0,28.9,0.27,-2.37,-3.2,0.83,1,1,100,8,5,62.5,2,0,0,1,3,0,1,0,0,0,0,0,0,0,0,0,0,0,0,0
London Lions Senior Men II,5,L. Williams,,2,11.9,23.7,12,6.0,5,10,50.0,2,4,50.0,0,0,0,1,2,3,0,2,0,5,4,60.0,60.0,26.7,80.0,7.7,2.6,4.3,6.3,5.5,0.0,4.4,0.0,33.3,0.0,-2.4,-3.1,0.7,4,2,50,2,1,50,4,2,50,2,2,0,1,0,0,0,0,0,0,0,0,0,0,0,0,0
Sheffield Sharks Senior Men,5,J. Days,,2,1.2,2.5,3,1.5,1,2,50.0,1,2,50.0,0,0,0,0,0,0,0,0,0,0,0,75.0,75.0,34.1,150.0,1.9,1.3,0.0,0.0,0.0,0.0,0.0,0.0,0.0,0.0,-2.47,-1.57,-0.9,0,0,0,0,0,0,2,1,50,0,0,0,0,0,0,0,0,0,0,0,0,0,0,0,0,0
Teesside Lions Senior Men,31,J. Wise-Malcolm,,13,19.6,254.2,85,6.5,33,69,47.8,2,10,20.0,17,44,38.6,27,56,83,7,8,8,16,26,49.3,48.1,17.5,81.4,8.4,1.0,8.7,19.4,13.8,5.3,1.6,2.6,15.3,0.64,-2.47,-2.1,-0.37,35,18,51.4,23,12,52.2,10,2,20,5,8,1,2,0,0,0,0,0,0,0,0,0,0,0,0,0
London Elite Senior Men I,37,A. Ozobuekwe,,6,26.5,159.1,53,8.8,21,47,44.7,0,0,0,11,24,45.8,20,21,41,6,7,3,15,20,44.7,46.0,17.9,73.0,10.4,0.0,10.3,12.3,11.2,7.6,2.1,1.7,20.7,0.51,-2.48,-2.59,0.12,38,18,47.4,9,3,33.3,0,0,0,5,6,2,2,0,0,0,0,0,0,0,0,0,0,0,0,0
London Lions Senior Men II,3,U. Busair,,1,11.6,11.6,2,2.0,1,2,50.0,0,0,0,0,2,0.0,0,0,0,0,1,0,0,1,50.0,34.7,11.7,69.4,2.7,0.0,0.0,0.0,0.0,0.0,4.5,0.0,0.0,1.0,-2.49,-3.28,0.79,2,1,50,0,0,0,0,0,0,0,0,0,0,0,0,0,0,0,0,0,0,0,0,0,0,0
Cardiff Met Archers Senior Men I,11,E. Andam,,10,18.2,182.0,57,5.7,23,47,48.9,0,7,0.0,11,19,57.9,16,21,37,11,7,2,21,10,48.9,51.5,18.6,74.6,7.4,0.9,7.9,10.6,9.2,12.7,1.9,1.1,27.5,0.4,-2.5,-2.11,-0.39,31,21,67.7,8,2,25,7,0,0,4,14,0,3,0,0,0,0,0,0,0,0,0,0,0,0,0
Cobham Cobras Senior Men,5,G. Rundle,,14,18.6,260.1,45,3.2,16,58,27.6,4,21,19.0,9,12,75.0,8,27,35,26,17,5,40,26,31.0,35.6,16.7,43.6,4.1,1.9,2.6,8.3,5.5,17.2,3.3,1.8,38.7,0.21,-2.53,-3.69,1.17,16,5,31.2,21,7,33.3,21,4,19,23,12,0,5,0,0,0,0,0,0,0,0,0,0,0,0,0
CoLA Southwark Pride Senior Men,5,D. Patel,,13,8.0,104.3,9,0.7,3,24,12.5,1,10,10.0,2,5,40.0,1,11,12,13,8,0,15,8,14.6,17.2,16.3,21.8,0.9,1.0,0.8,9.0,4.7,20.7,3.8,0.0,36.4,0.21,-2.53,-3.6,1.06,7,2,28.6,7,0,0,10,1,10,9,5,0,1,0,0,0,0,0,0,0,0,0,0,0,0,0
London Lions Senior Men II,14,C. Smith,,7,7.6,53.3,6,0.9,3,6,50.0,0,0,0,0,4,0.0,6,11,17,0,0,6,4,3,50.0,38.7,9.6,51.0,1.1,0.0,9.4,15.9,12.8,0.0,0.0,10.4,34.0,0.67,-2.54,-2.87,0.32,6,3,50,0,0,0,0,0,0,0,2,0,2,0,0,0,0,0,0,0,0,0,0,0,0,0
CoLA Southwark Pride Senior Men,11,R. Solomon,,3,5.4,16.2,4,1.3,2,4,50.0,0,2,0.0,0,0,0,0,1,1,0,0,0,2,0,50.0,50.0,14.7,66.7,1.6,0.8,0.0,5.4,2.4,0.0,0.0,0.0,33.3,0.0,-2.56,-2.9,0.34,1,1,100,1,1,100,2,0,0,2,0,0,0,0,0,0,0,0,0,0,0,0,0,0,0,0
Cobham Cobras Senior Men,50,A. Zakay,,9,3.5,31.1,8,0.9,3,10,30.0,2,8,25.0,0,0,0,1,1,2,1,1,0,0,0,40.0,40.0,13.8,80.0,1.1,1.1,2.7,2.5,2.6,6.0,1.6,0.0,0.0,0.0,-2.62,-2.16,-0.46,0,0,0,2,1,50,8,2,25,0,0,0,0,0,0,0,0,0,0,0,0,0,0,0,0,0
Teesside Lions Senior Men,4,B. Maldutis,,22,15.7,344.9,131,6.0,48,123,39.0,23,63,36.5,12,18,66.7,19,33,52,18,23,2,24,38,48.4,50.0,19.3,84.6,7.5,3.6,4.5,8.0,6.2,10.4,3.3,0.5,15.5,0.15,-2.65,-2.13,-0.53,31,18,58.1,29,7,24.1,63,23,36.5,18,4,0,2,0,0,0,0,0,0,0,0,0,0,0,0,0
Sheffield Sharks Senior Men,11,D. Quinland,,9,13.6,122.0,33,3.7,12,47,25.5,7,31,22.6,2,3,66.7,1,12,13,4,9,0,9,10,33.0,34.1,19.4,57.6,4.6,4.3,0.6,7.6,4.1,6.4,3.7,0.0,15.7,0.06,-2.67,-2.53,-0.14,13,5,38.5,3,0,0,31,7,22.6,4,4,0,1,0,0,0,0,0,0,0,0,0,0,0,0,0
Sheffield Sharks Senior Men,18,T. Lister,,19,17.8,337.4,57,3.0,23,74,31.1,8,44,18.2,3,6,50.0,9,27,36,15,4,2,15,17,36.5,37.2,11.3,62.2,3.8,2.9,2.1,6.6,4.3,8.0,0.6,0.6,16.4,0.08,-2.72,-2.11,-0.61,17,10,58.8,13,5,38.5,44,8,18.2,9,5,0,1,0,0,0,0,0,0,0,0,0,0,0,0,0
CoLA Southwark Pride Senior Men,10,N. Senessie,,6,3.0,17.7,1,0.2,0,2,0.0,0,1,0.0,1,2,50.0,0,1,1,1,0,0,2,1,0.0,17.4,11.2,20.5,0.2,0.2,0.0,5.0,2.3,8.5,0.0,0.0,41.0,1.0,-2.75,-3.11,0.37,0,0,0,1,0,0,1,0,0,2,0,0,0,0,0,0,0,0,0,0,0,0,0,0,0,0
London Lions Senior Men II,24,M. Kakou,,3,13.4,40.2,7,2.3,3,13,23.1,0,1,0.0,1,1,100.0,2,10,12,1,1,6,4,7,23.1,26.0,18.5,40.1,3.0,0.4,4.1,19.1,11.9,5.2,1.3,12.7,22.9,0.08,-2.79,-4.26,1.47,8,1,12.5,4,2,50,1,0,0,1,2,0,1,0,0,0,0,0,0,0,0,0,0,0,0,0
London Lions Senior Men II,5,D. Emenogu,,5,5.7,28.5,4,0.8,2,4,50.0,0,1,0.0,0,0,0,2,4,6,1,2,0,1,4,50.0,50.0,7.4,80.0,1.0,0.3,5.6,12.6,8.9,6.3,3.7,0.0,20.0,0.0,-2.8,-3.15,0.36,3,2,66.7,0,0,0,1,0,0,1,0,0,0,0,0,0,0,0,0,0,0,0,0,0,0,0
Sheffield Arrows Senior Men,14,R. Keeling,,1,4.1,4.1,0,0.0,0,1,0.0,0,1,0.0,0,0,0,0,2,2,0,0,1,3,0,0.0,0.0,39.0,0.0,0.0,1.2,0.0,37.7,20.6,0.0,0.0,18.1,75.0,0.0,-2.81,-1.93,-0.88,0,0,0,0,0,0,1,0,0,1,2,0,0,0,0,0,0,0,0,0,0,0,0,0,0,0
Sheffield Sharks Senior Men,7,H. Wildie,,18,14.9,267.7,36,2.0,14,55,25.5,4,22,18.2,4,7,57.1,14,30,44,24,14,4,28,29,29.1,31.0,13.3,41.8,2.5,1.5,4.1,9.3,6.6,15.6,2.6,1.4,32.5,0.13,-2.84,-3.0,0.17,26,10,38.5,7,0,0,22,4,18.2,18,8,0,2,0,0,0,0,0,0,0,0,0,0,0,0,0
London Lions Senior Men II,10,M. Messenger,,2,4.2,8.4,2,1.0,0,0,0,0,0,0,2,2,100.0,0,0,0,0,0,0,0,0,0,113.6,4.6,227.3,1.3,0.0,0.0,0.0,0.0,0.0,0.0,0.0,0.0,0,-2.84,-2.69,-0.15,0,0,0,0,0,0,0,0,0,0,0,0,0,0,0,0,0,0,0,0,0,0,0,0,0,0
Greenwich Titans Senior Men,43,K. Jezewski,,3,15.4,46.1,13,4.3,6,13,46.2,0,0,0,1,4,25.0,6,8,14,2,4,1,3,8,46.2,44.0,14.7,73.2,5.0,0.0,9.0,15.8,11.9,8.3,4.0,2.0,16.9,0.31,-2.84,-3.41,0.57,11,6,54.5,2,0,0,0,0,0,1,2,0,0,0,0,0,0,0,0,0,0,0,0,0,0,0
Richmond Knights Senior Men,33,I. Stephens,,14,16.3,227.6,78,5.6,31,92,33.7,9,33,27.3,7,13,53.8,8,21,29,24,9,3,40,26,38.6,39.9,23.8,56.6,6.5,2.8,3.0,7.4,5.2,18.9,1.9,1.2,29.0,0.14,-2.87,-4.13,1.26,30,14,46.7,29,8,27.6,33,9,27.3,18,12,2,8,0,0,0,0,0,0,0,0,0,0,0,0,0
London Elite Senior Men I,14,F. Bozzelli,,11,19.8,217.8,55,5.0,23,55,41.8,6,19,31.6,3,8,37.5,6,20,26,18,7,4,16,11,47.3,47.0,13.7,73.8,5.9,2.0,2.2,8.2,5.1,15.4,1.5,1.6,21.5,0.15,-2.89,-2.74,-0.14,17,9,52.9,19,8,42.1,19,6,31.6,9,4,0,3,0,0,0,0,0,0,0,0,0,0,0,0,0
CoLA Southwark Pride Senior Men,4,R. Tesfay,,5,5.8,29.1,3,0.6,1,5,20.0,0,1,0.0,1,5,20.0,0,2,2,4,1,0,5,2,20.0,20.8,17.6,24.6,0.7,0.2,0.0,5.2,2.7,24.1,1.7,0.0,41.0,1.0,-2.91,-3.49,0.59,1,1,100,3,0,0,1,0,0,1,3,0,1,0,0,0,0,0,0,0,0,0,0,0,0,0
Teesside Lions Senior Men,14,M. Maffezzoli,,6,16.8,100.5,41,6.8,15,39,38.5,3,17,17.6,8,9,88.9,10,12,22,8,5,2,10,15,42.3,47.7,22.5,77.4,8.7,3.6,8.1,9.2,8.6,18.0,2.5,1.7,18.9,0.23,-2.92,-2.39,-0.53,7,4,57.1,14,8,57.1,17,3,17.6,2,5,0,3,0,0,0,0,0,0,0,0,0,0,0,0,0
Richmond Knights Senior Men,6,M. Diallo,,18,4.7,84.5,20,1.1,7,12,58.3,1,2,50.0,5,8,62.5,1,13,14,3,4,1,10,13,62.5,64.4,12.0,78.4,1.3,0.1,1.0,12.6,6.9,6.1,2.3,1.1,39.2,0.67,-2.94,-3.97,1.03,8,5,62.5,1,0,0,1,1,100,8,2,0,0,0,0,0,0,0,0,0,0,0,0,0,0,0
London Lions Senior Men II,11,T. Mbye,,7,9.8,68.9,14,2.0,5,16,31.2,4,11,36.4,0,0,0,3,9,12,3,3,2,10,4,43.8,43.8,16.1,53.8,2.5,2.0,3.8,11.8,7.8,8.0,2.3,2.7,38.5,0.0,-2.98,-3.25,0.26,3,1,33.3,2,0,0,11,4,36.4,3,4,0,3,0,0,0,0,0,0,0,0,0,0,0,0,0
Richmond Knights Senior Men,19,J. Maccarthy,,12,4.1,49.4,11,0.9,5,10,50.0,0,1,0.0,1,4,25.0,3,4,7,1,1,0,3,3,50.0,46.8,12.0,74.5,1.1,0.1,5.2,6.7,6.0,3.6,1.0,0.0,20.3,0.4,-3.01,-3.67,0.66,1,0,0,8,5,62.5,1,0,0,0,1,0,2,0,0,0,0,0,0,0,0,0,0,0,0,0
London Lions Senior Men II,3,Z. Mwanki,,1,4.6,4.6,0,0.0,0,0,0,0,0,0,0,0,0,1,0,1,0,0,0,0,0,0,0,0.0,0,0.0,0.0,19.4,0.0,8.6,0.0,0.0,0.0,0,0,-3.05,-2.55,-0.5,0,0,0,0,0,0,0,0,0,0,0,0,0,0,0,0,0,0,0,0,0,0,0,0,0,0
London Elite Senior Men I,9,N. Erokwu,,11,15.6,171.8,35,3.2,15,33,45.5,3,12,25.0,2,5,40.0,5,17,22,12,6,8,9,12,50.0,49.7,10.2,79.2,3.7,1.3,2.4,8.7,5.5,12.2,1.6,4.0,20.4,0.15,-3.07,-3.08,0.01,18,10,55.6,3,2,66.7,12,3,25,3,2,1,3,0,0,0,0,0,0,0,0,0,0,0,0,0
Cobham Cobras Senior Men,0,A. Orlu,,4,7.6,30.4,8,2.0,4,13,30.8,0,0,0,0,0,0,3,7,10,3,0,0,3,1,30.8,30.8,20.1,50.0,2.4,0.0,6.7,19.3,12.4,18.8,0.0,0.0,18.8,0.0,-3.08,-2.49,-0.59,7,4,57.1,6,0,0,0,0,0,0,3,0,0,0,0,0,0,0,0,0,0,0,0,0,0,0
CoLA Southwark Pride Senior Men,9,O. Leigh-Hales,,9,16.9,151.9,34,3.8,12,65,18.5,6,49,12.2,4,6,66.7,3,11,14,8,6,1,9,20,23.1,25.1,20.4,44.4,4.6,6.7,1.5,6.2,3.7,9.3,2.0,0.6,11.7,0.09,-3.14,-3.77,0.63,8,4,50,8,2,25,49,6,12.2,2,3,0,4,0,0,0,0,0,0,0,0,0,0,0,0,0
Oxford Hoops Senior Men,18,M. Keita Sakine,,9,15.2,137.2,55,6.1,22,60,36.7,8,28,28.6,3,12,25.0,13,25,38,8,6,8,19,23,43.3,42.1,25.5,65.3,7.7,3.9,8.0,14.2,11.2,12.9,2.2,5.1,22.5,0.2,-3.18,-1.75,-1.43,18,10,55.6,14,4,28.6,28,8,28.6,6,9,0,4,0,0,0,0,0,0,0,0,0,0,0,0,0
Sheffield Sharks Senior Men,47,O. Norfolk,,6,6.2,37.4,0,0.0,0,6,0.0,0,2,0.0,0,0,0,3,2,5,4,1,0,0,1,0.0,0.0,6.9,0.0,0.0,0.4,6.5,4.6,5.6,16.6,1.4,0.0,0.0,0.0,-3.19,-2.35,-0.84,2,0,0,2,0,0,2,0,0,0,0,0,0,0,0,0,0,0,0,0,0,0,0,0,0,0
London Lions Senior Men II,2,A. Brooks,,8,19.1,152.9,32,4.0,11,36,30.6,6,22,27.3,4,7,57.1,5,19,24,11,7,0,23,10,38.9,40.9,17.2,51.5,5.1,3.5,2.8,10.4,6.7,13.1,2.4,0.0,37.0,0.19,-3.19,-3.8,0.61,10,4,40,4,1,25,22,6,27.3,12,9,1,1,0,0,0,0,0,0,0,0,0,0,0,0,0
Cardiff Met Archers Senior Men I,5,M. James,,20,22.7,453.7,127,6.3,41,134,30.6,14,65,21.5,31,57,54.4,13,57,70,43,16,1,42,45,35.8,39.9,19.3,63.2,8.1,4.1,2.6,10.6,6.7,17.0,1.8,0.2,20.9,0.43,-3.22,-3.03,-0.19,53,23,43.4,16,4,25,65,14,21.5,24,6,1,11,0,0,0,0,0,0,0,0,0,0,0,0,0
CoLA Southwark Pride Senior Men,9,B. Manfo-Marc,,2,7.5,15.0,0,0.0,0,2,0.0,0,2,0.0,0,0,0,2,1,3,2,0,0,3,0,0.0,0.0,14.0,0.0,0.0,1.2,10.4,5.6,8.0,24.3,0.0,0.0,60.0,0.0,-3.23,-3.3,0.07,0,0,0,0,0,0,2,0,0,1,2,0,0,0,0,0,0,0,0,0,0,0,0,0,0,0
London Lions Senior Men II,4,L. Bennett,,9,15.6,140.3,39,4.3,13,45,28.9,6,23,26.1,7,10,70.0,3,17,20,12,1,1,13,19,35.6,39.5,19.1,62.5,5.6,3.3,1.8,9.5,5.8,15.3,0.4,0.6,20.8,0.22,-3.26,-3.4,0.14,9,3,33.3,13,4,30.8,23,6,26.1,5,6,0,2,0,0,0,0,0,0,0,0,0,0,0,0,0
Sheffield Sharks Senior Men,3,W. Skaines,,9,14.4,129.5,16,1.8,7,18,38.9,0,3,0.0,2,3,66.7,1,16,17,13,7,0,17,14,38.9,41.4,11.4,44.1,2.2,0.4,0.6,9.2,4.9,18.6,2.7,0.0,46.8,0.17,-3.27,-3.59,0.33,5,3,60,10,4,40,3,0,0,13,3,0,1,0,0,0,0,0,0,0,0,0,0,0,0,0
Greenwich Titans Senior Men,11,M. Barnett,,15,20.7,311.1,120,8.0,49,145,33.8,16,75,21.3,6,15,40.0,24,49,73,10,16,3,22,37,39.3,39.6,21.5,69.1,9.2,5.7,5.9,12.8,9.3,5.7,2.4,0.8,12.7,0.1,-3.28,-2.99,-0.29,48,28,58.3,22,5,22.7,75,16,21.3,10,9,0,3,0,0,0,0,0,0,0,0,0,0,0,0,0
Oxford Hoops Senior Men,9,B. Issac,,1,8.2,8.2,3,3.0,1,1,100.0,1,1,100.0,0,0,0,0,0,0,0,1,0,2,0,150.0,150.0,15.6,100.0,3.7,1.2,0.0,0.0,0.0,0.0,6.1,0.0,66.7,0.0,-3.36,-1.66,-1.7,0,0,0,0,0,0,1,1,100,0,2,0,0,0,0,0,0,0,0,0,0,0,0,0,0,0
Richmond Knights Senior Men,1,G. Lazarre,,1,31.9,31.9,12,12.0,4,12,33.3,2,7,28.6,2,5,40.0,0,0,0,4,1,0,6,4,41.7,42.3,25.7,59.4,14.9,8.7,0.0,0.0,0.0,33.5,1.5,0.0,29.7,0.42,-3.36,-4.63,1.27,0,0,0,5,2,40,7,2,28.6,6,0,0,0,0,0,0,0,0,0,0,0,0,0,0,0,0
Richmond Knights Senior Men,22,E. Buckle,,11,4.4,48.4,11,1.0,5,13,38.5,0,2,0.0,1,5,20.0,2,11,13,1,1,1,6,5,38.5,36.2,17.6,51.9,1.2,0.2,3.7,18.3,11.4,3.6,1.0,1.8,28.3,0.38,-3.42,-4.13,0.71,5,3,60,6,2,33.3,2,0,0,1,3,0,2,0,0,0,0,0,0,0,0,0,0,0,0,0
Richmond Knights Senior Men,11,C. Reid,,5,3.0,14.8,4,0.8,1,5,20.0,0,2,0.0,2,5,40.0,0,4,4,0,1,1,1,5,20.0,27.8,22.4,48.8,1.0,0.5,0.0,23.9,11.1,0.0,3.4,6.5,12.2,1.0,-3.43,-4.37,0.94,2,1,50,1,0,0,2,0,0,0,1,0,0,0,0,0,0,0,0,0,0,0,0,0,0,0
London Elite Senior Men I,1,T. Agbede,,7,20.9,146.6,65,9.3,27,70,38.6,4,7,57.1,7,15,46.7,10,28,38,9,10,8,30,13,41.4,42.4,29.1,61.0,11.0,1.2,5.7,17.3,11.2,13.3,3.2,4.8,28.1,0.21,-3.46,-3.87,0.41,35,14,40,28,9,32.1,7,4,57.1,6,18,0,6,0,0,0,0,0,0,0,0,0,0,0,0,0
London Lions Senior Men II,13,F. Heath,,8,11.9,95.3,9,1.1,4,14,28.6,1,4,25.0,0,2,0.0,7,6,13,5,1,3,8,7,32.1,30.2,10.4,39.3,1.5,0.7,6.6,5.3,5.9,9.4,0.6,3.0,35.0,0.14,-3.47,-3.41,-0.06,6,3,50,4,0,0,4,1,25,5,1,0,2,0,0,0,0,0,0,0,0,0,0,0,0,0
Sheffield Sharks Senior Men,9,O. Mccarthy,,14,1.6,21.8,7,0.5,3,5,60.0,1,2,50.0,0,0,0,2,1,3,2,0,0,3,4,70.0,70.0,15.0,87.5,0.6,0.2,7.0,3.7,5.4,19.4,0.0,0.0,37.5,0.0,-3.48,-2.52,-0.96,2,1,50,1,1,100,2,1,50,0,2,0,1,0,0,0,0,0,0,0,0,0,0,0,0,0
Greenwich Titans Senior Men,2,H. Yusuf,,13,18.4,239.2,51,3.9,20,52,38.5,1,15,6.7,10,23,43.5,13,28,41,15,12,5,15,24,39.4,41.0,12.5,66.1,4.5,1.3,4.0,9.7,6.7,10.4,2.3,1.7,19.5,0.44,-3.53,-3.72,0.19,33,18,54.5,4,1,25,15,1,6.7,5,7,0,3,0,0,0,0,0,0,0,0,0,0,0,0,0
Cardiff Met Archers Senior Men I,7,L. Scotland,,19,20.4,388.5,114,6.0,40,153,26.1,14,56,25.0,20,27,74.1,15,75,90,26,20,2,33,34,30.7,34.6,22.2,57.6,7.6,3.7,3.4,16.1,10.0,12.4,2.6,0.5,16.7,0.18,-3.54,-3.28,-0.26,35,10,28.6,61,16,26.2,56,14,25,15,13,0,5,0,0,0,0,0,0,0,0,0,0,0,0,0
London Elite Senior Men I,16,B. Coulibali,,2,31.6,63.3,28,14.0,12,29,41.4,2,9,22.2,2,2,100.0,4,5,9,0,1,1,6,6,44.8,46.9,22.9,78.0,16.2,5.2,5.2,6.3,5.7,0.0,0.7,1.4,16.7,0.07,-3.59,-2.32,-1.27,8,7,87.5,12,3,25,9,2,22.2,4,2,0,0,0,0,0,0,0,0,0,0,0,0,0,0,0
Richmond Knights Senior Men,00,P. Onubogu,,3,17.8,53.3,12,4.0,6,23,26.1,0,0,0,0,4,0.0,12,10,22,1,0,1,3,5,26.1,24.2,20.6,43.2,5.0,0.0,16.5,15.7,16.1,4.4,0.0,1.6,10.8,0.17,-3.62,-3.22,-0.4,0,0,0,0,0,0,0,0,0,0,0,0,0,0,0,0,0,0,0,0,0,0,0,0,0,0
Leicester Warriors Senior Men,14,P. Banda,,18,12.4,222.5,30,1.7,13,43,30.2,1,7,14.3,3,8,37.5,25,25,50,13,7,1,14,14,31.4,32.2,11.2,49.6,2.0,0.5,9.2,9.7,9.5,8.9,1.6,0.4,23.1,0.19,-3.64,-2.04,-1.59,23,10,43.5,13,2,15.4,7,1,14.3,9,3,0,2,0,0,0,0,0,0,0,0,0,0,0,0,0
London Elite Senior Men I,11,I. Ahmed,,1,9.7,9.7,5,5.0,1,3,33.3,0,1,0.0,3,4,75.0,0,1,1,0,0,0,0,0,33.3,52.5,21.9,105.0,6.8,1.4,0.0,10.9,4.5,0.0,0.0,0.0,0.0,1.33,-3.64,-2.39,-1.25,2,1,50,0,0,0,1,0,0,0,0,0,0,0,0,0,0,0,0,0,0,0,0,0,0,0
Leicester Warriors Senior Men,5,D. Tosia,,1,21.4,21.4,9,9.0,4,14,28.6,1,7,14.3,0,1,0.0,1,3,4,1,1,0,1,1,32.1,31.2,30.3,58.3,11.1,8.6,4.2,9.0,7.0,7.3,2.5,0.0,6.5,0.07,-3.65,-1.65,-2.0,4,2,50,3,1,33.3,7,1,14.3,0,1,0,0,0,0,0,0,0,0,0,0,0,0,0,0,0
Cardiff Met Archers Senior Men I,4,C. Smith,,19,23.6,448.7,100,5.3,38,109,34.9,12,56,21.4,12,27,44.4,5,31,36,43,25,3,63,25,40.4,41.4,17.8,54.4,6.6,3.7,1.0,5.8,3.5,16.5,2.8,0.7,34.3,0.25,-3.7,-3.77,0.07,46,25,54.3,7,1,14.3,56,12,21.4,29,26,0,8,0,0,0,0,0,0,0,0,0,0,0,0,0
Leicester Warriors Senior Men,13,K. Cross,,18,10.5,188.8,41,2.3,17,37,45.9,0,0,0,7,19,36.8,25,28,53,4,6,3,19,15,45.9,45.2,13.9,63.7,2.7,0.0,10.7,12.8,11.7,3.3,1.6,1.3,29.5,0.51,-3.73,-2.12,-1.6,28,13,46.4,9,4,44.4,0,0,0,6,9,0,4,0,0,0,0,0,0,0,0,0,0,0,0,0
Cobham Cobras Senior Men,1,M. Stanisavljevic,,6,1.4,8.6,0,0.0,0,1,0.0,0,0,0,0,0,0,1,0,1,0,0,0,2,1,0.0,0.0,14.9,0.0,0.0,0.0,9.9,0.0,4.6,0.0,0.0,0.0,66.7,0.0,-3.74,-3.02,-0.72,1,0,0,0,0,0,0,0,0,1,1,0,0,0,0,0,0,0,0,0,0,0,0,0,0,0
Oxford Hoops Senior Men,10,M. Adelakun,,21,14.7,309.0,82,3.9,36,93,38.7,0,14,0.0,10,21,47.6,26,60,86,19,16,15,41,35,38.7,40.1,19.1,57.2,4.9,0.8,7.0,15.7,11.5,11.3,2.6,4.2,28.6,0.23,-3.8,-2.48,-1.32,58,28,48.3,20,8,40,14,0,0,16,15,1,9,0,0,0,0,0,0,0,0,0,0,0,0,0
Cardiff Met Archers Senior Men I,22,D. Koukouravas,,15,11.3,169.9,43,2.9,15,53,28.3,11,44,25.0,2,2,100.0,4,15,19,16,7,2,12,22,38.7,39.9,16.8,65.3,3.6,3.7,2.1,7.6,4.9,16.4,2.1,1.2,18.2,0.04,-3.81,-3.07,-0.74,8,3,37.5,1,1,100,44,11,25,6,4,0,2,0,0,0,0,0,0,0,0,0,0,0,0,0
London Elite Senior Men I,7,T. Olaseinde,,8,18.8,150.3,39,4.9,16,50,32.0,3,16,18.8,4,6,66.7,0,13,13,11,12,1,13,10,35.0,37.0,17.7,59.4,5.9,2.4,0.0,8.0,3.8,14.2,3.8,0.6,19.8,0.12,-3.84,-4.06,0.22,24,9,37.5,10,4,40,16,3,18.8,4,3,0,6,0,0,0,0,0,0,0,0,0,0,0,0,0
Teesside Lions Senior Men,30,O. Adeniyi,,10,22.5,225.3,39,3.9,14,42,33.3,1,3,33.3,10,22,45.5,23,27,50,11,3,12,14,24,34.5,37.7,12.4,59.4,5.0,0.4,8.1,9.7,8.9,9.3,0.7,4.7,21.3,0.52,-3.88,-3.11,-0.76,16,8,50,23,5,21.7,3,1,33.3,3,6,1,4,0,0,0,0,0,0,0,0,0,0,0,0,0
Sheffield Sharks Senior Men,34,C. Johnstone,,12,11.1,133.7,41,3.4,12,53,22.6,4,28,14.3,13,19,68.4,7,25,32,6,5,1,18,13,26.4,33.4,24.4,51.7,4.3,2.9,4.1,15.2,9.5,9.1,1.9,0.7,22.7,0.36,-3.89,-3.12,-0.77,20,7,35,5,1,20,28,4,14.3,9,6,0,3,0,0,0,0,0,0,0,0,0,0,0,0,0
CoLA Southwark Pride Senior Men,10,J. Mcpherson,,2,7.2,14.4,0,0.0,0,0,0,0,0,0,0,0,0,0,1,1,0,0,0,2,2,0,0,6.0,0.0,0.0,0.0,0.0,5.7,2.8,0.0,0.0,0.0,100.0,0,-3.89,-4.22,0.33,0,0,0,0,0,0,0,0,0,1,0,0,1,0,0,0,0,0,0,0,0,0,0,0,0,0
London Elite Senior Men I,1,R. Barker,,2,15.8,31.5,11,5.5,4,16,25.0,1,6,16.7,2,3,66.7,3,3,6,4,2,1,3,5,28.1,31.8,26.3,54.1,6.6,3.6,8.3,8.3,8.3,22.1,3.0,2.5,14.8,0.19,-3.94,-3.6,-0.35,8,2,25,2,1,50,6,1,16.7,2,1,0,0,0,0,0,0,0,0,0,0,0,0,0,0,0
Richmond Knights Senior Men,13,J. Carvalho,,18,10.9,196.9,47,2.6,21,58,36.2,1,6,16.7,4,6,66.7,8,26,34,6,4,1,29,15,37.1,38.8,18.2,52.4,3.1,0.4,3.4,10.8,7.2,5.5,1.0,0.5,32.4,0.1,-3.95,-4.56,0.61,36,14,38.9,16,6,37.5,6,1,16.7,14,8,0,7,0,0,0,0,0,0,0,0,0,0,0,0,0
Cardiff Met Archers Senior Men I,12,R. Cornelius,,18,21.2,381.6,89,4.9,40,122,32.8,5,27,18.5,4,13,30.8,27,66,93,16,5,5,21,23,34.8,34.8,16.8,59.8,6.1,1.9,6.1,14.4,10.3,7.4,0.7,1.3,14.1,0.11,-3.95,-2.84,-1.11,50,19,38,45,16,35.6,27,5,18.5,10,10,0,1,0,0,0,0,0,0,0,0,0,0,0,0,0
Greenwich Titans Senior Men,22,U. Umekwe,,11,14.9,164.2,37,3.4,15,31,48.4,0,0,0,7,15,46.7,10,20,30,8,6,2,10,15,48.4,49.2,11.3,77.7,3.9,0.0,4.4,10.4,7.2,8.0,1.7,1.1,21.0,0.48,-3.95,-3.64,-0.31,20,10,50,11,5,45.5,0,0,0,3,2,0,5,0,0,0,0,0,0,0,0,0,0,0,0,0
Richmond Knights Senior Men,7,M. Obamakin,,5,5.7,28.6,4,0.8,2,10,20.0,0,6,0.0,0,0,0,0,2,2,1,3,0,4,4,20.0,20.0,19.6,28.6,1.0,1.5,0.0,5.6,2.8,6.1,5.2,0.0,28.6,0.0,-4.0,-4.9,0.91,1,1,100,3,1,33.3,6,0,0,2,2,0,0,0,0,0,0,0,0,0,0,0,0,0,0,0
Greenwich Titans Senior Men,8,L. Macaraig,,12,13.4,161.4,37,3.1,10,34,29.4,3,18,16.7,14,25,56.0,11,7,18,18,17,0,21,23,33.8,41.1,15.9,56.1,3.5,1.7,5.3,3.7,4.5,16.8,4.8,0.0,31.8,0.74,-4.04,-4.24,0.2,9,5,55.6,7,2,28.6,18,3,16.7,15,2,0,4,0,0,0,0,0,0,0,0,0,0,0,0,0
CoLA Southwark Pride Senior Men,10,R. Cryer,,1,11.1,11.1,1,1.0,0,2,0.0,0,1,0.0,1,2,50.0,0,1,1,0,0,0,1,0,0.0,17.4,12.3,25.8,1.1,1.1,0.0,7.2,3.4,0.0,0.0,0.0,25.8,1.0,-4.12,-3.97,-0.14,0,0,0,1,0,0,1,0,0,1,0,0,0,0,0,0,0,0,0,0,0,0,0,0,0,0
London Lions Senior Men II,10,Z. Mwaniki,,7,5.9,41.2,10,1.4,2,10,20.0,1,5,20.0,5,8,62.5,5,3,8,0,2,0,7,5,25.0,37.0,21.0,48.7,1.8,0.9,10.9,5.4,7.9,0.0,2.4,0.0,34.1,0.8,-4.13,-3.73,-0.4,5,1,20,0,0,0,5,1,20,1,5,0,1,0,0,0,0,0,0,0,0,0,0,0,0,0
Leicester Warriors Senior Men,11,B. Agrobo,,19,10.6,201.5,28,1.5,13,33,39.4,0,0,0,2,5,40.0,8,31,39,11,7,3,19,25,39.4,39.8,11.0,51.7,1.8,0.0,3.1,13.3,8.0,8.3,1.7,1.2,35.1,0.15,-4.27,-3.0,-1.26,27,12,44.4,6,1,16.7,0,0,0,12,4,0,3,0,0,0,0,0,0,0,0,0,0,0,0,0
Cobham Cobras Senior Men,50,C. Ntifo,,9,11.0,99.3,22,2.4,8,16,50.0,0,0,0,6,10,60.0,6,7,13,0,1,2,16,15,50.0,53.9,15.2,60.4,3.1,0.0,4.9,5.7,5.3,0.0,0.5,1.9,44.0,0.62,-4.3,-3.8,-0.5,12,7,58.3,4,1,25,0,0,0,8,3,0,5,0,0,0,0,0,0,0,0,0,0,0,0,0
Teesside Lions Senior Men,18,G. Groves,,13,10.6,137.5,45,3.5,21,50,42.0,3,20,15.0,0,0,0,7,20,27,9,4,3,7,12,45.0,45.0,17.9,78.9,4.4,1.9,4.3,12.3,8.2,14.0,1.4,1.8,12.3,0.0,-4.32,-3.06,-1.26,18,12,66.7,12,6,50,20,3,15,5,1,0,1,0,0,0,0,0,0,0,0,0,0,0,0,0
Leicester Warriors Senior Men,6,C. Martin,,3,8.1,24.2,7,2.3,2,8,25.0,1,5,20.0,2,2,100.0,1,3,4,1,0,0,2,1,31.2,39.4,16.8,64.3,2.7,1.9,2.8,11.6,6.5,6.8,0.0,0.0,18.4,0.25,-4.35,-2.25,-2.1,1,0,0,2,1,50,5,1,20,2,0,0,0,0,0,0,0,0,0,0,0,0,0,0,0,0
Greenwich Titans Senior Men,6,P. Kamat,,6,10.6,63.8,23,3.8,8,21,38.1,2,7,28.6,5,6,83.3,0,3,3,5,6,0,9,5,42.9,48.6,19.0,70.5,4.2,1.3,0.0,3.5,1.8,13.0,4.1,0.0,27.6,0.29,-4.35,-4.03,-0.32,6,2,33.3,8,4,50,7,2,28.6,2,5,0,2,0,0,0,0,0,0,0,0,0,0,0,0,0
Cobham Cobras Senior Men,3,I. Inwugwu,,2,7.8,15.6,4,2.0,1,3,33.3,0,2,0.0,2,2,100.0,0,0,0,1,1,0,5,0,33.3,51.5,25.0,45.0,2.7,1.4,0.0,0.0,0.0,13.9,3.3,0.0,56.3,0.67,-4.37,-3.93,-0.44,0,0,0,1,1,100,2,0,0,3,2,0,0,0,0,0,0,0,0,0,0,0,0,0,0,0
Leicester Warriors Senior Men,15,E. Toure Jabby,,12,9.4,113.2,26,2.2,11,35,31.4,0,1,0.0,4,7,57.1,13,31,44,1,0,3,8,12,31.4,34.1,16.5,56.4,2.6,0.1,9.3,23.6,16.2,1.3,0.0,2.2,17.4,0.2,-4.42,-2.56,-1.86,16,7,43.8,18,4,22.2,1,0,0,2,4,1,1,0,0,0,0,0,0,0,0,0,0,0,0,0
Leicester Warriors Senior Men,7,R. Lacitis,,2,24.2,48.3,14,7.0,4,18,22.2,1,6,16.7,5,10,50.0,2,10,12,2,1,0,1,7,25.0,31.2,20.2,59.8,8.2,3.5,2.9,18.7,9.9,8.2,1.1,0.0,4.3,0.56,-4.43,-3.0,-1.43,7,2,28.6,5,1,20,6,1,16.7,0,1,0,0,0,0,0,0,0,0,0,0,0,0,0,0,0
London Elite Senior Men I,12,D. Idowu,,6,9.9,59.1,15,2.5,7,13,53.8,0,1,0.0,1,4,25.0,6,10,16,2,3,0,4,5,53.8,50.8,12.7,80.0,3.0,0.2,8.4,14.9,11.6,6.0,2.4,0.0,21.3,0.31,-4.44,-3.6,-0.83,9,6,66.7,3,1,33.3,1,0,0,0,4,0,0,0,0,0,0,0,0,0,0,0,0,0,0,0
Cobham Cobras Senior Men,21,T. Castilo,,1,3.0,3.0,0,0.0,0,0,0,0,0,0,0,0,0,0,0,0,0,0,0,1,0,0,0,12.3,0.0,0.0,0.0,0.0,0.0,0.0,0.0,0.0,0.0,100.0,0,-4.45,-3.59,-0.86,0,0,0,0,0,0,0,0,0,1,0,0,0,0,0,0,0,0,0,0,0,0,0,0,0,0
Greenwich Titans Senior Men,99,S. Mantis,,15,10.4,155.7,49,3.3,16,53,30.2,9,27,33.3,8,8,100.0,9,17,26,9,6,0,10,20,38.7,43.3,16.3,73.7,3.7,2.0,4.3,9.0,6.6,9.6,1.8,0.0,15.0,0.15,-4.56,-3.69,-0.87,14,5,35.7,12,2,16.7,27,9,33.3,4,5,0,1,0,0,0,0,0,0,0,0,0,0,0,0,0
Oxford Hoops Senior Men,4,Z. Patterson,,16,7.9,127.1,34,2.1,12,37,32.4,1,4,25.0,9,14,64.3,5,8,13,10,5,0,8,9,33.8,39.4,16.7,66.5,2.6,0.3,3.3,5.3,4.3,13.9,2.0,0.0,15.6,0.38,-4.57,-2.17,-2.4,20,5,25,11,4,36.4,4,1,25,4,4,0,0,0,0,0,0,0,0,0,0,0,0,0,0,0
Cardiff Met Archers Senior Men I,15,E. Kizito,,14,4.2,58.9,9,0.6,4,12,33.3,1,4,25.0,0,0,0,0,11,11,4,3,0,1,4,37.5,37.5,9.5,69.2,0.8,0.4,0.0,16.8,8.3,11.1,2.5,0.0,7.7,0.0,-4.59,-3.43,-1.17,1,0,0,7,3,42.9,4,1,25,1,0,0,0,0,0,0,0,0,0,0,0,0,0,0,0,0
London Elite Senior Men I,6,C. Thomas,,2,6.6,13.2,6,3.0,2,6,33.3,2,3,66.7,0,2,0.0,1,0,1,1,1,0,1,3,50.0,43.6,22.9,76.1,3.5,1.7,6.3,0.0,3.4,15.2,3.5,0.0,12.7,0.33,-4.64,-3.5,-1.14,2,0,0,1,0,0,3,2,66.7,0,1,0,0,0,0,0,0,0,0,0,0,0,0,0,0,0
London Lions Senior Men II,21,A. Thibault,,10,15.9,159.0,40,4.0,15,50,30.0,4,25,16.0,6,11,54.5,4,26,30,15,8,0,32,20,34.0,36.5,23.7,46.1,5.2,3.3,2.2,12.5,7.7,19.6,2.6,0.0,36.8,0.22,-4.65,-5.15,0.5,16,8,50,9,3,33.3,25,4,16,13,13,0,6,0,0,0,0,0,0,0,0,0,0,0,0,0
Greenwich Titans Senior Men,5,A. Charles,,16,24.8,396.2,133,8.3,52,147,35.4,7,42,16.7,22,43,51.2,13,27,40,18,18,1,41,30,37.8,40.1,20.1,64.3,9.5,3.0,2.5,5.6,4.0,7.8,2.1,0.2,19.8,0.29,-4.67,-4.09,-0.58,82,39,47.6,23,6,26.1,42,7,16.7,15,22,0,4,0,0,0,0,0,0,0,0,0,0,0,0,0
Cardiff Met Archers Senior Men I,6,L. Davies,,7,14.7,102.8,19,2.7,6,24,25.0,2,13,15.4,5,7,71.4,2,9,11,14,3,0,12,10,29.2,35.1,16.6,48.6,3.5,2.4,1.7,8.0,4.8,25.1,1.5,0.0,30.7,0.29,-4.7,-3.92,-0.78,5,4,80,6,0,0,13,2,15.4,10,2,0,0,0,0,0,0,0,0,0,0,0,0,0,0,0
Leicester Warriors Senior Men,15,K. Miller,,10,4.2,42.1,6,0.6,2,10,20.0,1,5,20.0,1,2,50.0,1,7,8,1,0,0,2,4,25.0,27.6,12.9,46.6,0.7,0.6,1.9,14.5,7.8,3.7,0.0,0.0,15.5,0.2,-4.72,-2.71,-2.01,3,0,0,2,1,50,5,1,20,0,1,0,1,0,0,0,0,0,0,0,0,0,0,0,0,0
Cardiff Met Archers Senior Men I,11,G. Lokmadzhiev,,15,8.7,130.6,26,1.7,11,34,32.4,0,0,0,4,5,80.0,9,26,35,5,3,1,6,16,32.4,35.9,14.1,61.6,2.2,0.0,6.1,17.1,11.7,6.9,1.1,0.8,14.2,0.15,-4.78,-3.61,-1.17,22,10,45.5,12,1,8.3,0,0,0,4,1,1,0,0,0,0,0,0,0,0,0,0,0,0,0,0
London Lions Senior Men II,5,D. Nemunaitis,,2,4.8,9.6,0,0.0,0,1,0.0,0,1,0.0,0,0,0,0,0,0,0,0,0,1,1,0.0,0.0,8.7,0.0,0.0,0.6,0.0,0.0,0.0,0.0,0.0,0.0,50.0,0.0,-4.83,-4.24,-0.59,0,0,0,0,0,0,1,0,0,0,0,0,1,0,0,0,0,0,0,0,0,0,0,0,0,0
Teesside Lions Senior Men,34,S. Forster,,16,18.9,301.8,56,3.5,24,57,42.1,4,15,26.7,4,6,66.7,14,48,62,11,3,5,19,26,45.6,46.9,11.3,71.2,4.4,1.2,3.9,13.5,8.7,6.4,0.5,1.4,24.2,0.11,-4.92,-3.73,-1.19,19,13,68.4,23,7,30.4,15,4,26.7,9,7,0,3,0,0,0,0,0,0,0,0,0,0,0,0,0
Sheffield Sharks Senior Men,8,G. Cousins,,8,18.3,146.6,23,2.9,7,39,17.9,3,15,20.0,6,12,50.0,5,12,17,6,7,1,19,10,21.8,26.0,17.6,36.3,3.6,2.4,2.7,6.5,4.5,7.6,2.4,0.6,30.0,0.31,-4.99,-4.23,-0.75,19,4,21.1,5,0,0,15,3,20,11,7,0,1,0,0,0,0,0,0,0,0,0,0,0,0,0
Oxford Hoops Senior Men,3,M. Hilsdon,,20,19.4,387.4,70,3.5,24,77,31.2,14,49,28.6,8,13,61.5,1,35,36,34,12,4,56,25,40.3,42.3,14.7,50.5,4.3,3.0,0.2,7.3,3.8,15.0,1.6,0.9,40.4,0.17,-5.06,-3.19,-1.87,15,4,26.7,13,6,46.2,49,14,28.6,33,19,0,4,0,0,0,0,0,0,0,0,0,0,0,0,0
London Elite Senior Men I,2,M. Eziashi,,11,7.8,86.0,30,2.7,10,30,33.3,7,16,43.8,3,4,75.0,6,15,21,8,8,2,19,17,45.0,47.2,23.5,59.1,3.2,1.7,5.7,15.6,10.5,18.0,4.3,2.1,37.4,0.13,-5.08,-4.44,-0.64,4,1,25,10,2,20,16,7,43.8,8,8,0,3,0,0,0,0,0,0,0,0,0,0,0,0,0
London Lions Senior Men II,10,U. Busairi,,9,12.8,115.1,14,1.6,7,22,31.8,0,8,0.0,0,1,0.0,1,10,11,4,1,0,7,23,31.8,31.2,10.9,47.6,2.0,1.1,0.8,6.5,3.8,6.4,0.5,0.0,23.8,0.05,-5.09,-5.0,-0.09,10,5,50,4,2,50,8,0,0,4,2,0,1,0,0,0,0,0,0,0,0,0,0,0,0,0
Greenwich Titans Senior Men,1,J. Parma,,1,17.9,17.9,3,3.0,1,4,25.0,1,4,25.0,0,0,0,0,3,3,3,1,0,3,3,37.5,37.5,13.2,42.9,3.0,3.9,0.0,12.9,7.1,17.3,2.2,0.0,42.9,0.0,-5.09,-5.27,0.18,0,0,0,0,0,0,4,1,25,1,2,0,0,0,0,0,0,0,0,0,0,0,0,0,0,0
London Lions Senior Men II,8,J. Mensan,,1,19.8,19.8,0,0.0,0,1,0.0,0,0,0,0,0,0,0,2,2,2,2,0,3,5,0.0,0.0,9.0,0.0,0.0,0.0,0.0,7.1,4.0,16.9,5.5,0.0,75.0,0.0,-5.1,-8.02,2.93,0,0,0,1,0,0,0,0,0,0,1,0,2,0,0,0,0,0,0,0,0,0,0,0,0,0
London Lions Senior Men II,5,T. Barnes,,1,4.9,4.9,0,0.0,0,2,0.0,0,0,0,0,0,0,0,0,0,0,0,0,0,0,0.0,0.0,16.7,0.0,0.0,0.0,0.0,0.0,0.0,0.0,0.0,0.0,0.0,0.0,-5.13,-4.17,-0.96,0,0,0,2,0,0,0,0,0,0,0,0,0,0,0,0,0,0,0,0,0,0,0,0,0,0
London Elite Senior Men I,10,R. Quidam,,5,17.0,85.1,8,1.6,3,14,21.4,2,10,20.0,0,0,0,1,5,6,4,5,2,7,5,28.6,28.6,10.4,38.1,1.9,2.4,1.1,5.2,3.1,7.7,2.8,2.1,33.3,0.0,-5.15,-4.77,-0.38,3,1,33.3,1,0,0,10,2,20,3,3,0,1,0,0,0,0,0,0,0,0,0,0,0,0,0
Greenwich Titans Senior Men,24,J. Kannukaden,,10,5.7,57.3,22,2.2,8,24,33.3,2,11,18.2,4,4,100.0,1,5,6,3,2,0,4,6,37.5,42.7,19.9,73.9,2.5,1.2,1.4,7.4,4.2,8.5,1.6,0.0,13.4,0.17,-5.26,-4.09,-1.17,10,5,50,3,1,33.3,11,2,18.2,0,2,0,2,0,0,0,0,0,0,0,0,0,0,0,0,0
Cardiff Met Archers Senior Men I,13,J. Tudor,,7,13.4,93.6,39,5.6,14,30,46.7,0,1,0.0,11,19,57.9,2,7,9,4,1,1,11,23,46.7,50.8,23.8,79.0,7.4,0.2,2.0,7.0,4.5,8.9,0.5,1.1,22.3,0.63,-5.41,-4.41,-1.01,23,14,60.9,6,0,0,1,0,0,4,2,0,5,0,0,0,0,0,0,0,0,0,0,0,0,0
Oxford Hoops Senior Men,12,C. Pintoy,,11,5.6,61.5,13,1.2,5,13,38.5,1,2,50.0,2,2,100.0,3,5,8,6,1,3,13,8,42.3,46.8,18.2,48.4,1.5,0.2,4.2,6.7,5.5,15.9,0.8,4.3,48.4,0.15,-5.5,-2.96,-2.54,5,2,40,6,2,33.3,2,1,50,9,4,0,0,0,0,0,0,0,0,0,0,0,0,0,0,0
Oxford Hoops Senior Men,2,C. Wong,,2,11.6,23.2,2,1.0,1,1,100.0,0,0,0,0,2,0.0,1,2,3,2,0,0,1,6,100.0,53.2,5.2,69.4,1.3,0.0,3.4,7.7,5.4,14.2,0.0,0.0,34.7,2.0,-5.53,-3.39,-2.14,1,1,100,0,0,0,0,0,0,1,0,0,0,0,0,0,0,0,0,0,0,0,0,0,0,0
Oxford Hoops Senior Men,1,D. Okereke,,1,3.3,3.3,0,0.0,0,1,0.0,0,0,0,0,0,0,0,0,0,1,0,0,0,1,0.0,0.0,12.1,0.0,0.0,0.0,0.0,0.0,0.0,46.2,0.0,0.0,0.0,0.0,-5.56,-2.93,-2.63,1,0,0,0,0,0,0,0,0,0,0,0,0,0,0,0,0,0,0,0,0,0,0,0,0,0
Oxford Hoops Senior Men,8,J. White,,14,5.8,80.8,7,0.5,3,13,23.1,1,6,16.7,0,0,0,3,2,5,4,2,0,6,6,26.9,26.9,9.8,36.8,0.6,0.5,3.2,2.0,2.6,8.1,1.2,0.0,31.6,0.0,-5.57,-2.81,-2.76,3,1,33.3,4,1,25,6,1,16.7,2,2,0,2,0,0,0,0,0,0,0,0,0,0,0,0,0
Oxford Hoops Senior Men,1,B. Isaac,,5,3.2,15.9,0,0.0,0,1,0.0,0,0,0,0,0,0,0,2,2,1,1,0,3,0,0.0,0.0,10.0,0.0,0.0,0.0,0.0,10.1,4.8,9.8,3.2,0.0,75.0,0.0,-5.68,-3.02,-2.66,0,0,0,1,0,0,0,0,0,0,2,0,1,0,0,0,0,0,0,0,0,0,0,0,0,0
Teesside Lions Senior Men,20,A. Meszek,,2,0.8,1.6,0,0.0,0,0,0,0,0,0,0,0,0,0,0,0,1,0,0,0,0,0,0,0.0,0,0.0,0.0,0.0,0.0,0.0,87.5,0.0,0.0,0,0,-5.68,-3.77,-1.91,0,0,0,0,0,0,0,0,0,0,0,0,0,0,0,0,0,0,0,0,0,0,0,0,0,0
Richmond Knights Senior Men,10,T. Barmus,,1,21.1,21.1,5,5.0,2,8,25.0,1,3,33.3,0,0,0,0,2,2,1,1,0,3,4,31.2,31.2,21.3,45.5,6.0,3.6,0.0,7.6,3.8,8.5,2.4,0.0,27.3,0.0,-5.74,-6.79,1.04,3,0,0,2,1,50,3,1,33.3,2,1,0,0,0,0,0,0,0,0,0,0,0,0,0,0,0
Teesside Lions Senior Men,16,R. Radchenko,,10,2.4,23.6,5,0.5,2,6,33.3,1,3,33.3,0,0,0,0,1,1,2,1,1,1,3,41.7,41.7,12.6,71.4,0.6,0.4,0.0,3.5,1.8,15.0,2.1,3.6,14.3,0.0,-5.81,-3.95,-1.86,1,1,100,2,0,0,3,1,33.3,1,0,0,0,0,0,0,0,0,0,0,0,0,0,0,0,0
Greenwich Titans Senior Men,14,U. Unekwe,,1,21.4,21.4,4,4.0,2,4,50.0,0,1,0.0,0,0,0,1,2,3,1,0,0,2,2,50.0,50.0,9.4,66.7,3.9,1.0,4.4,7.2,5.9,5.0,0.0,0.0,33.3,0.0,-5.83,-4.65,-1.18,2,2,100,1,0,0,1,0,0,1,1,0,0,0,0,0,0,0,0,0,0,0,0,0,0,0
Greenwich Titans Senior Men,3,J. Sabaliauskas,,11,3.2,35.7,7,0.6,3,6,50.0,1,3,33.3,0,0,0,1,3,4,4,0,0,7,3,58.3,58.3,13.9,53.8,0.7,0.3,2.2,6.9,4.5,17.7,0.0,0.0,53.8,0.0,-5.86,-4.49,-1.36,2,2,100,1,0,0,3,1,33.3,4,2,0,1,0,0,0,0,0,0,0,0,0,0,0,0,0
London Lions Senior Men II,0,I. Chuks,,1,7.5,7.5,2,2.0,1,5,20.0,0,1,0.0,0,0,0,1,0,1,0,0,0,1,0,20.0,20.0,33.1,33.3,2.6,1.3,9.1,0.0,4.8,0.0,0.0,0.0,16.7,0.0,-6.0,-4.26,-1.74,2,1,50,2,0,0,1,0,0,0,1,0,0,0,0,0,0,0,0,0,0,0,0,0,0,0
London Elite Senior Men I,11,D. Magloire,,5,24.9,124.4,28,5.6,11,58,19.0,3,25,12.0,3,6,50.0,8,16,24,10,8,1,11,11,21.6,23.1,23.1,39.1,6.6,5.9,5.3,11.1,8.1,14.6,3.0,0.7,15.4,0.1,-6.05,-5.23,-0.81,22,6,27.3,11,2,18.2,25,3,12,5,5,0,1,0,0,0,0,0,0,0,0,0,0,0,0,0
CoLA Southwark Pride Senior Men,8,D. Ekwukoma,,1,8.6,8.6,0,0.0,0,3,0.0,0,3,0.0,0,0,0,0,0,0,0,0,0,2,0,0.0,0.0,20.3,0.0,0.0,3.1,0.0,0.0,0.0,0.0,0.0,0.0,40.0,0.0,-6.06,-5.28,-0.78,0,0,0,0,0,0,3,0,0,1,0,0,1,0,0,0,0,0,0,0,0,0,0,0,0,0
Teesside Lions Senior Men,10,B. Sproul,,2,13.9,27.9,3,1.5,1,5,20.0,1,3,33.3,0,0,0,2,8,10,2,1,0,4,2,30.0,30.0,13.6,33.3,2.0,2.0,5.4,25.0,14.4,14.0,1.8,0.0,44.4,0.0,-6.1,-4.8,-1.29,1,0,0,1,0,0,3,1,33.3,3,1,0,0,0,0,0,0,0,0,0,0,0,0,0,0,0
Oxford Hoops Senior Men,11,F. Wabwire,,6,4.6,27.8,5,0.8,2,13,15.4,1,5,20.0,0,0,0,2,5,7,2,1,0,4,3,19.2,19.2,25.4,29.4,1.0,1.0,5.9,14.1,10.1,13.9,1.8,0.0,23.5,0.0,-6.12,-3.18,-2.95,3,1,33.3,5,0,0,5,1,20,3,0,0,1,0,0,0,0,0,0,0,0,0,0,0,0,0
Teesside Lions Senior Men,20,A. Maszer,,1,0.5,0.5,0,0.0,0,0,0,0,0,0,0,0,0,0,0,0,0,0,0,0,0,0,0,0.0,0,0.0,0.0,0.0,0.0,0.0,0.0,0.0,0.0,0,0,-6.19,-4.07,-2.12,0,0,0,0,0,0,0,0,0,0,0,0,0,0,0,0,0,0,0,0,0,0,0,0,0,0
Greenwich Titans Senior Men,6,S. Sebastian,,2,3.7,7.4,2,1.0,1,2,50.0,0,0,0,0,0,0,0,0,0,0,0,0,1,1,50.0,50.0,16.4,66.7,1.2,0.0,0.0,0.0,0.0,0.0,0.0,0.0,33.3,0.0,-6.25,-4.75,-1.5,1,1,100,1,0,0,0,0,0,0,1,0,0,0,0,0,0,0,0,0,0,0,0,0,0,0
Teesside Lions Senior Men,42,A. Harris-Gilbert,,12,2.8,34.1,2,0.2,1,6,16.7,0,2,0.0,0,2,0.0,3,3,6,3,0,0,2,1,16.7,14.5,11.3,22.5,0.2,0.2,7.5,7.6,7.5,14.2,0.0,0.0,22.5,0.33,-6.26,-4.09,-2.17,3,1,33.3,1,0,0,2,0,0,0,2,0,0,0,0,0,0,0,0,0,0,0,0,0,0,0
Greenwich Titans Senior Men,7,G. Vasiliausuas,,1,11.5,11.5,2,2.0,1,4,25.0,0,1,0.0,0,0,0,0,0,0,3,0,0,2,1,25.0,25.0,20.7,33.3,2.2,1.1,0.0,0.0,0.0,40.8,0.0,0.0,33.3,0.0,-6.32,-5.05,-1.27,2,1,50,1,0,0,1,0,0,1,1,0,0,0,0,0,0,0,0,0,0,0,0,0,0,0
London Elite Senior Men I,18,N. Binun,,1,6.0,6.0,0,0.0,0,0,0,0,0,0,0,0,0,0,0,0,2,0,0,2,0,0,0,14.7,0.0,0.0,0.0,0.0,0.0,0.0,63.1,0.0,0.0,100.0,0,-6.35,-4.97,-1.38,0,0,0,0,0,0,0,0,0,2,0,0,0,0,0,0,0,0,0,0,0,0,0,0,0,0
Oxford Hoops Senior Men,3,M. Robinson,,15,4.5,68.0,13,0.9,5,17,29.4,0,4,0.0,3,4,75.0,4,8,12,1,0,0,9,18,29.4,34.6,17.0,46.8,1.1,0.3,4.9,9.8,7.4,2.5,0.0,0.0,32.4,0.24,-6.36,-3.45,-2.91,10,4,40,3,1,33.3,4,0,0,3,5,0,1,0,0,0,0,0,0,0,0,0,0,0,0,0
Greenwich Titans Senior Men,47,T. Fowler,,2,0.6,1.1,0,0.0,0,0,0,0,0,0,0,0,0,0,0,0,0,0,0,1,1,0,0,30.2,0.0,0.0,0.0,0.0,0.0,0.0,0.0,0.0,0.0,100.0,0,-6.44,-4.95,-1.5,0,0,0,0,0,0,0,0,0,1,0,0,0,0,0,0,0,0,0,0,0,0,0,0,0,0
Oxford Hoops Senior Men,19,J. Sapigao,,8,8.9,71.5,11,1.4,4,27,14.8,3,21,14.3,0,2,0.0,7,4,11,3,3,0,6,15,20.4,19.7,19.3,32.5,1.7,3.3,8.1,4.9,6.6,6.2,2.1,0.0,17.7,0.07,-6.58,-3.6,-2.98,2,1,50,4,0,0,21,3,14.3,6,0,0,0,0,0,0,0,0,0,0,0,0,0,0,0,0
Greenwich Titans Senior Men,12,R. Allicock,,3,3.9,11.6,2,0.7,1,6,16.7,0,0,0,0,4,0.0,2,3,5,0,1,0,2,0,16.7,12.9,30.8,20.5,0.7,0.0,12.2,19.2,15.6,0.0,3.9,0.0,20.5,0.67,-6.62,-4.96,-1.66,5,1,20,1,0,0,0,0,0,1,1,0,0,0,0,0,0,0,0,0,0,0,0,0,0,0
London Elite Senior Men I,6,E. Thomas,,1,22.7,22.7,6,6.0,2,6,33.3,2,4,50.0,0,0,0,1,3,4,0,0,1,4,3,50.0,50.0,19.5,60.0,7.6,5.0,4.8,11.5,8.5,0.0,0.0,3.6,40.0,0.0,-6.76,-5.3,-1.46,2,0,0,0,0,0,4,2,50,1,2,0,1,0,0,0,0,0,0,0,0,0,0,0,0,0
Greenwich Titans Senior Men,7,G. Vasiliauskas,,9,10.6,95.0,10,1.1,4,24,16.7,2,17,11.8,0,2,0.0,7,10,17,4,2,0,11,6,20.8,20.1,15.2,27.9,1.3,2.3,5.4,9.5,7.2,6.8,1.0,0.0,30.7,0.08,-6.85,-5.18,-1.67,4,2,50,3,0,0,17,2,11.8,4,6,0,1,0,0,0,0,0,0,0,0,0,0,0,0,0
Greenwich Titans Senior Men,8,B. Deogun,,1,6.8,6.8,0,0.0,0,0,0,0,0,0,0,0,0,1,1,2,0,0,1,2,2,0,0,11.2,0.0,0.0,0.0,11.6,10.0,10.7,0.0,0.0,11.2,100.0,0,-6.97,-5.91,-1.07,0,0,0,0,0,0,0,0,0,0,1,0,1,0,0,0,0,0,0,0,0,0,0,0,0,0
Richmond Knights Senior Men,14,I. Hypolite-Cealy,,1,29.3,29.3,4,4.0,2,13,15.4,0,3,0.0,0,0,0,2,4,6,3,1,0,3,3,15.4,15.4,22.4,25.0,4.8,3.6,5.6,10.9,8.3,17.6,1.7,0.0,18.8,0.0,-7.09,-7.26,0.17,8,2,25,2,0,0,3,0,0,0,2,0,1,0,0,0,0,0,0,0,0,0,0,0,0,0
Greenwich Titans Senior Men,6,T. Barnes,,2,8.0,16.1,2,1.0,1,8,12.5,0,4,0.0,0,0,0,0,1,1,1,0,0,0,1,12.5,12.5,19.2,25.0,1.2,2.4,0.0,5.2,2.4,9.6,0.0,0.0,0.0,0.0,-7.17,-5.23,-1.94,4,1,25,0,0,0,4,0,0,0,0,0,0,0,0,0,0,0,0,0,0,0,0,0,0,0
Teesside Lions Senior Men,5,S. Mamuini,,4,9.3,37.2,7,1.8,2,11,18.2,2,8,25.0,1,2,50.0,1,2,3,3,2,1,9,6,27.3,29.5,24.7,33.5,2.2,2.5,2.4,4.4,3.4,13.4,2.7,2.3,43.1,0.18,-7.69,-5.78,-1.91,2,0,0,1,0,0,8,2,25,2,7,0,0,0,0,0,0,0,0,0,0,0,0,0,0,0
Cardiff Met Archers Senior Men I,6,R. Edirimuni,,1,7.2,7.2,0,0.0,0,4,0.0,0,4,0.0,0,0,0,0,0,0,0,1,0,1,0,0.0,0.0,30.4,0.0,0.0,4.8,0.0,0.0,0.0,0.0,6.5,0.0,20.0,0.0,-7.78,-5.83,-1.95,0,0,0,0,0,0,4,0,0,0,1,0,0,0,0,0,0,0,0,0,0,0,0,0,0,0
Richmond Knights Senior Men,3,J. Murray White,,1,29.7,29.7,3,3.0,1,7,14.3,0,3,0.0,1,1,100.0,0,2,2,1,1,0,4,3,14.3,20.2,15.9,26.2,3.9,3.9,0.0,6.3,2.9,6.5,1.9,0.0,35.0,0.14,-9.09,-9.4,0.32,0,0,0,4,1,25,3,0,0,3,0,0,1,0,0,0,0,0,0,0,0,0,0,0,0,0
Cardiff Met Archers Senior Men I,22,D. Kookoogravas,,1,10.8,10.8,0,0.0,0,2,0.0,0,1,0.0,0,0,0,0,1,1,1,0,0,2,3,0.0,0.0,15.4,0.0,0.0,1.2,0.0,8.4,3.7,23.1,0.0,0.0,50.0,0.0,-9.19,-7.25,-1.95,0,0,0,1,0,0,1,0,0,1,1,0,0,0,0,0,0,0,0,0,0,0,0,0,0,0
CoLA Southwark Pride Senior Men,9,J. Azeez,,1,14.2,14.2,0,0.0,0,4,0.0,0,1,0.0,0,0,0,0,0,0,0,1,0,4,1,0.0,0.0,23.0,0.0,0.0,1.3,0.0,0.0,0.0,0.0,3.6,0.0,50.0,0.0,-9.31,-8.6,-0.71,2,0,0,1,0,0,1,0,0,1,2,0,1,0,0,0,0,0,0,0,0,0,0,0,0,0
